{"type": "FeatureCollection", "features": [{"type": "Feature", "geometry": {"type": "Point", "coordinates": [10.59587, 35.90445]}, "properties": {"record_id": "oai:u-bordeaux-montaigne.fr:340487", "symbol_class": "building", "pixel_x": 3109.7, "pixel_y": 1181.2, "easting": 562744.0, "northing": 289458.0, "epsg_source": 22391}}, {"type": "Feature", "geometry": {"type": "Point", "coordinates": [10.5911, 35.90299]}, "properties": {"record_id": "oai:u-bordeaux-montaigne.fr:340487", "symbol_class": "building", "pixel_x": 3011.4, "pixel_y": 1224.6, "easting": 562314.6, "northing": 289293.3, "epsg_source": 22391}}, {"type": "Feature", "geometry": {"type": "Point", "coordinates": [10.56244, 35.905]}, "properties": {"record_id": "oai:u-bordeaux-montaigne.fr:340487", "symbol_class": "building", "pixel_x": 2399.4, "pixel_y": 1226.3, "easting": 559727.1, "northing": 289498.3, "epsg_source": 22391}}, {"type": "Feature", "geometry": {"type": "Point", "coordinates": [10.56278, 35.90475]}, "properties": {"record_id": "oai:u-bordeaux-montaigne.fr:340487", "symbol_class": "building", "pixel_x": 2407.1, "pixel_y": 1231.6, "easting": 559757.8, "northing": 289471.3, "epsg_source": 22391}}, {"type": "Feature", "geometry": {"type": "Point", "coordinates": [10.5671, 35.90419]}, "properties": {"record_id": "oai:u-bordeaux-montaigne.fr:340487", "symbol_class": "building", "pixel_x": 2499.9, "pixel_y": 1237.6, "easting": 560148.1, "northing": 289411.6, "epsg_source": 22391}}, {"type": "Feature", "geometry": {"type": "Point", "coordinates": [10.6006, 35.90139]}, "properties": {"record_id": "oai:u-bordeaux-montaigne.fr:340487", "symbol_class": "building", "pixel_x": 3216.2, "pixel_y": 1246.4, "easting": 563173.4, "northing": 289122.3, "epsg_source": 22391}}, {"type": "Feature", "geometry": {"type": "Point", "coordinates": [10.60282, 35.90111]}, "properties": {"record_id": "oai:u-bordeaux-montaigne.fr:340487", "symbol_class": "building", "pixel_x": 3263.9, "pixel_y": 1249.2, "easting": 563373.9, "northing": 289092.9, "epsg_source": 22391}}, {"type": "Feature", "geometry": {"type": "Point", "coordinates": [10.60204, 35.90025]}, "properties": {"record_id": "oai:u-bordeaux-montaigne.fr:340487", "symbol_class": "building", "pixel_x": 3249.1, "pixel_y": 1271.4, "easting": 563304.2, "northing": 288996.2, "epsg_source": 22391}}, {"type": "Feature", "geometry": {"type": "Point", "coordinates": [10.59425, 35.89716]}, "properties": {"record_id": "oai:u-bordeaux-montaigne.fr:340487", "symbol_class": "building", "pixel_x": 3089.9, "pixel_y": 1359.3, "easting": 562603.5, "northing": 288648.8, "epsg_source": 22391}}, {"type": "Feature", "geometry": {"type": "Point", "coordinates": [10.5966, 35.89503]}, "properties": {"record_id": "oai:u-bordeaux-montaigne.fr:340487", "symbol_class": "building", "pixel_x": 3144.2, "pixel_y": 1406.4, "easting": 562817.8, "northing": 288414.3, "epsg_source": 22391}}, {"type": "Feature", "geometry": {"type": "Point", "coordinates": [10.59734, 35.89484]}, "properties": {"record_id": "oai:u-bordeaux-montaigne.fr:340487", "symbol_class": "building", "pixel_x": 3160.1, "pixel_y": 1409.7, "easting": 562884.1, "northing": 288393.4, "epsg_source": 22391}}, {"type": "Feature", "geometry": {"type": "Point", "coordinates": [10.60286, 35.89213]}, "properties": {"record_id": "oai:u-bordeaux-montaigne.fr:340487", "symbol_class": "building", "pixel_x": 3282.7, "pixel_y": 1465.3, "easting": 563384.7, "northing": 288096.1, "epsg_source": 22391}}, {"type": "Feature", "geometry": {"type": "Point", "coordinates": [10.59284, 35.89252]}, "properties": {"record_id": "oai:u-bordeaux-montaigne.fr:340487", "symbol_class": "building", "pixel_x": 3069.2, "pixel_y": 1473.3, "easting": 562479.7, "northing": 288133.7, "epsg_source": 22391}}, {"type": "Feature", "geometry": {"type": "Point", "coordinates": [10.59435, 35.89135]}, "properties": {"record_id": "oai:u-bordeaux-montaigne.fr:340487", "symbol_class": "building", "pixel_x": 3103.8, "pixel_y": 1498.9, "easting": 562617.6, "northing": 288004.4, "epsg_source": 22391}}, {"type": "Feature", "geometry": {"type": "Point", "coordinates": [10.57962, 35.89088]}, "properties": {"record_id": "oai:u-bordeaux-montaigne.fr:340487", "symbol_class": "building", "pixel_x": 2792.1, "pixel_y": 1535.9, "easting": 561288.0, "northing": 287943.3, "epsg_source": 22391}}, {"type": "Feature", "geometry": {"type": "Point", "coordinates": [10.57933, 35.89074]}, "properties": {"record_id": "oai:u-bordeaux-montaigne.fr:340487", "symbol_class": "building", "pixel_x": 2786.3, "pixel_y": 1539.7, "easting": 561262.3, "northing": 287927.5, "epsg_source": 22391}}, {"type": "Feature", "geometry": {"type": "Point", "coordinates": [10.59408, 35.88376]}, "properties": {"record_id": "oai:u-bordeaux-montaigne.fr:340487", "symbol_class": "building", "pixel_x": 3113.1, "pixel_y": 1682.0, "easting": 562598.5, "northing": 287162.3, "epsg_source": 22391}}, {"type": "Feature", "geometry": {"type": "Point", "coordinates": [10.59374, 35.88343]}, "properties": {"record_id": "oai:u-bordeaux-montaigne.fr:340487", "symbol_class": "building", "pixel_x": 3106.5, "pixel_y": 1690.4, "easting": 562568.2, "northing": 287125.8, "epsg_source": 22391}}, {"type": "Feature", "geometry": {"type": "Point", "coordinates": [10.55114, 35.88621]}, "properties": {"record_id": "oai:u-bordeaux-montaigne.fr:340487", "symbol_class": "building", "pixel_x": 2197.0, "pixel_y": 1697.9, "easting": 558720.9, "northing": 287407.7, "epsg_source": 22391}}, {"type": "Feature", "geometry": {"type": "Point", "coordinates": [10.58404, 35.88329]}, "properties": {"record_id": "oai:u-bordeaux-montaigne.fr:340487", "symbol_class": "building", "pixel_x": 2901.2, "pixel_y": 1710.8, "easting": 561693.5, "northing": 287103.6, "epsg_source": 22391}}, {"type": "Feature", "geometry": {"type": "Point", "coordinates": [10.58426, 35.88297]}, "properties": {"record_id": "oai:u-bordeaux-montaigne.fr:340487", "symbol_class": "building", "pixel_x": 2906.4, "pixel_y": 1718.1, "easting": 561713.3, "northing": 287068.6, "epsg_source": 22391}}, {"type": "Feature", "geometry": {"type": "Point", "coordinates": [10.55174, 35.88367]}, "properties": {"record_id": "oai:u-bordeaux-montaigne.fr:340487", "symbol_class": "building", "pixel_x": 2214.9, "pixel_y": 1758.1, "easting": 558777.4, "northing": 287125.7, "epsg_source": 22391}}, {"type": "Feature", "geometry": {"type": "Point", "coordinates": [10.53659, 35.8841]}, "properties": {"record_id": "oai:u-bordeaux-montaigne.fr:340487", "symbol_class": "building", "pixel_x": 1892.5, "pixel_y": 1774.0, "easting": 557409.5, "northing": 287164.6, "epsg_source": 22391}}, {"type": "Feature", "geometry": {"type": "Point", "coordinates": [10.56493, 35.88161]}, "properties": {"record_id": "oai:u-bordeaux-montaigne.fr:340487", "symbol_class": "building", "pixel_x": 2498.8, "pixel_y": 1784.5, "easting": 559969.2, "northing": 286906.0, "epsg_source": 22391}}, {"type": "Feature", "geometry": {"type": "Point", "coordinates": [10.56614, 35.88146]}, "properties": {"record_id": "oai:u-bordeaux-montaigne.fr:340487", "symbol_class": "building", "pixel_x": 2524.9, "pixel_y": 1786.1, "easting": 560078.9, "northing": 286889.4, "epsg_source": 22391}}, {"type": "Feature", "geometry": {"type": "Point", "coordinates": [10.53954, 35.88297]}, "properties": {"record_id": "oai:u-bordeaux-montaigne.fr:340487", "symbol_class": "building", "pixel_x": 1957.3, "pixel_y": 1796.0, "easting": 557676.6, "northing": 287041.4, "epsg_source": 22391}}, {"type": "Feature", "geometry": {"type": "Point", "coordinates": [10.56466, 35.88124]}, "properties": {"record_id": "oai:u-bordeaux-montaigne.fr:340487", "symbol_class": "building", "pixel_x": 2494.0, "pixel_y": 1793.8, "easting": 559945.7, "northing": 286864.8, "epsg_source": 22391}}, {"type": "Feature", "geometry": {"type": "Point", "coordinates": [10.56585, 35.88106]}, "properties": {"record_id": "oai:u-bordeaux-montaigne.fr:340487", "symbol_class": "building", "pixel_x": 2519.5, "pixel_y": 1796.2, "easting": 560052.8, "northing": 286844.9, "epsg_source": 22391}}, {"type": "Feature", "geometry": {"type": "Point", "coordinates": [10.58806, 35.87944]}, "properties": {"record_id": "oai:u-bordeaux-montaigne.fr:340487", "symbol_class": "building", "pixel_x": 2994.0, "pixel_y": 1796.5, "easting": 562058.6, "northing": 286678.9, "epsg_source": 22391}}, {"type": "Feature", "geometry": {"type": "Point", "coordinates": [10.56531, 35.88109]}, "properties": {"record_id": "oai:u-bordeaux-montaigne.fr:340487", "symbol_class": "building", "pixel_x": 2507.9, "pixel_y": 1796.5, "easting": 560003.7, "northing": 286847.7, "epsg_source": 22391}}, {"type": "Feature", "geometry": {"type": "Point", "coordinates": [10.56532, 35.8806]}, "properties": {"record_id": "oai:u-bordeaux-montaigne.fr:340487", "symbol_class": "building", "pixel_x": 2509.2, "pixel_y": 1808.0, "easting": 560005.6, "northing": 286794.3, "epsg_source": 22391}}, {"type": "Feature", "geometry": {"type": "Point", "coordinates": [10.53953, 35.88242]}, "properties": {"record_id": "oai:u-bordeaux-montaigne.fr:340487", "symbol_class": "building", "pixel_x": 1958.2, "pixel_y": 1809.4, "easting": 557675.9, "northing": 286979.7, "epsg_source": 22391}}, {"type": "Feature", "geometry": {"type": "Point", "coordinates": [10.53998, 35.88224]}, "properties": {"record_id": "oai:u-bordeaux-montaigne.fr:340487", "symbol_class": "building", "pixel_x": 1968.2, "pixel_y": 1812.9, "easting": 557717.2, "northing": 286960.1, "epsg_source": 22391}}, {"type": "Feature", "geometry": {"type": "Point", "coordinates": [10.53796, 35.88237]}, "properties": {"record_id": "oai:u-bordeaux-montaigne.fr:340487", "symbol_class": "building", "pixel_x": 1925.1, "pixel_y": 1813.1, "easting": 557534.8, "northing": 286974.2, "epsg_source": 22391}}, {"type": "Feature", "geometry": {"type": "Point", "coordinates": [10.56701, 35.88026]}, "properties": {"record_id": "oai:u-bordeaux-montaigne.fr:340487", "symbol_class": "building", "pixel_x": 2545.6, "pixel_y": 1813.3, "easting": 560157.9, "northing": 286757.5, "epsg_source": 22391}}, {"type": "Feature", "geometry": {"type": "Point", "coordinates": [10.60883, 35.87717]}, "properties": {"record_id": "oai:u-bordeaux-montaigne.fr:340487", "symbol_class": "building", "pixel_x": 3439.4, "pixel_y": 1814.5, "easting": 563935.8, "northing": 286441.3, "epsg_source": 22391}}, {"type": "Feature", "geometry": {"type": "Point", "coordinates": [10.59709, 35.87795]}, "properties": {"record_id": "oai:u-bordeaux-montaigne.fr:340487", "symbol_class": "building", "pixel_x": 3188.7, "pixel_y": 1816.5, "easting": 562875.3, "northing": 286519.7, "epsg_source": 22391}}, {"type": "Feature", "geometry": {"type": "Point", "coordinates": [10.57276, 35.87963]}, "properties": {"record_id": "oai:u-bordeaux-montaigne.fr:340487", "symbol_class": "building", "pixel_x": 2669.0, "pixel_y": 1818.6, "easting": 560677.5, "northing": 286690.4, "epsg_source": 22391}}, {"type": "Feature", "geometry": {"type": "Point", "coordinates": [10.5688, 35.87946]}, "properties": {"record_id": "oai:u-bordeaux-montaigne.fr:340487", "symbol_class": "building", "pixel_x": 2585.3, "pixel_y": 1829.6, "easting": 560320.5, "northing": 286669.1, "epsg_source": 22391}}, {"type": "Feature", "geometry": {"type": "Point", "coordinates": [10.57313, 35.87948]}, "properties": {"record_id": "oai:u-bordeaux-montaigne.fr:340487", "symbol_class": "building", "pixel_x": 2677.1, "pixel_y": 1821.6, "easting": 560711.1, "northing": 286674.0, "epsg_source": 22391}}, {"type": "Feature", "geometry": {"type": "Point", "coordinates": [10.56938, 35.87949]}, "properties": {"record_id": "oai:u-bordeaux-montaigne.fr:340487", "symbol_class": "building", "pixel_x": 2597.5, "pixel_y": 1827.7, "easting": 560372.6, "northing": 286673.5, "epsg_source": 22391}}, {"type": "Feature", "geometry": {"type": "Point", "coordinates": [10.56747, 35.87957]}, "properties": {"record_id": "oai:u-bordeaux-montaigne.fr:340487", "symbol_class": "building", "pixel_x": 2556.9, "pixel_y": 1829.1, "easting": 560200.4, "northing": 286681.1, "epsg_source": 22391}}, {"type": "Feature", "geometry": {"type": "Point", "coordinates": [10.57436, 35.87884]}, "properties": {"record_id": "oai:u-bordeaux-montaigne.fr:340487", "symbol_class": "building", "pixel_x": 2704.4, "pixel_y": 1834.8, "easting": 560822.4, "northing": 286603.9, "epsg_source": 22391}}, {"type": "Feature", "geometry": {"type": "Point", "coordinates": [10.59606, 35.8771]}, "properties": {"record_id": "oai:u-bordeaux-montaigne.fr:340487", "symbol_class": "building", "pixel_x": 3168.6, "pixel_y": 1838.7, "easting": 562783.0, "northing": 286424.9, "epsg_source": 22391}}, {"type": "Feature", "geometry": {"type": "Point", "coordinates": [10.57258, 35.87857]}, "properties": {"record_id": "oai:u-bordeaux-montaigne.fr:340487", "symbol_class": "building", "pixel_x": 2667.2, "pixel_y": 1844.3, "easting": 560661.9, "northing": 286573.3, "epsg_source": 22391}}, {"type": "Feature", "geometry": {"type": "Point", "coordinates": [10.60899, 35.87592]}, "properties": {"record_id": "oai:u-bordeaux-montaigne.fr:340487", "symbol_class": "building", "pixel_x": 3445.3, "pixel_y": 1844.4, "easting": 563951.1, "northing": 286302.6, "epsg_source": 22391}}, {"type": "Feature", "geometry": {"type": "Point", "coordinates": [10.57433, 35.87834]}, "properties": {"record_id": "oai:u-bordeaux-montaigne.fr:340487", "symbol_class": "building", "pixel_x": 2705.0, "pixel_y": 1846.7, "easting": 560820.7, "northing": 286549.3, "epsg_source": 22391}}, {"type": "Feature", "geometry": {"type": "Point", "coordinates": [10.57488, 35.87826]}, "properties": {"record_id": "oai:u-bordeaux-montaigne.fr:340487", "symbol_class": "building", "pixel_x": 2716.7, "pixel_y": 1847.7, "easting": 560870.1, "northing": 286540.5, "epsg_source": 22391}}, {"type": "Feature", "geometry": {"type": "Point", "coordinates": [10.58078, 35.8776]}, "properties": {"record_id": "oai:u-bordeaux-montaigne.fr:340487", "symbol_class": "building", "pixel_x": 2843.3, "pixel_y": 1853.3, "easting": 561403.5, "northing": 286470.7, "epsg_source": 22391}}, {"type": "Feature", "geometry": {"type": "Point", "coordinates": [10.59532, 35.87624]}, "properties": {"record_id": "oai:u-bordeaux-montaigne.fr:340487", "symbol_class": "building", "pixel_x": 3154.5, "pixel_y": 1860.6, "easting": 562716.6, "northing": 286329.3, "epsg_source": 22391}}, {"type": "Feature", "geometry": {"type": "Point", "coordinates": [10.60907, 35.87523]}, "properties": {"record_id": "oai:u-bordeaux-montaigne.fr:340487", "symbol_class": "building", "pixel_x": 3448.5, "pixel_y": 1860.9, "easting": 563959.1, "northing": 286225.6, "epsg_source": 22391}}, {"type": "Feature", "geometry": {"type": "Point", "coordinates": [10.60994, 35.87469]}, "properties": {"record_id": "oai:u-bordeaux-montaigne.fr:340487", "symbol_class": "building", "pixel_x": 3467.9, "pixel_y": 1872.3, "easting": 564037.4, "northing": 286166.7, "epsg_source": 22391}}, {"type": "Feature", "geometry": {"type": "Point", "coordinates": [10.61058, 35.87422]}, "properties": {"record_id": "oai:u-bordeaux-montaigne.fr:340487", "symbol_class": "building", "pixel_x": 3482.5, "pixel_y": 1882.4, "easting": 564096.3, "northing": 286115.2, "epsg_source": 22391}}, {"type": "Feature", "geometry": {"type": "Point", "coordinates": [10.59456, 35.87531]}, "properties": {"record_id": "oai:u-bordeaux-montaigne.fr:340487", "symbol_class": "building", "pixel_x": 3140.3, "pixel_y": 1884.4, "easting": 562649.0, "northing": 286225.1, "epsg_source": 22391}}, {"type": "Feature", "geometry": {"type": "Point", "coordinates": [10.61105, 35.87399]}, "properties": {"record_id": "oai:u-bordeaux-montaigne.fr:340487", "symbol_class": "building", "pixel_x": 3493.0, "pixel_y": 1887.1, "easting": 564138.9, "northing": 286090.2, "epsg_source": 22391}}, {"type": "Feature", "geometry": {"type": "Point", "coordinates": [10.582, 35.87602]}, "properties": {"record_id": "oai:u-bordeaux-montaigne.fr:340487", "symbol_class": "building", "pixel_x": 2872.4, "pixel_y": 1889.2, "easting": 561514.9, "northing": 286296.3, "epsg_source": 22391}}, {"type": "Feature", "geometry": {"type": "Point", "coordinates": [10.61058, 35.87381]}, "properties": {"record_id": "oai:u-bordeaux-montaigne.fr:340487", "symbol_class": "building", "pixel_x": 3483.3, "pixel_y": 1892.2, "easting": 564096.6, "northing": 286070.1, "epsg_source": 22391}}, {"type": "Feature", "geometry": {"type": "Point", "coordinates": [10.59525, 35.87492]}, "properties": {"record_id": "oai:u-bordeaux-montaigne.fr:340487", "symbol_class": "building", "pixel_x": 3155.7, "pixel_y": 1892.4, "easting": 562711.6, "northing": 286183.3, "epsg_source": 22391}}, {"type": "Feature", "geometry": {"type": "Point", "coordinates": [10.53434, 35.87905]}, "properties": {"record_id": "oai:u-bordeaux-montaigne.fr:340487", "symbol_class": "building", "pixel_x": 1854.9, "pixel_y": 1899.4, "easting": 557210.5, "northing": 286603.1, "epsg_source": 22391}}, {"type": "Feature", "geometry": {"type": "Point", "coordinates": [10.59482, 35.87461]}, "properties": {"record_id": "oai:u-bordeaux-montaigne.fr:340487", "symbol_class": "building", "pixel_x": 3147.2, "pixel_y": 1900.6, "easting": 562672.8, "northing": 286148.3, "epsg_source": 22391}}, {"type": "Feature", "geometry": {"type": "Point", "coordinates": [10.61105, 35.87354]}, "properties": {"record_id": "oai:u-bordeaux-montaigne.fr:340487", "symbol_class": "building", "pixel_x": 3493.7, "pixel_y": 1897.9, "easting": 564138.7, "northing": 286040.3, "epsg_source": 22391}}, {"type": "Feature", "geometry": {"type": "Point", "coordinates": [10.61157, 35.87343]}, "properties": {"record_id": "oai:u-bordeaux-montaigne.fr:340487", "symbol_class": "building", "pixel_x": 3505.1, "pixel_y": 1899.7, "easting": 564186.4, "northing": 286028.4, "epsg_source": 22391}}, {"type": "Feature", "geometry": {"type": "Point", "coordinates": [10.53287, 35.8789]}, "properties": {"record_id": "oai:u-bordeaux-montaigne.fr:340487", "symbol_class": "building", "pixel_x": 1823.9, "pixel_y": 1905.5, "easting": 557077.8, "northing": 286586.1, "epsg_source": 22391}}, {"type": "Feature", "geometry": {"type": "Point", "coordinates": [10.54446, 35.87785]}, "properties": {"record_id": "oai:u-bordeaux-montaigne.fr:340487", "symbol_class": "building", "pixel_x": 2072.0, "pixel_y": 1910.6, "easting": 558124.7, "northing": 286476.4, "epsg_source": 22391}}, {"type": "Feature", "geometry": {"type": "Point", "coordinates": [10.55236, 35.87713]}, "properties": {"record_id": "oai:u-bordeaux-montaigne.fr:340487", "symbol_class": "building", "pixel_x": 2241.0, "pixel_y": 1914.2, "easting": 558838.0, "northing": 286401.1, "epsg_source": 22391}}, {"type": "Feature", "geometry": {"type": "Point", "coordinates": [10.58337, 35.87487]}, "properties": {"record_id": "oai:u-bordeaux-montaigne.fr:340487", "symbol_class": "building", "pixel_x": 2903.8, "pixel_y": 1914.5, "easting": 561639.4, "northing": 286169.2, "epsg_source": 22391}}, {"type": "Feature", "geometry": {"type": "Point", "coordinates": [10.59378, 35.87399]}, "properties": {"record_id": "oai:u-bordeaux-montaigne.fr:340487", "symbol_class": "building", "pixel_x": 3126.4, "pixel_y": 1917.5, "easting": 562579.8, "northing": 286078.5, "epsg_source": 22391}}, {"type": "Feature", "geometry": {"type": "Point", "coordinates": [10.58307, 35.87475]}, "properties": {"record_id": "oai:u-bordeaux-montaigne.fr:340487", "symbol_class": "building", "pixel_x": 2897.6, "pixel_y": 1917.9, "easting": 561612.2, "northing": 286155.8, "epsg_source": 22391}}, {"type": "Feature", "geometry": {"type": "Point", "coordinates": [10.53307, 35.87826]}, "properties": {"record_id": "oai:u-bordeaux-montaigne.fr:340487", "symbol_class": "building", "pixel_x": 1829.4, "pixel_y": 1920.6, "easting": 557095.9, "northing": 286514.7, "epsg_source": 22391}}, {"type": "Feature", "geometry": {"type": "Point", "coordinates": [10.54478, 35.8774]}, "properties": {"record_id": "oai:u-bordeaux-montaigne.fr:340487", "symbol_class": "building", "pixel_x": 2079.6, "pixel_y": 1920.9, "easting": 558153.4, "northing": 286426.4, "epsg_source": 22391}}, {"type": "Feature", "geometry": {"type": "Point", "coordinates": [10.5355, 35.87804]}, "properties": {"record_id": "oai:u-bordeaux-montaigne.fr:340487", "symbol_class": "building", "pixel_x": 1881.3, "pixel_y": 1921.7, "easting": 557315.2, "northing": 286491.6, "epsg_source": 22391}}, {"type": "Feature", "geometry": {"type": "Point", "coordinates": [10.5624, 35.87599]}, "properties": {"record_id": "oai:u-bordeaux-montaigne.fr:340487", "symbol_class": "building", "pixel_x": 2456.4, "pixel_y": 1924.2, "easting": 559745.5, "northing": 286280.6, "epsg_source": 22391}}, {"type": "Feature", "geometry": {"type": "Point", "coordinates": [10.53205, 35.87807]}, "properties": {"record_id": "oai:u-bordeaux-montaigne.fr:340487", "symbol_class": "building", "pixel_x": 1808.1, "pixel_y": 1926.8, "easting": 557004.2, "northing": 286493.6, "epsg_source": 22391}}, {"type": "Feature", "geometry": {"type": "Point", "coordinates": [10.54786, 35.87681]}, "properties": {"record_id": "oai:u-bordeaux-montaigne.fr:340487", "symbol_class": "building", "pixel_x": 2146.2, "pixel_y": 1929.6, "easting": 558432.4, "northing": 286363.4, "epsg_source": 22391}}, {"type": "Feature", "geometry": {"type": "Point", "coordinates": [10.58202, 35.87436]}, "properties": {"record_id": "oai:u-bordeaux-montaigne.fr:340487", "symbol_class": "building", "pixel_x": 2876.1, "pixel_y": 1929.1, "easting": 561517.8, "northing": 286112.2, "epsg_source": 22391}}, {"type": "Feature", "geometry": {"type": "Point", "coordinates": [10.53249, 35.87781]}, "properties": {"record_id": "oai:u-bordeaux-montaigne.fr:340487", "symbol_class": "building", "pixel_x": 1817.9, "pixel_y": 1932.3, "easting": 557043.8, "northing": 286465.2, "epsg_source": 22391}}, {"type": "Feature", "geometry": {"type": "Point", "coordinates": [10.53526, 35.87761]}, "properties": {"record_id": "oai:u-bordeaux-montaigne.fr:340487", "symbol_class": "building", "pixel_x": 1877.1, "pixel_y": 1932.4, "easting": 557293.9, "northing": 286444.0, "epsg_source": 22391}}, {"type": "Feature", "geometry": {"type": "Point", "coordinates": [10.53651, 35.87738]}, "properties": {"record_id": "oai:u-bordeaux-montaigne.fr:340487", "symbol_class": "building", "pixel_x": 1904.1, "pixel_y": 1935.7, "easting": 557407.1, "northing": 286419.7, "epsg_source": 22391}}, {"type": "Feature", "geometry": {"type": "Point", "coordinates": [10.53695, 35.87725]}, "properties": {"record_id": "oai:u-bordeaux-montaigne.fr:340487", "symbol_class": "building", "pixel_x": 1913.7, "pixel_y": 1938.2, "easting": 557446.7, "northing": 286405.1, "epsg_source": 22391}}, {"type": "Feature", "geometry": {"type": "Point", "coordinates": [10.61245, 35.87163]}, "properties": {"record_id": "oai:u-bordeaux-montaigne.fr:340487", "symbol_class": "building", "pixel_x": 3527.3, "pixel_y": 1941.5, "easting": 564266.6, "northing": 285829.2, "epsg_source": 22391}}, {"type": "Feature", "geometry": {"type": "Point", "coordinates": [10.53515, 35.87701]}, "properties": {"record_id": "oai:u-bordeaux-montaigne.fr:340487", "symbol_class": "building", "pixel_x": 1876.1, "pixel_y": 1947.1, "easting": 557285.0, "northing": 286377.0, "epsg_source": 22391}}, {"type": "Feature", "geometry": {"type": "Point", "coordinates": [10.61346, 35.87125]}, "properties": {"record_id": "oai:u-bordeaux-montaigne.fr:340487", "symbol_class": "building", "pixel_x": 3549.6, "pixel_y": 1948.9, "easting": 564358.4, "northing": 285787.4, "epsg_source": 22391}}, {"type": "Feature", "geometry": {"type": "Point", "coordinates": [10.53592, 35.87686]}, "properties": {"record_id": "oai:u-bordeaux-montaigne.fr:340487", "symbol_class": "building", "pixel_x": 1892.8, "pixel_y": 1949.2, "easting": 557354.7, "northing": 286361.5, "epsg_source": 22391}}, {"type": "Feature", "geometry": {"type": "Point", "coordinates": [10.53405, 35.87691]}, "properties": {"record_id": "oai:u-bordeaux-montaigne.fr:340487", "symbol_class": "building", "pixel_x": 1853.0, "pixel_y": 1951.4, "easting": 557185.9, "northing": 286365.7, "epsg_source": 22391}}, {"type": "Feature", "geometry": {"type": "Point", "coordinates": [10.53454, 35.87682]}, "properties": {"record_id": "oai:u-bordeaux-montaigne.fr:340487", "symbol_class": "building", "pixel_x": 1863.5, "pixel_y": 1952.7, "easting": 557229.9, "northing": 286355.7, "epsg_source": 22391}}, {"type": "Feature", "geometry": {"type": "Point", "coordinates": [10.57964, 35.87352]}, "properties": {"record_id": "oai:u-bordeaux-montaigne.fr:340487", "symbol_class": "building", "pixel_x": 2827.2, "pixel_y": 1953.5, "easting": 561303.5, "northing": 286017.5, "epsg_source": 22391}}, {"type": "Feature", "geometry": {"type": "Point", "coordinates": [10.61361, 35.87087]}, "properties": {"record_id": "oai:u-bordeaux-montaigne.fr:340487", "symbol_class": "building", "pixel_x": 3553.5, "pixel_y": 1957.6, "easting": 564372.1, "northing": 285745.9, "epsg_source": 22391}}, {"type": "Feature", "geometry": {"type": "Point", "coordinates": [10.59164, 35.87251]}, "properties": {"record_id": "oai:u-bordeaux-montaigne.fr:340487", "symbol_class": "building", "pixel_x": 3083.9, "pixel_y": 1956.8, "easting": 562387.6, "northing": 285912.8, "epsg_source": 22391}}, {"type": "Feature", "geometry": {"type": "Point", "coordinates": [10.54344, 35.87575]}, "properties": {"record_id": "oai:u-bordeaux-montaigne.fr:340487", "symbol_class": "building", "pixel_x": 2054.5, "pixel_y": 1962.8, "easting": 558034.0, "northing": 286243.0, "epsg_source": 22391}}, {"type": "Feature", "geometry": {"type": "Point", "coordinates": [10.55363, 35.87492]}, "properties": {"record_id": "oai:u-bordeaux-montaigne.fr:340487", "symbol_class": "building", "pixel_x": 2272.5, "pixel_y": 1965.1, "easting": 558954.7, "northing": 286156.9, "epsg_source": 22391}}, {"type": "Feature", "geometry": {"type": "Point", "coordinates": [10.61391, 35.87053]}, "properties": {"record_id": "oai:u-bordeaux-montaigne.fr:340487", "symbol_class": "building", "pixel_x": 3560.5, "pixel_y": 1965.3, "easting": 564399.3, "northing": 285708.2, "epsg_source": 22391}}, {"type": "Feature", "geometry": {"type": "Point", "coordinates": [10.53424, 35.87629]}, "properties": {"record_id": "oai:u-bordeaux-montaigne.fr:340487", "symbol_class": "building", "pixel_x": 1858.2, "pixel_y": 1965.8, "easting": 557203.4, "northing": 286297.5, "epsg_source": 22391}}, {"type": "Feature", "geometry": {"type": "Point", "coordinates": [10.53469, 35.87616]}, "properties": {"record_id": "oai:u-bordeaux-montaigne.fr:340487", "symbol_class": "building", "pixel_x": 1868.0, "pixel_y": 1968.2, "easting": 557244.0, "northing": 286283.1, "epsg_source": 22391}}, {"type": "Feature", "geometry": {"type": "Point", "coordinates": [10.59276, 35.87181]}, "properties": {"record_id": "oai:u-bordeaux-montaigne.fr:340487", "symbol_class": "building", "pixel_x": 3109.1, "pixel_y": 1971.6, "easting": 562489.1, "northing": 285836.4, "epsg_source": 22391}}, {"type": "Feature", "geometry": {"type": "Point", "coordinates": [10.57657, 35.87305]}, "properties": {"record_id": "oai:u-bordeaux-montaigne.fr:340487", "symbol_class": "building", "pixel_x": 2763.0, "pixel_y": 1970.2, "easting": 561026.7, "northing": 285963.3, "epsg_source": 22391}}, {"type": "Feature", "geometry": {"type": "Point", "coordinates": [10.53421, 35.87586]}, "properties": {"record_id": "oai:u-bordeaux-montaigne.fr:340487", "symbol_class": "building", "pixel_x": 1858.3, "pixel_y": 1976.4, "easting": 557200.4, "northing": 286249.1, "epsg_source": 22391}}, {"type": "Feature", "geometry": {"type": "Point", "coordinates": [10.57646, 35.87285]}, "properties": {"record_id": "oai:u-bordeaux-montaigne.fr:340487", "symbol_class": "building", "pixel_x": 2761.2, "pixel_y": 1975.2, "easting": 561017.3, "northing": 285941.0, "epsg_source": 22391}}, {"type": "Feature", "geometry": {"type": "Point", "coordinates": [10.6138, 35.86994]}, "properties": {"record_id": "oai:u-bordeaux-montaigne.fr:340487", "symbol_class": "building", "pixel_x": 3559.4, "pixel_y": 1979.9, "easting": 564390.3, "northing": 285641.9, "epsg_source": 22391}}, {"type": "Feature", "geometry": {"type": "Point", "coordinates": [10.61569, 35.86975]}, "properties": {"record_id": "oai:u-bordeaux-montaigne.fr:340487", "symbol_class": "building", "pixel_x": 3599.8, "pixel_y": 1981.0, "easting": 564560.5, "northing": 285623.0, "epsg_source": 22391}}, {"type": "Feature", "geometry": {"type": "Point", "coordinates": [10.54132, 35.87514]}, "properties": {"record_id": "oai:u-bordeaux-montaigne.fr:340487", "symbol_class": "building", "pixel_x": 2010.7, "pixel_y": 1981.2, "easting": 557843.0, "northing": 286174.2, "epsg_source": 22391}}, {"type": "Feature", "geometry": {"type": "Point", "coordinates": [10.56583, 35.87327]}, "properties": {"record_id": "oai:u-bordeaux-montaigne.fr:340487", "symbol_class": "building", "pixel_x": 2534.6, "pixel_y": 1983.5, "easting": 560057.2, "northing": 285981.7, "epsg_source": 22391}}, {"type": "Feature", "geometry": {"type": "Point", "coordinates": [10.53383, 35.87564]}, "properties": {"record_id": "oai:u-bordeaux-montaigne.fr:340487", "symbol_class": "building", "pixel_x": 1850.7, "pixel_y": 1982.2, "easting": 557166.4, "northing": 286225.1, "epsg_source": 22391}}, {"type": "Feature", "geometry": {"type": "Point", "coordinates": [10.53314, 35.8756]}, "properties": {"record_id": "oai:u-bordeaux-montaigne.fr:340487", "symbol_class": "building", "pixel_x": 1836.1, "pixel_y": 1984.3, "easting": 557103.9, "northing": 286220.4, "epsg_source": 22391}}, {"type": "Feature", "geometry": {"type": "Point", "coordinates": [10.57461, 35.87268]}, "properties": {"record_id": "oai:u-bordeaux-montaigne.fr:340487", "symbol_class": "building", "pixel_x": 2722.2, "pixel_y": 1982.5, "easting": 560850.4, "northing": 285920.7, "epsg_source": 22391}}, {"type": "Feature", "geometry": {"type": "Point", "coordinates": [10.53755, 35.87511]}, "properties": {"record_id": "oai:u-bordeaux-montaigne.fr:340487", "symbol_class": "building", "pixel_x": 1930.8, "pixel_y": 1988.5, "easting": 557502.9, "northing": 286168.3, "epsg_source": 22391}}, {"type": "Feature", "geometry": {"type": "Point", "coordinates": [10.53436, 35.87534]}, "properties": {"record_id": "oai:u-bordeaux-montaigne.fr:340487", "symbol_class": "building", "pixel_x": 1862.5, "pixel_y": 1988.5, "easting": 557214.3, "northing": 286192.1, "epsg_source": 22391}}, {"type": "Feature", "geometry": {"type": "Point", "coordinates": [10.53234, 35.87525]}, "properties": {"record_id": "oai:u-bordeaux-montaigne.fr:340487", "symbol_class": "building", "pixel_x": 1820.0, "pixel_y": 1994.3, "easting": 557032.7, "northing": 286180.6, "epsg_source": 22391}}, {"type": "Feature", "geometry": {"type": "Point", "coordinates": [10.56189, 35.87301]}, "properties": {"record_id": "oai:u-bordeaux-montaigne.fr:340487", "symbol_class": "building", "pixel_x": 2451.4, "pixel_y": 1996.6, "easting": 559701.2, "northing": 285950.3, "epsg_source": 22391}}, {"type": "Feature", "geometry": {"type": "Point", "coordinates": [10.61436, 35.86919]}, "properties": {"record_id": "oai:u-bordeaux-montaigne.fr:340487", "symbol_class": "building", "pixel_x": 3572.7, "pixel_y": 1996.8, "easting": 564441.1, "northing": 285559.7, "epsg_source": 22391}}, {"type": "Feature", "geometry": {"type": "Point", "coordinates": [10.58396, 35.87131]}, "properties": {"record_id": "oai:u-bordeaux-montaigne.fr:340487", "symbol_class": "building", "pixel_x": 2923.4, "pixel_y": 1999.0, "easting": 561695.4, "northing": 285775.3, "epsg_source": 22391}}, {"type": "Feature", "geometry": {"type": "Point", "coordinates": [10.53699, 35.87458]}, "properties": {"record_id": "oai:u-bordeaux-montaigne.fr:340487", "symbol_class": "building", "pixel_x": 1920.0, "pixel_y": 2002.3, "easting": 557452.8, "northing": 286108.9, "epsg_source": 22391}}, {"type": "Feature", "geometry": {"type": "Point", "coordinates": [10.56875, 35.87247]}, "properties": {"record_id": "oai:u-bordeaux-montaigne.fr:340487", "symbol_class": "building", "pixel_x": 2598.2, "pixel_y": 1997.6, "easting": 560321.3, "northing": 285894.8, "epsg_source": 22391}}, {"type": "Feature", "geometry": {"type": "Point", "coordinates": [10.55723, 35.87311]}, "properties": {"record_id": "oai:u-bordeaux-montaigne.fr:340487", "symbol_class": "building", "pixel_x": 2352.3, "pixel_y": 2002.4, "easting": 559280.5, "northing": 285958.3, "epsg_source": 22391}}, {"type": "Feature", "geometry": {"type": "Point", "coordinates": [10.5331, 35.87461]}, "properties": {"record_id": "oai:u-bordeaux-montaigne.fr:340487", "symbol_class": "building", "pixel_x": 1837.3, "pixel_y": 2008.3, "easting": 557101.3, "northing": 286110.2, "epsg_source": 22391}}, {"type": "Feature", "geometry": {"type": "Point", "coordinates": [10.55681, 35.87302]}, "properties": {"record_id": "oai:u-bordeaux-montaigne.fr:340487", "symbol_class": "building", "pixel_x": 2343.8, "pixel_y": 2005.2, "easting": 559243.3, "northing": 285948.2, "epsg_source": 22391}}, {"type": "Feature", "geometry": {"type": "Point", "coordinates": [10.56834, 35.87217]}, "properties": {"record_id": "oai:u-bordeaux-montaigne.fr:340487", "symbol_class": "building", "pixel_x": 2590.2, "pixel_y": 2005.5, "easting": 560284.8, "northing": 285861.3, "epsg_source": 22391}}, {"type": "Feature", "geometry": {"type": "Point", "coordinates": [10.61381, 35.8687]}, "properties": {"record_id": "oai:u-bordeaux-montaigne.fr:340487", "symbol_class": "building", "pixel_x": 3562.1, "pixel_y": 2009.5, "easting": 564391.9, "northing": 285505.4, "epsg_source": 22391}}, {"type": "Feature", "geometry": {"type": "Point", "coordinates": [10.61781, 35.86829]}, "properties": {"record_id": "oai:u-bordeaux-montaigne.fr:340487", "symbol_class": "building", "pixel_x": 3647.8, "pixel_y": 2012.5, "easting": 564753.2, "northing": 285461.6, "epsg_source": 22391}}, {"type": "Feature", "geometry": {"type": "Point", "coordinates": [10.55991, 35.87233]}, "properties": {"record_id": "oai:u-bordeaux-montaigne.fr:340487", "symbol_class": "building", "pixel_x": 2410.8, "pixel_y": 2016.5, "easting": 559522.9, "northing": 285873.2, "epsg_source": 22391}}, {"type": "Feature", "geometry": {"type": "Point", "coordinates": [10.61689, 35.86806]}, "properties": {"record_id": "oai:u-bordeaux-montaigne.fr:340487", "symbol_class": "building", "pixel_x": 3628.6, "pixel_y": 2019.5, "easting": 564670.2, "northing": 285436.4, "epsg_source": 22391}}, {"type": "Feature", "geometry": {"type": "Point", "coordinates": [10.56049, 35.87216]}, "properties": {"record_id": "oai:u-bordeaux-montaigne.fr:340487", "symbol_class": "building", "pixel_x": 2423.4, "pixel_y": 2019.6, "easting": 559575.6, "northing": 285854.9, "epsg_source": 22391}}, {"type": "Feature", "geometry": {"type": "Point", "coordinates": [10.53428, 35.87372]}, "properties": {"record_id": "oai:u-bordeaux-montaigne.fr:340487", "symbol_class": "building", "pixel_x": 1864.1, "pixel_y": 2027.6, "easting": 557208.4, "northing": 286012.3, "epsg_source": 22391}}, {"type": "Feature", "geometry": {"type": "Point", "coordinates": [10.59598, 35.86914]}, "properties": {"record_id": "oai:u-bordeaux-montaigne.fr:340487", "symbol_class": "building", "pixel_x": 3182.8, "pixel_y": 2030.1, "easting": 562782.3, "northing": 285542.7, "epsg_source": 22391}}, {"type": "Feature", "geometry": {"type": "Point", "coordinates": [10.59463, 35.86866]}, "properties": {"record_id": "oai:u-bordeaux-montaigne.fr:340487", "symbol_class": "building", "pixel_x": 3155.0, "pixel_y": 2044.1, "easting": 562660.1, "northing": 285488.3, "epsg_source": 22391}}, {"type": "Feature", "geometry": {"type": "Point", "coordinates": [10.61891, 35.86685]}, "properties": {"record_id": "oai:u-bordeaux-montaigne.fr:340487", "symbol_class": "building", "pixel_x": 3674.1, "pixel_y": 2045.1, "easting": 564854.1, "northing": 285303.4, "epsg_source": 22391}}, {"type": "Feature", "geometry": {"type": "Point", "coordinates": [10.59513, 35.86834]}, "properties": {"record_id": "oai:u-bordeaux-montaigne.fr:340487", "symbol_class": "building", "pixel_x": 3166.2, "pixel_y": 2050.9, "easting": 562705.5, "northing": 285453.3, "epsg_source": 22391}}, {"type": "Feature", "geometry": {"type": "Point", "coordinates": [10.59569, 35.86805]}, "properties": {"record_id": "oai:u-bordeaux-montaigne.fr:340487", "symbol_class": "building", "pixel_x": 3178.8, "pixel_y": 2057.0, "easting": 562756.5, "northing": 285420.9, "epsg_source": 22391}}, {"type": "Feature", "geometry": {"type": "Point", "coordinates": [10.61899, 35.86634]}, "properties": {"record_id": "oai:u-bordeaux-montaigne.fr:340487", "symbol_class": "building", "pixel_x": 3676.8, "pixel_y": 2057.2, "easting": 564861.8, "northing": 285246.6, "epsg_source": 22391}}, {"type": "Feature", "geometry": {"type": "Point", "coordinates": [10.51767, 35.87362]}, "properties": {"record_id": "oai:u-bordeaux-montaigne.fr:340487", "symbol_class": "building", "pixel_x": 1511.8, "pixel_y": 2058.9, "easting": 555709.3, "northing": 285991.5, "epsg_source": 22391}}, {"type": "Feature", "geometry": {"type": "Point", "coordinates": [10.61495, 35.86627]}, "properties": {"record_id": "oai:u-bordeaux-montaigne.fr:340487", "symbol_class": "building", "pixel_x": 3591.2, "pixel_y": 2066.1, "easting": 564497.0, "northing": 285235.7, "epsg_source": 22391}}, {"type": "Feature", "geometry": {"type": "Point", "coordinates": [10.6199, 35.8656]}, "properties": {"record_id": "oai:u-bordeaux-montaigne.fr:340487", "symbol_class": "building", "pixel_x": 3697.5, "pixel_y": 2073.5, "easting": 564944.0, "northing": 285165.0, "epsg_source": 22391}}, {"type": "Feature", "geometry": {"type": "Point", "coordinates": [10.59231, 35.86704]}, "properties": {"record_id": "oai:u-bordeaux-montaigne.fr:340487", "symbol_class": "building", "pixel_x": 3109.0, "pixel_y": 2087.2, "easting": 562452.0, "northing": 285306.6, "epsg_source": 22391}}, {"type": "Feature", "geometry": {"type": "Point", "coordinates": [10.62103, 35.86498]}, "properties": {"record_id": "oai:u-bordeaux-montaigne.fr:340487", "symbol_class": "building", "pixel_x": 3722.8, "pixel_y": 2086.4, "easting": 565046.8, "northing": 285097.2, "epsg_source": 22391}}, {"type": "Feature", "geometry": {"type": "Point", "coordinates": [10.59728, 35.86661]}, "properties": {"record_id": "oai:u-bordeaux-montaigne.fr:340487", "symbol_class": "building", "pixel_x": 3215.4, "pixel_y": 2088.9, "easting": 562901.1, "northing": 285262.1, "epsg_source": 22391}}, {"type": "Feature", "geometry": {"type": "Point", "coordinates": [10.62009, 35.86416]}, "properties": {"record_id": "oai:u-bordeaux-montaigne.fr:340487", "symbol_class": "building", "pixel_x": 3704.5, "pixel_y": 2107.8, "easting": 564962.7, "northing": 285005.3, "epsg_source": 22391}}, {"type": "Feature", "geometry": {"type": "Point", "coordinates": [10.5977, 35.86572]}, "properties": {"record_id": "oai:u-bordeaux-montaigne.fr:340487", "symbol_class": "building", "pixel_x": 3226.1, "pixel_y": 2109.5, "easting": 562939.7, "northing": 285163.8, "epsg_source": 22391}}, {"type": "Feature", "geometry": {"type": "Point", "coordinates": [10.59633, 35.86392]}, "properties": {"record_id": "oai:u-bordeaux-montaigne.fr:340487", "symbol_class": "building", "pixel_x": 3200.6, "pixel_y": 2155.3, "easting": 562817.6, "northing": 284962.9, "epsg_source": 22391}}, {"type": "Feature", "geometry": {"type": "Point", "coordinates": [10.57498, 35.86581]}, "properties": {"record_id": "oai:u-bordeaux-montaigne.fr:340487", "symbol_class": "building", "pixel_x": 2743.7, "pixel_y": 2147.1, "easting": 560888.5, "northing": 285159.0, "epsg_source": 22391}}, {"type": "Feature", "geometry": {"type": "Point", "coordinates": [10.59637, 35.86321]}, "properties": {"record_id": "oai:u-bordeaux-montaigne.fr:340487", "symbol_class": "building", "pixel_x": 3202.8, "pixel_y": 2172.1, "easting": 562821.5, "northing": 284885.1, "epsg_source": 22391}}, {"type": "Feature", "geometry": {"type": "Point", "coordinates": [10.59733, 35.86282]}, "properties": {"record_id": "oai:u-bordeaux-montaigne.fr:340487", "symbol_class": "building", "pixel_x": 3224.1, "pixel_y": 2179.9, "easting": 562908.8, "northing": 284841.8, "epsg_source": 22391}}, {"type": "Feature", "geometry": {"type": "Point", "coordinates": [10.61211, 35.86153]}, "properties": {"record_id": "oai:u-bordeaux-montaigne.fr:340487", "symbol_class": "building", "pixel_x": 3540.4, "pixel_y": 2185.1, "easting": 564244.6, "northing": 284708.4, "epsg_source": 22391}}, {"type": "Feature", "geometry": {"type": "Point", "coordinates": [10.61248, 35.86126]}, "properties": {"record_id": "oai:u-bordeaux-montaigne.fr:340487", "symbol_class": "building", "pixel_x": 3548.8, "pixel_y": 2190.9, "easting": 564277.8, "northing": 284678.5, "epsg_source": 22391}}, {"type": "Feature", "geometry": {"type": "Point", "coordinates": [10.62104, 35.86057]}, "properties": {"record_id": "oai:u-bordeaux-montaigne.fr:340487", "symbol_class": "building", "pixel_x": 3732.0, "pixel_y": 2192.5, "easting": 565051.7, "northing": 284607.6, "epsg_source": 22391}}, {"type": "Feature", "geometry": {"type": "Point", "coordinates": [10.61286, 35.86113]}, "properties": {"record_id": "oai:u-bordeaux-montaigne.fr:340487", "symbol_class": "building", "pixel_x": 3557.2, "pixel_y": 2193.3, "easting": 564312.6, "northing": 284664.7, "epsg_source": 22391}}, {"type": "Feature", "geometry": {"type": "Point", "coordinates": [10.60792, 35.86088]}, "properties": {"record_id": "oai:u-bordeaux-montaigne.fr:340487", "symbol_class": "building", "pixel_x": 3452.7, "pixel_y": 2207.9, "easting": 563866.3, "northing": 284634.0, "epsg_source": 22391}}, {"type": "Feature", "geometry": {"type": "Point", "coordinates": [10.62085, 35.85987]}, "properties": {"record_id": "oai:u-bordeaux-montaigne.fr:340487", "symbol_class": "building", "pixel_x": 3729.2, "pixel_y": 2209.5, "easting": 565034.8, "northing": 284530.6, "epsg_source": 22391}}, {"type": "Feature", "geometry": {"type": "Point", "coordinates": [10.5928, 35.86178]}, "properties": {"record_id": "oai:u-bordeaux-montaigne.fr:340487", "symbol_class": "building", "pixel_x": 3129.9, "pixel_y": 2212.8, "easting": 562500.4, "northing": 284723.9, "epsg_source": 22391}}, {"type": "Feature", "geometry": {"type": "Point", "coordinates": [10.62114, 35.85945]}, "properties": {"record_id": "oai:u-bordeaux-montaigne.fr:340487", "symbol_class": "building", "pixel_x": 3736.2, "pixel_y": 2219.2, "easting": 565061.1, "northing": 284483.7, "epsg_source": 22391}}, {"type": "Feature", "geometry": {"type": "Point", "coordinates": [10.61442, 35.85962]}, "properties": {"record_id": "oai:u-bordeaux-montaigne.fr:340487", "symbol_class": "building", "pixel_x": 3593.3, "pixel_y": 2226.9, "easting": 564454.8, "northing": 284498.2, "epsg_source": 22391}}, {"type": "Feature", "geometry": {"type": "Point", "coordinates": [10.62145, 35.859]}, "properties": {"record_id": "oai:u-bordeaux-montaigne.fr:340487", "symbol_class": "building", "pixel_x": 3743.6, "pixel_y": 2229.6, "easting": 565089.3, "northing": 284433.7, "epsg_source": 22391}}, {"type": "Feature", "geometry": {"type": "Point", "coordinates": [10.61891, 35.85849]}, "properties": {"record_id": "oai:u-bordeaux-montaigne.fr:340487", "symbol_class": "building", "pixel_x": 3690.8, "pixel_y": 2246.3, "easting": 564860.5, "northing": 284375.4, "epsg_source": 22391}}, {"type": "Feature", "geometry": {"type": "Point", "coordinates": [10.6138, 35.85883]}, "properties": {"record_id": "oai:u-bordeaux-montaigne.fr:340487", "symbol_class": "building", "pixel_x": 3581.7, "pixel_y": 2247.0, "easting": 564399.1, "northing": 284410.2, "epsg_source": 22391}}, {"type": "Feature", "geometry": {"type": "Point", "coordinates": [10.57458, 35.86133]}, "properties": {"record_id": "oai:u-bordeaux-montaigne.fr:340487", "symbol_class": "building", "pixel_x": 2744.1, "pixel_y": 2255.6, "easting": 560855.6, "northing": 284661.8, "epsg_source": 22391}}, {"type": "Feature", "geometry": {"type": "Point", "coordinates": [10.61132, 35.85811]}, "properties": {"record_id": "oai:u-bordeaux-montaigne.fr:340487", "symbol_class": "building", "pixel_x": 3530.6, "pixel_y": 2268.6, "easting": 564176.2, "northing": 284329.1, "epsg_source": 22391}}, {"type": "Feature", "geometry": {"type": "Point", "coordinates": [10.62447, 35.85642]}, "properties": {"record_id": "oai:u-bordeaux-montaigne.fr:340487", "symbol_class": "building", "pixel_x": 3812.9, "pixel_y": 2286.3, "easting": 565364.1, "northing": 284149.9, "epsg_source": 22391}}, {"type": "Feature", "geometry": {"type": "Point", "coordinates": [10.59409, 35.85847]}, "properties": {"record_id": "oai:u-bordeaux-montaigne.fr:340487", "symbol_class": "building", "pixel_x": 3163.9, "pixel_y": 2290.1, "easting": 562619.4, "northing": 284357.8, "epsg_source": 22391}}, {"type": "Feature", "geometry": {"type": "Point", "coordinates": [10.61619, 35.85679]}, "properties": {"record_id": "oai:u-bordeaux-montaigne.fr:340487", "symbol_class": "building", "pixel_x": 3636.5, "pixel_y": 2291.9, "easting": 564616.4, "northing": 284185.6, "epsg_source": 22391}}, {"type": "Feature", "geometry": {"type": "Point", "coordinates": [10.51309, 35.86407]}, "properties": {"record_id": "oai:u-bordeaux-montaigne.fr:340487", "symbol_class": "building", "pixel_x": 1433.4, "pixel_y": 2296.5, "easting": 555302.3, "northing": 284929.8, "epsg_source": 22391}}, {"type": "Feature", "geometry": {"type": "Point", "coordinates": [10.61011, 35.85703]}, "properties": {"record_id": "oai:u-bordeaux-montaigne.fr:340487", "symbol_class": "building", "pixel_x": 3507.0, "pixel_y": 2296.8, "easting": 564067.8, "northing": 284208.1, "epsg_source": 22391}}, {"type": "Feature", "geometry": {"type": "Point", "coordinates": [10.62476, 35.85585]}, "properties": {"record_id": "oai:u-bordeaux-montaigne.fr:340487", "symbol_class": "building", "pixel_x": 3820.3, "pixel_y": 2299.3, "easting": 565391.0, "northing": 284087.5, "epsg_source": 22391}}, {"type": "Feature", "geometry": {"type": "Point", "coordinates": [10.61609, 35.8565]}, "properties": {"record_id": "oai:u-bordeaux-montaigne.fr:340487", "symbol_class": "building", "pixel_x": 3634.9, "pixel_y": 2299.1, "easting": 564607.7, "northing": 284152.9, "epsg_source": 22391}}, {"type": "Feature", "geometry": {"type": "Point", "coordinates": [10.50773, 35.86422]}, "properties": {"record_id": "oai:u-bordeaux-montaigne.fr:340487", "symbol_class": "building", "pixel_x": 1319.4, "pixel_y": 2302.2, "easting": 554818.5, "northing": 284943.3, "epsg_source": 22391}}, {"type": "Feature", "geometry": {"type": "Point", "coordinates": [10.59818, 35.85715]}, "properties": {"record_id": "oai:u-bordeaux-montaigne.fr:340487", "symbol_class": "building", "pixel_x": 3253.5, "pixel_y": 2314.8, "easting": 562990.2, "northing": 284213.6, "epsg_source": 22391}}, {"type": "Feature", "geometry": {"type": "Point", "coordinates": [10.612, 35.856]}, "properties": {"record_id": "oai:u-bordeaux-montaigne.fr:340487", "symbol_class": "building", "pixel_x": 3549.2, "pixel_y": 2318.3, "easting": 564239.1, "northing": 284094.8, "epsg_source": 22391}}, {"type": "Feature", "geometry": {"type": "Point", "coordinates": [10.56729, 35.8591]}, "properties": {"record_id": "oai:u-bordeaux-montaigne.fr:340487", "symbol_class": "building", "pixel_x": 2593.9, "pixel_y": 2321.8, "easting": 560199.7, "northing": 284410.7, "epsg_source": 22391}}, {"type": "Feature", "geometry": {"type": "Point", "coordinates": [10.59861, 35.85675]}, "properties": {"record_id": "oai:u-bordeaux-montaigne.fr:340487", "symbol_class": "building", "pixel_x": 3263.5, "pixel_y": 2323.6, "easting": 563029.5, "northing": 284169.9, "epsg_source": 22391}}, {"type": "Feature", "geometry": {"type": "Point", "coordinates": [10.61221, 35.85569]}, "properties": {"record_id": "oai:u-bordeaux-montaigne.fr:340487", "symbol_class": "building", "pixel_x": 3554.3, "pixel_y": 2325.4, "easting": 564258.5, "northing": 284060.6, "epsg_source": 22391}}, {"type": "Feature", "geometry": {"type": "Point", "coordinates": [10.5675, 35.85862]}, "properties": {"record_id": "oai:u-bordeaux-montaigne.fr:340487", "symbol_class": "building", "pixel_x": 2599.3, "pixel_y": 2333.1, "easting": 560219.0, "northing": 284357.1, "epsg_source": 22391}}, {"type": "Feature", "geometry": {"type": "Point", "coordinates": [10.60494, 35.85576]}, "properties": {"record_id": "oai:u-bordeaux-montaigne.fr:340487", "symbol_class": "building", "pixel_x": 3399.8, "pixel_y": 2336.4, "easting": 563601.9, "northing": 284063.5, "epsg_source": 22391}}, {"type": "Feature", "geometry": {"type": "Point", "coordinates": [10.60509, 35.85548]}, "properties": {"record_id": "oai:u-bordeaux-montaigne.fr:340487", "symbol_class": "building", "pixel_x": 3403.5, "pixel_y": 2342.9, "easting": 563615.3, "northing": 284032.6, "epsg_source": 22391}}, {"type": "Feature", "geometry": {"type": "Point", "coordinates": [10.62429, 35.85394]}, "properties": {"record_id": "oai:u-bordeaux-montaigne.fr:340487", "symbol_class": "building", "pixel_x": 3814.1, "pixel_y": 2346.2, "easting": 565350.1, "northing": 283875.1, "epsg_source": 22391}}, {"type": "Feature", "geometry": {"type": "Point", "coordinates": [10.60974, 35.85493]}, "properties": {"record_id": "oai:u-bordeaux-montaigne.fr:340487", "symbol_class": "building", "pixel_x": 3503.4, "pixel_y": 2347.9, "easting": 564036.0, "northing": 283974.9, "epsg_source": 22391}}, {"type": "Feature", "geometry": {"type": "Point", "coordinates": [10.62479, 35.85376]}, "properties": {"record_id": "oai:u-bordeaux-montaigne.fr:340487", "symbol_class": "building", "pixel_x": 3825.1, "pixel_y": 2349.7, "easting": 565395.3, "northing": 283855.1, "epsg_source": 22391}}, {"type": "Feature", "geometry": {"type": "Point", "coordinates": [10.60454, 35.85509]}, "properties": {"record_id": "oai:u-bordeaux-montaigne.fr:340487", "symbol_class": "building", "pixel_x": 3392.6, "pixel_y": 2353.2, "easting": 563566.0, "northing": 283989.1, "epsg_source": 22391}}, {"type": "Feature", "geometry": {"type": "Point", "coordinates": [10.62488, 35.85327]}, "properties": {"record_id": "oai:u-bordeaux-montaigne.fr:340487", "symbol_class": "building", "pixel_x": 3828.0, "pixel_y": 2361.2, "easting": 565404.1, "northing": 283801.5, "epsg_source": 22391}}, {"type": "Feature", "geometry": {"type": "Point", "coordinates": [10.60507, 35.85472]}, "properties": {"record_id": "oai:u-bordeaux-montaigne.fr:340487", "symbol_class": "building", "pixel_x": 3404.6, "pixel_y": 2361.1, "easting": 563614.0, "northing": 283949.1, "epsg_source": 22391}}, {"type": "Feature", "geometry": {"type": "Point", "coordinates": [10.62574, 35.85254]}, "properties": {"record_id": "oai:u-bordeaux-montaigne.fr:340487", "symbol_class": "building", "pixel_x": 3847.8, "pixel_y": 2377.3, "easting": 565482.7, "northing": 283720.7, "epsg_source": 22391}}, {"type": "Feature", "geometry": {"type": "Point", "coordinates": [10.61346, 35.85334]}, "properties": {"record_id": "oai:u-bordeaux-montaigne.fr:340487", "symbol_class": "building", "pixel_x": 3585.6, "pixel_y": 2379.7, "easting": 564373.2, "northing": 283800.7, "epsg_source": 22391}}, {"type": "Feature", "geometry": {"type": "Point", "coordinates": [10.60481, 35.85396]}, "properties": {"record_id": "oai:u-bordeaux-montaigne.fr:340487", "symbol_class": "building", "pixel_x": 3400.6, "pixel_y": 2380.0, "easting": 563591.4, "northing": 283863.6, "epsg_source": 22391}}, {"type": "Feature", "geometry": {"type": "Point", "coordinates": [10.56747, 35.85628]}, "properties": {"record_id": "oai:u-bordeaux-montaigne.fr:340487", "symbol_class": "building", "pixel_x": 2603.2, "pixel_y": 2389.3, "easting": 560217.6, "northing": 284098.1, "epsg_source": 22391}}, {"type": "Feature", "geometry": {"type": "Point", "coordinates": [10.59972, 35.85381]}, "properties": {"record_id": "oai:u-bordeaux-montaigne.fr:340487", "symbol_class": "building", "pixel_x": 3292.8, "pixel_y": 2392.3, "easting": 563131.5, "northing": 283844.6, "epsg_source": 22391}}, {"type": "Feature", "geometry": {"type": "Point", "coordinates": [10.6264, 35.85173]}, "properties": {"record_id": "oai:u-bordeaux-montaigne.fr:340487", "symbol_class": "building", "pixel_x": 3863.5, "pixel_y": 2395.7, "easting": 565543.0, "northing": 283630.8, "epsg_source": 22391}}, {"type": "Feature", "geometry": {"type": "Point", "coordinates": [10.60987, 35.85223]}, "properties": {"record_id": "oai:u-bordeaux-montaigne.fr:340487", "symbol_class": "building", "pixel_x": 3511.5, "pixel_y": 2412.6, "easting": 564049.6, "northing": 283675.7, "epsg_source": 22391}}, {"type": "Feature", "geometry": {"type": "Point", "coordinates": [10.61443, 35.852]}, "properties": {"record_id": "oai:u-bordeaux-montaigne.fr:340487", "symbol_class": "building", "pixel_x": 3608.7, "pixel_y": 2410.1, "easting": 564461.5, "northing": 283653.3, "epsg_source": 22391}}, {"type": "Feature", "geometry": {"type": "Point", "coordinates": [10.60856, 35.85199]}, "properties": {"record_id": "oai:u-bordeaux-montaigne.fr:340487", "symbol_class": "building", "pixel_x": 3484.1, "pixel_y": 2420.7, "easting": 563931.4, "northing": 283648.0, "epsg_source": 22391}}, {"type": "Feature", "geometry": {"type": "Point", "coordinates": [10.61134, 35.85185]}, "properties": {"record_id": "oai:u-bordeaux-montaigne.fr:340487", "symbol_class": "building", "pixel_x": 3543.6, "pixel_y": 2419.3, "easting": 564183.1, "northing": 283633.9, "epsg_source": 22391}}, {"type": "Feature", "geometry": {"type": "Point", "coordinates": [10.60381, 35.85228]}, "properties": {"record_id": "oai:u-bordeaux-montaigne.fr:340487", "symbol_class": "building", "pixel_x": 3382.8, "pixel_y": 2422.0, "easting": 563502.5, "northing": 283677.3, "epsg_source": 22391}}, {"type": "Feature", "geometry": {"type": "Point", "coordinates": [10.6208, 35.85072]}, "properties": {"record_id": "oai:u-bordeaux-montaigne.fr:340487", "symbol_class": "building", "pixel_x": 3746.7, "pixel_y": 2429.8, "easting": 565038.2, "northing": 283515.4, "epsg_source": 22391}}, {"type": "Feature", "geometry": {"type": "Point", "coordinates": [10.61347, 35.85093]}, "properties": {"record_id": "oai:u-bordeaux-montaigne.fr:340487", "symbol_class": "building", "pixel_x": 3590.6, "pixel_y": 2437.6, "easting": 564376.1, "northing": 283533.7, "epsg_source": 22391}}, {"type": "Feature", "geometry": {"type": "Point", "coordinates": [10.5973, 35.85118]}, "properties": {"record_id": "oai:u-bordeaux-montaigne.fr:340487", "symbol_class": "building", "pixel_x": 3246.7, "pixel_y": 2460.0, "easting": 562915.3, "northing": 283550.5, "epsg_source": 22391}}, {"type": "Feature", "geometry": {"type": "Point", "coordinates": [10.59637, 35.85118]}, "properties": {"record_id": "oai:u-bordeaux-montaigne.fr:340487", "symbol_class": "building", "pixel_x": 3227.1, "pixel_y": 2461.5, "easting": 562831.8, "northing": 283550.5, "epsg_source": 22391}}, {"type": "Feature", "geometry": {"type": "Point", "coordinates": [10.56734, 35.85307]}, "properties": {"record_id": "oai:u-bordeaux-montaigne.fr:340487", "symbol_class": "building", "pixel_x": 2607.0, "pixel_y": 2466.9, "easting": 560208.8, "northing": 283741.3, "epsg_source": 22391}}, {"type": "Feature", "geometry": {"type": "Point", "coordinates": [10.60993, 35.85003]}, "properties": {"record_id": "oai:u-bordeaux-montaigne.fr:340487", "symbol_class": "building", "pixel_x": 3517.3, "pixel_y": 2465.4, "easting": 564057.2, "northing": 283431.6, "epsg_source": 22391}}, {"type": "Feature", "geometry": {"type": "Point", "coordinates": [10.61207, 35.84974]}, "properties": {"record_id": "oai:u-bordeaux-montaigne.fr:340487", "symbol_class": "building", "pixel_x": 3563.3, "pixel_y": 2468.6, "easting": 564250.7, "northing": 283401.3, "epsg_source": 22391}}, {"type": "Feature", "geometry": {"type": "Point", "coordinates": [10.50919, 35.85694]}, "properties": {"record_id": "oai:u-bordeaux-montaigne.fr:340487", "symbol_class": "building", "pixel_x": 1364.7, "pixel_y": 2474.9, "easting": 554954.9, "northing": 284136.4, "epsg_source": 22391}}, {"type": "Feature", "geometry": {"type": "Point", "coordinates": [10.62706, 35.84816]}, "properties": {"record_id": "oai:u-bordeaux-montaigne.fr:340487", "symbol_class": "building", "pixel_x": 3884.5, "pixel_y": 2480.4, "easting": 565604.8, "northing": 283235.5, "epsg_source": 22391}}, {"type": "Feature", "geometry": {"type": "Point", "coordinates": [10.50799, 35.85675]}, "properties": {"record_id": "oai:u-bordeaux-montaigne.fr:340487", "symbol_class": "building", "pixel_x": 1339.6, "pixel_y": 2481.4, "easting": 554846.8, "northing": 284115.1, "epsg_source": 22391}}, {"type": "Feature", "geometry": {"type": "Point", "coordinates": [10.50861, 35.85637]}, "properties": {"record_id": "oai:u-bordeaux-montaigne.fr:340487", "symbol_class": "building", "pixel_x": 1353.6, "pixel_y": 2489.4, "easting": 554903.3, "northing": 284073.5, "epsg_source": 22391}}, {"type": "Feature", "geometry": {"type": "Point", "coordinates": [10.61029, 35.84899]}, "properties": {"record_id": "oai:u-bordeaux-montaigne.fr:340487", "symbol_class": "building", "pixel_x": 3526.9, "pixel_y": 2489.9, "easting": 564090.1, "northing": 283316.3, "epsg_source": 22391}}, {"type": "Feature", "geometry": {"type": "Point", "coordinates": [10.63102, 35.84653]}, "properties": {"record_id": "oai:u-bordeaux-montaigne.fr:340487", "symbol_class": "building", "pixel_x": 3971.9, "pixel_y": 2512.7, "easting": 565964.1, "northing": 283057.2, "epsg_source": 22391}}, {"type": "Feature", "geometry": {"type": "Point", "coordinates": [10.57297, 35.85019]}, "properties": {"record_id": "oai:u-bordeaux-montaigne.fr:340487", "symbol_class": "building", "pixel_x": 2732.2, "pixel_y": 2526.1, "easting": 560719.3, "northing": 283426.3, "epsg_source": 22391}}, {"type": "Feature", "geometry": {"type": "Point", "coordinates": [10.62169, 35.84664]}, "properties": {"record_id": "oai:u-bordeaux-montaigne.fr:340487", "symbol_class": "building", "pixel_x": 3773.6, "pixel_y": 2526.3, "easting": 565121.5, "northing": 283063.7, "epsg_source": 22391}}, {"type": "Feature", "geometry": {"type": "Point", "coordinates": [10.62089, 35.84627]}, "properties": {"record_id": "oai:u-bordeaux-montaigne.fr:340487", "symbol_class": "building", "pixel_x": 3757.4, "pixel_y": 2536.6, "easting": 565049.7, "northing": 283021.9, "epsg_source": 22391}}, {"type": "Feature", "geometry": {"type": "Point", "coordinates": [10.63074, 35.84477]}, "properties": {"record_id": "oai:u-bordeaux-montaigne.fr:340487", "symbol_class": "building", "pixel_x": 3969.6, "pixel_y": 2555.5, "easting": 565940.6, "northing": 282861.9, "epsg_source": 22391}}, {"type": "Feature", "geometry": {"type": "Point", "coordinates": [10.6326, 35.84457]}, "properties": {"record_id": "oai:u-bordeaux-montaigne.fr:340487", "symbol_class": "building", "pixel_x": 4009.5, "pixel_y": 2557.0, "easting": 566108.5, "northing": 282840.9, "epsg_source": 22391}}, {"type": "Feature", "geometry": {"type": "Point", "coordinates": [10.62726, 35.84496]}, "properties": {"record_id": "oai:u-bordeaux-montaigne.fr:340487", "symbol_class": "building", "pixel_x": 3895.3, "pixel_y": 2557.1, "easting": 565626.1, "northing": 282880.3, "epsg_source": 22391}}, {"type": "Feature", "geometry": {"type": "Point", "coordinates": [10.60797, 35.84625]}, "properties": {"record_id": "oai:u-bordeaux-montaigne.fr:340487", "symbol_class": "building", "pixel_x": 3483.1, "pixel_y": 2559.7, "easting": 563882.5, "northing": 283011.5, "epsg_source": 22391}}, {"type": "Feature", "geometry": {"type": "Point", "coordinates": [10.63181, 35.84404]}, "properties": {"record_id": "oai:u-bordeaux-montaigne.fr:340487", "symbol_class": "building", "pixel_x": 3993.7, "pixel_y": 2571.1, "easting": 566037.5, "northing": 282782.0, "epsg_source": 22391}}, {"type": "Feature", "geometry": {"type": "Point", "coordinates": [10.63352, 35.84391]}, "properties": {"record_id": "oai:u-bordeaux-montaigne.fr:340487", "symbol_class": "building", "pixel_x": 4030.3, "pixel_y": 2571.1, "easting": 566192.1, "northing": 282768.9, "epsg_source": 22391}}, {"type": "Feature", "geometry": {"type": "Point", "coordinates": [10.6197, 35.84459]}, "properties": {"record_id": "oai:u-bordeaux-montaigne.fr:340487", "symbol_class": "building", "pixel_x": 3735.5, "pixel_y": 2579.2, "easting": 564943.4, "northing": 282834.5, "epsg_source": 22391}}, {"type": "Feature", "geometry": {"type": "Point", "coordinates": [10.63453, 35.84309]}, "properties": {"record_id": "oai:u-bordeaux-montaigne.fr:340487", "symbol_class": "building", "pixel_x": 4053.3, "pixel_y": 2589.1, "easting": 566283.6, "northing": 282678.6, "epsg_source": 22391}}, {"type": "Feature", "geometry": {"type": "Point", "coordinates": [10.62057, 35.844]}, "properties": {"record_id": "oai:u-bordeaux-montaigne.fr:340487", "symbol_class": "building", "pixel_x": 3755.2, "pixel_y": 2591.7, "easting": 565022.7, "northing": 282770.3, "epsg_source": 22391}}, {"type": "Feature", "geometry": {"type": "Point", "coordinates": [10.635, 35.84256]}, "properties": {"record_id": "oai:u-bordeaux-montaigne.fr:340487", "symbol_class": "building", "pixel_x": 4064.4, "pixel_y": 2601.0, "easting": 566326.7, "northing": 282620.3, "epsg_source": 22391}}, {"type": "Feature", "geometry": {"type": "Point", "coordinates": [10.62128, 35.84325]}, "properties": {"record_id": "oai:u-bordeaux-montaigne.fr:340487", "symbol_class": "building", "pixel_x": 3771.8, "pixel_y": 2608.5, "easting": 565087.7, "northing": 282687.4, "epsg_source": 22391}}, {"type": "Feature", "geometry": {"type": "Point", "coordinates": [10.63109, 35.8425]}, "properties": {"record_id": "oai:u-bordeaux-montaigne.fr:340487", "symbol_class": "building", "pixel_x": 3981.5, "pixel_y": 2609.4, "easting": 565973.8, "northing": 282610.8, "epsg_source": 22391}}, {"type": "Feature", "geometry": {"type": "Point", "coordinates": [10.63577, 35.84124]}, "properties": {"record_id": "oai:u-bordeaux-montaigne.fr:340487", "symbol_class": "building", "pixel_x": 4083.4, "pixel_y": 2631.6, "easting": 566397.5, "northing": 282473.6, "epsg_source": 22391}}, {"type": "Feature", "geometry": {"type": "Point", "coordinates": [10.63351, 35.84086]}, "properties": {"record_id": "oai:u-bordeaux-montaigne.fr:340487", "symbol_class": "building", "pixel_x": 4036.2, "pixel_y": 2644.5, "easting": 566193.6, "northing": 282430.5, "epsg_source": 22391}}, {"type": "Feature", "geometry": {"type": "Point", "coordinates": [10.638, 35.84015]}, "properties": {"record_id": "oai:u-bordeaux-montaigne.fr:340487", "symbol_class": "building", "pixel_x": 4133.0, "pixel_y": 2653.8, "easting": 566600.1, "northing": 282354.6, "epsg_source": 22391}}, {"type": "Feature", "geometry": {"type": "Point", "coordinates": [10.61741, 35.84079]}, "properties": {"record_id": "oai:u-bordeaux-montaigne.fr:340487", "symbol_class": "building", "pixel_x": 3694.5, "pixel_y": 2674.6, "easting": 564739.7, "northing": 282411.6, "epsg_source": 22391}}, {"type": "Feature", "geometry": {"type": "Point", "coordinates": [10.64028, 35.8389]}, "properties": {"record_id": "oai:u-bordeaux-montaigne.fr:340487", "symbol_class": "building", "pixel_x": 4183.8, "pixel_y": 2679.8, "easting": 566806.3, "northing": 282217.5, "epsg_source": 22391}}, {"type": "Feature", "geometry": {"type": "Point", "coordinates": [10.64149, 35.83868]}, "properties": {"record_id": "oai:u-bordeaux-montaigne.fr:340487", "symbol_class": "building", "pixel_x": 4210.0, "pixel_y": 2683.0, "easting": 566916.1, "northing": 282193.9, "epsg_source": 22391}}, {"type": "Feature", "geometry": {"type": "Point", "coordinates": [10.62069, 35.83998]}, "properties": {"record_id": "oai:u-bordeaux-montaigne.fr:340487", "symbol_class": "building", "pixel_x": 3765.7, "pixel_y": 2688.4, "easting": 565036.3, "northing": 282323.6, "epsg_source": 22391}}, {"type": "Feature", "geometry": {"type": "Point", "coordinates": [10.64117, 35.83829]}, "properties": {"record_id": "oai:u-bordeaux-montaigne.fr:340487", "symbol_class": "building", "pixel_x": 4204.1, "pixel_y": 2692.8, "easting": 566888.0, "northing": 282151.0, "epsg_source": 22391}}, {"type": "Feature", "geometry": {"type": "Point", "coordinates": [10.64184, 35.83794]}, "properties": {"record_id": "oai:u-bordeaux-montaigne.fr:340487", "symbol_class": "building", "pixel_x": 4219.0, "pixel_y": 2700.1, "easting": 566948.8, "northing": 282112.6, "epsg_source": 22391}}, {"type": "Feature", "geometry": {"type": "Point", "coordinates": [10.6367, 35.83795]}, "properties": {"record_id": "oai:u-bordeaux-montaigne.fr:340487", "symbol_class": "building", "pixel_x": 4109.9, "pixel_y": 2709.0, "easting": 566484.7, "northing": 282109.4, "epsg_source": 22391}}, {"type": "Feature", "geometry": {"type": "Point", "coordinates": [10.62055, 35.83887]}, "properties": {"record_id": "oai:u-bordeaux-montaigne.fr:340487", "symbol_class": "building", "pixel_x": 3765.0, "pixel_y": 2715.3, "easting": 565024.9, "northing": 282200.4, "epsg_source": 22391}}, {"type": "Feature", "geometry": {"type": "Point", "coordinates": [10.63812, 35.8375]}, "properties": {"record_id": "oai:u-bordeaux-montaigne.fr:340487", "symbol_class": "building", "pixel_x": 4140.9, "pixel_y": 2717.2, "easting": 566613.0, "northing": 282061.1, "epsg_source": 22391}}, {"type": "Feature", "geometry": {"type": "Point", "coordinates": [10.64433, 35.83691]}, "properties": {"record_id": "oai:u-bordeaux-montaigne.fr:340487", "symbol_class": "building", "pixel_x": 4273.8, "pixel_y": 2720.6, "easting": 567173.8, "northing": 281999.7, "epsg_source": 22391}}, {"type": "Feature", "geometry": {"type": "Point", "coordinates": [10.63559, 35.83752]}, "properties": {"record_id": "oai:u-bordeaux-montaigne.fr:340487", "symbol_class": "building", "pixel_x": 4087.0, "pixel_y": 2721.3, "easting": 566384.0, "northing": 282061.2, "epsg_source": 22391}}, {"type": "Feature", "geometry": {"type": "Point", "coordinates": [10.60723, 35.83945]}, "properties": {"record_id": "oai:u-bordeaux-montaigne.fr:340487", "symbol_class": "building", "pixel_x": 3481.1, "pixel_y": 2724.7, "easting": 563821.5, "northing": 282256.3, "epsg_source": 22391}}, {"type": "Feature", "geometry": {"type": "Point", "coordinates": [10.6435, 35.83644]}, "properties": {"record_id": "oai:u-bordeaux-montaigne.fr:340487", "symbol_class": "building", "pixel_x": 4257.2, "pixel_y": 2733.3, "easting": 567099.5, "northing": 281946.8, "epsg_source": 22391}}, {"type": "Feature", "geometry": {"type": "Point", "coordinates": [10.62358, 35.83769]}, "properties": {"record_id": "oai:u-bordeaux-montaigne.fr:340487", "symbol_class": "building", "pixel_x": 3831.9, "pixel_y": 2738.4, "easting": 565300.0, "northing": 282071.7, "epsg_source": 22391}}, {"type": "Feature", "geometry": {"type": "Point", "coordinates": [10.6232, 35.83727]}, "properties": {"record_id": "oai:u-bordeaux-montaigne.fr:340487", "symbol_class": "building", "pixel_x": 3824.5, "pixel_y": 2749.1, "easting": 565265.4, "northing": 282025.0, "epsg_source": 22391}}, {"type": "Feature", "geometry": {"type": "Point", "coordinates": [10.6424, 35.83568]}, "properties": {"record_id": "oai:u-bordeaux-montaigne.fr:340487", "symbol_class": "building", "pixel_x": 4235.4, "pixel_y": 2753.5, "easting": 567000.9, "northing": 281861.8, "epsg_source": 22391}}, {"type": "Feature", "geometry": {"type": "Point", "coordinates": [10.63372, 35.83594]}, "properties": {"record_id": "oai:u-bordeaux-montaigne.fr:340487", "symbol_class": "building", "pixel_x": 4050.5, "pixel_y": 2762.5, "easting": 566216.5, "northing": 281885.1, "epsg_source": 22391}}, {"type": "Feature", "geometry": {"type": "Point", "coordinates": [10.63876, 35.83541]}, "properties": {"record_id": "oai:u-bordeaux-montaigne.fr:340487", "symbol_class": "building", "pixel_x": 4158.6, "pixel_y": 2766.5, "easting": 566672.4, "northing": 281829.3, "epsg_source": 22391}}, {"type": "Feature", "geometry": {"type": "Point", "coordinates": [10.63499, 35.83559]}, "properties": {"record_id": "oai:u-bordeaux-montaigne.fr:340487", "symbol_class": "building", "pixel_x": 4078.2, "pixel_y": 2768.8, "easting": 566331.7, "northing": 281846.8, "epsg_source": 22391}}, {"type": "Feature", "geometry": {"type": "Point", "coordinates": [10.64412, 35.835]}, "properties": {"record_id": "oai:u-bordeaux-montaigne.fr:340487", "symbol_class": "building", "pixel_x": 4273.3, "pixel_y": 2766.9, "easting": 567157.1, "northing": 281787.4, "epsg_source": 22391}}, {"type": "Feature", "geometry": {"type": "Point", "coordinates": [10.63406, 35.83536]}, "properties": {"record_id": "oai:u-bordeaux-montaigne.fr:340487", "symbol_class": "building", "pixel_x": 4058.9, "pixel_y": 2775.9, "easting": 566247.6, "northing": 281820.7, "epsg_source": 22391}}, {"type": "Feature", "geometry": {"type": "Point", "coordinates": [10.6355, 35.83533]}, "properties": {"record_id": "oai:u-bordeaux-montaigne.fr:340487", "symbol_class": "building", "pixel_x": 4089.6, "pixel_y": 2774.2, "easting": 566378.3, "northing": 281818.0, "epsg_source": 22391}}, {"type": "Feature", "geometry": {"type": "Point", "coordinates": [10.60032, 35.8378]}, "properties": {"record_id": "oai:u-bordeaux-montaigne.fr:340487", "symbol_class": "building", "pixel_x": 3337.7, "pixel_y": 2776.5, "easting": 563198.7, "northing": 282068.6, "epsg_source": 22391}}, {"type": "Feature", "geometry": {"type": "Point", "coordinates": [10.63939, 35.83499]}, "properties": {"record_id": "oai:u-bordeaux-montaigne.fr:340487", "symbol_class": "building", "pixel_x": 4172.9, "pixel_y": 2775.4, "easting": 566729.9, "northing": 281783.2, "epsg_source": 22391}}, {"type": "Feature", "geometry": {"type": "Point", "coordinates": [10.64116, 35.8346]}, "properties": {"record_id": "oai:u-bordeaux-montaigne.fr:340487", "symbol_class": "building", "pixel_x": 4211.2, "pixel_y": 2781.6, "easting": 566889.7, "northing": 281741.6, "epsg_source": 22391}}, {"type": "Feature", "geometry": {"type": "Point", "coordinates": [10.61685, 35.83611]}, "properties": {"record_id": "oai:u-bordeaux-montaigne.fr:340487", "symbol_class": "building", "pixel_x": 3692.0, "pixel_y": 2788.0, "easting": 564692.8, "northing": 281892.8, "epsg_source": 22391}}, {"type": "Feature", "geometry": {"type": "Point", "coordinates": [10.63921, 35.83452]}, "properties": {"record_id": "oai:u-bordeaux-montaigne.fr:340487", "symbol_class": "building", "pixel_x": 4170.0, "pixel_y": 2787.1, "easting": 566713.8, "northing": 281730.9, "epsg_source": 22391}}, {"type": "Feature", "geometry": {"type": "Point", "coordinates": [10.63091, 35.83491]}, "properties": {"record_id": "oai:u-bordeaux-montaigne.fr:340487", "symbol_class": "building", "pixel_x": 3992.9, "pixel_y": 2792.3, "easting": 565963.5, "northing": 281768.5, "epsg_source": 22391}}, {"type": "Feature", "geometry": {"type": "Point", "coordinates": [10.63143, 35.83482]}, "properties": {"record_id": "oai:u-bordeaux-montaigne.fr:340487", "symbol_class": "building", "pixel_x": 4004.3, "pixel_y": 2793.5, "easting": 566011.2, "northing": 281759.0, "epsg_source": 22391}}, {"type": "Feature", "geometry": {"type": "Point", "coordinates": [10.64108, 35.83406]}, "properties": {"record_id": "oai:u-bordeaux-montaigne.fr:340487", "symbol_class": "building", "pixel_x": 4210.5, "pixel_y": 2794.8, "easting": 566882.7, "northing": 281681.5, "epsg_source": 22391}}, {"type": "Feature", "geometry": {"type": "Point", "coordinates": [10.63496, 35.83452]}, "properties": {"record_id": "oai:u-bordeaux-montaigne.fr:340487", "symbol_class": "building", "pixel_x": 4079.7, "pixel_y": 2794.5, "easting": 566329.6, "northing": 281728.1, "epsg_source": 22391}}, {"type": "Feature", "geometry": {"type": "Point", "coordinates": [10.63055, 35.83464]}, "properties": {"record_id": "oai:u-bordeaux-montaigne.fr:340487", "symbol_class": "building", "pixel_x": 3985.9, "pixel_y": 2799.4, "easting": 565931.6, "northing": 281738.4, "epsg_source": 22391}}, {"type": "Feature", "geometry": {"type": "Point", "coordinates": [10.55303, 35.84012]}, "properties": {"record_id": "oai:u-bordeaux-montaigne.fr:340487", "symbol_class": "building", "pixel_x": 2329.0, "pixel_y": 2803.3, "easting": 558926.4, "northing": 282296.3, "epsg_source": 22391}}, {"type": "Feature", "geometry": {"type": "Point", "coordinates": [10.63298, 35.83437]}, "properties": {"record_id": "oai:u-bordeaux-montaigne.fr:340487", "symbol_class": "building", "pixel_x": 4038.0, "pixel_y": 2801.7, "easting": 566151.2, "northing": 281710.0, "epsg_source": 22391}}, {"type": "Feature", "geometry": {"type": "Point", "coordinates": [10.63257, 35.83429]}, "properties": {"record_id": "oai:u-bordeaux-montaigne.fr:340487", "symbol_class": "building", "pixel_x": 4029.5, "pixel_y": 2804.2, "easting": 566114.3, "northing": 281701.1, "epsg_source": 22391}}, {"type": "Feature", "geometry": {"type": "Point", "coordinates": [10.63387, 35.83408]}, "properties": {"record_id": "oai:u-bordeaux-montaigne.fr:340487", "symbol_class": "building", "pixel_x": 4057.6, "pixel_y": 2806.9, "easting": 566232.3, "northing": 281679.0, "epsg_source": 22391}}, {"type": "Feature", "geometry": {"type": "Point", "coordinates": [10.6209, 35.8349]}, "properties": {"record_id": "oai:u-bordeaux-montaigne.fr:340487", "symbol_class": "building", "pixel_x": 3780.5, "pixel_y": 2810.0, "easting": 565060.0, "northing": 281761.1, "epsg_source": 22391}}, {"type": "Feature", "geometry": {"type": "Point", "coordinates": [10.61755, 35.83514]}, "properties": {"record_id": "oai:u-bordeaux-montaigne.fr:340487", "symbol_class": "building", "pixel_x": 3708.7, "pixel_y": 2810.3, "easting": 564756.6, "northing": 281785.0, "epsg_source": 22391}}, {"type": "Feature", "geometry": {"type": "Point", "coordinates": [10.61899, 35.83486]}, "properties": {"record_id": "oai:u-bordeaux-montaigne.fr:340487", "symbol_class": "building", "pixel_x": 3740.0, "pixel_y": 2814.5, "easting": 564887.2, "northing": 281754.6, "epsg_source": 22391}}, {"type": "Feature", "geometry": {"type": "Point", "coordinates": [10.64295, 35.83316]}, "properties": {"record_id": "oai:u-bordeaux-montaigne.fr:340487", "symbol_class": "building", "pixel_x": 4252.1, "pixel_y": 2813.1, "easting": 567052.8, "northing": 281582.9, "epsg_source": 22391}}, {"type": "Feature", "geometry": {"type": "Point", "coordinates": [10.63873, 35.83326]}, "properties": {"record_id": "oai:u-bordeaux-montaigne.fr:340487", "symbol_class": "building", "pixel_x": 4162.3, "pixel_y": 2818.3, "easting": 566671.4, "northing": 281590.5, "epsg_source": 22391}}, {"type": "Feature", "geometry": {"type": "Point", "coordinates": [10.64212, 35.83296]}, "properties": {"record_id": "oai:u-bordeaux-montaigne.fr:340487", "symbol_class": "building", "pixel_x": 4234.9, "pixel_y": 2819.4, "easting": 566977.9, "northing": 281560.3, "epsg_source": 22391}}, {"type": "Feature", "geometry": {"type": "Point", "coordinates": [10.62112, 35.83426]}, "properties": {"record_id": "oai:u-bordeaux-montaigne.fr:340487", "symbol_class": "building", "pixel_x": 3786.3, "pixel_y": 2825.2, "easting": 565079.8, "northing": 281689.5, "epsg_source": 22391}}, {"type": "Feature", "geometry": {"type": "Point", "coordinates": [10.63596, 35.83304]}, "properties": {"record_id": "oai:u-bordeaux-montaigne.fr:340487", "symbol_class": "building", "pixel_x": 4104.0, "pixel_y": 2828.4, "easting": 566421.7, "northing": 281564.6, "epsg_source": 22391}}, {"type": "Feature", "geometry": {"type": "Point", "coordinates": [10.64139, 35.83251]}, "properties": {"record_id": "oai:u-bordeaux-montaigne.fr:340487", "symbol_class": "building", "pixel_x": 4220.3, "pixel_y": 2831.5, "easting": 566912.2, "northing": 281510.0, "epsg_source": 22391}}, {"type": "Feature", "geometry": {"type": "Point", "coordinates": [10.63914, 35.83265]}, "properties": {"record_id": "oai:u-bordeaux-montaigne.fr:340487", "symbol_class": "building", "pixel_x": 4172.4, "pixel_y": 2832.0, "easting": 566709.4, "northing": 281524.1, "epsg_source": 22391}}, {"type": "Feature", "geometry": {"type": "Point", "coordinates": [10.61744, 35.83417]}, "properties": {"record_id": "oai:u-bordeaux-montaigne.fr:340487", "symbol_class": "building", "pixel_x": 3708.4, "pixel_y": 2833.8, "easting": 564747.7, "northing": 281677.1, "epsg_source": 22391}}, {"type": "Feature", "geometry": {"type": "Point", "coordinates": [10.63621, 35.83271]}, "properties": {"record_id": "oai:u-bordeaux-montaigne.fr:340487", "symbol_class": "building", "pixel_x": 4109.9, "pixel_y": 2835.9, "easting": 566444.4, "northing": 281528.0, "epsg_source": 22391}}, {"type": "Feature", "geometry": {"type": "Point", "coordinates": [10.63846, 35.83258]}, "properties": {"record_id": "oai:u-bordeaux-montaigne.fr:340487", "symbol_class": "building", "pixel_x": 4157.9, "pixel_y": 2835.0, "easting": 566647.4, "northing": 281515.4, "epsg_source": 22391}}, {"type": "Feature", "geometry": {"type": "Point", "coordinates": [10.62163, 35.83373]}, "properties": {"record_id": "oai:u-bordeaux-montaigne.fr:340487", "symbol_class": "building", "pixel_x": 3798.2, "pixel_y": 2836.8, "easting": 565126.3, "northing": 281632.1, "epsg_source": 22391}}, {"type": "Feature", "geometry": {"type": "Point", "coordinates": [10.60939, 35.83443]}, "properties": {"record_id": "oai:u-bordeaux-montaigne.fr:340487", "symbol_class": "building", "pixel_x": 3537.1, "pixel_y": 2841.6, "easting": 564020.9, "northing": 281701.1, "epsg_source": 22391}}, {"type": "Feature", "geometry": {"type": "Point", "coordinates": [10.61869, 35.83391]}, "properties": {"record_id": "oai:u-bordeaux-montaigne.fr:340487", "symbol_class": "building", "pixel_x": 3735.5, "pixel_y": 2837.7, "easting": 564861.0, "northing": 281649.9, "epsg_source": 22391}}, {"type": "Feature", "geometry": {"type": "Point", "coordinates": [10.6302, 35.83298]}, "properties": {"record_id": "oai:u-bordeaux-montaigne.fr:340487", "symbol_class": "building", "pixel_x": 3981.8, "pixel_y": 2839.9, "easting": 565901.4, "northing": 281554.4, "epsg_source": 22391}}, {"type": "Feature", "geometry": {"type": "Point", "coordinates": [10.64145, 35.83204]}, "properties": {"record_id": "oai:u-bordeaux-montaigne.fr:340487", "symbol_class": "building", "pixel_x": 4222.5, "pixel_y": 2842.8, "easting": 566918.1, "northing": 281457.4, "epsg_source": 22391}}, {"type": "Feature", "geometry": {"type": "Point", "coordinates": [10.63602, 35.83233]}, "properties": {"record_id": "oai:u-bordeaux-montaigne.fr:340487", "symbol_class": "building", "pixel_x": 4106.6, "pixel_y": 2845.3, "easting": 566427.3, "northing": 281486.3, "epsg_source": 22391}}, {"type": "Feature", "geometry": {"type": "Point", "coordinates": [10.64056, 35.83203]}, "properties": {"record_id": "oai:u-bordeaux-montaigne.fr:340487", "symbol_class": "building", "pixel_x": 4203.7, "pixel_y": 2844.7, "easting": 566838.0, "northing": 281455.3, "epsg_source": 22391}}, {"type": "Feature", "geometry": {"type": "Point", "coordinates": [10.6192, 35.83341]}, "properties": {"record_id": "oai:u-bordeaux-montaigne.fr:340487", "symbol_class": "building", "pixel_x": 3747.2, "pixel_y": 2849.0, "easting": 564907.1, "northing": 281594.2, "epsg_source": 22391}}, {"type": "Feature", "geometry": {"type": "Point", "coordinates": [10.63889, 35.83197]}, "properties": {"record_id": "oai:u-bordeaux-montaigne.fr:340487", "symbol_class": "building", "pixel_x": 4168.2, "pixel_y": 2848.9, "easting": 566686.6, "northing": 281448.2, "epsg_source": 22391}}, {"type": "Feature", "geometry": {"type": "Point", "coordinates": [10.64918, 35.83114]}, "properties": {"record_id": "oai:u-bordeaux-montaigne.fr:340487", "symbol_class": "building", "pixel_x": 4388.5, "pixel_y": 2850.7, "easting": 567617.2, "northing": 281363.2, "epsg_source": 22391}}, {"type": "Feature", "geometry": {"type": "Point", "coordinates": [10.63793, 35.83195]}, "properties": {"record_id": "oai:u-bordeaux-montaigne.fr:340487", "symbol_class": "building", "pixel_x": 4147.9, "pixel_y": 2851.0, "easting": 566599.9, "northing": 281445.6, "epsg_source": 22391}}, {"type": "Feature", "geometry": {"type": "Point", "coordinates": [10.63962, 35.83185]}, "properties": {"record_id": "oai:u-bordeaux-montaigne.fr:340487", "symbol_class": "building", "pixel_x": 4184.2, "pixel_y": 2850.5, "easting": 566753.4, "northing": 281435.3, "epsg_source": 22391}}, {"type": "Feature", "geometry": {"type": "Point", "coordinates": [10.61739, 35.83325]}, "properties": {"record_id": "oai:u-bordeaux-montaigne.fr:340487", "symbol_class": "building", "pixel_x": 3709.2, "pixel_y": 2855.9, "easting": 564744.0, "northing": 281575.8, "epsg_source": 22391}}, {"type": "Feature", "geometry": {"type": "Point", "coordinates": [10.65048, 35.8309]}, "properties": {"record_id": "oai:u-bordeaux-montaigne.fr:340487", "symbol_class": "building", "pixel_x": 4416.5, "pixel_y": 2854.3, "easting": 567734.4, "northing": 281337.3, "epsg_source": 22391}}, {"type": "Feature", "geometry": {"type": "Point", "coordinates": [10.63872, 35.83148]}, "properties": {"record_id": "oai:u-bordeaux-montaigne.fr:340487", "symbol_class": "building", "pixel_x": 4165.8, "pixel_y": 2861.0, "easting": 566672.4, "northing": 281393.5, "epsg_source": 22391}}, {"type": "Feature", "geometry": {"type": "Point", "coordinates": [10.63788, 35.83138]}, "properties": {"record_id": "oai:u-bordeaux-montaigne.fr:340487", "symbol_class": "building", "pixel_x": 4148.1, "pixel_y": 2864.9, "easting": 566596.3, "northing": 281381.9, "epsg_source": 22391}}, {"type": "Feature", "geometry": {"type": "Point", "coordinates": [10.63717, 35.83135]}, "properties": {"record_id": "oai:u-bordeaux-montaigne.fr:340487", "symbol_class": "building", "pixel_x": 4133.0, "pixel_y": 2866.8, "easting": 566531.9, "northing": 281378.5, "epsg_source": 22391}}, {"type": "Feature", "geometry": {"type": "Point", "coordinates": [10.65126, 35.83032]}, "properties": {"record_id": "oai:u-bordeaux-montaigne.fr:340487", "symbol_class": "building", "pixel_x": 4434.3, "pixel_y": 2867.0, "easting": 567805.7, "northing": 281273.0, "epsg_source": 22391}}, {"type": "Feature", "geometry": {"type": "Point", "coordinates": [10.62032, 35.83238]}, "properties": {"record_id": "oai:u-bordeaux-montaigne.fr:340487", "symbol_class": "building", "pixel_x": 3773.2, "pixel_y": 2871.7, "easting": 565009.5, "northing": 281481.2, "epsg_source": 22391}}, {"type": "Feature", "geometry": {"type": "Point", "coordinates": [10.6325, 35.83151]}, "properties": {"record_id": "oai:u-bordeaux-montaigne.fr:340487", "symbol_class": "building", "pixel_x": 4033.6, "pixel_y": 2871.1, "easting": 566110.6, "northing": 281393.1, "epsg_source": 22391}}, {"type": "Feature", "geometry": {"type": "Point", "coordinates": [10.63626, 35.831]}, "properties": {"record_id": "oai:u-bordeaux-montaigne.fr:340487", "symbol_class": "building", "pixel_x": 4114.3, "pixel_y": 2877.0, "easting": 566449.9, "northing": 281338.4, "epsg_source": 22391}}, {"type": "Feature", "geometry": {"type": "Point", "coordinates": [10.63754, 35.83072]}, "properties": {"record_id": "oai:u-bordeaux-montaigne.fr:340487", "symbol_class": "building", "pixel_x": 4142.1, "pixel_y": 2881.5, "easting": 566565.9, "northing": 281308.1, "epsg_source": 22391}}, {"type": "Feature", "geometry": {"type": "Point", "coordinates": [10.63729, 35.83074]}, "properties": {"record_id": "oai:u-bordeaux-montaigne.fr:340487", "symbol_class": "building", "pixel_x": 4136.9, "pixel_y": 2881.2, "easting": 566544.0, "northing": 281311.0, "epsg_source": 22391}}, {"type": "Feature", "geometry": {"type": "Point", "coordinates": [10.65389, 35.82945]}, "properties": {"record_id": "oai:u-bordeaux-montaigne.fr:340487", "symbol_class": "building", "pixel_x": 4491.9, "pixel_y": 2883.1, "easting": 568043.8, "northing": 281178.9, "epsg_source": 22391}}, {"type": "Feature", "geometry": {"type": "Point", "coordinates": [10.63328, 35.83087]}, "properties": {"record_id": "oai:u-bordeaux-montaigne.fr:340487", "symbol_class": "building", "pixel_x": 4051.3, "pixel_y": 2885.4, "easting": 566180.8, "northing": 281321.7, "epsg_source": 22391}}, {"type": "Feature", "geometry": {"type": "Point", "coordinates": [10.63564, 35.83002]}, "properties": {"record_id": "oai:u-bordeaux-montaigne.fr:340487", "symbol_class": "building", "pixel_x": 4103.3, "pixel_y": 2901.6, "easting": 566395.2, "northing": 281229.5, "epsg_source": 22391}}, {"type": "Feature", "geometry": {"type": "Point", "coordinates": [10.63346, 35.82972]}, "properties": {"record_id": "oai:u-bordeaux-montaigne.fr:340487", "symbol_class": "building", "pixel_x": 4057.6, "pixel_y": 2912.6, "easting": 566198.9, "northing": 281194.6, "epsg_source": 22391}}, {"type": "Feature", "geometry": {"type": "Point", "coordinates": [10.63453, 35.82917]}, "properties": {"record_id": "oai:u-bordeaux-montaigne.fr:340487", "symbol_class": "building", "pixel_x": 4081.4, "pixel_y": 2923.9, "easting": 566295.8, "northing": 281134.7, "epsg_source": 22391}}, {"type": "Feature", "geometry": {"type": "Point", "coordinates": [10.6355, 35.82902]}, "properties": {"record_id": "oai:u-bordeaux-montaigne.fr:340487", "symbol_class": "building", "pixel_x": 4102.2, "pixel_y": 2926.0, "easting": 566382.9, "northing": 281118.0, "epsg_source": 22391}}, {"type": "Feature", "geometry": {"type": "Point", "coordinates": [10.63628, 35.82897]}, "properties": {"record_id": "oai:u-bordeaux-montaigne.fr:340487", "symbol_class": "building", "pixel_x": 4119.0, "pixel_y": 2925.7, "easting": 566454.2, "northing": 281113.4, "epsg_source": 22391}}, {"type": "Feature", "geometry": {"type": "Point", "coordinates": [10.65089, 35.82777]}, "properties": {"record_id": "oai:u-bordeaux-montaigne.fr:340487", "symbol_class": "building", "pixel_x": 4431.6, "pixel_y": 2928.9, "easting": 567774.4, "northing": 280990.1, "epsg_source": 22391}}, {"type": "Feature", "geometry": {"type": "Point", "coordinates": [10.63458, 35.82882]}, "properties": {"record_id": "oai:u-bordeaux-montaigne.fr:340487", "symbol_class": "building", "pixel_x": 4083.2, "pixel_y": 2932.3, "easting": 566300.4, "northing": 281095.5, "epsg_source": 22391}}, {"type": "Feature", "geometry": {"type": "Point", "coordinates": [10.63635, 35.82815]}, "properties": {"record_id": "oai:u-bordeaux-montaigne.fr:340487", "symbol_class": "building", "pixel_x": 4122.2, "pixel_y": 2945.2, "easting": 566461.2, "northing": 281022.8, "epsg_source": 22391}}, {"type": "Feature", "geometry": {"type": "Point", "coordinates": [10.65058, 35.82752]}, "properties": {"record_id": "oai:u-bordeaux-montaigne.fr:340487", "symbol_class": "building", "pixel_x": 4425.5, "pixel_y": 2935.5, "easting": 567746.5, "northing": 280962.0, "epsg_source": 22391}}, {"type": "Feature", "geometry": {"type": "Point", "coordinates": [10.65129, 35.82744]}, "properties": {"record_id": "oai:u-bordeaux-montaigne.fr:340487", "symbol_class": "building", "pixel_x": 4440.8, "pixel_y": 2936.0, "easting": 567810.9, "northing": 280954.4, "epsg_source": 22391}}, {"type": "Feature", "geometry": {"type": "Point", "coordinates": [10.63456, 35.82851]}, "properties": {"record_id": "oai:u-bordeaux-montaigne.fr:340487", "symbol_class": "building", "pixel_x": 4083.3, "pixel_y": 2939.7, "easting": 566298.5, "northing": 281061.5, "epsg_source": 22391}}, {"type": "Feature", "geometry": {"type": "Point", "coordinates": [10.5651, 35.8331]}, "properties": {"record_id": "oai:u-bordeaux-montaigne.fr:340487", "symbol_class": "building", "pixel_x": 2599.2, "pixel_y": 2951.1, "easting": 560021.3, "northing": 281525.1, "epsg_source": 22391}}, {"type": "Feature", "geometry": {"type": "Point", "coordinates": [10.6446, 35.82731]}, "properties": {"record_id": "oai:u-bordeaux-montaigne.fr:340487", "symbol_class": "building", "pixel_x": 4299.0, "pixel_y": 2951.0, "easting": 567207.0, "northing": 280935.1, "epsg_source": 22391}}, {"type": "Feature", "geometry": {"type": "Point", "coordinates": [10.63426, 35.82799]}, "properties": {"record_id": "oai:u-bordeaux-montaigne.fr:340487", "symbol_class": "building", "pixel_x": 4078.1, "pixel_y": 2952.8, "easting": 566272.4, "northing": 281003.5, "epsg_source": 22391}}, {"type": "Feature", "geometry": {"type": "Point", "coordinates": [10.63265, 35.82815]}, "properties": {"record_id": "oai:u-bordeaux-montaigne.fr:340487", "symbol_class": "building", "pixel_x": 4043.4, "pixel_y": 2951.7, "easting": 566126.2, "northing": 281020.6, "epsg_source": 22391}}, {"type": "Feature", "geometry": {"type": "Point", "coordinates": [10.63556, 35.82795]}, "properties": {"record_id": "oai:u-bordeaux-montaigne.fr:340487", "symbol_class": "building", "pixel_x": 4105.6, "pixel_y": 2951.4, "easting": 566389.2, "northing": 281000.3, "epsg_source": 22391}}, {"type": "Feature", "geometry": {"type": "Point", "coordinates": [10.62946, 35.82832]}, "properties": {"record_id": "oai:u-bordeaux-montaigne.fr:340487", "symbol_class": "building", "pixel_x": 3975.3, "pixel_y": 2953.4, "easting": 565837.9, "northing": 281036.6, "epsg_source": 22391}}, {"type": "Feature", "geometry": {"type": "Point", "coordinates": [10.63553, 35.82761]}, "properties": {"record_id": "oai:u-bordeaux-montaigne.fr:340487", "symbol_class": "building", "pixel_x": 4105.7, "pixel_y": 2959.7, "easting": 566387.1, "northing": 280962.0, "epsg_source": 22391}}, {"type": "Feature", "geometry": {"type": "Point", "coordinates": [10.63007, 35.82789]}, "properties": {"record_id": "oai:u-bordeaux-montaigne.fr:340487", "symbol_class": "building", "pixel_x": 3989.3, "pixel_y": 2962.5, "easting": 565894.2, "northing": 280990.0, "epsg_source": 22391}}, {"type": "Feature", "geometry": {"type": "Point", "coordinates": [10.63645, 35.82735]}, "properties": {"record_id": "oai:u-bordeaux-montaigne.fr:340487", "symbol_class": "building", "pixel_x": 4125.8, "pixel_y": 2964.5, "easting": 566470.4, "northing": 280933.4, "epsg_source": 22391}}, {"type": "Feature", "geometry": {"type": "Point", "coordinates": [10.56425, 35.83246]}, "properties": {"record_id": "oai:u-bordeaux-montaigne.fr:340487", "symbol_class": "building", "pixel_x": 2582.4, "pixel_y": 2967.9, "easting": 559945.3, "northing": 281454.1, "epsg_source": 22391}}, {"type": "Feature", "geometry": {"type": "Point", "coordinates": [10.64293, 35.82631]}, "properties": {"record_id": "oai:u-bordeaux-montaigne.fr:340487", "symbol_class": "building", "pixel_x": 4265.5, "pixel_y": 2977.8, "easting": 567056.9, "northing": 280823.6, "epsg_source": 22391}}, {"type": "Feature", "geometry": {"type": "Point", "coordinates": [10.56439, 35.832]}, "properties": {"record_id": "oai:u-bordeaux-montaigne.fr:340487", "symbol_class": "building", "pixel_x": 2586.3, "pixel_y": 2978.8, "easting": 559957.9, "northing": 281402.6, "epsg_source": 22391}}, {"type": "Feature", "geometry": {"type": "Point", "coordinates": [10.63429, 35.82671]}, "properties": {"record_id": "oai:u-bordeaux-montaigne.fr:340487", "symbol_class": "building", "pixel_x": 4081.2, "pixel_y": 2983.6, "easting": 566275.8, "northing": 280861.1, "epsg_source": 22391}}, {"type": "Feature", "geometry": {"type": "Point", "coordinates": [10.63031, 35.82695]}, "properties": {"record_id": "oai:u-bordeaux-montaigne.fr:340487", "symbol_class": "building", "pixel_x": 3996.3, "pixel_y": 2984.7, "easting": 565916.4, "northing": 280885.9, "epsg_source": 22391}}, {"type": "Feature", "geometry": {"type": "Point", "coordinates": [10.63388, 35.8264]}, "properties": {"record_id": "oai:u-bordeaux-montaigne.fr:340487", "symbol_class": "building", "pixel_x": 4073.2, "pixel_y": 2991.8, "easting": 566239.4, "northing": 280826.6, "epsg_source": 22391}}, {"type": "Feature", "geometry": {"type": "Point", "coordinates": [10.63341, 35.82592]}, "properties": {"record_id": "oai:u-bordeaux-montaigne.fr:340487", "symbol_class": "building", "pixel_x": 4064.1, "pixel_y": 3004.1, "easting": 566197.1, "northing": 280773.4, "epsg_source": 22391}}, {"type": "Feature", "geometry": {"type": "Point", "coordinates": [10.60103, 35.82806]}, "properties": {"record_id": "oai:u-bordeaux-montaigne.fr:340487", "symbol_class": "building", "pixel_x": 3372.2, "pixel_y": 3009.5, "easting": 563270.3, "northing": 280989.1, "epsg_source": 22391}}, {"type": "Feature", "geometry": {"type": "Point", "coordinates": [10.59564, 35.82831]}, "properties": {"record_id": "oai:u-bordeaux-montaigne.fr:340487", "symbol_class": "building", "pixel_x": 3257.3, "pixel_y": 3012.9, "easting": 562783.7, "northing": 281013.3, "epsg_source": 22391}}, {"type": "Feature", "geometry": {"type": "Point", "coordinates": [10.56162, 35.83081]}, "properties": {"record_id": "oai:u-bordeaux-montaigne.fr:340487", "symbol_class": "building", "pixel_x": 2529.8, "pixel_y": 3012.3, "easting": 559708.7, "northing": 281268.7, "epsg_source": 22391}}, {"type": "Feature", "geometry": {"type": "Point", "coordinates": [10.59513, 35.82834]}, "properties": {"record_id": "oai:u-bordeaux-montaigne.fr:340487", "symbol_class": "building", "pixel_x": 3246.4, "pixel_y": 3013.1, "easting": 562737.6, "northing": 281016.3, "epsg_source": 22391}}, {"type": "Feature", "geometry": {"type": "Point", "coordinates": [10.60169, 35.82789]}, "properties": {"record_id": "oai:u-bordeaux-montaigne.fr:340487", "symbol_class": "building", "pixel_x": 3386.7, "pixel_y": 3012.5, "easting": 563330.6, "northing": 280970.3, "epsg_source": 22391}}, {"type": "Feature", "geometry": {"type": "Point", "coordinates": [10.56387, 35.83052]}, "properties": {"record_id": "oai:u-bordeaux-montaigne.fr:340487", "symbol_class": "building", "pixel_x": 2578.3, "pixel_y": 3015.4, "easting": 559912.4, "northing": 281237.9, "epsg_source": 22391}}, {"type": "Feature", "geometry": {"type": "Point", "coordinates": [10.56321, 35.83058]}, "properties": {"record_id": "oai:u-bordeaux-montaigne.fr:340487", "symbol_class": "building", "pixel_x": 2564.0, "pixel_y": 3015.0, "easting": 559852.4, "northing": 281244.7, "epsg_source": 22391}}, {"type": "Feature", "geometry": {"type": "Point", "coordinates": [10.56214, 35.83064]}, "properties": {"record_id": "oai:u-bordeaux-montaigne.fr:340487", "symbol_class": "building", "pixel_x": 2541.3, "pixel_y": 3015.3, "easting": 559756.2, "northing": 281251.1, "epsg_source": 22391}}, {"type": "Feature", "geometry": {"type": "Point", "coordinates": [10.63558, 35.82509]}, "properties": {"record_id": "oai:u-bordeaux-montaigne.fr:340487", "symbol_class": "building", "pixel_x": 4112.0, "pixel_y": 3020.3, "easting": 566394.1, "northing": 280682.3, "epsg_source": 22391}}, {"type": "Feature", "geometry": {"type": "Point", "coordinates": [10.56266, 35.8304]}, "properties": {"record_id": "oai:u-bordeaux-montaigne.fr:340487", "symbol_class": "building", "pixel_x": 2552.7, "pixel_y": 3020.3, "easting": 559803.0, "northing": 281224.2, "epsg_source": 22391}}, {"type": "Feature", "geometry": {"type": "Point", "coordinates": [10.6352, 35.82508]}, "properties": {"record_id": "oai:u-bordeaux-montaigne.fr:340487", "symbol_class": "building", "pixel_x": 4103.9, "pixel_y": 3021.2, "easting": 566359.6, "northing": 280681.0, "epsg_source": 22391}}, {"type": "Feature", "geometry": {"type": "Point", "coordinates": [10.56138, 35.83027]}, "properties": {"record_id": "oai:u-bordeaux-montaigne.fr:340487", "symbol_class": "building", "pixel_x": 2525.9, "pixel_y": 3025.6, "easting": 559687.7, "northing": 281209.1, "epsg_source": 22391}}, {"type": "Feature", "geometry": {"type": "Point", "coordinates": [10.56361, 35.8301]}, "properties": {"record_id": "oai:u-bordeaux-montaigne.fr:340487", "symbol_class": "building", "pixel_x": 2573.6, "pixel_y": 3025.8, "easting": 559889.5, "northing": 281191.8, "epsg_source": 22391}}, {"type": "Feature", "geometry": {"type": "Point", "coordinates": [10.59551, 35.8278]}, "properties": {"record_id": "oai:u-bordeaux-montaigne.fr:340487", "symbol_class": "building", "pixel_x": 3255.5, "pixel_y": 3025.5, "easting": 562771.9, "northing": 280956.4, "epsg_source": 22391}}, {"type": "Feature", "geometry": {"type": "Point", "coordinates": [10.63616, 35.82478]}, "properties": {"record_id": "oai:u-bordeaux-montaigne.fr:340487", "symbol_class": "building", "pixel_x": 4124.9, "pixel_y": 3026.6, "easting": 566446.8, "northing": 280649.2, "epsg_source": 22391}}, {"type": "Feature", "geometry": {"type": "Point", "coordinates": [10.63562, 35.82477]}, "properties": {"record_id": "oai:u-bordeaux-montaigne.fr:340487", "symbol_class": "building", "pixel_x": 4113.4, "pixel_y": 3027.9, "easting": 566397.9, "northing": 280647.1, "epsg_source": 22391}}, {"type": "Feature", "geometry": {"type": "Point", "coordinates": [10.56294, 35.82996]}, "properties": {"record_id": "oai:u-bordeaux-montaigne.fr:340487", "symbol_class": "building", "pixel_x": 2559.7, "pixel_y": 3030.3, "easting": 559829.0, "northing": 281176.0, "epsg_source": 22391}}, {"type": "Feature", "geometry": {"type": "Point", "coordinates": [10.63511, 35.82469]}, "properties": {"record_id": "oai:u-bordeaux-montaigne.fr:340487", "symbol_class": "building", "pixel_x": 4102.8, "pixel_y": 3030.7, "easting": 566352.0, "northing": 280637.9, "epsg_source": 22391}}, {"type": "Feature", "geometry": {"type": "Point", "coordinates": [10.51795, 35.83303]}, "properties": {"record_id": "oai:u-bordeaux-montaigne.fr:340487", "symbol_class": "building", "pixel_x": 1598.0, "pixel_y": 3034.8, "easting": 555762.6, "northing": 281489.6, "epsg_source": 22391}}, {"type": "Feature", "geometry": {"type": "Point", "coordinates": [10.51589, 35.83321]}, "properties": {"record_id": "oai:u-bordeaux-montaigne.fr:340487", "symbol_class": "building", "pixel_x": 1554.0, "pixel_y": 3034.1, "easting": 555576.9, "northing": 281508.1, "epsg_source": 22391}}, {"type": "Feature", "geometry": {"type": "Point", "coordinates": [10.63926, 35.82423]}, "properties": {"record_id": "oai:u-bordeaux-montaigne.fr:340487", "symbol_class": "building", "pixel_x": 4191.8, "pixel_y": 3034.3, "easting": 566727.3, "northing": 280590.2, "epsg_source": 22391}}, {"type": "Feature", "geometry": {"type": "Point", "coordinates": [10.63108, 35.82466]}, "properties": {"record_id": "oai:u-bordeaux-montaigne.fr:340487", "symbol_class": "building", "pixel_x": 4017.3, "pixel_y": 3038.4, "easting": 565988.1, "northing": 280632.2, "epsg_source": 22391}}, {"type": "Feature", "geometry": {"type": "Point", "coordinates": [10.63469, 35.8243]}, "properties": {"record_id": "oai:u-bordeaux-montaigne.fr:340487", "symbol_class": "building", "pixel_x": 4094.5, "pixel_y": 3040.7, "easting": 566313.8, "northing": 280595.0, "epsg_source": 22391}}, {"type": "Feature", "geometry": {"type": "Point", "coordinates": [10.63541, 35.82434]}, "properties": {"record_id": "oai:u-bordeaux-montaigne.fr:340487", "symbol_class": "building", "pixel_x": 4109.8, "pixel_y": 3038.7, "easting": 566379.3, "northing": 280598.8, "epsg_source": 22391}}, {"type": "Feature", "geometry": {"type": "Point", "coordinates": [10.56486, 35.82934]}, "properties": {"record_id": "oai:u-bordeaux-montaigne.fr:340487", "symbol_class": "building", "pixel_x": 2601.6, "pixel_y": 3041.9, "easting": 560002.8, "northing": 281108.4, "epsg_source": 22391}}, {"type": "Feature", "geometry": {"type": "Point", "coordinates": [10.56436, 35.82937]}, "properties": {"record_id": "oai:u-bordeaux-montaigne.fr:340487", "symbol_class": "building", "pixel_x": 2591.0, "pixel_y": 3042.1, "easting": 559957.8, "northing": 281111.0, "epsg_source": 22391}}, {"type": "Feature", "geometry": {"type": "Point", "coordinates": [10.63849, 35.824]}, "properties": {"record_id": "oai:u-bordeaux-montaigne.fr:340487", "symbol_class": "building", "pixel_x": 4175.8, "pixel_y": 3041.3, "easting": 566657.3, "northing": 280564.0, "epsg_source": 22391}}, {"type": "Feature", "geometry": {"type": "Point", "coordinates": [10.56304, 35.82934]}, "properties": {"record_id": "oai:u-bordeaux-montaigne.fr:340487", "symbol_class": "building", "pixel_x": 2563.0, "pixel_y": 3045.1, "easting": 559838.5, "northing": 281107.1, "epsg_source": 22391}}, {"type": "Feature", "geometry": {"type": "Point", "coordinates": [10.63058, 35.82423]}, "properties": {"record_id": "oai:u-bordeaux-montaigne.fr:340487", "symbol_class": "building", "pixel_x": 4007.3, "pixel_y": 3049.6, "easting": 565942.5, "northing": 280584.4, "epsg_source": 22391}}, {"type": "Feature", "geometry": {"type": "Point", "coordinates": [10.63006, 35.82424]}, "properties": {"record_id": "oai:u-bordeaux-montaigne.fr:340487", "symbol_class": "building", "pixel_x": 3996.3, "pixel_y": 3050.3, "easting": 565895.7, "northing": 280585.0, "epsg_source": 22391}}, {"type": "Feature", "geometry": {"type": "Point", "coordinates": [10.56464, 35.8288]}, "properties": {"record_id": "oai:u-bordeaux-montaigne.fr:340487", "symbol_class": "building", "pixel_x": 2598.1, "pixel_y": 3055.3, "easting": 559983.5, "northing": 281047.9, "epsg_source": 22391}}, {"type": "Feature", "geometry": {"type": "Point", "coordinates": [10.56266, 35.82886]}, "properties": {"record_id": "oai:u-bordeaux-montaigne.fr:340487", "symbol_class": "building", "pixel_x": 2555.9, "pixel_y": 3057.4, "easting": 559804.4, "northing": 281053.2, "epsg_source": 22391}}, {"type": "Feature", "geometry": {"type": "Point", "coordinates": [10.56505, 35.82859]}, "properties": {"record_id": "oai:u-bordeaux-montaigne.fr:340487", "symbol_class": "building", "pixel_x": 2607.2, "pixel_y": 3059.7, "easting": 560020.6, "northing": 281024.7, "epsg_source": 22391}}, {"type": "Feature", "geometry": {"type": "Point", "coordinates": [10.51285, 35.83217]}, "properties": {"record_id": "oai:u-bordeaux-montaigne.fr:340487", "symbol_class": "building", "pixel_x": 1491.5, "pixel_y": 3064.2, "easting": 555302.9, "northing": 281391.6, "epsg_source": 22391}}, {"type": "Feature", "geometry": {"type": "Point", "coordinates": [10.644, 35.8224]}, "properties": {"record_id": "oai:u-bordeaux-montaigne.fr:340487", "symbol_class": "building", "pixel_x": 4296.0, "pixel_y": 3070.0, "easting": 567156.4, "northing": 280390.5, "epsg_source": 22391}}, {"type": "Feature", "geometry": {"type": "Point", "coordinates": [10.63527, 35.82306]}, "properties": {"record_id": "oai:u-bordeaux-montaigne.fr:340487", "symbol_class": "building", "pixel_x": 4109.4, "pixel_y": 3069.7, "easting": 566367.7, "northing": 280456.8, "epsg_source": 22391}}, {"type": "Feature", "geometry": {"type": "Point", "coordinates": [10.63575, 35.82301]}, "properties": {"record_id": "oai:u-bordeaux-montaigne.fr:340487", "symbol_class": "building", "pixel_x": 4119.7, "pixel_y": 3069.9, "easting": 566411.0, "northing": 280452.5, "epsg_source": 22391}}, {"type": "Feature", "geometry": {"type": "Point", "coordinates": [10.64439, 35.82234]}, "properties": {"record_id": "oai:u-bordeaux-montaigne.fr:340487", "symbol_class": "building", "pixel_x": 4304.6, "pixel_y": 3070.9, "easting": 567192.3, "northing": 280383.4, "epsg_source": 22391}}, {"type": "Feature", "geometry": {"type": "Point", "coordinates": [10.64349, 35.82225]}, "properties": {"record_id": "oai:u-bordeaux-montaigne.fr:340487", "symbol_class": "building", "pixel_x": 4285.6, "pixel_y": 3074.7, "easting": 567110.9, "northing": 280372.8, "epsg_source": 22391}}, {"type": "Feature", "geometry": {"type": "Point", "coordinates": [10.63859, 35.82226]}, "properties": {"record_id": "oai:u-bordeaux-montaigne.fr:340487", "symbol_class": "building", "pixel_x": 4181.5, "pixel_y": 3083.0, "easting": 566668.1, "northing": 280370.9, "epsg_source": 22391}}, {"type": "Feature", "geometry": {"type": "Point", "coordinates": [10.64314, 35.82168]}, "properties": {"record_id": "oai:u-bordeaux-montaigne.fr:340487", "symbol_class": "building", "pixel_x": 4279.4, "pixel_y": 3089.0, "easting": 567080.0, "northing": 280309.6, "epsg_source": 22391}}, {"type": "Feature", "geometry": {"type": "Point", "coordinates": [10.64567, 35.82161]}, "properties": {"record_id": "oai:u-bordeaux-montaigne.fr:340487", "symbol_class": "building", "pixel_x": 4333.1, "pixel_y": 3086.2, "easting": 567307.9, "northing": 280303.7, "epsg_source": 22391}}, {"type": "Feature", "geometry": {"type": "Point", "coordinates": [10.64397, 35.8211]}, "properties": {"record_id": "oai:u-bordeaux-montaigne.fr:340487", "symbol_class": "building", "pixel_x": 4298.0, "pixel_y": 3101.5, "easting": 567154.6, "northing": 280245.5, "epsg_source": 22391}}, {"type": "Feature", "geometry": {"type": "Point", "coordinates": [10.64186, 35.82107]}, "properties": {"record_id": "oai:u-bordeaux-montaigne.fr:340487", "symbol_class": "building", "pixel_x": 4253.3, "pixel_y": 3105.9, "easting": 566964.1, "northing": 280241.0, "epsg_source": 22391}}, {"type": "Feature", "geometry": {"type": "Point", "coordinates": [10.63656, 35.82127]}, "properties": {"record_id": "oai:u-bordeaux-montaigne.fr:340487", "symbol_class": "building", "pixel_x": 4140.5, "pixel_y": 3110.5, "easting": 566486.0, "northing": 280259.1, "epsg_source": 22391}}, {"type": "Feature", "geometry": {"type": "Point", "coordinates": [10.64387, 35.82065]}, "properties": {"record_id": "oai:u-bordeaux-montaigne.fr:340487", "symbol_class": "building", "pixel_x": 4296.8, "pixel_y": 3112.5, "easting": 567146.1, "northing": 280195.5, "epsg_source": 22391}}, {"type": "Feature", "geometry": {"type": "Point", "coordinates": [10.6361, 35.82116]}, "properties": {"record_id": "oai:u-bordeaux-montaigne.fr:340487", "symbol_class": "building", "pixel_x": 4130.8, "pixel_y": 3113.9, "easting": 566444.0, "northing": 280247.0, "epsg_source": 22391}}, {"type": "Feature", "geometry": {"type": "Point", "coordinates": [10.64436, 35.82043]}, "properties": {"record_id": "oai:u-bordeaux-montaigne.fr:340487", "symbol_class": "building", "pixel_x": 4307.8, "pixel_y": 3116.9, "easting": 567191.2, "northing": 280171.7, "epsg_source": 22391}}, {"type": "Feature", "geometry": {"type": "Point", "coordinates": [10.63524, 35.82103]}, "properties": {"record_id": "oai:u-bordeaux-montaigne.fr:340487", "symbol_class": "building", "pixel_x": 4112.9, "pixel_y": 3118.4, "easting": 566366.7, "northing": 280232.5, "epsg_source": 22391}}, {"type": "Feature", "geometry": {"type": "Point", "coordinates": [10.63431, 35.82074]}, "properties": {"record_id": "oai:u-bordeaux-montaigne.fr:340487", "symbol_class": "building", "pixel_x": 4093.8, "pixel_y": 3127.2, "easting": 566283.1, "northing": 280198.9, "epsg_source": 22391}}, {"type": "Feature", "geometry": {"type": "Point", "coordinates": [10.64408, 35.82016]}, "properties": {"record_id": "oai:u-bordeaux-montaigne.fr:340487", "symbol_class": "building", "pixel_x": 4302.2, "pixel_y": 3123.9, "easting": 567165.4, "northing": 280141.6, "epsg_source": 22391}}, {"type": "Feature", "geometry": {"type": "Point", "coordinates": [10.64458, 35.82022]}, "properties": {"record_id": "oai:u-bordeaux-montaigne.fr:340487", "symbol_class": "building", "pixel_x": 4312.9, "pixel_y": 3121.6, "easting": 567211.1, "northing": 280148.4, "epsg_source": 22391}}, {"type": "Feature", "geometry": {"type": "Point", "coordinates": [10.55732, 35.82637]}, "properties": {"record_id": "oai:u-bordeaux-montaigne.fr:340487", "symbol_class": "building", "pixel_x": 2447.5, "pixel_y": 3126.6, "easting": 559324.3, "northing": 280773.7, "epsg_source": 22391}}, {"type": "Feature", "geometry": {"type": "Point", "coordinates": [10.56595, 35.82577]}, "properties": {"record_id": "oai:u-bordeaux-montaigne.fr:340487", "symbol_class": "building", "pixel_x": 2631.8, "pixel_y": 3126.0, "easting": 560103.5, "northing": 280712.4, "epsg_source": 22391}}, {"type": "Feature", "geometry": {"type": "Point", "coordinates": [10.57655, 35.82469]}, "properties": {"record_id": "oai:u-bordeaux-montaigne.fr:340487", "symbol_class": "building", "pixel_x": 2859.2, "pixel_y": 3133.4, "easting": 561062.4, "northing": 280599.5, "epsg_source": 22391}}, {"type": "Feature", "geometry": {"type": "Point", "coordinates": [10.6436, 35.81979]}, "properties": {"record_id": "oai:u-bordeaux-montaigne.fr:340487", "symbol_class": "building", "pixel_x": 4292.9, "pixel_y": 3133.7, "easting": 567122.8, "northing": 280099.9, "epsg_source": 22391}}, {"type": "Feature", "geometry": {"type": "Point", "coordinates": [10.6438, 35.81941]}, "properties": {"record_id": "oai:u-bordeaux-montaigne.fr:340487", "symbol_class": "building", "pixel_x": 4297.9, "pixel_y": 3142.3, "easting": 567141.3, "northing": 280058.9, "epsg_source": 22391}}, {"type": "Feature", "geometry": {"type": "Point", "coordinates": [10.64681, 35.81906]}, "properties": {"record_id": "oai:u-bordeaux-montaigne.fr:340487", "symbol_class": "building", "pixel_x": 4362.5, "pixel_y": 3145.6, "easting": 567413.3, "northing": 280021.1, "epsg_source": 22391}}, {"type": "Feature", "geometry": {"type": "Point", "coordinates": [10.55546, 35.8255]}, "properties": {"record_id": "oai:u-bordeaux-montaigne.fr:340487", "symbol_class": "building", "pixel_x": 2409.6, "pixel_y": 3150.8, "easting": 559156.1, "northing": 280676.0, "epsg_source": 22391}}, {"type": "Feature", "geometry": {"type": "Point", "coordinates": [10.56468, 35.82481]}, "properties": {"record_id": "oai:u-bordeaux-montaigne.fr:340487", "symbol_class": "building", "pixel_x": 2606.8, "pixel_y": 3151.2, "easting": 559989.8, "northing": 280605.5, "epsg_source": 22391}}, {"type": "Feature", "geometry": {"type": "Point", "coordinates": [10.64521, 35.81902]}, "properties": {"record_id": "oai:u-bordeaux-montaigne.fr:340487", "symbol_class": "building", "pixel_x": 4328.5, "pixel_y": 3149.3, "easting": 567268.4, "northing": 280016.0, "epsg_source": 22391}}, {"type": "Feature", "geometry": {"type": "Point", "coordinates": [10.64231, 35.81794]}, "properties": {"record_id": "oai:u-bordeaux-montaigne.fr:340487", "symbol_class": "building", "pixel_x": 4269.2, "pixel_y": 3180.3, "easting": 567007.6, "northing": 279894.7, "epsg_source": 22391}}, {"type": "Feature", "geometry": {"type": "Point", "coordinates": [10.55667, 35.82404]}, "properties": {"record_id": "oai:u-bordeaux-montaigne.fr:340487", "symbol_class": "building", "pixel_x": 2438.3, "pixel_y": 3183.8, "easting": 559267.0, "northing": 280514.8, "epsg_source": 22391}}, {"type": "Feature", "geometry": {"type": "Point", "coordinates": [10.56281, 35.82343]}, "properties": {"record_id": "oai:u-bordeaux-montaigne.fr:340487", "symbol_class": "building", "pixel_x": 2569.9, "pixel_y": 3187.6, "easting": 559822.4, "northing": 280451.7, "epsg_source": 22391}}, {"type": "Feature", "geometry": {"type": "Point", "coordinates": [10.63213, 35.81841]}, "properties": {"record_id": "oai:u-bordeaux-montaigne.fr:340487", "symbol_class": "building", "pixel_x": 4052.0, "pixel_y": 3187.0, "easting": 566087.5, "northing": 279939.3, "epsg_source": 22391}}, {"type": "Feature", "geometry": {"type": "Point", "coordinates": [10.6466, 35.81718]}, "properties": {"record_id": "oai:u-bordeaux-montaigne.fr:340487", "symbol_class": "building", "pixel_x": 4361.8, "pixel_y": 3191.2, "easting": 567395.6, "northing": 279812.6, "epsg_source": 22391}}, {"type": "Feature", "geometry": {"type": "Point", "coordinates": [10.63394, 35.81773]}, "properties": {"record_id": "oai:u-bordeaux-montaigne.fr:340487", "symbol_class": "building", "pixel_x": 4091.8, "pixel_y": 3200.1, "easting": 566251.5, "northing": 279865.4, "epsg_source": 22391}}, {"type": "Feature", "geometry": {"type": "Point", "coordinates": [10.5336, 35.82482]}, "properties": {"record_id": "oai:u-bordeaux-montaigne.fr:340487", "symbol_class": "building", "pixel_x": 1946.7, "pixel_y": 3205.0, "easting": 557182.4, "northing": 280588.5, "epsg_source": 22391}}, {"type": "Feature", "geometry": {"type": "Point", "coordinates": [10.56484, 35.82218]}, "properties": {"record_id": "oai:u-bordeaux-montaigne.fr:340487", "symbol_class": "building", "pixel_x": 2615.6, "pixel_y": 3214.2, "easting": 560006.7, "northing": 280313.9, "epsg_source": 22391}}, {"type": "Feature", "geometry": {"type": "Point", "coordinates": [10.6507, 35.81529]}, "properties": {"record_id": "oai:u-bordeaux-montaigne.fr:340487", "symbol_class": "building", "pixel_x": 4452.7, "pixel_y": 3229.2, "easting": 567767.9, "northing": 279606.5, "epsg_source": 22391}}, {"type": "Feature", "geometry": {"type": "Point", "coordinates": [10.64768, 35.81547]}, "properties": {"record_id": "oai:u-bordeaux-montaigne.fr:340487", "symbol_class": "building", "pixel_x": 4388.2, "pixel_y": 3230.4, "easting": 567494.6, "northing": 279623.6, "epsg_source": 22391}}, {"type": "Feature", "geometry": {"type": "Point", "coordinates": [10.65118, 35.81475]}, "properties": {"record_id": "oai:u-bordeaux-montaigne.fr:340487", "symbol_class": "building", "pixel_x": 4464.1, "pixel_y": 3241.6, "easting": 567812.1, "northing": 279546.2, "epsg_source": 22391}}, {"type": "Feature", "geometry": {"type": "Point", "coordinates": [10.64809, 35.81487]}, "properties": {"record_id": "oai:u-bordeaux-montaigne.fr:340487", "symbol_class": "building", "pixel_x": 4398.2, "pixel_y": 3244.1, "easting": 567532.9, "northing": 279557.5, "epsg_source": 22391}}, {"type": "Feature", "geometry": {"type": "Point", "coordinates": [10.64891, 35.81394]}, "properties": {"record_id": "oai:u-bordeaux-montaigne.fr:340487", "symbol_class": "building", "pixel_x": 4417.4, "pixel_y": 3264.9, "easting": 567607.3, "northing": 279455.5, "epsg_source": 22391}}, {"type": "Feature", "geometry": {"type": "Point", "coordinates": [10.57744, 35.81883]}, "properties": {"record_id": "oai:u-bordeaux-montaigne.fr:340487", "symbol_class": "building", "pixel_x": 2889.6, "pixel_y": 3272.8, "easting": 561146.6, "northing": 279950.3, "epsg_source": 22391}}, {"type": "Feature", "geometry": {"type": "Point", "coordinates": [10.57798, 35.81861]}, "properties": {"record_id": "oai:u-bordeaux-montaigne.fr:340487", "symbol_class": "building", "pixel_x": 2901.6, "pixel_y": 3277.0, "easting": 561195.9, "northing": 279926.6, "epsg_source": 22391}}, {"type": "Feature", "geometry": {"type": "Point", "coordinates": [10.65197, 35.81314]}, "properties": {"record_id": "oai:u-bordeaux-montaigne.fr:340487", "symbol_class": "building", "pixel_x": 4483.9, "pixel_y": 3278.8, "easting": 567884.1, "northing": 279368.5, "epsg_source": 22391}}, {"type": "Feature", "geometry": {"type": "Point", "coordinates": [10.64965, 35.81306]}, "properties": {"record_id": "oai:u-bordeaux-montaigne.fr:340487", "symbol_class": "building", "pixel_x": 4435.0, "pixel_y": 3284.8, "easting": 567675.1, "northing": 279358.0, "epsg_source": 22391}}, {"type": "Feature", "geometry": {"type": "Point", "coordinates": [10.5773, 35.81822]}, "properties": {"record_id": "oai:u-bordeaux-montaigne.fr:340487", "symbol_class": "building", "pixel_x": 2888.1, "pixel_y": 3287.6, "easting": 561135.2, "northing": 279882.8, "epsg_source": 22391}}, {"type": "Feature", "geometry": {"type": "Point", "coordinates": [10.57823, 35.81816]}, "properties": {"record_id": "oai:u-bordeaux-montaigne.fr:340487", "symbol_class": "building", "pixel_x": 2907.8, "pixel_y": 3287.5, "easting": 561218.5, "northing": 279876.4, "epsg_source": 22391}}, {"type": "Feature", "geometry": {"type": "Point", "coordinates": [10.64982, 35.81267]}, "properties": {"record_id": "oai:u-bordeaux-montaigne.fr:340487", "symbol_class": "building", "pixel_x": 4439.4, "pixel_y": 3293.8, "easting": 567691.1, "northing": 279315.2, "epsg_source": 22391}}, {"type": "Feature", "geometry": {"type": "Point", "coordinates": [10.54975, 35.81947]}, "properties": {"record_id": "oai:u-bordeaux-montaigne.fr:340487", "symbol_class": "building", "pixel_x": 2300.4, "pixel_y": 3305.7, "easting": 558645.5, "northing": 280004.3, "epsg_source": 22391}}, {"type": "Feature", "geometry": {"type": "Point", "coordinates": [10.55706, 35.819]}, "properties": {"record_id": "oai:u-bordeaux-montaigne.fr:340487", "symbol_class": "building", "pixel_x": 2456.7, "pixel_y": 3304.3, "easting": 559306.2, "northing": 279956.3, "epsg_source": 22391}}, {"type": "Feature", "geometry": {"type": "Point", "coordinates": [10.64437, 35.8126]}, "properties": {"record_id": "oai:u-bordeaux-montaigne.fr:340487", "symbol_class": "building", "pixel_x": 4323.7, "pixel_y": 3305.1, "easting": 567198.4, "northing": 279303.6, "epsg_source": 22391}}, {"type": "Feature", "geometry": {"type": "Point", "coordinates": [10.55761, 35.81864]}, "properties": {"record_id": "oai:u-bordeaux-montaigne.fr:340487", "symbol_class": "building", "pixel_x": 2469.0, "pixel_y": 3311.9, "easting": 559356.0, "northing": 279916.9, "epsg_source": 22391}}, {"type": "Feature", "geometry": {"type": "Point", "coordinates": [10.65038, 35.8121]}, "properties": {"record_id": "oai:u-bordeaux-montaigne.fr:340487", "symbol_class": "building", "pixel_x": 4452.3, "pixel_y": 3306.7, "easting": 567741.7, "northing": 279251.9, "epsg_source": 22391}}, {"type": "Feature", "geometry": {"type": "Point", "coordinates": [10.55691, 35.8186]}, "properties": {"record_id": "oai:u-bordeaux-montaigne.fr:340487", "symbol_class": "building", "pixel_x": 2454.2, "pixel_y": 3314.1, "easting": 559292.7, "northing": 279912.1, "epsg_source": 22391}}, {"type": "Feature", "geometry": {"type": "Point", "coordinates": [10.50295, 35.82201]}, "properties": {"record_id": "oai:u-bordeaux-montaigne.fr:340487", "symbol_class": "building", "pixel_x": 1301.4, "pixel_y": 3325.8, "easting": 554416.0, "northing": 280259.2, "epsg_source": 22391}}, {"type": "Feature", "geometry": {"type": "Point", "coordinates": [10.50255, 35.82187]}, "properties": {"record_id": "oai:u-bordeaux-montaigne.fr:340487", "symbol_class": "building", "pixel_x": 1293.3, "pixel_y": 3329.9, "easting": 554380.2, "northing": 280243.1, "epsg_source": 22391}}, {"type": "Feature", "geometry": {"type": "Point", "coordinates": [10.65225, 35.81066]}, "properties": {"record_id": "oai:u-bordeaux-montaigne.fr:340487", "symbol_class": "building", "pixel_x": 4494.9, "pixel_y": 3338.0, "easting": 567911.6, "northing": 279093.6, "epsg_source": 22391}}, {"type": "Feature", "geometry": {"type": "Point", "coordinates": [10.65593, 35.81027]}, "properties": {"record_id": "oai:u-bordeaux-montaigne.fr:340487", "symbol_class": "building", "pixel_x": 4573.9, "pixel_y": 3340.9, "easting": 568244.5, "northing": 279053.0, "epsg_source": 22391}}, {"type": "Feature", "geometry": {"type": "Point", "coordinates": [10.65334, 35.80928]}, "properties": {"record_id": "oai:u-bordeaux-montaigne.fr:340487", "symbol_class": "building", "pixel_x": 4521.0, "pixel_y": 3369.3, "easting": 568011.9, "northing": 278941.2, "epsg_source": 22391}}, {"type": "Feature", "geometry": {"type": "Point", "coordinates": [10.59069, 35.81363]}, "properties": {"record_id": "oai:u-bordeaux-montaigne.fr:340487", "symbol_class": "building", "pixel_x": 3181.5, "pixel_y": 3374.5, "easting": 562348.0, "northing": 279382.5, "epsg_source": 22391}}, {"type": "Feature", "geometry": {"type": "Point", "coordinates": [10.65543, 35.80859]}, "properties": {"record_id": "oai:u-bordeaux-montaigne.fr:340487", "symbol_class": "building", "pixel_x": 4566.6, "pixel_y": 3382.1, "easting": 568200.7, "northing": 278866.6, "epsg_source": 22391}}, {"type": "Feature", "geometry": {"type": "Point", "coordinates": [10.59101, 35.81305]}, "properties": {"record_id": "oai:u-bordeaux-montaigne.fr:340487", "symbol_class": "building", "pixel_x": 3189.5, "pixel_y": 3388.1, "easting": 562377.5, "northing": 279317.8, "epsg_source": 22391}}, {"type": "Feature", "geometry": {"type": "Point", "coordinates": [10.59047, 35.81299]}, "properties": {"record_id": "oai:u-bordeaux-montaigne.fr:340487", "symbol_class": "building", "pixel_x": 3178.2, "pixel_y": 3390.5, "easting": 562328.9, "northing": 279310.3, "epsg_source": 22391}}, {"type": "Feature", "geometry": {"type": "Point", "coordinates": [10.65652, 35.8079]}, "properties": {"record_id": "oai:u-bordeaux-montaigne.fr:340487", "symbol_class": "building", "pixel_x": 4591.3, "pixel_y": 3396.8, "easting": 568300.2, "northing": 278790.6, "epsg_source": 22391}}, {"type": "Feature", "geometry": {"type": "Point", "coordinates": [10.53549, 35.81667]}, "properties": {"record_id": "oai:u-bordeaux-montaigne.fr:340487", "symbol_class": "building", "pixel_x": 2003.1, "pixel_y": 3397.9, "easting": 557359.2, "northing": 279684.7, "epsg_source": 22391}}, {"type": "Feature", "geometry": {"type": "Point", "coordinates": [10.65771, 35.80722]}, "properties": {"record_id": "oai:u-bordeaux-montaigne.fr:340487", "symbol_class": "building", "pixel_x": 4617.9, "pixel_y": 3411.1, "easting": 568408.2, "northing": 278715.8, "epsg_source": 22391}}, {"type": "Feature", "geometry": {"type": "Point", "coordinates": [10.65679, 35.80715]}, "properties": {"record_id": "oai:u-bordeaux-montaigne.fr:340487", "symbol_class": "building", "pixel_x": 4598.5, "pixel_y": 3414.3, "easting": 568325.0, "northing": 278708.1, "epsg_source": 22391}}, {"type": "Feature", "geometry": {"type": "Point", "coordinates": [10.53536, 35.81578]}, "properties": {"record_id": "oai:u-bordeaux-montaigne.fr:340487", "symbol_class": "building", "pixel_x": 2002.1, "pixel_y": 3419.4, "easting": 557348.0, "northing": 279586.7, "epsg_source": 22391}}, {"type": "Feature", "geometry": {"type": "Point", "coordinates": [10.65749, 35.80672]}, "properties": {"record_id": "oai:u-bordeaux-montaigne.fr:340487", "symbol_class": "building", "pixel_x": 4614.2, "pixel_y": 3423.6, "easting": 568388.4, "northing": 278659.9, "epsg_source": 22391}}, {"type": "Feature", "geometry": {"type": "Point", "coordinates": [10.65837, 35.80663]}, "properties": {"record_id": "oai:u-bordeaux-montaigne.fr:340487", "symbol_class": "building", "pixel_x": 4633.0, "pixel_y": 3424.1, "easting": 568467.9, "northing": 278650.9, "epsg_source": 22391}}, {"type": "Feature", "geometry": {"type": "Point", "coordinates": [10.64821, 35.80678]}, "properties": {"record_id": "oai:u-bordeaux-montaigne.fr:340487", "symbol_class": "building", "pixel_x": 4416.9, "pixel_y": 3438.4, "easting": 567549.9, "northing": 278660.5, "epsg_source": 22391}}, {"type": "Feature", "geometry": {"type": "Point", "coordinates": [10.65916, 35.80606]}, "properties": {"record_id": "oai:u-bordeaux-montaigne.fr:340487", "symbol_class": "building", "pixel_x": 4651.1, "pixel_y": 3436.5, "easting": 568540.3, "northing": 278587.8, "epsg_source": 22391}}, {"type": "Feature", "geometry": {"type": "Point", "coordinates": [10.52728, 35.81496]}, "properties": {"record_id": "oai:u-bordeaux-montaigne.fr:340487", "symbol_class": "building", "pixel_x": 1832.2, "pixel_y": 3453.2, "easting": 556618.9, "northing": 279490.7, "epsg_source": 22391}}, {"type": "Feature", "geometry": {"type": "Point", "coordinates": [10.66062, 35.80534]}, "properties": {"record_id": "oai:u-bordeaux-montaigne.fr:340487", "symbol_class": "building", "pixel_x": 4683.6, "pixel_y": 3451.0, "easting": 568673.0, "northing": 278510.0, "epsg_source": 22391}}, {"type": "Feature", "geometry": {"type": "Point", "coordinates": [10.65855, 35.80519]}, "properties": {"record_id": "oai:u-bordeaux-montaigne.fr:340487", "symbol_class": "building", "pixel_x": 4639.9, "pixel_y": 3458.3, "easting": 568486.2, "northing": 278491.6, "epsg_source": 22391}}, {"type": "Feature", "geometry": {"type": "Point", "coordinates": [10.55143, 35.81287]}, "properties": {"record_id": "oai:u-bordeaux-montaigne.fr:340487", "symbol_class": "building", "pixel_x": 2349.1, "pixel_y": 3461.5, "easting": 558801.6, "northing": 279273.2, "epsg_source": 22391}}, {"type": "Feature", "geometry": {"type": "Point", "coordinates": [10.59092, 35.8097]}, "properties": {"record_id": "oai:u-bordeaux-montaigne.fr:340487", "symbol_class": "building", "pixel_x": 3194.3, "pixel_y": 3468.8, "easting": 562371.8, "northing": 278946.2, "epsg_source": 22391}}, {"type": "Feature", "geometry": {"type": "Point", "coordinates": [10.59258, 35.8094]}, "properties": {"record_id": "oai:u-bordeaux-montaigne.fr:340487", "symbol_class": "building", "pixel_x": 3230.1, "pixel_y": 3473.1, "easting": 562521.9, "northing": 278914.0, "epsg_source": 22391}}, {"type": "Feature", "geometry": {"type": "Point", "coordinates": [10.65969, 35.80423]}, "properties": {"record_id": "oai:u-bordeaux-montaigne.fr:340487", "symbol_class": "building", "pixel_x": 4665.9, "pixel_y": 3479.5, "easting": 568589.4, "northing": 278385.5, "epsg_source": 22391}}, {"type": "Feature", "geometry": {"type": "Point", "coordinates": [10.55108, 35.81207]}, "properties": {"record_id": "oai:u-bordeaux-montaigne.fr:340487", "symbol_class": "building", "pixel_x": 2343.4, "pixel_y": 3481.5, "easting": 558771.1, "northing": 279183.8, "epsg_source": 22391}}, {"type": "Feature", "geometry": {"type": "Point", "coordinates": [10.66492, 35.80367]}, "properties": {"record_id": "oai:u-bordeaux-montaigne.fr:340487", "symbol_class": "building", "pixel_x": 4778.1, "pixel_y": 3483.8, "easting": 569062.4, "northing": 278327.1, "epsg_source": 22391}}, {"type": "Feature", "geometry": {"type": "Point", "coordinates": [10.63589, 35.80535]}, "properties": {"record_id": "oai:u-bordeaux-montaigne.fr:340487", "symbol_class": "building", "pixel_x": 4158.1, "pixel_y": 3494.4, "easting": 566438.0, "northing": 278493.9, "epsg_source": 22391}}, {"type": "Feature", "geometry": {"type": "Point", "coordinates": [10.66205, 35.80336]}, "properties": {"record_id": "oai:u-bordeaux-montaigne.fr:340487", "symbol_class": "building", "pixel_x": 4717.8, "pixel_y": 3496.2, "easting": 568803.5, "northing": 278291.3, "epsg_source": 22391}}, {"type": "Feature", "geometry": {"type": "Point", "coordinates": [10.63628, 35.80518]}, "properties": {"record_id": "oai:u-bordeaux-montaigne.fr:340487", "symbol_class": "building", "pixel_x": 4166.9, "pixel_y": 3498.0, "easting": 566474.0, "northing": 278474.5, "epsg_source": 22391}}, {"type": "Feature", "geometry": {"type": "Point", "coordinates": [10.52004, 35.81325]}, "properties": {"record_id": "oai:u-bordeaux-montaigne.fr:340487", "symbol_class": "building", "pixel_x": 1681.8, "pixel_y": 3506.9, "easting": 555966.2, "northing": 279297.1, "epsg_source": 22391}}, {"type": "Feature", "geometry": {"type": "Point", "coordinates": [10.61421, 35.80634]}, "properties": {"record_id": "oai:u-bordeaux-montaigne.fr:340487", "symbol_class": "building", "pixel_x": 3695.6, "pixel_y": 3508.8, "easting": 564478.5, "northing": 278588.5, "epsg_source": 22391}}, {"type": "Feature", "geometry": {"type": "Point", "coordinates": [10.5144, 35.81367]}, "properties": {"record_id": "oai:u-bordeaux-montaigne.fr:340487", "symbol_class": "building", "pixel_x": 1561.1, "pixel_y": 3506.5, "easting": 555456.1, "northing": 279340.7, "epsg_source": 22391}}, {"type": "Feature", "geometry": {"type": "Point", "coordinates": [10.51662, 35.81336]}, "properties": {"record_id": "oai:u-bordeaux-montaigne.fr:340487", "symbol_class": "building", "pixel_x": 1608.9, "pixel_y": 3510.2, "easting": 555656.8, "northing": 279307.2, "epsg_source": 22391}}, {"type": "Feature", "geometry": {"type": "Point", "coordinates": [10.66622, 35.80213]}, "properties": {"record_id": "oai:u-bordeaux-montaigne.fr:340487", "symbol_class": "building", "pixel_x": 4808.9, "pixel_y": 3518.4, "easting": 569181.3, "northing": 278157.6, "epsg_source": 22391}}, {"type": "Feature", "geometry": {"type": "Point", "coordinates": [10.66711, 35.80205]}, "properties": {"record_id": "oai:u-bordeaux-montaigne.fr:340487", "symbol_class": "building", "pixel_x": 4828.1, "pixel_y": 3518.8, "easting": 569262.2, "northing": 278149.3, "epsg_source": 22391}}, {"type": "Feature", "geometry": {"type": "Point", "coordinates": [10.66015, 35.80235]}, "properties": {"record_id": "oai:u-bordeaux-montaigne.fr:340487", "symbol_class": "building", "pixel_x": 4679.6, "pixel_y": 3523.9, "easting": 568633.0, "northing": 278177.3, "epsg_source": 22391}}, {"type": "Feature", "geometry": {"type": "Point", "coordinates": [10.66293, 35.802]}, "properties": {"record_id": "oai:u-bordeaux-montaigne.fr:340487", "symbol_class": "building", "pixel_x": 4739.3, "pixel_y": 3527.3, "easting": 568884.3, "northing": 278141.0, "epsg_source": 22391}}, {"type": "Feature", "geometry": {"type": "Point", "coordinates": [10.66779, 35.80155]}, "properties": {"record_id": "oai:u-bordeaux-montaigne.fr:340487", "symbol_class": "building", "pixel_x": 4843.4, "pixel_y": 3529.7, "easting": 569323.6, "northing": 278093.9, "epsg_source": 22391}}, {"type": "Feature", "geometry": {"type": "Point", "coordinates": [10.5198, 35.8122]}, "properties": {"record_id": "oai:u-bordeaux-montaigne.fr:340487", "symbol_class": "building", "pixel_x": 1678.6, "pixel_y": 3532.7, "easting": 555944.6, "northing": 279179.8, "epsg_source": 22391}}, {"type": "Feature", "geometry": {"type": "Point", "coordinates": [10.66841, 35.80126]}, "properties": {"record_id": "oai:u-bordeaux-montaigne.fr:340487", "symbol_class": "building", "pixel_x": 4857.1, "pixel_y": 3535.6, "easting": 569379.8, "northing": 278062.3, "epsg_source": 22391}}, {"type": "Feature", "geometry": {"type": "Point", "coordinates": [10.6653, 35.80086]}, "properties": {"record_id": "oai:u-bordeaux-montaigne.fr:340487", "symbol_class": "building", "pixel_x": 4792.0, "pixel_y": 3550.6, "easting": 569099.8, "northing": 278016.1, "epsg_source": 22391}}, {"type": "Feature", "geometry": {"type": "Point", "coordinates": [10.51225, 35.81178]}, "properties": {"record_id": "oai:u-bordeaux-montaigne.fr:340487", "symbol_class": "building", "pixel_x": 1519.1, "pixel_y": 3555.9, "easting": 555262.9, "northing": 279129.1, "epsg_source": 22391}}, {"type": "Feature", "geometry": {"type": "Point", "coordinates": [10.50982, 35.81177]}, "properties": {"record_id": "oai:u-bordeaux-montaigne.fr:340487", "symbol_class": "building", "pixel_x": 1467.5, "pixel_y": 3560.4, "easting": 555043.4, "northing": 279126.5, "epsg_source": 22391}}, {"type": "Feature", "geometry": {"type": "Point", "coordinates": [10.67197, 35.8]}, "properties": {"record_id": "oai:u-bordeaux-montaigne.fr:340487", "symbol_class": "building", "pixel_x": 4935.4, "pixel_y": 3559.5, "easting": 569703.1, "northing": 277925.2, "epsg_source": 22391}}, {"type": "Feature", "geometry": {"type": "Point", "coordinates": [10.663, 35.80057]}, "properties": {"record_id": "oai:u-bordeaux-montaigne.fr:340487", "symbol_class": "building", "pixel_x": 4743.7, "pixel_y": 3561.7, "easting": 568892.0, "northing": 277981.9, "epsg_source": 22391}}, {"type": "Feature", "geometry": {"type": "Point", "coordinates": [10.66637, 35.80021]}, "properties": {"record_id": "oai:u-bordeaux-montaigne.fr:340487", "symbol_class": "building", "pixel_x": 4816.1, "pixel_y": 3564.5, "easting": 569197.1, "northing": 277944.1, "epsg_source": 22391}}, {"type": "Feature", "geometry": {"type": "Point", "coordinates": [10.66753, 35.79995]}, "properties": {"record_id": "oai:u-bordeaux-montaigne.fr:340487", "symbol_class": "building", "pixel_x": 4841.1, "pixel_y": 3568.6, "easting": 569301.6, "northing": 277916.5, "epsg_source": 22391}}, {"type": "Feature", "geometry": {"type": "Point", "coordinates": [10.66329, 35.80031]}, "properties": {"record_id": "oai:u-bordeaux-montaigne.fr:340487", "symbol_class": "building", "pixel_x": 4750.4, "pixel_y": 3567.5, "easting": 568918.2, "northing": 277953.1, "epsg_source": 22391}}, {"type": "Feature", "geometry": {"type": "Point", "coordinates": [10.66979, 35.79974]}, "properties": {"record_id": "oai:u-bordeaux-montaigne.fr:340487", "symbol_class": "building", "pixel_x": 4889.6, "pixel_y": 3569.6, "easting": 569506.0, "northing": 277894.9, "epsg_source": 22391}}, {"type": "Feature", "geometry": {"type": "Point", "coordinates": [10.51287, 35.81107]}, "properties": {"record_id": "oai:u-bordeaux-montaigne.fr:340487", "symbol_class": "building", "pixel_x": 1533.8, "pixel_y": 3571.8, "easting": 555319.8, "northing": 279051.1, "epsg_source": 22391}}, {"type": "Feature", "geometry": {"type": "Point", "coordinates": [10.50913, 35.81142]}, "properties": {"record_id": "oai:u-bordeaux-montaigne.fr:340487", "symbol_class": "building", "pixel_x": 1453.5, "pixel_y": 3569.9, "easting": 554981.2, "northing": 279087.7, "epsg_source": 22391}}, {"type": "Feature", "geometry": {"type": "Point", "coordinates": [10.51257, 35.81079]}, "properties": {"record_id": "oai:u-bordeaux-montaigne.fr:340487", "symbol_class": "building", "pixel_x": 1527.9, "pixel_y": 3579.1, "easting": 555292.6, "northing": 279019.9, "epsg_source": 22391}}, {"type": "Feature", "geometry": {"type": "Point", "coordinates": [10.67085, 35.79923]}, "properties": {"record_id": "oai:u-bordeaux-montaigne.fr:340487", "symbol_class": "building", "pixel_x": 4913.1, "pixel_y": 3579.9, "easting": 569602.1, "northing": 277839.5, "epsg_source": 22391}}, {"type": "Feature", "geometry": {"type": "Point", "coordinates": [10.66329, 35.79984]}, "properties": {"record_id": "oai:u-bordeaux-montaigne.fr:340487", "symbol_class": "building", "pixel_x": 4751.3, "pixel_y": 3578.8, "easting": 568918.6, "northing": 277901.0, "epsg_source": 22391}}, {"type": "Feature", "geometry": {"type": "Point", "coordinates": [10.66975, 35.79899]}, "properties": {"record_id": "oai:u-bordeaux-montaigne.fr:340487", "symbol_class": "building", "pixel_x": 4890.2, "pixel_y": 3587.7, "easting": 569502.9, "northing": 277812.1, "epsg_source": 22391}}, {"type": "Feature", "geometry": {"type": "Point", "coordinates": [10.66366, 35.79941]}, "properties": {"record_id": "oai:u-bordeaux-montaigne.fr:340487", "symbol_class": "building", "pixel_x": 4760.1, "pixel_y": 3588.5, "easting": 568952.9, "northing": 277853.4, "epsg_source": 22391}}, {"type": "Feature", "geometry": {"type": "Point", "coordinates": [10.53941, 35.80792]}, "properties": {"record_id": "oai:u-bordeaux-montaigne.fr:340487", "symbol_class": "building", "pixel_x": 2103.8, "pixel_y": 3601.4, "easting": 557719.9, "northing": 278717.2, "epsg_source": 22391}}, {"type": "Feature", "geometry": {"type": "Point", "coordinates": [10.67086, 35.79824]}, "properties": {"record_id": "oai:u-bordeaux-montaigne.fr:340487", "symbol_class": "building", "pixel_x": 4915.4, "pixel_y": 3603.9, "easting": 569604.3, "northing": 277729.1, "epsg_source": 22391}}, {"type": "Feature", "geometry": {"type": "Point", "coordinates": [10.52498, 35.80887]}, "properties": {"record_id": "oai:u-bordeaux-montaigne.fr:340487", "symbol_class": "building", "pixel_x": 1795.2, "pixel_y": 3603.7, "easting": 556414.7, "northing": 278814.2, "epsg_source": 22391}}, {"type": "Feature", "geometry": {"type": "Point", "coordinates": [10.51217, 35.80967]}, "properties": {"record_id": "oai:u-bordeaux-montaigne.fr:340487", "symbol_class": "building", "pixel_x": 1521.6, "pixel_y": 3606.7, "easting": 555257.1, "northing": 278895.6, "epsg_source": 22391}}, {"type": "Feature", "geometry": {"type": "Point", "coordinates": [10.51282, 35.80958]}, "properties": {"record_id": "oai:u-bordeaux-montaigne.fr:340487", "symbol_class": "building", "pixel_x": 1535.5, "pixel_y": 3607.7, "easting": 555315.7, "northing": 278885.9, "epsg_source": 22391}}, {"type": "Feature", "geometry": {"type": "Point", "coordinates": [10.53913, 35.80762]}, "properties": {"record_id": "oai:u-bordeaux-montaigne.fr:340487", "symbol_class": "building", "pixel_x": 2098.4, "pixel_y": 3609.1, "easting": 557694.7, "northing": 278683.8, "epsg_source": 22391}}, {"type": "Feature", "geometry": {"type": "Point", "coordinates": [10.50571, 35.80978]}, "properties": {"record_id": "oai:u-bordeaux-montaigne.fr:340487", "symbol_class": "building", "pixel_x": 1384.1, "pixel_y": 3615.3, "easting": 554673.3, "northing": 278903.9, "epsg_source": 22391}}, {"type": "Feature", "geometry": {"type": "Point", "coordinates": [10.67256, 35.79762]}, "properties": {"record_id": "oai:u-bordeaux-montaigne.fr:340487", "symbol_class": "building", "pixel_x": 4952.8, "pixel_y": 3615.6, "easting": 569758.7, "northing": 277662.1, "epsg_source": 22391}}, {"type": "Feature", "geometry": {"type": "Point", "coordinates": [10.51252, 35.80908]}, "properties": {"record_id": "oai:u-bordeaux-montaigne.fr:340487", "symbol_class": "building", "pixel_x": 1530.3, "pixel_y": 3620.3, "easting": 555289.6, "northing": 278830.0, "epsg_source": 22391}}, {"type": "Feature", "geometry": {"type": "Point", "coordinates": [10.50865, 35.80931]}, "properties": {"record_id": "oai:u-bordeaux-montaigne.fr:340487", "symbol_class": "building", "pixel_x": 1447.5, "pixel_y": 3621.4, "easting": 554939.4, "northing": 278853.7, "epsg_source": 22391}}, {"type": "Feature", "geometry": {"type": "Point", "coordinates": [10.58336, 35.80382]}, "properties": {"record_id": "oai:u-bordeaux-montaigne.fr:340487", "symbol_class": "building", "pixel_x": 3045.5, "pixel_y": 3623.5, "easting": 561693.4, "northing": 278289.0, "epsg_source": 22391}}, {"type": "Feature", "geometry": {"type": "Point", "coordinates": [10.50916, 35.80891]}, "properties": {"record_id": "oai:u-bordeaux-montaigne.fr:340487", "symbol_class": "building", "pixel_x": 1459.2, "pixel_y": 3630.1, "easting": 554986.1, "northing": 278809.8, "epsg_source": 22391}}, {"type": "Feature", "geometry": {"type": "Point", "coordinates": [10.57426, 35.80414]}, "properties": {"record_id": "oai:u-bordeaux-montaigne.fr:340487", "symbol_class": "building", "pixel_x": 2851.5, "pixel_y": 3631.7, "easting": 560870.9, "northing": 278318.7, "epsg_source": 22391}}, {"type": "Feature", "geometry": {"type": "Point", "coordinates": [10.67446, 35.79662]}, "properties": {"record_id": "oai:u-bordeaux-montaigne.fr:340487", "symbol_class": "building", "pixel_x": 4995.1, "pixel_y": 3636.5, "easting": 569930.9, "northing": 277551.8, "epsg_source": 22391}}, {"type": "Feature", "geometry": {"type": "Point", "coordinates": [10.50967, 35.80853]}, "properties": {"record_id": "oai:u-bordeaux-montaigne.fr:340487", "symbol_class": "building", "pixel_x": 1470.7, "pixel_y": 3638.5, "easting": 555031.8, "northing": 278767.2, "epsg_source": 22391}}, {"type": "Feature", "geometry": {"type": "Point", "coordinates": [10.66237, 35.79742]}, "properties": {"record_id": "oai:u-bordeaux-montaigne.fr:340487", "symbol_class": "building", "pixel_x": 4736.7, "pixel_y": 3638.5, "easting": 568837.9, "northing": 277632.4, "epsg_source": 22391}}, {"type": "Feature", "geometry": {"type": "Point", "coordinates": [10.58378, 35.80299]}, "properties": {"record_id": "oai:u-bordeaux-montaigne.fr:340487", "symbol_class": "building", "pixel_x": 3056.0, "pixel_y": 3642.6, "easting": 561732.0, "northing": 278197.6, "epsg_source": 22391}}, {"type": "Feature", "geometry": {"type": "Point", "coordinates": [10.66279, 35.79723]}, "properties": {"record_id": "oai:u-bordeaux-montaigne.fr:340487", "symbol_class": "building", "pixel_x": 4746.0, "pixel_y": 3642.3, "easting": 568875.9, "northing": 277611.6, "epsg_source": 22391}}, {"type": "Feature", "geometry": {"type": "Point", "coordinates": [10.8359, 35.78422]}, "properties": {"record_id": "oai:u-bordeaux-montaigne.fr:340487", "symbol_class": "building", "pixel_x": 8449.8, "pixel_y": 3646.6, "easting": 584531.3, "northing": 276305.2, "epsg_source": 22391}}, {"type": "Feature", "geometry": {"type": "Point", "coordinates": [10.50476, 35.80816]}, "properties": {"record_id": "oai:u-bordeaux-montaigne.fr:340487", "symbol_class": "building", "pixel_x": 1367.3, "pixel_y": 3655.9, "easting": 554589.0, "northing": 278723.5, "epsg_source": 22391}}, {"type": "Feature", "geometry": {"type": "Point", "coordinates": [10.50797, 35.80797]}, "properties": {"record_id": "oai:u-bordeaux-montaigne.fr:340487", "symbol_class": "building", "pixel_x": 1435.9, "pixel_y": 3654.9, "easting": 554879.4, "northing": 278704.3, "epsg_source": 22391}}, {"type": "Feature", "geometry": {"type": "Point", "coordinates": [10.8354, 35.7838]}, "properties": {"record_id": "oai:u-bordeaux-montaigne.fr:340487", "symbol_class": "building", "pixel_x": 8440.1, "pixel_y": 3657.6, "easting": 584486.6, "northing": 276258.0, "epsg_source": 22391}}, {"type": "Feature", "geometry": {"type": "Point", "coordinates": [10.67411, 35.79573]}, "properties": {"record_id": "oai:u-bordeaux-montaigne.fr:340487", "symbol_class": "building", "pixel_x": 4989.5, "pixel_y": 3658.4, "easting": 569900.3, "northing": 277453.4, "epsg_source": 22391}}, {"type": "Feature", "geometry": {"type": "Point", "coordinates": [10.66696, 35.79604]}, "properties": {"record_id": "oai:u-bordeaux-montaigne.fr:340487", "symbol_class": "building", "pixel_x": 4836.9, "pixel_y": 3663.6, "easting": 569253.6, "northing": 277482.6, "epsg_source": 22391}}, {"type": "Feature", "geometry": {"type": "Point", "coordinates": [10.83494, 35.78341]}, "properties": {"record_id": "oai:u-bordeaux-montaigne.fr:340487", "symbol_class": "building", "pixel_x": 8431.0, "pixel_y": 3667.7, "easting": 584445.2, "northing": 276214.8, "epsg_source": 22391}}, {"type": "Feature", "geometry": {"type": "Point", "coordinates": [10.58423, 35.80186]}, "properties": {"record_id": "oai:u-bordeaux-montaigne.fr:340487", "symbol_class": "building", "pixel_x": 3067.9, "pixel_y": 3669.1, "easting": 561773.9, "northing": 278072.1, "epsg_source": 22391}}, {"type": "Feature", "geometry": {"type": "Point", "coordinates": [10.67579, 35.79507]}, "properties": {"record_id": "oai:u-bordeaux-montaigne.fr:340487", "symbol_class": "building", "pixel_x": 5026.4, "pixel_y": 3671.4, "easting": 570052.1, "northing": 277380.9, "epsg_source": 22391}}, {"type": "Feature", "geometry": {"type": "Point", "coordinates": [10.66739, 35.79556]}, "properties": {"record_id": "oai:u-bordeaux-montaigne.fr:340487", "symbol_class": "building", "pixel_x": 4847.0, "pixel_y": 3674.5, "easting": 569292.6, "northing": 277429.2, "epsg_source": 22391}}, {"type": "Feature", "geometry": {"type": "Point", "coordinates": [10.61133, 35.79934]}, "properties": {"record_id": "oai:u-bordeaux-montaigne.fr:340487", "symbol_class": "building", "pixel_x": 3648.6, "pixel_y": 3682.1, "easting": 564224.1, "northing": 277810.9, "epsg_source": 22391}}, {"type": "Feature", "geometry": {"type": "Point", "coordinates": [10.65581, 35.79599]}, "properties": {"record_id": "oai:u-bordeaux-montaigne.fr:340487", "symbol_class": "building", "pixel_x": 4600.1, "pixel_y": 3684.4, "easting": 568245.9, "northing": 277469.6, "epsg_source": 22391}}, {"type": "Feature", "geometry": {"type": "Point", "coordinates": [10.67565, 35.79414]}, "properties": {"record_id": "oai:u-bordeaux-montaigne.fr:340487", "symbol_class": "building", "pixel_x": 5025.5, "pixel_y": 3693.9, "easting": 570040.9, "northing": 277278.5, "epsg_source": 22391}}, {"type": "Feature", "geometry": {"type": "Point", "coordinates": [10.67638, 35.7941]}, "properties": {"record_id": "oai:u-bordeaux-montaigne.fr:340487", "symbol_class": "building", "pixel_x": 5041.0, "pixel_y": 3693.7, "easting": 570106.5, "northing": 277273.8, "epsg_source": 22391}}, {"type": "Feature", "geometry": {"type": "Point", "coordinates": [10.65596, 35.79561]}, "properties": {"record_id": "oai:u-bordeaux-montaigne.fr:340487", "symbol_class": "building", "pixel_x": 4604.1, "pixel_y": 3693.3, "easting": 568259.6, "northing": 277427.4, "epsg_source": 22391}}, {"type": "Feature", "geometry": {"type": "Point", "coordinates": [10.50769, 35.80631]}, "properties": {"record_id": "oai:u-bordeaux-montaigne.fr:340487", "symbol_class": "building", "pixel_x": 1433.1, "pixel_y": 3695.4, "easting": 554854.6, "northing": 278519.9, "epsg_source": 22391}}, {"type": "Feature", "geometry": {"type": "Point", "coordinates": [10.51936, 35.80449]}, "properties": {"record_id": "oai:u-bordeaux-montaigne.fr:340487", "symbol_class": "building", "pixel_x": 1684.6, "pixel_y": 3718.9, "easting": 555910.4, "northing": 278324.6, "epsg_source": 22391}}, {"type": "Feature", "geometry": {"type": "Point", "coordinates": [10.51979, 35.80452]}, "properties": {"record_id": "oai:u-bordeaux-montaigne.fr:340487", "symbol_class": "building", "pixel_x": 1693.8, "pixel_y": 3717.4, "easting": 555949.6, "northing": 278328.5, "epsg_source": 22391}}, {"type": "Feature", "geometry": {"type": "Point", "coordinates": [10.67847, 35.79284]}, "properties": {"record_id": "oai:u-bordeaux-montaigne.fr:340487", "symbol_class": "building", "pixel_x": 5087.9, "pixel_y": 3720.1, "easting": 570296.2, "northing": 277136.4, "epsg_source": 22391}}, {"type": "Feature", "geometry": {"type": "Point", "coordinates": [10.67798, 35.79245]}, "properties": {"record_id": "oai:u-bordeaux-montaigne.fr:340487", "symbol_class": "building", "pixel_x": 5078.4, "pixel_y": 3730.5, "easting": 570253.0, "northing": 277092.0, "epsg_source": 22391}}, {"type": "Feature", "geometry": {"type": "Point", "coordinates": [10.63708, 35.79523]}, "properties": {"record_id": "oai:u-bordeaux-montaigne.fr:340487", "symbol_class": "building", "pixel_x": 4203.8, "pixel_y": 3735.9, "easting": 566554.1, "northing": 277371.4, "epsg_source": 22391}}, {"type": "Feature", "geometry": {"type": "Point", "coordinates": [10.50544, 35.80412]}, "properties": {"record_id": "oai:u-bordeaux-montaigne.fr:340487", "symbol_class": "building", "pixel_x": 1389.6, "pixel_y": 3752.0, "easting": 554652.7, "northing": 278275.5, "epsg_source": 22391}}, {"type": "Feature", "geometry": {"type": "Point", "coordinates": [10.63667, 35.79436]}, "properties": {"record_id": "oai:u-bordeaux-montaigne.fr:340487", "symbol_class": "building", "pixel_x": 4196.9, "pixel_y": 3757.5, "easting": 566517.9, "northing": 277274.6, "epsg_source": 22391}}, {"type": "Feature", "geometry": {"type": "Point", "coordinates": [10.67959, 35.79114]}, "properties": {"record_id": "oai:u-bordeaux-montaigne.fr:340487", "symbol_class": "building", "pixel_x": 5115.2, "pixel_y": 3759.2, "easting": 570399.3, "northing": 276948.0, "epsg_source": 22391}}, {"type": "Feature", "geometry": {"type": "Point", "coordinates": [10.81644, 35.78049]}, "properties": {"record_id": "oai:u-bordeaux-montaigne.fr:340487", "symbol_class": "building", "pixel_x": 8044.2, "pixel_y": 3771.3, "easting": 582776.8, "northing": 275874.7, "epsg_source": 22391}}, {"type": "Feature", "geometry": {"type": "Point", "coordinates": [10.821, 35.77982]}, "properties": {"record_id": "oai:u-bordeaux-montaigne.fr:340487", "symbol_class": "building", "pixel_x": 8142.3, "pixel_y": 3779.4, "easting": 583189.2, "northing": 275803.5, "epsg_source": 22391}}, {"type": "Feature", "geometry": {"type": "Point", "coordinates": [10.81184, 35.78066]}, "properties": {"record_id": "oai:u-bordeaux-montaigne.fr:340487", "symbol_class": "building", "pixel_x": 7946.1, "pixel_y": 3775.6, "easting": 582361.0, "northing": 275889.1, "epsg_source": 22391}}, {"type": "Feature", "geometry": {"type": "Point", "coordinates": [10.52863, 35.80134]}, "properties": {"record_id": "oai:u-bordeaux-montaigne.fr:340487", "symbol_class": "building", "pixel_x": 1887.8, "pixel_y": 3778.6, "easting": 556750.4, "northing": 277980.6, "epsg_source": 22391}}, {"type": "Feature", "geometry": {"type": "Point", "coordinates": [10.81125, 35.78047]}, "properties": {"record_id": "oai:u-bordeaux-montaigne.fr:340487", "symbol_class": "building", "pixel_x": 7933.8, "pixel_y": 3781.1, "easting": 582307.3, "northing": 275868.1, "epsg_source": 22391}}, {"type": "Feature", "geometry": {"type": "Point", "coordinates": [10.83184, 35.77879]}, "properties": {"record_id": "oai:u-bordeaux-montaigne.fr:340487", "symbol_class": "building", "pixel_x": 8374.9, "pixel_y": 3784.4, "easting": 584170.7, "northing": 275699.4, "epsg_source": 22391}}, {"type": "Feature", "geometry": {"type": "Point", "coordinates": [10.81086, 35.78021]}, "properties": {"record_id": "oai:u-bordeaux-montaigne.fr:340487", "symbol_class": "building", "pixel_x": 7926.3, "pixel_y": 3788.1, "easting": 582273.0, "northing": 275838.3, "epsg_source": 22391}}, {"type": "Feature", "geometry": {"type": "Point", "coordinates": [10.82553, 35.77908]}, "properties": {"record_id": "oai:u-bordeaux-montaigne.fr:340487", "symbol_class": "building", "pixel_x": 8240.1, "pixel_y": 3788.8, "easting": 583599.4, "northing": 275726.2, "epsg_source": 22391}}, {"type": "Feature", "geometry": {"type": "Point", "coordinates": [10.49294, 35.80342]}, "properties": {"record_id": "oai:u-bordeaux-montaigne.fr:340487", "symbol_class": "building", "pixel_x": 1125.6, "pixel_y": 3790.3, "easting": 553524.5, "northing": 278191.5, "epsg_source": 22391}}, {"type": "Feature", "geometry": {"type": "Point", "coordinates": [10.81243, 35.77999]}, "properties": {"record_id": "oai:u-bordeaux-montaigne.fr:340487", "symbol_class": "building", "pixel_x": 7959.9, "pixel_y": 3790.6, "easting": 582414.4, "northing": 275815.2, "epsg_source": 22391}}, {"type": "Feature", "geometry": {"type": "Point", "coordinates": [10.82312, 35.77917]}, "properties": {"record_id": "oai:u-bordeaux-montaigne.fr:340487", "symbol_class": "building", "pixel_x": 8188.9, "pixel_y": 3791.0, "easting": 583382.2, "northing": 275734.1, "epsg_source": 22391}}, {"type": "Feature", "geometry": {"type": "Point", "coordinates": [10.49259, 35.80322]}, "properties": {"record_id": "oai:u-bordeaux-montaigne.fr:340487", "symbol_class": "building", "pixel_x": 1118.4, "pixel_y": 3795.7, "easting": 553492.4, "northing": 278169.3, "epsg_source": 22391}}, {"type": "Feature", "geometry": {"type": "Point", "coordinates": [10.82387, 35.77895]}, "properties": {"record_id": "oai:u-bordeaux-montaigne.fr:340487", "symbol_class": "building", "pixel_x": 8205.2, "pixel_y": 3794.9, "easting": 583450.1, "northing": 275710.4, "epsg_source": 22391}}, {"type": "Feature", "geometry": {"type": "Point", "coordinates": [10.83008, 35.77844]}, "properties": {"record_id": "oai:u-bordeaux-montaigne.fr:340487", "symbol_class": "building", "pixel_x": 8338.1, "pixel_y": 3796.1, "easting": 584011.3, "northing": 275659.0, "epsg_source": 22391}}, {"type": "Feature", "geometry": {"type": "Point", "coordinates": [10.51055, 35.80185]}, "properties": {"record_id": "oai:u-bordeaux-montaigne.fr:340487", "symbol_class": "building", "pixel_x": 1502.7, "pixel_y": 3797.7, "easting": 555116.4, "northing": 278027.0, "epsg_source": 22391}}, {"type": "Feature", "geometry": {"type": "Point", "coordinates": [10.50872, 35.80187]}, "properties": {"record_id": "oai:u-bordeaux-montaigne.fr:340487", "symbol_class": "building", "pixel_x": 1463.7, "pixel_y": 3800.3, "easting": 554950.7, "northing": 278028.3, "epsg_source": 22391}}, {"type": "Feature", "geometry": {"type": "Point", "coordinates": [10.68112, 35.78922]}, "properties": {"record_id": "oai:u-bordeaux-montaigne.fr:340487", "symbol_class": "building", "pixel_x": 5151.5, "pixel_y": 3802.5, "easting": 570539.0, "northing": 276736.8, "epsg_source": 22391}}, {"type": "Feature", "geometry": {"type": "Point", "coordinates": [10.82349, 35.77873]}, "properties": {"record_id": "oai:u-bordeaux-montaigne.fr:340487", "symbol_class": "building", "pixel_x": 8197.6, "pixel_y": 3801.0, "easting": 583415.7, "northing": 275685.0, "epsg_source": 22391}}, {"type": "Feature", "geometry": {"type": "Point", "coordinates": [10.81659, 35.77918]}, "properties": {"record_id": "oai:u-bordeaux-montaigne.fr:340487", "symbol_class": "building", "pixel_x": 8050.0, "pixel_y": 3802.6, "easting": 582791.6, "northing": 275729.1, "epsg_source": 22391}}, {"type": "Feature", "geometry": {"type": "Point", "coordinates": [10.82957, 35.77824]}, "properties": {"record_id": "oai:u-bordeaux-montaigne.fr:340487", "symbol_class": "building", "pixel_x": 8327.8, "pixel_y": 3801.7, "easting": 583965.9, "northing": 275636.7, "epsg_source": 22391}}, {"type": "Feature", "geometry": {"type": "Point", "coordinates": [10.82568, 35.77846]}, "properties": {"record_id": "oai:u-bordeaux-montaigne.fr:340487", "symbol_class": "building", "pixel_x": 8244.6, "pixel_y": 3803.6, "easting": 583613.7, "northing": 275657.0, "epsg_source": 22391}}, {"type": "Feature", "geometry": {"type": "Point", "coordinates": [10.82722, 35.77832]}, "properties": {"record_id": "oai:u-bordeaux-montaigne.fr:340487", "symbol_class": "building", "pixel_x": 8277.8, "pixel_y": 3804.2, "easting": 583753.7, "northing": 275642.5, "epsg_source": 22391}}, {"type": "Feature", "geometry": {"type": "Point", "coordinates": [10.51024, 35.80149]}, "properties": {"record_id": "oai:u-bordeaux-montaigne.fr:340487", "symbol_class": "building", "pixel_x": 1496.8, "pixel_y": 3806.9, "easting": 555088.5, "northing": 277986.9, "epsg_source": 22391}}, {"type": "Feature", "geometry": {"type": "Point", "coordinates": [10.50544, 35.80177]}, "properties": {"record_id": "oai:u-bordeaux-montaigne.fr:340487", "symbol_class": "building", "pixel_x": 1394.2, "pixel_y": 3808.4, "easting": 554654.3, "northing": 278015.2, "epsg_source": 22391}}, {"type": "Feature", "geometry": {"type": "Point", "coordinates": [10.8246, 35.77832]}, "properties": {"record_id": "oai:u-bordeaux-montaigne.fr:340487", "symbol_class": "building", "pixel_x": 8221.9, "pixel_y": 3808.9, "easting": 583516.3, "northing": 275640.3, "epsg_source": 22391}}, {"type": "Feature", "geometry": {"type": "Point", "coordinates": [10.50911, 35.80145]}, "properties": {"record_id": "oai:u-bordeaux-montaigne.fr:340487", "symbol_class": "building", "pixel_x": 1472.9, "pixel_y": 3809.8, "easting": 554986.7, "northing": 277981.7, "epsg_source": 22391}}, {"type": "Feature", "geometry": {"type": "Point", "coordinates": [10.83146, 35.77779]}, "properties": {"record_id": "oai:u-bordeaux-montaigne.fr:340487", "symbol_class": "building", "pixel_x": 8368.8, "pixel_y": 3809.3, "easting": 584137.2, "northing": 275587.8, "epsg_source": 22391}}, {"type": "Feature", "geometry": {"type": "Point", "coordinates": [10.82314, 35.77828]}, "properties": {"record_id": "oai:u-bordeaux-montaigne.fr:340487", "symbol_class": "building", "pixel_x": 8191.1, "pixel_y": 3812.3, "easting": 583384.8, "northing": 275635.6, "epsg_source": 22391}}, {"type": "Feature", "geometry": {"type": "Point", "coordinates": [10.82609, 35.77802]}, "properties": {"record_id": "oai:u-bordeaux-montaigne.fr:340487", "symbol_class": "building", "pixel_x": 8254.3, "pixel_y": 3813.5, "easting": 583651.5, "northing": 275608.3, "epsg_source": 22391}}, {"type": "Feature", "geometry": {"type": "Point", "coordinates": [10.83109, 35.77753]}, "properties": {"record_id": "oai:u-bordeaux-montaigne.fr:340487", "symbol_class": "building", "pixel_x": 8361.4, "pixel_y": 3816.3, "easting": 584103.6, "northing": 275558.2, "epsg_source": 22391}}, {"type": "Feature", "geometry": {"type": "Point", "coordinates": [10.82693, 35.7777]}, "properties": {"record_id": "oai:u-bordeaux-montaigne.fr:340487", "symbol_class": "building", "pixel_x": 8272.9, "pixel_y": 3819.4, "easting": 583728.2, "northing": 275574.5, "epsg_source": 22391}}, {"type": "Feature", "geometry": {"type": "Point", "coordinates": [10.8297, 35.77752]}, "properties": {"record_id": "oai:u-bordeaux-montaigne.fr:340487", "symbol_class": "building", "pixel_x": 8332.1, "pixel_y": 3819.0, "easting": 583978.6, "northing": 275556.1, "epsg_source": 22391}}, {"type": "Feature", "geometry": {"type": "Point", "coordinates": [10.83024, 35.77752]}, "properties": {"record_id": "oai:u-bordeaux-montaigne.fr:340487", "symbol_class": "building", "pixel_x": 8343.4, "pixel_y": 3818.0, "easting": 584026.8, "northing": 275556.7, "epsg_source": 22391}}, {"type": "Feature", "geometry": {"type": "Point", "coordinates": [10.82843, 35.77756]}, "properties": {"record_id": "oai:u-bordeaux-montaigne.fr:340487", "symbol_class": "building", "pixel_x": 8304.8, "pixel_y": 3820.2, "easting": 583863.1, "northing": 275559.7, "epsg_source": 22391}}, {"type": "Feature", "geometry": {"type": "Point", "coordinates": [10.68102, 35.78839]}, "properties": {"record_id": "oai:u-bordeaux-montaigne.fr:340487", "symbol_class": "building", "pixel_x": 5151.1, "pixel_y": 3822.7, "easting": 570530.9, "northing": 276644.5, "epsg_source": 22391}}, {"type": "Feature", "geometry": {"type": "Point", "coordinates": [10.68179, 35.78829]}, "properties": {"record_id": "oai:u-bordeaux-montaigne.fr:340487", "symbol_class": "building", "pixel_x": 5167.7, "pixel_y": 3823.7, "easting": 570600.8, "northing": 276634.1, "epsg_source": 22391}}, {"type": "Feature", "geometry": {"type": "Point", "coordinates": [10.82301, 35.77785]}, "properties": {"record_id": "oai:u-bordeaux-montaigne.fr:340487", "symbol_class": "building", "pixel_x": 8189.2, "pixel_y": 3823.1, "easting": 583373.3, "northing": 275587.0, "epsg_source": 22391}}, {"type": "Feature", "geometry": {"type": "Point", "coordinates": [10.83069, 35.77723]}, "properties": {"record_id": "oai:u-bordeaux-montaigne.fr:340487", "symbol_class": "building", "pixel_x": 8353.6, "pixel_y": 3824.2, "easting": 584068.0, "northing": 275524.7, "epsg_source": 22391}}, {"type": "Feature", "geometry": {"type": "Point", "coordinates": [10.50908, 35.80078]}, "properties": {"record_id": "oai:u-bordeaux-montaigne.fr:340487", "symbol_class": "building", "pixel_x": 1473.5, "pixel_y": 3826.0, "easting": 554984.1, "northing": 277907.0, "epsg_source": 22391}}, {"type": "Feature", "geometry": {"type": "Point", "coordinates": [10.82757, 35.77736]}, "properties": {"record_id": "oai:u-bordeaux-montaigne.fr:340487", "symbol_class": "building", "pixel_x": 8287.1, "pixel_y": 3826.5, "easting": 583785.9, "northing": 275537.2, "epsg_source": 22391}}, {"type": "Feature", "geometry": {"type": "Point", "coordinates": [10.83201, 35.77686]}, "properties": {"record_id": "oai:u-bordeaux-montaigne.fr:340487", "symbol_class": "building", "pixel_x": 8382.5, "pixel_y": 3830.6, "easting": 584187.9, "northing": 275485.3, "epsg_source": 22391}}, {"type": "Feature", "geometry": {"type": "Point", "coordinates": [10.82061, 35.77789]}, "properties": {"record_id": "oai:u-bordeaux-montaigne.fr:340487", "symbol_class": "building", "pixel_x": 8138.0, "pixel_y": 3826.4, "easting": 583156.0, "northing": 275589.6, "epsg_source": 22391}}, {"type": "Feature", "geometry": {"type": "Point", "coordinates": [10.8266, 35.77741]}, "properties": {"record_id": "oai:u-bordeaux-montaigne.fr:340487", "symbol_class": "building", "pixel_x": 8266.3, "pixel_y": 3827.2, "easting": 583698.0, "northing": 275541.3, "epsg_source": 22391}}, {"type": "Feature", "geometry": {"type": "Point", "coordinates": [10.82932, 35.77714]}, "properties": {"record_id": "oai:u-bordeaux-montaigne.fr:340487", "symbol_class": "building", "pixel_x": 8324.7, "pixel_y": 3828.6, "easting": 583944.4, "northing": 275514.4, "epsg_source": 22391}}, {"type": "Feature", "geometry": {"type": "Point", "coordinates": [10.82368, 35.77745]}, "properties": {"record_id": "oai:u-bordeaux-montaigne.fr:340487", "symbol_class": "building", "pixel_x": 8204.2, "pixel_y": 3831.4, "easting": 583433.9, "northing": 275543.8, "epsg_source": 22391}}, {"type": "Feature", "geometry": {"type": "Point", "coordinates": [10.82876, 35.77712]}, "properties": {"record_id": "oai:u-bordeaux-montaigne.fr:340487", "symbol_class": "building", "pixel_x": 8312.8, "pixel_y": 3830.1, "easting": 583893.6, "northing": 275511.7, "epsg_source": 22391}}, {"type": "Feature", "geometry": {"type": "Point", "coordinates": [10.50459, 35.8008]}, "properties": {"record_id": "oai:u-bordeaux-montaigne.fr:340487", "symbol_class": "building", "pixel_x": 1378.2, "pixel_y": 3833.3, "easting": 554578.9, "northing": 277906.9, "epsg_source": 22391}}, {"type": "Feature", "geometry": {"type": "Point", "coordinates": [10.80142, 35.77893]}, "properties": {"record_id": "oai:u-bordeaux-montaigne.fr:340487", "symbol_class": "building", "pixel_x": 7728.3, "pixel_y": 3835.8, "easting": 581420.9, "northing": 275689.0, "epsg_source": 22391}}, {"type": "Feature", "geometry": {"type": "Point", "coordinates": [10.82513, 35.77711]}, "properties": {"record_id": "oai:u-bordeaux-montaigne.fr:340487", "symbol_class": "building", "pixel_x": 8235.8, "pixel_y": 3836.9, "easting": 583565.9, "northing": 275507.5, "epsg_source": 22391}}, {"type": "Feature", "geometry": {"type": "Point", "coordinates": [10.82834, 35.77694]}, "properties": {"record_id": "oai:u-bordeaux-montaigne.fr:340487", "symbol_class": "building", "pixel_x": 8304.2, "pixel_y": 3835.4, "easting": 583855.8, "northing": 275490.4, "epsg_source": 22391}}, {"type": "Feature", "geometry": {"type": "Point", "coordinates": [10.68225, 35.78755]}, "properties": {"record_id": "oai:u-bordeaux-montaigne.fr:340487", "symbol_class": "building", "pixel_x": 5179.0, "pixel_y": 3840.9, "easting": 570643.0, "northing": 276551.5, "epsg_source": 22391}}, {"type": "Feature", "geometry": {"type": "Point", "coordinates": [10.83102, 35.77645]}, "properties": {"record_id": "oai:u-bordeaux-montaigne.fr:340487", "symbol_class": "building", "pixel_x": 8362.2, "pixel_y": 3842.2, "easting": 584098.5, "northing": 275439.3, "epsg_source": 22391}}, {"type": "Feature", "geometry": {"type": "Point", "coordinates": [10.83195, 35.77632]}, "properties": {"record_id": "oai:u-bordeaux-montaigne.fr:340487", "symbol_class": "building", "pixel_x": 8382.2, "pixel_y": 3843.7, "easting": 584182.6, "northing": 275425.5, "epsg_source": 22391}}, {"type": "Feature", "geometry": {"type": "Point", "coordinates": [10.83144, 35.77625]}, "properties": {"record_id": "oai:u-bordeaux-montaigne.fr:340487", "symbol_class": "building", "pixel_x": 8371.5, "pixel_y": 3846.3, "easting": 584136.6, "northing": 275417.0, "epsg_source": 22391}}, {"type": "Feature", "geometry": {"type": "Point", "coordinates": [10.68313, 35.78723]}, "properties": {"record_id": "oai:u-bordeaux-montaigne.fr:340487", "symbol_class": "building", "pixel_x": 5198.3, "pixel_y": 3846.9, "easting": 570722.8, "northing": 276517.0, "epsg_source": 22391}}, {"type": "Feature", "geometry": {"type": "Point", "coordinates": [10.82978, 35.77633]}, "properties": {"record_id": "oai:u-bordeaux-montaigne.fr:340487", "symbol_class": "building", "pixel_x": 8336.2, "pixel_y": 3847.4, "easting": 583986.8, "northing": 275424.4, "epsg_source": 22391}}, {"type": "Feature", "geometry": {"type": "Point", "coordinates": [10.82593, 35.77652]}, "properties": {"record_id": "oai:u-bordeaux-montaigne.fr:340487", "symbol_class": "building", "pixel_x": 8253.9, "pixel_y": 3849.7, "easting": 583638.3, "northing": 275442.5, "epsg_source": 22391}}, {"type": "Feature", "geometry": {"type": "Point", "coordinates": [10.82415, 35.77661]}, "properties": {"record_id": "oai:u-bordeaux-montaigne.fr:340487", "symbol_class": "building", "pixel_x": 8216.0, "pixel_y": 3850.8, "easting": 583477.6, "northing": 275450.4, "epsg_source": 22391}}, {"type": "Feature", "geometry": {"type": "Point", "coordinates": [10.82918, 35.77615]}, "properties": {"record_id": "oai:u-bordeaux-montaigne.fr:340487", "symbol_class": "building", "pixel_x": 8323.8, "pixel_y": 3852.8, "easting": 583932.7, "northing": 275404.0, "epsg_source": 22391}}, {"type": "Feature", "geometry": {"type": "Point", "coordinates": [10.82681, 35.77632]}, "properties": {"record_id": "oai:u-bordeaux-montaigne.fr:340487", "symbol_class": "building", "pixel_x": 8273.1, "pixel_y": 3853.0, "easting": 583718.6, "northing": 275420.4, "epsg_source": 22391}}, {"type": "Feature", "geometry": {"type": "Point", "coordinates": [10.83033, 35.776]}, "properties": {"record_id": "oai:u-bordeaux-montaigne.fr:340487", "symbol_class": "building", "pixel_x": 8348.6, "pixel_y": 3854.4, "easting": 584037.2, "northing": 275388.2, "epsg_source": 22391}}, {"type": "Feature", "geometry": {"type": "Point", "coordinates": [10.83071, 35.776]}, "properties": {"record_id": "oai:u-bordeaux-montaigne.fr:340487", "symbol_class": "building", "pixel_x": 8356.6, "pixel_y": 3853.7, "easting": 584071.1, "northing": 275388.5, "epsg_source": 22391}}, {"type": "Feature", "geometry": {"type": "Point", "coordinates": [10.62896, 35.79087]}, "properties": {"record_id": "oai:u-bordeaux-montaigne.fr:340487", "symbol_class": "building", "pixel_x": 4040.2, "pixel_y": 3854.8, "easting": 565824.5, "northing": 276883.2, "epsg_source": 22391}}, {"type": "Feature", "geometry": {"type": "Point", "coordinates": [10.82756, 35.77623]}, "properties": {"record_id": "oai:u-bordeaux-montaigne.fr:340487", "symbol_class": "building", "pixel_x": 8289.2, "pixel_y": 3853.7, "easting": 583786.1, "northing": 275411.9, "epsg_source": 22391}}, {"type": "Feature", "geometry": {"type": "Point", "coordinates": [10.67187, 35.78747]}, "properties": {"record_id": "oai:u-bordeaux-montaigne.fr:340487", "symbol_class": "building", "pixel_x": 4958.7, "pixel_y": 3861.0, "easting": 569705.1, "northing": 276535.7, "epsg_source": 22391}}, {"type": "Feature", "geometry": {"type": "Point", "coordinates": [10.80903, 35.77731]}, "properties": {"record_id": "oai:u-bordeaux-montaigne.fr:340487", "symbol_class": "building", "pixel_x": 7893.3, "pixel_y": 3861.1, "easting": 582110.4, "northing": 275515.6, "epsg_source": 22391}}, {"type": "Feature", "geometry": {"type": "Point", "coordinates": [10.50642, 35.79948]}, "properties": {"record_id": "oai:u-bordeaux-montaigne.fr:340487", "symbol_class": "building", "pixel_x": 1419.7, "pixel_y": 3861.8, "easting": 554745.0, "northing": 277762.1, "epsg_source": 22391}}, {"type": "Feature", "geometry": {"type": "Point", "coordinates": [10.50462, 35.79961]}, "properties": {"record_id": "oai:u-bordeaux-montaigne.fr:340487", "symbol_class": "building", "pixel_x": 1381.2, "pixel_y": 3861.8, "easting": 554582.1, "northing": 277775.1, "epsg_source": 22391}}, {"type": "Feature", "geometry": {"type": "Point", "coordinates": [10.6291, 35.79049]}, "properties": {"record_id": "oai:u-bordeaux-montaigne.fr:340487", "symbol_class": "building", "pixel_x": 4043.8, "pixel_y": 3863.8, "easting": 565836.9, "northing": 276840.6, "epsg_source": 22391}}, {"type": "Feature", "geometry": {"type": "Point", "coordinates": [10.83059, 35.77557]}, "properties": {"record_id": "oai:u-bordeaux-montaigne.fr:340487", "symbol_class": "building", "pixel_x": 8354.8, "pixel_y": 3864.2, "easting": 584060.4, "northing": 275340.7, "epsg_source": 22391}}, {"type": "Feature", "geometry": {"type": "Point", "coordinates": [10.83025, 35.77554]}, "properties": {"record_id": "oai:u-bordeaux-montaigne.fr:340487", "symbol_class": "building", "pixel_x": 8347.7, "pixel_y": 3865.5, "easting": 584030.0, "northing": 275337.3, "epsg_source": 22391}}, {"type": "Feature", "geometry": {"type": "Point", "coordinates": [10.60503, 35.79207]}, "properties": {"record_id": "oai:u-bordeaux-montaigne.fr:340487", "symbol_class": "building", "pixel_x": 3529.3, "pixel_y": 3868.0, "easting": 563660.9, "northing": 277000.3, "epsg_source": 22391}}, {"type": "Feature", "geometry": {"type": "Point", "coordinates": [10.82212, 35.77602]}, "properties": {"record_id": "oai:u-bordeaux-montaigne.fr:340487", "symbol_class": "building", "pixel_x": 8174.0, "pixel_y": 3868.6, "easting": 583294.4, "northing": 275383.7, "epsg_source": 22391}}, {"type": "Feature", "geometry": {"type": "Point", "coordinates": [10.82914, 35.77545]}, "properties": {"record_id": "oai:u-bordeaux-montaigne.fr:340487", "symbol_class": "building", "pixel_x": 8324.5, "pixel_y": 3869.7, "easting": 583930.2, "northing": 275326.2, "epsg_source": 22391}}, {"type": "Feature", "geometry": {"type": "Point", "coordinates": [10.8308, 35.77529]}, "properties": {"record_id": "oai:u-bordeaux-montaigne.fr:340487", "symbol_class": "building", "pixel_x": 8359.9, "pixel_y": 3870.5, "easting": 584080.0, "northing": 275310.4, "epsg_source": 22391}}, {"type": "Feature", "geometry": {"type": "Point", "coordinates": [10.83124, 35.77518]}, "properties": {"record_id": "oai:u-bordeaux-montaigne.fr:340487", "symbol_class": "building", "pixel_x": 8369.6, "pixel_y": 3872.4, "easting": 584120.4, "northing": 275298.1, "epsg_source": 22391}}, {"type": "Feature", "geometry": {"type": "Point", "coordinates": [10.82869, 35.77528]}, "properties": {"record_id": "oai:u-bordeaux-montaigne.fr:340487", "symbol_class": "building", "pixel_x": 8315.2, "pixel_y": 3874.6, "easting": 583889.4, "northing": 275306.9, "epsg_source": 22391}}, {"type": "Feature", "geometry": {"type": "Point", "coordinates": [10.8303, 35.77512]}, "properties": {"record_id": "oai:u-bordeaux-montaigne.fr:340487", "symbol_class": "building", "pixel_x": 8349.8, "pixel_y": 3875.5, "easting": 584035.5, "northing": 275290.9, "epsg_source": 22391}}, {"type": "Feature", "geometry": {"type": "Point", "coordinates": [10.50467, 35.79898]}, "properties": {"record_id": "oai:u-bordeaux-montaigne.fr:340487", "symbol_class": "building", "pixel_x": 1383.4, "pixel_y": 3876.8, "easting": 554586.9, "northing": 277705.7, "epsg_source": 22391}}, {"type": "Feature", "geometry": {"type": "Point", "coordinates": [10.82439, 35.77537]}, "properties": {"record_id": "oai:u-bordeaux-montaigne.fr:340487", "symbol_class": "building", "pixel_x": 8223.7, "pixel_y": 3880.0, "easting": 583500.9, "northing": 275314.0, "epsg_source": 22391}}, {"type": "Feature", "geometry": {"type": "Point", "coordinates": [10.67638, 35.78635]}, "properties": {"record_id": "oai:u-bordeaux-montaigne.fr:340487", "symbol_class": "building", "pixel_x": 5056.6, "pixel_y": 3880.0, "easting": 570113.3, "northing": 276414.4, "epsg_source": 22391}}, {"type": "Feature", "geometry": {"type": "Point", "coordinates": [10.83092, 35.77484]}, "properties": {"record_id": "oai:u-bordeaux-montaigne.fr:340487", "symbol_class": "building", "pixel_x": 8363.4, "pixel_y": 3881.2, "easting": 584091.1, "northing": 275260.1, "epsg_source": 22391}}, {"type": "Feature", "geometry": {"type": "Point", "coordinates": [10.79777, 35.77707]}, "properties": {"record_id": "oai:u-bordeaux-montaigne.fr:340487", "symbol_class": "building", "pixel_x": 7654.5, "pixel_y": 3887.0, "easting": 581092.7, "northing": 275479.9, "epsg_source": 22391}}, {"type": "Feature", "geometry": {"type": "Point", "coordinates": [10.62947, 35.78951]}, "properties": {"record_id": "oai:u-bordeaux-montaigne.fr:340487", "symbol_class": "building", "pixel_x": 4053.7, "pixel_y": 3886.6, "easting": 565871.4, "northing": 276732.7, "epsg_source": 22391}}, {"type": "Feature", "geometry": {"type": "Point", "coordinates": [10.82868, 35.77479]}, "properties": {"record_id": "oai:u-bordeaux-montaigne.fr:340487", "symbol_class": "building", "pixel_x": 8315.9, "pixel_y": 3886.3, "easting": 583888.8, "northing": 275253.1, "epsg_source": 22391}}, {"type": "Feature", "geometry": {"type": "Point", "coordinates": [10.8292, 35.77457]}, "properties": {"record_id": "oai:u-bordeaux-montaigne.fr:340487", "symbol_class": "building", "pixel_x": 8327.4, "pixel_y": 3890.8, "easting": 583936.0, "northing": 275228.3, "epsg_source": 22391}}, {"type": "Feature", "geometry": {"type": "Point", "coordinates": [10.50588, 35.79802]}, "properties": {"record_id": "oai:u-bordeaux-montaigne.fr:340487", "symbol_class": "building", "pixel_x": 1411.1, "pixel_y": 3897.8, "easting": 554697.1, "northing": 277599.7, "epsg_source": 22391}}, {"type": "Feature", "geometry": {"type": "Point", "coordinates": [10.62973, 35.78903]}, "properties": {"record_id": "oai:u-bordeaux-montaigne.fr:340487", "symbol_class": "building", "pixel_x": 4060.2, "pixel_y": 3897.9, "easting": 565895.4, "northing": 276678.7, "epsg_source": 22391}}, {"type": "Feature", "geometry": {"type": "Point", "coordinates": [10.62716, 35.78913]}, "properties": {"record_id": "oai:u-bordeaux-montaigne.fr:340487", "symbol_class": "building", "pixel_x": 4005.3, "pixel_y": 3900.0, "easting": 565662.8, "northing": 276688.3, "epsg_source": 22391}}, {"type": "Feature", "geometry": {"type": "Point", "coordinates": [10.79695, 35.77665]}, "properties": {"record_id": "oai:u-bordeaux-montaigne.fr:340487", "symbol_class": "building", "pixel_x": 7638.0, "pixel_y": 3898.7, "easting": 581019.3, "northing": 275432.0, "epsg_source": 22391}}, {"type": "Feature", "geometry": {"type": "Point", "coordinates": [10.79535, 35.77653]}, "properties": {"record_id": "oai:u-bordeaux-montaigne.fr:340487", "symbol_class": "building", "pixel_x": 7604.2, "pixel_y": 3904.4, "easting": 580874.4, "northing": 275417.5, "epsg_source": 22391}}, {"type": "Feature", "geometry": {"type": "Point", "coordinates": [10.69431, 35.78389]}, "properties": {"record_id": "oai:u-bordeaux-montaigne.fr:340487", "symbol_class": "building", "pixel_x": 5442.5, "pixel_y": 3907.3, "easting": 571735.7, "northing": 276155.2, "epsg_source": 22391}}, {"type": "Feature", "geometry": {"type": "Point", "coordinates": [10.82168, 35.77442]}, "properties": {"record_id": "oai:u-bordeaux-montaigne.fr:340487", "symbol_class": "building", "pixel_x": 8168.1, "pixel_y": 3907.8, "easting": 583257.1, "northing": 275206.2, "epsg_source": 22391}}, {"type": "Feature", "geometry": {"type": "Point", "coordinates": [10.7923, 35.77658]}, "properties": {"record_id": "oai:u-bordeaux-montaigne.fr:340487", "symbol_class": "building", "pixel_x": 7539.3, "pixel_y": 3908.6, "easting": 580598.9, "northing": 275420.8, "epsg_source": 22391}}, {"type": "Feature", "geometry": {"type": "Point", "coordinates": [10.68339, 35.78451]}, "properties": {"record_id": "oai:u-bordeaux-montaigne.fr:340487", "symbol_class": "building", "pixel_x": 5209.4, "pixel_y": 3911.8, "easting": 570748.9, "northing": 276215.7, "epsg_source": 22391}}, {"type": "Feature", "geometry": {"type": "Point", "coordinates": [10.62769, 35.78852]}, "properties": {"record_id": "oai:u-bordeaux-montaigne.fr:340487", "symbol_class": "building", "pixel_x": 4017.8, "pixel_y": 3913.6, "easting": 565711.3, "northing": 276621.8, "epsg_source": 22391}}, {"type": "Feature", "geometry": {"type": "Point", "coordinates": [10.8273, 35.77377]}, "properties": {"record_id": "oai:u-bordeaux-montaigne.fr:340487", "symbol_class": "building", "pixel_x": 8288.8, "pixel_y": 3913.3, "easting": 583765.4, "northing": 275138.7, "epsg_source": 22391}}, {"type": "Feature", "geometry": {"type": "Point", "coordinates": [10.79658, 35.77594]}, "properties": {"record_id": "oai:u-bordeaux-montaigne.fr:340487", "symbol_class": "building", "pixel_x": 7631.6, "pixel_y": 3916.4, "easting": 580986.5, "northing": 275353.1, "epsg_source": 22391}}, {"type": "Feature", "geometry": {"type": "Point", "coordinates": [10.79748, 35.77584]}, "properties": {"record_id": "oai:u-bordeaux-montaigne.fr:340487", "symbol_class": "building", "pixel_x": 7651.0, "pixel_y": 3917.1, "easting": 581068.3, "northing": 275343.3, "epsg_source": 22391}}, {"type": "Feature", "geometry": {"type": "Point", "coordinates": [10.79813, 35.77579]}, "properties": {"record_id": "oai:u-bordeaux-montaigne.fr:340487", "symbol_class": "building", "pixel_x": 7664.9, "pixel_y": 3917.3, "easting": 581126.9, "northing": 275337.4, "epsg_source": 22391}}, {"type": "Feature", "geometry": {"type": "Point", "coordinates": [10.62669, 35.78813]}, "properties": {"record_id": "oai:u-bordeaux-montaigne.fr:340487", "symbol_class": "building", "pixel_x": 3997.4, "pixel_y": 3924.8, "easting": 565621.2, "northing": 276577.6, "epsg_source": 22391}}, {"type": "Feature", "geometry": {"type": "Point", "coordinates": [10.78423, 35.77673]}, "properties": {"record_id": "oai:u-bordeaux-montaigne.fr:340487", "symbol_class": "building", "pixel_x": 7367.5, "pixel_y": 3919.6, "easting": 579869.2, "northing": 275430.1, "epsg_source": 22391}}, {"type": "Feature", "geometry": {"type": "Point", "coordinates": [10.59288, 35.79088]}, "properties": {"record_id": "oai:u-bordeaux-montaigne.fr:340487", "symbol_class": "building", "pixel_x": 3273.6, "pixel_y": 3917.9, "easting": 562563.8, "northing": 276860.4, "epsg_source": 22391}}, {"type": "Feature", "geometry": {"type": "Point", "coordinates": [10.79318, 35.77602]}, "properties": {"record_id": "oai:u-bordeaux-montaigne.fr:340487", "symbol_class": "building", "pixel_x": 7559.2, "pixel_y": 3920.6, "easting": 580679.1, "northing": 275358.9, "epsg_source": 22391}}, {"type": "Feature", "geometry": {"type": "Point", "coordinates": [10.7893, 35.77616]}, "properties": {"record_id": "oai:u-bordeaux-montaigne.fr:340487", "symbol_class": "building", "pixel_x": 7476.5, "pixel_y": 3924.1, "easting": 580328.6, "northing": 275371.7, "epsg_source": 22391}}, {"type": "Feature", "geometry": {"type": "Point", "coordinates": [10.57749, 35.7917]}, "properties": {"record_id": "oai:u-bordeaux-montaigne.fr:340487", "symbol_class": "building", "pixel_x": 2945.0, "pixel_y": 3925.3, "easting": 561172.4, "northing": 276940.9, "epsg_source": 22391}}, {"type": "Feature", "geometry": {"type": "Point", "coordinates": [10.79487, 35.77575]}, "properties": {"record_id": "oai:u-bordeaux-montaigne.fr:340487", "symbol_class": "building", "pixel_x": 7595.6, "pixel_y": 3924.1, "easting": 580832.0, "northing": 275330.5, "epsg_source": 22391}}, {"type": "Feature", "geometry": {"type": "Point", "coordinates": [10.79929, 35.77518]}, "properties": {"record_id": "oai:u-bordeaux-montaigne.fr:340487", "symbol_class": "building", "pixel_x": 7690.7, "pixel_y": 3929.8, "easting": 581232.0, "northing": 275271.2, "epsg_source": 22391}}, {"type": "Feature", "geometry": {"type": "Point", "coordinates": [10.7905, 35.77575]}, "properties": {"record_id": "oai:u-bordeaux-montaigne.fr:340487", "symbol_class": "building", "pixel_x": 7502.8, "pixel_y": 3931.8, "easting": 580437.4, "northing": 275327.4, "epsg_source": 22391}}, {"type": "Feature", "geometry": {"type": "Point", "coordinates": [10.79693, 35.77529]}, "properties": {"record_id": "oai:u-bordeaux-montaigne.fr:340487", "symbol_class": "building", "pixel_x": 7640.4, "pixel_y": 3931.3, "easting": 581018.9, "northing": 275281.8, "epsg_source": 22391}}, {"type": "Feature", "geometry": {"type": "Point", "coordinates": [10.79766, 35.77521]}, "properties": {"record_id": "oai:u-bordeaux-montaigne.fr:340487", "symbol_class": "building", "pixel_x": 7656.0, "pixel_y": 3932.1, "easting": 581084.5, "northing": 275272.8, "epsg_source": 22391}}, {"type": "Feature", "geometry": {"type": "Point", "coordinates": [10.79603, 35.77502]}, "properties": {"record_id": "oai:u-bordeaux-montaigne.fr:340487", "symbol_class": "building", "pixel_x": 7621.9, "pixel_y": 3939.5, "easting": 580938.0, "northing": 275250.8, "epsg_source": 22391}}, {"type": "Feature", "geometry": {"type": "Point", "coordinates": [10.79846, 35.77494]}, "properties": {"record_id": "oai:u-bordeaux-montaigne.fr:340487", "symbol_class": "building", "pixel_x": 7673.7, "pixel_y": 3936.9, "easting": 581157.8, "northing": 275244.3, "epsg_source": 22391}}, {"type": "Feature", "geometry": {"type": "Point", "coordinates": [10.79517, 35.7751]}, "properties": {"record_id": "oai:u-bordeaux-montaigne.fr:340487", "symbol_class": "building", "pixel_x": 7603.3, "pixel_y": 3939.1, "easting": 580859.8, "northing": 275258.8, "epsg_source": 22391}}, {"type": "Feature", "geometry": {"type": "Point", "coordinates": [10.80038, 35.77459]}, "properties": {"record_id": "oai:u-bordeaux-montaigne.fr:340487", "symbol_class": "building", "pixel_x": 7715.1, "pixel_y": 3941.9, "easting": 581331.4, "northing": 275207.0, "epsg_source": 22391}}, {"type": "Feature", "geometry": {"type": "Point", "coordinates": [10.79687, 35.77481]}, "properties": {"record_id": "oai:u-bordeaux-montaigne.fr:340487", "symbol_class": "building", "pixel_x": 7640.1, "pixel_y": 3943.0, "easting": 581013.8, "northing": 275228.0, "epsg_source": 22391}}, {"type": "Feature", "geometry": {"type": "Point", "coordinates": [10.83869, 35.77173]}, "properties": {"record_id": "oai:u-bordeaux-montaigne.fr:340487", "symbol_class": "building", "pixel_x": 8535.0, "pixel_y": 3942.0, "easting": 584797.2, "northing": 274921.8, "epsg_source": 22391}}, {"type": "Feature", "geometry": {"type": "Point", "coordinates": [10.79432, 35.77488]}, "properties": {"record_id": "oai:u-bordeaux-montaigne.fr:340487", "symbol_class": "building", "pixel_x": 7585.9, "pixel_y": 3946.0, "easting": 580783.8, "northing": 275233.4, "epsg_source": 22391}}, {"type": "Feature", "geometry": {"type": "Point", "coordinates": [10.79829, 35.77453]}, "properties": {"record_id": "oai:u-bordeaux-montaigne.fr:340487", "symbol_class": "building", "pixel_x": 7670.8, "pixel_y": 3947.2, "easting": 581142.4, "northing": 275198.0, "epsg_source": 22391}}, {"type": "Feature", "geometry": {"type": "Point", "coordinates": [10.80189, 35.77427]}, "properties": {"record_id": "oai:u-bordeaux-montaigne.fr:340487", "symbol_class": "building", "pixel_x": 7747.9, "pixel_y": 3947.1, "easting": 581468.4, "northing": 275172.1, "epsg_source": 22391}}, {"type": "Feature", "geometry": {"type": "Point", "coordinates": [10.84217, 35.77098]}, "properties": {"record_id": "oai:u-bordeaux-montaigne.fr:340487", "symbol_class": "building", "pixel_x": 8610.4, "pixel_y": 3953.7, "easting": 585112.0, "northing": 274841.9, "epsg_source": 22391}}, {"type": "Feature", "geometry": {"type": "Point", "coordinates": [10.58849, 35.78976]}, "properties": {"record_id": "oai:u-bordeaux-montaigne.fr:340487", "symbol_class": "building", "pixel_x": 3182.5, "pixel_y": 3952.6, "easting": 562167.9, "northing": 276733.0, "epsg_source": 22391}}, {"type": "Feature", "geometry": {"type": "Point", "coordinates": [10.81157, 35.77328]}, "properties": {"record_id": "oai:u-bordeaux-montaigne.fr:340487", "symbol_class": "building", "pixel_x": 7955.5, "pixel_y": 3953.4, "easting": 582343.8, "northing": 275070.8, "epsg_source": 22391}}, {"type": "Feature", "geometry": {"type": "Point", "coordinates": [10.78622, 35.77506]}, "properties": {"record_id": "oai:u-bordeaux-montaigne.fr:340487", "symbol_class": "building", "pixel_x": 7413.2, "pixel_y": 3956.0, "easting": 580050.6, "northing": 275247.5, "epsg_source": 22391}}, {"type": "Feature", "geometry": {"type": "Point", "coordinates": [10.79368, 35.77452]}, "properties": {"record_id": "oai:u-bordeaux-montaigne.fr:340487", "symbol_class": "building", "pixel_x": 7572.9, "pixel_y": 3955.6, "easting": 580725.9, "northing": 275193.6, "epsg_source": 22391}}, {"type": "Feature", "geometry": {"type": "Point", "coordinates": [10.79706, 35.77435]}, "properties": {"record_id": "oai:u-bordeaux-montaigne.fr:340487", "symbol_class": "building", "pixel_x": 7645.1, "pixel_y": 3953.7, "easting": 581031.9, "northing": 275177.5, "epsg_source": 22391}}, {"type": "Feature", "geometry": {"type": "Point", "coordinates": [10.79076, 35.77463]}, "properties": {"record_id": "oai:u-bordeaux-montaigne.fr:340487", "symbol_class": "building", "pixel_x": 7510.7, "pixel_y": 3958.3, "easting": 580462.1, "northing": 275202.8, "epsg_source": 22391}}, {"type": "Feature", "geometry": {"type": "Point", "coordinates": [10.83514, 35.77141]}, "properties": {"record_id": "oai:u-bordeaux-montaigne.fr:340487", "symbol_class": "building", "pixel_x": 8460.2, "pixel_y": 3956.1, "easting": 584476.5, "northing": 274883.2, "epsg_source": 22391}}, {"type": "Feature", "geometry": {"type": "Point", "coordinates": [10.78867, 35.7747]}, "properties": {"record_id": "oai:u-bordeaux-montaigne.fr:340487", "symbol_class": "building", "pixel_x": 7466.2, "pixel_y": 3960.5, "easting": 580273.3, "northing": 275208.6, "epsg_source": 22391}}, {"type": "Feature", "geometry": {"type": "Point", "coordinates": [10.83468, 35.7713]}, "properties": {"record_id": "oai:u-bordeaux-montaigne.fr:340487", "symbol_class": "building", "pixel_x": 8450.5, "pixel_y": 3959.5, "easting": 584434.6, "northing": 274870.7, "epsg_source": 22391}}, {"type": "Feature", "geometry": {"type": "Point", "coordinates": [10.78489, 35.77488]}, "properties": {"record_id": "oai:u-bordeaux-montaigne.fr:340487", "symbol_class": "building", "pixel_x": 7385.5, "pixel_y": 3962.9, "easting": 579931.4, "northing": 275225.5, "epsg_source": 22391}}, {"type": "Feature", "geometry": {"type": "Point", "coordinates": [10.78683, 35.77454]}, "properties": {"record_id": "oai:u-bordeaux-montaigne.fr:340487", "symbol_class": "building", "pixel_x": 7427.3, "pixel_y": 3967.6, "easting": 580106.7, "northing": 275189.5, "epsg_source": 22391}}, {"type": "Feature", "geometry": {"type": "Point", "coordinates": [10.79219, 35.7741]}, "properties": {"record_id": "oai:u-bordeaux-montaigne.fr:340487", "symbol_class": "building", "pixel_x": 7542.1, "pixel_y": 3968.5, "easting": 580591.7, "northing": 275145.5, "epsg_source": 22391}}, {"type": "Feature", "geometry": {"type": "Point", "coordinates": [10.8344, 35.7708]}, "properties": {"record_id": "oai:u-bordeaux-montaigne.fr:340487", "symbol_class": "building", "pixel_x": 8445.7, "pixel_y": 3972.0, "easting": 584410.0, "northing": 274815.6, "epsg_source": 22391}}, {"type": "Feature", "geometry": {"type": "Point", "coordinates": [10.79769, 35.77352]}, "properties": {"record_id": "oai:u-bordeaux-montaigne.fr:340487", "symbol_class": "building", "pixel_x": 7660.1, "pixel_y": 3972.6, "easting": 581089.1, "northing": 275085.5, "epsg_source": 22391}}, {"type": "Feature", "geometry": {"type": "Point", "coordinates": [10.83774, 35.77027]}, "properties": {"record_id": "oai:u-bordeaux-montaigne.fr:340487", "symbol_class": "building", "pixel_x": 8517.7, "pixel_y": 3978.8, "easting": 584712.4, "northing": 274759.4, "epsg_source": 22391}}, {"type": "Feature", "geometry": {"type": "Point", "coordinates": [10.79519, 35.77368]}, "properties": {"record_id": "oai:u-bordeaux-montaigne.fr:340487", "symbol_class": "building", "pixel_x": 7606.7, "pixel_y": 3973.2, "easting": 580863.0, "northing": 275101.3, "epsg_source": 22391}}, {"type": "Feature", "geometry": {"type": "Point", "coordinates": [10.78594, 35.77437]}, "properties": {"record_id": "oai:u-bordeaux-montaigne.fr:340487", "symbol_class": "building", "pixel_x": 7408.9, "pixel_y": 3973.3, "easting": 580026.9, "northing": 275169.8, "epsg_source": 22391}}, {"type": "Feature", "geometry": {"type": "Point", "coordinates": [10.78974, 35.77407]}, "properties": {"record_id": "oai:u-bordeaux-montaigne.fr:340487", "symbol_class": "building", "pixel_x": 7490.1, "pixel_y": 3973.5, "easting": 580370.0, "northing": 275140.4, "epsg_source": 22391}}, {"type": "Feature", "geometry": {"type": "Point", "coordinates": [10.78525, 35.77441]}, "properties": {"record_id": "oai:u-bordeaux-montaigne.fr:340487", "symbol_class": "building", "pixel_x": 7393.9, "pixel_y": 3973.4, "easting": 579963.6, "northing": 275174.3, "epsg_source": 22391}}, {"type": "Feature", "geometry": {"type": "Point", "coordinates": [10.79347, 35.77368]}, "properties": {"record_id": "oai:u-bordeaux-montaigne.fr:340487", "symbol_class": "building", "pixel_x": 7570.2, "pixel_y": 3976.3, "easting": 580708.1, "northing": 275099.9, "epsg_source": 22391}}, {"type": "Feature", "geometry": {"type": "Point", "coordinates": [10.79419, 35.77347]}, "properties": {"record_id": "oai:u-bordeaux-montaigne.fr:340487", "symbol_class": "building", "pixel_x": 7585.9, "pixel_y": 3980.0, "easting": 580773.0, "northing": 275077.6, "epsg_source": 22391}}, {"type": "Feature", "geometry": {"type": "Point", "coordinates": [10.79284, 35.77351]}, "properties": {"record_id": "oai:u-bordeaux-montaigne.fr:340487", "symbol_class": "building", "pixel_x": 7557.0, "pixel_y": 3981.5, "easting": 580650.6, "northing": 275080.6, "epsg_source": 22391}}, {"type": "Feature", "geometry": {"type": "Point", "coordinates": [10.79952, 35.77308]}, "properties": {"record_id": "oai:u-bordeaux-montaigne.fr:340487", "symbol_class": "building", "pixel_x": 7699.9, "pixel_y": 3979.9, "easting": 581254.8, "northing": 275038.4, "epsg_source": 22391}}, {"type": "Feature", "geometry": {"type": "Point", "coordinates": [10.56181, 35.79026]}, "properties": {"record_id": "oai:u-bordeaux-montaigne.fr:340487", "symbol_class": "building", "pixel_x": 2614.7, "pixel_y": 3987.2, "easting": 559756.4, "northing": 276772.2, "epsg_source": 22391}}, {"type": "Feature", "geometry": {"type": "Point", "coordinates": [10.78746, 35.77382]}, "properties": {"record_id": "oai:u-bordeaux-montaigne.fr:340487", "symbol_class": "building", "pixel_x": 7442.1, "pixel_y": 3983.8, "easting": 580164.0, "northing": 275110.2, "epsg_source": 22391}}, {"type": "Feature", "geometry": {"type": "Point", "coordinates": [10.7856, 35.77388]}, "properties": {"record_id": "oai:u-bordeaux-montaigne.fr:340487", "symbol_class": "building", "pixel_x": 7402.5, "pixel_y": 3985.5, "easting": 579996.0, "northing": 275116.0, "epsg_source": 22391}}, {"type": "Feature", "geometry": {"type": "Point", "coordinates": [10.80335, 35.77256]}, "properties": {"record_id": "oai:u-bordeaux-montaigne.fr:340487", "symbol_class": "building", "pixel_x": 7782.4, "pixel_y": 3985.4, "easting": 581601.9, "northing": 274984.3, "epsg_source": 22391}}, {"type": "Feature", "geometry": {"type": "Point", "coordinates": [10.79162, 35.77337]}, "properties": {"record_id": "oai:u-bordeaux-montaigne.fr:340487", "symbol_class": "building", "pixel_x": 7531.4, "pixel_y": 3987.1, "easting": 580540.6, "northing": 275063.9, "epsg_source": 22391}}, {"type": "Feature", "geometry": {"type": "Point", "coordinates": [10.79995, 35.77251]}, "properties": {"record_id": "oai:u-bordeaux-montaigne.fr:340487", "symbol_class": "building", "pixel_x": 7710.2, "pixel_y": 3992.8, "easting": 581294.3, "northing": 274975.6, "epsg_source": 22391}}, {"type": "Feature", "geometry": {"type": "Point", "coordinates": [10.83696, 35.7698]}, "properties": {"record_id": "oai:u-bordeaux-montaigne.fr:340487", "symbol_class": "building", "pixel_x": 8502.2, "pixel_y": 3991.4, "easting": 584642.9, "northing": 274706.8, "epsg_source": 22391}}, {"type": "Feature", "geometry": {"type": "Point", "coordinates": [10.78147, 35.77378]}, "properties": {"record_id": "oai:u-bordeaux-montaigne.fr:340487", "symbol_class": "building", "pixel_x": 7314.9, "pixel_y": 3995.4, "easting": 579622.7, "northing": 275100.9, "epsg_source": 22391}}, {"type": "Feature", "geometry": {"type": "Point", "coordinates": [10.58726, 35.78807]}, "properties": {"record_id": "oai:u-bordeaux-montaigne.fr:340487", "symbol_class": "building", "pixel_x": 3159.8, "pixel_y": 3995.5, "easting": 562058.2, "northing": 276544.4, "epsg_source": 22391}}, {"type": "Feature", "geometry": {"type": "Point", "coordinates": [10.83264, 35.76964]}, "properties": {"record_id": "oai:u-bordeaux-montaigne.fr:340487", "symbol_class": "building", "pixel_x": 8410.7, "pixel_y": 4003.1, "easting": 584252.2, "northing": 274685.1, "epsg_source": 22391}}, {"type": "Feature", "geometry": {"type": "Point", "coordinates": [10.84133, 35.76929]}, "properties": {"record_id": "oai:u-bordeaux-montaigne.fr:340487", "symbol_class": "building", "pixel_x": 8596.2, "pixel_y": 3995.9, "easting": 585038.5, "northing": 274653.7, "epsg_source": 22391}}, {"type": "Feature", "geometry": {"type": "Point", "coordinates": [10.79509, 35.77261]}, "properties": {"record_id": "oai:u-bordeaux-montaigne.fr:340487", "symbol_class": "building", "pixel_x": 7606.8, "pixel_y": 3999.2, "easting": 580855.4, "northing": 274982.2, "epsg_source": 22391}}, {"type": "Feature", "geometry": {"type": "Point", "coordinates": [10.8374, 35.76954]}, "properties": {"record_id": "oai:u-bordeaux-montaigne.fr:340487", "symbol_class": "building", "pixel_x": 8512.0, "pixel_y": 3997.0, "easting": 584682.4, "northing": 274677.7, "epsg_source": 22391}}, {"type": "Feature", "geometry": {"type": "Point", "coordinates": [10.83581, 35.76921]}, "properties": {"record_id": "oai:u-bordeaux-montaigne.fr:340487", "symbol_class": "building", "pixel_x": 8479.0, "pixel_y": 4007.8, "easting": 584539.5, "northing": 274639.6, "epsg_source": 22391}}, {"type": "Feature", "geometry": {"type": "Point", "coordinates": [10.84238, 35.7689]}, "properties": {"record_id": "oai:u-bordeaux-montaigne.fr:340487", "symbol_class": "building", "pixel_x": 8619.3, "pixel_y": 4003.3, "easting": 585133.9, "northing": 274611.4, "epsg_source": 22391}}, {"type": "Feature", "geometry": {"type": "Point", "coordinates": [10.83869, 35.76913]}, "properties": {"record_id": "oai:u-bordeaux-montaigne.fr:340487", "symbol_class": "building", "pixel_x": 8540.3, "pixel_y": 4004.5, "easting": 584799.8, "northing": 274633.7, "epsg_source": 22391}}, {"type": "Feature", "geometry": {"type": "Point", "coordinates": [10.62935, 35.78461]}, "properties": {"record_id": "oai:u-bordeaux-montaigne.fr:340487", "symbol_class": "building", "pixel_x": 4061.1, "pixel_y": 4004.9, "easting": 565865.0, "northing": 276188.3, "epsg_source": 22391}}, {"type": "Feature", "geometry": {"type": "Point", "coordinates": [10.84061, 35.76872]}, "properties": {"record_id": "oai:u-bordeaux-montaigne.fr:340487", "symbol_class": "building", "pixel_x": 8582.0, "pixel_y": 4010.9, "easting": 584973.7, "northing": 274589.8, "epsg_source": 22391}}, {"type": "Feature", "geometry": {"type": "Point", "coordinates": [10.78507, 35.77307]}, "properties": {"record_id": "oai:u-bordeaux-montaigne.fr:340487", "symbol_class": "building", "pixel_x": 7392.9, "pixel_y": 4006.1, "easting": 579949.0, "northing": 275024.9, "epsg_source": 22391}}, {"type": "Feature", "geometry": {"type": "Point", "coordinates": [10.79216, 35.77258]}, "properties": {"record_id": "oai:u-bordeaux-montaigne.fr:340487", "symbol_class": "building", "pixel_x": 7544.7, "pixel_y": 4005.1, "easting": 580590.7, "northing": 274976.7, "epsg_source": 22391}}, {"type": "Feature", "geometry": {"type": "Point", "coordinates": [10.79844, 35.77198]}, "properties": {"record_id": "oai:u-bordeaux-montaigne.fr:340487", "symbol_class": "building", "pixel_x": 7679.2, "pixel_y": 4008.2, "easting": 581158.5, "northing": 274915.7, "epsg_source": 22391}}, {"type": "Feature", "geometry": {"type": "Point", "coordinates": [10.84013, 35.76898]}, "properties": {"record_id": "oai:u-bordeaux-montaigne.fr:340487", "symbol_class": "building", "pixel_x": 8571.2, "pixel_y": 4005.4, "easting": 584930.0, "northing": 274618.5, "epsg_source": 22391}}, {"type": "Feature", "geometry": {"type": "Point", "coordinates": [10.78577, 35.77295]}, "properties": {"record_id": "oai:u-bordeaux-montaigne.fr:340487", "symbol_class": "building", "pixel_x": 7408.1, "pixel_y": 4007.7, "easting": 580012.4, "northing": 275012.3, "epsg_source": 22391}}, {"type": "Feature", "geometry": {"type": "Point", "coordinates": [10.79321, 35.77236]}, "properties": {"record_id": "oai:u-bordeaux-montaigne.fr:340487", "symbol_class": "building", "pixel_x": 7567.4, "pixel_y": 4008.5, "easting": 580685.8, "northing": 274953.1, "epsg_source": 22391}}, {"type": "Feature", "geometry": {"type": "Point", "coordinates": [10.83753, 35.76909]}, "properties": {"record_id": "oai:u-bordeaux-montaigne.fr:340487", "symbol_class": "building", "pixel_x": 8515.7, "pixel_y": 4007.5, "easting": 584694.8, "northing": 274628.4, "epsg_source": 22391}}, {"type": "Feature", "geometry": {"type": "Point", "coordinates": [10.5393, 35.79088]}, "properties": {"record_id": "oai:u-bordeaux-montaigne.fr:340487", "symbol_class": "building", "pixel_x": 2135.3, "pixel_y": 4011.6, "easting": 557722.2, "northing": 276826.7, "epsg_source": 22391}}, {"type": "Feature", "geometry": {"type": "Point", "coordinates": [10.83978, 35.76886]}, "properties": {"record_id": "oai:u-bordeaux-montaigne.fr:340487", "symbol_class": "building", "pixel_x": 8563.9, "pixel_y": 4009.1, "easting": 584898.1, "northing": 274604.4, "epsg_source": 22391}}, {"type": "Feature", "geometry": {"type": "Point", "coordinates": [10.78687, 35.77277]}, "properties": {"record_id": "oai:u-bordeaux-montaigne.fr:340487", "symbol_class": "building", "pixel_x": 7431.9, "pixel_y": 4009.9, "easting": 580112.4, "northing": 274993.8, "epsg_source": 22391}}, {"type": "Feature", "geometry": {"type": "Point", "coordinates": [10.50425, 35.79345]}, "properties": {"record_id": "oai:u-bordeaux-montaigne.fr:340487", "symbol_class": "building", "pixel_x": 1385.4, "pixel_y": 4010.7, "easting": 554552.6, "northing": 277091.6, "epsg_source": 22391}}, {"type": "Feature", "geometry": {"type": "Point", "coordinates": [10.65748, 35.78233]}, "properties": {"record_id": "oai:u-bordeaux-montaigne.fr:340487", "symbol_class": "building", "pixel_x": 4663.3, "pixel_y": 4010.1, "easting": 568409.0, "northing": 275955.4, "epsg_source": 22391}}, {"type": "Feature", "geometry": {"type": "Point", "coordinates": [10.78972, 35.7724]}, "properties": {"record_id": "oai:u-bordeaux-montaigne.fr:340487", "symbol_class": "building", "pixel_x": 7493.2, "pixel_y": 4013.8, "easting": 580370.2, "northing": 274954.6, "epsg_source": 22391}}, {"type": "Feature", "geometry": {"type": "Point", "coordinates": [10.84284, 35.76843]}, "properties": {"record_id": "oai:u-bordeaux-montaigne.fr:340487", "symbol_class": "building", "pixel_x": 8629.9, "pixel_y": 4013.8, "easting": 585175.6, "northing": 274559.8, "epsg_source": 22391}}, {"type": "Feature", "geometry": {"type": "Point", "coordinates": [10.65729, 35.78207]}, "properties": {"record_id": "oai:u-bordeaux-montaigne.fr:340487", "symbol_class": "building", "pixel_x": 4659.8, "pixel_y": 4016.7, "easting": 568392.3, "northing": 275926.1, "epsg_source": 22391}}, {"type": "Feature", "geometry": {"type": "Point", "coordinates": [10.83814, 35.76849]}, "properties": {"record_id": "oai:u-bordeaux-montaigne.fr:340487", "symbol_class": "building", "pixel_x": 8530.0, "pixel_y": 4020.9, "easting": 584750.8, "northing": 274561.9, "epsg_source": 22391}}, {"type": "Feature", "geometry": {"type": "Point", "coordinates": [10.50738, 35.79268]}, "properties": {"record_id": "oai:u-bordeaux-montaigne.fr:340487", "symbol_class": "building", "pixel_x": 1453.4, "pixel_y": 4023.7, "easting": 554835.8, "northing": 277008.5, "epsg_source": 22391}}, {"type": "Feature", "geometry": {"type": "Point", "coordinates": [10.79917, 35.77129]}, "properties": {"record_id": "oai:u-bordeaux-montaigne.fr:340487", "symbol_class": "building", "pixel_x": 7696.2, "pixel_y": 4023.5, "easting": 581225.5, "northing": 274839.8, "epsg_source": 22391}}, {"type": "Feature", "geometry": {"type": "Point", "coordinates": [10.83139, 35.76886]}, "properties": {"record_id": "oai:u-bordeaux-montaigne.fr:340487", "symbol_class": "building", "pixel_x": 8385.8, "pixel_y": 4024.0, "easting": 584140.1, "northing": 274597.7, "epsg_source": 22391}}, {"type": "Feature", "geometry": {"type": "Point", "coordinates": [10.80046, 35.77096]}, "properties": {"record_id": "oai:u-bordeaux-montaigne.fr:340487", "symbol_class": "building", "pixel_x": 7724.3, "pixel_y": 4029.3, "easting": 581342.5, "northing": 274803.6, "epsg_source": 22391}}, {"type": "Feature", "geometry": {"type": "Point", "coordinates": [10.84337, 35.76768]}, "properties": {"record_id": "oai:u-bordeaux-montaigne.fr:340487", "symbol_class": "building", "pixel_x": 8642.8, "pixel_y": 4030.9, "easting": 585224.7, "northing": 274477.0, "epsg_source": 22391}}, {"type": "Feature", "geometry": {"type": "Point", "coordinates": [10.84018, 35.76786]}, "properties": {"record_id": "oai:u-bordeaux-montaigne.fr:340487", "symbol_class": "building", "pixel_x": 8574.6, "pixel_y": 4032.4, "easting": 584935.9, "northing": 274493.7, "epsg_source": 22391}}, {"type": "Feature", "geometry": {"type": "Point", "coordinates": [10.82779, 35.76868]}, "properties": {"record_id": "oai:u-bordeaux-montaigne.fr:340487", "symbol_class": "building", "pixel_x": 8309.7, "pixel_y": 4034.9, "easting": 583815.0, "northing": 274574.2, "epsg_source": 22391}}, {"type": "Feature", "geometry": {"type": "Point", "coordinates": [10.8377, 35.76792]}, "properties": {"record_id": "oai:u-bordeaux-montaigne.fr:340487", "symbol_class": "building", "pixel_x": 8521.8, "pixel_y": 4035.2, "easting": 584711.5, "northing": 274499.2, "epsg_source": 22391}}, {"type": "Feature", "geometry": {"type": "Point", "coordinates": [10.84296, 35.76749]}, "properties": {"record_id": "oai:u-bordeaux-montaigne.fr:340487", "symbol_class": "building", "pixel_x": 8634.4, "pixel_y": 4036.1, "easting": 585187.2, "northing": 274456.0, "epsg_source": 22391}}, {"type": "Feature", "geometry": {"type": "Point", "coordinates": [10.79877, 35.77082]}, "properties": {"record_id": "oai:u-bordeaux-montaigne.fr:340487", "symbol_class": "building", "pixel_x": 7688.6, "pixel_y": 4035.6, "easting": 581189.5, "northing": 274787.2, "epsg_source": 22391}}, {"type": "Feature", "geometry": {"type": "Point", "coordinates": [10.79793, 35.77072]}, "properties": {"record_id": "oai:u-bordeaux-montaigne.fr:340487", "symbol_class": "building", "pixel_x": 7671.0, "pixel_y": 4039.4, "easting": 581113.7, "northing": 274775.6, "epsg_source": 22391}}, {"type": "Feature", "geometry": {"type": "Point", "coordinates": [10.82588, 35.76855]}, "properties": {"record_id": "oai:u-bordeaux-montaigne.fr:340487", "symbol_class": "building", "pixel_x": 8269.3, "pixel_y": 4041.4, "easting": 583642.5, "northing": 274558.5, "epsg_source": 22391}}, {"type": "Feature", "geometry": {"type": "Point", "coordinates": [10.80348, 35.77028]}, "properties": {"record_id": "oai:u-bordeaux-montaigne.fr:340487", "symbol_class": "building", "pixel_x": 7789.8, "pixel_y": 4040.1, "easting": 581615.6, "northing": 274731.1, "epsg_source": 22391}}, {"type": "Feature", "geometry": {"type": "Point", "coordinates": [10.83905, 35.76755]}, "properties": {"record_id": "oai:u-bordeaux-montaigne.fr:340487", "symbol_class": "building", "pixel_x": 8551.3, "pixel_y": 4041.8, "easting": 584834.4, "northing": 274458.6, "epsg_source": 22391}}, {"type": "Feature", "geometry": {"type": "Point", "coordinates": [10.80296, 35.77018]}, "properties": {"record_id": "oai:u-bordeaux-montaigne.fr:340487", "symbol_class": "building", "pixel_x": 7778.9, "pixel_y": 4043.4, "easting": 581568.8, "northing": 274719.8, "epsg_source": 22391}}, {"type": "Feature", "geometry": {"type": "Point", "coordinates": [10.83781, 35.76744]}, "properties": {"record_id": "oai:u-bordeaux-montaigne.fr:340487", "symbol_class": "building", "pixel_x": 8525.1, "pixel_y": 4046.6, "easting": 584722.1, "northing": 274445.7, "epsg_source": 22391}}, {"type": "Feature", "geometry": {"type": "Point", "coordinates": [10.79191, 35.77079]}, "properties": {"record_id": "oai:u-bordeaux-montaigne.fr:340487", "symbol_class": "building", "pixel_x": 7543.0, "pixel_y": 4048.5, "easting": 580569.9, "northing": 274778.7, "epsg_source": 22391}}, {"type": "Feature", "geometry": {"type": "Point", "coordinates": [10.82785, 35.76814]}, "properties": {"record_id": "oai:u-bordeaux-montaigne.fr:340487", "symbol_class": "building", "pixel_x": 8312.0, "pixel_y": 4047.8, "easting": 583820.8, "northing": 274514.4, "epsg_source": 22391}}, {"type": "Feature", "geometry": {"type": "Point", "coordinates": [10.83993, 35.76723]}, "properties": {"record_id": "oai:u-bordeaux-montaigne.fr:340487", "symbol_class": "building", "pixel_x": 8570.6, "pixel_y": 4047.9, "easting": 584914.1, "northing": 274424.0, "epsg_source": 22391}}, {"type": "Feature", "geometry": {"type": "Point", "coordinates": [10.80234, 35.7701]}, "properties": {"record_id": "oai:u-bordeaux-montaigne.fr:340487", "symbol_class": "building", "pixel_x": 7765.9, "pixel_y": 4046.6, "easting": 581512.8, "northing": 274709.9, "epsg_source": 22391}}, {"type": "Feature", "geometry": {"type": "Point", "coordinates": [10.82727, 35.76799]}, "properties": {"record_id": "oai:u-bordeaux-montaigne.fr:340487", "symbol_class": "building", "pixel_x": 8300.1, "pixel_y": 4052.4, "easting": 583769.0, "northing": 274497.6, "epsg_source": 22391}}, {"type": "Feature", "geometry": {"type": "Point", "coordinates": [10.84026, 35.76712]}, "properties": {"record_id": "oai:u-bordeaux-montaigne.fr:340487", "symbol_class": "building", "pixel_x": 8577.8, "pixel_y": 4049.9, "easting": 584943.6, "northing": 274412.3, "epsg_source": 22391}}, {"type": "Feature", "geometry": {"type": "Point", "coordinates": [10.79445, 35.77044]}, "properties": {"record_id": "oai:u-bordeaux-montaigne.fr:340487", "symbol_class": "building", "pixel_x": 7597.6, "pixel_y": 4052.4, "easting": 580799.4, "northing": 274741.5, "epsg_source": 22391}}, {"type": "Feature", "geometry": {"type": "Point", "coordinates": [10.79284, 35.77054]}, "properties": {"record_id": "oai:u-bordeaux-montaigne.fr:340487", "symbol_class": "building", "pixel_x": 7563.3, "pixel_y": 4052.8, "easting": 580654.3, "northing": 274751.7, "epsg_source": 22391}}, {"type": "Feature", "geometry": {"type": "Point", "coordinates": [10.82604, 35.76804]}, "properties": {"record_id": "oai:u-bordeaux-montaigne.fr:340487", "symbol_class": "building", "pixel_x": 8273.7, "pixel_y": 4053.3, "easting": 583657.2, "northing": 274502.3, "epsg_source": 22391}}, {"type": "Feature", "geometry": {"type": "Point", "coordinates": [10.83844, 35.76707]}, "properties": {"record_id": "oai:u-bordeaux-montaigne.fr:340487", "symbol_class": "building", "pixel_x": 8539.2, "pixel_y": 4054.5, "easting": 584778.9, "northing": 274404.8, "epsg_source": 22391}}, {"type": "Feature", "geometry": {"type": "Point", "coordinates": [10.84128, 35.76689]}, "properties": {"record_id": "oai:u-bordeaux-montaigne.fr:340487", "symbol_class": "building", "pixel_x": 8599.9, "pixel_y": 4053.6, "easting": 585035.9, "northing": 274387.8, "epsg_source": 22391}}, {"type": "Feature", "geometry": {"type": "Point", "coordinates": [10.80325, 35.7695]}, "properties": {"record_id": "oai:u-bordeaux-montaigne.fr:340487", "symbol_class": "building", "pixel_x": 7786.6, "pixel_y": 4059.2, "easting": 581596.0, "northing": 274644.8, "epsg_source": 22391}}, {"type": "Feature", "geometry": {"type": "Point", "coordinates": [10.82455, 35.76796]}, "properties": {"record_id": "oai:u-bordeaux-montaigne.fr:340487", "symbol_class": "building", "pixel_x": 8242.3, "pixel_y": 4058.1, "easting": 583522.8, "northing": 274491.6, "epsg_source": 22391}}, {"type": "Feature", "geometry": {"type": "Point", "coordinates": [10.79503, 35.76997]}, "properties": {"record_id": "oai:u-bordeaux-montaigne.fr:340487", "symbol_class": "building", "pixel_x": 7611.0, "pixel_y": 4062.8, "easting": 580852.7, "northing": 274689.4, "epsg_source": 22391}}, {"type": "Feature", "geometry": {"type": "Point", "coordinates": [10.83757, 35.76681]}, "properties": {"record_id": "oai:u-bordeaux-montaigne.fr:340487", "symbol_class": "building", "pixel_x": 8521.2, "pixel_y": 4062.3, "easting": 584700.6, "northing": 274375.3, "epsg_source": 22391}}, {"type": "Feature", "geometry": {"type": "Point", "coordinates": [10.80175, 35.76937]}, "properties": {"record_id": "oai:u-bordeaux-montaigne.fr:340487", "symbol_class": "building", "pixel_x": 7755.0, "pixel_y": 4065.1, "easting": 581460.6, "northing": 274629.0, "epsg_source": 22391}}, {"type": "Feature", "geometry": {"type": "Point", "coordinates": [10.84095, 35.76641]}, "properties": {"record_id": "oai:u-bordeaux-montaigne.fr:340487", "symbol_class": "building", "pixel_x": 8594.0, "pixel_y": 4065.8, "easting": 585007.2, "northing": 274333.8, "epsg_source": 22391}}, {"type": "Feature", "geometry": {"type": "Point", "coordinates": [10.82816, 35.76735]}, "properties": {"record_id": "oai:u-bordeaux-montaigne.fr:340487", "symbol_class": "building", "pixel_x": 8320.3, "pixel_y": 4066.2, "easting": 583849.8, "northing": 274427.2, "epsg_source": 22391}}, {"type": "Feature", "geometry": {"type": "Point", "coordinates": [10.79556, 35.7697]}, "properties": {"record_id": "oai:u-bordeaux-montaigne.fr:340487", "symbol_class": "building", "pixel_x": 7622.8, "pixel_y": 4068.3, "easting": 580900.7, "northing": 274660.1, "epsg_source": 22391}}, {"type": "Feature", "geometry": {"type": "Point", "coordinates": [10.81822, 35.76797]}, "properties": {"record_id": "oai:u-bordeaux-montaigne.fr:340487", "symbol_class": "building", "pixel_x": 8107.8, "pixel_y": 4069.1, "easting": 582950.9, "northing": 274488.0, "epsg_source": 22391}}, {"type": "Feature", "geometry": {"type": "Point", "coordinates": [10.79785, 35.7694]}, "properties": {"record_id": "oai:u-bordeaux-montaigne.fr:340487", "symbol_class": "building", "pixel_x": 7672.0, "pixel_y": 4071.4, "easting": 581108.1, "northing": 274628.9, "epsg_source": 22391}}, {"type": "Feature", "geometry": {"type": "Point", "coordinates": [10.83387, 35.76667]}, "properties": {"record_id": "oai:u-bordeaux-montaigne.fr:340487", "symbol_class": "building", "pixel_x": 8443.0, "pixel_y": 4072.3, "easting": 584366.9, "northing": 274356.7, "epsg_source": 22391}}, {"type": "Feature", "geometry": {"type": "Point", "coordinates": [10.84387, 35.76594]}, "properties": {"record_id": "oai:u-bordeaux-montaigne.fr:340487", "symbol_class": "building", "pixel_x": 8657.0, "pixel_y": 4071.8, "easting": 585271.4, "northing": 274284.7, "epsg_source": 22391}}, {"type": "Feature", "geometry": {"type": "Point", "coordinates": [10.79616, 35.76948]}, "properties": {"record_id": "oai:u-bordeaux-montaigne.fr:340487", "symbol_class": "building", "pixel_x": 7635.9, "pixel_y": 4072.5, "easting": 580954.9, "northing": 274636.1, "epsg_source": 22391}}, {"type": "Feature", "geometry": {"type": "Point", "coordinates": [10.79443, 35.76947]}, "properties": {"record_id": "oai:u-bordeaux-montaigne.fr:340487", "symbol_class": "building", "pixel_x": 7599.3, "pixel_y": 4075.8, "easting": 580798.9, "northing": 274633.7, "epsg_source": 22391}}, {"type": "Feature", "geometry": {"type": "Point", "coordinates": [10.68524, 35.77716]}, "properties": {"record_id": "oai:u-bordeaux-montaigne.fr:340487", "symbol_class": "building", "pixel_x": 5263.6, "pixel_y": 4085.3, "easting": 570922.6, "northing": 275401.7, "epsg_source": 22391}}, {"type": "Feature", "geometry": {"type": "Point", "coordinates": [10.78133, 35.77003]}, "properties": {"record_id": "oai:u-bordeaux-montaigne.fr:340487", "symbol_class": "building", "pixel_x": 7319.7, "pixel_y": 4085.8, "easting": 579614.2, "northing": 274685.0, "epsg_source": 22391}}, {"type": "Feature", "geometry": {"type": "Point", "coordinates": [10.79283, 35.76842]}, "properties": {"record_id": "oai:u-bordeaux-montaigne.fr:340487", "symbol_class": "building", "pixel_x": 7567.3, "pixel_y": 4103.9, "easting": 580655.1, "northing": 274516.1, "epsg_source": 22391}}, {"type": "Feature", "geometry": {"type": "Point", "coordinates": [10.84369, 35.7642]}, "properties": {"record_id": "oai:u-bordeaux-montaigne.fr:340487", "symbol_class": "building", "pixel_x": 8656.8, "pixel_y": 4114.1, "easting": 585257.1, "northing": 274090.8, "epsg_source": 22391}}, {"type": "Feature", "geometry": {"type": "Point", "coordinates": [10.67165, 35.7767]}, "properties": {"record_id": "oai:u-bordeaux-montaigne.fr:340487", "symbol_class": "building", "pixel_x": 4975.8, "pixel_y": 4120.5, "easting": 569694.7, "northing": 275340.6, "epsg_source": 22391}}, {"type": "Feature", "geometry": {"type": "Point", "coordinates": [10.83931, 35.76435]}, "properties": {"record_id": "oai:u-bordeaux-montaigne.fr:340487", "symbol_class": "building", "pixel_x": 8563.3, "pixel_y": 4118.3, "easting": 584860.7, "northing": 274104.0, "epsg_source": 22391}}, {"type": "Feature", "geometry": {"type": "Point", "coordinates": [10.50072, 35.78891]}, "properties": {"record_id": "oai:u-bordeaux-montaigne.fr:340487", "symbol_class": "building", "pixel_x": 1319.4, "pixel_y": 4125.9, "easting": 554237.0, "northing": 276586.3, "epsg_source": 22391}}, {"type": "Feature", "geometry": {"type": "Point", "coordinates": [10.50029, 35.78864]}, "properties": {"record_id": "oai:u-bordeaux-montaigne.fr:340487", "symbol_class": "building", "pixel_x": 1310.8, "pixel_y": 4133.1, "easting": 554198.2, "northing": 276556.6, "epsg_source": 22391}}, {"type": "Feature", "geometry": {"type": "Point", "coordinates": [10.61724, 35.78009]}, "properties": {"record_id": "oai:u-bordeaux-montaigne.fr:340487", "symbol_class": "building", "pixel_x": 3812.8, "pixel_y": 4134.9, "easting": 564773.8, "northing": 275678.8, "epsg_source": 22391}}, {"type": "Feature", "geometry": {"type": "Point", "coordinates": [10.83952, 35.76347]}, "properties": {"record_id": "oai:u-bordeaux-montaigne.fr:340487", "symbol_class": "building", "pixel_x": 8569.6, "pixel_y": 4139.0, "easting": 584880.7, "northing": 274007.1, "epsg_source": 22391}}, {"type": "Feature", "geometry": {"type": "Point", "coordinates": [10.49915, 35.78825]}, "properties": {"record_id": "oai:u-bordeaux-montaigne.fr:340487", "symbol_class": "building", "pixel_x": 1287.4, "pixel_y": 4144.5, "easting": 554095.7, "northing": 276512.4, "epsg_source": 22391}}, {"type": "Feature", "geometry": {"type": "Point", "coordinates": [10.84402, 35.76278]}, "properties": {"record_id": "oai:u-bordeaux-montaigne.fr:340487", "symbol_class": "building", "pixel_x": 8666.8, "pixel_y": 4147.6, "easting": 585288.6, "northing": 273934.0, "epsg_source": 22391}}, {"type": "Feature", "geometry": {"type": "Point", "coordinates": [10.67738, 35.77501]}, "properties": {"record_id": "oai:u-bordeaux-montaigne.fr:340487", "symbol_class": "building", "pixel_x": 5100.8, "pixel_y": 4150.9, "easting": 570213.7, "northing": 275158.0, "epsg_source": 22391}}, {"type": "Feature", "geometry": {"type": "Point", "coordinates": [10.48912, 35.7884]}, "properties": {"record_id": "oai:u-bordeaux-montaigne.fr:340487", "symbol_class": "building", "pixel_x": 1074.0, "pixel_y": 4158.4, "easting": 553189.2, "northing": 276523.0, "epsg_source": 22391}}, {"type": "Feature", "geometry": {"type": "Point", "coordinates": [10.83996, 35.76251]}, "properties": {"record_id": "oai:u-bordeaux-montaigne.fr:340487", "symbol_class": "building", "pixel_x": 8581.0, "pixel_y": 4161.4, "easting": 584921.8, "northing": 273900.6, "epsg_source": 22391}}, {"type": "Feature", "geometry": {"type": "Point", "coordinates": [10.84329, 35.76192]}, "properties": {"record_id": "oai:u-bordeaux-montaigne.fr:340487", "symbol_class": "building", "pixel_x": 8652.9, "pixel_y": 4169.6, "easting": 585222.9, "northing": 273837.8, "epsg_source": 22391}}, {"type": "Feature", "geometry": {"type": "Point", "coordinates": [10.58722, 35.7807]}, "properties": {"record_id": "oai:u-bordeaux-montaigne.fr:340487", "symbol_class": "building", "pixel_x": 3173.6, "pixel_y": 4172.8, "easting": 562060.1, "northing": 275727.2, "epsg_source": 22391}}, {"type": "Feature", "geometry": {"type": "Point", "coordinates": [10.84183, 35.76162]}, "properties": {"record_id": "oai:u-bordeaux-montaigne.fr:340487", "symbol_class": "building", "pixel_x": 8622.6, "pixel_y": 4179.3, "easting": 585091.8, "northing": 273803.8, "epsg_source": 22391}}, {"type": "Feature", "geometry": {"type": "Point", "coordinates": [10.79549, 35.76496]}, "properties": {"record_id": "oai:u-bordeaux-montaigne.fr:340487", "symbol_class": "building", "pixel_x": 7630.9, "pixel_y": 4182.3, "easting": 580898.8, "northing": 274135.0, "epsg_source": 22391}}, {"type": "Feature", "geometry": {"type": "Point", "coordinates": [10.68568, 35.77313]}, "properties": {"record_id": "oai:u-bordeaux-montaigne.fr:340487", "symbol_class": "building", "pixel_x": 5280.9, "pixel_y": 4181.5, "easting": 570965.3, "northing": 274955.1, "epsg_source": 22391}}, {"type": "Feature", "geometry": {"type": "Point", "coordinates": [10.64604, 35.77588]}, "properties": {"record_id": "oai:u-bordeaux-montaigne.fr:340487", "symbol_class": "building", "pixel_x": 4433.1, "pixel_y": 4185.5, "easting": 567380.2, "northing": 275231.3, "epsg_source": 22391}}, {"type": "Feature", "geometry": {"type": "Point", "coordinates": [10.79601, 35.76473]}, "properties": {"record_id": "oai:u-bordeaux-montaigne.fr:340487", "symbol_class": "building", "pixel_x": 7642.6, "pixel_y": 4187.1, "easting": 580946.8, "northing": 274108.9, "epsg_source": 22391}}, {"type": "Feature", "geometry": {"type": "Point", "coordinates": [10.51528, 35.78513]}, "properties": {"record_id": "oai:u-bordeaux-montaigne.fr:340487", "symbol_class": "building", "pixel_x": 1636.3, "pixel_y": 4191.7, "easting": 555555.6, "northing": 276175.0, "epsg_source": 22391}}, {"type": "Feature", "geometry": {"type": "Point", "coordinates": [10.7839, 35.7653]}, "properties": {"record_id": "oai:u-bordeaux-montaigne.fr:340487", "symbol_class": "building", "pixel_x": 7383.9, "pixel_y": 4194.9, "easting": 579850.7, "northing": 274162.8, "epsg_source": 22391}}, {"type": "Feature", "geometry": {"type": "Point", "coordinates": [10.56788, 35.781]}, "properties": {"record_id": "oai:u-bordeaux-montaigne.fr:340487", "symbol_class": "building", "pixel_x": 2762.2, "pixel_y": 4199.3, "easting": 560312.3, "northing": 275748.9, "epsg_source": 22391}}, {"type": "Feature", "geometry": {"type": "Point", "coordinates": [10.78354, 35.7652]}, "properties": {"record_id": "oai:u-bordeaux-montaigne.fr:340487", "symbol_class": "building", "pixel_x": 7376.6, "pixel_y": 4198.1, "easting": 579818.7, "northing": 274151.0, "epsg_source": 22391}}, {"type": "Feature", "geometry": {"type": "Point", "coordinates": [10.51418, 35.78478]}, "properties": {"record_id": "oai:u-bordeaux-montaigne.fr:340487", "symbol_class": "building", "pixel_x": 1613.6, "pixel_y": 4201.9, "easting": 555456.2, "northing": 276136.1, "epsg_source": 22391}}, {"type": "Feature", "geometry": {"type": "Point", "coordinates": [10.51423, 35.78432]}, "properties": {"record_id": "oai:u-bordeaux-montaigne.fr:340487", "symbol_class": "building", "pixel_x": 1615.5, "pixel_y": 4212.9, "easting": 555460.9, "northing": 276084.8, "epsg_source": 22391}}, {"type": "Feature", "geometry": {"type": "Point", "coordinates": [10.55238, 35.78144]}, "properties": {"record_id": "oai:u-bordeaux-montaigne.fr:340487", "symbol_class": "building", "pixel_x": 2431.9, "pixel_y": 4215.9, "easting": 558910.9, "northing": 275787.5, "epsg_source": 22391}}, {"type": "Feature", "geometry": {"type": "Point", "coordinates": [10.51384, 35.78412]}, "properties": {"record_id": "oai:u-bordeaux-montaigne.fr:340487", "symbol_class": "building", "pixel_x": 1607.7, "pixel_y": 4218.4, "easting": 555425.9, "northing": 276062.7, "epsg_source": 22391}}, {"type": "Feature", "geometry": {"type": "Point", "coordinates": [10.51443, 35.78399]}, "properties": {"record_id": "oai:u-bordeaux-montaigne.fr:340487", "symbol_class": "building", "pixel_x": 1620.6, "pixel_y": 4220.6, "easting": 555479.8, "northing": 276048.1, "epsg_source": 22391}}, {"type": "Feature", "geometry": {"type": "Point", "coordinates": [10.8392, 35.76]}, "properties": {"record_id": "oai:u-bordeaux-montaigne.fr:340487", "symbol_class": "building", "pixel_x": 8570.1, "pixel_y": 4223.2, "easting": 584855.7, "northing": 273621.2, "epsg_source": 22391}}, {"type": "Feature", "geometry": {"type": "Point", "coordinates": [10.51412, 35.78393]}, "properties": {"record_id": "oai:u-bordeaux-montaigne.fr:340487", "symbol_class": "building", "pixel_x": 1614.1, "pixel_y": 4222.6, "easting": 555451.6, "northing": 276041.0, "epsg_source": 22391}}, {"type": "Feature", "geometry": {"type": "Point", "coordinates": [10.51487, 35.78389]}, "properties": {"record_id": "oai:u-bordeaux-montaigne.fr:340487", "symbol_class": "building", "pixel_x": 1630.1, "pixel_y": 4222.1, "easting": 555519.5, "northing": 276037.8, "epsg_source": 22391}}, {"type": "Feature", "geometry": {"type": "Point", "coordinates": [10.51534, 35.78387]}, "properties": {"record_id": "oai:u-bordeaux-montaigne.fr:340487", "symbol_class": "building", "pixel_x": 1640.2, "pixel_y": 4221.9, "easting": 555562.2, "northing": 276035.1, "epsg_source": 22391}}, {"type": "Feature", "geometry": {"type": "Point", "coordinates": [10.566, 35.77991]}, "properties": {"record_id": "oai:u-bordeaux-montaigne.fr:340487", "symbol_class": "building", "pixel_x": 2724.4, "pixel_y": 4228.9, "easting": 560143.4, "northing": 275626.4, "epsg_source": 22391}}, {"type": "Feature", "geometry": {"type": "Point", "coordinates": [10.49141, 35.78519]}, "properties": {"record_id": "oai:u-bordeaux-montaigne.fr:340487", "symbol_class": "building", "pixel_x": 1128.9, "pixel_y": 4231.6, "easting": 553398.1, "northing": 276168.1, "epsg_source": 22391}}, {"type": "Feature", "geometry": {"type": "Point", "coordinates": [10.84169, 35.75941]}, "properties": {"record_id": "oai:u-bordeaux-montaigne.fr:340487", "symbol_class": "building", "pixel_x": 8624.1, "pixel_y": 4232.7, "easting": 585081.2, "northing": 273558.6, "epsg_source": 22391}}, {"type": "Feature", "geometry": {"type": "Point", "coordinates": [10.71894, 35.76841]}, "properties": {"record_id": "oai:u-bordeaux-montaigne.fr:340487", "symbol_class": "building", "pixel_x": 5997.4, "pixel_y": 4236.1, "easting": 573976.7, "northing": 274456.0, "epsg_source": 22391}}, {"type": "Feature", "geometry": {"type": "Point", "coordinates": [10.83847, 35.75949]}, "properties": {"record_id": "oai:u-bordeaux-montaigne.fr:340487", "symbol_class": "building", "pixel_x": 8555.7, "pixel_y": 4236.6, "easting": 584790.6, "northing": 273564.5, "epsg_source": 22391}}, {"type": "Feature", "geometry": {"type": "Point", "coordinates": [10.77849, 35.76391]}, "properties": {"record_id": "oai:u-bordeaux-montaigne.fr:340487", "symbol_class": "building", "pixel_x": 7272.0, "pixel_y": 4238.0, "easting": 579363.9, "northing": 274004.3, "epsg_source": 22391}}, {"type": "Feature", "geometry": {"type": "Point", "coordinates": [10.69356, 35.7699]}, "properties": {"record_id": "oai:u-bordeaux-montaigne.fr:340487", "symbol_class": "building", "pixel_x": 5455.1, "pixel_y": 4245.2, "easting": 571681.2, "northing": 274602.8, "epsg_source": 22391}}, {"type": "Feature", "geometry": {"type": "Point", "coordinates": [10.77742, 35.76362]}, "properties": {"record_id": "oai:u-bordeaux-montaigne.fr:340487", "symbol_class": "building", "pixel_x": 7249.8, "pixel_y": 4246.8, "easting": 579267.1, "northing": 273971.5, "epsg_source": 22391}}, {"type": "Feature", "geometry": {"type": "Point", "coordinates": [10.67966, 35.77057]}, "properties": {"record_id": "oai:u-bordeaux-montaigne.fr:340487", "symbol_class": "building", "pixel_x": 5158.3, "pixel_y": 4253.8, "easting": 570424.0, "northing": 274666.3, "epsg_source": 22391}}, {"type": "Feature", "geometry": {"type": "Point", "coordinates": [10.67993, 35.77057]}, "properties": {"record_id": "oai:u-bordeaux-montaigne.fr:340487", "symbol_class": "building", "pixel_x": 5164.1, "pixel_y": 4253.2, "easting": 570448.6, "northing": 274667.2, "epsg_source": 22391}}, {"type": "Feature", "geometry": {"type": "Point", "coordinates": [10.61116, 35.7747]}, "properties": {"record_id": "oai:u-bordeaux-montaigne.fr:340487", "symbol_class": "building", "pixel_x": 3694.4, "pixel_y": 4275.0, "easting": 564228.7, "northing": 275077.8, "epsg_source": 22391}}, {"type": "Feature", "geometry": {"type": "Point", "coordinates": [10.49401, 35.78285]}, "properties": {"record_id": "oai:u-bordeaux-montaigne.fr:340487", "symbol_class": "building", "pixel_x": 1188.8, "pixel_y": 4283.2, "easting": 553634.8, "northing": 275910.9, "epsg_source": 22391}}, {"type": "Feature", "geometry": {"type": "Point", "coordinates": [10.54119, 35.77913]}, "properties": {"record_id": "oai:u-bordeaux-montaigne.fr:340487", "symbol_class": "building", "pixel_x": 2198.7, "pixel_y": 4291.0, "easting": 557901.1, "northing": 275524.5, "epsg_source": 22391}}, {"type": "Feature", "geometry": {"type": "Point", "coordinates": [10.77296, 35.76194]}, "properties": {"record_id": "oai:u-bordeaux-montaigne.fr:340487", "symbol_class": "building", "pixel_x": 7158.5, "pixel_y": 4295.4, "easting": 578865.7, "northing": 273780.6, "epsg_source": 22391}}, {"type": "Feature", "geometry": {"type": "Point", "coordinates": [10.49312, 35.78225]}, "properties": {"record_id": "oai:u-bordeaux-montaigne.fr:340487", "symbol_class": "building", "pixel_x": 1171.1, "pixel_y": 4299.3, "easting": 553554.8, "northing": 275843.6, "epsg_source": 22391}}, {"type": "Feature", "geometry": {"type": "Point", "coordinates": [10.65229, 35.77046]}, "properties": {"record_id": "oai:u-bordeaux-montaigne.fr:340487", "symbol_class": "building", "pixel_x": 4576.9, "pixel_y": 4304.8, "easting": 567949.8, "northing": 274634.9, "epsg_source": 22391}}, {"type": "Feature", "geometry": {"type": "Point", "coordinates": [10.48679, 35.78188]}, "properties": {"record_id": "oai:u-bordeaux-montaigne.fr:340487", "symbol_class": "building", "pixel_x": 1037.2, "pixel_y": 4319.2, "easting": 552982.5, "northing": 275798.6, "epsg_source": 22391}}, {"type": "Feature", "geometry": {"type": "Point", "coordinates": [10.66426, 35.76873]}, "properties": {"record_id": "oai:u-bordeaux-montaigne.fr:340487", "symbol_class": "building", "pixel_x": 4834.7, "pixel_y": 4325.2, "easting": 569033.3, "northing": 274451.6, "epsg_source": 22391}}, {"type": "Feature", "geometry": {"type": "Point", "coordinates": [10.72141, 35.76411]}, "properties": {"record_id": "oai:u-bordeaux-montaigne.fr:340487", "symbol_class": "building", "pixel_x": 6058.5, "pixel_y": 4335.0, "easting": 574203.2, "northing": 273981.4, "epsg_source": 22391}}, {"type": "Feature", "geometry": {"type": "Point", "coordinates": [10.69713, 35.76575]}, "properties": {"record_id": "oai:u-bordeaux-montaigne.fr:340487", "symbol_class": "building", "pixel_x": 5539.3, "pixel_y": 4338.7, "easting": 572007.4, "northing": 274145.1, "epsg_source": 22391}}, {"type": "Feature", "geometry": {"type": "Point", "coordinates": [10.72058, 35.76385]}, "properties": {"record_id": "oai:u-bordeaux-montaigne.fr:340487", "symbol_class": "building", "pixel_x": 6041.4, "pixel_y": 4342.7, "easting": 574128.7, "northing": 273952.3, "epsg_source": 22391}}, {"type": "Feature", "geometry": {"type": "Point", "coordinates": [10.48688, 35.78059]}, "properties": {"record_id": "oai:u-bordeaux-montaigne.fr:340487", "symbol_class": "building", "pixel_x": 1041.8, "pixel_y": 4350.1, "easting": 552991.8, "northing": 275655.8, "epsg_source": 22391}}, {"type": "Feature", "geometry": {"type": "Point", "coordinates": [10.7517, 35.76088]}, "properties": {"record_id": "oai:u-bordeaux-montaigne.fr:340487", "symbol_class": "building", "pixel_x": 6708.9, "pixel_y": 4358.8, "easting": 576944.9, "northing": 273646.5, "epsg_source": 22391}}, {"type": "Feature", "geometry": {"type": "Point", "coordinates": [10.69248, 35.76516]}, "properties": {"record_id": "oai:u-bordeaux-montaigne.fr:340487", "symbol_class": "building", "pixel_x": 5441.7, "pixel_y": 4361.1, "easting": 571587.4, "northing": 274076.4, "epsg_source": 22391}}, {"type": "Feature", "geometry": {"type": "Point", "coordinates": [10.82865, 35.75494]}, "properties": {"record_id": "oai:u-bordeaux-montaigne.fr:340487", "symbol_class": "building", "pixel_x": 8356.2, "pixel_y": 4363.8, "easting": 583906.9, "northing": 273051.3, "epsg_source": 22391}}, {"type": "Feature", "geometry": {"type": "Point", "coordinates": [10.69144, 35.76465]}, "properties": {"record_id": "oai:u-bordeaux-montaigne.fr:340487", "symbol_class": "building", "pixel_x": 5420.6, "pixel_y": 4375.2, "easting": 571494.0, "northing": 274019.0, "epsg_source": 22391}}, {"type": "Feature", "geometry": {"type": "Point", "coordinates": [10.48678, 35.77949]}, "properties": {"record_id": "oai:u-bordeaux-montaigne.fr:340487", "symbol_class": "building", "pixel_x": 1041.8, "pixel_y": 4376.6, "easting": 552983.3, "northing": 275534.0, "epsg_source": 22391}}, {"type": "Feature", "geometry": {"type": "Point", "coordinates": [10.76585, 35.75912]}, "properties": {"record_id": "oai:u-bordeaux-montaigne.fr:340487", "symbol_class": "building", "pixel_x": 7013.0, "pixel_y": 4375.9, "easting": 578225.2, "northing": 273462.6, "epsg_source": 22391}}, {"type": "Feature", "geometry": {"type": "Point", "coordinates": [10.67001, 35.76611]}, "properties": {"record_id": "oai:u-bordeaux-montaigne.fr:340487", "symbol_class": "building", "pixel_x": 4962.3, "pixel_y": 4378.0, "easting": 569555.8, "northing": 274165.2, "epsg_source": 22391}}, {"type": "Feature", "geometry": {"type": "Point", "coordinates": [10.67046, 35.76597]}, "properties": {"record_id": "oai:u-bordeaux-montaigne.fr:340487", "symbol_class": "building", "pixel_x": 4972.2, "pixel_y": 4380.7, "easting": 569596.6, "northing": 274149.6, "epsg_source": 22391}}, {"type": "Feature", "geometry": {"type": "Point", "coordinates": [10.66994, 35.76581]}, "properties": {"record_id": "oai:u-bordeaux-montaigne.fr:340487", "symbol_class": "building", "pixel_x": 4961.4, "pixel_y": 4385.3, "easting": 569549.5, "northing": 274132.1, "epsg_source": 22391}}, {"type": "Feature", "geometry": {"type": "Point", "coordinates": [10.48669, 35.77911]}, "properties": {"record_id": "oai:u-bordeaux-montaigne.fr:340487", "symbol_class": "building", "pixel_x": 1040.7, "pixel_y": 4385.9, "easting": 552975.6, "northing": 275491.9, "epsg_source": 22391}}, {"type": "Feature", "geometry": {"type": "Point", "coordinates": [10.6704, 35.76571]}, "properties": {"record_id": "oai:u-bordeaux-montaigne.fr:340487", "symbol_class": "building", "pixel_x": 4971.3, "pixel_y": 4387.1, "easting": 569591.0, "northing": 274120.7, "epsg_source": 22391}}, {"type": "Feature", "geometry": {"type": "Point", "coordinates": [10.74631, 35.76008]}, "properties": {"record_id": "oai:u-bordeaux-montaigne.fr:340487", "symbol_class": "building", "pixel_x": 6596.0, "pixel_y": 4387.6, "easting": 576458.5, "northing": 273553.7, "epsg_source": 22391}}, {"type": "Feature", "geometry": {"type": "Point", "coordinates": [10.83795, 35.75309]}, "properties": {"record_id": "oai:u-bordeaux-montaigne.fr:340487", "symbol_class": "building", "pixel_x": 8557.8, "pixel_y": 4391.5, "easting": 584750.2, "northing": 272854.3, "epsg_source": 22391}}, {"type": "Feature", "geometry": {"type": "Point", "coordinates": [10.64514, 35.76729]}, "properties": {"record_id": "oai:u-bordeaux-montaigne.fr:340487", "symbol_class": "building", "pixel_x": 4431.4, "pixel_y": 4393.5, "easting": 567306.6, "northing": 274278.8, "epsg_source": 22391}}, {"type": "Feature", "geometry": {"type": "Point", "coordinates": [10.48731, 35.77868]}, "properties": {"record_id": "oai:u-bordeaux-montaigne.fr:340487", "symbol_class": "building", "pixel_x": 1054.7, "pixel_y": 4395.2, "easting": 553032.0, "northing": 275444.6, "epsg_source": 22391}}, {"type": "Feature", "geometry": {"type": "Point", "coordinates": [10.6797, 35.76433]}, "properties": {"record_id": "oai:u-bordeaux-montaigne.fr:340487", "symbol_class": "building", "pixel_x": 5171.8, "pixel_y": 4403.8, "easting": 570432.8, "northing": 273974.4, "epsg_source": 22391}}, {"type": "Feature", "geometry": {"type": "Point", "coordinates": [10.48705, 35.7782]}, "properties": {"record_id": "oai:u-bordeaux-montaigne.fr:340487", "symbol_class": "building", "pixel_x": 1050.0, "pixel_y": 4407.2, "easting": 553008.5, "northing": 275390.9, "epsg_source": 22391}}, {"type": "Feature", "geometry": {"type": "Point", "coordinates": [10.62959, 35.76764]}, "properties": {"record_id": "oai:u-bordeaux-montaigne.fr:340487", "symbol_class": "building", "pixel_x": 4100.2, "pixel_y": 4412.5, "easting": 565900.4, "northing": 274306.8, "epsg_source": 22391}}, {"type": "Feature", "geometry": {"type": "Point", "coordinates": [10.74201, 35.75938]}, "properties": {"record_id": "oai:u-bordeaux-montaigne.fr:340487", "symbol_class": "building", "pixel_x": 6506.0, "pixel_y": 4412.2, "easting": 576070.4, "northing": 273472.3, "epsg_source": 22391}}, {"type": "Feature", "geometry": {"type": "Point", "coordinates": [10.48793, 35.778]}, "properties": {"record_id": "oai:u-bordeaux-montaigne.fr:340487", "symbol_class": "building", "pixel_x": 1069.2, "pixel_y": 4410.5, "easting": 553088.5, "northing": 275369.3, "epsg_source": 22391}}, {"type": "Feature", "geometry": {"type": "Point", "coordinates": [10.62397, 35.76801]}, "properties": {"record_id": "oai:u-bordeaux-montaigne.fr:340487", "symbol_class": "building", "pixel_x": 3980.0, "pixel_y": 4413.5, "easting": 565392.1, "northing": 274344.1, "epsg_source": 22391}}, {"type": "Feature", "geometry": {"type": "Point", "coordinates": [10.62526, 35.76792]}, "properties": {"record_id": "oai:u-bordeaux-montaigne.fr:340487", "symbol_class": "building", "pixel_x": 4007.6, "pixel_y": 4413.5, "easting": 565508.8, "northing": 274334.6, "epsg_source": 22391}}, {"type": "Feature", "geometry": {"type": "Point", "coordinates": [10.62451, 35.76797]}, "properties": {"record_id": "oai:u-bordeaux-montaigne.fr:340487", "symbol_class": "building", "pixel_x": 3991.5, "pixel_y": 4413.5, "easting": 565440.6, "northing": 274340.1, "epsg_source": 22391}}, {"type": "Feature", "geometry": {"type": "Point", "coordinates": [10.74694, 35.75887]}, "properties": {"record_id": "oai:u-bordeaux-montaigne.fr:340487", "symbol_class": "building", "pixel_x": 6611.8, "pixel_y": 4415.7, "easting": 576516.2, "northing": 273419.7, "epsg_source": 22391}}, {"type": "Feature", "geometry": {"type": "Point", "coordinates": [10.67944, 35.76359]}, "properties": {"record_id": "oai:u-bordeaux-montaigne.fr:340487", "symbol_class": "building", "pixel_x": 5167.8, "pixel_y": 4422.0, "easting": 570410.2, "northing": 273892.4, "epsg_source": 22391}}, {"type": "Feature", "geometry": {"type": "Point", "coordinates": [10.48774, 35.77757]}, "properties": {"record_id": "oai:u-bordeaux-montaigne.fr:340487", "symbol_class": "building", "pixel_x": 1066.0, "pixel_y": 4421.3, "easting": 553071.6, "northing": 275321.1, "epsg_source": 22391}}, {"type": "Feature", "geometry": {"type": "Point", "coordinates": [10.62485, 35.7675]}, "properties": {"record_id": "oai:u-bordeaux-montaigne.fr:340487", "symbol_class": "building", "pixel_x": 3999.7, "pixel_y": 4424.2, "easting": 565471.7, "northing": 274288.2, "epsg_source": 22391}}, {"type": "Feature", "geometry": {"type": "Point", "coordinates": [10.74092, 35.75894]}, "properties": {"record_id": "oai:u-bordeaux-montaigne.fr:340487", "symbol_class": "building", "pixel_x": 6483.8, "pixel_y": 4424.7, "easting": 575972.4, "northing": 273422.9, "epsg_source": 22391}}, {"type": "Feature", "geometry": {"type": "Point", "coordinates": [10.7601, 35.75762]}, "properties": {"record_id": "oai:u-bordeaux-montaigne.fr:340487", "symbol_class": "building", "pixel_x": 6894.1, "pixel_y": 4422.1, "easting": 577707.6, "northing": 273292.1, "epsg_source": 22391}}, {"type": "Feature", "geometry": {"type": "Point", "coordinates": [10.62355, 35.76744]}, "properties": {"record_id": "oai:u-bordeaux-montaigne.fr:340487", "symbol_class": "building", "pixel_x": 3972.4, "pixel_y": 4428.0, "easting": 565355.1, "northing": 274280.2, "epsg_source": 22391}}, {"type": "Feature", "geometry": {"type": "Point", "coordinates": [10.74586, 35.75817]}, "properties": {"record_id": "oai:u-bordeaux-montaigne.fr:340487", "symbol_class": "building", "pixel_x": 6590.3, "pixel_y": 4434.4, "easting": 576419.4, "northing": 273341.3, "epsg_source": 22391}}, {"type": "Feature", "geometry": {"type": "Point", "coordinates": [10.6234, 35.76691]}, "properties": {"record_id": "oai:u-bordeaux-montaigne.fr:340487", "symbol_class": "building", "pixel_x": 3970.2, "pixel_y": 4441.1, "easting": 565342.0, "northing": 274221.1, "epsg_source": 22391}}, {"type": "Feature", "geometry": {"type": "Point", "coordinates": [10.49397, 35.77598]}, "properties": {"record_id": "oai:u-bordeaux-montaigne.fr:340487", "symbol_class": "building", "pixel_x": 1201.6, "pixel_y": 4448.6, "easting": 553636.1, "northing": 275148.5, "epsg_source": 22391}}, {"type": "Feature", "geometry": {"type": "Point", "coordinates": [10.63115, 35.76607]}, "properties": {"record_id": "oai:u-bordeaux-montaigne.fr:340487", "symbol_class": "building", "pixel_x": 4136.4, "pixel_y": 4447.5, "easting": 566042.5, "northing": 274133.8, "epsg_source": 22391}}, {"type": "Feature", "geometry": {"type": "Point", "coordinates": [10.62378, 35.76656]}, "properties": {"record_id": "oai:u-bordeaux-montaigne.fr:340487", "symbol_class": "building", "pixel_x": 3978.9, "pixel_y": 4448.8, "easting": 565376.2, "northing": 274182.8, "epsg_source": 22391}}, {"type": "Feature", "geometry": {"type": "Point", "coordinates": [10.74153, 35.75782]}, "properties": {"record_id": "oai:u-bordeaux-montaigne.fr:340487", "symbol_class": "building", "pixel_x": 6499.1, "pixel_y": 4450.6, "easting": 576028.8, "northing": 273298.8, "epsg_source": 22391}}, {"type": "Feature", "geometry": {"type": "Point", "coordinates": [10.62419, 35.7664]}, "properties": {"record_id": "oai:u-bordeaux-montaigne.fr:340487", "symbol_class": "building", "pixel_x": 3987.9, "pixel_y": 4451.7, "easting": 565413.3, "northing": 274166.1, "epsg_source": 22391}}, {"type": "Feature", "geometry": {"type": "Point", "coordinates": [10.74692, 35.75735]}, "properties": {"record_id": "oai:u-bordeaux-montaigne.fr:340487", "symbol_class": "building", "pixel_x": 6614.5, "pixel_y": 4452.1, "easting": 576516.0, "northing": 273251.7, "epsg_source": 22391}}, {"type": "Feature", "geometry": {"type": "Point", "coordinates": [10.59604, 35.76829]}, "properties": {"record_id": "oai:u-bordeaux-montaigne.fr:340487", "symbol_class": "building", "pixel_x": 3386.0, "pixel_y": 4455.8, "easting": 562867.5, "northing": 274356.4, "epsg_source": 22391}}, {"type": "Feature", "geometry": {"type": "Point", "coordinates": [10.63046, 35.76559]}, "properties": {"record_id": "oai:u-bordeaux-montaigne.fr:340487", "symbol_class": "building", "pixel_x": 4122.9, "pixel_y": 4460.2, "easting": 565981.0, "northing": 274080.3, "epsg_source": 22391}}, {"type": "Feature", "geometry": {"type": "Point", "coordinates": [10.74628, 35.75716]}, "properties": {"record_id": "oai:u-bordeaux-montaigne.fr:340487", "symbol_class": "building", "pixel_x": 6601.3, "pixel_y": 4458.0, "easting": 576458.5, "northing": 273229.2, "epsg_source": 22391}}, {"type": "Feature", "geometry": {"type": "Point", "coordinates": [10.49174, 35.77565]}, "properties": {"record_id": "oai:u-bordeaux-montaigne.fr:340487", "symbol_class": "building", "pixel_x": 1154.7, "pixel_y": 4460.3, "easting": 553434.0, "northing": 275111.2, "epsg_source": 22391}}, {"type": "Feature", "geometry": {"type": "Point", "coordinates": [10.59741, 35.76803]}, "properties": {"record_id": "oai:u-bordeaux-montaigne.fr:340487", "symbol_class": "building", "pixel_x": 3415.5, "pixel_y": 4459.6, "easting": 562991.0, "northing": 274328.9, "epsg_source": 22391}}, {"type": "Feature", "geometry": {"type": "Point", "coordinates": [10.62473, 35.76543]}, "properties": {"record_id": "oai:u-bordeaux-montaigne.fr:340487", "symbol_class": "building", "pixel_x": 4001.3, "pixel_y": 4474.3, "easting": 565462.8, "northing": 274058.1, "epsg_source": 22391}}, {"type": "Feature", "geometry": {"type": "Point", "coordinates": [10.69757, 35.75979]}, "properties": {"record_id": "oai:u-bordeaux-montaigne.fr:340487", "symbol_class": "building", "pixel_x": 5560.7, "pixel_y": 4481.2, "easting": 572052.4, "northing": 273484.5, "epsg_source": 22391}}, {"type": "Feature", "geometry": {"type": "Point", "coordinates": [10.74565, 35.75626]}, "properties": {"record_id": "oai:u-bordeaux-montaigne.fr:340487", "symbol_class": "building", "pixel_x": 6589.7, "pixel_y": 4480.7, "easting": 576402.3, "northing": 273129.3, "epsg_source": 22391}}, {"type": "Feature", "geometry": {"type": "Point", "coordinates": [10.74262, 35.75636]}, "properties": {"record_id": "oai:u-bordeaux-montaigne.fr:340487", "symbol_class": "building", "pixel_x": 6525.1, "pixel_y": 4483.8, "easting": 576128.2, "northing": 273137.5, "epsg_source": 22391}}, {"type": "Feature", "geometry": {"type": "Point", "coordinates": [10.80626, 35.7515]}, "properties": {"record_id": "oai:u-bordeaux-montaigne.fr:340487", "symbol_class": "building", "pixel_x": 7887.6, "pixel_y": 4486.7, "easting": 581886.9, "northing": 272650.7, "epsg_source": 22391}}, {"type": "Feature", "geometry": {"type": "Point", "coordinates": [10.68175, 35.76071]}, "properties": {"record_id": "oai:u-bordeaux-montaigne.fr:340487", "symbol_class": "building", "pixel_x": 5222.6, "pixel_y": 4487.3, "easting": 570621.2, "northing": 273574.3, "epsg_source": 22391}}, {"type": "Feature", "geometry": {"type": "Point", "coordinates": [10.70056, 35.75934]}, "properties": {"record_id": "oai:u-bordeaux-montaigne.fr:340487", "symbol_class": "building", "pixel_x": 5625.1, "pixel_y": 4486.8, "easting": 572322.9, "northing": 273436.3, "epsg_source": 22391}}, {"type": "Feature", "geometry": {"type": "Point", "coordinates": [10.73977, 35.75617]}, "properties": {"record_id": "oai:u-bordeaux-montaigne.fr:340487", "symbol_class": "building", "pixel_x": 6464.8, "pixel_y": 4493.5, "easting": 575870.4, "northing": 273114.2, "epsg_source": 22391}}, {"type": "Feature", "geometry": {"type": "Point", "coordinates": [10.66801, 35.76149]}, "properties": {"record_id": "oai:u-bordeaux-montaigne.fr:340487", "symbol_class": "building", "pixel_x": 4929.2, "pixel_y": 4492.6, "easting": 569379.1, "northing": 273651.8, "epsg_source": 22391}}, {"type": "Feature", "geometry": {"type": "Point", "coordinates": [10.6819, 35.76039]}, "properties": {"record_id": "oai:u-bordeaux-montaigne.fr:340487", "symbol_class": "building", "pixel_x": 5226.4, "pixel_y": 4494.5, "easting": 570635.0, "northing": 273539.8, "epsg_source": 22391}}, {"type": "Feature", "geometry": {"type": "Point", "coordinates": [10.66777, 35.76118]}, "properties": {"record_id": "oai:u-bordeaux-montaigne.fr:340487", "symbol_class": "building", "pixel_x": 4924.5, "pixel_y": 4500.6, "easting": 569356.8, "northing": 273616.6, "epsg_source": 22391}}, {"type": "Feature", "geometry": {"type": "Point", "coordinates": [10.73941, 35.75572]}, "properties": {"record_id": "oai:u-bordeaux-montaigne.fr:340487", "symbol_class": "building", "pixel_x": 6458.3, "pixel_y": 4504.8, "easting": 575839.0, "northing": 273064.7, "epsg_source": 22391}}, {"type": "Feature", "geometry": {"type": "Point", "coordinates": [10.80608, 35.75084]}, "properties": {"record_id": "oai:u-bordeaux-montaigne.fr:340487", "symbol_class": "building", "pixel_x": 7885.1, "pixel_y": 4503.0, "easting": 581871.2, "northing": 272577.1, "epsg_source": 22391}}, {"type": "Feature", "geometry": {"type": "Point", "coordinates": [10.80643, 35.75081]}, "properties": {"record_id": "oai:u-bordeaux-montaigne.fr:340487", "symbol_class": "building", "pixel_x": 7892.6, "pixel_y": 4503.1, "easting": 581902.8, "northing": 272573.8, "epsg_source": 22391}}, {"type": "Feature", "geometry": {"type": "Point", "coordinates": [10.50309, 35.77269]}, "properties": {"record_id": "oai:u-bordeaux-montaigne.fr:340487", "symbol_class": "building", "pixel_x": 1402.0, "pixel_y": 4512.1, "easting": 554462.7, "northing": 274788.1, "epsg_source": 22391}}, {"type": "Feature", "geometry": {"type": "Point", "coordinates": [10.70557, 35.75732]}, "properties": {"record_id": "oai:u-bordeaux-montaigne.fr:340487", "symbol_class": "building", "pixel_x": 5735.7, "pixel_y": 4526.5, "easting": 572777.8, "northing": 273216.3, "epsg_source": 22391}}, {"type": "Feature", "geometry": {"type": "Point", "coordinates": [10.70609, 35.75717]}, "properties": {"record_id": "oai:u-bordeaux-montaigne.fr:340487", "symbol_class": "building", "pixel_x": 5747.1, "pixel_y": 4529.1, "easting": 572825.0, "northing": 273200.5, "epsg_source": 22391}}, {"type": "Feature", "geometry": {"type": "Point", "coordinates": [10.70666, 35.75697]}, "properties": {"record_id": "oai:u-bordeaux-montaigne.fr:340487", "symbol_class": "building", "pixel_x": 5759.6, "pixel_y": 4532.9, "easting": 572876.5, "northing": 273178.3, "epsg_source": 22391}}, {"type": "Feature", "geometry": {"type": "Point", "coordinates": [10.73841, 35.7544]}, "properties": {"record_id": "oai:u-bordeaux-montaigne.fr:340487", "symbol_class": "building", "pixel_x": 6439.6, "pixel_y": 4538.4, "easting": 575749.2, "northing": 272917.0, "epsg_source": 22391}}, {"type": "Feature", "geometry": {"type": "Point", "coordinates": [10.73725, 35.75438]}, "properties": {"record_id": "oai:u-bordeaux-montaigne.fr:340487", "symbol_class": "building", "pixel_x": 6415.1, "pixel_y": 4540.8, "easting": 575645.0, "northing": 272914.5, "epsg_source": 22391}}, {"type": "Feature", "geometry": {"type": "Point", "coordinates": [10.63597, 35.76127]}, "properties": {"record_id": "oai:u-bordeaux-montaigne.fr:340487", "symbol_class": "building", "pixel_x": 4248.6, "pixel_y": 4554.4, "easting": 566482.3, "northing": 273605.1, "epsg_source": 22391}}, {"type": "Feature", "geometry": {"type": "Point", "coordinates": [10.60257, 35.7636]}, "properties": {"record_id": "oai:u-bordeaux-montaigne.fr:340487", "symbol_class": "building", "pixel_x": 3534.2, "pixel_y": 4557.1, "easting": 563461.5, "northing": 273841.0, "epsg_source": 22391}}, {"type": "Feature", "geometry": {"type": "Point", "coordinates": [10.60307, 35.76347]}, "properties": {"record_id": "oai:u-bordeaux-montaigne.fr:340487", "symbol_class": "building", "pixel_x": 3545.0, "pixel_y": 4559.4, "easting": 563506.6, "northing": 273826.9, "epsg_source": 22391}}, {"type": "Feature", "geometry": {"type": "Point", "coordinates": [10.63665, 35.76109]}, "properties": {"record_id": "oai:u-bordeaux-montaigne.fr:340487", "symbol_class": "building", "pixel_x": 4263.5, "pixel_y": 4557.6, "easting": 566544.6, "northing": 273585.4, "epsg_source": 22391}}, {"type": "Feature", "geometry": {"type": "Point", "coordinates": [10.60264, 35.7631]}, "properties": {"record_id": "oai:u-bordeaux-montaigne.fr:340487", "symbol_class": "building", "pixel_x": 3536.6, "pixel_y": 4569.1, "easting": 563467.9, "northing": 273785.2, "epsg_source": 22391}}, {"type": "Feature", "geometry": {"type": "Point", "coordinates": [10.60376, 35.76303]}, "properties": {"record_id": "oai:u-bordeaux-montaigne.fr:340487", "symbol_class": "building", "pixel_x": 3560.5, "pixel_y": 4568.8, "easting": 563569.1, "northing": 273778.1, "epsg_source": 22391}}, {"type": "Feature", "geometry": {"type": "Point", "coordinates": [10.51906, 35.7691]}, "properties": {"record_id": "oai:u-bordeaux-montaigne.fr:340487", "symbol_class": "building", "pixel_x": 1748.4, "pixel_y": 4570.6, "easting": 555908.7, "northing": 274399.8, "epsg_source": 22391}}, {"type": "Feature", "geometry": {"type": "Point", "coordinates": [10.63971, 35.76016]}, "properties": {"record_id": "oai:u-bordeaux-montaigne.fr:340487", "symbol_class": "building", "pixel_x": 4330.3, "pixel_y": 4574.6, "easting": 566821.6, "northing": 273484.3, "epsg_source": 22391}}, {"type": "Feature", "geometry": {"type": "Point", "coordinates": [10.73685, 35.75293]}, "properties": {"record_id": "oai:u-bordeaux-montaigne.fr:340487", "symbol_class": "building", "pixel_x": 6409.5, "pixel_y": 4576.5, "easting": 575610.0, "northing": 272753.1, "epsg_source": 22391}}, {"type": "Feature", "geometry": {"type": "Point", "coordinates": [10.60339, 35.76254]}, "properties": {"record_id": "oai:u-bordeaux-montaigne.fr:340487", "symbol_class": "building", "pixel_x": 3553.6, "pixel_y": 4581.2, "easting": 563535.9, "northing": 273723.8, "epsg_source": 22391}}, {"type": "Feature", "geometry": {"type": "Point", "coordinates": [10.60376, 35.76243]}, "properties": {"record_id": "oai:u-bordeaux-montaigne.fr:340487", "symbol_class": "building", "pixel_x": 3561.8, "pixel_y": 4583.2, "easting": 563570.2, "northing": 273711.5, "epsg_source": 22391}}, {"type": "Feature", "geometry": {"type": "Point", "coordinates": [10.66703, 35.75765]}, "properties": {"record_id": "oai:u-bordeaux-montaigne.fr:340487", "symbol_class": "building", "pixel_x": 4916.0, "pixel_y": 4586.7, "easting": 569293.2, "northing": 273225.1, "epsg_source": 22391}}, {"type": "Feature", "geometry": {"type": "Point", "coordinates": [10.63944, 35.75962]}, "properties": {"record_id": "oai:u-bordeaux-montaigne.fr:340487", "symbol_class": "building", "pixel_x": 4325.7, "pixel_y": 4588.1, "easting": 566797.7, "northing": 273423.7, "epsg_source": 22391}}, {"type": "Feature", "geometry": {"type": "Point", "coordinates": [10.69512, 35.75547]}, "properties": {"record_id": "oai:u-bordeaux-montaigne.fr:340487", "symbol_class": "building", "pixel_x": 5517.4, "pixel_y": 4589.6, "easting": 571834.9, "northing": 273002.7, "epsg_source": 22391}}, {"type": "Feature", "geometry": {"type": "Point", "coordinates": [10.63578, 35.75959]}, "properties": {"record_id": "oai:u-bordeaux-montaigne.fr:340487", "symbol_class": "building", "pixel_x": 4247.9, "pixel_y": 4595.3, "easting": 566466.4, "northing": 273417.8, "epsg_source": 22391}}, {"type": "Feature", "geometry": {"type": "Point", "coordinates": [10.71703, 35.75358]}, "properties": {"record_id": "oai:u-bordeaux-montaigne.fr:340487", "symbol_class": "building", "pixel_x": 5987.0, "pixel_y": 4596.1, "easting": 573817.6, "northing": 272809.8, "epsg_source": 22391}}, {"type": "Feature", "geometry": {"type": "Point", "coordinates": [10.63607, 35.75931]}, "properties": {"record_id": "oai:u-bordeaux-montaigne.fr:340487", "symbol_class": "building", "pixel_x": 4254.6, "pixel_y": 4601.6, "easting": 566492.9, "northing": 273386.7, "epsg_source": 22391}}, {"type": "Feature", "geometry": {"type": "Point", "coordinates": [10.73327, 35.75199]}, "properties": {"record_id": "oai:u-bordeaux-montaigne.fr:340487", "symbol_class": "building", "pixel_x": 6335.2, "pixel_y": 4605.5, "easting": 575286.7, "northing": 272645.8, "epsg_source": 22391}}, {"type": "Feature", "geometry": {"type": "Point", "coordinates": [10.63839, 35.75832]}, "properties": {"record_id": "oai:u-bordeaux-montaigne.fr:340487", "symbol_class": "building", "pixel_x": 4306.0, "pixel_y": 4621.2, "easting": 566704.0, "northing": 273278.8, "epsg_source": 22391}}, {"type": "Feature", "geometry": {"type": "Point", "coordinates": [10.72111, 35.75228]}, "properties": {"record_id": "oai:u-bordeaux-montaigne.fr:340487", "symbol_class": "building", "pixel_x": 6076.3, "pixel_y": 4620.1, "easting": 574187.5, "northing": 272668.8, "epsg_source": 22391}}, {"type": "Feature", "geometry": {"type": "Point", "coordinates": [10.73098, 35.75129]}, "properties": {"record_id": "oai:u-bordeaux-montaigne.fr:340487", "symbol_class": "building", "pixel_x": 6288.0, "pixel_y": 4626.3, "easting": 575080.7, "northing": 272566.8, "epsg_source": 22391}}, {"type": "Feature", "geometry": {"type": "Point", "coordinates": [10.63347, 35.75831]}, "properties": {"record_id": "oai:u-bordeaux-montaigne.fr:340487", "symbol_class": "building", "pixel_x": 4201.5, "pixel_y": 4630.1, "easting": 566259.4, "northing": 273274.4, "epsg_source": 22391}}, {"type": "Feature", "geometry": {"type": "Point", "coordinates": [10.60315, 35.76047]}, "properties": {"record_id": "oai:u-bordeaux-montaigne.fr:340487", "symbol_class": "building", "pixel_x": 3552.8, "pixel_y": 4631.4, "easting": 563516.4, "northing": 273493.9, "epsg_source": 22391}}, {"type": "Feature", "geometry": {"type": "Point", "coordinates": [10.72266, 35.75175]}, "properties": {"record_id": "oai:u-bordeaux-montaigne.fr:340487", "symbol_class": "building", "pixel_x": 6110.4, "pixel_y": 4630.0, "easting": 574328.5, "northing": 272611.7, "epsg_source": 22391}}, {"type": "Feature", "geometry": {"type": "Point", "coordinates": [10.64035, 35.75758]}, "properties": {"record_id": "oai:u-bordeaux-montaigne.fr:340487", "symbol_class": "building", "pixel_x": 4349.2, "pixel_y": 4635.6, "easting": 566881.8, "northing": 273198.0, "epsg_source": 22391}}, {"type": "Feature", "geometry": {"type": "Point", "coordinates": [10.63395, 35.75792]}, "properties": {"record_id": "oai:u-bordeaux-montaigne.fr:340487", "symbol_class": "building", "pixel_x": 4212.4, "pixel_y": 4638.7, "easting": 566302.4, "northing": 273231.3, "epsg_source": 22391}}, {"type": "Feature", "geometry": {"type": "Point", "coordinates": [10.59763, 35.76032]}, "properties": {"record_id": "oai:u-bordeaux-montaigne.fr:340487", "symbol_class": "building", "pixel_x": 3435.6, "pixel_y": 4644.8, "easting": 563017.1, "northing": 273473.4, "epsg_source": 22391}}, {"type": "Feature", "geometry": {"type": "Point", "coordinates": [10.64056, 35.75712]}, "properties": {"record_id": "oai:u-bordeaux-montaigne.fr:340487", "symbol_class": "building", "pixel_x": 4354.5, "pixel_y": 4646.2, "easting": 566900.9, "northing": 273147.5, "epsg_source": 22391}}, {"type": "Feature", "geometry": {"type": "Point", "coordinates": [10.72506, 35.75098]}, "properties": {"record_id": "oai:u-bordeaux-montaigne.fr:340487", "symbol_class": "building", "pixel_x": 6163.0, "pixel_y": 4644.3, "easting": 574546.2, "northing": 272528.1, "epsg_source": 22391}}, {"type": "Feature", "geometry": {"type": "Point", "coordinates": [10.63767, 35.75717]}, "properties": {"record_id": "oai:u-bordeaux-montaigne.fr:340487", "symbol_class": "building", "pixel_x": 4292.9, "pixel_y": 4650.2, "easting": 566639.3, "northing": 273150.5, "epsg_source": 22391}}, {"type": "Feature", "geometry": {"type": "Point", "coordinates": [10.49915, 35.76716]}, "properties": {"record_id": "oai:u-bordeaux-montaigne.fr:340487", "symbol_class": "building", "pixel_x": 1329.1, "pixel_y": 4651.9, "easting": 554110.1, "northing": 274173.0, "epsg_source": 22391}}, {"type": "Feature", "geometry": {"type": "Point", "coordinates": [10.55717, 35.76303]}, "properties": {"record_id": "oai:u-bordeaux-montaigne.fr:340487", "symbol_class": "building", "pixel_x": 2570.4, "pixel_y": 4650.2, "easting": 559358.0, "northing": 273749.1, "epsg_source": 22391}}, {"type": "Feature", "geometry": {"type": "Point", "coordinates": [10.59977, 35.75988]}, "properties": {"record_id": "oai:u-bordeaux-montaigne.fr:340487", "symbol_class": "building", "pixel_x": 3482.1, "pixel_y": 4651.6, "easting": 563211.3, "northing": 273425.9, "epsg_source": 22391}}, {"type": "Feature", "geometry": {"type": "Point", "coordinates": [10.71218, 35.75124]}, "properties": {"record_id": "oai:u-bordeaux-montaigne.fr:340487", "symbol_class": "building", "pixel_x": 5888.5, "pixel_y": 4661.0, "easting": 573380.7, "northing": 272546.6, "epsg_source": 22391}}, {"type": "Feature", "geometry": {"type": "Point", "coordinates": [10.59907, 35.75946]}, "properties": {"record_id": "oai:u-bordeaux-montaigne.fr:340487", "symbol_class": "building", "pixel_x": 3468.0, "pixel_y": 4663.0, "easting": 563148.1, "northing": 273378.7, "epsg_source": 22391}}, {"type": "Feature", "geometry": {"type": "Point", "coordinates": [10.49519, 35.76693]}, "properties": {"record_id": "oai:u-bordeaux-montaigne.fr:340487", "symbol_class": "building", "pixel_x": 1245.4, "pixel_y": 4664.1, "easting": 553752.4, "northing": 274145.9, "epsg_source": 22391}}, {"type": "Feature", "geometry": {"type": "Point", "coordinates": [10.70905, 35.75111]}, "properties": {"record_id": "oai:u-bordeaux-montaigne.fr:340487", "symbol_class": "building", "pixel_x": 5822.4, "pixel_y": 4669.7, "easting": 573098.4, "northing": 272529.8, "epsg_source": 22391}}, {"type": "Feature", "geometry": {"type": "Point", "coordinates": [10.71008, 35.75047]}, "properties": {"record_id": "oai:u-bordeaux-montaigne.fr:340487", "symbol_class": "building", "pixel_x": 5845.5, "pixel_y": 4683.3, "easting": 573191.6, "northing": 272459.3, "epsg_source": 22391}}, {"type": "Feature", "geometry": {"type": "Point", "coordinates": [10.69134, 35.75172]}, "properties": {"record_id": "oai:u-bordeaux-montaigne.fr:340487", "symbol_class": "building", "pixel_x": 5444.7, "pixel_y": 4686.5, "easting": 571496.4, "northing": 272584.3, "epsg_source": 22391}}, {"type": "Feature", "geometry": {"type": "Point", "coordinates": [10.52411, 35.76338]}, "properties": {"record_id": "oai:u-bordeaux-montaigne.fr:340487", "symbol_class": "building", "pixel_x": 1867.0, "pixel_y": 4699.5, "easting": 556368.7, "northing": 273767.8, "epsg_source": 22391}}, {"type": "Feature", "geometry": {"type": "Point", "coordinates": [10.69101, 35.75118]}, "properties": {"record_id": "oai:u-bordeaux-montaigne.fr:340487", "symbol_class": "building", "pixel_x": 5438.8, "pixel_y": 4699.9, "easting": 571467.4, "northing": 272524.7, "epsg_source": 22391}}, {"type": "Feature", "geometry": {"type": "Point", "coordinates": [10.49632, 35.76484]}, "properties": {"record_id": "oai:u-bordeaux-montaigne.fr:340487", "symbol_class": "building", "pixel_x": 1273.5, "pixel_y": 4712.6, "easting": 553855.7, "northing": 273913.8, "epsg_source": 22391}}, {"type": "Feature", "geometry": {"type": "Point", "coordinates": [10.69224, 35.75058]}, "properties": {"record_id": "oai:u-bordeaux-montaigne.fr:340487", "symbol_class": "building", "pixel_x": 5466.1, "pixel_y": 4712.3, "easting": 571578.6, "northing": 272458.3, "epsg_source": 22391}}, {"type": "Feature", "geometry": {"type": "Point", "coordinates": [10.51186, 35.76347]}, "properties": {"record_id": "oai:u-bordeaux-montaigne.fr:340487", "symbol_class": "building", "pixel_x": 1606.5, "pixel_y": 4718.6, "easting": 555261.4, "northing": 273770.9, "epsg_source": 22391}}, {"type": "Feature", "geometry": {"type": "Point", "coordinates": [10.80273, 35.74189]}, "properties": {"record_id": "oai:u-bordeaux-montaigne.fr:340487", "symbol_class": "building", "pixel_x": 7832.2, "pixel_y": 4724.2, "easting": 581577.0, "northing": 271581.8, "epsg_source": 22391}}, {"type": "Feature", "geometry": {"type": "Point", "coordinates": [10.65363, 35.75276]}, "properties": {"record_id": "oai:u-bordeaux-montaigne.fr:340487", "symbol_class": "building", "pixel_x": 4641.1, "pixel_y": 4728.0, "easting": 568086.1, "northing": 272673.0, "epsg_source": 22391}}, {"type": "Feature", "geometry": {"type": "Point", "coordinates": [10.69149, 35.74984]}, "properties": {"record_id": "oai:u-bordeaux-montaigne.fr:340487", "symbol_class": "building", "pixel_x": 5451.8, "pixel_y": 4731.3, "easting": 571512.1, "northing": 272376.5, "epsg_source": 22391}}, {"type": "Feature", "geometry": {"type": "Point", "coordinates": [10.62093, 35.75501]}, "properties": {"record_id": "oai:u-bordeaux-montaigne.fr:340487", "symbol_class": "building", "pixel_x": 3941.6, "pixel_y": 4731.5, "easting": 565128.4, "northing": 272900.1, "epsg_source": 22391}}, {"type": "Feature", "geometry": {"type": "Point", "coordinates": [10.65408, 35.75259]}, "properties": {"record_id": "oai:u-bordeaux-montaigne.fr:340487", "symbol_class": "building", "pixel_x": 4651.0, "pixel_y": 4731.5, "easting": 568126.9, "northing": 272653.9, "epsg_source": 22391}}, {"type": "Feature", "geometry": {"type": "Point", "coordinates": [10.62069, 35.75478]}, "properties": {"record_id": "oai:u-bordeaux-montaigne.fr:340487", "symbol_class": "building", "pixel_x": 3936.9, "pixel_y": 4737.6, "easting": 565106.3, "northing": 272874.1, "epsg_source": 22391}}, {"type": "Feature", "geometry": {"type": "Point", "coordinates": [10.65372, 35.75233]}, "properties": {"record_id": "oai:u-bordeaux-montaigne.fr:340487", "symbol_class": "building", "pixel_x": 4643.8, "pixel_y": 4738.3, "easting": 568094.5, "northing": 272624.8, "epsg_source": 22391}}, {"type": "Feature", "geometry": {"type": "Point", "coordinates": [10.69151, 35.74942]}, "properties": {"record_id": "oai:u-bordeaux-montaigne.fr:340487", "symbol_class": "building", "pixel_x": 5452.9, "pixel_y": 4741.3, "easting": 571513.8, "northing": 272330.1, "epsg_source": 22391}}, {"type": "Feature", "geometry": {"type": "Point", "coordinates": [10.69088, 35.74923]}, "properties": {"record_id": "oai:u-bordeaux-montaigne.fr:340487", "symbol_class": "building", "pixel_x": 5440.0, "pixel_y": 4747.1, "easting": 571457.4, "northing": 272308.0, "epsg_source": 22391}}, {"type": "Feature", "geometry": {"type": "Point", "coordinates": [10.66977, 35.75033]}, "properties": {"record_id": "oai:u-bordeaux-montaigne.fr:340487", "symbol_class": "building", "pixel_x": 4989.0, "pixel_y": 4758.1, "easting": 569547.2, "northing": 272414.3, "epsg_source": 22391}}, {"type": "Feature", "geometry": {"type": "Point", "coordinates": [10.61093, 35.75457]}, "properties": {"record_id": "oai:u-bordeaux-montaigne.fr:340487", "symbol_class": "building", "pixel_x": 3729.8, "pixel_y": 4759.6, "easting": 564223.9, "northing": 272845.0, "epsg_source": 22391}}, {"type": "Feature", "geometry": {"type": "Point", "coordinates": [10.66118, 35.75056]}, "properties": {"record_id": "oai:u-bordeaux-montaigne.fr:340487", "symbol_class": "building", "pixel_x": 4806.1, "pixel_y": 4767.8, "easting": 568771.1, "northing": 272433.6, "epsg_source": 22391}}, {"type": "Feature", "geometry": {"type": "Point", "coordinates": [10.61401, 35.75385]}, "properties": {"record_id": "oai:u-bordeaux-montaigne.fr:340487", "symbol_class": "building", "pixel_x": 3796.9, "pixel_y": 4771.6, "easting": 564503.7, "northing": 272766.8, "epsg_source": 22391}}, {"type": "Feature", "geometry": {"type": "Point", "coordinates": [10.66138, 35.75018]}, "properties": {"record_id": "oai:u-bordeaux-montaigne.fr:340487", "symbol_class": "building", "pixel_x": 4811.1, "pixel_y": 4776.5, "easting": 568789.4, "northing": 272392.0, "epsg_source": 22391}}, {"type": "Feature", "geometry": {"type": "Point", "coordinates": [10.67185, 35.74906]}, "properties": {"record_id": "oai:u-bordeaux-montaigne.fr:340487", "symbol_class": "building", "pixel_x": 5035.7, "pixel_y": 4784.9, "easting": 569736.3, "northing": 272275.4, "epsg_source": 22391}}, {"type": "Feature", "geometry": {"type": "Point", "coordinates": [10.69071, 35.74736]}, "properties": {"record_id": "oai:u-bordeaux-montaigne.fr:340487", "symbol_class": "building", "pixel_x": 5440.2, "pixel_y": 4792.4, "easting": 571443.7, "northing": 272100.4, "epsg_source": 22391}}, {"type": "Feature", "geometry": {"type": "Point", "coordinates": [10.61601, 35.75186]}, "properties": {"record_id": "oai:u-bordeaux-montaigne.fr:340487", "symbol_class": "building", "pixel_x": 3843.4, "pixel_y": 4815.9, "easting": 564686.1, "northing": 272547.5, "epsg_source": 22391}}, {"type": "Feature", "geometry": {"type": "Point", "coordinates": [10.69178, 35.74634]}, "properties": {"record_id": "oai:u-bordeaux-montaigne.fr:340487", "symbol_class": "building", "pixel_x": 5464.9, "pixel_y": 4815.0, "easting": 571541.0, "northing": 271988.3, "epsg_source": 22391}}, {"type": "Feature", "geometry": {"type": "Point", "coordinates": [10.61405, 35.75167]}, "properties": {"record_id": "oai:u-bordeaux-montaigne.fr:340487", "symbol_class": "building", "pixel_x": 3802.1, "pixel_y": 4823.9, "easting": 564509.1, "northing": 272525.3, "epsg_source": 22391}}, {"type": "Feature", "geometry": {"type": "Point", "coordinates": [10.68902, 35.74617]}, "properties": {"record_id": "oai:u-bordeaux-montaigne.fr:340487", "symbol_class": "building", "pixel_x": 5406.7, "pixel_y": 4824.0, "easting": 571292.1, "northing": 271967.4, "epsg_source": 22391}}, {"type": "Feature", "geometry": {"type": "Point", "coordinates": [10.61558, 35.75149]}, "properties": {"record_id": "oai:u-bordeaux-montaigne.fr:340487", "symbol_class": "building", "pixel_x": 3835.0, "pixel_y": 4825.6, "easting": 564647.5, "northing": 272506.2, "epsg_source": 22391}}, {"type": "Feature", "geometry": {"type": "Point", "coordinates": [10.61376, 35.7509]}, "properties": {"record_id": "oai:u-bordeaux-montaigne.fr:340487", "symbol_class": "building", "pixel_x": 3797.5, "pixel_y": 4843.0, "easting": 564483.4, "northing": 272439.3, "epsg_source": 22391}}, {"type": "Feature", "geometry": {"type": "Point", "coordinates": [10.64088, 35.74793]}, "properties": {"record_id": "oai:u-bordeaux-montaigne.fr:340487", "symbol_class": "building", "pixel_x": 4379.9, "pixel_y": 4866.6, "easting": 566937.9, "northing": 272128.7, "epsg_source": 22391}}, {"type": "Feature", "geometry": {"type": "Point", "coordinates": [10.61758, 35.74934]}, "properties": {"record_id": "oai:u-bordeaux-montaigne.fr:340487", "symbol_class": "building", "pixel_x": 3881.7, "pixel_y": 4873.9, "easting": 564829.5, "northing": 272268.7, "epsg_source": 22391}}, {"type": "Feature", "geometry": {"type": "Point", "coordinates": [10.61714, 35.74905]}, "properties": {"record_id": "oai:u-bordeaux-montaigne.fr:340487", "symbol_class": "building", "pixel_x": 3873.0, "pixel_y": 4881.4, "easting": 564790.5, "northing": 272237.0, "epsg_source": 22391}}, {"type": "Feature", "geometry": {"type": "Point", "coordinates": [10.68381, 35.74349]}, "properties": {"record_id": "oai:u-bordeaux-montaigne.fr:340487", "symbol_class": "building", "pixel_x": 5301.4, "pixel_y": 4897.6, "easting": 570823.5, "northing": 271666.7, "epsg_source": 22391}}, {"type": "Feature", "geometry": {"type": "Point", "coordinates": [10.54486, 35.75369]}, "properties": {"record_id": "oai:u-bordeaux-montaigne.fr:340487", "symbol_class": "building", "pixel_x": 2327.3, "pixel_y": 4896.3, "easting": 558251.9, "northing": 272706.0, "epsg_source": 22391}}, {"type": "Feature", "geometry": {"type": "Point", "coordinates": [10.76324, 35.73738]}, "properties": {"record_id": "oai:u-bordeaux-montaigne.fr:340487", "symbol_class": "building", "pixel_x": 7002.3, "pixel_y": 4903.4, "easting": 578011.4, "northing": 271048.7, "epsg_source": 22391}}, {"type": "Feature", "geometry": {"type": "Point", "coordinates": [10.54544, 35.75308]}, "properties": {"record_id": "oai:u-bordeaux-montaigne.fr:340487", "symbol_class": "building", "pixel_x": 2340.9, "pixel_y": 4910.0, "easting": 558304.7, "northing": 272638.6, "epsg_source": 22391}}, {"type": "Feature", "geometry": {"type": "Point", "coordinates": [10.73242, 35.73912]}, "properties": {"record_id": "oai:u-bordeaux-montaigne.fr:340487", "symbol_class": "building", "pixel_x": 6343.5, "pixel_y": 4916.5, "easting": 575222.5, "northing": 271217.9, "epsg_source": 22391}}, {"type": "Feature", "geometry": {"type": "Point", "coordinates": [10.7446, 35.73814]}, "properties": {"record_id": "oai:u-bordeaux-montaigne.fr:340487", "symbol_class": "building", "pixel_x": 6604.3, "pixel_y": 4918.3, "easting": 576324.5, "northing": 271118.8, "epsg_source": 22391}}, {"type": "Feature", "geometry": {"type": "Point", "coordinates": [10.70381, 35.74061]}, "properties": {"record_id": "oai:u-bordeaux-montaigne.fr:340487", "symbol_class": "building", "pixel_x": 5732.4, "pixel_y": 4931.6, "easting": 572634.4, "northing": 271361.1, "epsg_source": 22391}}, {"type": "Feature", "geometry": {"type": "Point", "coordinates": [10.54444, 35.75222]}, "properties": {"record_id": "oai:u-bordeaux-montaigne.fr:340487", "symbol_class": "building", "pixel_x": 2321.4, "pixel_y": 4932.6, "easting": 558215.1, "northing": 272541.9, "epsg_source": 22391}}, {"type": "Feature", "geometry": {"type": "Point", "coordinates": [10.57945, 35.74954]}, "properties": {"record_id": "oai:u-bordeaux-montaigne.fr:340487", "symbol_class": "building", "pixel_x": 3070.7, "pixel_y": 4935.9, "easting": 561381.8, "northing": 272266.2, "epsg_source": 22391}}, {"type": "Feature", "geometry": {"type": "Point", "coordinates": [10.72974, 35.73853]}, "properties": {"record_id": "oai:u-bordeaux-montaigne.fr:340487", "symbol_class": "building", "pixel_x": 6287.6, "pixel_y": 4935.4, "easting": 574980.3, "northing": 271150.8, "epsg_source": 22391}}, {"type": "Feature", "geometry": {"type": "Point", "coordinates": [10.57914, 35.74913]}, "properties": {"record_id": "oai:u-bordeaux-montaigne.fr:340487", "symbol_class": "building", "pixel_x": 3065.0, "pixel_y": 4946.2, "easting": 561354.1, "northing": 272221.0, "epsg_source": 22391}}, {"type": "Feature", "geometry": {"type": "Point", "coordinates": [10.57952, 35.74857]}, "properties": {"record_id": "oai:u-bordeaux-montaigne.fr:340487", "symbol_class": "building", "pixel_x": 3074.3, "pixel_y": 4959.0, "easting": 561389.3, "northing": 272159.2, "epsg_source": 22391}}, {"type": "Feature", "geometry": {"type": "Point", "coordinates": [10.70675, 35.73902]}, "properties": {"record_id": "oai:u-bordeaux-montaigne.fr:340487", "symbol_class": "building", "pixel_x": 5798.0, "pixel_y": 4964.5, "easting": 572901.5, "northing": 271187.6, "epsg_source": 22391}}, {"type": "Feature", "geometry": {"type": "Point", "coordinates": [10.64148, 35.74346]}, "properties": {"record_id": "oai:u-bordeaux-montaigne.fr:340487", "symbol_class": "building", "pixel_x": 4401.6, "pixel_y": 4973.3, "easting": 566995.6, "northing": 271632.5, "epsg_source": 22391}}, {"type": "Feature", "geometry": {"type": "Point", "coordinates": [10.60002, 35.74636]}, "properties": {"record_id": "oai:u-bordeaux-montaigne.fr:340487", "symbol_class": "building", "pixel_x": 3514.5, "pixel_y": 4976.3, "easting": 563244.5, "northing": 271926.9, "epsg_source": 22391}}, {"type": "Feature", "geometry": {"type": "Point", "coordinates": [10.59301, 35.74667]}, "properties": {"record_id": "oai:u-bordeaux-montaigne.fr:340487", "symbol_class": "building", "pixel_x": 3364.8, "pixel_y": 4981.1, "easting": 562610.6, "northing": 271957.0, "epsg_source": 22391}}, {"type": "Feature", "geometry": {"type": "Point", "coordinates": [10.70084, 35.73875]}, "properties": {"record_id": "oai:u-bordeaux-montaigne.fr:340487", "symbol_class": "building", "pixel_x": 5672.9, "pixel_y": 4981.5, "easting": 572366.9, "northing": 271153.1, "epsg_source": 22391}}, {"type": "Feature", "geometry": {"type": "Point", "coordinates": [10.59627, 35.74615]}, "properties": {"record_id": "oai:u-bordeaux-montaigne.fr:340487", "symbol_class": "building", "pixel_x": 3435.1, "pixel_y": 4988.0, "easting": 562905.2, "northing": 271900.9, "epsg_source": 22391}}, {"type": "Feature", "geometry": {"type": "Point", "coordinates": [10.70147, 35.73853]}, "properties": {"record_id": "oai:u-bordeaux-montaigne.fr:340487", "symbol_class": "building", "pixel_x": 5686.8, "pixel_y": 4985.6, "easting": 572424.4, "northing": 271129.2, "epsg_source": 22391}}, {"type": "Feature", "geometry": {"type": "Point", "coordinates": [10.70052, 35.73832]}, "properties": {"record_id": "oai:u-bordeaux-montaigne.fr:340487", "symbol_class": "building", "pixel_x": 5667.0, "pixel_y": 4992.5, "easting": 572338.7, "northing": 271104.7, "epsg_source": 22391}}, {"type": "Feature", "geometry": {"type": "Point", "coordinates": [10.72235, 35.73657]}, "properties": {"record_id": "oai:u-bordeaux-montaigne.fr:340487", "symbol_class": "building", "pixel_x": 6134.5, "pixel_y": 4995.6, "easting": 574313.9, "northing": 270927.8, "epsg_source": 22391}}, {"type": "Feature", "geometry": {"type": "Point", "coordinates": [10.61278, 35.74455]}, "properties": {"record_id": "oai:u-bordeaux-montaigne.fr:340487", "symbol_class": "building", "pixel_x": 3789.3, "pixel_y": 4997.3, "easting": 564399.5, "northing": 271735.0, "epsg_source": 22391}}, {"type": "Feature", "geometry": {"type": "Point", "coordinates": [10.61205, 35.74441]}, "properties": {"record_id": "oai:u-bordeaux-montaigne.fr:340487", "symbol_class": "building", "pixel_x": 3774.1, "pixel_y": 5002.0, "easting": 564333.9, "northing": 271718.9, "epsg_source": 22391}}, {"type": "Feature", "geometry": {"type": "Point", "coordinates": [10.70745, 35.7372]}, "properties": {"record_id": "oai:u-bordeaux-montaigne.fr:340487", "symbol_class": "building", "pixel_x": 5816.6, "pixel_y": 5007.0, "easting": 572966.5, "northing": 270986.0, "epsg_source": 22391}}, {"type": "Feature", "geometry": {"type": "Point", "coordinates": [10.69988, 35.73805]}, "properties": {"record_id": "oai:u-bordeaux-montaigne.fr:340487", "symbol_class": "building", "pixel_x": 5654.1, "pixel_y": 4999.9, "easting": 572281.5, "northing": 271075.2, "epsg_source": 22391}}, {"type": "Feature", "geometry": {"type": "Point", "coordinates": [10.61261, 35.74412]}, "properties": {"record_id": "oai:u-bordeaux-montaigne.fr:340487", "symbol_class": "building", "pixel_x": 3786.5, "pixel_y": 5008.0, "easting": 564384.4, "northing": 271687.1, "epsg_source": 22391}}, {"type": "Feature", "geometry": {"type": "Point", "coordinates": [10.70032, 35.73778]}, "properties": {"record_id": "oai:u-bordeaux-montaigne.fr:340487", "symbol_class": "building", "pixel_x": 5663.8, "pixel_y": 5005.9, "easting": 572320.6, "northing": 271044.5, "epsg_source": 22391}}, {"type": "Feature", "geometry": {"type": "Point", "coordinates": [10.70833, 35.73716]}, "properties": {"record_id": "oai:u-bordeaux-montaigne.fr:340487", "symbol_class": "building", "pixel_x": 5835.5, "pixel_y": 5006.5, "easting": 573046.3, "northing": 270982.1, "epsg_source": 22391}}, {"type": "Feature", "geometry": {"type": "Point", "coordinates": [10.59237, 35.7456]}, "properties": {"record_id": "oai:u-bordeaux-montaigne.fr:340487", "symbol_class": "building", "pixel_x": 3353.3, "pixel_y": 5007.9, "easting": 562553.1, "northing": 271838.0, "epsg_source": 22391}}, {"type": "Feature", "geometry": {"type": "Point", "coordinates": [10.69961, 35.73768]}, "properties": {"record_id": "oai:u-bordeaux-montaigne.fr:340487", "symbol_class": "building", "pixel_x": 5649.0, "pixel_y": 5009.5, "easting": 572256.9, "northing": 271033.1, "epsg_source": 22391}}, {"type": "Feature", "geometry": {"type": "Point", "coordinates": [10.70074, 35.73758]}, "properties": {"record_id": "oai:u-bordeaux-montaigne.fr:340487", "symbol_class": "building", "pixel_x": 5673.3, "pixel_y": 5009.8, "easting": 572359.6, "northing": 271023.3, "epsg_source": 22391}}, {"type": "Feature", "geometry": {"type": "Point", "coordinates": [10.58447, 35.74582]}, "properties": {"record_id": "oai:u-bordeaux-montaigne.fr:340487", "symbol_class": "building", "pixel_x": 3185.1, "pixel_y": 5016.6, "easting": 561839.4, "northing": 271856.8, "epsg_source": 22391}}, {"type": "Feature", "geometry": {"type": "Point", "coordinates": [10.60356, 35.74436]}, "properties": {"record_id": "oai:u-bordeaux-montaigne.fr:340487", "symbol_class": "building", "pixel_x": 3593.6, "pixel_y": 5018.2, "easting": 563565.8, "northing": 271707.4, "epsg_source": 22391}}, {"type": "Feature", "geometry": {"type": "Point", "coordinates": [10.5876, 35.74546]}, "properties": {"record_id": "oai:u-bordeaux-montaigne.fr:340487", "symbol_class": "building", "pixel_x": 3252.3, "pixel_y": 5019.6, "easting": 562122.7, "northing": 271819.5, "epsg_source": 22391}}, {"type": "Feature", "geometry": {"type": "Point", "coordinates": [10.59117, 35.74506]}, "properties": {"record_id": "oai:u-bordeaux-montaigne.fr:340487", "symbol_class": "building", "pixel_x": 3328.9, "pixel_y": 5023.1, "easting": 562445.2, "northing": 271777.1, "epsg_source": 22391}}, {"type": "Feature", "geometry": {"type": "Point", "coordinates": [10.70439, 35.73661]}, "properties": {"record_id": "oai:u-bordeaux-montaigne.fr:340487", "symbol_class": "building", "pixel_x": 5752.8, "pixel_y": 5026.6, "easting": 572690.5, "northing": 270918.7, "epsg_source": 22391}}, {"type": "Feature", "geometry": {"type": "Point", "coordinates": [10.59246, 35.7448]}, "properties": {"record_id": "oai:u-bordeaux-montaigne.fr:340487", "symbol_class": "building", "pixel_x": 3356.9, "pixel_y": 5027.1, "easting": 562562.2, "northing": 271749.0, "epsg_source": 22391}}, {"type": "Feature", "geometry": {"type": "Point", "coordinates": [10.70344, 35.73663]}, "properties": {"record_id": "oai:u-bordeaux-montaigne.fr:340487", "symbol_class": "building", "pixel_x": 5732.4, "pixel_y": 5027.9, "easting": 572603.8, "northing": 270919.6, "epsg_source": 22391}}, {"type": "Feature", "geometry": {"type": "Point", "coordinates": [10.57979, 35.74562]}, "properties": {"record_id": "oai:u-bordeaux-montaigne.fr:340487", "symbol_class": "building", "pixel_x": 3085.9, "pixel_y": 5029.5, "easting": 561416.0, "northing": 271832.0, "epsg_source": 22391}}, {"type": "Feature", "geometry": {"type": "Point", "coordinates": [10.49213, 35.7518]}, "properties": {"record_id": "oai:u-bordeaux-montaigne.fr:340487", "symbol_class": "building", "pixel_x": 1210.2, "pixel_y": 5033.5, "easting": 553485.9, "northing": 272465.3, "epsg_source": 22391}}, {"type": "Feature", "geometry": {"type": "Point", "coordinates": [10.5622, 35.74664]}, "properties": {"record_id": "oai:u-bordeaux-montaigne.fr:340487", "symbol_class": "building", "pixel_x": 2709.9, "pixel_y": 5035.8, "easting": 559824.5, "northing": 271934.0, "epsg_source": 22391}}, {"type": "Feature", "geometry": {"type": "Point", "coordinates": [10.51482, 35.74984]}, "properties": {"record_id": "oai:u-bordeaux-montaigne.fr:340487", "symbol_class": "building", "pixel_x": 1696.4, "pixel_y": 5041.3, "easting": 555538.5, "northing": 272261.0, "epsg_source": 22391}}, {"type": "Feature", "geometry": {"type": "Point", "coordinates": [10.58239, 35.74482]}, "properties": {"record_id": "oai:u-bordeaux-montaigne.fr:340487", "symbol_class": "building", "pixel_x": 3142.7, "pixel_y": 5044.1, "easting": 561651.3, "northing": 271745.3, "epsg_source": 22391}}, {"type": "Feature", "geometry": {"type": "Point", "coordinates": [10.70904, 35.73506]}, "properties": {"record_id": "oai:u-bordeaux-montaigne.fr:340487", "symbol_class": "building", "pixel_x": 5854.8, "pixel_y": 5055.7, "easting": 573112.2, "northing": 270749.6, "epsg_source": 22391}}, {"type": "Feature", "geometry": {"type": "Point", "coordinates": [10.51413, 35.74931]}, "properties": {"record_id": "oai:u-bordeaux-montaigne.fr:340487", "symbol_class": "building", "pixel_x": 1682.7, "pixel_y": 5055.2, "easting": 555476.3, "northing": 272201.7, "epsg_source": 22391}}, {"type": "Feature", "geometry": {"type": "Point", "coordinates": [10.56216, 35.74579]}, "properties": {"record_id": "oai:u-bordeaux-montaigne.fr:340487", "symbol_class": "building", "pixel_x": 2710.8, "pixel_y": 5056.3, "easting": 559821.7, "northing": 271839.4, "epsg_source": 22391}}, {"type": "Feature", "geometry": {"type": "Point", "coordinates": [10.5761, 35.74475]}, "properties": {"record_id": "oai:u-bordeaux-montaigne.fr:340487", "symbol_class": "building", "pixel_x": 3009.2, "pixel_y": 5057.0, "easting": 561082.9, "northing": 271732.7, "epsg_source": 22391}}, {"type": "Feature", "geometry": {"type": "Point", "coordinates": [10.5775, 35.74452]}, "properties": {"record_id": "oai:u-bordeaux-montaigne.fr:340487", "symbol_class": "building", "pixel_x": 3039.4, "pixel_y": 5059.9, "easting": 561209.7, "northing": 271708.8, "epsg_source": 22391}}, {"type": "Feature", "geometry": {"type": "Point", "coordinates": [10.57645, 35.74447]}, "properties": {"record_id": "oai:u-bordeaux-montaigne.fr:340487", "symbol_class": "building", "pixel_x": 3017.2, "pixel_y": 5063.0, "easting": 561114.9, "northing": 271702.2, "epsg_source": 22391}}, {"type": "Feature", "geometry": {"type": "Point", "coordinates": [10.59101, 35.74322]}, "properties": {"record_id": "oai:u-bordeaux-montaigne.fr:340487", "symbol_class": "building", "pixel_x": 3329.1, "pixel_y": 5067.7, "easting": 562432.0, "northing": 271572.6, "epsg_source": 22391}}, {"type": "Feature", "geometry": {"type": "Point", "coordinates": [10.83244, 35.72493]}, "properties": {"record_id": "oai:u-bordeaux-montaigne.fr:340487", "symbol_class": "building", "pixel_x": 8498.8, "pixel_y": 5078.5, "easting": 584281.7, "northing": 269726.5, "epsg_source": 22391}}, {"type": "Feature", "geometry": {"type": "Point", "coordinates": [10.57641, 35.74373]}, "properties": {"record_id": "oai:u-bordeaux-montaigne.fr:340487", "symbol_class": "building", "pixel_x": 3017.7, "pixel_y": 5080.9, "easting": 561111.5, "northing": 271620.0, "epsg_source": 22391}}, {"type": "Feature", "geometry": {"type": "Point", "coordinates": [10.57784, 35.74331]}, "properties": {"record_id": "oai:u-bordeaux-montaigne.fr:340487", "symbol_class": "building", "pixel_x": 3049.1, "pixel_y": 5088.5, "easting": 561241.5, "northing": 271574.3, "epsg_source": 22391}}, {"type": "Feature", "geometry": {"type": "Point", "coordinates": [10.50009, 35.7489]}, "properties": {"record_id": "oai:u-bordeaux-montaigne.fr:340487", "symbol_class": "building", "pixel_x": 1385.1, "pixel_y": 5089.4, "easting": 554207.2, "northing": 272148.5, "epsg_source": 22391}}, {"type": "Feature", "geometry": {"type": "Point", "coordinates": [10.83258, 35.72449]}, "properties": {"record_id": "oai:u-bordeaux-montaigne.fr:340487", "symbol_class": "building", "pixel_x": 8502.7, "pixel_y": 5089.0, "easting": 584294.8, "northing": 269676.9, "epsg_source": 22391}}, {"type": "Feature", "geometry": {"type": "Point", "coordinates": [10.50167, 35.74866]}, "properties": {"record_id": "oai:u-bordeaux-montaigne.fr:340487", "symbol_class": "building", "pixel_x": 1419.2, "pixel_y": 5092.4, "easting": 554350.7, "northing": 272122.8, "epsg_source": 22391}}, {"type": "Feature", "geometry": {"type": "Point", "coordinates": [10.50152, 35.74824]}, "properties": {"record_id": "oai:u-bordeaux-montaigne.fr:340487", "symbol_class": "building", "pixel_x": 1416.8, "pixel_y": 5103.0, "easting": 554337.1, "northing": 272075.4, "epsg_source": 22391}}, {"type": "Feature", "geometry": {"type": "Point", "coordinates": [10.49467, 35.74864]}, "properties": {"record_id": "oai:u-bordeaux-montaigne.fr:340487", "symbol_class": "building", "pixel_x": 1270.5, "pixel_y": 5105.0, "easting": 553717.9, "northing": 272116.8, "epsg_source": 22391}}, {"type": "Feature", "geometry": {"type": "Point", "coordinates": [10.60759, 35.74054]}, "properties": {"record_id": "oai:u-bordeaux-montaigne.fr:340487", "symbol_class": "building", "pixel_x": 3687.1, "pixel_y": 5103.0, "easting": 563933.8, "northing": 271286.4, "epsg_source": 22391}}, {"type": "Feature", "geometry": {"type": "Point", "coordinates": [10.58249, 35.74225]}, "properties": {"record_id": "oai:u-bordeaux-montaigne.fr:340487", "symbol_class": "building", "pixel_x": 3149.9, "pixel_y": 5105.9, "easting": 561662.3, "northing": 271459.6, "epsg_source": 22391}}, {"type": "Feature", "geometry": {"type": "Point", "coordinates": [10.58826, 35.7417]}, "properties": {"record_id": "oai:u-bordeaux-montaigne.fr:340487", "symbol_class": "building", "pixel_x": 3273.8, "pixel_y": 5108.9, "easting": 562185.0, "northing": 271403.0, "epsg_source": 22391}}, {"type": "Feature", "geometry": {"type": "Point", "coordinates": [10.60878, 35.73902]}, "properties": {"record_id": "oai:u-bordeaux-montaigne.fr:340487", "symbol_class": "building", "pixel_x": 3715.4, "pixel_y": 5137.6, "easting": 564042.5, "northing": 271118.1, "epsg_source": 22391}}, {"type": "Feature", "geometry": {"type": "Point", "coordinates": [10.70584, 35.73173]}, "properties": {"record_id": "oai:u-bordeaux-montaigne.fr:340487", "symbol_class": "building", "pixel_x": 5793.6, "pixel_y": 5141.4, "easting": 572826.2, "northing": 270378.1, "epsg_source": 22391}}, {"type": "Feature", "geometry": {"type": "Point", "coordinates": [10.53504, 35.74414]}, "properties": {"record_id": "oai:u-bordeaux-montaigne.fr:340487", "symbol_class": "building", "pixel_x": 2137.5, "pixel_y": 5143.2, "easting": 557370.9, "northing": 271640.6, "epsg_source": 22391}}, {"type": "Feature", "geometry": {"type": "Point", "coordinates": [10.58536, 35.74039]}, "properties": {"record_id": "oai:u-bordeaux-montaigne.fr:340487", "symbol_class": "building", "pixel_x": 3214.8, "pixel_y": 5145.6, "easting": 561923.9, "northing": 271255.5, "epsg_source": 22391}}, {"type": "Feature", "geometry": {"type": "Point", "coordinates": [10.70335, 35.73171]}, "properties": {"record_id": "oai:u-bordeaux-montaigne.fr:340487", "symbol_class": "building", "pixel_x": 5740.5, "pixel_y": 5146.5, "easting": 572600.2, "northing": 270373.6, "epsg_source": 22391}}, {"type": "Feature", "geometry": {"type": "Point", "coordinates": [10.60863, 35.73869]}, "properties": {"record_id": "oai:u-bordeaux-montaigne.fr:340487", "symbol_class": "building", "pixel_x": 3712.8, "pixel_y": 5145.8, "easting": 564028.8, "northing": 271081.5, "epsg_source": 22391}}, {"type": "Feature", "geometry": {"type": "Point", "coordinates": [10.70147, 35.73176]}, "properties": {"record_id": "oai:u-bordeaux-montaigne.fr:340487", "symbol_class": "building", "pixel_x": 5700.5, "pixel_y": 5148.4, "easting": 572430.5, "northing": 270378.7, "epsg_source": 22391}}, {"type": "Feature", "geometry": {"type": "Point", "coordinates": [10.57003, 35.74077]}, "properties": {"record_id": "oai:u-bordeaux-montaigne.fr:340487", "symbol_class": "building", "pixel_x": 2888.1, "pixel_y": 5163.1, "easting": 560537.3, "northing": 271288.4, "epsg_source": 22391}}, {"type": "Feature", "geometry": {"type": "Point", "coordinates": [10.67168, 35.73317]}, "properties": {"record_id": "oai:u-bordeaux-montaigne.fr:340487", "symbol_class": "building", "pixel_x": 5064.4, "pixel_y": 5167.4, "easting": 569735.4, "northing": 270512.6, "epsg_source": 22391}}, {"type": "Feature", "geometry": {"type": "Point", "coordinates": [10.57423, 35.73996]}, "properties": {"record_id": "oai:u-bordeaux-montaigne.fr:340487", "symbol_class": "building", "pixel_x": 2979.0, "pixel_y": 5175.3, "easting": 560917.8, "northing": 271201.2, "epsg_source": 22391}}, {"type": "Feature", "geometry": {"type": "Point", "coordinates": [10.57619, 35.7397]}, "properties": {"record_id": "oai:u-bordeaux-montaigne.fr:340487", "symbol_class": "building", "pixel_x": 3021.2, "pixel_y": 5178.2, "easting": 561095.0, "northing": 271173.2, "epsg_source": 22391}}, {"type": "Feature", "geometry": {"type": "Point", "coordinates": [10.49003, 35.74569]}, "properties": {"record_id": "oai:u-bordeaux-montaigne.fr:340487", "symbol_class": "building", "pixel_x": 1177.7, "pixel_y": 5184.0, "easting": 553300.2, "northing": 271787.1, "epsg_source": 22391}}, {"type": "Feature", "geometry": {"type": "Point", "coordinates": [10.59275, 35.738]}, "properties": {"record_id": "oai:u-bordeaux-montaigne.fr:340487", "symbol_class": "building", "pixel_x": 3376.6, "pixel_y": 5190.1, "easting": 562593.6, "northing": 270995.3, "epsg_source": 22391}}, {"type": "Feature", "geometry": {"type": "Point", "coordinates": [10.74762, 35.72653]}, "properties": {"record_id": "oai:u-bordeaux-montaigne.fr:340487", "symbol_class": "building", "pixel_x": 6692.3, "pixel_y": 5192.2, "easting": 576609.1, "northing": 269833.1, "epsg_source": 22391}}, {"type": "Feature", "geometry": {"type": "Point", "coordinates": [10.61578, 35.73624]}, "properties": {"record_id": "oai:u-bordeaux-montaigne.fr:340487", "symbol_class": "building", "pixel_x": 3869.7, "pixel_y": 5192.0, "easting": 564677.4, "northing": 270814.8, "epsg_source": 22391}}, {"type": "Feature", "geometry": {"type": "Point", "coordinates": [10.6162, 35.73616]}, "properties": {"record_id": "oai:u-bordeaux-montaigne.fr:340487", "symbol_class": "building", "pixel_x": 3878.8, "pixel_y": 5193.2, "easting": 564715.6, "northing": 270806.2, "epsg_source": 22391}}, {"type": "Feature", "geometry": {"type": "Point", "coordinates": [10.62285, 35.73542]}, "properties": {"record_id": "oai:u-bordeaux-montaigne.fr:340487", "symbol_class": "building", "pixel_x": 4021.7, "pixel_y": 5199.3, "easting": 565317.5, "northing": 270728.9, "epsg_source": 22391}}, {"type": "Feature", "geometry": {"type": "Point", "coordinates": [10.49346, 35.74419]}, "properties": {"record_id": "oai:u-bordeaux-montaigne.fr:340487", "symbol_class": "building", "pixel_x": 1253.5, "pixel_y": 5214.1, "easting": 553611.4, "northing": 271622.8, "epsg_source": 22391}}, {"type": "Feature", "geometry": {"type": "Point", "coordinates": [10.61247, 35.73558]}, "properties": {"record_id": "oai:u-bordeaux-montaigne.fr:340487", "symbol_class": "building", "pixel_x": 3800.7, "pixel_y": 5213.7, "easting": 564379.0, "northing": 270739.3, "epsg_source": 22391}}, {"type": "Feature", "geometry": {"type": "Point", "coordinates": [10.8197, 35.72028]}, "properties": {"record_id": "oai:u-bordeaux-montaigne.fr:340487", "symbol_class": "building", "pixel_x": 8237.7, "pixel_y": 5213.3, "easting": 583134.8, "northing": 269199.3, "epsg_source": 22391}}, {"type": "Feature", "geometry": {"type": "Point", "coordinates": [10.81944, 35.71994]}, "properties": {"record_id": "oai:u-bordeaux-montaigne.fr:340487", "symbol_class": "building", "pixel_x": 8232.7, "pixel_y": 5221.9, "easting": 583111.1, "northing": 269161.7, "epsg_source": 22391}}, {"type": "Feature", "geometry": {"type": "Point", "coordinates": [10.61137, 35.73532]}, "properties": {"record_id": "oai:u-bordeaux-montaigne.fr:340487", "symbol_class": "building", "pixel_x": 3777.8, "pixel_y": 5221.9, "easting": 564279.3, "northing": 270710.0, "epsg_source": 22391}}, {"type": "Feature", "geometry": {"type": "Point", "coordinates": [10.81982, 35.71986]}, "properties": {"record_id": "oai:u-bordeaux-montaigne.fr:340487", "symbol_class": "building", "pixel_x": 8241.0, "pixel_y": 5223.3, "easting": 583145.8, "northing": 269152.6, "epsg_source": 22391}}, {"type": "Feature", "geometry": {"type": "Point", "coordinates": [10.61225, 35.73481]}, "properties": {"record_id": "oai:u-bordeaux-montaigne.fr:340487", "symbol_class": "building", "pixel_x": 3797.6, "pixel_y": 5232.7, "easting": 564359.6, "northing": 270653.6, "epsg_source": 22391}}, {"type": "Feature", "geometry": {"type": "Point", "coordinates": [10.61162, 35.73483]}, "properties": {"record_id": "oai:u-bordeaux-montaigne.fr:340487", "symbol_class": "building", "pixel_x": 3784.1, "pixel_y": 5233.4, "easting": 564302.6, "northing": 270655.2, "epsg_source": 22391}}, {"type": "Feature", "geometry": {"type": "Point", "coordinates": [10.70263, 35.72762]}, "properties": {"record_id": "oai:u-bordeaux-montaigne.fr:340487", "symbol_class": "building", "pixel_x": 5733.5, "pixel_y": 5246.0, "easting": 572539.0, "northing": 269920.1, "epsg_source": 22391}}, {"type": "Feature", "geometry": {"type": "Point", "coordinates": [10.616, 35.7338]}, "properties": {"record_id": "oai:u-bordeaux-montaigne.fr:340487", "symbol_class": "building", "pixel_x": 3879.2, "pixel_y": 5250.4, "easting": 564699.2, "northing": 270544.2, "epsg_source": 22391}}, {"type": "Feature", "geometry": {"type": "Point", "coordinates": [10.60283, 35.73377]}, "properties": {"record_id": "oai:u-bordeaux-montaigne.fr:340487", "symbol_class": "building", "pixel_x": 3599.3, "pixel_y": 5274.2, "easting": 563508.4, "northing": 270532.2, "epsg_source": 22391}}, {"type": "Feature", "geometry": {"type": "Point", "coordinates": [10.81099, 35.71789]}, "properties": {"record_id": "oai:u-bordeaux-montaigne.fr:340487", "symbol_class": "building", "pixel_x": 8057.2, "pixel_y": 5286.5, "easting": 582348.8, "northing": 268926.9, "epsg_source": 22391}}, {"type": "Feature", "geometry": {"type": "Point", "coordinates": [10.62269, 35.73131]}, "properties": {"record_id": "oai:u-bordeaux-montaigne.fr:340487", "symbol_class": "building", "pixel_x": 4026.5, "pixel_y": 5298.5, "easting": 565306.3, "northing": 270272.6, "epsg_source": 22391}}, {"type": "Feature", "geometry": {"type": "Point", "coordinates": [10.6076, 35.73125]}, "properties": {"record_id": "oai:u-bordeaux-montaigne.fr:340487", "symbol_class": "building", "pixel_x": 3705.9, "pixel_y": 5326.4, "easting": 563942.0, "northing": 270256.1, "epsg_source": 22391}}, {"type": "Feature", "geometry": {"type": "Point", "coordinates": [10.70113, 35.72349]}, "properties": {"record_id": "oai:u-bordeaux-montaigne.fr:340487", "symbol_class": "building", "pixel_x": 5710.1, "pixel_y": 5347.9, "easting": 572407.3, "northing": 269461.3, "epsg_source": 22391}}, {"type": "Feature", "geometry": {"type": "Point", "coordinates": [10.60515, 35.72995]}, "properties": {"record_id": "oai:u-bordeaux-montaigne.fr:340487", "symbol_class": "building", "pixel_x": 3656.5, "pixel_y": 5362.0, "easting": 563721.9, "northing": 270110.1, "epsg_source": 22391}}, {"type": "Feature", "geometry": {"type": "Point", "coordinates": [10.62524, 35.72847]}, "properties": {"record_id": "oai:u-bordeaux-montaigne.fr:340487", "symbol_class": "building", "pixel_x": 4086.5, "pixel_y": 5362.3, "easting": 565539.6, "northing": 269959.2, "epsg_source": 22391}}, {"type": "Feature", "geometry": {"type": "Point", "coordinates": [10.61365, 35.72921]}, "properties": {"record_id": "oai:u-bordeaux-montaigne.fr:340487", "symbol_class": "building", "pixel_x": 3838.7, "pixel_y": 5364.9, "easting": 564491.2, "northing": 270033.7, "epsg_source": 22391}}, {"type": "Feature", "geometry": {"type": "Point", "coordinates": [10.49363, 35.73775]}, "properties": {"record_id": "oai:u-bordeaux-montaigne.fr:340487", "symbol_class": "building", "pixel_x": 1269.7, "pixel_y": 5368.8, "easting": 553630.6, "northing": 270908.2, "epsg_source": 22391}}, {"type": "Feature", "geometry": {"type": "Point", "coordinates": [10.49265, 35.73763]}, "properties": {"record_id": "oai:u-bordeaux-montaigne.fr:340487", "symbol_class": "building", "pixel_x": 1249.1, "pixel_y": 5373.3, "easting": 553541.9, "northing": 270894.8, "epsg_source": 22391}}, {"type": "Feature", "geometry": {"type": "Point", "coordinates": [10.58786, 35.73047]}, "properties": {"record_id": "oai:u-bordeaux-montaigne.fr:340487", "symbol_class": "building", "pixel_x": 3287.7, "pixel_y": 5379.8, "easting": 562157.4, "northing": 270156.7, "epsg_source": 22391}}, {"type": "Feature", "geometry": {"type": "Point", "coordinates": [10.58567, 35.73039]}, "properties": {"record_id": "oai:u-bordeaux-montaigne.fr:340487", "symbol_class": "building", "pixel_x": 3241.3, "pixel_y": 5385.6, "easting": 561959.4, "northing": 270146.2, "epsg_source": 22391}}, {"type": "Feature", "geometry": {"type": "Point", "coordinates": [10.5886, 35.72935]}, "properties": {"record_id": "oai:u-bordeaux-montaigne.fr:340487", "symbol_class": "building", "pixel_x": 3305.7, "pixel_y": 5405.4, "easting": 562225.3, "northing": 270033.2, "epsg_source": 22391}}, {"type": "Feature", "geometry": {"type": "Point", "coordinates": [10.62644, 35.72651]}, "properties": {"record_id": "oai:u-bordeaux-montaigne.fr:340487", "symbol_class": "building", "pixel_x": 4116.0, "pixel_y": 5407.4, "easting": 565650.1, "northing": 269742.3, "epsg_source": 22391}}, {"type": "Feature", "geometry": {"type": "Point", "coordinates": [10.57921, 35.72982]}, "properties": {"record_id": "oai:u-bordeaux-montaigne.fr:340487", "symbol_class": "building", "pixel_x": 3105.2, "pixel_y": 5410.7, "easting": 561376.0, "northing": 270078.7, "epsg_source": 22391}}, {"type": "Feature", "geometry": {"type": "Point", "coordinates": [10.57987, 35.72975]}, "properties": {"record_id": "oai:u-bordeaux-montaigne.fr:340487", "symbol_class": "building", "pixel_x": 3119.3, "pixel_y": 5411.1, "easting": 561435.7, "northing": 270071.8, "epsg_source": 22391}}, {"type": "Feature", "geometry": {"type": "Point", "coordinates": [10.58688, 35.72916]}, "properties": {"record_id": "oai:u-bordeaux-montaigne.fr:340487", "symbol_class": "building", "pixel_x": 3269.5, "pixel_y": 5413.1, "easting": 562069.6, "northing": 270010.3, "epsg_source": 22391}}, {"type": "Feature", "geometry": {"type": "Point", "coordinates": [10.57948, 35.72939]}, "properties": {"record_id": "oai:u-bordeaux-montaigne.fr:340487", "symbol_class": "building", "pixel_x": 3111.8, "pixel_y": 5420.4, "easting": 561400.7, "northing": 270031.8, "epsg_source": 22391}}, {"type": "Feature", "geometry": {"type": "Point", "coordinates": [10.57886, 35.72927]}, "properties": {"record_id": "oai:u-bordeaux-montaigne.fr:340487", "symbol_class": "building", "pixel_x": 3098.8, "pixel_y": 5424.5, "easting": 561344.6, "northing": 270017.6, "epsg_source": 22391}}, {"type": "Feature", "geometry": {"type": "Point", "coordinates": [10.5801, 35.72924]}, "properties": {"record_id": "oai:u-bordeaux-montaigne.fr:340487", "symbol_class": "building", "pixel_x": 3125.1, "pixel_y": 5423.1, "easting": 561456.3, "northing": 270014.9, "epsg_source": 22391}}, {"type": "Feature", "geometry": {"type": "Point", "coordinates": [10.58721, 35.72833]}, "properties": {"record_id": "oai:u-bordeaux-montaigne.fr:340487", "symbol_class": "building", "pixel_x": 3278.1, "pixel_y": 5432.4, "easting": 562100.2, "northing": 269919.0, "epsg_source": 22391}}, {"type": "Feature", "geometry": {"type": "Point", "coordinates": [10.5881, 35.72802]}, "properties": {"record_id": "oai:u-bordeaux-montaigne.fr:340487", "symbol_class": "building", "pixel_x": 3297.7, "pixel_y": 5438.3, "easting": 562180.8, "northing": 269885.0, "epsg_source": 22391}}, {"type": "Feature", "geometry": {"type": "Point", "coordinates": [10.58721, 35.72775]}, "properties": {"record_id": "oai:u-bordeaux-montaigne.fr:340487", "symbol_class": "building", "pixel_x": 3279.3, "pixel_y": 5446.3, "easting": 562100.8, "northing": 269855.1, "epsg_source": 22391}}, {"type": "Feature", "geometry": {"type": "Point", "coordinates": [10.58805, 35.72757]}, "properties": {"record_id": "oai:u-bordeaux-montaigne.fr:340487", "symbol_class": "building", "pixel_x": 3297.5, "pixel_y": 5449.3, "easting": 562176.8, "northing": 269834.7, "epsg_source": 22391}}, {"type": "Feature", "geometry": {"type": "Point", "coordinates": [10.58738, 35.72728]}, "properties": {"record_id": "oai:u-bordeaux-montaigne.fr:340487", "symbol_class": "building", "pixel_x": 3283.9, "pixel_y": 5457.2, "easting": 562116.8, "northing": 269803.1, "epsg_source": 22391}}, {"type": "Feature", "geometry": {"type": "Point", "coordinates": [10.58868, 35.72706]}, "properties": {"record_id": "oai:u-bordeaux-montaigne.fr:340487", "symbol_class": "building", "pixel_x": 3311.9, "pixel_y": 5460.3, "easting": 562234.1, "northing": 269779.5, "epsg_source": 22391}}, {"type": "Feature", "geometry": {"type": "Point", "coordinates": [10.71593, 35.71752]}, "properties": {"record_id": "oai:u-bordeaux-montaigne.fr:340487", "symbol_class": "building", "pixel_x": 6036.8, "pixel_y": 5465.4, "easting": 573751.2, "northing": 268809.3, "epsg_source": 22391}}, {"type": "Feature", "geometry": {"type": "Point", "coordinates": [10.60975, 35.72466]}, "properties": {"record_id": "oai:u-bordeaux-montaigne.fr:340487", "symbol_class": "building", "pixel_x": 3764.9, "pixel_y": 5481.1, "easting": 564142.2, "northing": 269526.9, "epsg_source": 22391}}, {"type": "Feature", "geometry": {"type": "Point", "coordinates": [10.58874, 35.72552]}, "properties": {"record_id": "oai:u-bordeaux-montaigne.fr:340487", "symbol_class": "building", "pixel_x": 3316.4, "pixel_y": 5497.4, "easting": 562241.1, "northing": 269607.8, "epsg_source": 22391}}, {"type": "Feature", "geometry": {"type": "Point", "coordinates": [10.63881, 35.72155]}, "properties": {"record_id": "oai:u-bordeaux-montaigne.fr:340487", "symbol_class": "building", "pixel_x": 4389.0, "pixel_y": 5504.7, "easting": 566773.0, "northing": 269201.6, "epsg_source": 22391}}, {"type": "Feature", "geometry": {"type": "Point", "coordinates": [10.57879, 35.72591]}, "properties": {"record_id": "oai:u-bordeaux-montaigne.fr:340487", "symbol_class": "building", "pixel_x": 3103.9, "pixel_y": 5505.5, "easting": 561340.3, "northing": 269644.8, "epsg_source": 22391}}, {"type": "Feature", "geometry": {"type": "Point", "coordinates": [10.59258, 35.72475]}, "properties": {"record_id": "oai:u-bordeaux-montaigne.fr:340487", "symbol_class": "building", "pixel_x": 3399.5, "pixel_y": 5509.1, "easting": 562588.7, "northing": 269525.4, "epsg_source": 22391}}, {"type": "Feature", "geometry": {"type": "Point", "coordinates": [10.6078, 35.72355]}, "properties": {"record_id": "oai:u-bordeaux-montaigne.fr:340487", "symbol_class": "building", "pixel_x": 3725.6, "pixel_y": 5511.2, "easting": 563966.7, "northing": 269402.3, "epsg_source": 22391}}, {"type": "Feature", "geometry": {"type": "Point", "coordinates": [10.60184, 35.72397]}, "properties": {"record_id": "oai:u-bordeaux-montaigne.fr:340487", "symbol_class": "building", "pixel_x": 3598.1, "pixel_y": 5511.7, "easting": 563427.4, "northing": 269444.6, "epsg_source": 22391}}, {"type": "Feature", "geometry": {"type": "Point", "coordinates": [10.71544, 35.71553]}, "properties": {"record_id": "oai:u-bordeaux-montaigne.fr:340487", "symbol_class": "building", "pixel_x": 6030.6, "pixel_y": 5513.9, "easting": 573709.3, "northing": 268589.1, "epsg_source": 22391}}, {"type": "Feature", "geometry": {"type": "Point", "coordinates": [10.60901, 35.72294]}, "properties": {"record_id": "oai:u-bordeaux-montaigne.fr:340487", "symbol_class": "building", "pixel_x": 3752.5, "pixel_y": 5523.9, "easting": 564076.4, "northing": 269334.7, "epsg_source": 22391}}, {"type": "Feature", "geometry": {"type": "Point", "coordinates": [10.71533, 35.71498]}, "properties": {"record_id": "oai:u-bordeaux-montaigne.fr:340487", "symbol_class": "building", "pixel_x": 6029.2, "pixel_y": 5527.4, "easting": 573699.2, "northing": 268527.9, "epsg_source": 22391}}, {"type": "Feature", "geometry": {"type": "Point", "coordinates": [10.71691, 35.71424]}, "properties": {"record_id": "oai:u-bordeaux-montaigne.fr:340487", "symbol_class": "building", "pixel_x": 6064.3, "pixel_y": 5542.4, "easting": 573842.7, "northing": 268446.9, "epsg_source": 22391}}, {"type": "Feature", "geometry": {"type": "Point", "coordinates": [10.57171, 35.72439]}, "properties": {"record_id": "oai:u-bordeaux-montaigne.fr:340487", "symbol_class": "building", "pixel_x": 2956.5, "pixel_y": 5554.3, "easting": 560701.7, "northing": 269472.0, "epsg_source": 22391}}, {"type": "Feature", "geometry": {"type": "Point", "coordinates": [10.71753, 35.71405]}, "properties": {"record_id": "oai:u-bordeaux-montaigne.fr:340487", "symbol_class": "building", "pixel_x": 6078.1, "pixel_y": 5545.9, "easting": 573899.8, "northing": 268426.1, "epsg_source": 22391}}, {"type": "Feature", "geometry": {"type": "Point", "coordinates": [10.69452, 35.71556]}, "properties": {"record_id": "oai:u-bordeaux-montaigne.fr:340487", "symbol_class": "building", "pixel_x": 5585.6, "pixel_y": 5550.4, "easting": 571816.5, "northing": 268576.4, "epsg_source": 22391}}, {"type": "Feature", "geometry": {"type": "Point", "coordinates": [10.71753, 35.71364]}, "properties": {"record_id": "oai:u-bordeaux-montaigne.fr:340487", "symbol_class": "building", "pixel_x": 6078.9, "pixel_y": 5555.8, "easting": 573900.1, "northing": 268380.3, "epsg_source": 22391}}, {"type": "Feature", "geometry": {"type": "Point", "coordinates": [10.74218, 35.7115]}, "properties": {"record_id": "oai:u-bordeaux-montaigne.fr:340487", "symbol_class": "building", "pixel_x": 6607.4, "pixel_y": 5563.4, "easting": 576131.8, "northing": 268161.9, "epsg_source": 22391}}, {"type": "Feature", "geometry": {"type": "Point", "coordinates": [10.57346, 35.72388]}, "properties": {"record_id": "oai:u-bordeaux-montaigne.fr:340487", "symbol_class": "building", "pixel_x": 2994.8, "pixel_y": 5563.5, "easting": 560860.5, "northing": 269416.7, "epsg_source": 22391}}, {"type": "Feature", "geometry": {"type": "Point", "coordinates": [10.57418, 35.72362]}, "properties": {"record_id": "oai:u-bordeaux-montaigne.fr:340487", "symbol_class": "building", "pixel_x": 3010.6, "pixel_y": 5568.6, "easting": 560925.7, "northing": 269388.0, "epsg_source": 22391}}, {"type": "Feature", "geometry": {"type": "Point", "coordinates": [10.57388, 35.72328]}, "properties": {"record_id": "oai:u-bordeaux-montaigne.fr:340487", "symbol_class": "building", "pixel_x": 3004.9, "pixel_y": 5577.2, "easting": 560899.0, "northing": 269350.4, "epsg_source": 22391}}, {"type": "Feature", "geometry": {"type": "Point", "coordinates": [10.57512, 35.72319]}, "properties": {"record_id": "oai:u-bordeaux-montaigne.fr:340487", "symbol_class": "building", "pixel_x": 3031.5, "pixel_y": 5577.3, "easting": 561011.4, "northing": 269340.7, "epsg_source": 22391}}, {"type": "Feature", "geometry": {"type": "Point", "coordinates": [10.57484, 35.72278]}, "properties": {"record_id": "oai:u-bordeaux-montaigne.fr:340487", "symbol_class": "building", "pixel_x": 3026.3, "pixel_y": 5587.5, "easting": 560986.1, "northing": 269295.8, "epsg_source": 22391}}, {"type": "Feature", "geometry": {"type": "Point", "coordinates": [10.60701, 35.72015]}, "properties": {"record_id": "oai:u-bordeaux-montaigne.fr:340487", "symbol_class": "building", "pixel_x": 3715.6, "pixel_y": 5594.4, "easting": 563897.8, "northing": 269024.5, "epsg_source": 22391}}, {"type": "Feature", "geometry": {"type": "Point", "coordinates": [10.58165, 35.72199]}, "properties": {"record_id": "oai:u-bordeaux-montaigne.fr:340487", "symbol_class": "building", "pixel_x": 3172.7, "pixel_y": 5594.5, "easting": 561602.6, "northing": 269212.7, "epsg_source": 22391}}, {"type": "Feature", "geometry": {"type": "Point", "coordinates": [10.57542, 35.72217]}, "properties": {"record_id": "oai:u-bordeaux-montaigne.fr:340487", "symbol_class": "building", "pixel_x": 3039.9, "pixel_y": 5601.2, "easting": 561039.2, "northing": 269228.3, "epsg_source": 22391}}, {"type": "Feature", "geometry": {"type": "Point", "coordinates": [10.57655, 35.72211]}, "properties": {"record_id": "oai:u-bordeaux-montaigne.fr:340487", "symbol_class": "building", "pixel_x": 3063.9, "pixel_y": 5600.6, "easting": 561140.9, "northing": 269222.8, "epsg_source": 22391}}, {"type": "Feature", "geometry": {"type": "Point", "coordinates": [10.71125, 35.7121]}, "properties": {"record_id": "oai:u-bordeaux-montaigne.fr:340487", "symbol_class": "building", "pixel_x": 5948.4, "pixel_y": 5604.0, "easting": 573333.2, "northing": 268204.9, "epsg_source": 22391}}, {"type": "Feature", "geometry": {"type": "Point", "coordinates": [10.60782, 35.71956]}, "properties": {"record_id": "oai:u-bordeaux-montaigne.fr:340487", "symbol_class": "building", "pixel_x": 3734.1, "pixel_y": 5607.1, "easting": 563971.7, "northing": 268960.1, "epsg_source": 22391}}, {"type": "Feature", "geometry": {"type": "Point", "coordinates": [10.59973, 35.72017]}, "properties": {"record_id": "oai:u-bordeaux-montaigne.fr:340487", "symbol_class": "building", "pixel_x": 3560.6, "pixel_y": 5606.7, "easting": 563238.7, "northing": 269022.2, "epsg_source": 22391}}, {"type": "Feature", "geometry": {"type": "Point", "coordinates": [10.60043, 35.71985]}, "properties": {"record_id": "oai:u-bordeaux-montaigne.fr:340487", "symbol_class": "building", "pixel_x": 3576.2, "pixel_y": 5613.2, "easting": 563302.6, "northing": 268986.8, "epsg_source": 22391}}, {"type": "Feature", "geometry": {"type": "Point", "coordinates": [10.58914, 35.7201]}, "properties": {"record_id": "oai:u-bordeaux-montaigne.fr:340487", "symbol_class": "building", "pixel_x": 3335.7, "pixel_y": 5627.0, "easting": 562281.3, "northing": 269007.3, "epsg_source": 22391}}, {"type": "Feature", "geometry": {"type": "Point", "coordinates": [10.58551, 35.72009]}, "properties": {"record_id": "oai:u-bordeaux-montaigne.fr:340487", "symbol_class": "building", "pixel_x": 3258.6, "pixel_y": 5633.6, "easting": 561953.3, "northing": 269003.7, "epsg_source": 22391}}, {"type": "Feature", "geometry": {"type": "Point", "coordinates": [10.5895, 35.71977]}, "properties": {"record_id": "oai:u-bordeaux-montaigne.fr:340487", "symbol_class": "building", "pixel_x": 3344.0, "pixel_y": 5634.3, "easting": 562314.1, "northing": 268970.8, "epsg_source": 22391}}, {"type": "Feature", "geometry": {"type": "Point", "coordinates": [10.61196, 35.71802]}, "properties": {"record_id": "oai:u-bordeaux-montaigne.fr:340487", "symbol_class": "building", "pixel_x": 3825.0, "pixel_y": 5637.1, "easting": 564346.7, "northing": 268791.1, "epsg_source": 22391}}, {"type": "Feature", "geometry": {"type": "Point", "coordinates": [10.58508, 35.71971]}, "properties": {"record_id": "oai:u-bordeaux-montaigne.fr:340487", "symbol_class": "building", "pixel_x": 3250.2, "pixel_y": 5643.5, "easting": 561914.8, "northing": 268961.5, "epsg_source": 22391}}, {"type": "Feature", "geometry": {"type": "Point", "coordinates": [10.58979, 35.71898]}, "properties": {"record_id": "oai:u-bordeaux-montaigne.fr:340487", "symbol_class": "building", "pixel_x": 3351.8, "pixel_y": 5652.8, "easting": 562341.3, "northing": 268883.2, "epsg_source": 22391}}, {"type": "Feature", "geometry": {"type": "Point", "coordinates": [10.5242, 35.72318]}, "properties": {"record_id": "oai:u-bordeaux-montaigne.fr:340487", "symbol_class": "building", "pixel_x": 1948.7, "pixel_y": 5666.2, "easting": 556405.7, "northing": 269309.5, "epsg_source": 22391}}, {"type": "Feature", "geometry": {"type": "Point", "coordinates": [10.60819, 35.71679]}, "properties": {"record_id": "oai:u-bordeaux-montaigne.fr:340487", "symbol_class": "building", "pixel_x": 3747.5, "pixel_y": 5673.1, "easting": 564007.5, "northing": 268652.8, "epsg_source": 22391}}, {"type": "Feature", "geometry": {"type": "Point", "coordinates": [10.5869, 35.71791]}, "properties": {"record_id": "oai:u-bordeaux-montaigne.fr:340487", "symbol_class": "building", "pixel_x": 3292.5, "pixel_y": 5683.5, "easting": 562080.8, "northing": 268763.4, "epsg_source": 22391}}, {"type": "Feature", "geometry": {"type": "Point", "coordinates": [10.61173, 35.71558]}, "properties": {"record_id": "oai:u-bordeaux-montaigne.fr:340487", "symbol_class": "building", "pixel_x": 3825.2, "pixel_y": 5696.1, "easting": 564328.4, "northing": 268520.6, "epsg_source": 22391}}, {"type": "Feature", "geometry": {"type": "Point", "coordinates": [10.64811, 35.71267]}, "properties": {"record_id": "oai:u-bordeaux-montaigne.fr:340487", "symbol_class": "building", "pixel_x": 4604.6, "pixel_y": 5702.0, "easting": 567621.5, "northing": 268222.7, "epsg_source": 22391}}, {"type": "Feature", "geometry": {"type": "Point", "coordinates": [10.58619, 35.71718]}, "properties": {"record_id": "oai:u-bordeaux-montaigne.fr:340487", "symbol_class": "building", "pixel_x": 3278.9, "pixel_y": 5702.4, "easting": 562017.2, "northing": 268681.4, "epsg_source": 22391}}, {"type": "Feature", "geometry": {"type": "Point", "coordinates": [10.58556, 35.71686]}, "properties": {"record_id": "oai:u-bordeaux-montaigne.fr:340487", "symbol_class": "building", "pixel_x": 3266.0, "pixel_y": 5711.2, "easting": 561959.9, "northing": 268645.8, "epsg_source": 22391}}, {"type": "Feature", "geometry": {"type": "Point", "coordinates": [10.57712, 35.71733]}, "properties": {"record_id": "oai:u-bordeaux-montaigne.fr:340487", "symbol_class": "building", "pixel_x": 3085.6, "pixel_y": 5714.6, "easting": 561196.3, "northing": 268692.8, "epsg_source": 22391}}, {"type": "Feature", "geometry": {"type": "Point", "coordinates": [10.58216, 35.71698]}, "properties": {"record_id": "oai:u-bordeaux-montaigne.fr:340487", "symbol_class": "building", "pixel_x": 3193.5, "pixel_y": 5714.4, "easting": 561652.6, "northing": 268656.4, "epsg_source": 22391}}, {"type": "Feature", "geometry": {"type": "Point", "coordinates": [10.58182, 35.71656]}, "properties": {"record_id": "oai:u-bordeaux-montaigne.fr:340487", "symbol_class": "building", "pixel_x": 3187.2, "pixel_y": 5724.9, "easting": 561622.3, "northing": 268610.3, "epsg_source": 22391}}]}