{"type": "FeatureCollection", "features": [{"type": "Feature", "geometry": {"type": "Point", "coordinates": [10.32266, 36.10194]}, "properties": {"record_id": "oai:u-bordeaux-montaigne.fr:340467", "symbol_class": "building", "pixel_x": 4362.3, "pixel_y": 980.7, "easting": 537995.0, "northing": 311222.5, "epsg_source": 22391}}, {"type": "Feature", "geometry": {"type": "Point", "coordinates": [10.37915, 36.09618]}, "properties": {"record_id": "oai:u-bordeaux-montaigne.fr:340467", "symbol_class": "building", "pixel_x": 5543.2, "pixel_y": 1036.4, "easting": 543083.2, "northing": 310606.2, "epsg_source": 22391}}, {"type": "Feature", "geometry": {"type": "Point", "coordinates": [10.47235, 36.08731]}, "properties": {"record_id": "oai:u-bordeaux-montaigne.fr:340467", "symbol_class": "building", "pixel_x": 7490.2, "pixel_y": 1110.0, "easting": 551478.6, "northing": 309667.8, "epsg_source": 22391}}, {"type": "Feature", "geometry": {"type": "Point", "coordinates": [10.18035, 36.10332]}, "properties": {"record_id": "oai:u-bordeaux-montaigne.fr:340467", "symbol_class": "building", "pixel_x": 1415.6, "pixel_y": 1180.0, "easting": 525185.2, "northing": 311328.9, "epsg_source": 22391}}, {"type": "Feature", "geometry": {"type": "Point", "coordinates": [10.38756, 36.0902]}, "properties": {"record_id": "oai:u-bordeaux-montaigne.fr:340467", "symbol_class": "building", "pixel_x": 5730.0, "pixel_y": 1178.1, "easting": 543843.6, "northing": 309947.1, "epsg_source": 22391}}, {"type": "Feature", "geometry": {"type": "Point", "coordinates": [10.38809, 36.09017]}, "properties": {"record_id": "oai:u-bordeaux-montaigne.fr:340467", "symbol_class": "building", "pixel_x": 5741.0, "pixel_y": 1178.1, "easting": 543891.5, "northing": 309943.5, "epsg_source": 22391}}, {"type": "Feature", "geometry": {"type": "Point", "coordinates": [10.32858, 36.09385]}, "properties": {"record_id": "oai:u-bordeaux-montaigne.fr:340467", "symbol_class": "building", "pixel_x": 4502.1, "pixel_y": 1181.8, "easting": 538532.5, "northing": 310327.1, "epsg_source": 22391}}, {"type": "Feature", "geometry": {"type": "Point", "coordinates": [10.18, 36.1027]}, "properties": {"record_id": "oai:u-bordeaux-montaigne.fr:340467", "symbol_class": "building", "pixel_x": 1409.5, "pixel_y": 1196.9, "easting": 525153.3, "northing": 311259.8, "epsg_source": 22391}}, {"type": "Feature", "geometry": {"type": "Point", "coordinates": [10.17972, 36.10256]}, "properties": {"record_id": "oai:u-bordeaux-montaigne.fr:340467", "symbol_class": "building", "pixel_x": 1404.0, "pixel_y": 1201.0, "easting": 525128.2, "northing": 311244.0, "epsg_source": 22391}}, {"type": "Feature", "geometry": {"type": "Point", "coordinates": [10.1801, 36.1023]}, "properties": {"record_id": "oai:u-bordeaux-montaigne.fr:340467", "symbol_class": "building", "pixel_x": 1412.4, "pixel_y": 1207.2, "easting": 525162.4, "northing": 311215.3, "epsg_source": 22391}}, {"type": "Feature", "geometry": {"type": "Point", "coordinates": [10.28687, 36.0936]}, "properties": {"record_id": "oai:u-bordeaux-montaigne.fr:340467", "symbol_class": "building", "pixel_x": 3639.7, "pixel_y": 1257.9, "easting": 534777.4, "northing": 310283.2, "epsg_source": 22391}}, {"type": "Feature", "geometry": {"type": "Point", "coordinates": [10.21377, 36.09778]}, "properties": {"record_id": "oai:u-bordeaux-montaigne.fr:340467", "symbol_class": "building", "pixel_x": 2118.6, "pixel_y": 1269.6, "easting": 528195.5, "northing": 310723.8, "epsg_source": 22391}}, {"type": "Feature", "geometry": {"type": "Point", "coordinates": [10.21297, 36.09762]}, "properties": {"record_id": "oai:u-bordeaux-montaigne.fr:340467", "symbol_class": "building", "pixel_x": 2102.4, "pixel_y": 1275.1, "easting": 528123.6, "northing": 310705.5, "epsg_source": 22391}}, {"type": "Feature", "geometry": {"type": "Point", "coordinates": [10.47932, 36.07961]}, "properties": {"record_id": "oai:u-bordeaux-montaigne.fr:340467", "symbol_class": "building", "pixel_x": 7651.2, "pixel_y": 1298.7, "easting": 552111.6, "northing": 308818.1, "epsg_source": 22391}}, {"type": "Feature", "geometry": {"type": "Point", "coordinates": [10.22316, 36.09552]}, "properties": {"record_id": "oai:u-bordeaux-montaigne.fr:340467", "symbol_class": "building", "pixel_x": 2317.5, "pixel_y": 1313.0, "easting": 529041.2, "northing": 310476.2, "epsg_source": 22391}}, {"type": "Feature", "geometry": {"type": "Point", "coordinates": [10.28812, 36.0914]}, "properties": {"record_id": "oai:u-bordeaux-montaigne.fr:340467", "symbol_class": "building", "pixel_x": 3670.2, "pixel_y": 1313.1, "easting": 534890.9, "northing": 310039.7, "epsg_source": 22391}}, {"type": "Feature", "geometry": {"type": "Point", "coordinates": [10.22292, 36.09542]}, "properties": {"record_id": "oai:u-bordeaux-montaigne.fr:340467", "symbol_class": "building", "pixel_x": 2312.7, "pixel_y": 1316.3, "easting": 529019.5, "northing": 310463.9, "epsg_source": 22391}}, {"type": "Feature", "geometry": {"type": "Point", "coordinates": [10.31301, 36.08968]}, "properties": {"record_id": "oai:u-bordeaux-montaigne.fr:340467", "symbol_class": "building", "pixel_x": 4188.7, "pixel_y": 1316.5, "easting": 537132.2, "northing": 309858.5, "epsg_source": 22391}}, {"type": "Feature", "geometry": {"type": "Point", "coordinates": [10.31356, 36.08954]}, "properties": {"record_id": "oai:u-bordeaux-montaigne.fr:340467", "symbol_class": "building", "pixel_x": 4200.5, "pixel_y": 1319.4, "easting": 537182.2, "northing": 309842.6, "epsg_source": 22391}}, {"type": "Feature", "geometry": {"type": "Point", "coordinates": [10.31378, 36.08921]}, "properties": {"record_id": "oai:u-bordeaux-montaigne.fr:340467", "symbol_class": "building", "pixel_x": 4205.8, "pixel_y": 1327.4, "easting": 537202.3, "northing": 309807.0, "epsg_source": 22391}}, {"type": "Feature", "geometry": {"type": "Point", "coordinates": [10.22202, 36.09481]}, "properties": {"record_id": "oai:u-bordeaux-montaigne.fr:340467", "symbol_class": "building", "pixel_x": 2295.4, "pixel_y": 1333.6, "easting": 528938.8, "northing": 310396.4, "epsg_source": 22391}}, {"type": "Feature", "geometry": {"type": "Point", "coordinates": [10.28394, 36.0906]}, "properties": {"record_id": "oai:u-bordeaux-montaigne.fr:340467", "symbol_class": "building", "pixel_x": 3585.4, "pixel_y": 1340.8, "easting": 534515.0, "northing": 309950.2, "epsg_source": 22391}}, {"type": "Feature", "geometry": {"type": "Point", "coordinates": [10.30705, 36.08888]}, "properties": {"record_id": "oai:u-bordeaux-montaigne.fr:340467", "symbol_class": "building", "pixel_x": 4067.2, "pixel_y": 1347.3, "easting": 536596.2, "northing": 309767.3, "epsg_source": 22391}}, {"type": "Feature", "geometry": {"type": "Point", "coordinates": [10.30754, 36.08869]}, "properties": {"record_id": "oai:u-bordeaux-montaigne.fr:340467", "symbol_class": "building", "pixel_x": 4077.7, "pixel_y": 1351.4, "easting": 536640.4, "northing": 309746.9, "epsg_source": 22391}}, {"type": "Feature", "geometry": {"type": "Point", "coordinates": [10.22047, 36.09265]}, "properties": {"record_id": "oai:u-bordeaux-montaigne.fr:340467", "symbol_class": "building", "pixel_x": 2267.8, "pixel_y": 1392.4, "easting": 528800.0, "northing": 310156.7, "epsg_source": 22391}}, {"type": "Feature", "geometry": {"type": "Point", "coordinates": [10.37621, 36.07949]}, "properties": {"record_id": "oai:u-bordeaux-montaigne.fr:340467", "symbol_class": "building", "pixel_x": 5518.1, "pixel_y": 1476.4, "easting": 542827.8, "northing": 308754.3, "epsg_source": 22391}}, {"type": "Feature", "geometry": {"type": "Point", "coordinates": [10.34267, 36.08149]}, "properties": {"record_id": "oai:u-bordeaux-montaigne.fr:340467", "symbol_class": "building", "pixel_x": 4819.8, "pixel_y": 1480.5, "easting": 539806.5, "northing": 308961.8, "epsg_source": 22391}}, {"type": "Feature", "geometry": {"type": "Point", "coordinates": [10.34415, 36.08003]}, "properties": {"record_id": "oai:u-bordeaux-montaigne.fr:340467", "symbol_class": "building", "pixel_x": 4853.6, "pixel_y": 1516.1, "easting": 539940.8, "northing": 308800.3, "epsg_source": 22391}}, {"type": "Feature", "geometry": {"type": "Point", "coordinates": [10.19405, 36.08804]}, "properties": {"record_id": "oai:u-bordeaux-montaigne.fr:340467", "symbol_class": "building", "pixel_x": 1730.9, "pixel_y": 1556.1, "easting": 526423.1, "northing": 309637.6, "epsg_source": 22391}}, {"type": "Feature", "geometry": {"type": "Point", "coordinates": [10.38483, 36.07509]}, "properties": {"record_id": "oai:u-bordeaux-montaigne.fr:340467", "symbol_class": "building", "pixel_x": 5705.9, "pixel_y": 1576.6, "easting": 543606.4, "northing": 308270.0, "epsg_source": 22391}}, {"type": "Feature", "geometry": {"type": "Point", "coordinates": [10.26219, 36.08213]}, "properties": {"record_id": "oai:u-bordeaux-montaigne.fr:340467", "symbol_class": "building", "pixel_x": 3153.4, "pixel_y": 1597.9, "easting": 532560.7, "northing": 309002.5, "epsg_source": 22391}}, {"type": "Feature", "geometry": {"type": "Point", "coordinates": [10.24621, 36.08178]}, "properties": {"record_id": "oai:u-bordeaux-montaigne.fr:340467", "symbol_class": "building", "pixel_x": 2823.3, "pixel_y": 1633.3, "easting": 531121.7, "northing": 308959.2, "epsg_source": 22391}}, {"type": "Feature", "geometry": {"type": "Point", "coordinates": [10.24106, 36.08197]}, "properties": {"record_id": "oai:u-bordeaux-montaigne.fr:340467", "symbol_class": "building", "pixel_x": 2716.3, "pixel_y": 1637.0, "easting": 530657.5, "northing": 308978.0, "epsg_source": 22391}}, {"type": "Feature", "geometry": {"type": "Point", "coordinates": [10.26071, 36.08055]}, "properties": {"record_id": "oai:u-bordeaux-montaigne.fr:340467", "symbol_class": "building", "pixel_x": 3126.0, "pixel_y": 1641.3, "easting": 532427.9, "northing": 308827.6, "epsg_source": 22391}}, {"type": "Feature", "geometry": {"type": "Point", "coordinates": [10.16134, 36.08676]}, "properties": {"record_id": "oai:u-bordeaux-montaigne.fr:340467", "symbol_class": "building", "pixel_x": 1056.7, "pixel_y": 1642.9, "easting": 523478.6, "northing": 309487.6, "epsg_source": 22391}}, {"type": "Feature", "geometry": {"type": "Point", "coordinates": [10.25136, 36.08081]}, "properties": {"record_id": "oai:u-bordeaux-montaigne.fr:340467", "symbol_class": "building", "pixel_x": 2931.9, "pixel_y": 1650.3, "easting": 531585.7, "northing": 308852.3, "epsg_source": 22391}}, {"type": "Feature", "geometry": {"type": "Point", "coordinates": [10.27434, 36.07862]}, "properties": {"record_id": "oai:u-bordeaux-montaigne.fr:340467", "symbol_class": "building", "pixel_x": 3412.1, "pixel_y": 1669.3, "easting": 533655.6, "northing": 308617.3, "epsg_source": 22391}}, {"type": "Feature", "geometry": {"type": "Point", "coordinates": [10.2413, 36.08018]}, "properties": {"record_id": "oai:u-bordeaux-montaigne.fr:340467", "symbol_class": "building", "pixel_x": 2725.1, "pixel_y": 1683.3, "easting": 530680.1, "northing": 308779.3, "epsg_source": 22391}}, {"type": "Feature", "geometry": {"type": "Point", "coordinates": [10.25743, 36.078]}, "properties": {"record_id": "oai:u-bordeaux-montaigne.fr:340467", "symbol_class": "building", "pixel_x": 3063.6, "pixel_y": 1713.3, "easting": 532133.8, "northing": 308543.2, "epsg_source": 22391}}, {"type": "Feature", "geometry": {"type": "Point", "coordinates": [10.23679, 36.07823]}, "properties": {"record_id": "oai:u-bordeaux-montaigne.fr:340467", "symbol_class": "building", "pixel_x": 2635.9, "pixel_y": 1741.6, "easting": 530275.1, "northing": 308561.5, "epsg_source": 22391}}, {"type": "Feature", "geometry": {"type": "Point", "coordinates": [10.23685, 36.07796]}, "properties": {"record_id": "oai:u-bordeaux-montaigne.fr:340467", "symbol_class": "building", "pixel_x": 2637.8, "pixel_y": 1748.5, "easting": 530280.6, "northing": 308531.8, "epsg_source": 22391}}, {"type": "Feature", "geometry": {"type": "Point", "coordinates": [10.23645, 36.07797]}, "properties": {"record_id": "oai:u-bordeaux-montaigne.fr:340467", "symbol_class": "building", "pixel_x": 2629.3, "pixel_y": 1748.9, "easting": 530244.0, "northing": 308532.9, "epsg_source": 22391}}, {"type": "Feature", "geometry": {"type": "Point", "coordinates": [10.1663, 36.08148]}, "properties": {"record_id": "oai:u-bordeaux-montaigne.fr:340467", "symbol_class": "building", "pixel_x": 1170.3, "pixel_y": 1772.6, "easting": 523926.5, "northing": 308902.9, "epsg_source": 22391}}, {"type": "Feature", "geometry": {"type": "Point", "coordinates": [10.17749, 36.08074]}, "properties": {"record_id": "oai:u-bordeaux-montaigne.fr:340467", "symbol_class": "building", "pixel_x": 1403.5, "pixel_y": 1773.6, "easting": 524934.8, "northing": 308823.3, "epsg_source": 22391}}, {"type": "Feature", "geometry": {"type": "Point", "coordinates": [10.1595, 36.08164]}, "properties": {"record_id": "oai:u-bordeaux-montaigne.fr:340467", "symbol_class": "building", "pixel_x": 1029.4, "pixel_y": 1779.6, "easting": 523315.1, "northing": 308918.7, "epsg_source": 22391}}, {"type": "Feature", "geometry": {"type": "Point", "coordinates": [10.31888, 36.06969]}, "properties": {"record_id": "oai:u-bordeaux-montaigne.fr:340467", "symbol_class": "building", "pixel_x": 4352.7, "pixel_y": 1827.9, "easting": 537670.4, "northing": 307643.4, "epsg_source": 22391}}, {"type": "Feature", "geometry": {"type": "Point", "coordinates": [10.32183, 36.06937]}, "properties": {"record_id": "oai:u-bordeaux-montaigne.fr:340467", "symbol_class": "building", "pixel_x": 4414.5, "pixel_y": 1831.3, "easting": 537936.6, "northing": 307609.4, "epsg_source": 22391}}, {"type": "Feature", "geometry": {"type": "Point", "coordinates": [10.31997, 36.06951]}, "properties": {"record_id": "oai:u-bordeaux-montaigne.fr:340467", "symbol_class": "building", "pixel_x": 4375.6, "pixel_y": 1830.7, "easting": 537768.5, "northing": 307624.2, "epsg_source": 22391}}, {"type": "Feature", "geometry": {"type": "Point", "coordinates": [10.32148, 36.0694]}, "properties": {"record_id": "oai:u-bordeaux-montaigne.fr:340467", "symbol_class": "building", "pixel_x": 4407.1, "pixel_y": 1831.2, "easting": 537904.4, "northing": 307612.2, "epsg_source": 22391}}, {"type": "Feature", "geometry": {"type": "Point", "coordinates": [10.32211, 36.06935]}, "properties": {"record_id": "oai:u-bordeaux-montaigne.fr:340467", "symbol_class": "building", "pixel_x": 4420.3, "pixel_y": 1831.5, "easting": 537961.7, "northing": 307606.5, "epsg_source": 22391}}, {"type": "Feature", "geometry": {"type": "Point", "coordinates": [10.30478, 36.06997]}, "properties": {"record_id": "oai:u-bordeaux-montaigne.fr:340467", "symbol_class": "building", "pixel_x": 4060.3, "pixel_y": 1844.2, "easting": 536400.5, "northing": 307669.1, "epsg_source": 22391}}, {"type": "Feature", "geometry": {"type": "Point", "coordinates": [10.29351, 36.06986]}, "properties": {"record_id": "oai:u-bordeaux-montaigne.fr:340467", "symbol_class": "building", "pixel_x": 3827.4, "pixel_y": 1865.7, "easting": 535386.2, "northing": 307652.8, "epsg_source": 22391}}, {"type": "Feature", "geometry": {"type": "Point", "coordinates": [10.30441, 36.06932]}, "properties": {"record_id": "oai:u-bordeaux-montaigne.fr:340467", "symbol_class": "building", "pixel_x": 4054.1, "pixel_y": 1861.8, "easting": 536367.9, "northing": 307596.6, "epsg_source": 22391}}, {"type": "Feature", "geometry": {"type": "Point", "coordinates": [10.29707, 36.06979]}, "properties": {"record_id": "oai:u-bordeaux-montaigne.fr:340467", "symbol_class": "building", "pixel_x": 3901.0, "pixel_y": 1861.8, "easting": 535705.9, "northing": 307645.9, "epsg_source": 22391}}, {"type": "Feature", "geometry": {"type": "Point", "coordinates": [10.29765, 36.06948]}, "properties": {"record_id": "oai:u-bordeaux-montaigne.fr:340467", "symbol_class": "building", "pixel_x": 3913.7, "pixel_y": 1868.8, "easting": 535758.4, "northing": 307612.2, "epsg_source": 22391}}, {"type": "Feature", "geometry": {"type": "Point", "coordinates": [10.29811, 36.06939]}, "properties": {"record_id": "oai:u-bordeaux-montaigne.fr:340467", "symbol_class": "building", "pixel_x": 3923.5, "pixel_y": 1870.3, "easting": 535800.3, "northing": 307602.5, "epsg_source": 22391}}, {"type": "Feature", "geometry": {"type": "Point", "coordinates": [10.29864, 36.06911]}, "properties": {"record_id": "oai:u-bordeaux-montaigne.fr:340467", "symbol_class": "building", "pixel_x": 3935.1, "pixel_y": 1876.8, "easting": 535848.1, "northing": 307571.4, "epsg_source": 22391}}, {"type": "Feature", "geometry": {"type": "Point", "coordinates": [10.30406, 36.0687]}, "properties": {"record_id": "oai:u-bordeaux-montaigne.fr:340467", "symbol_class": "building", "pixel_x": 4048.0, "pixel_y": 1878.4, "easting": 536336.1, "northing": 307528.2, "epsg_source": 22391}}, {"type": "Feature", "geometry": {"type": "Point", "coordinates": [10.29929, 36.06905]}, "properties": {"record_id": "oai:u-bordeaux-montaigne.fr:340467", "symbol_class": "building", "pixel_x": 3948.6, "pixel_y": 1877.4, "easting": 535906.3, "northing": 307564.7, "epsg_source": 22391}}, {"type": "Feature", "geometry": {"type": "Point", "coordinates": [10.29752, 36.06887]}, "properties": {"record_id": "oai:u-bordeaux-montaigne.fr:340467", "symbol_class": "building", "pixel_x": 3912.4, "pixel_y": 1885.0, "easting": 535747.1, "northing": 307543.9, "epsg_source": 22391}}, {"type": "Feature", "geometry": {"type": "Point", "coordinates": [10.29802, 36.06897]}, "properties": {"record_id": "oai:u-bordeaux-montaigne.fr:340467", "symbol_class": "building", "pixel_x": 3922.4, "pixel_y": 1881.4, "easting": 535791.9, "northing": 307556.2, "epsg_source": 22391}}, {"type": "Feature", "geometry": {"type": "Point", "coordinates": [10.29671, 36.06889]}, "properties": {"record_id": "oai:u-bordeaux-montaigne.fr:340467", "symbol_class": "building", "pixel_x": 3895.7, "pixel_y": 1885.7, "easting": 535674.6, "northing": 307546.7, "epsg_source": 22391}}, {"type": "Feature", "geometry": {"type": "Point", "coordinates": [10.299, 36.06871]}, "properties": {"record_id": "oai:u-bordeaux-montaigne.fr:340467", "symbol_class": "building", "pixel_x": 3943.4, "pixel_y": 1886.7, "easting": 535880.6, "northing": 307527.0, "epsg_source": 22391}}, {"type": "Feature", "geometry": {"type": "Point", "coordinates": [10.30365, 36.06817]}, "properties": {"record_id": "oai:u-bordeaux-montaigne.fr:340467", "symbol_class": "building", "pixel_x": 4040.8, "pixel_y": 1892.9, "easting": 536300.0, "northing": 307469.4, "epsg_source": 22391}}, {"type": "Feature", "geometry": {"type": "Point", "coordinates": [10.30047, 36.06742]}, "properties": {"record_id": "oai:u-bordeaux-montaigne.fr:340467", "symbol_class": "building", "pixel_x": 3976.4, "pixel_y": 1917.8, "easting": 536013.3, "northing": 307384.9, "epsg_source": 22391}}, {"type": "Feature", "geometry": {"type": "Point", "coordinates": [10.29922, 36.06729]}, "properties": {"record_id": "oai:u-bordeaux-montaigne.fr:340467", "symbol_class": "building", "pixel_x": 3950.8, "pixel_y": 1923.3, "easting": 535900.7, "northing": 307369.9, "epsg_source": 22391}}, {"type": "Feature", "geometry": {"type": "Point", "coordinates": [10.39502, 36.06083]}, "properties": {"record_id": "oai:u-bordeaux-montaigne.fr:340467", "symbol_class": "building", "pixel_x": 5947.3, "pixel_y": 1931.2, "easting": 544531.7, "northing": 306692.9, "epsg_source": 22391}}, {"type": "Feature", "geometry": {"type": "Point", "coordinates": [10.29981, 36.06681]}, "properties": {"record_id": "oai:u-bordeaux-montaigne.fr:340467", "symbol_class": "building", "pixel_x": 3964.1, "pixel_y": 1934.8, "easting": 535954.3, "northing": 307316.9, "epsg_source": 22391}}, {"type": "Feature", "geometry": {"type": "Point", "coordinates": [10.23186, 36.07018]}, "properties": {"record_id": "oai:u-bordeaux-montaigne.fr:340467", "symbol_class": "building", "pixel_x": 2550.7, "pixel_y": 1959.5, "easting": 529833.7, "northing": 307667.8, "epsg_source": 22391}}, {"type": "Feature", "geometry": {"type": "Point", "coordinates": [10.41494, 36.05812]}, "properties": {"record_id": "oai:u-bordeaux-montaigne.fr:340467", "symbol_class": "building", "pixel_x": 6365.4, "pixel_y": 1968.4, "easting": 546327.7, "northing": 306401.3, "epsg_source": 22391}}, {"type": "Feature", "geometry": {"type": "Point", "coordinates": [10.41095, 36.05839]}, "properties": {"record_id": "oai:u-bordeaux-montaigne.fr:340467", "symbol_class": "building", "pixel_x": 6282.3, "pixel_y": 1967.9, "easting": 545968.2, "northing": 306429.9, "epsg_source": 22391}}, {"type": "Feature", "geometry": {"type": "Point", "coordinates": [10.41219, 36.05795]}, "properties": {"record_id": "oai:u-bordeaux-montaigne.fr:340467", "symbol_class": "building", "pixel_x": 6308.8, "pixel_y": 1977.3, "easting": 546079.6, "northing": 306381.5, "epsg_source": 22391}}, {"type": "Feature", "geometry": {"type": "Point", "coordinates": [10.41173, 36.05794]}, "properties": {"record_id": "oai:u-bordeaux-montaigne.fr:340467", "symbol_class": "building", "pixel_x": 6299.3, "pixel_y": 1978.4, "easting": 546038.1, "northing": 306380.0, "epsg_source": 22391}}, {"type": "Feature", "geometry": {"type": "Point", "coordinates": [10.41419, 36.05753]}, "properties": {"record_id": "oai:u-bordeaux-montaigne.fr:340467", "symbol_class": "building", "pixel_x": 6351.2, "pixel_y": 1985.0, "easting": 546260.6, "northing": 306335.4, "epsg_source": 22391}}, {"type": "Feature", "geometry": {"type": "Point", "coordinates": [10.24857, 36.06809]}, "properties": {"record_id": "oai:u-bordeaux-montaigne.fr:340467", "symbol_class": "building", "pixel_x": 2901.0, "pixel_y": 1986.5, "easting": 531339.5, "northing": 307440.8, "epsg_source": 22391}}, {"type": "Feature", "geometry": {"type": "Point", "coordinates": [10.41356, 36.0572]}, "properties": {"record_id": "oai:u-bordeaux-montaigne.fr:340467", "symbol_class": "building", "pixel_x": 6338.8, "pixel_y": 1994.6, "easting": 546203.7, "northing": 306298.8, "epsg_source": 22391}}, {"type": "Feature", "geometry": {"type": "Point", "coordinates": [10.4855, 36.05202]}, "properties": {"record_id": "oai:u-bordeaux-montaigne.fr:340467", "symbol_class": "building", "pixel_x": 7838.9, "pixel_y": 2007.4, "easting": 552686.7, "northing": 305761.3, "epsg_source": 22391}}, {"type": "Feature", "geometry": {"type": "Point", "coordinates": [10.39085, 36.05824]}, "properties": {"record_id": "oai:u-bordeaux-montaigne.fr:340467", "symbol_class": "building", "pixel_x": 5866.6, "pixel_y": 2005.8, "easting": 544157.9, "northing": 306403.8, "epsg_source": 22391}}, {"type": "Feature", "geometry": {"type": "Point", "coordinates": [10.24928, 36.0669]}, "properties": {"record_id": "oai:u-bordeaux-montaigne.fr:340467", "symbol_class": "building", "pixel_x": 2918.2, "pixel_y": 2016.2, "easting": 531403.9, "northing": 307309.7, "epsg_source": 22391}}, {"type": "Feature", "geometry": {"type": "Point", "coordinates": [10.41269, 36.0564]}, "properties": {"record_id": "oai:u-bordeaux-montaigne.fr:340467", "symbol_class": "building", "pixel_x": 6322.5, "pixel_y": 2016.8, "easting": 546125.9, "northing": 306210.1, "epsg_source": 22391}}, {"type": "Feature", "geometry": {"type": "Point", "coordinates": [10.20785, 36.06826]}, "properties": {"record_id": "oai:u-bordeaux-montaigne.fr:340467", "symbol_class": "building", "pixel_x": 2058.0, "pixel_y": 2049.2, "easting": 527672.9, "northing": 307447.4, "epsg_source": 22391}}, {"type": "Feature", "geometry": {"type": "Point", "coordinates": [10.27605, 36.0639]}, "properties": {"record_id": "oai:u-bordeaux-montaigne.fr:340467", "symbol_class": "building", "pixel_x": 3478.6, "pixel_y": 2050.2, "easting": 533816.1, "northing": 306985.1, "epsg_source": 22391}}, {"type": "Feature", "geometry": {"type": "Point", "coordinates": [10.45945, 36.05204]}, "properties": {"record_id": "oai:u-bordeaux-montaigne.fr:340467", "symbol_class": "building", "pixel_x": 7299.7, "pixel_y": 2051.5, "easting": 550340.2, "northing": 305748.7, "epsg_source": 22391}}, {"type": "Feature", "geometry": {"type": "Point", "coordinates": [10.45982, 36.05201]}, "properties": {"record_id": "oai:u-bordeaux-montaigne.fr:340467", "symbol_class": "building", "pixel_x": 7307.4, "pixel_y": 2051.6, "easting": 550373.4, "northing": 305745.8, "epsg_source": 22391}}, {"type": "Feature", "geometry": {"type": "Point", "coordinates": [10.31547, 36.06088]}, "properties": {"record_id": "oai:u-bordeaux-montaigne.fr:340467", "symbol_class": "building", "pixel_x": 4300.8, "pixel_y": 2063.4, "easting": 537367.3, "northing": 306664.7, "epsg_source": 22391}}, {"type": "Feature", "geometry": {"type": "Point", "coordinates": [10.45941, 36.05173]}, "properties": {"record_id": "oai:u-bordeaux-montaigne.fr:340467", "symbol_class": "building", "pixel_x": 7299.5, "pixel_y": 2059.5, "easting": 550336.6, "northing": 305715.0, "epsg_source": 22391}}, {"type": "Feature", "geometry": {"type": "Point", "coordinates": [10.45979, 36.05171]}, "properties": {"record_id": "oai:u-bordeaux-montaigne.fr:340467", "symbol_class": "building", "pixel_x": 7307.5, "pixel_y": 2059.5, "easting": 550371.2, "northing": 305712.4, "epsg_source": 22391}}, {"type": "Feature", "geometry": {"type": "Point", "coordinates": [10.20743, 36.06782]}, "properties": {"record_id": "oai:u-bordeaux-montaigne.fr:340467", "symbol_class": "building", "pixel_x": 2050.1, "pixel_y": 2061.3, "easting": 527634.8, "northing": 307398.8, "epsg_source": 22391}}, {"type": "Feature", "geometry": {"type": "Point", "coordinates": [10.2081, 36.06776]}, "properties": {"record_id": "oai:u-bordeaux-montaigne.fr:340467", "symbol_class": "building", "pixel_x": 2064.1, "pixel_y": 2061.7, "easting": 527695.3, "northing": 307392.4, "epsg_source": 22391}}, {"type": "Feature", "geometry": {"type": "Point", "coordinates": [10.27635, 36.06304]}, "properties": {"record_id": "oai:u-bordeaux-montaigne.fr:340467", "symbol_class": "building", "pixel_x": 3486.7, "pixel_y": 2072.2, "easting": 533843.7, "northing": 306889.8, "epsg_source": 22391}}, {"type": "Feature", "geometry": {"type": "Point", "coordinates": [10.40063, 36.05463]}, "properties": {"record_id": "oai:u-bordeaux-montaigne.fr:340467", "symbol_class": "building", "pixel_x": 6076.6, "pixel_y": 2083.3, "easting": 545040.3, "northing": 306008.2, "epsg_source": 22391}}, {"type": "Feature", "geometry": {"type": "Point", "coordinates": [10.27685, 36.06293]}, "properties": {"record_id": "oai:u-bordeaux-montaigne.fr:340467", "symbol_class": "building", "pixel_x": 3497.2, "pixel_y": 2074.2, "easting": 533888.5, "northing": 306877.7, "epsg_source": 22391}}, {"type": "Feature", "geometry": {"type": "Point", "coordinates": [10.39445, 36.05521]}, "properties": {"record_id": "oai:u-bordeaux-montaigne.fr:340467", "symbol_class": "building", "pixel_x": 5947.6, "pixel_y": 2078.8, "easting": 544483.6, "northing": 306069.1, "epsg_source": 22391}}, {"type": "Feature", "geometry": {"type": "Point", "coordinates": [10.15829, 36.06999]}, "properties": {"record_id": "oai:u-bordeaux-montaigne.fr:340467", "symbol_class": "building", "pixel_x": 1028.6, "pixel_y": 2085.4, "easting": 523209.3, "northing": 307625.9, "epsg_source": 22391}}, {"type": "Feature", "geometry": {"type": "Point", "coordinates": [10.32419, 36.05894]}, "properties": {"record_id": "oai:u-bordeaux-montaigne.fr:340467", "symbol_class": "building", "pixel_x": 4485.4, "pixel_y": 2099.3, "easting": 538153.5, "northing": 306453.5, "epsg_source": 22391}}, {"type": "Feature", "geometry": {"type": "Point", "coordinates": [10.35401, 36.05684]}, "properties": {"record_id": "oai:u-bordeaux-montaigne.fr:340467", "symbol_class": "building", "pixel_x": 5107.0, "pixel_y": 2104.1, "easting": 540840.3, "northing": 306232.6, "epsg_source": 22391}}, {"type": "Feature", "geometry": {"type": "Point", "coordinates": [10.32457, 36.05842]}, "properties": {"record_id": "oai:u-bordeaux-montaigne.fr:340467", "symbol_class": "building", "pixel_x": 4494.3, "pixel_y": 2112.2, "easting": 538187.8, "northing": 306395.9, "epsg_source": 22391}}, {"type": "Feature", "geometry": {"type": "Point", "coordinates": [10.3715, 36.05513]}, "properties": {"record_id": "oai:u-bordeaux-montaigne.fr:340467", "symbol_class": "building", "pixel_x": 5472.8, "pixel_y": 2119.5, "easting": 542416.9, "northing": 306049.8, "epsg_source": 22391}}, {"type": "Feature", "geometry": {"type": "Point", "coordinates": [10.1968, 36.06615]}, "properties": {"record_id": "oai:u-bordeaux-montaigne.fr:340467", "symbol_class": "building", "pixel_x": 1833.7, "pixel_y": 2122.3, "easting": 526678.6, "northing": 307210.6, "epsg_source": 22391}}, {"type": "Feature", "geometry": {"type": "Point", "coordinates": [10.31696, 36.05853]}, "properties": {"record_id": "oai:u-bordeaux-montaigne.fr:340467", "symbol_class": "building", "pixel_x": 4336.6, "pixel_y": 2122.2, "easting": 537502.5, "northing": 306404.3, "epsg_source": 22391}}, {"type": "Feature", "geometry": {"type": "Point", "coordinates": [10.39792, 36.05277]}, "properties": {"record_id": "oai:u-bordeaux-montaigne.fr:340467", "symbol_class": "building", "pixel_x": 6024.5, "pixel_y": 2136.4, "easting": 544797.2, "northing": 305800.6, "epsg_source": 22391}}, {"type": "Feature", "geometry": {"type": "Point", "coordinates": [10.35205, 36.05464]}, "properties": {"record_id": "oai:u-bordeaux-montaigne.fr:340467", "symbol_class": "building", "pixel_x": 5071.2, "pixel_y": 2164.9, "easting": 540665.2, "northing": 305987.1, "epsg_source": 22391}}, {"type": "Feature", "geometry": {"type": "Point", "coordinates": [10.3585, 36.05424]}, "properties": {"record_id": "oai:u-bordeaux-montaigne.fr:340467", "symbol_class": "building", "pixel_x": 5205.6, "pixel_y": 2164.4, "easting": 541246.3, "northing": 305946.2, "epsg_source": 22391}}, {"type": "Feature", "geometry": {"type": "Point", "coordinates": [10.35605, 36.0536]}, "properties": {"record_id": "oai:u-bordeaux-montaigne.fr:340467", "symbol_class": "building", "pixel_x": 5156.3, "pixel_y": 2185.4, "easting": 541026.1, "northing": 305873.2, "epsg_source": 22391}}, {"type": "Feature", "geometry": {"type": "Point", "coordinates": [10.40388, 36.0502]}, "properties": {"record_id": "oai:u-bordeaux-montaigne.fr:340467", "symbol_class": "building", "pixel_x": 6153.5, "pixel_y": 2193.4, "easting": 545335.8, "northing": 305518.1, "epsg_source": 22391}}, {"type": "Feature", "geometry": {"type": "Point", "coordinates": [10.33334, 36.05458]}, "properties": {"record_id": "oai:u-bordeaux-montaigne.fr:340467", "symbol_class": "building", "pixel_x": 4684.1, "pixel_y": 2197.7, "easting": 538980.2, "northing": 305973.2, "epsg_source": 22391}}, {"type": "Feature", "geometry": {"type": "Point", "coordinates": [10.32913, 36.05482]}, "properties": {"record_id": "oai:u-bordeaux-montaigne.fr:340467", "symbol_class": "building", "pixel_x": 4596.5, "pixel_y": 2198.6, "easting": 538601.1, "northing": 305997.8, "epsg_source": 22391}}, {"type": "Feature", "geometry": {"type": "Point", "coordinates": [10.35409, 36.05281]}, "properties": {"record_id": "oai:u-bordeaux-montaigne.fr:340467", "symbol_class": "building", "pixel_x": 5117.4, "pixel_y": 2209.2, "easting": 540849.9, "northing": 305785.1, "epsg_source": 22391}}, {"type": "Feature", "geometry": {"type": "Point", "coordinates": [10.21907, 36.06111]}, "properties": {"record_id": "oai:u-bordeaux-montaigne.fr:340467", "symbol_class": "building", "pixel_x": 2305.1, "pixel_y": 2217.1, "easting": 528685.3, "northing": 306657.8, "epsg_source": 22391}}, {"type": "Feature", "geometry": {"type": "Point", "coordinates": [10.46987, 36.04479]}, "properties": {"record_id": "oai:u-bordeaux-montaigne.fr:340467", "symbol_class": "building", "pixel_x": 7530.9, "pixel_y": 2222.7, "easting": 551282.9, "northing": 304950.3, "epsg_source": 22391}}, {"type": "Feature", "geometry": {"type": "Point", "coordinates": [10.35425, 36.05225]}, "properties": {"record_id": "oai:u-bordeaux-montaigne.fr:340467", "symbol_class": "building", "pixel_x": 5121.9, "pixel_y": 2223.5, "easting": 540864.5, "northing": 305723.1, "epsg_source": 22391}}, {"type": "Feature", "geometry": {"type": "Point", "coordinates": [10.22498, 36.06004]}, "properties": {"record_id": "oai:u-bordeaux-montaigne.fr:340467", "symbol_class": "building", "pixel_x": 2429.6, "pixel_y": 2235.2, "easting": 529217.8, "northing": 306541.0, "epsg_source": 22391}}, {"type": "Feature", "geometry": {"type": "Point", "coordinates": [10.21892, 36.06037]}, "properties": {"record_id": "oai:u-bordeaux-montaigne.fr:340467", "symbol_class": "building", "pixel_x": 2303.5, "pixel_y": 2236.8, "easting": 528672.2, "northing": 306575.1, "epsg_source": 22391}}, {"type": "Feature", "geometry": {"type": "Point", "coordinates": [10.36009, 36.05032]}, "properties": {"record_id": "oai:u-bordeaux-montaigne.fr:340467", "symbol_class": "building", "pixel_x": 5247.0, "pixel_y": 2264.1, "easting": 541391.9, "northing": 305511.3, "epsg_source": 22391}}, {"type": "Feature", "geometry": {"type": "Point", "coordinates": [10.35989, 36.04985]}, "properties": {"record_id": "oai:u-bordeaux-montaigne.fr:340467", "symbol_class": "building", "pixel_x": 5243.7, "pixel_y": 2276.6, "easting": 541373.5, "northing": 305459.7, "epsg_source": 22391}}, {"type": "Feature", "geometry": {"type": "Point", "coordinates": [10.35946, 36.04958]}, "properties": {"record_id": "oai:u-bordeaux-montaigne.fr:340467", "symbol_class": "building", "pixel_x": 5235.5, "pixel_y": 2284.3, "easting": 541335.6, "northing": 305429.7, "epsg_source": 22391}}, {"type": "Feature", "geometry": {"type": "Point", "coordinates": [10.39936, 36.04695]}, "properties": {"record_id": "oai:u-bordeaux-montaigne.fr:340467", "symbol_class": "building", "pixel_x": 6066.9, "pixel_y": 2285.7, "easting": 544930.5, "northing": 305155.7, "epsg_source": 22391}}, {"type": "Feature", "geometry": {"type": "Point", "coordinates": [10.46992, 36.04213]}, "properties": {"record_id": "oai:u-bordeaux-montaigne.fr:340467", "symbol_class": "building", "pixel_x": 7537.7, "pixel_y": 2291.9, "easting": 551289.0, "northing": 304655.6, "epsg_source": 22391}}, {"type": "Feature", "geometry": {"type": "Point", "coordinates": [10.40203, 36.04635]}, "properties": {"record_id": "oai:u-bordeaux-montaigne.fr:340467", "symbol_class": "building", "pixel_x": 6123.6, "pixel_y": 2297.0, "easting": 545171.8, "northing": 305089.6, "epsg_source": 22391}}, {"type": "Feature", "geometry": {"type": "Point", "coordinates": [10.46941, 36.04199]}, "properties": {"record_id": "oai:u-bordeaux-montaigne.fr:340467", "symbol_class": "building", "pixel_x": 7527.6, "pixel_y": 2296.4, "easting": 551243.6, "northing": 304639.9, "epsg_source": 22391}}, {"type": "Feature", "geometry": {"type": "Point", "coordinates": [10.46988, 36.04168]}, "properties": {"record_id": "oai:u-bordeaux-montaigne.fr:340467", "symbol_class": "building", "pixel_x": 7537.9, "pixel_y": 2303.6, "easting": 551285.8, "northing": 304606.0, "epsg_source": 22391}}, {"type": "Feature", "geometry": {"type": "Point", "coordinates": [10.39892, 36.04417]}, "properties": {"record_id": "oai:u-bordeaux-montaigne.fr:340467", "symbol_class": "building", "pixel_x": 6063.8, "pixel_y": 2359.0, "easting": 544892.8, "northing": 304846.7, "epsg_source": 22391}}, {"type": "Feature", "geometry": {"type": "Point", "coordinates": [10.38231, 36.0451]}, "properties": {"record_id": "oai:u-bordeaux-montaigne.fr:340467", "symbol_class": "building", "pixel_x": 5717.9, "pixel_y": 2362.9, "easting": 543395.6, "northing": 304941.9, "epsg_source": 22391}}, {"type": "Feature", "geometry": {"type": "Point", "coordinates": [10.36085, 36.04634]}, "properties": {"record_id": "oai:u-bordeaux-montaigne.fr:340467", "symbol_class": "building", "pixel_x": 5271.0, "pixel_y": 2366.4, "easting": 541461.7, "northing": 305070.9, "epsg_source": 22391}}, {"type": "Feature", "geometry": {"type": "Point", "coordinates": [10.38191, 36.04487]}, "properties": {"record_id": "oai:u-bordeaux-montaigne.fr:340467", "symbol_class": "building", "pixel_x": 5710.3, "pixel_y": 2369.5, "easting": 543360.3, "northing": 304916.2, "epsg_source": 22391}}, {"type": "Feature", "geometry": {"type": "Point", "coordinates": [10.22597, 36.05466]}, "properties": {"record_id": "oai:u-bordeaux-montaigne.fr:340467", "symbol_class": "building", "pixel_x": 2461.5, "pixel_y": 2373.9, "easting": 529309.6, "northing": 305944.6, "epsg_source": 22391}}, {"type": "Feature", "geometry": {"type": "Point", "coordinates": [10.35988, 36.04616]}, "properties": {"record_id": "oai:u-bordeaux-montaigne.fr:340467", "symbol_class": "building", "pixel_x": 5251.4, "pixel_y": 2372.7, "easting": 541375.0, "northing": 305050.5, "epsg_source": 22391}}, {"type": "Feature", "geometry": {"type": "Point", "coordinates": [10.27373, 36.05143]}, "properties": {"record_id": "oai:u-bordeaux-montaigne.fr:340467", "symbol_class": "building", "pixel_x": 3456.9, "pixel_y": 2379.3, "easting": 533612.3, "northing": 305601.0, "epsg_source": 22391}}, {"type": "Feature", "geometry": {"type": "Point", "coordinates": [10.35955, 36.04544]}, "properties": {"record_id": "oai:u-bordeaux-montaigne.fr:340467", "symbol_class": "building", "pixel_x": 5246.1, "pixel_y": 2392.2, "easting": 541345.2, "northing": 304970.0, "epsg_source": 22391}}, {"type": "Feature", "geometry": {"type": "Point", "coordinates": [10.45607, 36.039]}, "properties": {"record_id": "oai:u-bordeaux-montaigne.fr:340467", "symbol_class": "building", "pixel_x": 7257.9, "pixel_y": 2397.1, "easting": 550044.0, "northing": 304301.2, "epsg_source": 22391}}, {"type": "Feature", "geometry": {"type": "Point", "coordinates": [10.35988, 36.04499]}, "properties": {"record_id": "oai:u-bordeaux-montaigne.fr:340467", "symbol_class": "building", "pixel_x": 5253.9, "pixel_y": 2403.4, "easting": 541375.3, "northing": 304919.9, "epsg_source": 22391}}, {"type": "Feature", "geometry": {"type": "Point", "coordinates": [10.18577, 36.05599]}, "properties": {"record_id": "oai:u-bordeaux-montaigne.fr:340467", "symbol_class": "building", "pixel_x": 1626.6, "pixel_y": 2405.4, "easting": 525688.3, "northing": 306080.3, "epsg_source": 22391}}, {"type": "Feature", "geometry": {"type": "Point", "coordinates": [10.3836, 36.04316]}, "properties": {"record_id": "oai:u-bordeaux-montaigne.fr:340467", "symbol_class": "building", "pixel_x": 5748.8, "pixel_y": 2411.1, "easting": 543513.0, "northing": 304728.0, "epsg_source": 22391}}, {"type": "Feature", "geometry": {"type": "Point", "coordinates": [10.50771, 36.03503]}, "properties": {"record_id": "oai:u-bordeaux-montaigne.fr:340467", "symbol_class": "building", "pixel_x": 8335.3, "pixel_y": 2412.5, "easting": 554698.1, "northing": 303889.0, "epsg_source": 22391}}, {"type": "Feature", "geometry": {"type": "Point", "coordinates": [10.5084, 36.03501]}, "properties": {"record_id": "oai:u-bordeaux-montaigne.fr:340467", "symbol_class": "building", "pixel_x": 8349.7, "pixel_y": 2412.0, "easting": 554760.2, "northing": 303886.3, "epsg_source": 22391}}, {"type": "Feature", "geometry": {"type": "Point", "coordinates": [10.50858, 36.0348]}, "properties": {"record_id": "oai:u-bordeaux-montaigne.fr:340467", "symbol_class": "building", "pixel_x": 8354.0, "pixel_y": 2417.0, "easting": 554777.3, "northing": 303863.8, "epsg_source": 22391}}, {"type": "Feature", "geometry": {"type": "Point", "coordinates": [10.31544, 36.04687]}, "properties": {"record_id": "oai:u-bordeaux-montaigne.fr:340467", "symbol_class": "building", "pixel_x": 4330.1, "pixel_y": 2428.6, "easting": 537371.8, "northing": 305111.0, "epsg_source": 22391}}, {"type": "Feature", "geometry": {"type": "Point", "coordinates": [10.31593, 36.0468]}, "properties": {"record_id": "oai:u-bordeaux-montaigne.fr:340467", "symbol_class": "building", "pixel_x": 4340.3, "pixel_y": 2429.8, "easting": 537415.8, "northing": 305102.9, "epsg_source": 22391}}, {"type": "Feature", "geometry": {"type": "Point", "coordinates": [10.31848, 36.04654]}, "properties": {"record_id": "oai:u-bordeaux-montaigne.fr:340467", "symbol_class": "building", "pixel_x": 4393.6, "pixel_y": 2432.1, "easting": 537645.3, "northing": 305075.8, "epsg_source": 22391}}, {"type": "Feature", "geometry": {"type": "Point", "coordinates": [10.31788, 36.04658]}, "properties": {"record_id": "oai:u-bordeaux-montaigne.fr:340467", "symbol_class": "building", "pixel_x": 4381.0, "pixel_y": 2432.1, "easting": 537591.1, "northing": 305080.1, "epsg_source": 22391}}, {"type": "Feature", "geometry": {"type": "Point", "coordinates": [10.31528, 36.04647]}, "properties": {"record_id": "oai:u-bordeaux-montaigne.fr:340467", "symbol_class": "building", "pixel_x": 4327.5, "pixel_y": 2439.5, "easting": 537357.1, "northing": 305066.0, "epsg_source": 22391}}, {"type": "Feature", "geometry": {"type": "Point", "coordinates": [10.37827, 36.04232]}, "properties": {"record_id": "oai:u-bordeaux-montaigne.fr:340467", "symbol_class": "building", "pixel_x": 5640.3, "pixel_y": 2441.9, "easting": 543033.4, "northing": 304632.7, "epsg_source": 22391}}, {"type": "Feature", "geometry": {"type": "Point", "coordinates": [10.31629, 36.04627]}, "properties": {"record_id": "oai:u-bordeaux-montaigne.fr:340467", "symbol_class": "building", "pixel_x": 4348.8, "pixel_y": 2442.8, "easting": 537448.0, "northing": 305045.0, "epsg_source": 22391}}, {"type": "Feature", "geometry": {"type": "Point", "coordinates": [10.29253, 36.04767]}, "properties": {"record_id": "oai:u-bordeaux-montaigne.fr:340467", "symbol_class": "building", "pixel_x": 3854.0, "pixel_y": 2445.9, "easting": 535307.3, "northing": 305191.4, "epsg_source": 22391}}, {"type": "Feature", "geometry": {"type": "Point", "coordinates": [10.37649, 36.04214]}, "properties": {"record_id": "oai:u-bordeaux-montaigne.fr:340467", "symbol_class": "building", "pixel_x": 5603.7, "pixel_y": 2449.8, "easting": 542872.8, "northing": 304611.4, "epsg_source": 22391}}, {"type": "Feature", "geometry": {"type": "Point", "coordinates": [10.31534, 36.04605]}, "properties": {"record_id": "oai:u-bordeaux-montaigne.fr:340467", "symbol_class": "building", "pixel_x": 4329.6, "pixel_y": 2450.1, "easting": 537362.6, "northing": 305020.4, "epsg_source": 22391}}, {"type": "Feature", "geometry": {"type": "Point", "coordinates": [10.33569, 36.04471]}, "properties": {"record_id": "oai:u-bordeaux-montaigne.fr:340467", "symbol_class": "building", "pixel_x": 4753.8, "pixel_y": 2451.2, "easting": 539196.6, "northing": 304879.3, "epsg_source": 22391}}, {"type": "Feature", "geometry": {"type": "Point", "coordinates": [10.31797, 36.04576]}, "properties": {"record_id": "oai:u-bordeaux-montaigne.fr:340467", "symbol_class": "building", "pixel_x": 4384.7, "pixel_y": 2453.4, "easting": 537599.7, "northing": 304988.6, "epsg_source": 22391}}, {"type": "Feature", "geometry": {"type": "Point", "coordinates": [10.31611, 36.04585]}, "properties": {"record_id": "oai:u-bordeaux-montaigne.fr:340467", "symbol_class": "building", "pixel_x": 4346.0, "pixel_y": 2454.2, "easting": 537432.2, "northing": 304998.1, "epsg_source": 22391}}, {"type": "Feature", "geometry": {"type": "Point", "coordinates": [10.37826, 36.04177]}, "properties": {"record_id": "oai:u-bordeaux-montaigne.fr:340467", "symbol_class": "building", "pixel_x": 5641.2, "pixel_y": 2456.3, "easting": 543032.6, "northing": 304571.6, "epsg_source": 22391}}, {"type": "Feature", "geometry": {"type": "Point", "coordinates": [10.37678, 36.04185]}, "properties": {"record_id": "oai:u-bordeaux-montaigne.fr:340467", "symbol_class": "building", "pixel_x": 5610.5, "pixel_y": 2456.7, "easting": 542899.7, "northing": 304579.8, "epsg_source": 22391}}, {"type": "Feature", "geometry": {"type": "Point", "coordinates": [10.2923, 36.04718]}, "properties": {"record_id": "oai:u-bordeaux-montaigne.fr:340467", "symbol_class": "building", "pixel_x": 3850.3, "pixel_y": 2459.2, "easting": 535287.0, "northing": 305136.3, "epsg_source": 22391}}, {"type": "Feature", "geometry": {"type": "Point", "coordinates": [10.50094, 36.03361]}, "properties": {"record_id": "oai:u-bordeaux-montaigne.fr:340467", "symbol_class": "building", "pixel_x": 8198.3, "pixel_y": 2461.3, "easting": 554089.2, "northing": 303726.7, "epsg_source": 22391}}, {"type": "Feature", "geometry": {"type": "Point", "coordinates": [10.37746, 36.04148]}, "properties": {"record_id": "oai:u-bordeaux-montaigne.fr:340467", "symbol_class": "building", "pixel_x": 5625.2, "pixel_y": 2465.2, "easting": 542960.5, "northing": 304539.1, "epsg_source": 22391}}, {"type": "Feature", "geometry": {"type": "Point", "coordinates": [10.37836, 36.04119]}, "properties": {"record_id": "oai:u-bordeaux-montaigne.fr:340467", "symbol_class": "building", "pixel_x": 5644.5, "pixel_y": 2471.2, "easting": 543041.7, "northing": 304507.4, "epsg_source": 22391}}, {"type": "Feature", "geometry": {"type": "Point", "coordinates": [10.4798, 36.03422]}, "properties": {"record_id": "oai:u-bordeaux-montaigne.fr:340467", "symbol_class": "building", "pixel_x": 7759.4, "pixel_y": 2481.2, "easting": 552184.4, "northing": 303783.8, "epsg_source": 22391}}, {"type": "Feature", "geometry": {"type": "Point", "coordinates": [10.32999, 36.04381]}, "properties": {"record_id": "oai:u-bordeaux-montaigne.fr:340467", "symbol_class": "building", "pixel_x": 4637.7, "pixel_y": 2484.1, "easting": 538683.6, "northing": 304777.6, "epsg_source": 22391}}, {"type": "Feature", "geometry": {"type": "Point", "coordinates": [10.3293, 36.04359]}, "properties": {"record_id": "oai:u-bordeaux-montaigne.fr:340467", "symbol_class": "building", "pixel_x": 4623.9, "pixel_y": 2491.1, "easting": 538621.7, "northing": 304752.5, "epsg_source": 22391}}, {"type": "Feature", "geometry": {"type": "Point", "coordinates": [10.32841, 36.0435]}, "properties": {"record_id": "oai:u-bordeaux-montaigne.fr:340467", "symbol_class": "building", "pixel_x": 4605.6, "pixel_y": 2495.0, "easting": 538541.3, "northing": 304741.7, "epsg_source": 22391}}, {"type": "Feature", "geometry": {"type": "Point", "coordinates": [10.38683, 36.03978]}, "properties": {"record_id": "oai:u-bordeaux-montaigne.fr:340467", "symbol_class": "building", "pixel_x": 5823.0, "pixel_y": 2493.9, "easting": 543806.0, "northing": 304354.1, "epsg_source": 22391}}, {"type": "Feature", "geometry": {"type": "Point", "coordinates": [10.50509, 36.03216]}, "properties": {"record_id": "oai:u-bordeaux-montaigne.fr:340467", "symbol_class": "building", "pixel_x": 8287.3, "pixel_y": 2491.9, "easting": 554464.0, "northing": 303568.6, "epsg_source": 22391}}, {"type": "Feature", "geometry": {"type": "Point", "coordinates": [10.41271, 36.03803]}, "properties": {"record_id": "oai:u-bordeaux-montaigne.fr:340467", "symbol_class": "building", "pixel_x": 6362.5, "pixel_y": 2495.9, "easting": 546138.5, "northing": 304171.9, "epsg_source": 22391}}, {"type": "Feature", "geometry": {"type": "Point", "coordinates": [10.45741, 36.03512]}, "properties": {"record_id": "oai:u-bordeaux-montaigne.fr:340467", "symbol_class": "building", "pixel_x": 7293.9, "pixel_y": 2495.9, "easting": 550166.6, "northing": 303871.7, "epsg_source": 22391}}, {"type": "Feature", "geometry": {"type": "Point", "coordinates": [10.37802, 36.0402]}, "properties": {"record_id": "oai:u-bordeaux-montaigne.fr:340467", "symbol_class": "building", "pixel_x": 5639.6, "pixel_y": 2497.7, "easting": 543011.9, "northing": 304397.2, "epsg_source": 22391}}, {"type": "Feature", "geometry": {"type": "Point", "coordinates": [10.3278, 36.04336]}, "properties": {"record_id": "oai:u-bordeaux-montaigne.fr:340467", "symbol_class": "building", "pixel_x": 4593.4, "pixel_y": 2499.4, "easting": 538486.8, "northing": 304726.9, "epsg_source": 22391}}, {"type": "Feature", "geometry": {"type": "Point", "coordinates": [10.31795, 36.04399]}, "properties": {"record_id": "oai:u-bordeaux-montaigne.fr:340467", "symbol_class": "building", "pixel_x": 4388.1, "pixel_y": 2499.6, "easting": 537599.1, "northing": 304792.4, "epsg_source": 22391}}, {"type": "Feature", "geometry": {"type": "Point", "coordinates": [10.31848, 36.04381]}, "properties": {"record_id": "oai:u-bordeaux-montaigne.fr:340467", "symbol_class": "building", "pixel_x": 4399.5, "pixel_y": 2503.4, "easting": 537647.0, "northing": 304772.8, "epsg_source": 22391}}, {"type": "Feature", "geometry": {"type": "Point", "coordinates": [10.31898, 36.04371]}, "properties": {"record_id": "oai:u-bordeaux-montaigne.fr:340467", "symbol_class": "building", "pixel_x": 4409.9, "pixel_y": 2505.2, "easting": 537691.4, "northing": 304761.7, "epsg_source": 22391}}, {"type": "Feature", "geometry": {"type": "Point", "coordinates": [10.39554, 36.03872]}, "properties": {"record_id": "oai:u-bordeaux-montaigne.fr:340467", "symbol_class": "building", "pixel_x": 6005.6, "pixel_y": 2506.8, "easting": 544591.5, "northing": 304240.7, "epsg_source": 22391}}, {"type": "Feature", "geometry": {"type": "Point", "coordinates": [10.22133, 36.04974]}, "properties": {"record_id": "oai:u-bordeaux-montaigne.fr:340467", "symbol_class": "building", "pixel_x": 2375.8, "pixel_y": 2510.0, "easting": 528893.2, "northing": 305396.7, "epsg_source": 22391}}, {"type": "Feature", "geometry": {"type": "Point", "coordinates": [10.3773, 36.03954]}, "properties": {"record_id": "oai:u-bordeaux-montaigne.fr:340467", "symbol_class": "building", "pixel_x": 5626.1, "pixel_y": 2516.1, "easting": 542947.4, "northing": 304323.8, "epsg_source": 22391}}, {"type": "Feature", "geometry": {"type": "Point", "coordinates": [10.31869, 36.04331]}, "properties": {"record_id": "oai:u-bordeaux-montaigne.fr:340467", "symbol_class": "building", "pixel_x": 4404.8, "pixel_y": 2516.2, "easting": 537665.7, "northing": 304716.8, "epsg_source": 22391}}, {"type": "Feature", "geometry": {"type": "Point", "coordinates": [10.39545, 36.03812]}, "properties": {"record_id": "oai:u-bordeaux-montaigne.fr:340467", "symbol_class": "building", "pixel_x": 6004.9, "pixel_y": 2522.5, "easting": 544583.4, "northing": 304174.4, "epsg_source": 22391}}, {"type": "Feature", "geometry": {"type": "Point", "coordinates": [10.32756, 36.04249]}, "properties": {"record_id": "oai:u-bordeaux-montaigne.fr:340467", "symbol_class": "building", "pixel_x": 4590.1, "pixel_y": 2522.6, "easting": 538465.0, "northing": 304629.9, "epsg_source": 22391}}, {"type": "Feature", "geometry": {"type": "Point", "coordinates": [10.32978, 36.04217]}, "properties": {"record_id": "oai:u-bordeaux-montaigne.fr:340467", "symbol_class": "building", "pixel_x": 4636.8, "pixel_y": 2527.2, "easting": 538665.4, "northing": 304595.4, "epsg_source": 22391}}, {"type": "Feature", "geometry": {"type": "Point", "coordinates": [10.3741, 36.03933]}, "properties": {"record_id": "oai:u-bordeaux-montaigne.fr:340467", "symbol_class": "building", "pixel_x": 5560.3, "pixel_y": 2527.1, "easting": 542659.2, "northing": 304298.2, "epsg_source": 22391}}, {"type": "Feature", "geometry": {"type": "Point", "coordinates": [10.33047, 36.042]}, "properties": {"record_id": "oai:u-bordeaux-montaigne.fr:340467", "symbol_class": "building", "pixel_x": 4651.4, "pixel_y": 2530.7, "easting": 538727.5, "northing": 304576.1, "epsg_source": 22391}}, {"type": "Feature", "geometry": {"type": "Point", "coordinates": [10.33103, 36.04172]}, "properties": {"record_id": "oai:u-bordeaux-montaigne.fr:340467", "symbol_class": "building", "pixel_x": 4663.7, "pixel_y": 2537.0, "easting": 538778.3, "northing": 304545.3, "epsg_source": 22391}}, {"type": "Feature", "geometry": {"type": "Point", "coordinates": [10.32786, 36.04183]}, "properties": {"record_id": "oai:u-bordeaux-montaigne.fr:340467", "symbol_class": "building", "pixel_x": 4597.9, "pixel_y": 2539.4, "easting": 538493.0, "northing": 304556.3, "epsg_source": 22391}}, {"type": "Feature", "geometry": {"type": "Point", "coordinates": [10.16044, 36.05238]}, "properties": {"record_id": "oai:u-bordeaux-montaigne.fr:340467", "symbol_class": "building", "pixel_x": 1109.8, "pixel_y": 2541.0, "easting": 523408.2, "northing": 305673.6, "epsg_source": 22391}}, {"type": "Feature", "geometry": {"type": "Point", "coordinates": [10.27786, 36.04493]}, "properties": {"record_id": "oai:u-bordeaux-montaigne.fr:340467", "symbol_class": "building", "pixel_x": 3556.1, "pixel_y": 2541.7, "easting": 533986.9, "northing": 304882.4, "epsg_source": 22391}}, {"type": "Feature", "geometry": {"type": "Point", "coordinates": [10.33032, 36.04144]}, "properties": {"record_id": "oai:u-bordeaux-montaigne.fr:340467", "symbol_class": "building", "pixel_x": 4649.5, "pixel_y": 2545.3, "easting": 538714.2, "northing": 304514.9, "epsg_source": 22391}}, {"type": "Feature", "geometry": {"type": "Point", "coordinates": [10.32314, 36.04171]}, "properties": {"record_id": "oai:u-bordeaux-montaigne.fr:340467", "symbol_class": "building", "pixel_x": 4500.3, "pixel_y": 2550.4, "easting": 538067.3, "northing": 304541.4, "epsg_source": 22391}}, {"type": "Feature", "geometry": {"type": "Point", "coordinates": [10.32217, 36.04177]}, "properties": {"record_id": "oai:u-bordeaux-montaigne.fr:340467", "symbol_class": "building", "pixel_x": 4480.1, "pixel_y": 2550.5, "easting": 537979.9, "northing": 304547.3, "epsg_source": 22391}}, {"type": "Feature", "geometry": {"type": "Point", "coordinates": [10.32958, 36.04127]}, "properties": {"record_id": "oai:u-bordeaux-montaigne.fr:340467", "symbol_class": "building", "pixel_x": 4634.6, "pixel_y": 2551.1, "easting": 538647.7, "northing": 304495.0, "epsg_source": 22391}}, {"type": "Feature", "geometry": {"type": "Point", "coordinates": [10.32153, 36.04176]}, "properties": {"record_id": "oai:u-bordeaux-montaigne.fr:340467", "symbol_class": "building", "pixel_x": 4467.0, "pixel_y": 2551.7, "easting": 537922.8, "northing": 304546.9, "epsg_source": 22391}}, {"type": "Feature", "geometry": {"type": "Point", "coordinates": [10.27764, 36.04449]}, "properties": {"record_id": "oai:u-bordeaux-montaigne.fr:340467", "symbol_class": "building", "pixel_x": 3552.5, "pixel_y": 2553.6, "easting": 533967.5, "northing": 304833.2, "epsg_source": 22391}}, {"type": "Feature", "geometry": {"type": "Point", "coordinates": [10.33098, 36.04109]}, "properties": {"record_id": "oai:u-bordeaux-montaigne.fr:340467", "symbol_class": "building", "pixel_x": 4663.9, "pixel_y": 2553.5, "easting": 538773.9, "northing": 304475.5, "epsg_source": 22391}}, {"type": "Feature", "geometry": {"type": "Point", "coordinates": [10.32364, 36.04125]}, "properties": {"record_id": "oai:u-bordeaux-montaigne.fr:340467", "symbol_class": "building", "pixel_x": 4511.6, "pixel_y": 2561.6, "easting": 538112.6, "northing": 304490.6, "epsg_source": 22391}}, {"type": "Feature", "geometry": {"type": "Point", "coordinates": [10.33038, 36.04102]}, "properties": {"record_id": "oai:u-bordeaux-montaigne.fr:340467", "symbol_class": "building", "pixel_x": 4651.6, "pixel_y": 2556.3, "easting": 538719.8, "northing": 304467.6, "epsg_source": 22391}}, {"type": "Feature", "geometry": {"type": "Point", "coordinates": [10.3247, 36.04138]}, "properties": {"record_id": "oai:u-bordeaux-montaigne.fr:340467", "symbol_class": "building", "pixel_x": 4533.4, "pixel_y": 2556.4, "easting": 538208.4, "northing": 304505.5, "epsg_source": 22391}}, {"type": "Feature", "geometry": {"type": "Point", "coordinates": [10.32259, 36.04153]}, "properties": {"record_id": "oai:u-bordeaux-montaigne.fr:340467", "symbol_class": "building", "pixel_x": 4489.4, "pixel_y": 2556.0, "easting": 538018.1, "northing": 304521.1, "epsg_source": 22391}}, {"type": "Feature", "geometry": {"type": "Point", "coordinates": [10.32551, 36.04127]}, "properties": {"record_id": "oai:u-bordeaux-montaigne.fr:340467", "symbol_class": "building", "pixel_x": 4550.3, "pixel_y": 2557.9, "easting": 538281.0, "northing": 304493.6, "epsg_source": 22391}}, {"type": "Feature", "geometry": {"type": "Point", "coordinates": [10.32157, 36.04125]}, "properties": {"record_id": "oai:u-bordeaux-montaigne.fr:340467", "symbol_class": "building", "pixel_x": 4468.8, "pixel_y": 2564.9, "easting": 537926.4, "northing": 304490.1, "epsg_source": 22391}}, {"type": "Feature", "geometry": {"type": "Point", "coordinates": [10.32245, 36.04111]}, "properties": {"record_id": "oai:u-bordeaux-montaigne.fr:340467", "symbol_class": "building", "pixel_x": 4487.4, "pixel_y": 2567.3, "easting": 538006.1, "northing": 304474.2, "epsg_source": 22391}}, {"type": "Feature", "geometry": {"type": "Point", "coordinates": [10.32577, 36.04088]}, "properties": {"record_id": "oai:u-bordeaux-montaigne.fr:340467", "symbol_class": "building", "pixel_x": 4556.5, "pixel_y": 2567.5, "easting": 538304.6, "northing": 304451.0, "epsg_source": 22391}}, {"type": "Feature", "geometry": {"type": "Point", "coordinates": [10.38529, 36.03702]}, "properties": {"record_id": "oai:u-bordeaux-montaigne.fr:340467", "symbol_class": "building", "pixel_x": 5796.9, "pixel_y": 2568.5, "easting": 543668.5, "northing": 304047.0, "epsg_source": 22391}}, {"type": "Feature", "geometry": {"type": "Point", "coordinates": [10.32854, 36.04065]}, "properties": {"record_id": "oai:u-bordeaux-montaigne.fr:340467", "symbol_class": "building", "pixel_x": 4614.4, "pixel_y": 2569.1, "easting": 538554.4, "northing": 304425.7, "epsg_source": 22391}}, {"type": "Feature", "geometry": {"type": "Point", "coordinates": [10.24919, 36.0456]}, "properties": {"record_id": "oai:u-bordeaux-montaigne.fr:340467", "symbol_class": "building", "pixel_x": 2961.2, "pixel_y": 2571.8, "easting": 531404.1, "northing": 304946.9, "epsg_source": 22391}}, {"type": "Feature", "geometry": {"type": "Point", "coordinates": [10.32943, 36.04032]}, "properties": {"record_id": "oai:u-bordeaux-montaigne.fr:340467", "symbol_class": "building", "pixel_x": 4633.6, "pixel_y": 2576.1, "easting": 538635.0, "northing": 304389.8, "epsg_source": 22391}}, {"type": "Feature", "geometry": {"type": "Point", "coordinates": [10.24976, 36.04537]}, "properties": {"record_id": "oai:u-bordeaux-montaigne.fr:340467", "symbol_class": "building", "pixel_x": 2973.6, "pixel_y": 2576.9, "easting": 531456.1, "northing": 304921.4, "epsg_source": 22391}}, {"type": "Feature", "geometry": {"type": "Point", "coordinates": [10.15954, 36.05074]}, "properties": {"record_id": "oai:u-bordeaux-montaigne.fr:340467", "symbol_class": "building", "pixel_x": 1094.5, "pixel_y": 2585.3, "easting": 523327.3, "northing": 305491.4, "epsg_source": 22391}}, {"type": "Feature", "geometry": {"type": "Point", "coordinates": [10.24944, 36.04511]}, "properties": {"record_id": "oai:u-bordeaux-montaigne.fr:340467", "symbol_class": "building", "pixel_x": 2967.3, "pixel_y": 2584.2, "easting": 531426.7, "northing": 304892.6, "epsg_source": 22391}}, {"type": "Feature", "geometry": {"type": "Point", "coordinates": [10.25813, 36.0445]}, "properties": {"record_id": "oai:u-bordeaux-montaigne.fr:340467", "symbol_class": "building", "pixel_x": 3148.5, "pixel_y": 2585.7, "easting": 532209.7, "northing": 304827.7, "epsg_source": 22391}}, {"type": "Feature", "geometry": {"type": "Point", "coordinates": [10.16318, 36.05029]}, "properties": {"record_id": "oai:u-bordeaux-montaigne.fr:340467", "symbol_class": "building", "pixel_x": 1170.8, "pixel_y": 2590.9, "easting": 523655.2, "northing": 305443.0, "epsg_source": 22391}}, {"type": "Feature", "geometry": {"type": "Point", "coordinates": [10.32331, 36.04023]}, "properties": {"record_id": "oai:u-bordeaux-montaigne.fr:340467", "symbol_class": "building", "pixel_x": 4507.1, "pixel_y": 2588.7, "easting": 538083.8, "northing": 304377.2, "epsg_source": 22391}}, {"type": "Feature", "geometry": {"type": "Point", "coordinates": [10.38242, 36.0364]}, "properties": {"record_id": "oai:u-bordeaux-montaigne.fr:340467", "symbol_class": "building", "pixel_x": 5738.8, "pixel_y": 2589.4, "easting": 543410.2, "northing": 303977.6, "epsg_source": 22391}}, {"type": "Feature", "geometry": {"type": "Point", "coordinates": [10.41555, 36.03426]}, "properties": {"record_id": "oai:u-bordeaux-montaigne.fr:340467", "symbol_class": "building", "pixel_x": 6429.3, "pixel_y": 2589.4, "easting": 546396.5, "northing": 303755.1, "epsg_source": 22391}}, {"type": "Feature", "geometry": {"type": "Point", "coordinates": [10.32234, 36.04015]}, "properties": {"record_id": "oai:u-bordeaux-montaigne.fr:340467", "symbol_class": "building", "pixel_x": 4487.1, "pixel_y": 2592.3, "easting": 537996.1, "northing": 304368.3, "epsg_source": 22391}}, {"type": "Feature", "geometry": {"type": "Point", "coordinates": [10.39752, 36.03503]}, "properties": {"record_id": "oai:u-bordeaux-montaigne.fr:340467", "symbol_class": "building", "pixel_x": 6054.5, "pixel_y": 2599.8, "easting": 544771.8, "northing": 303831.9, "epsg_source": 22391}}, {"type": "Feature", "geometry": {"type": "Point", "coordinates": [10.24911, 36.04476]}, "properties": {"record_id": "oai:u-bordeaux-montaigne.fr:340467", "symbol_class": "building", "pixel_x": 2961.3, "pixel_y": 2594.0, "easting": 531397.4, "northing": 304852.9, "epsg_source": 22391}}, {"type": "Feature", "geometry": {"type": "Point", "coordinates": [10.41494, 36.03412]}, "properties": {"record_id": "oai:u-bordeaux-montaigne.fr:340467", "symbol_class": "building", "pixel_x": 6417.1, "pixel_y": 2594.1, "easting": 546341.8, "northing": 303739.2, "epsg_source": 22391}}, {"type": "Feature", "geometry": {"type": "Point", "coordinates": [10.16397, 36.05001]}, "properties": {"record_id": "oai:u-bordeaux-montaigne.fr:340467", "symbol_class": "building", "pixel_x": 1187.8, "pixel_y": 2597.0, "easting": 523726.7, "northing": 305411.7, "epsg_source": 22391}}, {"type": "Feature", "geometry": {"type": "Point", "coordinates": [10.16293, 36.04997]}, "properties": {"record_id": "oai:u-bordeaux-montaigne.fr:340467", "symbol_class": "building", "pixel_x": 1166.2, "pixel_y": 2599.9, "easting": 523632.6, "northing": 305406.5, "epsg_source": 22391}}, {"type": "Feature", "geometry": {"type": "Point", "coordinates": [10.41632, 36.0337]}, "properties": {"record_id": "oai:u-bordeaux-montaigne.fr:340467", "symbol_class": "building", "pixel_x": 6446.4, "pixel_y": 2602.7, "easting": 546465.9, "northing": 303693.2, "epsg_source": 22391}}, {"type": "Feature", "geometry": {"type": "Point", "coordinates": [10.16316, 36.04974]}, "properties": {"record_id": "oai:u-bordeaux-montaigne.fr:340467", "symbol_class": "building", "pixel_x": 1171.6, "pixel_y": 2605.4, "easting": 523654.0, "northing": 305381.2, "epsg_source": 22391}}, {"type": "Feature", "geometry": {"type": "Point", "coordinates": [10.32072, 36.03972]}, "properties": {"record_id": "oai:u-bordeaux-montaigne.fr:340467", "symbol_class": "building", "pixel_x": 4454.5, "pixel_y": 2606.4, "easting": 537850.4, "northing": 304319.4, "epsg_source": 22391}}, {"type": "Feature", "geometry": {"type": "Point", "coordinates": [10.16402, 36.04967]}, "properties": {"record_id": "oai:u-bordeaux-montaigne.fr:340467", "symbol_class": "building", "pixel_x": 1189.5, "pixel_y": 2605.8, "easting": 523731.2, "northing": 305373.8, "epsg_source": 22391}}, {"type": "Feature", "geometry": {"type": "Point", "coordinates": [10.24885, 36.04424]}, "properties": {"record_id": "oai:u-bordeaux-montaigne.fr:340467", "symbol_class": "building", "pixel_x": 2957.1, "pixel_y": 2607.8, "easting": 531374.4, "northing": 304796.0, "epsg_source": 22391}}, {"type": "Feature", "geometry": {"type": "Point", "coordinates": [10.31039, 36.0401]}, "properties": {"record_id": "oai:u-bordeaux-montaigne.fr:340467", "symbol_class": "building", "pixel_x": 4239.8, "pixel_y": 2613.7, "easting": 536919.6, "northing": 304357.6, "epsg_source": 22391}}, {"type": "Feature", "geometry": {"type": "Point", "coordinates": [10.16353, 36.04941]}, "properties": {"record_id": "oai:u-bordeaux-montaigne.fr:340467", "symbol_class": "building", "pixel_x": 1179.8, "pixel_y": 2613.4, "easting": 523686.8, "northing": 305344.8, "epsg_source": 22391}}, {"type": "Feature", "geometry": {"type": "Point", "coordinates": [10.39652, 36.03436]}, "properties": {"record_id": "oai:u-bordeaux-montaigne.fr:340467", "symbol_class": "building", "pixel_x": 6035.0, "pixel_y": 2618.8, "easting": 544681.5, "northing": 303757.9, "epsg_source": 22391}}, {"type": "Feature", "geometry": {"type": "Point", "coordinates": [10.15614, 36.04963]}, "properties": {"record_id": "oai:u-bordeaux-montaigne.fr:340467", "symbol_class": "building", "pixel_x": 1026.5, "pixel_y": 2619.7, "easting": 523021.7, "northing": 305367.5, "epsg_source": 22391}}, {"type": "Feature", "geometry": {"type": "Point", "coordinates": [10.39735, 36.03431]}, "properties": {"record_id": "oai:u-bordeaux-montaigne.fr:340467", "symbol_class": "building", "pixel_x": 6052.4, "pixel_y": 2618.8, "easting": 544756.4, "northing": 303752.2, "epsg_source": 22391}}, {"type": "Feature", "geometry": {"type": "Point", "coordinates": [10.39691, 36.03427]}, "properties": {"record_id": "oai:u-bordeaux-montaigne.fr:340467", "symbol_class": "building", "pixel_x": 6043.5, "pixel_y": 2620.5, "easting": 544717.3, "northing": 303748.0, "epsg_source": 22391}}, {"type": "Feature", "geometry": {"type": "Point", "coordinates": [10.39626, 36.0343]}, "properties": {"record_id": "oai:u-bordeaux-montaigne.fr:340467", "symbol_class": "building", "pixel_x": 6029.9, "pixel_y": 2620.8, "easting": 544658.7, "northing": 303751.2, "epsg_source": 22391}}, {"type": "Feature", "geometry": {"type": "Point", "coordinates": [10.16479, 36.04889]}, "properties": {"record_id": "oai:u-bordeaux-montaigne.fr:340467", "symbol_class": "building", "pixel_x": 1207.0, "pixel_y": 2624.9, "easting": 523800.4, "northing": 305287.6, "epsg_source": 22391}}, {"type": "Feature", "geometry": {"type": "Point", "coordinates": [10.24872, 36.04344]}, "properties": {"record_id": "oai:u-bordeaux-montaigne.fr:340467", "symbol_class": "building", "pixel_x": 2956.1, "pixel_y": 2628.9, "easting": 531363.0, "northing": 304707.2, "epsg_source": 22391}}, {"type": "Feature", "geometry": {"type": "Point", "coordinates": [10.41683, 36.03245]}, "properties": {"record_id": "oai:u-bordeaux-montaigne.fr:340467", "symbol_class": "building", "pixel_x": 6459.7, "pixel_y": 2634.4, "easting": 546512.5, "northing": 303555.0, "epsg_source": 22391}}, {"type": "Feature", "geometry": {"type": "Point", "coordinates": [10.18294, 36.0474]}, "properties": {"record_id": "oai:u-bordeaux-montaigne.fr:340467", "symbol_class": "building", "pixel_x": 1585.9, "pixel_y": 2634.1, "easting": 525435.8, "northing": 305126.5, "epsg_source": 22391}}, {"type": "Feature", "geometry": {"type": "Point", "coordinates": [10.16558, 36.04806]}, "properties": {"record_id": "oai:u-bordeaux-montaigne.fr:340467", "symbol_class": "building", "pixel_x": 1225.1, "pixel_y": 2645.3, "easting": 523871.9, "northing": 305195.5, "epsg_source": 22391}}, {"type": "Feature", "geometry": {"type": "Point", "coordinates": [10.41811, 36.03193]}, "properties": {"record_id": "oai:u-bordeaux-montaigne.fr:340467", "symbol_class": "building", "pixel_x": 6487.4, "pixel_y": 2645.7, "easting": 546628.5, "northing": 303498.3, "epsg_source": 22391}}, {"type": "Feature", "geometry": {"type": "Point", "coordinates": [10.25021, 36.04253]}, "properties": {"record_id": "oai:u-bordeaux-montaigne.fr:340467", "symbol_class": "building", "pixel_x": 2988.8, "pixel_y": 2650.3, "easting": 531497.5, "northing": 304606.0, "epsg_source": 22391}}, {"type": "Feature", "geometry": {"type": "Point", "coordinates": [10.33228, 36.03723]}, "properties": {"record_id": "oai:u-bordeaux-montaigne.fr:340467", "symbol_class": "building", "pixel_x": 4699.1, "pixel_y": 2651.8, "easting": 538892.9, "northing": 304048.5, "epsg_source": 22391}}, {"type": "Feature", "geometry": {"type": "Point", "coordinates": [10.15684, 36.04811]}, "properties": {"record_id": "oai:u-bordeaux-montaigne.fr:340467", "symbol_class": "building", "pixel_x": 1044.0, "pixel_y": 2658.2, "easting": 523084.5, "northing": 305199.1, "epsg_source": 22391}}, {"type": "Feature", "geometry": {"type": "Point", "coordinates": [10.2498, 36.04225]}, "properties": {"record_id": "oai:u-bordeaux-montaigne.fr:340467", "symbol_class": "building", "pixel_x": 2980.9, "pixel_y": 2658.2, "easting": 531460.7, "northing": 304575.3, "epsg_source": 22391}}, {"type": "Feature", "geometry": {"type": "Point", "coordinates": [10.41673, 36.03148]}, "properties": {"record_id": "oai:u-bordeaux-montaigne.fr:340467", "symbol_class": "building", "pixel_x": 6459.7, "pixel_y": 2659.8, "easting": 546504.3, "northing": 303447.7, "epsg_source": 22391}}, {"type": "Feature", "geometry": {"type": "Point", "coordinates": [10.25079, 36.042]}, "properties": {"record_id": "oai:u-bordeaux-montaigne.fr:340467", "symbol_class": "building", "pixel_x": 3001.9, "pixel_y": 2663.2, "easting": 531549.8, "northing": 304547.4, "epsg_source": 22391}}, {"type": "Feature", "geometry": {"type": "Point", "coordinates": [10.15619, 36.04787]}, "properties": {"record_id": "oai:u-bordeaux-montaigne.fr:340467", "symbol_class": "building", "pixel_x": 1031.1, "pixel_y": 2665.4, "easting": 523026.3, "northing": 305172.8, "epsg_source": 22391}}, {"type": "Feature", "geometry": {"type": "Point", "coordinates": [10.33049, 36.03668]}, "properties": {"record_id": "oai:u-bordeaux-montaigne.fr:340467", "symbol_class": "building", "pixel_x": 4663.3, "pixel_y": 2669.1, "easting": 538732.4, "northing": 303987.0, "epsg_source": 22391}}, {"type": "Feature", "geometry": {"type": "Point", "coordinates": [10.157, 36.0476]}, "properties": {"record_id": "oai:u-bordeaux-montaigne.fr:340467", "symbol_class": "building", "pixel_x": 1048.6, "pixel_y": 2671.2, "easting": 523099.9, "northing": 305142.8, "epsg_source": 22391}}, {"type": "Feature", "geometry": {"type": "Point", "coordinates": [10.20545, 36.0445]}, "properties": {"record_id": "oai:u-bordeaux-montaigne.fr:340467", "symbol_class": "building", "pixel_x": 2058.1, "pixel_y": 2672.7, "easting": 527465.0, "northing": 304811.4, "epsg_source": 22391}}, {"type": "Feature", "geometry": {"type": "Point", "coordinates": [10.25035, 36.04161]}, "properties": {"record_id": "oai:u-bordeaux-montaigne.fr:340467", "symbol_class": "building", "pixel_x": 2993.8, "pixel_y": 2673.9, "easting": 531510.9, "northing": 304504.5, "epsg_source": 22391}}, {"type": "Feature", "geometry": {"type": "Point", "coordinates": [10.39813, 36.03175]}, "properties": {"record_id": "oai:u-bordeaux-montaigne.fr:340467", "symbol_class": "building", "pixel_x": 6074.0, "pixel_y": 2684.2, "easting": 544828.0, "northing": 303468.8, "epsg_source": 22391}}, {"type": "Feature", "geometry": {"type": "Point", "coordinates": [10.17794, 36.04588]}, "properties": {"record_id": "oai:u-bordeaux-montaigne.fr:340467", "symbol_class": "building", "pixel_x": 1485.7, "pixel_y": 2681.8, "easting": 524986.5, "northing": 304957.4, "epsg_source": 22391}}, {"type": "Feature", "geometry": {"type": "Point", "coordinates": [10.42068, 36.03032]}, "properties": {"record_id": "oai:u-bordeaux-montaigne.fr:340467", "symbol_class": "building", "pixel_x": 6544.0, "pixel_y": 2683.2, "easting": 546861.1, "northing": 303321.3, "epsg_source": 22391}}, {"type": "Feature", "geometry": {"type": "Point", "coordinates": [10.33162, 36.03571]}, "properties": {"record_id": "oai:u-bordeaux-montaigne.fr:340467", "symbol_class": "building", "pixel_x": 4688.7, "pixel_y": 2692.6, "easting": 538834.6, "northing": 303879.3, "epsg_source": 22391}}, {"type": "Feature", "geometry": {"type": "Point", "coordinates": [10.30331, 36.03742]}, "properties": {"record_id": "oai:u-bordeaux-montaigne.fr:340467", "symbol_class": "building", "pixel_x": 4099.0, "pixel_y": 2695.4, "easting": 536283.6, "northing": 304057.6, "epsg_source": 22391}}, {"type": "Feature", "geometry": {"type": "Point", "coordinates": [10.15971, 36.04628]}, "properties": {"record_id": "oai:u-bordeaux-montaigne.fr:340467", "symbol_class": "building", "pixel_x": 1107.3, "pixel_y": 2701.2, "easting": 523343.9, "northing": 304996.9, "epsg_source": 22391}}, {"type": "Feature", "geometry": {"type": "Point", "coordinates": [10.26889, 36.03933]}, "properties": {"record_id": "oai:u-bordeaux-montaigne.fr:340467", "symbol_class": "building", "pixel_x": 3382.4, "pixel_y": 2702.6, "easting": 533182.0, "northing": 304258.1, "epsg_source": 22391}}, {"type": "Feature", "geometry": {"type": "Point", "coordinates": [10.24676, 36.04054]}, "properties": {"record_id": "oai:u-bordeaux-montaigne.fr:340467", "symbol_class": "building", "pixel_x": 2921.5, "pixel_y": 2707.7, "easting": 531187.1, "northing": 304385.0, "epsg_source": 22391}}, {"type": "Feature", "geometry": {"type": "Point", "coordinates": [10.26922, 36.03922]}, "properties": {"record_id": "oai:u-bordeaux-montaigne.fr:340467", "symbol_class": "building", "pixel_x": 3389.4, "pixel_y": 2705.1, "easting": 533211.4, "northing": 304245.5, "epsg_source": 22391}}, {"type": "Feature", "geometry": {"type": "Point", "coordinates": [10.30337, 36.037]}, "properties": {"record_id": "oai:u-bordeaux-montaigne.fr:340467", "symbol_class": "building", "pixel_x": 4101.1, "pixel_y": 2706.0, "easting": 536289.0, "northing": 304012.0, "epsg_source": 22391}}, {"type": "Feature", "geometry": {"type": "Point", "coordinates": [10.26884, 36.03885]}, "properties": {"record_id": "oai:u-bordeaux-montaigne.fr:340467", "symbol_class": "building", "pixel_x": 3382.3, "pixel_y": 2715.2, "easting": 533177.5, "northing": 304204.9, "epsg_source": 22391}}, {"type": "Feature", "geometry": {"type": "Point", "coordinates": [10.26939, 36.03886]}, "properties": {"record_id": "oai:u-bordeaux-montaigne.fr:340467", "symbol_class": "building", "pixel_x": 3393.7, "pixel_y": 2714.1, "easting": 533227.1, "northing": 304205.9, "epsg_source": 22391}}, {"type": "Feature", "geometry": {"type": "Point", "coordinates": [10.32796, 36.03437]}, "properties": {"record_id": "oai:u-bordeaux-montaigne.fr:340467", "symbol_class": "building", "pixel_x": 4615.7, "pixel_y": 2733.8, "easting": 538504.9, "northing": 303728.8, "epsg_source": 22391}}, {"type": "Feature", "geometry": {"type": "Point", "coordinates": [10.24552, 36.03948]}, "properties": {"record_id": "oai:u-bordeaux-montaigne.fr:340467", "symbol_class": "building", "pixel_x": 2898.2, "pixel_y": 2737.5, "easting": 531076.5, "northing": 304266.5, "epsg_source": 22391}}, {"type": "Feature", "geometry": {"type": "Point", "coordinates": [10.17654, 36.04365]}, "properties": {"record_id": "oai:u-bordeaux-montaigne.fr:340467", "symbol_class": "building", "pixel_x": 1461.3, "pixel_y": 2742.3, "easting": 524861.0, "northing": 304709.1, "epsg_source": 22391}}, {"type": "Feature", "geometry": {"type": "Point", "coordinates": [10.24594, 36.03905]}, "properties": {"record_id": "oai:u-bordeaux-montaigne.fr:340467", "symbol_class": "building", "pixel_x": 2907.7, "pixel_y": 2747.9, "easting": 531113.9, "northing": 304219.5, "epsg_source": 22391}}, {"type": "Feature", "geometry": {"type": "Point", "coordinates": [10.31799, 36.03437]}, "properties": {"record_id": "oai:u-bordeaux-montaigne.fr:340467", "symbol_class": "building", "pixel_x": 4409.3, "pixel_y": 2750.3, "easting": 537607.0, "northing": 303725.7, "epsg_source": 22391}}, {"type": "Feature", "geometry": {"type": "Point", "coordinates": [10.37508, 36.03058]}, "properties": {"record_id": "oai:u-bordeaux-montaigne.fr:340467", "symbol_class": "building", "pixel_x": 5599.4, "pixel_y": 2753.6, "easting": 542752.6, "northing": 303328.3, "epsg_source": 22391}}, {"type": "Feature", "geometry": {"type": "Point", "coordinates": [10.37559, 36.03055]}, "properties": {"record_id": "oai:u-bordeaux-montaigne.fr:340467", "symbol_class": "building", "pixel_x": 5610.0, "pixel_y": 2753.3, "easting": 542798.4, "northing": 303325.9, "epsg_source": 22391}}, {"type": "Feature", "geometry": {"type": "Point", "coordinates": [10.48066, 36.02315]}, "properties": {"record_id": "oai:u-bordeaux-montaigne.fr:340467", "symbol_class": "building", "pixel_x": 7801.1, "pixel_y": 2768.4, "easting": 552269.0, "northing": 302556.3, "epsg_source": 22391}}, {"type": "Feature", "geometry": {"type": "Point", "coordinates": [10.2084, 36.04069]}, "properties": {"record_id": "oai:u-bordeaux-montaigne.fr:340467", "symbol_class": "building", "pixel_x": 2127.1, "pixel_y": 2767.1, "easting": 527731.7, "northing": 304389.9, "epsg_source": 22391}}, {"type": "Feature", "geometry": {"type": "Point", "coordinates": [10.17576, 36.04263]}, "properties": {"record_id": "oai:u-bordeaux-montaigne.fr:340467", "symbol_class": "building", "pixel_x": 1447.3, "pixel_y": 2770.0, "easting": 524791.1, "northing": 304596.5, "epsg_source": 22391}}, {"type": "Feature", "geometry": {"type": "Point", "coordinates": [10.3174, 36.03339]}, "properties": {"record_id": "oai:u-bordeaux-montaigne.fr:340467", "symbol_class": "building", "pixel_x": 4399.1, "pixel_y": 2776.9, "easting": 537554.0, "northing": 303616.4, "epsg_source": 22391}}, {"type": "Feature", "geometry": {"type": "Point", "coordinates": [10.37291, 36.02987]}, "properties": {"record_id": "oai:u-bordeaux-montaigne.fr:340467", "symbol_class": "building", "pixel_x": 5555.9, "pixel_y": 2775.7, "easting": 542556.9, "northing": 303249.0, "epsg_source": 22391}}, {"type": "Feature", "geometry": {"type": "Point", "coordinates": [10.20809, 36.04026]}, "properties": {"record_id": "oai:u-bordeaux-montaigne.fr:340467", "symbol_class": "building", "pixel_x": 2121.5, "pixel_y": 2778.8, "easting": 527703.6, "northing": 304342.0, "epsg_source": 22391}}, {"type": "Feature", "geometry": {"type": "Point", "coordinates": [10.30378, 36.03395]}, "properties": {"record_id": "oai:u-bordeaux-montaigne.fr:340467", "symbol_class": "building", "pixel_x": 4116.1, "pixel_y": 2784.9, "easting": 536327.3, "northing": 303673.6, "epsg_source": 22391}}, {"type": "Feature", "geometry": {"type": "Point", "coordinates": [10.37017, 36.02997]}, "properties": {"record_id": "oai:u-bordeaux-montaigne.fr:340467", "symbol_class": "building", "pixel_x": 5498.9, "pixel_y": 2777.8, "easting": 542310.0, "northing": 303258.3, "epsg_source": 22391}}, {"type": "Feature", "geometry": {"type": "Point", "coordinates": [10.37453, 36.02955]}, "properties": {"record_id": "oai:u-bordeaux-montaigne.fr:340467", "symbol_class": "building", "pixel_x": 5590.3, "pixel_y": 2781.2, "easting": 542703.8, "northing": 303214.3, "epsg_source": 22391}}, {"type": "Feature", "geometry": {"type": "Point", "coordinates": [10.31763, 36.03292]}, "properties": {"record_id": "oai:u-bordeaux-montaigne.fr:340467", "symbol_class": "building", "pixel_x": 4405.0, "pixel_y": 2788.7, "easting": 537575.5, "northing": 303564.6, "epsg_source": 22391}}, {"type": "Feature", "geometry": {"type": "Point", "coordinates": [10.37445, 36.02916]}, "properties": {"record_id": "oai:u-bordeaux-montaigne.fr:340467", "symbol_class": "building", "pixel_x": 5589.4, "pixel_y": 2791.6, "easting": 542696.4, "northing": 303170.9, "epsg_source": 22391}}, {"type": "Feature", "geometry": {"type": "Point", "coordinates": [10.49855, 36.02101]}, "properties": {"record_id": "oai:u-bordeaux-montaigne.fr:340467", "symbol_class": "building", "pixel_x": 8176.3, "pixel_y": 2793.7, "easting": 553882.8, "northing": 302328.4, "epsg_source": 22391}}, {"type": "Feature", "geometry": {"type": "Point", "coordinates": [10.3063, 36.03337]}, "properties": {"record_id": "oai:u-bordeaux-montaigne.fr:340467", "symbol_class": "building", "pixel_x": 4169.3, "pixel_y": 2795.9, "easting": 536553.9, "northing": 303610.2, "epsg_source": 22391}}, {"type": "Feature", "geometry": {"type": "Point", "coordinates": [10.30851, 36.03329]}, "properties": {"record_id": "oai:u-bordeaux-montaigne.fr:340467", "symbol_class": "building", "pixel_x": 4215.4, "pixel_y": 2794.4, "easting": 536753.5, "northing": 303601.6, "epsg_source": 22391}}, {"type": "Feature", "geometry": {"type": "Point", "coordinates": [10.30592, 36.03334]}, "properties": {"record_id": "oai:u-bordeaux-montaigne.fr:340467", "symbol_class": "building", "pixel_x": 4161.6, "pixel_y": 2797.2, "easting": 536520.0, "northing": 303607.0, "epsg_source": 22391}}, {"type": "Feature", "geometry": {"type": "Point", "coordinates": [10.30713, 36.03325]}, "properties": {"record_id": "oai:u-bordeaux-montaigne.fr:340467", "symbol_class": "building", "pixel_x": 4186.8, "pixel_y": 2797.7, "easting": 536629.1, "northing": 303596.7, "epsg_source": 22391}}, {"type": "Feature", "geometry": {"type": "Point", "coordinates": [10.18874, 36.04061]}, "properties": {"record_id": "oai:u-bordeaux-montaigne.fr:340467", "symbol_class": "building", "pixel_x": 1720.1, "pixel_y": 2801.5, "easting": 525960.5, "northing": 304375.4, "epsg_source": 22391}}, {"type": "Feature", "geometry": {"type": "Point", "coordinates": [10.372, 36.02874]}, "properties": {"record_id": "oai:u-bordeaux-montaigne.fr:340467", "symbol_class": "building", "pixel_x": 5539.5, "pixel_y": 2806.7, "easting": 542475.7, "northing": 303123.0, "epsg_source": 22391}}, {"type": "Feature", "geometry": {"type": "Point", "coordinates": [10.17465, 36.04098]}, "properties": {"record_id": "oai:u-bordeaux-montaigne.fr:340467", "symbol_class": "building", "pixel_x": 1427.7, "pixel_y": 2815.1, "easting": 524691.1, "northing": 304412.2, "epsg_source": 22391}}, {"type": "Feature", "geometry": {"type": "Point", "coordinates": [10.18555, 36.04017]}, "properties": {"record_id": "oai:u-bordeaux-montaigne.fr:340467", "symbol_class": "building", "pixel_x": 1655.0, "pixel_y": 2818.4, "easting": 525673.2, "northing": 304325.2, "epsg_source": 22391}}, {"type": "Feature", "geometry": {"type": "Point", "coordinates": [10.37718, 36.02791]}, "properties": {"record_id": "oai:u-bordeaux-montaigne.fr:340467", "symbol_class": "building", "pixel_x": 5648.6, "pixel_y": 2819.5, "easting": 542943.2, "northing": 303033.7, "epsg_source": 22391}}, {"type": "Feature", "geometry": {"type": "Point", "coordinates": [10.3778, 36.02743]}, "properties": {"record_id": "oai:u-bordeaux-montaigne.fr:340467", "symbol_class": "building", "pixel_x": 5662.4, "pixel_y": 2831.0, "easting": 542999.2, "northing": 302980.8, "epsg_source": 22391}}, {"type": "Feature", "geometry": {"type": "Point", "coordinates": [10.17044, 36.04039]}, "properties": {"record_id": "oai:u-bordeaux-montaigne.fr:340467", "symbol_class": "building", "pixel_x": 1341.9, "pixel_y": 2837.3, "easting": 524312.7, "northing": 304345.9, "epsg_source": 22391}}, {"type": "Feature", "geometry": {"type": "Point", "coordinates": [10.37751, 36.02712]}, "properties": {"record_id": "oai:u-bordeaux-montaigne.fr:340467", "symbol_class": "building", "pixel_x": 5657.1, "pixel_y": 2839.7, "easting": 542973.2, "northing": 302945.8, "epsg_source": 22391}}, {"type": "Feature", "geometry": {"type": "Point", "coordinates": [10.37852, 36.02703]}, "properties": {"record_id": "oai:u-bordeaux-montaigne.fr:340467", "symbol_class": "building", "pixel_x": 5678.3, "pixel_y": 2840.4, "easting": 543064.6, "northing": 302935.8, "epsg_source": 22391}}, {"type": "Feature", "geometry": {"type": "Point", "coordinates": [10.47771, 36.02033]}, "properties": {"record_id": "oai:u-bordeaux-montaigne.fr:340467", "symbol_class": "building", "pixel_x": 7746.2, "pixel_y": 2847.1, "easting": 552005.2, "northing": 302241.1, "epsg_source": 22391}}, {"type": "Feature", "geometry": {"type": "Point", "coordinates": [10.19495, 36.03832]}, "properties": {"record_id": "oai:u-bordeaux-montaigne.fr:340467", "symbol_class": "building", "pixel_x": 1853.6, "pixel_y": 2851.0, "easting": 526521.1, "northing": 304123.4, "epsg_source": 22391}}, {"type": "Feature", "geometry": {"type": "Point", "coordinates": [10.33457, 36.02949]}, "properties": {"record_id": "oai:u-bordeaux-montaigne.fr:340467", "symbol_class": "building", "pixel_x": 4762.9, "pixel_y": 2849.9, "easting": 539103.0, "northing": 303190.8, "epsg_source": 22391}}, {"type": "Feature", "geometry": {"type": "Point", "coordinates": [10.35728, 36.0279]}, "properties": {"record_id": "oai:u-bordeaux-montaigne.fr:340467", "symbol_class": "building", "pixel_x": 5236.6, "pixel_y": 2853.4, "easting": 541150.2, "northing": 303023.2, "epsg_source": 22391}}, {"type": "Feature", "geometry": {"type": "Point", "coordinates": [10.3356, 36.0291]}, "properties": {"record_id": "oai:u-bordeaux-montaigne.fr:340467", "symbol_class": "building", "pixel_x": 4785.1, "pixel_y": 2858.4, "easting": 539195.9, "northing": 303147.4, "epsg_source": 22391}}, {"type": "Feature", "geometry": {"type": "Point", "coordinates": [10.33439, 36.02908]}, "properties": {"record_id": "oai:u-bordeaux-montaigne.fr:340467", "symbol_class": "building", "pixel_x": 4760.1, "pixel_y": 2860.9, "easting": 539086.9, "northing": 303144.9, "epsg_source": 22391}}, {"type": "Feature", "geometry": {"type": "Point", "coordinates": [10.3362, 36.02896]}, "properties": {"record_id": "oai:u-bordeaux-montaigne.fr:340467", "symbol_class": "building", "pixel_x": 4797.8, "pixel_y": 2860.9, "easting": 539250.0, "northing": 303132.9, "epsg_source": 22391}}, {"type": "Feature", "geometry": {"type": "Point", "coordinates": [10.18443, 36.03843]}, "properties": {"record_id": "oai:u-bordeaux-montaigne.fr:340467", "symbol_class": "building", "pixel_x": 1635.5, "pixel_y": 2865.5, "easting": 525573.3, "northing": 304132.4, "epsg_source": 22391}}, {"type": "Feature", "geometry": {"type": "Point", "coordinates": [10.3574, 36.0275]}, "properties": {"record_id": "oai:u-bordeaux-montaigne.fr:340467", "symbol_class": "building", "pixel_x": 5239.8, "pixel_y": 2863.4, "easting": 541160.7, "northing": 302979.9, "epsg_source": 22391}}, {"type": "Feature", "geometry": {"type": "Point", "coordinates": [10.19046, 36.03803]}, "properties": {"record_id": "oai:u-bordeaux-montaigne.fr:340467", "symbol_class": "building", "pixel_x": 1761.3, "pixel_y": 2866.0, "easting": 526117.0, "northing": 304089.6, "epsg_source": 22391}}, {"type": "Feature", "geometry": {"type": "Point", "coordinates": [10.30367, 36.03065]}, "properties": {"record_id": "oai:u-bordeaux-montaigne.fr:340467", "symbol_class": "building", "pixel_x": 4120.7, "pixel_y": 2871.3, "easting": 536318.4, "northing": 303307.1, "epsg_source": 22391}}, {"type": "Feature", "geometry": {"type": "Point", "coordinates": [10.196, 36.03746]}, "properties": {"record_id": "oai:u-bordeaux-montaigne.fr:340467", "symbol_class": "building", "pixel_x": 1877.1, "pixel_y": 2871.8, "easting": 526615.9, "northing": 304027.6, "epsg_source": 22391}}, {"type": "Feature", "geometry": {"type": "Point", "coordinates": [10.37772, 36.02575]}, "properties": {"record_id": "oai:u-bordeaux-montaigne.fr:340467", "symbol_class": "building", "pixel_x": 5664.3, "pixel_y": 2874.9, "easting": 542992.8, "northing": 302794.5, "epsg_source": 22391}}, {"type": "Feature", "geometry": {"type": "Point", "coordinates": [10.37813, 36.02562]}, "properties": {"record_id": "oai:u-bordeaux-montaigne.fr:340467", "symbol_class": "building", "pixel_x": 5673.1, "pixel_y": 2877.8, "easting": 543029.9, "northing": 302779.5, "epsg_source": 22391}}, {"type": "Feature", "geometry": {"type": "Point", "coordinates": [10.48234, 36.01873]}, "properties": {"record_id": "oai:u-bordeaux-montaigne.fr:340467", "symbol_class": "building", "pixel_x": 7845.6, "pixel_y": 2880.9, "easting": 552423.7, "northing": 302066.1, "epsg_source": 22391}}, {"type": "Feature", "geometry": {"type": "Point", "coordinates": [10.21679, 36.03568]}, "properties": {"record_id": "oai:u-bordeaux-montaigne.fr:340467", "symbol_class": "building", "pixel_x": 2311.4, "pixel_y": 2884.1, "easting": 528489.8, "northing": 303836.0, "epsg_source": 22391}}, {"type": "Feature", "geometry": {"type": "Point", "coordinates": [10.46884, 36.01935]}, "properties": {"record_id": "oai:u-bordeaux-montaigne.fr:340467", "symbol_class": "building", "pixel_x": 7564.7, "pixel_y": 2887.6, "easting": 551206.8, "northing": 302128.5, "epsg_source": 22391}}, {"type": "Feature", "geometry": {"type": "Point", "coordinates": [10.3227, 36.02839]}, "properties": {"record_id": "oai:u-bordeaux-montaigne.fr:340467", "symbol_class": "building", "pixel_x": 4519.6, "pixel_y": 2898.3, "easting": 538034.6, "northing": 303064.4, "epsg_source": 22391}}, {"type": "Feature", "geometry": {"type": "Point", "coordinates": [10.37755, 36.02458]}, "properties": {"record_id": "oai:u-bordeaux-montaigne.fr:340467", "symbol_class": "building", "pixel_x": 5663.4, "pixel_y": 2905.7, "easting": 542978.6, "northing": 302664.6, "epsg_source": 22391}}, {"type": "Feature", "geometry": {"type": "Point", "coordinates": [10.36626, 36.0253]}, "properties": {"record_id": "oai:u-bordeaux-montaigne.fr:340467", "symbol_class": "building", "pixel_x": 5428.0, "pixel_y": 2906.0, "easting": 541960.3, "northing": 302739.1, "epsg_source": 22391}}, {"type": "Feature", "geometry": {"type": "Point", "coordinates": [10.37686, 36.02456]}, "properties": {"record_id": "oai:u-bordeaux-montaigne.fr:340467", "symbol_class": "building", "pixel_x": 5649.1, "pixel_y": 2907.5, "easting": 542916.0, "northing": 302661.4, "epsg_source": 22391}}, {"type": "Feature", "geometry": {"type": "Point", "coordinates": [10.37805, 36.02424]}, "properties": {"record_id": "oai:u-bordeaux-montaigne.fr:340467", "symbol_class": "building", "pixel_x": 5674.5, "pixel_y": 2913.8, "easting": 543023.7, "northing": 302626.7, "epsg_source": 22391}}, {"type": "Feature", "geometry": {"type": "Point", "coordinates": [10.3679, 36.02477]}, "properties": {"record_id": "oai:u-bordeaux-montaigne.fr:340467", "symbol_class": "building", "pixel_x": 5463.1, "pixel_y": 2916.9, "easting": 542108.6, "northing": 302681.6, "epsg_source": 22391}}, {"type": "Feature", "geometry": {"type": "Point", "coordinates": [10.37698, 36.02405]}, "properties": {"record_id": "oai:u-bordeaux-montaigne.fr:340467", "symbol_class": "building", "pixel_x": 5652.6, "pixel_y": 2920.7, "easting": 542926.8, "northing": 302604.7, "epsg_source": 22391}}, {"type": "Feature", "geometry": {"type": "Point", "coordinates": [10.37533, 36.0241]}, "properties": {"record_id": "oai:u-bordeaux-montaigne.fr:340467", "symbol_class": "building", "pixel_x": 5618.4, "pixel_y": 2921.9, "easting": 542778.4, "northing": 302610.4, "epsg_source": 22391}}, {"type": "Feature", "geometry": {"type": "Point", "coordinates": [10.37494, 36.02406]}, "properties": {"record_id": "oai:u-bordeaux-montaigne.fr:340467", "symbol_class": "building", "pixel_x": 5610.5, "pixel_y": 2923.7, "easting": 542743.5, "northing": 302605.4, "epsg_source": 22391}}, {"type": "Feature", "geometry": {"type": "Point", "coordinates": [10.37599, 36.02374]}, "properties": {"record_id": "oai:u-bordeaux-montaigne.fr:340467", "symbol_class": "building", "pixel_x": 5632.9, "pixel_y": 2930.4, "easting": 542838.5, "northing": 302570.1, "epsg_source": 22391}}, {"type": "Feature", "geometry": {"type": "Point", "coordinates": [10.37722, 36.02359]}, "properties": {"record_id": "oai:u-bordeaux-montaigne.fr:340467", "symbol_class": "building", "pixel_x": 5658.7, "pixel_y": 2932.0, "easting": 542949.3, "northing": 302554.7, "epsg_source": 22391}}, {"type": "Feature", "geometry": {"type": "Point", "coordinates": [10.37352, 36.02378]}, "properties": {"record_id": "oai:u-bordeaux-montaigne.fr:340467", "symbol_class": "building", "pixel_x": 5581.7, "pixel_y": 2933.5, "easting": 542615.7, "northing": 302573.4, "epsg_source": 22391}}, {"type": "Feature", "geometry": {"type": "Point", "coordinates": [10.36866, 36.02392]}, "properties": {"record_id": "oai:u-bordeaux-montaigne.fr:340467", "symbol_class": "building", "pixel_x": 5480.6, "pixel_y": 2937.8, "easting": 542177.1, "northing": 302587.6, "epsg_source": 22391}}, {"type": "Feature", "geometry": {"type": "Point", "coordinates": [10.37681, 36.02338]}, "properties": {"record_id": "oai:u-bordeaux-montaigne.fr:340467", "symbol_class": "building", "pixel_x": 5650.5, "pixel_y": 2938.2, "easting": 542911.9, "northing": 302531.3, "epsg_source": 22391}}, {"type": "Feature", "geometry": {"type": "Point", "coordinates": [10.38222, 36.02276]}, "properties": {"record_id": "oai:u-bordeaux-montaigne.fr:340467", "symbol_class": "building", "pixel_x": 5764.0, "pixel_y": 2945.4, "easting": 543400.3, "northing": 302464.5, "epsg_source": 22391}}, {"type": "Feature", "geometry": {"type": "Point", "coordinates": [10.37737, 36.02311]}, "properties": {"record_id": "oai:u-bordeaux-montaigne.fr:340467", "symbol_class": "building", "pixel_x": 5662.9, "pixel_y": 2944.4, "easting": 542963.1, "northing": 302501.0, "epsg_source": 22391}}, {"type": "Feature", "geometry": {"type": "Point", "coordinates": [10.41434, 36.02072]}, "properties": {"record_id": "oai:u-bordeaux-montaigne.fr:340467", "symbol_class": "building", "pixel_x": 6433.3, "pixel_y": 2944.4, "easting": 546294.9, "northing": 302253.1, "epsg_source": 22391}}, {"type": "Feature", "geometry": {"type": "Point", "coordinates": [10.38291, 36.02259]}, "properties": {"record_id": "oai:u-bordeaux-montaigne.fr:340467", "symbol_class": "building", "pixel_x": 5778.7, "pixel_y": 2948.7, "easting": 543462.6, "northing": 302445.7, "epsg_source": 22391}}, {"type": "Feature", "geometry": {"type": "Point", "coordinates": [10.37826, 36.02285]}, "properties": {"record_id": "oai:u-bordeaux-montaigne.fr:340467", "symbol_class": "building", "pixel_x": 5681.7, "pixel_y": 2949.7, "easting": 543042.7, "northing": 302472.8, "epsg_source": 22391}}, {"type": "Feature", "geometry": {"type": "Point", "coordinates": [10.36919, 36.02342]}, "properties": {"record_id": "oai:u-bordeaux-montaigne.fr:340467", "symbol_class": "building", "pixel_x": 5492.7, "pixel_y": 2950.0, "easting": 542225.3, "northing": 302532.3, "epsg_source": 22391}}, {"type": "Feature", "geometry": {"type": "Point", "coordinates": [10.37726, 36.02272]}, "properties": {"record_id": "oai:u-bordeaux-montaigne.fr:340467", "symbol_class": "building", "pixel_x": 5661.4, "pixel_y": 2954.7, "easting": 542953.2, "northing": 302457.9, "epsg_source": 22391}}, {"type": "Feature", "geometry": {"type": "Point", "coordinates": [10.37249, 36.02283]}, "properties": {"record_id": "oai:u-bordeaux-montaigne.fr:340467", "symbol_class": "building", "pixel_x": 5562.4, "pixel_y": 2959.9, "easting": 542523.4, "northing": 302468.1, "epsg_source": 22391}}, {"type": "Feature", "geometry": {"type": "Point", "coordinates": [10.3768, 36.0225]}, "properties": {"record_id": "oai:u-bordeaux-montaigne.fr:340467", "symbol_class": "building", "pixel_x": 5652.2, "pixel_y": 2961.3, "easting": 542911.6, "northing": 302432.9, "epsg_source": 22391}}, {"type": "Feature", "geometry": {"type": "Point", "coordinates": [10.37855, 36.02225]}, "properties": {"record_id": "oai:u-bordeaux-montaigne.fr:340467", "symbol_class": "building", "pixel_x": 5689.0, "pixel_y": 2964.8, "easting": 543069.5, "northing": 302406.5, "epsg_source": 22391}}, {"type": "Feature", "geometry": {"type": "Point", "coordinates": [10.36963, 36.02289]}, "properties": {"record_id": "oai:u-bordeaux-montaigne.fr:340467", "symbol_class": "building", "pixel_x": 5502.9, "pixel_y": 2963.1, "easting": 542265.3, "northing": 302473.7, "epsg_source": 22391}}, {"type": "Feature", "geometry": {"type": "Point", "coordinates": [10.37271, 36.02232]}, "properties": {"record_id": "oai:u-bordeaux-montaigne.fr:340467", "symbol_class": "building", "pixel_x": 5568.0, "pixel_y": 2972.9, "easting": 542543.5, "northing": 302411.0, "epsg_source": 22391}}, {"type": "Feature", "geometry": {"type": "Point", "coordinates": [10.48886, 36.01472]}, "properties": {"record_id": "oai:u-bordeaux-montaigne.fr:340467", "symbol_class": "building", "pixel_x": 7989.2, "pixel_y": 2974.1, "easting": 553013.7, "northing": 301625.9, "epsg_source": 22391}}, {"type": "Feature", "geometry": {"type": "Point", "coordinates": [10.37502, 36.02156]}, "properties": {"record_id": "oai:u-bordeaux-montaigne.fr:340467", "symbol_class": "building", "pixel_x": 5617.5, "pixel_y": 2988.8, "easting": 542751.9, "northing": 302327.9, "epsg_source": 22391}}, {"type": "Feature", "geometry": {"type": "Point", "coordinates": [10.4048, 36.01993]}, "properties": {"record_id": "oai:u-bordeaux-montaigne.fr:340467", "symbol_class": "building", "pixel_x": 6237.5, "pixel_y": 2981.0, "easting": 545436.0, "northing": 302161.2, "epsg_source": 22391}}, {"type": "Feature", "geometry": {"type": "Point", "coordinates": [10.37089, 36.02193]}, "properties": {"record_id": "oai:u-bordeaux-montaigne.fr:340467", "symbol_class": "building", "pixel_x": 5531.1, "pixel_y": 2986.2, "easting": 542379.4, "northing": 302366.9, "epsg_source": 22391}}, {"type": "Feature", "geometry": {"type": "Point", "coordinates": [10.19343, 36.03318]}, "properties": {"record_id": "oai:u-bordeaux-montaigne.fr:340467", "symbol_class": "building", "pixel_x": 1832.8, "pixel_y": 2987.5, "easting": 526385.5, "northing": 303552.9, "epsg_source": 22391}}, {"type": "Feature", "geometry": {"type": "Point", "coordinates": [10.37746, 36.02137]}, "properties": {"record_id": "oai:u-bordeaux-montaigne.fr:340467", "symbol_class": "building", "pixel_x": 5668.4, "pixel_y": 2989.6, "easting": 542971.9, "northing": 302308.3, "epsg_source": 22391}}, {"type": "Feature", "geometry": {"type": "Point", "coordinates": [10.37569, 36.02111]}, "properties": {"record_id": "oai:u-bordeaux-montaigne.fr:340467", "symbol_class": "building", "pixel_x": 5632.3, "pixel_y": 2999.4, "easting": 542812.7, "northing": 302278.4, "epsg_source": 22391}}, {"type": "Feature", "geometry": {"type": "Point", "coordinates": [10.3947, 36.01967]}, "properties": {"record_id": "oai:u-bordeaux-montaigne.fr:340467", "symbol_class": "building", "pixel_x": 6028.9, "pixel_y": 3005.0, "easting": 544525.8, "northing": 302127.0, "epsg_source": 22391}}, {"type": "Feature", "geometry": {"type": "Point", "coordinates": [10.49719, 36.01288]}, "properties": {"record_id": "oai:u-bordeaux-montaigne.fr:340467", "symbol_class": "building", "pixel_x": 8165.7, "pixel_y": 3007.9, "easting": 553765.7, "northing": 301426.4, "epsg_source": 22391}}, {"type": "Feature", "geometry": {"type": "Point", "coordinates": [10.38031, 36.02045]}, "properties": {"record_id": "oai:u-bordeaux-montaigne.fr:340467", "symbol_class": "building", "pixel_x": 5729.4, "pixel_y": 3008.8, "easting": 543229.3, "northing": 302207.6, "epsg_source": 22391}}, {"type": "Feature", "geometry": {"type": "Point", "coordinates": [10.37932, 36.02049]}, "properties": {"record_id": "oai:u-bordeaux-montaigne.fr:340467", "symbol_class": "building", "pixel_x": 5708.8, "pixel_y": 3009.3, "easting": 543140.1, "northing": 302211.8, "epsg_source": 22391}}, {"type": "Feature", "geometry": {"type": "Point", "coordinates": [10.39395, 36.01951]}, "properties": {"record_id": "oai:u-bordeaux-montaigne.fr:340467", "symbol_class": "building", "pixel_x": 6013.7, "pixel_y": 3010.2, "easting": 544458.4, "northing": 302109.7, "epsg_source": 22391}}, {"type": "Feature", "geometry": {"type": "Point", "coordinates": [10.49639, 36.01288]}, "properties": {"record_id": "oai:u-bordeaux-montaigne.fr:340467", "symbol_class": "building", "pixel_x": 8149.3, "pixel_y": 3009.4, "easting": 553694.0, "northing": 301425.4, "epsg_source": 22391}}, {"type": "Feature", "geometry": {"type": "Point", "coordinates": [10.39148, 36.01944]}, "properties": {"record_id": "oai:u-bordeaux-montaigne.fr:340467", "symbol_class": "building", "pixel_x": 5962.9, "pixel_y": 3016.2, "easting": 544236.5, "northing": 302100.7, "epsg_source": 22391}}, {"type": "Feature", "geometry": {"type": "Point", "coordinates": [10.3806, 36.02017]}, "properties": {"record_id": "oai:u-bordeaux-montaigne.fr:340467", "symbol_class": "building", "pixel_x": 5736.0, "pixel_y": 3015.6, "easting": 543255.5, "northing": 302176.6, "epsg_source": 22391}}, {"type": "Feature", "geometry": {"type": "Point", "coordinates": [10.39288, 36.01938]}, "properties": {"record_id": "oai:u-bordeaux-montaigne.fr:340467", "symbol_class": "building", "pixel_x": 5992.0, "pixel_y": 3015.5, "easting": 544362.8, "northing": 302094.5, "epsg_source": 22391}}, {"type": "Feature", "geometry": {"type": "Point", "coordinates": [10.39515, 36.0191]}, "properties": {"record_id": "oai:u-bordeaux-montaigne.fr:340467", "symbol_class": "building", "pixel_x": 6039.5, "pixel_y": 3018.9, "easting": 544567.0, "northing": 302064.8, "epsg_source": 22391}}, {"type": "Feature", "geometry": {"type": "Point", "coordinates": [10.37493, 36.02028]}, "properties": {"record_id": "oai:u-bordeaux-montaigne.fr:340467", "symbol_class": "building", "pixel_x": 5618.2, "pixel_y": 3022.4, "easting": 542744.1, "northing": 302185.6, "epsg_source": 22391}}, {"type": "Feature", "geometry": {"type": "Point", "coordinates": [10.39196, 36.01914]}, "properties": {"record_id": "oai:u-bordeaux-montaigne.fr:340467", "symbol_class": "building", "pixel_x": 5973.3, "pixel_y": 3023.4, "easting": 544279.5, "northing": 302067.1, "epsg_source": 22391}}, {"type": "Feature", "geometry": {"type": "Point", "coordinates": [10.37778, 36.01996]}, "properties": {"record_id": "oai:u-bordeaux-montaigne.fr:340467", "symbol_class": "building", "pixel_x": 5678.1, "pixel_y": 3025.8, "easting": 543001.8, "northing": 302151.9, "epsg_source": 22391}}, {"type": "Feature", "geometry": {"type": "Point", "coordinates": [10.40143, 36.01819]}, "properties": {"record_id": "oai:u-bordeaux-montaigne.fr:340467", "symbol_class": "building", "pixel_x": 6171.4, "pixel_y": 3032.2, "easting": 545133.1, "northing": 301966.0, "epsg_source": 22391}}, {"type": "Feature", "geometry": {"type": "Point", "coordinates": [10.37739, 36.01984]}, "properties": {"record_id": "oai:u-bordeaux-montaigne.fr:340467", "symbol_class": "building", "pixel_x": 5670.2, "pixel_y": 3029.6, "easting": 542966.3, "northing": 302138.6, "epsg_source": 22391}}, {"type": "Feature", "geometry": {"type": "Point", "coordinates": [10.37484, 36.01982]}, "properties": {"record_id": "oai:u-bordeaux-montaigne.fr:340467", "symbol_class": "building", "pixel_x": 5617.3, "pixel_y": 3034.3, "easting": 542736.1, "northing": 302135.5, "epsg_source": 22391}}, {"type": "Feature", "geometry": {"type": "Point", "coordinates": [10.39291, 36.01859]}, "properties": {"record_id": "oai:u-bordeaux-montaigne.fr:340467", "symbol_class": "building", "pixel_x": 5994.1, "pixel_y": 3036.2, "easting": 544365.1, "northing": 302006.4, "epsg_source": 22391}}, {"type": "Feature", "geometry": {"type": "Point", "coordinates": [10.40251, 36.01778]}, "properties": {"record_id": "oai:u-bordeaux-montaigne.fr:340467", "symbol_class": "building", "pixel_x": 6194.8, "pixel_y": 3040.9, "easting": 545231.2, "northing": 301921.6, "epsg_source": 22391}}, {"type": "Feature", "geometry": {"type": "Point", "coordinates": [10.38135, 36.01925]}, "properties": {"record_id": "oai:u-bordeaux-montaigne.fr:340467", "symbol_class": "building", "pixel_x": 5753.4, "pixel_y": 3038.4, "easting": 543323.4, "northing": 302074.3, "epsg_source": 22391}}, {"type": "Feature", "geometry": {"type": "Point", "coordinates": [10.39418, 36.01817]}, "properties": {"record_id": "oai:u-bordeaux-montaigne.fr:340467", "symbol_class": "building", "pixel_x": 6021.4, "pixel_y": 3045.0, "easting": 544479.8, "northing": 301960.3, "epsg_source": 22391}}, {"type": "Feature", "geometry": {"type": "Point", "coordinates": [10.37946, 36.0191]}, "properties": {"record_id": "oai:u-bordeaux-montaigne.fr:340467", "symbol_class": "building", "pixel_x": 5714.6, "pixel_y": 3045.3, "easting": 543152.9, "northing": 302057.7, "epsg_source": 22391}}, {"type": "Feature", "geometry": {"type": "Point", "coordinates": [10.39273, 36.0181]}, "properties": {"record_id": "oai:u-bordeaux-montaigne.fr:340467", "symbol_class": "building", "pixel_x": 5991.5, "pixel_y": 3049.1, "easting": 544349.4, "northing": 301952.4, "epsg_source": 22391}}, {"type": "Feature", "geometry": {"type": "Point", "coordinates": [10.40231, 36.0172]}, "properties": {"record_id": "oai:u-bordeaux-montaigne.fr:340467", "symbol_class": "building", "pixel_x": 6191.8, "pixel_y": 3056.4, "easting": 545213.0, "northing": 301857.2, "epsg_source": 22391}}, {"type": "Feature", "geometry": {"type": "Point", "coordinates": [10.39276, 36.0177]}, "properties": {"record_id": "oai:u-bordeaux-montaigne.fr:340467", "symbol_class": "building", "pixel_x": 5992.9, "pixel_y": 3059.5, "easting": 544352.1, "northing": 301908.0, "epsg_source": 22391}}, {"type": "Feature", "geometry": {"type": "Point", "coordinates": [10.39411, 36.01752]}, "properties": {"record_id": "oai:u-bordeaux-montaigne.fr:340467", "symbol_class": "building", "pixel_x": 6021.4, "pixel_y": 3062.1, "easting": 544474.4, "northing": 301888.2, "epsg_source": 22391}}, {"type": "Feature", "geometry": {"type": "Point", "coordinates": [10.21429, 36.02903]}, "properties": {"record_id": "oai:u-bordeaux-montaigne.fr:340467", "symbol_class": "building", "pixel_x": 2273.6, "pixel_y": 3061.4, "easting": 528267.0, "northing": 303098.3, "epsg_source": 22391}}, {"type": "Feature", "geometry": {"type": "Point", "coordinates": [10.38146, 36.01828]}, "properties": {"record_id": "oai:u-bordeaux-montaigne.fr:340467", "symbol_class": "building", "pixel_x": 5757.8, "pixel_y": 3063.3, "easting": 543334.2, "northing": 301967.6, "epsg_source": 22391}}, {"type": "Feature", "geometry": {"type": "Point", "coordinates": [10.37932, 36.01834]}, "properties": {"record_id": "oai:u-bordeaux-montaigne.fr:340467", "symbol_class": "building", "pixel_x": 5713.4, "pixel_y": 3065.4, "easting": 543141.2, "northing": 301973.3, "epsg_source": 22391}}, {"type": "Feature", "geometry": {"type": "Point", "coordinates": [10.30449, 36.02302]}, "properties": {"record_id": "oai:u-bordeaux-montaigne.fr:340467", "symbol_class": "building", "pixel_x": 4153.9, "pixel_y": 3068.9, "easting": 536395.8, "northing": 302460.9, "epsg_source": 22391}}, {"type": "Feature", "geometry": {"type": "Point", "coordinates": [10.39356, 36.01733]}, "properties": {"record_id": "oai:u-bordeaux-montaigne.fr:340467", "symbol_class": "building", "pixel_x": 6010.3, "pixel_y": 3067.8, "easting": 544424.4, "northing": 301867.6, "epsg_source": 22391}}, {"type": "Feature", "geometry": {"type": "Point", "coordinates": [10.39438, 36.01721]}, "properties": {"record_id": "oai:u-bordeaux-montaigne.fr:340467", "symbol_class": "building", "pixel_x": 6027.5, "pixel_y": 3069.6, "easting": 544498.4, "northing": 301854.4, "epsg_source": 22391}}, {"type": "Feature", "geometry": {"type": "Point", "coordinates": [10.41078, 36.01608]}, "properties": {"record_id": "oai:u-bordeaux-montaigne.fr:340467", "symbol_class": "building", "pixel_x": 6369.7, "pixel_y": 3071.3, "easting": 545977.3, "northing": 301736.9, "epsg_source": 22391}}, {"type": "Feature", "geometry": {"type": "Point", "coordinates": [10.41197, 36.01597]}, "properties": {"record_id": "oai:u-bordeaux-montaigne.fr:340467", "symbol_class": "building", "pixel_x": 6394.5, "pixel_y": 3072.3, "easting": 546084.4, "northing": 301724.7, "epsg_source": 22391}}, {"type": "Feature", "geometry": {"type": "Point", "coordinates": [10.38213, 36.01786]}, "properties": {"record_id": "oai:u-bordeaux-montaigne.fr:340467", "symbol_class": "building", "pixel_x": 5772.6, "pixel_y": 3073.2, "easting": 543394.7, "northing": 301921.1, "epsg_source": 22391}}, {"type": "Feature", "geometry": {"type": "Point", "coordinates": [10.41165, 36.01595]}, "properties": {"record_id": "oai:u-bordeaux-montaigne.fr:340467", "symbol_class": "building", "pixel_x": 6388.0, "pixel_y": 3073.3, "easting": 546055.9, "northing": 301722.4, "epsg_source": 22391}}, {"type": "Feature", "geometry": {"type": "Point", "coordinates": [10.37966, 36.01778]}, "properties": {"record_id": "oai:u-bordeaux-montaigne.fr:340467", "symbol_class": "building", "pixel_x": 5721.5, "pixel_y": 3079.5, "easting": 543171.6, "northing": 301911.0, "epsg_source": 22391}}, {"type": "Feature", "geometry": {"type": "Point", "coordinates": [10.41179, 36.01566]}, "properties": {"record_id": "oai:u-bordeaux-montaigne.fr:340467", "symbol_class": "building", "pixel_x": 6391.3, "pixel_y": 3080.5, "easting": 546068.0, "northing": 301690.9, "epsg_source": 22391}}, {"type": "Feature", "geometry": {"type": "Point", "coordinates": [10.37776, 36.01765]}, "properties": {"record_id": "oai:u-bordeaux-montaigne.fr:340467", "symbol_class": "building", "pixel_x": 5682.6, "pixel_y": 3086.2, "easting": 543000.9, "northing": 301895.1, "epsg_source": 22391}}, {"type": "Feature", "geometry": {"type": "Point", "coordinates": [10.31664, 36.02142]}, "properties": {"record_id": "oai:u-bordeaux-montaigne.fr:340467", "symbol_class": "building", "pixel_x": 4408.8, "pixel_y": 3090.2, "easting": 537491.2, "northing": 302288.5, "epsg_source": 22391}}, {"type": "Feature", "geometry": {"type": "Point", "coordinates": [10.37996, 36.0172]}, "properties": {"record_id": "oai:u-bordeaux-montaigne.fr:340467", "symbol_class": "building", "pixel_x": 5729.0, "pixel_y": 3094.2, "easting": 543199.1, "northing": 301846.4, "epsg_source": 22391}}, {"type": "Feature", "geometry": {"type": "Point", "coordinates": [10.38094, 36.01708]}, "properties": {"record_id": "oai:u-bordeaux-montaigne.fr:340467", "symbol_class": "building", "pixel_x": 5749.7, "pixel_y": 3095.5, "easting": 543288.0, "northing": 301834.3, "epsg_source": 22391}}, {"type": "Feature", "geometry": {"type": "Point", "coordinates": [10.38249, 36.01688]}, "properties": {"record_id": "oai:u-bordeaux-montaigne.fr:340467", "symbol_class": "building", "pixel_x": 5782.2, "pixel_y": 3098.3, "easting": 543427.9, "northing": 301812.0, "epsg_source": 22391}}, {"type": "Feature", "geometry": {"type": "Point", "coordinates": [10.37804, 36.0169]}, "properties": {"record_id": "oai:u-bordeaux-montaigne.fr:340467", "symbol_class": "building", "pixel_x": 5689.9, "pixel_y": 3105.2, "easting": 543026.2, "northing": 301812.4, "epsg_source": 22391}}, {"type": "Feature", "geometry": {"type": "Point", "coordinates": [10.38211, 36.01677]}, "properties": {"record_id": "oai:u-bordeaux-montaigne.fr:340467", "symbol_class": "building", "pixel_x": 5774.4, "pixel_y": 3101.7, "easting": 543393.1, "northing": 301800.3, "epsg_source": 22391}}, {"type": "Feature", "geometry": {"type": "Point", "coordinates": [10.31963, 36.02059]}, "properties": {"record_id": "oai:u-bordeaux-montaigne.fr:340467", "symbol_class": "building", "pixel_x": 4472.5, "pixel_y": 3107.0, "easting": 537761.1, "northing": 302197.2, "epsg_source": 22391}}, {"type": "Feature", "geometry": {"type": "Point", "coordinates": [10.38135, 36.0165]}, "properties": {"record_id": "oai:u-bordeaux-montaigne.fr:340467", "symbol_class": "building", "pixel_x": 5759.3, "pixel_y": 3110.2, "easting": 543324.8, "northing": 301769.3, "epsg_source": 22391}}, {"type": "Feature", "geometry": {"type": "Point", "coordinates": [10.39586, 36.01544]}, "properties": {"record_id": "oai:u-bordeaux-montaigne.fr:340467", "symbol_class": "building", "pixel_x": 6062.0, "pixel_y": 3113.2, "easting": 544632.9, "northing": 301658.7, "epsg_source": 22391}}, {"type": "Feature", "geometry": {"type": "Point", "coordinates": [10.38071, 36.01639]}, "properties": {"record_id": "oai:u-bordeaux-montaigne.fr:340467", "symbol_class": "building", "pixel_x": 5746.3, "pixel_y": 3113.9, "easting": 543267.5, "northing": 301757.6, "epsg_source": 22391}}, {"type": "Feature", "geometry": {"type": "Point", "coordinates": [10.38214, 36.0159]}, "properties": {"record_id": "oai:u-bordeaux-montaigne.fr:340467", "symbol_class": "building", "pixel_x": 5777.1, "pixel_y": 3124.5, "easting": 543396.9, "northing": 301703.0, "epsg_source": 22391}}, {"type": "Feature", "geometry": {"type": "Point", "coordinates": [10.18546, 36.02823]}, "properties": {"record_id": "oai:u-bordeaux-montaigne.fr:340467", "symbol_class": "building", "pixel_x": 1678.1, "pixel_y": 3129.7, "easting": 525669.1, "northing": 303001.4, "epsg_source": 22391}}, {"type": "Feature", "geometry": {"type": "Point", "coordinates": [10.18589, 36.02825]}, "properties": {"record_id": "oai:u-bordeaux-montaigne.fr:340467", "symbol_class": "building", "pixel_x": 1686.9, "pixel_y": 3128.5, "easting": 525707.6, "northing": 303003.9, "epsg_source": 22391}}, {"type": "Feature", "geometry": {"type": "Point", "coordinates": [10.37909, 36.0159]}, "properties": {"record_id": "oai:u-bordeaux-montaigne.fr:340467", "symbol_class": "building", "pixel_x": 5713.8, "pixel_y": 3129.5, "easting": 543121.5, "northing": 301702.1, "epsg_source": 22391}}, {"type": "Feature", "geometry": {"type": "Point", "coordinates": [10.3706, 36.01621]}, "properties": {"record_id": "oai:u-bordeaux-montaigne.fr:340467", "symbol_class": "building", "pixel_x": 5537.3, "pixel_y": 3135.6, "easting": 542356.5, "northing": 301733.2, "epsg_source": 22391}}, {"type": "Feature", "geometry": {"type": "Point", "coordinates": [10.1856, 36.02796]}, "properties": {"record_id": "oai:u-bordeaux-montaigne.fr:340467", "symbol_class": "building", "pixel_x": 1681.7, "pixel_y": 3136.7, "easting": 525682.2, "northing": 302970.9, "epsg_source": 22391}}, {"type": "Feature", "geometry": {"type": "Point", "coordinates": [10.30199, 36.02053]}, "properties": {"record_id": "oai:u-bordeaux-montaigne.fr:340467", "symbol_class": "building", "pixel_x": 4107.4, "pixel_y": 3137.9, "easting": 536171.9, "northing": 302184.3, "epsg_source": 22391}}, {"type": "Feature", "geometry": {"type": "Point", "coordinates": [10.18424, 36.02788]}, "properties": {"record_id": "oai:u-bordeaux-montaigne.fr:340467", "symbol_class": "building", "pixel_x": 1653.7, "pixel_y": 3140.9, "easting": 525559.8, "northing": 302962.1, "epsg_source": 22391}}, {"type": "Feature", "geometry": {"type": "Point", "coordinates": [10.36978, 36.01616]}, "properties": {"record_id": "oai:u-bordeaux-montaigne.fr:340467", "symbol_class": "building", "pixel_x": 5520.5, "pixel_y": 3138.3, "easting": 542282.6, "northing": 301727.2, "epsg_source": 22391}}, {"type": "Feature", "geometry": {"type": "Point", "coordinates": [10.18386, 36.02791]}, "properties": {"record_id": "oai:u-bordeaux-montaigne.fr:340467", "symbol_class": "building", "pixel_x": 1645.7, "pixel_y": 3140.6, "easting": 525525.2, "northing": 302965.8, "epsg_source": 22391}}, {"type": "Feature", "geometry": {"type": "Point", "coordinates": [10.18118, 36.02741]}, "properties": {"record_id": "oai:u-bordeaux-montaigne.fr:340467", "symbol_class": "building", "pixel_x": 1591.3, "pixel_y": 3158.2, "easting": 525284.3, "northing": 302909.0, "epsg_source": 22391}}, {"type": "Feature", "geometry": {"type": "Point", "coordinates": [10.34391, 36.01714]}, "properties": {"record_id": "oai:u-bordeaux-montaigne.fr:340467", "symbol_class": "building", "pixel_x": 4982.8, "pixel_y": 3156.4, "easting": 539951.3, "northing": 301824.1, "epsg_source": 22391}}, {"type": "Feature", "geometry": {"type": "Point", "coordinates": [10.37006, 36.01558]}, "properties": {"record_id": "oai:u-bordeaux-montaigne.fr:340467", "symbol_class": "building", "pixel_x": 5527.5, "pixel_y": 3152.9, "easting": 542308.1, "northing": 301663.2, "epsg_source": 22391}}, {"type": "Feature", "geometry": {"type": "Point", "coordinates": [10.39813, 36.01267]}, "properties": {"record_id": "oai:u-bordeaux-montaigne.fr:340467", "symbol_class": "building", "pixel_x": 6115.0, "pixel_y": 3181.7, "easting": 544839.1, "northing": 301352.2, "epsg_source": 22391}}, {"type": "Feature", "geometry": {"type": "Point", "coordinates": [10.37354, 36.01449]}, "properties": {"record_id": "oai:u-bordeaux-montaigne.fr:340467", "symbol_class": "building", "pixel_x": 5602.0, "pixel_y": 3175.7, "easting": 542622.4, "northing": 301542.7, "epsg_source": 22391}}, {"type": "Feature", "geometry": {"type": "Point", "coordinates": [10.29723, 36.01919]}, "properties": {"record_id": "oai:u-bordeaux-montaigne.fr:340467", "symbol_class": "building", "pixel_x": 4011.7, "pixel_y": 3180.7, "easting": 535743.7, "northing": 302034.2, "epsg_source": 22391}}, {"type": "Feature", "geometry": {"type": "Point", "coordinates": [10.39021, 36.01301]}, "properties": {"record_id": "oai:u-bordeaux-montaigne.fr:340467", "symbol_class": "building", "pixel_x": 5950.2, "pixel_y": 3186.1, "easting": 544125.0, "northing": 301386.6, "epsg_source": 22391}}, {"type": "Feature", "geometry": {"type": "Point", "coordinates": [10.38233, 36.01301]}, "properties": {"record_id": "oai:u-bordeaux-montaigne.fr:340467", "symbol_class": "building", "pixel_x": 5787.1, "pixel_y": 3199.5, "easting": 543415.0, "northing": 301382.5, "epsg_source": 22391}}, {"type": "Feature", "geometry": {"type": "Point", "coordinates": [10.2816, 36.0195]}, "properties": {"record_id": "oai:u-bordeaux-montaigne.fr:340467", "symbol_class": "building", "pixel_x": 3687.5, "pixel_y": 3198.6, "easting": 534335.5, "northing": 302062.9, "epsg_source": 22391}}, {"type": "Feature", "geometry": {"type": "Point", "coordinates": [10.495, 36.00561]}, "properties": {"record_id": "oai:u-bordeaux-montaigne.fr:340467", "symbol_class": "building", "pixel_x": 8136.2, "pixel_y": 3201.3, "easting": 553573.2, "northing": 300618.0, "epsg_source": 22391}}, {"type": "Feature", "geometry": {"type": "Point", "coordinates": [10.39068, 36.01194]}, "properties": {"record_id": "oai:u-bordeaux-montaigne.fr:340467", "symbol_class": "building", "pixel_x": 5962.2, "pixel_y": 3213.1, "easting": 544167.9, "northing": 301268.5, "epsg_source": 22391}}, {"type": "Feature", "geometry": {"type": "Point", "coordinates": [10.34099, 36.01512]}, "properties": {"record_id": "oai:u-bordeaux-montaigne.fr:340467", "symbol_class": "building", "pixel_x": 4926.4, "pixel_y": 3213.7, "easting": 539688.4, "northing": 301599.8, "epsg_source": 22391}}, {"type": "Feature", "geometry": {"type": "Point", "coordinates": [10.29393, 36.01802]}, "properties": {"record_id": "oai:u-bordeaux-montaigne.fr:340467", "symbol_class": "building", "pixel_x": 3945.8, "pixel_y": 3216.8, "easting": 535446.5, "northing": 301902.7, "epsg_source": 22391}}, {"type": "Feature", "geometry": {"type": "Point", "coordinates": [10.39936, 36.01122]}, "properties": {"record_id": "oai:u-bordeaux-montaigne.fr:340467", "symbol_class": "building", "pixel_x": 6143.5, "pixel_y": 3217.2, "easting": 544950.5, "northing": 301192.7, "epsg_source": 22391}}, {"type": "Feature", "geometry": {"type": "Point", "coordinates": [10.3908, 36.01148]}, "properties": {"record_id": "oai:u-bordeaux-montaigne.fr:340467", "symbol_class": "building", "pixel_x": 5965.7, "pixel_y": 3225.0, "easting": 544178.9, "northing": 301217.1, "epsg_source": 22391}}, {"type": "Feature", "geometry": {"type": "Point", "coordinates": [10.39147, 36.01135]}, "properties": {"record_id": "oai:u-bordeaux-montaigne.fr:340467", "symbol_class": "building", "pixel_x": 5979.9, "pixel_y": 3227.3, "easting": 544239.6, "northing": 301203.0, "epsg_source": 22391}}, {"type": "Feature", "geometry": {"type": "Point", "coordinates": [10.37222, 36.01254]}, "properties": {"record_id": "oai:u-bordeaux-montaigne.fr:340467", "symbol_class": "building", "pixel_x": 5578.8, "pixel_y": 3228.7, "easting": 542504.8, "northing": 301326.3, "epsg_source": 22391}}, {"type": "Feature", "geometry": {"type": "Point", "coordinates": [10.29404, 36.01737]}, "properties": {"record_id": "oai:u-bordeaux-montaigne.fr:340467", "symbol_class": "building", "pixel_x": 3949.4, "pixel_y": 3233.6, "easting": 535456.6, "northing": 301830.3, "epsg_source": 22391}}, {"type": "Feature", "geometry": {"type": "Point", "coordinates": [10.40015, 36.01054]}, "properties": {"record_id": "oai:u-bordeaux-montaigne.fr:340467", "symbol_class": "building", "pixel_x": 6161.4, "pixel_y": 3233.7, "easting": 545022.6, "northing": 301117.5, "epsg_source": 22391}}, {"type": "Feature", "geometry": {"type": "Point", "coordinates": [10.18237, 36.02428]}, "properties": {"record_id": "oai:u-bordeaux-montaigne.fr:340467", "symbol_class": "building", "pixel_x": 1622.4, "pixel_y": 3237.8, "easting": 525392.2, "northing": 302562.5, "epsg_source": 22391}}, {"type": "Feature", "geometry": {"type": "Point", "coordinates": [10.30457, 36.01646]}, "properties": {"record_id": "oai:u-bordeaux-montaigne.fr:340467", "symbol_class": "building", "pixel_x": 4169.4, "pixel_y": 3239.7, "easting": 536406.1, "northing": 301733.9, "epsg_source": 22391}}, {"type": "Feature", "geometry": {"type": "Point", "coordinates": [10.37208, 36.01207]}, "properties": {"record_id": "oai:u-bordeaux-montaigne.fr:340467", "symbol_class": "building", "pixel_x": 5577.0, "pixel_y": 3241.3, "easting": 542492.4, "northing": 301273.7, "epsg_source": 22391}}, {"type": "Feature", "geometry": {"type": "Point", "coordinates": [10.38149, 36.01129]}, "properties": {"record_id": "oai:u-bordeaux-montaigne.fr:340467", "symbol_class": "building", "pixel_x": 5773.3, "pixel_y": 3245.6, "easting": 543340.1, "northing": 301192.2, "epsg_source": 22391}}, {"type": "Feature", "geometry": {"type": "Point", "coordinates": [10.37139, 36.01194]}, "properties": {"record_id": "oai:u-bordeaux-montaigne.fr:340467", "symbol_class": "building", "pixel_x": 5562.9, "pixel_y": 3245.6, "easting": 542430.2, "northing": 301259.8, "epsg_source": 22391}}, {"type": "Feature", "geometry": {"type": "Point", "coordinates": [10.35095, 36.01318]}, "properties": {"record_id": "oai:u-bordeaux-montaigne.fr:340467", "symbol_class": "building", "pixel_x": 5136.8, "pixel_y": 3247.6, "easting": 540586.9, "northing": 301388.8, "epsg_source": 22391}}, {"type": "Feature", "geometry": {"type": "Point", "coordinates": [10.20313, 36.02196]}, "properties": {"record_id": "oai:u-bordeaux-montaigne.fr:340467", "symbol_class": "building", "pixel_x": 2057.3, "pixel_y": 3264.2, "easting": 527263.8, "northing": 302310.6, "epsg_source": 22391}}, {"type": "Feature", "geometry": {"type": "Point", "coordinates": [10.40197, 36.00925]}, "properties": {"record_id": "oai:u-bordeaux-montaigne.fr:340467", "symbol_class": "building", "pixel_x": 6201.9, "pixel_y": 3264.2, "easting": 545187.2, "northing": 300975.4, "epsg_source": 22391}}, {"type": "Feature", "geometry": {"type": "Point", "coordinates": [10.40065, 36.00925]}, "properties": {"record_id": "oai:u-bordeaux-montaigne.fr:340467", "symbol_class": "building", "pixel_x": 6174.5, "pixel_y": 3266.5, "easting": 545068.0, "northing": 300974.4, "epsg_source": 22391}}, {"type": "Feature", "geometry": {"type": "Point", "coordinates": [10.40156, 36.00923]}, "properties": {"record_id": "oai:u-bordeaux-montaigne.fr:340467", "symbol_class": "building", "pixel_x": 6193.3, "pixel_y": 3265.4, "easting": 545149.8, "northing": 300973.0, "epsg_source": 22391}}, {"type": "Feature", "geometry": {"type": "Point", "coordinates": [10.29136, 36.01561]}, "properties": {"record_id": "oai:u-bordeaux-montaigne.fr:340467", "symbol_class": "building", "pixel_x": 3897.6, "pixel_y": 3283.9, "easting": 535215.9, "northing": 301634.5, "epsg_source": 22391}}, {"type": "Feature", "geometry": {"type": "Point", "coordinates": [10.4024, 36.00854]}, "properties": {"record_id": "oai:u-bordeaux-montaigne.fr:340467", "symbol_class": "building", "pixel_x": 6212.3, "pixel_y": 3282.2, "easting": 545226.2, "northing": 300895.9, "epsg_source": 22391}}, {"type": "Feature", "geometry": {"type": "Point", "coordinates": [10.38768, 36.00938]}, "properties": {"record_id": "oai:u-bordeaux-montaigne.fr:340467", "symbol_class": "building", "pixel_x": 5905.6, "pixel_y": 3284.9, "easting": 543899.3, "northing": 300983.2, "epsg_source": 22391}}, {"type": "Feature", "geometry": {"type": "Point", "coordinates": [10.40246, 36.00766]}, "properties": {"record_id": "oai:u-bordeaux-montaigne.fr:340467", "symbol_class": "building", "pixel_x": 6215.4, "pixel_y": 3305.0, "easting": 545232.3, "northing": 300798.5, "epsg_source": 22391}}, {"type": "Feature", "geometry": {"type": "Point", "coordinates": [10.40276, 36.0076]}, "properties": {"record_id": "oai:u-bordeaux-montaigne.fr:340467", "symbol_class": "building", "pixel_x": 6221.8, "pixel_y": 3306.0, "easting": 545259.5, "northing": 300792.2, "epsg_source": 22391}}, {"type": "Feature", "geometry": {"type": "Point", "coordinates": [10.36156, 36.00924]}, "properties": {"record_id": "oai:u-bordeaux-montaigne.fr:340467", "symbol_class": "building", "pixel_x": 5365.1, "pixel_y": 3332.6, "easting": 541545.9, "northing": 300955.7, "epsg_source": 22391}}, {"type": "Feature", "geometry": {"type": "Point", "coordinates": [10.36934, 36.00863]}, "properties": {"record_id": "oai:u-bordeaux-montaigne.fr:340467", "symbol_class": "building", "pixel_x": 5527.5, "pixel_y": 3335.4, "easting": 542247.2, "northing": 300891.7, "epsg_source": 22391}}, {"type": "Feature", "geometry": {"type": "Point", "coordinates": [10.21799, 36.01808]}, "properties": {"record_id": "oai:u-bordeaux-montaigne.fr:340467", "symbol_class": "building", "pixel_x": 2373.0, "pixel_y": 3341.0, "easting": 528603.5, "northing": 301884.2, "epsg_source": 22391}}, {"type": "Feature", "geometry": {"type": "Point", "coordinates": [10.37714, 36.00786]}, "properties": {"record_id": "oai:u-bordeaux-montaigne.fr:340467", "symbol_class": "building", "pixel_x": 5690.6, "pixel_y": 3342.4, "easting": 542949.9, "northing": 300809.5, "epsg_source": 22391}}, {"type": "Feature", "geometry": {"type": "Point", "coordinates": [10.30908, 36.01171]}, "properties": {"record_id": "oai:u-bordeaux-montaigne.fr:340467", "symbol_class": "building", "pixel_x": 4273.0, "pixel_y": 3356.0, "easting": 536815.0, "northing": 301208.8, "epsg_source": 22391}}, {"type": "Feature", "geometry": {"type": "Point", "coordinates": [10.30873, 36.01137]}, "properties": {"record_id": "oai:u-bordeaux-montaigne.fr:340467", "symbol_class": "building", "pixel_x": 4266.4, "pixel_y": 3365.6, "easting": 536783.3, "northing": 301170.5, "epsg_source": 22391}}, {"type": "Feature", "geometry": {"type": "Point", "coordinates": [10.3003, 36.01175]}, "properties": {"record_id": "oai:u-bordeaux-montaigne.fr:340467", "symbol_class": "building", "pixel_x": 4091.0, "pixel_y": 3369.7, "easting": 536023.5, "northing": 301209.3, "epsg_source": 22391}}, {"type": "Feature", "geometry": {"type": "Point", "coordinates": [10.2468, 36.0151]}, "properties": {"record_id": "oai:u-bordeaux-montaigne.fr:340467", "symbol_class": "building", "pixel_x": 2976.0, "pixel_y": 3371.1, "easting": 531201.3, "northing": 301562.7, "epsg_source": 22391}}, {"type": "Feature", "geometry": {"type": "Point", "coordinates": [10.30881, 36.01066]}, "properties": {"record_id": "oai:u-bordeaux-montaigne.fr:340467", "symbol_class": "building", "pixel_x": 4269.6, "pixel_y": 3383.8, "easting": 536791.1, "northing": 301092.5, "epsg_source": 22391}}, {"type": "Feature", "geometry": {"type": "Point", "coordinates": [10.31775, 36.01009]}, "properties": {"record_id": "oai:u-bordeaux-montaigne.fr:340467", "symbol_class": "building", "pixel_x": 4455.9, "pixel_y": 3383.7, "easting": 537596.8, "northing": 301032.8, "epsg_source": 22391}}, {"type": "Feature", "geometry": {"type": "Point", "coordinates": [10.35623, 36.00752]}, "properties": {"record_id": "oai:u-bordeaux-montaigne.fr:340467", "symbol_class": "building", "pixel_x": 5258.4, "pixel_y": 3386.4, "easting": 541066.1, "northing": 300763.0, "epsg_source": 22391}}, {"type": "Feature", "geometry": {"type": "Point", "coordinates": [10.25473, 36.01358]}, "properties": {"record_id": "oai:u-bordeaux-montaigne.fr:340467", "symbol_class": "building", "pixel_x": 3143.5, "pixel_y": 3397.5, "easting": 531916.7, "northing": 301397.2, "epsg_source": 22391}}, {"type": "Feature", "geometry": {"type": "Point", "coordinates": [10.32217, 36.00928]}, "properties": {"record_id": "oai:u-bordeaux-montaigne.fr:340467", "symbol_class": "building", "pixel_x": 4549.1, "pixel_y": 3397.5, "easting": 537995.2, "northing": 300944.3, "epsg_source": 22391}}, {"type": "Feature", "geometry": {"type": "Point", "coordinates": [10.29125, 36.01063]}, "properties": {"record_id": "oai:u-bordeaux-montaigne.fr:340467", "symbol_class": "building", "pixel_x": 3906.1, "pixel_y": 3413.9, "easting": 535208.9, "northing": 301082.3, "epsg_source": 22391}}, {"type": "Feature", "geometry": {"type": "Point", "coordinates": [10.29161, 36.0104]}, "properties": {"record_id": "oai:u-bordeaux-montaigne.fr:340467", "symbol_class": "building", "pixel_x": 3913.9, "pixel_y": 3419.3, "easting": 535240.9, "northing": 301056.9, "epsg_source": 22391}}, {"type": "Feature", "geometry": {"type": "Point", "coordinates": [10.32085, 36.00769]}, "properties": {"record_id": "oai:u-bordeaux-montaigne.fr:340467", "symbol_class": "building", "pixel_x": 4525.2, "pixel_y": 3441.3, "easting": 537877.3, "northing": 300766.8, "epsg_source": 22391}}, {"type": "Feature", "geometry": {"type": "Point", "coordinates": [10.27623, 36.00994]}, "properties": {"record_id": "oai:u-bordeaux-montaigne.fr:340467", "symbol_class": "building", "pixel_x": 3596.3, "pixel_y": 3456.9, "easting": 533855.0, "northing": 301000.2, "epsg_source": 22391}}, {"type": "Feature", "geometry": {"type": "Point", "coordinates": [10.32097, 36.00702]}, "properties": {"record_id": "oai:u-bordeaux-montaigne.fr:340467", "symbol_class": "building", "pixel_x": 4529.1, "pixel_y": 3458.5, "easting": 537888.3, "northing": 300692.9, "epsg_source": 22391}}, {"type": "Feature", "geometry": {"type": "Point", "coordinates": [10.27679, 36.0098]}, "properties": {"record_id": "oai:u-bordeaux-montaigne.fr:340467", "symbol_class": "building", "pixel_x": 3608.2, "pixel_y": 3459.6, "easting": 533905.5, "northing": 300985.1, "epsg_source": 22391}}, {"type": "Feature", "geometry": {"type": "Point", "coordinates": [10.39197, 36.00198]}, "properties": {"record_id": "oai:u-bordeaux-montaigne.fr:340467", "symbol_class": "building", "pixel_x": 6010.4, "pixel_y": 3470.8, "easting": 544290.2, "northing": 300163.6, "epsg_source": 22391}}, {"type": "Feature", "geometry": {"type": "Point", "coordinates": [10.34608, 36.00497]}, "properties": {"record_id": "oai:u-bordeaux-montaigne.fr:340467", "symbol_class": "building", "pixel_x": 5053.7, "pixel_y": 3469.9, "easting": 540153.0, "northing": 300475.6, "epsg_source": 22391}}, {"type": "Feature", "geometry": {"type": "Point", "coordinates": [10.27816, 36.00809]}, "properties": {"record_id": "oai:u-bordeaux-montaigne.fr:340467", "symbol_class": "building", "pixel_x": 3640.2, "pixel_y": 3501.8, "easting": 534029.8, "northing": 300796.2, "epsg_source": 22391}}, {"type": "Feature", "geometry": {"type": "Point", "coordinates": [10.15933, 36.01291]}, "properties": {"record_id": "oai:u-bordeaux-montaigne.fr:340467", "symbol_class": "building", "pixel_x": 1169.0, "pixel_y": 3572.0, "easting": 523319.6, "northing": 301295.6, "epsg_source": 22391}}, {"type": "Feature", "geometry": {"type": "Point", "coordinates": [10.1584, 36.01283]}, "properties": {"record_id": "oai:u-bordeaux-montaigne.fr:340467", "symbol_class": "building", "pixel_x": 1149.9, "pixel_y": 3575.7, "easting": 523235.7, "northing": 301286.1, "epsg_source": 22391}}, {"type": "Feature", "geometry": {"type": "Point", "coordinates": [10.15853, 36.0125]}, "properties": {"record_id": "oai:u-bordeaux-montaigne.fr:340467", "symbol_class": "building", "pixel_x": 1153.3, "pixel_y": 3584.0, "easting": 523247.8, "northing": 301249.9, "epsg_source": 22391}}, {"type": "Feature", "geometry": {"type": "Point", "coordinates": [10.15899, 36.01227]}, "properties": {"record_id": "oai:u-bordeaux-montaigne.fr:340467", "symbol_class": "building", "pixel_x": 1163.2, "pixel_y": 3589.2, "easting": 523288.9, "northing": 301224.9, "epsg_source": 22391}}, {"type": "Feature", "geometry": {"type": "Point", "coordinates": [10.35229, 35.99969]}, "properties": {"record_id": "oai:u-bordeaux-montaigne.fr:340467", "symbol_class": "building", "pixel_x": 5193.4, "pixel_y": 3597.3, "easting": 540714.9, "northing": 299892.1, "epsg_source": 22391}}, {"type": "Feature", "geometry": {"type": "Point", "coordinates": [10.37493, 35.99763]}, "properties": {"record_id": "oai:u-bordeaux-montaigne.fr:340467", "symbol_class": "building", "pixel_x": 5666.7, "pixel_y": 3613.0, "easting": 542756.2, "northing": 299673.3, "epsg_source": 22391}}, {"type": "Feature", "geometry": {"type": "Point", "coordinates": [10.37472, 35.9968]}, "properties": {"record_id": "oai:u-bordeaux-montaigne.fr:340467", "symbol_class": "building", "pixel_x": 5664.2, "pixel_y": 3634.8, "easting": 542738.2, "northing": 299581.6, "epsg_source": 22391}}, {"type": "Feature", "geometry": {"type": "Point", "coordinates": [10.16277, 36.01012]}, "properties": {"record_id": "oai:u-bordeaux-montaigne.fr:340467", "symbol_class": "building", "pixel_x": 1246.0, "pixel_y": 3639.2, "easting": 523630.1, "northing": 300986.7, "epsg_source": 22391}}, {"type": "Feature", "geometry": {"type": "Point", "coordinates": [10.15984, 36.01]}, "properties": {"record_id": "oai:u-bordeaux-montaigne.fr:340467", "symbol_class": "building", "pixel_x": 1185.6, "pixel_y": 3647.2, "easting": 523366.1, "northing": 300972.4, "epsg_source": 22391}}, {"type": "Feature", "geometry": {"type": "Point", "coordinates": [10.16284, 36.00951]}, "properties": {"record_id": "oai:u-bordeaux-montaigne.fr:340467", "symbol_class": "building", "pixel_x": 1248.8, "pixel_y": 3655.0, "easting": 523636.8, "northing": 300919.0, "epsg_source": 22391}}, {"type": "Feature", "geometry": {"type": "Point", "coordinates": [10.354, 35.9972]}, "properties": {"record_id": "oai:u-bordeaux-montaigne.fr:340467", "symbol_class": "building", "pixel_x": 5234.2, "pixel_y": 3659.3, "easting": 540870.3, "northing": 299616.8, "epsg_source": 22391}}, {"type": "Feature", "geometry": {"type": "Point", "coordinates": [10.35445, 35.99698]}, "properties": {"record_id": "oai:u-bordeaux-montaigne.fr:340467", "symbol_class": "building", "pixel_x": 5243.9, "pixel_y": 3664.1, "easting": 540910.8, "northing": 299593.1, "epsg_source": 22391}}, {"type": "Feature", "geometry": {"type": "Point", "coordinates": [10.3549, 35.99687]}, "properties": {"record_id": "oai:u-bordeaux-montaigne.fr:340467", "symbol_class": "building", "pixel_x": 5253.5, "pixel_y": 3666.3, "easting": 540951.8, "northing": 299581.1, "epsg_source": 22391}}, {"type": "Feature", "geometry": {"type": "Point", "coordinates": [10.27412, 36.00171]}, "properties": {"record_id": "oai:u-bordeaux-montaigne.fr:340467", "symbol_class": "building", "pixel_x": 3570.0, "pixel_y": 3675.0, "easting": 533668.5, "northing": 300086.5, "epsg_source": 22391}}, {"type": "Feature", "geometry": {"type": "Point", "coordinates": [10.46777, 35.98908]}, "properties": {"record_id": "oai:u-bordeaux-montaigne.fr:340467", "symbol_class": "building", "pixel_x": 7608.1, "pixel_y": 3678.7, "easting": 551130.0, "northing": 298769.9, "epsg_source": 22391}}, {"type": "Feature", "geometry": {"type": "Point", "coordinates": [10.1963, 36.00503]}, "properties": {"record_id": "oai:u-bordeaux-montaigne.fr:340467", "symbol_class": "building", "pixel_x": 1951.3, "pixel_y": 3716.9, "easting": 526654.1, "northing": 300431.2, "epsg_source": 22391}}, {"type": "Feature", "geometry": {"type": "Point", "coordinates": [10.19683, 36.00506]}, "properties": {"record_id": "oai:u-bordeaux-montaigne.fr:340467", "symbol_class": "building", "pixel_x": 1962.0, "pixel_y": 3715.3, "easting": 526701.2, "northing": 300434.1, "epsg_source": 22391}}, {"type": "Feature", "geometry": {"type": "Point", "coordinates": [10.4008, 35.99183]}, "properties": {"record_id": "oai:u-bordeaux-montaigne.fr:340467", "symbol_class": "building", "pixel_x": 6215.0, "pixel_y": 3720.4, "easting": 545091.5, "northing": 299042.4, "epsg_source": 22391}}, {"type": "Feature", "geometry": {"type": "Point", "coordinates": [10.15786, 36.007]}, "properties": {"record_id": "oai:u-bordeaux-montaigne.fr:340467", "symbol_class": "building", "pixel_x": 1151.0, "pixel_y": 3728.5, "easting": 523189.3, "northing": 300639.9, "epsg_source": 22391}}, {"type": "Feature", "geometry": {"type": "Point", "coordinates": [10.1575, 36.00686]}, "properties": {"record_id": "oai:u-bordeaux-montaigne.fr:340467", "symbol_class": "building", "pixel_x": 1143.7, "pixel_y": 3732.8, "easting": 523156.5, "northing": 300623.8, "epsg_source": 22391}}, {"type": "Feature", "geometry": {"type": "Point", "coordinates": [10.36596, 35.99325]}, "properties": {"record_id": "oai:u-bordeaux-montaigne.fr:340467", "symbol_class": "building", "pixel_x": 5490.3, "pixel_y": 3742.1, "easting": 541950.1, "northing": 299184.4, "epsg_source": 22391}}, {"type": "Feature", "geometry": {"type": "Point", "coordinates": [10.16358, 36.00571]}, "properties": {"record_id": "oai:u-bordeaux-montaigne.fr:340467", "symbol_class": "building", "pixel_x": 1272.1, "pixel_y": 3752.8, "easting": 523705.1, "northing": 300498.1, "epsg_source": 22391}}, {"type": "Feature", "geometry": {"type": "Point", "coordinates": [10.36649, 35.99283]}, "properties": {"record_id": "oai:u-bordeaux-montaigne.fr:340467", "symbol_class": "building", "pixel_x": 5502.3, "pixel_y": 3752.2, "easting": 541998.8, "northing": 299137.7, "epsg_source": 22391}}, {"type": "Feature", "geometry": {"type": "Point", "coordinates": [10.28918, 35.99698]}, "properties": {"record_id": "oai:u-bordeaux-montaigne.fr:340467", "symbol_class": "building", "pixel_x": 3892.0, "pixel_y": 3773.2, "easting": 535027.9, "northing": 299567.8, "epsg_source": 22391}}, {"type": "Feature", "geometry": {"type": "Point", "coordinates": [10.33797, 35.99387]}, "properties": {"record_id": "oai:u-bordeaux-montaigne.fr:340467", "symbol_class": "building", "pixel_x": 4909.3, "pixel_y": 3772.8, "easting": 539427.5, "northing": 299241.6, "epsg_source": 22391}}, {"type": "Feature", "geometry": {"type": "Point", "coordinates": [10.33889, 35.99315]}, "properties": {"record_id": "oai:u-bordeaux-montaigne.fr:340467", "symbol_class": "building", "pixel_x": 4929.8, "pixel_y": 3790.0, "easting": 539510.3, "northing": 299162.2, "epsg_source": 22391}}, {"type": "Feature", "geometry": {"type": "Point", "coordinates": [10.33815, 35.9929]}, "properties": {"record_id": "oai:u-bordeaux-montaigne.fr:340467", "symbol_class": "building", "pixel_x": 4915.0, "pixel_y": 3797.8, "easting": 539443.9, "northing": 299133.9, "epsg_source": 22391}}, {"type": "Feature", "geometry": {"type": "Point", "coordinates": [10.29332, 35.99529]}, "properties": {"record_id": "oai:u-bordeaux-montaigne.fr:340467", "symbol_class": "building", "pixel_x": 3981.3, "pixel_y": 3810.5, "easting": 535401.7, "northing": 299381.1, "epsg_source": 22391}}, {"type": "Feature", "geometry": {"type": "Point", "coordinates": [10.36266, 35.99075]}, "properties": {"record_id": "oai:u-bordeaux-montaigne.fr:340467", "symbol_class": "building", "pixel_x": 5427.4, "pixel_y": 3812.9, "easting": 541654.4, "northing": 298905.0, "epsg_source": 22391}}, {"type": "Feature", "geometry": {"type": "Point", "coordinates": [10.41588, 35.98641]}, "properties": {"record_id": "oai:u-bordeaux-montaigne.fr:340467", "symbol_class": "building", "pixel_x": 6539.1, "pixel_y": 3836.3, "easting": 546454.4, "northing": 298447.8, "epsg_source": 22391}}, {"type": "Feature", "geometry": {"type": "Point", "coordinates": [10.42323, 35.98579]}, "properties": {"record_id": "oai:u-bordeaux-montaigne.fr:340467", "symbol_class": "building", "pixel_x": 6692.6, "pixel_y": 3840.0, "easting": 547117.1, "northing": 298382.8, "epsg_source": 22391}}, {"type": "Feature", "geometry": {"type": "Point", "coordinates": [10.33776, 35.99124]}, "properties": {"record_id": "oai:u-bordeaux-montaigne.fr:340467", "symbol_class": "building", "pixel_x": 4910.5, "pixel_y": 3841.8, "easting": 539409.5, "northing": 298949.4, "epsg_source": 22391}}, {"type": "Feature", "geometry": {"type": "Point", "coordinates": [10.42331, 35.98531]}, "properties": {"record_id": "oai:u-bordeaux-montaigne.fr:340467", "symbol_class": "building", "pixel_x": 6695.3, "pixel_y": 3852.5, "easting": 547124.7, "northing": 298329.4, "epsg_source": 22391}}, {"type": "Feature", "geometry": {"type": "Point", "coordinates": [10.25395, 35.99594]}, "properties": {"record_id": "oai:u-bordeaux-montaigne.fr:340467", "symbol_class": "building", "pixel_x": 3164.5, "pixel_y": 3858.7, "easting": 531853.5, "northing": 299440.5, "epsg_source": 22391}}, {"type": "Feature", "geometry": {"type": "Point", "coordinates": [10.33803, 35.99057]}, "properties": {"record_id": "oai:u-bordeaux-montaigne.fr:340467", "symbol_class": "building", "pixel_x": 4917.5, "pixel_y": 3858.7, "easting": 539434.3, "northing": 298875.6, "epsg_source": 22391}}, {"type": "Feature", "geometry": {"type": "Point", "coordinates": [10.38728, 35.98726]}, "properties": {"record_id": "oai:u-bordeaux-montaigne.fr:340467", "symbol_class": "building", "pixel_x": 5944.8, "pixel_y": 3862.3, "easting": 543875.6, "northing": 298529.5, "epsg_source": 22391}}, {"type": "Feature", "geometry": {"type": "Point", "coordinates": [10.33736, 35.98993]}, "properties": {"record_id": "oai:u-bordeaux-montaigne.fr:340467", "symbol_class": "building", "pixel_x": 4904.9, "pixel_y": 3876.6, "easting": 539374.0, "northing": 298804.1, "epsg_source": 22391}}, {"type": "Feature", "geometry": {"type": "Point", "coordinates": [10.33801, 35.98941]}, "properties": {"record_id": "oai:u-bordeaux-montaigne.fr:340467", "symbol_class": "building", "pixel_x": 4919.5, "pixel_y": 3889.1, "easting": 539432.9, "northing": 298746.5, "epsg_source": 22391}}, {"type": "Feature", "geometry": {"type": "Point", "coordinates": [10.40866, 35.98462]}, "properties": {"record_id": "oai:u-bordeaux-montaigne.fr:340467", "symbol_class": "building", "pixel_x": 6393.4, "pixel_y": 3895.2, "easting": 545804.5, "northing": 298246.0, "epsg_source": 22391}}, {"type": "Feature", "geometry": {"type": "Point", "coordinates": [10.23893, 35.99539]}, "properties": {"record_id": "oai:u-bordeaux-montaigne.fr:340467", "symbol_class": "building", "pixel_x": 2854.5, "pixel_y": 3898.0, "easting": 530499.5, "northing": 299374.4, "epsg_source": 22391}}, {"type": "Feature", "geometry": {"type": "Point", "coordinates": [10.23926, 35.99551]}, "properties": {"record_id": "oai:u-bordeaux-montaigne.fr:340467", "symbol_class": "building", "pixel_x": 2861.0, "pixel_y": 3894.2, "easting": 530529.0, "northing": 299388.1, "epsg_source": 22391}}, {"type": "Feature", "geometry": {"type": "Point", "coordinates": [10.15415, 36.00075]}, "properties": {"record_id": "oai:u-bordeaux-montaigne.fr:340467", "symbol_class": "building", "pixel_x": 1087.1, "pixel_y": 3897.6, "easting": 522856.6, "northing": 299945.3, "epsg_source": 22391}}, {"type": "Feature", "geometry": {"type": "Point", "coordinates": [10.33868, 35.98875]}, "properties": {"record_id": "oai:u-bordeaux-montaigne.fr:340467", "symbol_class": "building", "pixel_x": 4934.9, "pixel_y": 3905.2, "easting": 539494.1, "northing": 298673.4, "epsg_source": 22391}}, {"type": "Feature", "geometry": {"type": "Point", "coordinates": [10.33897, 35.98845]}, "properties": {"record_id": "oai:u-bordeaux-montaigne.fr:340467", "symbol_class": "building", "pixel_x": 4941.5, "pixel_y": 3912.5, "easting": 539520.1, "northing": 298640.6, "epsg_source": 22391}}, {"type": "Feature", "geometry": {"type": "Point", "coordinates": [10.18729, 35.99796]}, "properties": {"record_id": "oai:u-bordeaux-montaigne.fr:340467", "symbol_class": "building", "pixel_x": 1779.4, "pixel_y": 3916.1, "easting": 525844.3, "northing": 299644.3, "epsg_source": 22391}}, {"type": "Feature", "geometry": {"type": "Point", "coordinates": [10.33922, 35.98812]}, "properties": {"record_id": "oai:u-bordeaux-montaigne.fr:340467", "symbol_class": "building", "pixel_x": 4947.4, "pixel_y": 3920.8, "easting": 539542.9, "northing": 298603.5, "epsg_source": 22391}}, {"type": "Feature", "geometry": {"type": "Point", "coordinates": [10.33966, 35.98775]}, "properties": {"record_id": "oai:u-bordeaux-montaigne.fr:340467", "symbol_class": "building", "pixel_x": 4957.4, "pixel_y": 3929.5, "easting": 539583.1, "northing": 298563.4, "epsg_source": 22391}}, {"type": "Feature", "geometry": {"type": "Point", "coordinates": [10.23264, 35.99442]}, "properties": {"record_id": "oai:u-bordeaux-montaigne.fr:340467", "symbol_class": "building", "pixel_x": 2726.2, "pixel_y": 3933.8, "easting": 529932.9, "northing": 299264.4, "epsg_source": 22391}}, {"type": "Feature", "geometry": {"type": "Point", "coordinates": [10.3399, 35.9875]}, "properties": {"record_id": "oai:u-bordeaux-montaigne.fr:340467", "symbol_class": "building", "pixel_x": 4962.9, "pixel_y": 3935.9, "easting": 539604.7, "northing": 298534.9, "epsg_source": 22391}}, {"type": "Feature", "geometry": {"type": "Point", "coordinates": [10.34022, 35.98714]}, "properties": {"record_id": "oai:u-bordeaux-montaigne.fr:340467", "symbol_class": "building", "pixel_x": 4970.2, "pixel_y": 3944.7, "easting": 539633.4, "northing": 298495.2, "epsg_source": 22391}}, {"type": "Feature", "geometry": {"type": "Point", "coordinates": [10.34049, 35.98689]}, "properties": {"record_id": "oai:u-bordeaux-montaigne.fr:340467", "symbol_class": "building", "pixel_x": 4976.4, "pixel_y": 3950.8, "easting": 539658.2, "northing": 298467.6, "epsg_source": 22391}}, {"type": "Feature", "geometry": {"type": "Point", "coordinates": [10.18285, 35.99665]}, "properties": {"record_id": "oai:u-bordeaux-montaigne.fr:340467", "symbol_class": "building", "pixel_x": 1690.1, "pixel_y": 3957.4, "easting": 525444.5, "northing": 299498.3, "epsg_source": 22391}}, {"type": "Feature", "geometry": {"type": "Point", "coordinates": [10.18354, 35.99665]}, "properties": {"record_id": "oai:u-bordeaux-montaigne.fr:340467", "symbol_class": "building", "pixel_x": 1704.4, "pixel_y": 3956.3, "easting": 525506.3, "northing": 299498.2, "epsg_source": 22391}}, {"type": "Feature", "geometry": {"type": "Point", "coordinates": [10.23383, 35.9936]}, "properties": {"record_id": "oai:u-bordeaux-montaigne.fr:340467", "symbol_class": "building", "pixel_x": 2752.6, "pixel_y": 3953.2, "easting": 530040.5, "northing": 299173.9, "epsg_source": 22391}}, {"type": "Feature", "geometry": {"type": "Point", "coordinates": [10.35386, 35.98592]}, "properties": {"record_id": "oai:u-bordeaux-montaigne.fr:340467", "symbol_class": "building", "pixel_x": 5255.4, "pixel_y": 3953.6, "easting": 540863.8, "northing": 298365.7, "epsg_source": 22391}}, {"type": "Feature", "geometry": {"type": "Point", "coordinates": [10.29777, 35.98908]}, "properties": {"record_id": "oai:u-bordeaux-montaigne.fr:340467", "symbol_class": "building", "pixel_x": 4086.7, "pixel_y": 3964.9, "easting": 535805.7, "northing": 298694.6, "epsg_source": 22391}}, {"type": "Feature", "geometry": {"type": "Point", "coordinates": [10.23572, 35.99277]}, "properties": {"record_id": "oai:u-bordeaux-montaigne.fr:340467", "symbol_class": "building", "pixel_x": 2793.5, "pixel_y": 3971.6, "easting": 530211.0, "northing": 299083.0, "epsg_source": 22391}}, {"type": "Feature", "geometry": {"type": "Point", "coordinates": [10.15612, 35.99774]}, "properties": {"record_id": "oai:u-bordeaux-montaigne.fr:340467", "symbol_class": "building", "pixel_x": 1134.0, "pixel_y": 3972.8, "easting": 523034.5, "northing": 299612.6, "epsg_source": 22391}}, {"type": "Feature", "geometry": {"type": "Point", "coordinates": [10.29751, 35.98869]}, "properties": {"record_id": "oai:u-bordeaux-montaigne.fr:340467", "symbol_class": "building", "pixel_x": 4082.1, "pixel_y": 3975.4, "easting": 535782.4, "northing": 298651.5, "epsg_source": 22391}}, {"type": "Feature", "geometry": {"type": "Point", "coordinates": [10.20436, 35.99449]}, "properties": {"record_id": "oai:u-bordeaux-montaigne.fr:340467", "symbol_class": "building", "pixel_x": 2140.2, "pixel_y": 3978.6, "easting": 527383.9, "northing": 299263.8, "epsg_source": 22391}}, {"type": "Feature", "geometry": {"type": "Point", "coordinates": [10.20801, 35.99419]}, "properties": {"record_id": "oai:u-bordeaux-montaigne.fr:340467", "symbol_class": "building", "pixel_x": 2216.5, "pixel_y": 3980.2, "easting": 527713.3, "northing": 299232.2, "epsg_source": 22391}}, {"type": "Feature", "geometry": {"type": "Point", "coordinates": [10.2936, 35.98867]}, "properties": {"record_id": "oai:u-bordeaux-montaigne.fr:340467", "symbol_class": "building", "pixel_x": 4001.2, "pixel_y": 3982.6, "easting": 535430.3, "northing": 298647.4, "epsg_source": 22391}}, {"type": "Feature", "geometry": {"type": "Point", "coordinates": [10.2152, 35.99358]}, "properties": {"record_id": "oai:u-bordeaux-montaigne.fr:340467", "symbol_class": "building", "pixel_x": 2366.6, "pixel_y": 3984.3, "easting": 528361.0, "northing": 299166.8, "epsg_source": 22391}}, {"type": "Feature", "geometry": {"type": "Point", "coordinates": [10.29744, 35.98824]}, "properties": {"record_id": "oai:u-bordeaux-montaigne.fr:340467", "symbol_class": "building", "pixel_x": 4081.7, "pixel_y": 3987.4, "easting": 535777.0, "northing": 298600.7, "epsg_source": 22391}}, {"type": "Feature", "geometry": {"type": "Point", "coordinates": [10.30483, 35.98759]}, "properties": {"record_id": "oai:u-bordeaux-montaigne.fr:340467", "symbol_class": "building", "pixel_x": 4236.1, "pixel_y": 3992.0, "easting": 536443.2, "northing": 298531.8, "epsg_source": 22391}}, {"type": "Feature", "geometry": {"type": "Point", "coordinates": [10.30405, 35.98746]}, "properties": {"record_id": "oai:u-bordeaux-montaigne.fr:340467", "symbol_class": "building", "pixel_x": 4220.3, "pixel_y": 3996.8, "easting": 536373.0, "northing": 298516.7, "epsg_source": 22391}}, {"type": "Feature", "geometry": {"type": "Point", "coordinates": [10.30557, 35.98725]}, "properties": {"record_id": "oai:u-bordeaux-montaigne.fr:340467", "symbol_class": "building", "pixel_x": 4252.1, "pixel_y": 3999.7, "easting": 536509.6, "northing": 298493.9, "epsg_source": 22391}}, {"type": "Feature", "geometry": {"type": "Point", "coordinates": [10.33803, 35.98521]}, "properties": {"record_id": "oai:u-bordeaux-montaigne.fr:340467", "symbol_class": "building", "pixel_x": 4929.0, "pixel_y": 3998.7, "easting": 539437.2, "northing": 298280.3, "epsg_source": 22391}}, {"type": "Feature", "geometry": {"type": "Point", "coordinates": [10.34746, 35.98433]}, "properties": {"record_id": "oai:u-bordeaux-montaigne.fr:340467", "symbol_class": "building", "pixel_x": 5126.2, "pixel_y": 4005.6, "easting": 540287.7, "northing": 298187.4, "epsg_source": 22391}}, {"type": "Feature", "geometry": {"type": "Point", "coordinates": [10.29438, 35.98774]}, "properties": {"record_id": "oai:u-bordeaux-montaigne.fr:340467", "symbol_class": "building", "pixel_x": 4019.3, "pixel_y": 4005.6, "easting": 535501.0, "northing": 298544.3, "epsg_source": 22391}}, {"type": "Feature", "geometry": {"type": "Point", "coordinates": [10.35855, 35.98358]}, "properties": {"record_id": "oai:u-bordeaux-montaigne.fr:340467", "symbol_class": "building", "pixel_x": 5357.5, "pixel_y": 4006.6, "easting": 541287.5, "northing": 298108.6, "epsg_source": 22391}}, {"type": "Feature", "geometry": {"type": "Point", "coordinates": [10.35966, 35.98332]}, "properties": {"record_id": "oai:u-bordeaux-montaigne.fr:340467", "symbol_class": "building", "pixel_x": 5381.0, "pixel_y": 4011.6, "easting": 541387.7, "northing": 298080.1, "epsg_source": 22391}}, {"type": "Feature", "geometry": {"type": "Point", "coordinates": [10.20087, 35.99333]}, "properties": {"record_id": "oai:u-bordeaux-montaigne.fr:340467", "symbol_class": "building", "pixel_x": 2070.3, "pixel_y": 4014.4, "easting": 527069.4, "northing": 299134.7, "epsg_source": 22391}}, {"type": "Feature", "geometry": {"type": "Point", "coordinates": [10.33768, 35.98463]}, "properties": {"record_id": "oai:u-bordeaux-montaigne.fr:340467", "symbol_class": "building", "pixel_x": 4923.0, "pixel_y": 4014.4, "easting": 539406.0, "northing": 298215.7, "epsg_source": 22391}}, {"type": "Feature", "geometry": {"type": "Point", "coordinates": [10.30365, 35.9866]}, "properties": {"record_id": "oai:u-bordeaux-montaigne.fr:340467", "symbol_class": "building", "pixel_x": 4213.8, "pixel_y": 4019.7, "easting": 536337.5, "northing": 298421.9, "epsg_source": 22391}}, {"type": "Feature", "geometry": {"type": "Point", "coordinates": [10.3045, 35.98653]}, "properties": {"record_id": "oai:u-bordeaux-montaigne.fr:340467", "symbol_class": "building", "pixel_x": 4231.5, "pixel_y": 4020.1, "easting": 536413.5, "northing": 298414.4, "epsg_source": 22391}}, {"type": "Feature", "geometry": {"type": "Point", "coordinates": [10.48244, 35.97499]}, "properties": {"record_id": "oai:u-bordeaux-montaigne.fr:340467", "symbol_class": "building", "pixel_x": 7942.6, "pixel_y": 4020.9, "easting": 552462.0, "northing": 297215.5, "epsg_source": 22391}}, {"type": "Feature", "geometry": {"type": "Point", "coordinates": [10.32805, 35.98486]}, "properties": {"record_id": "oai:u-bordeaux-montaigne.fr:340467", "symbol_class": "building", "pixel_x": 4723.0, "pixel_y": 4024.3, "easting": 538537.8, "northing": 298238.2, "epsg_source": 22391}}, {"type": "Feature", "geometry": {"type": "Point", "coordinates": [10.3052, 35.98621]}, "properties": {"record_id": "oai:u-bordeaux-montaigne.fr:340467", "symbol_class": "building", "pixel_x": 4246.7, "pixel_y": 4027.4, "easting": 536477.1, "northing": 298378.5, "epsg_source": 22391}}, {"type": "Feature", "geometry": {"type": "Point", "coordinates": [10.30596, 35.98608]}, "properties": {"record_id": "oai:u-bordeaux-montaigne.fr:340467", "symbol_class": "building", "pixel_x": 4262.7, "pixel_y": 4029.6, "easting": 536545.6, "northing": 298364.2, "epsg_source": 22391}}, {"type": "Feature", "geometry": {"type": "Point", "coordinates": [10.20386, 35.99226]}, "properties": {"record_id": "oai:u-bordeaux-montaigne.fr:340467", "symbol_class": "building", "pixel_x": 2134.5, "pixel_y": 4037.5, "easting": 527339.4, "northing": 299016.4, "epsg_source": 22391}}, {"type": "Feature", "geometry": {"type": "Point", "coordinates": [10.1847, 35.99347]}, "properties": {"record_id": "oai:u-bordeaux-montaigne.fr:340467", "symbol_class": "building", "pixel_x": 1735.0, "pixel_y": 4037.5, "easting": 525611.8, "northing": 299145.4, "epsg_source": 22391}}, {"type": "Feature", "geometry": {"type": "Point", "coordinates": [10.41276, 35.97891]}, "properties": {"record_id": "oai:u-bordeaux-montaigne.fr:340467", "symbol_class": "building", "pixel_x": 6490.6, "pixel_y": 4037.0, "easting": 546177.5, "northing": 297615.0, "epsg_source": 22391}}, {"type": "Feature", "geometry": {"type": "Point", "coordinates": [10.29384, 35.98655]}, "properties": {"record_id": "oai:u-bordeaux-montaigne.fr:340467", "symbol_class": "building", "pixel_x": 4010.5, "pixel_y": 4037.4, "easting": 535452.4, "northing": 298412.5, "epsg_source": 22391}}, {"type": "Feature", "geometry": {"type": "Point", "coordinates": [10.28139, 35.98718]}, "properties": {"record_id": "oai:u-bordeaux-montaigne.fr:340467", "symbol_class": "building", "pixel_x": 3751.3, "pixel_y": 4041.7, "easting": 534330.0, "northing": 298477.7, "epsg_source": 22391}}, {"type": "Feature", "geometry": {"type": "Point", "coordinates": [10.20204, 35.99233]}, "properties": {"record_id": "oai:u-bordeaux-montaigne.fr:340467", "symbol_class": "building", "pixel_x": 2096.7, "pixel_y": 4038.7, "easting": 527175.3, "northing": 299023.6, "epsg_source": 22391}}, {"type": "Feature", "geometry": {"type": "Point", "coordinates": [10.20292, 35.99215]}, "properties": {"record_id": "oai:u-bordeaux-montaigne.fr:340467", "symbol_class": "building", "pixel_x": 2115.3, "pixel_y": 4041.9, "easting": 527255.0, "northing": 299003.9, "epsg_source": 22391}}, {"type": "Feature", "geometry": {"type": "Point", "coordinates": [10.29413, 35.98611]}, "properties": {"record_id": "oai:u-bordeaux-montaigne.fr:340467", "symbol_class": "building", "pixel_x": 4017.6, "pixel_y": 4048.5, "easting": 535479.0, "northing": 298363.2, "epsg_source": 22391}}, {"type": "Feature", "geometry": {"type": "Point", "coordinates": [10.42166, 35.97761]}, "properties": {"record_id": "oai:u-bordeaux-montaigne.fr:340467", "symbol_class": "building", "pixel_x": 6677.8, "pixel_y": 4056.1, "easting": 546980.7, "northing": 297474.3, "epsg_source": 22391}}, {"type": "Feature", "geometry": {"type": "Point", "coordinates": [10.20141, 35.99164]}, "properties": {"record_id": "oai:u-bordeaux-montaigne.fr:340467", "symbol_class": "building", "pixel_x": 2085.2, "pixel_y": 4057.7, "easting": 527119.2, "northing": 298947.0, "epsg_source": 22391}}, {"type": "Feature", "geometry": {"type": "Point", "coordinates": [10.27857, 35.9866]}, "properties": {"record_id": "oai:u-bordeaux-montaigne.fr:340467", "symbol_class": "building", "pixel_x": 3694.2, "pixel_y": 4061.5, "easting": 534076.1, "northing": 298412.4, "epsg_source": 22391}}, {"type": "Feature", "geometry": {"type": "Point", "coordinates": [10.2006, 35.99161]}, "properties": {"record_id": "oai:u-bordeaux-montaigne.fr:340467", "symbol_class": "building", "pixel_x": 2068.4, "pixel_y": 4059.8, "easting": 527045.9, "northing": 298943.6, "epsg_source": 22391}}, {"type": "Feature", "geometry": {"type": "Point", "coordinates": [10.20026, 35.99159]}, "properties": {"record_id": "oai:u-bordeaux-montaigne.fr:340467", "symbol_class": "building", "pixel_x": 2061.3, "pixel_y": 4060.8, "easting": 527015.1, "northing": 298941.4, "epsg_source": 22391}}, {"type": "Feature", "geometry": {"type": "Point", "coordinates": [10.29391, 35.98558]}, "properties": {"record_id": "oai:u-bordeaux-montaigne.fr:340467", "symbol_class": "building", "pixel_x": 4014.1, "pixel_y": 4062.7, "easting": 535459.4, "northing": 298304.3, "epsg_source": 22391}}, {"type": "Feature", "geometry": {"type": "Point", "coordinates": [10.20105, 35.9915]}, "properties": {"record_id": "oai:u-bordeaux-montaigne.fr:340467", "symbol_class": "building", "pixel_x": 2077.8, "pixel_y": 4062.0, "easting": 527086.1, "northing": 298931.2, "epsg_source": 22391}}, {"type": "Feature", "geometry": {"type": "Point", "coordinates": [10.27981, 35.98649]}, "properties": {"record_id": "oai:u-bordeaux-montaigne.fr:340467", "symbol_class": "building", "pixel_x": 3720.1, "pixel_y": 4062.3, "easting": 534188.1, "northing": 298400.9, "epsg_source": 22391}}, {"type": "Feature", "geometry": {"type": "Point", "coordinates": [10.31576, 35.98392]}, "properties": {"record_id": "oai:u-bordeaux-montaigne.fr:340467", "symbol_class": "building", "pixel_x": 4470.4, "pixel_y": 4069.4, "easting": 537430.4, "northing": 298129.0, "epsg_source": 22391}}, {"type": "Feature", "geometry": {"type": "Point", "coordinates": [10.18855, 35.99183]}, "properties": {"record_id": "oai:u-bordeaux-montaigne.fr:340467", "symbol_class": "building", "pixel_x": 1818.3, "pixel_y": 4073.8, "easting": 525959.7, "northing": 298964.8, "epsg_source": 22391}}, {"type": "Feature", "geometry": {"type": "Point", "coordinates": [10.20101, 35.99116]}, "properties": {"record_id": "oai:u-bordeaux-montaigne.fr:340467", "symbol_class": "building", "pixel_x": 2077.8, "pixel_y": 4070.8, "easting": 527082.9, "northing": 298894.1, "epsg_source": 22391}}, {"type": "Feature", "geometry": {"type": "Point", "coordinates": [10.29335, 35.98524]}, "properties": {"record_id": "oai:u-bordeaux-montaigne.fr:340467", "symbol_class": "building", "pixel_x": 4003.2, "pixel_y": 4072.5, "easting": 535409.0, "northing": 298266.6, "epsg_source": 22391}}, {"type": "Feature", "geometry": {"type": "Point", "coordinates": [10.28074, 35.98598]}, "properties": {"record_id": "oai:u-bordeaux-montaigne.fr:340467", "symbol_class": "building", "pixel_x": 3740.5, "pixel_y": 4074.1, "easting": 534272.3, "northing": 298344.5, "epsg_source": 22391}}, {"type": "Feature", "geometry": {"type": "Point", "coordinates": [10.24689, 35.988]}, "properties": {"record_id": "oai:u-bordeaux-montaigne.fr:340467", "symbol_class": "building", "pixel_x": 3035.0, "pixel_y": 4077.6, "easting": 531220.1, "northing": 298557.0, "epsg_source": 22391}}, {"type": "Feature", "geometry": {"type": "Point", "coordinates": [10.24679, 35.98771]}, "properties": {"record_id": "oai:u-bordeaux-montaigne.fr:340467", "symbol_class": "building", "pixel_x": 3033.6, "pixel_y": 4085.3, "easting": 531211.4, "northing": 298524.7, "epsg_source": 22391}}, {"type": "Feature", "geometry": {"type": "Point", "coordinates": [10.3993, 35.97771]}, "properties": {"record_id": "oai:u-bordeaux-montaigne.fr:340467", "symbol_class": "building", "pixel_x": 6214.3, "pixel_y": 4091.2, "easting": 544964.4, "northing": 297475.0, "epsg_source": 22391}}, {"type": "Feature", "geometry": {"type": "Point", "coordinates": [10.48361, 35.97194]}, "properties": {"record_id": "oai:u-bordeaux-montaigne.fr:340467", "symbol_class": "building", "pixel_x": 7973.4, "pixel_y": 4098.6, "easting": 552569.5, "northing": 296877.1, "epsg_source": 22391}}, {"type": "Feature", "geometry": {"type": "Point", "coordinates": [10.29346, 35.98436]}, "properties": {"record_id": "oai:u-bordeaux-montaigne.fr:340467", "symbol_class": "building", "pixel_x": 4007.3, "pixel_y": 4095.1, "easting": 535419.2, "northing": 298169.5, "epsg_source": 22391}}, {"type": "Feature", "geometry": {"type": "Point", "coordinates": [10.47354, 35.97268]}, "properties": {"record_id": "oai:u-bordeaux-montaigne.fr:340467", "symbol_class": "building", "pixel_x": 7763.1, "pixel_y": 4096.3, "easting": 551660.9, "northing": 296954.5, "epsg_source": 22391}}, {"type": "Feature", "geometry": {"type": "Point", "coordinates": [10.28099, 35.98515]}, "properties": {"record_id": "oai:u-bordeaux-montaigne.fr:340467", "symbol_class": "building", "pixel_x": 3747.5, "pixel_y": 4095.2, "easting": 534295.4, "northing": 298252.7, "epsg_source": 22391}}, {"type": "Feature", "geometry": {"type": "Point", "coordinates": [10.40021, 35.97739]}, "properties": {"record_id": "oai:u-bordeaux-montaigne.fr:340467", "symbol_class": "building", "pixel_x": 6233.8, "pixel_y": 4098.0, "easting": 545046.7, "northing": 297440.1, "epsg_source": 22391}}, {"type": "Feature", "geometry": {"type": "Point", "coordinates": [10.21838, 35.98829]}, "properties": {"record_id": "oai:u-bordeaux-montaigne.fr:340467", "symbol_class": "building", "pixel_x": 2443.7, "pixel_y": 4117.1, "easting": 528649.8, "northing": 298580.6, "epsg_source": 22391}}, {"type": "Feature", "geometry": {"type": "Point", "coordinates": [10.321, 35.98166]}, "properties": {"record_id": "oai:u-bordeaux-montaigne.fr:340467", "symbol_class": "building", "pixel_x": 4583.8, "pixel_y": 4119.5, "easting": 537903.9, "northing": 297880.7, "epsg_source": 22391}}, {"type": "Feature", "geometry": {"type": "Point", "coordinates": [10.34299, 35.98014]}, "properties": {"record_id": "oai:u-bordeaux-montaigne.fr:340467", "symbol_class": "building", "pixel_x": 5042.4, "pixel_y": 4122.4, "easting": 539886.4, "northing": 297720.8, "epsg_source": 22391}}, {"type": "Feature", "geometry": {"type": "Point", "coordinates": [10.36035, 35.97876]}, "properties": {"record_id": "oai:u-bordeaux-montaigne.fr:340467", "symbol_class": "building", "pixel_x": 5405.1, "pixel_y": 4129.4, "easting": 541452.5, "northing": 297574.1, "epsg_source": 22391}}, {"type": "Feature", "geometry": {"type": "Point", "coordinates": [10.34273, 35.97989]}, "properties": {"record_id": "oai:u-bordeaux-montaigne.fr:340467", "symbol_class": "building", "pixel_x": 5037.7, "pixel_y": 4129.5, "easting": 539863.6, "northing": 297692.2, "epsg_source": 22391}}, {"type": "Feature", "geometry": {"type": "Point", "coordinates": [10.29167, 35.98278]}, "properties": {"record_id": "oai:u-bordeaux-montaigne.fr:340467", "symbol_class": "building", "pixel_x": 3973.8, "pixel_y": 4139.3, "easting": 535259.2, "northing": 297993.4, "epsg_source": 22391}}, {"type": "Feature", "geometry": {"type": "Point", "coordinates": [10.2661, 35.98387]}, "properties": {"record_id": "oai:u-bordeaux-montaigne.fr:340467", "symbol_class": "building", "pixel_x": 3441.7, "pixel_y": 4153.4, "easting": 532953.5, "northing": 298105.4, "epsg_source": 22391}}, {"type": "Feature", "geometry": {"type": "Point", "coordinates": [10.33754, 35.97852]}, "properties": {"record_id": "oai:u-bordeaux-montaigne.fr:340467", "symbol_class": "building", "pixel_x": 4933.0, "pixel_y": 4173.8, "easting": 539396.2, "northing": 297538.8, "epsg_source": 22391}}, {"type": "Feature", "geometry": {"type": "Point", "coordinates": [10.40542, 35.97411]}, "properties": {"record_id": "oai:u-bordeaux-montaigne.fr:340467", "symbol_class": "building", "pixel_x": 6348.7, "pixel_y": 4174.6, "easting": 545518.1, "northing": 297079.0, "epsg_source": 22391}}, {"type": "Feature", "geometry": {"type": "Point", "coordinates": [10.33247, 35.97872]}, "properties": {"record_id": "oai:u-bordeaux-montaigne.fr:340467", "symbol_class": "building", "pixel_x": 4827.5, "pixel_y": 4177.0, "easting": 538938.7, "northing": 297559.1, "epsg_source": 22391}}, {"type": "Feature", "geometry": {"type": "Point", "coordinates": [10.40587, 35.97351]}, "properties": {"record_id": "oai:u-bordeaux-montaigne.fr:340467", "symbol_class": "building", "pixel_x": 6359.5, "pixel_y": 4189.6, "easting": 545559.6, "northing": 297012.0, "epsg_source": 22391}}, {"type": "Feature", "geometry": {"type": "Point", "coordinates": [10.2826, 35.97973]}, "properties": {"record_id": "oai:u-bordeaux-montaigne.fr:340467", "symbol_class": "building", "pixel_x": 3792.2, "pixel_y": 4234.0, "easting": 534442.5, "northing": 297651.6, "epsg_source": 22391}}, {"type": "Feature", "geometry": {"type": "Point", "coordinates": [10.28394, 35.97962]}, "properties": {"record_id": "oai:u-bordeaux-montaigne.fr:340467", "symbol_class": "building", "pixel_x": 3820.3, "pixel_y": 4234.7, "easting": 534563.8, "northing": 297639.7, "epsg_source": 22391}}, {"type": "Feature", "geometry": {"type": "Point", "coordinates": [10.28458, 35.97948]}, "properties": {"record_id": "oai:u-bordeaux-montaigne.fr:340467", "symbol_class": "building", "pixel_x": 3833.7, "pixel_y": 4237.1, "easting": 534621.0, "northing": 297625.0, "epsg_source": 22391}}, {"type": "Feature", "geometry": {"type": "Point", "coordinates": [10.30056, 35.97806]}, "properties": {"record_id": "oai:u-bordeaux-montaigne.fr:340467", "symbol_class": "building", "pixel_x": 4167.8, "pixel_y": 4247.5, "easting": 536062.4, "northing": 297473.5, "epsg_source": 22391}}, {"type": "Feature", "geometry": {"type": "Point", "coordinates": [10.28157, 35.97925]}, "properties": {"record_id": "oai:u-bordeaux-montaigne.fr:340467", "symbol_class": "building", "pixel_x": 3772.0, "pixel_y": 4248.3, "easting": 534350.3, "northing": 297597.9, "epsg_source": 22391}}, {"type": "Feature", "geometry": {"type": "Point", "coordinates": [10.2843, 35.97915]}, "properties": {"record_id": "oai:u-bordeaux-montaigne.fr:340467", "symbol_class": "building", "pixel_x": 3828.6, "pixel_y": 4246.2, "easting": 534595.7, "northing": 297588.2, "epsg_source": 22391}}, {"type": "Feature", "geometry": {"type": "Point", "coordinates": [10.28489, 35.97899]}, "properties": {"record_id": "oai:u-bordeaux-montaigne.fr:340467", "symbol_class": "building", "pixel_x": 3841.2, "pixel_y": 4249.3, "easting": 534649.3, "northing": 297571.1, "epsg_source": 22391}}, {"type": "Feature", "geometry": {"type": "Point", "coordinates": [10.30088, 35.97804]}, "properties": {"record_id": "oai:u-bordeaux-montaigne.fr:340467", "symbol_class": "building", "pixel_x": 4174.5, "pixel_y": 4247.5, "easting": 536091.2, "northing": 297471.4, "epsg_source": 22391}}, {"type": "Feature", "geometry": {"type": "Point", "coordinates": [10.42434, 35.96985]}, "properties": {"record_id": "oai:u-bordeaux-montaigne.fr:340467", "symbol_class": "building", "pixel_x": 6750.0, "pixel_y": 4253.6, "easting": 547226.8, "northing": 296615.9, "epsg_source": 22391}}, {"type": "Feature", "geometry": {"type": "Point", "coordinates": [10.28211, 35.97903]}, "properties": {"record_id": "oai:u-bordeaux-montaigne.fr:340467", "symbol_class": "building", "pixel_x": 3783.5, "pixel_y": 4253.0, "easting": 534398.7, "northing": 297574.2, "epsg_source": 22391}}, {"type": "Feature", "geometry": {"type": "Point", "coordinates": [10.28264, 35.97876]}, "properties": {"record_id": "oai:u-bordeaux-montaigne.fr:340467", "symbol_class": "building", "pixel_x": 3795.1, "pixel_y": 4259.1, "easting": 534446.5, "northing": 297544.7, "epsg_source": 22391}}, {"type": "Feature", "geometry": {"type": "Point", "coordinates": [10.4063, 35.97078]}, "properties": {"record_id": "oai:u-bordeaux-montaigne.fr:340467", "symbol_class": "building", "pixel_x": 6374.1, "pixel_y": 4259.9, "easting": 545599.5, "northing": 296710.1, "epsg_source": 22391}}, {"type": "Feature", "geometry": {"type": "Point", "coordinates": [10.42446, 35.96927]}, "properties": {"record_id": "oai:u-bordeaux-montaigne.fr:340467", "symbol_class": "building", "pixel_x": 6753.7, "pixel_y": 4268.5, "easting": 547237.9, "northing": 296551.6, "epsg_source": 22391}}, {"type": "Feature", "geometry": {"type": "Point", "coordinates": [10.26703, 35.97921]}, "properties": {"record_id": "oai:u-bordeaux-montaigne.fr:340467", "symbol_class": "building", "pixel_x": 3470.6, "pixel_y": 4273.3, "easting": 533038.7, "northing": 297589.2, "epsg_source": 22391}}, {"type": "Feature", "geometry": {"type": "Point", "coordinates": [10.30995, 35.97584]}, "properties": {"record_id": "oai:u-bordeaux-montaigne.fr:340467", "symbol_class": "building", "pixel_x": 4367.1, "pixel_y": 4289.9, "easting": 536910.1, "northing": 297230.1, "epsg_source": 22391}}, {"type": "Feature", "geometry": {"type": "Point", "coordinates": [10.40148, 35.96957]}, "properties": {"record_id": "oai:u-bordeaux-montaigne.fr:340467", "symbol_class": "building", "pixel_x": 6276.8, "pixel_y": 4299.7, "easting": 545165.4, "northing": 296573.2, "epsg_source": 22391}}, {"type": "Feature", "geometry": {"type": "Point", "coordinates": [10.31005, 35.97556]}, "properties": {"record_id": "oai:u-bordeaux-montaigne.fr:340467", "symbol_class": "building", "pixel_x": 4369.7, "pixel_y": 4297.0, "easting": 536918.8, "northing": 297199.2, "epsg_source": 22391}}, {"type": "Feature", "geometry": {"type": "Point", "coordinates": [10.3105, 35.97541]}, "properties": {"record_id": "oai:u-bordeaux-montaigne.fr:340467", "symbol_class": "building", "pixel_x": 4379.4, "pixel_y": 4300.2, "easting": 536959.9, "northing": 297182.5, "epsg_source": 22391}}, {"type": "Feature", "geometry": {"type": "Point", "coordinates": [10.39081, 35.96964]}, "properties": {"record_id": "oai:u-bordeaux-montaigne.fr:340467", "symbol_class": "building", "pixel_x": 6055.7, "pixel_y": 4315.7, "easting": 544203.8, "northing": 296576.9, "epsg_source": 22391}}, {"type": "Feature", "geometry": {"type": "Point", "coordinates": [10.47797, 35.96337]}, "properties": {"record_id": "oai:u-bordeaux-montaigne.fr:340467", "symbol_class": "building", "pixel_x": 7875.0, "pixel_y": 4331.6, "easting": 552066.0, "northing": 295923.6, "epsg_source": 22391}}, {"type": "Feature", "geometry": {"type": "Point", "coordinates": [10.33071, 35.97271]}, "properties": {"record_id": "oai:u-bordeaux-montaigne.fr:340467", "symbol_class": "building", "pixel_x": 4803.8, "pixel_y": 4336.7, "easting": 538783.0, "northing": 296891.4, "epsg_source": 22391}}, {"type": "Feature", "geometry": {"type": "Point", "coordinates": [10.26323, 35.97674]}, "properties": {"record_id": "oai:u-bordeaux-montaigne.fr:340467", "symbol_class": "building", "pixel_x": 3397.2, "pixel_y": 4344.1, "easting": 532697.4, "northing": 297313.3, "epsg_source": 22391}}, {"type": "Feature", "geometry": {"type": "Point", "coordinates": [10.2916, 35.9751]}, "properties": {"record_id": "oai:u-bordeaux-montaigne.fr:340467", "symbol_class": "building", "pixel_x": 3988.5, "pixel_y": 4339.6, "easting": 535256.1, "northing": 297141.9, "epsg_source": 22391}}, {"type": "Feature", "geometry": {"type": "Point", "coordinates": [10.31667, 35.97275]}, "properties": {"record_id": "oai:u-bordeaux-montaigne.fr:340467", "symbol_class": "building", "pixel_x": 4512.9, "pixel_y": 4359.2, "easting": 537517.4, "northing": 296890.3, "epsg_source": 22391}}, {"type": "Feature", "geometry": {"type": "Point", "coordinates": [10.3173, 35.97267]}, "properties": {"record_id": "oai:u-bordeaux-montaigne.fr:340467", "symbol_class": "building", "pixel_x": 4526.1, "pixel_y": 4360.2, "easting": 537574.0, "northing": 296881.8, "epsg_source": 22391}}, {"type": "Feature", "geometry": {"type": "Point", "coordinates": [10.26413, 35.97579]}, "properties": {"record_id": "oai:u-bordeaux-montaigne.fr:340467", "symbol_class": "building", "pixel_x": 3417.8, "pixel_y": 4367.3, "easting": 532778.7, "northing": 297208.7, "epsg_source": 22391}}, {"type": "Feature", "geometry": {"type": "Point", "coordinates": [10.31649, 35.97253]}, "properties": {"record_id": "oai:u-bordeaux-montaigne.fr:340467", "symbol_class": "building", "pixel_x": 4509.6, "pixel_y": 4365.2, "easting": 537501.0, "northing": 296866.0, "epsg_source": 22391}}, {"type": "Feature", "geometry": {"type": "Point", "coordinates": [10.25816, 35.97541]}, "properties": {"record_id": "oai:u-bordeaux-montaigne.fr:340467", "symbol_class": "building", "pixel_x": 3295.1, "pixel_y": 4387.3, "easting": 532241.4, "northing": 297163.8, "epsg_source": 22391}}, {"type": "Feature", "geometry": {"type": "Point", "coordinates": [10.38047, 35.96747]}, "properties": {"record_id": "oai:u-bordeaux-montaigne.fr:340467", "symbol_class": "building", "pixel_x": 5846.1, "pixel_y": 4389.9, "easting": 543272.7, "northing": 296330.7, "epsg_source": 22391}}, {"type": "Feature", "geometry": {"type": "Point", "coordinates": [10.29798, 35.97266]}, "properties": {"record_id": "oai:u-bordeaux-montaigne.fr:340467", "symbol_class": "building", "pixel_x": 4125.8, "pixel_y": 4392.6, "easting": 535831.9, "northing": 296873.5, "epsg_source": 22391}}, {"type": "Feature", "geometry": {"type": "Point", "coordinates": [10.28067, 35.97369]}, "properties": {"record_id": "oai:u-bordeaux-montaigne.fr:340467", "symbol_class": "building", "pixel_x": 3765.0, "pixel_y": 4394.7, "easting": 534271.0, "northing": 296981.2, "epsg_source": 22391}}, {"type": "Feature", "geometry": {"type": "Point", "coordinates": [10.37801, 35.96712]}, "properties": {"record_id": "oai:u-bordeaux-montaigne.fr:340467", "symbol_class": "building", "pixel_x": 5795.9, "pixel_y": 4403.0, "easting": 543051.1, "northing": 296291.7, "epsg_source": 22391}}, {"type": "Feature", "geometry": {"type": "Point", "coordinates": [10.304, 35.97094]}, "properties": {"record_id": "oai:u-bordeaux-montaigne.fr:340467", "symbol_class": "building", "pixel_x": 4254.3, "pixel_y": 4427.5, "easting": 536376.2, "northing": 296684.7, "epsg_source": 22391}}, {"type": "Feature", "geometry": {"type": "Point", "coordinates": [10.47746, 35.95952]}, "properties": {"record_id": "oai:u-bordeaux-montaigne.fr:340467", "symbol_class": "building", "pixel_x": 7872.8, "pixel_y": 4432.8, "easting": 552022.6, "northing": 295496.6, "epsg_source": 22391}}, {"type": "Feature", "geometry": {"type": "Point", "coordinates": [10.47767, 35.95909]}, "properties": {"record_id": "oai:u-bordeaux-montaigne.fr:340467", "symbol_class": "building", "pixel_x": 7878.1, "pixel_y": 4443.6, "easting": 552041.8, "northing": 295449.0, "epsg_source": 22391}}, {"type": "Feature", "geometry": {"type": "Point", "coordinates": [10.316, 35.96902]}, "properties": {"record_id": "oai:u-bordeaux-montaigne.fr:340467", "symbol_class": "building", "pixel_x": 4506.9, "pixel_y": 4457.4, "easting": 537458.3, "northing": 296476.7, "epsg_source": 22391}}, {"type": "Feature", "geometry": {"type": "Point", "coordinates": [10.47812, 35.95817]}, "properties": {"record_id": "oai:u-bordeaux-montaigne.fr:340467", "symbol_class": "building", "pixel_x": 7889.5, "pixel_y": 4466.9, "easting": 552083.4, "northing": 295346.9, "epsg_source": 22391}}, {"type": "Feature", "geometry": {"type": "Point", "coordinates": [10.44698, 35.96003]}, "properties": {"record_id": "oai:u-bordeaux-montaigne.fr:340467", "symbol_class": "building", "pixel_x": 7240.3, "pixel_y": 4471.4, "easting": 549274.4, "northing": 295537.1, "epsg_source": 22391}}, {"type": "Feature", "geometry": {"type": "Point", "coordinates": [10.25687, 35.97205]}, "properties": {"record_id": "oai:u-bordeaux-montaigne.fr:340467", "symbol_class": "building", "pixel_x": 3275.3, "pixel_y": 4476.8, "easting": 532126.0, "northing": 296791.6, "epsg_source": 22391}}, {"type": "Feature", "geometry": {"type": "Point", "coordinates": [10.47456, 35.9581]}, "properties": {"record_id": "oai:u-bordeaux-montaigne.fr:340467", "symbol_class": "building", "pixel_x": 7815.9, "pixel_y": 4474.8, "easting": 551762.7, "northing": 295337.4, "epsg_source": 22391}}, {"type": "Feature", "geometry": {"type": "Point", "coordinates": [10.47918, 35.95749]}, "properties": {"record_id": "oai:u-bordeaux-montaigne.fr:340467", "symbol_class": "building", "pixel_x": 7912.9, "pixel_y": 4482.8, "easting": 552179.6, "northing": 295272.2, "epsg_source": 22391}}, {"type": "Feature", "geometry": {"type": "Point", "coordinates": [10.28913, 35.96995]}, "properties": {"record_id": "oai:u-bordeaux-montaigne.fr:340467", "symbol_class": "building", "pixel_x": 3948.1, "pixel_y": 4478.1, "easting": 535035.2, "northing": 296569.6, "epsg_source": 22391}}, {"type": "Feature", "geometry": {"type": "Point", "coordinates": [10.42891, 35.96075]}, "properties": {"record_id": "oai:u-bordeaux-montaigne.fr:340467", "symbol_class": "building", "pixel_x": 6864.2, "pixel_y": 4483.1, "easting": 547644.2, "northing": 295608.8, "epsg_source": 22391}}, {"type": "Feature", "geometry": {"type": "Point", "coordinates": [10.45213, 35.95867]}, "properties": {"record_id": "oai:u-bordeaux-montaigne.fr:340467", "symbol_class": "building", "pixel_x": 7349.9, "pixel_y": 4498.1, "easting": 549739.4, "northing": 295388.7, "epsg_source": 22391}}, {"type": "Feature", "geometry": {"type": "Point", "coordinates": [10.33925, 35.96585]}, "properties": {"record_id": "oai:u-bordeaux-montaigne.fr:340467", "symbol_class": "building", "pixel_x": 4995.4, "pixel_y": 4501.4, "easting": 539556.3, "northing": 296133.4, "epsg_source": 22391}}, {"type": "Feature", "geometry": {"type": "Point", "coordinates": [10.43152, 35.95952]}, "properties": {"record_id": "oai:u-bordeaux-montaigne.fr:340467", "symbol_class": "building", "pixel_x": 6920.9, "pixel_y": 4510.8, "easting": 547880.1, "northing": 295473.2, "epsg_source": 22391}}, {"type": "Feature", "geometry": {"type": "Point", "coordinates": [10.44398, 35.95875]}, "properties": {"record_id": "oai:u-bordeaux-montaigne.fr:340467", "symbol_class": "building", "pixel_x": 7180.8, "pixel_y": 4509.7, "easting": 549004.6, "northing": 295394.3, "epsg_source": 22391}}, {"type": "Feature", "geometry": {"type": "Point", "coordinates": [10.28954, 35.96859]}, "properties": {"record_id": "oai:u-bordeaux-montaigne.fr:340467", "symbol_class": "building", "pixel_x": 3959.5, "pixel_y": 4512.9, "easting": 535072.7, "northing": 296418.5, "epsg_source": 22391}}, {"type": "Feature", "geometry": {"type": "Point", "coordinates": [10.33951, 35.96529]}, "properties": {"record_id": "oai:u-bordeaux-montaigne.fr:340467", "symbol_class": "building", "pixel_x": 5002.0, "pixel_y": 4515.6, "easting": 539580.2, "northing": 296071.4, "epsg_source": 22391}}, {"type": "Feature", "geometry": {"type": "Point", "coordinates": [10.47611, 35.95642]}, "properties": {"record_id": "oai:u-bordeaux-montaigne.fr:340467", "symbol_class": "building", "pixel_x": 7851.6, "pixel_y": 4515.9, "easting": 551903.2, "northing": 295151.7, "epsg_source": 22391}}, {"type": "Feature", "geometry": {"type": "Point", "coordinates": [10.33999, 35.96504]}, "properties": {"record_id": "oai:u-bordeaux-montaigne.fr:340467", "symbol_class": "building", "pixel_x": 5012.6, "pixel_y": 4521.1, "easting": 539624.2, "northing": 296044.6, "epsg_source": 22391}}, {"type": "Feature", "geometry": {"type": "Point", "coordinates": [10.477, 35.95616]}, "properties": {"record_id": "oai:u-bordeaux-montaigne.fr:340467", "symbol_class": "building", "pixel_x": 7870.7, "pixel_y": 4521.2, "easting": 551984.1, "northing": 295123.5, "epsg_source": 22391}}, {"type": "Feature", "geometry": {"type": "Point", "coordinates": [10.36791, 35.96305]}, "properties": {"record_id": "oai:u-bordeaux-montaigne.fr:340467", "symbol_class": "building", "pixel_x": 5595.3, "pixel_y": 4526.3, "easting": 542142.2, "northing": 295835.1, "epsg_source": 22391}}, {"type": "Feature", "geometry": {"type": "Point", "coordinates": [10.44513, 35.95801]}, "properties": {"record_id": "oai:u-bordeaux-montaigne.fr:340467", "symbol_class": "building", "pixel_x": 7206.3, "pixel_y": 4527.0, "easting": 549108.9, "northing": 295312.8, "epsg_source": 22391}}, {"type": "Feature", "geometry": {"type": "Point", "coordinates": [10.44422, 35.95783]}, "properties": {"record_id": "oai:u-bordeaux-montaigne.fr:340467", "symbol_class": "building", "pixel_x": 7187.7, "pixel_y": 4533.3, "easting": 549026.4, "northing": 295292.2, "epsg_source": 22391}}, {"type": "Feature", "geometry": {"type": "Point", "coordinates": [10.36131, 35.96331]}, "properties": {"record_id": "oai:u-bordeaux-montaigne.fr:340467", "symbol_class": "building", "pixel_x": 5458.1, "pixel_y": 4530.4, "easting": 541547.5, "northing": 295861.6, "epsg_source": 22391}}, {"type": "Feature", "geometry": {"type": "Point", "coordinates": [10.322, 35.96515]}, "properties": {"record_id": "oai:u-bordeaux-montaigne.fr:340467", "symbol_class": "building", "pixel_x": 4639.5, "pixel_y": 4548.5, "easting": 538001.4, "northing": 296049.1, "epsg_source": 22391}}, {"type": "Feature", "geometry": {"type": "Point", "coordinates": [10.27444, 35.96798]}, "properties": {"record_id": "oai:u-bordeaux-montaigne.fr:340467", "symbol_class": "building", "pixel_x": 3648.0, "pixel_y": 4553.8, "easting": 533711.9, "northing": 296346.2, "epsg_source": 22391}}, {"type": "Feature", "geometry": {"type": "Point", "coordinates": [10.27551, 35.96809]}, "properties": {"record_id": "oai:u-bordeaux-montaigne.fr:340467", "symbol_class": "building", "pixel_x": 3669.8, "pixel_y": 4549.3, "easting": 533807.9, "northing": 296357.9, "epsg_source": 22391}}, {"type": "Feature", "geometry": {"type": "Point", "coordinates": [10.32228, 35.96495]}, "properties": {"record_id": "oai:u-bordeaux-montaigne.fr:340467", "symbol_class": "building", "pixel_x": 4645.8, "pixel_y": 4553.1, "easting": 538027.3, "northing": 296027.6, "epsg_source": 22391}}, {"type": "Feature", "geometry": {"type": "Point", "coordinates": [10.27495, 35.96786]}, "properties": {"record_id": "oai:u-bordeaux-montaigne.fr:340467", "symbol_class": "building", "pixel_x": 3658.8, "pixel_y": 4556.2, "easting": 533757.8, "northing": 296332.5, "epsg_source": 22391}}, {"type": "Feature", "geometry": {"type": "Point", "coordinates": [10.30753, 35.96585]}, "properties": {"record_id": "oai:u-bordeaux-montaigne.fr:340467", "symbol_class": "building", "pixel_x": 4338.2, "pixel_y": 4554.2, "easting": 536696.8, "northing": 296121.8, "epsg_source": 22391}}, {"type": "Feature", "geometry": {"type": "Point", "coordinates": [10.30714, 35.96569]}, "properties": {"record_id": "oai:u-bordeaux-montaigne.fr:340467", "symbol_class": "building", "pixel_x": 4330.3, "pixel_y": 4559.1, "easting": 536661.0, "northing": 296104.0, "epsg_source": 22391}}, {"type": "Feature", "geometry": {"type": "Point", "coordinates": [10.30681, 35.96565]}, "properties": {"record_id": "oai:u-bordeaux-montaigne.fr:340467", "symbol_class": "building", "pixel_x": 4323.6, "pixel_y": 4560.9, "easting": 536631.2, "northing": 296098.4, "epsg_source": 22391}}, {"type": "Feature", "geometry": {"type": "Point", "coordinates": [10.44473, 35.95661]}, "properties": {"record_id": "oai:u-bordeaux-montaigne.fr:340467", "symbol_class": "building", "pixel_x": 7200.9, "pixel_y": 4564.2, "easting": 549073.2, "northing": 295157.4, "epsg_source": 22391}}, {"type": "Feature", "geometry": {"type": "Point", "coordinates": [10.3586, 35.96216]}, "properties": {"record_id": "oai:u-bordeaux-montaigne.fr:340467", "symbol_class": "building", "pixel_x": 5404.4, "pixel_y": 4565.1, "easting": 541303.7, "northing": 295732.3, "epsg_source": 22391}}, {"type": "Feature", "geometry": {"type": "Point", "coordinates": [10.30735, 35.96534]}, "properties": {"record_id": "oai:u-bordeaux-montaigne.fr:340467", "symbol_class": "building", "pixel_x": 4335.6, "pixel_y": 4567.9, "easting": 536680.9, "northing": 296064.7, "epsg_source": 22391}}, {"type": "Feature", "geometry": {"type": "Point", "coordinates": [10.35995, 35.96198]}, "properties": {"record_id": "oai:u-bordeaux-montaigne.fr:340467", "symbol_class": "building", "pixel_x": 5432.6, "pixel_y": 4567.5, "easting": 541424.9, "northing": 295713.2, "epsg_source": 22391}}, {"type": "Feature", "geometry": {"type": "Point", "coordinates": [10.30772, 35.96523]}, "properties": {"record_id": "oai:u-bordeaux-montaigne.fr:340467", "symbol_class": "building", "pixel_x": 4343.5, "pixel_y": 4570.3, "easting": 536714.0, "northing": 296052.4, "epsg_source": 22391}}, {"type": "Feature", "geometry": {"type": "Point", "coordinates": [10.45239, 35.95599]}, "properties": {"record_id": "oai:u-bordeaux-montaigne.fr:340467", "symbol_class": "building", "pixel_x": 7361.1, "pixel_y": 4567.4, "easting": 549764.7, "northing": 295092.3, "epsg_source": 22391}}, {"type": "Feature", "geometry": {"type": "Point", "coordinates": [10.27404, 35.96734]}, "properties": {"record_id": "oai:u-bordeaux-montaigne.fr:340467", "symbol_class": "building", "pixel_x": 3641.0, "pixel_y": 4571.2, "easting": 533675.9, "northing": 296274.8, "epsg_source": 22391}}, {"type": "Feature", "geometry": {"type": "Point", "coordinates": [10.27506, 35.96713]}, "properties": {"record_id": "oai:u-bordeaux-montaigne.fr:340467", "symbol_class": "building", "pixel_x": 3662.6, "pixel_y": 4575.1, "easting": 533768.0, "northing": 296251.3, "epsg_source": 22391}}, {"type": "Feature", "geometry": {"type": "Point", "coordinates": [10.4527, 35.95573]}, "properties": {"record_id": "oai:u-bordeaux-montaigne.fr:340467", "symbol_class": "building", "pixel_x": 7368.0, "pixel_y": 4573.6, "easting": 549792.8, "northing": 295063.9, "epsg_source": 22391}}, {"type": "Feature", "geometry": {"type": "Point", "coordinates": [10.30743, 35.96497]}, "properties": {"record_id": "oai:u-bordeaux-montaigne.fr:340467", "symbol_class": "building", "pixel_x": 4337.9, "pixel_y": 4577.4, "easting": 536687.8, "northing": 296024.1, "epsg_source": 22391}}, {"type": "Feature", "geometry": {"type": "Point", "coordinates": [10.38265, 35.95961]}, "properties": {"record_id": "oai:u-bordeaux-montaigne.fr:340467", "symbol_class": "building", "pixel_x": 5908.2, "pixel_y": 4591.1, "easting": 543473.8, "northing": 295460.2, "epsg_source": 22391}}, {"type": "Feature", "geometry": {"type": "Point", "coordinates": [10.28914, 35.96567]}, "properties": {"record_id": "oai:u-bordeaux-montaigne.fr:340467", "symbol_class": "building", "pixel_x": 3957.4, "pixel_y": 4589.7, "easting": 535038.2, "northing": 296094.5, "epsg_source": 22391}}, {"type": "Feature", "geometry": {"type": "Point", "coordinates": [10.44274, 35.95567]}, "properties": {"record_id": "oai:u-bordeaux-montaigne.fr:340467", "symbol_class": "building", "pixel_x": 7161.7, "pixel_y": 4592.2, "easting": 548894.3, "northing": 295051.7, "epsg_source": 22391}}, {"type": "Feature", "geometry": {"type": "Point", "coordinates": [10.29019, 35.96547]}, "properties": {"record_id": "oai:u-bordeaux-montaigne.fr:340467", "symbol_class": "building", "pixel_x": 3979.7, "pixel_y": 4593.1, "easting": 535133.1, "northing": 296073.1, "epsg_source": 22391}}, {"type": "Feature", "geometry": {"type": "Point", "coordinates": [10.2441, 35.96818]}, "properties": {"record_id": "oai:u-bordeaux-montaigne.fr:340467", "symbol_class": "building", "pixel_x": 3019.0, "pixel_y": 4599.0, "easting": 530976.6, "northing": 296357.6, "epsg_source": 22391}}, {"type": "Feature", "geometry": {"type": "Point", "coordinates": [10.29015, 35.96516]}, "properties": {"record_id": "oai:u-bordeaux-montaigne.fr:340467", "symbol_class": "building", "pixel_x": 3979.4, "pixel_y": 4601.4, "easting": 535129.4, "northing": 296038.2, "epsg_source": 22391}}, {"type": "Feature", "geometry": {"type": "Point", "coordinates": [10.40494, 35.9577]}, "properties": {"record_id": "oai:u-bordeaux-montaigne.fr:340467", "symbol_class": "building", "pixel_x": 6374.2, "pixel_y": 4603.4, "easting": 545484.8, "northing": 295258.0, "epsg_source": 22391}}, {"type": "Feature", "geometry": {"type": "Point", "coordinates": [10.44292, 35.95518]}, "properties": {"record_id": "oai:u-bordeaux-montaigne.fr:340467", "symbol_class": "building", "pixel_x": 7166.6, "pixel_y": 4604.7, "easting": 548911.3, "northing": 294997.2, "epsg_source": 22391}}, {"type": "Feature", "geometry": {"type": "Point", "coordinates": [10.28191, 35.96547]}, "properties": {"record_id": "oai:u-bordeaux-montaigne.fr:340467", "symbol_class": "building", "pixel_x": 3808.1, "pixel_y": 4606.8, "easting": 534386.7, "northing": 296070.4, "epsg_source": 22391}}, {"type": "Feature", "geometry": {"type": "Point", "coordinates": [10.44516, 35.95469]}, "properties": {"record_id": "oai:u-bordeaux-montaigne.fr:340467", "symbol_class": "building", "pixel_x": 7214.0, "pixel_y": 4613.7, "easting": 549113.2, "northing": 294944.1, "epsg_source": 22391}}, {"type": "Feature", "geometry": {"type": "Point", "coordinates": [10.45432, 35.95398]}, "properties": {"record_id": "oai:u-bordeaux-montaigne.fr:340467", "symbol_class": "building", "pixel_x": 7405.3, "pixel_y": 4616.7, "easting": 549939.4, "northing": 294869.8, "epsg_source": 22391}}, {"type": "Feature", "geometry": {"type": "Point", "coordinates": [10.40249, 35.95727]}, "properties": {"record_id": "oai:u-bordeaux-montaigne.fr:340467", "symbol_class": "building", "pixel_x": 6324.3, "pixel_y": 4618.6, "easting": 545264.2, "northing": 295209.9, "epsg_source": 22391}}, {"type": "Feature", "geometry": {"type": "Point", "coordinates": [10.32317, 35.96241]}, "properties": {"record_id": "oai:u-bordeaux-montaigne.fr:340467", "symbol_class": "building", "pixel_x": 4669.5, "pixel_y": 4617.9, "easting": 538108.2, "northing": 295746.1, "epsg_source": 22391}}, {"type": "Feature", "geometry": {"type": "Point", "coordinates": [10.44568, 35.95434]}, "properties": {"record_id": "oai:u-bordeaux-montaigne.fr:340467", "symbol_class": "building", "pixel_x": 7225.4, "pixel_y": 4621.9, "easting": 549159.9, "northing": 294905.3, "epsg_source": 22391}}, {"type": "Feature", "geometry": {"type": "Point", "coordinates": [10.28991, 35.96449]}, "properties": {"record_id": "oai:u-bordeaux-montaigne.fr:340467", "symbol_class": "building", "pixel_x": 3975.9, "pixel_y": 4619.1, "easting": 535108.0, "northing": 295964.5, "epsg_source": 22391}}, {"type": "Feature", "geometry": {"type": "Point", "coordinates": [10.16163, 35.97223]}, "properties": {"record_id": "oai:u-bordeaux-montaigne.fr:340467", "symbol_class": "building", "pixel_x": 1301.5, "pixel_y": 4629.0, "easting": 523539.3, "northing": 296784.0, "epsg_source": 22391}}, {"type": "Feature", "geometry": {"type": "Point", "coordinates": [10.28991, 35.96427]}, "properties": {"record_id": "oai:u-bordeaux-montaigne.fr:340467", "symbol_class": "building", "pixel_x": 3976.5, "pixel_y": 4625.0, "easting": 535108.8, "northing": 295939.2, "epsg_source": 22391}}, {"type": "Feature", "geometry": {"type": "Point", "coordinates": [10.32313, 35.96212]}, "properties": {"record_id": "oai:u-bordeaux-montaigne.fr:340467", "symbol_class": "building", "pixel_x": 4669.4, "pixel_y": 4625.5, "easting": 538104.9, "northing": 295714.0, "epsg_source": 22391}}, {"type": "Feature", "geometry": {"type": "Point", "coordinates": [10.16139, 35.97222]}, "properties": {"record_id": "oai:u-bordeaux-montaigne.fr:340467", "symbol_class": "building", "pixel_x": 1296.5, "pixel_y": 4629.7, "easting": 523517.6, "northing": 296782.7, "epsg_source": 22391}}, {"type": "Feature", "geometry": {"type": "Point", "coordinates": [10.16243, 35.972]}, "properties": {"record_id": "oai:u-bordeaux-montaigne.fr:340467", "symbol_class": "building", "pixel_x": 1318.5, "pixel_y": 4633.7, "easting": 523611.2, "northing": 296758.7, "epsg_source": 22391}}, {"type": "Feature", "geometry": {"type": "Point", "coordinates": [10.44645, 35.95392]}, "properties": {"record_id": "oai:u-bordeaux-montaigne.fr:340467", "symbol_class": "building", "pixel_x": 7242.4, "pixel_y": 4631.5, "easting": 549229.9, "northing": 294859.5, "epsg_source": 22391}}, {"type": "Feature", "geometry": {"type": "Point", "coordinates": [10.44698, 35.95385]}, "properties": {"record_id": "oai:u-bordeaux-montaigne.fr:340467", "symbol_class": "building", "pixel_x": 7253.6, "pixel_y": 4632.5, "easting": 549278.2, "northing": 294851.8, "epsg_source": 22391}}, {"type": "Feature", "geometry": {"type": "Point", "coordinates": [10.45476, 35.95286]}, "properties": {"record_id": "oai:u-bordeaux-montaigne.fr:340467", "symbol_class": "building", "pixel_x": 7416.8, "pixel_y": 4645.0, "easting": 549979.8, "northing": 294746.3, "epsg_source": 22391}}, {"type": "Feature", "geometry": {"type": "Point", "coordinates": [10.32232, 35.96133]}, "properties": {"record_id": "oai:u-bordeaux-montaigne.fr:340467", "symbol_class": "building", "pixel_x": 4654.3, "pixel_y": 4647.5, "easting": 538032.3, "northing": 295625.7, "epsg_source": 22391}}, {"type": "Feature", "geometry": {"type": "Point", "coordinates": [10.17114, 35.97056]}, "properties": {"record_id": "oai:u-bordeaux-montaigne.fr:340467", "symbol_class": "building", "pixel_x": 1501.9, "pixel_y": 4657.0, "easting": 524396.7, "northing": 296601.0, "epsg_source": 22391}}, {"type": "Feature", "geometry": {"type": "Point", "coordinates": [10.28636, 35.96342]}, "properties": {"record_id": "oai:u-bordeaux-montaigne.fr:340467", "symbol_class": "building", "pixel_x": 3904.7, "pixel_y": 4653.1, "easting": 534789.0, "northing": 295843.7, "epsg_source": 22391}}, {"type": "Feature", "geometry": {"type": "Point", "coordinates": [10.44079, 35.95329]}, "properties": {"record_id": "oai:u-bordeaux-montaigne.fr:340467", "symbol_class": "building", "pixel_x": 7126.5, "pixel_y": 4657.4, "easting": 548720.2, "northing": 294787.3, "epsg_source": 22391}}, {"type": "Feature", "geometry": {"type": "Point", "coordinates": [10.15539, 35.97128]}, "properties": {"record_id": "oai:u-bordeaux-montaigne.fr:340467", "symbol_class": "building", "pixel_x": 1174.1, "pixel_y": 4664.1, "easting": 522976.6, "northing": 296676.8, "epsg_source": 22391}}, {"type": "Feature", "geometry": {"type": "Point", "coordinates": [10.15524, 35.97091]}, "properties": {"record_id": "oai:u-bordeaux-montaigne.fr:340467", "symbol_class": "building", "pixel_x": 1171.7, "pixel_y": 4673.9, "easting": 522962.8, "northing": 296636.2, "epsg_source": 22391}}, {"type": "Feature", "geometry": {"type": "Point", "coordinates": [10.15761, 35.97081]}, "properties": {"record_id": "oai:u-bordeaux-montaigne.fr:340467", "symbol_class": "building", "pixel_x": 1221.1, "pixel_y": 4672.8, "easting": 523177.0, "northing": 296625.0, "epsg_source": 22391}}, {"type": "Feature", "geometry": {"type": "Point", "coordinates": [10.15464, 35.97078]}, "properties": {"record_id": "oai:u-bordeaux-montaigne.fr:340467", "symbol_class": "building", "pixel_x": 1159.7, "pixel_y": 4678.4, "easting": 522909.6, "northing": 296620.9, "epsg_source": 22391}}, {"type": "Feature", "geometry": {"type": "Point", "coordinates": [10.28002, 35.96238]}, "properties": {"record_id": "oai:u-bordeaux-montaigne.fr:340467", "symbol_class": "building", "pixel_x": 3775.5, "pixel_y": 4690.6, "easting": 534217.5, "northing": 295726.4, "epsg_source": 22391}}, {"type": "Feature", "geometry": {"type": "Point", "coordinates": [10.44743, 35.95147]}, "properties": {"record_id": "oai:u-bordeaux-montaigne.fr:340467", "symbol_class": "building", "pixel_x": 7268.0, "pixel_y": 4693.7, "easting": 549320.0, "northing": 294588.1, "epsg_source": 22391}}, {"type": "Feature", "geometry": {"type": "Point", "coordinates": [10.25815, 35.96339]}, "properties": {"record_id": "oai:u-bordeaux-montaigne.fr:340467", "symbol_class": "building", "pixel_x": 3320.2, "pixel_y": 4700.7, "easting": 532245.3, "northing": 295830.6, "epsg_source": 22391}}, {"type": "Feature", "geometry": {"type": "Point", "coordinates": [10.27542, 35.96235]}, "properties": {"record_id": "oai:u-bordeaux-montaigne.fr:340467", "symbol_class": "building", "pixel_x": 3680.2, "pixel_y": 4699.2, "easting": 533802.9, "northing": 295721.0, "epsg_source": 22391}}, {"type": "Feature", "geometry": {"type": "Point", "coordinates": [10.27967, 35.96206]}, "properties": {"record_id": "oai:u-bordeaux-montaigne.fr:340467", "symbol_class": "building", "pixel_x": 3768.9, "pixel_y": 4699.6, "easting": 534186.2, "northing": 295690.7, "epsg_source": 22391}}, {"type": "Feature", "geometry": {"type": "Point", "coordinates": [10.28693, 35.96135]}, "properties": {"record_id": "oai:u-bordeaux-montaigne.fr:340467", "symbol_class": "building", "pixel_x": 3920.9, "pixel_y": 4706.1, "easting": 534841.2, "northing": 295614.4, "epsg_source": 22391}}, {"type": "Feature", "geometry": {"type": "Point", "coordinates": [10.32403, 35.959]}, "properties": {"record_id": "oai:u-bordeaux-montaigne.fr:340467", "symbol_class": "building", "pixel_x": 4694.6, "pixel_y": 4705.3, "easting": 538187.3, "northing": 295368.4, "epsg_source": 22391}}, {"type": "Feature", "geometry": {"type": "Point", "coordinates": [10.26168, 35.96275]}, "properties": {"record_id": "oai:u-bordeaux-montaigne.fr:340467", "symbol_class": "building", "pixel_x": 3394.6, "pixel_y": 4711.5, "easting": 532563.6, "northing": 295760.9, "epsg_source": 22391}}, {"type": "Feature", "geometry": {"type": "Point", "coordinates": [10.35881, 35.9564]}, "properties": {"record_id": "oai:u-bordeaux-montaigne.fr:340467", "symbol_class": "building", "pixel_x": 5420.9, "pixel_y": 4714.8, "easting": 541325.1, "northing": 295094.2, "epsg_source": 22391}}, {"type": "Feature", "geometry": {"type": "Point", "coordinates": [10.41124, 35.95289]}, "properties": {"record_id": "oai:u-bordeaux-montaigne.fr:340467", "symbol_class": "building", "pixel_x": 6515.0, "pixel_y": 4718.0, "easting": 546055.5, "northing": 294728.3, "epsg_source": 22391}}, {"type": "Feature", "geometry": {"type": "Point", "coordinates": [10.28884, 35.96063]}, "properties": {"record_id": "oai:u-bordeaux-montaigne.fr:340467", "symbol_class": "building", "pixel_x": 3962.0, "pixel_y": 4721.5, "easting": 535013.8, "northing": 295535.7, "epsg_source": 22391}}, {"type": "Feature", "geometry": {"type": "Point", "coordinates": [10.36002, 35.95584]}, "properties": {"record_id": "oai:u-bordeaux-montaigne.fr:340467", "symbol_class": "building", "pixel_x": 5447.3, "pixel_y": 4727.4, "easting": 541435.1, "northing": 295032.3, "epsg_source": 22391}}, {"type": "Feature", "geometry": {"type": "Point", "coordinates": [10.46004, 35.94926]}, "properties": {"record_id": "oai:u-bordeaux-montaigne.fr:340467", "symbol_class": "building", "pixel_x": 7534.2, "pixel_y": 4729.9, "easting": 550459.0, "northing": 294349.5, "epsg_source": 22391}}, {"type": "Feature", "geometry": {"type": "Point", "coordinates": [10.44685, 35.94995]}, "properties": {"record_id": "oai:u-bordeaux-montaigne.fr:340467", "symbol_class": "building", "pixel_x": 7259.2, "pixel_y": 4734.3, "easting": 549268.3, "northing": 294419.5, "epsg_source": 22391}}, {"type": "Feature", "geometry": {"type": "Point", "coordinates": [10.411, 35.95227]}, "properties": {"record_id": "oai:u-bordeaux-montaigne.fr:340467", "symbol_class": "building", "pixel_x": 6511.4, "pixel_y": 4734.5, "easting": 546034.4, "northing": 294659.5, "epsg_source": 22391}}, {"type": "Feature", "geometry": {"type": "Point", "coordinates": [10.396, 35.95303]}, "properties": {"record_id": "oai:u-bordeaux-montaigne.fr:340467", "symbol_class": "building", "pixel_x": 6198.9, "pixel_y": 4740.1, "easting": 544681.2, "northing": 294736.5, "epsg_source": 22391}}, {"type": "Feature", "geometry": {"type": "Point", "coordinates": [10.35808, 35.95543]}, "properties": {"record_id": "oai:u-bordeaux-montaigne.fr:340467", "symbol_class": "building", "pixel_x": 5407.9, "pixel_y": 4741.3, "easting": 541260.1, "northing": 294986.1, "epsg_source": 22391}}, {"type": "Feature", "geometry": {"type": "Point", "coordinates": [10.45501, 35.94904]}, "properties": {"record_id": "oai:u-bordeaux-montaigne.fr:340467", "symbol_class": "building", "pixel_x": 7430.4, "pixel_y": 4744.3, "easting": 550005.4, "northing": 294322.2, "epsg_source": 22391}}, {"type": "Feature", "geometry": {"type": "Point", "coordinates": [10.36973, 35.95421]}, "properties": {"record_id": "oai:u-bordeaux-montaigne.fr:340467", "symbol_class": "building", "pixel_x": 5651.9, "pixel_y": 4753.6, "easting": 542311.0, "northing": 294855.6, "epsg_source": 22391}}, {"type": "Feature", "geometry": {"type": "Point", "coordinates": [10.39551, 35.95277]}, "properties": {"record_id": "oai:u-bordeaux-montaigne.fr:340467", "symbol_class": "building", "pixel_x": 6189.2, "pixel_y": 4747.7, "easting": 544636.7, "northing": 294707.5, "epsg_source": 22391}}, {"type": "Feature", "geometry": {"type": "Point", "coordinates": [10.37091, 35.95423]}, "properties": {"record_id": "oai:u-bordeaux-montaigne.fr:340467", "symbol_class": "building", "pixel_x": 5676.3, "pixel_y": 4751.1, "easting": 542417.4, "northing": 294858.2, "epsg_source": 22391}}, {"type": "Feature", "geometry": {"type": "Point", "coordinates": [10.37031, 35.95392]}, "properties": {"record_id": "oai:u-bordeaux-montaigne.fr:340467", "symbol_class": "building", "pixel_x": 5664.6, "pixel_y": 4760.3, "easting": 542363.7, "northing": 294823.4, "epsg_source": 22391}}, {"type": "Feature", "geometry": {"type": "Point", "coordinates": [10.44474, 35.9492]}, "properties": {"record_id": "oai:u-bordeaux-montaigne.fr:340467", "symbol_class": "building", "pixel_x": 7217.2, "pixel_y": 4757.4, "easting": 549079.1, "northing": 294335.2, "epsg_source": 22391}}, {"type": "Feature", "geometry": {"type": "Point", "coordinates": [10.27534, 35.95864]}, "properties": {"record_id": "oai:u-bordeaux-montaigne.fr:340467", "symbol_class": "building", "pixel_x": 3686.3, "pixel_y": 4796.0, "easting": 533796.6, "northing": 295309.9, "epsg_source": 22391}}, {"type": "Feature", "geometry": {"type": "Point", "coordinates": [10.31384, 35.95548]}, "properties": {"record_id": "oai:u-bordeaux-montaigne.fr:340467", "symbol_class": "building", "pixel_x": 4490.9, "pixel_y": 4814.1, "easting": 537270.2, "northing": 294974.1, "epsg_source": 22391}}, {"type": "Feature", "geometry": {"type": "Point", "coordinates": [10.27543, 35.95782]}, "properties": {"record_id": "oai:u-bordeaux-montaigne.fr:340467", "symbol_class": "building", "pixel_x": 3690.0, "pixel_y": 4817.1, "easting": 533805.6, "northing": 295219.2, "epsg_source": 22391}}, {"type": "Feature", "geometry": {"type": "Point", "coordinates": [10.32008, 35.95375]}, "properties": {"record_id": "oai:u-bordeaux-montaigne.fr:340467", "symbol_class": "building", "pixel_x": 4623.9, "pixel_y": 4849.0, "easting": 537833.5, "northing": 294783.8, "epsg_source": 22391}}, {"type": "Feature", "geometry": {"type": "Point", "coordinates": [10.24859, 35.95785]}, "properties": {"record_id": "oai:u-bordeaux-montaigne.fr:340467", "symbol_class": "building", "pixel_x": 3133.8, "pixel_y": 4860.8, "easting": 531385.6, "northing": 295214.0, "epsg_source": 22391}}, {"type": "Feature", "geometry": {"type": "Point", "coordinates": [10.17529, 35.96238]}, "properties": {"record_id": "oai:u-bordeaux-montaigne.fr:340467", "symbol_class": "building", "pixel_x": 1605.0, "pixel_y": 4863.5, "easting": 524773.3, "northing": 295694.9, "epsg_source": 22391}}, {"type": "Feature", "geometry": {"type": "Point", "coordinates": [10.24384, 35.95805]}, "properties": {"record_id": "oai:u-bordeaux-montaigne.fr:340467", "symbol_class": "building", "pixel_x": 3034.9, "pixel_y": 4863.6, "easting": 530956.9, "northing": 295233.9, "epsg_source": 22391}}, {"type": "Feature", "geometry": {"type": "Point", "coordinates": [10.32695, 35.95269]}, "properties": {"record_id": "oai:u-bordeaux-montaigne.fr:340467", "symbol_class": "building", "pixel_x": 4768.7, "pixel_y": 4865.1, "easting": 538454.3, "northing": 294668.9, "epsg_source": 22391}}, {"type": "Feature", "geometry": {"type": "Point", "coordinates": [10.24898, 35.95767]}, "properties": {"record_id": "oai:u-bordeaux-montaigne.fr:340467", "symbol_class": "building", "pixel_x": 3142.0, "pixel_y": 4865.0, "easting": 531419.9, "northing": 295193.4, "epsg_source": 22391}}, {"type": "Feature", "geometry": {"type": "Point", "coordinates": [10.28438, 35.95519]}, "properties": {"record_id": "oai:u-bordeaux-montaigne.fr:340467", "symbol_class": "building", "pixel_x": 3880.9, "pixel_y": 4871.0, "easting": 534613.4, "northing": 294930.1, "epsg_source": 22391}}, {"type": "Feature", "geometry": {"type": "Point", "coordinates": [10.18186, 35.9618]}, "properties": {"record_id": "oai:u-bordeaux-montaigne.fr:340467", "symbol_class": "building", "pixel_x": 1742.5, "pixel_y": 4867.8, "easting": 525366.5, "northing": 295632.6, "epsg_source": 22391}}, {"type": "Feature", "geometry": {"type": "Point", "coordinates": [10.18377, 35.96156]}, "properties": {"record_id": "oai:u-bordeaux-montaigne.fr:340467", "symbol_class": "building", "pixel_x": 1782.4, "pixel_y": 4871.0, "easting": 525538.3, "northing": 295606.1, "epsg_source": 22391}}, {"type": "Feature", "geometry": {"type": "Point", "coordinates": [10.28393, 35.95522]}, "properties": {"record_id": "oai:u-bordeaux-montaigne.fr:340467", "symbol_class": "building", "pixel_x": 3871.6, "pixel_y": 4870.9, "easting": 534572.9, "northing": 294933.6, "epsg_source": 22391}}, {"type": "Feature", "geometry": {"type": "Point", "coordinates": [10.4597, 35.94379]}, "properties": {"record_id": "oai:u-bordeaux-montaigne.fr:340467", "symbol_class": "building", "pixel_x": 7538.8, "pixel_y": 4873.1, "easting": 550431.1, "northing": 293742.7, "epsg_source": 22391}}, {"type": "Feature", "geometry": {"type": "Point", "coordinates": [10.24812, 35.95748]}, "properties": {"record_id": "oai:u-bordeaux-montaigne.fr:340467", "symbol_class": "building", "pixel_x": 3124.7, "pixel_y": 4871.3, "easting": 531342.7, "northing": 295172.3, "epsg_source": 22391}}, {"type": "Feature", "geometry": {"type": "Point", "coordinates": [10.2486, 35.95742]}, "properties": {"record_id": "oai:u-bordeaux-montaigne.fr:340467", "symbol_class": "building", "pixel_x": 3134.8, "pixel_y": 4872.2, "easting": 531386.1, "northing": 295165.4, "epsg_source": 22391}}, {"type": "Feature", "geometry": {"type": "Point", "coordinates": [10.24903, 35.95735]}, "properties": {"record_id": "oai:u-bordeaux-montaigne.fr:340467", "symbol_class": "building", "pixel_x": 3143.7, "pixel_y": 4873.3, "easting": 531424.6, "northing": 295157.7, "epsg_source": 22391}}, {"type": "Feature", "geometry": {"type": "Point", "coordinates": [10.27298, 35.95553]}, "properties": {"record_id": "oai:u-bordeaux-montaigne.fr:340467", "symbol_class": "building", "pixel_x": 3644.0, "pixel_y": 4880.9, "easting": 533585.4, "northing": 294964.5, "epsg_source": 22391}}, {"type": "Feature", "geometry": {"type": "Point", "coordinates": [10.28005, 35.95513]}, "properties": {"record_id": "oai:u-bordeaux-montaigne.fr:340467", "symbol_class": "building", "pixel_x": 3791.5, "pixel_y": 4879.5, "easting": 534223.6, "northing": 294922.8, "epsg_source": 22391}}, {"type": "Feature", "geometry": {"type": "Point", "coordinates": [10.40126, 35.94715]}, "properties": {"record_id": "oai:u-bordeaux-montaigne.fr:340467", "symbol_class": "building", "pixel_x": 6320.4, "pixel_y": 4884.6, "easting": 545158.2, "northing": 294086.5, "epsg_source": 22391}}, {"type": "Feature", "geometry": {"type": "Point", "coordinates": [10.27382, 35.95532]}, "properties": {"record_id": "oai:u-bordeaux-montaigne.fr:340467", "symbol_class": "building", "pixel_x": 3661.8, "pixel_y": 4885.0, "easting": 533661.1, "northing": 294941.4, "epsg_source": 22391}}, {"type": "Feature", "geometry": {"type": "Point", "coordinates": [10.40158, 35.94702]}, "properties": {"record_id": "oai:u-bordeaux-montaigne.fr:340467", "symbol_class": "building", "pixel_x": 6327.5, "pixel_y": 4887.3, "easting": 545187.9, "northing": 294072.8, "epsg_source": 22391}}, {"type": "Feature", "geometry": {"type": "Point", "coordinates": [10.32757, 35.95175]}, "properties": {"record_id": "oai:u-bordeaux-montaigne.fr:340467", "symbol_class": "building", "pixel_x": 4783.5, "pixel_y": 4888.5, "easting": 538510.6, "northing": 294565.2, "epsg_source": 22391}}, {"type": "Feature", "geometry": {"type": "Point", "coordinates": [10.24906, 35.95667]}, "properties": {"record_id": "oai:u-bordeaux-montaigne.fr:340467", "symbol_class": "building", "pixel_x": 3145.8, "pixel_y": 4890.9, "easting": 531427.6, "northing": 295082.9, "epsg_source": 22391}}, {"type": "Feature", "geometry": {"type": "Point", "coordinates": [10.27364, 35.95503]}, "properties": {"record_id": "oai:u-bordeaux-montaigne.fr:340467", "symbol_class": "building", "pixel_x": 3658.7, "pixel_y": 4893.0, "easting": 533645.0, "northing": 294908.6, "epsg_source": 22391}}, {"type": "Feature", "geometry": {"type": "Point", "coordinates": [10.24988, 35.95647]}, "properties": {"record_id": "oai:u-bordeaux-montaigne.fr:340467", "symbol_class": "building", "pixel_x": 3163.4, "pixel_y": 4894.9, "easting": 531502.2, "northing": 295060.3, "epsg_source": 22391}}, {"type": "Feature", "geometry": {"type": "Point", "coordinates": [10.27459, 35.95469]}, "properties": {"record_id": "oai:u-bordeaux-montaigne.fr:340467", "symbol_class": "building", "pixel_x": 3679.2, "pixel_y": 4900.3, "easting": 533731.1, "northing": 294871.1, "epsg_source": 22391}}, {"type": "Feature", "geometry": {"type": "Point", "coordinates": [10.32573, 35.9514]}, "properties": {"record_id": "oai:u-bordeaux-montaigne.fr:340467", "symbol_class": "building", "pixel_x": 4746.0, "pixel_y": 4900.8, "easting": 538344.2, "northing": 294525.3, "epsg_source": 22391}}, {"type": "Feature", "geometry": {"type": "Point", "coordinates": [10.24267, 35.95649]}, "properties": {"record_id": "oai:u-bordeaux-montaigne.fr:340467", "symbol_class": "building", "pixel_x": 3013.8, "pixel_y": 4906.2, "easting": 530851.7, "northing": 295060.3, "epsg_source": 22391}}, {"type": "Feature", "geometry": {"type": "Point", "coordinates": [10.24763, 35.95621]}, "properties": {"record_id": "oai:u-bordeaux-montaigne.fr:340467", "symbol_class": "building", "pixel_x": 3117.3, "pixel_y": 4905.4, "easting": 531299.3, "northing": 295030.7, "epsg_source": 22391}}, {"type": "Feature", "geometry": {"type": "Point", "coordinates": [10.24948, 35.9561]}, "properties": {"record_id": "oai:u-bordeaux-montaigne.fr:340467", "symbol_class": "building", "pixel_x": 3155.8, "pixel_y": 4905.1, "easting": 531466.1, "northing": 295019.5, "epsg_source": 22391}}, {"type": "Feature", "geometry": {"type": "Point", "coordinates": [10.31821, 35.9517]}, "properties": {"record_id": "oai:u-bordeaux-montaigne.fr:340467", "symbol_class": "building", "pixel_x": 4589.5, "pixel_y": 4905.5, "easting": 537666.0, "northing": 294555.8, "epsg_source": 22391}}, {"type": "Feature", "geometry": {"type": "Point", "coordinates": [10.24707, 35.95606]}, "properties": {"record_id": "oai:u-bordeaux-montaigne.fr:340467", "symbol_class": "building", "pixel_x": 3106.0, "pixel_y": 4910.1, "easting": 531249.0, "northing": 295014.1, "epsg_source": 22391}}, {"type": "Feature", "geometry": {"type": "Point", "coordinates": [10.24894, 35.95573]}, "properties": {"record_id": "oai:u-bordeaux-montaigne.fr:340467", "symbol_class": "building", "pixel_x": 3145.4, "pixel_y": 4915.6, "easting": 531417.4, "northing": 294978.2, "epsg_source": 22391}}, {"type": "Feature", "geometry": {"type": "Point", "coordinates": [10.24934, 35.95562]}, "properties": {"record_id": "oai:u-bordeaux-montaigne.fr:340467", "symbol_class": "building", "pixel_x": 3153.9, "pixel_y": 4917.8, "easting": 531453.7, "northing": 294966.3, "epsg_source": 22391}}, {"type": "Feature", "geometry": {"type": "Point", "coordinates": [10.35833, 35.94843]}, "properties": {"record_id": "oai:u-bordeaux-montaigne.fr:340467", "symbol_class": "building", "pixel_x": 5428.0, "pixel_y": 4923.4, "easting": 541286.1, "northing": 294209.9, "epsg_source": 22391}}, {"type": "Feature", "geometry": {"type": "Point", "coordinates": [10.32812, 35.9499]}, "properties": {"record_id": "oai:u-bordeaux-montaigne.fr:340467", "symbol_class": "building", "pixel_x": 4798.7, "pixel_y": 4935.8, "easting": 538560.5, "northing": 294360.5, "epsg_source": 22391}}, {"type": "Feature", "geometry": {"type": "Point", "coordinates": [10.33269, 35.94976]}, "properties": {"record_id": "oai:u-bordeaux-montaigne.fr:340467", "symbol_class": "building", "pixel_x": 4893.7, "pixel_y": 4931.8, "easting": 538972.6, "northing": 294346.4, "epsg_source": 22391}}, {"type": "Feature", "geometry": {"type": "Point", "coordinates": [10.32905, 35.94987]}, "properties": {"record_id": "oai:u-bordeaux-montaigne.fr:340467", "symbol_class": "building", "pixel_x": 4818.0, "pixel_y": 4935.0, "easting": 538644.3, "northing": 294357.5, "epsg_source": 22391}}, {"type": "Feature", "geometry": {"type": "Point", "coordinates": [10.33298, 35.94947]}, "properties": {"record_id": "oai:u-bordeaux-montaigne.fr:340467", "symbol_class": "building", "pixel_x": 4900.4, "pixel_y": 4938.8, "easting": 538999.2, "northing": 294314.7, "epsg_source": 22391}}, {"type": "Feature", "geometry": {"type": "Point", "coordinates": [10.24633, 35.95462]}, "properties": {"record_id": "oai:u-bordeaux-montaigne.fr:340467", "symbol_class": "building", "pixel_x": 3093.7, "pixel_y": 4948.7, "easting": 531182.8, "northing": 294854.9, "epsg_source": 22391}}, {"type": "Feature", "geometry": {"type": "Point", "coordinates": [10.31368, 35.95032]}, "properties": {"record_id": "oai:u-bordeaux-montaigne.fr:340467", "symbol_class": "building", "pixel_x": 4498.6, "pixel_y": 4949.1, "easting": 537258.5, "northing": 294400.9, "epsg_source": 22391}}, {"type": "Feature", "geometry": {"type": "Point", "coordinates": [10.31257, 35.9503]}, "properties": {"record_id": "oai:u-bordeaux-montaigne.fr:340467", "symbol_class": "building", "pixel_x": 4475.5, "pixel_y": 4951.4, "easting": 537157.8, "northing": 294398.3, "epsg_source": 22391}}, {"type": "Feature", "geometry": {"type": "Point", "coordinates": [10.31357, 35.94949]}, "properties": {"record_id": "oai:u-bordeaux-montaigne.fr:340467", "symbol_class": "building", "pixel_x": 4498.1, "pixel_y": 4970.7, "easting": 537248.8, "northing": 294309.6, "epsg_source": 22391}}, {"type": "Feature", "geometry": {"type": "Point", "coordinates": [10.31354, 35.94911]}, "properties": {"record_id": "oai:u-bordeaux-montaigne.fr:340467", "symbol_class": "building", "pixel_x": 4498.2, "pixel_y": 4980.9, "easting": 537246.1, "northing": 294266.4, "epsg_source": 22391}}, {"type": "Feature", "geometry": {"type": "Point", "coordinates": [10.25125, 35.95272]}, "properties": {"record_id": "oai:u-bordeaux-montaigne.fr:340467", "symbol_class": "building", "pixel_x": 3199.7, "pixel_y": 4990.2, "easting": 531627.3, "northing": 294645.5, "epsg_source": 22391}}, {"type": "Feature", "geometry": {"type": "Point", "coordinates": [10.42659, 35.94082]}, "properties": {"record_id": "oai:u-bordeaux-montaigne.fr:340467", "symbol_class": "building", "pixel_x": 6859.1, "pixel_y": 5006.7, "easting": 547446.9, "northing": 293396.9, "epsg_source": 22391}}, {"type": "Feature", "geometry": {"type": "Point", "coordinates": [10.42595, 35.94075]}, "properties": {"record_id": "oai:u-bordeaux-montaigne.fr:340467", "symbol_class": "building", "pixel_x": 6845.9, "pixel_y": 5009.6, "easting": 547389.3, "northing": 293388.8, "epsg_source": 22391}}, {"type": "Feature", "geometry": {"type": "Point", "coordinates": [10.36599, 35.94448]}, "properties": {"record_id": "oai:u-bordeaux-montaigne.fr:340467", "symbol_class": "building", "pixel_x": 5595.3, "pixel_y": 5013.6, "easting": 541979.4, "northing": 293774.9, "epsg_source": 22391}}, {"type": "Feature", "geometry": {"type": "Point", "coordinates": [10.44232, 35.93871]}, "properties": {"record_id": "oai:u-bordeaux-montaigne.fr:340467", "symbol_class": "building", "pixel_x": 7189.6, "pixel_y": 5035.1, "easting": 548866.9, "northing": 293170.3, "epsg_source": 22391}}, {"type": "Feature", "geometry": {"type": "Point", "coordinates": [10.26083, 35.95015]}, "properties": {"record_id": "oai:u-bordeaux-montaigne.fr:340467", "symbol_class": "building", "pixel_x": 3403.5, "pixel_y": 5041.3, "easting": 532491.8, "northing": 294363.7, "epsg_source": 22391}}, {"type": "Feature", "geometry": {"type": "Point", "coordinates": [10.47369, 35.93629]}, "properties": {"record_id": "oai:u-bordeaux-montaigne.fr:340467", "symbol_class": "building", "pixel_x": 7845.1, "pixel_y": 5044.8, "easting": 551698.3, "northing": 292917.8, "epsg_source": 22391}}, {"type": "Feature", "geometry": {"type": "Point", "coordinates": [10.44647, 35.93768]}, "properties": {"record_id": "oai:u-bordeaux-montaigne.fr:340467", "symbol_class": "building", "pixel_x": 7277.9, "pixel_y": 5055.0, "easting": 549242.2, "northing": 293057.7, "epsg_source": 22391}}, {"type": "Feature", "geometry": {"type": "Point", "coordinates": [10.24628, 35.95048]}, "properties": {"record_id": "oai:u-bordeaux-montaigne.fr:340467", "symbol_class": "building", "pixel_x": 3101.2, "pixel_y": 5056.9, "easting": 531179.3, "northing": 294395.3, "epsg_source": 22391}}, {"type": "Feature", "geometry": {"type": "Point", "coordinates": [10.47438, 35.93564]}, "properties": {"record_id": "oai:u-bordeaux-montaigne.fr:340467", "symbol_class": "building", "pixel_x": 7860.8, "pixel_y": 5060.5, "easting": 551760.8, "northing": 292846.5, "epsg_source": 22391}}, {"type": "Feature", "geometry": {"type": "Point", "coordinates": [10.27511, 35.94779]}, "properties": {"record_id": "oai:u-bordeaux-montaigne.fr:340467", "symbol_class": "building", "pixel_x": 3704.5, "pixel_y": 5079.1, "easting": 533780.8, "northing": 294106.9, "epsg_source": 22391}}, {"type": "Feature", "geometry": {"type": "Point", "coordinates": [10.24571, 35.94946]}, "properties": {"record_id": "oai:u-bordeaux-montaigne.fr:340467", "symbol_class": "building", "pixel_x": 3091.6, "pixel_y": 5084.4, "easting": 531128.7, "northing": 294281.9, "epsg_source": 22391}}, {"type": "Feature", "geometry": {"type": "Point", "coordinates": [10.44743, 35.93642]}, "properties": {"record_id": "oai:u-bordeaux-montaigne.fr:340467", "symbol_class": "building", "pixel_x": 7300.4, "pixel_y": 5086.2, "easting": 549329.2, "northing": 292918.6, "epsg_source": 22391}}, {"type": "Feature", "geometry": {"type": "Point", "coordinates": [10.27589, 35.94721]}, "properties": {"record_id": "oai:u-bordeaux-montaigne.fr:340467", "symbol_class": "building", "pixel_x": 3722.0, "pixel_y": 5093.1, "easting": 533851.9, "northing": 294042.1, "epsg_source": 22391}}, {"type": "Feature", "geometry": {"type": "Point", "coordinates": [10.46314, 35.93516]}, "properties": {"record_id": "oai:u-bordeaux-montaigne.fr:340467", "symbol_class": "building", "pixel_x": 7628.8, "pixel_y": 5092.1, "easting": 550747.2, "northing": 292787.7, "epsg_source": 22391}}, {"type": "Feature", "geometry": {"type": "Point", "coordinates": [10.4829, 35.93376]}, "properties": {"record_id": "oai:u-bordeaux-montaigne.fr:340467", "symbol_class": "building", "pixel_x": 8041.3, "pixel_y": 5095.0, "easting": 552530.1, "northing": 292642.4, "epsg_source": 22391}}, {"type": "Feature", "geometry": {"type": "Point", "coordinates": [10.27655, 35.94699]}, "properties": {"record_id": "oai:u-bordeaux-montaigne.fr:340467", "symbol_class": "building", "pixel_x": 3736.1, "pixel_y": 5097.7, "easting": 533911.4, "northing": 294018.3, "epsg_source": 22391}}, {"type": "Feature", "geometry": {"type": "Point", "coordinates": [10.24997, 35.94845]}, "properties": {"record_id": "oai:u-bordeaux-montaigne.fr:340467", "symbol_class": "building", "pixel_x": 3182.0, "pixel_y": 5103.8, "easting": 531512.9, "northing": 294170.7, "epsg_source": 22391}}, {"type": "Feature", "geometry": {"type": "Point", "coordinates": [10.24542, 35.94864]}, "properties": {"record_id": "oai:u-bordeaux-montaigne.fr:340467", "symbol_class": "building", "pixel_x": 3087.3, "pixel_y": 5106.3, "easting": 531102.7, "northing": 294190.8, "epsg_source": 22391}}, {"type": "Feature", "geometry": {"type": "Point", "coordinates": [10.25053, 35.94825]}, "properties": {"record_id": "oai:u-bordeaux-montaigne.fr:340467", "symbol_class": "building", "pixel_x": 3194.0, "pixel_y": 5108.0, "easting": 531563.7, "northing": 294149.5, "epsg_source": 22391}}, {"type": "Feature", "geometry": {"type": "Point", "coordinates": [10.25089, 35.94815]}, "properties": {"record_id": "oai:u-bordeaux-montaigne.fr:340467", "symbol_class": "building", "pixel_x": 3201.8, "pixel_y": 5109.9, "easting": 531596.4, "northing": 294138.8, "epsg_source": 22391}}, {"type": "Feature", "geometry": {"type": "Point", "coordinates": [10.37936, 35.93996]}, "properties": {"record_id": "oai:u-bordeaux-montaigne.fr:340467", "symbol_class": "building", "pixel_x": 5881.9, "pixel_y": 5109.0, "easting": 543187.0, "northing": 293279.1, "epsg_source": 22391}}, {"type": "Feature", "geometry": {"type": "Point", "coordinates": [10.24405, 35.94834]}, "properties": {"record_id": "oai:u-bordeaux-montaigne.fr:340467", "symbol_class": "building", "pixel_x": 3059.5, "pixel_y": 5116.4, "easting": 530979.0, "northing": 294156.9, "epsg_source": 22391}}, {"type": "Feature", "geometry": {"type": "Point", "coordinates": [10.37803, 35.93885]}, "properties": {"record_id": "oai:u-bordeaux-montaigne.fr:340467", "symbol_class": "building", "pixel_x": 5856.7, "pixel_y": 5140.0, "easting": 543067.7, "northing": 293156.0, "epsg_source": 22391}}, {"type": "Feature", "geometry": {"type": "Point", "coordinates": [10.26954, 35.94556]}, "properties": {"record_id": "oai:u-bordeaux-montaigne.fr:340467", "symbol_class": "building", "pixel_x": 3593.8, "pixel_y": 5146.6, "easting": 533279.6, "northing": 293857.1, "epsg_source": 22391}}, {"type": "Feature", "geometry": {"type": "Point", "coordinates": [10.38059, 35.93829]}, "properties": {"record_id": "oai:u-bordeaux-montaigne.fr:340467", "symbol_class": "building", "pixel_x": 5911.0, "pixel_y": 5150.4, "easting": 543299.1, "northing": 293094.8, "epsg_source": 22391}}, {"type": "Feature", "geometry": {"type": "Point", "coordinates": [10.38106, 35.93791]}, "properties": {"record_id": "oai:u-bordeaux-montaigne.fr:340467", "symbol_class": "building", "pixel_x": 5921.6, "pixel_y": 5159.5, "easting": 543341.9, "northing": 293052.7, "epsg_source": 22391}}, {"type": "Feature", "geometry": {"type": "Point", "coordinates": [10.43793, 35.93414]}, "properties": {"record_id": "oai:u-bordeaux-montaigne.fr:340467", "symbol_class": "building", "pixel_x": 7108.5, "pixel_y": 5161.6, "easting": 548474.1, "northing": 292661.2, "epsg_source": 22391}}, {"type": "Feature", "geometry": {"type": "Point", "coordinates": [10.38159, 35.93746]}, "properties": {"record_id": "oai:u-bordeaux-montaigne.fr:340467", "symbol_class": "building", "pixel_x": 5933.5, "pixel_y": 5170.4, "easting": 543389.7, "northing": 293002.7, "epsg_source": 22391}}, {"type": "Feature", "geometry": {"type": "Point", "coordinates": [10.16594, 35.951]}, "properties": {"record_id": "oai:u-bordeaux-montaigne.fr:340467", "symbol_class": "building", "pixel_x": 1435.0, "pixel_y": 5175.5, "easting": 523934.0, "northing": 294430.7, "epsg_source": 22391}}, {"type": "Feature", "geometry": {"type": "Point", "coordinates": [10.43721, 35.93347]}, "properties": {"record_id": "oai:u-bordeaux-montaigne.fr:340467", "symbol_class": "building", "pixel_x": 7094.9, "pixel_y": 5180.2, "easting": 548409.0, "northing": 292587.0, "epsg_source": 22391}}, {"type": "Feature", "geometry": {"type": "Point", "coordinates": [10.36988, 35.93771]}, "properties": {"record_id": "oai:u-bordeaux-montaigne.fr:340467", "symbol_class": "building", "pixel_x": 5690.3, "pixel_y": 5183.6, "easting": 542333.5, "northing": 293025.3, "epsg_source": 22391}}, {"type": "Feature", "geometry": {"type": "Point", "coordinates": [10.25197, 35.94528]}, "properties": {"record_id": "oai:u-bordeaux-montaigne.fr:340467", "symbol_class": "building", "pixel_x": 3230.3, "pixel_y": 5182.9, "easting": 531695.2, "northing": 293820.8, "epsg_source": 22391}}, {"type": "Feature", "geometry": {"type": "Point", "coordinates": [10.28716, 35.943]}, "properties": {"record_id": "oai:u-bordeaux-montaigne.fr:340467", "symbol_class": "building", "pixel_x": 3964.5, "pixel_y": 5184.0, "easting": 534870.0, "northing": 293579.8, "epsg_source": 22391}}, {"type": "Feature", "geometry": {"type": "Point", "coordinates": [10.25286, 35.94501]}, "properties": {"record_id": "oai:u-bordeaux-montaigne.fr:340467", "symbol_class": "building", "pixel_x": 3249.2, "pixel_y": 5188.5, "easting": 531775.1, "northing": 293791.2, "epsg_source": 22391}}, {"type": "Feature", "geometry": {"type": "Point", "coordinates": [10.31936, 35.94055]}, "properties": {"record_id": "oai:u-bordeaux-montaigne.fr:340467", "symbol_class": "building", "pixel_x": 4637.2, "pixel_y": 5194.2, "easting": 537775.6, "northing": 293320.1, "epsg_source": 22391}}, {"type": "Feature", "geometry": {"type": "Point", "coordinates": [10.43826, 35.93279]}, "properties": {"record_id": "oai:u-bordeaux-montaigne.fr:340467", "symbol_class": "building", "pixel_x": 7118.2, "pixel_y": 5196.3, "easting": 548504.4, "northing": 292511.4, "epsg_source": 22391}}, {"type": "Feature", "geometry": {"type": "Point", "coordinates": [10.38292, 35.93627]}, "properties": {"record_id": "oai:u-bordeaux-montaigne.fr:340467", "symbol_class": "building", "pixel_x": 5963.7, "pixel_y": 5199.2, "easting": 543510.8, "northing": 292871.5, "epsg_source": 22391}}, {"type": "Feature", "geometry": {"type": "Point", "coordinates": [10.25169, 35.94463]}, "properties": {"record_id": "oai:u-bordeaux-montaigne.fr:340467", "symbol_class": "building", "pixel_x": 3225.8, "pixel_y": 5200.5, "easting": 531670.2, "northing": 293748.1, "epsg_source": 22391}}, {"type": "Feature", "geometry": {"type": "Point", "coordinates": [10.25261, 35.94431]}, "properties": {"record_id": "oai:u-bordeaux-montaigne.fr:340467", "symbol_class": "building", "pixel_x": 3245.5, "pixel_y": 5207.3, "easting": 531753.0, "northing": 293713.0, "epsg_source": 22391}}, {"type": "Feature", "geometry": {"type": "Point", "coordinates": [10.44646, 35.93197]}, "properties": {"record_id": "oai:u-bordeaux-montaigne.fr:340467", "symbol_class": "building", "pixel_x": 7290.1, "pixel_y": 5203.6, "easting": 549245.0, "northing": 292425.3, "epsg_source": 22391}}, {"type": "Feature", "geometry": {"type": "Point", "coordinates": [10.28776, 35.94173]}, "properties": {"record_id": "oai:u-bordeaux-montaigne.fr:340467", "symbol_class": "building", "pixel_x": 3979.5, "pixel_y": 5216.1, "easting": 534924.1, "northing": 293439.3, "epsg_source": 22391}}, {"type": "Feature", "geometry": {"type": "Point", "coordinates": [10.43898, 35.93178]}, "properties": {"record_id": "oai:u-bordeaux-montaigne.fr:340467", "symbol_class": "building", "pixel_x": 7135.4, "pixel_y": 5221.3, "easting": 548570.4, "northing": 292400.2, "epsg_source": 22391}}, {"type": "Feature", "geometry": {"type": "Point", "coordinates": [10.25298, 35.94359]}, "properties": {"record_id": "oai:u-bordeaux-montaigne.fr:340467", "symbol_class": "building", "pixel_x": 3254.7, "pixel_y": 5225.5, "easting": 531786.5, "northing": 293632.9, "epsg_source": 22391}}, {"type": "Feature", "geometry": {"type": "Point", "coordinates": [10.25251, 35.94297]}, "properties": {"record_id": "oai:u-bordeaux-montaigne.fr:340467", "symbol_class": "building", "pixel_x": 3246.2, "pixel_y": 5242.3, "easting": 531744.3, "northing": 293564.5, "epsg_source": 22391}}, {"type": "Feature", "geometry": {"type": "Point", "coordinates": [10.30256, 35.93938]}, "properties": {"record_id": "oai:u-bordeaux-montaigne.fr:340467", "symbol_class": "building", "pixel_x": 4291.4, "pixel_y": 5252.8, "easting": 536260.7, "northing": 293183.5, "epsg_source": 22391}}, {"type": "Feature", "geometry": {"type": "Point", "coordinates": [10.2544, 35.9422]}, "properties": {"record_id": "oai:u-bordeaux-montaigne.fr:340467", "symbol_class": "building", "pixel_x": 3287.1, "pixel_y": 5259.3, "easting": 531915.3, "northing": 293479.6, "epsg_source": 22391}}, {"type": "Feature", "geometry": {"type": "Point", "coordinates": [10.30393, 35.939]}, "properties": {"record_id": "oai:u-bordeaux-montaigne.fr:340467", "symbol_class": "building", "pixel_x": 4320.6, "pixel_y": 5260.5, "easting": 536384.5, "northing": 293141.4, "epsg_source": 22391}}, {"type": "Feature", "geometry": {"type": "Point", "coordinates": [10.312, 35.93845]}, "properties": {"record_id": "oai:u-bordeaux-montaigne.fr:340467", "symbol_class": "building", "pixel_x": 4488.9, "pixel_y": 5261.4, "easting": 537112.0, "northing": 293083.7, "epsg_source": 22391}}, {"type": "Feature", "geometry": {"type": "Point", "coordinates": [10.23716, 35.94255]}, "properties": {"record_id": "oai:u-bordeaux-montaigne.fr:340467", "symbol_class": "building", "pixel_x": 2928.9, "pixel_y": 5278.7, "easting": 530359.9, "northing": 293513.0, "epsg_source": 22391}}, {"type": "Feature", "geometry": {"type": "Point", "coordinates": [10.25586, 35.94125]}, "properties": {"record_id": "oai:u-bordeaux-montaigne.fr:340467", "symbol_class": "building", "pixel_x": 3319.3, "pixel_y": 5281.8, "easting": 532047.4, "northing": 293374.3, "epsg_source": 22391}}, {"type": "Feature", "geometry": {"type": "Point", "coordinates": [10.25649, 35.94107]}, "properties": {"record_id": "oai:u-bordeaux-montaigne.fr:340467", "symbol_class": "building", "pixel_x": 3332.8, "pixel_y": 5285.3, "easting": 532104.2, "northing": 293355.0, "epsg_source": 22391}}, {"type": "Feature", "geometry": {"type": "Point", "coordinates": [10.27512, 35.93993]}, "properties": {"record_id": "oai:u-bordeaux-montaigne.fr:340467", "symbol_class": "building", "pixel_x": 3721.4, "pixel_y": 5284.1, "easting": 533785.2, "northing": 293235.0, "epsg_source": 22391}}, {"type": "Feature", "geometry": {"type": "Point", "coordinates": [10.44197, 35.92909]}, "properties": {"record_id": "oai:u-bordeaux-montaigne.fr:340467", "symbol_class": "building", "pixel_x": 7203.1, "pixel_y": 5286.5, "easting": 548841.2, "northing": 292103.1, "epsg_source": 22391}}, {"type": "Feature", "geometry": {"type": "Point", "coordinates": [10.27555, 35.93967]}, "properties": {"record_id": "oai:u-bordeaux-montaigne.fr:340467", "symbol_class": "building", "pixel_x": 3730.9, "pixel_y": 5290.2, "easting": 533824.4, "northing": 293205.8, "epsg_source": 22391}}, {"type": "Feature", "geometry": {"type": "Point", "coordinates": [10.37914, 35.93281]}, "properties": {"record_id": "oai:u-bordeaux-montaigne.fr:340467", "symbol_class": "building", "pixel_x": 5892.8, "pixel_y": 5295.7, "easting": 543171.6, "northing": 292486.2, "epsg_source": 22391}}, {"type": "Feature", "geometry": {"type": "Point", "coordinates": [10.27354, 35.93959]}, "properties": {"record_id": "oai:u-bordeaux-montaigne.fr:340467", "symbol_class": "building", "pixel_x": 3689.2, "pixel_y": 5295.8, "easting": 533642.4, "northing": 293195.9, "epsg_source": 22391}}, {"type": "Feature", "geometry": {"type": "Point", "coordinates": [10.44916, 35.92797]}, "properties": {"record_id": "oai:u-bordeaux-montaigne.fr:340467", "symbol_class": "building", "pixel_x": 7354.6, "pixel_y": 5303.5, "easting": 549490.9, "northing": 291982.2, "epsg_source": 22391}}, {"type": "Feature", "geometry": {"type": "Point", "coordinates": [10.28328, 35.93844]}, "properties": {"record_id": "oai:u-bordeaux-montaigne.fr:340467", "symbol_class": "building", "pixel_x": 3893.7, "pixel_y": 5309.5, "easting": 534522.0, "northing": 293071.9, "epsg_source": 22391}}, {"type": "Feature", "geometry": {"type": "Point", "coordinates": [10.25526, 35.94001]}, "properties": {"record_id": "oai:u-bordeaux-montaigne.fr:340467", "symbol_class": "building", "pixel_x": 3309.4, "pixel_y": 5315.0, "easting": 531993.4, "northing": 293236.9, "epsg_source": 22391}}, {"type": "Feature", "geometry": {"type": "Point", "coordinates": [10.24982, 35.94008]}, "properties": {"record_id": "oai:u-bordeaux-montaigne.fr:340467", "symbol_class": "building", "pixel_x": 3196.6, "pixel_y": 5322.1, "easting": 531503.3, "northing": 293243.1, "epsg_source": 22391}}, {"type": "Feature", "geometry": {"type": "Point", "coordinates": [10.23923, 35.94086]}, "properties": {"record_id": "oai:u-bordeaux-montaigne.fr:340467", "symbol_class": "building", "pixel_x": 2975.5, "pixel_y": 5319.5, "easting": 530547.9, "northing": 293325.5, "epsg_source": 22391}}, {"type": "Feature", "geometry": {"type": "Point", "coordinates": [10.28331, 35.93781]}, "properties": {"record_id": "oai:u-bordeaux-montaigne.fr:340467", "symbol_class": "building", "pixel_x": 3895.6, "pixel_y": 5325.7, "easting": 534524.8, "northing": 293003.0, "epsg_source": 22391}}, {"type": "Feature", "geometry": {"type": "Point", "coordinates": [10.43812, 35.92786]}, "properties": {"record_id": "oai:u-bordeaux-montaigne.fr:340467", "symbol_class": "building", "pixel_x": 7126.0, "pixel_y": 5325.0, "easting": 548495.1, "northing": 291964.9, "epsg_source": 22391}}, {"type": "Feature", "geometry": {"type": "Point", "coordinates": [10.28173, 35.93792]}, "properties": {"record_id": "oai:u-bordeaux-montaigne.fr:340467", "symbol_class": "building", "pixel_x": 3862.6, "pixel_y": 5325.6, "easting": 534382.1, "northing": 293014.0, "epsg_source": 22391}}, {"type": "Feature", "geometry": {"type": "Point", "coordinates": [10.43892, 35.92735]}, "properties": {"record_id": "oai:u-bordeaux-montaigne.fr:340467", "symbol_class": "building", "pixel_x": 7143.6, "pixel_y": 5337.0, "easting": 548567.0, "northing": 291908.7, "epsg_source": 22391}}, {"type": "Feature", "geometry": {"type": "Point", "coordinates": [10.44248, 35.92699]}, "properties": {"record_id": "oai:u-bordeaux-montaigne.fr:340467", "symbol_class": "building", "pixel_x": 7218.3, "pixel_y": 5340.4, "easting": 548889.0, "northing": 291870.3, "epsg_source": 22391}}, {"type": "Feature", "geometry": {"type": "Point", "coordinates": [10.4385, 35.92727]}, "properties": {"record_id": "oai:u-bordeaux-montaigne.fr:340467", "symbol_class": "building", "pixel_x": 7135.2, "pixel_y": 5339.8, "easting": 548529.8, "northing": 291899.7, "epsg_source": 22391}}, {"type": "Feature", "geometry": {"type": "Point", "coordinates": [10.43912, 35.92694]}, "properties": {"record_id": "oai:u-bordeaux-montaigne.fr:340467", "symbol_class": "building", "pixel_x": 7148.7, "pixel_y": 5347.3, "easting": 548585.5, "northing": 291863.2, "epsg_source": 22391}}, {"type": "Feature", "geometry": {"type": "Point", "coordinates": [10.28327, 35.93676]}, "properties": {"record_id": "oai:u-bordeaux-montaigne.fr:340467", "symbol_class": "building", "pixel_x": 3897.1, "pixel_y": 5353.2, "easting": 534522.0, "northing": 292886.2, "epsg_source": 22391}}, {"type": "Feature", "geometry": {"type": "Point", "coordinates": [10.28468, 35.93638]}, "properties": {"record_id": "oai:u-bordeaux-montaigne.fr:340467", "symbol_class": "building", "pixel_x": 3927.0, "pixel_y": 5360.7, "easting": 534648.7, "northing": 292844.7, "epsg_source": 22391}}, {"type": "Feature", "geometry": {"type": "Point", "coordinates": [10.32888, 35.9334]}, "properties": {"record_id": "oai:u-bordeaux-montaigne.fr:340467", "symbol_class": "building", "pixel_x": 4849.5, "pixel_y": 5364.8, "easting": 538637.0, "northing": 292530.3, "epsg_source": 22391}}, {"type": "Feature", "geometry": {"type": "Point", "coordinates": [10.32838, 35.93306]}, "properties": {"record_id": "oai:u-bordeaux-montaigne.fr:340467", "symbol_class": "building", "pixel_x": 4840.0, "pixel_y": 5374.5, "easting": 538592.6, "northing": 292492.3, "epsg_source": 22391}}, {"type": "Feature", "geometry": {"type": "Point", "coordinates": [10.28524, 35.93532]}, "properties": {"record_id": "oai:u-bordeaux-montaigne.fr:340467", "symbol_class": "building", "pixel_x": 3941.0, "pixel_y": 5387.6, "easting": 534700.3, "northing": 292726.4, "epsg_source": 22391}}, {"type": "Feature", "geometry": {"type": "Point", "coordinates": [10.32889, 35.9325]}, "properties": {"record_id": "oai:u-bordeaux-montaigne.fr:340467", "symbol_class": "building", "pixel_x": 4851.7, "pixel_y": 5388.2, "easting": 538638.7, "northing": 292430.5, "epsg_source": 22391}}, {"type": "Feature", "geometry": {"type": "Point", "coordinates": [10.39939, 35.92766]}, "properties": {"record_id": "oai:u-bordeaux-montaigne.fr:340467", "symbol_class": "building", "pixel_x": 6323.5, "pixel_y": 5395.8, "easting": 545000.9, "northing": 291924.1, "epsg_source": 22391}}, {"type": "Feature", "geometry": {"type": "Point", "coordinates": [10.2515, 35.9369]}, "properties": {"record_id": "oai:u-bordeaux-montaigne.fr:340467", "symbol_class": "building", "pixel_x": 3238.0, "pixel_y": 5402.2, "easting": 531655.5, "northing": 292891.1, "epsg_source": 22391}}, {"type": "Feature", "geometry": {"type": "Point", "coordinates": [10.252, 35.93679]}, "properties": {"record_id": "oai:u-bordeaux-montaigne.fr:340467", "symbol_class": "building", "pixel_x": 3248.7, "pixel_y": 5404.3, "easting": 531701.0, "northing": 292878.8, "epsg_source": 22391}}, {"type": "Feature", "geometry": {"type": "Point", "coordinates": [10.34755, 35.93065]}, "properties": {"record_id": "oai:u-bordeaux-montaigne.fr:340467", "symbol_class": "building", "pixel_x": 5242.6, "pixel_y": 5405.2, "easting": 540323.3, "northing": 292232.6, "epsg_source": 22391}}, {"type": "Feature", "geometry": {"type": "Point", "coordinates": [10.3004, 35.93346]}, "properties": {"record_id": "oai:u-bordeaux-montaigne.fr:340467", "symbol_class": "building", "pixel_x": 4259.1, "pixel_y": 5410.8, "easting": 536068.4, "northing": 292525.8, "epsg_source": 22391}}, {"type": "Feature", "geometry": {"type": "Point", "coordinates": [10.34843, 35.93028]}, "properties": {"record_id": "oai:u-bordeaux-montaigne.fr:340467", "symbol_class": "building", "pixel_x": 5261.5, "pixel_y": 5413.4, "easting": 540402.3, "northing": 292191.8, "epsg_source": 22391}}, {"type": "Feature", "geometry": {"type": "Point", "coordinates": [10.25232, 35.93637]}, "properties": {"record_id": "oai:u-bordeaux-montaigne.fr:340467", "symbol_class": "building", "pixel_x": 3256.2, "pixel_y": 5414.9, "easting": 531730.0, "northing": 292831.8, "epsg_source": 22391}}, {"type": "Feature", "geometry": {"type": "Point", "coordinates": [10.34886, 35.92996]}, "properties": {"record_id": "oai:u-bordeaux-montaigne.fr:340467", "symbol_class": "building", "pixel_x": 5271.1, "pixel_y": 5421.1, "easting": 540441.3, "northing": 292156.5, "epsg_source": 22391}}, {"type": "Feature", "geometry": {"type": "Point", "coordinates": [10.34826, 35.92966]}, "properties": {"record_id": "oai:u-bordeaux-montaigne.fr:340467", "symbol_class": "building", "pixel_x": 5259.4, "pixel_y": 5429.7, "easting": 540387.8, "northing": 292123.6, "epsg_source": 22391}}, {"type": "Feature", "geometry": {"type": "Point", "coordinates": [10.3152, 35.93176]}, "properties": {"record_id": "oai:u-bordeaux-montaigne.fr:340467", "symbol_class": "building", "pixel_x": 4569.6, "pixel_y": 5430.4, "easting": 537404.4, "northing": 292343.1, "epsg_source": 22391}}, {"type": "Feature", "geometry": {"type": "Point", "coordinates": [10.34958, 35.92951]}, "properties": {"record_id": "oai:u-bordeaux-montaigne.fr:340467", "symbol_class": "building", "pixel_x": 5286.9, "pixel_y": 5431.5, "easting": 540506.3, "northing": 292107.4, "epsg_source": 22391}}, {"type": "Feature", "geometry": {"type": "Point", "coordinates": [10.50117, 35.91965]}, "properties": {"record_id": "oai:u-bordeaux-montaigne.fr:340467", "symbol_class": "building", "pixel_x": 8450.7, "pixel_y": 5431.5, "easting": 554187.9, "northing": 291087.9, "epsg_source": 22391}}, {"type": "Feature", "geometry": {"type": "Point", "coordinates": [10.38906, 35.92666]}, "properties": {"record_id": "oai:u-bordeaux-montaigne.fr:340467", "symbol_class": "building", "pixel_x": 6111.6, "pixel_y": 5439.4, "easting": 544070.0, "northing": 291808.1, "epsg_source": 22391}}, {"type": "Feature", "geometry": {"type": "Point", "coordinates": [10.38967, 35.92666]}, "properties": {"record_id": "oai:u-bordeaux-montaigne.fr:340467", "symbol_class": "building", "pixel_x": 6124.2, "pixel_y": 5438.4, "easting": 544125.0, "northing": 291808.4, "epsg_source": 22391}}, {"type": "Feature", "geometry": {"type": "Point", "coordinates": [10.38834, 35.92669]}, "properties": {"record_id": "oai:u-bordeaux-montaigne.fr:340467", "symbol_class": "building", "pixel_x": 6096.6, "pixel_y": 5439.7, "easting": 544005.0, "northing": 291811.7, "epsg_source": 22391}}, {"type": "Feature", "geometry": {"type": "Point", "coordinates": [10.2731, 35.93392]}, "properties": {"record_id": "oai:u-bordeaux-montaigne.fr:340467", "symbol_class": "building", "pixel_x": 3692.2, "pixel_y": 5444.2, "easting": 533605.6, "northing": 292567.3, "epsg_source": 22391}}, {"type": "Feature", "geometry": {"type": "Point", "coordinates": [10.25746, 35.93464]}, "properties": {"record_id": "oai:u-bordeaux-montaigne.fr:340467", "symbol_class": "building", "pixel_x": 3366.5, "pixel_y": 5451.5, "easting": 532194.8, "northing": 292641.6, "epsg_source": 22391}}, {"type": "Feature", "geometry": {"type": "Point", "coordinates": [10.39542, 35.9258]}, "properties": {"record_id": "oai:u-bordeaux-montaigne.fr:340467", "symbol_class": "building", "pixel_x": 6245.3, "pixel_y": 5451.0, "easting": 544644.4, "northing": 291716.0, "epsg_source": 22391}}, {"type": "Feature", "geometry": {"type": "Point", "coordinates": [10.38856, 35.92615]}, "properties": {"record_id": "oai:u-bordeaux-montaigne.fr:340467", "symbol_class": "building", "pixel_x": 6102.4, "pixel_y": 5453.6, "easting": 544025.3, "northing": 291751.2, "epsg_source": 22391}}, {"type": "Feature", "geometry": {"type": "Point", "coordinates": [10.38924, 35.92606]}, "properties": {"record_id": "oai:u-bordeaux-montaigne.fr:340467", "symbol_class": "building", "pixel_x": 6116.6, "pixel_y": 5454.8, "easting": 544086.4, "northing": 291741.6, "epsg_source": 22391}}, {"type": "Feature", "geometry": {"type": "Point", "coordinates": [10.37633, 35.92677]}, "properties": {"record_id": "oai:u-bordeaux-montaigne.fr:340467", "symbol_class": "building", "pixel_x": 5847.4, "pixel_y": 5457.9, "easting": 542921.2, "northing": 291815.2, "epsg_source": 22391}}, {"type": "Feature", "geometry": {"type": "Point", "coordinates": [10.31695, 35.9304]}, "properties": {"record_id": "oai:u-bordeaux-montaigne.fr:340467", "symbol_class": "building", "pixel_x": 4608.6, "pixel_y": 5462.9, "easting": 537562.4, "northing": 292193.2, "epsg_source": 22391}}, {"type": "Feature", "geometry": {"type": "Point", "coordinates": [10.35158, 35.92802]}, "properties": {"record_id": "oai:u-bordeaux-montaigne.fr:340467", "symbol_class": "building", "pixel_x": 5331.7, "pixel_y": 5467.0, "easting": 540688.1, "northing": 291942.7, "epsg_source": 22391}}, {"type": "Feature", "geometry": {"type": "Point", "coordinates": [10.31727, 35.93013]}, "properties": {"record_id": "oai:u-bordeaux-montaigne.fr:340467", "symbol_class": "building", "pixel_x": 4615.9, "pixel_y": 5469.3, "easting": 537591.8, "northing": 292163.5, "epsg_source": 22391}}, {"type": "Feature", "geometry": {"type": "Point", "coordinates": [10.44903, 35.92162]}, "properties": {"record_id": "oai:u-bordeaux-montaigne.fr:340467", "symbol_class": "building", "pixel_x": 7365.6, "pixel_y": 5469.3, "easting": 549482.7, "northing": 291277.7, "epsg_source": 22391}}, {"type": "Feature", "geometry": {"type": "Point", "coordinates": [10.27689, 35.93258]}, "properties": {"record_id": "oai:u-bordeaux-montaigne.fr:340467", "symbol_class": "building", "pixel_x": 3773.6, "pixel_y": 5472.8, "easting": 533947.9, "northing": 292420.1, "epsg_source": 22391}}, {"type": "Feature", "geometry": {"type": "Point", "coordinates": [10.37022, 35.92661]}, "properties": {"record_id": "oai:u-bordeaux-montaigne.fr:340467", "symbol_class": "building", "pixel_x": 5721.2, "pixel_y": 5472.4, "easting": 542370.5, "northing": 291794.4, "epsg_source": 22391}}, {"type": "Feature", "geometry": {"type": "Point", "coordinates": [10.35169, 35.9274]}, "properties": {"record_id": "oai:u-bordeaux-montaigne.fr:340467", "symbol_class": "building", "pixel_x": 5335.3, "pixel_y": 5482.9, "easting": 540698.1, "northing": 291874.4, "epsg_source": 22391}}, {"type": "Feature", "geometry": {"type": "Point", "coordinates": [10.27807, 35.93198]}, "properties": {"record_id": "oai:u-bordeaux-montaigne.fr:340467", "symbol_class": "building", "pixel_x": 3799.4, "pixel_y": 5486.4, "easting": 534055.0, "northing": 292354.2, "epsg_source": 22391}}, {"type": "Feature", "geometry": {"type": "Point", "coordinates": [10.37539, 35.92568]}, "properties": {"record_id": "oai:u-bordeaux-montaigne.fr:340467", "symbol_class": "building", "pixel_x": 5830.4, "pixel_y": 5488.0, "easting": 542837.5, "northing": 291693.4, "epsg_source": 22391}}, {"type": "Feature", "geometry": {"type": "Point", "coordinates": [10.27858, 35.93148]}, "properties": {"record_id": "oai:u-bordeaux-montaigne.fr:340467", "symbol_class": "building", "pixel_x": 3810.9, "pixel_y": 5498.7, "easting": 534100.6, "northing": 292298.6, "epsg_source": 22391}}, {"type": "Feature", "geometry": {"type": "Point", "coordinates": [10.2789, 35.93148]}, "properties": {"record_id": "oai:u-bordeaux-montaigne.fr:340467", "symbol_class": "building", "pixel_x": 3817.5, "pixel_y": 5498.3, "easting": 534129.4, "northing": 292298.4, "epsg_source": 22391}}, {"type": "Feature", "geometry": {"type": "Point", "coordinates": [10.50086, 35.91673]}, "properties": {"record_id": "oai:u-bordeaux-montaigne.fr:340467", "symbol_class": "building", "pixel_x": 8450.7, "pixel_y": 5508.3, "easting": 554162.5, "northing": 290763.1, "epsg_source": 22391}}, {"type": "Feature", "geometry": {"type": "Point", "coordinates": [10.24788, 35.93301]}, "properties": {"record_id": "oai:u-bordeaux-montaigne.fr:340467", "symbol_class": "building", "pixel_x": 3171.3, "pixel_y": 5509.9, "easting": 531331.0, "northing": 292457.5, "epsg_source": 22391}}, {"type": "Feature", "geometry": {"type": "Point", "coordinates": [10.40642, 35.92265]}, "properties": {"record_id": "oai:u-bordeaux-montaigne.fr:340467", "symbol_class": "building", "pixel_x": 6480.1, "pixel_y": 5514.6, "easting": 545638.2, "northing": 291371.4, "epsg_source": 22391}}, {"type": "Feature", "geometry": {"type": "Point", "coordinates": [10.47454, 35.91778]}, "properties": {"record_id": "oai:u-bordeaux-montaigne.fr:340467", "symbol_class": "building", "pixel_x": 7902.7, "pixel_y": 5525.9, "easting": 551786.5, "northing": 290865.5, "epsg_source": 22391}}, {"type": "Feature", "geometry": {"type": "Point", "coordinates": [10.32399, 35.92724]}, "properties": {"record_id": "oai:u-bordeaux-montaigne.fr:340467", "symbol_class": "building", "pixel_x": 4761.4, "pixel_y": 5533.6, "easting": 538199.6, "northing": 291845.1, "epsg_source": 22391}}, {"type": "Feature", "geometry": {"type": "Point", "coordinates": [10.28263, 35.92973]}, "properties": {"record_id": "oai:u-bordeaux-montaigne.fr:340467", "symbol_class": "building", "pixel_x": 3898.6, "pixel_y": 5537.7, "easting": 534466.8, "northing": 292105.7, "epsg_source": 22391}}, {"type": "Feature", "geometry": {"type": "Point", "coordinates": [10.33434, 35.92643]}, "properties": {"record_id": "oai:u-bordeaux-montaigne.fr:340467", "symbol_class": "building", "pixel_x": 4977.6, "pixel_y": 5537.4, "easting": 539133.0, "northing": 291759.3, "epsg_source": 22391}}, {"type": "Feature", "geometry": {"type": "Point", "coordinates": [10.42163, 35.92056]}, "properties": {"record_id": "oai:u-bordeaux-montaigne.fr:340467", "symbol_class": "building", "pixel_x": 6799.8, "pixel_y": 5543.3, "easting": 547011.2, "northing": 291147.0, "epsg_source": 22391}}, {"type": "Feature", "geometry": {"type": "Point", "coordinates": [10.47261, 35.91723]}, "properties": {"record_id": "oai:u-bordeaux-montaigne.fr:340467", "symbol_class": "building", "pixel_x": 7863.9, "pixel_y": 5543.6, "easting": 551612.8, "northing": 290803.0, "epsg_source": 22391}}, {"type": "Feature", "geometry": {"type": "Point", "coordinates": [10.32494, 35.92667]}, "properties": {"record_id": "oai:u-bordeaux-montaigne.fr:340467", "symbol_class": "building", "pixel_x": 4782.2, "pixel_y": 5546.7, "easting": 538284.9, "northing": 291782.8, "epsg_source": 22391}}, {"type": "Feature", "geometry": {"type": "Point", "coordinates": [10.48472, 35.91614]}, "properties": {"record_id": "oai:u-bordeaux-montaigne.fr:340467", "symbol_class": "building", "pixel_x": 8117.4, "pixel_y": 5551.3, "easting": 552706.6, "northing": 290688.9, "epsg_source": 22391}}, {"type": "Feature", "geometry": {"type": "Point", "coordinates": [10.31249, 35.92724]}, "properties": {"record_id": "oai:u-bordeaux-montaigne.fr:340467", "symbol_class": "building", "pixel_x": 4523.0, "pixel_y": 5552.7, "easting": 537162.1, "northing": 291840.9, "epsg_source": 22391}}, {"type": "Feature", "geometry": {"type": "Point", "coordinates": [10.45134, 35.9181]}, "properties": {"record_id": "oai:u-bordeaux-montaigne.fr:340467", "symbol_class": "building", "pixel_x": 7421.1, "pixel_y": 5557.1, "easting": 549693.7, "northing": 290888.6, "epsg_source": 22391}}, {"type": "Feature", "geometry": {"type": "Point", "coordinates": [10.41031, 35.92025]}, "properties": {"record_id": "oai:u-bordeaux-montaigne.fr:340467", "symbol_class": "building", "pixel_x": 6565.8, "pixel_y": 5570.5, "easting": 545990.2, "northing": 291107.7, "epsg_source": 22391}}, {"type": "Feature", "geometry": {"type": "Point", "coordinates": [10.41066, 35.92027]}, "properties": {"record_id": "oai:u-bordeaux-montaigne.fr:340467", "symbol_class": "building", "pixel_x": 6573.0, "pixel_y": 5569.4, "easting": 546021.8, "northing": 291110.0, "epsg_source": 22391}}, {"type": "Feature", "geometry": {"type": "Point", "coordinates": [10.46334, 35.91632]}, "properties": {"record_id": "oai:u-bordeaux-montaigne.fr:340467", "symbol_class": "building", "pixel_x": 7673.8, "pixel_y": 5583.1, "easting": 550777.7, "northing": 290697.3, "epsg_source": 22391}}, {"type": "Feature", "geometry": {"type": "Point", "coordinates": [10.25228, 35.92976]}, "properties": {"record_id": "oai:u-bordeaux-montaigne.fr:340467", "symbol_class": "building", "pixel_x": 3269.3, "pixel_y": 5587.3, "easting": 531729.0, "northing": 292098.7, "epsg_source": 22391}}, {"type": "Feature", "geometry": {"type": "Point", "coordinates": [10.25047, 35.92955]}, "properties": {"record_id": "oai:u-bordeaux-montaigne.fr:340467", "symbol_class": "building", "pixel_x": 3232.3, "pixel_y": 5595.7, "easting": 531566.3, "northing": 292075.1, "epsg_source": 22391}}, {"type": "Feature", "geometry": {"type": "Point", "coordinates": [10.34424, 35.92333]}, "properties": {"record_id": "oai:u-bordeaux-montaigne.fr:340467", "symbol_class": "building", "pixel_x": 5189.4, "pixel_y": 5601.6, "easting": 540027.8, "northing": 291419.5, "epsg_source": 22391}}, {"type": "Feature", "geometry": {"type": "Point", "coordinates": [10.2521, 35.9291]}, "properties": {"record_id": "oai:u-bordeaux-montaigne.fr:340467", "symbol_class": "building", "pixel_x": 3267.0, "pixel_y": 5604.7, "easting": 531713.3, "northing": 292026.0, "epsg_source": 22391}}, {"type": "Feature", "geometry": {"type": "Point", "coordinates": [10.3673, 35.92176]}, "properties": {"record_id": "oai:u-bordeaux-montaigne.fr:340467", "symbol_class": "building", "pixel_x": 5671.0, "pixel_y": 5603.6, "easting": 542109.7, "northing": 291255.8, "epsg_source": 22391}}, {"type": "Feature", "geometry": {"type": "Point", "coordinates": [10.42573, 35.91784]}, "properties": {"record_id": "oai:u-bordeaux-montaigne.fr:340467", "symbol_class": "building", "pixel_x": 6890.7, "pixel_y": 5607.3, "easting": 547382.9, "northing": 290847.2, "epsg_source": 22391}}, {"type": "Feature", "geometry": {"type": "Point", "coordinates": [10.25142, 35.92879]}, "properties": {"record_id": "oai:u-bordeaux-montaigne.fr:340467", "symbol_class": "building", "pixel_x": 3253.5, "pixel_y": 5614.0, "easting": 531651.5, "northing": 291990.8, "epsg_source": 22391}}, {"type": "Feature", "geometry": {"type": "Point", "coordinates": [10.40208, 35.91895]}, "properties": {"record_id": "oai:u-bordeaux-montaigne.fr:340467", "symbol_class": "building", "pixel_x": 6398.0, "pixel_y": 5618.5, "easting": 545248.7, "northing": 290958.8, "epsg_source": 22391}}, {"type": "Feature", "geometry": {"type": "Point", "coordinates": [10.29602, 35.92534]}, "properties": {"record_id": "oai:u-bordeaux-montaigne.fr:340467", "symbol_class": "building", "pixel_x": 4185.4, "pixel_y": 5629.8, "easting": 535676.6, "northing": 291624.0, "epsg_source": 22391}}, {"type": "Feature", "geometry": {"type": "Point", "coordinates": [10.29531, 35.9252]}, "properties": {"record_id": "oai:u-bordeaux-montaigne.fr:340467", "symbol_class": "building", "pixel_x": 4171.2, "pixel_y": 5634.7, "easting": 535613.2, "northing": 291607.7, "epsg_source": 22391}}, {"type": "Feature", "geometry": {"type": "Point", "coordinates": [10.35734, 35.92118]}, "properties": {"record_id": "oai:u-bordeaux-montaigne.fr:340467", "symbol_class": "building", "pixel_x": 5465.6, "pixel_y": 5635.6, "easting": 541210.8, "northing": 291186.7, "epsg_source": 22391}}, {"type": "Feature", "geometry": {"type": "Point", "coordinates": [10.31224, 35.92396]}, "properties": {"record_id": "oai:u-bordeaux-montaigne.fr:340467", "symbol_class": "building", "pixel_x": 4524.7, "pixel_y": 5638.6, "easting": 537140.6, "northing": 291477.3, "epsg_source": 22391}}, {"type": "Feature", "geometry": {"type": "Point", "coordinates": [10.29472, 35.92504]}, "properties": {"record_id": "oai:u-bordeaux-montaigne.fr:340467", "symbol_class": "building", "pixel_x": 4159.2, "pixel_y": 5639.7, "easting": 535559.8, "northing": 291590.5, "epsg_source": 22391}}, {"type": "Feature", "geometry": {"type": "Point", "coordinates": [10.42471, 35.91619]}, "properties": {"record_id": "oai:u-bordeaux-montaigne.fr:340467", "symbol_class": "building", "pixel_x": 6873.1, "pixel_y": 5652.1, "easting": 547291.9, "northing": 290663.5, "epsg_source": 22391}}, {"type": "Feature", "geometry": {"type": "Point", "coordinates": [10.44812, 35.91445]}, "properties": {"record_id": "oai:u-bordeaux-montaigne.fr:340467", "symbol_class": "building", "pixel_x": 7362.3, "pixel_y": 5657.6, "easting": 549405.6, "northing": 290482.6, "epsg_source": 22391}}, {"type": "Feature", "geometry": {"type": "Point", "coordinates": [10.40274, 35.9174]}, "properties": {"record_id": "oai:u-bordeaux-montaigne.fr:340467", "symbol_class": "building", "pixel_x": 6415.1, "pixel_y": 5657.7, "easting": 545309.3, "northing": 290787.4, "epsg_source": 22391}}, {"type": "Feature", "geometry": {"type": "Point", "coordinates": [10.44029, 35.91479]}, "properties": {"record_id": "oai:u-bordeaux-montaigne.fr:340467", "symbol_class": "building", "pixel_x": 7199.2, "pixel_y": 5662.2, "easting": 548698.8, "northing": 290516.0, "epsg_source": 22391}}, {"type": "Feature", "geometry": {"type": "Point", "coordinates": [10.29558, 35.92418]}, "properties": {"record_id": "oai:u-bordeaux-montaigne.fr:340467", "symbol_class": "building", "pixel_x": 4178.9, "pixel_y": 5660.7, "easting": 535638.1, "northing": 291495.4, "epsg_source": 22391}}, {"type": "Feature", "geometry": {"type": "Point", "coordinates": [10.40376, 35.91703]}, "properties": {"record_id": "oai:u-bordeaux-montaigne.fr:340467", "symbol_class": "building", "pixel_x": 6436.9, "pixel_y": 5665.7, "easting": 545401.0, "northing": 290746.7, "epsg_source": 22391}}, {"type": "Feature", "geometry": {"type": "Point", "coordinates": [10.32577, 35.92208]}, "properties": {"record_id": "oai:u-bordeaux-montaigne.fr:340467", "symbol_class": "building", "pixel_x": 4809.3, "pixel_y": 5665.0, "easting": 538362.7, "northing": 291274.0, "epsg_source": 22391}}, {"type": "Feature", "geometry": {"type": "Point", "coordinates": [10.32612, 35.92183]}, "properties": {"record_id": "oai:u-bordeaux-montaigne.fr:340467", "symbol_class": "building", "pixel_x": 4817.1, "pixel_y": 5671.1, "easting": 538394.3, "northing": 291245.5, "epsg_source": 22391}}, {"type": "Feature", "geometry": {"type": "Point", "coordinates": [10.28757, 35.92397]}, "properties": {"record_id": "oai:u-bordeaux-montaigne.fr:340467", "symbol_class": "building", "pixel_x": 4013.2, "pixel_y": 5679.5, "easting": 534915.1, "northing": 291469.3, "epsg_source": 22391}}, {"type": "Feature", "geometry": {"type": "Point", "coordinates": [10.2695, 35.92504]}, "properties": {"record_id": "oai:u-bordeaux-montaigne.fr:340467", "symbol_class": "building", "pixel_x": 3636.3, "pixel_y": 5681.7, "easting": 533284.6, "northing": 291581.5, "epsg_source": 22391}}, {"type": "Feature", "geometry": {"type": "Point", "coordinates": [10.25447, 35.92585]}, "properties": {"record_id": "oai:u-bordeaux-montaigne.fr:340467", "symbol_class": "building", "pixel_x": 3323.1, "pixel_y": 5685.6, "easting": 531928.6, "northing": 291665.8, "epsg_source": 22391}}, {"type": "Feature", "geometry": {"type": "Point", "coordinates": [10.23508, 35.92704]}, "properties": {"record_id": "oai:u-bordeaux-montaigne.fr:340467", "symbol_class": "building", "pixel_x": 2918.5, "pixel_y": 5686.6, "easting": 530178.9, "northing": 291792.0, "epsg_source": 22391}}, {"type": "Feature", "geometry": {"type": "Point", "coordinates": [10.37648, 35.91781]}, "properties": {"record_id": "oai:u-bordeaux-montaigne.fr:340467", "symbol_class": "building", "pixel_x": 5869.7, "pixel_y": 5691.2, "easting": 542939.7, "northing": 290821.6, "epsg_source": 22391}}, {"type": "Feature", "geometry": {"type": "Point", "coordinates": [10.42511, 35.91456]}, "properties": {"record_id": "oai:u-bordeaux-montaigne.fr:340467", "symbol_class": "building", "pixel_x": 6884.9, "pixel_y": 5693.9, "easting": 547329.1, "northing": 290483.0, "epsg_source": 22391}}, {"type": "Feature", "geometry": {"type": "Point", "coordinates": [10.21725, 35.91442]}, "properties": {"record_id": "oai:u-bordeaux-montaigne.fr:340467", "symbol_class": "building", "pixel_x": 2575.2, "pixel_y": 6045.1, "easting": 528574.4, "northing": 290387.0, "epsg_source": 22391}}]}