{"type": "FeatureCollection", "features": [{"type": "Feature", "geometry": {"type": "Point", "coordinates": [10.48436, 36.82825]}, "properties": {"record_id": "oai:u-bordeaux-montaigne.fr:340407", "symbol_class": "building", "pixel_x": 6037.6, "pixel_y": 708.2, "easting": 552067.4, "northing": 391866.0, "epsg_source": 22391}}, {"type": "Feature", "geometry": {"type": "Point", "coordinates": [10.5134, 36.82632]}, "properties": {"record_id": "oai:u-bordeaux-montaigne.fr:340407", "symbol_class": "building", "pixel_x": 6639.6, "pixel_y": 708.7, "easting": 554658.7, "northing": 391668.1, "epsg_source": 22391}}, {"type": "Feature", "geometry": {"type": "Point", "coordinates": [10.51522, 36.8262]}, "properties": {"record_id": "oai:u-bordeaux-montaigne.fr:340407", "symbol_class": "building", "pixel_x": 6677.5, "pixel_y": 708.7, "easting": 554821.5, "northing": 391655.6, "epsg_source": 22391}}, {"type": "Feature", "geometry": {"type": "Point", "coordinates": [10.50148, 36.82618]}, "properties": {"record_id": "oai:u-bordeaux-montaigne.fr:340407", "symbol_class": "building", "pixel_x": 6394.3, "pixel_y": 732.9, "easting": 553595.4, "northing": 391646.0, "epsg_source": 22391}}, {"type": "Feature", "geometry": {"type": "Point", "coordinates": [10.48544, 36.82415]}, "properties": {"record_id": "oai:u-bordeaux-montaigne.fr:340407", "symbol_class": "building", "pixel_x": 6068.2, "pixel_y": 813.8, "easting": 552166.2, "northing": 391411.7, "epsg_source": 22391}}, {"type": "Feature", "geometry": {"type": "Point", "coordinates": [10.49636, 36.82349]}, "properties": {"record_id": "oai:u-bordeaux-montaigne.fr:340407", "symbol_class": "building", "pixel_x": 6294.5, "pixel_y": 812.4, "easting": 553140.7, "northing": 391344.2, "epsg_source": 22391}}, {"type": "Feature", "geometry": {"type": "Point", "coordinates": [10.47344, 36.8249]}, "properties": {"record_id": "oai:u-bordeaux-montaigne.fr:340407", "symbol_class": "building", "pixel_x": 5819.6, "pixel_y": 814.8, "easting": 551095.8, "northing": 391488.8, "epsg_source": 22391}}, {"type": "Feature", "geometry": {"type": "Point", "coordinates": [10.52869, 36.82114]}, "properties": {"record_id": "oai:u-bordeaux-montaigne.fr:340407", "symbol_class": "building", "pixel_x": 6965.2, "pixel_y": 818.2, "easting": 556025.9, "northing": 391101.4, "epsg_source": 22391}}, {"type": "Feature", "geometry": {"type": "Point", "coordinates": [10.52948, 36.82108]}, "properties": {"record_id": "oai:u-bordeaux-montaigne.fr:340407", "symbol_class": "building", "pixel_x": 6981.6, "pixel_y": 818.4, "easting": 556096.3, "northing": 391095.3, "epsg_source": 22391}}, {"type": "Feature", "geometry": {"type": "Point", "coordinates": [10.53031, 36.82105]}, "properties": {"record_id": "oai:u-bordeaux-montaigne.fr:340407", "symbol_class": "building", "pixel_x": 6998.8, "pixel_y": 817.7, "easting": 556170.7, "northing": 391092.4, "epsg_source": 22391}}, {"type": "Feature", "geometry": {"type": "Point", "coordinates": [10.55059, 36.8197]}, "properties": {"record_id": "oai:u-bordeaux-montaigne.fr:340407", "symbol_class": "building", "pixel_x": 7419.4, "pixel_y": 817.9, "easting": 557980.7, "northing": 390954.8, "epsg_source": 22391}}, {"type": "Feature", "geometry": {"type": "Point", "coordinates": [10.50742, 36.82245]}, "properties": {"record_id": "oai:u-bordeaux-montaigne.fr:340407", "symbol_class": "building", "pixel_x": 6524.4, "pixel_y": 820.4, "easting": 554128.0, "northing": 391235.7, "epsg_source": 22391}}, {"type": "Feature", "geometry": {"type": "Point", "coordinates": [10.51716, 36.82116]}, "properties": {"record_id": "oai:u-bordeaux-montaigne.fr:340407", "symbol_class": "building", "pixel_x": 6727.8, "pixel_y": 837.4, "easting": 554998.1, "northing": 391098.0, "epsg_source": 22391}}, {"type": "Feature", "geometry": {"type": "Point", "coordinates": [10.46144, 36.82393]}, "properties": {"record_id": "oai:u-bordeaux-montaigne.fr:340407", "symbol_class": "building", "pixel_x": 5574.3, "pixel_y": 860.9, "easting": 550025.9, "northing": 391374.5, "epsg_source": 22391}}, {"type": "Feature", "geometry": {"type": "Point", "coordinates": [10.57278, 36.81668]}, "properties": {"record_id": "oai:u-bordeaux-montaigne.fr:340407", "symbol_class": "building", "pixel_x": 7882.6, "pixel_y": 858.4, "easting": 559961.8, "northing": 390633.9, "epsg_source": 22391}}, {"type": "Feature", "geometry": {"type": "Point", "coordinates": [10.47273, 36.82309]}, "properties": {"record_id": "oai:u-bordeaux-montaigne.fr:340407", "symbol_class": "building", "pixel_x": 5808.7, "pixel_y": 863.4, "easting": 551033.9, "northing": 391287.7, "epsg_source": 22391}}, {"type": "Feature", "geometry": {"type": "Point", "coordinates": [10.41648, 36.82677]}, "properties": {"record_id": "oai:u-bordeaux-montaigne.fr:340407", "symbol_class": "building", "pixel_x": 4642.5, "pixel_y": 863.2, "easting": 546014.2, "northing": 391668.0, "epsg_source": 22391}}, {"type": "Feature", "geometry": {"type": "Point", "coordinates": [10.48398, 36.82233]}, "properties": {"record_id": "oai:u-bordeaux-montaigne.fr:340407", "symbol_class": "building", "pixel_x": 6042.0, "pixel_y": 864.1, "easting": 552037.7, "northing": 391208.8, "epsg_source": 22391}}, {"type": "Feature", "geometry": {"type": "Point", "coordinates": [10.39403, 36.82826]}, "properties": {"record_id": "oai:u-bordeaux-montaigne.fr:340407", "symbol_class": "building", "pixel_x": 4177.2, "pixel_y": 862.6, "easting": 544011.6, "northing": 391822.3, "epsg_source": 22391}}, {"type": "Feature", "geometry": {"type": "Point", "coordinates": [10.40515, 36.82754]}, "properties": {"record_id": "oai:u-bordeaux-montaigne.fr:340407", "symbol_class": "building", "pixel_x": 4407.5, "pixel_y": 862.4, "easting": 545003.2, "northing": 391748.0, "epsg_source": 22391}}, {"type": "Feature", "geometry": {"type": "Point", "coordinates": [10.45021, 36.82456]}, "properties": {"record_id": "oai:u-bordeaux-montaigne.fr:340407", "symbol_class": "building", "pixel_x": 5341.7, "pixel_y": 863.5, "easting": 549023.6, "northing": 391439.3, "epsg_source": 22391}}, {"type": "Feature", "geometry": {"type": "Point", "coordinates": [10.57494, 36.81629]}, "properties": {"record_id": "oai:u-bordeaux-montaigne.fr:340407", "symbol_class": "building", "pixel_x": 7927.9, "pixel_y": 865.0, "easting": 560155.0, "northing": 390591.2, "epsg_source": 22391}}, {"type": "Feature", "geometry": {"type": "Point", "coordinates": [10.49529, 36.8215]}, "properties": {"record_id": "oai:u-bordeaux-montaigne.fr:340407", "symbol_class": "building", "pixel_x": 6276.6, "pixel_y": 866.4, "easting": 553046.7, "northing": 391122.8, "epsg_source": 22391}}, {"type": "Feature", "geometry": {"type": "Point", "coordinates": [10.50652, 36.82078]}, "properties": {"record_id": "oai:u-bordeaux-montaigne.fr:340407", "symbol_class": "building", "pixel_x": 6509.3, "pixel_y": 865.9, "easting": 554048.5, "northing": 391049.0, "epsg_source": 22391}}, {"type": "Feature", "geometry": {"type": "Point", "coordinates": [10.52903, 36.81924]}, "properties": {"record_id": "oai:u-bordeaux-montaigne.fr:340407", "symbol_class": "building", "pixel_x": 6976.2, "pixel_y": 867.2, "easting": 556058.0, "northing": 390891.6, "epsg_source": 22391}}, {"type": "Feature", "geometry": {"type": "Point", "coordinates": [10.54023, 36.81851]}, "properties": {"record_id": "oai:u-bordeaux-montaigne.fr:340407", "symbol_class": "building", "pixel_x": 7208.5, "pixel_y": 867.1, "easting": 557057.6, "northing": 390816.5, "epsg_source": 22391}}, {"type": "Feature", "geometry": {"type": "Point", "coordinates": [10.55151, 36.81769]}, "properties": {"record_id": "oai:u-bordeaux-montaigne.fr:340407", "symbol_class": "building", "pixel_x": 7442.5, "pixel_y": 869.0, "easting": 558064.3, "northing": 390732.4, "epsg_source": 22391}}, {"type": "Feature", "geometry": {"type": "Point", "coordinates": [10.56283, 36.8169]}, "properties": {"record_id": "oai:u-bordeaux-montaigne.fr:340407", "symbol_class": "building", "pixel_x": 7677.3, "pixel_y": 870.0, "easting": 559074.5, "northing": 390651.8, "epsg_source": 22391}}, {"type": "Feature", "geometry": {"type": "Point", "coordinates": [10.57413, 36.81609]}, "properties": {"record_id": "oai:u-bordeaux-montaigne.fr:340407", "symbol_class": "building", "pixel_x": 7911.6, "pixel_y": 871.5, "easting": 560082.7, "northing": 390569.1, "epsg_source": 22391}}, {"type": "Feature", "geometry": {"type": "Point", "coordinates": [10.38274, 36.82815]}, "properties": {"record_id": "oai:u-bordeaux-montaigne.fr:340407", "symbol_class": "building", "pixel_x": 3944.8, "pixel_y": 884.6, "easting": 543004.4, "northing": 391805.4, "epsg_source": 22391}}, {"type": "Feature", "geometry": {"type": "Point", "coordinates": [10.52898, 36.81834]}, "properties": {"record_id": "oai:u-bordeaux-montaigne.fr:340407", "symbol_class": "building", "pixel_x": 6977.0, "pixel_y": 891.0, "easting": 556053.8, "northing": 390791.4, "epsg_source": 22391}}, {"type": "Feature", "geometry": {"type": "Point", "coordinates": [10.56274, 36.8138]}, "properties": {"record_id": "oai:u-bordeaux-montaigne.fr:340407", "symbol_class": "building", "pixel_x": 7681.8, "pixel_y": 951.5, "easting": 559068.5, "northing": 390307.5, "epsg_source": 22391}}, {"type": "Feature", "geometry": {"type": "Point", "coordinates": [10.3377, 36.82818]}, "properties": {"record_id": "oai:u-bordeaux-montaigne.fr:340407", "symbol_class": "building", "pixel_x": 3016.9, "pixel_y": 960.2, "easting": 538987.1, "northing": 391789.3, "epsg_source": 22391}}, {"type": "Feature", "geometry": {"type": "Point", "coordinates": [10.50645, 36.81697]}, "properties": {"record_id": "oai:u-bordeaux-montaigne.fr:340407", "symbol_class": "building", "pixel_x": 6515.9, "pixel_y": 965.8, "easting": 554045.6, "northing": 390626.7, "epsg_source": 22391}}, {"type": "Feature", "geometry": {"type": "Point", "coordinates": [10.51773, 36.81625]}, "properties": {"record_id": "oai:u-bordeaux-montaigne.fr:340407", "symbol_class": "building", "pixel_x": 6749.6, "pixel_y": 965.1, "easting": 555051.7, "northing": 390553.6, "epsg_source": 22391}}, {"type": "Feature", "geometry": {"type": "Point", "coordinates": [10.36031, 36.82664]}, "properties": {"record_id": "oai:u-bordeaux-montaigne.fr:340407", "symbol_class": "building", "pixel_x": 3485.9, "pixel_y": 962.3, "easting": 541005.0, "northing": 391627.8, "epsg_source": 22391}}, {"type": "Feature", "geometry": {"type": "Point", "coordinates": [10.52895, 36.81566]}, "properties": {"record_id": "oai:u-bordeaux-montaigne.fr:340407", "symbol_class": "building", "pixel_x": 6982.0, "pixel_y": 961.2, "easting": 556053.5, "northing": 390494.3, "epsg_source": 22391}}, {"type": "Feature", "geometry": {"type": "Point", "coordinates": [10.49523, 36.81789]}, "properties": {"record_id": "oai:u-bordeaux-montaigne.fr:340407", "symbol_class": "building", "pixel_x": 6282.8, "pixel_y": 961.1, "easting": 553043.9, "northing": 390722.6, "epsg_source": 22391}}, {"type": "Feature", "geometry": {"type": "Point", "coordinates": [10.5515, 36.814]}, "properties": {"record_id": "oai:u-bordeaux-montaigne.fr:340407", "symbol_class": "building", "pixel_x": 7449.8, "pixel_y": 965.7, "easting": 558065.6, "northing": 390323.3, "epsg_source": 22391}}, {"type": "Feature", "geometry": {"type": "Point", "coordinates": [10.56278, 36.81308]}, "properties": {"record_id": "oai:u-bordeaux-montaigne.fr:340407", "symbol_class": "building", "pixel_x": 7684.2, "pixel_y": 970.2, "easting": 559073.0, "northing": 390228.0, "epsg_source": 22391}}, {"type": "Feature", "geometry": {"type": "Point", "coordinates": [10.55151, 36.81333]}, "properties": {"record_id": "oai:u-bordeaux-montaigne.fr:340407", "symbol_class": "building", "pixel_x": 7451.5, "pixel_y": 983.3, "easting": 558067.5, "northing": 390248.5, "epsg_source": 22391}}, {"type": "Feature", "geometry": {"type": "Point", "coordinates": [10.3715, 36.82505]}, "properties": {"record_id": "oai:u-bordeaux-montaigne.fr:340407", "symbol_class": "building", "pixel_x": 3719.5, "pixel_y": 984.9, "easting": 542003.6, "northing": 391456.5, "epsg_source": 22391}}, {"type": "Feature", "geometry": {"type": "Point", "coordinates": [10.34899, 36.82632]}, "properties": {"record_id": "oai:u-bordeaux-montaigne.fr:340407", "symbol_class": "building", "pixel_x": 3253.3, "pixel_y": 989.6, "easting": 539995.2, "northing": 391588.4, "epsg_source": 22391}}, {"type": "Feature", "geometry": {"type": "Point", "coordinates": [10.36026, 36.82564]}, "properties": {"record_id": "oai:u-bordeaux-montaigne.fr:340407", "symbol_class": "building", "pixel_x": 3486.7, "pixel_y": 988.5, "easting": 541000.4, "northing": 391517.3, "epsg_source": 22391}}, {"type": "Feature", "geometry": {"type": "Point", "coordinates": [10.48399, 36.81756]}, "properties": {"record_id": "oai:u-bordeaux-montaigne.fr:340407", "symbol_class": "building", "pixel_x": 6052.0, "pixel_y": 989.0, "easting": 552041.8, "northing": 390680.2, "epsg_source": 22391}}, {"type": "Feature", "geometry": {"type": "Point", "coordinates": [10.41653, 36.82179]}, "properties": {"record_id": "oai:u-bordeaux-montaigne.fr:340407", "symbol_class": "building", "pixel_x": 4653.7, "pixel_y": 993.7, "easting": 546021.7, "northing": 391115.6, "epsg_source": 22391}}, {"type": "Feature", "geometry": {"type": "Point", "coordinates": [10.56276, 36.81174]}, "properties": {"record_id": "oai:u-bordeaux-montaigne.fr:340407", "symbol_class": "building", "pixel_x": 7686.5, "pixel_y": 1005.5, "easting": 559072.0, "northing": 390078.8, "epsg_source": 22391}}, {"type": "Feature", "geometry": {"type": "Point", "coordinates": [10.42587, 36.8207]}, "properties": {"record_id": "oai:u-bordeaux-montaigne.fr:340407", "symbol_class": "building", "pixel_x": 4848.4, "pixel_y": 1006.3, "easting": 546855.7, "northing": 390999.1, "epsg_source": 22391}}, {"type": "Feature", "geometry": {"type": "Point", "coordinates": [10.36026, 36.82456]}, "properties": {"record_id": "oai:u-bordeaux-montaigne.fr:340407", "symbol_class": "building", "pixel_x": 3488.9, "pixel_y": 1016.7, "easting": 541001.1, "northing": 391397.8, "epsg_source": 22391}}, {"type": "Feature", "geometry": {"type": "Point", "coordinates": [10.56829, 36.81022]}, "properties": {"record_id": "oai:u-bordeaux-montaigne.fr:340407", "symbol_class": "building", "pixel_x": 7803.6, "pixel_y": 1035.6, "easting": 559566.4, "northing": 389913.9, "epsg_source": 22391}}, {"type": "Feature", "geometry": {"type": "Point", "coordinates": [10.56279, 36.81057]}, "properties": {"record_id": "oai:u-bordeaux-montaigne.fr:340407", "symbol_class": "building", "pixel_x": 7689.5, "pixel_y": 1036.0, "easting": 559075.3, "northing": 389949.5, "epsg_source": 22391}}, {"type": "Feature", "geometry": {"type": "Point", "coordinates": [10.57405, 36.80866]}, "properties": {"record_id": "oai:u-bordeaux-montaigne.fr:340407", "symbol_class": "building", "pixel_x": 7925.6, "pixel_y": 1066.4, "easting": 560082.0, "northing": 389744.7, "epsg_source": 22391}}, {"type": "Feature", "geometry": {"type": "Point", "coordinates": [10.38271, 36.82055]}, "properties": {"record_id": "oai:u-bordeaux-montaigne.fr:340407", "symbol_class": "building", "pixel_x": 3959.5, "pixel_y": 1083.8, "easting": 543005.7, "northing": 390962.3, "epsg_source": 22391}}, {"type": "Feature", "geometry": {"type": "Point", "coordinates": [10.31385, 36.82492]}, "properties": {"record_id": "oai:u-bordeaux-montaigne.fr:340407", "symbol_class": "building", "pixel_x": 2532.3, "pixel_y": 1085.6, "easting": 536862.2, "northing": 391419.4, "epsg_source": 22391}}, {"type": "Feature", "geometry": {"type": "Point", "coordinates": [10.57407, 36.80792]}, "properties": {"record_id": "oai:u-bordeaux-montaigne.fr:340407", "symbol_class": "building", "pixel_x": 7927.4, "pixel_y": 1085.8, "easting": 560083.6, "northing": 389662.8, "epsg_source": 22391}}, {"type": "Feature", "geometry": {"type": "Point", "coordinates": [10.29273, 36.82516]}, "properties": {"record_id": "oai:u-bordeaux-montaigne.fr:340407", "symbol_class": "building", "pixel_x": 2096.6, "pixel_y": 1115.0, "easting": 534977.6, "northing": 391437.6, "epsg_source": 22391}}, {"type": "Feature", "geometry": {"type": "Point", "coordinates": [10.31247, 36.82385]}, "properties": {"record_id": "oai:u-bordeaux-montaigne.fr:340407", "symbol_class": "building", "pixel_x": 2506.1, "pixel_y": 1116.2, "easting": 536739.5, "northing": 391299.1, "epsg_source": 22391}}, {"type": "Feature", "geometry": {"type": "Point", "coordinates": [10.57405, 36.80673]}, "properties": {"record_id": "oai:u-bordeaux-montaigne.fr:340407", "symbol_class": "building", "pixel_x": 7929.5, "pixel_y": 1117.1, "easting": 560082.9, "northing": 389530.1, "epsg_source": 22391}}, {"type": "Feature", "geometry": {"type": "Point", "coordinates": [10.30851, 36.82286]}, "properties": {"record_id": "oai:u-bordeaux-montaigne.fr:340407", "symbol_class": "building", "pixel_x": 2426.3, "pixel_y": 1148.9, "easting": 536386.2, "northing": 391187.8, "epsg_source": 22391}}, {"type": "Feature", "geometry": {"type": "Point", "coordinates": [10.31151, 36.82233]}, "properties": {"record_id": "oai:u-bordeaux-montaigne.fr:340407", "symbol_class": "building", "pixel_x": 2489.4, "pixel_y": 1157.7, "easting": 536654.7, "northing": 391130.3, "epsg_source": 22391}}, {"type": "Feature", "geometry": {"type": "Point", "coordinates": [10.31265, 36.82194]}, "properties": {"record_id": "oai:u-bordeaux-montaigne.fr:340407", "symbol_class": "building", "pixel_x": 2513.6, "pixel_y": 1165.9, "easting": 536756.4, "northing": 391087.9, "epsg_source": 22391}}, {"type": "Feature", "geometry": {"type": "Point", "coordinates": [10.46958, 36.81153]}, "properties": {"record_id": "oai:u-bordeaux-montaigne.fr:340407", "symbol_class": "building", "pixel_x": 5767.5, "pixel_y": 1172.0, "easting": 550760.1, "northing": 390003.0, "epsg_source": 22391}}, {"type": "Feature", "geometry": {"type": "Point", "coordinates": [10.57998, 36.8041]}, "properties": {"record_id": "oai:u-bordeaux-montaigne.fr:340407", "symbol_class": "building", "pixel_x": 8057.1, "pixel_y": 1175.7, "easting": 560613.8, "northing": 389242.4, "epsg_source": 22391}}, {"type": "Feature", "geometry": {"type": "Point", "coordinates": [10.30865, 36.82166]}, "properties": {"record_id": "oai:u-bordeaux-montaigne.fr:340407", "symbol_class": "building", "pixel_x": 2431.6, "pixel_y": 1179.9, "easting": 536399.3, "northing": 391055.5, "epsg_source": 22391}}, {"type": "Feature", "geometry": {"type": "Point", "coordinates": [10.30812, 36.82165]}, "properties": {"record_id": "oai:u-bordeaux-montaigne.fr:340407", "symbol_class": "building", "pixel_x": 2420.9, "pixel_y": 1181.2, "easting": 536352.6, "northing": 391053.5, "epsg_source": 22391}}, {"type": "Feature", "geometry": {"type": "Point", "coordinates": [10.24779, 36.82512]}, "properties": {"record_id": "oai:u-bordeaux-montaigne.fr:340407", "symbol_class": "building", "pixel_x": 1171.0, "pixel_y": 1191.3, "easting": 530969.8, "northing": 391417.8, "epsg_source": 22391}}, {"type": "Feature", "geometry": {"type": "Point", "coordinates": [10.56273, 36.80353]}, "properties": {"record_id": "oai:u-bordeaux-montaigne.fr:340407", "symbol_class": "building", "pixel_x": 7703.0, "pixel_y": 1220.6, "easting": 559075.7, "northing": 389168.6, "epsg_source": 22391}}, {"type": "Feature", "geometry": {"type": "Point", "coordinates": [10.30488, 36.81983]}, "properties": {"record_id": "oai:u-bordeaux-montaigne.fr:340407", "symbol_class": "building", "pixel_x": 2357.7, "pixel_y": 1234.2, "easting": 536064.2, "northing": 390851.3, "epsg_source": 22391}}, {"type": "Feature", "geometry": {"type": "Point", "coordinates": [10.55145, 36.80355]}, "properties": {"record_id": "oai:u-bordeaux-montaigne.fr:340407", "symbol_class": "building", "pixel_x": 7470.5, "pixel_y": 1239.7, "easting": 558069.2, "northing": 389163.8, "epsg_source": 22391}}, {"type": "Feature", "geometry": {"type": "Point", "coordinates": [10.5627, 36.80267]}, "properties": {"record_id": "oai:u-bordeaux-montaigne.fr:340407", "symbol_class": "building", "pixel_x": 7704.1, "pixel_y": 1243.4, "easting": 559073.2, "northing": 389072.6, "epsg_source": 22391}}, {"type": "Feature", "geometry": {"type": "Point", "coordinates": [10.57687, 36.80182]}, "properties": {"record_id": "oai:u-bordeaux-montaigne.fr:340407", "symbol_class": "building", "pixel_x": 7997.9, "pixel_y": 1240.9, "easting": 560338.6, "northing": 388987.2, "epsg_source": 22391}}, {"type": "Feature", "geometry": {"type": "Point", "coordinates": [10.57579, 36.80186]}, "properties": {"record_id": "oai:u-bordeaux-montaigne.fr:340407", "symbol_class": "building", "pixel_x": 7975.6, "pixel_y": 1241.6, "easting": 560242.4, "northing": 388991.4, "epsg_source": 22391}}, {"type": "Feature", "geometry": {"type": "Point", "coordinates": [10.5763, 36.80184]}, "properties": {"record_id": "oai:u-bordeaux-montaigne.fr:340407", "symbol_class": "building", "pixel_x": 7986.0, "pixel_y": 1241.3, "easting": 560287.5, "northing": 388989.2, "epsg_source": 22391}}, {"type": "Feature", "geometry": {"type": "Point", "coordinates": [10.57515, 36.80187]}, "properties": {"record_id": "oai:u-bordeaux-montaigne.fr:340407", "symbol_class": "building", "pixel_x": 7962.4, "pixel_y": 1242.6, "easting": 560185.1, "northing": 388991.6, "epsg_source": 22391}}, {"type": "Feature", "geometry": {"type": "Point", "coordinates": [10.30094, 36.81963]}, "properties": {"record_id": "oai:u-bordeaux-montaigne.fr:340407", "symbol_class": "building", "pixel_x": 2277.0, "pixel_y": 1246.2, "easting": 535712.8, "northing": 390827.2, "epsg_source": 22391}}, {"type": "Feature", "geometry": {"type": "Point", "coordinates": [10.30626, 36.81908]}, "properties": {"record_id": "oai:u-bordeaux-montaigne.fr:340407", "symbol_class": "building", "pixel_x": 2387.6, "pixel_y": 1251.6, "easting": 536187.4, "northing": 390768.3, "epsg_source": 22391}}, {"type": "Feature", "geometry": {"type": "Point", "coordinates": [10.30642, 36.81892]}, "properties": {"record_id": "oai:u-bordeaux-montaigne.fr:340407", "symbol_class": "building", "pixel_x": 2391.3, "pixel_y": 1255.5, "easting": 536202.0, "northing": 390750.7, "epsg_source": 22391}}, {"type": "Feature", "geometry": {"type": "Point", "coordinates": [10.56753, 36.80189]}, "properties": {"record_id": "oai:u-bordeaux-montaigne.fr:340407", "symbol_class": "building", "pixel_x": 7805.3, "pixel_y": 1255.3, "easting": 559505.3, "northing": 388989.5, "epsg_source": 22391}}, {"type": "Feature", "geometry": {"type": "Point", "coordinates": [10.30108, 36.81913]}, "properties": {"record_id": "oai:u-bordeaux-montaigne.fr:340407", "symbol_class": "building", "pixel_x": 2280.8, "pixel_y": 1259.0, "easting": 535725.3, "northing": 390772.1, "epsg_source": 22391}}, {"type": "Feature", "geometry": {"type": "Point", "coordinates": [10.30458, 36.81895]}, "properties": {"record_id": "oai:u-bordeaux-montaigne.fr:340407", "symbol_class": "building", "pixel_x": 2353.3, "pixel_y": 1257.8, "easting": 536037.6, "northing": 390753.2, "epsg_source": 22391}}, {"type": "Feature", "geometry": {"type": "Point", "coordinates": [10.30959, 36.81859]}, "properties": {"record_id": "oai:u-bordeaux-montaigne.fr:340407", "symbol_class": "building", "pixel_x": 2457.1, "pixel_y": 1259.0, "easting": 536484.4, "northing": 390714.6, "epsg_source": 22391}}, {"type": "Feature", "geometry": {"type": "Point", "coordinates": [10.30754, 36.8185]}, "properties": {"record_id": "oai:u-bordeaux-montaigne.fr:340407", "symbol_class": "building", "pixel_x": 2415.2, "pixel_y": 1264.8, "easting": 536301.9, "northing": 390704.0, "epsg_source": 22391}}, {"type": "Feature", "geometry": {"type": "Point", "coordinates": [10.41645, 36.81144]}, "properties": {"record_id": "oai:u-bordeaux-montaigne.fr:340407", "symbol_class": "building", "pixel_x": 4673.1, "pixel_y": 1265.2, "easting": 546020.2, "northing": 389967.3, "epsg_source": 22391}}, {"type": "Feature", "geometry": {"type": "Point", "coordinates": [10.30671, 36.81838]}, "properties": {"record_id": "oai:u-bordeaux-montaigne.fr:340407", "symbol_class": "building", "pixel_x": 2398.3, "pixel_y": 1269.2, "easting": 536228.1, "northing": 390690.9, "epsg_source": 22391}}, {"type": "Feature", "geometry": {"type": "Point", "coordinates": [10.30957, 36.8182]}, "properties": {"record_id": "oai:u-bordeaux-montaigne.fr:340407", "symbol_class": "building", "pixel_x": 2457.7, "pixel_y": 1269.2, "easting": 536483.4, "northing": 390671.5, "epsg_source": 22391}}, {"type": "Feature", "geometry": {"type": "Point", "coordinates": [10.31, 36.81805]}, "properties": {"record_id": "oai:u-bordeaux-montaigne.fr:340407", "symbol_class": "building", "pixel_x": 2466.8, "pixel_y": 1272.5, "easting": 536521.8, "northing": 390654.7, "epsg_source": 22391}}, {"type": "Feature", "geometry": {"type": "Point", "coordinates": [10.25908, 36.82117]}, "properties": {"record_id": "oai:u-bordeaux-montaigne.fr:340407", "symbol_class": "building", "pixel_x": 1411.5, "pixel_y": 1276.0, "easting": 531978.4, "northing": 390983.4, "epsg_source": 22391}}, {"type": "Feature", "geometry": {"type": "Point", "coordinates": [10.3072, 36.81807]}, "properties": {"record_id": "oai:u-bordeaux-montaigne.fr:340407", "symbol_class": "building", "pixel_x": 2409.0, "pixel_y": 1276.5, "easting": 536271.7, "northing": 390656.6, "epsg_source": 22391}}, {"type": "Feature", "geometry": {"type": "Point", "coordinates": [10.30932, 36.81796]}, "properties": {"record_id": "oai:u-bordeaux-montaigne.fr:340407", "symbol_class": "building", "pixel_x": 2452.9, "pixel_y": 1275.9, "easting": 536461.0, "northing": 390645.0, "epsg_source": 22391}}, {"type": "Feature", "geometry": {"type": "Point", "coordinates": [10.39398, 36.81224]}, "properties": {"record_id": "oai:u-bordeaux-montaigne.fr:340407", "symbol_class": "building", "pixel_x": 4208.7, "pixel_y": 1282.5, "easting": 544016.2, "northing": 390045.6, "epsg_source": 22391}}, {"type": "Feature", "geometry": {"type": "Point", "coordinates": [10.30891, 36.81764]}, "properties": {"record_id": "oai:u-bordeaux-montaigne.fr:340407", "symbol_class": "building", "pixel_x": 2445.1, "pixel_y": 1285.0, "easting": 536424.3, "northing": 390608.9, "epsg_source": 22391}}, {"type": "Feature", "geometry": {"type": "Point", "coordinates": [10.30385, 36.81776]}, "properties": {"record_id": "oai:u-bordeaux-montaigne.fr:340407", "symbol_class": "building", "pixel_x": 2340.7, "pixel_y": 1290.4, "easting": 535973.5, "northing": 390620.3, "epsg_source": 22391}}, {"type": "Feature", "geometry": {"type": "Point", "coordinates": [10.30333, 36.81732]}, "properties": {"record_id": "oai:u-bordeaux-montaigne.fr:340407", "symbol_class": "building", "pixel_x": 2330.8, "pixel_y": 1302.7, "easting": 535927.0, "northing": 390571.9, "epsg_source": 22391}}, {"type": "Feature", "geometry": {"type": "Point", "coordinates": [10.23699, 36.82154]}, "properties": {"record_id": "oai:u-bordeaux-montaigne.fr:340407", "symbol_class": "building", "pixel_x": 955.6, "pixel_y": 1303.2, "easting": 530007.7, "northing": 391017.2, "epsg_source": 22391}}, {"type": "Feature", "geometry": {"type": "Point", "coordinates": [10.37152, 36.81276]}, "properties": {"record_id": "oai:u-bordeaux-montaigne.fr:340407", "symbol_class": "building", "pixel_x": 3744.8, "pixel_y": 1307.2, "easting": 542011.7, "northing": 390092.6, "epsg_source": 22391}}, {"type": "Feature", "geometry": {"type": "Point", "coordinates": [10.23597, 36.82153]}, "properties": {"record_id": "oai:u-bordeaux-montaigne.fr:340407", "symbol_class": "building", "pixel_x": 934.6, "pixel_y": 1305.2, "easting": 529916.7, "northing": 391015.8, "epsg_source": 22391}}, {"type": "Feature", "geometry": {"type": "Point", "coordinates": [10.30507, 36.8171]}, "properties": {"record_id": "oai:u-bordeaux-montaigne.fr:340407", "symbol_class": "building", "pixel_x": 2367.1, "pixel_y": 1305.6, "easting": 536082.4, "northing": 390547.8, "epsg_source": 22391}}, {"type": "Feature", "geometry": {"type": "Point", "coordinates": [10.30288, 36.81697]}, "properties": {"record_id": "oai:u-bordeaux-montaigne.fr:340407", "symbol_class": "building", "pixel_x": 2322.2, "pixel_y": 1312.7, "easting": 535886.6, "northing": 390532.8, "epsg_source": 22391}}, {"type": "Feature", "geometry": {"type": "Point", "coordinates": [10.30267, 36.81659]}, "properties": {"record_id": "oai:u-bordeaux-montaigne.fr:340407", "symbol_class": "building", "pixel_x": 2318.7, "pixel_y": 1322.9, "easting": 535868.5, "northing": 390490.9, "epsg_source": 22391}}, {"type": "Feature", "geometry": {"type": "Point", "coordinates": [10.30221, 36.81637]}, "properties": {"record_id": "oai:u-bordeaux-montaigne.fr:340407", "symbol_class": "building", "pixel_x": 2309.6, "pixel_y": 1329.6, "easting": 535827.2, "northing": 390465.8, "epsg_source": 22391}}, {"type": "Feature", "geometry": {"type": "Point", "coordinates": [10.3061, 36.81595]}, "properties": {"record_id": "oai:u-bordeaux-montaigne.fr:340407", "symbol_class": "building", "pixel_x": 2390.6, "pixel_y": 1333.9, "easting": 536174.4, "northing": 390421.2, "epsg_source": 22391}}, {"type": "Feature", "geometry": {"type": "Point", "coordinates": [10.29797, 36.81648]}, "properties": {"record_id": "oai:u-bordeaux-montaigne.fr:340407", "symbol_class": "building", "pixel_x": 2222.2, "pixel_y": 1333.9, "easting": 535449.6, "northing": 390476.0, "epsg_source": 22391}}, {"type": "Feature", "geometry": {"type": "Point", "coordinates": [10.57399, 36.79817]}, "properties": {"record_id": "oai:u-bordeaux-montaigne.fr:340407", "symbol_class": "building", "pixel_x": 7946.0, "pixel_y": 1341.5, "easting": 560084.0, "northing": 388581.1, "epsg_source": 22391}}, {"type": "Feature", "geometry": {"type": "Point", "coordinates": [10.30646, 36.81559]}, "properties": {"record_id": "oai:u-bordeaux-montaigne.fr:340407", "symbol_class": "building", "pixel_x": 2398.7, "pixel_y": 1342.9, "easting": 536206.7, "northing": 390380.5, "epsg_source": 22391}}, {"type": "Feature", "geometry": {"type": "Point", "coordinates": [10.30597, 36.81526]}, "properties": {"record_id": "oai:u-bordeaux-montaigne.fr:340407", "symbol_class": "building", "pixel_x": 2389.3, "pixel_y": 1352.4, "easting": 536163.0, "northing": 390343.7, "epsg_source": 22391}}, {"type": "Feature", "geometry": {"type": "Point", "coordinates": [10.30677, 36.81514]}, "properties": {"record_id": "oai:u-bordeaux-montaigne.fr:340407", "symbol_class": "building", "pixel_x": 2406.0, "pixel_y": 1354.0, "easting": 536234.6, "northing": 390331.5, "epsg_source": 22391}}, {"type": "Feature", "geometry": {"type": "Point", "coordinates": [10.48394, 36.80302]}, "properties": {"record_id": "oai:u-bordeaux-montaigne.fr:340407", "symbol_class": "building", "pixel_x": 6080.8, "pixel_y": 1370.3, "easting": 552046.5, "northing": 389066.9, "epsg_source": 22391}}, {"type": "Feature", "geometry": {"type": "Point", "coordinates": [10.29608, 36.81547]}, "properties": {"record_id": "oai:u-bordeaux-montaigne.fr:340407", "symbol_class": "building", "pixel_x": 2185.1, "pixel_y": 1363.5, "easting": 535280.8, "northing": 390363.5, "epsg_source": 22391}}, {"type": "Feature", "geometry": {"type": "Point", "coordinates": [10.30547, 36.81469]}, "properties": {"record_id": "oai:u-bordeaux-montaigne.fr:340407", "symbol_class": "building", "pixel_x": 2380.2, "pixel_y": 1368.0, "easting": 536118.9, "northing": 390281.0, "epsg_source": 22391}}, {"type": "Feature", "geometry": {"type": "Point", "coordinates": [10.29308, 36.81534]}, "properties": {"record_id": "oai:u-bordeaux-montaigne.fr:340407", "symbol_class": "building", "pixel_x": 2123.5, "pixel_y": 1371.9, "easting": 535013.1, "northing": 390348.4, "epsg_source": 22391}}, {"type": "Feature", "geometry": {"type": "Point", "coordinates": [10.27025, 36.81635]}, "properties": {"record_id": "oai:u-bordeaux-montaigne.fr:340407", "symbol_class": "building", "pixel_x": 1651.3, "pixel_y": 1383.7, "easting": 532976.7, "northing": 390452.4, "epsg_source": 22391}}, {"type": "Feature", "geometry": {"type": "Point", "coordinates": [10.3032, 36.81438]}, "properties": {"record_id": "oai:u-bordeaux-montaigne.fr:340407", "symbol_class": "building", "pixel_x": 2334.1, "pixel_y": 1380.0, "easting": 535916.8, "northing": 390245.8, "epsg_source": 22391}}, {"type": "Feature", "geometry": {"type": "Point", "coordinates": [10.56269, 36.79732]}, "properties": {"record_id": "oai:u-bordeaux-montaigne.fr:340407", "symbol_class": "building", "pixel_x": 7715.0, "pixel_y": 1383.5, "easting": 559076.5, "northing": 388479.5, "epsg_source": 22391}}, {"type": "Feature", "geometry": {"type": "Point", "coordinates": [10.47266, 36.8028]}, "properties": {"record_id": "oai:u-bordeaux-montaigne.fr:340407", "symbol_class": "building", "pixel_x": 5848.9, "pixel_y": 1395.4, "easting": 551040.6, "northing": 389036.8, "epsg_source": 22391}}, {"type": "Feature", "geometry": {"type": "Point", "coordinates": [10.30207, 36.81375]}, "properties": {"record_id": "oai:u-bordeaux-montaigne.fr:340407", "symbol_class": "building", "pixel_x": 2312.1, "pixel_y": 1398.4, "easting": 535816.4, "northing": 390175.3, "epsg_source": 22391}}, {"type": "Feature", "geometry": {"type": "Point", "coordinates": [10.56361, 36.79652]}, "properties": {"record_id": "oai:u-bordeaux-montaigne.fr:340407", "symbol_class": "building", "pixel_x": 7735.6, "pixel_y": 1403.0, "easting": 559159.3, "northing": 388391.0, "epsg_source": 22391}}, {"type": "Feature", "geometry": {"type": "Point", "coordinates": [10.3035, 36.81344]}, "properties": {"record_id": "oai:u-bordeaux-montaigne.fr:340407", "symbol_class": "building", "pixel_x": 2342.2, "pixel_y": 1404.2, "easting": 535944.1, "northing": 390141.1, "epsg_source": 22391}}, {"type": "Feature", "geometry": {"type": "Point", "coordinates": [10.30248, 36.81346]}, "properties": {"record_id": "oai:u-bordeaux-montaigne.fr:340407", "symbol_class": "building", "pixel_x": 2321.0, "pixel_y": 1405.5, "easting": 535852.6, "northing": 390142.6, "epsg_source": 22391}}, {"type": "Feature", "geometry": {"type": "Point", "coordinates": [10.30283, 36.8133]}, "properties": {"record_id": "oai:u-bordeaux-montaigne.fr:340407", "symbol_class": "building", "pixel_x": 2328.5, "pixel_y": 1409.0, "easting": 535883.8, "northing": 390125.5, "epsg_source": 22391}}, {"type": "Feature", "geometry": {"type": "Point", "coordinates": [10.30534, 36.81313]}, "properties": {"record_id": "oai:u-bordeaux-montaigne.fr:340407", "symbol_class": "building", "pixel_x": 2380.6, "pixel_y": 1409.3, "easting": 536107.9, "northing": 390107.2, "epsg_source": 22391}}, {"type": "Feature", "geometry": {"type": "Point", "coordinates": [10.29496, 36.81318]}, "properties": {"record_id": "oai:u-bordeaux-montaigne.fr:340407", "symbol_class": "building", "pixel_x": 2166.6, "pixel_y": 1425.5, "easting": 535181.8, "northing": 390108.9, "epsg_source": 22391}}, {"type": "Feature", "geometry": {"type": "Point", "coordinates": [10.56326, 36.79581]}, "properties": {"record_id": "oai:u-bordeaux-montaigne.fr:340407", "symbol_class": "building", "pixel_x": 7729.8, "pixel_y": 1422.1, "easting": 559128.3, "northing": 388312.4, "epsg_source": 22391}}, {"type": "Feature", "geometry": {"type": "Point", "coordinates": [10.29561, 36.81319]}, "properties": {"record_id": "oai:u-bordeaux-montaigne.fr:340407", "symbol_class": "building", "pixel_x": 2180.0, "pixel_y": 1423.9, "easting": 535239.8, "northing": 390111.2, "epsg_source": 22391}}, {"type": "Feature", "geometry": {"type": "Point", "coordinates": [10.56271, 36.79552]}, "properties": {"record_id": "oai:u-bordeaux-montaigne.fr:340407", "symbol_class": "building", "pixel_x": 7719.3, "pixel_y": 1430.8, "easting": 559080.2, "northing": 388279.2, "epsg_source": 22391}}, {"type": "Feature", "geometry": {"type": "Point", "coordinates": [10.56369, 36.79566]}, "properties": {"record_id": "oai:u-bordeaux-montaigne.fr:340407", "symbol_class": "building", "pixel_x": 7739.1, "pixel_y": 1425.3, "easting": 559167.1, "northing": 388295.8, "epsg_source": 22391}}, {"type": "Feature", "geometry": {"type": "Point", "coordinates": [10.29551, 36.81292]}, "properties": {"record_id": "oai:u-bordeaux-montaigne.fr:340407", "symbol_class": "building", "pixel_x": 2178.6, "pixel_y": 1431.3, "easting": 535231.7, "northing": 390080.4, "epsg_source": 22391}}, {"type": "Feature", "geometry": {"type": "Point", "coordinates": [10.574, 36.79447]}, "properties": {"record_id": "oai:u-bordeaux-montaigne.fr:340407", "symbol_class": "building", "pixel_x": 7953.9, "pixel_y": 1438.5, "easting": 560087.6, "northing": 388170.4, "epsg_source": 22391}}, {"type": "Feature", "geometry": {"type": "Point", "coordinates": [10.28152, 36.8136]}, "properties": {"record_id": "oai:u-bordeaux-montaigne.fr:340407", "symbol_class": "building", "pixel_x": 1888.8, "pixel_y": 1436.9, "easting": 533982.7, "northing": 390151.1, "epsg_source": 22391}}, {"type": "Feature", "geometry": {"type": "Point", "coordinates": [10.30983, 36.8114]}, "properties": {"record_id": "oai:u-bordeaux-montaigne.fr:340407", "symbol_class": "building", "pixel_x": 2476.7, "pixel_y": 1446.9, "easting": 536509.8, "northing": 389917.9, "epsg_source": 22391}}, {"type": "Feature", "geometry": {"type": "Point", "coordinates": [10.29283, 36.81239]}, "properties": {"record_id": "oai:u-bordeaux-montaigne.fr:340407", "symbol_class": "building", "pixel_x": 2124.5, "pixel_y": 1449.6, "easting": 534992.8, "northing": 390021.0, "epsg_source": 22391}}, {"type": "Feature", "geometry": {"type": "Point", "coordinates": [10.29149, 36.81238]}, "properties": {"record_id": "oai:u-bordeaux-montaigne.fr:340407", "symbol_class": "building", "pixel_x": 2096.7, "pixel_y": 1452.1, "easting": 534872.8, "northing": 390019.8, "epsg_source": 22391}}, {"type": "Feature", "geometry": {"type": "Point", "coordinates": [10.43845, 36.8027]}, "properties": {"record_id": "oai:u-bordeaux-montaigne.fr:340407", "symbol_class": "building", "pixel_x": 5144.3, "pixel_y": 1456.9, "easting": 547988.5, "northing": 389007.6, "epsg_source": 22391}}, {"type": "Feature", "geometry": {"type": "Point", "coordinates": [10.56266, 36.79417]}, "properties": {"record_id": "oai:u-bordeaux-montaigne.fr:340407", "symbol_class": "building", "pixel_x": 7721.0, "pixel_y": 1466.0, "easting": 559076.6, "northing": 388130.4, "epsg_source": 22391}}, {"type": "Feature", "geometry": {"type": "Point", "coordinates": [10.57399, 36.79354]}, "properties": {"record_id": "oai:u-bordeaux-montaigne.fr:340407", "symbol_class": "building", "pixel_x": 7955.7, "pixel_y": 1463.0, "easting": 560087.6, "northing": 388067.0, "epsg_source": 22391}}, {"type": "Feature", "geometry": {"type": "Point", "coordinates": [10.30845, 36.81072]}, "properties": {"record_id": "oai:u-bordeaux-montaigne.fr:340407", "symbol_class": "building", "pixel_x": 2449.7, "pixel_y": 1467.1, "easting": 536387.2, "northing": 389841.5, "epsg_source": 22391}}, {"type": "Feature", "geometry": {"type": "Point", "coordinates": [10.29371, 36.81108]}, "properties": {"record_id": "oai:u-bordeaux-montaigne.fr:340407", "symbol_class": "building", "pixel_x": 2145.1, "pixel_y": 1482.5, "easting": 535071.4, "northing": 389876.2, "epsg_source": 22391}}, {"type": "Feature", "geometry": {"type": "Point", "coordinates": [10.57397, 36.79317]}, "properties": {"record_id": "oai:u-bordeaux-montaigne.fr:340407", "symbol_class": "building", "pixel_x": 7956.0, "pixel_y": 1472.8, "easting": 560085.9, "northing": 388025.4, "epsg_source": 22391}}, {"type": "Feature", "geometry": {"type": "Point", "coordinates": [10.57582, 36.79286]}, "properties": {"record_id": "oai:u-bordeaux-montaigne.fr:340407", "symbol_class": "building", "pixel_x": 7994.8, "pixel_y": 1477.5, "easting": 560251.4, "northing": 387993.2, "epsg_source": 22391}}, {"type": "Feature", "geometry": {"type": "Point", "coordinates": [10.30967, 36.81012]}, "properties": {"record_id": "oai:u-bordeaux-montaigne.fr:340407", "symbol_class": "building", "pixel_x": 2475.9, "pixel_y": 1480.8, "easting": 536495.9, "northing": 389775.7, "epsg_source": 22391}}, {"type": "Feature", "geometry": {"type": "Point", "coordinates": [10.57269, 36.79287]}, "properties": {"record_id": "oai:u-bordeaux-montaigne.fr:340407", "symbol_class": "building", "pixel_x": 7930.4, "pixel_y": 1482.8, "easting": 559972.5, "northing": 387991.9, "epsg_source": 22391}}, {"type": "Feature", "geometry": {"type": "Point", "coordinates": [10.57393, 36.7928]}, "properties": {"record_id": "oai:u-bordeaux-montaigne.fr:340407", "symbol_class": "building", "pixel_x": 7956.0, "pixel_y": 1482.4, "easting": 560082.8, "northing": 387985.2, "epsg_source": 22391}}, {"type": "Feature", "geometry": {"type": "Point", "coordinates": [10.31009, 36.80997]}, "properties": {"record_id": "oai:u-bordeaux-montaigne.fr:340407", "symbol_class": "building", "pixel_x": 2484.9, "pixel_y": 1484.2, "easting": 536533.4, "northing": 389758.5, "epsg_source": 22391}}, {"type": "Feature", "geometry": {"type": "Point", "coordinates": [10.57032, 36.79289]}, "properties": {"record_id": "oai:u-bordeaux-montaigne.fr:340407", "symbol_class": "building", "pixel_x": 7881.5, "pixel_y": 1486.5, "easting": 559760.9, "northing": 387992.1, "epsg_source": 22391}}, {"type": "Feature", "geometry": {"type": "Point", "coordinates": [10.5686, 36.7929]}, "properties": {"record_id": "oai:u-bordeaux-montaigne.fr:340407", "symbol_class": "building", "pixel_x": 7846.0, "pixel_y": 1489.0, "easting": 559607.4, "northing": 387993.1, "epsg_source": 22391}}, {"type": "Feature", "geometry": {"type": "Point", "coordinates": [10.57397, 36.79245]}, "properties": {"record_id": "oai:u-bordeaux-montaigne.fr:340407", "symbol_class": "building", "pixel_x": 7957.6, "pixel_y": 1491.5, "easting": 560086.8, "northing": 387946.2, "epsg_source": 22391}}, {"type": "Feature", "geometry": {"type": "Point", "coordinates": [10.56248, 36.79292]}, "properties": {"record_id": "oai:u-bordeaux-montaigne.fr:340407", "symbol_class": "building", "pixel_x": 7719.9, "pixel_y": 1499.1, "easting": 559061.2, "northing": 387991.6, "epsg_source": 22391}}, {"type": "Feature", "geometry": {"type": "Point", "coordinates": [10.56034, 36.79295]}, "properties": {"record_id": "oai:u-bordeaux-montaigne.fr:340407", "symbol_class": "building", "pixel_x": 7675.7, "pixel_y": 1502.2, "easting": 558870.1, "northing": 387993.0, "epsg_source": 22391}}, {"type": "Feature", "geometry": {"type": "Point", "coordinates": [10.5614, 36.79289]}, "properties": {"record_id": "oai:u-bordeaux-montaigne.fr:340407", "symbol_class": "building", "pixel_x": 7697.8, "pixel_y": 1501.8, "easting": 558965.3, "northing": 387987.3, "epsg_source": 22391}}, {"type": "Feature", "geometry": {"type": "Point", "coordinates": [10.55142, 36.79334]}, "properties": {"record_id": "oai:u-bordeaux-montaigne.fr:340407", "symbol_class": "building", "pixel_x": 7491.2, "pixel_y": 1507.5, "easting": 558074.6, "northing": 388030.8, "epsg_source": 22391}}, {"type": "Feature", "geometry": {"type": "Point", "coordinates": [10.56268, 36.79224]}, "properties": {"record_id": "oai:u-bordeaux-montaigne.fr:340407", "symbol_class": "building", "pixel_x": 7725.4, "pixel_y": 1516.8, "easting": 559079.6, "northing": 387915.3, "epsg_source": 22391}}, {"type": "Feature", "geometry": {"type": "Point", "coordinates": [10.29288, 36.80918]}, "properties": {"record_id": "oai:u-bordeaux-montaigne.fr:340407", "symbol_class": "building", "pixel_x": 2131.8, "pixel_y": 1533.6, "easting": 534998.1, "northing": 389665.4, "epsg_source": 22391}}, {"type": "Feature", "geometry": {"type": "Point", "coordinates": [10.29427, 36.80872]}, "properties": {"record_id": "oai:u-bordeaux-montaigne.fr:340407", "symbol_class": "building", "pixel_x": 2161.4, "pixel_y": 1543.6, "easting": 535122.3, "northing": 389613.9, "epsg_source": 22391}}, {"type": "Feature", "geometry": {"type": "Point", "coordinates": [10.29235, 36.80877]}, "properties": {"record_id": "oai:u-bordeaux-montaigne.fr:340407", "symbol_class": "building", "pixel_x": 2121.8, "pixel_y": 1545.2, "easting": 534951.6, "northing": 389619.7, "epsg_source": 22391}}, {"type": "Feature", "geometry": {"type": "Point", "coordinates": [10.2921, 36.80861]}, "properties": {"record_id": "oai:u-bordeaux-montaigne.fr:340407", "symbol_class": "building", "pixel_x": 2117.0, "pixel_y": 1550.0, "easting": 534929.4, "northing": 389601.2, "epsg_source": 22391}}, {"type": "Feature", "geometry": {"type": "Point", "coordinates": [10.29143, 36.80819]}, "properties": {"record_id": "oai:u-bordeaux-montaigne.fr:340407", "symbol_class": "building", "pixel_x": 2104.1, "pixel_y": 1562.2, "easting": 534869.9, "northing": 389554.1, "epsg_source": 22391}}, {"type": "Feature", "geometry": {"type": "Point", "coordinates": [10.47261, 36.79637]}, "properties": {"record_id": "oai:u-bordeaux-montaigne.fr:340407", "symbol_class": "building", "pixel_x": 5861.1, "pixel_y": 1564.1, "easting": 551040.5, "northing": 388323.5, "epsg_source": 22391}}, {"type": "Feature", "geometry": {"type": "Point", "coordinates": [10.24784, 36.80934]}, "properties": {"record_id": "oai:u-bordeaux-montaigne.fr:340407", "symbol_class": "building", "pixel_x": 1203.6, "pixel_y": 1605.0, "easting": 530980.6, "northing": 389667.2, "epsg_source": 22391}}, {"type": "Feature", "geometry": {"type": "Point", "coordinates": [10.49513, 36.79305]}, "properties": {"record_id": "oai:u-bordeaux-montaigne.fr:340407", "symbol_class": "building", "pixel_x": 6331.8, "pixel_y": 1612.3, "easting": 553051.4, "northing": 387967.3, "epsg_source": 22391}}, {"type": "Feature", "geometry": {"type": "Point", "coordinates": [10.4726, 36.79292]}, "properties": {"record_id": "oai:u-bordeaux-montaigne.fr:340407", "symbol_class": "building", "pixel_x": 5867.9, "pixel_y": 1654.7, "easting": 551041.6, "northing": 387940.0, "epsg_source": 22391}}, {"type": "Feature", "geometry": {"type": "Point", "coordinates": [10.28158, 36.80526]}, "properties": {"record_id": "oai:u-bordeaux-montaigne.fr:340407", "symbol_class": "building", "pixel_x": 1907.0, "pixel_y": 1655.5, "easting": 533992.4, "northing": 389225.8, "epsg_source": 22391}}, {"type": "Feature", "geometry": {"type": "Point", "coordinates": [10.56261, 36.78696]}, "properties": {"record_id": "oai:u-bordeaux-montaigne.fr:340407", "symbol_class": "building", "pixel_x": 7735.0, "pixel_y": 1655.2, "easting": 559077.6, "northing": 387330.3, "epsg_source": 22391}}, {"type": "Feature", "geometry": {"type": "Point", "coordinates": [10.28366, 36.80508]}, "properties": {"record_id": "oai:u-bordeaux-montaigne.fr:340407", "symbol_class": "building", "pixel_x": 1950.2, "pixel_y": 1656.7, "easting": 534178.1, "northing": 389206.9, "epsg_source": 22391}}, {"type": "Feature", "geometry": {"type": "Point", "coordinates": [10.29273, 36.80395]}, "properties": {"record_id": "oai:u-bordeaux-montaigne.fr:340407", "symbol_class": "building", "pixel_x": 2139.3, "pixel_y": 1671.1, "easting": 534987.6, "northing": 389084.4, "epsg_source": 22391}}, {"type": "Feature", "geometry": {"type": "Point", "coordinates": [10.24782, 36.8069]}, "properties": {"record_id": "oai:u-bordeaux-montaigne.fr:340407", "symbol_class": "building", "pixel_x": 1208.0, "pixel_y": 1669.0, "easting": 530979.7, "northing": 389396.5, "epsg_source": 22391}}, {"type": "Feature", "geometry": {"type": "Point", "coordinates": [10.57391, 36.78542]}, "properties": {"record_id": "oai:u-bordeaux-montaigne.fr:340407", "symbol_class": "building", "pixel_x": 7971.1, "pixel_y": 1675.9, "easting": 560087.2, "northing": 387166.2, "epsg_source": 22391}}, {"type": "Feature", "geometry": {"type": "Point", "coordinates": [10.56259, 36.78584]}, "properties": {"record_id": "oai:u-bordeaux-montaigne.fr:340407", "symbol_class": "building", "pixel_x": 7736.9, "pixel_y": 1684.5, "easting": 559076.7, "northing": 387206.1, "epsg_source": 22391}}, {"type": "Feature", "geometry": {"type": "Point", "coordinates": [10.25912, 36.80543]}, "properties": {"record_id": "oai:u-bordeaux-montaigne.fr:340407", "symbol_class": "building", "pixel_x": 1443.8, "pixel_y": 1688.7, "easting": 531988.3, "northing": 389236.9, "epsg_source": 22391}}, {"type": "Feature", "geometry": {"type": "Point", "coordinates": [10.28357, 36.80394]}, "properties": {"record_id": "oai:u-bordeaux-montaigne.fr:340407", "symbol_class": "building", "pixel_x": 1950.5, "pixel_y": 1686.8, "easting": 534169.8, "northing": 389079.8, "epsg_source": 22391}}, {"type": "Feature", "geometry": {"type": "Point", "coordinates": [10.56253, 36.78502]}, "properties": {"record_id": "oai:u-bordeaux-montaigne.fr:340407", "symbol_class": "building", "pixel_x": 7737.3, "pixel_y": 1706.2, "easting": 559071.7, "northing": 387115.0, "epsg_source": 22391}}, {"type": "Feature", "geometry": {"type": "Point", "coordinates": [10.28151, 36.80344]}, "properties": {"record_id": "oai:u-bordeaux-montaigne.fr:340407", "symbol_class": "building", "pixel_x": 1909.0, "pixel_y": 1703.4, "easting": 533986.4, "northing": 389023.5, "epsg_source": 22391}}, {"type": "Feature", "geometry": {"type": "Point", "coordinates": [10.28247, 36.80343]}, "properties": {"record_id": "oai:u-bordeaux-montaigne.fr:340407", "symbol_class": "building", "pixel_x": 1929.0, "pixel_y": 1702.0, "easting": 534072.7, "northing": 389023.1, "epsg_source": 22391}}, {"type": "Feature", "geometry": {"type": "Point", "coordinates": [10.55138, 36.78526]}, "properties": {"record_id": "oai:u-bordeaux-montaigne.fr:340407", "symbol_class": "building", "pixel_x": 7507.0, "pixel_y": 1719.3, "easting": 558076.2, "northing": 387134.6, "epsg_source": 22391}}, {"type": "Feature", "geometry": {"type": "Point", "coordinates": [10.57455, 36.78381]}, "properties": {"record_id": "oai:u-bordeaux-montaigne.fr:340407", "symbol_class": "building", "pixel_x": 7987.6, "pixel_y": 1717.0, "easting": 560145.4, "northing": 386988.1, "epsg_source": 22391}}, {"type": "Feature", "geometry": {"type": "Point", "coordinates": [10.57546, 36.78381]}, "properties": {"record_id": "oai:u-bordeaux-montaigne.fr:340407", "symbol_class": "building", "pixel_x": 8006.2, "pixel_y": 1715.6, "easting": 560226.2, "northing": 386987.9, "epsg_source": 22391}}, {"type": "Feature", "geometry": {"type": "Point", "coordinates": [10.57219, 36.78379]}, "properties": {"record_id": "oai:u-bordeaux-montaigne.fr:340407", "symbol_class": "building", "pixel_x": 7939.0, "pixel_y": 1721.6, "easting": 559934.8, "northing": 386984.6, "epsg_source": 22391}}, {"type": "Feature", "geometry": {"type": "Point", "coordinates": [10.56889, 36.78385]}, "properties": {"record_id": "oai:u-bordeaux-montaigne.fr:340407", "symbol_class": "building", "pixel_x": 7870.9, "pixel_y": 1725.9, "easting": 559640.4, "northing": 386988.7, "epsg_source": 22391}}, {"type": "Feature", "geometry": {"type": "Point", "coordinates": [10.27837, 36.80267]}, "properties": {"record_id": "oai:u-bordeaux-montaigne.fr:340407", "symbol_class": "building", "pixel_x": 1846.0, "pixel_y": 1728.8, "easting": 533707.1, "northing": 388937.3, "epsg_source": 22391}}, {"type": "Feature", "geometry": {"type": "Point", "coordinates": [10.25914, 36.80379]}, "properties": {"record_id": "oai:u-bordeaux-montaigne.fr:340407", "symbol_class": "building", "pixel_x": 1447.4, "pixel_y": 1731.5, "easting": 531990.7, "northing": 389055.6, "epsg_source": 22391}}, {"type": "Feature", "geometry": {"type": "Point", "coordinates": [10.27027, 36.80306]}, "properties": {"record_id": "oai:u-bordeaux-montaigne.fr:340407", "symbol_class": "building", "pixel_x": 1678.3, "pixel_y": 1732.0, "easting": 532984.4, "northing": 388978.5, "epsg_source": 22391}}, {"type": "Feature", "geometry": {"type": "Point", "coordinates": [10.23664, 36.80515]}, "properties": {"record_id": "oai:u-bordeaux-montaigne.fr:340407", "symbol_class": "building", "pixel_x": 981.1, "pixel_y": 1733.4, "easting": 529982.7, "northing": 389199.4, "epsg_source": 22391}}, {"type": "Feature", "geometry": {"type": "Point", "coordinates": [10.56544, 36.78386]}, "properties": {"record_id": "oai:u-bordeaux-montaigne.fr:340407", "symbol_class": "building", "pixel_x": 7799.6, "pixel_y": 1731.5, "easting": 559331.9, "northing": 386988.1, "epsg_source": 22391}}, {"type": "Feature", "geometry": {"type": "Point", "coordinates": [10.56258, 36.78392]}, "properties": {"record_id": "oai:u-bordeaux-montaigne.fr:340407", "symbol_class": "building", "pixel_x": 7740.6, "pixel_y": 1734.9, "easting": 559076.6, "northing": 386992.9, "epsg_source": 22391}}, {"type": "Feature", "geometry": {"type": "Point", "coordinates": [10.27826, 36.80229]}, "properties": {"record_id": "oai:u-bordeaux-montaigne.fr:340407", "symbol_class": "building", "pixel_x": 1844.4, "pixel_y": 1738.9, "easting": 533697.2, "northing": 388895.3, "epsg_source": 22391}}, {"type": "Feature", "geometry": {"type": "Point", "coordinates": [10.55905, 36.78388]}, "properties": {"record_id": "oai:u-bordeaux-montaigne.fr:340407", "symbol_class": "building", "pixel_x": 7668.0, "pixel_y": 1742.2, "easting": 558762.0, "northing": 386986.1, "epsg_source": 22391}}, {"type": "Feature", "geometry": {"type": "Point", "coordinates": [10.55744, 36.78391]}, "properties": {"record_id": "oai:u-bordeaux-montaigne.fr:340407", "symbol_class": "building", "pixel_x": 7634.7, "pixel_y": 1744.2, "easting": 558618.0, "northing": 386988.6, "epsg_source": 22391}}, {"type": "Feature", "geometry": {"type": "Point", "coordinates": [10.25909, 36.80304]}, "properties": {"record_id": "oai:u-bordeaux-montaigne.fr:340407", "symbol_class": "building", "pixel_x": 1448.0, "pixel_y": 1751.3, "easting": 531986.9, "northing": 388972.1, "epsg_source": 22391}}, {"type": "Feature", "geometry": {"type": "Point", "coordinates": [10.5569, 36.78392]}, "properties": {"record_id": "oai:u-bordeaux-montaigne.fr:340407", "symbol_class": "building", "pixel_x": 7623.5, "pixel_y": 1744.9, "easting": 558569.7, "northing": 386989.1, "epsg_source": 22391}}, {"type": "Feature", "geometry": {"type": "Point", "coordinates": [10.55612, 36.78392]}, "properties": {"record_id": "oai:u-bordeaux-montaigne.fr:340407", "symbol_class": "building", "pixel_x": 7607.5, "pixel_y": 1746.1, "easting": 558500.5, "northing": 386989.1, "epsg_source": 22391}}, {"type": "Feature", "geometry": {"type": "Point", "coordinates": [10.56259, 36.7832]}, "properties": {"record_id": "oai:u-bordeaux-montaigne.fr:340407", "symbol_class": "building", "pixel_x": 7742.2, "pixel_y": 1753.7, "easting": 559078.0, "northing": 386913.3, "epsg_source": 22391}}, {"type": "Feature", "geometry": {"type": "Point", "coordinates": [10.52882, 36.78491]}, "properties": {"record_id": "oai:u-bordeaux-montaigne.fr:340407", "symbol_class": "building", "pixel_x": 7043.0, "pixel_y": 1767.7, "easting": 556064.0, "northing": 387082.3, "epsg_source": 22391}}, {"type": "Feature", "geometry": {"type": "Point", "coordinates": [10.39394, 36.79366]}, "properties": {"record_id": "oai:u-bordeaux-montaigne.fr:340407", "symbol_class": "building", "pixel_x": 4245.7, "pixel_y": 1769.7, "easting": 544023.0, "northing": 387984.1, "epsg_source": 22391}}, {"type": "Feature", "geometry": {"type": "Point", "coordinates": [10.28339, 36.80043]}, "properties": {"record_id": "oai:u-bordeaux-montaigne.fr:340407", "symbol_class": "building", "pixel_x": 1953.9, "pixel_y": 1779.0, "easting": 534155.9, "northing": 388691.0, "epsg_source": 22391}}, {"type": "Feature", "geometry": {"type": "Point", "coordinates": [10.28294, 36.79974]}, "properties": {"record_id": "oai:u-bordeaux-montaigne.fr:340407", "symbol_class": "building", "pixel_x": 1945.9, "pixel_y": 1797.9, "easting": 534115.5, "northing": 388614.2, "epsg_source": 22391}}, {"type": "Feature", "geometry": {"type": "Point", "coordinates": [10.2827, 36.79944]}, "properties": {"record_id": "oai:u-bordeaux-montaigne.fr:340407", "symbol_class": "building", "pixel_x": 1941.5, "pixel_y": 1806.1, "easting": 534094.1, "northing": 388581.0, "epsg_source": 22391}}, {"type": "Feature", "geometry": {"type": "Point", "coordinates": [10.51697, 36.78421]}, "properties": {"record_id": "oai:u-bordeaux-montaigne.fr:340407", "symbol_class": "building", "pixel_x": 6800.2, "pixel_y": 1806.4, "easting": 555007.0, "northing": 386998.5, "epsg_source": 22391}}, {"type": "Feature", "geometry": {"type": "Point", "coordinates": [10.27519, 36.79975]}, "properties": {"record_id": "oai:u-bordeaux-montaigne.fr:340407", "symbol_class": "building", "pixel_x": 1786.3, "pixel_y": 1810.7, "easting": 533424.7, "northing": 388612.4, "epsg_source": 22391}}, {"type": "Feature", "geometry": {"type": "Point", "coordinates": [10.35671, 36.7941]}, "properties": {"record_id": "oai:u-bordeaux-montaigne.fr:340407", "symbol_class": "building", "pixel_x": 3477.5, "pixel_y": 1821.4, "easting": 540700.5, "northing": 388016.9, "epsg_source": 22391}}, {"type": "Feature", "geometry": {"type": "Point", "coordinates": [10.2769, 36.79912]}, "properties": {"record_id": "oai:u-bordeaux-montaigne.fr:340407", "symbol_class": "building", "pixel_x": 1822.9, "pixel_y": 1824.4, "easting": 533577.6, "northing": 388542.8, "epsg_source": 22391}}, {"type": "Feature", "geometry": {"type": "Point", "coordinates": [10.25907, 36.79958]}, "properties": {"record_id": "oai:u-bordeaux-montaigne.fr:340407", "symbol_class": "building", "pixel_x": 1454.4, "pixel_y": 1842.0, "easting": 531986.3, "northing": 388588.6, "epsg_source": 22391}}, {"type": "Feature", "geometry": {"type": "Point", "coordinates": [10.28286, 36.79663]}, "properties": {"record_id": "oai:u-bordeaux-montaigne.fr:340407", "symbol_class": "building", "pixel_x": 1950.5, "pixel_y": 1879.6, "easting": 534109.7, "northing": 388269.0, "epsg_source": 22391}}, {"type": "Feature", "geometry": {"type": "Point", "coordinates": [10.55677, 36.77859]}, "properties": {"record_id": "oai:u-bordeaux-montaigne.fr:340407", "symbol_class": "building", "pixel_x": 7632.0, "pixel_y": 1884.7, "easting": 558562.6, "northing": 386398.4, "epsg_source": 22391}}, {"type": "Feature", "geometry": {"type": "Point", "coordinates": [10.28082, 36.79643]}, "properties": {"record_id": "oai:u-bordeaux-montaigne.fr:340407", "symbol_class": "building", "pixel_x": 1908.8, "pixel_y": 1888.3, "easting": 533927.7, "northing": 388246.1, "epsg_source": 22391}}, {"type": "Feature", "geometry": {"type": "Point", "coordinates": [10.44974, 36.78462]}, "properties": {"record_id": "oai:u-bordeaux-montaigne.fr:340407", "symbol_class": "building", "pixel_x": 5413.9, "pixel_y": 1911.5, "easting": 549006.9, "northing": 387007.7, "epsg_source": 22391}}, {"type": "Feature", "geometry": {"type": "Point", "coordinates": [10.56256, 36.77656]}, "properties": {"record_id": "oai:u-bordeaux-montaigne.fr:340407", "symbol_class": "building", "pixel_x": 7755.5, "pixel_y": 1927.9, "easting": 559080.7, "northing": 386176.5, "epsg_source": 22391}}, {"type": "Feature", "geometry": {"type": "Point", "coordinates": [10.28416, 36.79448]}, "properties": {"record_id": "oai:u-bordeaux-montaigne.fr:340407", "symbol_class": "building", "pixel_x": 1981.8, "pixel_y": 1933.8, "easting": 534227.4, "northing": 388031.0, "epsg_source": 22391}}, {"type": "Feature", "geometry": {"type": "Point", "coordinates": [10.58056, 36.77485]}, "properties": {"record_id": "oai:u-bordeaux-montaigne.fr:340407", "symbol_class": "building", "pixel_x": 8129.9, "pixel_y": 1941.5, "easting": 560688.2, "northing": 385997.4, "epsg_source": 22391}}, {"type": "Feature", "geometry": {"type": "Point", "coordinates": [10.58131, 36.77479]}, "properties": {"record_id": "oai:u-bordeaux-montaigne.fr:340407", "symbol_class": "building", "pixel_x": 8145.5, "pixel_y": 1941.8, "easting": 560755.1, "northing": 385991.2, "epsg_source": 22391}}, {"type": "Feature", "geometry": {"type": "Point", "coordinates": [10.42653, 36.78474]}, "properties": {"record_id": "oai:u-bordeaux-montaigne.fr:340407", "symbol_class": "building", "pixel_x": 4935.3, "pixel_y": 1948.0, "easting": 546935.8, "northing": 387009.9, "epsg_source": 22391}}, {"type": "Feature", "geometry": {"type": "Point", "coordinates": [10.57693, 36.77484]}, "properties": {"record_id": "oai:u-bordeaux-montaigne.fr:340407", "symbol_class": "building", "pixel_x": 8055.3, "pixel_y": 1948.0, "easting": 560365.0, "northing": 385994.3, "epsg_source": 22391}}, {"type": "Feature", "geometry": {"type": "Point", "coordinates": [10.57439, 36.77483]}, "properties": {"record_id": "oai:u-bordeaux-montaigne.fr:340407", "symbol_class": "building", "pixel_x": 8002.9, "pixel_y": 1952.8, "easting": 560137.7, "northing": 385991.0, "epsg_source": 22391}}, {"type": "Feature", "geometry": {"type": "Point", "coordinates": [10.57101, 36.77486]}, "properties": {"record_id": "oai:u-bordeaux-montaigne.fr:340407", "symbol_class": "building", "pixel_x": 7933.2, "pixel_y": 1957.8, "easting": 559836.2, "northing": 385992.8, "epsg_source": 22391}}, {"type": "Feature", "geometry": {"type": "Point", "coordinates": [10.56984, 36.77488]}, "properties": {"record_id": "oai:u-bordeaux-montaigne.fr:340407", "symbol_class": "building", "pixel_x": 7909.0, "pixel_y": 1959.3, "easting": 559731.7, "northing": 385994.2, "epsg_source": 22391}}, {"type": "Feature", "geometry": {"type": "Point", "coordinates": [10.28158, 36.79327]}, "properties": {"record_id": "oai:u-bordeaux-montaigne.fr:340407", "symbol_class": "building", "pixel_x": 1931.0, "pixel_y": 1969.8, "easting": 533997.7, "northing": 387896.2, "epsg_source": 22391}}, {"type": "Feature", "geometry": {"type": "Point", "coordinates": [10.56036, 36.77498]}, "properties": {"record_id": "oai:u-bordeaux-montaigne.fr:340407", "symbol_class": "building", "pixel_x": 7713.5, "pixel_y": 1973.1, "easting": 558885.8, "northing": 385999.9, "epsg_source": 22391}}, {"type": "Feature", "geometry": {"type": "Point", "coordinates": [10.56082, 36.77496]}, "properties": {"record_id": "oai:u-bordeaux-montaigne.fr:340407", "symbol_class": "building", "pixel_x": 7722.9, "pixel_y": 1973.0, "easting": 558926.5, "northing": 385997.5, "epsg_source": 22391}}, {"type": "Feature", "geometry": {"type": "Point", "coordinates": [10.5614, 36.77494]}, "properties": {"record_id": "oai:u-bordeaux-montaigne.fr:340407", "symbol_class": "building", "pixel_x": 7734.9, "pixel_y": 1972.6, "easting": 558978.2, "northing": 385995.2, "epsg_source": 22391}}, {"type": "Feature", "geometry": {"type": "Point", "coordinates": [10.27917, 36.79304]}, "properties": {"record_id": "oai:u-bordeaux-montaigne.fr:340407", "symbol_class": "building", "pixel_x": 1881.8, "pixel_y": 1979.9, "easting": 533782.6, "northing": 387869.3, "epsg_source": 22391}}, {"type": "Feature", "geometry": {"type": "Point", "coordinates": [10.40441, 36.78488]}, "properties": {"record_id": "oai:u-bordeaux-montaigne.fr:340407", "symbol_class": "building", "pixel_x": 4479.2, "pixel_y": 1982.1, "easting": 544962.0, "northing": 387014.7, "epsg_source": 22391}}, {"type": "Feature", "geometry": {"type": "Point", "coordinates": [10.55392, 36.77497]}, "properties": {"record_id": "oai:u-bordeaux-montaigne.fr:340407", "symbol_class": "building", "pixel_x": 7580.7, "pixel_y": 1984.5, "easting": 558310.8, "northing": 385995.1, "epsg_source": 22391}}, {"type": "Feature", "geometry": {"type": "Point", "coordinates": [10.57384, 36.7735]}, "properties": {"record_id": "oai:u-bordeaux-montaigne.fr:340407", "symbol_class": "building", "pixel_x": 7994.4, "pixel_y": 1988.6, "easting": 560090.1, "northing": 385843.5, "epsg_source": 22391}}, {"type": "Feature", "geometry": {"type": "Point", "coordinates": [10.55682, 36.77393]}, "properties": {"record_id": "oai:u-bordeaux-montaigne.fr:340407", "symbol_class": "building", "pixel_x": 7642.7, "pixel_y": 2006.8, "easting": 558570.6, "northing": 385881.4, "epsg_source": 22391}}, {"type": "Feature", "geometry": {"type": "Point", "coordinates": [10.27862, 36.79183]}, "properties": {"record_id": "oai:u-bordeaux-montaigne.fr:340407", "symbol_class": "building", "pixel_x": 1872.9, "pixel_y": 2012.5, "easting": 533734.1, "northing": 387735.1, "epsg_source": 22391}}, {"type": "Feature", "geometry": {"type": "Point", "coordinates": [10.56254, 36.77297]}, "properties": {"record_id": "oai:u-bordeaux-montaigne.fr:340407", "symbol_class": "building", "pixel_x": 7762.5, "pixel_y": 2022.0, "easting": 559081.4, "northing": 385778.3, "epsg_source": 22391}}, {"type": "Feature", "geometry": {"type": "Point", "coordinates": [10.27842, 36.79124]}, "properties": {"record_id": "oai:u-bordeaux-montaigne.fr:340407", "symbol_class": "building", "pixel_x": 1869.9, "pixel_y": 2028.4, "easting": 533716.5, "northing": 387669.2, "epsg_source": 22391}}, {"type": "Feature", "geometry": {"type": "Point", "coordinates": [10.55906, 36.77279]}, "properties": {"record_id": "oai:u-bordeaux-montaigne.fr:340407", "symbol_class": "building", "pixel_x": 7691.2, "pixel_y": 2032.9, "easting": 558770.9, "northing": 385755.8, "epsg_source": 22391}}, {"type": "Feature", "geometry": {"type": "Point", "coordinates": [10.28434, 36.79057]}, "properties": {"record_id": "oai:u-bordeaux-montaigne.fr:340407", "symbol_class": "building", "pixel_x": 1993.2, "pixel_y": 2035.9, "easting": 534244.7, "northing": 387597.6, "epsg_source": 22391}}, {"type": "Feature", "geometry": {"type": "Point", "coordinates": [10.55491, 36.77285]}, "properties": {"record_id": "oai:u-bordeaux-montaigne.fr:340407", "symbol_class": "building", "pixel_x": 7605.6, "pixel_y": 2038.6, "easting": 558401.1, "northing": 385759.7, "epsg_source": 22391}}, {"type": "Feature", "geometry": {"type": "Point", "coordinates": [10.55594, 36.77296]}, "properties": {"record_id": "oai:u-bordeaux-montaigne.fr:340407", "symbol_class": "building", "pixel_x": 7626.6, "pixel_y": 2033.7, "easting": 558492.9, "northing": 385773.3, "epsg_source": 22391}}, {"type": "Feature", "geometry": {"type": "Point", "coordinates": [10.3603, 36.78548]}, "properties": {"record_id": "oai:u-bordeaux-montaigne.fr:340407", "symbol_class": "building", "pixel_x": 3568.9, "pixel_y": 2041.3, "easting": 541025.0, "northing": 387062.1, "epsg_source": 22391}}, {"type": "Feature", "geometry": {"type": "Point", "coordinates": [10.55987, 36.77188]}, "properties": {"record_id": "oai:u-bordeaux-montaigne.fr:340407", "symbol_class": "building", "pixel_x": 7709.9, "pixel_y": 2055.4, "easting": 558844.6, "northing": 385654.9, "epsg_source": 22391}}, {"type": "Feature", "geometry": {"type": "Point", "coordinates": [10.2772, 36.79004]}, "properties": {"record_id": "oai:u-bordeaux-montaigne.fr:340407", "symbol_class": "building", "pixel_x": 1847.0, "pixel_y": 2061.9, "easting": 533607.5, "northing": 387535.8, "epsg_source": 22391}}, {"type": "Feature", "geometry": {"type": "Point", "coordinates": [10.24784, 36.79146]}, "properties": {"record_id": "oai:u-bordeaux-montaigne.fr:340407", "symbol_class": "building", "pixel_x": 1239.2, "pixel_y": 2073.7, "easting": 530987.6, "northing": 387684.1, "epsg_source": 22391}}, {"type": "Feature", "geometry": {"type": "Point", "coordinates": [10.23662, 36.79237]}, "properties": {"record_id": "oai:u-bordeaux-montaigne.fr:340407", "symbol_class": "building", "pixel_x": 1006.1, "pixel_y": 2068.8, "easting": 529985.9, "northing": 387780.8, "epsg_source": 22391}}, {"type": "Feature", "geometry": {"type": "Point", "coordinates": [10.27718, 36.78928]}, "properties": {"record_id": "oai:u-bordeaux-montaigne.fr:340407", "symbol_class": "building", "pixel_x": 1848.2, "pixel_y": 2081.9, "easting": 533606.2, "northing": 387451.6, "epsg_source": 22391}}, {"type": "Feature", "geometry": {"type": "Point", "coordinates": [10.55455, 36.7712]}, "properties": {"record_id": "oai:u-bordeaux-montaigne.fr:340407", "symbol_class": "building", "pixel_x": 7601.6, "pixel_y": 2082.5, "easting": 558370.2, "northing": 385576.2, "epsg_source": 22391}}, {"type": "Feature", "geometry": {"type": "Point", "coordinates": [10.56252, 36.77032]}, "properties": {"record_id": "oai:u-bordeaux-montaigne.fr:340407", "symbol_class": "building", "pixel_x": 7767.6, "pixel_y": 2091.5, "easting": 559081.7, "northing": 385484.3, "epsg_source": 22391}}, {"type": "Feature", "geometry": {"type": "Point", "coordinates": [10.27771, 36.78894]}, "properties": {"record_id": "oai:u-bordeaux-montaigne.fr:340407", "symbol_class": "building", "pixel_x": 1859.8, "pixel_y": 2089.8, "easting": 533653.6, "northing": 387414.2, "epsg_source": 22391}}, {"type": "Feature", "geometry": {"type": "Point", "coordinates": [10.56064, 36.77035]}, "properties": {"record_id": "oai:u-bordeaux-montaigne.fr:340407", "symbol_class": "building", "pixel_x": 7728.9, "pixel_y": 2094.1, "easting": 558914.5, "northing": 385486.0, "epsg_source": 22391}}, {"type": "Feature", "geometry": {"type": "Point", "coordinates": [10.24125, 36.79103]}, "properties": {"record_id": "oai:u-bordeaux-montaigne.fr:340407", "symbol_class": "building", "pixel_x": 1104.3, "pixel_y": 2096.0, "easting": 530399.9, "northing": 387634.4, "epsg_source": 22391}}, {"type": "Feature", "geometry": {"type": "Point", "coordinates": [10.2418, 36.79072]}, "properties": {"record_id": "oai:u-bordeaux-montaigne.fr:340407", "symbol_class": "building", "pixel_x": 1116.3, "pixel_y": 2103.2, "easting": 530449.2, "northing": 387599.9, "epsg_source": 22391}}, {"type": "Feature", "geometry": {"type": "Point", "coordinates": [10.55132, 36.7705]}, "properties": {"record_id": "oai:u-bordeaux-montaigne.fr:340407", "symbol_class": "building", "pixel_x": 7536.5, "pixel_y": 2106.3, "easting": 558082.5, "northing": 385497.4, "epsg_source": 22391}}, {"type": "Feature", "geometry": {"type": "Point", "coordinates": [10.58141, 36.76835]}, "properties": {"record_id": "oai:u-bordeaux-montaigne.fr:340407", "symbol_class": "building", "pixel_x": 8161.2, "pixel_y": 2110.3, "easting": 560769.8, "northing": 385277.3, "epsg_source": 22391}}, {"type": "Feature", "geometry": {"type": "Point", "coordinates": [10.24786, 36.78984]}, "properties": {"record_id": "oai:u-bordeaux-montaigne.fr:340407", "symbol_class": "building", "pixel_x": 1242.8, "pixel_y": 2116.3, "easting": 530989.9, "northing": 387503.6, "epsg_source": 22391}}, {"type": "Feature", "geometry": {"type": "Point", "coordinates": [10.24785, 36.78918]}, "properties": {"record_id": "oai:u-bordeaux-montaigne.fr:340407", "symbol_class": "building", "pixel_x": 1243.9, "pixel_y": 2133.6, "easting": 530988.9, "northing": 387430.8, "epsg_source": 22391}}, {"type": "Feature", "geometry": {"type": "Point", "coordinates": [10.28164, 36.78699]}, "properties": {"record_id": "oai:u-bordeaux-montaigne.fr:340407", "symbol_class": "building", "pixel_x": 1944.8, "pixel_y": 2134.4, "easting": 534005.6, "northing": 387199.2, "epsg_source": 22391}}, {"type": "Feature", "geometry": {"type": "Point", "coordinates": [10.57734, 36.76777]}, "properties": {"record_id": "oai:u-bordeaux-montaigne.fr:340407", "symbol_class": "building", "pixel_x": 8078.5, "pixel_y": 2132.7, "easting": 560406.9, "northing": 385209.8, "epsg_source": 22391}}, {"type": "Feature", "geometry": {"type": "Point", "coordinates": [10.5811, 36.76715]}, "properties": {"record_id": "oai:u-bordeaux-montaigne.fr:340407", "symbol_class": "building", "pixel_x": 8157.2, "pixel_y": 2142.4, "easting": 560742.8, "northing": 385143.5, "epsg_source": 22391}}, {"type": "Feature", "geometry": {"type": "Point", "coordinates": [10.28675, 36.78593]}, "properties": {"record_id": "oai:u-bordeaux-montaigne.fr:340407", "symbol_class": "building", "pixel_x": 2052.2, "pixel_y": 2153.6, "easting": 534461.7, "northing": 387083.5, "epsg_source": 22391}}, {"type": "Feature", "geometry": {"type": "Point", "coordinates": [10.27807, 36.78598]}, "properties": {"record_id": "oai:u-bordeaux-montaigne.fr:340407", "symbol_class": "building", "pixel_x": 1873.1, "pixel_y": 2166.9, "easting": 533686.9, "northing": 387085.8, "epsg_source": 22391}}, {"type": "Feature", "geometry": {"type": "Point", "coordinates": [10.27868, 36.78584]}, "properties": {"record_id": "oai:u-bordeaux-montaigne.fr:340407", "symbol_class": "building", "pixel_x": 1886.0, "pixel_y": 2169.6, "easting": 533741.7, "northing": 387070.4, "epsg_source": 22391}}, {"type": "Feature", "geometry": {"type": "Point", "coordinates": [10.282, 36.78535]}, "properties": {"record_id": "oai:u-bordeaux-montaigne.fr:340407", "symbol_class": "building", "pixel_x": 1955.4, "pixel_y": 2176.8, "easting": 534037.8, "northing": 387017.2, "epsg_source": 22391}}, {"type": "Feature", "geometry": {"type": "Point", "coordinates": [10.58074, 36.76575]}, "properties": {"record_id": "oai:u-bordeaux-montaigne.fr:340407", "symbol_class": "building", "pixel_x": 8152.7, "pixel_y": 2179.6, "easting": 560711.7, "northing": 384988.4, "epsg_source": 22391}}, {"type": "Feature", "geometry": {"type": "Point", "coordinates": [10.57837, 36.76579]}, "properties": {"record_id": "oai:u-bordeaux-montaigne.fr:340407", "symbol_class": "building", "pixel_x": 8103.7, "pixel_y": 2182.9, "easting": 560499.7, "northing": 384990.6, "epsg_source": 22391}}, {"type": "Feature", "geometry": {"type": "Point", "coordinates": [10.27718, 36.78494]}, "properties": {"record_id": "oai:u-bordeaux-montaigne.fr:340407", "symbol_class": "building", "pixel_x": 1857.0, "pixel_y": 2195.5, "easting": 533608.4, "northing": 386970.5, "epsg_source": 22391}}, {"type": "Feature", "geometry": {"type": "Point", "coordinates": [10.25878, 36.78545]}, "properties": {"record_id": "oai:u-bordeaux-montaigne.fr:340407", "symbol_class": "building", "pixel_x": 1476.7, "pixel_y": 2213.2, "easting": 531966.1, "northing": 387020.1, "epsg_source": 22391}}, {"type": "Feature", "geometry": {"type": "Point", "coordinates": [10.25164, 36.78546]}, "properties": {"record_id": "oai:u-bordeaux-montaigne.fr:340407", "symbol_class": "building", "pixel_x": 1329.5, "pixel_y": 2224.7, "easting": 531329.1, "northing": 387019.7, "epsg_source": 22391}}, {"type": "Feature", "geometry": {"type": "Point", "coordinates": [10.24504, 36.78549]}, "properties": {"record_id": "oai:u-bordeaux-montaigne.fr:340407", "symbol_class": "building", "pixel_x": 1193.5, "pixel_y": 2235.0, "easting": 530740.4, "northing": 387020.5, "epsg_source": 22391}}, {"type": "Feature", "geometry": {"type": "Point", "coordinates": [10.28165, 36.78305]}, "properties": {"record_id": "oai:u-bordeaux-montaigne.fr:340407", "symbol_class": "building", "pixel_x": 1952.9, "pixel_y": 2237.8, "easting": 534008.2, "northing": 386761.4, "epsg_source": 22391}}, {"type": "Feature", "geometry": {"type": "Point", "coordinates": [10.5443, 36.76596]}, "properties": {"record_id": "oai:u-bordeaux-montaigne.fr:340407", "symbol_class": "building", "pixel_x": 7401.3, "pixel_y": 2237.4, "easting": 557459.3, "northing": 384989.7, "epsg_source": 22391}}, {"type": "Feature", "geometry": {"type": "Point", "coordinates": [10.24351, 36.78546]}, "properties": {"record_id": "oai:u-bordeaux-montaigne.fr:340407", "symbol_class": "building", "pixel_x": 1162.0, "pixel_y": 2238.2, "easting": 530603.8, "northing": 387017.1, "epsg_source": 22391}}, {"type": "Feature", "geometry": {"type": "Point", "coordinates": [10.28894, 36.78235]}, "properties": {"record_id": "oai:u-bordeaux-montaigne.fr:340407", "symbol_class": "building", "pixel_x": 2104.5, "pixel_y": 2243.9, "easting": 534658.9, "northing": 386686.4, "epsg_source": 22391}}, {"type": "Feature", "geometry": {"type": "Point", "coordinates": [10.55474, 36.76468]}, "properties": {"record_id": "oai:u-bordeaux-montaigne.fr:340407", "symbol_class": "building", "pixel_x": 7618.9, "pixel_y": 2252.9, "easting": 558391.3, "northing": 384853.7, "epsg_source": 22391}}, {"type": "Feature", "geometry": {"type": "Point", "coordinates": [10.28163, 36.78213]}, "properties": {"record_id": "oai:u-bordeaux-montaigne.fr:340407", "symbol_class": "building", "pixel_x": 1954.3, "pixel_y": 2261.8, "easting": 534006.8, "northing": 386660.1, "epsg_source": 22391}}, {"type": "Feature", "geometry": {"type": "Point", "coordinates": [10.38099, 36.77591]}, "properties": {"record_id": "oai:u-bordeaux-montaigne.fr:340407", "symbol_class": "building", "pixel_x": 4014.8, "pixel_y": 2257.2, "easting": 542876.8, "northing": 386008.6, "epsg_source": 22391}}, {"type": "Feature", "geometry": {"type": "Point", "coordinates": [10.52219, 36.76617]}, "properties": {"record_id": "oai:u-bordeaux-montaigne.fr:340407", "symbol_class": "building", "pixel_x": 6945.1, "pixel_y": 2270.4, "easting": 555485.3, "northing": 384999.6, "epsg_source": 22391}}, {"type": "Feature", "geometry": {"type": "Point", "coordinates": [10.52131, 36.76614]}, "properties": {"record_id": "oai:u-bordeaux-montaigne.fr:340407", "symbol_class": "building", "pixel_x": 6927.0, "pixel_y": 2272.8, "easting": 555406.8, "northing": 384995.5, "epsg_source": 22391}}, {"type": "Feature", "geometry": {"type": "Point", "coordinates": [10.28457, 36.78]}, "properties": {"record_id": "oai:u-bordeaux-montaigne.fr:340407", "symbol_class": "building", "pixel_x": 2019.2, "pixel_y": 2312.7, "easting": 534270.0, "northing": 386424.9, "epsg_source": 22391}}, {"type": "Feature", "geometry": {"type": "Point", "coordinates": [10.29329, 36.77917]}, "properties": {"record_id": "oai:u-bordeaux-montaigne.fr:340407", "symbol_class": "building", "pixel_x": 2200.6, "pixel_y": 2319.9, "easting": 535048.6, "northing": 386335.8, "epsg_source": 22391}}, {"type": "Feature", "geometry": {"type": "Point", "coordinates": [10.55221, 36.76214]}, "properties": {"record_id": "oai:u-bordeaux-montaigne.fr:340407", "symbol_class": "building", "pixel_x": 7572.2, "pixel_y": 2323.9, "easting": 558168.2, "northing": 384570.5, "epsg_source": 22391}}, {"type": "Feature", "geometry": {"type": "Point", "coordinates": [10.29369, 36.77889]}, "properties": {"record_id": "oai:u-bordeaux-montaigne.fr:340407", "symbol_class": "building", "pixel_x": 2209.3, "pixel_y": 2326.6, "easting": 535083.9, "northing": 386304.4, "epsg_source": 22391}}, {"type": "Feature", "geometry": {"type": "Point", "coordinates": [10.28275, 36.77942]}, "properties": {"record_id": "oai:u-bordeaux-montaigne.fr:340407", "symbol_class": "building", "pixel_x": 1982.7, "pixel_y": 2331.1, "easting": 534107.3, "northing": 386359.3, "epsg_source": 22391}}, {"type": "Feature", "geometry": {"type": "Point", "coordinates": [10.29338, 36.77861]}, "properties": {"record_id": "oai:u-bordeaux-montaigne.fr:340407", "symbol_class": "building", "pixel_x": 2203.5, "pixel_y": 2334.5, "easting": 535056.4, "northing": 386273.1, "epsg_source": 22391}}, {"type": "Feature", "geometry": {"type": "Point", "coordinates": [10.29402, 36.77851]}, "properties": {"record_id": "oai:u-bordeaux-montaigne.fr:340407", "symbol_class": "building", "pixel_x": 2216.9, "pixel_y": 2335.9, "easting": 535114.0, "northing": 386262.7, "epsg_source": 22391}}, {"type": "Feature", "geometry": {"type": "Point", "coordinates": [10.28351, 36.77868]}, "properties": {"record_id": "oai:u-bordeaux-montaigne.fr:340407", "symbol_class": "building", "pixel_x": 1999.9, "pixel_y": 2349.1, "easting": 534175.5, "northing": 386278.0, "epsg_source": 22391}}, {"type": "Feature", "geometry": {"type": "Point", "coordinates": [10.28372, 36.77805]}, "properties": {"record_id": "oai:u-bordeaux-montaigne.fr:340407", "symbol_class": "building", "pixel_x": 2005.5, "pixel_y": 2365.2, "easting": 534194.8, "northing": 386208.4, "epsg_source": 22391}}, {"type": "Feature", "geometry": {"type": "Point", "coordinates": [10.46076, 36.76655]}, "properties": {"record_id": "oai:u-bordeaux-montaigne.fr:340407", "symbol_class": "building", "pixel_x": 5678.0, "pixel_y": 2366.3, "easting": 550001.9, "northing": 385008.5, "epsg_source": 22391}}, {"type": "Feature", "geometry": {"type": "Point", "coordinates": [10.57376, 36.75897]}, "properties": {"record_id": "oai:u-bordeaux-montaigne.fr:340407", "symbol_class": "building", "pixel_x": 8023.0, "pixel_y": 2369.5, "easting": 560094.1, "northing": 384231.8, "epsg_source": 22391}}, {"type": "Feature", "geometry": {"type": "Point", "coordinates": [10.27818, 36.77714]}, "properties": {"record_id": "oai:u-bordeaux-montaigne.fr:340407", "symbol_class": "building", "pixel_x": 1893.2, "pixel_y": 2398.4, "easting": 533701.2, "northing": 386105.2, "epsg_source": 22391}}, {"type": "Feature", "geometry": {"type": "Point", "coordinates": [10.24786, 36.77888]}, "properties": {"record_id": "oai:u-bordeaux-montaigne.fr:340407", "symbol_class": "building", "pixel_x": 1264.8, "pixel_y": 2403.5, "easting": 530994.4, "northing": 386288.5, "epsg_source": 22391}}, {"type": "Feature", "geometry": {"type": "Point", "coordinates": [10.28749, 36.7763]}, "properties": {"record_id": "oai:u-bordeaux-montaigne.fr:340407", "symbol_class": "building", "pixel_x": 2086.7, "pixel_y": 2404.9, "easting": 534532.0, "northing": 386015.1, "epsg_source": 22391}}, {"type": "Feature", "geometry": {"type": "Point", "coordinates": [10.28038, 36.7763]}, "properties": {"record_id": "oai:u-bordeaux-montaigne.fr:340407", "symbol_class": "building", "pixel_x": 1940.2, "pixel_y": 2416.9, "easting": 533897.6, "northing": 386012.2, "epsg_source": 22391}}, {"type": "Feature", "geometry": {"type": "Point", "coordinates": [10.23977, 36.77862]}, "properties": {"record_id": "oai:u-bordeaux-montaigne.fr:340407", "symbol_class": "building", "pixel_x": 1098.5, "pixel_y": 2423.9, "easting": 530272.6, "northing": 386256.7, "epsg_source": 22391}}, {"type": "Feature", "geometry": {"type": "Point", "coordinates": [10.28341, 36.77585]}, "properties": {"record_id": "oai:u-bordeaux-montaigne.fr:340407", "symbol_class": "building", "pixel_x": 2003.5, "pixel_y": 2423.5, "easting": 534168.1, "northing": 385963.9, "epsg_source": 22391}}, {"type": "Feature", "geometry": {"type": "Point", "coordinates": [10.28519, 36.77571]}, "properties": {"record_id": "oai:u-bordeaux-montaigne.fr:340407", "symbol_class": "building", "pixel_x": 2040.6, "pixel_y": 2424.2, "easting": 534327.3, "northing": 385948.8, "epsg_source": 22391}}, {"type": "Feature", "geometry": {"type": "Point", "coordinates": [10.28485, 36.77542]}, "properties": {"record_id": "oai:u-bordeaux-montaigne.fr:340407", "symbol_class": "building", "pixel_x": 2034.1, "pixel_y": 2432.3, "easting": 534296.7, "northing": 385916.8, "epsg_source": 22391}}, {"type": "Feature", "geometry": {"type": "Point", "coordinates": [10.57126, 36.75682]}, "properties": {"record_id": "oai:u-bordeaux-montaigne.fr:340407", "symbol_class": "building", "pixel_x": 7975.9, "pixel_y": 2430.2, "easting": 559872.4, "northing": 383992.0, "epsg_source": 22391}}, {"type": "Feature", "geometry": {"type": "Point", "coordinates": [10.23973, 36.77825]}, "properties": {"record_id": "oai:u-bordeaux-montaigne.fr:340407", "symbol_class": "building", "pixel_x": 1098.4, "pixel_y": 2433.7, "easting": 530268.9, "northing": 386215.9, "epsg_source": 22391}}, {"type": "Feature", "geometry": {"type": "Point", "coordinates": [10.27091, 36.7763]}, "properties": {"record_id": "oai:u-bordeaux-montaigne.fr:340407", "symbol_class": "building", "pixel_x": 1745.0, "pixel_y": 2432.8, "easting": 533052.6, "northing": 386009.2, "epsg_source": 22391}}, {"type": "Feature", "geometry": {"type": "Point", "coordinates": [10.28545, 36.77526]}, "properties": {"record_id": "oai:u-bordeaux-montaigne.fr:340407", "symbol_class": "building", "pixel_x": 2046.7, "pixel_y": 2435.6, "easting": 534350.1, "northing": 385898.8, "epsg_source": 22391}}, {"type": "Feature", "geometry": {"type": "Point", "coordinates": [10.55764, 36.75737]}, "properties": {"record_id": "oai:u-bordeaux-montaigne.fr:340407", "symbol_class": "building", "pixel_x": 7694.0, "pixel_y": 2439.6, "easting": 558656.1, "northing": 384044.2, "epsg_source": 22391}}, {"type": "Feature", "geometry": {"type": "Point", "coordinates": [10.28112, 36.77529]}, "properties": {"record_id": "oai:u-bordeaux-montaigne.fr:340407", "symbol_class": "building", "pixel_x": 1957.4, "pixel_y": 2442.2, "easting": 533963.9, "northing": 385900.4, "epsg_source": 22391}}, {"type": "Feature", "geometry": {"type": "Point", "coordinates": [10.28071, 36.77527]}, "properties": {"record_id": "oai:u-bordeaux-montaigne.fr:340407", "symbol_class": "building", "pixel_x": 1949.1, "pixel_y": 2443.2, "easting": 533927.5, "northing": 385898.9, "epsg_source": 22391}}, {"type": "Feature", "geometry": {"type": "Point", "coordinates": [10.27851, 36.77536]}, "properties": {"record_id": "oai:u-bordeaux-montaigne.fr:340407", "symbol_class": "building", "pixel_x": 1903.5, "pixel_y": 2444.7, "easting": 533730.8, "northing": 385907.2, "epsg_source": 22391}}, {"type": "Feature", "geometry": {"type": "Point", "coordinates": [10.28032, 36.77529]}, "properties": {"record_id": "oai:u-bordeaux-montaigne.fr:340407", "symbol_class": "building", "pixel_x": 1941.0, "pixel_y": 2443.5, "easting": 533892.7, "northing": 385900.2, "epsg_source": 22391}}, {"type": "Feature", "geometry": {"type": "Point", "coordinates": [10.28577, 36.77483]}, "properties": {"record_id": "oai:u-bordeaux-montaigne.fr:340407", "symbol_class": "building", "pixel_x": 2054.2, "pixel_y": 2446.4, "easting": 534378.9, "northing": 385851.1, "epsg_source": 22391}}, {"type": "Feature", "geometry": {"type": "Point", "coordinates": [10.28027, 36.77486]}, "properties": {"record_id": "oai:u-bordeaux-montaigne.fr:340407", "symbol_class": "building", "pixel_x": 1940.9, "pixel_y": 2454.7, "easting": 533888.6, "northing": 385853.2, "epsg_source": 22391}}, {"type": "Feature", "geometry": {"type": "Point", "coordinates": [10.53998, 36.75789]}, "properties": {"record_id": "oai:u-bordeaux-montaigne.fr:340407", "symbol_class": "building", "pixel_x": 7328.9, "pixel_y": 2456.4, "easting": 557079.5, "northing": 384092.0, "epsg_source": 22391}}, {"type": "Feature", "geometry": {"type": "Point", "coordinates": [10.27865, 36.77485]}, "properties": {"record_id": "oai:u-bordeaux-montaigne.fr:340407", "symbol_class": "building", "pixel_x": 1907.5, "pixel_y": 2457.8, "easting": 533744.1, "northing": 385851.0, "epsg_source": 22391}}, {"type": "Feature", "geometry": {"type": "Point", "coordinates": [10.28661, 36.77432]}, "properties": {"record_id": "oai:u-bordeaux-montaigne.fr:340407", "symbol_class": "building", "pixel_x": 2072.5, "pixel_y": 2458.4, "easting": 534454.0, "northing": 385794.7, "epsg_source": 22391}}, {"type": "Feature", "geometry": {"type": "Point", "coordinates": [10.25249, 36.77636]}, "properties": {"record_id": "oai:u-bordeaux-montaigne.fr:340407", "symbol_class": "building", "pixel_x": 1365.3, "pixel_y": 2462.0, "easting": 531408.8, "northing": 386009.7, "epsg_source": 22391}}, {"type": "Feature", "geometry": {"type": "Point", "coordinates": [10.28728, 36.77403]}, "properties": {"record_id": "oai:u-bordeaux-montaigne.fr:340407", "symbol_class": "building", "pixel_x": 2087.1, "pixel_y": 2464.8, "easting": 534514.7, "northing": 385763.1, "epsg_source": 22391}}, {"type": "Feature", "geometry": {"type": "Point", "coordinates": [10.24087, 36.77691]}, "properties": {"record_id": "oai:u-bordeaux-montaigne.fr:340407", "symbol_class": "building", "pixel_x": 1124.5, "pixel_y": 2467.0, "easting": 530370.9, "northing": 386067.1, "epsg_source": 22391}}, {"type": "Feature", "geometry": {"type": "Point", "coordinates": [10.2489, 36.77638]}, "properties": {"record_id": "oai:u-bordeaux-montaigne.fr:340407", "symbol_class": "building", "pixel_x": 1291.1, "pixel_y": 2467.5, "easting": 531088.0, "northing": 386010.5, "epsg_source": 22391}}, {"type": "Feature", "geometry": {"type": "Point", "coordinates": [10.28529, 36.77394]}, "properties": {"record_id": "oai:u-bordeaux-montaigne.fr:340407", "symbol_class": "building", "pixel_x": 2046.1, "pixel_y": 2470.5, "easting": 534336.8, "northing": 385752.5, "epsg_source": 22391}}, {"type": "Feature", "geometry": {"type": "Point", "coordinates": [10.28634, 36.7738]}, "properties": {"record_id": "oai:u-bordeaux-montaigne.fr:340407", "symbol_class": "building", "pixel_x": 2068.0, "pixel_y": 2472.4, "easting": 534430.2, "northing": 385737.2, "epsg_source": 22391}}, {"type": "Feature", "geometry": {"type": "Point", "coordinates": [10.24747, 36.77637]}, "properties": {"record_id": "oai:u-bordeaux-montaigne.fr:340407", "symbol_class": "building", "pixel_x": 1261.7, "pixel_y": 2470.1, "easting": 530960.5, "northing": 386009.5, "epsg_source": 22391}}, {"type": "Feature", "geometry": {"type": "Point", "coordinates": [10.2395, 36.77673]}, "properties": {"record_id": "oai:u-bordeaux-montaigne.fr:340407", "symbol_class": "building", "pixel_x": 1096.8, "pixel_y": 2474.0, "easting": 530249.3, "northing": 386046.5, "epsg_source": 22391}}, {"type": "Feature", "geometry": {"type": "Point", "coordinates": [10.28476, 36.77378]}, "properties": {"record_id": "oai:u-bordeaux-montaigne.fr:340407", "symbol_class": "building", "pixel_x": 2035.5, "pixel_y": 2475.6, "easting": 534289.3, "northing": 385734.5, "epsg_source": 22391}}, {"type": "Feature", "geometry": {"type": "Point", "coordinates": [10.27558, 36.77412]}, "properties": {"record_id": "oai:u-bordeaux-montaigne.fr:340407", "symbol_class": "building", "pixel_x": 1845.6, "pixel_y": 2481.9, "easting": 533470.2, "northing": 385769.5, "epsg_source": 22391}}, {"type": "Feature", "geometry": {"type": "Point", "coordinates": [10.241, 36.77613]}, "properties": {"record_id": "oai:u-bordeaux-montaigne.fr:340407", "symbol_class": "building", "pixel_x": 1128.8, "pixel_y": 2487.2, "easting": 530382.9, "northing": 385980.6, "epsg_source": 22391}}, {"type": "Feature", "geometry": {"type": "Point", "coordinates": [10.56139, 36.75525]}, "properties": {"record_id": "oai:u-bordeaux-montaigne.fr:340407", "symbol_class": "building", "pixel_x": 7775.6, "pixel_y": 2488.6, "easting": 558992.0, "northing": 383811.4, "epsg_source": 22391}}, {"type": "Feature", "geometry": {"type": "Point", "coordinates": [10.24069, 36.77586]}, "properties": {"record_id": "oai:u-bordeaux-montaigne.fr:340407", "symbol_class": "building", "pixel_x": 1123.0, "pixel_y": 2494.8, "easting": 530355.8, "northing": 385950.5, "epsg_source": 22391}}, {"type": "Feature", "geometry": {"type": "Point", "coordinates": [10.23785, 36.77608]}, "properties": {"record_id": "oai:u-bordeaux-montaigne.fr:340407", "symbol_class": "building", "pixel_x": 1064.1, "pixel_y": 2493.8, "easting": 530102.4, "northing": 385974.1, "epsg_source": 22391}}, {"type": "Feature", "geometry": {"type": "Point", "coordinates": [10.56575, 36.75457]}, "properties": {"record_id": "oai:u-bordeaux-montaigne.fr:340407", "symbol_class": "building", "pixel_x": 7866.9, "pixel_y": 2498.7, "easting": 559381.8, "northing": 383739.1, "epsg_source": 22391}}, {"type": "Feature", "geometry": {"type": "Point", "coordinates": [10.52834, 36.75709]}, "properties": {"record_id": "oai:u-bordeaux-montaigne.fr:340407", "symbol_class": "building", "pixel_x": 7090.5, "pixel_y": 2497.8, "easting": 556040.3, "northing": 383995.5, "epsg_source": 22391}}, {"type": "Feature", "geometry": {"type": "Point", "coordinates": [10.55996, 36.75473]}, "properties": {"record_id": "oai:u-bordeaux-montaigne.fr:340407", "symbol_class": "building", "pixel_x": 7747.3, "pixel_y": 2504.8, "easting": 558865.2, "northing": 383752.6, "epsg_source": 22391}}, {"type": "Feature", "geometry": {"type": "Point", "coordinates": [10.23507, 36.77594]}, "properties": {"record_id": "oai:u-bordeaux-montaigne.fr:340407", "symbol_class": "building", "pixel_x": 1007.0, "pixel_y": 2502.0, "easting": 529854.3, "northing": 385957.9, "epsg_source": 22391}}, {"type": "Feature", "geometry": {"type": "Point", "coordinates": [10.29279, 36.77209]}, "properties": {"record_id": "oai:u-bordeaux-montaigne.fr:340407", "symbol_class": "building", "pixel_x": 2204.6, "pixel_y": 2506.4, "easting": 535007.4, "northing": 385549.6, "epsg_source": 22391}}, {"type": "Feature", "geometry": {"type": "Point", "coordinates": [10.27635, 36.77286]}, "properties": {"record_id": "oai:u-bordeaux-montaigne.fr:340407", "symbol_class": "building", "pixel_x": 1864.0, "pixel_y": 2513.8, "easting": 533539.1, "northing": 385629.7, "epsg_source": 22391}}, {"type": "Feature", "geometry": {"type": "Point", "coordinates": [10.24039, 36.77547]}, "properties": {"record_id": "oai:u-bordeaux-montaigne.fr:340407", "symbol_class": "building", "pixel_x": 1117.5, "pixel_y": 2505.5, "easting": 530328.8, "northing": 385907.4, "epsg_source": 22391}}, {"type": "Feature", "geometry": {"type": "Point", "coordinates": [10.37273, 36.76694]}, "properties": {"record_id": "oai:u-bordeaux-montaigne.fr:340407", "symbol_class": "building", "pixel_x": 3862.7, "pixel_y": 2506.3, "easting": 542144.5, "northing": 385010.5, "epsg_source": 22391}}, {"type": "Feature", "geometry": {"type": "Point", "coordinates": [10.37104, 36.76698]}, "properties": {"record_id": "oai:u-bordeaux-montaigne.fr:340407", "symbol_class": "building", "pixel_x": 3827.7, "pixel_y": 2508.3, "easting": 541993.4, "northing": 385013.6, "epsg_source": 22391}}, {"type": "Feature", "geometry": {"type": "Point", "coordinates": [10.56345, 36.75419]}, "properties": {"record_id": "oai:u-bordeaux-montaigne.fr:340407", "symbol_class": "building", "pixel_x": 7820.3, "pixel_y": 2512.8, "easting": 559177.0, "northing": 383695.0, "epsg_source": 22391}}, {"type": "Feature", "geometry": {"type": "Point", "coordinates": [10.27035, 36.77302]}, "properties": {"record_id": "oai:u-bordeaux-montaigne.fr:340407", "symbol_class": "building", "pixel_x": 1740.0, "pixel_y": 2519.7, "easting": 533003.8, "northing": 385645.2, "epsg_source": 22391}}, {"type": "Feature", "geometry": {"type": "Point", "coordinates": [10.29282, 36.77164]}, "properties": {"record_id": "oai:u-bordeaux-montaigne.fr:340407", "symbol_class": "building", "pixel_x": 2206.0, "pixel_y": 2518.1, "easting": 535010.2, "northing": 385500.0, "epsg_source": 22391}}, {"type": "Feature", "geometry": {"type": "Point", "coordinates": [10.24737, 36.77448]}, "properties": {"record_id": "oai:u-bordeaux-montaigne.fr:340407", "symbol_class": "building", "pixel_x": 1263.3, "pixel_y": 2519.9, "easting": 530952.0, "northing": 385799.2, "epsg_source": 22391}}, {"type": "Feature", "geometry": {"type": "Point", "coordinates": [10.23953, 36.77497]}, "properties": {"record_id": "oai:u-bordeaux-montaigne.fr:340407", "symbol_class": "building", "pixel_x": 1100.9, "pixel_y": 2520.1, "easting": 530252.7, "northing": 385851.4, "epsg_source": 22391}}, {"type": "Feature", "geometry": {"type": "Point", "coordinates": [10.28274, 36.77219]}, "properties": {"record_id": "oai:u-bordeaux-montaigne.fr:340407", "symbol_class": "building", "pixel_x": 1997.0, "pixel_y": 2520.7, "easting": 534109.6, "northing": 385557.1, "epsg_source": 22391}}, {"type": "Feature", "geometry": {"type": "Point", "coordinates": [10.24629, 36.77439]}, "properties": {"record_id": "oai:u-bordeaux-montaigne.fr:340407", "symbol_class": "building", "pixel_x": 1241.2, "pixel_y": 2524.1, "easting": 530855.5, "northing": 385789.1, "epsg_source": 22391}}, {"type": "Feature", "geometry": {"type": "Point", "coordinates": [10.27516, 36.77257]}, "properties": {"record_id": "oai:u-bordeaux-montaigne.fr:340407", "symbol_class": "building", "pixel_x": 1840.1, "pixel_y": 2523.5, "easting": 533433.4, "northing": 385596.5, "epsg_source": 22391}}, {"type": "Feature", "geometry": {"type": "Point", "coordinates": [10.23441, 36.77513]}, "properties": {"record_id": "oai:u-bordeaux-montaigne.fr:340407", "symbol_class": "building", "pixel_x": 994.9, "pixel_y": 2524.5, "easting": 529795.0, "northing": 385867.5, "epsg_source": 22391}}, {"type": "Feature", "geometry": {"type": "Point", "coordinates": [10.56038, 36.75386]}, "properties": {"record_id": "oai:u-bordeaux-montaigne.fr:340407", "symbol_class": "building", "pixel_x": 7757.8, "pixel_y": 2526.8, "easting": 558903.5, "northing": 383656.5, "epsg_source": 22391}}, {"type": "Feature", "geometry": {"type": "Point", "coordinates": [10.27691, 36.77214]}, "properties": {"record_id": "oai:u-bordeaux-montaigne.fr:340407", "symbol_class": "building", "pixel_x": 1877.0, "pixel_y": 2531.6, "easting": 533589.9, "northing": 385550.3, "epsg_source": 22391}}, {"type": "Feature", "geometry": {"type": "Point", "coordinates": [10.27945, 36.77197]}, "properties": {"record_id": "oai:u-bordeaux-montaigne.fr:340407", "symbol_class": "building", "pixel_x": 1929.6, "pixel_y": 2532.0, "easting": 533816.1, "northing": 385531.4, "epsg_source": 22391}}, {"type": "Feature", "geometry": {"type": "Point", "coordinates": [10.27965, 36.77169]}, "properties": {"record_id": "oai:u-bordeaux-montaigne.fr:340407", "symbol_class": "building", "pixel_x": 1934.4, "pixel_y": 2538.9, "easting": 533834.5, "northing": 385500.9, "epsg_source": 22391}}, {"type": "Feature", "geometry": {"type": "Point", "coordinates": [10.4992, 36.75731]}, "properties": {"record_id": "oai:u-bordeaux-montaigne.fr:340407", "symbol_class": "building", "pixel_x": 6489.5, "pixel_y": 2542.2, "easting": 553439.6, "northing": 384004.5, "epsg_source": 22391}}, {"type": "Feature", "geometry": {"type": "Point", "coordinates": [10.27915, 36.77144]}, "properties": {"record_id": "oai:u-bordeaux-montaigne.fr:340407", "symbol_class": "building", "pixel_x": 1924.7, "pixel_y": 2546.2, "easting": 533790.2, "northing": 385473.6, "epsg_source": 22391}}, {"type": "Feature", "geometry": {"type": "Point", "coordinates": [10.27563, 36.7717]}, "properties": {"record_id": "oai:u-bordeaux-montaigne.fr:340407", "symbol_class": "building", "pixel_x": 1851.5, "pixel_y": 2545.3, "easting": 533475.6, "northing": 385501.2, "epsg_source": 22391}}, {"type": "Feature", "geometry": {"type": "Point", "coordinates": [10.23988, 36.77389]}, "properties": {"record_id": "oai:u-bordeaux-montaigne.fr:340407", "symbol_class": "building", "pixel_x": 1110.2, "pixel_y": 2547.9, "easting": 530284.0, "northing": 385731.6, "epsg_source": 22391}}, {"type": "Feature", "geometry": {"type": "Point", "coordinates": [10.24083, 36.77379]}, "properties": {"record_id": "oai:u-bordeaux-montaigne.fr:340407", "symbol_class": "building", "pixel_x": 1129.9, "pixel_y": 2548.8, "easting": 530368.5, "northing": 385721.1, "epsg_source": 22391}}, {"type": "Feature", "geometry": {"type": "Point", "coordinates": [10.27461, 36.77155]}, "properties": {"record_id": "oai:u-bordeaux-montaigne.fr:340407", "symbol_class": "building", "pixel_x": 1830.8, "pixel_y": 2551.1, "easting": 533384.5, "northing": 385483.4, "epsg_source": 22391}}, {"type": "Feature", "geometry": {"type": "Point", "coordinates": [10.27962, 36.77122]}, "properties": {"record_id": "oai:u-bordeaux-montaigne.fr:340407", "symbol_class": "building", "pixel_x": 1934.7, "pixel_y": 2551.4, "easting": 533831.8, "northing": 385448.4, "epsg_source": 22391}}, {"type": "Feature", "geometry": {"type": "Point", "coordinates": [10.23305, 36.77399]}, "properties": {"record_id": "oai:u-bordeaux-montaigne.fr:340407", "symbol_class": "building", "pixel_x": 969.1, "pixel_y": 2556.6, "easting": 529674.0, "northing": 385740.8, "epsg_source": 22391}}, {"type": "Feature", "geometry": {"type": "Point", "coordinates": [10.2759, 36.7712]}, "properties": {"record_id": "oai:u-bordeaux-montaigne.fr:340407", "symbol_class": "building", "pixel_x": 1858.1, "pixel_y": 2558.1, "easting": 533500.3, "northing": 385445.1, "epsg_source": 22391}}, {"type": "Feature", "geometry": {"type": "Point", "coordinates": [10.24144, 36.77348]}, "properties": {"record_id": "oai:u-bordeaux-montaigne.fr:340407", "symbol_class": "building", "pixel_x": 1143.2, "pixel_y": 2555.8, "easting": 530423.8, "northing": 385687.4, "epsg_source": 22391}}, {"type": "Feature", "geometry": {"type": "Point", "coordinates": [10.28002, 36.77104]}, "properties": {"record_id": "oai:u-bordeaux-montaigne.fr:340407", "symbol_class": "building", "pixel_x": 1943.4, "pixel_y": 2555.3, "easting": 533868.0, "northing": 385429.0, "epsg_source": 22391}}, {"type": "Feature", "geometry": {"type": "Point", "coordinates": [10.24054, 36.7734]}, "properties": {"record_id": "oai:u-bordeaux-montaigne.fr:340407", "symbol_class": "building", "pixel_x": 1124.7, "pixel_y": 2559.5, "easting": 530343.0, "northing": 385677.7, "epsg_source": 22391}}, {"type": "Feature", "geometry": {"type": "Point", "coordinates": [10.24103, 36.77329]}, "properties": {"record_id": "oai:u-bordeaux-montaigne.fr:340407", "symbol_class": "building", "pixel_x": 1135.1, "pixel_y": 2561.7, "easting": 530387.0, "northing": 385665.4, "epsg_source": 22391}}, {"type": "Feature", "geometry": {"type": "Point", "coordinates": [10.27038, 36.77098]}, "properties": {"record_id": "oai:u-bordeaux-montaigne.fr:340407", "symbol_class": "building", "pixel_x": 1744.6, "pixel_y": 2573.1, "easting": 533006.9, "northing": 385419.1, "epsg_source": 22391}}, {"type": "Feature", "geometry": {"type": "Point", "coordinates": [10.23956, 36.77285]}, "properties": {"record_id": "oai:u-bordeaux-montaigne.fr:340407", "symbol_class": "building", "pixel_x": 1105.6, "pixel_y": 2575.6, "easting": 530255.5, "northing": 385616.4, "epsg_source": 22391}}, {"type": "Feature", "geometry": {"type": "Point", "coordinates": [10.24485, 36.77244]}, "properties": {"record_id": "oai:u-bordeaux-montaigne.fr:340407", "symbol_class": "building", "pixel_x": 1215.4, "pixel_y": 2577.4, "easting": 530727.7, "northing": 385573.0, "epsg_source": 22391}}, {"type": "Feature", "geometry": {"type": "Point", "coordinates": [10.23339, 36.77315]}, "properties": {"record_id": "oai:u-bordeaux-montaigne.fr:340407", "symbol_class": "building", "pixel_x": 977.9, "pixel_y": 2578.0, "easting": 529705.1, "northing": 385647.7, "epsg_source": 22391}}, {"type": "Feature", "geometry": {"type": "Point", "coordinates": [10.27375, 36.77036]}, "properties": {"record_id": "oai:u-bordeaux-montaigne.fr:340407", "symbol_class": "building", "pixel_x": 1815.5, "pixel_y": 2583.7, "easting": 533308.8, "northing": 385351.1, "epsg_source": 22391}}, {"type": "Feature", "geometry": {"type": "Point", "coordinates": [10.27429, 36.77034]}, "properties": {"record_id": "oai:u-bordeaux-montaigne.fr:340407", "symbol_class": "building", "pixel_x": 1826.5, "pixel_y": 2583.4, "easting": 533356.3, "northing": 385349.1, "epsg_source": 22391}}, {"type": "Feature", "geometry": {"type": "Point", "coordinates": [10.24871, 36.77178]}, "properties": {"record_id": "oai:u-bordeaux-montaigne.fr:340407", "symbol_class": "building", "pixel_x": 1296.4, "pixel_y": 2588.5, "easting": 531072.9, "northing": 385500.1, "epsg_source": 22391}}, {"type": "Feature", "geometry": {"type": "Point", "coordinates": [10.29877, 36.76823]}, "properties": {"record_id": "oai:u-bordeaux-montaigne.fr:340407", "symbol_class": "building", "pixel_x": 2335.6, "pixel_y": 2597.6, "easting": 535542.9, "northing": 385123.4, "epsg_source": 22391}}, {"type": "Feature", "geometry": {"type": "Point", "coordinates": [10.5644, 36.75064]}, "properties": {"record_id": "oai:u-bordeaux-montaigne.fr:340407", "symbol_class": "building", "pixel_x": 7847.3, "pixel_y": 2604.3, "easting": 559264.7, "northing": 383301.4, "epsg_source": 22391}}, {"type": "Feature", "geometry": {"type": "Point", "coordinates": [10.27508, 36.76968]}, "properties": {"record_id": "oai:u-bordeaux-montaigne.fr:340407", "symbol_class": "building", "pixel_x": 1844.3, "pixel_y": 2599.2, "easting": 533427.8, "northing": 385276.6, "epsg_source": 22391}}, {"type": "Feature", "geometry": {"type": "Point", "coordinates": [10.23336, 36.77215]}, "properties": {"record_id": "oai:u-bordeaux-montaigne.fr:340407", "symbol_class": "building", "pixel_x": 979.2, "pixel_y": 2604.4, "easting": 529702.5, "northing": 385536.4, "epsg_source": 22391}}, {"type": "Feature", "geometry": {"type": "Point", "coordinates": [10.56971, 36.75017]}, "properties": {"record_id": "oai:u-bordeaux-montaigne.fr:340407", "symbol_class": "building", "pixel_x": 7957.8, "pixel_y": 2607.3, "easting": 559739.1, "northing": 383252.7, "epsg_source": 22391}}, {"type": "Feature", "geometry": {"type": "Point", "coordinates": [10.27724, 36.76918]}, "properties": {"record_id": "oai:u-bordeaux-montaigne.fr:340407", "symbol_class": "building", "pixel_x": 1889.7, "pixel_y": 2608.9, "easting": 533620.4, "northing": 385221.2, "epsg_source": 22391}}, {"type": "Feature", "geometry": {"type": "Point", "coordinates": [10.27117, 36.76957]}, "properties": {"record_id": "oai:u-bordeaux-montaigne.fr:340407", "symbol_class": "building", "pixel_x": 1763.8, "pixel_y": 2608.6, "easting": 533078.2, "northing": 385263.2, "epsg_source": 22391}}, {"type": "Feature", "geometry": {"type": "Point", "coordinates": [10.24066, 36.77147]}, "properties": {"record_id": "oai:u-bordeaux-montaigne.fr:340407", "symbol_class": "building", "pixel_x": 1131.0, "pixel_y": 2610.0, "easting": 530354.2, "northing": 385463.5, "epsg_source": 22391}}, {"type": "Feature", "geometry": {"type": "Point", "coordinates": [10.24403, 36.77124]}, "properties": {"record_id": "oai:u-bordeaux-montaigne.fr:340407", "symbol_class": "building", "pixel_x": 1200.9, "pixel_y": 2610.4, "easting": 530655.1, "northing": 385439.0, "epsg_source": 22391}}, {"type": "Feature", "geometry": {"type": "Point", "coordinates": [10.26922, 36.76956]}, "properties": {"record_id": "oai:u-bordeaux-montaigne.fr:340407", "symbol_class": "building", "pixel_x": 1723.6, "pixel_y": 2612.3, "easting": 532904.4, "northing": 385261.1, "epsg_source": 22391}}, {"type": "Feature", "geometry": {"type": "Point", "coordinates": [10.27357, 36.76914]}, "properties": {"record_id": "oai:u-bordeaux-montaigne.fr:340407", "symbol_class": "building", "pixel_x": 1814.2, "pixel_y": 2616.1, "easting": 533293.1, "northing": 385215.5, "epsg_source": 22391}}, {"type": "Feature", "geometry": {"type": "Point", "coordinates": [10.27659, 36.769]}, "properties": {"record_id": "oai:u-bordeaux-montaigne.fr:340407", "symbol_class": "building", "pixel_x": 1876.7, "pixel_y": 2614.6, "easting": 533562.6, "northing": 385201.3, "epsg_source": 22391}}, {"type": "Feature", "geometry": {"type": "Point", "coordinates": [10.27689, 36.76851]}, "properties": {"record_id": "oai:u-bordeaux-montaigne.fr:340407", "symbol_class": "building", "pixel_x": 1883.8, "pixel_y": 2626.9, "easting": 533589.4, "northing": 385147.5, "epsg_source": 22391}}, {"type": "Feature", "geometry": {"type": "Point", "coordinates": [10.27357, 36.7687]}, "properties": {"record_id": "oai:u-bordeaux-montaigne.fr:340407", "symbol_class": "building", "pixel_x": 1815.1, "pixel_y": 2627.5, "easting": 533293.3, "northing": 385167.4, "epsg_source": 22391}}, {"type": "Feature", "geometry": {"type": "Point", "coordinates": [10.25264, 36.76967]}, "properties": {"record_id": "oai:u-bordeaux-montaigne.fr:340407", "symbol_class": "building", "pixel_x": 1381.5, "pixel_y": 2637.1, "easting": 531424.1, "northing": 385267.9, "epsg_source": 22391}}, {"type": "Feature", "geometry": {"type": "Point", "coordinates": [10.5427, 36.75089]}, "properties": {"record_id": "oai:u-bordeaux-montaigne.fr:340407", "symbol_class": "building", "pixel_x": 7399.5, "pixel_y": 2635.3, "easting": 557327.2, "northing": 383316.7, "epsg_source": 22391}}, {"type": "Feature", "geometry": {"type": "Point", "coordinates": [10.55119, 36.75024]}, "properties": {"record_id": "oai:u-bordeaux-montaigne.fr:340407", "symbol_class": "building", "pixel_x": 7575.9, "pixel_y": 2637.8, "easting": 558085.8, "northing": 383249.0, "epsg_source": 22391}}, {"type": "Feature", "geometry": {"type": "Point", "coordinates": [10.27776, 36.76791]}, "properties": {"record_id": "oai:u-bordeaux-montaigne.fr:340407", "symbol_class": "building", "pixel_x": 1902.9, "pixel_y": 2641.1, "easting": 533667.1, "northing": 385081.2, "epsg_source": 22391}}, {"type": "Feature", "geometry": {"type": "Point", "coordinates": [10.25194, 36.76927]}, "properties": {"record_id": "oai:u-bordeaux-montaigne.fr:340407", "symbol_class": "building", "pixel_x": 1368.1, "pixel_y": 2648.8, "easting": 531362.7, "northing": 385223.0, "epsg_source": 22391}}, {"type": "Feature", "geometry": {"type": "Point", "coordinates": [10.27309, 36.76795]}, "properties": {"record_id": "oai:u-bordeaux-montaigne.fr:340407", "symbol_class": "building", "pixel_x": 1806.5, "pixel_y": 2647.9, "easting": 533250.1, "northing": 385084.2, "epsg_source": 22391}}, {"type": "Feature", "geometry": {"type": "Point", "coordinates": [10.27484, 36.76776]}, "properties": {"record_id": "oai:u-bordeaux-montaigne.fr:340407", "symbol_class": "building", "pixel_x": 1843.1, "pixel_y": 2650.1, "easting": 533406.6, "northing": 385063.0, "epsg_source": 22391}}, {"type": "Feature", "geometry": {"type": "Point", "coordinates": [10.27877, 36.76701]}, "properties": {"record_id": "oai:u-bordeaux-montaigne.fr:340407", "symbol_class": "building", "pixel_x": 1925.5, "pixel_y": 2663.0, "easting": 533757.5, "northing": 384981.8, "epsg_source": 22391}}, {"type": "Feature", "geometry": {"type": "Point", "coordinates": [10.27815, 36.76689]}, "properties": {"record_id": "oai:u-bordeaux-montaigne.fr:340407", "symbol_class": "building", "pixel_x": 1913.0, "pixel_y": 2667.3, "easting": 533702.4, "northing": 384967.9, "epsg_source": 22391}}, {"type": "Feature", "geometry": {"type": "Point", "coordinates": [10.27596, 36.76686]}, "properties": {"record_id": "oai:u-bordeaux-montaigne.fr:340407", "symbol_class": "building", "pixel_x": 1868.0, "pixel_y": 2671.9, "easting": 533507.3, "northing": 384963.3, "epsg_source": 22391}}, {"type": "Feature", "geometry": {"type": "Point", "coordinates": [10.2634, 36.76746]}, "properties": {"record_id": "oai:u-bordeaux-montaigne.fr:340407", "symbol_class": "building", "pixel_x": 1607.8, "pixel_y": 2677.2, "easting": 532385.5, "northing": 385025.8, "epsg_source": 22391}}, {"type": "Feature", "geometry": {"type": "Point", "coordinates": [10.27629, 36.76662]}, "properties": {"record_id": "oai:u-bordeaux-montaigne.fr:340407", "symbol_class": "building", "pixel_x": 1875.3, "pixel_y": 2677.5, "easting": 533536.7, "northing": 384937.5, "epsg_source": 22391}}, {"type": "Feature", "geometry": {"type": "Point", "coordinates": [10.26197, 36.76746]}, "properties": {"record_id": "oai:u-bordeaux-montaigne.fr:340407", "symbol_class": "building", "pixel_x": 1578.4, "pixel_y": 2679.5, "easting": 532258.4, "northing": 385025.5, "epsg_source": 22391}}, {"type": "Feature", "geometry": {"type": "Point", "coordinates": [10.27878, 36.76625]}, "properties": {"record_id": "oai:u-bordeaux-montaigne.fr:340407", "symbol_class": "building", "pixel_x": 1927.4, "pixel_y": 2682.9, "easting": 533759.3, "northing": 384897.4, "epsg_source": 22391}}, {"type": "Feature", "geometry": {"type": "Point", "coordinates": [10.55369, 36.74789]}, "properties": {"record_id": "oai:u-bordeaux-montaigne.fr:340407", "symbol_class": "building", "pixel_x": 7632.2, "pixel_y": 2695.0, "easting": 558310.4, "northing": 382990.1, "epsg_source": 22391}}, {"type": "Feature", "geometry": {"type": "Point", "coordinates": [10.25253, 36.76745]}, "properties": {"record_id": "oai:u-bordeaux-montaigne.fr:340407", "symbol_class": "building", "pixel_x": 1383.9, "pixel_y": 2695.6, "easting": 531416.0, "northing": 385021.1, "epsg_source": 22391}}, {"type": "Feature", "geometry": {"type": "Point", "coordinates": [10.5499, 36.74791]}, "properties": {"record_id": "oai:u-bordeaux-montaigne.fr:340407", "symbol_class": "building", "pixel_x": 7554.1, "pixel_y": 2700.8, "easting": 557972.5, "northing": 382990.7, "epsg_source": 22391}}, {"type": "Feature", "geometry": {"type": "Point", "coordinates": [10.27115, 36.76601]}, "properties": {"record_id": "oai:u-bordeaux-montaigne.fr:340407", "symbol_class": "building", "pixel_x": 1770.6, "pixel_y": 2702.0, "easting": 533078.3, "northing": 384868.2, "epsg_source": 22391}}, {"type": "Feature", "geometry": {"type": "Point", "coordinates": [10.24586, 36.7675]}, "properties": {"record_id": "oai:u-bordeaux-montaigne.fr:340407", "symbol_class": "building", "pixel_x": 1246.3, "pixel_y": 2705.4, "easting": 530820.6, "northing": 385024.8, "epsg_source": 22391}}, {"type": "Feature", "geometry": {"type": "Point", "coordinates": [10.24393, 36.7675]}, "properties": {"record_id": "oai:u-bordeaux-montaigne.fr:340407", "symbol_class": "building", "pixel_x": 1206.3, "pixel_y": 2708.7, "easting": 530647.7, "northing": 385024.0, "epsg_source": 22391}}, {"type": "Feature", "geometry": {"type": "Point", "coordinates": [10.24463, 36.76749]}, "properties": {"record_id": "oai:u-bordeaux-montaigne.fr:340407", "symbol_class": "building", "pixel_x": 1220.8, "pixel_y": 2707.8, "easting": 530710.3, "northing": 385022.9, "epsg_source": 22391}}, {"type": "Feature", "geometry": {"type": "Point", "coordinates": [10.24299, 36.76753]}, "properties": {"record_id": "oai:u-bordeaux-montaigne.fr:340407", "symbol_class": "building", "pixel_x": 1187.0, "pixel_y": 2709.5, "easting": 530564.0, "northing": 385026.8, "epsg_source": 22391}}, {"type": "Feature", "geometry": {"type": "Point", "coordinates": [10.27587, 36.76514]}, "properties": {"record_id": "oai:u-bordeaux-montaigne.fr:340407", "symbol_class": "building", "pixel_x": 1869.6, "pixel_y": 2716.9, "easting": 533500.0, "northing": 384773.3, "epsg_source": 22391}}, {"type": "Feature", "geometry": {"type": "Point", "coordinates": [10.25919, 36.76629]}, "properties": {"record_id": "oai:u-bordeaux-montaigne.fr:340407", "symbol_class": "building", "pixel_x": 1523.4, "pixel_y": 2714.7, "easting": 532010.7, "northing": 384895.4, "epsg_source": 22391}}, {"type": "Feature", "geometry": {"type": "Point", "coordinates": [10.24154, 36.76752]}, "properties": {"record_id": "oai:u-bordeaux-montaigne.fr:340407", "symbol_class": "building", "pixel_x": 1157.1, "pixel_y": 2711.9, "easting": 530434.7, "northing": 385026.3, "epsg_source": 22391}}, {"type": "Feature", "geometry": {"type": "Point", "coordinates": [10.26956, 36.76568]}, "properties": {"record_id": "oai:u-bordeaux-montaigne.fr:340407", "symbol_class": "building", "pixel_x": 1738.4, "pixel_y": 2713.3, "easting": 532936.4, "northing": 384831.1, "epsg_source": 22391}}, {"type": "Feature", "geometry": {"type": "Point", "coordinates": [10.24016, 36.76755]}, "properties": {"record_id": "oai:u-bordeaux-montaigne.fr:340407", "symbol_class": "building", "pixel_x": 1128.6, "pixel_y": 2713.7, "easting": 530311.3, "northing": 385028.1, "epsg_source": 22391}}, {"type": "Feature", "geometry": {"type": "Point", "coordinates": [10.23409, 36.76756]}, "properties": {"record_id": "oai:u-bordeaux-montaigne.fr:340407", "symbol_class": "building", "pixel_x": 1003.4, "pixel_y": 2723.5, "easting": 529769.4, "northing": 385027.7, "epsg_source": 22391}}, {"type": "Feature", "geometry": {"type": "Point", "coordinates": [10.5179, 36.74892]}, "properties": {"record_id": "oai:u-bordeaux-montaigne.fr:340407", "symbol_class": "building", "pixel_x": 6892.4, "pixel_y": 2730.1, "easting": 555115.0, "northing": 383083.2, "epsg_source": 22391}}, {"type": "Feature", "geometry": {"type": "Point", "coordinates": [10.25915, 36.76576]}, "properties": {"record_id": "oai:u-bordeaux-montaigne.fr:340407", "symbol_class": "building", "pixel_x": 1523.8, "pixel_y": 2728.8, "easting": 532007.6, "northing": 384835.9, "epsg_source": 22391}}, {"type": "Feature", "geometry": {"type": "Point", "coordinates": [10.27526, 36.76463]}, "properties": {"record_id": "oai:u-bordeaux-montaigne.fr:340407", "symbol_class": "building", "pixel_x": 1857.9, "pixel_y": 2731.4, "easting": 533445.2, "northing": 384716.2, "epsg_source": 22391}}, {"type": "Feature", "geometry": {"type": "Point", "coordinates": [10.51365, 36.74897]}, "properties": {"record_id": "oai:u-bordeaux-montaigne.fr:340407", "symbol_class": "building", "pixel_x": 6804.4, "pixel_y": 2735.9, "easting": 554734.6, "northing": 383087.2, "epsg_source": 22391}}, {"type": "Feature", "geometry": {"type": "Point", "coordinates": [10.27462, 36.76445]}, "properties": {"record_id": "oai:u-bordeaux-montaigne.fr:340407", "symbol_class": "building", "pixel_x": 1845.2, "pixel_y": 2737.2, "easting": 533388.7, "northing": 384696.1, "epsg_source": 22391}}, {"type": "Feature", "geometry": {"type": "Point", "coordinates": [10.25917, 36.76539]}, "properties": {"record_id": "oai:u-bordeaux-montaigne.fr:340407", "symbol_class": "building", "pixel_x": 1524.9, "pixel_y": 2738.5, "easting": 532009.5, "northing": 384794.7, "epsg_source": 22391}}, {"type": "Feature", "geometry": {"type": "Point", "coordinates": [10.23339, 36.76698]}, "properties": {"record_id": "oai:u-bordeaux-montaigne.fr:340407", "symbol_class": "building", "pixel_x": 990.1, "pixel_y": 2739.9, "easting": 529707.0, "northing": 384963.1, "epsg_source": 22391}}, {"type": "Feature", "geometry": {"type": "Point", "coordinates": [10.25653, 36.76537]}, "properties": {"record_id": "oai:u-bordeaux-montaigne.fr:340407", "symbol_class": "building", "pixel_x": 1470.3, "pixel_y": 2743.3, "easting": 531773.2, "northing": 384792.4, "epsg_source": 22391}}, {"type": "Feature", "geometry": {"type": "Point", "coordinates": [10.51748, 36.74854]}, "properties": {"record_id": "oai:u-bordeaux-montaigne.fr:340407", "symbol_class": "building", "pixel_x": 6884.4, "pixel_y": 2740.7, "easting": 555077.5, "northing": 383041.2, "epsg_source": 22391}}, {"type": "Feature", "geometry": {"type": "Point", "coordinates": [10.30456, 36.76237]}, "properties": {"record_id": "oai:u-bordeaux-montaigne.fr:340407", "symbol_class": "building", "pixel_x": 2466.5, "pixel_y": 2741.5, "easting": 536061.6, "northing": 384475.8, "epsg_source": 22391}}, {"type": "Feature", "geometry": {"type": "Point", "coordinates": [10.28504, 36.7635]}, "properties": {"record_id": "oai:u-bordeaux-montaigne.fr:340407", "symbol_class": "building", "pixel_x": 2061.8, "pixel_y": 2744.5, "easting": 534318.7, "northing": 384594.7, "epsg_source": 22391}}, {"type": "Feature", "geometry": {"type": "Point", "coordinates": [10.28165, 36.76378]}, "properties": {"record_id": "oai:u-bordeaux-montaigne.fr:340407", "symbol_class": "building", "pixel_x": 1991.4, "pixel_y": 2743.0, "easting": 534016.0, "northing": 384624.0, "epsg_source": 22391}}, {"type": "Feature", "geometry": {"type": "Point", "coordinates": [10.27639, 36.76397]}, "properties": {"record_id": "oai:u-bordeaux-montaigne.fr:340407", "symbol_class": "building", "pixel_x": 1882.7, "pixel_y": 2746.9, "easting": 533546.8, "northing": 384643.1, "epsg_source": 22391}}, {"type": "Feature", "geometry": {"type": "Point", "coordinates": [10.24784, 36.76539]}, "properties": {"record_id": "oai:u-bordeaux-montaigne.fr:340407", "symbol_class": "building", "pixel_x": 1291.3, "pixel_y": 2757.5, "easting": 530998.1, "northing": 384790.9, "epsg_source": 22391}}, {"type": "Feature", "geometry": {"type": "Point", "coordinates": [10.37141, 36.75755]}, "properties": {"record_id": "oai:u-bordeaux-montaigne.fr:340407", "symbol_class": "building", "pixel_x": 3854.5, "pixel_y": 2754.8, "easting": 542031.7, "northing": 383968.0, "epsg_source": 22391}}, {"type": "Feature", "geometry": {"type": "Point", "coordinates": [10.30532, 36.76156]}, "properties": {"record_id": "oai:u-bordeaux-montaigne.fr:340407", "symbol_class": "building", "pixel_x": 2484.0, "pixel_y": 2761.4, "easting": 536130.5, "northing": 384386.2, "epsg_source": 22391}}, {"type": "Feature", "geometry": {"type": "Point", "coordinates": [10.27032, 36.76358]}, "properties": {"record_id": "oai:u-bordeaux-montaigne.fr:340407", "symbol_class": "building", "pixel_x": 1758.2, "pixel_y": 2767.2, "easting": 533004.9, "northing": 384598.1, "epsg_source": 22391}}, {"type": "Feature", "geometry": {"type": "Point", "coordinates": [10.35747, 36.75801]}, "properties": {"record_id": "oai:u-bordeaux-montaigne.fr:340407", "symbol_class": "building", "pixel_x": 3566.2, "pixel_y": 2766.4, "easting": 540787.2, "northing": 384013.0, "epsg_source": 22391}}, {"type": "Feature", "geometry": {"type": "Point", "coordinates": [10.25915, 36.76393]}, "properties": {"record_id": "oai:u-bordeaux-montaigne.fr:340407", "symbol_class": "building", "pixel_x": 1527.2, "pixel_y": 2776.7, "easting": 532007.6, "northing": 384633.4, "epsg_source": 22391}}, {"type": "Feature", "geometry": {"type": "Point", "coordinates": [10.56643, 36.74397]}, "properties": {"record_id": "oai:u-bordeaux-montaigne.fr:340407", "symbol_class": "building", "pixel_x": 7903.1, "pixel_y": 2775.5, "easting": 559451.2, "northing": 382563.1, "epsg_source": 22391}}, {"type": "Feature", "geometry": {"type": "Point", "coordinates": [10.27732, 36.76255]}, "properties": {"record_id": "oai:u-bordeaux-montaigne.fr:340407", "symbol_class": "building", "pixel_x": 1904.6, "pixel_y": 2782.4, "easting": 533630.1, "northing": 384486.3, "epsg_source": 22391}}, {"type": "Feature", "geometry": {"type": "Point", "coordinates": [10.27037, 36.76289]}, "properties": {"record_id": "oai:u-bordeaux-montaigne.fr:340407", "symbol_class": "building", "pixel_x": 1760.7, "pixel_y": 2785.3, "easting": 533009.9, "northing": 384521.0, "epsg_source": 22391}}, {"type": "Feature", "geometry": {"type": "Point", "coordinates": [10.28026, 36.76242]}, "properties": {"record_id": "oai:u-bordeaux-montaigne.fr:340407", "symbol_class": "building", "pixel_x": 1965.5, "pixel_y": 2780.9, "easting": 533892.9, "northing": 384473.1, "epsg_source": 22391}}, {"type": "Feature", "geometry": {"type": "Point", "coordinates": [10.281, 36.76232]}, "properties": {"record_id": "oai:u-bordeaux-montaigne.fr:340407", "symbol_class": "building", "pixel_x": 1981.0, "pixel_y": 2782.2, "easting": 533959.2, "northing": 384462.4, "epsg_source": 22391}}, {"type": "Feature", "geometry": {"type": "Point", "coordinates": [10.2518, 36.76377]}, "properties": {"record_id": "oai:u-bordeaux-montaigne.fr:340407", "symbol_class": "building", "pixel_x": 1376.0, "pixel_y": 2793.3, "easting": 531351.7, "northing": 384612.9, "epsg_source": 22391}}, {"type": "Feature", "geometry": {"type": "Point", "coordinates": [10.30403, 36.75988]}, "properties": {"record_id": "oai:u-bordeaux-montaigne.fr:340407", "symbol_class": "building", "pixel_x": 2460.8, "pixel_y": 2807.5, "easting": 536016.2, "northing": 384199.9, "epsg_source": 22391}}, {"type": "Feature", "geometry": {"type": "Point", "coordinates": [10.29453, 36.76057]}, "properties": {"record_id": "oai:u-bordeaux-montaigne.fr:340407", "symbol_class": "building", "pixel_x": 2263.5, "pixel_y": 2805.5, "easting": 535167.7, "northing": 384272.5, "epsg_source": 22391}}, {"type": "Feature", "geometry": {"type": "Point", "coordinates": [10.56238, 36.74274]}, "properties": {"record_id": "oai:u-bordeaux-montaigne.fr:340407", "symbol_class": "building", "pixel_x": 7822.1, "pixel_y": 2814.7, "easting": 559090.4, "northing": 382424.5, "epsg_source": 22391}}, {"type": "Feature", "geometry": {"type": "Point", "coordinates": [10.24786, 36.76268]}, "properties": {"record_id": "oai:u-bordeaux-montaigne.fr:340407", "symbol_class": "building", "pixel_x": 1297.0, "pixel_y": 2828.4, "easting": 531000.3, "northing": 384490.8, "epsg_source": 22391}}, {"type": "Feature", "geometry": {"type": "Point", "coordinates": [10.27973, 36.7605]}, "properties": {"record_id": "oai:u-bordeaux-montaigne.fr:340407", "symbol_class": "building", "pixel_x": 1958.5, "pixel_y": 2832.3, "easting": 533846.7, "northing": 384259.1, "epsg_source": 22391}}, {"type": "Feature", "geometry": {"type": "Point", "coordinates": [10.36027, 36.75486]}, "properties": {"record_id": "oai:u-bordeaux-montaigne.fr:340407", "symbol_class": "building", "pixel_x": 3630.2, "pixel_y": 2844.2, "easting": 541038.3, "northing": 383664.9, "epsg_source": 22391}}, {"type": "Feature", "geometry": {"type": "Point", "coordinates": [10.30404, 36.75848]}, "properties": {"record_id": "oai:u-bordeaux-montaigne.fr:340407", "symbol_class": "building", "pixel_x": 2463.8, "pixel_y": 2844.2, "easting": 536017.7, "northing": 384044.5, "epsg_source": 22391}}, {"type": "Feature", "geometry": {"type": "Point", "coordinates": [10.30932, 36.75824]}, "properties": {"record_id": "oai:u-bordeaux-montaigne.fr:340407", "symbol_class": "building", "pixel_x": 2573.1, "pixel_y": 2841.8, "easting": 536489.0, "northing": 384019.0, "epsg_source": 22391}}, {"type": "Feature", "geometry": {"type": "Point", "coordinates": [10.26752, 36.76095]}, "properties": {"record_id": "oai:u-bordeaux-montaigne.fr:340407", "symbol_class": "building", "pixel_x": 1705.7, "pixel_y": 2840.7, "easting": 532756.0, "northing": 384305.8, "epsg_source": 22391}}, {"type": "Feature", "geometry": {"type": "Point", "coordinates": [10.27992, 36.76]}, "properties": {"record_id": "oai:u-bordeaux-montaigne.fr:340407", "symbol_class": "building", "pixel_x": 1963.4, "pixel_y": 2845.0, "easting": 533863.7, "northing": 384204.2, "epsg_source": 22391}}, {"type": "Feature", "geometry": {"type": "Point", "coordinates": [10.30612, 36.75828]}, "properties": {"record_id": "oai:u-bordeaux-montaigne.fr:340407", "symbol_class": "building", "pixel_x": 2507.1, "pixel_y": 2846.1, "easting": 536203.4, "northing": 384022.4, "epsg_source": 22391}}, {"type": "Feature", "geometry": {"type": "Point", "coordinates": [10.30442, 36.75828]}, "properties": {"record_id": "oai:u-bordeaux-montaigne.fr:340407", "symbol_class": "building", "pixel_x": 2471.9, "pixel_y": 2849.0, "easting": 536051.2, "northing": 384021.9, "epsg_source": 22391}}, {"type": "Feature", "geometry": {"type": "Point", "coordinates": [10.30963, 36.75777]}, "properties": {"record_id": "oai:u-bordeaux-montaigne.fr:340407", "symbol_class": "building", "pixel_x": 2580.5, "pixel_y": 2853.6, "easting": 536517.0, "northing": 383967.1, "epsg_source": 22391}}, {"type": "Feature", "geometry": {"type": "Point", "coordinates": [10.29826, 36.75828]}, "properties": {"record_id": "oai:u-bordeaux-montaigne.fr:340407", "symbol_class": "building", "pixel_x": 2344.9, "pixel_y": 2859.3, "easting": 535501.2, "northing": 384019.6, "epsg_source": 22391}}, {"type": "Feature", "geometry": {"type": "Point", "coordinates": [10.28427, 36.75877]}, "properties": {"record_id": "oai:u-bordeaux-montaigne.fr:340407", "symbol_class": "building", "pixel_x": 2055.6, "pixel_y": 2869.9, "easting": 534252.7, "northing": 384069.3, "epsg_source": 22391}}, {"type": "Feature", "geometry": {"type": "Point", "coordinates": [10.57317, 36.73985]}, "properties": {"record_id": "oai:u-bordeaux-montaigne.fr:340407", "symbol_class": "building", "pixel_x": 8050.5, "pixel_y": 2871.7, "easting": 560055.4, "northing": 382110.5, "epsg_source": 22391}}, {"type": "Feature", "geometry": {"type": "Point", "coordinates": [10.30973, 36.75703]}, "properties": {"record_id": "oai:u-bordeaux-montaigne.fr:340407", "symbol_class": "building", "pixel_x": 2583.9, "pixel_y": 2872.7, "easting": 536525.6, "northing": 383885.5, "epsg_source": 22391}}, {"type": "Feature", "geometry": {"type": "Point", "coordinates": [10.29282, 36.75801]}, "properties": {"record_id": "oai:u-bordeaux-montaigne.fr:340407", "symbol_class": "building", "pixel_x": 2233.3, "pixel_y": 2875.6, "easting": 535015.7, "northing": 383987.4, "epsg_source": 22391}}, {"type": "Feature", "geometry": {"type": "Point", "coordinates": [10.28468, 36.75832]}, "properties": {"record_id": "oai:u-bordeaux-montaigne.fr:340407", "symbol_class": "building", "pixel_x": 2064.9, "pixel_y": 2881.0, "easting": 534289.3, "northing": 384019.7, "epsg_source": 22391}}, {"type": "Feature", "geometry": {"type": "Point", "coordinates": [10.28156, 36.75836]}, "properties": {"record_id": "oai:u-bordeaux-montaigne.fr:340407", "symbol_class": "building", "pixel_x": 2000.5, "pixel_y": 2885.2, "easting": 534010.8, "northing": 384022.7, "epsg_source": 22391}}, {"type": "Feature", "geometry": {"type": "Point", "coordinates": [10.28021, 36.75834]}, "properties": {"record_id": "oai:u-bordeaux-montaigne.fr:340407", "symbol_class": "building", "pixel_x": 1972.7, "pixel_y": 2888.1, "easting": 533890.0, "northing": 384019.8, "epsg_source": 22391}}, {"type": "Feature", "geometry": {"type": "Point", "coordinates": [10.25918, 36.75942]}, "properties": {"record_id": "oai:u-bordeaux-montaigne.fr:340407", "symbol_class": "building", "pixel_x": 1536.9, "pixel_y": 2894.8, "easting": 532012.2, "northing": 384133.3, "epsg_source": 22391}}, {"type": "Feature", "geometry": {"type": "Point", "coordinates": [10.27465, 36.75835]}, "properties": {"record_id": "oai:u-bordeaux-montaigne.fr:340407", "symbol_class": "building", "pixel_x": 1858.1, "pixel_y": 2897.0, "easting": 533394.3, "northing": 384019.4, "epsg_source": 22391}}, {"type": "Feature", "geometry": {"type": "Point", "coordinates": [10.52865, 36.74159]}, "properties": {"record_id": "oai:u-bordeaux-montaigne.fr:340407", "symbol_class": "building", "pixel_x": 7129.0, "pixel_y": 2903.5, "easting": 556079.3, "northing": 382276.6, "epsg_source": 22391}}, {"type": "Feature", "geometry": {"type": "Point", "coordinates": [10.26859, 36.75835]}, "properties": {"record_id": "oai:u-bordeaux-montaigne.fr:340407", "symbol_class": "building", "pixel_x": 1733.0, "pixel_y": 2907.2, "easting": 532852.5, "northing": 384017.3, "epsg_source": 22391}}, {"type": "Feature", "geometry": {"type": "Point", "coordinates": [10.28175, 36.75742]}, "properties": {"record_id": "oai:u-bordeaux-montaigne.fr:340407", "symbol_class": "building", "pixel_x": 2006.3, "pixel_y": 2909.4, "easting": 534028.2, "northing": 383919.0, "epsg_source": 22391}}, {"type": "Feature", "geometry": {"type": "Point", "coordinates": [10.56406, 36.7388]}, "properties": {"record_id": "oai:u-bordeaux-montaigne.fr:340407", "symbol_class": "building", "pixel_x": 7864.9, "pixel_y": 2915.1, "easting": 559243.0, "northing": 381988.3, "epsg_source": 22391}}, {"type": "Feature", "geometry": {"type": "Point", "coordinates": [10.31266, 36.75499]}, "properties": {"record_id": "oai:u-bordeaux-montaigne.fr:340407", "symbol_class": "building", "pixel_x": 2648.5, "pixel_y": 2921.4, "easting": 536788.4, "northing": 383659.8, "epsg_source": 22391}}, {"type": "Feature", "geometry": {"type": "Point", "coordinates": [10.27661, 36.75724]}, "properties": {"record_id": "oai:u-bordeaux-montaigne.fr:340407", "symbol_class": "building", "pixel_x": 1900.6, "pixel_y": 2922.8, "easting": 533569.2, "northing": 383897.2, "epsg_source": 22391}}, {"type": "Feature", "geometry": {"type": "Point", "coordinates": [10.31355, 36.75485]}, "properties": {"record_id": "oai:u-bordeaux-montaigne.fr:340407", "symbol_class": "building", "pixel_x": 2667.1, "pixel_y": 2923.4, "easting": 536867.8, "northing": 383645.4, "epsg_source": 22391}}, {"type": "Feature", "geometry": {"type": "Point", "coordinates": [10.48996, 36.74332]}, "properties": {"record_id": "oai:u-bordeaux-montaigne.fr:340407", "symbol_class": "building", "pixel_x": 6327.7, "pixel_y": 2925.0, "easting": 552623.6, "northing": 382447.0, "epsg_source": 22391}}, {"type": "Feature", "geometry": {"type": "Point", "coordinates": [10.25727, 36.75834]}, "properties": {"record_id": "oai:u-bordeaux-montaigne.fr:340407", "symbol_class": "building", "pixel_x": 1499.6, "pixel_y": 2926.4, "easting": 531842.0, "northing": 384012.6, "epsg_source": 22391}}, {"type": "Feature", "geometry": {"type": "Point", "coordinates": [10.27615, 36.75679]}, "properties": {"record_id": "oai:u-bordeaux-montaigne.fr:340407", "symbol_class": "building", "pixel_x": 1892.1, "pixel_y": 2935.5, "easting": 533528.5, "northing": 383846.6, "epsg_source": 22391}}, {"type": "Feature", "geometry": {"type": "Point", "coordinates": [10.31429, 36.75421]}, "properties": {"record_id": "oai:u-bordeaux-montaigne.fr:340407", "symbol_class": "building", "pixel_x": 2683.6, "pixel_y": 2938.9, "easting": 536934.0, "northing": 383574.6, "epsg_source": 22391}}, {"type": "Feature", "geometry": {"type": "Point", "coordinates": [10.48857, 36.74291]}, "properties": {"record_id": "oai:u-bordeaux-montaigne.fr:340407", "symbol_class": "building", "pixel_x": 6300.0, "pixel_y": 2938.3, "easting": 552500.1, "northing": 382400.2, "epsg_source": 22391}}, {"type": "Feature", "geometry": {"type": "Point", "coordinates": [10.48925, 36.74287]}, "properties": {"record_id": "oai:u-bordeaux-montaigne.fr:340407", "symbol_class": "building", "pixel_x": 6314.1, "pixel_y": 2937.9, "easting": 552561.1, "northing": 382397.0, "epsg_source": 22391}}, {"type": "Feature", "geometry": {"type": "Point", "coordinates": [10.29063, 36.75555]}, "properties": {"record_id": "oai:u-bordeaux-montaigne.fr:340407", "symbol_class": "building", "pixel_x": 2193.1, "pixel_y": 2943.8, "easting": 534821.6, "northing": 383713.8, "epsg_source": 22391}}, {"type": "Feature", "geometry": {"type": "Point", "coordinates": [10.31379, 36.75397]}, "properties": {"record_id": "oai:u-bordeaux-montaigne.fr:340407", "symbol_class": "building", "pixel_x": 2673.9, "pixel_y": 2946.1, "easting": 536890.2, "northing": 383547.7, "epsg_source": 22391}}, {"type": "Feature", "geometry": {"type": "Point", "coordinates": [10.24738, 36.75837]}, "properties": {"record_id": "oai:u-bordeaux-montaigne.fr:340407", "symbol_class": "building", "pixel_x": 1295.8, "pixel_y": 2942.1, "easting": 530960.0, "northing": 384012.9, "epsg_source": 22391}}, {"type": "Feature", "geometry": {"type": "Point", "coordinates": [10.24389, 36.75839]}, "properties": {"record_id": "oai:u-bordeaux-montaigne.fr:340407", "symbol_class": "building", "pixel_x": 1223.7, "pixel_y": 2947.6, "easting": 530647.8, "northing": 384013.4, "epsg_source": 22391}}, {"type": "Feature", "geometry": {"type": "Point", "coordinates": [10.2427, 36.7584]}, "properties": {"record_id": "oai:u-bordeaux-montaigne.fr:340407", "symbol_class": "building", "pixel_x": 1199.3, "pixel_y": 2949.3, "easting": 530542.1, "northing": 384014.2, "epsg_source": 22391}}, {"type": "Feature", "geometry": {"type": "Point", "coordinates": [10.23842, 36.75841]}, "properties": {"record_id": "oai:u-bordeaux-montaigne.fr:340407", "symbol_class": "building", "pixel_x": 1111.0, "pixel_y": 2956.1, "easting": 530159.9, "northing": 384014.1, "epsg_source": 22391}}, {"type": "Feature", "geometry": {"type": "Point", "coordinates": [10.58124, 36.73589]}, "properties": {"record_id": "oai:u-bordeaux-montaigne.fr:340407", "symbol_class": "building", "pixel_x": 8225.3, "pixel_y": 2961.6, "easting": 560779.7, "northing": 381675.3, "epsg_source": 22391}}, {"type": "Feature", "geometry": {"type": "Point", "coordinates": [10.30946, 36.7534]}, "properties": {"record_id": "oai:u-bordeaux-montaigne.fr:340407", "symbol_class": "building", "pixel_x": 2585.7, "pixel_y": 2968.3, "easting": 536503.8, "northing": 383483.0, "epsg_source": 22391}}, {"type": "Feature", "geometry": {"type": "Point", "coordinates": [10.30857, 36.75339]}, "properties": {"record_id": "oai:u-bordeaux-montaigne.fr:340407", "symbol_class": "building", "pixel_x": 2567.3, "pixel_y": 2970.2, "easting": 536424.0, "northing": 383481.0, "epsg_source": 22391}}, {"type": "Feature", "geometry": {"type": "Point", "coordinates": [10.28687, 36.75488]}, "properties": {"record_id": "oai:u-bordeaux-montaigne.fr:340407", "symbol_class": "building", "pixel_x": 2116.9, "pixel_y": 2967.6, "easting": 534486.0, "northing": 383638.5, "epsg_source": 22391}}, {"type": "Feature", "geometry": {"type": "Point", "coordinates": [10.37148, 36.74928]}, "properties": {"record_id": "oai:u-bordeaux-montaigne.fr:340407", "symbol_class": "building", "pixel_x": 3872.8, "pixel_y": 2971.5, "easting": 542042.5, "northing": 383050.6, "epsg_source": 22391}}, {"type": "Feature", "geometry": {"type": "Point", "coordinates": [10.52819, 36.73908]}, "properties": {"record_id": "oai:u-bordeaux-montaigne.fr:340407", "symbol_class": "building", "pixel_x": 7124.7, "pixel_y": 2970.1, "easting": 556040.0, "northing": 381997.8, "epsg_source": 22391}}, {"type": "Feature", "geometry": {"type": "Point", "coordinates": [10.24887, 36.75693]}, "properties": {"record_id": "oai:u-bordeaux-montaigne.fr:340407", "symbol_class": "building", "pixel_x": 1329.4, "pixel_y": 2977.4, "easting": 531093.4, "northing": 383853.3, "epsg_source": 22391}}, {"type": "Feature", "geometry": {"type": "Point", "coordinates": [10.2817, 36.75484]}, "properties": {"record_id": "oai:u-bordeaux-montaigne.fr:340407", "symbol_class": "building", "pixel_x": 2010.4, "pixel_y": 2977.4, "easting": 534024.5, "northing": 383631.9, "epsg_source": 22391}}, {"type": "Feature", "geometry": {"type": "Point", "coordinates": [10.30962, 36.75296]}, "properties": {"record_id": "oai:u-bordeaux-montaigne.fr:340407", "symbol_class": "building", "pixel_x": 2589.8, "pixel_y": 2979.6, "easting": 536517.8, "northing": 383434.0, "epsg_source": 22391}}, {"type": "Feature", "geometry": {"type": "Point", "coordinates": [10.24987, 36.75657]}, "properties": {"record_id": "oai:u-bordeaux-montaigne.fr:340407", "symbol_class": "building", "pixel_x": 1350.6, "pixel_y": 2985.2, "easting": 531182.1, "northing": 383814.0, "epsg_source": 22391}}, {"type": "Feature", "geometry": {"type": "Point", "coordinates": [10.3088, 36.75277]}, "properties": {"record_id": "oai:u-bordeaux-montaigne.fr:340407", "symbol_class": "building", "pixel_x": 2573.3, "pixel_y": 2986.0, "easting": 536444.7, "northing": 383412.4, "epsg_source": 22391}}, {"type": "Feature", "geometry": {"type": "Point", "coordinates": [10.24931, 36.75621]}, "properties": {"record_id": "oai:u-bordeaux-montaigne.fr:340407", "symbol_class": "building", "pixel_x": 1339.9, "pixel_y": 2995.6, "easting": 531132.9, "northing": 383773.5, "epsg_source": 22391}}, {"type": "Feature", "geometry": {"type": "Point", "coordinates": [10.52865, 36.73778]}, "properties": {"record_id": "oai:u-bordeaux-montaigne.fr:340407", "symbol_class": "building", "pixel_x": 7137.0, "pixel_y": 3003.2, "easting": 556082.6, "northing": 381854.5, "epsg_source": 22391}}, {"type": "Feature", "geometry": {"type": "Point", "coordinates": [10.24635, 36.75603]}, "properties": {"record_id": "oai:u-bordeaux-montaigne.fr:340407", "symbol_class": "building", "pixel_x": 1279.3, "pixel_y": 3005.2, "easting": 530868.9, "northing": 383752.7, "epsg_source": 22391}}, {"type": "Feature", "geometry": {"type": "Point", "coordinates": [10.25174, 36.75559]}, "properties": {"record_id": "oai:u-bordeaux-montaigne.fr:340407", "symbol_class": "building", "pixel_x": 1391.1, "pixel_y": 3007.8, "easting": 531349.6, "northing": 383705.6, "epsg_source": 22391}}, {"type": "Feature", "geometry": {"type": "Point", "coordinates": [10.31025, 36.75194]}, "properties": {"record_id": "oai:u-bordeaux-montaigne.fr:340407", "symbol_class": "building", "pixel_x": 2604.9, "pixel_y": 3005.3, "easting": 536574.6, "northing": 383321.2, "epsg_source": 22391}}, {"type": "Feature", "geometry": {"type": "Point", "coordinates": [10.50584, 36.73921]}, "properties": {"record_id": "oai:u-bordeaux-montaigne.fr:340407", "symbol_class": "building", "pixel_x": 6663.6, "pixel_y": 3005.4, "easting": 554044.3, "northing": 381999.6, "epsg_source": 22391}}, {"type": "Feature", "geometry": {"type": "Point", "coordinates": [10.53986, 36.73682]}, "properties": {"record_id": "oai:u-bordeaux-montaigne.fr:340407", "symbol_class": "building", "pixel_x": 7370.1, "pixel_y": 3009.1, "easting": 557083.9, "northing": 381754.1, "epsg_source": 22391}}, {"type": "Feature", "geometry": {"type": "Point", "coordinates": [10.30887, 36.75181]}, "properties": {"record_id": "oai:u-bordeaux-montaigne.fr:340407", "symbol_class": "building", "pixel_x": 2576.8, "pixel_y": 3011.1, "easting": 536451.8, "northing": 383305.8, "epsg_source": 22391}}, {"type": "Feature", "geometry": {"type": "Point", "coordinates": [10.3099, 36.75167]}, "properties": {"record_id": "oai:u-bordeaux-montaigne.fr:340407", "symbol_class": "building", "pixel_x": 2598.2, "pixel_y": 3012.9, "easting": 536543.6, "northing": 383291.0, "epsg_source": 22391}}, {"type": "Feature", "geometry": {"type": "Point", "coordinates": [10.3093, 36.75145]}, "properties": {"record_id": "oai:u-bordeaux-montaigne.fr:340407", "symbol_class": "building", "pixel_x": 2586.3, "pixel_y": 3019.7, "easting": 536490.3, "northing": 383266.3, "epsg_source": 22391}}, {"type": "Feature", "geometry": {"type": "Point", "coordinates": [10.31029, 36.75139]}, "properties": {"record_id": "oai:u-bordeaux-montaigne.fr:340407", "symbol_class": "building", "pixel_x": 2606.9, "pixel_y": 3019.6, "easting": 536578.7, "northing": 383260.1, "epsg_source": 22391}}, {"type": "Feature", "geometry": {"type": "Point", "coordinates": [10.53988, 36.73579]}, "properties": {"record_id": "oai:u-bordeaux-montaigne.fr:340407", "symbol_class": "building", "pixel_x": 7372.6, "pixel_y": 3036.0, "easting": 557086.2, "northing": 381639.9, "epsg_source": 22391}}, {"type": "Feature", "geometry": {"type": "Point", "coordinates": [10.24859, 36.75482]}, "properties": {"record_id": "oai:u-bordeaux-montaigne.fr:340407", "symbol_class": "building", "pixel_x": 1327.7, "pixel_y": 3033.3, "easting": 531068.7, "northing": 383619.0, "epsg_source": 22391}}, {"type": "Feature", "geometry": {"type": "Point", "coordinates": [10.33741, 36.7491]}, "properties": {"record_id": "oai:u-bordeaux-montaigne.fr:340407", "symbol_class": "building", "pixel_x": 3170.7, "pixel_y": 3034.0, "easting": 539001.1, "northing": 383016.1, "epsg_source": 22391}}, {"type": "Feature", "geometry": {"type": "Point", "coordinates": [10.25114, 36.75438]}, "properties": {"record_id": "oai:u-bordeaux-montaigne.fr:340407", "symbol_class": "building", "pixel_x": 1381.3, "pixel_y": 3040.6, "easting": 531297.2, "northing": 383570.9, "epsg_source": 22391}}, {"type": "Feature", "geometry": {"type": "Point", "coordinates": [10.30792, 36.75038]}, "properties": {"record_id": "oai:u-bordeaux-montaigne.fr:340407", "symbol_class": "building", "pixel_x": 2559.9, "pixel_y": 3050.0, "easting": 536367.1, "northing": 383147.5, "epsg_source": 22391}}, {"type": "Feature", "geometry": {"type": "Point", "coordinates": [10.32352, 36.74917]}, "properties": {"record_id": "oai:u-bordeaux-montaigne.fr:340407", "symbol_class": "building", "pixel_x": 2884.0, "pixel_y": 3055.5, "easting": 537760.3, "northing": 383019.0, "epsg_source": 22391}}, {"type": "Feature", "geometry": {"type": "Point", "coordinates": [10.29127, 36.75119]}, "properties": {"record_id": "oai:u-bordeaux-montaigne.fr:340407", "symbol_class": "building", "pixel_x": 2215.0, "pixel_y": 3057.0, "easting": 534880.4, "northing": 383230.4, "epsg_source": 22391}}, {"type": "Feature", "geometry": {"type": "Point", "coordinates": [10.30785, 36.74996]}, "properties": {"record_id": "oai:u-bordeaux-montaigne.fr:340407", "symbol_class": "building", "pixel_x": 2559.5, "pixel_y": 3061.2, "easting": 536361.8, "northing": 383100.4, "epsg_source": 22391}}, {"type": "Feature", "geometry": {"type": "Point", "coordinates": [10.25915, 36.7525]}, "properties": {"record_id": "oai:u-bordeaux-montaigne.fr:340407", "symbol_class": "building", "pixel_x": 1550.1, "pixel_y": 3076.6, "easting": 532012.2, "northing": 383364.5, "epsg_source": 22391}}, {"type": "Feature", "geometry": {"type": "Point", "coordinates": [10.26206, 36.75225]}, "properties": {"record_id": "oai:u-bordeaux-montaigne.fr:340407", "symbol_class": "building", "pixel_x": 1610.7, "pixel_y": 3078.2, "easting": 532272.5, "northing": 383337.7, "epsg_source": 22391}}, {"type": "Feature", "geometry": {"type": "Point", "coordinates": [10.28762, 36.75067]}, "properties": {"record_id": "oai:u-bordeaux-montaigne.fr:340407", "symbol_class": "building", "pixel_x": 2140.8, "pixel_y": 3076.6, "easting": 534555.0, "northing": 383172.2, "epsg_source": 22391}}, {"type": "Feature", "geometry": {"type": "Point", "coordinates": [10.31066, 36.74864]}, "properties": {"record_id": "oai:u-bordeaux-montaigne.fr:340407", "symbol_class": "building", "pixel_x": 2620.0, "pixel_y": 3091.2, "easting": 536613.0, "northing": 382954.7, "epsg_source": 22391}}, {"type": "Feature", "geometry": {"type": "Point", "coordinates": [10.30152, 36.7493]}, "properties": {"record_id": "oai:u-bordeaux-montaigne.fr:340407", "symbol_class": "building", "pixel_x": 2430.2, "pixel_y": 3089.1, "easting": 535796.4, "northing": 383025.2, "epsg_source": 22391}}, {"type": "Feature", "geometry": {"type": "Point", "coordinates": [10.30597, 36.74892]}, "properties": {"record_id": "oai:u-bordeaux-montaigne.fr:340407", "symbol_class": "building", "pixel_x": 2522.7, "pixel_y": 3091.6, "easting": 536193.9, "northing": 382984.6, "epsg_source": 22391}}, {"type": "Feature", "geometry": {"type": "Point", "coordinates": [10.30715, 36.7488]}, "properties": {"record_id": "oai:u-bordeaux-montaigne.fr:340407", "symbol_class": "building", "pixel_x": 2547.3, "pixel_y": 3093.0, "easting": 536299.4, "northing": 382970.9, "epsg_source": 22391}}, {"type": "Feature", "geometry": {"type": "Point", "coordinates": [10.30651, 36.74883]}, "properties": {"record_id": "oai:u-bordeaux-montaigne.fr:340407", "symbol_class": "building", "pixel_x": 2534.0, "pixel_y": 3093.2, "easting": 536242.3, "northing": 382974.4, "epsg_source": 22391}}, {"type": "Feature", "geometry": {"type": "Point", "coordinates": [10.29696, 36.74935]}, "properties": {"record_id": "oai:u-bordeaux-montaigne.fr:340407", "symbol_class": "building", "pixel_x": 2336.0, "pixel_y": 3095.7, "easting": 535389.1, "northing": 383028.3, "epsg_source": 22391}}, {"type": "Feature", "geometry": {"type": "Point", "coordinates": [10.31128, 36.74834]}, "properties": {"record_id": "oai:u-bordeaux-montaigne.fr:340407", "symbol_class": "building", "pixel_x": 2633.5, "pixel_y": 3097.9, "easting": 536668.7, "northing": 382922.3, "epsg_source": 22391}}, {"type": "Feature", "geometry": {"type": "Point", "coordinates": [10.30916, 36.74833]}, "properties": {"record_id": "oai:u-bordeaux-montaigne.fr:340407", "symbol_class": "building", "pixel_x": 2589.8, "pixel_y": 3101.8, "easting": 536479.5, "northing": 382920.1, "epsg_source": 22391}}, {"type": "Feature", "geometry": {"type": "Point", "coordinates": [10.4909, 36.7365]}, "properties": {"record_id": "oai:u-bordeaux-montaigne.fr:340407", "symbol_class": "building", "pixel_x": 6361.2, "pixel_y": 3102.3, "easting": 552712.2, "northing": 381690.4, "epsg_source": 22391}}, {"type": "Feature", "geometry": {"type": "Point", "coordinates": [10.30683, 36.74844]}, "properties": {"record_id": "oai:u-bordeaux-montaigne.fr:340407", "symbol_class": "building", "pixel_x": 2541.5, "pixel_y": 3102.9, "easting": 536271.2, "northing": 382931.1, "epsg_source": 22391}}, {"type": "Feature", "geometry": {"type": "Point", "coordinates": [10.53986, 36.733]}, "properties": {"record_id": "oai:u-bordeaux-montaigne.fr:340407", "symbol_class": "building", "pixel_x": 7377.9, "pixel_y": 3109.1, "easting": 557086.4, "northing": 381330.6, "epsg_source": 22391}}, {"type": "Feature", "geometry": {"type": "Point", "coordinates": [10.44317, 36.73962]}, "properties": {"record_id": "oai:u-bordeaux-montaigne.fr:340407", "symbol_class": "building", "pixel_x": 5370.7, "pixel_y": 3102.5, "easting": 548449.0, "northing": 382011.8, "epsg_source": 22391}}, {"type": "Feature", "geometry": {"type": "Point", "coordinates": [10.24661, 36.75208]}, "properties": {"record_id": "oai:u-bordeaux-montaigne.fr:340407", "symbol_class": "building", "pixel_x": 1292.3, "pixel_y": 3108.4, "easting": 530893.0, "northing": 383314.5, "epsg_source": 22391}}, {"type": "Feature", "geometry": {"type": "Point", "coordinates": [10.2689, 36.75074]}, "properties": {"record_id": "oai:u-bordeaux-montaigne.fr:340407", "symbol_class": "building", "pixel_x": 1754.8, "pixel_y": 3106.2, "easting": 532884.1, "northing": 383173.1, "epsg_source": 22391}}, {"type": "Feature", "geometry": {"type": "Point", "coordinates": [10.29519, 36.74899]}, "properties": {"record_id": "oai:u-bordeaux-montaigne.fr:340407", "symbol_class": "building", "pixel_x": 2300.3, "pixel_y": 3108.0, "easting": 535231.7, "northing": 382988.0, "epsg_source": 22391}}, {"type": "Feature", "geometry": {"type": "Point", "coordinates": [10.26525, 36.7507]}, "properties": {"record_id": "oai:u-bordeaux-montaigne.fr:340407", "symbol_class": "building", "pixel_x": 1679.5, "pixel_y": 3113.5, "easting": 532557.8, "northing": 383166.9, "epsg_source": 22391}}, {"type": "Feature", "geometry": {"type": "Point", "coordinates": [10.29582, 36.74875]}, "properties": {"record_id": "oai:u-bordeaux-montaigne.fr:340407", "symbol_class": "building", "pixel_x": 2313.8, "pixel_y": 3113.2, "easting": 535288.1, "northing": 382962.0, "epsg_source": 22391}}, {"type": "Feature", "geometry": {"type": "Point", "coordinates": [10.30887, 36.74764]}, "properties": {"record_id": "oai:u-bordeaux-montaigne.fr:340407", "symbol_class": "building", "pixel_x": 2585.1, "pixel_y": 3120.3, "easting": 536453.4, "northing": 382843.8, "epsg_source": 22391}}, {"type": "Feature", "geometry": {"type": "Point", "coordinates": [10.29655, 36.74842]}, "properties": {"record_id": "oai:u-bordeaux-montaigne.fr:340407", "symbol_class": "building", "pixel_x": 2329.5, "pixel_y": 3120.6, "easting": 535353.5, "northing": 382925.5, "epsg_source": 22391}}, {"type": "Feature", "geometry": {"type": "Point", "coordinates": [10.26667, 36.75008]}, "properties": {"record_id": "oai:u-bordeaux-montaigne.fr:340407", "symbol_class": "building", "pixel_x": 1710.0, "pixel_y": 3127.3, "easting": 532684.9, "northing": 383099.0, "epsg_source": 22391}}, {"type": "Feature", "geometry": {"type": "Point", "coordinates": [10.29701, 36.74822]}, "properties": {"record_id": "oai:u-bordeaux-montaigne.fr:340407", "symbol_class": "building", "pixel_x": 2339.4, "pixel_y": 3125.1, "easting": 535394.5, "northing": 382903.5, "epsg_source": 22391}}, {"type": "Feature", "geometry": {"type": "Point", "coordinates": [10.30817, 36.74726]}, "properties": {"record_id": "oai:u-bordeaux-montaigne.fr:340407", "symbol_class": "building", "pixel_x": 2571.4, "pixel_y": 3131.5, "easting": 536391.0, "northing": 382800.9, "epsg_source": 22391}}, {"type": "Feature", "geometry": {"type": "Point", "coordinates": [10.30653, 36.74719]}, "properties": {"record_id": "oai:u-bordeaux-montaigne.fr:340407", "symbol_class": "building", "pixel_x": 2537.8, "pixel_y": 3136.0, "easting": 536245.1, "northing": 382793.0, "epsg_source": 22391}}, {"type": "Feature", "geometry": {"type": "Point", "coordinates": [10.25087, 36.75085]}, "properties": {"record_id": "oai:u-bordeaux-montaigne.fr:340407", "symbol_class": "building", "pixel_x": 1382.7, "pixel_y": 3133.7, "easting": 531273.8, "northing": 383178.9, "epsg_source": 22391}}, {"type": "Feature", "geometry": {"type": "Point", "coordinates": [10.30987, 36.74688]}, "properties": {"record_id": "oai:u-bordeaux-montaigne.fr:340407", "symbol_class": "building", "pixel_x": 2607.3, "pixel_y": 3138.6, "easting": 536543.4, "northing": 382759.6, "epsg_source": 22391}}, {"type": "Feature", "geometry": {"type": "Point", "coordinates": [10.26503, 36.74973]}, "properties": {"record_id": "oai:u-bordeaux-montaigne.fr:340407", "symbol_class": "building", "pixel_x": 1676.9, "pixel_y": 3139.1, "easting": 532538.4, "northing": 383060.2, "epsg_source": 22391}}, {"type": "Feature", "geometry": {"type": "Point", "coordinates": [10.3047, 36.74722]}, "properties": {"record_id": "oai:u-bordeaux-montaigne.fr:340407", "symbol_class": "building", "pixel_x": 2500.0, "pixel_y": 3138.5, "easting": 536081.6, "northing": 382794.8, "epsg_source": 22391}}, {"type": "Feature", "geometry": {"type": "Point", "coordinates": [10.5749, 36.72962]}, "properties": {"record_id": "oai:u-bordeaux-montaigne.fr:340407", "symbol_class": "building", "pixel_x": 8107.5, "pixel_y": 3136.9, "easting": 560218.0, "northing": 380976.5, "epsg_source": 22391}}, {"type": "Feature", "geometry": {"type": "Point", "coordinates": [10.57247, 36.72967]}, "properties": {"record_id": "oai:u-bordeaux-montaigne.fr:340407", "symbol_class": "building", "pixel_x": 8057.3, "pixel_y": 3139.8, "easting": 560001.0, "northing": 380980.4, "epsg_source": 22391}}, {"type": "Feature", "geometry": {"type": "Point", "coordinates": [10.32466, 36.74565]}, "properties": {"record_id": "oai:u-bordeaux-montaigne.fr:340407", "symbol_class": "building", "pixel_x": 2914.7, "pixel_y": 3145.9, "easting": 537864.1, "northing": 382628.7, "epsg_source": 22391}}, {"type": "Feature", "geometry": {"type": "Point", "coordinates": [10.242, 36.75106]}, "properties": {"record_id": "oai:u-bordeaux-montaigne.fr:340407", "symbol_class": "building", "pixel_x": 1199.4, "pixel_y": 3142.8, "easting": 530482.1, "northing": 383200.0, "epsg_source": 22391}}, {"type": "Feature", "geometry": {"type": "Point", "coordinates": [10.55532, 36.73047]}, "properties": {"record_id": "oai:u-bordeaux-montaigne.fr:340407", "symbol_class": "building", "pixel_x": 7701.9, "pixel_y": 3148.7, "easting": 558468.6, "northing": 381058.8, "epsg_source": 22391}}, {"type": "Feature", "geometry": {"type": "Point", "coordinates": [10.56795, 36.7297]}, "properties": {"record_id": "oai:u-bordeaux-montaigne.fr:340407", "symbol_class": "building", "pixel_x": 7964.1, "pixel_y": 3146.9, "easting": 559597.7, "northing": 380981.2, "epsg_source": 22391}}, {"type": "Feature", "geometry": {"type": "Point", "coordinates": [10.24481, 36.75059]}, "properties": {"record_id": "oai:u-bordeaux-montaigne.fr:340407", "symbol_class": "building", "pixel_x": 1258.2, "pixel_y": 3150.4, "easting": 530733.1, "northing": 383148.8, "epsg_source": 22391}}, {"type": "Feature", "geometry": {"type": "Point", "coordinates": [10.31849, 36.74598]}, "properties": {"record_id": "oai:u-bordeaux-montaigne.fr:340407", "symbol_class": "building", "pixel_x": 2786.8, "pixel_y": 3147.8, "easting": 537313.3, "northing": 382662.5, "epsg_source": 22391}}, {"type": "Feature", "geometry": {"type": "Point", "coordinates": [10.3094, 36.74642]}, "properties": {"record_id": "oai:u-bordeaux-montaigne.fr:340407", "symbol_class": "building", "pixel_x": 2598.4, "pixel_y": 3151.4, "easting": 536501.0, "northing": 382708.5, "epsg_source": 22391}}, {"type": "Feature", "geometry": {"type": "Point", "coordinates": [10.27198, 36.74887]}, "properties": {"record_id": "oai:u-bordeaux-montaigne.fr:340407", "symbol_class": "building", "pixel_x": 1821.9, "pixel_y": 3150.2, "easting": 533159.3, "northing": 382966.5, "epsg_source": 22391}}, {"type": "Feature", "geometry": {"type": "Point", "coordinates": [10.30787, 36.74638]}, "properties": {"record_id": "oai:u-bordeaux-montaigne.fr:340407", "symbol_class": "building", "pixel_x": 2567.0, "pixel_y": 3155.0, "easting": 536364.7, "northing": 382703.5, "epsg_source": 22391}}, {"type": "Feature", "geometry": {"type": "Point", "coordinates": [10.56199, 36.72974]}, "properties": {"record_id": "oai:u-bordeaux-montaigne.fr:340407", "symbol_class": "building", "pixel_x": 7841.0, "pixel_y": 3156.2, "easting": 559065.1, "northing": 380981.9, "epsg_source": 22391}}, {"type": "Feature", "geometry": {"type": "Point", "coordinates": [10.49811, 36.73366]}, "properties": {"record_id": "oai:u-bordeaux-montaigne.fr:340407", "symbol_class": "building", "pixel_x": 6515.7, "pixel_y": 3164.2, "easting": 553358.2, "northing": 381379.7, "epsg_source": 22391}}, {"type": "Feature", "geometry": {"type": "Point", "coordinates": [10.24322, 36.75013]}, "properties": {"record_id": "oai:u-bordeaux-montaigne.fr:340407", "symbol_class": "building", "pixel_x": 1226.4, "pixel_y": 3165.1, "easting": 530591.4, "northing": 383097.3, "epsg_source": 22391}}, {"type": "Feature", "geometry": {"type": "Point", "coordinates": [10.25428, 36.7494]}, "properties": {"record_id": "oai:u-bordeaux-montaigne.fr:340407", "symbol_class": "building", "pixel_x": 1456.0, "pixel_y": 3165.8, "easting": 531579.5, "northing": 383019.9, "epsg_source": 22391}}, {"type": "Feature", "geometry": {"type": "Point", "coordinates": [10.25332, 36.74945]}, "properties": {"record_id": "oai:u-bordeaux-montaigne.fr:340407", "symbol_class": "building", "pixel_x": 1436.0, "pixel_y": 3166.2, "easting": 531493.4, "northing": 383024.6, "epsg_source": 22391}}, {"type": "Feature", "geometry": {"type": "Point", "coordinates": [10.29837, 36.74639]}, "properties": {"record_id": "oai:u-bordeaux-montaigne.fr:340407", "symbol_class": "building", "pixel_x": 2371.1, "pixel_y": 3170.8, "easting": 535516.7, "northing": 382700.9, "epsg_source": 22391}}, {"type": "Feature", "geometry": {"type": "Point", "coordinates": [10.25223, 36.74943]}, "properties": {"record_id": "oai:u-bordeaux-montaigne.fr:340407", "symbol_class": "building", "pixel_x": 1413.5, "pixel_y": 3168.5, "easting": 531395.7, "northing": 383022.3, "epsg_source": 22391}}, {"type": "Feature", "geometry": {"type": "Point", "coordinates": [10.30245, 36.746]}, "properties": {"record_id": "oai:u-bordeaux-montaigne.fr:340407", "symbol_class": "building", "pixel_x": 2456.1, "pixel_y": 3174.2, "easting": 535881.5, "northing": 382659.0, "epsg_source": 22391}}, {"type": "Feature", "geometry": {"type": "Point", "coordinates": [10.30535, 36.7459]}, "properties": {"record_id": "oai:u-bordeaux-montaigne.fr:340407", "symbol_class": "building", "pixel_x": 2516.0, "pixel_y": 3172.0, "easting": 536140.1, "northing": 382648.6, "epsg_source": 22391}}, {"type": "Feature", "geometry": {"type": "Point", "coordinates": [10.23835, 36.75005]}, "properties": {"record_id": "oai:u-bordeaux-montaigne.fr:340407", "symbol_class": "building", "pixel_x": 1126.1, "pixel_y": 3175.5, "easting": 530156.4, "northing": 383086.4, "epsg_source": 22391}}, {"type": "Feature", "geometry": {"type": "Point", "coordinates": [10.2988, 36.74584]}, "properties": {"record_id": "oai:u-bordeaux-montaigne.fr:340407", "symbol_class": "building", "pixel_x": 2381.0, "pixel_y": 3184.5, "easting": 535555.1, "northing": 382640.1, "epsg_source": 22391}}, {"type": "Feature", "geometry": {"type": "Point", "coordinates": [10.27035, 36.74782]}, "properties": {"record_id": "oai:u-bordeaux-montaigne.fr:340407", "symbol_class": "building", "pixel_x": 1790.4, "pixel_y": 3180.3, "easting": 533014.1, "northing": 382849.9, "epsg_source": 22391}}, {"type": "Feature", "geometry": {"type": "Point", "coordinates": [10.32582, 36.74412]}, "properties": {"record_id": "oai:u-bordeaux-montaigne.fr:340407", "symbol_class": "building", "pixel_x": 2941.7, "pixel_y": 3184.1, "easting": 537968.6, "northing": 382459.2, "epsg_source": 22391}}, {"type": "Feature", "geometry": {"type": "Point", "coordinates": [10.28168, 36.74677]}, "properties": {"record_id": "oai:u-bordeaux-montaigne.fr:340407", "symbol_class": "building", "pixel_x": 2026.2, "pixel_y": 3188.8, "easting": 534026.6, "northing": 382737.4, "epsg_source": 22391}}, {"type": "Feature", "geometry": {"type": "Point", "coordinates": [10.30134, 36.7458]}, "properties": {"record_id": "oai:u-bordeaux-montaigne.fr:340407", "symbol_class": "building", "pixel_x": 2433.6, "pixel_y": 3181.2, "easting": 535782.4, "northing": 382637.0, "epsg_source": 22391}}, {"type": "Feature", "geometry": {"type": "Point", "coordinates": [10.54513, 36.72988]}, "properties": {"record_id": "oai:u-bordeaux-montaigne.fr:340407", "symbol_class": "building", "pixel_x": 7493.1, "pixel_y": 3181.9, "easting": 557559.6, "northing": 380986.9, "epsg_source": 22391}}, {"type": "Feature", "geometry": {"type": "Point", "coordinates": [10.23372, 36.74995]}, "properties": {"record_id": "oai:u-bordeaux-montaigne.fr:340407", "symbol_class": "building", "pixel_x": 1030.9, "pixel_y": 3185.7, "easting": 529743.7, "northing": 383074.5, "epsg_source": 22391}}, {"type": "Feature", "geometry": {"type": "Point", "coordinates": [10.30709, 36.7452]}, "properties": {"record_id": "oai:u-bordeaux-montaigne.fr:340407", "symbol_class": "building", "pixel_x": 2553.4, "pixel_y": 3187.4, "easting": 536296.1, "northing": 382571.9, "epsg_source": 22391}}, {"type": "Feature", "geometry": {"type": "Point", "coordinates": [10.30729, 36.74469]}, "properties": {"record_id": "oai:u-bordeaux-montaigne.fr:340407", "symbol_class": "building", "pixel_x": 2558.4, "pixel_y": 3200.5, "easting": 536313.6, "northing": 382515.1, "epsg_source": 22391}}, {"type": "Feature", "geometry": {"type": "Point", "coordinates": [10.25123, 36.74807]}, "properties": {"record_id": "oai:u-bordeaux-montaigne.fr:340407", "symbol_class": "building", "pixel_x": 1395.7, "pixel_y": 3205.8, "easting": 531307.3, "northing": 382871.1, "epsg_source": 22391}}, {"type": "Feature", "geometry": {"type": "Point", "coordinates": [10.30769, 36.74447]}, "properties": {"record_id": "oai:u-bordeaux-montaigne.fr:340407", "symbol_class": "building", "pixel_x": 2567.2, "pixel_y": 3205.5, "easting": 536350.1, "northing": 382491.1, "epsg_source": 22391}}, {"type": "Feature", "geometry": {"type": "Point", "coordinates": [10.25023, 36.74786]}, "properties": {"record_id": "oai:u-bordeaux-montaigne.fr:340407", "symbol_class": "building", "pixel_x": 1375.5, "pixel_y": 3212.9, "easting": 531218.4, "northing": 382847.8, "epsg_source": 22391}}, {"type": "Feature", "geometry": {"type": "Point", "coordinates": [10.30691, 36.74386]}, "properties": {"record_id": "oai:u-bordeaux-montaigne.fr:340407", "symbol_class": "building", "pixel_x": 2552.3, "pixel_y": 3222.7, "easting": 536280.3, "northing": 382423.6, "epsg_source": 22391}}, {"type": "Feature", "geometry": {"type": "Point", "coordinates": [10.53981, 36.72812]}, "properties": {"record_id": "oai:u-bordeaux-montaigne.fr:340407", "symbol_class": "building", "pixel_x": 7387.1, "pixel_y": 3237.4, "easting": 557085.7, "northing": 380788.2, "epsg_source": 22391}}, {"type": "Feature", "geometry": {"type": "Point", "coordinates": [10.5623, 36.72654]}, "properties": {"record_id": "oai:u-bordeaux-montaigne.fr:340407", "symbol_class": "building", "pixel_x": 7854.1, "pixel_y": 3239.6, "easting": 559095.2, "northing": 380627.0, "epsg_source": 22391}}, {"type": "Feature", "geometry": {"type": "Point", "coordinates": [10.51275, 36.73008]}, "properties": {"record_id": "oai:u-bordeaux-montaigne.fr:340407", "symbol_class": "building", "pixel_x": 6824.9, "pixel_y": 3232.7, "easting": 554667.6, "northing": 380990.9, "epsg_source": 22391}}, {"type": "Feature", "geometry": {"type": "Point", "coordinates": [10.31329, 36.7429]}, "properties": {"record_id": "oai:u-bordeaux-montaigne.fr:340407", "symbol_class": "building", "pixel_x": 2685.7, "pixel_y": 3237.3, "easting": 536849.9, "northing": 382318.7, "epsg_source": 22391}}, {"type": "Feature", "geometry": {"type": "Point", "coordinates": [10.30197, 36.74336]}, "properties": {"record_id": "oai:u-bordeaux-montaigne.fr:340407", "symbol_class": "building", "pixel_x": 2451.5, "pixel_y": 3244.3, "easting": 535839.8, "northing": 382365.6, "epsg_source": 22391}}, {"type": "Feature", "geometry": {"type": "Point", "coordinates": [10.2804, 36.74472]}, "properties": {"record_id": "oai:u-bordeaux-montaigne.fr:340407", "symbol_class": "building", "pixel_x": 2003.8, "pixel_y": 3244.7, "easting": 533912.8, "northing": 382509.5, "epsg_source": 22391}}, {"type": "Feature", "geometry": {"type": "Point", "coordinates": [10.31107, 36.74275]}, "properties": {"record_id": "oai:u-bordeaux-montaigne.fr:340407", "symbol_class": "building", "pixel_x": 2640.4, "pixel_y": 3244.8, "easting": 536652.6, "northing": 382302.1, "epsg_source": 22391}}, {"type": "Feature", "geometry": {"type": "Point", "coordinates": [10.50423, 36.73014]}, "properties": {"record_id": "oai:u-bordeaux-montaigne.fr:340407", "symbol_class": "building", "pixel_x": 6649.1, "pixel_y": 3245.8, "easting": 553906.9, "northing": 380993.1, "epsg_source": 22391}}, {"type": "Feature", "geometry": {"type": "Point", "coordinates": [10.50131, 36.73017]}, "properties": {"record_id": "oai:u-bordeaux-montaigne.fr:340407", "symbol_class": "building", "pixel_x": 6588.9, "pixel_y": 3250.1, "easting": 553646.1, "northing": 380994.4, "epsg_source": 22391}}, {"type": "Feature", "geometry": {"type": "Point", "coordinates": [10.50611, 36.7297]}, "properties": {"record_id": "oai:u-bordeaux-montaigne.fr:340407", "symbol_class": "building", "pixel_x": 6688.8, "pixel_y": 3254.1, "easting": 554075.0, "northing": 380945.2, "epsg_source": 22391}}, {"type": "Feature", "geometry": {"type": "Point", "coordinates": [10.4996, 36.73017]}, "properties": {"record_id": "oai:u-bordeaux-montaigne.fr:340407", "symbol_class": "building", "pixel_x": 6553.6, "pixel_y": 3253.0, "easting": 553493.5, "northing": 380993.8, "epsg_source": 22391}}, {"type": "Feature", "geometry": {"type": "Point", "coordinates": [10.25916, 36.74548]}, "properties": {"record_id": "oai:u-bordeaux-montaigne.fr:340407", "symbol_class": "building", "pixel_x": 1564.4, "pixel_y": 3260.4, "easting": 532016.5, "northing": 382586.5, "epsg_source": 22391}}, {"type": "Feature", "geometry": {"type": "Point", "coordinates": [10.24792, 36.74591]}, "properties": {"record_id": "oai:u-bordeaux-montaigne.fr:340407", "symbol_class": "building", "pixel_x": 1331.7, "pixel_y": 3268.1, "easting": 531012.6, "northing": 382630.0, "epsg_source": 22391}}, {"type": "Feature", "geometry": {"type": "Point", "coordinates": [10.25631, 36.74538]}, "properties": {"record_id": "oai:u-bordeaux-montaigne.fr:340407", "symbol_class": "building", "pixel_x": 1505.8, "pixel_y": 3268.0, "easting": 531761.7, "northing": 382573.8, "epsg_source": 22391}}, {"type": "Feature", "geometry": {"type": "Point", "coordinates": [10.49016, 36.73022]}, "properties": {"record_id": "oai:u-bordeaux-montaigne.fr:340407", "symbol_class": "building", "pixel_x": 6358.8, "pixel_y": 3268.0, "easting": 552650.4, "northing": 380994.0, "epsg_source": 22391}}, {"type": "Feature", "geometry": {"type": "Point", "coordinates": [10.4886, 36.73026]}, "properties": {"record_id": "oai:u-bordeaux-montaigne.fr:340407", "symbol_class": "building", "pixel_x": 6326.6, "pixel_y": 3269.8, "easting": 552511.3, "northing": 380997.1, "epsg_source": 22391}}, {"type": "Feature", "geometry": {"type": "Point", "coordinates": [10.4877, 36.73025]}, "properties": {"record_id": "oai:u-bordeaux-montaigne.fr:340407", "symbol_class": "building", "pixel_x": 6308.0, "pixel_y": 3271.7, "easting": 552430.7, "northing": 380995.2, "epsg_source": 22391}}, {"type": "Feature", "geometry": {"type": "Point", "coordinates": [10.27597, 36.74361]}, "properties": {"record_id": "oai:u-bordeaux-montaigne.fr:340407", "symbol_class": "building", "pixel_x": 1914.7, "pixel_y": 3281.4, "easting": 533517.7, "northing": 382384.4, "epsg_source": 22391}}, {"type": "Feature", "geometry": {"type": "Point", "coordinates": [10.33203, 36.74004]}, "properties": {"record_id": "oai:u-bordeaux-montaigne.fr:340407", "symbol_class": "building", "pixel_x": 3077.9, "pixel_y": 3280.6, "easting": 538524.6, "northing": 382008.9, "epsg_source": 22391}}, {"type": "Feature", "geometry": {"type": "Point", "coordinates": [10.33464, 36.73957]}, "properties": {"record_id": "oai:u-bordeaux-montaigne.fr:340407", "symbol_class": "building", "pixel_x": 3132.8, "pixel_y": 3288.6, "easting": 538758.2, "northing": 381957.7, "epsg_source": 22391}}, {"type": "Feature", "geometry": {"type": "Point", "coordinates": [10.51736, 36.7277]}, "properties": {"record_id": "oai:u-bordeaux-montaigne.fr:340407", "symbol_class": "building", "pixel_x": 6924.9, "pixel_y": 3287.3, "easting": 555080.8, "northing": 380728.7, "epsg_source": 22391}}, {"type": "Feature", "geometry": {"type": "Point", "coordinates": [10.31518, 36.74082]}, "properties": {"record_id": "oai:u-bordeaux-montaigne.fr:340407", "symbol_class": "building", "pixel_x": 2729.0, "pixel_y": 3288.5, "easting": 537020.3, "northing": 382089.5, "epsg_source": 22391}}, {"type": "Feature", "geometry": {"type": "Point", "coordinates": [10.56226, 36.72469]}, "properties": {"record_id": "oai:u-bordeaux-montaigne.fr:340407", "symbol_class": "building", "pixel_x": 7857.2, "pixel_y": 3288.2, "easting": 559093.4, "northing": 380421.2, "epsg_source": 22391}}, {"type": "Feature", "geometry": {"type": "Point", "coordinates": [10.24384, 36.74497]}, "properties": {"record_id": "oai:u-bordeaux-montaigne.fr:340407", "symbol_class": "building", "pixel_x": 1249.5, "pixel_y": 3299.4, "easting": 530648.8, "northing": 382525.2, "epsg_source": 22391}}, {"type": "Feature", "geometry": {"type": "Point", "coordinates": [10.47717, 36.73031]}, "properties": {"record_id": "oai:u-bordeaux-montaigne.fr:340407", "symbol_class": "building", "pixel_x": 6090.7, "pixel_y": 3288.0, "easting": 551490.2, "northing": 380997.2, "epsg_source": 22391}}, {"type": "Feature", "geometry": {"type": "Point", "coordinates": [10.30066, 36.74138]}, "properties": {"record_id": "oai:u-bordeaux-montaigne.fr:340407", "symbol_class": "building", "pixel_x": 2428.3, "pixel_y": 3298.4, "easting": 535723.1, "northing": 382145.4, "epsg_source": 22391}}, {"type": "Feature", "geometry": {"type": "Point", "coordinates": [10.32885, 36.73967]}, "properties": {"record_id": "oai:u-bordeaux-montaigne.fr:340407", "symbol_class": "building", "pixel_x": 3013.1, "pixel_y": 3295.7, "easting": 538241.1, "northing": 381966.5, "epsg_source": 22391}}, {"type": "Feature", "geometry": {"type": "Point", "coordinates": [10.53984, 36.72561]}, "properties": {"record_id": "oai:u-bordeaux-montaigne.fr:340407", "symbol_class": "building", "pixel_x": 7392.9, "pixel_y": 3303.0, "easting": 557090.5, "northing": 380510.5, "epsg_source": 22391}}, {"type": "Feature", "geometry": {"type": "Point", "coordinates": [10.25799, 36.74408]}, "properties": {"record_id": "oai:u-bordeaux-montaigne.fr:340407", "symbol_class": "building", "pixel_x": 1543.0, "pixel_y": 3299.0, "easting": 531912.4, "northing": 382431.1, "epsg_source": 22391}}, {"type": "Feature", "geometry": {"type": "Point", "coordinates": [10.32966, 36.7394]}, "properties": {"record_id": "oai:u-bordeaux-montaigne.fr:340407", "symbol_class": "building", "pixel_x": 3030.4, "pixel_y": 3301.4, "easting": 538313.7, "northing": 381936.8, "epsg_source": 22391}}, {"type": "Feature", "geometry": {"type": "Point", "coordinates": [10.51733, 36.72682]}, "properties": {"record_id": "oai:u-bordeaux-montaigne.fr:340407", "symbol_class": "building", "pixel_x": 6926.2, "pixel_y": 3310.2, "easting": 555079.1, "northing": 380631.9, "epsg_source": 22391}}, {"type": "Feature", "geometry": {"type": "Point", "coordinates": [10.33106, 36.73923]}, "properties": {"record_id": "oai:u-bordeaux-montaigne.fr:340407", "symbol_class": "building", "pixel_x": 3059.6, "pixel_y": 3303.3, "easting": 538438.6, "northing": 381919.3, "epsg_source": 22391}}, {"type": "Feature", "geometry": {"type": "Point", "coordinates": [10.27896, 36.74248]}, "properties": {"record_id": "oai:u-bordeaux-montaigne.fr:340407", "symbol_class": "building", "pixel_x": 1978.6, "pixel_y": 3306.1, "easting": 533785.2, "northing": 382259.7, "epsg_source": 22391}}, {"type": "Feature", "geometry": {"type": "Point", "coordinates": [10.31637, 36.74017]}, "properties": {"record_id": "oai:u-bordeaux-montaigne.fr:340407", "symbol_class": "building", "pixel_x": 2754.7, "pixel_y": 3303.5, "easting": 537126.3, "northing": 382017.9, "epsg_source": 22391}}, {"type": "Feature", "geometry": {"type": "Point", "coordinates": [10.31727, 36.74013]}, "properties": {"record_id": "oai:u-bordeaux-montaigne.fr:340407", "symbol_class": "building", "pixel_x": 2773.4, "pixel_y": 3303.0, "easting": 537206.8, "northing": 382013.9, "epsg_source": 22391}}, {"type": "Feature", "geometry": {"type": "Point", "coordinates": [10.30431, 36.74081]}, "properties": {"record_id": "oai:u-bordeaux-montaigne.fr:340407", "symbol_class": "building", "pixel_x": 2504.9, "pixel_y": 3307.1, "easting": 536050.0, "northing": 382084.2, "epsg_source": 22391}}, {"type": "Feature", "geometry": {"type": "Point", "coordinates": [10.31581, 36.74016]}, "properties": {"record_id": "oai:u-bordeaux-montaigne.fr:340407", "symbol_class": "building", "pixel_x": 2743.2, "pixel_y": 3304.8, "easting": 537076.6, "northing": 382016.3, "epsg_source": 22391}}, {"type": "Feature", "geometry": {"type": "Point", "coordinates": [10.46528, 36.73041]}, "properties": {"record_id": "oai:u-bordeaux-montaigne.fr:340407", "symbol_class": "building", "pixel_x": 5845.4, "pixel_y": 3305.9, "easting": 550428.8, "northing": 381001.9, "epsg_source": 22391}}, {"type": "Feature", "geometry": {"type": "Point", "coordinates": [10.47241, 36.72994]}, "properties": {"record_id": "oai:u-bordeaux-montaigne.fr:340407", "symbol_class": "building", "pixel_x": 5993.4, "pixel_y": 3305.9, "easting": 551065.8, "northing": 380953.6, "epsg_source": 22391}}, {"type": "Feature", "geometry": {"type": "Point", "coordinates": [10.25782, 36.74375]}, "properties": {"record_id": "oai:u-bordeaux-montaigne.fr:340407", "symbol_class": "building", "pixel_x": 1540.2, "pixel_y": 3308.2, "easting": 531897.4, "northing": 382393.4, "epsg_source": 22391}}, {"type": "Feature", "geometry": {"type": "Point", "coordinates": [10.28171, 36.74224]}, "properties": {"record_id": "oai:u-bordeaux-montaigne.fr:340407", "symbol_class": "building", "pixel_x": 2035.8, "pixel_y": 3307.5, "easting": 534031.0, "northing": 382234.9, "epsg_source": 22391}}, {"type": "Feature", "geometry": {"type": "Point", "coordinates": [10.33586, 36.7387]}, "properties": {"record_id": "oai:u-bordeaux-montaigne.fr:340407", "symbol_class": "building", "pixel_x": 3159.6, "pixel_y": 3309.2, "easting": 538867.3, "northing": 381862.3, "epsg_source": 22391}}, {"type": "Feature", "geometry": {"type": "Point", "coordinates": [10.24403, 36.74444]}, "properties": {"record_id": "oai:u-bordeaux-montaigne.fr:340407", "symbol_class": "building", "pixel_x": 1254.4, "pixel_y": 3313.2, "easting": 530665.8, "northing": 382465.6, "epsg_source": 22391}}, {"type": "Feature", "geometry": {"type": "Point", "coordinates": [10.33016, 36.73884]}, "properties": {"record_id": "oai:u-bordeaux-montaigne.fr:340407", "symbol_class": "building", "pixel_x": 3041.8, "pixel_y": 3315.1, "easting": 538358.4, "northing": 381875.6, "epsg_source": 22391}}, {"type": "Feature", "geometry": {"type": "Point", "coordinates": [10.33633, 36.73854]}, "properties": {"record_id": "oai:u-bordeaux-montaigne.fr:340407", "symbol_class": "building", "pixel_x": 3169.7, "pixel_y": 3312.5, "easting": 538909.8, "northing": 381844.9, "epsg_source": 22391}}, {"type": "Feature", "geometry": {"type": "Point", "coordinates": [10.33073, 36.73878]}, "properties": {"record_id": "oai:u-bordeaux-montaigne.fr:340407", "symbol_class": "building", "pixel_x": 3053.8, "pixel_y": 3315.8, "easting": 538409.9, "northing": 381868.7, "epsg_source": 22391}}, {"type": "Feature", "geometry": {"type": "Point", "coordinates": [10.25915, 36.74315]}, "properties": {"record_id": "oai:u-bordeaux-montaigne.fr:340407", "symbol_class": "building", "pixel_x": 1568.8, "pixel_y": 3321.5, "easting": 532016.4, "northing": 382328.1, "epsg_source": 22391}}, {"type": "Feature", "geometry": {"type": "Point", "coordinates": [10.33525, 36.7384]}, "properties": {"record_id": "oai:u-bordeaux-montaigne.fr:340407", "symbol_class": "building", "pixel_x": 3147.6, "pixel_y": 3318.1, "easting": 538813.1, "northing": 381828.5, "epsg_source": 22391}}, {"type": "Feature", "geometry": {"type": "Point", "coordinates": [10.24217, 36.74431]}, "properties": {"record_id": "oai:u-bordeaux-montaigne.fr:340407", "symbol_class": "building", "pixel_x": 1216.3, "pixel_y": 3319.6, "easting": 530499.7, "northing": 382450.9, "epsg_source": 22391}}, {"type": "Feature", "geometry": {"type": "Point", "coordinates": [10.3292, 36.73864]}, "properties": {"record_id": "oai:u-bordeaux-montaigne.fr:340407", "symbol_class": "building", "pixel_x": 3022.5, "pixel_y": 3322.1, "easting": 538273.2, "northing": 381852.7, "epsg_source": 22391}}, {"type": "Feature", "geometry": {"type": "Point", "coordinates": [10.25119, 36.74356]}, "properties": {"record_id": "oai:u-bordeaux-montaigne.fr:340407", "symbol_class": "building", "pixel_x": 1404.0, "pixel_y": 3324.3, "easting": 531305.9, "northing": 382370.1, "epsg_source": 22391}}, {"type": "Feature", "geometry": {"type": "Point", "coordinates": [10.2425, 36.744]}, "properties": {"record_id": "oai:u-bordeaux-montaigne.fr:340407", "symbol_class": "building", "pixel_x": 1223.8, "pixel_y": 3327.0, "easting": 530529.8, "northing": 382417.2, "epsg_source": 22391}}, {"type": "Feature", "geometry": {"type": "Point", "coordinates": [10.32644, 36.73868]}, "properties": {"record_id": "oai:u-bordeaux-montaigne.fr:340407", "symbol_class": "building", "pixel_x": 2965.4, "pixel_y": 3325.8, "easting": 538026.2, "northing": 381855.6, "epsg_source": 22391}}, {"type": "Feature", "geometry": {"type": "Point", "coordinates": [10.24788, 36.74333]}, "properties": {"record_id": "oai:u-bordeaux-montaigne.fr:340407", "symbol_class": "building", "pixel_x": 1336.0, "pixel_y": 3335.6, "easting": 531009.7, "northing": 382344.5, "epsg_source": 22391}}, {"type": "Feature", "geometry": {"type": "Point", "coordinates": [10.3299, 36.73826]}, "properties": {"record_id": "oai:u-bordeaux-montaigne.fr:340407", "symbol_class": "building", "pixel_x": 3037.7, "pixel_y": 3330.8, "easting": 538336.0, "northing": 381810.8, "epsg_source": 22391}}, {"type": "Feature", "geometry": {"type": "Point", "coordinates": [10.33039, 36.73816]}, "properties": {"record_id": "oai:u-bordeaux-montaigne.fr:340407", "symbol_class": "building", "pixel_x": 3047.9, "pixel_y": 3332.6, "easting": 538379.3, "northing": 381800.2, "epsg_source": 22391}}, {"type": "Feature", "geometry": {"type": "Point", "coordinates": [10.26258, 36.74219]}, "properties": {"record_id": "oai:u-bordeaux-montaigne.fr:340407", "symbol_class": "building", "pixel_x": 1641.5, "pixel_y": 3341.0, "easting": 532323.0, "northing": 382222.4, "epsg_source": 22391}}, {"type": "Feature", "geometry": {"type": "Point", "coordinates": [10.31928, 36.73868]}, "properties": {"record_id": "oai:u-bordeaux-montaigne.fr:340407", "symbol_class": "building", "pixel_x": 2817.7, "pixel_y": 3337.6, "easting": 537387.0, "northing": 381853.8, "epsg_source": 22391}}, {"type": "Feature", "geometry": {"type": "Point", "coordinates": [10.33673, 36.73755]}, "properties": {"record_id": "oai:u-bordeaux-montaigne.fr:340407", "symbol_class": "building", "pixel_x": 3179.8, "pixel_y": 3337.9, "easting": 538945.5, "northing": 381734.9, "epsg_source": 22391}}, {"type": "Feature", "geometry": {"type": "Point", "coordinates": [10.32961, 36.73779]}, "properties": {"record_id": "oai:u-bordeaux-montaigne.fr:340407", "symbol_class": "building", "pixel_x": 3032.6, "pixel_y": 3343.7, "easting": 538309.9, "northing": 381758.4, "epsg_source": 22391}}, {"type": "Feature", "geometry": {"type": "Point", "coordinates": [10.2602, 36.74203]}, "properties": {"record_id": "oai:u-bordeaux-montaigne.fr:340407", "symbol_class": "building", "pixel_x": 1592.6, "pixel_y": 3349.2, "easting": 532110.2, "northing": 382204.1, "epsg_source": 22391}}, {"type": "Feature", "geometry": {"type": "Point", "coordinates": [10.32942, 36.73747]}, "properties": {"record_id": "oai:u-bordeaux-montaigne.fr:340407", "symbol_class": "building", "pixel_x": 3029.4, "pixel_y": 3352.4, "easting": 538293.4, "northing": 381723.0, "epsg_source": 22391}}, {"type": "Feature", "geometry": {"type": "Point", "coordinates": [10.27694, 36.74031]}, "properties": {"record_id": "oai:u-bordeaux-montaigne.fr:340407", "symbol_class": "building", "pixel_x": 1941.4, "pixel_y": 3366.2, "easting": 533606.1, "northing": 382018.9, "epsg_source": 22391}}, {"type": "Feature", "geometry": {"type": "Point", "coordinates": [10.2591, 36.74124]}, "properties": {"record_id": "oai:u-bordeaux-montaigne.fr:340407", "symbol_class": "building", "pixel_x": 1571.7, "pixel_y": 3371.8, "easting": 532012.9, "northing": 382115.5, "epsg_source": 22391}}, {"type": "Feature", "geometry": {"type": "Point", "coordinates": [10.23671, 36.74234]}, "properties": {"record_id": "oai:u-bordeaux-montaigne.fr:340407", "symbol_class": "building", "pixel_x": 1107.6, "pixel_y": 3380.4, "easting": 530013.0, "northing": 382230.4, "epsg_source": 22391}}, {"type": "Feature", "geometry": {"type": "Point", "coordinates": [10.32195, 36.73689]}, "properties": {"record_id": "oai:u-bordeaux-montaigne.fr:340407", "symbol_class": "building", "pixel_x": 2876.4, "pixel_y": 3380.3, "easting": 537626.2, "northing": 381655.2, "epsg_source": 22391}}, {"type": "Feature", "geometry": {"type": "Point", "coordinates": [10.45578, 36.72781]}, "properties": {"record_id": "oai:u-bordeaux-montaigne.fr:340407", "symbol_class": "building", "pixel_x": 5654.9, "pixel_y": 3390.4, "easting": 549582.3, "northing": 380708.4, "epsg_source": 22391}}, {"type": "Feature", "geometry": {"type": "Point", "coordinates": [10.25989, 36.74038]}, "properties": {"record_id": "oai:u-bordeaux-montaigne.fr:340407", "symbol_class": "building", "pixel_x": 1589.6, "pixel_y": 3393.0, "easting": 532083.7, "northing": 382020.5, "epsg_source": 22391}}, {"type": "Feature", "geometry": {"type": "Point", "coordinates": [10.32787, 36.73587]}, "properties": {"record_id": "oai:u-bordeaux-montaigne.fr:340407", "symbol_class": "building", "pixel_x": 3000.7, "pixel_y": 3397.0, "easting": 538156.0, "northing": 381544.6, "epsg_source": 22391}}, {"type": "Feature", "geometry": {"type": "Point", "coordinates": [10.34328, 36.73501]}, "properties": {"record_id": "oai:u-bordeaux-montaigne.fr:340407", "symbol_class": "building", "pixel_x": 3320.1, "pixel_y": 3393.5, "easting": 539531.9, "northing": 381455.4, "epsg_source": 22391}}, {"type": "Feature", "geometry": {"type": "Point", "coordinates": [10.25827, 36.74039]}, "properties": {"record_id": "oai:u-bordeaux-montaigne.fr:340407", "symbol_class": "building", "pixel_x": 1556.3, "pixel_y": 3395.5, "easting": 531939.2, "northing": 382020.9, "epsg_source": 22391}}, {"type": "Feature", "geometry": {"type": "Point", "coordinates": [10.3024, 36.73749]}, "properties": {"record_id": "oai:u-bordeaux-montaigne.fr:340407", "symbol_class": "building", "pixel_x": 2472.0, "pixel_y": 3397.5, "easting": 535880.1, "northing": 381714.5, "epsg_source": 22391}}, {"type": "Feature", "geometry": {"type": "Point", "coordinates": [10.25477, 36.74025]}, "properties": {"record_id": "oai:u-bordeaux-montaigne.fr:340407", "symbol_class": "building", "pixel_x": 1484.3, "pixel_y": 3405.0, "easting": 531626.6, "northing": 382004.5, "epsg_source": 22391}}, {"type": "Feature", "geometry": {"type": "Point", "coordinates": [10.50605, 36.72365]}, "properties": {"record_id": "oai:u-bordeaux-montaigne.fr:340407", "symbol_class": "building", "pixel_x": 6700.1, "pixel_y": 3412.8, "easting": 554073.9, "northing": 380274.1, "epsg_source": 22391}}, {"type": "Feature", "geometry": {"type": "Point", "coordinates": [10.25666, 36.73996]}, "properties": {"record_id": "oai:u-bordeaux-montaigne.fr:340407", "symbol_class": "building", "pixel_x": 1523.8, "pixel_y": 3409.5, "easting": 531795.0, "northing": 381972.7, "epsg_source": 22391}}, {"type": "Feature", "geometry": {"type": "Point", "coordinates": [10.33207, 36.73522]}, "properties": {"record_id": "oai:u-bordeaux-montaigne.fr:340407", "symbol_class": "building", "pixel_x": 3088.5, "pixel_y": 3406.8, "easting": 538530.7, "northing": 381474.7, "epsg_source": 22391}}, {"type": "Feature", "geometry": {"type": "Point", "coordinates": [10.33958, 36.73473]}, "properties": {"record_id": "oai:u-bordeaux-montaigne.fr:340407", "symbol_class": "building", "pixel_x": 3244.4, "pixel_y": 3407.1, "easting": 539201.6, "northing": 381422.9, "epsg_source": 22391}}, {"type": "Feature", "geometry": {"type": "Point", "coordinates": [10.33735, 36.73483]}, "properties": {"record_id": "oai:u-bordeaux-montaigne.fr:340407", "symbol_class": "building", "pixel_x": 3198.2, "pixel_y": 3408.2, "easting": 539002.3, "northing": 381433.0, "epsg_source": 22391}}, {"type": "Feature", "geometry": {"type": "Point", "coordinates": [10.30064, 36.73703]}, "properties": {"record_id": "oai:u-bordeaux-montaigne.fr:340407", "symbol_class": "building", "pixel_x": 2436.8, "pixel_y": 3412.3, "easting": 535723.8, "northing": 381663.7, "epsg_source": 22391}}, {"type": "Feature", "geometry": {"type": "Point", "coordinates": [10.32593, 36.73538]}, "properties": {"record_id": "oai:u-bordeaux-montaigne.fr:340407", "symbol_class": "building", "pixel_x": 2961.7, "pixel_y": 3413.0, "easting": 537983.0, "northing": 381489.8, "epsg_source": 22391}}, {"type": "Feature", "geometry": {"type": "Point", "coordinates": [10.32527, 36.73509]}, "properties": {"record_id": "oai:u-bordeaux-montaigne.fr:340407", "symbol_class": "building", "pixel_x": 2948.6, "pixel_y": 3421.7, "easting": 537924.2, "northing": 381457.6, "epsg_source": 22391}}, {"type": "Feature", "geometry": {"type": "Point", "coordinates": [10.39414, 36.73073]}, "properties": {"record_id": "oai:u-bordeaux-montaigne.fr:340407", "symbol_class": "building", "pixel_x": 4377.6, "pixel_y": 3419.4, "easting": 544075.5, "northing": 381002.2, "epsg_source": 22391}}, {"type": "Feature", "geometry": {"type": "Point", "coordinates": [10.24225, 36.74041]}, "properties": {"record_id": "oai:u-bordeaux-montaigne.fr:340407", "symbol_class": "building", "pixel_x": 1225.7, "pixel_y": 3421.7, "easting": 530508.2, "northing": 382018.4, "epsg_source": 22391}}, {"type": "Feature", "geometry": {"type": "Point", "coordinates": [10.24785, 36.73991]}, "properties": {"record_id": "oai:u-bordeaux-montaigne.fr:340407", "symbol_class": "building", "pixel_x": 1342.3, "pixel_y": 3425.3, "easting": 531009.0, "northing": 381965.0, "epsg_source": 22391}}, {"type": "Feature", "geometry": {"type": "Point", "coordinates": [10.28173, 36.73739]}, "properties": {"record_id": "oai:u-bordeaux-montaigne.fr:340407", "symbol_class": "building", "pixel_x": 2045.9, "pixel_y": 3434.7, "easting": 534034.7, "northing": 381696.7, "epsg_source": 22391}}, {"type": "Feature", "geometry": {"type": "Point", "coordinates": [10.53981, 36.72024]}, "properties": {"record_id": "oai:u-bordeaux-montaigne.fr:340407", "symbol_class": "building", "pixel_x": 7403.5, "pixel_y": 3443.8, "easting": 557091.8, "northing": 379914.6, "epsg_source": 22391}}, {"type": "Feature", "geometry": {"type": "Point", "coordinates": [10.33658, 36.73359]}, "properties": {"record_id": "oai:u-bordeaux-montaigne.fr:340407", "symbol_class": "building", "pixel_x": 3184.8, "pixel_y": 3442.1, "easting": 538934.3, "northing": 381295.0, "epsg_source": 22391}}, {"type": "Feature", "geometry": {"type": "Point", "coordinates": [10.38219, 36.73079]}, "properties": {"record_id": "oai:u-bordeaux-montaigne.fr:340407", "symbol_class": "building", "pixel_x": 4131.2, "pixel_y": 3438.1, "easting": 543008.9, "northing": 381003.8, "epsg_source": 22391}}, {"type": "Feature", "geometry": {"type": "Point", "coordinates": [10.38186, 36.73079]}, "properties": {"record_id": "oai:u-bordeaux-montaigne.fr:340407", "symbol_class": "building", "pixel_x": 4124.2, "pixel_y": 3438.5, "easting": 542978.9, "northing": 381004.1, "epsg_source": 22391}}, {"type": "Feature", "geometry": {"type": "Point", "coordinates": [10.24415, 36.73929]}, "properties": {"record_id": "oai:u-bordeaux-montaigne.fr:340407", "symbol_class": "building", "pixel_x": 1267.2, "pixel_y": 3447.9, "easting": 530678.7, "northing": 381894.6, "epsg_source": 22391}}, {"type": "Feature", "geometry": {"type": "Point", "coordinates": [10.33131, 36.7336]}, "properties": {"record_id": "oai:u-bordeaux-montaigne.fr:340407", "symbol_class": "building", "pixel_x": 3076.1, "pixel_y": 3450.5, "easting": 538463.9, "northing": 381294.9, "epsg_source": 22391}}, {"type": "Feature", "geometry": {"type": "Point", "coordinates": [10.24372, 36.73891]}, "properties": {"record_id": "oai:u-bordeaux-montaigne.fr:340407", "symbol_class": "building", "pixel_x": 1259.1, "pixel_y": 3458.6, "easting": 530640.7, "northing": 381852.4, "epsg_source": 22391}}, {"type": "Feature", "geometry": {"type": "Point", "coordinates": [10.25913, 36.73774]}, "properties": {"record_id": "oai:u-bordeaux-montaigne.fr:340407", "symbol_class": "building", "pixel_x": 1579.3, "pixel_y": 3463.5, "easting": 532017.1, "northing": 381727.4, "epsg_source": 22391}}, {"type": "Feature", "geometry": {"type": "Point", "coordinates": [10.33195, 36.73308]}, "properties": {"record_id": "oai:u-bordeaux-montaigne.fr:340407", "symbol_class": "building", "pixel_x": 3090.5, "pixel_y": 3463.2, "easting": 538521.6, "northing": 381236.7, "epsg_source": 22391}}, {"type": "Feature", "geometry": {"type": "Point", "coordinates": [10.34078, 36.73252]}, "properties": {"record_id": "oai:u-bordeaux-montaigne.fr:340407", "symbol_class": "building", "pixel_x": 3273.6, "pixel_y": 3463.0, "easting": 539310.1, "northing": 381178.2, "epsg_source": 22391}}, {"type": "Feature", "geometry": {"type": "Point", "coordinates": [10.24472, 36.73853]}, "properties": {"record_id": "oai:u-bordeaux-montaigne.fr:340407", "symbol_class": "building", "pixel_x": 1280.5, "pixel_y": 3466.9, "easting": 530730.0, "northing": 381810.2, "epsg_source": 22391}}, {"type": "Feature", "geometry": {"type": "Point", "coordinates": [10.33215, 36.73279]}, "properties": {"record_id": "oai:u-bordeaux-montaigne.fr:340407", "symbol_class": "building", "pixel_x": 3095.0, "pixel_y": 3470.4, "easting": 538538.8, "northing": 381204.9, "epsg_source": 22391}}, {"type": "Feature", "geometry": {"type": "Point", "coordinates": [10.24527, 36.73821]}, "properties": {"record_id": "oai:u-bordeaux-montaigne.fr:340407", "symbol_class": "building", "pixel_x": 1292.4, "pixel_y": 3474.3, "easting": 530778.9, "northing": 381775.3, "epsg_source": 22391}}, {"type": "Feature", "geometry": {"type": "Point", "coordinates": [10.34767, 36.73162]}, "properties": {"record_id": "oai:u-bordeaux-montaigne.fr:340407", "symbol_class": "building", "pixel_x": 3417.4, "pixel_y": 3474.9, "easting": 539925.3, "northing": 381081.0, "epsg_source": 22391}}, {"type": "Feature", "geometry": {"type": "Point", "coordinates": [10.33614, 36.73234]}, "properties": {"record_id": "oai:u-bordeaux-montaigne.fr:340407", "symbol_class": "building", "pixel_x": 3178.3, "pixel_y": 3475.6, "easting": 538895.7, "northing": 381156.1, "epsg_source": 22391}}, {"type": "Feature", "geometry": {"type": "Point", "coordinates": [10.34459, 36.7317]}, "properties": {"record_id": "oai:u-bordeaux-montaigne.fr:340407", "symbol_class": "building", "pixel_x": 3353.9, "pixel_y": 3478.0, "easting": 539651.0, "northing": 381088.6, "epsg_source": 22391}}, {"type": "Feature", "geometry": {"type": "Point", "coordinates": [10.33838, 36.7319]}, "properties": {"record_id": "oai:u-bordeaux-montaigne.fr:340407", "symbol_class": "building", "pixel_x": 3225.4, "pixel_y": 3483.2, "easting": 539096.0, "northing": 381108.9, "epsg_source": 22391}}, {"type": "Feature", "geometry": {"type": "Point", "coordinates": [10.56071, 36.71708]}, "properties": {"record_id": "oai:u-bordeaux-montaigne.fr:340407", "symbol_class": "building", "pixel_x": 7841.0, "pixel_y": 3490.4, "easting": 558960.4, "northing": 379576.3, "epsg_source": 22391}}, {"type": "Feature", "geometry": {"type": "Point", "coordinates": [10.34231, 36.73173]}, "properties": {"record_id": "oai:u-bordeaux-montaigne.fr:340407", "symbol_class": "building", "pixel_x": 3306.7, "pixel_y": 3481.0, "easting": 539446.8, "northing": 381091.6, "epsg_source": 22391}}, {"type": "Feature", "geometry": {"type": "Point", "coordinates": [10.24481, 36.73793]}, "properties": {"record_id": "oai:u-bordeaux-montaigne.fr:340407", "symbol_class": "building", "pixel_x": 1283.5, "pixel_y": 3482.3, "easting": 530737.9, "northing": 381744.5, "epsg_source": 22391}}, {"type": "Feature", "geometry": {"type": "Point", "coordinates": [10.34513, 36.73152]}, "properties": {"record_id": "oai:u-bordeaux-montaigne.fr:340407", "symbol_class": "building", "pixel_x": 3365.3, "pixel_y": 3481.7, "easting": 539698.7, "northing": 381069.4, "epsg_source": 22391}}, {"type": "Feature", "geometry": {"type": "Point", "coordinates": [10.29328, 36.73477]}, "properties": {"record_id": "oai:u-bordeaux-montaigne.fr:340407", "symbol_class": "building", "pixel_x": 2289.5, "pixel_y": 3484.2, "easting": 535067.6, "northing": 381409.4, "epsg_source": 22391}}, {"type": "Feature", "geometry": {"type": "Point", "coordinates": [10.33662, 36.73196]}, "properties": {"record_id": "oai:u-bordeaux-montaigne.fr:340407", "symbol_class": "building", "pixel_x": 3188.8, "pixel_y": 3484.6, "easting": 538938.4, "northing": 381115.0, "epsg_source": 22391}}, {"type": "Feature", "geometry": {"type": "Point", "coordinates": [10.50377, 36.72115]}, "properties": {"record_id": "oai:u-bordeaux-montaigne.fr:340407", "symbol_class": "building", "pixel_x": 6658.3, "pixel_y": 3482.5, "easting": 553872.6, "northing": 379994.5, "epsg_source": 22391}}, {"type": "Feature", "geometry": {"type": "Point", "coordinates": [10.2503, 36.73743]}, "properties": {"record_id": "oai:u-bordeaux-montaigne.fr:340407", "symbol_class": "building", "pixel_x": 1397.8, "pixel_y": 3486.4, "easting": 531228.8, "northing": 381690.1, "epsg_source": 22391}}, {"type": "Feature", "geometry": {"type": "Point", "coordinates": [10.33426, 36.73206]}, "properties": {"record_id": "oai:u-bordeaux-montaigne.fr:340407", "symbol_class": "building", "pixel_x": 3140.1, "pixel_y": 3485.9, "easting": 538728.1, "northing": 381125.1, "epsg_source": 22391}}, {"type": "Feature", "geometry": {"type": "Point", "coordinates": [10.55441, 36.71762]}, "properties": {"record_id": "oai:u-bordeaux-montaigne.fr:340407", "symbol_class": "building", "pixel_x": 7709.8, "pixel_y": 3487.0, "easting": 558397.0, "northing": 379633.1, "epsg_source": 22391}}, {"type": "Feature", "geometry": {"type": "Point", "coordinates": [10.49899, 36.72118]}, "properties": {"record_id": "oai:u-bordeaux-montaigne.fr:340407", "symbol_class": "building", "pixel_x": 6559.5, "pixel_y": 3489.9, "easting": 553445.0, "northing": 379995.3, "epsg_source": 22391}}, {"type": "Feature", "geometry": {"type": "Point", "coordinates": [10.3083, 36.7334]}, "properties": {"record_id": "oai:u-bordeaux-montaigne.fr:340407", "symbol_class": "building", "pixel_x": 2602.0, "pixel_y": 3494.8, "easting": 536409.4, "northing": 381263.0, "epsg_source": 22391}}, {"type": "Feature", "geometry": {"type": "Point", "coordinates": [10.25089, 36.73681]}, "properties": {"record_id": "oai:u-bordeaux-montaigne.fr:340407", "symbol_class": "building", "pixel_x": 1411.2, "pixel_y": 3501.6, "easting": 531281.9, "northing": 381621.8, "epsg_source": 22391}}, {"type": "Feature", "geometry": {"type": "Point", "coordinates": [10.28164, 36.73489]}, "properties": {"record_id": "oai:u-bordeaux-montaigne.fr:340407", "symbol_class": "building", "pixel_x": 2049.1, "pixel_y": 3500.4, "easting": 534027.6, "northing": 381419.5, "epsg_source": 22391}}, {"type": "Feature", "geometry": {"type": "Point", "coordinates": [10.25386, 36.73651]}, "properties": {"record_id": "oai:u-bordeaux-montaigne.fr:340407", "symbol_class": "building", "pixel_x": 1472.9, "pixel_y": 3504.6, "easting": 531546.4, "northing": 381589.3, "epsg_source": 22391}}, {"type": "Feature", "geometry": {"type": "Point", "coordinates": [10.28778, 36.73411]}, "properties": {"record_id": "oai:u-bordeaux-montaigne.fr:340407", "symbol_class": "building", "pixel_x": 2177.4, "pixel_y": 3510.7, "easting": 534576.6, "northing": 381334.3, "epsg_source": 22391}}, {"type": "Feature", "geometry": {"type": "Point", "coordinates": [10.3399, 36.73098]}, "properties": {"record_id": "oai:u-bordeaux-montaigne.fr:340407", "symbol_class": "building", "pixel_x": 3258.6, "pixel_y": 3504.9, "easting": 539232.4, "northing": 381006.6, "epsg_source": 22391}}, {"type": "Feature", "geometry": {"type": "Point", "coordinates": [10.31525, 36.73243]}, "properties": {"record_id": "oai:u-bordeaux-montaigne.fr:340407", "symbol_class": "building", "pixel_x": 2747.2, "pixel_y": 3508.3, "easting": 537030.2, "northing": 381158.8, "epsg_source": 22391}}, {"type": "Feature", "geometry": {"type": "Point", "coordinates": [10.32642, 36.73163]}, "properties": {"record_id": "oai:u-bordeaux-montaigne.fr:340407", "symbol_class": "building", "pixel_x": 2979.3, "pixel_y": 3510.6, "easting": 538028.4, "northing": 381073.6, "epsg_source": 22391}}, {"type": "Feature", "geometry": {"type": "Point", "coordinates": [10.35136, 36.72997]}, "properties": {"record_id": "oai:u-bordeaux-montaigne.fr:340407", "symbol_class": "building", "pixel_x": 3496.9, "pixel_y": 3512.0, "easting": 540256.0, "northing": 380899.4, "epsg_source": 22391}}, {"type": "Feature", "geometry": {"type": "Point", "coordinates": [10.3281, 36.73142]}, "properties": {"record_id": "oai:u-bordeaux-montaigne.fr:340407", "symbol_class": "building", "pixel_x": 3014.2, "pixel_y": 3513.1, "easting": 538177.9, "northing": 381051.8, "epsg_source": 22391}}, {"type": "Feature", "geometry": {"type": "Point", "coordinates": [10.34175, 36.73057]}, "properties": {"record_id": "oai:u-bordeaux-montaigne.fr:340407", "symbol_class": "building", "pixel_x": 3297.7, "pixel_y": 3512.4, "easting": 539398.0, "northing": 380962.5, "epsg_source": 22391}}, {"type": "Feature", "geometry": {"type": "Point", "coordinates": [10.24816, 36.7365]}, "properties": {"record_id": "oai:u-bordeaux-montaigne.fr:340407", "symbol_class": "building", "pixel_x": 1355.4, "pixel_y": 3514.4, "easting": 531037.5, "northing": 381586.3, "epsg_source": 22391}}, {"type": "Feature", "geometry": {"type": "Point", "coordinates": [10.53981, 36.71746]}, "properties": {"record_id": "oai:u-bordeaux-montaigne.fr:340407", "symbol_class": "building", "pixel_x": 7409.2, "pixel_y": 3516.8, "easting": 557093.8, "northing": 379605.6, "epsg_source": 22391}}, {"type": "Feature", "geometry": {"type": "Point", "coordinates": [10.32845, 36.73128]}, "properties": {"record_id": "oai:u-bordeaux-montaigne.fr:340407", "symbol_class": "building", "pixel_x": 3021.8, "pixel_y": 3516.2, "easting": 538209.6, "northing": 381036.0, "epsg_source": 22391}}, {"type": "Feature", "geometry": {"type": "Point", "coordinates": [10.31517, 36.73187]}, "properties": {"record_id": "oai:u-bordeaux-montaigne.fr:340407", "symbol_class": "building", "pixel_x": 2746.7, "pixel_y": 3523.1, "easting": 537023.4, "northing": 381096.7, "epsg_source": 22391}}, {"type": "Feature", "geometry": {"type": "Point", "coordinates": [10.25374, 36.73595]}, "properties": {"record_id": "oai:u-bordeaux-montaigne.fr:340407", "symbol_class": "building", "pixel_x": 1471.6, "pixel_y": 3519.5, "easting": 531536.1, "northing": 381526.8, "epsg_source": 22391}}, {"type": "Feature", "geometry": {"type": "Point", "coordinates": [10.32908, 36.73104]}, "properties": {"record_id": "oai:u-bordeaux-montaigne.fr:340407", "symbol_class": "building", "pixel_x": 3035.2, "pixel_y": 3521.4, "easting": 538265.7, "northing": 381010.0, "epsg_source": 22391}}, {"type": "Feature", "geometry": {"type": "Point", "coordinates": [10.33659, 36.73048]}, "properties": {"record_id": "oai:u-bordeaux-montaigne.fr:340407", "symbol_class": "building", "pixel_x": 3191.3, "pixel_y": 3523.6, "easting": 538937.0, "northing": 380950.0, "epsg_source": 22391}}, {"type": "Feature", "geometry": {"type": "Point", "coordinates": [10.28165, 36.73405]}, "properties": {"record_id": "oai:u-bordeaux-montaigne.fr:340407", "symbol_class": "building", "pixel_x": 2051.1, "pixel_y": 3522.6, "easting": 534029.3, "northing": 381325.4, "epsg_source": 22391}}, {"type": "Feature", "geometry": {"type": "Point", "coordinates": [10.34489, 36.72983]}, "properties": {"record_id": "oai:u-bordeaux-montaigne.fr:340407", "symbol_class": "building", "pixel_x": 3363.8, "pixel_y": 3526.4, "easting": 539678.4, "northing": 380882.1, "epsg_source": 22391}}, {"type": "Feature", "geometry": {"type": "Point", "coordinates": [10.32697, 36.73103]}, "properties": {"record_id": "oai:u-bordeaux-montaigne.fr:340407", "symbol_class": "building", "pixel_x": 2991.8, "pixel_y": 3525.4, "easting": 538077.3, "northing": 381007.4, "epsg_source": 22391}}, {"type": "Feature", "geometry": {"type": "Point", "coordinates": [10.32752, 36.73101]}, "properties": {"record_id": "oai:u-bordeaux-montaigne.fr:340407", "symbol_class": "building", "pixel_x": 3003.1, "pixel_y": 3525.1, "easting": 538126.4, "northing": 381005.0, "epsg_source": 22391}}, {"type": "Feature", "geometry": {"type": "Point", "coordinates": [10.32644, 36.73062]}, "properties": {"record_id": "oai:u-bordeaux-montaigne.fr:340407", "symbol_class": "building", "pixel_x": 2981.7, "pixel_y": 3536.9, "easting": 538030.3, "northing": 380962.3, "epsg_source": 22391}}, {"type": "Feature", "geometry": {"type": "Point", "coordinates": [10.32462, 36.73103]}, "properties": {"record_id": "oai:u-bordeaux-montaigne.fr:340407", "symbol_class": "building", "pixel_x": 2943.4, "pixel_y": 3529.3, "easting": 537868.0, "northing": 381006.7, "epsg_source": 22391}}, {"type": "Feature", "geometry": {"type": "Point", "coordinates": [10.28373, 36.7336]}, "properties": {"record_id": "oai:u-bordeaux-montaigne.fr:340407", "symbol_class": "building", "pixel_x": 2094.9, "pixel_y": 3530.8, "easting": 534215.2, "northing": 381276.6, "epsg_source": 22391}}, {"type": "Feature", "geometry": {"type": "Point", "coordinates": [10.30012, 36.73238]}, "properties": {"record_id": "oai:u-bordeaux-montaigne.fr:340407", "symbol_class": "building", "pixel_x": 2435.4, "pixel_y": 3535.1, "easting": 535679.6, "northing": 381147.7, "epsg_source": 22391}}, {"type": "Feature", "geometry": {"type": "Point", "coordinates": [10.323, 36.73109]}, "properties": {"record_id": "oai:u-bordeaux-montaigne.fr:340407", "symbol_class": "building", "pixel_x": 2909.8, "pixel_y": 3530.4, "easting": 537722.9, "northing": 381013.1, "epsg_source": 22391}}, {"type": "Feature", "geometry": {"type": "Point", "coordinates": [10.35314, 36.729]}, "properties": {"record_id": "oai:u-bordeaux-montaigne.fr:340407", "symbol_class": "building", "pixel_x": 3535.7, "pixel_y": 3534.3, "easting": 540415.6, "northing": 380792.8, "epsg_source": 22391}}, {"type": "Feature", "geometry": {"type": "Point", "coordinates": [10.51732, 36.71795]}, "properties": {"record_id": "oai:u-bordeaux-montaigne.fr:340407", "symbol_class": "building", "pixel_x": 6944.3, "pixel_y": 3542.8, "easting": 555084.5, "northing": 379647.8, "epsg_source": 22391}}, {"type": "Feature", "geometry": {"type": "Point", "coordinates": [10.29949, 36.73214]}, "properties": {"record_id": "oai:u-bordeaux-montaigne.fr:340407", "symbol_class": "building", "pixel_x": 2422.9, "pixel_y": 3542.4, "easting": 535623.6, "northing": 381120.8, "epsg_source": 22391}}, {"type": "Feature", "geometry": {"type": "Point", "coordinates": [10.36019, 36.72799]}, "properties": {"record_id": "oai:u-bordeaux-montaigne.fr:340407", "symbol_class": "building", "pixel_x": 3683.1, "pixel_y": 3548.9, "easting": 541045.5, "northing": 380683.3, "epsg_source": 22391}}, {"type": "Feature", "geometry": {"type": "Point", "coordinates": [10.34749, 36.7287]}, "properties": {"record_id": "oai:u-bordeaux-montaigne.fr:340407", "symbol_class": "building", "pixel_x": 3419.7, "pixel_y": 3551.8, "easting": 539911.0, "northing": 380756.9, "epsg_source": 22391}}, {"type": "Feature", "geometry": {"type": "Point", "coordinates": [10.55966, 36.71471]}, "properties": {"record_id": "oai:u-bordeaux-montaigne.fr:340407", "symbol_class": "building", "pixel_x": 7824.2, "pixel_y": 3554.2, "easting": 558868.2, "northing": 379313.2, "epsg_source": 22391}}, {"type": "Feature", "geometry": {"type": "Point", "coordinates": [10.29979, 36.7317]}, "properties": {"record_id": "oai:u-bordeaux-montaigne.fr:340407", "symbol_class": "building", "pixel_x": 2429.8, "pixel_y": 3553.5, "easting": 535650.0, "northing": 381071.8, "epsg_source": 22391}}, {"type": "Feature", "geometry": {"type": "Point", "coordinates": [10.34814, 36.72858]}, "properties": {"record_id": "oai:u-bordeaux-montaigne.fr:340407", "symbol_class": "building", "pixel_x": 3433.4, "pixel_y": 3553.8, "easting": 539969.6, "northing": 380743.9, "epsg_source": 22391}}, {"type": "Feature", "geometry": {"type": "Point", "coordinates": [10.30839, 36.73116]}, "properties": {"record_id": "oai:u-bordeaux-montaigne.fr:340407", "symbol_class": "building", "pixel_x": 2608.3, "pixel_y": 3553.3, "easting": 536418.3, "northing": 381014.6, "epsg_source": 22391}}, {"type": "Feature", "geometry": {"type": "Point", "coordinates": [10.30882, 36.73114]}, "properties": {"record_id": "oai:u-bordeaux-montaigne.fr:340407", "symbol_class": "building", "pixel_x": 2617.3, "pixel_y": 3553.1, "easting": 536457.1, "northing": 381012.8, "epsg_source": 22391}}, {"type": "Feature", "geometry": {"type": "Point", "coordinates": [10.26034, 36.73403]}, "properties": {"record_id": "oai:u-bordeaux-montaigne.fr:340407", "symbol_class": "building", "pixel_x": 1611.5, "pixel_y": 3558.6, "easting": 532126.0, "northing": 381316.9, "epsg_source": 22391}}, {"type": "Feature", "geometry": {"type": "Point", "coordinates": [10.33811, 36.72905]}, "properties": {"record_id": "oai:u-bordeaux-montaigne.fr:340407", "symbol_class": "building", "pixel_x": 3225.5, "pixel_y": 3558.4, "easting": 539072.9, "northing": 380792.5, "epsg_source": 22391}}, {"type": "Feature", "geometry": {"type": "Point", "coordinates": [10.30381, 36.73119]}, "properties": {"record_id": "oai:u-bordeaux-montaigne.fr:340407", "symbol_class": "building", "pixel_x": 2513.9, "pixel_y": 3560.2, "easting": 536009.7, "northing": 381016.5, "epsg_source": 22391}}, {"type": "Feature", "geometry": {"type": "Point", "coordinates": [10.3439, 36.72834]}, "properties": {"record_id": "oai:u-bordeaux-montaigne.fr:340407", "symbol_class": "building", "pixel_x": 3346.4, "pixel_y": 3567.4, "easting": 539590.5, "northing": 380715.4, "epsg_source": 22391}}, {"type": "Feature", "geometry": {"type": "Point", "coordinates": [10.3561, 36.72754]}, "properties": {"record_id": "oai:u-bordeaux-montaigne.fr:340407", "symbol_class": "building", "pixel_x": 3599.6, "pixel_y": 3567.5, "easting": 540680.7, "northing": 380632.5, "epsg_source": 22391}}, {"type": "Feature", "geometry": {"type": "Point", "coordinates": [10.29948, 36.73124]}, "properties": {"record_id": "oai:u-bordeaux-montaigne.fr:340407", "symbol_class": "building", "pixel_x": 2424.4, "pixel_y": 3566.1, "easting": 535622.7, "northing": 381020.8, "epsg_source": 22391}}, {"type": "Feature", "geometry": {"type": "Point", "coordinates": [10.29995, 36.73122]}, "properties": {"record_id": "oai:u-bordeaux-montaigne.fr:340407", "symbol_class": "building", "pixel_x": 2434.2, "pixel_y": 3565.9, "easting": 535664.8, "northing": 381018.3, "epsg_source": 22391}}, {"type": "Feature", "geometry": {"type": "Point", "coordinates": [10.304, 36.73065]}, "properties": {"record_id": "oai:u-bordeaux-montaigne.fr:340407", "symbol_class": "building", "pixel_x": 2518.9, "pixel_y": 3574.1, "easting": 536026.7, "northing": 380956.6, "epsg_source": 22391}}, {"type": "Feature", "geometry": {"type": "Point", "coordinates": [10.34461, 36.72816]}, "properties": {"record_id": "oai:u-bordeaux-montaigne.fr:340407", "symbol_class": "building", "pixel_x": 3361.5, "pixel_y": 3570.7, "easting": 539654.7, "northing": 380696.6, "epsg_source": 22391}}, {"type": "Feature", "geometry": {"type": "Point", "coordinates": [10.31159, 36.73022]}, "properties": {"record_id": "oai:u-bordeaux-montaigne.fr:340407", "symbol_class": "building", "pixel_x": 2676.3, "pixel_y": 3572.4, "easting": 536704.8, "northing": 380912.3, "epsg_source": 22391}}, {"type": "Feature", "geometry": {"type": "Point", "coordinates": [10.43774, 36.72191]}, "properties": {"record_id": "oai:u-bordeaux-montaigne.fr:340407", "symbol_class": "building", "pixel_x": 5294.8, "pixel_y": 3576.0, "easting": 547974.3, "northing": 380045.0, "epsg_source": 22391}}, {"type": "Feature", "geometry": {"type": "Point", "coordinates": [10.31099, 36.73001]}, "properties": {"record_id": "oai:u-bordeaux-montaigne.fr:340407", "symbol_class": "building", "pixel_x": 2664.3, "pixel_y": 3579.1, "easting": 536651.2, "northing": 380887.8, "epsg_source": 22391}}, {"type": "Feature", "geometry": {"type": "Point", "coordinates": [10.34274, 36.72794]}, "properties": {"record_id": "oai:u-bordeaux-montaigne.fr:340407", "symbol_class": "building", "pixel_x": 3323.3, "pixel_y": 3579.7, "easting": 539487.3, "northing": 380671.0, "epsg_source": 22391}}, {"type": "Feature", "geometry": {"type": "Point", "coordinates": [10.34595, 36.72777]}, "properties": {"record_id": "oai:u-bordeaux-montaigne.fr:340407", "symbol_class": "building", "pixel_x": 3389.8, "pixel_y": 3578.6, "easting": 539774.2, "northing": 380653.9, "epsg_source": 22391}}, {"type": "Feature", "geometry": {"type": "Point", "coordinates": [10.53173, 36.71542]}, "properties": {"record_id": "oai:u-bordeaux-montaigne.fr:340407", "symbol_class": "building", "pixel_x": 7246.7, "pixel_y": 3584.1, "easting": 556373.2, "northing": 379375.5, "epsg_source": 22391}}, {"type": "Feature", "geometry": {"type": "Point", "coordinates": [10.56228, 36.71351]}, "properties": {"record_id": "oai:u-bordeaux-montaigne.fr:340407", "symbol_class": "building", "pixel_x": 7880.8, "pixel_y": 3581.2, "easting": 559103.6, "northing": 379181.2, "epsg_source": 22391}}, {"type": "Feature", "geometry": {"type": "Point", "coordinates": [10.43947, 36.72158]}, "properties": {"record_id": "oai:u-bordeaux-montaigne.fr:340407", "symbol_class": "building", "pixel_x": 5331.2, "pixel_y": 3581.8, "easting": 548129.2, "northing": 380008.8, "epsg_source": 22391}}, {"type": "Feature", "geometry": {"type": "Point", "coordinates": [10.28798, 36.73127]}, "properties": {"record_id": "oai:u-bordeaux-montaigne.fr:340407", "symbol_class": "building", "pixel_x": 2187.2, "pixel_y": 3584.8, "easting": 534595.7, "northing": 381019.3, "epsg_source": 22391}}, {"type": "Feature", "geometry": {"type": "Point", "coordinates": [10.34016, 36.72788]}, "properties": {"record_id": "oai:u-bordeaux-montaigne.fr:340407", "symbol_class": "building", "pixel_x": 3270.1, "pixel_y": 3585.6, "easting": 539256.7, "northing": 380663.6, "epsg_source": 22391}}, {"type": "Feature", "geometry": {"type": "Point", "coordinates": [10.34582, 36.72745]}, "properties": {"record_id": "oai:u-bordeaux-montaigne.fr:340407", "symbol_class": "building", "pixel_x": 3387.7, "pixel_y": 3587.3, "easting": 539762.4, "northing": 380617.9, "epsg_source": 22391}}, {"type": "Feature", "geometry": {"type": "Point", "coordinates": [10.43791, 36.72128]}, "properties": {"record_id": "oai:u-bordeaux-montaigne.fr:340407", "symbol_class": "building", "pixel_x": 5299.7, "pixel_y": 3592.4, "easting": 547990.2, "northing": 379974.4, "epsg_source": 22391}}, {"type": "Feature", "geometry": {"type": "Point", "coordinates": [10.52856, 36.71523]}, "properties": {"record_id": "oai:u-bordeaux-montaigne.fr:340407", "symbol_class": "building", "pixel_x": 7181.7, "pixel_y": 3594.7, "easting": 556090.0, "northing": 379352.0, "epsg_source": 22391}}, {"type": "Feature", "geometry": {"type": "Point", "coordinates": [10.56231, 36.71321]}, "properties": {"record_id": "oai:u-bordeaux-montaigne.fr:340407", "symbol_class": "building", "pixel_x": 7881.9, "pixel_y": 3589.1, "easting": 559105.9, "northing": 379147.6, "epsg_source": 22391}}, {"type": "Feature", "geometry": {"type": "Point", "coordinates": [10.36461, 36.72604]}, "properties": {"record_id": "oai:u-bordeaux-montaigne.fr:340407", "symbol_class": "building", "pixel_x": 3778.2, "pixel_y": 3592.4, "easting": 541441.3, "northing": 380469.5, "epsg_source": 22391}}, {"type": "Feature", "geometry": {"type": "Point", "coordinates": [10.33915, 36.7277]}, "properties": {"record_id": "oai:u-bordeaux-montaigne.fr:340407", "symbol_class": "building", "pixel_x": 3249.7, "pixel_y": 3592.1, "easting": 539166.7, "northing": 380642.8, "epsg_source": 22391}}, {"type": "Feature", "geometry": {"type": "Point", "coordinates": [10.29283, 36.73041]}, "properties": {"record_id": "oai:u-bordeaux-montaigne.fr:340407", "symbol_class": "building", "pixel_x": 2288.9, "pixel_y": 3599.1, "easting": 535029.3, "northing": 380926.2, "epsg_source": 22391}}, {"type": "Feature", "geometry": {"type": "Point", "coordinates": [10.34621, 36.72717]}, "properties": {"record_id": "oai:u-bordeaux-montaigne.fr:340407", "symbol_class": "building", "pixel_x": 3396.4, "pixel_y": 3594.0, "easting": 539797.6, "northing": 380587.2, "epsg_source": 22391}}, {"type": "Feature", "geometry": {"type": "Point", "coordinates": [10.34695, 36.72707]}, "properties": {"record_id": "oai:u-bordeaux-montaigne.fr:340407", "symbol_class": "building", "pixel_x": 3411.9, "pixel_y": 3595.5, "easting": 539863.9, "northing": 380575.8, "epsg_source": 22391}}, {"type": "Feature", "geometry": {"type": "Point", "coordinates": [10.43235, 36.72159]}, "properties": {"record_id": "oai:u-bordeaux-montaigne.fr:340407", "symbol_class": "building", "pixel_x": 5184.3, "pixel_y": 3593.6, "easting": 547493.2, "northing": 380006.9, "epsg_source": 22391}}, {"type": "Feature", "geometry": {"type": "Point", "coordinates": [10.34237, 36.72724]}, "properties": {"record_id": "oai:u-bordeaux-montaigne.fr:340407", "symbol_class": "building", "pixel_x": 3317.2, "pixel_y": 3598.7, "easting": 539455.1, "northing": 380593.3, "epsg_source": 22391}}, {"type": "Feature", "geometry": {"type": "Point", "coordinates": [10.2801, 36.73131]}, "properties": {"record_id": "oai:u-bordeaux-montaigne.fr:340407", "symbol_class": "building", "pixel_x": 2024.6, "pixel_y": 3596.9, "easting": 533892.1, "northing": 381021.5, "epsg_source": 22391}}, {"type": "Feature", "geometry": {"type": "Point", "coordinates": [10.56136, 36.71281]}, "properties": {"record_id": "oai:u-bordeaux-montaigne.fr:340407", "symbol_class": "building", "pixel_x": 7863.2, "pixel_y": 3601.1, "easting": 559021.3, "northing": 379103.3, "epsg_source": 22391}}, {"type": "Feature", "geometry": {"type": "Point", "coordinates": [10.34462, 36.72693]}, "properties": {"record_id": "oai:u-bordeaux-montaigne.fr:340407", "symbol_class": "building", "pixel_x": 3364.2, "pixel_y": 3602.9, "easting": 539656.0, "northing": 380560.1, "epsg_source": 22391}}, {"type": "Feature", "geometry": {"type": "Point", "coordinates": [10.34579, 36.72681]}, "properties": {"record_id": "oai:u-bordeaux-montaigne.fr:340407", "symbol_class": "building", "pixel_x": 3388.4, "pixel_y": 3604.1, "easting": 539759.9, "northing": 380547.2, "epsg_source": 22391}}, {"type": "Feature", "geometry": {"type": "Point", "coordinates": [10.28293, 36.73075]}, "properties": {"record_id": "oai:u-bordeaux-montaigne.fr:340407", "symbol_class": "building", "pixel_x": 2084.2, "pixel_y": 3606.9, "easting": 534145.3, "northing": 380959.9, "epsg_source": 22391}}, {"type": "Feature", "geometry": {"type": "Point", "coordinates": [10.42576, 36.72164]}, "properties": {"record_id": "oai:u-bordeaux-montaigne.fr:340407", "symbol_class": "building", "pixel_x": 5048.3, "pixel_y": 3603.5, "easting": 546904.9, "northing": 380009.3, "epsg_source": 22391}}, {"type": "Feature", "geometry": {"type": "Point", "coordinates": [10.34519, 36.72665]}, "properties": {"record_id": "oai:u-bordeaux-montaigne.fr:340407", "symbol_class": "building", "pixel_x": 3376.4, "pixel_y": 3609.4, "easting": 539706.8, "northing": 380528.6, "epsg_source": 22391}}, {"type": "Feature", "geometry": {"type": "Point", "coordinates": [10.34277, 36.72679]}, "properties": {"record_id": "oai:u-bordeaux-montaigne.fr:340407", "symbol_class": "building", "pixel_x": 3326.3, "pixel_y": 3609.8, "easting": 539490.8, "northing": 380543.3, "epsg_source": 22391}}, {"type": "Feature", "geometry": {"type": "Point", "coordinates": [10.57554, 36.71161]}, "properties": {"record_id": "oai:u-bordeaux-montaigne.fr:340407", "symbol_class": "building", "pixel_x": 8158.2, "pixel_y": 3607.9, "easting": 560289.0, "northing": 378978.6, "epsg_source": 22391}}, {"type": "Feature", "geometry": {"type": "Point", "coordinates": [10.34708, 36.72618]}, "properties": {"record_id": "oai:u-bordeaux-montaigne.fr:340407", "symbol_class": "building", "pixel_x": 3416.3, "pixel_y": 3618.6, "easting": 539875.4, "northing": 380477.1, "epsg_source": 22391}}, {"type": "Feature", "geometry": {"type": "Point", "coordinates": [10.57413, 36.71161]}, "properties": {"record_id": "oai:u-bordeaux-montaigne.fr:340407", "symbol_class": "building", "pixel_x": 8129.1, "pixel_y": 3610.3, "easting": 560163.2, "northing": 378978.1, "epsg_source": 22391}}, {"type": "Feature", "geometry": {"type": "Point", "coordinates": [10.34191, 36.72652]}, "properties": {"record_id": "oai:u-bordeaux-montaigne.fr:340407", "symbol_class": "building", "pixel_x": 3309.1, "pixel_y": 3618.3, "easting": 539414.4, "northing": 380513.1, "epsg_source": 22391}}, {"type": "Feature", "geometry": {"type": "Point", "coordinates": [10.34755, 36.72625]}, "properties": {"record_id": "oai:u-bordeaux-montaigne.fr:340407", "symbol_class": "building", "pixel_x": 3426.0, "pixel_y": 3615.8, "easting": 539918.1, "northing": 380485.6, "epsg_source": 22391}}, {"type": "Feature", "geometry": {"type": "Point", "coordinates": [10.25224, 36.73243]}, "properties": {"record_id": "oai:u-bordeaux-montaigne.fr:340407", "symbol_class": "building", "pixel_x": 1447.6, "pixel_y": 3614.3, "easting": 531403.4, "northing": 381136.0, "epsg_source": 22391}}, {"type": "Feature", "geometry": {"type": "Point", "coordinates": [10.28164, 36.73042]}, "properties": {"record_id": "oai:u-bordeaux-montaigne.fr:340407", "symbol_class": "building", "pixel_x": 2058.2, "pixel_y": 3617.8, "easting": 534030.0, "northing": 380922.7, "epsg_source": 22391}}, {"type": "Feature", "geometry": {"type": "Point", "coordinates": [10.3557, 36.72555]}, "properties": {"record_id": "oai:u-bordeaux-montaigne.fr:340407", "symbol_class": "building", "pixel_x": 3595.4, "pixel_y": 3620.3, "easting": 540645.8, "northing": 380411.5, "epsg_source": 22391}}, {"type": "Feature", "geometry": {"type": "Point", "coordinates": [10.41659, 36.7217]}, "properties": {"record_id": "oai:u-bordeaux-montaigne.fr:340407", "symbol_class": "building", "pixel_x": 4859.1, "pixel_y": 3617.7, "easting": 546086.2, "northing": 380011.4, "epsg_source": 22391}}, {"type": "Feature", "geometry": {"type": "Point", "coordinates": [10.51735, 36.71499]}, "properties": {"record_id": "oai:u-bordeaux-montaigne.fr:340407", "symbol_class": "building", "pixel_x": 6950.9, "pixel_y": 3620.3, "easting": 555088.9, "northing": 379319.4, "epsg_source": 22391}}, {"type": "Feature", "geometry": {"type": "Point", "coordinates": [10.49483, 36.71625]}, "properties": {"record_id": "oai:u-bordeaux-montaigne.fr:340407", "symbol_class": "building", "pixel_x": 6484.0, "pixel_y": 3626.1, "easting": 553077.1, "northing": 379447.0, "epsg_source": 22391}}, {"type": "Feature", "geometry": {"type": "Point", "coordinates": [10.34438, 36.72602]}, "properties": {"record_id": "oai:u-bordeaux-montaigne.fr:340407", "symbol_class": "building", "pixel_x": 3360.9, "pixel_y": 3627.3, "easting": 539634.5, "northing": 380458.6, "epsg_source": 22391}}, {"type": "Feature", "geometry": {"type": "Point", "coordinates": [10.35011, 36.72572]}, "properties": {"record_id": "oai:u-bordeaux-montaigne.fr:340407", "symbol_class": "building", "pixel_x": 3479.7, "pixel_y": 3625.3, "easting": 540146.4, "northing": 380428.2, "epsg_source": 22391}}, {"type": "Feature", "geometry": {"type": "Point", "coordinates": [10.32644, 36.72708]}, "properties": {"record_id": "oai:u-bordeaux-montaigne.fr:340407", "symbol_class": "building", "pixel_x": 2988.8, "pixel_y": 3629.8, "easting": 538031.9, "northing": 380569.3, "epsg_source": 22391}}, {"type": "Feature", "geometry": {"type": "Point", "coordinates": [10.35488, 36.72498]}, "properties": {"record_id": "oai:u-bordeaux-montaigne.fr:340407", "symbol_class": "building", "pixel_x": 3579.7, "pixel_y": 3636.8, "easting": 540573.2, "northing": 380347.4, "epsg_source": 22391}}, {"type": "Feature", "geometry": {"type": "Point", "coordinates": [10.55845, 36.71174]}, "properties": {"record_id": "oai:u-bordeaux-montaigne.fr:340407", "symbol_class": "building", "pixel_x": 7805.5, "pixel_y": 3634.4, "easting": 558762.8, "northing": 378982.2, "epsg_source": 22391}}, {"type": "Feature", "geometry": {"type": "Point", "coordinates": [10.55979, 36.7117]}, "properties": {"record_id": "oai:u-bordeaux-montaigne.fr:340407", "symbol_class": "building", "pixel_x": 7833.1, "pixel_y": 3632.9, "easting": 558881.9, "northing": 378979.6, "epsg_source": 22391}}, {"type": "Feature", "geometry": {"type": "Point", "coordinates": [10.25295, 36.73162]}, "properties": {"record_id": "oai:u-bordeaux-montaigne.fr:340407", "symbol_class": "building", "pixel_x": 1463.9, "pixel_y": 3634.3, "easting": 531467.2, "northing": 381046.6, "epsg_source": 22391}}, {"type": "Feature", "geometry": {"type": "Point", "coordinates": [10.3494, 36.72521]}, "properties": {"record_id": "oai:u-bordeaux-montaigne.fr:340407", "symbol_class": "building", "pixel_x": 3466.1, "pixel_y": 3639.9, "easting": 540083.4, "northing": 380371.2, "epsg_source": 22391}}, {"type": "Feature", "geometry": {"type": "Point", "coordinates": [10.49485, 36.71563]}, "properties": {"record_id": "oai:u-bordeaux-montaigne.fr:340407", "symbol_class": "building", "pixel_x": 6485.6, "pixel_y": 3642.4, "easting": 553079.1, "northing": 379378.0, "epsg_source": 22391}}, {"type": "Feature", "geometry": {"type": "Point", "coordinates": [10.34221, 36.7255]}, "properties": {"record_id": "oai:u-bordeaux-montaigne.fr:340407", "symbol_class": "building", "pixel_x": 3317.3, "pixel_y": 3644.7, "easting": 539441.2, "northing": 380399.7, "epsg_source": 22391}}, {"type": "Feature", "geometry": {"type": "Point", "coordinates": [10.35539, 36.72463]}, "properties": {"record_id": "oai:u-bordeaux-montaigne.fr:340407", "symbol_class": "building", "pixel_x": 3591.0, "pixel_y": 3645.1, "easting": 540619.0, "northing": 380308.7, "epsg_source": 22391}}, {"type": "Feature", "geometry": {"type": "Point", "coordinates": [10.34973, 36.72492]}, "properties": {"record_id": "oai:u-bordeaux-montaigne.fr:340407", "symbol_class": "building", "pixel_x": 3473.5, "pixel_y": 3647.1, "easting": 540113.0, "northing": 380338.7, "epsg_source": 22391}}, {"type": "Feature", "geometry": {"type": "Point", "coordinates": [10.33409, 36.72586]}, "properties": {"record_id": "oai:u-bordeaux-montaigne.fr:340407", "symbol_class": "building", "pixel_x": 3149.2, "pixel_y": 3648.7, "easting": 538716.3, "northing": 380437.3, "epsg_source": 22391}}, {"type": "Feature", "geometry": {"type": "Point", "coordinates": [10.25678, 36.73074]}, "properties": {"record_id": "oai:u-bordeaux-montaigne.fr:340407", "symbol_class": "building", "pixel_x": 1544.8, "pixel_y": 3650.9, "easting": 531810.1, "northing": 380950.5, "epsg_source": 22391}}, {"type": "Feature", "geometry": {"type": "Point", "coordinates": [10.34031, 36.72537]}, "properties": {"record_id": "oai:u-bordeaux-montaigne.fr:340407", "symbol_class": "building", "pixel_x": 3278.4, "pixel_y": 3651.2, "easting": 539271.7, "northing": 380384.9, "epsg_source": 22391}}, {"type": "Feature", "geometry": {"type": "Point", "coordinates": [10.53416, 36.71261]}, "properties": {"record_id": "oai:u-bordeaux-montaigne.fr:340407", "symbol_class": "building", "pixel_x": 7302.6, "pixel_y": 3653.7, "easting": 556592.1, "northing": 379064.6, "epsg_source": 22391}}, {"type": "Feature", "geometry": {"type": "Point", "coordinates": [10.56223, 36.71031]}, "properties": {"record_id": "oai:u-bordeaux-montaigne.fr:340407", "symbol_class": "building", "pixel_x": 7886.3, "pixel_y": 3665.1, "easting": 559100.9, "northing": 378826.5, "epsg_source": 22391}}, {"type": "Feature", "geometry": {"type": "Point", "coordinates": [10.25741, 36.73011]}, "properties": {"record_id": "oai:u-bordeaux-montaigne.fr:340407", "symbol_class": "building", "pixel_x": 1559.0, "pixel_y": 3666.4, "easting": 531866.2, "northing": 380880.7, "epsg_source": 22391}}, {"type": "Feature", "geometry": {"type": "Point", "coordinates": [10.4488, 36.71726]}, "properties": {"record_id": "oai:u-bordeaux-montaigne.fr:340407", "symbol_class": "building", "pixel_x": 5532.5, "pixel_y": 3679.0, "easting": 548965.2, "northing": 379534.4, "epsg_source": 22391}}, {"type": "Feature", "geometry": {"type": "Point", "coordinates": [10.53072, 36.71196]}, "properties": {"record_id": "oai:u-bordeaux-montaigne.fr:340407", "symbol_class": "building", "pixel_x": 7233.2, "pixel_y": 3676.6, "easting": 556286.0, "northing": 378990.8, "epsg_source": 22391}}, {"type": "Feature", "geometry": {"type": "Point", "coordinates": [10.52962, 36.71198]}, "properties": {"record_id": "oai:u-bordeaux-montaigne.fr:340407", "symbol_class": "building", "pixel_x": 7210.2, "pixel_y": 3678.1, "easting": 556186.9, "northing": 378991.8, "epsg_source": 22391}}, {"type": "Feature", "geometry": {"type": "Point", "coordinates": [10.56227, 36.70968]}, "properties": {"record_id": "oai:u-bordeaux-montaigne.fr:340407", "symbol_class": "building", "pixel_x": 7888.5, "pixel_y": 3681.7, "easting": 559105.0, "northing": 378755.9, "epsg_source": 22391}}, {"type": "Feature", "geometry": {"type": "Point", "coordinates": [10.38256, 36.72131]}, "properties": {"record_id": "oai:u-bordeaux-montaigne.fr:340407", "symbol_class": "building", "pixel_x": 4158.1, "pixel_y": 3686.1, "easting": 543047.2, "northing": 379951.9, "epsg_source": 22391}}, {"type": "Feature", "geometry": {"type": "Point", "coordinates": [10.52786, 36.71198]}, "properties": {"record_id": "oai:u-bordeaux-montaigne.fr:340407", "symbol_class": "building", "pixel_x": 7174.1, "pixel_y": 3680.9, "easting": 556030.5, "northing": 378991.8, "epsg_source": 22391}}, {"type": "Feature", "geometry": {"type": "Point", "coordinates": [10.25573, 36.72946]}, "properties": {"record_id": "oai:u-bordeaux-montaigne.fr:340407", "symbol_class": "building", "pixel_x": 1525.7, "pixel_y": 3686.4, "easting": 531716.6, "northing": 380807.4, "epsg_source": 22391}}, {"type": "Feature", "geometry": {"type": "Point", "coordinates": [10.52616, 36.71198]}, "properties": {"record_id": "oai:u-bordeaux-montaigne.fr:340407", "symbol_class": "building", "pixel_x": 7138.9, "pixel_y": 3683.9, "easting": 555878.2, "northing": 378990.6, "epsg_source": 22391}}, {"type": "Feature", "geometry": {"type": "Point", "coordinates": [10.52288, 36.712]}, "properties": {"record_id": "oai:u-bordeaux-montaigne.fr:340407", "symbol_class": "building", "pixel_x": 7071.3, "pixel_y": 3689.3, "easting": 555585.5, "northing": 378990.2, "epsg_source": 22391}}, {"type": "Feature", "geometry": {"type": "Point", "coordinates": [10.5221, 36.71199]}, "properties": {"record_id": "oai:u-bordeaux-montaigne.fr:340407", "symbol_class": "building", "pixel_x": 7055.2, "pixel_y": 3690.7, "easting": 555515.7, "northing": 378989.4, "epsg_source": 22391}}, {"type": "Feature", "geometry": {"type": "Point", "coordinates": [10.34565, 36.72342]}, "properties": {"record_id": "oai:u-bordeaux-montaigne.fr:340407", "symbol_class": "building", "pixel_x": 3392.5, "pixel_y": 3693.4, "easting": 539749.7, "northing": 380170.2, "epsg_source": 22391}}, {"type": "Feature", "geometry": {"type": "Point", "coordinates": [10.35243, 36.72286]}, "properties": {"record_id": "oai:u-bordeaux-montaigne.fr:340407", "symbol_class": "building", "pixel_x": 3533.5, "pixel_y": 3696.6, "easting": 540355.5, "northing": 380111.0, "epsg_source": 22391}}, {"type": "Feature", "geometry": {"type": "Point", "coordinates": [10.51935, 36.71203]}, "properties": {"record_id": "oai:u-bordeaux-montaigne.fr:340407", "symbol_class": "building", "pixel_x": 6998.3, "pixel_y": 3694.5, "easting": 555269.7, "northing": 378991.8, "epsg_source": 22391}}, {"type": "Feature", "geometry": {"type": "Point", "coordinates": [10.27038, 36.72794]}, "properties": {"record_id": "oai:u-bordeaux-montaigne.fr:340407", "symbol_class": "building", "pixel_x": 1830.9, "pixel_y": 3701.5, "easting": 533025.9, "northing": 380644.2, "epsg_source": 22391}}, {"type": "Feature", "geometry": {"type": "Point", "coordinates": [10.30996, 36.7255]}, "properties": {"record_id": "oai:u-bordeaux-montaigne.fr:340407", "symbol_class": "building", "pixel_x": 2652.0, "pixel_y": 3698.9, "easting": 536560.9, "northing": 380388.0, "epsg_source": 22391}}, {"type": "Feature", "geometry": {"type": "Point", "coordinates": [10.50603, 36.71256]}, "properties": {"record_id": "oai:u-bordeaux-montaigne.fr:340407", "symbol_class": "building", "pixel_x": 6722.5, "pixel_y": 3703.7, "easting": 554079.8, "northing": 379043.0, "epsg_source": 22391}}, {"type": "Feature", "geometry": {"type": "Point", "coordinates": [10.51847, 36.71201]}, "properties": {"record_id": "oai:u-bordeaux-montaigne.fr:340407", "symbol_class": "building", "pixel_x": 6980.2, "pixel_y": 3696.5, "easting": 555191.0, "northing": 378989.3, "epsg_source": 22391}}, {"type": "Feature", "geometry": {"type": "Point", "coordinates": [10.32647, 36.72436]}, "properties": {"record_id": "oai:u-bordeaux-montaigne.fr:340407", "symbol_class": "building", "pixel_x": 2994.9, "pixel_y": 3701.0, "easting": 538036.0, "northing": 380267.5, "epsg_source": 22391}}, {"type": "Feature", "geometry": {"type": "Point", "coordinates": [10.35171, 36.72263]}, "properties": {"record_id": "oai:u-bordeaux-montaigne.fr:340407", "symbol_class": "building", "pixel_x": 3519.1, "pixel_y": 3703.8, "easting": 540291.6, "northing": 380085.2, "epsg_source": 22391}}, {"type": "Feature", "geometry": {"type": "Point", "coordinates": [10.53085, 36.7108]}, "properties": {"record_id": "oai:u-bordeaux-montaigne.fr:340407", "symbol_class": "building", "pixel_x": 7238.1, "pixel_y": 3706.8, "easting": 556298.0, "northing": 378862.3, "epsg_source": 22391}}, {"type": "Feature", "geometry": {"type": "Point", "coordinates": [10.50927, 36.7121]}, "properties": {"record_id": "oai:u-bordeaux-montaigne.fr:340407", "symbol_class": "building", "pixel_x": 6790.3, "pixel_y": 3710.0, "easting": 554369.6, "northing": 378994.3, "epsg_source": 22391}}, {"type": "Feature", "geometry": {"type": "Point", "coordinates": [10.28351, 36.72651]}, "properties": {"record_id": "oai:u-bordeaux-montaigne.fr:340407", "symbol_class": "building", "pixel_x": 2104.5, "pixel_y": 3717.1, "easting": 534198.5, "northing": 380489.6, "epsg_source": 22391}}, {"type": "Feature", "geometry": {"type": "Point", "coordinates": [10.35482, 36.722]}, "properties": {"record_id": "oai:u-bordeaux-montaigne.fr:340407", "symbol_class": "building", "pixel_x": 3584.5, "pixel_y": 3715.0, "easting": 540569.4, "northing": 380016.9, "epsg_source": 22391}}, {"type": "Feature", "geometry": {"type": "Point", "coordinates": [10.50598, 36.71211]}, "properties": {"record_id": "oai:u-bordeaux-montaigne.fr:340407", "symbol_class": "building", "pixel_x": 6722.4, "pixel_y": 3715.4, "easting": 554075.5, "northing": 378993.9, "epsg_source": 22391}}, {"type": "Feature", "geometry": {"type": "Point", "coordinates": [10.56448, 36.7081]}, "properties": {"record_id": "oai:u-bordeaux-montaigne.fr:340407", "symbol_class": "building", "pixel_x": 7937.4, "pixel_y": 3719.1, "easting": 559304.1, "northing": 378582.8, "epsg_source": 22391}}, {"type": "Feature", "geometry": {"type": "Point", "coordinates": [10.31501, 36.72439]}, "properties": {"record_id": "oai:u-bordeaux-montaigne.fr:340407", "symbol_class": "building", "pixel_x": 2758.5, "pixel_y": 3719.5, "easting": 537012.7, "northing": 380266.8, "epsg_source": 22391}}, {"type": "Feature", "geometry": {"type": "Point", "coordinates": [10.25852, 36.72783]}, "properties": {"record_id": "oai:u-bordeaux-montaigne.fr:340407", "symbol_class": "building", "pixel_x": 1586.4, "pixel_y": 3724.4, "easting": 531966.0, "northing": 380627.9, "epsg_source": 22391}}, {"type": "Feature", "geometry": {"type": "Point", "coordinates": [10.34449, 36.72239]}, "properties": {"record_id": "oai:u-bordeaux-montaigne.fr:340407", "symbol_class": "building", "pixel_x": 3370.5, "pixel_y": 3722.3, "easting": 539646.1, "northing": 380056.0, "epsg_source": 22391}}, {"type": "Feature", "geometry": {"type": "Point", "coordinates": [10.51729, 36.711]}, "properties": {"record_id": "oai:u-bordeaux-montaigne.fr:340407", "symbol_class": "building", "pixel_x": 6957.9, "pixel_y": 3725.0, "easting": 555086.3, "northing": 378876.8, "epsg_source": 22391}}, {"type": "Feature", "geometry": {"type": "Point", "coordinates": [10.32645, 36.72306]}, "properties": {"record_id": "oai:u-bordeaux-montaigne.fr:340407", "symbol_class": "building", "pixel_x": 2997.1, "pixel_y": 3735.1, "easting": 538034.7, "northing": 380123.4, "epsg_source": 22391}}, {"type": "Feature", "geometry": {"type": "Point", "coordinates": [10.25518, 36.72783]}, "properties": {"record_id": "oai:u-bordeaux-montaigne.fr:340407", "symbol_class": "building", "pixel_x": 1517.6, "pixel_y": 3729.8, "easting": 531668.5, "northing": 380627.3, "epsg_source": 22391}}, {"type": "Feature", "geometry": {"type": "Point", "coordinates": [10.53981, 36.70918]}, "properties": {"record_id": "oai:u-bordeaux-montaigne.fr:340407", "symbol_class": "building", "pixel_x": 7426.4, "pixel_y": 3733.7, "easting": 557099.9, "northing": 378687.8, "epsg_source": 22391}}, {"type": "Feature", "geometry": {"type": "Point", "coordinates": [10.52897, 36.70985]}, "properties": {"record_id": "oai:u-bordeaux-montaigne.fr:340407", "symbol_class": "building", "pixel_x": 7201.3, "pixel_y": 3735.1, "easting": 556130.8, "northing": 378755.2, "epsg_source": 22391}}, {"type": "Feature", "geometry": {"type": "Point", "coordinates": [10.56222, 36.70751]}, "properties": {"record_id": "oai:u-bordeaux-montaigne.fr:340407", "symbol_class": "building", "pixel_x": 7892.1, "pixel_y": 3738.5, "easting": 559102.9, "northing": 378516.0, "epsg_source": 22391}}, {"type": "Feature", "geometry": {"type": "Point", "coordinates": [10.34287, 36.72206]}, "properties": {"record_id": "oai:u-bordeaux-montaigne.fr:340407", "symbol_class": "building", "pixel_x": 3337.9, "pixel_y": 3733.7, "easting": 539502.2, "northing": 380018.3, "epsg_source": 22391}}, {"type": "Feature", "geometry": {"type": "Point", "coordinates": [10.51727, 36.71062]}, "properties": {"record_id": "oai:u-bordeaux-montaigne.fr:340407", "symbol_class": "building", "pixel_x": 6958.4, "pixel_y": 3734.9, "easting": 555085.2, "northing": 378834.9, "epsg_source": 22391}}, {"type": "Feature", "geometry": {"type": "Point", "coordinates": [10.2558, 36.72749]}, "properties": {"record_id": "oai:u-bordeaux-montaigne.fr:340407", "symbol_class": "building", "pixel_x": 1531.1, "pixel_y": 3737.9, "easting": 531723.9, "northing": 380588.8, "epsg_source": 22391}}, {"type": "Feature", "geometry": {"type": "Point", "coordinates": [10.26592, 36.72688]}, "properties": {"record_id": "oai:u-bordeaux-montaigne.fr:340407", "symbol_class": "building", "pixel_x": 1741.0, "pixel_y": 3737.0, "easting": 532627.7, "northing": 380524.5, "epsg_source": 22391}}, {"type": "Feature", "geometry": {"type": "Point", "coordinates": [10.34077, 36.72207]}, "properties": {"record_id": "oai:u-bordeaux-montaigne.fr:340407", "symbol_class": "building", "pixel_x": 3294.5, "pixel_y": 3737.0, "easting": 539314.2, "northing": 380018.6, "epsg_source": 22391}}, {"type": "Feature", "geometry": {"type": "Point", "coordinates": [10.26487, 36.72658]}, "properties": {"record_id": "oai:u-bordeaux-montaigne.fr:340407", "symbol_class": "building", "pixel_x": 1719.9, "pixel_y": 3746.5, "easting": 532533.8, "northing": 380491.2, "epsg_source": 22391}}, {"type": "Feature", "geometry": {"type": "Point", "coordinates": [10.34019, 36.72209]}, "properties": {"record_id": "oai:u-bordeaux-montaigne.fr:340407", "symbol_class": "building", "pixel_x": 3282.6, "pixel_y": 3737.3, "easting": 539262.8, "northing": 380021.5, "epsg_source": 22391}}, {"type": "Feature", "geometry": {"type": "Point", "coordinates": [10.25689, 36.72718]}, "properties": {"record_id": "oai:u-bordeaux-montaigne.fr:340407", "symbol_class": "building", "pixel_x": 1554.1, "pixel_y": 3744.2, "easting": 531821.0, "northing": 380554.9, "epsg_source": 22391}}, {"type": "Feature", "geometry": {"type": "Point", "coordinates": [10.33908, 36.722]}, "properties": {"record_id": "oai:u-bordeaux-montaigne.fr:340407", "symbol_class": "building", "pixel_x": 3259.8, "pixel_y": 3741.5, "easting": 539163.5, "northing": 380011.0, "epsg_source": 22391}}, {"type": "Feature", "geometry": {"type": "Point", "coordinates": [10.29132, 36.72493]}, "properties": {"record_id": "oai:u-bordeaux-montaigne.fr:340407", "symbol_class": "building", "pixel_x": 2268.8, "pixel_y": 3745.4, "easting": 534896.6, "northing": 380317.3, "epsg_source": 22391}}, {"type": "Feature", "geometry": {"type": "Point", "coordinates": [10.53707, 36.70874]}, "properties": {"record_id": "oai:u-bordeaux-montaigne.fr:340407", "symbol_class": "building", "pixel_x": 7370.8, "pixel_y": 3750.0, "easting": 556855.5, "northing": 378637.4, "epsg_source": 22391}}, {"type": "Feature", "geometry": {"type": "Point", "coordinates": [10.29281, 36.72457]}, "properties": {"record_id": "oai:u-bordeaux-montaigne.fr:340407", "symbol_class": "building", "pixel_x": 2300.3, "pixel_y": 3752.3, "easting": 535030.2, "northing": 380277.8, "epsg_source": 22391}}, {"type": "Feature", "geometry": {"type": "Point", "coordinates": [10.33326, 36.72211]}, "properties": {"record_id": "oai:u-bordeaux-montaigne.fr:340407", "symbol_class": "building", "pixel_x": 3139.5, "pixel_y": 3748.5, "easting": 538643.7, "northing": 380020.6, "epsg_source": 22391}}, {"type": "Feature", "geometry": {"type": "Point", "coordinates": [10.29099, 36.72478]}, "properties": {"record_id": "oai:u-bordeaux-montaigne.fr:340407", "symbol_class": "building", "pixel_x": 2262.3, "pixel_y": 3749.9, "easting": 534867.3, "northing": 380300.6, "epsg_source": 22391}}, {"type": "Feature", "geometry": {"type": "Point", "coordinates": [10.33122, 36.72211]}, "properties": {"record_id": "oai:u-bordeaux-montaigne.fr:340407", "symbol_class": "building", "pixel_x": 3097.4, "pixel_y": 3751.9, "easting": 538461.1, "northing": 380020.1, "epsg_source": 22391}}, {"type": "Feature", "geometry": {"type": "Point", "coordinates": [10.5398, 36.70828]}, "properties": {"record_id": "oai:u-bordeaux-montaigne.fr:340407", "symbol_class": "building", "pixel_x": 7427.9, "pixel_y": 3757.4, "easting": 557098.9, "northing": 378587.7, "epsg_source": 22391}}, {"type": "Feature", "geometry": {"type": "Point", "coordinates": [10.36332, 36.71983]}, "properties": {"record_id": "oai:u-bordeaux-montaigne.fr:340407", "symbol_class": "building", "pixel_x": 3764.1, "pixel_y": 3757.3, "easting": 541329.1, "northing": 379780.4, "epsg_source": 22391}}, {"type": "Feature", "geometry": {"type": "Point", "coordinates": [10.51729, 36.70961]}, "properties": {"record_id": "oai:u-bordeaux-montaigne.fr:340407", "symbol_class": "building", "pixel_x": 6960.9, "pixel_y": 3761.4, "easting": 555087.9, "northing": 378722.7, "epsg_source": 22391}}, {"type": "Feature", "geometry": {"type": "Point", "coordinates": [10.52802, 36.7089]}, "properties": {"record_id": "oai:u-bordeaux-montaigne.fr:340407", "symbol_class": "building", "pixel_x": 7183.7, "pixel_y": 3761.7, "easting": 556046.8, "northing": 378649.2, "epsg_source": 22391}}, {"type": "Feature", "geometry": {"type": "Point", "coordinates": [10.32749, 36.72212]}, "properties": {"record_id": "oai:u-bordeaux-montaigne.fr:340407", "symbol_class": "building", "pixel_x": 3020.5, "pixel_y": 3758.1, "easting": 538128.5, "northing": 380019.0, "epsg_source": 22391}}, {"type": "Feature", "geometry": {"type": "Point", "coordinates": [10.33771, 36.72135]}, "properties": {"record_id": "oai:u-bordeaux-montaigne.fr:340407", "symbol_class": "building", "pixel_x": 3232.9, "pixel_y": 3761.1, "easting": 539041.5, "northing": 379937.5, "epsg_source": 22391}}, {"type": "Feature", "geometry": {"type": "Point", "coordinates": [10.3242, 36.72213]}, "properties": {"record_id": "oai:u-bordeaux-montaigne.fr:340407", "symbol_class": "building", "pixel_x": 2952.5, "pixel_y": 3763.2, "easting": 537834.2, "northing": 380019.6, "epsg_source": 22391}}, {"type": "Feature", "geometry": {"type": "Point", "coordinates": [10.32508, 36.72215]}, "properties": {"record_id": "oai:u-bordeaux-montaigne.fr:340407", "symbol_class": "building", "pixel_x": 2970.7, "pixel_y": 3761.3, "easting": 537912.8, "northing": 380021.7, "epsg_source": 22391}}, {"type": "Feature", "geometry": {"type": "Point", "coordinates": [10.25863, 36.72628]}, "properties": {"record_id": "oai:u-bordeaux-montaigne.fr:340407", "symbol_class": "building", "pixel_x": 1591.8, "pixel_y": 3764.8, "easting": 531976.8, "northing": 380456.0, "epsg_source": 22391}}, {"type": "Feature", "geometry": {"type": "Point", "coordinates": [10.28876, 36.72423]}, "properties": {"record_id": "oai:u-bordeaux-montaigne.fr:340407", "symbol_class": "building", "pixel_x": 2217.3, "pixel_y": 3768.0, "easting": 534668.3, "northing": 380239.0, "epsg_source": 22391}}, {"type": "Feature", "geometry": {"type": "Point", "coordinates": [10.32306, 36.72214]}, "properties": {"record_id": "oai:u-bordeaux-montaigne.fr:340407", "symbol_class": "building", "pixel_x": 2929.1, "pixel_y": 3765.0, "easting": 537733.0, "northing": 380020.1, "epsg_source": 22391}}, {"type": "Feature", "geometry": {"type": "Point", "coordinates": [10.35573, 36.71981]}, "properties": {"record_id": "oai:u-bordeaux-montaigne.fr:340407", "symbol_class": "building", "pixel_x": 3607.7, "pixel_y": 3770.9, "easting": 540651.9, "northing": 379774.0, "epsg_source": 22391}}, {"type": "Feature", "geometry": {"type": "Point", "coordinates": [10.52422, 36.70874]}, "properties": {"record_id": "oai:u-bordeaux-montaigne.fr:340407", "symbol_class": "building", "pixel_x": 7105.7, "pixel_y": 3772.2, "easting": 555707.5, "northing": 378630.2, "epsg_source": 22391}}, {"type": "Feature", "geometry": {"type": "Point", "coordinates": [10.29845, 36.72323]}, "properties": {"record_id": "oai:u-bordeaux-montaigne.fr:340407", "symbol_class": "building", "pixel_x": 2419.3, "pixel_y": 3777.9, "easting": 535534.6, "northing": 380131.7, "epsg_source": 22391}}, {"type": "Feature", "geometry": {"type": "Point", "coordinates": [10.53573, 36.70763]}, "properties": {"record_id": "oai:u-bordeaux-montaigne.fr:340407", "symbol_class": "building", "pixel_x": 7345.4, "pixel_y": 3781.4, "easting": 556736.3, "northing": 378513.4, "epsg_source": 22391}}, {"type": "Feature", "geometry": {"type": "Point", "coordinates": [10.36018, 36.71912]}, "properties": {"record_id": "oai:u-bordeaux-montaigne.fr:340407", "symbol_class": "building", "pixel_x": 3700.8, "pixel_y": 3781.3, "easting": 541049.4, "northing": 379700.2, "epsg_source": 22391}}, {"type": "Feature", "geometry": {"type": "Point", "coordinates": [10.3121, 36.72216]}, "properties": {"record_id": "oai:u-bordeaux-montaigne.fr:340407", "symbol_class": "building", "pixel_x": 2702.9, "pixel_y": 3783.1, "easting": 536753.5, "northing": 380017.5, "epsg_source": 22391}}, {"type": "Feature", "geometry": {"type": "Point", "coordinates": [10.49486, 36.71026]}, "properties": {"record_id": "oai:u-bordeaux-montaigne.fr:340407", "symbol_class": "building", "pixel_x": 6496.9, "pixel_y": 3783.4, "easting": 553083.8, "northing": 378781.4, "epsg_source": 22391}}, {"type": "Feature", "geometry": {"type": "Point", "coordinates": [10.52446, 36.70833]}, "properties": {"record_id": "oai:u-bordeaux-montaigne.fr:340407", "symbol_class": "building", "pixel_x": 7111.5, "pixel_y": 3782.7, "easting": 555729.2, "northing": 378584.2, "epsg_source": 22391}}, {"type": "Feature", "geometry": {"type": "Point", "coordinates": [10.27034, 36.72464]}, "properties": {"record_id": "oai:u-bordeaux-montaigne.fr:340407", "symbol_class": "building", "pixel_x": 1836.5, "pixel_y": 3788.2, "easting": 533022.9, "northing": 380277.8, "epsg_source": 22391}}, {"type": "Feature", "geometry": {"type": "Point", "coordinates": [10.55095, 36.70623]}, "properties": {"record_id": "oai:u-bordeaux-montaigne.fr:340407", "symbol_class": "building", "pixel_x": 7662.3, "pixel_y": 3791.8, "easting": 558097.1, "northing": 378366.8, "epsg_source": 22391}}, {"type": "Feature", "geometry": {"type": "Point", "coordinates": [10.35543, 36.71901]}, "properties": {"record_id": "oai:u-bordeaux-montaigne.fr:340407", "symbol_class": "building", "pixel_x": 3603.0, "pixel_y": 3792.4, "easting": 540624.8, "northing": 379685.3, "epsg_source": 22391}}, {"type": "Feature", "geometry": {"type": "Point", "coordinates": [10.30596, 36.7222]}, "properties": {"record_id": "oai:u-bordeaux-montaigne.fr:340407", "symbol_class": "building", "pixel_x": 2576.2, "pixel_y": 3792.4, "easting": 536205.1, "northing": 380019.5, "epsg_source": 22391}}, {"type": "Feature", "geometry": {"type": "Point", "coordinates": [10.49481, 36.70979]}, "properties": {"record_id": "oai:u-bordeaux-montaigne.fr:340407", "symbol_class": "building", "pixel_x": 6496.9, "pixel_y": 3795.6, "easting": 553080.0, "northing": 378729.9, "epsg_source": 22391}}, {"type": "Feature", "geometry": {"type": "Point", "coordinates": [10.53695, 36.70698]}, "properties": {"record_id": "oai:u-bordeaux-montaigne.fr:340407", "symbol_class": "building", "pixel_x": 7371.9, "pixel_y": 3796.3, "easting": 556845.9, "northing": 378442.0, "epsg_source": 22391}}, {"type": "Feature", "geometry": {"type": "Point", "coordinates": [10.52274, 36.70769]}, "properties": {"record_id": "oai:u-bordeaux-montaigne.fr:340407", "symbol_class": "building", "pixel_x": 7077.2, "pixel_y": 3802.3, "easting": 555575.6, "northing": 378512.7, "epsg_source": 22391}}, {"type": "Feature", "geometry": {"type": "Point", "coordinates": [10.551, 36.70575]}, "properties": {"record_id": "oai:u-bordeaux-montaigne.fr:340407", "symbol_class": "building", "pixel_x": 7664.3, "pixel_y": 3804.2, "easting": 558102.0, "northing": 378313.8, "epsg_source": 22391}}, {"type": "Feature", "geometry": {"type": "Point", "coordinates": [10.27033, 36.72387]}, "properties": {"record_id": "oai:u-bordeaux-montaigne.fr:340407", "symbol_class": "building", "pixel_x": 1838.0, "pixel_y": 3808.4, "easting": 533022.9, "northing": 380192.3, "epsg_source": 22391}}, {"type": "Feature", "geometry": {"type": "Point", "coordinates": [10.53043, 36.70699]}, "properties": {"record_id": "oai:u-bordeaux-montaigne.fr:340407", "symbol_class": "building", "pixel_x": 7237.4, "pixel_y": 3807.4, "easting": 556263.5, "northing": 378439.4, "epsg_source": 22391}}, {"type": "Feature", "geometry": {"type": "Point", "coordinates": [10.32643, 36.72023]}, "properties": {"record_id": "oai:u-bordeaux-montaigne.fr:340407", "symbol_class": "building", "pixel_x": 3002.4, "pixel_y": 3809.3, "easting": 538034.4, "northing": 379809.6, "epsg_source": 22391}}, {"type": "Feature", "geometry": {"type": "Point", "coordinates": [10.35817, 36.71802]}, "properties": {"record_id": "oai:u-bordeaux-montaigne.fr:340407", "symbol_class": "building", "pixel_x": 3661.6, "pixel_y": 3813.8, "easting": 540870.4, "northing": 379576.4, "epsg_source": 22391}}, {"type": "Feature", "geometry": {"type": "Point", "coordinates": [10.35902, 36.71798]}, "properties": {"record_id": "oai:u-bordeaux-montaigne.fr:340407", "symbol_class": "building", "pixel_x": 3679.3, "pixel_y": 3813.1, "easting": 540946.7, "northing": 379573.2, "epsg_source": 22391}}, {"type": "Feature", "geometry": {"type": "Point", "coordinates": [10.36016, 36.71775]}, "properties": {"record_id": "oai:u-bordeaux-montaigne.fr:340407", "symbol_class": "building", "pixel_x": 3703.1, "pixel_y": 3817.4, "easting": 541047.9, "northing": 379547.7, "epsg_source": 22391}}, {"type": "Feature", "geometry": {"type": "Point", "coordinates": [10.2877, 36.72228]}, "properties": {"record_id": "oai:u-bordeaux-montaigne.fr:340407", "symbol_class": "building", "pixel_x": 2199.4, "pixel_y": 3821.0, "easting": 534574.6, "northing": 380021.9, "epsg_source": 22391}}, {"type": "Feature", "geometry": {"type": "Point", "coordinates": [10.2451, 36.72476]}, "properties": {"record_id": "oai:u-bordeaux-montaigne.fr:340407", "symbol_class": "building", "pixel_x": 1315.8, "pixel_y": 3827.3, "easting": 530769.2, "northing": 380283.0, "epsg_source": 22391}}, {"type": "Feature", "geometry": {"type": "Point", "coordinates": [10.304, 36.7207]}, "properties": {"record_id": "oai:u-bordeaux-montaigne.fr:340407", "symbol_class": "building", "pixel_x": 2538.9, "pixel_y": 3834.9, "easting": 536031.5, "northing": 379852.7, "epsg_source": 22391}}, {"type": "Feature", "geometry": {"type": "Point", "coordinates": [10.27603, 36.72269]}, "properties": {"record_id": "oai:u-bordeaux-montaigne.fr:340407", "symbol_class": "building", "pixel_x": 1957.8, "pixel_y": 3829.6, "easting": 533532.0, "northing": 380064.1, "epsg_source": 22391}}, {"type": "Feature", "geometry": {"type": "Point", "coordinates": [10.51359, 36.70708]}, "properties": {"record_id": "oai:u-bordeaux-montaigne.fr:340407", "symbol_class": "building", "pixel_x": 6889.9, "pixel_y": 3834.2, "easting": 554759.1, "northing": 378439.7, "epsg_source": 22391}}, {"type": "Feature", "geometry": {"type": "Point", "coordinates": [10.27824, 36.72233]}, "properties": {"record_id": "oai:u-bordeaux-montaigne.fr:340407", "symbol_class": "building", "pixel_x": 2004.1, "pixel_y": 3835.5, "easting": 533729.5, "northing": 380024.6, "epsg_source": 22391}}, {"type": "Feature", "geometry": {"type": "Point", "coordinates": [10.41075, 36.71354]}, "properties": {"record_id": "oai:u-bordeaux-montaigne.fr:340407", "symbol_class": "building", "pixel_x": 4755.3, "pixel_y": 3841.7, "easting": 545569.2, "northing": 379102.8, "epsg_source": 22391}}, {"type": "Feature", "geometry": {"type": "Point", "coordinates": [10.27593, 36.72238]}, "properties": {"record_id": "oai:u-bordeaux-montaigne.fr:340407", "symbol_class": "building", "pixel_x": 1956.5, "pixel_y": 3838.2, "easting": 533523.9, "northing": 380028.7, "epsg_source": 22391}}, {"type": "Feature", "geometry": {"type": "Point", "coordinates": [10.27528, 36.72233]}, "properties": {"record_id": "oai:u-bordeaux-montaigne.fr:340407", "symbol_class": "building", "pixel_x": 1943.1, "pixel_y": 3840.5, "easting": 533465.1, "northing": 380023.4, "epsg_source": 22391}}, {"type": "Feature", "geometry": {"type": "Point", "coordinates": [10.43255, 36.71196]}, "properties": {"record_id": "oai:u-bordeaux-montaigne.fr:340407", "symbol_class": "building", "pixel_x": 5208.2, "pixel_y": 3845.9, "easting": 547517.3, "northing": 378937.9, "epsg_source": 22391}}, {"type": "Feature", "geometry": {"type": "Point", "coordinates": [10.5768, 36.70255]}, "properties": {"record_id": "oai:u-bordeaux-montaigne.fr:340407", "symbol_class": "building", "pixel_x": 8203.0, "pixel_y": 3843.2, "easting": 560408.3, "northing": 377974.6, "epsg_source": 22391}}, {"type": "Feature", "geometry": {"type": "Point", "coordinates": [10.26611, 36.72241]}, "properties": {"record_id": "oai:u-bordeaux-montaigne.fr:340407", "symbol_class": "building", "pixel_x": 1753.9, "pixel_y": 3853.8, "easting": 532646.6, "northing": 380028.7, "epsg_source": 22391}}, {"type": "Feature", "geometry": {"type": "Point", "coordinates": [10.23821, 36.72398]}, "properties": {"record_id": "oai:u-bordeaux-montaigne.fr:340407", "symbol_class": "building", "pixel_x": 1175.1, "pixel_y": 3859.3, "easting": 530153.8, "northing": 380194.2, "epsg_source": 22391}}, {"type": "Feature", "geometry": {"type": "Point", "coordinates": [10.24789, 36.72304]}, "properties": {"record_id": "oai:u-bordeaux-montaigne.fr:340407", "symbol_class": "building", "pixel_x": 1376.8, "pixel_y": 3867.6, "easting": 531019.2, "northing": 380093.4, "epsg_source": 22391}}, {"type": "Feature", "geometry": {"type": "Point", "coordinates": [10.57845, 36.70185]}, "properties": {"record_id": "oai:u-bordeaux-montaigne.fr:340407", "symbol_class": "building", "pixel_x": 8238.6, "pixel_y": 3858.6, "easting": 560556.8, "northing": 377898.1, "epsg_source": 22391}}, {"type": "Feature", "geometry": {"type": "Point", "coordinates": [10.3264, 36.71801]}, "properties": {"record_id": "oai:u-bordeaux-montaigne.fr:340407", "symbol_class": "building", "pixel_x": 3006.3, "pixel_y": 3867.6, "easting": 538033.2, "northing": 379563.1, "epsg_source": 22391}}, {"type": "Feature", "geometry": {"type": "Point", "coordinates": [10.507, 36.70607]}, "properties": {"record_id": "oai:u-bordeaux-montaigne.fr:340407", "symbol_class": "building", "pixel_x": 6755.9, "pixel_y": 3872.0, "easting": 554170.6, "northing": 378324.1, "epsg_source": 22391}}, {"type": "Feature", "geometry": {"type": "Point", "coordinates": [10.31518, 36.7187]}, "properties": {"record_id": "oai:u-bordeaux-montaigne.fr:340407", "symbol_class": "building", "pixel_x": 2773.4, "pixel_y": 3868.4, "easting": 537030.5, "northing": 379635.5, "epsg_source": 22391}}, {"type": "Feature", "geometry": {"type": "Point", "coordinates": [10.4337, 36.71091]}, "properties": {"record_id": "oai:u-bordeaux-montaigne.fr:340407", "symbol_class": "building", "pixel_x": 5234.1, "pixel_y": 3871.4, "easting": 547620.9, "northing": 378821.9, "epsg_source": 22391}}, {"type": "Feature", "geometry": {"type": "Point", "coordinates": [10.40494, 36.71286]}, "properties": {"record_id": "oai:u-bordeaux-montaigne.fr:340407", "symbol_class": "building", "pixel_x": 4636.9, "pixel_y": 3869.4, "easting": 545051.0, "northing": 379024.8, "epsg_source": 22391}}, {"type": "Feature", "geometry": {"type": "Point", "coordinates": [10.28167, 36.72055]}, "properties": {"record_id": "oai:u-bordeaux-montaigne.fr:340407", "symbol_class": "building", "pixel_x": 2078.4, "pixel_y": 3876.5, "easting": 534036.5, "northing": 379827.6, "epsg_source": 22391}}, {"type": "Feature", "geometry": {"type": "Point", "coordinates": [10.56489, 36.70207]}, "properties": {"record_id": "oai:u-bordeaux-montaigne.fr:340407", "symbol_class": "building", "pixel_x": 7958.4, "pixel_y": 3876.7, "easting": 559344.9, "northing": 377913.3, "epsg_source": 22391}}, {"type": "Feature", "geometry": {"type": "Point", "coordinates": [10.55805, 36.70269]}, "properties": {"record_id": "oai:u-bordeaux-montaigne.fr:340407", "symbol_class": "building", "pixel_x": 7816.0, "pixel_y": 3872.2, "easting": 558733.6, "northing": 377978.5, "epsg_source": 22391}}, {"type": "Feature", "geometry": {"type": "Point", "coordinates": [10.31514, 36.71821]}, "properties": {"record_id": "oai:u-bordeaux-montaigne.fr:340407", "symbol_class": "building", "pixel_x": 2773.6, "pixel_y": 3881.5, "easting": 537027.0, "northing": 379580.5, "epsg_source": 22391}}, {"type": "Feature", "geometry": {"type": "Point", "coordinates": [10.551, 36.70303]}, "properties": {"record_id": "oai:u-bordeaux-montaigne.fr:340407", "symbol_class": "building", "pixel_x": 7669.9, "pixel_y": 3875.4, "easting": 558103.7, "northing": 378012.4, "epsg_source": 22391}}, {"type": "Feature", "geometry": {"type": "Point", "coordinates": [10.37749, 36.71435]}, "properties": {"record_id": "oai:u-bordeaux-montaigne.fr:340407", "symbol_class": "building", "pixel_x": 4067.5, "pixel_y": 3877.1, "easting": 542597.8, "northing": 379177.9, "epsg_source": 22391}}, {"type": "Feature", "geometry": {"type": "Point", "coordinates": [10.40941, 36.71215]}, "properties": {"record_id": "oai:u-bordeaux-montaigne.fr:340407", "symbol_class": "building", "pixel_x": 4730.5, "pixel_y": 3880.4, "easting": 545450.3, "northing": 378948.1, "epsg_source": 22391}}, {"type": "Feature", "geometry": {"type": "Point", "coordinates": [10.50177, 36.70592]}, "properties": {"record_id": "oai:u-bordeaux-montaigne.fr:340407", "symbol_class": "building", "pixel_x": 6648.4, "pixel_y": 3885.0, "easting": 553703.9, "northing": 378304.8, "epsg_source": 22391}}, {"type": "Feature", "geometry": {"type": "Point", "coordinates": [10.27036, 36.72077]}, "properties": {"record_id": "oai:u-bordeaux-montaigne.fr:340407", "symbol_class": "building", "pixel_x": 1844.8, "pixel_y": 3889.5, "easting": 533027.0, "northing": 379849.2, "epsg_source": 22391}}, {"type": "Feature", "geometry": {"type": "Point", "coordinates": [10.55014, 36.70275]}, "properties": {"record_id": "oai:u-bordeaux-montaigne.fr:340407", "symbol_class": "building", "pixel_x": 7652.8, "pixel_y": 3884.5, "easting": 558027.2, "northing": 377979.9, "epsg_source": 22391}}, {"type": "Feature", "geometry": {"type": "Point", "coordinates": [10.37857, 36.71393]}, "properties": {"record_id": "oai:u-bordeaux-montaigne.fr:340407", "symbol_class": "building", "pixel_x": 4090.7, "pixel_y": 3886.1, "easting": 542694.5, "northing": 379132.4, "epsg_source": 22391}}, {"type": "Feature", "geometry": {"type": "Point", "coordinates": [10.32645, 36.71713]}, "properties": {"record_id": "oai:u-bordeaux-montaigne.fr:340407", "symbol_class": "building", "pixel_x": 3009.1, "pixel_y": 3890.7, "easting": 538037.9, "northing": 379465.1, "epsg_source": 22391}}, {"type": "Feature", "geometry": {"type": "Point", "coordinates": [10.37906, 36.71377]}, "properties": {"record_id": "oai:u-bordeaux-montaigne.fr:340407", "symbol_class": "building", "pixel_x": 4101.1, "pixel_y": 3889.6, "easting": 542738.4, "northing": 379114.5, "epsg_source": 22391}}, {"type": "Feature", "geometry": {"type": "Point", "coordinates": [10.40893, 36.71182]}, "properties": {"record_id": "oai:u-bordeaux-montaigne.fr:340407", "symbol_class": "building", "pixel_x": 4721.3, "pixel_y": 3889.8, "easting": 545407.9, "northing": 378911.6, "epsg_source": 22391}}, {"type": "Feature", "geometry": {"type": "Point", "coordinates": [10.54672, 36.70279]}, "properties": {"record_id": "oai:u-bordeaux-montaigne.fr:340407", "symbol_class": "building", "pixel_x": 7582.0, "pixel_y": 3889.2, "easting": 557721.1, "northing": 377982.8, "epsg_source": 22391}}, {"type": "Feature", "geometry": {"type": "Point", "coordinates": [10.28279, 36.71967]}, "properties": {"record_id": "oai:u-bordeaux-montaigne.fr:340407", "symbol_class": "building", "pixel_x": 2103.3, "pixel_y": 3897.6, "easting": 534137.0, "northing": 379730.8, "epsg_source": 22391}}, {"type": "Feature", "geometry": {"type": "Point", "coordinates": [10.3489, 36.7155]}, "properties": {"record_id": "oai:u-bordeaux-montaigne.fr:340407", "symbol_class": "building", "pixel_x": 3475.5, "pixel_y": 3895.3, "easting": 540044.0, "northing": 379293.8, "epsg_source": 22391}}, {"type": "Feature", "geometry": {"type": "Point", "coordinates": [10.37956, 36.71358]}, "properties": {"record_id": "oai:u-bordeaux-montaigne.fr:340407", "symbol_class": "building", "pixel_x": 4111.7, "pixel_y": 3893.8, "easting": 542782.9, "northing": 379093.2, "epsg_source": 22391}}, {"type": "Feature", "geometry": {"type": "Point", "coordinates": [10.5264, 36.70395]}, "properties": {"record_id": "oai:u-bordeaux-montaigne.fr:340407", "symbol_class": "building", "pixel_x": 7160.5, "pixel_y": 3894.1, "easting": 555905.2, "northing": 378099.6, "epsg_source": 22391}}, {"type": "Feature", "geometry": {"type": "Point", "coordinates": [10.33765, 36.71622]}, "properties": {"record_id": "oai:u-bordeaux-montaigne.fr:340407", "symbol_class": "building", "pixel_x": 3241.9, "pixel_y": 3895.5, "easting": 539038.3, "northing": 379369.2, "epsg_source": 22391}}, {"type": "Feature", "geometry": {"type": "Point", "coordinates": [10.38012, 36.71337]}, "properties": {"record_id": "oai:u-bordeaux-montaigne.fr:340407", "symbol_class": "building", "pixel_x": 4123.8, "pixel_y": 3898.2, "easting": 542833.4, "northing": 379070.8, "epsg_source": 22391}}, {"type": "Feature", "geometry": {"type": "Point", "coordinates": [10.52588, 36.70364]}, "properties": {"record_id": "oai:u-bordeaux-montaigne.fr:340407", "symbol_class": "building", "pixel_x": 7150.4, "pixel_y": 3903.2, "easting": 555859.0, "northing": 378064.7, "epsg_source": 22391}}, {"type": "Feature", "geometry": {"type": "Point", "coordinates": [10.29782, 36.71845]}, "properties": {"record_id": "oai:u-bordeaux-montaigne.fr:340407", "symbol_class": "building", "pixel_x": 2415.9, "pixel_y": 3904.2, "easting": 535480.5, "northing": 379601.2, "epsg_source": 22391}}, {"type": "Feature", "geometry": {"type": "Point", "coordinates": [10.3808, 36.71318]}, "properties": {"record_id": "oai:u-bordeaux-montaigne.fr:340407", "symbol_class": "building", "pixel_x": 4138.2, "pixel_y": 3902.2, "easting": 542894.2, "northing": 379049.4, "epsg_source": 22391}}, {"type": "Feature", "geometry": {"type": "Point", "coordinates": [10.2642, 36.72067]}, "properties": {"record_id": "oai:u-bordeaux-montaigne.fr:340407", "symbol_class": "building", "pixel_x": 1718.0, "pixel_y": 3902.6, "easting": 532476.9, "northing": 379835.1, "epsg_source": 22391}}, {"type": "Feature", "geometry": {"type": "Point", "coordinates": [10.25056, 36.72113]}, "properties": {"record_id": "oai:u-bordeaux-montaigne.fr:340407", "symbol_class": "building", "pixel_x": 1435.6, "pixel_y": 3913.3, "easting": 531258.2, "northing": 379882.4, "epsg_source": 22391}}, {"type": "Feature", "geometry": {"type": "Point", "coordinates": [10.38261, 36.71287]}, "properties": {"record_id": "oai:u-bordeaux-montaigne.fr:340407", "symbol_class": "building", "pixel_x": 4176.2, "pixel_y": 3907.2, "easting": 543056.2, "northing": 379015.9, "epsg_source": 22391}}, {"type": "Feature", "geometry": {"type": "Point", "coordinates": [10.38344, 36.7129]}, "properties": {"record_id": "oai:u-bordeaux-montaigne.fr:340407", "symbol_class": "building", "pixel_x": 4193.2, "pixel_y": 3904.9, "easting": 543129.9, "northing": 379019.9, "epsg_source": 22391}}, {"type": "Feature", "geometry": {"type": "Point", "coordinates": [10.38433, 36.71283]}, "properties": {"record_id": "oai:u-bordeaux-montaigne.fr:340407", "symbol_class": "building", "pixel_x": 4211.8, "pixel_y": 3905.3, "easting": 543209.9, "northing": 379012.1, "epsg_source": 22391}}, {"type": "Feature", "geometry": {"type": "Point", "coordinates": [10.2628, 36.72034]}, "properties": {"record_id": "oai:u-bordeaux-montaigne.fr:340407", "symbol_class": "building", "pixel_x": 1689.6, "pixel_y": 3913.5, "easting": 532351.5, "northing": 379798.5, "epsg_source": 22391}}, {"type": "Feature", "geometry": {"type": "Point", "coordinates": [10.53049, 36.70288]}, "properties": {"record_id": "oai:u-bordeaux-montaigne.fr:340407", "symbol_class": "building", "pixel_x": 7247.1, "pixel_y": 3915.0, "easting": 556271.6, "northing": 377983.6, "epsg_source": 22391}}, {"type": "Feature", "geometry": {"type": "Point", "coordinates": [10.28058, 36.719]}, "properties": {"record_id": "oai:u-bordeaux-montaigne.fr:340407", "symbol_class": "building", "pixel_x": 2059.2, "pixel_y": 3918.8, "easting": 533940.6, "northing": 379656.0, "epsg_source": 22391}}, {"type": "Feature", "geometry": {"type": "Point", "coordinates": [10.34888, 36.71464]}, "properties": {"record_id": "oai:u-bordeaux-montaigne.fr:340407", "symbol_class": "building", "pixel_x": 3476.8, "pixel_y": 3918.1, "easting": 540042.4, "northing": 379197.6, "epsg_source": 22391}}, {"type": "Feature", "geometry": {"type": "Point", "coordinates": [10.26325, 36.7201]}, "properties": {"record_id": "oai:u-bordeaux-montaigne.fr:340407", "symbol_class": "building", "pixel_x": 1699.5, "pixel_y": 3919.0, "easting": 532392.1, "northing": 379772.3, "epsg_source": 22391}}, {"type": "Feature", "geometry": {"type": "Point", "coordinates": [10.37653, 36.71288]}, "properties": {"record_id": "oai:u-bordeaux-montaigne.fr:340407", "symbol_class": "building", "pixel_x": 4050.7, "pixel_y": 3917.1, "easting": 542512.8, "northing": 379015.0, "epsg_source": 22391}}, {"type": "Feature", "geometry": {"type": "Point", "coordinates": [10.47868, 36.70615]}, "properties": {"record_id": "oai:u-bordeaux-montaigne.fr:340407", "symbol_class": "building", "pixel_x": 6171.7, "pixel_y": 3918.8, "easting": 551641.6, "northing": 378317.4, "epsg_source": 22391}}, {"type": "Feature", "geometry": {"type": "Point", "coordinates": [10.49482, 36.7051]}, "properties": {"record_id": "oai:u-bordeaux-montaigne.fr:340407", "symbol_class": "building", "pixel_x": 6506.7, "pixel_y": 3918.6, "easting": 553083.7, "northing": 378209.3, "epsg_source": 22391}}, {"type": "Feature", "geometry": {"type": "Point", "coordinates": [10.30076, 36.71775]}, "properties": {"record_id": "oai:u-bordeaux-montaigne.fr:340407", "symbol_class": "building", "pixel_x": 2477.9, "pixel_y": 3917.7, "easting": 535743.1, "northing": 379524.6, "epsg_source": 22391}}, {"type": "Feature", "geometry": {"type": "Point", "coordinates": [10.37548, 36.71292]}, "properties": {"record_id": "oai:u-bordeaux-montaigne.fr:340407", "symbol_class": "building", "pixel_x": 4029.1, "pixel_y": 3918.0, "easting": 542419.6, "northing": 379018.5, "epsg_source": 22391}}, {"type": "Feature", "geometry": {"type": "Point", "coordinates": [10.37303, 36.71293]}, "properties": {"record_id": "oai:u-bordeaux-montaigne.fr:340407", "symbol_class": "building", "pixel_x": 3978.5, "pixel_y": 3921.8, "easting": 542200.6, "northing": 379018.8, "epsg_source": 22391}}, {"type": "Feature", "geometry": {"type": "Point", "coordinates": [10.5009, 36.70445]}, "properties": {"record_id": "oai:u-bordeaux-montaigne.fr:340407", "symbol_class": "building", "pixel_x": 6633.5, "pixel_y": 3925.0, "easting": 553627.3, "northing": 378141.2, "epsg_source": 22391}}, {"type": "Feature", "geometry": {"type": "Point", "coordinates": [10.37052, 36.71295]}, "properties": {"record_id": "oai:u-bordeaux-montaigne.fr:340407", "symbol_class": "building", "pixel_x": 3926.6, "pixel_y": 3925.6, "easting": 541975.9, "northing": 379019.7, "epsg_source": 22391}}, {"type": "Feature", "geometry": {"type": "Point", "coordinates": [10.5285, 36.70246]}, "properties": {"record_id": "oai:u-bordeaux-montaigne.fr:340407", "symbol_class": "building", "pixel_x": 7207.0, "pixel_y": 3929.5, "easting": 556094.3, "northing": 377935.7, "epsg_source": 22391}}, {"type": "Feature", "geometry": {"type": "Point", "coordinates": [10.5471, 36.70108]}, "properties": {"record_id": "oai:u-bordeaux-montaigne.fr:340407", "symbol_class": "building", "pixel_x": 7593.5, "pixel_y": 3933.3, "easting": 557756.8, "northing": 377793.7, "epsg_source": 22391}}, {"type": "Feature", "geometry": {"type": "Point", "coordinates": [10.29282, 36.71744]}, "properties": {"record_id": "oai:u-bordeaux-montaigne.fr:340407", "symbol_class": "building", "pixel_x": 2314.8, "pixel_y": 3939.3, "easting": 535034.3, "northing": 379486.8, "epsg_source": 22391}}, {"type": "Feature", "geometry": {"type": "Point", "coordinates": [10.3671, 36.713]}, "properties": {"record_id": "oai:u-bordeaux-montaigne.fr:340407", "symbol_class": "building", "pixel_x": 3856.1, "pixel_y": 3930.2, "easting": 541671.0, "northing": 379023.5, "epsg_source": 22391}}, {"type": "Feature", "geometry": {"type": "Point", "coordinates": [10.49481, 36.70432]}, "properties": {"record_id": "oai:u-bordeaux-montaigne.fr:340407", "symbol_class": "building", "pixel_x": 6508.1, "pixel_y": 3939.1, "easting": 553083.2, "northing": 378122.8, "epsg_source": 22391}}, {"type": "Feature", "geometry": {"type": "Point", "coordinates": [10.34887, 36.71408]}, "properties": {"record_id": "oai:u-bordeaux-montaigne.fr:340407", "symbol_class": "building", "pixel_x": 3477.8, "pixel_y": 3932.8, "easting": 540042.1, "northing": 379135.5, "epsg_source": 22391}}, {"type": "Feature", "geometry": {"type": "Point", "coordinates": [10.3662, 36.71294]}, "properties": {"record_id": "oai:u-bordeaux-montaigne.fr:340407", "symbol_class": "building", "pixel_x": 3837.6, "pixel_y": 3933.2, "easting": 541590.6, "northing": 379016.8, "epsg_source": 22391}}, {"type": "Feature", "geometry": {"type": "Point", "coordinates": [10.36497, 36.71298]}, "properties": {"record_id": "oai:u-bordeaux-montaigne.fr:340407", "symbol_class": "building", "pixel_x": 3812.1, "pixel_y": 3934.2, "easting": 541480.5, "northing": 379021.0, "epsg_source": 22391}}, {"type": "Feature", "geometry": {"type": "Point", "coordinates": [10.29758, 36.71667]}, "properties": {"record_id": "oai:u-bordeaux-montaigne.fr:340407", "symbol_class": "building", "pixel_x": 2414.5, "pixel_y": 3951.3, "easting": 535459.8, "northing": 379403.7, "epsg_source": 22391}}, {"type": "Feature", "geometry": {"type": "Point", "coordinates": [10.36341, 36.71298]}, "properties": {"record_id": "oai:u-bordeaux-montaigne.fr:340407", "symbol_class": "building", "pixel_x": 3779.9, "pixel_y": 3936.9, "easting": 541341.3, "northing": 379019.8, "epsg_source": 22391}}, {"type": "Feature", "geometry": {"type": "Point", "coordinates": [10.38542, 36.71155]}, "properties": {"record_id": "oai:u-bordeaux-montaigne.fr:340407", "symbol_class": "building", "pixel_x": 4236.8, "pixel_y": 3936.9, "easting": 543307.5, "northing": 378871.3, "epsg_source": 22391}}, {"type": "Feature", "geometry": {"type": "Point", "coordinates": [10.26928, 36.71891]}, "properties": {"record_id": "oai:u-bordeaux-montaigne.fr:340407", "symbol_class": "building", "pixel_x": 1826.2, "pixel_y": 3940.1, "easting": 532931.1, "northing": 379642.2, "epsg_source": 22391}}, {"type": "Feature", "geometry": {"type": "Point", "coordinates": [10.36245, 36.71301]}, "properties": {"record_id": "oai:u-bordeaux-montaigne.fr:340407", "symbol_class": "building", "pixel_x": 3760.1, "pixel_y": 3937.8, "easting": 541255.5, "northing": 379022.8, "epsg_source": 22391}}, {"type": "Feature", "geometry": {"type": "Point", "coordinates": [10.34893, 36.71345]}, "properties": {"record_id": "oai:u-bordeaux-montaigne.fr:340407", "symbol_class": "building", "pixel_x": 3480.2, "pixel_y": 3949.2, "easting": 540047.3, "northing": 379065.5, "epsg_source": 22391}}, {"type": "Feature", "geometry": {"type": "Point", "coordinates": [10.25917, 36.71946]}, "properties": {"record_id": "oai:u-bordeaux-montaigne.fr:340407", "symbol_class": "building", "pixel_x": 1616.5, "pixel_y": 3942.8, "easting": 532027.6, "northing": 379699.4, "epsg_source": 22391}}, {"type": "Feature", "geometry": {"type": "Point", "coordinates": [10.52847, 36.70193]}, "properties": {"record_id": "oai:u-bordeaux-montaigne.fr:340407", "symbol_class": "building", "pixel_x": 7207.5, "pixel_y": 3943.3, "easting": 556092.2, "northing": 377877.2, "epsg_source": 22391}}, {"type": "Feature", "geometry": {"type": "Point", "coordinates": [10.30397, 36.71656]}, "properties": {"record_id": "oai:u-bordeaux-montaigne.fr:340407", "symbol_class": "building", "pixel_x": 2546.5, "pixel_y": 3943.5, "easting": 536030.2, "northing": 379393.6, "epsg_source": 22391}}, {"type": "Feature", "geometry": {"type": "Point", "coordinates": [10.38429, 36.71129]}, "properties": {"record_id": "oai:u-bordeaux-montaigne.fr:340407", "symbol_class": "building", "pixel_x": 4213.9, "pixel_y": 3945.7, "easting": 543206.6, "northing": 378841.6, "epsg_source": 22391}}, {"type": "Feature", "geometry": {"type": "Point", "coordinates": [10.38609, 36.71133]}, "properties": {"record_id": "oai:u-bordeaux-montaigne.fr:340407", "symbol_class": "building", "pixel_x": 4251.1, "pixel_y": 3941.6, "easting": 543367.9, "northing": 378846.6, "epsg_source": 22391}}, {"type": "Feature", "geometry": {"type": "Point", "coordinates": [10.35796, 36.71301]}, "properties": {"record_id": "oai:u-bordeaux-montaigne.fr:340407", "symbol_class": "building", "pixel_x": 3667.4, "pixel_y": 3945.3, "easting": 540854.3, "northing": 379021.1, "epsg_source": 22391}}, {"type": "Feature", "geometry": {"type": "Point", "coordinates": [10.38655, 36.71115]}, "properties": {"record_id": "oai:u-bordeaux-montaigne.fr:340407", "symbol_class": "building", "pixel_x": 4260.8, "pixel_y": 3945.5, "easting": 543408.5, "northing": 378827.3, "epsg_source": 22391}}, {"type": "Feature", "geometry": {"type": "Point", "coordinates": [10.35702, 36.71305]}, "properties": {"record_id": "oai:u-bordeaux-montaigne.fr:340407", "symbol_class": "building", "pixel_x": 3648.0, "pixel_y": 3946.0, "easting": 540770.5, "northing": 379024.6, "epsg_source": 22391}}, {"type": "Feature", "geometry": {"type": "Point", "coordinates": [10.50825, 36.70303]}, "properties": {"record_id": "oai:u-bordeaux-montaigne.fr:340407", "symbol_class": "building", "pixel_x": 6788.0, "pixel_y": 3949.6, "easting": 554284.7, "northing": 377987.5, "epsg_source": 22391}}, {"type": "Feature", "geometry": {"type": "Point", "coordinates": [10.35398, 36.71304]}, "properties": {"record_id": "oai:u-bordeaux-montaigne.fr:340407", "symbol_class": "building", "pixel_x": 3585.2, "pixel_y": 3951.4, "easting": 540498.8, "northing": 379022.2, "epsg_source": 22391}}, {"type": "Feature", "geometry": {"type": "Point", "coordinates": [10.35461, 36.71303]}, "properties": {"record_id": "oai:u-bordeaux-montaigne.fr:340407", "symbol_class": "building", "pixel_x": 3598.2, "pixel_y": 3950.6, "easting": 540554.7, "northing": 379021.3, "epsg_source": 22391}}, {"type": "Feature", "geometry": {"type": "Point", "coordinates": [10.25914, 36.71893]}, "properties": {"record_id": "oai:u-bordeaux-montaigne.fr:340407", "symbol_class": "building", "pixel_x": 1617.0, "pixel_y": 3956.6, "easting": 532025.2, "northing": 379641.1, "epsg_source": 22391}}, {"type": "Feature", "geometry": {"type": "Point", "coordinates": [10.35348, 36.71301]}, "properties": {"record_id": "oai:u-bordeaux-montaigne.fr:340407", "symbol_class": "building", "pixel_x": 3575.0, "pixel_y": 3952.9, "easting": 540454.2, "northing": 379019.3, "epsg_source": 22391}}, {"type": "Feature", "geometry": {"type": "Point", "coordinates": [10.38443, 36.71095]}, "properties": {"record_id": "oai:u-bordeaux-montaigne.fr:340407", "symbol_class": "building", "pixel_x": 4217.6, "pixel_y": 3954.4, "easting": 543219.5, "northing": 378803.9, "epsg_source": 22391}}, {"type": "Feature", "geometry": {"type": "Point", "coordinates": [10.35187, 36.71302]}, "properties": {"record_id": "oai:u-bordeaux-montaigne.fr:340407", "symbol_class": "building", "pixel_x": 3541.7, "pixel_y": 3955.4, "easting": 540310.0, "northing": 379019.7, "epsg_source": 22391}}, {"type": "Feature", "geometry": {"type": "Point", "coordinates": [10.3511, 36.71303]}, "properties": {"record_id": "oai:u-bordeaux-montaigne.fr:340407", "symbol_class": "building", "pixel_x": 3525.9, "pixel_y": 3956.6, "easting": 540241.7, "northing": 379019.8, "epsg_source": 22391}}, {"type": "Feature", "geometry": {"type": "Point", "coordinates": [10.38806, 36.71062]}, "properties": {"record_id": "oai:u-bordeaux-montaigne.fr:340407", "symbol_class": "building", "pixel_x": 4293.3, "pixel_y": 3956.9, "easting": 543544.5, "northing": 378768.5, "epsg_source": 22391}}, {"type": "Feature", "geometry": {"type": "Point", "coordinates": [10.34948, 36.71308]}, "properties": {"record_id": "oai:u-bordeaux-montaigne.fr:340407", "symbol_class": "building", "pixel_x": 3492.3, "pixel_y": 3958.0, "easting": 540096.7, "northing": 379024.9, "epsg_source": 22391}}, {"type": "Feature", "geometry": {"type": "Point", "coordinates": [10.38862, 36.71044]}, "properties": {"record_id": "oai:u-bordeaux-montaigne.fr:340407", "symbol_class": "building", "pixel_x": 4305.1, "pixel_y": 3960.7, "easting": 543594.2, "northing": 378749.0, "epsg_source": 22391}}, {"type": "Feature", "geometry": {"type": "Point", "coordinates": [10.34675, 36.71305]}, "properties": {"record_id": "oai:u-bordeaux-montaigne.fr:340407", "symbol_class": "building", "pixel_x": 3436.0, "pixel_y": 3963.3, "easting": 539852.7, "northing": 379020.9, "epsg_source": 22391}}, {"type": "Feature", "geometry": {"type": "Point", "coordinates": [10.30403, 36.7157]}, "properties": {"record_id": "oai:u-bordeaux-montaigne.fr:340407", "symbol_class": "building", "pixel_x": 2549.5, "pixel_y": 3966.0, "easting": 536035.9, "northing": 379297.9, "epsg_source": 22391}}, {"type": "Feature", "geometry": {"type": "Point", "coordinates": [10.38902, 36.7103]}, "properties": {"record_id": "oai:u-bordeaux-montaigne.fr:340407", "symbol_class": "building", "pixel_x": 4313.5, "pixel_y": 3963.7, "easting": 543629.6, "northing": 378733.6, "epsg_source": 22391}}, {"type": "Feature", "geometry": {"type": "Point", "coordinates": [10.24584, 36.7192]}, "properties": {"record_id": "oai:u-bordeaux-montaigne.fr:340407", "symbol_class": "building", "pixel_x": 1342.2, "pixel_y": 3971.8, "easting": 530837.9, "northing": 379666.5, "epsg_source": 22391}}, {"type": "Feature", "geometry": {"type": "Point", "coordinates": [10.34504, 36.71306]}, "properties": {"record_id": "oai:u-bordeaux-montaigne.fr:340407", "symbol_class": "building", "pixel_x": 3400.7, "pixel_y": 3965.8, "easting": 539699.9, "northing": 379021.6, "epsg_source": 22391}}, {"type": "Feature", "geometry": {"type": "Point", "coordinates": [10.29919, 36.71579]}, "properties": {"record_id": "oai:u-bordeaux-montaigne.fr:340407", "symbol_class": "building", "pixel_x": 2449.4, "pixel_y": 3971.6, "easting": 535603.7, "northing": 379306.8, "epsg_source": 22391}}, {"type": "Feature", "geometry": {"type": "Point", "coordinates": [10.49645, 36.70311]}, "properties": {"record_id": "oai:u-bordeaux-montaigne.fr:340407", "symbol_class": "building", "pixel_x": 6544.3, "pixel_y": 3967.9, "easting": 553230.2, "northing": 377989.9, "epsg_source": 22391}}, {"type": "Feature", "geometry": {"type": "Point", "coordinates": [10.26896, 36.71772]}, "properties": {"record_id": "oai:u-bordeaux-montaigne.fr:340407", "symbol_class": "building", "pixel_x": 1822.0, "pixel_y": 3971.9, "easting": 532902.9, "northing": 379509.9, "epsg_source": 22391}}, {"type": "Feature", "geometry": {"type": "Point", "coordinates": [10.29727, 36.716]}, "properties": {"record_id": "oai:u-bordeaux-montaigne.fr:340407", "symbol_class": "building", "pixel_x": 2409.4, "pixel_y": 3969.6, "easting": 535432.1, "northing": 379328.5, "epsg_source": 22391}}, {"type": "Feature", "geometry": {"type": "Point", "coordinates": [10.34314, 36.71307]}, "properties": {"record_id": "oai:u-bordeaux-montaigne.fr:340407", "symbol_class": "building", "pixel_x": 3361.6, "pixel_y": 3969.0, "easting": 539530.6, "northing": 379021.0, "epsg_source": 22391}}, {"type": "Feature", "geometry": {"type": "Point", "coordinates": [10.34369, 36.71304]}, "properties": {"record_id": "oai:u-bordeaux-montaigne.fr:340407", "symbol_class": "building", "pixel_x": 3373.0, "pixel_y": 3968.8, "easting": 539579.7, "northing": 379018.1, "epsg_source": 22391}}, {"type": "Feature", "geometry": {"type": "Point", "coordinates": [10.38984, 36.71004]}, "properties": {"record_id": "oai:u-bordeaux-montaigne.fr:340407", "symbol_class": "building", "pixel_x": 4331.2, "pixel_y": 3969.1, "easting": 543703.8, "northing": 378704.9, "epsg_source": 22391}}, {"type": "Feature", "geometry": {"type": "Point", "coordinates": [10.49528, 36.70315]}, "properties": {"record_id": "oai:u-bordeaux-montaigne.fr:340407", "symbol_class": "building", "pixel_x": 6520.3, "pixel_y": 3969.0, "easting": 553126.3, "northing": 377992.9, "epsg_source": 22391}}, {"type": "Feature", "geometry": {"type": "Point", "coordinates": [10.29285, 36.71605]}, "properties": {"record_id": "oai:u-bordeaux-montaigne.fr:340407", "symbol_class": "building", "pixel_x": 2318.1, "pixel_y": 3975.7, "easting": 535037.1, "northing": 379332.6, "epsg_source": 22391}}, {"type": "Feature", "geometry": {"type": "Point", "coordinates": [10.49295, 36.70316]}, "properties": {"record_id": "oai:u-bordeaux-montaigne.fr:340407", "symbol_class": "building", "pixel_x": 6472.2, "pixel_y": 3972.6, "easting": 552918.4, "northing": 377993.6, "epsg_source": 22391}}, {"type": "Feature", "geometry": {"type": "Point", "coordinates": [10.51622, 36.70162]}, "properties": {"record_id": "oai:u-bordeaux-montaigne.fr:340407", "symbol_class": "building", "pixel_x": 6955.4, "pixel_y": 3972.9, "easting": 554998.1, "northing": 377834.9, "epsg_source": 22391}}, {"type": "Feature", "geometry": {"type": "Point", "coordinates": [10.37133, 36.71083]}, "properties": {"record_id": "oai:u-bordeaux-montaigne.fr:340407", "symbol_class": "building", "pixel_x": 3947.6, "pixel_y": 3979.9, "easting": 542049.5, "northing": 378784.5, "epsg_source": 22391}}, {"type": "Feature", "geometry": {"type": "Point", "coordinates": [10.2683, 36.71749]}, "properties": {"record_id": "oai:u-bordeaux-montaigne.fr:340407", "symbol_class": "building", "pixel_x": 1808.9, "pixel_y": 3979.0, "easting": 532844.3, "northing": 379484.4, "epsg_source": 22391}}, {"type": "Feature", "geometry": {"type": "Point", "coordinates": [10.49097, 36.70319]}, "properties": {"record_id": "oai:u-bordeaux-montaigne.fr:340407", "symbol_class": "building", "pixel_x": 6431.3, "pixel_y": 3975.3, "easting": 552741.4, "northing": 377995.3, "epsg_source": 22391}}, {"type": "Feature", "geometry": {"type": "Point", "coordinates": [10.51634, 36.70116]}, "properties": {"record_id": "oai:u-bordeaux-montaigne.fr:340407", "symbol_class": "building", "pixel_x": 6958.8, "pixel_y": 3984.7, "easting": 555008.7, "northing": 377784.0, "epsg_source": 22391}}, {"type": "Feature", "geometry": {"type": "Point", "coordinates": [10.48699, 36.7032]}, "properties": {"record_id": "oai:u-bordeaux-montaigne.fr:340407", "symbol_class": "building", "pixel_x": 6349.0, "pixel_y": 3981.9, "easting": 552385.2, "northing": 377994.5, "epsg_source": 22391}}, {"type": "Feature", "geometry": {"type": "Point", "coordinates": [10.33579, 36.71305]}, "properties": {"record_id": "oai:u-bordeaux-montaigne.fr:340407", "symbol_class": "building", "pixel_x": 3209.9, "pixel_y": 3982.0, "easting": 538873.7, "northing": 379015.9, "epsg_source": 22391}}, {"type": "Feature", "geometry": {"type": "Point", "coordinates": [10.304, 36.71433]}, "properties": {"record_id": "oai:u-bordeaux-montaigne.fr:340407", "symbol_class": "building", "pixel_x": 2551.5, "pixel_y": 4001.8, "easting": 536033.7, "northing": 379146.5, "epsg_source": 22391}}, {"type": "Feature", "geometry": {"type": "Point", "coordinates": [10.33328, 36.7131]}, "properties": {"record_id": "oai:u-bordeaux-montaigne.fr:340407", "symbol_class": "building", "pixel_x": 3158.1, "pixel_y": 3984.9, "easting": 538649.6, "northing": 379020.6, "epsg_source": 22391}}, {"type": "Feature", "geometry": {"type": "Point", "coordinates": [10.39194, 36.7093]}, "properties": {"record_id": "oai:u-bordeaux-montaigne.fr:340407", "symbol_class": "building", "pixel_x": 4375.9, "pixel_y": 3984.9, "easting": 543891.5, "northing": 378623.9, "epsg_source": 22391}}, {"type": "Feature", "geometry": {"type": "Point", "coordinates": [10.48521, 36.7032]}, "properties": {"record_id": "oai:u-bordeaux-montaigne.fr:340407", "symbol_class": "building", "pixel_x": 6312.4, "pixel_y": 3985.0, "easting": 552226.3, "northing": 377993.4, "epsg_source": 22391}}, {"type": "Feature", "geometry": {"type": "Point", "coordinates": [10.48361, 36.70322]}, "properties": {"record_id": "oai:u-bordeaux-montaigne.fr:340407", "symbol_class": "building", "pixel_x": 6279.3, "pixel_y": 3987.2, "easting": 552083.2, "northing": 377995.0, "epsg_source": 22391}}, {"type": "Feature", "geometry": {"type": "Point", "coordinates": [10.32964, 36.71315]}, "properties": {"record_id": "oai:u-bordeaux-montaigne.fr:340407", "symbol_class": "building", "pixel_x": 3082.9, "pixel_y": 3989.7, "easting": 538324.7, "northing": 379024.6, "epsg_source": 22391}}, {"type": "Feature", "geometry": {"type": "Point", "coordinates": [10.48188, 36.70323]}, "properties": {"record_id": "oai:u-bordeaux-montaigne.fr:340407", "symbol_class": "building", "pixel_x": 6243.6, "pixel_y": 3989.8, "easting": 551929.0, "northing": 377995.5, "epsg_source": 22391}}, {"type": "Feature", "geometry": {"type": "Point", "coordinates": [10.39275, 36.70901]}, "properties": {"record_id": "oai:u-bordeaux-montaigne.fr:340407", "symbol_class": "building", "pixel_x": 4393.1, "pixel_y": 3991.1, "easting": 543963.6, "northing": 378592.3, "epsg_source": 22391}}, {"type": "Feature", "geometry": {"type": "Point", "coordinates": [10.32838, 36.71313]}, "properties": {"record_id": "oai:u-bordeaux-montaigne.fr:340407", "symbol_class": "building", "pixel_x": 3057.1, "pixel_y": 3992.3, "easting": 538212.5, "northing": 379022.0, "epsg_source": 22391}}, {"type": "Feature", "geometry": {"type": "Point", "coordinates": [10.32881, 36.71313]}, "properties": {"record_id": "oai:u-bordeaux-montaigne.fr:340407", "symbol_class": "building", "pixel_x": 3065.9, "pixel_y": 3991.6, "easting": 538250.7, "northing": 379022.3, "epsg_source": 22391}}, {"type": "Feature", "geometry": {"type": "Point", "coordinates": [10.50654, 36.70133]}, "properties": {"record_id": "oai:u-bordeaux-montaigne.fr:340407", "symbol_class": "building", "pixel_x": 6756.3, "pixel_y": 3997.1, "easting": 554133.2, "northing": 377797.7, "epsg_source": 22391}}, {"type": "Feature", "geometry": {"type": "Point", "coordinates": [10.32649, 36.71312]}, "properties": {"record_id": "oai:u-bordeaux-montaigne.fr:340407", "symbol_class": "building", "pixel_x": 3018.0, "pixel_y": 3995.7, "easting": 538043.4, "northing": 379020.6, "epsg_source": 22391}}, {"type": "Feature", "geometry": {"type": "Point", "coordinates": [10.32786, 36.71311]}, "properties": {"record_id": "oai:u-bordeaux-montaigne.fr:340407", "symbol_class": "building", "pixel_x": 3046.4, "pixel_y": 3993.6, "easting": 538166.2, "northing": 379020.2, "epsg_source": 22391}}, {"type": "Feature", "geometry": {"type": "Point", "coordinates": [10.39322, 36.70888]}, "properties": {"record_id": "oai:u-bordeaux-montaigne.fr:340407", "symbol_class": "building", "pixel_x": 4403.1, "pixel_y": 3993.7, "easting": 544005.8, "northing": 378578.0, "epsg_source": 22391}}, {"type": "Feature", "geometry": {"type": "Point", "coordinates": [10.32711, 36.71312]}, "properties": {"record_id": "oai:u-bordeaux-montaigne.fr:340407", "symbol_class": "building", "pixel_x": 3030.8, "pixel_y": 3994.7, "easting": 538098.6, "northing": 379020.8, "epsg_source": 22391}}, {"type": "Feature", "geometry": {"type": "Point", "coordinates": [10.34898, 36.71104]}, "properties": {"record_id": "oai:u-bordeaux-montaigne.fr:340407", "symbol_class": "building", "pixel_x": 3486.2, "pixel_y": 4012.3, "easting": 540053.3, "northing": 378798.3, "epsg_source": 22391}}, {"type": "Feature", "geometry": {"type": "Point", "coordinates": [10.50035, 36.7016]}, "properties": {"record_id": "oai:u-bordeaux-montaigne.fr:340407", "symbol_class": "building", "pixel_x": 6628.1, "pixel_y": 4000.9, "easting": 553580.4, "northing": 377823.8, "epsg_source": 22391}}, {"type": "Feature", "geometry": {"type": "Point", "coordinates": [10.4041, 36.70797]}, "properties": {"record_id": "oai:u-bordeaux-montaigne.fr:340407", "symbol_class": "building", "pixel_x": 4629.5, "pixel_y": 3999.0, "easting": 544978.6, "northing": 378482.2, "epsg_source": 22391}}, {"type": "Feature", "geometry": {"type": "Point", "coordinates": [10.28171, 36.71569]}, "properties": {"record_id": "oai:u-bordeaux-montaigne.fr:340407", "symbol_class": "building", "pixel_x": 2089.0, "pixel_y": 4003.8, "easting": 534042.4, "northing": 379288.7, "epsg_source": 22391}}, {"type": "Feature", "geometry": {"type": "Point", "coordinates": [10.36015, 36.71067]}, "properties": {"record_id": "oai:u-bordeaux-montaigne.fr:340407", "symbol_class": "building", "pixel_x": 3717.4, "pixel_y": 4002.9, "easting": 541051.5, "northing": 378762.8, "epsg_source": 22391}}, {"type": "Feature", "geometry": {"type": "Point", "coordinates": [10.39418, 36.70854]}, "properties": {"record_id": "oai:u-bordeaux-montaigne.fr:340407", "symbol_class": "building", "pixel_x": 4423.7, "pixel_y": 4001.0, "easting": 544092.0, "northing": 378540.7, "epsg_source": 22391}}, {"type": "Feature", "geometry": {"type": "Point", "coordinates": [10.48359, 36.70242]}, "properties": {"record_id": "oai:u-bordeaux-montaigne.fr:340407", "symbol_class": "building", "pixel_x": 6280.7, "pixel_y": 4008.2, "easting": 552082.7, "northing": 377906.1, "epsg_source": 22391}}, {"type": "Feature", "geometry": {"type": "Point", "coordinates": [10.50314, 36.70134]}, "properties": {"record_id": "oai:u-bordeaux-montaigne.fr:340407", "symbol_class": "building", "pixel_x": 6686.2, "pixel_y": 4002.8, "easting": 553829.8, "northing": 377796.9, "epsg_source": 22391}}, {"type": "Feature", "geometry": {"type": "Point", "coordinates": [10.50702, 36.7009]}, "properties": {"record_id": "oai:u-bordeaux-montaigne.fr:340407", "symbol_class": "building", "pixel_x": 6767.1, "pixel_y": 4007.5, "easting": 554176.6, "northing": 377750.6, "epsg_source": 22391}}, {"type": "Feature", "geometry": {"type": "Point", "coordinates": [10.32085, 36.71314]}, "properties": {"record_id": "oai:u-bordeaux-montaigne.fr:340407", "symbol_class": "building", "pixel_x": 2901.7, "pixel_y": 4004.6, "easting": 537539.9, "northing": 379021.0, "epsg_source": 22391}}, {"type": "Feature", "geometry": {"type": "Point", "coordinates": [10.31995, 36.71317]}, "properties": {"record_id": "oai:u-bordeaux-montaigne.fr:340407", "symbol_class": "building", "pixel_x": 2882.9, "pixel_y": 4005.5, "easting": 537458.9, "northing": 379023.3, "epsg_source": 22391}}, {"type": "Feature", "geometry": {"type": "Point", "coordinates": [10.31766, 36.71316]}, "properties": {"record_id": "oai:u-bordeaux-montaigne.fr:340407", "symbol_class": "building", "pixel_x": 2835.8, "pixel_y": 4009.6, "easting": 537254.6, "northing": 379021.4, "epsg_source": 22391}}, {"type": "Feature", "geometry": {"type": "Point", "coordinates": [10.39579, 36.70798]}, "properties": {"record_id": "oai:u-bordeaux-montaigne.fr:340407", "symbol_class": "building", "pixel_x": 4457.9, "pixel_y": 4012.9, "easting": 544235.6, "northing": 378479.3, "epsg_source": 22391}}, {"type": "Feature", "geometry": {"type": "Point", "coordinates": [10.34987, 36.71085]}, "properties": {"record_id": "oai:u-bordeaux-montaigne.fr:340407", "symbol_class": "building", "pixel_x": 3505.0, "pixel_y": 4015.6, "easting": 540133.2, "northing": 378778.3, "epsg_source": 22391}}, {"type": "Feature", "geometry": {"type": "Point", "coordinates": [10.33769, 36.71133]}, "properties": {"record_id": "oai:u-bordeaux-montaigne.fr:340407", "symbol_class": "building", "pixel_x": 3252.6, "pixel_y": 4023.7, "easting": 539044.5, "northing": 378826.5, "epsg_source": 22391}}, {"type": "Feature", "geometry": {"type": "Point", "coordinates": [10.5173, 36.69984]}, "properties": {"record_id": "oai:u-bordeaux-montaigne.fr:340407", "symbol_class": "building", "pixel_x": 6981.2, "pixel_y": 4017.5, "easting": 555095.2, "northing": 377638.8, "epsg_source": 22391}}, {"type": "Feature", "geometry": {"type": "Point", "coordinates": [10.39716, 36.70753]}, "properties": {"record_id": "oai:u-bordeaux-montaigne.fr:340407", "symbol_class": "building", "pixel_x": 4487.1, "pixel_y": 4022.3, "easting": 544358.3, "northing": 378430.5, "epsg_source": 22391}}, {"type": "Feature", "geometry": {"type": "Point", "coordinates": [10.49977, 36.70068]}, "properties": {"record_id": "oai:u-bordeaux-montaigne.fr:340407", "symbol_class": "building", "pixel_x": 6618.0, "pixel_y": 4025.9, "easting": 553529.3, "northing": 377721.7, "epsg_source": 22391}}, {"type": "Feature", "geometry": {"type": "Point", "coordinates": [10.36005, 36.70975]}, "properties": {"record_id": "oai:u-bordeaux-montaigne.fr:340407", "symbol_class": "building", "pixel_x": 3717.0, "pixel_y": 4027.3, "easting": 541042.3, "northing": 378659.9, "epsg_source": 22391}}, {"type": "Feature", "geometry": {"type": "Point", "coordinates": [10.51728, 36.6991]}, "properties": {"record_id": "oai:u-bordeaux-montaigne.fr:340407", "symbol_class": "building", "pixel_x": 6982.5, "pixel_y": 4037.0, "easting": 555094.3, "northing": 377556.3, "epsg_source": 22391}}, {"type": "Feature", "geometry": {"type": "Point", "coordinates": [10.30201, 36.71319]}, "properties": {"record_id": "oai:u-bordeaux-montaigne.fr:340407", "symbol_class": "building", "pixel_x": 2513.0, "pixel_y": 4035.3, "easting": 535857.2, "northing": 379018.5, "epsg_source": 22391}}, {"type": "Feature", "geometry": {"type": "Point", "coordinates": [10.34888, 36.71006]}, "properties": {"record_id": "oai:u-bordeaux-montaigne.fr:340407", "symbol_class": "building", "pixel_x": 3486.0, "pixel_y": 4038.0, "easting": 540044.7, "northing": 378690.5, "epsg_source": 22391}}, {"type": "Feature", "geometry": {"type": "Point", "coordinates": [10.30153, 36.71289]}, "properties": {"record_id": "oai:u-bordeaux-montaigne.fr:340407", "symbol_class": "building", "pixel_x": 2503.6, "pixel_y": 4043.8, "easting": 535814.3, "northing": 378985.8, "epsg_source": 22391}}, {"type": "Feature", "geometry": {"type": "Point", "coordinates": [10.29509, 36.71323]}, "properties": {"record_id": "oai:u-bordeaux-montaigne.fr:340407", "symbol_class": "building", "pixel_x": 2370.1, "pixel_y": 4045.7, "easting": 535238.8, "northing": 379021.0, "epsg_source": 22391}}, {"type": "Feature", "geometry": {"type": "Point", "coordinates": [10.51124, 36.69899]}, "properties": {"record_id": "oai:u-bordeaux-montaigne.fr:340407", "symbol_class": "building", "pixel_x": 6858.0, "pixel_y": 4050.4, "easting": 554554.5, "northing": 377540.8, "epsg_source": 22391}}, {"type": "Feature", "geometry": {"type": "Point", "coordinates": [10.2939, 36.71322]}, "properties": {"record_id": "oai:u-bordeaux-montaigne.fr:340407", "symbol_class": "building", "pixel_x": 2345.5, "pixel_y": 4048.1, "easting": 535132.2, "northing": 379019.1, "epsg_source": 22391}}, {"type": "Feature", "geometry": {"type": "Point", "coordinates": [10.34886, 36.70957]}, "properties": {"record_id": "oai:u-bordeaux-montaigne.fr:340407", "symbol_class": "building", "pixel_x": 3486.6, "pixel_y": 4051.0, "easting": 540043.0, "northing": 378635.4, "epsg_source": 22391}}, {"type": "Feature", "geometry": {"type": "Point", "coordinates": [10.37132, 36.70804]}, "properties": {"record_id": "oai:u-bordeaux-montaigne.fr:340407", "symbol_class": "building", "pixel_x": 3953.0, "pixel_y": 4053.0, "easting": 542049.9, "northing": 378475.2, "epsg_source": 22391}}, {"type": "Feature", "geometry": {"type": "Point", "coordinates": [10.29137, 36.71325]}, "properties": {"record_id": "oai:u-bordeaux-montaigne.fr:340407", "symbol_class": "building", "pixel_x": 2293.3, "pixel_y": 4051.5, "easting": 534906.5, "northing": 379021.6, "epsg_source": 22391}}, {"type": "Feature", "geometry": {"type": "Point", "coordinates": [10.28876, 36.71325]}, "properties": {"record_id": "oai:u-bordeaux-montaigne.fr:340407", "symbol_class": "building", "pixel_x": 2239.4, "pixel_y": 4055.8, "easting": 534673.5, "northing": 379021.0, "epsg_source": 22391}}, {"type": "Feature", "geometry": {"type": "Point", "coordinates": [10.43807, 36.70353]}, "properties": {"record_id": "oai:u-bordeaux-montaigne.fr:340407", "symbol_class": "building", "pixel_x": 5339.2, "pixel_y": 4057.3, "easting": 548015.1, "northing": 378005.9, "epsg_source": 22391}}, {"type": "Feature", "geometry": {"type": "Point", "coordinates": [10.48357, 36.70058]}, "properties": {"record_id": "oai:u-bordeaux-montaigne.fr:340407", "symbol_class": "building", "pixel_x": 6283.9, "pixel_y": 4056.6, "easting": 552081.6, "northing": 377701.5, "epsg_source": 22391}}, {"type": "Feature", "geometry": {"type": "Point", "coordinates": [10.28605, 36.71329]}, "properties": {"record_id": "oai:u-bordeaux-montaigne.fr:340407", "symbol_class": "building", "pixel_x": 2183.4, "pixel_y": 4059.4, "easting": 534431.1, "northing": 379024.3, "epsg_source": 22391}}, {"type": "Feature", "geometry": {"type": "Point", "coordinates": [10.29722, 36.71236]}, "properties": {"record_id": "oai:u-bordeaux-montaigne.fr:340407", "symbol_class": "building", "pixel_x": 2415.8, "pixel_y": 4064.9, "easting": 535429.7, "northing": 378925.6, "epsg_source": 22391}}, {"type": "Feature", "geometry": {"type": "Point", "coordinates": [10.43706, 36.70351]}, "properties": {"record_id": "oai:u-bordeaux-montaigne.fr:340407", "symbol_class": "building", "pixel_x": 5318.5, "pixel_y": 4059.4, "easting": 547925.4, "northing": 378003.7, "epsg_source": 22391}}, {"type": "Feature", "geometry": {"type": "Point", "coordinates": [10.28526, 36.71329]}, "properties": {"record_id": "oai:u-bordeaux-montaigne.fr:340407", "symbol_class": "building", "pixel_x": 2167.0, "pixel_y": 4060.7, "easting": 534360.3, "northing": 379024.1, "epsg_source": 22391}}, {"type": "Feature", "geometry": {"type": "Point", "coordinates": [10.28418, 36.7133]}, "properties": {"record_id": "oai:u-bordeaux-montaigne.fr:340407", "symbol_class": "building", "pixel_x": 2144.9, "pixel_y": 4062.2, "easting": 534264.6, "northing": 379025.0, "epsg_source": 22391}}, {"type": "Feature", "geometry": {"type": "Point", "coordinates": [10.49716, 36.69939]}, "properties": {"record_id": "oai:u-bordeaux-montaigne.fr:340407", "symbol_class": "building", "pixel_x": 6566.8, "pixel_y": 4064.2, "easting": 553296.7, "northing": 377577.5, "epsg_source": 22391}}, {"type": "Feature", "geometry": {"type": "Point", "coordinates": [10.28284, 36.71328]}, "properties": {"record_id": "oai:u-bordeaux-montaigne.fr:340407", "symbol_class": "building", "pixel_x": 2117.2, "pixel_y": 4065.0, "easting": 534144.6, "northing": 379022.3, "epsg_source": 22391}}, {"type": "Feature", "geometry": {"type": "Point", "coordinates": [10.53973, 36.69651]}, "properties": {"record_id": "oai:u-bordeaux-montaigne.fr:340407", "symbol_class": "building", "pixel_x": 7450.8, "pixel_y": 4066.0, "easting": 557101.3, "northing": 377282.0, "epsg_source": 22391}}, {"type": "Feature", "geometry": {"type": "Point", "coordinates": [10.4309, 36.70356]}, "properties": {"record_id": "oai:u-bordeaux-montaigne.fr:340407", "symbol_class": "building", "pixel_x": 5191.4, "pixel_y": 4068.9, "easting": 547375.3, "northing": 378005.3, "epsg_source": 22391}}, {"type": "Feature", "geometry": {"type": "Point", "coordinates": [10.40575, 36.70494]}, "properties": {"record_id": "oai:u-bordeaux-montaigne.fr:340407", "symbol_class": "building", "pixel_x": 4669.6, "pixel_y": 4075.7, "easting": 545127.1, "northing": 378146.6, "epsg_source": 22391}}, {"type": "Feature", "geometry": {"type": "Point", "coordinates": [10.49238, 36.69921]}, "properties": {"record_id": "oai:u-bordeaux-montaigne.fr:340407", "symbol_class": "building", "pixel_x": 6468.5, "pixel_y": 4077.2, "easting": 552869.7, "northing": 377554.5, "epsg_source": 22391}}, {"type": "Feature", "geometry": {"type": "Point", "coordinates": [10.49319, 36.69918]}, "properties": {"record_id": "oai:u-bordeaux-montaigne.fr:340407", "symbol_class": "building", "pixel_x": 6485.2, "pixel_y": 4076.6, "easting": 552941.9, "northing": 377551.6, "epsg_source": 22391}}, {"type": "Feature", "geometry": {"type": "Point", "coordinates": [10.3601, 36.70775]}, "properties": {"record_id": "oai:u-bordeaux-montaigne.fr:340407", "symbol_class": "building", "pixel_x": 3722.3, "pixel_y": 4079.5, "easting": 541048.6, "northing": 378438.7, "epsg_source": 22391}}, {"type": "Feature", "geometry": {"type": "Point", "coordinates": [10.27356, 36.71336]}, "properties": {"record_id": "oai:u-bordeaux-montaigne.fr:340407", "symbol_class": "building", "pixel_x": 1925.6, "pixel_y": 4078.4, "easting": 533315.5, "northing": 379028.1, "epsg_source": 22391}}, {"type": "Feature", "geometry": {"type": "Point", "coordinates": [10.33767, 36.70906]}, "properties": {"record_id": "oai:u-bordeaux-montaigne.fr:340407", "symbol_class": "building", "pixel_x": 3256.9, "pixel_y": 4083.3, "easting": 539044.1, "northing": 378574.3, "epsg_source": 22391}}, {"type": "Feature", "geometry": {"type": "Point", "coordinates": [10.48357, 36.69941]}, "properties": {"record_id": "oai:u-bordeaux-montaigne.fr:340407", "symbol_class": "building", "pixel_x": 6286.3, "pixel_y": 4087.1, "easting": 552082.2, "northing": 377572.5, "epsg_source": 22391}}, {"type": "Feature", "geometry": {"type": "Point", "coordinates": [10.57597, 36.69353]}, "properties": {"record_id": "oai:u-bordeaux-montaigne.fr:340407", "symbol_class": "building", "pixel_x": 8204.6, "pixel_y": 4081.2, "easting": 560341.1, "northing": 376972.8, "epsg_source": 22391}}, {"type": "Feature", "geometry": {"type": "Point", "coordinates": [10.4185, 36.70361]}, "properties": {"record_id": "oai:u-bordeaux-montaigne.fr:340407", "symbol_class": "building", "pixel_x": 4935.3, "pixel_y": 4088.8, "easting": 546266.8, "northing": 378005.0, "epsg_source": 22391}}, {"type": "Feature", "geometry": {"type": "Point", "coordinates": [10.40777, 36.70409]}, "properties": {"record_id": "oai:u-bordeaux-montaigne.fr:340407", "symbol_class": "building", "pixel_x": 4713.1, "pixel_y": 4094.4, "easting": 545308.7, "northing": 378053.6, "epsg_source": 22391}}, {"type": "Feature", "geometry": {"type": "Point", "coordinates": [10.41673, 36.70361]}, "properties": {"record_id": "oai:u-bordeaux-montaigne.fr:340407", "symbol_class": "building", "pixel_x": 4898.8, "pixel_y": 4091.6, "easting": 546108.9, "northing": 378004.8, "epsg_source": 22391}}, {"type": "Feature", "geometry": {"type": "Point", "coordinates": [10.49547, 36.69842]}, "properties": {"record_id": "oai:u-bordeaux-montaigne.fr:340407", "symbol_class": "building", "pixel_x": 6533.9, "pixel_y": 4092.6, "easting": 553146.1, "northing": 377468.4, "epsg_source": 22391}}, {"type": "Feature", "geometry": {"type": "Point", "coordinates": [10.49231, 36.69854]}, "properties": {"record_id": "oai:u-bordeaux-montaigne.fr:340407", "symbol_class": "building", "pixel_x": 6468.4, "pixel_y": 4094.8, "easting": 552863.8, "northing": 377480.7, "epsg_source": 22391}}, {"type": "Feature", "geometry": {"type": "Point", "coordinates": [10.49242, 36.6983]}, "properties": {"record_id": "oai:u-bordeaux-montaigne.fr:340407", "symbol_class": "building", "pixel_x": 6471.3, "pixel_y": 4101.1, "easting": 552874.3, "northing": 377453.4, "epsg_source": 22391}}, {"type": "Feature", "geometry": {"type": "Point", "coordinates": [10.4987, 36.69787]}, "properties": {"record_id": "oai:u-bordeaux-montaigne.fr:340407", "symbol_class": "building", "pixel_x": 6601.8, "pixel_y": 4101.4, "easting": 553435.6, "northing": 377409.4, "epsg_source": 22391}}, {"type": "Feature", "geometry": {"type": "Point", "coordinates": [10.38014, 36.70547]}, "properties": {"record_id": "oai:u-bordeaux-montaigne.fr:340407", "symbol_class": "building", "pixel_x": 4140.3, "pixel_y": 4105.3, "easting": 542839.8, "northing": 378194.4, "epsg_source": 22391}}, {"type": "Feature", "geometry": {"type": "Point", "coordinates": [10.43688, 36.70174]}, "properties": {"record_id": "oai:u-bordeaux-montaigne.fr:340407", "symbol_class": "building", "pixel_x": 5318.3, "pixel_y": 4106.3, "easting": 547910.0, "northing": 377806.5, "epsg_source": 22391}}, {"type": "Feature", "geometry": {"type": "Point", "coordinates": [10.49656, 36.6978]}, "properties": {"record_id": "oai:u-bordeaux-montaigne.fr:340407", "symbol_class": "building", "pixel_x": 6557.7, "pixel_y": 4107.0, "easting": 553244.4, "northing": 377400.4, "epsg_source": 22391}}, {"type": "Feature", "geometry": {"type": "Point", "coordinates": [10.25589, 36.71341]}, "properties": {"record_id": "oai:u-bordeaux-montaigne.fr:340407", "symbol_class": "building", "pixel_x": 1561.0, "pixel_y": 4106.9, "easting": 531737.2, "northing": 379026.9, "epsg_source": 22391}}, {"type": "Feature", "geometry": {"type": "Point", "coordinates": [10.38251, 36.7049]}, "properties": {"record_id": "oai:u-bordeaux-montaigne.fr:340407", "symbol_class": "building", "pixel_x": 4190.2, "pixel_y": 4116.3, "easting": 543051.2, "northing": 378131.9, "epsg_source": 22391}}, {"type": "Feature", "geometry": {"type": "Point", "coordinates": [10.50269, 36.6972]}, "properties": {"record_id": "oai:u-bordeaux-montaigne.fr:340407", "symbol_class": "building", "pixel_x": 6685.4, "pixel_y": 4111.9, "easting": 553792.4, "northing": 377338.0, "epsg_source": 22391}}, {"type": "Feature", "geometry": {"type": "Point", "coordinates": [10.27935, 36.71173]}, "properties": {"record_id": "oai:u-bordeaux-montaigne.fr:340407", "symbol_class": "building", "pixel_x": 2048.3, "pixel_y": 4111.6, "easting": 533833.2, "northing": 378848.8, "epsg_source": 22391}}, {"type": "Feature", "geometry": {"type": "Point", "coordinates": [10.25353, 36.71322]}, "properties": {"record_id": "oai:u-bordeaux-montaigne.fr:340407", "symbol_class": "building", "pixel_x": 1512.7, "pixel_y": 4115.8, "easting": 531526.8, "northing": 379005.3, "epsg_source": 22391}}, {"type": "Feature", "geometry": {"type": "Point", "coordinates": [10.25703, 36.71306]}, "properties": {"record_id": "oai:u-bordeaux-montaigne.fr:340407", "symbol_class": "building", "pixel_x": 1585.2, "pixel_y": 4114.0, "easting": 531839.5, "northing": 378989.2, "epsg_source": 22391}}, {"type": "Feature", "geometry": {"type": "Point", "coordinates": [10.4915, 36.69796]}, "properties": {"record_id": "oai:u-bordeaux-montaigne.fr:340407", "symbol_class": "building", "pixel_x": 6453.0, "pixel_y": 4111.4, "easting": 552792.1, "northing": 377415.8, "epsg_source": 22391}}, {"type": "Feature", "geometry": {"type": "Point", "coordinates": [10.25258, 36.71341]}, "properties": {"record_id": "oai:u-bordeaux-montaigne.fr:340407", "symbol_class": "building", "pixel_x": 1492.8, "pixel_y": 4112.3, "easting": 531442.0, "northing": 379026.4, "epsg_source": 22391}}, {"type": "Feature", "geometry": {"type": "Point", "coordinates": [10.40346, 36.70366]}, "properties": {"record_id": "oai:u-bordeaux-montaigne.fr:340407", "symbol_class": "building", "pixel_x": 4625.0, "pixel_y": 4113.0, "easting": 544923.6, "northing": 378004.1, "epsg_source": 22391}}, {"type": "Feature", "geometry": {"type": "Point", "coordinates": [10.25111, 36.71342]}, "properties": {"record_id": "oai:u-bordeaux-montaigne.fr:340407", "symbol_class": "building", "pixel_x": 1462.5, "pixel_y": 4114.7, "easting": 531310.9, "northing": 379026.4, "epsg_source": 22391}}, {"type": "Feature", "geometry": {"type": "Point", "coordinates": [10.25031, 36.71343]}, "properties": {"record_id": "oai:u-bordeaux-montaigne.fr:340407", "symbol_class": "building", "pixel_x": 1446.0, "pixel_y": 4115.7, "easting": 531239.4, "northing": 379027.6, "epsg_source": 22391}}, {"type": "Feature", "geometry": {"type": "Point", "coordinates": [10.40229, 36.70365]}, "properties": {"record_id": "oai:u-bordeaux-montaigne.fr:340407", "symbol_class": "building", "pixel_x": 4600.9, "pixel_y": 4115.2, "easting": 544819.2, "northing": 378002.6, "epsg_source": 22391}}, {"type": "Feature", "geometry": {"type": "Point", "coordinates": [10.24923, 36.71343]}, "properties": {"record_id": "oai:u-bordeaux-montaigne.fr:340407", "symbol_class": "building", "pixel_x": 1423.5, "pixel_y": 4117.4, "easting": 531142.4, "northing": 379027.6, "epsg_source": 22391}}, {"type": "Feature", "geometry": {"type": "Point", "coordinates": [10.48357, 36.69814]}, "properties": {"record_id": "oai:u-bordeaux-montaigne.fr:340407", "symbol_class": "building", "pixel_x": 6288.9, "pixel_y": 4120.3, "easting": 552083.0, "northing": 377431.7, "epsg_source": 22391}}, {"type": "Feature", "geometry": {"type": "Point", "coordinates": [10.53967, 36.69438]}, "properties": {"record_id": "oai:u-bordeaux-montaigne.fr:340407", "symbol_class": "building", "pixel_x": 7454.2, "pixel_y": 4122.0, "easting": 557098.1, "northing": 377045.5, "epsg_source": 22391}}, {"type": "Feature", "geometry": {"type": "Point", "coordinates": [10.24828, 36.71339]}, "properties": {"record_id": "oai:u-bordeaux-montaigne.fr:340407", "symbol_class": "building", "pixel_x": 1404.0, "pixel_y": 4120.2, "easting": 531057.4, "northing": 379022.2, "epsg_source": 22391}}, {"type": "Feature", "geometry": {"type": "Point", "coordinates": [10.48744, 36.69784]}, "properties": {"record_id": "oai:u-bordeaux-montaigne.fr:340407", "symbol_class": "building", "pixel_x": 6369.5, "pixel_y": 4121.5, "easting": 552429.6, "northing": 377400.4, "epsg_source": 22391}}, {"type": "Feature", "geometry": {"type": "Point", "coordinates": [10.24671, 36.71343]}, "properties": {"record_id": "oai:u-bordeaux-montaigne.fr:340407", "symbol_class": "building", "pixel_x": 1371.5, "pixel_y": 4121.6, "easting": 530917.1, "northing": 379026.9, "epsg_source": 22391}}, {"type": "Feature", "geometry": {"type": "Point", "coordinates": [10.46094, 36.69913]}, "properties": {"record_id": "oai:u-bordeaux-montaigne.fr:340407", "symbol_class": "building", "pixel_x": 5820.1, "pixel_y": 4133.3, "easting": 550061.3, "northing": 377529.8, "epsg_source": 22391}}, {"type": "Feature", "geometry": {"type": "Point", "coordinates": [10.24477, 36.71338]}, "properties": {"record_id": "oai:u-bordeaux-montaigne.fr:340407", "symbol_class": "building", "pixel_x": 1331.6, "pixel_y": 4126.1, "easting": 530744.1, "northing": 379020.8, "epsg_source": 22391}}, {"type": "Feature", "geometry": {"type": "Point", "coordinates": [10.56218, 36.69249]}, "properties": {"record_id": "oai:u-bordeaux-montaigne.fr:340407", "symbol_class": "building", "pixel_x": 7922.5, "pixel_y": 4132.3, "easting": 559110.6, "northing": 376849.8, "epsg_source": 22391}}, {"type": "Feature", "geometry": {"type": "Point", "coordinates": [10.39818, 36.70317]}, "properties": {"record_id": "oai:u-bordeaux-montaigne.fr:340407", "symbol_class": "building", "pixel_x": 4517.1, "pixel_y": 4135.0, "easting": 544452.5, "northing": 377946.8, "epsg_source": 22391}}, {"type": "Feature", "geometry": {"type": "Point", "coordinates": [10.26326, 36.71159]}, "properties": {"record_id": "oai:u-bordeaux-montaigne.fr:340407", "symbol_class": "building", "pixel_x": 1716.6, "pixel_y": 4142.2, "easting": 532396.2, "northing": 378828.0, "epsg_source": 22391}}, {"type": "Feature", "geometry": {"type": "Point", "coordinates": [10.40783, 36.70213]}, "properties": {"record_id": "oai:u-bordeaux-montaigne.fr:340407", "symbol_class": "building", "pixel_x": 4718.3, "pixel_y": 4145.8, "easting": 545314.9, "northing": 377835.7, "epsg_source": 22391}}, {"type": "Feature", "geometry": {"type": "Point", "coordinates": [10.49113, 36.69672]}, "properties": {"record_id": "oai:u-bordeaux-montaigne.fr:340407", "symbol_class": "building", "pixel_x": 6447.9, "pixel_y": 4144.7, "easting": 552760.0, "northing": 377277.5, "epsg_source": 22391}}, {"type": "Feature", "geometry": {"type": "Point", "coordinates": [10.38127, 36.70377]}, "properties": {"record_id": "oai:u-bordeaux-montaigne.fr:340407", "symbol_class": "building", "pixel_x": 4167.0, "pixel_y": 4148.0, "easting": 542941.3, "northing": 378005.9, "epsg_source": 22391}}, {"type": "Feature", "geometry": {"type": "Point", "coordinates": [10.28162, 36.71007]}, "properties": {"record_id": "oai:u-bordeaux-montaigne.fr:340407", "symbol_class": "building", "pixel_x": 2098.5, "pixel_y": 4151.3, "easting": 534037.2, "northing": 378665.5, "epsg_source": 22391}}, {"type": "Feature", "geometry": {"type": "Point", "coordinates": [10.29938, 36.70842]}, "properties": {"record_id": "oai:u-bordeaux-montaigne.fr:340407", "symbol_class": "building", "pixel_x": 2468.3, "pixel_y": 4164.7, "easting": 535624.3, "northing": 378488.6, "epsg_source": 22391}}, {"type": "Feature", "geometry": {"type": "Point", "coordinates": [10.38064, 36.70379]}, "properties": {"record_id": "oai:u-bordeaux-montaigne.fr:340407", "symbol_class": "building", "pixel_x": 4154.0, "pixel_y": 4148.6, "easting": 542885.2, "northing": 378007.7, "epsg_source": 22391}}, {"type": "Feature", "geometry": {"type": "Point", "coordinates": [10.2818, 36.70997]}, "properties": {"record_id": "oai:u-bordeaux-montaigne.fr:340407", "symbol_class": "building", "pixel_x": 2102.5, "pixel_y": 4153.5, "easting": 534053.5, "northing": 378654.8, "epsg_source": 22391}}, {"type": "Feature", "geometry": {"type": "Point", "coordinates": [10.53152, 36.69383]}, "properties": {"record_id": "oai:u-bordeaux-montaigne.fr:340407", "symbol_class": "building", "pixel_x": 7287.1, "pixel_y": 4150.6, "easting": 556369.9, "northing": 376979.6, "epsg_source": 22391}}, {"type": "Feature", "geometry": {"type": "Point", "coordinates": [10.25915, 36.71114]}, "properties": {"record_id": "oai:u-bordeaux-montaigne.fr:340407", "symbol_class": "building", "pixel_x": 1632.7, "pixel_y": 4160.8, "easting": 532029.3, "northing": 378776.8, "epsg_source": 22391}}, {"type": "Feature", "geometry": {"type": "Point", "coordinates": [10.3787, 36.70382]}, "properties": {"record_id": "oai:u-bordeaux-montaigne.fr:340407", "symbol_class": "building", "pixel_x": 4113.9, "pixel_y": 4151.0, "easting": 542711.7, "northing": 378010.6, "epsg_source": 22391}}, {"type": "Feature", "geometry": {"type": "Point", "coordinates": [10.37924, 36.70379]}, "properties": {"record_id": "oai:u-bordeaux-montaigne.fr:340407", "symbol_class": "building", "pixel_x": 4125.1, "pixel_y": 4150.9, "easting": 542760.2, "northing": 378007.2, "epsg_source": 22391}}, {"type": "Feature", "geometry": {"type": "Point", "coordinates": [10.37673, 36.7038]}, "properties": {"record_id": "oai:u-bordeaux-montaigne.fr:340407", "symbol_class": "building", "pixel_x": 4073.3, "pixel_y": 4155.1, "easting": 542535.6, "northing": 378006.8, "epsg_source": 22391}}, {"type": "Feature", "geometry": {"type": "Point", "coordinates": [10.40727, 36.70162]}, "properties": {"record_id": "oai:u-bordeaux-montaigne.fr:340407", "symbol_class": "building", "pixel_x": 4707.7, "pixel_y": 4160.0, "easting": 545264.8, "northing": 377779.7, "epsg_source": 22391}}, {"type": "Feature", "geometry": {"type": "Point", "coordinates": [10.27482, 36.71013]}, "properties": {"record_id": "oai:u-bordeaux-montaigne.fr:340407", "symbol_class": "building", "pixel_x": 1958.2, "pixel_y": 4161.0, "easting": 533429.9, "northing": 378670.2, "epsg_source": 22391}}, {"type": "Feature", "geometry": {"type": "Point", "coordinates": [10.29282, 36.70865]}, "properties": {"record_id": "oai:u-bordeaux-montaigne.fr:340407", "symbol_class": "building", "pixel_x": 2332.4, "pixel_y": 4169.8, "easting": 535038.1, "northing": 378511.6, "epsg_source": 22391}}, {"type": "Feature", "geometry": {"type": "Point", "coordinates": [10.3601, 36.70432]}, "properties": {"record_id": "oai:u-bordeaux-montaigne.fr:340407", "symbol_class": "building", "pixel_x": 3729.2, "pixel_y": 4169.5, "easting": 541050.1, "northing": 378057.9, "epsg_source": 22391}}, {"type": "Feature", "geometry": {"type": "Point", "coordinates": [10.37133, 36.70378]}, "properties": {"record_id": "oai:u-bordeaux-montaigne.fr:340407", "symbol_class": "building", "pixel_x": 3961.9, "pixel_y": 4164.7, "easting": 542053.3, "northing": 378002.6, "epsg_source": 22391}}, {"type": "Feature", "geometry": {"type": "Point", "coordinates": [10.33764, 36.7059]}, "properties": {"record_id": "oai:u-bordeaux-montaigne.fr:340407", "symbol_class": "building", "pixel_x": 3262.6, "pixel_y": 4166.2, "easting": 539042.8, "northing": 378223.7, "epsg_source": 22391}}, {"type": "Feature", "geometry": {"type": "Point", "coordinates": [10.23663, 36.71232]}, "properties": {"record_id": "oai:u-bordeaux-montaigne.fr:340407", "symbol_class": "building", "pixel_x": 1165.8, "pixel_y": 4167.5, "easting": 530017.2, "northing": 378900.8, "epsg_source": 22391}}, {"type": "Feature", "geometry": {"type": "Point", "coordinates": [10.3694, 36.70388]}, "properties": {"record_id": "oai:u-bordeaux-montaigne.fr:340407", "symbol_class": "building", "pixel_x": 3921.9, "pixel_y": 4165.2, "easting": 541881.0, "northing": 378013.2, "epsg_source": 22391}}, {"type": "Feature", "geometry": {"type": "Point", "coordinates": [10.28339, 36.70924]}, "properties": {"record_id": "oai:u-bordeaux-montaigne.fr:340407", "symbol_class": "building", "pixel_x": 2136.8, "pixel_y": 4170.1, "easting": 534195.8, "northing": 378573.8, "epsg_source": 22391}}, {"type": "Feature", "geometry": {"type": "Point", "coordinates": [10.47124, 36.69703]}, "properties": {"record_id": "oai:u-bordeaux-montaigne.fr:340407", "symbol_class": "building", "pixel_x": 6036.9, "pixel_y": 4170.7, "easting": 550982.7, "northing": 377301.8, "epsg_source": 22391}}, {"type": "Feature", "geometry": {"type": "Point", "coordinates": [10.36802, 36.70387]}, "properties": {"record_id": "oai:u-bordeaux-montaigne.fr:340407", "symbol_class": "building", "pixel_x": 3893.5, "pixel_y": 4167.9, "easting": 541758.0, "northing": 378011.4, "epsg_source": 22391}}, {"type": "Feature", "geometry": {"type": "Point", "coordinates": [10.47186, 36.69702]}, "properties": {"record_id": "oai:u-bordeaux-montaigne.fr:340407", "symbol_class": "building", "pixel_x": 6049.7, "pixel_y": 4169.9, "easting": 551037.8, "northing": 377301.0, "epsg_source": 22391}}, {"type": "Feature", "geometry": {"type": "Point", "coordinates": [10.51994, 36.69389]}, "properties": {"record_id": "oai:u-bordeaux-montaigne.fr:340407", "symbol_class": "building", "pixel_x": 7048.0, "pixel_y": 4169.0, "easting": 555335.2, "northing": 376979.9, "epsg_source": 22391}}, {"type": "Feature", "geometry": {"type": "Point", "coordinates": [10.41382, 36.70061]}, "properties": {"record_id": "oai:u-bordeaux-montaigne.fr:340407", "symbol_class": "building", "pixel_x": 4844.9, "pixel_y": 4175.5, "easting": 545850.6, "northing": 377669.8, "epsg_source": 22391}}, {"type": "Feature", "geometry": {"type": "Point", "coordinates": [10.42215, 36.70004]}, "properties": {"record_id": "oai:u-bordeaux-montaigne.fr:340407", "symbol_class": "building", "pixel_x": 5017.9, "pixel_y": 4175.9, "easting": 546595.0, "northing": 377611.4, "epsg_source": 22391}}, {"type": "Feature", "geometry": {"type": "Point", "coordinates": [10.51637, 36.69394]}, "properties": {"record_id": "oai:u-bordeaux-montaigne.fr:340407", "symbol_class": "building", "pixel_x": 6974.3, "pixel_y": 4173.9, "easting": 555016.5, "northing": 376983.1, "epsg_source": 22391}}, {"type": "Feature", "geometry": {"type": "Point", "coordinates": [10.2801, 36.70916]}, "properties": {"record_id": "oai:u-bordeaux-montaigne.fr:340407", "symbol_class": "building", "pixel_x": 2069.0, "pixel_y": 4177.6, "easting": 533901.7, "northing": 378564.4, "epsg_source": 22391}}, {"type": "Feature", "geometry": {"type": "Point", "coordinates": [10.51503, 36.69391]}, "properties": {"record_id": "oai:u-bordeaux-montaigne.fr:340407", "symbol_class": "building", "pixel_x": 6946.6, "pixel_y": 4176.9, "easting": 554896.4, "northing": 376979.6, "epsg_source": 22391}}, {"type": "Feature", "geometry": {"type": "Point", "coordinates": [10.23666, 36.71116]}, "properties": {"record_id": "oai:u-bordeaux-montaigne.fr:340407", "symbol_class": "building", "pixel_x": 1168.7, "pixel_y": 4198.1, "easting": 530020.3, "northing": 378771.1, "epsg_source": 22391}}, {"type": "Feature", "geometry": {"type": "Point", "coordinates": [10.46095, 36.6973]}, "properties": {"record_id": "oai:u-bordeaux-montaigne.fr:340407", "symbol_class": "building", "pixel_x": 5824.0, "pixel_y": 4181.5, "easting": 550063.0, "northing": 377325.8, "epsg_source": 22391}}, {"type": "Feature", "geometry": {"type": "Point", "coordinates": [10.27036, 36.7096]}, "properties": {"record_id": "oai:u-bordeaux-montaigne.fr:340407", "symbol_class": "building", "pixel_x": 1867.1, "pixel_y": 4182.5, "easting": 533031.3, "northing": 378609.3, "epsg_source": 22391}}, {"type": "Feature", "geometry": {"type": "Point", "coordinates": [10.2355, 36.71188]}, "properties": {"record_id": "oai:u-bordeaux-montaigne.fr:340407", "symbol_class": "building", "pixel_x": 1143.4, "pixel_y": 4181.1, "easting": 529916.9, "northing": 378851.0, "epsg_source": 22391}}, {"type": "Feature", "geometry": {"type": "Point", "coordinates": [10.28649, 36.70868]}, "properties": {"record_id": "oai:u-bordeaux-montaigne.fr:340407", "symbol_class": "building", "pixel_x": 2201.7, "pixel_y": 4179.5, "easting": 534472.4, "northing": 378513.1, "epsg_source": 22391}}, {"type": "Feature", "geometry": {"type": "Point", "coordinates": [10.36016, 36.70388]}, "properties": {"record_id": "oai:u-bordeaux-montaigne.fr:340407", "symbol_class": "building", "pixel_x": 3731.3, "pixel_y": 4180.9, "easting": 541055.5, "northing": 378009.3, "epsg_source": 22391}}, {"type": "Feature", "geometry": {"type": "Point", "coordinates": [10.38764, 36.70205]}, "properties": {"record_id": "oai:u-bordeaux-montaigne.fr:340407", "symbol_class": "building", "pixel_x": 4301.9, "pixel_y": 4182.2, "easting": 543511.3, "northing": 377818.3, "epsg_source": 22391}}, {"type": "Feature", "geometry": {"type": "Point", "coordinates": [10.42039, 36.69993]}, "properties": {"record_id": "oai:u-bordeaux-montaigne.fr:340407", "symbol_class": "building", "pixel_x": 4981.8, "pixel_y": 4181.9, "easting": 546437.7, "northing": 377598.0, "epsg_source": 22391}}, {"type": "Feature", "geometry": {"type": "Point", "coordinates": [10.30482, 36.70736]}, "properties": {"record_id": "oai:u-bordeaux-montaigne.fr:340407", "symbol_class": "building", "pixel_x": 2582.5, "pixel_y": 4183.2, "easting": 536110.2, "northing": 378373.4, "epsg_source": 22391}}, {"type": "Feature", "geometry": {"type": "Point", "coordinates": [10.35922, 36.70391]}, "properties": {"record_id": "oai:u-bordeaux-montaigne.fr:340407", "symbol_class": "building", "pixel_x": 3711.7, "pixel_y": 4181.7, "easting": 540971.2, "northing": 378012.5, "epsg_source": 22391}}, {"type": "Feature", "geometry": {"type": "Point", "coordinates": [10.43674, 36.6987]}, "properties": {"record_id": "oai:u-bordeaux-montaigne.fr:340407", "symbol_class": "building", "pixel_x": 5321.8, "pixel_y": 4186.3, "easting": 547899.8, "northing": 377469.0, "epsg_source": 22391}}, {"type": "Feature", "geometry": {"type": "Point", "coordinates": [10.43698, 36.69876]}, "properties": {"record_id": "oai:u-bordeaux-montaigne.fr:340407", "symbol_class": "building", "pixel_x": 5326.6, "pixel_y": 4184.3, "easting": 547921.1, "northing": 377475.7, "epsg_source": 22391}}, {"type": "Feature", "geometry": {"type": "Point", "coordinates": [10.55094, 36.69099]}, "properties": {"record_id": "oai:u-bordeaux-montaigne.fr:340407", "symbol_class": "building", "pixel_x": 7693.6, "pixel_y": 4191.2, "easting": 558107.0, "northing": 376676.4, "epsg_source": 22391}}, {"type": "Feature", "geometry": {"type": "Point", "coordinates": [10.28624, 36.7085]}, "properties": {"record_id": "oai:u-bordeaux-montaigne.fr:340407", "symbol_class": "building", "pixel_x": 2196.9, "pixel_y": 4184.6, "easting": 534450.1, "northing": 378493.3, "epsg_source": 22391}}, {"type": "Feature", "geometry": {"type": "Point", "coordinates": [10.31516, 36.70655]}, "properties": {"record_id": "oai:u-bordeaux-montaigne.fr:340407", "symbol_class": "building", "pixel_x": 2797.5, "pixel_y": 4187.1, "easting": 537034.4, "northing": 378287.1, "epsg_source": 22391}}, {"type": "Feature", "geometry": {"type": "Point", "coordinates": [10.25908, 36.71009]}, "properties": {"record_id": "oai:u-bordeaux-montaigne.fr:340407", "symbol_class": "building", "pixel_x": 1633.4, "pixel_y": 4188.4, "easting": 532023.6, "northing": 378660.6, "epsg_source": 22391}}, {"type": "Feature", "geometry": {"type": "Point", "coordinates": [10.28772, 36.70822]}, "properties": {"record_id": "oai:u-bordeaux-montaigne.fr:340407", "symbol_class": "building", "pixel_x": 2228.1, "pixel_y": 4189.6, "easting": 534582.7, "northing": 378462.2, "epsg_source": 22391}}, {"type": "Feature", "geometry": {"type": "Point", "coordinates": [10.28597, 36.70835]}, "properties": {"record_id": "oai:u-bordeaux-montaigne.fr:340407", "symbol_class": "building", "pixel_x": 2191.6, "pixel_y": 4189.1, "easting": 534426.1, "northing": 378476.1, "epsg_source": 22391}}, {"type": "Feature", "geometry": {"type": "Point", "coordinates": [10.50518, 36.69404]}, "properties": {"record_id": "oai:u-bordeaux-montaigne.fr:340407", "symbol_class": "building", "pixel_x": 6743.2, "pixel_y": 4190.6, "easting": 554016.7, "northing": 376988.1, "epsg_source": 22391}}, {"type": "Feature", "geometry": {"type": "Point", "coordinates": [10.46095, 36.69682]}, "properties": {"record_id": "oai:u-bordeaux-montaigne.fr:340407", "symbol_class": "building", "pixel_x": 5825.1, "pixel_y": 4193.9, "easting": 550063.6, "northing": 377273.0, "epsg_source": 22391}}, {"type": "Feature", "geometry": {"type": "Point", "coordinates": [10.35183, 36.70397]}, "properties": {"record_id": "oai:u-bordeaux-montaigne.fr:340407", "symbol_class": "building", "pixel_x": 3559.3, "pixel_y": 4192.7, "easting": 540311.8, "northing": 378015.9, "epsg_source": 22391}}, {"type": "Feature", "geometry": {"type": "Point", "coordinates": [10.42736, 36.69877]}, "properties": {"record_id": "oai:u-bordeaux-montaigne.fr:340407", "symbol_class": "building", "pixel_x": 5128.1, "pixel_y": 4200.6, "easting": 547061.8, "northing": 377472.0, "epsg_source": 22391}}, {"type": "Feature", "geometry": {"type": "Point", "coordinates": [10.49819, 36.6944]}, "properties": {"record_id": "oai:u-bordeaux-montaigne.fr:340407", "symbol_class": "building", "pixel_x": 6598.2, "pixel_y": 4193.3, "easting": 553391.8, "northing": 377023.9, "epsg_source": 22391}}, {"type": "Feature", "geometry": {"type": "Point", "coordinates": [10.5039, 36.69402]}, "properties": {"record_id": "oai:u-bordeaux-montaigne.fr:340407", "symbol_class": "building", "pixel_x": 6716.8, "pixel_y": 4193.4, "easting": 553902.2, "northing": 376985.2, "epsg_source": 22391}}, {"type": "Feature", "geometry": {"type": "Point", "coordinates": [10.50467, 36.69398]}, "properties": {"record_id": "oai:u-bordeaux-montaigne.fr:340407", "symbol_class": "building", "pixel_x": 6732.8, "pixel_y": 4193.0, "easting": 553971.1, "northing": 376981.5, "epsg_source": 22391}}, {"type": "Feature", "geometry": {"type": "Point", "coordinates": [10.4718, 36.69603]}, "properties": {"record_id": "oai:u-bordeaux-montaigne.fr:340407", "symbol_class": "building", "pixel_x": 6050.5, "pixel_y": 4196.1, "easting": 551033.2, "northing": 377190.8, "epsg_source": 22391}}, {"type": "Feature", "geometry": {"type": "Point", "coordinates": [10.5397, 36.69128]}, "properties": {"record_id": "oai:u-bordeaux-montaigne.fr:340407", "symbol_class": "building", "pixel_x": 7461.1, "pixel_y": 4203.1, "easting": 557102.7, "northing": 376701.9, "epsg_source": 22391}}, {"type": "Feature", "geometry": {"type": "Point", "coordinates": [10.35095, 36.70392]}, "properties": {"record_id": "oai:u-bordeaux-montaigne.fr:340407", "symbol_class": "building", "pixel_x": 3541.2, "pixel_y": 4195.5, "easting": 540233.0, "northing": 378009.9, "epsg_source": 22391}}, {"type": "Feature", "geometry": {"type": "Point", "coordinates": [10.50143, 36.69404]}, "properties": {"record_id": "oai:u-bordeaux-montaigne.fr:340407", "symbol_class": "building", "pixel_x": 6665.9, "pixel_y": 4197.2, "easting": 553681.7, "northing": 376985.7, "epsg_source": 22391}}, {"type": "Feature", "geometry": {"type": "Point", "coordinates": [10.50086, 36.69405]}, "properties": {"record_id": "oai:u-bordeaux-montaigne.fr:340407", "symbol_class": "building", "pixel_x": 6654.0, "pixel_y": 4197.7, "easting": 553630.4, "northing": 376987.4, "epsg_source": 22391}}, {"type": "Feature", "geometry": {"type": "Point", "coordinates": [10.2871, 36.70762]}, "properties": {"record_id": "oai:u-bordeaux-montaigne.fr:340407", "symbol_class": "building", "pixel_x": 2216.5, "pixel_y": 4206.4, "easting": 534527.6, "northing": 378395.2, "epsg_source": 22391}}, {"type": "Feature", "geometry": {"type": "Point", "coordinates": [10.50005, 36.69405]}, "properties": {"record_id": "oai:u-bordeaux-montaigne.fr:340407", "symbol_class": "building", "pixel_x": 6637.5, "pixel_y": 4199.3, "easting": 553558.7, "northing": 376986.2, "epsg_source": 22391}}, {"type": "Feature", "geometry": {"type": "Point", "coordinates": [10.49779, 36.6941]}, "properties": {"record_id": "oai:u-bordeaux-montaigne.fr:340407", "symbol_class": "building", "pixel_x": 6590.7, "pixel_y": 4201.8, "easting": 553356.6, "northing": 376990.7, "epsg_source": 22391}}, {"type": "Feature", "geometry": {"type": "Point", "coordinates": [10.49479, 36.69418]}, "properties": {"record_id": "oai:u-bordeaux-montaigne.fr:340407", "symbol_class": "building", "pixel_x": 6528.7, "pixel_y": 4204.8, "easting": 553088.7, "northing": 376998.2, "epsg_source": 22391}}, {"type": "Feature", "geometry": {"type": "Point", "coordinates": [10.39507, 36.70067]}, "properties": {"record_id": "oai:u-bordeaux-montaigne.fr:340407", "symbol_class": "building", "pixel_x": 4457.9, "pixel_y": 4205.8, "easting": 544175.5, "northing": 377668.3, "epsg_source": 22391}}, {"type": "Feature", "geometry": {"type": "Point", "coordinates": [10.5164, 36.69271]}, "properties": {"record_id": "oai:u-bordeaux-montaigne.fr:340407", "symbol_class": "building", "pixel_x": 6977.5, "pixel_y": 4206.2, "easting": 555020.1, "northing": 376846.5, "epsg_source": 22391}}, {"type": "Feature", "geometry": {"type": "Point", "coordinates": [10.43811, 36.69771]}, "properties": {"record_id": "oai:u-bordeaux-montaigne.fr:340407", "symbol_class": "building", "pixel_x": 5351.9, "pixel_y": 4209.9, "easting": 548022.2, "northing": 377359.7, "epsg_source": 22391}}, {"type": "Feature", "geometry": {"type": "Point", "coordinates": [10.3489, 36.70335]}, "properties": {"record_id": "oai:u-bordeaux-montaigne.fr:340407", "symbol_class": "building", "pixel_x": 3500.0, "pixel_y": 4213.9, "easting": 540049.6, "northing": 377945.8, "epsg_source": 22391}}, {"type": "Feature", "geometry": {"type": "Point", "coordinates": [10.3825, 36.70126]}, "properties": {"record_id": "oai:u-bordeaux-montaigne.fr:340407", "symbol_class": "building", "pixel_x": 4197.4, "pixel_y": 4211.8, "easting": 543052.2, "northing": 377727.8, "epsg_source": 22391}}, {"type": "Feature", "geometry": {"type": "Point", "coordinates": [10.49204, 36.69411]}, "properties": {"record_id": "oai:u-bordeaux-montaigne.fr:340407", "symbol_class": "building", "pixel_x": 6472.1, "pixel_y": 4211.4, "easting": 552843.1, "northing": 376988.8, "epsg_source": 22391}}, {"type": "Feature", "geometry": {"type": "Point", "coordinates": [10.49702, 36.6937]}, "properties": {"record_id": "oai:u-bordeaux-montaigne.fr:340407", "symbol_class": "building", "pixel_x": 6575.6, "pixel_y": 4213.7, "easting": 553288.1, "northing": 376945.5, "epsg_source": 22391}}, {"type": "Feature", "geometry": {"type": "Point", "coordinates": [10.33779, 36.70399]}, "properties": {"record_id": "oai:u-bordeaux-montaigne.fr:340407", "symbol_class": "building", "pixel_x": 3269.5, "pixel_y": 4216.0, "easting": 539057.0, "northing": 378012.0, "epsg_source": 22391}}, {"type": "Feature", "geometry": {"type": "Point", "coordinates": [10.42736, 36.6977]}, "properties": {"record_id": "oai:u-bordeaux-montaigne.fr:340407", "symbol_class": "building", "pixel_x": 5130.2, "pixel_y": 4228.6, "easting": 547062.1, "northing": 377353.5, "epsg_source": 22391}}, {"type": "Feature", "geometry": {"type": "Point", "coordinates": [10.55098, 36.68984]}, "properties": {"record_id": "oai:u-bordeaux-montaigne.fr:340407", "symbol_class": "building", "pixel_x": 7696.7, "pixel_y": 4221.3, "easting": 558111.2, "northing": 376548.8, "epsg_source": 22391}}, {"type": "Feature", "geometry": {"type": "Point", "coordinates": [10.29283, 36.70663]}, "properties": {"record_id": "oai:u-bordeaux-montaigne.fr:340407", "symbol_class": "building", "pixel_x": 2336.8, "pixel_y": 4222.7, "easting": 535040.2, "northing": 378287.5, "epsg_source": 22391}}, {"type": "Feature", "geometry": {"type": "Point", "coordinates": [10.32636, 36.70462]}, "properties": {"record_id": "oai:u-bordeaux-montaigne.fr:340407", "symbol_class": "building", "pixel_x": 3032.5, "pixel_y": 4218.9, "easting": 538036.2, "northing": 378077.1, "epsg_source": 22391}}, {"type": "Feature", "geometry": {"type": "Point", "coordinates": [10.33658, 36.704]}, "properties": {"record_id": "oai:u-bordeaux-montaigne.fr:340407", "symbol_class": "building", "pixel_x": 3244.5, "pixel_y": 4217.7, "easting": 538949.1, "northing": 378013.0, "epsg_source": 22391}}, {"type": "Feature", "geometry": {"type": "Point", "coordinates": [10.56576, 36.68899]}, "properties": {"record_id": "oai:u-bordeaux-montaigne.fr:340407", "symbol_class": "building", "pixel_x": 8003.5, "pixel_y": 4218.0, "easting": 559432.5, "northing": 376462.8, "epsg_source": 22391}}, {"type": "Feature", "geometry": {"type": "Point", "coordinates": [10.57966, 36.6879]}, "properties": {"record_id": "oai:u-bordeaux-montaigne.fr:340407", "symbol_class": "building", "pixel_x": 8292.6, "pixel_y": 4222.3, "easting": 560675.8, "northing": 376350.5, "epsg_source": 22391}}, {"type": "Feature", "geometry": {"type": "Point", "coordinates": [10.42144, 36.69829]}, "properties": {"record_id": "oai:u-bordeaux-montaigne.fr:340407", "symbol_class": "building", "pixel_x": 5006.9, "pixel_y": 4223.2, "easting": 546532.9, "northing": 377416.4, "epsg_source": 22391}}, {"type": "Feature", "geometry": {"type": "Point", "coordinates": [10.42203, 36.69822]}, "properties": {"record_id": "oai:u-bordeaux-montaigne.fr:340407", "symbol_class": "building", "pixel_x": 5019.2, "pixel_y": 4223.9, "easting": 546585.6, "northing": 377409.5, "epsg_source": 22391}}, {"type": "Feature", "geometry": {"type": "Point", "coordinates": [10.27593, 36.70775]}, "properties": {"record_id": "oai:u-bordeaux-montaigne.fr:340407", "symbol_class": "building", "pixel_x": 1985.7, "pixel_y": 4221.5, "easting": 533529.5, "northing": 378406.6, "epsg_source": 22391}}, {"type": "Feature", "geometry": {"type": "Point", "coordinates": [10.52611, 36.69145]}, "properties": {"record_id": "oai:u-bordeaux-montaigne.fr:340407", "symbol_class": "building", "pixel_x": 7180.4, "pixel_y": 4222.2, "easting": 555888.3, "northing": 376712.8, "epsg_source": 22391}}, {"type": "Feature", "geometry": {"type": "Point", "coordinates": [10.49479, 36.6932]}, "properties": {"record_id": "oai:u-bordeaux-montaigne.fr:340407", "symbol_class": "building", "pixel_x": 6530.5, "pixel_y": 4230.5, "easting": 553088.7, "northing": 376889.5, "epsg_source": 22391}}, {"type": "Feature", "geometry": {"type": "Point", "coordinates": [10.26858, 36.70796]}, "properties": {"record_id": "oai:u-bordeaux-montaigne.fr:340407", "symbol_class": "building", "pixel_x": 1833.8, "pixel_y": 4228.4, "easting": 532873.5, "northing": 378427.0, "epsg_source": 22391}}, {"type": "Feature", "geometry": {"type": "Point", "coordinates": [10.24488, 36.70934]}, "properties": {"record_id": "oai:u-bordeaux-montaigne.fr:340407", "symbol_class": "building", "pixel_x": 1342.0, "pixel_y": 4232.0, "easting": 530755.7, "northing": 378572.0, "epsg_source": 22391}}, {"type": "Feature", "geometry": {"type": "Point", "coordinates": [10.26383, 36.70813]}, "properties": {"record_id": "oai:u-bordeaux-montaigne.fr:340407", "symbol_class": "building", "pixel_x": 1735.3, "pixel_y": 4232.0, "easting": 532448.7, "northing": 378444.0, "epsg_source": 22391}}, {"type": "Feature", "geometry": {"type": "Point", "coordinates": [10.56413, 36.68849]}, "properties": {"record_id": "oai:u-bordeaux-montaigne.fr:340407", "symbol_class": "building", "pixel_x": 7971.0, "pixel_y": 4233.9, "easting": 559287.6, "northing": 376406.7, "epsg_source": 22391}}, {"type": "Feature", "geometry": {"type": "Point", "coordinates": [10.2454, 36.70907]}, "properties": {"record_id": "oai:u-bordeaux-montaigne.fr:340407", "symbol_class": "building", "pixel_x": 1353.3, "pixel_y": 4238.3, "easting": 530802.4, "northing": 378542.0, "epsg_source": 22391}}, {"type": "Feature", "geometry": {"type": "Point", "coordinates": [10.47578, 36.69424]}, "properties": {"record_id": "oai:u-bordeaux-montaigne.fr:340407", "symbol_class": "building", "pixel_x": 6136.4, "pixel_y": 4236.1, "easting": 551390.4, "northing": 376994.4, "epsg_source": 22391}}, {"type": "Feature", "geometry": {"type": "Point", "coordinates": [10.32352, 36.70407]}, "properties": {"record_id": "oai:u-bordeaux-montaigne.fr:340407", "symbol_class": "building", "pixel_x": 2975.0, "pixel_y": 4238.0, "easting": 537782.4, "northing": 378015.5, "epsg_source": 22391}}, {"type": "Feature", "geometry": {"type": "Point", "coordinates": [10.28124, 36.70659]}, "properties": {"record_id": "oai:u-bordeaux-montaigne.fr:340407", "symbol_class": "building", "pixel_x": 2097.5, "pixel_y": 4243.1, "easting": 534004.2, "northing": 378279.6, "epsg_source": 22391}}, {"type": "Feature", "geometry": {"type": "Point", "coordinates": [10.31513, 36.70425]}, "properties": {"record_id": "oai:u-bordeaux-montaigne.fr:340407", "symbol_class": "building", "pixel_x": 2801.6, "pixel_y": 4247.4, "easting": 537033.1, "northing": 378032.1, "epsg_source": 22391}}, {"type": "Feature", "geometry": {"type": "Point", "coordinates": [10.2753, 36.70672]}, "properties": {"record_id": "oai:u-bordeaux-montaigne.fr:340407", "symbol_class": "building", "pixel_x": 1974.8, "pixel_y": 4249.6, "easting": 533473.7, "northing": 378291.9, "epsg_source": 22391}}, {"type": "Feature", "geometry": {"type": "Point", "coordinates": [10.26278, 36.70742]}, "properties": {"record_id": "oai:u-bordeaux-montaigne.fr:340407", "symbol_class": "building", "pixel_x": 1715.1, "pixel_y": 4252.2, "easting": 532355.2, "northing": 378365.6, "epsg_source": 22391}}, {"type": "Feature", "geometry": {"type": "Point", "coordinates": [10.47228, 36.69387]}, "properties": {"record_id": "oai:u-bordeaux-montaigne.fr:340407", "symbol_class": "building", "pixel_x": 6064.8, "pixel_y": 4251.7, "easting": 551077.5, "northing": 376952.0, "epsg_source": 22391}}, {"type": "Feature", "geometry": {"type": "Point", "coordinates": [10.56016, 36.68816]}, "properties": {"record_id": "oai:u-bordeaux-montaigne.fr:340407", "symbol_class": "building", "pixel_x": 7889.7, "pixel_y": 4249.3, "easting": 558932.9, "northing": 376368.0, "epsg_source": 22391}}, {"type": "Feature", "geometry": {"type": "Point", "coordinates": [10.42737, 36.69668]}, "properties": {"record_id": "oai:u-bordeaux-montaigne.fr:340407", "symbol_class": "building", "pixel_x": 5132.6, "pixel_y": 4255.3, "easting": 547063.9, "northing": 377240.5, "epsg_source": 22391}}, {"type": "Feature", "geometry": {"type": "Point", "coordinates": [10.53157, 36.69002]}, "properties": {"record_id": "oai:u-bordeaux-montaigne.fr:340407", "symbol_class": "building", "pixel_x": 7295.9, "pixel_y": 4250.4, "easting": 556376.9, "northing": 376556.7, "epsg_source": 22391}}, {"type": "Feature", "geometry": {"type": "Point", "coordinates": [10.38254, 36.69959]}, "properties": {"record_id": "oai:u-bordeaux-montaigne.fr:340407", "symbol_class": "building", "pixel_x": 4201.7, "pixel_y": 4255.4, "easting": 543057.2, "northing": 377542.8, "epsg_source": 22391}}, {"type": "Feature", "geometry": {"type": "Point", "coordinates": [10.314, 36.70407]}, "properties": {"record_id": "oai:u-bordeaux-montaigne.fr:340407", "symbol_class": "building", "pixel_x": 2778.5, "pixel_y": 4254.1, "easting": 536931.8, "northing": 378011.6, "epsg_source": 22391}}, {"type": "Feature", "geometry": {"type": "Point", "coordinates": [10.46366, 36.69434]}, "properties": {"record_id": "oai:u-bordeaux-montaigne.fr:340407", "symbol_class": "building", "pixel_x": 5886.0, "pixel_y": 4254.3, "easting": 550307.2, "northing": 376999.4, "epsg_source": 22391}}, {"type": "Feature", "geometry": {"type": "Point", "coordinates": [10.27061, 36.70662]}, "properties": {"record_id": "oai:u-bordeaux-montaigne.fr:340407", "symbol_class": "building", "pixel_x": 1878.2, "pixel_y": 4260.2, "easting": 533054.9, "northing": 378278.9, "epsg_source": 22391}}, {"type": "Feature", "geometry": {"type": "Point", "coordinates": [10.33766, 36.70214]}, "properties": {"record_id": "oai:u-bordeaux-montaigne.fr:340407", "symbol_class": "building", "pixel_x": 3270.7, "pixel_y": 4264.8, "easting": 539046.9, "northing": 377806.5, "epsg_source": 22391}}, {"type": "Feature", "geometry": {"type": "Point", "coordinates": [10.37131, 36.70009]}, "properties": {"record_id": "oai:u-bordeaux-montaigne.fr:340407", "symbol_class": "building", "pixel_x": 3968.9, "pixel_y": 4261.4, "easting": 542053.4, "northing": 377593.5, "epsg_source": 22391}}, {"type": "Feature", "geometry": {"type": "Point", "coordinates": [10.36011, 36.70087]}, "properties": {"record_id": "oai:u-bordeaux-montaigne.fr:340407", "symbol_class": "building", "pixel_x": 3736.3, "pixel_y": 4260.0, "easting": 541052.5, "northing": 377674.9, "epsg_source": 22391}}, {"type": "Feature", "geometry": {"type": "Point", "coordinates": [10.39374, 36.69869]}, "properties": {"record_id": "oai:u-bordeaux-montaigne.fr:340407", "symbol_class": "building", "pixel_x": 4434.6, "pixel_y": 4259.9, "easting": 544058.2, "northing": 377448.1, "epsg_source": 22391}}, {"type": "Feature", "geometry": {"type": "Point", "coordinates": [10.56214, 36.68744]}, "properties": {"record_id": "oai:u-bordeaux-montaigne.fr:340407", "symbol_class": "building", "pixel_x": 7932.0, "pixel_y": 4264.8, "easting": 559110.0, "northing": 376289.3, "epsg_source": 22391}}, {"type": "Feature", "geometry": {"type": "Point", "coordinates": [10.3879, 36.69906]}, "properties": {"record_id": "oai:u-bordeaux-montaigne.fr:340407", "symbol_class": "building", "pixel_x": 4313.4, "pixel_y": 4260.1, "easting": 543536.4, "northing": 377486.9, "epsg_source": 22391}}, {"type": "Feature", "geometry": {"type": "Point", "coordinates": [10.41344, 36.69735]}, "properties": {"record_id": "oai:u-bordeaux-montaigne.fr:340407", "symbol_class": "building", "pixel_x": 4843.7, "pixel_y": 4261.6, "easting": 545818.4, "northing": 377308.1, "epsg_source": 22391}}, {"type": "Feature", "geometry": {"type": "Point", "coordinates": [10.30983, 36.70411]}, "properties": {"record_id": "oai:u-bordeaux-montaigne.fr:340407", "symbol_class": "building", "pixel_x": 2692.6, "pixel_y": 4260.0, "easting": 536560.0, "northing": 378014.9, "epsg_source": 22391}}, {"type": "Feature", "geometry": {"type": "Point", "coordinates": [10.24735, 36.70797]}, "properties": {"record_id": "oai:u-bordeaux-montaigne.fr:340407", "symbol_class": "building", "pixel_x": 1395.6, "pixel_y": 4263.7, "easting": 530976.5, "northing": 378421.4, "epsg_source": 22391}}, {"type": "Feature", "geometry": {"type": "Point", "coordinates": [10.55854, 36.68782]}, "properties": {"record_id": "oai:u-bordeaux-montaigne.fr:340407", "symbol_class": "building", "pixel_x": 7857.0, "pixel_y": 4261.2, "easting": 558788.5, "northing": 376328.9, "epsg_source": 22391}}, {"type": "Feature", "geometry": {"type": "Point", "coordinates": [10.30763, 36.70412]}, "properties": {"record_id": "oai:u-bordeaux-montaigne.fr:340407", "symbol_class": "building", "pixel_x": 2647.1, "pixel_y": 4263.6, "easting": 536363.0, "northing": 378014.3, "epsg_source": 22391}}, {"type": "Feature", "geometry": {"type": "Point", "coordinates": [10.24785, 36.7078]}, "properties": {"record_id": "oai:u-bordeaux-montaigne.fr:340407", "symbol_class": "building", "pixel_x": 1406.4, "pixel_y": 4267.4, "easting": 531021.8, "northing": 378402.2, "epsg_source": 22391}}, {"type": "Feature", "geometry": {"type": "Point", "coordinates": [10.45317, 36.69442]}, "properties": {"record_id": "oai:u-bordeaux-montaigne.fr:340407", "symbol_class": "building", "pixel_x": 5669.4, "pixel_y": 4270.3, "easting": 549369.6, "northing": 377002.7, "epsg_source": 22391}}, {"type": "Feature", "geometry": {"type": "Point", "coordinates": [10.52848, 36.68919]}, "properties": {"record_id": "oai:u-bordeaux-montaigne.fr:340407", "symbol_class": "building", "pixel_x": 7233.9, "pixel_y": 4277.4, "easting": 556101.5, "northing": 376463.5, "epsg_source": 22391}}, {"type": "Feature", "geometry": {"type": "Point", "coordinates": [10.36008, 36.70005]}, "properties": {"record_id": "oai:u-bordeaux-montaigne.fr:340407", "symbol_class": "building", "pixel_x": 3737.5, "pixel_y": 4281.5, "easting": 541050.7, "northing": 377584.1, "epsg_source": 22391}}, {"type": "Feature", "geometry": {"type": "Point", "coordinates": [10.55095, 36.68777]}, "properties": {"record_id": "oai:u-bordeaux-montaigne.fr:340407", "symbol_class": "building", "pixel_x": 7700.5, "pixel_y": 4275.5, "easting": 558110.5, "northing": 376319.5, "epsg_source": 22391}}, {"type": "Feature", "geometry": {"type": "Point", "coordinates": [10.27037, 36.706]}, "properties": {"record_id": "oai:u-bordeaux-montaigne.fr:340407", "symbol_class": "building", "pixel_x": 1874.6, "pixel_y": 4276.9, "easting": 533033.9, "northing": 378210.1, "epsg_source": 22391}}, {"type": "Feature", "geometry": {"type": "Point", "coordinates": [10.42734, 36.6958]}, "properties": {"record_id": "oai:u-bordeaux-montaigne.fr:340407", "symbol_class": "building", "pixel_x": 5133.8, "pixel_y": 4278.3, "easting": 547061.8, "northing": 377143.1, "epsg_source": 22391}}, {"type": "Feature", "geometry": {"type": "Point", "coordinates": [10.29995, 36.70414]}, "properties": {"record_id": "oai:u-bordeaux-montaigne.fr:340407", "symbol_class": "building", "pixel_x": 2488.6, "pixel_y": 4275.8, "easting": 535677.1, "northing": 378014.5, "epsg_source": 22391}}, {"type": "Feature", "geometry": {"type": "Point", "coordinates": [10.29902, 36.70416]}, "properties": {"record_id": "oai:u-bordeaux-montaigne.fr:340407", "symbol_class": "building", "pixel_x": 2469.4, "pixel_y": 4277.0, "easting": 535594.1, "northing": 378015.9, "epsg_source": 22391}}, {"type": "Feature", "geometry": {"type": "Point", "coordinates": [10.25811, 36.70656]}, "properties": {"record_id": "oai:u-bordeaux-montaigne.fr:340407", "symbol_class": "building", "pixel_x": 1620.6, "pixel_y": 4282.6, "easting": 531938.9, "northing": 378268.5, "epsg_source": 22391}}, {"type": "Feature", "geometry": {"type": "Point", "coordinates": [10.41615, 36.69638]}, "properties": {"record_id": "oai:u-bordeaux-montaigne.fr:340407", "symbol_class": "building", "pixel_x": 4901.6, "pixel_y": 4282.2, "easting": 546061.1, "northing": 377202.2, "epsg_source": 22391}}, {"type": "Feature", "geometry": {"type": "Point", "coordinates": [10.55362, 36.68743]}, "properties": {"record_id": "oai:u-bordeaux-montaigne.fr:340407", "symbol_class": "building", "pixel_x": 7756.4, "pixel_y": 4279.9, "easting": 558349.5, "northing": 376283.0, "epsg_source": 22391}}, {"type": "Feature", "geometry": {"type": "Point", "coordinates": [10.28844, 36.70459]}, "properties": {"record_id": "oai:u-bordeaux-montaigne.fr:340407", "symbol_class": "building", "pixel_x": 2250.1, "pixel_y": 4283.4, "easting": 534648.4, "northing": 378060.3, "epsg_source": 22391}}, {"type": "Feature", "geometry": {"type": "Point", "coordinates": [10.28684, 36.70469]}, "properties": {"record_id": "oai:u-bordeaux-montaigne.fr:340407", "symbol_class": "building", "pixel_x": 2217.0, "pixel_y": 4283.6, "easting": 534505.7, "northing": 378070.2, "epsg_source": 22391}}, {"type": "Feature", "geometry": {"type": "Point", "coordinates": [10.27037, 36.7053]}, "properties": {"record_id": "oai:u-bordeaux-montaigne.fr:340407", "symbol_class": "building", "pixel_x": 1876.0, "pixel_y": 4295.3, "easting": 533034.1, "northing": 378131.9, "epsg_source": 22391}}, {"type": "Feature", "geometry": {"type": "Point", "coordinates": [10.33768, 36.70119]}, "properties": {"record_id": "oai:u-bordeaux-montaigne.fr:340407", "symbol_class": "building", "pixel_x": 3272.9, "pixel_y": 4289.6, "easting": 539048.8, "northing": 377701.5, "epsg_source": 22391}}, {"type": "Feature", "geometry": {"type": "Point", "coordinates": [10.38249, 36.69808]}, "properties": {"record_id": "oai:u-bordeaux-montaigne.fr:340407", "symbol_class": "building", "pixel_x": 4203.7, "pixel_y": 4295.0, "easting": 543053.1, "northing": 377375.5, "epsg_source": 22391}}, {"type": "Feature", "geometry": {"type": "Point", "coordinates": [10.32635, 36.70174]}, "properties": {"record_id": "oai:u-bordeaux-montaigne.fr:340407", "symbol_class": "building", "pixel_x": 3038.1, "pixel_y": 4294.4, "easting": 538036.5, "northing": 377757.6, "epsg_source": 22391}}, {"type": "Feature", "geometry": {"type": "Point", "coordinates": [10.39371, 36.6973]}, "properties": {"record_id": "oai:u-bordeaux-montaigne.fr:340407", "symbol_class": "building", "pixel_x": 4436.8, "pixel_y": 4296.5, "easting": 544056.4, "northing": 377293.7, "epsg_source": 22391}}, {"type": "Feature", "geometry": {"type": "Point", "coordinates": [10.42367, 36.69553]}, "properties": {"record_id": "oai:u-bordeaux-montaigne.fr:340407", "symbol_class": "building", "pixel_x": 5058.6, "pixel_y": 4291.8, "easting": 546733.9, "northing": 377111.0, "epsg_source": 22391}}, {"type": "Feature", "geometry": {"type": "Point", "coordinates": [10.53882, 36.68807]}, "properties": {"record_id": "oai:u-bordeaux-montaigne.fr:340407", "symbol_class": "building", "pixel_x": 7449.6, "pixel_y": 4289.0, "easting": 557026.2, "northing": 376344.6, "epsg_source": 22391}}, {"type": "Feature", "geometry": {"type": "Point", "coordinates": [10.43881, 36.69453]}, "properties": {"record_id": "oai:u-bordeaux-montaigne.fr:340407", "symbol_class": "building", "pixel_x": 5372.9, "pixel_y": 4292.0, "easting": 548086.6, "northing": 377007.7, "epsg_source": 22391}}, {"type": "Feature", "geometry": {"type": "Point", "coordinates": [10.43859, 36.69451]}, "properties": {"record_id": "oai:u-bordeaux-montaigne.fr:340407", "symbol_class": "building", "pixel_x": 5368.5, "pixel_y": 4293.0, "easting": 548067.5, "northing": 377005.0, "epsg_source": 22391}}, {"type": "Feature", "geometry": {"type": "Point", "coordinates": [10.43967, 36.69449]}, "properties": {"record_id": "oai:u-bordeaux-montaigne.fr:340407", "symbol_class": "building", "pixel_x": 5390.8, "pixel_y": 4291.7, "easting": 548164.0, "northing": 377003.4, "epsg_source": 22391}}, {"type": "Feature", "geometry": {"type": "Point", "coordinates": [10.43752, 36.69454]}, "properties": {"record_id": "oai:u-bordeaux-montaigne.fr:340407", "symbol_class": "building", "pixel_x": 5346.2, "pixel_y": 4293.9, "easting": 547971.5, "northing": 377008.2, "epsg_source": 22391}}, {"type": "Feature", "geometry": {"type": "Point", "coordinates": [10.42738, 36.69504]}, "properties": {"record_id": "oai:u-bordeaux-montaigne.fr:340407", "symbol_class": "building", "pixel_x": 5136.1, "pixel_y": 4298.1, "easting": 547065.5, "northing": 377059.3, "epsg_source": 22391}}, {"type": "Feature", "geometry": {"type": "Point", "coordinates": [10.2875, 36.70418]}, "properties": {"record_id": "oai:u-bordeaux-montaigne.fr:340407", "symbol_class": "building", "pixel_x": 2231.6, "pixel_y": 4295.7, "easting": 534564.7, "northing": 378014.6, "epsg_source": 22391}}, {"type": "Feature", "geometry": {"type": "Point", "coordinates": [10.4362, 36.69451]}, "properties": {"record_id": "oai:u-bordeaux-montaigne.fr:340407", "symbol_class": "building", "pixel_x": 5319.2, "pixel_y": 4296.9, "easting": 547854.1, "northing": 377004.7, "epsg_source": 22391}}, {"type": "Feature", "geometry": {"type": "Point", "coordinates": [10.55155, 36.68689]}, "properties": {"record_id": "oai:u-bordeaux-montaigne.fr:340407", "symbol_class": "building", "pixel_x": 7714.8, "pixel_y": 4297.7, "easting": 558164.9, "northing": 376221.7, "epsg_source": 22391}}, {"type": "Feature", "geometry": {"type": "Point", "coordinates": [10.31516, 36.70221]}, "properties": {"record_id": "oai:u-bordeaux-montaigne.fr:340407", "symbol_class": "building", "pixel_x": 2806.3, "pixel_y": 4300.8, "easting": 537037.0, "northing": 377806.0, "epsg_source": 22391}}, {"type": "Feature", "geometry": {"type": "Point", "coordinates": [10.41614, 36.69565]}, "properties": {"record_id": "oai:u-bordeaux-montaigne.fr:340407", "symbol_class": "building", "pixel_x": 4902.9, "pixel_y": 4301.3, "easting": 546060.8, "northing": 377121.6, "epsg_source": 22391}}, {"type": "Feature", "geometry": {"type": "Point", "coordinates": [10.28399, 36.70421]}, "properties": {"record_id": "oai:u-bordeaux-montaigne.fr:340407", "symbol_class": "building", "pixel_x": 2159.2, "pixel_y": 4300.9, "easting": 534251.6, "northing": 378016.5, "epsg_source": 22391}}, {"type": "Feature", "geometry": {"type": "Point", "coordinates": [10.28331, 36.70423]}, "properties": {"record_id": "oai:u-bordeaux-montaigne.fr:340407", "symbol_class": "building", "pixel_x": 2145.1, "pixel_y": 4301.7, "easting": 534190.4, "northing": 378017.6, "epsg_source": 22391}}, {"type": "Feature", "geometry": {"type": "Point", "coordinates": [10.4328, 36.69453]}, "properties": {"record_id": "oai:u-bordeaux-montaigne.fr:340407", "symbol_class": "building", "pixel_x": 5248.9, "pixel_y": 4302.2, "easting": 547549.8, "northing": 377005.3, "epsg_source": 22391}}, {"type": "Feature", "geometry": {"type": "Point", "coordinates": [10.54122, 36.68741]}, "properties": {"record_id": "oai:u-bordeaux-montaigne.fr:340407", "symbol_class": "building", "pixel_x": 7500.4, "pixel_y": 4301.9, "easting": 557241.2, "northing": 376273.6, "epsg_source": 22391}}, {"type": "Feature", "geometry": {"type": "Point", "coordinates": [10.43209, 36.69451]}, "properties": {"record_id": "oai:u-bordeaux-montaigne.fr:340407", "symbol_class": "building", "pixel_x": 5234.3, "pixel_y": 4304.0, "easting": 547486.5, "northing": 377002.4, "epsg_source": 22391}}, {"type": "Feature", "geometry": {"type": "Point", "coordinates": [10.41458, 36.69541]}, "properties": {"record_id": "oai:u-bordeaux-montaigne.fr:340407", "symbol_class": "building", "pixel_x": 4871.3, "pixel_y": 4310.4, "easting": 545922.1, "northing": 377093.5, "epsg_source": 22391}}, {"type": "Feature", "geometry": {"type": "Point", "coordinates": [10.41427, 36.69539]}, "properties": {"record_id": "oai:u-bordeaux-montaigne.fr:340407", "symbol_class": "building", "pixel_x": 4865.0, "pixel_y": 4311.4, "easting": 545894.5, "northing": 377091.6, "epsg_source": 22391}}, {"type": "Feature", "geometry": {"type": "Point", "coordinates": [10.39366, 36.69666]}, "properties": {"record_id": "oai:u-bordeaux-montaigne.fr:340407", "symbol_class": "building", "pixel_x": 4437.0, "pixel_y": 4313.4, "easting": 544051.8, "northing": 377222.3, "epsg_source": 22391}}, {"type": "Feature", "geometry": {"type": "Point", "coordinates": [10.42646, 36.69457]}, "properties": {"record_id": "oai:u-bordeaux-montaigne.fr:340407", "symbol_class": "building", "pixel_x": 5118.0, "pixel_y": 4312.1, "easting": 546983.4, "northing": 377006.4, "epsg_source": 22391}}, {"type": "Feature", "geometry": {"type": "Point", "coordinates": [10.57929, 36.68446]}, "properties": {"record_id": "oai:u-bordeaux-montaigne.fr:340407", "symbol_class": "building", "pixel_x": 8292.0, "pixel_y": 4313.0, "easting": 560644.7, "northing": 375969.4, "epsg_source": 22391}}, {"type": "Feature", "geometry": {"type": "Point", "coordinates": [10.28474, 36.70345]}, "properties": {"record_id": "oai:u-bordeaux-montaigne.fr:340407", "symbol_class": "building", "pixel_x": 2176.2, "pixel_y": 4319.6, "easting": 534318.9, "northing": 377932.2, "epsg_source": 22391}}, {"type": "Feature", "geometry": {"type": "Point", "coordinates": [10.57794, 36.68446]}, "properties": {"record_id": "oai:u-bordeaux-montaigne.fr:340407", "symbol_class": "building", "pixel_x": 8264.1, "pixel_y": 4315.3, "easting": 560524.1, "northing": 375968.7, "epsg_source": 22391}}, {"type": "Feature", "geometry": {"type": "Point", "coordinates": [10.23592, 36.70655]}, "properties": {"record_id": "oai:u-bordeaux-montaigne.fr:340407", "symbol_class": "building", "pixel_x": 1162.8, "pixel_y": 4320.1, "easting": 529956.6, "northing": 378259.8, "epsg_source": 22391}}, {"type": "Feature", "geometry": {"type": "Point", "coordinates": [10.27249, 36.70429]}, "properties": {"record_id": "oai:u-bordeaux-montaigne.fr:340407", "symbol_class": "building", "pixel_x": 1921.7, "pixel_y": 4318.1, "easting": 533223.8, "northing": 378021.4, "epsg_source": 22391}}, {"type": "Feature", "geometry": {"type": "Point", "coordinates": [10.57619, 36.68448]}, "properties": {"record_id": "oai:u-bordeaux-montaigne.fr:340407", "symbol_class": "building", "pixel_x": 8228.1, "pixel_y": 4318.0, "easting": 560368.3, "northing": 375968.9, "epsg_source": 22391}}, {"type": "Feature", "geometry": {"type": "Point", "coordinates": [10.3825, 36.69696]}, "properties": {"record_id": "oai:u-bordeaux-montaigne.fr:340407", "symbol_class": "building", "pixel_x": 4206.1, "pixel_y": 4324.3, "easting": 543054.6, "northing": 377251.4, "epsg_source": 22391}}, {"type": "Feature", "geometry": {"type": "Point", "coordinates": [10.27091, 36.70429]}, "properties": {"record_id": "oai:u-bordeaux-montaigne.fr:340407", "symbol_class": "building", "pixel_x": 1889.2, "pixel_y": 4320.7, "easting": 533083.0, "northing": 378020.9, "epsg_source": 22391}}, {"type": "Feature", "geometry": {"type": "Point", "coordinates": [10.51722, 36.68799]}, "properties": {"record_id": "oai:u-bordeaux-montaigne.fr:340407", "symbol_class": "building", "pixel_x": 7004.1, "pixel_y": 4328.5, "easting": 555096.7, "northing": 376323.4, "epsg_source": 22391}}, {"type": "Feature", "geometry": {"type": "Point", "coordinates": [10.5725, 36.6845]}, "properties": {"record_id": "oai:u-bordeaux-montaigne.fr:340407", "symbol_class": "building", "pixel_x": 8151.8, "pixel_y": 4323.9, "easting": 560038.0, "northing": 375969.1, "epsg_source": 22391}}, {"type": "Feature", "geometry": {"type": "Point", "coordinates": [10.43134, 36.69349]}, "properties": {"record_id": "oai:u-bordeaux-montaigne.fr:340407", "symbol_class": "building", "pixel_x": 5221.1, "pixel_y": 4332.1, "easting": 547420.7, "northing": 376888.6, "epsg_source": 22391}}, {"type": "Feature", "geometry": {"type": "Point", "coordinates": [10.27801, 36.70346]}, "properties": {"record_id": "oai:u-bordeaux-montaigne.fr:340407", "symbol_class": "building", "pixel_x": 2037.2, "pixel_y": 4330.5, "easting": 533717.3, "northing": 377931.3, "epsg_source": 22391}}, {"type": "Feature", "geometry": {"type": "Point", "coordinates": [10.5655, 36.68457]}, "properties": {"record_id": "oai:u-bordeaux-montaigne.fr:340407", "symbol_class": "building", "pixel_x": 8007.3, "pixel_y": 4334.3, "easting": 559412.7, "northing": 375972.4, "epsg_source": 22391}}, {"type": "Feature", "geometry": {"type": "Point", "coordinates": [10.52846, 36.68653]}, "properties": {"record_id": "oai:u-bordeaux-montaigne.fr:340407", "symbol_class": "building", "pixel_x": 7239.2, "pixel_y": 4347.3, "easting": 556102.3, "northing": 376167.8, "epsg_source": 22391}}, {"type": "Feature", "geometry": {"type": "Point", "coordinates": [10.37131, 36.69693]}, "properties": {"record_id": "oai:u-bordeaux-montaigne.fr:340407", "symbol_class": "building", "pixel_x": 3975.5, "pixel_y": 4344.2, "easting": 542055.7, "northing": 377242.8, "epsg_source": 22391}}, {"type": "Feature", "geometry": {"type": "Point", "coordinates": [10.58144, 36.68327]}, "properties": {"record_id": "oai:u-bordeaux-montaigne.fr:340407", "symbol_class": "building", "pixel_x": 8338.9, "pixel_y": 4340.5, "easting": 560837.8, "northing": 375838.4, "epsg_source": 22391}}, {"type": "Feature", "geometry": {"type": "Point", "coordinates": [10.25785, 36.70435]}, "properties": {"record_id": "oai:u-bordeaux-montaigne.fr:340407", "symbol_class": "building", "pixel_x": 1619.5, "pixel_y": 4341.0, "easting": 531916.1, "northing": 378023.3, "epsg_source": 22391}}, {"type": "Feature", "geometry": {"type": "Point", "coordinates": [10.34886, 36.69807]}, "properties": {"record_id": "oai:u-bordeaux-montaigne.fr:340407", "symbol_class": "building", "pixel_x": 3509.9, "pixel_y": 4352.3, "easting": 540049.1, "northing": 377360.4, "epsg_source": 22391}}, {"type": "Feature", "geometry": {"type": "Point", "coordinates": [10.54696, 36.68549]}, "properties": {"record_id": "oai:u-bordeaux-montaigne.fr:340407", "symbol_class": "building", "pixel_x": 7622.8, "pixel_y": 4342.4, "easting": 557755.2, "northing": 376063.4, "epsg_source": 22391}}, {"type": "Feature", "geometry": {"type": "Point", "coordinates": [10.54757, 36.68541]}, "properties": {"record_id": "oai:u-bordeaux-montaigne.fr:340407", "symbol_class": "building", "pixel_x": 7635.7, "pixel_y": 4343.4, "easting": 557810.4, "northing": 376054.9, "epsg_source": 22391}}, {"type": "Feature", "geometry": {"type": "Point", "coordinates": [10.28316, 36.7026]}, "properties": {"record_id": "oai:u-bordeaux-montaigne.fr:340407", "symbol_class": "building", "pixel_x": 2145.2, "pixel_y": 4344.5, "easting": 534177.8, "northing": 377837.3, "epsg_source": 22391}}, {"type": "Feature", "geometry": {"type": "Point", "coordinates": [10.40761, 36.69463]}, "properties": {"record_id": "oai:u-bordeaux-montaigne.fr:340407", "symbol_class": "building", "pixel_x": 4729.0, "pixel_y": 4342.6, "easting": 545299.5, "northing": 377004.3, "epsg_source": 22391}}, {"type": "Feature", "geometry": {"type": "Point", "coordinates": [10.40686, 36.69463]}, "properties": {"record_id": "oai:u-bordeaux-montaigne.fr:340407", "symbol_class": "building", "pixel_x": 4713.5, "pixel_y": 4344.0, "easting": 545232.3, "northing": 377003.6, "epsg_source": 22391}}, {"type": "Feature", "geometry": {"type": "Point", "coordinates": [10.5592, 36.68461]}, "properties": {"record_id": "oai:u-bordeaux-montaigne.fr:340407", "symbol_class": "building", "pixel_x": 7877.2, "pixel_y": 4344.0, "easting": 558849.5, "northing": 375973.8, "epsg_source": 22391}}, {"type": "Feature", "geometry": {"type": "Point", "coordinates": [10.55984, 36.68459]}, "properties": {"record_id": "oai:u-bordeaux-montaigne.fr:340407", "symbol_class": "building", "pixel_x": 7890.5, "pixel_y": 4343.5, "easting": 558907.0, "northing": 375971.7, "epsg_source": 22391}}, {"type": "Feature", "geometry": {"type": "Point", "coordinates": [10.25908, 36.70375]}, "properties": {"record_id": "oai:u-bordeaux-montaigne.fr:340407", "symbol_class": "building", "pixel_x": 1646.1, "pixel_y": 4354.8, "easting": 532026.2, "northing": 377956.5, "epsg_source": 22391}}, {"type": "Feature", "geometry": {"type": "Point", "coordinates": [10.55787, 36.6846]}, "properties": {"record_id": "oai:u-bordeaux-montaigne.fr:340407", "symbol_class": "building", "pixel_x": 7849.8, "pixel_y": 4346.8, "easting": 558730.7, "northing": 375971.0, "epsg_source": 22391}}, {"type": "Feature", "geometry": {"type": "Point", "coordinates": [10.38818, 36.69528]}, "properties": {"record_id": "oai:u-bordeaux-montaigne.fr:340407", "symbol_class": "building", "pixel_x": 4326.9, "pixel_y": 4358.8, "easting": 543563.8, "northing": 377067.0, "epsg_source": 22391}}, {"type": "Feature", "geometry": {"type": "Point", "coordinates": [10.40063, 36.69469]}, "properties": {"record_id": "oai:u-bordeaux-montaigne.fr:340407", "symbol_class": "building", "pixel_x": 4584.9, "pixel_y": 4353.2, "easting": 544676.1, "northing": 377007.0, "epsg_source": 22391}}, {"type": "Feature", "geometry": {"type": "Point", "coordinates": [10.40136, 36.69466]}, "properties": {"record_id": "oai:u-bordeaux-montaigne.fr:340407", "symbol_class": "building", "pixel_x": 4600.0, "pixel_y": 4352.6, "easting": 544741.1, "northing": 377004.5, "epsg_source": 22391}}, {"type": "Feature", "geometry": {"type": "Point", "coordinates": [10.55403, 36.68462]}, "properties": {"record_id": "oai:u-bordeaux-montaigne.fr:340407", "symbol_class": "building", "pixel_x": 7770.7, "pixel_y": 4352.9, "easting": 558388.3, "northing": 375971.0, "epsg_source": 22391}}, {"type": "Feature", "geometry": {"type": "Point", "coordinates": [10.54631, 36.68508]}, "properties": {"record_id": "oai:u-bordeaux-montaigne.fr:340407", "symbol_class": "building", "pixel_x": 7610.3, "pixel_y": 4354.2, "easting": 557697.6, "northing": 376017.7, "epsg_source": 22391}}, {"type": "Feature", "geometry": {"type": "Point", "coordinates": [10.39795, 36.69468]}, "properties": {"record_id": "oai:u-bordeaux-montaigne.fr:340407", "symbol_class": "building", "pixel_x": 4529.6, "pixel_y": 4357.8, "easting": 544436.4, "northing": 377005.5, "epsg_source": 22391}}, {"type": "Feature", "geometry": {"type": "Point", "coordinates": [10.30397, 36.70067]}, "properties": {"record_id": "oai:u-bordeaux-montaigne.fr:340407", "symbol_class": "building", "pixel_x": 2578.4, "pixel_y": 4360.1, "easting": 536037.5, "northing": 377631.0, "epsg_source": 22391}}, {"type": "Feature", "geometry": {"type": "Point", "coordinates": [10.39648, 36.69471]}, "properties": {"record_id": "oai:u-bordeaux-montaigne.fr:340407", "symbol_class": "building", "pixel_x": 4499.2, "pixel_y": 4359.5, "easting": 544305.1, "northing": 377008.0, "epsg_source": 22391}}, {"type": "Feature", "geometry": {"type": "Point", "coordinates": [10.40491, 36.69374]}, "properties": {"record_id": "oai:u-bordeaux-montaigne.fr:340407", "symbol_class": "building", "pixel_x": 4675.2, "pixel_y": 4370.7, "easting": 545059.2, "northing": 376903.7, "epsg_source": 22391}}, {"type": "Feature", "geometry": {"type": "Point", "coordinates": [10.54908, 36.68469]}, "properties": {"record_id": "oai:u-bordeaux-montaigne.fr:340407", "symbol_class": "building", "pixel_x": 7668.3, "pixel_y": 4359.5, "easting": 557945.7, "northing": 375976.7, "epsg_source": 22391}}, {"type": "Feature", "geometry": {"type": "Point", "coordinates": [10.54992, 36.68467]}, "properties": {"record_id": "oai:u-bordeaux-montaigne.fr:340407", "symbol_class": "building", "pixel_x": 7685.7, "pixel_y": 4358.6, "easting": 558021.0, "northing": 375974.9, "epsg_source": 22391}}, {"type": "Feature", "geometry": {"type": "Point", "coordinates": [10.39516, 36.69471]}, "properties": {"record_id": "oai:u-bordeaux-montaigne.fr:340407", "symbol_class": "building", "pixel_x": 4472.0, "pixel_y": 4361.9, "easting": 544187.4, "northing": 377007.1, "epsg_source": 22391}}, {"type": "Feature", "geometry": {"type": "Point", "coordinates": [10.54819, 36.68467]}, "properties": {"record_id": "oai:u-bordeaux-montaigne.fr:340407", "symbol_class": "building", "pixel_x": 7650.0, "pixel_y": 4361.6, "easting": 557866.4, "northing": 375973.8, "epsg_source": 22391}}, {"type": "Feature", "geometry": {"type": "Point", "coordinates": [10.54533, 36.68471]}, "properties": {"record_id": "oai:u-bordeaux-montaigne.fr:340407", "symbol_class": "building", "pixel_x": 7590.9, "pixel_y": 4365.7, "easting": 557610.7, "northing": 375975.7, "epsg_source": 22391}}, {"type": "Feature", "geometry": {"type": "Point", "coordinates": [10.24789, 36.70369]}, "properties": {"record_id": "oai:u-bordeaux-montaigne.fr:340407", "symbol_class": "building", "pixel_x": 1415.4, "pixel_y": 4375.1, "easting": 531026.7, "northing": 377946.4, "epsg_source": 22391}}, {"type": "Feature", "geometry": {"type": "Point", "coordinates": [10.54327, 36.68473]}, "properties": {"record_id": "oai:u-bordeaux-montaigne.fr:340407", "symbol_class": "building", "pixel_x": 7548.4, "pixel_y": 4368.7, "easting": 557426.7, "northing": 375977.1, "epsg_source": 22391}}, {"type": "Feature", "geometry": {"type": "Point", "coordinates": [10.52844, 36.68535]}, "properties": {"record_id": "oai:u-bordeaux-montaigne.fr:340407", "symbol_class": "building", "pixel_x": 7241.0, "pixel_y": 4378.0, "easting": 556100.7, "northing": 376037.9, "epsg_source": 22391}}, {"type": "Feature", "geometry": {"type": "Point", "coordinates": [10.54219, 36.68477]}, "properties": {"record_id": "oai:u-bordeaux-montaigne.fr:340407", "symbol_class": "building", "pixel_x": 7526.0, "pixel_y": 4369.4, "easting": 557330.0, "northing": 375981.3, "epsg_source": 22391}}, {"type": "Feature", "geometry": {"type": "Point", "coordinates": [10.27428, 36.70207]}, "properties": {"record_id": "oai:u-bordeaux-montaigne.fr:340407", "symbol_class": "building", "pixel_x": 1963.1, "pixel_y": 4373.4, "easting": 533385.0, "northing": 377775.2, "epsg_source": 22391}}, {"type": "Feature", "geometry": {"type": "Point", "coordinates": [10.30401, 36.7]}, "properties": {"record_id": "oai:u-bordeaux-montaigne.fr:340407", "symbol_class": "building", "pixel_x": 2580.6, "pixel_y": 4377.7, "easting": 536041.5, "northing": 377556.2, "epsg_source": 22391}}, {"type": "Feature", "geometry": {"type": "Point", "coordinates": [10.54013, 36.68474]}, "properties": {"record_id": "oai:u-bordeaux-montaigne.fr:340407", "symbol_class": "building", "pixel_x": 7483.5, "pixel_y": 4373.9, "easting": 557145.8, "northing": 375976.1, "epsg_source": 22391}}, {"type": "Feature", "geometry": {"type": "Point", "coordinates": [10.38568, 36.69478]}, "properties": {"record_id": "oai:u-bordeaux-montaigne.fr:340407", "symbol_class": "building", "pixel_x": 4276.2, "pixel_y": 4376.1, "easting": 543340.0, "northing": 377011.0, "epsg_source": 22391}}, {"type": "Feature", "geometry": {"type": "Point", "coordinates": [10.38661, 36.69475]}, "properties": {"record_id": "oai:u-bordeaux-montaigne.fr:340407", "symbol_class": "building", "pixel_x": 4295.5, "pixel_y": 4375.5, "easting": 543423.3, "northing": 377007.2, "epsg_source": 22391}}, {"type": "Feature", "geometry": {"type": "Point", "coordinates": [10.23436, 36.70441]}, "properties": {"record_id": "oai:u-bordeaux-montaigne.fr:340407", "symbol_class": "building", "pixel_x": 1134.8, "pixel_y": 4378.8, "easting": 529818.0, "northing": 378021.9, "epsg_source": 22391}}, {"type": "Feature", "geometry": {"type": "Point", "coordinates": [10.53542, 36.6848]}, "properties": {"record_id": "oai:u-bordeaux-montaigne.fr:340407", "symbol_class": "building", "pixel_x": 7386.3, "pixel_y": 4380.5, "easting": 556725.1, "northing": 375980.3, "epsg_source": 22391}}, {"type": "Feature", "geometry": {"type": "Point", "coordinates": [10.53416, 36.68481]}, "properties": {"record_id": "oai:u-bordeaux-montaigne.fr:340407", "symbol_class": "building", "pixel_x": 7360.3, "pixel_y": 4382.3, "easting": 556612.8, "northing": 375981.2, "epsg_source": 22391}}, {"type": "Feature", "geometry": {"type": "Point", "coordinates": [10.34888, 36.69678]}, "properties": {"record_id": "oai:u-bordeaux-montaigne.fr:340407", "symbol_class": "building", "pixel_x": 3512.9, "pixel_y": 4386.3, "easting": 540051.4, "northing": 377216.5, "epsg_source": 22391}}, {"type": "Feature", "geometry": {"type": "Point", "coordinates": [10.38021, 36.69479]}, "properties": {"record_id": "oai:u-bordeaux-montaigne.fr:340407", "symbol_class": "building", "pixel_x": 4163.3, "pixel_y": 4385.1, "easting": 542851.5, "northing": 377009.8, "epsg_source": 22391}}, {"type": "Feature", "geometry": {"type": "Point", "coordinates": [10.32641, 36.69816]}, "properties": {"record_id": "oai:u-bordeaux-montaigne.fr:340407", "symbol_class": "building", "pixel_x": 3046.4, "pixel_y": 4388.1, "easting": 538043.1, "northing": 377360.9, "epsg_source": 22391}}, {"type": "Feature", "geometry": {"type": "Point", "coordinates": [10.37949, 36.69482]}, "properties": {"record_id": "oai:u-bordeaux-montaigne.fr:340407", "symbol_class": "building", "pixel_x": 4148.5, "pixel_y": 4385.7, "easting": 542787.4, "northing": 377012.3, "epsg_source": 22391}}, {"type": "Feature", "geometry": {"type": "Point", "coordinates": [10.36011, 36.69595]}, "properties": {"record_id": "oai:u-bordeaux-montaigne.fr:340407", "symbol_class": "building", "pixel_x": 3746.2, "pixel_y": 4388.9, "easting": 541055.0, "northing": 377129.5, "epsg_source": 22391}}, {"type": "Feature", "geometry": {"type": "Point", "coordinates": [10.50591, 36.68639]}, "properties": {"record_id": "oai:u-bordeaux-montaigne.fr:340407", "symbol_class": "building", "pixel_x": 6774.1, "pixel_y": 4389.8, "easting": 554087.1, "northing": 376140.1, "epsg_source": 22391}}, {"type": "Feature", "geometry": {"type": "Point", "coordinates": [10.37124, 36.69493]}, "properties": {"record_id": "oai:u-bordeaux-montaigne.fr:340407", "symbol_class": "building", "pixel_x": 3977.9, "pixel_y": 4396.7, "easting": 542049.8, "northing": 377021.3, "epsg_source": 22391}}, {"type": "Feature", "geometry": {"type": "Point", "coordinates": [10.48547, 36.68746]}, "properties": {"record_id": "oai:u-bordeaux-montaigne.fr:340407", "symbol_class": "building", "pixel_x": 6350.1, "pixel_y": 4397.2, "easting": 552259.9, "northing": 376247.3, "epsg_source": 22391}}, {"type": "Feature", "geometry": {"type": "Point", "coordinates": [10.52445, 36.68485]}, "properties": {"record_id": "oai:u-bordeaux-montaigne.fr:340407", "symbol_class": "building", "pixel_x": 7159.8, "pixel_y": 4398.1, "easting": 555744.6, "northing": 375979.9, "epsg_source": 22391}}, {"type": "Feature", "geometry": {"type": "Point", "coordinates": [10.26016, 36.70183]}, "properties": {"record_id": "oai:u-bordeaux-montaigne.fr:340407", "symbol_class": "building", "pixel_x": 1672.2, "pixel_y": 4403.2, "easting": 532123.3, "northing": 377744.5, "epsg_source": 22391}}, {"type": "Feature", "geometry": {"type": "Point", "coordinates": [10.27034, 36.70101]}, "properties": {"record_id": "oai:u-bordeaux-montaigne.fr:340407", "symbol_class": "building", "pixel_x": 1884.0, "pixel_y": 4407.7, "easting": 533033.6, "northing": 377656.8, "epsg_source": 22391}}, {"type": "Feature", "geometry": {"type": "Point", "coordinates": [10.24299, 36.70283]}, "properties": {"record_id": "oai:u-bordeaux-montaigne.fr:340407", "symbol_class": "building", "pixel_x": 1316.1, "pixel_y": 4405.8, "easting": 530589.8, "northing": 377849.7, "epsg_source": 22391}}, {"type": "Feature", "geometry": {"type": "Point", "coordinates": [10.55089, 36.68256]}, "properties": {"record_id": "oai:u-bordeaux-montaigne.fr:340407", "symbol_class": "building", "pixel_x": 7710.0, "pixel_y": 4412.2, "easting": 558108.6, "northing": 375741.4, "epsg_source": 22391}}, {"type": "Feature", "geometry": {"type": "Point", "coordinates": [10.36801, 36.69488]}, "properties": {"record_id": "oai:u-bordeaux-montaigne.fr:340407", "symbol_class": "building", "pixel_x": 3911.6, "pixel_y": 4403.6, "easting": 541762.0, "northing": 377014.1, "epsg_source": 22391}}, {"type": "Feature", "geometry": {"type": "Point", "coordinates": [10.37126, 36.6946]}, "properties": {"record_id": "oai:u-bordeaux-montaigne.fr:340407", "symbol_class": "building", "pixel_x": 3979.1, "pixel_y": 4405.4, "easting": 542051.9, "northing": 376984.5, "epsg_source": 22391}}, {"type": "Feature", "geometry": {"type": "Point", "coordinates": [10.5189, 36.68489]}, "properties": {"record_id": "oai:u-bordeaux-montaigne.fr:340407", "symbol_class": "building", "pixel_x": 7045.2, "pixel_y": 4406.8, "easting": 555248.8, "northing": 375980.7, "epsg_source": 22391}}, {"type": "Feature", "geometry": {"type": "Point", "coordinates": [10.40489, 36.69219]}, "properties": {"record_id": "oai:u-bordeaux-montaigne.fr:340407", "symbol_class": "building", "pixel_x": 4677.9, "pixel_y": 4411.3, "easting": 545058.1, "northing": 376732.0, "epsg_source": 22391}}, {"type": "Feature", "geometry": {"type": "Point", "coordinates": [10.33764, 36.69607]}, "properties": {"record_id": "oai:u-bordeaux-montaigne.fr:340407", "symbol_class": "building", "pixel_x": 3282.4, "pixel_y": 4423.9, "easting": 539047.7, "northing": 377133.2, "epsg_source": 22391}}, {"type": "Feature", "geometry": {"type": "Point", "coordinates": [10.34885, 36.69537]}, "properties": {"record_id": "oai:u-bordeaux-montaigne.fr:340407", "symbol_class": "building", "pixel_x": 3515.0, "pixel_y": 4423.2, "easting": 540049.2, "northing": 377060.5, "epsg_source": 22391}}, {"type": "Feature", "geometry": {"type": "Point", "coordinates": [10.40484, 36.6919]}, "properties": {"record_id": "oai:u-bordeaux-montaigne.fr:340407", "symbol_class": "building", "pixel_x": 4677.5, "pixel_y": 4419.0, "easting": 545053.8, "northing": 376699.9, "epsg_source": 22391}}, {"type": "Feature", "geometry": {"type": "Point", "coordinates": [10.37129, 36.69355]}, "properties": {"record_id": "oai:u-bordeaux-montaigne.fr:340407", "symbol_class": "building", "pixel_x": 3981.8, "pixel_y": 4433.0, "easting": 542055.3, "northing": 376867.5, "epsg_source": 22391}}, {"type": "Feature", "geometry": {"type": "Point", "coordinates": [10.43849, 36.68931]}, "properties": {"record_id": "oai:u-bordeaux-montaigne.fr:340407", "symbol_class": "building", "pixel_x": 5377.1, "pixel_y": 4429.4, "easting": 548061.8, "northing": 376428.3, "epsg_source": 22391}}, {"type": "Feature", "geometry": {"type": "Point", "coordinates": [10.50489, 36.68499]}, "properties": {"record_id": "oai:u-bordeaux-montaigne.fr:340407", "symbol_class": "building", "pixel_x": 6755.8, "pixel_y": 4428.4, "easting": 553996.6, "northing": 375984.0, "epsg_source": 22391}}, {"type": "Feature", "geometry": {"type": "Point", "coordinates": [10.25808, 36.70088]}, "properties": {"record_id": "oai:u-bordeaux-montaigne.fr:340407", "symbol_class": "building", "pixel_x": 1631.2, "pixel_y": 4431.7, "easting": 531938.2, "northing": 377637.9, "epsg_source": 22391}}, {"type": "Feature", "geometry": {"type": "Point", "coordinates": [10.28102, 36.69939]}, "properties": {"record_id": "oai:u-bordeaux-montaigne.fr:340407", "symbol_class": "building", "pixel_x": 2107.6, "pixel_y": 4432.3, "easting": 533988.4, "northing": 377480.3, "epsg_source": 22391}}, {"type": "Feature", "geometry": {"type": "Point", "coordinates": [10.49685, 36.68525]}, "properties": {"record_id": "oai:u-bordeaux-montaigne.fr:340407", "symbol_class": "building", "pixel_x": 6589.5, "pixel_y": 4435.5, "easting": 553278.6, "northing": 376008.0, "epsg_source": 22391}}, {"type": "Feature", "geometry": {"type": "Point", "coordinates": [10.34888, 36.69491]}, "properties": {"record_id": "oai:u-bordeaux-montaigne.fr:340407", "symbol_class": "building", "pixel_x": 3516.8, "pixel_y": 4435.4, "easting": 540052.8, "northing": 377008.8, "epsg_source": 22391}}, {"type": "Feature", "geometry": {"type": "Point", "coordinates": [10.24006, 36.7016]}, "properties": {"record_id": "oai:u-bordeaux-montaigne.fr:340407", "symbol_class": "building", "pixel_x": 1258.0, "pixel_y": 4442.9, "easting": 530328.2, "northing": 377712.3, "epsg_source": 22391}}, {"type": "Feature", "geometry": {"type": "Point", "coordinates": [10.23939, 36.70165]}, "properties": {"record_id": "oai:u-bordeaux-montaigne.fr:340407", "symbol_class": "building", "pixel_x": 1244.1, "pixel_y": 4442.8, "easting": 530268.5, "northing": 377717.3, "epsg_source": 22391}}, {"type": "Feature", "geometry": {"type": "Point", "coordinates": [10.3825, 36.69238]}, "properties": {"record_id": "oai:u-bordeaux-montaigne.fr:340407", "symbol_class": "building", "pixel_x": 4215.6, "pixel_y": 4444.4, "easting": 543057.9, "northing": 376743.2, "epsg_source": 22391}}, {"type": "Feature", "geometry": {"type": "Point", "coordinates": [10.49468, 36.68509]}, "properties": {"record_id": "oai:u-bordeaux-montaigne.fr:340407", "symbol_class": "building", "pixel_x": 6545.1, "pixel_y": 4443.3, "easting": 553084.7, "northing": 375989.9, "epsg_source": 22391}}, {"type": "Feature", "geometry": {"type": "Point", "coordinates": [10.24175, 36.70139]}, "properties": {"record_id": "oai:u-bordeaux-montaigne.fr:340407", "symbol_class": "building", "pixel_x": 1293.3, "pixel_y": 4445.7, "easting": 530479.4, "northing": 377688.9, "epsg_source": 22391}}, {"type": "Feature", "geometry": {"type": "Point", "coordinates": [10.34087, 36.69501]}, "properties": {"record_id": "oai:u-bordeaux-montaigne.fr:340407", "symbol_class": "building", "pixel_x": 3351.3, "pixel_y": 4446.2, "easting": 539337.3, "northing": 377017.3, "epsg_source": 22391}}, {"type": "Feature", "geometry": {"type": "Point", "coordinates": [10.34888, 36.69397]}, "properties": {"record_id": "oai:u-bordeaux-montaigne.fr:340407", "symbol_class": "building", "pixel_x": 3518.5, "pixel_y": 4460.0, "easting": 540052.7, "northing": 376904.7, "epsg_source": 22391}}, {"type": "Feature", "geometry": {"type": "Point", "coordinates": [10.24096, 36.70124]}, "properties": {"record_id": "oai:u-bordeaux-montaigne.fr:340407", "symbol_class": "building", "pixel_x": 1277.3, "pixel_y": 4451.0, "easting": 530408.7, "northing": 377672.2, "epsg_source": 22391}}, {"type": "Feature", "geometry": {"type": "Point", "coordinates": [10.32639, 36.6958]}, "properties": {"record_id": "oai:u-bordeaux-montaigne.fr:340407", "symbol_class": "building", "pixel_x": 3050.8, "pixel_y": 4450.0, "easting": 538042.7, "northing": 377098.9, "epsg_source": 22391}}, {"type": "Feature", "geometry": {"type": "Point", "coordinates": [10.33766, 36.69503]}, "properties": {"record_id": "oai:u-bordeaux-montaigne.fr:340407", "symbol_class": "building", "pixel_x": 3285.0, "pixel_y": 4451.1, "easting": 539050.4, "northing": 377018.0, "epsg_source": 22391}}, {"type": "Feature", "geometry": {"type": "Point", "coordinates": [10.5172, 36.68328]}, "properties": {"record_id": "oai:u-bordeaux-montaigne.fr:340407", "symbol_class": "building", "pixel_x": 7013.5, "pixel_y": 4451.8, "easting": 555098.2, "northing": 375801.7, "epsg_source": 22391}}, {"type": "Feature", "geometry": {"type": "Point", "coordinates": [10.48683, 36.68515]}, "properties": {"record_id": "oai:u-bordeaux-montaigne.fr:340407", "symbol_class": "building", "pixel_x": 6382.9, "pixel_y": 4455.3, "easting": 552382.9, "northing": 375992.0, "epsg_source": 22391}}, {"type": "Feature", "geometry": {"type": "Point", "coordinates": [10.24007, 36.70084]}, "properties": {"record_id": "oai:u-bordeaux-montaigne.fr:340407", "symbol_class": "building", "pixel_x": 1259.6, "pixel_y": 4462.9, "easting": 530328.9, "northing": 377627.7, "epsg_source": 22391}}, {"type": "Feature", "geometry": {"type": "Point", "coordinates": [10.32638, 36.69537]}, "properties": {"record_id": "oai:u-bordeaux-montaigne.fr:340407", "symbol_class": "building", "pixel_x": 3051.5, "pixel_y": 4461.2, "easting": 538042.0, "northing": 377051.7, "epsg_source": 22391}}, {"type": "Feature", "geometry": {"type": "Point", "coordinates": [10.43453, 36.68818]}, "properties": {"record_id": "oai:u-bordeaux-montaigne.fr:340407", "symbol_class": "building", "pixel_x": 5297.6, "pixel_y": 4465.8, "easting": 547708.2, "northing": 376301.3, "epsg_source": 22391}}, {"type": "Feature", "geometry": {"type": "Point", "coordinates": [10.33041, 36.69507]}, "properties": {"record_id": "oai:u-bordeaux-montaigne.fr:340407", "symbol_class": "building", "pixel_x": 3135.3, "pixel_y": 4462.2, "easting": 538402.4, "northing": 377020.0, "epsg_source": 22391}}, {"type": "Feature", "geometry": {"type": "Point", "coordinates": [10.38249, 36.69152]}, "properties": {"record_id": "oai:u-bordeaux-montaigne.fr:340407", "symbol_class": "building", "pixel_x": 4217.0, "pixel_y": 4467.0, "easting": 543056.7, "northing": 376647.9, "epsg_source": 22391}}, {"type": "Feature", "geometry": {"type": "Point", "coordinates": [10.32639, 36.69508]}, "properties": {"record_id": "oai:u-bordeaux-montaigne.fr:340407", "symbol_class": "building", "pixel_x": 3052.3, "pixel_y": 4468.8, "easting": 538043.3, "northing": 377019.6, "epsg_source": 22391}}, {"type": "Feature", "geometry": {"type": "Point", "coordinates": [10.30399, 36.69646]}, "properties": {"record_id": "oai:u-bordeaux-montaigne.fr:340407", "symbol_class": "building", "pixel_x": 2587.3, "pixel_y": 4470.5, "easting": 536041.3, "northing": 377163.6, "epsg_source": 22391}}, {"type": "Feature", "geometry": {"type": "Point", "coordinates": [10.43126, 36.68812]}, "properties": {"record_id": "oai:u-bordeaux-montaigne.fr:340407", "symbol_class": "building", "pixel_x": 5230.2, "pixel_y": 4473.1, "easting": 547416.2, "northing": 376292.6, "epsg_source": 22391}}, {"type": "Feature", "geometry": {"type": "Point", "coordinates": [10.32422, 36.6951]}, "properties": {"record_id": "oai:u-bordeaux-montaigne.fr:340407", "symbol_class": "building", "pixel_x": 3007.4, "pixel_y": 4472.1, "easting": 537849.0, "northing": 377020.0, "epsg_source": 22391}}, {"type": "Feature", "geometry": {"type": "Point", "coordinates": [10.32313, 36.69511]}, "properties": {"record_id": "oai:u-bordeaux-montaigne.fr:340407", "symbol_class": "building", "pixel_x": 2985.0, "pixel_y": 4473.5, "easting": 537752.1, "northing": 377021.5, "epsg_source": 22391}}, {"type": "Feature", "geometry": {"type": "Point", "coordinates": [10.52843, 36.68149]}, "properties": {"record_id": "oai:u-bordeaux-montaigne.fr:340407", "symbol_class": "building", "pixel_x": 7249.0, "pixel_y": 4479.4, "easting": 556103.2, "northing": 375608.7, "epsg_source": 22391}}, {"type": "Feature", "geometry": {"type": "Point", "coordinates": [10.47124, 36.6853]}, "properties": {"record_id": "oai:u-bordeaux-montaigne.fr:340407", "symbol_class": "building", "pixel_x": 6060.9, "pixel_y": 4478.3, "easting": 550990.0, "northing": 376000.1, "epsg_source": 22391}}, {"type": "Feature", "geometry": {"type": "Point", "coordinates": [10.3601, 36.6924]}, "properties": {"record_id": "oai:u-bordeaux-montaigne.fr:340407", "symbol_class": "building", "pixel_x": 3753.2, "pixel_y": 4482.2, "easting": 541056.0, "northing": 376735.0, "epsg_source": 22391}}, {"type": "Feature", "geometry": {"type": "Point", "coordinates": [10.31517, 36.69516]}, "properties": {"record_id": "oai:u-bordeaux-montaigne.fr:340407", "symbol_class": "building", "pixel_x": 2820.7, "pixel_y": 4485.6, "easting": 537041.1, "northing": 377024.1, "epsg_source": 22391}}, {"type": "Feature", "geometry": {"type": "Point", "coordinates": [10.30995, 36.69517]}, "properties": {"record_id": "oai:u-bordeaux-montaigne.fr:340407", "symbol_class": "building", "pixel_x": 2712.9, "pixel_y": 4494.4, "easting": 536574.3, "northing": 377022.2, "epsg_source": 22391}}, {"type": "Feature", "geometry": {"type": "Point", "coordinates": [10.56915, 36.67811]}, "properties": {"record_id": "oai:u-bordeaux-montaigne.fr:340407", "symbol_class": "building", "pixel_x": 8096.0, "pixel_y": 4497.2, "easting": 559743.6, "northing": 375258.4, "epsg_source": 22391}}, {"type": "Feature", "geometry": {"type": "Point", "coordinates": [10.27033, 36.6974]}, "properties": {"record_id": "oai:u-bordeaux-montaigne.fr:340407", "symbol_class": "building", "pixel_x": 1891.0, "pixel_y": 4502.4, "easting": 533034.2, "northing": 377256.1, "epsg_source": 22391}}, {"type": "Feature", "geometry": {"type": "Point", "coordinates": [10.43702, 36.68664]}, "properties": {"record_id": "oai:u-bordeaux-montaigne.fr:340407", "symbol_class": "building", "pixel_x": 5352.1, "pixel_y": 4502.0, "easting": 547931.8, "northing": 376131.2, "epsg_source": 22391}}, {"type": "Feature", "geometry": {"type": "Point", "coordinates": [10.47219, 36.68423]}, "properties": {"record_id": "oai:u-bordeaux-montaigne.fr:340407", "symbol_class": "building", "pixel_x": 6082.8, "pixel_y": 4504.7, "easting": 551075.7, "northing": 375882.1, "epsg_source": 22391}}, {"type": "Feature", "geometry": {"type": "Point", "coordinates": [10.34886, 36.69228]}, "properties": {"record_id": "oai:u-bordeaux-montaigne.fr:340407", "symbol_class": "building", "pixel_x": 3521.5, "pixel_y": 4504.3, "easting": 540051.8, "northing": 376717.4, "epsg_source": 22391}}, {"type": "Feature", "geometry": {"type": "Point", "coordinates": [10.3025, 36.69527]}, "properties": {"record_id": "oai:u-bordeaux-montaigne.fr:340407", "symbol_class": "building", "pixel_x": 2559.1, "pixel_y": 4504.3, "easting": 535909.1, "northing": 377030.6, "epsg_source": 22391}}, {"type": "Feature", "geometry": {"type": "Point", "coordinates": [10.3058, 36.69517]}, "properties": {"record_id": "oai:u-bordeaux-montaigne.fr:340407", "symbol_class": "building", "pixel_x": 2627.3, "pixel_y": 4501.4, "easting": 536203.6, "northing": 377020.7, "epsg_source": 22391}}, {"type": "Feature", "geometry": {"type": "Point", "coordinates": [10.52163, 36.68088]}, "properties": {"record_id": "oai:u-bordeaux-montaigne.fr:340407", "symbol_class": "building", "pixel_x": 7109.7, "pixel_y": 4507.1, "easting": 555495.3, "northing": 375537.6, "epsg_source": 22391}}, {"type": "Feature", "geometry": {"type": "Point", "coordinates": [10.36003, 36.6914]}, "properties": {"record_id": "oai:u-bordeaux-montaigne.fr:340407", "symbol_class": "building", "pixel_x": 3753.8, "pixel_y": 4508.5, "easting": 541050.2, "northing": 376624.2, "epsg_source": 22391}}, {"type": "Feature", "geometry": {"type": "Point", "coordinates": [10.28121, 36.69643]}, "properties": {"record_id": "oai:u-bordeaux-montaigne.fr:340407", "symbol_class": "building", "pixel_x": 2117.3, "pixel_y": 4509.5, "easting": 534006.1, "northing": 377152.4, "epsg_source": 22391}}, {"type": "Feature", "geometry": {"type": "Point", "coordinates": [10.45235, 36.6854]}, "properties": {"record_id": "oai:u-bordeaux-montaigne.fr:340407", "symbol_class": "building", "pixel_x": 5671.0, "pixel_y": 4508.0, "easting": 549302.4, "northing": 376002.1, "epsg_source": 22391}}, {"type": "Feature", "geometry": {"type": "Point", "coordinates": [10.23365, 36.69928]}, "properties": {"record_id": "oai:u-bordeaux-montaigne.fr:340407", "symbol_class": "building", "pixel_x": 1130.3, "pixel_y": 4514.6, "easting": 529756.0, "northing": 377452.3, "epsg_source": 22391}}, {"type": "Feature", "geometry": {"type": "Point", "coordinates": [10.30047, 36.69517]}, "properties": {"record_id": "oai:u-bordeaux-montaigne.fr:340407", "symbol_class": "building", "pixel_x": 2517.4, "pixel_y": 4510.2, "easting": 535727.8, "northing": 377019.4, "epsg_source": 22391}}, {"type": "Feature", "geometry": {"type": "Point", "coordinates": [10.34887, 36.69172]}, "properties": {"record_id": "oai:u-bordeaux-montaigne.fr:340407", "symbol_class": "building", "pixel_x": 3523.0, "pixel_y": 4519.0, "easting": 540053.3, "northing": 376655.0, "epsg_source": 22391}}, {"type": "Feature", "geometry": {"type": "Point", "coordinates": [10.29873, 36.69518]}, "properties": {"record_id": "oai:u-bordeaux-montaigne.fr:340407", "symbol_class": "building", "pixel_x": 2481.4, "pixel_y": 4512.9, "easting": 535572.2, "northing": 377019.5, "epsg_source": 22391}}, {"type": "Feature", "geometry": {"type": "Point", "coordinates": [10.29668, 36.6952]}, "properties": {"record_id": "oai:u-bordeaux-montaigne.fr:340407", "symbol_class": "building", "pixel_x": 2439.0, "pixel_y": 4515.9, "easting": 535388.6, "northing": 377020.7, "epsg_source": 22391}}, {"type": "Feature", "geometry": {"type": "Point", "coordinates": [10.2954, 36.6952]}, "properties": {"record_id": "oai:u-bordeaux-montaigne.fr:340407", "symbol_class": "building", "pixel_x": 2412.6, "pixel_y": 4517.9, "easting": 535274.2, "northing": 377021.1, "epsg_source": 22391}}, {"type": "Feature", "geometry": {"type": "Point", "coordinates": [10.53045, 36.6796]}, "properties": {"record_id": "oai:u-bordeaux-montaigne.fr:340407", "symbol_class": "building", "pixel_x": 7294.5, "pixel_y": 4525.5, "easting": 556284.8, "northing": 375400.1, "epsg_source": 22391}}, {"type": "Feature", "geometry": {"type": "Point", "coordinates": [10.53108, 36.67939]}, "properties": {"record_id": "oai:u-bordeaux-montaigne.fr:340407", "symbol_class": "building", "pixel_x": 7307.9, "pixel_y": 4529.7, "easting": 556341.3, "northing": 375378.1, "epsg_source": 22391}}, {"type": "Feature", "geometry": {"type": "Point", "coordinates": [10.56211, 36.67713]}, "properties": {"record_id": "oai:u-bordeaux-montaigne.fr:340407", "symbol_class": "building", "pixel_x": 7952.9, "pixel_y": 4535.2, "easting": 559115.8, "northing": 375145.0, "epsg_source": 22391}}, {"type": "Feature", "geometry": {"type": "Point", "coordinates": [10.34884, 36.69103]}, "properties": {"record_id": "oai:u-bordeaux-montaigne.fr:340407", "symbol_class": "building", "pixel_x": 3523.7, "pixel_y": 4537.0, "easting": 540050.7, "northing": 376579.3, "epsg_source": 22391}}, {"type": "Feature", "geometry": {"type": "Point", "coordinates": [10.38244, 36.689]}, "properties": {"record_id": "oai:u-bordeaux-montaigne.fr:340407", "symbol_class": "building", "pixel_x": 4221.2, "pixel_y": 4533.2, "easting": 543054.1, "northing": 376368.2, "epsg_source": 22391}}, {"type": "Feature", "geometry": {"type": "Point", "coordinates": [10.28496, 36.69527]}, "properties": {"record_id": "oai:u-bordeaux-montaigne.fr:340407", "symbol_class": "building", "pixel_x": 2197.1, "pixel_y": 4533.7, "easting": 534342.1, "northing": 377024.8, "epsg_source": 22391}}, {"type": "Feature", "geometry": {"type": "Point", "coordinates": [10.53062, 36.6791]}, "properties": {"record_id": "oai:u-bordeaux-montaigne.fr:340407", "symbol_class": "building", "pixel_x": 7299.1, "pixel_y": 4538.2, "easting": 556300.6, "northing": 375345.1, "epsg_source": 22391}}, {"type": "Feature", "geometry": {"type": "Point", "coordinates": [10.28328, 36.69526]}, "properties": {"record_id": "oai:u-bordeaux-montaigne.fr:340407", "symbol_class": "building", "pixel_x": 2162.5, "pixel_y": 4536.9, "easting": 534192.0, "northing": 377022.6, "epsg_source": 22391}}, {"type": "Feature", "geometry": {"type": "Point", "coordinates": [10.32635, 36.69211]}, "properties": {"record_id": "oai:u-bordeaux-montaigne.fr:340407", "symbol_class": "building", "pixel_x": 3057.6, "pixel_y": 4546.8, "easting": 538041.5, "northing": 376689.7, "epsg_source": 22391}}, {"type": "Feature", "geometry": {"type": "Point", "coordinates": [10.2478, 36.69708]}, "properties": {"record_id": "oai:u-bordeaux-montaigne.fr:340407", "symbol_class": "building", "pixel_x": 1426.7, "pixel_y": 4548.4, "easting": 531021.5, "northing": 377213.5, "epsg_source": 22391}}, {"type": "Feature", "geometry": {"type": "Point", "coordinates": [10.28024, 36.69527]}, "properties": {"record_id": "oai:u-bordeaux-montaigne.fr:340407", "symbol_class": "building", "pixel_x": 2099.6, "pixel_y": 4541.6, "easting": 533920.0, "northing": 377023.0, "epsg_source": 22391}}, {"type": "Feature", "geometry": {"type": "Point", "coordinates": [10.37124, 36.68925]}, "properties": {"record_id": "oai:u-bordeaux-montaigne.fr:340407", "symbol_class": "building", "pixel_x": 3989.6, "pixel_y": 4545.6, "easting": 542053.6, "northing": 376391.2, "epsg_source": 22391}}, {"type": "Feature", "geometry": {"type": "Point", "coordinates": [10.56213, 36.67652]}, "properties": {"record_id": "oai:u-bordeaux-montaigne.fr:340407", "symbol_class": "building", "pixel_x": 7954.6, "pixel_y": 4551.0, "easting": 559118.0, "northing": 375078.1, "epsg_source": 22391}}, {"type": "Feature", "geometry": {"type": "Point", "coordinates": [10.27659, 36.6953]}, "properties": {"record_id": "oai:u-bordeaux-montaigne.fr:340407", "symbol_class": "building", "pixel_x": 2024.4, "pixel_y": 4546.9, "easting": 533594.4, "northing": 377025.5, "epsg_source": 22391}}, {"type": "Feature", "geometry": {"type": "Point", "coordinates": [10.52842, 36.67869]}, "properties": {"record_id": "oai:u-bordeaux-montaigne.fr:340407", "symbol_class": "building", "pixel_x": 7254.5, "pixel_y": 4552.7, "easting": 556104.1, "northing": 375298.6, "epsg_source": 22391}}, {"type": "Feature", "geometry": {"type": "Point", "coordinates": [10.27246, 36.69534]}, "properties": {"record_id": "oai:u-bordeaux-montaigne.fr:340407", "symbol_class": "building", "pixel_x": 1939.0, "pixel_y": 4552.9, "easting": 533225.2, "northing": 377027.8, "epsg_source": 22391}}, {"type": "Feature", "geometry": {"type": "Point", "coordinates": [10.2716, 36.69534]}, "properties": {"record_id": "oai:u-bordeaux-montaigne.fr:340407", "symbol_class": "building", "pixel_x": 1921.3, "pixel_y": 4554.3, "easting": 533148.3, "northing": 377027.7, "epsg_source": 22391}}, {"type": "Feature", "geometry": {"type": "Point", "coordinates": [10.26897, 36.69536]}, "properties": {"record_id": "oai:u-bordeaux-montaigne.fr:340407", "symbol_class": "building", "pixel_x": 1867.0, "pixel_y": 4558.1, "easting": 532913.5, "northing": 377029.7, "epsg_source": 22391}}, {"type": "Feature", "geometry": {"type": "Point", "coordinates": [10.26799, 36.69535]}, "properties": {"record_id": "oai:u-bordeaux-montaigne.fr:340407", "symbol_class": "building", "pixel_x": 1846.7, "pixel_y": 4560.1, "easting": 532825.3, "northing": 377027.6, "epsg_source": 22391}}, {"type": "Feature", "geometry": {"type": "Point", "coordinates": [10.29278, 36.69347]}, "properties": {"record_id": "oai:u-bordeaux-montaigne.fr:340407", "symbol_class": "building", "pixel_x": 2362.1, "pixel_y": 4567.7, "easting": 535041.4, "northing": 376827.8, "epsg_source": 22391}}, {"type": "Feature", "geometry": {"type": "Point", "coordinates": [10.34884, 36.68984]}, "properties": {"record_id": "oai:u-bordeaux-montaigne.fr:340407", "symbol_class": "building", "pixel_x": 3526.1, "pixel_y": 4568.4, "easting": 540051.2, "northing": 376446.2, "epsg_source": 22391}}, {"type": "Feature", "geometry": {"type": "Point", "coordinates": [10.57219, 36.67547]}, "properties": {"record_id": "oai:u-bordeaux-montaigne.fr:340407", "symbol_class": "building", "pixel_x": 8164.2, "pixel_y": 4561.0, "easting": 560017.2, "northing": 374967.7, "epsg_source": 22391}}, {"type": "Feature", "geometry": {"type": "Point", "coordinates": [10.28254, 36.69418]}, "properties": {"record_id": "oai:u-bordeaux-montaigne.fr:340407", "symbol_class": "building", "pixel_x": 2149.4, "pixel_y": 4566.5, "easting": 534126.2, "northing": 376902.5, "epsg_source": 22391}}, {"type": "Feature", "geometry": {"type": "Point", "coordinates": [10.26506, 36.69535]}, "properties": {"record_id": "oai:u-bordeaux-montaigne.fr:340407", "symbol_class": "building", "pixel_x": 1786.4, "pixel_y": 4564.9, "easting": 532564.3, "northing": 377027.2, "epsg_source": 22391}}, {"type": "Feature", "geometry": {"type": "Point", "coordinates": [10.33764, 36.69034]}, "properties": {"record_id": "oai:u-bordeaux-montaigne.fr:340407", "symbol_class": "building", "pixel_x": 3294.0, "pixel_y": 4574.1, "easting": 539050.4, "northing": 376497.9, "epsg_source": 22391}}, {"type": "Feature", "geometry": {"type": "Point", "coordinates": [10.41534, 36.68563]}, "properties": {"record_id": "oai:u-bordeaux-montaigne.fr:340407", "symbol_class": "building", "pixel_x": 4907.0, "pixel_y": 4565.5, "easting": 545995.8, "northing": 376008.9, "epsg_source": 22391}}, {"type": "Feature", "geometry": {"type": "Point", "coordinates": [10.41446, 36.68561]}, "properties": {"record_id": "oai:u-bordeaux-montaigne.fr:340407", "symbol_class": "building", "pixel_x": 4888.8, "pixel_y": 4567.5, "easting": 545916.9, "northing": 376006.6, "epsg_source": 22391}}, {"type": "Feature", "geometry": {"type": "Point", "coordinates": [10.31206, 36.69205]}, "properties": {"record_id": "oai:u-bordeaux-montaigne.fr:340407", "symbol_class": "building", "pixel_x": 2762.7, "pixel_y": 4572.5, "easting": 536764.3, "northing": 376677.4, "epsg_source": 22391}}, {"type": "Feature", "geometry": {"type": "Point", "coordinates": [10.56609, 36.67553]}, "properties": {"record_id": "oai:u-bordeaux-montaigne.fr:340407", "symbol_class": "building", "pixel_x": 8038.3, "pixel_y": 4570.0, "easting": 559472.6, "northing": 374970.7, "epsg_source": 22391}}, {"type": "Feature", "geometry": {"type": "Point", "coordinates": [10.41195, 36.68565]}, "properties": {"record_id": "oai:u-bordeaux-montaigne.fr:340407", "symbol_class": "building", "pixel_x": 4836.8, "pixel_y": 4570.8, "easting": 545692.2, "northing": 376009.4, "epsg_source": 22391}}, {"type": "Feature", "geometry": {"type": "Point", "coordinates": [10.3114, 36.69189]}, "properties": {"record_id": "oai:u-bordeaux-montaigne.fr:340407", "symbol_class": "building", "pixel_x": 2749.5, "pixel_y": 4577.9, "easting": 536705.7, "northing": 376659.1, "epsg_source": 22391}}, {"type": "Feature", "geometry": {"type": "Point", "coordinates": [10.40964, 36.68567]}, "properties": {"record_id": "oai:u-bordeaux-montaigne.fr:340407", "symbol_class": "building", "pixel_x": 4789.2, "pixel_y": 4574.2, "easting": 545486.5, "northing": 376010.6, "epsg_source": 22391}}, {"type": "Feature", "geometry": {"type": "Point", "coordinates": [10.56341, 36.67556]}, "properties": {"record_id": "oai:u-bordeaux-montaigne.fr:340407", "symbol_class": "building", "pixel_x": 7982.9, "pixel_y": 4574.1, "easting": 559232.5, "northing": 374971.8, "epsg_source": 22391}}, {"type": "Feature", "geometry": {"type": "Point", "coordinates": [10.40889, 36.68566]}, "properties": {"record_id": "oai:u-bordeaux-montaigne.fr:340407", "symbol_class": "building", "pixel_x": 4773.7, "pixel_y": 4575.6, "easting": 545419.0, "northing": 376009.7, "epsg_source": 22391}}, {"type": "Feature", "geometry": {"type": "Point", "coordinates": [10.25753, 36.69538]}, "properties": {"record_id": "oai:u-bordeaux-montaigne.fr:340407", "symbol_class": "building", "pixel_x": 1630.9, "pixel_y": 4576.8, "easting": 531891.3, "northing": 377027.9, "epsg_source": 22391}}, {"type": "Feature", "geometry": {"type": "Point", "coordinates": [10.40816, 36.68566]}, "properties": {"record_id": "oai:u-bordeaux-montaigne.fr:340407", "symbol_class": "building", "pixel_x": 4758.6, "pixel_y": 4577.0, "easting": 545353.4, "northing": 376008.9, "epsg_source": 22391}}, {"type": "Feature", "geometry": {"type": "Point", "coordinates": [10.24787, 36.69587]}, "properties": {"record_id": "oai:u-bordeaux-montaigne.fr:340407", "symbol_class": "building", "pixel_x": 1430.6, "pixel_y": 4580.2, "easting": 531028.1, "northing": 377078.5, "epsg_source": 22391}}, {"type": "Feature", "geometry": {"type": "Point", "coordinates": [10.25576, 36.69539]}, "properties": {"record_id": "oai:u-bordeaux-montaigne.fr:340407", "symbol_class": "building", "pixel_x": 1594.4, "pixel_y": 4579.6, "easting": 531733.2, "northing": 377027.9, "epsg_source": 22391}}, {"type": "Feature", "geometry": {"type": "Point", "coordinates": [10.27014, 36.69425]}, "properties": {"record_id": "oai:u-bordeaux-montaigne.fr:340407", "symbol_class": "building", "pixel_x": 1893.3, "pixel_y": 4585.4, "easting": 533018.0, "northing": 376906.2, "epsg_source": 22391}}, {"type": "Feature", "geometry": {"type": "Point", "coordinates": [10.34882, 36.68914]}, "properties": {"record_id": "oai:u-bordeaux-montaigne.fr:340407", "symbol_class": "building", "pixel_x": 3527.1, "pixel_y": 4586.8, "easting": 540049.9, "northing": 376368.7, "epsg_source": 22391}}, {"type": "Feature", "geometry": {"type": "Point", "coordinates": [10.55827, 36.67559]}, "properties": {"record_id": "oai:u-bordeaux-montaigne.fr:340407", "symbol_class": "building", "pixel_x": 7876.8, "pixel_y": 4582.2, "easting": 558773.6, "northing": 374972.2, "epsg_source": 22391}}, {"type": "Feature", "geometry": {"type": "Point", "coordinates": [10.30667, 36.69189]}, "properties": {"record_id": "oai:u-bordeaux-montaigne.fr:340407", "symbol_class": "building", "pixel_x": 2651.8, "pixel_y": 4585.7, "easting": 536283.0, "northing": 376658.1, "epsg_source": 22391}}, {"type": "Feature", "geometry": {"type": "Point", "coordinates": [10.31184, 36.69153]}, "properties": {"record_id": "oai:u-bordeaux-montaigne.fr:340407", "symbol_class": "building", "pixel_x": 2759.2, "pixel_y": 4586.4, "easting": 536745.0, "northing": 376620.0, "epsg_source": 22391}}, {"type": "Feature", "geometry": {"type": "Point", "coordinates": [10.30735, 36.69172]}, "properties": {"record_id": "oai:u-bordeaux-montaigne.fr:340407", "symbol_class": "building", "pixel_x": 2666.1, "pixel_y": 4589.0, "easting": 536343.4, "northing": 376639.3, "epsg_source": 22391}}, {"type": "Feature", "geometry": {"type": "Point", "coordinates": [10.36006, 36.6884]}, "properties": {"record_id": "oai:u-bordeaux-montaigne.fr:340407", "symbol_class": "building", "pixel_x": 3760.5, "pixel_y": 4587.0, "easting": 541054.5, "northing": 376291.7, "epsg_source": 22391}}, {"type": "Feature", "geometry": {"type": "Point", "coordinates": [10.40417, 36.68566]}, "properties": {"record_id": "oai:u-bordeaux-montaigne.fr:340407", "symbol_class": "building", "pixel_x": 4676.3, "pixel_y": 4583.7, "easting": 544997.2, "northing": 376007.6, "epsg_source": 22391}}, {"type": "Feature", "geometry": {"type": "Point", "coordinates": [10.55651, 36.67561]}, "properties": {"record_id": "oai:u-bordeaux-montaigne.fr:340407", "symbol_class": "building", "pixel_x": 7840.5, "pixel_y": 4584.7, "easting": 558616.6, "northing": 374973.3, "epsg_source": 22391}}, {"type": "Feature", "geometry": {"type": "Point", "coordinates": [10.38848, 36.68651]}, "properties": {"record_id": "oai:u-bordeaux-montaigne.fr:340407", "symbol_class": "building", "pixel_x": 4350.9, "pixel_y": 4588.1, "easting": 543595.1, "northing": 376094.9, "epsg_source": 22391}}, {"type": "Feature", "geometry": {"type": "Point", "coordinates": [10.40127, 36.68571]}, "properties": {"record_id": "oai:u-bordeaux-montaigne.fr:340407", "symbol_class": "building", "pixel_x": 4616.3, "pixel_y": 4587.5, "easting": 544738.1, "northing": 376011.0, "epsg_source": 22391}}, {"type": "Feature", "geometry": {"type": "Point", "coordinates": [10.39968, 36.68571]}, "properties": {"record_id": "oai:u-bordeaux-montaigne.fr:340407", "symbol_class": "building", "pixel_x": 4583.5, "pixel_y": 4590.1, "easting": 544596.1, "northing": 376010.8, "epsg_source": 22391}}, {"type": "Feature", "geometry": {"type": "Point", "coordinates": [10.40043, 36.68567]}, "properties": {"record_id": "oai:u-bordeaux-montaigne.fr:340407", "symbol_class": "building", "pixel_x": 4599.1, "pixel_y": 4589.9, "easting": 544663.1, "northing": 376006.3, "epsg_source": 22391}}, {"type": "Feature", "geometry": {"type": "Point", "coordinates": [10.27034, 36.69366]}, "properties": {"record_id": "oai:u-bordeaux-montaigne.fr:340407", "symbol_class": "building", "pixel_x": 1898.7, "pixel_y": 4600.4, "easting": 533036.7, "northing": 376841.1, "epsg_source": 22391}}, {"type": "Feature", "geometry": {"type": "Point", "coordinates": [10.39729, 36.68574]}, "properties": {"record_id": "oai:u-bordeaux-montaigne.fr:340407", "symbol_class": "building", "pixel_x": 4534.3, "pixel_y": 4593.4, "easting": 544383.0, "northing": 376013.1, "epsg_source": 22391}}, {"type": "Feature", "geometry": {"type": "Point", "coordinates": [10.48348, 36.67995]}, "properties": {"record_id": "oai:u-bordeaux-montaigne.fr:340407", "symbol_class": "building", "pixel_x": 6324.5, "pixel_y": 4597.5, "easting": 552087.0, "northing": 375413.0, "epsg_source": 22391}}, {"type": "Feature", "geometry": {"type": "Point", "coordinates": [10.55074, 36.67566]}, "properties": {"record_id": "oai:u-bordeaux-montaigne.fr:340407", "symbol_class": "building", "pixel_x": 7721.3, "pixel_y": 4593.4, "easting": 558100.6, "northing": 374975.8, "epsg_source": 22391}}, {"type": "Feature", "geometry": {"type": "Point", "coordinates": [10.31372, 36.69092]}, "properties": {"record_id": "oai:u-bordeaux-montaigne.fr:340407", "symbol_class": "building", "pixel_x": 2799.3, "pixel_y": 4599.2, "easting": 536913.6, "northing": 376553.1, "epsg_source": 22391}}, {"type": "Feature", "geometry": {"type": "Point", "coordinates": [10.39663, 36.68569]}, "properties": {"record_id": "oai:u-bordeaux-montaigne.fr:340407", "symbol_class": "building", "pixel_x": 4520.7, "pixel_y": 4595.7, "easting": 544323.8, "northing": 376007.5, "epsg_source": 22391}}, {"type": "Feature", "geometry": {"type": "Point", "coordinates": [10.39453, 36.68572]}, "properties": {"record_id": "oai:u-bordeaux-montaigne.fr:340407", "symbol_class": "building", "pixel_x": 4477.3, "pixel_y": 4598.6, "easting": 544136.3, "northing": 376009.5, "epsg_source": 22391}}, {"type": "Feature", "geometry": {"type": "Point", "coordinates": [10.28342, 36.69288]}, "properties": {"record_id": "oai:u-bordeaux-montaigne.fr:340407", "symbol_class": "building", "pixel_x": 2170.0, "pixel_y": 4599.0, "easting": 534204.9, "northing": 376758.9, "epsg_source": 22391}}, {"type": "Feature", "geometry": {"type": "Point", "coordinates": [10.31064, 36.69113]}, "properties": {"record_id": "oai:u-bordeaux-montaigne.fr:340407", "symbol_class": "building", "pixel_x": 2735.3, "pixel_y": 4598.9, "easting": 536637.9, "northing": 376575.2, "epsg_source": 22391}}, {"type": "Feature", "geometry": {"type": "Point", "coordinates": [10.39178, 36.68575]}, "properties": {"record_id": "oai:u-bordeaux-montaigne.fr:340407", "symbol_class": "building", "pixel_x": 4420.5, "pixel_y": 4602.6, "easting": 543890.3, "northing": 376011.2, "epsg_source": 22391}}, {"type": "Feature", "geometry": {"type": "Point", "coordinates": [10.39289, 36.68572]}, "properties": {"record_id": "oai:u-bordeaux-montaigne.fr:340407", "symbol_class": "building", "pixel_x": 4443.4, "pixel_y": 4601.4, "easting": 543989.3, "northing": 376008.7, "epsg_source": 22391}}, {"type": "Feature", "geometry": {"type": "Point", "coordinates": [10.39015, 36.68575]}, "properties": {"record_id": "oai:u-bordeaux-montaigne.fr:340407", "symbol_class": "building", "pixel_x": 4386.8, "pixel_y": 4605.3, "easting": 543744.3, "northing": 376010.7, "epsg_source": 22391}}, {"type": "Feature", "geometry": {"type": "Point", "coordinates": [10.54378, 36.67572]}, "properties": {"record_id": "oai:u-bordeaux-montaigne.fr:340407", "symbol_class": "building", "pixel_x": 7577.5, "pixel_y": 4603.9, "easting": 557478.4, "northing": 374978.1, "epsg_source": 22391}}, {"type": "Feature", "geometry": {"type": "Point", "coordinates": [10.51716, 36.67719]}, "properties": {"record_id": "oai:u-bordeaux-montaigne.fr:340407", "symbol_class": "building", "pixel_x": 7025.2, "pixel_y": 4611.5, "easting": 555098.9, "northing": 375125.9, "epsg_source": 22391}}, {"type": "Feature", "geometry": {"type": "Point", "coordinates": [10.30714, 36.69096]}, "properties": {"record_id": "oai:u-bordeaux-montaigne.fr:340407", "symbol_class": "building", "pixel_x": 2663.4, "pixel_y": 4609.4, "easting": 536325.2, "northing": 376554.4, "epsg_source": 22391}}, {"type": "Feature", "geometry": {"type": "Point", "coordinates": [10.38888, 36.68575]}, "properties": {"record_id": "oai:u-bordeaux-montaigne.fr:340407", "symbol_class": "building", "pixel_x": 4360.6, "pixel_y": 4607.5, "easting": 543631.0, "northing": 376010.3, "epsg_source": 22391}}, {"type": "Feature", "geometry": {"type": "Point", "coordinates": [10.23745, 36.69544]}, "properties": {"record_id": "oai:u-bordeaux-montaigne.fr:340407", "symbol_class": "building", "pixel_x": 1216.5, "pixel_y": 4608.9, "easting": 530097.7, "northing": 377027.7, "epsg_source": 22391}}, {"type": "Feature", "geometry": {"type": "Point", "coordinates": [10.38793, 36.68575]}, "properties": {"record_id": "oai:u-bordeaux-montaigne.fr:340407", "symbol_class": "building", "pixel_x": 4341.0, "pixel_y": 4609.0, "easting": 543546.4, "northing": 376010.3, "epsg_source": 22391}}, {"type": "Feature", "geometry": {"type": "Point", "coordinates": [10.38243, 36.68586]}, "properties": {"record_id": "oai:u-bordeaux-montaigne.fr:340407", "symbol_class": "building", "pixel_x": 4227.2, "pixel_y": 4615.5, "easting": 543054.5, "northing": 376019.9, "epsg_source": 22391}}, {"type": "Feature", "geometry": {"type": "Point", "coordinates": [10.43847, 36.68228]}, "properties": {"record_id": "oai:u-bordeaux-montaigne.fr:340407", "symbol_class": "building", "pixel_x": 5390.9, "pixel_y": 4613.6, "easting": 548063.9, "northing": 375648.9, "epsg_source": 22391}}, {"type": "Feature", "geometry": {"type": "Point", "coordinates": [10.31513, 36.69018]}, "properties": {"record_id": "oai:u-bordeaux-montaigne.fr:340407", "symbol_class": "building", "pixel_x": 2829.9, "pixel_y": 4616.3, "easting": 537039.9, "northing": 376471.2, "epsg_source": 22391}}, {"type": "Feature", "geometry": {"type": "Point", "coordinates": [10.38284, 36.68584]}, "properties": {"record_id": "oai:u-bordeaux-montaigne.fr:340407", "symbol_class": "building", "pixel_x": 4235.8, "pixel_y": 4615.5, "easting": 543091.2, "northing": 376017.1, "epsg_source": 22391}}, {"type": "Feature", "geometry": {"type": "Point", "coordinates": [10.38439, 36.6858]}, "properties": {"record_id": "oai:u-bordeaux-montaigne.fr:340407", "symbol_class": "building", "pixel_x": 4267.9, "pixel_y": 4613.7, "easting": 543229.9, "northing": 376014.2, "epsg_source": 22391}}, {"type": "Feature", "geometry": {"type": "Point", "coordinates": [10.43935, 36.68215]}, "properties": {"record_id": "oai:u-bordeaux-montaigne.fr:340407", "symbol_class": "building", "pixel_x": 5409.4, "pixel_y": 4615.6, "easting": 548142.9, "northing": 375634.6, "epsg_source": 22391}}, {"type": "Feature", "geometry": {"type": "Point", "coordinates": [10.52843, 36.67607]}, "properties": {"record_id": "oai:u-bordeaux-montaigne.fr:340407", "symbol_class": "building", "pixel_x": 7260.0, "pixel_y": 4621.4, "easting": 556106.6, "northing": 375008.1, "epsg_source": 22391}}, {"type": "Feature", "geometry": {"type": "Point", "coordinates": [10.53669, 36.67577]}, "properties": {"record_id": "oai:u-bordeaux-montaigne.fr:340407", "symbol_class": "building", "pixel_x": 7431.2, "pixel_y": 4615.0, "easting": 556845.1, "northing": 374979.1, "epsg_source": 22391}}, {"type": "Feature", "geometry": {"type": "Point", "coordinates": [10.53964, 36.67553]}, "properties": {"record_id": "oai:u-bordeaux-montaigne.fr:340407", "symbol_class": "building", "pixel_x": 7492.4, "pixel_y": 4616.1, "easting": 557108.4, "northing": 374954.4, "epsg_source": 22391}}, {"type": "Feature", "geometry": {"type": "Point", "coordinates": [10.2703, 36.69292]}, "properties": {"record_id": "oai:u-bordeaux-montaigne.fr:340407", "symbol_class": "building", "pixel_x": 1899.3, "pixel_y": 4619.9, "easting": 533033.1, "northing": 376758.9, "epsg_source": 22391}}, {"type": "Feature", "geometry": {"type": "Point", "coordinates": [10.40488, 36.68423]}, "properties": {"record_id": "oai:u-bordeaux-montaigne.fr:340407", "symbol_class": "building", "pixel_x": 4693.9, "pixel_y": 4619.9, "easting": 545062.0, "northing": 375849.3, "epsg_source": 22391}}, {"type": "Feature", "geometry": {"type": "Point", "coordinates": [10.38098, 36.6858]}, "properties": {"record_id": "oai:u-bordeaux-montaigne.fr:340407", "symbol_class": "building", "pixel_x": 4197.6, "pixel_y": 4619.6, "easting": 542925.7, "northing": 376012.4, "epsg_source": 22391}}, {"type": "Feature", "geometry": {"type": "Point", "coordinates": [10.39363, 36.68484]}, "properties": {"record_id": "oai:u-bordeaux-montaigne.fr:340407", "symbol_class": "building", "pixel_x": 4460.6, "pixel_y": 4623.1, "easting": 544056.4, "northing": 375911.8, "epsg_source": 22391}}, {"type": "Feature", "geometry": {"type": "Point", "coordinates": [10.3376, 36.68852]}, "properties": {"record_id": "oai:u-bordeaux-montaigne.fr:340407", "symbol_class": "building", "pixel_x": 3296.9, "pixel_y": 4621.8, "easting": 539048.2, "northing": 376296.0, "epsg_source": 22391}}, {"type": "Feature", "geometry": {"type": "Point", "coordinates": [10.53965, 36.67522]}, "properties": {"record_id": "oai:u-bordeaux-montaigne.fr:340407", "symbol_class": "building", "pixel_x": 7493.4, "pixel_y": 4624.1, "easting": 557110.0, "northing": 374920.6, "epsg_source": 22391}}, {"type": "Feature", "geometry": {"type": "Point", "coordinates": [10.37945, 36.6858]}, "properties": {"record_id": "oai:u-bordeaux-montaigne.fr:340407", "symbol_class": "building", "pixel_x": 4165.9, "pixel_y": 4622.1, "easting": 542788.5, "northing": 376011.9, "epsg_source": 22391}}, {"type": "Feature", "geometry": {"type": "Point", "coordinates": [10.53164, 36.67582]}, "properties": {"record_id": "oai:u-bordeaux-montaigne.fr:340407", "symbol_class": "building", "pixel_x": 7326.9, "pixel_y": 4622.3, "easting": 556394.0, "northing": 374982.4, "epsg_source": 22391}}, {"type": "Feature", "geometry": {"type": "Point", "coordinates": [10.37124, 36.68597]}, "properties": {"record_id": "oai:u-bordeaux-montaigne.fr:340407", "symbol_class": "building", "pixel_x": 3996.2, "pixel_y": 4631.8, "easting": 542055.0, "northing": 376026.7, "epsg_source": 22391}}, {"type": "Feature", "geometry": {"type": "Point", "coordinates": [10.35035, 36.68758]}, "properties": {"record_id": "oai:u-bordeaux-montaigne.fr:340407", "symbol_class": "building", "pixel_x": 3561.8, "pixel_y": 4624.8, "easting": 540187.3, "northing": 376197.2, "epsg_source": 22391}}, {"type": "Feature", "geometry": {"type": "Point", "coordinates": [10.37752, 36.6858]}, "properties": {"record_id": "oai:u-bordeaux-montaigne.fr:340407", "symbol_class": "building", "pixel_x": 4126.2, "pixel_y": 4625.4, "easting": 542616.4, "northing": 376011.1, "epsg_source": 22391}}, {"type": "Feature", "geometry": {"type": "Point", "coordinates": [10.44254, 36.68143]}, "properties": {"record_id": "oai:u-bordeaux-montaigne.fr:340407", "symbol_class": "building", "pixel_x": 5476.6, "pixel_y": 4629.0, "easting": 548428.0, "northing": 375556.4, "epsg_source": 22391}}, {"type": "Feature", "geometry": {"type": "Point", "coordinates": [10.52893, 36.67582]}, "properties": {"record_id": "oai:u-bordeaux-montaigne.fr:340407", "symbol_class": "building", "pixel_x": 7271.0, "pixel_y": 4627.1, "easting": 556151.8, "northing": 374980.3, "epsg_source": 22391}}, {"type": "Feature", "geometry": {"type": "Point", "coordinates": [10.35008, 36.68743]}, "properties": {"record_id": "oai:u-bordeaux-montaigne.fr:340407", "symbol_class": "building", "pixel_x": 3556.6, "pixel_y": 4629.4, "easting": 540163.7, "northing": 376179.8, "epsg_source": 22391}}, {"type": "Feature", "geometry": {"type": "Point", "coordinates": [10.52772, 36.67582]}, "properties": {"record_id": "oai:u-bordeaux-montaigne.fr:340407", "symbol_class": "building", "pixel_x": 7245.8, "pixel_y": 4629.2, "easting": 556043.0, "northing": 374979.6, "epsg_source": 22391}}, {"type": "Feature", "geometry": {"type": "Point", "coordinates": [10.28455, 36.69159]}, "properties": {"record_id": "oai:u-bordeaux-montaigne.fr:340407", "symbol_class": "building", "pixel_x": 2196.1, "pixel_y": 4630.9, "easting": 534307.2, "northing": 376616.1, "epsg_source": 22391}}, {"type": "Feature", "geometry": {"type": "Point", "coordinates": [10.52637, 36.67584]}, "properties": {"record_id": "oai:u-bordeaux-montaigne.fr:340407", "symbol_class": "building", "pixel_x": 7218.1, "pixel_y": 4631.0, "easting": 555923.1, "northing": 374981.2, "epsg_source": 22391}}, {"type": "Feature", "geometry": {"type": "Point", "coordinates": [10.5243, 36.67583]}, "properties": {"record_id": "oai:u-bordeaux-montaigne.fr:340407", "symbol_class": "building", "pixel_x": 7175.3, "pixel_y": 4635.0, "easting": 555737.7, "northing": 374978.4, "epsg_source": 22391}}, {"type": "Feature", "geometry": {"type": "Point", "coordinates": [10.52281, 36.67586]}, "properties": {"record_id": "oai:u-bordeaux-montaigne.fr:340407", "symbol_class": "building", "pixel_x": 7144.5, "pixel_y": 4636.8, "easting": 555604.5, "northing": 374980.8, "epsg_source": 22391}}, {"type": "Feature", "geometry": {"type": "Point", "coordinates": [10.52144, 36.67588]}, "properties": {"record_id": "oai:u-bordeaux-montaigne.fr:340407", "symbol_class": "building", "pixel_x": 7116.2, "pixel_y": 4638.5, "easting": 555482.2, "northing": 374982.7, "epsg_source": 22391}}, {"type": "Feature", "geometry": {"type": "Point", "coordinates": [10.52079, 36.67584]}, "properties": {"record_id": "oai:u-bordeaux-montaigne.fr:340407", "symbol_class": "building", "pixel_x": 7103.0, "pixel_y": 4640.8, "easting": 555424.6, "northing": 374977.5, "epsg_source": 22391}}, {"type": "Feature", "geometry": {"type": "Point", "coordinates": [10.41609, 36.68249]}, "properties": {"record_id": "oai:u-bordeaux-montaigne.fr:340407", "symbol_class": "building", "pixel_x": 4928.8, "pixel_y": 4646.4, "easting": 546064.6, "northing": 375661.5, "epsg_source": 22391}}, {"type": "Feature", "geometry": {"type": "Point", "coordinates": [10.48077, 36.67821]}, "properties": {"record_id": "oai:u-bordeaux-montaigne.fr:340407", "symbol_class": "building", "pixel_x": 6272.1, "pixel_y": 4647.8, "easting": 551846.1, "northing": 375218.3, "epsg_source": 22391}}, {"type": "Feature", "geometry": {"type": "Point", "coordinates": [10.52841, 36.67485]}, "properties": {"record_id": "oai:u-bordeaux-montaigne.fr:340407", "symbol_class": "building", "pixel_x": 7262.1, "pixel_y": 4653.4, "easting": 556105.3, "northing": 374872.5, "epsg_source": 22391}}, {"type": "Feature", "geometry": {"type": "Point", "coordinates": [10.35999, 36.68602]}, "properties": {"record_id": "oai:u-bordeaux-montaigne.fr:340407", "symbol_class": "building", "pixel_x": 3764.0, "pixel_y": 4649.5, "easting": 541050.0, "northing": 376027.6, "epsg_source": 22391}}, {"type": "Feature", "geometry": {"type": "Point", "coordinates": [10.55087, 36.67333]}, "properties": {"record_id": "oai:u-bordeaux-montaigne.fr:340407", "symbol_class": "building", "pixel_x": 7728.8, "pixel_y": 4654.2, "easting": 558114.1, "northing": 374717.3, "epsg_source": 22391}}, {"type": "Feature", "geometry": {"type": "Point", "coordinates": [10.29278, 36.69011]}, "properties": {"record_id": "oai:u-bordeaux-montaigne.fr:340407", "symbol_class": "building", "pixel_x": 2368.8, "pixel_y": 4656.0, "easting": 535042.6, "northing": 376454.6, "epsg_source": 22391}}, {"type": "Feature", "geometry": {"type": "Point", "coordinates": [10.35696, 36.68593]}, "properties": {"record_id": "oai:u-bordeaux-montaigne.fr:340407", "symbol_class": "building", "pixel_x": 3701.6, "pixel_y": 4656.9, "easting": 540779.3, "northing": 376016.8, "epsg_source": 22391}}, {"type": "Feature", "geometry": {"type": "Point", "coordinates": [10.35622, 36.68596]}, "properties": {"record_id": "oai:u-bordeaux-montaigne.fr:340407", "symbol_class": "building", "pixel_x": 3686.2, "pixel_y": 4657.4, "easting": 540712.7, "northing": 376019.7, "epsg_source": 22391}}, {"type": "Feature", "geometry": {"type": "Point", "coordinates": [10.35535, 36.68593]}, "properties": {"record_id": "oai:u-bordeaux-montaigne.fr:340407", "symbol_class": "building", "pixel_x": 3668.4, "pixel_y": 4659.7, "easting": 540635.4, "northing": 376015.8, "epsg_source": 22391}}, {"type": "Feature", "geometry": {"type": "Point", "coordinates": [10.40488, 36.68249]}, "properties": {"record_id": "oai:u-bordeaux-montaigne.fr:340407", "symbol_class": "building", "pixel_x": 4697.3, "pixel_y": 4665.6, "easting": 545062.3, "northing": 375656.0, "epsg_source": 22391}}, {"type": "Feature", "geometry": {"type": "Point", "coordinates": [10.35399, 36.68596]}, "properties": {"record_id": "oai:u-bordeaux-montaigne.fr:340407", "symbol_class": "building", "pixel_x": 3640.3, "pixel_y": 4661.2, "easting": 540514.0, "northing": 376018.6, "epsg_source": 22391}}, {"type": "Feature", "geometry": {"type": "Point", "coordinates": [10.35447, 36.68593]}, "properties": {"record_id": "oai:u-bordeaux-montaigne.fr:340407", "symbol_class": "building", "pixel_x": 3650.2, "pixel_y": 4661.1, "easting": 540556.6, "northing": 376015.7, "epsg_source": 22391}}, {"type": "Feature", "geometry": {"type": "Point", "coordinates": [10.33761, 36.68677]}, "properties": {"record_id": "oai:u-bordeaux-montaigne.fr:340407", "symbol_class": "building", "pixel_x": 3300.5, "pixel_y": 4667.7, "easting": 539049.4, "northing": 376101.8, "epsg_source": 22391}}, {"type": "Feature", "geometry": {"type": "Point", "coordinates": [10.34682, 36.68598]}, "properties": {"record_id": "oai:u-bordeaux-montaigne.fr:340407", "symbol_class": "building", "pixel_x": 3492.3, "pixel_y": 4672.9, "easting": 539873.4, "northing": 376017.7, "epsg_source": 22391}}, {"type": "Feature", "geometry": {"type": "Point", "coordinates": [10.23664, 36.69252]}, "properties": {"record_id": "oai:u-bordeaux-montaigne.fr:340407", "symbol_class": "building", "pixel_x": 1205.5, "pixel_y": 4686.9, "easting": 530025.9, "northing": 376703.2, "epsg_source": 22391}}, {"type": "Feature", "geometry": {"type": "Point", "coordinates": [10.31519, 36.68734]}, "properties": {"record_id": "oai:u-bordeaux-montaigne.fr:340407", "symbol_class": "building", "pixel_x": 2836.7, "pixel_y": 4690.8, "easting": 537045.9, "northing": 376155.8, "epsg_source": 22391}}, {"type": "Feature", "geometry": {"type": "Point", "coordinates": [10.33757, 36.68605]}, "properties": {"record_id": "oai:u-bordeaux-montaigne.fr:340407", "symbol_class": "building", "pixel_x": 3301.3, "pixel_y": 4686.7, "easting": 539046.9, "northing": 376021.8, "epsg_source": 22391}}, {"type": "Feature", "geometry": {"type": "Point", "coordinates": [10.3382, 36.68604]}, "properties": {"record_id": "oai:u-bordeaux-montaigne.fr:340407", "symbol_class": "building", "pixel_x": 3314.2, "pixel_y": 4686.0, "easting": 539102.6, "northing": 376020.5, "epsg_source": 22391}}, {"type": "Feature", "geometry": {"type": "Point", "coordinates": [10.33703, 36.68602]}, "properties": {"record_id": "oai:u-bordeaux-montaigne.fr:340407", "symbol_class": "building", "pixel_x": 3290.1, "pixel_y": 4688.4, "easting": 538998.0, "northing": 376018.3, "epsg_source": 22391}}, {"type": "Feature", "geometry": {"type": "Point", "coordinates": [10.38858, 36.6826]}, "properties": {"record_id": "oai:u-bordeaux-montaigne.fr:340407", "symbol_class": "building", "pixel_x": 4360.8, "pixel_y": 4690.5, "easting": 543605.8, "northing": 375660.8, "epsg_source": 22391}}, {"type": "Feature", "geometry": {"type": "Point", "coordinates": [10.29277, 36.68869]}, "properties": {"record_id": "oai:u-bordeaux-montaigne.fr:340407", "symbol_class": "building", "pixel_x": 2371.5, "pixel_y": 4693.0, "easting": 535042.8, "northing": 376297.9, "epsg_source": 22391}}, {"type": "Feature", "geometry": {"type": "Point", "coordinates": [10.33624, 36.68604]}, "properties": {"record_id": "oai:u-bordeaux-montaigne.fr:340407", "symbol_class": "building", "pixel_x": 3273.8, "pixel_y": 4689.2, "easting": 538927.5, "northing": 376020.0, "epsg_source": 22391}}, {"type": "Feature", "geometry": {"type": "Point", "coordinates": [10.48607, 36.67612]}, "properties": {"record_id": "oai:u-bordeaux-montaigne.fr:340407", "symbol_class": "building", "pixel_x": 6385.9, "pixel_y": 4693.4, "easting": 552321.5, "northing": 374989.6, "epsg_source": 22391}}, {"type": "Feature", "geometry": {"type": "Point", "coordinates": [10.48501, 36.67612]}, "properties": {"record_id": "oai:u-bordeaux-montaigne.fr:340407", "symbol_class": "building", "pixel_x": 6363.9, "pixel_y": 4695.3, "easting": 552226.5, "northing": 374988.7, "epsg_source": 22391}}, {"type": "Feature", "geometry": {"type": "Point", "coordinates": [10.3316, 36.68605]}, "properties": {"record_id": "oai:u-bordeaux-montaigne.fr:340407", "symbol_class": "building", "pixel_x": 3178.0, "pixel_y": 4696.9, "easting": 538513.1, "northing": 376019.2, "epsg_source": 22391}}, {"type": "Feature", "geometry": {"type": "Point", "coordinates": [10.48385, 36.67616]}, "properties": {"record_id": "oai:u-bordeaux-montaigne.fr:340407", "symbol_class": "building", "pixel_x": 6339.9, "pixel_y": 4696.1, "easting": 552122.8, "northing": 374993.3, "epsg_source": 22391}}, {"type": "Feature", "geometry": {"type": "Point", "coordinates": [10.32773, 36.68609]}, "properties": {"record_id": "oai:u-bordeaux-montaigne.fr:340407", "symbol_class": "building", "pixel_x": 3098.0, "pixel_y": 4702.3, "easting": 538166.9, "northing": 376022.3, "epsg_source": 22391}}, {"type": "Feature", "geometry": {"type": "Point", "coordinates": [10.32712, 36.68609]}, "properties": {"record_id": "oai:u-bordeaux-montaigne.fr:340407", "symbol_class": "building", "pixel_x": 3085.5, "pixel_y": 4703.3, "easting": 538112.8, "northing": 376022.0, "epsg_source": 22391}}, {"type": "Feature", "geometry": {"type": "Point", "coordinates": [10.26515, 36.68976]}, "properties": {"record_id": "oai:u-bordeaux-montaigne.fr:340407", "symbol_class": "building", "pixel_x": 1799.4, "pixel_y": 4711.4, "easting": 532574.6, "northing": 376406.6, "epsg_source": 22391}}, {"type": "Feature", "geometry": {"type": "Point", "coordinates": [10.26989, 36.6896]}, "properties": {"record_id": "oai:u-bordeaux-montaigne.fr:340407", "symbol_class": "building", "pixel_x": 1897.4, "pixel_y": 4707.7, "easting": 532997.4, "northing": 376390.4, "epsg_source": 22391}}, {"type": "Feature", "geometry": {"type": "Point", "coordinates": [10.32445, 36.68609]}, "properties": {"record_id": "oai:u-bordeaux-montaigne.fr:340407", "symbol_class": "building", "pixel_x": 3030.5, "pixel_y": 4707.7, "easting": 537874.5, "northing": 376021.4, "epsg_source": 22391}}, {"type": "Feature", "geometry": {"type": "Point", "coordinates": [10.52839, 36.67257]}, "properties": {"record_id": "oai:u-bordeaux-montaigne.fr:340407", "symbol_class": "building", "pixel_x": 7266.5, "pixel_y": 4713.2, "easting": 556105.6, "northing": 374619.5, "epsg_source": 22391}}, {"type": "Feature", "geometry": {"type": "Point", "coordinates": [10.32218, 36.6861]}, "properties": {"record_id": "oai:u-bordeaux-montaigne.fr:340407", "symbol_class": "building", "pixel_x": 2983.6, "pixel_y": 4711.4, "easting": 537671.8, "northing": 376021.1, "epsg_source": 22391}}, {"type": "Feature", "geometry": {"type": "Point", "coordinates": [10.32634, 36.68563]}, "properties": {"record_id": "oai:u-bordeaux-montaigne.fr:340407", "symbol_class": "building", "pixel_x": 3070.3, "pixel_y": 4716.7, "easting": 538043.2, "northing": 375970.6, "epsg_source": 22391}}, {"type": "Feature", "geometry": {"type": "Point", "coordinates": [10.47242, 36.67622]}, "properties": {"record_id": "oai:u-bordeaux-montaigne.fr:340407", "symbol_class": "building", "pixel_x": 6104.0, "pixel_y": 4714.2, "easting": 551101.7, "northing": 374993.9, "epsg_source": 22391}}, {"type": "Feature", "geometry": {"type": "Point", "coordinates": [10.23374, 36.69159]}, "properties": {"record_id": "oai:u-bordeaux-montaigne.fr:340407", "symbol_class": "building", "pixel_x": 1147.4, "pixel_y": 4716.1, "easting": 529766.9, "northing": 376599.3, "epsg_source": 22391}}, {"type": "Feature", "geometry": {"type": "Point", "coordinates": [10.32057, 36.68611]}, "properties": {"record_id": "oai:u-bordeaux-montaigne.fr:340407", "symbol_class": "building", "pixel_x": 2950.2, "pixel_y": 4713.9, "easting": 537527.4, "northing": 376021.8, "epsg_source": 22391}}, {"type": "Feature", "geometry": {"type": "Point", "coordinates": [10.36004, 36.68349]}, "properties": {"record_id": "oai:u-bordeaux-montaigne.fr:340407", "symbol_class": "building", "pixel_x": 3770.1, "pixel_y": 4715.7, "easting": 541055.5, "northing": 375747.4, "epsg_source": 22391}}, {"type": "Feature", "geometry": {"type": "Point", "coordinates": [10.55084, 36.67045]}, "properties": {"record_id": "oai:u-bordeaux-montaigne.fr:340407", "symbol_class": "building", "pixel_x": 7734.2, "pixel_y": 4729.7, "easting": 558113.4, "northing": 374397.9, "epsg_source": 22391}}, {"type": "Feature", "geometry": {"type": "Point", "coordinates": [10.33758, 36.68456]}, "properties": {"record_id": "oai:u-bordeaux-montaigne.fr:340407", "symbol_class": "building", "pixel_x": 3304.5, "pixel_y": 4725.7, "easting": 539048.3, "northing": 375856.5, "epsg_source": 22391}}, {"type": "Feature", "geometry": {"type": "Point", "coordinates": [10.56204, 36.66987]}, "properties": {"record_id": "oai:u-bordeaux-montaigne.fr:340407", "symbol_class": "building", "pixel_x": 7966.4, "pixel_y": 4725.6, "easting": 559114.3, "northing": 374339.7, "epsg_source": 22391}}, {"type": "Feature", "geometry": {"type": "Point", "coordinates": [10.42722, 36.67874]}, "properties": {"record_id": "oai:u-bordeaux-montaigne.fr:340407", "symbol_class": "building", "pixel_x": 5166.1, "pixel_y": 4725.7, "easting": 547061.3, "northing": 375250.9, "epsg_source": 22391}}, {"type": "Feature", "geometry": {"type": "Point", "coordinates": [10.28159, 36.68794]}, "properties": {"record_id": "oai:u-bordeaux-montaigne.fr:340407", "symbol_class": "building", "pixel_x": 2142.2, "pixel_y": 4731.5, "easting": 534043.8, "northing": 376210.5, "epsg_source": 22391}}, {"type": "Feature", "geometry": {"type": "Point", "coordinates": [10.44768, 36.67715]}, "properties": {"record_id": "oai:u-bordeaux-montaigne.fr:340407", "symbol_class": "building", "pixel_x": 5591.5, "pixel_y": 4732.3, "easting": 548890.1, "northing": 375084.6, "epsg_source": 22391}}, {"type": "Feature", "geometry": {"type": "Point", "coordinates": [10.4628, 36.6763]}, "properties": {"record_id": "oai:u-bordeaux-montaigne.fr:340407", "symbol_class": "building", "pixel_x": 5905.3, "pixel_y": 4728.7, "easting": 550242.1, "northing": 374997.7, "epsg_source": 22391}}, {"type": "Feature", "geometry": {"type": "Point", "coordinates": [10.41602, 36.6792]}, "properties": {"record_id": "oai:u-bordeaux-montaigne.fr:340407", "symbol_class": "building", "pixel_x": 4934.0, "pixel_y": 4733.0, "easting": 546059.9, "northing": 375295.6, "epsg_source": 22391}}, {"type": "Feature", "geometry": {"type": "Point", "coordinates": [10.29327, 36.68702]}, "properties": {"record_id": "oai:u-bordeaux-montaigne.fr:340407", "symbol_class": "building", "pixel_x": 2385.1, "pixel_y": 4736.1, "easting": 535088.0, "northing": 376112.0, "epsg_source": 22391}}, {"type": "Feature", "geometry": {"type": "Point", "coordinates": [10.42729, 36.67814]}, "properties": {"record_id": "oai:u-bordeaux-montaigne.fr:340407", "symbol_class": "building", "pixel_x": 5168.7, "pixel_y": 4741.5, "easting": 547067.6, "northing": 375183.5, "epsg_source": 22391}}, {"type": "Feature", "geometry": {"type": "Point", "coordinates": [10.36, 36.6824]}, "properties": {"record_id": "oai:u-bordeaux-montaigne.fr:340407", "symbol_class": "building", "pixel_x": 3771.4, "pixel_y": 4744.5, "easting": 541052.1, "northing": 375625.5, "epsg_source": 22391}}, {"type": "Feature", "geometry": {"type": "Point", "coordinates": [10.32636, 36.68469]}, "properties": {"record_id": "oai:u-bordeaux-montaigne.fr:340407", "symbol_class": "building", "pixel_x": 3072.5, "pixel_y": 4741.2, "easting": 538045.2, "northing": 375866.9, "epsg_source": 22391}}, {"type": "Feature", "geometry": {"type": "Point", "coordinates": [10.44736, 36.67671]}, "properties": {"record_id": "oai:u-bordeaux-montaigne.fr:340407", "symbol_class": "building", "pixel_x": 5585.9, "pixel_y": 4744.4, "easting": 548862.3, "northing": 375035.3, "epsg_source": 22391}}, {"type": "Feature", "geometry": {"type": "Point", "coordinates": [10.23408, 36.69045]}, "properties": {"record_id": "oai:u-bordeaux-montaigne.fr:340407", "symbol_class": "building", "pixel_x": 1156.8, "pixel_y": 4745.4, "easting": 529798.0, "northing": 376472.7, "epsg_source": 22391}}, {"type": "Feature", "geometry": {"type": "Point", "coordinates": [10.45054, 36.67639]}, "properties": {"record_id": "oai:u-bordeaux-montaigne.fr:340407", "symbol_class": "building", "pixel_x": 5652.1, "pixel_y": 4747.5, "easting": 549146.2, "northing": 375000.9, "epsg_source": 22391}}, {"type": "Feature", "geometry": {"type": "Point", "coordinates": [10.43841, 36.67699]}, "properties": {"record_id": "oai:u-bordeaux-montaigne.fr:340407", "symbol_class": "building", "pixel_x": 5400.5, "pixel_y": 4752.5, "easting": 548061.8, "northing": 375061.8, "epsg_source": 22391}}, {"type": "Feature", "geometry": {"type": "Point", "coordinates": [10.44829, 36.67641]}, "properties": {"record_id": "oai:u-bordeaux-montaigne.fr:340407", "symbol_class": "building", "pixel_x": 5605.6, "pixel_y": 4750.7, "easting": 548944.9, "northing": 375002.6, "epsg_source": 22391}}, {"type": "Feature", "geometry": {"type": "Point", "coordinates": [10.42724, 36.67767]}, "properties": {"record_id": "oai:u-bordeaux-montaigne.fr:340407", "symbol_class": "building", "pixel_x": 5168.6, "pixel_y": 4753.7, "easting": 547063.4, "northing": 375132.1, "epsg_source": 22391}}, {"type": "Feature", "geometry": {"type": "Point", "coordinates": [10.24877, 36.68911]}, "properties": {"record_id": "oai:u-bordeaux-montaigne.fr:340407", "symbol_class": "building", "pixel_x": 1462.5, "pixel_y": 4755.8, "easting": 531110.8, "northing": 376329.8, "epsg_source": 22391}}, {"type": "Feature", "geometry": {"type": "Point", "coordinates": [10.44689, 36.67642]}, "properties": {"record_id": "oai:u-bordeaux-montaigne.fr:340407", "symbol_class": "building", "pixel_x": 5576.7, "pixel_y": 4752.9, "easting": 548820.1, "northing": 375002.7, "epsg_source": 22391}}, {"type": "Feature", "geometry": {"type": "Point", "coordinates": [10.44752, 36.67638]}, "properties": {"record_id": "oai:u-bordeaux-montaigne.fr:340407", "symbol_class": "building", "pixel_x": 5589.9, "pixel_y": 4752.9, "easting": 548876.7, "northing": 374998.5, "epsg_source": 22391}}, {"type": "Feature", "geometry": {"type": "Point", "coordinates": [10.49463, 36.67319]}, "properties": {"record_id": "oai:u-bordeaux-montaigne.fr:340407", "symbol_class": "building", "pixel_x": 6568.6, "pixel_y": 4755.4, "easting": 553088.6, "northing": 374669.3, "epsg_source": 22391}}, {"type": "Feature", "geometry": {"type": "Point", "coordinates": [10.54017, 36.67008]}, "properties": {"record_id": "oai:u-bordeaux-montaigne.fr:340407", "symbol_class": "building", "pixel_x": 7514.8, "pixel_y": 4758.0, "easting": 557160.5, "northing": 374350.6, "epsg_source": 22391}}, {"type": "Feature", "geometry": {"type": "Point", "coordinates": [10.44957, 36.67575]}, "properties": {"record_id": "oai:u-bordeaux-montaigne.fr:340407", "symbol_class": "building", "pixel_x": 5633.5, "pixel_y": 4765.8, "easting": 549060.2, "northing": 374929.9, "epsg_source": 22391}}, {"type": "Feature", "geometry": {"type": "Point", "coordinates": [10.44442, 36.67642]}, "properties": {"record_id": "oai:u-bordeaux-montaigne.fr:340407", "symbol_class": "building", "pixel_x": 5525.7, "pixel_y": 4757.0, "easting": 548599.3, "northing": 375001.9, "epsg_source": 22391}}, {"type": "Feature", "geometry": {"type": "Point", "coordinates": [10.39362, 36.67934]}, "properties": {"record_id": "oai:u-bordeaux-montaigne.fr:340407", "symbol_class": "building", "pixel_x": 4471.5, "pixel_y": 4767.6, "easting": 544058.3, "northing": 375300.7, "epsg_source": 22391}}, {"type": "Feature", "geometry": {"type": "Point", "coordinates": [10.48888, 36.67318]}, "properties": {"record_id": "oai:u-bordeaux-montaigne.fr:340407", "symbol_class": "building", "pixel_x": 6449.9, "pixel_y": 4765.6, "easting": 552574.4, "northing": 374665.2, "epsg_source": 22391}}, {"type": "Feature", "geometry": {"type": "Point", "coordinates": [10.28737, 36.68625]}, "properties": {"record_id": "oai:u-bordeaux-montaigne.fr:340407", "symbol_class": "building", "pixel_x": 2264.9, "pixel_y": 4766.2, "easting": 534561.1, "northing": 376024.8, "epsg_source": 22391}}, {"type": "Feature", "geometry": {"type": "Point", "coordinates": [10.28782, 36.68622]}, "properties": {"record_id": "oai:u-bordeaux-montaigne.fr:340407", "symbol_class": "building", "pixel_x": 2274.3, "pixel_y": 4766.1, "easting": 534601.7, "northing": 376022.2, "epsg_source": 22391}}, {"type": "Feature", "geometry": {"type": "Point", "coordinates": [10.28637, 36.68625]}, "properties": {"record_id": "oai:u-bordeaux-montaigne.fr:340407", "symbol_class": "building", "pixel_x": 2244.2, "pixel_y": 4767.8, "easting": 534471.6, "northing": 376024.8, "epsg_source": 22391}}, {"type": "Feature", "geometry": {"type": "Point", "coordinates": [10.36, 36.6813]}, "properties": {"record_id": "oai:u-bordeaux-montaigne.fr:340407", "symbol_class": "building", "pixel_x": 3773.7, "pixel_y": 4773.4, "easting": 541053.2, "northing": 375503.5, "epsg_source": 22391}}, {"type": "Feature", "geometry": {"type": "Point", "coordinates": [10.32637, 36.68329]}, "properties": {"record_id": "oai:u-bordeaux-montaigne.fr:340407", "symbol_class": "building", "pixel_x": 3075.6, "pixel_y": 4778.0, "easting": 538047.0, "northing": 375711.4, "epsg_source": 22391}}, {"type": "Feature", "geometry": {"type": "Point", "coordinates": [10.46083, 36.67475]}, "properties": {"record_id": "oai:u-bordeaux-montaigne.fr:340407", "symbol_class": "building", "pixel_x": 5867.9, "pixel_y": 4772.8, "easting": 550067.0, "northing": 374824.4, "epsg_source": 22391}}, {"type": "Feature", "geometry": {"type": "Point", "coordinates": [10.42729, 36.67653]}, "properties": {"record_id": "oai:u-bordeaux-montaigne.fr:340407", "symbol_class": "building", "pixel_x": 5171.9, "pixel_y": 4783.6, "easting": 547068.2, "northing": 375005.3, "epsg_source": 22391}}, {"type": "Feature", "geometry": {"type": "Point", "coordinates": [10.43839, 36.67593]}, "properties": {"record_id": "oai:u-bordeaux-montaigne.fr:340407", "symbol_class": "building", "pixel_x": 5402.4, "pixel_y": 4780.4, "easting": 548061.2, "northing": 374943.7, "epsg_source": 22391}}, {"type": "Feature", "geometry": {"type": "Point", "coordinates": [10.49466, 36.67219]}, "properties": {"record_id": "oai:u-bordeaux-montaigne.fr:340407", "symbol_class": "building", "pixel_x": 6571.3, "pixel_y": 4781.6, "easting": 553091.9, "northing": 374558.4, "epsg_source": 22391}}, {"type": "Feature", "geometry": {"type": "Point", "coordinates": [10.41599, 36.67734]}, "properties": {"record_id": "oai:u-bordeaux-montaigne.fr:340407", "symbol_class": "building", "pixel_x": 4937.2, "pixel_y": 4781.7, "easting": 546058.5, "northing": 375089.6, "epsg_source": 22391}}, {"type": "Feature", "geometry": {"type": "Point", "coordinates": [10.53284, 36.66949]}, "properties": {"record_id": "oai:u-bordeaux-montaigne.fr:340407", "symbol_class": "building", "pixel_x": 7364.7, "pixel_y": 4786.1, "easting": 556505.6, "northing": 374281.0, "epsg_source": 22391}}, {"type": "Feature", "geometry": {"type": "Point", "coordinates": [10.58144, 36.66642]}, "properties": {"record_id": "oai:u-bordeaux-montaigne.fr:340407", "symbol_class": "building", "pixel_x": 8374.0, "pixel_y": 4782.2, "easting": 560851.1, "northing": 373969.2, "epsg_source": 22391}}, {"type": "Feature", "geometry": {"type": "Point", "coordinates": [10.56204, 36.66733]}, "properties": {"record_id": "oai:u-bordeaux-montaigne.fr:340407", "symbol_class": "building", "pixel_x": 7971.9, "pixel_y": 4792.2, "easting": 559117.1, "northing": 374057.8, "epsg_source": 22391}}, {"type": "Feature", "geometry": {"type": "Point", "coordinates": [10.2408, 36.68828]}, "properties": {"record_id": "oai:u-bordeaux-montaigne.fr:340407", "symbol_class": "building", "pixel_x": 1299.8, "pixel_y": 4791.1, "easting": 530399.1, "northing": 376234.1, "epsg_source": 22391}}, {"type": "Feature", "geometry": {"type": "Point", "coordinates": [10.31512, 36.68358]}, "properties": {"record_id": "oai:u-bordeaux-montaigne.fr:340407", "symbol_class": "building", "pixel_x": 2843.0, "pixel_y": 4789.4, "easting": 537042.1, "northing": 375739.1, "epsg_source": 22391}}, {"type": "Feature", "geometry": {"type": "Point", "coordinates": [10.30332, 36.68435]}, "properties": {"record_id": "oai:u-bordeaux-montaigne.fr:340407", "symbol_class": "building", "pixel_x": 2597.8, "pixel_y": 4789.2, "easting": 535986.8, "northing": 375819.4, "epsg_source": 22391}}, {"type": "Feature", "geometry": {"type": "Point", "coordinates": [10.42425, 36.67656]}, "properties": {"record_id": "oai:u-bordeaux-montaigne.fr:340407", "symbol_class": "building", "pixel_x": 5109.2, "pixel_y": 4788.0, "easting": 546797.0, "northing": 375007.3, "epsg_source": 22391}}, {"type": "Feature", "geometry": {"type": "Point", "coordinates": [10.42361, 36.67655]}, "properties": {"record_id": "oai:u-bordeaux-montaigne.fr:340407", "symbol_class": "building", "pixel_x": 5096.0, "pixel_y": 4789.5, "easting": 546739.5, "northing": 375005.2, "epsg_source": 22391}}, {"type": "Feature", "geometry": {"type": "Point", "coordinates": [10.27196, 36.6863]}, "properties": {"record_id": "oai:u-bordeaux-montaigne.fr:340407", "symbol_class": "building", "pixel_x": 1946.7, "pixel_y": 4790.8, "easting": 533183.9, "northing": 376024.9, "epsg_source": 22391}}, {"type": "Feature", "geometry": {"type": "Point", "coordinates": [10.29162, 36.68495]}, "properties": {"record_id": "oai:u-bordeaux-montaigne.fr:340407", "symbol_class": "building", "pixel_x": 2355.3, "pixel_y": 4793.2, "easting": 534941.7, "northing": 375881.7, "epsg_source": 22391}}, {"type": "Feature", "geometry": {"type": "Point", "coordinates": [10.39361, 36.67818]}, "properties": {"record_id": "oai:u-bordeaux-montaigne.fr:340407", "symbol_class": "building", "pixel_x": 4473.7, "pixel_y": 4797.8, "easting": 544058.3, "northing": 375173.0, "epsg_source": 22391}}, {"type": "Feature", "geometry": {"type": "Point", "coordinates": [10.42208, 36.67658]}, "properties": {"record_id": "oai:u-bordeaux-montaigne.fr:340407", "symbol_class": "building", "pixel_x": 5064.5, "pixel_y": 4791.2, "easting": 546603.3, "northing": 375008.3, "epsg_source": 22391}}, {"type": "Feature", "geometry": {"type": "Point", "coordinates": [10.27084, 36.68634]}, "properties": {"record_id": "oai:u-bordeaux-montaigne.fr:340407", "symbol_class": "building", "pixel_x": 1923.6, "pixel_y": 4791.7, "easting": 533084.2, "northing": 376028.7, "epsg_source": 22391}}, {"type": "Feature", "geometry": {"type": "Point", "coordinates": [10.416, 36.67689]}, "properties": {"record_id": "oai:u-bordeaux-montaigne.fr:340407", "symbol_class": "building", "pixel_x": 4938.3, "pixel_y": 4793.6, "easting": 546059.3, "northing": 375039.5, "epsg_source": 22391}}, {"type": "Feature", "geometry": {"type": "Point", "coordinates": [10.27037, 36.68631]}, "properties": {"record_id": "oai:u-bordeaux-montaigne.fr:340407", "symbol_class": "building", "pixel_x": 1914.0, "pixel_y": 4793.0, "easting": 533042.4, "northing": 376026.2, "epsg_source": 22391}}, {"type": "Feature", "geometry": {"type": "Point", "coordinates": [10.42085, 36.67652]}, "properties": {"record_id": "oai:u-bordeaux-montaigne.fr:340407", "symbol_class": "building", "pixel_x": 5039.2, "pixel_y": 4794.8, "easting": 546493.5, "northing": 375001.5, "epsg_source": 22391}}, {"type": "Feature", "geometry": {"type": "Point", "coordinates": [10.4197, 36.67657]}, "properties": {"record_id": "oai:u-bordeaux-montaigne.fr:340407", "symbol_class": "building", "pixel_x": 5015.4, "pixel_y": 4795.4, "easting": 546390.6, "northing": 375006.5, "epsg_source": 22391}}, {"type": "Feature", "geometry": {"type": "Point", "coordinates": [10.4203, 36.67652]}, "properties": {"record_id": "oai:u-bordeaux-montaigne.fr:340407", "symbol_class": "building", "pixel_x": 5027.8, "pixel_y": 4795.8, "easting": 546443.8, "northing": 375001.1, "epsg_source": 22391}}, {"type": "Feature", "geometry": {"type": "Point", "coordinates": [10.57221, 36.6665]}, "properties": {"record_id": "oai:u-bordeaux-montaigne.fr:340407", "symbol_class": "building", "pixel_x": 8183.3, "pixel_y": 4796.2, "easting": 560025.9, "northing": 373972.2, "epsg_source": 22391}}, {"type": "Feature", "geometry": {"type": "Point", "coordinates": [10.26705, 36.68633]}, "properties": {"record_id": "oai:u-bordeaux-montaigne.fr:340407", "symbol_class": "building", "pixel_x": 1845.5, "pixel_y": 4798.2, "easting": 532745.8, "northing": 376026.5, "epsg_source": 22391}}, {"type": "Feature", "geometry": {"type": "Point", "coordinates": [10.24783, 36.68744]}, "properties": {"record_id": "oai:u-bordeaux-montaigne.fr:340407", "symbol_class": "building", "pixel_x": 1446.5, "pixel_y": 4801.3, "easting": 531027.4, "northing": 376143.6, "epsg_source": 22391}}, {"type": "Feature", "geometry": {"type": "Point", "coordinates": [10.3824, 36.67872]}, "properties": {"record_id": "oai:u-bordeaux-montaigne.fr:340407", "symbol_class": "building", "pixel_x": 4241.1, "pixel_y": 4802.9, "easting": 543055.7, "northing": 375227.1, "epsg_source": 22391}}, {"type": "Feature", "geometry": {"type": "Point", "coordinates": [10.57161, 36.66646]}, "properties": {"record_id": "oai:u-bordeaux-montaigne.fr:340407", "symbol_class": "building", "pixel_x": 8171.1, "pixel_y": 4798.4, "easting": 559972.6, "northing": 373967.0, "epsg_source": 22391}}, {"type": "Feature", "geometry": {"type": "Point", "coordinates": [10.43837, 36.67489]}, "properties": {"record_id": "oai:u-bordeaux-montaigne.fr:340407", "symbol_class": "building", "pixel_x": 5404.0, "pixel_y": 4807.5, "easting": 548059.8, "northing": 374829.2, "epsg_source": 22391}}, {"type": "Feature", "geometry": {"type": "Point", "coordinates": [10.27034, 36.68595]}, "properties": {"record_id": "oai:u-bordeaux-montaigne.fr:340407", "symbol_class": "building", "pixel_x": 1914.1, "pixel_y": 4802.7, "easting": 533039.8, "northing": 375985.3, "epsg_source": 22391}}, {"type": "Feature", "geometry": {"type": "Point", "coordinates": [10.30262, 36.68394]}, "properties": {"record_id": "oai:u-bordeaux-montaigne.fr:340407", "symbol_class": "building", "pixel_x": 2584.3, "pixel_y": 4801.0, "easting": 535925.0, "northing": 375774.4, "epsg_source": 22391}}, {"type": "Feature", "geometry": {"type": "Point", "coordinates": [10.30406, 36.68352]}, "properties": {"record_id": "oai:u-bordeaux-montaigne.fr:340407", "symbol_class": "building", "pixel_x": 2614.7, "pixel_y": 4809.6, "easting": 536053.2, "northing": 375728.3, "epsg_source": 22391}}, {"type": "Feature", "geometry": {"type": "Point", "coordinates": [10.41663, 36.67658]}, "properties": {"record_id": "oai:u-bordeaux-montaigne.fr:340407", "symbol_class": "building", "pixel_x": 4952.0, "pixel_y": 4800.6, "easting": 546116.2, "northing": 375005.6, "epsg_source": 22391}}, {"type": "Feature", "geometry": {"type": "Point", "coordinates": [10.44806, 36.67446]}, "properties": {"record_id": "oai:u-bordeaux-montaigne.fr:340407", "symbol_class": "building", "pixel_x": 5604.8, "pixel_y": 4802.3, "easting": 548925.6, "northing": 374785.9, "epsg_source": 22391}}, {"type": "Feature", "geometry": {"type": "Point", "coordinates": [10.41511, 36.67659]}, "properties": {"record_id": "oai:u-bordeaux-montaigne.fr:340407", "symbol_class": "building", "pixel_x": 4920.6, "pixel_y": 4802.9, "easting": 545980.5, "northing": 375005.9, "epsg_source": 22391}}, {"type": "Feature", "geometry": {"type": "Point", "coordinates": [10.30225, 36.68373]}, "properties": {"record_id": "oai:u-bordeaux-montaigne.fr:340407", "symbol_class": "building", "pixel_x": 2577.0, "pixel_y": 4807.3, "easting": 535891.6, "northing": 375750.2, "epsg_source": 22391}}, {"type": "Feature", "geometry": {"type": "Point", "coordinates": [10.29604, 36.68409]}, "properties": {"record_id": "oai:u-bordeaux-montaigne.fr:340407", "symbol_class": "building", "pixel_x": 2448.1, "pixel_y": 4808.2, "easting": 535336.7, "northing": 375788.6, "epsg_source": 22391}}, {"type": "Feature", "geometry": {"type": "Point", "coordinates": [10.55077, 36.66732]}, "properties": {"record_id": "oai:u-bordeaux-montaigne.fr:340407", "symbol_class": "building", "pixel_x": 7739.2, "pixel_y": 4812.1, "easting": 558109.6, "northing": 374049.7, "epsg_source": 22391}}, {"type": "Feature", "geometry": {"type": "Point", "coordinates": [10.40947, 36.67663]}, "properties": {"record_id": "oai:u-bordeaux-montaigne.fr:340407", "symbol_class": "building", "pixel_x": 4804.1, "pixel_y": 4811.4, "easting": 545476.2, "northing": 375008.0, "epsg_source": 22391}}, {"type": "Feature", "geometry": {"type": "Point", "coordinates": [10.41036, 36.6766]}, "properties": {"record_id": "oai:u-bordeaux-montaigne.fr:340407", "symbol_class": "building", "pixel_x": 4822.4, "pixel_y": 4810.8, "easting": 545555.3, "northing": 375004.6, "epsg_source": 22391}}, {"type": "Feature", "geometry": {"type": "Point", "coordinates": [10.56282, 36.66655]}, "properties": {"record_id": "oai:u-bordeaux-montaigne.fr:340407", "symbol_class": "building", "pixel_x": 7989.4, "pixel_y": 4811.2, "easting": 559186.7, "northing": 373972.0, "epsg_source": 22391}}, {"type": "Feature", "geometry": {"type": "Point", "coordinates": [10.53657, 36.66813]}, "properties": {"record_id": "oai:u-bordeaux-montaigne.fr:340407", "symbol_class": "building", "pixel_x": 7444.4, "pixel_y": 4815.4, "easting": 556839.4, "northing": 374132.0, "epsg_source": 22391}}, {"type": "Feature", "geometry": {"type": "Point", "coordinates": [10.2957, 36.68389]}, "properties": {"record_id": "oai:u-bordeaux-montaigne.fr:340407", "symbol_class": "building", "pixel_x": 2441.5, "pixel_y": 4814.0, "easting": 535306.3, "northing": 375766.2, "epsg_source": 22391}}, {"type": "Feature", "geometry": {"type": "Point", "coordinates": [10.32525, 36.68189]}, "properties": {"record_id": "oai:u-bordeaux-montaigne.fr:340407", "symbol_class": "building", "pixel_x": 3055.4, "pixel_y": 4816.5, "easting": 537948.0, "northing": 375555.9, "epsg_source": 22391}}, {"type": "Feature", "geometry": {"type": "Point", "coordinates": [10.30186, 36.68336]}, "properties": {"record_id": "oai:u-bordeaux-montaigne.fr:340407", "symbol_class": "building", "pixel_x": 2569.7, "pixel_y": 4817.5, "easting": 535857.1, "northing": 375709.5, "epsg_source": 22391}}, {"type": "Feature", "geometry": {"type": "Point", "coordinates": [10.40576, 36.67666]}, "properties": {"record_id": "oai:u-bordeaux-montaigne.fr:340407", "symbol_class": "building", "pixel_x": 4727.4, "pixel_y": 4816.9, "easting": 545144.3, "northing": 375009.7, "epsg_source": 22391}}, {"type": "Feature", "geometry": {"type": "Point", "coordinates": [10.40645, 36.67662]}, "properties": {"record_id": "oai:u-bordeaux-montaigne.fr:340407", "symbol_class": "building", "pixel_x": 4741.7, "pixel_y": 4816.9, "easting": 545206.0, "northing": 375005.4, "epsg_source": 22391}}, {"type": "Feature", "geometry": {"type": "Point", "coordinates": [10.53962, 36.66761]}, "properties": {"record_id": "oai:u-bordeaux-montaigne.fr:340407", "symbol_class": "building", "pixel_x": 7508.5, "pixel_y": 4823.8, "easting": 557112.5, "northing": 374075.7, "epsg_source": 22391}}, {"type": "Feature", "geometry": {"type": "Point", "coordinates": [10.27032, 36.68507]}, "properties": {"record_id": "oai:u-bordeaux-montaigne.fr:340407", "symbol_class": "building", "pixel_x": 1915.3, "pixel_y": 4825.7, "easting": 533037.8, "northing": 375888.4, "epsg_source": 22391}}, {"type": "Feature", "geometry": {"type": "Point", "coordinates": [10.40495, 36.6766]}, "properties": {"record_id": "oai:u-bordeaux-montaigne.fr:340407", "symbol_class": "building", "pixel_x": 4711.0, "pixel_y": 4819.8, "easting": 545072.7, "northing": 375003.0, "epsg_source": 22391}}, {"type": "Feature", "geometry": {"type": "Point", "coordinates": [10.55743, 36.66658]}, "properties": {"record_id": "oai:u-bordeaux-montaigne.fr:340407", "symbol_class": "building", "pixel_x": 7878.2, "pixel_y": 4819.8, "easting": 558705.4, "northing": 373972.3, "epsg_source": 22391}}, {"type": "Feature", "geometry": {"type": "Point", "coordinates": [10.40325, 36.67665]}, "properties": {"record_id": "oai:u-bordeaux-montaigne.fr:340407", "symbol_class": "building", "pixel_x": 4675.7, "pixel_y": 4821.6, "easting": 544920.4, "northing": 375007.0, "epsg_source": 22391}}, {"type": "Feature", "geometry": {"type": "Point", "coordinates": [10.40248, 36.67669]}, "properties": {"record_id": "oai:u-bordeaux-montaigne.fr:340407", "symbol_class": "building", "pixel_x": 4659.8, "pixel_y": 4821.9, "easting": 544851.8, "northing": 375010.9, "epsg_source": 22391}}, {"type": "Feature", "geometry": {"type": "Point", "coordinates": [10.42723, 36.67496]}, "properties": {"record_id": "oai:u-bordeaux-montaigne.fr:340407", "symbol_class": "building", "pixel_x": 5174.0, "pixel_y": 4824.8, "easting": 547064.2, "northing": 374831.5, "epsg_source": 22391}}, {"type": "Feature", "geometry": {"type": "Point", "coordinates": [10.28158, 36.68433]}, "properties": {"record_id": "oai:u-bordeaux-montaigne.fr:340407", "symbol_class": "building", "pixel_x": 2149.2, "pixel_y": 4826.2, "easting": 534044.2, "northing": 375810.1, "epsg_source": 22391}}, {"type": "Feature", "geometry": {"type": "Point", "coordinates": [10.40189, 36.6766]}, "properties": {"record_id": "oai:u-bordeaux-montaigne.fr:340407", "symbol_class": "building", "pixel_x": 4647.8, "pixel_y": 4825.2, "easting": 544799.2, "northing": 375000.8, "epsg_source": 22391}}, {"type": "Feature", "geometry": {"type": "Point", "coordinates": [10.33763, 36.68063]}, "properties": {"record_id": "oai:u-bordeaux-montaigne.fr:340407", "symbol_class": "building", "pixel_x": 3313.3, "pixel_y": 4828.8, "easting": 539054.2, "northing": 375420.0, "epsg_source": 22391}}, {"type": "Feature", "geometry": {"type": "Point", "coordinates": [10.24784, 36.68624]}, "properties": {"record_id": "oai:u-bordeaux-montaigne.fr:340407", "symbol_class": "building", "pixel_x": 1449.1, "pixel_y": 4832.7, "easting": 531029.1, "northing": 376010.5, "epsg_source": 22391}}, {"type": "Feature", "geometry": {"type": "Point", "coordinates": [10.3049, 36.68259]}, "properties": {"record_id": "oai:u-bordeaux-montaigne.fr:340407", "symbol_class": "building", "pixel_x": 2634.0, "pixel_y": 4832.7, "easting": 536129.2, "northing": 375624.8, "epsg_source": 22391}}, {"type": "Feature", "geometry": {"type": "Point", "coordinates": [10.55292, 36.66661]}, "properties": {"record_id": "oai:u-bordeaux-montaigne.fr:340407", "symbol_class": "building", "pixel_x": 7785.0, "pixel_y": 4827.0, "easting": 558301.9, "northing": 373972.2, "epsg_source": 22391}}, {"type": "Feature", "geometry": {"type": "Point", "coordinates": [10.30438, 36.68263]}, "properties": {"record_id": "oai:u-bordeaux-montaigne.fr:340407", "symbol_class": "building", "pixel_x": 2623.3, "pixel_y": 4832.5, "easting": 536082.8, "northing": 375629.0, "epsg_source": 22391}}, {"type": "Feature", "geometry": {"type": "Point", "coordinates": [10.29472, 36.68305]}, "properties": {"record_id": "oai:u-bordeaux-montaigne.fr:340407", "symbol_class": "building", "pixel_x": 2423.1, "pixel_y": 4837.7, "easting": 535219.6, "northing": 375672.4, "epsg_source": 22391}}, {"type": "Feature", "geometry": {"type": "Point", "coordinates": [10.29895, 36.68299]}, "properties": {"record_id": "oai:u-bordeaux-montaigne.fr:340407", "symbol_class": "building", "pixel_x": 2510.4, "pixel_y": 4832.2, "easting": 535597.0, "northing": 375667.1, "epsg_source": 22391}}, {"type": "Feature", "geometry": {"type": "Point", "coordinates": [10.41599, 36.67501]}, "properties": {"record_id": "oai:u-bordeaux-montaigne.fr:340407", "symbol_class": "building", "pixel_x": 4941.9, "pixel_y": 4842.8, "easting": 546059.8, "northing": 374831.2, "epsg_source": 22391}}, {"type": "Feature", "geometry": {"type": "Point", "coordinates": [10.56192, 36.66572]}, "properties": {"record_id": "oai:u-bordeaux-montaigne.fr:340407", "symbol_class": "building", "pixel_x": 7972.5, "pixel_y": 4834.5, "easting": 559106.7, "northing": 373879.6, "epsg_source": 22391}}, {"type": "Feature", "geometry": {"type": "Point", "coordinates": [10.29325, 36.68333]}, "properties": {"record_id": "oai:u-bordeaux-montaigne.fr:340407", "symbol_class": "building", "pixel_x": 2392.1, "pixel_y": 4832.9, "easting": 535087.7, "northing": 375702.7, "epsg_source": 22391}}, {"type": "Feature", "geometry": {"type": "Point", "coordinates": [10.39622, 36.67666]}, "properties": {"record_id": "oai:u-bordeaux-montaigne.fr:340407", "symbol_class": "building", "pixel_x": 4530.6, "pixel_y": 4833.2, "easting": 544292.4, "northing": 375005.4, "epsg_source": 22391}}, {"type": "Feature", "geometry": {"type": "Point", "coordinates": [10.42725, 36.67436]}, "properties": {"record_id": "oai:u-bordeaux-montaigne.fr:340407", "symbol_class": "building", "pixel_x": 5175.7, "pixel_y": 4840.4, "easting": 547066.5, "northing": 374765.0, "epsg_source": 22391}}, {"type": "Feature", "geometry": {"type": "Point", "coordinates": [10.56148, 36.66556]}, "properties": {"record_id": "oai:u-bordeaux-montaigne.fr:340407", "symbol_class": "building", "pixel_x": 7964.0, "pixel_y": 4839.6, "easting": 559068.2, "northing": 373861.1, "epsg_source": 22391}}, {"type": "Feature", "geometry": {"type": "Point", "coordinates": [10.53962, 36.66713]}, "properties": {"record_id": "oai:u-bordeaux-montaigne.fr:340407", "symbol_class": "building", "pixel_x": 7509.5, "pixel_y": 4836.3, "easting": 557113.3, "northing": 374022.7, "epsg_source": 22391}}, {"type": "Feature", "geometry": {"type": "Point", "coordinates": [10.29426, 36.6831]}, "properties": {"record_id": "oai:u-bordeaux-montaigne.fr:340407", "symbol_class": "building", "pixel_x": 2413.3, "pixel_y": 4837.1, "easting": 535177.8, "northing": 375678.0, "epsg_source": 22391}}, {"type": "Feature", "geometry": {"type": "Point", "coordinates": [10.39337, 36.67669]}, "properties": {"record_id": "oai:u-bordeaux-montaigne.fr:340407", "symbol_class": "building", "pixel_x": 4471.6, "pixel_y": 4837.3, "easting": 544037.1, "northing": 375007.5, "epsg_source": 22391}}, {"type": "Feature", "geometry": {"type": "Point", "coordinates": [10.39401, 36.67664]}, "properties": {"record_id": "oai:u-bordeaux-montaigne.fr:340407", "symbol_class": "building", "pixel_x": 4485.0, "pixel_y": 4837.5, "easting": 544094.6, "northing": 375002.2, "epsg_source": 22391}}, {"type": "Feature", "geometry": {"type": "Point", "coordinates": [10.39185, 36.67669]}, "properties": {"record_id": "oai:u-bordeaux-montaigne.fr:340407", "symbol_class": "building", "pixel_x": 4440.4, "pixel_y": 4839.9, "easting": 543901.8, "northing": 375006.7, "epsg_source": 22391}}, {"type": "Feature", "geometry": {"type": "Point", "coordinates": [10.31842, 36.6813]}, "properties": {"record_id": "oai:u-bordeaux-montaigne.fr:340407", "symbol_class": "building", "pixel_x": 2915.7, "pixel_y": 4843.7, "easting": 537337.9, "northing": 375486.9, "epsg_source": 22391}}, {"type": "Feature", "geometry": {"type": "Point", "coordinates": [10.30005, 36.68248]}, "properties": {"record_id": "oai:u-bordeaux-montaigne.fr:340407", "symbol_class": "building", "pixel_x": 2534.0, "pixel_y": 4843.6, "easting": 535695.4, "northing": 375611.6, "epsg_source": 22391}}, {"type": "Feature", "geometry": {"type": "Point", "coordinates": [10.36001, 36.67851]}, "properties": {"record_id": "oai:u-bordeaux-montaigne.fr:340407", "symbol_class": "building", "pixel_x": 3779.5, "pixel_y": 4846.4, "easting": 541055.2, "northing": 375194.4, "epsg_source": 22391}}, {"type": "Feature", "geometry": {"type": "Point", "coordinates": [10.24785, 36.68536]}, "properties": {"record_id": "oai:u-bordeaux-montaigne.fr:340407", "symbol_class": "building", "pixel_x": 1451.1, "pixel_y": 4855.8, "easting": 531030.5, "northing": 375912.7, "epsg_source": 22391}}, {"type": "Feature", "geometry": {"type": "Point", "coordinates": [10.23503, 36.68643]}, "properties": {"record_id": "oai:u-bordeaux-montaigne.fr:340407", "symbol_class": "building", "pixel_x": 1184.4, "pixel_y": 4849.1, "easting": 529884.6, "northing": 376027.7, "epsg_source": 22391}}, {"type": "Feature", "geometry": {"type": "Point", "coordinates": [10.44234, 36.67285]}, "properties": {"record_id": "oai:u-bordeaux-montaigne.fr:340407", "symbol_class": "building", "pixel_x": 5490.1, "pixel_y": 4854.3, "easting": 548415.4, "northing": 374604.6, "epsg_source": 22391}}, {"type": "Feature", "geometry": {"type": "Point", "coordinates": [10.23396, 36.68643]}, "properties": {"record_id": "oai:u-bordeaux-montaigne.fr:340407", "symbol_class": "building", "pixel_x": 1162.4, "pixel_y": 4851.0, "easting": 529789.2, "northing": 376026.8, "epsg_source": 22391}}, {"type": "Feature", "geometry": {"type": "Point", "coordinates": [10.29831, 36.6822]}, "properties": {"record_id": "oai:u-bordeaux-montaigne.fr:340407", "symbol_class": "building", "pixel_x": 2498.7, "pixel_y": 4854.0, "easting": 535540.0, "northing": 375579.1, "epsg_source": 22391}}, {"type": "Feature", "geometry": {"type": "Point", "coordinates": [10.31561, 36.68117]}, "properties": {"record_id": "oai:u-bordeaux-montaigne.fr:340407", "symbol_class": "building", "pixel_x": 2857.8, "pixel_y": 4851.8, "easting": 537086.4, "northing": 375471.6, "epsg_source": 22391}}, {"type": "Feature", "geometry": {"type": "Point", "coordinates": [10.53657, 36.66674]}, "properties": {"record_id": "oai:u-bordeaux-montaigne.fr:340407", "symbol_class": "building", "pixel_x": 7447.4, "pixel_y": 4851.9, "easting": 556840.9, "northing": 373977.6, "epsg_source": 22391}}, {"type": "Feature", "geometry": {"type": "Point", "coordinates": [10.38399, 36.67669]}, "properties": {"record_id": "oai:u-bordeaux-montaigne.fr:340407", "symbol_class": "building", "pixel_x": 4278.1, "pixel_y": 4853.4, "easting": 543199.0, "northing": 375002.5, "epsg_source": 22391}}, {"type": "Feature", "geometry": {"type": "Point", "coordinates": [10.42724, 36.67381]}, "properties": {"record_id": "oai:u-bordeaux-montaigne.fr:340407", "symbol_class": "building", "pixel_x": 5176.6, "pixel_y": 4854.9, "easting": 547065.8, "northing": 374704.0, "epsg_source": 22391}}, {"type": "Feature", "geometry": {"type": "Point", "coordinates": [10.3824, 36.67672]}, "properties": {"record_id": "oai:u-bordeaux-montaigne.fr:340407", "symbol_class": "building", "pixel_x": 4245.3, "pixel_y": 4855.1, "easting": 543057.3, "northing": 375006.0, "epsg_source": 22391}}, {"type": "Feature", "geometry": {"type": "Point", "coordinates": [10.40487, 36.67517]}, "properties": {"record_id": "oai:u-bordeaux-montaigne.fr:340407", "symbol_class": "building", "pixel_x": 4712.1, "pixel_y": 4857.7, "easting": 545066.0, "northing": 374843.5, "epsg_source": 22391}}, {"type": "Feature", "geometry": {"type": "Point", "coordinates": [10.44295, 36.67274]}, "properties": {"record_id": "oai:u-bordeaux-montaigne.fr:340407", "symbol_class": "building", "pixel_x": 5503.0, "pixel_y": 4856.0, "easting": 548470.6, "northing": 374593.0, "epsg_source": 22391}}, {"type": "Feature", "geometry": {"type": "Point", "coordinates": [10.44129, 36.67275]}, "properties": {"record_id": "oai:u-bordeaux-montaigne.fr:340407", "symbol_class": "building", "pixel_x": 5468.6, "pixel_y": 4858.7, "easting": 548321.5, "northing": 374592.7, "epsg_source": 22391}}, {"type": "Feature", "geometry": {"type": "Point", "coordinates": [10.45156, 36.67209]}, "properties": {"record_id": "oai:u-bordeaux-montaigne.fr:340407", "symbol_class": "building", "pixel_x": 5682.0, "pixel_y": 4858.3, "easting": 549240.3, "northing": 374524.9, "epsg_source": 22391}}, {"type": "Feature", "geometry": {"type": "Point", "coordinates": [10.37951, 36.67675]}, "properties": {"record_id": "oai:u-bordeaux-montaigne.fr:340407", "symbol_class": "building", "pixel_x": 4185.6, "pixel_y": 4859.4, "easting": 542799.2, "northing": 375007.7, "epsg_source": 22391}}, {"type": "Feature", "geometry": {"type": "Point", "coordinates": [10.2703, 36.68355]}, "properties": {"record_id": "oai:u-bordeaux-montaigne.fr:340407", "symbol_class": "building", "pixel_x": 1918.0, "pixel_y": 4865.6, "easting": 533036.9, "northing": 375719.4, "epsg_source": 22391}}, {"type": "Feature", "geometry": {"type": "Point", "coordinates": [10.37806, 36.67674]}, "properties": {"record_id": "oai:u-bordeaux-montaigne.fr:340407", "symbol_class": "building", "pixel_x": 4155.6, "pixel_y": 4862.0, "easting": 542669.1, "northing": 375006.2, "epsg_source": 22391}}, {"type": "Feature", "geometry": {"type": "Point", "coordinates": [10.31513, 36.68064]}, "properties": {"record_id": "oai:u-bordeaux-montaigne.fr:340407", "symbol_class": "building", "pixel_x": 2849.1, "pixel_y": 4866.4, "easting": 537044.2, "northing": 375413.3, "epsg_source": 22391}}, {"type": "Feature", "geometry": {"type": "Point", "coordinates": [10.34879, 36.67823]}, "properties": {"record_id": "oai:u-bordeaux-montaigne.fr:340407", "symbol_class": "building", "pixel_x": 3548.6, "pixel_y": 4872.8, "easting": 540053.0, "northing": 375158.4, "epsg_source": 22391}}, {"type": "Feature", "geometry": {"type": "Point", "coordinates": [10.44884, 36.67186]}, "properties": {"record_id": "oai:u-bordeaux-montaigne.fr:340407", "symbol_class": "building", "pixel_x": 5626.2, "pixel_y": 4869.0, "easting": 548996.8, "northing": 374498.1, "epsg_source": 22391}}, {"type": "Feature", "geometry": {"type": "Point", "coordinates": [10.52843, 36.66678]}, "properties": {"record_id": "oai:u-bordeaux-montaigne.fr:340407", "symbol_class": "building", "pixel_x": 7279.3, "pixel_y": 4865.0, "easting": 556113.3, "northing": 373976.8, "epsg_source": 22391}}, {"type": "Feature", "geometry": {"type": "Point", "coordinates": [10.52753, 36.66679]}, "properties": {"record_id": "oai:u-bordeaux-montaigne.fr:340407", "symbol_class": "building", "pixel_x": 7260.7, "pixel_y": 4866.2, "easting": 556032.8, "northing": 373978.2, "epsg_source": 22391}}, {"type": "Feature", "geometry": {"type": "Point", "coordinates": [10.37117, 36.67675]}, "properties": {"record_id": "oai:u-bordeaux-montaigne.fr:340407", "symbol_class": "building", "pixel_x": 4013.5, "pixel_y": 4873.5, "easting": 542053.8, "northing": 375004.2, "epsg_source": 22391}}, {"type": "Feature", "geometry": {"type": "Point", "coordinates": [10.52418, 36.66683]}, "properties": {"record_id": "oai:u-bordeaux-montaigne.fr:340407", "symbol_class": "building", "pixel_x": 7191.5, "pixel_y": 4871.0, "easting": 555733.5, "northing": 373980.3, "epsg_source": 22391}}, {"type": "Feature", "geometry": {"type": "Point", "coordinates": [10.29677, 36.68151]}, "properties": {"record_id": "oai:u-bordeaux-montaigne.fr:340407", "symbol_class": "building", "pixel_x": 2468.4, "pixel_y": 4874.6, "easting": 535403.0, "northing": 375502.4, "epsg_source": 22391}}, {"type": "Feature", "geometry": {"type": "Point", "coordinates": [10.34529, 36.67832]}, "properties": {"record_id": "oai:u-bordeaux-montaigne.fr:340407", "symbol_class": "building", "pixel_x": 3476.2, "pixel_y": 4876.2, "easting": 539740.3, "northing": 375167.7, "epsg_source": 22391}}, {"type": "Feature", "geometry": {"type": "Point", "coordinates": [10.31638, 36.68023]}, "properties": {"record_id": "oai:u-bordeaux-montaigne.fr:340407", "symbol_class": "building", "pixel_x": 2875.8, "pixel_y": 4875.2, "easting": 537156.3, "northing": 375367.3, "epsg_source": 22391}}, {"type": "Feature", "geometry": {"type": "Point", "coordinates": [10.31514, 36.67975]}, "properties": {"record_id": "oai:u-bordeaux-montaigne.fr:340407", "symbol_class": "building", "pixel_x": 2851.0, "pixel_y": 4889.7, "easting": 537045.3, "northing": 375314.3, "epsg_source": 22391}}, {"type": "Feature", "geometry": {"type": "Point", "coordinates": [10.40874, 36.67408]}, "properties": {"record_id": "oai:u-bordeaux-montaigne.fr:340407", "symbol_class": "building", "pixel_x": 4794.3, "pixel_y": 4879.7, "easting": 545412.7, "northing": 374724.2, "epsg_source": 22391}}, {"type": "Feature", "geometry": {"type": "Point", "coordinates": [10.36716, 36.67682]}, "properties": {"record_id": "oai:u-bordeaux-montaigne.fr:340407", "symbol_class": "building", "pixel_x": 3930.4, "pixel_y": 4878.4, "easting": 541694.9, "northing": 375010.5, "epsg_source": 22391}}, {"type": "Feature", "geometry": {"type": "Point", "coordinates": [10.36386, 36.67684]}, "properties": {"record_id": "oai:u-bordeaux-montaigne.fr:340407", "symbol_class": "building", "pixel_x": 3862.4, "pixel_y": 4883.6, "easting": 541400.5, "northing": 375011.1, "epsg_source": 22391}}, {"type": "Feature", "geometry": {"type": "Point", "coordinates": [10.51641, 36.66685]}, "properties": {"record_id": "oai:u-bordeaux-montaigne.fr:340407", "symbol_class": "building", "pixel_x": 7031.2, "pixel_y": 4884.0, "easting": 555039.4, "northing": 373977.9, "epsg_source": 22391}}, {"type": "Feature", "geometry": {"type": "Point", "coordinates": [10.29272, 36.68128]}, "properties": {"record_id": "oai:u-bordeaux-montaigne.fr:340407", "symbol_class": "building", "pixel_x": 2385.3, "pixel_y": 4887.5, "easting": 535041.4, "northing": 375475.3, "epsg_source": 22391}}, {"type": "Feature", "geometry": {"type": "Point", "coordinates": [10.36294, 36.67685]}, "properties": {"record_id": "oai:u-bordeaux-montaigne.fr:340407", "symbol_class": "building", "pixel_x": 3843.5, "pixel_y": 4884.9, "easting": 541318.5, "northing": 375011.7, "epsg_source": 22391}}, {"type": "Feature", "geometry": {"type": "Point", "coordinates": [10.35993, 36.67687]}, "properties": {"record_id": "oai:u-bordeaux-montaigne.fr:340407", "symbol_class": "building", "pixel_x": 3781.1, "pixel_y": 4889.6, "easting": 541048.8, "northing": 375012.0, "epsg_source": 22391}}, {"type": "Feature", "geometry": {"type": "Point", "coordinates": [10.34571, 36.67775]}, "properties": {"record_id": "oai:u-bordeaux-montaigne.fr:340407", "symbol_class": "building", "pixel_x": 3485.9, "pixel_y": 4890.4, "easting": 539777.8, "northing": 375104.7, "epsg_source": 22391}}, {"type": "Feature", "geometry": {"type": "Point", "coordinates": [10.3936, 36.67448]}, "properties": {"record_id": "oai:u-bordeaux-montaigne.fr:340407", "symbol_class": "building", "pixel_x": 4480.9, "pixel_y": 4895.0, "easting": 544059.1, "northing": 374761.8, "epsg_source": 22391}}, {"type": "Feature", "geometry": {"type": "Point", "coordinates": [10.28891, 36.6814]}, "properties": {"record_id": "oai:u-bordeaux-montaigne.fr:340407", "symbol_class": "building", "pixel_x": 2306.5, "pixel_y": 4890.7, "easting": 534701.0, "northing": 375487.3, "epsg_source": 22391}}, {"type": "Feature", "geometry": {"type": "Point", "coordinates": [10.40825, 36.67363]}, "properties": {"record_id": "oai:u-bordeaux-montaigne.fr:340407", "symbol_class": "building", "pixel_x": 4785.1, "pixel_y": 4892.2, "easting": 545369.1, "northing": 374674.5, "epsg_source": 22391}}, {"type": "Feature", "geometry": {"type": "Point", "coordinates": [10.28391, 36.68151]}, "properties": {"record_id": "oai:u-bordeaux-montaigne.fr:340407", "symbol_class": "building", "pixel_x": 2203.0, "pixel_y": 4896.3, "easting": 534253.9, "northing": 375497.6, "epsg_source": 22391}}, {"type": "Feature", "geometry": {"type": "Point", "coordinates": [10.50888, 36.66695]}, "properties": {"record_id": "oai:u-bordeaux-montaigne.fr:340407", "symbol_class": "building", "pixel_x": 6875.5, "pixel_y": 4894.3, "easting": 554366.1, "northing": 373985.2, "epsg_source": 22391}}, {"type": "Feature", "geometry": {"type": "Point", "coordinates": [10.49462, 36.66756]}, "properties": {"record_id": "oai:u-bordeaux-montaigne.fr:340407", "symbol_class": "building", "pixel_x": 6579.9, "pixel_y": 4903.0, "easting": 553091.2, "northing": 374044.9, "epsg_source": 22391}}, {"type": "Feature", "geometry": {"type": "Point", "coordinates": [10.29741, 36.68054]}, "properties": {"record_id": "oai:u-bordeaux-montaigne.fr:340407", "symbol_class": "building", "pixel_x": 2483.5, "pixel_y": 4899.1, "easting": 535460.7, "northing": 375394.6, "epsg_source": 22391}}, {"type": "Feature", "geometry": {"type": "Point", "coordinates": [10.32993, 36.67848]}, "properties": {"record_id": "oai:u-bordeaux-montaigne.fr:340407", "symbol_class": "building", "pixel_x": 3158.8, "pixel_y": 4898.1, "easting": 538367.2, "northing": 375179.0, "epsg_source": 22391}}, {"type": "Feature", "geometry": {"type": "Point", "coordinates": [10.40483, 36.6734]}, "properties": {"record_id": "oai:u-bordeaux-montaigne.fr:340407", "symbol_class": "building", "pixel_x": 4714.9, "pixel_y": 4904.1, "easting": 545063.3, "northing": 374647.0, "epsg_source": 22391}}, {"type": "Feature", "geometry": {"type": "Point", "coordinates": [10.52838, 36.6655]}, "properties": {"record_id": "oai:u-bordeaux-montaigne.fr:340407", "symbol_class": "building", "pixel_x": 7280.9, "pixel_y": 4898.5, "easting": 556109.8, "northing": 373835.6, "epsg_source": 22391}}, {"type": "Feature", "geometry": {"type": "Point", "coordinates": [10.29319, 36.68063]}, "properties": {"record_id": "oai:u-bordeaux-montaigne.fr:340407", "symbol_class": "building", "pixel_x": 2396.2, "pixel_y": 4903.7, "easting": 535083.3, "northing": 375403.7, "epsg_source": 22391}}, {"type": "Feature", "geometry": {"type": "Point", "coordinates": [10.30119, 36.68012]}, "properties": {"record_id": "oai:u-bordeaux-montaigne.fr:340407", "symbol_class": "building", "pixel_x": 2562.4, "pixel_y": 4903.5, "easting": 535798.8, "northing": 375350.3, "epsg_source": 22391}}, {"type": "Feature", "geometry": {"type": "Point", "coordinates": [10.28536, 36.68118]}, "properties": {"record_id": "oai:u-bordeaux-montaigne.fr:340407", "symbol_class": "building", "pixel_x": 2233.6, "pixel_y": 4902.4, "easting": 534383.8, "northing": 375461.9, "epsg_source": 22391}}, {"type": "Feature", "geometry": {"type": "Point", "coordinates": [10.33014, 36.67828]}, "properties": {"record_id": "oai:u-bordeaux-montaigne.fr:340407", "symbol_class": "building", "pixel_x": 3163.6, "pixel_y": 4903.1, "easting": 538386.6, "northing": 375156.3, "epsg_source": 22391}}, {"type": "Feature", "geometry": {"type": "Point", "coordinates": [10.29955, 36.68012]}, "properties": {"record_id": "oai:u-bordeaux-montaigne.fr:340407", "symbol_class": "building", "pixel_x": 2528.5, "pixel_y": 4906.4, "easting": 535651.8, "northing": 375349.4, "epsg_source": 22391}}, {"type": "Feature", "geometry": {"type": "Point", "coordinates": [10.35151, 36.6769]}, "properties": {"record_id": "oai:u-bordeaux-montaigne.fr:340407", "symbol_class": "building", "pixel_x": 3607.5, "pixel_y": 4903.1, "easting": 540297.2, "northing": 375011.8, "epsg_source": 22391}}, {"type": "Feature", "geometry": {"type": "Point", "coordinates": [10.34985, 36.67692]}, "properties": {"record_id": "oai:u-bordeaux-montaigne.fr:340407", "symbol_class": "building", "pixel_x": 3573.2, "pixel_y": 4905.4, "easting": 540148.8, "northing": 375013.3, "epsg_source": 22391}}, {"type": "Feature", "geometry": {"type": "Point", "coordinates": [10.30197, 36.6798]}, "properties": {"record_id": "oai:u-bordeaux-montaigne.fr:340407", "symbol_class": "building", "pixel_x": 2579.1, "pixel_y": 4910.8, "easting": 535868.5, "northing": 375314.1, "epsg_source": 22391}}, {"type": "Feature", "geometry": {"type": "Point", "coordinates": [10.3304, 36.67791]}, "properties": {"record_id": "oai:u-bordeaux-montaigne.fr:340407", "symbol_class": "building", "pixel_x": 3169.8, "pixel_y": 4912.3, "easting": 538410.1, "northing": 375115.5, "epsg_source": 22391}}, {"type": "Feature", "geometry": {"type": "Point", "coordinates": [10.34672, 36.67694]}, "properties": {"record_id": "oai:u-bordeaux-montaigne.fr:340407", "symbol_class": "building", "pixel_x": 3508.5, "pixel_y": 4910.0, "easting": 539869.0, "northing": 375014.9, "epsg_source": 22391}}, {"type": "Feature", "geometry": {"type": "Point", "coordinates": [10.34502, 36.67694]}, "properties": {"record_id": "oai:u-bordeaux-montaigne.fr:340407", "symbol_class": "building", "pixel_x": 3473.5, "pixel_y": 4912.9, "easting": 539717.2, "northing": 375014.1, "epsg_source": 22391}}, {"type": "Feature", "geometry": {"type": "Point", "coordinates": [10.39359, 36.67373]}, "properties": {"record_id": "oai:u-bordeaux-montaigne.fr:340407", "symbol_class": "building", "pixel_x": 4482.2, "pixel_y": 4914.6, "easting": 544058.6, "northing": 374678.6, "epsg_source": 22391}}, {"type": "Feature", "geometry": {"type": "Point", "coordinates": [10.49697, 36.66702]}, "properties": {"record_id": "oai:u-bordeaux-montaigne.fr:340407", "symbol_class": "building", "pixel_x": 6629.5, "pixel_y": 4913.2, "easting": 553301.4, "northing": 373985.8, "epsg_source": 22391}}, {"type": "Feature", "geometry": {"type": "Point", "coordinates": [10.32634, 36.67785]}, "properties": {"record_id": "oai:u-bordeaux-montaigne.fr:340407", "symbol_class": "building", "pixel_x": 3086.1, "pixel_y": 4920.7, "easting": 538047.5, "northing": 375107.4, "epsg_source": 22391}}, {"type": "Feature", "geometry": {"type": "Point", "coordinates": [10.29308, 36.68006]}, "properties": {"record_id": "oai:u-bordeaux-montaigne.fr:340407", "symbol_class": "building", "pixel_x": 2395.3, "pixel_y": 4918.8, "easting": 535074.5, "northing": 375340.5, "epsg_source": 22391}}, {"type": "Feature", "geometry": {"type": "Point", "coordinates": [10.56244, 36.66224]}, "properties": {"record_id": "oai:u-bordeaux-montaigne.fr:340407", "symbol_class": "building", "pixel_x": 7990.7, "pixel_y": 4924.9, "easting": 559156.6, "northing": 373493.5, "epsg_source": 22391}}, {"type": "Feature", "geometry": {"type": "Point", "coordinates": [10.28534, 36.68047]}, "properties": {"record_id": "oai:u-bordeaux-montaigne.fr:340407", "symbol_class": "building", "pixel_x": 2234.5, "pixel_y": 4921.1, "easting": 534382.0, "northing": 375383.0, "epsg_source": 22391}}, {"type": "Feature", "geometry": {"type": "Point", "coordinates": [10.49111, 36.66709]}, "properties": {"record_id": "oai:u-bordeaux-montaigne.fr:340407", "symbol_class": "building", "pixel_x": 6508.5, "pixel_y": 4921.5, "easting": 552778.0, "northing": 373990.2, "epsg_source": 22391}}, {"type": "Feature", "geometry": {"type": "Point", "coordinates": [10.49024, 36.66708]}, "properties": {"record_id": "oai:u-bordeaux-montaigne.fr:340407", "symbol_class": "building", "pixel_x": 6490.5, "pixel_y": 4923.2, "easting": 552700.1, "northing": 373989.0, "epsg_source": 22391}}, {"type": "Feature", "geometry": {"type": "Point", "coordinates": [10.25547, 36.68219]}, "properties": {"record_id": "oai:u-bordeaux-montaigne.fr:340407", "symbol_class": "building", "pixel_x": 1614.6, "pixel_y": 4926.0, "easting": 531712.3, "northing": 375564.0, "epsg_source": 22391}}, {"type": "Feature", "geometry": {"type": "Point", "coordinates": [10.29339, 36.67973]}, "properties": {"record_id": "oai:u-bordeaux-montaigne.fr:340407", "symbol_class": "building", "pixel_x": 2402.1, "pixel_y": 4927.0, "easting": 535101.5, "northing": 375303.6, "epsg_source": 22391}}, {"type": "Feature", "geometry": {"type": "Point", "coordinates": [10.56095, 36.66227]}, "properties": {"record_id": "oai:u-bordeaux-montaigne.fr:340407", "symbol_class": "building", "pixel_x": 7959.8, "pixel_y": 4926.7, "easting": 559022.9, "northing": 373496.0, "epsg_source": 22391}}, {"type": "Feature", "geometry": {"type": "Point", "coordinates": [10.31225, 36.67834]}, "properties": {"record_id": "oai:u-bordeaux-montaigne.fr:340407", "symbol_class": "building", "pixel_x": 2794.3, "pixel_y": 4931.5, "easting": 536788.0, "northing": 375156.9, "epsg_source": 22391}}, {"type": "Feature", "geometry": {"type": "Point", "coordinates": [10.42721, 36.67084]}, "properties": {"record_id": "oai:u-bordeaux-montaigne.fr:340407", "symbol_class": "building", "pixel_x": 5182.1, "pixel_y": 4932.9, "easting": 547065.3, "northing": 374374.0, "epsg_source": 22391}}, {"type": "Feature", "geometry": {"type": "Point", "coordinates": [10.28511, 36.68018]}, "properties": {"record_id": "oai:u-bordeaux-montaigne.fr:340407", "symbol_class": "building", "pixel_x": 2230.5, "pixel_y": 4929.0, "easting": 534362.2, "northing": 375351.1, "epsg_source": 22391}}, {"type": "Feature", "geometry": {"type": "Point", "coordinates": [10.33421, 36.67701]}, "properties": {"record_id": "oai:u-bordeaux-montaigne.fr:340407", "symbol_class": "building", "pixel_x": 3250.2, "pixel_y": 4929.4, "easting": 538751.2, "northing": 375017.6, "epsg_source": 22391}}, {"type": "Feature", "geometry": {"type": "Point", "coordinates": [10.33265, 36.67697]}, "properties": {"record_id": "oai:u-bordeaux-montaigne.fr:340407", "symbol_class": "building", "pixel_x": 3218.0, "pixel_y": 4933.0, "easting": 538611.3, "northing": 375012.9, "epsg_source": 22391}}, {"type": "Feature", "geometry": {"type": "Point", "coordinates": [10.54014, 36.66294]}, "properties": {"record_id": "oai:u-bordeaux-montaigne.fr:340407", "symbol_class": "building", "pixel_x": 7528.9, "pixel_y": 4945.2, "easting": 557162.5, "northing": 373558.2, "epsg_source": 22391}}, {"type": "Feature", "geometry": {"type": "Point", "coordinates": [10.30194, 36.67847]}, "properties": {"record_id": "oai:u-bordeaux-montaigne.fr:340407", "symbol_class": "building", "pixel_x": 2581.2, "pixel_y": 4945.5, "easting": 535866.6, "northing": 375167.5, "epsg_source": 22391}}, {"type": "Feature", "geometry": {"type": "Point", "coordinates": [10.32465, 36.67703]}, "properties": {"record_id": "oai:u-bordeaux-montaigne.fr:340407", "symbol_class": "building", "pixel_x": 3052.8, "pixel_y": 4944.9, "easting": 537896.3, "northing": 375016.5, "epsg_source": 22391}}, {"type": "Feature", "geometry": {"type": "Point", "coordinates": [10.45366, 36.66861]}, "properties": {"record_id": "oai:u-bordeaux-montaigne.fr:340407", "symbol_class": "building", "pixel_x": 5732.5, "pixel_y": 4946.0, "easting": 549430.4, "northing": 374139.7, "epsg_source": 22391}}, {"type": "Feature", "geometry": {"type": "Point", "coordinates": [10.32357, 36.67705]}, "properties": {"record_id": "oai:u-bordeaux-montaigne.fr:340407", "symbol_class": "building", "pixel_x": 3030.5, "pixel_y": 4946.3, "easting": 537800.0, "northing": 375018.0, "epsg_source": 22391}}, {"type": "Feature", "geometry": {"type": "Point", "coordinates": [10.2391, 36.68211]}, "properties": {"record_id": "oai:u-bordeaux-montaigne.fr:340407", "symbol_class": "building", "pixel_x": 1277.1, "pixel_y": 4955.5, "easting": 530250.1, "northing": 375550.0, "epsg_source": 22391}}, {"type": "Feature", "geometry": {"type": "Point", "coordinates": [10.32224, 36.67699]}, "properties": {"record_id": "oai:u-bordeaux-montaigne.fr:340407", "symbol_class": "building", "pixel_x": 3003.1, "pixel_y": 4950.1, "easting": 537680.9, "northing": 375010.9, "epsg_source": 22391}}, {"type": "Feature", "geometry": {"type": "Point", "coordinates": [10.35992, 36.67437]}, "properties": {"record_id": "oai:u-bordeaux-montaigne.fr:340407", "symbol_class": "building", "pixel_x": 3786.1, "pixel_y": 4955.2, "easting": 541049.7, "northing": 374734.7, "epsg_source": 22391}}, {"type": "Feature", "geometry": {"type": "Point", "coordinates": [10.46078, 36.66755]}, "properties": {"record_id": "oai:u-bordeaux-montaigne.fr:340407", "symbol_class": "building", "pixel_x": 5881.6, "pixel_y": 4961.7, "easting": 550067.0, "northing": 374025.4, "epsg_source": 22391}}, {"type": "Feature", "geometry": {"type": "Point", "coordinates": [10.53847, 36.66263]}, "properties": {"record_id": "oai:u-bordeaux-montaigne.fr:340407", "symbol_class": "building", "pixel_x": 7495.1, "pixel_y": 4956.3, "easting": 557013.5, "northing": 373522.9, "epsg_source": 22391}}, {"type": "Feature", "geometry": {"type": "Point", "coordinates": [10.3191, 36.67706]}, "properties": {"record_id": "oai:u-bordeaux-montaigne.fr:340407", "symbol_class": "building", "pixel_x": 2938.2, "pixel_y": 4953.7, "easting": 537400.7, "northing": 375016.9, "epsg_source": 22391}}, {"type": "Feature", "geometry": {"type": "Point", "coordinates": [10.31809, 36.67705]}, "properties": {"record_id": "oai:u-bordeaux-montaigne.fr:340407", "symbol_class": "building", "pixel_x": 2917.4, "pixel_y": 4955.6, "easting": 537310.4, "northing": 375015.7, "epsg_source": 22391}}, {"type": "Feature", "geometry": {"type": "Point", "coordinates": [10.42723, 36.66975]}, "properties": {"record_id": "oai:u-bordeaux-montaigne.fr:340407", "symbol_class": "building", "pixel_x": 5184.6, "pixel_y": 4961.5, "easting": 547067.1, "northing": 374253.0, "epsg_source": 22391}}, {"type": "Feature", "geometry": {"type": "Point", "coordinates": [10.4568, 36.6678]}, "properties": {"record_id": "oai:u-bordeaux-montaigne.fr:340407", "symbol_class": "building", "pixel_x": 5798.8, "pixel_y": 4961.8, "easting": 549710.9, "northing": 374051.8, "epsg_source": 22391}}, {"type": "Feature", "geometry": {"type": "Point", "coordinates": [10.45425, 36.66798]}, "properties": {"record_id": "oai:u-bordeaux-montaigne.fr:340407", "symbol_class": "building", "pixel_x": 5746.0, "pixel_y": 4961.4, "easting": 549483.3, "northing": 374070.7, "epsg_source": 22391}}, {"type": "Feature", "geometry": {"type": "Point", "coordinates": [10.39357, 36.67158]}, "properties": {"record_id": "oai:u-bordeaux-montaigne.fr:340407", "symbol_class": "building", "pixel_x": 4486.2, "pixel_y": 4970.9, "easting": 544057.9, "northing": 374440.5, "epsg_source": 22391}}, {"type": "Feature", "geometry": {"type": "Point", "coordinates": [10.24022, 36.68144]}, "properties": {"record_id": "oai:u-bordeaux-montaigne.fr:340407", "symbol_class": "building", "pixel_x": 1301.4, "pixel_y": 4971.2, "easting": 530350.1, "northing": 375476.1, "epsg_source": 22391}}, {"type": "Feature", "geometry": {"type": "Point", "coordinates": [10.45679, 36.6674]}, "properties": {"record_id": "oai:u-bordeaux-montaigne.fr:340407", "symbol_class": "building", "pixel_x": 5799.5, "pixel_y": 4972.4, "easting": 549710.2, "northing": 374007.1, "epsg_source": 22391}}, {"type": "Feature", "geometry": {"type": "Point", "coordinates": [10.45988, 36.66732]}, "properties": {"record_id": "oai:u-bordeaux-montaigne.fr:340407", "symbol_class": "building", "pixel_x": 5863.5, "pixel_y": 4969.2, "easting": 549986.8, "northing": 373999.5, "epsg_source": 22391}}, {"type": "Feature", "geometry": {"type": "Point", "coordinates": [10.33996, 36.67485]}, "properties": {"record_id": "oai:u-bordeaux-montaigne.fr:340407", "symbol_class": "building", "pixel_x": 3373.2, "pixel_y": 4976.2, "easting": 539265.9, "northing": 374780.6, "epsg_source": 22391}}, {"type": "Feature", "geometry": {"type": "Point", "coordinates": [10.45828, 36.66733]}, "properties": {"record_id": "oai:u-bordeaux-montaigne.fr:340407", "symbol_class": "building", "pixel_x": 5830.5, "pixel_y": 4971.5, "easting": 549844.1, "northing": 374000.6, "epsg_source": 22391}}, {"type": "Feature", "geometry": {"type": "Point", "coordinates": [10.23963, 36.6813]}, "properties": {"record_id": "oai:u-bordeaux-montaigne.fr:340407", "symbol_class": "building", "pixel_x": 1289.5, "pixel_y": 4976.0, "easting": 530297.2, "northing": 375459.7, "epsg_source": 22391}}, {"type": "Feature", "geometry": {"type": "Point", "coordinates": [10.28158, 36.67852]}, "properties": {"record_id": "oai:u-bordeaux-montaigne.fr:340407", "symbol_class": "building", "pixel_x": 2161.0, "pixel_y": 4978.5, "easting": 534047.6, "northing": 375165.5, "epsg_source": 22391}}, {"type": "Feature", "geometry": {"type": "Point", "coordinates": [10.40482, 36.6705]}, "properties": {"record_id": "oai:u-bordeaux-montaigne.fr:340407", "symbol_class": "building", "pixel_x": 4720.6, "pixel_y": 4980.0, "easting": 545064.4, "northing": 374326.1, "epsg_source": 22391}}, {"type": "Feature", "geometry": {"type": "Point", "coordinates": [10.446, 36.66761]}, "properties": {"record_id": "oai:u-bordeaux-montaigne.fr:340407", "symbol_class": "building", "pixel_x": 5576.3, "pixel_y": 4985.5, "easting": 548745.8, "northing": 374024.5, "epsg_source": 22391}}, {"type": "Feature", "geometry": {"type": "Point", "coordinates": [10.35037, 36.6739]}, "properties": {"record_id": "oai:u-bordeaux-montaigne.fr:340407", "symbol_class": "building", "pixel_x": 3590.0, "pixel_y": 4983.5, "easting": 540196.5, "northing": 374679.4, "epsg_source": 22391}}, {"type": "Feature", "geometry": {"type": "Point", "coordinates": [10.34704, 36.67402]}, "properties": {"record_id": "oai:u-bordeaux-montaigne.fr:340407", "symbol_class": "building", "pixel_x": 3521.0, "pixel_y": 4986.1, "easting": 539898.9, "northing": 374690.9, "epsg_source": 22391}}, {"type": "Feature", "geometry": {"type": "Point", "coordinates": [10.45506, 36.66698]}, "properties": {"record_id": "oai:u-bordeaux-montaigne.fr:340407", "symbol_class": "building", "pixel_x": 5764.7, "pixel_y": 4986.4, "easting": 549556.3, "northing": 373959.5, "epsg_source": 22391}}, {"type": "Feature", "geometry": {"type": "Point", "coordinates": [10.31511, 36.67545]}, "properties": {"record_id": "oai:u-bordeaux-montaigne.fr:340407", "symbol_class": "building", "pixel_x": 2859.2, "pixel_y": 5002.7, "easting": 537045.2, "northing": 374836.5, "epsg_source": 22391}}, {"type": "Feature", "geometry": {"type": "Point", "coordinates": [10.41597, 36.66909]}, "properties": {"record_id": "oai:u-bordeaux-montaigne.fr:340407", "symbol_class": "building", "pixel_x": 4953.5, "pixel_y": 4998.0, "easting": 546061.1, "northing": 374174.4, "epsg_source": 22391}}, {"type": "Feature", "geometry": {"type": "Point", "coordinates": [10.34006, 36.67405]}, "properties": {"record_id": "oai:u-bordeaux-montaigne.fr:340407", "symbol_class": "building", "pixel_x": 3376.9, "pixel_y": 4997.1, "easting": 539275.4, "northing": 374691.4, "epsg_source": 22391}}, {"type": "Feature", "geometry": {"type": "Point", "coordinates": [10.34768, 36.67344]}, "properties": {"record_id": "oai:u-bordeaux-montaigne.fr:340407", "symbol_class": "building", "pixel_x": 3535.3, "pixel_y": 5000.1, "easting": 539956.0, "northing": 374627.3, "epsg_source": 22391}}, {"type": "Feature", "geometry": {"type": "Point", "coordinates": [10.57309, 36.65861]}, "properties": {"record_id": "oai:u-bordeaux-montaigne.fr:340407", "symbol_class": "building", "pixel_x": 8217.9, "pixel_y": 5001.4, "easting": 560110.5, "northing": 373097.8, "epsg_source": 22391}}, {"type": "Feature", "geometry": {"type": "Point", "coordinates": [10.2796, 36.67785]}, "properties": {"record_id": "oai:u-bordeaux-montaigne.fr:340407", "symbol_class": "building", "pixel_x": 2121.4, "pixel_y": 4999.4, "easting": 533870.5, "northing": 375090.6, "epsg_source": 22391}}, {"type": "Feature", "geometry": {"type": "Point", "coordinates": [10.43965, 36.66743]}, "properties": {"record_id": "oai:u-bordeaux-montaigne.fr:340407", "symbol_class": "building", "pixel_x": 5445.6, "pixel_y": 5001.1, "easting": 548178.3, "northing": 374001.6, "epsg_source": 22391}}, {"type": "Feature", "geometry": {"type": "Point", "coordinates": [10.45655, 36.6662]}, "properties": {"record_id": "oai:u-bordeaux-montaigne.fr:340407", "symbol_class": "building", "pixel_x": 5796.9, "pixel_y": 5004.1, "easting": 549689.4, "northing": 373874.2, "epsg_source": 22391}}, {"type": "Feature", "geometry": {"type": "Point", "coordinates": [10.34879, 36.67277]}, "properties": {"record_id": "oai:u-bordeaux-montaigne.fr:340407", "symbol_class": "building", "pixel_x": 3559.5, "pixel_y": 5016.0, "easting": 540055.4, "northing": 374552.8, "epsg_source": 22391}}, {"type": "Feature", "geometry": {"type": "Point", "coordinates": [10.38237, 36.67059]}, "properties": {"record_id": "oai:u-bordeaux-montaigne.fr:340407", "symbol_class": "building", "pixel_x": 4257.1, "pixel_y": 5016.1, "easting": 543057.9, "northing": 374325.0, "epsg_source": 22391}}, {"type": "Feature", "geometry": {"type": "Point", "coordinates": [10.43397, 36.6675]}, "properties": {"record_id": "oai:u-bordeaux-montaigne.fr:340407", "symbol_class": "building", "pixel_x": 5328.3, "pixel_y": 5008.9, "easting": 547670.7, "northing": 374006.8, "epsg_source": 22391}}, {"type": "Feature", "geometry": {"type": "Point", "coordinates": [10.43834, 36.66696]}, "properties": {"record_id": "oai:u-bordeaux-montaigne.fr:340407", "symbol_class": "building", "pixel_x": 5419.7, "pixel_y": 5015.5, "easting": 548062.1, "northing": 373949.0, "epsg_source": 22391}}, {"type": "Feature", "geometry": {"type": "Point", "coordinates": [10.45806, 36.66582]}, "properties": {"record_id": "oai:u-bordeaux-montaigne.fr:340407", "symbol_class": "building", "pixel_x": 5829.1, "pixel_y": 5011.6, "easting": 549825.4, "northing": 373832.5, "epsg_source": 22391}}, {"type": "Feature", "geometry": {"type": "Point", "coordinates": [10.39359, 36.66997]}, "properties": {"record_id": "oai:u-bordeaux-montaigne.fr:340407", "symbol_class": "building", "pixel_x": 4490.0, "pixel_y": 5013.2, "easting": 544061.2, "northing": 374261.4, "epsg_source": 22391}}, {"type": "Feature", "geometry": {"type": "Point", "coordinates": [10.56059, 36.6589]}, "properties": {"record_id": "oai:u-bordeaux-montaigne.fr:340407", "symbol_class": "building", "pixel_x": 7959.4, "pixel_y": 5015.5, "easting": 558993.5, "northing": 373122.6, "epsg_source": 22391}}, {"type": "Feature", "geometry": {"type": "Point", "coordinates": [10.43077, 36.66748]}, "properties": {"record_id": "oai:u-bordeaux-montaigne.fr:340407", "symbol_class": "building", "pixel_x": 5262.4, "pixel_y": 5014.9, "easting": 547385.2, "northing": 374002.9, "epsg_source": 22391}}, {"type": "Feature", "geometry": {"type": "Point", "coordinates": [10.27974, 36.67723]}, "properties": {"record_id": "oai:u-bordeaux-montaigne.fr:340407", "symbol_class": "building", "pixel_x": 2125.4, "pixel_y": 5015.6, "easting": 533882.9, "northing": 375021.2, "epsg_source": 22391}}, {"type": "Feature", "geometry": {"type": "Point", "coordinates": [10.43028, 36.6675]}, "properties": {"record_id": "oai:u-bordeaux-montaigne.fr:340407", "symbol_class": "building", "pixel_x": 5252.2, "pixel_y": 5015.2, "easting": 547341.4, "northing": 374004.9, "epsg_source": 22391}}, {"type": "Feature", "geometry": {"type": "Point", "coordinates": [10.5565, 36.65894]}, "properties": {"record_id": "oai:u-bordeaux-montaigne.fr:340407", "symbol_class": "building", "pixel_x": 7874.9, "pixel_y": 5021.6, "easting": 558628.0, "northing": 373124.3, "epsg_source": 22391}}, {"type": "Feature", "geometry": {"type": "Point", "coordinates": [10.42994, 36.66748]}, "properties": {"record_id": "oai:u-bordeaux-montaigne.fr:340407", "symbol_class": "building", "pixel_x": 5245.2, "pixel_y": 5016.2, "easting": 547310.7, "northing": 374003.0, "epsg_source": 22391}}, {"type": "Feature", "geometry": {"type": "Point", "coordinates": [10.4507, 36.66599]}, "properties": {"record_id": "oai:u-bordeaux-montaigne.fr:340407", "symbol_class": "building", "pixel_x": 5676.8, "pixel_y": 5019.7, "easting": 549167.4, "northing": 373847.7, "epsg_source": 22391}}, {"type": "Feature", "geometry": {"type": "Point", "coordinates": [10.45685, 36.66558]}, "properties": {"record_id": "oai:u-bordeaux-montaigne.fr:340407", "symbol_class": "building", "pixel_x": 5804.4, "pixel_y": 5020.1, "easting": 549716.7, "northing": 373804.8, "epsg_source": 22391}}, {"type": "Feature", "geometry": {"type": "Point", "coordinates": [10.27661, 36.67725]}, "properties": {"record_id": "oai:u-bordeaux-montaigne.fr:340407", "symbol_class": "building", "pixel_x": 2060.9, "pixel_y": 5020.1, "easting": 533603.9, "northing": 375023.2, "epsg_source": 22391}}, {"type": "Feature", "geometry": {"type": "Point", "coordinates": [10.45562, 36.66561]}, "properties": {"record_id": "oai:u-bordeaux-montaigne.fr:340407", "symbol_class": "building", "pixel_x": 5779.0, "pixel_y": 5021.2, "easting": 549606.9, "northing": 373808.3, "epsg_source": 22391}}, {"type": "Feature", "geometry": {"type": "Point", "coordinates": [10.2751, 36.67727]}, "properties": {"record_id": "oai:u-bordeaux-montaigne.fr:340407", "symbol_class": "building", "pixel_x": 2029.7, "pixel_y": 5022.2, "easting": 533468.9, "northing": 375024.5, "epsg_source": 22391}}, {"type": "Feature", "geometry": {"type": "Point", "coordinates": [10.42611, 36.66751]}, "properties": {"record_id": "oai:u-bordeaux-montaigne.fr:340407", "symbol_class": "building", "pixel_x": 5166.0, "pixel_y": 5022.0, "easting": 546968.2, "northing": 374004.5, "epsg_source": 22391}}, {"type": "Feature", "geometry": {"type": "Point", "coordinates": [10.5805, 36.65733]}, "properties": {"record_id": "oai:u-bordeaux-montaigne.fr:340407", "symbol_class": "building", "pixel_x": 8373.6, "pixel_y": 5022.1, "easting": 560774.4, "northing": 372960.1, "epsg_source": 22391}}, {"type": "Feature", "geometry": {"type": "Point", "coordinates": [10.27308, 36.67729]}, "properties": {"record_id": "oai:u-bordeaux-montaigne.fr:340407", "symbol_class": "building", "pixel_x": 1988.0, "pixel_y": 5025.0, "easting": 533288.5, "northing": 375026.2, "epsg_source": 22391}}, {"type": "Feature", "geometry": {"type": "Point", "coordinates": [10.27435, 36.67723]}, "properties": {"record_id": "oai:u-bordeaux-montaigne.fr:340407", "symbol_class": "building", "pixel_x": 2014.2, "pixel_y": 5024.5, "easting": 533401.3, "northing": 375019.7, "epsg_source": 22391}}, {"type": "Feature", "geometry": {"type": "Point", "coordinates": [10.57926, 36.65731]}, "properties": {"record_id": "oai:u-bordeaux-montaigne.fr:340407", "symbol_class": "building", "pixel_x": 8347.9, "pixel_y": 5024.7, "easting": 560663.1, "northing": 372957.3, "epsg_source": 22391}}, {"type": "Feature", "geometry": {"type": "Point", "coordinates": [10.34876, 36.6719]}, "properties": {"record_id": "oai:u-bordeaux-montaigne.fr:340407", "symbol_class": "building", "pixel_x": 3560.7, "pixel_y": 5038.8, "easting": 540053.5, "northing": 374456.2, "epsg_source": 22391}}, {"type": "Feature", "geometry": {"type": "Point", "coordinates": [10.52414, 36.66077]}, "properties": {"record_id": "oai:u-bordeaux-montaigne.fr:340407", "symbol_class": "building", "pixel_x": 7203.3, "pixel_y": 5029.8, "easting": 555734.5, "northing": 373308.5, "epsg_source": 22391}}, {"type": "Feature", "geometry": {"type": "Point", "coordinates": [10.45308, 36.66537]}, "properties": {"record_id": "oai:u-bordeaux-montaigne.fr:340407", "symbol_class": "building", "pixel_x": 5727.1, "pixel_y": 5032.0, "easting": 549380.3, "northing": 373779.8, "epsg_source": 22391}}, {"type": "Feature", "geometry": {"type": "Point", "coordinates": [10.2923, 36.67581]}, "properties": {"record_id": "oai:u-bordeaux-montaigne.fr:340407", "symbol_class": "building", "pixel_x": 2387.5, "pixel_y": 5031.5, "easting": 535005.9, "northing": 374868.9, "epsg_source": 22391}}, {"type": "Feature", "geometry": {"type": "Point", "coordinates": [10.57454, 36.65737]}, "properties": {"record_id": "oai:u-bordeaux-montaigne.fr:340407", "symbol_class": "building", "pixel_x": 8250.5, "pixel_y": 5031.5, "easting": 560241.6, "northing": 372960.5, "epsg_source": 22391}}, {"type": "Feature", "geometry": {"type": "Point", "coordinates": [10.26862, 36.67727]}, "properties": {"record_id": "oai:u-bordeaux-montaigne.fr:340407", "symbol_class": "building", "pixel_x": 1895.8, "pixel_y": 5033.0, "easting": 532889.2, "northing": 375022.6, "epsg_source": 22391}}, {"type": "Feature", "geometry": {"type": "Point", "coordinates": [10.41808, 36.6676]}, "properties": {"record_id": "oai:u-bordeaux-montaigne.fr:340407", "symbol_class": "building", "pixel_x": 5000.1, "pixel_y": 5033.6, "easting": 546250.5, "northing": 374009.7, "epsg_source": 22391}}, {"type": "Feature", "geometry": {"type": "Point", "coordinates": [10.57274, 36.65737]}, "properties": {"record_id": "oai:u-bordeaux-montaigne.fr:340407", "symbol_class": "building", "pixel_x": 8213.2, "pixel_y": 5034.6, "easting": 560080.3, "northing": 372959.7, "epsg_source": 22391}}, {"type": "Feature", "geometry": {"type": "Point", "coordinates": [10.29247, 36.67566]}, "properties": {"record_id": "oai:u-bordeaux-montaigne.fr:340407", "symbol_class": "building", "pixel_x": 2391.5, "pixel_y": 5035.3, "easting": 535021.9, "northing": 374851.6, "epsg_source": 22391}}, {"type": "Feature", "geometry": {"type": "Point", "coordinates": [10.41514, 36.66759]}, "properties": {"record_id": "oai:u-bordeaux-montaigne.fr:340407", "symbol_class": "building", "pixel_x": 4939.6, "pixel_y": 5038.8, "easting": 545988.3, "northing": 374007.4, "epsg_source": 22391}}, {"type": "Feature", "geometry": {"type": "Point", "coordinates": [10.31581, 36.67386]}, "properties": {"record_id": "oai:u-bordeaux-montaigne.fr:340407", "symbol_class": "building", "pixel_x": 2876.7, "pixel_y": 5043.2, "easting": 537108.0, "northing": 374660.4, "epsg_source": 22391}}, {"type": "Feature", "geometry": {"type": "Point", "coordinates": [10.41358, 36.6676]}, "properties": {"record_id": "oai:u-bordeaux-montaigne.fr:340407", "symbol_class": "building", "pixel_x": 4907.3, "pixel_y": 5041.2, "easting": 545848.6, "northing": 374007.9, "epsg_source": 22391}}, {"type": "Feature", "geometry": {"type": "Point", "coordinates": [10.43833, 36.66591]}, "properties": {"record_id": "oai:u-bordeaux-montaigne.fr:340407", "symbol_class": "building", "pixel_x": 5421.5, "pixel_y": 5043.2, "easting": 548061.4, "northing": 373832.3, "epsg_source": 22391}}, {"type": "Feature", "geometry": {"type": "Point", "coordinates": [10.38238, 36.66947]}, "properties": {"record_id": "oai:u-bordeaux-montaigne.fr:340407", "symbol_class": "building", "pixel_x": 4259.6, "pixel_y": 5045.4, "easting": 543059.7, "northing": 374201.2, "epsg_source": 22391}}, {"type": "Feature", "geometry": {"type": "Point", "coordinates": [10.40971, 36.66762]}, "properties": {"record_id": "oai:u-bordeaux-montaigne.fr:340407", "symbol_class": "building", "pixel_x": 4827.4, "pixel_y": 5047.3, "easting": 545502.6, "northing": 374008.3, "epsg_source": 22391}}, {"type": "Feature", "geometry": {"type": "Point", "coordinates": [10.41099, 36.66759]}, "properties": {"record_id": "oai:u-bordeaux-montaigne.fr:340407", "symbol_class": "building", "pixel_x": 4853.9, "pixel_y": 5045.8, "easting": 545617.5, "northing": 374005.8, "epsg_source": 22391}}, {"type": "Feature", "geometry": {"type": "Point", "coordinates": [10.55076, 36.65815]}, "properties": {"record_id": "oai:u-bordeaux-montaigne.fr:340407", "symbol_class": "building", "pixel_x": 7758.1, "pixel_y": 5052.5, "easting": 558115.7, "northing": 373032.6, "epsg_source": 22391}}, {"type": "Feature", "geometry": {"type": "Point", "coordinates": [10.4272, 36.66621]}, "properties": {"record_id": "oai:u-bordeaux-montaigne.fr:340407", "symbol_class": "building", "pixel_x": 5191.3, "pixel_y": 5054.4, "easting": 547066.9, "northing": 373860.0, "epsg_source": 22391}}, {"type": "Feature", "geometry": {"type": "Point", "coordinates": [10.25757, 36.67735]}, "properties": {"record_id": "oai:u-bordeaux-montaigne.fr:340407", "symbol_class": "building", "pixel_x": 1667.6, "pixel_y": 5049.4, "easting": 531901.8, "northing": 375027.9, "epsg_source": 22391}}, {"type": "Feature", "geometry": {"type": "Point", "coordinates": [10.45182, 36.66458]}, "properties": {"record_id": "oai:u-bordeaux-montaigne.fr:340407", "symbol_class": "building", "pixel_x": 5702.7, "pixel_y": 5054.8, "easting": 549268.0, "northing": 373691.8, "epsg_source": 22391}}, {"type": "Feature", "geometry": {"type": "Point", "coordinates": [10.43829, 36.66524]}, "properties": {"record_id": "oai:u-bordeaux-montaigne.fr:340407", "symbol_class": "building", "pixel_x": 5422.0, "pixel_y": 5060.7, "easting": 548058.0, "northing": 373758.2, "epsg_source": 22391}}, {"type": "Feature", "geometry": {"type": "Point", "coordinates": [10.40491, 36.66761]}, "properties": {"record_id": "oai:u-bordeaux-montaigne.fr:340407", "symbol_class": "building", "pixel_x": 4728.4, "pixel_y": 5055.8, "easting": 545074.2, "northing": 374004.8, "epsg_source": 22391}}, {"type": "Feature", "geometry": {"type": "Point", "coordinates": [10.34874, 36.67063]}, "properties": {"record_id": "oai:u-bordeaux-montaigne.fr:340407", "symbol_class": "building", "pixel_x": 3562.8, "pixel_y": 5072.0, "easting": 540052.2, "northing": 374316.1, "epsg_source": 22391}}, {"type": "Feature", "geometry": {"type": "Point", "coordinates": [10.55666, 36.65748]}, "properties": {"record_id": "oai:u-bordeaux-montaigne.fr:340407", "symbol_class": "building", "pixel_x": 7881.2, "pixel_y": 5059.6, "easting": 558643.3, "northing": 372962.7, "epsg_source": 22391}}, {"type": "Feature", "geometry": {"type": "Point", "coordinates": [10.27032, 36.67601]}, "properties": {"record_id": "oai:u-bordeaux-montaigne.fr:340407", "symbol_class": "building", "pixel_x": 1933.6, "pixel_y": 5063.2, "easting": 533042.3, "northing": 374883.3, "epsg_source": 22391}}, {"type": "Feature", "geometry": {"type": "Point", "coordinates": [10.45436, 36.66414]}, "properties": {"record_id": "oai:u-bordeaux-montaigne.fr:340407", "symbol_class": "building", "pixel_x": 5756.1, "pixel_y": 5061.9, "easting": 549495.7, "northing": 373644.6, "epsg_source": 22391}}, {"type": "Feature", "geometry": {"type": "Point", "coordinates": [10.55571, 36.65753]}, "properties": {"record_id": "oai:u-bordeaux-montaigne.fr:340407", "symbol_class": "building", "pixel_x": 7861.5, "pixel_y": 5060.0, "easting": 558558.4, "northing": 372967.1, "epsg_source": 22391}}, {"type": "Feature", "geometry": {"type": "Point", "coordinates": [10.55428, 36.65755]}, "properties": {"record_id": "oai:u-bordeaux-montaigne.fr:340407", "symbol_class": "building", "pixel_x": 7832.0, "pixel_y": 5062.0, "easting": 558430.7, "northing": 372968.5, "epsg_source": 22391}}, {"type": "Feature", "geometry": {"type": "Point", "coordinates": [10.55357, 36.65755]}, "properties": {"record_id": "oai:u-bordeaux-montaigne.fr:340407", "symbol_class": "building", "pixel_x": 7817.2, "pixel_y": 5063.3, "easting": 558366.5, "northing": 372967.8, "epsg_source": 22391}}, {"type": "Feature", "geometry": {"type": "Point", "coordinates": [10.55267, 36.65754]}, "properties": {"record_id": "oai:u-bordeaux-montaigne.fr:340407", "symbol_class": "building", "pixel_x": 7798.8, "pixel_y": 5065.0, "easting": 558286.9, "northing": 372966.8, "epsg_source": 22391}}, {"type": "Feature", "geometry": {"type": "Point", "coordinates": [10.39806, 36.66767]}, "properties": {"record_id": "oai:u-bordeaux-montaigne.fr:340407", "symbol_class": "building", "pixel_x": 4586.9, "pixel_y": 5065.9, "easting": 544461.9, "northing": 374008.4, "epsg_source": 22391}}, {"type": "Feature", "geometry": {"type": "Point", "coordinates": [10.42718, 36.66566]}, "properties": {"record_id": "oai:u-bordeaux-montaigne.fr:340407", "symbol_class": "building", "pixel_x": 5191.9, "pixel_y": 5068.7, "easting": 547065.2, "northing": 373799.6, "epsg_source": 22391}}, {"type": "Feature", "geometry": {"type": "Point", "coordinates": [10.54964, 36.65755]}, "properties": {"record_id": "oai:u-bordeaux-montaigne.fr:340407", "symbol_class": "building", "pixel_x": 7736.1, "pixel_y": 5070.0, "easting": 558015.5, "northing": 372965.8, "epsg_source": 22391}}, {"type": "Feature", "geometry": {"type": "Point", "coordinates": [10.54839, 36.65761]}, "properties": {"record_id": "oai:u-bordeaux-montaigne.fr:340407", "symbol_class": "building", "pixel_x": 7710.2, "pixel_y": 5070.7, "easting": 557903.9, "northing": 372971.5, "epsg_source": 22391}}, {"type": "Feature", "geometry": {"type": "Point", "coordinates": [10.54776, 36.65758]}, "properties": {"record_id": "oai:u-bordeaux-montaigne.fr:340407", "symbol_class": "building", "pixel_x": 7697.3, "pixel_y": 5072.5, "easting": 557847.6, "northing": 372968.2, "epsg_source": 22391}}, {"type": "Feature", "geometry": {"type": "Point", "coordinates": [10.54584, 36.6576]}, "properties": {"record_id": "oai:u-bordeaux-montaigne.fr:340407", "symbol_class": "building", "pixel_x": 7657.5, "pixel_y": 5075.4, "easting": 557675.6, "northing": 372968.8, "epsg_source": 22391}}, {"type": "Feature", "geometry": {"type": "Point", "coordinates": [10.37117, 36.66872]}, "properties": {"record_id": "oai:u-bordeaux-montaigne.fr:340407", "symbol_class": "building", "pixel_x": 4029.7, "pixel_y": 5084.0, "easting": 542058.0, "northing": 374113.7, "epsg_source": 22391}}, {"type": "Feature", "geometry": {"type": "Point", "coordinates": [10.2369, 36.67741]}, "properties": {"record_id": "oai:u-bordeaux-montaigne.fr:340407", "symbol_class": "building", "pixel_x": 1240.9, "pixel_y": 5082.4, "easting": 530054.9, "northing": 375028.0, "epsg_source": 22391}}, {"type": "Feature", "geometry": {"type": "Point", "coordinates": [10.2375, 36.67738]}, "properties": {"record_id": "oai:u-bordeaux-montaigne.fr:340407", "symbol_class": "building", "pixel_x": 1253.3, "pixel_y": 5082.3, "easting": 530108.4, "northing": 375024.3, "epsg_source": 22391}}, {"type": "Feature", "geometry": {"type": "Point", "coordinates": [10.29012, 36.67375]}, "properties": {"record_id": "oai:u-bordeaux-montaigne.fr:340407", "symbol_class": "building", "pixel_x": 2346.7, "pixel_y": 5089.2, "easting": 534812.1, "northing": 374639.5, "epsg_source": 22391}}, {"type": "Feature", "geometry": {"type": "Point", "coordinates": [10.28925, 36.67369]}, "properties": {"record_id": "oai:u-bordeaux-montaigne.fr:340407", "symbol_class": "building", "pixel_x": 2328.9, "pixel_y": 5092.3, "easting": 534734.7, "northing": 374632.1, "epsg_source": 22391}}, {"type": "Feature", "geometry": {"type": "Point", "coordinates": [10.38311, 36.66776]}, "properties": {"record_id": "oai:u-bordeaux-montaigne.fr:340407", "symbol_class": "building", "pixel_x": 4278.2, "pixel_y": 5088.9, "easting": 543125.8, "northing": 374012.0, "epsg_source": 22391}}, {"type": "Feature", "geometry": {"type": "Point", "coordinates": [10.53677, 36.65769]}, "properties": {"record_id": "oai:u-bordeaux-montaigne.fr:340407", "symbol_class": "building", "pixel_x": 7470.2, "pixel_y": 5088.7, "easting": 556864.9, "northing": 372973.9, "epsg_source": 22391}}, {"type": "Feature", "geometry": {"type": "Point", "coordinates": [10.41595, 36.66519]}, "properties": {"record_id": "oai:u-bordeaux-montaigne.fr:340407", "symbol_class": "building", "pixel_x": 4961.2, "pixel_y": 5100.3, "easting": 546062.2, "northing": 373741.8, "epsg_source": 22391}}, {"type": "Feature", "geometry": {"type": "Point", "coordinates": [10.53407, 36.65771]}, "properties": {"record_id": "oai:u-bordeaux-montaigne.fr:340407", "symbol_class": "building", "pixel_x": 7414.6, "pixel_y": 5092.9, "easting": 556624.4, "northing": 372974.5, "epsg_source": 22391}}, {"type": "Feature", "geometry": {"type": "Point", "coordinates": [10.38095, 36.66773]}, "properties": {"record_id": "oai:u-bordeaux-montaigne.fr:340407", "symbol_class": "building", "pixel_x": 4233.5, "pixel_y": 5093.5, "easting": 542932.1, "northing": 374007.2, "epsg_source": 22391}}, {"type": "Feature", "geometry": {"type": "Point", "coordinates": [10.52797, 36.65803]}, "properties": {"record_id": "oai:u-bordeaux-montaigne.fr:340407", "symbol_class": "building", "pixel_x": 7288.0, "pixel_y": 5095.0, "easting": 556078.9, "northing": 373006.7, "epsg_source": 22391}}, {"type": "Feature", "geometry": {"type": "Point", "coordinates": [10.53179, 36.65771]}, "properties": {"record_id": "oai:u-bordeaux-montaigne.fr:340407", "symbol_class": "building", "pixel_x": 7367.3, "pixel_y": 5097.0, "easting": 556419.8, "northing": 372972.6, "epsg_source": 22391}}, {"type": "Feature", "geometry": {"type": "Point", "coordinates": [10.53016, 36.65774]}, "properties": {"record_id": "oai:u-bordeaux-montaigne.fr:340407", "symbol_class": "building", "pixel_x": 7333.7, "pixel_y": 5099.0, "easting": 556274.5, "northing": 372974.9, "epsg_source": 22391}}, {"type": "Feature", "geometry": {"type": "Point", "coordinates": [10.3599, 36.66869]}, "properties": {"record_id": "oai:u-bordeaux-montaigne.fr:340407", "symbol_class": "building", "pixel_x": 3797.1, "pixel_y": 5104.0, "easting": 541050.6, "northing": 374104.9, "epsg_source": 22391}}, {"type": "Feature", "geometry": {"type": "Point", "coordinates": [10.37437, 36.66783]}, "properties": {"record_id": "oai:u-bordeaux-montaigne.fr:340407", "symbol_class": "building", "pixel_x": 4097.6, "pixel_y": 5102.1, "easting": 542344.4, "northing": 374015.4, "epsg_source": 22391}}, {"type": "Feature", "geometry": {"type": "Point", "coordinates": [10.48482, 36.6603]}, "properties": {"record_id": "oai:u-bordeaux-montaigne.fr:340407", "symbol_class": "building", "pixel_x": 6392.7, "pixel_y": 5110.1, "easting": 552220.6, "northing": 373234.7, "epsg_source": 22391}}, {"type": "Feature", "geometry": {"type": "Point", "coordinates": [10.37393, 36.66783]}, "properties": {"record_id": "oai:u-bordeaux-montaigne.fr:340407", "symbol_class": "building", "pixel_x": 4088.5, "pixel_y": 5102.8, "easting": 542305.0, "northing": 374015.1, "epsg_source": 22391}}, {"type": "Feature", "geometry": {"type": "Point", "coordinates": [10.28923, 36.67313]}, "properties": {"record_id": "oai:u-bordeaux-montaigne.fr:340407", "symbol_class": "building", "pixel_x": 2329.7, "pixel_y": 5107.0, "easting": 534733.5, "northing": 374570.1, "epsg_source": 22391}}, {"type": "Feature", "geometry": {"type": "Point", "coordinates": [10.31512, 36.67131]}, "properties": {"record_id": "oai:u-bordeaux-montaigne.fr:340407", "symbol_class": "building", "pixel_x": 2867.6, "pixel_y": 5111.2, "easting": 537047.3, "northing": 374377.2, "epsg_source": 22391}}, {"type": "Feature", "geometry": {"type": "Point", "coordinates": [10.36991, 36.66783]}, "properties": {"record_id": "oai:u-bordeaux-montaigne.fr:340407", "symbol_class": "building", "pixel_x": 4005.6, "pixel_y": 5109.5, "easting": 541946.2, "northing": 374014.2, "epsg_source": 22391}}, {"type": "Feature", "geometry": {"type": "Point", "coordinates": [10.55076, 36.65586]}, "properties": {"record_id": "oai:u-bordeaux-montaigne.fr:340407", "symbol_class": "building", "pixel_x": 7762.7, "pixel_y": 5112.3, "easting": 558116.9, "northing": 372779.4, "epsg_source": 22391}}, {"type": "Feature", "geometry": {"type": "Point", "coordinates": [10.48692, 36.65991]}, "properties": {"record_id": "oai:u-bordeaux-montaigne.fr:340407", "symbol_class": "building", "pixel_x": 6436.8, "pixel_y": 5116.7, "easting": 552408.3, "northing": 373192.4, "epsg_source": 22391}}, {"type": "Feature", "geometry": {"type": "Point", "coordinates": [10.41599, 36.66437]}, "properties": {"record_id": "oai:u-bordeaux-montaigne.fr:340407", "symbol_class": "building", "pixel_x": 4963.6, "pixel_y": 5121.8, "easting": 546065.6, "northing": 373650.8, "epsg_source": 22391}}, {"type": "Feature", "geometry": {"type": "Point", "coordinates": [10.43826, 36.66276]}, "properties": {"record_id": "oai:u-bordeaux-montaigne.fr:340407", "symbol_class": "building", "pixel_x": 5426.7, "pixel_y": 5125.9, "easting": 548057.7, "northing": 373482.7, "epsg_source": 22391}}, {"type": "Feature", "geometry": {"type": "Point", "coordinates": [10.35987, 36.66798]}, "properties": {"record_id": "oai:u-bordeaux-montaigne.fr:340407", "symbol_class": "building", "pixel_x": 3798.1, "pixel_y": 5122.6, "easting": 541048.8, "northing": 374026.3, "epsg_source": 22391}}, {"type": "Feature", "geometry": {"type": "Point", "coordinates": [10.42716, 36.66338]}, "properties": {"record_id": "oai:u-bordeaux-montaigne.fr:340407", "symbol_class": "building", "pixel_x": 5196.2, "pixel_y": 5128.6, "easting": 547064.8, "northing": 373546.1, "epsg_source": 22391}}, {"type": "Feature", "geometry": {"type": "Point", "coordinates": [10.51395, 36.65781]}, "properties": {"record_id": "oai:u-bordeaux-montaigne.fr:340407", "symbol_class": "building", "pixel_x": 6998.9, "pixel_y": 5125.2, "easting": 554825.2, "northing": 372973.9, "epsg_source": 22391}}, {"type": "Feature", "geometry": {"type": "Point", "coordinates": [10.35886, 36.66794]}, "properties": {"record_id": "oai:u-bordeaux-montaigne.fr:340407", "symbol_class": "building", "pixel_x": 3777.3, "pixel_y": 5125.4, "easting": 540958.6, "northing": 374021.7, "epsg_source": 22391}}, {"type": "Feature", "geometry": {"type": "Point", "coordinates": [10.35948, 36.66789]}, "properties": {"record_id": "oai:u-bordeaux-montaigne.fr:340407", "symbol_class": "building", "pixel_x": 3790.1, "pixel_y": 5125.8, "easting": 541013.5, "northing": 374015.9, "epsg_source": 22391}}, {"type": "Feature", "geometry": {"type": "Point", "coordinates": [10.42819, 36.66325]}, "properties": {"record_id": "oai:u-bordeaux-montaigne.fr:340407", "symbol_class": "building", "pixel_x": 5217.7, "pixel_y": 5130.1, "easting": 547156.9, "northing": 373532.7, "epsg_source": 22391}}, {"type": "Feature", "geometry": {"type": "Point", "coordinates": [10.37114, 36.66683]}, "properties": {"record_id": "oai:u-bordeaux-montaigne.fr:340407", "symbol_class": "building", "pixel_x": 4033.0, "pixel_y": 5133.8, "easting": 542056.5, "northing": 373903.0, "epsg_source": 22391}}, {"type": "Feature", "geometry": {"type": "Point", "coordinates": [10.28171, 36.67224]}, "properties": {"record_id": "oai:u-bordeaux-montaigne.fr:340407", "symbol_class": "building", "pixel_x": 2176.1, "pixel_y": 5143.1, "easting": 534061.1, "northing": 374468.4, "epsg_source": 22391}}, {"type": "Feature", "geometry": {"type": "Point", "coordinates": [10.42869, 36.66275]}, "properties": {"record_id": "oai:u-bordeaux-montaigne.fr:340407", "symbol_class": "building", "pixel_x": 5229.1, "pixel_y": 5142.4, "easting": 547202.1, "northing": 373477.6, "epsg_source": 22391}}, {"type": "Feature", "geometry": {"type": "Point", "coordinates": [10.27269, 36.67296]}, "properties": {"record_id": "oai:u-bordeaux-montaigne.fr:340407", "symbol_class": "building", "pixel_x": 1988.5, "pixel_y": 5139.2, "easting": 533254.9, "northing": 374545.7, "epsg_source": 22391}}, {"type": "Feature", "geometry": {"type": "Point", "coordinates": [10.34868, 36.66814]}, "properties": {"record_id": "oai:u-bordeaux-montaigne.fr:340407", "symbol_class": "building", "pixel_x": 3566.6, "pixel_y": 5137.4, "easting": 540048.0, "northing": 374039.7, "epsg_source": 22391}}, {"type": "Feature", "geometry": {"type": "Point", "coordinates": [10.35243, 36.66792]}, "properties": {"record_id": "oai:u-bordeaux-montaigne.fr:340407", "symbol_class": "building", "pixel_x": 3644.5, "pixel_y": 5137.0, "easting": 540383.2, "northing": 374016.0, "epsg_source": 22391}}, {"type": "Feature", "geometry": {"type": "Point", "coordinates": [10.50671, 36.65784]}, "properties": {"record_id": "oai:u-bordeaux-montaigne.fr:340407", "symbol_class": "building", "pixel_x": 6849.6, "pixel_y": 5136.9, "easting": 554178.7, "northing": 372973.4, "epsg_source": 22391}}, {"type": "Feature", "geometry": {"type": "Point", "coordinates": [10.42552, 36.66292]}, "properties": {"record_id": "oai:u-bordeaux-montaigne.fr:340407", "symbol_class": "building", "pixel_x": 5163.3, "pixel_y": 5143.4, "easting": 546918.8, "northing": 373494.6, "epsg_source": 22391}}, {"type": "Feature", "geometry": {"type": "Point", "coordinates": [10.42716, 36.66284]}, "properties": {"record_id": "oai:u-bordeaux-montaigne.fr:340407", "symbol_class": "building", "pixel_x": 5197.3, "pixel_y": 5142.7, "easting": 547065.1, "northing": 373486.7, "epsg_source": 22391}}, {"type": "Feature", "geometry": {"type": "Point", "coordinates": [10.27316, 36.67277]}, "properties": {"record_id": "oai:u-bordeaux-montaigne.fr:340407", "symbol_class": "building", "pixel_x": 1998.6, "pixel_y": 5143.6, "easting": 533297.0, "northing": 374524.0, "epsg_source": 22391}}, {"type": "Feature", "geometry": {"type": "Point", "coordinates": [10.35015, 36.66791]}, "properties": {"record_id": "oai:u-bordeaux-montaigne.fr:340407", "symbol_class": "building", "pixel_x": 3597.4, "pixel_y": 5140.9, "easting": 540179.5, "northing": 374014.8, "epsg_source": 22391}}, {"type": "Feature", "geometry": {"type": "Point", "coordinates": [10.41594, 36.66321]}, "properties": {"record_id": "oai:u-bordeaux-montaigne.fr:340407", "symbol_class": "building", "pixel_x": 4965.0, "pixel_y": 5152.3, "easting": 546062.4, "northing": 373521.9, "epsg_source": 22391}}, {"type": "Feature", "geometry": {"type": "Point", "coordinates": [10.49904, 36.658]}, "properties": {"record_id": "oai:u-bordeaux-montaigne.fr:340407", "symbol_class": "building", "pixel_x": 6690.8, "pixel_y": 5146.0, "easting": 553492.6, "northing": 372986.6, "epsg_source": 22391}}, {"type": "Feature", "geometry": {"type": "Point", "coordinates": [10.42263, 36.66288]}, "properties": {"record_id": "oai:u-bordeaux-montaigne.fr:340407", "symbol_class": "building", "pixel_x": 5103.6, "pixel_y": 5149.3, "easting": 546659.9, "northing": 373489.1, "epsg_source": 22391}}, {"type": "Feature", "geometry": {"type": "Point", "coordinates": [10.2709, 36.67266]}, "properties": {"record_id": "oai:u-bordeaux-montaigne.fr:340407", "symbol_class": "building", "pixel_x": 1952.2, "pixel_y": 5150.0, "easting": 533095.1, "northing": 374511.9, "epsg_source": 22391}}, {"type": "Feature", "geometry": {"type": "Point", "coordinates": [10.42488, 36.66257]}, "properties": {"record_id": "oai:u-bordeaux-montaigne.fr:340407", "symbol_class": "building", "pixel_x": 5150.9, "pixel_y": 5153.6, "easting": 546862.0, "northing": 373455.8, "epsg_source": 22391}}, {"type": "Feature", "geometry": {"type": "Point", "coordinates": [10.31584, 36.66967]}, "properties": {"record_id": "oai:u-bordeaux-montaigne.fr:340407", "symbol_class": "building", "pixel_x": 2885.8, "pixel_y": 5153.0, "easting": 537112.6, "northing": 374195.6, "epsg_source": 22391}}, {"type": "Feature", "geometry": {"type": "Point", "coordinates": [10.28287, 36.67155]}, "properties": {"record_id": "oai:u-bordeaux-montaigne.fr:340407", "symbol_class": "building", "pixel_x": 2201.5, "pixel_y": 5159.1, "easting": 534165.3, "northing": 374392.7, "epsg_source": 22391}}, {"type": "Feature", "geometry": {"type": "Point", "coordinates": [10.3162, 36.66949]}, "properties": {"record_id": "oai:u-bordeaux-montaigne.fr:340407", "symbol_class": "building", "pixel_x": 2893.5, "pixel_y": 5157.0, "easting": 537144.8, "northing": 374176.3, "epsg_source": 22391}}, {"type": "Feature", "geometry": {"type": "Point", "coordinates": [10.4931, 36.65797]}, "properties": {"record_id": "oai:u-bordeaux-montaigne.fr:340407", "symbol_class": "building", "pixel_x": 6568.3, "pixel_y": 5157.1, "easting": 552961.8, "northing": 372979.6, "epsg_source": 22391}}, {"type": "Feature", "geometry": {"type": "Point", "coordinates": [10.3166, 36.66938]}, "properties": {"record_id": "oai:u-bordeaux-montaigne.fr:340407", "symbol_class": "building", "pixel_x": 2902.1, "pixel_y": 5159.1, "easting": 537181.0, "northing": 374164.6, "epsg_source": 22391}}, {"type": "Feature", "geometry": {"type": "Point", "coordinates": [10.49233, 36.65798]}, "properties": {"record_id": "oai:u-bordeaux-montaigne.fr:340407", "symbol_class": "building", "pixel_x": 6552.5, "pixel_y": 5158.2, "easting": 552893.4, "northing": 372980.3, "epsg_source": 22391}}, {"type": "Feature", "geometry": {"type": "Point", "coordinates": [10.4225, 36.66234]}, "properties": {"record_id": "oai:u-bordeaux-montaigne.fr:340407", "symbol_class": "building", "pixel_x": 5102.1, "pixel_y": 5163.7, "easting": 546648.9, "northing": 373429.1, "epsg_source": 22391}}, {"type": "Feature", "geometry": {"type": "Point", "coordinates": [10.31735, 36.66907]}, "properties": {"record_id": "oai:u-bordeaux-montaigne.fr:340407", "symbol_class": "building", "pixel_x": 2918.2, "pixel_y": 5166.1, "easting": 537248.0, "northing": 374130.1, "epsg_source": 22391}}, {"type": "Feature", "geometry": {"type": "Point", "coordinates": [10.3332, 36.66803]}, "properties": {"record_id": "oai:u-bordeaux-montaigne.fr:340407", "symbol_class": "building", "pixel_x": 3247.5, "pixel_y": 5166.5, "easting": 538665.4, "northing": 374021.1, "epsg_source": 22391}}, {"type": "Feature", "geometry": {"type": "Point", "coordinates": [10.31789, 36.66891]}, "properties": {"record_id": "oai:u-bordeaux-montaigne.fr:340407", "symbol_class": "building", "pixel_x": 2929.6, "pixel_y": 5169.4, "easting": 537296.0, "northing": 374112.5, "epsg_source": 22391}}, {"type": "Feature", "geometry": {"type": "Point", "coordinates": [10.33015, 36.668]}, "properties": {"record_id": "oai:u-bordeaux-montaigne.fr:340407", "symbol_class": "building", "pixel_x": 3184.6, "pixel_y": 5172.6, "easting": 538392.8, "northing": 374016.0, "epsg_source": 22391}}, {"type": "Feature", "geometry": {"type": "Point", "coordinates": [10.32812, 36.66802]}, "properties": {"record_id": "oai:u-bordeaux-montaigne.fr:340407", "symbol_class": "building", "pixel_x": 3142.5, "pixel_y": 5175.5, "easting": 538210.7, "northing": 374017.6, "epsg_source": 22391}}, {"type": "Feature", "geometry": {"type": "Point", "coordinates": [10.26946, 36.67173]}, "properties": {"record_id": "oai:u-bordeaux-montaigne.fr:340407", "symbol_class": "building", "pixel_x": 1924.3, "pixel_y": 5177.0, "easting": 532966.9, "northing": 374407.8, "epsg_source": 22391}}, {"type": "Feature", "geometry": {"type": "Point", "coordinates": [10.32684, 36.66803]}, "properties": {"record_id": "oai:u-bordeaux-montaigne.fr:340407", "symbol_class": "building", "pixel_x": 3116.1, "pixel_y": 5177.3, "easting": 538096.6, "northing": 374018.6, "epsg_source": 22391}}, {"type": "Feature", "geometry": {"type": "Point", "coordinates": [10.42428, 36.66162]}, "properties": {"record_id": "oai:u-bordeaux-montaigne.fr:340407", "symbol_class": "building", "pixel_x": 5140.4, "pixel_y": 5179.5, "easting": 546808.7, "northing": 373350.1, "epsg_source": 22391}}, {"type": "Feature", "geometry": {"type": "Point", "coordinates": [10.32507, 36.66806]}, "properties": {"record_id": "oai:u-bordeaux-montaigne.fr:340407", "symbol_class": "building", "pixel_x": 3079.5, "pixel_y": 5179.4, "easting": 537938.1, "northing": 374021.4, "epsg_source": 22391}}, {"type": "Feature", "geometry": {"type": "Point", "coordinates": [10.26498, 36.67171]}, "properties": {"record_id": "oai:u-bordeaux-montaigne.fr:340407", "symbol_class": "building", "pixel_x": 1831.8, "pixel_y": 5185.1, "easting": 532566.3, "northing": 374403.8, "epsg_source": 22391}}, {"type": "Feature", "geometry": {"type": "Point", "coordinates": [10.3151, 36.66852]}, "properties": {"record_id": "oai:u-bordeaux-montaigne.fr:340407", "symbol_class": "building", "pixel_x": 2872.8, "pixel_y": 5184.2, "easting": 537047.2, "northing": 374068.4, "epsg_source": 22391}}, {"type": "Feature", "geometry": {"type": "Point", "coordinates": [10.38233, 36.66382]}, "properties": {"record_id": "oai:u-bordeaux-montaigne.fr:340407", "symbol_class": "building", "pixel_x": 4270.0, "pixel_y": 5193.5, "easting": 543057.9, "northing": 373574.6, "epsg_source": 22391}}, {"type": "Feature", "geometry": {"type": "Point", "coordinates": [10.32107, 36.6681]}, "properties": {"record_id": "oai:u-bordeaux-montaigne.fr:340407", "symbol_class": "building", "pixel_x": 2996.9, "pixel_y": 5185.3, "easting": 537580.9, "northing": 374023.6, "epsg_source": 22391}}, {"type": "Feature", "geometry": {"type": "Point", "coordinates": [10.32169, 36.66807]}, "properties": {"record_id": "oai:u-bordeaux-montaigne.fr:340407", "symbol_class": "building", "pixel_x": 3009.8, "pixel_y": 5184.9, "easting": 537636.5, "northing": 374021.2, "epsg_source": 22391}}, {"type": "Feature", "geometry": {"type": "Point", "coordinates": [10.37114, 36.66451]}, "properties": {"record_id": "oai:u-bordeaux-montaigne.fr:340407", "symbol_class": "building", "pixel_x": 4037.7, "pixel_y": 5194.6, "easting": 542057.8, "northing": 373645.8, "epsg_source": 22391}}, {"type": "Feature", "geometry": {"type": "Point", "coordinates": [10.2668, 36.67137]}, "properties": {"record_id": "oai:u-bordeaux-montaigne.fr:340407", "symbol_class": "building", "pixel_x": 1870.1, "pixel_y": 5190.9, "easting": 532729.0, "northing": 374367.0, "epsg_source": 22391}}, {"type": "Feature", "geometry": {"type": "Point", "coordinates": [10.40486, 36.66244]}, "properties": {"record_id": "oai:u-bordeaux-montaigne.fr:340407", "symbol_class": "building", "pixel_x": 4737.8, "pixel_y": 5191.2, "easting": 545072.2, "northing": 373432.1, "epsg_source": 22391}}, {"type": "Feature", "geometry": {"type": "Point", "coordinates": [10.31722, 36.66809]}, "properties": {"record_id": "oai:u-bordeaux-montaigne.fr:340407", "symbol_class": "building", "pixel_x": 2917.4, "pixel_y": 5192.0, "easting": 537236.4, "northing": 374021.5, "epsg_source": 22391}}, {"type": "Feature", "geometry": {"type": "Point", "coordinates": [10.4315, 36.66065]}, "properties": {"record_id": "oai:u-bordeaux-montaigne.fr:340407", "symbol_class": "building", "pixel_x": 5291.5, "pixel_y": 5192.7, "easting": 547454.8, "northing": 373245.4, "epsg_source": 22391}}, {"type": "Feature", "geometry": {"type": "Point", "coordinates": [10.43829, 36.66003]}, "properties": {"record_id": "oai:u-bordeaux-montaigne.fr:340407", "symbol_class": "building", "pixel_x": 5432.7, "pixel_y": 5197.4, "easting": 548061.4, "northing": 373179.9, "epsg_source": 22391}}, {"type": "Feature", "geometry": {"type": "Point", "coordinates": [10.31431, 36.66806]}, "properties": {"record_id": "oai:u-bordeaux-montaigne.fr:340407", "symbol_class": "building", "pixel_x": 2857.4, "pixel_y": 5197.6, "easting": 536976.6, "northing": 374017.3, "epsg_source": 22391}}, {"type": "Feature", "geometry": {"type": "Point", "coordinates": [10.46414, 36.65823]}, "properties": {"record_id": "oai:u-bordeaux-montaigne.fr:340407", "symbol_class": "building", "pixel_x": 5970.0, "pixel_y": 5200.2, "easting": 550373.1, "northing": 372993.4, "epsg_source": 22391}}, {"type": "Feature", "geometry": {"type": "Point", "coordinates": [10.32116, 36.6675]}, "properties": {"record_id": "oai:u-bordeaux-montaigne.fr:340407", "symbol_class": "building", "pixel_x": 3000.1, "pixel_y": 5200.9, "easting": 537589.6, "northing": 373957.1, "epsg_source": 22391}}, {"type": "Feature", "geometry": {"type": "Point", "coordinates": [10.32631, 36.6669]}, "properties": {"record_id": "oai:u-bordeaux-montaigne.fr:340407", "symbol_class": "building", "pixel_x": 3107.5, "pixel_y": 5207.7, "easting": 538049.9, "northing": 373893.3, "epsg_source": 22391}}, {"type": "Feature", "geometry": {"type": "Point", "coordinates": [10.39357, 36.66253]}, "properties": {"record_id": "oai:u-bordeaux-montaigne.fr:340407", "symbol_class": "building", "pixel_x": 4504.5, "pixel_y": 5208.2, "easting": 544062.9, "northing": 373436.7, "epsg_source": 22391}}, {"type": "Feature", "geometry": {"type": "Point", "coordinates": [10.32162, 36.6673]}, "properties": {"record_id": "oai:u-bordeaux-montaigne.fr:340407", "symbol_class": "building", "pixel_x": 3009.8, "pixel_y": 5205.3, "easting": 537630.2, "northing": 373935.2, "epsg_source": 22391}}, {"type": "Feature", "geometry": {"type": "Point", "coordinates": [10.51706, 36.65433]}, "properties": {"record_id": "oai:u-bordeaux-montaigne.fr:340407", "symbol_class": "building", "pixel_x": 7070.5, "pixel_y": 5211.0, "easting": 555106.3, "northing": 372589.8, "epsg_source": 22391}}, {"type": "Feature", "geometry": {"type": "Point", "coordinates": [10.33179, 36.66612]}, "properties": {"record_id": "oai:u-bordeaux-montaigne.fr:340407", "symbol_class": "building", "pixel_x": 3222.2, "pixel_y": 5218.9, "easting": 538540.2, "northing": 373809.0, "epsg_source": 22391}}, {"type": "Feature", "geometry": {"type": "Point", "coordinates": [10.32238, 36.66691]}, "properties": {"record_id": "oai:u-bordeaux-montaigne.fr:340407", "symbol_class": "building", "pixel_x": 3026.2, "pixel_y": 5214.1, "easting": 537698.2, "northing": 373892.8, "epsg_source": 22391}}, {"type": "Feature", "geometry": {"type": "Point", "coordinates": [10.3021, 36.66816]}, "properties": {"record_id": "oai:u-bordeaux-montaigne.fr:340407", "symbol_class": "building", "pixel_x": 2605.3, "pixel_y": 5215.7, "easting": 535885.8, "northing": 374023.1, "epsg_source": 22391}}, {"type": "Feature", "geometry": {"type": "Point", "coordinates": [10.30146, 36.66816]}, "properties": {"record_id": "oai:u-bordeaux-montaigne.fr:340407", "symbol_class": "building", "pixel_x": 2591.9, "pixel_y": 5216.6, "easting": 535827.9, "northing": 374023.7, "epsg_source": 22391}}, {"type": "Feature", "geometry": {"type": "Point", "coordinates": [10.34869, 36.66497]}, "properties": {"record_id": "oai:u-bordeaux-montaigne.fr:340407", "symbol_class": "building", "pixel_x": 3573.4, "pixel_y": 5220.5, "easting": 540051.0, "northing": 373687.7, "epsg_source": 22391}}, {"type": "Feature", "geometry": {"type": "Point", "coordinates": [10.40482, 36.6612]}, "properties": {"record_id": "oai:u-bordeaux-montaigne.fr:340407", "symbol_class": "building", "pixel_x": 4739.6, "pixel_y": 5224.0, "easting": 545069.8, "northing": 373293.7, "epsg_source": 22391}}, {"type": "Feature", "geometry": {"type": "Point", "coordinates": [10.35991, 36.66415]}, "properties": {"record_id": "oai:u-bordeaux-montaigne.fr:340407", "symbol_class": "building", "pixel_x": 3806.5, "pixel_y": 5223.0, "easting": 541053.8, "northing": 373601.5, "epsg_source": 22391}}, {"type": "Feature", "geometry": {"type": "Point", "coordinates": [10.29816, 36.66816]}, "properties": {"record_id": "oai:u-bordeaux-montaigne.fr:340407", "symbol_class": "building", "pixel_x": 2523.9, "pixel_y": 5222.2, "easting": 535533.2, "northing": 374022.5, "epsg_source": 22391}}, {"type": "Feature", "geometry": {"type": "Point", "coordinates": [10.44999, 36.65834]}, "properties": {"record_id": "oai:u-bordeaux-montaigne.fr:340407", "symbol_class": "building", "pixel_x": 5677.7, "pixel_y": 5221.7, "easting": 549108.4, "northing": 372998.0, "epsg_source": 22391}}, {"type": "Feature", "geometry": {"type": "Point", "coordinates": [10.29572, 36.6682]}, "properties": {"record_id": "oai:u-bordeaux-montaigne.fr:340407", "symbol_class": "building", "pixel_x": 2473.4, "pixel_y": 5225.3, "easting": 535315.3, "northing": 374025.7, "epsg_source": 22391}}, {"type": "Feature", "geometry": {"type": "Point", "coordinates": [10.44702, 36.65839]}, "properties": {"record_id": "oai:u-bordeaux-montaigne.fr:340407", "symbol_class": "building", "pixel_x": 5616.2, "pixel_y": 5225.2, "easting": 548842.6, "northing": 373003.0, "epsg_source": 22391}}, {"type": "Feature", "geometry": {"type": "Point", "coordinates": [10.43824, 36.65887]}, "properties": {"record_id": "oai:u-bordeaux-montaigne.fr:340407", "symbol_class": "building", "pixel_x": 5434.1, "pixel_y": 5227.7, "easting": 548057.9, "northing": 373051.9, "epsg_source": 22391}}, {"type": "Feature", "geometry": {"type": "Point", "coordinates": [10.26676, 36.66998]}, "properties": {"record_id": "oai:u-bordeaux-montaigne.fr:340407", "symbol_class": "building", "pixel_x": 1872.2, "pixel_y": 5227.4, "easting": 532726.6, "northing": 374212.5, "epsg_source": 22391}}, {"type": "Feature", "geometry": {"type": "Point", "coordinates": [10.29485, 36.66818]}, "properties": {"record_id": "oai:u-bordeaux-montaigne.fr:340407", "symbol_class": "building", "pixel_x": 2455.5, "pixel_y": 5227.5, "easting": 535237.4, "northing": 374022.5, "epsg_source": 22391}}, {"type": "Feature", "geometry": {"type": "Point", "coordinates": [10.44581, 36.65837]}, "properties": {"record_id": "oai:u-bordeaux-montaigne.fr:340407", "symbol_class": "building", "pixel_x": 5591.5, "pixel_y": 5228.0, "easting": 548735.2, "northing": 372999.5, "epsg_source": 22391}}, {"type": "Feature", "geometry": {"type": "Point", "coordinates": [10.29283, 36.66821]}, "properties": {"record_id": "oai:u-bordeaux-montaigne.fr:340407", "symbol_class": "building", "pixel_x": 2413.8, "pixel_y": 5230.0, "easting": 535057.2, "northing": 374025.3, "epsg_source": 22391}}, {"type": "Feature", "geometry": {"type": "Point", "coordinates": [10.31513, 36.66647]}, "properties": {"record_id": "oai:u-bordeaux-montaigne.fr:340407", "symbol_class": "building", "pixel_x": 2877.6, "pixel_y": 5237.9, "easting": 537051.0, "northing": 373840.9, "epsg_source": 22391}}, {"type": "Feature", "geometry": {"type": "Point", "coordinates": [10.38239, 36.6622]}, "properties": {"record_id": "oai:u-bordeaux-montaigne.fr:340407", "symbol_class": "building", "pixel_x": 4274.5, "pixel_y": 5236.0, "easting": 543064.1, "northing": 373394.5, "epsg_source": 22391}}, {"type": "Feature", "geometry": {"type": "Point", "coordinates": [10.30391, 36.66706]}, "properties": {"record_id": "oai:u-bordeaux-montaigne.fr:340407", "symbol_class": "building", "pixel_x": 2644.8, "pixel_y": 5241.6, "easting": 536047.9, "northing": 373901.5, "epsg_source": 22391}}, {"type": "Feature", "geometry": {"type": "Point", "coordinates": [10.43821, 36.65845]}, "properties": {"record_id": "oai:u-bordeaux-montaigne.fr:340407", "symbol_class": "building", "pixel_x": 5434.4, "pixel_y": 5238.7, "easting": 548055.9, "northing": 373005.4, "epsg_source": 22391}}, {"type": "Feature", "geometry": {"type": "Point", "coordinates": [10.49823, 36.65463]}, "properties": {"record_id": "oai:u-bordeaux-montaigne.fr:340407", "symbol_class": "building", "pixel_x": 6681.2, "pixel_y": 5235.7, "easting": 553423.0, "northing": 372612.5, "epsg_source": 22391}}, {"type": "Feature", "geometry": {"type": "Point", "coordinates": [10.28157, 36.66866]}, "properties": {"record_id": "oai:u-bordeaux-montaigne.fr:340407", "symbol_class": "building", "pixel_x": 2180.4, "pixel_y": 5237.2, "easting": 534050.3, "northing": 374071.1, "epsg_source": 22391}}, {"type": "Feature", "geometry": {"type": "Point", "coordinates": [10.33204, 36.66538]}, "properties": {"record_id": "oai:u-bordeaux-montaigne.fr:340407", "symbol_class": "building", "pixel_x": 3228.9, "pixel_y": 5238.0, "easting": 538562.9, "northing": 373726.5, "epsg_source": 22391}}, {"type": "Feature", "geometry": {"type": "Point", "coordinates": [10.41068, 36.66017]}, "properties": {"record_id": "oai:u-bordeaux-montaigne.fr:340407", "symbol_class": "building", "pixel_x": 4862.5, "pixel_y": 5240.9, "easting": 545593.6, "northing": 373182.6, "epsg_source": 22391}}, {"type": "Feature", "geometry": {"type": "Point", "coordinates": [10.33226, 36.66506]}, "properties": {"record_id": "oai:u-bordeaux-montaigne.fr:340407", "symbol_class": "building", "pixel_x": 3234.0, "pixel_y": 5245.9, "easting": 538582.6, "northing": 373691.5, "epsg_source": 22391}}, {"type": "Feature", "geometry": {"type": "Point", "coordinates": [10.43601, 36.65844]}, "properties": {"record_id": "oai:u-bordeaux-montaigne.fr:340407", "symbol_class": "building", "pixel_x": 5388.9, "pixel_y": 5242.9, "easting": 547858.7, "northing": 373002.6, "epsg_source": 22391}}, {"type": "Feature", "geometry": {"type": "Point", "coordinates": [10.43501, 36.6584]}, "properties": {"record_id": "oai:u-bordeaux-montaigne.fr:340407", "symbol_class": "building", "pixel_x": 5368.5, "pixel_y": 5245.6, "easting": 547769.9, "northing": 372998.1, "epsg_source": 22391}}, {"type": "Feature", "geometry": {"type": "Point", "coordinates": [10.43434, 36.65841]}, "properties": {"record_id": "oai:u-bordeaux-montaigne.fr:340407", "symbol_class": "building", "pixel_x": 5354.5, "pixel_y": 5246.5, "easting": 547709.4, "northing": 372998.8, "epsg_source": 22391}}, {"type": "Feature", "geometry": {"type": "Point", "coordinates": [10.25509, 36.6698]}, "properties": {"record_id": "oai:u-bordeaux-montaigne.fr:340407", "symbol_class": "building", "pixel_x": 1631.6, "pixel_y": 5251.6, "easting": 531683.7, "northing": 374189.0, "epsg_source": 22391}}, {"type": "Feature", "geometry": {"type": "Point", "coordinates": [10.31509, 36.66575]}, "properties": {"record_id": "oai:u-bordeaux-montaigne.fr:340407", "symbol_class": "building", "pixel_x": 2878.1, "pixel_y": 5257.1, "easting": 537047.1, "northing": 373760.4, "epsg_source": 22391}}, {"type": "Feature", "geometry": {"type": "Point", "coordinates": [10.41593, 36.65896]}, "properties": {"record_id": "oai:u-bordeaux-montaigne.fr:340407", "symbol_class": "building", "pixel_x": 4973.5, "pixel_y": 5263.6, "easting": 546064.1, "northing": 373051.0, "epsg_source": 22391}}, {"type": "Feature", "geometry": {"type": "Point", "coordinates": [10.27799, 36.66827]}, "properties": {"record_id": "oai:u-bordeaux-montaigne.fr:340407", "symbol_class": "building", "pixel_x": 2107.3, "pixel_y": 5253.4, "easting": 533730.5, "northing": 374026.6, "epsg_source": 22391}}, {"type": "Feature", "geometry": {"type": "Point", "coordinates": [10.27858, 36.66824]}, "properties": {"record_id": "oai:u-bordeaux-montaigne.fr:340407", "symbol_class": "building", "pixel_x": 2119.5, "pixel_y": 5253.0, "easting": 533783.2, "northing": 374024.4, "epsg_source": 22391}}, {"type": "Feature", "geometry": {"type": "Point", "coordinates": [10.4294, 36.6585]}, "properties": {"record_id": "oai:u-bordeaux-montaigne.fr:340407", "symbol_class": "building", "pixel_x": 5252.5, "pixel_y": 5252.7, "easting": 547268.3, "northing": 373006.1, "epsg_source": 22391}}, {"type": "Feature", "geometry": {"type": "Point", "coordinates": [10.3325, 36.66469]}, "properties": {"record_id": "oai:u-bordeaux-montaigne.fr:340407", "symbol_class": "building", "pixel_x": 3239.7, "pixel_y": 5255.2, "easting": 538603.8, "northing": 373650.3, "epsg_source": 22391}}, {"type": "Feature", "geometry": {"type": "Point", "coordinates": [10.33754, 36.66416]}, "properties": {"record_id": "oai:u-bordeaux-montaigne.fr:340407", "symbol_class": "building", "pixel_x": 3344.9, "pixel_y": 5260.7, "easting": 539055.1, "northing": 373593.2, "epsg_source": 22391}}, {"type": "Feature", "geometry": {"type": "Point", "coordinates": [10.43831, 36.65768]}, "properties": {"record_id": "oai:u-bordeaux-montaigne.fr:340407", "symbol_class": "building", "pixel_x": 5438.0, "pixel_y": 5258.8, "easting": 548064.9, "northing": 372920.0, "epsg_source": 22391}}, {"type": "Feature", "geometry": {"type": "Point", "coordinates": [10.28154, 36.66784]}, "properties": {"record_id": "oai:u-bordeaux-montaigne.fr:340407", "symbol_class": "building", "pixel_x": 2181.5, "pixel_y": 5258.5, "easting": 534048.3, "northing": 373981.1, "epsg_source": 22391}}, {"type": "Feature", "geometry": {"type": "Point", "coordinates": [10.38236, 36.6612]}, "properties": {"record_id": "oai:u-bordeaux-montaigne.fr:340407", "symbol_class": "building", "pixel_x": 4275.9, "pixel_y": 5262.3, "easting": 543061.9, "northing": 373283.4, "epsg_source": 22391}}, {"type": "Feature", "geometry": {"type": "Point", "coordinates": [10.42472, 36.65857]}, "properties": {"record_id": "oai:u-bordeaux-montaigne.fr:340407", "symbol_class": "building", "pixel_x": 5155.7, "pixel_y": 5258.9, "easting": 546849.9, "northing": 373011.4, "epsg_source": 22391}}, {"type": "Feature", "geometry": {"type": "Point", "coordinates": [10.48711, 36.65433]}, "properties": {"record_id": "oai:u-bordeaux-montaigne.fr:340407", "symbol_class": "building", "pixel_x": 6452.3, "pixel_y": 5262.8, "easting": 552429.3, "northing": 372573.0, "epsg_source": 22391}}, {"type": "Feature", "geometry": {"type": "Point", "coordinates": [10.57892, 36.64838]}, "properties": {"record_id": "oai:u-bordeaux-montaigne.fr:340407", "symbol_class": "building", "pixel_x": 8359.6, "pixel_y": 5259.5, "easting": 560639.9, "northing": 371966.0, "epsg_source": 22391}}, {"type": "Feature", "geometry": {"type": "Point", "coordinates": [10.26498, 36.66876]}, "properties": {"record_id": "oai:u-bordeaux-montaigne.fr:340407", "symbol_class": "building", "pixel_x": 1837.8, "pixel_y": 5262.2, "easting": 532567.6, "northing": 374077.2, "epsg_source": 22391}}, {"type": "Feature", "geometry": {"type": "Point", "coordinates": [10.33273, 36.66434]}, "properties": {"record_id": "oai:u-bordeaux-montaigne.fr:340407", "symbol_class": "building", "pixel_x": 3245.1, "pixel_y": 5264.0, "easting": 538624.7, "northing": 373611.7, "epsg_source": 22391}}, {"type": "Feature", "geometry": {"type": "Point", "coordinates": [10.51705, 36.65205]}, "properties": {"record_id": "oai:u-bordeaux-montaigne.fr:340407", "symbol_class": "building", "pixel_x": 7074.9, "pixel_y": 5270.8, "easting": 555106.9, "northing": 372336.6, "epsg_source": 22391}}, {"type": "Feature", "geometry": {"type": "Point", "coordinates": [10.56193, 36.64907]}, "properties": {"record_id": "oai:u-bordeaux-montaigne.fr:340407", "symbol_class": "building", "pixel_x": 8007.4, "pixel_y": 5271.0, "easting": 559120.6, "northing": 372032.2, "epsg_source": 22391}}, {"type": "Feature", "geometry": {"type": "Point", "coordinates": [10.42712, 36.65808]}, "properties": {"record_id": "oai:u-bordeaux-montaigne.fr:340407", "symbol_class": "building", "pixel_x": 5206.2, "pixel_y": 5267.6, "easting": 547064.3, "northing": 372958.1, "epsg_source": 22391}}, {"type": "Feature", "geometry": {"type": "Point", "coordinates": [10.43757, 36.65735]}, "properties": {"record_id": "oai:u-bordeaux-montaigne.fr:340407", "symbol_class": "building", "pixel_x": 5423.5, "pixel_y": 5268.7, "easting": 547999.2, "northing": 372883.0, "epsg_source": 22391}}, {"type": "Feature", "geometry": {"type": "Point", "coordinates": [10.40487, 36.65924]}, "properties": {"record_id": "oai:u-bordeaux-montaigne.fr:340407", "symbol_class": "building", "pixel_x": 4744.5, "pixel_y": 5275.3, "easting": 545074.8, "northing": 373076.0, "epsg_source": 22391}}, {"type": "Feature", "geometry": {"type": "Point", "coordinates": [10.31512, 36.66468]}, "properties": {"record_id": "oai:u-bordeaux-montaigne.fr:340407", "symbol_class": "building", "pixel_x": 2880.9, "pixel_y": 5284.8, "easting": 537050.4, "northing": 373642.7, "epsg_source": 22391}}, {"type": "Feature", "geometry": {"type": "Point", "coordinates": [10.56695, 36.64846]}, "properties": {"record_id": "oai:u-bordeaux-montaigne.fr:340407", "symbol_class": "building", "pixel_x": 8112.3, "pixel_y": 5278.1, "easting": 559569.8, "northing": 371968.1, "epsg_source": 22391}}, {"type": "Feature", "geometry": {"type": "Point", "coordinates": [10.43823, 36.6568]}, "properties": {"record_id": "oai:u-bordeaux-montaigne.fr:340407", "symbol_class": "building", "pixel_x": 5438.1, "pixel_y": 5282.1, "easting": 548057.9, "northing": 372822.0, "epsg_source": 22391}}, {"type": "Feature", "geometry": {"type": "Point", "coordinates": [10.26015, 36.66836]}, "properties": {"record_id": "oai:u-bordeaux-montaigne.fr:340407", "symbol_class": "building", "pixel_x": 1739.0, "pixel_y": 5280.9, "easting": 532136.7, "northing": 374031.1, "epsg_source": 22391}}, {"type": "Feature", "geometry": {"type": "Point", "coordinates": [10.3599, 36.66178]}, "properties": {"record_id": "oai:u-bordeaux-montaigne.fr:340407", "symbol_class": "building", "pixel_x": 3811.2, "pixel_y": 5285.1, "easting": 541054.6, "northing": 373338.7, "epsg_source": 22391}}, {"type": "Feature", "geometry": {"type": "Point", "coordinates": [10.41019, 36.65865]}, "properties": {"record_id": "oai:u-bordeaux-montaigne.fr:340407", "symbol_class": "building", "pixel_x": 4855.5, "pixel_y": 5281.5, "easting": 545550.7, "northing": 373014.1, "epsg_source": 22391}}, {"type": "Feature", "geometry": {"type": "Point", "coordinates": [10.56195, 36.64851]}, "properties": {"record_id": "oai:u-bordeaux-montaigne.fr:340407", "symbol_class": "building", "pixel_x": 8009.0, "pixel_y": 5285.5, "easting": 559122.7, "northing": 371970.7, "epsg_source": 22391}}, {"type": "Feature", "geometry": {"type": "Point", "coordinates": [10.56344, 36.64847]}, "properties": {"record_id": "oai:u-bordeaux-montaigne.fr:340407", "symbol_class": "building", "pixel_x": 8039.9, "pixel_y": 5284.0, "easting": 559256.0, "northing": 371967.0, "epsg_source": 22391}}, {"type": "Feature", "geometry": {"type": "Point", "coordinates": [10.25592, 36.6684]}, "properties": {"record_id": "oai:u-bordeaux-montaigne.fr:340407", "symbol_class": "building", "pixel_x": 1651.6, "pixel_y": 5287.1, "easting": 531758.6, "northing": 374033.5, "epsg_source": 22391}}, {"type": "Feature", "geometry": {"type": "Point", "coordinates": [10.43778, 36.65658]}, "properties": {"record_id": "oai:u-bordeaux-montaigne.fr:340407", "symbol_class": "building", "pixel_x": 5429.3, "pixel_y": 5288.7, "easting": 548018.1, "northing": 372796.9, "epsg_source": 22391}}, {"type": "Feature", "geometry": {"type": "Point", "coordinates": [10.46439, 36.65451]}, "properties": {"record_id": "oai:u-bordeaux-montaigne.fr:340407", "symbol_class": "building", "pixel_x": 5982.9, "pixel_y": 5297.2, "easting": 550398.4, "northing": 372580.8, "epsg_source": 22391}}, {"type": "Feature", "geometry": {"type": "Point", "coordinates": [10.49409, 36.65274]}, "properties": {"record_id": "oai:u-bordeaux-montaigne.fr:340407", "symbol_class": "building", "pixel_x": 6599.5, "pixel_y": 5292.5, "easting": 553053.7, "northing": 372400.1, "epsg_source": 22391}}, {"type": "Feature", "geometry": {"type": "Point", "coordinates": [10.30781, 36.66466]}, "properties": {"record_id": "oai:u-bordeaux-montaigne.fr:340407", "symbol_class": "building", "pixel_x": 2730.2, "pixel_y": 5297.7, "easting": 536397.7, "northing": 373637.6, "epsg_source": 22391}}, {"type": "Feature", "geometry": {"type": "Point", "coordinates": [10.2588, 36.66771]}, "properties": {"record_id": "oai:u-bordeaux-montaigne.fr:340407", "symbol_class": "building", "pixel_x": 1712.3, "pixel_y": 5300.1, "easting": 532015.7, "northing": 373958.6, "epsg_source": 22391}}, {"type": "Feature", "geometry": {"type": "Point", "coordinates": [10.45116, 36.65534]}, "properties": {"record_id": "oai:u-bordeaux-montaigne.fr:340407", "symbol_class": "building", "pixel_x": 5708.1, "pixel_y": 5298.1, "easting": 549215.0, "northing": 372666.6, "epsg_source": 22391}}, {"type": "Feature", "geometry": {"type": "Point", "coordinates": [10.39352, 36.65896]}, "properties": {"record_id": "oai:u-bordeaux-montaigne.fr:340407", "symbol_class": "building", "pixel_x": 4510.9, "pixel_y": 5301.9, "easting": 544061.2, "northing": 373040.3, "epsg_source": 22391}}, {"type": "Feature", "geometry": {"type": "Point", "coordinates": [10.40126, 36.65864]}, "properties": {"record_id": "oai:u-bordeaux-montaigne.fr:340407", "symbol_class": "building", "pixel_x": 4671.3, "pixel_y": 5297.0, "easting": 544752.9, "northing": 373008.6, "epsg_source": 22391}}, {"type": "Feature", "geometry": {"type": "Point", "coordinates": [10.52827, 36.6501]}, "properties": {"record_id": "oai:u-bordeaux-montaigne.fr:340407", "symbol_class": "building", "pixel_x": 7310.5, "pixel_y": 5302.5, "easting": 556110.7, "northing": 372126.7, "epsg_source": 22391}}, {"type": "Feature", "geometry": {"type": "Point", "coordinates": [10.3151, 36.66352]}, "properties": {"record_id": "oai:u-bordeaux-montaigne.fr:340407", "symbol_class": "building", "pixel_x": 2882.9, "pixel_y": 5315.5, "easting": 537049.5, "northing": 373513.1, "epsg_source": 22391}}, {"type": "Feature", "geometry": {"type": "Point", "coordinates": [10.39691, 36.65867]}, "properties": {"record_id": "oai:u-bordeaux-montaigne.fr:340407", "symbol_class": "building", "pixel_x": 4581.4, "pixel_y": 5303.6, "easting": 544364.1, "northing": 373010.2, "epsg_source": 22391}}, {"type": "Feature", "geometry": {"type": "Point", "coordinates": [10.4153, 36.65737]}, "properties": {"record_id": "oai:u-bordeaux-montaigne.fr:340407", "symbol_class": "building", "pixel_x": 4963.6, "pixel_y": 5306.3, "easting": 546008.2, "northing": 372874.4, "epsg_source": 22391}}, {"type": "Feature", "geometry": {"type": "Point", "coordinates": [10.33265, 36.66259]}, "properties": {"record_id": "oai:u-bordeaux-montaigne.fr:340407", "symbol_class": "building", "pixel_x": 3247.0, "pixel_y": 5310.2, "easting": 538618.1, "northing": 373417.0, "epsg_source": 22391}}, {"type": "Feature", "geometry": {"type": "Point", "coordinates": [10.32864, 36.66293]}, "properties": {"record_id": "oai:u-bordeaux-montaigne.fr:340407", "symbol_class": "building", "pixel_x": 3163.6, "pixel_y": 5307.9, "easting": 538260.2, "northing": 373453.7, "epsg_source": 22391}}, {"type": "Feature", "geometry": {"type": "Point", "coordinates": [10.30944, 36.66413]}, "properties": {"record_id": "oai:u-bordeaux-montaigne.fr:340407", "symbol_class": "building", "pixel_x": 2764.9, "pixel_y": 5308.9, "easting": 536543.5, "northing": 373579.3, "epsg_source": 22391}}, {"type": "Feature", "geometry": {"type": "Point", "coordinates": [10.35203, 36.66131]}, "properties": {"record_id": "oai:u-bordeaux-montaigne.fr:340407", "symbol_class": "building", "pixel_x": 3649.7, "pixel_y": 5310.9, "easting": 540351.3, "northing": 373283.0, "epsg_source": 22391}}, {"type": "Feature", "geometry": {"type": "Point", "coordinates": [10.48548, 36.65255]}, "properties": {"record_id": "oai:u-bordeaux-montaigne.fr:340407", "symbol_class": "building", "pixel_x": 6422.3, "pixel_y": 5312.4, "easting": 552284.6, "northing": 372374.2, "epsg_source": 22391}}, {"type": "Feature", "geometry": {"type": "Point", "coordinates": [10.33753, 36.66188]}, "properties": {"record_id": "oai:u-bordeaux-montaigne.fr:340407", "symbol_class": "building", "pixel_x": 3349.2, "pixel_y": 5320.4, "easting": 539054.8, "northing": 373340.7, "epsg_source": 22391}}, {"type": "Feature", "geometry": {"type": "Point", "coordinates": [10.39088, 36.65869]}, "properties": {"record_id": "oai:u-bordeaux-montaigne.fr:340407", "symbol_class": "building", "pixel_x": 4457.0, "pixel_y": 5313.4, "easting": 543825.4, "northing": 373009.7, "epsg_source": 22391}}, {"type": "Feature", "geometry": {"type": "Point", "coordinates": [10.41757, 36.65682]}, "properties": {"record_id": "oai:u-bordeaux-montaigne.fr:340407", "symbol_class": "building", "pixel_x": 5011.6, "pixel_y": 5317.0, "easting": 546211.5, "northing": 372813.7, "epsg_source": 22391}}, {"type": "Feature", "geometry": {"type": "Point", "coordinates": [10.29878, 36.6645]}, "properties": {"record_id": "oai:u-bordeaux-montaigne.fr:340407", "symbol_class": "building", "pixel_x": 2544.0, "pixel_y": 5317.1, "easting": 535590.5, "northing": 373616.6, "epsg_source": 22391}}, {"type": "Feature", "geometry": {"type": "Point", "coordinates": [10.30953, 36.66377]}, "properties": {"record_id": "oai:u-bordeaux-montaigne.fr:340407", "symbol_class": "building", "pixel_x": 2767.3, "pixel_y": 5318.1, "easting": 536551.2, "northing": 373539.5, "epsg_source": 22391}}, {"type": "Feature", "geometry": {"type": "Point", "coordinates": [10.54185, 36.64864]}, "properties": {"record_id": "oai:u-bordeaux-montaigne.fr:340407", "symbol_class": "building", "pixel_x": 7593.8, "pixel_y": 5317.1, "easting": 557325.7, "northing": 371973.0, "epsg_source": 22391}}, {"type": "Feature", "geometry": {"type": "Point", "coordinates": [10.54018, 36.64866]}, "properties": {"record_id": "oai:u-bordeaux-montaigne.fr:340407", "symbol_class": "building", "pixel_x": 7559.4, "pixel_y": 5319.5, "easting": 557176.8, "northing": 371973.9, "epsg_source": 22391}}, {"type": "Feature", "geometry": {"type": "Point", "coordinates": [10.42253, 36.65616]}, "properties": {"record_id": "oai:u-bordeaux-montaigne.fr:340407", "symbol_class": "building", "pixel_x": 5115.3, "pixel_y": 5325.6, "easting": 546655.0, "northing": 372743.8, "epsg_source": 22391}}, {"type": "Feature", "geometry": {"type": "Point", "coordinates": [10.53918, 36.64867]}, "properties": {"record_id": "oai:u-bordeaux-montaigne.fr:340407", "symbol_class": "building", "pixel_x": 7538.8, "pixel_y": 5321.1, "easting": 557087.6, "northing": 371974.1, "epsg_source": 22391}}, {"type": "Feature", "geometry": {"type": "Point", "coordinates": [10.38612, 36.65869]}, "properties": {"record_id": "oai:u-bordeaux-montaigne.fr:340407", "symbol_class": "building", "pixel_x": 4358.6, "pixel_y": 5321.6, "easting": 543399.2, "northing": 373007.1, "epsg_source": 22391}}, {"type": "Feature", "geometry": {"type": "Point", "coordinates": [10.41591, 36.65653]}, "properties": {"record_id": "oai:u-bordeaux-montaigne.fr:340407", "symbol_class": "building", "pixel_x": 4977.9, "pixel_y": 5327.3, "easting": 546063.3, "northing": 372781.6, "epsg_source": 22391}}, {"type": "Feature", "geometry": {"type": "Point", "coordinates": [10.28027, 36.66518]}, "properties": {"record_id": "oai:u-bordeaux-montaigne.fr:340407", "symbol_class": "building", "pixel_x": 2160.5, "pixel_y": 5330.5, "easting": 533935.4, "northing": 373685.0, "epsg_source": 22391}}, {"type": "Feature", "geometry": {"type": "Point", "coordinates": [10.31836, 36.66278]}, "properties": {"record_id": "oai:u-bordeaux-montaigne.fr:340407", "symbol_class": "building", "pixel_x": 2951.6, "pixel_y": 5329.3, "easting": 537341.0, "northing": 373432.7, "epsg_source": 22391}}, {"type": "Feature", "geometry": {"type": "Point", "coordinates": [10.5341, 36.64871]}, "properties": {"record_id": "oai:u-bordeaux-montaigne.fr:340407", "symbol_class": "building", "pixel_x": 7433.7, "pixel_y": 5328.9, "easting": 556632.8, "northing": 371975.5, "epsg_source": 22391}}, {"type": "Feature", "geometry": {"type": "Point", "coordinates": [10.39353, 36.6577]}, "properties": {"record_id": "oai:u-bordeaux-montaigne.fr:340407", "symbol_class": "building", "pixel_x": 4513.5, "pixel_y": 5334.9, "easting": 544062.0, "northing": 372900.5, "epsg_source": 22391}}, {"type": "Feature", "geometry": {"type": "Point", "coordinates": [10.37486, 36.65881]}, "properties": {"record_id": "oai:u-bordeaux-montaigne.fr:340407", "symbol_class": "building", "pixel_x": 4126.0, "pixel_y": 5337.5, "easting": 542393.2, "northing": 373015.7, "epsg_source": 22391}}, {"type": "Feature", "geometry": {"type": "Point", "coordinates": [10.43827, 36.6543]}, "properties": {"record_id": "oai:u-bordeaux-montaigne.fr:340407", "symbol_class": "building", "pixel_x": 5444.1, "pixel_y": 5347.5, "easting": 548063.3, "northing": 372544.9, "epsg_source": 22391}}, {"type": "Feature", "geometry": {"type": "Point", "coordinates": [10.49452, 36.65061]}, "properties": {"record_id": "oai:u-bordeaux-montaigne.fr:340407", "symbol_class": "building", "pixel_x": 6612.8, "pixel_y": 5347.5, "easting": 553093.8, "northing": 372164.4, "epsg_source": 22391}}, {"type": "Feature", "geometry": {"type": "Point", "coordinates": [10.52507, 36.64879]}, "properties": {"record_id": "oai:u-bordeaux-montaigne.fr:340407", "symbol_class": "building", "pixel_x": 7247.2, "pixel_y": 5342.4, "easting": 555825.8, "northing": 371979.5, "epsg_source": 22391}}, {"type": "Feature", "geometry": {"type": "Point", "coordinates": [10.28067, 36.66459]}, "properties": {"record_id": "oai:u-bordeaux-montaigne.fr:340407", "symbol_class": "building", "pixel_x": 2170.1, "pixel_y": 5345.2, "easting": 533972.1, "northing": 373620.2, "epsg_source": 22391}}, {"type": "Feature", "geometry": {"type": "Point", "coordinates": [10.2816, 36.6644]}, "properties": {"record_id": "oai:u-bordeaux-montaigne.fr:340407", "symbol_class": "building", "pixel_x": 2189.7, "pixel_y": 5348.8, "easting": 534055.2, "northing": 373598.5, "epsg_source": 22391}}, {"type": "Feature", "geometry": {"type": "Point", "coordinates": [10.41596, 36.65584]}, "properties": {"record_id": "oai:u-bordeaux-montaigne.fr:340407", "symbol_class": "building", "pixel_x": 4980.5, "pixel_y": 5345.5, "easting": 546068.6, "northing": 372704.1, "epsg_source": 22391}}, {"type": "Feature", "geometry": {"type": "Point", "coordinates": [10.33608, 36.66069]}, "properties": {"record_id": "oai:u-bordeaux-montaigne.fr:340407", "symbol_class": "building", "pixel_x": 3321.7, "pixel_y": 5354.1, "easting": 538926.0, "northing": 373208.0, "epsg_source": 22391}}, {"type": "Feature", "geometry": {"type": "Point", "coordinates": [10.36824, 36.65878]}, "properties": {"record_id": "oai:u-bordeaux-montaigne.fr:340407", "symbol_class": "building", "pixel_x": 3989.4, "pixel_y": 5349.5, "easting": 541801.6, "northing": 373009.7, "epsg_source": 22391}}, {"type": "Feature", "geometry": {"type": "Point", "coordinates": [10.38231, 36.6577]}, "properties": {"record_id": "oai:u-bordeaux-montaigne.fr:340407", "symbol_class": "building", "pixel_x": 4281.9, "pixel_y": 5354.1, "easting": 543059.3, "northing": 372895.5, "epsg_source": 22391}}, {"type": "Feature", "geometry": {"type": "Point", "coordinates": [10.48328, 36.65108]}, "properties": {"record_id": "oai:u-bordeaux-montaigne.fr:340407", "symbol_class": "building", "pixel_x": 6379.8, "pixel_y": 5354.5, "easting": 552088.9, "northing": 372210.6, "epsg_source": 22391}}, {"type": "Feature", "geometry": {"type": "Point", "coordinates": [10.33689, 36.66059]}, "properties": {"record_id": "oai:u-bordeaux-montaigne.fr:340407", "symbol_class": "building", "pixel_x": 3338.7, "pixel_y": 5355.3, "easting": 538998.7, "northing": 373197.3, "epsg_source": 22391}}, {"type": "Feature", "geometry": {"type": "Point", "coordinates": [10.43904, 36.654]}, "properties": {"record_id": "oai:u-bordeaux-montaigne.fr:340407", "symbol_class": "building", "pixel_x": 5460.7, "pixel_y": 5354.2, "easting": 548132.7, "northing": 372511.2, "epsg_source": 22391}}, {"type": "Feature", "geometry": {"type": "Point", "coordinates": [10.56194, 36.64589]}, "properties": {"record_id": "oai:u-bordeaux-montaigne.fr:340407", "symbol_class": "building", "pixel_x": 8014.2, "pixel_y": 5354.3, "easting": 559123.5, "northing": 371679.5, "epsg_source": 22391}}, {"type": "Feature", "geometry": {"type": "Point", "coordinates": [10.46716, 36.65213]}, "properties": {"record_id": "oai:u-bordeaux-montaigne.fr:340407", "symbol_class": "building", "pixel_x": 6044.9, "pixel_y": 5354.9, "easting": 550647.0, "northing": 372318.2, "epsg_source": 22391}}, {"type": "Feature", "geometry": {"type": "Point", "coordinates": [10.50201, 36.64986]}, "properties": {"record_id": "oai:u-bordeaux-montaigne.fr:340407", "symbol_class": "building", "pixel_x": 6769.0, "pixel_y": 5354.1, "easting": 553764.1, "northing": 372085.9, "epsg_source": 22391}}, {"type": "Feature", "geometry": {"type": "Point", "coordinates": [10.51706, 36.64885]}, "properties": {"record_id": "oai:u-bordeaux-montaigne.fr:340407", "symbol_class": "building", "pixel_x": 7081.6, "pixel_y": 5354.6, "easting": 555109.5, "northing": 371981.9, "epsg_source": 22391}}, {"type": "Feature", "geometry": {"type": "Point", "coordinates": [10.35999, 36.65913]}, "properties": {"record_id": "oai:u-bordeaux-montaigne.fr:340407", "symbol_class": "building", "pixel_x": 3818.3, "pixel_y": 5354.5, "easting": 541063.4, "northing": 373044.5, "epsg_source": 22391}}, {"type": "Feature", "geometry": {"type": "Point", "coordinates": [10.36354, 36.65884]}, "properties": {"record_id": "oai:u-bordeaux-montaigne.fr:340407", "symbol_class": "building", "pixel_x": 3892.3, "pixel_y": 5356.1, "easting": 541381.6, "northing": 373013.8, "epsg_source": 22391}}, {"type": "Feature", "geometry": {"type": "Point", "coordinates": [10.5158, 36.6488]}, "properties": {"record_id": "oai:u-bordeaux-montaigne.fr:340407", "symbol_class": "building", "pixel_x": 7055.7, "pixel_y": 5358.1, "easting": 554996.8, "northing": 371975.8, "epsg_source": 22391}}, {"type": "Feature", "geometry": {"type": "Point", "coordinates": [10.35994, 36.65885]}, "properties": {"record_id": "oai:u-bordeaux-montaigne.fr:340407", "symbol_class": "building", "pixel_x": 3817.8, "pixel_y": 5362.0, "easting": 541059.1, "northing": 373013.0, "epsg_source": 22391}}, {"type": "Feature", "geometry": {"type": "Point", "coordinates": [10.49449, 36.64974]}, "properties": {"record_id": "oai:u-bordeaux-montaigne.fr:340407", "symbol_class": "building", "pixel_x": 6614.0, "pixel_y": 5370.3, "easting": 553091.8, "northing": 372068.1, "epsg_source": 22391}}, {"type": "Feature", "geometry": {"type": "Point", "coordinates": [10.51703, 36.64836]}, "properties": {"record_id": "oai:u-bordeaux-montaigne.fr:340407", "symbol_class": "building", "pixel_x": 7082.1, "pixel_y": 5367.7, "easting": 555107.3, "northing": 371926.8, "epsg_source": 22391}}, {"type": "Feature", "geometry": {"type": "Point", "coordinates": [10.37116, 36.65801]}, "properties": {"record_id": "oai:u-bordeaux-montaigne.fr:340407", "symbol_class": "building", "pixel_x": 4051.2, "pixel_y": 5364.8, "easting": 542062.9, "northing": 372925.4, "epsg_source": 22391}}, {"type": "Feature", "geometry": {"type": "Point", "coordinates": [10.43994, 36.65367]}, "properties": {"record_id": "oai:u-bordeaux-montaigne.fr:340407", "symbol_class": "building", "pixel_x": 5479.8, "pixel_y": 5361.3, "easting": 548213.0, "northing": 372475.2, "epsg_source": 22391}}, {"type": "Feature", "geometry": {"type": "Point", "coordinates": [10.30392, 36.66234]}, "properties": {"record_id": "oai:u-bordeaux-montaigne.fr:340407", "symbol_class": "building", "pixel_x": 2654.5, "pixel_y": 5365.3, "easting": 536051.0, "northing": 373378.0, "epsg_source": 22391}}, {"type": "Feature", "geometry": {"type": "Point", "coordinates": [10.42545, 36.65442]}, "properties": {"record_id": "oai:u-bordeaux-montaigne.fr:340407", "symbol_class": "building", "pixel_x": 5179.1, "pixel_y": 5366.3, "easting": 546917.1, "northing": 372552.1, "epsg_source": 22391}}, {"type": "Feature", "geometry": {"type": "Point", "coordinates": [10.43688, 36.65369]}, "properties": {"record_id": "oai:u-bordeaux-montaigne.fr:340407", "symbol_class": "building", "pixel_x": 5416.6, "pixel_y": 5366.0, "easting": 547939.1, "northing": 372475.8, "epsg_source": 22391}}, {"type": "Feature", "geometry": {"type": "Point", "coordinates": [10.35756, 36.65887]}, "properties": {"record_id": "oai:u-bordeaux-montaigne.fr:340407", "symbol_class": "building", "pixel_x": 3768.7, "pixel_y": 5365.5, "easting": 540846.5, "northing": 373014.2, "epsg_source": 22391}}, {"type": "Feature", "geometry": {"type": "Point", "coordinates": [10.3555, 36.65893]}, "properties": {"record_id": "oai:u-bordeaux-montaigne.fr:340407", "symbol_class": "building", "pixel_x": 3726.1, "pixel_y": 5367.5, "easting": 540662.6, "northing": 373020.0, "epsg_source": 22391}}, {"type": "Feature", "geometry": {"type": "Point", "coordinates": [10.40479, 36.65568]}, "properties": {"record_id": "oai:u-bordeaux-montaigne.fr:340407", "symbol_class": "building", "pixel_x": 4750.1, "pixel_y": 5368.6, "easting": 545069.6, "northing": 372681.9, "epsg_source": 22391}}, {"type": "Feature", "geometry": {"type": "Point", "coordinates": [10.50217, 36.64923]}, "properties": {"record_id": "oai:u-bordeaux-montaigne.fr:340407", "symbol_class": "building", "pixel_x": 6773.5, "pixel_y": 5370.3, "easting": 553778.5, "northing": 372016.1, "epsg_source": 22391}}, {"type": "Feature", "geometry": {"type": "Point", "coordinates": [10.35638, 36.6588]}, "properties": {"record_id": "oai:u-bordeaux-montaigne.fr:340407", "symbol_class": "building", "pixel_x": 3744.6, "pixel_y": 5369.2, "easting": 540741.5, "northing": 373006.8, "epsg_source": 22391}}, {"type": "Feature", "geometry": {"type": "Point", "coordinates": [10.57758, 36.64422]}, "properties": {"record_id": "oai:u-bordeaux-montaigne.fr:340407", "symbol_class": "building", "pixel_x": 8340.5, "pixel_y": 5370.9, "easting": 560522.8, "northing": 371503.5, "epsg_source": 22391}}, {"type": "Feature", "geometry": {"type": "Point", "coordinates": [10.46942, 36.65127]}, "properties": {"record_id": "oai:u-bordeaux-montaigne.fr:340407", "symbol_class": "building", "pixel_x": 6093.3, "pixel_y": 5373.4, "easting": 550849.7, "northing": 372224.5, "epsg_source": 22391}}, {"type": "Feature", "geometry": {"type": "Point", "coordinates": [10.33756, 36.65985]}, "properties": {"record_id": "oai:u-bordeaux-montaigne.fr:340407", "symbol_class": "building", "pixel_x": 3353.9, "pixel_y": 5373.6, "easting": 539058.8, "northing": 373115.5, "epsg_source": 22391}}, {"type": "Feature", "geometry": {"type": "Point", "coordinates": [10.35992, 36.6584]}, "properties": {"record_id": "oai:u-bordeaux-montaigne.fr:340407", "symbol_class": "building", "pixel_x": 3818.4, "pixel_y": 5373.7, "easting": 541057.8, "northing": 372963.6, "epsg_source": 22391}}, {"type": "Feature", "geometry": {"type": "Point", "coordinates": [10.43636, 36.65316]}, "properties": {"record_id": "oai:u-bordeaux-montaigne.fr:340407", "symbol_class": "building", "pixel_x": 5407.1, "pixel_y": 5380.6, "easting": 547893.8, "northing": 372417.5, "epsg_source": 22391}}, {"type": "Feature", "geometry": {"type": "Point", "coordinates": [10.35229, 36.65886]}, "properties": {"record_id": "oai:u-bordeaux-montaigne.fr:340407", "symbol_class": "building", "pixel_x": 3660.1, "pixel_y": 5374.5, "easting": 540376.1, "northing": 373011.7, "epsg_source": 22391}}, {"type": "Feature", "geometry": {"type": "Point", "coordinates": [10.30393, 36.66177]}, "properties": {"record_id": "oai:u-bordeaux-montaigne.fr:340407", "symbol_class": "building", "pixel_x": 2655.9, "pixel_y": 5380.0, "easting": 536052.2, "northing": 373315.5, "epsg_source": 22391}}, {"type": "Feature", "geometry": {"type": "Point", "coordinates": [10.25873, 36.66471]}, "properties": {"record_id": "oai:u-bordeaux-montaigne.fr:340407", "symbol_class": "building", "pixel_x": 1717.0, "pixel_y": 5378.9, "easting": 532011.4, "northing": 373625.9, "epsg_source": 22391}}, {"type": "Feature", "geometry": {"type": "Point", "coordinates": [10.31514, 36.6609]}, "properties": {"record_id": "oai:u-bordeaux-montaigne.fr:340407", "symbol_class": "building", "pixel_x": 2889.0, "pixel_y": 5384.0, "easting": 537054.3, "northing": 373222.9, "epsg_source": 22391}}, {"type": "Feature", "geometry": {"type": "Point", "coordinates": [10.32268, 36.66065]}, "properties": {"record_id": "oai:u-bordeaux-montaigne.fr:340407", "symbol_class": "building", "pixel_x": 3045.2, "pixel_y": 5377.9, "easting": 537728.5, "northing": 373197.9, "epsg_source": 22391}}, {"type": "Feature", "geometry": {"type": "Point", "coordinates": [10.35, 36.6589]}, "properties": {"record_id": "oai:u-bordeaux-montaigne.fr:340407", "symbol_class": "building", "pixel_x": 3612.6, "pixel_y": 5377.4, "easting": 540171.1, "northing": 373015.0, "epsg_source": 22391}}, {"type": "Feature", "geometry": {"type": "Point", "coordinates": [10.4235, 36.65411]}, "properties": {"record_id": "oai:u-bordeaux-montaigne.fr:340407", "symbol_class": "building", "pixel_x": 5139.6, "pixel_y": 5377.9, "easting": 546743.1, "northing": 372516.0, "epsg_source": 22391}}, {"type": "Feature", "geometry": {"type": "Point", "coordinates": [10.48424, 36.64993]}, "properties": {"record_id": "oai:u-bordeaux-montaigne.fr:340407", "symbol_class": "building", "pixel_x": 6402.0, "pixel_y": 5383.1, "easting": 552175.2, "northing": 372083.5, "epsg_source": 22391}}, {"type": "Feature", "geometry": {"type": "Point", "coordinates": [10.34796, 36.65887]}, "properties": {"record_id": "oai:u-bordeaux-montaigne.fr:340407", "symbol_class": "building", "pixel_x": 3570.7, "pixel_y": 5381.8, "easting": 539989.0, "northing": 373010.3, "epsg_source": 22391}}, {"type": "Feature", "geometry": {"type": "Point", "coordinates": [10.43979, 36.65254]}, "properties": {"record_id": "oai:u-bordeaux-montaigne.fr:340407", "symbol_class": "building", "pixel_x": 5479.1, "pixel_y": 5391.1, "easting": 548200.4, "northing": 372349.8, "epsg_source": 22391}}, {"type": "Feature", "geometry": {"type": "Point", "coordinates": [10.38233, 36.65605]}, "properties": {"record_id": "oai:u-bordeaux-montaigne.fr:340407", "symbol_class": "building", "pixel_x": 4285.8, "pixel_y": 5397.3, "easting": 543062.5, "northing": 372712.1, "epsg_source": 22391}}, {"type": "Feature", "geometry": {"type": "Point", "coordinates": [10.33756, 36.65893]}, "properties": {"record_id": "oai:u-bordeaux-montaigne.fr:340407", "symbol_class": "building", "pixel_x": 3355.7, "pixel_y": 5397.9, "easting": 539058.8, "northing": 373012.7, "epsg_source": 22391}}, {"type": "Feature", "geometry": {"type": "Point", "coordinates": [10.27388, 36.66304]}, "properties": {"record_id": "oai:u-bordeaux-montaigne.fr:340407", "symbol_class": "building", "pixel_x": 2032.9, "pixel_y": 5397.4, "easting": 533365.4, "northing": 373445.0, "epsg_source": 22391}}, {"type": "Feature", "geometry": {"type": "Point", "coordinates": [10.40485, 36.65469]}, "properties": {"record_id": "oai:u-bordeaux-montaigne.fr:340407", "symbol_class": "building", "pixel_x": 4753.4, "pixel_y": 5394.6, "easting": 545075.9, "northing": 372571.5, "epsg_source": 22391}}, {"type": "Feature", "geometry": {"type": "Point", "coordinates": [10.32664, 36.65968]}, "properties": {"record_id": "oai:u-bordeaux-montaigne.fr:340407", "symbol_class": "building", "pixel_x": 3128.9, "pixel_y": 5396.6, "easting": 538082.9, "northing": 373091.8, "epsg_source": 22391}}, {"type": "Feature", "geometry": {"type": "Point", "coordinates": [10.29876, 36.66137]}, "properties": {"record_id": "oai:u-bordeaux-montaigne.fr:340407", "symbol_class": "building", "pixel_x": 2549.8, "pixel_y": 5399.2, "easting": 535589.7, "northing": 373269.3, "epsg_source": 22391}}, {"type": "Feature", "geometry": {"type": "Point", "coordinates": [10.39355, 36.65523]}, "properties": {"record_id": "oai:u-bordeaux-montaigne.fr:340407", "symbol_class": "building", "pixel_x": 4519.1, "pixel_y": 5399.5, "easting": 544065.7, "northing": 372627.0, "epsg_source": 22391}}, {"type": "Feature", "geometry": {"type": "Point", "coordinates": [10.33792, 36.65894]}, "properties": {"record_id": "oai:u-bordeaux-montaigne.fr:340407", "symbol_class": "building", "pixel_x": 3363.2, "pixel_y": 5397.0, "easting": 539091.3, "northing": 373013.9, "epsg_source": 22391}}, {"type": "Feature", "geometry": {"type": "Point", "coordinates": [10.30394, 36.66096]}, "properties": {"record_id": "oai:u-bordeaux-montaigne.fr:340407", "symbol_class": "building", "pixel_x": 2657.6, "pixel_y": 5401.2, "easting": 536053.0, "northing": 373225.9, "epsg_source": 22391}}, {"type": "Feature", "geometry": {"type": "Point", "coordinates": [10.57791, 36.64307]}, "properties": {"record_id": "oai:u-bordeaux-montaigne.fr:340407", "symbol_class": "building", "pixel_x": 8349.8, "pixel_y": 5400.4, "easting": 560553.9, "northing": 371376.5, "epsg_source": 22391}}, {"type": "Feature", "geometry": {"type": "Point", "coordinates": [10.33369, 36.659]}, "properties": {"record_id": "oai:u-bordeaux-montaigne.fr:340407", "symbol_class": "building", "pixel_x": 3275.7, "pixel_y": 5402.4, "easting": 538713.0, "northing": 373019.4, "epsg_source": 22391}}, {"type": "Feature", "geometry": {"type": "Point", "coordinates": [10.43827, 36.65185]}, "properties": {"record_id": "oai:u-bordeaux-montaigne.fr:340407", "symbol_class": "building", "pixel_x": 5449.1, "pixel_y": 5411.9, "easting": 548064.8, "northing": 372272.5, "epsg_source": 22391}}, {"type": "Feature", "geometry": {"type": "Point", "coordinates": [10.48516, 36.64907]}, "properties": {"record_id": "oai:u-bordeaux-montaigne.fr:340407", "symbol_class": "building", "pixel_x": 6422.7, "pixel_y": 5404.0, "easting": 552258.1, "northing": 371988.7, "epsg_source": 22391}}, {"type": "Feature", "geometry": {"type": "Point", "coordinates": [10.33166, 36.65898]}, "properties": {"record_id": "oai:u-bordeaux-montaigne.fr:340407", "symbol_class": "building", "pixel_x": 3233.9, "pixel_y": 5406.4, "easting": 538532.0, "northing": 373016.6, "epsg_source": 22391}}, {"type": "Feature", "geometry": {"type": "Point", "coordinates": [10.35995, 36.65695]}, "properties": {"record_id": "oai:u-bordeaux-montaigne.fr:340407", "symbol_class": "building", "pixel_x": 3822.0, "pixel_y": 5411.6, "easting": 541061.7, "northing": 372803.2, "epsg_source": 22391}}, {"type": "Feature", "geometry": {"type": "Point", "coordinates": [10.25904, 36.66328]}, "properties": {"record_id": "oai:u-bordeaux-montaigne.fr:340407", "symbol_class": "building", "pixel_x": 1726.1, "pixel_y": 5415.9, "easting": 532038.8, "northing": 373467.4, "epsg_source": 22391}}, {"type": "Feature", "geometry": {"type": "Point", "coordinates": [10.29893, 36.66097]}, "properties": {"record_id": "oai:u-bordeaux-montaigne.fr:340407", "symbol_class": "building", "pixel_x": 2554.2, "pixel_y": 5409.6, "easting": 535605.1, "northing": 373224.3, "epsg_source": 22391}}, {"type": "Feature", "geometry": {"type": "Point", "coordinates": [10.3151, 36.6598]}, "properties": {"record_id": "oai:u-bordeaux-montaigne.fr:340407", "symbol_class": "building", "pixel_x": 2890.3, "pixel_y": 5412.8, "easting": 537051.0, "northing": 373101.2, "epsg_source": 22391}}, {"type": "Feature", "geometry": {"type": "Point", "coordinates": [10.38241, 36.65531]}, "properties": {"record_id": "oai:u-bordeaux-montaigne.fr:340407", "symbol_class": "building", "pixel_x": 4288.9, "pixel_y": 5416.5, "easting": 543069.9, "northing": 372630.7, "epsg_source": 22391}}, {"type": "Feature", "geometry": {"type": "Point", "coordinates": [10.38288, 36.6553]}, "properties": {"record_id": "oai:u-bordeaux-montaigne.fr:340407", "symbol_class": "building", "pixel_x": 4298.7, "pixel_y": 5416.0, "easting": 543111.9, "northing": 372629.5, "epsg_source": 22391}}, {"type": "Feature", "geometry": {"type": "Point", "coordinates": [10.40474, 36.65382]}, "properties": {"record_id": "oai:u-bordeaux-montaigne.fr:340407", "symbol_class": "building", "pixel_x": 4752.9, "pixel_y": 5417.4, "easting": 545066.6, "northing": 372475.7, "epsg_source": 22391}}, {"type": "Feature", "geometry": {"type": "Point", "coordinates": [10.5395, 36.64456]}, "properties": {"record_id": "oai:u-bordeaux-montaigne.fr:340407", "symbol_class": "building", "pixel_x": 7553.7, "pixel_y": 5428.1, "easting": 557118.5, "northing": 371519.0, "epsg_source": 22391}}, {"type": "Feature", "geometry": {"type": "Point", "coordinates": [10.43961, 36.65134]}, "properties": {"record_id": "oai:u-bordeaux-montaigne.fr:340407", "symbol_class": "building", "pixel_x": 5477.8, "pixel_y": 5422.8, "easting": 548185.0, "northing": 372217.1, "epsg_source": 22391}}, {"type": "Feature", "geometry": {"type": "Point", "coordinates": [10.44172, 36.65125]}, "properties": {"record_id": "oai:u-bordeaux-montaigne.fr:340407", "symbol_class": "building", "pixel_x": 5521.6, "pixel_y": 5421.6, "easting": 548374.0, "northing": 372207.8, "epsg_source": 22391}}, {"type": "Feature", "geometry": {"type": "Point", "coordinates": [10.44192, 36.6509]}, "properties": {"record_id": "oai:u-bordeaux-montaigne.fr:340407", "symbol_class": "building", "pixel_x": 5526.3, "pixel_y": 5430.5, "easting": 548391.4, "northing": 372169.0, "epsg_source": 22391}}, {"type": "Feature", "geometry": {"type": "Point", "coordinates": [10.47051, 36.64922]}, "properties": {"record_id": "oai:u-bordeaux-montaigne.fr:340407", "symbol_class": "building", "pixel_x": 6120.1, "pixel_y": 5425.4, "easting": 550948.6, "northing": 371997.3, "epsg_source": 22391}}, {"type": "Feature", "geometry": {"type": "Point", "coordinates": [10.33753, 36.65754]}, "properties": {"record_id": "oai:u-bordeaux-montaigne.fr:340407", "symbol_class": "building", "pixel_x": 3358.0, "pixel_y": 5434.3, "easting": 539057.3, "northing": 372858.6, "epsg_source": 22391}}, {"type": "Feature", "geometry": {"type": "Point", "coordinates": [10.43823, 36.6506]}, "properties": {"record_id": "oai:u-bordeaux-montaigne.fr:340407", "symbol_class": "building", "pixel_x": 5450.9, "pixel_y": 5444.6, "easting": 548062.2, "northing": 372134.1, "epsg_source": 22391}}, {"type": "Feature", "geometry": {"type": "Point", "coordinates": [10.31399, 36.65903]}, "properties": {"record_id": "oai:u-bordeaux-montaigne.fr:340407", "symbol_class": "building", "pixel_x": 2869.0, "pixel_y": 5435.1, "easting": 536952.4, "northing": 373014.6, "epsg_source": 22391}}, {"type": "Feature", "geometry": {"type": "Point", "coordinates": [10.31308, 36.65908]}, "properties": {"record_id": "oai:u-bordeaux-montaigne.fr:340407", "symbol_class": "building", "pixel_x": 2850.2, "pixel_y": 5435.2, "easting": 536871.1, "northing": 373020.0, "epsg_source": 22391}}, {"type": "Feature", "geometry": {"type": "Point", "coordinates": [10.4643, 36.64925]}, "properties": {"record_id": "oai:u-bordeaux-montaigne.fr:340407", "symbol_class": "building", "pixel_x": 5991.7, "pixel_y": 5435.3, "easting": 550393.2, "northing": 371997.1, "epsg_source": 22391}}, {"type": "Feature", "geometry": {"type": "Point", "coordinates": [10.465, 36.64921]}, "properties": {"record_id": "oai:u-bordeaux-montaigne.fr:340407", "symbol_class": "building", "pixel_x": 6006.3, "pixel_y": 5435.2, "easting": 550456.0, "northing": 371992.9, "epsg_source": 22391}}, {"type": "Feature", "geometry": {"type": "Point", "coordinates": [10.31179, 36.65905]}, "properties": {"record_id": "oai:u-bordeaux-montaigne.fr:340407", "symbol_class": "building", "pixel_x": 2823.6, "pixel_y": 5438.0, "easting": 536756.1, "northing": 373016.9, "epsg_source": 22391}}, {"type": "Feature", "geometry": {"type": "Point", "coordinates": [10.46194, 36.64929]}, "properties": {"record_id": "oai:u-bordeaux-montaigne.fr:340407", "symbol_class": "building", "pixel_x": 5943.0, "pixel_y": 5438.2, "easting": 550182.7, "northing": 372000.7, "epsg_source": 22391}}, {"type": "Feature", "geometry": {"type": "Point", "coordinates": [10.46305, 36.64924]}, "properties": {"record_id": "oai:u-bordeaux-montaigne.fr:340407", "symbol_class": "building", "pixel_x": 5966.0, "pixel_y": 5437.7, "easting": 550281.7, "northing": 371995.6, "epsg_source": 22391}}, {"type": "Feature", "geometry": {"type": "Point", "coordinates": [10.37115, 36.65505]}, "properties": {"record_id": "oai:u-bordeaux-montaigne.fr:340407", "symbol_class": "building", "pixel_x": 4057.0, "pixel_y": 5442.5, "easting": 542063.4, "northing": 372596.7, "epsg_source": 22391}}, {"type": "Feature", "geometry": {"type": "Point", "coordinates": [10.40484, 36.65283]}, "properties": {"record_id": "oai:u-bordeaux-montaigne.fr:340407", "symbol_class": "building", "pixel_x": 4756.9, "pixel_y": 5443.2, "easting": 545075.9, "northing": 372365.9, "epsg_source": 22391}}, {"type": "Feature", "geometry": {"type": "Point", "coordinates": [10.43991, 36.6504]}, "properties": {"record_id": "oai:u-bordeaux-montaigne.fr:340407", "symbol_class": "building", "pixel_x": 5485.9, "pixel_y": 5446.9, "easting": 548212.5, "northing": 372113.1, "epsg_source": 22391}}, {"type": "Feature", "geometry": {"type": "Point", "coordinates": [10.45268, 36.64931]}, "properties": {"record_id": "oai:u-bordeaux-montaigne.fr:340407", "symbol_class": "building", "pixel_x": 5751.7, "pixel_y": 5453.6, "easting": 549354.2, "northing": 371998.3, "epsg_source": 22391}}, {"type": "Feature", "geometry": {"type": "Point", "coordinates": [10.43831, 36.65001]}, "properties": {"record_id": "oai:u-bordeaux-montaigne.fr:340407", "symbol_class": "building", "pixel_x": 5453.7, "pixel_y": 5459.8, "easting": 548069.6, "northing": 372069.1, "epsg_source": 22391}}, {"type": "Feature", "geometry": {"type": "Point", "coordinates": [10.25717, 36.66159]}, "properties": {"record_id": "oai:u-bordeaux-montaigne.fr:340407", "symbol_class": "building", "pixel_x": 1691.0, "pixel_y": 5463.5, "easting": 531873.0, "northing": 373278.4, "epsg_source": 22391}}, {"type": "Feature", "geometry": {"type": "Point", "coordinates": [10.42713, 36.65065]}, "properties": {"record_id": "oai:u-bordeaux-montaigne.fr:340407", "symbol_class": "building", "pixel_x": 5221.5, "pixel_y": 5462.2, "easting": 547069.7, "northing": 372134.6, "epsg_source": 22391}}, {"type": "Feature", "geometry": {"type": "Point", "coordinates": [10.44113, 36.64954]}, "properties": {"record_id": "oai:u-bordeaux-montaigne.fr:340407", "symbol_class": "building", "pixel_x": 5512.8, "pixel_y": 5467.3, "easting": 548321.8, "northing": 372018.4, "epsg_source": 22391}}, {"type": "Feature", "geometry": {"type": "Point", "coordinates": [10.47262, 36.6474]}, "properties": {"record_id": "oai:u-bordeaux-montaigne.fr:340407", "symbol_class": "building", "pixel_x": 6167.3, "pixel_y": 5469.4, "easting": 551138.3, "northing": 371796.8, "epsg_source": 22391}}, {"type": "Feature", "geometry": {"type": "Point", "coordinates": [10.44412, 36.64942]}, "properties": {"record_id": "oai:u-bordeaux-montaigne.fr:340407", "symbol_class": "building", "pixel_x": 5574.8, "pixel_y": 5465.5, "easting": 548589.3, "northing": 372005.9, "epsg_source": 22391}}, {"type": "Feature", "geometry": {"type": "Point", "coordinates": [10.44335, 36.64941]}, "properties": {"record_id": "oai:u-bordeaux-montaigne.fr:340407", "symbol_class": "building", "pixel_x": 5559.0, "pixel_y": 5467.1, "easting": 548520.5, "northing": 372004.2, "epsg_source": 22391}}, {"type": "Feature", "geometry": {"type": "Point", "coordinates": [10.5511, 36.64216]}, "properties": {"record_id": "oai:u-bordeaux-montaigne.fr:340407", "symbol_class": "building", "pixel_x": 7798.2, "pixel_y": 5471.0, "easting": 558157.4, "northing": 371259.0, "epsg_source": 22391}}, {"type": "Feature", "geometry": {"type": "Point", "coordinates": [10.29232, 36.6591]}, "properties": {"record_id": "oai:u-bordeaux-montaigne.fr:340407", "symbol_class": "building", "pixel_x": 2421.5, "pixel_y": 5469.8, "easting": 535015.3, "northing": 373014.4, "epsg_source": 22391}}, {"type": "Feature", "geometry": {"type": "Point", "coordinates": [10.29135, 36.65914]}, "properties": {"record_id": "oai:u-bordeaux-montaigne.fr:340407", "symbol_class": "building", "pixel_x": 2401.5, "pixel_y": 5470.3, "easting": 534929.2, "northing": 373018.5, "epsg_source": 22391}}, {"type": "Feature", "geometry": {"type": "Point", "coordinates": [10.25728, 36.66106]}, "properties": {"record_id": "oai:u-bordeaux-montaigne.fr:340407", "symbol_class": "building", "pixel_x": 1694.2, "pixel_y": 5477.1, "easting": 531882.5, "northing": 373220.1, "epsg_source": 22391}}, {"type": "Feature", "geometry": {"type": "Point", "coordinates": [10.2895, 36.65914]}, "properties": {"record_id": "oai:u-bordeaux-montaigne.fr:340407", "symbol_class": "building", "pixel_x": 2363.2, "pixel_y": 5473.3, "easting": 534763.1, "northing": 373018.4, "epsg_source": 22391}}, {"type": "Feature", "geometry": {"type": "Point", "coordinates": [10.37114, 36.6537]}, "properties": {"record_id": "oai:u-bordeaux-montaigne.fr:340407", "symbol_class": "building", "pixel_x": 4059.5, "pixel_y": 5478.0, "easting": 542063.2, "northing": 372446.4, "epsg_source": 22391}}, {"type": "Feature", "geometry": {"type": "Point", "coordinates": [10.43952, 36.64937]}, "properties": {"record_id": "oai:u-bordeaux-montaigne.fr:340407", "symbol_class": "building", "pixel_x": 5479.9, "pixel_y": 5474.6, "easting": 548177.9, "northing": 371998.5, "epsg_source": 22391}}, {"type": "Feature", "geometry": {"type": "Point", "coordinates": [10.44018, 36.6494]}, "properties": {"record_id": "oai:u-bordeaux-montaigne.fr:340407", "symbol_class": "building", "pixel_x": 5493.5, "pixel_y": 5472.8, "easting": 548237.2, "northing": 372001.7, "epsg_source": 22391}}, {"type": "Feature", "geometry": {"type": "Point", "coordinates": [10.57663, 36.64031]}, "properties": {"record_id": "oai:u-bordeaux-montaigne.fr:340407", "symbol_class": "building", "pixel_x": 8329.2, "pixel_y": 5475.0, "easting": 560441.8, "northing": 371069.6, "epsg_source": 22391}}, {"type": "Feature", "geometry": {"type": "Point", "coordinates": [10.288, 36.65915]}, "properties": {"record_id": "oai:u-bordeaux-montaigne.fr:340407", "symbol_class": "building", "pixel_x": 2332.2, "pixel_y": 5475.6, "easting": 534629.1, "northing": 373019.0, "epsg_source": 22391}}, {"type": "Feature", "geometry": {"type": "Point", "coordinates": [10.55068, 36.64192]}, "properties": {"record_id": "oai:u-bordeaux-montaigne.fr:340407", "symbol_class": "building", "pixel_x": 7790.1, "pixel_y": 5478.0, "easting": 558120.6, "northing": 371232.3, "epsg_source": 22391}}, {"type": "Feature", "geometry": {"type": "Point", "coordinates": [10.28734, 36.65916]}, "properties": {"record_id": "oai:u-bordeaux-montaigne.fr:340407", "symbol_class": "building", "pixel_x": 2318.6, "pixel_y": 5476.6, "easting": 534570.2, "northing": 373019.1, "epsg_source": 22391}}, {"type": "Feature", "geometry": {"type": "Point", "coordinates": [10.41592, 36.65054]}, "properties": {"record_id": "oai:u-bordeaux-montaigne.fr:340407", "symbol_class": "building", "pixel_x": 4990.3, "pixel_y": 5484.5, "easting": 546067.5, "northing": 372116.3, "epsg_source": 22391}}, {"type": "Feature", "geometry": {"type": "Point", "coordinates": [10.28688, 36.65918]}, "properties": {"record_id": "oai:u-bordeaux-montaigne.fr:340407", "symbol_class": "building", "pixel_x": 2309.2, "pixel_y": 5476.8, "easting": 534529.6, "northing": 373021.4, "epsg_source": 22391}}, {"type": "Feature", "geometry": {"type": "Point", "coordinates": [10.43824, 36.64919]}, "properties": {"record_id": "oai:u-bordeaux-montaigne.fr:340407", "symbol_class": "building", "pixel_x": 5453.9, "pixel_y": 5481.7, "easting": 548063.8, "northing": 371977.2, "epsg_source": 22391}}, {"type": "Feature", "geometry": {"type": "Point", "coordinates": [10.24782, 36.66154]}, "properties": {"record_id": "oai:u-bordeaux-montaigne.fr:340407", "symbol_class": "building", "pixel_x": 1498.1, "pixel_y": 5480.4, "easting": 531037.4, "northing": 373270.0, "epsg_source": 22391}}, {"type": "Feature", "geometry": {"type": "Point", "coordinates": [10.28545, 36.65916]}, "properties": {"record_id": "oai:u-bordeaux-montaigne.fr:340407", "symbol_class": "building", "pixel_x": 2279.6, "pixel_y": 5479.6, "easting": 534401.6, "northing": 373019.3, "epsg_source": 22391}}, {"type": "Feature", "geometry": {"type": "Point", "coordinates": [10.28459, 36.65917]}, "properties": {"record_id": "oai:u-bordeaux-montaigne.fr:340407", "symbol_class": "building", "pixel_x": 2261.8, "pixel_y": 5480.9, "easting": 534324.2, "northing": 373019.3, "epsg_source": 22391}}, {"type": "Feature", "geometry": {"type": "Point", "coordinates": [10.42168, 36.65022]}, "properties": {"record_id": "oai:u-bordeaux-montaigne.fr:340407", "symbol_class": "building", "pixel_x": 5109.9, "pixel_y": 5483.0, "easting": 546582.7, "northing": 372083.7, "epsg_source": 22391}}, {"type": "Feature", "geometry": {"type": "Point", "coordinates": [10.35998, 36.65404]}, "properties": {"record_id": "oai:u-bordeaux-montaigne.fr:340407", "symbol_class": "building", "pixel_x": 3828.5, "pixel_y": 5487.9, "easting": 541065.5, "northing": 372480.3, "epsg_source": 22391}}, {"type": "Feature", "geometry": {"type": "Point", "coordinates": [10.43147, 36.64947]}, "properties": {"record_id": "oai:u-bordeaux-montaigne.fr:340407", "symbol_class": "building", "pixel_x": 5313.7, "pixel_y": 5485.8, "easting": 547458.8, "northing": 372005.4, "epsg_source": 22391}}, {"type": "Feature", "geometry": {"type": "Point", "coordinates": [10.55064, 36.64141]}, "properties": {"record_id": "oai:u-bordeaux-montaigne.fr:340407", "symbol_class": "building", "pixel_x": 7790.3, "pixel_y": 5491.3, "easting": 558117.2, "northing": 371176.2, "epsg_source": 22391}}, {"type": "Feature", "geometry": {"type": "Point", "coordinates": [10.43885, 36.64873]}, "properties": {"record_id": "oai:u-bordeaux-montaigne.fr:340407", "symbol_class": "building", "pixel_x": 5467.5, "pixel_y": 5492.5, "easting": 548118.9, "northing": 371927.2, "epsg_source": 22391}}, {"type": "Feature", "geometry": {"type": "Point", "coordinates": [10.42708, 36.64948]}, "properties": {"record_id": "oai:u-bordeaux-montaigne.fr:340407", "symbol_class": "building", "pixel_x": 5222.9, "pixel_y": 5493.2, "easting": 547065.9, "northing": 372003.9, "epsg_source": 22391}}, {"type": "Feature", "geometry": {"type": "Point", "coordinates": [10.52827, 36.6425]}, "properties": {"record_id": "oai:u-bordeaux-montaigne.fr:340407", "symbol_class": "building", "pixel_x": 7326.2, "pixel_y": 5501.7, "easting": 556116.4, "northing": 371283.7, "epsg_source": 22391}}, {"type": "Feature", "geometry": {"type": "Point", "coordinates": [10.4495, 36.64785]}, "properties": {"record_id": "oai:u-bordeaux-montaigne.fr:340407", "symbol_class": "building", "pixel_x": 5689.1, "pixel_y": 5497.4, "easting": 549071.0, "northing": 371834.4, "epsg_source": 22391}}, {"type": "Feature", "geometry": {"type": "Point", "coordinates": [10.54806, 36.64125]}, "properties": {"record_id": "oai:u-bordeaux-montaigne.fr:340407", "symbol_class": "building", "pixel_x": 7737.4, "pixel_y": 5500.2, "easting": 557886.7, "northing": 371156.1, "epsg_source": 22391}}, {"type": "Feature", "geometry": {"type": "Point", "coordinates": [10.32017, 36.65621]}, "properties": {"record_id": "oai:u-bordeaux-montaigne.fr:340407", "symbol_class": "building", "pixel_x": 3002.2, "pixel_y": 5498.5, "easting": 537506.0, "northing": 372704.4, "epsg_source": 22391}}, {"type": "Feature", "geometry": {"type": "Point", "coordinates": [10.55071, 36.64098]}, "properties": {"record_id": "oai:u-bordeaux-montaigne.fr:340407", "symbol_class": "building", "pixel_x": 7792.6, "pixel_y": 5502.4, "easting": 558123.6, "northing": 371128.7, "epsg_source": 22391}}, {"type": "Feature", "geometry": {"type": "Point", "coordinates": [10.57719, 36.63933]}, "properties": {"record_id": "oai:u-bordeaux-montaigne.fr:340407", "symbol_class": "building", "pixel_x": 8342.6, "pixel_y": 5499.6, "easting": 560491.9, "northing": 370961.8, "epsg_source": 22391}}, {"type": "Feature", "geometry": {"type": "Point", "coordinates": [10.33928, 36.65487]}, "properties": {"record_id": "oai:u-bordeaux-montaigne.fr:340407", "symbol_class": "building", "pixel_x": 3399.4, "pixel_y": 5501.3, "easting": 539214.6, "northing": 372563.4, "epsg_source": 22391}}, {"type": "Feature", "geometry": {"type": "Point", "coordinates": [10.42098, 36.64955]}, "properties": {"record_id": "oai:u-bordeaux-montaigne.fr:340407", "symbol_class": "building", "pixel_x": 5096.9, "pixel_y": 5501.6, "easting": 546521.1, "northing": 372009.6, "epsg_source": 22391}}, {"type": "Feature", "geometry": {"type": "Point", "coordinates": [10.42202, 36.64949]}, "properties": {"record_id": "oai:u-bordeaux-montaigne.fr:340407", "symbol_class": "building", "pixel_x": 5118.4, "pixel_y": 5501.6, "easting": 546613.4, "northing": 372002.6, "epsg_source": 22391}}, {"type": "Feature", "geometry": {"type": "Point", "coordinates": [10.42028, 36.64953]}, "properties": {"record_id": "oai:u-bordeaux-montaigne.fr:340407", "symbol_class": "building", "pixel_x": 5082.4, "pixel_y": 5503.4, "easting": 546457.8, "northing": 372006.9, "epsg_source": 22391}}, {"type": "Feature", "geometry": {"type": "Point", "coordinates": [10.40482, 36.65023]}, "properties": {"record_id": "oai:u-bordeaux-montaigne.fr:340407", "symbol_class": "building", "pixel_x": 4761.9, "pixel_y": 5511.4, "easting": 545075.8, "northing": 372077.4, "epsg_source": 22391}}, {"type": "Feature", "geometry": {"type": "Point", "coordinates": [10.30393, 36.65676]}, "properties": {"record_id": "oai:u-bordeaux-montaigne.fr:340407", "symbol_class": "building", "pixel_x": 2666.0, "pixel_y": 5511.5, "easting": 536054.5, "northing": 372759.2, "epsg_source": 22391}}, {"type": "Feature", "geometry": {"type": "Point", "coordinates": [10.32625, 36.65553]}, "properties": {"record_id": "oai:u-bordeaux-montaigne.fr:340407", "symbol_class": "building", "pixel_x": 3129.2, "pixel_y": 5505.9, "easting": 538050.3, "northing": 372631.8, "epsg_source": 22391}}, {"type": "Feature", "geometry": {"type": "Point", "coordinates": [10.41896, 36.64955]}, "properties": {"record_id": "oai:u-bordeaux-montaigne.fr:340407", "symbol_class": "building", "pixel_x": 5055.2, "pixel_y": 5505.3, "easting": 546340.4, "northing": 372007.7, "epsg_source": 22391}}, {"type": "Feature", "geometry": {"type": "Point", "coordinates": [10.25663, 36.65974]}, "properties": {"record_id": "oai:u-bordeaux-montaigne.fr:340407", "symbol_class": "building", "pixel_x": 1683.5, "pixel_y": 5512.8, "easting": 531825.2, "northing": 373073.6, "epsg_source": 22391}}, {"type": "Feature", "geometry": {"type": "Point", "coordinates": [10.42277, 36.64906]}, "properties": {"record_id": "oai:u-bordeaux-montaigne.fr:340407", "symbol_class": "building", "pixel_x": 5134.9, "pixel_y": 5511.4, "easting": 546681.2, "northing": 371956.1, "epsg_source": 22391}}, {"type": "Feature", "geometry": {"type": "Point", "coordinates": [10.56954, 36.63939]}, "properties": {"record_id": "oai:u-bordeaux-montaigne.fr:340407", "symbol_class": "building", "pixel_x": 8184.7, "pixel_y": 5511.5, "easting": 559808.4, "northing": 370963.1, "epsg_source": 22391}}, {"type": "Feature", "geometry": {"type": "Point", "coordinates": [10.41293, 36.64959]}, "properties": {"record_id": "oai:u-bordeaux-montaigne.fr:340407", "symbol_class": "building", "pixel_x": 4930.6, "pixel_y": 5514.4, "easting": 545801.0, "northing": 372009.8, "epsg_source": 22391}}, {"type": "Feature", "geometry": {"type": "Point", "coordinates": [10.47537, 36.64535]}, "properties": {"record_id": "oai:u-bordeaux-montaigne.fr:340407", "symbol_class": "building", "pixel_x": 6228.2, "pixel_y": 5518.3, "easting": 551385.2, "northing": 371571.0, "epsg_source": 22391}}, {"type": "Feature", "geometry": {"type": "Point", "coordinates": [10.56631, 36.63941]}, "properties": {"record_id": "oai:u-bordeaux-montaigne.fr:340407", "symbol_class": "building", "pixel_x": 8118.0, "pixel_y": 5516.6, "easting": 559519.7, "northing": 370963.3, "epsg_source": 22391}}, {"type": "Feature", "geometry": {"type": "Point", "coordinates": [10.56179, 36.63945]}, "properties": {"record_id": "oai:u-bordeaux-montaigne.fr:340407", "symbol_class": "building", "pixel_x": 8024.5, "pixel_y": 5523.3, "easting": 559115.1, "northing": 370965.3, "epsg_source": 22391}}, {"type": "Feature", "geometry": {"type": "Point", "coordinates": [10.40775, 36.64957]}, "properties": {"record_id": "oai:u-bordeaux-montaigne.fr:340407", "symbol_class": "building", "pixel_x": 4823.8, "pixel_y": 5523.7, "easting": 545338.4, "northing": 372005.4, "epsg_source": 22391}}, {"type": "Feature", "geometry": {"type": "Point", "coordinates": [10.53947, 36.64081]}, "properties": {"record_id": "oai:u-bordeaux-montaigne.fr:340407", "symbol_class": "building", "pixel_x": 7561.0, "pixel_y": 5526.5, "easting": 557119.1, "northing": 371102.8, "epsg_source": 22391}}, {"type": "Feature", "geometry": {"type": "Point", "coordinates": [10.32629, 36.65458]}, "properties": {"record_id": "oai:u-bordeaux-montaigne.fr:340407", "symbol_class": "building", "pixel_x": 3131.9, "pixel_y": 5530.9, "easting": 538054.0, "northing": 372525.8, "epsg_source": 22391}}, {"type": "Feature", "geometry": {"type": "Point", "coordinates": [10.55863, 36.63948]}, "properties": {"record_id": "oai:u-bordeaux-montaigne.fr:340407", "symbol_class": "building", "pixel_x": 7959.3, "pixel_y": 5528.0, "easting": 558833.2, "northing": 370966.8, "epsg_source": 22391}}, {"type": "Feature", "geometry": {"type": "Point", "coordinates": [10.25652, 36.65904]}, "properties": {"record_id": "oai:u-bordeaux-montaigne.fr:340407", "symbol_class": "building", "pixel_x": 1682.7, "pixel_y": 5531.4, "easting": 531816.1, "northing": 372995.5, "epsg_source": 22391}}, {"type": "Feature", "geometry": {"type": "Point", "coordinates": [10.4022, 36.64964]}, "properties": {"record_id": "oai:u-bordeaux-montaigne.fr:340407", "symbol_class": "building", "pixel_x": 4708.9, "pixel_y": 5531.4, "easting": 544841.5, "northing": 372010.4, "epsg_source": 22391}}, {"type": "Feature", "geometry": {"type": "Point", "coordinates": [10.56188, 36.63879]}, "properties": {"record_id": "oai:u-bordeaux-montaigne.fr:340407", "symbol_class": "building", "pixel_x": 8027.9, "pixel_y": 5540.5, "easting": 559124.3, "northing": 370891.9, "epsg_source": 22391}}, {"type": "Feature", "geometry": {"type": "Point", "coordinates": [10.25133, 36.65935]}, "properties": {"record_id": "oai:u-bordeaux-montaigne.fr:340407", "symbol_class": "building", "pixel_x": 1574.9, "pixel_y": 5532.0, "easting": 531352.1, "northing": 373028.2, "epsg_source": 22391}}, {"type": "Feature", "geometry": {"type": "Point", "coordinates": [10.25067, 36.65933]}, "properties": {"record_id": "oai:u-bordeaux-montaigne.fr:340407", "symbol_class": "building", "pixel_x": 1561.2, "pixel_y": 5533.6, "easting": 531292.6, "northing": 373025.6, "epsg_source": 22391}}, {"type": "Feature", "geometry": {"type": "Point", "coordinates": [10.38234, 36.65041]}, "properties": {"record_id": "oai:u-bordeaux-montaigne.fr:340407", "symbol_class": "building", "pixel_x": 4297.4, "pixel_y": 5545.0, "easting": 543066.3, "northing": 372087.4, "epsg_source": 22391}}, {"type": "Feature", "geometry": {"type": "Point", "coordinates": [10.27965, 36.65708]}, "properties": {"record_id": "oai:u-bordeaux-montaigne.fr:340407", "symbol_class": "building", "pixel_x": 2164.1, "pixel_y": 5544.0, "easting": 533884.1, "northing": 372785.9, "epsg_source": 22391}}, {"type": "Feature", "geometry": {"type": "Point", "coordinates": [10.44951, 36.64617]}, "properties": {"record_id": "oai:u-bordeaux-montaigne.fr:340407", "symbol_class": "building", "pixel_x": 5692.8, "pixel_y": 5541.4, "easting": 549073.3, "northing": 371648.2, "epsg_source": 22391}}, {"type": "Feature", "geometry": {"type": "Point", "coordinates": [10.32631, 36.65387]}, "properties": {"record_id": "oai:u-bordeaux-montaigne.fr:340407", "symbol_class": "building", "pixel_x": 3133.8, "pixel_y": 5549.5, "easting": 538056.4, "northing": 372447.0, "epsg_source": 22391}}, {"type": "Feature", "geometry": {"type": "Point", "coordinates": [10.34831, 36.65253]}, "properties": {"record_id": "oai:u-bordeaux-montaigne.fr:340407", "symbol_class": "building", "pixel_x": 3590.7, "pixel_y": 5547.4, "easting": 540023.5, "northing": 372307.2, "epsg_source": 22391}}, {"type": "Feature", "geometry": {"type": "Point", "coordinates": [10.39409, 36.64965]}, "properties": {"record_id": "oai:u-bordeaux-montaigne.fr:340407", "symbol_class": "building", "pixel_x": 4541.5, "pixel_y": 5545.0, "easting": 544116.8, "northing": 372007.8, "epsg_source": 22391}}, {"type": "Feature", "geometry": {"type": "Point", "coordinates": [10.5472, 36.63957]}, "properties": {"record_id": "oai:u-bordeaux-montaigne.fr:340407", "symbol_class": "building", "pixel_x": 7723.1, "pixel_y": 5545.6, "easting": 557811.1, "northing": 370969.6, "epsg_source": 22391}}, {"type": "Feature", "geometry": {"type": "Point", "coordinates": [10.39318, 36.64963]}, "properties": {"record_id": "oai:u-bordeaux-montaigne.fr:340407", "symbol_class": "building", "pixel_x": 4522.7, "pixel_y": 5547.0, "easting": 544035.2, "northing": 372005.5, "epsg_source": 22391}}, {"type": "Feature", "geometry": {"type": "Point", "coordinates": [10.25621, 36.65815]}, "properties": {"record_id": "oai:u-bordeaux-montaigne.fr:340407", "symbol_class": "building", "pixel_x": 1678.1, "pixel_y": 5555.3, "easting": 531788.8, "northing": 372896.4, "epsg_source": 22391}}, {"type": "Feature", "geometry": {"type": "Point", "coordinates": [10.47275, 36.64413]}, "properties": {"record_id": "oai:u-bordeaux-montaigne.fr:340407", "symbol_class": "building", "pixel_x": 6176.7, "pixel_y": 5554.8, "easting": 551152.0, "northing": 371434.2, "epsg_source": 22391}}, {"type": "Feature", "geometry": {"type": "Point", "coordinates": [10.39048, 36.64968]}, "properties": {"record_id": "oai:u-bordeaux-montaigne.fr:340407", "symbol_class": "building", "pixel_x": 4466.9, "pixel_y": 5550.4, "easting": 543794.1, "northing": 372009.4, "epsg_source": 22391}}, {"type": "Feature", "geometry": {"type": "Point", "coordinates": [10.31814, 36.65424]}, "properties": {"record_id": "oai:u-bordeaux-montaigne.fr:340407", "symbol_class": "building", "pixel_x": 2964.2, "pixel_y": 5553.6, "easting": 537325.2, "northing": 372484.9, "epsg_source": 22391}}, {"type": "Feature", "geometry": {"type": "Point", "coordinates": [10.48326, 36.64328]}, "properties": {"record_id": "oai:u-bordeaux-montaigne.fr:340407", "symbol_class": "building", "pixel_x": 6395.5, "pixel_y": 5559.2, "easting": 552092.2, "northing": 371344.6, "epsg_source": 22391}}, {"type": "Feature", "geometry": {"type": "Point", "coordinates": [10.38901, 36.64969]}, "properties": {"record_id": "oai:u-bordeaux-montaigne.fr:340407", "symbol_class": "building", "pixel_x": 4436.5, "pixel_y": 5552.5, "easting": 543662.5, "northing": 372010.3, "epsg_source": 22391}}, {"type": "Feature", "geometry": {"type": "Point", "coordinates": [10.24785, 36.65847]}, "properties": {"record_id": "oai:u-bordeaux-montaigne.fr:340407", "symbol_class": "building", "pixel_x": 1504.8, "pixel_y": 5560.8, "easting": 531041.1, "northing": 372929.9, "epsg_source": 22391}}, {"type": "Feature", "geometry": {"type": "Point", "coordinates": [10.38758, 36.64966]}, "properties": {"record_id": "oai:u-bordeaux-montaigne.fr:340407", "symbol_class": "building", "pixel_x": 4407.1, "pixel_y": 5555.9, "easting": 543535.0, "northing": 372005.6, "epsg_source": 22391}}, {"type": "Feature", "geometry": {"type": "Point", "coordinates": [10.42139, 36.64736]}, "properties": {"record_id": "oai:u-bordeaux-montaigne.fr:340407", "symbol_class": "building", "pixel_x": 5109.8, "pixel_y": 5558.5, "easting": 546558.7, "northing": 371766.1, "epsg_source": 22391}}, {"type": "Feature", "geometry": {"type": "Point", "coordinates": [10.50144, 36.64184]}, "properties": {"record_id": "oai:u-bordeaux-montaigne.fr:340407", "symbol_class": "building", "pixel_x": 6773.6, "pixel_y": 5565.3, "easting": 553717.9, "northing": 371195.8, "epsg_source": 22391}}, {"type": "Feature", "geometry": {"type": "Point", "coordinates": [10.38228, 36.64976]}, "properties": {"record_id": "oai:u-bordeaux-montaigne.fr:340407", "symbol_class": "building", "pixel_x": 4297.6, "pixel_y": 5562.1, "easting": 543061.6, "northing": 372015.1, "epsg_source": 22391}}, {"type": "Feature", "geometry": {"type": "Point", "coordinates": [10.53618, 36.63964]}, "properties": {"record_id": "oai:u-bordeaux-montaigne.fr:340407", "symbol_class": "building", "pixel_x": 7495.5, "pixel_y": 5563.0, "easting": 556825.8, "northing": 370970.6, "epsg_source": 22391}}, {"type": "Feature", "geometry": {"type": "Point", "coordinates": [10.4222, 36.64703]}, "properties": {"record_id": "oai:u-bordeaux-montaigne.fr:340407", "symbol_class": "building", "pixel_x": 5127.3, "pixel_y": 5565.6, "easting": 546631.5, "northing": 371730.4, "epsg_source": 22391}}, {"type": "Feature", "geometry": {"type": "Point", "coordinates": [10.4504, 36.64517]}, "properties": {"record_id": "oai:u-bordeaux-montaigne.fr:340407", "symbol_class": "building", "pixel_x": 5713.3, "pixel_y": 5566.2, "easting": 549153.7, "northing": 371537.4, "epsg_source": 22391}}, {"type": "Feature", "geometry": {"type": "Point", "coordinates": [10.25601, 36.65739]}, "properties": {"record_id": "oai:u-bordeaux-montaigne.fr:340407", "symbol_class": "building", "pixel_x": 1675.4, "pixel_y": 5575.4, "easting": 531770.9, "northing": 372812.6, "epsg_source": 22391}}, {"type": "Feature", "geometry": {"type": "Point", "coordinates": [10.25628, 36.65755]}, "properties": {"record_id": "oai:u-bordeaux-montaigne.fr:340407", "symbol_class": "building", "pixel_x": 1680.7, "pixel_y": 5570.8, "easting": 531795.2, "northing": 372830.5, "epsg_source": 22391}}, {"type": "Feature", "geometry": {"type": "Point", "coordinates": [10.51699, 36.64046]}, "properties": {"record_id": "oai:u-bordeaux-montaigne.fr:340407", "symbol_class": "building", "pixel_x": 7097.5, "pixel_y": 5574.8, "easting": 555109.1, "northing": 371050.7, "epsg_source": 22391}}, {"type": "Feature", "geometry": {"type": "Point", "coordinates": [10.53177, 36.6397]}, "properties": {"record_id": "oai:u-bordeaux-montaigne.fr:340407", "symbol_class": "building", "pixel_x": 7404.3, "pixel_y": 5569.1, "easting": 556431.4, "northing": 370974.8, "epsg_source": 22391}}, {"type": "Feature", "geometry": {"type": "Point", "coordinates": [10.37684, 36.64975]}, "properties": {"record_id": "oai:u-bordeaux-montaigne.fr:340407", "symbol_class": "building", "pixel_x": 4185.3, "pixel_y": 5571.9, "easting": 542575.1, "northing": 372010.7, "epsg_source": 22391}}, {"type": "Feature", "geometry": {"type": "Point", "coordinates": [10.42157, 36.64682]}, "properties": {"record_id": "oai:u-bordeaux-montaigne.fr:340407", "symbol_class": "building", "pixel_x": 5114.7, "pixel_y": 5572.4, "easting": 546575.4, "northing": 371706.2, "epsg_source": 22391}}, {"type": "Feature", "geometry": {"type": "Point", "coordinates": [10.53095, 36.63968]}, "properties": {"record_id": "oai:u-bordeaux-montaigne.fr:340407", "symbol_class": "building", "pixel_x": 7387.3, "pixel_y": 5571.0, "easting": 556357.7, "northing": 370972.2, "epsg_source": 22391}}, {"type": "Feature", "geometry": {"type": "Point", "coordinates": [10.2456, 36.65815]}, "properties": {"record_id": "oai:u-bordeaux-montaigne.fr:340407", "symbol_class": "building", "pixel_x": 1458.9, "pixel_y": 5572.9, "easting": 530839.8, "northing": 372893.6, "epsg_source": 22391}}, {"type": "Feature", "geometry": {"type": "Point", "coordinates": [10.35993, 36.65072]}, "properties": {"record_id": "oai:u-bordeaux-montaigne.fr:340407", "symbol_class": "building", "pixel_x": 3834.2, "pixel_y": 5575.0, "easting": 541063.0, "northing": 372111.6, "epsg_source": 22391}}, {"type": "Feature", "geometry": {"type": "Point", "coordinates": [10.42712, 36.64633]}, "properties": {"record_id": "oai:u-bordeaux-montaigne.fr:340407", "symbol_class": "building", "pixel_x": 5230.1, "pixel_y": 5575.5, "easting": 547071.1, "northing": 371655.4, "epsg_source": 22391}}, {"type": "Feature", "geometry": {"type": "Point", "coordinates": [10.52864, 36.63972]}, "properties": {"record_id": "oai:u-bordeaux-montaigne.fr:340407", "symbol_class": "building", "pixel_x": 7339.5, "pixel_y": 5573.9, "easting": 556151.1, "northing": 370975.7, "epsg_source": 22391}}, {"type": "Feature", "geometry": {"type": "Point", "coordinates": [10.2455, 36.65776]}, "properties": {"record_id": "oai:u-bordeaux-montaigne.fr:340407", "symbol_class": "building", "pixel_x": 1457.6, "pixel_y": 5583.3, "easting": 530831.1, "northing": 372850.5, "epsg_source": 22391}}, {"type": "Feature", "geometry": {"type": "Point", "coordinates": [10.4166, 36.64677]}, "properties": {"record_id": "oai:u-bordeaux-montaigne.fr:340407", "symbol_class": "building", "pixel_x": 5012.1, "pixel_y": 5582.2, "easting": 546130.6, "northing": 371698.3, "epsg_source": 22391}}, {"type": "Feature", "geometry": {"type": "Point", "coordinates": [10.34867, 36.65111]}, "properties": {"record_id": "oai:u-bordeaux-montaigne.fr:340407", "symbol_class": "building", "pixel_x": 3600.9, "pixel_y": 5583.8, "easting": 540056.2, "northing": 372150.6, "epsg_source": 22391}}, {"type": "Feature", "geometry": {"type": "Point", "coordinates": [10.44859, 36.64466]}, "properties": {"record_id": "oai:u-bordeaux-montaigne.fr:340407", "symbol_class": "building", "pixel_x": 5676.9, "pixel_y": 5582.7, "easting": 548992.1, "northing": 371479.8, "epsg_source": 22391}}, {"type": "Feature", "geometry": {"type": "Point", "coordinates": [10.55063, 36.63782]}, "properties": {"record_id": "oai:u-bordeaux-montaigne.fr:340407", "symbol_class": "building", "pixel_x": 7797.6, "pixel_y": 5585.6, "easting": 558118.9, "northing": 370777.4, "epsg_source": 22391}}, {"type": "Feature", "geometry": {"type": "Point", "coordinates": [10.24585, 36.65763]}, "properties": {"record_id": "oai:u-bordeaux-montaigne.fr:340407", "symbol_class": "building", "pixel_x": 1465.2, "pixel_y": 5586.2, "easting": 530862.6, "northing": 372835.8, "epsg_source": 22391}}, {"type": "Feature", "geometry": {"type": "Point", "coordinates": [10.36746, 36.64984]}, "properties": {"record_id": "oai:u-bordeaux-montaigne.fr:340407", "symbol_class": "building", "pixel_x": 3991.5, "pixel_y": 5585.3, "easting": 541736.9, "northing": 372017.4, "epsg_source": 22391}}, {"type": "Feature", "geometry": {"type": "Point", "coordinates": [10.41589, 36.64632]}, "properties": {"record_id": "oai:u-bordeaux-montaigne.fr:340407", "symbol_class": "building", "pixel_x": 4998.3, "pixel_y": 5595.2, "easting": 546067.3, "northing": 371648.0, "epsg_source": 22391}}, {"type": "Feature", "geometry": {"type": "Point", "coordinates": [10.4479, 36.64451]}, "properties": {"record_id": "oai:u-bordeaux-montaigne.fr:340407", "symbol_class": "building", "pixel_x": 5662.9, "pixel_y": 5587.6, "easting": 548930.4, "northing": 371463.5, "epsg_source": 22391}}, {"type": "Feature", "geometry": {"type": "Point", "coordinates": [10.3614, 36.64991]}, "properties": {"record_id": "oai:u-bordeaux-montaigne.fr:340407", "symbol_class": "building", "pixel_x": 3866.2, "pixel_y": 5593.9, "easting": 541195.1, "northing": 372021.8, "epsg_source": 22391}}, {"type": "Feature", "geometry": {"type": "Point", "coordinates": [10.47815, 36.64228]}, "properties": {"record_id": "oai:u-bordeaux-montaigne.fr:340407", "symbol_class": "building", "pixel_x": 6291.9, "pixel_y": 5594.2, "easting": 551635.7, "northing": 371231.1, "epsg_source": 22391}}, {"type": "Feature", "geometry": {"type": "Point", "coordinates": [10.29842, 36.65413]}, "properties": {"record_id": "oai:u-bordeaux-montaigne.fr:340407", "symbol_class": "building", "pixel_x": 2557.3, "pixel_y": 5589.6, "easting": 535562.6, "northing": 372466.1, "epsg_source": 22391}}, {"type": "Feature", "geometry": {"type": "Point", "coordinates": [10.36205, 36.64996]}, "properties": {"record_id": "oai:u-bordeaux-montaigne.fr:340407", "symbol_class": "building", "pixel_x": 3879.5, "pixel_y": 5591.5, "easting": 541252.7, "northing": 372027.7, "epsg_source": 22391}}, {"type": "Feature", "geometry": {"type": "Point", "coordinates": [10.35987, 36.65016]}, "properties": {"record_id": "oai:u-bordeaux-montaigne.fr:340407", "symbol_class": "building", "pixel_x": 3834.1, "pixel_y": 5589.8, "easting": 541057.9, "northing": 372049.5, "epsg_source": 22391}}, {"type": "Feature", "geometry": {"type": "Point", "coordinates": [10.51661, 36.63978]}, "properties": {"record_id": "oai:u-bordeaux-montaigne.fr:340407", "symbol_class": "building", "pixel_x": 7091.2, "pixel_y": 5593.2, "easting": 555076.3, "northing": 370975.4, "epsg_source": 22391}}, {"type": "Feature", "geometry": {"type": "Point", "coordinates": [10.51588, 36.63978]}, "properties": {"record_id": "oai:u-bordeaux-montaigne.fr:340407", "symbol_class": "building", "pixel_x": 7076.1, "pixel_y": 5594.4, "easting": 555011.0, "northing": 370975.1, "epsg_source": 22391}}, {"type": "Feature", "geometry": {"type": "Point", "coordinates": [10.44333, 36.64442]}, "properties": {"record_id": "oai:u-bordeaux-montaigne.fr:340407", "symbol_class": "building", "pixel_x": 5568.8, "pixel_y": 5598.0, "easting": 548522.0, "northing": 371450.5, "epsg_source": 22391}}, {"type": "Feature", "geometry": {"type": "Point", "coordinates": [10.35997, 36.64983]}, "properties": {"record_id": "oai:u-bordeaux-montaigne.fr:340407", "symbol_class": "building", "pixel_x": 3836.8, "pixel_y": 5598.3, "easting": 541066.8, "northing": 372013.0, "epsg_source": 22391}}, {"type": "Feature", "geometry": {"type": "Point", "coordinates": [10.45113, 36.64368]}, "properties": {"record_id": "oai:u-bordeaux-montaigne.fr:340407", "symbol_class": "building", "pixel_x": 5731.4, "pixel_y": 5604.0, "easting": 549220.0, "northing": 371372.5, "epsg_source": 22391}}, {"type": "Feature", "geometry": {"type": "Point", "coordinates": [10.32627, 36.65177]}, "properties": {"record_id": "oai:u-bordeaux-montaigne.fr:340407", "symbol_class": "building", "pixel_x": 3137.1, "pixel_y": 5604.7, "easting": 538053.1, "northing": 372213.9, "epsg_source": 22391}}, {"type": "Feature", "geometry": {"type": "Point", "coordinates": [10.33754, 36.65094]}, "properties": {"record_id": "oai:u-bordeaux-montaigne.fr:340407", "symbol_class": "building", "pixel_x": 3371.5, "pixel_y": 5607.3, "easting": 539061.5, "northing": 372126.7, "epsg_source": 22391}}, {"type": "Feature", "geometry": {"type": "Point", "coordinates": [10.29274, 36.65365]}, "properties": {"record_id": "oai:u-bordeaux-montaigne.fr:340407", "symbol_class": "building", "pixel_x": 2441.1, "pixel_y": 5611.8, "easting": 535055.5, "northing": 372410.6, "epsg_source": 22391}}, {"type": "Feature", "geometry": {"type": "Point", "coordinates": [10.38232, 36.64792]}, "properties": {"record_id": "oai:u-bordeaux-montaigne.fr:340407", "symbol_class": "building", "pixel_x": 4302.2, "pixel_y": 5610.5, "easting": 543066.2, "northing": 371810.1, "epsg_source": 22391}}, {"type": "Feature", "geometry": {"type": "Point", "coordinates": [10.44568, 36.64382]}, "properties": {"record_id": "oai:u-bordeaux-montaigne.fr:340407", "symbol_class": "building", "pixel_x": 5618.6, "pixel_y": 5609.6, "easting": 548732.5, "northing": 371385.5, "epsg_source": 22391}}, {"type": "Feature", "geometry": {"type": "Point", "coordinates": [10.40481, 36.64653]}, "properties": {"record_id": "oai:u-bordeaux-montaigne.fr:340407", "symbol_class": "building", "pixel_x": 4769.2, "pixel_y": 5608.5, "easting": 545076.8, "northing": 371666.6, "epsg_source": 22391}}, {"type": "Feature", "geometry": {"type": "Point", "coordinates": [10.37229, 36.64858]}, "properties": {"record_id": "oai:u-bordeaux-montaigne.fr:340407", "symbol_class": "building", "pixel_x": 4093.7, "pixel_y": 5610.2, "easting": 542169.0, "northing": 371879.2, "epsg_source": 22391}}, {"type": "Feature", "geometry": {"type": "Point", "coordinates": [10.36098, 36.64923]}, "properties": {"record_id": "oai:u-bordeaux-montaigne.fr:340407", "symbol_class": "building", "pixel_x": 3858.9, "pixel_y": 5612.4, "easting": 541157.8, "northing": 371946.7, "epsg_source": 22391}}, {"type": "Feature", "geometry": {"type": "Point", "coordinates": [10.48329, 36.64077]}, "properties": {"record_id": "oai:u-bordeaux-montaigne.fr:340407", "symbol_class": "building", "pixel_x": 6401.3, "pixel_y": 5624.9, "easting": 552096.7, "northing": 371066.5, "epsg_source": 22391}}, {"type": "Feature", "geometry": {"type": "Point", "coordinates": [10.35638, 36.64932]}, "properties": {"record_id": "oai:u-bordeaux-montaigne.fr:340407", "symbol_class": "building", "pixel_x": 3763.7, "pixel_y": 5617.9, "easting": 540746.3, "northing": 371954.3, "epsg_source": 22391}}, {"type": "Feature", "geometry": {"type": "Point", "coordinates": [10.32632, 36.65104]}, "properties": {"record_id": "oai:u-bordeaux-montaigne.fr:340407", "symbol_class": "building", "pixel_x": 3139.6, "pixel_y": 5623.7, "easting": 538058.0, "northing": 372133.2, "epsg_source": 22391}}, {"type": "Feature", "geometry": {"type": "Point", "coordinates": [10.34808, 36.64987]}, "properties": {"record_id": "oai:u-bordeaux-montaigne.fr:340407", "symbol_class": "building", "pixel_x": 3591.2, "pixel_y": 5617.5, "easting": 540004.0, "northing": 372012.3, "epsg_source": 22391}}, {"type": "Feature", "geometry": {"type": "Point", "coordinates": [10.41017, 36.6458]}, "properties": {"record_id": "oai:u-bordeaux-montaigne.fr:340407", "symbol_class": "building", "pixel_x": 4881.4, "pixel_y": 5618.5, "easting": 545557.0, "northing": 371588.0, "epsg_source": 22391}}, {"type": "Feature", "geometry": {"type": "Point", "coordinates": [10.45112, 36.64293]}, "properties": {"record_id": "oai:u-bordeaux-montaigne.fr:340407", "symbol_class": "building", "pixel_x": 5732.6, "pixel_y": 5623.6, "easting": 549218.8, "northing": 371289.4, "epsg_source": 22391}}, {"type": "Feature", "geometry": {"type": "Point", "coordinates": [10.4514, 36.64293]}, "properties": {"record_id": "oai:u-bordeaux-montaigne.fr:340407", "symbol_class": "building", "pixel_x": 5738.4, "pixel_y": 5623.0, "easting": 549243.9, "northing": 371290.2, "epsg_source": 22391}}, {"type": "Feature", "geometry": {"type": "Point", "coordinates": [10.37068, 36.64827]}, "properties": {"record_id": "oai:u-bordeaux-montaigne.fr:340407", "symbol_class": "building", "pixel_x": 4061.1, "pixel_y": 5620.9, "easting": 542025.5, "northing": 371844.9, "epsg_source": 22391}}, {"type": "Feature", "geometry": {"type": "Point", "coordinates": [10.37161, 36.6482]}, "properties": {"record_id": "oai:u-bordeaux-montaigne.fr:340407", "symbol_class": "building", "pixel_x": 4080.4, "pixel_y": 5621.3, "easting": 542108.1, "northing": 371836.9, "epsg_source": 22391}}, {"type": "Feature", "geometry": {"type": "Point", "coordinates": [10.4271, 36.64452]}, "properties": {"record_id": "oai:u-bordeaux-montaigne.fr:340407", "symbol_class": "building", "pixel_x": 5233.4, "pixel_y": 5623.0, "easting": 547070.6, "northing": 371454.5, "epsg_source": 22391}}, {"type": "Feature", "geometry": {"type": "Point", "coordinates": [10.49752, 36.63993]}, "properties": {"record_id": "oai:u-bordeaux-montaigne.fr:340407", "symbol_class": "building", "pixel_x": 6696.7, "pixel_y": 5622.2, "easting": 553369.0, "northing": 370981.7, "epsg_source": 22391}}, {"type": "Feature", "geometry": {"type": "Point", "coordinates": [10.23423, 36.65684]}, "properties": {"record_id": "oai:u-bordeaux-montaigne.fr:340407", "symbol_class": "building", "pixel_x": 1226.8, "pixel_y": 5626.2, "easting": 529824.1, "northing": 372745.0, "epsg_source": 22391}}, {"type": "Feature", "geometry": {"type": "Point", "coordinates": [10.41591, 36.64461]}, "properties": {"record_id": "oai:u-bordeaux-montaigne.fr:340407", "symbol_class": "building", "pixel_x": 5002.3, "pixel_y": 5639.9, "easting": 546070.5, "northing": 371458.8, "epsg_source": 22391}}, {"type": "Feature", "geometry": {"type": "Point", "coordinates": [10.38306, 36.64714]}, "properties": {"record_id": "oai:u-bordeaux-montaigne.fr:340407", "symbol_class": "building", "pixel_x": 4318.9, "pixel_y": 5629.5, "easting": 543132.4, "northing": 371724.8, "epsg_source": 22391}}, {"type": "Feature", "geometry": {"type": "Point", "coordinates": [10.24783, 36.65577]}, "properties": {"record_id": "oai:u-bordeaux-montaigne.fr:340407", "symbol_class": "building", "pixel_x": 1509.7, "pixel_y": 5631.6, "easting": 531040.1, "northing": 372630.3, "epsg_source": 22391}}, {"type": "Feature", "geometry": {"type": "Point", "coordinates": [10.34158, 36.64991]}, "properties": {"record_id": "oai:u-bordeaux-montaigne.fr:340407", "symbol_class": "building", "pixel_x": 3456.9, "pixel_y": 5627.5, "easting": 539422.7, "northing": 372013.6, "epsg_source": 22391}}, {"type": "Feature", "geometry": {"type": "Point", "coordinates": [10.34012, 36.64991]}, "properties": {"record_id": "oai:u-bordeaux-montaigne.fr:340407", "symbol_class": "building", "pixel_x": 3426.9, "pixel_y": 5630.0, "easting": 539292.5, "northing": 372013.1, "epsg_source": 22391}}, {"type": "Feature", "geometry": {"type": "Point", "coordinates": [10.23353, 36.65639]}, "properties": {"record_id": "oai:u-bordeaux-montaigne.fr:340407", "symbol_class": "building", "pixel_x": 1213.3, "pixel_y": 5639.2, "easting": 529762.1, "northing": 372694.9, "epsg_source": 22391}}, {"type": "Feature", "geometry": {"type": "Point", "coordinates": [10.38235, 36.64685]}, "properties": {"record_id": "oai:u-bordeaux-montaigne.fr:340407", "symbol_class": "building", "pixel_x": 4304.8, "pixel_y": 5638.4, "easting": 543068.8, "northing": 371691.9, "epsg_source": 22391}}, {"type": "Feature", "geometry": {"type": "Point", "coordinates": [10.28158, 36.65331]}, "properties": {"record_id": "oai:u-bordeaux-montaigne.fr:340407", "symbol_class": "building", "pixel_x": 2211.5, "pixel_y": 5639.5, "easting": 534058.5, "northing": 372368.6, "epsg_source": 22391}}, {"type": "Feature", "geometry": {"type": "Point", "coordinates": [10.33849, 36.6499]}, "properties": {"record_id": "oai:u-bordeaux-montaigne.fr:340407", "symbol_class": "building", "pixel_x": 3393.2, "pixel_y": 5632.9, "easting": 539146.6, "northing": 372011.8, "epsg_source": 22391}}, {"type": "Feature", "geometry": {"type": "Point", "coordinates": [10.37431, 36.64755]}, "properties": {"record_id": "oai:u-bordeaux-montaigne.fr:340407", "symbol_class": "building", "pixel_x": 4137.4, "pixel_y": 5633.7, "easting": 542349.6, "northing": 371766.3, "epsg_source": 22391}}, {"type": "Feature", "geometry": {"type": "Point", "coordinates": [10.44946, 36.64239]}, "properties": {"record_id": "oai:u-bordeaux-montaigne.fr:340407", "symbol_class": "building", "pixel_x": 5699.5, "pixel_y": 5640.6, "easting": 549071.4, "northing": 371228.6, "epsg_source": 22391}}, {"type": "Feature", "geometry": {"type": "Point", "coordinates": [10.49012, 36.64001]}, "properties": {"record_id": "oai:u-bordeaux-montaigne.fr:340407", "symbol_class": "building", "pixel_x": 6543.7, "pixel_y": 5632.8, "easting": 552707.2, "northing": 370986.6, "epsg_source": 22391}}, {"type": "Feature", "geometry": {"type": "Point", "coordinates": [10.50066, 36.63906]}, "properties": {"record_id": "oai:u-bordeaux-montaigne.fr:340407", "symbol_class": "building", "pixel_x": 6763.4, "pixel_y": 5639.8, "easting": 553650.8, "northing": 370886.0, "epsg_source": 22391}}, {"type": "Feature", "geometry": {"type": "Point", "coordinates": [10.25129, 36.65525]}, "properties": {"record_id": "oai:u-bordeaux-montaigne.fr:340407", "symbol_class": "building", "pixel_x": 1582.3, "pixel_y": 5639.5, "easting": 531350.1, "northing": 372573.5, "epsg_source": 22391}}, {"type": "Feature", "geometry": {"type": "Point", "coordinates": [10.3655, 36.64798]}, "properties": {"record_id": "oai:u-bordeaux-montaigne.fr:340407", "symbol_class": "building", "pixel_x": 3954.7, "pixel_y": 5637.4, "easting": 541562.2, "northing": 371810.0, "epsg_source": 22391}}, {"type": "Feature", "geometry": {"type": "Point", "coordinates": [10.48839, 36.63998]}, "properties": {"record_id": "oai:u-bordeaux-montaigne.fr:340407", "symbol_class": "building", "pixel_x": 6508.1, "pixel_y": 5636.8, "easting": 552552.8, "northing": 370981.5, "epsg_source": 22391}}, {"type": "Feature", "geometry": {"type": "Point", "coordinates": [10.32631, 36.65031]}, "properties": {"record_id": "oai:u-bordeaux-montaigne.fr:340407", "symbol_class": "building", "pixel_x": 3141.0, "pixel_y": 5642.8, "easting": 538058.0, "northing": 372052.3, "epsg_source": 22391}}, {"type": "Feature", "geometry": {"type": "Point", "coordinates": [10.43821, 36.64305]}, "properties": {"record_id": "oai:u-bordeaux-montaigne.fr:340407", "symbol_class": "building", "pixel_x": 5465.9, "pixel_y": 5642.5, "easting": 548065.0, "northing": 371296.7, "epsg_source": 22391}}, {"type": "Feature", "geometry": {"type": "Point", "coordinates": [10.33751, 36.64956]}, "properties": {"record_id": "oai:u-bordeaux-montaigne.fr:340407", "symbol_class": "building", "pixel_x": 3373.7, "pixel_y": 5643.5, "easting": 539059.6, "northing": 371973.6, "epsg_source": 22391}}, {"type": "Feature", "geometry": {"type": "Point", "coordinates": [10.36792, 36.64749]}, "properties": {"record_id": "oai:u-bordeaux-montaigne.fr:340407", "symbol_class": "building", "pixel_x": 4005.7, "pixel_y": 5646.3, "easting": 541778.9, "northing": 371756.2, "epsg_source": 22391}}, {"type": "Feature", "geometry": {"type": "Point", "coordinates": [10.32634, 36.64997]}, "properties": {"record_id": "oai:u-bordeaux-montaigne.fr:340407", "symbol_class": "building", "pixel_x": 3142.2, "pixel_y": 5651.6, "easting": 538060.6, "northing": 372014.7, "epsg_source": 22391}}, {"type": "Feature", "geometry": {"type": "Point", "coordinates": [10.49454, 36.63891]}, "properties": {"record_id": "oai:u-bordeaux-montaigne.fr:340407", "symbol_class": "building", "pixel_x": 6637.2, "pixel_y": 5654.1, "easting": 553103.3, "northing": 370866.9, "epsg_source": 22391}}, {"type": "Feature", "geometry": {"type": "Point", "coordinates": [10.37678, 36.64666]}, "properties": {"record_id": "oai:u-bordeaux-montaigne.fr:340407", "symbol_class": "building", "pixel_x": 4190.2, "pixel_y": 5653.0, "easting": 542571.0, "northing": 371667.9, "epsg_source": 22391}}, {"type": "Feature", "geometry": {"type": "Point", "coordinates": [10.46068, 36.64082]}, "properties": {"record_id": "oai:u-bordeaux-montaigne.fr:340407", "symbol_class": "building", "pixel_x": 5934.2, "pixel_y": 5662.4, "easting": 550074.7, "northing": 371060.7, "epsg_source": 22391}}, {"type": "Feature", "geometry": {"type": "Point", "coordinates": [10.37573, 36.64646]}, "properties": {"record_id": "oai:u-bordeaux-montaigne.fr:340407", "symbol_class": "building", "pixel_x": 4169.0, "pixel_y": 5659.9, "easting": 542477.5, "northing": 371645.9, "epsg_source": 22391}}, {"type": "Feature", "geometry": {"type": "Point", "coordinates": [10.32625, 36.64967]}, "properties": {"record_id": "oai:u-bordeaux-montaigne.fr:340407", "symbol_class": "building", "pixel_x": 3141.1, "pixel_y": 5659.7, "easting": 538053.1, "northing": 371981.2, "epsg_source": 22391}}, {"type": "Feature", "geometry": {"type": "Point", "coordinates": [10.35931, 36.6473]}, "properties": {"record_id": "oai:u-bordeaux-montaigne.fr:340407", "symbol_class": "building", "pixel_x": 3828.4, "pixel_y": 5665.8, "easting": 541009.7, "northing": 371731.8, "epsg_source": 22391}}, {"type": "Feature", "geometry": {"type": "Point", "coordinates": [10.36139, 36.64717]}, "properties": {"record_id": "oai:u-bordeaux-montaigne.fr:340407", "symbol_class": "building", "pixel_x": 3871.5, "pixel_y": 5665.6, "easting": 541195.4, "northing": 371718.4, "epsg_source": 22391}}, {"type": "Feature", "geometry": {"type": "Point", "coordinates": [10.42709, 36.64249]}, "properties": {"record_id": "oai:u-bordeaux-montaigne.fr:340407", "symbol_class": "building", "pixel_x": 5237.5, "pixel_y": 5676.4, "easting": 547071.4, "northing": 371228.6, "epsg_source": 22391}}, {"type": "Feature", "geometry": {"type": "Point", "coordinates": [10.32632, 36.64923]}, "properties": {"record_id": "oai:u-bordeaux-montaigne.fr:340407", "symbol_class": "building", "pixel_x": 3143.4, "pixel_y": 5671.2, "easting": 538059.6, "northing": 371932.2, "epsg_source": 22391}}, {"type": "Feature", "geometry": {"type": "Point", "coordinates": [10.359, 36.64732]}, "properties": {"record_id": "oai:u-bordeaux-montaigne.fr:340407", "symbol_class": "building", "pixel_x": 3821.8, "pixel_y": 5665.8, "easting": 540981.3, "northing": 371733.9, "epsg_source": 22391}}, {"type": "Feature", "geometry": {"type": "Point", "coordinates": [10.40364, 36.64441]}, "properties": {"record_id": "oai:u-bordeaux-montaigne.fr:340407", "symbol_class": "building", "pixel_x": 4749.4, "pixel_y": 5666.1, "easting": 544973.9, "northing": 371430.6, "epsg_source": 22391}}, {"type": "Feature", "geometry": {"type": "Point", "coordinates": [10.44947, 36.64145]}, "properties": {"record_id": "oai:u-bordeaux-montaigne.fr:340407", "symbol_class": "building", "pixel_x": 5701.7, "pixel_y": 5665.2, "easting": 549072.8, "northing": 371124.6, "epsg_source": 22391}}, {"type": "Feature", "geometry": {"type": "Point", "coordinates": [10.48509, 36.63908]}, "properties": {"record_id": "oai:u-bordeaux-montaigne.fr:340407", "symbol_class": "building", "pixel_x": 6441.9, "pixel_y": 5666.0, "easting": 552258.8, "northing": 370880.1, "epsg_source": 22391}}, {"type": "Feature", "geometry": {"type": "Point", "coordinates": [10.24784, 36.6542]}, "properties": {"record_id": "oai:u-bordeaux-montaigne.fr:340407", "symbol_class": "building", "pixel_x": 1513.1, "pixel_y": 5672.9, "easting": 531042.0, "northing": 372455.5, "epsg_source": 22391}}, {"type": "Feature", "geometry": {"type": "Point", "coordinates": [10.46699, 36.64021]}, "properties": {"record_id": "oai:u-bordeaux-montaigne.fr:340407", "symbol_class": "building", "pixel_x": 6065.9, "pixel_y": 5667.6, "easting": 550640.0, "northing": 370995.8, "epsg_source": 22391}}, {"type": "Feature", "geometry": {"type": "Point", "coordinates": [10.46611, 36.64019]}, "properties": {"record_id": "oai:u-bordeaux-montaigne.fr:340407", "symbol_class": "building", "pixel_x": 6047.6, "pixel_y": 5669.7, "easting": 550560.6, "northing": 370993.0, "epsg_source": 22391}}, {"type": "Feature", "geometry": {"type": "Point", "coordinates": [10.37733, 36.64598]}, "properties": {"record_id": "oai:u-bordeaux-montaigne.fr:340407", "symbol_class": "building", "pixel_x": 4202.9, "pixel_y": 5669.8, "easting": 542620.4, "northing": 371592.9, "epsg_source": 22391}}, {"type": "Feature", "geometry": {"type": "Point", "coordinates": [10.41595, 36.64333]}, "properties": {"record_id": "oai:u-bordeaux-montaigne.fr:340407", "symbol_class": "building", "pixel_x": 5005.7, "pixel_y": 5673.3, "easting": 546074.5, "northing": 371316.9, "epsg_source": 22391}}, {"type": "Feature", "geometry": {"type": "Point", "coordinates": [10.46538, 36.6402]}, "properties": {"record_id": "oai:u-bordeaux-montaigne.fr:340407", "symbol_class": "building", "pixel_x": 6032.7, "pixel_y": 5670.6, "easting": 550496.0, "northing": 370994.0, "epsg_source": 22391}}, {"type": "Feature", "geometry": {"type": "Point", "coordinates": [10.26402, 36.65303]}, "properties": {"record_id": "oai:u-bordeaux-montaigne.fr:340407", "symbol_class": "building", "pixel_x": 1849.5, "pixel_y": 5676.2, "easting": 532488.8, "northing": 372332.0, "epsg_source": 22391}}, {"type": "Feature", "geometry": {"type": "Point", "coordinates": [10.40475, 36.64394]}, "properties": {"record_id": "oai:u-bordeaux-montaigne.fr:340407", "symbol_class": "building", "pixel_x": 4773.2, "pixel_y": 5676.4, "easting": 545073.0, "northing": 371379.6, "epsg_source": 22391}}, {"type": "Feature", "geometry": {"type": "Point", "coordinates": [10.25325, 36.65353]}, "properties": {"record_id": "oai:u-bordeaux-montaigne.fr:340407", "symbol_class": "building", "pixel_x": 1626.2, "pixel_y": 5681.4, "easting": 531526.1, "northing": 372383.1, "epsg_source": 22391}}, {"type": "Feature", "geometry": {"type": "Point", "coordinates": [10.41592, 36.64289]}, "properties": {"record_id": "oai:u-bordeaux-montaigne.fr:340407", "symbol_class": "building", "pixel_x": 5006.0, "pixel_y": 5684.9, "easting": 546072.6, "northing": 371268.1, "epsg_source": 22391}}, {"type": "Feature", "geometry": {"type": "Point", "coordinates": [10.40479, 36.64346]}, "properties": {"record_id": "oai:u-bordeaux-montaigne.fr:340407", "symbol_class": "building", "pixel_x": 4775.0, "pixel_y": 5688.9, "easting": 545076.7, "northing": 371326.4, "epsg_source": 22391}}, {"type": "Feature", "geometry": {"type": "Point", "coordinates": [10.31473, 36.64945]}, "properties": {"record_id": "oai:u-bordeaux-montaigne.fr:340407", "symbol_class": "building", "pixel_x": 2903.5, "pixel_y": 5685.0, "easting": 537022.7, "northing": 371952.1, "epsg_source": 22391}}, {"type": "Feature", "geometry": {"type": "Point", "coordinates": [10.46024, 36.63972]}, "properties": {"record_id": "oai:u-bordeaux-montaigne.fr:340407", "symbol_class": "building", "pixel_x": 5927.4, "pixel_y": 5692.0, "easting": 550036.1, "northing": 370938.4, "epsg_source": 22391}}, {"type": "Feature", "geometry": {"type": "Point", "coordinates": [10.4509, 36.64029]}, "properties": {"record_id": "oai:u-bordeaux-montaigne.fr:340407", "symbol_class": "building", "pixel_x": 5733.5, "pixel_y": 5693.2, "easting": 549201.1, "northing": 370996.5, "epsg_source": 22391}}, {"type": "Feature", "geometry": {"type": "Point", "coordinates": [10.24876, 36.6533]}, "properties": {"record_id": "oai:u-bordeaux-montaigne.fr:340407", "symbol_class": "building", "pixel_x": 1533.8, "pixel_y": 5694.7, "easting": 531124.2, "northing": 372357.0, "epsg_source": 22391}}, {"type": "Feature", "geometry": {"type": "Point", "coordinates": [10.47659, 36.63847]}, "properties": {"record_id": "oai:u-bordeaux-montaigne.fr:340407", "symbol_class": "building", "pixel_x": 6267.6, "pixel_y": 5696.8, "easting": 551498.7, "northing": 370807.5, "epsg_source": 22391}}, {"type": "Feature", "geometry": {"type": "Point", "coordinates": [10.4505, 36.64028]}, "properties": {"record_id": "oai:u-bordeaux-montaigne.fr:340407", "symbol_class": "building", "pixel_x": 5725.3, "pixel_y": 5694.1, "easting": 549165.7, "northing": 370995.5, "epsg_source": 22391}}, {"type": "Feature", "geometry": {"type": "Point", "coordinates": [10.24784, 36.65296]}, "properties": {"record_id": "oai:u-bordeaux-montaigne.fr:340407", "symbol_class": "building", "pixel_x": 1515.5, "pixel_y": 5705.3, "easting": 531042.2, "northing": 372318.4, "epsg_source": 22391}}, {"type": "Feature", "geometry": {"type": "Point", "coordinates": [10.30457, 36.6496]}, "properties": {"record_id": "oai:u-bordeaux-montaigne.fr:340407", "symbol_class": "building", "pixel_x": 2693.5, "pixel_y": 5698.2, "easting": 536114.8, "northing": 371965.1, "epsg_source": 22391}}, {"type": "Feature", "geometry": {"type": "Point", "coordinates": [10.32629, 36.64808]}, "properties": {"record_id": "oai:u-bordeaux-montaigne.fr:340407", "symbol_class": "building", "pixel_x": 3145.0, "pixel_y": 5701.3, "easting": 538057.1, "northing": 371804.8, "epsg_source": 22391}}, {"type": "Feature", "geometry": {"type": "Point", "coordinates": [10.44756, 36.64032]}, "properties": {"record_id": "oai:u-bordeaux-montaigne.fr:340407", "symbol_class": "building", "pixel_x": 5664.5, "pixel_y": 5698.2, "easting": 548902.6, "northing": 370998.0, "epsg_source": 22391}}, {"type": "Feature", "geometry": {"type": "Point", "coordinates": [10.44833, 36.6403]}, "properties": {"record_id": "oai:u-bordeaux-montaigne.fr:340407", "symbol_class": "building", "pixel_x": 5680.5, "pixel_y": 5697.3, "easting": 548971.7, "northing": 370996.3, "epsg_source": 22391}}, {"type": "Feature", "geometry": {"type": "Point", "coordinates": [10.3469, 36.64684]}, "properties": {"record_id": "oai:u-bordeaux-montaigne.fr:340407", "symbol_class": "building", "pixel_x": 3573.1, "pixel_y": 5698.9, "easting": 539900.4, "northing": 371675.8, "epsg_source": 22391}}, {"type": "Feature", "geometry": {"type": "Point", "coordinates": [10.42708, 36.6414]}, "properties": {"record_id": "oai:u-bordeaux-montaigne.fr:340407", "symbol_class": "building", "pixel_x": 5239.5, "pixel_y": 5704.9, "easting": 547071.1, "northing": 371108.1, "epsg_source": 22391}}, {"type": "Feature", "geometry": {"type": "Point", "coordinates": [10.4455, 36.64034]}, "properties": {"record_id": "oai:u-bordeaux-montaigne.fr:340407", "symbol_class": "building", "pixel_x": 5621.9, "pixel_y": 5701.1, "easting": 548718.5, "northing": 370999.5, "epsg_source": 22391}}, {"type": "Feature", "geometry": {"type": "Point", "coordinates": [10.44623, 36.64032]}, "properties": {"record_id": "oai:u-bordeaux-montaigne.fr:340407", "symbol_class": "building", "pixel_x": 5637.1, "pixel_y": 5700.3, "easting": 548784.0, "northing": 370998.1, "epsg_source": 22391}}, {"type": "Feature", "geometry": {"type": "Point", "coordinates": [10.48056, 36.63786]}, "properties": {"record_id": "oai:u-bordeaux-montaigne.fr:340407", "symbol_class": "building", "pixel_x": 6350.8, "pixel_y": 5705.7, "easting": 551854.4, "northing": 370743.0, "epsg_source": 22391}}, {"type": "Feature", "geometry": {"type": "Point", "coordinates": [10.41587, 36.64219]}, "properties": {"record_id": "oai:u-bordeaux-montaigne.fr:340407", "symbol_class": "building", "pixel_x": 5006.5, "pixel_y": 5703.5, "easting": 546068.7, "northing": 371189.8, "epsg_source": 22391}}, {"type": "Feature", "geometry": {"type": "Point", "coordinates": [10.39352, 36.64347]}, "properties": {"record_id": "oai:u-bordeaux-montaigne.fr:340407", "symbol_class": "building", "pixel_x": 4542.4, "pixel_y": 5707.9, "easting": 544069.9, "northing": 371322.2, "epsg_source": 22391}}, {"type": "Feature", "geometry": {"type": "Point", "coordinates": [10.34708, 36.64645]}, "properties": {"record_id": "oai:u-bordeaux-montaigne.fr:340407", "symbol_class": "building", "pixel_x": 3577.4, "pixel_y": 5708.9, "easting": 539916.1, "northing": 371632.4, "epsg_source": 22391}}, {"type": "Feature", "geometry": {"type": "Point", "coordinates": [10.30474, 36.64913]}, "properties": {"record_id": "oai:u-bordeaux-montaigne.fr:340407", "symbol_class": "building", "pixel_x": 2697.9, "pixel_y": 5710.2, "easting": 536129.8, "northing": 371913.1, "epsg_source": 22391}}, {"type": "Feature", "geometry": {"type": "Point", "coordinates": [10.41101, 36.6422]}, "properties": {"record_id": "oai:u-bordeaux-montaigne.fr:340407", "symbol_class": "building", "pixel_x": 4905.9, "pixel_y": 5711.4, "easting": 545633.4, "northing": 371189.3, "epsg_source": 22391}}, {"type": "Feature", "geometry": {"type": "Point", "coordinates": [10.26809, 36.65131]}, "properties": {"record_id": "oai:u-bordeaux-montaigne.fr:340407", "symbol_class": "building", "pixel_x": 1937.0, "pixel_y": 5714.7, "easting": 532853.5, "northing": 372141.7, "epsg_source": 22391}}, {"type": "Feature", "geometry": {"type": "Point", "coordinates": [10.26852, 36.65127]}, "properties": {"record_id": "oai:u-bordeaux-montaigne.fr:340407", "symbol_class": "building", "pixel_x": 1945.8, "pixel_y": 5714.9, "easting": 532891.2, "northing": 372138.2, "epsg_source": 22391}}, {"type": "Feature", "geometry": {"type": "Point", "coordinates": [10.45671, 36.63896]}, "properties": {"record_id": "oai:u-bordeaux-montaigne.fr:340407", "symbol_class": "building", "pixel_x": 5856.2, "pixel_y": 5718.1, "easting": 549721.4, "northing": 370851.9, "epsg_source": 22391}}, {"type": "Feature", "geometry": {"type": "Point", "coordinates": [10.26437, 36.65142]}, "properties": {"record_id": "oai:u-bordeaux-montaigne.fr:340407", "symbol_class": "building", "pixel_x": 1859.8, "pixel_y": 5718.1, "easting": 532520.2, "northing": 372152.6, "epsg_source": 22391}}, {"type": "Feature", "geometry": {"type": "Point", "coordinates": [10.23649, 36.6528]}, "properties": {"record_id": "oai:u-bordeaux-montaigne.fr:340407", "symbol_class": "building", "pixel_x": 1281.5, "pixel_y": 5728.4, "easting": 530027.8, "northing": 372297.6, "epsg_source": 22391}}, {"type": "Feature", "geometry": {"type": "Point", "coordinates": [10.37112, 36.64448]}, "properties": {"record_id": "oai:u-bordeaux-montaigne.fr:340407", "symbol_class": "building", "pixel_x": 4077.8, "pixel_y": 5719.6, "easting": 542066.6, "northing": 371424.3, "epsg_source": 22391}}, {"type": "Feature", "geometry": {"type": "Point", "coordinates": [10.38069, 36.64389]}, "properties": {"record_id": "oai:u-bordeaux-montaigne.fr:340407", "symbol_class": "building", "pixel_x": 4276.6, "pixel_y": 5718.9, "easting": 542922.2, "northing": 371362.4, "epsg_source": 22391}}, {"type": "Feature", "geometry": {"type": "Point", "coordinates": [10.43407, 36.64039]}, "properties": {"record_id": "oai:u-bordeaux-montaigne.fr:340407", "symbol_class": "building", "pixel_x": 5385.9, "pixel_y": 5719.4, "easting": 547696.7, "northing": 370999.4, "epsg_source": 22391}}, {"type": "Feature", "geometry": {"type": "Point", "coordinates": [10.49233, 36.63644]}, "properties": {"record_id": "oai:u-bordeaux-montaigne.fr:340407", "symbol_class": "building", "pixel_x": 6596.8, "pixel_y": 5722.6, "easting": 552907.6, "northing": 370591.7, "epsg_source": 22391}}, {"type": "Feature", "geometry": {"type": "Point", "coordinates": [10.43823, 36.63982]}, "properties": {"record_id": "oai:u-bordeaux-montaigne.fr:340407", "symbol_class": "building", "pixel_x": 5472.8, "pixel_y": 5727.3, "easting": 548068.3, "northing": 370937.9, "epsg_source": 22391}}, {"type": "Feature", "geometry": {"type": "Point", "coordinates": [10.41591, 36.6414]}, "properties": {"record_id": "oai:u-bordeaux-montaigne.fr:340407", "symbol_class": "building", "pixel_x": 5008.8, "pixel_y": 5724.2, "easting": 546072.1, "northing": 371102.1, "epsg_source": 22391}}, {"type": "Feature", "geometry": {"type": "Point", "coordinates": [10.28074, 36.65017]}, "properties": {"record_id": "oai:u-bordeaux-montaigne.fr:340407", "symbol_class": "building", "pixel_x": 2200.3, "pixel_y": 5723.3, "easting": 533983.9, "northing": 372019.9, "epsg_source": 22391}}, {"type": "Feature", "geometry": {"type": "Point", "coordinates": [10.30488, 36.64857]}, "properties": {"record_id": "oai:u-bordeaux-montaigne.fr:340407", "symbol_class": "building", "pixel_x": 2702.0, "pixel_y": 5724.6, "easting": 536143.0, "northing": 371851.1, "epsg_source": 22391}}, {"type": "Feature", "geometry": {"type": "Point", "coordinates": [10.43196, 36.64042]}, "properties": {"record_id": "oai:u-bordeaux-montaigne.fr:340407", "symbol_class": "building", "pixel_x": 5342.1, "pixel_y": 5722.2, "easting": 547507.4, "northing": 371001.8, "epsg_source": 22391}}, {"type": "Feature", "geometry": {"type": "Point", "coordinates": [10.24785, 36.65192]}, "properties": {"record_id": "oai:u-bordeaux-montaigne.fr:340407", "symbol_class": "building", "pixel_x": 1517.7, "pixel_y": 5732.6, "easting": 531043.2, "northing": 372202.8, "epsg_source": 22391}}, {"type": "Feature", "geometry": {"type": "Point", "coordinates": [10.38091, 36.64361]}, "properties": {"record_id": "oai:u-bordeaux-montaigne.fr:340407", "symbol_class": "building", "pixel_x": 4281.8, "pixel_y": 5725.9, "easting": 542942.6, "northing": 371331.3, "epsg_source": 22391}}, {"type": "Feature", "geometry": {"type": "Point", "coordinates": [10.42894, 36.64045]}, "properties": {"record_id": "oai:u-bordeaux-montaigne.fr:340407", "symbol_class": "building", "pixel_x": 5279.8, "pixel_y": 5726.6, "easting": 547237.7, "northing": 371003.6, "epsg_source": 22391}}, {"type": "Feature", "geometry": {"type": "Point", "coordinates": [10.32631, 36.64677]}, "properties": {"record_id": "oai:u-bordeaux-montaigne.fr:340407", "symbol_class": "building", "pixel_x": 3148.0, "pixel_y": 5735.5, "easting": 538059.3, "northing": 371660.1, "epsg_source": 22391}}, {"type": "Feature", "geometry": {"type": "Point", "coordinates": [10.42707, 36.64041]}, "properties": {"record_id": "oai:u-bordeaux-montaigne.fr:340407", "symbol_class": "building", "pixel_x": 5241.3, "pixel_y": 5730.9, "easting": 547070.7, "northing": 370998.1, "epsg_source": 22391}}, {"type": "Feature", "geometry": {"type": "Point", "coordinates": [10.428, 36.64042]}, "properties": {"record_id": "oai:u-bordeaux-montaigne.fr:340407", "symbol_class": "building", "pixel_x": 5260.4, "pixel_y": 5728.9, "easting": 547153.6, "northing": 371000.1, "epsg_source": 22391}}, {"type": "Feature", "geometry": {"type": "Point", "coordinates": [10.47869, 36.63697]}, "properties": {"record_id": "oai:u-bordeaux-montaigne.fr:340407", "symbol_class": "building", "pixel_x": 6314.1, "pixel_y": 5732.3, "easting": 551687.9, "northing": 370643.2, "epsg_source": 22391}}, {"type": "Feature", "geometry": {"type": "Point", "coordinates": [10.25218, 36.65159]}, "properties": {"record_id": "oai:u-bordeaux-montaigne.fr:340407", "symbol_class": "building", "pixel_x": 1607.8, "pixel_y": 5733.9, "easting": 531430.4, "northing": 372167.9, "epsg_source": 22391}}, {"type": "Feature", "geometry": {"type": "Point", "coordinates": [10.41587, 36.641]}, "properties": {"record_id": "oai:u-bordeaux-montaigne.fr:340407", "symbol_class": "building", "pixel_x": 5008.9, "pixel_y": 5734.7, "easting": 546069.2, "northing": 371057.8, "epsg_source": 22391}}, {"type": "Feature", "geometry": {"type": "Point", "coordinates": [10.45731, 36.63832]}, "properties": {"record_id": "oai:u-bordeaux-montaigne.fr:340407", "symbol_class": "building", "pixel_x": 5869.8, "pixel_y": 5733.7, "easting": 549775.2, "northing": 370781.6, "epsg_source": 22391}}, {"type": "Feature", "geometry": {"type": "Point", "coordinates": [10.34756, 36.64543]}, "properties": {"record_id": "oai:u-bordeaux-montaigne.fr:340407", "symbol_class": "building", "pixel_x": 3589.4, "pixel_y": 5734.7, "easting": 539959.4, "northing": 371519.8, "epsg_source": 22391}}, {"type": "Feature", "geometry": {"type": "Point", "coordinates": [10.27317, 36.6502]}, "properties": {"record_id": "oai:u-bordeaux-montaigne.fr:340407", "symbol_class": "building", "pixel_x": 2044.1, "pixel_y": 5735.2, "easting": 533308.0, "northing": 372020.8, "epsg_source": 22391}}, {"type": "Feature", "geometry": {"type": "Point", "coordinates": [10.27188, 36.65021]}, "properties": {"record_id": "oai:u-bordeaux-montaigne.fr:340407", "symbol_class": "building", "pixel_x": 2017.4, "pixel_y": 5737.1, "easting": 533192.5, "northing": 372021.4, "epsg_source": 22391}}, {"type": "Feature", "geometry": {"type": "Point", "coordinates": [10.3387, 36.64567]}, "properties": {"record_id": "oai:u-bordeaux-montaigne.fr:340407", "symbol_class": "building", "pixel_x": 3406.0, "pixel_y": 5743.4, "easting": 539167.5, "northing": 371543.0, "epsg_source": 22391}}, {"type": "Feature", "geometry": {"type": "Point", "coordinates": [10.45165, 36.6383]}, "properties": {"record_id": "oai:u-bordeaux-montaigne.fr:340407", "symbol_class": "building", "pixel_x": 5753.1, "pixel_y": 5743.9, "easting": 549269.6, "northing": 370776.6, "epsg_source": 22391}}, {"type": "Feature", "geometry": {"type": "Point", "coordinates": [10.41899, 36.64052]}, "properties": {"record_id": "oai:u-bordeaux-montaigne.fr:340407", "symbol_class": "building", "pixel_x": 5074.1, "pixel_y": 5741.8, "easting": 546347.8, "northing": 371006.7, "epsg_source": 22391}}, {"type": "Feature", "geometry": {"type": "Point", "coordinates": [10.37114, 36.6435]}, "properties": {"record_id": "oai:u-bordeaux-montaigne.fr:340407", "symbol_class": "building", "pixel_x": 4080.2, "pixel_y": 5745.3, "easting": 542068.5, "northing": 371315.3, "epsg_source": 22391}}, {"type": "Feature", "geometry": {"type": "Point", "coordinates": [10.41244, 36.64072]}, "properties": {"record_id": "oai:u-bordeaux-montaigne.fr:340407", "symbol_class": "building", "pixel_x": 4938.6, "pixel_y": 5747.7, "easting": 545762.6, "northing": 371026.1, "epsg_source": 22391}}, {"type": "Feature", "geometry": {"type": "Point", "coordinates": [10.40479, 36.64105]}, "properties": {"record_id": "oai:u-bordeaux-montaigne.fr:340407", "symbol_class": "building", "pixel_x": 4780.0, "pixel_y": 5752.3, "easting": 545078.5, "northing": 371058.2, "epsg_source": 22391}}, {"type": "Feature", "geometry": {"type": "Point", "coordinates": [10.4779, 36.63625]}, "properties": {"record_id": "oai:u-bordeaux-montaigne.fr:340407", "symbol_class": "building", "pixel_x": 6299.2, "pixel_y": 5752.7, "easting": 551617.4, "northing": 370562.2, "epsg_source": 22391}}, {"type": "Feature", "geometry": {"type": "Point", "coordinates": [10.24784, 36.65105]}, "properties": {"record_id": "oai:u-bordeaux-montaigne.fr:340407", "symbol_class": "building", "pixel_x": 1519.4, "pixel_y": 5755.5, "easting": 531043.1, "northing": 372106.2, "epsg_source": 22391}}, {"type": "Feature", "geometry": {"type": "Point", "coordinates": [10.37113, 36.64304]}, "properties": {"record_id": "oai:u-bordeaux-montaigne.fr:340407", "symbol_class": "building", "pixel_x": 4080.9, "pixel_y": 5757.4, "easting": 542068.0, "northing": 371264.5, "epsg_source": 22391}}, {"type": "Feature", "geometry": {"type": "Point", "coordinates": [10.40859, 36.64057]}, "properties": {"record_id": "oai:u-bordeaux-montaigne.fr:340407", "symbol_class": "building", "pixel_x": 4859.3, "pixel_y": 5758.2, "easting": 545418.2, "northing": 371007.5, "epsg_source": 22391}}, {"type": "Feature", "geometry": {"type": "Point", "coordinates": [10.39354, 36.64112]}, "properties": {"record_id": "oai:u-bordeaux-montaigne.fr:340407", "symbol_class": "building", "pixel_x": 4547.6, "pixel_y": 5769.5, "easting": 544072.7, "northing": 371061.7, "epsg_source": 22391}}, {"type": "Feature", "geometry": {"type": "Point", "coordinates": [10.38231, 36.6413]}, "properties": {"record_id": "oai:u-bordeaux-montaigne.fr:340407", "symbol_class": "building", "pixel_x": 4315.2, "pixel_y": 5784.1, "easting": 543068.2, "northing": 371075.7, "epsg_source": 22391}}, {"type": "Feature", "geometry": {"type": "Point", "coordinates": [10.24039, 36.65034]}, "properties": {"record_id": "oai:u-bordeaux-montaigne.fr:340407", "symbol_class": "building", "pixel_x": 1367.0, "pixel_y": 5786.4, "easting": 530377.6, "northing": 372025.6, "epsg_source": 22391}}, {"type": "Feature", "geometry": {"type": "Point", "coordinates": [10.23583, 36.65038]}, "properties": {"record_id": "oai:u-bordeaux-montaigne.fr:340407", "symbol_class": "building", "pixel_x": 1272.8, "pixel_y": 5793.1, "easting": 529970.0, "northing": 372028.3, "epsg_source": 22391}}, {"type": "Feature", "geometry": {"type": "Point", "coordinates": [10.38663, 36.64067]}, "properties": {"record_id": "oai:u-bordeaux-montaigne.fr:340407", "symbol_class": "building", "pixel_x": 4405.9, "pixel_y": 5793.1, "easting": 543455.5, "northing": 371008.2, "epsg_source": 22391}}, {"type": "Feature", "geometry": {"type": "Point", "coordinates": [10.25907, 36.64785]}, "properties": {"record_id": "oai:u-bordeaux-montaigne.fr:340407", "symbol_class": "building", "pixel_x": 1757.7, "pixel_y": 5820.5, "easting": 532048.4, "northing": 371755.0, "epsg_source": 22391}}, {"type": "Feature", "geometry": {"type": "Point", "coordinates": [10.43821, 36.63589]}, "properties": {"record_id": "oai:u-bordeaux-montaigne.fr:340407", "symbol_class": "building", "pixel_x": 5480.6, "pixel_y": 5830.2, "easting": 548069.7, "northing": 370502.3, "epsg_source": 22391}}, {"type": "Feature", "geometry": {"type": "Point", "coordinates": [10.28156, 36.64538]}, "properties": {"record_id": "oai:u-bordeaux-montaigne.fr:340407", "symbol_class": "building", "pixel_x": 2227.0, "pixel_y": 5847.5, "easting": 534060.1, "northing": 371488.7, "epsg_source": 22391}}, {"type": "Feature", "geometry": {"type": "Point", "coordinates": [10.25908, 36.64633]}, "properties": {"record_id": "oai:u-bordeaux-montaigne.fr:340407", "symbol_class": "building", "pixel_x": 1760.9, "pixel_y": 5860.3, "easting": 532049.7, "northing": 371586.5, "epsg_source": 22391}}, {"type": "Feature", "geometry": {"type": "Point", "coordinates": [10.43818, 36.63441]}, "properties": {"record_id": "oai:u-bordeaux-montaigne.fr:340407", "symbol_class": "building", "pixel_x": 5483.0, "pixel_y": 5869.1, "easting": 548067.9, "northing": 370337.9, "epsg_source": 22391}}, {"type": "Feature", "geometry": {"type": "Point", "coordinates": [10.23657, 36.64651]}, "properties": {"record_id": "oai:u-bordeaux-montaigne.fr:340407", "symbol_class": "building", "pixel_x": 1295.7, "pixel_y": 5893.2, "easting": 530037.1, "northing": 371599.7, "epsg_source": 22391}}, {"type": "Feature", "geometry": {"type": "Point", "coordinates": [10.25908, 36.64501]}, "properties": {"record_id": "oai:u-bordeaux-montaigne.fr:340407", "symbol_class": "building", "pixel_x": 1763.5, "pixel_y": 5895.0, "easting": 532050.2, "northing": 371439.8, "epsg_source": 22391}}, {"type": "Feature", "geometry": {"type": "Point", "coordinates": [10.29272, 36.64289]}, "properties": {"record_id": "oai:u-bordeaux-montaigne.fr:340407", "symbol_class": "building", "pixel_x": 2462.2, "pixel_y": 5894.0, "easting": 535058.2, "northing": 371216.6, "epsg_source": 22391}}, {"type": "Feature", "geometry": {"type": "Point", "coordinates": [10.30394, 36.64211]}, "properties": {"record_id": "oai:u-bordeaux-montaigne.fr:340407", "symbol_class": "building", "pixel_x": 2695.5, "pixel_y": 5895.6, "easting": 536061.5, "northing": 371133.8, "epsg_source": 22391}}, {"type": "Feature", "geometry": {"type": "Point", "coordinates": [10.31514, 36.64142]}, "properties": {"record_id": "oai:u-bordeaux-montaigne.fr:340407", "symbol_class": "building", "pixel_x": 2928.3, "pixel_y": 5894.6, "easting": 537063.8, "northing": 371062.3, "epsg_source": 22391}}, {"type": "Feature", "geometry": {"type": "Point", "coordinates": [10.32627, 36.64069]}, "properties": {"record_id": "oai:u-bordeaux-montaigne.fr:340407", "symbol_class": "building", "pixel_x": 3159.5, "pixel_y": 5895.0, "easting": 538059.0, "northing": 370985.4, "epsg_source": 22391}}, {"type": "Feature", "geometry": {"type": "Point", "coordinates": [10.34869, 36.63919]}, "properties": {"record_id": "oai:u-bordeaux-montaigne.fr:340407", "symbol_class": "building", "pixel_x": 3625.4, "pixel_y": 5896.3, "easting": 540064.1, "northing": 370828.2, "epsg_source": 22391}}, {"type": "Feature", "geometry": {"type": "Point", "coordinates": [10.33753, 36.63995]}, "properties": {"record_id": "oai:u-bordeaux-montaigne.fr:340407", "symbol_class": "building", "pixel_x": 3393.4, "pixel_y": 5895.5, "easting": 539065.5, "northing": 370907.2, "epsg_source": 22391}}, {"type": "Feature", "geometry": {"type": "Point", "coordinates": [10.35986, 36.63847]}, "properties": {"record_id": "oai:u-bordeaux-montaigne.fr:340407", "symbol_class": "building", "pixel_x": 3857.4, "pixel_y": 5896.2, "easting": 541062.6, "northing": 370753.1, "epsg_source": 22391}}, {"type": "Feature", "geometry": {"type": "Point", "coordinates": [10.37111, 36.63773]}, "properties": {"record_id": "oai:u-bordeaux-montaigne.fr:340407", "symbol_class": "building", "pixel_x": 4091.4, "pixel_y": 5896.7, "easting": 542069.6, "northing": 370674.8, "epsg_source": 22391}}, {"type": "Feature", "geometry": {"type": "Point", "coordinates": [10.39356, 36.63622]}, "properties": {"record_id": "oai:u-bordeaux-montaigne.fr:340407", "symbol_class": "building", "pixel_x": 4557.9, "pixel_y": 5898.0, "easting": 544077.1, "northing": 370517.6, "epsg_source": 22391}}, {"type": "Feature", "geometry": {"type": "Point", "coordinates": [10.40474, 36.63548]}, "properties": {"record_id": "oai:u-bordeaux-montaigne.fr:340407", "symbol_class": "building", "pixel_x": 4790.2, "pixel_y": 5898.2, "easting": 545077.0, "northing": 370441.0, "epsg_source": 22391}}, {"type": "Feature", "geometry": {"type": "Point", "coordinates": [10.41588, 36.63471]}, "properties": {"record_id": "oai:u-bordeaux-montaigne.fr:340407", "symbol_class": "building", "pixel_x": 5021.8, "pixel_y": 5899.5, "easting": 546073.3, "northing": 370360.3, "epsg_source": 22391}}, {"type": "Feature", "geometry": {"type": "Point", "coordinates": [10.42706, 36.63394]}, "properties": {"record_id": "oai:u-bordeaux-montaigne.fr:340407", "symbol_class": "building", "pixel_x": 5254.2, "pixel_y": 5900.6, "easting": 547073.5, "northing": 370280.1, "epsg_source": 22391}}, {"type": "Feature", "geometry": {"type": "Point", "coordinates": [10.30299, 36.64015]}, "properties": {"record_id": "oai:u-bordeaux-montaigne.fr:340407", "symbol_class": "building", "pixel_x": 2679.8, "pixel_y": 5948.4, "easting": 535977.5, "northing": 370916.8, "epsg_source": 22391}}, {"type": "Feature", "geometry": {"type": "Point", "coordinates": [10.30379, 36.64007]}, "properties": {"record_id": "oai:u-bordeaux-montaigne.fr:340407", "symbol_class": "building", "pixel_x": 2696.6, "pixel_y": 5949.2, "easting": 536049.7, "northing": 370908.1, "epsg_source": 22391}}, {"type": "Feature", "geometry": {"type": "Point", "coordinates": [10.30459, 36.64006]}, "properties": {"record_id": "oai:u-bordeaux-montaigne.fr:340407", "symbol_class": "building", "pixel_x": 2713.2, "pixel_y": 5948.3, "easting": 536121.3, "northing": 370906.6, "epsg_source": 22391}}, {"type": "Feature", "geometry": {"type": "Point", "coordinates": [10.32626, 36.63867]}, "properties": {"record_id": "oai:u-bordeaux-montaigne.fr:340407", "symbol_class": "building", "pixel_x": 3163.4, "pixel_y": 5948.1, "easting": 538059.0, "northing": 370760.7, "epsg_source": 22391}}, {"type": "Feature", "geometry": {"type": "Point", "coordinates": [10.33823, 36.63792]}, "properties": {"record_id": "oai:u-bordeaux-montaigne.fr:340407", "symbol_class": "building", "pixel_x": 3412.0, "pixel_y": 5947.6, "easting": 539129.2, "northing": 370682.1, "epsg_source": 22391}}, {"type": "Feature", "geometry": {"type": "Point", "coordinates": [10.35997, 36.63638]}, "properties": {"record_id": "oai:u-bordeaux-montaigne.fr:340407", "symbol_class": "building", "pixel_x": 3864.1, "pixel_y": 5950.8, "easting": 541074.2, "northing": 370521.3, "epsg_source": 22391}}, {"type": "Feature", "geometry": {"type": "Point", "coordinates": [10.38221, 36.63497]}, "properties": {"record_id": "oai:u-bordeaux-montaigne.fr:340407", "symbol_class": "building", "pixel_x": 4326.0, "pixel_y": 5950.1, "easting": 543062.8, "northing": 370373.9, "epsg_source": 22391}}, {"type": "Feature", "geometry": {"type": "Point", "coordinates": [10.38299, 36.63496]}, "properties": {"record_id": "oai:u-bordeaux-montaigne.fr:340407", "symbol_class": "building", "pixel_x": 4342.3, "pixel_y": 5949.2, "easting": 543133.0, "northing": 370372.6, "epsg_source": 22391}}, {"type": "Feature", "geometry": {"type": "Point", "coordinates": [10.33659, 36.63791]}, "properties": {"record_id": "oai:u-bordeaux-montaigne.fr:340407", "symbol_class": "building", "pixel_x": 3378.2, "pixel_y": 5950.5, "easting": 538983.2, "northing": 370680.9, "epsg_source": 22391}}, {"type": "Feature", "geometry": {"type": "Point", "coordinates": [10.33742, 36.63787]}, "properties": {"record_id": "oai:u-bordeaux-montaigne.fr:340407", "symbol_class": "building", "pixel_x": 3395.5, "pixel_y": 5950.2, "easting": 539057.5, "northing": 370676.4, "epsg_source": 22391}}, {"type": "Feature", "geometry": {"type": "Point", "coordinates": [10.36073, 36.63636]}, "properties": {"record_id": "oai:u-bordeaux-montaigne.fr:340407", "symbol_class": "building", "pixel_x": 3879.8, "pixel_y": 5950.2, "easting": 541142.2, "northing": 370518.7, "epsg_source": 22391}}, {"type": "Feature", "geometry": {"type": "Point", "coordinates": [10.3814, 36.63503]}, "properties": {"record_id": "oai:u-bordeaux-montaigne.fr:340407", "symbol_class": "building", "pixel_x": 4309.3, "pixel_y": 5949.8, "easting": 542990.9, "northing": 370380.8, "epsg_source": 22391}}, {"type": "Feature", "geometry": {"type": "Point", "coordinates": [10.35915, 36.63647]}, "properties": {"record_id": "oai:u-bordeaux-montaigne.fr:340407", "symbol_class": "building", "pixel_x": 3846.8, "pixel_y": 5949.9, "easting": 541000.3, "northing": 370530.6, "epsg_source": 22391}}, {"type": "Feature", "geometry": {"type": "Point", "coordinates": [10.37028, 36.63568]}, "properties": {"record_id": "oai:u-bordeaux-montaigne.fr:340407", "symbol_class": "building", "pixel_x": 4078.3, "pixel_y": 5951.9, "easting": 541996.1, "northing": 370447.1, "epsg_source": 22391}}, {"type": "Feature", "geometry": {"type": "Point", "coordinates": [10.37111, 36.63561]}, "properties": {"record_id": "oai:u-bordeaux-montaigne.fr:340407", "symbol_class": "building", "pixel_x": 4095.7, "pixel_y": 5952.3, "easting": 542070.5, "northing": 370439.6, "epsg_source": 22391}}, {"type": "Feature", "geometry": {"type": "Point", "coordinates": [10.2807, 36.64125]}, "properties": {"record_id": "oai:u-bordeaux-montaigne.fr:340407", "symbol_class": "building", "pixel_x": 2217.4, "pixel_y": 5957.2, "easting": 533984.7, "northing": 371030.5, "epsg_source": 22391}}, {"type": "Feature", "geometry": {"type": "Point", "coordinates": [10.34907, 36.63671]}, "properties": {"record_id": "oai:u-bordeaux-montaigne.fr:340407", "symbol_class": "building", "pixel_x": 3638.3, "pixel_y": 5960.7, "easting": 540099.2, "northing": 370553.1, "epsg_source": 22391}}, {"type": "Feature", "geometry": {"type": "Point", "coordinates": [10.39246, 36.63399]}, "properties": {"record_id": "oai:u-bordeaux-montaigne.fr:340407", "symbol_class": "building", "pixel_x": 4539.7, "pixel_y": 5958.4, "easting": 543979.8, "northing": 370269.6, "epsg_source": 22391}}, {"type": "Feature", "geometry": {"type": "Point", "coordinates": [10.24783, 36.64322]}, "properties": {"record_id": "oai:u-bordeaux-montaigne.fr:340407", "symbol_class": "building", "pixel_x": 1534.9, "pixel_y": 5960.5, "easting": 531045.7, "northing": 371238.5, "epsg_source": 22391}}, {"type": "Feature", "geometry": {"type": "Point", "coordinates": [10.25833, 36.64255]}, "properties": {"record_id": "oai:u-bordeaux-montaigne.fr:340407", "symbol_class": "building", "pixel_x": 1753.0, "pixel_y": 5960.7, "easting": 531984.4, "northing": 371166.8, "epsg_source": 22391}}, {"type": "Feature", "geometry": {"type": "Point", "coordinates": [10.24855, 36.64318]}, "properties": {"record_id": "oai:u-bordeaux-montaigne.fr:340407", "symbol_class": "building", "pixel_x": 1549.7, "pixel_y": 5960.6, "easting": 531109.4, "northing": 371233.3, "epsg_source": 22391}}, {"type": "Feature", "geometry": {"type": "Point", "coordinates": [10.25914, 36.64248]}, "properties": {"record_id": "oai:u-bordeaux-montaigne.fr:340407", "symbol_class": "building", "pixel_x": 1769.9, "pixel_y": 5961.0, "easting": 532057.0, "northing": 371160.1, "epsg_source": 22391}}, {"type": "Feature", "geometry": {"type": "Point", "coordinates": [10.25988, 36.64241]}, "properties": {"record_id": "oai:u-bordeaux-montaigne.fr:340407", "symbol_class": "building", "pixel_x": 1785.3, "pixel_y": 5961.8, "easting": 532123.1, "northing": 371151.9, "epsg_source": 22391}}, {"type": "Feature", "geometry": {"type": "Point", "coordinates": [10.31518, 36.63874]}, "properties": {"record_id": "oai:u-bordeaux-montaigne.fr:340407", "symbol_class": "building", "pixel_x": 2934.4, "pixel_y": 5964.9, "easting": 537068.1, "northing": 370764.5, "epsg_source": 22391}}, {"type": "Feature", "geometry": {"type": "Point", "coordinates": [10.316, 36.63882]}, "properties": {"record_id": "oai:u-bordeaux-montaigne.fr:340407", "symbol_class": "building", "pixel_x": 2951.2, "pixel_y": 5961.4, "easting": 537141.8, "northing": 370773.9, "epsg_source": 22391}}, {"type": "Feature", "geometry": {"type": "Point", "coordinates": [10.31433, 36.63875]}, "properties": {"record_id": "oai:u-bordeaux-montaigne.fr:340407", "symbol_class": "building", "pixel_x": 2916.9, "pixel_y": 5966.0, "easting": 536992.4, "northing": 370765.6, "epsg_source": 22391}}, {"type": "Feature", "geometry": {"type": "Point", "coordinates": [10.29153, 36.64]}, "properties": {"record_id": "oai:u-bordeaux-montaigne.fr:340407", "symbol_class": "building", "pixel_x": 2443.6, "pixel_y": 5971.7, "easting": 534953.4, "northing": 370895.9, "epsg_source": 22391}}, {"type": "Feature", "geometry": {"type": "Point", "coordinates": [10.23717, 36.64332]}, "properties": {"record_id": "oai:u-bordeaux-montaigne.fr:340407", "symbol_class": "building", "pixel_x": 1314.5, "pixel_y": 5975.9, "easting": 530092.4, "northing": 371245.8, "epsg_source": 22391}}, {"type": "Feature", "geometry": {"type": "Point", "coordinates": [10.23519, 36.6433]}, "properties": {"record_id": "oai:u-bordeaux-montaigne.fr:340407", "symbol_class": "building", "pixel_x": 1273.6, "pixel_y": 5979.6, "easting": 529915.1, "northing": 371243.4, "epsg_source": 22391}}, {"type": "Feature", "geometry": {"type": "Point", "coordinates": [10.29238, 36.63487]}, "properties": {"record_id": "oai:u-bordeaux-montaigne.fr:340407", "symbol_class": "building", "pixel_x": 2471.5, "pixel_y": 6104.7, "easting": 535032.1, "northing": 370327.3, "epsg_source": 22391}}, {"type": "Feature", "geometry": {"type": "Point", "coordinates": [10.30316, 36.63412]}, "properties": {"record_id": "oai:u-bordeaux-montaigne.fr:340407", "symbol_class": "building", "pixel_x": 2695.5, "pixel_y": 6106.4, "easting": 535995.8, "northing": 370247.3, "epsg_source": 22391}}, {"type": "Feature", "geometry": {"type": "Point", "coordinates": [10.29907, 36.63428]}, "properties": {"record_id": "oai:u-bordeaux-montaigne.fr:340407", "symbol_class": "building", "pixel_x": 2610.7, "pixel_y": 6109.1, "easting": 535629.8, "northing": 370263.5, "epsg_source": 22391}}]}