record_id,title,year,century,confidence,provenance_tier,bbox_west,bbox_east,bbox_north,bbox_south,bbox_source,tunisia_extent_share,orientation,orientation_basis,geometric_class,georef_tier,georef_blockers,scale_class,scan_resolution_class,thematic_layers,n_thematic_layers,content_mappable,inequality_layers,inequality_use,coverage_group,url
btv1b525062937,Itinéraire de Tunis à Bizerte et à la frontière d'Algérie / gravé par Erhard,1880,19th c.,high,bnf,,,,,none,,presumed_north,European printed cartography after 1700 is north-up by convention,survey,1_direct,,medium,high,roads | admin_boundaries,2,yes,admin_boundaries | roads,direct,medium,https://gallica.bnf.fr/ark:/12148/btv1b525062937
btv1b7759078q,Itinéraire de Tunis à Bizerte et à la Frontière d'Algérie / Publié par le Dépôt de la Guerre ; Gravé par Erhard ... Paris,1880,19th c.,high,bnf,,,,,none,,presumed_north,European printed cartography after 1700 is north-up by convention,survey,1_direct,,medium,medium,roads | admin_boundaries,2,yes,admin_boundaries | roads,direct,medium,https://gallica.bnf.fr/ark:/12148/btv1b7759078q
btv1b53197273p,Carte des itinéraires de la Tunisie,1903,20th c.,high,bnf,,,,,none,,presumed_north,European printed cartography after 1700 is north-up by convention,survey,1_direct,,small,high,roads | admin_boundaries,2,yes,admin_boundaries | roads,direct,small,https://gallica.bnf.fr/ark:/12148/btv1b53197273p
btv1b531972761,Carte des itinéraires de la Tunisie,1906,20th c.,high,bnf,,,,,none,,presumed_north,European printed cartography after 1700 is north-up by convention,survey,1_direct,,small,high,roads | admin_boundaries,2,yes,admin_boundaries | roads,direct,small,https://gallica.bnf.fr/ark:/12148/btv1b531972761
btv1b53064546p,Carte des sites préhistoriques et protohistoriques de la Macédoine. Régions de Salonique et de Monastir (1re édition) / Dressée d'après les observations du Service archéologique de l'armée française,1918,20th c.,low,bnf,,,,,none,,presumed_north,European printed cartography after 1700 is north-up by convention,survey,1_direct,,small,medium,admin_boundaries | archaeology,2,yes,admin_boundaries,indirect,small,https://gallica.bnf.fr/ark:/12148/btv1b53064546p
btv1b53179703r,"Carte de la Régence de Tunis dressée au Dépôt général de la guerre sous la direction de Mr. le lieu.t gén.al baron Pelet d'après les observations et les reconnaissances de Mr. Falbe, cap.ne de vaisseau danois, de Mr. Pricot S.te Marie cap.ne d'Etat-major, et d'après les renseignemens recueillis par eux. Gravé J. Schwaerzlé",1842,19th c.,high,bnf,,,,,none,,presumed_north,European printed cartography after 1700 is north-up by convention,survey,1_direct,,small,high,roads,1,yes,roads,direct,small,https://gallica.bnf.fr/ark:/12148/btv1b53179703r
btv1b53021091b,"Environs de Tunis et Carthage / Levés exécutés par MM. les capitaines Derrien... ; Koszutski... ; sous la direction de M. le commt Perrier, en 1878",1878,19th c.,high,bnf,,,,,none,,presumed_north,European printed cartography after 1700 is north-up by convention,survey,1_direct,,medium,high,archaeology,1,yes,,none,medium,https://gallica.bnf.fr/ark:/12148/btv1b53021091b
btv1b530210435,Carte des Itinéraires de la Régence de Tunis / publiée par le Dépôt,1882,19th c.,high,bnf,,,,,none,,presumed_north,European printed cartography after 1700 is north-up by convention,survey,1_direct,,small,high,roads,1,yes,roads,direct,small,https://gallica.bnf.fr/ark:/12148/btv1b530210435
btv1b8439510s,Croquis de la ville de Qirwan,1884,19th c.,high,bnf,,,,,none,,presumed_north,European printed cartography after 1700 is north-up by convention,survey,1_direct,,large,high,settlements,1,yes,settlements,indirect,large,https://gallica.bnf.fr/ark:/12148/btv1b8439510s
btv1b53022873s,"Carte des itinéraires de la Tunisie, 1/800 000, 1885",1886,19th c.,high,bnf,,,,,none,,presumed_north,European printed cartography after 1700 is north-up by convention,survey,1_direct,,small,high,roads,1,yes,roads,direct,small,https://gallica.bnf.fr/ark:/12148/btv1b53022873s
btv1b530299959,Carte des itinéraires de la Tunisie,1887,19th c.,high,bnf,,,,,none,,presumed_north,European printed cartography after 1700 is north-up by convention,survey,1_direct,,small,high,roads,1,yes,roads,direct,small,https://gallica.bnf.fr/ark:/12148/btv1b530299959
btv1b53179707j,"Carte des itinéraires de la Tunisie / chef du service géographique, le Général Perrier",1887,19th c.,high,bnf,,,,,none,,presumed_north,European printed cartography after 1700 is north-up by convention,survey,1_direct,,small,high,roads,1,yes,roads,direct,small,https://gallica.bnf.fr/ark:/12148/btv1b53179707j
btv1b53179709f,Carte des itinéraires de la Tunisie / dressée au Service géographique de l'armée,1889,19th c.,high,bnf,,,,,none,,presumed_north,European printed cartography after 1700 is north-up by convention,survey,1_direct,,small,high,roads,1,yes,roads,direct,small,https://gallica.bnf.fr/ark:/12148/btv1b53179709f
btv1b531797080,Carte des itinéraires de la Tunisie / dressée au Service géographique de l'armée,1896,19th c.,high,bnf,,,,,none,,presumed_north,European printed cartography after 1700 is north-up by convention,survey,1_direct,,small,high,roads,1,yes,roads,direct,small,https://gallica.bnf.fr/ark:/12148/btv1b531797080
btv1b53062063k,"Carte archéologique et topographique des ruines de Carthage dressée d'après les relevés de M. l'adjoint du génie Bordy / avec le concours de MM. le R. P. Delattre ; ,... le général Dolot ; ,... P. Gauckler,...",1907,20th c.,high,bnf,,,,,none,,presumed_north,European printed cartography after 1700 is north-up by convention,survey,1_direct,,large,high,archaeology,1,yes,,none,large,https://gallica.bnf.fr/ark:/12148/btv1b53062063k
oai:u-bordeaux-montaigne.fr:340509,"Tunisie Flle. N° LXX-B9-C35, Djebel Trozza / dessiné, héliogravé et publié par le Service Géographique de l'Armée en 1929",1929,20th c.,high,partner,9.389,9.749,35.613,35.424,partner_page,1.000,presumed_north,European printed cartography after 1700 is north-up by convention,survey,1_direct,no IIIF (partner-hosted); scan resolution low or unknown; image not on IIIF; fetch from the holding library,medium,unknown,relief,1,yes,,none,medium,https://1886.u-bordeaux-montaigne.fr/s/1886/item/340509
oai:u-bordeaux-montaigne.fr:340513,"Tunisie Flle. N° LXXV-B10-C32, Djebel Bireno / dressé, heliogravé et publié par le Service géographique de l'armée en 1930",1930,20th c.,high,partner,8.327,8.678,35.487,35.298,partner_page,1.000,presumed_north,European printed cartography after 1700 is north-up by convention,survey,1_direct,no IIIF (partner-hosted); scan resolution low or unknown; image not on IIIF; fetch from the holding library,medium,unknown,relief,1,yes,,none,medium,https://1886.u-bordeaux-montaigne.fr/s/1886/item/340513
oai:u-bordeaux-montaigne.fr:340514,"Tunisie Flle. N° LXXVI-B10-C33, Djebel Semmama / dressé, héliogravé et publié au Service Géographique de l'Armée en 1930",1930,20th c.,high,partner,8.678,9.029,35.469,35.280,partner_page,1.000,presumed_north,European printed cartography after 1700 is north-up by convention,survey,1_direct,no IIIF (partner-hosted); scan resolution low or unknown; image not on IIIF; fetch from the holding library,medium,unknown,relief,1,yes,,none,medium,https://1886.u-bordeaux-montaigne.fr/s/1886/item/340514
oai:u-bordeaux-montaigne.fr:340447,"Tunisie Flle. N° XLI-B5-C35, Djebel Mansour / dessiné, héliogravé et publié par le Service géographique de l'Armée en 1923 (révisé en 1930)",1930,20th c.,high,partner,9.461,9.821,36.333,36.144,partner_page,1.000,presumed_north,European printed cartography after 1700 is north-up by convention,survey,1_direct,no IIIF (partner-hosted); scan resolution low or unknown; image not on IIIF; fetch from the holding library,medium,unknown,relief,1,yes,,none,medium,https://1886.u-bordeaux-montaigne.fr/s/1886/item/340447
oai:u-bordeaux-montaigne.fr:340448,"Tunisie Flle. N° XLII-B5-C36, Djebel Fkirine / dressé, gravé et publié par Service géographique de l'armée (révisé en 1930)",1930,20th c.,high,partner,9.812,10.172,36.283,36.100,partner_page,1.000,presumed_north,European printed cartography after 1700 is north-up by convention,survey,1_direct,no IIIF (partner-hosted); scan resolution low or unknown; image not on IIIF; fetch from the holding library,medium,unknown,relief,1,yes,,none,medium,https://1886.u-bordeaux-montaigne.fr/s/1886/item/340448
oai:u-bordeaux-montaigne.fr:340449,"Tunisie Flle. N° XLIII-B5-C37, Enfidaville / dressé, gravé et publié par le Service géographique de l'Armée (révision de 1930)",1930,20th c.,high,partner,10.163,10.523,36.267,36.083,partner_page,1.000,presumed_north,European printed cartography after 1700 is north-up by convention,survey,1_direct,no IIIF (partner-hosted); scan resolution low or unknown; image not on IIIF; fetch from the holding library,medium,unknown,settlements,1,yes,settlements,indirect,medium,https://1886.u-bordeaux-montaigne.fr/s/1886/item/340449
oai:u-bordeaux-montaigne.fr:340412,"Tunisie Feuille n° XXVI-B3-C34, Oued-Zarga / dressé, héliogravé et publié par le service géographique de l'Armée (complété en 1931)",1931,20th c.,high,partner,9.128,9.497,36.711,36.522,partner_page,1.000,presumed_north,European printed cartography after 1700 is north-up by convention,survey,1_direct,no IIIF (partner-hosted); scan resolution low or unknown; image not on IIIF; fetch from the holding library,medium,unknown,hydrology,1,yes,,none,medium,https://1886.u-bordeaux-montaigne.fr/s/1886/item/340412
oai:u-bordeaux-montaigne.fr:340511,"Tunisie Flle. N° LXXII-B9-C37, Oued Cherita / dessiné, héliogravé et publié par le Service Géographique de l'Armée en 1922 (Complété en 1931)",1931,20th c.,high,partner,10.091,10.451,35.567,35.367,partner_page,1.000,presumed_north,European printed cartography after 1700 is north-up by convention,survey,1_direct,no IIIF (partner-hosted); scan resolution low or unknown; image not on IIIF; fetch from the holding library,medium,unknown,hydrology,1,yes,,none,medium,https://1886.u-bordeaux-montaigne.fr/s/1886/item/340511
oai:u-bordeaux-montaigne.fr:340454,"Tunisie Flle. N° XLVII-B6-C35, Djebel Bargou / dessiné, héliogravé et publié par le Service géographique de l'Armée en 1930 (complété en 1931)",1931,20th c.,high,partner,9.443,9.803,36.153,35.955,partner_page,1.000,presumed_north,European printed cartography after 1700 is north-up by convention,survey,1_direct,no IIIF (partner-hosted); scan resolution low or unknown; image not on IIIF; fetch from the holding library,medium,unknown,relief,1,yes,,none,medium,https://1886.u-bordeaux-montaigne.fr/s/1886/item/340454
oai:u-bordeaux-montaigne.fr:340473,"Tunisie Flle. N° LIV-B7-C35, Djebel Serdj / dressé, héliogravé et publié par le Service Géographique de l'Armée en 1929 (complété en 1932)",1932,20th c.,high,partner,9.425,9.785,35.973,35.783,partner_page,1.000,presumed_north,European printed cartography after 1700 is north-up by convention,survey,1_direct,no IIIF (partner-hosted); scan resolution low or unknown; image not on IIIF; fetch from the holding library,medium,unknown,relief,1,yes,,none,medium,https://1886.u-bordeaux-montaigne.fr/s/1886/item/340473
oai:u-bordeaux-montaigne.fr:340515,"Tunisie Flle. N° LXXVII-B10-C34, Djebel Mrhila / dessiné, héliogravé et publié par le Service Géographique de l'Armée en 1932",1932,20th c.,high,partner,9.380,9.696,35.451,35.262,partner_page,1.000,presumed_north,European printed cartography after 1700 is north-up by convention,survey,1_direct,no IIIF (partner-hosted); scan resolution low or unknown; image not on IIIF; fetch from the holding library,medium,unknown,relief,1,yes,,none,medium,https://1886.u-bordeaux-montaigne.fr/s/1886/item/340515
oai:u-bordeaux-montaigne.fr:340368,"Tunisie Flle. N° V-B0-C34, Oued Sedjenane / dressé, héliogravé et publié par le Service géographique de l'Armée (complété en 1932)",1932,20th c.,high,partner,9.167,9.550,37.250,37.050,partner_page,1.000,presumed_north,European printed cartography after 1700 is north-up by convention,survey,1_direct,no IIIF (partner-hosted); scan resolution low or unknown; image not on IIIF; fetch from the holding library,medium,unknown,hydrology,1,yes,,none,medium,https://1886.u-bordeaux-montaigne.fr/s/1886/item/340368
oai:u-bordeaux-montaigne.fr:340369,"Tunisie Flle. N° VI [6] B 0 - C 35, Djebel Ichkeul / dressé, heliogravé et publié par Service géographique de l'armée en 1936",1936,20th c.,high,partner,9.533,9.883,37.233,37.033,partner_page,1.000,presumed_north,European printed cartography after 1700 is north-up by convention,survey,1_direct,no IIIF (partner-hosted); scan resolution low or unknown; image not on IIIF; fetch from the holding library,medium,unknown,relief,1,yes,,none,medium,https://1886.u-bordeaux-montaigne.fr/s/1886/item/340369
btv1b53260403g,"Carte des chemins de fer français / dressé, dessiné et publié par le Service géographique de l'armée",1937,20th c.,high,bnf,,,,,none,,presumed_north,European printed cartography after 1700 is north-up by convention,survey,1_direct,,small,high,railways,1,yes,railways,direct,small,https://gallica.bnf.fr/ark:/12148/btv1b53260403g
btv1b53065122w,"Carte des possessions françaises en Afrique et d'une partie de la Régence de Tunis dréssée au Dépôt général de la guerre, sous la direction de M. le lieutenant général Pelet d'après les levés et les reconnaissances faits à Alger, Oran et Bone, ...",1853,19th c.,high,bnf,,,,,none,,presumed_north,European printed cartography after 1700 is north-up by convention,survey,1_direct,,small,high,,0,no,,none,small,https://gallica.bnf.fr/ark:/12148/btv1b53065122w
btv1b531797046,"Carte de la régence de Tunis, dressé au Dépôt de la guerre / d'après les observations... de Mr Falbe ; de M. Pricot Ste Marie, étant directeur le colonel Blondel...",1857,19th c.,high,bnf,,,,,none,,presumed_north,European printed cartography after 1700 is north-up by convention,survey,1_direct,,small,high,,0,no,,none,small,https://gallica.bnf.fr/ark:/12148/btv1b531797046
btv1b53179705n,Carte de la régence de Tunis dressée au dépôt de la guerre... 1857,1878,19th c.,high,bnf,,,,,none,,presumed_north,European printed cartography after 1700 is north-up by convention,survey,1_direct,,small,high,,0,no,,none,small,https://gallica.bnf.fr/ark:/12148/btv1b53179705n
btv1b8441166k,"Plan de Sfax, 1/2 000, levé et dessiné par le lieutenant d'artillerie soussigné. Sfax, le 25 septembre 1881 : H. Baquet",1881,19th c.,high,bnf,,,,,none,,presumed_north,European printed cartography after 1700 is north-up by convention,survey,1_direct,,large,high,,0,no,,none,large,https://gallica.bnf.fr/ark:/12148/btv1b8441166k
btv1b530634783,Carte de la régence de Tunis dressée au dépôt de la guerre... 1857,1884,19th c.,high,bnf,,,,,none,,presumed_north,European printed cartography after 1700 is north-up by convention,survey,1_direct,,small,high,,0,no,,none,small,https://gallica.bnf.fr/ark:/12148/btv1b530634783
btv1b53022924j,"Algérie et Tunisie, d'après les documents fournis par le Dépôt de la Guerre (Service Géographique); orthographe des noms arabes d'après les principes du général Parmentier / dessinée par J. Hansen, 1885",1885,19th c.,high,bnf,,,,,none,,presumed_north,European printed cartography after 1700 is north-up by convention,survey,1_direct,,small,high,,0,no,,none,small,https://gallica.bnf.fr/ark:/12148/btv1b53022924j
btv1b53024975r,"Carte de la Tunisie, dressée au service géographique de l'armée",1889,19th c.,high,bnf,,,,,none,,presumed_north,European printed cartography after 1700 is north-up by convention,survey,1_direct,,small,high,,0,no,,none,small,https://gallica.bnf.fr/ark:/12148/btv1b53024975r
btv1b5969652w,"Carte de l'Afrique à l'échelle de 1:2 000 000. 02, Tunis : Afrique (région septentrionale) / [dressé et dessiné par... Régnauld de Lannoy de Bissy]",1894,,high,bnf,-17.550,51.333,37.300,-34.833,unimarc_123,0.006,presumed_north,European printed cartography after 1700 is north-up by convention,survey,1_direct,,very_small,medium,,0,no,,none,very_small,https://gallica.bnf.fr/ark:/12148/btv1b5969652w
btv1b53121118t,Carte de la Tunisie dressée au Service géographique de l'Armée,1895,19th c.,high,bnf,,,,,none,,presumed_north,European printed cartography after 1700 is north-up by convention,survey,1_direct,,small,high,,0,no,,none,small,https://gallica.bnf.fr/ark:/12148/btv1b53121118t
btv1b53029646j,Environs de Bizerte,1898,19th c.,high,bnf,,,,,none,,presumed_north,European printed cartography after 1700 is north-up by convention,survey,1_direct,,medium,high,,0,no,,none,medium,https://gallica.bnf.fr/ark:/12148/btv1b53029646j
btv1b530294979,Environs de Tunis,1898,19th c.,high,bnf,,,,,none,,presumed_north,European printed cartography after 1700 is north-up by convention,survey,1_direct,,medium,high,,0,no,,none,medium,https://gallica.bnf.fr/ark:/12148/btv1b530294979
btv1b531797063,Plan de Tunis,1901,20th c.,high,bnf,,,,,none,,presumed_north,European printed cartography after 1700 is north-up by convention,survey,1_direct,,large,high,,0,no,,none,large,https://gallica.bnf.fr/ark:/12148/btv1b531797063
oai:u-bordeaux-montaigne.fr:340371,"Tunisie Flle. N° VII.B 0-C 36, Porto-Farina / dressé, gravé et publié par Service géographique de l'armée (Révision de 1902)",1902,20th c.,high,partner,9.883,10.233,37.183,37.017,partner_page,1.000,presumed_north,European printed cartography after 1700 is north-up by convention,survey,1_direct,no IIIF (partner-hosted); scan resolution low or unknown; image not on IIIF; fetch from the holding library,medium,unknown,,0,no,,none,medium,https://1886.u-bordeaux-montaigne.fr/s/1886/item/340371
oai:u-bordeaux-montaigne.fr:340390,"Tunisie Flle. N° XIV-B 1-C 37, La Marsa / dressé, gravé et publié par Service géographique de l'armée (révision de 1902)",1902,20th c.,high,partner,10.233,10.583,37.000,36.800,partner_page,1.000,presumed_north,European printed cartography after 1700 is north-up by convention,survey,1_direct,no IIIF (partner-hosted); scan resolution low or unknown; image not on IIIF; fetch from the holding library,medium,unknown,,0,no,,none,medium,https://1886.u-bordeaux-montaigne.fr/s/1886/item/340390
oai:u-bordeaux-montaigne.fr:340396,"Tunisie Flle. N° XX-B2-C36, Tunis / dressé, gravé et publié par le Service géographique de l'Armée (révision de 1902)",1902,20th c.,high,partner,9.857,10.226,36.855,36.657,partner_page,1.000,presumed_north,European printed cartography after 1700 is north-up by convention,survey,1_direct,no IIIF (partner-hosted); scan resolution low or unknown; image not on IIIF; fetch from the holding library,medium,unknown,,0,no,,none,medium,https://1886.u-bordeaux-montaigne.fr/s/1886/item/340396
oai:u-bordeaux-montaigne.fr:340408,"Tunisie Flle. N° XXI-B2-C37, La Goulette / dressé, gravé et publié par le Service géographique de l'Armée (révision de 1902)",1902,20th c.,high,partner,10.233,10.586,36.817,36.617,partner_page,1.000,presumed_north,European printed cartography after 1700 is north-up by convention,survey,1_direct,no IIIF (partner-hosted); scan resolution low or unknown; image not on IIIF; fetch from the holding library,large,unknown,,0,no,,none,large,https://1886.u-bordeaux-montaigne.fr/s/1886/item/340408
btv1b8445503p,"Environs de Medenine / Dressé, héliogravé et publié par le Service géographique de l'Armée",1911,20th c.,high,bnf,,,,,none,,presumed_north,European printed cartography after 1700 is north-up by convention,survey,1_direct,,medium,high,,0,no,,none,medium,https://gallica.bnf.fr/ark:/12148/btv1b8445503p
btv1b10104083z,Monastir : The Balkans / War office,1915,20th c.,low,bnf,,,,,none,,presumed_north,European printed cartography after 1700 is north-up by convention,survey,1_direct,,medium,high,,0,no,,none,medium,https://gallica.bnf.fr/ark:/12148/btv1b10104083z
oai:u-bordeaux-montaigne.fr:340367,"Tunisie Flle. N° IV-B0-C33, Cap Negro / dressé, héliogravé et publié par le Service géographique de l'Armée (complété en 1922)",1922,20th c.,high,partner,8.800,9.183,37.250,37.067,partner_page,1.000,presumed_north,European printed cartography after 1700 is north-up by convention,survey,1_direct,no IIIF (partner-hosted); scan resolution low or unknown; image not on IIIF; fetch from the holding library,medium,unknown,,0,no,,none,medium,https://1886.u-bordeaux-montaigne.fr/s/1886/item/340367
oai:u-bordeaux-montaigne.fr:340374,"Tunisie Flle. N° X-B1-C33, Nefza / dressé, héliogravé et publié par le Service Géographique de l'Armée (complété en 1922)",1922,20th c.,high,partner,8.800,9.150,37.800,37.617,partner_page,0.000,presumed_north,European printed cartography after 1700 is north-up by convention,survey,1_direct,no IIIF (partner-hosted); scan resolution low or unknown; image not on IIIF; fetch from the holding library,medium,unknown,,0,no,,none,medium,https://1886.u-bordeaux-montaigne.fr/s/1886/item/340374
oai:u-bordeaux-montaigne.fr:340436,"Tunisie Flle. N° XL-B5-C34, Gafour / dressé, héliogravé et publié par le Service géographique de l'Armée, en 1922",1922,20th c.,high,partner,9.100,9.450,36.333,36.150,partner_page,1.000,presumed_north,European printed cartography after 1700 is north-up by convention,survey,1_direct,no IIIF (partner-hosted); scan resolution low or unknown; image not on IIIF; fetch from the holding library,medium,unknown,,0,no,,none,medium,https://1886.u-bordeaux-montaigne.fr/s/1886/item/340436
oai:u-bordeaux-montaigne.fr:340470,"Tunisie Flle. N° LI-B7-C32, Tadjerouine / dressé, héliogravé et publié par le Service Géographique de l'Armée en 1923 (révision partielle de 1923)",1923,20th c.,high,partner,8.363,8.723,36.027,35.838,partner_page,1.000,presumed_north,European printed cartography after 1700 is north-up by convention,survey,1_direct,no IIIF (partner-hosted); scan resolution low or unknown; image not on IIIF; fetch from the holding library,medium,unknown,,0,no,,none,medium,https://1886.u-bordeaux-montaigne.fr/s/1886/item/340470
oai:u-bordeaux-montaigne.fr:340475,"Tunisie Flle. N° LVI-B7-C37, Sebkra Kelbia / dressé, gravé et publié par le Service géographique de l'Armée (complété en 1923)",1923,20th c.,high,partner,10.127,10.487,35.928,35.730,partner_page,1.000,presumed_north,European printed cartography after 1700 is north-up by convention,survey,1_direct,no IIIF (partner-hosted); scan resolution low or unknown; image not on IIIF; fetch from the holding library,medium,unknown,,0,no,,none,medium,https://1886.u-bordeaux-montaigne.fr/s/1886/item/340475
oai:u-bordeaux-montaigne.fr:340493,"Tunisie Flle. N° LXIV-B8-C37, Sidi El Hani / dressé, héliogravé et publié par le Service géographique de l'Armée (Complété en 1923)",1923,20th c.,high,partner,10.109,10.469,35.748,35.559,partner_page,1.000,presumed_north,European printed cartography after 1700 is north-up by convention,survey,1_direct,no IIIF (partner-hosted); scan resolution low or unknown; image not on IIIF; fetch from the holding library,medium,unknown,,0,no,,none,medium,https://1886.u-bordeaux-montaigne.fr/s/1886/item/340493
oai:u-bordeaux-montaigne.fr:340428,"Tunisie Flle. N° XXXII-B4-C33, Souk el Arba / dressé, héliogravé et publié par le Service géographique de l'Armée (complété en 1923)",1923,20th c.,high,partner,8.758,9.128,36.550,36.358,partner_page,1.000,presumed_north,European printed cartography after 1700 is north-up by convention,survey,1_direct,no IIIF (partner-hosted); scan resolution low or unknown; image not on IIIF; fetch from the holding library,medium,unknown,,0,no,,none,medium,https://1886.u-bordeaux-montaigne.fr/s/1886/item/340428
oai:u-bordeaux-montaigne.fr:340435,"Tunisie Flle. N° XXXIX-B5-C33, Nebeur / dessiné, héliogravé et publié par le Service géographique de l'Armée en 1924",1924,20th c.,high,partner,8.750,9.110,36.367,36.180,partner_page,1.000,presumed_north,European printed cartography after 1700 is north-up by convention,survey,1_direct,no IIIF (partner-hosted); scan resolution low or unknown; image not on IIIF; fetch from the holding library,medium,unknown,,0,no,,none,medium,https://1886.u-bordeaux-montaigne.fr/s/1886/item/340435
oai:u-bordeaux-montaigne.fr:340451,"Tunisie Flle N° XLIV-B6-C32, Le Kef / dessiné, héliogravé et publié par le Service géographique de l'Armée en 1924 (complété en 1925)",1925,20th c.,high,partner,8.367,8.733,36.200,36.017,partner_page,1.000,presumed_north,European printed cartography after 1700 is north-up by convention,survey,1_direct,no IIIF (partner-hosted); scan resolution low or unknown; image not on IIIF; fetch from the holding library,medium,unknown,,0,no,,none,medium,https://1886.u-bordeaux-montaigne.fr/s/1886/item/340451
oai:u-bordeaux-montaigne.fr:340471,"Tunisie Flle. N° LII-B1-C33, Ebba Ksour / dressé, héliogravé et publié par le Service géographique de l'Armée en 1925",1925,20th c.,high,partner,8.723,9.074,36.009,35.820,partner_page,1.000,presumed_north,European printed cartography after 1700 is north-up by convention,survey,1_direct,no IIIF (partner-hosted); scan resolution low or unknown; image not on IIIF; fetch from the holding library,medium,unknown,,0,no,,none,medium,https://1886.u-bordeaux-montaigne.fr/s/1886/item/340471
oai:u-bordeaux-montaigne.fr:340494,"Tunisie Flle. N° LXV-B8-C38, Djemmal / dressé, héliogravé et publié par le Service géographique de l'Armée (complété en 1925)",1925,20th c.,high,partner,10.793,10.820,35.667,35.500,partner_page,1.000,presumed_north,European printed cartography after 1700 is north-up by convention,survey,1_direct,no IIIF (partner-hosted); scan resolution low or unknown; image not on IIIF; fetch from the holding library,medium,unknown,,0,no,,none,medium,https://1886.u-bordeaux-montaigne.fr/s/1886/item/340494
oai:u-bordeaux-montaigne.fr:340530,"Tunisie Flle. N° LXXXII-B10-C39, Chebba / dressé, héliogravé et publié par le Service géographique de l'Armée (complété en 1925)",1925,20th c.,high,partner,10.775,11.135,35.343,35.145,partner_page,1.000,presumed_north,European printed cartography after 1700 is north-up by convention,survey,1_direct,no IIIF (partner-hosted); scan resolution low or unknown; image not on IIIF; fetch from the holding library,medium,unknown,,0,no,,none,medium,https://1886.u-bordeaux-montaigne.fr/s/1886/item/340530
oai:u-bordeaux-montaigne.fr:340488,"Tunisie Flle. N° LIX-B8-C32, Kalaat es Senam / dressé, héliogravé et publié par le Service géographique de l'Armée en 1926",1926,20th c.,high,partner,8.255,8.705,35.838,35.658,partner_page,1.000,presumed_north,European printed cartography after 1700 is north-up by convention,survey,1_direct,no IIIF (partner-hosted); scan resolution low or unknown; image not on IIIF; fetch from the holding library,medium,unknown,,0,no,,none,medium,https://1886.u-bordeaux-montaigne.fr/s/1886/item/340488
oai:u-bordeaux-montaigne.fr:340492,"Tunisie Flle. N° LXIII-B8-C36, Kairouan / dressé, héliogravé et publié par le Service géographique de l'Armée (complété en 1927)",1927,20th c.,high,partner,9.758,10.118,35.750,35.567,partner_page,1.000,presumed_north,European printed cartography after 1700 is north-up by convention,survey,1_direct,no IIIF (partner-hosted); scan resolution low or unknown; image not on IIIF; fetch from the holding library,medium,unknown,,0,no,,none,medium,https://1886.u-bordeaux-montaigne.fr/s/1886/item/340492
oai:u-bordeaux-montaigne.fr:340496,"Tunisie Flle. N° LXVII-B9-C32, Thala / dressé, héliogravé et publié par Service géographique de l'armée en 1927",1927,20th c.,high,partner,8.336,8.696,35.667,35.478,partner_page,1.000,presumed_north,European printed cartography after 1700 is north-up by convention,survey,1_direct,no IIIF (partner-hosted); scan resolution low or unknown; image not on IIIF; fetch from the holding library,medium,unknown,,0,no,,none,medium,https://1886.u-bordeaux-montaigne.fr/s/1886/item/340496
oai:u-bordeaux-montaigne.fr:340510,"Tunisie Flle. N° LXXI-B9-C36, Pavillier / dressé, héliogravé et publié par le Service géographique de l'Armée en 1923 (révision partielle en 1927)",1927,20th c.,high,partner,9.758,10.100,35.583,35.400,partner_page,1.000,presumed_north,European printed cartography after 1700 is north-up by convention,survey,1_direct,no IIIF (partner-hosted); scan resolution low or unknown; image not on IIIF; fetch from the holding library,medium,unknown,,0,no,,none,medium,https://1886.u-bordeaux-montaigne.fr/s/1886/item/340510
oai:u-bordeaux-montaigne.fr:340472,"Tunisie Flle. N° LIII-B7-C34, Maktar / dressé, héliogravé et publié par le Service géographique de l'Armée en 1928",1928,20th c.,high,partner,9.074,9.434,35.991,35.802,partner_page,1.000,presumed_north,European printed cartography after 1700 is north-up by convention,survey,1_direct,no IIIF (partner-hosted); scan resolution low or unknown; image not on IIIF; fetch from the holding library,medium,unknown,,0,no,,none,medium,https://1886.u-bordeaux-montaigne.fr/s/1886/item/340472
oai:u-bordeaux-montaigne.fr:340489,"Tunisie Flle. N° LX-B8-C33, Aïn El Kseïba / dressé héliogravé et publié par le Service géographique de l'armée en 1928",1928,20th c.,high,partner,8.705,9.065,35.829,35.640,partner_page,1.000,presumed_north,European printed cartography after 1700 is north-up by convention,survey,1_direct,no IIIF (partner-hosted); scan resolution low or unknown; image not on IIIF; fetch from the holding library,medium,unknown,,0,no,,none,medium,https://1886.u-bordeaux-montaigne.fr/s/1886/item/340489
oai:u-bordeaux-montaigne.fr:340491,"Tunisie Flle. N° LXII-B8-C35, Pichon / dressé, héliogravé et publié par le Service géographique de l'Armée en 1928",1928,20th c.,high,partner,9.407,9.767,35.793,35.600,partner_page,1.000,presumed_north,European printed cartography after 1700 is north-up by convention,survey,1_direct,no IIIF (partner-hosted); scan resolution low or unknown; image not on IIIF; fetch from the holding library,medium,unknown,,0,no,,none,medium,https://1886.u-bordeaux-montaigne.fr/s/1886/item/340491
oai:u-bordeaux-montaigne.fr:340508,"Tunisie Flle. N° LXIX-B9-C34, Sbiba / dressé, héliogravé et publié par le Service Géographique de l'Armée en 1928",1928,20th c.,high,partner,9.038,9.398,35.631,35.442,partner_page,1.000,presumed_north,European printed cartography after 1700 is north-up by convention,survey,1_direct,no IIIF (partner-hosted); scan resolution low or unknown; image not on IIIF; fetch from the holding library,medium,unknown,,0,no,,none,medium,https://1886.u-bordeaux-montaigne.fr/s/1886/item/340508
oai:u-bordeaux-montaigne.fr:340507,"Tunisie Flle. N° LXVIII-B9-C33, Ksar Tlili / dressé, héliogravé et publié par le Service Géographique de l'Armée en 1928",1928,20th c.,high,partner,8.687,9.047,35.649,35.460,partner_page,1.000,presumed_north,European printed cartography after 1700 is north-up by convention,survey,1_direct,no IIIF (partner-hosted); scan resolution low or unknown; image not on IIIF; fetch from the holding library,medium,unknown,,0,no,,none,medium,https://1886.u-bordeaux-montaigne.fr/s/1886/item/340507
oai:u-bordeaux-montaigne.fr:340427,"Tunisie Flle. N° XXXI-B4-C32, Ghardimaou / dressé, héliogravé et publié par le service géographique de l'Armée (complété en 1928)",1928,20th c.,high,partner,8.408,8.768,36.567,36.378,partner_page,1.000,presumed_north,European printed cartography after 1700 is north-up by convention,survey,1_direct,no IIIF (partner-hosted); scan resolution low or unknown; image not on IIIF; fetch from the holding library,medium,unknown,,0,no,,none,medium,https://1886.u-bordeaux-montaigne.fr/s/1886/item/340427
btv1b53066569j,"Manoeuvres d'Algérie-Tunisie, 1929",1929,20th c.,high,bnf,,,,,none,,presumed_north,European printed cartography after 1700 is north-up by convention,survey,1_direct,,medium,high,,0,no,,none,medium,https://gallica.bnf.fr/ark:/12148/btv1b53066569j
btv1b53066570x,Manoeuvres d'Algérie-Tunisie. 1929,1929,20th c.,high,bnf,,,,,none,,presumed_north,European printed cartography after 1700 is north-up by convention,survey,1_direct,,medium,high,,0,no,,none,medium,https://gallica.bnf.fr/ark:/12148/btv1b53066570x
oai:u-bordeaux-montaigne.fr:340490,"Tunisie Flle. N° LXI-B8-C34, Rohia-Dj. Barbrou / dressé, héliogravé et publié par le Service géographique de l'Armée en 1929",1929,20th c.,high,partner,9.056,9.416,35.811,35.622,partner_page,1.000,presumed_north,European printed cartography after 1700 is north-up by convention,survey,1_direct,no IIIF (partner-hosted); scan resolution low or unknown; image not on IIIF; fetch from the holding library,medium,unknown,,0,no,,none,medium,https://1886.u-bordeaux-montaigne.fr/s/1886/item/340490
oai:u-bordeaux-montaigne.fr:340452,"Tunisie Flle. N° XLV-B6-C33, Les Salines / dressé,héliogravé et publié par le Service géographique de l'Armée en 1924 (révision partielle de 1925), complété en 1929",1929,20th c.,high,partner,8.733,9.083,36.167,36.000,partner_page,1.000,presumed_north,European printed cartography after 1700 is north-up by convention,survey,1_direct,no IIIF (partner-hosted); scan resolution low or unknown; image not on IIIF; fetch from the holding library,medium,unknown,,0,no,,none,medium,https://1886.u-bordeaux-montaigne.fr/s/1886/item/340452
oai:u-bordeaux-montaigne.fr:340430,"Tunisie Flle. N° XXXIV-B4-C35, Bou Arada / dressé, héliogravé et publié par le Service géographique de l'Armée (révisé en 1930)",1930,20th c.,high,partner,9.470,9.839,36.513,36.315,partner_page,1.000,presumed_north,European printed cartography after 1700 is north-up by convention,survey,1_direct,no IIIF (partner-hosted); scan resolution low or unknown; image not on IIIF; fetch from the holding library,medium,unknown,,0,no,,none,medium,https://1886.u-bordeaux-montaigne.fr/s/1886/item/340430
oai:u-bordeaux-montaigne.fr:340468,"Tunisie Flle. N° L-B6-C38, Halk El Mennzel / dressé, gravé et publié par Service géographique de l'armée (complété en 1931)",1931,20th c.,high,partner,10.500,10.867,36.081,35.892,partner_page,1.000,presumed_north,European printed cartography after 1700 is north-up by convention,survey,1_direct,no IIIF (partner-hosted); scan resolution low or unknown; image not on IIIF; fetch from the holding library,medium,unknown,,0,no,,none,medium,https://1886.u-bordeaux-montaigne.fr/s/1886/item/340468
oai:u-bordeaux-montaigne.fr:340474,"Tunisie Flle. N° LV-B6-C37, Aïne Djeloula / dressé, héliogravé et publié par le Service géographique de l'Armée (complété en 1931)",1931,20th c.,high,partner,9.776,10.136,35.946,35.757,partner_page,1.000,presumed_north,European printed cartography after 1700 is north-up by convention,survey,1_direct,no IIIF (partner-hosted); scan resolution low or unknown; image not on IIIF; fetch from the holding library,medium,unknown,,0,no,,none,medium,https://1886.u-bordeaux-montaigne.fr/s/1886/item/340474
oai:u-bordeaux-montaigne.fr:340476,"Tunisie Flle. N° LVII-B7-C38, Sousse / dressé, héliogravé et publié par le Service géographique de l'Armée (complété en 1931)",1931,20th c.,high,partner,10.478,10.847,35.910,35.712,partner_page,1.000,presumed_north,European printed cartography after 1700 is north-up by convention,survey,1_direct,no IIIF (partner-hosted); scan resolution low or unknown; image not on IIIF; fetch from the holding library,medium,unknown,,0,no,,none,medium,https://1886.u-bordeaux-montaigne.fr/s/1886/item/340476
oai:u-bordeaux-montaigne.fr:340495,"Tunisie Flle. N° LXVI-B8-C39, Moknine / dressé, héliogravé et publié par le Service Géographique de l'Armée (Complété en 1931)",1931,20th c.,high,partner,10.811,11.171,35.703,35.505,partner_page,1.000,presumed_north,European printed cartography after 1700 is north-up by convention,survey,1_direct,no IIIF (partner-hosted); scan resolution low or unknown; image not on IIIF; fetch from the holding library,medium,unknown,,0,no,,none,medium,https://1886.u-bordeaux-montaigne.fr/s/1886/item/340495
oai:u-bordeaux-montaigne.fr:340455,"Tunisie Flle. N° LXVIII-B6-C36, Djebibina / dressé, héliogravé et publié par le Service géographique de l'armée (complété en 1931)",1931,20th c.,high,partner,9.794,10.154,36.126,35.937,partner_page,1.000,presumed_north,European printed cartography after 1700 is north-up by convention,survey,1_direct,no IIIF (partner-hosted); scan resolution low or unknown; image not on IIIF; fetch from the holding library,medium,unknown,,0,no,,none,medium,https://1886.u-bordeaux-montaigne.fr/s/1886/item/340455
oai:u-bordeaux-montaigne.fr:340512,"Tunisie Flle. N° LXXIII-B9-C38, Kerker / dessiné, héliogravé et publié par le Service Géographique de l'Armée (Complété en 1931)",1931,20th c.,high,partner,10.451,10.802,35.550,35.350,partner_page,1.000,presumed_north,European printed cartography after 1700 is north-up by convention,survey,1_direct,no IIIF (partner-hosted); scan resolution low or unknown; image not on IIIF; fetch from the holding library,medium,unknown,,0,no,,none,medium,https://1886.u-bordeaux-montaigne.fr/s/1886/item/340512
oai:u-bordeaux-montaigne.fr:340529,"Tunisie Flle. N° LXXXI-B10-C38, El Djem / dessiné, héliogravé et publié par le Service Géographique de l'Armée (Complété en 1931)",1931,20th c.,high,partner,10.433,10.783,35.367,35.167,partner_page,1.000,presumed_north,European printed cartography after 1700 is north-up by convention,survey,1_direct,no IIIF (partner-hosted); scan resolution low or unknown; image not on IIIF; fetch from the holding library,medium,unknown,,0,no,,none,medium,https://1886.u-bordeaux-montaigne.fr/s/1886/item/340529
oai:u-bordeaux-montaigne.fr:340456,"Tunisie Flle. N° XLIX-B6-C37, Sidi Bou Ali / dressé, gravé et publié par le Service géographique de l'Armée (complété en 1931)",1931,20th c.,high,partner,10.145,10.505,36.108,35.910,partner_page,1.000,presumed_north,European printed cartography after 1700 is north-up by convention,survey,1_direct,no IIIF (partner-hosted); scan resolution low or unknown; image not on IIIF; fetch from the holding library,medium,unknown,,0,no,,none,medium,https://1886.u-bordeaux-montaigne.fr/s/1886/item/340456
oai:u-bordeaux-montaigne.fr:340453,"Tunisie Flle. N° XLVI-B6-C34, Siliana / dressé, héliogravé et publié par le Service géographique de l'Armée en 1926 (complété en 1931)",1931,20th c.,high,partner,9.083,9.443,36.171,35.982,partner_page,1.000,presumed_north,European printed cartography after 1700 is north-up by convention,survey,1_direct,no IIIF (partner-hosted); scan resolution low or unknown; image not on IIIF; fetch from the holding library,medium,unknown,,0,no,,none,medium,https://1886.u-bordeaux-montaigne.fr/s/1886/item/340453
oai:u-bordeaux-montaigne.fr:340413,"Tunisie Flle. N° XXVII-B3-C35, Medjez-el-Bab / dressé, heliogravé et publié par Service géographique de l'armée",1931,20th c.,high,partner,9.489,9.858,36.692,36.494,partner_page,1.000,presumed_north,European printed cartography after 1700 is north-up by convention,survey,1_direct,no IIIF (partner-hosted); scan resolution low or unknown; image not on IIIF; fetch from the holding library,medium,unknown,,0,no,,none,medium,https://1886.u-bordeaux-montaigne.fr/s/1886/item/340413
oai:u-bordeaux-montaigne.fr:340433,"Tunisie Flle. N° XXXVII-B4-C38, Hammamet / dressé, gravé et publié par le Service géographique de l'Armée (révision de 1931)",1931,20th c.,high,partner,10.541,10.901,36.417,36.250,partner_page,1.000,presumed_north,European printed cartography after 1700 is north-up by convention,survey,1_direct,no IIIF (partner-hosted); scan resolution low or unknown; image not on IIIF; fetch from the holding library,medium,unknown,,0,no,,none,medium,https://1886.u-bordeaux-montaigne.fr/s/1886/item/340433
oai:u-bordeaux-montaigne.fr:340354,"Tunisie Flle. N°I-B00-C34, Kef Abbed / dressé, héliogravé et publié par le Service géographique de l'Armée (complété en 1931) ; les travaux sur le terrain ont été exécutés par Mr. Vicq [en] 1897",1931,20th c.,high,partner,9.183,9.550,37.417,37.233,partner_page,1.000,presumed_north,European printed cartography after 1700 is north-up by convention,survey,1_direct,no IIIF (partner-hosted); scan resolution low or unknown; image not on IIIF; fetch from the holding library,medium,unknown,,0,no,,none,medium,https://1886.u-bordeaux-montaigne.fr/s/1886/item/340354
oai:u-bordeaux-montaigne.fr:340414,"Tunisie Flle. n°XXVIII-B3-C36, Oudna / dressé, gravé et publié par le service géographique de l'Armée (révision de 1931)",1931,20th c.,high,partner,9.839,10.208,36.675,36.477,partner_page,1.000,presumed_north,European printed cartography after 1700 is north-up by convention,survey,1_direct,no IIIF (partner-hosted); scan resolution low or unknown; image not on IIIF; fetch from the holding library,medium,unknown,,0,no,,none,medium,https://1886.u-bordeaux-montaigne.fr/s/1886/item/340414
oai:u-bordeaux-montaigne.fr:340372,"Tunisie Flle. N° VIII - B 0 - C 38, Sidi Daoud / dressé, héliogravé et publié par Service géographique de l'armée (révision de 1932)",1932,20th c.,high,partner,10.600,10.950,37.133,36.950,partner_page,1.000,presumed_north,European printed cartography after 1700 is north-up by convention,survey,1_direct,no IIIF (partner-hosted); scan resolution low or unknown; image not on IIIF; fetch from the holding library,medium,unknown,,0,no,,none,medium,https://1886.u-bordeaux-montaigne.fr/s/1886/item/340372
oai:u-bordeaux-montaigne.fr:340389,"Tunisie Flle. N° XIV-B 1-C 37, La Marsa / dressé, gravé et publié par Service géographique de l'armée (révision de 1932)",1932,20th c.,high,partner,10.233,10.583,37.000,36.800,partner_page,1.000,presumed_north,European printed cartography after 1700 is north-up by convention,survey,1_direct,no IIIF (partner-hosted); scan resolution low or unknown; image not on IIIF; fetch from the holding library,medium,unknown,,0,no,,none,medium,https://1886.u-bordeaux-montaigne.fr/s/1886/item/340389
oai:u-bordeaux-montaigne.fr:340391,"Tunisie Flle. N° XV-B 1-C 38, Tazoghrane / dressé, héliogravé et publié par Service géographique de l'armée (révisé en 1932)",1932,20th c.,high,partner,10.583,10.933,36.950,36.783,partner_page,1.000,presumed_north,European printed cartography after 1700 is north-up by convention,survey,1_direct,no IIIF (partner-hosted); scan resolution low or unknown; image not on IIIF; fetch from the holding library,medium,unknown,,0,no,,none,medium,https://1886.u-bordeaux-montaigne.fr/s/1886/item/340391
oai:u-bordeaux-montaigne.fr:340393,"Tunisie Flle. N° XVIII-B2-C34, Béja / dressé, héliogravé et publié par le Service géographique de l'Armée (révision de 1902) (complété en 1932)",1932,20th c.,high,partner,9.133,9.500,36.867,36.700,partner_page,1.000,presumed_north,European printed cartography after 1700 is north-up by convention,survey,1_direct,no IIIF (partner-hosted); scan resolution low or unknown; image not on IIIF; fetch from the holding library,medium,unknown,,0,no,,none,medium,https://1886.u-bordeaux-montaigne.fr/s/1886/item/340393
oai:u-bordeaux-montaigne.fr:340407,"Tunisie Flle. N° XXI-B2-C37, La Goulette / dressé, gravé et publié par le Service géographique de l'Armée (révision de 1932)",1932,20th c.,high,partner,10.233,10.586,36.817,36.617,partner_page,1.000,presumed_north,European printed cartography after 1700 is north-up by convention,survey,1_direct,no IIIF (partner-hosted); scan resolution low or unknown; image not on IIIF; fetch from the holding library,medium,unknown,,0,no,,none,medium,https://1886.u-bordeaux-montaigne.fr/s/1886/item/340407
oai:u-bordeaux-montaigne.fr:340410,"Tunisie Flle. N° XXII-B2-C38, Menzel Bou Zelfa / dressé, heliogravé et publié par le Service géographique de l'armée (révision de 1932)",1932,20th c.,high,partner,10.578,10.946,36.810,36.603,partner_page,1.000,presumed_north,European printed cartography after 1700 is north-up by convention,survey,1_direct,no IIIF (partner-hosted); scan resolution low or unknown; image not on IIIF; fetch from the holding library,medium,unknown,,0,no,,none,medium,https://1886.u-bordeaux-montaigne.fr/s/1886/item/340410
oai:u-bordeaux-montaigne.fr:340416,"Tunisie Flle. N° XXX-B3-C38, Nabeul / dressé, gravé et publié par Service géographique de l'armée, révision de 1932",1932,20th c.,high,partner,10.550,10.900,36.600,36.417,partner_page,1.000,presumed_north,European printed cartography after 1700 is north-up by convention,survey,1_direct,no IIIF (partner-hosted); scan resolution low or unknown; image not on IIIF; fetch from the holding library,medium,unknown,,0,no,,none,medium,https://1886.u-bordeaux-montaigne.fr/s/1886/item/340416
oai:u-bordeaux-montaigne.fr:340429,"Tunisie Flle. N° XXXIII-B4-C34, Teboursouk / dressé, héliogravé et publié par le Service géographique de l'Armée (complété en 1932)",1932,20th c.,high,partner,9.119,9.479,36.531,36.342,partner_page,1.000,presumed_north,European printed cartography after 1700 is north-up by convention,survey,1_direct,no IIIF (partner-hosted); scan resolution low or unknown; image not on IIIF; fetch from the holding library,medium,unknown,,0,no,,none,medium,https://1886.u-bordeaux-montaigne.fr/s/1886/item/340429
oai:u-bordeaux-montaigne.fr:340431,"Tunisie Flle. N° XXXV-B4-C36, Zaghouan / dressé, gravé et publié par le Service géographique de l'Armée (révision de 1902), (complétée en 1932)",1932,20th c.,high,partner,9.831,10.190,36.486,36.306,partner_page,1.000,presumed_north,European printed cartography after 1700 is north-up by convention,survey,1_direct,no IIIF (partner-hosted); scan resolution low or unknown; image not on IIIF; fetch from the holding library,medium,unknown,,0,no,,none,medium,https://1886.u-bordeaux-montaigne.fr/s/1886/item/340431
oai:u-bordeaux-montaigne.fr:340432,"Tunisie Flle. N° XXXVI-B4-C37, Bou Ficha / Dressé, héliogravé et publié par Service géographique de l'armée, levés de 1893, révisés en 1932 et levés de 1930",1932,20th c.,high,partner,10.181,10.541,36.468,36.270,partner_page,1.000,presumed_north,European printed cartography after 1700 is north-up by convention,survey,1_direct,no IIIF (partner-hosted); scan resolution low or unknown; image not on IIIF; fetch from the holding library,medium,unknown,,0,no,,none,medium,https://1886.u-bordeaux-montaigne.fr/s/1886/item/340432
oai:u-bordeaux-montaigne.fr:340375,"Tunisie Flle. N°XI-B1-C34, Hedil / dressé, héliogravé et publié par le Service géographique de l'Armée (complété en 1932)",1932,20th c.,high,partner,9.167,9.517,37.050,36.867,partner_page,1.000,presumed_north,European printed cartography after 1700 is north-up by convention,survey,1_direct,no IIIF (partner-hosted); scan resolution low or unknown; image not on IIIF; fetch from the holding library,medium,unknown,,0,no,,none,medium,https://1886.u-bordeaux-montaigne.fr/s/1886/item/340375
oai:u-bordeaux-montaigne.fr:340415,"Tunisie Flle. n°XXIX-B3-C37, Grombalia / dressé, héliogravé et publié par le service géographique de l'Armée (complété en 1932)",1932,20th c.,high,partner,10.200,10.567,36.648,36.450,partner_page,1.000,presumed_north,European printed cartography after 1700 is north-up by convention,survey,1_direct,no IIIF (partner-hosted); scan resolution low or unknown; image not on IIIF; fetch from the holding library,medium,unknown,,0,no,,none,medium,https://1886.u-bordeaux-montaigne.fr/s/1886/item/340415
oai:u-bordeaux-montaigne.fr:340516,"Tunisie Flle. N° LXXVIII-B10-C35, Hadjeb el Aïoun / dressé, héliogravé et publié par le Service géographique de l'Armée en 1933",1933,20th c.,high,partner,9.367,9.717,35.417,35.233,partner_page,1.000,presumed_north,European printed cartography after 1700 is north-up by convention,survey,1_direct,no IIIF (partner-hosted); scan resolution low or unknown; image not on IIIF; fetch from the holding library,medium,unknown,,0,no,,none,medium,https://1886.u-bordeaux-montaigne.fr/s/1886/item/340516
oai:u-bordeaux-montaigne.fr:340608,"Afrique 1:500.000e Flle NJ-32-SE, Tunis / dressé, héliogravé et publié par le Service géographique de l'Armée en 1922",1934,20th c.,high,partner,9.000,12.000,38.000,36.000,partner_page,0.672,presumed_north,European printed cartography after 1700 is north-up by convention,survey,1_direct,no IIIF (partner-hosted); scan resolution low or unknown; image not on IIIF; fetch from the holding library,small,unknown,,0,no,,none,small,https://1886.u-bordeaux-montaigne.fr/s/1886/item/340608
btv1b8459188x,"Environs de Medenine. Dressé / héliogravé et publié par le Service géographique de l'armée, Revisé en 1933",1934,20th c.,high,bnf,,,,,none,,presumed_north,European printed cartography after 1700 is north-up by convention,survey,1_direct,,medium,high,,0,no,,none,medium,https://gallica.bnf.fr/ark:/12148/btv1b8459188x
oai:u-bordeaux-montaigne.fr:340527,"Tunisie Flle. N° LXXIX-B10-C36, Nasr Allah / dressé, héliogravé et publié par le Service géographique de l'armée en 1934",1934,20th c.,high,partner,9.731,10.082,35.400,35.217,partner_page,1.000,presumed_north,European printed cartography after 1700 is north-up by convention,survey,1_direct,no IIIF (partner-hosted); scan resolution low or unknown; image not on IIIF; fetch from the holding library,medium,unknown,,0,no,,none,medium,https://1886.u-bordeaux-montaigne.fr/s/1886/item/340527
oai:u-bordeaux-montaigne.fr:340528,"Tunisie Flle. N° LXXX-B10-C37, Chorbane / dressé, héliogravé et publié au Service géographique de l'Armée en 1934",1934,20th c.,high,partner,10.082,10.433,35.367,35.183,partner_page,1.000,presumed_north,European printed cartography after 1700 is north-up by convention,survey,1_direct,no IIIF (partner-hosted); scan resolution low or unknown; image not on IIIF; fetch from the holding library,medium,unknown,,0,no,,none,medium,https://1886.u-bordeaux-montaigne.fr/s/1886/item/340528
oai:u-bordeaux-montaigne.fr:340394,"Tunisie Flle. N° XIX-B2-C35, Tebourba / dressé, héliogravé et publié par le service géographique de l'Armée (révisé en 1934)",1934,20th c.,high,partner,9.506,9.875,36.873,36.675,partner_page,1.000,presumed_north,European printed cartography after 1700 is north-up by convention,survey,1_direct,no IIIF (partner-hosted); scan resolution low or unknown; image not on IIIF; fetch from the holding library,medium,unknown,,0,no,,none,medium,https://1886.u-bordeaux-montaigne.fr/s/1886/item/340394
oai:u-bordeaux-montaigne.fr:340370,"Tunisie Flle. N° VII.B 0-C 36, Porto-Farina / dressé, héliogravé et publié par Service géographique de l'armée en 1935",1935,20th c.,high,partner,9.883,10.233,37.183,37.017,partner_page,1.000,presumed_north,European printed cartography after 1700 is north-up by convention,survey,1_direct,no IIIF (partner-hosted); scan resolution low or unknown; image not on IIIF; fetch from the holding library,medium,unknown,,0,no,,none,medium,https://1886.u-bordeaux-montaigne.fr/s/1886/item/340370
oai:u-bordeaux-montaigne.fr:340395,"Tunisie Flle. N° XX-B2-C36, Tunis / dressé, dessiné et publié par le Service géographique de l'Armée (révisé en 1935)",1935,20th c.,high,partner,9.857,10.226,36.855,36.657,partner_page,1.000,presumed_north,European printed cartography after 1700 is north-up by convention,survey,1_direct,no IIIF (partner-hosted); scan resolution low or unknown; image not on IIIF; fetch from the holding library,medium,unknown,,0,no,,none,medium,https://1886.u-bordeaux-montaigne.fr/s/1886/item/340395
oai:u-bordeaux-montaigne.fr:340355,"Tunisie Flle. N° II-B0-C35, Bizerte / dressé, héliogravé et publié par le Service géographique de l'Armée en 1936",1936,20th c.,high,partner,9.533,9.917,37.400,37.200,partner_page,1.000,presumed_north,European printed cartography after 1700 is north-up by convention,survey,1_direct,no IIIF (partner-hosted); scan resolution low or unknown; image not on IIIF; fetch from the holding library,medium,unknown,,0,no,,none,medium,https://1886.u-bordeaux-montaigne.fr/s/1886/item/340355
oai:u-bordeaux-montaigne.fr:340532,"Tunisie Flle. N° LXXXIV-B11-C33, Kasserine / dressé, héliogravé et publié par le Service Géographique de l'Armée en 1936",1936,20th c.,high,partner,8.660,9.020,35.289,35.100,partner_page,1.000,presumed_north,European printed cartography after 1700 is north-up by convention,survey,1_direct,no IIIF (partner-hosted); scan resolution low or unknown; image not on IIIF; fetch from the holding library,medium,unknown,,0,no,,none,medium,https://1886.u-bordeaux-montaigne.fr/s/1886/item/340532
oai:u-bordeaux-montaigne.fr:340376,"Tunisie Flle. N° XII -B 1-C 35, Mateur / dressé, héliogravé et publié par Service géographique de l'armée en 1936",1936,20th c.,high,partner,9.500,9.850,37.033,36.850,partner_page,1.000,presumed_north,European printed cartography after 1700 is north-up by convention,survey,1_direct,no IIIF (partner-hosted); scan resolution low or unknown; image not on IIIF; fetch from the holding library,medium,unknown,,0,no,,none,medium,https://1886.u-bordeaux-montaigne.fr/s/1886/item/340376
oai:u-bordeaux-montaigne.fr:340387,"Tunisie Flle. N° XIII-B1-C36, Ariana / dressé, gravé et publié par le Service géographique de l'Armée en 1936",1936,20th c.,high,partner,9.867,10.233,37.017,36.833,partner_page,1.000,presumed_north,European printed cartography after 1700 is north-up by convention,survey,1_direct,no IIIF (partner-hosted); scan resolution low or unknown; image not on IIIF; fetch from the holding library,medium,unknown,,0,no,,none,medium,https://1886.u-bordeaux-montaigne.fr/s/1886/item/340387
oai:u-bordeaux-montaigne.fr:340592,"Afrique 1:500.000 Flle NI-32-NO, Tébessa / Dressé, héliogravé et publié par le Service géographique de l'Armée en 1924",1938,20th c.,high,partner,6.000,9.000,36.000,34.000,partner_page,0.503,presumed_north,European printed cartography after 1700 is north-up by convention,survey,1_direct,no IIIF (partner-hosted); scan resolution low or unknown; image not on IIIF; fetch from the holding library,small,unknown,,0,no,,none,small,https://1886.u-bordeaux-montaigne.fr/s/1886/item/340592
oai:u-bordeaux-montaigne.fr:340590,"Afrique 1:500.000 NI-32-SE, Gabès / dressé, heliogravé et publié par le Service géographique de l'Armée en 1930",1938,20th c.,high,partner,9.000,12.000,34.000,32.000,partner_page,0.867,presumed_north,European printed cartography after 1700 is north-up by convention,survey,1_direct,no IIIF (partner-hosted); scan resolution low or unknown; image not on IIIF; fetch from the holding library,small,unknown,,0,no,,none,small,https://1886.u-bordeaux-montaigne.fr/s/1886/item/340590
oai:u-bordeaux-montaigne.fr:340591,"Afrique 1:500.000 NI-32-SE, Gabès / dressé, heliogravé et publié par le Service géographique de l'Armée en 1930",1938,20th c.,high,partner,9.000,12.000,34.000,32.000,partner_page,0.867,presumed_north,European printed cartography after 1700 is north-up by convention,survey,1_direct,no IIIF (partner-hosted); scan resolution low or unknown; image not on IIIF; fetch from the holding library,small,unknown,,0,no,,none,small,https://1886.u-bordeaux-montaigne.fr/s/1886/item/340591
oai:u-bordeaux-montaigne.fr:340589,"Afrique 1:500.000 NI-32-SO, Tozeur / dressé, héliogravé et publié par le Service géographique de l'Armée en 1929",1938,20th c.,high,partner,6.000,9.000,34.000,32.000,partner_page,0.503,presumed_north,European printed cartography after 1700 is north-up by convention,survey,1_direct,no IIIF (partner-hosted); scan resolution low or unknown; image not on IIIF; fetch from the holding library,small,unknown,,0,no,,none,small,https://1886.u-bordeaux-montaigne.fr/s/1886/item/340589
oai:u-bordeaux-montaigne.fr:340593,"Afrique 1:500.000e Flle NI-32-NE, Sfax / dressé, héliogravé et publié par le Service géographique de l'Armée en 1923",1938,20th c.,high,partner,9.000,12.000,36.000,34.000,partner_page,0.867,presumed_north,European printed cartography after 1700 is north-up by convention,survey,1_direct,no IIIF (partner-hosted); scan resolution low or unknown; image not on IIIF; fetch from the holding library,small,unknown,,0,no,,none,small,https://1886.u-bordeaux-montaigne.fr/s/1886/item/340593
oai:u-bordeaux-montaigne.fr:340654,"Croquis de l'Afrique Française au 1.000.000e NJ-32, NI-32, Tunis - Sfax / Dressé, héliogravé et imprimé par le Service géographique de l'Armée en 1929",1938,20th c.,high,partner,6.000,12.000,37.500,32.000,partner_page,0.685,presumed_north,European printed cartography after 1700 is north-up by convention,survey,1_direct,no IIIF (partner-hosted); scan resolution low or unknown; image not on IIIF; fetch from the holding library,small,unknown,,0,no,,none,small,https://1886.u-bordeaux-montaigne.fr/s/1886/item/340654
oai:u-bordeaux-montaigne.fr:340373,"Tunisie Flle. N° IX - B 0 - C 39, Cap Bon / dressé, héliogravé et publié par Service géographique de l'armée en 1894 (révision de 1932)",1939,20th c.,high,partner,10.950,11.300,37.117,36.933,partner_page,1.000,presumed_north,European printed cartography after 1700 is north-up by convention,survey,1_direct,no IIIF (partner-hosted); scan resolution low or unknown; image not on IIIF; fetch from the holding library,medium,unknown,,0,no,,none,medium,https://1886.u-bordeaux-montaigne.fr/s/1886/item/340373
oai:u-bordeaux-montaigne.fr:340531,"Tunisie Flle. N° LXXXIII-B11-C32, Bou Chebka / dressé, dessiné et publié par le Service géographique de l'Armée en 1939",1939,20th c.,high,partner,8.309,8.669,35.307,35.118,partner_page,1.000,presumed_north,European printed cartography after 1700 is north-up by convention,survey,1_direct,no IIIF (partner-hosted); scan resolution low or unknown; image not on IIIF; fetch from the holding library,medium,unknown,,0,no,,none,medium,https://1886.u-bordeaux-montaigne.fr/s/1886/item/340531
oai:u-bordeaux-montaigne.fr:340628,"[Carte de Tunisie 1:50 000] / dressé, héliogravé et publié par le Service géographique de l'Armée (révisée en 1933)",1940,20th c.,high,partner,9.933,10.183,33.983,33.767,partner_page,1.000,presumed_north,European printed cartography after 1700 is north-up by convention,survey,1_direct,no IIIF (partner-hosted); scan resolution low or unknown; image not on IIIF; fetch from the holding library,medium,unknown,,0,no,,none,medium,https://1886.u-bordeaux-montaigne.fr/s/1886/item/340628
oai:u-bordeaux-montaigne.fr:340533,"Tunisie Flle. N° XC, Djebeniana / dressé, dessiné et publié par le Service Géographique de l'Armée en 1940",1940,20th c.,high,partner,10.757,11.117,35.163,34.965,partner_page,1.000,presumed_north,European printed cartography after 1700 is north-up by convention,survey,1_direct,no IIIF (partner-hosted); scan resolution low or unknown; image not on IIIF; fetch from the holding library,medium,unknown,,0,no,,none,medium,https://1886.u-bordeaux-montaigne.fr/s/1886/item/340533
oai:u-bordeaux-montaigne.fr:340627,"[Tunisie au 1:50 000] / dressé, héliogravé et publié par le Service Géographique de l'Armée (révision de 1934)",1941,20th c.,high,partner,8.583,8.933,34.483,34.317,partner_page,1.000,presumed_north,European printed cartography after 1700 is north-up by convention,survey,1_direct,no IIIF (partner-hosted); scan resolution low or unknown; image not on IIIF; fetch from the holding library,medium,unknown,,0,no,,none,medium,https://1886.u-bordeaux-montaigne.fr/s/1886/item/340627
oai:u-bordeaux-montaigne.fr:340534,"Tunisie : coupure spéciale / dressé, dessiné par le Service Géographique de l'Armée en 1939-1940",1941,20th c.,high,partner,10.037,10.433,33.579,33.372,partner_page,1.000,presumed_north,European printed cartography after 1700 is north-up by convention,survey,1_direct,no IIIF (partner-hosted); scan resolution low or unknown; image not on IIIF; fetch from the holding library,medium,unknown,,0,no,,none,medium,https://1886.u-bordeaux-montaigne.fr/s/1886/item/340534
oai:u-bordeaux-montaigne.fr:340535,"Tunisie coupure spéciale, Mareth / dressé, dessiné par le Service géographique de l'Armée en 1939-40",1941,20th c.,high,partner,10.055,10.451,33.777,33.570,partner_page,1.000,presumed_north,European printed cartography after 1700 is north-up by convention,survey,1_direct,no IIIF (partner-hosted); scan resolution low or unknown; image not on IIIF; fetch from the holding library,medium,unknown,,0,no,,none,medium,https://1886.u-bordeaux-montaigne.fr/s/1886/item/340535
btv1b53179710t,"Tunisie au 500.000e. / dressé, héliogravé et publié par le Service géographique de l'armée...",1943,20th c.,high,bnf,,,,,none,,presumed_north,European printed cartography after 1700 is north-up by convention,survey,1_direct,,small,high,,0,no,,none,small,https://gallica.bnf.fr/ark:/12148/btv1b53179710t
oai:u-bordeaux-montaigne.fr:340615,Environs de Tunis / publié par le Service géographique de l'Armée,1946,20th c.,high,partner,9.983,10.467,36.850,36.683,partner_page,1.000,presumed_north,European printed cartography after 1700 is north-up by convention,survey,1_direct,no IIIF (partner-hosted); scan resolution low or unknown; image not on IIIF; fetch from the holding library,medium,unknown,,0,no,,none,medium,https://1886.u-bordeaux-montaigne.fr/s/1886/item/340615
oai:u-bordeaux-montaigne.fr:340409,"Tunisie Flle. N° XXI-B2-C37, La Goulette / dressé, gravé et publié par le Service géographique de l'Armée",,19th c.,high,partner,10.233,10.586,36.817,36.617,partner_page,1.000,presumed_north,European printed cartography after 1700 is north-up by convention,survey,1_direct,no IIIF (partner-hosted); scan resolution low or unknown; image not on IIIF; fetch from the holding library,medium,unknown,,0,no,,none,medium,https://1886.u-bordeaux-montaigne.fr/s/1886/item/340409
oai:u-bordeaux-montaigne.fr:340469,"Tunisie Flle. N° L-B6-C38, Halk El Mennzel / dressé, gravé et publié par Service géographique de l'armée",,20th c.,high,partner,10.500,10.867,36.081,35.892,partner_page,1.000,presumed_north,European printed cartography after 1700 is north-up by convention,survey,1_direct,no IIIF (partner-hosted); scan resolution low or unknown; image not on IIIF; fetch from the holding library,medium,unknown,,0,no,,none,medium,https://1886.u-bordeaux-montaigne.fr/s/1886/item/340469
oai:u-bordeaux-montaigne.fr:340487,"Tunisie Flle. N° LVII-B7-C38, Sousse / dressé, héliogravé et publié par le Service géographique de l'Armée",,20th c.,high,partner,10.478,10.847,35.910,35.712,partner_page,1.000,presumed_north,European printed cartography after 1700 is north-up by convention,survey,1_direct,no IIIF (partner-hosted); scan resolution low or unknown; image not on IIIF; fetch from the holding library,medium,unknown,,0,no,,none,medium,https://1886.u-bordeaux-montaigne.fr/s/1886/item/340487
oai:u-bordeaux-montaigne.fr:340450,"Tunisie Flle. N° XLIII-B5-C37, Enfida / dressé, gravé et publié par Service géographique de l'armée",,20th c.,high,partner,10.163,10.523,36.267,36.083,partner_page,1.000,presumed_north,European printed cartography after 1700 is north-up by convention,survey,1_direct,no IIIF (partner-hosted); scan resolution low or unknown; image not on IIIF; fetch from the holding library,medium,unknown,,0,no,,none,medium,https://1886.u-bordeaux-montaigne.fr/s/1886/item/340450
oai:u-bordeaux-montaigne.fr:340467,"Tunisie Flle. N° XLIX-B6-C37, Sidi Bou Ali / dressé, gravé et publié par Service géographique de l'armée",,20th c.,high,partner,10.145,10.505,36.108,35.910,partner_page,1.000,presumed_north,European printed cartography after 1700 is north-up by convention,survey,1_direct,no IIIF (partner-hosted); scan resolution low or unknown; image not on IIIF; fetch from the holding library,medium,unknown,,0,no,,none,medium,https://1886.u-bordeaux-montaigne.fr/s/1886/item/340467
oai:u-bordeaux-montaigne.fr:340434,"Tunisie Flle. N° XXXVIII-B5-C32, Ouargha / dessiné, héliogravé et publié par le Service géographique de l'Armée",,20th c.,high,partner,8.390,8.750,36.387,36.198,partner_page,1.000,presumed_north,European printed cartography after 1700 is north-up by convention,survey,1_direct,no IIIF (partner-hosted); scan resolution low or unknown; image not on IIIF; fetch from the holding library,medium,unknown,,0,no,,none,medium,https://1886.u-bordeaux-montaigne.fr/s/1886/item/340434
oai:u-bordeaux-montaigne.fr:340629,"[Carte de Tunisie 1:50 000] / dressé, héliogravé et publié par le Service géographique de l'Armée (révisé en 1933)",,20th c.,high,partner,10.350,10.617,33.417,33.217,partner_page,1.000,presumed_north,European printed cartography after 1700 is north-up by convention,survey,1_direct,no IIIF (partner-hosted); scan resolution low or unknown; image not on IIIF; fetch from the holding library,medium,unknown,,0,no,,none,medium,https://1886.u-bordeaux-montaigne.fr/s/1886/item/340629
oai:u-bordeaux-montaigne.fr:340616,"Environs de Sfax / dressé, héliogravé et publié par le Service géographique de l'Armée",,20th c.,high,partner,10.550,10.900,34.833,34.650,partner_page,1.000,presumed_north,European printed cartography after 1700 is north-up by convention,survey,1_direct,no IIIF (partner-hosted); scan resolution low or unknown; image not on IIIF; fetch from the holding library,medium,unknown,,0,no,,none,medium,https://1886.u-bordeaux-montaigne.fr/s/1886/item/340616
oai:u-bordeaux-montaigne.fr:340356,"Tunisie Flle. N° III - B 00 - C 36, Metline / dressé, heliogravé et publié par Service géographique de l'armée",,20th c.,high,partner,9.900,10.267,37.383,37.183,partner_page,1.000,presumed_north,European printed cartography after 1700 is north-up by convention,survey,1_direct,no IIIF (partner-hosted); scan resolution low or unknown; image not on IIIF; fetch from the holding library,medium,unknown,,0,no,,none,medium,https://1886.u-bordeaux-montaigne.fr/s/1886/item/340356
btv1b53242311p,"Suite des costes d'Espagne et Barbarie, depuis Cartagène jusqu'à Denia et depuis cap Falcon jusqu'au cap Carbon / Michelot, hydrographe..., et Bremond, hydrographe du Roy et de la ville... ; Gravée par P. Starck-man",1723,18th c.,high,bnf,,,,,none,,presumed_north,European printed cartography after 1700 is north-up by convention,early_modern,2_control_points,no stated scale,unknown,high,settlements | coastline_bathymetry | hydrology,3,yes,settlements,indirect,,https://gallica.bnf.fr/ark:/12148/btv1b53242311p
btv1b84904747,"Carte des côtes de Tripoly de Barbarie depuis le Cap Mesurat jusqu'à Sousse avec les bancs, roches et sondes... / dressée par François Olivier pilote sur ses observations de latitude faites dans sa campagne de 17... sur le vaisseau le Zéphir commandé par M. Bandeville capitaine de vaisseau ; Présentée à M. le Comte de Maurepas en 1729",1729,18th c.,high,bnf,,,,,none,,presumed_north,European printed cartography after 1700 is north-up by convention,early_modern,2_control_points,,very_small,high,settlements | coastline_bathymetry | land_use,3,yes,land_use | settlements,direct,very_small,https://gallica.bnf.fr/ark:/12148/btv1b84904747
btv1b53236710t,"Plan et description de la coste de Tripoly de Barbarie depuis le cap Mesurat jusques a la ville de Sousse... / suivant lexacte observation qui en a esté faite par François Olivier, pilote entretenu au departement de Toulon",1729,18th c.,high,bnf,,,,,none,,presumed_north,European printed cartography after 1700 is north-up by convention,early_modern,2_control_points,no stated scale,unknown,high,settlements | coastline_bathymetry | land_use,3,yes,land_use | settlements,direct,,https://gallica.bnf.fr/ark:/12148/btv1b53236710t
btv1b8495511m,Recherches sur l'emplacement de Carthage (5 planches qui accompagnent l'ouvrage) / par C. T. Falbe,1833,19th c.,high,bnf,,,,,none,,presumed_north,European printed cartography after 1700 is north-up by convention,early_modern,2_control_points,no stated scale,unknown,high,coastline_bathymetry | hydrology | archaeology,3,yes,,none,,https://gallica.bnf.fr/ark:/12148/btv1b8495511m
btv1b530353989,"Théâtre de la guerre en Afrique, comprenant les régences d'Alger, de Tunis, Tripoli et de l'empire du Maroc : Avec plans détaillés de la baie et des fortifications de la ville d'Alger et de ses environs, d'après les meilleurs matériaux qu'on a pu se procurer sur ce pays / drefsé par Frémin géographe",1840,19th c.,high,bnf,-9.667,32.833,44.800,20.000,unimarc_123,0.029,presumed_north,European printed cartography after 1700 is north-up by convention,early_modern,2_control_points,,very_small,high,settlements | admin_boundaries | fortifications,3,yes,admin_boundaries | settlements,direct,very_small,https://gallica.bnf.fr/ark:/12148/btv1b530353989
btv1b530875341,"Théâtre de la guerre en Afrique, comprenant les régences d'Alger, de Tunis, Tripoli et de l'empire du Maroc : avec plans détaillés de la baie et des fortifications de la ville d'Alger et de ses environs, d'après les meilleurs matériaux qu'on a pu se procurer sur ce pays / dressé par Frémin géographe",1841,19th c.,high,bnf,-9.667,32.833,44.800,20.000,unimarc_123,0.029,presumed_north,European printed cartography after 1700 is north-up by convention,early_modern,2_control_points,,very_small,high,settlements | admin_boundaries | fortifications,3,yes,admin_boundaries | settlements,direct,very_small,https://gallica.bnf.fr/ark:/12148/btv1b530875341
btv1b530877105,"Carte frontière du département de Haute-Garonne / par Bartro, capitaine des douanes à Luchon ; dressée d'après Cassini, et les plans du cadastre des communes ; revue par Mr Barrau, docteur en médecine au même lieu ; gravé par Pierre Tardieu",1842,19th c.,unverified,bnf,0.417,4.983,42.933,42.783,unimarc_123,0.000,presumed_north,European printed cartography after 1700 is north-up by convention,early_modern,2_control_points,,medium,high,admin_boundaries | urban_fabric | economy,3,yes,admin_boundaries | economy | urban_fabric,indirect,medium,https://gallica.bnf.fr/ark:/12148/btv1b530877105
btv1b53087587f,"Théâtre de la guerre en Afrique, comprenant les régences d'Alger, de Tunis, Tripoli et de l'empire du Maroc : avec plans détaillés de la baie et des fortifications de la ville d'Alger et de ses environs, d'après les meilleurs matériaux qu'on a pu se procurer sur ce pays / dressé par Frémin géographe",1842,19th c.,high,bnf,-9.667,32.833,44.800,20.000,unimarc_123,0.029,presumed_north,European printed cartography after 1700 is north-up by convention,early_modern,2_control_points,,very_small,high,settlements | admin_boundaries | fortifications,3,yes,admin_boundaries | settlements,direct,very_small,https://gallica.bnf.fr/ark:/12148/btv1b53087587f
btv1b101236288,"Colonie du Gabon et du Congo français. Reconnaissances préliminaires pour l'étude des voies de communication entre la côte du Loango et Brazzaville par la vallée du Kouilou-Niari / carte levée par Léon Jacob, 1887-1888 : Feuille no 1",1888,19th c.,unverified,bnf,11.667,15.500,-3.667,-4.667,unimarc_123,0.000,presumed_north,European printed cartography after 1700 is north-up by convention,early_modern,2_control_points,,medium,high,settlements | coastline_bathymetry | roads,3,yes,roads | settlements,indirect,medium,https://gallica.bnf.fr/ark:/12148/btv1b101236288
btv1b10123629q,"Colonie du Gabon et du Congo français. Reconnaissances préliminaires pour l'étude des voies de communication entre la côte du Loango et Brazzaville par la vallée du Kouilou-Niari / carte levée par Léon Jacob, 1887-1888 : Feuille no 2",1888,19th c.,unverified,bnf,11.667,15.500,-3.667,-4.667,unimarc_123,0.000,presumed_north,European printed cartography after 1700 is north-up by convention,early_modern,2_control_points,,medium,high,settlements | coastline_bathymetry | roads,3,yes,roads | settlements,indirect,medium,https://gallica.bnf.fr/ark:/12148/btv1b10123629q
btv1b531213174,"Carte de France publiée par le Petit Journal d'après les documents les plus récents, indiquant la division par départements, avec les chemins de fer, les cours d'eau, les routes, les canaux, les uniformes de l'Armée française, les pavillons des différentes nations, les décorations françaises, les monnaies, etc. / Dressée et dessinée... par A. Guibal",1900,20th c.,high,bnf,,,,,none,,presumed_north,European printed cartography after 1700 is north-up by convention,early_modern,2_control_points,,very_small,high,coastline_bathymetry | roads | railways,3,yes,railways | roads,direct,very_small,https://gallica.bnf.fr/ark:/12148/btv1b531213174
btv1b85935614,"Atlas des départements français, y compris l'Algérie, la Tunisie, le Maroc, Madagascar et l'Indo-Chine, indiquant les bureaux de poste, les bureaux télégraphiques et téléphoniques et les stations de chemins de fer",1916,20th c.,high,bnf,,,,,none,,presumed_north,European printed cartography after 1700 is north-up by convention,early_modern,2_control_points,scan resolution low or unknown; no stated scale,unknown,low,roads | railways | admin_boundaries,3,yes,admin_boundaries | railways | roads,direct,,https://gallica.bnf.fr/ark:/12148/btv1b85935614
btv1b53121304c,"La Nouvelle France. Corps d'armée, chemins de fer, canaux et rivières, frontières. Cartographie / Ed. Blondel La Rougery",1939,20th c.,high,bnf,,,,,none,,presumed_north,European printed cartography after 1700 is north-up by convention,early_modern,2_control_points,,very_small,high,hydrology | railways | admin_boundaries,3,yes,admin_boundaries | railways,direct,very_small,https://gallica.bnf.fr/ark:/12148/btv1b53121304c
btv1b532367118,Plan de la coste de Tripoly de Barbarie depuis la ville de Sousse jusqu'au cap Mesurat / Lemoine fecit,,18th c.,high,bnf,,,,,none,,presumed_north,European printed cartography after 1700 is north-up by convention,early_modern,2_control_points,no stated scale,unknown,high,settlements | coastline_bathymetry | fortifications,3,yes,settlements,indirect,,https://gallica.bnf.fr/ark:/12148/btv1b532367118
btv1b8593142d,[Carte manuscrite du cours du Gange depuis la vache de pierre jusqu'à Patna et de ses environs] / [d'Anville],1700,18th c.,low,bnf,,,,,none,,presumed_north,European printed cartography after 1700 is north-up by convention,early_modern,2_control_points,no stated scale,unknown,high,settlements | coastline_bathymetry,2,yes,settlements,indirect,,https://gallica.bnf.fr/ark:/12148/btv1b8593142d
btv1b532375843,[Plan de la rade de Bizerte] / fait par Pierre Farraire,1700,18th c.,high,bnf,,,,,none,,presumed_north,European printed cartography after 1700 is north-up by convention,early_modern,2_control_points,no stated scale,unknown,medium,coastline_bathymetry | fortifications,2,yes,,none,,https://gallica.bnf.fr/ark:/12148/btv1b532375843
btv1b8494779k,Aphrodisium demolita a Carolo V Imp.,1700,18th c.,high,bnf,,,,,none,,presumed_north,European printed cartography after 1700 is north-up by convention,early_modern,2_control_points,no stated scale,unknown,medium,settlements | fortifications,2,yes,settlements,indirect,,https://gallica.bnf.fr/ark:/12148/btv1b8494779k
btv1b53242302q,Golphe de Biserte,1701,18th c.,high,bnf,,,,,none,,presumed_north,European printed cartography after 1700 is north-up by convention,early_modern,2_control_points,no stated scale,unknown,high,coastline_bathymetry | hydrology,2,yes,,none,,https://gallica.bnf.fr/ark:/12148/btv1b53242302q
btv1b52519327v,[Ensemble de documents de travail concernant l'Afrique] / [dressés ou annotés par Guillaume Delisle],1726,18th c.,medium,bnf,,,,,none,,presumed_north,European printed cartography after 1700 is north-up by convention,early_modern,2_control_points,no stated scale,unknown,high,coastline_bathymetry | archaeology,2,yes,,none,,https://gallica.bnf.fr/ark:/12148/btv1b52519327v
btv1b53009152n,"[Province romaine d'Afrique entre le Sinus Numidicus [Golfe de Collo], Tacape [Gabès], avec l'intérieur jusqu'à Tabudeos [Taïbek-el-Gubbia] / [par Jean-Baptiste d'Anville]",1732,18th c.,high,bnf,,,,,none,,presumed_north,European printed cartography after 1700 is north-up by convention,early_modern,2_control_points,no stated scale,unknown,medium,settlements | archaeology,2,yes,settlements,indirect,,https://gallica.bnf.fr/ark:/12148/btv1b53009152n
btv1b53237585j,"Carte de la coste depuis Biserte jusque au Cap Bon / donné par Sabatier, pilote amiral de Toulon",1736,18th c.,high,bnf,,,,,none,,presumed_north,European printed cartography after 1700 is north-up by convention,chart,2_control_points,no stated scale,unknown,high,coastline_bathymetry | fortifications,2,yes,,none,,https://gallica.bnf.fr/ark:/12148/btv1b53237585j
btv1b59640936,"Carte de la partie de l'Afrique où les Carthaginois ont étendu leur domination dressée pour l'intelligence de l'histoire ancienne de Mr. Rollin ; Les environs de Carthage exprimés plus en détail / par le Sr. d'Anville, Géographe ord[inaire] du Roi ; Bourgoin sculp.",1738,18th c.,high,bnf,,,,,none,,presumed_north,European printed cartography after 1700 is north-up by convention,early_modern,2_control_points,no stated scale,unknown,medium,settlements | archaeology,2,yes,settlements,indirect,,https://gallica.bnf.fr/ark:/12148/btv1b59640936
btv1b85953701,Plan de la ville de Tunis et de ses environs / [Bellin],1740,18th c.,high,bnf,,,,,none,,presumed_north,European printed cartography after 1700 is north-up by convention,chart,2_control_points,scan resolution low or unknown; no stated scale,unknown,low,settlements | urban_fabric,2,yes,settlements | urban_fabric,direct,,https://gallica.bnf.fr/ark:/12148/btv1b85953701
btv1b53009003n,[Tunisie et partie de l'Algérie entre Tripoli et le Rif] / [par Jean-Baptiste d'Anville],1742,18th c.,high,bnf,,,,,none,,presumed_north,European printed cartography after 1700 is north-up by convention,early_modern,2_control_points,no stated scale,unknown,high,settlements | archaeology,2,yes,settlements,indirect,,https://gallica.bnf.fr/ark:/12148/btv1b53009003n
btv1b53237587f,"Plan des forts et du canal de la Goulete / levé géométriquement par M. de Chabert, garde de la Marine",1742,18th c.,high,bnf,,,,,none,,presumed_north,European printed cartography after 1700 is north-up by convention,early_modern,2_control_points,no stated scale,unknown,high,coastline_bathymetry | fortifications,2,yes,,none,,https://gallica.bnf.fr/ark:/12148/btv1b53237587f
btv1b532376240,"Plan du golphe de Tunis depuis le Cap Bon jusqu'au cap Zebibe / levé géométriquement en 1742 par M. de Chabert, garde de la marine",1742,18th c.,high,bnf,,,,,none,,presumed_north,European printed cartography after 1700 is north-up by convention,early_modern,2_control_points,no stated scale,unknown,high,coastline_bathymetry | fortifications,2,yes,,none,,https://gallica.bnf.fr/ark:/12148/btv1b532376240
btv1b532375860,"Plan du golphe de Tunis depuis le Cap Bon jusques au cap Zebibe / levé géométriquement en 1742 par M. de Chabert, garde de la Marine",1742,18th c.,high,bnf,,,,,none,,presumed_north,European printed cartography after 1700 is north-up by convention,early_modern,2_control_points,no stated scale,unknown,high,coastline_bathymetry | fortifications,2,yes,,none,,https://gallica.bnf.fr/ark:/12148/btv1b532375860
btv1b53237589b,[Plan des forts et du canal de la Goulete],1743,18th c.,high,bnf,,,,,none,,presumed_north,European printed cartography after 1700 is north-up by convention,early_modern,2_control_points,no stated scale,unknown,medium,coastline_bathymetry | fortifications,2,yes,,none,,https://gallica.bnf.fr/ark:/12148/btv1b53237589b
btv1b53237588w,"Plan des forts et du canal de la Goulete / levé géométriquement en 1743 par M. de Chabert, garde de la marine",1743,18th c.,high,bnf,,,,,none,,presumed_north,European printed cartography after 1700 is north-up by convention,early_modern,2_control_points,no stated scale,unknown,high,coastline_bathymetry | fortifications,2,yes,,none,,https://gallica.bnf.fr/ark:/12148/btv1b53237588w
btv1b53237590q,Plan de la Baye de Tunis... / par votre serviteur J.B. Cabut,1750,18th c.,high,bnf,,,,,none,,presumed_north,European printed cartography after 1700 is north-up by convention,early_modern,2_control_points,no stated scale,unknown,high,coastline_bathymetry | fortifications,2,yes,,none,,https://gallica.bnf.fr/ark:/12148/btv1b53237590q
btv1b531431669,"Novissima et accuratissima regnorum et insularum Siciliae, et Sardiniae, hydro-geographica exhibitio : ubi secundum principia perfectionis stereographicae, et secundum statum hodiernum Sicilia, Sardinia, Corsica, Malta et aliis majoribus minoribusque Insulis in hoc tractu maritimo sitis cu[m] adjectis Italicis, Barbaricisque Litoribus ostenduntur [...] / Io. Ant. Rizzi Zannoni",1762,18th c.,high,bnf,,,,,none,,presumed_north,European printed cartography after 1700 is north-up by convention,early_modern,2_control_points,no stated scale,unknown,medium,coastline_bathymetry | archaeology,2,yes,,none,,https://gallica.bnf.fr/ark:/12148/btv1b531431669
btv1b53237608z,Plan du port de la Calle,1764,18th c.,medium,bnf,,,,,none,,presumed_north,European printed cartography after 1700 is north-up by convention,early_modern,2_control_points,no stated scale,unknown,high,coastline_bathymetry | fortifications,2,yes,,none,,https://gallica.bnf.fr/ark:/12148/btv1b53237608z
btv1b53237583n,Port Farine,1764,18th c.,high,bnf,,,,,none,,presumed_north,European printed cartography after 1700 is north-up by convention,early_modern,2_control_points,no stated scale,unknown,medium,coastline_bathymetry | fortifications,2,yes,,none,,https://gallica.bnf.fr/ark:/12148/btv1b53237583n
btv1b53283008v,"[48 plans légendés de ports, baies et îles de la Méditerranée] / [transmis par le lieutenant de vaisseau D'Ortigues] ; [au dépôt des cartes et plans de la Marine]",1765,18th c.,high,bnf,,,,,none,,presumed_north,European printed cartography after 1700 is north-up by convention,chart,2_control_points,scan resolution low or unknown; no stated scale,unknown,low,settlements | coastline_bathymetry,2,yes,settlements,indirect,,https://gallica.bnf.fr/ark:/12148/btv1b53283008v
btv1b53171162r,"Carte de la partie de l'Afrique où les Carthaginois ont étendu leur domination dressée pour l'intelligence de l'histoire ancienne de Mr. Rollin / par le Sr. d'Anville, Géographe ord[inaire] du Roi ; Bourgoin sculp.",1782,18th c.,high,bnf,,,,,none,,presumed_north,European printed cartography after 1700 is north-up by convention,early_modern,2_control_points,scan resolution low or unknown; no stated scale,unknown,low,settlements | archaeology,2,yes,settlements,indirect,,https://gallica.bnf.fr/ark:/12148/btv1b53171162r
btv1b53235505j,Plano de la rada y ciudad de Tripoli en la costa de Berberia ; Golfo de Tunez : conforme al plano de Mr. Bellin / por don Tomas Lopez,1785,18th c.,high,bnf,,,,,none,,presumed_north,European printed cartography after 1700 is north-up by convention,early_modern,2_control_points,no stated scale,unknown,medium,coastline_bathymetry | fortifications,2,yes,,none,,https://gallica.bnf.fr/ark:/12148/btv1b53235505j
btv1b53237625f,"Carte des golfes de Tunis et Hamemet : levée et publiée par ordre du roi / par M. le Marquis de Chabert, chef d'escadre des armes navales",1786,18th c.,high,bnf,,,,,none,,presumed_north,European printed cartography after 1700 is north-up by convention,early_modern,2_control_points,no stated scale,unknown,medium,coastline_bathymetry | fortifications,2,yes,,none,,https://gallica.bnf.fr/ark:/12148/btv1b53237625f
btv1b53237592m,[Carte des golfes de Tunis et Hammamet],1787,18th c.,high,bnf,,,,,none,,presumed_north,European printed cartography after 1700 is north-up by convention,early_modern,2_control_points,no stated scale,unknown,high,coastline_bathymetry | fortifications,2,yes,,none,,https://gallica.bnf.fr/ark:/12148/btv1b53237592m
btv1b532422850,Carte des côtes de Barbarie depuis le cap Bugaroni au royaume d'Alger jusqu'à la ville d'Africa ou Mahdia au royaume de Tunis... / par M. le marquis de Chabert...,1787,18th c.,high,bnf,,,,,none,,presumed_north,European printed cartography after 1700 is north-up by convention,chart,2_control_points,no stated scale,unknown,high,settlements | coastline_bathymetry,2,yes,settlements,indirect,,https://gallica.bnf.fr/ark:/12148/btv1b532422850
btv1b532375413,"Carte des golfes de Tunis et Hammamet : dressée sur les observations et les opérations faites par ordre du roi en 1742,1764 et 1766... / par M. de Chabert, chef d'escadre des armées navales...",1787,18th c.,high,bnf,,,,,none,,presumed_north,European printed cartography after 1700 is north-up by convention,early_modern,2_control_points,no stated scale,unknown,high,coastline_bathymetry | fortifications,2,yes,,none,,https://gallica.bnf.fr/ark:/12148/btv1b532375413
btv1b53066971w,"[Carte de la partie de l'Afrique romaine située entre la Moulouya et le Golfe de Gabès. 1° lat. =Om, 087 ; 1 ; 1. 425. 000 environ]",1800,19th c.,high,bnf,,,,,none,,presumed_north,European printed cartography after 1700 is north-up by convention,early_modern,2_control_points,no stated scale,unknown,high,roads | archaeology,2,yes,roads,direct,,https://gallica.bnf.fr/ark:/12148/btv1b53066971w
btv1b8490711r,[Carte de la partie de l'Afrique romaine située entre la Tafna et le golfe de Gabès. 1 : 2 000 000 environ],1800,19th c.,high,bnf,,,,,none,,presumed_north,European printed cartography after 1700 is north-up by convention,early_modern,2_control_points,no stated scale,unknown,high,roads | archaeology,2,yes,roads,direct,,https://gallica.bnf.fr/ark:/12148/btv1b8490711r
btv1b532375932,Carte des golfes de Tunis et Hammamet : dressée d'après des plans levés en 1786,1800,19th c.,high,bnf,,,,,none,,presumed_north,European printed cartography after 1700 is north-up by convention,chart,2_control_points,no stated scale,unknown,high,coastline_bathymetry | fortifications,2,yes,,none,,https://gallica.bnf.fr/ark:/12148/btv1b532375932
btv1b53237594h,Carte des golfes de Tunis et Hammamet : dressée d'après des plans levés en 1786,1800,19th c.,high,bnf,,,,,none,,presumed_north,European printed cartography after 1700 is north-up by convention,chart,2_control_points,no stated scale,unknown,high,coastline_bathymetry | fortifications,2,yes,,none,,https://gallica.bnf.fr/ark:/12148/btv1b53237594h
btv1b530937785,"Carte des côtes de Barbarie, comprenant les états de Maroc, Fez, Alger, Tunis et Tripoli... ; enrichie des plans des principales places et ports / gravé par E. Collin...",1816,19th c.,high,bnf,,,,,none,,presumed_north,European printed cartography after 1700 is north-up by convention,early_modern,2_control_points,,very_small,high,coastline_bathymetry | hydrology,2,yes,,none,very_small,https://gallica.bnf.fr/ark:/12148/btv1b530937785
btv1b532375648,"Plan of the coast and neighbourhood of Leptis Magna / by Capitain W.m H.y Smyth, Royal Navy",1816,19th c.,medium,bnf,,,,,none,,presumed_north,European printed cartography after 1700 is north-up by convention,early_modern,2_control_points,no stated scale,unknown,high,coastline_bathymetry | archaeology,2,yes,,none,,https://gallica.bnf.fr/ark:/12148/btv1b532375648
btv1b53237565q,"Plan of the coast and neighbourhood of Leptis Magna / by Captain. W.m H.y Smyth, Royal Navy",1816,19th c.,medium,bnf,,,,,none,,presumed_north,European printed cartography after 1700 is north-up by convention,early_modern,2_control_points,no stated scale,unknown,high,coastline_bathymetry | archaeology,2,yes,,none,,https://gallica.bnf.fr/ark:/12148/btv1b53237565q
btv1b84935785,Plan figuratif du Site de l'Antique Nasium et de ses Environs Dessiné a vue d'oeil et sans toisé géométrique par Denis fis (élève en Médecine) en 1817,1817,19th c.,unverified,bnf,,,,,none,,presumed_north,European printed cartography after 1700 is north-up by convention,early_modern,2_control_points,,large,high,settlements | archaeology,2,yes,settlements,indirect,large,https://gallica.bnf.fr/ark:/12148/btv1b84935785
btv1b531797029,Carte de la Régence de Tripoli et des principales routes commerciales de l'intérieur de l'Afrique / Prax et Renou ; Delamare (gr),1830,19th c.,unverified,bnf,,,,,none,,presumed_north,European printed cartography after 1700 is north-up by convention,early_modern,2_control_points,,very_small,high,roads | economy,2,yes,economy | roads,indirect,very_small,https://gallica.bnf.fr/ark:/12148/btv1b531797029
btv1b8490999s,"Carte des Etats barbaresques comprenant les Régences d'Alger, de Tunis, de Tripoli et de l'Empire de Maroc avec plans détaillés de la ville, des fortifications de la baie et des environs d'Alger pour servir aux opérations de l'Armée française en Afrique / d'après les meilleurs [sic] cartes et les renseignements de plusieurs consuls qui y ont résidés, dressée par Bourgeois, ...",1830,19th c.,high,bnf,,,,,none,,presumed_north,European printed cartography after 1700 is north-up by convention,early_modern,2_control_points,,very_small,high,settlements | fortifications,2,yes,settlements,indirect,very_small,https://gallica.bnf.fr/ark:/12148/btv1b8490999s
btv1b53036695f,"Esquisse de la restauration de la ville de Carthage : d'après la topographie de Carthage de Mr. Dureau de la Malle, la carte de Mr Falbe et des dessins inédits des 16e, 17e et 18e siècles / par P. A. Dedreux, architecte ; autographié par L. Letronne",1837,19th c.,high,bnf,10.267,10.267,36.900,36.900,unimarc_123,,presumed_north,European printed cartography after 1700 is north-up by convention,early_modern,2_control_points,no stated scale,unknown,high,settlements | archaeology,2,yes,settlements,indirect,,https://gallica.bnf.fr/ark:/12148/btv1b53036695f
btv1b530352677,"Théâtre de la guerre en Afrique comprenant les régences d'Alger, de Tunis, Tripoli et de l'empire du Maroc : avec plans détaillés de la baie et des fortifications de la ville d'Alger et de ses environs... / dressé par Frémin géographe",1837,19th c.,high,bnf,-12.917,31.250,44.917,22.000,unimarc_123,0.030,presumed_north,European printed cartography after 1700 is north-up by convention,early_modern,2_control_points,,very_small,high,settlements | fortifications,2,yes,settlements,indirect,very_small,https://gallica.bnf.fr/ark:/12148/btv1b530352677
btv1b53087517j,"Carte géographique, physique et politique des royaumes d'Espagne et de Portugal indiquant toutes les routes principales et la division par provinces : accompagnée d'une partie de l'Afrique, donnant toute l'Algérie depuis le détroit de Gibraltar, jusqu'aux frontières de Tunis / Dressée par Girard et Charlie, géographes ; écrit par Mlle Vicq",1841,19th c.,high,bnf,-9.500,3.317,43.733,36.967,unimarc_123,0.000,presumed_north,European printed cartography after 1700 is north-up by convention,early_modern,2_control_points,,very_small,high,roads | admin_boundaries,2,yes,admin_boundaries | roads,direct,very_small,https://gallica.bnf.fr/ark:/12148/btv1b53087517j
btv1b53087533k,"Carte géographique, physique et politique des royaumes d'Espagne et de Portugal indiquant toutes les routes principales et la division par provinces : accompagnée d'une partie de l'Afrique, donnant toute l'Algérie depuis le détroit de Gibraltar, jusqu'aux frontières de Tunis / Dressée par Girard et Charlie, géographes ; écrit par Mlle Vicq",1841,19th c.,high,bnf,-9.500,3.317,43.733,36.967,unimarc_123,0.000,presumed_north,European printed cartography after 1700 is north-up by convention,early_modern,2_control_points,,very_small,high,roads | admin_boundaries,2,yes,admin_boundaries | roads,direct,very_small,https://gallica.bnf.fr/ark:/12148/btv1b53087533k
btv1b531930706,"Sondes entre le Cap Malfatano (I. de Sardaigne) et l'île de Tabarque (Côte d'Afrique) : faites d'après les ordres de S. E. M. Théodore Ducos, ministre de la Marine et des Colonies / sous la direction de M. Darondeau, ingénieur hydrographe de la Marine, chargé en chef de la reconnaissance des côtes d'Italie",1854,19th c.,high,bnf,,,,,none,,presumed_north,European printed cartography after 1700 is north-up by convention,early_modern,2_control_points,no stated scale,unknown,high,coastline_bathymetry | hydrology,2,yes,,none,,https://gallica.bnf.fr/ark:/12148/btv1b531930706
btv1b53233066w,"Restauration des Aqueducs de Carthage. / Royaume de Tunis ; [par P. Colin, ingénieur civil, chevalier de la Légion d'honneur]",1862,19th c.,high,bnf,,,,,none,,presumed_north,European printed cartography after 1700 is north-up by convention,early_modern,2_control_points,,medium,high,hydrology | archaeology,2,yes,,none,medium,https://gallica.bnf.fr/ark:/12148/btv1b53233066w
btv1b53158263c,"Sondages fait à bord de l'Eclaireur pour l'établissement d'une ligne télégraphique entre la Calle et Marsala et entre Bizerte et Marsala / par Ch. Ploix, ingénieur hydrographe de la Marine ; assisté de M. Guieysse, élève hydrographe",1864,19th c.,high,bnf,,,,,none,,presumed_north,European printed cartography after 1700 is north-up by convention,early_modern,2_control_points,no stated scale,unknown,high,coastline_bathymetry | hydrology,2,yes,,none,,https://gallica.bnf.fr/ark:/12148/btv1b53158263c
btv1b53098598z,"Carthage. Kilomètre 1 [=Om06 ; 1 : 16 600 environ] / Dressé par Ph. Caillat, ... 5 juillet 1877 ; Gravé par L. Sonnet",1877,19th c.,high,bnf,,,,,none,,presumed_north,European printed cartography after 1700 is north-up by convention,early_modern,2_control_points,no stated scale,unknown,high,settlements | archaeology,2,yes,settlements,indirect,,https://gallica.bnf.fr/ark:/12148/btv1b53098598z
btv1b53098599d,"Carthage. Kilomètre 1 [=Om06 ; 1 : 16 600 environ] / Dressé par Ph. Caillat, ... 5 juillet 1877 ; Gravé par L. Sonnet",1877,19th c.,high,bnf,,,,,none,,presumed_north,European printed cartography after 1700 is north-up by convention,early_modern,2_control_points,no stated scale,unknown,high,settlements | archaeology,2,yes,settlements,indirect,,https://gallica.bnf.fr/ark:/12148/btv1b53098599d
btv1b53021089h,"Carte hydrographique de la Basse-Egypte et d'une partie de l'isthme de Suez, gravée au Dépôt de la guerre en 1855 / d'après les travaux de M. Linant de Bellefonds, revue et complétée en 1882 pour les chemins de fer et le canal de Suez. 1/250 000. (Tirage d'août 1882.)",1882,19th c.,unverified,bnf,,,,,none,,presumed_north,European printed cartography after 1700 is north-up by convention,early_modern,2_control_points,,medium,high,hydrology | railways,2,yes,railways,indirect,medium,https://gallica.bnf.fr/ark:/12148/btv1b53021089h
btv1b53021229s,"Carte hydrographique de la Basse-Égypte et d'une partie de l'isthme de Suez, gravée au Dépôt de la guerre en 1855 / d'après les travaux de M. Linant de Bellefonds, revue et complétée en 1882 pour les chemins de fer et le canal de Suez. 1/250 000. (Tirage de juillet 1882.)",1882,19th c.,unverified,bnf,,,,,none,,presumed_north,European printed cartography after 1700 is north-up by convention,early_modern,2_control_points,,medium,high,hydrology | railways,2,yes,railways,indirect,medium,https://gallica.bnf.fr/ark:/12148/btv1b53021229s
btv1b53021220r,"Carte hydrographique de la Moyenne-Egypte, gravée au Dépôt de la guerre en 1854 / d'après les travaux de M. Linant de Bellefonds, revue et complétée en 1882 pour les chemins de fer",1882,19th c.,unverified,bnf,,,,,none,,presumed_north,European printed cartography after 1700 is north-up by convention,early_modern,2_control_points,,medium,high,hydrology | railways,2,yes,railways,indirect,medium,https://gallica.bnf.fr/ark:/12148/btv1b53021220r
oai:u-bordeaux-montaigne.fr:218963,Algérie et Tunisie : d'après les documents fournis par le Dépôt de la guerre (Service géographique) : orthographe des noms arabes d'après les principes du Général Parmentier / dessinée par J. Hansen ; gravée par E. Morieu,1885,19th c.,high,partner,-2.333,12.000,38.000,30.000,partner_page,0.262,presumed_north,European printed cartography after 1700 is north-up by convention,early_modern,2_control_points,no IIIF (partner-hosted); scan resolution low or unknown; image not on IIIF; fetch from the holding library,very_small,unknown,coastline_bathymetry | relief,2,yes,,none,very_small,https://1886.u-bordeaux-montaigne.fr/s/1886/item/218963
btv1b531464026,"[Stations de sauvetage sur les côtes de France] : Corse, Algérie, Tunisie",1893,19th c.,high,bnf,,,,,none,,presumed_north,European printed cartography after 1700 is north-up by convention,early_modern,2_control_points,no stated scale,unknown,medium,coastline_bathymetry | archaeology,2,yes,,none,,https://gallica.bnf.fr/ark:/12148/btv1b531464026
btv1b8458783m,Haïdra [plan des ruines près de la route de Tebessa],1926,20th c.,high,bnf,,,,,none,,presumed_north,European printed cartography after 1700 is north-up by convention,early_modern,2_control_points,no stated scale,unknown,medium,roads | archaeology,2,yes,roads,direct,,https://gallica.bnf.fr/ark:/12148/btv1b8458783m
btv1b53158317g,"[Cables sous-marins France, Algérie, Tunisie]",1932,20th c.,high,bnf,,,,,none,,presumed_north,European printed cartography after 1700 is north-up by convention,early_modern,2_control_points,no stated scale,unknown,high,coastline_bathymetry | archaeology,2,yes,,none,,https://gallica.bnf.fr/ark:/12148/btv1b53158317g
btv1b53071091w,Djebel Zaghouan [Tunisie] carte géologique. 1 : 20 000 / G. Castany,1951,20th c.,high,bnf,,,,,none,,presumed_north,European printed cartography after 1700 is north-up by convention,early_modern,2_control_points,no stated scale,unknown,medium,relief | geology_mines,2,yes,geology_mines,direct,,https://gallica.bnf.fr/ark:/12148/btv1b53071091w
btv1b53242282n,"[Carte des côtes de Tunisie et de Libye, depuis Sousse jusqu'à Misrata ]",,18th c.,high,bnf,,,,,none,,presumed_north,European printed cartography after 1700 is north-up by convention,early_modern,2_control_points,no stated scale,unknown,high,coastline_bathymetry | archaeology,2,yes,,none,,https://gallica.bnf.fr/ark:/12148/btv1b53242282n
btv1b53242289s,"[Carte des côtes tunisiennes et algériennes, du golfe d'Hammamet jusqu'à Alger]",,18th c.,high,bnf,,,,,none,,presumed_north,European printed cartography after 1700 is north-up by convention,early_modern,2_control_points,no stated scale,unknown,high,coastline_bathymetry | fortifications,2,yes,,none,,https://gallica.bnf.fr/ark:/12148/btv1b53242289s
btv1b53242275k,[Les côtes de Barbarie : du cap Bon jusqu'à Bougie],,18th c.,high,bnf,,,,,none,,presumed_north,European printed cartography after 1700 is north-up by convention,early_modern,2_control_points,no stated scale,unknown,high,coastline_bathymetry | fortifications,2,yes,,none,,https://gallica.bnf.fr/ark:/12148/btv1b53242275k
btv1b53237563t,[Routes et sondes entre Zerbi et le Cap Poule],,18th c.,high,bnf,,,,,none,,presumed_north,European printed cartography after 1700 is north-up by convention,early_modern,2_control_points,no stated scale,unknown,high,coastline_bathymetry | roads,2,yes,roads,direct,,https://gallica.bnf.fr/ark:/12148/btv1b53237563t
btv1b532367135,"[Routes et sondes sur la côte de Barbarie, entre le cap Mesurat et le cap Africa]",,18th c.,high,bnf,,,,,none,,presumed_north,European printed cartography after 1700 is north-up by convention,early_modern,2_control_points,no stated scale,unknown,high,coastline_bathymetry | roads,2,yes,roads,direct,,https://gallica.bnf.fr/ark:/12148/btv1b532367135
btv1b53236712q,"Carte qui comprend une partie des côtes de Barbarie, depuis le cap Bon jusqu'a la ville de Bomba, l'extrémité ouest de l'Isle de Candie, la partie Sud de la Morée et les côtes Sud ouest de l'Isle de Sicile qui sont entre la ville de Siracuse et celle de Trapano",,18th c.,high,bnf,,,,,none,,presumed_north,European printed cartography after 1700 is north-up by convention,early_modern,2_control_points,no stated scale,unknown,high,settlements | coastline_bathymetry,2,yes,settlements,indirect,,https://gallica.bnf.fr/ark:/12148/btv1b53236712q
btv1b532422761,"Carte topographique de la coste de Barbarie, depuis Alger jusques a Tunis",,18th c.,high,bnf,,,,,none,,presumed_north,European printed cartography after 1700 is north-up by convention,early_modern,2_control_points,no stated scale,unknown,high,coastline_bathymetry | fortifications,2,yes,,none,,https://gallica.bnf.fr/ark:/12148/btv1b532422761
btv1b532376062,Coste du Bastion de France depuis le cap de Rose jusques aux Gardes de Biserte,,18th c.,high,bnf,,,,,none,,presumed_north,European printed cartography after 1700 is north-up by convention,early_modern,2_control_points,no stated scale,unknown,high,coastline_bathymetry | fortifications,2,yes,,none,,https://gallica.bnf.fr/ark:/12148/btv1b532376062
btv1b532422833,Croquis d'une partie des côtes de Barbarie depuis le cap Bujarone jusqu'à la ville de Tunis,,18th c.,high,bnf,,,,,none,,presumed_north,European printed cartography after 1700 is north-up by convention,early_modern,2_control_points,no stated scale,unknown,high,settlements | coastline_bathymetry,2,yes,settlements,indirect,,https://gallica.bnf.fr/ark:/12148/btv1b532422833
btv1b532423035,Golphe de Biserte,,18th c.,high,bnf,,,,,none,,presumed_north,European printed cartography after 1700 is north-up by convention,early_modern,2_control_points,no stated scale,unknown,high,coastline_bathymetry | hydrology,2,yes,,none,,https://gallica.bnf.fr/ark:/12148/btv1b532423035
btv1b53237542j,La Goulette,,18th c.,high,bnf,,,,,none,,presumed_north,European printed cartography after 1700 is north-up by convention,early_modern,2_control_points,scan resolution low or unknown; no stated scale,unknown,low,coastline_bathymetry | fortifications,2,yes,,none,,https://gallica.bnf.fr/ark:/12148/btv1b53237542j
btv1b53237540n,Nova planta dell Isola di Tabarca,,18th c.,high,bnf,,,,,none,,presumed_north,European printed cartography after 1700 is north-up by convention,early_modern,2_control_points,no stated scale,unknown,high,coastline_bathymetry | fortifications,2,yes,,none,,https://gallica.bnf.fr/ark:/12148/btv1b53237540n
btv1b53242306h,Nuova pianta dell'isola di Tabarca,,18th c.,high,bnf,,,,,none,,presumed_north,European printed cartography after 1700 is north-up by convention,early_modern,2_control_points,no stated scale,unknown,high,coastline_bathymetry | fortifications,2,yes,,none,,https://gallica.bnf.fr/ark:/12148/btv1b53242306h
btv1b53237599r,Nuova planta dell' Isola di Tabarca,,18th c.,high,bnf,,,,,none,,presumed_north,European printed cartography after 1700 is north-up by convention,early_modern,2_control_points,no stated scale,unknown,medium,coastline_bathymetry | fortifications,2,yes,,none,,https://gallica.bnf.fr/ark:/12148/btv1b53237599r
btv1b8495408s,Plan de la Carthage d'Afrique lorsqu'elle fut détruitte par Scipion Aemilianus en l'année de Rome 607 / A. Humblot inv.,,18th c.,high,bnf,,,,,none,,presumed_north,European printed cartography after 1700 is north-up by convention,early_modern,2_control_points,no stated scale,unknown,medium,fortifications | archaeology,2,yes,,none,,https://gallica.bnf.fr/ark:/12148/btv1b8495408s
btv1b53237607h,Plan du port de la Calle,,18th c.,medium,bnf,,,,,none,,presumed_north,European printed cartography after 1700 is north-up by convention,early_modern,2_control_points,no stated scale,unknown,high,coastline_bathymetry | fortifications,2,yes,,none,,https://gallica.bnf.fr/ark:/12148/btv1b53237607h
btv1b53237609d,Plan du port de la Calle,,18th c.,medium,bnf,,,,,none,,presumed_north,European printed cartography after 1700 is north-up by convention,early_modern,2_control_points,no stated scale,unknown,medium,coastline_bathymetry | fortifications,2,yes,,none,,https://gallica.bnf.fr/ark:/12148/btv1b53237609d
btv1b532375915,[Golfes de Tunis et Hammamet],,19th c.,high,bnf,,,,,none,,presumed_north,European printed cartography after 1700 is north-up by convention,early_modern,2_control_points,no stated scale,unknown,high,coastline_bathymetry | fortifications,2,yes,,none,,https://gallica.bnf.fr/ark:/12148/btv1b532375915
btv1b84587841,"Kasserine... Les renseignements relatifs aux ruines... / tont été recueillis... par MM. Renault,... ; Barbencey ; Pineau et Dr Villeneuve [...]",,19th c.,high,bnf,,,,,none,,presumed_north,European printed cartography after 1700 is north-up by convention,early_modern,2_control_points,no stated scale,unknown,medium,settlements | archaeology,2,yes,settlements,indirect,,https://gallica.bnf.fr/ark:/12148/btv1b84587841
btv1b10841751m,"La production minière et l'énergie en 1950 par Jacques Bertin : [Carte de l'activité minière d'une partie du Maroc, de l'Algérie et de la Tunisie] / Jacques Bertin",,20th c.,high,bnf,,,,,none,,presumed_north,European printed cartography after 1700 is north-up by convention,early_modern,2_control_points,no stated scale,unknown,high,settlements | geology_mines,2,yes,geology_mines | settlements,direct,,https://gallica.bnf.fr/ark:/12148/btv1b10841751m
btv1b85953575,"[Carte du 'Pays des Cabailes' et du 'Pays Salé'] / [de la main M. d'Anville, 17..]",1700,18th c.,high,bnf,,,,,none,,presumed_north,European printed cartography after 1700 is north-up by convention,early_modern,2_control_points,no stated scale,unknown,medium,settlements,1,yes,settlements,indirect,,https://gallica.bnf.fr/ark:/12148/btv1b85953575
btv1b531431881,"A new map of the north part of antient Africa shewing the chiefe people, cities, towns, rivers, mountains, &c. in Mauritania, Numidia, Africa Propria, Libya Propria and Egypt / [Edward Wells] ; Dedicated to his highest William Duke of Gloucester ; R. Spofforth sculp.",1700,18th c.,medium,bnf,,,,,none,,presumed_north,European printed cartography after 1700 is north-up by convention,early_modern,2_control_points,no stated scale,unknown,medium,coastline_bathymetry,1,yes,,none,,https://gallica.bnf.fr/ark:/12148/btv1b531431881
btv1b8595367j,Carte de la situation de l'ancienne Carthage et de la baye de cette ville,1700,18th c.,high,bnf,,,,,none,,presumed_north,European printed cartography after 1700 is north-up by convention,early_modern,2_control_points,scan resolution low or unknown; no stated scale,unknown,low,settlements,1,yes,settlements,indirect,,https://gallica.bnf.fr/ark:/12148/btv1b8595367j
btv1b8595378b,Plan de l'Isle Galita scituée proche la côte de Barbarie au nord du cap Negre ... / par J. Ayrouard,1700,18th c.,high,bnf,,,,,none,,presumed_north,European printed cartography after 1700 is north-up by convention,early_modern,2_control_points,no stated scale,unknown,medium,coastline_bathymetry,1,yes,,none,,https://gallica.bnf.fr/ark:/12148/btv1b8595378b
btv1b10678510j,"Partie occidentale de l'Afrique ou se trouve la Barbarie divisée en royaumes de Maroc, de Fez, d'Alger, de Tripoli et de Tunis [et] le Sara ou le désert de Barbarie, la Nigrite ou le pais des Nègres et la Guinée, les isles du Cap Verd, les isles Canaries et les Acores, ses dernières sont estimées de l'Amérique / par N[icolas] de Fer geographe de sa Majesté catolique (sic)",1702,18th c.,high,bnf,,,,,none,,presumed_north,European printed cartography after 1700 is north-up by convention,early_modern,2_control_points,no stated scale,unknown,high,admin_boundaries,1,yes,admin_boundaries,direct,,https://gallica.bnf.fr/ark:/12148/btv1b10678510j
btv1b53235460d,"Côte de Barbarie, depuis le cap Razat, jusqu'au cap Raxetin / par le Maire",1704,18th c.,medium,bnf,,,,,none,,presumed_north,European printed cartography after 1700 is north-up by convention,early_modern,2_control_points,no stated scale,unknown,medium,coastline_bathymetry,1,yes,,none,,https://gallica.bnf.fr/ark:/12148/btv1b53235460d
btv1b53284617f,Plan de lille St Paul ou planne située au sud d'alicant environ 5 lieües quy est pour facillit le danger ou toucha Mr de Coetlogon commandant Le Tonnant en 1704 / par Manin,1704,18th c.,medium,bnf,,,,,none,,presumed_north,European printed cartography after 1700 is north-up by convention,early_modern,2_control_points,no stated scale,unknown,high,coastline_bathymetry,1,yes,,none,,https://gallica.bnf.fr/ark:/12148/btv1b53284617f
btv1b53242279c,Carte d'une partie des costes du royaume de Tunis depuis Souse jusqu'a Biserte / dressée sur des cartes et détails géograhiques au dépost des cartes et plans maritimes,1728,18th c.,high,bnf,,,,,none,,presumed_north,European printed cartography after 1700 is north-up by convention,chart,2_control_points,no stated scale,unknown,high,coastline_bathymetry,1,yes,,none,,https://gallica.bnf.fr/ark:/12148/btv1b53242279c
btv1b53237596d,Plan de l'Isle de Tabarco / levé par le Sr Verguin,1731,18th c.,high,bnf,,,,,none,,presumed_north,European printed cartography after 1700 is north-up by convention,early_modern,2_control_points,no stated scale,unknown,high,coastline_bathymetry,1,yes,,none,,https://gallica.bnf.fr/ark:/12148/btv1b53237596d
btv1b532423052,Plan de l'Isle de Tabarco / levé par le Sr Verguin,1731,18th c.,high,bnf,,,,,none,,presumed_north,European printed cartography after 1700 is north-up by convention,early_modern,2_control_points,no stated scale,unknown,high,coastline_bathymetry,1,yes,,none,,https://gallica.bnf.fr/ark:/12148/btv1b532423052
btv1b53237597v,Plan de l'Isle de Tabarco / levé par le Sr Verguin ; Le Moyne,1731,18th c.,high,bnf,,,,,none,,presumed_north,European printed cartography after 1700 is north-up by convention,early_modern,2_control_points,no stated scale,unknown,high,coastline_bathymetry,1,yes,,none,,https://gallica.bnf.fr/ark:/12148/btv1b53237597v
btv1b53237558n,"[Côtes de Barbarie, depuis le cap Bon jusqu'à Tenez, avec la pointe sud de la Sicile]",1732,18th c.,high,bnf,,,,,none,,presumed_north,European printed cartography after 1700 is north-up by convention,early_modern,2_control_points,no stated scale,unknown,medium,coastline_bathymetry,1,yes,,none,,https://gallica.bnf.fr/ark:/12148/btv1b53237558n
btv1b530089581,"[Tunisie, avec les noms anciens] / [par Jean-Baptiste d'Anville]",1732,18th c.,high,bnf,,,,,none,,presumed_north,European printed cartography after 1700 is north-up by convention,early_modern,2_control_points,no stated scale,unknown,medium,settlements,1,yes,settlements,indirect,,https://gallica.bnf.fr/ark:/12148/btv1b530089581
btv1b53283019q,Carte de la Mer Mediterranée sur laquelle on a distingué par des couleurs les six divisions des Materiaux qui se conserve[n]t au dépôt des Cartes de la Marine pour servir à la construction des cartes du nouveau portuland de cette Mer,1736,18th c.,high,bnf,,,,,none,,presumed_north,European printed cartography after 1700 is north-up by convention,early_modern,2_control_points,,very_small,medium,coastline_bathymetry,1,yes,,none,very_small,https://gallica.bnf.fr/ark:/12148/btv1b53283019q
btv1b53235465n,"[Carte du golfe de la Syrte, de Bengasi au cap Mezurat]",1740,18th c.,high,bnf,,,,,none,,presumed_north,European printed cartography after 1700 is north-up by convention,early_modern,2_control_points,scan resolution low or unknown; no stated scale,unknown,low,coastline_bathymetry,1,yes,,none,,https://gallica.bnf.fr/ark:/12148/btv1b53235465n
btv1b85953738,Plan des forts et canal de La Goulette / [Bellin] ; Croisey sc.,1740,18th c.,high,bnf,,,,,none,,presumed_north,European printed cartography after 1700 is north-up by convention,chart,2_control_points,scan resolution low or unknown; no stated scale,unknown,low,fortifications,1,yes,,none,,https://gallica.bnf.fr/ark:/12148/btv1b85953738
btv1b53237561x,Plan de la côte et des seches de Barbarie,1741,18th c.,high,bnf,,,,,none,,presumed_north,European printed cartography after 1700 is north-up by convention,early_modern,2_control_points,no stated scale,unknown,medium,coastline_bathymetry,1,yes,,none,,https://gallica.bnf.fr/ark:/12148/btv1b53237561x
btv1b53237560g,Plan de la côte et séche de Barbarie,1741,18th c.,high,bnf,,,,,none,,presumed_north,European printed cartography after 1700 is north-up by convention,early_modern,2_control_points,no stated scale,unknown,high,coastline_bathymetry,1,yes,,none,,https://gallica.bnf.fr/ark:/12148/btv1b53237560g
btv1b532375593,"Plan de la côte et séches de Barbarie, depuis Zerby jusques à Suza : corrigées par les latitudes observées comme aussi les gissements des côtes et les querquenis et les sondes aux environs, vérifiées avec la frégate du Roy l'Attalante en 1741 / vérifié par Gilly pilote...",1741,18th c.,high,bnf,,,,,none,,presumed_north,European printed cartography after 1700 is north-up by convention,early_modern,2_control_points,no stated scale,unknown,medium,coastline_bathymetry,1,yes,,none,,https://gallica.bnf.fr/ark:/12148/btv1b532375593
btv1b53237536x,"Plan de la cotte et séches de Barbarie, depuis Zérby jusques à Suza : corrigée par les lattitude obsérvée comme aussi les gissement des cottes et Lesquerqueni et les sondes aux environs vériffié avec la frégatte du Roy Latalante en 1741 / vériffié par Gilly pilotte Ent.",1741,18th c.,high,bnf,,,,,none,,presumed_north,European printed cartography after 1700 is north-up by convention,early_modern,2_control_points,no stated scale,unknown,high,coastline_bathymetry,1,yes,,none,,https://gallica.bnf.fr/ark:/12148/btv1b53237536x
btv1b53237562c,"Carte de la côte de Barbarie, depuis le Cap Bon jusqu'à Tripoly : corrigée sur les observations faites par la frégatte du Roy le Zephire en 1742",1742,18th c.,high,bnf,,,,,none,,presumed_north,European printed cartography after 1700 is north-up by convention,early_modern,2_control_points,no stated scale,unknown,medium,coastline_bathymetry,1,yes,,none,,https://gallica.bnf.fr/ark:/12148/btv1b53237562c
btv1b53237546b,"Carte de la côte de Barbarie, depuis le Cap Bon jusqu'à Tripoly : corrigée sur les observations faites par la frégatte du Roy le Zephire en 1742",1742,18th c.,high,bnf,,,,,none,,presumed_north,European printed cartography after 1700 is north-up by convention,early_modern,2_control_points,no stated scale,unknown,medium,coastline_bathymetry,1,yes,,none,,https://gallica.bnf.fr/ark:/12148/btv1b53237546b
btv1b532375430,"Plan du golfe de Tunis depuis le Cap Bon jusques au cap Zebibe / levé géométriquement en 1742 par M. de Chabert, garde de la Marine",1742,18th c.,high,bnf,,,,,none,,presumed_north,European printed cartography after 1700 is north-up by convention,early_modern,2_control_points,no stated scale,unknown,high,coastline_bathymetry,1,yes,,none,,https://gallica.bnf.fr/ark:/12148/btv1b532375430
btv1b53242304m,"Plan du golphe de Tunis depuis le cap Bon jusques au cap Zebibe / levé géométriquement par M. de Chabert, garde de la Marine",1742,18th c.,high,bnf,,,,,none,,presumed_north,European printed cartography after 1700 is north-up by convention,early_modern,2_control_points,no stated scale,unknown,high,coastline_bathymetry,1,yes,,none,,https://gallica.bnf.fr/ark:/12148/btv1b53242304m
btv1b53235467j,Carte de la cote d'Afrique depuis Tripoly jusqu'a Derne / levée par le capitaine Martin Reboul de la Ciotat,1745,18th c.,high,bnf,,,,,none,,presumed_north,European printed cartography after 1700 is north-up by convention,early_modern,2_control_points,no stated scale,unknown,medium,coastline_bathymetry,1,yes,,none,,https://gallica.bnf.fr/ark:/12148/btv1b53235467j
btv1b532354663,Carte de la côte du royaume de Tripoly de Barbarie / levée par le capitaine Martin Reboul,1745,18th c.,high,bnf,,,,,none,,presumed_north,European printed cartography after 1700 is north-up by convention,early_modern,2_control_points,no stated scale,unknown,medium,coastline_bathymetry,1,yes,,none,,https://gallica.bnf.fr/ark:/12148/btv1b532354663
btv1b532376134,Carte réduite d'une partie de la coste de Barbarie depuis le cap de Hone jusqu'au cap Matifou / dressée sur les manuscripts du dépost par Lemoyne,1751,18th c.,medium,bnf,,,,,none,,presumed_north,European printed cartography after 1700 is north-up by convention,early_modern,2_control_points,no stated scale,unknown,high,coastline_bathymetry,1,yes,,none,,https://gallica.bnf.fr/ark:/12148/btv1b532376134
btv1b532354680,"Carte réduite des costes de Tunis et de Tripoli pour servir aux vaisseaux du Roi, dressée... par ordre de M. Rouillé... comte de Jouy, ... / chez le Sr. Bellin, ing[énieu]r de la Marine",1752,18th c.,high,bnf,,,,,none,,presumed_north,European printed cartography after 1700 is north-up by convention,chart,2_control_points,no stated scale,unknown,medium,coastline_bathymetry,1,yes,,none,,https://gallica.bnf.fr/ark:/12148/btv1b532354680
btv1b10678733g,Carte generale d'Allemagne divisée en ses cercles et subdivisée en ses principaux Etats / Dressée par Ordre de S. M. I. ; par J. G. Eisenschmidt Mathématicien et D[octeur] en Medecine a Strasbourg ; revue et augmentée par J. B. Homann geogr[aphe] de S. M. I.,1758,18th c.,unverified,bnf,,,,,none,,presumed_north,European printed cartography after 1700 is north-up by convention,early_modern,2_control_points,no stated scale,unknown,medium,settlements,1,yes,settlements,indirect,,https://gallica.bnf.fr/ark:/12148/btv1b10678733g
btv1b532375665,"[Côtes de Barbarie, depuis Bizerte jusqu'à la pointe de Tarcu]",1764,18th c.,high,bnf,,,,,none,,presumed_north,European printed cartography after 1700 is north-up by convention,early_modern,2_control_points,no stated scale,unknown,medium,coastline_bathymetry,1,yes,,none,,https://gallica.bnf.fr/ark:/12148/btv1b532375665
btv1b532375682,"[Côtes de Barbarie, depuis Bizerte jusqu'à la pointe de Tarcu]",1764,18th c.,high,bnf,,,,,none,,presumed_north,European printed cartography after 1700 is north-up by convention,early_modern,2_control_points,no stated scale,unknown,medium,coastline_bathymetry,1,yes,,none,,https://gallica.bnf.fr/ark:/12148/btv1b532375682
btv1b53237567m,"[Côtes de Barbarie, depuis Bizerte jusqu'à la pointe de Tarcu]",1764,18th c.,high,bnf,,,,,none,,presumed_north,European printed cartography after 1700 is north-up by convention,early_modern,2_control_points,no stated scale,unknown,medium,coastline_bathymetry,1,yes,,none,,https://gallica.bnf.fr/ark:/12148/btv1b53237567m
btv1b53283007d,"[22 plans légendés et commentés de ports, baies et îles de la Méditerranée occidentale] / [par le lieutenant de vaisseau D'Ortigues ?] ; [destiné à] Bellin",1765,18th c.,high,bnf,,,,,none,,presumed_north,European printed cartography after 1700 is north-up by convention,early_modern,2_control_points,scan resolution low or unknown; no stated scale,unknown,low,roads,1,yes,roads,direct,,https://gallica.bnf.fr/ark:/12148/btv1b53283007d
btv1b53236714m,Coste de Barbarie / Giacomo Alagna,1766,18th c.,high,bnf,,,,,none,,presumed_north,European printed cartography after 1700 is north-up by convention,early_modern,2_control_points,no stated scale,unknown,high,coastline_bathymetry,1,yes,,none,,https://gallica.bnf.fr/ark:/12148/btv1b53236714m
btv1b53242308d,[Carte de la partie de la côte de Barbarie comprise entre le cap Negro et le cap Bujarone] / [par M. le marquis de Chabert],1774,18th c.,high,bnf,,,,,none,,presumed_north,European printed cartography after 1700 is north-up by convention,early_modern,2_control_points,no stated scale,unknown,medium,coastline_bathymetry,1,yes,,none,,https://gallica.bnf.fr/ark:/12148/btv1b53242308d
btv1b53242309v,Carte de la partie de la côte de Barbarie comprise entre le cap Negro et le cap Bujarone / par M. le marquis de Chabert,1774,18th c.,high,bnf,,,,,none,,presumed_north,European printed cartography after 1700 is north-up by convention,early_modern,2_control_points,no stated scale,unknown,high,coastline_bathymetry,1,yes,,none,,https://gallica.bnf.fr/ark:/12148/btv1b53242309v
btv1b53237617x,Carte de la partie de la côte de Barbarie comprise entre le cap Negro et le cap Bujarone / par M. le marquis de Chabert,1774,18th c.,high,bnf,,,,,none,,presumed_north,European printed cartography after 1700 is north-up by convention,early_modern,2_control_points,no stated scale,unknown,medium,coastline_bathymetry,1,yes,,none,,https://gallica.bnf.fr/ark:/12148/btv1b53237617x
btv1b53295571h,Plano de la nueva Tabarca cituada en la isla plana de S[a]n Pablo,1795,18th c.,high,bnf,,,,,none,,presumed_north,European printed cartography after 1700 is north-up by convention,early_modern,2_control_points,no stated scale,unknown,high,coastline_bathymetry,1,yes,,none,,https://gallica.bnf.fr/ark:/12148/btv1b53295571h
btv1b53235472q,[Tracé d'une partie des côtes de Barbarie entre Alexandrie et le cap Razat],1799,18th c.,medium,bnf,,,,,none,,presumed_north,European printed cartography after 1700 is north-up by convention,early_modern,2_control_points,no stated scale,unknown,medium,coastline_bathymetry,1,yes,,none,,https://gallica.bnf.fr/ark:/12148/btv1b53235472q
btv1b84941071,"[Partie des côtes africaines de la Méditerranée, depuis Bomba en Cyrénaïque, jusqu'à Bizerte. 1 : 2 580 000 env]",1800,19th c.,high,bnf,,,,,none,,presumed_north,European printed cartography after 1700 is north-up by convention,early_modern,2_control_points,no stated scale,unknown,high,coastline_bathymetry,1,yes,,none,,https://gallica.bnf.fr/ark:/12148/btv1b84941071
btv1b53233049d,"Carte comparée des Régences d'Alger et de Tunis / dressée par le Chevalier Lapie, 1er géographe du Roi, ... ; Les noms anciens ont été revus par Mr le Chevalie Hase, les noms arabes par Mr le Chevalier Jaubert, ...",1828,19th c.,high,bnf,,,,,none,,presumed_north,European printed cartography after 1700 is north-up by convention,early_modern,2_control_points,,very_small,high,settlements,1,yes,settlements,indirect,very_small,https://gallica.bnf.fr/ark:/12148/btv1b53233049d
btv1b84922819,"Carte des Cotes de Tunis Depuis le Cap africa jusqu'aux Frères, par le Capitaine Smythe secondé par MM. Slater & Elson",1829,19th c.,high,bnf,,,,,none,,presumed_north,European printed cartography after 1700 is north-up by convention,early_modern,2_control_points,,small,high,coastline_bathymetry,1,yes,,none,small,https://gallica.bnf.fr/ark:/12148/btv1b84922819
btv1b53098487q,"Carte des Régences d'Alger de Tunis et de Tripoli, avec l'Empire de Maroc ; comprenant aussi tout le bassin citérieure [sic] de la Méditerranée et une grande partie des Etats qui forment ses limites européennes / par Hérisson, ...",1830,19th c.,high,bnf,,,,,none,,presumed_north,European printed cartography after 1700 is north-up by convention,early_modern,2_control_points,,very_small,high,settlements,1,yes,settlements,indirect,very_small,https://gallica.bnf.fr/ark:/12148/btv1b53098487q
btv1b530984294,Plan du terrain et des ruines de Carthage / levé et dessiné en 1831 par Falbe...,1833,19th c.,high,bnf,,,,,none,,presumed_north,European printed cartography after 1700 is north-up by convention,early_modern,2_control_points,,large,high,archaeology,1,yes,,none,large,https://gallica.bnf.fr/ark:/12148/btv1b530984294
btv1b53102664q,Mines de Gabe-Gottes et de St. Jacques,1835,19th c.,unverified,bnf,,,,,none,,presumed_north,European printed cartography after 1700 is north-up by convention,early_modern,2_control_points,,large,high,geology_mines,1,yes,geology_mines,indirect,large,https://gallica.bnf.fr/ark:/12148/btv1b53102664q
btv1b10567574w,"Carte de la Côte septentrionale d'Afrique : Partie comprise entre Alger et l'Ile de la Galite / Bérard, A.",1836,19th c.,high,bnf,,,,,none,,presumed_north,European printed cartography after 1700 is north-up by convention,early_modern,2_control_points,no stated scale,unknown,high,coastline_bathymetry,1,yes,,none,,https://gallica.bnf.fr/ark:/12148/btv1b10567574w
btv1b53063506p,"Carte de l'itinéraire suivi par M. Delaporte, élève-consul dans la régence de Tunis à l'occasion de la mission qui lui a été confiée le 14 juillet 1843, par M. de Lagau, consul général et chargé d'affaires de France à Tunis",1843,19th c.,high,bnf,,,,,none,,presumed_north,European printed cartography after 1700 is north-up by convention,early_modern,2_control_points,no stated scale,unknown,medium,roads,1,yes,roads,direct,,https://gallica.bnf.fr/ark:/12148/btv1b53063506p
btv1b8494592r,"Projet de Délimitation entre l'Algérie et la Régence de Tunis depuis le Cap Roux jusqu'au Cours de la Medjerda, suivant la proposition faite le 9 Novembre 1843 par le Général Randon, ... / Vu et approuvé par le Général commandant la Subdivision de Bône. Signé : Randon",1843,19th c.,high,bnf,,,,,none,,presumed_north,European printed cartography after 1700 is north-up by convention,early_modern,2_control_points,,medium,high,admin_boundaries,1,yes,admin_boundaries,direct,medium,https://gallica.bnf.fr/ark:/12148/btv1b8494592r
btv1b53063630m,"Projet de délimitation entre l'Algérie et la régence de Tunis depuis le cap Roux jusqu'au cours de la Medjerda, suivant la proposition faite le 9 novembre 1843, par le général Randon, commissaire du gouvernement français pour la démarcation de cette frontière",1843,19th c.,high,bnf,,,,,none,,presumed_north,European printed cartography after 1700 is north-up by convention,early_modern,2_control_points,,medium,high,admin_boundaries,1,yes,admin_boundaries,direct,medium,https://gallica.bnf.fr/ark:/12148/btv1b53063630m
btv1b53098492w,"Carte des Régences d'Alger, de Tunis et de Tripoli avec l'Empire de Maroc, comprenant aussi tout le bassin citérieur de la Méditerranée et une grande partie des Etats qui forment ses limites européennes / par Hérisson... ; gravé par J.B. Tardieu",1844,19th c.,high,bnf,,,,,none,,presumed_north,European printed cartography after 1700 is north-up by convention,early_modern,2_control_points,,very_small,high,settlements,1,yes,settlements,indirect,very_small,https://gallica.bnf.fr/ark:/12148/btv1b53098492w
btv1b53098493b,"Carte des Régences d'Alger, de Tunis et de Tripoli avec l'Empire de Maroc, comprenant aussi tout le bassin citérieur de la Méditerranée et une grande partie des Etats qui forment ses limites européennes / par Hérisson... ; gravé par J.B. Tardieu",1845,19th c.,high,bnf,,,,,none,,presumed_north,European printed cartography after 1700 is north-up by convention,early_modern,2_control_points,,very_small,high,settlements,1,yes,settlements,indirect,very_small,https://gallica.bnf.fr/ark:/12148/btv1b53098493b
btv1b53088086f,Carte de l'Algérie dressée au dépôt de la guerre / sous la direction de M. le lieut[enan]t général Pelet...,1846,19th c.,high,bnf,-2.500,8.700,40.000,32.000,unimarc_123,0.075,presumed_north,European printed cartography after 1700 is north-up by convention,early_modern,2_control_points,,very_small,high,admin_boundaries,1,yes,admin_boundaries,direct,very_small,https://gallica.bnf.fr/ark:/12148/btv1b53088086f
btv1b53088118t,"Carte des Régences d'Alger, de Tunis et de Tripoli, avec l'Empire de Maroc, comprenant aussi tout le bassin citérieur de la Méditerranée et une grande partie des États qui forment ses limites européennes / par Hérisson géog[raph]e ; gravé par J. -B. Tardieu",1846,19th c.,high,bnf,-9.383,11.000,44.350,31.000,unimarc_123,0.084,presumed_north,European printed cartography after 1700 is north-up by convention,early_modern,2_control_points,,very_small,high,settlements,1,yes,settlements,indirect,very_small,https://gallica.bnf.fr/ark:/12148/btv1b53088118t
btv1b530984957,"Carte des Régences d'Alger, de Tunis et de Tripoli, avec l'Empire de Maroc, comprenant aussi tout le bassin citérieur de la Méditerranée et une grande partie des Etats qui forment ses limites européennes / par Hérisson, ... ; Gravé par J. -B. Tardieu",1846,19th c.,high,bnf,,,,,none,,presumed_north,European printed cartography after 1700 is north-up by convention,early_modern,2_control_points,,very_small,high,settlements,1,yes,settlements,indirect,very_small,https://gallica.bnf.fr/ark:/12148/btv1b530984957
btv1b53098496p,"Carte des Régences d'Alger, de Tunis et de Tripoli, avec l'Empire de Maroc, comprenant aussi tout le bassin citérieur de la Méditerranée et une grande partie des Etats qui forment ses limites européennes / par Hérisson, ... ; Gravé par J. -B. Tardieu",1846,19th c.,high,bnf,,,,,none,,presumed_north,European printed cartography after 1700 is north-up by convention,early_modern,2_control_points,,very_small,high,settlements,1,yes,settlements,indirect,very_small,https://gallica.bnf.fr/ark:/12148/btv1b53098496p
btv1b53088095d,"Carte physique de l'Algérie ou Afrique française comprenant la partie septentrionale de l'empire de Maroc, la régence de Tunis, une partie du bassin de la Méditerranée et la région orientale du royaume d'Espagne / dressée par A. R. Frémin",1848,19th c.,high,bnf,-9.500,12.500,42.817,32.000,unimarc_123,0.096,presumed_north,European printed cartography after 1700 is north-up by convention,early_modern,2_control_points,,very_small,high,settlements,1,yes,settlements,indirect,very_small,https://gallica.bnf.fr/ark:/12148/btv1b53088095d
btv1b530984974,"Carte des régences d'Alger, de Tunis et de Tripoli, avec l'empire de Maroc comprenant aussi tout le bassin citérieur de la Méditerranée et une grande partie des États qui forment ses limites européennes / par Hérisson géog[raph]e ; gravé par J.B. Tardieu",1851,19th c.,high,bnf,-9.383,11.000,44.350,31.000,unimarc_123,0.084,presumed_north,European printed cartography after 1700 is north-up by convention,early_modern,2_control_points,,very_small,high,settlements,1,yes,settlements,indirect,very_small,https://gallica.bnf.fr/ark:/12148/btv1b530984974
btv1b53136271k,Théâtre de la guerre en Orient,1853,19th c.,high,bnf,-1.400,48.100,60.700,34.800,unimarc_123,0.009,presumed_north,European printed cartography after 1700 is north-up by convention,early_modern,2_control_points,,very_small,high,settlements,1,yes,settlements,indirect,very_small,https://gallica.bnf.fr/ark:/12148/btv1b53136271k
btv1b53263038g,"Sinus Karthaginensis et Lybo-Phaeniciorum Urbes, usque ad Candidum et Hermaeum Promotorium, apud Mare Internum. Sicut erant CXLVI annis ante Christum : Carte d'ensemble de la guerre de Curion, dressée d'après celle du Ministère de la Guerre (1857) et d'après des levés trigonométriques récents / par A. Daux,...",1866,19th c.,high,bnf,10.267,10.267,36.900,36.900,unimarc_123,,presumed_north,European printed cartography after 1700 is north-up by convention,early_modern,2_control_points,,medium,high,archaeology,1,yes,,none,medium,https://gallica.bnf.fr/ark:/12148/btv1b53263038g
btv1b84390777,Carte du bassin des Chotts,1880,19th c.,high,bnf,,,,,none,,presumed_north,European printed cartography after 1700 is north-up by convention,early_modern,2_control_points,,small,high,hydrology,1,yes,,none,small,https://gallica.bnf.fr/ark:/12148/btv1b84390777
btv1b53021168m,Carte des frontières d'Algérie et de Tunisie (2e édition),1881,19th c.,high,bnf,,,,,none,,presumed_north,European printed cartography after 1700 is north-up by convention,early_modern,2_control_points,no stated scale,unknown,medium,admin_boundaries,1,yes,admin_boundaries,direct,,https://gallica.bnf.fr/ark:/12148/btv1b53021168m
btv1b8439078n,Etude sur la frontière de la Tunisie / par le général Lewal ; F. Quévillon,1881,19th c.,high,bnf,,,,,none,,presumed_north,European printed cartography after 1700 is north-up by convention,early_modern,2_control_points,,small,high,admin_boundaries,1,yes,admin_boundaries,direct,small,https://gallica.bnf.fr/ark:/12148/btv1b8439078n
btv1b8441605m,"Carte d'une reconnaissance archéologique dans la région centrale de la Tunisie, exécutée en 1882 et 1883 / par M. Julien Poinssot...",1882,19th c.,high,bnf,,,,,none,,presumed_north,European printed cartography after 1700 is north-up by convention,early_modern,2_control_points,,small,medium,archaeology,1,yes,,none,small,https://gallica.bnf.fr/ark:/12148/btv1b8441605m
btv1b8439057g,Carte d'une reconnaissance archéologique dans la région centrale de la Tunisie / exécutée en 1882 et 1883 par M. Julien Poinssot,1883,19th c.,high,bnf,,,,,none,,presumed_north,European printed cartography after 1700 is north-up by convention,early_modern,2_control_points,,small,high,archaeology,1,yes,,none,small,https://gallica.bnf.fr/ark:/12148/btv1b8439057g
btv1b84391676,Carte du bassin des chotts,1884,19th c.,high,bnf,,,,,none,,presumed_north,European printed cartography after 1700 is north-up by convention,early_modern,2_control_points,,small,medium,hydrology,1,yes,,none,small,https://gallica.bnf.fr/ark:/12148/btv1b84391676
btv1b52514110t,"Algérie, Tunisie / par P. Vidal, Lablache",1885,19th c.,high,bnf,,,,,none,,presumed_north,European printed cartography after 1700 is north-up by convention,early_modern,2_control_points,,very_small,high,hydrology,1,yes,,none,very_small,https://gallica.bnf.fr/ark:/12148/btv1b52514110t
btv1b55011149d,Carte des principales voies de communication de la Tunisie et de l'Algérie orientale,1885,19th c.,high,bnf,,,,,none,,presumed_north,European printed cartography after 1700 is north-up by convention,early_modern,2_control_points,scan resolution low or unknown,very_small,low,roads,1,yes,roads,direct,very_small,https://gallica.bnf.fr/ark:/12148/btv1b55011149d
btv1b84393474,Carte du bassin de l'oued Melah entre le Coudiál Hameïmet et la mer,1885,19th c.,high,bnf,,,,,none,,presumed_north,European printed cartography after 1700 is north-up by convention,early_modern,2_control_points,,medium,high,hydrology,1,yes,,none,medium,https://gallica.bnf.fr/ark:/12148/btv1b84393474
btv1b84396601,"Guide-poche algérien / L. Chappuis, fils. Alger. Carte des chemins de fer de l'Algérie et de la Tunisie",1887,19th c.,high,bnf,,,,,none,,presumed_north,European printed cartography after 1700 is north-up by convention,early_modern,2_control_points,,very_small,medium,railways,1,yes,railways,direct,very_small,https://gallica.bnf.fr/ark:/12148/btv1b84396601
btv1b8439648k,Carte du relief de l'Algérie et de la Tunisie / dressée par E. Guillemin,1888,19th c.,high,bnf,,,,,none,,presumed_north,European printed cartography after 1700 is north-up by convention,early_modern,2_control_points,no stated scale,unknown,medium,relief,1,yes,,none,,https://gallica.bnf.fr/ark:/12148/btv1b8439648k
btv1b53025093m,"Algérie et Tunisie, indiquant les distances kilométriques, les cables et les lignes de navigation / par Ch. Lacoste,...",1889,19th c.,high,bnf,,,,,none,,presumed_north,European printed cartography after 1700 is north-up by convention,early_modern,2_control_points,,small,high,hydrology,1,yes,,none,small,https://gallica.bnf.fr/ark:/12148/btv1b53025093m
btv1b8440539r,Carte des chemins de fer de l'Algérie et de la Tunisie,1891,19th c.,high,bnf,,,,,none,,presumed_north,European printed cartography after 1700 is north-up by convention,early_modern,2_control_points,,small,high,railways,1,yes,railways,direct,small,https://gallica.bnf.fr/ark:/12148/btv1b8440539r
btv1b530277289,"Carte géologique provisoire de la régence de Tunis / dressée par F. Aubert, publiée par ordre du gouvernement tunisien, 1892",1894,19th c.,high,bnf,,,,,none,,presumed_north,European printed cartography after 1700 is north-up by convention,early_modern,2_control_points,,small,high,geology_mines,1,yes,geology_mines,direct,small,https://gallica.bnf.fr/ark:/12148/btv1b530277289
btv1b8441279j,"Karte der Eisenbahn von Salonik nach Monastir, 1/300 000, entworfen u. gez. / C. Fr. v. d. Goltz",1895,19th c.,low,bnf,,,,,none,,presumed_north,European printed cartography after 1700 is north-up by convention,early_modern,2_control_points,,small,medium,railways,1,yes,railways,indirect,small,https://gallica.bnf.fr/ark:/12148/btv1b8441279j
btv1b108916885,"[Algérie]. Tracés des lignes télégraphiques de Touggourt à El Oued et d'El Oued à Nefta, par Paul Bayol, 1897-1898 (2 cartes sur calque au 1/200 000 et au 1/100 000)",1897,19th c.,medium,bnf,,,,,none,,presumed_north,European printed cartography after 1700 is north-up by convention,early_modern,2_control_points,,medium,medium,hydrology,1,yes,,none,medium,https://gallica.bnf.fr/ark:/12148/btv1b108916885
btv1b8442159r,"Carte routière de la Tunisie / dressée par le Touring Club de France... ; (Davinière, del.)",1900,20th c.,high,bnf,,,,,none,,presumed_north,European printed cartography after 1700 is north-up by convention,early_modern,2_control_points,,small,high,roads,1,yes,roads,direct,small,https://gallica.bnf.fr/ark:/12148/btv1b8442159r
btv1b532508976,Carte routière de la Tunisie au 1er janvier 1904 / dressée par la Direction générale des Travaux publics,1904,20th c.,high,bnf,,,,,none,,presumed_north,European printed cartography after 1700 is north-up by convention,early_modern,2_control_points,,small,high,roads,1,yes,roads,direct,small,https://gallica.bnf.fr/ark:/12148/btv1b532508976
btv1b8445611k,"Plan de Mactaris (Mactar). Annexé à l'étude de M. Louis Chatelain,... chargé de mission par le Directeur des antiquités et arts du gouvernement tunisien... 1/2.000. Dressé par les soins du service topographique. (Signé : C. Baronnat, M. Paulin. Octobre 1910)",1910,20th c.,high,bnf,,,,,none,,presumed_north,European printed cartography after 1700 is north-up by convention,early_modern,2_control_points,,large,high,archaeology,1,yes,,none,large,https://gallica.bnf.fr/ark:/12148/btv1b8445611k
btv1b532581225,France. Nouvelle carte des chemins de fer,1912,20th c.,high,bnf,,,,,none,,presumed_north,European printed cartography after 1700 is north-up by convention,early_modern,2_control_points,,small,high,railways,1,yes,railways,direct,small,https://gallica.bnf.fr/ark:/12148/btv1b532581225
btv1b53258144w,"Main automobile routes of the British isles, central Europe, Algeria and Tunisia / by G. W. Bende ; and G. F. Freeborn",1912,20th c.,high,bnf,,,,,none,,presumed_north,European printed cartography after 1700 is north-up by convention,early_modern,2_control_points,,medium,high,roads,1,yes,roads,direct,medium,https://gallica.bnf.fr/ark:/12148/btv1b53258144w
btv1b530762364,"Tunisie (Proconsulaire et Byzacène), 1:1 000 000 / Gravé par R. Hausermann et A. Vilpou. [Département de Constantine, Numidie et Maurétanie sitifienne. Département d'Alger, département d'Oran, Maurétanie césarienne]",1912,20th c.,high,bnf,,,,,none,,presumed_north,European printed cartography after 1700 is north-up by convention,early_modern,2_control_points,,small,medium,archaeology,1,yes,,none,small,https://gallica.bnf.fr/ark:/12148/btv1b530762364
oai:u-bordeaux-montaigne.fr:219021,"Nouvelle carte de France, Belgique, Bords du Rhin, Suisse, etc...",1913,20th c.,medium,partner,-6.000,8.667,51.417,42.317,partner_page,0.000,presumed_north,European printed cartography after 1700 is north-up by convention,early_modern,2_control_points,no IIIF (partner-hosted); scan resolution low or unknown; image not on IIIF; fetch from the holding library,very_small,unknown,railways,1,yes,railways,indirect,very_small,https://1886.u-bordeaux-montaigne.fr/s/1886/item/219021
oai:u-bordeaux-montaigne.fr:219020,"Nouvelle carte de France, Belgique, Bords du Rhin, Suisse, etc...",1913,20th c.,medium,partner,-6.000,8.667,51.417,42.317,partner_page,0.000,presumed_north,European printed cartography after 1700 is north-up by convention,early_modern,2_control_points,no IIIF (partner-hosted); scan resolution low or unknown; image not on IIIF; fetch from the holding library,very_small,unknown,railways,1,yes,railways,indirect,very_small,https://1886.u-bordeaux-montaigne.fr/s/1886/item/219020
btv1b84457375,"Société ""les Affréteurs réunis""... Services hebdomadaires directs et distincts de Rouen et Bordeaux-Bayonne sur l'Algérie et la Tunisie, et vice versa",1913,20th c.,high,bnf,,,,,none,,presumed_north,European printed cartography after 1700 is north-up by convention,early_modern,2_control_points,,very_small,high,roads,1,yes,roads,direct,very_small,https://gallica.bnf.fr/ark:/12148/btv1b84457375
btv1b531467922,[Plans de ville de Libye],1914,20th c.,medium,bnf,,,,,none,,presumed_north,European printed cartography after 1700 is north-up by convention,early_modern,2_control_points,no stated scale,unknown,medium,settlements,1,yes,settlements,indirect,,https://gallica.bnf.fr/ark:/12148/btv1b531467922
btv1b53146788b,[Plans de ville de Libye],1914,20th c.,medium,bnf,,,,,none,,presumed_north,European printed cartography after 1700 is north-up by convention,early_modern,2_control_points,no stated scale,unknown,medium,settlements,1,yes,settlements,indirect,,https://gallica.bnf.fr/ark:/12148/btv1b53146788b
btv1b53146676n,[Plans de villes de la Libye],1914,20th c.,medium,bnf,,,,,none,,presumed_north,European printed cartography after 1700 is north-up by convention,early_modern,2_control_points,no stated scale,unknown,high,settlements,1,yes,settlements,indirect,,https://gallica.bnf.fr/ark:/12148/btv1b53146676n
btv1b53057592p,Carte des chemins de fer de l'Algérie et de la Tunisie,1914,20th c.,high,bnf,,,,,none,,presumed_north,European printed cartography after 1700 is north-up by convention,early_modern,2_control_points,,very_small,medium,railways,1,yes,railways,direct,very_small,https://gallica.bnf.fr/ark:/12148/btv1b53057592p
btv1b8458589d,Compagnie fermière des chemins de fer tunisiens,1925,20th c.,high,bnf,,,,,none,,presumed_north,European printed cartography after 1700 is north-up by convention,early_modern,2_control_points,,small,high,railways,1,yes,railways,direct,small,https://gallica.bnf.fr/ark:/12148/btv1b8458589d
btv1b8458664x,"Carte des chemins de fer de l'Algérie, de la Tunisie et du Maroc",1926,20th c.,high,bnf,,,,,none,,presumed_north,European printed cartography after 1700 is north-up by convention,early_modern,2_control_points,,very_small,high,railways,1,yes,railways,direct,very_small,https://gallica.bnf.fr/ark:/12148/btv1b8458664x
oai:u-bordeaux-montaigne.fr:340352,"Carte géologique [de la Tunisie] / Régence de Tunis, Direction générale des travaux publics ; dressé par M. Solignac, ...",1931,20th c.,high,partner,7.500,12.000,37.500,30.000,partner_page,0.883,presumed_north,European printed cartography after 1700 is north-up by convention,early_modern,2_control_points,no IIIF (partner-hosted); scan resolution low or unknown; image not on IIIF; fetch from the holding library,small,unknown,geology_mines,1,yes,geology_mines,direct,small,https://1886.u-bordeaux-montaigne.fr/s/1886/item/340352
oai:u-bordeaux-montaigne.fr:340351,"Carte géologique [de la Tunisie] / Régence de Tunis, Direction générale des travaux publics ; dressé par M. Solignac, ...",1931,20th c.,high,partner,7.500,12.000,37.500,30.000,partner_page,0.883,presumed_north,European printed cartography after 1700 is north-up by convention,early_modern,2_control_points,no IIIF (partner-hosted); scan resolution low or unknown; image not on IIIF; fetch from the holding library,small,unknown,geology_mines,1,yes,geology_mines,direct,small,https://1886.u-bordeaux-montaigne.fr/s/1886/item/340351
oai:u-bordeaux-montaigne.fr:340353,"Carte géologique [de la Tunisie] / Régence de Tunis, Direction générale des travaux publics ; dressé par M. Solignac, ...",1931,20th c.,high,partner,7.500,12.000,37.500,30.000,partner_page,0.883,presumed_north,European printed cartography after 1700 is north-up by convention,early_modern,2_control_points,no IIIF (partner-hosted); scan resolution low or unknown; image not on IIIF; fetch from the holding library,small,unknown,geology_mines,1,yes,geology_mines,direct,small,https://1886.u-bordeaux-montaigne.fr/s/1886/item/340353
btv1b53066673n,Régence de Tunis. Direction générale des travaux publics. Carte géologique / dressée par M. Soligna...,1931,20th c.,high,bnf,,,,,none,,presumed_north,European printed cartography after 1700 is north-up by convention,early_modern,2_control_points,,small,high,geology_mines,1,yes,geology_mines,direct,small,https://gallica.bnf.fr/ark:/12148/btv1b53066673n
btv1b530578955,Carte Foldex de la Tunisie,1934,20th c.,high,bnf,,,,,none,,presumed_north,European printed cartography after 1700 is north-up by convention,early_modern,2_control_points,,small,medium,roads,1,yes,roads,direct,small,https://gallica.bnf.fr/ark:/12148/btv1b530578955
btv1b53230723h,Les vins de Tunisie. Carte de vignoble,1935,20th c.,high,bnf,,,,,none,,presumed_north,European printed cartography after 1700 is north-up by convention,early_modern,2_control_points,scan resolution low or unknown,very_small,low,land_use,1,yes,land_use,direct,very_small,https://gallica.bnf.fr/ark:/12148/btv1b53230723h
btv1b531893169,"Esso, Tunisie",1948,20th c.,high,bnf,,,,,none,,presumed_north,European printed cartography after 1700 is north-up by convention,early_modern,2_control_points,,small,high,roads,1,yes,roads,direct,small,https://gallica.bnf.fr/ark:/12148/btv1b531893169
btv1b10112213f,"Air France. Carte itinéraire Dunlop. Paris-Tunis (par Lyon ou Nice), Marseille-Tunis, Marseille-Bône, Nice-Alger (par ajaccio) : [carte de route] / Édicta",1949,20th c.,high,bnf,,,,,none,,presumed_north,European printed cartography after 1700 is north-up by convention,early_modern,2_control_points,scan resolution low or unknown,very_small,low,roads,1,yes,roads,direct,very_small,https://gallica.bnf.fr/ark:/12148/btv1b10112213f
btv1b53213324v,Les gisements miniers de l'Afrique du Nord. Tunisie,1950,20th c.,high,bnf,,,,,none,,presumed_north,European printed cartography after 1700 is north-up by convention,early_modern,2_control_points,,small,high,geology_mines,1,yes,geology_mines,direct,small,https://gallica.bnf.fr/ark:/12148/btv1b53213324v
btv1b10841640c,"Italia : [carte du relief de l'Italie, de la Corse, de l'Ouest des pays des Balkans et du Nord de la Tunisie] / Jacques Bertin",1967,20th c.,high,bnf,,,,,none,,presumed_north,European printed cartography after 1700 is north-up by convention,early_modern,2_control_points,no stated scale,unknown,high,relief,1,yes,,none,,https://gallica.bnf.fr/ark:/12148/btv1b10841640c
btv1b53242287w,[Carte de la côte tunisienne avec la côte occidentale de la Sicile et Malte],,18th c.,high,bnf,,,,,none,,presumed_north,European printed cartography after 1700 is north-up by convention,early_modern,2_control_points,no stated scale,unknown,high,coastline_bathymetry,1,yes,,none,,https://gallica.bnf.fr/ark:/12148/btv1b53242287w
btv1b53242288b,"[Carte de la côte tunisienne, depuis les gardes de Bizerte jusqu'à Djerba]",,18th c.,high,bnf,,,,,none,,presumed_north,European printed cartography after 1700 is north-up by convention,early_modern,2_control_points,no stated scale,unknown,medium,coastline_bathymetry,1,yes,,none,,https://gallica.bnf.fr/ark:/12148/btv1b53242288b
btv1b532376117,[Carte des côtes algérienne et tunisienne du cap Bugaronie au cap Negro],,18th c.,high,bnf,,,,,none,,presumed_north,European printed cartography after 1700 is north-up by convention,early_modern,2_control_points,no stated scale,unknown,high,coastline_bathymetry,1,yes,,none,,https://gallica.bnf.fr/ark:/12148/btv1b532376117
btv1b53237612p,[Carte des côtes algérienne et tunisienne du cap de Garde de Bone à Raz-el Gebel],,18th c.,high,bnf,,,,,none,,presumed_north,European printed cartography after 1700 is north-up by convention,early_modern,2_control_points,scan resolution low or unknown; no stated scale,unknown,low,coastline_bathymetry,1,yes,,none,,https://gallica.bnf.fr/ark:/12148/btv1b53237612p
btv1b53237616g,[Carte des côtes algériennes depuis Ancol jusqu'au cap Bugaroni] / dressée sur les manuscripts du dépost par Lemoyne,,18th c.,medium,bnf,,,,,none,,presumed_north,European printed cartography after 1700 is north-up by convention,early_modern,2_control_points,no stated scale,unknown,high,coastline_bathymetry,1,yes,,none,,https://gallica.bnf.fr/ark:/12148/btv1b53237616g
btv1b53242286f,"[Carte des côtes algériennes et tunisiennes, depuis l'île Colombe jusqu'à Mahdia",,18th c.,high,bnf,,,,,none,,presumed_north,European printed cartography after 1700 is north-up by convention,early_modern,2_control_points,no stated scale,unknown,high,coastline_bathymetry,1,yes,,none,,https://gallica.bnf.fr/ark:/12148/btv1b53242286f
btv1b532376151,"[Carte des côtes algériennes, du cap Caxine au cap Carbon]",,18th c.,medium,bnf,,,,,none,,presumed_north,European printed cartography after 1700 is north-up by convention,early_modern,2_control_points,no stated scale,unknown,medium,coastline_bathymetry,1,yes,,none,,https://gallica.bnf.fr/ark:/12148/btv1b532376151
btv1b53237614k,"[Carte des côtes algériennes, du cap Caxine au cap de Fer]",,18th c.,medium,bnf,,,,,none,,presumed_north,European printed cartography after 1700 is north-up by convention,early_modern,2_control_points,no stated scale,unknown,medium,coastline_bathymetry,1,yes,,none,,https://gallica.bnf.fr/ark:/12148/btv1b53237614k
btv1b53235456p,"[Carte des côtes de Barbarie d'Alexandrie jusqu'à Bengasi, y compris la Crète]",,18th c.,medium,bnf,,,,,none,,presumed_north,European printed cartography after 1700 is north-up by convention,early_modern,2_control_points,no stated scale,unknown,medium,coastline_bathymetry,1,yes,,none,,https://gallica.bnf.fr/ark:/12148/btv1b53235456p
btv1b532354574,[Carte des côtes de Barbarie d'Alexandrie jusqu'à Mezorata],,18th c.,medium,bnf,,,,,none,,presumed_north,European printed cartography after 1700 is north-up by convention,early_modern,2_control_points,scan resolution low or unknown; no stated scale,unknown,low,coastline_bathymetry,1,yes,,none,,https://gallica.bnf.fr/ark:/12148/btv1b532354574
btv1b53235458k,[Carte des côtes de Barbarie d'Alexandrie jusqu'à Tripoli],,18th c.,medium,bnf,,,,,none,,presumed_north,European printed cartography after 1700 is north-up by convention,early_modern,2_control_points,no stated scale,unknown,medium,coastline_bathymetry,1,yes,,none,,https://gallica.bnf.fr/ark:/12148/btv1b53235458k
btv1b532354591,"[Carte des côtes de Barbarie, du cap Razat jusqu'à Tajoni]",,18th c.,medium,bnf,,,,,none,,presumed_north,European printed cartography after 1700 is north-up by convention,early_modern,2_control_points,scan resolution low or unknown; no stated scale,unknown,low,coastline_bathymetry,1,yes,,none,,https://gallica.bnf.fr/ark:/12148/btv1b532354591
btv1b53242280r,"[Carte des côtes de Tunisie, de la partie ouest de la Sicile, de Malte et du sud de la Sardaigne]",,18th c.,high,bnf,,,,,none,,presumed_north,European printed cartography after 1700 is north-up by convention,early_modern,2_control_points,no stated scale,unknown,high,coastline_bathymetry,1,yes,,none,,https://gallica.bnf.fr/ark:/12148/btv1b53242280r
btv1b532422816,"[Carte des côtes de Tunisie, de la partie ouest de la Sicile, de Malte et du sud de la Sardaigne]",,18th c.,high,bnf,,,,,none,,presumed_north,European printed cartography after 1700 is north-up by convention,early_modern,2_control_points,no stated scale,unknown,high,coastline_bathymetry,1,yes,,none,,https://gallica.bnf.fr/ark:/12148/btv1b532422816
btv1b53242277g,"[Carte des côtes du royaume de Tunis, du golfe de Gabès jusqu'à la Calle] / Michel-Angelo Farrugia, piloto maltese",,18th c.,high,bnf,,,,,none,,presumed_north,European printed cartography after 1700 is north-up by convention,early_modern,2_control_points,no stated scale,unknown,high,coastline_bathymetry,1,yes,,none,,https://gallica.bnf.fr/ark:/12148/btv1b53242277g
btv1b53236709f,[Carte des côtes libyennes et égyptiennes depuis le cap de la Jouliane jusqu'à Alexandrie],,18th c.,medium,bnf,,,,,none,,presumed_north,European printed cartography after 1700 is north-up by convention,early_modern,2_control_points,no stated scale,unknown,high,coastline_bathymetry,1,yes,,none,,https://gallica.bnf.fr/ark:/12148/btv1b53236709f
btv1b53242284j,"[Carte des côtes orientales de l'Algérie, de la Tunisie, de la partie ouest de la Sicile et du sud de la Sardaigne]",,18th c.,high,bnf,,,,,none,,presumed_north,European printed cartography after 1700 is north-up by convention,early_modern,2_control_points,no stated scale,unknown,high,coastline_bathymetry,1,yes,,none,,https://gallica.bnf.fr/ark:/12148/btv1b53242284j
btv1b53235469f,[Carte du cap Afrique à l'île de Djerba] / par Mr de Chabert,,18th c.,high,bnf,,,,,none,,presumed_north,European printed cartography after 1700 is north-up by convention,early_modern,2_control_points,no stated scale,unknown,medium,coastline_bathymetry,1,yes,,none,,https://gallica.bnf.fr/ark:/12148/btv1b53235469f
btv1b53235470t,[Carte du cap Mesurat au fort anglais],,18th c.,medium,bnf,,,,,none,,presumed_north,European printed cartography after 1700 is north-up by convention,early_modern,2_control_points,no stated scale,unknown,medium,fortifications,1,yes,,none,,https://gallica.bnf.fr/ark:/12148/btv1b53235470t
btv1b532354646,"[Côte de Barbarie, depuis le cap Mesurat à l'île de la Bombe]",,18th c.,medium,bnf,,,,,none,,presumed_north,European printed cartography after 1700 is north-up by convention,early_modern,2_control_points,no stated scale,unknown,medium,coastline_bathymetry,1,yes,,none,,https://gallica.bnf.fr/ark:/12148/btv1b532354646
btv1b532354718,"[Côte de Barbarie, depuis le cap Mesurat jusqu'aux îles les frères de Biserte]",,18th c.,high,bnf,,,,,none,,presumed_north,European printed cartography after 1700 is north-up by convention,early_modern,2_control_points,no stated scale,unknown,medium,coastline_bathymetry,1,yes,,none,,https://gallica.bnf.fr/ark:/12148/btv1b532354718
btv1b53235461v,"[Côte de Barbarie, depuis le cap Razat jusqu'à Alexandrie]",,18th c.,medium,bnf,,,,,none,,presumed_north,European printed cartography after 1700 is north-up by convention,early_modern,2_control_points,no stated scale,unknown,medium,coastline_bathymetry,1,yes,,none,,https://gallica.bnf.fr/ark:/12148/btv1b53235461v
btv1b532354629,"[Côte de Barbarie, depuis le cap Rohat jusqu'au cap Brulo]",,18th c.,medium,bnf,,,,,none,,presumed_north,European printed cartography after 1700 is north-up by convention,early_modern,2_control_points,no stated scale,unknown,medium,coastline_bathymetry,1,yes,,none,,https://gallica.bnf.fr/ark:/12148/btv1b532354629
btv1b53235463r,"[Côte de Barbarie, depuis Ras-al-sem à Alexandrie]",,18th c.,medium,bnf,,,,,none,,presumed_north,European printed cartography after 1700 is north-up by convention,early_modern,2_control_points,no stated scale,unknown,medium,coastline_bathymetry,1,yes,,none,,https://gallica.bnf.fr/ark:/12148/btv1b53235463r
btv1b53237569h,"[Côtes de Barbarie, depuis Bougie jusqu'à Bizerte]",,18th c.,high,bnf,,,,,none,,presumed_north,European printed cartography after 1700 is north-up by convention,early_modern,2_control_points,no stated scale,unknown,medium,coastline_bathymetry,1,yes,,none,,https://gallica.bnf.fr/ark:/12148/btv1b53237569h
btv1b53237603q,[Ile de la Galite],,18th c.,high,bnf,,,,,none,,presumed_north,European printed cartography after 1700 is north-up by convention,early_modern,2_control_points,no stated scale,unknown,medium,coastline_bathymetry,1,yes,,none,,https://gallica.bnf.fr/ark:/12148/btv1b53237603q
btv1b532830203,[Model des cartes dressée pour les 6 divisions],,18th c.,high,bnf,,,,,none,,presumed_north,European printed cartography after 1700 is north-up by convention,early_modern,2_control_points,,very_small,high,coastline_bathymetry,1,yes,,none,very_small,https://gallica.bnf.fr/ark:/12148/btv1b532830203
btv1b532376028,[Plan géométrique de l'île de la Galite],,18th c.,high,bnf,,,,,none,,presumed_north,European printed cartography after 1700 is north-up by convention,early_modern,2_control_points,no stated scale,unknown,medium,coastline_bathymetry,1,yes,,none,,https://gallica.bnf.fr/ark:/12148/btv1b532376028
btv1b53293507m,"A Chart of the Sea Coast of Italy, Sicily and part of Barbary",,18th c.,high,bnf,,,,,none,,presumed_north,European printed cartography after 1700 is north-up by convention,chart,2_control_points,,very_small,high,coastline_bathymetry,1,yes,,none,very_small,https://gallica.bnf.fr/ark:/12148/btv1b53293507m
btv1b53242278x,"Carte d'une partie des cotes des Roy[au]mes d'Alger et de Tunis, depuis Bonne jusqu'a Biserte",,18th c.,high,bnf,,,,,none,,presumed_north,European printed cartography after 1700 is north-up by convention,early_modern,2_control_points,no stated scale,unknown,medium,coastline_bathymetry,1,yes,,none,,https://gallica.bnf.fr/ark:/12148/btv1b53242278x
btv1b10850771d,"Carte de la côte depuis le cap Sebibes, Porte Farine, La Goulette, Bizerty jusque au Cap Bon",,18th c.,high,bnf,,,,,none,,presumed_north,European printed cartography after 1700 is north-up by convention,early_modern,2_control_points,no stated scale,unknown,high,coastline_bathymetry,1,yes,,none,,https://gallica.bnf.fr/ark:/12148/btv1b10850771d
btv1b53237595z,Côte d'Afrique près [de] Tunis,,,high,bnf,,,,,none,,presumed_north,European printed cartography after 1700 is north-up by convention,early_modern,2_control_points,no stated scale,unknown,medium,coastline_bathymetry,1,yes,,none,,https://gallica.bnf.fr/ark:/12148/btv1b53237595z
btv1b53237545w,Idée du port de Lampedouze,,18th c.,medium,bnf,,,,,none,,presumed_north,European printed cartography after 1700 is north-up by convention,early_modern,2_control_points,no stated scale,unknown,medium,coastline_bathymetry,1,yes,,none,,https://gallica.bnf.fr/ark:/12148/btv1b53237545w
btv1b532974906,"Mer Méditerranée : seconde feuille contenant l'Italie, Sicile, Golphe de Venise, Costes de Dalmatie, Albanie, et partie de celles de Barbarie",,18th c.,high,bnf,,,,,none,,presumed_north,European printed cartography after 1700 is north-up by convention,early_modern,2_control_points,no stated scale,unknown,high,coastline_bathymetry,1,yes,,none,,https://gallica.bnf.fr/ark:/12148/btv1b532974906
btv1b53237570w,"Plan de la côte et Seches de Barbarie, depuis Zerbi jusqu'à Suza...",,18th c.,high,bnf,,,,,none,,presumed_north,European printed cartography after 1700 is north-up by convention,early_modern,2_control_points,no stated scale,unknown,high,coastline_bathymetry,1,yes,,none,,https://gallica.bnf.fr/ark:/12148/btv1b53237570w
btv1b10850772v,Plan de la rade de Bizerty. Ms. 18e siècle,,18th c.,high,bnf,,,,,none,,presumed_north,European printed cartography after 1700 is north-up by convention,early_modern,2_control_points,no stated scale,unknown,high,coastline_bathymetry,1,yes,,none,,https://gallica.bnf.fr/ark:/12148/btv1b10850772v
btv1b10850767p,Plan de la rade de Portofarine. Ms.,,18th c.,high,bnf,,,,,none,,presumed_north,European printed cartography after 1700 is north-up by convention,early_modern,2_control_points,no stated scale,unknown,high,coastline_bathymetry,1,yes,,none,,https://gallica.bnf.fr/ark:/12148/btv1b10850767p
btv1b10850770z,Plan de la rade de Tunis,,18th c.,high,bnf,,,,,none,,presumed_north,European printed cartography after 1700 is north-up by convention,early_modern,2_control_points,no stated scale,unknown,high,coastline_bathymetry,1,yes,,none,,https://gallica.bnf.fr/ark:/12148/btv1b10850770z
btv1b53237571b,Plan de lisle Lapedosa,,18th c.,medium,bnf,,,,,none,,presumed_north,European printed cartography after 1700 is north-up by convention,early_modern,2_control_points,scan resolution low or unknown; no stated scale,unknown,low,coastline_bathymetry,1,yes,,none,,https://gallica.bnf.fr/ark:/12148/btv1b53237571b
btv1b532422905,Plan de Monestier à la porte orientale de Tunis,,18th c.,high,bnf,,,,,none,,presumed_north,European printed cartography after 1700 is north-up by convention,early_modern,2_control_points,no stated scale,unknown,high,coastline_bathymetry,1,yes,,none,,https://gallica.bnf.fr/ark:/12148/btv1b532422905
btv1b108507667,Plan du Cap Negre,,18th c.,high,bnf,,,,,none,,presumed_north,European printed cartography after 1700 is north-up by convention,early_modern,2_control_points,no stated scale,unknown,high,coastline_bathymetry,1,yes,,none,,https://gallica.bnf.fr/ark:/12148/btv1b108507667
btv1b532376045,Plan du cap Nègre en Barbarie,,18th c.,high,bnf,,,,,none,,presumed_north,European printed cartography after 1700 is north-up by convention,early_modern,2_control_points,no stated scale,unknown,high,coastline_bathymetry,1,yes,,none,,https://gallica.bnf.fr/ark:/12148/btv1b532376045
btv1b53237605m,Plan du cap Nègre en Barbarie,,18th c.,high,bnf,,,,,none,,presumed_north,European printed cartography after 1700 is north-up by convention,early_modern,2_control_points,no stated scale,unknown,medium,coastline_bathymetry,1,yes,,none,,https://gallica.bnf.fr/ark:/12148/btv1b53237605m
btv1b532375989,Plan et perspective de Tabarque,,18th c.,high,bnf,,,,,none,,presumed_north,European printed cartography after 1700 is north-up by convention,early_modern,2_control_points,no stated scale,unknown,medium,coastline_bathymetry,1,yes,,none,,https://gallica.bnf.fr/ark:/12148/btv1b532375989
btv1b53237601t,Plan géométrique de l'île de la Galita vers la côte de Barbarie / levé par le capitaine Lazare Giove d'Ajaccio... ; dessiné par B.my Benoist,,18th c.,high,bnf,,,,,none,,presumed_north,European printed cartography after 1700 is north-up by convention,early_modern,2_control_points,no stated scale,unknown,medium,coastline_bathymetry,1,yes,,none,,https://gallica.bnf.fr/ark:/12148/btv1b53237601t
btv1b53237600c,Plan géométrique de l'île de la Galita vers la côte de Barbarie / levé par le capitaine Lazare Giove d'Ajaccio... fini par J. B.te Adanson,,18th c.,high,bnf,,,,,none,,presumed_north,European printed cartography after 1700 is north-up by convention,early_modern,2_control_points,no stated scale,unknown,medium,coastline_bathymetry,1,yes,,none,,https://gallica.bnf.fr/ark:/12148/btv1b53237600c
btv1b53237572s,Port de Lampedouze,,18th c.,medium,bnf,,,,,none,,presumed_north,European printed cartography after 1700 is north-up by convention,early_modern,2_control_points,scan resolution low or unknown; no stated scale,unknown,low,coastline_bathymetry,1,yes,,none,,https://gallica.bnf.fr/ark:/12148/btv1b53237572s
btv1b532375737,Rade de Monestier,,18th c.,high,bnf,,,,,none,,presumed_north,European printed cartography after 1700 is north-up by convention,early_modern,2_control_points,no stated scale,unknown,medium,coastline_bathymetry,1,yes,,none,,https://gallica.bnf.fr/ark:/12148/btv1b532375737
btv1b8458786v,Sbeitla... Les renseignements relatifs aux ruines... ont été / recueillis... par MM Bellot ; Fourmereau ; Hardy ; Morand ; et Rouget,,19th c.,high,bnf,,,,,none,,presumed_north,European printed cartography after 1700 is north-up by convention,early_modern,2_control_points,no stated scale,unknown,medium,archaeology,1,yes,,none,,https://gallica.bnf.fr/ark:/12148/btv1b8458786v
btv1b84414923,Carte des chemins de fer de l'Algérie et de la Tunisie,,20th c.,high,bnf,,,,,none,,presumed_north,European printed cartography after 1700 is north-up by convention,early_modern,2_control_points,,very_small,medium,railways,1,yes,railways,direct,very_small,https://gallica.bnf.fr/ark:/12148/btv1b84414923
btv1b8446063j,Carte des chemins de fer de l'Algérie et de la Tunisie,,20th c.,high,bnf,,,,,none,,presumed_north,European printed cartography after 1700 is north-up by convention,early_modern,2_control_points,,very_small,medium,railways,1,yes,railways,direct,very_small,https://gallica.bnf.fr/ark:/12148/btv1b8446063j
btv1b53121094z,"Distrito de Beja. Planta do concelho de Cuba, extraida da planta cadastral",,20th c.,low,bnf,,,,,none,,presumed_north,European printed cartography after 1700 is north-up by convention,early_modern,2_control_points,,large,high,urban_fabric,1,yes,urban_fabric,indirect,large,https://gallica.bnf.fr/ark:/12148/btv1b53121094z
oai:u-bordeaux-montaigne.fr:245789,"Carte de France : départements & chemins-de-fer, Belgique, bords du Rhin, Suisse, etc",,20th c.,medium,partner,-5.500,8.500,51.500,42.000,partner_page,0.000,presumed_north,European printed cartography after 1700 is north-up by convention,early_modern,2_control_points,no IIIF (partner-hosted); scan resolution low or unknown; image not on IIIF; fetch from the holding library,very_small,unknown,roads,1,yes,roads,indirect,very_small,https://1886.u-bordeaux-montaigne.fr/s/1886/item/245789
btv1b8595360n,La Costa di Barbaria da C. Rosa sino all'chercheni com'anche l'I. di Sicilia e parte di quella di Sardigna,1700,18th c.,high,bnf,,,,,none,,presumed_north,European printed cartography after 1700 is north-up by convention,early_modern,2_control_points,no stated scale,unknown,high,,0,no,,none,,https://gallica.bnf.fr/ark:/12148/btv1b8595360n
btv1b8595369c,Tunesi,1700,18th c.,high,bnf,,,,,none,,presumed_north,European printed cartography after 1700 is north-up by convention,early_modern,2_control_points,no stated scale,unknown,medium,,0,no,,none,,https://gallica.bnf.fr/ark:/12148/btv1b8595369c
btv1b84685517,"Partie occidentale d'Afrique où se trouve (sic) les isles Canaries et du Cap Vert..., les royaumes d'Alger et de Tunis..., la Nigritie et la Guinée / par N. de Fer...",1702,18th c.,high,bnf,,,,,none,,presumed_north,European printed cartography after 1700 is north-up by convention,early_modern,2_control_points,no stated scale,unknown,medium,,0,no,,none,,https://gallica.bnf.fr/ark:/12148/btv1b84685517
btv1b53214026z,"Estats de l'Empire du Grand Seigneur dit Sultan et Ottomans, empereur des Turcs, dans trois parties du monde sçavoir en Europe, en Asie, et en Afrique / Dressé par Antoine Menard",1711,18th c.,high,bnf,,,,,none,,presumed_north,European printed cartography after 1700 is north-up by convention,early_modern,2_control_points,scan resolution low or unknown; no stated scale,unknown,low,,0,no,,none,,https://gallica.bnf.fr/ark:/12148/btv1b53214026z
btv1b8494393g,"Plan de l'Isle de Tabarco / Levé par le sieur Verguin, ...",1732,18th c.,high,bnf,,,,,none,,presumed_north,European printed cartography after 1700 is north-up by convention,early_modern,2_control_points,,large,medium,,0,no,,none,large,https://gallica.bnf.fr/ark:/12148/btv1b8494393g
btv1b8495504g,Plan de la bataille de Thapse en Afrique gagnée par Jule César contre Q. Scipion et le roy Juba l'an de Rome 707,1732,18th c.,high,bnf,,,,,none,,presumed_north,European printed cartography after 1700 is north-up by convention,early_modern,2_control_points,no stated scale,unknown,medium,,0,no,,none,,https://gallica.bnf.fr/ark:/12148/btv1b8495504g
btv1b530589500,Plan de la bataille de Thapse en Afrique gagnée par Jule César contre Q. Scipion et le roy Juba l'an de Rome 707,1732,18th c.,high,bnf,,,,,none,,presumed_north,European printed cartography after 1700 is north-up by convention,early_modern,2_control_points,scan resolution low or unknown; no stated scale,unknown,low,,0,no,,none,,https://gallica.bnf.fr/ark:/12148/btv1b530589500
btv1b531216373,"Cartagena in Terra firma Americae sita, ichnographice repraesentata et recusa / ab Homan Heredibus",1740,18th c.,high,bnf,,,,,none,,presumed_north,European printed cartography after 1700 is north-up by convention,early_modern,2_control_points,scan resolution low or unknown; no stated scale,unknown,low,,0,no,,none,,https://gallica.bnf.fr/ark:/12148/btv1b531216373
btv1b8595344j,Costes de Barbarie contenant les royaumes d'Alger et de Tunis / [Bellin],1740,18th c.,high,bnf,,,,,none,,presumed_north,European printed cartography after 1700 is north-up by convention,chart,2_control_points,no stated scale,unknown,medium,,0,no,,none,,https://gallica.bnf.fr/ark:/12148/btv1b8595344j
btv1b8595381t,Plan de l'isle de Tabarque à la coste de Barbarie / [Bellin],1740,18th c.,high,bnf,,,,,none,,presumed_north,European printed cartography after 1700 is north-up by convention,chart,2_control_points,scan resolution low or unknown; no stated scale,unknown,low,,0,no,,none,,https://gallica.bnf.fr/ark:/12148/btv1b8595381t
btv1b8595377x,Plan de port Farine / [Bellin],1740,18th c.,high,bnf,,,,,none,,presumed_north,European printed cartography after 1700 is north-up by convention,chart,2_control_points,scan resolution low or unknown; no stated scale,unknown,low,,0,no,,none,,https://gallica.bnf.fr/ark:/12148/btv1b8595377x
btv1b8592051q,Atlas coelestis. Phaenomena circa quantitatem dierum artificialium et solarium perpetuomutabilem ex hypothesi copernicana deducta / a Ioh. Gab. Doppelmaiero,1742,18th c.,unverified,bnf,,,,,none,,presumed_north,European printed cartography after 1700 is north-up by convention,early_modern,2_control_points,no stated scale,unknown,high,,0,no,,none,,https://gallica.bnf.fr/ark:/12148/btv1b8592051q
btv1b85953590,Carte du royaume de Tunis,1743,18th c.,high,bnf,,,,,none,,presumed_north,European printed cartography after 1700 is north-up by convention,early_modern,2_control_points,no stated scale,unknown,high,,0,no,,none,,https://gallica.bnf.fr/ark:/12148/btv1b85953590
btv1b84693899,"Carte de l'Afrique propre, aujourd'hui le royaume de Tunis, pour servir... à l'analyse de la campagne de Jules César...",1758,18th c.,high,bnf,,,,,none,,presumed_north,European printed cartography after 1700 is north-up by convention,early_modern,2_control_points,no stated scale,unknown,high,,0,no,,none,,https://gallica.bnf.fr/ark:/12148/btv1b84693899
btv1b8595358k,Golfo de Tunez conforme al de M. Bellin / por Don Tomas Lopez,1785,18th c.,high,bnf,,,,,none,,presumed_north,European printed cartography after 1700 is north-up by convention,early_modern,2_control_points,scan resolution low or unknown; no stated scale,unknown,low,,0,no,,none,,https://gallica.bnf.fr/ark:/12148/btv1b8595358k
btv1b525059495,"Carte comparée des Régences d'Alger et de Tunis / Dressée par le Chev. Lapie, 1er Géographe du Roi, ... ; Les noms anciens ont été revus par Mr le Chev. Hase, ... ; les noms arabes par Mr le Chev. Jaubert, ... ; Gravé par Flahaut ; écrit par Lallemant",1829,19th c.,high,bnf,,,,,none,,presumed_north,European printed cartography after 1700 is north-up by convention,early_modern,2_control_points,,very_small,high,,0,no,,none,very_small,https://gallica.bnf.fr/ark:/12148/btv1b525059495
btv1b8446462h,"Carte des principales eaux minérales de France / par C. E. S. Gaultier de Claubry, docteur en médecine...",1830,19th c.,unverified,bnf,,,,,none,,presumed_north,European printed cartography after 1700 is north-up by convention,early_modern,2_control_points,no stated scale,unknown,high,,0,no,,none,,https://gallica.bnf.fr/ark:/12148/btv1b8446462h
btv1b55011233p,"Carte du nord de l'Afrique, comprenant les régences de Tunis, d'Alger et de Maroc, pour l'intelligence de l'expédition d'Alger... / par Darmet, 1830",1830,19th c.,high,bnf,,,,,none,,presumed_north,European printed cartography after 1700 is north-up by convention,early_modern,2_control_points,no stated scale,unknown,high,,0,no,,none,,https://gallica.bnf.fr/ark:/12148/btv1b55011233p
btv1b53098491f,"Nouvelle carte des régences d'Alger, de Tunis, de Tripoli, et de l'Empire de Maroc / dressée d'après les matériaux les plus récents par L. Berthe...",1830,19th c.,high,bnf,,,,,none,,presumed_north,European printed cartography after 1700 is north-up by convention,early_modern,2_control_points,,very_small,high,,0,no,,none,very_small,https://gallica.bnf.fr/ark:/12148/btv1b53098491f
btv1b84919214,"Royaumes d'Alger, de Fez, de Tunis, et de Tripoli / par Bonne, ... ; Revu et augmenté par Hérisson",1830,19th c.,high,bnf,,,,,none,,presumed_north,European printed cartography after 1700 is north-up by convention,early_modern,2_control_points,,very_small,medium,,0,no,,none,very_small,https://gallica.bnf.fr/ark:/12148/btv1b84919214
btv1b530353737,"Carte de la colonie française d'Alger, de la régence de Tunis et de la partie nord de l'empire de Maroc / par J. M. Darmet ; la lettre gravée par Abel Malo",1836,19th c.,high,bnf,-6.850,16.333,43.933,32.967,unimarc_123,0.074,presumed_north,European printed cartography after 1700 is north-up by convention,early_modern,2_control_points,,very_small,high,,0,no,,none,very_small,https://gallica.bnf.fr/ark:/12148/btv1b530353737
btv1b530351348,"Carte des régences d'Alger, de Tunis et de Tripoli, avec l'empire de Maroc : comprenant aussi tout le bassin intérieur de la Méditerranée et une grande partie des États qui forment ses limites européennes / par Hérisson, géog[raph]e ; gravé par J. B. Tardieu",1840,19th c.,high,bnf,-9.133,16.633,44.200,32.483,unimarc_123,0.069,presumed_north,European printed cartography after 1700 is north-up by convention,early_modern,2_control_points,,very_small,high,,0,no,,none,very_small,https://gallica.bnf.fr/ark:/12148/btv1b530351348
btv1b530984885,"Carte des Régences d'Alger, de Tunis et de Tripoli, avec l'Empire de Maroc, comprenant aussi tout le bassin intérieur de la Méditerranée et une grande partie des Etats qui forment ses limites européennes / par Hérisson... ; Gravé par J.B. Tardieu",1840,19th c.,high,bnf,,,,,none,,presumed_north,European printed cartography after 1700 is north-up by convention,early_modern,2_control_points,,very_small,high,,0,no,,none,very_small,https://gallica.bnf.fr/ark:/12148/btv1b530984885
btv1b530880672,"Carte du gouvernement d'Alger comprenant l'empire de Maroc, la régence de Tunis et une partie du grand désert / par A. R. Frémin géographe ; gravée sur acier par Bénard",1840,19th c.,high,bnf,-12.917,31.250,44.917,22.000,math_data_text,0.030,presumed_north,European printed cartography after 1700 is north-up by convention,early_modern,2_control_points,,very_small,medium,,0,no,,none,very_small,https://gallica.bnf.fr/ark:/12148/btv1b530880672
btv1b53088066m,"Carte du gouvernement d'Alger comprenant l'empire de Maroc, la régence de Tunis et une partie du grand désert / par A. R. Fremin, géographe ; gravée sur acier par Bénard ; imp[rim]ée par Folliau",1840,19th c.,high,bnf,-12.917,31.250,44.917,22.000,unimarc_123,0.030,presumed_north,European printed cartography after 1700 is north-up by convention,early_modern,2_control_points,,very_small,high,,0,no,,none,very_small,https://gallica.bnf.fr/ark:/12148/btv1b53088066m
btv1b530875502,Carte de l'Algérie au sud de Guelma depuis le mont Auress jusqu'à la limite de Tunis dressée en totalité en 1838 au moyen de renseignements fournis par les indigènes / par le général Duvivier ; gravé et imprimé chez Gratia,1841,19th c.,high,bnf,6.617,10.217,37.000,35.000,unimarc_123,0.757,presumed_north,European printed cartography after 1700 is north-up by convention,early_modern,2_control_points,,small,high,,0,no,,none,small,https://gallica.bnf.fr/ark:/12148/btv1b530875502
btv1b530252651,"Carte des régences d'Alger, de Tunis et de Tripoli, avec l'empire de Maroc... / par Hérisson, ,... ; Gravé par J.B. Tardieu",1841,19th c.,high,bnf,,,,,none,,presumed_north,European printed cartography after 1700 is north-up by convention,early_modern,2_control_points,,very_small,high,,0,no,,none,very_small,https://gallica.bnf.fr/ark:/12148/btv1b530252651
btv1b53087678v,Canevas géographique de la partie méridionale des régences d'Alger et de Tunis / dressé par E. Carette... ; gravé par L. Bouffard ; lith. Lemercier,1843,19th c.,high,bnf,-3.667,11.333,38.000,30.000,unimarc_123,0.234,presumed_north,European printed cartography after 1700 is north-up by convention,early_modern,2_control_points,,very_small,high,,0,no,,none,very_small,https://gallica.bnf.fr/ark:/12148/btv1b53087678v
btv1b53098489m,"Carte des Régences d'Alger, de Tunis, et de Tripoli, avec l'Empire de Maroc... / par Hérisson.... ; Gravé par J.B. Tardieu...",1843,19th c.,high,bnf,,,,,none,,presumed_north,European printed cartography after 1700 is north-up by convention,early_modern,2_control_points,,very_small,high,,0,no,,none,very_small,https://gallica.bnf.fr/ark:/12148/btv1b53098489m
btv1b53119590h,"Carte de l'Algérie et de la Régence de Tunis / Publiée par J. Andriveau-Goujon ; D'après les documents du Dépôt de la Guerre, et du Dépôt de la Marine",1844,19th c.,high,bnf,-2.667,11.333,37.500,30.000,math_data_text,0.266,presumed_north,European printed cartography after 1700 is north-up by convention,early_modern,2_control_points,,very_small,high,,0,no,,none,very_small,https://gallica.bnf.fr/ark:/12148/btv1b53119590h
btv1b53088205f,"Carte des pays barbaresques du nord de l'Afrique : Afrique française et empire de Maroc pour servir à l'intelligence des opérations militaires et politiques de la France et de l'Espagne / dressée par A. Vuillemin,...",1844,19th c.,high,bnf,-9.767,10.633,38.733,32.300,unimarc_123,0.126,presumed_north,European printed cartography after 1700 is north-up by convention,early_modern,2_control_points,no stated scale,unknown,high,,0,no,,none,,https://gallica.bnf.fr/ark:/12148/btv1b53088205f
btv1b84693936,"Carte du Nord-Ouest de l'Afrique comprenant l'empire de Maroc, l'Algérie et la régence de Tunis...",1844,19th c.,high,bnf,,,,,none,,presumed_north,European printed cartography after 1700 is north-up by convention,early_modern,2_control_points,,very_small,high,,0,no,,none,very_small,https://gallica.bnf.fr/ark:/12148/btv1b84693936
btv1b530886032,"Carte du Nord-Ouest de l'Afrique, comprenant l'empire de Maroc, l'Algérie et la régence de Tunis...",1844,19th c.,high,bnf,,,,,none,,presumed_north,European printed cartography after 1700 is north-up by convention,early_modern,2_control_points,,very_small,high,,0,no,,none,very_small,https://gallica.bnf.fr/ark:/12148/btv1b530886032
btv1b53088018f,"Carte générale de l'Algérie comprenant l'empire de Maroc de la régence de Tunis dressée d'après les derniers documents... / par A.-R. Frémin, ingénieur-géographe ; gravée par Ch. Leclercq ; et I[sido]re Dalmont",1847,19th c.,high,bnf,-9.767,12.500,43.283,31.817,unimarc_123,0.092,presumed_north,European printed cartography after 1700 is north-up by convention,early_modern,2_control_points,,very_small,high,,0,no,,none,very_small,https://gallica.bnf.fr/ark:/12148/btv1b53088018f
btv1b53172837r,"Carte de l'Empire Ottoman, en Europe et en Asie / publié par J. Andriveau-Goujon",1853,19th c.,high,bnf,,,,,none,,presumed_north,European printed cartography after 1700 is north-up by convention,early_modern,2_control_points,,very_small,high,,0,no,,none,very_small,https://gallica.bnf.fr/ark:/12148/btv1b53172837r
btv1b531360851,"Carte de l'Empire Ottoman, en Europe et en Asie / publié par J. Andriveau-Goujon",1853,19th c.,high,bnf,13.500,51.500,48.900,27.500,unimarc_123,0.000,presumed_north,European printed cartography after 1700 is north-up by convention,early_modern,2_control_points,,very_small,high,,0,no,,none,very_small,https://gallica.bnf.fr/ark:/12148/btv1b531360851
btv1b53136235q,"Carte de la Régence de Tunis / par E. Pellissier, membre de la Commission scientifique d'Algérie ; gravé par les f[rè]res Avril",1853,19th c.,high,bnf,11.783,4.833,38.000,32.333,unimarc_123,,presumed_north,European printed cartography after 1700 is north-up by convention,early_modern,2_control_points,,small,high,,0,no,,none,small,https://gallica.bnf.fr/ark:/12148/btv1b53136235q
btv1b8490524p,Carte de l'Algérie (provinces d'Alger et de Constantine) et Tunisie... / par V. A. Malte-Brun,1860,19th c.,high,bnf,,,,,none,,presumed_north,European printed cartography after 1700 is north-up by convention,early_modern,2_control_points,scan resolution low or unknown,very_small,low,,0,no,,none,very_small,https://gallica.bnf.fr/ark:/12148/btv1b8490524p
btv1b530985839,"Exploration du Sahara, années 1859, 1860, 1861. Carte du plateau central du Sahara comprenant le pays des Touareg du Nord, le Sahara algérien, tunisien et tripolitain, par Henri Duveyrier. 1 : 3 000 000 . Dessiné par E. Desbuissons",1861,19th c.,high,bnf,,,,,none,,presumed_north,European printed cartography after 1700 is north-up by convention,early_modern,2_control_points,no stated scale,unknown,high,,0,no,,none,,https://gallica.bnf.fr/ark:/12148/btv1b530985839
btv1b53146681t,"Originalkarte des nördl. von Ghadāmĕs & im Grenzgebiete v. Algier, Tunis & Tripoli... / Henry Duveyrier",1861,19th c.,high,bnf,,,,,none,,presumed_north,European printed cartography after 1700 is north-up by convention,early_modern,2_control_points,scan resolution low or unknown,very_small,low,,0,no,,none,very_small,https://gallica.bnf.fr/ark:/12148/btv1b53146681t
bpt6k9618179r,"Atlas du Cosmos, contenant les cartes géographiques, physiques, thermiques... applicables à tous les ouvrages de sciences physiques et naturelles et particulièrement aux oeuvres d'Alexandre de Humboldt et de François Arago / dressées par M. Vuillemin ; gravées sur acier par M. Jacobs ; sous la direction de M. J.-A. Barral",1867,19th c.,unverified,bnf,,,,,none,,presumed_north,European printed cartography after 1700 is north-up by convention,early_modern,2_control_points,no stated scale,unknown,medium,,0,no,,none,,https://gallica.bnf.fr/ark:/12148/bpt6k9618179r
btv1b8445058x,"Algérie, Tunisie et Sahara central, carte / dressée et dessinée par J. V. Barbier, pour servir particulièrement à l'intelligence des évenements actuels et notamment à suivre les deux explorations du colonel Flatters",1880,19th c.,high,bnf,,,,,none,,presumed_north,European printed cartography after 1700 is north-up by convention,early_modern,2_control_points,,very_small,medium,,0,no,,none,very_small,https://gallica.bnf.fr/ark:/12148/btv1b8445058x
btv1b53021004z,"Environs de Bizerte (Tunisie), 1880",1880,19th c.,high,bnf,,,,,none,,presumed_north,European printed cartography after 1700 is north-up by convention,early_modern,2_control_points,,large,high,,0,no,,none,large,https://gallica.bnf.fr/ark:/12148/btv1b53021004z
btv1b53081058p,"Algérie - Tunisie, carte du théâtre de la guerre / gravée par L. Sonnet",1881,19th c.,high,bnf,-2.667,9.667,37.667,32.000,unimarc_123,0.173,presumed_north,European printed cartography after 1700 is north-up by convention,early_modern,2_control_points,,very_small,medium,,0,no,,none,very_small,https://gallica.bnf.fr/ark:/12148/btv1b53081058p
btv1b8443311x,Association universelle des travailleurs en chaussures... Panorama du théâtre de la guerre...,1881,19th c.,high,bnf,,,,,none,,presumed_north,European printed cartography after 1700 is north-up by convention,early_modern,2_control_points,no stated scale,unknown,medium,,0,no,,none,,https://gallica.bnf.fr/ark:/12148/btv1b8443311x
btv1b53069923r,Carta speciale della Reggenza di Tunisi e delle regioni limitrofe costrutta e disegnata. .. da Guido Cora,1881,19th c.,high,bnf,,,,,none,,presumed_north,European printed cartography after 1700 is north-up by convention,early_modern,2_control_points,,very_small,medium,,0,no,,none,very_small,https://gallica.bnf.fr/ark:/12148/btv1b53069923r
btv1b53081303h,Carte de l'Algérie et de la Tunisie / gravée par L. Sonnet,1881,19th c.,high,bnf,-6.000,12.000,39.000,30.000,unimarc_123,0.186,presumed_north,European printed cartography after 1700 is north-up by convention,early_modern,2_control_points,,very_small,medium,,0,no,,none,very_small,https://gallica.bnf.fr/ark:/12148/btv1b53081303h
btv1b53021186j,Carte de la Régence de Tunis,1881,19th c.,high,bnf,,,,,none,,presumed_north,European printed cartography after 1700 is north-up by convention,early_modern,2_control_points,,small,high,,0,no,,none,small,https://gallica.bnf.fr/ark:/12148/btv1b53021186j
btv1b8458760m,Carte de la Tunisie et de l'Algérie orientale / dressée par Ed. Dumas-Vorzet,1881,19th c.,high,bnf,,,,,none,,presumed_north,European printed cartography after 1700 is north-up by convention,early_modern,2_control_points,,very_small,high,,0,no,,none,very_small,https://gallica.bnf.fr/ark:/12148/btv1b8458760m
btv1b530789010,Carte de la Tunisie et de l'Algérie orientale / dressée par Ed. Dumas-Vorzet,1881,19th c.,high,bnf,,,,,none,,presumed_north,European printed cartography after 1700 is north-up by convention,early_modern,2_control_points,,small,medium,,0,no,,none,small,https://gallica.bnf.fr/ark:/12148/btv1b530789010
btv1b84389986,Carte du théâtre de la guerre en Tunïsie / dressée par Ch. Lasailly,1881,19th c.,high,bnf,,,,,none,,presumed_north,European printed cartography after 1700 is north-up by convention,early_modern,2_control_points,,very_small,high,,0,no,,none,very_small,https://gallica.bnf.fr/ark:/12148/btv1b84389986
btv1b8438941d,Carte de l'Egypte. 1/1 950 000. Tirage de juillet 1882. (Publiée par le Dépôt de la guerre.),1882,19th c.,unverified,bnf,,,,,none,,presumed_north,European printed cartography after 1700 is north-up by convention,early_modern,2_control_points,,very_small,high,,0,no,,none,very_small,https://gallica.bnf.fr/ark:/12148/btv1b8438941d
btv1b531480639,Carte télégraphique de la Tunisie,1883,19th c.,high,bnf,,,,,none,,presumed_north,European printed cartography after 1700 is north-up by convention,early_modern,2_control_points,no stated scale,unknown,high,,0,no,,none,,https://gallica.bnf.fr/ark:/12148/btv1b531480639
btv1b55011113g,Carte du golfe de Carthage,1884,19th c.,high,bnf,,,,,none,,presumed_north,European printed cartography after 1700 is north-up by convention,early_modern,2_control_points,scan resolution low or unknown,small,low,,0,no,,none,small,https://gallica.bnf.fr/ark:/12148/btv1b55011113g
btv1b8439166s,Plan de Carthage / dressé d'après les levés de Falbe ; et de Daux,1884,19th c.,high,bnf,,,,,none,,presumed_north,European printed cartography after 1700 is north-up by convention,early_modern,2_control_points,,large,high,,0,no,,none,large,https://gallica.bnf.fr/ark:/12148/btv1b8439166s
btv1b8439238t,Algérie et Tunisie,1885,19th c.,high,bnf,,,,,none,,presumed_north,European printed cartography after 1700 is north-up by convention,early_modern,2_control_points,,very_small,medium,,0,no,,none,very_small,https://gallica.bnf.fr/ark:/12148/btv1b8439238t
btv1b530229930,Algérie. - Carte murale de l'Algérie et de la Tunisie,1885,19th c.,high,bnf,,,,,none,,presumed_north,European printed cartography after 1700 is north-up by convention,early_modern,2_control_points,,small,high,,0,no,,none,small,https://gallica.bnf.fr/ark:/12148/btv1b530229930
btv1b55011402r,"Plan du Kef / E. Espérandieu, del",1885,19th c.,high,bnf,,,,,none,,presumed_north,European printed cartography after 1700 is north-up by convention,early_modern,2_control_points,scan resolution low or unknown; no stated scale,unknown,low,,0,no,,none,,https://gallica.bnf.fr/ark:/12148/btv1b55011402r
btv1b84401312,Carte de la Tunisie pour accompagner l'ouvrage de M. de Lanessan sur ce pays,1887,19th c.,high,bnf,,,,,none,,presumed_north,European printed cartography after 1700 is north-up by convention,early_modern,2_control_points,no stated scale,unknown,medium,,0,no,,none,,https://gallica.bnf.fr/ark:/12148/btv1b84401312
btv1b84417605,"Tunisie / L. Thuillier, delt.",1888,19th c.,high,bnf,,,,,none,,presumed_north,European printed cartography after 1700 is north-up by convention,early_modern,2_control_points,no stated scale,unknown,medium,,0,no,,none,,https://gallica.bnf.fr/ark:/12148/btv1b84417605
btv1b8439738j,"Tunisie / L. Thuillier, delt. ; gravé et imprimé par Erhard",1888,19th c.,high,bnf,,,,,none,,presumed_north,European printed cartography after 1700 is north-up by convention,early_modern,2_control_points,no stated scale,unknown,medium,,0,no,,none,,https://gallica.bnf.fr/ark:/12148/btv1b8439738j
btv1b530252439,Réseau postal et télégraphique de la régence de Tunis,1889,19th c.,high,bnf,,,,,none,,presumed_north,European printed cartography after 1700 is north-up by convention,early_modern,2_control_points,no stated scale,unknown,high,,0,no,,none,,https://gallica.bnf.fr/ark:/12148/btv1b530252439
oai:u-bordeaux-montaigne.fr:245855,"Carte des stations minérales, thermales et balnéaires de France et d'Algérie / dressée d'après les documents officiels par Mce. Beyne",1896,19th c.,medium,partner,-5.500,9.250,51.317,42.283,partner_page,0.000,presumed_north,European printed cartography after 1700 is north-up by convention,early_modern,2_control_points,no IIIF (partner-hosted); scan resolution low or unknown; image not on IIIF; fetch from the holding library,very_small,unknown,,0,no,,none,very_small,https://1886.u-bordeaux-montaigne.fr/s/1886/item/245855
btv1b84954845,"Plan de Tunis : Atlas universel, pl. 127 / gravé par R. Hausermann",1896,19th c.,high,bnf,,,,,none,,presumed_north,European printed cartography after 1700 is north-up by convention,early_modern,2_control_points,scan resolution low or unknown; no stated scale,unknown,low,,0,no,,none,,https://gallica.bnf.fr/ark:/12148/btv1b84954845
btv1b530605575,"Maroc, Algérie, Tunisie ; carte politique et physique... 1/270 000 / dressée d'après les documents les plus récents à l'échelle de 1 : 2 700 000 et dessinée par E. Nardin",1905,20th c.,high,bnf,,,,,none,,presumed_north,European printed cartography after 1700 is north-up by convention,early_modern,2_control_points,,small,high,,0,no,,none,small,https://gallica.bnf.fr/ark:/12148/btv1b530605575
btv1b53121213z,Carte militaire de la France,1906,20th c.,high,bnf,,,,,none,,presumed_north,European printed cartography after 1700 is north-up by convention,early_modern,2_control_points,,very_small,high,,0,no,,none,very_small,https://gallica.bnf.fr/ark:/12148/btv1b53121213z
btv1b53064402v,"Algérie. - Algérie, Tunisie 1/1.500.000 (Signé : M. Maumias, juillet 1910)",1910,20th c.,high,bnf,,,,,none,,presumed_north,European printed cartography after 1700 is north-up by convention,early_modern,2_control_points,,very_small,high,,0,no,,none,very_small,https://gallica.bnf.fr/ark:/12148/btv1b53064402v
btv1b532581549,Algérie-Tunisie / dressé par M. Maumias,1912,20th c.,high,bnf,,,,,none,,presumed_north,European printed cartography after 1700 is north-up by convention,early_modern,2_control_points,,very_small,high,,0,no,,none,very_small,https://gallica.bnf.fr/ark:/12148/btv1b532581549
btv1b53146794z,[Triangolazione della Tripolitania in Cirenaicia],1914,20th c.,medium,bnf,,,,,none,,presumed_north,European printed cartography after 1700 is north-up by convention,early_modern,2_control_points,no stated scale,unknown,medium,,0,no,,none,,https://gallica.bnf.fr/ark:/12148/btv1b53146794z
btv1b53146787w,[Tripolitania settentrionale],1914,20th c.,medium,bnf,,,,,none,,presumed_north,European printed cartography after 1700 is north-up by convention,early_modern,2_control_points,,small,medium,,0,no,,none,small,https://gallica.bnf.fr/ark:/12148/btv1b53146787w
btv1b53146701w,Carta dimostrativa della Cirenaica / Ministero delle Colonie,1914,20th c.,medium,bnf,,,,,none,,presumed_north,European printed cartography after 1700 is north-up by convention,early_modern,2_control_points,,small,high,,0,no,,none,small,https://gallica.bnf.fr/ark:/12148/btv1b53146701w
btv1b531466756,Tripolitania : territorio fra la costa e l'uadi sciati / M. Checchi,1914,20th c.,medium,bnf,,,,,none,,presumed_north,European printed cartography after 1700 is north-up by convention,early_modern,2_control_points,,very_small,medium,,0,no,,none,very_small,https://gallica.bnf.fr/ark:/12148/btv1b531466756
btv1b530647344,Nouvelle carte de la Tunisie,1920,20th c.,high,bnf,,,,,none,,presumed_north,European printed cartography after 1700 is north-up by convention,early_modern,2_control_points,,small,high,,0,no,,none,small,https://gallica.bnf.fr/ark:/12148/btv1b530647344
btv1b8458909r,Algérie-Tunisie,1930,20th c.,high,bnf,,,,,none,,presumed_north,European printed cartography after 1700 is north-up by convention,early_modern,2_control_points,,very_small,medium,,0,no,,none,very_small,https://gallica.bnf.fr/ark:/12148/btv1b8458909r
btv1b53066610t,Algérie-Tunisie / Dressé... sous la direction de M. De Flotte de Roquevaille,1930,20th c.,high,bnf,,,,,none,,presumed_north,European printed cartography after 1700 is north-up by convention,early_modern,2_control_points,,very_small,high,,0,no,,none,very_small,https://gallica.bnf.fr/ark:/12148/btv1b53066610t
btv1b53213307c,Habitation rurale des indigènes,1930,20th c.,high,bnf,,,,,none,,presumed_north,European printed cartography after 1700 is north-up by convention,early_modern,2_control_points,,very_small,high,,0,no,,none,very_small,https://gallica.bnf.fr/ark:/12148/btv1b53213307c
btv1b532133454,Camp de Bou-Ficha,1931,20th c.,high,bnf,,,,,none,,presumed_north,European printed cartography after 1700 is north-up by convention,survey,2_control_points,no stated scale,unknown,high,,0,no,,none,,https://gallica.bnf.fr/ark:/12148/btv1b532133454
btv1b53213404d,Tunis / par J. Vanney,1934,20th c.,high,bnf,,,,,none,,presumed_north,European printed cartography after 1700 is north-up by convention,early_modern,2_control_points,,large,high,,0,no,,none,large,https://gallica.bnf.fr/ark:/12148/btv1b53213404d
btv1b53066849v,"(Algérie, Tunisie, Maroc.) Vignettes de Bernard Levanteur",1936,20th c.,high,bnf,,,,,none,,presumed_north,European printed cartography after 1700 is north-up by convention,early_modern,2_control_points,no stated scale,unknown,medium,,0,no,,none,,https://gallica.bnf.fr/ark:/12148/btv1b53066849v
btv1b53121318k,France politique / Dressée et gravée par Blondel La Rougery,1940,20th c.,high,bnf,,,,,none,,presumed_north,European printed cartography after 1700 is north-up by convention,early_modern,2_control_points,,very_small,high,,0,no,,none,very_small,https://gallica.bnf.fr/ark:/12148/btv1b53121318k
btv1b53197102z,"Carte-guide ""Tourist"", Tunisie",1952,20th c.,high,bnf,,,,,none,,presumed_north,European printed cartography after 1700 is north-up by convention,early_modern,2_control_points,,small,high,,0,no,,none,small,https://gallica.bnf.fr/ark:/12148/btv1b53197102z
oai:u-bordeaux-montaigne.fr:168522,"Algérie, Tunisie et Sahara central / carte dressée et dessinée par J. V. Barbier, pour servir particulièrement à l'intelligence des évenements actuels et notamment à suivre les deux explorations du colonel Flatters",2013,21st c.,high,partner,-2.667,13.333,38.000,20.000,partner_page,0.104,presumed_north,European printed cartography after 1700 is north-up by convention,early_modern,2_control_points,no IIIF (partner-hosted); scan resolution low or unknown; image not on IIIF; fetch from the holding library,very_small,unknown,,0,no,,none,very_small,https://1886.u-bordeaux-montaigne.fr/s/1886/item/168522
oai:u-bordeaux-montaigne.fr:168523,Algérie-Tunisie / dessiné par M. Maumias,2013,21st c.,high,partner,-3.167,11.833,38.000,32.000,partner_page,0.253,presumed_north,European printed cartography after 1700 is north-up by convention,early_modern,2_control_points,no IIIF (partner-hosted); scan resolution low or unknown; image not on IIIF; fetch from the holding library,very_small,unknown,,0,no,,none,very_small,https://1886.u-bordeaux-montaigne.fr/s/1886/item/168523
oai:u-bordeaux-montaigne.fr:168459,"Atlas de géographie générale. Afrique N°23, Algérie et Tunisie : fascicule spécial de cinq feuilles / G. Niox ; Institut géographique",2013,21st c.,high,partner,-2.667,11.500,38.000,29.000,partner_page,0.230,presumed_north,European printed cartography after 1700 is north-up by convention,early_modern,2_control_points,no IIIF (partner-hosted); scan resolution low or unknown; image not on IIIF; fetch from the holding library,very_small,unknown,,0,no,,none,very_small,https://1886.u-bordeaux-montaigne.fr/s/1886/item/168459
oai:u-bordeaux-montaigne.fr:168525,"Carte de la Régence de Tunis / dressée au Dépôt de la Guerre ; d'après les observations et les reconnaissances de Mr. Falbe,... de Mr. Pricot Ste. Marie,... et d'après les renseignements recueillis par eux ; gravée sur pierre par Erhard Schieble",2013,21st c.,high,partner,8.167,12.167,37.500,32.667,partner_page,0.858,presumed_north,European printed cartography after 1700 is north-up by convention,early_modern,2_control_points,no IIIF (partner-hosted); scan resolution low or unknown; image not on IIIF; fetch from the holding library,small,unknown,,0,no,,none,small,https://1886.u-bordeaux-montaigne.fr/s/1886/item/168525
oai:u-bordeaux-montaigne.fr:168524,"Carte de la Régence de Tunis / dressée au Dépôt de la Guerre ; d'après les observations et les reconnaissances de Mr. Falbe,... de Mr. Pricot Ste. Marie,... et d'après les renseignements recueillis par eux ; gravée sur pierre par Erhard Schieble",2013,21st c.,high,partner,8.167,12.167,37.500,32.667,partner_page,0.858,presumed_north,European printed cartography after 1700 is north-up by convention,early_modern,2_control_points,no IIIF (partner-hosted); scan resolution low or unknown; image not on IIIF; fetch from the holding library,small,unknown,,0,no,,none,small,https://1886.u-bordeaux-montaigne.fr/s/1886/item/168524
oai:u-bordeaux-montaigne.fr:168536,Carte routière de la Tunisie au 1er janvier 1904 / dressée par la Direction générale des travaux publics,2013,21st c.,high,partner,7.767,11.600,37.500,33.000,partner_page,1.000,presumed_north,European printed cartography after 1700 is north-up by convention,early_modern,2_control_points,no IIIF (partner-hosted); scan resolution low or unknown; image not on IIIF; fetch from the holding library,small,unknown,,0,no,,none,small,https://1886.u-bordeaux-montaigne.fr/s/1886/item/168536
oai:u-bordeaux-montaigne.fr:168537,Carte routière de la Tunisie au 1er juillet 1905 / dressée par la Direction générale des travaux publics,2013,21st c.,high,partner,7.767,11.600,37.500,33.000,partner_page,1.000,presumed_north,European printed cartography after 1700 is north-up by convention,early_modern,2_control_points,no IIIF (partner-hosted); scan resolution low or unknown; image not on IIIF; fetch from the holding library,small,unknown,,0,no,,none,small,https://1886.u-bordeaux-montaigne.fr/s/1886/item/168537
btv1b532830025,A new chart of the coast of the Mediterranean sea / H. Moll f.,,18th c.,high,bnf,,,,,none,,presumed_north,European printed cartography after 1700 is north-up by convention,chart,2_control_points,no stated scale,unknown,high,,0,no,,none,,https://gallica.bnf.fr/ark:/12148/btv1b532830025
btv1b108507684,Plan de l'isle de Tabarque avec la cotte,,18th c.,high,bnf,,,,,none,,presumed_north,European printed cartography after 1700 is north-up by convention,early_modern,2_control_points,no stated scale,unknown,high,,0,no,,none,,https://gallica.bnf.fr/ark:/12148/btv1b108507684
oai:u-bordeaux-montaigne.fr:203729,[Province de Constantine et Tunisie] / dressée et gravée par L. Rigaud,,19th c.,high,partner,6.000,11.333,37.500,34.667,partner_page,0.721,presumed_north,European printed cartography after 1700 is north-up by convention,early_modern,2_control_points,no IIIF (partner-hosted); scan resolution low or unknown; image not on IIIF; fetch from the holding library,very_small,unknown,,0,no,,none,very_small,https://1886.u-bordeaux-montaigne.fr/s/1886/item/203729
btv1b53060313z,"Environs du Kef / dressé, héliogravé et publié par le service géographique de l'Armée",,19th c.,high,bnf,,,,,none,,presumed_north,European printed cartography after 1700 is north-up by convention,early_modern,2_control_points,,medium,high,,0,no,,none,medium,https://gallica.bnf.fr/ark:/12148/btv1b53060313z
btv1b10678328s,Projet de construction d'une salle de dissection et dépendances à la Faculté de médecine de Montpellier : Plan général des bâtiments,,19th c.,unverified,bnf,,,,,none,,presumed_north,European printed cartography after 1700 is north-up by convention,early_modern,2_control_points,scan resolution low or unknown,large,low,,0,no,,none,large,https://gallica.bnf.fr/ark:/12148/btv1b10678328s
btv1b8438999m,Carte de l'Algérie et de la Tunisie / éditée par l'Armée française ; et la Petite République française,,19th c.,high,bnf,,,,,none,,presumed_north,European printed cartography after 1700 is north-up by convention,early_modern,2_control_points,,very_small,high,,0,no,,none,very_small,https://gallica.bnf.fr/ark:/12148/btv1b8438999m
btv1b84394714,"Carte de la Tunisie, pour accompagner l'ouvrage de M. de Lanossan sur ce pays",,19th c.,high,bnf,,,,,none,,presumed_north,European printed cartography after 1700 is north-up by convention,early_modern,2_control_points,no stated scale,unknown,medium,,0,no,,none,,https://gallica.bnf.fr/ark:/12148/btv1b84394714
btv1b84446578,Carte du Voltaire. Expédition contre les Kroumirs,,19th c.,high,bnf,,,,,none,,presumed_north,European printed cartography after 1700 is north-up by convention,early_modern,2_control_points,no stated scale,unknown,medium,,0,no,,none,,https://gallica.bnf.fr/ark:/12148/btv1b84446578
btv1b8446079d,Tunisie et Algérie orientale / dressé et gravé par R. Hausermann,,19th c.,high,bnf,,,,,none,,presumed_north,European printed cartography after 1700 is north-up by convention,early_modern,2_control_points,,very_small,medium,,0,no,,none,very_small,https://gallica.bnf.fr/ark:/12148/btv1b8446079d
btv1b8446059n,Carte du théâtre de la guerre en Tunisie / gravé par Hémery,,20th c.,high,bnf,,,,,none,,presumed_north,European printed cartography after 1700 is north-up by convention,early_modern,2_control_points,no stated scale,unknown,medium,,0,no,,none,,https://gallica.bnf.fr/ark:/12148/btv1b8446059n
oai:nubis.bis-sorbonne.fr:1115642,Nova totius terrarum orbis geographica ac hydrographica tabula autore N. I. Piscator,1639,17th c.,medium,partner,,,,,none,,uncertain,pre-1700: portolans and siege views are frequently not north-up,sketch,3_warp_only,no IIIF (partner-hosted); scan resolution low or unknown; no stated scale; image not on IIIF; fetch from the holding library,unknown,unknown,settlements | relief | hydrology | archaeology,4,partial,settlements,indirect,,https://nubis.bis-sorbonne.fr/ark:/15733/pfkq
oai:bibliotheques-specialisees.paris.fr:ark:/73873/pf0000852506,Plans parcellaires avec du quartier de la place Royale et du quartier de l'Odéon à la fin du 18e siècle],1760,18th c.,unverified,partner,,,,,none,,presumed_north,European printed cartography after 1700 is north-up by convention,early_modern,3_warp_only,no IIIF (partner-hosted); scan resolution low or unknown; no stated scale; image not on IIIF; fetch from the holding library,unknown,unknown,settlements | coastline_bathymetry | hydrology | urban_fabric,4,partial,settlements | urban_fabric,indirect,,https://bibliotheques-specialisees.paris.fr/ark:/73873/pf0000852506
oai:patrimoine-numerique.ville-valenciennes.fr:ark:/29755/B_596066101_MS_0488/F_002,[Carte de l'Europe de l'Ouest et de l'Afrique du Nord],1572,16th c.,high,partner,,,,,none,,stated_in_record,orientation mentioned in catalogue text,sketch,3_warp_only,no IIIF (partner-hosted); scan resolution low or unknown; no stated scale; image not on IIIF; fetch from the holding library,unknown,unknown,settlements | relief | archaeology,3,partial,settlements,indirect,,https://patrimoine-numerique.ville-valenciennes.fr/ark:/29755/B_596066101_MS_0488/F_002
oai:nubis.bis-sorbonne.fr:1116087,Partie d'Afrique,1600,17th c.,medium,partner,,,,,none,,uncertain,pre-1700: portolans and siege views are frequently not north-up,sketch,3_warp_only,no IIIF (partner-hosted); scan resolution low or unknown; image not on IIIF; fetch from the holding library,very_small,unknown,settlements | coastline_bathymetry | relief,3,partial,settlements,indirect,very_small,https://nubis.bis-sorbonne.fr/ark:/15733/pgpx
oai:bibliotheques-specialisees.paris.fr:ark:/73873/pf0001993543,[Projet de lotissement du quartier de l'Odéon],,,unverified,partner,,,,,none,,uncertain,undated,sketch,3_warp_only,no IIIF (partner-hosted); scan resolution low or unknown; no stated scale; image not on IIIF; fetch from the holding library,unknown,unknown,settlements | hydrology | urban_fabric,3,partial,settlements | urban_fabric,indirect,,https://bibliotheques-specialisees.paris.fr/ark:/73873/pf0001993543
oai:bibliotheques-specialisees.paris.fr:ark:/73873/pf0000855788,Division de la Ville de Paris en circonscriptions de dispensaires anti-tuberculeux. Nombre des habitants par arrondissement et circonscription : [Vers 1914 ?],,,unverified,partner,,,,,none,,uncertain,undated,sketch,3_warp_only,no IIIF (partner-hosted); scan resolution low or unknown; no stated scale; image not on IIIF; fetch from the holding library,unknown,unknown,settlements | admin_boundaries | population,3,partial,admin_boundaries | population | settlements,indirect,,https://bibliotheques-specialisees.paris.fr/ark:/73873/pf0000855788
oai:bibliotheques-specialisees.paris.fr:ark:/73873/pf0001993075,Plan général de la nouvelle salle de Comédie française sur le terrein de l'ancien Hôtel de Condé avec les terreins qui l'environnent,,,unverified,partner,,,,,none,,uncertain,undated,sketch,3_warp_only,no IIIF (partner-hosted); scan resolution low or unknown; no stated scale; image not on IIIF; fetch from the holding library,unknown,unknown,settlements | hydrology | urban_fabric,3,partial,settlements | urban_fabric,indirect,,https://bibliotheques-specialisees.paris.fr/ark:/73873/pf0001993075
oai:bibliotheques-specialisees.paris.fr:ark:/73873/pf0001993081,Plan général de la nouvelle salle de Comédie françoise sur l'ancien terrein de l'hotel de Condé avec les terreins qui l'environnent,,,unverified,partner,,,,,none,,uncertain,undated,sketch,3_warp_only,no IIIF (partner-hosted); scan resolution low or unknown; no stated scale; image not on IIIF; fetch from the holding library,unknown,unknown,settlements | hydrology | urban_fabric,3,partial,settlements | urban_fabric,indirect,,https://bibliotheques-specialisees.paris.fr/ark:/73873/pf0001993081
oai:bibliotheques-specialisees.paris.fr:ark:/73873/pf0001993092,Plan général de la nouvelle salle de Comédie françoise sur le terrein de l'ancien hotel de Condé avec les terreins qui l'environnent,,,unverified,partner,,,,,none,,uncertain,undated,sketch,3_warp_only,no IIIF (partner-hosted); scan resolution low or unknown; no stated scale; image not on IIIF; fetch from the holding library,unknown,unknown,settlements | hydrology | urban_fabric,3,partial,settlements | urban_fabric,indirect,,https://bibliotheques-specialisees.paris.fr/ark:/73873/pf0001993092
oai:bibliotheques-specialisees.paris.fr:ark:/73873/pf0001993044,Plan général de la nouvelle salle de Comédie françoise sur le terrein de l'ancien Hôtel de Condé et des rues qui y aboutiront,,,unverified,partner,,,,,none,,uncertain,undated,sketch,3_warp_only,no IIIF (partner-hosted); scan resolution low or unknown; no stated scale; image not on IIIF; fetch from the holding library,unknown,unknown,settlements | hydrology | urban_fabric,3,partial,settlements | urban_fabric,indirect,,https://bibliotheques-specialisees.paris.fr/ark:/73873/pf0001993044
btv1b59641019,"Africae propriae tabula, in qua Punica regna uides, Tyrios et Agenoris urbem ; Sinus Carthaginensis / ex conatibus geographicis Abrahami Ortelii",1590,16th c.,high,bnf,,,,,none,,uncertain,pre-1700: portolans and siege views are frequently not north-up,sketch,3_warp_only,no stated scale,unknown,medium,settlements | archaeology,2,partial,settlements,indirect,,https://gallica.bnf.fr/ark:/12148/btv1b59641019
oai:nubis.bis-sorbonne.fr:1116323,"Natoliae, quae olim Asia Minor, nova descriptio. Aegypti recentior descriptio. Carthaginis celeberrimi sinus typus",1602,17th c.,high,partner,,,,,none,,uncertain,pre-1700: portolans and siege views are frequently not north-up,sketch,3_warp_only,no IIIF (partner-hosted); scan resolution low or unknown; image not on IIIF; fetch from the holding library,very_small,unknown,settlements | relief,2,partial,settlements,indirect,very_small,https://nubis.bis-sorbonne.fr/ark:/15733/pgt5
oai:nubis.bis-sorbonne.fr:1128791,"Natoliae, quae olim Asia Minor, nova descriptio. Aegypti recentior descriptio. Carthaginis celeberrimi sinus typus.",1602,17th c.,high,partner,,,,,none,,stated_in_record,orientation mentioned in catalogue text,sketch,3_warp_only,no IIIF (partner-hosted); scan resolution low or unknown; image not on IIIF; fetch from the holding library,very_small,unknown,settlements | relief,2,partial,settlements,indirect,very_small,https://nubis.bis-sorbonne.fr/ark:/15733/pkrc
oai:nubis.bis-sorbonne.fr:1116050,"Partie de la coste de Barbarie en Africque ou sont les royaumes de Tunis, et Tripoli et pays circomvoisins tirés de Sanuto et d'autres. Par le Sr. Sanson d'Abbeville geogr ord.re du Roy.",1655,17th c.,high,partner,,,,,none,,uncertain,pre-1700: portolans and siege views are frequently not north-up,sketch,3_warp_only,no IIIF (partner-hosted); scan resolution low or unknown; image not on IIIF; fetch from the holding library,very_small,unknown,settlements | relief,2,partial,settlements,indirect,very_small,https://nubis.bis-sorbonne.fr/ark:/15733/pgfr
btv1b53283015x,"Routes et distances de diférens ports, caps et isles de la Méditerranée [...] au nombre de neuf cartes / tracées suivant le portuland de Maria Levento de 1664",1664,,high,bnf,,,,,none,,uncertain,pre-1700: portolans and siege views are frequently not north-up,sketch,3_warp_only,no stated scale,unknown,medium,coastline_bathymetry | roads,2,partial,roads,indirect,,https://gallica.bnf.fr/ark:/12148/btv1b53283015x
btv1b53242293h,"[Bataille navale de La Goulette, 1665]",1665,17th c.,high,bnf,,,,,none,,uncertain,pre-1700: portolans and siege views are frequently not north-up,sketch,3_warp_only,no stated scale,unknown,high,coastline_bathymetry | fortifications,2,partial,,none,,https://gallica.bnf.fr/ark:/12148/btv1b53242293h
btv1b8493553b,[Rade et lac de Tunis. 1 : 100 000 env],1680,17th c.,high,bnf,,,,,none,,uncertain,pre-1700: portolans and siege views are frequently not north-up,sketch,3_warp_only,no stated scale,unknown,medium,coastline_bathymetry | hydrology,2,partial,,none,,https://gallica.bnf.fr/ark:/12148/btv1b8493553b
btv1b53242291m,Plan de Souse / tiré sur les lieux par le S[ieu]r de Darcy,1685,17th c.,high,bnf,,,,,none,,uncertain,pre-1700: portolans and siege views are frequently not north-up,sketch,3_warp_only,no stated scale,unknown,high,coastline_bathymetry | fortifications,2,partial,,none,,https://gallica.bnf.fr/ark:/12148/btv1b53242291m
oai:bibliotheques-specialisees.paris.fr:ark:/73873/pf0001956435,Tunisie physique et administrative,1926,20th c.,high,partner,,,,,none,,presumed_north,European printed cartography after 1700 is north-up by convention,early_modern,3_warp_only,no IIIF (partner-hosted); scan resolution low or unknown; no stated scale; image not on IIIF; fetch from the holding library,unknown,unknown,railways | admin_boundaries,2,partial,admin_boundaries | railways,indirect,,https://bibliotheques-specialisees.paris.fr/ark:/73873/pf0001956435
btv1b53237576k,[Plan du port et du fort de la Goulette],,,high,bnf,,,,,none,,uncertain,pre-1700: portolans and siege views are frequently not north-up,sketch,3_warp_only,no stated scale,unknown,high,coastline_bathymetry | fortifications,2,partial,,none,,https://gallica.bnf.fr/ark:/12148/btv1b53237576k
btv1b53301182z,Carte de la rade d'Alican,,,medium,bnf,,,,,none,,uncertain,pre-1700: portolans and siege views are frequently not north-up,sketch,3_warp_only,no stated scale,unknown,high,settlements | coastline_bathymetry,2,partial,settlements,indirect,,https://gallica.bnf.fr/ark:/12148/btv1b53301182z
btv1b53242307z,"Côte du Bastion de France, depuis le cap de Rose jusques aux Gardes de Bizerte",,,high,bnf,,,,,none,,uncertain,pre-1700: portolans and siege views are frequently not north-up,sketch,3_warp_only,no stated scale,unknown,high,coastline_bathymetry | fortifications,2,partial,,none,,https://gallica.bnf.fr/ark:/12148/btv1b53242307z
btv1b53237578g,Plan du fort de la Goulette,,,high,bnf,,,,,none,,uncertain,pre-1700: portolans and siege views are frequently not north-up,sketch,3_warp_only,no stated scale,unknown,high,coastline_bathymetry | fortifications,2,partial,,none,,https://gallica.bnf.fr/ark:/12148/btv1b53237578g
btv1b532375826,Port Farine,,,high,bnf,,,,,none,,uncertain,pre-1700: portolans and siege views are frequently not north-up,sketch,3_warp_only,no stated scale,unknown,medium,coastline_bathymetry | fortifications,2,partial,,none,,https://gallica.bnf.fr/ark:/12148/btv1b532375826
btv1b53237544f,Porte-Farine,,,high,bnf,,,,,none,,uncertain,pre-1700: portolans and siege views are frequently not north-up,sketch,3_warp_only,no stated scale,unknown,high,coastline_bathymetry | fortifications,2,partial,,none,,https://gallica.bnf.fr/ark:/12148/btv1b53237544f
oai:bibliotheques-specialisees.paris.fr:ark:/73873/pf0001993673,[Plan d'implantation du Théâtre de l'Odéon : projet définitif],,,unverified,partner,,,,,none,,uncertain,undated,sketch,3_warp_only,no IIIF (partner-hosted); scan resolution low or unknown; no stated scale; image not on IIIF; fetch from the holding library,unknown,unknown,hydrology | urban_fabric,2,partial,urban_fabric,indirect,,https://bibliotheques-specialisees.paris.fr/ark:/73873/pf0001993673
oai:bibliotheques-specialisees.paris.fr:ark:/73873/pf0000855476,"Conduite principale de l'école de Médecine. Conduites secondaires et bornes fontaines dans la 1ère inspection, année 1834",,,unverified,partner,,,,,none,,uncertain,undated,sketch,3_warp_only,no IIIF (partner-hosted); scan resolution low or unknown; no stated scale; image not on IIIF; fetch from the holding library,unknown,unknown,settlements | urban_fabric,2,partial,settlements | urban_fabric,indirect,,https://bibliotheques-specialisees.paris.fr/ark:/73873/pf0000855476
btv1b532811808,Carte marine [de la Méditerranée occidentale] : dessinée en 1318 et dont l'original se trouve à la Bibliothèque Imp. et Roy. de Vienne / par Visconti ; copie de l'exemplaire appartenant à M. Louis Halphen...,1318,14th c.,high,bnf,,,,,none,,uncertain,pre-1700: portolans and siege views are frequently not north-up,sketch,3_warp_only,,very_small,medium,coastline_bathymetry,1,partial,,none,very_small,https://gallica.bnf.fr/ark:/12148/btv1b532811808
btv1b8490778x,Benigni lettori / per reppresentarvi piu particulari della citta di Tunisi...,1566,16th c.,high,bnf,,,,,none,,uncertain,pre-1700: portolans and siege views are frequently not north-up,sketch,3_warp_only,,medium,medium,settlements,1,partial,settlements,indirect,medium,https://gallica.bnf.fr/ark:/12148/btv1b8490778x
btv1b85953649,Benigni lettori per rappresentavi piu particulari della citta di Tunisi ...,1566,16th c.,high,bnf,,,,,none,,uncertain,pre-1700: portolans and siege views are frequently not north-up,sketch,3_warp_only,no stated scale,unknown,medium,settlements,1,partial,settlements,indirect,,https://gallica.bnf.fr/ark:/12148/btv1b85953649
btv1b55000296v,Citta di Tunisi,1566,16th c.,high,bnf,,,,,none,,uncertain,pre-1700: portolans and siege views are frequently not north-up,sketch,3_warp_only,,medium,medium,settlements,1,partial,settlements,indirect,medium,https://gallica.bnf.fr/ark:/12148/btv1b55000296v
btv1b55004731d,Citta di Tunisi...,1566,16th c.,high,bnf,,,,,none,,uncertain,pre-1700: portolans and siege views are frequently not north-up,sketch,3_warp_only,scan resolution low or unknown,medium,low,settlements,1,partial,settlements,indirect,medium,https://gallica.bnf.fr/ark:/12148/btv1b55004731d
btv1b550000800,Disegno de la Goletta,1570,16th c.,high,bnf,,,,,none,,uncertain,pre-1700: portolans and siege views are frequently not north-up,sketch,3_warp_only,,large,medium,fortifications,1,partial,,none,large,https://gallica.bnf.fr/ark:/12148/btv1b550000800
btv1b8440179w,Disegno de la Goletta... Canne 50 [=Om. 042 ; 1 : 2 900 environ],1570,16th c.,high,bnf,,,,,none,,uncertain,pre-1700: portolans and siege views are frequently not north-up,sketch,3_warp_only,no stated scale,unknown,medium,fortifications,1,partial,,none,,https://gallica.bnf.fr/ark:/12148/btv1b8440179w
btv1b55005280g,"La notte del ultimo di Febraro 1570 havendo il molto Ill. sigr. Don Alfonso Pimentel Capitan Gnal de la Goleta inteso / per le sue spie, che Uxli teneva sette barchoni à la Porta di Tunise...",1570,16th c.,high,bnf,,,,,none,,uncertain,pre-1700: portolans and siege views are frequently not north-up,sketch,3_warp_only,no stated scale,unknown,medium,settlements,1,partial,settlements,indirect,,https://gallica.bnf.fr/ark:/12148/btv1b55005280g
btv1b84946797,Fortezza di Gerbi,1573,16th c.,high,bnf,,,,,none,,uncertain,pre-1700: portolans and siege views are frequently not north-up,sketch,3_warp_only,,large,medium,fortifications,1,partial,,none,large,https://gallica.bnf.fr/ark:/12148/btv1b84946797
btv1b84946819,"Tunetis Urbis, ac novae eius arcis et Guletae, quae Philippo Hispan. Regi parent uti a Turcis, et Mauris Selimo, Thraciae Rege, Anno Christi 1574 mense Julio et Augusto fixes castris oppugnabantur, effigies",1574,16th c.,high,bnf,,,,,none,,uncertain,pre-1700: portolans and siege views are frequently not north-up,sketch,3_warp_only,no stated scale,unknown,medium,settlements,1,partial,settlements,indirect,,https://gallica.bnf.fr/ark:/12148/btv1b84946819
btv1b531968799,Afr. II tab.,1578,16th c.,high,bnf,,,,,none,,uncertain,pre-1700: portolans and siege views are frequently not north-up,sketch,3_warp_only,,very_small,medium,archaeology,1,partial,,none,very_small,https://gallica.bnf.fr/ark:/12148/btv1b531968799
btv1b53196817x,Africae propriae tabula / ex conatibus geographicis Abrahami Ortelii [...] 1590,1590,,high,bnf,,,,,none,,uncertain,pre-1700: portolans and siege views are frequently not north-up,sketch,3_warp_only,,very_small,medium,archaeology,1,partial,,none,very_small,https://gallica.bnf.fr/ark:/12148/btv1b53196817x
btv1b53143250k,Tunes Oppidum Barbarie & Regina fedes 1535 [...] / Joanne Maio,1593,16th c.,high,bnf,,,,,none,,uncertain,pre-1700: portolans and siege views are frequently not north-up,sketch,3_warp_only,no stated scale,unknown,medium,settlements,1,partial,settlements,indirect,,https://gallica.bnf.fr/ark:/12148/btv1b53143250k
btv1b5964097v,Africa proprie dicta ex Plinio ; Situs Carthaginis / Melchior Tavernier sculpsit,1600,17th c.,high,bnf,,,,,none,,uncertain,pre-1700: portolans and siege views are frequently not north-up,sketch,3_warp_only,scan resolution low or unknown; no stated scale,unknown,low,archaeology,1,partial,,none,,https://gallica.bnf.fr/ark:/12148/btv1b5964097v
btv1b59055925,"Les Costes d'Italie, de Sicile, de Sardaigne, de Corse, de Dalmatie, de Grèce, de Tunis et de Tripoli / P. Du Val géographe ordinaire du roi",1600,17th c.,high,bnf,,,,,none,,uncertain,pre-1700: portolans and siege views are frequently not north-up,sketch,3_warp_only,no stated scale,unknown,high,roads,1,partial,roads,indirect,,https://gallica.bnf.fr/ark:/12148/btv1b59055925
btv1b8491904m,Barbaria,1602,17th c.,high,bnf,,,,,none,,uncertain,pre-1700: portolans and siege views are frequently not north-up,sketch,3_warp_only,,very_small,medium,coastline_bathymetry,1,partial,,none,very_small,https://gallica.bnf.fr/ark:/12148/btv1b8491904m
btv1b8492072n,Barbaria,1602,17th c.,high,bnf,,,,,none,,uncertain,pre-1700: portolans and siege views are frequently not north-up,sketch,3_warp_only,,very_small,medium,coastline_bathymetry,1,partial,,none,very_small,https://gallica.bnf.fr/ark:/12148/btv1b8492072n
btv1b531429571,Barbaria,1602,17th c.,high,bnf,,,,,none,,uncertain,pre-1700: portolans and siege views are frequently not north-up,sketch,3_warp_only,,very_small,medium,coastline_bathymetry,1,partial,,none,very_small,https://gallica.bnf.fr/ark:/12148/btv1b531429571
btv1b8595362g,"Cartaginis sive potius Tunetani, celeberrimi sinus nec non fortalitis Golettae typus quamvis deleti",1602,17th c.,high,bnf,,,,,none,,uncertain,pre-1700: portolans and siege views are frequently not north-up,sketch,3_warp_only,scan resolution low or unknown; no stated scale,unknown,low,hydrology,1,partial,,none,,https://gallica.bnf.fr/ark:/12148/btv1b8595362g
btv1b531968206,Antiquorum Africae episcopatuum geographica descriptio,1640,17th c.,high,bnf,,,,,none,,uncertain,pre-1700: portolans and siege views are frequently not north-up,sketch,3_warp_only,,very_small,medium,archaeology,1,partial,,none,very_small,https://gallica.bnf.fr/ark:/12148/btv1b531968206
btv1b531789910,"Tunes, Oppidum Barbarie & Regia sedes... ; Africa, olim Aphrodisium ; Penon de Veles",1645,17th c.,high,bnf,,,,,none,,uncertain,pre-1700: portolans and siege views are frequently not north-up,sketch,3_warp_only,no stated scale,unknown,medium,settlements,1,partial,settlements,indirect,,https://gallica.bnf.fr/ark:/12148/btv1b531789910
btv1b53178952s,"Tunetis Urbis, ac novae eius arcis et Guletae, quae Philippo Hispan. Regi parent uti a Turcis, et Mauris Selimo, Thraciae Rege...",1645,17th c.,high,bnf,10.217,10.217,36.833,36.833,unimarc_123,,uncertain,pre-1700: portolans and siege views are frequently not north-up,sketch,3_warp_only,no stated scale,unknown,medium,settlements,1,partial,settlements,indirect,,https://gallica.bnf.fr/ark:/12148/btv1b53178952s
btv1b8491219n,"Estats de l'Empire du Grand Seigneur des Turcs... en Asie, en Afrique et en Europe / par Nicolas Sanson d'Abbeville...",1654,17th c.,high,bnf,,,,,none,,uncertain,pre-1700: portolans and siege views are frequently not north-up,sketch,3_warp_only,,very_small,high,settlements,1,partial,settlements,indirect,very_small,https://gallica.bnf.fr/ark:/12148/btv1b8491219n
btv1b8595347s,Partie de la coste de Barbarie en Africque où sont les royaumes de Tunis et de Tripoli et pays circonvoisins / par le Sr Sanson d'Abbeville,1655,17th c.,high,bnf,,,,,none,,uncertain,pre-1700: portolans and siege views are frequently not north-up,sketch,3_warp_only,no stated scale,unknown,high,settlements,1,partial,settlements,indirect,,https://gallica.bnf.fr/ark:/12148/btv1b8595347s
btv1b532422744,"Les costes des royaumes de Fez, Alger, Tunis et Tripoli en Barbarie / par P. du Val, géographe du Roy ; F.D. Lapointe fecit",1664,17th c.,high,bnf,,,,,none,,uncertain,pre-1700: portolans and siege views are frequently not north-up,sketch,3_warp_only,no stated scale,unknown,medium,coastline_bathymetry,1,partial,,none,,https://gallica.bnf.fr/ark:/12148/btv1b532422744
btv1b530669601,"Les costes des royaumes de Fez, Alger, Tunis et Tripoli en Barbarie suivant les routiers et portolans de divers pilotes / par P. Du Val... ; F.D. Lapointe fecit",1664,17th c.,high,bnf,-180.000,180.000,90.000,-90.000,unimarc_123,0.000,uncertain,pre-1700: portolans and siege views are frequently not north-up,sketch,3_warp_only,,very_small,medium,coastline_bathymetry,1,partial,,none,very_small,https://gallica.bnf.fr/ark:/12148/btv1b530669601
btv1b53098483x,"Les côtes des royaumes de Fez, Alger, Tunis et Tripoli en Barbarie suivant les routiers et portolans de divers pilotes / par P. du Val, ... ; F.D. La Pointe fecit",1664,17th c.,high,bnf,,,,,none,,uncertain,pre-1700: portolans and siege views are frequently not north-up,sketch,3_warp_only,,very_small,medium,coastline_bathymetry,1,partial,,none,very_small,https://gallica.bnf.fr/ark:/12148/btv1b53098483x
btv1b532375754,[Bataille navale de la Goulette en 1665],1665,17th c.,high,bnf,,,,,none,,uncertain,pre-1700: portolans and siege views are frequently not north-up,sketch,3_warp_only,no stated scale,unknown,high,coastline_bathymetry,1,partial,,none,,https://gallica.bnf.fr/ark:/12148/btv1b532375754
btv1b53237574p,Plan de Tunis,1665,17th c.,high,bnf,,,,,none,,uncertain,pre-1700: portolans and siege views are frequently not north-up,sketch,3_warp_only,no stated scale,unknown,high,coastline_bathymetry,1,partial,,none,,https://gallica.bnf.fr/ark:/12148/btv1b53237574p
btv1b53242294z,"Plan de Portofarine, les vaisseaux du roy y estants l'année 1669 / d. par de Viviers",1669,17th c.,high,bnf,,,,,none,,uncertain,pre-1700: portolans and siege views are frequently not north-up,sketch,3_warp_only,no stated scale,unknown,high,coastline_bathymetry,1,partial,,none,,https://gallica.bnf.fr/ark:/12148/btv1b53242294z
btv1b532375576,"[Carte d'une partie des côtes de Barbarie, depuis le cap Bon jusqu'au cap Carbon, et le plan de l'île de la Galite]",1671,17th c.,high,bnf,,,,,none,,uncertain,pre-1700: portolans and siege views are frequently not north-up,sketch,3_warp_only,no stated scale,unknown,medium,coastline_bathymetry,1,partial,,none,,https://gallica.bnf.fr/ark:/12148/btv1b532375576
btv1b8592962m,"Itinéraire du Caire à la Mecque, selon la relation de Dom Philippo de Tunis, qui en a fait un voyage l'an 1657 / par P. Du Val,...",1677,17th c.,high,bnf,,,,,none,,uncertain,pre-1700: portolans and siege views are frequently not north-up,sketch,3_warp_only,scan resolution low or unknown; no stated scale,unknown,low,roads,1,partial,roads,indirect,,https://gallica.bnf.fr/ark:/12148/btv1b8592962m
btv1b8445156f,"Les costes des royaumes de Fez, Alger, Tunis et Tripoli en Barbarie suivant les routiers et portolans de divers pilotes / par P. Du Val, ...",1677,17th c.,high,bnf,,,,,none,,uncertain,pre-1700: portolans and siege views are frequently not north-up,sketch,3_warp_only,,very_small,medium,coastline_bathymetry,1,partial,,none,very_small,https://gallica.bnf.fr/ark:/12148/btv1b8445156f
btv1b8491458f,"Les costes des royaumes de Fez, Alger, Tunis et Tripoli en Barbarie suivant les routiers et portolans de divers pilotes / par P.Du Val, ... ; F.D.Lapointe fecit",1677,17th c.,high,bnf,,,,,none,,uncertain,pre-1700: portolans and siege views are frequently not north-up,sketch,3_warp_only,,very_small,high,coastline_bathymetry,1,partial,,none,very_small,https://gallica.bnf.fr/ark:/12148/btv1b8491458f
btv1b8595379r,La rade au-dessous de Galita,1684,17th c.,high,bnf,,,,,none,,uncertain,pre-1700: portolans and siege views are frequently not north-up,sketch,3_warp_only,scan resolution low or unknown; no stated scale,unknown,low,coastline_bathymetry,1,partial,,none,,https://gallica.bnf.fr/ark:/12148/btv1b8595379r
btv1b53242295d,Plan de Tunis / tiré par le S[ieu]r de Darcy,1685,17th c.,high,bnf,,,,,none,,uncertain,pre-1700: portolans and siege views are frequently not north-up,sketch,3_warp_only,no stated scale,unknown,high,coastline_bathymetry,1,partial,,none,,https://gallica.bnf.fr/ark:/12148/btv1b53242295d
btv1b53281176j,Carte de la moitié de la Mer Méditerranée présentée à monseigneur de Seignelay... / par ses très humbles serviteurs Henry Michelot et Nicolas Therin,1689,17th c.,high,bnf,,,,,none,,uncertain,pre-1700: portolans and siege views are frequently not north-up,sketch,3_warp_only,no stated scale,unknown,high,coastline_bathymetry,1,partial,,none,,https://gallica.bnf.fr/ark:/12148/btv1b53281176j
btv1b53281185h,Nieuwe paskaert van de Zee kusten van't Eylandt Sicilia en de tegen over geleegende kusten van Barbaria tusschen C. Bona en I. Zerby / by Ioannes van Kuelen,1695,17th c.,high,bnf,,,,,none,,uncertain,pre-1700: portolans and siege views are frequently not north-up,sketch,3_warp_only,no stated scale,unknown,high,coastline_bathymetry,1,partial,,none,,https://gallica.bnf.fr/ark:/12148/btv1b53281185h
btv1b53281183m,"Pas-caart van de de Zee kusten van't Eyland Sardinia met de tegen over geleegene zee kusten van Barbaria, Tusschen C. de Ferro en C. Bona / by Ioannes van Keulen",1695,17th c.,high,bnf,,,,,none,,uncertain,pre-1700: portolans and siege views are frequently not north-up,sketch,3_warp_only,no stated scale,unknown,high,coastline_bathymetry,1,partial,,none,,https://gallica.bnf.fr/ark:/12148/btv1b53281183m
btv1b53237581r,[Carte du golfe de Tunis du Cap Bon jusqu'à Bizerte],1698,17th c.,high,bnf,,,,,none,,uncertain,pre-1700: portolans and siege views are frequently not north-up,sketch,3_warp_only,no stated scale,unknown,high,coastline_bathymetry,1,partial,,none,,https://gallica.bnf.fr/ark:/12148/btv1b53237581r
btv1b53237579x,"Plan d'une partie de la coste de Barbarie contenant les rades de Bizerte, Tunis, et Portefarine avec toutes les îles, banqs et sondes contenüee en cette partie de Lafrique",1698,17th c.,high,bnf,,,,,none,,uncertain,pre-1700: portolans and siege views are frequently not north-up,sketch,3_warp_only,no stated scale,unknown,high,coastline_bathymetry,1,partial,,none,,https://gallica.bnf.fr/ark:/12148/btv1b53237579x
btv1b532375809,"Plan d'une partie de la coste de Barbarie quy contient les rades et sondes de Bizerte, Portefarine, Lagoullette autrement Tunis...",1698,17th c.,high,bnf,,,,,none,,uncertain,pre-1700: portolans and siege views are frequently not north-up,sketch,3_warp_only,no stated scale,unknown,medium,coastline_bathymetry,1,partial,,none,,https://gallica.bnf.fr/ark:/12148/btv1b532375809
btv1b53283017t,Cartes au nombre de 18 contenant les distances raportées dans les etendues et courses du Flambeau de Van Keulen / vérifié sur l'edition de 1699 [du Flambeau de la Mer de Van Keulen],1699,,high,bnf,,,,,none,,uncertain,pre-1700: portolans and siege views are frequently not north-up,sketch,3_warp_only,no stated scale,unknown,medium,coastline_bathymetry,1,partial,,none,,https://gallica.bnf.fr/ark:/12148/btv1b53283017t
btv1b532423018,"Plan de la rade de Bizerte en Barbarie / par Albert, pilote entretenu du Roy",1699,17th c.,high,bnf,,,,,none,,uncertain,pre-1700: portolans and siege views are frequently not north-up,sketch,3_warp_only,no stated scale,unknown,high,coastline_bathymetry,1,partial,,none,,https://gallica.bnf.fr/ark:/12148/btv1b532423018
btv1b532422996,"Plan de Portefarine en Barbarie... / par Albert, pilotte entretenu du Roy",1699,17th c.,high,bnf,,,,,none,,uncertain,pre-1700: portolans and siege views are frequently not north-up,sketch,3_warp_only,no stated scale,unknown,high,coastline_bathymetry,1,partial,,none,,https://gallica.bnf.fr/ark:/12148/btv1b532422996
oai:bibliotheques-specialisees.paris.fr:ark:/73873/pf0000856964,Plan de l'avenue Richerand. Alignements : ordonnance royale du 24 octobre 1846,1851,19th c.,unverified,partner,,,,,none,,presumed_north,European printed cartography after 1700 is north-up by convention,early_modern,3_warp_only,no IIIF (partner-hosted); scan resolution low or unknown; no stated scale; image not on IIIF; fetch from the holding library,unknown,unknown,urban_fabric,1,partial,urban_fabric,indirect,,https://bibliotheques-specialisees.paris.fr/ark:/73873/pf0000856964
oai:bibliotheques-specialisees.paris.fr:ark:/73873/pf0000856795,Plan de la rue de l'Ecole de Médecine. Alignements : ordonnance royale et décrets 1836 à 1884,1887,19th c.,unverified,partner,,,,,none,,presumed_north,European printed cartography after 1700 is north-up by convention,early_modern,3_warp_only,no IIIF (partner-hosted); scan resolution low or unknown; no stated scale; image not on IIIF; fetch from the holding library,unknown,unknown,urban_fabric,1,partial,urban_fabric,indirect,,https://bibliotheques-specialisees.paris.fr/ark:/73873/pf0000856795
oai:u-bordeaux-montaigne.fr:245412,Méditerranée. Côtes de Sicile et de la régence de Tunis : 1871,1888,19th c.,high,partner,,,,,none,,presumed_north,European printed cartography after 1700 is north-up by convention,survey,3_warp_only,no IIIF (partner-hosted); scan resolution low or unknown; image not on IIIF; fetch from the holding library,small,unknown,coastline_bathymetry,1,partial,,none,small,https://1886.u-bordeaux-montaigne.fr/s/1886/item/245412
oai:bibliotheque-numerique.icp.fr:1:16110,"Afrique chrétienne : évêchés antiques et ruines. 1, Tunisie (proconsulaire et Byzacène)",1912,20th c.,high,partner,,,,,none,,presumed_north,European printed cartography after 1700 is north-up by convention,early_modern,3_warp_only,no IIIF (partner-hosted); scan resolution low or unknown; no stated scale; image not on IIIF; fetch from the holding library,unknown,unknown,archaeology,1,partial,,none,,https://bibliotheque-numerique.icp.fr/idurl/1/16110
btv1b53242296v,"[Baie de Tunis, du cap Bon au cap Zebib]",,,high,bnf,,,,,none,,uncertain,pre-1700: portolans and siege views are frequently not north-up,sketch,3_warp_only,no stated scale,unknown,high,coastline_bathymetry,1,partial,,none,,https://gallica.bnf.fr/ark:/12148/btv1b53242296v
btv1b532422922,[Baie de Tunis],,,high,bnf,,,,,none,,uncertain,pre-1700: portolans and siege views are frequently not north-up,sketch,3_warp_only,no stated scale,unknown,high,coastline_bathymetry,1,partial,,none,,https://gallica.bnf.fr/ark:/12148/btv1b532422922
btv1b532423124,[Carte des côtes algériennes du cap Abatel au cap Bugarone],,,medium,bnf,,,,,none,,uncertain,pre-1700: portolans and siege views are frequently not north-up,sketch,3_warp_only,no stated scale,unknown,medium,coastline_bathymetry,1,partial,,none,,https://gallica.bnf.fr/ark:/12148/btv1b532423124
btv1b53242300t,[Plan de Portefarine],,,high,bnf,,,,,none,,uncertain,pre-1700: portolans and siege views are frequently not north-up,sketch,3_warp_only,no stated scale,unknown,medium,coastline_bathymetry,1,partial,,none,,https://gallica.bnf.fr/ark:/12148/btv1b53242300t
btv1b532830188,"Cartes du portuland anglois, au nombre de treize",,,high,bnf,,,,,none,,uncertain,pre-1700: portolans and siege views are frequently not north-up,sketch,3_warp_only,no stated scale,unknown,medium,coastline_bathymetry,1,partial,,none,,https://gallica.bnf.fr/ark:/12148/btv1b532830188
btv1b53281474s,Eyland Sardinia met de tegen over geleegene zee kusten van Barbaria tusschen C. de Ferro en C. Bona,,,high,bnf,,,,,none,,uncertain,pre-1700: portolans and siege views are frequently not north-up,sketch,3_warp_only,,small,high,coastline_bathymetry,1,partial,,none,small,https://gallica.bnf.fr/ark:/12148/btv1b53281474s
btv1b53242298r,Moüillage de Tunis devant Carthage,,,high,bnf,,,,,none,,uncertain,pre-1700: portolans and siege views are frequently not north-up,sketch,3_warp_only,no stated scale,unknown,high,coastline_bathymetry,1,partial,,none,,https://gallica.bnf.fr/ark:/12148/btv1b53242298r
btv1b532423107,Partie d'Afrique depuis Tabarque jusqu'à Alger,,,high,bnf,,,,,none,,uncertain,pre-1700: portolans and siege views are frequently not north-up,sketch,3_warp_only,no stated scale,unknown,medium,coastline_bathymetry,1,partial,,none,,https://gallica.bnf.fr/ark:/12148/btv1b532423107
btv1b53299904v,Plan de la coste depuis Alicant jusqu'au cap de St Paul,,,medium,bnf,,,,,none,,uncertain,pre-1700: portolans and siege views are frequently not north-up,sketch,3_warp_only,no stated scale,unknown,high,coastline_bathymetry,1,partial,,none,,https://gallica.bnf.fr/ark:/12148/btv1b53299904v
btv1b53301186r,Plan de la rade de l'Ogue Noüa,,,medium,bnf,,,,,none,,uncertain,pre-1700: portolans and siege views are frequently not north-up,sketch,3_warp_only,,large,high,coastline_bathymetry,1,partial,,none,large,https://gallica.bnf.fr/ark:/12148/btv1b53301186r
btv1b532375771,Plan de la rade de Tunis en Barbarie,,,high,bnf,,,,,none,,uncertain,pre-1700: portolans and siege views are frequently not north-up,sketch,3_warp_only,no stated scale,unknown,high,coastline_bathymetry,1,partial,,none,,https://gallica.bnf.fr/ark:/12148/btv1b532375771
btv1b532422979,"Plan du golphe de Tunis, entre le cap Bon & le cap Zebib / levé par M. Verguin l'aîné",,,high,bnf,,,,,none,,uncertain,pre-1700: portolans and siege views are frequently not north-up,sketch,3_warp_only,no stated scale,unknown,high,coastline_bathymetry,1,partial,,none,,https://gallica.bnf.fr/ark:/12148/btv1b532422979
oai:bibliotheques-specialisees.paris.fr:ark:/73873/pf0000857406,"[Plan montrant le prolongement du boulevard Saint-Germain, l'alignement de la rue de l'Ecole de Médecine, et le projet d'ouverture de la rue Danton. Plan parcellaire] : [Vers 1879]",,,unverified,partner,,,,,none,,uncertain,undated,sketch,3_warp_only,no IIIF (partner-hosted); scan resolution low or unknown; no stated scale; image not on IIIF; fetch from the holding library,unknown,unknown,urban_fabric,1,partial,urban_fabric,indirect,,https://bibliotheques-specialisees.paris.fr/ark:/73873/pf0000857406
oai:bibliotheques-specialisees.paris.fr:ark:/73873/pf0000857407,Agrandissement de l'Ecole pratique de la Faculté de Médecine. Plan parcellaire : 1882-1883,,,unverified,partner,,,,,none,,uncertain,undated,sketch,3_warp_only,no IIIF (partner-hosted); scan resolution low or unknown; no stated scale; image not on IIIF; fetch from the holding library,unknown,unknown,urban_fabric,1,partial,urban_fabric,indirect,,https://bibliotheques-specialisees.paris.fr/ark:/73873/pf0000857407
btv1b105803532,Carte archéologique et topographique des Ruines de Carthage. Echelle 1 / 5.000 / Bordy,,,high,bnf,,,,,none,,uncertain,undated,sketch,3_warp_only,no stated scale,unknown,high,archaeology,1,partial,,none,,https://gallica.bnf.fr/ark:/12148/btv1b105803532
oai:bibliotheques-specialisees.paris.fr:ark:/73873/pf0000857408,Ecole de médecine. Formation du périmètre. Plan parcellaire : [Vers 1878],,,unverified,partner,,,,,none,,uncertain,undated,sketch,3_warp_only,no IIIF (partner-hosted); scan resolution low or unknown; no stated scale; image not on IIIF; fetch from the holding library,unknown,unknown,urban_fabric,1,partial,urban_fabric,indirect,,https://bibliotheques-specialisees.paris.fr/ark:/73873/pf0000857408
oai:bibliotheques-specialisees.paris.fr:ark:/73873/pf0000857405,Ecole Pratique de la faculté de Médecine. Formation du périmètre. Plan parcellaire : [Vers 1878],,,unverified,partner,,,,,none,,uncertain,undated,sketch,3_warp_only,no IIIF (partner-hosted); scan resolution low or unknown; no stated scale; image not on IIIF; fetch from the holding library,unknown,unknown,urban_fabric,1,partial,urban_fabric,indirect,,https://bibliotheques-specialisees.paris.fr/ark:/73873/pf0000857405
oai:bibliotheques-specialisees.paris.fr:ark:/73873/pf0000857382,Expropriations complémentaires du boulevard [Saint-Michel] 5e arrondt. [Espace compris à l'angle du quai St-Michel]. Expropriations complémentaires du boulevard [Saint-Michel] 6e arrondt. [partie comprise entre les rues Pierre-Sarrazin et de l'Ecole de Médecine.] Plans parcellaires : 1855,,,unverified,partner,,,,,none,,uncertain,undated,sketch,3_warp_only,no IIIF (partner-hosted); scan resolution low or unknown; no stated scale; image not on IIIF; fetch from the holding library,unknown,unknown,urban_fabric,1,partial,urban_fabric,indirect,,https://bibliotheques-specialisees.paris.fr/ark:/73873/pf0000857382
btv1b8441527v,"Plan de la côte et seches de Barbarie, depuis Zerbi jusques à Susa, corrigée par les latitudes observées sur les lieux...",,,high,bnf,,,,,none,,uncertain,undated,sketch,3_warp_only,no stated scale,unknown,medium,coastline_bathymetry,1,partial,,none,,https://gallica.bnf.fr/ark:/12148/btv1b8441527v
btv1b8595355b,Disegno dell'isola de Gerbi con le seche che la difendeno dall'inondatione del mare ...,1500,16th c.,high,bnf,,,,,none,,uncertain,pre-1700: portolans and siege views are frequently not north-up,sketch,3_warp_only,no stated scale,unknown,medium,,0,no,,none,,https://gallica.bnf.fr/ark:/12148/btv1b8595355b
btv1b8595356r,Fortezza di Gerbi,1500,16th c.,high,bnf,,,,,none,,uncertain,pre-1700: portolans and siege views are frequently not north-up,sketch,3_warp_only,no stated scale,unknown,medium,,0,no,,none,,https://gallica.bnf.fr/ark:/12148/btv1b8595356r
btv1b8595372v,Il vero sito de La Goletta,1500,16th c.,high,bnf,,,,,none,,uncertain,pre-1700: portolans and siege views are frequently not north-up,sketch,3_warp_only,no stated scale,unknown,medium,,0,no,,none,,https://gallica.bnf.fr/ark:/12148/btv1b8595372v
btv1b8595365q,Carthaginis celeberrimi sinus typus,1535,16th c.,high,bnf,,,,,none,,uncertain,pre-1700: portolans and siege views are frequently not north-up,sketch,3_warp_only,scan resolution low or unknown; no stated scale,unknown,low,,0,no,,none,,https://gallica.bnf.fr/ark:/12148/btv1b8595365q
btv1b8595345z,"Constantina, Tunetensis, Tripolitana / [Livio Sanuto]",1558,16th c.,high,bnf,,,,,none,,uncertain,pre-1700: portolans and siege views are frequently not north-up,sketch,3_warp_only,no stated scale,unknown,high,,0,no,,none,,https://gallica.bnf.fr/ark:/12148/btv1b8595345z
btv1b55005215t,"Disigno dell'Isola de Gerbi con le seche che la difendeno dall'inodatione del mare, et il sito della fortezza fatta da Christiani alla defesa della quala vi è restato cinq[ue] millia valorosi soldati, e buona provisione di vituaglie e monitione che con l'aiuto di Dio bastara a diffenderla dall'insulti de l'armata Turchescha",1560,16th c.,high,bnf,,,,,none,,uncertain,pre-1700: portolans and siege views are frequently not north-up,sketch,3_warp_only,,medium,medium,,0,no,,none,medium,https://gallica.bnf.fr/ark:/12148/btv1b55005215t
btv1b55000007t,"Disigno dell'Isola de Gerbi con le seche che la difendeno dall'inodavone del mare, et il sito della fortezza fatta da Christiani alla defesa della quala vi è restato cinq. millia valorosi soldati e buona provisione di vituaglie e monitione che con l'aiuto di Dio bastara a diffenderla dall'insulti de l'armata Turchesca",1560,16th c.,high,bnf,,,,,none,,uncertain,pre-1700: portolans and siege views are frequently not north-up,sketch,3_warp_only,,medium,medium,,0,no,,none,medium,https://gallica.bnf.fr/ark:/12148/btv1b55000007t
btv1b550001148,"Disigno dell'Isola de Gerbi con le seche che la difendeno dall'inodavone del mare, et il sito della fortezza fatta da Christiani alla defesa della quala vi è restato cinq. millia valorosi soldati e buona provisione di vituaglie e monitione che con l'aiuto di Dio bastara a diffenderla dall'insulti de l'armata Turchesca",1560,16th c.,high,bnf,,,,,none,,uncertain,pre-1700: portolans and siege views are frequently not north-up,sketch,3_warp_only,,medium,medium,,0,no,,none,medium,https://gallica.bnf.fr/ark:/12148/btv1b550001148
btv1b84909709,Disigno dell'Isola de Gerbi... et il sito della fortezza fatta da christiani... bastara à diffenderla dall'insulti de l'armata Turchesca,1560,16th c.,high,bnf,,,,,none,,uncertain,pre-1700: portolans and siege views are frequently not north-up,sketch,3_warp_only,,medium,medium,,0,no,,none,medium,https://gallica.bnf.fr/ark:/12148/btv1b84909709
btv1b550051358,Fortezza di Gerbi,1560,16th c.,high,bnf,,,,,none,,uncertain,pre-1700: portolans and siege views are frequently not north-up,sketch,3_warp_only,scan resolution low or unknown,large,low,,0,no,,none,large,https://gallica.bnf.fr/ark:/12148/btv1b550051358
btv1b53042292h,Insularum aliquot maris Mediterranei descriptio / par Jacobo Castaldo,1570,16th c.,high,bnf,,,,,none,,uncertain,pre-1700: portolans and siege views are frequently not north-up,sketch,3_warp_only,no stated scale,unknown,medium,,0,no,,none,,https://gallica.bnf.fr/ark:/12148/btv1b53042292h
btv1b55000483v,"La notte del ultimo di Febraro 1570 havendo il molto Ill. sigr. Don Alfonso Pimentel Capitan Gnal de la Goleta inteso per le sue spie, che Uxli teneva sette barchoni à la Porta di Tunise...",1570,16th c.,high,bnf,,,,,none,,uncertain,pre-1700: portolans and siege views are frequently not north-up,sketch,3_warp_only,no stated scale,unknown,medium,,0,no,,none,,https://gallica.bnf.fr/ark:/12148/btv1b55000483v
btv1b101004136,"Natoliae, quae olim Asia Minor, nova descriptio ; Aegypti recentior descriptio ; Carthaginis celeberrimi sinus typus",1570,16th c.,high,bnf,,,,,none,,uncertain,pre-1700: portolans and siege views are frequently not north-up,sketch,3_warp_only,no stated scale,unknown,medium,,0,no,,none,,https://gallica.bnf.fr/ark:/12148/btv1b101004136
btv1b55005028t,"Il novo disegno di Tunisi et la Goletta fatto con le factioni haute e gl'ultimi duisi, con l'annotatione de beloardi de la nova fortezza tra Tunisi et lo Stagno...",1574,16th c.,high,bnf,,,,,none,,uncertain,pre-1700: portolans and siege views are frequently not north-up,sketch,3_warp_only,,medium,medium,,0,no,,none,medium,https://gallica.bnf.fr/ark:/12148/btv1b55005028t
btv1b550051714,Pianta del forto novo de Tunisi,1574,16th c.,high,bnf,,,,,none,,uncertain,pre-1700: portolans and siege views are frequently not north-up,sketch,3_warp_only,,large,medium,,0,no,,none,large,https://gallica.bnf.fr/ark:/12148/btv1b550051714
btv1b531432496,"Tunetis Urbis, ac novae eius arcis et Guletae, quae Philippo Hispan: Regi parent uti a Turcis, et Mauris Selimo, Thraciae Rege, Anno Christi [1574] mense Julio et Augusto fixis castris oppugnabantur, effigies",1574,16th c.,high,bnf,,,,,none,,uncertain,pre-1700: portolans and siege views are frequently not north-up,sketch,3_warp_only,no stated scale,unknown,medium,,0,no,,none,,https://gallica.bnf.fr/ark:/12148/btv1b531432496
btv1b8595371f,"Tunetis urbis, ac novae ejus arcis, et Guletae ...",1574,16th c.,high,bnf,,,,,none,,uncertain,pre-1700: portolans and siege views are frequently not north-up,sketch,3_warp_only,no stated scale,unknown,medium,,0,no,,none,,https://gallica.bnf.fr/ark:/12148/btv1b8595371f
btv1b8494678t,"Disigno dell'Isola de Gerbi con le seche che la difendeno dall'inondatione del mare et il sito della fortezza fatta da Christiani alla defesa della quala vi e restato cinq millia valorosi soldati, e buona provisione di vituaglie e munitione che con l'aiuto di Dio bastara à diffenderla dall'insulti de l'armata turchescha",1575,16th c.,high,bnf,,,,,none,,uncertain,pre-1700: portolans and siege views are frequently not north-up,sketch,3_warp_only,,medium,medium,,0,no,,none,medium,https://gallica.bnf.fr/ark:/12148/btv1b8494678t
btv1b85953612,Africa olim Aphrodisium,1600,17th c.,high,bnf,,,,,none,,uncertain,pre-1700: portolans and siege views are frequently not north-up,sketch,3_warp_only,scan resolution low or unknown; no stated scale,unknown,low,,0,no,,none,,https://gallica.bnf.fr/ark:/12148/btv1b85953612
btv1b8595363w,Monasten ; Insulae Comigas alias Coriae,1600,17th c.,high,bnf,,,,,none,,uncertain,pre-1700: portolans and siege views are frequently not north-up,sketch,3_warp_only,scan resolution low or unknown; no stated scale,unknown,low,,0,no,,none,,https://gallica.bnf.fr/ark:/12148/btv1b8595363w
btv1b85953419,Royaume de Tunis,1600,17th c.,high,bnf,,,,,none,,uncertain,pre-1700: portolans and siege views are frequently not north-up,sketch,3_warp_only,scan resolution low or unknown; no stated scale,unknown,low,,0,no,,none,,https://gallica.bnf.fr/ark:/12148/btv1b85953419
btv1b8595374p,Tunis : pianta del forto novo de Tunis,1600,17th c.,high,bnf,,,,,none,,uncertain,pre-1700: portolans and siege views are frequently not north-up,sketch,3_warp_only,no stated scale,unknown,medium,,0,no,,none,,https://gallica.bnf.fr/ark:/12148/btv1b8595374p
btv1b85951384,"Tunis, Goleta nunc distructa / [Guillelmo Blaeu]",1600,17th c.,high,bnf,,,,,none,,uncertain,pre-1700: portolans and siege views are frequently not north-up,sketch,3_warp_only,scan resolution low or unknown; no stated scale,unknown,low,,0,no,,none,,https://gallica.bnf.fr/ark:/12148/btv1b85951384
btv1b53211476h,Africae nova tabula / Auct. Jud. Hondio,1632,17th c.,high,bnf,,,,,none,,uncertain,pre-1700: portolans and siege views are frequently not north-up,sketch,3_warp_only,no stated scale,unknown,medium,,0,no,,none,,https://gallica.bnf.fr/ark:/12148/btv1b53211476h
btv1b531968223,"Tunes, Oppidum Barbarie & Regia sedes... ; Africa, olim Aphrodisium ; Peñon de Veles",1635,17th c.,high,bnf,,,,,none,,uncertain,pre-1700: portolans and siege views are frequently not north-up,sketch,3_warp_only,no stated scale,unknown,medium,,0,no,,none,,https://gallica.bnf.fr/ark:/12148/btv1b531968223
btv1b53196821n,"Tunetis urbis, ac novae eius arcis, et Guletae, quae Philippo Hispan. Regi parentuti a Turcis, et Mauris, Selimo, Thraciae Rege, anno Christi, M. D. LXXIV. mense julio, et augusto, fixis castris oppugnabantur, effigies",1635,17th c.,high,bnf,,,,,none,,uncertain,pre-1700: portolans and siege views are frequently not north-up,sketch,3_warp_only,no stated scale,unknown,medium,,0,no,,none,,https://gallica.bnf.fr/ark:/12148/btv1b53196821n
btv1b53196877d,Africae nova descripto / Auct. Guiljelmo Blaeuw,1640,17th c.,high,bnf,,,,,none,,uncertain,pre-1700: portolans and siege views are frequently not north-up,sketch,3_warp_only,,very_small,medium,,0,no,,none,very_small,https://gallica.bnf.fr/ark:/12148/btv1b53196877d
btv1b8490779b,"Partie de la Coste de Barbarie en Africque ou sont les royaumes de Tunis et Tripoli et pays circonvoisins tirés de Sanuto et d'autres par le Sr. Sanson, ... I. Somer P. / sculp",1655,17th c.,high,bnf,,,,,none,,uncertain,pre-1700: portolans and siege views are frequently not north-up,sketch,3_warp_only,,very_small,high,,0,no,,none,very_small,https://gallica.bnf.fr/ark:/12148/btv1b8490779b
btv1b84916621,"Partie de la Coste de Barbarie en Africque ou sont les royaumes de Tunis et Tripoli et pays circonvoisins tirés de Sanuto et d'autres par le Sr. Sanson, ... I. Somer P. / sculp",1655,17th c.,high,bnf,,,,,none,,uncertain,pre-1700: portolans and siege views are frequently not north-up,sketch,3_warp_only,,very_small,high,,0,no,,none,very_small,https://gallica.bnf.fr/ark:/12148/btv1b84916621
btv1b59055992,Carte particulière de la coste de Barbarie / Bremond,1664,17th c.,high,bnf,,,,,none,,uncertain,pre-1700: portolans and siege views are frequently not north-up,sketch,3_warp_only,no stated scale,unknown,high,,0,no,,none,,https://gallica.bnf.fr/ark:/12148/btv1b59055992
btv1b53098482g,"Les costes des royaumes de Fez, Alger, Tunis et Tripoli en Barbarie suivant les routiers et portolans de divers pilotes / par P. Du Val, ... ; F.D. Lapointe fecit",1664,17th c.,high,bnf,,,,,none,,uncertain,pre-1700: portolans and siege views are frequently not north-up,sketch,3_warp_only,,very_small,medium,,0,no,,none,very_small,https://gallica.bnf.fr/ark:/12148/btv1b53098482g
btv1b530527863,"Les Costes des royaumes de Fez, Alger, Tunis et Tripoli en Barbarie suivant les routiers et les portolans de divers pilotes / par P. du val ; F. Lapointe fecit",1677,17th c.,high,bnf,,,,,none,,uncertain,pre-1700: portolans and siege views are frequently not north-up,sketch,3_warp_only,no stated scale,unknown,medium,,0,no,,none,,https://gallica.bnf.fr/ark:/12148/btv1b530527863
oai:bibliotheque-numerique.icp.fr:1:8160,"[Nazaret de Salonique, merkez-mudiriet de Monastir, Serbie]",1801,19th c.,high,partner,,,,,none,,presumed_north,European printed cartography after 1700 is north-up by convention,early_modern,3_warp_only,no IIIF (partner-hosted); scan resolution low or unknown; no stated scale; image not on IIIF; fetch from the holding library,unknown,unknown,,0,no,,none,,https://bibliotheque-numerique.icp.fr/idurl/1/8160
oai:bibliotheques-specialisees.paris.fr:ark:/73873/pf0000193532,Carte des possessions françaises en Afrique et d'une partie de la Régence de Tunis,1833,19th c.,high,partner,,,,,none,,presumed_north,European printed cartography after 1700 is north-up by convention,survey,3_warp_only,no IIIF (partner-hosted); scan resolution low or unknown; no stated scale; image not on IIIF; fetch from the holding library,unknown,unknown,,0,no,,none,,https://bibliotheques-specialisees.paris.fr/ark:/73873/pf0000193532
oai:u-bordeaux-montaigne.fr:245555,Tunisie. Du cap Kamart au Ras-al-Fortas. Baie de Tunis,1893,19th c.,high,partner,,,,,none,,presumed_north,European printed cartography after 1700 is north-up by convention,survey,3_warp_only,no IIIF (partner-hosted); scan resolution low or unknown; image not on IIIF; fetch from the holding library,medium,unknown,,0,no,,none,medium,https://1886.u-bordeaux-montaigne.fr/s/1886/item/245555
oai:u-bordeaux-montaigne.fr:340388,"Tunisie Flle. N° XIII-B1-C36, El Ariana / dressé, gravé et publié par le Service géographique de l'armée (révision de 1902)",1902,20th c.,high,partner,,,,,none,,presumed_north,European printed cartography after 1700 is north-up by convention,survey,3_warp_only,no IIIF (partner-hosted); scan resolution low or unknown; image not on IIIF; fetch from the holding library,medium,unknown,,0,no,,none,medium,https://1886.u-bordeaux-montaigne.fr/s/1886/item/340388
oai:u-bordeaux-montaigne.fr:245554,"Mediterranean. Tunis. North coast. Approaches to Bizerta (Benzert) : from french government charts, 1885 & 1896",1903,20th c.,high,partner,,,,,none,,presumed_north,European printed cartography after 1700 is north-up by convention,chart,3_warp_only,no IIIF (partner-hosted); scan resolution low or unknown; no stated scale; image not on IIIF; fetch from the holding library,unknown,unknown,,0,no,,none,,https://1886.u-bordeaux-montaigne.fr/s/1886/item/245554
oai:bibliotheque-numerique.icp.fr:1:16101,Vilayet de Monastir : Carte des écoles chrétiennes : [La questione rumeliota carta N° 3],1908,20th c.,low,partner,,,,,none,,presumed_north,European printed cartography after 1700 is north-up by convention,early_modern,3_warp_only,no IIIF (partner-hosted); scan resolution low or unknown; no stated scale; image not on IIIF; fetch from the holding library,unknown,unknown,,0,no,,none,,https://bibliotheque-numerique.icp.fr/idurl/1/16101
oai:u-bordeaux-montaigne.fr:340392,"Tunisie Flle. N° XVI-B 1-C 39, Kelibia / dressé, héliogravé et publié par Service géographique de l'armée (révision de 1932)",1932,20th c.,high,partner,,,,,none,,presumed_north,European printed cartography after 1700 is north-up by convention,survey,3_warp_only,no IIIF (partner-hosted); scan resolution low or unknown; image not on IIIF; fetch from the holding library,medium,unknown,,0,no,,none,medium,https://1886.u-bordeaux-montaigne.fr/s/1886/item/340392
oai:u-bordeaux-montaigne.fr:340411,"Tunisie Flle. N° XXIII-B2-C39, Mennzel Heurr / dressé, héliogravé et publié par Service géographique de l'armée en 1896. Révision de 1932",1932,20th c.,high,partner,,,,,none,,presumed_north,European printed cartography after 1700 is north-up by convention,survey,3_warp_only,no IIIF (partner-hosted); scan resolution low or unknown; image not on IIIF; fetch from the holding library,medium,unknown,,0,no,,none,medium,https://1886.u-bordeaux-montaigne.fr/s/1886/item/340411
oai:u-bordeaux-montaigne.fr:494041,Afrique du nord,1934,20th c.,high,partner,,,,,none,,presumed_north,European printed cartography after 1700 is north-up by convention,early_modern,3_warp_only,no IIIF (partner-hosted); scan resolution low or unknown; no stated scale; image not on IIIF; fetch from the holding library,unknown,unknown,,0,no,,none,,https://1886.u-bordeaux-montaigne.fr/s/1886/item/494041
oai:u-bordeaux-montaigne.fr:494039,Afrique du nord,1934,20th c.,high,partner,,,,,none,,presumed_north,European printed cartography after 1700 is north-up by convention,early_modern,3_warp_only,no IIIF (partner-hosted); scan resolution low or unknown; no stated scale; image not on IIIF; fetch from the holding library,unknown,unknown,,0,no,,none,,https://1886.u-bordeaux-montaigne.fr/s/1886/item/494039
oai:u-bordeaux-montaigne.fr:340008,Tabarka,1940,20th c.,high,partner,,,,,none,,presumed_north,European printed cartography after 1700 is north-up by convention,early_modern,3_warp_only,no IIIF (partner-hosted); scan resolution low or unknown; no stated scale; image not on IIIF; fetch from the holding library,unknown,unknown,,0,no,,none,,https://1886.u-bordeaux-montaigne.fr/s/1886/item/340008
oai:u-bordeaux-montaigne.fr:494017,Algérie et Tunisie,,,high,partner,,,,,none,,uncertain,undated,sketch,3_warp_only,no IIIF (partner-hosted); scan resolution low or unknown; no stated scale; image not on IIIF; fetch from the holding library,unknown,unknown,,0,no,,none,,https://1886.u-bordeaux-montaigne.fr/s/1886/item/494017
oai:bibliotheques-specialisees.paris.fr:ark:/73873/pf0000855787,Carte du département de la Seine. 6 zones du service médical,,,unverified,partner,,,,,none,,uncertain,undated,sketch,3_warp_only,no IIIF (partner-hosted); scan resolution low or unknown; no stated scale; image not on IIIF; fetch from the holding library,unknown,unknown,,0,no,,none,,https://bibliotheques-specialisees.paris.fr/ark:/73873/pf0000855787
oai:bibliotheques-specialisees.paris.fr:ark:/73873/pf0001954207,Tunisie au 500 000|e],,,high,partner,,,,,none,,uncertain,undated,sketch,3_warp_only,no IIIF (partner-hosted); scan resolution low or unknown; no stated scale; image not on IIIF; fetch from the holding library,unknown,unknown,,0,no,,none,,https://bibliotheques-specialisees.paris.fr/ark:/73873/pf0001954207
oai:bibliotheques-specialisees.paris.fr:ark:/73873/pf0001954215,Tunisie au 500 000|e] : Feuille 2,,,high,partner,,,,,none,,uncertain,undated,sketch,3_warp_only,no IIIF (partner-hosted); scan resolution low or unknown; no stated scale; image not on IIIF; fetch from the holding library,unknown,unknown,,0,no,,none,,https://bibliotheques-specialisees.paris.fr/ark:/73873/pf0001954215
btv1b52503974g,Atlas des principales villes maritimes de France tant sur l'Océan que sur la Méditerranée depuis Dunkerque jusques et compris Antibes [plus des places fortes sur le Rhin et en Italie] / dessinés par H.-E. Diot,1770,18th c.,high,bnf,,,,,none,,presumed_north,European printed cartography after 1700 is north-up by convention,atlas_volume,4_not_georeferenceable,"no stated scale; atlas volume: georeference individual plates, not the record",unknown,high,settlements | hydrology | fortifications | archaeology,4,no,settlements,indirect,,https://gallica.bnf.fr/ark:/12148/btv1b52503974g
bpt6k1100178q,"Essai d'Atlas statistique de l'Indochine française : Indochine physique, population, administration, finances, agriculture, commerce, industrie / par Henri Brenier, ... ; Gouvernement général de l'Indochine",1914,20th c.,unverified,bnf,,,,,none,,presumed_north,European printed cartography after 1700 is north-up by convention,atlas_volume,4_not_georeferenceable,"scan resolution low or unknown; no stated scale; atlas volume: georeference individual plates, not the record",unknown,low,land_use | population | economy,3,no,economy | land_use | population,indirect,,https://gallica.bnf.fr/ark:/12148/bpt6k1100178q
btv1b55008266c,"Plantz, pourtraitz et descriptions de plusieurs villes et forteresses, tant de l'Europe, Asie, & Afrique, que des Indes, & terres neuves: Leurs fondations, antiquitez, & manieres de vivre: Avec plusieurs cartes generales & particulieres, servans à la Cosmographie, iointes à leurs declarations: deux tables fort amples, l'une des chapitres, & l'autre des matieres contenues en ce present livre. Le tout mis par ordre, region par region, par Antoine du Pinet",1564,16th c.,unverified,bnf,,,,,none,,uncertain,pre-1700: portolans and siege views are frequently not north-up,atlas_volume,4_not_georeferenceable,"no stated scale; atlas volume: georeference individual plates, not the record",unknown,medium,settlements | fortifications,2,no,settlements,indirect,,https://gallica.bnf.fr/ark:/12148/btv1b55008266c
btv1b5906266z,"Carte particullière /de la mer Méditerranée, / faicte par moy François Ollive, à Marseille en l'année 1662",1662,17th c.,high,bnf,,,,,none,,uncertain,"perspective view: oriented to the viewer, not to north",sketch_view,4_not_georeferenceable,"perspective view, not a plan",very_small,high,coastline_bathymetry | roads,2,no,roads,indirect,very_small,https://gallica.bnf.fr/ark:/12148/btv1b5906266z
btv1b532375502,Veüe de la place de la Calle en Barbarie... / par le Sr Jean Bigonnet... ; sous le com[m]andem[en]t de Mrs les directeurs généraux de la Compagnie des Indes,1728,18th c.,medium,bnf,,,,,none,,uncertain,"perspective view: oriented to the viewer, not to north",sketch_view,4_not_georeferenceable,"no stated scale; perspective view, not a plan",unknown,medium,hydrology | fortifications,2,no,,none,,https://gallica.bnf.fr/ark:/12148/btv1b532375502
btv1b53237554v,Ville de Sousse,1764,18th c.,high,bnf,,,,,none,,uncertain,"perspective view: oriented to the viewer, not to north",sketch_view,4_not_georeferenceable,"no stated scale; perspective view, not a plan",unknown,medium,settlements | coastline_bathymetry,2,no,settlements,indirect,,https://gallica.bnf.fr/ark:/12148/btv1b53237554v
btv1b53237553d,Vüe de la ville de Sousse en Barbarie,1764,18th c.,high,bnf,,,,,none,,uncertain,"perspective view: oriented to the viewer, not to north",sketch_view,4_not_georeferenceable,"no stated scale; perspective view, not a plan",unknown,medium,settlements | coastline_bathymetry,2,no,settlements,indirect,,https://gallica.bnf.fr/ark:/12148/btv1b53237553d
btv1b53237552z,Vüe de la ville et rade de Sousse en Barbarie / Le Moyne,1764,18th c.,high,bnf,,,,,none,,uncertain,"perspective view: oriented to the viewer, not to north",sketch_view,4_not_georeferenceable,"no stated scale; perspective view, not a plan",unknown,medium,settlements | coastline_bathymetry,2,no,settlements,indirect,,https://gallica.bnf.fr/ark:/12148/btv1b53237552z
btv1b53242273p,"[Diverses vues de la côte de Barbarie : environs de Sousse, de l'île de Djerba et de Mahdia] / Lemoyne l'ainé fecit",,18th c.,high,bnf,,,,,none,,uncertain,"perspective view: oriented to the viewer, not to north",sketch_view,4_not_georeferenceable,"no stated scale; perspective view, not a plan",unknown,high,coastline_bathymetry | fortifications,2,no,,none,,https://gallica.bnf.fr/ark:/12148/btv1b53242273p
btv1b53237537c,Veue du Cap Nègre : situé à la côte de Barbarie Royaume de Thunis,,18th c.,high,bnf,,,,,none,,uncertain,"perspective view: oriented to the viewer, not to north",sketch_view,4_not_georeferenceable,"no stated scale; perspective view, not a plan",unknown,high,coastline_bathymetry | fortifications,2,no,,none,,https://gallica.bnf.fr/ark:/12148/btv1b53237537c
bpt6k326843q,Théâtre des cités du monde. Premier volume,1574,16th c.,unverified,bnf,,,,,none,,uncertain,pre-1700: portolans and siege views are frequently not north-up,atlas_volume,4_not_georeferenceable,"no stated scale; atlas volume: georeference individual plates, not the record",unknown,medium,settlements,1,no,settlements,indirect,,https://gallica.bnf.fr/ark:/12148/bpt6k326843q
bd6t5700000d,Théâtre des cités du monde. Volume 1 / par Georges Bruin,1574,,unverified,bnf,-180.000,180.000,90.000,-90.000,unimarc_123,0.000,uncertain,pre-1700: portolans and siege views are frequently not north-up,atlas_volume,4_not_georeferenceable,"no stated scale; atlas volume: georeference individual plates, not the record",unknown,medium,settlements,1,no,settlements,indirect,,https://gallica.bnf.fr/ark:/12148/bd6t5700000d
bpt6k326845g,Theatre des principales villes de tout l'univers. Second volume,1574,16th c.,unverified,bnf,,,,,none,,uncertain,pre-1700: portolans and siege views are frequently not north-up,atlas_volume,4_not_georeferenceable,"no stated scale; atlas volume: georeference individual plates, not the record",unknown,medium,settlements,1,no,settlements,indirect,,https://gallica.bnf.fr/ark:/12148/bpt6k326845g
bpt6k324274q,"La Cosmographie universelle de tout le monde en laquelle, suivant les auteurs plus dignes de foy, sont au vray descriptes toutes les parties habitables & non habitables de la terre et de la mer, leurs assiettes & choses qu'elles produisent: puis la description & peincture topographique des régions, la différence de l'air de chacun pays d'où advient la diversité tant de la complexion des hommes que des figures des bestes brutes. Et encor l'origine, noms ou appellations tant modernes qu'anciennes & description de plusieurs villes, citez & isles avec leurs plantz & pourtraictz & sur tout de la France, non encor iusques à present veus ny imprimez. S'y voyent aussi d'avantage, les origines, accroissemens & changemens des monarchies, empires, royaumes, estatz & republiques: ensemble les moeurs, façons de vivre, loix, coustumes, & religion de tous les peuples & natio[n]s du monde: & la succession des papes, cardinaux, archevesques & evesques, chacun en leur diocese, tant anciens que modernes: Avec plusieurs autres choses, le sommaire desquelles se void en la page suivante auteur en partie Munster, mais beaucoup plus augmentée, ornée & enrichie par François de Belle-Forest, Comingeois, tant de ses recerches [sic], comme de l'aide de plusieurs memoires envoyez de diverses villes de France, par hommes amateurs de l'histoire & de leur patrie Avec trois tables, l'une des plantz & pourtraicts des isles et des villes. La seconde, des tiltres & chapitres. Et la troisiesme, de tous les noms propres & des matières co[m]prises en tout l'oeuvre",1575,16th c.,unverified,bnf,,,,,none,,uncertain,pre-1700: portolans and siege views are frequently not north-up,atlas_volume,4_not_georeferenceable,"no stated scale; atlas volume: georeference individual plates, not the record",unknown,medium,settlements,1,no,settlements,indirect,,https://gallica.bnf.fr/ark:/12148/bpt6k324274q
bpt6k1505502g,"La Cosmographie universelle de tout le monde en laquelle, suivant les auteurs plus dignes de foy, sont au vray descriptes toutes les parties habitables & non habitables de la terre et de la mer, leurs assiettes & choses qu'elles produisent: puis la description & peincture topographique des régions, la différence de l'air de chacun pays d'où advient la diversité tant de la complexion des hommes que des figures des bestes brutes. Et encor l'origine, noms ou appellations tant modernes qu'anciennes & description de plusieurs villes, citez & isles avec leurs plantz & pourtraictz & sur tout de la France, non encor iusques à present veus ny imprimez. S'y voyent aussi d'avantage, les origines, accroissemens & changemens des monarchies, empires, royaumes, estatz & republiques: ensemble les moeurs, façons de vivre, loix, coustumes, & religion de tous les peuples & natio[n]s du monde: & la succession des papes, cardinaux, archevesques & evesques, chacun en leur diocese, tant anciens que modernes: Avec plusieurs autres choses, le sommaire desquelles se void en la page suivante auteur en partie Munster, mais beaucoup plus augmentée, ornée & enrichie par François de Belle-Forest, Comingeois, tant de ses recerches [sic], comme de l'aide de plusieurs memoires envoyez de diverses villes de France, par hommes amateurs de l'histoire & de leur patrie Avec trois tables, l'une des plantz & pourtraicts des isles et des villes. La seconde, des tiltres & chapitres. Et la troisiesme, de tous les noms propres & des matières co[m]prises en tout l'oeuvre. Tome 1",1575,16th c.,unverified,bnf,,,,,none,,uncertain,pre-1700: portolans and siege views are frequently not north-up,atlas_volume,4_not_georeferenceable,"no stated scale; atlas volume: georeference individual plates, not the record",unknown,medium,settlements,1,no,settlements,indirect,,https://gallica.bnf.fr/ark:/12148/bpt6k1505502g
bpt6k3268443,Theatre des principales villes de tout l'Univers. Liber Tertius.,1583,16th c.,unverified,bnf,,,,,none,,uncertain,pre-1700: portolans and siege views are frequently not north-up,atlas_volume,4_not_georeferenceable,"no stated scale; atlas volume: georeference individual plates, not the record",unknown,medium,settlements,1,no,settlements,indirect,,https://gallica.bnf.fr/ark:/12148/bpt6k3268443
btv1b550078451,"Geografia di M. Livio Sanuto distinta in XII libri. Né quali oltra l'esplicatione di molti luoghi di Tolemeo e della Bussola e dell'Aguglia si dichiarano le Provincie, Popoli, Regni, Città, Porte, Monti, Fiumi, Laghi e Costumi dell'Africa. Con XII tavole di essa Africa in dissegno di rame : Aggiunti de piu tre Indici da M.Giovan Carlo Saraceni, con Privilegie",1588,16th c.,high,bnf,,,,,none,,uncertain,pre-1700: portolans and siege views are frequently not north-up,atlas_volume,4_not_georeferenceable,"no stated scale; atlas volume: georeference individual plates, not the record",unknown,medium,settlements,1,no,settlements,indirect,,https://gallica.bnf.fr/ark:/12148/btv1b550078451
btv1b52510038g,"Cartes generales de toutes les parties du monde, ou les empires, monarchies, republiques, estats, peuples, &c. de l'Asie, de l'Afrique, de l'Europe, & de l'Americque, tant anciens que nouveaux, sont exactement remarqués, & distingués suivant leur estendue. Par le Sieur Sanson d'Abbeville, Geographe ordinaire du Roy",1658,17th c.,unverified,bnf,,,,,none,,uncertain,pre-1700: portolans and siege views are frequently not north-up,atlas_volume,4_not_georeferenceable,"no stated scale; atlas volume: georeference individual plates, not the record",unknown,medium,settlements,1,no,settlements,indirect,,https://gallica.bnf.fr/ark:/12148/btv1b52510038g
btv1b525039034,Cartes pour les itinéraires et voïages [sic] modernes qui ont esté faits tant par mer que par terre dans toutes les parties du monde et particulierement dans le Levant (Deuxième édition) / Par P. Duval géographe du Roy,1677,17th c.,medium,bnf,,,,,none,,uncertain,pre-1700: portolans and siege views are frequently not north-up,atlas_volume,4_not_georeferenceable,"no stated scale; atlas volume: georeference individual plates, not the record",unknown,medium,roads,1,no,roads,indirect,,https://gallica.bnf.fr/ark:/12148/btv1b525039034
btv1b55013766v,"[L'Affrique, en plusieurs cartes nouvelles, et exactes, &c. en divers traitez de geographie, et d'histoire. Là où sont descrits succinctement, & avec une belle methode, & facile. ses empires, ses monarchies, ses estats, &c les moeurs, les langues, les religions, le negoce et la richesse de ses peuples, &c. Et ce qu'il y a de plus beau & de plus rare dans toutes ses parties, & dans ses isles. Par le S. Sanson d'Abbeville, Geographe ordinaire du roy]",1706,18th c.,unverified,bnf,,,,,none,,presumed_north,European printed cartography after 1700 is north-up by convention,atlas_volume,4_not_georeferenceable,"scan resolution low or unknown; no stated scale; atlas volume: georeference individual plates, not the record",unknown,low,settlements,1,no,settlements,indirect,,https://gallica.bnf.fr/ark:/12148/btv1b55013766v
btv1b53284620q,Plan de l'attaque d'Alicant,1706,18th c.,medium,bnf,,,,,none,,uncertain,"perspective view: oriented to the viewer, not to north",sketch_view,4_not_georeferenceable,"no stated scale; perspective view, not a plan",unknown,high,settlements,1,no,settlements,indirect,,https://gallica.bnf.fr/ark:/12148/btv1b53284620q
btv1b53237551h,Veüe de l'isle de Tabarque,1740,18th c.,high,bnf,,,,,none,,uncertain,"perspective view: oriented to the viewer, not to north",sketch_view,4_not_georeferenceable,"no stated scale; perspective view, not a plan",unknown,medium,fortifications,1,no,,none,,https://gallica.bnf.fr/ark:/12148/btv1b53237551h
btv1b532422727,Prospetiva dell' Isola di Tabarca,1742,18th c.,high,bnf,,,,,none,,uncertain,"perspective view: oriented to the viewer, not to north",sketch_view,4_not_georeferenceable,"no stated scale; perspective view, not a plan",unknown,high,fortifications,1,no,,none,,https://gallica.bnf.fr/ark:/12148/btv1b532422727
btv1b53098379t,"Nouvelle Carte topographique des Royaumes d'Alger, Tunis, Tripoli, Fez, Maroc et de toutes les côtes de la Méditerranée, dressée pour l'Expédition en Barbarie, par l'armée française, en Mai 1830 / Dressée par Mr. Rigault, Ingr. Géog., ex-capitaine du Génie ; Théâtre de la Guerre",1830,19th c.,high,bnf,,,,,none,,uncertain,"perspective view: oriented to the viewer, not to north",sketch_view,4_not_georeferenceable,"perspective view, not a plan",very_small,high,coastline_bathymetry,1,no,,none,very_small,https://gallica.bnf.fr/ark:/12148/btv1b53098379t
btv1b53121117c,Chemins de fer de l'Ouenza,1908,20th c.,high,bnf,,,,,none,,uncertain,"perspective view: oriented to the viewer, not to north",sketch_view,4_not_georeferenceable,"perspective view, not a plan",small,high,railways,1,no,railways,indirect,small,https://gallica.bnf.fr/ark:/12148/btv1b53121117c
bpt6k1100182m,"Atlas colonial français : colonies, protectorats et pays sous mandat / cartes et texte du Commandant P. Pollacchi",1929,20th c.,unverified,bnf,,,,,none,,presumed_north,European printed cartography after 1700 is north-up by convention,atlas_volume,4_not_georeferenceable,"no stated scale; atlas volume: georeference individual plates, not the record",unknown,medium,hydrology,1,no,,none,,https://gallica.bnf.fr/ark:/12148/bpt6k1100182m
bpt6k9117777g,"Inventaire communal 1988. 53, Mayenne / Institut national de la statistique et des études économiques ; Service central des enquêtes et études statistiques",1988,20th c.,unverified,bnf,-5.083,9.550,51.067,41.300,math_data_text,0.000,presumed_north,European printed cartography after 1700 is north-up by convention,atlas_volume,4_not_georeferenceable,"scan resolution low or unknown; atlas volume: georeference individual plates, not the record",small,low,economy,1,no,economy,indirect,small,https://gallica.bnf.fr/ark:/12148/bpt6k9117777g
btv1b53237547s,Côte de Monestier dans la rade,,18th c.,high,bnf,,,,,none,,uncertain,"perspective view: oriented to the viewer, not to north",sketch_view,4_not_georeferenceable,"no stated scale; perspective view, not a plan",unknown,medium,coastline_bathymetry,1,no,,none,,https://gallica.bnf.fr/ark:/12148/btv1b53237547s
btv1b532375487,Veüe de la Calle du côté de terre ferme,,18th c.,medium,bnf,,,,,none,,uncertain,"perspective view: oriented to the viewer, not to north",sketch_view,4_not_georeferenceable,"no stated scale; perspective view, not a plan",unknown,medium,coastline_bathymetry,1,no,,none,,https://gallica.bnf.fr/ark:/12148/btv1b532375487
btv1b53237556r,Veüe du Capnegre,,18th c.,high,bnf,,,,,none,,uncertain,"perspective view: oriented to the viewer, not to north",sketch_view,4_not_georeferenceable,"no stated scale; perspective view, not a plan",unknown,medium,coastline_bathymetry,1,no,,none,,https://gallica.bnf.fr/ark:/12148/btv1b53237556r
btv1b532375559,Veüe du moüillage de la Goulette,,18th c.,high,bnf,,,,,none,,uncertain,"perspective view: oriented to the viewer, not to north",sketch_view,4_not_georeferenceable,"no stated scale; perspective view, not a plan",unknown,medium,coastline_bathymetry,1,no,,none,,https://gallica.bnf.fr/ark:/12148/btv1b532375559
btv1b84904710,[Castello del bazzaro],1560,16th c.,high,bnf,,,,,none,,uncertain,"perspective view: oriented to the viewer, not to north",sketch_view,4_not_georeferenceable,"perspective view, not a plan",large,medium,,0,no,,none,large,https://gallica.bnf.fr/ark:/12148/btv1b84904710
btv1b531704111,Presa delle dua galere di Biserta fatta dalle galere della Sacra Relig[io]ne di S. Stefano [ ] / Stefan[o] della Bella f[ecit],1628,17th c.,unverified,bnf,,,,,none,,uncertain,"perspective view: oriented to the viewer, not to north",sketch_view,4_not_georeferenceable,"no stated scale; perspective view, not a plan",unknown,medium,,0,no,,none,,https://gallica.bnf.fr/ark:/12148/btv1b531704111
btv1b52511195b,Tresor des cartes geographiques des principaux estatz de l'univers [...],1659,17th c.,unverified,bnf,,,,,none,,uncertain,pre-1700: portolans and siege views are frequently not north-up,atlas_volume,4_not_georeferenceable,"scan resolution low or unknown; no stated scale; atlas volume: georeference individual plates, not the record",unknown,low,,0,no,,none,,https://gallica.bnf.fr/ark:/12148/btv1b52511195b
btv1b52526874r,"Atlas nouveau contenant toutes les parties du monde ou sont exactement remarqués les Empires, Monarchies Royaumes, Estats Republiques & Peuples qui si trouvent à present. Presenté a Monseigneur le Dauphin par son tres-humble, tres-obeissant et tres-fidele serviteur Hubert Iaillot",1681,17th c.,unverified,bnf,,,,,none,,uncertain,pre-1700: portolans and siege views are frequently not north-up,atlas_volume,4_not_georeferenceable,"no stated scale; atlas volume: georeference individual plates, not the record",unknown,high,,0,no,,none,,https://gallica.bnf.fr/ark:/12148/btv1b52526874r
bpt6k4324200,L'Europe et ses descriptions Par P. Du Val geographe du Roy. Avec privilege de Sa Majesté,1686,17th c.,unverified,bnf,,,,,none,,uncertain,pre-1700: portolans and siege views are frequently not north-up,atlas_volume,4_not_georeferenceable,"scan resolution low or unknown; no stated scale; atlas volume: georeference individual plates, not the record",unknown,low,,0,no,,none,,https://gallica.bnf.fr/ark:/12148/bpt6k4324200
bpt6k8726671v,La geographie universelle qui fait voir l'estat présent des 4 parties du monde c'est à dire les religions les coutumes & les richesses des peuples les forces & les gouvernements des estats Ce qui est de plus beau & de plus rare dans chaque region & autres particularités pour sçavoir l'histoire & I'interest des princes. On y a joint le traité du globe Par P. Du-Val geographe ordinaire du Roy. Premiere partie,1688,17th c.,unverified,bnf,,,,,none,,uncertain,pre-1700: portolans and siege views are frequently not north-up,atlas_volume,4_not_georeferenceable,"scan resolution low or unknown; no stated scale; atlas volume: georeference individual plates, not the record",unknown,low,,0,no,,none,,https://gallica.bnf.fr/ark:/12148/bpt6k8726671v
btv1b84937605,Veue de l'Isle de Tabarqua,1700,18th c.,high,bnf,,,,,none,,uncertain,"perspective view: oriented to the viewer, not to north",sketch_view,4_not_georeferenceable,"no stated scale; perspective view, not a plan",unknown,medium,,0,no,,none,,https://gallica.bnf.fr/ark:/12148/btv1b84937605
btv1b53143340j,Vue de Tunis d'Alger & de Gigeri avec quelques particularitez curieuses touchant les moeurs de leurs habitans & de quelques autres pleuples de barbarie / [Henri Abraham Chatelain},1708,18th c.,high,bnf,,,,,none,,uncertain,"perspective view: oriented to the viewer, not to north",sketch_view,4_not_georeferenceable,"no stated scale; perspective view, not a plan",unknown,medium,,0,no,,none,,https://gallica.bnf.fr/ark:/12148/btv1b53143340j
btv1b53247486x,"Atlas ou recüeil de cartes geographiques, dressées sur les nouvelles observations de M[essieu]rs de l'Academie Royale des Sciences, par N. de Fer geographe de sa Majesté Catolique et Monseigneur le Dauphin",1709,18th c.,unverified,bnf,,,,,none,,presumed_north,European printed cartography after 1700 is north-up by convention,atlas_volume,4_not_georeferenceable,"no stated scale; atlas volume: georeference individual plates, not the record",unknown,high,,0,no,,none,,https://gallica.bnf.fr/ark:/12148/btv1b53247486x
btv1b53237549p,Vüe de l'isle de Tabarque en Barbarie : dessinée du vaisseau l'Aquilon commandé par M. de Massiac...,1742,18th c.,high,bnf,,,,,none,,uncertain,"perspective view: oriented to the viewer, not to north",sketch_view,4_not_georeferenceable,"no stated scale; perspective view, not a plan",unknown,high,,0,no,,none,,https://gallica.bnf.fr/ark:/12148/btv1b53237549p
bpt6k316310r,Histoire scientifique et militaire de l'expédition française en Egypte : dédiée au Roi. atlas,1830,19th c.,unverified,bnf,,,,,none,,presumed_north,European printed cartography after 1700 is north-up by convention,atlas_volume,4_not_georeferenceable,"no stated scale; atlas volume: georeference individual plates, not the record",unknown,medium,,0,no,,none,,https://gallica.bnf.fr/ark:/12148/bpt6k316310r
bpt6k96135733,"Atlas céleste comprenant toutes les cartes de l'ancien atlas (3e éd.) / de Ch. Dien ; rectifié, augmenté et enrichi de cartes nouvelles,... par Camille Flammarion,...",1877,19th c.,unverified,bnf,,,,,none,,presumed_north,European printed cartography after 1700 is north-up by convention,atlas_volume,4_not_georeferenceable,"no stated scale; atlas volume: georeference individual plates, not the record",unknown,high,,0,no,,none,,https://gallica.bnf.fr/ark:/12148/bpt6k96135733
bpt6k5790223v,"Nouvel atlas des colonies françaises : dressé par ordre de l'administration des colonies / par Paul Pelet, ...",1891,19th c.,unverified,bnf,,,,,none,,presumed_north,European printed cartography after 1700 is north-up by convention,atlas_volume,4_not_georeferenceable,"scan resolution low or unknown; no stated scale; atlas volume: georeference individual plates, not the record",unknown,low,,0,no,,none,,https://gallica.bnf.fr/ark:/12148/bpt6k5790223v
bpt6k1100234w,"Nouvel Atlas colonial / par Henri Mager, ,...",1899,19th c.,unverified,bnf,,,,,none,,presumed_north,European printed cartography after 1700 is north-up by convention,atlas_volume,4_not_georeferenceable,"scan resolution low or unknown; no stated scale; atlas volume: georeference individual plates, not the record",unknown,low,,0,no,,none,,https://gallica.bnf.fr/ark:/12148/bpt6k1100234w
bpt6k11001831,"Atlas des colonies françaises : 27 planches de cartes, texte explicatif, index alphabétique / dressé par ordre du Ministère des Colonies par Paul Pelet",1902,20th c.,unverified,bnf,,,,,none,,presumed_north,European printed cartography after 1700 is north-up by convention,atlas_volume,4_not_georeferenceable,"no stated scale; atlas volume: georeference individual plates, not the record",unknown,medium,,0,no,,none,,https://gallica.bnf.fr/ark:/12148/bpt6k11001831
btv1b53284619b,Veue Alican estant mouille,,,medium,bnf,,,,,none,,uncertain,"perspective view: oriented to the viewer, not to north",sketch_view,4_not_georeferenceable,"no stated scale; perspective view, not a plan",unknown,medium,,0,no,,none,,https://gallica.bnf.fr/ark:/12148/btv1b53284619b
btv1b53284618w,Vüe d'Aliquan...,,,medium,bnf,,,,,none,,uncertain,"perspective view: oriented to the viewer, not to north",sketch_view,4_not_georeferenceable,"no stated scale; perspective view, not a plan",unknown,high,,0,no,,none,,https://gallica.bnf.fr/ark:/12148/btv1b53284618w
