record_id,title,year,century,confidence,provenance,scale_denominator,scale_class,scale_source,production_mode,colour,authority_type,genre,sheet_count,sheet_width_cm,sheet_height_cm,sheet_area_cm2,date_precision,has_creator,has_publisher,has_scale,has_dimensions,has_subjects,has_language,has_catalogue_notice,has_exact_date,metadata_completeness,metadata_grade,provenance_tier,has_iiif,views,rights_open,scan_width,scan_height,scan_megapixels,scan_resolution_class,scan_dpi,scan_dpi_class,quality_index,research_tier,url
btv1b8491219n,"Estats de l'Empire du Grand Seigneur des Turcs... en Asie, en Afrique et en Europe / par Nicolas Sanson d'Abbeville...",1654,17th c.,high,Gallica,11150000,very_small,catalogue,printed,colour,commercial,map,1,55.0,41.0,2255,exact,1,1,1,1,1,1,1,1,8,A,bnf,1,1,1,9492,7174,68.1,high,438,standard,100.0,2_contextual,https://gallica.bnf.fr/ark:/12148/btv1b8491219n
btv1b530937785,"Carte des côtes de Barbarie, comprenant les états de Maroc, Fez, Alger, Tunis et Tripoli... ; enrichie des plans des principales places et ports / gravé par E. Collin...",1816,19th c.,high,Gallica,3000000,very_small,catalogue,printed,colour,commercial,map,1,97.0,67.0,6499,exact,1,1,1,1,1,1,1,1,8,A,bnf,1,1,1,11542,8112,93.6,high,302,standard,100.0,2_contextual,https://gallica.bnf.fr/ark:/12148/btv1b530937785
btv1b525059495,"Carte comparée des Régences d'Alger et de Tunis / Dressée par le Chev. Lapie, 1er Géographe du Roi, ... ; Les noms anciens ont été revus par Mr le Chev. Hase, ... ; les noms arabes par Mr le Chev. Jaubert, ... ; Gravé par Flahaut ; écrit par Lallemant",1829,19th c.,high,Gallica,1600000,very_small,catalogue,printed,colour,commercial,map,1,102.0,70.5,7191,exact,1,1,1,1,1,1,1,1,8,A,bnf,1,2,1,17277,12281,212.2,high,430,standard,100.0,2_contextual,https://gallica.bnf.fr/ark:/12148/btv1b525059495
btv1b530352677,"Théâtre de la guerre en Afrique comprenant les régences d'Alger, de Tunis, Tripoli et de l'empire du Maroc : avec plans détaillés de la baie et des fortifications de la ville d'Alger et de ses environs... / dressé par Frémin géographe",1837,19th c.,high,Gallica,5358000,very_small,catalogue,printed,colour,commercial,map,1,51.5,73.5,3785,exact,1,1,1,1,1,1,1,1,8,A,bnf,1,1,1,10173,7079,72.0,high,352,standard,100.0,2_contextual,https://gallica.bnf.fr/ark:/12148/btv1b530352677
btv1b530353989,"Théâtre de la guerre en Afrique, comprenant les régences d'Alger, de Tunis, Tripoli et de l'empire du Maroc : Avec plans détaillés de la baie et des fortifications de la ville d'Alger et de ses environs, d'après les meilleurs matériaux qu'on a pu se procurer sur ce pays / drefsé par Frémin géographe",1840,19th c.,high,Gallica,5085000,very_small,catalogue,printed,colour,commercial,map,1,52.5,76.0,3990,exact,1,1,1,1,1,1,1,1,8,A,bnf,1,1,1,10883,7553,82.2,high,364,standard,100.0,2_contextual,https://gallica.bnf.fr/ark:/12148/btv1b530353989
btv1b530252651,"Carte des régences d'Alger, de Tunis et de Tripoli, avec l'empire de Maroc... / par Hérisson, ,... ; Gravé par J.B. Tardieu",1841,19th c.,high,Gallica,2925000,very_small,catalogue,printed,colour,commercial,map,1,83.0,55.0,4565,exact,1,1,1,1,1,1,1,1,8,A,bnf,1,1,1,10118,6925,70.1,high,310,standard,100.0,2_contextual,https://gallica.bnf.fr/ark:/12148/btv1b530252651
btv1b53087517j,"Carte géographique, physique et politique des royaumes d'Espagne et de Portugal indiquant toutes les routes principales et la division par provinces : accompagnée d'une partie de l'Afrique, donnant toute l'Algérie depuis le détroit de Gibraltar, jusqu'aux frontières de Tunis / Dressée par Girard et Charlie, géographes ; écrit par Mlle Vicq",1841,19th c.,high,Gallica,2128000,very_small,catalogue,printed,colour,commercial,map,1,53.5,82.5,4414,exact,1,1,1,1,1,1,1,1,8,A,bnf,1,1,1,10624,7248,77.0,high,327,standard,100.0,2_contextual,https://gallica.bnf.fr/ark:/12148/btv1b53087517j
btv1b53087533k,"Carte géographique, physique et politique des royaumes d'Espagne et de Portugal indiquant toutes les routes principales et la division par provinces : accompagnée d'une partie de l'Afrique, donnant toute l'Algérie depuis le détroit de Gibraltar, jusqu'aux frontières de Tunis / Dressée par Girard et Charlie, géographes ; écrit par Mlle Vicq",1841,19th c.,high,Gallica,2128000,very_small,catalogue,printed,colour,commercial,map,1,53.5,82.5,4414,exact,1,1,1,1,1,1,1,1,8,A,bnf,1,1,1,11064,7552,83.6,high,341,standard,100.0,2_contextual,https://gallica.bnf.fr/ark:/12148/btv1b53087533k
btv1b530875341,"Théâtre de la guerre en Afrique, comprenant les régences d'Alger, de Tunis, Tripoli et de l'empire du Maroc : avec plans détaillés de la baie et des fortifications de la ville d'Alger et de ses environs, d'après les meilleurs matériaux qu'on a pu se procurer sur ce pays / dressé par Frémin géographe",1841,19th c.,high,Gallica,5085000,very_small,catalogue,printed,colour,commercial,map,1,52.5,75.5,3964,exact,1,1,1,1,1,1,1,1,8,A,bnf,1,1,1,10856,7584,82.3,high,365,standard,100.0,2_contextual,https://gallica.bnf.fr/ark:/12148/btv1b530875341
btv1b53119590h,"Carte de l'Algérie et de la Régence de Tunis / Publiée par J. Andriveau-Goujon ; D'après les documents du Dépôt de la Guerre, et du Dépôt de la Marine",1844,19th c.,high,Gallica,1720000,very_small,catalogue,printed,colour,commercial,map,1,64.0,91.0,5824,exact,1,1,1,1,1,1,1,1,8,A,bnf,1,1,1,11520,8366,96.4,high,322,standard,100.0,2_contextual,https://gallica.bnf.fr/ark:/12148/btv1b53119590h
btv1b53172837r,"Carte de l'Empire Ottoman, en Europe et en Asie / publié par J. Andriveau-Goujon",1853,19th c.,high,Gallica,4400000,very_small,catalogue,printed,colour,commercial,map,1,63.0,85.0,5355,exact,1,1,1,1,1,1,1,1,8,A,bnf,1,1,1,10158,7626,77.5,high,304,standard,100.0,2_contextual,https://gallica.bnf.fr/ark:/12148/btv1b53172837r
btv1b53233066w,"Restauration des Aqueducs de Carthage. / Royaume de Tunis ; [par P. Colin, ingénieur civil, chevalier de la Légion d'honneur]",1862,19th c.,high,Gallica,50000,medium,catalogue,printed,colour,commercial,map,2,150.0,74.0,11100,exact,1,1,1,1,1,1,1,1,8,A,bnf,1,1,1,19112,9970,190.5,high,,unknown,100.0,1_analytic,https://gallica.bnf.fr/ark:/12148/btv1b53233066w
btv1b525062937,Itinéraire de Tunis à Bizerte et à la frontière d'Algérie / gravé par Erhard,1880,19th c.,high,Gallica,100000,medium,catalogue,printed,colour,military_survey,map,1,75.0,93.0,6975,exact,1,1,1,1,1,1,1,1,8,A,bnf,1,4,1,12551,8970,112.6,high,343,standard,100.0,1_analytic,https://gallica.bnf.fr/ark:/12148/btv1b525062937
btv1b8458760m,Carte de la Tunisie et de l'Algérie orientale / dressée par Ed. Dumas-Vorzet,1881,19th c.,high,Gallica,1500000,very_small,catalogue,printed,colour,commercial,map,1,56.0,48.0,2688,exact,1,1,1,1,1,1,1,1,8,A,bnf,1,1,1,9188,7618,70.0,high,417,standard,100.0,2_contextual,https://gallica.bnf.fr/ark:/12148/btv1b8458760m
btv1b52514110t,"Algérie, Tunisie / par P. Vidal, Lablache",1885,19th c.,high,Gallica,13000000,very_small,catalogue,printed,colour,commercial,map,1,117.0,98.0,11466,exact,1,1,1,1,1,1,1,1,8,A,bnf,1,2,1,17777,16028,284.9,high,386,standard,100.0,2_contextual,https://gallica.bnf.fr/ark:/12148/btv1b52514110t
btv1b53179707j,"Carte des itinéraires de la Tunisie / chef du service géographique, le Général Perrier",1887,19th c.,high,Gallica,800000,small,catalogue,printed,colour,military_survey,map,1,95.0,65.0,6175,exact,1,1,1,1,1,1,1,1,8,A,bnf,1,1,1,7942,11370,90.3,high,304,standard,100.0,2_contextual,https://gallica.bnf.fr/ark:/12148/btv1b53179707j
btv1b53121118t,Carte de la Tunisie dressée au Service géographique de l'Armée,1895,19th c.,high,Gallica,800000,small,catalogue,printed,colour,military_survey,map,1,69.0,57.0,3933,exact,1,1,1,1,1,1,1,1,8,A,bnf,1,2,1,8580,6922,59.4,high,316,standard,100.0,2_contextual,https://gallica.bnf.fr/ark:/12148/btv1b53121118t
btv1b531213174,"Carte de France publiée par le Petit Journal d'après les documents les plus récents, indiquant la division par départements, avec les chemins de fer, les cours d'eau, les routes, les canaux, les uniformes de l'Armée française, les pavillons des différentes nations, les décorations françaises, les monnaies, etc. / Dressée et dessinée... par A. Guibal",1900,20th c.,high,Gallica,1600000,very_small,catalogue,printed,colour,commercial,map,1,105.0,90.0,9450,exact,1,1,1,1,1,1,1,1,8,A,bnf,1,1,1,13352,11364,151.7,high,323,standard,100.0,2_contextual,https://gallica.bnf.fr/ark:/12148/btv1b531213174
btv1b530605575,"Maroc, Algérie, Tunisie ; carte politique et physique... 1/270 000 / dressée d'après les documents les plus récents à l'échelle de 1 : 2 700 000 et dessinée par E. Nardin",1905,20th c.,high,Gallica,270000,small,catalogue,printed,colour,commercial,map,1,82.0,57.0,4674,exact,1,1,1,1,1,1,1,1,8,A,bnf,1,5,1,10476,7477,78.3,high,325,standard,100.0,2_contextual,https://gallica.bnf.fr/ark:/12148/btv1b530605575
btv1b53121213z,Carte militaire de la France,1906,20th c.,high,Gallica,2000000,very_small,catalogue,printed,colour,commercial,map,1,82.0,57.0,4674,exact,1,1,1,1,1,1,1,1,8,A,bnf,1,1,1,10370,7376,76.5,high,321,standard,100.0,2_contextual,https://gallica.bnf.fr/ark:/12148/btv1b53121213z
btv1b532581549,Algérie-Tunisie / dressé par M. Maumias,1912,20th c.,high,Gallica,1500000,very_small,catalogue,printed,colour,commercial,map,1,92.0,52.0,4784,exact,1,1,1,1,1,1,1,1,8,A,bnf,1,1,1,12552,7858,98.6,high,347,standard,100.0,2_contextual,https://gallica.bnf.fr/ark:/12148/btv1b532581549
btv1b53066569j,"Manoeuvres d'Algérie-Tunisie, 1929",1929,20th c.,high,Gallica,200000,medium,catalogue,printed,colour,military_survey,map,1,68.0,53.0,3604,exact,1,1,1,1,1,1,1,1,8,A,bnf,1,1,1,9588,6848,65.7,high,358,standard,100.0,1_analytic,https://gallica.bnf.fr/ark:/12148/btv1b53066569j
btv1b53066610t,Algérie-Tunisie / Dressé... sous la direction de M. De Flotte de Roquevaille,1930,20th c.,high,Gallica,1500000,very_small,catalogue,printed,colour,commercial,map,1,93.0,51.0,4743,exact,1,1,1,1,1,1,1,1,8,A,bnf,1,1,1,12376,7488,92.7,high,338,standard,100.0,2_contextual,https://gallica.bnf.fr/ark:/12148/btv1b53066610t
btv1b53066673n,Régence de Tunis. Direction générale des travaux publics. Carte géologique / dressée par M. Soligna...,1931,20th c.,high,Gallica,500000,small,catalogue,printed,colour,commercial,map,3,104.0,74.0,7696,exact,1,1,1,1,1,1,1,1,8,A,bnf,1,1,1,12070,21531,259.9,high,,unknown,100.0,2_contextual,https://gallica.bnf.fr/ark:/12148/btv1b53066673n
btv1b8459188x,"Environs de Medenine. Dressé / héliogravé et publié par le Service géographique de l'armée, Revisé en 1933",1934,20th c.,high,Gallica,50000,medium,catalogue,printed,colour,military_survey,map,1,50.0,40.0,2000,exact,1,1,1,1,1,1,1,1,8,A,bnf,1,1,1,9180,7198,66.1,high,466,high,100.0,1_analytic,https://gallica.bnf.fr/ark:/12148/btv1b8459188x
btv1b53213404d,Tunis / par J. Vanney,1934,20th c.,high,Gallica,8000,large,catalogue,printed,colour,commercial,map,1,92.0,64.0,5888,exact,1,1,1,1,1,1,1,1,8,A,bnf,1,1,1,9160,11438,104.8,high,316,standard,100.0,1_analytic,https://gallica.bnf.fr/ark:/12148/btv1b53213404d
btv1b53260403g,"Carte des chemins de fer français / dressé, dessiné et publié par le Service géographique de l'armée",1937,20th c.,high,Gallica,800000,small,catalogue,printed,monochrome,military_survey,map,4,81.0,66.0,5346,exact,1,1,1,1,1,1,1,1,8,A,bnf,1,1,1,20779,17053,354.3,high,,unknown,100.0,2_contextual,https://gallica.bnf.fr/ark:/12148/btv1b53260403g
btv1b53121318k,France politique / Dressée et gravée par Blondel La Rougery,1940,20th c.,high,Gallica,1500000,very_small,catalogue,printed,colour,commercial,map,1,64.0,76.0,4864,exact,1,1,1,1,1,1,1,1,8,A,bnf,1,1,1,8598,8828,75.9,high,295,low,100.0,2_contextual,https://gallica.bnf.fr/ark:/12148/btv1b53121318k
btv1b53179710t,"Tunisie au 500.000e. / dressé, héliogravé et publié par le Service géographique de l'armée...",1943,20th c.,high,Gallica,500000,small,catalogue,printed,colour,military_survey,map,1,75.0,107.0,8025,exact,1,1,1,1,1,1,1,1,8,A,bnf,1,2,1,12330,8910,109.9,high,293,low,100.0,2_contextual,https://gallica.bnf.fr/ark:/12148/btv1b53179710t
btv1b531893169,"Esso, Tunisie",1948,20th c.,high,Gallica,800000,small,catalogue,printed,colour,commercial,map,1,98.0,52.0,5096,exact,1,1,1,1,1,1,1,1,8,A,bnf,1,1,1,6282,11788,74.1,high,306,standard,100.0,2_contextual,https://gallica.bnf.fr/ark:/12148/btv1b531893169
btv1b53197102z,"Carte-guide ""Tourist"", Tunisie",1952,20th c.,high,Gallica,800000,small,catalogue,printed,colour,commercial,map,1,62.0,97.0,6014,exact,1,1,1,1,1,1,1,1,8,A,bnf,1,2,1,7588,11680,88.6,high,306,standard,100.0,2_contextual,https://gallica.bnf.fr/ark:/12148/btv1b53197102z
btv1b8490779b,"Partie de la Coste de Barbarie en Africque ou sont les royaumes de Tunis et Tripoli et pays circonvoisins tirés de Sanuto et d'autres par le Sr. Sanson, ... I. Somer P. / sculp",1655,17th c.,high,Gallica,3475000,very_small,catalogue,printed,unknown,commercial,map,1,53.5,37.0,1980,exact,1,1,1,1,1,1,1,1,8,A,bnf,1,1,1,10068,7438,74.9,high,478,high,96.7,2_contextual,https://gallica.bnf.fr/ark:/12148/btv1b8490779b
btv1b84916621,"Partie de la Coste de Barbarie en Africque ou sont les royaumes de Tunis et Tripoli et pays circonvoisins tirés de Sanuto et d'autres par le Sr. Sanson, ... I. Somer P. / sculp",1655,17th c.,high,Gallica,3475000,very_small,catalogue,printed,unknown,commercial,map,1,53.5,37.0,1980,exact,1,1,1,1,1,1,1,1,8,A,bnf,1,1,1,9647,7115,68.6,high,458,high,96.7,2_contextual,https://gallica.bnf.fr/ark:/12148/btv1b84916621
btv1b8491458f,"Les costes des royaumes de Fez, Alger, Tunis et Tripoli en Barbarie suivant les routiers et portolans de divers pilotes / par P.Du Val, ... ; F.D.Lapointe fecit",1677,17th c.,high,Gallica,2850000,very_small,catalogue,printed,unknown,commercial,map,1,38.5,21.0,808,exact,1,1,1,1,1,1,1,1,8,A,bnf,1,1,1,7198,9768,70.3,high,644,high,96.7,2_contextual,https://gallica.bnf.fr/ark:/12148/btv1b8491458f
btv1b53233049d,"Carte comparée des Régences d'Alger et de Tunis / dressée par le Chevalier Lapie, 1er géographe du Roi, ... ; Les noms anciens ont été revus par Mr le Chevalie Hase, les noms arabes par Mr le Chevalier Jaubert, ...",1828,19th c.,high,Gallica,16000000,very_small,catalogue,printed,unknown,commercial,map,1,100.5,72.0,7236,exact,1,1,1,1,1,1,1,1,8,A,bnf,1,1,1,16235,12784,207.5,high,410,standard,96.7,2_contextual,https://gallica.bnf.fr/ark:/12148/btv1b53233049d
btv1b84922819,"Carte des Cotes de Tunis Depuis le Cap africa jusqu'aux Frères, par le Capitaine Smythe secondé par MM. Slater & Elson",1829,19th c.,high,Gallica,520000,small,catalogue,printed,unknown,commercial,map,1,61.0,47.0,2867,exact,1,1,1,1,1,1,1,1,8,A,bnf,1,1,1,10353,7978,82.6,high,431,standard,96.7,2_contextual,https://gallica.bnf.fr/ark:/12148/btv1b84922819
btv1b531797029,Carte de la Régence de Tripoli et des principales routes commerciales de l'intérieur de l'Afrique / Prax et Renou ; Delamare (gr),1830,19th c.,unverified,Gallica,2000000,very_small,catalogue,printed,unknown,commercial,map,1,77.5,65.9,5107,exact,1,1,1,1,1,1,1,1,8,A,bnf,1,1,1,8464,11382,96.3,high,373,standard,96.7,2_contextual,https://gallica.bnf.fr/ark:/12148/btv1b531797029
btv1b8490999s,"Carte des Etats barbaresques comprenant les Régences d'Alger, de Tunis, de Tripoli et de l'Empire de Maroc avec plans détaillés de la ville, des fortifications de la baie et des environs d'Alger pour servir aux opérations de l'Armée française en Afrique / d'après les meilleurs [sic] cartes et les renseignements de plusieurs consuls qui y ont résidés, dressée par Bourgeois, ...",1830,19th c.,high,Gallica,5050000,very_small,catalogue,printed,unknown,commercial,map,1,44.5,62.0,2759,exact,1,1,1,1,1,1,1,1,8,A,bnf,1,1,1,10692,8146,87.1,high,438,standard,96.7,2_contextual,https://gallica.bnf.fr/ark:/12148/btv1b8490999s
btv1b53098487q,"Carte des Régences d'Alger de Tunis et de Tripoli, avec l'Empire de Maroc ; comprenant aussi tout le bassin citérieure [sic] de la Méditerranée et une grande partie des Etats qui forment ses limites européennes / par Hérisson, ...",1830,19th c.,high,Gallica,2925000,very_small,catalogue,printed,unknown,commercial,map,1,81.0,57.0,4617,exact,1,1,1,1,1,1,1,1,8,A,bnf,1,1,1,10763,7481,80.5,high,338,standard,96.7,2_contextual,https://gallica.bnf.fr/ark:/12148/btv1b53098487q
btv1b53098491f,"Nouvelle carte des régences d'Alger, de Tunis, de Tripoli, et de l'Empire de Maroc / dressée d'après les matériaux les plus récents par L. Berthe...",1830,19th c.,high,Gallica,3175000,very_small,catalogue,printed,unknown,commercial,map,1,82.0,58.0,4756,exact,1,1,1,1,1,1,1,1,8,A,bnf,1,1,1,10361,7477,77.5,high,321,standard,96.7,2_contextual,https://gallica.bnf.fr/ark:/12148/btv1b53098491f
btv1b53098379t,"Nouvelle Carte topographique des Royaumes d'Alger, Tunis, Tripoli, Fez, Maroc et de toutes les côtes de la Méditerranée, dressée pour l'Expédition en Barbarie, par l'armée française, en Mai 1830 / Dressée par Mr. Rigault, Ingr. Géog., ex-capitaine du Génie ; Théâtre de la Guerre",1830,19th c.,high,Gallica,5140000,very_small,catalogue,printed,unknown,commercial,view,1,82.0,65.0,5330,exact,1,1,1,1,1,1,1,1,8,A,bnf,1,1,1,10407,8042,83.7,high,322,standard,96.7,2_contextual,https://gallica.bnf.fr/ark:/12148/btv1b53098379t
btv1b530984294,Plan du terrain et des ruines de Carthage / levé et dessiné en 1831 par Falbe...,1833,19th c.,high,Gallica,16000,large,catalogue,printed,unknown,commercial,map,1,58.0,70.0,4060,exact,1,1,1,1,1,1,1,1,8,A,bnf,1,1,1,7129,8870,63.2,high,322,standard,96.7,1_analytic,https://gallica.bnf.fr/ark:/12148/btv1b530984294
btv1b530351348,"Carte des régences d'Alger, de Tunis et de Tripoli, avec l'empire de Maroc : comprenant aussi tout le bassin intérieur de la Méditerranée et une grande partie des États qui forment ses limites européennes / par Hérisson, géog[raph]e ; gravé par J. B. Tardieu",1840,19th c.,high,Gallica,2858000,very_small,catalogue,printed,unknown,commercial,map,1,57.0,83.5,4760,exact,1,1,1,1,1,1,1,1,8,A,bnf,1,1,1,10810,7428,80.3,high,329,standard,96.7,2_contextual,https://gallica.bnf.fr/ark:/12148/btv1b530351348
btv1b530984885,"Carte des Régences d'Alger, de Tunis et de Tripoli, avec l'Empire de Maroc, comprenant aussi tout le bassin intérieur de la Méditerranée et une grande partie des Etats qui forment ses limites européennes / par Hérisson... ; Gravé par J.B. Tardieu",1840,19th c.,high,Gallica,2925000,very_small,catalogue,printed,unknown,commercial,map,1,83.0,56.0,4648,exact,1,1,1,1,1,1,1,1,8,A,bnf,1,1,1,10368,7233,75.0,high,317,standard,96.7,2_contextual,https://gallica.bnf.fr/ark:/12148/btv1b530984885
btv1b53088066m,"Carte du gouvernement d'Alger comprenant l'empire de Maroc, la régence de Tunis et une partie du grand désert / par A. R. Fremin, géographe ; gravée sur acier par Bénard ; imp[rim]ée par Folliau",1840,19th c.,high,Gallica,3449000,very_small,catalogue,printed,unknown,commercial,map,1,33.0,55.5,1832,exact,1,1,1,1,1,1,1,1,8,A,bnf,1,1,1,10264,7360,75.5,high,470,high,96.7,2_contextual,https://gallica.bnf.fr/ark:/12148/btv1b53088066m
btv1b53179703r,"Carte de la Régence de Tunis dressée au Dépôt général de la guerre sous la direction de Mr. le lieu.t gén.al baron Pelet d'après les observations et les reconnaissances de Mr. Falbe, cap.ne de vaisseau danois, de Mr. Pricot S.te Marie cap.ne d'Etat-major, et d'après les renseignemens recueillis par eux. Gravé J. Schwaerzlé",1842,19th c.,high,Gallica,400000,small,catalogue,printed,unknown,military_survey,map,1,84.0,93.0,7812,exact,1,1,1,1,1,1,1,1,8,A,bnf,1,2,1,11050,7252,80.1,high,302,standard,96.7,2_contextual,https://gallica.bnf.fr/ark:/12148/btv1b53179703r
btv1b53087587f,"Théâtre de la guerre en Afrique, comprenant les régences d'Alger, de Tunis, Tripoli et de l'empire du Maroc : avec plans détaillés de la baie et des fortifications de la ville d'Alger et de ses environs, d'après les meilleurs matériaux qu'on a pu se procurer sur ce pays / dressé par Frémin géographe",1842,19th c.,high,Gallica,5085000,very_small,catalogue,printed,unknown,commercial,map,1,52.5,75.5,3964,exact,1,1,1,1,1,1,1,1,8,A,bnf,1,1,1,10864,7512,81.6,high,365,standard,96.7,2_contextual,https://gallica.bnf.fr/ark:/12148/btv1b53087587f
btv1b53098489m,"Carte des Régences d'Alger, de Tunis, et de Tripoli, avec l'Empire de Maroc... / par Hérisson.... ; Gravé par J.B. Tardieu...",1843,19th c.,high,Gallica,2925000,very_small,catalogue,printed,unknown,commercial,map,1,83.5,57.0,4760,exact,1,1,1,1,1,1,1,1,8,A,bnf,1,1,1,10292,7563,77.8,high,313,standard,96.7,2_contextual,https://gallica.bnf.fr/ark:/12148/btv1b53098489m
btv1b53098492w,"Carte des Régences d'Alger, de Tunis et de Tripoli avec l'Empire de Maroc, comprenant aussi tout le bassin citérieur de la Méditerranée et une grande partie des Etats qui forment ses limites européennes / par Hérisson... ; gravé par J.B. Tardieu",1844,19th c.,high,Gallica,2925000,very_small,catalogue,printed,unknown,commercial,map,1,83.5,57.0,4760,exact,1,1,1,1,1,1,1,1,8,A,bnf,1,1,1,10304,7227,74.5,high,313,standard,96.7,2_contextual,https://gallica.bnf.fr/ark:/12148/btv1b53098492w
btv1b53098493b,"Carte des Régences d'Alger, de Tunis et de Tripoli avec l'Empire de Maroc, comprenant aussi tout le bassin citérieur de la Méditerranée et une grande partie des Etats qui forment ses limites européennes / par Hérisson... ; gravé par J.B. Tardieu",1845,19th c.,high,Gallica,2925000,very_small,catalogue,printed,unknown,commercial,map,1,83.5,57.0,4760,exact,1,1,1,1,1,1,1,1,8,A,bnf,1,1,1,10457,7261,75.9,high,318,standard,96.7,2_contextual,https://gallica.bnf.fr/ark:/12148/btv1b53098493b
btv1b53088118t,"Carte des Régences d'Alger, de Tunis et de Tripoli, avec l'Empire de Maroc, comprenant aussi tout le bassin citérieur de la Méditerranée et une grande partie des États qui forment ses limites européennes / par Hérisson géog[raph]e ; gravé par J. -B. Tardieu",1846,19th c.,high,Gallica,2925000,very_small,catalogue,printed,unknown,commercial,map,1,54.0,78.5,4239,exact,1,1,1,1,1,1,1,1,8,A,bnf,1,1,1,10888,7448,81.1,high,352,standard,96.7,2_contextual,https://gallica.bnf.fr/ark:/12148/btv1b53088118t
btv1b530984957,"Carte des Régences d'Alger, de Tunis et de Tripoli, avec l'Empire de Maroc, comprenant aussi tout le bassin citérieur de la Méditerranée et une grande partie des Etats qui forment ses limites européennes / par Hérisson, ... ; Gravé par J. -B. Tardieu",1846,19th c.,high,Gallica,2925000,very_small,catalogue,printed,unknown,commercial,map,1,83.5,57.0,4760,exact,1,1,1,1,1,1,1,1,8,A,bnf,1,1,1,10950,7684,84.1,high,333,standard,96.7,2_contextual,https://gallica.bnf.fr/ark:/12148/btv1b530984957
btv1b53098496p,"Carte des Régences d'Alger, de Tunis et de Tripoli, avec l'Empire de Maroc, comprenant aussi tout le bassin citérieur de la Méditerranée et une grande partie des Etats qui forment ses limites européennes / par Hérisson, ... ; Gravé par J. -B. Tardieu",1846,19th c.,high,Gallica,2925000,very_small,catalogue,printed,unknown,commercial,map,1,83.5,57.0,4760,exact,1,1,1,1,1,1,1,1,8,A,bnf,1,1,1,10231,7243,74.1,high,311,standard,96.7,2_contextual,https://gallica.bnf.fr/ark:/12148/btv1b53098496p
btv1b53088018f,"Carte générale de l'Algérie comprenant l'empire de Maroc de la régence de Tunis dressée d'après les derniers documents... / par A.-R. Frémin, ingénieur-géographe ; gravée par Ch. Leclercq ; et I[sido]re Dalmont",1847,19th c.,high,Gallica,2565000,very_small,catalogue,printed,unknown,commercial,map,1,54.0,80.0,4320,exact,1,1,1,1,1,1,1,1,8,A,bnf,1,1,1,10608,7608,80.7,high,337,standard,96.7,2_contextual,https://gallica.bnf.fr/ark:/12148/btv1b53088018f
btv1b53088095d,"Carte physique de l'Algérie ou Afrique française comprenant la partie septentrionale de l'empire de Maroc, la régence de Tunis, une partie du bassin de la Méditerranée et la région orientale du royaume d'Espagne / dressée par A. R. Frémin",1848,19th c.,high,Gallica,2353000,very_small,catalogue,printed,unknown,commercial,map,1,57.0,87.0,4959,exact,1,1,1,1,1,1,1,1,8,A,bnf,1,1,1,10872,7496,81.5,high,317,standard,96.7,2_contextual,https://gallica.bnf.fr/ark:/12148/btv1b53088095d
btv1b530984974,"Carte des régences d'Alger, de Tunis et de Tripoli, avec l'empire de Maroc comprenant aussi tout le bassin citérieur de la Méditerranée et une grande partie des États qui forment ses limites européennes / par Hérisson géog[raph]e ; gravé par J.B. Tardieu",1851,19th c.,high,Gallica,2925000,very_small,catalogue,printed,unknown,commercial,map,1,54.5,78.5,4278,exact,1,1,1,1,1,1,1,1,8,A,bnf,1,1,1,11004,7732,85.1,high,356,standard,96.7,2_contextual,https://gallica.bnf.fr/ark:/12148/btv1b530984974
btv1b531360851,"Carte de l'Empire Ottoman, en Europe et en Asie / publié par J. Andriveau-Goujon",1853,19th c.,high,Gallica,4400000,very_small,catalogue,printed,unknown,commercial,map,1,56.5,78.0,4407,exact,1,1,1,1,1,1,1,1,8,A,bnf,1,1,1,10248,7604,77.9,high,334,standard,96.7,2_contextual,https://gallica.bnf.fr/ark:/12148/btv1b531360851
btv1b53136235q,"Carte de la Régence de Tunis / par E. Pellissier, membre de la Commission scientifique d'Algérie ; gravé par les f[rè]res Avril",1853,19th c.,high,Gallica,800000,small,catalogue,printed,unknown,commercial,map,1,79.0,56.0,4424,exact,1,1,1,1,1,1,1,1,8,A,bnf,1,1,1,7208,9942,71.7,high,320,standard,96.7,2_contextual,https://gallica.bnf.fr/ark:/12148/btv1b53136235q
btv1b531797046,"Carte de la régence de Tunis, dressé au Dépôt de la guerre / d'après les observations... de Mr Falbe ; de M. Pricot Ste Marie, étant directeur le colonel Blondel...",1857,19th c.,high,Gallica,400000,small,catalogue,printed,unknown,military_survey,map,2,92.0,72.0,6624,exact,1,1,1,1,1,1,1,1,8,A,bnf,1,2,1,12704,9126,115.9,high,,unknown,96.7,2_contextual,https://gallica.bnf.fr/ark:/12148/btv1b531797046
btv1b53021091b,"Environs de Tunis et Carthage / Levés exécutés par MM. les capitaines Derrien... ; Koszutski... ; sous la direction de M. le commt Perrier, en 1878",1878,19th c.,high,Gallica,40000,medium,catalogue,printed,unknown,military_survey,map,1,73.0,95.0,6935,exact,1,1,1,1,1,1,1,1,8,A,bnf,1,1,1,13391,10280,137.7,high,358,standard,96.7,1_analytic,https://gallica.bnf.fr/ark:/12148/btv1b53021091b
btv1b84389986,Carte du théâtre de la guerre en Tunïsie / dressée par Ch. Lasailly,1881,19th c.,high,Gallica,1200000,very_small,catalogue,printed,unknown,commercial,map,1,29.0,45.0,1305,exact,1,1,1,1,1,1,1,1,8,A,bnf,1,1,1,5880,8853,52.1,high,500,high,96.7,2_contextual,https://gallica.bnf.fr/ark:/12148/btv1b84389986
btv1b8439078n,Etude sur la frontière de la Tunisie / par le général Lewal ; F. Quévillon,1881,19th c.,high,Gallica,800000,small,catalogue,printed,unknown,commercial,map,1,59.0,43.0,2537,exact,1,1,1,1,1,1,1,1,8,A,bnf,1,1,1,10428,7965,83.1,high,449,standard,96.7,2_contextual,https://gallica.bnf.fr/ark:/12148/btv1b8439078n
btv1b530210435,Carte des Itinéraires de la Régence de Tunis / publiée par le Dépôt,1882,19th c.,high,Gallica,400000,small,catalogue,printed,unknown,military_survey,map,,80.0,60.0,4800,exact,1,1,1,1,1,1,1,1,8,A,bnf,1,1,1,11810,8013,94.6,high,375,standard,96.7,2_contextual,https://gallica.bnf.fr/ark:/12148/btv1b530210435
btv1b53021089h,"Carte hydrographique de la Basse-Egypte et d'une partie de l'isthme de Suez, gravée au Dépôt de la guerre en 1855 / d'après les travaux de M. Linant de Bellefonds, revue et complétée en 1882 pour les chemins de fer et le canal de Suez. 1/250 000. (Tirage d'août 1882.)",1882,19th c.,unverified,Gallica,250000,medium,catalogue,printed,unknown,commercial,map,1,126.0,80.0,10080,exact,1,1,1,1,1,1,1,1,8,A,bnf,1,1,1,16823,11031,185.6,high,339,standard,96.7,1_analytic,https://gallica.bnf.fr/ark:/12148/btv1b53021089h
btv1b8439057g,Carte d'une reconnaissance archéologique dans la région centrale de la Tunisie / exécutée en 1882 et 1883 par M. Julien Poinssot,1883,19th c.,high,Gallica,400000,small,catalogue,printed,unknown,commercial,map,1,41.0,30.0,1230,exact,1,1,1,1,1,1,1,1,8,A,bnf,1,1,1,8698,6261,54.5,high,539,high,96.7,2_contextual,https://gallica.bnf.fr/ark:/12148/btv1b8439057g
btv1b8439166s,Plan de Carthage / dressé d'après les levés de Falbe ; et de Daux,1884,19th c.,high,Gallica,22000,large,catalogue,printed,unknown,commercial,plan,1,37.0,49.0,1813,exact,1,1,1,1,1,1,1,1,8,A,bnf,1,1,1,6812,8672,59.1,high,450,standard,96.7,1_analytic,https://gallica.bnf.fr/ark:/12148/btv1b8439166s
btv1b53022924j,"Algérie et Tunisie, d'après les documents fournis par le Dépôt de la Guerre (Service Géographique); orthographe des noms arabes d'après les principes du général Parmentier / dessinée par J. Hansen, 1885",1885,19th c.,high,Gallica,800000,small,catalogue,printed,unknown,military_survey,map,1,73.0,54.0,3942,exact,1,1,1,1,1,1,1,1,8,A,bnf,1,1,1,9697,7379,71.6,high,337,standard,96.7,2_contextual,https://gallica.bnf.fr/ark:/12148/btv1b53022924j
btv1b84393474,Carte du bassin de l'oued Melah entre le Coudiál Hameïmet et la mer,1885,19th c.,high,Gallica,40000,medium,catalogue,printed,unknown,commercial,map,1,50.0,20.0,1000,exact,1,1,1,1,1,1,1,1,8,A,bnf,1,1,1,9810,5196,51.0,high,498,high,96.7,1_analytic,https://gallica.bnf.fr/ark:/12148/btv1b84393474
btv1b101236288,"Colonie du Gabon et du Congo français. Reconnaissances préliminaires pour l'étude des voies de communication entre la côte du Loango et Brazzaville par la vallée du Kouilou-Niari / carte levée par Léon Jacob, 1887-1888 : Feuille no 1",1888,19th c.,unverified,Gallica,185200,medium,catalogue,printed,unknown,commercial,map,1,69.0,96.0,6624,exact,1,1,1,1,1,1,1,1,8,A,bnf,1,1,1,15328,10833,166.0,high,406,standard,96.7,1_analytic,https://gallica.bnf.fr/ark:/12148/btv1b101236288
btv1b10123629q,"Colonie du Gabon et du Congo français. Reconnaissances préliminaires pour l'étude des voies de communication entre la côte du Loango et Brazzaville par la vallée du Kouilou-Niari / carte levée par Léon Jacob, 1887-1888 : Feuille no 2",1888,19th c.,unverified,Gallica,185200,medium,catalogue,printed,unknown,commercial,map,1,69.0,52.0,3588,exact,1,1,1,1,1,1,1,1,8,A,bnf,1,1,1,8197,10834,88.8,high,399,standard,96.7,1_analytic,https://gallica.bnf.fr/ark:/12148/btv1b10123629q
btv1b53025093m,"Algérie et Tunisie, indiquant les distances kilométriques, les cables et les lignes de navigation / par Ch. Lacoste,...",1889,19th c.,high,Gallica,1000000,small,catalogue,printed,unknown,commercial,map,1,117.0,92.0,10764,exact,1,1,1,1,1,1,1,1,8,A,bnf,1,1,1,15213,11843,180.2,high,330,standard,96.7,2_contextual,https://gallica.bnf.fr/ark:/12148/btv1b53025093m
btv1b530277289,"Carte géologique provisoire de la régence de Tunis / dressée par F. Aubert, publiée par ordre du gouvernement tunisien, 1892",1894,19th c.,high,Gallica,800000,small,catalogue,printed,unknown,commercial,map,1,60.0,74.0,4440,exact,1,1,1,1,1,1,1,1,8,A,bnf,1,1,1,8158,9702,79.1,high,333,standard,96.7,2_contextual,https://gallica.bnf.fr/ark:/12148/btv1b530277289
btv1b8442159r,"Carte routière de la Tunisie / dressée par le Touring Club de France... ; (Davinière, del.)",1900,20th c.,high,Gallica,1000000,small,catalogue,printed,unknown,commercial,map,1,42.0,51.0,2142,exact,1,1,1,1,1,1,1,1,8,A,bnf,1,1,1,7794,9312,72.6,high,464,high,96.7,2_contextual,https://gallica.bnf.fr/ark:/12148/btv1b8442159r
btv1b531797063,Plan de Tunis,1901,20th c.,high,Gallica,6000,large,catalogue,printed,unknown,military_survey,plan,1,59.0,76.0,4484,exact,1,1,1,1,1,1,1,1,8,A,bnf,1,1,1,9112,7136,65.0,high,305,standard,96.7,1_analytic,https://gallica.bnf.fr/ark:/12148/btv1b531797063
btv1b53197273p,Carte des itinéraires de la Tunisie,1903,20th c.,high,Gallica,800000,small,catalogue,printed,unknown,military_survey,map,1,50.5,79.0,3990,exact,1,1,1,1,1,1,1,1,8,A,bnf,1,1,1,7582,10696,81.1,high,344,standard,96.7,2_contextual,https://gallica.bnf.fr/ark:/12148/btv1b53197273p
btv1b532508976,Carte routière de la Tunisie au 1er janvier 1904 / dressée par la Direction générale des Travaux publics,1904,20th c.,high,Gallica,500000,small,catalogue,printed,unknown,commercial,map,1,103.0,73.0,7519,exact,1,1,1,1,1,1,1,1,8,A,bnf,1,1,1,9212,13018,119.9,high,321,standard,96.7,2_contextual,https://gallica.bnf.fr/ark:/12148/btv1b532508976
btv1b531972761,Carte des itinéraires de la Tunisie,1906,20th c.,high,Gallica,800000,small,catalogue,printed,unknown,military_survey,map,1,50.5,79.0,3990,exact,1,1,1,1,1,1,1,1,8,A,bnf,1,1,1,7606,10718,81.5,high,345,standard,96.7,2_contextual,https://gallica.bnf.fr/ark:/12148/btv1b531972761
btv1b53062063k,"Carte archéologique et topographique des ruines de Carthage dressée d'après les relevés de M. l'adjoint du génie Bordy / avec le concours de MM. le R. P. Delattre ; ,... le général Dolot ; ,... P. Gauckler,...",1907,20th c.,high,Gallica,5000,large,catalogue,printed,unknown,military_survey,map,3,87.0,39.0,3393,exact,1,1,1,1,1,1,1,1,8,A,bnf,1,1,1,11336,14541,164.8,high,,unknown,96.7,1_analytic,https://gallica.bnf.fr/ark:/12148/btv1b53062063k
btv1b53121117c,Chemins de fer de l'Ouenza,1908,20th c.,high,Gallica,1000000,small,catalogue,printed,unknown,commercial,view,1,58.0,58.0,3364,exact,1,1,1,1,1,1,1,1,8,A,bnf,1,1,1,7294,7912,57.7,high,346,standard,96.7,2_contextual,https://gallica.bnf.fr/ark:/12148/btv1b53121117c
btv1b53258144w,"Main automobile routes of the British isles, central Europe, Algeria and Tunisia / by G. W. Bende ; and G. F. Freeborn",1912,20th c.,high,Gallica,250000,medium,catalogue,printed,unknown,commercial,map,1,87.0,104.0,9048,exact,1,1,1,1,1,1,1,1,8,A,bnf,1,1,1,10987,13412,147.4,high,328,standard,96.7,1_analytic,https://gallica.bnf.fr/ark:/12148/btv1b53258144w
btv1b53121304c,"La Nouvelle France. Corps d'armée, chemins de fer, canaux et rivières, frontières. Cartographie / Ed. Blondel La Rougery",1939,20th c.,high,Gallica,1732000,very_small,catalogue,printed,unknown,commercial,other,1,57.0,67.0,3819,exact,1,1,1,1,1,1,1,1,8,A,bnf,1,2,1,7162,10314,73.9,high,391,standard,96.7,2_contextual,https://gallica.bnf.fr/ark:/12148/btv1b53121304c
btv1b53060313z,"Environs du Kef / dressé, héliogravé et publié par le service géographique de l'Armée",,19th c.,high,Gallica,50000,medium,catalogue,printed,colour,military_survey,map,1,43.0,72.0,3096,century,1,1,1,1,1,1,1,0,7,A,bnf,1,1,1,6088,9171,55.8,high,324,standard,95.8,1_analytic,https://gallica.bnf.fr/ark:/12148/btv1b53060313z
btv1b530886032,"Carte du Nord-Ouest de l'Afrique, comprenant l'empire de Maroc, l'Algérie et la régence de Tunis...",1844,19th c.,high,Gallica,4400000,very_small,catalogue,printed,colour,commercial,map,1,55.0,38.0,2090,exact,0,1,1,1,1,1,1,1,7,A,bnf,1,1,1,8136,7904,64.3,high,376,standard,95.8,2_contextual,https://gallica.bnf.fr/ark:/12148/btv1b530886032
btv1b53065122w,"Carte des possessions françaises en Afrique et d'une partie de la Régence de Tunis dréssée au Dépôt général de la guerre, sous la direction de M. le lieutenant général Pelet d'après les levés et les reconnaissances faits à Alger, Oran et Bone, ...",1853,19th c.,high,Gallica,1000000,small,catalogue,unknown,colour,military_survey,map,1,130.5,56.0,7308,exact,1,0,1,1,1,1,1,1,7,A,bnf,1,1,1,16104,7200,115.9,high,313,standard,95.8,2_contextual,https://gallica.bnf.fr/ark:/12148/btv1b53065122w
btv1b53064402v,"Algérie. - Algérie, Tunisie 1/1.500.000 (Signé : M. Maumias, juillet 1910)",1910,20th c.,high,Gallica,1500000,very_small,catalogue,printed,colour,commercial,map,1,91.0,60.0,5460,exact,0,1,1,1,1,1,1,1,7,A,bnf,1,1,1,11779,7824,92.2,high,329,standard,95.8,2_contextual,https://gallica.bnf.fr/ark:/12148/btv1b53064402v
btv1b84457375,"Société ""les Affréteurs réunis""... Services hebdomadaires directs et distincts de Rouen et Bordeaux-Bayonne sur l'Algérie et la Tunisie, et vice versa",1913,20th c.,high,Gallica,3000000,very_small,catalogue,printed,monochrome,commercial,map,1,48.0,36.0,1728,exact,0,1,1,1,1,1,1,1,7,A,bnf,1,1,1,8688,5855,50.9,high,460,high,95.8,2_contextual,https://gallica.bnf.fr/ark:/12148/btv1b84457375
btv1b53146701w,Carta dimostrativa della Cirenaica / Ministero delle Colonie,1914,20th c.,medium,Gallica,1000000,small,catalogue,printed,colour,commercial,map,1,50.0,66.0,3300,exact,0,1,1,1,1,1,1,1,7,A,bnf,1,1,1,8083,6209,50.2,high,311,standard,95.8,2_contextual,https://gallica.bnf.fr/ark:/12148/btv1b53146701w
btv1b530647344,Nouvelle carte de la Tunisie,1920,20th c.,high,Gallica,900000,small,catalogue,printed,colour,commercial,map,1,57.0,76.0,4332,exact,0,1,1,1,1,1,1,1,7,A,bnf,1,1,1,8008,9595,76.8,high,321,standard,95.8,2_contextual,https://gallica.bnf.fr/ark:/12148/btv1b530647344
btv1b8458589d,Compagnie fermière des chemins de fer tunisiens,1925,20th c.,high,Gallica,1000000,small,catalogue,printed,colour,commercial,map,1,29.0,45.0,1305,exact,0,1,1,1,1,1,1,1,7,A,bnf,1,1,1,6322,8552,54.1,high,483,high,95.8,2_contextual,https://gallica.bnf.fr/ark:/12148/btv1b8458589d
btv1b8458664x,"Carte des chemins de fer de l'Algérie, de la Tunisie et du Maroc",1926,20th c.,high,Gallica,3000000,very_small,catalogue,printed,colour,commercial,map,1,72.0,33.0,2376,exact,0,1,1,1,1,1,1,1,7,A,bnf,1,1,1,12198,6022,73.5,high,430,standard,95.8,2_contextual,https://gallica.bnf.fr/ark:/12148/btv1b8458664x
btv1b53066570x,Manoeuvres d'Algérie-Tunisie. 1929,1929,20th c.,high,Gallica,50000,medium,catalogue,printed,colour,military_survey,map,1,84.0,65.0,5460,exact,0,1,1,1,1,1,1,1,7,A,bnf,1,1,1,11657,8727,101.7,high,352,standard,95.8,1_analytic,https://gallica.bnf.fr/ark:/12148/btv1b53066570x
btv1b53213307c,Habitation rurale des indigènes,1930,20th c.,high,Gallica,1500000,very_small,catalogue,printed,colour,commercial,map,1,102.0,47.0,4794,exact,0,1,1,1,1,1,1,1,7,A,bnf,1,1,1,11815,6352,75.0,high,294,low,95.8,2_contextual,https://gallica.bnf.fr/ark:/12148/btv1b53213307c
btv1b53213324v,Les gisements miniers de l'Afrique du Nord. Tunisie,1950,20th c.,high,Gallica,500000,small,catalogue,printed,colour,commercial,map,1,105.0,73.0,7665,exact,0,1,1,1,1,1,1,1,7,A,bnf,1,1,1,9160,13093,119.9,high,317,standard,95.8,2_contextual,https://gallica.bnf.fr/ark:/12148/btv1b53213324v
btv1b53081058p,"Algérie - Tunisie, carte du théâtre de la guerre / gravée par L. Sonnet",1881,19th c.,high,Gallica,1250000,very_small,catalogue,printed,colour,commercial,map,1,31.0,43.0,1333,exact,1,1,1,1,1,1,1,1,8,A,bnf,1,1,1,5269,3947,20.8,medium,311,standard,95.0,2_contextual,https://gallica.bnf.fr/ark:/12148/btv1b53081058p
btv1b53069923r,Carta speciale della Reggenza di Tunisi e delle regioni limitrofe costrutta e disegnata. .. da Guido Cora,1881,19th c.,high,Gallica,1500000,very_small,catalogue,printed,colour,commercial,map,1,42.8,52.0,2226,exact,1,1,1,1,1,1,1,1,8,A,bnf,1,1,1,6248,7754,48.4,medium,379,standard,95.0,2_contextual,https://gallica.bnf.fr/ark:/12148/btv1b53069923r
btv1b53081303h,Carte de l'Algérie et de la Tunisie / gravée par L. Sonnet,1881,19th c.,high,Gallica,2500000,very_small,catalogue,printed,colour,commercial,map,1,63.0,44.0,2772,exact,1,1,1,1,1,1,1,1,8,A,bnf,1,1,1,7578,5249,39.8,medium,306,standard,95.0,2_contextual,https://gallica.bnf.fr/ark:/12148/btv1b53081303h
btv1b530789010,Carte de la Tunisie et de l'Algérie orientale / dressée par Ed. Dumas-Vorzet,1881,19th c.,high,Gallica,500000,small,catalogue,printed,colour,commercial,map,1,50.0,64.0,3200,exact,1,1,1,1,1,1,1,1,8,A,bnf,1,1,1,7590,5855,44.4,medium,301,standard,95.0,2_contextual,https://gallica.bnf.fr/ark:/12148/btv1b530789010
btv1b5969652w,"Carte de l'Afrique à l'échelle de 1:2 000 000. 02, Tunis : Afrique (région septentrionale) / [dressé et dessiné par... Régnauld de Lannoy de Bissy]",1894,,high,Gallica,2000000,very_small,catalogue,printed,colour,military_survey,map,1,52.0,62.0,3224,exact,1,1,1,1,1,1,1,1,8,A,bnf,1,1,1,7464,6304,47.1,medium,306,standard,95.0,2_contextual,https://gallica.bnf.fr/ark:/12148/btv1b5969652w
btv1b530762364,"Tunisie (Proconsulaire et Byzacène), 1:1 000 000 / Gravé par R. Hausermann et A. Vilpou. [Département de Constantine, Numidie et Maurétanie sitifienne. Département d'Alger, département d'Oran, Maurétanie césarienne]",1912,20th c.,high,Gallica,1000000,small,catalogue,printed,colour,commercial,map,3,34.5,43.5,1501,exact,1,1,1,1,1,1,1,1,8,A,bnf,1,3,1,4786,5829,27.9,medium,,unknown,95.0,2_contextual,https://gallica.bnf.fr/ark:/12148/btv1b530762364
btv1b53057592p,Carte des chemins de fer de l'Algérie et de la Tunisie,1914,20th c.,high,Gallica,3000000,very_small,catalogue,printed,monochrome,commercial,map,1,48.0,31.0,1488,exact,1,1,1,1,1,1,1,1,8,A,bnf,1,1,1,6232,4368,27.2,medium,330,standard,95.0,2_contextual,https://gallica.bnf.fr/ark:/12148/btv1b53057592p
btv1b53064546p,Carte des sites préhistoriques et protohistoriques de la Macédoine. Régions de Salonique et de Monastir (1re édition) / Dressée d'après les observations du Service archéologique de l'armée française,1918,20th c.,low,Gallica,400000,small,catalogue,printed,colour,civil_survey,map,1,67.0,43.0,2881,exact,1,1,1,1,1,1,1,1,8,A,bnf,1,1,1,8597,5700,49.0,medium,326,standard,95.0,2_contextual,https://gallica.bnf.fr/ark:/12148/btv1b53064546p
btv1b530578955,Carte Foldex de la Tunisie,1934,20th c.,high,Gallica,1000000,small,catalogue,printed,colour,commercial,map,1,37.8,49.0,1852,exact,1,1,1,1,1,1,1,1,8,A,bnf,1,1,1,4800,6192,29.7,medium,321,standard,95.0,2_contextual,https://gallica.bnf.fr/ark:/12148/btv1b530578955
btv1b53179709f,Carte des itinéraires de la Tunisie / dressée au Service géographique de l'armée,1889,19th c.,high,Gallica,800000,small,catalogue,printed,colour,military_survey,map,1,,,,exact,1,1,1,1,1,1,1,1,8,A,bnf,1,2,1,10576,7510,79.4,high,,unknown,93.3,2_contextual,https://gallica.bnf.fr/ark:/12148/btv1b53179709f
btv1b531797080,Carte des itinéraires de la Tunisie / dressée au Service géographique de l'armée,1896,19th c.,high,Gallica,800000,small,catalogue,printed,colour,military_survey,map,1,,,,exact,1,1,1,1,1,1,1,1,8,A,bnf,1,2,1,8408,7162,60.2,high,,unknown,93.3,2_contextual,https://gallica.bnf.fr/ark:/12148/btv1b531797080
btv1b10104083z,Monastir : The Balkans / War office,1915,20th c.,low,Gallica,250000,medium,catalogue,printed,colour,military_survey,other,1,,,,exact,1,1,1,1,1,1,1,1,8,A,bnf,1,1,1,7974,6373,50.8,high,,unknown,93.3,1_analytic,https://gallica.bnf.fr/ark:/12148/btv1b10104083z
btv1b84693936,"Carte du Nord-Ouest de l'Afrique comprenant l'empire de Maroc, l'Algérie et la régence de Tunis...",1844,19th c.,high,Gallica,4400000,very_small,catalogue,printed,unknown,commercial,map,1,56.0,38.0,2128,exact,0,1,1,1,1,1,1,1,7,A,bnf,1,1,1,11074,8610,95.3,high,502,high,92.5,2_contextual,https://gallica.bnf.fr/ark:/12148/btv1b84693936
btv1b53136271k,Théâtre de la guerre en Orient,1853,19th c.,high,Gallica,5750000,very_small,catalogue,printed,unknown,commercial,map,1,52.5,65.5,3439,exact,0,1,1,1,1,1,1,1,7,A,bnf,1,1,1,9210,7546,69.5,high,357,standard,92.5,2_contextual,https://gallica.bnf.fr/ark:/12148/btv1b53136271k
btv1b53179705n,Carte de la régence de Tunis dressée au dépôt de la guerre... 1857,1878,19th c.,high,Gallica,400000,small,catalogue,printed,unknown,military_survey,map,1,98.0,55.0,5390,exact,0,1,1,1,1,1,1,1,7,A,bnf,1,1,1,11502,7538,86.7,high,298,low,92.5,2_contextual,https://gallica.bnf.fr/ark:/12148/btv1b53179705n
btv1b8438999m,Carte de l'Algérie et de la Tunisie / éditée par l'Armée française ; et la Petite République française,,19th c.,high,Gallica,2500000,very_small,catalogue,printed,unknown,commercial,map,1,56.0,40.0,2240,decade,1,1,1,1,1,1,1,0,7,A,bnf,1,1,1,10463,7332,76.7,high,475,high,92.5,2_contextual,https://gallica.bnf.fr/ark:/12148/btv1b8438999m
btv1b84390777,Carte du bassin des Chotts,1880,19th c.,high,Gallica,800000,small,catalogue,printed,unknown,commercial,map,1,46.0,27.0,1242,exact,0,1,1,1,1,1,1,1,7,A,bnf,1,1,1,8867,5817,51.6,high,490,high,92.5,2_contextual,https://gallica.bnf.fr/ark:/12148/btv1b84390777
btv1b53021004z,"Environs de Bizerte (Tunisie), 1880",1880,19th c.,high,Gallica,20000,large,catalogue,printed,unknown,commercial,map,1,71.0,48.0,3408,exact,0,1,1,1,1,1,1,1,7,A,bnf,1,1,1,7372,10279,75.8,high,368,standard,92.5,1_analytic,https://gallica.bnf.fr/ark:/12148/btv1b53021004z
btv1b53021186j,Carte de la Régence de Tunis,1881,19th c.,high,Gallica,500000,small,catalogue,printed,unknown,commercial,map,1,55.0,83.0,4565,exact,0,1,1,1,1,1,1,1,7,A,bnf,1,1,1,10882,7923,86.2,high,333,standard,92.5,2_contextual,https://gallica.bnf.fr/ark:/12148/btv1b53021186j
btv1b8441166k,"Plan de Sfax, 1/2 000, levé et dessiné par le lieutenant d'artillerie soussigné. Sfax, le 25 septembre 1881 : H. Baquet",1881,19th c.,high,Gallica,2000,large,catalogue,printed,unknown,military_survey,map,1,46.0,54.0,2484,exact,0,1,1,1,1,1,1,1,7,A,bnf,1,1,1,8280,8924,73.9,high,420,standard,92.5,1_analytic,https://gallica.bnf.fr/ark:/12148/btv1b8441166k
btv1b530634783,Carte de la régence de Tunis dressée au dépôt de la guerre... 1857,1884,19th c.,high,Gallica,400000,small,catalogue,printed,unknown,military_survey,map,1,98.0,55.0,5390,exact,0,1,1,1,1,1,1,1,7,A,bnf,1,1,1,12032,7816,94.0,high,312,standard,92.5,2_contextual,https://gallica.bnf.fr/ark:/12148/btv1b530634783
btv1b8439510s,Croquis de la ville de Qirwan,1884,19th c.,high,Gallica,10000,large,catalogue,printed,unknown,military_survey,map,1,49.0,35.0,1715,exact,0,1,1,1,1,1,1,1,7,A,bnf,1,1,1,7944,6931,55.1,high,412,standard,92.5,1_analytic,https://gallica.bnf.fr/ark:/12148/btv1b8439510s
btv1b530229930,Algérie. - Carte murale de l'Algérie et de la Tunisie,1885,19th c.,high,Gallica,1000000,small,catalogue,printed,unknown,commercial,map,1,130.0,112.0,14560,exact,0,1,1,1,1,1,1,1,7,A,bnf,1,4,1,9111,7165,65.3,high,178,low,92.5,2_contextual,https://gallica.bnf.fr/ark:/12148/btv1b530229930
btv1b53022873s,"Carte des itinéraires de la Tunisie, 1/800 000, 1885",1886,19th c.,high,Gallica,800000,small,catalogue,printed,unknown,military_survey,map,1,55.0,80.0,4400,exact,0,1,1,1,1,1,1,1,7,A,bnf,1,1,1,7477,10619,79.4,high,337,standard,92.5,2_contextual,https://gallica.bnf.fr/ark:/12148/btv1b53022873s
btv1b530299959,Carte des itinéraires de la Tunisie,1887,19th c.,high,Gallica,800000,small,catalogue,printed,unknown,military_survey,map,1,51.0,80.0,4080,exact,0,1,1,1,1,1,1,1,7,A,bnf,1,1,1,7382,10401,76.8,high,330,standard,92.5,2_contextual,https://gallica.bnf.fr/ark:/12148/btv1b530299959
btv1b53024975r,"Carte de la Tunisie, dressée au service géographique de l'armée",1889,19th c.,high,Gallica,800000,small,catalogue,printed,unknown,military_survey,map,2,68.0,49.0,3332,exact,0,1,1,1,1,1,1,1,7,A,bnf,1,1,1,9425,13290,125.3,high,,unknown,92.5,2_contextual,https://gallica.bnf.fr/ark:/12148/btv1b53024975r
btv1b8440539r,Carte des chemins de fer de l'Algérie et de la Tunisie,1891,19th c.,high,Gallica,300000,small,catalogue,printed,unknown,commercial,map,,49.0,35.0,1715,exact,0,1,1,1,1,1,1,1,7,A,bnf,1,1,1,8710,5894,51.3,high,451,high,92.5,2_contextual,https://gallica.bnf.fr/ark:/12148/btv1b8440539r
btv1b53029646j,Environs de Bizerte,1898,19th c.,high,Gallica,50000,medium,catalogue,printed,unknown,military_survey,map,1,73.0,54.0,3942,exact,0,1,1,1,1,1,1,1,7,A,bnf,1,1,1,9990,7337,73.3,high,348,standard,92.5,1_analytic,https://gallica.bnf.fr/ark:/12148/btv1b53029646j
btv1b530294979,Environs de Tunis,1898,19th c.,high,Gallica,50000,medium,catalogue,printed,unknown,military_survey,map,1,74.0,54.0,3996,exact,0,1,1,1,1,1,1,1,7,A,bnf,1,1,1,9769,7032,68.7,high,335,standard,92.5,1_analytic,https://gallica.bnf.fr/ark:/12148/btv1b530294979
btv1b8445503p,"Environs de Medenine / Dressé, héliogravé et publié par le Service géographique de l'Armée",1911,20th c.,high,Gallica,50000,medium,catalogue,unknown,unknown,military_survey,map,1,50.0,39.0,1950,exact,1,0,1,1,1,1,1,1,7,A,bnf,1,1,1,9118,7212,65.8,high,463,high,92.5,1_analytic,https://gallica.bnf.fr/ark:/12148/btv1b8445503p
btv1b532581225,France. Nouvelle carte des chemins de fer,1912,20th c.,high,Gallica,1000000,small,catalogue,printed,unknown,commercial,map,1,112.0,101.0,11312,exact,0,1,1,1,1,1,1,1,7,A,bnf,1,1,1,14599,13212,192.9,high,331,standard,92.5,2_contextual,https://gallica.bnf.fr/ark:/12148/btv1b532581225
btv1b8490778x,Benigni lettori / per reppresentarvi piu particulari della citta di Tunisi...,1566,16th c.,high,Gallica,150000,medium,catalogue,printed,unknown,commercial,map,1,38.7,26.8,1037,exact,1,1,1,1,1,1,1,1,8,A,bnf,1,1,1,6408,4463,28.6,medium,421,standard,91.7,1_analytic,https://gallica.bnf.fr/ark:/12148/btv1b8490778x
btv1b53196817x,Africae propriae tabula / ex conatibus geographicis Abrahami Ortelii [...] 1590,1590,,high,Gallica,5045000,very_small,catalogue,printed,unknown,commercial,map,1,33.5,48.5,1625,exact,1,1,1,1,1,1,1,1,8,A,bnf,1,3,1,4494,6411,28.8,medium,336,standard,91.7,2_contextual,https://gallica.bnf.fr/ark:/12148/btv1b53196817x
btv1b53196877d,Africae nova descripto / Auct. Guiljelmo Blaeuw,1640,17th c.,high,Gallica,26000000,very_small,catalogue,printed,unknown,commercial,map,1,41.0,55.0,2255,exact,1,1,1,1,1,1,1,1,8,A,bnf,1,5,1,4544,6442,29.3,medium,298,low,91.7,2_contextual,https://gallica.bnf.fr/ark:/12148/btv1b53196877d
btv1b53098482g,"Les costes des royaumes de Fez, Alger, Tunis et Tripoli en Barbarie suivant les routiers et portolans de divers pilotes / par P. Du Val, ... ; F.D. Lapointe fecit",1664,17th c.,high,Gallica,2850000,very_small,catalogue,printed,unknown,commercial,map,2,176.0,210.0,36960,exact,1,1,1,1,1,1,1,1,8,A,bnf,1,1,1,9254,2883,26.7,medium,,unknown,91.7,2_contextual,https://gallica.bnf.fr/ark:/12148/btv1b53098482g
btv1b530669601,"Les costes des royaumes de Fez, Alger, Tunis et Tripoli en Barbarie suivant les routiers et portolans de divers pilotes / par P. Du Val... ; F.D. Lapointe fecit",1664,17th c.,high,Gallica,2850000,very_small,catalogue,printed,unknown,commercial,map,2,75.5,21.0,1586,exact,1,1,1,1,1,1,1,1,8,A,bnf,1,1,1,10321,3968,41.0,medium,,unknown,91.7,2_contextual,https://gallica.bnf.fr/ark:/12148/btv1b530669601
btv1b53098483x,"Les côtes des royaumes de Fez, Alger, Tunis et Tripoli en Barbarie suivant les routiers et portolans de divers pilotes / par P. du Val, ... ; F.D. La Pointe fecit",1664,17th c.,high,Gallica,2850000,very_small,catalogue,printed,unknown,commercial,map,2,76.0,210.0,15960,exact,1,1,1,1,1,1,1,1,8,A,bnf,1,1,1,9268,2923,27.1,medium,,unknown,91.7,2_contextual,https://gallica.bnf.fr/ark:/12148/btv1b53098483x
btv1b84919214,"Royaumes d'Alger, de Fez, de Tunis, et de Tripoli / par Bonne, ... ; Revu et augmenté par Hérisson",1830,19th c.,high,Gallica,7410000,very_small,catalogue,printed,unknown,commercial,map,1,38.5,31.5,1213,exact,1,1,1,1,1,1,1,1,8,A,bnf,1,1,1,6348,5207,33.1,medium,419,standard,91.7,2_contextual,https://gallica.bnf.fr/ark:/12148/btv1b84919214
btv1b530880672,"Carte du gouvernement d'Alger comprenant l'empire de Maroc, la régence de Tunis et une partie du grand désert / par A. R. Frémin géographe ; gravée sur acier par Bénard",1840,19th c.,high,Gallica,3334000,very_small,catalogue,printed,unknown,commercial,map,1,34.0,57.5,1955,exact,1,1,1,1,1,1,1,1,8,A,bnf,1,1,1,7600,5632,42.8,medium,336,standard,91.7,2_contextual,https://gallica.bnf.fr/ark:/12148/btv1b530880672
btv1b8445058x,"Algérie, Tunisie et Sahara central, carte / dressée et dessinée par J. V. Barbier, pour servir particulièrement à l'intelligence des évenements actuels et notamment à suivre les deux explorations du colonel Flatters",1880,19th c.,high,Gallica,5000000,very_small,catalogue,printed,unknown,commercial,map,1,34.0,45.0,1530,exact,1,1,1,1,1,1,1,1,8,A,bnf,1,1,1,6132,7628,46.8,medium,431,standard,91.7,2_contextual,https://gallica.bnf.fr/ark:/12148/btv1b8445058x
btv1b8441605m,"Carte d'une reconnaissance archéologique dans la région centrale de la Tunisie, exécutée en 1882 et 1883 / par M. Julien Poinssot...",1882,19th c.,high,Gallica,400000,small,catalogue,printed,unknown,commercial,map,1,41.0,29.0,1189,exact,1,1,1,1,1,1,1,1,8,A,bnf,1,1,1,7498,5352,40.1,medium,465,high,91.7,2_contextual,https://gallica.bnf.fr/ark:/12148/btv1b8441605m
btv1b84391676,Carte du bassin des chotts,1884,19th c.,high,Gallica,800000,small,catalogue,printed,unknown,commercial,map,,38.0,18.0,684,exact,1,1,1,1,1,1,1,1,8,A,bnf,1,1,1,7942,4534,36.0,medium,531,high,91.7,2_contextual,https://gallica.bnf.fr/ark:/12148/btv1b84391676
btv1b84396601,"Guide-poche algérien / L. Chappuis, fils. Alger. Carte des chemins de fer de l'Algérie et de la Tunisie",1887,19th c.,high,Gallica,3000000,very_small,catalogue,printed,unknown,commercial,map,1,45.0,27.0,1215,exact,1,1,1,1,1,1,1,1,8,A,bnf,1,1,1,8027,5123,41.1,medium,453,high,91.7,2_contextual,https://gallica.bnf.fr/ark:/12148/btv1b84396601
btv1b53121094z,"Distrito de Beja. Planta do concelho de Cuba, extraida da planta cadastral",,20th c.,low,Gallica,25000,large,catalogue,printed,colour,commercial,map,1,62.0,91.0,5642,century,0,1,1,1,1,1,1,0,6,B,bnf,1,1,1,8654,11734,101.5,high,328,standard,91.7,1_analytic,https://gallica.bnf.fr/ark:/12148/btv1b53121094z
btv1b8446079d,Tunisie et Algérie orientale / dressé et gravé par R. Hausermann,,19th c.,high,Gallica,2600000,very_small,catalogue,printed,colour,commercial,map,1,40.0,26.0,1040,decade,1,1,1,1,1,1,1,0,7,A,bnf,1,1,1,7306,4512,33.0,medium,464,high,90.8,2_contextual,https://gallica.bnf.fr/ark:/12148/btv1b8446079d
btv1b531466756,Tripolitania : territorio fra la costa e l'uadi sciati / M. Checchi,1914,20th c.,medium,Gallica,1500000,very_small,catalogue,printed,colour,commercial,map,1,33.0,48.0,1584,exact,0,1,1,1,1,1,1,1,7,A,bnf,1,1,1,7392,5962,44.1,medium,391,standard,90.8,2_contextual,https://gallica.bnf.fr/ark:/12148/btv1b531466756
btv1b8458909r,Algérie-Tunisie,1930,20th c.,high,Gallica,5000000,very_small,catalogue,printed,colour,commercial,map,1,32.0,24.0,768,exact,0,1,1,1,1,1,1,1,7,A,bnf,1,1,1,5193,3887,20.2,medium,412,standard,90.8,2_contextual,https://gallica.bnf.fr/ark:/12148/btv1b8458909r
btv1b53293507m,"A Chart of the Sea Coast of Italy, Sicily and part of Barbary",,18th c.,high,Gallica,1944000,very_small,catalogue,printed,unknown,commercial,map,1,43.0,55.5,2386,century,0,1,1,1,1,1,1,0,6,B,bnf,1,1,1,9044,6984,63.2,high,414,standard,88.3,2_contextual,https://gallica.bnf.fr/ark:/12148/btv1b53293507m
btv1b53146681t,"Originalkarte des nördl. von Ghadāmĕs & im Grenzgebiete v. Algier, Tunis & Tripoli... / Henry Duveyrier",1861,19th c.,high,Gallica,2500000,very_small,catalogue,printed,colour,commercial,map,1,33.0,35.0,1155,exact,1,1,1,1,1,1,1,1,8,A,bnf,1,1,1,4398,4059,17.9,low,319,standard,88.3,2_contextual,https://gallica.bnf.fr/ark:/12148/btv1b53146681t
btv1b7759078q,Itinéraire de Tunis à Bizerte et à la Frontière d'Algérie / Publié par le Dépôt de la Guerre ; Gravé par Erhard ... Paris,1880,19th c.,high,Gallica,100000,medium,catalogue,printed,colour,military_survey,other,1,49.5,74.0,3663,exact,1,1,1,1,1,1,1,1,8,A,bnf,1,,0,5574,4096,22.8,medium,191,low,88.3,1_analytic,https://gallica.bnf.fr/ark:/12148/btv1b7759078q
btv1b55000296v,Citta di Tunisi,1566,16th c.,high,Gallica,150000,medium,catalogue,printed,unknown,commercial,map,1,39.0,27.0,1053,exact,0,1,1,1,1,1,1,1,7,A,bnf,1,1,1,5984,4125,24.7,medium,390,standard,87.5,1_analytic,https://gallica.bnf.fr/ark:/12148/btv1b55000296v
btv1b531968206,Antiquorum Africae episcopatuum geographica descriptio,1640,17th c.,high,Gallica,1300000,very_small,catalogue,printed,unknown,commercial,map,1,36.5,50.5,1843,exact,0,1,1,1,1,1,1,1,7,A,bnf,1,3,1,4585,6436,29.5,medium,324,standard,87.5,2_contextual,https://gallica.bnf.fr/ark:/12148/btv1b531968206
btv1b8439238t,Algérie et Tunisie,1885,19th c.,high,Gallica,3090000,very_small,catalogue,printed,unknown,commercial,map,1,42.0,30.0,1260,exact,0,1,1,1,1,1,1,1,7,A,bnf,1,1,1,7485,5540,41.5,medium,453,high,87.5,2_contextual,https://gallica.bnf.fr/ark:/12148/btv1b8439238t
btv1b53146787w,[Tripolitania settentrionale],1914,20th c.,medium,Gallica,800000,small,catalogue,printed,unknown,commercial,map,2,25.0,70.0,1750,exact,0,1,1,1,1,1,1,1,7,A,bnf,1,1,1,8419,3138,26.4,medium,,unknown,87.5,2_contextual,https://gallica.bnf.fr/ark:/12148/btv1b53146787w
btv1b8446063j,Carte des chemins de fer de l'Algérie et de la Tunisie,,20th c.,high,Gallica,3000000,very_small,catalogue,printed,colour,commercial,map,1,49.0,34.0,1666,century,0,1,1,1,1,1,1,0,6,B,bnf,1,1,1,8110,5667,46.0,medium,420,standard,86.7,2_contextual,https://gallica.bnf.fr/ark:/12148/btv1b8446063j
btv1b530353737,"Carte de la colonie française d'Alger, de la régence de Tunis et de la partie nord de l'empire de Maroc / par J. M. Darmet ; la lettre gravée par Abel Malo",1836,19th c.,high,Gallica,2499000,very_small,catalogue,printed,colour,unknown,map,1,53.0,79.0,4187,exact,1,0,1,1,1,1,1,1,7,A,bnf,1,1,1,10432,7124,74.3,high,335,standard,85.8,2_contextual,https://gallica.bnf.fr/ark:/12148/btv1b530353737
btv1b530877105,"Carte frontière du département de Haute-Garonne / par Bartro, capitaine des douanes à Luchon ; dressée d'après Cassini, et les plans du cadastre des communes ; revue par Mr Barrau, docteur en médecine au même lieu ; gravé par Pierre Tardieu",1842,19th c.,unverified,Gallica,91000,medium,catalogue,printed,colour,unknown,map,1,47.0,65.5,3078,exact,1,0,1,1,1,1,1,1,7,A,bnf,1,1,1,8656,6624,57.3,high,336,standard,85.8,1_analytic,https://gallica.bnf.fr/ark:/12148/btv1b530877105
btv1b53088086f,Carte de l'Algérie dressée au dépôt de la guerre / sous la direction de M. le lieut[enan]t général Pelet...,1846,19th c.,high,Gallica,1500000,very_small,catalogue,unknown,colour,unknown,map,1,63.5,98.5,6255,exact,1,0,1,1,1,1,1,1,7,A,bnf,1,1,1,11968,8224,98.4,high,309,standard,85.8,2_contextual,https://gallica.bnf.fr/ark:/12148/btv1b53088086f
btv1b53263038g,"Sinus Karthaginensis et Lybo-Phaeniciorum Urbes, usque ad Candidum et Hermaeum Promotorium, apud Mare Internum. Sicut erant CXLVI annis ante Christum : Carte d'ensemble de la guerre de Curion, dressée d'après celle du Ministère de la Guerre (1857) et d'après des levés trigonométriques récents / par A. Daux,...",1866,19th c.,high,Gallica,100000,medium,catalogue,manuscript,monochrome,unknown,map,1,90.0,102.0,9180,exact,1,0,1,1,1,1,1,1,7,A,bnf,1,1,1,12172,10802,131.5,high,303,standard,85.8,1_analytic,https://gallica.bnf.fr/ark:/12148/btv1b53263038g
btv1b53021220r,"Carte hydrographique de la Moyenne-Egypte, gravée au Dépôt de la guerre en 1854 / d'après les travaux de M. Linant de Bellefonds, revue et complétée en 1882 pour les chemins de fer",1882,19th c.,unverified,Gallica,250000,medium,catalogue,unknown,colour,unknown,map,1,64.0,91.0,5824,exact,1,0,1,1,1,1,1,1,7,A,bnf,1,1,1,8459,11957,101.1,high,334,standard,85.8,1_analytic,https://gallica.bnf.fr/ark:/12148/btv1b53021220r
btv1b8490524p,Carte de l'Algérie (provinces d'Alger et de Constantine) et Tunisie... / par V. A. Malte-Brun,1860,19th c.,high,Gallica,2965000,very_small,catalogue,printed,unknown,commercial,map,1,36.0,19.0,684,exact,1,1,1,1,1,1,1,1,8,A,bnf,1,1,1,5856,3200,18.7,low,413,standard,85.0,2_contextual,https://gallica.bnf.fr/ark:/12148/btv1b8490524p
btv1b55011149d,Carte des principales voies de communication de la Tunisie et de l'Algérie orientale,1885,19th c.,high,Gallica,3200000,very_small,catalogue,printed,unknown,commercial,map,1,20.0,15.0,300,exact,1,1,1,1,1,1,1,1,8,A,bnf,1,1,1,4136,3295,13.6,low,525,high,85.0,2_contextual,https://gallica.bnf.fr/ark:/12148/btv1b55011149d
btv1b5906266z,"Carte particullière /de la mer Méditerranée, / faicte par moy François Ollive, à Marseille en l'année 1662",1662,17th c.,high,Gallica,3000000,very_small,catalogue,manuscript,unknown,unknown,view,1,117.0,195.0,22815,exact,1,0,1,1,1,1,1,1,7,A,bnf,1,2,1,11811,7457,88.1,high,154,low,82.5,2_contextual,https://gallica.bnf.fr/ark:/12148/btv1b5906266z
btv1b53281185h,Nieuwe paskaert van de Zee kusten van't Eylandt Sicilia en de tegen over geleegende kusten van Barbaria tusschen C. Bona en I. Zerby / by Ioannes van Kuelen,1695,17th c.,high,Gallica,,unknown,none,printed,colour,commercial,map,1,52.0,58.5,3042,exact,1,1,0,1,1,1,1,1,7,A,bnf,1,1,1,10655,9093,96.9,high,463,high,82.5,2_contextual,https://gallica.bnf.fr/ark:/12148/btv1b53281185h
btv1b53281183m,"Pas-caart van de de Zee kusten van't Eyland Sardinia met de tegen over geleegene zee kusten van Barbaria, Tusschen C. de Ferro en C. Bona / by Ioannes van Keulen",1695,17th c.,high,Gallica,,unknown,none,printed,colour,commercial,map,1,51.0,58.5,2984,exact,1,1,0,1,1,1,1,1,7,A,bnf,1,1,1,10675,9070,96.8,high,463,high,82.5,2_contextual,https://gallica.bnf.fr/ark:/12148/btv1b53281183m
btv1b10678510j,"Partie occidentale de l'Afrique ou se trouve la Barbarie divisée en royaumes de Maroc, de Fez, d'Alger, de Tripoli et de Tunis [et] le Sara ou le désert de Barbarie, la Nigrite ou le pais des Nègres et la Guinée, les isles du Cap Verd, les isles Canaries et les Acores, ses dernières sont estimées de l'Amérique / par N[icolas] de Fer geographe de sa Majesté catolique (sic)",1702,18th c.,high,Gallica,,unknown,none,printed,colour,commercial,other,1,48.0,60.0,2880,exact,1,1,0,1,1,1,1,1,7,A,bnf,1,1,1,9136,6640,60.7,high,387,standard,82.5,2_contextual,https://gallica.bnf.fr/ark:/12148/btv1b10678510j
btv1b84904747,"Carte des côtes de Tripoly de Barbarie depuis le Cap Mesurat jusqu'à Sousse avec les bancs, roches et sondes... / dressée par François Olivier pilote sur ses observations de latitude faites dans sa campagne de 17... sur le vaisseau le Zéphir commandé par M. Bandeville capitaine de vaisseau ; Présentée à M. le Comte de Maurepas en 1729",1729,18th c.,high,Gallica,1120000,very_small,catalogue,manuscript,unknown,unknown,map,1,59.5,45.5,2707,exact,1,0,1,1,1,1,1,1,7,A,bnf,1,1,1,9670,7283,70.4,high,413,standard,82.5,2_contextual,https://gallica.bnf.fr/ark:/12148/btv1b84904747
btv1b84935785,Plan figuratif du Site de l'Antique Nasium et de ses Environs Dessiné a vue d'oeil et sans toisé géométrique par Denis fis (élève en Médecine) en 1817,1817,19th c.,unverified,Gallica,8000,large,catalogue,manuscript,unknown,unknown,map,1,47.0,42.5,1998,exact,1,0,1,1,1,1,1,1,7,A,bnf,1,1,1,8384,7834,65.7,high,453,high,82.5,1_analytic,https://gallica.bnf.fr/ark:/12148/btv1b84935785
btv1b530875502,Carte de l'Algérie au sud de Guelma depuis le mont Auress jusqu'à la limite de Tunis dressée en totalité en 1838 au moyen de renseignements fournis par les indigènes / par le général Duvivier ; gravé et imprimé chez Gratia,1841,19th c.,high,Gallica,600000,small,catalogue,printed,unknown,unknown,map,1,48.0,53.0,2544,exact,1,0,1,1,1,1,1,1,7,A,bnf,1,1,1,8568,6608,56.6,high,411,standard,82.5,2_contextual,https://gallica.bnf.fr/ark:/12148/btv1b530875502
btv1b53087678v,Canevas géographique de la partie méridionale des régences d'Alger et de Tunis / dressé par E. Carette... ; gravé par L. Bouffard ; lith. Lemercier,1843,19th c.,high,Gallica,2000000,very_small,catalogue,printed,unknown,unknown,map,1,54.0,70.0,3780,exact,1,0,1,1,1,1,1,1,7,A,bnf,1,1,1,9424,7648,72.1,high,342,standard,82.5,2_contextual,https://gallica.bnf.fr/ark:/12148/btv1b53087678v
btv1b8494592r,"Projet de Délimitation entre l'Algérie et la Régence de Tunis depuis le Cap Roux jusqu'au Cours de la Medjerda, suivant la proposition faite le 9 Novembre 1843 par le Général Randon, ... / Vu et approuvé par le Général commandant la Subdivision de Bône. Signé : Randon",1843,19th c.,high,Gallica,100000,medium,catalogue,manuscript,unknown,unknown,map,1,68.0,51.0,3468,exact,1,0,1,1,1,1,1,1,7,A,bnf,1,1,1,11329,8683,98.4,high,423,standard,82.5,1_analytic,https://gallica.bnf.fr/ark:/12148/btv1b8494592r
btv1b53021229s,"Carte hydrographique de la Basse-Égypte et d'une partie de l'isthme de Suez, gravée au Dépôt de la guerre en 1855 / d'après les travaux de M. Linant de Bellefonds, revue et complétée en 1882 pour les chemins de fer et le canal de Suez. 1/250 000. (Tirage de juillet 1882.)",1882,19th c.,unverified,Gallica,250000,medium,catalogue,unknown,unknown,unknown,map,1,126.0,80.0,10080,exact,1,0,1,1,1,1,1,1,7,A,bnf,1,1,1,16694,11415,190.6,high,337,standard,82.5,1_analytic,https://gallica.bnf.fr/ark:/12148/btv1b53021229s
btv1b8445611k,"Plan de Mactaris (Mactar). Annexé à l'étude de M. Louis Chatelain,... chargé de mission par le Directeur des antiquités et arts du gouvernement tunisien... 1/2.000. Dressé par les soins du service topographique. (Signé : C. Baronnat, M. Paulin. Octobre 1910)",1910,20th c.,high,Gallica,2000,large,catalogue,unknown,unknown,unknown,map,1,58.0,42.0,2436,exact,1,0,1,1,1,1,1,1,7,A,bnf,1,1,1,9682,7465,72.3,high,424,standard,82.5,1_analytic,https://gallica.bnf.fr/ark:/12148/btv1b8445611k
btv1b53063630m,"Projet de délimitation entre l'Algérie et la régence de Tunis depuis le cap Roux jusqu'au cours de la Medjerda, suivant la proposition faite le 9 novembre 1843, par le général Randon, commissaire du gouvernement français pour la démarcation de cette frontière",1843,19th c.,high,Gallica,100000,medium,catalogue,manuscript,colour,unknown,map,1,68.0,51.0,3468,exact,0,0,1,1,1,1,1,1,6,B,bnf,1,1,1,9368,7368,69.0,high,350,standard,81.7,1_analytic,https://gallica.bnf.fr/ark:/12148/btv1b53063630m
bpt6k9117777g,"Inventaire communal 1988. 53, Mayenne / Institut national de la statistique et des études économiques ; Service central des enquêtes et études statistiques",1988,20th c.,unverified,Gallica,450000,small,catalogue,printed,colour,civil_survey,atlas,,,,,exact,1,1,1,1,1,1,1,1,8,A,bnf,1,62,1,2592,3735,9.7,low,,unknown,81.7,2_contextual,https://gallica.bnf.fr/ark:/12148/bpt6k9117777g
btv1b532811808,Carte marine [de la Méditerranée occidentale] : dessinée en 1318 et dont l'original se trouve à la Bibliothèque Imp. et Roy. de Vienne / par Visconti ; copie de l'exemplaire appartenant à M. Louis Halphen...,1318,14th c.,high,Gallica,6334578,very_small,catalogue,manuscript,colour,unknown,map,1,22.0,21.5,473,exact,1,0,1,1,1,1,1,1,7,A,bnf,1,2,1,6257,4939,30.9,medium,722,high,80.8,2_contextual,https://gallica.bnf.fr/ark:/12148/btv1b532811808
btv1b55004731d,Citta di Tunisi...,1566,16th c.,high,Gallica,150000,medium,catalogue,printed,unknown,commercial,map,1,39.0,27.0,1053,exact,0,1,1,1,1,1,1,1,7,A,bnf,1,1,1,4936,3465,17.1,low,321,standard,80.8,2_contextual,https://gallica.bnf.fr/ark:/12148/btv1b55004731d
btv1b55011113g,Carte du golfe de Carthage,1884,19th c.,high,Gallica,600000,small,catalogue,printed,unknown,commercial,map,1,21.0,18.0,378,exact,0,1,1,1,1,1,1,1,7,A,bnf,1,1,1,3924,3244,12.7,low,475,high,80.8,2_contextual,https://gallica.bnf.fr/ark:/12148/btv1b55011113g
btv1b8595347s,Partie de la coste de Barbarie en Africque où sont les royaumes de Tunis et de Tripoli et pays circonvoisins / par le Sr Sanson d'Abbeville,1655,17th c.,high,Gallica,,unknown,none,printed,unknown,commercial,other,1,38.0,54.5,2071,exact,1,1,0,1,1,1,1,1,7,A,bnf,1,1,1,8753,6147,53.8,high,408,standard,79.2,2_contextual,https://gallica.bnf.fr/ark:/12148/btv1b8595347s
btv1b53242311p,"Suite des costes d'Espagne et Barbarie, depuis Cartagène jusqu'à Denia et depuis cap Falcon jusqu'au cap Carbon / Michelot, hydrographe..., et Bremond, hydrographe du Roy et de la ville... ; Gravée par P. Starck-man",1723,18th c.,high,Gallica,,unknown,none,printed,unknown,commercial,map,1,51.0,73.0,3723,exact,1,1,0,1,1,1,1,1,7,A,bnf,1,1,1,8748,6062,53.0,high,304,standard,79.2,2_contextual,https://gallica.bnf.fr/ark:/12148/btv1b53242311p
btv1b8592051q,Atlas coelestis. Phaenomena circa quantitatem dierum artificialium et solarium perpetuomutabilem ex hypothesi copernicana deducta / a Ioh. Gab. Doppelmaiero,1742,18th c.,unverified,Gallica,,unknown,none,printed,unknown,commercial,other,1,48.0,57.0,2736,exact,1,1,0,1,1,1,1,1,7,A,bnf,1,1,1,10976,8948,98.2,high,489,high,79.2,2_contextual,https://gallica.bnf.fr/ark:/12148/btv1b8592051q
btv1b532375932,Carte des golfes de Tunis et Hammamet : dressée d'après des plans levés en 1786,1800,19th c.,high,Gallica,,unknown,none,printed,unknown,hydrographic,map,1,59.0,43.0,2537,exact,1,1,0,1,1,1,1,1,7,A,bnf,1,1,1,6992,9464,66.2,high,407,standard,79.2,2_contextual,https://gallica.bnf.fr/ark:/12148/btv1b532375932
btv1b53237594h,Carte des golfes de Tunis et Hammamet : dressée d'après des plans levés en 1786,1800,19th c.,high,Gallica,,unknown,none,printed,unknown,hydrographic,map,1,57.0,41.0,2337,exact,1,1,0,1,1,1,1,1,7,A,bnf,1,1,1,6689,9169,61.3,high,409,standard,79.2,2_contextual,https://gallica.bnf.fr/ark:/12148/btv1b53237594h
btv1b55011233p,"Carte du nord de l'Afrique, comprenant les régences de Tunis, d'Alger et de Maroc, pour l'intelligence de l'expédition d'Alger... / par Darmet, 1830",1830,19th c.,high,Gallica,,unknown,none,printed,unknown,commercial,map,1,28.5,21.0,598,exact,1,1,0,1,1,1,1,1,7,A,bnf,1,2,1,13252,9100,120.6,high,1181,high,79.2,2_contextual,https://gallica.bnf.fr/ark:/12148/btv1b55011233p
btv1b53036695f,"Esquisse de la restauration de la ville de Carthage : d'après la topographie de Carthage de Mr. Dureau de la Malle, la carte de Mr Falbe et des dessins inédits des 16e, 17e et 18e siècles / par P. A. Dedreux, architecte ; autographié par L. Letronne",1837,19th c.,high,Gallica,,unknown,none,printed,unknown,commercial,plan,1,40.5,55.5,2248,exact,1,1,0,1,1,1,1,1,7,A,bnf,1,1,1,9048,6850,62.0,high,414,standard,79.2,2_contextual,https://gallica.bnf.fr/ark:/12148/btv1b53036695f
btv1b530985839,"Exploration du Sahara, années 1859, 1860, 1861. Carte du plateau central du Sahara comprenant le pays des Touareg du Nord, le Sahara algérien, tunisien et tripolitain, par Henri Duveyrier. 1 : 3 000 000 . Dessiné par E. Desbuissons",1861,19th c.,high,Gallica,,unknown,none,printed,unknown,commercial,map,1,61.0,78.6,4795,exact,1,1,0,1,1,1,1,1,7,A,bnf,1,1,1,8518,10997,93.7,high,355,standard,79.2,2_contextual,https://gallica.bnf.fr/ark:/12148/btv1b530985839
btv1b53098598z,"Carthage. Kilomètre 1 [=Om06 ; 1 : 16 600 environ] / Dressé par Ph. Caillat, ... 5 juillet 1877 ; Gravé par L. Sonnet",1877,19th c.,high,Gallica,,unknown,none,printed,unknown,commercial,map,1,65.0,69.5,4518,exact,1,1,0,1,1,1,1,1,7,A,bnf,1,1,1,8638,9087,78.5,high,332,standard,79.2,2_contextual,https://gallica.bnf.fr/ark:/12148/btv1b53098598z
btv1b53098599d,"Carthage. Kilomètre 1 [=Om06 ; 1 : 16 600 environ] / Dressé par Ph. Caillat, ... 5 juillet 1877 ; Gravé par L. Sonnet",1877,19th c.,high,Gallica,,unknown,none,printed,unknown,commercial,map,1,65.0,69.5,4518,exact,1,1,0,1,1,1,1,1,7,A,bnf,1,1,1,8921,8978,80.1,high,328,standard,79.2,2_contextual,https://gallica.bnf.fr/ark:/12148/btv1b53098599d
btv1b53281474s,Eyland Sardinia met de tegen over geleegene zee kusten van Barbaria tusschen C. de Ferro en C. Bona,,,high,Gallica,888000,small,catalogue,manuscript,unknown,unknown,map,2,69.0,53.5,3692,multi_century,1,0,1,1,1,1,1,0,6,B,bnf,1,1,1,9378,11354,106.5,high,,unknown,78.3,2_contextual,https://gallica.bnf.fr/ark:/12148/btv1b53281474s
btv1b53242279c,Carte d'une partie des costes du royaume de Tunis depuis Souse jusqu'a Biserte / dressée sur des cartes et détails géograhiques au dépost des cartes et plans maritimes,1728,18th c.,high,Gallica,,unknown,none,manuscript,colour,hydrographic,map,1,59.0,91.0,5369,exact,1,0,0,1,1,1,1,1,6,B,bnf,1,1,1,11560,7822,90.4,high,323,standard,78.3,2_contextual,https://gallica.bnf.fr/ark:/12148/btv1b53242279c
btv1b53102664q,Mines de Gabe-Gottes et de St. Jacques,1835,19th c.,unverified,Gallica,2000,large,catalogue,manuscript,unknown,unknown,map,1,71.5,45.0,3218,exact,0,0,1,1,1,1,1,1,6,B,bnf,1,1,1,9695,6302,61.1,high,344,standard,78.3,1_analytic,https://gallica.bnf.fr/ark:/12148/btv1b53102664q
btv1b8438941d,Carte de l'Egypte. 1/1 950 000. Tirage de juillet 1882. (Publiée par le Dépôt de la guerre.),1882,19th c.,unverified,Gallica,1950000,very_small,catalogue,unknown,unknown,unknown,map,,31.0,45.0,1395,exact,0,0,1,1,1,1,1,1,6,B,bnf,1,1,1,6972,9682,67.5,high,546,high,78.3,2_contextual,https://gallica.bnf.fr/ark:/12148/btv1b8438941d
btv1b101004136,"Natoliae, quae olim Asia Minor, nova descriptio ; Aegypti recentior descriptio ; Carthaginis celeberrimi sinus typus",1570,16th c.,high,Gallica,,unknown,none,printed,colour,commercial,map,3,41.0,55.0,2255,exact,1,1,0,1,1,1,1,1,7,A,bnf,1,2,1,4107,6562,27.0,medium,,unknown,77.5,2_contextual,https://gallica.bnf.fr/ark:/12148/btv1b101004136
btv1b531968799,Afr. II tab.,1578,16th c.,high,Gallica,4826000,very_small,catalogue,unknown,unknown,unknown,map,1,34.0,46.5,1581,exact,1,0,1,1,1,1,1,1,7,A,bnf,1,3,1,4478,6373,28.5,medium,348,standard,77.5,2_contextual,https://gallica.bnf.fr/ark:/12148/btv1b531968799
btv1b53143250k,Tunes Oppidum Barbarie & Regina fedes 1535 [...] / Joanne Maio,1593,16th c.,high,Gallica,,unknown,none,printed,colour,commercial,plan,1,37.5,51.5,1931,exact,1,1,0,1,1,1,1,1,7,A,bnf,1,1,1,6230,4592,28.6,medium,307,standard,77.5,2_contextual,https://gallica.bnf.fr/ark:/12148/btv1b53143250k
btv1b53301186r,Plan de la rade de l'Ogue Noüa,,,medium,Gallica,18214,large,catalogue,manuscript,colour,unknown,other,1,83.0,75.5,6266,multi_century,0,0,1,1,1,1,1,0,5,B,bnf,1,2,1,12102,13230,160.1,high,405,standard,77.5,1_analytic,https://gallica.bnf.fr/ark:/12148/btv1b53301186r
btv1b53211476h,Africae nova tabula / Auct. Jud. Hondio,1632,17th c.,high,Gallica,,unknown,none,printed,colour,commercial,map,1,45.5,56.5,2571,exact,1,1,0,1,1,1,1,1,7,A,bnf,1,3,1,4500,6491,29.2,medium,292,low,77.5,2_contextual,https://gallica.bnf.fr/ark:/12148/btv1b53211476h
btv1b532422744,"Les costes des royaumes de Fez, Alger, Tunis et Tripoli en Barbarie / par P. du Val, géographe du Roy ; F.D. Lapointe fecit",1664,17th c.,high,Gallica,,unknown,none,printed,colour,commercial,map,1,25.0,80.0,2000,exact,1,1,0,1,1,1,1,1,7,A,bnf,1,2,1,9508,3070,29.2,medium,302,standard,77.5,2_contextual,https://gallica.bnf.fr/ark:/12148/btv1b532422744
btv1b8445156f,"Les costes des royaumes de Fez, Alger, Tunis et Tripoli en Barbarie suivant les routiers et portolans de divers pilotes / par P. Du Val, ...",1677,17th c.,high,Gallica,2850000,very_small,catalogue,unknown,unknown,unknown,map,1,38.5,21.0,808,exact,1,0,1,1,1,1,1,1,7,A,bnf,1,1,1,7356,4800,35.3,medium,485,high,77.5,2_contextual,https://gallica.bnf.fr/ark:/12148/btv1b8445156f
btv1b532830203,[Model des cartes dressée pour les 6 divisions],,18th c.,high,Gallica,9110870,very_small,catalogue,manuscript,colour,unknown,map,1,29.0,50.0,1450,century,0,0,1,1,1,1,1,0,5,B,bnf,1,2,1,9478,5948,56.4,high,481,high,77.5,2_contextual,https://gallica.bnf.fr/ark:/12148/btv1b532830203
btv1b84685517,"Partie occidentale d'Afrique où se trouve (sic) les isles Canaries et du Cap Vert..., les royaumes d'Alger et de Tunis..., la Nigritie et la Guinée / par N. de Fer...",1702,18th c.,high,Gallica,,unknown,none,printed,colour,commercial,map,1,32.0,22.0,704,exact,1,1,0,1,1,1,1,1,7,A,bnf,1,1,1,5820,4306,25.1,medium,462,high,77.5,2_contextual,https://gallica.bnf.fr/ark:/12148/btv1b84685517
btv1b8494393g,"Plan de l'Isle de Tabarco / Levé par le sieur Verguin, ...",1732,18th c.,high,Gallica,6000,large,catalogue,manuscript,unknown,unknown,map,1,42.0,37.5,1575,exact,1,0,1,1,1,1,1,1,7,A,bnf,1,1,1,7824,5664,44.3,medium,473,high,77.5,1_analytic,https://gallica.bnf.fr/ark:/12148/btv1b8494393g
btv1b10678733g,Carte generale d'Allemagne divisée en ses cercles et subdivisée en ses principaux Etats / Dressée par Ordre de S. M. I. ; par J. G. Eisenschmidt Mathématicien et D[octeur] en Medecine a Strasbourg ; revue et augmentée par J. B. Homann geogr[aphe] de S. M. I.,1758,18th c.,unverified,Gallica,,unknown,none,printed,colour,commercial,other,1,34.5,47.0,1622,exact,1,1,0,1,1,1,1,1,7,A,bnf,1,1,1,5544,4192,23.2,medium,300,low,77.5,2_contextual,https://gallica.bnf.fr/ark:/12148/btv1b10678733g
btv1b531431669,"Novissima et accuratissima regnorum et insularum Siciliae, et Sardiniae, hydro-geographica exhibitio : ubi secundum principia perfectionis stereographicae, et secundum statum hodiernum Sicilia, Sardinia, Corsica, Malta et aliis majoribus minoribusque Insulis in hoc tractu maritimo sitis cu[m] adjectis Italicis, Barbaricisque Litoribus ostenduntur [...] / Io. Ant. Rizzi Zannoni",1762,18th c.,high,Gallica,,unknown,none,printed,colour,commercial,map,1,50.0,60.5,3025,exact,1,1,0,1,1,1,1,1,7,A,bnf,1,1,1,7348,6112,44.9,medium,308,standard,77.5,2_contextual,https://gallica.bnf.fr/ark:/12148/btv1b531431669
btv1b53235505j,Plano de la rada y ciudad de Tripoli en la costa de Berberia ; Golfo de Tunez : conforme al plano de Mr. Bellin / por don Tomas Lopez,1785,18th c.,high,Gallica,,unknown,none,printed,colour,commercial,map,2,21.0,34.0,714,exact,1,1,0,1,1,1,1,1,7,A,bnf,1,1,1,5770,4020,23.2,medium,,unknown,77.5,2_contextual,https://gallica.bnf.fr/ark:/12148/btv1b53235505j
btv1b8441279j,"Karte der Eisenbahn von Salonik nach Monastir, 1/300 000, entworfen u. gez. / C. Fr. v. d. Goltz",1895,19th c.,low,Gallica,300000,small,catalogue,unknown,unknown,unknown,map,1,56.0,32.0,1792,exact,1,0,1,1,1,1,1,1,7,A,bnf,1,1,1,9262,5365,49.7,medium,420,standard,77.5,2_contextual,https://gallica.bnf.fr/ark:/12148/btv1b8441279j
btv1b53071091w,Djebel Zaghouan [Tunisie] carte géologique. 1 : 20 000 / G. Castany,1951,20th c.,high,Gallica,,unknown,none,printed,colour,commercial,map,1,28.0,48.0,1344,exact,1,1,0,1,1,1,1,1,7,A,bnf,1,1,1,4762,6855,32.6,medium,363,standard,77.5,2_contextual,https://gallica.bnf.fr/ark:/12148/btv1b53071091w
btv1b53283019q,Carte de la Mer Mediterranée sur laquelle on a distingué par des couleurs les six divisions des Materiaux qui se conserve[n]t au dépôt des Cartes de la Marine pour servir à la construction des cartes du nouveau portuland de cette Mer,1736,18th c.,high,Gallica,8996123,very_small,catalogue,manuscript,colour,unknown,map,1,33.5,46.5,1558,exact,0,0,1,1,1,1,1,1,6,B,bnf,1,1,1,8016,5910,47.4,medium,438,standard,76.7,2_contextual,https://gallica.bnf.fr/ark:/12148/btv1b53283019q
btv1b10678328s,Projet de construction d'une salle de dissection et dépendances à la Faculté de médecine de Montpellier : Plan général des bâtiments,,19th c.,unverified,Gallica,200,large,catalogue,printed,unknown,commercial,other,1,10.0,11.5,115,century,0,1,1,1,1,1,1,0,6,B,bnf,1,1,1,3176,4816,15.3,low,1064,high,76.7,2_contextual,https://gallica.bnf.fr/ark:/12148/btv1b10678328s
btv1b53247486x,"Atlas ou recüeil de cartes geographiques, dressées sur les nouvelles observations de M[essieu]rs de l'Academie Royale des Sciences, par N. de Fer geographe de sa Majesté Catolique et Monseigneur le Dauphin",1709,18th c.,unverified,Gallica,,unknown,none,printed,unknown,commercial,atlas,,53.0,41.0,2173,exact,1,1,0,1,0,1,1,1,6,B,bnf,1,328,1,6732,8796,59.2,high,422,standard,75.0,2_contextual,https://gallica.bnf.fr/ark:/12148/btv1b53247486x
btv1b53237585j,"Carte de la coste depuis Biserte jusque au Cap Bon / donné par Sabatier, pilote amiral de Toulon",1736,18th c.,high,Gallica,,unknown,none,manuscript,unknown,hydrographic,map,1,42.0,57.0,2394,exact,1,0,0,1,1,1,1,1,6,B,bnf,1,2,1,9279,6866,63.7,high,413,standard,75.0,2_contextual,https://gallica.bnf.fr/ark:/12148/btv1b53237585j
btv1b84693899,"Carte de l'Afrique propre, aujourd'hui le royaume de Tunis, pour servir... à l'analyse de la campagne de Jules César...",1758,18th c.,high,Gallica,,unknown,none,printed,unknown,commercial,map,1,43.0,32.0,1376,exact,0,1,0,1,1,1,1,1,6,B,bnf,1,1,1,8326,6804,56.7,high,492,high,75.0,2_contextual,https://gallica.bnf.fr/ark:/12148/btv1b84693899
btv1b532422850,Carte des côtes de Barbarie depuis le cap Bugaroni au royaume d'Alger jusqu'à la ville d'Africa ou Mahdia au royaume de Tunis... / par M. le marquis de Chabert...,1787,18th c.,high,Gallica,,unknown,none,manuscript,unknown,hydrographic,map,1,61.0,90.0,5490,exact,1,0,0,1,1,1,1,1,6,B,bnf,1,2,1,10736,7386,79.3,high,303,standard,75.0,2_contextual,https://gallica.bnf.fr/ark:/12148/btv1b532422850
btv1b530252439,Réseau postal et télégraphique de la régence de Tunis,1889,19th c.,high,Gallica,,unknown,none,printed,unknown,commercial,map,1,88.0,63.0,5544,exact,0,1,0,1,1,1,1,1,6,B,bnf,1,1,1,8505,11372,96.7,high,328,standard,75.0,2_contextual,https://gallica.bnf.fr/ark:/12148/btv1b530252439
btv1b532133454,Camp de Bou-Ficha,1931,20th c.,high,Gallica,,unknown,none,printed,unknown,military_survey,map,1,90.0,72.0,6480,exact,0,1,0,1,1,1,1,1,6,B,bnf,1,1,1,9510,12359,117.5,high,349,standard,75.0,2_contextual,https://gallica.bnf.fr/ark:/12148/btv1b532133454
btv1b55008266c,"Plantz, pourtraitz et descriptions de plusieurs villes et forteresses, tant de l'Europe, Asie, & Afrique, que des Indes, & terres neuves: Leurs fondations, antiquitez, & manieres de vivre: Avec plusieurs cartes generales & particulieres, servans à la Cosmographie, iointes à leurs declarations: deux tables fort amples, l'une des chapitres, & l'autre des matieres contenues en ce present livre. Le tout mis par ordre, region par region, par Antoine du Pinet",1564,16th c.,unverified,Gallica,,unknown,none,printed,unknown,commercial,atlas,,33.0,22.0,726,exact,1,1,0,1,1,1,1,1,7,A,bnf,1,362,1,3671,5523,20.3,medium,425,standard,74.2,2_contextual,https://gallica.bnf.fr/ark:/12148/btv1b55008266c
bpt6k324274q,"La Cosmographie universelle de tout le monde en laquelle, suivant les auteurs plus dignes de foy, sont au vray descriptes toutes les parties habitables & non habitables de la terre et de la mer, leurs assiettes & choses qu'elles produisent: puis la description & peincture topographique des régions, la différence de l'air de chacun pays d'où advient la diversité tant de la complexion des hommes que des figures des bestes brutes. Et encor l'origine, noms ou appellations tant modernes qu'anciennes & description de plusieurs villes, citez & isles avec leurs plantz & pourtraictz & sur tout de la France, non encor iusques à present veus ny imprimez. S'y voyent aussi d'avantage, les origines, accroissemens & changemens des monarchies, empires, royaumes, estatz & republiques: ensemble les moeurs, façons de vivre, loix, coustumes, & religion de tous les peuples & natio[n]s du monde: & la succession des papes, cardinaux, archevesques & evesques, chacun en leur diocese, tant anciens que modernes: Avec plusieurs autres choses, le sommaire desquelles se void en la page suivante auteur en partie Munster, mais beaucoup plus augmentée, ornée & enrichie par François de Belle-Forest, Comingeois, tant de ses recerches [sic], comme de l'aide de plusieurs memoires envoyez de diverses villes de France, par hommes amateurs de l'histoire & de leur patrie Avec trois tables, l'une des plantz & pourtraicts des isles et des villes. La seconde, des tiltres & chapitres. Et la troisiesme, de tous les noms propres & des matières co[m]prises en tout l'oeuvre",1575,16th c.,unverified,Gallica,,unknown,none,printed,unknown,commercial,atlas,,36.5,23.5,858,exact,1,1,0,1,1,1,1,1,7,A,bnf,1,636,1,4451,6497,28.9,medium,452,high,74.2,2_contextual,https://gallica.bnf.fr/ark:/12148/bpt6k324274q
bpt6k1505502g,"La Cosmographie universelle de tout le monde en laquelle, suivant les auteurs plus dignes de foy, sont au vray descriptes toutes les parties habitables & non habitables de la terre et de la mer, leurs assiettes & choses qu'elles produisent: puis la description & peincture topographique des régions, la différence de l'air de chacun pays d'où advient la diversité tant de la complexion des hommes que des figures des bestes brutes. Et encor l'origine, noms ou appellations tant modernes qu'anciennes & description de plusieurs villes, citez & isles avec leurs plantz & pourtraictz & sur tout de la France, non encor iusques à present veus ny imprimez. S'y voyent aussi d'avantage, les origines, accroissemens & changemens des monarchies, empires, royaumes, estatz & republiques: ensemble les moeurs, façons de vivre, loix, coustumes, & religion de tous les peuples & natio[n]s du monde: & la succession des papes, cardinaux, archevesques & evesques, chacun en leur diocese, tant anciens que modernes: Avec plusieurs autres choses, le sommaire desquelles se void en la page suivante auteur en partie Munster, mais beaucoup plus augmentée, ornée & enrichie par François de Belle-Forest, Comingeois, tant de ses recerches [sic], comme de l'aide de plusieurs memoires envoyez de diverses villes de France, par hommes amateurs de l'histoire & de leur patrie Avec trois tables, l'une des plantz & pourtraicts des isles et des villes. La seconde, des tiltres & chapitres. Et la troisiesme, de tous les noms propres & des matières co[m]prises en tout l'oeuvre. Tome 1",1575,16th c.,unverified,Gallica,,unknown,none,printed,unknown,commercial,atlas,,36.5,23.5,858,exact,1,1,0,1,1,1,1,1,7,A,bnf,1,1559,1,4063,5768,23.4,medium,401,standard,74.2,2_contextual,https://gallica.bnf.fr/ark:/12148/bpt6k1505502g
btv1b52510038g,"Cartes generales de toutes les parties du monde, ou les empires, monarchies, republiques, estats, peuples, &c. de l'Asie, de l'Afrique, de l'Europe, & de l'Americque, tant anciens que nouveaux, sont exactement remarqués, & distingués suivant leur estendue. Par le Sieur Sanson d'Abbeville, Geographe ordinaire du Roy",1658,17th c.,unverified,Gallica,,unknown,none,printed,unknown,commercial,atlas,,45.0,34.0,1530,exact,1,1,0,1,1,1,1,1,7,A,bnf,1,388,1,5658,7403,41.9,medium,418,standard,74.2,2_contextual,https://gallica.bnf.fr/ark:/12148/btv1b52510038g
btv1b530527863,"Les Costes des royaumes de Fez, Alger, Tunis et Tripoli en Barbarie suivant les routiers et les portolans de divers pilotes / par P. du val ; F. Lapointe fecit",1677,17th c.,high,Gallica,,unknown,none,printed,unknown,commercial,other,1,25.5,80.0,2040,exact,1,1,0,1,1,1,1,1,7,A,bnf,1,1,1,9314,3088,28.8,medium,296,low,74.2,2_contextual,https://gallica.bnf.fr/ark:/12148/btv1b530527863
btv1b8439648k,Carte du relief de l'Algérie et de la Tunisie / dressée par E. Guillemin,1888,19th c.,high,Gallica,,unknown,none,printed,unknown,commercial,map,1,41.0,29.0,1189,exact,1,1,0,1,1,1,1,1,7,A,bnf,1,1,1,8050,5292,42.6,medium,499,high,74.2,2_contextual,https://gallica.bnf.fr/ark:/12148/btv1b8439648k
btv1b84417605,"Tunisie / L. Thuillier, delt.",1888,19th c.,high,Gallica,,unknown,none,printed,unknown,commercial,map,1,24.0,34.0,816,exact,1,1,0,1,1,1,1,1,7,A,bnf,1,1,1,4500,5845,26.3,medium,437,standard,74.2,2_contextual,https://gallica.bnf.fr/ark:/12148/btv1b84417605
btv1b8439738j,"Tunisie / L. Thuillier, delt. ; gravé et imprimé par Erhard",1888,19th c.,high,Gallica,,unknown,none,printed,unknown,commercial,map,1,25.0,32.0,800,exact,1,1,0,1,1,1,1,1,7,A,bnf,1,1,1,4415,5805,25.6,medium,461,high,74.2,2_contextual,https://gallica.bnf.fr/ark:/12148/btv1b8439738j
btv1b84904710,[Castello del bazzaro],1560,16th c.,high,Gallica,1030,large,catalogue,unknown,unknown,unknown,view,1,50.0,38.0,1900,exact,0,0,1,1,1,1,1,1,6,B,bnf,1,1,1,8028,6190,49.7,medium,408,standard,73.3,1_analytic,https://gallica.bnf.fr/ark:/12148/btv1b84904710
btv1b55005215t,"Disigno dell'Isola de Gerbi con le seche che la difendeno dall'inodatione del mare, et il sito della fortezza fatta da Christiani alla defesa della quala vi è restato cinq[ue] millia valorosi soldati, e buona provisione di vituaglie e monitione che con l'aiuto di Dio bastara a diffenderla dall'insulti de l'armata Turchescha",1560,16th c.,high,Gallica,245600,medium,catalogue,unknown,unknown,unknown,map,1,44.0,29.8,1311,exact,0,0,1,1,1,1,1,1,6,B,bnf,1,1,1,5502,3835,21.1,medium,318,standard,73.3,1_analytic,https://gallica.bnf.fr/ark:/12148/btv1b55005215t
btv1b55000007t,"Disigno dell'Isola de Gerbi con le seche che la difendeno dall'inodavone del mare, et il sito della fortezza fatta da Christiani alla defesa della quala vi è restato cinq. millia valorosi soldati e buona provisione di vituaglie e monitione che con l'aiuto di Dio bastara a diffenderla dall'insulti de l'armata Turchesca",1560,16th c.,high,Gallica,245600,medium,catalogue,unknown,unknown,unknown,map,1,44.0,30.0,1320,exact,0,0,1,1,1,1,1,1,6,B,bnf,1,1,1,6078,4377,26.6,medium,351,standard,73.3,1_analytic,https://gallica.bnf.fr/ark:/12148/btv1b55000007t
btv1b550001148,"Disigno dell'Isola de Gerbi con le seche che la difendeno dall'inodavone del mare, et il sito della fortezza fatta da Christiani alla defesa della quala vi è restato cinq. millia valorosi soldati e buona provisione di vituaglie e monitione che con l'aiuto di Dio bastara a diffenderla dall'insulti de l'armata Turchesca",1560,16th c.,high,Gallica,245600,medium,catalogue,unknown,unknown,unknown,map,1,44.0,29.8,1311,exact,0,0,1,1,1,1,1,1,6,B,bnf,1,1,1,6006,4197,25.2,medium,347,standard,73.3,1_analytic,https://gallica.bnf.fr/ark:/12148/btv1b550001148
btv1b84909709,Disigno dell'Isola de Gerbi... et il sito della fortezza fatta da christiani... bastara à diffenderla dall'insulti de l'armata Turchesca,1560,16th c.,high,Gallica,245600,medium,catalogue,unknown,unknown,unknown,map,1,44.0,29.8,1311,exact,0,0,1,1,1,1,1,1,6,B,bnf,1,1,1,7080,4919,34.8,medium,409,standard,73.3,1_analytic,https://gallica.bnf.fr/ark:/12148/btv1b84909709
btv1b550000800,Disegno de la Goletta,1570,16th c.,high,Gallica,2900,large,catalogue,unknown,unknown,unknown,map,1,32.5,24.0,780,exact,0,0,1,1,1,1,1,1,6,B,bnf,1,1,1,6023,4147,25.0,medium,471,high,73.3,1_analytic,https://gallica.bnf.fr/ark:/12148/btv1b550000800
btv1b84946797,Fortezza di Gerbi,1573,16th c.,high,Gallica,2500,large,catalogue,unknown,unknown,unknown,map,1,40.0,27.5,1100,exact,0,0,1,1,1,1,1,1,6,B,bnf,1,1,1,6432,4472,28.8,medium,408,standard,73.3,1_analytic,https://gallica.bnf.fr/ark:/12148/btv1b84946797
btv1b55005028t,"Il novo disegno di Tunisi et la Goletta fatto con le factioni haute e gl'ultimi duisi, con l'annotatione de beloardi de la nova fortezza tra Tunisi et lo Stagno...",1574,16th c.,high,Gallica,60000,medium,catalogue,unknown,unknown,unknown,map,1,46.0,31.0,1426,exact,0,0,1,1,1,1,1,1,6,B,bnf,1,1,1,6959,5192,36.1,medium,384,standard,73.3,1_analytic,https://gallica.bnf.fr/ark:/12148/btv1b55005028t
btv1b550051714,Pianta del forto novo de Tunisi,1574,16th c.,high,Gallica,3800,large,catalogue,unknown,unknown,unknown,plan,1,31.0,45.5,1410,exact,0,0,1,1,1,1,1,1,6,B,bnf,1,1,1,4289,5986,25.7,medium,334,standard,73.3,1_analytic,https://gallica.bnf.fr/ark:/12148/btv1b550051714
btv1b8494678t,"Disigno dell'Isola de Gerbi con le seche che la difendeno dall'inondatione del mare et il sito della fortezza fatta da Christiani alla defesa della quala vi e restato cinq millia valorosi soldati, e buona provisione di vituaglie e munitione che con l'aiuto di Dio bastara à diffenderla dall'insulti de l'armata turchescha",1575,16th c.,high,Gallica,250000,medium,catalogue,unknown,unknown,unknown,map,1,44.5,30.0,1335,exact,0,0,1,1,1,1,1,1,6,B,bnf,1,1,1,7312,5180,37.9,medium,417,standard,73.3,1_analytic,https://gallica.bnf.fr/ark:/12148/btv1b8494678t
btv1b8491904m,Barbaria,1602,17th c.,high,Gallica,13900000,very_small,catalogue,unknown,unknown,unknown,map,1,47.0,35.0,1645,exact,0,0,1,1,1,1,1,1,6,B,bnf,1,1,1,7667,5722,43.9,medium,414,standard,73.3,2_contextual,https://gallica.bnf.fr/ark:/12148/btv1b8491904m
btv1b8492072n,Barbaria,1602,17th c.,high,Gallica,13900000,very_small,catalogue,unknown,unknown,unknown,map,1,47.0,35.0,1645,exact,0,0,1,1,1,1,1,1,6,B,bnf,1,1,1,8004,5950,47.6,medium,433,standard,73.3,2_contextual,https://gallica.bnf.fr/ark:/12148/btv1b8492072n
btv1b531429571,Barbaria,1602,17th c.,high,Gallica,13900000,very_small,catalogue,unknown,unknown,unknown,map,1,35.0,47.0,1645,exact,0,0,1,1,1,1,1,1,6,B,bnf,1,1,1,6622,5150,34.1,medium,358,standard,73.3,2_contextual,https://gallica.bnf.fr/ark:/12148/btv1b531429571
btv1b532354680,"Carte réduite des costes de Tunis et de Tripoli pour servir aux vaisseaux du Roi, dressée... par ordre de M. Rouillé... comte de Jouy, ... / chez le Sr. Bellin, ing[énieu]r de la Marine",1752,18th c.,high,Gallica,,unknown,none,manuscript,colour,hydrographic,map,1,41.0,60.0,2460,exact,1,0,0,1,1,1,1,1,6,B,bnf,1,1,1,7536,5124,38.6,medium,319,standard,73.3,2_contextual,https://gallica.bnf.fr/ark:/12148/btv1b532354680
btv1b10112213f,"Air France. Carte itinéraire Dunlop. Paris-Tunis (par Lyon ou Nice), Marseille-Tunis, Marseille-Bône, Nice-Alger (par ajaccio) : [carte de route] / Édicta",1949,20th c.,high,Gallica,4000000,very_small,catalogue,printed,colour,commercial,map,,13.1,9.0,118,exact,0,1,1,1,0,1,1,1,6,B,bnf,1,5,0,1460,2144,3.1,low,416,standard,73.3,2_contextual,https://gallica.bnf.fr/ark:/12148/btv1b10112213f
btv1b52526874r,"Atlas nouveau contenant toutes les parties du monde ou sont exactement remarqués les Empires, Monarchies Royaumes, Estats Republiques & Peuples qui si trouvent à present. Presenté a Monseigneur le Dauphin par son tres-humble, tres-obeissant et tres-fidele serviteur Hubert Iaillot",1681,17th c.,unverified,Gallica,,unknown,none,printed,unknown,commercial,atlas,,63.7,50.0,3185,exact,1,1,0,1,1,1,1,1,7,A,bnf,1,192,0,8191,10079,82.6,high,402,standard,72.5,2_contextual,https://gallica.bnf.fr/ark:/12148/btv1b52526874r
btv1b8495511m,Recherches sur l'emplacement de Carthage (5 planches qui accompagnent l'ouvrage) / par C. T. Falbe,1833,19th c.,high,Gallica,,unknown,none,printed,unknown,commercial,plan,5,,,,exact,1,1,0,1,1,1,1,1,7,A,bnf,1,5,1,6908,8942,61.8,high,,unknown,72.5,2_contextual,https://gallica.bnf.fr/ark:/12148/btv1b8495511m
bpt6k96135733,"Atlas céleste comprenant toutes les cartes de l'ancien atlas (3e éd.) / de Ch. Dien ; rectifié, augmenté et enrichi de cartes nouvelles,... par Camille Flammarion,...",1877,19th c.,unverified,Gallica,,unknown,none,printed,unknown,commercial,atlas,,,,,exact,1,1,0,1,1,1,1,1,7,A,bnf,1,107,1,6308,8248,52.0,high,,unknown,72.5,2_contextual,https://gallica.bnf.fr/ark:/12148/bpt6k96135733
btv1b53146676n,[Plans de villes de la Libye],1914,20th c.,medium,Gallica,,unknown,none,printed,colour,commercial,plan,4,,,,exact,0,1,0,1,1,1,1,1,6,B,bnf,1,2,1,8311,6667,55.4,high,,unknown,71.7,2_contextual,https://gallica.bnf.fr/ark:/12148/btv1b53146676n
btv1b531216373,"Cartagena in Terra firma Americae sita, ichnographice repraesentata et recusa / ab Homan Heredibus",1740,18th c.,high,Gallica,,unknown,none,printed,colour,commercial,map,1,24.0,29.0,696,exact,1,1,0,1,1,1,1,1,7,A,bnf,1,1,1,4068,4016,16.3,low,356,standard,70.8,2_contextual,https://gallica.bnf.fr/ark:/12148/btv1b531216373
btv1b53171162r,"Carte de la partie de l'Afrique où les Carthaginois ont étendu leur domination dressée pour l'intelligence de l'histoire ancienne de Mr. Rollin / par le Sr. d'Anville, Géographe ord[inaire] du Roi ; Bourgoin sculp.",1782,18th c.,high,Gallica,,unknown,none,printed,colour,commercial,map,1,25.5,48.5,1237,exact,1,1,0,1,1,1,1,1,7,A,bnf,1,2,1,5936,3191,18.9,low,311,standard,70.8,2_contextual,https://gallica.bnf.fr/ark:/12148/btv1b53171162r
bpt6k9618179r,"Atlas du Cosmos, contenant les cartes géographiques, physiques, thermiques... applicables à tous les ouvrages de sciences physiques et naturelles et particulièrement aux oeuvres d'Alexandre de Humboldt et de François Arago / dressées par M. Vuillemin ; gravées sur acier par M. Jacobs ; sous la direction de M. J.-A. Barral",1867,19th c.,unverified,Gallica,,unknown,none,printed,monochrome,commercial,map,26,,,,exact,1,1,0,1,1,1,1,1,7,A,bnf,1,126,1,5712,7932,45.3,medium,,unknown,70.8,2_contextual,https://gallica.bnf.fr/ark:/12148/bpt6k9618179r
bpt6k11001831,"Atlas des colonies françaises : 27 planches de cartes, texte explicatif, index alphabétique / dressé par ordre du Ministère des Colonies par Paul Pelet",1902,20th c.,unverified,Gallica,,unknown,none,printed,colour,commercial,atlas,,,,,exact,1,1,0,1,1,1,1,1,7,A,bnf,1,206,1,4605,6070,28.0,medium,,unknown,70.8,2_contextual,https://gallica.bnf.fr/ark:/12148/bpt6k11001831
bpt6k1100182m,"Atlas colonial français : colonies, protectorats et pays sous mandat / cartes et texte du Commandant P. Pollacchi",1929,20th c.,unverified,Gallica,,unknown,none,printed,colour,commercial,atlas,,,,,exact,1,1,0,1,1,1,1,1,7,A,bnf,1,312,1,4193,5819,24.4,medium,,unknown,70.8,2_contextual,https://gallica.bnf.fr/ark:/12148/bpt6k1100182m
btv1b85953649,Benigni lettori per rappresentavi piu particulari della citta di Tunisi ...,1566,16th c.,high,Gallica,,unknown,none,printed,unknown,commercial,other,1,40.5,49.0,1984,exact,0,1,0,1,1,1,1,1,6,B,bnf,1,1,1,6347,4487,28.5,medium,329,standard,70.0,2_contextual,https://gallica.bnf.fr/ark:/12148/btv1b85953649
btv1b8595344j,Costes de Barbarie contenant les royaumes d'Alger et de Tunis / [Bellin],1740,18th c.,high,Gallica,,unknown,none,unknown,unknown,hydrographic,other,1,31.0,49.0,1519,exact,1,0,0,1,1,1,1,1,6,B,bnf,1,1,1,7904,5150,40.7,medium,410,standard,70.0,2_contextual,https://gallica.bnf.fr/ark:/12148/btv1b8595344j
bpt6k316310r,Histoire scientifique et militaire de l'expédition française en Egypte : dédiée au Roi. atlas,1830,19th c.,unverified,Gallica,,unknown,none,printed,unknown,commercial,atlas,,27.0,35.0,945,exact,0,1,0,1,1,1,1,1,6,B,bnf,1,362,1,5946,4623,27.5,medium,432,standard,70.0,2_contextual,https://gallica.bnf.fr/ark:/12148/bpt6k316310r
btv1b8443311x,Association universelle des travailleurs en chaussures... Panorama du théâtre de la guerre...,1881,19th c.,high,Gallica,,unknown,none,printed,unknown,commercial,map,1,50.0,33.0,1650,exact,0,1,0,1,1,1,1,1,6,B,bnf,1,1,1,8563,5773,49.4,medium,435,standard,70.0,2_contextual,https://gallica.bnf.fr/ark:/12148/btv1b8443311x
btv1b53021168m,Carte des frontières d'Algérie et de Tunisie (2e édition),1881,19th c.,high,Gallica,,unknown,none,printed,unknown,commercial,map,1,55.0,13.0,715,exact,0,1,0,1,1,1,1,1,6,B,bnf,1,1,1,5940,7054,41.9,medium,326,standard,70.0,2_contextual,https://gallica.bnf.fr/ark:/12148/btv1b53021168m
btv1b84401312,Carte de la Tunisie pour accompagner l'ouvrage de M. de Lanessan sur ce pays,1887,19th c.,high,Gallica,,unknown,none,printed,unknown,commercial,map,1,18.0,26.0,468,exact,0,1,0,1,1,1,1,1,6,B,bnf,1,1,1,4114,5289,21.8,medium,517,high,70.0,2_contextual,https://gallica.bnf.fr/ark:/12148/btv1b84401312
btv1b53230723h,Les vins de Tunisie. Carte de vignoble,1935,20th c.,high,Gallica,2250000,very_small,catalogue,unknown,colour,unknown,map,1,12.0,20.0,240,exact,0,0,1,1,1,1,1,1,6,B,bnf,1,2,1,3478,2738,9.5,low,442,standard,70.0,2_contextual,https://gallica.bnf.fr/ark:/12148/btv1b53230723h
btv1b53066849v,"(Algérie, Tunisie, Maroc.) Vignettes de Bernard Levanteur",1936,20th c.,high,Gallica,,unknown,none,printed,unknown,commercial,map,1,71.0,37.0,2627,exact,0,1,0,1,1,1,1,1,6,B,bnf,1,1,1,8570,4608,39.5,medium,307,standard,70.0,2_contextual,https://gallica.bnf.fr/ark:/12148/btv1b53066849v
btv1b84414923,Carte des chemins de fer de l'Algérie et de la Tunisie,,20th c.,high,Gallica,3000000,very_small,catalogue,unknown,unknown,unknown,map,1,48.0,34.0,1632,century,0,0,1,1,1,1,1,0,5,B,bnf,1,1,1,8170,5760,47.1,medium,432,standard,69.2,2_contextual,https://gallica.bnf.fr/ark:/12148/btv1b84414923
btv1b53242291m,Plan de Souse / tiré sur les lieux par le S[ieu]r de Darcy,1685,17th c.,high,Gallica,,unknown,none,manuscript,colour,unknown,map,1,52.0,75.0,3900,exact,1,0,0,1,1,1,1,1,6,B,bnf,1,2,1,9026,6218,56.1,high,306,standard,68.3,2_contextual,https://gallica.bnf.fr/ark:/12148/btv1b53242291m
btv1b53242295d,Plan de Tunis / tiré par le S[ieu]r de Darcy,1685,17th c.,high,Gallica,,unknown,none,manuscript,colour,unknown,map,1,52.0,75.0,3900,exact,1,0,0,1,1,1,1,1,6,B,bnf,1,2,1,8960,6174,55.3,high,303,standard,68.3,2_contextual,https://gallica.bnf.fr/ark:/12148/btv1b53242295d
btv1b532423018,"Plan de la rade de Bizerte en Barbarie / par Albert, pilote entretenu du Roy",1699,17th c.,high,Gallica,,unknown,none,manuscript,colour,unknown,map,1,52.0,76.0,3952,exact,1,0,0,1,1,1,1,1,6,B,bnf,1,2,1,9120,6270,57.2,high,305,standard,68.3,2_contextual,https://gallica.bnf.fr/ark:/12148/btv1b532423018
btv1b532422996,"Plan de Portefarine en Barbarie... / par Albert, pilotte entretenu du Roy",1699,17th c.,high,Gallica,,unknown,none,manuscript,colour,unknown,map,1,48.0,114.0,5472,exact,1,0,0,1,1,1,1,1,6,B,bnf,1,2,1,13518,5820,78.7,high,301,standard,68.3,2_contextual,https://gallica.bnf.fr/ark:/12148/btv1b532422996
btv1b53236710t,"Plan et description de la coste de Tripoly de Barbarie depuis le cap Mesurat jusques a la ville de Sousse... / suivant lexacte observation qui en a esté faite par François Olivier, pilote entretenu au departement de Toulon",1729,18th c.,high,Gallica,,unknown,none,manuscript,colour,unknown,map,1,49.0,75.0,3675,exact,1,0,0,1,1,1,1,1,6,B,bnf,1,1,1,9408,6241,58.7,high,319,standard,68.3,2_contextual,https://gallica.bnf.fr/ark:/12148/btv1b53236710t
btv1b53237596d,Plan de l'Isle de Tabarco / levé par le Sr Verguin,1731,18th c.,high,Gallica,,unknown,none,manuscript,colour,unknown,map,1,47.0,68.0,3196,exact,1,0,0,1,1,1,1,1,6,B,bnf,1,1,1,10871,7706,83.8,high,406,standard,68.3,2_contextual,https://gallica.bnf.fr/ark:/12148/btv1b53237596d
btv1b532423052,Plan de l'Isle de Tabarco / levé par le Sr Verguin,1731,18th c.,high,Gallica,,unknown,none,manuscript,colour,unknown,map,1,51.0,76.0,3876,exact,1,0,0,1,1,1,1,1,6,B,bnf,1,1,1,8976,6054,54.3,high,300,low,68.3,2_contextual,https://gallica.bnf.fr/ark:/12148/btv1b532423052
btv1b53237597v,Plan de l'Isle de Tabarco / levé par le Sr Verguin ; Le Moyne,1731,18th c.,high,Gallica,,unknown,none,manuscript,colour,unknown,map,1,45.0,64.0,2880,exact,1,0,0,1,1,1,1,1,6,B,bnf,1,1,1,10405,7375,76.7,high,413,standard,68.3,2_contextual,https://gallica.bnf.fr/ark:/12148/btv1b53237597v
btv1b53237587f,"Plan des forts et du canal de la Goulete / levé géométriquement par M. de Chabert, garde de la Marine",1742,18th c.,high,Gallica,,unknown,none,manuscript,colour,unknown,plan,1,39.0,54.0,2106,exact,1,0,0,1,1,1,1,1,6,B,bnf,1,1,1,8694,6358,55.3,high,409,standard,68.3,2_contextual,https://gallica.bnf.fr/ark:/12148/btv1b53237587f
btv1b532375430,"Plan du golfe de Tunis depuis le Cap Bon jusques au cap Zebibe / levé géométriquement en 1742 par M. de Chabert, garde de la Marine",1742,18th c.,high,Gallica,,unknown,none,manuscript,colour,unknown,map,1,40.0,56.0,2240,exact,1,0,0,1,1,1,1,1,6,B,bnf,1,2,1,9017,6426,57.9,high,409,standard,68.3,2_contextual,https://gallica.bnf.fr/ark:/12148/btv1b532375430
btv1b532376240,"Plan du golphe de Tunis depuis le Cap Bon jusqu'au cap Zebibe / levé géométriquement en 1742 par M. de Chabert, garde de la marine",1742,18th c.,high,Gallica,,unknown,none,manuscript,colour,unknown,map,1,39.0,54.0,2106,exact,1,0,0,1,1,1,1,1,6,B,bnf,1,1,1,8716,6304,54.9,high,410,standard,68.3,2_contextual,https://gallica.bnf.fr/ark:/12148/btv1b532376240
btv1b532375860,"Plan du golphe de Tunis depuis le Cap Bon jusques au cap Zebibe / levé géométriquement en 1742 par M. de Chabert, garde de la Marine",1742,18th c.,high,Gallica,,unknown,none,manuscript,colour,unknown,map,1,51.0,68.0,3468,exact,1,0,0,1,1,1,1,1,6,B,bnf,1,1,1,10927,8225,89.9,high,408,standard,68.3,2_contextual,https://gallica.bnf.fr/ark:/12148/btv1b532375860
btv1b53242304m,"Plan du golphe de Tunis depuis le cap Bon jusques au cap Zebibe / levé géométriquement par M. de Chabert, garde de la Marine",1742,18th c.,high,Gallica,,unknown,none,manuscript,colour,unknown,map,1,54.0,78.0,4212,exact,1,0,0,1,1,1,1,1,6,B,bnf,1,2,1,9296,6566,61.0,high,303,standard,68.3,2_contextual,https://gallica.bnf.fr/ark:/12148/btv1b53242304m
btv1b53237588w,"Plan des forts et du canal de la Goulete / levé géométriquement en 1743 par M. de Chabert, garde de la marine",1743,18th c.,high,Gallica,,unknown,none,manuscript,colour,unknown,plan,1,39.0,54.0,2106,exact,1,0,0,1,1,1,1,1,6,B,bnf,1,1,1,8948,6661,59.6,high,421,standard,68.3,2_contextual,https://gallica.bnf.fr/ark:/12148/btv1b53237588w
btv1b53237590q,Plan de la Baye de Tunis... / par votre serviteur J.B. Cabut,1750,18th c.,high,Gallica,,unknown,none,manuscript,colour,unknown,map,1,63.0,46.0,2898,exact,1,0,0,1,1,1,1,1,6,B,bnf,1,2,1,7739,10310,79.8,high,416,standard,68.3,2_contextual,https://gallica.bnf.fr/ark:/12148/btv1b53237590q
btv1b532376134,Carte réduite d'une partie de la coste de Barbarie depuis le cap de Hone jusqu'au cap Matifou / dressée sur les manuscripts du dépost par Lemoyne,1751,18th c.,medium,Gallica,,unknown,none,manuscript,colour,unknown,map,1,49.0,69.0,3381,exact,1,0,0,1,1,1,1,1,6,B,bnf,1,2,1,11273,7978,89.9,high,415,standard,68.3,2_contextual,https://gallica.bnf.fr/ark:/12148/btv1b532376134
btv1b53242309v,Carte de la partie de la côte de Barbarie comprise entre le cap Negro et le cap Bujarone / par M. le marquis de Chabert,1774,18th c.,high,Gallica,,unknown,none,manuscript,colour,unknown,map,1,40.0,92.0,3680,exact,1,0,0,1,1,1,1,1,6,B,bnf,1,2,1,10944,4800,52.5,high,302,standard,68.3,2_contextual,https://gallica.bnf.fr/ark:/12148/btv1b53242309v
btv1b532375648,"Plan of the coast and neighbourhood of Leptis Magna / by Capitain W.m H.y Smyth, Royal Navy",1816,19th c.,medium,Gallica,,unknown,none,manuscript,colour,unknown,map,1,52.0,68.0,3536,exact,1,0,0,1,1,1,1,1,6,B,bnf,1,1,1,11120,8475,94.2,high,415,standard,68.3,2_contextual,https://gallica.bnf.fr/ark:/12148/btv1b532375648
btv1b8446462h,"Carte des principales eaux minérales de France / par C. E. S. Gaultier de Claubry, docteur en médecine...",1830,19th c.,unverified,Gallica,,unknown,none,unknown,colour,unknown,map,1,60.0,49.0,2940,exact,1,0,0,1,1,1,1,1,6,B,bnf,1,1,1,9888,8123,80.3,high,419,standard,68.3,2_contextual,https://gallica.bnf.fr/ark:/12148/btv1b8446462h
btv1b53158263c,"Sondages fait à bord de l'Eclaireur pour l'établissement d'une ligne télégraphique entre la Calle et Marsala et entre Bizerte et Marsala / par Ch. Ploix, ingénieur hydrographe de la Marine ; assisté de M. Guieysse, élève hydrographe",1864,19th c.,high,Gallica,,unknown,none,unknown,colour,unknown,map,2,70.0,106.0,7420,exact,1,0,0,1,1,1,1,1,6,B,bnf,1,1,1,12734,8464,107.8,high,,unknown,68.3,2_contextual,https://gallica.bnf.fr/ark:/12148/btv1b53158263c
bpt6k326843q,Théâtre des cités du monde. Premier volume,1574,16th c.,unverified,Gallica,,unknown,none,printed,unknown,commercial,atlas,,,,,exact,1,1,0,1,1,1,1,1,7,A,bnf,1,28,1,4056,6496,26.3,medium,,unknown,67.5,2_contextual,https://gallica.bnf.fr/ark:/12148/bpt6k326843q
bpt6k326845g,Theatre des principales villes de tout l'univers. Second volume,1574,16th c.,unverified,Gallica,,unknown,none,printed,unknown,commercial,atlas,,,,,exact,1,1,0,1,1,1,1,1,7,A,bnf,1,197,1,3999,6478,25.9,medium,,unknown,67.5,2_contextual,https://gallica.bnf.fr/ark:/12148/bpt6k326845g
bpt6k3268443,Theatre des principales villes de tout l'Univers. Liber Tertius.,1583,16th c.,unverified,Gallica,,unknown,none,printed,unknown,commercial,atlas,,,,,exact,1,1,0,1,1,1,1,1,7,A,bnf,1,174,1,4231,6453,27.3,medium,,unknown,67.5,2_contextual,https://gallica.bnf.fr/ark:/12148/bpt6k3268443
btv1b550078451,"Geografia di M. Livio Sanuto distinta in XII libri. Né quali oltra l'esplicatione di molti luoghi di Tolemeo e della Bussola e dell'Aguglia si dichiarano le Provincie, Popoli, Regni, Città, Porte, Monti, Fiumi, Laghi e Costumi dell'Africa. Con XII tavole di essa Africa in dissegno di rame : Aggiunti de piu tre Indici da M.Giovan Carlo Saraceni, con Privilegie",1588,16th c.,high,Gallica,,unknown,none,printed,unknown,commercial,atlas,,,,,exact,1,1,0,1,1,1,1,1,7,A,bnf,1,381,1,4527,6766,30.6,medium,,unknown,67.5,2_contextual,https://gallica.bnf.fr/ark:/12148/btv1b550078451
btv1b52511195b,Tresor des cartes geographiques des principaux estatz de l'univers [...],1659,17th c.,unverified,Gallica,,unknown,none,printed,unknown,commercial,atlas,,18.2,27.7,504,exact,1,1,0,1,1,1,1,1,7,A,bnf,1,85,1,4589,3084,14.2,low,421,standard,67.5,2_contextual,https://gallica.bnf.fr/ark:/12148/btv1b52511195b
btv1b8595379r,La rade au-dessous de Galita,1684,17th c.,high,Gallica,,unknown,none,printed,unknown,commercial,other,1,9.5,23.0,218,exact,1,1,0,1,1,1,1,1,7,A,bnf,1,1,1,3732,1644,6.1,low,412,standard,67.5,2_contextual,https://gallica.bnf.fr/ark:/12148/btv1b8595379r
btv1b55011402r,"Plan du Kef / E. Espérandieu, del",1885,19th c.,high,Gallica,,unknown,none,printed,unknown,commercial,map,1,29.0,22.0,638,exact,1,1,0,1,1,1,1,1,7,A,bnf,1,1,1,4859,3951,19.2,low,426,standard,67.5,2_contextual,https://gallica.bnf.fr/ark:/12148/btv1b55011402r
btv1b84954845,"Plan de Tunis : Atlas universel, pl. 127 / gravé par R. Hausermann",1896,19th c.,high,Gallica,,unknown,none,printed,unknown,commercial,other,1,23.0,31.0,713,exact,1,1,0,1,1,1,1,1,7,A,bnf,1,1,1,4944,3728,18.4,low,405,standard,67.5,2_contextual,https://gallica.bnf.fr/ark:/12148/btv1b84954845
bpt6k1100178q,"Essai d'Atlas statistique de l'Indochine française : Indochine physique, population, administration, finances, agriculture, commerce, industrie / par Henri Brenier, ... ; Gouvernement général de l'Indochine",1914,20th c.,unverified,Gallica,,unknown,none,printed,unknown,commercial,atlas,,34.5,28.5,983,exact,1,1,0,1,1,1,1,1,7,A,bnf,1,246,1,3623,4715,17.1,low,347,standard,67.5,2_contextual,https://gallica.bnf.fr/ark:/12148/bpt6k1100178q
btv1b550051358,Fortezza di Gerbi,1560,16th c.,high,Gallica,1030,large,catalogue,unknown,unknown,unknown,plan,1,40.0,27.8,1112,exact,0,0,1,1,1,1,1,1,6,B,bnf,1,1,1,5108,3584,18.3,low,324,standard,66.7,2_contextual,https://gallica.bnf.fr/ark:/12148/btv1b550051358
btv1b53283008v,"[48 plans légendés de ports, baies et îles de la Méditerranée] / [transmis par le lieutenant de vaisseau D'Ortigues] ; [au dépôt des cartes et plans de la Marine]",1765,18th c.,high,Gallica,,unknown,none,manuscript,colour,hydrographic,map,48,26.0,38.5,1001,exact,1,0,0,1,1,1,1,1,6,B,bnf,1,96,1,3360,5192,17.4,low,,unknown,66.7,2_contextual,https://gallica.bnf.fr/ark:/12148/btv1b53283008v
btv1b84394714,"Carte de la Tunisie, pour accompagner l'ouvrage de M. de Lanossan sur ce pays",,19th c.,high,Gallica,,unknown,none,printed,unknown,commercial,map,1,19.0,25.0,475,decade,0,1,0,1,1,1,1,0,5,B,bnf,1,1,1,4079,5245,21.4,medium,533,high,65.8,2_contextual,https://gallica.bnf.fr/ark:/12148/btv1b84394714
btv1b84446578,Carte du Voltaire. Expédition contre les Kroumirs,,19th c.,high,Gallica,,unknown,none,printed,unknown,commercial,map,1,41.0,28.0,1148,decade,0,1,0,1,1,1,1,0,5,B,bnf,1,1,1,8011,5187,41.6,medium,496,high,65.8,2_contextual,https://gallica.bnf.fr/ark:/12148/btv1b84446578
btv1b8595345z,"Constantina, Tunetensis, Tripolitana / [Livio Sanuto]",1558,16th c.,high,Gallica,,unknown,none,unknown,unknown,unknown,other,1,49.0,65.0,3185,exact,1,0,0,1,1,1,1,1,6,B,bnf,1,1,1,8592,6476,55.6,high,336,standard,65.0,2_contextual,https://gallica.bnf.fr/ark:/12148/btv1b8595345z
btv1b59055925,"Les Costes d'Italie, de Sicile, de Sardaigne, de Corse, de Dalmatie, de Grèce, de Tunis et de Tripoli / P. Du Val géographe ordinaire du roi",1600,17th c.,high,Gallica,,unknown,none,manuscript,unknown,unknown,map,1,72.5,57.0,4132,exact,1,0,0,1,1,1,1,1,6,B,bnf,1,2,1,6992,9032,63.2,high,316,standard,65.0,2_contextual,https://gallica.bnf.fr/ark:/12148/btv1b59055925
btv1b59055992,Carte particulière de la coste de Barbarie / Bremond,1664,17th c.,high,Gallica,,unknown,none,manuscript,unknown,unknown,map,1,40.0,87.0,3480,exact,1,0,0,1,1,1,1,1,6,B,bnf,1,2,1,10904,5096,55.6,high,318,standard,65.0,2_contextual,https://gallica.bnf.fr/ark:/12148/btv1b59055992
btv1b53242294z,"Plan de Portofarine, les vaisseaux du roy y estants l'année 1669 / d. par de Viviers",1669,17th c.,high,Gallica,,unknown,none,manuscript,unknown,unknown,map,1,52.0,77.0,4004,exact,1,0,0,1,1,1,1,1,6,B,bnf,1,2,1,9316,6226,58.0,high,307,standard,65.0,2_contextual,https://gallica.bnf.fr/ark:/12148/btv1b53242294z
btv1b53281176j,Carte de la moitié de la Mer Méditerranée présentée à monseigneur de Seignelay... / par ses très humbles serviteurs Henry Michelot et Nicolas Therin,1689,17th c.,high,Gallica,,unknown,none,unknown,unknown,unknown,map,1,48.0,65.5,3144,exact,1,0,0,1,1,1,1,1,6,B,bnf,1,2,1,11404,8603,98.1,high,442,standard,65.0,2_contextual,https://gallica.bnf.fr/ark:/12148/btv1b53281176j
btv1b8593142d,[Carte manuscrite du cours du Gange depuis la vache de pierre jusqu'à Patna et de ses environs] / [d'Anville],1700,18th c.,low,Gallica,,unknown,none,manuscript,unknown,unknown,map,1,41.0,63.0,2583,exact,1,0,0,1,1,1,1,1,6,B,bnf,1,1,1,10127,6685,67.7,high,408,standard,65.0,2_contextual,https://gallica.bnf.fr/ark:/12148/btv1b8593142d
btv1b53284617f,Plan de lille St Paul ou planne située au sud d'alicant environ 5 lieües quy est pour facillit le danger ou toucha Mr de Coetlogon commandant Le Tonnant en 1704 / par Manin,1704,18th c.,medium,Gallica,,unknown,none,manuscript,unknown,unknown,map,1,37.5,53.0,1988,exact,1,0,0,1,1,1,1,1,6,B,bnf,1,2,1,8572,6108,52.4,high,411,standard,65.0,2_contextual,https://gallica.bnf.fr/ark:/12148/btv1b53284617f
btv1b53009003n,[Tunisie et partie de l'Algérie entre Tripoli et le Rif] / [par Jean-Baptiste d'Anville],1742,18th c.,high,Gallica,,unknown,none,manuscript,unknown,unknown,map,1,95.0,40.0,3800,exact,1,0,0,1,1,1,1,1,6,B,bnf,1,1,1,11438,4800,54.9,high,306,standard,65.0,2_contextual,https://gallica.bnf.fr/ark:/12148/btv1b53009003n
btv1b85953590,Carte du royaume de Tunis,1743,18th c.,high,Gallica,,unknown,none,unknown,unknown,unknown,other,1,50.5,39.5,1995,exact,1,0,0,1,1,1,1,1,6,B,bnf,1,1,1,6467,8218,53.1,high,413,standard,65.0,2_contextual,https://gallica.bnf.fr/ark:/12148/btv1b85953590
btv1b532375413,"Carte des golfes de Tunis et Hammamet : dressée sur les observations et les opérations faites par ordre du roi en 1742,1764 et 1766... / par M. de Chabert, chef d'escadre des armées navales...",1787,18th c.,high,Gallica,,unknown,none,manuscript,unknown,unknown,map,1,57.0,40.0,2280,exact,1,0,0,1,1,1,1,1,6,B,bnf,1,2,1,6540,9210,60.2,high,410,standard,65.0,2_contextual,https://gallica.bnf.fr/ark:/12148/btv1b532375413
btv1b53237565q,"Plan of the coast and neighbourhood of Leptis Magna / by Captain. W.m H.y Smyth, Royal Navy",1816,19th c.,medium,Gallica,,unknown,none,manuscript,unknown,unknown,map,1,49.0,64.0,3136,exact,1,0,0,1,1,1,1,1,6,B,bnf,1,2,1,10405,7905,82.3,high,413,standard,65.0,2_contextual,https://gallica.bnf.fr/ark:/12148/btv1b53237565q
btv1b53088205f,"Carte des pays barbaresques du nord de l'Afrique : Afrique française et empire de Maroc pour servir à l'intelligence des opérations militaires et politiques de la France et de l'Espagne / dressée par A. Vuillemin,...",1844,19th c.,high,Gallica,,unknown,none,printed,unknown,unknown,map,1,43.5,60.0,2610,exact,1,0,0,1,1,1,1,1,6,B,bnf,1,1,1,8592,6608,56.8,high,364,standard,65.0,2_contextual,https://gallica.bnf.fr/ark:/12148/btv1b53088205f
btv1b532422979,"Plan du golphe de Tunis, entre le cap Bon & le cap Zebib / levé par M. Verguin l'aîné",,,high,Gallica,,unknown,none,manuscript,colour,unknown,map,1,54.0,76.0,4104,multi_century,1,0,0,1,1,1,1,0,5,B,bnf,1,2,1,9104,6490,59.1,high,304,standard,64.2,2_contextual,https://gallica.bnf.fr/ark:/12148/btv1b532422979
btv1b53242293h,"[Bataille navale de La Goulette, 1665]",1665,17th c.,high,Gallica,,unknown,none,manuscript,colour,unknown,map,1,56.0,80.0,4480,exact,0,0,0,1,1,1,1,1,5,B,bnf,1,1,1,9658,6766,65.3,high,307,standard,64.2,2_contextual,https://gallica.bnf.fr/ark:/12148/btv1b53242293h
btv1b53237581r,[Carte du golfe de Tunis du Cap Bon jusqu'à Bizerte],1698,17th c.,high,Gallica,,unknown,none,manuscript,colour,unknown,map,1,39.0,54.0,2106,exact,0,0,0,1,1,1,1,1,5,B,bnf,1,1,1,8643,6293,54.4,high,407,standard,64.2,2_contextual,https://gallica.bnf.fr/ark:/12148/btv1b53237581r
btv1b53237579x,"Plan d'une partie de la coste de Barbarie contenant les rades de Bizerte, Tunis, et Portefarine avec toutes les îles, banqs et sondes contenüee en cette partie de Lafrique",1698,17th c.,high,Gallica,,unknown,none,manuscript,colour,unknown,map,1,46.0,57.0,2622,exact,0,0,0,1,1,1,1,1,5,B,bnf,1,1,1,9006,7358,66.3,high,401,standard,64.2,2_contextual,https://gallica.bnf.fr/ark:/12148/btv1b53237579x
btv1b532367118,Plan de la coste de Tripoly de Barbarie depuis la ville de Sousse jusqu'au cap Mesurat / Lemoine fecit,,18th c.,high,Gallica,,unknown,none,manuscript,colour,unknown,map,1,49.0,74.0,3626,century,1,0,0,1,1,1,1,0,5,B,bnf,1,1,1,9238,6139,56.7,high,317,standard,64.2,2_contextual,https://gallica.bnf.fr/ark:/12148/btv1b532367118
btv1b53284620q,Plan de l'attaque d'Alicant,1706,18th c.,medium,Gallica,,unknown,none,manuscript,colour,unknown,view,1,43.5,60.5,2632,exact,0,0,0,1,1,1,1,1,5,B,bnf,1,2,1,9682,6972,67.5,high,406,standard,64.2,2_contextual,https://gallica.bnf.fr/ark:/12148/btv1b53284620q
btv1b53237536x,"Plan de la cotte et séches de Barbarie, depuis Zérby jusques à Suza : corrigée par les lattitude obsérvée comme aussi les gissement des cottes et Lesquerqueni et les sondes aux environs vériffié avec la frégatte du Roy Latalante en 1741 / vériffié par Gilly pilotte Ent.",1741,18th c.,high,Gallica,,unknown,none,manuscript,colour,unknown,map,1,51.0,39.0,1989,exact,0,0,0,1,1,1,1,1,5,B,bnf,1,2,1,8381,6352,53.2,high,417,standard,64.2,2_contextual,https://gallica.bnf.fr/ark:/12148/btv1b53237536x
btv1b532422727,Prospetiva dell' Isola di Tabarca,1742,18th c.,high,Gallica,,unknown,none,manuscript,colour,unknown,view,1,54.0,91.0,4914,exact,0,0,0,1,1,1,1,1,5,B,bnf,1,1,1,10940,6490,71.0,high,305,standard,64.2,2_contextual,https://gallica.bnf.fr/ark:/12148/btv1b532422727
btv1b53237549p,Vüe de l'isle de Tabarque en Barbarie : dessinée du vaisseau l'Aquilon commandé par M. de Massiac...,1742,18th c.,high,Gallica,,unknown,none,manuscript,colour,unknown,view,1,41.0,55.0,2255,exact,0,0,0,1,1,1,1,1,5,B,bnf,1,2,1,9020,6665,60.1,high,417,standard,64.2,2_contextual,https://gallica.bnf.fr/ark:/12148/btv1b53237549p
btv1b53237608z,Plan du port de la Calle,1764,18th c.,medium,Gallica,,unknown,none,manuscript,colour,unknown,map,1,40.0,56.0,2240,exact,0,0,0,1,1,1,1,1,5,B,bnf,1,2,1,9029,6583,59.4,high,410,standard,64.2,2_contextual,https://gallica.bnf.fr/ark:/12148/btv1b53237608z
btv1b53295571h,Plano de la nueva Tabarca cituada en la isla plana de S[a]n Pablo,1795,18th c.,high,Gallica,,unknown,none,manuscript,colour,unknown,plan,1,36.5,54.0,1971,exact,0,0,0,1,1,1,1,1,5,B,bnf,1,2,1,8789,6016,52.9,high,413,standard,64.2,2_contextual,https://gallica.bnf.fr/ark:/12148/btv1b53295571h
btv1b53066971w,"[Carte de la partie de l'Afrique romaine située entre la Moulouya et le Golfe de Gabès. 1° lat. =Om, 087 ; 1 ; 1. 425. 000 environ]",1800,19th c.,high,Gallica,,unknown,none,manuscript,colour,unknown,map,1,97.5,52.0,5070,exact,0,0,0,1,1,1,1,1,5,B,bnf,1,1,1,11922,6495,77.4,high,311,standard,64.2,2_contextual,https://gallica.bnf.fr/ark:/12148/btv1b53066971w
btv1b8490711r,[Carte de la partie de l'Afrique romaine située entre la Tafna et le golfe de Gabès. 1 : 2 000 000 environ],1800,19th c.,high,Gallica,,unknown,none,manuscript,monochrome,unknown,map,1,60.4,34.4,2078,exact,0,0,0,1,1,1,1,1,5,B,bnf,1,1,1,9418,5352,50.4,high,396,standard,64.2,2_contextual,https://gallica.bnf.fr/ark:/12148/btv1b8490711r
bpt6k5790223v,"Nouvel atlas des colonies françaises : dressé par ordre de l'administration des colonies / par Paul Pelet, ...",1891,19th c.,unverified,Gallica,,unknown,none,printed,colour,commercial,atlas,24,,,,exact,1,1,0,1,1,1,1,1,7,A,bnf,1,152,1,1997,3225,6.4,low,,unknown,64.2,2_contextual,https://gallica.bnf.fr/ark:/12148/bpt6k5790223v
btv1b108916885,"[Algérie]. Tracés des lignes télégraphiques de Touggourt à El Oued et d'El Oued à Nefta, par Paul Bayol, 1897-1898 (2 cartes sur calque au 1/200 000 et au 1/100 000)",1897,19th c.,medium,Gallica,100000,medium,catalogue,unknown,unknown,unknown,map,2,,,,exact,1,0,1,1,1,1,1,1,7,A,bnf,1,4,0,8151,5291,43.1,medium,,unknown,64.2,1_analytic,https://gallica.bnf.fr/ark:/12148/btv1b108916885
btv1b531789910,"Tunes, Oppidum Barbarie & Regia sedes... ; Africa, olim Aphrodisium ; Penon de Veles",1645,17th c.,high,Gallica,,unknown,none,printed,colour,unknown,plan,,33.5,47.0,1574,exact,1,0,0,1,1,1,1,1,6,B,bnf,1,2,1,6502,4964,32.3,medium,351,standard,63.3,2_contextual,https://gallica.bnf.fr/ark:/12148/btv1b531789910
btv1b53178952s,"Tunetis Urbis, ac novae eius arcis et Guletae, quae Philippo Hispan. Regi parent uti a Turcis, et Mauris Selimo, Thraciae Rege...",1645,17th c.,high,Gallica,,unknown,none,printed,colour,unknown,plan,1,32.0,41.0,1312,exact,1,0,0,1,1,1,1,1,6,B,bnf,1,2,1,6480,4954,32.1,medium,401,standard,63.3,2_contextual,https://gallica.bnf.fr/ark:/12148/btv1b53178952s
btv1b53283015x,"Routes et distances de diférens ports, caps et isles de la Méditerranée [...] au nombre de neuf cartes / tracées suivant le portuland de Maria Levento de 1664",1664,,high,Gallica,,unknown,none,manuscript,colour,unknown,map,9,47.0,60.0,2820,exact,1,0,0,1,1,1,1,1,6,B,bnf,1,21,1,5098,7390,37.7,medium,,unknown,63.3,2_contextual,https://gallica.bnf.fr/ark:/12148/btv1b53283015x
bpt6k4324200,L'Europe et ses descriptions Par P. Du Val geographe du Roy. Avec privilege de Sa Majesté,1686,17th c.,unverified,Gallica,,unknown,none,printed,unknown,commercial,atlas,,20.0,25.5,510,exact,1,1,0,1,0,1,1,1,6,B,bnf,1,81,1,2481,1749,4.3,low,247,low,63.3,2_contextual,https://gallica.bnf.fr/ark:/12148/bpt6k4324200
btv1b53283017t,Cartes au nombre de 18 contenant les distances raportées dans les etendues et courses du Flambeau de Van Keulen / vérifié sur l'edition de 1699 [du Flambeau de la Mer de Van Keulen],1699,,high,Gallica,,unknown,none,manuscript,colour,unknown,map,18,52.0,69.0,3588,exact,1,0,0,1,1,1,1,1,6,B,bnf,1,39,1,4880,7346,35.8,medium,,unknown,63.3,2_contextual,https://gallica.bnf.fr/ark:/12148/btv1b53283017t
btv1b532375843,[Plan de la rade de Bizerte] / fait par Pierre Farraire,1700,18th c.,high,Gallica,,unknown,none,manuscript,colour,unknown,map,1,25.0,37.0,925,exact,1,0,0,1,1,1,1,1,6,B,bnf,1,2,1,5978,4199,25.1,medium,410,standard,63.3,2_contextual,https://gallica.bnf.fr/ark:/12148/btv1b532375843
btv1b531431881,"A new map of the north part of antient Africa shewing the chiefe people, cities, towns, rivers, mountains, &c. in Mauritania, Numidia, Africa Propria, Libya Propria and Egypt / [Edward Wells] ; Dedicated to his highest William Duke of Gloucester ; R. Spofforth sculp.",1700,18th c.,medium,Gallica,,unknown,none,printed,colour,unknown,map,1,37.0,48.5,1794,exact,1,0,0,1,1,1,1,1,6,B,bnf,1,1,1,6654,5340,35.5,medium,348,standard,63.3,2_contextual,https://gallica.bnf.fr/ark:/12148/btv1b531431881
btv1b53143340j,Vue de Tunis d'Alger & de Gigeri avec quelques particularitez curieuses touchant les moeurs de leurs habitans & de quelques autres pleuples de barbarie / [Henri Abraham Chatelain},1708,18th c.,high,Gallica,,unknown,none,unknown,colour,unknown,view,1,41.0,47.5,1948,exact,1,0,0,1,1,1,1,1,6,B,bnf,1,1,1,5762,4994,28.8,medium,308,standard,63.3,2_contextual,https://gallica.bnf.fr/ark:/12148/btv1b53143340j
btv1b532375502,Veüe de la place de la Calle en Barbarie... / par le Sr Jean Bigonnet... ; sous le com[m]andem[en]t de Mrs les directeurs généraux de la Compagnie des Indes,1728,18th c.,medium,Gallica,,unknown,none,manuscript,colour,unknown,view,1,38.0,50.0,1900,exact,1,0,0,1,1,1,1,1,6,B,bnf,1,2,1,7959,6134,48.8,medium,404,standard,63.3,2_contextual,https://gallica.bnf.fr/ark:/12148/btv1b532375502
btv1b59640936,"Carte de la partie de l'Afrique où les Carthaginois ont étendu leur domination dressée pour l'intelligence de l'histoire ancienne de Mr. Rollin ; Les environs de Carthage exprimés plus en détail / par le Sr. d'Anville, Géographe ord[inaire] du Roi ; Bourgoin sculp.",1738,18th c.,high,Gallica,,unknown,none,printed,colour,unknown,map,1,31.5,49.0,1544,exact,1,0,0,1,1,1,1,1,6,B,bnf,1,1,1,5880,3920,23.0,medium,305,standard,63.3,2_contextual,https://gallica.bnf.fr/ark:/12148/btv1b59640936
btv1b8595381t,Plan de l'isle de Tabarque à la coste de Barbarie / [Bellin],1740,18th c.,high,Gallica,,unknown,none,unknown,unknown,hydrographic,other,1,27.5,23.0,632,exact,1,0,0,1,1,1,1,1,6,B,bnf,1,1,1,3791,4491,17.0,low,415,standard,63.3,2_contextual,https://gallica.bnf.fr/ark:/12148/btv1b8595381t
btv1b85953701,Plan de la ville de Tunis et de ses environs / [Bellin],1740,18th c.,high,Gallica,,unknown,none,unknown,unknown,hydrographic,other,1,26.5,22.0,583,exact,1,0,0,1,1,1,1,1,6,B,bnf,1,1,1,3622,4343,15.7,low,416,standard,63.3,2_contextual,https://gallica.bnf.fr/ark:/12148/btv1b85953701
btv1b8595377x,Plan de port Farine / [Bellin],1740,18th c.,high,Gallica,,unknown,none,unknown,unknown,hydrographic,other,1,28.0,23.5,658,exact,1,0,0,1,1,1,1,1,6,B,bnf,1,1,1,3854,4560,17.6,low,414,standard,63.3,2_contextual,https://gallica.bnf.fr/ark:/12148/btv1b8595377x
btv1b85953738,Plan des forts et canal de La Goulette / [Bellin] ; Croisey sc.,1740,18th c.,high,Gallica,,unknown,none,printed,unknown,hydrographic,other,1,27.5,23.0,632,exact,1,0,0,1,1,1,1,1,6,B,bnf,1,1,1,3757,4413,16.6,low,408,standard,63.3,2_contextual,https://gallica.bnf.fr/ark:/12148/btv1b85953738
btv1b53237617x,Carte de la partie de la côte de Barbarie comprise entre le cap Negro et le cap Bujarone / par M. le marquis de Chabert,1774,18th c.,high,Gallica,,unknown,none,manuscript,colour,unknown,map,1,33.0,48.0,1584,exact,1,0,0,1,1,1,1,1,6,B,bnf,1,2,1,7817,5517,43.1,medium,414,standard,63.3,2_contextual,https://gallica.bnf.fr/ark:/12148/btv1b53237617x
btv1b53237625f,"Carte des golfes de Tunis et Hamemet : levée et publiée par ordre du roi / par M. le Marquis de Chabert, chef d'escadre des armes navales",1786,18th c.,high,Gallica,,unknown,none,manuscript,colour,unknown,map,1,55.0,33.0,1815,exact,1,0,0,1,1,1,1,1,6,B,bnf,1,1,1,5479,8916,48.9,medium,412,standard,63.3,2_contextual,https://gallica.bnf.fr/ark:/12148/btv1b53237625f
btv1b531467922,[Plans de ville de Libye],1914,20th c.,medium,Gallica,,unknown,none,printed,unknown,commercial,map,4,,,,exact,0,1,0,1,1,1,1,1,6,B,bnf,1,1,1,7784,5451,42.4,medium,,unknown,63.3,2_contextual,https://gallica.bnf.fr/ark:/12148/btv1b531467922
btv1b53146788b,[Plans de ville de Libye],1914,20th c.,medium,Gallica,,unknown,none,printed,unknown,commercial,map,4,,,,exact,0,1,0,1,1,1,1,1,6,B,bnf,1,1,1,5531,7820,43.3,medium,,unknown,63.3,2_contextual,https://gallica.bnf.fr/ark:/12148/btv1b53146788b
btv1b53146794z,[Triangolazione della Tripolitania in Cirenaicia],1914,20th c.,medium,Gallica,,unknown,none,printed,unknown,commercial,map,3,,,,exact,0,1,0,1,1,1,1,1,6,B,bnf,1,1,1,6177,4072,25.2,medium,,unknown,63.3,2_contextual,https://gallica.bnf.fr/ark:/12148/btv1b53146794z
btv1b52503974g,Atlas des principales villes maritimes de France tant sur l'Océan que sur la Méditerranée depuis Dunkerque jusques et compris Antibes [plus des places fortes sur le Rhin et en Italie] / dessinés par H.-E. Diot,1770,18th c.,high,Gallica,,unknown,none,manuscript,colour,unknown,atlas,,,,,exact,1,0,0,1,1,1,1,1,6,B,bnf,1,106,1,9367,6037,56.5,high,,unknown,61.7,2_contextual,https://gallica.bnf.fr/ark:/12148/btv1b52503974g
btv1b10841640c,"Italia : [carte du relief de l'Italie, de la Corse, de l'Ouest des pays des Balkans et du Nord de la Tunisie] / Jacques Bertin",1967,20th c.,high,Gallica,,unknown,none,unknown,colour,unknown,map,1,44.0,44.0,1936,exact,1,0,0,1,1,1,1,1,6,B,bnf,1,5,0,7260,7194,52.2,high,419,standard,61.7,2_contextual,https://gallica.bnf.fr/ark:/12148/btv1b10841640c
btv1b532375754,[Bataille navale de la Goulette en 1665],1665,17th c.,high,Gallica,,unknown,none,manuscript,unknown,unknown,map,1,43.0,59.0,2537,exact,0,0,0,1,1,1,1,1,5,B,bnf,1,1,1,9464,6994,66.2,high,407,standard,60.8,2_contextual,https://gallica.bnf.fr/ark:/12148/btv1b532375754
btv1b53237574p,Plan de Tunis,1665,17th c.,high,Gallica,,unknown,none,manuscript,unknown,unknown,map,1,57.0,40.0,2280,exact,0,0,0,1,1,1,1,1,5,B,bnf,1,1,1,6527,9204,60.1,high,410,standard,60.8,2_contextual,https://gallica.bnf.fr/ark:/12148/btv1b53237574p
btv1b53242273p,"[Diverses vues de la côte de Barbarie : environs de Sousse, de l'île de Djerba et de Mahdia] / Lemoyne l'ainé fecit",,18th c.,high,Gallica,,unknown,none,manuscript,unknown,unknown,view,1,63.0,145.0,9135,century,1,0,0,1,1,1,1,0,5,B,bnf,1,1,1,17076,7436,127.0,high,299,low,60.8,2_contextual,https://gallica.bnf.fr/ark:/12148/btv1b53242273p
btv1b532830025,A new chart of the coast of the Mediterranean sea / H. Moll f.,,18th c.,high,Gallica,,unknown,none,unknown,unknown,unknown,map,1,45.5,113.0,5142,century,1,0,0,1,1,1,1,0,5,B,bnf,1,1,1,19064,7472,142.4,high,429,standard,60.8,2_contextual,https://gallica.bnf.fr/ark:/12148/btv1b532830025
btv1b8595360n,La Costa di Barbaria da C. Rosa sino all'chercheni com'anche l'I. di Sicilia e parte di quella di Sardigna,1700,18th c.,high,Gallica,,unknown,none,unknown,unknown,unknown,other,1,42.0,54.0,2268,exact,0,0,0,1,1,1,1,1,5,B,bnf,1,1,1,10544,8011,84.5,high,496,high,60.8,2_contextual,https://gallica.bnf.fr/ark:/12148/btv1b8595360n
btv1b53242302q,Golphe de Biserte,1701,18th c.,high,Gallica,,unknown,none,manuscript,unknown,unknown,map,1,49.0,145.0,7105,exact,0,0,0,1,1,1,1,1,5,B,bnf,1,2,1,17619,6258,110.3,high,309,standard,60.8,2_contextual,https://gallica.bnf.fr/ark:/12148/btv1b53242302q
btv1b53237560g,Plan de la côte et séche de Barbarie,1741,18th c.,high,Gallica,,unknown,none,manuscript,unknown,unknown,map,1,39.0,50.0,1950,exact,0,0,0,1,1,1,1,1,5,B,bnf,1,2,1,8087,6287,50.8,high,411,standard,60.8,2_contextual,https://gallica.bnf.fr/ark:/12148/btv1b53237560g
btv1b53236714m,Coste de Barbarie / Giacomo Alagna,1766,18th c.,high,Gallica,,unknown,none,manuscript,unknown,unknown,map,1,39.0,107.0,4173,exact,0,0,0,1,1,1,1,1,5,B,bnf,1,1,1,12887,4898,63.1,high,306,standard,60.8,2_contextual,https://gallica.bnf.fr/ark:/12148/btv1b53236714m
btv1b53237592m,[Carte des golfes de Tunis et Hammamet],1787,18th c.,high,Gallica,,unknown,none,manuscript,unknown,unknown,map,1,57.0,41.0,2337,exact,0,0,0,1,1,1,1,1,5,B,bnf,1,1,1,6541,9167,60.0,high,408,standard,60.8,2_contextual,https://gallica.bnf.fr/ark:/12148/btv1b53237592m
btv1b84941071,"[Partie des côtes africaines de la Méditerranée, depuis Bomba en Cyrénaïque, jusqu'à Bizerte. 1 : 2 580 000 env]",1800,19th c.,high,Gallica,,unknown,none,manuscript,unknown,unknown,map,1,52.0,33.0,1716,exact,0,0,0,1,1,1,1,1,5,B,bnf,1,1,1,9216,6059,55.8,high,450,high,60.8,2_contextual,https://gallica.bnf.fr/ark:/12148/btv1b84941071
btv1b531480639,Carte télégraphique de la Tunisie,1883,19th c.,high,Gallica,,unknown,none,unknown,unknown,unknown,map,1,68.0,57.0,3876,exact,0,0,0,1,1,1,1,1,5,B,bnf,1,1,1,6807,8126,55.3,high,304,standard,60.8,2_contextual,https://gallica.bnf.fr/ark:/12148/btv1b531480639
bpt6k1100234w,"Nouvel Atlas colonial / par Henri Mager, ,...",1899,19th c.,unverified,Gallica,,unknown,none,printed,unknown,commercial,atlas,,,,,exact,1,1,0,1,1,1,1,1,7,A,bnf,1,36,1,3000,3935,11.8,low,,unknown,60.8,2_contextual,https://gallica.bnf.fr/ark:/12148/bpt6k1100234w
btv1b53042292h,Insularum aliquot maris Mediterranei descriptio / par Jacobo Castaldo,1570,16th c.,high,Gallica,,unknown,none,unknown,unknown,unknown,map,1,42.0,49.0,2058,exact,1,0,0,1,1,1,1,1,6,B,bnf,1,2,1,6103,5158,31.5,medium,316,standard,60.0,2_contextual,https://gallica.bnf.fr/ark:/12148/btv1b53042292h
btv1b55000483v,"La notte del ultimo di Febraro 1570 havendo il molto Ill. sigr. Don Alfonso Pimentel Capitan Gnal de la Goleta inteso per le sue spie, che Uxli teneva sette barchoni à la Porta di Tunise...",1570,16th c.,high,Gallica,,unknown,none,unknown,unknown,unknown,map,1,52.0,38.0,1976,exact,1,0,0,1,1,1,1,1,6,B,bnf,1,1,1,7734,5992,46.3,medium,378,standard,60.0,2_contextual,https://gallica.bnf.fr/ark:/12148/btv1b55000483v
btv1b59641019,"Africae propriae tabula, in qua Punica regna uides, Tyrios et Agenoris urbem ; Sinus Carthaginensis / ex conatibus geographicis Abrahami Ortelii",1590,16th c.,high,Gallica,,unknown,none,unknown,unknown,unknown,map,1,43.0,49.5,2128,exact,1,0,0,1,1,1,1,1,6,B,bnf,1,1,1,6036,5229,31.6,medium,310,standard,60.0,2_contextual,https://gallica.bnf.fr/ark:/12148/btv1b59641019
btv1b532422922,[Baie de Tunis],,,high,Gallica,,unknown,none,manuscript,colour,unknown,map,1,57.0,83.0,4731,multi_century,0,0,0,1,1,1,1,0,4,C,bnf,1,1,1,9894,6820,67.5,high,303,standard,60.0,2_contextual,https://gallica.bnf.fr/ark:/12148/btv1b532422922
btv1b53301182z,Carte de la rade d'Alican,,,medium,Gallica,,unknown,none,manuscript,colour,unknown,other,1,75.0,90.5,6788,multi_century,0,0,0,1,1,1,1,0,4,C,bnf,1,1,1,14428,11956,172.5,high,405,standard,60.0,2_contextual,https://gallica.bnf.fr/ark:/12148/btv1b53301182z
btv1b53242307z,"Côte du Bastion de France, depuis le cap de Rose jusques aux Gardes de Bizerte",,,high,Gallica,,unknown,none,manuscript,colour,unknown,map,1,31.0,143.0,4433,multi_century,0,0,0,1,1,1,1,0,4,C,bnf,1,2,1,17148,4344,74.5,high,305,standard,60.0,2_contextual,https://gallica.bnf.fr/ark:/12148/btv1b53242307z
btv1b53242298r,Moüillage de Tunis devant Carthage,,,high,Gallica,,unknown,none,manuscript,colour,unknown,map,1,53.0,73.0,3869,multi_century,0,0,0,1,1,1,1,0,4,C,bnf,1,2,1,8698,6314,54.9,high,303,standard,60.0,2_contextual,https://gallica.bnf.fr/ark:/12148/btv1b53242298r
btv1b53299904v,Plan de la coste depuis Alicant jusqu'au cap de St Paul,,,medium,Gallica,,unknown,none,manuscript,colour,unknown,map,1,41.5,87.5,3631,multi_century,0,0,0,1,1,1,1,0,4,C,bnf,1,1,1,13900,6712,93.3,high,403,standard,60.0,2_contextual,https://gallica.bnf.fr/ark:/12148/btv1b53299904v
btv1b53237544f,Porte-Farine,,,high,Gallica,,unknown,none,manuscript,colour,unknown,plan,1,43.0,58.0,2494,multi_century,0,0,0,1,1,1,1,0,4,C,bnf,1,1,1,9335,6861,64.0,high,409,standard,60.0,2_contextual,https://gallica.bnf.fr/ark:/12148/btv1b53237544f
btv1b531704111,Presa delle dua galere di Biserta fatta dalle galere della Sacra Relig[io]ne di S. Stefano [ ] / Stefan[o] della Bella f[ecit],1628,17th c.,unverified,Gallica,,unknown,none,printed,unknown,unknown,view,1,24.5,32.5,796,exact,1,0,0,1,1,1,1,1,6,B,bnf,1,11,1,4701,6484,30.5,medium,507,high,60.0,2_contextual,https://gallica.bnf.fr/ark:/12148/btv1b531704111
btv1b531968223,"Tunes, Oppidum Barbarie & Regia sedes... ; Africa, olim Aphrodisium ; Peñon de Veles",1635,17th c.,high,Gallica,,unknown,none,unknown,unknown,unknown,plan,,33.5,47.5,1591,exact,1,0,0,1,1,1,1,1,6,B,bnf,1,3,1,4530,6414,29.1,medium,343,standard,60.0,2_contextual,https://gallica.bnf.fr/ark:/12148/btv1b531968223
btv1b53196821n,"Tunetis urbis, ac novae eius arcis, et Guletae, quae Philippo Hispan. Regi parentuti a Turcis, et Mauris, Selimo, Thraciae Rege, anno Christi, M. D. LXXIV. mense julio, et augusto, fixis castris oppugnabantur, effigies",1635,17th c.,high,Gallica,,unknown,none,unknown,unknown,unknown,plan,1,32.0,42.0,1344,exact,1,0,0,1,1,1,1,1,6,B,bnf,1,3,1,4543,6425,29.2,medium,389,standard,60.0,2_contextual,https://gallica.bnf.fr/ark:/12148/btv1b53196821n
btv1b525039034,Cartes pour les itinéraires et voïages [sic] modernes qui ont esté faits tant par mer que par terre dans toutes les parties du monde et particulierement dans le Levant (Deuxième édition) / Par P. Duval géographe du Roy,1677,17th c.,medium,Gallica,,unknown,none,printed,unknown,unknown,atlas,,21.0,32.4,680,exact,1,0,0,1,1,1,1,1,6,B,bnf,1,184,1,7844,5496,43.1,medium,615,high,60.0,2_contextual,https://gallica.bnf.fr/ark:/12148/btv1b525039034
btv1b53242282n,"[Carte des côtes de Tunisie et de Libye, depuis Sousse jusqu'à Misrata ]",,18th c.,high,Gallica,,unknown,none,manuscript,colour,unknown,map,1,59.0,80.0,4720,century,0,0,0,1,1,1,1,0,4,C,bnf,1,2,1,9734,7382,71.9,high,309,standard,60.0,2_contextual,https://gallica.bnf.fr/ark:/12148/btv1b53242282n
btv1b53242277g,"[Carte des côtes du royaume de Tunis, du golfe de Gabès jusqu'à la Calle] / Michel-Angelo Farrugia, piloto maltese",,18th c.,high,Gallica,,unknown,none,manuscript,colour,unknown,map,1,52.0,75.0,3900,century,0,0,0,1,1,1,1,0,4,C,bnf,1,1,1,9062,6530,59.2,high,307,standard,60.0,2_contextual,https://gallica.bnf.fr/ark:/12148/btv1b53242277g
btv1b53242289s,"[Carte des côtes tunisiennes et algériennes, du golfe d'Hammamet jusqu'à Alger]",,18th c.,high,Gallica,,unknown,none,manuscript,colour,unknown,map,1,53.0,176.0,9328,century,0,0,0,1,1,1,1,0,4,C,bnf,1,2,1,21059,6598,138.9,high,304,standard,60.0,2_contextual,https://gallica.bnf.fr/ark:/12148/btv1b53242289s
btv1b85953575,"[Carte du 'Pays des Cabailes' et du 'Pays Salé'] / [de la main M. d'Anville, 17..]",1700,18th c.,high,Gallica,,unknown,none,manuscript,unknown,unknown,other,1,21.0,41.5,872,exact,1,0,0,1,1,1,1,1,6,B,bnf,1,1,1,6656,3369,22.4,medium,407,standard,60.0,2_contextual,https://gallica.bnf.fr/ark:/12148/btv1b85953575
btv1b532367135,"[Routes et sondes sur la côte de Barbarie, entre le cap Mesurat et le cap Africa]",,18th c.,high,Gallica,,unknown,none,manuscript,colour,unknown,map,1,57.0,86.0,4902,century,0,0,0,1,1,1,1,0,4,C,bnf,1,1,1,10568,7049,74.5,high,312,standard,60.0,2_contextual,https://gallica.bnf.fr/ark:/12148/btv1b532367135
btv1b10850771d,"Carte de la côte depuis le cap Sebibes, Porte Farine, La Goulette, Bizerty jusque au Cap Bon",,18th c.,high,Gallica,,unknown,none,manuscript,colour,unknown,map,1,52.0,37.0,1924,century,0,0,0,1,1,1,1,0,4,C,bnf,1,2,1,6068,8387,50.9,high,410,standard,60.0,2_contextual,https://gallica.bnf.fr/ark:/12148/btv1b10850771d
btv1b532422761,"Carte topographique de la coste de Barbarie, depuis Alger jusques a Tunis",,18th c.,high,Gallica,,unknown,none,manuscript,colour,unknown,map,1,78.0,159.0,12402,century,0,0,0,1,1,1,1,0,4,C,bnf,1,2,1,19199,9580,183.9,high,307,standard,60.0,2_contextual,https://gallica.bnf.fr/ark:/12148/btv1b532422761
btv1b532423035,Golphe de Biserte,,18th c.,high,Gallica,,unknown,none,manuscript,colour,unknown,map,1,49.0,147.0,7203,century,0,0,0,1,1,1,1,0,4,C,bnf,1,2,1,18387,6961,128.0,high,318,standard,60.0,2_contextual,https://gallica.bnf.fr/ark:/12148/btv1b532423035
btv1b53237540n,Nova planta dell Isola di Tabarca,,18th c.,high,Gallica,,unknown,none,manuscript,colour,unknown,plan,1,44.0,119.0,5236,century,0,0,0,1,1,1,1,0,4,C,bnf,1,1,1,19463,7606,148.0,high,415,standard,60.0,2_contextual,https://gallica.bnf.fr/ark:/12148/btv1b53237540n
btv1b108507684,Plan de l'isle de Tabarque avec la cotte,,18th c.,high,Gallica,,unknown,none,manuscript,colour,unknown,map,1,52.0,37.0,1924,century,0,0,0,1,1,1,1,0,4,C,bnf,1,2,1,6068,8387,50.9,high,410,standard,60.0,2_contextual,https://gallica.bnf.fr/ark:/12148/btv1b108507684
btv1b8595378b,Plan de l'Isle Galita scituée proche la côte de Barbarie au nord du cap Negre ... / par J. Ayrouard,1700,18th c.,high,Gallica,,unknown,none,unknown,unknown,unknown,other,1,38.0,49.0,1862,exact,1,0,0,1,1,1,1,1,6,B,bnf,1,1,1,7560,5033,38.0,medium,392,standard,60.0,2_contextual,https://gallica.bnf.fr/ark:/12148/btv1b8595378b
btv1b53237570w,"Plan de la côte et Seches de Barbarie, depuis Zerbi jusqu'à Suza...",,18th c.,high,Gallica,,unknown,none,manuscript,colour,unknown,map,1,41.0,54.0,2214,century,0,0,0,1,1,1,1,0,4,C,bnf,1,1,1,8687,6651,57.8,high,409,standard,60.0,2_contextual,https://gallica.bnf.fr/ark:/12148/btv1b53237570w
btv1b108507667,Plan du Cap Negre,,18th c.,high,Gallica,,unknown,none,manuscript,colour,unknown,map,1,52.0,37.0,1924,century,0,0,0,1,1,1,1,0,4,C,bnf,1,2,1,6068,8387,50.9,high,410,standard,60.0,2_contextual,https://gallica.bnf.fr/ark:/12148/btv1b108507667
btv1b53237607h,Plan du port de la Calle,,18th c.,medium,Gallica,,unknown,none,manuscript,colour,unknown,map,1,37.0,52.0,1924,century,0,0,0,1,1,1,1,0,4,C,bnf,1,2,1,8585,6151,52.8,high,419,standard,60.0,2_contextual,https://gallica.bnf.fr/ark:/12148/btv1b53237607h
btv1b53237537c,Veue du Cap Nègre : situé à la côte de Barbarie Royaume de Thunis,,18th c.,high,Gallica,,unknown,none,manuscript,colour,unknown,view,1,57.0,41.0,2337,century,0,0,0,1,1,1,1,0,4,C,bnf,1,2,1,8502,10905,92.7,high,486,high,60.0,2_contextual,https://gallica.bnf.fr/ark:/12148/btv1b53237537c
btv1b53009152n,"[Province romaine d'Afrique entre le Sinus Numidicus [Golfe de Collo], Tacape [Gabès], avec l'intérieur jusqu'à Tabudeos [Taïbek-el-Gubbia] / [par Jean-Baptiste d'Anville]",1732,18th c.,high,Gallica,,unknown,none,manuscript,unknown,unknown,map,1,62.5,51.0,3188,exact,1,0,0,1,1,1,1,1,6,B,bnf,1,1,1,6300,7526,47.4,medium,306,standard,60.0,2_contextual,https://gallica.bnf.fr/ark:/12148/btv1b53009152n
btv1b530089581,"[Tunisie, avec les noms anciens] / [par Jean-Baptiste d'Anville]",1732,18th c.,high,Gallica,,unknown,none,manuscript,unknown,unknown,map,1,49.0,28.0,1372,exact,1,0,0,1,1,1,1,1,6,B,bnf,1,1,1,3495,6060,21.2,medium,314,standard,60.0,2_contextual,https://gallica.bnf.fr/ark:/12148/btv1b530089581
btv1b53237552z,Vüe de la ville et rade de Sousse en Barbarie / Le Moyne,1764,18th c.,high,Gallica,,unknown,none,manuscript,unknown,unknown,view,1,41.0,55.0,2255,exact,1,0,0,1,1,1,1,1,6,B,bnf,1,2,1,6133,4596,28.2,medium,283,low,60.0,2_contextual,https://gallica.bnf.fr/ark:/12148/btv1b53237552z
btv1b53242308d,[Carte de la partie de la côte de Barbarie comprise entre le cap Negro et le cap Bujarone] / [par M. le marquis de Chabert],1774,18th c.,high,Gallica,,unknown,none,manuscript,unknown,unknown,map,1,37.0,81.0,2997,exact,1,0,0,1,1,1,1,1,6,B,bnf,1,2,1,9734,4490,43.7,medium,305,standard,60.0,2_contextual,https://gallica.bnf.fr/ark:/12148/btv1b53242308d
btv1b532375915,[Golfes de Tunis et Hammamet],,19th c.,high,Gallica,,unknown,none,manuscript,colour,unknown,map,1,63.0,46.0,2898,century,0,0,0,1,1,1,1,0,4,C,bnf,1,2,1,7537,10148,76.5,high,409,standard,60.0,2_contextual,https://gallica.bnf.fr/ark:/12148/btv1b532375915
oai:nubis.bis-sorbonne.fr:1116050,"Partie de la coste de Barbarie en Africque ou sont les royaumes de Tunis, et Tripoli et pays circomvoisins tirés de Sanuto et d'autres. Par le Sr. Sanson d'Abbeville geogr ord.re du Roy.",1655,17th c.,high,Bibliothèque interuniversitaire de la Sorbonne,3469000,very_small,catalogue,printed,unknown,commercial,other,1,37.4,53.6,2005,exact,1,1,1,1,1,1,0,1,7,A,partner,0,,0,,,,unknown,,unknown,59.2,3_reference,https://nubis.bis-sorbonne.fr/ark:/15733/pgfr
btv1b532375576,"[Carte d'une partie des côtes de Barbarie, depuis le cap Bon jusqu'au cap Carbon, et le plan de l'île de la Galite]",1671,17th c.,high,Gallica,,unknown,none,manuscript,colour,unknown,map,1,45.0,33.0,1485,exact,0,0,0,1,1,1,1,1,5,B,bnf,1,1,1,5767,7618,43.9,medium,430,standard,59.2,2_contextual,https://gallica.bnf.fr/ark:/12148/btv1b532375576
btv1b532375809,"Plan d'une partie de la coste de Barbarie quy contient les rades et sondes de Bizerte, Portefarine, Lagoullette autrement Tunis...",1698,17th c.,high,Gallica,,unknown,none,manuscript,colour,unknown,map,1,37.0,51.0,1887,exact,0,0,0,1,1,1,1,1,5,B,bnf,1,1,1,8199,5875,48.2,medium,408,standard,59.2,2_contextual,https://gallica.bnf.fr/ark:/12148/btv1b532375809
btv1b53235469f,[Carte du cap Afrique à l'île de Djerba] / par Mr de Chabert,,18th c.,high,Gallica,,unknown,none,manuscript,colour,unknown,map,1,49.0,33.0,1617,century,1,0,0,1,1,1,1,0,5,B,bnf,1,1,1,3980,5894,23.5,medium,306,standard,59.2,2_contextual,https://gallica.bnf.fr/ark:/12148/btv1b53235469f
btv1b53235460d,"Côte de Barbarie, depuis le cap Razat, jusqu'au cap Raxetin / par le Maire",1704,18th c.,medium,Gallica,,unknown,none,manuscript,colour,unknown,map,1,15.0,45.0,675,exact,0,0,0,1,1,1,1,1,5,B,bnf,1,1,1,5606,3718,20.8,medium,316,standard,59.2,2_contextual,https://gallica.bnf.fr/ark:/12148/btv1b53235460d
btv1b53237551h,Veüe de l'isle de Tabarque,1740,18th c.,high,Gallica,,unknown,none,manuscript,colour,unknown,view,1,37.0,24.0,888,exact,0,0,0,1,1,1,1,1,5,B,bnf,1,2,1,3951,5910,23.4,medium,406,standard,59.2,2_contextual,https://gallica.bnf.fr/ark:/12148/btv1b53237551h
btv1b53237589b,[Plan des forts et du canal de la Goulete],1743,18th c.,high,Gallica,,unknown,none,manuscript,colour,unknown,plan,1,37.0,51.0,1887,exact,0,0,0,1,1,1,1,1,5,B,bnf,1,1,1,8235,6020,49.6,medium,410,standard,59.2,2_contextual,https://gallica.bnf.fr/ark:/12148/btv1b53237589b
btv1b53237554v,Ville de Sousse,1764,18th c.,high,Gallica,,unknown,none,manuscript,colour,unknown,view,1,26.0,35.0,910,exact,0,0,0,1,1,1,1,1,5,B,bnf,1,2,1,6066,5996,36.4,medium,440,standard,59.2,2_contextual,https://gallica.bnf.fr/ark:/12148/btv1b53237554v
btv1b53063506p,"Carte de l'itinéraire suivi par M. Delaporte, élève-consul dans la régence de Tunis à l'occasion de la mission qui lui a été confiée le 14 juillet 1843, par M. de Lagau, consul général et chargé d'affaires de France à Tunis",1843,19th c.,high,Gallica,,unknown,none,manuscript,colour,unknown,map,1,35.0,50.0,1750,exact,0,0,0,1,1,1,1,1,5,B,bnf,1,1,1,5144,7112,36.6,medium,361,standard,59.2,2_contextual,https://gallica.bnf.fr/ark:/12148/btv1b53063506p
btv1b531464026,"[Stations de sauvetage sur les côtes de France] : Corse, Algérie, Tunisie",1893,19th c.,high,Gallica,,unknown,none,unknown,colour,unknown,map,1,69.0,50.0,3450,exact,0,0,0,1,1,1,1,1,5,B,bnf,1,1,1,6030,8130,49.0,medium,299,low,59.2,2_contextual,https://gallica.bnf.fr/ark:/12148/btv1b531464026
btv1b8446059n,Carte du théâtre de la guerre en Tunisie / gravé par Hémery,,20th c.,high,Gallica,,unknown,none,printed,colour,unknown,map,1,35.0,50.0,1750,decade,1,0,0,1,1,1,1,0,5,B,bnf,1,1,1,5256,7548,39.7,medium,383,standard,59.2,2_contextual,https://gallica.bnf.fr/ark:/12148/btv1b8446059n
btv1b52519327v,[Ensemble de documents de travail concernant l'Afrique] / [dressés ou annotés par Guillaume Delisle],1726,18th c.,medium,Gallica,,unknown,none,manuscript,unknown,unknown,map,,,,,exact,1,0,0,1,1,1,1,1,6,B,bnf,1,19,1,12582,8278,104.2,high,,unknown,58.3,2_contextual,https://gallica.bnf.fr/ark:/12148/btv1b52519327v
btv1b531930706,"Sondes entre le Cap Malfatano (I. de Sardaigne) et l'île de Tabarque (Côte d'Afrique) : faites d'après les ordres de S. E. M. Théodore Ducos, ministre de la Marine et des Colonies / sous la direction de M. Darondeau, ingénieur hydrographe de la Marine, chargé en chef de la reconnaissance des côtes d'Italie",1854,19th c.,high,Gallica,,unknown,none,manuscript,unknown,unknown,map,2,,,,exact,1,0,0,1,1,1,1,1,6,B,bnf,1,1,1,8852,11434,101.2,high,,unknown,58.3,2_contextual,https://gallica.bnf.fr/ark:/12148/btv1b531930706
btv1b53158317g,"[Cables sous-marins France, Algérie, Tunisie]",1932,20th c.,high,Gallica,,unknown,none,unknown,colour,unknown,map,25,,,,exact,0,0,0,1,1,1,1,1,5,B,bnf,1,12,1,12674,9052,114.7,high,,unknown,57.5,2_contextual,https://gallica.bnf.fr/ark:/12148/btv1b53158317g
btv1b105803532,Carte archéologique et topographique des Ruines de Carthage. Echelle 1 / 5.000 / Bordy,,,high,Gallica,,unknown,none,unknown,colour,unknown,other,3,,,,none,1,0,0,1,1,1,1,0,5,B,bnf,1,3,1,11839,6733,79.7,high,,unknown,57.5,2_contextual,https://gallica.bnf.fr/ark:/12148/btv1b105803532
btv1b53242296v,"[Baie de Tunis, du cap Bon au cap Zebib]",,,high,Gallica,,unknown,none,manuscript,unknown,unknown,map,1,55.0,80.0,4400,multi_century,0,0,0,1,1,1,1,0,4,C,bnf,1,2,1,9690,6734,65.3,high,308,standard,56.7,2_contextual,https://gallica.bnf.fr/ark:/12148/btv1b53242296v
btv1b53237576k,[Plan du port et du fort de la Goulette],,,high,Gallica,,unknown,none,manuscript,unknown,unknown,map,1,31.0,58.0,1798,multi_century,0,0,0,1,1,1,1,0,4,C,bnf,1,1,1,10597,8132,86.2,high,464,high,56.7,2_contextual,https://gallica.bnf.fr/ark:/12148/btv1b53237576k
btv1b532375771,Plan de la rade de Tunis en Barbarie,,,high,Gallica,,unknown,none,manuscript,unknown,unknown,map,1,50.0,67.0,3350,multi_century,0,0,0,1,1,1,1,0,4,C,bnf,1,1,1,10729,8087,86.8,high,407,standard,56.7,2_contextual,https://gallica.bnf.fr/ark:/12148/btv1b532375771
btv1b53237578g,Plan du fort de la Goulette,,,high,Gallica,,unknown,none,manuscript,unknown,unknown,plan,1,50.0,67.0,3350,multi_century,0,0,0,1,1,1,1,0,4,C,bnf,1,1,1,10729,8053,86.4,high,407,standard,56.7,2_contextual,https://gallica.bnf.fr/ark:/12148/btv1b53237578g
btv1b53284618w,Vüe d'Aliquan...,,,medium,Gallica,,unknown,none,manuscript,unknown,unknown,view,1,41.5,49.5,2054,multi_century,0,0,0,1,1,1,1,0,4,C,bnf,1,2,1,8040,6662,53.6,high,413,standard,56.7,2_contextual,https://gallica.bnf.fr/ark:/12148/btv1b53284618w
btv1b53242287w,[Carte de la côte tunisienne avec la côte occidentale de la Sicile et Malte],,18th c.,high,Gallica,,unknown,none,manuscript,unknown,unknown,map,1,58.0,91.0,5278,century,0,0,0,1,1,1,1,0,4,C,bnf,1,2,1,10882,6996,76.1,high,304,standard,56.7,2_contextual,https://gallica.bnf.fr/ark:/12148/btv1b53242287w
btv1b532376117,[Carte des côtes algérienne et tunisienne du cap Bugaronie au cap Negro],,18th c.,high,Gallica,,unknown,none,manuscript,unknown,unknown,map,1,49.0,65.0,3185,century,0,0,0,1,1,1,1,0,4,C,bnf,1,1,1,10404,8002,83.3,high,407,standard,56.7,2_contextual,https://gallica.bnf.fr/ark:/12148/btv1b532376117
btv1b53237616g,[Carte des côtes algériennes depuis Ancol jusqu'au cap Bugaroni] / dressée sur les manuscripts du dépost par Lemoyne,,18th c.,medium,Gallica,,unknown,none,manuscript,unknown,unknown,map,1,40.0,62.0,2480,century,0,0,0,1,1,1,1,0,4,C,bnf,1,2,1,10017,6671,66.8,high,410,standard,56.7,2_contextual,https://gallica.bnf.fr/ark:/12148/btv1b53237616g
btv1b53242286f,"[Carte des côtes algériennes et tunisiennes, depuis l'île Colombe jusqu'à Mahdia",,18th c.,high,Gallica,,unknown,none,manuscript,unknown,unknown,map,1,49.0,186.0,9114,century,0,0,0,1,1,1,1,0,4,C,bnf,1,2,1,22203,6141,136.3,high,303,standard,56.7,2_contextual,https://gallica.bnf.fr/ark:/12148/btv1b53242286f
btv1b53242280r,"[Carte des côtes de Tunisie, de la partie ouest de la Sicile, de Malte et du sud de la Sardaigne]",,18th c.,high,Gallica,,unknown,none,manuscript,unknown,unknown,map,1,59.0,94.0,5546,century,0,0,0,1,1,1,1,0,4,C,bnf,1,1,1,11230,7108,79.8,high,303,standard,56.7,2_contextual,https://gallica.bnf.fr/ark:/12148/btv1b53242280r
btv1b532422816,"[Carte des côtes de Tunisie, de la partie ouest de la Sicile, de Malte et du sud de la Sardaigne]",,18th c.,high,Gallica,,unknown,none,manuscript,unknown,unknown,map,1,65.0,99.0,6435,century,0,0,0,1,1,1,1,0,4,C,bnf,1,2,1,11844,7836,92.8,high,304,standard,56.7,2_contextual,https://gallica.bnf.fr/ark:/12148/btv1b532422816
btv1b53236709f,[Carte des côtes libyennes et égyptiennes depuis le cap de la Jouliane jusqu'à Alexandrie],,18th c.,medium,Gallica,,unknown,none,manuscript,unknown,unknown,map,1,56.0,139.0,7784,century,0,0,0,1,1,1,1,0,4,C,bnf,1,1,1,16962,7166,121.5,high,310,standard,56.7,2_contextual,https://gallica.bnf.fr/ark:/12148/btv1b53236709f
btv1b53242284j,"[Carte des côtes orientales de l'Algérie, de la Tunisie, de la partie ouest de la Sicile et du sud de la Sardaigne]",,18th c.,high,Gallica,,unknown,none,manuscript,unknown,unknown,map,1,59.0,90.0,5310,century,0,0,0,1,1,1,1,0,4,C,bnf,1,2,1,10782,7226,77.9,high,304,standard,56.7,2_contextual,https://gallica.bnf.fr/ark:/12148/btv1b53242284j
btv1b53242275k,[Les côtes de Barbarie : du cap Bon jusqu'à Bougie],,18th c.,high,Gallica,,unknown,none,manuscript,unknown,unknown,map,1,43.0,276.0,11868,century,0,0,0,1,1,1,1,0,4,C,bnf,1,2,1,33232,5533,183.9,high,306,standard,56.7,2_contextual,https://gallica.bnf.fr/ark:/12148/btv1b53242275k
btv1b53237563t,[Routes et sondes entre Zerbi et le Cap Poule],,18th c.,high,Gallica,,unknown,none,manuscript,unknown,unknown,map,1,58.0,56.0,3248,century,0,0,0,1,1,1,1,0,4,C,bnf,1,1,1,9215,9520,87.7,high,417,standard,56.7,2_contextual,https://gallica.bnf.fr/ark:/12148/btv1b53237563t
btv1b53236712q,"Carte qui comprend une partie des côtes de Barbarie, depuis le cap Bon jusqu'a la ville de Bomba, l'extrémité ouest de l'Isle de Candie, la partie Sud de la Morée et les côtes Sud ouest de l'Isle de Sicile qui sont entre la ville de Siracuse et celle de Trapano",,18th c.,high,Gallica,,unknown,none,manuscript,unknown,unknown,map,1,58.0,89.0,5162,century,0,0,0,1,1,1,1,0,4,C,bnf,1,1,1,10698,7127,76.2,high,305,standard,56.7,2_contextual,https://gallica.bnf.fr/ark:/12148/btv1b53236712q
btv1b532376062,Coste du Bastion de France depuis le cap de Rose jusques aux Gardes de Biserte,,18th c.,high,Gallica,,unknown,none,manuscript,unknown,unknown,map,1,47.0,137.0,6439,century,0,0,0,1,1,1,1,0,4,C,bnf,1,2,1,22117,7675,169.7,high,410,standard,56.7,2_contextual,https://gallica.bnf.fr/ark:/12148/btv1b532376062
btv1b532422833,Croquis d'une partie des côtes de Barbarie depuis le cap Bujarone jusqu'à la ville de Tunis,,18th c.,high,Gallica,,unknown,none,manuscript,unknown,unknown,map,1,27.0,96.0,2592,century,0,0,0,1,1,1,1,0,4,C,bnf,1,2,1,12884,4388,56.5,high,341,standard,56.7,2_contextual,https://gallica.bnf.fr/ark:/12148/btv1b532422833
btv1b532974906,"Mer Méditerranée : seconde feuille contenant l'Italie, Sicile, Golphe de Venise, Costes de Dalmatie, Albanie, et partie de celles de Barbarie",,18th c.,high,Gallica,,unknown,none,unknown,unknown,unknown,map,1,79.0,55.0,4345,century,0,0,0,1,1,1,1,0,4,C,bnf,1,2,1,10544,14348,151.3,high,461,high,56.7,2_contextual,https://gallica.bnf.fr/ark:/12148/btv1b532974906
btv1b53242306h,Nuova pianta dell'isola di Tabarca,,18th c.,high,Gallica,,unknown,none,manuscript,unknown,unknown,plan,1,38.0,106.0,4028,century,0,0,0,1,1,1,1,0,4,C,bnf,1,1,1,12686,4566,57.9,high,304,standard,56.7,2_contextual,https://gallica.bnf.fr/ark:/12148/btv1b53242306h
btv1b532422905,Plan de Monestier à la porte orientale de Tunis,,18th c.,high,Gallica,,unknown,none,manuscript,unknown,unknown,map,1,50.0,72.0,3600,century,0,0,0,1,1,1,1,0,4,C,bnf,1,2,1,8656,5982,51.8,high,305,standard,56.7,2_contextual,https://gallica.bnf.fr/ark:/12148/btv1b532422905
btv1b532376045,Plan du cap Nègre en Barbarie,,18th c.,high,Gallica,,unknown,none,manuscript,unknown,unknown,map,1,55.0,40.0,2200,century,0,0,0,1,1,1,1,0,4,C,bnf,1,1,1,6614,8862,58.6,high,409,standard,56.7,2_contextual,https://gallica.bnf.fr/ark:/12148/btv1b532376045
btv1b53214026z,"Estats de l'Empire du Grand Seigneur dit Sultan et Ottomans, empereur des Turcs, dans trois parties du monde sçavoir en Europe, en Asie, et en Afrique / Dressé par Antoine Menard",1711,18th c.,high,Gallica,,unknown,none,unknown,colour,unknown,map,1,16.0,22.5,360,exact,1,0,0,1,1,1,1,1,6,B,bnf,1,3,1,3117,4187,13.1,low,473,high,56.7,2_contextual,https://gallica.bnf.fr/ark:/12148/btv1b53214026z
btv1b85935614,"Atlas des départements français, y compris l'Algérie, la Tunisie, le Maroc, Madagascar et l'Indo-Chine, indiquant les bureaux de poste, les bureaux télégraphiques et téléphoniques et les stations de chemins de fer",1916,20th c.,high,Gallica,,unknown,none,printed,unknown,commercial,map,,,,,exact,0,1,0,1,1,1,1,1,6,B,bnf,1,114,1,4464,3624,16.2,low,,unknown,56.7,2_contextual,https://gallica.bnf.fr/ark:/12148/btv1b85935614
btv1b8595355b,Disegno dell'isola de Gerbi con le seche che la difendeno dall'inondatione del mare ...,1500,16th c.,high,Gallica,,unknown,none,unknown,unknown,unknown,other,1,46.0,49.0,2254,exact,0,0,0,1,1,1,1,1,5,B,bnf,1,1,1,7150,5285,37.8,medium,371,standard,55.8,2_contextual,https://gallica.bnf.fr/ark:/12148/btv1b8595355b
btv1b8595356r,Fortezza di Gerbi,1500,16th c.,high,Gallica,,unknown,none,unknown,unknown,unknown,other,1,27.5,40.0,1100,exact,0,0,0,1,1,1,1,1,5,B,bnf,1,1,1,6419,4554,29.2,medium,408,standard,55.8,2_contextual,https://gallica.bnf.fr/ark:/12148/btv1b8595356r
btv1b8595372v,Il vero sito de La Goletta,1500,16th c.,high,Gallica,,unknown,none,unknown,unknown,unknown,other,1,25.5,34.5,880,exact,0,0,0,1,1,1,1,1,5,B,bnf,1,1,1,5628,4141,23.3,medium,414,standard,55.8,2_contextual,https://gallica.bnf.fr/ark:/12148/btv1b8595372v
btv1b8440179w,Disegno de la Goletta... Canne 50 [=Om. 042 ; 1 : 2 900 environ],1570,16th c.,high,Gallica,,unknown,none,unknown,unknown,unknown,map,1,32.2,24.0,773,exact,0,0,0,1,1,1,1,1,5,B,bnf,1,1,1,6418,4979,32.0,medium,506,high,55.8,2_contextual,https://gallica.bnf.fr/ark:/12148/btv1b8440179w
btv1b55005280g,"La notte del ultimo di Febraro 1570 havendo il molto Ill. sigr. Don Alfonso Pimentel Capitan Gnal de la Goleta inteso / per le sue spie, che Uxli teneva sette barchoni à la Porta di Tunise...",1570,16th c.,high,Gallica,,unknown,none,unknown,unknown,unknown,map,1,52.0,38.0,1976,exact,0,0,0,1,1,1,1,1,5,B,bnf,1,1,1,7360,6104,44.9,medium,360,standard,55.8,2_contextual,https://gallica.bnf.fr/ark:/12148/btv1b55005280g
btv1b84946819,"Tunetis Urbis, ac novae eius arcis et Guletae, quae Philippo Hispan. Regi parent uti a Turcis, et Mauris Selimo, Thraciae Rege, Anno Christi 1574 mense Julio et Augusto fixes castris oppugnabantur, effigies",1574,16th c.,high,Gallica,,unknown,none,unknown,unknown,unknown,map,1,41.5,32.0,1328,exact,0,0,0,1,1,1,1,1,5,B,bnf,1,1,1,7102,5598,39.8,medium,435,standard,55.8,2_contextual,https://gallica.bnf.fr/ark:/12148/btv1b84946819
btv1b531432496,"Tunetis Urbis, ac novae eius arcis et Guletae, quae Philippo Hispan: Regi parent uti a Turcis, et Mauris Selimo, Thraciae Rege, Anno Christi [1574] mense Julio et Augusto fixis castris oppugnabantur, effigies",1574,16th c.,high,Gallica,,unknown,none,unknown,unknown,unknown,plan,,32.5,42.0,1365,exact,0,0,0,1,1,1,1,1,5,B,bnf,1,1,1,6464,4860,31.4,medium,391,standard,55.8,2_contextual,https://gallica.bnf.fr/ark:/12148/btv1b531432496
btv1b8595371f,"Tunetis urbis, ac novae ejus arcis, et Guletae ...",1574,16th c.,high,Gallica,,unknown,none,unknown,unknown,unknown,other,1,32.5,41.5,1349,exact,0,0,0,1,1,1,1,1,5,B,bnf,1,1,1,6731,5243,35.3,medium,412,standard,55.8,2_contextual,https://gallica.bnf.fr/ark:/12148/btv1b8595371f
btv1b8595374p,Tunis : pianta del forto novo de Tunis,1600,17th c.,high,Gallica,,unknown,none,unknown,unknown,unknown,other,1,41.0,31.0,1271,exact,0,0,0,1,1,1,1,1,5,B,bnf,1,1,1,5040,6646,33.5,medium,412,standard,55.8,2_contextual,https://gallica.bnf.fr/ark:/12148/btv1b8595374p
btv1b8493553b,[Rade et lac de Tunis. 1 : 100 000 env],1680,17th c.,high,Gallica,,unknown,none,manuscript,unknown,unknown,map,1,32.0,46.0,1472,exact,0,0,0,1,1,1,1,1,5,B,bnf,1,1,1,8001,5788,46.3,medium,442,standard,55.8,2_contextual,https://gallica.bnf.fr/ark:/12148/btv1b8493553b
btv1b8494779k,Aphrodisium demolita a Carolo V Imp.,1700,18th c.,high,Gallica,,unknown,none,manuscript,unknown,unknown,map,1,58.0,24.0,1392,exact,0,0,0,1,1,1,1,1,5,B,bnf,1,1,1,9425,4014,37.8,medium,413,standard,55.8,2_contextual,https://gallica.bnf.fr/ark:/12148/btv1b8494779k
btv1b8495408s,Plan de la Carthage d'Afrique lorsqu'elle fut détruitte par Scipion Aemilianus en l'année de Rome 607 / A. Humblot inv.,,18th c.,high,Gallica,,unknown,none,manuscript,unknown,unknown,map,1,29.0,42.0,1218,century,1,0,0,1,1,1,1,0,5,B,bnf,1,1,1,6992,5005,35.0,medium,423,standard,55.8,2_contextual,https://gallica.bnf.fr/ark:/12148/btv1b8495408s
btv1b53237600c,Plan géométrique de l'île de la Galita vers la côte de Barbarie / levé par le capitaine Lazare Giove d'Ajaccio... fini par J. B.te Adanson,,18th c.,high,Gallica,,unknown,none,manuscript,unknown,unknown,map,1,26.5,38.0,1007,century,1,0,0,1,1,1,1,0,5,B,bnf,1,2,1,6297,4482,28.2,medium,421,standard,55.8,2_contextual,https://gallica.bnf.fr/ark:/12148/btv1b53237600c
btv1b8595369c,Tunesi,1700,18th c.,high,Gallica,,unknown,none,unknown,unknown,unknown,other,1,26.0,30.0,780,exact,0,0,0,1,1,1,1,1,5,B,bnf,1,1,1,4960,4397,21.8,medium,420,standard,55.8,2_contextual,https://gallica.bnf.fr/ark:/12148/btv1b8595369c
btv1b84937605,Veue de l'Isle de Tabarqua,1700,18th c.,high,Gallica,,unknown,none,manuscript,unknown,unknown,view,1,22.0,34.0,748,exact,0,0,0,1,1,1,1,1,5,B,bnf,1,1,1,3923,5590,21.9,medium,418,standard,55.8,2_contextual,https://gallica.bnf.fr/ark:/12148/btv1b84937605
btv1b53237558n,"[Côtes de Barbarie, depuis le cap Bon jusqu'à Tenez, avec la pointe sud de la Sicile]",1732,18th c.,high,Gallica,,unknown,none,manuscript,unknown,unknown,map,1,27.0,50.0,1350,exact,0,0,0,1,1,1,1,1,5,B,bnf,1,2,1,8293,4882,40.5,medium,421,standard,55.8,2_contextual,https://gallica.bnf.fr/ark:/12148/btv1b53237558n
btv1b8495504g,Plan de la bataille de Thapse en Afrique gagnée par Jule César contre Q. Scipion et le roy Juba l'an de Rome 707,1732,18th c.,high,Gallica,,unknown,none,printed,unknown,unknown,map,1,36.0,24.7,889,exact,0,0,0,1,1,1,1,1,5,B,bnf,1,1,1,6278,4444,27.9,medium,443,standard,55.8,2_contextual,https://gallica.bnf.fr/ark:/12148/btv1b8495504g
btv1b53237561x,Plan de la côte et des seches de Barbarie,1741,18th c.,high,Gallica,,unknown,none,manuscript,unknown,unknown,map,1,33.0,46.0,1518,exact,0,0,0,1,1,1,1,1,5,B,bnf,1,2,1,7564,5364,40.6,medium,418,standard,55.8,2_contextual,https://gallica.bnf.fr/ark:/12148/btv1b53237561x
btv1b532375593,"Plan de la côte et séches de Barbarie, depuis Zerby jusques à Suza : corrigées par les latitudes observées comme aussi les gissements des côtes et les querquenis et les sondes aux environs, vérifiées avec la frégate du Roy l'Attalante en 1741 / vérifié par Gilly pilote...",1741,18th c.,high,Gallica,,unknown,none,manuscript,unknown,unknown,map,1,36.0,52.0,1872,exact,0,0,0,1,1,1,1,1,5,B,bnf,1,2,1,8332,5855,48.8,medium,407,standard,55.8,2_contextual,https://gallica.bnf.fr/ark:/12148/btv1b532375593
btv1b53237562c,"Carte de la côte de Barbarie, depuis le Cap Bon jusqu'à Tripoly : corrigée sur les observations faites par la frégatte du Roy le Zephire en 1742",1742,18th c.,high,Gallica,,unknown,none,manuscript,unknown,unknown,map,1,29.0,45.0,1305,exact,0,0,0,1,1,1,1,1,5,B,bnf,1,2,1,7347,4822,35.4,medium,415,standard,55.8,2_contextual,https://gallica.bnf.fr/ark:/12148/btv1b53237562c
btv1b53237546b,"Carte de la côte de Barbarie, depuis le Cap Bon jusqu'à Tripoly : corrigée sur les observations faites par la frégatte du Roy le Zephire en 1742",1742,18th c.,high,Gallica,,unknown,none,manuscript,unknown,unknown,map,1,24.0,40.0,960,exact,0,0,0,1,1,1,1,1,5,B,bnf,1,2,1,6661,4116,27.4,medium,423,standard,55.8,2_contextual,https://gallica.bnf.fr/ark:/12148/btv1b53237546b
btv1b53235467j,Carte de la cote d'Afrique depuis Tripoly jusqu'a Derne / levée par le capitaine Martin Reboul de la Ciotat,1745,18th c.,high,Gallica,,unknown,none,manuscript,unknown,unknown,map,1,42.0,56.0,2352,exact,0,0,0,1,1,1,1,1,5,B,bnf,1,1,1,7104,5272,37.5,medium,322,standard,55.8,2_contextual,https://gallica.bnf.fr/ark:/12148/btv1b53235467j
btv1b532354663,Carte de la côte du royaume de Tripoly de Barbarie / levée par le capitaine Martin Reboul,1745,18th c.,high,Gallica,,unknown,none,manuscript,unknown,unknown,map,1,44.0,57.0,2508,exact,0,0,0,1,1,1,1,1,5,B,bnf,1,2,1,6956,5244,36.5,medium,310,standard,55.8,2_contextual,https://gallica.bnf.fr/ark:/12148/btv1b532354663
btv1b532375665,"[Côtes de Barbarie, depuis Bizerte jusqu'à la pointe de Tarcu]",1764,18th c.,high,Gallica,,unknown,none,manuscript,unknown,unknown,map,1,15.5,32.0,496,exact,0,0,0,1,1,1,1,1,5,B,bnf,1,1,1,6328,4121,26.1,medium,502,high,55.8,2_contextual,https://gallica.bnf.fr/ark:/12148/btv1b532375665
btv1b532375682,"[Côtes de Barbarie, depuis Bizerte jusqu'à la pointe de Tarcu]",1764,18th c.,high,Gallica,,unknown,none,manuscript,unknown,unknown,map,1,16.0,33.0,528,exact,0,0,0,1,1,1,1,1,5,B,bnf,1,1,1,6317,4370,27.6,medium,486,high,55.8,2_contextual,https://gallica.bnf.fr/ark:/12148/btv1b532375682
btv1b53237567m,"[Côtes de Barbarie, depuis Bizerte jusqu'à la pointe de Tarcu]",1764,18th c.,high,Gallica,,unknown,none,manuscript,unknown,unknown,map,1,15.5,32.0,496,exact,0,0,0,1,1,1,1,1,5,B,bnf,1,1,1,6283,4229,26.6,medium,499,high,55.8,2_contextual,https://gallica.bnf.fr/ark:/12148/btv1b53237567m
btv1b53237583n,Port Farine,1764,18th c.,high,Gallica,,unknown,none,manuscript,unknown,unknown,map,1,27.0,38.0,1026,exact,0,0,0,1,1,1,1,1,5,B,bnf,1,1,1,6146,4405,27.1,medium,411,standard,55.8,2_contextual,https://gallica.bnf.fr/ark:/12148/btv1b53237583n
btv1b53237553d,Vüe de la ville de Sousse en Barbarie,1764,18th c.,high,Gallica,,unknown,none,manuscript,unknown,unknown,view,1,24.0,36.0,864,exact,0,0,0,1,1,1,1,1,5,B,bnf,1,2,1,6565,4834,31.7,medium,463,high,55.8,2_contextual,https://gallica.bnf.fr/ark:/12148/btv1b53237553d
btv1b53235472q,[Tracé d'une partie des côtes de Barbarie entre Alexandrie et le cap Razat],1799,18th c.,medium,Gallica,,unknown,none,manuscript,unknown,unknown,map,1,42.0,63.0,2646,exact,0,0,0,1,1,1,1,1,5,B,bnf,1,1,1,7486,4962,37.1,medium,302,standard,55.8,2_contextual,https://gallica.bnf.fr/ark:/12148/btv1b53235472q
btv1b84587841,"Kasserine... Les renseignements relatifs aux ruines... / tont été recueillis... par MM. Renault,... ; Barbencey ; Pineau et Dr Villeneuve [...]",,19th c.,high,Gallica,,unknown,none,unknown,unknown,unknown,map,1,28.0,45.0,1260,century,1,0,0,1,1,1,1,0,5,B,bnf,1,2,1,4631,7388,34.2,medium,417,standard,55.8,2_contextual,https://gallica.bnf.fr/ark:/12148/btv1b84587841
btv1b8458786v,Sbeitla... Les renseignements relatifs aux ruines... ont été / recueillis... par MM Bellot ; Fourmereau ; Hardy ; Morand ; et Rouget,,19th c.,high,Gallica,,unknown,none,unknown,unknown,unknown,map,1,28.0,45.0,1260,century,1,0,0,1,1,1,1,0,5,B,bnf,1,2,1,4619,7388,34.1,medium,417,standard,55.8,2_contextual,https://gallica.bnf.fr/ark:/12148/btv1b8458786v
btv1b8458783m,Haïdra [plan des ruines près de la route de Tebessa],1926,20th c.,high,Gallica,,unknown,none,manuscript,unknown,unknown,map,1,28.0,46.0,1288,exact,0,0,0,1,1,1,1,1,5,B,bnf,1,1,1,4703,7328,34.5,medium,405,standard,55.8,2_contextual,https://gallica.bnf.fr/ark:/12148/btv1b8458783m
btv1b532375826,Port Farine,,,high,Gallica,,unknown,none,manuscript,colour,unknown,map,1,26.0,39.0,1014,multi_century,0,0,0,1,1,1,1,0,4,C,bnf,1,1,1,6385,4320,27.6,medium,416,standard,55.0,2_contextual,https://gallica.bnf.fr/ark:/12148/btv1b532375826
oai:nubis.bis-sorbonne.fr:1116323,"Natoliae, quae olim Asia Minor, nova descriptio. Aegypti recentior descriptio. Carthaginis celeberrimi sinus typus",1602,17th c.,high,Bibliothèque interuniversitaire de la Sorbonne,6167000,very_small,catalogue,printed,unknown,commercial,other,3,32.2,49.4,1591,exact,0,1,1,1,1,1,0,1,6,B,partner,0,,0,,,,unknown,,unknown,55.0,3_reference,https://nubis.bis-sorbonne.fr/ark:/15733/pgt5
oai:nubis.bis-sorbonne.fr:1128791,"Natoliae, quae olim Asia Minor, nova descriptio. Aegypti recentior descriptio. Carthaginis celeberrimi sinus typus.",1602,17th c.,high,Bibliothèque interuniversitaire de la Sorbonne,5842000,very_small,catalogue,printed,unknown,commercial,other,3,32.2,49.4,1591,exact,0,1,1,1,1,1,0,1,6,B,partner,0,,0,,,,unknown,,unknown,55.0,3_reference,https://nubis.bis-sorbonne.fr/ark:/15733/pkrc
btv1b532376151,"[Carte des côtes algériennes, du cap Caxine au cap Carbon]",,18th c.,medium,Gallica,,unknown,none,manuscript,colour,unknown,map,1,21.0,59.0,1239,century,0,0,0,1,1,1,1,0,4,C,bnf,1,2,1,9510,3701,35.2,medium,409,standard,55.0,2_contextual,https://gallica.bnf.fr/ark:/12148/btv1b532376151
btv1b53237599r,Nuova planta dell' Isola di Tabarca,,18th c.,high,Gallica,,unknown,none,manuscript,colour,unknown,plan,1,49.0,37.0,1813,century,0,0,0,1,1,1,1,0,4,C,bnf,1,1,1,6097,7912,48.2,medium,410,standard,55.0,2_contextual,https://gallica.bnf.fr/ark:/12148/btv1b53237599r
btv1b53237609d,Plan du port de la Calle,,18th c.,medium,Gallica,,unknown,none,manuscript,colour,unknown,map,1,37.0,24.0,888,century,0,0,0,1,1,1,1,0,4,C,bnf,1,1,1,4012,6022,24.2,medium,413,standard,55.0,2_contextual,https://gallica.bnf.fr/ark:/12148/btv1b53237609d
btv1b53237601t,Plan géométrique de l'île de la Galita vers la côte de Barbarie / levé par le capitaine Lazare Giove d'Ajaccio... ; dessiné par B.my Benoist,,18th c.,high,Gallica,,unknown,none,manuscript,colour,unknown,map,1,30.0,43.0,1290,century,0,0,0,1,1,1,1,0,4,C,bnf,1,2,1,7007,4941,34.6,medium,414,standard,55.0,2_contextual,https://gallica.bnf.fr/ark:/12148/btv1b53237601t
btv1b532375487,Veüe de la Calle du côté de terre ferme,,18th c.,medium,Gallica,,unknown,none,manuscript,colour,unknown,view,1,39.0,25.0,975,century,0,0,0,1,1,1,1,0,4,C,bnf,1,1,1,4217,6291,26.5,medium,410,standard,55.0,2_contextual,https://gallica.bnf.fr/ark:/12148/btv1b532375487
btv1b53237556r,Veüe du Capnegre,,18th c.,high,Gallica,,unknown,none,manuscript,colour,unknown,view,1,34.0,22.0,748,century,0,0,0,1,1,1,1,0,4,C,bnf,1,1,1,3704,5552,20.6,medium,415,standard,55.0,2_contextual,https://gallica.bnf.fr/ark:/12148/btv1b53237556r
btv1b10567574w,"Carte de la Côte septentrionale d'Afrique : Partie comprise entre Alger et l'Ile de la Galite / Bérard, A.",1836,19th c.,high,Gallica,,unknown,none,printed,unknown,unknown,other,,,,,exact,1,0,0,0,1,1,1,1,5,B,bnf,1,1,1,12266,8451,103.7,high,,unknown,54.2,2_contextual,https://gallica.bnf.fr/ark:/12148/btv1b10567574w
bd6t5700000d,Théâtre des cités du monde. Volume 1 / par Georges Bruin,1574,,unverified,Gallica,,unknown,none,printed,unknown,unknown,atlas,,,,,exact,1,0,0,1,1,1,1,1,6,B,bnf,1,424,1,5564,7279,40.5,medium,,unknown,53.3,2_contextual,https://gallica.bnf.fr/ark:/12148/bd6t5700000d
btv1b5964097v,Africa proprie dicta ex Plinio ; Situs Carthaginis / Melchior Tavernier sculpsit,1600,17th c.,high,Gallica,,unknown,none,printed,unknown,unknown,map,1,21.0,28.0,588,exact,1,0,0,1,1,1,1,1,6,B,bnf,1,1,1,3528,2688,9.5,low,320,standard,53.3,2_contextual,https://gallica.bnf.fr/ark:/12148/btv1b5964097v
btv1b85951384,"Tunis, Goleta nunc distructa / [Guillelmo Blaeu]",1600,17th c.,high,Gallica,,unknown,none,unknown,unknown,unknown,other,1,10.0,6.0,60,exact,1,0,0,1,1,1,1,1,6,B,bnf,1,1,1,3531,2721,9.6,low,897,high,53.3,2_contextual,https://gallica.bnf.fr/ark:/12148/btv1b85951384
btv1b8592962m,"Itinéraire du Caire à la Mecque, selon la relation de Dom Philippo de Tunis, qui en a fait un voyage l'an 1657 / par P. Du Val,...",1677,17th c.,high,Gallica,,unknown,none,unknown,unknown,unknown,map,1,17.0,24.0,408,exact,1,0,0,1,1,1,1,1,6,B,bnf,1,1,1,3888,2820,11.0,low,411,standard,53.3,2_contextual,https://gallica.bnf.fr/ark:/12148/btv1b8592962m
btv1b8595367j,Carte de la situation de l'ancienne Carthage et de la baye de cette ville,1700,18th c.,high,Gallica,,unknown,none,unknown,unknown,unknown,other,1,24.5,18.0,441,exact,1,0,0,1,1,1,1,1,6,B,bnf,1,1,1,2936,3944,11.6,low,409,standard,53.3,2_contextual,https://gallica.bnf.fr/ark:/12148/btv1b8595367j
btv1b53283007d,"[22 plans légendés et commentés de ports, baies et îles de la Méditerranée occidentale] / [par le lieutenant de vaisseau D'Ortigues ?] ; [destiné à] Bellin",1765,18th c.,high,Gallica,,unknown,none,manuscript,unknown,unknown,map,,20.5,27.5,564,exact,1,0,0,1,1,1,1,1,6,B,bnf,1,78,1,3320,4406,14.6,low,407,standard,53.3,2_contextual,https://gallica.bnf.fr/ark:/12148/btv1b53283007d
btv1b8595358k,Golfo de Tunez conforme al de M. Bellin / por Don Tomas Lopez,1785,18th c.,high,Gallica,,unknown,none,unknown,unknown,unknown,other,1,37.5,25.5,956,exact,1,0,0,1,1,1,1,1,6,B,bnf,1,1,1,2988,4145,12.4,low,281,low,53.3,2_contextual,https://gallica.bnf.fr/ark:/12148/btv1b8595358k
btv1b532423124,[Carte des côtes algériennes du cap Abatel au cap Bugarone],,,medium,Gallica,,unknown,none,manuscript,unknown,unknown,map,1,22.0,98.0,2156,multi_century,0,0,0,1,1,1,1,0,4,C,bnf,1,2,1,12072,3102,37.4,medium,313,standard,51.7,2_contextual,https://gallica.bnf.fr/ark:/12148/btv1b532423124
btv1b53242300t,[Plan de Portefarine],,,high,Gallica,,unknown,none,manuscript,unknown,unknown,map,1,31.0,72.0,2232,multi_century,0,0,0,1,1,1,1,0,4,C,bnf,1,1,1,9648,4754,45.9,medium,340,standard,51.7,2_contextual,https://gallica.bnf.fr/ark:/12148/btv1b53242300t
btv1b532830188,"Cartes du portuland anglois, au nombre de treize",,,high,Gallica,,unknown,none,manuscript,unknown,unknown,map,13,52.0,69.0,3588,multi_century,0,0,0,1,1,1,1,0,4,C,bnf,1,29,1,5710,8628,49.3,medium,,unknown,51.7,2_contextual,https://gallica.bnf.fr/ark:/12148/btv1b532830188
btv1b532423107,Partie d'Afrique depuis Tabarque jusqu'à Alger,,,high,Gallica,,unknown,none,manuscript,unknown,unknown,map,1,31.0,83.0,2573,multi_century,0,0,0,1,1,1,1,0,4,C,bnf,1,2,1,9948,3818,38.0,medium,304,standard,51.7,2_contextual,https://gallica.bnf.fr/ark:/12148/btv1b532423107
btv1b53284619b,Veue Alican estant mouille,,,medium,Gallica,,unknown,none,manuscript,unknown,unknown,view,1,35.0,40.0,1400,multi_century,0,0,0,1,1,1,1,0,4,C,bnf,1,2,1,6360,5634,35.8,medium,404,standard,51.7,2_contextual,https://gallica.bnf.fr/ark:/12148/btv1b53284619b
btv1b53242288b,"[Carte de la côte tunisienne, depuis les gardes de Bizerte jusqu'à Djerba]",,18th c.,high,Gallica,,unknown,none,manuscript,unknown,unknown,map,1,73.0,31.0,2263,century,0,0,0,1,1,1,1,0,4,C,bnf,1,2,1,4402,9064,39.9,medium,315,standard,51.7,2_contextual,https://gallica.bnf.fr/ark:/12148/btv1b53242288b
btv1b53237614k,"[Carte des côtes algériennes, du cap Caxine au cap de Fer]",,18th c.,medium,Gallica,,unknown,none,manuscript,unknown,unknown,map,1,18.0,67.0,1206,century,0,0,0,1,1,1,1,0,4,C,bnf,1,1,1,10852,3073,33.3,medium,411,standard,51.7,2_contextual,https://gallica.bnf.fr/ark:/12148/btv1b53237614k
btv1b53235456p,"[Carte des côtes de Barbarie d'Alexandrie jusqu'à Bengasi, y compris la Crète]",,18th c.,medium,Gallica,,unknown,none,manuscript,unknown,unknown,map,1,32.0,56.0,1792,century,0,0,0,1,1,1,1,0,4,C,bnf,1,1,1,6844,4076,27.9,medium,310,standard,51.7,2_contextual,https://gallica.bnf.fr/ark:/12148/btv1b53235456p
btv1b53235458k,[Carte des côtes de Barbarie d'Alexandrie jusqu'à Tripoli],,18th c.,medium,Gallica,,unknown,none,manuscript,unknown,unknown,map,1,24.5,66.0,1617,century,0,0,0,1,1,1,1,0,4,C,bnf,1,1,1,8134,3218,26.2,medium,313,standard,51.7,2_contextual,https://gallica.bnf.fr/ark:/12148/btv1b53235458k
btv1b53235470t,[Carte du cap Mesurat au fort anglais],,18th c.,medium,Gallica,,unknown,none,manuscript,unknown,unknown,map,1,31.5,66.0,2079,century,0,0,0,1,1,1,1,0,4,C,bnf,1,1,1,7996,4094,32.7,medium,308,standard,51.7,2_contextual,https://gallica.bnf.fr/ark:/12148/btv1b53235470t
btv1b532354646,"[Côte de Barbarie, depuis le cap Mesurat à l'île de la Bombe]",,18th c.,medium,Gallica,,unknown,none,manuscript,unknown,unknown,map,1,26.0,59.0,1534,century,0,0,0,1,1,1,1,0,4,C,bnf,1,1,1,6980,3110,21.7,medium,300,standard,51.7,2_contextual,https://gallica.bnf.fr/ark:/12148/btv1b532354646
btv1b532354718,"[Côte de Barbarie, depuis le cap Mesurat jusqu'aux îles les frères de Biserte]",,18th c.,high,Gallica,,unknown,none,manuscript,unknown,unknown,map,1,46.0,34.0,1564,century,0,0,0,1,1,1,1,0,4,C,bnf,1,1,1,4160,5874,24.4,medium,324,standard,51.7,2_contextual,https://gallica.bnf.fr/ark:/12148/btv1b532354718
btv1b53235461v,"[Côte de Barbarie, depuis le cap Razat jusqu'à Alexandrie]",,18th c.,medium,Gallica,,unknown,none,manuscript,unknown,unknown,map,1,20.5,56.0,1148,century,0,0,0,1,1,1,1,0,4,C,bnf,1,1,1,7084,2936,20.8,medium,321,standard,51.7,2_contextual,https://gallica.bnf.fr/ark:/12148/btv1b53235461v
btv1b532354629,"[Côte de Barbarie, depuis le cap Rohat jusqu'au cap Brulo]",,18th c.,medium,Gallica,,unknown,none,manuscript,unknown,unknown,map,1,22.0,61.0,1342,century,0,0,0,1,1,1,1,0,4,C,bnf,1,1,1,7342,3116,22.9,medium,306,standard,51.7,2_contextual,https://gallica.bnf.fr/ark:/12148/btv1b532354629
btv1b53235463r,"[Côte de Barbarie, depuis Ras-al-sem à Alexandrie]",,18th c.,medium,Gallica,,unknown,none,manuscript,unknown,unknown,map,1,23.5,65.0,1528,century,0,0,0,1,1,1,1,0,4,C,bnf,1,1,1,7904,3074,24.3,medium,309,standard,51.7,2_contextual,https://gallica.bnf.fr/ark:/12148/btv1b53235463r
btv1b53237569h,"[Côtes de Barbarie, depuis Bougie jusqu'à Bizerte]",,18th c.,high,Gallica,,unknown,none,manuscript,unknown,unknown,map,1,22.0,63.0,1386,century,0,0,0,1,1,1,1,0,4,C,bnf,1,2,1,10146,3838,38.9,medium,409,standard,51.7,2_contextual,https://gallica.bnf.fr/ark:/12148/btv1b53237569h
btv1b53237603q,[Ile de la Galite],,18th c.,high,Gallica,,unknown,none,manuscript,unknown,unknown,map,1,25.0,37.0,925,century,0,0,0,1,1,1,1,0,4,C,bnf,1,1,1,6140,4364,26.8,medium,422,standard,51.7,2_contextual,https://gallica.bnf.fr/ark:/12148/btv1b53237603q
btv1b532376028,[Plan géométrique de l'île de la Galite],,18th c.,high,Gallica,,unknown,none,manuscript,unknown,unknown,map,1,25.5,34.0,867,century,0,0,0,1,1,1,1,0,4,C,bnf,1,1,1,5546,4246,23.5,medium,414,standard,51.7,2_contextual,https://gallica.bnf.fr/ark:/12148/btv1b532376028
btv1b53242278x,"Carte d'une partie des cotes des Roy[au]mes d'Alger et de Tunis, depuis Bonne jusqu'a Biserte",,18th c.,high,Gallica,,unknown,none,manuscript,unknown,unknown,map,1,30.0,91.0,2730,century,0,0,0,1,1,1,1,0,4,C,bnf,1,2,1,10802,3688,39.8,medium,302,standard,51.7,2_contextual,https://gallica.bnf.fr/ark:/12148/btv1b53242278x
btv1b53237595z,Côte d'Afrique près [de] Tunis,,,high,Gallica,,unknown,none,manuscript,unknown,unknown,map,1,35.0,49.0,1715,multi_century,0,0,0,1,1,1,1,0,4,C,bnf,1,2,1,7914,5803,45.9,medium,410,standard,51.7,2_contextual,https://gallica.bnf.fr/ark:/12148/btv1b53237595z
btv1b53237547s,Côte de Monestier dans la rade,,18th c.,high,Gallica,,unknown,none,manuscript,unknown,unknown,view,1,31.0,44.0,1364,century,0,0,0,1,1,1,1,0,4,C,bnf,1,1,1,7064,5087,35.9,medium,408,standard,51.7,2_contextual,https://gallica.bnf.fr/ark:/12148/btv1b53237547s
btv1b53237605m,Plan du cap Nègre en Barbarie,,18th c.,high,Gallica,,unknown,none,manuscript,unknown,unknown,map,1,51.0,37.0,1887,century,0,0,0,1,1,1,1,0,4,C,bnf,1,1,1,5971,8273,49.4,medium,412,standard,51.7,2_contextual,https://gallica.bnf.fr/ark:/12148/btv1b53237605m
btv1b532375989,Plan et perspective de Tabarque,,18th c.,high,Gallica,,unknown,none,manuscript,unknown,unknown,plan,1,34.0,52.0,1768,century,0,0,0,1,1,1,1,0,4,C,bnf,1,1,1,8467,5598,47.4,medium,414,standard,51.7,2_contextual,https://gallica.bnf.fr/ark:/12148/btv1b532375989
btv1b532375737,Rade de Monestier,,18th c.,high,Gallica,,unknown,none,manuscript,unknown,unknown,map,1,33.0,44.0,1452,century,0,0,0,1,1,1,1,0,4,C,bnf,1,1,1,7231,5509,39.8,medium,417,standard,51.7,2_contextual,https://gallica.bnf.fr/ark:/12148/btv1b532375737
btv1b532375559,Veüe du moüillage de la Goulette,,18th c.,high,Gallica,,unknown,none,manuscript,unknown,unknown,view,1,34.5,50.0,1725,century,0,0,0,1,1,1,1,0,4,C,bnf,1,1,1,8193,5950,48.7,medium,416,standard,51.7,2_contextual,https://gallica.bnf.fr/ark:/12148/btv1b532375559
btv1b8441527v,"Plan de la côte et seches de Barbarie, depuis Zerbi jusques à Susa, corrigée par les latitudes observées sur les lieux...",,,high,Gallica,,unknown,none,manuscript,unknown,unknown,map,1,47.0,32.0,1504,none,0,0,0,1,1,1,1,0,4,C,bnf,1,1,1,7848,5478,43.0,medium,424,standard,51.7,2_contextual,https://gallica.bnf.fr/ark:/12148/btv1b8441527v
oai:u-bordeaux-montaigne.fr:245555,Tunisie. Du cap Kamart au Ras-al-Fortas. Baie de Tunis,1893,19th c.,high,1886 - Collections patrimoniales numérisées de Bordeaux 3,63194,medium,catalogue,printed,unknown,hydrographic,map,1,65.0,95.0,6175,exact,1,1,1,1,0,0,0,1,5,B,partner,0,,0,,,,unknown,,unknown,50.8,3_reference,https://1886.u-bordeaux-montaigne.fr/s/1886/item/245555
btv1b10850770z,Plan de la rade de Tunis,,18th c.,high,Gallica,,unknown,none,manuscript,unknown,unknown,map,,,,,century,0,0,0,1,1,1,1,0,4,C,bnf,1,2,1,6068,8387,50.9,high,,unknown,50.0,2_contextual,https://gallica.bnf.fr/ark:/12148/btv1b10850770z
oai:u-bordeaux-montaigne.fr:218963,Algérie et Tunisie : d'après les documents fournis par le Dépôt de la guerre (Service géographique) : orthographe des noms arabes d'après les principes du Général Parmentier / dessinée par J. Hansen ; gravée par E. Morieu,1885,19th c.,high,1886 - Collections patrimoniales numérisées de Bordeaux 3,1800000,very_small,partner_page,printed,colour,commercial,map,1,51.0,71.0,3621,exact,1,1,0,1,0,0,0,1,4,C,partner,0,,0,,,,unknown,,unknown,50.0,3_reference,https://1886.u-bordeaux-montaigne.fr/s/1886/item/218963
oai:u-bordeaux-montaigne.fr:340608,"Afrique 1:500.000e Flle NJ-32-SE, Tunis / dressé, héliogravé et publié par le Service géographique de l'Armée en 1922",1934,20th c.,high,1886 - Collections patrimoniales numérisées de Bordeaux 3,500000,small,partner_page,printed,colour,civil_survey,map,1,63.0,81.0,5103,exact,0,1,0,1,1,0,0,1,4,C,partner,0,,0,,,,unknown,,unknown,50.0,3_reference,https://1886.u-bordeaux-montaigne.fr/s/1886/item/340608
oai:u-bordeaux-montaigne.fr:340592,"Afrique 1:500.000 Flle NI-32-NO, Tébessa / Dressé, héliogravé et publié par le Service géographique de l'Armée en 1924",1938,20th c.,high,1886 - Collections patrimoniales numérisées de Bordeaux 3,500000,small,partner_page,printed,colour,civil_survey,map,1,58.0,58.0,3364,exact,0,1,0,1,1,0,0,1,4,C,partner,0,,0,,,,unknown,,unknown,50.0,3_reference,https://1886.u-bordeaux-montaigne.fr/s/1886/item/340592
oai:u-bordeaux-montaigne.fr:340590,"Afrique 1:500.000 NI-32-SE, Gabès / dressé, heliogravé et publié par le Service géographique de l'Armée en 1930",1938,20th c.,high,1886 - Collections patrimoniales numérisées de Bordeaux 3,500000,small,partner_page,printed,colour,military_survey,map,1,64.0,74.0,4736,exact,0,1,0,1,1,0,0,1,4,C,partner,0,,0,,,,unknown,,unknown,50.0,3_reference,https://1886.u-bordeaux-montaigne.fr/s/1886/item/340590
oai:u-bordeaux-montaigne.fr:340591,"Afrique 1:500.000 NI-32-SE, Gabès / dressé, heliogravé et publié par le Service géographique de l'Armée en 1930",1938,20th c.,high,1886 - Collections patrimoniales numérisées de Bordeaux 3,500000,small,partner_page,printed,colour,military_survey,map,1,60.0,64.0,3840,exact,0,1,0,1,1,0,0,1,4,C,partner,0,,0,,,,unknown,,unknown,50.0,3_reference,https://1886.u-bordeaux-montaigne.fr/s/1886/item/340591
oai:u-bordeaux-montaigne.fr:340589,"Afrique 1:500.000 NI-32-SO, Tozeur / dressé, héliogravé et publié par le Service géographique de l'Armée en 1929",1938,20th c.,high,1886 - Collections patrimoniales numérisées de Bordeaux 3,500000,small,partner_page,printed,colour,military_survey,map,1,60.0,60.0,3600,exact,0,1,0,1,1,0,0,1,4,C,partner,0,,0,,,,unknown,,unknown,50.0,3_reference,https://1886.u-bordeaux-montaigne.fr/s/1886/item/340589
oai:u-bordeaux-montaigne.fr:340593,"Afrique 1:500.000e Flle NI-32-NE, Sfax / dressé, héliogravé et publié par le Service géographique de l'Armée en 1923",1938,20th c.,high,1886 - Collections patrimoniales numérisées de Bordeaux 3,500000,small,partner_page,printed,colour,civil_survey,map,1,59.0,64.0,3776,exact,0,1,0,1,1,0,0,1,4,C,partner,0,,0,,,,unknown,,unknown,50.0,3_reference,https://1886.u-bordeaux-montaigne.fr/s/1886/item/340593
oai:u-bordeaux-montaigne.fr:340654,"Croquis de l'Afrique Française au 1.000.000e NJ-32, NI-32, Tunis - Sfax / Dressé, héliogravé et imprimé par le Service géographique de l'Armée en 1929",1938,20th c.,high,1886 - Collections patrimoniales numérisées de Bordeaux 3,1000000,small,partner_page,printed,colour,civil_survey,map,1,70.0,60.0,4200,exact,0,1,0,1,1,0,0,1,4,C,partner,0,,0,,,,unknown,,unknown,50.0,3_reference,https://1886.u-bordeaux-montaigne.fr/s/1886/item/340654
oai:u-bordeaux-montaigne.fr:168522,"Algérie, Tunisie et Sahara central / carte dressée et dessinée par J. V. Barbier, pour servir particulièrement à l'intelligence des évenements actuels et notamment à suivre les deux explorations du colonel Flatters",2013,21st c.,high,1886 - Collections patrimoniales numérisées de Bordeaux 3,5000000,very_small,partner_page,printed,colour,scholarly,map,1,48.0,39.0,1872,exact,1,1,0,1,0,0,0,1,4,C,partner,0,,0,,,,unknown,,unknown,50.0,3_reference,https://1886.u-bordeaux-montaigne.fr/s/1886/item/168522
oai:u-bordeaux-montaigne.fr:168523,Algérie-Tunisie / dessiné par M. Maumias,2013,21st c.,high,1886 - Collections patrimoniales numérisées de Bordeaux 3,1500000,very_small,partner_page,printed,colour,scholarly,map,1,66.0,105.0,6930,exact,1,1,0,1,0,0,0,1,4,C,partner,0,,0,,,,unknown,,unknown,50.0,3_reference,https://1886.u-bordeaux-montaigne.fr/s/1886/item/168523
oai:u-bordeaux-montaigne.fr:168459,"Atlas de géographie générale. Afrique N°23, Algérie et Tunisie : fascicule spécial de cinq feuilles / G. Niox ; Institut géographique",2013,21st c.,high,1886 - Collections patrimoniales numérisées de Bordeaux 3,2000000,very_small,partner_page,printed,colour,scholarly,map,1,56.0,70.0,3920,exact,1,1,0,1,0,0,0,1,4,C,partner,0,,0,,,,unknown,,unknown,50.0,3_reference,https://1886.u-bordeaux-montaigne.fr/s/1886/item/168459
oai:u-bordeaux-montaigne.fr:168536,Carte routière de la Tunisie au 1er janvier 1904 / dressée par la Direction générale des travaux publics,2013,21st c.,high,1886 - Collections patrimoniales numérisées de Bordeaux 3,500000,small,partner_page,printed,colour,scholarly,map,1,113.0,86.0,9718,exact,1,1,0,1,0,0,0,1,4,C,partner,0,,0,,,,unknown,,unknown,50.0,3_reference,https://1886.u-bordeaux-montaigne.fr/s/1886/item/168536
oai:u-bordeaux-montaigne.fr:168537,Carte routière de la Tunisie au 1er juillet 1905 / dressée par la Direction générale des travaux publics,2013,21st c.,high,1886 - Collections patrimoniales numérisées de Bordeaux 3,500000,small,partner_page,printed,colour,scholarly,map,1,113.0,86.0,9718,exact,1,1,0,1,0,0,0,1,4,C,partner,0,,0,,,,unknown,,unknown,50.0,3_reference,https://1886.u-bordeaux-montaigne.fr/s/1886/item/168537
btv1b8595365q,Carthaginis celeberrimi sinus typus,1535,16th c.,high,Gallica,,unknown,none,unknown,unknown,unknown,other,1,14.5,23.0,334,exact,0,0,0,1,1,1,1,1,5,B,bnf,1,1,1,3822,2436,9.3,low,422,standard,49.2,2_contextual,https://gallica.bnf.fr/ark:/12148/btv1b8595365q
btv1b85953612,Africa olim Aphrodisium,1600,17th c.,high,Gallica,,unknown,none,unknown,unknown,unknown,other,1,21.5,23.5,505,exact,0,0,0,1,1,1,1,1,5,B,bnf,1,2,1,3960,3472,13.7,low,428,standard,49.2,2_contextual,https://gallica.bnf.fr/ark:/12148/btv1b85953612
btv1b8595363w,Monasten ; Insulae Comigas alias Coriae,1600,17th c.,high,Gallica,,unknown,none,unknown,unknown,unknown,other,1,10.0,23.0,230,exact,0,0,0,1,1,1,1,1,5,B,bnf,1,2,1,3720,1737,6.5,low,411,standard,49.2,2_contextual,https://gallica.bnf.fr/ark:/12148/btv1b8595363w
btv1b85953419,Royaume de Tunis,1600,17th c.,high,Gallica,,unknown,none,unknown,unknown,unknown,other,1,18.5,26.0,481,exact,0,0,0,1,1,1,1,1,5,B,bnf,1,1,1,4764,3469,16.5,low,465,high,49.2,2_contextual,https://gallica.bnf.fr/ark:/12148/btv1b85953419
btv1b8595362g,"Cartaginis sive potius Tunetani, celeberrimi sinus nec non fortalitis Golettae typus quamvis deleti",1602,17th c.,high,Gallica,,unknown,none,unknown,unknown,unknown,other,1,19.0,25.5,484,exact,0,0,0,1,1,1,1,1,5,B,bnf,1,1,1,3911,2672,10.5,low,390,standard,49.2,2_contextual,https://gallica.bnf.fr/ark:/12148/btv1b8595362g
btv1b530589500,Plan de la bataille de Thapse en Afrique gagnée par Jule César contre Q. Scipion et le roy Juba l'an de Rome 707,1732,18th c.,high,Gallica,,unknown,none,unknown,unknown,unknown,map,1,36.0,24.7,889,exact,0,0,0,1,1,1,1,1,5,B,bnf,1,1,1,4904,3280,16.1,low,346,standard,49.2,2_contextual,https://gallica.bnf.fr/ark:/12148/btv1b530589500
btv1b53235465n,"[Carte du golfe de la Syrte, de Bengasi au cap Mezurat]",1740,18th c.,high,Gallica,,unknown,none,manuscript,unknown,unknown,map,1,27.5,39.5,1086,exact,0,0,0,1,1,1,1,1,5,B,bnf,1,1,1,4888,3332,16.3,low,314,standard,49.2,2_contextual,https://gallica.bnf.fr/ark:/12148/btv1b53235465n
btv1b53237545w,Idée du port de Lampedouze,,18th c.,medium,Gallica,,unknown,none,manuscript,colour,unknown,map,1,,,,century,0,0,0,1,1,1,1,0,4,C,bnf,1,2,1,6071,4020,24.4,medium,,unknown,48.3,2_contextual,https://gallica.bnf.fr/ark:/12148/btv1b53237545w
btv1b53237542j,La Goulette,,18th c.,high,Gallica,,unknown,none,manuscript,colour,unknown,map,1,24.0,30.0,720,century,0,0,0,1,1,1,1,0,4,C,bnf,1,2,1,5071,3894,19.7,low,429,standard,48.3,2_contextual,https://gallica.bnf.fr/ark:/12148/btv1b53237542j
oai:bibliotheques-specialisees.paris.fr:ark:/73873/pf0000852506,Plans parcellaires avec du quartier de la place Royale et du quartier de l'Odéon à la fin du 18e siècle],1760,18th c.,unverified,Bibliothèques spécialisées de la Ville de Paris,,unknown,none,manuscript,unknown,commercial,map,2,192.0,51.0,9792,exact,1,1,0,1,1,1,0,1,6,B,partner,0,,1,,,,unknown,,unknown,48.3,3_reference,https://bibliotheques-specialisees.paris.fr/ark:/73873/pf0000852506
oai:bibliotheque-numerique.icp.fr:1:16101,Vilayet de Monastir : Carte des écoles chrétiennes : [La questione rumeliota carta N° 3],1908,20th c.,low,Institut catholique de Paris,,unknown,none,printed,colour,commercial,other,1,52.0,49.0,2548,exact,1,1,0,1,1,0,0,1,5,B,partner,0,,1,,,,unknown,,unknown,47.5,3_reference,https://bibliotheque-numerique.icp.fr/idurl/1/16101
oai:bibliotheque-numerique.icp.fr:1:16110,"Afrique chrétienne : évêchés antiques et ruines. 1, Tunisie (proconsulaire et Byzacène)",1912,20th c.,high,Institut catholique de Paris,,unknown,none,printed,colour,commercial,other,1,57.0,45.0,2565,exact,1,1,0,1,1,0,0,1,5,B,partner,0,,1,,,,unknown,,unknown,47.5,3_reference,https://bibliotheque-numerique.icp.fr/idurl/1/16110
btv1b10841751m,"La production minière et l'énergie en 1950 par Jacques Bertin : [Carte de l'activité minière d'une partie du Maroc, de l'Algérie et de la Tunisie] / Jacques Bertin",,20th c.,high,Gallica,,unknown,none,manuscript,unknown,unknown,map,1,,,,century,1,0,0,1,1,1,1,0,5,B,bnf,1,1,0,9284,7160,66.5,high,,unknown,47.5,2_contextual,https://gallica.bnf.fr/ark:/12148/btv1b10841751m
oai:bibliotheques-specialisees.paris.fr:ark:/73873/pf0001954215,Tunisie au 500 000|e] : Feuille 2,,,high,Bibliothèques spécialisées de la Ville de Paris,,unknown,none,printed,colour,military_survey,map,,76.0,105.0,7980,none,1,1,0,1,1,1,0,0,5,B,partner,0,,1,,,,unknown,,unknown,47.5,3_reference,https://bibliotheques-specialisees.paris.fr/ark:/73873/pf0001954215
btv1b55013766v,"[L'Affrique, en plusieurs cartes nouvelles, et exactes, &c. en divers traitez de geographie, et d'histoire. Là où sont descrits succinctement, & avec une belle methode, & facile. ses empires, ses monarchies, ses estats, &c les moeurs, les langues, les religions, le negoce et la richesse de ses peuples, &c. Et ce qu'il y a de plus beau & de plus rare dans toutes ses parties, & dans ses isles. Par le S. Sanson d'Abbeville, Geographe ordinaire du roy]",1706,18th c.,unverified,Gallica,,unknown,none,printed,unknown,unknown,atlas,,,,,exact,1,0,0,1,1,1,1,1,6,B,bnf,1,159,1,3189,4190,13.4,low,,unknown,46.7,2_contextual,https://gallica.bnf.fr/ark:/12148/btv1b55013766v
oai:u-bordeaux-montaigne.fr:245412,Méditerranée. Côtes de Sicile et de la régence de Tunis : 1871,1888,19th c.,high,1886 - Collections patrimoniales numérisées de Bordeaux 3,744000,small,catalogue,printed,unknown,hydrographic,map,1,63.0,92.0,5796,exact,0,1,1,1,0,0,0,1,4,C,partner,0,,0,,,,unknown,,unknown,46.7,3_reference,https://1886.u-bordeaux-montaigne.fr/s/1886/item/245412
oai:u-bordeaux-montaigne.fr:168525,"Carte de la Régence de Tunis / dressée au Dépôt de la Guerre ; d'après les observations et les reconnaissances de Mr. Falbe,... de Mr. Pricot Ste. Marie,... et d'après les renseignements recueillis par eux ; gravée sur pierre par Erhard Schieble",2013,21st c.,high,1886 - Collections patrimoniales numérisées de Bordeaux 3,400000,small,partner_page,printed,unknown,scholarly,map,1,75.0,106.0,7950,exact,1,1,0,1,0,0,0,1,4,C,partner,0,,0,,,,unknown,,unknown,46.7,3_reference,https://1886.u-bordeaux-montaigne.fr/s/1886/item/168525
oai:u-bordeaux-montaigne.fr:168524,"Carte de la Régence de Tunis / dressée au Dépôt de la Guerre ; d'après les observations et les reconnaissances de Mr. Falbe,... de Mr. Pricot Ste. Marie,... et d'après les renseignements recueillis par eux ; gravée sur pierre par Erhard Schieble",2013,21st c.,high,1886 - Collections patrimoniales numérisées de Bordeaux 3,400000,small,partner_page,printed,unknown,scholarly,map,1,75.0,106.0,7950,exact,1,1,0,1,0,0,0,1,4,C,partner,0,,0,,,,unknown,,unknown,46.7,3_reference,https://1886.u-bordeaux-montaigne.fr/s/1886/item/168524
btv1b10850772v,Plan de la rade de Bizerty. Ms. 18e siècle,,18th c.,high,Gallica,,unknown,none,unknown,unknown,unknown,map,,,,,century,0,0,0,0,1,1,1,0,3,C,bnf,1,2,1,6068,8387,50.9,high,,unknown,45.8,2_contextual,https://gallica.bnf.fr/ark:/12148/btv1b10850772v
btv1b10850767p,Plan de la rade de Portofarine. Ms.,,18th c.,high,Gallica,,unknown,none,unknown,unknown,unknown,map,,,,,century,0,0,0,0,1,1,1,0,3,C,bnf,1,2,1,6068,8387,50.9,high,,unknown,45.8,2_contextual,https://gallica.bnf.fr/ark:/12148/btv1b10850767p
oai:u-bordeaux-montaigne.fr:340371,"Tunisie Flle. N° VII.B 0-C 36, Porto-Farina / dressé, gravé et publié par Service géographique de l'armée (Révision de 1902)",1902,20th c.,high,1886 - Collections patrimoniales numérisées de Bordeaux 3,50000,medium,partner_page,printed,colour,military_survey,map,1,56.0,76.0,4256,exact,0,1,0,1,0,0,0,1,3,C,partner,0,,0,,,,unknown,,unknown,45.8,3_reference,https://1886.u-bordeaux-montaigne.fr/s/1886/item/340371
oai:u-bordeaux-montaigne.fr:340388,"Tunisie Flle. N° XIII-B1-C36, El Ariana / dressé, gravé et publié par le Service géographique de l'armée (révision de 1902)",1902,20th c.,high,1886 - Collections patrimoniales numérisées de Bordeaux 3,50000,medium,partner_page,printed,colour,military_survey,map,1,58.0,70.0,4060,exact,0,1,0,1,0,0,0,1,3,C,partner,0,,0,,,,unknown,,unknown,45.8,3_reference,https://1886.u-bordeaux-montaigne.fr/s/1886/item/340388
oai:u-bordeaux-montaigne.fr:340390,"Tunisie Flle. N° XIV-B 1-C 37, La Marsa / dressé, gravé et publié par Service géographique de l'armée (révision de 1902)",1902,20th c.,high,1886 - Collections patrimoniales numérisées de Bordeaux 3,50000,medium,partner_page,printed,colour,military_survey,map,1,56.0,76.0,4256,exact,0,1,0,1,0,0,0,1,3,C,partner,0,,0,,,,unknown,,unknown,45.8,3_reference,https://1886.u-bordeaux-montaigne.fr/s/1886/item/340390
oai:u-bordeaux-montaigne.fr:340396,"Tunisie Flle. N° XX-B2-C36, Tunis / dressé, gravé et publié par le Service géographique de l'Armée (révision de 1902)",1902,20th c.,high,1886 - Collections patrimoniales numérisées de Bordeaux 3,50000,medium,partner_page,printed,colour,military_survey,map,1,52.0,73.0,3796,exact,0,1,0,1,0,0,0,1,3,C,partner,0,,0,,,,unknown,,unknown,45.8,3_reference,https://1886.u-bordeaux-montaigne.fr/s/1886/item/340396
oai:u-bordeaux-montaigne.fr:340408,"Tunisie Flle. N° XXI-B2-C37, La Goulette / dressé, gravé et publié par le Service géographique de l'Armée (révision de 1902)",1902,20th c.,high,1886 - Collections patrimoniales numérisées de Bordeaux 3,50,large,partner_page,printed,colour,military_survey,map,1,58.0,71.0,4118,exact,0,1,0,1,0,0,0,1,3,C,partner,0,,0,,,,unknown,,unknown,45.8,3_reference,https://1886.u-bordeaux-montaigne.fr/s/1886/item/340408
oai:u-bordeaux-montaigne.fr:219021,"Nouvelle carte de France, Belgique, Bords du Rhin, Suisse, etc...",1913,20th c.,medium,1886 - Collections patrimoniales numérisées de Bordeaux 3,1250000,very_small,partner_page,printed,colour,commercial,map,1,87.0,104.0,9048,exact,0,1,0,1,0,0,0,1,3,C,partner,0,,0,,,,unknown,,unknown,45.8,3_reference,https://1886.u-bordeaux-montaigne.fr/s/1886/item/219021
oai:u-bordeaux-montaigne.fr:219020,"Nouvelle carte de France, Belgique, Bords du Rhin, Suisse, etc...",1913,20th c.,medium,1886 - Collections patrimoniales numérisées de Bordeaux 3,1250000,very_small,partner_page,printed,colour,commercial,map,1,87.0,104.0,9048,exact,0,1,0,1,0,0,0,1,3,C,partner,0,,0,,,,unknown,,unknown,45.8,3_reference,https://1886.u-bordeaux-montaigne.fr/s/1886/item/219020
oai:u-bordeaux-montaigne.fr:245789,"Carte de France : départements & chemins-de-fer, Belgique, bords du Rhin, Suisse, etc",,20th c.,medium,1886 - Collections patrimoniales numérisées de Bordeaux 3,1265000,very_small,partner_page,printed,colour,commercial,map,1,88.0,90.0,7920,decade,0,1,0,1,1,0,0,0,3,C,partner,0,,0,,,,unknown,,unknown,45.8,3_reference,https://1886.u-bordeaux-montaigne.fr/s/1886/item/245789
oai:u-bordeaux-montaigne.fr:340367,"Tunisie Flle. N° IV-B0-C33, Cap Negro / dressé, héliogravé et publié par le Service géographique de l'Armée (complété en 1922)",1922,20th c.,high,1886 - Collections patrimoniales numérisées de Bordeaux 3,50000,medium,partner_page,printed,colour,civil_survey,map,1,53.0,76.0,4028,exact,0,1,0,1,0,0,0,1,3,C,partner,0,,0,,,,unknown,,unknown,45.8,3_reference,https://1886.u-bordeaux-montaigne.fr/s/1886/item/340367
oai:u-bordeaux-montaigne.fr:340374,"Tunisie Flle. N° X-B1-C33, Nefza / dressé, héliogravé et publié par le Service Géographique de l'Armée (complété en 1922)",1922,20th c.,high,1886 - Collections patrimoniales numérisées de Bordeaux 3,50000,medium,partner_page,printed,colour,military_survey,map,1,57.0,76.0,4332,exact,0,1,0,1,0,0,0,1,3,C,partner,0,,0,,,,unknown,,unknown,45.8,3_reference,https://1886.u-bordeaux-montaigne.fr/s/1886/item/340374
oai:u-bordeaux-montaigne.fr:340436,"Tunisie Flle. N° XL-B5-C34, Gafour / dressé, héliogravé et publié par le Service géographique de l'Armée, en 1922",1922,20th c.,high,1886 - Collections patrimoniales numérisées de Bordeaux 3,50000,medium,partner_page,printed,colour,civil_survey,map,1,43.0,66.0,2838,exact,0,1,0,1,0,0,0,1,3,C,partner,0,,0,,,,unknown,,unknown,45.8,3_reference,https://1886.u-bordeaux-montaigne.fr/s/1886/item/340436
oai:u-bordeaux-montaigne.fr:340470,"Tunisie Flle. N° LI-B7-C32, Tadjerouine / dressé, héliogravé et publié par le Service Géographique de l'Armée en 1923 (révision partielle de 1923)",1923,20th c.,high,1886 - Collections patrimoniales numérisées de Bordeaux 3,50000,medium,partner_page,printed,colour,civil_survey,map,1,79.0,57.0,4503,exact,0,1,0,1,0,0,0,1,3,C,partner,0,,0,,,,unknown,,unknown,45.8,3_reference,https://1886.u-bordeaux-montaigne.fr/s/1886/item/340470
oai:u-bordeaux-montaigne.fr:340475,"Tunisie Flle. N° LVI-B7-C37, Sebkra Kelbia / dressé, gravé et publié par le Service géographique de l'Armée (complété en 1923)",1923,20th c.,high,1886 - Collections patrimoniales numérisées de Bordeaux 3,50000,medium,partner_page,printed,colour,civil_survey,map,1,57.0,76.0,4332,exact,0,1,0,1,0,0,0,1,3,C,partner,0,,0,,,,unknown,,unknown,45.8,3_reference,https://1886.u-bordeaux-montaigne.fr/s/1886/item/340475
oai:u-bordeaux-montaigne.fr:340493,"Tunisie Flle. N° LXIV-B8-C37, Sidi El Hani / dressé, héliogravé et publié par le Service géographique de l'Armée (Complété en 1923)",1923,20th c.,high,1886 - Collections patrimoniales numérisées de Bordeaux 3,50000,medium,partner_page,printed,colour,civil_survey,map,1,57.0,76.0,4332,exact,0,1,0,1,0,0,0,1,3,C,partner,0,,0,,,,unknown,,unknown,45.8,3_reference,https://1886.u-bordeaux-montaigne.fr/s/1886/item/340493
oai:u-bordeaux-montaigne.fr:340428,"Tunisie Flle. N° XXXII-B4-C33, Souk el Arba / dressé, héliogravé et publié par le Service géographique de l'Armée (complété en 1923)",1923,20th c.,high,1886 - Collections patrimoniales numérisées de Bordeaux 3,50000,medium,partner_page,printed,colour,civil_survey,map,1,43.0,66.0,2838,exact,0,1,0,1,0,0,0,1,3,C,partner,0,,0,,,,unknown,,unknown,45.8,3_reference,https://1886.u-bordeaux-montaigne.fr/s/1886/item/340428
oai:u-bordeaux-montaigne.fr:340435,"Tunisie Flle. N° XXXIX-B5-C33, Nebeur / dessiné, héliogravé et publié par le Service géographique de l'Armée en 1924",1924,20th c.,high,1886 - Collections patrimoniales numérisées de Bordeaux 3,50000,medium,partner_page,printed,colour,civil_survey,map,1,57.0,76.0,4332,exact,0,1,0,1,0,0,0,1,3,C,partner,0,,0,,,,unknown,,unknown,45.8,3_reference,https://1886.u-bordeaux-montaigne.fr/s/1886/item/340435
oai:u-bordeaux-montaigne.fr:340451,"Tunisie Flle N° XLIV-B6-C32, Le Kef / dessiné, héliogravé et publié par le Service géographique de l'Armée en 1924 (complété en 1925)",1925,20th c.,high,1886 - Collections patrimoniales numérisées de Bordeaux 3,50000,medium,partner_page,printed,colour,civil_survey,map,1,43.0,67.0,2881,exact,0,1,0,1,0,0,0,1,3,C,partner,0,,0,,,,unknown,,unknown,45.8,3_reference,https://1886.u-bordeaux-montaigne.fr/s/1886/item/340451
oai:u-bordeaux-montaigne.fr:340471,"Tunisie Flle. N° LII-B1-C33, Ebba Ksour / dressé, héliogravé et publié par le Service géographique de l'Armée en 1925",1925,20th c.,high,1886 - Collections patrimoniales numérisées de Bordeaux 3,50000,medium,partner_page,printed,colour,civil_survey,map,1,57.0,76.0,4332,exact,0,1,0,1,0,0,0,1,3,C,partner,0,,0,,,,unknown,,unknown,45.8,3_reference,https://1886.u-bordeaux-montaigne.fr/s/1886/item/340471
oai:u-bordeaux-montaigne.fr:340494,"Tunisie Flle. N° LXV-B8-C38, Djemmal / dressé, héliogravé et publié par le Service géographique de l'Armée (complété en 1925)",1925,20th c.,high,1886 - Collections patrimoniales numérisées de Bordeaux 3,50000,medium,partner_page,printed,colour,civil_survey,map,1,50.0,73.0,3650,exact,0,1,0,1,0,0,0,1,3,C,partner,0,,0,,,,unknown,,unknown,45.8,3_reference,https://1886.u-bordeaux-montaigne.fr/s/1886/item/340494
oai:u-bordeaux-montaigne.fr:340530,"Tunisie Flle. N° LXXXII-B10-C39, Chebba / dressé, héliogravé et publié par le Service géographique de l'Armée (complété en 1925)",1925,20th c.,high,1886 - Collections patrimoniales numérisées de Bordeaux 3,50000,medium,partner_page,printed,colour,military_survey,map,1,43.0,66.0,2838,exact,0,1,0,1,0,0,0,1,3,C,partner,0,,0,,,,unknown,,unknown,45.8,3_reference,https://1886.u-bordeaux-montaigne.fr/s/1886/item/340530
oai:u-bordeaux-montaigne.fr:340488,"Tunisie Flle. N° LIX-B8-C32, Kalaat es Senam / dressé, héliogravé et publié par le Service géographique de l'Armée en 1926",1926,20th c.,high,1886 - Collections patrimoniales numérisées de Bordeaux 3,50000,medium,partner_page,printed,colour,civil_survey,map,1,43.0,66.0,2838,exact,0,1,0,1,0,0,0,1,3,C,partner,0,,0,,,,unknown,,unknown,45.8,3_reference,https://1886.u-bordeaux-montaigne.fr/s/1886/item/340488
oai:u-bordeaux-montaigne.fr:340492,"Tunisie Flle. N° LXIII-B8-C36, Kairouan / dressé, héliogravé et publié par le Service géographique de l'Armée (complété en 1927)",1927,20th c.,high,1886 - Collections patrimoniales numérisées de Bordeaux 3,50000,medium,partner_page,printed,colour,civil_survey,map,1,43.0,66.0,2838,exact,0,1,0,1,0,0,0,1,3,C,partner,0,,0,,,,unknown,,unknown,45.8,3_reference,https://1886.u-bordeaux-montaigne.fr/s/1886/item/340492
oai:u-bordeaux-montaigne.fr:340496,"Tunisie Flle. N° LXVII-B9-C32, Thala / dressé, héliogravé et publié par Service géographique de l'armée en 1927",1927,20th c.,high,1886 - Collections patrimoniales numérisées de Bordeaux 3,50000,medium,partner_page,printed,colour,military_survey,map,1,56.0,76.0,4256,exact,0,1,0,1,0,0,0,1,3,C,partner,0,,0,,,,unknown,,unknown,45.8,3_reference,https://1886.u-bordeaux-montaigne.fr/s/1886/item/340496
oai:u-bordeaux-montaigne.fr:340510,"Tunisie Flle. N° LXXI-B9-C36, Pavillier / dressé, héliogravé et publié par le Service géographique de l'Armée en 1923 (révision partielle en 1927)",1927,20th c.,high,1886 - Collections patrimoniales numérisées de Bordeaux 3,50000,medium,partner_page,printed,colour,civil_survey,map,1,43.0,66.0,2838,exact,0,1,0,1,0,0,0,1,3,C,partner,0,,0,,,,unknown,,unknown,45.8,3_reference,https://1886.u-bordeaux-montaigne.fr/s/1886/item/340510
oai:u-bordeaux-montaigne.fr:340472,"Tunisie Flle. N° LIII-B7-C34, Maktar / dressé, héliogravé et publié par le Service géographique de l'Armée en 1928",1928,20th c.,high,1886 - Collections patrimoniales numérisées de Bordeaux 3,50000,medium,partner_page,printed,colour,military_survey,map,1,57.0,76.0,4332,exact,0,1,0,1,0,0,0,1,3,C,partner,0,,0,,,,unknown,,unknown,45.8,3_reference,https://1886.u-bordeaux-montaigne.fr/s/1886/item/340472
oai:u-bordeaux-montaigne.fr:340489,"Tunisie Flle. N° LX-B8-C33, Aïn El Kseïba / dressé héliogravé et publié par le Service géographique de l'armée en 1928",1928,20th c.,high,1886 - Collections patrimoniales numérisées de Bordeaux 3,50000,medium,partner_page,printed,colour,military_survey,map,1,56.0,76.0,4256,exact,0,1,0,1,0,0,0,1,3,C,partner,0,,0,,,,unknown,,unknown,45.8,3_reference,https://1886.u-bordeaux-montaigne.fr/s/1886/item/340489
oai:u-bordeaux-montaigne.fr:340491,"Tunisie Flle. N° LXII-B8-C35, Pichon / dressé, héliogravé et publié par le Service géographique de l'Armée en 1928",1928,20th c.,high,1886 - Collections patrimoniales numérisées de Bordeaux 3,50000,medium,partner_page,printed,colour,civil_survey,map,1,43.0,66.0,2838,exact,0,1,0,1,0,0,0,1,3,C,partner,0,,0,,,,unknown,,unknown,45.8,3_reference,https://1886.u-bordeaux-montaigne.fr/s/1886/item/340491
oai:u-bordeaux-montaigne.fr:340508,"Tunisie Flle. N° LXIX-B9-C34, Sbiba / dressé, héliogravé et publié par le Service Géographique de l'Armée en 1928",1928,20th c.,high,1886 - Collections patrimoniales numérisées de Bordeaux 3,50000,medium,partner_page,printed,colour,civil_survey,map,1,57.0,76.0,4332,exact,0,1,0,1,0,0,0,1,3,C,partner,0,,0,,,,unknown,,unknown,45.8,3_reference,https://1886.u-bordeaux-montaigne.fr/s/1886/item/340508
oai:u-bordeaux-montaigne.fr:340507,"Tunisie Flle. N° LXVIII-B9-C33, Ksar Tlili / dressé, héliogravé et publié par le Service Géographique de l'Armée en 1928",1928,20th c.,high,1886 - Collections patrimoniales numérisées de Bordeaux 3,50000,medium,partner_page,printed,colour,civil_survey,map,1,57.0,76.0,4332,exact,0,1,0,1,0,0,0,1,3,C,partner,0,,0,,,,unknown,,unknown,45.8,3_reference,https://1886.u-bordeaux-montaigne.fr/s/1886/item/340507
oai:u-bordeaux-montaigne.fr:340427,"Tunisie Flle. N° XXXI-B4-C32, Ghardimaou / dressé, héliogravé et publié par le service géographique de l'Armée (complété en 1928)",1928,20th c.,high,1886 - Collections patrimoniales numérisées de Bordeaux 3,50000,medium,partner_page,printed,colour,civil_survey,map,1,57.0,76.0,4332,exact,0,1,0,1,0,0,0,1,3,C,partner,0,,0,,,,unknown,,unknown,45.8,3_reference,https://1886.u-bordeaux-montaigne.fr/s/1886/item/340427
oai:u-bordeaux-montaigne.fr:340490,"Tunisie Flle. N° LXI-B8-C34, Rohia-Dj. Barbrou / dressé, héliogravé et publié par le Service géographique de l'Armée en 1929",1929,20th c.,high,1886 - Collections patrimoniales numérisées de Bordeaux 3,50000,medium,partner_page,printed,colour,civil_survey,map,1,57.0,76.0,4332,exact,0,1,0,1,0,0,0,1,3,C,partner,0,,0,,,,unknown,,unknown,45.8,3_reference,https://1886.u-bordeaux-montaigne.fr/s/1886/item/340490
oai:u-bordeaux-montaigne.fr:340509,"Tunisie Flle. N° LXX-B9-C35, Djebel Trozza / dessiné, héliogravé et publié par le Service Géographique de l'Armée en 1929",1929,20th c.,high,1886 - Collections patrimoniales numérisées de Bordeaux 3,50000,medium,partner_page,printed,colour,military_survey,map,1,57.0,76.0,4332,exact,0,1,0,1,0,0,0,1,3,C,partner,0,,0,,,,unknown,,unknown,45.8,3_reference,https://1886.u-bordeaux-montaigne.fr/s/1886/item/340509
oai:u-bordeaux-montaigne.fr:340452,"Tunisie Flle. N° XLV-B6-C33, Les Salines / dressé,héliogravé et publié par le Service géographique de l'Armée en 1924 (révision partielle de 1925), complété en 1929",1929,20th c.,high,1886 - Collections patrimoniales numérisées de Bordeaux 3,50000,medium,partner_page,printed,colour,civil_survey,map,1,43.0,66.0,2838,exact,0,1,0,1,0,0,0,1,3,C,partner,0,,0,,,,unknown,,unknown,45.8,3_reference,https://1886.u-bordeaux-montaigne.fr/s/1886/item/340452
oai:u-bordeaux-montaigne.fr:340513,"Tunisie Flle. N° LXXV-B10-C32, Djebel Bireno / dressé, heliogravé et publié par le Service géographique de l'armée en 1930",1930,20th c.,high,1886 - Collections patrimoniales numérisées de Bordeaux 3,50000,medium,partner_page,printed,colour,military_survey,map,1,53.0,74.0,3922,exact,0,1,0,1,0,0,0,1,3,C,partner,0,,0,,,,unknown,,unknown,45.8,3_reference,https://1886.u-bordeaux-montaigne.fr/s/1886/item/340513
oai:u-bordeaux-montaigne.fr:340514,"Tunisie Flle. N° LXXVI-B10-C33, Djebel Semmama / dressé, héliogravé et publié au Service Géographique de l'Armée en 1930",1930,20th c.,high,1886 - Collections patrimoniales numérisées de Bordeaux 3,50000,medium,partner_page,printed,colour,civil_survey,map,1,79.0,57.0,4503,exact,0,1,0,1,0,0,0,1,3,C,partner,0,,0,,,,unknown,,unknown,45.8,3_reference,https://1886.u-bordeaux-montaigne.fr/s/1886/item/340514
oai:u-bordeaux-montaigne.fr:340447,"Tunisie Flle. N° XLI-B5-C35, Djebel Mansour / dessiné, héliogravé et publié par le Service géographique de l'Armée en 1923 (révisé en 1930)",1930,20th c.,high,1886 - Collections patrimoniales numérisées de Bordeaux 3,50000,medium,partner_page,printed,colour,civil_survey,map,1,57.0,76.0,4332,exact,0,1,0,1,0,0,0,1,3,C,partner,0,,0,,,,unknown,,unknown,45.8,3_reference,https://1886.u-bordeaux-montaigne.fr/s/1886/item/340447
oai:u-bordeaux-montaigne.fr:340448,"Tunisie Flle. N° XLII-B5-C36, Djebel Fkirine / dressé, gravé et publié par Service géographique de l'armée (révisé en 1930)",1930,20th c.,high,1886 - Collections patrimoniales numérisées de Bordeaux 3,50000,medium,partner_page,printed,colour,military_survey,map,1,56.0,76.0,4256,exact,0,1,0,1,0,0,0,1,3,C,partner,0,,0,,,,unknown,,unknown,45.8,3_reference,https://1886.u-bordeaux-montaigne.fr/s/1886/item/340448
oai:u-bordeaux-montaigne.fr:340449,"Tunisie Flle. N° XLIII-B5-C37, Enfidaville / dressé, gravé et publié par le Service géographique de l'Armée (révision de 1930)",1930,20th c.,high,1886 - Collections patrimoniales numérisées de Bordeaux 3,50000,medium,partner_page,printed,colour,military_survey,map,1,43.0,66.0,2838,exact,0,1,0,1,0,0,0,1,3,C,partner,0,,0,,,,unknown,,unknown,45.8,3_reference,https://1886.u-bordeaux-montaigne.fr/s/1886/item/340449
oai:u-bordeaux-montaigne.fr:340430,"Tunisie Flle. N° XXXIV-B4-C35, Bou Arada / dressé, héliogravé et publié par le Service géographique de l'Armée (révisé en 1930)",1930,20th c.,high,1886 - Collections patrimoniales numérisées de Bordeaux 3,50000,medium,partner_page,printed,colour,military_survey,map,1,57.0,76.0,4332,exact,0,1,0,1,0,0,0,1,3,C,partner,0,,0,,,,unknown,,unknown,45.8,3_reference,https://1886.u-bordeaux-montaigne.fr/s/1886/item/340430
oai:u-bordeaux-montaigne.fr:340352,"Carte géologique [de la Tunisie] / Régence de Tunis, Direction générale des travaux publics ; dressé par M. Solignac, ...",1931,20th c.,high,1886 - Collections patrimoniales numérisées de Bordeaux 3,500000,small,partner_page,printed,colour,commercial,map,1,76.0,107.0,8132,exact,0,1,0,1,0,0,0,1,3,C,partner,0,,0,,,,unknown,,unknown,45.8,3_reference,https://1886.u-bordeaux-montaigne.fr/s/1886/item/340352
oai:u-bordeaux-montaigne.fr:340351,"Carte géologique [de la Tunisie] / Régence de Tunis, Direction générale des travaux publics ; dressé par M. Solignac, ...",1931,20th c.,high,1886 - Collections patrimoniales numérisées de Bordeaux 3,500000,small,partner_page,printed,colour,commercial,map,1,76.0,107.0,8132,exact,0,1,0,1,0,0,0,1,3,C,partner,0,,0,,,,unknown,,unknown,45.8,3_reference,https://1886.u-bordeaux-montaigne.fr/s/1886/item/340351
oai:u-bordeaux-montaigne.fr:340353,"Carte géologique [de la Tunisie] / Régence de Tunis, Direction générale des travaux publics ; dressé par M. Solignac, ...",1931,20th c.,high,1886 - Collections patrimoniales numérisées de Bordeaux 3,500000,small,partner_page,printed,colour,commercial,map,1,76.0,107.0,8132,exact,0,1,0,1,0,0,0,1,3,C,partner,0,,0,,,,unknown,,unknown,45.8,3_reference,https://1886.u-bordeaux-montaigne.fr/s/1886/item/340353
oai:u-bordeaux-montaigne.fr:340412,"Tunisie Feuille n° XXVI-B3-C34, Oued-Zarga / dressé, héliogravé et publié par le service géographique de l'Armée (complété en 1931)",1931,20th c.,high,1886 - Collections patrimoniales numérisées de Bordeaux 3,50000,medium,partner_page,printed,colour,civil_survey,map,1,57.0,76.0,4332,exact,0,1,0,1,0,0,0,1,3,C,partner,0,,0,,,,unknown,,unknown,45.8,3_reference,https://1886.u-bordeaux-montaigne.fr/s/1886/item/340412
oai:u-bordeaux-montaigne.fr:340468,"Tunisie Flle. N° L-B6-C38, Halk El Mennzel / dressé, gravé et publié par Service géographique de l'armée (complété en 1931)",1931,20th c.,high,1886 - Collections patrimoniales numérisées de Bordeaux 3,50000,medium,partner_page,printed,colour,military_survey,map,1,56.0,76.0,4256,exact,0,1,0,1,0,0,0,1,3,C,partner,0,,0,,,,unknown,,unknown,45.8,3_reference,https://1886.u-bordeaux-montaigne.fr/s/1886/item/340468
oai:u-bordeaux-montaigne.fr:340474,"Tunisie Flle. N° LV-B6-C37, Aïne Djeloula / dressé, héliogravé et publié par le Service géographique de l'Armée (complété en 1931)",1931,20th c.,high,1886 - Collections patrimoniales numérisées de Bordeaux 3,50000,medium,partner_page,printed,colour,civil_survey,map,1,57.0,76.0,4332,exact,0,1,0,1,0,0,0,1,3,C,partner,0,,0,,,,unknown,,unknown,45.8,3_reference,https://1886.u-bordeaux-montaigne.fr/s/1886/item/340474
oai:u-bordeaux-montaigne.fr:340476,"Tunisie Flle. N° LVII-B7-C38, Sousse / dressé, héliogravé et publié par le Service géographique de l'Armée (complété en 1931)",1931,20th c.,high,1886 - Collections patrimoniales numérisées de Bordeaux 3,50000,medium,partner_page,printed,colour,civil_survey,map,1,50.0,72.0,3600,exact,0,1,0,1,0,0,0,1,3,C,partner,0,,0,,,,unknown,,unknown,45.8,3_reference,https://1886.u-bordeaux-montaigne.fr/s/1886/item/340476
oai:u-bordeaux-montaigne.fr:340495,"Tunisie Flle. N° LXVI-B8-C39, Moknine / dressé, héliogravé et publié par le Service Géographique de l'Armée (Complété en 1931)",1931,20th c.,high,1886 - Collections patrimoniales numérisées de Bordeaux 3,50000,medium,partner_page,printed,colour,civil_survey,map,1,57.0,76.0,4332,exact,0,1,0,1,0,0,0,1,3,C,partner,0,,0,,,,unknown,,unknown,45.8,3_reference,https://1886.u-bordeaux-montaigne.fr/s/1886/item/340495
oai:u-bordeaux-montaigne.fr:340455,"Tunisie Flle. N° LXVIII-B6-C36, Djebibina / dressé, héliogravé et publié par le Service géographique de l'armée (complété en 1931)",1931,20th c.,high,1886 - Collections patrimoniales numérisées de Bordeaux 3,50000,medium,partner_page,printed,colour,military_survey,map,1,56.0,76.0,4256,exact,0,1,0,1,0,0,0,1,3,C,partner,0,,0,,,,unknown,,unknown,45.8,3_reference,https://1886.u-bordeaux-montaigne.fr/s/1886/item/340455
oai:u-bordeaux-montaigne.fr:340511,"Tunisie Flle. N° LXXII-B9-C37, Oued Cherita / dessiné, héliogravé et publié par le Service Géographique de l'Armée en 1922 (Complété en 1931)",1931,20th c.,high,1886 - Collections patrimoniales numérisées de Bordeaux 3,50000,medium,partner_page,printed,colour,civil_survey,map,1,57.0,76.0,4332,exact,0,1,0,1,0,0,0,1,3,C,partner,0,,0,,,,unknown,,unknown,45.8,3_reference,https://1886.u-bordeaux-montaigne.fr/s/1886/item/340511
oai:u-bordeaux-montaigne.fr:340512,"Tunisie Flle. N° LXXIII-B9-C38, Kerker / dessiné, héliogravé et publié par le Service Géographique de l'Armée (Complété en 1931)",1931,20th c.,high,1886 - Collections patrimoniales numérisées de Bordeaux 3,50000,medium,partner_page,printed,colour,military_survey,map,1,57.0,76.0,4332,exact,0,1,0,1,0,0,0,1,3,C,partner,0,,0,,,,unknown,,unknown,45.8,3_reference,https://1886.u-bordeaux-montaigne.fr/s/1886/item/340512
oai:u-bordeaux-montaigne.fr:340529,"Tunisie Flle. N° LXXXI-B10-C38, El Djem / dessiné, héliogravé et publié par le Service Géographique de l'Armée (Complété en 1931)",1931,20th c.,high,1886 - Collections patrimoniales numérisées de Bordeaux 3,50000,medium,partner_page,printed,colour,military_survey,map,1,57.0,76.0,4332,exact,0,1,0,1,0,0,0,1,3,C,partner,0,,0,,,,unknown,,unknown,45.8,3_reference,https://1886.u-bordeaux-montaigne.fr/s/1886/item/340529
oai:u-bordeaux-montaigne.fr:340456,"Tunisie Flle. N° XLIX-B6-C37, Sidi Bou Ali / dressé, gravé et publié par le Service géographique de l'Armée (complété en 1931)",1931,20th c.,high,1886 - Collections patrimoniales numérisées de Bordeaux 3,50000,medium,partner_page,printed,colour,military_survey,map,1,57.0,76.0,4332,exact,0,1,0,1,0,0,0,1,3,C,partner,0,,0,,,,unknown,,unknown,45.8,3_reference,https://1886.u-bordeaux-montaigne.fr/s/1886/item/340456
oai:u-bordeaux-montaigne.fr:340453,"Tunisie Flle. N° XLVI-B6-C34, Siliana / dressé, héliogravé et publié par le Service géographique de l'Armée en 1926 (complété en 1931)",1931,20th c.,high,1886 - Collections patrimoniales numérisées de Bordeaux 3,50000,medium,partner_page,printed,colour,military_survey,map,1,57.0,76.0,4332,exact,0,1,0,1,0,0,0,1,3,C,partner,0,,0,,,,unknown,,unknown,45.8,3_reference,https://1886.u-bordeaux-montaigne.fr/s/1886/item/340453
oai:u-bordeaux-montaigne.fr:340454,"Tunisie Flle. N° XLVII-B6-C35, Djebel Bargou / dessiné, héliogravé et publié par le Service géographique de l'Armée en 1930 (complété en 1931)",1931,20th c.,high,1886 - Collections patrimoniales numérisées de Bordeaux 3,50000,medium,partner_page,printed,colour,military_survey,map,1,57.0,77.0,4389,exact,0,1,0,1,0,0,0,1,3,C,partner,0,,0,,,,unknown,,unknown,45.8,3_reference,https://1886.u-bordeaux-montaigne.fr/s/1886/item/340454
oai:u-bordeaux-montaigne.fr:340413,"Tunisie Flle. N° XXVII-B3-C35, Medjez-el-Bab / dressé, heliogravé et publié par Service géographique de l'armée",1931,20th c.,high,1886 - Collections patrimoniales numérisées de Bordeaux 3,50000,medium,partner_page,printed,colour,military_survey,map,1,56.0,76.0,4256,exact,0,1,0,1,0,0,0,1,3,C,partner,0,,0,,,,unknown,,unknown,45.8,3_reference,https://1886.u-bordeaux-montaigne.fr/s/1886/item/340413
oai:u-bordeaux-montaigne.fr:340433,"Tunisie Flle. N° XXXVII-B4-C38, Hammamet / dressé, gravé et publié par le Service géographique de l'Armée (révision de 1931)",1931,20th c.,high,1886 - Collections patrimoniales numérisées de Bordeaux 3,50000,medium,partner_page,printed,colour,civil_survey,map,1,43.0,66.0,2838,exact,0,1,0,1,0,0,0,1,3,C,partner,0,,0,,,,unknown,,unknown,45.8,3_reference,https://1886.u-bordeaux-montaigne.fr/s/1886/item/340433
oai:u-bordeaux-montaigne.fr:340354,"Tunisie Flle. N°I-B00-C34, Kef Abbed / dressé, héliogravé et publié par le Service géographique de l'Armée (complété en 1931) ; les travaux sur le terrain ont été exécutés par Mr. Vicq [en] 1897",1931,20th c.,high,1886 - Collections patrimoniales numérisées de Bordeaux 3,50000,medium,partner_page,printed,colour,military_survey,map,1,49.0,73.0,3577,exact,0,1,0,1,0,0,0,1,3,C,partner,0,,0,,,,unknown,,unknown,45.8,3_reference,https://1886.u-bordeaux-montaigne.fr/s/1886/item/340354
oai:u-bordeaux-montaigne.fr:340414,"Tunisie Flle. n°XXVIII-B3-C36, Oudna / dressé, gravé et publié par le service géographique de l'Armée (révision de 1931)",1931,20th c.,high,1886 - Collections patrimoniales numérisées de Bordeaux 3,50000,medium,partner_page,printed,colour,military_survey,map,1,57.0,76.0,4332,exact,0,1,0,1,0,0,0,1,3,C,partner,0,,0,,,,unknown,,unknown,45.8,3_reference,https://1886.u-bordeaux-montaigne.fr/s/1886/item/340414
oai:u-bordeaux-montaigne.fr:340473,"Tunisie Flle. N° LIV-B7-C35, Djebel Serdj / dressé, héliogravé et publié par le Service Géographique de l'Armée en 1929 (complété en 1932)",1932,20th c.,high,1886 - Collections patrimoniales numérisées de Bordeaux 3,50000,medium,partner_page,printed,colour,civil_survey,map,1,79.0,57.0,4503,exact,0,1,0,1,0,0,0,1,3,C,partner,0,,0,,,,unknown,,unknown,45.8,3_reference,https://1886.u-bordeaux-montaigne.fr/s/1886/item/340473
oai:u-bordeaux-montaigne.fr:340515,"Tunisie Flle. N° LXXVII-B10-C34, Djebel Mrhila / dessiné, héliogravé et publié par le Service Géographique de l'Armée en 1932",1932,20th c.,high,1886 - Collections patrimoniales numérisées de Bordeaux 3,50000,medium,partner_page,printed,colour,civil_survey,map,1,57.0,76.0,4332,exact,0,1,0,1,0,0,0,1,3,C,partner,0,,0,,,,unknown,,unknown,45.8,3_reference,https://1886.u-bordeaux-montaigne.fr/s/1886/item/340515
oai:u-bordeaux-montaigne.fr:340368,"Tunisie Flle. N° V-B0-C34, Oued Sedjenane / dressé, héliogravé et publié par le Service géographique de l'Armée (complété en 1932)",1932,20th c.,high,1886 - Collections patrimoniales numérisées de Bordeaux 3,50000,medium,partner_page,printed,colour,civil_survey,map,1,57.0,76.0,4332,exact,0,1,0,1,0,0,0,1,3,C,partner,0,,0,,,,unknown,,unknown,45.8,3_reference,https://1886.u-bordeaux-montaigne.fr/s/1886/item/340368
oai:u-bordeaux-montaigne.fr:340372,"Tunisie Flle. N° VIII - B 0 - C 38, Sidi Daoud / dressé, héliogravé et publié par Service géographique de l'armée (révision de 1932)",1932,20th c.,high,1886 - Collections patrimoniales numérisées de Bordeaux 3,50000,medium,partner_page,printed,colour,military_survey,map,1,56.0,76.0,4256,exact,0,1,0,1,0,0,0,1,3,C,partner,0,,0,,,,unknown,,unknown,45.8,3_reference,https://1886.u-bordeaux-montaigne.fr/s/1886/item/340372
oai:u-bordeaux-montaigne.fr:340389,"Tunisie Flle. N° XIV-B 1-C 37, La Marsa / dressé, gravé et publié par Service géographique de l'armée (révision de 1932)",1932,20th c.,high,1886 - Collections patrimoniales numérisées de Bordeaux 3,50000,medium,partner_page,printed,colour,military_survey,map,1,56.0,76.0,4256,exact,0,1,0,1,0,0,0,1,3,C,partner,0,,0,,,,unknown,,unknown,45.8,3_reference,https://1886.u-bordeaux-montaigne.fr/s/1886/item/340389
oai:u-bordeaux-montaigne.fr:340391,"Tunisie Flle. N° XV-B 1-C 38, Tazoghrane / dressé, héliogravé et publié par Service géographique de l'armée (révisé en 1932)",1932,20th c.,high,1886 - Collections patrimoniales numérisées de Bordeaux 3,50000,medium,partner_page,printed,colour,military_survey,map,1,56.0,76.0,4256,exact,0,1,0,1,0,0,0,1,3,C,partner,0,,0,,,,unknown,,unknown,45.8,3_reference,https://1886.u-bordeaux-montaigne.fr/s/1886/item/340391
oai:u-bordeaux-montaigne.fr:340392,"Tunisie Flle. N° XVI-B 1-C 39, Kelibia / dressé, héliogravé et publié par Service géographique de l'armée (révision de 1932)",1932,20th c.,high,1886 - Collections patrimoniales numérisées de Bordeaux 3,50000,medium,partner_page,printed,colour,military_survey,map,1,56.0,76.0,4256,exact,0,1,0,1,0,0,0,1,3,C,partner,0,,0,,,,unknown,,unknown,45.8,3_reference,https://1886.u-bordeaux-montaigne.fr/s/1886/item/340392
oai:u-bordeaux-montaigne.fr:340393,"Tunisie Flle. N° XVIII-B2-C34, Béja / dressé, héliogravé et publié par le Service géographique de l'Armée (révision de 1902) (complété en 1932)",1932,20th c.,high,1886 - Collections patrimoniales numérisées de Bordeaux 3,50000,medium,partner_page,printed,colour,civil_survey,map,1,79.0,57.0,4503,exact,0,1,0,1,0,0,0,1,3,C,partner,0,,0,,,,unknown,,unknown,45.8,3_reference,https://1886.u-bordeaux-montaigne.fr/s/1886/item/340393
oai:u-bordeaux-montaigne.fr:340407,"Tunisie Flle. N° XXI-B2-C37, La Goulette / dressé, gravé et publié par le Service géographique de l'Armée (révision de 1932)",1932,20th c.,high,1886 - Collections patrimoniales numérisées de Bordeaux 3,50000,medium,partner_page,printed,colour,military_survey,map,1,56.0,78.0,4368,exact,0,1,0,1,0,0,0,1,3,C,partner,0,,0,,,,unknown,,unknown,45.8,3_reference,https://1886.u-bordeaux-montaigne.fr/s/1886/item/340407
oai:u-bordeaux-montaigne.fr:340410,"Tunisie Flle. N° XXII-B2-C38, Menzel Bou Zelfa / dressé, heliogravé et publié par le Service géographique de l'armée (révision de 1932)",1932,20th c.,high,1886 - Collections patrimoniales numérisées de Bordeaux 3,50000,medium,partner_page,printed,colour,military_survey,map,1,56.0,78.0,4368,exact,0,1,0,1,0,0,0,1,3,C,partner,0,,0,,,,unknown,,unknown,45.8,3_reference,https://1886.u-bordeaux-montaigne.fr/s/1886/item/340410
oai:u-bordeaux-montaigne.fr:340411,"Tunisie Flle. N° XXIII-B2-C39, Mennzel Heurr / dressé, héliogravé et publié par Service géographique de l'armée en 1896. Révision de 1932",1932,20th c.,high,1886 - Collections patrimoniales numérisées de Bordeaux 3,50000,medium,partner_page,printed,colour,military_survey,map,1,52.0,75.0,3900,exact,0,1,0,1,0,0,0,1,3,C,partner,0,,0,,,,unknown,,unknown,45.8,3_reference,https://1886.u-bordeaux-montaigne.fr/s/1886/item/340411
oai:u-bordeaux-montaigne.fr:340416,"Tunisie Flle. N° XXX-B3-C38, Nabeul / dressé, gravé et publié par Service géographique de l'armée, révision de 1932",1932,20th c.,high,1886 - Collections patrimoniales numérisées de Bordeaux 3,50000,medium,partner_page,printed,colour,military_survey,map,1,56.0,76.0,4256,exact,0,1,0,1,0,0,0,1,3,C,partner,0,,0,,,,unknown,,unknown,45.8,3_reference,https://1886.u-bordeaux-montaigne.fr/s/1886/item/340416
oai:u-bordeaux-montaigne.fr:340429,"Tunisie Flle. N° XXXIII-B4-C34, Teboursouk / dressé, héliogravé et publié par le Service géographique de l'Armée (complété en 1932)",1932,20th c.,high,1886 - Collections patrimoniales numérisées de Bordeaux 3,50000,medium,partner_page,printed,colour,military_survey,map,1,79.0,57.0,4503,exact,0,1,0,1,0,0,0,1,3,C,partner,0,,0,,,,unknown,,unknown,45.8,3_reference,https://1886.u-bordeaux-montaigne.fr/s/1886/item/340429
oai:u-bordeaux-montaigne.fr:340431,"Tunisie Flle. N° XXXV-B4-C36, Zaghouan / dressé, gravé et publié par le Service géographique de l'Armée (révision de 1902), (complétée en 1932)",1932,20th c.,high,1886 - Collections patrimoniales numérisées de Bordeaux 3,50000,medium,partner_page,printed,colour,military_survey,map,1,43.0,66.0,2838,exact,0,1,0,1,0,0,0,1,3,C,partner,0,,0,,,,unknown,,unknown,45.8,3_reference,https://1886.u-bordeaux-montaigne.fr/s/1886/item/340431
oai:u-bordeaux-montaigne.fr:340432,"Tunisie Flle. N° XXXVI-B4-C37, Bou Ficha / Dressé, héliogravé et publié par Service géographique de l'armée, levés de 1893, révisés en 1932 et levés de 1930",1932,20th c.,high,1886 - Collections patrimoniales numérisées de Bordeaux 3,50000,medium,partner_page,printed,colour,military_survey,map,1,56.0,76.0,4256,exact,0,1,0,1,0,0,0,1,3,C,partner,0,,0,,,,unknown,,unknown,45.8,3_reference,https://1886.u-bordeaux-montaigne.fr/s/1886/item/340432
oai:u-bordeaux-montaigne.fr:340375,"Tunisie Flle. N°XI-B1-C34, Hedil / dressé, héliogravé et publié par le Service géographique de l'Armée (complété en 1932)",1932,20th c.,high,1886 - Collections patrimoniales numérisées de Bordeaux 3,50000,medium,partner_page,printed,colour,civil_survey,map,1,43.0,66.0,2838,exact,0,1,0,1,0,0,0,1,3,C,partner,0,,0,,,,unknown,,unknown,45.8,3_reference,https://1886.u-bordeaux-montaigne.fr/s/1886/item/340375
oai:u-bordeaux-montaigne.fr:340415,"Tunisie Flle. n°XXIX-B3-C37, Grombalia / dressé, héliogravé et publié par le service géographique de l'Armée (complété en 1932)",1932,20th c.,high,1886 - Collections patrimoniales numérisées de Bordeaux 3,50000,medium,partner_page,printed,colour,military_survey,map,1,57.0,76.0,4332,exact,0,1,0,1,0,0,0,1,3,C,partner,0,,0,,,,unknown,,unknown,45.8,3_reference,https://1886.u-bordeaux-montaigne.fr/s/1886/item/340415
oai:u-bordeaux-montaigne.fr:340516,"Tunisie Flle. N° LXXVIII-B10-C35, Hadjeb el Aïoun / dressé, héliogravé et publié par le Service géographique de l'Armée en 1933",1933,20th c.,high,1886 - Collections patrimoniales numérisées de Bordeaux 3,50000,medium,partner_page,printed,colour,civil_survey,map,1,43.0,66.0,2838,exact,0,1,0,1,0,0,0,1,3,C,partner,0,,0,,,,unknown,,unknown,45.8,3_reference,https://1886.u-bordeaux-montaigne.fr/s/1886/item/340516
oai:u-bordeaux-montaigne.fr:340527,"Tunisie Flle. N° LXXIX-B10-C36, Nasr Allah / dressé, héliogravé et publié par le Service géographique de l'armée en 1934",1934,20th c.,high,1886 - Collections patrimoniales numérisées de Bordeaux 3,50000,medium,partner_page,printed,colour,military_survey,map,1,56.0,76.0,4256,exact,0,1,0,1,0,0,0,1,3,C,partner,0,,0,,,,unknown,,unknown,45.8,3_reference,https://1886.u-bordeaux-montaigne.fr/s/1886/item/340527
oai:u-bordeaux-montaigne.fr:340528,"Tunisie Flle. N° LXXX-B10-C37, Chorbane / dressé, héliogravé et publié au Service géographique de l'Armée en 1934",1934,20th c.,high,1886 - Collections patrimoniales numérisées de Bordeaux 3,50000,medium,partner_page,printed,colour,civil_survey,map,1,43.0,66.0,2838,exact,0,1,0,1,0,0,0,1,3,C,partner,0,,0,,,,unknown,,unknown,45.8,3_reference,https://1886.u-bordeaux-montaigne.fr/s/1886/item/340528
oai:u-bordeaux-montaigne.fr:340394,"Tunisie Flle. N° XIX-B2-C35, Tebourba / dressé, héliogravé et publié par le service géographique de l'Armée (révisé en 1934)",1934,20th c.,high,1886 - Collections patrimoniales numérisées de Bordeaux 3,50000,medium,partner_page,printed,colour,civil_survey,map,1,57.0,76.0,4332,exact,0,1,0,1,0,0,0,1,3,C,partner,0,,0,,,,unknown,,unknown,45.8,3_reference,https://1886.u-bordeaux-montaigne.fr/s/1886/item/340394
oai:u-bordeaux-montaigne.fr:340370,"Tunisie Flle. N° VII.B 0-C 36, Porto-Farina / dressé, héliogravé et publié par Service géographique de l'armée en 1935",1935,20th c.,high,1886 - Collections patrimoniales numérisées de Bordeaux 3,50000,medium,partner_page,printed,colour,military_survey,map,1,56.0,76.0,4256,exact,0,1,0,1,0,0,0,1,3,C,partner,0,,0,,,,unknown,,unknown,45.8,3_reference,https://1886.u-bordeaux-montaigne.fr/s/1886/item/340370
oai:u-bordeaux-montaigne.fr:340395,"Tunisie Flle. N° XX-B2-C36, Tunis / dressé, dessiné et publié par le Service géographique de l'Armée (révisé en 1935)",1935,20th c.,high,1886 - Collections patrimoniales numérisées de Bordeaux 3,50000,medium,partner_page,printed,colour,military_survey,map,1,52.0,73.0,3796,exact,0,1,0,1,0,0,0,1,3,C,partner,0,,0,,,,unknown,,unknown,45.8,3_reference,https://1886.u-bordeaux-montaigne.fr/s/1886/item/340395
oai:u-bordeaux-montaigne.fr:340355,"Tunisie Flle. N° II-B0-C35, Bizerte / dressé, héliogravé et publié par le Service géographique de l'Armée en 1936",1936,20th c.,high,1886 - Collections patrimoniales numérisées de Bordeaux 3,50000,medium,partner_page,printed,colour,military_survey,map,1,56.0,77.0,4312,exact,0,1,0,1,0,0,0,1,3,C,partner,0,,0,,,,unknown,,unknown,45.8,3_reference,https://1886.u-bordeaux-montaigne.fr/s/1886/item/340355
oai:u-bordeaux-montaigne.fr:340532,"Tunisie Flle. N° LXXXIV-B11-C33, Kasserine / dressé, héliogravé et publié par le Service Géographique de l'Armée en 1936",1936,20th c.,high,1886 - Collections patrimoniales numérisées de Bordeaux 3,50000,medium,partner_page,printed,colour,military_survey,map,1,58.0,76.0,4408,exact,0,1,0,1,0,0,0,1,3,C,partner,0,,0,,,,unknown,,unknown,45.8,3_reference,https://1886.u-bordeaux-montaigne.fr/s/1886/item/340532
oai:u-bordeaux-montaigne.fr:340369,"Tunisie Flle. N° VI [6] B 0 - C 35, Djebel Ichkeul / dressé, heliogravé et publié par Service géographique de l'armée en 1936",1936,20th c.,high,1886 - Collections patrimoniales numérisées de Bordeaux 3,50000,medium,partner_page,printed,colour,military_survey,map,1,56.0,76.0,4256,exact,0,1,0,1,0,0,0,1,3,C,partner,0,,0,,,,unknown,,unknown,45.8,3_reference,https://1886.u-bordeaux-montaigne.fr/s/1886/item/340369
oai:u-bordeaux-montaigne.fr:340376,"Tunisie Flle. N° XII -B 1-C 35, Mateur / dressé, héliogravé et publié par Service géographique de l'armée en 1936",1936,20th c.,high,1886 - Collections patrimoniales numérisées de Bordeaux 3,50000,medium,partner_page,printed,colour,military_survey,map,1,56.0,76.0,4256,exact,0,1,0,1,0,0,0,1,3,C,partner,0,,0,,,,unknown,,unknown,45.8,3_reference,https://1886.u-bordeaux-montaigne.fr/s/1886/item/340376
oai:u-bordeaux-montaigne.fr:340387,"Tunisie Flle. N° XIII-B1-C36, Ariana / dressé, gravé et publié par le Service géographique de l'Armée en 1936",1936,20th c.,high,1886 - Collections patrimoniales numérisées de Bordeaux 3,50000,medium,partner_page,printed,colour,civil_survey,map,1,43.0,66.0,2838,exact,0,1,0,1,0,0,0,1,3,C,partner,0,,0,,,,unknown,,unknown,45.8,3_reference,https://1886.u-bordeaux-montaigne.fr/s/1886/item/340387
oai:u-bordeaux-montaigne.fr:340373,"Tunisie Flle. N° IX - B 0 - C 39, Cap Bon / dressé, héliogravé et publié par Service géographique de l'armée en 1894 (révision de 1932)",1939,20th c.,high,1886 - Collections patrimoniales numérisées de Bordeaux 3,50000,medium,partner_page,printed,colour,military_survey,map,1,56.0,76.0,4256,exact,0,1,0,1,0,0,0,1,3,C,partner,0,,0,,,,unknown,,unknown,45.8,3_reference,https://1886.u-bordeaux-montaigne.fr/s/1886/item/340373
oai:u-bordeaux-montaigne.fr:340531,"Tunisie Flle. N° LXXXIII-B11-C32, Bou Chebka / dressé, dessiné et publié par le Service géographique de l'Armée en 1939",1939,20th c.,high,1886 - Collections patrimoniales numérisées de Bordeaux 3,50000,medium,partner_page,printed,colour,military_survey,map,1,56.0,76.0,4256,exact,0,1,0,1,0,0,0,1,3,C,partner,0,,0,,,,unknown,,unknown,45.8,3_reference,https://1886.u-bordeaux-montaigne.fr/s/1886/item/340531
oai:u-bordeaux-montaigne.fr:340628,"[Carte de Tunisie 1:50 000] / dressé, héliogravé et publié par le Service géographique de l'Armée (révisée en 1933)",1940,20th c.,high,1886 - Collections patrimoniales numérisées de Bordeaux 3,50000,medium,partner_page,printed,colour,military_survey,map,1,58.0,70.0,4060,exact,0,1,0,1,0,0,0,1,3,C,partner,0,,0,,,,unknown,,unknown,45.8,3_reference,https://1886.u-bordeaux-montaigne.fr/s/1886/item/340628
oai:u-bordeaux-montaigne.fr:340533,"Tunisie Flle. N° XC, Djebeniana / dressé, dessiné et publié par le Service Géographique de l'Armée en 1940",1940,20th c.,high,1886 - Collections patrimoniales numérisées de Bordeaux 3,50000,medium,partner_page,printed,colour,civil_survey,map,1,58.0,76.0,4408,exact,0,1,0,1,0,0,0,1,3,C,partner,0,,0,,,,unknown,,unknown,45.8,3_reference,https://1886.u-bordeaux-montaigne.fr/s/1886/item/340533
oai:u-bordeaux-montaigne.fr:340627,"[Tunisie au 1:50 000] / dressé, héliogravé et publié par le Service Géographique de l'Armée (révision de 1934)",1941,20th c.,high,1886 - Collections patrimoniales numérisées de Bordeaux 3,50000,medium,partner_page,printed,colour,civil_survey,map,1,58.0,76.0,4408,exact,0,1,0,1,0,0,0,1,3,C,partner,0,,0,,,,unknown,,unknown,45.8,3_reference,https://1886.u-bordeaux-montaigne.fr/s/1886/item/340627
oai:u-bordeaux-montaigne.fr:340534,"Tunisie : coupure spéciale / dressé, dessiné par le Service Géographique de l'Armée en 1939-1940",1941,20th c.,high,1886 - Collections patrimoniales numérisées de Bordeaux 3,50000,medium,partner_page,printed,colour,civil_survey,map,1,79.0,57.0,4503,exact,0,1,0,1,0,0,0,1,3,C,partner,0,,0,,,,unknown,,unknown,45.8,3_reference,https://1886.u-bordeaux-montaigne.fr/s/1886/item/340534
oai:u-bordeaux-montaigne.fr:340535,"Tunisie coupure spéciale, Mareth / dressé, dessiné par le Service géographique de l'Armée en 1939-40",1941,20th c.,high,1886 - Collections patrimoniales numérisées de Bordeaux 3,50000,medium,partner_page,printed,colour,civil_survey,map,1,43.0,66.0,2838,exact,0,1,0,1,0,0,0,1,3,C,partner,0,,0,,,,unknown,,unknown,45.8,3_reference,https://1886.u-bordeaux-montaigne.fr/s/1886/item/340535
oai:u-bordeaux-montaigne.fr:340615,Environs de Tunis / publié par le Service géographique de l'Armée,1946,20th c.,high,1886 - Collections patrimoniales numérisées de Bordeaux 3,50000,medium,partner_page,printed,colour,civil_survey,map,1,58.0,76.0,4408,exact,0,1,0,1,0,0,0,1,3,C,partner,0,,0,,,,unknown,,unknown,45.8,3_reference,https://1886.u-bordeaux-montaigne.fr/s/1886/item/340615
btv1b53237612p,[Carte des côtes algérienne et tunisienne du cap de Garde de Bone à Raz-el Gebel],,18th c.,high,Gallica,,unknown,none,manuscript,unknown,unknown,map,1,19.0,29.0,551,century,0,0,0,1,1,1,1,0,4,C,bnf,1,2,1,4904,3294,16.2,low,430,standard,45.0,2_contextual,https://gallica.bnf.fr/ark:/12148/btv1b53237612p
btv1b532354574,[Carte des côtes de Barbarie d'Alexandrie jusqu'à Mezorata],,18th c.,medium,Gallica,,unknown,none,manuscript,unknown,unknown,map,1,29.0,18.5,536,century,0,0,0,1,1,1,1,0,4,C,bnf,1,1,1,4140,2904,12.0,low,363,standard,45.0,2_contextual,https://gallica.bnf.fr/ark:/12148/btv1b532354574
btv1b532354591,"[Carte des côtes de Barbarie, du cap Razat jusqu'à Tajoni]",,18th c.,medium,Gallica,,unknown,none,manuscript,unknown,unknown,map,1,23.5,34.0,799,century,0,0,0,1,1,1,1,0,4,C,bnf,1,1,1,4516,3100,14.0,low,337,standard,45.0,2_contextual,https://gallica.bnf.fr/ark:/12148/btv1b532354591
btv1b53237571b,Plan de lisle Lapedosa,,18th c.,medium,Gallica,,unknown,none,manuscript,unknown,unknown,map,1,21.0,32.0,672,century,0,0,0,1,1,1,1,0,4,C,bnf,1,2,1,5124,3409,17.5,low,407,standard,45.0,2_contextual,https://gallica.bnf.fr/ark:/12148/btv1b53237571b
oai:bibliotheques-specialisees.paris.fr:ark:/73873/pf0000856964,Plan de l'avenue Richerand. Alignements : ordonnance royale du 24 octobre 1846,1851,19th c.,unverified,Bibliothèques spécialisées de la Ville de Paris,,unknown,none,printed,unknown,commercial,map,,100.0,45.0,4500,exact,0,1,0,1,1,1,0,1,5,B,partner,0,,1,,,,unknown,,unknown,44.2,3_reference,https://bibliotheques-specialisees.paris.fr/ark:/73873/pf0000856964
oai:bibliotheques-specialisees.paris.fr:ark:/73873/pf0000856795,Plan de la rue de l'Ecole de Médecine. Alignements : ordonnance royale et décrets 1836 à 1884,1887,19th c.,unverified,Bibliothèques spécialisées de la Ville de Paris,,unknown,none,printed,unknown,commercial,map,,241.0,59.0,14219,exact,0,1,0,1,1,1,0,1,5,B,partner,0,,1,,,,unknown,,unknown,44.2,3_reference,https://bibliotheques-specialisees.paris.fr/ark:/73873/pf0000856795
oai:bibliotheques-specialisees.paris.fr:ark:/73873/pf0000855787,Carte du département de la Seine. 6 zones du service médical,,,unverified,Bibliothèques spécialisées de la Ville de Paris,,unknown,none,printed,colour,commercial,map,,68.5,55.0,3768,none,0,1,0,1,1,1,0,0,4,C,partner,0,,1,,,,unknown,,unknown,43.3,3_reference,https://bibliotheques-specialisees.paris.fr/ark:/73873/pf0000855787
oai:bibliotheques-specialisees.paris.fr:ark:/73873/pf0000857382,Expropriations complémentaires du boulevard [Saint-Michel] 5e arrondt. [Espace compris à l'angle du quai St-Michel]. Expropriations complémentaires du boulevard [Saint-Michel] 6e arrondt. [partie comprise entre les rues Pierre-Sarrazin et de l'Ecole de Médecine.] Plans parcellaires : 1855,,,unverified,Bibliothèques spécialisées de la Ville de Paris,,unknown,none,printed,colour,commercial,map,,60.0,50.5,3030,none,0,1,0,1,1,1,0,0,4,C,partner,0,,1,,,,unknown,,unknown,43.3,3_reference,https://bibliotheques-specialisees.paris.fr/ark:/73873/pf0000857382
oai:bibliotheques-specialisees.paris.fr:ark:/73873/pf0001954207,Tunisie au 500 000|e],,,high,Bibliothèques spécialisées de la Ville de Paris,,unknown,none,printed,colour,military_survey,map,,76.0,106.0,8056,none,0,1,0,1,1,1,0,0,4,C,partner,0,,1,,,,unknown,,unknown,43.3,3_reference,https://bibliotheques-specialisees.paris.fr/ark:/73873/pf0001954207
bpt6k8726671v,La geographie universelle qui fait voir l'estat présent des 4 parties du monde c'est à dire les religions les coutumes & les richesses des peuples les forces & les gouvernements des estats Ce qui est de plus beau & de plus rare dans chaque region & autres particularités pour sçavoir l'histoire & I'interest des princes. On y a joint le traité du globe Par P. Du-Val geographe ordinaire du Roy. Premiere partie,1688,17th c.,unverified,Gallica,,unknown,none,printed,unknown,unknown,atlas,,,,,exact,1,0,0,1,0,1,1,1,5,B,bnf,1,804,1,1584,2608,4.1,low,,unknown,42.5,2_contextual,https://gallica.bnf.fr/ark:/12148/bpt6k8726671v
oai:nubis.bis-sorbonne.fr:1115642,Nova totius terrarum orbis geographica ac hydrographica tabula autore N. I. Piscator,1639,17th c.,medium,Bibliothèque interuniversitaire de la Sorbonne,,unknown,none,printed,unknown,commercial,other,1,44.2,55.5,2453,exact,1,1,0,1,1,1,0,1,6,B,partner,0,,0,,,,unknown,,unknown,41.7,3_reference,https://nubis.bis-sorbonne.fr/ark:/15733/pfkq
btv1b53237572s,Port de Lampedouze,,18th c.,medium,Gallica,,unknown,none,manuscript,colour,unknown,map,1,,,,century,0,0,0,1,1,1,1,0,4,C,bnf,1,1,1,4572,4278,19.6,low,,unknown,41.7,2_contextual,https://gallica.bnf.fr/ark:/12148/btv1b53237572s
oai:u-bordeaux-montaigne.fr:340409,"Tunisie Flle. N° XXI-B2-C37, La Goulette / dressé, gravé et publié par le Service géographique de l'Armée",,19th c.,high,1886 - Collections patrimoniales numérisées de Bordeaux 3,50000,medium,partner_page,printed,colour,military_survey,map,1,55.0,80.0,4400,decade,0,1,0,1,0,0,0,0,2,D,partner,0,,0,,,,unknown,,unknown,41.7,3_reference,https://1886.u-bordeaux-montaigne.fr/s/1886/item/340409
oai:u-bordeaux-montaigne.fr:340469,"Tunisie Flle. N° L-B6-C38, Halk El Mennzel / dressé, gravé et publié par Service géographique de l'armée",,20th c.,high,1886 - Collections patrimoniales numérisées de Bordeaux 3,50000,medium,partner_page,printed,colour,military_survey,map,1,56.0,76.0,4256,decade,0,1,0,1,0,0,0,0,2,D,partner,0,,0,,,,unknown,,unknown,41.7,3_reference,https://1886.u-bordeaux-montaigne.fr/s/1886/item/340469
oai:u-bordeaux-montaigne.fr:340487,"Tunisie Flle. N° LVII-B7-C38, Sousse / dressé, héliogravé et publié par le Service géographique de l'Armée",,20th c.,high,1886 - Collections patrimoniales numérisées de Bordeaux 3,50000,medium,partner_page,printed,colour,military_survey,map,1,56.0,76.0,4256,century,0,1,0,1,0,0,0,0,2,D,partner,0,,0,,,,unknown,,unknown,41.7,3_reference,https://1886.u-bordeaux-montaigne.fr/s/1886/item/340487
oai:u-bordeaux-montaigne.fr:340450,"Tunisie Flle. N° XLIII-B5-C37, Enfida / dressé, gravé et publié par Service géographique de l'armée",,20th c.,high,1886 - Collections patrimoniales numérisées de Bordeaux 3,50000,medium,partner_page,printed,colour,military_survey,map,1,56.0,76.0,4256,century,0,1,0,1,0,0,0,0,2,D,partner,0,,0,,,,unknown,,unknown,41.7,3_reference,https://1886.u-bordeaux-montaigne.fr/s/1886/item/340450
oai:u-bordeaux-montaigne.fr:340467,"Tunisie Flle. N° XLIX-B6-C37, Sidi Bou Ali / dressé, gravé et publié par Service géographique de l'armée",,20th c.,high,1886 - Collections patrimoniales numérisées de Bordeaux 3,50000,medium,partner_page,printed,colour,military_survey,map,1,56.0,76.0,4256,century,0,1,0,1,0,0,0,0,2,D,partner,0,,0,,,,unknown,,unknown,41.7,3_reference,https://1886.u-bordeaux-montaigne.fr/s/1886/item/340467
oai:u-bordeaux-montaigne.fr:340434,"Tunisie Flle. N° XXXVIII-B5-C32, Ouargha / dessiné, héliogravé et publié par le Service géographique de l'Armée",,20th c.,high,1886 - Collections patrimoniales numérisées de Bordeaux 3,50000,medium,partner_page,printed,colour,civil_survey,map,1,57.0,76.0,4332,century,0,1,0,1,0,0,0,0,2,D,partner,0,,0,,,,unknown,,unknown,41.7,3_reference,https://1886.u-bordeaux-montaigne.fr/s/1886/item/340434
oai:u-bordeaux-montaigne.fr:340629,"[Carte de Tunisie 1:50 000] / dressé, héliogravé et publié par le Service géographique de l'Armée (révisé en 1933)",,20th c.,high,1886 - Collections patrimoniales numérisées de Bordeaux 3,50000,medium,partner_page,printed,colour,military_survey,map,1,44.0,58.0,2552,decade,0,1,0,1,0,0,0,0,2,D,partner,0,,0,,,,unknown,,unknown,41.7,3_reference,https://1886.u-bordeaux-montaigne.fr/s/1886/item/340629
oai:u-bordeaux-montaigne.fr:340616,"Environs de Sfax / dressé, héliogravé et publié par le Service géographique de l'Armée",,20th c.,high,1886 - Collections patrimoniales numérisées de Bordeaux 3,50000,medium,partner_page,printed,colour,military_survey,map,1,56.0,75.0,4200,decade,0,1,0,1,0,0,0,0,2,D,partner,0,,0,,,,unknown,,unknown,41.7,3_reference,https://1886.u-bordeaux-montaigne.fr/s/1886/item/340616
oai:u-bordeaux-montaigne.fr:340356,"Tunisie Flle. N° III - B 00 - C 36, Metline / dressé, heliogravé et publié par Service géographique de l'armée",,20th c.,high,1886 - Collections patrimoniales numérisées de Bordeaux 3,50000,medium,partner_page,printed,colour,military_survey,map,1,56.0,76.0,4256,decade,0,1,0,1,0,0,0,0,2,D,partner,0,,0,,,,unknown,,unknown,41.7,3_reference,https://1886.u-bordeaux-montaigne.fr/s/1886/item/340356
oai:nubis.bis-sorbonne.fr:1116087,Partie d'Afrique,1600,17th c.,medium,Bibliothèque interuniversitaire de la Sorbonne,6167000,very_small,catalogue,printed,unknown,unknown,other,1,17.0,115.0,1955,exact,0,0,1,1,1,1,0,1,5,B,partner,0,,0,,,,unknown,,unknown,40.8,3_reference,https://nubis.bis-sorbonne.fr/ark:/15733/pgpx
oai:bibliotheques-specialisees.paris.fr:ark:/73873/pf0000193532,Carte des possessions françaises en Afrique et d'une partie de la Régence de Tunis,1833,19th c.,high,Bibliothèques spécialisées de la Ville de Paris,,unknown,none,unknown,colour,military_survey,map,,59.0,133.0,7847,exact,1,0,0,1,1,1,0,1,5,B,partner,0,,0,,,,unknown,,unknown,40.8,3_reference,https://bibliotheques-specialisees.paris.fr/ark:/73873/pf0000193532
oai:bibliotheques-specialisees.paris.fr:ark:/73873/pf0000855788,Division de la Ville de Paris en circonscriptions de dispensaires anti-tuberculeux. Nombre des habitants par arrondissement et circonscription : [Vers 1914 ?],,,unverified,Bibliothèques spécialisées de la Ville de Paris,,unknown,none,printed,unknown,commercial,map,,57.0,40.5,2308,none,0,1,0,1,1,1,0,0,4,C,partner,0,,1,,,,unknown,,unknown,40.0,3_reference,https://bibliotheques-specialisees.paris.fr/ark:/73873/pf0000855788
oai:bibliotheques-specialisees.paris.fr:ark:/73873/pf0001956435,Tunisie physique et administrative,1926,20th c.,high,Bibliothèques spécialisées de la Ville de Paris,,unknown,none,unknown,colour,unknown,map,,79.0,64.0,5056,exact,1,0,0,1,1,1,0,1,5,B,partner,0,,1,,,,unknown,,unknown,37.5,3_reference,https://bibliotheques-specialisees.paris.fr/ark:/73873/pf0001956435
oai:u-bordeaux-montaigne.fr:245855,"Carte des stations minérales, thermales et balnéaires de France et d'Algérie / dressée d'après les documents officiels par Mce. Beyne",1896,19th c.,medium,1886 - Collections patrimoniales numérisées de Bordeaux 3,1700000,very_small,partner_page,unknown,colour,unknown,map,1,63.0,83.0,5229,exact,1,0,0,1,0,0,0,1,3,C,partner,0,,0,,,,unknown,,unknown,35.8,3_reference,https://1886.u-bordeaux-montaigne.fr/s/1886/item/245855
oai:bibliotheques-specialisees.paris.fr:ark:/73873/pf0001993673,[Plan d'implantation du Théâtre de l'Odéon : projet définitif],,,unverified,Bibliothèques spécialisées de la Ville de Paris,,unknown,none,unknown,unknown,unknown,map,,125.0,38.0,4750,none,1,0,0,1,1,1,0,0,4,C,partner,0,,1,,,,unknown,,unknown,30.0,3_reference,https://bibliotheques-specialisees.paris.fr/ark:/73873/pf0001993673
oai:bibliotheques-specialisees.paris.fr:ark:/73873/pf0001993543,[Projet de lotissement du quartier de l'Odéon],,,unverified,Bibliothèques spécialisées de la Ville de Paris,,unknown,none,unknown,unknown,unknown,map,,98.0,62.0,6076,none,1,0,0,1,1,1,0,0,4,C,partner,0,,1,,,,unknown,,unknown,30.0,3_reference,https://bibliotheques-specialisees.paris.fr/ark:/73873/pf0001993543
oai:bibliotheques-specialisees.paris.fr:ark:/73873/pf0001993075,Plan général de la nouvelle salle de Comédie française sur le terrein de l'ancien Hôtel de Condé avec les terreins qui l'environnent,,,unverified,Bibliothèques spécialisées de la Ville de Paris,,unknown,none,unknown,unknown,unknown,map,,73.0,45.0,3285,none,1,0,0,1,1,1,0,0,4,C,partner,0,,1,,,,unknown,,unknown,30.0,3_reference,https://bibliotheques-specialisees.paris.fr/ark:/73873/pf0001993075
oai:bibliotheques-specialisees.paris.fr:ark:/73873/pf0001993081,Plan général de la nouvelle salle de Comédie françoise sur l'ancien terrein de l'hotel de Condé avec les terreins qui l'environnent,,,unverified,Bibliothèques spécialisées de la Ville de Paris,,unknown,none,unknown,unknown,unknown,map,,73.0,72.0,5256,none,1,0,0,1,1,1,0,0,4,C,partner,0,,1,,,,unknown,,unknown,30.0,3_reference,https://bibliotheques-specialisees.paris.fr/ark:/73873/pf0001993081
oai:bibliotheques-specialisees.paris.fr:ark:/73873/pf0001993092,Plan général de la nouvelle salle de Comédie françoise sur le terrein de l'ancien hotel de Condé avec les terreins qui l'environnent,,,unverified,Bibliothèques spécialisées de la Ville de Paris,,unknown,none,unknown,unknown,unknown,map,,74.0,67.0,4958,none,1,0,0,1,1,1,0,0,4,C,partner,0,,1,,,,unknown,,unknown,30.0,3_reference,https://bibliotheques-specialisees.paris.fr/ark:/73873/pf0001993092
oai:bibliotheques-specialisees.paris.fr:ark:/73873/pf0001993044,Plan général de la nouvelle salle de Comédie françoise sur le terrein de l'ancien Hôtel de Condé et des rues qui y aboutiront,,,unverified,Bibliothèques spécialisées de la Ville de Paris,,unknown,none,unknown,unknown,unknown,map,,62.0,38.0,2356,none,1,0,0,1,1,1,0,0,4,C,partner,0,,1,,,,unknown,,unknown,30.0,3_reference,https://bibliotheques-specialisees.paris.fr/ark:/73873/pf0001993044
oai:u-bordeaux-montaigne.fr:245554,"Mediterranean. Tunis. North coast. Approaches to Bizerta (Benzert) : from french government charts, 1885 & 1896",1903,20th c.,high,1886 - Collections patrimoniales numérisées de Bordeaux 3,,unknown,none,printed,unknown,commercial,map,1,67.0,49.0,3283,exact,0,1,0,1,0,0,0,1,3,C,partner,0,,0,,,,unknown,,unknown,29.2,3_reference,https://1886.u-bordeaux-montaigne.fr/s/1886/item/245554
oai:bibliotheques-specialisees.paris.fr:ark:/73873/pf0000857406,"[Plan montrant le prolongement du boulevard Saint-Germain, l'alignement de la rue de l'Ecole de Médecine, et le projet d'ouverture de la rue Danton. Plan parcellaire] : [Vers 1879]",,,unverified,Bibliothèques spécialisées de la Ville de Paris,,unknown,none,unknown,colour,unknown,map,,106.5,57.5,6124,none,0,0,0,1,1,1,0,0,3,C,partner,0,,1,,,,unknown,,unknown,29.2,3_reference,https://bibliotheques-specialisees.paris.fr/ark:/73873/pf0000857406
oai:bibliotheques-specialisees.paris.fr:ark:/73873/pf0000857407,Agrandissement de l'Ecole pratique de la Faculté de Médecine. Plan parcellaire : 1882-1883,,,unverified,Bibliothèques spécialisées de la Ville de Paris,,unknown,none,unknown,colour,unknown,map,,105.0,74.0,7770,none,0,0,0,1,1,1,0,0,3,C,partner,0,,1,,,,unknown,,unknown,29.2,3_reference,https://bibliotheques-specialisees.paris.fr/ark:/73873/pf0000857407
oai:bibliotheques-specialisees.paris.fr:ark:/73873/pf0000857408,Ecole de médecine. Formation du périmètre. Plan parcellaire : [Vers 1878],,,unverified,Bibliothèques spécialisées de la Ville de Paris,,unknown,none,unknown,colour,unknown,map,,105.5,36.5,3851,none,0,0,0,1,1,1,0,0,3,C,partner,0,,1,,,,unknown,,unknown,29.2,3_reference,https://bibliotheques-specialisees.paris.fr/ark:/73873/pf0000857408
oai:bibliotheques-specialisees.paris.fr:ark:/73873/pf0000857405,Ecole Pratique de la faculté de Médecine. Formation du périmètre. Plan parcellaire : [Vers 1878],,,unverified,Bibliothèques spécialisées de la Ville de Paris,,unknown,none,unknown,colour,unknown,map,,95.5,53.0,5062,none,0,0,0,1,1,1,0,0,3,C,partner,0,,1,,,,unknown,,unknown,29.2,3_reference,https://bibliotheques-specialisees.paris.fr/ark:/73873/pf0000857405
oai:u-bordeaux-montaigne.fr:203729,[Province de Constantine et Tunisie] / dressée et gravée par L. Rigaud,,19th c.,high,1886 - Collections patrimoniales numérisées de Bordeaux 3,2800000,very_small,partner_page,unknown,unknown,unknown,map,1,14.0,21.0,294,century,1,0,0,1,0,0,0,0,2,D,partner,0,,0,,,,unknown,,unknown,28.3,3_reference,https://1886.u-bordeaux-montaigne.fr/s/1886/item/203729
oai:patrimoine-numerique.ville-valenciennes.fr:ark:/29755/B_596066101_MS_0488/F_002,[Carte de l'Europe de l'Ouest et de l'Afrique du Nord],1572,16th c.,high,Bibliothèque numérique de Valenciennes,,unknown,none,unknown,unknown,unknown,plan,,44.0,58.8,2587,exact,1,0,0,1,1,1,0,1,5,B,partner,0,,0,,,,unknown,,unknown,27.5,3_reference,https://patrimoine-numerique.ville-valenciennes.fr/ark:/29755/B_596066101_MS_0488/F_002
oai:bibliotheque-numerique.icp.fr:1:8160,"[Nazaret de Salonique, merkez-mudiriet de Monastir, Serbie]",1801,19th c.,high,Institut catholique de Paris,,unknown,none,unknown,unknown,unknown,other,1,70.0,57.0,3990,exact,1,0,0,1,0,0,0,1,3,C,partner,0,,1,,,,unknown,,unknown,25.8,3_reference,https://bibliotheque-numerique.icp.fr/idurl/1/8160
oai:bibliotheques-specialisees.paris.fr:ark:/73873/pf0000855476,"Conduite principale de l'école de Médecine. Conduites secondaires et bornes fontaines dans la 1ère inspection, année 1834",,,unverified,Bibliothèques spécialisées de la Ville de Paris,,unknown,none,manuscript,unknown,unknown,map,,41.0,42.0,1722,none,0,0,0,1,1,1,0,0,3,C,partner,0,,1,,,,unknown,,unknown,25.8,3_reference,https://bibliotheques-specialisees.paris.fr/ark:/73873/pf0000855476
oai:u-bordeaux-montaigne.fr:340008,Tabarka,1940,20th c.,high,1886 - Collections patrimoniales numérisées de Bordeaux 3,,unknown,none,unknown,unknown,unknown,map,,80.0,60.0,4800,exact,0,0,0,1,0,0,0,1,2,D,partner,0,,0,,,,unknown,,unknown,15.0,3_reference,https://1886.u-bordeaux-montaigne.fr/s/1886/item/340008
oai:u-bordeaux-montaigne.fr:494041,Afrique du nord,1934,20th c.,high,1886 - Collections patrimoniales numérisées de Bordeaux 3,,unknown,none,unknown,unknown,unknown,map,,,,,exact,0,0,0,0,0,0,0,1,1,D,partner,0,,0,,,,unknown,,unknown,4.2,3_reference,https://1886.u-bordeaux-montaigne.fr/s/1886/item/494041
oai:u-bordeaux-montaigne.fr:494039,Afrique du nord,1934,20th c.,high,1886 - Collections patrimoniales numérisées de Bordeaux 3,,unknown,none,unknown,unknown,unknown,map,,,,,exact,0,0,0,0,0,0,0,1,1,D,partner,0,,0,,,,unknown,,unknown,4.2,3_reference,https://1886.u-bordeaux-montaigne.fr/s/1886/item/494039
oai:u-bordeaux-montaigne.fr:494017,Algérie et Tunisie,,,high,1886 - Collections patrimoniales numérisées de Bordeaux 3,,unknown,none,unknown,unknown,unknown,map,,,,,none,0,0,0,0,0,0,0,0,0,D,partner,0,,0,,,,unknown,,unknown,0.0,3_reference,https://1886.u-bordeaux-montaigne.fr/s/1886/item/494017
