record_id,title,year,year_earliest,year_latest,century,date,creators,publisher,scale,physical_description,views,subjects,coverage,description,language,holding,rights,doc_type,gallica_typedoc,confidence,matched_signal,matched_labels,matched_queries,url,iiif_manifest,provenance,thumbnail,catalogue_notice,alt_titles,internal_id
btv1b532811808,Carte marine [de la Méditerranée occidentale] : dessinée en 1318 et dont l'original se trouve à la Bibliothèque Imp. et Roy. de Vienne / par Visconti ; copie de l'exemplaire appartenant à M. Louis Halphen...,1318,1318,1318,14th c.,1318,Visconti (12..?-13..). Cartographe,,1:6 334 578,"1 calque sur feuille : ms., col. ; 22 x 21,5 cm (carte), 29,5 x 37,5 cm (support)",2,"Triangulation | Méditerranée, Mer -- Centre-Ouest | Tyrrhénienne, Mer | Ligurienne, Mer | Sicile, Détroit de | France -- Sud -- Côtes | Italie -- Ouest -- Côtes | Algérie -- Côtes | Tunisie -- Nord -- Côtes | Corse, Île de | Sicile, Île de | Sardaigne, Île de",Mer Méditerranée – Bassin Ouest,"Ancien possesseur : Halphen, Louis (1824-1880). Ancien possesseur | Échelle(s) : [1:6 334 578 environ] | Ancien possesseur : Halphen, Louis (1824-1880)",ita | fre,"Bibliothèque nationale de France, département Cartes et plans, GE SH 18 PF 63 P 26 D",domaine public | public domain,manuscript cartographic resource | document cartographique manuscrit | map | carte | image fixe | image | still image,cartes,high,tunis,country,tunisia | tunisie,https://gallica.bnf.fr/ark:/12148/btv1b532811808,https://gallica.bnf.fr/iiif/ark:/12148/btv1b532811808/manifest.json,Gallica,https://gallica.bnf.fr/ark:/12148/btv1b532811808.thumbnail,Notice de recueil : http://catalogue.bnf.fr/ark:/12148/cb471420060,,IFN-53281180
btv1b8595355b,Disegno dell'isola de Gerbi con le seche che la difendeno dall'inondatione del mare ...,1500,1500,1599,16th c.,1500-1599,,[s.n.],,1 feuille ; 46 x 49 cm,1,Galères | Batailles navales | Djerba,Tunisie,[Disegno dell'isola de Gerbi con le seche che la difendeno dall'inondatione del mare ...] | Appartient à l’ensemble documentaire : AnvilAf | Appartient à l’ensemble documentaire : MAEDI008 | Appartient à l’ensemble documentaire : MAEDIGen0,ita,"Bibliothèque nationale de France, département Cartes et Plans, GE DD-2987 (7984)",domaine public | public domain,image fixe | image | still image,cartes,high,tunis,country | island,djerba | tunisia | tunisie,https://gallica.bnf.fr/ark:/12148/btv1b8595355b,https://gallica.bnf.fr/iiif/ark:/12148/btv1b8595355b/manifest.json,Gallica,https://gallica.bnf.fr/ark:/12148/btv1b8595355b.thumbnail,Notice de recueil : http://catalogue.bnf.fr/ark:/12148/cb40577015h,,IFN-8595355
btv1b8595356r,Fortezza di Gerbi,1500,1500,1500,16th c.,1500,,[s.n.],,"1 feuille ; 27,5 x 40 cm",1,Galères | Djerba,Tunisie,[Fortezza di Gerbi] | Appartient à l’ensemble documentaire : AnvilAf | Appartient à l’ensemble documentaire : MAEDI008 | Appartient à l’ensemble documentaire : MAEDIGen0,ita,"Bibliothèque nationale de France, département Cartes et Plans, GE DD-2987 (7985)",domaine public | public domain,image fixe | image | still image,cartes,high,tunis,country | island,djerba | tunisia | tunisie,https://gallica.bnf.fr/ark:/12148/btv1b8595356r,https://gallica.bnf.fr/iiif/ark:/12148/btv1b8595356r/manifest.json,Gallica,https://gallica.bnf.fr/ark:/12148/btv1b8595356r.thumbnail,Notice de recueil : http://catalogue.bnf.fr/ark:/12148/cb40577015h,,IFN-8595356
btv1b8595372v,Il vero sito de La Goletta,1500,1500,1599,16th c.,1500-1599,,[s.n.],,"1 feuille ; 25,5 x 34,5 cm",1,La Goulette | La Goulette,Tunisie,[Il vero sito de La Goletta] | Appartient à l’ensemble documentaire : AnvilAf | Appartient à l’ensemble documentaire : MAEDI008 | Appartient à l’ensemble documentaire : MAEDIGen0,ita,"Bibliothèque nationale de France, département Cartes et Plans, GE DD-2987 (7999)",domaine public | public domain,image fixe | image | still image,cartes,high,tunis,city | country | historic,goletta | la goulette | tunisia | tunisie,https://gallica.bnf.fr/ark:/12148/btv1b8595372v,https://gallica.bnf.fr/iiif/ark:/12148/btv1b8595372v/manifest.json,Gallica,https://gallica.bnf.fr/ark:/12148/btv1b8595372v.thumbnail,Notice de recueil : http://catalogue.bnf.fr/ark:/12148/cb40577015h,,IFN-8595372
btv1b8595365q,Carthaginis celeberrimi sinus typus,1535,1535,1535,16th c.,1535,,[s.n.],,"1 feuille ; 14,5 x 23 cm",1,Tunis | Carthage,Tunisie,[Carthaginis celeberrimi sinus typus] | Appartient à l’ensemble documentaire : AnvilAf | Appartient à l’ensemble documentaire : MAEDI008 | Appartient à l’ensemble documentaire : MAEDIGen0,lat,"Bibliothèque nationale de France, département Cartes et Plans, GE DD-2987 (7993 RECTO)",domaine public | public domain,image fixe | image | still image,cartes,high,tunis,city | country,carthage | tunis | tunisia | tunisie,https://gallica.bnf.fr/ark:/12148/btv1b8595365q,https://gallica.bnf.fr/iiif/ark:/12148/btv1b8595365q/manifest.json,Gallica,https://gallica.bnf.fr/ark:/12148/btv1b8595365q.thumbnail,Notice de recueil : http://catalogue.bnf.fr/ark:/12148/cb40577015h,,IFN-8595365
btv1b8595345z,"Constantina, Tunetensis, Tripolitana / [Livio Sanuto]",1558,1558,1558,16th c.,1558,"Sanuto, Livio (1520-1576). Cartographe",[s.n.],,1 feuille ; 49 x 65 cm,1,Barbarie | Tunis | Tripoli | Constantine,Afrique (parties) | Algérie,"[Constantina, Tunetensis, Tripolitana] | Appartient à l’ensemble documentaire : AnvilAf | Appartient à l’ensemble documentaire : MAEDI008 | Appartient à l’ensemble documentaire : MAEDIGen0",lat,"Bibliothèque nationale de France, département Cartes et Plans, GE DD-2987 (7976)",domaine public | public domain,image fixe | image | still image,cartes,high,tunis,city,tunis,https://gallica.bnf.fr/ark:/12148/btv1b8595345z,https://gallica.bnf.fr/iiif/ark:/12148/btv1b8595345z/manifest.json,Gallica,https://gallica.bnf.fr/ark:/12148/btv1b8595345z.thumbnail,Notice de recueil : http://catalogue.bnf.fr/ark:/12148/cb40577015h,,IFN-8595345
btv1b84904710,[Castello del bazzaro],1560,1560,1560,16th c.,1560,,[s.n.],1:1 030,1 flle ; 500 x 380,1,"Forteresses | Djerba, Île de | Personnages",Tunisie,Échelle(s) : Canne 60 [=Om. 154 ; 1:1 030 environ],ita,"Bibliothèque nationale de France, département Cartes et plans, GE D-13954",domaine public | public domain,map | carte | view | vue | image fixe | image | still image,cartes,high,tunis,country | island,djerba | tunisia | tunisie,https://gallica.bnf.fr/ark:/12148/btv1b84904710,https://gallica.bnf.fr/iiif/ark:/12148/btv1b84904710/manifest.json,Gallica,https://gallica.bnf.fr/ark:/12148/btv1b84904710.thumbnail,Notice de recueil : http://catalogue.bnf.fr/ark:/12148/cb405939263,,IFN-8490471
btv1b55005215t,"Disigno dell'Isola de Gerbi con le seche che la difendeno dall'inodatione del mare, et il sito della fortezza fatta da Christiani alla defesa della quala vi è restato cinq[ue] millia valorosi soldati, e buona provisione di vituaglie e monitione che con l'aiuto di Dio bastara a diffenderla dall'insulti de l'armata Turchescha",1560,1560,1560,16th c.,1560,,[s.n.],1:245 600,"1 flle ; 44 x 29,8 cm",1,"Théâtre de la guerre | Batailles navales | Djerba, Île de -- Siègesart militaire)",Tunisie,"Échelle(s) : [1:245 600 environ], Miglia 30 [= 22,4 cm]",ita,"Bibliothèque nationale de France, département Cartes et plans, GE DD-626 (65 RES)",domaine public | public domain,map | carte | image fixe | image | still image,cartes,high,tunis,country | island,djerba | tunisia | tunisie,https://gallica.bnf.fr/ark:/12148/btv1b55005215t,https://gallica.bnf.fr/iiif/ark:/12148/btv1b55005215t/manifest.json,Gallica,https://gallica.bnf.fr/ark:/12148/btv1b55005215t.thumbnail,Notice de recueil : http://catalogue.bnf.fr/ark:/12148/cb41435795k,,IFN-55005215
btv1b55000007t,"Disigno dell'Isola de Gerbi con le seche che la difendeno dall'inodavone del mare, et il sito della fortezza fatta da Christiani alla defesa della quala vi è restato cinq. millia valorosi soldati e buona provisione di vituaglie e monitione che con l'aiuto di Dio bastara a diffenderla dall'insulti de l'armata Turchesca",1560,1560,1560,16th c.,1560,,[s.n.],1:245 600,1 flle ; 44 x 30 cm,1,"Théâtre de la guerre | Batailles navales | Djerba, Île de -- Siègesart militaire)",Tunisie,"Échelle(s) : [1:245 600 environ], Miglia 30 [= 22,4 cm]",ita,"Bibliothèque nationale de France, département Cartes et plans, GE CC-1380 (79 RES)",domaine public | public domain,map | carte | image fixe | image | still image,cartes,high,tunis,country | island,djerba | tunisia | tunisie,https://gallica.bnf.fr/ark:/12148/btv1b55000007t,https://gallica.bnf.fr/iiif/ark:/12148/btv1b55000007t/manifest.json,Gallica,https://gallica.bnf.fr/ark:/12148/btv1b55000007t.thumbnail,Notice de recueil : http://catalogue.bnf.fr/ark:/12148/cb414156967,,IFN-55000007
btv1b550001148,"Disigno dell'Isola de Gerbi con le seche che la difendeno dall'inodavone del mare, et il sito della fortezza fatta da Christiani alla defesa della quala vi è restato cinq. millia valorosi soldati e buona provisione di vituaglie e monitione che con l'aiuto di Dio bastara a diffenderla dall'insulti de l'armata Turchesca",1560,1560,1560,16th c.,1560,,[s.n.],1:245 600,"1 flle ; 44 x 29,8 cm",1,"Théâtre de la guerre | Batailles navales | Djerba, Île de -- Siègesart militaire)",Tunisie,"Échelle(s) : [1:245 600 environ], Miglia 30 [= 22,4 cm]",ita,"Bibliothèque nationale de France, département Cartes et plans, GE DD-1140 (64 RES)",domaine public | public domain,map | carte | image fixe | image | still image,cartes,high,tunis,country | island,djerba | tunisia | tunisie,https://gallica.bnf.fr/ark:/12148/btv1b550001148,https://gallica.bnf.fr/iiif/ark:/12148/btv1b550001148/manifest.json,Gallica,https://gallica.bnf.fr/ark:/12148/btv1b550001148.thumbnail,Notice de recueil : http://catalogue.bnf.fr/ark:/12148/cb414461376,,IFN-55000114
btv1b84909709,Disigno dell'Isola de Gerbi... et il sito della fortezza fatta da christiani... bastara à diffenderla dall'insulti de l'armata Turchesca,1560,1560,1560,16th c.,1560,,[s.n.],1:245 600,1 flle ; 440 x 298,1,"Théâtre de la guerre | Batailles navales | Djerba, Île de -- Siègesart militaire)",Tunisie,Échelle(s) : Miglia 30 [=Om. 224 ; 1:245 600 environ],ita,"Bibliothèque nationale de France, département Cartes et plans, GE D-13953",domaine public | public domain,map | carte | image fixe | image | still image,cartes,high,tunis,country | island,djerba | tunisia | tunisie,https://gallica.bnf.fr/ark:/12148/btv1b84909709,https://gallica.bnf.fr/iiif/ark:/12148/btv1b84909709/manifest.json,Gallica,https://gallica.bnf.fr/ark:/12148/btv1b84909709.thumbnail,Notice de recueil : http://catalogue.bnf.fr/ark:/12148/cb405939263,,IFN-8490970
btv1b550051358,Fortezza di Gerbi,1560,1560,1560,16th c.,1560,,[s.n.],1:1 030,"1 flle ; 40 x 27,8 cm",1,"Forteresses | Djerba, Île de | Personnages",Tunisie,"Échelle(s) : [1:1 030 environ], Canne 60 [= 15,4 cm]",ita,"Bibliothèque nationale de France, département Cartes et plans, GE DD-626 (64 RES)",domaine public | public domain,plan | plan | view | vue | image fixe | image | still image,cartes,high,tunis,country | island,djerba | tunisia | tunisie,https://gallica.bnf.fr/ark:/12148/btv1b550051358,https://gallica.bnf.fr/iiif/ark:/12148/btv1b550051358/manifest.json,Gallica,https://gallica.bnf.fr/ark:/12148/btv1b550051358.thumbnail,Notice de recueil : http://catalogue.bnf.fr/ark:/12148/cb41435795k,,IFN-55005135
btv1b55008266c,"Plantz, pourtraitz et descriptions de plusieurs villes et forteresses, tant de l'Europe, Asie, & Afrique, que des Indes, & terres neuves: Leurs fondations, antiquitez, & manieres de vivre: Avec plusieurs cartes generales & particulieres, servans à la Cosmographie, iointes à leurs declarations: deux tables fort amples, l'une des chapitres, & l'autre des matieres contenues en ce present livre. Le tout mis par ordre, region par region, par Antoine du Pinet",1564,1564,1564,16th c.,1564,"Du Pinet, Antoine (1510?-15..). Cartographe | Apian, Philip (1531-1589). Auteur adapté | Gemma Frisius (1508-1555). Auteur adapté | Guéroult, Guillaume (1507?-1569). Auteur adapté | Guéroult, Guillaume (1507?-1569). Auteur adapté | Guéroult, Guillaume (1507?-1569). Auteur adapté | Guéroult, Guillaume (1507?-1569). Auteur adapté | Guéroult, Guillaume (1507?-1569). Auteur adapté | Guéroult, Guillaume (1507?-1569). Auteur adapté | Münster, Sebastian (1489-1552). Auteur adapté | Guéroult, Guillaume (1507?-1569). Auteur adapté | Münster, Sebastian (1489-1552). Auteur adapté | Guéroult, Guillaume (1507?-1569). Auteur adapté | Guéroult, Guillaume (1507?-1569). Auteur adapté | Guéroult, Guillaume (1507?-1569). Auteur adapté | Guéroult, Guillaume (1507?-1569). Auteur adapté | Münster, Sebastian (1489-1552). Auteur adapté | Guéroult, Guillaume (1507?-1569). Auteur adapté | Guéroult, Guillaume (1507?-1569). Auteur adapté | Laurence (17..-17.. ; dessinateur). Auteur adapté | Guéroult, Guillaume (1507?-1569). Auteur adapté | Manuel, Hans Rudolf (1525-1571). Graveur | Guéroult, Guillaume (1507?-1569). Auteur adapté | Guéroult, Guillaume (1507?-1569). Auteur adapté | Guéroult, Guillaume (1507?-1569). Auteur adapté | Guéroult, Guillaume (1507?-1569). Auteur adapté | Guéroult, Guillaume (1507?-1569). Auteur adapté | Münster, Sebastian (1489-1552). Auteur adapté | Guéroult, Guillaume (1507?-1569). Auteur adapté | Guéroult, Guillaume (1507?-1569). Auteur adapté | Guéroult, Guillaume (1507?-1569). Auteur adapté | Guéroult, Guillaume (1507?-1569). Auteur adapté | Münster, Sebastian (1489-1552). Auteur adapté | Münster, Sebastian (1489-1552). Auteur adapté | Münster, Sebastian (1489-1552). Auteur adapté | Münster, Sebastian (1489-1552). Auteur adapté | Münster, Sebastian (1489-1552). Auteur adapté | Ramusio, Giovanni Battista (1485-1557). Auteur adapté | Bordoni, Benedetto (1450?-1530). Auteur adapté","A Lyon, Par Ian d'Ogerolles. M.D.LXIIII",,"1 atlas, 33 x 22 cm, [8]-VXXXVI-308-[21] p., sign.*4, &-y6, a6, b4, c-h6, i-t4, v-z6, A-D46, E6, F-G4, H-K6: 41 cartes, vignettes",362,Villes | Afrique | Asie | Europe,Monde,,fre,"Bibliothèque nationale de France, département Cartes et plans, GE DD-322",domaine public | public domain,atlas | atlas | image fixe | image | still image,cartes,medium,,city,medenine,https://gallica.bnf.fr/ark:/12148/btv1b55008266c,https://gallica.bnf.fr/iiif/ark:/12148/btv1b55008266c/manifest.json,Gallica,https://gallica.bnf.fr/ark:/12148/btv1b55008266c.thumbnail,http://catalogue.bnf.fr/ark:/12148/cb405926877,,IFN-55008266
btv1b8490778x,Benigni lettori / per reppresentarvi piu particulari della citta di Tunisi...,1566,1566,1566,16th c.,1566,"Zaltieri, Bolognino (15..-15.. ; imprimeur-libraire). Auteur du texte",ex aeneis formis Bolognini Zalterii (Venetiis),1:150 000,1 flle ; 387 x 268,1,Théâtre de la guerre | Théâtre de la guerre | Tunis -- Environs,Tunisie,Échelle(s) : [1:150 000 environ],ita,"Bibliothèque nationale de France, département Cartes et plans, GE D-13983",domaine public | public domain,map | carte | image fixe | image | still image,cartes,high,tunis,city | country,tunis | tunisia | tunisie,https://gallica.bnf.fr/ark:/12148/btv1b8490778x,https://gallica.bnf.fr/iiif/ark:/12148/btv1b8490778x/manifest.json,Gallica,https://gallica.bnf.fr/ark:/12148/btv1b8490778x.thumbnail,Notice de recueil : http://catalogue.bnf.fr/ark:/12148/cb405939263,,IFN-8490778
btv1b85953649,Benigni lettori per rappresentavi piu particulari della citta di Tunisi ...,1566,1566,1566,16th c.,1566,,ex aeneis formis Bolognini Zaltierii (Venetiis),,"1 feuille ; 40,5 x 49 cm",1,Tunis | La Goulette | Navires à voiles,Tunisie,[Benigni lettori per rappresentavi piu particulari della citta di Tunisi ...] | Appartient à l’ensemble documentaire : AnvilAf | Appartient à l’ensemble documentaire : MAEDI008 | Appartient à l’ensemble documentaire : MAEDIGen0,ita,"Bibliothèque nationale de France, département Cartes et Plans, GE DD-2987 (7992)",domaine public | public domain,image fixe | image | still image,cartes,high,tunis,city | country,la goulette | tunis | tunisia | tunisie,https://gallica.bnf.fr/ark:/12148/btv1b85953649,https://gallica.bnf.fr/iiif/ark:/12148/btv1b85953649/manifest.json,Gallica,https://gallica.bnf.fr/ark:/12148/btv1b85953649.thumbnail,Notice de recueil : http://catalogue.bnf.fr/ark:/12148/cb40577015h,,IFN-8595364
btv1b55000296v,Citta di Tunisi,1566,1566,1566,16th c.,1566,,ex aeneis formis Bolognini Zalterii (Venetiis),1:150 000,1 carte : ill. ; 39 x 27 cm,1,Théâtre de la guerre | Tunis -- Environs,Tunisie,Échelle(s) : [1:150 000 environ],ita,"Bibliothèque nationale de France, département Cartes et plans, GE DD-1140 (109 RES)",domaine public | public domain,map | carte | image fixe | image | still image,cartes,high,tunis,city | country,tunis | tunisia | tunisie,https://gallica.bnf.fr/ark:/12148/btv1b55000296v,https://gallica.bnf.fr/iiif/ark:/12148/btv1b55000296v/manifest.json,Gallica,https://gallica.bnf.fr/ark:/12148/btv1b55000296v.thumbnail,Notice de recueil : http://catalogue.bnf.fr/ark:/12148/cb414461376,,IFN-55000296
btv1b55004731d,Citta di Tunisi...,1566,1566,1566,16th c.,1566,,ex aeneis formis Bolognini Zalterii (Venetiis),1:150 000,1 carte : ill. ; 39 x 27 cm,1,Camps militaires | Théâtre de la guerre | Tunis -- Environs,Tunisie,Échelle(s) : [ca 1:150 000],ita,"Bibliothèque nationale de France, département Cartes et plans, GE DD-626 (62 RES)",domaine public | public domain,map | carte | image fixe | image | still image,cartes,high,tunis,city | country,tunis | tunisia | tunisie,https://gallica.bnf.fr/ark:/12148/btv1b55004731d,https://gallica.bnf.fr/iiif/ark:/12148/btv1b55004731d/manifest.json,Gallica,https://gallica.bnf.fr/ark:/12148/btv1b55004731d.thumbnail,Notice de recueil : http://catalogue.bnf.fr/ark:/12148/cb41435795k,,IFN-55004731
btv1b550000800,Disegno de la Goletta,1570,1570,1570,16th c.,1570,,[s.n.],1:2 900,"1 plan ; 32,5 x 24 cm",1,Fortifications | La Goulette -- Fortifications,Tunisie,"Échelle(s) : [1:2 900 environ], Canne 58 [= 4,2 cm]",ita,"Bibliothèque nationale de France, département Cartes et plans, GE DD-1140 (108 RES)",domaine public | public domain,map | carte | image fixe | image | still image,cartes,high,tunis,city | country | historic,goletta | la goulette | tunisia | tunisie,https://gallica.bnf.fr/ark:/12148/btv1b550000800,https://gallica.bnf.fr/iiif/ark:/12148/btv1b550000800/manifest.json,Gallica,https://gallica.bnf.fr/ark:/12148/btv1b550000800.thumbnail,Notice de recueil : http://catalogue.bnf.fr/ark:/12148/cb414461376,,IFN-55000080
btv1b8440179w,Disegno de la Goletta... Canne 50 [=Om. 042 ; 1 : 2 900 environ],1570,1570,1570,16th c.,1570,,[s.n.],,1 flle ; 322 x 240,1,Fortifications | La Goulette -- Fortifications,Tunisie,,ita,"Bibliothèque nationale de France, département Cartes et plans, GE D-1281",domaine public | public domain,map | carte | image fixe | image | still image,cartes,high,tunis,city | country | historic,goletta | la goulette | tunisia | tunisie,https://gallica.bnf.fr/ark:/12148/btv1b8440179w,https://gallica.bnf.fr/iiif/ark:/12148/btv1b8440179w/manifest.json,Gallica,https://gallica.bnf.fr/ark:/12148/btv1b8440179w.thumbnail,http://catalogue.bnf.fr/ark:/12148/cb40644593h,,IFN-8440179
btv1b53042292h,Insularum aliquot maris Mediterranei descriptio / par Jacobo Castaldo,1570,1570,1570,16th c.,1570,"Gastaldi, Giacomo (1500?-1566). Cartographe | Ortelius, Abraham (1527-1598). Auteur du texte",[s.n.] (),,1 carte : ill. ; 42 x 49 cm,2,"Galères | Sardaigne | Sicile, Île de | Corfou, Île de | Djerba, Île de | Elbe, Île d' | Malte | Navires à voiles",Italie – Sicile | Tunisie | Italie – Toscane | Malte,Appartient à l’ensemble documentaire : MAEDI008 | Appartient à l’ensemble documentaire : MAEDIGen0,lat,"Bibliothèque nationale de France, département Cartes et plans, GE DD-2987 (5682)",domaine public | public domain,map | carte | image fixe | image | still image,cartes,high,tunis,country | island,djerba | tunisia | tunisie,https://gallica.bnf.fr/ark:/12148/btv1b53042292h,https://gallica.bnf.fr/iiif/ark:/12148/btv1b53042292h/manifest.json,Gallica,https://gallica.bnf.fr/ark:/12148/btv1b53042292h.thumbnail,Notice de recueil : http://catalogue.bnf.fr/ark:/12148/cb40577015h,,IFN-53042292
btv1b55005280g,"La notte del ultimo di Febraro 1570 havendo il molto Ill. sigr. Don Alfonso Pimentel Capitan Gnal de la Goleta inteso / per le sue spie, che Uxli teneva sette barchoni à la Porta di Tunise...",1570,1570,1570,16th c.,1570,,[s.n.],,1 flle ; 520 x 380,1,Sièges (art militaire) | Théâtre de la guerre | Tunis -- Siègesart militaire) | Tunis -- Plans de ville,Tunisie,,ita,"Bibliothèque nationale de France, département Cartes et plans, GE D-1280 (RES)",domaine public | public domain,map | carte | image fixe | image | still image,cartes,high,tunis,city | country | historic,goletta | tunis | tunisia | tunisie,https://gallica.bnf.fr/ark:/12148/btv1b55005280g,https://gallica.bnf.fr/iiif/ark:/12148/btv1b55005280g/manifest.json,Gallica,https://gallica.bnf.fr/ark:/12148/btv1b55005280g.thumbnail,Notice d'ensemble : http://catalogue.bnf.fr/ark:/12148/cb40632641v,,IFN-55005280
btv1b55000483v,"La notte del ultimo di Febraro 1570 havendo il molto Ill. sigr. Don Alfonso Pimentel Capitan Gnal de la Goleta inteso per le sue spie, che Uxli teneva sette barchoni à la Porta di Tunise...",1570,1570,1570,16th c.,1570,"Pimental, Alfonso (15..-15..). Cartographe",[s.n.],,1 carte ; 52 x 38 cm,1,Sièges (art militaire) | Théâtre de la guerre | Tunis -- Siègesart militaire) | La Goulette -- Siègesart militaire),Tunisie,,ita,"Bibliothèque nationale de France, département Cartes et plans, GE DD-1140 (110 RES)",domaine public | public domain,map | carte | image fixe | image | still image,cartes,high,tunis,city | country | historic,goletta | la goulette | tunis | tunisia | tunisie,https://gallica.bnf.fr/ark:/12148/btv1b55000483v,https://gallica.bnf.fr/iiif/ark:/12148/btv1b55000483v/manifest.json,Gallica,https://gallica.bnf.fr/ark:/12148/btv1b55000483v.thumbnail,Notice de recueil : http://catalogue.bnf.fr/ark:/12148/cb414461376,,IFN-55000483
btv1b101004136,"Natoliae, quae olim Asia Minor, nova descriptio ; Aegypti recentior descriptio ; Carthaginis celeberrimi sinus typus",1570,1570,1570,16th c.,1570,"Ortelius, Abraham (1527-1598). Cartographe",[Ant. Coppenius Diesth] (Antverpiae),,3 cartes sur une flle. : en coul. ; 41 x 55 cm,2,Asie Mineure | Asie Mineure ancienne | Égypte | Tunisie,Afrique septentrionale | Asie occidentale,Échelle(s) : [Échelle non déterminable] | Numérisé par le partenaire | Appartient à l’ensemble documentaire : BNUStras1 | Appartient à l’ensemble documentaire : BNUStr054 | Appartient à l’ensemble documentaire : BNUStr000 | Appartient à l’ensemble documentaire : BNUStr072 | Cartes anciennes,lat,"Bibliothèque nationale et universitaire de Strasbourg, CARTE91256-2",domaine public | public domain,map | carte | image fixe | image | still image,cartes,high,tunis,country,tunisia | tunisie,https://gallica.bnf.fr/ark:/12148/btv1b101004136,https://gallica.bnf.fr/iiif/ark:/12148/btv1b101004136/manifest.json,Gallica,https://gallica.bnf.fr/ark:/12148/btv1b101004136.thumbnail,http://catalogue.bnf.fr/ark:/12148/cb44409326d,,IFN-10100413
oai:patrimoine-numerique.ville-valenciennes.fr:ark:/29755/B_596066101_MS_0488/F_002,[Carte de l'Europe de l'Ouest et de l'Afrique du Nord],1572,1572,1572,16th c.,1572,"Holives, Jaime. Editeur",,,"Peinture sur vélin ; 44 x 58,8 cm (cadre), 46 x 60 cm (feuille)",,Rose des vents | Rumb | Afrique | Europe | Carte nautique | Portulan | Montagne | Fleuve | Ville | Tropique du Cancer | Mer Méditerranée | Île | Sardaigne | Corse | Roi | Fleuve | Venise | France | Espagne | Angleterre | Îles Britanniques | Italie | Guinée | Fès | Tunis | Océan Atlantique | Islande | Mer du Nord | Mer Baltique,,,cat,"Bibliothèque municipale de Valenciennes, Ms 0488, f. 002",,image | document cartographique | cartographic resource | plan | plan,cartes,high,tunis,city,tunis,https://patrimoine-numerique.ville-valenciennes.fr/ark:/29755/B_596066101_MS_0488/F_002,,Bibliothèque numérique de Valenciennes,https://patrimoine-numerique.ville-valenciennes.fr/in/rest/Thumb/image?id=ark:/29755/B_596066101_MS_0488/F_002&amp;mat=ManuscriptMap,,,
btv1b84946797,Fortezza di Gerbi,1573,1573,1573,16th c.,1573,,[s.n.],1:2 500,1 flle ; 400 x 275,1,"Citadelles | Djerba, Île de",Tunisie,Échelle(s) : Canne 60 [=Om. 154 ; 1:2 500 ca],ita,"Bibliothèque nationale de France, département Cartes et plans, GE D-17029",domaine public | public domain,map | carte | image fixe | image | still image,cartes,high,tunis,country | island,djerba | tunisia | tunisie,https://gallica.bnf.fr/ark:/12148/btv1b84946797,https://gallica.bnf.fr/iiif/ark:/12148/btv1b84946797/manifest.json,Gallica,https://gallica.bnf.fr/ark:/12148/btv1b84946797.thumbnail,Notice de recueil : http://catalogue.bnf.fr/ark:/12148/cb40593927f,,IFN-8494679
btv1b55005028t,"Il novo disegno di Tunisi et la Goletta fatto con le factioni haute e gl'ultimi duisi, con l'annotatione de beloardi de la nova fortezza tra Tunisi et lo Stagno...",1574,1574,1574,16th c.,1574,,[s.n.] (In Roma),1:60 000,1 carte : ill. ; 46 x 31 cm,1,Théâtre de la guerre | Tunis -- Environs -- Batailles | La Goulette -- Environs -- Batailles,Tunisie,Échelle(s) : [1:60 000 environ],ita,"Bibliothèque nationale de France, département Cartes et plans, GE DD-626 (63 RES)",domaine public | public domain,map | carte | image fixe | image | still image,cartes,high,tunis,city | country | historic,goletta | la goulette | tunis | tunisia | tunisie,https://gallica.bnf.fr/ark:/12148/btv1b55005028t,https://gallica.bnf.fr/iiif/ark:/12148/btv1b55005028t/manifest.json,Gallica,https://gallica.bnf.fr/ark:/12148/btv1b55005028t.thumbnail,Notice de recueil : http://catalogue.bnf.fr/ark:/12148/cb41435795k,,IFN-55005028
btv1b550051714,Pianta del forto novo de Tunisi,1574,1574,1574,16th c.,1574,,[s.n.],1:3 800,"1 plan ; 31 x 45,5 cm",1,Forteresses | Tunis,Tunisie,"Échelle(s) : [1:3 800 environ], Cane numero 100 [= 6,9 cm]",ita,"Bibliothèque nationale de France, département Cartes et plans, GE DD-626 (61 RES)",domaine public | public domain,plan | plan | image fixe | image | still image,cartes,high,tunis,city | country,tunis | tunisia | tunisie,https://gallica.bnf.fr/ark:/12148/btv1b550051714,https://gallica.bnf.fr/iiif/ark:/12148/btv1b550051714/manifest.json,Gallica,https://gallica.bnf.fr/ark:/12148/btv1b550051714.thumbnail,Notice de recueil : http://catalogue.bnf.fr/ark:/12148/cb41435795k,,IFN-55005171
bpt6k326843q,Théâtre des cités du monde. Premier volume,1574,1574,1575,16th c.,1574-1575,"Braun, Georg (1541-1622). Auteur du texte | Hogenberg, Frans (1539?-1590?). Auteur du texte","[Cologne, ca 1574-1575]",,"[6] f., 59 f. de pl. (cartes en double page), [14] f. (Index) : gr. ; In-fol",28,Villes | Monde,Monde,[Civitates orbis terrarum (français). 1574-1575] | Échelle(s) : Echelles diverses | Avec mode texte,fre,"Bibliothèque nationale de France, département Arsenal, FOL-H-80 (3)",domaine public | public domain,atlas | atlas | view | vue | atlas | atlas | image fixe | image | still image,cartes,medium,,city,medenine,https://gallica.bnf.fr/ark:/12148/bpt6k326843q,https://gallica.bnf.fr/iiif/ark:/12148/bpt6k326843q/manifest.json,Gallica,https://gallica.bnf.fr/ark:/12148/bpt6k326843q.thumbnail,Notice d'ensemble : http://catalogue.bnf.fr/ark:/12148/cb435032032,,
bd6t5700000d,Théâtre des cités du monde. Volume 1 / par Georges Bruin,1574,1574,1618,,1574-1618,"Braun, Georg (1541-1622). Auteur du texte | Hogenberg, Frans (1539?-1590?). Auteur du commentaire | Hittorp, Melchior (1525-1584). Auteur du commentaire | Novellanus, Simon. Graveur",,,"3 vol. : cartes, plans, ill. ; 43 cm In-folio",424,Villes | Cartes du monde | Monde,Monde | W 180° - E 180° / N 90° - S 90°,Titre original : Civitates orbis terrarum [...] | Échelle(s) : x | Appartient à l’ensemble documentaire : BnGren00 | Appartient à l’ensemble documentaire : PrnS001 | Avec mode texte | Ouvrages avant 1800 | Cartes anciennes | Atlas,fre,"Bibliothèque municipale de Grenoble, A.849 Rés.",domaine public | public domain,atlas | atlas | atlas | atlas | view | vue | atlas | atlas | image fixe | image | still image,cartes,medium,,city,carthage | la goulette | medenine | sousse | tunis,https://gallica.bnf.fr/ark:/12148/bd6t5700000d,https://gallica.bnf.fr/iiif/ark:/12148/bd6t5700000d/manifest.json,Gallica,https://gallica.bnf.fr/ark:/12148/bd6t5700000d.thumbnail,Notice d'ensemble : http://catalogue.bnf.fr/ark:/12148/cb469544019,,
bpt6k326845g,Theatre des principales villes de tout l'univers. Second volume,1574,1574,1575,16th c.,1574-1575,"Braun, Georg (1541-1622). Auteur du texte | Hogenberg, Frans (1539?-1590?). Auteur du texte","[Cologne, ca 1574-1575]",,"[4] f., 59 f. de pl. (cartes en double page), [4] f. (Index) : gr. ; In-fol",197,Villes | Monde,Monde,[Civitates orbis terrarum (français). 1574-1575] | Échelle(s) : Echelles diverses | Avec mode texte,fre,"Bibliothèque nationale de France, département Arsenal, FOL-H-80 (4)",domaine public | public domain,atlas | atlas | view | vue | atlas | atlas | image fixe | image | still image,cartes,medium,,city | polity,carthage | la goulette | medenine | royaume de tunis | tunis,https://gallica.bnf.fr/ark:/12148/bpt6k326845g,https://gallica.bnf.fr/iiif/ark:/12148/bpt6k326845g/manifest.json,Gallica,https://gallica.bnf.fr/ark:/12148/bpt6k326845g.thumbnail,Notice d’oeuvre : http://catalogue.bnf.fr/ark:/12148/cb17735477v,,
btv1b84946819,"Tunetis Urbis, ac novae eius arcis et Guletae, quae Philippo Hispan. Regi parent uti a Turcis, et Mauris Selimo, Thraciae Rege, Anno Christi 1574 mense Julio et Augusto fixes castris oppugnabantur, effigies",1574,1574,1574,16th c.,1574,,[s.n.],,1 flle ; 415 x 320,1,Sièges (art militaire) | Plans de ville | Théâtre de la guerre | Tunis -- Siègesart militaire),Tunisie,,lat,"Bibliothèque nationale de France, département Cartes et plans, GE D-17031",domaine public | public domain,map | carte | image fixe | image | still image,cartes,high,tunis,city | country,tunis | tunisia | tunisie,https://gallica.bnf.fr/ark:/12148/btv1b84946819,https://gallica.bnf.fr/iiif/ark:/12148/btv1b84946819/manifest.json,Gallica,https://gallica.bnf.fr/ark:/12148/btv1b84946819.thumbnail,Notice de recueil : http://catalogue.bnf.fr/ark:/12148/cb405939263,,IFN-8494681
btv1b531432496,"Tunetis Urbis, ac novae eius arcis et Guletae, quae Philippo Hispan: Regi parent uti a Turcis, et Mauris Selimo, Thraciae Rege, Anno Christi [1574] mense Julio et Augusto fixis castris oppugnabantur, effigies",1574,1574,1574,16th c.,1574,,[s.n.],,"1 vue ; 32,5 x 42 cm, sur flle 40 x 53,5 cm",1,Galères | Sièges (art militaire) | Théâtre de la guerre | Tunis -- Siègesart militaire),Tunisie,,lat,"Bibliothèque nationale de France, département Cartes et plans, GE SH 18 PF 224 DIV 2 P 10 D",domaine public | public domain,view | vue | plan | plan | image fixe | image | still image,cartes,high,tunis,city | country,tunis | tunisia | tunisie,https://gallica.bnf.fr/ark:/12148/btv1b531432496,https://gallica.bnf.fr/iiif/ark:/12148/btv1b531432496/manifest.json,Gallica,https://gallica.bnf.fr/ark:/12148/btv1b531432496.thumbnail,Notice de recueil : http://catalogue.bnf.fr/ark:/12148/cb44424924k,,IFN-53143249
btv1b8595371f,"Tunetis urbis, ac novae ejus arcis, et Guletae ...",1574,1574,1574,16th c.,1574,,[s.n.],,"1 feuille ; 32,5 x 41,5 cm",1,Galères | Batailles navales | Tunis | La Goulette,Tunisie,"[Tunetis urbis, ac novae ejus arcis, et Guletae ...] | Appartient à l’ensemble documentaire : AnvilAf",lat,"Bibliothèque nationale de France, département Cartes et Plans, GE DD-2987 (7998)",domaine public | public domain,image fixe | image | still image,cartes,high,tunis,city | country,la goulette | tunis | tunisia | tunisie,https://gallica.bnf.fr/ark:/12148/btv1b8595371f,https://gallica.bnf.fr/iiif/ark:/12148/btv1b8595371f/manifest.json,Gallica,https://gallica.bnf.fr/ark:/12148/btv1b8595371f.thumbnail,Notice de recueil : http://catalogue.bnf.fr/ark:/12148/cb40577015h,,IFN-8595371
btv1b8494678t,"Disigno dell'Isola de Gerbi con le seche che la difendeno dall'inondatione del mare et il sito della fortezza fatta da Christiani alla defesa della quala vi e restato cinq millia valorosi soldati, e buona provisione di vituaglie e munitione che con l'aiuto di Dio bastara à diffenderla dall'insulti de l'armata turchescha",1575,1575,1575,16th c.,1575,,[s.n.],1:250 000,1 flle ; 445 x 300,1,"Îles | Djerba, Île de",Tunisie,Échelle(s) : Miglia 30 [=Om. 222 ; 1:250 000 ca],ita,"Bibliothèque nationale de France, département Cartes et plans, GE D-17028",domaine public | public domain,map | carte | image fixe | image | still image,cartes,high,tunis,country | island,djerba | tunisia | tunisie,https://gallica.bnf.fr/ark:/12148/btv1b8494678t,https://gallica.bnf.fr/iiif/ark:/12148/btv1b8494678t/manifest.json,Gallica,https://gallica.bnf.fr/ark:/12148/btv1b8494678t.thumbnail,Notice de recueil : http://catalogue.bnf.fr/ark:/12148/cb40593927f,,IFN-8494678
bpt6k324274q,"La Cosmographie universelle de tout le monde en laquelle, suivant les auteurs plus dignes de foy, sont au vray descriptes toutes les parties habitables & non habitables de la terre et de la mer, leurs assiettes & choses qu'elles produisent: puis la description & peincture topographique des régions, la différence de l'air de chacun pays d'où advient la diversité tant de la complexion des hommes que des figures des bestes brutes. Et encor l'origine, noms ou appellations tant modernes qu'anciennes & description de plusieurs villes, citez & isles avec leurs plantz & pourtraictz & sur tout de la France, non encor iusques à present veus ny imprimez. S'y voyent aussi d'avantage, les origines, accroissemens & changemens des monarchies, empires, royaumes, estatz & republiques: ensemble les moeurs, façons de vivre, loix, coustumes, & religion de tous les peuples & natio[n]s du monde: & la succession des papes, cardinaux, archevesques & evesques, chacun en leur diocese, tant anciens que modernes: Avec plusieurs autres choses, le sommaire desquelles se void en la page suivante auteur en partie Munster, mais beaucoup plus augmentée, ornée & enrichie par François de Belle-Forest, Comingeois, tant de ses recerches [sic], comme de l'aide de plusieurs memoires envoyez de diverses villes de France, par hommes amateurs de l'histoire & de leur patrie Avec trois tables, l'une des plantz & pourtraicts des isles et des villes. La seconde, des tiltres & chapitres. Et la troisiesme, de tous les noms propres & des matières co[m]prises en tout l'oeuvre",1575,1575,1575,16th c.,1575,"Belleforest, François de (1530-1583). Auteur du texte. Cartographe | Ortelius, Abraham (1527-1598). Auteur adapté | Ortelius, Abraham (1527-1598). Auteur adapté | Ruscelli, Girolamo (1500?-1566). Auteur adapté | Braun, Georg (1541-1622). Auteur adapté | Hogenberg, Frans (1539?-1590?). Auteur adapté | Münster, Sebastian (1489-1552). Auteur adapté | Du Pinet, Antoine (1510?-15..). Auteur adapté | Guéroult, Guillaume (1507?-1569). Auteur adapté | Du Pinet, Antoine (1510?-15..). Auteur adapté | Guéroult, Guillaume (1507?-1569). Auteur adapté | Ortelius, Abraham (1527-1598). Auteur adapté | Eskrich, Pierre (1520?-159.?). Graveur | Rancurel, Raymond (15..-16..?). Graveur | Rancurel, Raymond (15..-16..?). Graveur | Arnoullet, Jean (15..-15..). Auteur adapté | Chaumeau, Jean. Auteur adapté | Du Pinet, Antoine (1510?-15..). Auteur adapté | Guéroult, Guillaume (1507?-1569). Auteur adapté | Rancurel, Raymond (15..-16..?). Graveur | Du Pinet, Antoine (1510?-15..). Auteur adapté | Simeoni, Gabriello (1509-1576). Auteur adapté | Münster, Sebastian (1489-1552). Auteur adapté | Bredin, Everard. Cartographe | Rancurel, Raymond (15..-16..?). Graveur | Rancurel, Raymond (15..-16..?). Graveur | Du Pinet, Antoine (1510?-15..). Auteur adapté | Guéroult, Guillaume (1507?-1569). Auteur adapté | Rancurel, Raymond (15..-16..?). Graveur | Du Pinet, Antoine (1510?-15..). Auteur adapté | Poldo d'Albenas, Jean (1512-1563). Auteur adapté | Poldo d'Albenas, Jean (1512-1563). Auteur adapté | Poldo d'Albenas, Jean (1512-1563). Auteur adapté | Du Pinet, Antoine (1510?-15..). Fonction indéterminée | Du Pinet, Antoine (1510?-15..). Auteur adapté | Guéroult, Guillaume (1507?-1569). Auteur adapté | Du Pinet, Antoine (1510?-15..). Auteur adapté | Guéroult, Guillaume (1507?-1569). Auteur adapté | Münster, Sebastian (1489-1552). Auteur adapté | Du Pinet, Antoine (1510?-15..). Auteur adapté | Guéroult, Guillaume (1507?-1569). Auteur adapté | Du Pinet, Antoine (1510?-15..). Auteur adapté | Guéroult, Guillaume (1507?-1569). Auteur adapté | Du Pinet, Antoine (1510?-15..). Auteur adapté | Guéroult, Guillaume (1507?-1569). Auteur adapté | Braun, Georg (1541-1622). Auteur adapté | Hogenberg, Frans (1539?-1590?). Auteur adapté | Du Pinet, Antoine (1510?-15..). Auteur adapté | Münster, Sebastian (1489-1552). Auteur adapté | Du Pinet, Antoine (1510?-15..). Auteur adapté | Du Pinet, Antoine (1510?-15..). Auteur adapté | Du Pinet, Antoine (1510?-15..). Auteur adapté | Manuel, Hans Rudolf (1525-1571). Graveur | Münster, Sebastian (1489-1552). Auteur adapté | Münster, Sebastian (1489-1552). Auteur adapté | Du Pinet, Antoine (1510?-15..). Auteur adapté | Guéroult, Guillaume (1507?-1569). Auteur adapté | Ortelius, Abraham (1527-1598). Auteur adapté | Münster, Sebastian (1489-1552). Auteur adapté | Ortelius, Abraham (1527-1598). Auteur adapté | Ortelius, Abraham (1527-1598). Auteur adapté | Gastaldi, Giacomo (1500?-1566). Auteur adapté | Ortelius, Abraham (1527-1598). Auteur adapté | Münster, Sebastian (1489-1552). Auteur adapté | Ortelius, Abraham (1527-1598). Auteur adapté | Münster, Sebastian (1489-1552). Auteur adapté | Münster, Sebastian (1489-1552). Auteur adapté | Münster, Sebastian (1489-1552). Auteur adapté | Münster, Sebastian (1489-1552). Auteur adapté | Münster, Sebastian (1489-1552). Auteur adapté | Münster, Sebastian (1489-1552). Auteur adapté | Münster, Sebastian (1489-1552). Auteur adapté | Münster, Sebastian (1489-1552). Auteur adapté | Münster, Sebastian (1489-1552). Auteur adapté | Münster, Sebastian (1489-1552). Auteur adapté | Münster, Sebastian (1489-1552). Auteur adapté | Münster, Sebastian (1489-1552). Auteur adapté | I. L. M. (15..-16..? ; graveur ?). Fonction indéterminée | Münster, Sebastian (1489-1552). Auteur adapté | Münster, Sebastian (1489-1552). Auteur adapté | Münster, Sebastian (1489-1552). Auteur adapté | Münster, Sebastian (1489-1552). Auteur adapté | Münster, Sebastian (1489-1552). Auteur adapté | Münster, Sebastian (1489-1552). Auteur adapté | Münster, Sebastian (1489-1552). Auteur adapté | Münster, Sebastian (1489-1552). Auteur adapté | Speyer, Aug. Ferd. (18..-18..). Graveur | Münster, Sebastian (1489-1552). Auteur adapté | Braun, Georg (1541-1622). Auteur adapté | Hogenberg, Frans (1539?-1590?). Auteur adapté | Braun, Georg (1541-1622). Auteur adapté | Hogenberg, Frans (1539?-1590?). Auteur adapté | Münster, Sebastian (1489-1552). Auteur adapté | Münster, Sebastian (1489-1552). Auteur adapté | Münster, Sebastian (1489-1552). Auteur adapté | Münster, Sebastian (1489-1552). Auteur adapté | Münster, Sebastian (1489-1552). Auteur adapté | Münster, Sebastian (1489-1552). Auteur adapté | Münster, Sebastian (1489-1552). Auteur adapté | Münster, Sebastian (1489-1552). Auteur adapté | Münster, Sebastian (1489-1552). Auteur adapté | Münster, Sebastian (1489-1552). Auteur adapté | Münster, Sebastian (1489-1552). Auteur adapté | Münster, Sebastian (1489-1552). Auteur adapté | Münster, Sebastian (1489-1552). Auteur adapté | Münster, Sebastian (1489-1552). Auteur adapté | Münster, Sebastian (1489-1552). Auteur adapté | Manuel, Hans Rudolf (1525-1571). Graveur | Münster, Sebastian (1489-1552). Auteur adapté | Münster, Sebastian (1489-1552). Auteur adapté | Pillot (17..-17..? ; graveur). Graveur | Münster, Sebastian (1489-1552). Auteur adapté | Münster, Sebastian (1489-1552). Auteur adapté | Münster, Sebastian (1489-1552). Auteur adapté | Camocio, Giovanni Francesco (15..-1575?). Auteur adapté | Camocio, Giovanni Francesco (15..-1575?). Auteur adapté | Ortelius, Abraham (1527-1598). Auteur adapté | Bertelli, Fernando (15..-15..? ; éditeur). Auteur adapté | Camocio, Giovanni Francesco (15..-1575?). Auteur adapté | Carr, A. P. (19..-....). Auteur adapté | Camocio, Giovanni Francesco (15..-1575?). Auteur adapté | Ortelius, Abraham (1527-1598). Auteur adapté | Camocio, Giovanni Francesco (15..-1575?). Auteur adapté | Braun, Georg (1541-1622). Auteur adapté | Hogenberg, Frans (1539?-1590?). Auteur adapté | Ortelius, Abraham (1527-1598). Auteur adapté | Braun, Georg (1541-1622). Auteur adapté | Hogenberg, Frans (1539?-1590?). Auteur adapté | Braun, Georg (1541-1622). Auteur adapté | Hogenberg, Frans (1539?-1590?). Auteur adapté | Braun, Georg (1541-1622). Auteur adapté | Hogenberg, Frans (1539?-1590?). Auteur adapté | Braun, Georg (1541-1622). Auteur adapté | Hogenberg, Frans (1539?-1590?). Auteur adapté | Braun, Georg (1541-1622). Auteur adapté | Hogenberg, Frans (1539?-1590?). Auteur adapté | Braun, Georg (1541-1622). Auteur adapté | Hogenberg, Frans (1539?-1590?). Auteur adapté | Braun, Georg (1541-1622). Auteur adapté | Hogenberg, Frans (1539?-1590?). Auteur adapté | Braun, Georg (1541-1622). Auteur adapté | Hogenberg, Frans (1539?-1590?). Auteur adapté | Braun, Georg (1541-1622). Auteur adapté | Hogenberg, Frans (1539?-1590?). Auteur adapté | Braun, Georg (1541-1622). Auteur adapté | Hogenberg, Frans (1539?-1590?). Auteur adapté | Ortelius, Abraham (1527-1598). Auteur adapté | Ortelius, Abraham (1527-1598). Auteur adapté | Braun, Georg (1541-1622). Auteur adapté | Hogenberg, Frans (1539?-1590?). Auteur adapté | Braun, Georg (1541-1622). Auteur adapté | Hogenberg, Frans (1539?-1590?). Auteur adapté | Braun, Georg (1541-1622). Auteur adapté | Hogenberg, Frans (1539?-1590?). Auteur adapté | Braun, Georg (1541-1622). Auteur adapté | Hogenberg, Frans (1539?-1590?). Auteur adapté | Du Pinet, Antoine (1510?-15..). Auteur adapté | Braun, Georg (1541-1622). Auteur adapté | Hogenberg, Frans (1539?-1590?). Auteur adapté | Forlani, Paolo. Auteur adapté","A Paris chez Nicolas Chesneau, rue S[aint] Iaques, au chesne verd [ou ""A Paris chez Michel Sonnius, rue S[aint] Iaques, à l'escu de Basle""] M.D.LXXV. Avec privilège du roy et de la cour",,"1 atlas, 2 t. en 3 vol. : 62 + 68 + 33 cartes avec de nombreuses armoiries ; 36,5 x 23,5 cm",636,Villes | France,Monde,Avec mode texte,fre,"Bibliothèque nationale de France, département Philosophie, histoire, sciences de l'homme, SMITH LESOUEF R-403",domaine public | public domain,atlas | atlas | view | vue | image fixe | image | still image,cartes,medium,,city,carthage | medenine,https://gallica.bnf.fr/ark:/12148/bpt6k324274q,https://gallica.bnf.fr/iiif/ark:/12148/bpt6k324274q/manifest.json,Gallica,https://gallica.bnf.fr/ark:/12148/bpt6k324274q.thumbnail,Notice d'ensemble : http://catalogue.bnf.fr/ark:/12148/cb40592649p,,
bpt6k1505502g,"La Cosmographie universelle de tout le monde en laquelle, suivant les auteurs plus dignes de foy, sont au vray descriptes toutes les parties habitables & non habitables de la terre et de la mer, leurs assiettes & choses qu'elles produisent: puis la description & peincture topographique des régions, la différence de l'air de chacun pays d'où advient la diversité tant de la complexion des hommes que des figures des bestes brutes. Et encor l'origine, noms ou appellations tant modernes qu'anciennes & description de plusieurs villes, citez & isles avec leurs plantz & pourtraictz & sur tout de la France, non encor iusques à present veus ny imprimez. S'y voyent aussi d'avantage, les origines, accroissemens & changemens des monarchies, empires, royaumes, estatz & republiques: ensemble les moeurs, façons de vivre, loix, coustumes, & religion de tous les peuples & natio[n]s du monde: & la succession des papes, cardinaux, archevesques & evesques, chacun en leur diocese, tant anciens que modernes: Avec plusieurs autres choses, le sommaire desquelles se void en la page suivante auteur en partie Munster, mais beaucoup plus augmentée, ornée & enrichie par François de Belle-Forest, Comingeois, tant de ses recerches [sic], comme de l'aide de plusieurs memoires envoyez de diverses villes de France, par hommes amateurs de l'histoire & de leur patrie Avec trois tables, l'une des plantz & pourtraicts des isles et des villes. La seconde, des tiltres & chapitres. Et la troisiesme, de tous les noms propres & des matières co[m]prises en tout l'oeuvre. Tome 1",1575,1575,1575,16th c.,1575,"Belleforest, François de (1530-1583). Auteur du texte. Cartographe | Ortelius, Abraham (1527-1598). Auteur adapté | Ortelius, Abraham (1527-1598). Auteur adapté | Ruscelli, Girolamo (1500?-1566). Auteur adapté | Braun, Georg (1541-1622). Auteur adapté | Hogenberg, Frans (1539?-1590?). Auteur adapté | Münster, Sebastian (1489-1552). Auteur adapté | Du Pinet, Antoine (1510?-15..). Auteur adapté | Guéroult, Guillaume (1507?-1569). Auteur adapté | Du Pinet, Antoine (1510?-15..). Auteur adapté | Guéroult, Guillaume (1507?-1569). Auteur adapté | Ortelius, Abraham (1527-1598). Auteur adapté | Eskrich, Pierre (1520?-159.?). Graveur | Rancurel, Raymond (15..-16..?). Graveur | Rancurel, Raymond (15..-16..?). Graveur | Arnoullet, Jean (15..-15..). Auteur adapté | Chaumeau, Jean. Auteur adapté | Du Pinet, Antoine (1510?-15..). Auteur adapté | Guéroult, Guillaume (1507?-1569). Auteur adapté | Rancurel, Raymond (15..-16..?). Graveur | Du Pinet, Antoine (1510?-15..). Auteur adapté | Simeoni, Gabriello (1509-1576). Auteur adapté | Münster, Sebastian (1489-1552). Auteur adapté | Bredin, Everard. Cartographe | Rancurel, Raymond (15..-16..?). Graveur | Rancurel, Raymond (15..-16..?). Graveur | Du Pinet, Antoine (1510?-15..). Auteur adapté | Guéroult, Guillaume (1507?-1569). Auteur adapté | Rancurel, Raymond (15..-16..?). Graveur | Du Pinet, Antoine (1510?-15..). Auteur adapté | Poldo d'Albenas, Jean (1512-1563). Auteur adapté | Poldo d'Albenas, Jean (1512-1563). Auteur adapté | Poldo d'Albenas, Jean (1512-1563). Auteur adapté | Du Pinet, Antoine (1510?-15..). Fonction indéterminée | Du Pinet, Antoine (1510?-15..). Auteur adapté | Guéroult, Guillaume (1507?-1569). Auteur adapté | Du Pinet, Antoine (1510?-15..). Auteur adapté | Guéroult, Guillaume (1507?-1569). Auteur adapté | Münster, Sebastian (1489-1552). Auteur adapté | Du Pinet, Antoine (1510?-15..). Auteur adapté | Guéroult, Guillaume (1507?-1569). Auteur adapté | Du Pinet, Antoine (1510?-15..). Auteur adapté | Guéroult, Guillaume (1507?-1569). Auteur adapté | Du Pinet, Antoine (1510?-15..). Auteur adapté | Guéroult, Guillaume (1507?-1569). Auteur adapté | Braun, Georg (1541-1622). Auteur adapté | Hogenberg, Frans (1539?-1590?). Auteur adapté | Du Pinet, Antoine (1510?-15..). Auteur adapté | Münster, Sebastian (1489-1552). Auteur adapté | Du Pinet, Antoine (1510?-15..). Auteur adapté | Du Pinet, Antoine (1510?-15..). Auteur adapté | Du Pinet, Antoine (1510?-15..). Auteur adapté | Manuel, Hans Rudolf (1525-1571). Graveur | Münster, Sebastian (1489-1552). Auteur adapté | Münster, Sebastian (1489-1552). Auteur adapté | Du Pinet, Antoine (1510?-15..). Auteur adapté | Guéroult, Guillaume (1507?-1569). Auteur adapté | Ortelius, Abraham (1527-1598). Auteur adapté | Münster, Sebastian (1489-1552). Auteur adapté | Ortelius, Abraham (1527-1598). Auteur adapté | Ortelius, Abraham (1527-1598). Auteur adapté | Gastaldi, Giacomo (1500?-1566). Auteur adapté | Ortelius, Abraham (1527-1598). Auteur adapté | Münster, Sebastian (1489-1552). Auteur adapté | Ortelius, Abraham (1527-1598). Auteur adapté | Münster, Sebastian (1489-1552). Auteur adapté | Münster, Sebastian (1489-1552). Auteur adapté | Münster, Sebastian (1489-1552). Auteur adapté | Münster, Sebastian (1489-1552). Auteur adapté | Münster, Sebastian (1489-1552). Auteur adapté | Münster, Sebastian (1489-1552). Auteur adapté | Münster, Sebastian (1489-1552). Auteur adapté | Münster, Sebastian (1489-1552). Auteur adapté | Münster, Sebastian (1489-1552). Auteur adapté | Münster, Sebastian (1489-1552). Auteur adapté | Münster, Sebastian (1489-1552). Auteur adapté | Münster, Sebastian (1489-1552). Auteur adapté | I. L. M. (15..-16..? ; graveur ?). Fonction indéterminée | Münster, Sebastian (1489-1552). Auteur adapté | Münster, Sebastian (1489-1552). Auteur adapté | Münster, Sebastian (1489-1552). Auteur adapté | Münster, Sebastian (1489-1552). Auteur adapté | Münster, Sebastian (1489-1552). Auteur adapté | Münster, Sebastian (1489-1552). Auteur adapté | Münster, Sebastian (1489-1552). Auteur adapté | Münster, Sebastian (1489-1552). Auteur adapté | Speyer, Aug. Ferd. (18..-18..). Graveur | Münster, Sebastian (1489-1552). Auteur adapté | Braun, Georg (1541-1622). Auteur adapté | Hogenberg, Frans (1539?-1590?). Auteur adapté | Braun, Georg (1541-1622). Auteur adapté | Hogenberg, Frans (1539?-1590?). Auteur adapté | Münster, Sebastian (1489-1552). Auteur adapté | Münster, Sebastian (1489-1552). Auteur adapté | Münster, Sebastian (1489-1552). Auteur adapté | Münster, Sebastian (1489-1552). Auteur adapté | Münster, Sebastian (1489-1552). Auteur adapté | Münster, Sebastian (1489-1552). Auteur adapté | Münster, Sebastian (1489-1552). Auteur adapté | Münster, Sebastian (1489-1552). Auteur adapté | Münster, Sebastian (1489-1552). Auteur adapté | Münster, Sebastian (1489-1552). Auteur adapté | Münster, Sebastian (1489-1552). Auteur adapté | Münster, Sebastian (1489-1552). Auteur adapté | Münster, Sebastian (1489-1552). Auteur adapté | Münster, Sebastian (1489-1552). Auteur adapté | Münster, Sebastian (1489-1552). Auteur adapté | Manuel, Hans Rudolf (1525-1571). Graveur | Münster, Sebastian (1489-1552). Auteur adapté | Münster, Sebastian (1489-1552). Auteur adapté | Pillot (17..-17..? ; graveur). Graveur | Münster, Sebastian (1489-1552). Auteur adapté | Münster, Sebastian (1489-1552). Auteur adapté | Münster, Sebastian (1489-1552). Auteur adapté | Camocio, Giovanni Francesco (15..-1575?). Auteur adapté | Camocio, Giovanni Francesco (15..-1575?). Auteur adapté | Ortelius, Abraham (1527-1598). Auteur adapté | Bertelli, Fernando (15..-15..? ; éditeur). Auteur adapté | Camocio, Giovanni Francesco (15..-1575?). Auteur adapté | Carr, A. P. (19..-....). Auteur adapté | Camocio, Giovanni Francesco (15..-1575?). Auteur adapté | Ortelius, Abraham (1527-1598). Auteur adapté | Camocio, Giovanni Francesco (15..-1575?). Auteur adapté | Braun, Georg (1541-1622). Auteur adapté | Hogenberg, Frans (1539?-1590?). Auteur adapté | Ortelius, Abraham (1527-1598). Auteur adapté | Braun, Georg (1541-1622). Auteur adapté | Hogenberg, Frans (1539?-1590?). Auteur adapté | Braun, Georg (1541-1622). Auteur adapté | Hogenberg, Frans (1539?-1590?). Auteur adapté | Braun, Georg (1541-1622). Auteur adapté | Hogenberg, Frans (1539?-1590?). Auteur adapté | Braun, Georg (1541-1622). Auteur adapté | Hogenberg, Frans (1539?-1590?). Auteur adapté | Braun, Georg (1541-1622). Auteur adapté | Hogenberg, Frans (1539?-1590?). Auteur adapté | Braun, Georg (1541-1622). Auteur adapté | Hogenberg, Frans (1539?-1590?). Auteur adapté | Braun, Georg (1541-1622). Auteur adapté | Hogenberg, Frans (1539?-1590?). Auteur adapté | Braun, Georg (1541-1622). Auteur adapté | Hogenberg, Frans (1539?-1590?). Auteur adapté | Braun, Georg (1541-1622). Auteur adapté | Hogenberg, Frans (1539?-1590?). Auteur adapté | Braun, Georg (1541-1622). Auteur adapté | Hogenberg, Frans (1539?-1590?). Auteur adapté | Ortelius, Abraham (1527-1598). Auteur adapté | Ortelius, Abraham (1527-1598). Auteur adapté | Braun, Georg (1541-1622). Auteur adapté | Hogenberg, Frans (1539?-1590?). Auteur adapté | Braun, Georg (1541-1622). Auteur adapté | Hogenberg, Frans (1539?-1590?). Auteur adapté | Braun, Georg (1541-1622). Auteur adapté | Hogenberg, Frans (1539?-1590?). Auteur adapté | Braun, Georg (1541-1622). Auteur adapté | Hogenberg, Frans (1539?-1590?). Auteur adapté | Du Pinet, Antoine (1510?-15..). Auteur adapté | Braun, Georg (1541-1622). Auteur adapté | Hogenberg, Frans (1539?-1590?). Auteur adapté | Forlani, Paolo. Auteur adapté","A Paris chez Nicolas Chesneau, rue S[aint] Iaques, au chesne verd [ou ""A Paris chez Michel Sonnius, rue S[aint] Iaques, à l'escu de Basle""] M.D.LXXV. Avec privilège du roy et de la cour",,"1 atlas, 2 t. en 3 vol. : 62 + 68 + 33 cartes avec de nombreuses armoiries ; 36,5 x 23,5 cm",1559,Villes | France,Monde,Avec mode texte,fre,"Bibliothèque nationale de France, département Philosophie, histoire, sciences de l'homme, FOL-G-181",domaine public | public domain,atlas | atlas | view | vue | image fixe | image | still image,cartes,medium,,city,gabes,https://gallica.bnf.fr/ark:/12148/bpt6k1505502g,https://gallica.bnf.fr/iiif/ark:/12148/bpt6k1505502g/manifest.json,Gallica,https://gallica.bnf.fr/ark:/12148/bpt6k1505502g.thumbnail,Notice d'ensemble : http://catalogue.bnf.fr/ark:/12148/cb40592649p,,
btv1b531968799,Afr. II tab.,1578,1578,1578,16th c.,1578,"Mercator, Gerard (1512-1594). Cartographe | Ptolémée, Claude (0100?-0170?). Auteur adapté",[s.n.] | [après 1578],1:4 826 000,"1 carte ; 34 x 46,5 cm",3,"Géographie antique | Afrique, Province romaine d'",Libye | Tunisie | Algérie,Échelle(s) : [Ca 1:4 826 000] | Référence bibliographique : 0912:1.1 | Cartes,lat,"Bibliothèque nationale de France, département Cartes et plans, GE BB-246 (XVIII, 84-85)",domaine public | public domain,map | carte | image fixe | image | still image,cartes,high,tunis,country,tunisia | tunisie,https://gallica.bnf.fr/ark:/12148/btv1b531968799,https://gallica.bnf.fr/iiif/ark:/12148/btv1b531968799/manifest.json,Gallica,https://gallica.bnf.fr/ark:/12148/btv1b531968799.thumbnail,Notice de recueil : http://catalogue.bnf.fr/ark:/12148/cb45465939t,,
bpt6k3268443,Theatre des principales villes de tout l'Univers. Liber Tertius.,1583,1583,1583,16th c.,1583,"Braun, Georg (1541-1622). Auteur du texte | Hogenberg, Frans (1539?-1590?). Auteur du texte","(Coloniae, Typis Johannis Sinniger : Impensis Auctoris Francisci Hogenbergii. Ann. M. D. LXXXIII)",,"[10] f., 59 f. de pl. (cartes en double page), [10] f. (Index) : gr. ; In-fol",174,Villes | Monde,Monde,[Civitates orbis terrarum (français). 1583] | Échelle(s) : Echelles diverses | Avec mode texte,fre,"Bibliothèque nationale de France, département Arsenal, FOL-H-80 (2)",domaine public | public domain,atlas | atlas | view | vue | atlas | atlas | image fixe | image | still image,cartes,medium,,city,carthage,https://gallica.bnf.fr/ark:/12148/bpt6k3268443,https://gallica.bnf.fr/iiif/ark:/12148/bpt6k3268443/manifest.json,Gallica,https://gallica.bnf.fr/ark:/12148/bpt6k3268443.thumbnail,Notice d’oeuvre : http://catalogue.bnf.fr/ark:/12148/cb17735477v,,
btv1b550078451,"Geografia di M. Livio Sanuto distinta in XII libri. Né quali oltra l'esplicatione di molti luoghi di Tolemeo e della Bussola e dell'Aguglia si dichiarano le Provincie, Popoli, Regni, Città, Porte, Monti, Fiumi, Laghi e Costumi dell'Africa. Con XII tavole di essa Africa in dissegno di rame : Aggiunti de piu tre Indici da M.Giovan Carlo Saraceni, con Privilegie",1588,1588,1588,16th c.,1588,"Sanuto, Livio (1520-1576). Auteur du texte | Saraceni, Giovan Carlo (15..-15..?). Auteur du texte",Damiano Zenaro (Vinegia),,"1 atlas : front. dédicace, index en 48 pl. n. ch., cartes en 12 pl., texte en 146 pl. ; In-4°",381,"Afrique | Maroc, Royaume du | Alger, Province d' | Tunis, Royaume de | Égypte | Cyrénaïque | Abyssinie | Maures, Pays des",Afrique,"Échelle(s) : [Echelles diverses] | Comprend : Numidiae pars... Nigritarum Terrae [Mauritanie] ; Marochia. [Maroc méridional] ; Fessa tractus... [Maroc septentrional] ; Gezaira... [Algérie à l'Ouest de Bougie] ; Constantina. Tunetensis. Tripolitana ; Daron Desertum... Gaoga Regnum. [Cyrénaïque, Egypte] ; Aegyptus Inferior ; Barnagassum. Tigremaonum. [Abyssinie septentrionale] ; Xoa Regnum... Aiana Terra. [Abyssinie méridionale] ; Caferes undique populi. [Afrique australe]",ita,"Bibliothèque nationale de France, département Cartes et plans, GE DD-2011 (RES)",domaine public | public domain,atlas | atlas | atlas | atlas | image fixe | image | still image,cartes,high,tunis,city,tunis,https://gallica.bnf.fr/ark:/12148/btv1b550078451,https://gallica.bnf.fr/iiif/ark:/12148/btv1b550078451/manifest.json,Gallica,https://gallica.bnf.fr/ark:/12148/btv1b550078451.thumbnail,Notice de recueil : http://catalogue.bnf.fr/ark:/12148/cb40593927f,,IFN-55007845
btv1b53196817x,Africae propriae tabula / ex conatibus geographicis Abrahami Ortelii [...] 1590,1590,1590,1624,,1590-1624,"Ortelius, Abraham (1527-1598). Cartographe",[ex officina plantiniana Balthasaris Moreti] (Antverpiae),1:5 045 000,"1 carte ; 33,5 x 48,5 cm",3,"Afrique, Province romaine d'",Afrique (parties) | Tunisie | Libye | Algérie,Échelle(s) : [Ca 1:5 045 000] | Référence bibliographique : 31:711,lat,"Bibliothèque nationale de France, département Cartes et plans, GE BB-246 (XVIII, 100-101)",domaine public | public domain,map | carte | image fixe | image | still image,cartes,high,tunis,country,tunisia | tunisie,https://gallica.bnf.fr/ark:/12148/btv1b53196817x,https://gallica.bnf.fr/iiif/ark:/12148/btv1b53196817x/manifest.json,Gallica,https://gallica.bnf.fr/ark:/12148/btv1b53196817x.thumbnail,Notice de recueil : http://catalogue.bnf.fr/ark:/12148/cb45465939t,,
btv1b59641019,"Africae propriae tabula, in qua Punica regna uides, Tyrios et Agenoris urbem ; Sinus Carthaginensis / ex conatibus geographicis Abrahami Ortelii",1590,1590,1590,16th c.,1590,"Ortelius, Abraham (1527-1598). Cartographe",[s.n.] (),,"1 carte ; 43 x 49,5 cm",1,"Cartouches (ornement) | Afrique, Province romaine d' | Carthage, Site archéologique de -- Plans de ville -- Antiquité",Afrique (parties) | Tunisie,Appartient à l’ensemble documentaire : AnvilMF | Appartient à l’ensemble documentaire : MAEDI008 | Appartient à l’ensemble documentaire : MAEDIGen0,lat,"Bibliothèque nationale de France, département Cartes et plans, GE DD-2987 (10205)",domaine public | public domain,map | carte | image fixe | image | still image,cartes,high,tunis,city | country,carthage | tunisia | tunisie,https://gallica.bnf.fr/ark:/12148/btv1b59641019,https://gallica.bnf.fr/iiif/ark:/12148/btv1b59641019/manifest.json,Gallica,https://gallica.bnf.fr/ark:/12148/btv1b59641019.thumbnail,Notice de recueil : http://catalogue.bnf.fr/ark:/12148/cb40577015h,,IFN-5964101
btv1b53143250k,Tunes Oppidum Barbarie & Regina fedes 1535 [...] / Joanne Maio,1593,1593,1593,16th c.,1593,"Maior, Johann (15..-15..). Cartographe",[Braun et Hogenberg],,"1 flle : col. ; 37,5 x 51,5 cm",1,Galères | Canons | Batailles navales | Tunis -- Siègesart militaire) | Peñón de Vélez de la Gomera | Mahdia -- Plans de ville | Mahdia -- Siègesart militaire) | Tunis,Espagne – Melilla | Tunisie,,lat,"Bibliothèque nationale de France, département Cartes et plans, GE SH 18 PF 224 DIV 2 P 11 D",domaine public | public domain,plan | plan | view | vue | plan | plan | image fixe | image | still image,cartes,high,tunis,city | country,mahdia | tunis | tunisia | tunisie,https://gallica.bnf.fr/ark:/12148/btv1b53143250k,https://gallica.bnf.fr/iiif/ark:/12148/btv1b53143250k/manifest.json,Gallica,https://gallica.bnf.fr/ark:/12148/btv1b53143250k.thumbnail,Notice de recueil : http://catalogue.bnf.fr/ark:/12148/cb44424924k,,IFN-53143250
btv1b53242296v,"[Baie de Tunis, du cap Bon au cap Zebib]",,1600,1799,,16..-17..,,,,1 feuille : ms ; 55 x 80 cm,2,"Baies -- Afrique | Sondages sous-marins | Méditerranée, Mer | Bon, Cap | Zebib, Cap | Ghár al Milh | Tunis, Province de -- Côtes | Tunis, Régence de -- Côtes | Tunis | Méditerranée, Mer",Mer Méditerranée | Tunisie,"Échelle(s) : [Echelle de] 8000 toises [= 10,2 cm]",fre,"Bibliothèque nationale de France, département Cartes et plans, GE SH 18 PF 105 DIV 6 P 10",domaine public | public domain,manuscript cartographic resource | document cartographique manuscrit | map | carte | image fixe | image | still image,cartes,high,tunis,city | country | region,bizerte | cap bon | tunis | tunisia | tunisie,https://gallica.bnf.fr/ark:/12148/btv1b53242296v,https://gallica.bnf.fr/iiif/ark:/12148/btv1b53242296v/manifest.json,Gallica,https://gallica.bnf.fr/ark:/12148/btv1b53242296v.thumbnail,Notice de recueil : http://catalogue.bnf.fr/ark:/12148/cb46929001s,,IFN-53242296
btv1b532422922,[Baie de Tunis],,1600,1799,,16..-17..,,,,"1 feuille : ms, col ; 57 x 83 cm",1,"Baies -- Afrique | Sondages sous-marins | Méditerranée, Mer | Bon, Cap | Ghár al Milh | Tunis, Province de -- Côtes | Tunis | Méditerranée, Mer",Mer Méditerranée | Tunisie,"Échelle(s) : [Echelle de 10] mille [= 9,7 cm]",fre,"Bibliothèque nationale de France, département Cartes et plans, GE SH 18 PF 105 DIV 6 P 1",domaine public | public domain,manuscript cartographic resource | document cartographique manuscrit | map | carte | image fixe | image | still image,cartes,high,tunis,city | country | region,bizerte | cap bon | tunis | tunisia | tunisie,https://gallica.bnf.fr/ark:/12148/btv1b532422922,https://gallica.bnf.fr/iiif/ark:/12148/btv1b532422922/manifest.json,Gallica,https://gallica.bnf.fr/ark:/12148/btv1b532422922.thumbnail,Notice de recueil : http://catalogue.bnf.fr/ark:/12148/cb46929001s,,IFN-53242292
btv1b532423124,[Carte des côtes algériennes du cap Abatel au cap Bugarone],,1600,1799,,16..-17..,,,,"1 feuille : ms ; 22 x 98 cm (feuille), 25 x 101 cm (support)",2,"Alger, Régence d' -- Côtes | Râs el Amoûch (cap) | Jijel | Cherchell | Alger | Sidi Ferruch | Matifou, Cap | Caxine, Cap | Carbon, Cap | Garde, Cap de | Méditerranée, Mer | Béjaia | Bougaroun, Cap",Mer Méditerranée | Algérie,Échelle(s) : [Echelle non mentionnée],fre,"Bibliothèque nationale de France, département Cartes et plans, GE SH 18 PF 106 DIV 2 P 8",domaine public | public domain,manuscript cartographic resource | document cartographique manuscrit | map | carte | image fixe | image | still image,cartes,medium,mediterranee,city,bizerte,https://gallica.bnf.fr/ark:/12148/btv1b532423124,https://gallica.bnf.fr/iiif/ark:/12148/btv1b532423124/manifest.json,Gallica,https://gallica.bnf.fr/ark:/12148/btv1b532423124.thumbnail,Notice de recueil : http://catalogue.bnf.fr/ark:/12148/cb46930930w,,IFN-53242312
btv1b53242300t,[Plan de Portefarine],,1600,1799,,16..-17..,,,,"1 feuille : ms ; 31 x 72 cm (feuille), 41 x 82 cm (support)",1,"Ports | Baies -- Afrique | Méditerranée, Mer | Ghár al Milh | Tunis, Régence de -- Côtes | Tunis, Province de -- Côtes | Méditerranée, Mer",Mer Méditerranée | Tunisie,Échelle(s) : [Echelle non mentionée],fre,"Bibliothèque nationale de France, département Cartes et plans, GE SH 18 PF 105 DIV 6 P 12",domaine public | public domain,manuscript cartographic resource | document cartographique manuscrit | map | carte | image fixe | image | still image,cartes,high,tunis,city | country | region,bizerte | cap bon | tunis | tunisia | tunisie,https://gallica.bnf.fr/ark:/12148/btv1b53242300t,https://gallica.bnf.fr/iiif/ark:/12148/btv1b53242300t/manifest.json,Gallica,https://gallica.bnf.fr/ark:/12148/btv1b53242300t.thumbnail,Notice de recueil : http://catalogue.bnf.fr/ark:/12148/cb46929001s,,IFN-53242300
btv1b53237576k,[Plan du port et du fort de la Goulette],,1600,1799,,16..-17..,,,,"1 feuille : ms ; 31 x 58 cm (feuille), 52 x 68 (support)",1,"Fortifications | Tunis, Province de -- Côtes | Tunis, Golfe de | La Goulette | Méditerranée, Mer",Mer Méditerranée | Tunisie,Échelle(s) : [Echelle non mentionnée],fre,"Bibliothèque nationale de France, département Cartes et plans, GE SH 18 PF 105 DIV 6 P 4 D",domaine public | public domain,manuscript cartographic resource | document cartographique manuscrit | map | carte | image fixe | image | still image,cartes,high,tunis,city | country | region,bizerte | cap bon | la goulette | tunis | tunisia | tunisie,https://gallica.bnf.fr/ark:/12148/btv1b53237576k,https://gallica.bnf.fr/iiif/ark:/12148/btv1b53237576k/manifest.json,Gallica,https://gallica.bnf.fr/ark:/12148/btv1b53237576k.thumbnail,Notice de recueil : http://catalogue.bnf.fr/ark:/12148/cb46929001s,,IFN-53237576
btv1b85953612,Africa olim Aphrodisium,1600,1600,1699,17th c.,1600-1699,,[s.n.],,"1 feuille ; 21,5 x 23,5 cm",2,Galères | Batailles navales | Mahdia | Mahdia,Tunisie,[Africa olim Aphrodisium] | Appartient à l’ensemble documentaire : AnvilAf | Appartient à l’ensemble documentaire : MAEDI008 | Appartient à l’ensemble documentaire : MAEDIGen0,lat,"Bibliothèque nationale de France, département Cartes et Plans, GE DD-2987 (7990)",domaine public | public domain,image fixe | image | still image,cartes,high,tunis,city | country,mahdia | tunisia | tunisie,https://gallica.bnf.fr/ark:/12148/btv1b85953612,https://gallica.bnf.fr/iiif/ark:/12148/btv1b85953612/manifest.json,Gallica,https://gallica.bnf.fr/ark:/12148/btv1b85953612.thumbnail,Notice de recueil : http://catalogue.bnf.fr/ark:/12148/cb40577015h,,IFN-8595361
btv1b5964097v,Africa proprie dicta ex Plinio ; Situs Carthaginis / Melchior Tavernier sculpsit,1600,1600,1699,17th c.,1600-1699,"Tavernier, Melchior (1594-1665). Graveur | Pline l'Ancien (0023-0079). Auteur adapté",[s.n.],,1 carte ; 21 x 28 cm,1,"Afrique -- Nord -- Antiquité | Afrique, Province romaine d' | Carthage, Site archéologique de -- Environs -- Antiquité",Afrique (parties) | Tunisie,Appartient à l’ensemble documentaire : AnvilMF | Appartient à l’ensemble documentaire : MAEDI008 | Appartient à l’ensemble documentaire : MAEDIGen0,lat,"Bibliothèque nationale de France, département Cartes et plans, GE DD-2987 (10201)",domaine public | public domain,map | carte | image fixe | image | still image,cartes,high,tunis,city | country,carthage | tunisia | tunisie,https://gallica.bnf.fr/ark:/12148/btv1b5964097v,https://gallica.bnf.fr/iiif/ark:/12148/btv1b5964097v/manifest.json,Gallica,https://gallica.bnf.fr/ark:/12148/btv1b5964097v.thumbnail,Notice de recueil : http://catalogue.bnf.fr/ark:/12148/cb40577015h,,IFN-5964097
btv1b53301182z,Carte de la rade d'Alican,,1600,1799,,16..-17..,,,,"1 feuille sur support entoilé : ms., col. ; 75 x 90,5 cm",1,Sondages sous-marins | Villes fortifiées -- Alicante | Baies -- Espagne | Alicante | Tabarca | Espagne | Alicante | Méditerranée,Mer Méditerranée – Bassin Ouest | Espagne – Communauté de Valence,"[Carte de la rade d'Alican] | Échelle(s) : Eschelle [de] 4000 toises [= 21,2 cm]",fre,"Bibliothèque nationale de France, département Cartes et Plans, GE SH 18 PF 68 DIV 8 P 3",domaine public | public domain,manuscript cartographic resource | document cartographique manuscrit | image fixe | image | still image,cartes,medium,mediterranee,city,tabarka,https://gallica.bnf.fr/ark:/12148/btv1b53301182z,https://gallica.bnf.fr/iiif/ark:/12148/btv1b53301182z/manifest.json,Gallica,https://gallica.bnf.fr/ark:/12148/btv1b53301182z.thumbnail,Notice d’oeuvre : http://catalogue.bnf.fr/ark:/12148/cb29951343f,,IFN-53301182
btv1b532830188,"Cartes du portuland anglois, au nombre de treize",,1600,1799,,16..-17..,,,,"13 feuilles : ms. ; 52 x 69 cm + 1 feuille servant de couverture (1 p. ; 52 x 34,5 cm)",29,"Méditerranée, Mer | Espagne -- Côtes | Baléares, Îles | Côte d'Azur | Gênes, Golfe de | Venise, Golfe de | Maroc, Royaume du -- Côtes | Adriatique, Mer | Ionienne, Mer | Alger, Royaume d' -- Côtes | Tunis, Province de -- Côtes | Égée, Mer | Turquie d'Asie -- Côtes | Turquie d'Europe -- Côtes | Libye -- Côtes | Égypte -- Côtes | Syrie -- Côtes",Mer Méditerranée,Échelle(s) : [Echelles diverses],fre,"Bibliothèque nationale de France, département Cartes et plans, GE SH 18 PF 66 P 5 D",domaine public | public domain,manuscript cartographic resource | document cartographique manuscrit | map | carte | image fixe | image | still image,cartes,high,tunis,city,tunis,https://gallica.bnf.fr/ark:/12148/btv1b532830188,https://gallica.bnf.fr/iiif/ark:/12148/btv1b532830188/manifest.json,Gallica,https://gallica.bnf.fr/ark:/12148/btv1b532830188.thumbnail,Notice de recueil : http://catalogue.bnf.fr/ark:/12148/cb456896011,,IFN-53283018
btv1b53242307z,"Côte du Bastion de France, depuis le cap de Rose jusques aux Gardes de Bizerte",,1600,1799,,16..-17..,,,,"1 feuille : ms, col. ; 31 x 143 cm",2,"Sondages sous-marins | Méditerranée, Mer | Tunis, Province de -- Côtes | Alger, Régence d' -- Côtes | Tunis, Régence de -- Côtes | Cap Rose | Bizerte | Tabarka, Île de | El Kala",Mer Méditerranée | Tunisie | Algérie,"Échelle(s) : [Echelle de] 20 milles d'Italie [= 33,7 cm]",fre,"Bibliothèque nationale de France, département Cartes et plans, GE SH 18 PF 105 DIV 7 P 8/1",domaine public | public domain,manuscript cartographic resource | document cartographique manuscrit | map | carte | image fixe | image | still image,cartes,high,tunis,city | country,bizerte | tabarka | tunis | tunisia | tunisie,https://gallica.bnf.fr/ark:/12148/btv1b53242307z,https://gallica.bnf.fr/iiif/ark:/12148/btv1b53242307z/manifest.json,Gallica,https://gallica.bnf.fr/ark:/12148/btv1b53242307z.thumbnail,Notice de recueil : http://catalogue.bnf.fr/ark:/12148/cb469304922,,IFN-53242307
btv1b53281474s,Eyland Sardinia met de tegen over geleegene zee kusten van Barbaria tusschen C. de Ferro en C. Bona,,1600,1799,,16..-17..,"Van Keulen, Johannes I (1654-1715). Cartographe du modèle",,1:888 000,"2 flles assemblées : mss, en rouge et noir sur calque ; 69 x 53,5 cm, sur support 71 x 58,5 cm",1,"Sardaigne, Île de -- Côtes | Barbarie -- Côtes | Tabarka, Île de",Italie – Sardaigne | Tunisie | Mer Méditerranée – Bassin Ouest,"Échelle(s) : [Ca 1:888 000], Duytsche mylen 15 een graad [= 12,5 cm]",dut,"Bibliothèque nationale de France, département Cartes et plans, GE SH 18 PF 80 DIV 2 P 9 D",domaine public | public domain,manuscript cartographic resource | document cartographique manuscrit | map | carte | image fixe | image | still image,cartes,high,tunis,city | country,tabarka | tunisia | tunisie,https://gallica.bnf.fr/ark:/12148/btv1b53281474s,https://gallica.bnf.fr/iiif/ark:/12148/btv1b53281474s/manifest.json,Gallica,https://gallica.bnf.fr/ark:/12148/btv1b53281474s.thumbnail,Notice de recueil : http://catalogue.bnf.fr/ark:/12148/cb45415755g,,IFN-53281474
btv1b59055925,"Les Costes d'Italie, de Sicile, de Sardaigne, de Corse, de Dalmatie, de Grèce, de Tunis et de Tripoli / P. Du Val géographe ordinaire du roi",1600,1600,1699,17th c.,1600-1699,"Duval, Pierre (1619-1683). Cartographe",,,"1 carte : ms. sur parchemin ; 72,5 x 57 cm",2,"Méditerranée, Mer -- Centre",Italie | Grèce | Tunisie | Libye | Mer Méditerranée – Bassin Ouest – Mer Tyrrhénienne | Mer Méditerranée – Bassin Est – Mer Adriatique | Mer Méditerranée – Bassin Est – Mer Ionienne,Échelle(s) : 10°[= 343 mm] | Appartient à l’ensemble documentaire : PortulFr | Appartient à l’ensemble documentaire : RCorse1,fre,"Bibliothèque nationale de France, département Cartes et plans, GE SH 18E PF 63 P 16 D",domaine public | public domain,manuscript cartographic resource | document cartographique manuscrit | map | carte | map | carte | image fixe | image | still image,cartes,high,tunis,city | country,tunis | tunisia | tunisie,https://gallica.bnf.fr/ark:/12148/btv1b59055925,https://gallica.bnf.fr/iiif/ark:/12148/btv1b59055925/manifest.json,Gallica,https://gallica.bnf.fr/ark:/12148/btv1b59055925.thumbnail,Notice de recueil : http://catalogue.bnf.fr/ark:/12148/cb471420060,,IFN-5905592
btv1b8595363w,Monasten ; Insulae Comigas alias Coriae,1600,1600,1699,17th c.,1600-1699,,[s.n.],,1 feuille ; 10 x 23 cm,2,Monastir | Kuriat | Sousse,Tunisie,[Monasten] | Appartient à l’ensemble documentaire : AnvilAf | Appartient à l’ensemble documentaire : MAEDI008 | Appartient à l’ensemble documentaire : MAEDIGen0,lat,"Bibliothèque nationale de France, département Cartes et Plans, GE DD-2987 (7991)",domaine public | public domain,image fixe | image | still image,cartes,high,tunis,city | country,monastir | sousse | tunisia | tunisie,https://gallica.bnf.fr/ark:/12148/btv1b8595363w,https://gallica.bnf.fr/iiif/ark:/12148/btv1b8595363w/manifest.json,Gallica,https://gallica.bnf.fr/ark:/12148/btv1b8595363w.thumbnail,Notice de recueil : http://catalogue.bnf.fr/ark:/12148/cb40577015h,,IFN-8595363
btv1b53242298r,Moüillage de Tunis devant Carthage,,1600,1799,,16..-17..,,,,"1 feuille : ms, col ; 53 x 73 cm",2,"Baies -- Afrique | Sondages sous-marins | Méditerranée, Mer | Bon, Cap | Zebib, Cap | Ghár al Milh | Tunis, Province de -- Côtes | Tunis, Régence de -- Côtes | Tunis | Méditerranée, Mer",Mer Méditerranée | Tunisie,"Échelle(s) : Echelle de 8000 toises [= 10,2 cm]",fre,"Bibliothèque nationale de France, département Cartes et plans, GE SH 18 PF 105 DIV 6 P 10/2",domaine public | public domain,manuscript cartographic resource | document cartographique manuscrit | map | carte | image fixe | image | still image,cartes,high,tunis,city | country | region,bizerte | cap bon | carthage | tunis | tunisia | tunisie,https://gallica.bnf.fr/ark:/12148/btv1b53242298r,https://gallica.bnf.fr/iiif/ark:/12148/btv1b53242298r/manifest.json,Gallica,https://gallica.bnf.fr/ark:/12148/btv1b53242298r.thumbnail,Notice de recueil : http://catalogue.bnf.fr/ark:/12148/cb46929001s,,IFN-53242298
oai:nubis.bis-sorbonne.fr:1116087,Partie d'Afrique,1600,1600,1650,17th c.,1600/1650,,,1:6 167 000,1 feuille ; 170 x 1150 mm. | Dimensions de la bordure extérieure : 170 x 1150 mm ; dimensions de l'orle : 135 x 1115 mm.,,Littoraux -- Afrique du Nord | Méditerranée (région) | Cartes anciennes,17e s.,"Les deux moitiés de la carte ont été gravées dos à dos sur la même planche de cuivre, et se trouvent inversées sur l'épreuve. Catalogué d'après l'exemplaire à la Sorbonne, A 507-1, pièce 35. Les 2 moitiés de la carte ont été découpées et collées ensemble. Publié entre 1600 et 1650, d'après la BnF. Représente le tracé des côtes du nord de l'Afrique. Relief, cours d'eau, villes, graticules de longitude et de latitude. Méridien de référence : Ile de Fer. Échelle calculée à partir de la longueur d'un degré de latitude : 1° de latitude = 1,8 cm (1° de latitude = 11 100 000 cm). Échelle numérique : [ca 1:6 167 000]. Villes principales coloriées en rouge, cercle autour de Tunis, bordure peinte en marron. Notes manuscrites sur des bandes de papier collées derrière la carte. Dans un recueil factice en 4 volumes, dont le 1er est précédé d'un titre manuscrit dans un encadrement gravé : ""Atlas ou recueil des cartes geographiques des quatre parties du monde. De la biblioteque de M.r Philippe Despont prestre docteur en theologie"". Note manuscrite dans l'encadrement du titre : ""Attaché dans ce portefeuille pendant l'année 1670"".",fre,"Bibliothèque interuniversitaire de la Sorbonne, cote : A 507-1. Pièce 35 | Description bibliographique (SUDOC)",Licence ouverte Etalab,Document cartographique | dctype:StillImage,cartes,medium,tunis,city,tunis,https://nubis.bis-sorbonne.fr/ark:/15733/pgpx,,Bibliothèque interuniversitaire de la Sorbonne,https://nubis.bis-sorbonne.fr/files/medium/ark_15733_3kh3/ark_15733_pgpx/BIS_00_01154_V01_P035_0001.jpg,,,
btv1b532423107,Partie d'Afrique depuis Tabarque jusqu'à Alger,,1600,1799,,16..-17..,,,,"1 feuille : ms ; 31 x 83 cm (feuille), 54 x 69 cm (support)",2,"Tunis, Province de -- Côtes | Alger, Régence d' -- Côtes | Tunis, Régence de -- Côtes | Tabarka, Île de | Annaba | El Kala | La Galite, Île de | Jijel | Cherchell | Alger | Matifou, Cap | Caxine, Cap | Carbon, Cap | Garde, Cap de | Méditerranée, Mer | Béjaia | Bougaroun, Cap",Mer Méditerranée | Algérie | Tunisie,"Échelle(s) : [Echelle de] 50 [? = 6,7 cm]",fre,"Bibliothèque nationale de France, département Cartes et plans, GE SH 18 PF 106 DIV 2 P 1",domaine public | public domain,manuscript cartographic resource | document cartographique manuscrit | map | carte | image fixe | image | still image,cartes,high,tunis,city | country,bizerte | tabarka | tunis | tunisia | tunisie,https://gallica.bnf.fr/ark:/12148/btv1b532423107,https://gallica.bnf.fr/iiif/ark:/12148/btv1b532423107/manifest.json,Gallica,https://gallica.bnf.fr/ark:/12148/btv1b532423107.thumbnail,Notice de recueil : http://catalogue.bnf.fr/ark:/12148/cb46930930w,,IFN-53242310
btv1b53299904v,Plan de la coste depuis Alicant jusqu'au cap de St Paul,,1600,1799,,16..-17..,,,,"1 feuille entoilée : ms., col., ill. ; 41,5 x 87,5 cm",1,"Cartouches (ornements) | Sondages sous-marins | Littoraux -- Espagne | Santa Pola, Cap de | Alicante | Tabarca, Isla de (île) | Espagne -- Est -- Côtes | Méditerranée, Mer",Mer Méditerranée – Bassin Ouest | Espagne – Communauté de Valence,"Ancien possesseur : Coëtlogon, Alain-Emmanuel de (1646-1730). Ancien possesseur | Échelle(s) : Eschelle de 4000 toises [= 25 cm] | Ancien possesseur : Coëtlogon, Alain-Emmanuel de (1646-1730)",fre,"Bibliothèque nationale de France, département Cartes et plans, GE SH 18 PF 68 DIV 2 P 15",domaine public | public domain,manuscript cartographic resource | document cartographique manuscrit | map | carte | image fixe | image | still image,cartes,medium,mediterranee,city,tabarka,https://gallica.bnf.fr/ark:/12148/btv1b53299904v,https://gallica.bnf.fr/iiif/ark:/12148/btv1b53299904v/manifest.json,Gallica,https://gallica.bnf.fr/ark:/12148/btv1b53299904v.thumbnail,Notice de recueil : http://catalogue.bnf.fr/ark:/12148/cb47552310z,,IFN-53299904
btv1b53301186r,Plan de la rade de l'Ogue Noüa,,1600,1799,,16..-17..,,,1:18 214,"1 feuille entoilée : ms., col. ; 83 x 75,5 cm",2,Cartouches (ornements) | Sondages sous-marins | Littoraux -- Espagne | Santa Pola | Tabarca | Espagne | Méditerranée,Mer Méditerranée – Bassin Ouest | Espagne – Communauté de Valence,"Ancien possesseur / Ancienne possesseuse : Coëtlogon, Alain-Emmanuel de (1646-1730). Ancien possesseur / Ancienne possesseuse | [Plan de la rade de l'Ogue Noüa] | Échelle(s) : Eschelle de 1000 toisses [= 10,7 cm ; 1:18 214 environ] | Ancien possesseur / Ancienne possesseuse : Coëtlogon, Alain-Emmanuel de (1646-1730)",fre,"Bibliothèque nationale de France, département Cartes et Plans, GE SH 18 PF 68 DIV 30 P 1",domaine public | public domain,manuscript cartographic resource | document cartographique manuscrit | image fixe | image | still image,cartes,medium,mediterranee,city,tabarka,https://gallica.bnf.fr/ark:/12148/btv1b53301186r,https://gallica.bnf.fr/iiif/ark:/12148/btv1b53301186r/manifest.json,Gallica,https://gallica.bnf.fr/ark:/12148/btv1b53301186r.thumbnail,Notice de recueil : http://catalogue.bnf.fr/ark:/12148/cb487224014,,IFN-53301186
btv1b532375771,Plan de la rade de Tunis en Barbarie,,1600,1799,,16..-17..,,,,1 feuille : ms ; 50 x 67 cm,1,"Sondages sous-marins | Tunis | Tunis, Province de -- Côtes | Tunis, Golfe de | Méditerranée, Mer",Mer Méditerranée | Tunisie,"Échelle(s) : Echelle de quatre lieues [= 22,5 cm]",fre,"Bibliothèque nationale de France, département Cartes et plans, GE SH 18 PF 105 DIV 6 P 6 D",domaine public | public domain,manuscript cartographic resource | document cartographique manuscrit | map | carte | image fixe | image | still image,cartes,high,tunis,city | country | region,bizerte | cap bon | tunis | tunisia | tunisie,https://gallica.bnf.fr/ark:/12148/btv1b532375771,https://gallica.bnf.fr/iiif/ark:/12148/btv1b532375771/manifest.json,Gallica,https://gallica.bnf.fr/ark:/12148/btv1b532375771.thumbnail,Notice de recueil : http://catalogue.bnf.fr/ark:/12148/cb46929001s,,IFN-53237577
btv1b53237578g,Plan du fort de la Goulette,,1600,1799,,16..-17..,,,,1 feuille : ms ; 50 x 67 cm,1,"Fortifications | Tunis, Province de -- Côtes | La Goulette | Méditerranée, Mer",Mer Méditerranée | Tunisie,Échelle(s) : Echelle de 100 toises [= 14 cm],fre,"Bibliothèque nationale de France, département Cartes et plans, GE SH 18 PF 105 DIV 6 P 7 D",domaine public | public domain,manuscript cartographic resource | document cartographique manuscrit | plan | plan | image fixe | image | still image,cartes,high,tunis,city | country | region,bizerte | cap bon | la goulette | tunis | tunisia | tunisie,https://gallica.bnf.fr/ark:/12148/btv1b53237578g,https://gallica.bnf.fr/iiif/ark:/12148/btv1b53237578g/manifest.json,Gallica,https://gallica.bnf.fr/ark:/12148/btv1b53237578g.thumbnail,Notice de recueil : http://catalogue.bnf.fr/ark:/12148/cb46929001s,,IFN-53237578
btv1b532422979,"Plan du golphe de Tunis, entre le cap Bon & le cap Zebib / levé par M. Verguin l'aîné",,1600,1799,,16..-17..,Verguin (17..-17..? ; ainé). Cartographe,,,"1 feuille : ms, col ; 54 x 76 cm",2,"Baies -- Afrique | Sondages sous-marins | Méditerranée, Mer | Bon, Cap | Zebib, Cap | Ghár al Milh | Tunis, Province de -- Côtes | Tunis, Régence de -- Côtes | Tunis | Méditerranée, Mer",Mer Méditerranée | Tunisie,"Échelle(s) : Echelle de 3 lieües, à 2853 toises par lieüe [= 11 cm]",fre,"Bibliothèque nationale de France, département Cartes et plans, GE SH 18 PF 105 DIV 6 P 10/1",domaine public | public domain,manuscript cartographic resource | document cartographique manuscrit | map | carte | image fixe | image | still image,cartes,high,tunis,city | country | region,bizerte | cap bon | tunis | tunisia | tunisie,https://gallica.bnf.fr/ark:/12148/btv1b532422979,https://gallica.bnf.fr/iiif/ark:/12148/btv1b532422979/manifest.json,Gallica,https://gallica.bnf.fr/ark:/12148/btv1b532422979.thumbnail,Notice de recueil : http://catalogue.bnf.fr/ark:/12148/cb46929001s,,IFN-53242297
btv1b532375826,Port Farine,,1600,1799,,16..-17..,,,,"1 feuille : ms, col. ; 26 x 39 cm (feuille), 48 x 58 (support)",1,"Sondages sous-marins | Forts | Tunis, Province de -- Côtes | Ghár al Milh | Tunis, Golfe de | Méditerranée, Mer",Mer Méditerranée | Tunisie,"Ancien possesseur : Coëtlogon, Alain-Emmanuel de (1646-1730). Ancien possesseur | Échelle(s) : [Echelle non mentionnée] | Ancien possesseur : Coëtlogon, Alain-Emmanuel de (1646-1730)",fre,"Bibliothèque nationale de France, département Cartes et plans, GE SH 18 PF 105 DIV 6 P 14 D",domaine public | public domain,manuscript cartographic resource | document cartographique manuscrit | map | carte | image fixe | image | still image,cartes,high,tunis,city | country | region,bizerte | cap bon | tunis | tunisia | tunisie,https://gallica.bnf.fr/ark:/12148/btv1b532375826,https://gallica.bnf.fr/iiif/ark:/12148/btv1b532375826/manifest.json,Gallica,https://gallica.bnf.fr/ark:/12148/btv1b532375826.thumbnail,Notice de recueil : http://catalogue.bnf.fr/ark:/12148/cb46929001s,,IFN-53237582
btv1b53237544f,Porte-Farine,,1600,1799,,16..-17..,,,,"1 feuille : ms, col. ; 43 x 58 cm",1,"Forts | Tunis, Province de -- Côtes | Ghár al Milh | Tunis, Golfe de | Méditerranée, Mer",Mer Méditerranée | Tunisie,Échelle(s) : [Echelle non mentionnée],fre,"Bibliothèque nationale de France, département Cartes et plans, GE SH 18 PF 105 DIV 6 P 13 D",domaine public | public domain,manuscript cartographic resource | document cartographique manuscrit | plan | plan | image fixe | image | still image,cartes,high,tunis,city | country | region,bizerte | cap bon | tunis | tunisia | tunisie,https://gallica.bnf.fr/ark:/12148/btv1b53237544f,https://gallica.bnf.fr/iiif/ark:/12148/btv1b53237544f/manifest.json,Gallica,https://gallica.bnf.fr/ark:/12148/btv1b53237544f.thumbnail,Notice de recueil : http://catalogue.bnf.fr/ark:/12148/cb46929001s,,IFN-53237544
btv1b85953419,Royaume de Tunis,1600,1600,1699,17th c.,1600-1699,,[s.n.],,"1 feuille ; 18,5 x 26 cm",1,Tunis,Tunisie,[Royaume de Tunis] | Appartient à l’ensemble documentaire : AnvilAf,fre,"Bibliothèque nationale de France, département Cartes et Plans, GE DD-2987 (7970)",domaine public | public domain,image fixe | image | still image,cartes,high,tunis,city | country | polity,royaume de tunis | tunis | tunisia | tunisie,https://gallica.bnf.fr/ark:/12148/btv1b85953419,https://gallica.bnf.fr/iiif/ark:/12148/btv1b85953419/manifest.json,Gallica,https://gallica.bnf.fr/ark:/12148/btv1b85953419.thumbnail,Notice de recueil : http://catalogue.bnf.fr/ark:/12148/cb40577015h,,IFN-8595341
btv1b8595374p,Tunis : pianta del forto novo de Tunis,1600,1600,1699,17th c.,1600-1699,,[s.n.],,1 feuille ; 41 x 31 cm,1,La Goulette | Tunis,Tunisie,[Tunis] | Appartient à l’ensemble documentaire : AnvilAf,ita,"Bibliothèque nationale de France, département Cartes et Plans, GE DD-2987 (8001)",domaine public | public domain,image fixe | image | still image,cartes,high,tunis,city | country,la goulette | tunis | tunisia | tunisie,https://gallica.bnf.fr/ark:/12148/btv1b8595374p,https://gallica.bnf.fr/iiif/ark:/12148/btv1b8595374p/manifest.json,Gallica,https://gallica.bnf.fr/ark:/12148/btv1b8595374p.thumbnail,Notice de recueil : http://catalogue.bnf.fr/ark:/12148/cb40577015h,,IFN-8595374
btv1b85951384,"Tunis, Goleta nunc distructa / [Guillelmo Blaeu]",1600,1600,1699,17th c.,1600-1699,"Blaeu, Willem Jansz (1571-1638). Cartographe",[s.n.],,1 feuille ; 10 x 6 cm,1,Tunis | La Goulette,Tunisie,"[Tunis, Goleta nunc distructa] | Appartient à l’ensemble documentaire : AnvilAf",lat,"Bibliothèque nationale de France, département Cartes et Plans, GE DD-2987 (7758 A)",domaine public | public domain,image fixe | image | still image,cartes,high,tunis,city | country | historic,goletta | la goulette | tunis | tunisia | tunisie,https://gallica.bnf.fr/ark:/12148/btv1b85951384,https://gallica.bnf.fr/iiif/ark:/12148/btv1b85951384/manifest.json,Gallica,https://gallica.bnf.fr/ark:/12148/btv1b85951384.thumbnail,Notice de recueil : http://catalogue.bnf.fr/ark:/12148/cb40577015h,,IFN-8595138
btv1b53284619b,Veue Alican estant mouille,,1600,1799,,16..-17..,,,,"1 feuille : ms., ill. ; 35 x 40 cm",2,"Baies -- Valence (Espagne ; région) | Alicante, Baie d' | Méditerranée, Mer | Tabarca, Isla de (île)",Mer Méditerranée – Bassin Ouest | Espagne – Communauté de Valence,Échelle(s) : [Echelle non mentionnée],fre,"Bibliothèque nationale de France, département Cartes et plans, GE SH 18 PF 68 DIV 8 P 2 D",domaine public | public domain,manuscript cartographic resource | document cartographique manuscrit | view | vue | map | carte | image fixe | image | still image,cartes,medium,mediterranee,city,tabarka,https://gallica.bnf.fr/ark:/12148/btv1b53284619b,https://gallica.bnf.fr/iiif/ark:/12148/btv1b53284619b/manifest.json,Gallica,https://gallica.bnf.fr/ark:/12148/btv1b53284619b.thumbnail,Notice de recueil : http://catalogue.bnf.fr/ark:/12148/cb453862141,,IFN-53284619
btv1b53284618w,Vüe d'Aliquan...,,1600,1799,,16..-17..,,,,"1 feuille : ms., ill. ; 41,5 x 49,5 cm",2,"Baies -- Valence (Espagne ; région) | Alicante, Baie d' | Méditerranée, Mer | Tabarca, Isla de (île)",Mer Méditerranée – Bassin Ouest | Espagne – Communauté de Valence,"Ancien possesseur : Coëtlogon, Alain-Emmanuel de (1646-1730). Ancien possesseur | Échelle(s) : [Echelle non mentionnée]",fre,"Bibliothèque nationale de France, département Cartes et plans, GE SH 18 PF 68 DIV 8 P 1 D",domaine public | public domain,manuscript cartographic resource | document cartographique manuscrit | view | vue | image fixe | image | still image,cartes,medium,mediterranee,city,tabarka,https://gallica.bnf.fr/ark:/12148/btv1b53284618w,https://gallica.bnf.fr/iiif/ark:/12148/btv1b53284618w/manifest.json,Gallica,https://gallica.bnf.fr/ark:/12148/btv1b53284618w.thumbnail,Notice de recueil : http://catalogue.bnf.fr/ark:/12148/cb453862141,,IFN-53284618
btv1b8491904m,Barbaria,1602,1602,1602,17th c.,1602,,[s.n.],1:2,1 flle ; 47 x 35 cm,1,"Barca, Désert de | Méditerranée, Mer -- Sud -- Côtes | Nil, Delta du | Tunis, Province de -- Environs | Barbarie",Zone Méditerranée | Égypte,"Échelle(s) : Milliaria germanica 45 = milliaria hispanica 52 1/2 [=Om, 025 ; 1:13 900 000 environ]",lat,"Bibliothèque nationale de France, département Cartes et plans, GE D-13791",domaine public | public domain,map | carte | image fixe | image | still image,cartes,high,tunis,city,tunis,https://gallica.bnf.fr/ark:/12148/btv1b8491904m,https://gallica.bnf.fr/iiif/ark:/12148/btv1b8491904m/manifest.json,Gallica,https://gallica.bnf.fr/ark:/12148/btv1b8491904m.thumbnail,Notice de recueil : http://catalogue.bnf.fr/ark:/12148/cb40602407h,,IFN-8491904
btv1b8492072n,Barbaria,1602,1602,1602,17th c.,1602,,[s.n.],1:2,1 flle ; 47 x 35 cm,1,"Barbarie | Méditerranée, Mer -- Sud -- Côtes | Barca, Désert de | Nil, Delta du | Tunis, Province de -- Environs",Zone Méditerranée | Égypte,"Échelle(s) : Milliaria germanica 45 = milliaria hispanica 52 1/2 [=Om, 025 ; 1:13 900 000 environ]",lat,"Bibliothèque nationale de France, département Cartes et plans, GE D-13791 (A)",domaine public | public domain,map | carte | image fixe | image | still image,cartes,high,tunis,city,tunis,https://gallica.bnf.fr/ark:/12148/btv1b8492072n,https://gallica.bnf.fr/iiif/ark:/12148/btv1b8492072n/manifest.json,Gallica,https://gallica.bnf.fr/ark:/12148/btv1b8492072n.thumbnail,Notice de recueil : http://catalogue.bnf.fr/ark:/12148/cb40602407h,,IFN-8492072
btv1b531429571,Barbaria,1602,1602,1602,17th c.,1602,,[s.n.],1:2,"1 flle ; 35 x 47 cm, sur flle 42 x 54,5 cm",1,"Navires à voiles | Barbarie | Tunis -- Environs | Nil, Delta du | Méditerranée, Mer -- Sud -- Côtes",Asie (parties) | Turquie | Europe (parties) | Égypte | Zone Méditerranée | Afrique | Afrique septentrionale,"Échelle(s) : Milliaria germanica 45 = milliaria hispanica 52 1/2 [=Om, 025 ; 1:13 900 000 environ]",lat,"Bibliothèque nationale de France, département Cartes et plans, GE SH 18 PF 224 DIV 2 P 2 D",domaine public | public domain,map | carte | image fixe | image | still image,cartes,high,tunis,city,tunis,https://gallica.bnf.fr/ark:/12148/btv1b531429571,https://gallica.bnf.fr/iiif/ark:/12148/btv1b531429571/manifest.json,Gallica,https://gallica.bnf.fr/ark:/12148/btv1b531429571.thumbnail,Notice de recueil : http://catalogue.bnf.fr/ark:/12148/cb44424924k,,IFN-53142957
btv1b8595362g,"Cartaginis sive potius Tunetani, celeberrimi sinus nec non fortalitis Golettae typus quamvis deleti",1602,1602,1602,17th c.,1602,,[s.n.],,"1 feuille ; 19 x 25,5 cm",1,Galères | Aqueducs | Carthage | La Goulette | Tunis,Tunisie,"[Cartaginis sive potius Tunetani, celeberrimi sinus nec non fortalitis Golettae typus quamvis deleti] | Appartient à l’ensemble documentaire : AnvilAf | Appartient à l’ensemble documentaire : MAEDI008 | Appartient à l’ensemble documentaire : MAEDIGen0",lat,"Bibliothèque nationale de France, département Cartes et Plans, GE DD-2987 (7991 BIS)",domaine public | public domain,image fixe | image | still image,cartes,high,tunis,city | country,carthage | la goulette | tunis | tunisia | tunisie,https://gallica.bnf.fr/ark:/12148/btv1b8595362g,https://gallica.bnf.fr/iiif/ark:/12148/btv1b8595362g/manifest.json,Gallica,https://gallica.bnf.fr/ark:/12148/btv1b8595362g.thumbnail,Notice de recueil : http://catalogue.bnf.fr/ark:/12148/cb40577015h,,IFN-8595362
oai:nubis.bis-sorbonne.fr:1116323,"Natoliae, quae olim Asia Minor, nova descriptio. Aegypti recentior descriptio. Carthaginis celeberrimi sinus typus",1602,1602,1602,17th c.,1602,,"Vrients, Jan Baptist (1552-1612) | Plantijnische Drukkerij",1:6 167 000,3 cartes sur 1 feuille ; 322 x 494 mm (plaque). | Égypte : dimensions de la bordure extérieure : 179 x 227 mm ; dimensions de l'orle : 170 x 222 mm. | Carthage : dimensions de l'orle : 140 x 227 mm.,,"Asie mineure | Crète (Grèce) | Chypre | Nil, Vallée du | Égypte | Tunisie -- Carthage (ville ancienne) | Tunis (Tunisie ; région) | Cartes anciennes",Anvers (BE) | 17e s.,"Contient les cartes : ""Aegypti recentior descriptio"" et ""Carthaginis celeberrimi sinus typus"" La carte de Carthage mention la conquête de la ville par Charles V en 1535 : Tunes capta & in Christianorum potestatem redacta est a Carolo quinto Romanorum imperatore anno a Christi nato M.D.XXV. Catalogué d'après un exemplaire coupé en deux feuilles (Sorbonne, A 507-1, pièces 38 et 109). Dimensions de la plaque d'après Van den Broecke. Privilège sur la carte de Carthage. Réédition de la plaque de 1570. Basé sur une carte anonyme italienne de 1535, d'après Van den Broecke. Extrait de l'édition espagnole de : Theatrum orbis terrarum d'Abraham Ortelius (Anvers, 1602). Adresse sur la page de titre de l'atlas : En Anveres, en la emprenta Plantiniana, a costas de Juan Baptista Vrntio Anno M.DCII. Le tirage de 250 exemplaires comprend 117 feuilles de cartes (Van den Broecke, p. 26). Numéro de la page imprimée au verso : 115. Trois cartes sur la même feuille, chacune avec le titre dans un cartouche. Bateaux, relief, cours d'eau, villes. Sans texte au verso sur la feuille d'Égypte et de Carthage. Carte de Carthage sans indications de latitude. Égypte : échelle calculée à partir de la longueur d'un degré de latitude : 1° de latitude = 1,8 cm [ca 1:6 167 000]. Volume de : Theatro d'el orbe de la tierra de Abraham Ortello. El qual antes el estremo dia de su vida por la postrera vez ha emendado y con nuevas tablas y commentarios augmentado y esclarescido. Dans un recueil factice en 4 volumes, dont le 1er est précédé d'un titre manuscrit dans un encadrement gravé : ""Atlas ou recueil des cartes geographiques des quatre parties du monde. De la biblioteque de M.r Philippe Despont prestre docteur en theologie"". Note manuscrite dans l'encadrement du titre : ""Attaché dans ce portefeuille pendant l'année 1670"".",lat,"Bibliothèque interuniversitaire de la Sorbonne, cote : A 507-1. Pièce 38 | Description bibliographique (SUDOC)",Licence ouverte Etalab,Document cartographique | dctype:StillImage,cartes,high,tunis,city | country,carthage | tunis | tunisia | tunisie,https://nubis.bis-sorbonne.fr/ark:/15733/pgt5,,Bibliothèque interuniversitaire de la Sorbonne,https://nubis.bis-sorbonne.fr/files/medium/ark_15733_3kh3/ark_15733_pgt5/BIS_00_01154_V01_P039_0001.jpg,,,
oai:nubis.bis-sorbonne.fr:1128791,"Natoliae, quae olim Asia Minor, nova descriptio. Aegypti recentior descriptio. Carthaginis celeberrimi sinus typus.",1602,1602,1602,17th c.,1602,,"Vrients, Jan Baptist (1552-1612) | Plantijnische Drukkerij",1:5 842 000,3 cartes sur 1 feuille ; 322 x 494 mm (plaque). | Anatolie : dimensions de la bordure extérieure : 320 x 228 mm ; dimensions de l'orle : 310 x 218 mm. | Carthage. Dimensions de l'orle : 140 x 227 mm. | Égypte : dimensions de la bordure extérieure : 179 x 227 mm ; dimensions de l'orle : 170 x 222 mm.,,"Asie mineure | Crète (Grèce) | Chypre | Nil, Vallée du | Égypte | Tunisie -- Carthage (ville ancienne) | Tunis (Tunisie ; région) | Cartes anciennes",Anvers (BE) | 17e s.,"La carte de Carthage mentionne la conquête de la ville par Charles V en 1535 : Tunes capta & in Christianorum potestatem redacta est a Carolo quinto Romanorum imperatore anno a Christi nato M.D.XXV. Les cartes : ""Aegypti recentior descriptio"" et ""Carthaginis celeberrimi sinus typus"". Texte imprimé au verso en espagnol (Anatolie). Catalogué d'après un exemplaire coupé en deux feuilles (Sorbonne, A 507-1, pièces 38 et 109). Dimensions de la plaque d'après Van den Broecke. Privilège sur la carte de Carthage. Réédition de la plaque de 1570. Basé sur une carte anonyme italienne de 1535, d'après Van den Broecke. Extrait de l'édition espagnole de : Theatrum orbis terrarum d'Abraham Ortelius (Anvers, 1602). Adresse sur la page de titre de l'atlas : En Anveres, en la emprenta Plantiniana, a costas de Juan Baptista Vrntio Anno M.DCII. Le tirage de 250 exemplaires comprend 117 feuilles de cartes (Van den Broecke, p. 26). Numéro de la page imprimée au verso : 115. Dernière ligne imprimée au verso, page de gauche (Anatolie) : gena descayda. Esto es d'este author. Pero en Joan Leon podras veer tambien los lugares que tiene vezinos. Trois cartes sur la même feuille, chacune avec le titre dans un cartouche. Bateaux, relief, cours d'eau, villes. Sans texte au verso sur la feuille d'Égypte et de Carthage. Carte d'Anatolie orientée Est-Ouest. Carte de Carthage sans indications de latitude. Anatolie. Échelle calculée à partir de la longueur d'un degré de latitude : 1° de latitude = 1,9 cm (1° de latitude = 11 100 000 cm) [ca 1:5 842 000]. Égypte. Échelle calculée à partir de la longueur d'un degré de latitude : 1° de latitude = 1,8 cm [ca 1:6 167 000]. Volume de : Theatro d'el orbe de la tierra de Abraham Ortello. El qual antes el estremo dia de su vida por la postrera vez ha emendado y con nuevas tablas y commentarios augmentado y esclarescido. Dans un recueil factice en 4 volumes, dont le 1er est précédé d'un titre manuscrit dans un encadrement gravé : ""Atlas ou recueil des cartes geographiques des quatre parties du monde. De la biblioteque de M.r Philippe Despont prestre docteur en theologie"". Note manuscrite dans l'encadrement du titre : ""Attaché dans ce portefeuille pendant l'année 1670"".",lat | spa,"Bibliothèque interuniversitaire de la Sorbonne, cote : A 507-1. Pièce 109 | Description bibliographique (SUDOC)",Licence ouverte Etalab,Document cartographique | dctype:StillImage,cartes,high,tunis,city | country,carthage | tunis | tunisia | tunisie,https://nubis.bis-sorbonne.fr/ark:/15733/pkrc,,Bibliothèque interuniversitaire de la Sorbonne,https://nubis.bis-sorbonne.fr/files/medium/ark_15733_3kh3/ark_15733_pkrc/BIS_00_01154_V01_P109_0001.jpg,,,
btv1b531704111,Presa delle dua galere di Biserta fatta dalle galere della Sacra Relig[io]ne di S. Stefano [ ] / Stefan[o] della Bella f[ecit],1628,1628,1628,17th c.,1628,"Della Bella, Stefano (1610-1664). Graveur",[s.n.],,"1 carte ; 24,5 x 32,5 cm",11,"Armoiries | Théâtre de la guerre | Batailles navales | Tavolara, Île | Molara, Île",Italie – Sardaigne,,ita,"Bibliothèque nationale de France, département Cartes et plans, GE BB-246 (XIV, 136)",domaine public | public domain,map | carte | view | vue | image fixe | image | still image,cartes,medium,,historic,biserta,https://gallica.bnf.fr/ark:/12148/btv1b531704111,https://gallica.bnf.fr/iiif/ark:/12148/btv1b531704111/manifest.json,Gallica,https://gallica.bnf.fr/ark:/12148/btv1b531704111.thumbnail,Notice de recueil : http://catalogue.bnf.fr/ark:/12148/cb45451524h,,
btv1b53211476h,Africae nova tabula / Auct. Jud. Hondio,1632,1632,1632,17th c.,1632,"Hondius, Jodocus II (1593-1628). Cartographe",sumptibus et typis aeneis Joannis Janssonii (Amstelodami),,"1 carte : tracés col. ; 45,5 x 56,5 cm",3,Cartouches (ornements) | Afrique | Le Caire | Alexandrie | Alger | Tunis | Tanger | Ceuta | Elmina | Mozambique | Las Palmas de Gran Canaria | Kilwa Kisiwani (île) | Safi | Sofala,Afrique,,lat,"Bibliothèque nationale de France, département Cartes et plans, GE BB-246 (I, 46-47)",domaine public | public domain,map | carte | image fixe | image | still image,cartes,high,tunis,city,tunis,https://gallica.bnf.fr/ark:/12148/btv1b53211476h,https://gallica.bnf.fr/iiif/ark:/12148/btv1b53211476h/manifest.json,Gallica,https://gallica.bnf.fr/ark:/12148/btv1b53211476h.thumbnail,Notice de recueil : http://catalogue.bnf.fr/ark:/12148/cb454657514,,IFN-53211476
btv1b531968223,"Tunes, Oppidum Barbarie & Regia sedes... ; Africa, olim Aphrodisium ; Peñon de Veles",1635,1635,1640,17th c.,1635-1640,"Braun, Georg (1541-1622). Éditeur scientifique",[s.n.],1:12,"3 vues sur 1 flle ; 33,5 x 47,5 cm",3,Théâtre de la guerre | Guerre de siège | Tunis | Mahdia | Peñón de Vélez de la Gomera,Tunisie | Espagne – Melilla,Référence bibliographique : 41:1.2(1640),lat,"Bibliothèque nationale de France, département Cartes et plans, GE BB-246 (XVIII, 108-109)",domaine public | public domain,view | vue | plan | plan | image fixe | image | still image,cartes,high,tunis,city | country,mahdia | tunis | tunisia | tunisie,https://gallica.bnf.fr/ark:/12148/btv1b531968223,https://gallica.bnf.fr/iiif/ark:/12148/btv1b531968223/manifest.json,Gallica,https://gallica.bnf.fr/ark:/12148/btv1b531968223.thumbnail,Notice de recueil : http://catalogue.bnf.fr/ark:/12148/cb45465939t,,
btv1b53196821n,"Tunetis urbis, ac novae eius arcis, et Guletae, quae Philippo Hispan. Regi parentuti a Turcis, et Mauris, Selimo, Thraciae Rege, anno Christi, M. D. LXXIV. mense julio, et augusto, fixis castris oppugnabantur, effigies",1635,1635,1640,17th c.,1635-1640,"Braun, Georg (1541-1622). Éditeur scientifique",[s.n.],1:12,1 plan ; 32 x 42 cm,3,Théâtre de la guerre | Guerre de siège | La Goulette -- 1574 | Tunis -- 1574,Tunisie,Référence bibliographique : 41:1.2(1640),lat,"Bibliothèque nationale de France, département Cartes et plans, GE BB-246 (XVIII, 106-107)",domaine public | public domain,plan | plan | image fixe | image | still image,cartes,high,tunis,city | country,la goulette | tunis | tunisia | tunisie,https://gallica.bnf.fr/ark:/12148/btv1b53196821n,https://gallica.bnf.fr/iiif/ark:/12148/btv1b53196821n/manifest.json,Gallica,https://gallica.bnf.fr/ark:/12148/btv1b53196821n.thumbnail,Notice de recueil : http://catalogue.bnf.fr/ark:/12148/cb45465939t,,
oai:nubis.bis-sorbonne.fr:1115642,Nova totius terrarum orbis geographica ac hydrographica tabula autore N. I. Piscator,1639,1639,1639,17th c.,1639,"Visscher, Nicolas (1618-1679 ; aîné)","Visscher, Claes Jansz (1587?-1652)",,1 feuille ; 442 x 555 mm. | Dimensions de la bordure extérieure : 442 x 555 mm ; dimensions de l'orle : 290 x 424 mm.,,Cartes du monde -- 17e siècle | Hydrographie | Cartes anciennes,Amsterdam (NL) | 17e s.,"Par Nicolas Visscher (Nicolaes Jansz Piscator). [Échelle indéterminable] Trente cartons autour de la carte : villes, continents, empereurs romains et habitants. Deux cartons sur la carte comportant les cercles arctique et antarctique. Cartons : ""Roma"" ; ""Amsterdam"" ; ""Jerusalem"" ; ""Tunis"" ; ""Mexico"" ; Havana"" ; ""Parnambuco"" ; ""B. de todos Santos"". Scènes allégoriques des continents : ""Europa"" ; ""Asia"" ; ""Africa"" ; ""America"" Portraits équestres d'empereurs romains : ""Julius Cesar"" ; ""Augustus"" ; ""Tiberius"" ; ""Caligula"" ; ""Claudius"" ; ""Nero"" ; ""Galba"" ; ""Otho"" ; ""Vitelius"" ; ""Vespasianus"" ; ""Titus"" ; ""Domitianus"" Illustrations d'habitants : ""Europæi"" ; ""Asiatici"" ; ""Africani"" ; ""Americani sept."" ; ""Americani merid."" ; ""Magellanici"" Texte explicatif sur l'Amérique dans un cartouche surmonté d'un portrait de Christophe Colomb. Graticules de latitude, méridiens et climats. Contours coloriés, textes explicatifs, navires à voiles, bateaux, poissons, relief et toponymes. Dans un recueil factice en 4 volumes, dont le 1er est précédé d'un titre manuscrit dans un encadrement gravé : ""Atlas ou recueil des cartes geographiques des quatre parties du monde. De la biblioteque de M.r Philippe Despont prestre docteur en theologie"". Note manuscrite dans l'encadrement du titre : ""Attaché dans ce portefeuille pendant l'année 1670"".",lat,"Bibliothèque interuniversitaire de la Sorbonne, cote : A 507-1. Pièce 4 | Description bibliographique (SUDOC)",Licence ouverte Etalab,Document cartographique | dctype:StillImage,cartes,medium,tunis,city,tunis,https://nubis.bis-sorbonne.fr/ark:/15733/pfkq,,Bibliothèque interuniversitaire de la Sorbonne,https://nubis.bis-sorbonne.fr/files/medium/ark_15733_3kh3/ark_15733_pfkq/BIS_00_01154_V01_P004_0001.jpg,,,
btv1b53196877d,Africae nova descripto / Auct. Guiljelmo Blaeuw,1640,1640,1640,17th c.,1640,"Blaeu, Willem Jansz (1571-1638). Cartographe",[Apud Ioh. & Cornelium Blaeu] (Amsterdami),1:26 000 000,1 carte : ill. ; 41 x 55 cm + 1 feuillet de texte (2 p. ; 42 cm),5,Cartouches (ornements) | Afrique | Tanger | Ceuta | Alger | Tunis | Alexandrie | Le Caire | Mozambique | Elmina | Las Palmas de Gran Canaria,Afrique | W 17°33' - E 51°20' / N 37°18' - S 34°50',Échelle(s) : [Ca 1:26 000 000] | Référence bibliographique : 8600:2,lat,"Bibliothèque nationale de France, département Cartes et plans, GE BB-246 (XVIII, 79-81)",domaine public | public domain,map | carte | image fixe | image | still image,cartes,high,tunis,city,tunis,https://gallica.bnf.fr/ark:/12148/btv1b53196877d,https://gallica.bnf.fr/iiif/ark:/12148/btv1b53196877d/manifest.json,Gallica,https://gallica.bnf.fr/ark:/12148/btv1b53196877d.thumbnail,Notice de recueil : http://catalogue.bnf.fr/ark:/12148/cb45465939t,,
btv1b531968206,Antiquorum Africae episcopatuum geographica descriptio,1640,1640,1640,17th c.,1640,,aput M. Tavernier (Parisiis),1:1 300 000,"1 carte ; 36,5 x 50,5 cm",3,"Géographie ecclésiastique | Cartouches (ornements) | Rome, Patriarcat de -- Afrique",Maroc | Algérie | Tunisie | Libye,Échelle(s) : [Ca 1:1 300 000],lat,"Bibliothèque nationale de France, département Cartes et plans, GE BB-246 (XVIII, 104-105)",domaine public | public domain,map | carte | image fixe | image | still image,cartes,high,tunis,country,tunisia | tunisie,https://gallica.bnf.fr/ark:/12148/btv1b531968206,https://gallica.bnf.fr/iiif/ark:/12148/btv1b531968206/manifest.json,Gallica,https://gallica.bnf.fr/ark:/12148/btv1b531968206.thumbnail,Notice de recueil : http://catalogue.bnf.fr/ark:/12148/cb45465939t,,
btv1b531789910,"Tunes, Oppidum Barbarie & Regia sedes... ; Africa, olim Aphrodisium ; Penon de Veles",1645,1645,1645,17th c.,1645,"Braun, Georg (1541-1622). Éditeur scientifique | Hogenberg, Frans (1539?-1590?). Graveur | Van Belle, Jérôme. Traducteur",[s.n.],,"3 vues : ill., col. ; 33,5 x 47 cm, sur flle 41 x 53,5 cm",2,Navires à voiles | Canons | Guerre de siège | Plan de ville | Tunis | Mahdia | Peñón de Vélez de la Gomera,Espagne – Melilla | Tunisie,Échelle(s) : [Sans échelle (exprimé)] | Référence bibliographique : 4516,fre | lat | spa,"Bibliothèque nationale de France, département Cartes et plans, GE DD-1606 (116)",domaine public | public domain,view | vue | plan | plan | image fixe | image | still image,cartes,high,tunis,city | country,mahdia | tunis | tunisia | tunisie,https://gallica.bnf.fr/ark:/12148/btv1b531789910,https://gallica.bnf.fr/iiif/ark:/12148/btv1b531789910/manifest.json,Gallica,https://gallica.bnf.fr/ark:/12148/btv1b531789910.thumbnail,http://catalogue.bnf.fr/ark:/12148/cb40713129m,,
btv1b53178952s,"Tunetis Urbis, ac novae eius arcis et Guletae, quae Philippo Hispan. Regi parent uti a Turcis, et Mauris Selimo, Thraciae Rege...",1645,1645,1645,17th c.,1645,"Braun, Georg (1541-1622). Éditeur scientifique | Hogenberg, Frans (1539?-1590?). Graveur | Van Belle, Jérôme. Traducteur",[s.n.],,"1 plan : ill., col. ; 32 x 41 cm, sur flle 41 x 53,5 cm",2,Galères | Canons | Guerre de siège | Plan de ville | La Goulette | Tunis,Tunisie | E 10°13' / N 36°50',Échelle(s) : [Sans échelle (exprimé)] | Référence bibliographique : 4517,fre | lat,"Bibliothèque nationale de France, département Cartes et plans, GE DD-1606 (117)",domaine public | public domain,view | vue | plan | plan | image fixe | image | still image,cartes,high,tunis,city | country,la goulette | tunis | tunisia | tunisie,https://gallica.bnf.fr/ark:/12148/btv1b53178952s,https://gallica.bnf.fr/iiif/ark:/12148/btv1b53178952s/manifest.json,Gallica,https://gallica.bnf.fr/ark:/12148/btv1b53178952s.thumbnail,http://catalogue.bnf.fr/ark:/12148/cb40727928n,,
btv1b8491219n,"Estats de l'Empire du Grand Seigneur des Turcs... en Asie, en Afrique et en Europe / par Nicolas Sanson d'Abbeville...",1654,1654,1654,17th c.,1654,"Sanson, Nicolas (1600-1667). Auteur du texte",L'Autheur (Paris),1:11 150 000,1 flle : avec lim. col. ; 55 x 41 cm,1,"Ottoman, Empire | Alger, Province d' | Tunis, Province de",,"Échelle(s) : Lieues communes de France 100 [= 0m,038 ; 1:11 150 000 environ] | Échelle(s) : [= 0m,038 ; 1:11 150 000 environ]",fre,"Bibliothèque nationale de France, département Cartes et plans, GE D-13250",domaine public | public domain,map | carte | image fixe | image | still image,cartes,high,tunis,city,tunis,https://gallica.bnf.fr/ark:/12148/btv1b8491219n,https://gallica.bnf.fr/iiif/ark:/12148/btv1b8491219n/manifest.json,Gallica,https://gallica.bnf.fr/ark:/12148/btv1b8491219n.thumbnail,http://catalogue.bnf.fr/ark:/12148/cb407049275,,IFN-8491219
btv1b8595347s,Partie de la coste de Barbarie en Africque où sont les royaumes de Tunis et de Tripoli et pays circonvoisins / par le Sr Sanson d'Abbeville,1655,1655,1655,17th c.,1655,"Sanson, Nicolas (1600-1667). Cartographe | Sanuto, Livio (1520-1576). Créateur de l'œuvre source (Auteur du texte) / Créatrice de l'œuvre source (Autrice du texte)",chez P. Mariette (À Paris),,"1 feuille ; 38 x 54,5 cm",1,Barbarie | Tunis | Tripoli,Afrique (parties),[Partie de la coste de Barbarie en Africque où sont les royaumes de Tunis et de Tripoli et pays circonvoisins] | Appartient à l’ensemble documentaire : AnvilAf,fre,"Bibliothèque nationale de France, département Cartes et Plans, GE DD-2987 (7977)",domaine public | public domain,image fixe | image | still image,cartes,high,tunis,city,tunis,https://gallica.bnf.fr/ark:/12148/btv1b8595347s,https://gallica.bnf.fr/iiif/ark:/12148/btv1b8595347s/manifest.json,Gallica,https://gallica.bnf.fr/ark:/12148/btv1b8595347s.thumbnail,Notice de recueil : http://catalogue.bnf.fr/ark:/12148/cb40577015h,,IFN-8595347
btv1b8490779b,"Partie de la Coste de Barbarie en Africque ou sont les royaumes de Tunis et Tripoli et pays circonvoisins tirés de Sanuto et d'autres par le Sr. Sanson, ... I. Somer P. / sculp",1655,1655,1655,17th c.,1655,"Sanson, Nicolas (1600-1667). Auteur du texte | Somer, Jean Pruthenus (16..-16..? ; graveur). Fonction indéterminée | Mariette, Pierre (1603?-1657). Auteur du texte",P. Mariette (Paris),1:3 475 000,1 flle ; 535 x 370,1,"Tunis, Province de | Tripoli, Province de",Monde,Échelle(s) : [1° lat. = Om. 032 ; 1:3 475 000 environ],fre,"Bibliothèque nationale de France, département Cartes et plans, GE D-13782",domaine public | public domain,map | carte | image fixe | image | still image,cartes,high,tunis,city,tunis,https://gallica.bnf.fr/ark:/12148/btv1b8490779b,https://gallica.bnf.fr/iiif/ark:/12148/btv1b8490779b/manifest.json,Gallica,https://gallica.bnf.fr/ark:/12148/btv1b8490779b.thumbnail,http://catalogue.bnf.fr/ark:/12148/cb406326337,,IFN-8490779
btv1b84916621,"Partie de la Coste de Barbarie en Africque ou sont les royaumes de Tunis et Tripoli et pays circonvoisins tirés de Sanuto et d'autres par le Sr. Sanson, ... I. Somer P. / sculp",1655,1655,1655,17th c.,1655,"Sanson, Nicolas (1600-1667). Auteur du texte | Somer, Jean Pruthenus (16..-16..? ; graveur). Fonction indéterminée | Mariette, Pierre (1603?-1657). Auteur du texte",P. Mariette (Paris),1:3 475 000,1 flle ; 535 x 370,1,"Tunis, Province de | Tripoli, Province de",Monde,Échelle(s) : [1° lat. = Om. 032 ; 1:3 475 000 environ],fre,"Bibliothèque nationale de France, département Cartes et plans, GE D-13782 (BIS)",domaine public | public domain,map | carte | image fixe | image | still image,cartes,high,tunis,city,tunis,https://gallica.bnf.fr/ark:/12148/btv1b84916621,https://gallica.bnf.fr/iiif/ark:/12148/btv1b84916621/manifest.json,Gallica,https://gallica.bnf.fr/ark:/12148/btv1b84916621.thumbnail,http://catalogue.bnf.fr/ark:/12148/cb40645730d,,IFN-8491662
oai:nubis.bis-sorbonne.fr:1116050,"Partie de la coste de Barbarie en Africque ou sont les royaumes de Tunis, et Tripoli et pays circomvoisins tirés de Sanuto et d'autres. Par le Sr. Sanson d'Abbeville geogr ord.re du Roy.",1655,1655,1655,17th c.,1655,"Sanson, Nicolas (1600-1667)","Mariette, Pierre (1603?-1657)",1:3 469 000,1 carte ; 374 x 536 mm. | Dimensions de la bordure extérieure : 401 x 486 mm ; dimensions de l'orle : 359 x 520 mm.,,Littoraux -- Afrique du Nord | Afrique du Nord | Cartes anciennes,Paris (FR) | 17e s.,"Mention du graveur en bas à droite : I. Somer P. sculp. Carte publiée dans : Cartes generales de toutes les parties du monde (Sanson, 1658). Titre en haut et à droite dans un cartouche orné de dauphins. Contours coloriés. Relief, cours d'eau, bois, déserts, royaumes, villes et toponymes. Échelle calculée à partir de la longueur d'un degré de latitude : 1° de latitude = 3,2 cm (1° de latitude = 11 100 000 cm). Échelle numérique : [ca 1:3 469 000]. Coordonnées géographiques : E 6° - E 21° / N 38° - N 28°. Volume de : Cartes generales de toutes les parties du monde, ou les empires, monarchies, republiques, estats, peuples, &c ... Par le sieur Sanson d'Abbeville ... A Paris chez l'auteur ... et chez Pierre Mariette ... M.DC.LVIII. Dans un recueil factice en 4 volumes, dont le 1er est précédé d'un titre manuscrit dans un encadrement gravé : ""Atlas ou recueil des cartes geographiques des quatre parties du monde. De la biblioteque de M.r Philippe Despont prestre docteur en theologie"". Note manuscrite dans l'encadrement du titre : ""Attaché dans ce portefeuille pendant l'année 1670"".",fre,"Bibliothèque interuniversitaire de la Sorbonne, cote : A 507-1. Pièce 28 | Description bibliographique (SUDOC)",Licence ouverte Etalab,Document cartographique | dctype:StillImage,cartes,high,tunis,city,tunis,https://nubis.bis-sorbonne.fr/ark:/15733/pgfr,,Bibliothèque interuniversitaire de la Sorbonne,https://nubis.bis-sorbonne.fr/files/medium/ark_15733_3kh3/ark_15733_pgfr/BIS_00_01154_V01_P028_0001.jpg,,,
btv1b52510038g,"Cartes generales de toutes les parties du monde, ou les empires, monarchies, republiques, estats, peuples, &c. de l'Asie, de l'Afrique, de l'Europe, & de l'Americque, tant anciens que nouveaux, sont exactement remarqués, & distingués suivant leur estendue. Par le Sieur Sanson d'Abbeville, Geographe ordinaire du Roy",1658,1658,1658,17th c.,1658,"Sanson, Nicolas (1600-1667). Cartographe | Rivière (16..-16..? ; graveur). Graveur | Somer, Jean Pruthenus (16..-16..? ; graveur). Graveur | Peyrounin, Abraham (1620-1666). Graveur | Somer, Jean Pruthenus (16..-16..? ; graveur). Graveur | Somer, Jean Pruthenus (16..-16..? ; graveur). Graveur | Somer, Jean Pruthenus (16..-16..? ; graveur). Graveur | Somer, Jean Pruthenus (16..-16..? ; graveur). Graveur | Somer, Jean Pruthenus (16..-16..? ; graveur). Graveur | Boym, Michal (1612-1659). Auteur adapté | Martini, Martino (1614-1661). Auteur adapté | Neron, Mathieu (1550?-1634 ; cosmographe). Auteur adapté | Ruggiery, Michel (16..-16..? ; jésuite). Auteur adapté | Somer, Jean Pruthenus (16..-16..? ; graveur). Graveur | Somer, Jean Pruthenus (16..-16..? ; graveur). Graveur | Somer, Jean Pruthenus (16..-16..? ; graveur). Graveur | Peyrounin, Abraham (1620-1666). Graveur | Marmol y Carvajal, Luis del (1520?-1600). Auteur adapté | Sanuto, Livio (1520-1576). Auteur adapté | Somer, Jean Pruthenus (16..-16..? ; graveur). Graveur | Sanuto, Livio (1520-1576). Auteur adapté | Somer, Jean Pruthenus (16..-16..? ; graveur). Graveur | Sanuto, Livio (1520-1576). Auteur adapté | Somer, Jean Pruthenus (16..-16..? ; graveur). Graveur | Somer, Jean Pruthenus (16..-16..? ; graveur). Graveur | Somer, Jean Pruthenus (16..-16..? ; graveur). Graveur | Sanuto, Livio (1520-1576). Auteur adapté | Somer, Jean Pruthenus (16..-16..? ; graveur). Graveur | Cordier, Robert (16..-167.). Graveur | Peyrounin, Abraham (1620-1666). Graveur | Somer, Jean Pruthenus (16..-16..? ; graveur). Graveur | Cordier, Robert (16..-167.). Graveur | Cordier, Robert (16..-167.). Graveur | Cordier, Robert (16..-167.). Graveur | Peyrounin, Abraham (1620-1666). Graveur | Peyrounin, Abraham (1620-1666). Graveur | Cordier, Robert (16..-167.). Graveur | Cordier, Robert (16..-167.). Graveur | Cordier, Robert (16..-167.). Graveur | Cordier, Robert (16..-167.). Graveur | Cordier, Robert (16..-167.). Graveur | Cordier, Robert (16..-167.). Graveur | Cordier, Robert (16..-167.). Graveur | Cordier, Robert (16..-167.). Graveur | Cordier, Robert (16..-167.). Graveur | Cordier, Robert (16..-167.). Graveur | Somer, Jean Pruthenus (16..-16..? ; graveur). Graveur | Somer, Jean Pruthenus (16..-16..? ; graveur). Graveur | Somer, Jean Pruthenus (16..-16..? ; graveur). Graveur | Somer, Jean Pruthenus (16..-16..? ; graveur). Graveur | Somer, Jean Pruthenus (16..-16..? ; graveur). Graveur | Somer, Jean Pruthenus (16..-16..? ; graveur). Graveur | Jean IV (1604-1656 ; roi de Portugal). Dédicataire | Magini, Giovanni Antonio (1555-1617). Auteur adapté | La Plaes, A.B. de (16..-16..? ; graveur). Graveur | La Plaes, A.B. de (16..-16..? ; graveur). Graveur | La Plaes, A.B. de (16..-16..? ; graveur). Graveur | La Plaes, A.B. de (16..-16..? ; graveur). Graveur | La Plaes, A.B. de (16..-16..? ; graveur). Graveur | La Plaes, A.B. de (16..-16..? ; graveur). Graveur | La Plaes, A.B. de (16..-16..? ; graveur). Graveur | La Plaes, A.B. de (16..-16..? ; graveur). Graveur | La Plaes, A.B. de (16..-16..? ; graveur). Graveur | La Plaes, A.B. de (16..-16..? ; graveur). Graveur | Peyrounin, Abraham (1620-1666). Graveur | Somer, Jean Pruthenus (16..-16..? ; graveur). Graveur | Somer, Jean Pruthenus (16..-16..? ; graveur). Graveur | Somer, Jean Pruthenus (16..-16..? ; graveur). Graveur | Somer, Jean Pruthenus (16..-16..? ; graveur). Graveur | Peyrounin, Abraham (1620-1666). Graveur | Somer, Jean Pruthenus (16..-16..? ; graveur). Graveur | Somer, Jean Pruthenus (16..-16..? ; graveur). Graveur | Somer, Jean Pruthenus (16..-16..? ; graveur). Graveur | Ovalle, Alonso de (1601-1651). Auteur adapté | Somer, Jean Pruthenus (16..-16..? ; graveur). Graveur | Somer, Jean Pruthenus (16..-16..? ; graveur). Graveur | Somer, Jean Pruthenus (16..-16..? ; graveur). Graveur | Somer, Jean Pruthenus (16..-16..? ; graveur). Graveur | Somer, Jean Pruthenus (16..-16..? ; graveur). Graveur | Peyrounin, Abraham (1620-1666). Graveur | Peyrounin, Abraham (1620-1666). Graveur | Peyrounin, Abraham (1620-1666). Graveur | Sanson, Nicolas (1626?-1648). Cartographe | Sanson, Nicolas (1626?-1648). Cartographe | Chauveau, François (1613-1676). Graveur | Condé, Louis II de Bourbon prince de (1621-1686). Dédicataire | César, Jules (0100-0044 av. J.-C.). Auteur adapté | Somer, Jean Pruthenus (16..-16..? ; graveur). Graveur",chez l'auteur [...] Et chez Pierre Mariette (A Paris),,"1 atlas, 113 cartes, table des cartes ; 45 x 34 cm",388,Monde,Monde,Échelle(s) : [Echelles diverses],fre,"Bibliothèque nationale de France, département Cartes et plans, GE DD-1270",domaine public | public domain,atlas | atlas | image fixe | image | still image,cartes,medium,,city,tunis,https://gallica.bnf.fr/ark:/12148/btv1b52510038g,https://gallica.bnf.fr/iiif/ark:/12148/btv1b52510038g/manifest.json,Gallica,https://gallica.bnf.fr/ark:/12148/btv1b52510038g.thumbnail,http://catalogue.bnf.fr/ark:/12148/cb40618478p,,IFN-52510038
btv1b52511195b,Tresor des cartes geographiques des principaux estatz de l'univers [...],1659,1659,1659,17th c.,1659,"Hondius, Henricus (1597-1651). Auteur adapté | Mercator, Gerard (1512-1594). Auteur adapté",A Paris Par N. Picart Graveur ordinaire du Roy au mont St Hilaire Pres le Puist Certain,,"1 vol. (38 cartes) ; 18,2 x 27,7 cm",85,Monde,Monde,Échelle(s) : [Echelles diverses],fre,"Bibliothèque nationale de France, département Cartes et plans, GE FF-3941",domaine public | public domain,atlas | atlas | image fixe | image | still image,cartes,medium,,city,carthage,https://gallica.bnf.fr/ark:/12148/btv1b52511195b,https://gallica.bnf.fr/iiif/ark:/12148/btv1b52511195b/manifest.json,Gallica,https://gallica.bnf.fr/ark:/12148/btv1b52511195b.thumbnail,http://catalogue.bnf.fr/ark:/12148/cb40618581v,,IFN-52511195
btv1b5906266z,"Carte particullière /de la mer Méditerranée, / faicte par moy François Ollive, à Marseille en l'année 1662",1662,1662,1662,17th c.,1662,"Ollive, François (16..-1709 ; cartographe). Cartographe",,1:3 000 000,"1 carte en 6 peaux assemblées, de diverses grandeurs : ms. enluminée sur parchemin, montée sur rouleau ; 117 x 195 cm",2,"Méditerranée, Mer | Marseille | Toulon | Alger | Tunis | Tripoli | Alexandrie",Zone Méditerranée | France – Provence-Alpes-Côte-d'Azur – Bouches-du-Rhône | France – Provence-Alpes-Côte-d'Azur – Var | Algérie | Tunisie | Libye | Égypte,Ancien possesseur : Archives nationales (France). Ancien possesseur | Échelle(s) : Milles [600 = 0m.244 ; 1:3 000 000 environ] | Appartient à l’ensemble documentaire : PortulFr,fre,"Bibliothèque nationale de France, département Cartes et plans, GE A-850 (RES)",domaine public | public domain,manuscript cartographic resource | document cartographique manuscrit | map | carte | map | carte | view | vue | map | carte | image fixe | image | still image,cartes,high,tunis,city | country,tunis | tunisia | tunisie,https://gallica.bnf.fr/ark:/12148/btv1b5906266z,https://gallica.bnf.fr/iiif/ark:/12148/btv1b5906266z/manifest.json,Gallica,https://gallica.bnf.fr/ark:/12148/btv1b5906266z.thumbnail,Notice de recueil : http://catalogue.bnf.fr/ark:/12148/cb42450851k,,IFN-5906266
btv1b59055992,Carte particulière de la coste de Barbarie / Bremond,1664,1664,1664,17th c.,1664,"Brémond, André (1648-16..?). Cartographe",,,1 carte : ms. sur vélin ; 40 x 87 cm,2,"Afrique -- Nord | Tunis, Province de | Alger, Province d'",Algérie,Échelle(s) : 100 milles [= 160 mm] | Appartient à l’ensemble documentaire : PortulFr,fre,"Bibliothèque nationale de France, département Cartes et plans, GE SH 18E PF 105 DIV 2 P 1 RES",domaine public | public domain,manuscript cartographic resource | document cartographique manuscrit | map | carte | map | carte | image fixe | image | still image,cartes,high,tunis,city | country,tunis | tunisia | tunisie,https://gallica.bnf.fr/ark:/12148/btv1b59055992,https://gallica.bnf.fr/iiif/ark:/12148/btv1b59055992/manifest.json,Gallica,https://gallica.bnf.fr/ark:/12148/btv1b59055992.thumbnail,Notice de recueil : http://catalogue.bnf.fr/ark:/12148/cb46927864d,,IFN-5905599
btv1b532422744,"Les costes des royaumes de Fez, Alger, Tunis et Tripoli en Barbarie / par P. du Val, géographe du Roy ; F.D. Lapointe fecit",1664,1664,1664,17th c.,1664,"La Pointe, François de (1640?-1699?). Graveur",chez l'Auteur (Paris),,1 feuille : en coul. ; 25 x 80 cm,2,"Cartouches (ornements) | Méditerranée, Mer | Alger, Province d' -- Côtes | Tunis, Province de -- Côtes | Espagne -- Côtes | Fès, Royaume de -- Côtes | Tripoli, Province de -- Côtes",Mer Méditerranée | Tunisie | Algérie | Libye | Maroc | Espagne,"Échelle(s) : Eschelle de vingt lieues chacune de trois mille pas géométriq. [= 3,5 cm]",fre,"Bibliothèque nationale de France, département Cartes et plans, GE SH 18 PF 105 DIV 2 P 2",domaine public | public domain,map | carte | image fixe | image | still image,cartes,high,tunis,city | country,tunis | tunisia | tunisie,https://gallica.bnf.fr/ark:/12148/btv1b532422744,https://gallica.bnf.fr/iiif/ark:/12148/btv1b532422744/manifest.json,Gallica,https://gallica.bnf.fr/ark:/12148/btv1b532422744.thumbnail,Notice de recueil : http://catalogue.bnf.fr/ark:/12148/cb46927864d,,IFN-53242274
btv1b53098482g,"Les costes des royaumes de Fez, Alger, Tunis et Tripoli en Barbarie suivant les routiers et portolans de divers pilotes / par P. Du Val, ... ; F.D. Lapointe fecit",1664,1664,1664,17th c.,1664,"Duval, Pierre (1619-1683). Fonction indéterminée | La Pointe, François de (1640?-1699?). Graveur",l'Auteur (Paris),1:2 850 000,2 flles assemblées en 1 ; 176 x 210 cm,1,"Cartouches (ornement) | Fès, Royaume de | Alger, Province d' | Tunis, Province de | Tripoli, Province de",Monde,Échelle(s) : Vingt lieues chacune de trois mille pas géométriques [=Om. 034 ; 1:2 850 000 ca],fre,"Bibliothèque nationale de France, département Cartes et plans, GE C-9154",domaine public | public domain,map | carte | image fixe | image | still image,cartes,high,tunis,city,tunis,https://gallica.bnf.fr/ark:/12148/btv1b53098482g,https://gallica.bnf.fr/iiif/ark:/12148/btv1b53098482g/manifest.json,Gallica,https://gallica.bnf.fr/ark:/12148/btv1b53098482g.thumbnail,http://catalogue.bnf.fr/ark:/12148/cb40598411w,,IFN-53098482
btv1b530669601,"Les costes des royaumes de Fez, Alger, Tunis et Tripoli en Barbarie suivant les routiers et portolans de divers pilotes / par P. Du Val... ; F.D. Lapointe fecit",1664,1664,1664,17th c.,1664,"Duval, Pierre (1619-1683). Auteur du texte | La Pointe, François de (1640?-1699?). Fonction indéterminée",l'Auteur (Paris),1:2 850 000,2 flles assemblées en 1 ; 755 x 210,1,"Fès, Royaume de -- Côtes | Alger, Province d' -- Côtes | Tunis, Province de -- Côtes | Tripoli, Province de -- Côtes",Monde,Échelle(s) : Vingt lieues chacune de trois mille pas géométriques [= Om. 034 ; 1:2 850 000 ca],fre,"Bibliothèque nationale de France, département Cartes et plans, GE C-6012",domaine public | public domain,map | carte | image fixe | image | still image,cartes,high,tunis,city,tunis,https://gallica.bnf.fr/ark:/12148/btv1b530669601,https://gallica.bnf.fr/iiif/ark:/12148/btv1b530669601/manifest.json,Gallica,https://gallica.bnf.fr/ark:/12148/btv1b530669601.thumbnail,Notice de recueil : http://catalogue.bnf.fr/ark:/12148/cb406047968,,IFN-53066960
btv1b53098483x,"Les côtes des royaumes de Fez, Alger, Tunis et Tripoli en Barbarie suivant les routiers et portolans de divers pilotes / par P. du Val, ... ; F.D. La Pointe fecit",1664,1664,1664,17th c.,1664,"Duval, Pierre (1619-1683). Fonction indéterminée | La Pointe, François de (1640?-1699?). Fonction indéterminée",l'Auteur (Paris),1:2 850 000,2 flles assemblées en 1 flle de ; 76 x 210 cm,1,"Cartouches (ornement) | Fès, Royaume de | Alger, Province d' | Tunis, Province de | Tripoli, Province de",Monde,Échelle(s) : Vingt lieues chacune de trois milles pas géométriques [= Om. 034 ; 1:2 850 000 ca],fre,"Bibliothèque nationale de France, département Cartes et plans, GE C-9155",domaine public | public domain,map | carte | image fixe | image | still image,cartes,high,tunis,city,tunis,https://gallica.bnf.fr/ark:/12148/btv1b53098483x,https://gallica.bnf.fr/iiif/ark:/12148/btv1b53098483x/manifest.json,Gallica,https://gallica.bnf.fr/ark:/12148/btv1b53098483x.thumbnail,http://catalogue.bnf.fr/ark:/12148/cb405984127,,IFN-53098483
btv1b53283015x,"Routes et distances de diférens ports, caps et isles de la Méditerranée [...] au nombre de neuf cartes / tracées suivant le portuland de Maria Levento de 1664",1664,1664,1799,,1664-17..,"Levanto, Francesco Maria (16..-16..). Cartographe du document reproduit",,,"9 feuilles : ms., col. ; 47 x 60 cm (feuille) + 1 feuille servant de couverture (1 p. ; 45 x 30 cm)",21,"Méditerranée, Mer | Espagne -- Est -- Côtes | Côte d'Azur | Gênes, Golfe de | Venise, Golfe de | Maroc, Royaume du -- Côtes | Alger, Royaume d' -- Côtes | Tunis, Province de -- Côtes",Mer Méditerranée – Bassin Ouest | Italie | Tunisie | Espagne | Maroc | Algérie | France – Provence-Alpes-Côte-d'Azur | Mer Méditerranée – Bassin Est – Mer Adriatique,Échelle(s) : [Echelles diverses],fre,"Bibliothèque nationale de France, département Cartes et plans, GE SH 18 PF 66 P 1 D",domaine public | public domain,manuscript cartographic resource | document cartographique manuscrit | map | carte | image fixe | image | still image,cartes,high,tunis,city | country,tunis | tunisia | tunisie,https://gallica.bnf.fr/ark:/12148/btv1b53283015x,https://gallica.bnf.fr/iiif/ark:/12148/btv1b53283015x/manifest.json,Gallica,https://gallica.bnf.fr/ark:/12148/btv1b53283015x.thumbnail,Notice de recueil : http://catalogue.bnf.fr/ark:/12148/cb456896011,,IFN-53283015
btv1b532375754,[Bataille navale de la Goulette en 1665],1665,1665,1665,17th c.,1665,,,,"1 feuille : ms ; 43 x 59 cm (feuille), 45 x 61 cm (support)",1,"Navires à voiles | Batailles navales | Sondages sous-marins | Tunis, Province de -- Côtes | Tunis | Tunis, Golfe de | La Goulette | Méditerranée, Mer",Mer Méditerranée | Tunisie,Échelle(s) : [Echelle non mentionnée],fre,"Bibliothèque nationale de France, département Cartes et plans, GE SH 18 PF 105 DIV 6 P 2/1 D",domaine public | public domain,manuscript cartographic resource | document cartographique manuscrit | map | carte | image fixe | image | still image,cartes,high,tunis,city | country | region,bizerte | cap bon | la goulette | tunis | tunisia | tunisie,https://gallica.bnf.fr/ark:/12148/btv1b532375754,https://gallica.bnf.fr/iiif/ark:/12148/btv1b532375754/manifest.json,Gallica,https://gallica.bnf.fr/ark:/12148/btv1b532375754.thumbnail,Notice de recueil : http://catalogue.bnf.fr/ark:/12148/cb46929001s,,IFN-53237575
btv1b53242293h,"[Bataille navale de La Goulette, 1665]",1665,1665,1665,17th c.,1665,,,,"1 feuille : ms, col ; 56 x 80 cm",1,"Baies -- Afrique | Forts | Navires à voiles | Batailles navales | Sondages sous-marins | Relations -- France -- Afrique du Nord -- XVIIe siècle | Tunis, Province de -- Côtes | Tunis | Tunis, Golfe de | La Goulette | Méditerranée, Mer",Mer Méditerranée | Tunisie,Échelle(s) : [Echelle non mentionnée],fre,"Bibliothèque nationale de France, département Cartes et plans, GE SH 18 PF 105 DIV 6 P 2",domaine public | public domain,manuscript cartographic resource | document cartographique manuscrit | map | carte | image fixe | image | still image,cartes,high,tunis,city | country | region,bizerte | cap bon | la goulette | tunis | tunisia | tunisie,https://gallica.bnf.fr/ark:/12148/btv1b53242293h,https://gallica.bnf.fr/iiif/ark:/12148/btv1b53242293h/manifest.json,Gallica,https://gallica.bnf.fr/ark:/12148/btv1b53242293h.thumbnail,Notice de recueil : http://catalogue.bnf.fr/ark:/12148/cb46929001s,,IFN-53242293
btv1b53237574p,Plan de Tunis,1665,1665,1665,17th c.,1665,,,,1 feuille : ms ; 57 x 40 cm,1,"Sondages sous-marins | Tunis, Province de -- Côtes | Tunis | Tunis, Golfe de | Bon, Cap | Méditerranée, Mer",Mer Méditerranée | Tunisie,"Ancien possesseur : Coëtlogon, Alain-Emmanuel de (1646-1730). Ancien possesseur | Échelle(s) : Echelle supposée de 3 lieu [= 8,1 cm] | Ancien possesseur : Coëtlogon, Alain-Emmanuel de (1646-1730)",fre,"Bibliothèque nationale de France, département Cartes et plans, GE SH 18 PF 105 DIV 6 P 1/1 D",domaine public | public domain,manuscript cartographic resource | document cartographique manuscrit | map | carte | image fixe | image | still image,cartes,high,tunis,city | country | region,bizerte | cap bon | tunis | tunisia | tunisie,https://gallica.bnf.fr/ark:/12148/btv1b53237574p,https://gallica.bnf.fr/iiif/ark:/12148/btv1b53237574p/manifest.json,Gallica,https://gallica.bnf.fr/ark:/12148/btv1b53237574p.thumbnail,Notice de recueil : http://catalogue.bnf.fr/ark:/12148/cb46929001s,,IFN-53237574
btv1b53242294z,"Plan de Portofarine, les vaisseaux du roy y estants l'année 1669 / d. par de Viviers",1669,1669,1669,17th c.,1669,"Viviers, Guillaume Clément de (16..-1701). Cartographe",,,1 feuille : ms ; 52 x 77 cm,2,"Ports | Baies -- Afrique | Sondages sous-marins | Relations -- France -- Afrique du Nord -- XVIIe siècle | Méditerranée, Mer | Ghár al Milh | Tunis, Province de -- Côtes | Tunis",Mer Méditerranée | Tunisie,Échelle(s) : [Echelle non mentionnée],fre,"Bibliothèque nationale de France, département Cartes et plans, GE SH 18 PF 105 DIV 6 P 2/2",domaine public | public domain,manuscript cartographic resource | document cartographique manuscrit | map | carte | image fixe | image | still image,cartes,high,tunis,city | country | region,bizerte | cap bon | tunis | tunisia | tunisie,https://gallica.bnf.fr/ark:/12148/btv1b53242294z,https://gallica.bnf.fr/iiif/ark:/12148/btv1b53242294z/manifest.json,Gallica,https://gallica.bnf.fr/ark:/12148/btv1b53242294z.thumbnail,Notice de recueil : http://catalogue.bnf.fr/ark:/12148/cb46929001s,,IFN-53242294
btv1b532375576,"[Carte d'une partie des côtes de Barbarie, depuis le cap Bon jusqu'au cap Carbon, et le plan de l'île de la Galite]",1671,1671,1671,17th c.,1671,,,,"1 feuille : ms, col. ; 45 x 33 cm (feuille), 47 x 36 cm (support)",1,"Méditerranée, Mer | Tunis, Régence de -- Côtes | Bon, Cap | Sicile, Royaume de | La Galite, Île de | Sardaigne | Lampedusa, Île de | Alger, Province d' -- Côtes | Carbon, Cap",Mer Méditerranée | Tunisie | Algérie,Échelle(s) : [Echelle non mentionnée],fre,"Bibliothèque nationale de France, département Cartes et plans, GE SH 18 PF 105 DIV 2 P 4 D",domaine public | public domain,manuscript cartographic resource | document cartographique manuscrit | map | carte | image fixe | image | still image,cartes,high,tunis,city | country | region,cap bon | tunis | tunisia | tunisie,https://gallica.bnf.fr/ark:/12148/btv1b532375576,https://gallica.bnf.fr/iiif/ark:/12148/btv1b532375576/manifest.json,Gallica,https://gallica.bnf.fr/ark:/12148/btv1b532375576.thumbnail,Notice de recueil : http://catalogue.bnf.fr/ark:/12148/cb46927864d,,IFN-53237557
btv1b525039034,Cartes pour les itinéraires et voïages [sic] modernes qui ont esté faits tant par mer que par terre dans toutes les parties du monde et particulierement dans le Levant (Deuxième édition) / Par P. Duval géographe du Roy,1677,1677,1677,17th c.,1677,"Duval, Pierre (1619-1683). Cartographe | Brissart, Pierre (1645?-1682). Graveur | Nassir Ed Din (1201-1274 ; astronome persan). Auteur adapté | Somer, Jean Pruthenus (16..-16..? ; graveur). Graveur | Busbecq, Ogier Ghislain de (1522-1592). Auteur adapté | Léry, Jean de (1536?-1613?). Auteur adapté | Villegagnon, Nicolas Durand de (1510-1571 ; chevalier de). Auteur adapté | Gourgues, Dominique de (1530?-1593). Auteur adapté | Saint-Gorgon, C. (18..-18..). Auteur adapté | Ribault, Jean (1520?-1565). Auteur adapté | Jenkinson, Anthony (1529-1611). Auteur adapté | Johnson, Richard (15..-16..? ; voyageur). Auteur adapté | Pyrard, François (1570-1621). Auteur adapté | Della Valle, Pietro (1586-1652). Auteur adapté | Della Valle, Pietro (1586-1652). Auteur adapté | Della Valle, Pietro (1586-1652). Auteur adapté | Herbert, Thomas (1606-1682). Auteur adapté | Herbert, Thomas (1606-1682). Auteur adapté | Deshayes de Courmenin, Louis (1600?-1632). Auteur adapté | Olearius, Adam (1599-1671). Auteur adapté | Olearius, Adam (1599-1671). Auteur adapté | Mandelslo, Johann Albrecht von (1616-1644). Auteur adapté | Philippo de Tunis, Don (16..-16..? ; voyageur). Auteur adapté | Nieuhoff, Jan (1620?-1672). Auteur adapté",,,"1 vol. (28 cartes en 27 feuilles) ; 21 x 32,4 cm",184,Monde,Monde,Échelle(s) : [Echelles diverses],fre,"Bibliothèque nationale de France, département Cartes et plans, GE FF-8829",domaine public | public domain,atlas | atlas | image fixe | image | still image,cartes,medium,tunis,city,tunis,https://gallica.bnf.fr/ark:/12148/btv1b525039034,https://gallica.bnf.fr/iiif/ark:/12148/btv1b525039034/manifest.json,Gallica,https://gallica.bnf.fr/ark:/12148/btv1b525039034.thumbnail,http://catalogue.bnf.fr/ark:/12148/cb40612699r,,IFN-52503903
btv1b8592962m,"Itinéraire du Caire à la Mecque, selon la relation de Dom Philippo de Tunis, qui en a fait un voyage l'an 1657 / par P. Du Val,...",1677,1677,1677,17th c.,1677,"Duval, Pierre (1619-1683). Cartographe",[s.n.],,1 carte ; 17 x 24 cm,1,"Philippo de Tunis, Don (16..-16..? ; voyageur) -- Voyages -- Arabie | Arabique, Péninsule -- Le Caire - La Mecque -- Itinéraires | Sinaï, Péninsule du -- Le Caire - Gaza -- Itinéraires | Nil, Delta du",Asie (parties) | Égypte,Appartient à l’ensemble documentaire : AnvilMF | Appartient à l’ensemble documentaire : MAEDI008 | Appartient à l’ensemble documentaire : MAEDIGen0,fre,"Bibliothèque nationale de France, département Cartes et plans, GE DD-2987 (6673)",domaine public | public domain,map | carte | image fixe | image | still image,cartes,high,tunis,city,tunis,https://gallica.bnf.fr/ark:/12148/btv1b8592962m,https://gallica.bnf.fr/iiif/ark:/12148/btv1b8592962m/manifest.json,Gallica,https://gallica.bnf.fr/ark:/12148/btv1b8592962m.thumbnail,Notice de recueil : http://catalogue.bnf.fr/ark:/12148/cb40577015h,,IFN-8592962
btv1b530527863,"Les Costes des royaumes de Fez, Alger, Tunis et Tripoli en Barbarie suivant les routiers et les portolans de divers pilotes / par P. du val ; F. Lapointe fecit",1677,1677,1677,17th c.,1677,"Duval, Pierre (1619-1683). Cartographe | La Pointe, François de (1640?-1699?). Graveur (Manifestation) | La Pointe, François de (1640?-1699?). Créateur de l'estampe / Créatrice de l'estampe",chez l'auteur (À Paris),,"1 feuille ; 25,5 x 80 cm",1,Barbarie | Tripoli | Tunis | Alger | Fès,Afrique (parties),"[Les Costes des royaumes de Fez, Alger, Tunis et Tripoli en Barbarie suivant les routiers et les portolans de divers pilotes] | Appartient à l’ensemble documentaire : AnvilAf | Appartient à l’ensemble documentaire : MAEDI008 | Appartient à l’ensemble documentaire : MAEDIGen0",fre,"Bibliothèque nationale de France, département Cartes et Plans, GE DD-2987 (7974 B)",domaine public | public domain,image fixe | image | still image,cartes,high,tunis,city,tunis,https://gallica.bnf.fr/ark:/12148/btv1b530527863,https://gallica.bnf.fr/iiif/ark:/12148/btv1b530527863/manifest.json,Gallica,https://gallica.bnf.fr/ark:/12148/btv1b530527863.thumbnail,Notice de recueil : http://catalogue.bnf.fr/ark:/12148/cb40577015h,,IFN-53052786
btv1b8445156f,"Les costes des royaumes de Fez, Alger, Tunis et Tripoli en Barbarie suivant les routiers et portolans de divers pilotes / par P. Du Val, ...",1677,1677,1677,17th c.,1677,"Duval, Pierre (1619-1683). Fonction indéterminée",[s.n.],1:2 850 000,1 flle ; 385 x 210,1,Barbarie -- Côtes,Monde,Échelle(s) : [1:2 850 000 environ],fre,"Bibliothèque nationale de France, département Cartes et plans, GE D-6230",domaine public | public domain,map | carte | image fixe | image | still image,cartes,high,tunis,city,tunis,https://gallica.bnf.fr/ark:/12148/btv1b8445156f,https://gallica.bnf.fr/iiif/ark:/12148/btv1b8445156f/manifest.json,Gallica,https://gallica.bnf.fr/ark:/12148/btv1b8445156f.thumbnail,http://catalogue.bnf.fr/ark:/12148/cb40598413k,,IFN-8445156
btv1b8491458f,"Les costes des royaumes de Fez, Alger, Tunis et Tripoli en Barbarie suivant les routiers et portolans de divers pilotes / par P.Du Val, ... ; F.D.Lapointe fecit",1677,1677,1677,17th c.,1677,"La Pointe, François de (1640?-1699?). Graveur | Duval, Pierre (1619-1683). Cartographe",l'Auteur (Paris),1:2 850 000,"1 flle ; 38,5 x 21 cm",1,Cartouches (ornement) | Maghreb -- Côtes | Barbarie -- Côtes,Monde,Échelle(s) : Vingt lieues chacune de trois mille pas géométriques [=Om. 034 ; 1:2 850 000 environ],fre,"Bibliothèque nationale de France, département Cartes et plans, GE D-13801",domaine public | public domain,map | carte | image fixe | image | still image,cartes,high,tunis,city,tunis,https://gallica.bnf.fr/ark:/12148/btv1b8491458f,https://gallica.bnf.fr/iiif/ark:/12148/btv1b8491458f/manifest.json,Gallica,https://gallica.bnf.fr/ark:/12148/btv1b8491458f.thumbnail,http://catalogue.bnf.fr/ark:/12148/cb40593822f,,IFN-8491458
btv1b8493553b,[Rade et lac de Tunis. 1 : 100 000 env],1680,1680,1680,17th c.,1680,,[s.n.],,1 flle ms. au lavis ; 320 x 460,1,"Tunis, Golfe de",Tunisie,,fre,"Bibliothèque nationale de France, département Cartes et plans, GE D-15719",domaine public | public domain,manuscript cartographic resource | document cartographique manuscrit | map | carte | image fixe | image | still image,cartes,high,tunis,city | country,tunis | tunisia | tunisie,https://gallica.bnf.fr/ark:/12148/btv1b8493553b,https://gallica.bnf.fr/iiif/ark:/12148/btv1b8493553b/manifest.json,Gallica,https://gallica.bnf.fr/ark:/12148/btv1b8493553b.thumbnail,Notice de recueil : http://catalogue.bnf.fr/ark:/12148/cb40593927f,,IFN-8493553
btv1b52526874r,"Atlas nouveau contenant toutes les parties du monde ou sont exactement remarqués les Empires, Monarchies Royaumes, Estats Republiques & Peuples qui si trouvent à present. Presenté a Monseigneur le Dauphin par son tres-humble, tres-obeissant et tres-fidele serviteur Hubert Iaillot",1681,1681,1681,17th c.,1681,"Jaillot, Alexis-Hubert (1632?-1712). Cartographe | Louis (1661-1711 ; dauphin de France). Dédicataire | Cordier, Louis (16..-1711). Graveur | Louis (1661-1711 ; dauphin de France). Dédicataire | Sanson, Guillaume (1633-1703). Cartographe | Chauveau, François (1613-1676). Graveur | Cordier, Louis (16..-1711). Graveur | Louis XIV (1638-1715 ; roi de France). Dédicataire | Sanson, Guillaume (1633-1703). Cartographe | Cordier, Louis (16..-1711). Graveur | Sanson, Guillaume (1633-1703). Cartographe | Chauveau, François (1613-1676). Graveur | Cordier, Louis (16..-1711). Graveur | Sanson, Guillaume (1633-1703). Cartographe | Cordier, Louis (16..-1711). Graveur | Louis (1661-1711 ; dauphin de France). Dédicataire | Sanson, Guillaume (1633-1703). Cartographe | Chauveau, François (1613-1676). Graveur | Louis (1661-1711 ; dauphin de France). Dédicataire | Sanson, Guillaume (1633-1703). Cartographe | Boazio, Giovanni Battista. Auteur adapté | Camden, William (1551-1623). Auteur adapté | Gordon, Robert (1580-1661). Auteur adapté | Louis (1661-1711 ; dauphin de France). Dédicataire | Pont, Timothy (15..-16.. ; pasteur). Auteur adapté | Sanson, Guillaume (1633-1703). Cartographe | Saxton, Christopher (1542-1606). Auteur adapté | Speed, John (1552-1629). Auteur adapté | Chauveau, François (1613-1676). Graveur | Cordier, Louis (16..-1711). Graveur | Louis (1661-1711 ; dauphin de France). Dédicataire | Sanson, Guillaume (1633-1703). Cartographe | Cordier, Louis (16..-1711). Graveur | Louis (1661-1711 ; dauphin de France). Dédicataire | Sanson, Guillaume (1633-1703). Cartographe | Cordier, Louis (16..-1711). Graveur | Louis (1661-1711 ; dauphin de France). Dédicataire | Sanson, Guillaume (1633-1703). Cartographe | Chauveau, François (1613-1676). Graveur | Cordier, Louis (16..-1711). Graveur | Louis (1661-1711 ; dauphin de France). Dédicataire | Sanson, Guillaume (1633-1703). Cartographe | Sanson, Guillaume (1633-1703). Cartographe | Sanson, Guillaume (1633-1703). Cartographe | Chauveau, François (1613-1676). Graveur | Sanson, Guillaume (1633-1703). Cartographe | Sanson, Guillaume (1633-1703). Cartographe | Cordier, Louis (16..-1711). Graveur | Louis (1661-1711 ; dauphin de France). Dédicataire | Sanson, Guillaume (1633-1703). Cartographe | Cordier, Louis (16..-1711). Graveur | Louis (1661-1711 ; dauphin de France). Dédicataire | Sanson, Guillaume (1633-1703). Cartographe | Louis XIV (1638-1715 ; roi de France). Dédicataire | Sanson, Guillaume (1633-1703). Cartographe | Chauveau, François (1613-1676). Graveur | Louis (1661-1711 ; dauphin de France). Dédicataire | Sanson, Guillaume (1633-1703). Cartographe | Louis (1661-1711 ; dauphin de France). Dédicataire | Sanson, Guillaume (1633-1703). Cartographe | Cordier, Louis (16..-1711). Graveur | Chauveau, François (1613-1676). Graveur | Louvois, François Michel Le Tellier marquis de (1639-1691). Dédicataire | Sanson, Guillaume (1633-1703). Cartographe | Chauveau, François (1613-1676). Graveur | Sanson, Guillaume (1633-1703). Cartographe | Sanson, Guillaume (1633-1703). Cartographe | Sanson, Guillaume (1633-1703). Cartographe | Sanson, Guillaume (1633-1703). Cartographe | Chauveau, François (1613-1676). Graveur | Sanson, Guillaume (1633-1703). Cartographe | Sanson, Guillaume (1633-1703). Cartographe | Sanson, Guillaume (1633-1703). Cartographe | Sanson, Guillaume (1633-1703). Cartographe | Sanson, Guillaume (1633-1703). Cartographe | Sanson, Guillaume (1633-1703). Cartographe | Brissart, Pierre (1645?-1682). Graveur | Sanson, Guillaume (1633-1703). Cartographe | Brissart, Pierre (1645?-1682). Graveur | Sanson, Guillaume (1633-1703). Cartographe | Sanson, Guillaume (1633-1703). Cartographe | Chauveau, François (1613-1676). Graveur | Louis (1661-1711 ; dauphin de France). Dédicataire | Sanson, Guillaume (1633-1703). Cartographe | Louis (1661-1711 ; dauphin de France). Dédicataire | Sanson, Guillaume (1633-1703). Cartographe | Chauveau, François (1613-1676). Graveur | Sanson, Guillaume (1633-1703). Cartographe | Cordier, Louis (16..-1711). Graveur | Sanson, Guillaume (1633-1703). Cartographe | Chauveau, François (1613-1676). Graveur | Louis (1661-1711 ; dauphin de France). Dédicataire | Chauveau, François (1613-1676). Graveur | Louis (1661-1711 ; dauphin de France). Dédicataire | Sanson, Guillaume (1633-1703). Cartographe | Cordier, Louis (16..-1711). Graveur | Louis (1661-1711 ; dauphin de France). Dédicataire | Sanson, Guillaume (1633-1703). Cartographe | Simonneau, Charles-Louis (1645-1728). Graveur | Sanson, Guillaume (1633-1703). Cartographe | Cordier, Louis (16..-1711). Graveur | Louis (1661-1711 ; dauphin de France). Dédicataire | Sanson, Guillaume (1633-1703). Cartographe | Sanson, Guillaume (1633-1703). Cartographe","A Paris chez Hubert Iaillot, joignant les Grands Augustins, aux deux Globes. Avec privilege du Roy. M.DC.LXXXI",,"1 atlas, 63,7 x 50 cm, 46 cartes et 19 tables géographiques ; Gr-fol.",192,Monde,Monde,Échelle(s) : [Échelles diverses],fre,"Bibliothèque nationale de France, département Société de Géographie, GR FOL-SG A-144 (RES)",conditions spécifiques d'utilisation - Société de Géographie | restricted use,atlas | atlas | view | vue | image fixe | image | still image,cartes,medium,,city,tunis,https://gallica.bnf.fr/ark:/12148/btv1b52526874r,https://gallica.bnf.fr/iiif/ark:/12148/btv1b52526874r/manifest.json,Gallica,https://gallica.bnf.fr/ark:/12148/btv1b52526874r.thumbnail,http://catalogue.bnf.fr/ark:/12148/cb40612767d,,IFN-52526874
btv1b8595379r,La rade au-dessous de Galita,1684,1684,1684,17th c.,1684,"Bougard, René (16..-17.. ; lieutenant de vaisseau). Cartographe",R. Bougart (),,"1 feuille ; 9,5 x 23 cm",1,La Galite,Tunisie,[La rade au-dessous de Galita] | Appartient à l’ensemble documentaire : AnvilAf | Appartient à l’ensemble documentaire : MAEDI008 | Appartient à l’ensemble documentaire : MAEDIGen0,fre,"Bibliothèque nationale de France, département Cartes et Plans, GE DD-2987 (8006)",domaine public | public domain,image fixe | image | still image,cartes,high,tunis,country,tunisia | tunisie,https://gallica.bnf.fr/ark:/12148/btv1b8595379r,https://gallica.bnf.fr/iiif/ark:/12148/btv1b8595379r/manifest.json,Gallica,https://gallica.bnf.fr/ark:/12148/btv1b8595379r.thumbnail,Notice de recueil : http://catalogue.bnf.fr/ark:/12148/cb40577015h,,IFN-8595379
btv1b53242291m,Plan de Souse / tiré sur les lieux par le S[ieu]r de Darcy,1685,1685,1685,17th c.,1685,"Darcy, de (16..-17..?). Cartographe",,,"1 feuille : ms, col ; 52 x 75 cm",2,"Sondages sous-marins | Fortifications | Méditerranée, Mer | Tunis, Province de -- Côtes | Sousse | Méditerranée, Mer",Mer Méditerranée | Tunisie,"Échelle(s) : Eschelle de mil pas communs chacun de deux pieds et demy [= 8,5 cm]",fre,"Bibliothèque nationale de France, département Cartes et plans, GE SH 18 PF 105 DIV 5 P 7",domaine public | public domain,manuscript cartographic resource | document cartographique manuscrit | map | carte | image fixe | image | still image,cartes,high,tunis,city | country | region,cap bon | sousse | tunis | tunisia | tunisie,https://gallica.bnf.fr/ark:/12148/btv1b53242291m,https://gallica.bnf.fr/iiif/ark:/12148/btv1b53242291m/manifest.json,Gallica,https://gallica.bnf.fr/ark:/12148/btv1b53242291m.thumbnail,Notice de recueil : http://catalogue.bnf.fr/ark:/12148/cb46928803f,,IFN-53242291
btv1b53242295d,Plan de Tunis / tiré par le S[ieu]r de Darcy,1685,1685,1685,17th c.,1685,"Darcy, de (16..-17..?). Cartographe",,,"1 feuille : ms, col ; 52 x 75 cm",2,"Baies -- Afrique | Sondages sous-marins | Méditerranée, Mer | Tunis, Province de -- Côtes | Tunis | Méditerranée, Mer",Mer Méditerranée | Tunisie,"Échelle(s) : Eschelle de seize cens toises [= 6,8 cm]",fre,"Bibliothèque nationale de France, département Cartes et plans, GE SH 18 PF 105 DIV 6 P 5",domaine public | public domain,manuscript cartographic resource | document cartographique manuscrit | map | carte | image fixe | image | still image,cartes,high,tunis,city | country | region,bizerte | cap bon | tunis | tunisia | tunisie,https://gallica.bnf.fr/ark:/12148/btv1b53242295d,https://gallica.bnf.fr/iiif/ark:/12148/btv1b53242295d/manifest.json,Gallica,https://gallica.bnf.fr/ark:/12148/btv1b53242295d.thumbnail,Notice de recueil : http://catalogue.bnf.fr/ark:/12148/cb46929001s,,IFN-53242295
bpt6k4324200,L'Europe et ses descriptions Par P. Du Val geographe du Roy. Avec privilege de Sa Majesté,1686,1686,1686,17th c.,1686,"Duval, Pierre (1619-1683). Cartographe | Fer, Nicolas de (1647?-1720). Cartographe | Liébaux (16..-17..? ; graveur). Graveur | Ptolémée, Claude (0100?-0170?). Auteur adapté","A Paris chez De Fer, sur le quay de l'Orloge du Palais, à la Sphere, avec privilege du Roy. 1686.",,"1 atlas (56 cartes, 21 pages de texte) ; in-4 oblong, 20 x 25,5 cm",81,,Monde,,fre,"Bibliothèque nationale de France, département Philosophie, histoire, sciences de l'homme, G-3148",domaine public | public domain,atlas | atlas | image fixe | image | still image,cartes,medium,,city,tunis,https://gallica.bnf.fr/ark:/12148/bpt6k4324200,https://gallica.bnf.fr/iiif/ark:/12148/bpt6k4324200/manifest.json,Gallica,https://gallica.bnf.fr/ark:/12148/bpt6k4324200.thumbnail,http://catalogue.bnf.fr/ark:/12148/cb40612708w,,
bpt6k8726671v,La geographie universelle qui fait voir l'estat présent des 4 parties du monde c'est à dire les religions les coutumes & les richesses des peuples les forces & les gouvernements des estats Ce qui est de plus beau & de plus rare dans chaque region & autres particularités pour sçavoir l'histoire & I'interest des princes. On y a joint le traité du globe Par P. Du-Val geographe ordinaire du Roy. Premiere partie,1688,1688,1688,17th c.,1688,"Duval, Pierre (1619-1683). Cartographe | Auroux, Nicolas (162.-1676). Cartographe | Ogier, R. M. (16..-17.. ; graveur). Graveur | Ogier, R. M. (16..-17.. ; graveur). Graveur | Ogier, R. M. (16..-17.. ; graveur). Graveur | Ogier, R. M. (16..-17.. ; graveur). Graveur | Ogier, R. M. (16..-17.. ; graveur). Graveur | Ogier, R. M. (16..-17.. ; graveur). Graveur",,,"1 atlas, 7 cartes, 650 pages de texte",804,,Monde,Comprend : Description de la terre universelle / N. Auroux fec. ; Terres arctiques dites autrement septentrionales et boreales / R. M. Ogier fecit ; Terres antarctiques dites autrement australes et inconnues / R. M. Ogier fecit ; Amerique / Par P. Du Val geogr[aphe] du Roy ; R. M. Ogier fecit ; Afrique / Par P. Du Val geogr[aphe] du Roy ; R. M. Ogier fecit ; Asie / Par P. Du Val g[eographe] d[u] Roy ; R. M. Ogier fecit ; Europe / Par P. Du-Val ; R. M. Ogier fecit | Avec mode texte,fre,"Bibliothèque nationale de France, département Arsenal, 8-H-229",domaine public | public domain,atlas | atlas | image fixe | image | still image,cartes,medium,,city | polity | region,cap bon | carthage | medenine | royaume de tunis | tunis,https://gallica.bnf.fr/ark:/12148/bpt6k8726671v,https://gallica.bnf.fr/iiif/ark:/12148/bpt6k8726671v/manifest.json,Gallica,https://gallica.bnf.fr/ark:/12148/bpt6k8726671v.thumbnail,http://catalogue.bnf.fr/ark:/12148/cb40612720r,,
btv1b53281176j,Carte de la moitié de la Mer Méditerranée présentée à monseigneur de Seignelay... / par ses très humbles serviteurs Henry Michelot et Nicolas Therin,1689,1689,1689,17th c.,1689,"Michelot, Henri (1655-17..). Cartographe | Thérin, Nicolas (1652?-1702). Cartographe | Seignelay, Jean-Baptiste Antoine Colbert (1651-1690 ; marquis de). Dédicataire",[s.n.] (Paris),,"1 feuille sur support entoilé ; 48 x 65,5 cm (carte), 52,5 x 70 cm (support entoilé)",2,"Armoiries | Triangulation | Méditerranée, Mer | Tunis, Province de -- Côtes | Italie -- Côtes | Espagne -- Est -- Côtes | France -- Sud -- Côtes | Maroc, Royaume du -- Côtes | Alger, Régence d' -- Côtes",Mer Méditerranée – Bassin Ouest,"Échelle(s) : Echelle de 100 lieues françoises à 20 par degré [= 16,2 cm]",fre,"Bibliothèque nationale de France, département Cartes et plans, GE SH 18 PF 63 P 21 D",domaine public | public domain,map | carte | image fixe | image | still image,cartes,high,tunis,city,tunis,https://gallica.bnf.fr/ark:/12148/btv1b53281176j,https://gallica.bnf.fr/iiif/ark:/12148/btv1b53281176j/manifest.json,Gallica,https://gallica.bnf.fr/ark:/12148/btv1b53281176j.thumbnail,Notice de recueil : http://catalogue.bnf.fr/ark:/12148/cb471420060,,IFN-53281176
btv1b53281185h,Nieuwe paskaert van de Zee kusten van't Eylandt Sicilia en de tegen over geleegende kusten van Barbaria tusschen C. Bona en I. Zerby / by Ioannes van Kuelen,1695,1695,1695,17th c.,1695,"Van Keulen, Johannes I (1654-1715). Cartographe",Ioannes van Kuelen (Amsterdam),,"1 feuille sur support entoilé : en coul. ; 52 x 58,5 cm (carte), 55 x 64,5 cm (support entoilé)",1,"Sondages sous-marins | Cartouches (ornements) | Triangulation | Navires à voiles | La Valette | Italie -- Sud -- Côtes | Tunis, Province de -- Côtes | Kerkennah, Îles | Messine, Détroit de | Sicile, Île de -- Côtes | Méditerranée, Mer",Mer Méditerranée – Bassin Ouest – Mer Tyrrhénienne | Italie | Tunisie,"Échelle(s) : 15 Duytsche Mylen 15 in een Graadt [= 11,8 cm]",dut,"Bibliothèque nationale de France, département Cartes et plans, GE SH 18 PF 63 P 27/5 D",domaine public | public domain,map | carte | image fixe | image | still image,cartes,high,tunis,city | country | island,kerkennah | tunis | tunisia | tunisie,https://gallica.bnf.fr/ark:/12148/btv1b53281185h,https://gallica.bnf.fr/iiif/ark:/12148/btv1b53281185h/manifest.json,Gallica,https://gallica.bnf.fr/ark:/12148/btv1b53281185h.thumbnail,Notice de recueil : http://catalogue.bnf.fr/ark:/12148/cb471420060,,IFN-53281185
btv1b53281183m,"Pas-caart van de de Zee kusten van't Eyland Sardinia met de tegen over geleegene zee kusten van Barbaria, Tusschen C. de Ferro en C. Bona / by Ioannes van Keulen",1695,1695,1695,17th c.,1695,"Van Keulen, Johannes I (1654-1715). Cartographe",Ioannes van Keulen (Amsterdam),,"1 feuille sur support entoilé : en coul. ; 51 x 58,5 cm (carte), 55 x 65 cm (support entoilé)",1,"Triangulation | Sondages sous-marins | Cartouches (ornements) | Sardaigne -- Côtes | Tunis, Province de | Bon, Cap | Tabarka, Île de | Cap Negro | Annaba | Afrique -- Nord -- Côtes",Mer Méditerranée – Bassin Ouest | Tunisie | Italie – Sardaigne,"Échelle(s) : 15 Duytsche Mylen 15 in een Graadt [= 12,6 cm]",dut,"Bibliothèque nationale de France, département Cartes et plans, GE SH 18 PF 63 P 27/3 D",domaine public | public domain,map | carte | image fixe | image | still image,cartes,high,tunis,city | country,tabarka | tunis | tunisia | tunisie,https://gallica.bnf.fr/ark:/12148/btv1b53281183m,https://gallica.bnf.fr/iiif/ark:/12148/btv1b53281183m/manifest.json,Gallica,https://gallica.bnf.fr/ark:/12148/btv1b53281183m.thumbnail,Notice de recueil : http://catalogue.bnf.fr/ark:/12148/cb471420060,,IFN-53281183
btv1b53237581r,[Carte du golfe de Tunis du Cap Bon jusqu'à Bizerte],1698,1698,1698,17th c.,1698,,,,"1 feuille : ms, col. ; 39 x 54 cm",1,"Sondages sous-marins | Tunis, Province de -- Côtes | Ghár al Milh | Tunis, Golfe de | Tunis | Bizerte | Bon, Cap | Méditerranée, Mer",Mer Méditerranée | Tunisie,"Échelle(s) : Echelle de 7 lieues a 20 au degré [= 15,2 cm]",fre,"Bibliothèque nationale de France, département Cartes et plans, GE SH 18 PF 105 DIV 6 P 9 D",domaine public | public domain,manuscript cartographic resource | document cartographique manuscrit | map | carte | image fixe | image | still image,cartes,high,tunis,city | country | region,bizerte | cap bon | tunis | tunisia | tunisie,https://gallica.bnf.fr/ark:/12148/btv1b53237581r,https://gallica.bnf.fr/iiif/ark:/12148/btv1b53237581r/manifest.json,Gallica,https://gallica.bnf.fr/ark:/12148/btv1b53237581r.thumbnail,Notice de recueil : http://catalogue.bnf.fr/ark:/12148/cb46929001s,,IFN-53237581
btv1b53237579x,"Plan d'une partie de la coste de Barbarie contenant les rades de Bizerte, Tunis, et Portefarine avec toutes les îles, banqs et sondes contenüee en cette partie de Lafrique",1698,1698,1698,17th c.,1698,,,,"1 feuille : ms, col. ; 46 x 57 cm",1,"Sondages sous-marins | Tunis, Province de -- Côtes | Ghár al Milh | Tunis, Golfe de | Tunis | Bizerte | Bon, Cap | Méditerranée, Mer",Mer Méditerranée | Tunisie,"Échelle(s) : Echelle de quattres lieues de 3000 pas geométtrique chaqunne [= 8,6 cm]",fre,"Bibliothèque nationale de France, département Cartes et plans, GE SH 18 PF 105 DIV 6 P 8 D",domaine public | public domain,manuscript cartographic resource | document cartographique manuscrit | map | carte | image fixe | image | still image,cartes,high,tunis,city | country | region,bizerte | cap bon | tunis | tunisia | tunisie,https://gallica.bnf.fr/ark:/12148/btv1b53237579x,https://gallica.bnf.fr/iiif/ark:/12148/btv1b53237579x/manifest.json,Gallica,https://gallica.bnf.fr/ark:/12148/btv1b53237579x.thumbnail,Notice de recueil : http://catalogue.bnf.fr/ark:/12148/cb46929001s,,IFN-53237579
btv1b532375809,"Plan d'une partie de la coste de Barbarie quy contient les rades et sondes de Bizerte, Portefarine, Lagoullette autrement Tunis...",1698,1698,1698,17th c.,1698,,,,"1 feuille : ms, col. ; 37 x 51 cm",1,"Sondages sous-marins | Tunis, Province de -- Côtes | Ghár al Milh | Tunis, Golfe de | Tunis | Bizerte | Bon, Cap | Méditerranée, Mer | La Goulette",Mer Méditerranée | Tunisie,"Échelle(s) : Eschelle de cinq lieues de 2500 pas geometriques [= 10,7 cm]",fre,"Bibliothèque nationale de France, département Cartes et plans, GE SH 18 PF 105 DIV 6 P 8/1 D",domaine public | public domain,manuscript cartographic resource | document cartographique manuscrit | map | carte | image fixe | image | still image,cartes,high,tunis,city | country | region,bizerte | cap bon | la goulette | tunis | tunisia | tunisie,https://gallica.bnf.fr/ark:/12148/btv1b532375809,https://gallica.bnf.fr/iiif/ark:/12148/btv1b532375809/manifest.json,Gallica,https://gallica.bnf.fr/ark:/12148/btv1b532375809.thumbnail,Notice de recueil : http://catalogue.bnf.fr/ark:/12148/cb46929001s,,IFN-53237580
btv1b53283017t,Cartes au nombre de 18 contenant les distances raportées dans les etendues et courses du Flambeau de Van Keulen / vérifié sur l'edition de 1699 [du Flambeau de la Mer de Van Keulen],1699,1699,1799,,1699-17..,"Van Keulen, Johannes I (1654-1715). Cartographe du document reproduit",,,"18 feuilles : ms., col. ; 52 x 69 cm + 1 feuille servant de couverture (1 p. ; 45 x 30 cm)",39,"Méditerranée, Mer | Espagne -- Côtes | Baléares, Îles | Côte d'Azur | Gênes, Golfe de | Venise, Golfe de | Maroc, Royaume du -- Côtes | Adriatique, Mer | Ionienne, Mer | Alger, Royaume d' -- Côtes | Tunis, Province de -- Côtes | Égée, Mer | Turquie d'Asie -- Côtes | Turquie d'Europe -- Côtes | Libye -- Côtes | Égypte -- Côtes | Syrie -- Côtes",Mer Méditerranée,Échelle(s) : [Echelles diverses],fre,"Bibliothèque nationale de France, département Cartes et plans, GE SH 18 PF 66 P 4 D",domaine public | public domain,manuscript cartographic resource | document cartographique manuscrit | map | carte | image fixe | image | still image,cartes,high,tunis,city,tunis,https://gallica.bnf.fr/ark:/12148/btv1b53283017t,https://gallica.bnf.fr/iiif/ark:/12148/btv1b53283017t/manifest.json,Gallica,https://gallica.bnf.fr/ark:/12148/btv1b53283017t.thumbnail,Notice de recueil : http://catalogue.bnf.fr/ark:/12148/cb456896011,,IFN-53283017
btv1b532423018,"Plan de la rade de Bizerte en Barbarie / par Albert, pilote entretenu du Roy",1699,1699,1699,17th c.,1699,Albert (16..-17.. ; pilote). Cartographe,,,"1 feuille : ms, col ; 52 x 76 cm",2,"Baies -- Afrique | Sondages sous-marins | Bizerte | Méditerranée, Mer | Tunis, Province de -- Côtes | Méditerranée, Mer",Mer Méditerranée | Tunisie,"Échelle(s) : Echelle d'une lieüe [= 11,7 cm]",fre,"Bibliothèque nationale de France, département Cartes et plans, GE SH 18 PF 105 DIV 6 P 15",domaine public | public domain,manuscript cartographic resource | document cartographique manuscrit | map | carte | image fixe | image | still image,cartes,high,tunis,city | country | region,bizerte | cap bon | tunis | tunisia | tunisie,https://gallica.bnf.fr/ark:/12148/btv1b532423018,https://gallica.bnf.fr/iiif/ark:/12148/btv1b532423018/manifest.json,Gallica,https://gallica.bnf.fr/ark:/12148/btv1b532423018.thumbnail,Notice de recueil : http://catalogue.bnf.fr/ark:/12148/cb46929001s,,IFN-53242301
btv1b532422996,"Plan de Portefarine en Barbarie... / par Albert, pilotte entretenu du Roy",1699,1699,1699,17th c.,1699,Albert (16..-17.. ; pilote). Cartographe,,,"1 feuille : ms, col ; 48 x 114 cm",2,"Ports | Baies -- Afrique | Sondages sous-marins | Méditerranée, Mer | Ghár al Milh | Tunis, Province de -- Côtes | Méditerranée, Mer",Mer Méditerranée | Tunisie,"Échelle(s) : Echelle d'une demie lieüe [= 12,9 cm]",fre,"Bibliothèque nationale de France, département Cartes et plans, GE SH 18 PF 105 DIV 6 P 11",domaine public | public domain,manuscript cartographic resource | document cartographique manuscrit | map | carte | image fixe | image | still image,cartes,high,tunis,city | country | region,bizerte | cap bon | tunis | tunisia | tunisie,https://gallica.bnf.fr/ark:/12148/btv1b532422996,https://gallica.bnf.fr/iiif/ark:/12148/btv1b532422996/manifest.json,Gallica,https://gallica.bnf.fr/ark:/12148/btv1b532422996.thumbnail,Notice de recueil : http://catalogue.bnf.fr/ark:/12148/cb46929001s,,IFN-53242299
btv1b53242287w,[Carte de la côte tunisienne avec la côte occidentale de la Sicile et Malte],,1700,1799,18th c.,17..,,,,1 feuille : ms ; 58 x 91 cm,2,"Sondages sous-marins | Méditerranée, Mer | Tunis, Province de -- Côtes | Tunis, Régence de -- Côtes | Bon, Cap | Tunis | Bizerte | Ghár al Milh | Hammamet, Golfe de | Afrique, Cap | Malte | Kerkennah, Îles | Djerba, Île de | Sicile, Île de",Mer Méditerranée | Tunisie | Italie – Sicile | Malte,Échelle(s) : [Echelle non mentionnée],ita,"Bibliothèque nationale de France, département Cartes et plans, GE SH 18 PF 105 DIV 2 P 35",domaine public | public domain,manuscript cartographic resource | document cartographique manuscrit | map | carte | image fixe | image | still image,cartes,high,tunis,city | country | island,bizerte | djerba | hammamet | kerkennah | tunis | tunisia | tunisie,https://gallica.bnf.fr/ark:/12148/btv1b53242287w,https://gallica.bnf.fr/iiif/ark:/12148/btv1b53242287w/manifest.json,Gallica,https://gallica.bnf.fr/ark:/12148/btv1b53242287w.thumbnail,Notice de recueil : http://catalogue.bnf.fr/ark:/12148/cb46927864d,,IFN-53242287
btv1b53242288b,"[Carte de la côte tunisienne, depuis les gardes de Bizerte jusqu'à Djerba]",,1700,1799,18th c.,17..,,,,"1 feuille : ms ; 73 x 31 cm (feuille), 76 x 35 cm (support)",2,"Sondages sous-marins | Méditerranée, Mer | Tunis, Province de -- Côtes | Tunis, Régence de -- Côtes | Bon, Cap | Tunis | Bizerte | Ghár al Milh | Hammamet, Golfe de | Afrique, Cap | Kerkennah, Îles | Djerba, Île de",Mer Méditerranée | Tunisie,"Échelle(s) : Echelle de 60 lieues de France [= 35,3 cm]",ita,"Bibliothèque nationale de France, département Cartes et plans, GE SH 18 PF 105 DIV 2 P 35/1",domaine public | public domain,manuscript cartographic resource | document cartographique manuscrit | map | carte | image fixe | image | still image,cartes,high,tunis,city | country | island,bizerte | djerba | hammamet | kerkennah | tunis | tunisia | tunisie,https://gallica.bnf.fr/ark:/12148/btv1b53242288b,https://gallica.bnf.fr/iiif/ark:/12148/btv1b53242288b/manifest.json,Gallica,https://gallica.bnf.fr/ark:/12148/btv1b53242288b.thumbnail,Notice de recueil : http://catalogue.bnf.fr/ark:/12148/cb46927864d,,IFN-53242288
btv1b532376117,[Carte des côtes algérienne et tunisienne du cap Bugaronie au cap Negro],,1700,1799,18th c.,17..,,,,1 feuille : ms ; 49 x 65 cm,1,"Skikda | El Qoll | Annaba | Cap Negro | Bougaroun, Cap | Fer, Cap de | Takouch, Ras (cap) | El Kala | La Galite, Île de | Tabarka, Île de | Alger, Régence d' -- Côtes | Tunis, Régence de -- Côtes | Méditerranée, Mer",Mer Méditerranée | Algérie | Tunisie,"Échelle(s) : [Echelle de] 25 lieues de France a 20 au degré [= 27,1 cm]",fre,"Bibliothèque nationale de France, département Cartes et plans, GE SH 18 PF 106 DIV 2 P 2 D",domaine public | public domain,manuscript cartographic resource | document cartographique manuscrit | map | carte | image fixe | image | still image,cartes,high,tunis,city | country,bizerte | tabarka | tunis | tunisia | tunisie,https://gallica.bnf.fr/ark:/12148/btv1b532376117,https://gallica.bnf.fr/iiif/ark:/12148/btv1b532376117/manifest.json,Gallica,https://gallica.bnf.fr/ark:/12148/btv1b532376117.thumbnail,Notice de recueil : http://catalogue.bnf.fr/ark:/12148/cb46930930w,,IFN-53237611
btv1b53237612p,[Carte des côtes algérienne et tunisienne du cap de Garde de Bone à Raz-el Gebel],,1700,1799,18th c.,17..,,,,"1 feuille : ms ; 19 x 29 cm (feuille), 27 x 43 cm (support)",2,"Annaba | Cap Negro | Cap Blanc | Serrat, Cap | Zebib, Cap | El Kala | La Galite, Île de | Tabarka, Île de | Alger, Régence d' -- Côtes | Tunis, Régence de -- Côtes | Méditerranée, Mer",Mer Méditerranée | Tunisie | Algérie,Échelle(s) : [Echelle non mentionnée],fre,"Bibliothèque nationale de France, département Cartes et plans, GE SH 18 PF 106 DIV 2 P 3 D",domaine public | public domain,manuscript cartographic resource | document cartographique manuscrit | map | carte | image fixe | image | still image,cartes,high,tunis,city | country,bizerte | tabarka | tunis | tunisia | tunisie,https://gallica.bnf.fr/ark:/12148/btv1b53237612p,https://gallica.bnf.fr/iiif/ark:/12148/btv1b53237612p/manifest.json,Gallica,https://gallica.bnf.fr/ark:/12148/btv1b53237612p.thumbnail,Notice de recueil : http://catalogue.bnf.fr/ark:/12148/cb46930930w,,IFN-53237612
btv1b53237616g,[Carte des côtes algériennes depuis Ancol jusqu'au cap Bugaroni] / dressée sur les manuscripts du dépost par Lemoyne,,1700,1799,18th c.,17..,,,,1 feuille : ms ; 40 x 62 cm,2,"Sondages sous-marins | Koléa | Cherchell | Alger | Alger, Régence d' -- Côtes | Matifou, Cap | Caxine, Cap | Carbon, Cap | Garde, Cap de | Méditerranée, Mer | Béjaia | Bougaroun, Cap",Mer Méditerranée | Algérie,Échelle(s) : [Echelle non mentionnée],fre,"Bibliothèque nationale de France, département Cartes et plans, GE SH 18 PF 106 DIV 2 P 9 D",domaine public | public domain,manuscript cartographic resource | document cartographique manuscrit | map | carte | image fixe | image | still image,cartes,medium,mediterranee,city,bizerte,https://gallica.bnf.fr/ark:/12148/btv1b53237616g,https://gallica.bnf.fr/iiif/ark:/12148/btv1b53237616g/manifest.json,Gallica,https://gallica.bnf.fr/ark:/12148/btv1b53237616g.thumbnail,Notice de recueil : http://catalogue.bnf.fr/ark:/12148/cb46930930w,,IFN-53237616
btv1b53242286f,"[Carte des côtes algériennes et tunisiennes, depuis l'île Colombe jusqu'à Mahdia",,1700,1799,18th c.,17..,,,,1 feuille : ms ; 49 x 186 cm,2,"Méditerranée, Mer | Tunis, Province de -- Côtes | Alger, Régence d' -- Côtes | Tunis, Régence de -- Côtes | Bon, Cap | Tunis | Bougaroun, Cap | Bizerte | Ghár al Milh | Fer, Cap de | Tabarka, Île de | La Galite, Île de | Hammamet, Golfe de | Afrique, Cap | Alger | Caxine, Cap | Matifou, Cap",Mer Méditerranée | Tunisie | Algérie | Italie – Sicile,Échelle(s) : [Echelle non mentionnée],fre,"Bibliothèque nationale de France, département Cartes et plans, GE SH 18 PF 105 DIV 2 P 24",domaine public | public domain,manuscript cartographic resource | document cartographique manuscrit | map | carte | image fixe | image | still image,cartes,high,tunis,city | country,bizerte | hammamet | mahdia | tabarka | tunis | tunisia | tunisie,https://gallica.bnf.fr/ark:/12148/btv1b53242286f,https://gallica.bnf.fr/iiif/ark:/12148/btv1b53242286f/manifest.json,Gallica,https://gallica.bnf.fr/ark:/12148/btv1b53242286f.thumbnail,Notice de recueil : http://catalogue.bnf.fr/ark:/12148/cb46927864d,,IFN-53242286
btv1b532376151,"[Carte des côtes algériennes, du cap Caxine au cap Carbon]",,1700,1799,18th c.,17..,,,,"1 feuille : ms, tracés en col. ; 21 x 59 cm",2,"Alger | Caxine, Cap | Carbon, Cap | Dellys | Corbelin, Cap | Matifou, Cap | Alger, Régence d' -- Côtes | Méditerranée, Mer",Mer Méditerranée | Algérie,Échelle(s) : [Echelle non mentionnée],fre,"Bibliothèque nationale de France, département Cartes et plans, GE SH 18 PF 106 DIV 2 P 7 D",domaine public | public domain,manuscript cartographic resource | document cartographique manuscrit | map | carte | image fixe | image | still image,cartes,medium,mediterranee,city,bizerte,https://gallica.bnf.fr/ark:/12148/btv1b532376151,https://gallica.bnf.fr/iiif/ark:/12148/btv1b532376151/manifest.json,Gallica,https://gallica.bnf.fr/ark:/12148/btv1b532376151.thumbnail,Notice de recueil : http://catalogue.bnf.fr/ark:/12148/cb46930930w,,IFN-53237615
btv1b53237614k,"[Carte des côtes algériennes, du cap Caxine au cap de Fer]",,1700,1799,18th c.,17..,,,,"1 feuille : ms ; 18 x 67 cm (feuille), 46 x 71 cm (support)",1,"Sondages sous-marins | Alger | Caxine, Cap | Fer, Cap de | Annaba | Matifou, Cap | Garde, Cap de | Bougaroun, Cap | Alger, Régence d' -- Côtes | Méditerranée, Mer",Mer Méditerranée | Algérie,Échelle(s) : [Echelle non mentionnée],fre,"Bibliothèque nationale de France, département Cartes et plans, GE SH 18 PF 106 DIV 2 P 6 D",domaine public | public domain,manuscript cartographic resource | document cartographique manuscrit | map | carte | image fixe | image | still image,cartes,medium,mediterranee,city,bizerte,https://gallica.bnf.fr/ark:/12148/btv1b53237614k,https://gallica.bnf.fr/iiif/ark:/12148/btv1b53237614k/manifest.json,Gallica,https://gallica.bnf.fr/ark:/12148/btv1b53237614k.thumbnail,Notice de recueil : http://catalogue.bnf.fr/ark:/12148/cb46930930w,,IFN-53237614
btv1b53235456p,"[Carte des côtes de Barbarie d'Alexandrie jusqu'à Bengasi, y compris la Crète]",,1700,1799,18th c.,17..,,,,"1 feuille : ms ; 32 x 56 cm (feuille), 33 x 56 cm (support)",1,"Tripoli, Pachalik autonome de -- Côtes | Crète, Province de -- Côtes | Égypte -- Côtes | Al Hilāl, Ras (cap) | Benghazi | At Tīn, Ras (cap) | Alexandrie | Darnah",Mer Méditerranée – Bassin Est | Égypte | Libye | Grèce – Crète,Échelle(s) : [Echelle non mentionnée],fre,"Bibliothèque nationale de France, département Cartes et plans, GE SH 18 PF 104 DIV 2 P 1 D",domaine public | public domain,manuscript cartographic resource | document cartographique manuscrit | map | carte | image fixe | image | still image,cartes,medium,barbarie,city,tunis,https://gallica.bnf.fr/ark:/12148/btv1b53235456p,https://gallica.bnf.fr/iiif/ark:/12148/btv1b53235456p/manifest.json,Gallica,https://gallica.bnf.fr/ark:/12148/btv1b53235456p.thumbnail,Notice de recueil : http://catalogue.bnf.fr/ark:/12148/cb46902217m,,IFN-53235456
btv1b532354574,[Carte des côtes de Barbarie d'Alexandrie jusqu'à Mezorata],,1700,1799,18th c.,17..,,,,"1 feuille : ms ; 29 x 18,5 cm (feuille), 34 x 24 cm (support)",1,"Tripoli, Pachalik autonome de -- Côtes | Égypte -- Côtes | Mişrātah | Al Hilāl, Ras (cap) | Benghazi | At Tīn, Ras (cap) | Alexandrie | Darnah | Syrte, Golfe de",Mer Méditerranée – Bassin Est | Égypte | Libye,Échelle(s) : [Echelle non mentionnée],fre,"Bibliothèque nationale de France, département Cartes et plans, GE SH 18 PF 104 DIV 2 P 2 D",domaine public | public domain,manuscript cartographic resource | document cartographique manuscrit | map | carte | image fixe | image | still image,cartes,medium,barbarie,city,tunis,https://gallica.bnf.fr/ark:/12148/btv1b532354574,https://gallica.bnf.fr/iiif/ark:/12148/btv1b532354574/manifest.json,Gallica,https://gallica.bnf.fr/ark:/12148/btv1b532354574.thumbnail,Notice de recueil : http://catalogue.bnf.fr/ark:/12148/cb46902217m,,IFN-53235457
btv1b53235458k,[Carte des côtes de Barbarie d'Alexandrie jusqu'à Tripoli],,1700,1799,18th c.,17..,,,,"1 feuille : ms ; 24,5 x 66 cm (feuille), 26,5 x 68 cm (support)",1,"Tripoli, Pachalik autonome de -- Côtes | Égypte -- Côtes | Mişrātah | Al Hilāl, Ras (cap) | Benghazi | At Tīn, Ras (cap) | Alexandrie | Darnah | Syrte, Golfe de",Mer Méditerranée – Bassin Est | Égypte | Libye,Échelle(s) : [Echelle non mentionnée],fre,"Bibliothèque nationale de France, département Cartes et plans, GE SH 18 PF 104 DIV 2 P 3 D",domaine public | public domain,manuscript cartographic resource | document cartographique manuscrit | map | carte | image fixe | image | still image,cartes,medium,barbarie,city,tunis,https://gallica.bnf.fr/ark:/12148/btv1b53235458k,https://gallica.bnf.fr/iiif/ark:/12148/btv1b53235458k/manifest.json,Gallica,https://gallica.bnf.fr/ark:/12148/btv1b53235458k.thumbnail,Notice de recueil : http://catalogue.bnf.fr/ark:/12148/cb46902217m,,IFN-53235458
btv1b532354591,"[Carte des côtes de Barbarie, du cap Razat jusqu'à Tajoni]",,1700,1799,18th c.,17..,,,,"1 feuille : ms ; 23,5 x 34 cm (bordure), 25,5 x 37 cm (feuille)",1,"Tripoli, Pachalik autonome de -- Côtes | Al Hilāl, Ras (cap) | Benghazi | Syrte, Golfe de",Mer Méditerranée – Bassin Est | Libye,Échelle(s) : Echelle de 7 lieues de France et Dangleterre a 20 au degré [= 11 cm],fre,"Bibliothèque nationale de France, département Cartes et plans, GE SH 18 PF 104 DIV 2 P 4 D",domaine public | public domain,manuscript cartographic resource | document cartographique manuscrit | map | carte | image fixe | image | still image,cartes,medium,barbarie,city,tunis,https://gallica.bnf.fr/ark:/12148/btv1b532354591,https://gallica.bnf.fr/iiif/ark:/12148/btv1b532354591/manifest.json,Gallica,https://gallica.bnf.fr/ark:/12148/btv1b532354591.thumbnail,Notice de recueil : http://catalogue.bnf.fr/ark:/12148/cb46902217m,,IFN-53235459
btv1b53242282n,"[Carte des côtes de Tunisie et de Libye, depuis Sousse jusqu'à Misrata ]",,1700,1799,18th c.,17..,,,,"1 feuille : ms, col. ; 59 x 80 cm",2,"Méditerranée, Mer | Tunis, Province de -- Côtes | Leptis Magna (site archéologique) | Tunis, Régence de -- Côtes | Tripoli, Province de -- Côtes | Tripoli, Pachalik autonome de -- Côtes | Gabès, Golfe de | Djerba, Île de | Sousse | Mişrātah",Mer Méditerranée | Tunisie | Libye,Échelle(s) : [Echelle non mentionnée],lat,"Bibliothèque nationale de France, département Cartes et plans, GE SH 18 PF 105 DIV 2 P 16",domaine public | public domain,manuscript cartographic resource | document cartographique manuscrit | map | carte | image fixe | image | still image,cartes,high,tunis,city | country | island,djerba | gabes | sousse | tunis | tunisia | tunisie,https://gallica.bnf.fr/ark:/12148/btv1b53242282n,https://gallica.bnf.fr/iiif/ark:/12148/btv1b53242282n/manifest.json,Gallica,https://gallica.bnf.fr/ark:/12148/btv1b53242282n.thumbnail,Notice de recueil : http://catalogue.bnf.fr/ark:/12148/cb46927864d,,IFN-53242282
btv1b53242280r,"[Carte des côtes de Tunisie, de la partie ouest de la Sicile, de Malte et du sud de la Sardaigne]",,1700,1799,18th c.,17..,,,,1 feuille : ms ; 59 x 94 cm,1,"Sondages sous-marins | Méditerranée, Mer | Tunis, Province de -- Côtes | Tunis, Régence de -- Côtes | Bon, Cap | Sousse | Tunis | Sicile, Île de | Malte (île) | Sardaigne, Île de | Ghár al Milh",Mer Méditerranée | Tunisie | Italie – Sardaigne | Italie – Sicile | Malte,Échelle(s) : [Echelle non mentionnée],fre,"Bibliothèque nationale de France, département Cartes et plans, GE SH 18 PF 105 DIV 2 P 15",domaine public | public domain,manuscript cartographic resource | document cartographique manuscrit | map | carte | image fixe | image | still image,cartes,high,tunis,city | country,sousse | tunis | tunisia | tunisie,https://gallica.bnf.fr/ark:/12148/btv1b53242280r,https://gallica.bnf.fr/iiif/ark:/12148/btv1b53242280r/manifest.json,Gallica,https://gallica.bnf.fr/ark:/12148/btv1b53242280r.thumbnail,Notice de recueil : http://catalogue.bnf.fr/ark:/12148/cb46927864d,,IFN-53242280
btv1b532422816,"[Carte des côtes de Tunisie, de la partie ouest de la Sicile, de Malte et du sud de la Sardaigne]",,1700,1799,18th c.,17..,,,,1 feuille : ms ; 65 x 99 cm,2,"Sondages sous-marins | Méditerranée, Mer | Tunis, Province de -- Côtes | Tunis, Régence de -- Côtes | Bon, Cap | Tunis | Sicile, Île de | Malte (île) | Sardaigne, Île de",Mer Méditerranée | Tunisie | Italie – Sardaigne | Italie – Sicile | Malte,Échelle(s) : [Echelle non mentionnée],fre,"Bibliothèque nationale de France, département Cartes et plans, GE SH 18 PF 105 DIV 2 P 15/1",domaine public | public domain,manuscript cartographic resource | document cartographique manuscrit | map | carte | image fixe | image | still image,cartes,high,tunis,city | country,tunis | tunisia | tunisie,https://gallica.bnf.fr/ark:/12148/btv1b532422816,https://gallica.bnf.fr/iiif/ark:/12148/btv1b532422816/manifest.json,Gallica,https://gallica.bnf.fr/ark:/12148/btv1b532422816.thumbnail,Notice de recueil : http://catalogue.bnf.fr/ark:/12148/cb46927864d,,IFN-53242281
btv1b53242277g,"[Carte des côtes du royaume de Tunis, du golfe de Gabès jusqu'à la Calle] / Michel-Angelo Farrugia, piloto maltese",,1700,1799,18th c.,17..,,,,"1 feuille : ms, col. ; 52 x 75 cm (feuille), 56 x 78 (support)",1,"Sondages sous-marins | Méditerranée, Mer | Tunis, Province de -- Côtes | Tunis, Régence de -- Côtes | Afrique, Cap | Gabès, Golfe de | Kerkennah, Îles | Sfax | Bon, Cap | Sousse | Monastir | La Galite, Île de | Tunis | Cap Negro | El Kala | La Galite, Île de | Tabarka, Île de | Bizerte | Ghár al Milh",Mer Méditerranée | Tunisie,"Échelle(s) : Schala di legue di francia 20 per grado [= 20,3 cm]",ita,"Bibliothèque nationale de France, département Cartes et plans, GE SH 18 PF 105 DIV 2 P 9",domaine public | public domain,manuscript cartographic resource | document cartographique manuscrit | map | carte | image fixe | image | still image,cartes,high,tunis,city | country | island | polity | region,bizerte | gabes | golfe de gabes | kerkennah | monastir | royaume de tunis | sfax | sousse | tabarka | tunis | tunisia | tunisie,https://gallica.bnf.fr/ark:/12148/btv1b53242277g,https://gallica.bnf.fr/iiif/ark:/12148/btv1b53242277g/manifest.json,Gallica,https://gallica.bnf.fr/ark:/12148/btv1b53242277g.thumbnail,Notice de recueil : http://catalogue.bnf.fr/ark:/12148/cb46927864d,,IFN-53242277
btv1b53236709f,[Carte des côtes libyennes et égyptiennes depuis le cap de la Jouliane jusqu'à Alexandrie],,1700,1799,18th c.,17..,,,,1 feuille : ms ; 56 x 139 cm,1,"Méditerranée, Mer | Tripoli, Pachalik autonome de -- Côtes | Al Hilāl, Ras (cap) | Benghazi | Alexandrie | Égypte -- Côtes",Mer Méditerranée – Bassin Est | Libye | Égypte,Échelle(s) : [Echelle non mentionnée],fre,"Bibliothèque nationale de France, département Cartes et plans, GE SH 18 PF 104 DIV 2 P 6",domaine public | public domain,manuscript cartographic resource | document cartographique manuscrit | map | carte | image fixe | image | still image,cartes,medium,mediterranee,city,tunis,https://gallica.bnf.fr/ark:/12148/btv1b53236709f,https://gallica.bnf.fr/iiif/ark:/12148/btv1b53236709f/manifest.json,Gallica,https://gallica.bnf.fr/ark:/12148/btv1b53236709f.thumbnail,Notice de recueil : http://catalogue.bnf.fr/ark:/12148/cb46902217m,,IFN-53236709
btv1b53242284j,"[Carte des côtes orientales de l'Algérie, de la Tunisie, de la partie ouest de la Sicile et du sud de la Sardaigne]",,1700,1799,18th c.,17..,,,,1 feuille : ms ; 59 x 90 cm,2,"Sondages sous-marins | Méditerranée, Mer | Tunis, Province de -- Côtes | Alger, Régence d' -- Côtes | Tunis, Régence de -- Côtes | Bon, Cap | Tunis | Bougaroun, Cap | Sicile, Île de | Sardaigne, Île de | Afrique, Cap",Mer Méditerranée | Tunisie | Algérie | Italie – Sardaigne | Italie – Sicile,Échelle(s) : [Echelle non mentionnée],fre,"Bibliothèque nationale de France, département Cartes et plans, GE SH 18 PF 105 DIV 2 P 22",domaine public | public domain,manuscript cartographic resource | document cartographique manuscrit | map | carte | image fixe | image | still image,cartes,high,tunis,city | country,tunis | tunisia | tunisie,https://gallica.bnf.fr/ark:/12148/btv1b53242284j,https://gallica.bnf.fr/iiif/ark:/12148/btv1b53242284j/manifest.json,Gallica,https://gallica.bnf.fr/ark:/12148/btv1b53242284j.thumbnail,Notice de recueil : http://catalogue.bnf.fr/ark:/12148/cb46927864d,,IFN-53242284
btv1b53242289s,"[Carte des côtes tunisiennes et algériennes, du golfe d'Hammamet jusqu'à Alger]",,1700,1799,18th c.,17..,,,,"1 feuille : ms, col. ; 53 x 176 cm",2,"Forts | Méditerranée, Mer | Tunis, Régence de -- Côtes | Alger, Province d' -- Côtes | Alger, Régence d' -- Côtes | Tunis, Province de -- Côtes | Alger | Tunis | Sicile, Île de | Sardaigne, Île de | Jijel | Hammamet, Golfe de | Cap Rose | Béjaia | Skikda | El Qoll | Annaba | Cap Negro | Bougaroun, Cap | Fer, Cap de | Takouch, Ras (cap) | El Kala | La Galite, Île de | Tabarka, Île de | El Qoll | Annaba | Cap Negro | Bougaroun, Cap | Fer, Cap de | Takouch, Ras (cap) | El Kala | Tabarka, Île de | Bizerte | Ghár al Milh",Mer Méditerranée | Tunisie | Algérie,Échelle(s) : [Echelle non mentionnée],fre,"Bibliothèque nationale de France, département Cartes et plans, GE SH 18 PF 105 DIV 5 P 1",domaine public | public domain,manuscript cartographic resource | document cartographique manuscrit | map | carte | image fixe | image | still image,cartes,high,tunis,city | country | region,bizerte | cap bon | hammamet | tabarka | tunis | tunisia | tunisie,https://gallica.bnf.fr/ark:/12148/btv1b53242289s,https://gallica.bnf.fr/iiif/ark:/12148/btv1b53242289s/manifest.json,Gallica,https://gallica.bnf.fr/ark:/12148/btv1b53242289s.thumbnail,Notice de recueil : http://catalogue.bnf.fr/ark:/12148/cb46928803f,,IFN-53242289
btv1b85953575,"[Carte du 'Pays des Cabailes' et du 'Pays Salé'] / [de la main M. d'Anville, 17..]",1700,1700,1799,18th c.,1700-1799,"Anville, Jean-Baptiste d' (1697-1782). Cartographe",,,"1 feuille ; 21 x 41,5 cm",1,Barbarie | Alger | Tunis,Afrique (parties),[[Carte du 'Pays des Cabailes' et du 'Pays Salé']] | Appartient à l’ensemble documentaire : AnvilAf | Appartient à l’ensemble documentaire : MAEDI008 | Appartient à l’ensemble documentaire : MAEDIGen0,fre,"Bibliothèque nationale de France, département Cartes et Plans, GE DD-2987 (7986)",domaine public | public domain,manuscript cartographic resource | document cartographique manuscrit | image fixe | image | still image,cartes,high,tunis,city,tunis,https://gallica.bnf.fr/ark:/12148/btv1b85953575,https://gallica.bnf.fr/iiif/ark:/12148/btv1b85953575/manifest.json,Gallica,https://gallica.bnf.fr/ark:/12148/btv1b85953575.thumbnail,Notice de recueil : http://catalogue.bnf.fr/ark:/12148/cb40577015h,,IFN-8595357
btv1b53235469f,[Carte du cap Afrique à l'île de Djerba] / par Mr de Chabert,,1700,1799,18th c.,17..,"Chabert, Joseph-Bernard de (1724-1805). Cartographe",,,"1 feuille : ms, tracés col. ; 49 x 33 cm (feuille), 50 x 34 cm (support)",1,"Sondages sous-marins | Méditerranée, Mer | Gabès, Golfe de | Afrique, Cap | Kerkennah, Îles | Sfax | Djerba, Île de",Mer Méditerranée – Bassin Est | Tunisie,Échelle(s) : [Echelle non mentionnée],fre,"Bibliothèque nationale de France, département Cartes et plans, GE SH 18 PF 104 DIV 2 P 15/1 D",domaine public | public domain,manuscript cartographic resource | document cartographique manuscrit | map | carte | image fixe | image | still image,cartes,high,tunis,city | country | island,djerba | gabes | kerkennah | sfax | tunis | tunisia | tunisie,https://gallica.bnf.fr/ark:/12148/btv1b53235469f,https://gallica.bnf.fr/iiif/ark:/12148/btv1b53235469f/manifest.json,Gallica,https://gallica.bnf.fr/ark:/12148/btv1b53235469f.thumbnail,Notice de recueil : http://catalogue.bnf.fr/ark:/12148/cb46902217m,,IFN-53235469
btv1b53235470t,[Carte du cap Mesurat au fort anglais],,1700,1799,18th c.,17..,,,,"1 feuille : ms ; 31,5 x 66 cm (feuille rabat ouvert)",1,"Méditerranée, Mer | Mişrātah",Mer Méditerranée – Bassin Est | Libye,Échelle(s) : [Echelle non mentionnée],fre,"Bibliothèque nationale de France, département Cartes et plans, GE SH 18 PF 104 DIV 2 P 16 D",domaine public | public domain,manuscript cartographic resource | document cartographique manuscrit | map | carte | image fixe | image | still image,cartes,medium,mediterranee,city,tunis,https://gallica.bnf.fr/ark:/12148/btv1b53235470t,https://gallica.bnf.fr/iiif/ark:/12148/btv1b53235470t/manifest.json,Gallica,https://gallica.bnf.fr/ark:/12148/btv1b53235470t.thumbnail,Notice de recueil : http://catalogue.bnf.fr/ark:/12148/cb46902217m,,IFN-53235470
btv1b8593142d,[Carte manuscrite du cours du Gange depuis la vache de pierre jusqu'à Patna et de ses environs] / [d'Anville],1700,1700,1799,18th c.,1700-1799,"Anville, Jean-Baptiste d' (1697-1782). Cartographe",,,1 carte : ms. ; 41 x 63 cm,1,"Uttar Pradesh (état) -- Cours d'eau | Madhya Pradesh, État du -- Cours d'eau | Gange (cours d'eau) -- Delhi - Patna",Inde,Appartient à l’ensemble documentaire : AnvilMF | Appartient à l’ensemble documentaire : MAEDI008 | Appartient à l’ensemble documentaire : MAEDIGen0,fre,"Bibliothèque nationale de France, département Cartes et plans, GE DD-2987 (6852)",domaine public | public domain,manuscript cartographic resource | document cartographique manuscrit | map | carte | image fixe | image | still image,cartes,low,,city,mahdia,https://gallica.bnf.fr/ark:/12148/btv1b8593142d,https://gallica.bnf.fr/iiif/ark:/12148/btv1b8593142d/manifest.json,Gallica,https://gallica.bnf.fr/ark:/12148/btv1b8593142d.thumbnail,Notice de recueil : http://catalogue.bnf.fr/ark:/12148/cb40577015h,,IFN-8593142
btv1b532354646,"[Côte de Barbarie, depuis le cap Mesurat à l'île de la Bombe]",,1700,1799,18th c.,17..,,,,1 feuille : ms ; 26 x 59 cm,1,"Sondages sous-marins | Tripoli, Pachalik autonome de -- Côtes | Al Hilāl, Ras (cap) | At Tīn, Ras (cap) | Darnah | Mişrātah | Benghazi | Jazīrat Barda‘ah (île) | Syrte, Golfe de",Mer Méditerranée – Bassin Est | Libye,Échelle(s) : [Echelle non mentionnée],fre,"Bibliothèque nationale de France, département Cartes et plans, GE SH 18 PF 104 DIV 2 P 10 D",domaine public | public domain,manuscript cartographic resource | document cartographique manuscrit | map | carte | image fixe | image | still image,cartes,medium,barbarie,city,tunis,https://gallica.bnf.fr/ark:/12148/btv1b532354646,https://gallica.bnf.fr/iiif/ark:/12148/btv1b532354646/manifest.json,Gallica,https://gallica.bnf.fr/ark:/12148/btv1b532354646.thumbnail,Notice de recueil : http://catalogue.bnf.fr/ark:/12148/cb46902217m,,IFN-53235464
btv1b532354718,"[Côte de Barbarie, depuis le cap Mesurat jusqu'aux îles les frères de Biserte]",,1700,1799,18th c.,17..,,,,"1 feuille : ms ; 46 x 34 cm (feuille), 49 x 35 cm (support)",1,"Tripoli, Pachalik autonome de -- Côtes | Méditerranée, Mer | Mişrātah | Tunis, Province de -- Côtes | Kerkennah, Îles | Sfax | Lampedusa, Île de | Djerba, Île de | Bon, Cap | Cap Blanc | Hammamet, Golfe de",Mer Méditerranée – Bassin Est | Libye | Tunisie,Échelle(s) : [Echelle non mentionnée],fre,"Bibliothèque nationale de France, département Cartes et plans, GE SH 18 PF 104 DIV 2 P 18 D",domaine public | public domain,manuscript cartographic resource | document cartographique manuscrit | map | carte | image fixe | image | still image,cartes,high,tunis,city | country | historic | island,biserta | bizerte | djerba | hammamet | kerkennah | sfax | tunis | tunisia | tunisie,https://gallica.bnf.fr/ark:/12148/btv1b532354718,https://gallica.bnf.fr/iiif/ark:/12148/btv1b532354718/manifest.json,Gallica,https://gallica.bnf.fr/ark:/12148/btv1b532354718.thumbnail,Notice de recueil : http://catalogue.bnf.fr/ark:/12148/cb46902217m,,IFN-53235471
btv1b53235461v,"[Côte de Barbarie, depuis le cap Razat jusqu'à Alexandrie]",,1700,1799,18th c.,17..,,,,"1 feuille : ms ; 20,5 x 56 cm (feuille), 24 x 59 cm (support)",1,"Tripoli, Pachalik autonome de -- Côtes | Al Hilāl, Ras (cap) | At Tīn, Ras (cap) | Égypte -- Côtes | Alexandrie",Mer Méditerranée – Bassin Est | Libye | Égypte,Échelle(s) : [Echelle non mentionnée],fre,"Bibliothèque nationale de France, département Cartes et plans, GE SH 18 PF 104 DIV 2 P 7 D",domaine public | public domain,manuscript cartographic resource | document cartographique manuscrit | map | carte | image fixe | image | still image,cartes,medium,barbarie,city,tunis,https://gallica.bnf.fr/ark:/12148/btv1b53235461v,https://gallica.bnf.fr/iiif/ark:/12148/btv1b53235461v/manifest.json,Gallica,https://gallica.bnf.fr/ark:/12148/btv1b53235461v.thumbnail,Notice de recueil : http://catalogue.bnf.fr/ark:/12148/cb46902217m,,IFN-53235461
btv1b532354629,"[Côte de Barbarie, depuis le cap Rohat jusqu'au cap Brulo]",,1700,1799,18th c.,17..,,,,"1 feuille : ms ; 22 x 61 cm (feuille), 25,5 x 62 cm (support)",1,"Tripoli, Pachalik autonome de -- Côtes | Al Hilāl, Ras (cap) | At Tīn, Ras (cap) | Égypte -- Côtes | Alexandrie",Mer Méditerranée – Bassin Est | Libye | Égypte,Échelle(s) : [Echelle non mentionnée],fre,"Bibliothèque nationale de France, département Cartes et plans, GE SH 18 PF 104 DIV 2 P 8 D",domaine public | public domain,manuscript cartographic resource | document cartographique manuscrit | map | carte | image fixe | image | still image,cartes,medium,barbarie,city,tunis,https://gallica.bnf.fr/ark:/12148/btv1b532354629,https://gallica.bnf.fr/iiif/ark:/12148/btv1b532354629/manifest.json,Gallica,https://gallica.bnf.fr/ark:/12148/btv1b532354629.thumbnail,Notice de recueil : http://catalogue.bnf.fr/ark:/12148/cb46902217m,,IFN-53235462
btv1b53235463r,"[Côte de Barbarie, depuis Ras-al-sem à Alexandrie]",,1700,1799,18th c.,17..,,,,"1 feuille : ms ; 23,5 x 65 cm (feuille), 25,5 x 67 cm (support)",1,"Tripoli, Pachalik autonome de -- Côtes | Al Hilāl, Ras (cap) | At Tīn, Ras (cap) | Égypte -- Côtes | Darnah | Alexandrie",Mer Méditerranée – Bassin Est | Libye | Égypte,Échelle(s) : [Echelle non mentionnée],eng,"Bibliothèque nationale de France, département Cartes et plans, GE SH 18 PF 104 DIV 2 P 9 D",domaine public | public domain,manuscript cartographic resource | document cartographique manuscrit | map | carte | image fixe | image | still image,cartes,medium,barbarie,city,tunis,https://gallica.bnf.fr/ark:/12148/btv1b53235463r,https://gallica.bnf.fr/iiif/ark:/12148/btv1b53235463r/manifest.json,Gallica,https://gallica.bnf.fr/ark:/12148/btv1b53235463r.thumbnail,Notice de recueil : http://catalogue.bnf.fr/ark:/12148/cb46902217m,,IFN-53235463
btv1b53237569h,"[Côtes de Barbarie, depuis Bougie jusqu'à Bizerte]",,1700,1799,18th c.,17..,,,,1 feuille : ms ; 22 x 63 cm,2,"Méditerranée, Mer | Béjaia | Tunis, Régence de -- Côtes | La Galite, Île de | Alger, Régence d' -- Côtes | Annaba | Bizerte | Carbon, Cap",Mer Méditerranée | Tunisie | Algérie,Échelle(s) : [Echelle non mentionnée],fre,"Bibliothèque nationale de France, département Cartes et plans, GE SH 18 PF 105 DIV 2 P 19 D",domaine public | public domain,manuscript cartographic resource | document cartographique manuscrit | map | carte | image fixe | image | still image,cartes,high,tunis,city | country,bizerte | tunis | tunisia | tunisie,https://gallica.bnf.fr/ark:/12148/btv1b53237569h,https://gallica.bnf.fr/iiif/ark:/12148/btv1b53237569h/manifest.json,Gallica,https://gallica.bnf.fr/ark:/12148/btv1b53237569h.thumbnail,Notice de recueil : http://catalogue.bnf.fr/ark:/12148/cb46927864d,,IFN-53237569
btv1b53242273p,"[Diverses vues de la côte de Barbarie : environs de Sousse, de l'île de Djerba et de Mahdia] / Lemoyne l'ainé fecit",,1700,1799,18th c.,17..,"Le Moyne, François-Pierre (1713-1795). Cartographe",,,1 feuille : ms ; 63 x 145 cm,1,"Fortifications | Méditerranée, Mer | Sousse | Tunis, Régence de | Mahdia | Djerba, Île de",Mer Méditerranée | Tunisie,Échelle(s) : [Echelle non mentionnée],fre,"Bibliothèque nationale de France, département Cartes et plans, GE SH 18 PF 105 DIV 1 P 8",domaine public | public domain,manuscript cartographic resource | document cartographique manuscrit | view | vue | image fixe | image | still image,cartes,high,tunis,city | country | island,djerba | mahdia | monastir | sousse | tunis | tunisia | tunisie,https://gallica.bnf.fr/ark:/12148/btv1b53242273p,https://gallica.bnf.fr/iiif/ark:/12148/btv1b53242273p/manifest.json,Gallica,https://gallica.bnf.fr/ark:/12148/btv1b53242273p.thumbnail,Notice de recueil : http://catalogue.bnf.fr/ark:/12148/cb46927399p,,IFN-53242273
btv1b53237603q,[Ile de la Galite],,1700,1799,18th c.,17..,,,,"1 feuille : ms ; 25 x 37 cm (feuille), 46 x 56 cm (support)",1,"Sondages sous-marins | La Galite, Île de | Tunis, Régence de -- Côtes | Méditerranée, Mer",Mer Méditerranée | Tunisie,"Échelle(s) : Echelle d'un mille [= 5,2 cm]",fre,"Bibliothèque nationale de France, département Cartes et plans, GE SH 18 PF 105 DIV 7 P 5 D",domaine public | public domain,manuscript cartographic resource | document cartographique manuscrit | map | carte | image fixe | image | still image,cartes,high,tunis,city | country,bizerte | tunis | tunisia | tunisie,https://gallica.bnf.fr/ark:/12148/btv1b53237603q,https://gallica.bnf.fr/iiif/ark:/12148/btv1b53237603q/manifest.json,Gallica,https://gallica.bnf.fr/ark:/12148/btv1b53237603q.thumbnail,Notice de recueil : http://catalogue.bnf.fr/ark:/12148/cb469304922,,IFN-53237603
btv1b53242275k,[Les côtes de Barbarie : du cap Bon jusqu'à Bougie],,1700,1799,18th c.,17..,,,,1 feuille : ms ; 43 x 276 cm,2,"Forts | Méditerranée, Mer | Tunis, Régence de -- Côtes | Alger, Province d' -- Côtes | Alger, Régence d' -- Côtes | Tunis, Province de -- Côtes | Tunis | Jijel | Cap Rose | Béjaia | Skikda | El Qoll | Annaba | Cap Negro | Bougaroun, Cap | Fer, Cap de | Takouch, Ras (cap) | El Kala | La Galite, Île de | Tabarka, Île de | El Qoll | Annaba | Cap Negro | Bougaroun, Cap | Fer, Cap de | Takouch, Ras (cap) | Tabarka, Île de | Bizerte | Ghár al Milh",Mer Méditerranée | Tunisie | Algérie,"Échelle(s) : [Echelle de 40 ? = 10,5 cm]",fre,"Bibliothèque nationale de France, département Cartes et plans, GE SH 18 PF 105 DIV 2 P 6",domaine public | public domain,manuscript cartographic resource | document cartographique manuscrit | map | carte | image fixe | image | still image,cartes,high,tunis,city | country | region,bizerte | cap bon | tabarka | tunis | tunisia | tunisie,https://gallica.bnf.fr/ark:/12148/btv1b53242275k,https://gallica.bnf.fr/iiif/ark:/12148/btv1b53242275k/manifest.json,Gallica,https://gallica.bnf.fr/ark:/12148/btv1b53242275k.thumbnail,Notice de recueil : http://catalogue.bnf.fr/ark:/12148/cb46927864d,,IFN-53242275
btv1b532830203,[Model des cartes dressée pour les 6 divisions],,1700,1799,18th c.,17..,,,1:9 110 870,"1 feuille : ms., col. ; 29 x 50 cm (carte), 37 x 58 cm (feuille)",2,"Méditerranée, Mer | Espagne -- Côtes | Baléares, Îles | Côte d'Azur | Gênes, Golfe de | Venise, Golfe de | Fès, Royaume de | Adriatique, Mer | Ionienne, Mer | Alger, Régence d' -- Côtes | Tunis, Régence de -- Côtes | Égée, Mer | Turquie d'Asie -- Côtes | Turquie d'Europe -- Côtes | Libye -- Côtes | Égypte -- Côtes | Syrie -- Côtes",Mer Méditerranée,Échelle(s) : [1:9 110 870],fre,"Bibliothèque nationale de France, département Cartes et plans, GE SH 18 PF 66 P 8 D",domaine public | public domain,manuscript cartographic resource | document cartographique manuscrit | map | carte | image fixe | image | still image,cartes,high,tunis,city,tunis,https://gallica.bnf.fr/ark:/12148/btv1b532830203,https://gallica.bnf.fr/iiif/ark:/12148/btv1b532830203/manifest.json,Gallica,https://gallica.bnf.fr/ark:/12148/btv1b532830203.thumbnail,Notice de recueil : http://catalogue.bnf.fr/ark:/12148/cb456896011,,IFN-53283020
btv1b532375843,[Plan de la rade de Bizerte] / fait par Pierre Farraire,1700,1700,1700,18th c.,1700,Farraire (16..-17..). Cartographe,,,"1 feuille : ms, col. ; 25 x 37 cm",2,"Sondages sous-marins | Forts | Tunis, Province de -- Côtes | Bizerte | Méditerranée, Mer",Mer Méditerranée | Tunisie,Échelle(s) : [Echelle non mentionnée],fre,"Bibliothèque nationale de France, département Cartes et plans, GE SH 18 PF 105 DIV 6 P 16 D",domaine public | public domain,manuscript cartographic resource | document cartographique manuscrit | map | carte | image fixe | image | still image,cartes,high,tunis,city | country | region,bizerte | cap bon | tunis | tunisia | tunisie,https://gallica.bnf.fr/ark:/12148/btv1b532375843,https://gallica.bnf.fr/iiif/ark:/12148/btv1b532375843/manifest.json,Gallica,https://gallica.bnf.fr/ark:/12148/btv1b532375843.thumbnail,Notice de recueil : http://catalogue.bnf.fr/ark:/12148/cb46929001s,,IFN-53237584
btv1b532376028,[Plan géométrique de l'île de la Galite],,1700,1799,18th c.,17..,,,,"1 feuille : ms ; 25,5 x 34 cm (feuille), 48 x 58 cm (support)",1,"Sondages sous-marins | La Galite, Île de | Tunis, Régence de -- Côtes | Méditerranée, Mer",Mer Méditerranée | Tunisie,"Échelle(s) : Echelle d'un mille [= 5,4 cm]",fre,"Bibliothèque nationale de France, département Cartes et plans, GE SH 18 PF 105 DIV 7 P 4/2 D",domaine public | public domain,manuscript cartographic resource | document cartographique manuscrit | map | carte | image fixe | image | still image,cartes,high,tunis,city | country,bizerte | tunis | tunisia | tunisie,https://gallica.bnf.fr/ark:/12148/btv1b532376028,https://gallica.bnf.fr/iiif/ark:/12148/btv1b532376028/manifest.json,Gallica,https://gallica.bnf.fr/ark:/12148/btv1b532376028.thumbnail,Notice de recueil : http://catalogue.bnf.fr/ark:/12148/cb469304922,,IFN-53237602
btv1b53237563t,[Routes et sondes entre Zerbi et le Cap Poule],,1700,1799,18th c.,17..,,,,"1 feuille : ms ; 58 x 56 cm (feuille), 68 x 54 cm (support)",1,"Sondages sous-marins | Tunis, Régence de -- Côtes | Kaboudia, Cap | Méditerranée, Mer | Gabès, Golfe de | Kerkennah, Îles | Djerba, Île de | Sfax",Mer Méditerranée | Tunisie,Échelle(s) : [Echelle non mentionnée],fre,"Bibliothèque nationale de France, département Cartes et plans, GE SH 18 PF 105 DIV 2 P 14 D",domaine public | public domain,manuscript cartographic resource | document cartographique manuscrit | map | carte | image fixe | image | still image,cartes,high,tunis,city | country | island,djerba | gabes | kerkennah | sfax | tunis | tunisia | tunisie,https://gallica.bnf.fr/ark:/12148/btv1b53237563t,https://gallica.bnf.fr/iiif/ark:/12148/btv1b53237563t/manifest.json,Gallica,https://gallica.bnf.fr/ark:/12148/btv1b53237563t.thumbnail,Notice de recueil : http://catalogue.bnf.fr/ark:/12148/cb46927864d,,IFN-53237563
btv1b532367135,"[Routes et sondes sur la côte de Barbarie, entre le cap Mesurat et le cap Africa]",,1700,1799,18th c.,17..,,,,"1 feuille : ms, tracés col. ; 57 x 86 cm (feuille)",1,"Sondages sous-marins | Méditerranée, Mer | Mişrātah | Afrique, Cap | Gabès, Golfe de | Kerkennah, Îles | Sfax | Djerba, Île de | Tunis, Province de -- Côtes | Tripoli, Pachalik autonome de -- Côtes",Mer Méditerranée – Bassin Est | Tunisie | Libye,Échelle(s) : [Echelle non mentionnée],fre,"Bibliothèque nationale de France, département Cartes et plans, GE SH 18 PF 104 DIV 2 P 15",domaine public | public domain,manuscript cartographic resource | document cartographique manuscrit | map | carte | image fixe | image | still image,cartes,high,tunis,city | country | island,djerba | gabes | kerkennah | sfax | tunis | tunisia | tunisie,https://gallica.bnf.fr/ark:/12148/btv1b532367135,https://gallica.bnf.fr/iiif/ark:/12148/btv1b532367135/manifest.json,Gallica,https://gallica.bnf.fr/ark:/12148/btv1b532367135.thumbnail,Notice de recueil : http://catalogue.bnf.fr/ark:/12148/cb46902217m,,IFN-53236713
btv1b53293507m,"A Chart of the Sea Coast of Italy, Sicily and part of Barbary",,1700,1799,18th c.,17..,,[Mount and Page] (London),1:1 944 000,"1 flle ; 43 x 55,5 cm, sur toile 44,5 x 57 cm",1,"Italie -- Sud-Ouest -- Côtes | Sicile, Île de -- Côtes | Tunis, Régence de -- Côtes",Mer Méditerranée – Bassin Ouest – Mer Tyrrhénienne | Mer Méditerranée – Bassin Est – Mer Ionienne | Italie – Latium | Italie – Campanie | Italie – Calabre | Italie – Pouilles | Italie – Sicile | Malte | Tunisie,"Échelle(s) : [Ca 1:1 944 000], English and French Leagues 20 to one Degree, 35 [= 10 cm]",eng,"Bibliothèque nationale de France, département Cartes et plans, GE SH 18 PF 83 DIV 2 P 3 D",domaine public | public domain,map | carte | image fixe | image | still image,cartes,high,tunis,city | country,tunis | tunisia | tunisie,https://gallica.bnf.fr/ark:/12148/btv1b53293507m,https://gallica.bnf.fr/iiif/ark:/12148/btv1b53293507m/manifest.json,Gallica,https://gallica.bnf.fr/ark:/12148/btv1b53293507m.thumbnail,Notice de recueil : http://catalogue.bnf.fr/ark:/12148/cb476287431,,IFN-53293507
btv1b532830025,A new chart of the coast of the Mediterranean sea / H. Moll f.,,1700,1799,18th c.,17..,"Moll, Herman (1654?-1732). Cartographe",[s.n.],,"1 feuille sur support entoilé ; 45,5 x 113 cm (carte), 48 x 121 cm (support entoilé)",1,"Cartouches (ornements) | Triangulation | Méditerranée, Mer | Livourne | Izmir, Golfe d' | Iskenderum, Golfe d' | Tunis, Golfe de",Zone Méditerranée,Échelle(s) : 100 english and french leagues 20 in one d. [= 14 cm],eng,"Bibliothèque nationale de France, département Cartes et plans, GE SH 18 PF 64 P 5 D",domaine public | public domain,map | carte | image fixe | image | still image,cartes,high,tunis,city,tunis,https://gallica.bnf.fr/ark:/12148/btv1b532830025,https://gallica.bnf.fr/iiif/ark:/12148/btv1b532830025/manifest.json,Gallica,https://gallica.bnf.fr/ark:/12148/btv1b532830025.thumbnail,Notice de recueil : http://catalogue.bnf.fr/ark:/12148/cb47509332x,,IFN-53283002
btv1b531431881,"A new map of the north part of antient Africa shewing the chiefe people, cities, towns, rivers, mountains, &c. in Mauritania, Numidia, Africa Propria, Libya Propria and Egypt / [Edward Wells] ; Dedicated to his highest William Duke of Gloucester ; R. Spofforth sculp.",1700,1700,1700,18th c.,1700,"Wells, Edward (1667-1727). Cartographe | William (1689-1700 ; duc de Gloucester). Dédicataire | Spofforth, Rob. Graveur",[s.n.],,"1 flle : col. ; 37 x 48,5 cm, sur flle 44 x 55 cm",1,Animaux | Armoiries | Afrique -- Nord | Andalousie -- Côtes | Maghreb -- Côtes | Arabie -- Nord-Ouest -- Côtes,Afrique | Espagne – Andalousie | Asie (parties),,eng,"Bibliothèque nationale de France, département Cartes et plans, GE SH 18 PF 224 DIV 2 P 3 D",domaine public | public domain,map | carte | image fixe | image | still image,cartes,medium,maghreb,historic,africa propria,https://gallica.bnf.fr/ark:/12148/btv1b531431881,https://gallica.bnf.fr/iiif/ark:/12148/btv1b531431881/manifest.json,Gallica,https://gallica.bnf.fr/ark:/12148/btv1b531431881.thumbnail,Notice de recueil : http://catalogue.bnf.fr/ark:/12148/cb44424924k,,IFN-53143188
btv1b8494779k,Aphrodisium demolita a Carolo V Imp.,1700,1700,1700,18th c.,1700,,[s.n.],,1 flle ms. à la plume ; 580 x 240,1,Fortifications | Plans de ville | Mahdia -- Fortifications,Tunisie | E 35°30' / N 11°4',,lat,"Bibliothèque nationale de France, département Cartes et plans, GE D-17136",domaine public | public domain,manuscript cartographic resource | document cartographique manuscrit | map | carte | image fixe | image | still image,cartes,high,tunis,city | country,mahdia | tunisia | tunisie,https://gallica.bnf.fr/ark:/12148/btv1b8494779k,https://gallica.bnf.fr/iiif/ark:/12148/btv1b8494779k/manifest.json,Gallica,https://gallica.bnf.fr/ark:/12148/btv1b8494779k.thumbnail,Notice de recueil : http://catalogue.bnf.fr/ark:/12148/cb405939263,,IFN-8494779
btv1b53242278x,"Carte d'une partie des cotes des Roy[au]mes d'Alger et de Tunis, depuis Bonne jusqu'a Biserte",,1700,1799,18th c.,17..,,,,1 feuille : ms ; 30 x 91 cm (feuille),2,"Sondages sous-marins | Méditerranée, Mer | Tunis, Province de -- Côtes | Tunis, Régence de -- Côtes | Garde, Cap de | Cap Rose | Annaba | Alger, Régence d' -- Côtes | La Galite, Île de | El Kala | Tabarka, Île de | Bizerte",Mer Méditerranée | Tunisie | Algérie,"Échelle(s) : [Echelle de] 30 milles d'Italie [= 15,5 cm]",ita,"Bibliothèque nationale de France, département Cartes et plans, GE SH 18 PF 105 DIV 2 P 11",domaine public | public domain,manuscript cartographic resource | document cartographique manuscrit | map | carte | image fixe | image | still image,cartes,high,tunis,city | country | historic,biserta | bizerte | tabarka | tunis | tunisia | tunisie,https://gallica.bnf.fr/ark:/12148/btv1b53242278x,https://gallica.bnf.fr/iiif/ark:/12148/btv1b53242278x/manifest.json,Gallica,https://gallica.bnf.fr/ark:/12148/btv1b53242278x.thumbnail,Notice de recueil : http://catalogue.bnf.fr/ark:/12148/cb46927864d,,IFN-53242278
btv1b10850771d,"Carte de la côte depuis le cap Sebibes, Porte Farine, La Goulette, Bizerty jusque au Cap Bon",,1700,1799,18th c.,17..,,,,1 flle ms : en coul. ; 52 x 37 cm,2,"Bizerte | Tunis, Golfe de | Bon, Cap | Ghár al Milh",Tunisie,"Échelle(s) : 5 lieues [=0,082 m]",fre,"Bibliothèque nationale de France, département Cartes et plans, GE CC-1303 (139)",domaine public | public domain,manuscript cartographic resource | document cartographique manuscrit | map | carte | image fixe | image | still image,cartes,high,tunis,city | country | region,bizerte | cap bon | la goulette | tunis | tunisia | tunisie,https://gallica.bnf.fr/ark:/12148/btv1b10850771d,https://gallica.bnf.fr/iiif/ark:/12148/btv1b10850771d/manifest.json,Gallica,https://gallica.bnf.fr/ark:/12148/btv1b10850771d.thumbnail,Notice de recueil : http://catalogue.bnf.fr/ark:/12148/cb40593927f,,IFN-10850771
btv1b8595367j,Carte de la situation de l'ancienne Carthage et de la baye de cette ville,1700,1700,1799,18th c.,1700-1799,"Shaw, Thomas (1694-1751). Auteur du texte / Autrice du texte",[s.n.],,"1 feuille ; 24,5 x 18 cm",1,Carthage,Tunisie,[Carte de la situation de l'ancienne Carthage et de la baye de cette ville] | Appartient à l’ensemble documentaire : AnvilAf | Appartient à l’ensemble documentaire : MAEDI008 | Appartient à l’ensemble documentaire : MAEDIGen0,fre,"Bibliothèque nationale de France, département Cartes et Plans, GE DD-2987 (7994)",domaine public | public domain,image fixe | image | still image,cartes,high,tunis,city | country,carthage | tunisia | tunisie,https://gallica.bnf.fr/ark:/12148/btv1b8595367j,https://gallica.bnf.fr/iiif/ark:/12148/btv1b8595367j/manifest.json,Gallica,https://gallica.bnf.fr/ark:/12148/btv1b8595367j.thumbnail,Notice de recueil : http://catalogue.bnf.fr/ark:/12148/cb40577015h,,IFN-8595367
btv1b53236712q,"Carte qui comprend une partie des côtes de Barbarie, depuis le cap Bon jusqu'a la ville de Bomba, l'extrémité ouest de l'Isle de Candie, la partie Sud de la Morée et les côtes Sud ouest de l'Isle de Sicile qui sont entre la ville de Siracuse et celle de Trapano",,1700,1799,18th c.,17..,,,,1 feuille : ms ; 58 x 89 cm (support),1,"Grèce -- Côtes | Tripoli, Pachalik autonome de -- Côtes | Méditerranée, Mer | Al Hilāl, Ras (cap) | Mişrātah | Benghazi | Tunis, Province de -- Côtes | Syrte, Golfe de | Kerkennah, Îles | Sfax | Lampedusa, Île de | Djerba, Île de | Sicile, Royaume de -- Côtes | Crète, Province de | Jazīrat Barda‘ah (île) | Malte (île)",Mer Méditerranée – Bassin Est | Libye | Tunisie | Italie – Sicile | Grèce – Crète | Malte | Grèce – Péloponnèse,Échelle(s) : [Echelle non mentionnée],fre,"Bibliothèque nationale de France, département Cartes et plans, GE SH 18 PF 104 DIV 2 P 14",domaine public | public domain,manuscript cartographic resource | document cartographique manuscrit | map | carte | image fixe | image | still image,cartes,high,tunis,city | country | island | region,cap bon | djerba | kerkennah | sfax | tunis | tunisia | tunisie,https://gallica.bnf.fr/ark:/12148/btv1b53236712q,https://gallica.bnf.fr/iiif/ark:/12148/btv1b53236712q/manifest.json,Gallica,https://gallica.bnf.fr/ark:/12148/btv1b53236712q.thumbnail,Notice de recueil : http://catalogue.bnf.fr/ark:/12148/cb46902217m,,IFN-53236712
btv1b532422761,"Carte topographique de la coste de Barbarie, depuis Alger jusques a Tunis",,1700,1799,18th c.,17..,,,,"1 feuille : ms, col. ; 78 x 159 cm",2,"Forts | Points cardinaux | Méditerranée, Mer | La Galite, Île de | Tunis, Régence de -- Côtes | Sicile, Royaume de | Sardaigne, Royaume de | Tunis, Province de -- Côtes | Alger | Alger, Province d' -- Côtes | Alger, Régence d' | Tunis | Jijel | Cap Rose | Béjaia | Skikda | El Qoll | Annaba | Cap Negro | Bougaroun, Cap | Fer, Cap de | Takouch, Ras (cap) | El Kala | La Galite, Île de | Tabarka, Île de | El Qoll | Annaba | Cap Negro | Bougaroun, Cap | Fer, Cap de | Takouch, Ras (cap) | Tabarka, Île de | Bizerte | Ghár al Milh | Sousse",Mer Méditerranée | Tunisie | Algérie,Échelle(s) : [Echelle non mentionnée],fre,"Bibliothèque nationale de France, département Cartes et plans, GE SH 18 PF 105 DIV 2 P 7",domaine public | public domain,manuscript cartographic resource | document cartographique manuscrit | map | carte | image fixe | image | still image,cartes,high,tunis,city | country,bizerte | sousse | tabarka | tunis | tunisia | tunisie,https://gallica.bnf.fr/ark:/12148/btv1b532422761,https://gallica.bnf.fr/iiif/ark:/12148/btv1b532422761/manifest.json,Gallica,https://gallica.bnf.fr/ark:/12148/btv1b532422761.thumbnail,Notice de recueil : http://catalogue.bnf.fr/ark:/12148/cb46927864d,,IFN-53242276
btv1b532376062,Coste du Bastion de France depuis le cap de Rose jusques aux Gardes de Biserte,,1700,1799,18th c.,17..,,,,1 feuille : ms ; 47 x 137 cm,2,"Sondages sous-marins | Forts | Tunis, Régence de -- Côtes | Alger, Régence d' -- Côtes | Bizerte | Tabarka, Île de | Cap Rose | El Kala | Méditerranée, Mer",Mer Méditerranée | Tunisie | Algérie,"Échelle(s) : Echelle de vingt milles d'Italie [= 32,2 cm]",fre,"Bibliothèque nationale de France, département Cartes et plans, GE SH 18 PF 105 DIV 7 P 8 D",domaine public | public domain,manuscript cartographic resource | document cartographique manuscrit | map | carte | image fixe | image | still image,cartes,high,tunis,city | country | historic,biserta | bizerte | tabarka | tunis | tunisia | tunisie,https://gallica.bnf.fr/ark:/12148/btv1b532376062,https://gallica.bnf.fr/iiif/ark:/12148/btv1b532376062/manifest.json,Gallica,https://gallica.bnf.fr/ark:/12148/btv1b532376062.thumbnail,Notice de recueil : http://catalogue.bnf.fr/ark:/12148/cb469304922,,IFN-53237606
btv1b53237595z,Côte d'Afrique près [de] Tunis,,1700,1899,,17..-18..,,,,1 feuille : ms ; 35 x 49 cm,2,"Sondages sous-marins | Hammamet, Golfe de | Tunis, Golfe de | Tunis, Régence de -- Côtes | Méditerranée, Mer",Mer Méditerranée | Tunisie,Échelle(s) : [Echelle non mentionnée],fre,"Bibliothèque nationale de France, département Cartes et plans, GE SH 18 PF 105 DIV 6 P 24/2 D",domaine public | public domain,manuscript cartographic resource | document cartographique manuscrit | map | carte | image fixe | image | still image,cartes,high,tunis,city | country | region,bizerte | cap bon | hammamet | tunis | tunisia | tunisie,https://gallica.bnf.fr/ark:/12148/btv1b53237595z,https://gallica.bnf.fr/iiif/ark:/12148/btv1b53237595z/manifest.json,Gallica,https://gallica.bnf.fr/ark:/12148/btv1b53237595z.thumbnail,Notice de recueil : http://catalogue.bnf.fr/ark:/12148/cb46929001s,,IFN-53237595
btv1b53237547s,Côte de Monestier dans la rade,,1700,1799,18th c.,17..,,,,"1 feuille : ms ; 31 x 44 cm (feuille), 33 x 46 cm (support)",1,"Méditerranée, Mer | Tunis, Régence de -- Côtes | Monastir",Mer Méditerranée | Tunisie,Échelle(s) : [Echelle non mentionnée],fre,"Bibliothèque nationale de France, département Cartes et plans, GE SH 18 PF 105 DIV 1 P 7 D",domaine public | public domain,manuscript cartographic resource | document cartographique manuscrit | view | vue | image fixe | image | still image,cartes,high,tunis,city | country,monastir | tunis | tunisia | tunisie,https://gallica.bnf.fr/ark:/12148/btv1b53237547s,https://gallica.bnf.fr/iiif/ark:/12148/btv1b53237547s/manifest.json,Gallica,https://gallica.bnf.fr/ark:/12148/btv1b53237547s.thumbnail,Notice de recueil : http://catalogue.bnf.fr/ark:/12148/cb46927399p,,IFN-53237547
btv1b532422833,Croquis d'une partie des côtes de Barbarie depuis le cap Bujarone jusqu'à la ville de Tunis,,1700,1799,18th c.,17..,,,,"1 feuille : ms ; 27 x 96 cm (feuille), 36 x 108 cm (support)",2,"Méditerranée, Mer | Tunis, Province de -- Côtes | Tunis, Régence de -- Côtes | Garde, Cap de | Cap Rose | Annaba | Alger, Régence d' -- Côtes | Ghár al Milh | Fer, Cap de | Bougaroun, Cap | El Qoll | La Galite, Île de | El Kala | Tabarka, Île de | Bizerte",Mer Méditerranée | Tunisie | Algérie,Échelle(s) : [Echelle non mentionnée],fre,"Bibliothèque nationale de France, département Cartes et plans, GE SH 18 PF 105 DIV 2 P 21",domaine public | public domain,manuscript cartographic resource | document cartographique manuscrit | map | carte | image fixe | image | still image,cartes,high,tunis,city | country,bizerte | tabarka | tunis | tunisia | tunisie,https://gallica.bnf.fr/ark:/12148/btv1b532422833,https://gallica.bnf.fr/iiif/ark:/12148/btv1b532422833/manifest.json,Gallica,https://gallica.bnf.fr/ark:/12148/btv1b532422833.thumbnail,Notice de recueil : http://catalogue.bnf.fr/ark:/12148/cb46927864d,,IFN-53242283
btv1b532423035,Golphe de Biserte,,1700,1799,18th c.,17..,,,,"1 feuille : ms, col. ; 49 x 147 cm (feuille), 56 x 153 cm (support)",2,"Baies -- Afrique | Sondages sous-marins | Bizerte | Bizerte, Lac de | Méditerranée, Mer | Tunis, Province de -- Côtes | Méditerranée, Mer",Mer Méditerranée | Tunisie,"Échelle(s) : Echelle de dix milles d'Italie [= 36,7 cm]",fre,"Bibliothèque nationale de France, département Cartes et plans, GE SH 18 PF 105 DIV 6 P 17/1",domaine public | public domain,manuscript cartographic resource | document cartographique manuscrit | map | carte | image fixe | image | still image,cartes,high,tunis,city | country | historic | region,biserta | bizerte | cap bon | tunis | tunisia | tunisie,https://gallica.bnf.fr/ark:/12148/btv1b532423035,https://gallica.bnf.fr/iiif/ark:/12148/btv1b532423035/manifest.json,Gallica,https://gallica.bnf.fr/ark:/12148/btv1b532423035.thumbnail,Notice de recueil : http://catalogue.bnf.fr/ark:/12148/cb46929001s,,IFN-53242303
btv1b53237545w,Idée du port de Lampedouze,,1700,1799,18th c.,17..,,,,"1 feuille : ms, col. ; 24,5, x 37 cm",2,"Sondages sous-marins | Méditerranée, Mer | Lampedusa, Île de -- Côtes",Mer Méditerranée | Italie,"Ancien possesseur : Coëtlogon, Alain-Emmanuel de (1646-1730). Ancien possesseur | Échelle(s) : Eschelle de 300 toises [= 11,5 cm] | Ancien possesseur : Coëtlogon, Alain-Emmanuel de (1646-1730)",fre,"Bibliothèque nationale de France, département Cartes et plans, GE SH 18 PF 105 DIV 5 P 3 D",domaine public | public domain,manuscript cartographic resource | document cartographique manuscrit | map | carte | image fixe | image | still image,cartes,medium,mediterranee,country | region,cap bon | tunisia | tunisie,https://gallica.bnf.fr/ark:/12148/btv1b53237545w,https://gallica.bnf.fr/iiif/ark:/12148/btv1b53237545w/manifest.json,Gallica,https://gallica.bnf.fr/ark:/12148/btv1b53237545w.thumbnail,Notice de recueil : http://catalogue.bnf.fr/ark:/12148/cb46928803f,,IFN-53237545
btv1b8595360n,La Costa di Barbaria da C. Rosa sino all'chercheni com'anche l'I. di Sicilia e parte di quella di Sardigna,1700,1700,1799,18th c.,1700-1799,,[s.n.],,1 feuille ; 42 x 54 cm,1,Tunis | Sicile | Sardaigne | Tabarka,Tunisie | Italie – Sicile | Italie – Sardaigne,[La Costa di Barbaria da C. Rosa sino all'chercheni com'anche l'I. di Sicilia e parte di quella di Sardigna] | Appartient à l’ensemble documentaire : AnvilAf | Appartient à l’ensemble documentaire : MAEDI008 | Appartient à l’ensemble documentaire : MAEDIGen0,ita,"Bibliothèque nationale de France, département Cartes et Plans, GE DD-2987 (7989)",domaine public | public domain,image fixe | image | still image,cartes,high,tunis,city | country,tabarka | tunis | tunisia | tunisie,https://gallica.bnf.fr/ark:/12148/btv1b8595360n,https://gallica.bnf.fr/iiif/ark:/12148/btv1b8595360n/manifest.json,Gallica,https://gallica.bnf.fr/ark:/12148/btv1b8595360n.thumbnail,Notice de recueil : http://catalogue.bnf.fr/ark:/12148/cb40577015h,,IFN-8595360
btv1b53237542j,La Goulette,,1700,1799,18th c.,17..,,,,"1 feuille : ms, col. ; 24 x 30 cm",2,"Sondages sous-marins | Fortifications | Tunis, Golfe de | La Goulette | Tunis, Régence de -- Côtes | Méditerranée, Mer",Mer Méditerranée | Tunisie,"Échelle(s) : Echelle de 9 [?= 5,6 cm]",fre,"Bibliothèque nationale de France, département Cartes et plans, GE SH 18 PF 105 DIV 6 P 21 D",domaine public | public domain,manuscript cartographic resource | document cartographique manuscrit | map | carte | image fixe | image | still image,cartes,high,tunis,city | country | region,bizerte | cap bon | la goulette | tunis | tunisia | tunisie,https://gallica.bnf.fr/ark:/12148/btv1b53237542j,https://gallica.bnf.fr/iiif/ark:/12148/btv1b53237542j/manifest.json,Gallica,https://gallica.bnf.fr/ark:/12148/btv1b53237542j.thumbnail,Notice de recueil : http://catalogue.bnf.fr/ark:/12148/cb46929001s,,IFN-53237542
btv1b532974906,"Mer Méditerranée : seconde feuille contenant l'Italie, Sicile, Golphe de Venise, Costes de Dalmatie, Albanie, et partie de celles de Barbarie",,1700,1799,18th c.,17..,,,,"1 feuille ; 79 x 55 cm (cuvette), 90 x 65,5 cm (feuille)",2,"Méditerranée, Mer | Tyrrhénienne, Mer | Ionienne, Mer | Sicile, Île de -- Côtes | Adriatique, Mer | Italie -- Côtes | Tunis, Régence de -- Côtes | Dalmatie -- Côtes | Albanie -- Côtes | Grèce -- Côtes | Tripoli, Pachalik autonome de -- Côtes",Zone Méditerranée,"Échelle(s) : Echelle de 75 lieues communes de France de 25 au degré [= 14,2 cm]",fre,"Bibliothèque nationale de France, département Cartes et plans, GE SH 18 PF 64 P 13/3",domaine public | public domain,map | carte | image fixe | image | still image,cartes,high,tunis,city,tunis,https://gallica.bnf.fr/ark:/12148/btv1b532974906,https://gallica.bnf.fr/iiif/ark:/12148/btv1b532974906/manifest.json,Gallica,https://gallica.bnf.fr/ark:/12148/btv1b532974906.thumbnail,Notice de recueil : http://catalogue.bnf.fr/ark:/12148/cb47509332x,,IFN-53297490
btv1b53237540n,Nova planta dell Isola di Tabarca,,1700,1799,18th c.,17..,,,,"1 feuille : ms, col. ; 44 x 119 cm",1,"Forts | Sondages sous-marins | Tabarka, Île de | Tunis, Régence de -- Côtes | Méditerranée, Mer",Mer Méditerranée | Tunisie,"Échelle(s) : Scala dispassi geometrici 200 [= 6,1 cm]",ita,"Bibliothèque nationale de France, département Cartes et plans, GE SH 18 PF 105 DIV 7 P 3/1 D",domaine public | public domain,manuscript cartographic resource | document cartographique manuscrit | plan | plan | image fixe | image | still image,cartes,high,tunis,city | country,bizerte | tabarka | tunis | tunisia | tunisie,https://gallica.bnf.fr/ark:/12148/btv1b53237540n,https://gallica.bnf.fr/iiif/ark:/12148/btv1b53237540n/manifest.json,Gallica,https://gallica.bnf.fr/ark:/12148/btv1b53237540n.thumbnail,Notice de recueil : http://catalogue.bnf.fr/ark:/12148/cb469304922,,IFN-53237540
btv1b53242306h,Nuova pianta dell'isola di Tabarca,,1700,1799,18th c.,17..,,,,1 feuille : ms ; 38 x 106 cm,1,"Forts | Bateaux à voiles | Moulins | Sondages sous-marins | Tabarka, Île de | Tunis, Régence de -- Côtes | Méditerranée, Mer",Mer Méditerranée | Tunisie,"Échelle(s) : Scala di 200 passi geometrici [= 6,6 cm]",ita,"Bibliothèque nationale de France, département Cartes et plans, GE SH 18 PF 105 DIV 7 P 3",domaine public | public domain,manuscript cartographic resource | document cartographique manuscrit | plan | plan | view | vue | image fixe | image | still image,cartes,high,tunis,city | country,bizerte | tabarka | tunis | tunisia | tunisie,https://gallica.bnf.fr/ark:/12148/btv1b53242306h,https://gallica.bnf.fr/iiif/ark:/12148/btv1b53242306h/manifest.json,Gallica,https://gallica.bnf.fr/ark:/12148/btv1b53242306h.thumbnail,Notice de recueil : http://catalogue.bnf.fr/ark:/12148/cb469304922,,IFN-53242306
btv1b53237599r,Nuova planta dell' Isola di Tabarca,,1700,1799,18th c.,17..,,,,"1 feuille : ms, col. ; 49 x 37 cm",1,"Forts | Sondages sous-marins | Tabarka, Île de | Tunis, Régence de -- Côtes | Méditerranée, Mer",Mer Méditerranée | Tunisie,"Échelle(s) : Scala di 200 passi geometrici [= 6,6 cm]",ita,"Bibliothèque nationale de France, département Cartes et plans, GE SH 18 PF 105 DIV 7 P 3/2 D",domaine public | public domain,manuscript cartographic resource | document cartographique manuscrit | plan | plan | image fixe | image | still image,cartes,high,tunis,city | country,bizerte | tabarka | tunis | tunisia | tunisie,https://gallica.bnf.fr/ark:/12148/btv1b53237599r,https://gallica.bnf.fr/iiif/ark:/12148/btv1b53237599r/manifest.json,Gallica,https://gallica.bnf.fr/ark:/12148/btv1b53237599r.thumbnail,Notice de recueil : http://catalogue.bnf.fr/ark:/12148/cb469304922,,IFN-53237599
btv1b108507684,Plan de l'isle de Tabarque avec la cotte,,1700,1799,18th c.,17..,,,,1 flle ms : en coul. ; 52 x 37 cm,2,"Tabarka, Île de",Tunisie,"Échelle(s) : 1,5 lieue [=0,111 m]",fre,"Bibliothèque nationale de France, département Cartes et plans, GE CC-1303 (136)",domaine public | public domain,manuscript cartographic resource | document cartographique manuscrit | map | carte | image fixe | image | still image,cartes,high,tunis,city | country,tabarka | tunisia | tunisie,https://gallica.bnf.fr/ark:/12148/btv1b108507684,https://gallica.bnf.fr/iiif/ark:/12148/btv1b108507684/manifest.json,Gallica,https://gallica.bnf.fr/ark:/12148/btv1b108507684.thumbnail,Notice de recueil : http://catalogue.bnf.fr/ark:/12148/cb40593927f,,IFN-10850768
btv1b8595378b,Plan de l'Isle Galita scituée proche la côte de Barbarie au nord du cap Negre ... / par J. Ayrouard,1700,1700,1799,18th c.,1700-1799,"Ayrouard, Jacques (1678-17..). Cartographe",[s.n.],,1 feuille ; 38 x 49 cm,1,La Galite,Tunisie,[Plan de l'Isle Galita scituée proche la côte de Barbarie au nord du cap Negre ...] | Appartient à l’ensemble documentaire : AnvilAf | Appartient à l’ensemble documentaire : MAEDI008 | Appartient à l’ensemble documentaire : MAEDIGen0,fre,"Bibliothèque nationale de France, département Cartes et Plans, GE DD-2987 (8005)",domaine public | public domain,image fixe | image | still image,cartes,high,tunis,country,tunisia | tunisie,https://gallica.bnf.fr/ark:/12148/btv1b8595378b,https://gallica.bnf.fr/iiif/ark:/12148/btv1b8595378b/manifest.json,Gallica,https://gallica.bnf.fr/ark:/12148/btv1b8595378b.thumbnail,Notice de recueil : http://catalogue.bnf.fr/ark:/12148/cb40577015h,,IFN-8595378
btv1b8495408s,Plan de la Carthage d'Afrique lorsqu'elle fut détruitte par Scipion Aemilianus en l'année de Rome 607 / A. Humblot inv.,,1700,1799,18th c.,17..,"Humblot, Antoine (16..-1758). Fonction indéterminée",[s.n.],,1 flle ; 29 x 42 cm,1,"Guerre | Fortifications | Carthaginois, Empire -- Siègesart militaire) -- Antiquité romaine",Tunisie,,fre,"Bibliothèque nationale de France, département Cartes et plans, GE D-17812",domaine public | public domain,manuscript cartographic resource | document cartographique manuscrit | map | carte | image fixe | image | still image,cartes,high,tunis,city | country,carthage | tunisia | tunisie,https://gallica.bnf.fr/ark:/12148/btv1b8495408s,https://gallica.bnf.fr/iiif/ark:/12148/btv1b8495408s/manifest.json,Gallica,https://gallica.bnf.fr/ark:/12148/btv1b8495408s.thumbnail,Notice de recueil : http://catalogue.bnf.fr/ark:/12148/cb405939263,,IFN-8495408
btv1b532367118,Plan de la coste de Tripoly de Barbarie depuis la ville de Sousse jusqu'au cap Mesurat / Lemoine fecit,,1700,1799,18th c.,17..,"Le Moyne, François-Pierre (1713-1795). Cartographe",,,"1 feuille : ms, col. ; 49 x 74 cm (bordure), 50 x 76 cm (feuille)",1,"Sondages sous-marins | Forts | Méditerranée, Mer | Afrique, Cap | Tripoli, Pachalik autonome de -- Côtes | Tunis, Province de -- Côtes | Kerkennah, Îles | Lampedusa, Île de | Sousse | Djerba, Île de | Monastir | Mişrātah",Mer Méditerranée – Bassin Est | Libye | Tunisie,"Échelle(s) : Echelle de dix lieues de France [= 6,6 cm]",fre,"Bibliothèque nationale de France, département Cartes et plans, GE SH 18 PF 104 DIV 2 P 10/2",domaine public | public domain,manuscript cartographic resource | document cartographique manuscrit | map | carte | image fixe | image | still image,cartes,high,tunis,city | country | island,djerba | kerkennah | monastir | sousse | tunis | tunisia | tunisie,https://gallica.bnf.fr/ark:/12148/btv1b532367118,https://gallica.bnf.fr/iiif/ark:/12148/btv1b532367118/manifest.json,Gallica,https://gallica.bnf.fr/ark:/12148/btv1b532367118.thumbnail,Notice de recueil : http://catalogue.bnf.fr/ark:/12148/cb46902217m,,IFN-53236711
btv1b53237570w,"Plan de la côte et Seches de Barbarie, depuis Zerbi jusqu'à Suza...",,1700,1799,18th c.,17..,,,,"1 feuille : ms, col. ; 41 x 54 cm (feuille), 43 x 55 cm (support)",1,"Sondages sous-marins | Tunis, Régence de -- Côtes | Méditerranée, Mer | Gabès, Golfe de | Afrique, Cap | Kerkennah, Îles | Sousse | Hammamet, Golfe de | Djerba, Île de | Lampedusa, Île de",Mer Méditerranée | Tunisie,"Échelle(s) : [Echelle de] 20 lieues de frances a 20 au degré [= 11,4 cm]",fre,"Bibliothèque nationale de France, département Cartes et plans, GE SH 18 PF 105 DIV 2 P 33 D",domaine public | public domain,manuscript cartographic resource | document cartographique manuscrit | map | carte | image fixe | image | still image,cartes,high,tunis,city | country | island,djerba | gabes | hammamet | kerkennah | sousse | tunis | tunisia | tunisie,https://gallica.bnf.fr/ark:/12148/btv1b53237570w,https://gallica.bnf.fr/iiif/ark:/12148/btv1b53237570w/manifest.json,Gallica,https://gallica.bnf.fr/ark:/12148/btv1b53237570w.thumbnail,Notice de recueil : http://catalogue.bnf.fr/ark:/12148/cb46927864d,,IFN-53237570
btv1b10850772v,Plan de la rade de Bizerty. Ms. 18e siècle,,1700,1799,18th c.,17..,,[s.n.],,,2,Bizerte,Tunisie,,fre,"Bibliothèque nationale de France, département Cartes et plans, GE CC-1303 (140)",domaine public | public domain,map | carte | image fixe | image | still image,cartes,high,tunis,city | country,bizerte | tunisia | tunisie,https://gallica.bnf.fr/ark:/12148/btv1b10850772v,https://gallica.bnf.fr/iiif/ark:/12148/btv1b10850772v/manifest.json,Gallica,https://gallica.bnf.fr/ark:/12148/btv1b10850772v.thumbnail,http://catalogue.bnf.fr/ark:/12148/cb40679581b,,IFN-10850772
btv1b10850767p,Plan de la rade de Portofarine. Ms.,,1700,1799,18th c.,17..,,[s.n.],,,2,Ghár al Milh,Tunisie,,fre,"Bibliothèque nationale de France, département Cartes et plans, GE CC-1303 (135)",domaine public | public domain,map | carte | image fixe | image | still image,cartes,high,tunis,country,tunisia | tunisie,https://gallica.bnf.fr/ark:/12148/btv1b10850767p,https://gallica.bnf.fr/iiif/ark:/12148/btv1b10850767p/manifest.json,Gallica,https://gallica.bnf.fr/ark:/12148/btv1b10850767p.thumbnail,http://catalogue.bnf.fr/ark:/12148/cb40755858f,,IFN-10850767
btv1b10850770z,Plan de la rade de Tunis,,1700,1799,18th c.,17..,,[s.n.],,Ms.,2,Tunis,Tunisie,,fre,"Bibliothèque nationale de France, département Cartes et plans, GE CC-1303 (138)",domaine public | public domain,manuscript cartographic resource | document cartographique manuscrit | map | carte | image fixe | image | still image,cartes,high,tunis,city | country,tunis | tunisia | tunisie,https://gallica.bnf.fr/ark:/12148/btv1b10850770z,https://gallica.bnf.fr/iiif/ark:/12148/btv1b10850770z/manifest.json,Gallica,https://gallica.bnf.fr/ark:/12148/btv1b10850770z.thumbnail,http://catalogue.bnf.fr/ark:/12148/cb40727944w,,IFN-10850770
btv1b53237571b,Plan de lisle Lapedosa,,1700,1799,18th c.,17..,,,,1 feuille : ms ; 21 x 32 cm,2,"Sondages sous-marins | Méditerranée, Mer | Lampedusa, Île de -- Côtes",Mer Méditerranée | Italie,"Échelle(s) : Echelle de 1500 toises [= 7,4 cm]",fre,"Bibliothèque nationale de France, département Cartes et plans, GE SH 18 PF 105 DIV 5 P 2 D",domaine public | public domain,manuscript cartographic resource | document cartographique manuscrit | map | carte | image fixe | image | still image,cartes,medium,mediterranee,country | region,cap bon | tunisia | tunisie,https://gallica.bnf.fr/ark:/12148/btv1b53237571b,https://gallica.bnf.fr/iiif/ark:/12148/btv1b53237571b/manifest.json,Gallica,https://gallica.bnf.fr/ark:/12148/btv1b53237571b.thumbnail,Notice de recueil : http://catalogue.bnf.fr/ark:/12148/cb46928803f,,IFN-53237571
btv1b532422905,Plan de Monestier à la porte orientale de Tunis,,1700,1799,18th c.,17..,,,,1 feuille : ms ; 50 x 72 cm,2,"Tunis, Régence de -- Côtes | Monastir | Tunis, Province de -- Côtes | Méditerranée, Mer",Mer Méditerranée | Tunisie,Échelle(s) : [Echelle non mentionnée],fre,"Bibliothèque nationale de France, département Cartes et plans, GE SH 18 PF 105 DIV 5 P 5",domaine public | public domain,manuscript cartographic resource | document cartographique manuscrit | map | carte | image fixe | image | still image,cartes,high,tunis,city | country | region,cap bon | monastir | tunis | tunisia | tunisie,https://gallica.bnf.fr/ark:/12148/btv1b532422905,https://gallica.bnf.fr/iiif/ark:/12148/btv1b532422905/manifest.json,Gallica,https://gallica.bnf.fr/ark:/12148/btv1b532422905.thumbnail,Notice de recueil : http://catalogue.bnf.fr/ark:/12148/cb46928803f,,IFN-53242290
btv1b108507667,Plan du Cap Negre,,1700,1799,18th c.,17..,,,,1 flle ms : en coul. ; 52 x 37 cm,2,Cap Negro -- Rade,Tunisie,"Échelle(s) : 1800 toises [=0,086 m]",fre,"Bibliothèque nationale de France, département Cartes et plans, GE CC-1303 (134)",domaine public | public domain,manuscript cartographic resource | document cartographique manuscrit | map | carte | image fixe | image | still image,cartes,high,tunis,country,tunisia | tunisie,https://gallica.bnf.fr/ark:/12148/btv1b108507667,https://gallica.bnf.fr/iiif/ark:/12148/btv1b108507667/manifest.json,Gallica,https://gallica.bnf.fr/ark:/12148/btv1b108507667.thumbnail,Notice de recueil : http://catalogue.bnf.fr/ark:/12148/cb40593927f,,IFN-10850766
btv1b532376045,Plan du cap Nègre en Barbarie,,1700,1799,18th c.,17..,,,,1 feuille : ms ; 55 x 40 cm,1,"Sondages sous-marins | Cap Negro | Tunis, Régence de -- Côtes | Méditerranée, Mer",Mer Méditerranée | Tunisie,Échelle(s) : [Echelle illisible],fre,"Bibliothèque nationale de France, département Cartes et plans, GE SH 18 PF 105 DIV 7 P 6 D",domaine public | public domain,manuscript cartographic resource | document cartographique manuscrit | map | carte | image fixe | image | still image,cartes,high,tunis,city | country,bizerte | tunis | tunisia | tunisie,https://gallica.bnf.fr/ark:/12148/btv1b532376045,https://gallica.bnf.fr/iiif/ark:/12148/btv1b532376045/manifest.json,Gallica,https://gallica.bnf.fr/ark:/12148/btv1b532376045.thumbnail,Notice de recueil : http://catalogue.bnf.fr/ark:/12148/cb469304922,,IFN-53237604
btv1b53237605m,Plan du cap Nègre en Barbarie,,1700,1799,18th c.,17..,,,,1 feuille : ms ; 51 x 37 cm,1,"Sondages sous-marins | Cap Negro | Tunis, Régence de -- Côtes | Méditerranée, Mer",Mer Méditerranée | Tunisie,Échelle(s) : [Echelle à calculer],fre,"Bibliothèque nationale de France, département Cartes et plans, GE SH 18 PF 105 DIV 7 P 6/1 D",domaine public | public domain,manuscript cartographic resource | document cartographique manuscrit | map | carte | image fixe | image | still image,cartes,high,tunis,city | country,bizerte | tunis | tunisia | tunisie,https://gallica.bnf.fr/ark:/12148/btv1b53237605m,https://gallica.bnf.fr/iiif/ark:/12148/btv1b53237605m/manifest.json,Gallica,https://gallica.bnf.fr/ark:/12148/btv1b53237605m.thumbnail,Notice de recueil : http://catalogue.bnf.fr/ark:/12148/cb469304922,,IFN-53237605
btv1b53237607h,Plan du port de la Calle,,1700,1799,18th c.,17..,,,,"1 feuille : ms, col. ; 37 x 52 cm",2,"Sondages sous-marins | Forts | Ports | El Kala | Alger, Régence d' -- Côtes | Méditerranée, Mer",Mer Méditerranée | Algérie,"Échelle(s) : Echelle de 150 toises [= 10,2 cm]",fre,"Bibliothèque nationale de France, département Cartes et plans, GE SH 18 PF 105 DIV 7 P 9 D",domaine public | public domain,manuscript cartographic resource | document cartographique manuscrit | map | carte | image fixe | image | still image,cartes,medium,mediterranee,city | country,bizerte | tunisia | tunisie,https://gallica.bnf.fr/ark:/12148/btv1b53237607h,https://gallica.bnf.fr/iiif/ark:/12148/btv1b53237607h/manifest.json,Gallica,https://gallica.bnf.fr/ark:/12148/btv1b53237607h.thumbnail,Notice de recueil : http://catalogue.bnf.fr/ark:/12148/cb469304922,,IFN-53237607
btv1b53237609d,Plan du port de la Calle,,1700,1799,18th c.,17..,,,,"1 feuille : ms, col. ; 37 x 24 cm (feuille), 57 x 46 cm (support)",1,"Sondages sous-marins | Forts | Ports | El Kala | Alger, Régence d' -- Côtes | Méditerranée, Mer",Mer Méditerranée | Algérie,"Échelle(s) : Echelle de 100 toises [= 6,8 cm]",fre,"Bibliothèque nationale de France, département Cartes et plans, GE SH 18 PF 105 DIV 7 P 9/2 D",domaine public | public domain,manuscript cartographic resource | document cartographique manuscrit | map | carte | image fixe | image | still image,cartes,medium,mediterranee,city | country,bizerte | tunisia | tunisie,https://gallica.bnf.fr/ark:/12148/btv1b53237609d,https://gallica.bnf.fr/iiif/ark:/12148/btv1b53237609d/manifest.json,Gallica,https://gallica.bnf.fr/ark:/12148/btv1b53237609d.thumbnail,Notice de recueil : http://catalogue.bnf.fr/ark:/12148/cb469304922,,IFN-53237609
btv1b532375989,Plan et perspective de Tabarque,,1700,1799,18th c.,17..,,,,1 feuille : ms ; 34 x 52 cm,1,"Tabarka, Île de | Tunis, Régence de -- Côtes | Méditerranée, Mer",Mer Méditerranée | Tunisie,Échelle(s) : [Echelle non mentionnée],fre,"Bibliothèque nationale de France, département Cartes et plans, GE SH 18 PF 105 DIV 7 P 2 D",domaine public | public domain,manuscript cartographic resource | document cartographique manuscrit | plan | plan | image fixe | image | still image,cartes,high,tunis,city | country,bizerte | tabarka | tunis | tunisia | tunisie,https://gallica.bnf.fr/ark:/12148/btv1b532375989,https://gallica.bnf.fr/iiif/ark:/12148/btv1b532375989/manifest.json,Gallica,https://gallica.bnf.fr/ark:/12148/btv1b532375989.thumbnail,Notice de recueil : http://catalogue.bnf.fr/ark:/12148/cb469304922,,IFN-53237598
btv1b53237601t,Plan géométrique de l'île de la Galita vers la côte de Barbarie / levé par le capitaine Lazare Giove d'Ajaccio... ; dessiné par B.my Benoist,,1700,1799,18th c.,17..,,,,"1 feuille : ms, col. ; 30 x 43 cm",2,"Sondages sous-marins | La Galite, Île de | Tunis, Régence de -- Côtes | Méditerranée, Mer",Mer Méditerranée | Tunisie,"Échelle(s) : Echelle d'un mille [= 5,2 cm]",fre,"Bibliothèque nationale de France, département Cartes et plans, GE SH 18 PF 105 DIV 7 P 4/1 D",domaine public | public domain,manuscript cartographic resource | document cartographique manuscrit | map | carte | image fixe | image | still image,cartes,high,tunis,city | country,bizerte | tunis | tunisia | tunisie,https://gallica.bnf.fr/ark:/12148/btv1b53237601t,https://gallica.bnf.fr/iiif/ark:/12148/btv1b53237601t/manifest.json,Gallica,https://gallica.bnf.fr/ark:/12148/btv1b53237601t.thumbnail,Notice de recueil : http://catalogue.bnf.fr/ark:/12148/cb469304922,,IFN-53237601
btv1b53237600c,Plan géométrique de l'île de la Galita vers la côte de Barbarie / levé par le capitaine Lazare Giove d'Ajaccio... fini par J. B.te Adanson,,1700,1799,18th c.,17..,"Adanson, Jean-Baptiste (1732-1804). Cartographe",,,"1 feuille : ms ; 26,5 x 38 cm",2,"Sondages sous-marins | Navires à voiles | La Galite, Île de | Tunis, Régence de -- Côtes | Méditerranée, Mer",Mer Méditerranée | Tunisie,"Échelle(s) : Echelle d'un mille [= 5,2 cm]",fre,"Bibliothèque nationale de France, département Cartes et plans, GE SH 18 PF 105 DIV 7 P 4 D",domaine public | public domain,manuscript cartographic resource | document cartographique manuscrit | map | carte | image fixe | image | still image,cartes,high,tunis,city | country,bizerte | tunis | tunisia | tunisie,https://gallica.bnf.fr/ark:/12148/btv1b53237600c,https://gallica.bnf.fr/iiif/ark:/12148/btv1b53237600c/manifest.json,Gallica,https://gallica.bnf.fr/ark:/12148/btv1b53237600c.thumbnail,Notice de recueil : http://catalogue.bnf.fr/ark:/12148/cb469304922,,IFN-53237600
btv1b53237572s,Port de Lampedouze,,1700,1799,18th c.,17..,,,,"1 feuille : ms, col. ; 24,5, x 37 cm",1,"Sondages sous-marins | Méditerranée, Mer | Lampedusa, Île de -- Côtes",Mer Méditerranée | Italie,Échelle(s) : [Echelle] de 200 pas géométriques [= 8 cm],fre,"Bibliothèque nationale de France, département Cartes et plans, GE SH 18 PF 105 DIV 5 P 4 D",domaine public | public domain,manuscript cartographic resource | document cartographique manuscrit | map | carte | image fixe | image | still image,cartes,medium,mediterranee,country | region,cap bon | tunisia | tunisie,https://gallica.bnf.fr/ark:/12148/btv1b53237572s,https://gallica.bnf.fr/iiif/ark:/12148/btv1b53237572s/manifest.json,Gallica,https://gallica.bnf.fr/ark:/12148/btv1b53237572s.thumbnail,Notice de recueil : http://catalogue.bnf.fr/ark:/12148/cb46928803f,,IFN-53237572
btv1b532375737,Rade de Monestier,,1700,1799,18th c.,17..,,,,"1 feuille : ms ; 33 x 44 cm (feuille), 45 x 56 cm (support)",1,"Sondages sous-marins | Tunis, Régence de -- Côtes | Monastir | Méditerranée, Mer",Mer Méditerranée | Tunisie,Échelle(s) : [Echelle non mentionnée],fre,"Bibliothèque nationale de France, département Cartes et plans, GE SH 18 PF 105 DIV 5 P 6 D",domaine public | public domain,manuscript cartographic resource | document cartographique manuscrit | map | carte | image fixe | image | still image,cartes,high,tunis,city | country | region,cap bon | monastir | tunis | tunisia | tunisie,https://gallica.bnf.fr/ark:/12148/btv1b532375737,https://gallica.bnf.fr/iiif/ark:/12148/btv1b532375737/manifest.json,Gallica,https://gallica.bnf.fr/ark:/12148/btv1b532375737.thumbnail,Notice de recueil : http://catalogue.bnf.fr/ark:/12148/cb46928803f,,IFN-53237573
btv1b8595369c,Tunesi,1700,1700,1799,18th c.,1700-1799,,[s.n.],,1 feuille ; 26 x 30 cm,1,Tunis,Tunisie,[Tunesi] | Appartient à l’ensemble documentaire : AnvilAf,ita,"Bibliothèque nationale de France, département Cartes et Plans, GE DD-2987 (7996)",domaine public | public domain,image fixe | image | still image,cartes,high,tunis,city | country,tunis | tunisia | tunisie,https://gallica.bnf.fr/ark:/12148/btv1b8595369c,https://gallica.bnf.fr/iiif/ark:/12148/btv1b8595369c/manifest.json,Gallica,https://gallica.bnf.fr/ark:/12148/btv1b8595369c.thumbnail,Notice de recueil : http://catalogue.bnf.fr/ark:/12148/cb40577015h,,IFN-8595369
btv1b84937605,Veue de l'Isle de Tabarqua,1700,1700,1700,18th c.,1700,,[s.n.],,1 flle ms. au lavis ; 220 x 340,1,"Tabarka, Île de",Tunisie,,fre,"Bibliothèque nationale de France, département Cartes et plans, GE D-15963",domaine public | public domain,manuscript cartographic resource | document cartographique manuscrit | map | carte | view | vue | image fixe | image | still image,cartes,high,tunis,city | country,tabarka | tunisia | tunisie,https://gallica.bnf.fr/ark:/12148/btv1b84937605,https://gallica.bnf.fr/iiif/ark:/12148/btv1b84937605/manifest.json,Gallica,https://gallica.bnf.fr/ark:/12148/btv1b84937605.thumbnail,Notice de recueil : http://catalogue.bnf.fr/ark:/12148/cb40593927f,,IFN-8493760
btv1b532375487,Veüe de la Calle du côté de terre ferme,,1700,1799,18th c.,17..,,,,"1 feuille : ms, col. ; 39 x 25 cm (feuille), 56 x 46 cm (support)",1,"Méditerranée, Mer | Alger, Régence d' | El Kala",Mer Méditerranée | Algérie,Échelle(s) : [Echelle non mentionnée],fre,"Bibliothèque nationale de France, département Cartes et plans, GE SH 18 PF 105 DIV 1 P 6 D",domaine public | public domain,manuscript cartographic resource | document cartographique manuscrit | view | vue | image fixe | image | still image,cartes,medium,mediterranee,city,monastir,https://gallica.bnf.fr/ark:/12148/btv1b532375487,https://gallica.bnf.fr/iiif/ark:/12148/btv1b532375487/manifest.json,Gallica,https://gallica.bnf.fr/ark:/12148/btv1b532375487.thumbnail,Notice de recueil : http://catalogue.bnf.fr/ark:/12148/cb46927399p,,IFN-53237548
btv1b53237537c,Veue du Cap Nègre : situé à la côte de Barbarie Royaume de Thunis,,1700,1799,18th c.,17..,,,,"1 feuille : ms, col. ; 57 x 41 cm (bordure), 67 x 52 cm (support)",2,"Fortifications | Méditerranée, Mer | Tunis, Régence de -- Côtes | Cap Negro",Mer Méditerranée | Tunisie,Échelle(s) : [Echelle non mentionnée],fre,"Bibliothèque nationale de France, département Cartes et plans, GE SH 18 PF 105 DIV 1 P 12 D",domaine public | public domain,manuscript cartographic resource | document cartographique manuscrit | view | vue | image fixe | image | still image,cartes,high,tunis,city | country,monastir | tunis | tunisia | tunisie,https://gallica.bnf.fr/ark:/12148/btv1b53237537c,https://gallica.bnf.fr/iiif/ark:/12148/btv1b53237537c/manifest.json,Gallica,https://gallica.bnf.fr/ark:/12148/btv1b53237537c.thumbnail,Notice de recueil : http://catalogue.bnf.fr/ark:/12148/cb46927399p,,IFN-53237537
btv1b53237556r,Veüe du Capnegre,,1700,1799,18th c.,17..,,,,"1 feuille : ms, col. ; 34 x 22 cm (feuille), 46 x 56 cm (support)",1,"Méditerranée, Mer | Tunis, Régence de -- Côtes | Cap Negro",Mer Méditerranée | Tunisie,Échelle(s) : [Echelle non mentionnée],fre,"Bibliothèque nationale de France, département Cartes et plans, GE SH 18 PF 105 DIV 1 P 11 D",domaine public | public domain,manuscript cartographic resource | document cartographique manuscrit | view | vue | image fixe | image | still image,cartes,high,tunis,city | country,monastir | tunis | tunisia | tunisie,https://gallica.bnf.fr/ark:/12148/btv1b53237556r,https://gallica.bnf.fr/iiif/ark:/12148/btv1b53237556r/manifest.json,Gallica,https://gallica.bnf.fr/ark:/12148/btv1b53237556r.thumbnail,Notice de recueil : http://catalogue.bnf.fr/ark:/12148/cb46927399p,,IFN-53237556
btv1b532375559,Veüe du moüillage de la Goulette,,1700,1799,18th c.,17..,,,,"1 feuille : ms ; 34,5 x 50 cm",1,"Mouillage (marine) | Sondages sous-marins | Méditerranée, Mer | Tunis, Régence de -- Côtes | La Goulette",Mer Méditerranée | Tunisie,Échelle(s) : [Echelle non mentionnée],fre,"Bibliothèque nationale de France, département Cartes et plans, GE SH 18 PF 105 DIV 1 P 9 D",domaine public | public domain,manuscript cartographic resource | document cartographique manuscrit | view | vue | image fixe | image | still image,cartes,high,tunis,city | country,la goulette | monastir | tunis | tunisia | tunisie,https://gallica.bnf.fr/ark:/12148/btv1b532375559,https://gallica.bnf.fr/iiif/ark:/12148/btv1b532375559/manifest.json,Gallica,https://gallica.bnf.fr/ark:/12148/btv1b532375559.thumbnail,Notice de recueil : http://catalogue.bnf.fr/ark:/12148/cb46927399p,,IFN-53237555
btv1b53242302q,Golphe de Biserte,1701,1701,1701,18th c.,1701,,,,1 feuille : ms ; 49 x 145 cm,2,"Baies -- Afrique | Sondages sous-marins | Bizerte | Bizerte, Lac de | Méditerranée, Mer | Tunis, Province de -- Côtes | Méditerranée, Mer",Mer Méditerranée | Tunisie,"Échelle(s) : Echelle de dix milles d'Italie [= 35,5 cm]",fre,"Bibliothèque nationale de France, département Cartes et plans, GE SH 18 PF 105 DIV 6 P 17",domaine public | public domain,manuscript cartographic resource | document cartographique manuscrit | map | carte | image fixe | image | still image,cartes,high,tunis,city | country | historic | region,biserta | bizerte | cap bon | tunis | tunisia | tunisie,https://gallica.bnf.fr/ark:/12148/btv1b53242302q,https://gallica.bnf.fr/iiif/ark:/12148/btv1b53242302q/manifest.json,Gallica,https://gallica.bnf.fr/ark:/12148/btv1b53242302q.thumbnail,Notice de recueil : http://catalogue.bnf.fr/ark:/12148/cb46929001s,,IFN-53242302
btv1b84685517,"Partie occidentale d'Afrique où se trouve (sic) les isles Canaries et du Cap Vert..., les royaumes d'Alger et de Tunis..., la Nigritie et la Guinée / par N. de Fer...",1702,1702,1702,18th c.,1702,"Fer, Nicolas de (1647?-1720). Auteur du texte",[l'auteur] (Paris),,1 flle : avec limites en coul. ; 32 x 22 cm,1,Afrique -- Ouest,,,fre,"Bibliothèque nationale de France, département Cartes et plans, GE D-11497 (A)",domaine public | public domain,map | carte | image fixe | image | still image,cartes,high,tunis,city,tunis,https://gallica.bnf.fr/ark:/12148/btv1b84685517,https://gallica.bnf.fr/iiif/ark:/12148/btv1b84685517/manifest.json,Gallica,https://gallica.bnf.fr/ark:/12148/btv1b84685517.thumbnail,http://catalogue.bnf.fr/ark:/12148/cb40674702j,,IFN-8468551
btv1b10678510j,"Partie occidentale de l'Afrique ou se trouve la Barbarie divisée en royaumes de Maroc, de Fez, d'Alger, de Tripoli et de Tunis [et] le Sara ou le désert de Barbarie, la Nigrite ou le pais des Nègres et la Guinée, les isles du Cap Verd, les isles Canaries et les Acores, ses dernières sont estimées de l'Amérique / par N[icolas] de Fer geographe de sa Majesté catolique (sic)",1702,1702,1702,18th c.,1702,"Fer, Nicolas de (1647?-1720). Cartographe",[Nicolas de Fer] (Paris),,"1 carte : frontières en couleur ; 48 x 60 cm, sur feuille : 55 x 77 cm",1,Afrique du Nord-Ouest,,"Ancien possesseur : Eyriès, Alexandre (1778-1862). Ancien possesseur | Ancien possesseur : Eyriès, Jean-Baptiste-Benoît (1767-1846). Ancien possesseur | Ancien possesseur : Chardey, Rémi (1813-1900). Ancien possesseur | Appartient à l’ensemble documentaire : BmLHav000",fre,"Bibliothèque municipale du Havre, CP CH 063",domaine public | public domain,image fixe | image | still image,cartes,high,tunis,city,tunis,https://gallica.bnf.fr/ark:/12148/btv1b10678510j,https://gallica.bnf.fr/iiif/ark:/12148/btv1b10678510j/manifest.json,Gallica,https://gallica.bnf.fr/ark:/12148/btv1b10678510j.thumbnail,Notice de recueil : http://catalogue.bnf.fr/ark:/12148/cb45786166p,,
btv1b53235460d,"Côte de Barbarie, depuis le cap Razat, jusqu'au cap Raxetin / par le Maire",1704,1704,1704,18th c.,1704,,,,"1 feuille : ms, col. ; 15 x 45 cm (bordure carte), 31 x 47 cm (feuille)",1,"Sondages sous-marins | Tripoli, Pachalik autonome de -- Côtes | Al Hilāl, Ras (cap) | At Tīn, Ras (cap)",Mer Méditerranée – Bassin Est | Libye,Échelle(s) : [Echelle non mentionnée],fre,"Bibliothèque nationale de France, département Cartes et plans, GE SH 18 PF 104 DIV 2 P 5 D",domaine public | public domain,manuscript cartographic resource | document cartographique manuscrit | map | carte | image fixe | image | still image,cartes,medium,barbarie,city,tunis,https://gallica.bnf.fr/ark:/12148/btv1b53235460d,https://gallica.bnf.fr/iiif/ark:/12148/btv1b53235460d/manifest.json,Gallica,https://gallica.bnf.fr/ark:/12148/btv1b53235460d.thumbnail,Notice de recueil : http://catalogue.bnf.fr/ark:/12148/cb46902217m,,IFN-53235460
btv1b53284617f,Plan de lille St Paul ou planne située au sud d'alicant environ 5 lieües quy est pour facillit le danger ou toucha Mr de Coetlogon commandant Le Tonnant en 1704 / par Manin,1704,1704,1704,18th c.,1704,Manin (16..-17..). Cartographe,,,"1 feuille : ms., ill. ; 37,5 x 53 cm",2,"Cartouches (ornements) | Îles -- Espagne | Sondages sous-marins | Tabarca, Isla de (île) | Méditerranée, Mer",Mer Méditerranée – Bassin Ouest | Espagne – Murcie,"Échelle(s) : Echelle de 100 toisses [= 8,8 cm]",fre,"Bibliothèque nationale de France, département Cartes et plans, GE SH 18 PF 68 DIV 7 P 1 D",domaine public | public domain,manuscript cartographic resource | document cartographique manuscrit | map | carte | image fixe | image | still image,cartes,medium,mediterranee,city,tabarka,https://gallica.bnf.fr/ark:/12148/btv1b53284617f,https://gallica.bnf.fr/iiif/ark:/12148/btv1b53284617f/manifest.json,Gallica,https://gallica.bnf.fr/ark:/12148/btv1b53284617f.thumbnail,Notice de recueil : http://catalogue.bnf.fr/ark:/12148/cb475573910,,IFN-53284617
btv1b55013766v,"[L'Affrique, en plusieurs cartes nouvelles, et exactes, &c. en divers traitez de geographie, et d'histoire. Là où sont descrits succinctement, & avec une belle methode, & facile. ses empires, ses monarchies, ses estats, &c les moeurs, les langues, les religions, le negoce et la richesse de ses peuples, &c. Et ce qu'il y a de plus beau & de plus rare dans toutes ses parties, & dans ses isles. Par le S. Sanson d'Abbeville, Geographe ordinaire du roy]",1706,1706,1706,18th c.,1706,"Sanson, Nicolas (1600-1667). Cartographe | Peyrounin, Abraham (1620-1666). Graveur | Marmol y Carvajal, Luis del (1520?-1600). Auteur adapté | Sanuto, Livio (1520-1576). Auteur adapté | Sanuto, Livio (1520-1576). Auteur adapté | L'Huilier, Jan (16..-16..? ; graveur). Graveur | Marmol y Carvajal, Luis del (1520?-1600). Auteur adapté | Sanuto, Livio (1520-1576). Auteur adapté | L'Huilier, Jan (16..-16..? ; graveur). Graveur | L'Huilier, Jan (16..-16..? ; graveur). Graveur | Blommaert, Samuel (15..-16..?). Auteur adapté | Mercator, Gerard (1512-1594). Auteur adapté | L'Huilier, Jan (16..-16..? ; graveur). Graveur | Mercator, Gerard (1512-1594). Auteur adapté | Sanuto, Livio (1520-1576). Auteur adapté | L'Huilier, Jan (16..-16..? ; graveur). Graveur | Marmol y Carvajal, Luis del (1520?-1600). Auteur adapté | Sanuto, Livio (1520-1576). Auteur adapté | Marmol y Carvajal, Luis del (1520?-1600). Auteur adapté | Sanuto, Livio (1520-1576). Auteur adapté | Blommaert, Samuel (15..-16..?). Auteur adapté | Marmol y Carvajal, Luis del (1520?-1600). Auteur adapté | Sanuto, Livio (1520-1576). Auteur adapté | L'Huilier, Jan (16..-16..? ; graveur). Graveur",,,"1 atlas, 25 cm, 96 p. de texte et de cartes",159,Afrique,Monde,,fre,"Bibliothèque nationale de France, département Cartes et plans, GE FF-8883",domaine public | public domain,atlas | atlas | image fixe | image | still image,cartes,medium,,city,tunis,https://gallica.bnf.fr/ark:/12148/btv1b55013766v,https://gallica.bnf.fr/iiif/ark:/12148/btv1b55013766v/manifest.json,Gallica,https://gallica.bnf.fr/ark:/12148/btv1b55013766v.thumbnail,http://catalogue.bnf.fr/ark:/12148/cb40618466p,,
btv1b53284620q,Plan de l'attaque d'Alicant,1706,1706,1706,18th c.,1706,,,,"1 feuille : ms., ill. col. ; 43,5 x 60,5 cm",2,"Navires de guerre | Batteries (artillerie) | Guerre de la succession d'Espagne (1701-1714) -- Opérations militaires | Villes -- Alicante (Espagne) | Alicante | Méditerranée, Mer | Tabarca, Isla de (île)",Mer Méditerranée – Bassin Ouest | Espagne – Communauté de Valence,Échelle(s) : [Echelle non mentionnée],fre,"Bibliothèque nationale de France, département Cartes et plans, GE SH 18 PF 68 DIV 8 P 4 D",domaine public | public domain,manuscript cartographic resource | document cartographique manuscrit | view | vue | map | carte | image fixe | image | still image,cartes,medium,mediterranee,city,tabarka,https://gallica.bnf.fr/ark:/12148/btv1b53284620q,https://gallica.bnf.fr/iiif/ark:/12148/btv1b53284620q/manifest.json,Gallica,https://gallica.bnf.fr/ark:/12148/btv1b53284620q.thumbnail,Notice de recueil : http://catalogue.bnf.fr/ark:/12148/cb453862141,,IFN-53284620
btv1b53143340j,Vue de Tunis d'Alger & de Gigeri avec quelques particularitez curieuses touchant les moeurs de leurs habitans & de quelques autres pleuples de barbarie / [Henri Abraham Chatelain},1708,1708,1708,18th c.,1708,"Chatelain, Henri Abraham. Cartographe",[s.n.] (Amsterdam),,"1 flle : col. ; 41 x 47,5 cm",1,Animaux | Autochtones | Navires à voiles | Tunis | Alger | Jijel | Tripoli,Algérie | Libye | Tunisie,,fre,"Bibliothèque nationale de France, département Cartes et plans, GE SH 18 PF 224 DIV 2 P 15 D",domaine public | public domain,view | vue | image fixe | image | still image,cartes,high,tunis,city | country,tunis | tunisia | tunisie,https://gallica.bnf.fr/ark:/12148/btv1b53143340j,https://gallica.bnf.fr/iiif/ark:/12148/btv1b53143340j/manifest.json,Gallica,https://gallica.bnf.fr/ark:/12148/btv1b53143340j.thumbnail,Notice de recueil : http://catalogue.bnf.fr/ark:/12148/cb44424924k,,IFN-53143340
btv1b53247486x,"Atlas ou recüeil de cartes geographiques, dressées sur les nouvelles observations de M[essieu]rs de l'Academie Royale des Sciences, par N. de Fer geographe de sa Majesté Catolique et Monseigneur le Dauphin",1709,1709,1725,18th c.,1709-1725,"Fer, Nicolas de (1647?-1720). Cartographe | Briet, Philippe (1601-1668). Auteur adapté | Guérard, Nicolas (1648?-1719). Graveur | Inselin, Charles (1673-17..). Graveur | Panouse, Jacqueline. Graveur | Starckman, P.. Graveur | Loon, Herman van. Graveur | La Pointe, François de (1640?-1699?). Graveur | Wolf, Ludwig. Cartographe | Wolf, Ludwig. Cartographe | Jouvin de Rochefort, Albert (16..-17..?). Cartographe | Churchill, John (16..-1714?). Graveur | Visscher, Nicolaes Jansz. (1649-1702). Auteur adapté | Baker, Benjamin (17..-18.. ; graveur). Auteur adapté | Visscher, Nicolaes Jansz. (1649-1702). Auteur adapté | Cantelli, Giacomo (1643-1695). Auteur adapté | Cantelli, Giacomo (1643-1695). Auteur adapté | Mercator, Gerard (1512-1594). Auteur adapté | Baker, Benjamin (17..-18.. ; graveur). Auteur adapté | Visscher, Nicolaes Jansz. (1649-1702). Auteur adapté | Flavius Josèphe (0038?-0100?). Fonction indéterminée | Clerk, Thomas (17..-1830? ; graveur). Cartographe | Avril, Philippe (1654-1698). Auteur adapté | Esbrand, Evart (1...-16..). Auteur adapté | Witsen, Nicolaes (1641-1717). Auteur adapté | Sicard, Claude (1677-1726). Auteur adapté",A Paris [suivi d'une mention d'adresse manuscrite : ] ''chez Danet sur le pont Notre Dame à la sphère royale' avec privilege du Roy 1709,,1 atlas : 103 cartes ; 53 x 41 cm,328,,Monde,,fre,"Bibliothèque nationale de France, département Cartes et plans, GE CC-5083 (RES)",domaine public | public domain,atlas | atlas | image fixe | image | still image,cartes,medium,,city,tunis,https://gallica.bnf.fr/ark:/12148/btv1b53247486x,https://gallica.bnf.fr/iiif/ark:/12148/btv1b53247486x/manifest.json,Gallica,https://gallica.bnf.fr/ark:/12148/btv1b53247486x.thumbnail,http://catalogue.bnf.fr/ark:/12148/cb445116407,,IFN-53247486
btv1b53214026z,"Estats de l'Empire du Grand Seigneur dit Sultan et Ottomans, empereur des Turcs, dans trois parties du monde sçavoir en Europe, en Asie, et en Afrique / Dressé par Antoine Menard",1711,1711,1711,18th c.,1711,"Ménard, A. (16..-17..). Auteur du texte",[S. n.] (A Paris),,"1 carte : gr. limites col. ; 16 x 22, 5 cm",3,"Cartouches (ornement) | Ottoman, Empire | Alger, Province d' | Tunis, Province de",Afrique septentrionale,"Échelle(s) : Echelle : 200 Lieues communes de France [= 3,2 cm]",fre,"Bibliothèque nationale de France, département Arsenal, EST-1513 (156,3)",domaine public | public domain,map | carte | image fixe | image | still image,cartes,high,tunis,city,tunis,https://gallica.bnf.fr/ark:/12148/btv1b53214026z,https://gallica.bnf.fr/iiif/ark:/12148/btv1b53214026z/manifest.json,Gallica,https://gallica.bnf.fr/ark:/12148/btv1b53214026z.thumbnail,Notice de recueil : http://catalogue.bnf.fr/ark:/12148/cb41495064m,,IFN-53214026
btv1b53242311p,"Suite des costes d'Espagne et Barbarie, depuis Cartagène jusqu'à Denia et depuis cap Falcon jusqu'au cap Carbon / Michelot, hydrographe..., et Bremond, hydrographe du Roy et de la ville... ; Gravée par P. Starck-man",1723,1723,1723,18th c.,1723,"Michelot, Henri (1655-17..). Cartographe | Orléans, Jean Philippe d' (1702-1748). Dédicataire | Brémond, Laurent (1671-1751). Cartographe | Starckman, P.. Graveur",chez Laurent Brémond (Marseille),,1 feuille ; 51 x 73 cm,1,"Cartouches (ornements) | Sondages sous-marins | Alger, Régence d' -- Côtes | Espagne -- Côtes | Ibiza | Alicante | Murcie | Jijel | Cherchell | Alger | Matifou, Cap | Caxine, Cap | Méditerranée, Mer | Ténès | Oran | Arzew | Ferrat, Cap | Falcon, Cap | Béjaia",Espagne – Murcie | Mer Méditerranée | Algérie | Tunisie,"Échelle(s) : Echelle de 20 lieües françoises et angloises à 20 pour un degré [=13,3 cm]",fre,"Bibliothèque nationale de France, département Cartes et plans, GE SH 18 PF 106 DIV 2 P 4",domaine public | public domain,map | carte | image fixe | image | still image,cartes,high,tunis,city | country,bizerte | tunisia | tunisie,https://gallica.bnf.fr/ark:/12148/btv1b53242311p,https://gallica.bnf.fr/iiif/ark:/12148/btv1b53242311p/manifest.json,Gallica,https://gallica.bnf.fr/ark:/12148/btv1b53242311p.thumbnail,Notice de recueil : http://catalogue.bnf.fr/ark:/12148/cb46930930w,,IFN-53242311
btv1b52519327v,[Ensemble de documents de travail concernant l'Afrique] / [dressés ou annotés par Guillaume Delisle],1726,1726,1726,18th c.,1726,"Delisle, Guillaume (1675-1726). Cartographe",,,12 documents : ms (encre et crayon) ; formats divers,19,"Guinée | Atlantique, Océan | Afrique -- Côtes",Afrique (parties),"Comprend : [Carte de la côte africaine entre Tripoli et Alexandrie] ; Carte particulière des cotes d'Afrique qui comprend le royaume de Gualata, de Genehoa &c levée par ordre exprez des Rois de Portugal sous qui on a fait la découverte. A Amsterdam Chez P. Mortier [titre manuscrit] ; Carte du cours du Sénégal jusqu'au grand rocher tiré de l'Ecrit de Mr de La Courbe qui y a été longtems / Exécuté par G. Delisle ; Côte du Senegal depuis le Cap Blanc jusqu'à la Riv[ière] Senegal [titre manuscrit au verso] ; Partie septentrionale et orientale de l'Afrique [du golfe de Bougie au cap Sousa] [titre manuscrit au verso] ; Partie du .... Nil... [titre manuscrit au verso] ; Cours du Niger, appellé aussi Camadoou, ou le Nil des Negres [titre manuscrit au verso] ; [Côtes de Tunisie, de Bizerte jusqu'à Jerba] ; Royaumes de Loango, Congo, Angola, Benguela &c [titre manuscrit au verso] / Par...",fre,"Bibliothèque nationale de France, département Cartes et plans, GE SH 18 PF 1 QUATER DIV 28 P 6",domaine public | public domain,manuscript cartographic resource | document cartographique manuscrit | map | carte | image fixe | image | still image,cartes,medium,tunis,city | country,bizerte | tunisia | tunisie,https://gallica.bnf.fr/ark:/12148/btv1b52519327v,https://gallica.bnf.fr/iiif/ark:/12148/btv1b52519327v/manifest.json,Gallica,https://gallica.bnf.fr/ark:/12148/btv1b52519327v.thumbnail,Notice de recueil : http://catalogue.bnf.fr/ark:/12148/cb45106224b,,IFN-52519327
btv1b53242279c,Carte d'une partie des costes du royaume de Tunis depuis Souse jusqu'a Biserte / dressée sur des cartes et détails géograhiques au dépost des cartes et plans maritimes,1728,1728,1728,18th c.,1728,France. Dépôt des cartes et plans de la marine. Cartographe,,,"1 feuille : ms, col. ; 59 x 91 cm (feuille), 65 x 97 cm (support)",1,"Sondages sous-marins | Méditerranée, Mer | Tunis, Régence de -- Côtes | Bon, Cap | Sousse | Tunis | Bizerte | Ghár al Milh",Mer Méditerranée | Tunisie,Échelle(s) : Echelle de 10 lieues marines de France de 20 au degré [= 23 cm],fre,"Bibliothèque nationale de France, département Cartes et plans, GE SH 18 PF 105 DIV 2 P 11/1",domaine public | public domain,manuscript cartographic resource | document cartographique manuscrit | map | carte | image fixe | image | still image,cartes,high,tunis,city | country | historic | polity,biserta | bizerte | royaume de tunis | sousse | tunis | tunisia | tunisie,https://gallica.bnf.fr/ark:/12148/btv1b53242279c,https://gallica.bnf.fr/iiif/ark:/12148/btv1b53242279c/manifest.json,Gallica,https://gallica.bnf.fr/ark:/12148/btv1b53242279c.thumbnail,Notice de recueil : http://catalogue.bnf.fr/ark:/12148/cb46927864d,,IFN-53242279
btv1b532375502,Veüe de la place de la Calle en Barbarie... / par le Sr Jean Bigonnet... ; sous le com[m]andem[en]t de Mrs les directeurs généraux de la Compagnie des Indes,1728,1728,1728,18th c.,1728,Compagnie des Indes. Commanditaire du contenu,,,"1 feuille : ms, col. ; 38 x 50 cm (feuille), 54 x 69 cm (support)",2,"Fortifications | Méditerranée, Mer | Alger, Régence d' | El Kala",Mer Méditerranée | Algérie,Échelle(s) : [Echelle non mentionnée],fre,"Bibliothèque nationale de France, département Cartes et plans, GE SH 18 PF 105 DIV 1 P 1 D",domaine public | public domain,manuscript cartographic resource | document cartographique manuscrit | view | vue | image fixe | image | still image,cartes,medium,barbarie,city,monastir,https://gallica.bnf.fr/ark:/12148/btv1b532375502,https://gallica.bnf.fr/iiif/ark:/12148/btv1b532375502/manifest.json,Gallica,https://gallica.bnf.fr/ark:/12148/btv1b532375502.thumbnail,Notice de recueil : http://catalogue.bnf.fr/ark:/12148/cb46927399p,,IFN-53237550
btv1b84904747,"Carte des côtes de Tripoly de Barbarie depuis le Cap Mesurat jusqu'à Sousse avec les bancs, roches et sondes... / dressée par François Olivier pilote sur ses observations de latitude faites dans sa campagne de 17... sur le vaisseau le Zéphir commandé par M. Bandeville capitaine de vaisseau ; Présentée à M. le Comte de Maurepas en 1729",1729,1729,1729,18th c.,1729,"Olivier, François (16..-17..). Auteur du texte",[s.n.],1:1 120 000,1 flle ms. ; 595 x 455,1,"Tripoli, Pachalik autonome de -- Côtes | Tunis, Régence de -- Sud -- Côtes",Monde,"Échelle(s) : 20 lieues [=Om, 098 ; 1:1 120 000 environ]",fre,"Bibliothèque nationale de France, département Cartes et plans, GE D-13780",domaine public | public domain,manuscript cartographic resource | document cartographique manuscrit | map | carte | image fixe | image | still image,cartes,high,tunis,city,sousse | tunis,https://gallica.bnf.fr/ark:/12148/btv1b84904747,https://gallica.bnf.fr/iiif/ark:/12148/btv1b84904747/manifest.json,Gallica,https://gallica.bnf.fr/ark:/12148/btv1b84904747.thumbnail,http://catalogue.bnf.fr/ark:/12148/cb406553655,,IFN-8490474
btv1b53236710t,"Plan et description de la coste de Tripoly de Barbarie depuis le cap Mesurat jusques a la ville de Sousse... / suivant lexacte observation qui en a esté faite par François Olivier, pilote entretenu au departement de Toulon",1729,1729,1729,18th c.,1729,"Olivier, François (16..-17..). Cartographe",,,"1 feuille : ms, col. ; 49 x 75 cm (bordure), 50 x 76 cm (feuille)",1,"Sondages sous-marins | Méditerranée, Mer | Afrique, Cap | Tripoli, Pachalik autonome de -- Côtes | Tunis, Province de -- Côtes | Kerkennah, Îles | Lampedusa, Île de | Sousse | Djerba, Île de | Monastir | Mişrātah",Mer Méditerranée – Bassin Est | Libye | Tunisie,"Échelle(s) : Echelle de dix lieües de France [= 6,8 cm]",fre,"Bibliothèque nationale de France, département Cartes et plans, GE SH 18 PF 104 DIV 2 P 10 BIS",domaine public | public domain,manuscript cartographic resource | document cartographique manuscrit | map | carte | image fixe | image | still image,cartes,high,tunis,city | country | island,djerba | kerkennah | monastir | sousse | tunis | tunisia | tunisie,https://gallica.bnf.fr/ark:/12148/btv1b53236710t,https://gallica.bnf.fr/iiif/ark:/12148/btv1b53236710t/manifest.json,Gallica,https://gallica.bnf.fr/ark:/12148/btv1b53236710t.thumbnail,Notice de recueil : http://catalogue.bnf.fr/ark:/12148/cb46902217m,,IFN-53236710
btv1b53237596d,Plan de l'Isle de Tabarco / levé par le Sr Verguin,1731,1731,1731,18th c.,1731,"Verguin, Jean-Joseph (1701-1777). Cartographe",,,"1 feuille : ms, col. ; 47 x 68 cm (feuille), 54 x 69 cm (support)",1,"Sondages sous-marins | Tabarka, Île de | Tunis, Régence de -- Côtes | Méditerranée, Mer",Mer Méditerranée | Tunisie,"Échelle(s) : Echelle de 200 toises [= 10,7 cm]",fre,"Bibliothèque nationale de France, département Cartes et plans, GE SH 18 PF 105 DIV 7 P 1 D",domaine public | public domain,manuscript cartographic resource | document cartographique manuscrit | map | carte | image fixe | image | still image,cartes,high,tunis,city | country,bizerte | tabarka | tunis | tunisia | tunisie,https://gallica.bnf.fr/ark:/12148/btv1b53237596d,https://gallica.bnf.fr/iiif/ark:/12148/btv1b53237596d/manifest.json,Gallica,https://gallica.bnf.fr/ark:/12148/btv1b53237596d.thumbnail,Notice de recueil : http://catalogue.bnf.fr/ark:/12148/cb469304922,,IFN-53237596
btv1b532423052,Plan de l'Isle de Tabarco / levé par le Sr Verguin,1731,1731,1731,18th c.,1731,"Verguin, Jean-Joseph (1701-1777). Cartographe",,,"1 feuille : ms, col ; 51 x 76 cm",1,"Sondages sous-marins | Tabarka, Île de | Tunis, Régence de -- Côtes | Méditerranée, Mer",Mer Méditerranée | Tunisie,"Échelle(s) : Echelle de 300 toises [= 15,9 cm]",fre,"Bibliothèque nationale de France, département Cartes et plans, GE SH 18 PF 105 DIV 7 P 1/2",domaine public | public domain,manuscript cartographic resource | document cartographique manuscrit | map | carte | image fixe | image | still image,cartes,high,tunis,city | country,bizerte | tabarka | tunis | tunisia | tunisie,https://gallica.bnf.fr/ark:/12148/btv1b532423052,https://gallica.bnf.fr/iiif/ark:/12148/btv1b532423052/manifest.json,Gallica,https://gallica.bnf.fr/ark:/12148/btv1b532423052.thumbnail,Notice de recueil : http://catalogue.bnf.fr/ark:/12148/cb469304922,,IFN-53242305
btv1b53237597v,Plan de l'Isle de Tabarco / levé par le Sr Verguin ; Le Moyne,1731,1731,1731,18th c.,1731,"Verguin, Jean-Joseph (1701-1777). Cartographe",,,"1 feuille : ms, col. ; 45 x 64 cm",1,"Sondages sous-marins | Tabarka, Île de | Tunis, Régence de -- Côtes | Méditerranée, Mer",Mer Méditerranée | Tunisie,"Ancien possesseur : Chabert, Joseph-Bernard de (1724-1805). Ancien possesseur | Échelle(s) : Echelle de 200 toises [= 10,8 cm] | Ancien possesseur : Chabert, Joseph-Bernard de (1724-1805)",fre,"Bibliothèque nationale de France, département Cartes et plans, GE SH 18 PF 105 DIV 7 P 1/1 D",domaine public | public domain,manuscript cartographic resource | document cartographique manuscrit | map | carte | image fixe | image | still image,cartes,high,tunis,city | country,bizerte | tabarka | tunis | tunisia | tunisie,https://gallica.bnf.fr/ark:/12148/btv1b53237597v,https://gallica.bnf.fr/iiif/ark:/12148/btv1b53237597v/manifest.json,Gallica,https://gallica.bnf.fr/ark:/12148/btv1b53237597v.thumbnail,Notice de recueil : http://catalogue.bnf.fr/ark:/12148/cb469304922,,IFN-53237597
btv1b53237558n,"[Côtes de Barbarie, depuis le cap Bon jusqu'à Tenez, avec la pointe sud de la Sicile]",1732,1732,1732,18th c.,1732,,,,"1 feuille : ms ; 27 x 50 cm (feuille), 32 x 54 cm (support)",2,"Méditerranée, Mer | Tunis, Régence de -- Côtes | Bon, Cap | Sicile, Royaume de | La Galite, Île de | Alger, Province d' -- Côtes | Ténès",Mer Méditerranée | Tunisie | Algérie,Échelle(s) : [Echelle non mentionnée],spa,"Bibliothèque nationale de France, département Cartes et plans, GE SH 18 PF 105 DIV 2 P 10 D",domaine public | public domain,manuscript cartographic resource | document cartographique manuscrit | map | carte | image fixe | image | still image,cartes,high,tunis,city | country | region,cap bon | tunis | tunisia | tunisie,https://gallica.bnf.fr/ark:/12148/btv1b53237558n,https://gallica.bnf.fr/iiif/ark:/12148/btv1b53237558n/manifest.json,Gallica,https://gallica.bnf.fr/ark:/12148/btv1b53237558n.thumbnail,Notice de recueil : http://catalogue.bnf.fr/ark:/12148/cb46927864d,,IFN-53237558
btv1b53009152n,"[Province romaine d'Afrique entre le Sinus Numidicus [Golfe de Collo], Tacape [Gabès], avec l'intérieur jusqu'à Tabudeos [Taïbek-el-Gubbia] / [par Jean-Baptiste d'Anville]",1732,1732,1732,18th c.,1732,"Anville, Jean-Baptiste d' (1697-1782). Cartographe | Rollin, Charles (1661-1741). Auteur du texte",,,"1 carte en 3 fragments : ms avec retombe ; 62,5 x 51 cm",1,Maghreb -- Voies romaines -- Numidieprovince romaine) -- Histoire,Afrique septentrionale,,fre,"Bibliothèque nationale de France, département Cartes et plans, GE D-10364",domaine public | public domain,manuscript cartographic resource | document cartographique manuscrit | map | carte | image fixe | image | still image,cartes,high,gabes,city,gabes,https://gallica.bnf.fr/ark:/12148/btv1b53009152n,https://gallica.bnf.fr/iiif/ark:/12148/btv1b53009152n/manifest.json,Gallica,https://gallica.bnf.fr/ark:/12148/btv1b53009152n.thumbnail,Notice de recueil : http://catalogue.bnf.fr/ark:/12148/cb41350452h,,IFN-53009152
btv1b530089581,"[Tunisie, avec les noms anciens] / [par Jean-Baptiste d'Anville]",1732,1732,1732,18th c.,1732,"Anville, Jean-Baptiste d' (1697-1782). Cartographe",,,1 carte en trois fragments de formes diverses : ms à la mine ; 49 x 28 cm,1,"Tunis, Régence de",Afrique septentrionale,,fre,"Bibliothèque nationale de France, département Cartes et plans, GE D-10627",domaine public | public domain,manuscript cartographic resource | document cartographique manuscrit | map | carte | image fixe | image | still image,cartes,high,tunis,city | country,tunis | tunisia | tunisie,https://gallica.bnf.fr/ark:/12148/btv1b530089581,https://gallica.bnf.fr/iiif/ark:/12148/btv1b530089581/manifest.json,Gallica,https://gallica.bnf.fr/ark:/12148/btv1b530089581.thumbnail,Notice de recueil : http://catalogue.bnf.fr/ark:/12148/cb41350452h,,IFN-53008958
btv1b8494393g,"Plan de l'Isle de Tabarco / Levé par le sieur Verguin, ...",1732,1732,1732,18th c.,1732,"Verguin, Jean-Joseph (1701-1777). Auteur du texte",[s.n.],1:6 000,"1 flle ms. à l'encre noire et rouge ; 42 x 37,5 cm",1,"Tabarka, Île de",Tunisie,"Échelle(s) : 300 Toises [= 9,6 cm ; 1:6 000 ca]",fre,"Bibliothèque nationale de France, département Cartes et plans, GE D-16678",domaine public | public domain,manuscript cartographic resource | document cartographique manuscrit | map | carte | image fixe | image | still image,cartes,high,tunis,city | country,tabarka | tunisia | tunisie,https://gallica.bnf.fr/ark:/12148/btv1b8494393g,https://gallica.bnf.fr/iiif/ark:/12148/btv1b8494393g/manifest.json,Gallica,https://gallica.bnf.fr/ark:/12148/btv1b8494393g.thumbnail,Notice de recueil : http://catalogue.bnf.fr/ark:/12148/cb40593927f,,IFN-8494393
btv1b8495504g,Plan de la bataille de Thapse en Afrique gagnée par Jule César contre Q. Scipion et le roy Juba l'an de Rome 707,1732,1732,1732,18th c.,1732,,[s.n.] (Paris),,"1 carte gravée ; 36 x 24,7 cm",1,"Batailles | Thapsus, Bataille de -- 46 av. J. C. -- 1er s.",Afrique (parties) | Tunisie,,fre,"Bibliothèque nationale de France, département Cartes et plans, GE D-17909",domaine public | public domain,map | carte | image fixe | image | still image,cartes,high,tunis,country,tunisia | tunisie,https://gallica.bnf.fr/ark:/12148/btv1b8495504g,https://gallica.bnf.fr/iiif/ark:/12148/btv1b8495504g/manifest.json,Gallica,https://gallica.bnf.fr/ark:/12148/btv1b8495504g.thumbnail,Notice de recueil : http://catalogue.bnf.fr/ark:/12148/cb40593927f,,IFN-8495504
btv1b530589500,Plan de la bataille de Thapse en Afrique gagnée par Jule César contre Q. Scipion et le roy Juba l'an de Rome 707,1732,1732,1732,18th c.,1732,,[s.n.] (Paris),,1 flle ; 360 x 247,1,"Batailles | Thapsus, Bataille de -- 46 av. J. C.",Tunisie,,fre,"Bibliothèque nationale de France, département Cartes et plans, GE D-21882",domaine public | public domain,map | carte | image fixe | image | still image,cartes,high,tunis,country,tunisia | tunisie,https://gallica.bnf.fr/ark:/12148/btv1b530589500,https://gallica.bnf.fr/iiif/ark:/12148/btv1b530589500/manifest.json,Gallica,https://gallica.bnf.fr/ark:/12148/btv1b530589500.thumbnail,Notice de recueil : http://catalogue.bnf.fr/ark:/12148/cb405939263,,IFN-53058950
btv1b53237585j,"Carte de la coste depuis Biserte jusque au Cap Bon / donné par Sabatier, pilote amiral de Toulon",1736,1736,1736,18th c.,1736,Sabatier (16..-17.. ; hydrographe). Cartographe,,,"1 feuille : ms ; 42 x 57 cm (feuille), 54 x 69 cm (support)",2,"Sondages sous-marins | Forts | Tunis, Régence de -- Côtes | Ghár al Milh | Bon, Cap | Tunis | Tunis, Golfe de | Bizerte | Méditerranée, Mer",Mer Méditerranée | Tunisie,"Échelle(s) : Eschelle de dix lieues [= 21,5 cm]",fre,"Bibliothèque nationale de France, département Cartes et plans, GE SH 18 PF 105 DIV 6 P 18 D",domaine public | public domain,manuscript cartographic resource | document cartographique manuscrit | map | carte | image fixe | image | still image,cartes,high,tunis,city | country | historic | region,biserta | bizerte | cap bon | tunis | tunisia | tunisie,https://gallica.bnf.fr/ark:/12148/btv1b53237585j,https://gallica.bnf.fr/iiif/ark:/12148/btv1b53237585j/manifest.json,Gallica,https://gallica.bnf.fr/ark:/12148/btv1b53237585j.thumbnail,Notice de recueil : http://catalogue.bnf.fr/ark:/12148/cb46929001s,,IFN-53237585
btv1b53283019q,Carte de la Mer Mediterranée sur laquelle on a distingué par des couleurs les six divisions des Materiaux qui se conserve[n]t au dépôt des Cartes de la Marine pour servir à la construction des cartes du nouveau portuland de cette Mer,1736,1736,1736,18th c.,1736,,,1:8 996 123,"1 feuille sur support entoilé : ms., col. ; 33,5 x 46,5 cm (carte), 36,5 x 50 cm (support)",1,"Méditerranée, Mer | Espagne -- Côtes | Baléares, Îles | Côte d'Azur | Gênes, Golfe de | Venise, Golfe de | Fès, Royaume de | Adriatique, Mer | Ionienne, Mer | Alger, Régence d' -- Côtes | Tunis, Régence de -- Côtes | Égée, Mer | Turquie d'Asie -- Côtes | Turquie d'Europe -- Côtes | Libye -- Côtes | Égypte -- Côtes | Syrie -- Côtes",Mer Méditerranée,Échelle(s) : [1:8 996 123],fre,"Bibliothèque nationale de France, département Cartes et plans, GE SH 18 PF 66 P 7 D",domaine public | public domain,manuscript cartographic resource | document cartographique manuscrit | map | carte | image fixe | image | still image,cartes,high,tunis,city,tunis,https://gallica.bnf.fr/ark:/12148/btv1b53283019q,https://gallica.bnf.fr/iiif/ark:/12148/btv1b53283019q/manifest.json,Gallica,https://gallica.bnf.fr/ark:/12148/btv1b53283019q.thumbnail,Notice de recueil : http://catalogue.bnf.fr/ark:/12148/cb456896011,,IFN-53283019
btv1b59640936,"Carte de la partie de l'Afrique où les Carthaginois ont étendu leur domination dressée pour l'intelligence de l'histoire ancienne de Mr. Rollin ; Les environs de Carthage exprimés plus en détail / par le Sr. d'Anville, Géographe ord[inaire] du Roi ; Bourgoin sculp.",1738,1738,1738,18th c.,1738,"Anville, Jean-Baptiste d' (1697-1782). Cartographe | Bourgoin, Pierre (17..-17.. ; graveur). Graveur | Rollin, Charles (1661-1741). Auteur adapté",[s.n.],,"1 carte : limites en coul. ; 31,5 x 49 cm",1,"Cartouches (ornement) | Carthaginois, Empire | Carthage, Site archéologique de -- Environs -- Antiquité",Afrique (parties) | Tunisie,"Échelle(s) : 150 Milles des Romains, évalués 755 Toises [4,5 cm], 1200 Stades des Grecs, dont 8 font un Mille [4,5 cm], 50 Lieues Françoises, de 3000 pas Geometr[iques] [= 5 cm] | Appartient à l’ensemble documentaire : AnvilMF | Appartient à l’ensemble documentaire : MAEDI008 | Appartient à l’ensemble documentaire : MAEDIGen0",fre,"Bibliothèque nationale de France, département Cartes et plans, GE DD-2987 (10197)",domaine public | public domain,map | carte | image fixe | image | still image,cartes,high,tunis,city | country,carthage | tunisia | tunisie,https://gallica.bnf.fr/ark:/12148/btv1b59640936,https://gallica.bnf.fr/iiif/ark:/12148/btv1b59640936/manifest.json,Gallica,https://gallica.bnf.fr/ark:/12148/btv1b59640936.thumbnail,Notice de recueil : http://catalogue.bnf.fr/ark:/12148/cb40577015h,,IFN-5964093
btv1b53235465n,"[Carte du golfe de la Syrte, de Bengasi au cap Mezurat]",1740,1740,1740,18th c.,1740,,,,"1 feuille : ms ; 27,5 x 39,5 cm",1,"Tripoli, Pachalik autonome de -- Côtes | Mişrātah | Benghazi | Syrte, Golfe de",Mer Méditerranée – Bassin Est | Libye | Tunisie,"Échelle(s) : Echelle de 75 milles d'Italie a [?] par degrés [= 11,7 cm]",fre,"Bibliothèque nationale de France, département Cartes et plans, GE SH 18 PF 104 DIV 2 P 11 D",domaine public | public domain,manuscript cartographic resource | document cartographique manuscrit | map | carte | image fixe | image | still image,cartes,high,tunis,city | country,tunis | tunisia | tunisie,https://gallica.bnf.fr/ark:/12148/btv1b53235465n,https://gallica.bnf.fr/iiif/ark:/12148/btv1b53235465n/manifest.json,Gallica,https://gallica.bnf.fr/ark:/12148/btv1b53235465n.thumbnail,Notice de recueil : http://catalogue.bnf.fr/ark:/12148/cb46902217m,,IFN-53235465
btv1b531216373,"Cartagena in Terra firma Americae sita, ichnographice repraesentata et recusa / ab Homan Heredibus",1740,1740,1740,18th c.,1740,"Homann, Héritiers d'. Cartographe | Chassereau, Pierre (16..-17..). Cartographe du modèle",ab Homan Heredibus (Norimbergae),,"1 carte : col. ; 24 x 29 cm, sur flle. 32 x 32,5 cm",1,"Carthagène, Baie de",Colombie,Échelle(s) : 2 engl. Meiten [= 6 cm],ger | lat,"Bibliothèque nationale de France, département Cartes et plans, GE SH 18 PF 161 DIV 9 P 25 D",domaine public | public domain,map | carte | map | carte | image fixe | image | still image,cartes,high,carthage,city,carthage,https://gallica.bnf.fr/ark:/12148/btv1b531216373,https://gallica.bnf.fr/iiif/ark:/12148/btv1b531216373/manifest.json,Gallica,https://gallica.bnf.fr/ark:/12148/btv1b531216373.thumbnail,Notice de recueil : http://catalogue.bnf.fr/ark:/12148/cb442163794,"Neu und Verbesserter Plan des Hafens von Carthagena in America..., nach dem Enterwurf des Pr. Chassereau, Archit. 1740 nach Engelland gebracht und ans Liechtgegeben",IFN-53121637
btv1b8595344j,Costes de Barbarie contenant les royaumes d'Alger et de Tunis / [Bellin],1740,1740,1749,18th c.,1740-1749,"Bellin, Jacques-Nicolas (1703-1772). Cartographe | France. Dépôt des cartes et plans de la marine. Éditeur intellectuel / Éditrice intellectuelle",[s.n.],,1 feuille ; 31 x 49 cm,1,Barbarie | Alger | Tunis,Afrique (parties),[Costes de Barbarie contenant les royaumes d'Alger et de Tunis] | Appartient à l’ensemble documentaire : AnvilAf | Appartient à l’ensemble documentaire : MAEDI008 | Appartient à l’ensemble documentaire : MAEDIGen0,fre,"Bibliothèque nationale de France, département Cartes et Plans, GE DD-2987 (7975)",domaine public | public domain,image fixe | image | still image,cartes,high,tunis,city,tunis,https://gallica.bnf.fr/ark:/12148/btv1b8595344j,https://gallica.bnf.fr/iiif/ark:/12148/btv1b8595344j/manifest.json,Gallica,https://gallica.bnf.fr/ark:/12148/btv1b8595344j.thumbnail,Notice de recueil : http://catalogue.bnf.fr/ark:/12148/cb40577015h,,IFN-8595344
btv1b8595381t,Plan de l'isle de Tabarque à la coste de Barbarie / [Bellin],1740,1740,1749,18th c.,1740-1749,"Bellin, Jacques-Nicolas (1703-1772). Cartographe | France. Dépôt des cartes et plans de la marine. Éditeur intellectuel / Éditrice intellectuelle",[s.n.],,"1 feuille ; 27,5 x 23 cm",1,Tabarka,Tunisie,[Plan de l'isle de Tabarque à la coste de Barbarie] | Appartient à l’ensemble documentaire : AnvilAf | Appartient à l’ensemble documentaire : MAEDI008 | Appartient à l’ensemble documentaire : MAEDIGen0,fre,"Bibliothèque nationale de France, département Cartes et Plans, GE DD-2987 (8008)",domaine public | public domain,image fixe | image | still image,cartes,high,tunis,city | country,tabarka | tunisia | tunisie,https://gallica.bnf.fr/ark:/12148/btv1b8595381t,https://gallica.bnf.fr/iiif/ark:/12148/btv1b8595381t/manifest.json,Gallica,https://gallica.bnf.fr/ark:/12148/btv1b8595381t.thumbnail,Notice de recueil : http://catalogue.bnf.fr/ark:/12148/cb40577015h,,IFN-8595381
btv1b85953701,Plan de la ville de Tunis et de ses environs / [Bellin],1740,1740,1749,18th c.,1740-1749,"Bellin, Jacques-Nicolas (1703-1772). Cartographe | France. Dépôt des cartes et plans de la marine. Éditeur intellectuel / Éditrice intellectuelle",[s.n.],,"1 feuille ; 26,5 x 22 cm",1,Tunis | Tunis,Tunisie,[Plan de la ville de Tunis et de ses environs] | Appartient à l’ensemble documentaire : AnvilAf,fre,"Bibliothèque nationale de France, département Cartes et Plans, GE DD-2987 (7997)",domaine public | public domain,image fixe | image | still image,cartes,high,tunis,city | country,tunis | tunisia | tunisie,https://gallica.bnf.fr/ark:/12148/btv1b85953701,https://gallica.bnf.fr/iiif/ark:/12148/btv1b85953701/manifest.json,Gallica,https://gallica.bnf.fr/ark:/12148/btv1b85953701.thumbnail,Notice de recueil : http://catalogue.bnf.fr/ark:/12148/cb40577015h,,IFN-8595370
btv1b8595377x,Plan de port Farine / [Bellin],1740,1740,1749,18th c.,1740-1749,"Bellin, Jacques-Nicolas (1703-1772). Cartographe | France. Dépôt des cartes et plans de la marine. Éditeur intellectuel / Éditrice intellectuelle",[s.n.],,"1 feuille ; 28 x 23,5 cm",1,Port | Ghár al Milh,Tunisie,[Plan de port Farine] | Appartient à l’ensemble documentaire : AnvilAf,fre,"Bibliothèque nationale de France, département Cartes et Plans, GE DD-2987 (8004)",domaine public | public domain,image fixe | image | still image,cartes,high,tunis,country,tunisia | tunisie,https://gallica.bnf.fr/ark:/12148/btv1b8595377x,https://gallica.bnf.fr/iiif/ark:/12148/btv1b8595377x/manifest.json,Gallica,https://gallica.bnf.fr/ark:/12148/btv1b8595377x.thumbnail,Notice de recueil : http://catalogue.bnf.fr/ark:/12148/cb40577015h,,IFN-8595377
btv1b85953738,Plan des forts et canal de La Goulette / [Bellin] ; Croisey sc.,1740,1740,1749,18th c.,1740-1749,"Bellin, Jacques-Nicolas (1703-1772). Cartographe | Croisey, Jean-Baptiste (17..-18..? ; graveur). Graveur (Manifestation) | Croisey, Jean-Baptiste (17..-18..? ; graveur). Créateur de l'estampe / Créatrice de l'estampe | France. Dépôt des cartes et plans de la marine. Éditeur intellectuel / Éditrice intellectuelle",[s.n.],,"1 feuille ; 27,5 x 23 cm",1,La Goulette,Tunisie,[Plan des forts et canal de La Goulette] | Appartient à l’ensemble documentaire : AnvilAf,fre,"Bibliothèque nationale de France, département Cartes et Plans, GE DD-2987 (8000)",domaine public | public domain,image fixe | image | still image,cartes,high,tunis,city | country,la goulette | tunisia | tunisie,https://gallica.bnf.fr/ark:/12148/btv1b85953738,https://gallica.bnf.fr/iiif/ark:/12148/btv1b85953738/manifest.json,Gallica,https://gallica.bnf.fr/ark:/12148/btv1b85953738.thumbnail,Notice de recueil : http://catalogue.bnf.fr/ark:/12148/cb40577015h,,IFN-8595373
btv1b53237551h,Veüe de l'isle de Tabarque,1740,1740,1740,18th c.,1740,,,,"1 feuille : ms, col. ; 37 x 24 cm",2,"Fortifications | Méditerranée, Mer | Tunis, Régence de | Tabarka, Île de",Mer Méditerranée | Tunisie,Échelle(s) : [Echelle non mentionnée],fre,"Bibliothèque nationale de France, département Cartes et plans, GE SH 18 PF 105 DIV 1 P 3 D",domaine public | public domain,manuscript cartographic resource | document cartographique manuscrit | view | vue | image fixe | image | still image,cartes,high,tunis,city | country,monastir | tabarka | tunis | tunisia | tunisie,https://gallica.bnf.fr/ark:/12148/btv1b53237551h,https://gallica.bnf.fr/iiif/ark:/12148/btv1b53237551h/manifest.json,Gallica,https://gallica.bnf.fr/ark:/12148/btv1b53237551h.thumbnail,Notice de recueil : http://catalogue.bnf.fr/ark:/12148/cb46927399p,,IFN-53237551
btv1b53237561x,Plan de la côte et des seches de Barbarie,1741,1741,1741,18th c.,1741,,,,"1 feuille : ms ; 33 x 46 cm (feuille), 36 x 49 cm (support)",2,"Sondages sous-marins | Tunis, Régence de -- Côtes | Méditerranée, Mer | Gabès, Golfe de | Afrique, Cap | Kerkennah, Îles | Sousse | Djerba, Île de | Lampedusa, Île de",Mer Méditerranée | Tunisie,"Ancien possesseur : Chabert, Joseph-Bernard de (1724-1805). Ancien possesseur | Échelle(s) : [Echelle de] 20 lieues [= 11,6 cm] | Ancien possesseur : Chabert, Joseph-Bernard de (1724-1805)",fre,"Bibliothèque nationale de France, département Cartes et plans, GE SH 18 PF 105 DIV 2 P 12/3 D",domaine public | public domain,manuscript cartographic resource | document cartographique manuscrit | map | carte | image fixe | image | still image,cartes,high,tunis,city | country | island,djerba | gabes | kerkennah | sousse | tunis | tunisia | tunisie,https://gallica.bnf.fr/ark:/12148/btv1b53237561x,https://gallica.bnf.fr/iiif/ark:/12148/btv1b53237561x/manifest.json,Gallica,https://gallica.bnf.fr/ark:/12148/btv1b53237561x.thumbnail,Notice de recueil : http://catalogue.bnf.fr/ark:/12148/cb46927864d,,IFN-53237561
btv1b53237560g,Plan de la côte et séche de Barbarie,1741,1741,1741,18th c.,1741,,,,"1 feuille : ms ; 39 x 50 cm (feuille), 43 x 54 cm (support)",2,"Sondages sous-marins | Tunis, Régence de -- Côtes | Méditerranée, Mer | Gabès, Golfe de | Afrique, Cap | Kerkennah, Îles | Sousse | Djerba, Île de | Lampedusa, Île de",Mer Méditerranée | Tunisie,"Échelle(s) : Echelle de 20 lieues [= 11,6 cm]",fre,"Bibliothèque nationale de France, département Cartes et plans, GE SH 18 PF 105 DIV 2 P 12/2 D",domaine public | public domain,manuscript cartographic resource | document cartographique manuscrit | map | carte | image fixe | image | still image,cartes,high,tunis,city | country | island,djerba | gabes | kerkennah | sousse | tunis | tunisia | tunisie,https://gallica.bnf.fr/ark:/12148/btv1b53237560g,https://gallica.bnf.fr/iiif/ark:/12148/btv1b53237560g/manifest.json,Gallica,https://gallica.bnf.fr/ark:/12148/btv1b53237560g.thumbnail,Notice de recueil : http://catalogue.bnf.fr/ark:/12148/cb46927864d,,IFN-53237560
btv1b532375593,"Plan de la côte et séches de Barbarie, depuis Zerby jusques à Suza : corrigées par les latitudes observées comme aussi les gissements des côtes et les querquenis et les sondes aux environs, vérifiées avec la frégate du Roy l'Attalante en 1741 / vérifié par Gilly pilote...",1741,1741,1741,18th c.,1741,,,,1 feuille : ms ; 36 x 52 cm,2,"Sondages sous-marins | Tunis, Régence de -- Côtes | Méditerranée, Mer | Gabès, Golfe de | Afrique, Cap | Kerkennah, Îles | Sousse | Djerba, Île de | Lampedusa, Île de",Mer Méditerranée | Tunisie,"Ancien possesseur : Chabert, Joseph-Bernard de (1724-1805). Ancien possesseur | Échelle(s) : Echelle de vingt lieues [= 11,7 cm] | Ancien possesseur : Chabert, Joseph-Bernard de (1724-1805)",fre,"Bibliothèque nationale de France, département Cartes et plans, GE SH 18 PF 105 DIV 2 P 12/1 D",domaine public | public domain,manuscript cartographic resource | document cartographique manuscrit | map | carte | image fixe | image | still image,cartes,high,tunis,city | country | island,djerba | gabes | kerkennah | sousse | tunis | tunisia | tunisie,https://gallica.bnf.fr/ark:/12148/btv1b532375593,https://gallica.bnf.fr/iiif/ark:/12148/btv1b532375593/manifest.json,Gallica,https://gallica.bnf.fr/ark:/12148/btv1b532375593.thumbnail,Notice de recueil : http://catalogue.bnf.fr/ark:/12148/cb46927864d,,IFN-53237559
btv1b53237536x,"Plan de la cotte et séches de Barbarie, depuis Zérby jusques à Suza : corrigée par les lattitude obsérvée comme aussi les gissement des cottes et Lesquerqueni et les sondes aux environs vériffié avec la frégatte du Roy Latalante en 1741 / vériffié par Gilly pilotte Ent.",1741,1741,1741,18th c.,1741,,,,"1 feuille : ms, col. ; 51 x 39 cm",2,"Sondages sous-marins | Tunis, Régence de -- Côtes | Méditerranée, Mer | Gabès, Golfe de | Afrique, Cap | Kerkennah, Îles | Sousse | Djerba, Île de | Lampedusa, Île de",Mer Méditerranée | Tunisie,"Échelle(s) : Echelle de 20 lieues [= 11,7 cm]",fre,"Bibliothèque nationale de France, département Cartes et plans, GE SH 18 PF 105 DIV 2 P 12 D",domaine public | public domain,manuscript cartographic resource | document cartographique manuscrit | map | carte | image fixe | image | still image,cartes,high,tunis,city | country | island,djerba | gabes | kerkennah | sousse | tunis | tunisia | tunisie,https://gallica.bnf.fr/ark:/12148/btv1b53237536x,https://gallica.bnf.fr/iiif/ark:/12148/btv1b53237536x/manifest.json,Gallica,https://gallica.bnf.fr/ark:/12148/btv1b53237536x.thumbnail,Notice de recueil : http://catalogue.bnf.fr/ark:/12148/cb46927864d,,IFN-53237536
btv1b53009003n,[Tunisie et partie de l'Algérie entre Tripoli et le Rif] / [par Jean-Baptiste d'Anville],1742,1742,1742,18th c.,1742,"Anville, Jean-Baptiste d' (1697-1782). Cartographe",,,1 carte : ms à la mine et à l'encre ; 95 x 40 cm,1,"Tunis, Régence de | Numidie (province romaine) -- Voies romaines",Afrique septentrionale,,fre,"Bibliothèque nationale de France, département Cartes et plans, GE D-10624",domaine public | public domain,manuscript cartographic resource | document cartographique manuscrit | map | carte | image fixe | image | still image,cartes,high,tunis,city | country,tunis | tunisia | tunisie,https://gallica.bnf.fr/ark:/12148/btv1b53009003n,https://gallica.bnf.fr/iiif/ark:/12148/btv1b53009003n/manifest.json,Gallica,https://gallica.bnf.fr/ark:/12148/btv1b53009003n.thumbnail,Notice de recueil : http://catalogue.bnf.fr/ark:/12148/cb41350452h,,IFN-53009003
btv1b8592051q,Atlas coelestis. Phaenomena circa quantitatem dierum artificialium et solarium perpetuomutabilem ex hypothesi copernicana deducta / a Ioh. Gab. Doppelmaiero,1742,1742,1742,18th c.,1742,"Doppelmayr, Johann Gabriel (1677-1750). Fonction indéterminée",sumptibus Heredum Homannianorum (Norimbergae),,1 feuille ; 48 x 57 cm,1,Système solaire | Ciel,Ciel,[Atlas coelestis. Phaenomena circa quantitatem dierum artificialium et solarium perpetuomutabilem ex hypothesi copernicana deducta] | Appartient à l’ensemble documentaire : AnvilFr | Appartient à l’ensemble documentaire : MAEDI008 | Appartient à l’ensemble documentaire : MAEDIGen0,lat,"Bibliothèque nationale de France, département Cartes et Plans, GE DD-2987 (13)",domaine public | public domain,image fixe | image | still image,cartes,medium,,city,gabes,https://gallica.bnf.fr/ark:/12148/btv1b8592051q,https://gallica.bnf.fr/iiif/ark:/12148/btv1b8592051q/manifest.json,Gallica,https://gallica.bnf.fr/ark:/12148/btv1b8592051q.thumbnail,Notice de recueil : http://catalogue.bnf.fr/ark:/12148/cb40577015h,,IFN-8592051
btv1b53237562c,"Carte de la côte de Barbarie, depuis le Cap Bon jusqu'à Tripoly : corrigée sur les observations faites par la frégatte du Roy le Zephire en 1742",1742,1742,1742,18th c.,1742,,,,1 feuille : ms ; 29 x 45 cm,2,"Sondages sous-marins | Tunis, Régence de -- Côtes | Méditerranée, Mer | Gabès, Golfe de | Bon, Cap | Afrique, Cap | Kerkennah, Îles | Sousse | Djerba, Île de | Lampedusa, Île de | Tripoli | Tripoli, Pachalik autonome de -- Côtes",Mer Méditerranée | Tunisie | Libye,Échelle(s) : Echelle de 20 lieües [= 8 cm],fre,"Bibliothèque nationale de France, département Cartes et plans, GE SH 18 PF 105 DIV 2 P 13 D",domaine public | public domain,manuscript cartographic resource | document cartographique manuscrit | map | carte | image fixe | image | still image,cartes,high,tunis,city | country | island | region,cap bon | djerba | gabes | kerkennah | sousse | tunis | tunisia | tunisie,https://gallica.bnf.fr/ark:/12148/btv1b53237562c,https://gallica.bnf.fr/iiif/ark:/12148/btv1b53237562c/manifest.json,Gallica,https://gallica.bnf.fr/ark:/12148/btv1b53237562c.thumbnail,Notice de recueil : http://catalogue.bnf.fr/ark:/12148/cb46927864d,,IFN-53237562
btv1b53237546b,"Carte de la côte de Barbarie, depuis le Cap Bon jusqu'à Tripoly : corrigée sur les observations faites par la frégatte du Roy le Zephire en 1742",1742,1742,1742,18th c.,1742,,,,"1 feuille : ms ; 24 x 40 cm (feuille), 32 x 47 cm (support)",2,"Sondages sous-marins | Tunis, Régence de -- Côtes | Méditerranée, Mer | Gabès, Golfe de | Bon, Cap | Afrique, Cap | Kerkennah, Îles | Sousse | Djerba, Île de | Lampedusa, Île de | Tripoli | Tripoli, Pachalik autonome de -- Côtes",Mer Méditerranée | Tunisie | Libye,Échelle(s) : Echelle de 20 lieues [= 8 cm],fre,"Bibliothèque nationale de France, département Cartes et plans, GE SH 18 PF 105 DIV 2 P 13/1 D",domaine public | public domain,manuscript cartographic resource | document cartographique manuscrit | map | carte | image fixe | image | still image,cartes,high,tunis,city | country | island | region,cap bon | djerba | gabes | kerkennah | sousse | tunis | tunisia | tunisie,https://gallica.bnf.fr/ark:/12148/btv1b53237546b,https://gallica.bnf.fr/iiif/ark:/12148/btv1b53237546b/manifest.json,Gallica,https://gallica.bnf.fr/ark:/12148/btv1b53237546b.thumbnail,Notice de recueil : http://catalogue.bnf.fr/ark:/12148/cb46927864d,,IFN-53237546
btv1b53237587f,"Plan des forts et du canal de la Goulete / levé géométriquement par M. de Chabert, garde de la Marine",1742,1742,1742,18th c.,1742,"Chabert, Joseph-Bernard de (1724-1805). Cartographe",,,"1 feuille : ms, col. ; 39 x 54 cm (feuille), 54 x 69 (support)",1,"Fortifications | Tunis, Golfe de | La Goulette | Tunis, Régence de -- Côtes | Méditerranée, Mer",Mer Méditerranée | Tunisie,"Échelle(s) : Echelle de 70 toises [= 11,4 cm]",fre,"Bibliothèque nationale de France, département Cartes et plans, GE SH 18 PF 105 DIV 6 P 20 D",domaine public | public domain,manuscript cartographic resource | document cartographique manuscrit | plan | plan | image fixe | image | still image,cartes,high,tunis,city | country | region,bizerte | cap bon | la goulette | tunis | tunisia | tunisie,https://gallica.bnf.fr/ark:/12148/btv1b53237587f,https://gallica.bnf.fr/iiif/ark:/12148/btv1b53237587f/manifest.json,Gallica,https://gallica.bnf.fr/ark:/12148/btv1b53237587f.thumbnail,Notice de recueil : http://catalogue.bnf.fr/ark:/12148/cb46929001s,,IFN-53237587
btv1b532375430,"Plan du golfe de Tunis depuis le Cap Bon jusques au cap Zebibe / levé géométriquement en 1742 par M. de Chabert, garde de la Marine",1742,1742,1742,18th c.,1742,"Chabert, Joseph-Bernard de (1724-1805). Cartographe",,,"1 feuille : ms, col. ; 40 x 56 cm (feuille)",2,"Sondages sous-marins | Zebib, Cap | Tunis, Régence de -- Côtes | Bon, Cap | Tunis | Tunis, Golfe de | Méditerranée, Mer",Mer Méditerranée | Tunisie,Échelle(s) : Echelle de 5 lieües à 2853 toises par lieüe [= 12 cm],fre,"Bibliothèque nationale de France, département Cartes et plans, GE SH 18 PF 105 DIV 6 P 19/3 D",domaine public | public domain,manuscript cartographic resource | document cartographique manuscrit | map | carte | image fixe | image | still image,cartes,high,tunis,city | country | region,bizerte | cap bon | tunis | tunisia | tunisie,https://gallica.bnf.fr/ark:/12148/btv1b532375430,https://gallica.bnf.fr/iiif/ark:/12148/btv1b532375430/manifest.json,Gallica,https://gallica.bnf.fr/ark:/12148/btv1b532375430.thumbnail,Notice de recueil : http://catalogue.bnf.fr/ark:/12148/cb46929001s,,IFN-53237543
btv1b532376240,"Plan du golphe de Tunis depuis le Cap Bon jusqu'au cap Zebibe / levé géométriquement en 1742 par M. de Chabert, garde de la marine",1742,1742,1742,18th c.,1742,"Chabert, Joseph-Bernard de (1724-1805). Cartographe",,,"1 feuille : ms, col. ; 39 x 54 cm",1,"Sondages sous-marins | Forts | Zebib, Cap | Bon, Cap | Tunis, Régence de -- Côtes | Tunis | Tunis, Golfe de | Méditerranée, Mer",Mer Méditerranée | Tunisie,Échelle(s) : Echelle de 5 lieües à 2853 toises par lieüe [= 12 cm],fre,"Bibliothèque nationale de France, département Cartes et plans, GE SH 18 PF 105 DIV 6 P 19/2 D",domaine public | public domain,manuscript cartographic resource | document cartographique manuscrit | map | carte | image fixe | image | still image,cartes,high,tunis,city | country | region,bizerte | cap bon | tunis | tunisia | tunisie,https://gallica.bnf.fr/ark:/12148/btv1b532376240,https://gallica.bnf.fr/iiif/ark:/12148/btv1b532376240/manifest.json,Gallica,https://gallica.bnf.fr/ark:/12148/btv1b532376240.thumbnail,Notice de recueil : http://catalogue.bnf.fr/ark:/12148/cb46929001s,,IFN-53237624
btv1b532375860,"Plan du golphe de Tunis depuis le Cap Bon jusques au cap Zebibe / levé géométriquement en 1742 par M. de Chabert, garde de la Marine",1742,1742,1742,18th c.,1742,"Chabert, Joseph-Bernard de (1724-1805). Cartographe",,,"1 feuille : ms, col. ; 51 x 68 cm",1,"Sondages sous-marins | Forts | Zebib, Cap | Tunis, Régence de -- Côtes | Bon, Cap | Tunis, Golfe de | Méditerranée, Mer",Mer Méditerranée | Tunisie,Échelle(s) : Echelle de 5 lieues à 2853 toises par lieue [= 12 cm],fre,"Bibliothèque nationale de France, département Cartes et plans, GE SH 18 PF 105 DIV 6 P 19/1 D",domaine public | public domain,manuscript cartographic resource | document cartographique manuscrit | map | carte | image fixe | image | still image,cartes,high,tunis,city | country | region,bizerte | cap bon | tunis | tunisia | tunisie,https://gallica.bnf.fr/ark:/12148/btv1b532375860,https://gallica.bnf.fr/iiif/ark:/12148/btv1b532375860/manifest.json,Gallica,https://gallica.bnf.fr/ark:/12148/btv1b532375860.thumbnail,Notice de recueil : http://catalogue.bnf.fr/ark:/12148/cb46929001s,,IFN-53237586
btv1b53242304m,"Plan du golphe de Tunis depuis le cap Bon jusques au cap Zebibe / levé géométriquement par M. de Chabert, garde de la Marine",1742,1742,1742,18th c.,1742,"Chabert, Joseph-Bernard de (1724-1805). Cartographe",,,"1 feuille : ms, col ; 54 x 78 cm",2,"Baies -- Afrique | Sondages sous-marins | Méditerranée, Mer | Bon, Cap | Zebib, Cap | Tunis, Régence de -- Côtes | Tunis | Méditerranée, Mer",Mer Méditerranée | Tunisie,Échelle(s) : Echelle de 5 lieües à 2853 toises par lieüe [= 12 cm],fre,"Bibliothèque nationale de France, département Cartes et plans, GE SH 18 PF 105 DIV 6 P 19",domaine public | public domain,manuscript cartographic resource | document cartographique manuscrit | map | carte | image fixe | image | still image,cartes,high,tunis,city | country | region,bizerte | cap bon | tunis | tunisia | tunisie,https://gallica.bnf.fr/ark:/12148/btv1b53242304m,https://gallica.bnf.fr/iiif/ark:/12148/btv1b53242304m/manifest.json,Gallica,https://gallica.bnf.fr/ark:/12148/btv1b53242304m.thumbnail,Notice de recueil : http://catalogue.bnf.fr/ark:/12148/cb46929001s,,IFN-53242304
btv1b532422727,Prospetiva dell' Isola di Tabarca,1742,1742,1742,18th c.,1742,,,,"1 feuille : ms, col. ; 54 x 91 cm",1,"Navires à voiles | Fortifications | Méditerranée, Mer | Tunis, Régence de | Tabarka, Île de",Mer Méditerranée | Tunisie,"Ancien possesseur : Chabert, Joseph-Bernard de (1724-1805). Ancien possesseur | Échelle(s) : [Echelle non mentionnée] | Ancien possesseur : Chabert, Joseph-Bernard de (1724-1805)",ita,"Bibliothèque nationale de France, département Cartes et plans, GE SH 18 PF 105 DIV 1 P 2",domaine public | public domain,manuscript cartographic resource | document cartographique manuscrit | view | vue | image fixe | image | still image,cartes,high,tunis,city | country,monastir | tabarka | tunis | tunisia | tunisie,https://gallica.bnf.fr/ark:/12148/btv1b532422727,https://gallica.bnf.fr/iiif/ark:/12148/btv1b532422727/manifest.json,Gallica,https://gallica.bnf.fr/ark:/12148/btv1b532422727.thumbnail,Notice de recueil : http://catalogue.bnf.fr/ark:/12148/cb46927399p,,IFN-53242272
btv1b53237549p,Vüe de l'isle de Tabarque en Barbarie : dessinée du vaisseau l'Aquilon commandé par M. de Massiac...,1742,1742,1742,18th c.,1742,,,,"1 feuille : ms, col. ; 41 x 55 cm",2,"Méditerranée, Mer | Tunis, Régence de | Tabarka, Île de",Mer Méditerranée | Tunisie,"Ancien possesseur : Chabert, Joseph-Bernard de (1724-1805). Ancien possesseur | Échelle(s) : [Echelle non mentionnée] | Ancien possesseur : Chabert, Joseph-Bernard de (1724-1805)",fre,"Bibliothèque nationale de France, département Cartes et plans, GE SH 18 PF 105 DIV 1 P 4 D",domaine public | public domain,manuscript cartographic resource | document cartographique manuscrit | view | vue | image fixe | image | still image,cartes,high,tunis,city | country,monastir | tabarka | tunis | tunisia | tunisie,https://gallica.bnf.fr/ark:/12148/btv1b53237549p,https://gallica.bnf.fr/iiif/ark:/12148/btv1b53237549p/manifest.json,Gallica,https://gallica.bnf.fr/ark:/12148/btv1b53237549p.thumbnail,Notice de recueil : http://catalogue.bnf.fr/ark:/12148/cb46927399p,,IFN-53237549
btv1b53237589b,[Plan des forts et du canal de la Goulete],1743,1743,1743,18th c.,1743,,,,"1 feuille : ms, col. ; 37 x 51 cm",1,"Fortifications | Tunis, Golfe de | La Goulette | Tunis, Régence de -- Côtes | Méditerranée, Mer",Mer Méditerranée | Tunisie,"Échelle(s) : Echelle de 70 toises [= 11,4 cm]",fre,"Bibliothèque nationale de France, département Cartes et plans, GE SH 18 PF 105 DIV 6 P 20/2 D",domaine public | public domain,manuscript cartographic resource | document cartographique manuscrit | plan | plan | image fixe | image | still image,cartes,high,tunis,city | country | region,bizerte | cap bon | la goulette | tunis | tunisia | tunisie,https://gallica.bnf.fr/ark:/12148/btv1b53237589b,https://gallica.bnf.fr/iiif/ark:/12148/btv1b53237589b/manifest.json,Gallica,https://gallica.bnf.fr/ark:/12148/btv1b53237589b.thumbnail,Notice de recueil : http://catalogue.bnf.fr/ark:/12148/cb46929001s,,IFN-53237589
btv1b85953590,Carte du royaume de Tunis,1743,1743,1743,18th c.,1743,"Shaw, Thomas (1694-1751). Auteur du texte / Autrice du texte",[s.n.],,"1 feuille ; 50,5 x 39,5 cm",1,Tunis,Tunisie,[Carte du royaume de Tunis] | Appartient à l’ensemble documentaire : AnvilAf | Appartient à l’ensemble documentaire : MAEDI008 | Appartient à l’ensemble documentaire : MAEDIGen0,fre,"Bibliothèque nationale de France, département Cartes et Plans, GE DD-2987 (7988)",domaine public | public domain,image fixe | image | still image,cartes,high,tunis,city | country | polity,royaume de tunis | tunis | tunisia | tunisie,https://gallica.bnf.fr/ark:/12148/btv1b85953590,https://gallica.bnf.fr/iiif/ark:/12148/btv1b85953590/manifest.json,Gallica,https://gallica.bnf.fr/ark:/12148/btv1b85953590.thumbnail,Notice de recueil : http://catalogue.bnf.fr/ark:/12148/cb40577015h,,IFN-8595359
btv1b53237588w,"Plan des forts et du canal de la Goulete / levé géométriquement en 1743 par M. de Chabert, garde de la marine",1743,1743,1743,18th c.,1743,"Chabert, Joseph-Bernard de (1724-1805). Cartographe",,,"1 feuille : ms, col. ; 39 x 54 cm (feuille), 54 x 69 (support)",1,"Fortifications | Tunis, Golfe de | La Goulette | Méditerranée, Mer | Tunis, Régence de -- Côtes",Mer Méditerranée | Tunisie,"Échelle(s) : Echelle de 70 toises [= 11,5 cm]",fre,"Bibliothèque nationale de France, département Cartes et plans, GE SH 18 PF 105 DIV 6 P 20/1 D",domaine public | public domain,manuscript cartographic resource | document cartographique manuscrit | plan | plan | image fixe | image | still image,cartes,high,tunis,city | country | region,bizerte | cap bon | la goulette | tunis | tunisia | tunisie,https://gallica.bnf.fr/ark:/12148/btv1b53237588w,https://gallica.bnf.fr/iiif/ark:/12148/btv1b53237588w/manifest.json,Gallica,https://gallica.bnf.fr/ark:/12148/btv1b53237588w.thumbnail,Notice de recueil : http://catalogue.bnf.fr/ark:/12148/cb46929001s,,IFN-53237588
btv1b53235467j,Carte de la cote d'Afrique depuis Tripoly jusqu'a Derne / levée par le capitaine Martin Reboul de la Ciotat,1745,1745,1745,18th c.,1745,,,,"1 feuille : ms ; 42 x 56 cm (feuille), 44 x 59 cm (support)",1,"Tripoli, Pachalik autonome de -- Côtes | Al Hilāl, Ras (cap) | Darnah | Mişrātah | Benghazi | Tunis, Province de -- Côtes | Syrte, Golfe de | Kerkennah, Îles | Sfax | Lampedusa, Île de | Djerba, Île de",Mer Méditerranée – Bassin Est | Libye | Tunisie,"Échelle(s) : Echelle de 60 lieües a 20 par degré [= 13,9 cm]",fre,"Bibliothèque nationale de France, département Cartes et plans, GE SH 18 PF 104 DIV 2 P 12/1 D",domaine public | public domain,manuscript cartographic resource | document cartographique manuscrit | map | carte | image fixe | image | still image,cartes,high,tunis,city | country | island,djerba | kerkennah | sfax | tunis | tunisia | tunisie,https://gallica.bnf.fr/ark:/12148/btv1b53235467j,https://gallica.bnf.fr/iiif/ark:/12148/btv1b53235467j/manifest.json,Gallica,https://gallica.bnf.fr/ark:/12148/btv1b53235467j.thumbnail,Notice de recueil : http://catalogue.bnf.fr/ark:/12148/cb46902217m,,IFN-53235467
btv1b532354663,Carte de la côte du royaume de Tripoly de Barbarie / levée par le capitaine Martin Reboul,1745,1745,1745,18th c.,1745,,,,"1 feuille : ms ; 44 x 57 cm (feuille), 54 x 69 cm (support)",2,"Tripoli, Pachalik autonome de -- Côtes | Al Hilāl, Ras (cap) | Darnah | Mişrātah | Benghazi | Tunis, Province de -- Côtes | Syrte, Golfe de | Kerkennah, Îles | Sfax | Lampedusa, Île de | Djerba, Île de",Mer Méditerranée – Bassin Est | Libye | Tunisie,"Échelle(s) : Echelle de 60 lieües a 20 par degrez [= 13,9 cm]",fre,"Bibliothèque nationale de France, département Cartes et plans, GE SH 18 PF 104 DIV 2 P 12 D",domaine public | public domain,manuscript cartographic resource | document cartographique manuscrit | map | carte | image fixe | image | still image,cartes,high,tunis,city | country | island,djerba | kerkennah | sfax | tunis | tunisia | tunisie,https://gallica.bnf.fr/ark:/12148/btv1b532354663,https://gallica.bnf.fr/iiif/ark:/12148/btv1b532354663/manifest.json,Gallica,https://gallica.bnf.fr/ark:/12148/btv1b532354663.thumbnail,Notice de recueil : http://catalogue.bnf.fr/ark:/12148/cb46902217m,,IFN-53235466
btv1b53237590q,Plan de la Baye de Tunis... / par votre serviteur J.B. Cabut,1750,1750,1750,18th c.,1750,"Cabut, J.-B.. Cartographe",,,"1 feuille : ms, col. ; 63 x 46 cm",2,"Sondages sous-marins | Cartouches (ornements) | Fortifications | Navires à voiles | Tunis, Golfe de | La Goulette | Tunis, Régence de -- Côtes | Méditerranée, Mer",Mer Méditerranée | Tunisie,"Échelle(s) : Echelle de deux lieu [= 11,8 cm]",fre,"Bibliothèque nationale de France, département Cartes et plans, GE SH 18 PF 105 DIV 6 P 22 D",domaine public | public domain,manuscript cartographic resource | document cartographique manuscrit | map | carte | image fixe | image | still image,cartes,high,tunis,city | country | region,bizerte | cap bon | la goulette | tunis | tunisia | tunisie,https://gallica.bnf.fr/ark:/12148/btv1b53237590q,https://gallica.bnf.fr/iiif/ark:/12148/btv1b53237590q/manifest.json,Gallica,https://gallica.bnf.fr/ark:/12148/btv1b53237590q.thumbnail,Notice de recueil : http://catalogue.bnf.fr/ark:/12148/cb46929001s,,IFN-53237590
btv1b532376134,Carte réduite d'une partie de la coste de Barbarie depuis le cap de Hone jusqu'au cap Matifou / dressée sur les manuscripts du dépost par Lemoyne,1751,1751,1751,18th c.,1751,"Le Moyne, François-Pierre (1713-1795). Cartographe",,,"1 feuille : ms, tracés en col. ; 49 x 69 cm",2,"Ivi, Cap | Oran | Ténès | Mostaganem | Arzew | Alger | Alger, Régence d' -- Côtes | Noé, Cap | Figalo, Cap | Matifou, Cap | Méditerranée, Mer",Mer Méditerranée | Algérie,"Échelle(s) : Echelle de 20 lieuës marinnes de vingt au degré [= 14,7 cm]",fre,"Bibliothèque nationale de France, département Cartes et plans, GE SH 18 PF 106 DIV 2 P 5 D",domaine public | public domain,manuscript cartographic resource | document cartographique manuscrit | map | carte | image fixe | image | still image,cartes,medium,barbarie,city,bizerte,https://gallica.bnf.fr/ark:/12148/btv1b532376134,https://gallica.bnf.fr/iiif/ark:/12148/btv1b532376134/manifest.json,Gallica,https://gallica.bnf.fr/ark:/12148/btv1b532376134.thumbnail,Notice de recueil : http://catalogue.bnf.fr/ark:/12148/cb46930930w,,IFN-53237613
btv1b532354680,"Carte réduite des costes de Tunis et de Tripoli pour servir aux vaisseaux du Roi, dressée... par ordre de M. Rouillé... comte de Jouy, ... / chez le Sr. Bellin, ing[énieu]r de la Marine",1752,1752,1752,18th c.,1752,"Bellin, Jacques-Nicolas (1703-1772). Cartographe | Rouillé, Antoine-Louis (1689-1761). Commanditaire du contenu | France. Dépôt des cartes et plans de la marine. Éditeur scientifique",,,"1 feuille : ms, col. ; 41 x 60 cm (bordure), 43 x 63 cm (feuille)",1,"Sondages sous-marins | Tripoli, Pachalik autonome de -- Côtes | Méditerranée, Mer | Al Hilāl, Ras (cap) | Mişrātah | Benghazi | Tunis, Province de -- Côtes | Syrte, Golfe de | Kerkennah, Îles | Sfax | Lampedusa, Île de | Djerba, Île de | Sicile, Royaume de -- Côtes | Malte (île)",Mer Méditerranée – Bassin Est | Libye | Tunisie | Italie – Sicile | Malte,Échelle(s) : Echelle de 100 lieues marines de France et d'Angleterre de 20 au degré [= 25 cm],fre,"Bibliothèque nationale de France, département Cartes et plans, GE SH 18 PF 104 DIV 2 P 13 D",domaine public | public domain,manuscript cartographic resource | document cartographique manuscrit | map | carte | image fixe | image | still image,cartes,high,tunis,city | country | island,djerba | kerkennah | sfax | tunis | tunisia | tunisie,https://gallica.bnf.fr/ark:/12148/btv1b532354680,https://gallica.bnf.fr/iiif/ark:/12148/btv1b532354680/manifest.json,Gallica,https://gallica.bnf.fr/ark:/12148/btv1b532354680.thumbnail,Notice de recueil : http://catalogue.bnf.fr/ark:/12148/cb46902217m,,IFN-53235468
btv1b84693899,"Carte de l'Afrique propre, aujourd'hui le royaume de Tunis, pour servir... à l'analyse de la campagne de Jules César...",1758,1758,1758,18th c.,1758,,P. de Hendt (La Haye),,1 flle ; 43 x 32 cm,1,Afrique -- Histoire,,,fre,"Bibliothèque nationale de France, département Cartes et plans, GE D-11534",domaine public | public domain,map | carte | image fixe | image | still image,cartes,high,tunis,city | polity,royaume de tunis | tunis,https://gallica.bnf.fr/ark:/12148/btv1b84693899,https://gallica.bnf.fr/iiif/ark:/12148/btv1b84693899/manifest.json,Gallica,https://gallica.bnf.fr/ark:/12148/btv1b84693899.thumbnail,http://catalogue.bnf.fr/ark:/12148/cb406744617,,IFN-8469389
btv1b10678733g,Carte generale d'Allemagne divisée en ses cercles et subdivisée en ses principaux Etats / Dressée par Ordre de S. M. I. ; par J. G. Eisenschmidt Mathématicien et D[octeur] en Medecine a Strasbourg ; revue et augmentée par J. B. Homann geogr[aphe] de S. M. I.,1758,1758,1758,18th c.,1758,"Eisenschmidt, Johann Caspar (1656-1712). Cartographe | Homann, Johann Baptist (1663-1724). Cartographe",R. J. Julien (Paris),,"1 carte : avec limites en couleur ; 34,5 x 47 cm",1,Allemagne,,"Ancien possesseur : Eyriès, Alexandre (1778-1862). Ancien possesseur | Ancien possesseur : Eyriès, Jean-Baptiste-Benoît (1767-1846). Ancien possesseur | Ancien possesseur : Chardey, Rémi (1813-1900). Ancien possesseur | Appartient à l’ensemble documentaire : BmLHav000",fre,"Bibliothèque municipale du Havre, CP CH 280",domaine public | public domain,image fixe | image | still image,cartes,medium,,city,medenine,https://gallica.bnf.fr/ark:/12148/btv1b10678733g,https://gallica.bnf.fr/iiif/ark:/12148/btv1b10678733g/manifest.json,Gallica,https://gallica.bnf.fr/ark:/12148/btv1b10678733g.thumbnail,Notice de recueil : http://catalogue.bnf.fr/ark:/12148/cb45786166p,,
oai:bibliotheques-specialisees.paris.fr:ark:/73873/pf0000852506,Plans parcellaires avec du quartier de la place Royale et du quartier de l'Odéon à la fin du 18e siècle],1760,1760,1760,18th c.,1760,"Verniquet, Edme (1727-1804)","[Paris], [vers 1760-1778]",,2 plans manuscrits : encre brune sur calque ; 1920 x 510 mm et 3050 x 1550 mm,,Grand Couvent des Cordeliers de Paris -- Dessins et plans | Minimes de la place Royale (Paris) -- Dessins et plans | Cadastres -- Paris (France) -- Quartier de l'Odéon -- XVIIIe siècle | Cadastres -- Paris (France) -- Quartier du Marais -- XVIIIe siècle | Paris (France) -- Arrondissement (03e) -- XVIIIe siècle -- Dessins et plans | Paris (France) -- Arrondissement (06e) -- XVIIIe siècle -- Dessins et plans | Plans,,"Plans proches du plan de Verniquet, mais en différant pour certaines parts (plan de l'église des Minimes par exemple). La première feuille représente la partie comprise entre la Place Royale (place des Vosges) et la porte du Temple, ce boulevard et la rue Saint-Louis ; les maisons à façade incurvée des 1 et 2 rue du Pont-aux-choux construites en 1775 y figurent déjà, la porte Saint-Antoine détruite en 1778 y figure encore. La deuxième feuille représente la partie comprise entre le Palais de Luxembourg et les Cordeliers au Sud-Est et le coin de l'enceinte de Saint-Germain-des-Prés au Sud-Ouest, et le Pont-Neuf au Nord ; le nouveau quartier de l'Odéon n'est pas construit (1779-1789), ni la Monnaie (1771-1773) ni l'Ecole de médecine (1769). Plans entièrement muets, mais cotés, avec parcellaire détaillé : le bâti de toutes les parcelles et le dessin des jardins sont représentés. Traces à l'encre rouge des angles de voies | Plans probablement ordonnés par l'un des 4 commissaires généraux de la voirie : en 1768 Le Brun, Moquot, De Mars ; en 1774, Moreau, Gobert ou Gibert ou Verniquet tout juste nommé qui semble le plus probable",fre,"Ville de Paris / BHVP,",domaine public | public domain,image | document cartographique | cartographic resource | carte | map,cartes,medium,,city,medenine,https://bibliotheques-specialisees.paris.fr/ark:/73873/pf0000852506,,Bibliothèques spécialisées de la Ville de Paris,https://bibliotheques-specialisees.paris.fr/in/rest/Thumb/image?id=p::usmarcdef_0000852506&amp;mat=Map,,,
btv1b531431669,"Novissima et accuratissima regnorum et insularum Siciliae, et Sardiniae, hydro-geographica exhibitio : ubi secundum principia perfectionis stereographicae, et secundum statum hodiernum Sicilia, Sardinia, Corsica, Malta et aliis majoribus minoribusque Insulis in hoc tractu maritimo sitis cu[m] adjectis Italicis, Barbaricisque Litoribus ostenduntur [...] / Io. Ant. Rizzi Zannoni",1762,1762,1762,18th c.,1762,"Rizzi-Zannoni, Giovanni-Antonio (1736-1814). Cartographe",Eredi Homann (Norimbergo),,"1 feuille : col. ; 50 x 60,5 cm",1,"Navires à voiles | Militaires romains | Anges | Sicile, Royaume de | Corse | Sardaigne | Italie -- Ouest -- Côtes | Tunis, Régence de -- Nord -- Côtes | Malte",Italie – Sardaigne | Italie – Sicile | France – Corse | Italie | Tunisie | Malte,"Échelle(s) : Scala di quaranta miglia d'Italia à LX perogni grado [= 4,3 cm]",lat | ita,"Bibliothèque nationale de France, département Cartes et plans, GE SH 18 PF 224 DIV 1 P 20 D",domaine public | public domain,map | carte | image fixe | image | still image,cartes,high,tunis,city | country,tunis | tunisia | tunisie,https://gallica.bnf.fr/ark:/12148/btv1b531431669,https://gallica.bnf.fr/iiif/ark:/12148/btv1b531431669/manifest.json,Gallica,https://gallica.bnf.fr/ark:/12148/btv1b531431669.thumbnail,Notice de recueil : http://catalogue.bnf.fr/ark:/12148/cb44424874v,,IFN-53143166
btv1b532375665,"[Côtes de Barbarie, depuis Bizerte jusqu'à la pointe de Tarcu]",1764,1764,1764,18th c.,1764,,,,"1 feuille : ms ; 15,5 x 32 cm (feuille), 27,5 x 42 cm (support)",1,"Méditerranée, Mer | Tunis, Régence de -- Côtes | Cap Negro | Annaba | Alger, Régence d' -- Côtes | Takouch, Ras (cap) | Bizerte",Mer Méditerranée | Tunisie | Algérie,Échelle(s) : [Echelle non mentionnée],fre,"Bibliothèque nationale de France, département Cartes et plans, GE SH 18 PF 105 DIV 2 P 18 D",domaine public | public domain,manuscript cartographic resource | document cartographique manuscrit | map | carte | image fixe | image | still image,cartes,high,tunis,city | country,bizerte | tunis | tunisia | tunisie,https://gallica.bnf.fr/ark:/12148/btv1b532375665,https://gallica.bnf.fr/iiif/ark:/12148/btv1b532375665/manifest.json,Gallica,https://gallica.bnf.fr/ark:/12148/btv1b532375665.thumbnail,Notice de recueil : http://catalogue.bnf.fr/ark:/12148/cb46927864d,,IFN-53237566
btv1b532375682,"[Côtes de Barbarie, depuis Bizerte jusqu'à la pointe de Tarcu]",1764,1764,1764,18th c.,1764,,,,"1 feuille : ms ; 16 x 33 cm (feuille), 30 x 41 cm (support)",1,"Méditerranée, Mer | Tunis, Régence de -- Côtes | Cap Negro | Annaba | Alger, Régence d' -- Côtes | Takouch, Ras (cap) | Bizerte",Mer Méditerranée | Tunisie | Algérie,Échelle(s) : [Echelle non mentionnée],fre,"Bibliothèque nationale de France, département Cartes et plans, GE SH 18 PF 105 DIV 2 P 18/2 D",domaine public | public domain,manuscript cartographic resource | document cartographique manuscrit | map | carte | image fixe | image | still image,cartes,high,tunis,city | country,bizerte | tunis | tunisia | tunisie,https://gallica.bnf.fr/ark:/12148/btv1b532375682,https://gallica.bnf.fr/iiif/ark:/12148/btv1b532375682/manifest.json,Gallica,https://gallica.bnf.fr/ark:/12148/btv1b532375682.thumbnail,Notice de recueil : http://catalogue.bnf.fr/ark:/12148/cb46927864d,,IFN-53237568
btv1b53237567m,"[Côtes de Barbarie, depuis Bizerte jusqu'à la pointe de Tarcu]",1764,1764,1764,18th c.,1764,,,,"1 feuille : ms ; 15,5 x 32 cm (feuille), 29 x 42 cm (support)",1,"Méditerranée, Mer | Tunis, Régence de -- Côtes | Cap Negro | Annaba | Alger, Régence d' -- Côtes | Takouch, Ras (cap) | Bizerte",Mer Méditerranée | Tunisie | Algérie,Échelle(s) : [Echelle non mentionnée],fre,"Bibliothèque nationale de France, département Cartes et plans, GE SH 18 PF 105 DIV 2 P 18/1 D",domaine public | public domain,manuscript cartographic resource | document cartographique manuscrit | map | carte | image fixe | image | still image,cartes,high,tunis,city | country,bizerte | tunis | tunisia | tunisie,https://gallica.bnf.fr/ark:/12148/btv1b53237567m,https://gallica.bnf.fr/iiif/ark:/12148/btv1b53237567m/manifest.json,Gallica,https://gallica.bnf.fr/ark:/12148/btv1b53237567m.thumbnail,Notice de recueil : http://catalogue.bnf.fr/ark:/12148/cb46927864d,,IFN-53237567
btv1b53237608z,Plan du port de la Calle,1764,1764,1764,18th c.,1764,,,,"1 feuille : ms, col. ; 40 x 56 cm",2,"Sondages sous-marins | Forts | Ports | El Kala | Alger, Régence d' -- Côtes | Méditerranée, Mer",Mer Méditerranée | Algérie,"Ancien possesseur : Chabert, Joseph-Bernard de (1724-1805). Ancien possesseur | Échelle(s) : Echelle de 150 toises [= 10,2 cm] | Ancien possesseur : Chabert, Joseph-Bernard de (1724-1805)",fre,"Bibliothèque nationale de France, département Cartes et plans, GE SH 18 PF 105 DIV 7 P 9/1 D",domaine public | public domain,manuscript cartographic resource | document cartographique manuscrit | map | carte | image fixe | image | still image,cartes,medium,mediterranee,city | country,bizerte | tunisia | tunisie,https://gallica.bnf.fr/ark:/12148/btv1b53237608z,https://gallica.bnf.fr/iiif/ark:/12148/btv1b53237608z/manifest.json,Gallica,https://gallica.bnf.fr/ark:/12148/btv1b53237608z.thumbnail,Notice de recueil : http://catalogue.bnf.fr/ark:/12148/cb469304922,,IFN-53237608
btv1b53237583n,Port Farine,1764,1764,1764,18th c.,1764,,,,"1 feuille : ms ; 27 x 38 cm (feuille), 48 x 58 (support)",1,"Sondages sous-marins | Forts | Tunis, Province de -- Côtes | Ghár al Milh | Tunis, Golfe de | Méditerranée, Mer",Mer Méditerranée | Tunisie,"Ancien possesseur : Chabert, Joseph-Bernard de (1724-1805). Ancien possesseur | Échelle(s) : [Echelle non mentionnée] | Ancien possesseur : Chabert, Joseph-Bernard de (1724-1805)",fre,"Bibliothèque nationale de France, département Cartes et plans, GE SH 18 PF 105 DIV 6 P 14/1 D",domaine public | public domain,manuscript cartographic resource | document cartographique manuscrit | map | carte | image fixe | image | still image,cartes,high,tunis,city | country | region,bizerte | cap bon | tunis | tunisia | tunisie,https://gallica.bnf.fr/ark:/12148/btv1b53237583n,https://gallica.bnf.fr/iiif/ark:/12148/btv1b53237583n/manifest.json,Gallica,https://gallica.bnf.fr/ark:/12148/btv1b53237583n.thumbnail,Notice de recueil : http://catalogue.bnf.fr/ark:/12148/cb46929001s,,IFN-53237583
btv1b53237554v,Ville de Sousse,1764,1764,1764,18th c.,1764,,,,"1 feuille : ms, col. ; 26 x 35 cm (feuille), 37 x 37 cm (support)",2,"Sondages sous-marins | Méditerranée, Mer | Tunis, Régence de -- Côtes | Sousse",Mer Méditerranée | Tunisie,Échelle(s) : [Echelle non mentionnée],fre,"Bibliothèque nationale de France, département Cartes et plans, GE SH 18 PF 105 DIV 1 P 5/2 D",domaine public | public domain,manuscript cartographic resource | document cartographique manuscrit | view | vue | image fixe | image | still image,cartes,high,tunis,city | country,monastir | sousse | tunis | tunisia | tunisie,https://gallica.bnf.fr/ark:/12148/btv1b53237554v,https://gallica.bnf.fr/iiif/ark:/12148/btv1b53237554v/manifest.json,Gallica,https://gallica.bnf.fr/ark:/12148/btv1b53237554v.thumbnail,Notice de recueil : http://catalogue.bnf.fr/ark:/12148/cb46927399p,,IFN-53237554
btv1b53237553d,Vüe de la ville de Sousse en Barbarie,1764,1764,1764,18th c.,1764,,,,"1 feuille : ms ; 24 x 36 cm (feuille), 30 x 41 cm (support)",2,"Sondages sous-marins | Méditerranée, Mer | Tunis, Régence de -- Côtes | Sousse",Mer Méditerranée | Tunisie,Échelle(s) : [Echelle non mentionnée],fre,"Bibliothèque nationale de France, département Cartes et plans, GE SH 18 PF 105 DIV 1 P 5/1 D",domaine public | public domain,manuscript cartographic resource | document cartographique manuscrit | view | vue | image fixe | image | still image,cartes,high,tunis,city | country,monastir | sousse | tunis | tunisia | tunisie,https://gallica.bnf.fr/ark:/12148/btv1b53237553d,https://gallica.bnf.fr/iiif/ark:/12148/btv1b53237553d/manifest.json,Gallica,https://gallica.bnf.fr/ark:/12148/btv1b53237553d.thumbnail,Notice de recueil : http://catalogue.bnf.fr/ark:/12148/cb46927399p,,IFN-53237553
btv1b53237552z,Vüe de la ville et rade de Sousse en Barbarie / Le Moyne,1764,1764,1764,18th c.,1764,"Le Moyne, François-Pierre (1713-1795). Cartographe",,,1 feuille : ms ; 41 x 55 cm,2,"Sondages sous-marins | Méditerranée, Mer | Tunis, Régence de -- Côtes | Sousse",Mer Méditerranée | Tunisie,"Ancien possesseur : Chabert, Joseph-Bernard de (1724-1805). Ancien possesseur | Échelle(s) : [Echelle non mentionnée] | Ancien possesseur : Chabert, Joseph-Bernard de (1724-1805)",fre,"Bibliothèque nationale de France, département Cartes et plans, GE SH 18 PF 105 DIV 1 P 5 D",domaine public | public domain,manuscript cartographic resource | document cartographique manuscrit | view | vue | image fixe | image | still image,cartes,high,tunis,city | country,monastir | sousse | tunis | tunisia | tunisie,https://gallica.bnf.fr/ark:/12148/btv1b53237552z,https://gallica.bnf.fr/iiif/ark:/12148/btv1b53237552z/manifest.json,Gallica,https://gallica.bnf.fr/ark:/12148/btv1b53237552z.thumbnail,Notice de recueil : http://catalogue.bnf.fr/ark:/12148/cb46927399p,,IFN-53237552
btv1b53283007d,"[22 plans légendés et commentés de ports, baies et îles de la Méditerranée occidentale] / [par le lieutenant de vaisseau D'Ortigues ?] ; [destiné à] Bellin",1765,1765,1765,18th c.,1765,"Ortigues, d' (17..-17..?). Cartographe présumé | Bellin, Jacques-Nicolas (1703-1772). Commanditaire du contenu",,,"1 cahier relié couvert en parchemin et 2 cahiers insérés (non paginé [36 p.]) : ms., ill. ; 20,5 x 27,5 cm + 1 lettre (1 p. ; 21,5 x 17 cm)",78,"Méditerranée, Mer | Baléares, Îles | Sardaigne | Chafarines, Îles | Tunis, Régence de | Alger, Régence d' | Lampedusa, Île de | Vigo, Ria de",Mer Méditerranée – Bassin Ouest | Espagne | Algérie | Tunisie | Italie – Sardaigne,Échelle(s) : [Echelles diverses],fre,"Bibliothèque nationale de France, département Cartes et plans, GE SH 18 PF 64 P 24 D",domaine public | public domain,manuscript cartographic resource | document cartographique manuscrit | map | carte | image fixe | image | still image,cartes,high,tunis,city | country,tunis | tunisia | tunisie,https://gallica.bnf.fr/ark:/12148/btv1b53283007d,https://gallica.bnf.fr/iiif/ark:/12148/btv1b53283007d/manifest.json,Gallica,https://gallica.bnf.fr/ark:/12148/btv1b53283007d.thumbnail,Notice de recueil : http://catalogue.bnf.fr/ark:/12148/cb47509332x,,IFN-53283007
btv1b53283008v,"[48 plans légendés de ports, baies et îles de la Méditerranée] / [transmis par le lieutenant de vaisseau D'Ortigues] ; [au dépôt des cartes et plans de la Marine]",1765,1765,1765,18th c.,1765,"Ortigues, d' (17..-17..?). Cartographe présumé | France. Dépôt des cartes et plans de la marine. Commanditaire du contenu",,,"48 feuilles : ms., col. ; 26 x 38,5 cm + 1 lettre (2 p. ; 32,5 x 21 cm)",96,"Méditerranée, Mer | Alcudía, Baie d' | Mahón | Ciutadella de Menorca | Es Mercadal | Saint-Florent | Calvi, Golfe de | Ajaccio, Golfe d' | Sanguinaires, Îles | Campomoro, Baie de | Valinco, Golfe de | Olmeto | Sant'Amanza, Golfe de | Porto-Vecchio, Golfe de | Bonifacio | Tavolara, Île | Portoscuso | Sant'Antioco, Île | Barcelone | Amposta | Èbre, Delta de l' | Carthagène | Rosas, Golfe de | Hyères, Rade d' | Cannes | Antibes | Lérins, Îles de | Villefranche-sur-Mer, Rade de | Civitavecchia | Zákynthos | Modon, Baie de | Sapiéntza, Île de | Corinthe, Golfe de | La Spezia, Golfe de | Gramvoússa, Île de | Crète, Province de | Cythère, Île de | Milo, Île de | Kimolos, Île de | Poliégos, Île de | Paros, Île de | Íos, Île d' | Sporades du Nord, Archipel des | Skyros, Île de | Égée, Mer | Andros, Île d' | Límnos, Île de | Foça | Ténédos, Île de | Dardanelles, Détroit des | Cap Negro | Béjaia | Alger, Baie d' | Alger, Régence d' -- Côtes | Ghár al Milh | Tunis, Golfe de | Monastir | Sousse",Mer Méditerranée,Échelle(s) : [Echelles diverses],fre,"Bibliothèque nationale de France, département Cartes et plans, GE SH 18 PF 64 P 24/1 D",domaine public | public domain,manuscript cartographic resource | document cartographique manuscrit | map | carte | image fixe | image | still image,cartes,high,tunis,city,monastir | sousse | tunis,https://gallica.bnf.fr/ark:/12148/btv1b53283008v,https://gallica.bnf.fr/iiif/ark:/12148/btv1b53283008v/manifest.json,Gallica,https://gallica.bnf.fr/ark:/12148/btv1b53283008v.thumbnail,Notice de recueil : http://catalogue.bnf.fr/ark:/12148/cb47509332x,,IFN-53283008
btv1b53236714m,Coste de Barbarie / Giacomo Alagna,1766,1766,1766,18th c.,1766,,,,1 feuille : ms ; 39 x 107 cm,1,"Sondages sous-marins | Méditerranée, Mer | Tunis, Province de -- Côtes | Tripoli, Pachalik autonome de -- Côtes | Mişrātah | Afrique, Cap | Gabès, Golfe de | Kerkennah, Îles | Sfax | Djerba, Île de | Bon, Cap | Sousse | Monastir",Mer Méditerranée – Bassin Est | Tunisie | Libye,"Échelle(s) : [Echelle de] 30 lieues de France et d'Angletterre a vingt pour degré [= 20,9 cm]",fre,"Bibliothèque nationale de France, département Cartes et plans, GE SH 18 PF 104 DIV 2 P 17",domaine public | public domain,manuscript cartographic resource | document cartographique manuscrit | map | carte | image fixe | image | still image,cartes,high,tunis,city | country | island,djerba | gabes | kerkennah | monastir | sfax | sousse | tunis | tunisia | tunisie,https://gallica.bnf.fr/ark:/12148/btv1b53236714m,https://gallica.bnf.fr/iiif/ark:/12148/btv1b53236714m/manifest.json,Gallica,https://gallica.bnf.fr/ark:/12148/btv1b53236714m.thumbnail,Notice de recueil : http://catalogue.bnf.fr/ark:/12148/cb46902217m,,IFN-53236714
btv1b52503974g,Atlas des principales villes maritimes de France tant sur l'Océan que sur la Méditerranée depuis Dunkerque jusques et compris Antibes [plus des places fortes sur le Rhin et en Italie] / dessinés par H.-E. Diot,1770,1770,1770,18th c.,1770,"Diot, H.-E.. Cartographe",,,"1 atlas : 37 plans ms, col. ; oblong",106,"Villes | Fortifications | France | France -- Ports | Dunkerque | Abbeville | Dieppe | Rouen | Le Havre | Caen | Saint-Vaast-la-Hougue | Cherbourg | Le Mont-Saint-Michel | Saint-Malo | Brest | La Rochelle | Aix, Île d' | Hiers-Brouage | Fort Lupin (fort) | Fouras, Fort de | Bordeaux | Blaye | Hendaye | Port-Vendres | Marseille | Toulon | Turin | Sarrelouis | Fort-Louis | Huningue | Civitavecchia | Rhodes -- Antiquité | Carthage, Site archéologique de -- Antiquité | Alexandrie -- Antiquité | Athènes -- Antiquité | Cambrai | Istanbul",France (parties) | France– Hauts-de-France – Nord | Italie – Piémont | Allemagne – Sarre | Italie – Latium | Grèce – Îles de la Mer Égée méridionale – Dodécanèse | Tunisie | Égypte | Turquie,Échelle(s) : [Échelles diverses] | Appartient à l’ensemble documentaire : Cbrai001 | Appartient à l’ensemble documentaire : Cbrai010,fre,"Bibliothèque nationale de France, département Cartes et plans, GE DD-362",domaine public | public domain,manuscript cartographic resource | document cartographique manuscrit | atlas | atlas | plan | plan | image fixe | image | still image,cartes,high,tunis,city | country,carthage | tunisia | tunisie,https://gallica.bnf.fr/ark:/12148/btv1b52503974g,https://gallica.bnf.fr/iiif/ark:/12148/btv1b52503974g/manifest.json,Gallica,https://gallica.bnf.fr/ark:/12148/btv1b52503974g.thumbnail,http://catalogue.bnf.fr/ark:/12148/cb40689801w,,IFN-52503974
btv1b53242308d,[Carte de la partie de la côte de Barbarie comprise entre le cap Negro et le cap Bujarone] / [par M. le marquis de Chabert],1774,1774,1774,18th c.,1774,"Chabert, Joseph-Bernard de (1724-1805). Cartographe",,,1 feuille : ms ; 37 x 81 cm,2,"Sondages sous-marins | Méditerranée, Mer | Alger, Régence d' -- Côtes | Tunis, Régence de -- Côtes | Bougaroun, Cap | El Qoll | Fer, Cap de | Annaba | Cap Rose | Tabarka, Île de | El Kala",Mer Méditerranée | Tunisie | Algérie,"Échelle(s) : Echelle de neuf minutes de latit[ude = 5,9 cm]",fre,"Bibliothèque nationale de France, département Cartes et plans, GE SH 18 PF 105 DIV 7 P 13",domaine public | public domain,manuscript cartographic resource | document cartographique manuscrit | map | carte | image fixe | image | still image,cartes,high,tunis,city | country,bizerte | tabarka | tunis | tunisia | tunisie,https://gallica.bnf.fr/ark:/12148/btv1b53242308d,https://gallica.bnf.fr/iiif/ark:/12148/btv1b53242308d/manifest.json,Gallica,https://gallica.bnf.fr/ark:/12148/btv1b53242308d.thumbnail,Notice de recueil : http://catalogue.bnf.fr/ark:/12148/cb469304922,,IFN-53242308
btv1b53242309v,Carte de la partie de la côte de Barbarie comprise entre le cap Negro et le cap Bujarone / par M. le marquis de Chabert,1774,1774,1774,18th c.,1774,"Chabert, Joseph-Bernard de (1724-1805). Cartographe",,,"1 feuille : ms, col. ; 40 x 92 cm",2,"Sondages sous-marins | Méditerranée, Mer | Alger, Régence d' -- Côtes | Tunis, Régence de -- Côtes | Bougaroun, Cap | El Qoll | Fer, Cap de | Annaba | Cap Rose | La Galite, Île de | Tabarka, Île de | El Kala",Mer Méditerranée | Tunisie | Algérie,"Échelle(s) : [Echelle de] 6 lieües de 20 au degré [= 11,6 cm]",fre,"Bibliothèque nationale de France, département Cartes et plans, GE SH 18 PF 105 DIV 7 P 13/1",domaine public | public domain,manuscript cartographic resource | document cartographique manuscrit | map | carte | image fixe | image | still image,cartes,high,tunis,city | country,bizerte | tabarka | tunis | tunisia | tunisie,https://gallica.bnf.fr/ark:/12148/btv1b53242309v,https://gallica.bnf.fr/iiif/ark:/12148/btv1b53242309v/manifest.json,Gallica,https://gallica.bnf.fr/ark:/12148/btv1b53242309v.thumbnail,Notice de recueil : http://catalogue.bnf.fr/ark:/12148/cb469304922,,IFN-53242309
btv1b53237617x,Carte de la partie de la côte de Barbarie comprise entre le cap Negro et le cap Bujarone / par M. le marquis de Chabert,1774,1774,1774,18th c.,1774,"Chabert, Joseph-Bernard de (1724-1805). Cartographe",,,"1 feuille : ms, col. ; 33 x 48 cm",2,"Sondages sous-marins | El Qoll | Fer, Cap de | Annaba | Takouch, Ras (cap) | Garde, Cap de | Cap Negro | Cap Rose | El Kala | Tabarka, Île de | Bougaroun, Cap | La Galite, Île de | Alger, Régence d' -- Côtes | Tunis, Régence de | Méditerranée, Mer",Mer Méditerranée | Algérie | Tunisie,"Échelle(s) : [Echelle de] 10 lieues de 20 au degré [= 9,5 cm]",fre,"Bibliothèque nationale de France, département Cartes et plans, GE SH 18 PF 106 DIV 2 P 10 D",domaine public | public domain,manuscript cartographic resource | document cartographique manuscrit | map | carte | image fixe | image | still image,cartes,high,tunis,city | country,bizerte | tabarka | tunis | tunisia | tunisie,https://gallica.bnf.fr/ark:/12148/btv1b53237617x,https://gallica.bnf.fr/iiif/ark:/12148/btv1b53237617x/manifest.json,Gallica,https://gallica.bnf.fr/ark:/12148/btv1b53237617x.thumbnail,Notice de recueil : http://catalogue.bnf.fr/ark:/12148/cb46930930w,,IFN-53237617
btv1b53171162r,"Carte de la partie de l'Afrique où les Carthaginois ont étendu leur domination dressée pour l'intelligence de l'histoire ancienne de Mr. Rollin / par le Sr. d'Anville, Géographe ord[inaire] du Roi ; Bourgoin sculp.",1782,1782,1782,18th c.,1782,"Anville, Jean-Baptiste d' (1697-1782). Cartographe | Bourgoin, Pierre (17..-17.. ; graveur). Graveur | Rollin, Charles (1661-1741). Auteur adapté","[S. l., Avant 1782]",,"1 carte : gr. col. ; 25,5 x 48,5 cm",2,"Cartouches (ornement) | Carthaginois, Empire | Carthage, Site archéologique de -- Environs -- Antiquité",Afrique (parties),"Échelle(s) : 50 Lieues Françoises, de 3000 pas Geometr[iques] [= 4,8 cm]",fre,"Bibliothèque nationale de France, département Arsenal, EST-1503 (12)",domaine public | public domain,map | carte | image fixe | image | still image,cartes,high,carthage,city,carthage,https://gallica.bnf.fr/ark:/12148/btv1b53171162r,https://gallica.bnf.fr/iiif/ark:/12148/btv1b53171162r/manifest.json,Gallica,https://gallica.bnf.fr/ark:/12148/btv1b53171162r.thumbnail,Notice de recueil : http://catalogue.bnf.fr/ark:/12148/cb41495064m,,IFN-53171162
btv1b8595358k,Golfo de Tunez conforme al de M. Bellin / por Don Tomas Lopez,1785,1785,1785,18th c.,1785,"López, Tomás (1730-1802). Cartographe | Bellin, Jacques-Nicolas (1703-1772). Créateur de l'œuvre source (Auteur du texte) / Créatrice de l'œuvre source (Autrice du texte)",[s.n.] (En Madrid),,"1 feuille ; 37,5 x 25,5 cm",1,Tunis | Tunis,Tunisie,[Golfo de Tunez conforme al de M. Bellin] | Appartient à l’ensemble documentaire : AnvilAf | Appartient à l’ensemble documentaire : MAEDI008 | Appartient à l’ensemble documentaire : MAEDIGen0,spa,"Bibliothèque nationale de France, département Cartes et Plans, GE DD-2987 (7987)",domaine public | public domain,image fixe | image | still image,cartes,high,tunis,city | country,tunis | tunisia | tunisie,https://gallica.bnf.fr/ark:/12148/btv1b8595358k,https://gallica.bnf.fr/iiif/ark:/12148/btv1b8595358k/manifest.json,Gallica,https://gallica.bnf.fr/ark:/12148/btv1b8595358k.thumbnail,Notice de recueil : http://catalogue.bnf.fr/ark:/12148/cb40577015h,,IFN-8595358
btv1b53235505j,Plano de la rada y ciudad de Tripoli en la costa de Berberia ; Golfo de Tunez : conforme al plano de Mr. Bellin / por don Tomas Lopez,1785,1785,1785,18th c.,1785,"López, Tomás (1730-1802). Cartographe | Bellin, Jacques-Nicolas (1703-1772). Auteur adapté",Tomas Lopez (Madrid),,"2 cartes sur une feuille : ms, col ; 21 x 34 cm (bordure), 33 x 47 cm (feuille), 48 x 58 cm (support)",1,"Baies | Sondages sous-marins | Fortifications | Tunis, Golfe de | Tripoli | Tunis, Régence de | Tripoli, Pachalik autonome de -- Côtes",Mer Méditerranée – Bassin Est | Libye | Tunisie,Échelle(s) : Escala de 600 toesas [= 4 cm],spa,"Bibliothèque nationale de France, département Cartes et plans, GE SH 18 PF 104 DIV 4 P 33 D",domaine public | public domain,map | carte | image fixe | image | still image,cartes,high,tunis,city | country,tunis | tunisia | tunisie,https://gallica.bnf.fr/ark:/12148/btv1b53235505j,https://gallica.bnf.fr/iiif/ark:/12148/btv1b53235505j/manifest.json,Gallica,https://gallica.bnf.fr/ark:/12148/btv1b53235505j.thumbnail,Notice de recueil : http://catalogue.bnf.fr/ark:/12148/cb46903160q,,IFN-53235505
btv1b53237625f,"Carte des golfes de Tunis et Hamemet : levée et publiée par ordre du roi / par M. le Marquis de Chabert, chef d'escadre des armes navales",1786,1786,1786,18th c.,1786,"Chabert, Joseph-Bernard de (1724-1805). Cartographe",,,"1 feuille : ms, col. ; 55 x 33 cm",1,"Sondages sous-marins | Fortifications | Hammamet, Golfe de | Tunis, Régence de -- Côtes | Tunis, Golfe de | La Goulette | Monastir | Mahdia | Méditerranée, Mer",Mer Méditerranée | Tunisie,Échelle(s) : [Echelle non mentionnée],fre,"Bibliothèque nationale de France, département Cartes et plans, GE SH 18 PF 105 DIV 6 P 23/1 D",domaine public | public domain,manuscript cartographic resource | document cartographique manuscrit | map | carte | image fixe | image | still image,cartes,high,tunis,city | country | region,bizerte | cap bon | hammamet | la goulette | mahdia | monastir | tunis | tunisia | tunisie,https://gallica.bnf.fr/ark:/12148/btv1b53237625f,https://gallica.bnf.fr/iiif/ark:/12148/btv1b53237625f/manifest.json,Gallica,https://gallica.bnf.fr/ark:/12148/btv1b53237625f.thumbnail,Notice de recueil : http://catalogue.bnf.fr/ark:/12148/cb46929001s,,IFN-53237625
btv1b53237592m,[Carte des golfes de Tunis et Hammamet],1787,1787,1787,18th c.,1787,,,,1 feuille : ms ; 57 x 41 cm,1,"Fortifications | Hammamet, Golfe de | Tunis, Golfe de | La Goulette | Méditerranée, Mer | Tunis, Régence de -- Côtes",Mer Méditerranée | Tunisie,Échelle(s) : [Echelle non mentionnée],fre,"Bibliothèque nationale de France, département Cartes et plans, GE SH 18 PF 105 DIV 6 P 23/3 D",domaine public | public domain,manuscript cartographic resource | document cartographique manuscrit | map | carte | image fixe | image | still image,cartes,high,tunis,city | country | region,bizerte | cap bon | hammamet | la goulette | tunis | tunisia | tunisie,https://gallica.bnf.fr/ark:/12148/btv1b53237592m,https://gallica.bnf.fr/iiif/ark:/12148/btv1b53237592m/manifest.json,Gallica,https://gallica.bnf.fr/ark:/12148/btv1b53237592m.thumbnail,Notice de recueil : http://catalogue.bnf.fr/ark:/12148/cb46929001s,,IFN-53237592
btv1b532422850,Carte des côtes de Barbarie depuis le cap Bugaroni au royaume d'Alger jusqu'à la ville d'Africa ou Mahdia au royaume de Tunis... / par M. le marquis de Chabert...,1787,1787,1787,18th c.,1787,"Chabert, Joseph-Bernard de (1724-1805). Cartographe | France. Dépôt des cartes et plans de la marine. Éditeur scientifique",,,1 feuille : ms ; 61 x 90 cm (feuille),2,"Sondages sous-marins | Méditerranée, Mer | Tunis, Province de -- Côtes | Alger, Régence d' -- Côtes | Tunis, Régence de -- Côtes | Bon, Cap | Tunis | Bougaroun, Cap | Sicile, Île de | Bizerte | Ghár al Milh | Fer, Cap de | Tabarka, Île de | La Galite, Île de | Hammamet, Golfe de | Afrique, Cap",Mer Méditerranée | Tunisie | Algérie | Italie – Sicile,Échelle(s) : [Echelle non mentionnée],fre,"Bibliothèque nationale de France, département Cartes et plans, GE SH 18 PF 105 DIV 2 P 23",domaine public | public domain,manuscript cartographic resource | document cartographique manuscrit | map | carte | image fixe | image | still image,cartes,high,tunis,city | country | polity,bizerte | hammamet | mahdia | royaume de tunis | tabarka | tunis | tunisia | tunisie,https://gallica.bnf.fr/ark:/12148/btv1b532422850,https://gallica.bnf.fr/iiif/ark:/12148/btv1b532422850/manifest.json,Gallica,https://gallica.bnf.fr/ark:/12148/btv1b532422850.thumbnail,Notice de recueil : http://catalogue.bnf.fr/ark:/12148/cb46927864d,,IFN-53242285
btv1b532375413,"Carte des golfes de Tunis et Hammamet : dressée sur les observations et les opérations faites par ordre du roi en 1742,1764 et 1766... / par M. de Chabert, chef d'escadre des armées navales...",1787,1787,1787,18th c.,1787,"Chabert, Joseph-Bernard de (1724-1805). Cartographe",,,1 feuille : ms ; 57 x 40 cm,2,"Sondages sous-marins | Fortifications | Hammamet, Golfe de | Tunis, Golfe de | La Goulette | Tunis, Régence de -- Côtes | Zebib, Cap | Monastir | Mahdia | Méditerranée, Mer",Mer Méditerranée | Tunisie,Échelle(s) : [Echelle non mentionnée],fre,"Bibliothèque nationale de France, département Cartes et plans, GE SH 18 PF 105 DIV 6 P 23/2 D",domaine public | public domain,manuscript cartographic resource | document cartographique manuscrit | map | carte | image fixe | image | still image,cartes,high,tunis,city | country | region,bizerte | cap bon | hammamet | la goulette | mahdia | monastir | tunis | tunisia | tunisie,https://gallica.bnf.fr/ark:/12148/btv1b532375413,https://gallica.bnf.fr/iiif/ark:/12148/btv1b532375413/manifest.json,Gallica,https://gallica.bnf.fr/ark:/12148/btv1b532375413.thumbnail,Notice de recueil : http://catalogue.bnf.fr/ark:/12148/cb46929001s,,IFN-53237541
btv1b53295571h,Plano de la nueva Tabarca cituada en la isla plana de S[a]n Pablo,1795,1795,1796,18th c.,1795-1796,,,,"1 calque sur 1 feuille : ms., col. ; 36,5 x 54 cm",2,"Îles -- Tunisie | Tabarka, Île de | Tunis, Régence de -- Côtes | Méditerranée, Mer",Mer Méditerranée | Tunisie,Échelle(s) : [Echelle non mentionnée],spa,"Bibliothèque nationale de France, département Cartes et plans, GE SH 18 PF 105 DIV 7 P 7 D",domaine public | public domain,manuscript cartographic resource | document cartographique manuscrit | plan | plan | image fixe | image | still image,cartes,high,tunis,city | country,bizerte | tabarka | tunis | tunisia | tunisie,https://gallica.bnf.fr/ark:/12148/btv1b53295571h,https://gallica.bnf.fr/iiif/ark:/12148/btv1b53295571h/manifest.json,Gallica,https://gallica.bnf.fr/ark:/12148/btv1b53295571h.thumbnail,Notice de recueil : http://catalogue.bnf.fr/ark:/12148/cb469304922,,IFN-53295571
btv1b53235472q,[Tracé d'une partie des côtes de Barbarie entre Alexandrie et le cap Razat],1799,1799,1799,18th c.,1799,,,,1 feuille : ms ; 42 x 63 cm,1,"Tripoli, Pachalik autonome de -- Côtes | Égypte -- Côtes | Al Hilāl, Ras (cap) | At Tīn, Ras (cap) | Alexandrie | Darnah",Mer Méditerranée – Bassin Est | Égypte | Libye,Échelle(s) : [Echelle non mentionnée],fre,"Bibliothèque nationale de France, département Cartes et plans, GE SH 18 PF 104 DIV 2 P 19 D",domaine public | public domain,manuscript cartographic resource | document cartographique manuscrit | map | carte | image fixe | image | still image,cartes,medium,barbarie,city,tunis,https://gallica.bnf.fr/ark:/12148/btv1b53235472q,https://gallica.bnf.fr/iiif/ark:/12148/btv1b53235472q/manifest.json,Gallica,https://gallica.bnf.fr/ark:/12148/btv1b53235472q.thumbnail,Notice de recueil : http://catalogue.bnf.fr/ark:/12148/cb46902217m,,IFN-53235472
btv1b53066971w,"[Carte de la partie de l'Afrique romaine située entre la Moulouya et le Golfe de Gabès. 1° lat. =Om, 087 ; 1 ; 1. 425. 000 environ]",1800,1800,1850,19th c.,1800-1850,,[s.n.],,1 flle ms. en coul. ; 975 x 520,1,Voies de communication | Maghreb -- Voies de communication -- Antiquité,Monde,,fre,"Bibliothèque nationale de France, département Cartes et plans, GE C-6023",domaine public | public domain,manuscript cartographic resource | document cartographique manuscrit | map | carte | image fixe | image | still image,cartes,high,gabes,city | region,gabes | golfe de gabes,https://gallica.bnf.fr/ark:/12148/btv1b53066971w,https://gallica.bnf.fr/iiif/ark:/12148/btv1b53066971w/manifest.json,Gallica,https://gallica.bnf.fr/ark:/12148/btv1b53066971w.thumbnail,http://catalogue.bnf.fr/ark:/12148/cb40593881z,,IFN-53066971
btv1b8490711r,[Carte de la partie de l'Afrique romaine située entre la Tafna et le golfe de Gabès. 1 : 2 000 000 environ],1800,1800,1800,19th c.,1800,,[s.n.],,1 flle ms. en noir et rouge ; 604 x 344,1,Voies de communication | Maghreb -- Voies de communication -- Antiquité,Monde,,fre,"Bibliothèque nationale de France, département Cartes et plans, GE D-13835",domaine public | public domain,manuscript cartographic resource | document cartographique manuscrit | map | carte | image fixe | image | still image,cartes,high,gabes,city | region,gabes | golfe de gabes,https://gallica.bnf.fr/ark:/12148/btv1b8490711r,https://gallica.bnf.fr/iiif/ark:/12148/btv1b8490711r/manifest.json,Gallica,https://gallica.bnf.fr/ark:/12148/btv1b8490711r.thumbnail,http://catalogue.bnf.fr/ark:/12148/cb40593880m,,IFN-8490711
btv1b532375915,[Golfes de Tunis et Hammamet],,1800,1899,19th c.,18..,,,,"1 feuille : ms, col. ; 63 x 46 cm",2,"Sondages sous-marins | Fortifications | Hammamet, Golfe de | Tunis, Golfe de | La Goulette | Méditerranée, Mer | Tunis, Régence de -- Côtes",Mer Méditerranée | Tunisie,Échelle(s) : [Echelle non mentionnée],fre,"Bibliothèque nationale de France, département Cartes et plans, GE SH 18 PF 105 DIV 6 P 23 D",domaine public | public domain,manuscript cartographic resource | document cartographique manuscrit | map | carte | image fixe | image | still image,cartes,high,tunis,city | country | region,bizerte | cap bon | hammamet | la goulette | tunis | tunisia | tunisie,https://gallica.bnf.fr/ark:/12148/btv1b532375915,https://gallica.bnf.fr/iiif/ark:/12148/btv1b532375915/manifest.json,Gallica,https://gallica.bnf.fr/ark:/12148/btv1b532375915.thumbnail,Notice de recueil : http://catalogue.bnf.fr/ark:/12148/cb46929001s,,IFN-53237591
btv1b84941071,"[Partie des côtes africaines de la Méditerranée, depuis Bomba en Cyrénaïque, jusqu'à Bizerte. 1 : 2 580 000 env]",1800,1800,1800,19th c.,1800,,[s.n.],,1 flle ms. sur calque ; 520 x 330,1,"Méditerranée, Mer -- Afrique -- Côtes",Monde | Zone Méditerranée,,fre,"Bibliothèque nationale de France, département Cartes et plans, GE D-16360",domaine public | public domain,manuscript cartographic resource | document cartographique manuscrit | map | carte | image fixe | image | still image,cartes,high,bizerte,city,bizerte,https://gallica.bnf.fr/ark:/12148/btv1b84941071,https://gallica.bnf.fr/iiif/ark:/12148/btv1b84941071/manifest.json,Gallica,https://gallica.bnf.fr/ark:/12148/btv1b84941071.thumbnail,Notice de recueil : http://catalogue.bnf.fr/ark:/12148/cb40593927f,,IFN-8494107
oai:u-bordeaux-montaigne.fr:203729,[Province de Constantine et Tunisie] / dressée et gravée par L. Rigaud,,1800,1899,19th c.,18,"Rigaud, Isaac, Cartographe 18..-....","Bergerac : [s.n.] , [18.. ?]",,1 carte ; 14 x 21 cm | 32 x 25,,,Afrique : Tunisie,Coordonnées géographiques d après Google Earth,,,Public Domain mark,1886:Carte,cartes,high,tunis,country,tunisia | tunisie,https://1886.u-bordeaux-montaigne.fr/s/1886/item/203729,,1886 - Collections patrimoniales numérisées de Bordeaux 3,https://1886.u-bordeaux-montaigne.fr/files/medium/ca75a25736664cc0b10d29d8526016a8a9c0308a.jpg,,,
btv1b532375932,Carte des golfes de Tunis et Hammamet : dressée d'après des plans levés en 1786,1800,1800,1801,19th c.,1800-1801,France. Dépôt des cartes et plans de la marine. Éditeur scientifique,Dépôt général de la Marine (Paris),,1 feuille ; 59 x 43 cm,1,"Sondages sous-marins | Fortifications | Hammamet, Golfe de | Tunis, Golfe de | La Goulette | Tunis, Régence de -- Côtes | Zebib, Cap | Monastir | Mahdia | Méditerranée, Mer",Mer Méditerranée | Tunisie,Échelle(s) : [Echelle non mentionnée],fre,"Bibliothèque nationale de France, département Cartes et plans, GE SH 18 PF 105 DIV 6 P 24 D",domaine public | public domain,map | carte | image fixe | image | still image,cartes,high,tunis,city | country | region,bizerte | cap bon | hammamet | la goulette | mahdia | monastir | tunis | tunisia | tunisie,https://gallica.bnf.fr/ark:/12148/btv1b532375932,https://gallica.bnf.fr/iiif/ark:/12148/btv1b532375932/manifest.json,Gallica,https://gallica.bnf.fr/ark:/12148/btv1b532375932.thumbnail,Notice de recueil : http://catalogue.bnf.fr/ark:/12148/cb46929001s,,IFN-53237593
btv1b53237594h,Carte des golfes de Tunis et Hammamet : dressée d'après des plans levés en 1786,1800,1800,1801,19th c.,1800-1801,France. Dépôt des cartes et plans de la marine. Éditeur scientifique,Dépôt général de la Marine (Paris),,1 feuille ; 57 x 41 cm,1,"Sondages sous-marins | Fortifications | Hammamet, Golfe de | Tunis, Golfe de | La Goulette | Tunis, Régence de -- Côtes | Zebib, Cap | Monastir | Mahdia | Méditerranée, Mer",Mer Méditerranée | Tunisie,Échelle(s) : [Echelle non mentionnée],fre,"Bibliothèque nationale de France, département Cartes et plans, GE SH 18 PF 105 DIV 6 P 24/1 D",domaine public | public domain,map | carte | image fixe | image | still image,cartes,high,tunis,city | country | region,bizerte | cap bon | hammamet | la goulette | mahdia | monastir | tunis | tunisia | tunisie,https://gallica.bnf.fr/ark:/12148/btv1b53237594h,https://gallica.bnf.fr/iiif/ark:/12148/btv1b53237594h/manifest.json,Gallica,https://gallica.bnf.fr/ark:/12148/btv1b53237594h.thumbnail,Notice de recueil : http://catalogue.bnf.fr/ark:/12148/cb46929001s,,IFN-53237594
btv1b53060313z,"Environs du Kef / dressé, héliogravé et publié par le service géographique de l'Armée",,1800,1899,19th c.,18..,France. Service géographique de l'armée. Auteur du texte,Service géographique de l'armée (Paris),1:50 000,1 carte : en coul. ; 43 x 72 cm,1,Le Kef -- Environs,Maroc | Tunisie,Échelle(s) : 1:50 000,fre,"Bibliothèque nationale de France, département Cartes et plans, GE C-3483",domaine public | public domain,map | carte | image fixe | image | still image,cartes,high,tunis,city | country,le kef | tunisia | tunisie,https://gallica.bnf.fr/ark:/12148/btv1b53060313z,https://gallica.bnf.fr/iiif/ark:/12148/btv1b53060313z/manifest.json,Gallica,https://gallica.bnf.fr/ark:/12148/btv1b53060313z.thumbnail,http://catalogue.bnf.fr/ark:/12148/cb40775842g,,IFN-53060313
btv1b84587841,"Kasserine... Les renseignements relatifs aux ruines... / tont été recueillis... par MM. Renault,... ; Barbencey ; Pineau et Dr Villeneuve [...]",,1800,1899,19th c.,18..,Villeneuve (18..?-18..?). Auteur du texte | Renault. Auteur du texte | Barbencey (18..?-18..). Auteur du texte | Pineau (18..-18..). Auteur du texte,[s.n.],,1 flle de texte ; 28 x 45 cm,2,Ruines | Kasserine,Tunisie,,fre,"Bibliothèque nationale de France, département Cartes et plans, GE D-8406",domaine public | public domain,map | carte | image fixe | image | still image,cartes,high,tunis,city | country,kasserine | tunisia | tunisie,https://gallica.bnf.fr/ark:/12148/btv1b84587841,https://gallica.bnf.fr/iiif/ark:/12148/btv1b84587841/manifest.json,Gallica,https://gallica.bnf.fr/ark:/12148/btv1b84587841.thumbnail,http://catalogue.bnf.fr/ark:/12148/cb40746275d,,IFN-8458784
btv1b10678328s,Projet de construction d'une salle de dissection et dépendances à la Faculté de médecine de Montpellier : Plan général des bâtiments,,1800,1899,19th c.,18..,,"Boehm, Auguste-Théodore (1798-1870) (Montpellier)",1:200,1 plan : Lithographie ; 100 x 115 mm,1,"Montpellier (Hérault, France) | Faculté de médecine (Montpellier) | Montpellier (Hérault) -- Plan",,Échelle(s) : 1:200 | Appartient à l’ensemble documentaire : 3M000 | Appartient à l’ensemble documentaire : 3M016,fre,"Montpellier Méditerranée Métropole - Médiathèque centrale Emile Zola, EstL0097",domaine public | public domain,image fixe | image | still image,cartes,medium,,city,medenine,https://gallica.bnf.fr/ark:/12148/btv1b10678328s,https://gallica.bnf.fr/iiif/ark:/12148/btv1b10678328s/manifest.json,Gallica,https://gallica.bnf.fr/ark:/12148/btv1b10678328s.thumbnail,http://catalogue.bnf.fr/ark:/12148/cb459321363,,
btv1b8458786v,Sbeitla... Les renseignements relatifs aux ruines... ont été / recueillis... par MM Bellot ; Fourmereau ; Hardy ; Morand ; et Rouget,,1800,1899,19th c.,18..,"Bellot, A. (18..-19.. ; capit aine d'artillerie). Auteur du texte | Fourmereau (18..-18..?). Auteur du texte | Hardy (18..-18..?). Auteur du texte | Morand (18..-18..?). Auteur du texte | Rouget (18..-18..?). Auteur du texte",[s.n.],,1 flle ; 28 x 45 cm,2,Sbeïtla,Tunisie,,fre,"Bibliothèque nationale de France, département Cartes et plans, GE D-8408",domaine public | public domain,map | carte | image fixe | image | still image,cartes,high,tunis,antiquity | country,sbeitla | tunisia | tunisie,https://gallica.bnf.fr/ark:/12148/btv1b8458786v,https://gallica.bnf.fr/iiif/ark:/12148/btv1b8458786v/manifest.json,Gallica,https://gallica.bnf.fr/ark:/12148/btv1b8458786v.thumbnail,http://catalogue.bnf.fr/ark:/12148/cb40763974p,,IFN-8458786
oai:bibliotheque-numerique.icp.fr:1:8160,"[Nazaret de Salonique, merkez-mudiriet de Monastir, Serbie]",1801,1801,1801,19th c.,1801-01-01,[Non identifié],[S. l.] : [s. n.],,1 carte | 70x57 cm,,,Grèce / Tunisie / Serbie,[18XX],,"Institut français d'études byzantines, Carte_R_V_45_17",domaine public,,cartes,high,tunis,city | country,monastir | tunisia | tunisie,https://bibliotheque-numerique.icp.fr/idurl/1/8160,,Institut catholique de Paris,"https://bibliotheque-numerique.icp.fr/i/?IIIF=/f7/5d/97/02/f75d9702-2ffa-4de0-8c4d-df6152d13449/iiif/Carte_R_V_45_17.tif/full/!256,256/0/default.jpg",,,
btv1b530937785,"Carte des côtes de Barbarie, comprenant les états de Maroc, Fez, Alger, Tunis et Tripoli... ; enrichie des plans des principales places et ports / gravé par E. Collin...",1816,1816,1816,19th c.,1816,"Collin, E. (père). Graveur",[l'auteur] (Paris),1:3 000 000,1 flle : avec limites col. ; 97 x 67 cm,1,"Barbarie -- Côtes | Maroc, Royaume du | Fès, Royaume de | Alger, Régence d' | Tunis, Régence de | Tripoli, Pachalik autonome de | Ceuta | Oran -- Environs | Alger | Tunis | La Goulette | Tripoli",Espagne – Ceuta | Algérie | Tunisie | Libye,"Échelle(s) : Lieues communes de France de 25 au degré 50 = grands milles arabes de 50 au dégré 100 [= 0m, 075 ; 1:3 000 000 environ]",fre,"Bibliothèque nationale de France, département Cartes et plans, GE C-9010",domaine public | public domain,map | carte | image fixe | image | still image,cartes,high,tunis,city | country,la goulette | tunis | tunisia | tunisie,https://gallica.bnf.fr/ark:/12148/btv1b530937785,https://gallica.bnf.fr/iiif/ark:/12148/btv1b530937785/manifest.json,Gallica,https://gallica.bnf.fr/ark:/12148/btv1b530937785.thumbnail,http://catalogue.bnf.fr/ark:/12148/cb40725163g,,IFN-53093778
btv1b532375648,"Plan of the coast and neighbourhood of Leptis Magna / by Capitain W.m H.y Smyth, Royal Navy",1816,1816,1816,19th c.,1816,"Smyth, William Henry (1788-1865). Cartographe",,,"1 feuille : ms, col. ; 52 x 68 cm",1,"Sondages sous-marins | Méditerranée, Mer | Tripoli, Pachalik autonome de -- Côtes | Leptis Magna (site archéologique)",Mer Méditerranée | Libye,"Échelle(s) : On English Mile [= 5,9 cm]",eng,"Bibliothèque nationale de France, département Cartes et plans, GE SH 18 PF 105 DIV 2 P 17 D",domaine public | public domain,manuscript cartographic resource | document cartographique manuscrit | map | carte | image fixe | image | still image,cartes,medium,mediterranee,country,tunisia | tunisie,https://gallica.bnf.fr/ark:/12148/btv1b532375648,https://gallica.bnf.fr/iiif/ark:/12148/btv1b532375648/manifest.json,Gallica,https://gallica.bnf.fr/ark:/12148/btv1b532375648.thumbnail,Notice de recueil : http://catalogue.bnf.fr/ark:/12148/cb46927864d,,IFN-53237564
btv1b53237565q,"Plan of the coast and neighbourhood of Leptis Magna / by Captain. W.m H.y Smyth, Royal Navy",1816,1816,1816,19th c.,1816,"Smyth, William Henry (1788-1865). Cartographe",,,1 feuille : ms ; 49 x 64 cm,2,"Sondages sous-marins | Méditerranée, Mer | Tripoli, Pachalik autonome de -- Côtes | Leptis Magna (site archéologique)",Mer Méditerranée | Libye,"Échelle(s) : On English Mile [= 5,9 cm]",eng,"Bibliothèque nationale de France, département Cartes et plans, GE SH 18 PF 105 DIV 2 P 17/1 D",domaine public | public domain,manuscript cartographic resource | document cartographique manuscrit | map | carte | image fixe | image | still image,cartes,medium,mediterranee,country,tunisia | tunisie,https://gallica.bnf.fr/ark:/12148/btv1b53237565q,https://gallica.bnf.fr/iiif/ark:/12148/btv1b53237565q/manifest.json,Gallica,https://gallica.bnf.fr/ark:/12148/btv1b53237565q.thumbnail,Notice de recueil : http://catalogue.bnf.fr/ark:/12148/cb46927864d,,IFN-53237565
btv1b84935785,Plan figuratif du Site de l'Antique Nasium et de ses Environs Dessiné a vue d'oeil et sans toisé géométrique par Denis fis (élève en Médecine) en 1817,1817,1817,1817,19th c.,1817,"Denis, Claude-François (1762-1853). Auteur du texte",[s.n.],1:8 000,1 flle ms. au lavis ; 470 x 425,1,Archéologie | Plans de ville | Cartouches (ornement) | Naix-aux-Forges,France – Grand-Est – Meuse,Échelle(s) : [1:8 000 environ],fre,"Bibliothèque nationale de France, département Cartes et plans, GE D-15749",domaine public | public domain,manuscript cartographic resource | document cartographique manuscrit | map | carte | image fixe | image | still image,cartes,medium,,city,medenine,https://gallica.bnf.fr/ark:/12148/btv1b84935785,https://gallica.bnf.fr/iiif/ark:/12148/btv1b84935785/manifest.json,Gallica,https://gallica.bnf.fr/ark:/12148/btv1b84935785.thumbnail,Notice de recueil : http://catalogue.bnf.fr/ark:/12148/cb405939263,,IFN-8493578
btv1b53233049d,"Carte comparée des Régences d'Alger et de Tunis / dressée par le Chevalier Lapie, 1er géographe du Roi, ... ; Les noms anciens ont été revus par Mr le Chevalie Hase, les noms arabes par Mr le Chevalier Jaubert, ...",1828,1828,1828,19th c.,1828,"Lapie, Pierre (1777-1850). Cartographe | Hase, Charles-Benoît (1780-1864). Cartographe | Jaubert, Amédée (1779-1847). Cartographe",Ch. Picquet (Paris),1:16 000 000,"1 carte en 2 flles assemblées ; 100,5 x 72 cm",1,"Alger, Régence d' | Tunis, Régence de | Alger -- Plans de ville",Algérie,"Échelle(s) : 16 Myriamètres [= 0,100 m ; ca 1:16 000 000]",fre,"Bibliothèque nationale de France, département Cartes et plans, GE B-2164",domaine public | public domain,map | carte | image fixe | image | still image,cartes,high,tunis,city,tunis,https://gallica.bnf.fr/ark:/12148/btv1b53233049d,https://gallica.bnf.fr/iiif/ark:/12148/btv1b53233049d/manifest.json,Gallica,https://gallica.bnf.fr/ark:/12148/btv1b53233049d.thumbnail,http://catalogue.bnf.fr/ark:/12148/cb40632647x,,IFN-53233049
btv1b525059495,"Carte comparée des Régences d'Alger et de Tunis / Dressée par le Chev. Lapie, 1er Géographe du Roi, ... ; Les noms anciens ont été revus par Mr le Chev. Hase, ... ; les noms arabes par Mr le Chev. Jaubert, ... ; Gravé par Flahaut ; écrit par Lallemant",1829,1829,1829,19th c.,1829,"Lapie, Pierre (1777-1850). Cartographe | Hase, Charles-Benoît (1780-1864). Éditeur scientifique | Jaubert, Amédée (1779-1847). Éditeur scientifique | Flahaut (17..-18..? ; graveur). Graveur | Lallemant (17..-18..? ; graveur en lettres). Graveur",Ch. Picquet (Paris),1:1 600 000,"1 carte : avec limites en coul. ; 102 x 70,5 cm, pliée in-8° avec charnières",2,"Alger, Régence d' | Tunis, Régence de",Algérie | Tunisie,"Échelle(s) : Myriamètres ou lieues nouvelles 16 [= 0,100 m ; 1:1 600 000]",fre,"Bibliothèque nationale de France, département Cartes et plans, GE FF-333 (RES)",domaine public | public domain,map | carte | image fixe | image | still image,cartes,high,tunis,city | country,tunis | tunisia | tunisie,https://gallica.bnf.fr/ark:/12148/btv1b525059495,https://gallica.bnf.fr/iiif/ark:/12148/btv1b525059495/manifest.json,Gallica,https://gallica.bnf.fr/ark:/12148/btv1b525059495.thumbnail,http://catalogue.bnf.fr/ark:/12148/cb40594675q,,IFN-52505949
btv1b84922819,"Carte des Cotes de Tunis Depuis le Cap africa jusqu'aux Frères, par le Capitaine Smythe secondé par MM. Slater & Elson",1829,1829,1829,19th c.,1829,"Smyth, William Henry (1788-1865). Auteur du texte | Slater (17..-18..?). Auteur du texte | Elson, Thomas (18..-18..). Auteur du texte | Bellue, Pierre (17..-1869). Auteur du texte",Bellue (Toulon),1:520 000,1 flle ; 610 x 470,1,"Tunis, Régence de -- Côtes",Monde,Échelle(s) : [1:520 000 environ],fre,"Bibliothèque nationale de France, département Cartes et plans, GE D-14147",domaine public | public domain,map | carte | image fixe | image | still image,cartes,high,tunis,city,tunis,https://gallica.bnf.fr/ark:/12148/btv1b84922819,https://gallica.bnf.fr/iiif/ark:/12148/btv1b84922819/manifest.json,Gallica,https://gallica.bnf.fr/ark:/12148/btv1b84922819.thumbnail,http://catalogue.bnf.fr/ark:/12148/cb40645734s,,IFN-8492281
btv1b531797029,Carte de la Régence de Tripoli et des principales routes commerciales de l'intérieur de l'Afrique / Prax et Renou ; Delamare (gr),1830,1830,1830,19th c.,1830,"Prax (18..-18.. ; cartographe). Cartographe | Renou, G. (17..?-18..). Lithographe",Lemercier (Paris),1:2 000 000,"1 flle ; 77, 5 x 65, 9 cm",1,"Tripoli, Pachalik autonome de",Monde,Échelle(s) : 1:2 000 000,fre,"Bibliothèque nationale de France, département Cartes et plans, GE SH 19 PF 1 QUATER DIV 25 P 1",domaine public | public domain,map | carte | image fixe | image | still image,cartes,medium,,country,tunisia | tunisie,https://gallica.bnf.fr/ark:/12148/btv1b531797029,https://gallica.bnf.fr/iiif/ark:/12148/btv1b531797029/manifest.json,Gallica,https://gallica.bnf.fr/ark:/12148/btv1b531797029.thumbnail,Notice de recueil : http://catalogue.bnf.fr/ark:/12148/cb451283115,,IFN-53179702
btv1b8490999s,"Carte des Etats barbaresques comprenant les Régences d'Alger, de Tunis, de Tripoli et de l'Empire de Maroc avec plans détaillés de la ville, des fortifications de la baie et des environs d'Alger pour servir aux opérations de l'Armée française en Afrique / d'après les meilleurs [sic] cartes et les renseignements de plusieurs consuls qui y ont résidés, dressée par Bourgeois, ...",1830,1830,1830,19th c.,1830,Bourgeois (17..-18..). Cartographe,Bulla et Cereghetti (Paris),1:5 050 000,"1 flle ; 44,5 x 62 cm, sur feuille 51,5 x 66 cm",1,"Plans de ville | Fortifications | Alger, Régence d' | Alger -- Fortifications | Maghreb",Algérie,"Échelle(s) : [1° lat. - Om, 022 ; 1:5 050 000 environ] | Appartient à l’ensemble documentaire : MAEDI009 | Appartient à l’ensemble documentaire : MAEDIGen0",fre,"Bibliothèque nationale de France, département Cartes et plans, GE D-13813",domaine public | public domain,map | carte | image fixe | image | still image,cartes,high,tunis,city,tunis,https://gallica.bnf.fr/ark:/12148/btv1b8490999s,https://gallica.bnf.fr/iiif/ark:/12148/btv1b8490999s/manifest.json,Gallica,https://gallica.bnf.fr/ark:/12148/btv1b8490999s.thumbnail,http://catalogue.bnf.fr/ark:/12148/cb40594566g,,IFN-8490999
btv1b8446462h,"Carte des principales eaux minérales de France / par C. E. S. Gaultier de Claubry, docteur en médecine...",1830,1830,1830,19th c.,1830,"Gaultier de Claubry, Charles-Emmanuel-Simon (1785-1855). Auteur du texte",[s.n.],,1 flle : en coul. ; 60 x 49 cm,1,Eaux minérales | France,France,,fre,"Bibliothèque nationale de France, département Cartes et plans, GE D-7603",domaine public | public domain,map | carte | image fixe | image | still image,cartes,medium,,city,medenine,https://gallica.bnf.fr/ark:/12148/btv1b8446462h,https://gallica.bnf.fr/iiif/ark:/12148/btv1b8446462h/manifest.json,Gallica,https://gallica.bnf.fr/ark:/12148/btv1b8446462h.thumbnail,http://catalogue.bnf.fr/ark:/12148/cb407406543,,IFN-8446462
btv1b53098487q,"Carte des Régences d'Alger de Tunis et de Tripoli, avec l'Empire de Maroc ; comprenant aussi tout le bassin citérieure [sic] de la Méditerranée et une grande partie des Etats qui forment ses limites européennes / par Hérisson, ...",1830,1830,1830,19th c.,1830,"Hérisson, Eustache (1759-1832). Fonction indéterminée | Jean (17..-1839 ; éditeur). Fonction indéterminée",Jean (Paris),1:2 925 000,1 flle ; 81 x 57 cm,1,"Alger, Régence d' | Tunis, Régence de | Tripoli, Pachalik autonome de | Alger -- Environs",Algérie,"Échelle(s) : 10 myriamètres ou lieues nouvelles [= Om,039 ; 1:2 925 000 ca]",fre,"Bibliothèque nationale de France, département Cartes et plans, GE C-9159",domaine public | public domain,map | carte | image fixe | image | still image,cartes,high,tunis,city,tunis,https://gallica.bnf.fr/ark:/12148/btv1b53098487q,https://gallica.bnf.fr/iiif/ark:/12148/btv1b53098487q/manifest.json,Gallica,https://gallica.bnf.fr/ark:/12148/btv1b53098487q.thumbnail,http://catalogue.bnf.fr/ark:/12148/cb405938511,,IFN-53098487
btv1b55011233p,"Carte du nord de l'Afrique, comprenant les régences de Tunis, d'Alger et de Maroc, pour l'intelligence de l'expédition d'Alger... / par Darmet, 1830",1830,1830,1830,19th c.,1830,"Darmet, J. M. (17..?-18.. ; graveur). Auteur du texte",Picquet (Paris),,"1 flle [pliée] en 8 parties montées sur toile ; pliée 28,5 x 21 cm, dépliée 56,5 x 82 cm",2,Maghreb,,,fre,"Bibliothèque nationale de France, département Cartes et plans, GE F CARTE-236",domaine public | public domain,map | carte | image fixe | image | still image,cartes,high,tunis,city,tunis,https://gallica.bnf.fr/ark:/12148/btv1b55011233p,https://gallica.bnf.fr/iiif/ark:/12148/btv1b55011233p/manifest.json,Gallica,https://gallica.bnf.fr/ark:/12148/btv1b55011233p.thumbnail,http://catalogue.bnf.fr/ark:/12148/cb407181661,,IFN-55011233
bpt6k316310r,Histoire scientifique et militaire de l'expédition française en Egypte : dédiée au Roi. atlas,1830,1830,1834,19th c.,1830-1834,,"A.-J. Dénain et Delamare, éditeurs-propriétaires (Paris)",,"2 vol. (34 p.-160 pl. ; 34 p.-[150 pl.]-3 cartes) : vues, pl., cartes ; 27 x 35 cm",362,Expédition d'Égypte | Égypte | Égypte,Égypte,Échelle(s) : [Echelles diverses] | Avec mode texte,fre,"Bibliothèque nationale de France, département Philosophie, histoire, sciences de l'homme, 4-LH4-129 (2,ATLAS)",domaine public | public domain,atlas | atlas | image fixe | image | still image,cartes,medium,,city,medenine,https://gallica.bnf.fr/ark:/12148/bpt6k316310r,https://gallica.bnf.fr/iiif/ark:/12148/bpt6k316310r/manifest.json,Gallica,https://gallica.bnf.fr/ark:/12148/bpt6k316310r.thumbnail,http://catalogue.bnf.fr/ark:/12148/cb465929360,,
btv1b53098491f,"Nouvelle carte des régences d'Alger, de Tunis, de Tripoli, et de l'Empire de Maroc / dressée d'après les matériaux les plus récents par L. Berthe...",1830,1830,1830,19th c.,1830,"Berthe, L. (18..?-18.. ; éditeur). Auteur du texte | Boutin, Vincent-Yves (1772-1815). Auteur du texte",l'auteur (Paris),1:3 175 000,1 flle ; 82 x 58 cm,1,"Alger, Régence d' | Tunis, Régence de | Tripoli, Pachalik autonome de | Maroc, Royaume du | Alger -- Environs | Tripoli | Ceuta",Algérie | Libye | Espagne – Ceuta,"Échelle(s) : Myriamètres 20 [=Om, 062 ; 1:3 175 000 environ]",fre,"Bibliothèque nationale de France, département Cartes et plans, GE C-9162 (A)",domaine public | public domain,map | carte | image fixe | image | still image,cartes,high,tunis,city,tunis,https://gallica.bnf.fr/ark:/12148/btv1b53098491f,https://gallica.bnf.fr/iiif/ark:/12148/btv1b53098491f/manifest.json,Gallica,https://gallica.bnf.fr/ark:/12148/btv1b53098491f.thumbnail,Notice d'ensemble : http://catalogue.bnf.fr/ark:/12148/cb40593849g,,IFN-53098491
btv1b53098379t,"Nouvelle Carte topographique des Royaumes d'Alger, Tunis, Tripoli, Fez, Maroc et de toutes les côtes de la Méditerranée, dressée pour l'Expédition en Barbarie, par l'armée française, en Mai 1830 / Dressée par Mr. Rigault, Ingr. Géog., ex-capitaine du Génie ; Théâtre de la Guerre",1830,1830,1830,19th c.,1830,Rigault (17..-18..?). Auteur du texte | Vigezzy (17..-18..? ; éditeur à Lyon). Auteur du texte,Vigezzy (Lyon),1:5 140 000,1 flle ; 820 x 650,1,"Théâtre de la guerre | Méditerranée, Mer -- Expédition française",Monde | Zone Méditerranée,Échelle(s) : 125 Lieues communes de France de 25 au degré [=Om. 108 ; 1:5 140 000 environ],fre,"Bibliothèque nationale de France, département Cartes et plans, GE C-9360",domaine public | public domain,map | carte | view | vue | image fixe | image | still image,cartes,high,tunis,city,tunis,https://gallica.bnf.fr/ark:/12148/btv1b53098379t,https://gallica.bnf.fr/iiif/ark:/12148/btv1b53098379t/manifest.json,Gallica,https://gallica.bnf.fr/ark:/12148/btv1b53098379t.thumbnail,http://catalogue.bnf.fr/ark:/12148/cb406533332,,IFN-53098379
btv1b84919214,"Royaumes d'Alger, de Fez, de Tunis, et de Tripoli / par Bonne, ... ; Revu et augmenté par Hérisson",1830,1830,1830,19th c.,1830,"Bonne, Rigobert (1727-1795). Cartographe | Hérisson, Eustache (1759-1832). Cartographe",Jean (Paris),1:7 410 000,1 feuille ; 385 x 315,1,"Méditerranée, Mer -- Ouest | Maghreb",Monde | Zone Méditerranée,"Échelle(s) : Myriamètres ou lieues nouvelles 20 [=Om, 029 ; 1:7 410 000 environ]",fre,"Bibliothèque nationale de France, département Cartes et plans, GE D-13810",domaine public | public domain,map | carte | image fixe | image | still image,cartes,high,tunis,city,tunis,https://gallica.bnf.fr/ark:/12148/btv1b84919214,https://gallica.bnf.fr/iiif/ark:/12148/btv1b84919214/manifest.json,Gallica,https://gallica.bnf.fr/ark:/12148/btv1b84919214.thumbnail,http://catalogue.bnf.fr/ark:/12148/cb40653593g,,IFN-8491921
oai:bibliotheques-specialisees.paris.fr:ark:/73873/pf0000193532,Carte des possessions françaises en Afrique et d'une partie de la Régence de Tunis,1833,1833,1833,19th c.,1833,France.. Dépôt de la guerre,[éditeur inconnu],,1:1 000 000 | 1 carte : tracé en coul. ; 59 x 133 cm,,Afrique du Nord -- 19e siècle | Cartes,,"""Ce croquis a été autographié pour être envoyé en Afrique où il sera rectifié et complété""",fre,,,image | document cartographique | cartographic resource | carte | map,cartes,high,tunis,city | polity,regence de tunis | tunis,https://bibliotheques-specialisees.paris.fr/ark:/73873/pf0000193532,,Bibliothèques spécialisées de la Ville de Paris,https://bibliotheques-specialisees.paris.fr/in/rest/Thumb/image?id=p::usmarcdef_0000193532&amp;mat=Map,,,
btv1b530984294,Plan du terrain et des ruines de Carthage / levé et dessiné en 1831 par Falbe...,1833,1833,1833,19th c.,1833,"Falbe, Christian Tuxen (1791-1849). Cartographe",A. Desmadryl et Hancké (Paris),1:16 000,1 flle ; 58 x 70 cm,1,"Archéologie | Carthage, Site archéologique de -- 1831",Tunisie,Échelle(s) : 3000 mètres [= 0m.185 ; 1:16 000],fre,"Bibliothèque nationale de France, département Cartes et plans, GE C-9088",domaine public | public domain,map | carte | image fixe | image | still image,cartes,high,tunis,city | country,carthage | tunisia | tunisie,https://gallica.bnf.fr/ark:/12148/btv1b530984294,https://gallica.bnf.fr/iiif/ark:/12148/btv1b530984294/manifest.json,Gallica,https://gallica.bnf.fr/ark:/12148/btv1b530984294.thumbnail,http://catalogue.bnf.fr/ark:/12148/cb40707334h,,IFN-53098429
btv1b8495511m,Recherches sur l'emplacement de Carthage (5 planches qui accompagnent l'ouvrage) / par C. T. Falbe,1833,1833,1833,19th c.,1833,"Falbe, Christian Tuxen (1791-1849). Cartographe",Impr. royale (Paris),,5 flles,5,"Ruines | Stèles | Fouilles archéologiques | Carthage, Site archéologique de | Tunis, Golfe de -- Côtes",Tunisie,,fre,"Bibliothèque nationale de France, département Cartes et plans, GE D-17918 (1-5)",domaine public | public domain,map | carte | plan | plan | image fixe | image | still image,cartes,high,tunis,city | country,carthage | tunis | tunisia | tunisie,https://gallica.bnf.fr/ark:/12148/btv1b8495511m,https://gallica.bnf.fr/iiif/ark:/12148/btv1b8495511m/manifest.json,Gallica,https://gallica.bnf.fr/ark:/12148/btv1b8495511m.thumbnail,Notice de recueil : http://catalogue.bnf.fr/ark:/12148/cb40593927f,,IFN-8495511
btv1b53102664q,Mines de Gabe-Gottes et de St. Jacques,1835,1835,1835,19th c.,1835,,[s.n.],1:2 000,1 flle ms. ; 715 x 450,1,"Mines et ressources minières | Saint-Jacques, Mine de | Sainte-Marie-aux-Mines",France – Grand-Est – Haut-Rhin,Échelle(s) : [1:2 000 ],fre,"Bibliothèque nationale de France, département Cartes et plans, GE C-10506",domaine public | public domain,manuscript cartographic resource | document cartographique manuscrit | map | carte | image fixe | image | still image,cartes,medium,,city,gabes,https://gallica.bnf.fr/ark:/12148/btv1b53102664q,https://gallica.bnf.fr/iiif/ark:/12148/btv1b53102664q/manifest.json,Gallica,https://gallica.bnf.fr/ark:/12148/btv1b53102664q.thumbnail,Notice de recueil : http://catalogue.bnf.fr/ark:/12148/cb40593927f,,IFN-53102664
btv1b530353737,"Carte de la colonie française d'Alger, de la régence de Tunis et de la partie nord de l'empire de Maroc / par J. M. Darmet ; la lettre gravée par Abel Malo",1836,1836,1836,19th c.,1836,"Darmet, J. M. (17..?-18.. ; graveur). Cartographe | Malo, Abel (18..-18..?). Graveur en lettres",[s.n.] (Paris),1:2 499 000,"1 carte : en coul. ; 53 x 79 cm, sur flle 59,5 x 87,5 cm",1,Maghreb,Algérie | Tunisie | Maroc | W 6°51' - E 16°20' / N 43°56' - N 32°58',"Échelle(s) : [ca 1:2 499 000], échelle 50 lieues com[mune]s [= 8,9 cm]",fre,"Bibliothèque nationale de France, département Cartes et plans, Ge DL 1836-50",domaine public | public domain,map | carte | image fixe | image | still image,cartes,high,tunis,city | country | polity,regence de tunis | tunis | tunisia | tunisie,https://gallica.bnf.fr/ark:/12148/btv1b530353737,https://gallica.bnf.fr/iiif/ark:/12148/btv1b530353737/manifest.json,Gallica,https://gallica.bnf.fr/ark:/12148/btv1b530353737.thumbnail,http://catalogue.bnf.fr/ark:/12148/cb40593852c,,IFN-53035373
btv1b10567574w,"Carte de la Côte septentrionale d'Afrique : Partie comprise entre Alger et l'Ile de la Galite / Bérard, A.",1836,1836,1836,19th c.,1836,"Bérard, A.. Fonction indéterminée | Chassant. Graveur | Hacq, Jacques Marie (1795-1873). Graveur",,,,1,Afrique du Nord -- 19e siècle -- Cartes | Algérie | Alger | Tunisie | Ile de la Galite,,Appartient à l’ensemble documentaire : PrnS001,Sans contenu linguistique,"Bibliothèque patrimoniale de Pau, 220019 (1)",domaine public | public domain,image fixe | image | still image,cartes,high,tunis,country,tunisia | tunisie,https://gallica.bnf.fr/ark:/12148/btv1b10567574w,https://gallica.bnf.fr/iiif/ark:/12148/btv1b10567574w/manifest.json,Gallica,https://gallica.bnf.fr/ark:/12148/btv1b10567574w.thumbnail,http://catalogue.bnf.fr/ark:/12148/cb449329454,,IFN-10567574
btv1b53036695f,"Esquisse de la restauration de la ville de Carthage : d'après la topographie de Carthage de Mr. Dureau de la Malle, la carte de Mr Falbe et des dessins inédits des 16e, 17e et 18e siècles / par P. A. Dedreux, architecte ; autographié par L. Letronne",1837,1837,1837,19th c.,1837,"Dedreux, Pierre-Anne (1788-1849). Cartographe | Letronné, L. (17..-18..). Lithographe",L. Letronne (Paris),,"1 plan ; 40,5 x 55,5 cm, sur flle 56 x 75 cm",1,"Carthage, Site archéologique de",Tunisie | E 10°16' / N 36°54',Échelle(s) : [Échelle non déterminable],fre,"Bibliothèque nationale de France, département Cartes et plans, GE DL 1837-20 (B)",domaine public | public domain,plan | plan | image fixe | image | still image,cartes,high,tunis,city | country,carthage | tunisia | tunisie,https://gallica.bnf.fr/ark:/12148/btv1b53036695f,https://gallica.bnf.fr/iiif/ark:/12148/btv1b53036695f/manifest.json,Gallica,https://gallica.bnf.fr/ark:/12148/btv1b53036695f.thumbnail,Notice d'ensemble : http://catalogue.bnf.fr/ark:/12148/cb40638242j,,IFN-53036695
btv1b530352677,"Théâtre de la guerre en Afrique comprenant les régences d'Alger, de Tunis, Tripoli et de l'empire du Maroc : avec plans détaillés de la baie et des fortifications de la ville d'Alger et de ses environs... / dressé par Frémin géographe",1837,1837,1837,19th c.,1837,"Frémin, Antoine-Remy. Cartographe",Hocquart (Paris),1:5 358 000,"1 carte : en coul. ; 51,5 x 73, 5 cm, sur flle 61 x 89 cm",1,"Théâtre de la guerre | Algérie | Maroc, Royaume du | Tunis, Régence de | Tripoli, Régence de",Afrique septentrionale | W 12°55' - E 31°15' / N 44°55' - N 22°,Échelle(s) : [ca 1:5 358 000],fre,"Bibliothèque nationale de France, département Cartes et plans, Ge DL 1837-48-3",domaine public | public domain,map | carte | image fixe | image | still image,cartes,high,tunis,city,tunis,https://gallica.bnf.fr/ark:/12148/btv1b530352677,https://gallica.bnf.fr/iiif/ark:/12148/btv1b530352677/manifest.json,Gallica,https://gallica.bnf.fr/ark:/12148/btv1b530352677.thumbnail,http://catalogue.bnf.fr/ark:/12148/cb405938709,,IFN-53035267
btv1b530351348,"Carte des régences d'Alger, de Tunis et de Tripoli, avec l'empire de Maroc : comprenant aussi tout le bassin intérieur de la Méditerranée et une grande partie des États qui forment ses limites européennes / par Hérisson, géog[raph]e ; gravé par J. B. Tardieu",1840,1840,1840,19th c.,1840,"Hérisson, Eustache (1759-1832). Cartographe | Tardieu, J. B. (graveur). Graveur",Jean (Paris),1:2 858 000,"1 carte ; 57 x 83,5 cm (élt d'impr.), sur flle 62,5 x 91 cm",1,"Maghreb | Tripoli, Régence de | Alger -- Environs | Méditerranéen, Bassin",Afrique septentrionale | Zone Méditerranée | W 9°8' - E 16°38' / N 44°12' - N 32°29',"Échelle(s) : [ca 1:2 858 000], échelle 10 myriamètres [= 3,5 cm]",fre,"Bibliothèque nationale de France, département Cartes et plans, GE DL 1839-101",domaine public | public domain,map | carte | image fixe | image | still image,cartes,high,tunis,city,tunis,https://gallica.bnf.fr/ark:/12148/btv1b530351348,https://gallica.bnf.fr/iiif/ark:/12148/btv1b530351348/manifest.json,Gallica,https://gallica.bnf.fr/ark:/12148/btv1b530351348.thumbnail,http://catalogue.bnf.fr/ark:/12148/cb42578745w,,IFN-53035134
btv1b530984885,"Carte des Régences d'Alger, de Tunis et de Tripoli, avec l'Empire de Maroc, comprenant aussi tout le bassin intérieur de la Méditerranée et une grande partie des Etats qui forment ses limites européennes / par Hérisson... ; Gravé par J.B. Tardieu",1840,1840,1840,19th c.,1840,"Hérisson, Eustache (1759-1832). Fonction indéterminée | Tardieu, J. B. (graveur). Fonction indéterminée | Jean, veuve. Fonction indéterminée",Vve Jean (Paris),1:2 925 000,1 flle ; 830 x 560,1,"Alger, Régence d' | Tunis, Régence de | Tripoli, Régence de | Maroc, Royaume du | Alger | Constantine | Oran | Marrakech",Algérie | Maroc,Échelle(s) : Myriamètres ou lieues nouvelles 10 [=Om. 035 ; 1:2 925 000 environ],fre,"Bibliothèque nationale de France, département Cartes et plans, GE C-9160",domaine public | public domain,map | carte | image fixe | image | still image,cartes,high,tunis,city,tunis,https://gallica.bnf.fr/ark:/12148/btv1b530984885,https://gallica.bnf.fr/iiif/ark:/12148/btv1b530984885/manifest.json,Gallica,https://gallica.bnf.fr/ark:/12148/btv1b530984885.thumbnail,http://catalogue.bnf.fr/ark:/12148/cb40624484v,,IFN-53098488
btv1b530880672,"Carte du gouvernement d'Alger comprenant l'empire de Maroc, la régence de Tunis et une partie du grand désert / par A. R. Frémin géographe ; gravée sur acier par Bénard",1840,1840,1840,19th c.,1840,"Frémin, Antoine-Remy. Cartographe | Bénard (18..-18.. ; graveur). Graveur",A. Léotaud (Paris),1:3 334 000,"1 carte ; 34 x 57,5 cm, sur flle 48,5 x 62,5 cm",1,"Algérie | Maroc, Royaume du -- Est | Tunis, Régence de",Algérie | Maroc | Tunisie | W 12°55' - E 31°15' / N 44°55' - N 22°,"Échelle(s) : [ca 1:3 334 000], 100 kilomètres [= 3 cm]",fre,"Bibliothèque nationale de France, département Cartes et plans, Ge DL 1840-109",domaine public | public domain,map | carte | image fixe | image | still image,cartes,high,tunis,city | country | polity,regence de tunis | tunis | tunisia | tunisie,https://gallica.bnf.fr/ark:/12148/btv1b530880672,https://gallica.bnf.fr/iiif/ark:/12148/btv1b530880672/manifest.json,Gallica,https://gallica.bnf.fr/ark:/12148/btv1b530880672.thumbnail,http://catalogue.bnf.fr/ark:/12148/cb426716949,,IFN-53088067
btv1b53088066m,"Carte du gouvernement d'Alger comprenant l'empire de Maroc, la régence de Tunis et une partie du grand désert / par A. R. Fremin, géographe ; gravée sur acier par Bénard ; imp[rim]ée par Folliau",1840,1840,1840,19th c.,1840,"Frémin, Antoine-Remy. Graveur | Bénard (18..-18.. ; graveur). Graveur",A. Léotaud (Paris),1:3 449 000,"1 carte ; 33 x 55,5 cm, sur flle 62 x 90 cm",1,"Algérie | Maroc, Royaume du -- Est | Tunis, Régence de",Algérie | Maroc | Tunisie | W 12°55' - E 31°15' / N 44°55' - N 22°,"Échelle(s) : [ca 1:3 449 000], 100 km [= 2,9 cm]",fre,"Bibliothèque nationale de France, département Cartes et plans, Ge DL 1840-138",domaine public | public domain,map | carte | image fixe | image | still image,cartes,high,tunis,city | country | polity,regence de tunis | tunis | tunisia | tunisie,https://gallica.bnf.fr/ark:/12148/btv1b53088066m,https://gallica.bnf.fr/iiif/ark:/12148/btv1b53088066m/manifest.json,Gallica,https://gallica.bnf.fr/ark:/12148/btv1b53088066m.thumbnail,http://catalogue.bnf.fr/ark:/12148/cb426961549,,IFN-53088066
btv1b530353989,"Théâtre de la guerre en Afrique, comprenant les régences d'Alger, de Tunis, Tripoli et de l'empire du Maroc : Avec plans détaillés de la baie et des fortifications de la ville d'Alger et de ses environs, d'après les meilleurs matériaux qu'on a pu se procurer sur ce pays / drefsé par Frémin géographe",1840,1840,1840,19th c.,1840,"Frémin, Antoine-Remy. Cartographe",Hocquart (Paris),1:5 085 000,"1 carte : avec limites col. ; 52,5 x 76 cm, sur flle 62,5 x 90,5 cm",1,"Divisions politiques et administratives | Maghreb -- Divisions politiques et administratives | Tripoli, Régence de | Alger -- Environs",Afrique septentrionale | W 9°40' - E 32°50' / N 44°48' - N 20°,"Échelle(s) : [ca 1:5 085 000], 30 myriamètres [= 5,9 cm]",fre,"Bibliothèque nationale de France, département Cartes et plans, GE DL 1839-124",domaine public | public domain,map | carte | image fixe | image | still image,cartes,high,tunis,city,tunis,https://gallica.bnf.fr/ark:/12148/btv1b530353989,https://gallica.bnf.fr/iiif/ark:/12148/btv1b530353989/manifest.json,Gallica,https://gallica.bnf.fr/ark:/12148/btv1b530353989.thumbnail,http://catalogue.bnf.fr/ark:/12148/cb425793153,,IFN-53035398
btv1b530875502,Carte de l'Algérie au sud de Guelma depuis le mont Auress jusqu'à la limite de Tunis dressée en totalité en 1838 au moyen de renseignements fournis par les indigènes / par le général Duvivier ; gravé et imprimé chez Gratia,1841,1841,1841,19th c.,1841,"Duvivier, Franciade Fleurus (1794-1848). Cartographe | Gratia, N.. Graveur",[s.n.],1:600 000,"1 carte ; 48 x 53 cm, sur flle 53,5 x 70 cm",1,Algérie | Guelma,Algérie | E 6°37' - E 10°13' / N 37° - N 35°,Échelle(s) : 1:600 000,fre,"Bibliothèque nationale de France, département Cartes et plans, GE DL 1841-264",domaine public | public domain,map | carte | image fixe | image | still image,cartes,high,tunis,city,tunis,https://gallica.bnf.fr/ark:/12148/btv1b530875502,https://gallica.bnf.fr/iiif/ark:/12148/btv1b530875502/manifest.json,Gallica,https://gallica.bnf.fr/ark:/12148/btv1b530875502.thumbnail,http://catalogue.bnf.fr/ark:/12148/cb427856474,,IFN-53087550
btv1b530252651,"Carte des régences d'Alger, de Tunis et de Tripoli, avec l'empire de Maroc... / par Hérisson, ,... ; Gravé par J.B. Tardieu",1841,1841,1841,19th c.,1841,"Hérisson, Eustache (1759-1832). Auteur du texte | Tardieu, J. B. (graveur). Fonction indéterminée | Jean, veuve. Fonction indéterminée",Vve Jean (Paris),1:2 925 000,1 flle avec limites col. ; 83 x 55 cm,1,"Alger, Régence d' | Tunis, Régence de | Tripoli, Régence de | Maroc, Royaume du | Alger | Constantine | Oran | Marrakech",Algérie | Maroc,"Échelle(s) : Myriamètres ou lieues nouvelles 10 [= 0m, 035 ; 1:2 925 000 environ]",fre,"Bibliothèque nationale de France, département Cartes et plans, GE C-902",domaine public | public domain,map | carte | image fixe | image | still image,cartes,high,tunis,city,tunis,https://gallica.bnf.fr/ark:/12148/btv1b530252651,https://gallica.bnf.fr/iiif/ark:/12148/btv1b530252651/manifest.json,Gallica,https://gallica.bnf.fr/ark:/12148/btv1b530252651.thumbnail,http://catalogue.bnf.fr/ark:/12148/cb407191350,,IFN-53025265
btv1b53087517j,"Carte géographique, physique et politique des royaumes d'Espagne et de Portugal indiquant toutes les routes principales et la division par provinces : accompagnée d'une partie de l'Afrique, donnant toute l'Algérie depuis le détroit de Gibraltar, jusqu'aux frontières de Tunis / Dressée par Girard et Charlie, géographes ; écrit par Mlle Vicq",1841,1841,1841,19th c.,1841,"Girard, Xavier (17..-18..). Cartographe | Charle, Jean Baptiste Louis (18..-). Cartographe | Vicq, Mlle. Graveur en lettres",Vicq (Paris),1:2 128 000,"1 carte : en coul. ; 53,5 x 82,5 cm, sur flle 59,5 x 88,5 cm",1,Divisions politiques et administratives | Espagne -- Divisions politiques et administratives | Portugal -- Divisions politiques et administratives,Espagne | Portugal | W 9°30' - E 3°19' / N 43°44' - N 36°58',"Échelle(s) : [ca 1:2 128 000], 200 kilomètres [= 9,4 cm]",fre,"Bibliothèque nationale de France, département Cartes et plans, GE DL 1841-130 (A)",domaine public | public domain,map | carte | image fixe | image | still image,cartes,high,tunis,city,tunis,https://gallica.bnf.fr/ark:/12148/btv1b53087517j,https://gallica.bnf.fr/iiif/ark:/12148/btv1b53087517j/manifest.json,Gallica,https://gallica.bnf.fr/ark:/12148/btv1b53087517j.thumbnail,http://catalogue.bnf.fr/ark:/12148/cb42791510r,,IFN-53087517
btv1b53087533k,"Carte géographique, physique et politique des royaumes d'Espagne et de Portugal indiquant toutes les routes principales et la division par provinces : accompagnée d'une partie de l'Afrique, donnant toute l'Algérie depuis le détroit de Gibraltar, jusqu'aux frontières de Tunis / Dressée par Girard et Charlie, géographes ; écrit par Mlle Vicq",1841,1841,1841,19th c.,1841,"Girard, Xavier (17..-18..). Cartographe | Charle, Jean Baptiste Louis (18..-). Cartographe | Vicq, Mlle. Graveur en lettres",Vicq (Paris),1:2 128 000,"1 carte : avec limites col. ; 53,5 x 82,5 cm, sur flle 59,5 x 88,5 cm",1,Divisions politiques et administratives | Espagne -- Divisions politiques et administratives | Portugal -- Divisions politiques et administratives,Espagne | Portugal | W 9°30' - E 3°19' / N 43°44' - N 36°58',"Échelle(s) : [ca 1:2 128 000], 200 kilomètres [= 9,4 cm]",fre,"Bibliothèque nationale de France, département Cartes et plans, GE DL 1841-130 (C)",domaine public | public domain,map | carte | image fixe | image | still image,cartes,high,tunis,city,tunis,https://gallica.bnf.fr/ark:/12148/btv1b53087533k,https://gallica.bnf.fr/iiif/ark:/12148/btv1b53087533k/manifest.json,Gallica,https://gallica.bnf.fr/ark:/12148/btv1b53087533k.thumbnail,Notice d'ensemble : http://catalogue.bnf.fr/ark:/12148/cb42775671s,,IFN-53087533
btv1b530875341,"Théâtre de la guerre en Afrique, comprenant les régences d'Alger, de Tunis, Tripoli et de l'empire du Maroc : avec plans détaillés de la baie et des fortifications de la ville d'Alger et de ses environs, d'après les meilleurs matériaux qu'on a pu se procurer sur ce pays / dressé par Frémin géographe",1841,1841,1841,19th c.,1841,"Frémin, Antoine-Remy. Cartographe",Hocquart (Paris),1:5 085 000,"1 carte : limites col. ; 52,5 x 75,5 cm, sur flle 62,5 x 90,5 cm",1,"Divisions politiques et administratives | Maghreb -- Divisions politiques et administratives | Tripoli, Régence de | Alger -- Environs",Afrique septentrionale | W 9°40' - E 32°50' / N 44°48' - N 20°,"Échelle(s) : [ca 1:5 085 000], 30 myriamètres [= 5,9 cm]",fre,"Bibliothèque nationale de France, département Cartes et plans, GE DL 1841-101",domaine public | public domain,map | carte | image fixe | image | still image,cartes,high,tunis,city,tunis,https://gallica.bnf.fr/ark:/12148/btv1b530875341,https://gallica.bnf.fr/iiif/ark:/12148/btv1b530875341/manifest.json,Gallica,https://gallica.bnf.fr/ark:/12148/btv1b530875341.thumbnail,http://catalogue.bnf.fr/ark:/12148/cb42773551d,,IFN-53087534
btv1b53179703r,"Carte de la Régence de Tunis dressée au Dépôt général de la guerre sous la direction de Mr. le lieu.t gén.al baron Pelet d'après les observations et les reconnaissances de Mr. Falbe, cap.ne de vaisseau danois, de Mr. Pricot S.te Marie cap.ne d'Etat-major, et d'après les renseignemens recueillis par eux. Gravé J. Schwaerzlé",1842,1842,1842,19th c.,1842,"Pelet, Jean-Jacques-Germain (1777-1858). Cartographe | Schwaerzlé, J. (18..-18..). Graveur | France. Dépôt de la guerre. Auteur du texte",Imp.ie de Kaeppelin (Paris),1:400 000,1 carte pliée ; 84 x 93 cm,2,"Voies de communication | Tunis, Régence de",Tunisie,"Échelle(s) : Echelle de 1/400.000 ; 3 Myriamètres [= 7,4 cm]",fre,"Bibliothèque nationale de France, département Cartes et plans, GE SH 19 PF 1 QUATER DIV 25 P 2 (1)",domaine public | public domain,map | carte | image fixe | image | still image,cartes,high,tunis,city | country | polity,regence de tunis | tunis | tunisia | tunisie,https://gallica.bnf.fr/ark:/12148/btv1b53179703r,https://gallica.bnf.fr/iiif/ark:/12148/btv1b53179703r/manifest.json,Gallica,https://gallica.bnf.fr/ark:/12148/btv1b53179703r.thumbnail,Notice de recueil : http://catalogue.bnf.fr/ark:/12148/cb451283115,,IFN-53179703
btv1b530877105,"Carte frontière du département de Haute-Garonne / par Bartro, capitaine des douanes à Luchon ; dressée d'après Cassini, et les plans du cadastre des communes ; revue par Mr Barrau, docteur en médecine au même lieu ; gravé par Pierre Tardieu",1842,1842,1842,19th c.,1842,"Bartro, Antoine (1801-1896). Cartographe du modèle | Cassini de Thury, César-François (1714-1784). Cartographe du modèle | Barrau (18..-18.. ; médecin). Cartographe | Tardieu, Pierre Antoine (1784-1869). Graveur",[s.n.],1:91 000,"1 carte : avec limite col. ; 47 x 65,5 cm (élt d'impr.), sur flle 54,5 x 71,5 cm",1,"Haute-Garonne, Département de la -- Sud -- Frontières",France – Occitanie – Haute-Garonne | E 25' - E 4°59' / N 42°56' - N 42°47',"Échelle(s) : [ca 1:91 000] 5 000 mètres [= 5,5 cm] | Appartient à l’ensemble documentaire : MidiPyren1 | Appartient à l’ensemble documentaire : RsAlis000 | Appartient à l’ensemble documentaire : RsAlis005 | Appartient à l’ensemble documentaire : RsAlis036",fre,"Bibliothèque nationale de France, département Cartes et plans, GE DL 1843-127",domaine public | public domain,map | carte | image fixe | image | still image,cartes,medium,,city,medenine,https://gallica.bnf.fr/ark:/12148/btv1b530877105,https://gallica.bnf.fr/iiif/ark:/12148/btv1b530877105/manifest.json,Gallica,https://gallica.bnf.fr/ark:/12148/btv1b530877105.thumbnail,Notice d'ensemble : http://catalogue.bnf.fr/ark:/12148/cb40723280v,,IFN-53087710
btv1b53087587f,"Théâtre de la guerre en Afrique, comprenant les régences d'Alger, de Tunis, Tripoli et de l'empire du Maroc : avec plans détaillés de la baie et des fortifications de la ville d'Alger et de ses environs, d'après les meilleurs matériaux qu'on a pu se procurer sur ce pays / dressé par Frémin géographe",1842,1842,1842,19th c.,1842,"Frémin, Antoine-Remy. Cartographe",Basset (Paris),1:5 085 000,"1 carte ; 52,5 x 75,5 cm, sur flle 62,5 x 90,5 cm",1,"Divisions politiques et administratives | Maghreb -- Divisions politiques et administratives | Tripoli, Régence de | Alger -- Environs",Afrique septentrionale | W 9°40' - E 32°50' / N 44°48' - N 20°,"Échelle(s) : [ca 1:5 085 000], 30 myriamètres [= 5,9 cm]",fre,"Bibliothèque nationale de France, département Cartes et plans, GE DL 1842-37",domaine public | public domain,map | carte | image fixe | image | still image,cartes,high,tunis,city,tunis,https://gallica.bnf.fr/ark:/12148/btv1b53087587f,https://gallica.bnf.fr/iiif/ark:/12148/btv1b53087587f/manifest.json,Gallica,https://gallica.bnf.fr/ark:/12148/btv1b53087587f.thumbnail,http://catalogue.bnf.fr/ark:/12148/cb427913497,,IFN-53087587
btv1b53087678v,Canevas géographique de la partie méridionale des régences d'Alger et de Tunis / dressé par E. Carette... ; gravé par L. Bouffard ; lith. Lemercier,1843,1843,1843,19th c.,1843,"Carette, Ernest (1808-1890). Cartographe | Bouffard, L. (18..-18.. ; graveur). Graveur | Lemercier, Joseph (1803-1887). Lithographe",[s.n.],1:2 000 000,"1 carte ; 54 x 70 cm, sur flle 61,5 x 83 cm",1,"Algérie | Tunis, Régence de",Algérie | W 3°40' - E 11°20' / N 38° - N 30°,Échelle(s) : 1:2 000 000,fre,"Bibliothèque nationale de France, département Cartes et plans, GE DL 1843-92",domaine public | public domain,map | carte | image fixe | image | still image,cartes,high,tunis,city,tunis,https://gallica.bnf.fr/ark:/12148/btv1b53087678v,https://gallica.bnf.fr/iiif/ark:/12148/btv1b53087678v/manifest.json,Gallica,https://gallica.bnf.fr/ark:/12148/btv1b53087678v.thumbnail,http://catalogue.bnf.fr/ark:/12148/cb42409093f,,IFN-53087678
btv1b53063506p,"Carte de l'itinéraire suivi par M. Delaporte, élève-consul dans la régence de Tunis à l'occasion de la mission qui lui a été confiée le 14 juillet 1843, par M. de Lagau, consul général et chargé d'affaires de France à Tunis",1843,1843,1843,19th c.,1843,,[s.n.],,1 flle : ms en coul. sur papier végétal ; 35 x 50 cm,1,"Tunis, Régence de",,Appartient à l’ensemble documentaire : MAEDI009 | Appartient à l’ensemble documentaire : MAEDIGen0,fre,"Bibliothèque nationale de France, département Cartes et plans, GE C-4470",domaine public | public domain,manuscript cartographic resource | document cartographique manuscrit | map | carte | image fixe | image | still image,cartes,high,tunis,city | polity,regence de tunis | tunis,https://gallica.bnf.fr/ark:/12148/btv1b53063506p,https://gallica.bnf.fr/iiif/ark:/12148/btv1b53063506p/manifest.json,Gallica,https://gallica.bnf.fr/ark:/12148/btv1b53063506p.thumbnail,http://catalogue.bnf.fr/ark:/12148/cb40730732v,,IFN-53063506
btv1b53098489m,"Carte des Régences d'Alger, de Tunis, et de Tripoli, avec l'Empire de Maroc... / par Hérisson.... ; Gravé par J.B. Tardieu...",1843,1843,1843,19th c.,1843,"Hérisson, Eustache (1759-1832). Fonction indéterminée | Tardieu, J. B. (graveur). Fonction indéterminée | Jean, veuve. Fonction indéterminée",Vve Jean (Paris),1:2 925 000,1 flle ; 835 x 570,1,"Alger, Régence d' | Tunis, Régence de | Tripoli, Régence de | Maroc, Royaume du | Alger | Constantine | Oran | Marrakech",Algérie | Maroc,"Échelle(s) : Myriamètres ou lieues nouvelles 10 [=Om, 035 ; 1:2 925 000 environ]",fre,"Bibliothèque nationale de France, département Cartes et plans, GE C-9161",domaine public | public domain,map | carte | image fixe | image | still image,cartes,high,tunis,city,tunis,https://gallica.bnf.fr/ark:/12148/btv1b53098489m,https://gallica.bnf.fr/iiif/ark:/12148/btv1b53098489m/manifest.json,Gallica,https://gallica.bnf.fr/ark:/12148/btv1b53098489m.thumbnail,http://catalogue.bnf.fr/ark:/12148/cb406247882,,IFN-53098489
btv1b8494592r,"Projet de Délimitation entre l'Algérie et la Régence de Tunis depuis le Cap Roux jusqu'au Cours de la Medjerda, suivant la proposition faite le 9 Novembre 1843 par le Général Randon, ... / Vu et approuvé par le Général commandant la Subdivision de Bône. Signé : Randon",1843,1843,1843,19th c.,1843,"Randon, Jacques-Louis-César-Alexandre Pully (1795-1871 ; comte). Fonction indéterminée",[s.n.] (La Calle),1:100 000,1 flle ms. à la plume et au lavis sur calque ; 68 x 51 cm,1,Frontières | Algérie -- Nord -- Frontières -- Tunisie,Monde,Échelle(s) : 1 : 100 000,fre,"Bibliothèque nationale de France, département Cartes et plans, GE D-16910",domaine public | public domain,manuscript cartographic resource | document cartographique manuscrit | map | carte | image fixe | image | still image,cartes,high,tunis,city | country | polity,regence de tunis | tunis | tunisia | tunisie,https://gallica.bnf.fr/ark:/12148/btv1b8494592r,https://gallica.bnf.fr/iiif/ark:/12148/btv1b8494592r/manifest.json,Gallica,https://gallica.bnf.fr/ark:/12148/btv1b8494592r.thumbnail,http://catalogue.bnf.fr/ark:/12148/cb40594722d,,IFN-8494592
btv1b53063630m,"Projet de délimitation entre l'Algérie et la régence de Tunis depuis le cap Roux jusqu'au cours de la Medjerda, suivant la proposition faite le 9 novembre 1843, par le général Randon, commissaire du gouvernement français pour la démarcation de cette frontière",1843,1843,1843,19th c.,1843,,[s.n.],1:100 000,1 flle : ms. en coul. sur papier végétal ; 68 x 51 cm,1,Algérie -- Tunisie -- Frontières,,Échelle(s) : 1:100 000,fre,"Bibliothèque nationale de France, département Cartes et plans, GE C-4469",domaine public | public domain,manuscript cartographic resource | document cartographique manuscrit | map | carte | image fixe | image | still image,cartes,high,tunis,city | country | polity,regence de tunis | tunis | tunisia | tunisie,https://gallica.bnf.fr/ark:/12148/btv1b53063630m,https://gallica.bnf.fr/iiif/ark:/12148/btv1b53063630m/manifest.json,Gallica,https://gallica.bnf.fr/ark:/12148/btv1b53063630m.thumbnail,http://catalogue.bnf.fr/ark:/12148/cb40710726h,,IFN-53063630
btv1b53119590h,"Carte de l'Algérie et de la Régence de Tunis / Publiée par J. Andriveau-Goujon ; D'après les documents du Dépôt de la Guerre, et du Dépôt de la Marine",1844,1844,1844,19th c.,1844,"Andriveau-Goujon, J.. Cartographe | Andriveau-Goujon, J.. Fonction indéterminée",... Andriveau-Goujon (Paris),1:1 720 000,1 carte : en coul. ; 64 x 91 cm,1,"Algérie | Tunis, Régence de | Oran, Province d' | Alger, Province d' | Constantine, Province de",Afrique septentrionale | W 2°40' - E 11°20' / N 37°30' - N 30°,Échelle(s) : 1:1 720 000,fre,"Bibliothèque nationale de France, département Cartes et plans, GE C-11027",domaine public | public domain,map | carte | image fixe | image | still image,cartes,high,tunis,city | polity,regence de tunis | tunis,https://gallica.bnf.fr/ark:/12148/btv1b53119590h,https://gallica.bnf.fr/iiif/ark:/12148/btv1b53119590h/manifest.json,Gallica,https://gallica.bnf.fr/ark:/12148/btv1b53119590h.thumbnail,http://catalogue.bnf.fr/ark:/12148/cb407740065,,IFN-53119590
btv1b53088205f,"Carte des pays barbaresques du nord de l'Afrique : Afrique française et empire de Maroc pour servir à l'intelligence des opérations militaires et politiques de la France et de l'Espagne / dressée par A. Vuillemin,...",1844,1844,1844,19th c.,1844,"Vuillemin, Alexandre Aimé (1812-1886). Cartographe",[s.n.],,"1 carte ; 43,5 x 60 cm (élt d'impr.), sur flle 54,5 x 71,5 cm",1,"Maghreb | Maroc, Royaume du | Algérie -- Nord | Tunisie",Afrique septentrionale | Maroc | W 9°46' - E 10°38' / N 38°44' - N 32°18',Échelle(s) : [Échelle non déterminable],fre,"Bibliothèque nationale de France, département Cartes et plans, GE DL 1844-166-1",domaine public | public domain,map | carte | image fixe | image | still image,cartes,high,tunis,country,tunisia | tunisie,https://gallica.bnf.fr/ark:/12148/btv1b53088205f,https://gallica.bnf.fr/iiif/ark:/12148/btv1b53088205f/manifest.json,Gallica,https://gallica.bnf.fr/ark:/12148/btv1b53088205f.thumbnail,http://catalogue.bnf.fr/ark:/12148/cb43574495s,,IFN-53088205
btv1b53098492w,"Carte des Régences d'Alger, de Tunis et de Tripoli avec l'Empire de Maroc, comprenant aussi tout le bassin citérieur de la Méditerranée et une grande partie des Etats qui forment ses limites européennes / par Hérisson... ; gravé par J.B. Tardieu",1844,1844,1844,19th c.,1844,"Hérisson, Eustache (1759-1832). Fonction indéterminée | Tardieu, J. B. (graveur). Fonction indéterminée | Jean, veuve. Fonction indéterminée",Vve Jean (Paris),1:2 925 000,1 flle ; 835 x 570,1,"Alger, Régence d' | Tunis, Régence de | Tripoli, Régence de | Maroc, Royaume du | Alger | Constantine | Oran | Marrakech",Algérie | Maroc,"Échelle(s) : Myriamètres ou lieues nouvelles 10 [=Om, 035 ; 1:2 925 000 environ]",fre,"Bibliothèque nationale de France, département Cartes et plans, GE C-9163",domaine public | public domain,map | carte | image fixe | image | still image,cartes,high,tunis,city,tunis,https://gallica.bnf.fr/ark:/12148/btv1b53098492w,https://gallica.bnf.fr/iiif/ark:/12148/btv1b53098492w/manifest.json,Gallica,https://gallica.bnf.fr/ark:/12148/btv1b53098492w.thumbnail,http://catalogue.bnf.fr/ark:/12148/cb40624789d,,IFN-53098492
btv1b84693936,"Carte du Nord-Ouest de l'Afrique comprenant l'empire de Maroc, l'Algérie et la régence de Tunis...",1844,1844,1844,19th c.,1844,,J. Andriveau-Goujon (Paris),1:4 400 000,1 flle ; 56 x 38 cm,1,Afrique -- Nord-Ouest,,Échelle(s) : 1:4 400 000,fre,"Bibliothèque nationale de France, département Cartes et plans, GE D-11501",domaine public | public domain,map | carte | image fixe | image | still image,cartes,high,tunis,city | polity,regence de tunis | tunis,https://gallica.bnf.fr/ark:/12148/btv1b84693936,https://gallica.bnf.fr/iiif/ark:/12148/btv1b84693936/manifest.json,Gallica,https://gallica.bnf.fr/ark:/12148/btv1b84693936.thumbnail,http://catalogue.bnf.fr/ark:/12148/cb40674588j,,IFN-8469393
btv1b530886032,"Carte du Nord-Ouest de l'Afrique, comprenant l'empire de Maroc, l'Algérie et la régence de Tunis...",1844,1844,1844,19th c.,1844,,J. Andriveau-Goujon (Paris),1:4 400 000,1 flle : avec traces en coul. ; 55 x 38 cm,1,Afrique -- Nord-Ouest,,Échelle(s) : 1:4 400 000 environ,fre,"Bibliothèque nationale de France, département Cartes et plans, GE C-7802",domaine public | public domain,map | carte | image fixe | image | still image,cartes,high,tunis,city | polity,regence de tunis | tunis,https://gallica.bnf.fr/ark:/12148/btv1b530886032,https://gallica.bnf.fr/iiif/ark:/12148/btv1b530886032/manifest.json,Gallica,https://gallica.bnf.fr/ark:/12148/btv1b530886032.thumbnail,http://catalogue.bnf.fr/ark:/12148/cb406745876,,IFN-53088603
btv1b53098493b,"Carte des Régences d'Alger, de Tunis et de Tripoli avec l'Empire de Maroc, comprenant aussi tout le bassin citérieur de la Méditerranée et une grande partie des Etats qui forment ses limites européennes / par Hérisson... ; gravé par J.B. Tardieu",1845,1845,1845,19th c.,1845,"Hérisson, Eustache (1759-1832). Fonction indéterminée | Tardieu, J. B. (graveur). Fonction indéterminée | Jean, veuve. Fonction indéterminée",Vve Jean (Paris),1:2 925 000,1 flle ; 835 x 570,1,"Alger, Régence d' | Tunis, Régence de | Tripoli, Régence de | Maroc, Royaume du | Alger | Constantine | Oran | Marrakech",Algérie | Maroc,"Échelle(s) : Myriamètres ou lieues nouvelles 10 [=Om, 035 ; 1:2 925 000 environ]",fre,"Bibliothèque nationale de France, département Cartes et plans, GE C-9164",domaine public | public domain,map | carte | image fixe | image | still image,cartes,high,tunis,city,tunis,https://gallica.bnf.fr/ark:/12148/btv1b53098493b,https://gallica.bnf.fr/iiif/ark:/12148/btv1b53098493b/manifest.json,Gallica,https://gallica.bnf.fr/ark:/12148/btv1b53098493b.thumbnail,http://catalogue.bnf.fr/ark:/12148/cb40624790m,,IFN-53098493
btv1b53088086f,Carte de l'Algérie dressée au dépôt de la guerre / sous la direction de M. le lieut[enan]t général Pelet...,1846,1846,1846,19th c.,1846,"Pelet, Jean-Jacques-Germain (1777-1858). Éditeur scientifique",[s.n.],1:1 500 000,"1 carte : en coul. ; 63,5 x 98,5 cm, sur flle 68,5 x 100 cm",1,Divisions politiques et administratives | Algérie -- Divisions politiques et administratives | Tunisie,Algérie | W 2°30' - E 8°42' / N 40° - N 32°,Échelle(s) : 1:1 500 000,fre,"Bibliothèque nationale de France, département Cartes et plans, GE DL 1846-65-1",domaine public | public domain,map | carte | image fixe | image | still image,cartes,high,tunis,country,tunisia | tunisie,https://gallica.bnf.fr/ark:/12148/btv1b53088086f,https://gallica.bnf.fr/iiif/ark:/12148/btv1b53088086f/manifest.json,Gallica,https://gallica.bnf.fr/ark:/12148/btv1b53088086f.thumbnail,http://catalogue.bnf.fr/ark:/12148/cb43640394r,,IFN-53088086
btv1b53088118t,"Carte des Régences d'Alger, de Tunis et de Tripoli, avec l'Empire de Maroc, comprenant aussi tout le bassin citérieur de la Méditerranée et une grande partie des États qui forment ses limites européennes / par Hérisson géog[raph]e ; gravé par J. -B. Tardieu",1846,1846,1846,19th c.,1846,"Hérisson, Eustache (1759-1832). Cartographe | Tardieu, J. B. (graveur). Graveur",Vve Turgis (Paris),1:2 925 000,"1 carte ; 54 x 78,5 cm, sur flle 62,5 x 91 cm",1,"Alger, Régence d' | Tunis, Régence de | Tripoli, Régence de | Maroc, Royaume du | Alger | Constantine | Oran | Marrakech",Afrique septentrionale | W 9°23' - E 11° / N 44°21' - N 31°,"Échelle(s) : [ca 1:2 925 000], 10 myriamètres ou lieues nouvelles [= 3,5 cm]",fre,"Bibliothèque nationale de France, département Cartes et plans, GE DL 1846-90",domaine public | public domain,map | carte | image fixe | image | still image,cartes,high,tunis,city,tunis,https://gallica.bnf.fr/ark:/12148/btv1b53088118t,https://gallica.bnf.fr/iiif/ark:/12148/btv1b53088118t/manifest.json,Gallica,https://gallica.bnf.fr/ark:/12148/btv1b53088118t.thumbnail,Notice d'ensemble : http://catalogue.bnf.fr/ark:/12148/cb406244856,,IFN-53088118
btv1b530984957,"Carte des Régences d'Alger, de Tunis et de Tripoli, avec l'Empire de Maroc, comprenant aussi tout le bassin citérieur de la Méditerranée et une grande partie des Etats qui forment ses limites européennes / par Hérisson, ... ; Gravé par J. -B. Tardieu",1846,1846,1846,19th c.,1846,"Hérisson, Eustache (1759-1832). Fonction indéterminée | Tardieu, J. B. (graveur). Fonction indéterminée | Turgis, Veuve (17..-18.. ; éditeur). Fonction indéterminée",Vve Turgis (Paris),1:2 925 000,1 flle ; 835 x 570,1,"Alger, Régence d' | Tunis, Régence de | Tripoli, Régence de | Maroc, Royaume du | Alger | Constantine | Oran | Marrakech",Algérie | Maroc,"Échelle(s) : Myriamètres ou lieues nouvelles 10 [=Om, 035 ; 1:2 925 000 environ]",fre,"Bibliothèque nationale de France, département Cartes et plans, GE C-9166",domaine public | public domain,map | carte | image fixe | image | still image,cartes,high,tunis,city,tunis,https://gallica.bnf.fr/ark:/12148/btv1b530984957,https://gallica.bnf.fr/iiif/ark:/12148/btv1b530984957/manifest.json,Gallica,https://gallica.bnf.fr/ark:/12148/btv1b530984957.thumbnail,http://catalogue.bnf.fr/ark:/12148/cb40624486j,,IFN-53098495
btv1b53098496p,"Carte des Régences d'Alger, de Tunis et de Tripoli, avec l'Empire de Maroc, comprenant aussi tout le bassin citérieur de la Méditerranée et une grande partie des Etats qui forment ses limites européennes / par Hérisson, ... ; Gravé par J. -B. Tardieu",1846,1846,1846,19th c.,1846,"Hérisson, Eustache (1759-1832). Fonction indéterminée | Tardieu, J. B. (graveur). Fonction indéterminée | Turgis, Veuve (17..-18.. ; éditeur). Fonction indéterminée",Vve Turgis (Paris),1:2 925 000,1 flle ; 835 x 570,1,"Alger, Régence d' | Tunis, Régence de | Tripoli, Régence de | Maroc, Royaume du | Alger | Constantine | Oran | Marrakech",Algérie | Maroc,"Échelle(s) : Myriamètres ou lieues nouvelles 10 [=Om, 035 ; 1:2 925 000 environ]",fre,"Bibliothèque nationale de France, département Cartes et plans, GE C-9167",domaine public | public domain,map | carte | image fixe | image | still image,cartes,high,tunis,city,tunis,https://gallica.bnf.fr/ark:/12148/btv1b53098496p,https://gallica.bnf.fr/iiif/ark:/12148/btv1b53098496p/manifest.json,Gallica,https://gallica.bnf.fr/ark:/12148/btv1b53098496p.thumbnail,http://catalogue.bnf.fr/ark:/12148/cb40624487w,,IFN-53098496
btv1b53088018f,"Carte générale de l'Algérie comprenant l'empire de Maroc de la régence de Tunis dressée d'après les derniers documents... / par A.-R. Frémin, ingénieur-géographe ; gravée par Ch. Leclercq ; et I[sido]re Dalmont",1847,1847,1847,19th c.,1847,"Frémin, Antoine-Remy. Cartographe | Leclercq, Ch. (18..-18..? ; graveur). Graveur | Dalmont, Isidore. Graveur",A. Logerot (Paris),1:2 565 000,"1 carte ; 54 x 80 cm, sur flle 64 x 89 cm",1,"Algérie | Maroc, Royaume du | Tunis, Régence de",Algérie | Afrique septentrionale | W 9°46' - E 12°30' / N 43°17' - N 31°49',"Échelle(s) : [ca 1:2 565 000], 20 myriamètres [= 7,8 cm]",fre,"Bibliothèque nationale de France, département Cartes et plans, GE DL 1847-24",domaine public | public domain,map | carte | image fixe | image | still image,cartes,high,tunis,city | polity,regence de tunis | tunis,https://gallica.bnf.fr/ark:/12148/btv1b53088018f,https://gallica.bnf.fr/iiif/ark:/12148/btv1b53088018f/manifest.json,Gallica,https://gallica.bnf.fr/ark:/12148/btv1b53088018f.thumbnail,http://catalogue.bnf.fr/ark:/12148/cb43669000b,,IFN-53088018
btv1b53088095d,"Carte physique de l'Algérie ou Afrique française comprenant la partie septentrionale de l'empire de Maroc, la régence de Tunis, une partie du bassin de la Méditerranée et la région orientale du royaume d'Espagne / dressée par A. R. Frémin",1848,1848,1848,19th c.,1848,"Frémin, Antoine-Remy. Cartographe",L. Marie et A. Bernard (Paris),1:2 353 000,"1 carte ; 57 x 87 cm, sur flle 62,5 x 91 cm",1,"Villes | Algérie | Maroc, Royaume du | Tunis, Régence de",Afrique septentrionale | W 9°30' - E 12°30' / N 42°49' - N 32°,"Échelle(s) : [ca 1:2 353 000], 20 myriamètres [= 8,5 cm]",fre,"Bibliothèque nationale de France, département Cartes et plans, GE DL 1848-17",domaine public | public domain,map | carte | image fixe | image | still image,cartes,high,tunis,city | polity,regence de tunis | tunis,https://gallica.bnf.fr/ark:/12148/btv1b53088095d,https://gallica.bnf.fr/iiif/ark:/12148/btv1b53088095d/manifest.json,Gallica,https://gallica.bnf.fr/ark:/12148/btv1b53088095d.thumbnail,http://catalogue.bnf.fr/ark:/12148/cb43686001c,,IFN-53088095
btv1b530984974,"Carte des régences d'Alger, de Tunis et de Tripoli, avec l'empire de Maroc comprenant aussi tout le bassin citérieur de la Méditerranée et une grande partie des États qui forment ses limites européennes / par Hérisson géog[raph]e ; gravé par J.B. Tardieu",1851,1851,1851,19th c.,1851,"Hérisson, Eustache (1759-1832). Cartographe | Tardieu, J. B. (graveur). Graveur",Vve Turgis (Paris),1:2 925 000,"1 carte ; 54,5 x 78,5 cm, sur flle 62,5 x 91 cm",1,"Alger, Régence d' | Tunis, Régence de | Tripoli, Régence de | Maroc, Royaume du | Alger | Constantine | Oran | Marrakech",Afrique septentrionale | W 9°23' - E 11° / N 44°21' - N 31°,"Échelle(s) : [ca 1:2 925 000], 10 myriamètres ou lieues nouvelles [= 3,5 cm]",fre,"Bibliothèque nationale de France, département Cartes et plans, GE C-9168",domaine public | public domain,map | carte | image fixe | image | still image,cartes,high,tunis,city,tunis,https://gallica.bnf.fr/ark:/12148/btv1b530984974,https://gallica.bnf.fr/iiif/ark:/12148/btv1b530984974/manifest.json,Gallica,https://gallica.bnf.fr/ark:/12148/btv1b530984974.thumbnail,Notice d'ensemble : http://catalogue.bnf.fr/ark:/12148/cb40624791z,,IFN-53098497
oai:bibliotheques-specialisees.paris.fr:ark:/73873/pf0000856964,Plan de l'avenue Richerand. Alignements : ordonnance royale du 24 octobre 1846,1851,1851,1851,19th c.,1851,,impr. Millet,,Echelle 1 : 200 | 1 plan (2 f.) ; 1000 x 450 mm,,Paris (France) -- Arrondissement (10e) -- XIXe siècle | Paris (France) -- Quartier de la Porte Saint-Martin -- XIXe siècle | Paris (France) -- Avenue Richerand -- XIXe siècle | Plans,,"Anthelme, baron Richerand (1779-1840) est un chirurgien et physiologiste français, membre de l’Académie de Médecine. Une avenue de Paris, porte son nom depuis 1851. Ordonnance royale du 24 octobre 1846. Décision du 7 mai 1851, voie ouverte en 1836 sous le nom d'avenue de l'Hôpital Saint-Louis.",fre,"Ville de Paris / BHVP, ALIGNEMENT 343",domaine public | public domain,image | document cartographique | cartographic resource | carte | map,cartes,medium,,city,medenine,https://bibliotheques-specialisees.paris.fr/ark:/73873/pf0000856964,,Bibliothèques spécialisées de la Ville de Paris,https://bibliotheques-specialisees.paris.fr/in/rest/Thumb/image?id=p::usmarcdef_0000856964&amp;mat=Map,,,
btv1b53172837r,"Carte de l'Empire Ottoman, en Europe et en Asie / publié par J. Andriveau-Goujon",1853,1853,1853,19th c.,1853,"Andriveau-Goujon, J.. Éditeur scientifique",Caillet (Paris),1:4 400 000,1 carte : en coul. ; 63 x 85 cm,1,"Guerre de Crimée (1853-1856) | Théâtre de la guerre | Autriche, Empire d' | Russie, Empire de -- Théâtre de la guerre | Turquie d'Europe -- Théâtre de la guerre | Ottoman, Empire -- Théâtre de la guerre | Deux-Siciles, Royaume des | Grèce | Perse -- Nord-Ouest | Arabie heureuse (région ancienne) -- Nord | Tunis, Régence de -- Nord | Égypte -- Nord | Tripoli, Régence de -- Nord",Europe (parties) | Asie (parties) | Afrique (parties) | E 13°30' - E 51°30' / N 48°54' - N 27°30',"Échelle(s) : [1:4 400 000 ca], 25 myriamètres ou lieues nouvelles [= 5,7 cm], 55 lieues marines de 20 au degré [= 6,9 cm], 325 verstes de Russie de 104 au degré [= 7,4 cm], 60 agash de Turquie de 22 au degré [= 6,7 cm]",fre,"Bibliothèque nationale de France, département Cartes et plans, GE SH 19 PF 1 QUATER DIV 14 P 9",domaine public | public domain,map | carte | image fixe | image | still image,cartes,high,tunis,city,tunis,https://gallica.bnf.fr/ark:/12148/btv1b53172837r,https://gallica.bnf.fr/iiif/ark:/12148/btv1b53172837r/manifest.json,Gallica,https://gallica.bnf.fr/ark:/12148/btv1b53172837r.thumbnail,Notice de recueil : http://catalogue.bnf.fr/ark:/12148/cb450094144,,IFN-53172837
btv1b531360851,"Carte de l'Empire Ottoman, en Europe et en Asie / publié par J. Andriveau-Goujon",1853,1853,1853,19th c.,1853,"Andriveau-Goujon, J.. Éditeur scientifique",Caillet (Paris),1:4 400 000,"1 carte ; 56,5 x 78 cm, sur flle 61 x 83 cm",1,"Guerre de Crimée (1853-1856) | Théâtre de la guerre | Autriche, Empire d' | Russie, Empire de -- Théâtre de la guerre | Turquie d'Europe -- Théâtre de la guerre | Ottoman, Empire -- Théâtre de la guerre | Deux-Siciles, Royaume des | Grèce | Perse -- Nord-Ouest | Arabie heureuse (région ancienne) -- Nord | Tunis, Régence de -- Nord | Égypte -- Nord | Tripoli, Régence de -- Nord",Europe (parties) | Asie (parties) | Afrique (parties) | E 13°30' - E 51°30' / N 48°54' - N 27°30',"Échelle(s) : [1:4 400 000 ca], 25 myriamètres ou lieues nouvelles [= 5,7 cm], 55 lieues marines de 20 au degré [= 6,9 cm], 325 verstes de Russie de 104 au degré [= 7,4 cm], 60 agash de Turquie de 22 au degré [= 6,7 cm]",fre,"Bibliothèque nationale de France, département Cartes et plans, GE DL 1853-234",domaine public | public domain,map | carte | image fixe | image | still image,cartes,high,tunis,city,tunis,https://gallica.bnf.fr/ark:/12148/btv1b531360851,https://gallica.bnf.fr/iiif/ark:/12148/btv1b531360851/manifest.json,Gallica,https://gallica.bnf.fr/ark:/12148/btv1b531360851.thumbnail,http://catalogue.bnf.fr/ark:/12148/cb44473826s,,IFN-53136085
btv1b53136235q,"Carte de la Régence de Tunis / par E. Pellissier, membre de la Commission scientifique d'Algérie ; gravé par les f[rè]res Avril",1853,1853,1853,19th c.,1853,"Pellissier de Reynaud, Edmond (1798-1858). Cartographe | Avril Frères (Paris). Graveur",Victor Masson et Langlois et Leclercq (Paris),1:800 000,"1 carte ; 79 x 56 cm, sur flle 82 x 58,5 cm",1,"Tunis, Régence de",Tunisie | E 11°47' - E 4°50' / N 38° - N 32°20',Échelle(s) : 1:800 000,fre,"Bibliothèque nationale de France, département Cartes et plans, GE DL 1853-164",domaine public | public domain,map | carte | image fixe | image | still image,cartes,high,tunis,city | country | polity,regence de tunis | tunis | tunisia | tunisie,https://gallica.bnf.fr/ark:/12148/btv1b53136235q,https://gallica.bnf.fr/iiif/ark:/12148/btv1b53136235q/manifest.json,Gallica,https://gallica.bnf.fr/ark:/12148/btv1b53136235q.thumbnail,http://catalogue.bnf.fr/ark:/12148/cb44456220c,,IFN-53136235
btv1b53065122w,"Carte des possessions françaises en Afrique et d'une partie de la Régence de Tunis dréssée au Dépôt général de la guerre, sous la direction de M. le lieutenant général Pelet d'après les levés et les reconnaissances faits à Alger, Oran et Bone, ...",1853,1853,1853,19th c.,1853,"Pelet, Jean-Jacques-Germain (1777-1858). Auteur du texte | France. Dépôt de la guerre. Auteur du texte",[s.n.] (Paris),1:1 000 000,1 flle col. ; 1305 x 560,1,Maghreb,Monde,Échelle(s) : 1:1 000 000,fre,"Bibliothèque nationale de France, département Cartes et plans, GE C-5325",domaine public | public domain,map | carte | image fixe | image | still image,cartes,high,tunis,city | polity,regence de tunis | tunis,https://gallica.bnf.fr/ark:/12148/btv1b53065122w,https://gallica.bnf.fr/iiif/ark:/12148/btv1b53065122w/manifest.json,Gallica,https://gallica.bnf.fr/ark:/12148/btv1b53065122w.thumbnail,http://catalogue.bnf.fr/ark:/12148/cb405938542,,IFN-53065122
btv1b53136271k,Théâtre de la guerre en Orient,1853,1853,1853,19th c.,1853,,Danlos Ed. (Paris),1:5 750 000,"1 carte ; 52,5 x 65,5 cm, sur flle 62,5 x 76 cm",1,"Guerre de Crimée (1853-1856) | Théâtre de la guerre | Suède -- Sud | France | Prusse, Royaume de | Autriche, Empire d' | Russie, Empire de -- Théâtre de la guerre | Turquie d'Europe -- Théâtre de la guerre | Ottoman, Empire -- Théâtre de la guerre | Italie | Deux-Siciles, Royaume des | Grèce | Perse -- Nord-Ouest | Arabie heureuse (région ancienne) -- Nord | Tunis, Régence de -- Nord | Algérie -- Nord-Est | Istanbul -- Plan | Saint-Pétersbourg -- Plan",Europe (parties) | Asie (parties) | Afrique (parties) | W 1°24' - E 48°6' / N 60°42' - N 34°48',"Échelle(s) : [1:5 750 000 ca], 75 lieues communes de France de 25 au degré [= 5,8 cm]",fre,"Bibliothèque nationale de France, département Cartes et plans, GE DL 1853-233",domaine public | public domain,map | carte | image fixe | image | still image,cartes,high,tunis,city,tunis,https://gallica.bnf.fr/ark:/12148/btv1b53136271k,https://gallica.bnf.fr/iiif/ark:/12148/btv1b53136271k/manifest.json,Gallica,https://gallica.bnf.fr/ark:/12148/btv1b53136271k.thumbnail,http://catalogue.bnf.fr/ark:/12148/cb444664177,,IFN-53136271
btv1b531930706,"Sondes entre le Cap Malfatano (I. de Sardaigne) et l'île de Tabarque (Côte d'Afrique) : faites d'après les ordres de S. E. M. Théodore Ducos, ministre de la Marine et des Colonies / sous la direction de M. Darondeau, ingénieur hydrographe de la Marine, chargé en chef de la reconnaissance des côtes d'Italie",1854,1854,1854,19th c.,1854,"Darondeau, Benoît-Henri (1805-1869). Cartographe | Ducos, Théodore (1801-1855). Auteur ou responsable intellectuel",,,2 calques ; formats divers,1,"Méditerranée, Mer | Sardaigne, Île de | Tabarka, Île de",Mer Méditerranée – Bassin Ouest,Échelle(s) : [Echelle à calculer],fre,"Bibliothèque nationale de France, département Cartes et plans, GE SH 19 PF 65 DIV 2 P 15/1 D",domaine public | public domain,manuscript cartographic resource | document cartographique manuscrit | map | carte | image fixe | image | still image,cartes,high,tabarka,city,tabarka,https://gallica.bnf.fr/ark:/12148/btv1b531930706,https://gallica.bnf.fr/iiif/ark:/12148/btv1b531930706/manifest.json,Gallica,https://gallica.bnf.fr/ark:/12148/btv1b531930706.thumbnail,Notice d'ensemble : http://catalogue.bnf.fr/ark:/12148/cb45674857s,,IFN-53193070
btv1b531797046,"Carte de la régence de Tunis, dressé au Dépôt de la guerre / d'après les observations... de Mr Falbe ; de M. Pricot Ste Marie, étant directeur le colonel Blondel...",1857,1857,1857,19th c.,1857,"Falbe, Christian Tuxen (1791-1849). Cartographe | Pricot de Sainte-Marie, Évariste (1810-1872). Cartographe",Dépôt de la guerre (Paris),1:400 000,2 flles assemblées ; 92 x 72 cm,2,"Tunisie | Tunis, Régence de",Tunisie,Échelle(s) : 1:400 000,fre,"Bibliothèque nationale de France, département Cartes et plans, GE SH 19 PF 1 QUATER DIV 25 P 2 (2)",domaine public | public domain,map | carte | image fixe | image | still image,cartes,high,tunis,city | country | polity,regence de tunis | tunis | tunisia | tunisie,https://gallica.bnf.fr/ark:/12148/btv1b531797046,https://gallica.bnf.fr/iiif/ark:/12148/btv1b531797046/manifest.json,Gallica,https://gallica.bnf.fr/ark:/12148/btv1b531797046.thumbnail,Notice de recueil : http://catalogue.bnf.fr/ark:/12148/cb451283115,,IFN-53179704
btv1b8490524p,Carte de l'Algérie (provinces d'Alger et de Constantine) et Tunisie... / par V. A. Malte-Brun,1860,1860,1860,19th c.,1860,"Malte-Brun, Victor-Adolphe (1816-1889). Cartographe",imp. Janson (Paris),1:2 965 000,1 flle ; 36 x 19 cm,1,"Algérie -- Est | Tunis, Régence de",,Échelle(s) : 1:2 965 000,fre,"Bibliothèque nationale de France, département Cartes et plans, GE D-13271",domaine public | public domain,map | carte | image fixe | image | still image,cartes,high,tunis,city | country,tunis | tunisia | tunisie,https://gallica.bnf.fr/ark:/12148/btv1b8490524p,https://gallica.bnf.fr/iiif/ark:/12148/btv1b8490524p/manifest.json,Gallica,https://gallica.bnf.fr/ark:/12148/btv1b8490524p.thumbnail,http://catalogue.bnf.fr/ark:/12148/cb40704935s,,IFN-8490524
btv1b530985839,"Exploration du Sahara, années 1859, 1860, 1861. Carte du plateau central du Sahara comprenant le pays des Touareg du Nord, le Sahara algérien, tunisien et tripolitain, par Henri Duveyrier. 1 : 3 000 000 . Dessiné par E. Desbuissons",1861,1861,1861,19th c.,1861,"Duveyrier, Henri (1840-1892). Auteur du texte | Desbuissons, Edouard (1827-1908). Auteur du texte | Établissement géographique Erhard frères. Auteur du texte",Erhard (Paris),,1 flle ; 610 x 786,1,"Sahara, Désert du -- Est",Monde,,fre,"Bibliothèque nationale de France, département Cartes et plans, GE C-9259",domaine public | public domain,map | carte | image fixe | image | still image,cartes,high,tunis,country,tunisie,https://gallica.bnf.fr/ark:/12148/btv1b530985839,https://gallica.bnf.fr/iiif/ark:/12148/btv1b530985839/manifest.json,Gallica,https://gallica.bnf.fr/ark:/12148/btv1b530985839.thumbnail,http://catalogue.bnf.fr/ark:/12148/cb40623288f,,IFN-53098583
btv1b53146681t,"Originalkarte des nördl. von Ghadāmĕs & im Grenzgebiete v. Algier, Tunis & Tripoli... / Henry Duveyrier",1861,1861,1861,19th c.,1861,"Duveyrier, Henri (1840-1892). Cartographe",Justus Perthes (Gotha),1:2 500 000,1 flle : en coul. ; 33 x 35 cm,1,"Sahara, Désert du",Algérie | Sahara occidental | Tunisie | Libye,Échelle(s) : 1:2 500 000,ger,"Bibliothèque nationale de France, département Cartes et plans, GE SH 19 PF 1 QUATER DIV 28 P 2 D",domaine public | public domain,map | carte | image fixe | image | still image,cartes,high,tunis,city | country,tunis | tunisia | tunisie,https://gallica.bnf.fr/ark:/12148/btv1b53146681t,https://gallica.bnf.fr/iiif/ark:/12148/btv1b53146681t/manifest.json,Gallica,https://gallica.bnf.fr/ark:/12148/btv1b53146681t.thumbnail,Notice de recueil : http://catalogue.bnf.fr/ark:/12148/cb45106224b,,IFN-53146681
btv1b53233066w,"Restauration des Aqueducs de Carthage. / Royaume de Tunis ; [par P. Colin, ingénieur civil, chevalier de la Légion d'honneur]",1862,1862,1862,19th c.,1862,"Colin, P. (18..-18..?). Auteur du texte | Avril Frères (Paris). Auteur du texte","chromolith. par Avril f.res, rue des Bernardins 18 (Paris) | lith. Hangard-Maugé, rue Honoré-Chevalier, 5 (Paris)",1:50 000,2 flles en coul. assemblées ; 1500 x 740,1,"Aqueducs | Fontaines | Carthage, Site archéologique de",Tunisie,Échelle(s) : 1:50 000,fre,"Bibliothèque nationale de France, département Cartes et plans, GE B-2181",domaine public | public domain,map | carte | image fixe | image | still image,cartes,high,tunis,city | country | polity,carthage | royaume de tunis | tunis | tunisia | tunisie,https://gallica.bnf.fr/ark:/12148/btv1b53233066w,https://gallica.bnf.fr/iiif/ark:/12148/btv1b53233066w/manifest.json,Gallica,https://gallica.bnf.fr/ark:/12148/btv1b53233066w.thumbnail,http://catalogue.bnf.fr/ark:/12148/cb40638245k,,IFN-53233066
btv1b53158263c,"Sondages fait à bord de l'Eclaireur pour l'établissement d'une ligne télégraphique entre la Calle et Marsala et entre Bizerte et Marsala / par Ch. Ploix, ingénieur hydrographe de la Marine ; assisté de M. Guieysse, élève hydrographe",1864,1864,1864,19th c.,1864,"Ploix, Charles (1824-1895). Cartographe",[s.n.],,2 feuilles : en coul. ; 70 x 106 cm,1,"Télégraphe | Méditerranée, Mer",Mer Méditerranée – Bassin Ouest | Tunisie | Italie – Sicile,Échelle(s) : [Echelle non mentionnée],fre,"Bibliothèque nationale de France, département Cartes et plans, GE SH 19 PF 1 TER DIV 47 P 3 (2)",domaine public | public domain,diagram | diagramme | map | carte | image fixe | image | still image,cartes,high,tunis,city | country,bizerte | tunisia | tunisie,https://gallica.bnf.fr/ark:/12148/btv1b53158263c,https://gallica.bnf.fr/iiif/ark:/12148/btv1b53158263c/manifest.json,Gallica,https://gallica.bnf.fr/ark:/12148/btv1b53158263c.thumbnail,Notice d'ensemble : http://catalogue.bnf.fr/ark:/12148/cb45040663j,,IFN-53158263
btv1b53263038g,"Sinus Karthaginensis et Lybo-Phaeniciorum Urbes, usque ad Candidum et Hermaeum Promotorium, apud Mare Internum. Sicut erant CXLVI annis ante Christum : Carte d'ensemble de la guerre de Curion, dressée d'après celle du Ministère de la Guerre (1857) et d'après des levés trigonométriques récents / par A. Daux,...",1866,1866,1867,19th c.,1866-1867,"Daux, Auguste (1809-1882). Cartographe",,1:100 000,"1 flle : en noir et rouge, sur calque ; 90 x 102 cm",1,"Carthage, Site archéologique de -- Environs",Tunisie | E 10°16' / N 36°54',Échelle(s) : 1:100 000,lat | fre,"Bibliothèque nationale de France, département Cartes et plans, GE B-741",domaine public | public domain,manuscript cartographic resource | document cartographique manuscrit | map | carte | image fixe | image | still image,cartes,high,tunis,city | country,carthage | tunisia | tunisie,https://gallica.bnf.fr/ark:/12148/btv1b53263038g,https://gallica.bnf.fr/iiif/ark:/12148/btv1b53263038g/manifest.json,Gallica,https://gallica.bnf.fr/ark:/12148/btv1b53263038g.thumbnail,http://catalogue.bnf.fr/ark:/12148/cb47121497k,,IFN-53263038
bpt6k9618179r,"Atlas du Cosmos, contenant les cartes géographiques, physiques, thermiques... applicables à tous les ouvrages de sciences physiques et naturelles et particulièrement aux oeuvres d'Alexandre de Humboldt et de François Arago / dressées par M. Vuillemin ; gravées sur acier par M. Jacobs ; sous la direction de M. J.-A. Barral",1867,1867,1867,19th c.,1867,"Vuillemin, Alexandre Aimé (1812-1886). Auteur du texte | Jacobs (18..-18..? ; graveur). Auteur du texte | Barral, Jean-Augustin (1819-1884). Auteur du texte",L. Guérin (Paris),,26 cartes et 26 p. de texte (notices explicatives) : titre en rouge et en noir ; in-fol.,126,Monde,,Avec mode texte,fre,"Bibliothèque nationale de France, département Sciences et techniques, S-2291",domaine public | public domain,map | carte | image fixe | image | still image,cartes,medium,,city,medenine | tunis,https://gallica.bnf.fr/ark:/12148/bpt6k9618179r,https://gallica.bnf.fr/iiif/ark:/12148/bpt6k9618179r/manifest.json,Gallica,https://gallica.bnf.fr/ark:/12148/bpt6k9618179r.thumbnail,http://catalogue.bnf.fr/ark:/12148/cb407014241,,
bpt6k96135733,"Atlas céleste comprenant toutes les cartes de l'ancien atlas (3e éd.) / de Ch. Dien ; rectifié, augmenté et enrichi de cartes nouvelles,... par Camille Flammarion,...",1877,1877,1877,19th c.,1877,"Dien, Charles (1809-1870). Auteur du texte | Flammarion, Camille (1842-1925). Auteur du texte",Gauthier-Villars (Paris),,"20 p.-[31] p. de pl. : ill., dépl. ; in-fol.",107,Ciel,,Appartient à l’ensemble documentaire : GTextes1 | Avec mode texte,fre,"Bibliothèque nationale de France, département Sciences et techniques, FOL-V-125",domaine public | public domain,map | carte | atlas | atlas | image fixe | image | still image,cartes,medium,,city,medenine,https://gallica.bnf.fr/ark:/12148/bpt6k96135733,https://gallica.bnf.fr/iiif/ark:/12148/bpt6k96135733/manifest.json,Gallica,https://gallica.bnf.fr/ark:/12148/bpt6k96135733.thumbnail,http://catalogue.bnf.fr/ark:/12148/cb40673812w,,
btv1b53098598z,"Carthage. Kilomètre 1 [=Om06 ; 1 : 16 600 environ] / Dressé par Ph. Caillat, ... 5 juillet 1877 ; Gravé par L. Sonnet",1877,1877,1877,19th c.,1877,"Sonnet, L. (18..-19..?). Auteur du texte | Caillat (18..-18..). Auteur du texte",Paris impr. de Dufrenoy,,1 flle ; 650 x 695,1,"Plans de ville | Carthage, Site archéologique de",Tunisie,,fre,"Bibliothèque nationale de France, département Cartes et plans, GE C-9275",domaine public | public domain,map | carte | image fixe | image | still image,cartes,high,tunis,city | country,carthage | tunisia | tunisie,https://gallica.bnf.fr/ark:/12148/btv1b53098598z,https://gallica.bnf.fr/iiif/ark:/12148/btv1b53098598z/manifest.json,Gallica,https://gallica.bnf.fr/ark:/12148/btv1b53098598z.thumbnail,http://catalogue.bnf.fr/ark:/12148/cb40638243w,,IFN-53098598
btv1b53098599d,"Carthage. Kilomètre 1 [=Om06 ; 1 : 16 600 environ] / Dressé par Ph. Caillat, ... 5 juillet 1877 ; Gravé par L. Sonnet",1877,1877,1877,19th c.,1877,"Sonnet, L. (18..-19..?). Auteur du texte | Caillat (18..-18..). Auteur du texte",Paris impr. de Dufrenoy,,1 flle ; 650 x 695,1,"Plans de ville | Carthage, Site archéologique de",Tunisie,,fre,"Bibliothèque nationale de France, département Cartes et plans, GE C-9276",domaine public | public domain,map | carte | image fixe | image | still image,cartes,high,tunis,city | country,carthage | tunisia | tunisie,https://gallica.bnf.fr/ark:/12148/btv1b53098599d,https://gallica.bnf.fr/iiif/ark:/12148/btv1b53098599d/manifest.json,Gallica,https://gallica.bnf.fr/ark:/12148/btv1b53098599d.thumbnail,http://catalogue.bnf.fr/ark:/12148/cb406382447,,IFN-53098599
btv1b53179705n,Carte de la régence de Tunis dressée au dépôt de la guerre... 1857,1878,1878,1878,19th c.,1878,,Dépôt de la guerre (Paris),1:400 000,1 flle ; 98 x 55 cm,1,Tunisie -- 1857,Tunisie,Échelle(s) : 1:400 000,fre,"Bibliothèque nationale de France, département Cartes et plans, GE SH 19 PF 1 QUATER DIV 25 P 2 (4)",domaine public | public domain,map | carte | image fixe | image | still image,cartes,high,tunis,city | country | polity,regence de tunis | tunis | tunisia | tunisie,https://gallica.bnf.fr/ark:/12148/btv1b53179705n,https://gallica.bnf.fr/iiif/ark:/12148/btv1b53179705n/manifest.json,Gallica,https://gallica.bnf.fr/ark:/12148/btv1b53179705n.thumbnail,Notice de recueil : http://catalogue.bnf.fr/ark:/12148/cb451283115,,IFN-53179705
btv1b53021091b,"Environs de Tunis et Carthage / Levés exécutés par MM. les capitaines Derrien... ; Koszutski... ; sous la direction de M. le commt Perrier, en 1878",1878,1878,1878,19th c.,1878,"Derrien, Isidore (1839-1904). Auteur du texte | Koszutski (Capitaine). Auteur du texte | Perrier (18..-18..? ; commandant). Auteur du texte | Imprimerie Lemercier. Auteur du texte | France. Dépôt de la guerre. Auteur du texte",imp. de Lemercier (Paris),1:40 000,1 flle pliée ; 73 x 95 cm,1,"Tunis -- Environs | Carthage, Site archéologique de -- Environs",Tunisie,Échelle(s) : 1:40 000,fre,"Bibliothèque nationale de France, département Cartes et plans, GEC-4",domaine public | public domain,map | carte | image fixe | image | still image,cartes,high,tunis,city | country,carthage | tunis | tunisia | tunisie,https://gallica.bnf.fr/ark:/12148/btv1b53021091b,https://gallica.bnf.fr/iiif/ark:/12148/btv1b53021091b/manifest.json,Gallica,https://gallica.bnf.fr/ark:/12148/btv1b53021091b.thumbnail,Notice de recueil : http://catalogue.bnf.fr/ark:/12148/cb451283115,,IFN-53021091
btv1b8445058x,"Algérie, Tunisie et Sahara central, carte / dressée et dessinée par J. V. Barbier, pour servir particulièrement à l'intelligence des évenements actuels et notamment à suivre les deux explorations du colonel Flatters",1880,1880,1880,19th c.,1880,"Barbier, Joseph-Victor (1840-1898). Auteur du texte | Barbier, Albert (18..-19..?). Auteur du texte",A. Barbier (Nancy),1:5 000 000,1 flle ; 34 x 45 cm,1,"Flatters, Paul (1832-1881) | Sahara, Désert du | Tunisie | Algérie",,Échelle(s) : 1:5 000 000,fre,"Bibliothèque nationale de France, département Cartes et plans, GE D-6125",domaine public | public domain,map | carte | image fixe | image | still image,cartes,high,tunis,country,tunisia | tunisie,https://gallica.bnf.fr/ark:/12148/btv1b8445058x,https://gallica.bnf.fr/iiif/ark:/12148/btv1b8445058x/manifest.json,Gallica,https://gallica.bnf.fr/ark:/12148/btv1b8445058x.thumbnail,http://catalogue.bnf.fr/ark:/12148/cb40730737k,,IFN-8445058
btv1b8438999m,Carte de l'Algérie et de la Tunisie / éditée par l'Armée française ; et la Petite République française,,1880,1889,19th c.,188.,L'Armée Française (Paris). Lithographe | Petite République Française (Paris). Lithographe,imp. de Murat (Paris),1:2 500 000,1 flle ; 56 x 40 cm,1,Tunisie | Algérie,,Échelle(s) : 1:2 500 000 | Appartient à l’ensemble documentaire : MAEDI013 | Appartient à l’ensemble documentaire : MAEDIGen0,fre,"Bibliothèque nationale de France, département Cartes et plans, GE D-83",domaine public | public domain,map | carte | image fixe | image | still image,cartes,high,tunis,country,tunisia | tunisie,https://gallica.bnf.fr/ark:/12148/btv1b8438999m,https://gallica.bnf.fr/iiif/ark:/12148/btv1b8438999m/manifest.json,Gallica,https://gallica.bnf.fr/ark:/12148/btv1b8438999m.thumbnail,http://catalogue.bnf.fr/ark:/12148/cb40738749h,,IFN-8438999
btv1b84394714,"Carte de la Tunisie, pour accompagner l'ouvrage de M. de Lanossan sur ce pays",,1880,1889,19th c.,188.,,imp. de Erhard (Paris),,1 flle ; 19 x 25 cm,1,Tunisie,,,fre,"Bibliothèque nationale de France, département Cartes et plans, GE D-561",domaine public | public domain,map | carte | image fixe | image | still image,cartes,high,tunis,country,tunisia | tunisie,https://gallica.bnf.fr/ark:/12148/btv1b84394714,https://gallica.bnf.fr/iiif/ark:/12148/btv1b84394714/manifest.json,Gallica,https://gallica.bnf.fr/ark:/12148/btv1b84394714.thumbnail,http://catalogue.bnf.fr/ark:/12148/cb40728026q,,IFN-8439471
btv1b84390777,Carte du bassin des Chotts,1880,1880,1880,19th c.,1880,,imp. de Roux (Lyon),1:800 000,1 flle ; 46 x 27 cm,1,Chotts | Algérie -- Chotts | Tunisie -- Chotts,,Échelle(s) : 1:800 000,fre,"Bibliothèque nationale de France, département Cartes et plans, GE D-165",domaine public | public domain,map | carte | image fixe | image | still image,cartes,high,tunis,country,tunisia | tunisie,https://gallica.bnf.fr/ark:/12148/btv1b84390777,https://gallica.bnf.fr/iiif/ark:/12148/btv1b84390777/manifest.json,Gallica,https://gallica.bnf.fr/ark:/12148/btv1b84390777.thumbnail,http://catalogue.bnf.fr/ark:/12148/cb40710720f,,IFN-8439077
btv1b84446578,Carte du Voltaire. Expédition contre les Kroumirs,,1880,1889,19th c.,188.,,impr. de Appel (Paris),,1 flle ; 41 x 28 cm,1,Kroumirie (monts) -- Expéditions militaires,Tunisie,,fre,"Bibliothèque nationale de France, département Cartes et plans, GE D-5709",domaine public | public domain,map | carte | image fixe | image | still image,cartes,high,tunis,country | region,khroumirie | tunisia | tunisie,https://gallica.bnf.fr/ark:/12148/btv1b84446578,https://gallica.bnf.fr/iiif/ark:/12148/btv1b84446578/manifest.json,Gallica,https://gallica.bnf.fr/ark:/12148/btv1b84446578.thumbnail,http://catalogue.bnf.fr/ark:/12148/cb407294816,,IFN-8444657
btv1b53021004z,"Environs de Bizerte (Tunisie), 1880",1880,1880,1880,19th c.,1880,,imp. de Lemercier (Paris),1:20 000,1 flle ; 71 x 48 cm,1,Bizerte -- Environs,Tunisie,Échelle(s) : 1:20 000,fre,"Bibliothèque nationale de France, département Cartes et plans, GE C-2",domaine public | public domain,map | carte | image fixe | image | still image,cartes,high,tunis,city | country,bizerte | tunisia | tunisie,https://gallica.bnf.fr/ark:/12148/btv1b53021004z,https://gallica.bnf.fr/iiif/ark:/12148/btv1b53021004z/manifest.json,Gallica,https://gallica.bnf.fr/ark:/12148/btv1b53021004z.thumbnail,http://catalogue.bnf.fr/ark:/12148/cb406795831,,IFN-53021004
btv1b525062937,Itinéraire de Tunis à Bizerte et à la frontière d'Algérie / gravé par Erhard,1880,1880,1880,19th c.,1880,Établissement géographique Erhard frères. Cartographe | France. Dépôt de la guerre. Éditeur scientifique,Lemercier (Paris),1:100 000,1 carte en 4 flles : en coul. ; 75 x 93 cm,4,Itinéraires | Tunisie -- Itinéraires,Tunisie,Échelle(s) : 1:100 000,fre,"Bibliothèque nationale de France, département Cartes et plans, GE CC-2",domaine public | public domain,map | carte | image fixe | image | still image,cartes,high,tunis,city | country,bizerte | tunis | tunisia | tunisie,https://gallica.bnf.fr/ark:/12148/btv1b525062937,https://gallica.bnf.fr/iiif/ark:/12148/btv1b525062937/manifest.json,Gallica,https://gallica.bnf.fr/ark:/12148/btv1b525062937.thumbnail,Notice de recueil : http://catalogue.bnf.fr/ark:/12148/cb451283115,,IFN-52506293
btv1b7759078q,Itinéraire de Tunis à Bizerte et à la Frontière d'Algérie / Publié par le Dépôt de la Guerre ; Gravé par Erhard ... Paris,1880,1880,1880,19th c.,1880,"Erhard Schieble, Georges (1821-1880). Graveur (Manifestation) | Erhard Schieble, Georges (1821-1880). Créateur de l'estampe / Créatrice de l'estampe | France. Dépôt de la guerre. Cartographe | France. Dépôt de la guerre. Éditeur intellectuel / Éditrice intellectuelle",Dépôt de la guerre (Paris),1:100 000,"1 carte en 4 flles : en coul. ; 49,5 x 74 cm sur flle 61,5 x 89 cm (chacune)",,Tunis | Bizerte | Bizerte | Ghár al Milh | Tunis | Tunis | Tebourba | La Goulette | Carthage | Medjerda | Medjez-el-Bab | Testour | Teboursourk | Kralled | Le Kef | Le Kef,Tunisie | E 8°15' - E 10°30' / N 37°15' - N 36°,"Donateur / Donatrice : Vivien de Saint-Martin, Louis (1802-1896). Donateur / Donatrice | Ancien possesseur / Ancienne possesseuse : Bonaparte, Roland (1858-1924). Ancien possesseur / Ancienne possesseuse | [Itinéraire de Tunis à Bizerte et à la Frontière d'Algérie] | Échelle(s) : Echelle de 1/100.000e | Donateur / Donatrice : Vivien de Saint-Martin, Louis (1802-1896) | Ancien possesseur / Ancienne possesseuse : Bonaparte, Roland (1858-1924) | Appartient à l’ensemble documentaire : R.Bonap",fre,"Bibliothèque nationale de France, département Société de Géographie, SG Y C-868 (1-4)",conditions spécifiques d'utilisation (sous convention Société de géographie) | restricted use (convention Société de géographie),image fixe | image | still image,cartes,high,tunis,city | country,bizerte | carthage | la goulette | le kef | tunis | tunisia | tunisie,https://gallica.bnf.fr/ark:/12148/btv1b7759078q,https://gallica.bnf.fr/iiif/ark:/12148/btv1b7759078q/manifest.json,Gallica,https://gallica.bnf.fr/ark:/12148/btv1b7759078q.thumbnail,Notice de recueil : http://catalogue.bnf.fr/ark:/12148/cb450752847,,IFN-7759078
btv1b8446079d,Tunisie et Algérie orientale / dressé et gravé par R. Hausermann,,1880,1889,19th c.,188.,"Hausermann, R. (1843-1933). Graveur. Dessinateur",R. Hausermann (Paris),1:2 600 000,1 flle : en coul. ; 40 x 26 cm,1,Tunisie | Algérie,Tunisie | Algérie,Échelle(s) : 1:2600000 | Appartient à l’ensemble documentaire : MAEDI013 | Appartient à l’ensemble documentaire : MAEDIGen0,fre,"Bibliothèque nationale de France, département Cartes et plans, GE D-7196",domaine public | public domain,map | carte | image fixe | image | still image,cartes,high,tunis,country,tunisia | tunisie,https://gallica.bnf.fr/ark:/12148/btv1b8446079d,https://gallica.bnf.fr/iiif/ark:/12148/btv1b8446079d/manifest.json,Gallica,https://gallica.bnf.fr/ark:/12148/btv1b8446079d.thumbnail,http://catalogue.bnf.fr/ark:/12148/cb40728016d,,IFN-8446079
btv1b53081058p,"Algérie - Tunisie, carte du théâtre de la guerre / gravée par L. Sonnet",1881,1881,1881,19th c.,1881,"Sonnet, L. (18..-19..?). Graveur",Petite république française (Paris),1:1 250 000,1 carte : en coul. ; 31 x 43 cm,1,"Tunis, Régence de -- Théâtre de la guerre | Constantine, Province de -- Théâtre de la guerre",Afrique (parties) | France | W 2°40' - E 9°40' / N 37°40' - N 32°,Échelle(s) : 1:1 250 000,fre,"Bibliothèque nationale de France, département Cartes et plans, GE D-27848",domaine public | public domain,map | carte | image fixe | image | still image,cartes,high,tunis,city | country,tunis | tunisia | tunisie,https://gallica.bnf.fr/ark:/12148/btv1b53081058p,https://gallica.bnf.fr/iiif/ark:/12148/btv1b53081058p/manifest.json,Gallica,https://gallica.bnf.fr/ark:/12148/btv1b53081058p.thumbnail,http://catalogue.bnf.fr/ark:/12148/cb40669221f,,IFN-53081058
btv1b8443311x,Association universelle des travailleurs en chaussures... Panorama du théâtre de la guerre...,1881,1881,1881,19th c.,1881,,Cosson (Paris),,1 flle ; 50 x 33 cm,1,Tunisie,,,fre,"Bibliothèque nationale de France, département Cartes et plans, GE D-4221",domaine public | public domain,map | carte | image fixe | image | still image,cartes,high,tunis,country,tunisia | tunisie,https://gallica.bnf.fr/ark:/12148/btv1b8443311x,https://gallica.bnf.fr/iiif/ark:/12148/btv1b8443311x/manifest.json,Gallica,https://gallica.bnf.fr/ark:/12148/btv1b8443311x.thumbnail,http://catalogue.bnf.fr/ark:/12148/cb40728020n,,IFN-8443311
btv1b53069923r,Carta speciale della Reggenza di Tunisi e delle regioni limitrofe costrutta e disegnata. .. da Guido Cora,1881,1881,1881,19th c.,1881,"Cora, Guido (1851-1917). Auteur du texte",Istituto geografico Guido Cora (Torino),1:1 500 000,1 flle en coul. ; 428 x 520,1,"Tunis, Régence de",Monde,Échelle(s) : 1:1 500 000,ita,"Bibliothèque nationale de France, département Cartes et plans, GE D-23148",domaine public | public domain,map | carte | image fixe | image | still image,cartes,high,tunis,city | country,tunis | tunisia | tunisie,https://gallica.bnf.fr/ark:/12148/btv1b53069923r,https://gallica.bnf.fr/iiif/ark:/12148/btv1b53069923r/manifest.json,Gallica,https://gallica.bnf.fr/ark:/12148/btv1b53069923r.thumbnail,http://catalogue.bnf.fr/ark:/12148/cb40632646k,,IFN-53069923
btv1b53081303h,Carte de l'Algérie et de la Tunisie / gravée par L. Sonnet,1881,1881,1881,19th c.,1881,"Sonnet, L. (18..-19..?). Graveur",Armée française (Paris) | Petite république française (Paris),1:2 500 000,1 carte : en coul. ; 63 x 44 cm,1,"Algérie | Tunis, Régence de",Afrique (parties) | W 6° - E 12° / N 39° - N 30°,Échelle(s) : 1:2 500 000,fre,"Bibliothèque nationale de France, département Cartes et plans, GE D-27849",domaine public | public domain,map | carte | image fixe | image | still image,cartes,high,tunis,city | country,tunis | tunisia | tunisie,https://gallica.bnf.fr/ark:/12148/btv1b53081303h,https://gallica.bnf.fr/iiif/ark:/12148/btv1b53081303h/manifest.json,Gallica,https://gallica.bnf.fr/ark:/12148/btv1b53081303h.thumbnail,http://catalogue.bnf.fr/ark:/12148/cb40669240q,,IFN-53081303
btv1b53021186j,Carte de la Régence de Tunis,1881,1881,1881,19th c.,1881,,Garnier-frères (Paris),1:500 000,1 flle ; 55 x 83 cm,1,Tunisie,,Échelle(s) : 1:500 000,fre,"Bibliothèque nationale de France, département Cartes et plans, GE C-325",domaine public | public domain,map | carte | image fixe | image | still image,cartes,high,tunis,city | country | polity,regence de tunis | tunis | tunisia | tunisie,https://gallica.bnf.fr/ark:/12148/btv1b53021186j,https://gallica.bnf.fr/iiif/ark:/12148/btv1b53021186j/manifest.json,Gallica,https://gallica.bnf.fr/ark:/12148/btv1b53021186j.thumbnail,http://catalogue.bnf.fr/ark:/12148/cb407280210,,IFN-53021186
btv1b8458760m,Carte de la Tunisie et de l'Algérie orientale / dressée par Ed. Dumas-Vorzet,1881,1881,1881,19th c.,1881,"Dumas-Vorzet, Edmond (1841-1885). Dessinateur | Hachette. Auteur du texte",Hachette (Paris),1:1 500 000,1 flle : en coul. ; 56 x 48 cm,1,Tunisie | Algérie -- Est,,Échelle(s) : 1:1 500 000,fre,"Bibliothèque nationale de France, département Cartes et plans, GE D-8382",domaine public | public domain,map | carte | image fixe | image | still image,cartes,high,tunis,country,tunisia | tunisie,https://gallica.bnf.fr/ark:/12148/btv1b8458760m,https://gallica.bnf.fr/iiif/ark:/12148/btv1b8458760m/manifest.json,Gallica,https://gallica.bnf.fr/ark:/12148/btv1b8458760m.thumbnail,http://catalogue.bnf.fr/ark:/12148/cb407387512,,IFN-8458760
btv1b530789010,Carte de la Tunisie et de l'Algérie orientale / dressée par Ed. Dumas-Vorzet,1881,1881,1881,19th c.,1881,"Dumas-Vorzet, Edmond (1841-1885). Fonction indéterminée",Hachette (Paris),1:500 000,1 carte : en coul. ; 50 x 64 cm,1,"Tunis, Régence de | Algérie -- Est",Afrique,Échelle(s) : 1:500 000,fre,"Bibliothèque nationale de France, département Cartes et plans, GE D-27284",domaine public | public domain,map | carte | image fixe | image | still image,cartes,high,tunis,city | country,tunis | tunisia | tunisie,https://gallica.bnf.fr/ark:/12148/btv1b530789010,https://gallica.bnf.fr/iiif/ark:/12148/btv1b530789010/manifest.json,Gallica,https://gallica.bnf.fr/ark:/12148/btv1b530789010.thumbnail,http://catalogue.bnf.fr/ark:/12148/cb40574047d,,IFN-53078901
btv1b53021168m,Carte des frontières d'Algérie et de Tunisie (2e édition),1881,1881,1881,19th c.,1881,,Andriveau-Goujon (Paris),,1 flle ; 55 x 13 cm,1,"Algérie -- Frontières | Tunis, Régence de -- Frontières",,,fre,"Bibliothèque nationale de France, département Cartes et plans, GE C-338",domaine public | public domain,map | carte | image fixe | image | still image,cartes,high,tunis,city | country,tunis | tunisia | tunisie,https://gallica.bnf.fr/ark:/12148/btv1b53021168m,https://gallica.bnf.fr/iiif/ark:/12148/btv1b53021168m/manifest.json,Gallica,https://gallica.bnf.fr/ark:/12148/btv1b53021168m.thumbnail,http://catalogue.bnf.fr/ark:/12148/cb40675564s,,IFN-53021168
btv1b84389986,Carte du théâtre de la guerre en Tunïsie / dressée par Ch. Lasailly,1881,1881,1881,19th c.,1881,"Lassailly, Charles (18..-18..?). Dessinateur",Lassailly (Paris),1:1 200 000,1 flle ; 29 x 45 cm,1,Tunisie,,Échelle(s) : 1:1 200 000,fre,"Bibliothèque nationale de France, département Cartes et plans, GE D-82",domaine public | public domain,map | carte | image fixe | image | still image,cartes,high,tunis,country,tunisia | tunisie,https://gallica.bnf.fr/ark:/12148/btv1b84389986,https://gallica.bnf.fr/iiif/ark:/12148/btv1b84389986/manifest.json,Gallica,https://gallica.bnf.fr/ark:/12148/btv1b84389986.thumbnail,http://catalogue.bnf.fr/ark:/12148/cb40738750q,,IFN-8438998
btv1b8439078n,Etude sur la frontière de la Tunisie / par le général Lewal ; F. Quévillon,1881,1881,1881,19th c.,1881,"Lewal, Jules-Louis (1823-1908). Cartographe | Quévillon, Fernand (1847-19..?). Auteur du texte",imp. de Forestié (Montauban),1:800 000,1 flle ; 59 x 43 cm,1,Frontières | Tunisie -- Frontières,,Échelle(s) : 1:800 000,fre,"Bibliothèque nationale de France, département Cartes et plans, GE D-166",domaine public | public domain,map | carte | image fixe | image | still image,cartes,high,tunis,country,tunisia | tunisie,https://gallica.bnf.fr/ark:/12148/btv1b8439078n,https://gallica.bnf.fr/iiif/ark:/12148/btv1b8439078n/manifest.json,Gallica,https://gallica.bnf.fr/ark:/12148/btv1b8439078n.thumbnail,http://catalogue.bnf.fr/ark:/12148/cb40765812b,,IFN-8439078
btv1b8441166k,"Plan de Sfax, 1/2 000, levé et dessiné par le lieutenant d'artillerie soussigné. Sfax, le 25 septembre 1881 : H. Baquet",1881,1881,1881,19th c.,1881,,Dépôt de la guerre (Paris),1:2 000,1 flle ; 46 x 54 cm,1,Sfax,Tunisie,Échelle(s) : 1:2 000,fre,"Bibliothèque nationale de France, département Cartes et plans, GE D-2305",domaine public | public domain,map | carte | image fixe | image | still image,cartes,high,tunis,city | country,sfax | tunisia | tunisie,https://gallica.bnf.fr/ark:/12148/btv1b8441166k,https://gallica.bnf.fr/iiif/ark:/12148/btv1b8441166k/manifest.json,Gallica,https://gallica.bnf.fr/ark:/12148/btv1b8441166k.thumbnail,Notice de recueil : http://catalogue.bnf.fr/ark:/12148/cb451283115,,IFN-8441166
btv1b8441605m,"Carte d'une reconnaissance archéologique dans la région centrale de la Tunisie, exécutée en 1882 et 1883 / par M. Julien Poinssot...",1882,1882,1882,19th c.,1882,"Poinssot, Julien (1844-1900). Auteur du texte | Monrocq (Paris). Auteur du texte",imp. de Monrocq (Paris),1:400 000,1 carte ; 41 x 29 cm,1,Archéologie | Tunisie -- Archéologie -- 1882-1883,,Échelle(s) : 1:400 000,fre,"Bibliothèque nationale de France, département Cartes et plans, GE D-2770",domaine public | public domain,map | carte | image fixe | image | still image,cartes,high,tunis,country,tunisia | tunisie,https://gallica.bnf.fr/ark:/12148/btv1b8441605m,https://gallica.bnf.fr/iiif/ark:/12148/btv1b8441605m/manifest.json,Gallica,https://gallica.bnf.fr/ark:/12148/btv1b8441605m.thumbnail,http://catalogue.bnf.fr/ark:/12148/cb40730746j,,IFN-8441605
btv1b8438941d,Carte de l'Egypte. 1/1 950 000. Tirage de juillet 1882. (Publiée par le Dépôt de la guerre.),1882,1882,1882,19th c.,1882,,[s.n.],1:1 950 000,31 x 45 cm,1,Égypte,Égypte,Échelle(s) : 1:1 950 000,fre,"Bibliothèque nationale de France, département Cartes et plans, GE D-25",domaine public | public domain,map | carte | image fixe | image | still image,cartes,medium,,country,tunisia | tunisie,https://gallica.bnf.fr/ark:/12148/btv1b8438941d,https://gallica.bnf.fr/iiif/ark:/12148/btv1b8438941d/manifest.json,Gallica,https://gallica.bnf.fr/ark:/12148/btv1b8438941d.thumbnail,Notice de recueil : http://catalogue.bnf.fr/ark:/12148/cb451283115,,IFN-8438941
btv1b530210435,Carte des Itinéraires de la Régence de Tunis / publiée par le Dépôt,1882,1882,1882,19th c.,1882,France. Dépôt de la guerre. Auteur du texte,[Dépôt de la guerre] (Paris),1:400 000,Carte en 2 flles ; 80 x 60 cm,1,Tunisie,Tunisie,Échelle(s) : 1:400 000,fre,"Bibliothèque nationale de France, département Cartes et plans, GEC-75",domaine public | public domain,map | carte | image fixe | image | still image,cartes,high,tunis,city | country | polity,regence de tunis | tunis | tunisia | tunisie,https://gallica.bnf.fr/ark:/12148/btv1b530210435,https://gallica.bnf.fr/iiif/ark:/12148/btv1b530210435/manifest.json,Gallica,https://gallica.bnf.fr/ark:/12148/btv1b530210435.thumbnail,Notice de recueil : http://catalogue.bnf.fr/ark:/12148/cb451283115,,IFN-53021043
btv1b53021089h,"Carte hydrographique de la Basse-Egypte et d'une partie de l'isthme de Suez, gravée au Dépôt de la guerre en 1855 / d'après les travaux de M. Linant de Bellefonds, revue et complétée en 1882 pour les chemins de fer et le canal de Suez. 1/250 000. (Tirage d'août 1882.)",1882,1882,1882,19th c.,1882,"Linant de Bellefonds, Louis Maurice Adolphe (1799-1883). Auteur du texte",Imp. Lemercier (Paris),1:250 000,1 flle [pliée] ; 126 x 80 cm,1,Soudan Égyptien -- 1855-1882,Afrique,Échelle(s) : 1:250 000 | Appartient à l’ensemble documentaire : BbLevt0,fre,"Bibliothèque nationale de France, département Cartes et plans, GEC-40",domaine public | public domain,map | carte | image fixe | image | still image,cartes,medium,,country,tunisia | tunisie,https://gallica.bnf.fr/ark:/12148/btv1b53021089h,https://gallica.bnf.fr/iiif/ark:/12148/btv1b53021089h/manifest.json,Gallica,https://gallica.bnf.fr/ark:/12148/btv1b53021089h.thumbnail,Notice de recueil : http://catalogue.bnf.fr/ark:/12148/cb451283115,,IFN-53021089
btv1b53021229s,"Carte hydrographique de la Basse-Égypte et d'une partie de l'isthme de Suez, gravée au Dépôt de la guerre en 1855 / d'après les travaux de M. Linant de Bellefonds, revue et complétée en 1882 pour les chemins de fer et le canal de Suez. 1/250 000. (Tirage de juillet 1882.)",1882,1882,1882,19th c.,1882,"Linant de Bellefonds, Louis Maurice Adolphe (1799-1883). Auteur du texte",[s.n.],1:250 000,1 flle pliée ; 126 x 80 cm,1,Égypte -- 1855-1882,Égypte,Échelle(s) : 1:250 000 | Appartient à l’ensemble documentaire : BbLevt0,fre,"Bibliothèque nationale de France, département Cartes et plans, GEC-37",domaine public | public domain,map | carte | image fixe | image | still image,cartes,medium,,country,tunisia | tunisie,https://gallica.bnf.fr/ark:/12148/btv1b53021229s,https://gallica.bnf.fr/iiif/ark:/12148/btv1b53021229s/manifest.json,Gallica,https://gallica.bnf.fr/ark:/12148/btv1b53021229s.thumbnail,Notice de recueil : http://catalogue.bnf.fr/ark:/12148/cb451283115,,IFN-53021229
btv1b53021220r,"Carte hydrographique de la Moyenne-Egypte, gravée au Dépôt de la guerre en 1854 / d'après les travaux de M. Linant de Bellefonds, revue et complétée en 1882 pour les chemins de fer",1882,1882,1882,19th c.,1882,"Linant de Bellefonds, Louis Maurice Adolphe (1799-1883). Cartographe",[s.n.],1:250 000,1 flle : en coul. ; 64 x 91 cm,1,Égypte -- 1854-1882,Égypte,Échelle(s) : 1:250 000,fre,"Bibliothèque nationale de France, département Cartes et plans, GEC-38",domaine public | public domain,map | carte | image fixe | image | still image,cartes,medium,,country,tunisia | tunisie,https://gallica.bnf.fr/ark:/12148/btv1b53021220r,https://gallica.bnf.fr/iiif/ark:/12148/btv1b53021220r/manifest.json,Gallica,https://gallica.bnf.fr/ark:/12148/btv1b53021220r.thumbnail,Notice de recueil : http://catalogue.bnf.fr/ark:/12148/cb451283115,,IFN-53021220
btv1b8439057g,Carte d'une reconnaissance archéologique dans la région centrale de la Tunisie / exécutée en 1882 et 1883 par M. Julien Poinssot,1883,1883,1883,19th c.,1883,"Poinssot, Julien (1844-1900). Auteur du texte | Monrocq (Paris). Auteur du texte",imp. de Monrocq (Paris),1:400 000,1 carte ; 41 x 30 cm,1,Archéologie | Tunisie -- Archéologie -- 1882-1883,,Échelle(s) : 1:400 000,fre,"Bibliothèque nationale de France, département Cartes et plans, GE D-145",domaine public | public domain,map | carte | image fixe | image | still image,cartes,high,tunis,country,tunisia | tunisie,https://gallica.bnf.fr/ark:/12148/btv1b8439057g,https://gallica.bnf.fr/iiif/ark:/12148/btv1b8439057g/manifest.json,Gallica,https://gallica.bnf.fr/ark:/12148/btv1b8439057g.thumbnail,http://catalogue.bnf.fr/ark:/12148/cb407307456,,IFN-8439057
btv1b531480639,Carte télégraphique de la Tunisie,1883,1883,1883,19th c.,1883,,,,1 calque ; 68 x 57 cm,1,Tunisie -- Réseau télégraphique,Tunisie,Échelle(s) : [Echelle non mentionnée],fre,"Bibliothèque nationale de France, département Cartes et plans, GE SH 19 PF 1 TER DIV 47 P 9/1 D",domaine public | public domain,map | carte | image fixe | image | still image,cartes,high,tunis,country,tunisia | tunisie,https://gallica.bnf.fr/ark:/12148/btv1b531480639,https://gallica.bnf.fr/iiif/ark:/12148/btv1b531480639/manifest.json,Gallica,https://gallica.bnf.fr/ark:/12148/btv1b531480639.thumbnail,Notice de recueil : http://catalogue.bnf.fr/ark:/12148/cb444919082,,IFN-53148063
btv1b530634783,Carte de la régence de Tunis dressée au dépôt de la guerre... 1857,1884,1884,1884,19th c.,1884,,Dépôt de la guerre (Paris),1:400 000,1 flle ; 98 x 55 cm,1,Tunisie -- 1857,Tunisie,Échelle(s) : 1:400 000,fre,"Bibliothèque nationale de France, département Cartes et plans, GE C-4105",domaine public | public domain,map | carte | image fixe | image | still image,cartes,high,tunis,city | country | polity,regence de tunis | tunis | tunisia | tunisie,https://gallica.bnf.fr/ark:/12148/btv1b530634783,https://gallica.bnf.fr/iiif/ark:/12148/btv1b530634783/manifest.json,Gallica,https://gallica.bnf.fr/ark:/12148/btv1b530634783.thumbnail,Notice de recueil : http://catalogue.bnf.fr/ark:/12148/cb451283115,,IFN-53063478
btv1b84391676,Carte du bassin des chotts,1884,1884,1884,19th c.,1884,"Tissot, Charles Joseph (1828-1884). Fonction indéterminée | Monrocq (Paris). Auteur du texte",imp. de Monrocq (Paris),1:800 000,1 bande ; 38 x 18 cm,1,Chotts | Tunisie -- Chotts,,Échelle(s) : 1:800 000,fre,"Bibliothèque nationale de France, département Cartes et plans, GE D-251",domaine public | public domain,map | carte | image fixe | image | still image,cartes,high,tunis,country,tunisia | tunisie,https://gallica.bnf.fr/ark:/12148/btv1b84391676,https://gallica.bnf.fr/iiif/ark:/12148/btv1b84391676/manifest.json,Gallica,https://gallica.bnf.fr/ark:/12148/btv1b84391676.thumbnail,http://catalogue.bnf.fr/ark:/12148/cb407307367,,IFN-8439167
btv1b55011113g,Carte du golfe de Carthage,1884,1884,1884,19th c.,1884,,imp. de Monrocq (Paris),1:600 000,1 flle ; 21 x 18 cm,1,"Carthaginois, Empire",,Échelle(s) : 1:600 000,fre,"Bibliothèque nationale de France, département Cartes et plans, GE F CARTE-238",domaine public | public domain,map | carte | image fixe | image | still image,cartes,high,carthage,city,carthage,https://gallica.bnf.fr/ark:/12148/btv1b55011113g,https://gallica.bnf.fr/iiif/ark:/12148/btv1b55011113g/manifest.json,Gallica,https://gallica.bnf.fr/ark:/12148/btv1b55011113g.thumbnail,http://catalogue.bnf.fr/ark:/12148/cb40725082g,,
btv1b8439510s,Croquis de la ville de Qirwan,1884,1884,1884,19th c.,1884,,[Dépôt de la guerre] (Paris),1:10 000,1 flle ; 49 x 35 cm,1,Kairouan,Tunisie,Échelle(s) : 1:10 000,fre,"Bibliothèque nationale de France, département Cartes et plans, GE D-601",domaine public | public domain,map | carte | image fixe | image | still image,cartes,high,tunis,city | country,kairouan | tunisia | tunisie,https://gallica.bnf.fr/ark:/12148/btv1b8439510s,https://gallica.bnf.fr/iiif/ark:/12148/btv1b8439510s/manifest.json,Gallica,https://gallica.bnf.fr/ark:/12148/btv1b8439510s.thumbnail,Notice de recueil : http://catalogue.bnf.fr/ark:/12148/cb451283115,,IFN-8439510
btv1b8439166s,Plan de Carthage / dressé d'après les levés de Falbe ; et de Daux,1884,1884,1884,19th c.,1884,"Falbe, Christian Tuxen (1791-1849). Auteur du texte | Daux, Auguste (1809-1882). Dessinateur",imp. de Monrocq (Paris),1:22 000,1 flle ; 37 x 49 cm,1,"Carthaginois, Empire",Tunisie,Échelle(s) : 1:22 000,fre,"Bibliothèque nationale de France, département Cartes et plans, GE D-250",domaine public | public domain,plan | plan | image fixe | image | still image,cartes,high,tunis,city | country,carthage | tunisia | tunisie,https://gallica.bnf.fr/ark:/12148/btv1b8439166s,https://gallica.bnf.fr/iiif/ark:/12148/btv1b8439166s/manifest.json,Gallica,https://gallica.bnf.fr/ark:/12148/btv1b8439166s.thumbnail,http://catalogue.bnf.fr/ark:/12148/cb40725083t,,IFN-8439166
btv1b8439238t,Algérie et Tunisie,1885,1885,1885,19th c.,1885,,imp. de Dufrenoy (Paris),1:3 090 000,1 flle ; 42 x 30 cm,1,Algérie | Tunisie,,Échelle(s) : 1:3 090 000,fre,"Bibliothèque nationale de France, département Cartes et plans, GE D-323",domaine public | public domain,map | carte | image fixe | image | still image,cartes,high,tunis,country,tunisia | tunisie,https://gallica.bnf.fr/ark:/12148/btv1b8439238t,https://gallica.bnf.fr/iiif/ark:/12148/btv1b8439238t/manifest.json,Gallica,https://gallica.bnf.fr/ark:/12148/btv1b8439238t.thumbnail,http://catalogue.bnf.fr/ark:/12148/cb40728022b,,IFN-8439238
oai:u-bordeaux-montaigne.fr:218963,Algérie et Tunisie : d'après les documents fournis par le Dépôt de la guerre (Service géographique) : orthographe des noms arabes d'après les principes du Général Parmentier / dessinée par J. Hansen ; gravée par E. Morieu,1885,1885,1885,19th c.,1885,"Hansen, Jules 1828-1908","Paris : Lith. Lemercier & Cie , 1885",,"1 carte : en coul. ; 51 x 71 cm, sur une feuille de 57 x 82 cm, pliée et reliée 20 x14 cm | 72 x 52",,,Afrique : Tunisie,"""Carte offerte par le Comité oranais du Congrès d'Alger aux membres de l'Association française pour l'avancement des sciences."". Relief indiqué par des hachures et des points cotés",,,Public Domain mark,1886:Carte,cartes,high,tunis,country,tunisia | tunisie,https://1886.u-bordeaux-montaigne.fr/s/1886/item/218963,,1886 - Collections patrimoniales numérisées de Bordeaux 3,https://1886.u-bordeaux-montaigne.fr/files/medium/bad55883bce87e27b52a12a3a35062512857e791.jpg,,,
btv1b53022924j,"Algérie et Tunisie, d'après les documents fournis par le Dépôt de la Guerre (Service Géographique); orthographe des noms arabes d'après les principes du général Parmentier / dessinée par J. Hansen, 1885",1885,1885,1885,19th c.,1885,"Hansen, Jules-André-Arthur (1849-1931). Fonction indéterminée | Imprimerie Lemercier. Fonction indéterminée | France. Dépôt de la guerre. Fonction indéterminée",imp. de Lemercier (Paris),1:800 000,1 flle ; 73 x 54 cm,1,Algérie | Tunisie,Algérie | Tunisie,Échelle(s) : 1:800 000,fre,"Bibliothèque nationale de France, département Cartes et plans, GEC-543",domaine public | public domain,map | carte | image fixe | image | still image,cartes,high,tunis,country,tunisia | tunisie,https://gallica.bnf.fr/ark:/12148/btv1b53022924j,https://gallica.bnf.fr/iiif/ark:/12148/btv1b53022924j/manifest.json,Gallica,https://gallica.bnf.fr/ark:/12148/btv1b53022924j.thumbnail,Notice de recueil : http://catalogue.bnf.fr/ark:/12148/cb45127998g,,IFN-53022924
btv1b52514110t,"Algérie, Tunisie / par P. Vidal, Lablache",1885,1885,1885,19th c.,1885,"Vidal de La Blache, Paul (1845-1918). Auteur du texte",A. Colin (Paris),1:13 000 000,1 flle : en coul. ; 117 x 98 cm,2,Tunisie | Algérie,,Échelle(s) : 1:13 000 000,fre,"Bibliothèque nationale de France, département Cartes et plans, GE AA-25 (11 / 11 BIS-1885)",domaine public | public domain,map | carte | image fixe | image | still image,cartes,high,tunis,country,tunisia | tunisie,https://gallica.bnf.fr/ark:/12148/btv1b52514110t,https://gallica.bnf.fr/iiif/ark:/12148/btv1b52514110t/manifest.json,Gallica,https://gallica.bnf.fr/ark:/12148/btv1b52514110t.thumbnail,http://catalogue.bnf.fr/ark:/12148/cb40737269h,,
btv1b530229930,Algérie. - Carte murale de l'Algérie et de la Tunisie,1885,1885,1885,19th c.,1885,,A. Jourdan (Alger),1:1 000 000,1 carte en 1 flles ; 130 x 112 cm,4,Algérie,,Échelle(s) : 1:1 000 000,fre,"Bibliothèque nationale de France, département Cartes et plans, GE C-544",domaine public | public domain,map | carte | image fixe | image | still image,cartes,high,tunis,country,tunisia | tunisie,https://gallica.bnf.fr/ark:/12148/btv1b530229930,https://gallica.bnf.fr/iiif/ark:/12148/btv1b530229930/manifest.json,Gallica,https://gallica.bnf.fr/ark:/12148/btv1b530229930.thumbnail,http://catalogue.bnf.fr/ark:/12148/cb407106894,,IFN-53022993
btv1b55011149d,Carte des principales voies de communication de la Tunisie et de l'Algérie orientale,1885,1885,1885,19th c.,1885,Chaix. Auteur du texte,imp. de Chaix (Paris),1:3 200 000,1 flle ; 20 x 15 cm,1,Voies de communication | Tunisie -- Voies de communication,,Échelle(s) : 1:3 200 000,fre,"Bibliothèque nationale de France, département Cartes et plans, GE F CARTE-290",domaine public | public domain,map | carte | image fixe | image | still image,cartes,high,tunis,country,tunisia | tunisie,https://gallica.bnf.fr/ark:/12148/btv1b55011149d,https://gallica.bnf.fr/iiif/ark:/12148/btv1b55011149d/manifest.json,Gallica,https://gallica.bnf.fr/ark:/12148/btv1b55011149d.thumbnail,http://catalogue.bnf.fr/ark:/12148/cb40751029p,,
btv1b84393474,Carte du bassin de l'oued Melah entre le Coudiál Hameïmet et la mer,1885,1885,1885,19th c.,1885,Établissement géographique Erhard frères. Auteur du texte,imp de Erhard (Paris),1:40 000,1 flle ; 50 x 20 cm,1,"Melah, Sebkha el (marais salé)",Tunisie,Échelle(s) : 1:40 000,fre,"Bibliothèque nationale de France, département Cartes et plans, GE D-432",domaine public | public domain,map | carte | image fixe | image | still image,cartes,high,tunis,country,tunisia | tunisie,https://gallica.bnf.fr/ark:/12148/btv1b84393474,https://gallica.bnf.fr/iiif/ark:/12148/btv1b84393474/manifest.json,Gallica,https://gallica.bnf.fr/ark:/12148/btv1b84393474.thumbnail,http://catalogue.bnf.fr/ark:/12148/cb40750150j,,IFN-8439347
btv1b55011402r,"Plan du Kef / E. Espérandieu, del",1885,1885,1885,19th c.,1885,"Espérandieu, Émile (1857-1939). Auteur du texte",imp. de Bruqueirolle (Alais),,1 flle ; 29 x 22 cm,1,Le Kef,Tunisie,,fre,"Bibliothèque nationale de France, département Cartes et plans, GE F CARTE-573",domaine public | public domain,map | carte | image fixe | image | still image,cartes,high,tunis,city | country,le kef | tunisia | tunisie,https://gallica.bnf.fr/ark:/12148/btv1b55011402r,https://gallica.bnf.fr/iiif/ark:/12148/btv1b55011402r/manifest.json,Gallica,https://gallica.bnf.fr/ark:/12148/btv1b55011402r.thumbnail,http://catalogue.bnf.fr/ark:/12148/cb407582695,,
btv1b53022873s,"Carte des itinéraires de la Tunisie, 1/800 000, 1885",1886,1886,1886,19th c.,1886,,imp. du Dépôt de la guerre (Paris),1:800 000,1 flle ; 55 x 80 cm,1,Tunisie -- Itinéraire -- 1885,,Échelle(s) : 1:800 000,fre,"Bibliothèque nationale de France, département Cartes et plans, GE C-724",domaine public | public domain,map | carte | image fixe | image | still image,cartes,high,tunis,country,tunisia | tunisie,https://gallica.bnf.fr/ark:/12148/btv1b53022873s,https://gallica.bnf.fr/iiif/ark:/12148/btv1b53022873s/manifest.json,Gallica,https://gallica.bnf.fr/ark:/12148/btv1b53022873s.thumbnail,http://catalogue.bnf.fr/ark:/12148/cb407280570,,IFN-53022873
btv1b84401312,Carte de la Tunisie pour accompagner l'ouvrage de M. de Lanessan sur ce pays,1887,1887,1887,19th c.,1887,,F. Alcan (Paris),,1 flle ; 18 x 26 cm,1,Tunisie,,,fre,"Bibliothèque nationale de France, département Cartes et plans, GE D-1232",domaine public | public domain,map | carte | image fixe | image | still image,cartes,high,tunis,country,tunisia | tunisie,https://gallica.bnf.fr/ark:/12148/btv1b84401312,https://gallica.bnf.fr/iiif/ark:/12148/btv1b84401312/manifest.json,Gallica,https://gallica.bnf.fr/ark:/12148/btv1b84401312.thumbnail,http://catalogue.bnf.fr/ark:/12148/cb407280272,,IFN-8440131
btv1b530299959,Carte des itinéraires de la Tunisie,1887,1887,1887,19th c.,1887,,Service géographique de l'armée (Paris),1:800 000,1 flle ; 51 x 80 cm,1,Tunisie -- Itinéraire,,Échelle(s) : 1:800 000,fre,"Bibliothèque nationale de France, département Cartes et plans, GE C-2873",domaine public | public domain,map | carte | image fixe | image | still image,cartes,high,tunis,country,tunisia | tunisie,https://gallica.bnf.fr/ark:/12148/btv1b530299959,https://gallica.bnf.fr/iiif/ark:/12148/btv1b530299959/manifest.json,Gallica,https://gallica.bnf.fr/ark:/12148/btv1b530299959.thumbnail,http://catalogue.bnf.fr/ark:/12148/cb40728058b,,IFN-53029995
btv1b53179707j,"Carte des itinéraires de la Tunisie / chef du service géographique, le Général Perrier",1887,1887,1887,19th c.,1887,Perrier (18..-18..? ; commandant). Cartographe,Service géographique de l'armée (Paris),1:800 000,1 flle : en coul. ; 95 x 65 cm,1,Tunisie -- Itinéraire,Tunisie,Échelle(s) : 1:800 000,fre,"Bibliothèque nationale de France, département Cartes et plans, GE SH 19 PF 1 QUATER DIV 25 P 16",domaine public | public domain,map | carte | image fixe | image | still image,cartes,high,tunis,country,tunisia | tunisie,https://gallica.bnf.fr/ark:/12148/btv1b53179707j,https://gallica.bnf.fr/iiif/ark:/12148/btv1b53179707j/manifest.json,Gallica,https://gallica.bnf.fr/ark:/12148/btv1b53179707j.thumbnail,Notice de recueil : http://catalogue.bnf.fr/ark:/12148/cb451283115,,IFN-53179707
btv1b84396601,"Guide-poche algérien / L. Chappuis, fils. Alger. Carte des chemins de fer de l'Algérie et de la Tunisie",1887,1887,1887,19th c.,1887,"Chappuis (fils), L. (18..-19..). Auteur du texte",imp. de Monrocq (Paris),1:3 000 000,1 flle ; 45 x 27 cm,1,Algérie -- Chemins de fer,,Échelle(s) : 1:3 000 000,fre,"Bibliothèque nationale de France, département Cartes et plans, GE D-753",domaine public | public domain,map | carte | image fixe | image | still image,cartes,high,tunis,country,tunisia | tunisie,https://gallica.bnf.fr/ark:/12148/btv1b84396601,https://gallica.bnf.fr/iiif/ark:/12148/btv1b84396601/manifest.json,Gallica,https://gallica.bnf.fr/ark:/12148/btv1b84396601.thumbnail,http://catalogue.bnf.fr/ark:/12148/cb407191470,,IFN-8439660
oai:bibliotheques-specialisees.paris.fr:ark:/73873/pf0000856795,Plan de la rue de l'Ecole de Médecine. Alignements : ordonnance royale et décrets 1836 à 1884,1887,1887,1887,19th c.,1887,,impr. Millet et fils,,Echelle 1 : 200 | 1 plan (3 f.) ; 2410 x 590 mm,,Paris (France) -- Rue de l'Ecole de Médecine -- XIXe siècle | Paris (France) -- Arrondissement (06e) -- XIXe siècle | Paris (France) -- Quartier de la Monnaie -- XIXe siècle | Paris (France) -- Quartier de l'Odéon -- XIXe siècle | Plans,,"Alignements de la rue de l'Ecole de Médecine, 1836-1884",fre,"Ville de Paris / BHVP, ALIGNEMENT 174",domaine public | public domain,image | document cartographique | cartographic resource | carte | map,cartes,medium,,city,medenine,https://bibliotheques-specialisees.paris.fr/ark:/73873/pf0000856795,,Bibliothèques spécialisées de la Ville de Paris,https://bibliotheques-specialisees.paris.fr/in/rest/Thumb/image?id=p::usmarcdef_0000856795&amp;mat=Map,,,
btv1b8439648k,Carte du relief de l'Algérie et de la Tunisie / dressée par E. Guillemin,1888,1888,1888,19th c.,1888,"Guillemin, Eugène (1823-1893). Dessinateur",imp. de Berthaud (Paris),,1 flle ; 41 x 29 cm,1,Algérie | Tunisie -- Relief,,,fre,"Bibliothèque nationale de France, département Cartes et plans, GE D-741",domaine public | public domain,map | carte | image fixe | image | still image,cartes,high,tunis,country,tunisia | tunisie,https://gallica.bnf.fr/ark:/12148/btv1b8439648k,https://gallica.bnf.fr/iiif/ark:/12148/btv1b8439648k/manifest.json,Gallica,https://gallica.bnf.fr/ark:/12148/btv1b8439648k.thumbnail,http://catalogue.bnf.fr/ark:/12148/cb40728063x,,IFN-8439648
btv1b101236288,"Colonie du Gabon et du Congo français. Reconnaissances préliminaires pour l'étude des voies de communication entre la côte du Loango et Brazzaville par la vallée du Kouilou-Niari / carte levée par Léon Jacob, 1887-1888 : Feuille no 1",1888,1888,1888,19th c.,1888,"Jacob, Léon Pierre (1858-1935). Cartographe",J. Trouillet (Paris),1:185 200,1 carte ; 69 x 96 cm,1,"Cartes topographiques -- Congo (République) -- Kouilou (Congo, République ; département) | Gabon-Congo, Colonie du -- 1887-1888 | Congo français, Colonie du -- 1887-1888 -- Ouest",Congo | E 11°40' - E 15°30' / S 3°40' - S 4°40',Échelle(s) : 1:185 200 | Appartient à l’ensemble documentaire : NmBA001 | Appartient à l’ensemble documentaire : NmBA002 | Appartient à l’ensemble documentaire : NmBA003 | Cartes,fre,"CIRAD, BH_TL GAB INAC 768 Feuille 1",domaine public | public domain,map | carte | image fixe | image | still image,cartes,medium,,city,gabes,https://gallica.bnf.fr/ark:/12148/btv1b101236288,https://gallica.bnf.fr/iiif/ark:/12148/btv1b101236288/manifest.json,Gallica,https://gallica.bnf.fr/ark:/12148/btv1b101236288.thumbnail,http://catalogue.bnf.fr/ark:/12148/cb469476439,,IFN-10123628
btv1b10123629q,"Colonie du Gabon et du Congo français. Reconnaissances préliminaires pour l'étude des voies de communication entre la côte du Loango et Brazzaville par la vallée du Kouilou-Niari / carte levée par Léon Jacob, 1887-1888 : Feuille no 2",1888,1888,1888,19th c.,1888,"Jacob, Léon Pierre (1858-1935). Cartographe",J. Trouillet (Paris),1:185 200,1 carte ; 69 x 52 cm,1,"Cartes topographiques -- Congo (République) -- Kouilou (Congo, République ; département) | Gabon-Congo, Colonie du -- 1887-1888 | Congo français, Colonie du -- 1887-1888 -- Ouest",Congo | E 11°40' - E 15°30' / S 3°40' - S 4°40',Échelle(s) : 1:185 200 | Appartient à l’ensemble documentaire : NmBA001 | Appartient à l’ensemble documentaire : NmBA002 | Appartient à l’ensemble documentaire : NmBA003 | Cartes,fre,"CIRAD, BH_TL GAB INAC 769",domaine public | public domain,map | carte | image fixe | image | still image,cartes,medium,,city,gabes,https://gallica.bnf.fr/ark:/12148/btv1b10123629q,https://gallica.bnf.fr/iiif/ark:/12148/btv1b10123629q/manifest.json,Gallica,https://gallica.bnf.fr/ark:/12148/btv1b10123629q.thumbnail,http://catalogue.bnf.fr/ark:/12148/cb46947731k,,IFN-10123629
oai:u-bordeaux-montaigne.fr:245412,Méditerranée. Côtes de Sicile et de la régence de Tunis : 1871,1888,1888,1888,19th c.,[1888],,[Paris] : Dépôt des cartes et plans de la marine,1:744 000,"1 carte ; 63 x 92 cm, sur flle 73 x 106 cm",,,Europe du sud,"[1:744 000 env.] (E 838' - E 1552' / N 3920' - N 3510'). Dans la marge : ""2946"" et ""11.24"". Bathymétrie représentée par des points de sonde (exprimés en m). ""Cette carte est la reproduction de la carte anglaise n165 publiée en 1868 d'après les travux les plus récents"" A. Germain. ""Corrections essentielles en juin1888"". Coordonnées géographiques converties du méridien de Paris au méridien de Greenwich. Echelle calculée par comparaison avec une carte d échelle connue",,,Public Domain mark,1886:Carte,cartes,high,tunis,city | polity,regence de tunis | tunis,https://1886.u-bordeaux-montaigne.fr/s/1886/item/245412,,1886 - Collections patrimoniales numérisées de Bordeaux 3,https://1886.u-bordeaux-montaigne.fr/files/medium/e6bde8b7146f3366782d06c8fe946c448750ad10.jpg,,,
btv1b84417605,"Tunisie / L. Thuillier, delt.",1888,1888,1888,19th c.,1888,"Thuillier, Louis (1848-1919). Dessinateur",Hachette (Paris),,1 flle ; 24 x 34 cm,1,Tunisie,,,fre,"Bibliothèque nationale de France, département Cartes et plans, GE D-2931",domaine public | public domain,map | carte | image fixe | image | still image,cartes,high,tunis,country,tunisia | tunisie,https://gallica.bnf.fr/ark:/12148/btv1b84417605,https://gallica.bnf.fr/iiif/ark:/12148/btv1b84417605/manifest.json,Gallica,https://gallica.bnf.fr/ark:/12148/btv1b84417605.thumbnail,http://catalogue.bnf.fr/ark:/12148/cb40728028d,,IFN-8441760
btv1b8439738j,"Tunisie / L. Thuillier, delt. ; gravé et imprimé par Erhard",1888,1888,1888,19th c.,1888,"Thuillier, Louis (1848-1919). Dessinateur | Établissement géographique Erhard frères. Graveur",Hachette (Paris),,1 flle ; 25 x 32 cm,1,Tunisie,Tunisie,Collection : Guides Joanne,fre,"Bibliothèque nationale de France, département Cartes et plans, GE D-832",domaine public | public domain,map | carte | image fixe | image | still image,cartes,high,tunis,country,tunisia | tunisie,https://gallica.bnf.fr/ark:/12148/btv1b8439738j,https://gallica.bnf.fr/iiif/ark:/12148/btv1b8439738j/manifest.json,Gallica,https://gallica.bnf.fr/ark:/12148/btv1b8439738j.thumbnail,http://catalogue.bnf.fr/ark:/12148/cb40728029r,,IFN-8439738
btv1b53025093m,"Algérie et Tunisie, indiquant les distances kilométriques, les cables et les lignes de navigation / par Ch. Lacoste,...",1889,1889,1889,19th c.,1889,"Lacoste, Charles (18..-19..? ; géographe). Cartographe",A. Fayard (Paris),1:1 000 000,1 flle ; 117 x 92 cm,1,Algérie | Tunisie,,Échelle(s) : 1:1 000 000,fre,"Bibliothèque nationale de France, département Cartes et plans, GE C-1066",domaine public | public domain,map | carte | image fixe | image | still image,cartes,high,tunis,country,tunisia | tunisie,https://gallica.bnf.fr/ark:/12148/btv1b53025093m,https://gallica.bnf.fr/iiif/ark:/12148/btv1b53025093m/manifest.json,Gallica,https://gallica.bnf.fr/ark:/12148/btv1b53025093m.thumbnail,http://catalogue.bnf.fr/ark:/12148/cb407280152,,IFN-53025093
btv1b53024975r,"Carte de la Tunisie, dressée au service géographique de l'armée",1889,1889,1889,19th c.,1889,,service géographique de l'armée (Paris),1:800 000,2 flles ; 68 x 49 cm,1,Tunisie,,Échelle(s) : 1:800 000,fre,"Bibliothèque nationale de France, département Cartes et plans, GE C-1215 (1-2)",domaine public | public domain,map | carte | image fixe | image | still image,cartes,high,tunis,country,tunisia | tunisie,https://gallica.bnf.fr/ark:/12148/btv1b53024975r,https://gallica.bnf.fr/iiif/ark:/12148/btv1b53024975r/manifest.json,Gallica,https://gallica.bnf.fr/ark:/12148/btv1b53024975r.thumbnail,http://catalogue.bnf.fr/ark:/12148/cb407280121,,IFN-53024975
btv1b53179709f,Carte des itinéraires de la Tunisie / dressée au Service géographique de l'armée,1889,1889,1889,19th c.,1889,France. Service géographique de l'armée. Cartographe,Service géographique de l'armée (Paris),1:800 000,1 carte en 2 flles : en coul. ; formats divers,2,Tunisie -- Itinéraire,Tunisie,Échelle(s) : 1:800 000,fre,"Bibliothèque nationale de France, département Cartes et plans, GE SH 19 PF 1 QUATER DIV 25 P 16/2",domaine public | public domain,map | carte | image fixe | image | still image,cartes,high,tunis,country,tunisia | tunisie,https://gallica.bnf.fr/ark:/12148/btv1b53179709f,https://gallica.bnf.fr/iiif/ark:/12148/btv1b53179709f/manifest.json,Gallica,https://gallica.bnf.fr/ark:/12148/btv1b53179709f.thumbnail,Notice de recueil : http://catalogue.bnf.fr/ark:/12148/cb451283115,,IFN-53179709
btv1b530252439,Réseau postal et télégraphique de la régence de Tunis,1889,1889,1889,19th c.,1889,,imp. de Monrocq (Paris),,1 flle ; 88 x 63 cm,1,Tunisie -- Postes,,,fre,"Bibliothèque nationale de France, département Cartes et plans, GE C-1192",domaine public | public domain,map | carte | image fixe | image | still image,cartes,high,tunis,city | country | polity,regence de tunis | tunis | tunisia | tunisie,https://gallica.bnf.fr/ark:/12148/btv1b530252439,https://gallica.bnf.fr/iiif/ark:/12148/btv1b530252439/manifest.json,Gallica,https://gallica.bnf.fr/ark:/12148/btv1b530252439.thumbnail,http://catalogue.bnf.fr/ark:/12148/cb40728062k,,IFN-53025243
oai:u-bordeaux-montaigne.fr:340409,"Tunisie Flle. N° XXI-B2-C37, La Goulette / dressé, gravé et publié par le Service géographique de l'Armée",,1890,1899,19th c.,189,,"Paris : Service géographique de l'Armée , [189. ?]",,1 carte : en coul. ; 55 x 80 cm | environ 79 x 57,,,Afrique : Tunisie,,,,,1886:Carte,cartes,high,tunis,city | country,la goulette | tunisia | tunisie,https://1886.u-bordeaux-montaigne.fr/s/1886/item/340409,,1886 - Collections patrimoniales numérisées de Bordeaux 3,https://1886.u-bordeaux-montaigne.fr/files/medium/d5d82eafab5b20c150f5bf51312703a53bc0322d.jpg,,,
btv1b8440539r,Carte des chemins de fer de l'Algérie et de la Tunisie,1891,1891,1891,19th c.,1891,,Chaix (Paris),1:300 000,"0,49 x 0,35",1,Algérie -- Chemins de fer,,Échelle(s) : 1:300 000,fre,"Bibliothèque nationale de France, département Cartes et plans, GE D-1648",domaine public | public domain,map | carte | image fixe | image | still image,cartes,high,tunis,country,tunisia | tunisie,https://gallica.bnf.fr/ark:/12148/btv1b8440539r,https://gallica.bnf.fr/iiif/ark:/12148/btv1b8440539r/manifest.json,Gallica,https://gallica.bnf.fr/ark:/12148/btv1b8440539r.thumbnail,http://catalogue.bnf.fr/ark:/12148/cb407107166,,IFN-8440539
bpt6k5790223v,"Nouvel atlas des colonies françaises : dressé par ordre de l'administration des colonies / par Paul Pelet, ...",1891,1891,1891,19th c.,1891,"Pelet, Paul (1849-1927). Cartographe",A. Challamel (Paris),,24 cartes : coul. ; In-4,152,Colonies françaises | Monde -- Colonies françaises,,Appartient à l’ensemble documentaire : NmBA001 | Appartient à l’ensemble documentaire : NmBA002 | Avec mode texte,fre,"Bibliothèque nationale de France, département Philosophie, histoire, sciences de l'homme, 4-LK9-830",domaine public | public domain,atlas | atlas | atlas | atlas | image fixe | image | still image,cartes,medium,,city | country | island | region,beja | bizerte | cap bon | carthage | djerba | gabes | gafsa | kairouan | la goulette | medenine | monastir | sfax | sousse | tunis | tunisia | tunisie | zaghouan | zarzis,https://gallica.bnf.fr/ark:/12148/bpt6k5790223v,https://gallica.bnf.fr/iiif/ark:/12148/bpt6k5790223v/manifest.json,Gallica,https://gallica.bnf.fr/ark:/12148/bpt6k5790223v.thumbnail,http://catalogue.bnf.fr/ark:/12148/cb40734836g,,
btv1b531464026,"[Stations de sauvetage sur les côtes de France] : Corse, Algérie, Tunisie",1893,1893,1893,19th c.,1893,,[s.n.],,"1 carte, tracés en coul. ; 69 x 50 cm",1,"Sauvetage | Atlantique Nord, Océan",Océan Atlantique Nord,Échelle(s) : [Echelle non mentionnée],rus,"Bibliothèque nationale de France, département Cartes et plans, GE SH 19 PF 32 P 50 D",domaine public | public domain,map | carte | image fixe | image | still image,cartes,high,tunis,country,tunisia | tunisie,https://gallica.bnf.fr/ark:/12148/btv1b531464026,https://gallica.bnf.fr/iiif/ark:/12148/btv1b531464026/manifest.json,Gallica,https://gallica.bnf.fr/ark:/12148/btv1b531464026.thumbnail,Notice de recueil : http://catalogue.bnf.fr/ark:/12148/cb42276489p,,IFN-53146402
oai:u-bordeaux-montaigne.fr:245555,Tunisie. Du cap Kamart au Ras-al-Fortas. Baie de Tunis,1893,1893,1893,19th c.,1893,"Manen, I",[Paris] : Service hydrographique de la marine,1:63 194,1 carte ; 65 x 95 cm,,,Afrique : Tunisie,"[1:63 194 env.] (E 107' - E 1047' / N 3657' - N 3636'). Document numéroté : ""4222"" et ""35-11"". Edition originelle : 1887. Coordonnées géographiques d après Google Earth. Echelle calculée par comparaison avec une carte d échelle connue",,,Public Domain mark,1886:Carte,cartes,high,tunis,city | country,tunis | tunisia | tunisie,https://1886.u-bordeaux-montaigne.fr/s/1886/item/245555,,1886 - Collections patrimoniales numérisées de Bordeaux 3,https://1886.u-bordeaux-montaigne.fr/files/medium/539371bec6747f5b202a7a632f7cc9be7168df19.jpg,,,
btv1b5969652w,"Carte de l'Afrique à l'échelle de 1:2 000 000. 02, Tunis : Afrique (région septentrionale) / [dressé et dessiné par... Régnauld de Lannoy de Bissy]",1894,1894,1900,,1894-1900,"Régnauld de Lannoy de Bissy, Richard de (1844-1906). Cartographe | France. Service géographique de l'armée. Éditeur scientifique",Service géographique de l'armée (Paris),1:2 000 000,1 flle : en coul. ; 52 x 62 cm,1,Tunisie -- Nord | Tunis,Tunisie | E 6°10' - E 18°30' / N 43°15' - N 36°,Échelle(s) : 1:2 000 000,fre,"Bibliothèque nationale de France, département Cartes et plans, GE DD-411 (2-1900)",domaine public | public domain,map | carte | image fixe | image | still image,cartes,high,tunis,city | country,tunis | tunisia | tunisie,https://gallica.bnf.fr/ark:/12148/btv1b5969652w,https://gallica.bnf.fr/iiif/ark:/12148/btv1b5969652w/manifest.json,Gallica,https://gallica.bnf.fr/ark:/12148/btv1b5969652w.thumbnail,Notice d'ensemble : http://catalogue.bnf.fr/ark:/12148/cb408565252,,IFN-5969652
btv1b530277289,"Carte géologique provisoire de la régence de Tunis / dressée par F. Aubert, publiée par ordre du gouvernement tunisien, 1892",1894,1894,1894,19th c.,1894,"Aubert, F. (18..-19..? ; ingénieur). Dessinateur | Barrère, Henry (1865-1930). Auteur du texte",H. Barrère (Paris),1:800 000,1 flle ; 60 x 74 cm avec texte in-8°,1,Géologie | Tunisie -- Géologie -- 1892,,Échelle(s) : 1:800 000,fre,"Bibliothèque nationale de France, département Cartes et plans, GE C-1819",domaine public | public domain,map | carte | image fixe | image | still image,cartes,high,tunis,city | country | polity,regence de tunis | tunis | tunisia | tunisie,https://gallica.bnf.fr/ark:/12148/btv1b530277289,https://gallica.bnf.fr/iiif/ark:/12148/btv1b530277289/manifest.json,Gallica,https://gallica.bnf.fr/ark:/12148/btv1b530277289.thumbnail,http://catalogue.bnf.fr/ark:/12148/cb40729758h,,IFN-53027728
btv1b53121118t,Carte de la Tunisie dressée au Service géographique de l'Armée,1895,1895,1895,19th c.,1895,France. Service géographique de l'armée. Auteur du texte,Service géographique de l'Armée (Paris),1:800 000,1 flle : en coul. ; 69 x 57 cm,2,Tunisie,,Échelle(s) : 1:800 000,fre,"Bibliothèque nationale de France, département Cartes et plans, GE C-15349",domaine public | public domain,map | carte | image fixe | image | still image,cartes,high,tunis,country,tunisia | tunisie,https://gallica.bnf.fr/ark:/12148/btv1b53121118t,https://gallica.bnf.fr/iiif/ark:/12148/btv1b53121118t/manifest.json,Gallica,https://gallica.bnf.fr/ark:/12148/btv1b53121118t.thumbnail,http://catalogue.bnf.fr/ark:/12148/cb40728032n,,IFN-53121118
btv1b8441279j,"Karte der Eisenbahn von Salonik nach Monastir, 1/300 000, entworfen u. gez. / C. Fr. v. d. Goltz",1895,1895,1895,19th c.,1895,"Goltz, Colmar von der (1843-1916). Auteur du texte",[s.n.] (Berlin),1:300 000,1 flle ; 56 x 32 cm,1,"Macédoine -- Chemins de fer | Salonique, Province de",,Échelle(s) : 1:300 000,ger,"Bibliothèque nationale de France, département Cartes et plans, GE D-2423",domaine public | public domain,map | carte | image fixe | image | still image,cartes,low,,city,monastir,https://gallica.bnf.fr/ark:/12148/btv1b8441279j,https://gallica.bnf.fr/iiif/ark:/12148/btv1b8441279j/manifest.json,Gallica,https://gallica.bnf.fr/ark:/12148/btv1b8441279j.thumbnail,http://catalogue.bnf.fr/ark:/12148/cb407308502,,IFN-8441279
btv1b531797080,Carte des itinéraires de la Tunisie / dressée au Service géographique de l'armée,1896,1896,1896,19th c.,1896,France. Service géographique de l'armée. Cartographe,Service géographique de l'armée (Paris),1:800 000,1 carte en 2 flles : en coul. ; formats divers,2,Tunisie -- Itinéraire,Tunisie,Échelle(s) : 1:800 000,fre,"Bibliothèque nationale de France, département Cartes et plans, GE SH 19 PF 1 QUATER DIV 25 P 16/1",domaine public | public domain,map | carte | image fixe | image | still image,cartes,high,tunis,country,tunisia | tunisie,https://gallica.bnf.fr/ark:/12148/btv1b531797080,https://gallica.bnf.fr/iiif/ark:/12148/btv1b531797080/manifest.json,Gallica,https://gallica.bnf.fr/ark:/12148/btv1b531797080.thumbnail,Notice de recueil : http://catalogue.bnf.fr/ark:/12148/cb451283115,,IFN-53179708
oai:u-bordeaux-montaigne.fr:245855,"Carte des stations minérales, thermales et balnéaires de France et d'Algérie / dressée d'après les documents officiels par Mce. Beyne",1896,1896,1896,19th c.,1896,"Beyne, Maurice","[Lieu de publication inconnu] : [éditeur inconnu] , 1896",,1 carte : en coul. ; 63 x 83 cm,,,Europe : France,"Cartons : Algérie-Tunisie ; Seine et environs ; Pyrénées-Orles. ; Puy-de-Dôme ; Ardèche ; Cantal ; Htes.-Pyrénées. Indique la localisation des stations minérales, balnéaires, sanatorium et hôpitaux thermaux, avec légende qui indique la classification des sources (bicarbonatées, chlorurées, sulfatées, sulfurées, ferrugineuses)",,,Public Domain mark,1886:Carte,cartes,medium,tunis,country,tunisia | tunisie,https://1886.u-bordeaux-montaigne.fr/s/1886/item/245855,,1886 - Collections patrimoniales numérisées de Bordeaux 3,https://1886.u-bordeaux-montaigne.fr/files/medium/4bfbc55f6006f9ac05918e6509b046491f3ee7db.jpg,,,
btv1b84954845,"Plan de Tunis : Atlas universel, pl. 127 / gravé par R. Hausermann",1896,1896,1896,19th c.,1896,"Hausermann, R. (1843-1933). Créateur de l'estampe / Créatrice de l'estampe | Hausermann, R. (1843-1933). Graveur (Manifestation)",Arthème Fayard (Paris),,1 feuille ; 23 x 31 cm,1,Tunis,Tunisie,[Plan de Tunis],fre,"Bibliothèque nationale de France, département Cartes et Plans, GE D-17886",domaine public | public domain,image fixe | image | still image,cartes,high,tunis,city | country,tunis | tunisia | tunisie,https://gallica.bnf.fr/ark:/12148/btv1b84954845,https://gallica.bnf.fr/iiif/ark:/12148/btv1b84954845/manifest.json,Gallica,https://gallica.bnf.fr/ark:/12148/btv1b84954845.thumbnail,Notice de recueil : http://catalogue.bnf.fr/ark:/12148/cb40593927f,,IFN-8495484
btv1b108916885,"[Algérie]. Tracés des lignes télégraphiques de Touggourt à El Oued et d'El Oued à Nefta, par Paul Bayol, 1897-1898 (2 cartes sur calque au 1/200 000 et au 1/100 000)",1897,1897,1898,19th c.,1897-1898,"Pelet, Paul (1849-1927). Cartographe",,1:100 000,2 cartes,4,Algérie,Algérie,Échelle(s) : 1:100 000 et 1:200 000 | Appartient à l’ensemble documentaire : MssSGE1,fre,"Bibliothèque nationale de France, département Société de Géographie, SG MS8-95 (1395)",conditions spécifiques d'utilisation - Société de Géographie | restricted use,map | carte | image fixe | image | still image,cartes,medium,algerie,city,nefta,https://gallica.bnf.fr/ark:/12148/btv1b108916885,https://gallica.bnf.fr/iiif/ark:/12148/btv1b108916885/manifest.json,Gallica,https://gallica.bnf.fr/ark:/12148/btv1b108916885.thumbnail,Notice de recueil : http://catalogue.bnf.fr/ark:/12148/cb42391157m,,IFN-10891688
btv1b53029646j,Environs de Bizerte,1898,1898,1898,19th c.,1898,,service géographique de l'armée (Paris),1:50 000,1 flle ; 73 x 54 cm,1,Bizerte -- Environs,Tunisie,Échelle(s) : 1:50 000,fre,"Bibliothèque nationale de France, département Cartes et plans, GE C-2527",domaine public | public domain,map | carte | image fixe | image | still image,cartes,high,tunis,city | country,bizerte | tunisia | tunisie,https://gallica.bnf.fr/ark:/12148/btv1b53029646j,https://gallica.bnf.fr/iiif/ark:/12148/btv1b53029646j/manifest.json,Gallica,https://gallica.bnf.fr/ark:/12148/btv1b53029646j.thumbnail,http://catalogue.bnf.fr/ark:/12148/cb40679584c,,IFN-53029646
btv1b530294979,Environs de Tunis,1898,1898,1898,19th c.,1898,,service géographique de l'armée (Paris),1:50 000,1 flle ; 74 x 54 cm,1,Tunis -- Environs,Tunisie,Échelle(s) : 1:50 000,fre,"Bibliothèque nationale de France, département Cartes et plans, GE C-2455",domaine public | public domain,map | carte | image fixe | image | still image,cartes,high,tunis,city | country,tunis | tunisia | tunisie,https://gallica.bnf.fr/ark:/12148/btv1b530294979,https://gallica.bnf.fr/iiif/ark:/12148/btv1b530294979/manifest.json,Gallica,https://gallica.bnf.fr/ark:/12148/btv1b530294979.thumbnail,http://catalogue.bnf.fr/ark:/12148/cb407279995,,IFN-53029497
bpt6k1100234w,"Nouvel Atlas colonial / par Henri Mager, ,...",1899,1899,1899,19th c.,1899,"Mager, Henri (1859-19..). Cartographe",E. Flammarion (Paris),,Atlas (32 p.) ; in-4°,36,Colonisation | Colonies | Monde,,Appartient à l’ensemble documentaire : NmBA001 | Appartient à l’ensemble documentaire : NmBA002 | Appartient à l’ensemble documentaire : MAEDI013 | Appartient à l’ensemble documentaire : MAEDIGen0 | Avec mode texte,fre,"CIRAD, BH_TL MONDE 62761",domaine public | public domain,atlas | atlas | atlas | atlas | image fixe | image | still image,cartes,medium,,city | country,gafsa | sousse | tunisia | tunisie,https://gallica.bnf.fr/ark:/12148/bpt6k1100234w,https://gallica.bnf.fr/iiif/ark:/12148/bpt6k1100234w/manifest.json,Gallica,https://gallica.bnf.fr/ark:/12148/bpt6k1100234w.thumbnail,http://catalogue.bnf.fr/ark:/12148/cb407017136,,
btv1b531213174,"Carte de France publiée par le Petit Journal d'après les documents les plus récents, indiquant la division par départements, avec les chemins de fer, les cours d'eau, les routes, les canaux, les uniformes de l'Armée française, les pavillons des différentes nations, les décorations françaises, les monnaies, etc. / Dressée et dessinée... par A. Guibal",1900,1900,1900,20th c.,1900,"Guibal, A. (18..-19.. ; dessinateur). Dessinateur | Le Petit journal (Paris). Lithographe",Le Petit Journal (Paris),1:1 600 000,1 flle : en coul. ; 105 x 90 cm,1,France | Paris -- Environs | Lyon -- Environs | Marseille -- Environs | Bordeaux -- Environs | Algérie | Tunisie,France – Île-de-France – Paris | France – Auvergne-Rhône-Alpes – Rhône | France – Provence-Alpes-Côte-d'Azur – Bouches-du-Rhône | France – Nouvelle-Aquitaine – Gironde,Échelle(s) : 40 km [= 0m025 1:1 600 000],fre,"Bibliothèque nationale de France, département Cartes et plans, GE C-15396",domaine public | public domain,map | carte | image fixe | image | still image,cartes,high,tunis,country,tunisia | tunisie,https://gallica.bnf.fr/ark:/12148/btv1b531213174,https://gallica.bnf.fr/iiif/ark:/12148/btv1b531213174/manifest.json,Gallica,https://gallica.bnf.fr/ark:/12148/btv1b531213174.thumbnail,http://catalogue.bnf.fr/ark:/12148/cb40702710d,,IFN-53121317
btv1b84414923,Carte des chemins de fer de l'Algérie et de la Tunisie,,1900,1999,20th c.,19..,,[s.n.],1:3 000 000,1 flle ; 48 x 34 cm,1,Chemins de fer | Algérie -- Chemins de fer | Tunisie -- Chemins de fer,,Échelle(s) : 1:3 000 000,fre,"Bibliothèque nationale de France, département Cartes et plans, GE D-2650",domaine public | public domain,map | carte | image fixe | image | still image,cartes,high,tunis,country,tunisia | tunisie,https://gallica.bnf.fr/ark:/12148/btv1b84414923,https://gallica.bnf.fr/iiif/ark:/12148/btv1b84414923/manifest.json,Gallica,https://gallica.bnf.fr/ark:/12148/btv1b84414923.thumbnail,http://catalogue.bnf.fr/ark:/12148/cb407280450,,IFN-8441492
btv1b8446063j,Carte des chemins de fer de l'Algérie et de la Tunisie,,1900,1999,20th c.,19..,,Chaix (Paris),1:3 000 000,1 flle : en coul. ; 49 x 34 cm,1,Algérie -- Chemins de fer,,Échelle(s) : 1:3 000 000,fre,"Bibliothèque nationale de France, département Cartes et plans, GE D-7180",domaine public | public domain,map | carte | image fixe | image | still image,cartes,high,tunis,country,tunisia | tunisie,https://gallica.bnf.fr/ark:/12148/btv1b8446063j,https://gallica.bnf.fr/iiif/ark:/12148/btv1b8446063j/manifest.json,Gallica,https://gallica.bnf.fr/ark:/12148/btv1b8446063j.thumbnail,http://catalogue.bnf.fr/ark:/12148/cb40710709x,,IFN-8446063
btv1b8442159r,"Carte routière de la Tunisie / dressée par le Touring Club de France... ; (Davinière, del.)",1900,1900,1900,20th c.,1900,Davinière (18..-19..). Auteur du texte | Touring-Club de France. Auteur du texte | Établissement géographique Erhard frères. Auteur du texte,imp. de Erhard (Paris),1:1 000 000,1 flle ; 42 x 51 cm,1,Tunisie -- Routes,,Échelle(s) : 1:1 000 000,fre,"Bibliothèque nationale de France, département Cartes et plans, GE D-3354",domaine public | public domain,map | carte | image fixe | image | still image,cartes,high,tunis,country,tunisia | tunisie,https://gallica.bnf.fr/ark:/12148/btv1b8442159r,https://gallica.bnf.fr/iiif/ark:/12148/btv1b8442159r/manifest.json,Gallica,https://gallica.bnf.fr/ark:/12148/btv1b8442159r.thumbnail,http://catalogue.bnf.fr/ark:/12148/cb407307425,,IFN-8442159
btv1b53121094z,"Distrito de Beja. Planta do concelho de Cuba, extraida da planta cadastral",,1900,1999,20th c.,19..,,Instituto geográfico e cadastral (Lisboa),1:25 000,1 flle : en coul. ; 62 x 91 cm,1,Cuba,Portugal,Échelle(s) : 1:25 000,por,"Bibliothèque nationale de France, département Cartes et plans, GE C-15134",domaine public | public domain,map | carte | image fixe | image | still image,cartes,low,,city,beja,https://gallica.bnf.fr/ark:/12148/btv1b53121094z,https://gallica.bnf.fr/iiif/ark:/12148/btv1b53121094z/manifest.json,Gallica,https://gallica.bnf.fr/ark:/12148/btv1b53121094z.thumbnail,http://catalogue.bnf.fr/ark:/12148/cb40732555f,,IFN-53121094
oai:u-bordeaux-montaigne.fr:340469,"Tunisie Flle. N° L-B6-C38, Halk El Mennzel / dressé, gravé et publié par Service géographique de l'armée",,1900,1909,20th c.,190,,"Paris : Service géographique de l'armée , [190.?]",,1 carte : en coul. ; 56 x 76 cm | environ 79 x 57,,,Afrique : Tunisie,,,,,1886:Carte,cartes,high,tunis,country,tunisia | tunisie,https://1886.u-bordeaux-montaigne.fr/s/1886/item/340469,,1886 - Collections patrimoniales numérisées de Bordeaux 3,https://1886.u-bordeaux-montaigne.fr/files/medium/51f821df59a4a21fc5dd48b1c62375713cb164bb.jpg,,,
oai:u-bordeaux-montaigne.fr:340487,"Tunisie Flle. N° LVII-B7-C38, Sousse / dressé, héliogravé et publié par le Service géographique de l'Armée",,1900,1999,20th c.,19,,"Paris : Service géographique de l'armée , [19..]",,1 carte : en coul. ; 56 x 76 cm | environ 79 x 57,,,Afrique : Tunisie,,,,,1886:Carte,cartes,high,tunis,city | country,sousse | tunisia | tunisie,https://1886.u-bordeaux-montaigne.fr/s/1886/item/340487,,1886 - Collections patrimoniales numérisées de Bordeaux 3,https://1886.u-bordeaux-montaigne.fr/files/medium/d2469c2861a03dba5bf1b42a34570c39c3a74c31.jpg,,,
oai:u-bordeaux-montaigne.fr:340450,"Tunisie Flle. N° XLIII-B5-C37, Enfida / dressé, gravé et publié par Service géographique de l'armée",,1900,1999,20th c.,19,,"Paris : Service géographique de l'armée , [19..]",,1 carte : en coul. ; 56 x 76 cm | environ 79 x 57,,,Afrique : Tunisie,,,,,1886:Carte,cartes,high,tunis,country,tunisia | tunisie,https://1886.u-bordeaux-montaigne.fr/s/1886/item/340450,,1886 - Collections patrimoniales numérisées de Bordeaux 3,https://1886.u-bordeaux-montaigne.fr/files/medium/374a76aca669cf0281f00d56d4bc7219221c4d84.jpg,,,
oai:u-bordeaux-montaigne.fr:340467,"Tunisie Flle. N° XLIX-B6-C37, Sidi Bou Ali / dressé, gravé et publié par Service géographique de l'armée",,1900,1999,20th c.,19,,"Paris : Service géographique de l'armée , [19..]",,1 carte : en coul. ; 56 x 76 cm | environ 79 x 57,,,Afrique : Tunisie,,,,,1886:Carte,cartes,high,tunis,country,tunisia | tunisie,https://1886.u-bordeaux-montaigne.fr/s/1886/item/340467,,1886 - Collections patrimoniales numérisées de Bordeaux 3,https://1886.u-bordeaux-montaigne.fr/files/medium/a96386d54b9774ba0117cb62174db80122c7a64e.jpg,,,
oai:u-bordeaux-montaigne.fr:340434,"Tunisie Flle. N° XXXVIII-B5-C32, Ouargha / dessiné, héliogravé et publié par le Service géographique de l'Armée",,1900,1999,20th c.,19,,"Paris : Institut géographique national , [19.. ?]",,1 carte : en coul. ; 57 x 76 cm | environ 79 x 57,,,Afrique : Tunisie,,,,,1886:Carte,cartes,high,tunis,country,tunisia | tunisie,https://1886.u-bordeaux-montaigne.fr/s/1886/item/340434,,1886 - Collections patrimoniales numérisées de Bordeaux 3,https://1886.u-bordeaux-montaigne.fr/files/medium/e8c10c451ecb8893a06170e5b126353923263859.jpg,,,
btv1b531797063,Plan de Tunis,1901,1901,1901,20th c.,1901,France. Dépôt de la guerre. Éditeur scientifique,Dépôt de la Guerre (Paris),1:6 000,1 flle ; 59 x 76 cm,1,Tunis,Tunisie | E 10°13' / N 36°50',Échelle(s) : 1:6 000,fre,"Bibliothèque nationale de France, département Cartes et plans, GE SH 19 PF 1 QUATER DIV 25 P 11/1",domaine public | public domain,plan | plan | image fixe | image | still image,cartes,high,tunis,city | country,tunis | tunisia | tunisie,https://gallica.bnf.fr/ark:/12148/btv1b531797063,https://gallica.bnf.fr/iiif/ark:/12148/btv1b531797063/manifest.json,Gallica,https://gallica.bnf.fr/ark:/12148/btv1b531797063.thumbnail,Notice de recueil : http://catalogue.bnf.fr/ark:/12148/cb451283115,,IFN-53179706
bpt6k11001831,"Atlas des colonies françaises : 27 planches de cartes, texte explicatif, index alphabétique / dressé par ordre du Ministère des Colonies par Paul Pelet",1902,1902,1902,20th c.,1902,"Pelet, Paul (1849-1927). Auteur du texte",A. Colin (Paris),,1 atlas (IV-non paginé [IV-74-21 p.]) : ill. en coul. ; 43 cm,206,Colonies -- Histoire | Colonies françaises | France,Monde,Échelle(s) : [Echelles diverses] | Appartient à l’ensemble documentaire : NmBA001 | Appartient à l’ensemble documentaire : NmBA002 | Appartient à l’ensemble documentaire : MAEDI013 | Appartient à l’ensemble documentaire : MAEDIGen0 | Avec mode texte,fre,"CIRAD, BH_TL MONDE 44",domaine public | public domain,atlas | atlas | atlas | atlas | image fixe | image | still image,cartes,medium,,antiquity | city | country | island | polity | region,beja | bizerte | cap bon | carthage | djerba | dougga | ferryville | gabes | gafsa | hammamet | ifriqiya | kairouan | kasserine | kelibia | kerkennah | khroumirie | la goulette | le kef | mahdia | matmata | medenine | monastir | nabeul | nefta | porto farina | regence de tunis | royaume de tunis | sbeitla | sfax | siliana | sousse | tabarka | tozeur | tunis | tunisia | tunisie | utique | zaghouan | zarzis,https://gallica.bnf.fr/ark:/12148/bpt6k11001831,https://gallica.bnf.fr/iiif/ark:/12148/bpt6k11001831/manifest.json,Gallica,https://gallica.bnf.fr/ark:/12148/bpt6k11001831.thumbnail,http://catalogue.bnf.fr/ark:/12148/cb34136651q,,
oai:u-bordeaux-montaigne.fr:340371,"Tunisie Flle. N° VII.B 0-C 36, Porto-Farina / dressé, gravé et publié par Service géographique de l'armée (Révision de 1902)",1902,1902,1902,20th c.,1902,,"Paris : Service géographique de l'armée , 1902",,1 carte : en coul. ; 56 x 76 cm | environ 79 x 57,,,Afrique : Tunisie,,,,,1886:Carte,cartes,high,tunis,city | country,porto farina | tunisia | tunisie,https://1886.u-bordeaux-montaigne.fr/s/1886/item/340371,,1886 - Collections patrimoniales numérisées de Bordeaux 3,https://1886.u-bordeaux-montaigne.fr/files/medium/569ba68dd907bb048897e86917c986b9a58820ab.jpg,,,
oai:u-bordeaux-montaigne.fr:340388,"Tunisie Flle. N° XIII-B1-C36, El Ariana / dressé, gravé et publié par le Service géographique de l'armée (révision de 1902)",1902,1902,1902,20th c.,1902,,"Paris : Service géographique de l'Armée , 1902",,1 carte : en coul. ; 58 x 70 cm | environ 79 x 57,,,Afrique : Tunisie,,,,,1886:Carte,cartes,high,tunis,country,tunisia | tunisie,https://1886.u-bordeaux-montaigne.fr/s/1886/item/340388,,1886 - Collections patrimoniales numérisées de Bordeaux 3,https://1886.u-bordeaux-montaigne.fr/files/medium/8326b92a4bbe20c5f42715ee4d303f273d95e13d.jpg,,,
oai:u-bordeaux-montaigne.fr:340390,"Tunisie Flle. N° XIV-B 1-C 37, La Marsa / dressé, gravé et publié par Service géographique de l'armée (révision de 1902)",1902,1902,1902,20th c.,1902,,"Paris : Service géographique de l'armée , 1902",,1 carte : en coul. ; 56 x 76 cm | environ 79 x 57,,,Afrique : Tunisie,,,,,1886:Carte,cartes,high,tunis,country,tunisia | tunisie,https://1886.u-bordeaux-montaigne.fr/s/1886/item/340390,,1886 - Collections patrimoniales numérisées de Bordeaux 3,https://1886.u-bordeaux-montaigne.fr/files/medium/096dda7736a76a7421819dae17bb342f2323879a.jpg,,,
oai:u-bordeaux-montaigne.fr:340396,"Tunisie Flle. N° XX-B2-C36, Tunis / dressé, gravé et publié par le Service géographique de l'Armée (révision de 1902)",1902,1902,1902,20th c.,1902,,"Paris : Service géographique de l'Armée , 1902",,"1 carte : en coul. ; 52 x 73 cm, pliée 18 x 11 cm | environ 79 x 57",,,Afrique : Tunisie,,,,,1886:Carte,cartes,high,tunis,city | country,tunis | tunisia | tunisie,https://1886.u-bordeaux-montaigne.fr/s/1886/item/340396,,1886 - Collections patrimoniales numérisées de Bordeaux 3,https://1886.u-bordeaux-montaigne.fr/files/medium/a50c01b201f7f6269eadd12d4bfd5171dc4af767.jpg,,,
oai:u-bordeaux-montaigne.fr:340408,"Tunisie Flle. N° XXI-B2-C37, La Goulette / dressé, gravé et publié par le Service géographique de l'Armée (révision de 1902)",1902,1902,1902,20th c.,1902,,"Paris : Service géographique de l'Armée , 1902",,1 carte : en coul. ; 58 x 71 cm | environ 79 x 57,,,Afrique : Tunisie,,,,,1886:Carte,cartes,high,tunis,city | country,la goulette | tunisia | tunisie,https://1886.u-bordeaux-montaigne.fr/s/1886/item/340408,,1886 - Collections patrimoniales numérisées de Bordeaux 3,https://1886.u-bordeaux-montaigne.fr/files/medium/d3258930e1b3cdec7c6038a2ae20247ea1434f31.jpg,,,
btv1b53197273p,Carte des itinéraires de la Tunisie,1903,1903,1903,20th c.,1903,France. Service géographique de l'armée. Auteur du texte,Service géographique de l'Armée (Paris),1:800 000,"1 flle en bleu, noir et rouge ; 505 x 790",1,Administration militaire | Divisions politiques et administratives | Tunisie -- Administration militaire -- 1892,Monde,Échelle(s) : 1:800 000,fre,"Bibliothèque nationale de France, département Cartes et plans, GE C-18502",domaine public | public domain,map | carte | image fixe | image | still image,cartes,high,tunis,country,tunisia | tunisie,https://gallica.bnf.fr/ark:/12148/btv1b53197273p,https://gallica.bnf.fr/iiif/ark:/12148/btv1b53197273p/manifest.json,Gallica,https://gallica.bnf.fr/ark:/12148/btv1b53197273p.thumbnail,http://catalogue.bnf.fr/ark:/12148/cb40632652h,,
oai:u-bordeaux-montaigne.fr:245554,"Mediterranean. Tunis. North coast. Approaches to Bizerta (Benzert) : from french government charts, 1885 & 1896",1903,1903,1903,20th c.,[1903],,London : Admiralty,,1 carte ; 67 x 49 cm,,,Afrique : Tunisie,"Document numéroté : ""1569"". ""Small corrections II-92, I-93, IX-95, XII-95, VII-96, VII-98, VII-00, IX-00, VI-01, VII-03"". Edition originelle : 1891. Coordonnées géographiques d après Google Earth",,,Public Domain mark,1886:Carte,cartes,high,tunis,city | country | historic,biserta | bizerte | tunis | tunisia | tunisie,https://1886.u-bordeaux-montaigne.fr/s/1886/item/245554,,1886 - Collections patrimoniales numérisées de Bordeaux 3,https://1886.u-bordeaux-montaigne.fr/files/medium/67ed4ab11563be64ba7c7945e07e2c487d0c10e1.jpg,,,
btv1b532508976,Carte routière de la Tunisie au 1er janvier 1904 / dressée par la Direction générale des Travaux publics,1904,1904,1904,20th c.,1904,Tunisie. Direction des travaux publics. Éditeur scientifique,Erhard (Paris),1:500 000,1 flle ; 103 x 73 cm,1,Tunisie -- Routes | Tunis -- Environs,Tunisie,Échelle(s) : 1:500 000,fre,"Bibliothèque nationale de France, département Cartes et plans, GE B-714",domaine public | public domain,map | carte | image fixe | image | still image,cartes,high,tunis,city | country,tunis | tunisia | tunisie,https://gallica.bnf.fr/ark:/12148/btv1b532508976,https://gallica.bnf.fr/iiif/ark:/12148/btv1b532508976/manifest.json,Gallica,https://gallica.bnf.fr/ark:/12148/btv1b532508976.thumbnail,http://catalogue.bnf.fr/ark:/12148/cb40730743h,,
btv1b530605575,"Maroc, Algérie, Tunisie ; carte politique et physique... 1/270 000 / dressée d'après les documents les plus récents à l'échelle de 1 : 2 700 000 et dessinée par E. Nardin",1905,1905,1905,20th c.,1905,"Nardin, E. (18..-19..). Auteur du texte | Garnier frères. Fonction indéterminée | E. Dufrénoy (Paris). Fonction indéterminée",Garnier Frères (Paris),1:270 000,1 flle en coul. ; 82 x 57 cm primitivement pliée in -8° sous couv.,5,"Maroc, Royaume du | Algérie | Tunisie",,Échelle(s) : 1:270 000,fre,"Bibliothèque nationale de France, département Cartes et plans, GE C-3453",domaine public | public domain,map | carte | image fixe | image | still image,cartes,high,tunis,country,tunisia | tunisie,https://gallica.bnf.fr/ark:/12148/btv1b530605575,https://gallica.bnf.fr/iiif/ark:/12148/btv1b530605575/manifest.json,Gallica,https://gallica.bnf.fr/ark:/12148/btv1b530605575.thumbnail,http://catalogue.bnf.fr/ark:/12148/cb40712094j,,IFN-53060557
btv1b531972761,Carte des itinéraires de la Tunisie,1906,1906,1906,20th c.,1906,France. Service géographique de l'armée. Fonction indéterminée,Service géographique de l'Armée (Paris),1:800 000,"1 flle en bleu, noir et rouge ; 505 x 790",1,Divisions politiques et administratives | Tunisie -- Administration militaire -- 1892,Monde,Échelle(s) : 1:800 000,fre,"Bibliothèque nationale de France, département Cartes et plans, GE C-18505",domaine public | public domain,map | carte | image fixe | image | still image,cartes,high,tunis,country,tunisia | tunisie,https://gallica.bnf.fr/ark:/12148/btv1b531972761,https://gallica.bnf.fr/iiif/ark:/12148/btv1b531972761/manifest.json,Gallica,https://gallica.bnf.fr/ark:/12148/btv1b531972761.thumbnail,http://catalogue.bnf.fr/ark:/12148/cb40632653v,,
btv1b53121213z,Carte militaire de la France,1906,1906,1906,20th c.,1906,Le Petit journal (Paris). Auteur du texte,Le Petit Journal (Paris),1:2 000 000,1 flle : en coul. illustrée ; 82 x 57 cm,1,Divisions militaires | Paris -- Divisions militaires | Algérie -- Divisions militaires | Tunisie -- Divisions militaires,France – Île-de-France – Paris,Échelle(s) : 140 km [= 0m070 ; 1:2 000 000 ca],fre,"Bibliothèque nationale de France, département Cartes et plans, GE C-15395",domaine public | public domain,map | carte | image fixe | image | still image,cartes,high,tunis,country,tunisia | tunisie,https://gallica.bnf.fr/ark:/12148/btv1b53121213z,https://gallica.bnf.fr/iiif/ark:/12148/btv1b53121213z/manifest.json,Gallica,https://gallica.bnf.fr/ark:/12148/btv1b53121213z.thumbnail,http://catalogue.bnf.fr/ark:/12148/cb40712623p,,IFN-53121213
btv1b53062063k,"Carte archéologique et topographique des ruines de Carthage dressée d'après les relevés de M. l'adjoint du génie Bordy / avec le concours de MM. le R. P. Delattre ; ,... le général Dolot ; ,... P. Gauckler,...",1907,1907,1907,20th c.,1907,"Delattre, Alfred-Louis (1850-1932). Auteur du texte | Dolot, Gabriel (1847-1924). Auteur du texte | Gauckler, Paul (1866-1911). Auteur du texte | Bordy, Pierre (1855-19..). Auteur du texte",Service géographique de l'armée (Paris),1:5 000,3 flles ; de 87 x 39 cm,1,"Carthaginois, Empire",,Échelle(s) : 1:5 000,fre,"Bibliothèque nationale de France, département Cartes et plans, GE C-3636 (1-3)",domaine public | public domain,map | carte | image fixe | image | still image,cartes,high,carthage,city,carthage,https://gallica.bnf.fr/ark:/12148/btv1b53062063k,https://gallica.bnf.fr/iiif/ark:/12148/btv1b53062063k/manifest.json,Gallica,https://gallica.bnf.fr/ark:/12148/btv1b53062063k.thumbnail,http://catalogue.bnf.fr/ark:/12148/cb407250845,,IFN-53062063
btv1b53121117c,Chemins de fer de l'Ouenza,1908,1908,1908,20th c.,1908,"Chambre de commerce (Bizerte, Tunisie). Auteur du texte",Chambre de commerce de Bizerte (Bizerte),1:1 000 000,1 flle ; 58 x 58 cm,1,Chemins de fer | Tunisie -- Chemins de fer,,Échelle(s) : 1:1 000 000,fre,"Bibliothèque nationale de France, département Cartes et plans, GE C-15316",domaine public | public domain,map | carte | view | vue | image fixe | image | still image,cartes,high,tunis,city | country,bizerte | tunisia | tunisie,https://gallica.bnf.fr/ark:/12148/btv1b53121117c,https://gallica.bnf.fr/iiif/ark:/12148/btv1b53121117c/manifest.json,Gallica,https://gallica.bnf.fr/ark:/12148/btv1b53121117c.thumbnail,http://catalogue.bnf.fr/ark:/12148/cb40728050k,,IFN-53121117
oai:bibliotheque-numerique.icp.fr:1:16101,Vilayet de Monastir : Carte des écoles chrétiennes : [La questione rumeliota carta N° 3],1908,1908,1908,20th c.,1908-01-01,[Auteur non identifié],Roma : Istituto geografico de Agostini,,1 carte en couleurs | 52x49 cm | 1/600 000,,Monastir (vilayet),Bitola,[1908],,"Institut français d'études byzantines, Carte_R_V_132-3",domaine public,,cartes,low,,city,monastir,https://bibliotheque-numerique.icp.fr/idurl/1/16101,,Institut catholique de Paris,"https://bibliotheque-numerique.icp.fr/i/?IIIF=/43/c9/1f/00/43c91f00-a544-40f2-91f0-d995c0a7da1b/iiif/ICP_Carte_R_V_132-3.tif/full/!256,256/0/default.jpg",,,
btv1b53064402v,"Algérie. - Algérie, Tunisie 1/1.500.000 (Signé : M. Maumias, juillet 1910)",1910,1910,1910,20th c.,1910,,A. Jourdan (Alger),1:1 500 000,1 flle : en coul. ; 91 x 60 cm,1,Algérie,,Échelle(s) : 1:1 500 000,fre,"Bibliothèque nationale de France, département Cartes et plans, GE C-4581",domaine public | public domain,map | carte | image fixe | image | still image,cartes,high,tunis,country,tunisia | tunisie,https://gallica.bnf.fr/ark:/12148/btv1b53064402v,https://gallica.bnf.fr/iiif/ark:/12148/btv1b53064402v/manifest.json,Gallica,https://gallica.bnf.fr/ark:/12148/btv1b53064402v.thumbnail,http://catalogue.bnf.fr/ark:/12148/cb407106983,,IFN-53064402
btv1b8446059n,Carte du théâtre de la guerre en Tunisie / gravé par Hémery,,1910,1919,20th c.,191.,Hémery. Graveur,,,1 flle : en coul. ; 35 x 50 cm,1,Théâtre de la guerre | Tunisie -- Guerre,Tunisie,,fre,"Bibliothèque nationale de France, département Cartes et plans, GE D-7176",domaine public | public domain,map | carte | image fixe | image | still image,cartes,high,tunis,country,tunisia | tunisie,https://gallica.bnf.fr/ark:/12148/btv1b8446059n,https://gallica.bnf.fr/iiif/ark:/12148/btv1b8446059n/manifest.json,Gallica,https://gallica.bnf.fr/ark:/12148/btv1b8446059n.thumbnail,http://catalogue.bnf.fr/ark:/12148/cb40771905k,,IFN-8446059
btv1b8445611k,"Plan de Mactaris (Mactar). Annexé à l'étude de M. Louis Chatelain,... chargé de mission par le Directeur des antiquités et arts du gouvernement tunisien... 1/2.000. Dressé par les soins du service topographique. (Signé : C. Baronnat, M. Paulin. Octobre 1910)",1910,1910,1910,20th c.,1910,"Baronnat, C. (18..-19..). Fonction indéterminée",[s.n.],1:2 000,1 flle ; 58 x 42 cm,1,Mactar (site archéologique),Tunisie,Échelle(s) : 1:2 000,fre,"Bibliothèque nationale de France, département Cartes et plans, GE D-6701",domaine public | public domain,map | carte | image fixe | image | still image,cartes,high,tunis,country,tunisia | tunisie,https://gallica.bnf.fr/ark:/12148/btv1b8445611k,https://gallica.bnf.fr/iiif/ark:/12148/btv1b8445611k/manifest.json,Gallica,https://gallica.bnf.fr/ark:/12148/btv1b8445611k.thumbnail,http://catalogue.bnf.fr/ark:/12148/cb40768968z,,IFN-8445611
btv1b8445503p,"Environs de Medenine / Dressé, héliogravé et publié par le Service géographique de l'Armée",1911,1911,1911,20th c.,1911,France. Service géographique de l'armée. Auteur du texte,[s.n.] (Paris),1:50 000,1 flle ; 50 x 39 cm,1,Medenine -- Environs,Tunisie,Échelle(s) : 1:50 000,fre,"Bibliothèque nationale de France, département Cartes et plans, GE D-6593",domaine public | public domain,map | carte | image fixe | image | still image,cartes,high,tunis,city | country,medenine | tunisia | tunisie,https://gallica.bnf.fr/ark:/12148/btv1b8445503p,https://gallica.bnf.fr/iiif/ark:/12148/btv1b8445503p/manifest.json,Gallica,https://gallica.bnf.fr/ark:/12148/btv1b8445503p.thumbnail,http://catalogue.bnf.fr/ark:/12148/cb40731427p,,IFN-8445503
oai:bibliotheque-numerique.icp.fr:1:16110,"Afrique chrétienne : évêchés antiques et ruines. 1, Tunisie (proconsulaire et Byzacène)",1912,1912,1912,20th c.,1912-01-01,"Mesnage, Joseph (1859-1922)",Paris : Belin frères,,1 carte en couleurs | 57x45 cm | 1/1 000 000,,Église -- 30-600 (Église primitive) -- Afrique (province romaine),,Cartons : Carthage ; Tripolitaine et Byzacène méridionale | [1912],,"Bibliothèque de Fels, Carte_955-1",domaine public,,cartes,high,tunis,antiquity | city | country,byzacene | carthage | tunisia | tunisie,https://bibliotheque-numerique.icp.fr/idurl/1/16110,,Institut catholique de Paris,"https://bibliotheque-numerique.icp.fr/i/?IIIF=/f2/f7/1d/0c/f2f71d0c-7fce-4163-97bc-85e6d961a0fc/iiif/ICP_Carte_955-1.tif/full/!256,256/0/default.jpg",,,
btv1b532581549,Algérie-Tunisie / dressé par M. Maumias,1912,1912,1912,20th c.,1912,Maumias (18..-19..). Auteur du texte,A. Jourdan (Alger),1:1 500 000,1 flle : en coul. ; 92 x 52 cm,1,Algérie | Tunisie,,Échelle(s) : 1:1 500 000,fre,"Bibliothèque nationale de France, département Cartes et plans, GE B-912",domaine public | public domain,map | carte | image fixe | image | still image,cartes,high,tunis,country,tunisia | tunisie,https://gallica.bnf.fr/ark:/12148/btv1b532581549,https://gallica.bnf.fr/iiif/ark:/12148/btv1b532581549/manifest.json,Gallica,https://gallica.bnf.fr/ark:/12148/btv1b532581549.thumbnail,http://catalogue.bnf.fr/ark:/12148/cb407191428,,IFN-53258154
btv1b532581225,France. Nouvelle carte des chemins de fer,1912,1912,1912,20th c.,1912,,A. Taride (Paris),1:1 000 000,1 flle ; 112 x 101 cm,1,Chemins de fer | France -- Chemins de fer | Algérie -- Chemins de fer | Tunisie -- Chemins de fer,France,Échelle(s) : 1:1 000 000,fre,"Bibliothèque nationale de France, département Cartes et plans, GE B-874",domaine public | public domain,map | carte | image fixe | image | still image,cartes,high,tunis,country,tunisia | tunisie,https://gallica.bnf.fr/ark:/12148/btv1b532581225,https://gallica.bnf.fr/iiif/ark:/12148/btv1b532581225/manifest.json,Gallica,https://gallica.bnf.fr/ark:/12148/btv1b532581225.thumbnail,http://catalogue.bnf.fr/ark:/12148/cb406887319,,IFN-53258122
btv1b53258144w,"Main automobile routes of the British isles, central Europe, Algeria and Tunisia / by G. W. Bende ; and G. F. Freeborn",1912,1912,1912,20th c.,1912,"Bende, G. W. (18..-19..?). Auteur du texte | Freeborn, G. F. (18..-19..?). Auteur du texte",H. Barrère (Paris),1:250 000,1 flle ; 87 x 104 cm,1,Europe Centrale -- Routes,,Échelle(s) : 1:250 000,eng,"Bibliothèque nationale de France, département Cartes et plans, GE B-899",domaine public | public domain,map | carte | image fixe | image | still image,cartes,high,tunis,country,tunisia | tunisie,https://gallica.bnf.fr/ark:/12148/btv1b53258144w,https://gallica.bnf.fr/iiif/ark:/12148/btv1b53258144w/manifest.json,Gallica,https://gallica.bnf.fr/ark:/12148/btv1b53258144w.thumbnail,http://catalogue.bnf.fr/ark:/12148/cb407292197,,IFN-53258144
btv1b530762364,"Tunisie (Proconsulaire et Byzacène), 1:1 000 000 / Gravé par R. Hausermann et A. Vilpou. [Département de Constantine, Numidie et Maurétanie sitifienne. Département d'Alger, département d'Oran, Maurétanie césarienne]",1912,1912,1912,20th c.,1912,"Mesnage, J. (18..-19.. ; père). Auteur du texte | Hausermann, R. (1843-1933). Graveur | Vilpou, A. (18..-19.. ; graveur). Graveur",Belin (Paris),1:1 000 000,3 flles en coul. ; 345 x 435,3,Archéologie | Diocèses | Maghreb -- Archéologie -- 411,Afrique (parties) | Tunisie,Échelle(s) : 1:1 000 000,fre,"Bibliothèque nationale de France, département Cartes et plans, GE D-24955",domaine public | public domain,map | carte | image fixe | image | still image,cartes,high,tunis,antiquity | country,byzacene | tunisia | tunisie,https://gallica.bnf.fr/ark:/12148/btv1b530762364,https://gallica.bnf.fr/iiif/ark:/12148/btv1b530762364/manifest.json,Gallica,https://gallica.bnf.fr/ark:/12148/btv1b530762364.thumbnail,http://catalogue.bnf.fr/ark:/12148/cb40593867d,,IFN-53076236
oai:u-bordeaux-montaigne.fr:219021,"Nouvelle carte de France, Belgique, Bords du Rhin, Suisse, etc...",1913,1913,1913,20th c.,1913,,"Paris : A. Taride , [1913 ?]",,1 carte : en coul. ; 87 x 104 cm | 87 x 52,,,Europe : France,"En carton : ""Paris et ses environs"" ; ""Colonies françaises"" ; ""Algérie et Tunisie"" ; ""Corse"". Au verso : Europe centrale. Chemins de fer, lignes de navigation, 1913 environ. Vers 1913. Coordonnées géographiques converties du méridien de Paris au méridien de Greenwich",,,Public Domain mark,1886:Carte,cartes,medium,tunis,country,tunisia | tunisie,https://1886.u-bordeaux-montaigne.fr/s/1886/item/219021,,1886 - Collections patrimoniales numérisées de Bordeaux 3,https://1886.u-bordeaux-montaigne.fr/files/medium/79c4a0ca2756b41d9da3b1f09332871149cc7f15.jpg,,,
oai:u-bordeaux-montaigne.fr:219020,"Nouvelle carte de France, Belgique, Bords du Rhin, Suisse, etc...",1913,1913,1913,20th c.,1913,,"Paris : A. Taride , [1913 ?]",,1 carte : en coul. ; 87 x 104 cm | 87 x 52,,,Europe : France,"En carton : ""Paris et ses environs"" ; ""Colonies françaises"" ; ""Algérie et Tunisie"" ; ""Corse"". Au verso : Europe centrale. Chemins de fer, lignes de navigation, 1913 environ. Vers 1913. Coordonnées géographiques converties du méridien de Paris au méridien de Greenwich",,,Public Domain mark,1886:Carte,cartes,medium,tunis,country,tunisia | tunisie,https://1886.u-bordeaux-montaigne.fr/s/1886/item/219020,,1886 - Collections patrimoniales numérisées de Bordeaux 3,https://1886.u-bordeaux-montaigne.fr/files/medium/852abc5662a398aa4fb2213221bf7a3969464603.jpg,,,
btv1b84457375,"Société ""les Affréteurs réunis""... Services hebdomadaires directs et distincts de Rouen et Bordeaux-Bayonne sur l'Algérie et la Tunisie, et vice versa",1913,1913,1913,20th c.,1913,,impr. de Chaix (Paris),1:3 000 000,1 flle : en noir ; 48 x 36 cm,1,Algérie -- Routes maritimes | Tunisie -- Routes maritimes,,Échelle(s) : 1:3 000 000,fre,"Bibliothèque nationale de France, département Cartes et plans, GE D-6831",domaine public | public domain,map | carte | image fixe | image | still image,cartes,high,tunis,country,tunisia | tunisie,https://gallica.bnf.fr/ark:/12148/btv1b84457375,https://gallica.bnf.fr/iiif/ark:/12148/btv1b84457375/manifest.json,Gallica,https://gallica.bnf.fr/ark:/12148/btv1b84457375.thumbnail,http://catalogue.bnf.fr/ark:/12148/cb407107015,,IFN-8445737
btv1b531467922,[Plans de ville de Libye],1914,1914,1914,20th c.,1914,,Ministero delle colonie,,4 cartes ; [formats divers],1,Tripolitaine,Libye,Échelle(s) : [Echelles diverses],ita,"Bibliothèque nationale de France, département Cartes et plans, GE SH 19 PF 1 QUATER DIV 25 P 38 (3) D",domaine public | public domain,map | carte | image fixe | image | still image,cartes,medium,tripolitaine,country,tunisia | tunisie,https://gallica.bnf.fr/ark:/12148/btv1b531467922,https://gallica.bnf.fr/iiif/ark:/12148/btv1b531467922/manifest.json,Gallica,https://gallica.bnf.fr/ark:/12148/btv1b531467922.thumbnail,Notice d'ensemble : http://catalogue.bnf.fr/ark:/12148/cb45128890p,,IFN-53146792
btv1b53146788b,[Plans de ville de Libye],1914,1914,1914,20th c.,1914,,Ministero delle colonie,,4 cartes ; [formats divers],1,Tripolitaine,Libye,Échelle(s) : [Echelles diverses],ita,"Bibliothèque nationale de France, département Cartes et plans, GE SH 19 PF 1 QUATER DIV 25 P 37 (1) D",domaine public | public domain,map | carte | image fixe | image | still image,cartes,medium,tripolitaine,country,tunisia | tunisie,https://gallica.bnf.fr/ark:/12148/btv1b53146788b,https://gallica.bnf.fr/iiif/ark:/12148/btv1b53146788b/manifest.json,Gallica,https://gallica.bnf.fr/ark:/12148/btv1b53146788b.thumbnail,Notice d'ensemble : http://catalogue.bnf.fr/ark:/12148/cb45128850f,,IFN-53146788
btv1b53146676n,[Plans de villes de la Libye],1914,1914,1914,20th c.,1914,,Ministero delle Colonie,,4 cartes : en coul. ; [formats divers],2,Libye,Libye,Échelle(s) : [Echelles diverses],ita,"Bibliothèque nationale de France, département Cartes et plans, GE SH 19 PF 1 QUATER DIV 25 P 27 D",domaine public | public domain,plan | plan | image fixe | image | still image,cartes,medium,libye,country,tunisia | tunisie,https://gallica.bnf.fr/ark:/12148/btv1b53146676n,https://gallica.bnf.fr/iiif/ark:/12148/btv1b53146676n/manifest.json,Gallica,https://gallica.bnf.fr/ark:/12148/btv1b53146676n.thumbnail,Notice de recueil : http://catalogue.bnf.fr/ark:/12148/cb451283115,,IFN-53146676
btv1b53146794z,[Triangolazione della Tripolitania in Cirenaicia],1914,1914,1922,20th c.,1914-1922,,Ministero delle Colonie,,3 feuilles ; [formats divers],1,Tripolitaine,Libye,Échelle(s) : [Echelles diverses],ita,"Bibliothèque nationale de France, département Cartes et plans, GE SH 19 PF 1 QUATER DIV 25 P 39 (2) D",domaine public | public domain,map | carte | image fixe | image | still image,cartes,medium,tripolitaine,country,tunisia | tunisie,https://gallica.bnf.fr/ark:/12148/btv1b53146794z,https://gallica.bnf.fr/iiif/ark:/12148/btv1b53146794z/manifest.json,Gallica,https://gallica.bnf.fr/ark:/12148/btv1b53146794z.thumbnail,Notice d'ensemble : http://catalogue.bnf.fr/ark:/12148/cb451414800,,IFN-53146794
btv1b53146787w,[Tripolitania settentrionale],1914,1914,1914,20th c.,1914,,Ministero delle colonie,1:800 000,2 cartes ; 25 x 70 cm,1,Tripolitaine,Libye,Échelle(s) : 1:800 000,ita,"Bibliothèque nationale de France, département Cartes et plans, GE SH 19 PF 1 QUATER DIV 25 P 34 (2) D",domaine public | public domain,map | carte | image fixe | image | still image,cartes,medium,tripolitaine,country,tunisia | tunisie,https://gallica.bnf.fr/ark:/12148/btv1b53146787w,https://gallica.bnf.fr/iiif/ark:/12148/btv1b53146787w/manifest.json,Gallica,https://gallica.bnf.fr/ark:/12148/btv1b53146787w.thumbnail,Notice d'ensemble : http://catalogue.bnf.fr/ark:/12148/cb451286459,,IFN-53146787
btv1b53146701w,Carta dimostrativa della Cirenaica / Ministero delle Colonie,1914,1914,1914,20th c.,1914,,Ministero delle Colonie,1:1 000 000,1 carte : en coul. ; 50 x 66 cm,1,Tripolitaine,Libye,Échelle(s) : 1:1 000 000,ita,"Bibliothèque nationale de France, département Cartes et plans, GE SH 19 PF 1 QUATER DIV 25 P 35 D",domaine public | public domain,map | carte | image fixe | image | still image,cartes,medium,tripolitaine,country,tunisia | tunisie,https://gallica.bnf.fr/ark:/12148/btv1b53146701w,https://gallica.bnf.fr/iiif/ark:/12148/btv1b53146701w/manifest.json,Gallica,https://gallica.bnf.fr/ark:/12148/btv1b53146701w.thumbnail,Notice de recueil : http://catalogue.bnf.fr/ark:/12148/cb451283115,,IFN-53146701
btv1b53057592p,Carte des chemins de fer de l'Algérie et de la Tunisie,1914,1914,1914,20th c.,1914,Chaix. Fonction indéterminée,Chaix (Paris),1:3 000 000,1 flle : en noir et bleu ; 48 x 31 cm,1,Chemins de fer | Algérie -- Chemins de fer | Tunisie -- Chemins de fer,,Échelle(s) : 1:3 000 000,fre,"Bibliothèque nationale de France, département Cartes et plans, GE D-21976",domaine public | public domain,map | carte | image fixe | image | still image,cartes,high,tunis,country,tunisia | tunisie,https://gallica.bnf.fr/ark:/12148/btv1b53057592p,https://gallica.bnf.fr/iiif/ark:/12148/btv1b53057592p/manifest.json,Gallica,https://gallica.bnf.fr/ark:/12148/btv1b53057592p.thumbnail,http://catalogue.bnf.fr/ark:/12148/cb407049333,,IFN-53057592
bpt6k1100178q,"Essai d'Atlas statistique de l'Indochine française : Indochine physique, population, administration, finances, agriculture, commerce, industrie / par Henri Brenier, ... ; Gouvernement général de l'Indochine",1914,1914,1914,20th c.,1914,"Brenier, Henri (1867-1962). Rédacteur | Indochine française. Auteur du texte",Imprimerie d'Extrême-Orient (Hanoï-Haïphong),,"VIII-256 p. : 88 graphiques, 38 cartes ; in 4° (345 x 285)",246,Statistiques | Indochine française,Monde,Appartient à l’ensemble documentaire : MAEDI013 | Appartient à l’ensemble documentaire : MAEDIGen0 | Appartient à l’ensemble documentaire : NmBA001 | Appartient à l’ensemble documentaire : NmBA002 | Appartient à l’ensemble documentaire : NmBA026 | Avec mode texte,fre,"CIRAD, BH_TL INDOCHINE 11",domaine public | public domain,atlas | atlas | map | carte | image fixe | image | still image,cartes,medium,,city | country,medenine | tunis | tunisia | tunisie,https://gallica.bnf.fr/ark:/12148/bpt6k1100178q,https://gallica.bnf.fr/iiif/ark:/12148/bpt6k1100178q/manifest.json,Gallica,https://gallica.bnf.fr/ark:/12148/bpt6k1100178q.thumbnail,http://catalogue.bnf.fr/ark:/12148/cb406125206,,
btv1b531466756,Tripolitania : territorio fra la costa e l'uadi sciati / M. Checchi,1914,1914,1914,20th c.,1914,,Ministero delle Colonie,1:1 500 000,1 carte : en coul. ; 33 x 48 cm,1,Tripolitaine,Libye,Échelle(s) : 1:1 500 000,ita,"Bibliothèque nationale de France, département Cartes et plans, GE SH 19 PF 1 QUATER DIV 25 P 26 D",domaine public | public domain,map | carte | image fixe | image | still image,cartes,medium,tripolitaine,country,tunisia | tunisie,https://gallica.bnf.fr/ark:/12148/btv1b531466756,https://gallica.bnf.fr/iiif/ark:/12148/btv1b531466756/manifest.json,Gallica,https://gallica.bnf.fr/ark:/12148/btv1b531466756.thumbnail,Notice de recueil : http://catalogue.bnf.fr/ark:/12148/cb451283115,,IFN-53146675
btv1b10104083z,Monastir : The Balkans / War office,1915,1915,1915,20th c.,1915,Grande-Bretagne. War office. Fonction indéterminée,(Londres),1:250 000,1 flle : coul.,1,Monastir (vilayet),,Échelle(s) : 1/250 000 | Numérisé par le partenaire | Appartient à l’ensemble documentaire : BbLevt0 | Numérisé par le partenaire,eng | anglais,"Institut français d'études anatoliennes, KD6B5C5974",domaine public | public domain,image fixe | image | still image,cartes,low,,city,monastir,https://gallica.bnf.fr/ark:/12148/btv1b10104083z,https://gallica.bnf.fr/iiif/ark:/12148/btv1b10104083z/manifest.json,Gallica,https://gallica.bnf.fr/ark:/12148/btv1b10104083z.thumbnail,Notice d'ensemble : http://catalogue.bnf.fr/ark:/12148/cb44791049p,,
btv1b85935614,"Atlas des départements français, y compris l'Algérie, la Tunisie, le Maroc, Madagascar et l'Indo-Chine, indiquant les bureaux de poste, les bureaux télégraphiques et téléphoniques et les stations de chemins de fer",1916,1916,1916,20th c.,1916,,impr. de Oberthür (Rennes),,95 p. ; In-8° oblong,114,Divisions politiques et administratives | Voies de communication | France -- Départements,France,Appartient à l’ensemble documentaire : GG14181,fre,"Bibliothèque nationale de France, département Cartes et plans, GE FF-14100",domaine public | public domain,map | carte | image fixe | image | still image,cartes,high,tunis,country,tunisia | tunisie,https://gallica.bnf.fr/ark:/12148/btv1b85935614,https://gallica.bnf.fr/iiif/ark:/12148/btv1b85935614/manifest.json,Gallica,https://gallica.bnf.fr/ark:/12148/btv1b85935614.thumbnail,http://catalogue.bnf.fr/ark:/12148/cb40688940t,,IFN-8593561
btv1b53064546p,Carte des sites préhistoriques et protohistoriques de la Macédoine. Régions de Salonique et de Monastir (1re édition) / Dressée d'après les observations du Service archéologique de l'armée française,1918,1918,1918,20th c.,1918,Service archéologique de l'armée française. Auteur du texte,tirée par le Service topographique de A. A. O.,1:400 000,1 flle : en coul. ; 67 x 43 cm,1,"Préhistoire | Macédoine, Région administrative de",Grèce – Macédoine centrale,Échelle(s) : 1:400 000,fre,"Bibliothèque nationale de France, département Cartes et plans, GE C-4635",domaine public | public domain,map | carte | image fixe | image | still image,cartes,low,,city,monastir,https://gallica.bnf.fr/ark:/12148/btv1b53064546p,https://gallica.bnf.fr/iiif/ark:/12148/btv1b53064546p/manifest.json,Gallica,https://gallica.bnf.fr/ark:/12148/btv1b53064546p.thumbnail,http://catalogue.bnf.fr/ark:/12148/cb40730854f,,IFN-53064546
oai:u-bordeaux-montaigne.fr:245789,"Carte de France : départements & chemins-de-fer, Belgique, bords du Rhin, Suisse, etc",,1920,1929,20th c.,192,,"Paris : Cartes Taride , [192. ?]",1:5 550 000,1 carte : en coul. ; 88 x 90 cm,,Taride,Europe : France,Indique la découpage départemental de la France dans les années 1920. Cartons : Colonies françaises ; Algérie et Tunisie au [1/5 550 000] ; [Corse],,,Public Domain mark,1886:Carte,cartes,medium,tunis,country,tunisia | tunisie,https://1886.u-bordeaux-montaigne.fr/s/1886/item/245789,,1886 - Collections patrimoniales numérisées de Bordeaux 3,https://1886.u-bordeaux-montaigne.fr/files/medium/a325411c959a1606e722803187ad4a6b8074a7c7.jpg,,,
btv1b530647344,Nouvelle carte de la Tunisie,1920,1920,1920,20th c.,1920,,A. Taride (Paris),1:900 000,1 flle : en coul. ; 57 x 76 cm,1,Tunisie,,Échelle(s) : 1:900 000,fre,"Bibliothèque nationale de France, département Cartes et plans, GE C-4814",domaine public | public domain,map | carte | image fixe | image | still image,cartes,high,tunis,country,tunisia | tunisie,https://gallica.bnf.fr/ark:/12148/btv1b530647344,https://gallica.bnf.fr/iiif/ark:/12148/btv1b530647344/manifest.json,Gallica,https://gallica.bnf.fr/ark:/12148/btv1b530647344.thumbnail,http://catalogue.bnf.fr/ark:/12148/cb40730731h,,IFN-53064734
oai:u-bordeaux-montaigne.fr:340367,"Tunisie Flle. N° IV-B0-C33, Cap Negro / dressé, héliogravé et publié par le Service géographique de l'Armée (complété en 1922)",1922,1922,1922,20th c.,1922,,"Paris : Institut géographique national , 1922",,1 carte : en coul. ; 53 x 76 cm | environ 79 x 57,,,Afrique : Tunisie,,,,,1886:Carte,cartes,high,tunis,country,tunisia | tunisie,https://1886.u-bordeaux-montaigne.fr/s/1886/item/340367,,1886 - Collections patrimoniales numérisées de Bordeaux 3,https://1886.u-bordeaux-montaigne.fr/files/medium/f3fd291975e3521dc82e6e0c9773e32c2bebae8a.jpg,,,
oai:u-bordeaux-montaigne.fr:340374,"Tunisie Flle. N° X-B1-C33, Nefza / dressé, héliogravé et publié par le Service Géographique de l'Armée (complété en 1922)",1922,1922,1922,20th c.,1922,,"Paris : Service Géographique de l'Armée , 1922",,1 carte : en coul. ; 57 x 76 cm | environ 79 x 57,,,Afrique : Tunisie,,,,,1886:Carte,cartes,high,tunis,country,tunisia | tunisie,https://1886.u-bordeaux-montaigne.fr/s/1886/item/340374,,1886 - Collections patrimoniales numérisées de Bordeaux 3,https://1886.u-bordeaux-montaigne.fr/files/medium/f925e8d100ed505e2ed74c81a48aa6ab2d27948f.jpg,,,
oai:u-bordeaux-montaigne.fr:340436,"Tunisie Flle. N° XL-B5-C34, Gafour / dressé, héliogravé et publié par le Service géographique de l'Armée, en 1922",1922,1922,1922,20th c.,1922,,"Paris : Institut géographique national , 1922",,1 carte : en coul. ; 43 x 66 cm sur flle 55 X 78 cm | environ 79 x 57,,,Afrique : Tunisie,,,,,1886:Carte,cartes,high,tunis,country,tunisia | tunisie,https://1886.u-bordeaux-montaigne.fr/s/1886/item/340436,,1886 - Collections patrimoniales numérisées de Bordeaux 3,https://1886.u-bordeaux-montaigne.fr/files/medium/84c72004d5783fb1c1a83f1fba7a88f988a408c2.jpg,,,
oai:u-bordeaux-montaigne.fr:340470,"Tunisie Flle. N° LI-B7-C32, Tadjerouine / dressé, héliogravé et publié par le Service Géographique de l'Armée en 1923 (révision partielle de 1923)",1923,1923,1923,20th c.,1923,,"Paris : Institut géographique national , 1923",,"1 carte : en coul. ; 43 X 66, sur flle 53 X 75 cm | environ 79 x 57",,,Afrique : Tunisie,,,,,1886:Carte,cartes,high,tunis,country,tunisia | tunisie,https://1886.u-bordeaux-montaigne.fr/s/1886/item/340470,,1886 - Collections patrimoniales numérisées de Bordeaux 3,https://1886.u-bordeaux-montaigne.fr/files/medium/befbd44c43e496f5f7b7ad6839925ea42e5e775c.jpg,,,
oai:u-bordeaux-montaigne.fr:340475,"Tunisie Flle. N° LVI-B7-C37, Sebkra Kelbia / dressé, gravé et publié par le Service géographique de l'Armée (complété en 1923)",1923,1923,1923,20th c.,1923,,"Paris : Institut géographique national , 1923",,1 carte : en coul. ; 57 x 76 cm | environ 79 x 57,,,Afrique : Tunisie,,,,,1886:Carte,cartes,high,tunis,country,tunisia | tunisie,https://1886.u-bordeaux-montaigne.fr/s/1886/item/340475,,1886 - Collections patrimoniales numérisées de Bordeaux 3,https://1886.u-bordeaux-montaigne.fr/files/medium/0b4eb535bf4695ad5b7174e8a1a8e671119237a4.jpg,,,
oai:u-bordeaux-montaigne.fr:340493,"Tunisie Flle. N° LXIV-B8-C37, Sidi El Hani / dressé, héliogravé et publié par le Service géographique de l'Armée (Complété en 1923)",1923,1923,1923,20th c.,1923,,"Paris : Institut géographique national , 1923",,1 carte : en coul. ; 57 x 76 cm | environ 79 x 57,,,Afrique : Tunisie,,,,,1886:Carte,cartes,high,tunis,country,tunisia | tunisie,https://1886.u-bordeaux-montaigne.fr/s/1886/item/340493,,1886 - Collections patrimoniales numérisées de Bordeaux 3,https://1886.u-bordeaux-montaigne.fr/files/medium/17edc8d92424feb45f44e6c8cade139731ab264a.jpg,,,
oai:u-bordeaux-montaigne.fr:340428,"Tunisie Flle. N° XXXII-B4-C33, Souk el Arba / dressé, héliogravé et publié par le Service géographique de l'Armée (complété en 1923)",1923,1923,1923,20th c.,1923,,"Paris : Institut géographique national , 1923",,1 carte : en coul. ; 43 x 66 cm sur flle 50 X 72 cm | environ 79 x 57,,,Afrique : Tunisie,,,,,1886:Carte,cartes,high,tunis,country,tunisia | tunisie,https://1886.u-bordeaux-montaigne.fr/s/1886/item/340428,,1886 - Collections patrimoniales numérisées de Bordeaux 3,https://1886.u-bordeaux-montaigne.fr/files/medium/80b23ea9c8bd5f1806cc0cf6320f08eacdfaa7fb.jpg,,,
oai:u-bordeaux-montaigne.fr:340435,"Tunisie Flle. N° XXXIX-B5-C33, Nebeur / dessiné, héliogravé et publié par le Service géographique de l'Armée en 1924",1924,1924,1924,20th c.,1924,,"Paris : Institut géographique national , 1924",,1 carte : en coul. ; 57 x 76 cm | environ 79 x 57,,,Afrique : Tunisie,,,,,1886:Carte,cartes,high,tunis,country,tunisia | tunisie,https://1886.u-bordeaux-montaigne.fr/s/1886/item/340435,,1886 - Collections patrimoniales numérisées de Bordeaux 3,https://1886.u-bordeaux-montaigne.fr/files/medium/041f8aa65e945a424d9c579691060c33892be188.jpg,,,
btv1b8458589d,Compagnie fermière des chemins de fer tunisiens,1925,1925,1925,20th c.,1925,,H. Barrère (Paris),1:1 000 000,1 flle : en coul. ; 29 x 45 cm,1,Tunisie -- Chemins de fer,,Échelle(s) : 1:1 000 000,fre,"Bibliothèque nationale de France, département Cartes et plans, GE D-8195",domaine public | public domain,map | carte | image fixe | image | still image,cartes,high,tunis,country,tunisia | tunisie,https://gallica.bnf.fr/ark:/12148/btv1b8458589d,https://gallica.bnf.fr/iiif/ark:/12148/btv1b8458589d/manifest.json,Gallica,https://gallica.bnf.fr/ark:/12148/btv1b8458589d.thumbnail,http://catalogue.bnf.fr/ark:/12148/cb407280481,,IFN-8458589
oai:u-bordeaux-montaigne.fr:340451,"Tunisie Flle N° XLIV-B6-C32, Le Kef / dessiné, héliogravé et publié par le Service géographique de l'Armée en 1924 (complété en 1925)",1925,1925,1925,20th c.,1925,,"Paris : Institut géographique national , 1925",,1 carte : en coul. ; 43 x 67 cm sur flle 56 x 76 cm | environ 79 x 57,,,Afrique : Tunisie,,,,,1886:Carte,cartes,high,tunis,city | country,le kef | tunisia | tunisie,https://1886.u-bordeaux-montaigne.fr/s/1886/item/340451,,1886 - Collections patrimoniales numérisées de Bordeaux 3,https://1886.u-bordeaux-montaigne.fr/files/medium/ce44a3d923963ead194523c7e0ba1554e428c21b.jpg,,,
oai:u-bordeaux-montaigne.fr:340471,"Tunisie Flle. N° LII-B1-C33, Ebba Ksour / dressé, héliogravé et publié par le Service géographique de l'Armée en 1925",1925,1925,1925,20th c.,1925,,"Paris : Institut géographique national , 1925",,1 carte : en coul. ; 57 x 76 cm | environ 79 x 57,,,Afrique : Tunisie,,,,,1886:Carte,cartes,high,tunis,country,tunisia | tunisie,https://1886.u-bordeaux-montaigne.fr/s/1886/item/340471,,1886 - Collections patrimoniales numérisées de Bordeaux 3,https://1886.u-bordeaux-montaigne.fr/files/medium/cde717a62f55238f2a796ccc5aec7192e1d3cd46.jpg,,,
oai:u-bordeaux-montaigne.fr:340494,"Tunisie Flle. N° LXV-B8-C38, Djemmal / dressé, héliogravé et publié par le Service géographique de l'Armée (complété en 1925)",1925,1925,1925,20th c.,1925,,"Paris : Institut géographique national , 1925",,1 carte. : en coul. ; 43 X 67 sur flle 50 x 73 cm | environ 79 x 57,,,Afrique : Tunisie,,,,,1886:Carte,cartes,high,tunis,country,tunisia | tunisie,https://1886.u-bordeaux-montaigne.fr/s/1886/item/340494,,1886 - Collections patrimoniales numérisées de Bordeaux 3,https://1886.u-bordeaux-montaigne.fr/files/medium/6b150cbf0dd2c9191aca737dcc190936015bbb48.jpg,,,
oai:u-bordeaux-montaigne.fr:340530,"Tunisie Flle. N° LXXXII-B10-C39, Chebba / dressé, héliogravé et publié par le Service géographique de l'Armée (complété en 1925)",1925,1925,1925,20th c.,1925,,"Paris : Service géographique de l'Armée , 1925",,1 carte : en coul. ; 43 x 66 cm sur flle 50 X 72 cm | environ 79 x 57,,,Afrique : Tunisie,,,,,1886:Carte,cartes,high,tunis,country,tunisia | tunisie,https://1886.u-bordeaux-montaigne.fr/s/1886/item/340530,,1886 - Collections patrimoniales numérisées de Bordeaux 3,https://1886.u-bordeaux-montaigne.fr/files/medium/216c901913bf7e512cf05636808fd1c8478971b2.jpg,,,
btv1b8458664x,"Carte des chemins de fer de l'Algérie, de la Tunisie et du Maroc",1926,1926,1926,20th c.,1926,,Chaix (Paris),1:3 000 000,1 flle : en coul. ; 72 x 33 cm,1,Algérie -- Chemins de fer,,Échelle(s) : 1:3 000 000,fre,"Bibliothèque nationale de France, département Cartes et plans, GE D-8275",domaine public | public domain,map | carte | image fixe | image | still image,cartes,high,tunis,country,tunisia | tunisie,https://gallica.bnf.fr/ark:/12148/btv1b8458664x,https://gallica.bnf.fr/iiif/ark:/12148/btv1b8458664x/manifest.json,Gallica,https://gallica.bnf.fr/ark:/12148/btv1b8458664x.thumbnail,http://catalogue.bnf.fr/ark:/12148/cb40710718w,,IFN-8458664
btv1b8458783m,Haïdra [plan des ruines près de la route de Tebessa],1926,1926,1926,20th c.,1926,,[s.n.],,1 flle ; 28 x 46 cm,1,Archéologie | Haïdra -- Fouilles archéologiques -- Antiquité romaine | Tebessa -- Environs,Tunisie | Algérie,,fre,"Bibliothèque nationale de France, département Cartes et plans, GE D-8405",domaine public | public domain,manuscript cartographic resource | document cartographique manuscrit | map | carte | image fixe | image | still image,cartes,high,tunis,country,tunisia | tunisie,https://gallica.bnf.fr/ark:/12148/btv1b8458783m,https://gallica.bnf.fr/iiif/ark:/12148/btv1b8458783m/manifest.json,Gallica,https://gallica.bnf.fr/ark:/12148/btv1b8458783m.thumbnail,http://catalogue.bnf.fr/ark:/12148/cb407720280,,IFN-8458783
oai:u-bordeaux-montaigne.fr:340488,"Tunisie Flle. N° LIX-B8-C32, Kalaat es Senam / dressé, héliogravé et publié par le Service géographique de l'Armée en 1926",1926,1926,1926,20th c.,1926,,"Paris : Institut géographique national , 1926",,1 carte : en coul. ; 43 x 66 cm sur flle 55 X 95 cm | environ 79 x 57,,,Afrique : Tunisie,,,,,1886:Carte,cartes,high,tunis,country,tunisia | tunisie,https://1886.u-bordeaux-montaigne.fr/s/1886/item/340488,,1886 - Collections patrimoniales numérisées de Bordeaux 3,https://1886.u-bordeaux-montaigne.fr/files/medium/1a48ddc905373f19599cad2836fa71fd67d34010.jpg,,,
oai:bibliotheques-specialisees.paris.fr:ark:/73873/pf0001956435,Tunisie physique et administrative,1926,1926,1926,20th c.,1926,Compagnie française des chemins de fer Tunisiens,[éditeur inconnu],,"1:800 000 | 1 carte : ill. en coul. ; 79 x 64 cm, pliée 20 x 16 cm",,Chemins de fer -- Tunisie -- 1900-1945 | Tunisie -- 1881-1956 (Protectorat français) | Cartes,,,fre,"Ville de Paris / BTV, CA 246",domaine public | public domain,image | document cartographique | cartographic resource | carte | map,cartes,high,tunis,country,tunisia | tunisie,https://bibliotheques-specialisees.paris.fr/ark:/73873/pf0001956435,,Bibliothèques spécialisées de la Ville de Paris,https://bibliotheques-specialisees.paris.fr/in/rest/Thumb/image?id=p::usmarcdef_0001956435&amp;mat=Map,,,
oai:u-bordeaux-montaigne.fr:340492,"Tunisie Flle. N° LXIII-B8-C36, Kairouan / dressé, héliogravé et publié par le Service géographique de l'Armée (complété en 1927)",1927,1927,1927,20th c.,1927,,"Paris : Institut géographique national , 1927",,1 carte : en coul. ; 43 x 66 cm sur Flle 50 X 72 cm | environ 79 x 57,,,Afrique : Tunisie,,,,,1886:Carte,cartes,high,tunis,city | country,kairouan | tunisia | tunisie,https://1886.u-bordeaux-montaigne.fr/s/1886/item/340492,,1886 - Collections patrimoniales numérisées de Bordeaux 3,https://1886.u-bordeaux-montaigne.fr/files/medium/9da7c981a848a1034d4872830d46564c951464dc.jpg,,,
oai:u-bordeaux-montaigne.fr:340496,"Tunisie Flle. N° LXVII-B9-C32, Thala / dressé, héliogravé et publié par Service géographique de l'armée en 1927",1927,1927,1927,20th c.,1927,,"Paris : Service géographique de l'armée , 1927",,1 carte : en coul. ; 56 x 76 cm | environ 79 x 57,,,Afrique : Tunisie,,,,,1886:Carte,cartes,high,tunis,country,tunisia | tunisie,https://1886.u-bordeaux-montaigne.fr/s/1886/item/340496,,1886 - Collections patrimoniales numérisées de Bordeaux 3,https://1886.u-bordeaux-montaigne.fr/files/medium/ce34d4d58f928ac3cae354d51b0f4906da953625.jpg,,,
oai:u-bordeaux-montaigne.fr:340510,"Tunisie Flle. N° LXXI-B9-C36, Pavillier / dressé, héliogravé et publié par le Service géographique de l'Armée en 1923 (révision partielle en 1927)",1927,1927,1927,20th c.,1927,,"Paris : Institut géographique national , 1927",,1 carte : en coul. ; 43 x 66 cm sur flle 50 X 72 cm | environ 79 x 57,,,Afrique : Tunisie,,,,,1886:Carte,cartes,high,tunis,country,tunisia | tunisie,https://1886.u-bordeaux-montaigne.fr/s/1886/item/340510,,1886 - Collections patrimoniales numérisées de Bordeaux 3,https://1886.u-bordeaux-montaigne.fr/files/medium/5f07ce04d25b63280fbb7e6a1c0336166881c505.jpg,,,
oai:u-bordeaux-montaigne.fr:340472,"Tunisie Flle. N° LIII-B7-C34, Maktar / dressé, héliogravé et publié par le Service géographique de l'Armée en 1928",1928,1928,1928,20th c.,1928,,"Paris : Service géographique de l'Armée , 1928",,1 carte : en coul. ; 57 x 76 cm | environ 79 x 57,,,Afrique : Tunisie,,,,,1886:Carte,cartes,high,tunis,country,tunisia | tunisie,https://1886.u-bordeaux-montaigne.fr/s/1886/item/340472,,1886 - Collections patrimoniales numérisées de Bordeaux 3,https://1886.u-bordeaux-montaigne.fr/files/medium/c23edc8999e6df83833f7d1a33787add95d04143.jpg,,,
oai:u-bordeaux-montaigne.fr:340489,"Tunisie Flle. N° LX-B8-C33, Aïn El Kseïba / dressé héliogravé et publié par le Service géographique de l'armée en 1928",1928,1928,1928,20th c.,1928,,"Paris : Service géographique de l'armée , 1928",,1 carte : en coul. ; 56 x 76 cm | environ 79 x 57,,,Afrique : Tunisie,,,,,1886:Carte,cartes,high,tunis,country,tunisia | tunisie,https://1886.u-bordeaux-montaigne.fr/s/1886/item/340489,,1886 - Collections patrimoniales numérisées de Bordeaux 3,https://1886.u-bordeaux-montaigne.fr/files/medium/0ba4a6014eeb0fdb7540165d3ff520c8a30df2bc.jpg,,,
oai:u-bordeaux-montaigne.fr:340491,"Tunisie Flle. N° LXII-B8-C35, Pichon / dressé, héliogravé et publié par le Service géographique de l'Armée en 1928",1928,1928,1928,20th c.,1928,,"Paris : Institut géographique national , 1928",,"1 carte : en coul. ; 43 x 66 cm, sur flle 50 X 72 cm | environ 79 x 57",,,Afrique : Tunisie,,,,,1886:Carte,cartes,high,tunis,country,tunisia | tunisie,https://1886.u-bordeaux-montaigne.fr/s/1886/item/340491,,1886 - Collections patrimoniales numérisées de Bordeaux 3,https://1886.u-bordeaux-montaigne.fr/files/medium/98d6e0ec3be830dcdf967b57cee83b4abafa9d20.jpg,,,
oai:u-bordeaux-montaigne.fr:340508,"Tunisie Flle. N° LXIX-B9-C34, Sbiba / dressé, héliogravé et publié par le Service Géographique de l'Armée en 1928",1928,1928,1928,20th c.,1928,,"Paris : Institut géographique national , 1928",,1 carte : en coul. ; 57 x 76 cm | environ 79 x 57,,,Afrique : Tunisie,,,,,1886:Carte,cartes,high,tunis,country,tunisia | tunisie,https://1886.u-bordeaux-montaigne.fr/s/1886/item/340508,,1886 - Collections patrimoniales numérisées de Bordeaux 3,https://1886.u-bordeaux-montaigne.fr/files/medium/79af3fd15d5633f351f8582be7757d25e48323c7.jpg,,,
oai:u-bordeaux-montaigne.fr:340507,"Tunisie Flle. N° LXVIII-B9-C33, Ksar Tlili / dressé, héliogravé et publié par le Service Géographique de l'Armée en 1928",1928,1928,1928,20th c.,1928,,"Paris : Institut géographique national , 1928",,1 carte : en coul. ; 57 x 76 cm | environ 79 x 57,,,Afrique : Tunisie,,,,,1886:Carte,cartes,high,tunis,country,tunisia | tunisie,https://1886.u-bordeaux-montaigne.fr/s/1886/item/340507,,1886 - Collections patrimoniales numérisées de Bordeaux 3,https://1886.u-bordeaux-montaigne.fr/files/medium/d9e4605bb4d92b74db7837eb514577ef9a95b8d9.jpg,,,
oai:u-bordeaux-montaigne.fr:340427,"Tunisie Flle. N° XXXI-B4-C32, Ghardimaou / dressé, héliogravé et publié par le service géographique de l'Armée (complété en 1928)",1928,1928,1928,20th c.,1928,,"Paris : Institut géographique national , 1928",,1 carte : en coul. ; 57 x 76 cm | environ 79 x 57,,,Afrique : Tunisie,,,,,1886:Carte,cartes,high,tunis,country,tunisia | tunisie,https://1886.u-bordeaux-montaigne.fr/s/1886/item/340427,,1886 - Collections patrimoniales numérisées de Bordeaux 3,https://1886.u-bordeaux-montaigne.fr/files/medium/73f8ba420102aa8d88a0ba08970b3d08bbc6f4dd.jpg,,,
bpt6k1100182m,"Atlas colonial français : colonies, protectorats et pays sous mandat / cartes et texte du Commandant P. Pollacchi",1929,1929,1929,20th c.,1929,"Pollacchi, Paul (1862-1937). Auteur du texte | L'Illustration (Éditeur). Éditeur scientifique",l'Illustration (Paris),,"319 p. : photos, cartes en coul. en 56 pl. ; in-4",312,Colonies | Monde -- Colonies françaises | France -- Colonies -- Histoire,Monde,Appartient à l’ensemble documentaire : NmBA001 | Appartient à l’ensemble documentaire : NmBA002 | Appartient à l’ensemble documentaire : MAEDI013 | Appartient à l’ensemble documentaire : MAEDIGen0 | Avec mode texte,fre,"CIRAD, BH_TL MONDE 5",domaine public | public domain,map | carte | atlas | atlas | image fixe | image | still image,cartes,medium,,antiquity | city | country | island | polity | region,beja | ben gardane | bizerte | byzacene | cap bon | carthage | djerba | dougga | ferryville | gabes | gafsa | golfe de gabes | hammamet | kairouan | kasserine | kebili | kelibia | kerkennah | khroumirie | le kef | mahdia | matmata | medenine | monastir | nabeul | nefta | porto farina | regence de tunis | royaume de tunis | sfax | siliana | sousse | tabarka | tataouine | tozeur | tunis | tunisia | tunisie | utique | zaghouan | zarzis,https://gallica.bnf.fr/ark:/12148/bpt6k1100182m,https://gallica.bnf.fr/iiif/ark:/12148/bpt6k1100182m/manifest.json,Gallica,https://gallica.bnf.fr/ark:/12148/bpt6k1100182m.thumbnail,http://catalogue.bnf.fr/ark:/12148/cb40615998z,,
btv1b53066569j,"Manoeuvres d'Algérie-Tunisie, 1929",1929,1929,1929,20th c.,1929,France. Service géographique de l'armée. Fonction indéterminée,Service géographique de l'armée (Paris),1:200 000,1 flle : en 3 coul. ; 68 x 53 cm,1,Algérie -- Divisions militaires | Tunisie -- Divisions militaires,,Échelle(s) : 1:200 000,fre,"Bibliothèque nationale de France, département Cartes et plans, GE C-5616",domaine public | public domain,map | carte | image fixe | image | still image,cartes,high,tunis,country,tunisia | tunisie,https://gallica.bnf.fr/ark:/12148/btv1b53066569j,https://gallica.bnf.fr/iiif/ark:/12148/btv1b53066569j/manifest.json,Gallica,https://gallica.bnf.fr/ark:/12148/btv1b53066569j.thumbnail,http://catalogue.bnf.fr/ark:/12148/cb40675567t,,IFN-53066569
btv1b53066570x,Manoeuvres d'Algérie-Tunisie. 1929,1929,1929,1929,20th c.,1929,,Service géographique de l'armée (Paris),1:50 000,1 flle : en coul. ; 84 x 65 cm,1,Algérie -- Divisions militaires | Tunisie -- Divisions militaires,,Échelle(s) : 1:50 000,fre,"Bibliothèque nationale de France, département Cartes et plans, GE C-5617",domaine public | public domain,map | carte | image fixe | image | still image,cartes,high,tunis,country,tunisia | tunisie,https://gallica.bnf.fr/ark:/12148/btv1b53066570x,https://gallica.bnf.fr/iiif/ark:/12148/btv1b53066570x/manifest.json,Gallica,https://gallica.bnf.fr/ark:/12148/btv1b53066570x.thumbnail,http://catalogue.bnf.fr/ark:/12148/cb40675566g,,IFN-53066570
oai:u-bordeaux-montaigne.fr:340490,"Tunisie Flle. N° LXI-B8-C34, Rohia-Dj. Barbrou / dressé, héliogravé et publié par le Service géographique de l'Armée en 1929",1929,1929,1929,20th c.,1929,,"Paris : Institut géographique national , 1929",,1 carte : en coul. ; 57 x 76 cm | environ 79 x 57,,,Afrique : Tunisie,,,,,1886:Carte,cartes,high,tunis,country,tunisia | tunisie,https://1886.u-bordeaux-montaigne.fr/s/1886/item/340490,,1886 - Collections patrimoniales numérisées de Bordeaux 3,https://1886.u-bordeaux-montaigne.fr/files/medium/210d384a61b227da2116a4d27093d873fcdcb3a9.jpg,,,
oai:u-bordeaux-montaigne.fr:340509,"Tunisie Flle. N° LXX-B9-C35, Djebel Trozza / dessiné, héliogravé et publié par le Service Géographique de l'Armée en 1929",1929,1929,1929,20th c.,1929,,"Paris : Service Géographique de l'Armée , 1929",,1 carte : en coul. ; 57 x 76 cm | environ 79 x 57,,,Afrique : Tunisie,,,,,1886:Carte,cartes,high,tunis,country,tunisia | tunisie,https://1886.u-bordeaux-montaigne.fr/s/1886/item/340509,,1886 - Collections patrimoniales numérisées de Bordeaux 3,https://1886.u-bordeaux-montaigne.fr/files/medium/cd8f30cb752f1c863e00e51deb47fd693a9c876b.jpg,,,
oai:u-bordeaux-montaigne.fr:340452,"Tunisie Flle. N° XLV-B6-C33, Les Salines / dressé,héliogravé et publié par le Service géographique de l'Armée en 1924 (révision partielle de 1925), complété en 1929",1929,1929,1929,20th c.,1929,,"Paris : Institut géographique national , 1929",,1 carte : en coul. ; 43 x 66 cm sur flle 56 X 76 cm | environ 79 x 57,,,Afrique : Tunisie,,,,,1886:Carte,cartes,high,tunis,country,tunisia | tunisie,https://1886.u-bordeaux-montaigne.fr/s/1886/item/340452,,1886 - Collections patrimoniales numérisées de Bordeaux 3,https://1886.u-bordeaux-montaigne.fr/files/medium/20e64a553dbc7a658ac68080052087a241386353.jpg,,,
oai:u-bordeaux-montaigne.fr:340629,"[Carte de Tunisie 1:50 000] / dressé, héliogravé et publié par le Service géographique de l'Armée (révisé en 1933)",,1930,1939,20th c.,193,,"Paris : Service géographique de l'Armée , [193.]",,1 carte : en coul. ; 44 x 58 cm | 58 x 45,,,Afrique : Tunisie,,,,,1886:Carte,cartes,high,tunis,country,tunisia | tunisie,https://1886.u-bordeaux-montaigne.fr/s/1886/item/340629,,1886 - Collections patrimoniales numérisées de Bordeaux 3,https://1886.u-bordeaux-montaigne.fr/files/medium/2f8e00cd9e3dc0f3d1773926547ee9b98b044022.jpg,,,
btv1b8458909r,Algérie-Tunisie,1930,1930,1930,20th c.,1930,,H. Barrère (Paris),1:5 000 000,1 flle : en coul. ; 32 x 24 cm,1,Algérie,,Échelle(s) : 1:5 000 000,fre,"Bibliothèque nationale de France, département Cartes et plans, GE D-8537",domaine public | public domain,map | carte | image fixe | image | still image,cartes,high,tunis,country,tunisia | tunisie,https://gallica.bnf.fr/ark:/12148/btv1b8458909r,https://gallica.bnf.fr/iiif/ark:/12148/btv1b8458909r/manifest.json,Gallica,https://gallica.bnf.fr/ark:/12148/btv1b8458909r.thumbnail,http://catalogue.bnf.fr/ark:/12148/cb40710705j,,IFN-8458909
btv1b53066610t,Algérie-Tunisie / Dressé... sous la direction de M. De Flotte de Roquevaille,1930,1930,1930,20th c.,1930,"Flotte de Roquevaire, René de (1875-1957). Dessinateur | Algérie (Période coloniale). Service cartographique. Fonction indéterminée",Gouvernement général de l'Algérie (Alger),1:1 500 000,1 flle : en coul. ; 93 x 51 cm,1,Algérie | Tunisie | Alger -- Environs,Algérie,Échelle(s) : 1:1 500 000,fre,"Bibliothèque nationale de France, département Cartes et plans, GE C-5658",domaine public | public domain,map | carte | image fixe | image | still image,cartes,high,tunis,country,tunisia | tunisie,https://gallica.bnf.fr/ark:/12148/btv1b53066610t,https://gallica.bnf.fr/iiif/ark:/12148/btv1b53066610t/manifest.json,Gallica,https://gallica.bnf.fr/ark:/12148/btv1b53066610t.thumbnail,http://catalogue.bnf.fr/ark:/12148/cb407372743,,IFN-53066610
oai:u-bordeaux-montaigne.fr:340616,"Environs de Sfax / dressé, héliogravé et publié par le Service géographique de l'Armée",,1930,1939,20th c.,193,,"Paris : Service géographique de l'Armée , [193.]",,1 carte : en coul. ; 56 x 75 cm | environ 80 x 59,,,Afrique : Tunisie,,,,,1886:Carte,cartes,high,tunis,city | country,sfax | tunisia | tunisie,https://1886.u-bordeaux-montaigne.fr/s/1886/item/340616,,1886 - Collections patrimoniales numérisées de Bordeaux 3,https://1886.u-bordeaux-montaigne.fr/files/medium/d370718188d675510ffb90df975b6f4172c325b6.jpg,,,
btv1b53213307c,Habitation rurale des indigènes,1930,1930,1930,20th c.,1930,,Institut cartographique (Paris),1:1 500 000,1 flle : en coul. ; 102 x 47 cm,1,Habitations | Algérie | Tunisie,,Échelle(s) : 1:1 500 000,fre,"Bibliothèque nationale de France, département Cartes et plans, GE B-1369",domaine public | public domain,map | carte | image fixe | image | still image,cartes,high,tunis,country,tunisia | tunisie,https://gallica.bnf.fr/ark:/12148/btv1b53213307c,https://gallica.bnf.fr/iiif/ark:/12148/btv1b53213307c/manifest.json,Gallica,https://gallica.bnf.fr/ark:/12148/btv1b53213307c.thumbnail,http://catalogue.bnf.fr/ark:/12148/cb406755654,,
oai:u-bordeaux-montaigne.fr:340356,"Tunisie Flle. N° III - B 00 - C 36, Metline / dressé, heliogravé et publié par Service géographique de l'armée",,1930,1939,20th c.,193,,"Paris : Service géographique de l'armée , [193.]",,1 carte : en coul. ; 56 x 76 cm | environ 79 x 57,,,Afrique : Tunisie,,,,,1886:Carte,cartes,high,tunis,country,tunisia | tunisie,https://1886.u-bordeaux-montaigne.fr/s/1886/item/340356,,1886 - Collections patrimoniales numérisées de Bordeaux 3,https://1886.u-bordeaux-montaigne.fr/files/medium/2972e3bef7718612ec38b78237ca0ddb9cddae13.jpg,,,
oai:u-bordeaux-montaigne.fr:340513,"Tunisie Flle. N° LXXV-B10-C32, Djebel Bireno / dressé, heliogravé et publié par le Service géographique de l'armée en 1930",1930,1930,1930,20th c.,1930,,"Paris : Service géographique de l'armée , 1930",,1 carte : en coul. ; 53 x 74 cm | environ 79 x 57,,,Afrique : Tunisie,,,,,1886:Carte,cartes,high,tunis,country,tunisia | tunisie,https://1886.u-bordeaux-montaigne.fr/s/1886/item/340513,,1886 - Collections patrimoniales numérisées de Bordeaux 3,https://1886.u-bordeaux-montaigne.fr/files/medium/2ad4b8fb201a2e146ec48a6533174b91337ff51e.jpg,,,
oai:u-bordeaux-montaigne.fr:340514,"Tunisie Flle. N° LXXVI-B10-C33, Djebel Semmama / dressé, héliogravé et publié au Service Géographique de l'Armée en 1930",1930,1930,1930,20th c.,1930,,"Paris : Institut géographique national , 1930",,1 carte : en coul. ; 43 X 67 sur feuille 51 X 73 cm | environ 79 x 57,,,Afrique : Tunisie,,,,,1886:Carte,cartes,high,tunis,country,tunisia | tunisie,https://1886.u-bordeaux-montaigne.fr/s/1886/item/340514,,1886 - Collections patrimoniales numérisées de Bordeaux 3,https://1886.u-bordeaux-montaigne.fr/files/medium/59231086245477f7c3ca0e6f80cff56671279388.jpg,,,
oai:u-bordeaux-montaigne.fr:340447,"Tunisie Flle. N° XLI-B5-C35, Djebel Mansour / dessiné, héliogravé et publié par le Service géographique de l'Armée en 1923 (révisé en 1930)",1930,1930,1930,20th c.,1930,,"Paris : Institut géographique national , 1930",,1 carte : en coul. ; 57 x 76 cm | environ 79 x 57,,,Afrique : Tunisie,,,,,1886:Carte,cartes,high,tunis,country,tunisia | tunisie,https://1886.u-bordeaux-montaigne.fr/s/1886/item/340447,,1886 - Collections patrimoniales numérisées de Bordeaux 3,https://1886.u-bordeaux-montaigne.fr/files/medium/872f6fcbaa8e298805dd92c4f2b485c753995dcb.jpg,,,
oai:u-bordeaux-montaigne.fr:340448,"Tunisie Flle. N° XLII-B5-C36, Djebel Fkirine / dressé, gravé et publié par Service géographique de l'armée (révisé en 1930)",1930,1930,1930,20th c.,1930,,"Paris : Service géographique de l'armée , 1930",,1 carte : en coul. ; 56 x 76 cm | environ 79 x 57,,,Afrique : Tunisie,,,,,1886:Carte,cartes,high,tunis,country,tunisia | tunisie,https://1886.u-bordeaux-montaigne.fr/s/1886/item/340448,,1886 - Collections patrimoniales numérisées de Bordeaux 3,https://1886.u-bordeaux-montaigne.fr/files/medium/b973e2ff5e8806ad98e05f7438dd249e9ab1447e.jpg,,,
oai:u-bordeaux-montaigne.fr:340449,"Tunisie Flle. N° XLIII-B5-C37, Enfidaville / dressé, gravé et publié par le Service géographique de l'Armée (révision de 1930)",1930,1930,1930,20th c.,1930,,"Paris : Service géographique de l'Armée , 1930",,1 carte : en coul. ; 43 x 66 cm sur flle 52 X 75 cm | environ 79 x 57,,,Afrique : Tunisie,,,,,1886:Carte,cartes,high,tunis,country,tunisia | tunisie,https://1886.u-bordeaux-montaigne.fr/s/1886/item/340449,,1886 - Collections patrimoniales numérisées de Bordeaux 3,https://1886.u-bordeaux-montaigne.fr/files/medium/394b893ccb48f886676737b67232c72073e793e1.jpg,,,
oai:u-bordeaux-montaigne.fr:340430,"Tunisie Flle. N° XXXIV-B4-C35, Bou Arada / dressé, héliogravé et publié par le Service géographique de l'Armée (révisé en 1930)",1930,1930,1930,20th c.,1930,,"Paris : Service géographique de l'Armée , 1930",,1 carte : en coul. ; 57 x 76 cm | environ 79 x 57,,,Afrique : Tunisie,,,,,1886:Carte,cartes,high,tunis,country,tunisia | tunisie,https://1886.u-bordeaux-montaigne.fr/s/1886/item/340430,,1886 - Collections patrimoniales numérisées de Bordeaux 3,https://1886.u-bordeaux-montaigne.fr/files/medium/48879763dcbf09475ba37e5a3040b1529799e7e2.jpg,,,
btv1b532133454,Camp de Bou-Ficha,1931,1931,1931,20th c.,1931,,Service géographique de l'armée (Paris),,1 flle ; 90 x 72 cm,1,Bou Ficha -- Camp militaire,Tunisie,Échelle(s) : 20.000,fre,"Bibliothèque nationale de France, département Cartes et plans, GE B-1407",domaine public | public domain,map | carte | image fixe | image | still image,cartes,high,tunis,country,tunisia | tunisie,https://gallica.bnf.fr/ark:/12148/btv1b532133454,https://gallica.bnf.fr/iiif/ark:/12148/btv1b532133454/manifest.json,Gallica,https://gallica.bnf.fr/ark:/12148/btv1b532133454.thumbnail,http://catalogue.bnf.fr/ark:/12148/cb40723107h,,
oai:u-bordeaux-montaigne.fr:340352,"Carte géologique [de la Tunisie] / Régence de Tunis, Direction générale des travaux publics ; dressé par M. Solignac, ...",1931,1931,1931,20th c.,1931,,"Paris : Service des mines , 1931",,1 carte sur 3 flles : en coul. ; flles 76 x 107 cm | 106 x 74,,,Afrique : Tunisie,,,,,1886:Carte,cartes,high,tunis,city | country | polity,regence de tunis | tunis | tunisia | tunisie,https://1886.u-bordeaux-montaigne.fr/s/1886/item/340352,,1886 - Collections patrimoniales numérisées de Bordeaux 3,https://1886.u-bordeaux-montaigne.fr/files/medium/c7b2a9df3429b23f8e63ac5a04b6f54c142697a6.jpg,,,
oai:u-bordeaux-montaigne.fr:340351,"Carte géologique [de la Tunisie] / Régence de Tunis, Direction générale des travaux publics ; dressé par M. Solignac, ...",1931,1931,1931,20th c.,1931,,"Paris : Service des mines , 1931",,1 carte sur 3 flles : en coul. ; flles 76 x 107 cm | 106 x 74,,,Afrique : Tunisie,,,,,1886:Carte,cartes,high,tunis,city | country | polity,regence de tunis | tunis | tunisia | tunisie,https://1886.u-bordeaux-montaigne.fr/s/1886/item/340351,,1886 - Collections patrimoniales numérisées de Bordeaux 3,https://1886.u-bordeaux-montaigne.fr/files/medium/5ff1306ea4e058943f9520318c0e0bcd3ef9e5a4.jpg,,,
oai:u-bordeaux-montaigne.fr:340353,"Carte géologique [de la Tunisie] / Régence de Tunis, Direction générale des travaux publics ; dressé par M. Solignac, ...",1931,1931,1931,20th c.,1931,,"Paris : Service des mines , 1931",,1 carte sur 3 flles : en coul. ; flles 76 x 107 cm | 106 x 74,,,Afrique : Tunisie,,,,,1886:Carte,cartes,high,tunis,city | country | polity,regence de tunis | tunis | tunisia | tunisie,https://1886.u-bordeaux-montaigne.fr/s/1886/item/340353,,1886 - Collections patrimoniales numérisées de Bordeaux 3,https://1886.u-bordeaux-montaigne.fr/files/medium/3ff70715de7b879bc80d115e2be24fc655b6417d.jpg,,,
btv1b53066673n,Régence de Tunis. Direction générale des travaux publics. Carte géologique / dressée par M. Soligna...,1931,1931,1931,20th c.,1931,Soligna. Auteur du texte | Institut cartographique de Paris. Auteur du texte,Institut cartographique de Paris (Paris) | Service des mines (Tunis),1:500 000,3 flles : en coul. ; 104 x 74 cm,1,Géologie | Tunisie,,Échelle(s) : 1:500 000...,fre,"Bibliothèque nationale de France, département Cartes et plans, GE C-5721 (1-3)",domaine public | public domain,map | carte | image fixe | image | still image,cartes,high,tunis,city | country | polity,regence de tunis | tunis | tunisia | tunisie,https://gallica.bnf.fr/ark:/12148/btv1b53066673n,https://gallica.bnf.fr/iiif/ark:/12148/btv1b53066673n/manifest.json,Gallica,https://gallica.bnf.fr/ark:/12148/btv1b53066673n.thumbnail,http://catalogue.bnf.fr/ark:/12148/cb40730738x,,IFN-53066673
oai:u-bordeaux-montaigne.fr:340412,"Tunisie Feuille n° XXVI-B3-C34, Oued-Zarga / dressé, héliogravé et publié par le service géographique de l'Armée (complété en 1931)",1931,1931,1931,20th c.,1931,,"Paris : Institut géographique national , 1931",,1 carte : en coul. ; 57 x 76 cm | environ 79 x 57,,,Afrique : Tunisie,,,,,1886:Carte,cartes,high,tunis,country,tunisia | tunisie,https://1886.u-bordeaux-montaigne.fr/s/1886/item/340412,,1886 - Collections patrimoniales numérisées de Bordeaux 3,https://1886.u-bordeaux-montaigne.fr/files/medium/b3f88f2db6448724303d16a1fb46bcdf9cf83121.jpg,,,
oai:u-bordeaux-montaigne.fr:340468,"Tunisie Flle. N° L-B6-C38, Halk El Mennzel / dressé, gravé et publié par Service géographique de l'armée (complété en 1931)",1931,1931,1931,20th c.,1931,,"Paris : Service géographique de l'armée , 1931",,1 carte : en coul. ; 56 x 76 cm | environ 79 x 57,,,Afrique : Tunisie,,,,,1886:Carte,cartes,high,tunis,country,tunisia | tunisie,https://1886.u-bordeaux-montaigne.fr/s/1886/item/340468,,1886 - Collections patrimoniales numérisées de Bordeaux 3,https://1886.u-bordeaux-montaigne.fr/files/medium/a9a38c0819eb714ebccbd4005ed9a6ed4385e18a.jpg,,,
oai:u-bordeaux-montaigne.fr:340474,"Tunisie Flle. N° LV-B6-C37, Aïne Djeloula / dressé, héliogravé et publié par le Service géographique de l'Armée (complété en 1931)",1931,1931,1931,20th c.,1931,,"Paris : Institut géographique national , 1931",,1 carte : en coul. ; 57 x 76 cm | environ 79 x 57,,,Afrique : Tunisie,,,,,1886:Carte,cartes,high,tunis,country,tunisia | tunisie,https://1886.u-bordeaux-montaigne.fr/s/1886/item/340474,,1886 - Collections patrimoniales numérisées de Bordeaux 3,https://1886.u-bordeaux-montaigne.fr/files/medium/20556b1ae984a4f92607d5cd72dcde60da39aa2a.jpg,,,
oai:u-bordeaux-montaigne.fr:340476,"Tunisie Flle. N° LVII-B7-C38, Sousse / dressé, héliogravé et publié par le Service géographique de l'Armée (complété en 1931)",1931,1931,1931,20th c.,1931,,"Paris : Institut géographique national , 1931",,"1 carte. : en coul. ; 42 X 66, sur flle 50 x 72 cm | environ 79 x 57",,,Afrique : Tunisie,,,,,1886:Carte,cartes,high,tunis,city | country,sousse | tunisia | tunisie,https://1886.u-bordeaux-montaigne.fr/s/1886/item/340476,,1886 - Collections patrimoniales numérisées de Bordeaux 3,https://1886.u-bordeaux-montaigne.fr/files/medium/ac8a605b9e5aa1e51963daec01a54083d2156eec.jpg,,,
oai:u-bordeaux-montaigne.fr:340495,"Tunisie Flle. N° LXVI-B8-C39, Moknine / dressé, héliogravé et publié par le Service Géographique de l'Armée (Complété en 1931)",1931,1931,1931,20th c.,1931,,"Paris : Institut géographique national , 1931",,1 carte : en coul. ; 57 x 76 cm | environ 79 x 57,,,Afrique : Tunisie,,,,,1886:Carte,cartes,high,tunis,country,tunisia | tunisie,https://1886.u-bordeaux-montaigne.fr/s/1886/item/340495,,1886 - Collections patrimoniales numérisées de Bordeaux 3,https://1886.u-bordeaux-montaigne.fr/files/medium/bdf45d76869e49dc926743e5bbc86be8ffb1ab8b.jpg,,,
oai:u-bordeaux-montaigne.fr:340455,"Tunisie Flle. N° LXVIII-B6-C36, Djebibina / dressé, héliogravé et publié par le Service géographique de l'armée (complété en 1931)",1931,1931,1931,20th c.,1931,,"Paris : Service géographique de l'armée , 1931",,1 carte : en coul. ; 56 x 76 cm | environ 79 x 57,,,Afrique : Tunisie,,,,,1886:Carte,cartes,high,tunis,country,tunisia | tunisie,https://1886.u-bordeaux-montaigne.fr/s/1886/item/340455,,1886 - Collections patrimoniales numérisées de Bordeaux 3,https://1886.u-bordeaux-montaigne.fr/files/medium/31eac67aefec95f9057b3d333c078864cc191d3f.jpg,,,
oai:u-bordeaux-montaigne.fr:340511,"Tunisie Flle. N° LXXII-B9-C37, Oued Cherita / dessiné, héliogravé et publié par le Service Géographique de l'Armée en 1922 (Complété en 1931)",1931,1931,1931,20th c.,1931,,"Paris : Institut géographique national , 1931",,1 carte : en coul. ; 57 x 76 cm | environ 79 x 57,,,Afrique : Tunisie,,,,,1886:Carte,cartes,high,tunis,country,tunisia | tunisie,https://1886.u-bordeaux-montaigne.fr/s/1886/item/340511,,1886 - Collections patrimoniales numérisées de Bordeaux 3,https://1886.u-bordeaux-montaigne.fr/files/medium/b8a38970c76e194b1f4d51194c1e6d3c66b24076.jpg,,,
oai:u-bordeaux-montaigne.fr:340512,"Tunisie Flle. N° LXXIII-B9-C38, Kerker / dessiné, héliogravé et publié par le Service Géographique de l'Armée (Complété en 1931)",1931,1931,1931,20th c.,1931,,"Paris : Service Géographique de l'Armée , 1931",,1 carte : en coul. ; 57 x 76 cm | environ 79 x 57,,,Afrique : Tunisie,,,,,1886:Carte,cartes,high,tunis,country,tunisia | tunisie,https://1886.u-bordeaux-montaigne.fr/s/1886/item/340512,,1886 - Collections patrimoniales numérisées de Bordeaux 3,https://1886.u-bordeaux-montaigne.fr/files/medium/22a5bf7ff261e1f02a64b3ced189db66b2356eb7.jpg,,,
oai:u-bordeaux-montaigne.fr:340529,"Tunisie Flle. N° LXXXI-B10-C38, El Djem / dessiné, héliogravé et publié par le Service Géographique de l'Armée (Complété en 1931)",1931,1931,1931,20th c.,1931,,"Paris : Service Géographique de l'Armée , 1931",,1 carte : en coul. ; 57 x 76 cm | environ 79 x 57,,,Afrique : Tunisie,,,,,1886:Carte,cartes,high,tunis,country,tunisia | tunisie,https://1886.u-bordeaux-montaigne.fr/s/1886/item/340529,,1886 - Collections patrimoniales numérisées de Bordeaux 3,https://1886.u-bordeaux-montaigne.fr/files/medium/29f8e766ba379368bfb21da4e4a60931765d327e.jpg,,,
oai:u-bordeaux-montaigne.fr:340456,"Tunisie Flle. N° XLIX-B6-C37, Sidi Bou Ali / dressé, gravé et publié par le Service géographique de l'Armée (complété en 1931)",1931,1931,1931,20th c.,1931,,"Paris : Service géographique de l'Armée , 1931",,1 carte : en coul. ; 57 x 76 cm | environ 79 x 57,,,Afrique : Tunisie,,,,,1886:Carte,cartes,high,tunis,country,tunisia | tunisie,https://1886.u-bordeaux-montaigne.fr/s/1886/item/340456,,1886 - Collections patrimoniales numérisées de Bordeaux 3,https://1886.u-bordeaux-montaigne.fr/files/medium/0a0413baddf0cbd4039487b0ef8617719ecda7b3.jpg,,,
oai:u-bordeaux-montaigne.fr:340453,"Tunisie Flle. N° XLVI-B6-C34, Siliana / dressé, héliogravé et publié par le Service géographique de l'Armée en 1926 (complété en 1931)",1931,1931,1931,20th c.,1931,,"Paris : Service géographique de l'Armée , 1931",,1 carte : en coul. ; 57 x 76 cm | environ 79 x 57,,,Afrique : Tunisie,,,,,1886:Carte,cartes,high,tunis,city | country,siliana | tunisia | tunisie,https://1886.u-bordeaux-montaigne.fr/s/1886/item/340453,,1886 - Collections patrimoniales numérisées de Bordeaux 3,https://1886.u-bordeaux-montaigne.fr/files/medium/e147056ad0569324018ce5dd650beaba98d6d773.jpg,,,
oai:u-bordeaux-montaigne.fr:340454,"Tunisie Flle. N° XLVII-B6-C35, Djebel Bargou / dessiné, héliogravé et publié par le Service géographique de l'Armée en 1930 (complété en 1931)",1931,1931,1931,20th c.,1931,,"Paris : Service géographique de l'Armée , 1931",,"1 carte : en coul. ; 43 X 67 cm, sur flle 57 x 77 cm | environ 79 x 57",,,Afrique : Tunisie,,,,,1886:Carte,cartes,high,tunis,country,tunisia | tunisie,https://1886.u-bordeaux-montaigne.fr/s/1886/item/340454,,1886 - Collections patrimoniales numérisées de Bordeaux 3,https://1886.u-bordeaux-montaigne.fr/files/medium/1c080eba8cf15d6db714af2c11c1fe9340fe1ea5.jpg,,,
oai:u-bordeaux-montaigne.fr:340413,"Tunisie Flle. N° XXVII-B3-C35, Medjez-el-Bab / dressé, heliogravé et publié par Service géographique de l'armée",1931,1931,1931,20th c.,1931,,"Paris : Service géographique de l'armée , 1931",,1 carte : en coul. ; 56 x 76 cm | environ 79 x 57,,,Afrique : Tunisie,,,,,1886:Carte,cartes,high,tunis,country,tunisia | tunisie,https://1886.u-bordeaux-montaigne.fr/s/1886/item/340413,,1886 - Collections patrimoniales numérisées de Bordeaux 3,https://1886.u-bordeaux-montaigne.fr/files/medium/17f2a18c561766d64ca62c17200058ae458c406f.jpg,,,
oai:u-bordeaux-montaigne.fr:340433,"Tunisie Flle. N° XXXVII-B4-C38, Hammamet / dressé, gravé et publié par le Service géographique de l'Armée (révision de 1931)",1931,1931,1931,20th c.,1931,,"Paris : Institut géographique national , 1931",,1 carte : en coul. ; 43 x 66 cm sur flle 56 X 78 cm | environ 79 x 57,,,Afrique : Tunisie,,,,,1886:Carte,cartes,high,tunis,city | country,hammamet | tunisia | tunisie,https://1886.u-bordeaux-montaigne.fr/s/1886/item/340433,,1886 - Collections patrimoniales numérisées de Bordeaux 3,https://1886.u-bordeaux-montaigne.fr/files/medium/501f11b1ba9801043a23c20161aac5209ba7925a.jpg,,,
oai:u-bordeaux-montaigne.fr:340354,"Tunisie Flle. N°I-B00-C34, Kef Abbed / dressé, héliogravé et publié par le Service géographique de l'Armée (complété en 1931) ; les travaux sur le terrain ont été exécutés par Mr. Vicq [en] 1897",1931,1931,1931,20th c.,1931,,"Paris : Service géographique de l'Armée , [1931?]",,"1 carte : en coul. ; 49 x 73 cm, sur flle 56 X 78 cm | environ 79 x 57",,,Afrique : Tunisie,,,,,1886:Carte,cartes,high,tunis,country,tunisia | tunisie,https://1886.u-bordeaux-montaigne.fr/s/1886/item/340354,,1886 - Collections patrimoniales numérisées de Bordeaux 3,https://1886.u-bordeaux-montaigne.fr/files/medium/a128b5011f8b2f66fb4588aa4b0e019877b6ccf7.jpg,,,
oai:u-bordeaux-montaigne.fr:340414,"Tunisie Flle. n°XXVIII-B3-C36, Oudna / dressé, gravé et publié par le service géographique de l'Armée (révision de 1931)",1931,1931,1931,20th c.,1931,,"Paris : Service géographique de l'armée , 1931",,1 carte : en coul. ; 57 x 76 cm | environ 79 x 57,,,Afrique : Tunisie,,,,,1886:Carte,cartes,high,tunis,country,tunisia | tunisie,https://1886.u-bordeaux-montaigne.fr/s/1886/item/340414,,1886 - Collections patrimoniales numérisées de Bordeaux 3,https://1886.u-bordeaux-montaigne.fr/files/medium/5ef2060e5153f04dc2852b7a8a94924d4dc9fcfa.jpg,,,
btv1b53158317g,"[Cables sous-marins France, Algérie, Tunisie]",1932,1932,1932,20th c.,1932,,[s.n.],,25 cartes : en coul. ; formats divers,12,"Télégraphe | Manche, Mer | Atlantique, Océan | Méditerranée, Mer",Zone Méditerranée | Océan Atlantique Nord,Échelle(s) : [Echelles diverses],fre,"Bibliothèque nationale de France, département Cartes et plans, GE SH 19 PF 1 TER DIV 47 P 47 (2)",domaine public | public domain,map | carte | image fixe | image | still image,cartes,high,tunis,country,tunisia | tunisie,https://gallica.bnf.fr/ark:/12148/btv1b53158317g,https://gallica.bnf.fr/iiif/ark:/12148/btv1b53158317g/manifest.json,Gallica,https://gallica.bnf.fr/ark:/12148/btv1b53158317g.thumbnail,Notice d'ensemble : http://catalogue.bnf.fr/ark:/12148/cb450528795,,IFN-53158317
oai:u-bordeaux-montaigne.fr:340473,"Tunisie Flle. N° LIV-B7-C35, Djebel Serdj / dressé, héliogravé et publié par le Service Géographique de l'Armée en 1929 (complété en 1932)",1932,1932,1932,20th c.,1932,,"Paris : Institut Géographique National , 1932",,1 carte : en coul. ; 43 X 67 sur feuille 51 X 73 cm | environ 79 x 57,,,Afrique : Tunisie,,,,,1886:Carte,cartes,high,tunis,country,tunisia | tunisie,https://1886.u-bordeaux-montaigne.fr/s/1886/item/340473,,1886 - Collections patrimoniales numérisées de Bordeaux 3,https://1886.u-bordeaux-montaigne.fr/files/medium/0efb558d53f1c85818bcbdcf0a261fea60f12408.jpg,,,
oai:u-bordeaux-montaigne.fr:340515,"Tunisie Flle. N° LXXVII-B10-C34, Djebel Mrhila / dessiné, héliogravé et publié par le Service Géographique de l'Armée en 1932",1932,1932,1932,20th c.,1932,,"Paris : Institut géographique national , 1932",,1 carte : en coul. ; 57 x 76 cm | environ 79 x 57,,,Afrique : Tunisie,,,,,1886:Carte,cartes,high,tunis,country,tunisia | tunisie,https://1886.u-bordeaux-montaigne.fr/s/1886/item/340515,,1886 - Collections patrimoniales numérisées de Bordeaux 3,https://1886.u-bordeaux-montaigne.fr/files/medium/371028102da5739a48b18f6cb0dd453c9929c085.jpg,,,
oai:u-bordeaux-montaigne.fr:340368,"Tunisie Flle. N° V-B0-C34, Oued Sedjenane / dressé, héliogravé et publié par le Service géographique de l'Armée (complété en 1932)",1932,1932,1932,20th c.,1932,,"Paris : Institut géographique national , 1932",,1 carte : en coul. ; 57 x 76 cm | environ 79 x 57,,,Afrique : Tunisie,,,,,1886:Carte,cartes,high,tunis,country,tunisia | tunisie,https://1886.u-bordeaux-montaigne.fr/s/1886/item/340368,,1886 - Collections patrimoniales numérisées de Bordeaux 3,https://1886.u-bordeaux-montaigne.fr/files/medium/990d143a58a87f70c9964f2b470e583ce9293150.jpg,,,
oai:u-bordeaux-montaigne.fr:340372,"Tunisie Flle. N° VIII - B 0 - C 38, Sidi Daoud / dressé, héliogravé et publié par Service géographique de l'armée (révision de 1932)",1932,1932,1932,20th c.,1932,,"Paris : Service géographique de l'armée , 1932",,1 carte : en coul. ; 56 x 76 cm | environ 79 x 57,,,Afrique : Tunisie,,,,,1886:Carte,cartes,high,tunis,country,tunisia | tunisie,https://1886.u-bordeaux-montaigne.fr/s/1886/item/340372,,1886 - Collections patrimoniales numérisées de Bordeaux 3,https://1886.u-bordeaux-montaigne.fr/files/medium/35f20957acda8cc5db3c0efdc5706069a2a3e847.jpg,,,
oai:u-bordeaux-montaigne.fr:340389,"Tunisie Flle. N° XIV-B 1-C 37, La Marsa / dressé, gravé et publié par Service géographique de l'armée (révision de 1932)",1932,1932,1932,20th c.,1932,,"Paris : Service géographique de l'armée , 1932",,1 carte : en coul. ; 56 x 76 cm | environ 79 x 57,,,Afrique : Tunisie,,,,,1886:Carte,cartes,high,tunis,country,tunisia | tunisie,https://1886.u-bordeaux-montaigne.fr/s/1886/item/340389,,1886 - Collections patrimoniales numérisées de Bordeaux 3,https://1886.u-bordeaux-montaigne.fr/files/medium/afb7881eb1cbd6d074109439390619b7e634a54f.jpg,,,
oai:u-bordeaux-montaigne.fr:340391,"Tunisie Flle. N° XV-B 1-C 38, Tazoghrane / dressé, héliogravé et publié par Service géographique de l'armée (révisé en 1932)",1932,1932,1932,20th c.,1932,,"Paris : Service géographique de l'armée , 1932",,1 carte : en coul. ; 56 x 76 cm | environ 79 x 57,,,Afrique : Tunisie,,,,,1886:Carte,cartes,high,tunis,country,tunisia | tunisie,https://1886.u-bordeaux-montaigne.fr/s/1886/item/340391,,1886 - Collections patrimoniales numérisées de Bordeaux 3,https://1886.u-bordeaux-montaigne.fr/files/medium/0b0c02b01346d4bd131d94036e8b53e87cb1339d.jpg,,,
oai:u-bordeaux-montaigne.fr:340392,"Tunisie Flle. N° XVI-B 1-C 39, Kelibia / dressé, héliogravé et publié par Service géographique de l'armée (révision de 1932)",1932,1932,1932,20th c.,1932,,"Paris : Service géographique de l'armée , 1932",,1 carte : en coul. ; 56 x 76 cm | environ 79 x 57,,,Afrique : Tunisie,,,,,1886:Carte,cartes,high,tunis,city | country,kelibia | tunisia | tunisie,https://1886.u-bordeaux-montaigne.fr/s/1886/item/340392,,1886 - Collections patrimoniales numérisées de Bordeaux 3,https://1886.u-bordeaux-montaigne.fr/files/medium/e17b8742074fa49c3525b32e637baa6794a4ade9.jpg,,,
oai:u-bordeaux-montaigne.fr:340393,"Tunisie Flle. N° XVIII-B2-C34, Béja / dressé, héliogravé et publié par le Service géographique de l'Armée (révision de 1902) (complété en 1932)",1932,1932,1932,20th c.,1932,,"Paris : Institut géographique national , 1932",,1 carte : en coul. ; 54 X 75 cm | environ 79 x 57,,,Afrique : Tunisie,,,,,1886:Carte,cartes,high,tunis,city | country,beja | tunisia | tunisie,https://1886.u-bordeaux-montaigne.fr/s/1886/item/340393,,1886 - Collections patrimoniales numérisées de Bordeaux 3,https://1886.u-bordeaux-montaigne.fr/files/medium/0e4e9127908e0757753e127ac5a7063f2944ecec.jpg,,,
oai:u-bordeaux-montaigne.fr:340407,"Tunisie Flle. N° XXI-B2-C37, La Goulette / dressé, gravé et publié par le Service géographique de l'Armée (révision de 1932)",1932,1932,1932,20th c.,1932,,"Paris : Service géographique de l'Armée , 1932",,1 carte : en coul. ; 56 x 78 cm | environ 79 x 57,,,Afrique : Tunisie,,,,,1886:Carte,cartes,high,tunis,city | country,la goulette | tunisia | tunisie,https://1886.u-bordeaux-montaigne.fr/s/1886/item/340407,,1886 - Collections patrimoniales numérisées de Bordeaux 3,https://1886.u-bordeaux-montaigne.fr/files/medium/036236cb92926c10b06fd50faf060388b83155f5.jpg,,,
oai:u-bordeaux-montaigne.fr:340410,"Tunisie Flle. N° XXII-B2-C38, Menzel Bou Zelfa / dressé, heliogravé et publié par le Service géographique de l'armée (révision de 1932)",1932,1932,1932,20th c.,1932,,"Paris : Service géographique de l'armée , 1932",,1 carte : en coul. ; 56 x 78 cm | environ 79 x 57,,,Afrique : Tunisie,,,,,1886:Carte,cartes,high,tunis,country,tunisia | tunisie,https://1886.u-bordeaux-montaigne.fr/s/1886/item/340410,,1886 - Collections patrimoniales numérisées de Bordeaux 3,https://1886.u-bordeaux-montaigne.fr/files/medium/670114679c177f56d5101f00a3c0f9fd8d375e4b.jpg,,,
oai:u-bordeaux-montaigne.fr:340411,"Tunisie Flle. N° XXIII-B2-C39, Mennzel Heurr / dressé, héliogravé et publié par Service géographique de l'armée en 1896. Révision de 1932",1932,1932,1932,20th c.,1932,,"Paris : Service géographique de l'armée , 1932",,1 carte : en coul. ; 52 x 75 cm | environ 79 x 57,,,Afrique : Tunisie,,,,,1886:Carte,cartes,high,tunis,country,tunisia | tunisie,https://1886.u-bordeaux-montaigne.fr/s/1886/item/340411,,1886 - Collections patrimoniales numérisées de Bordeaux 3,https://1886.u-bordeaux-montaigne.fr/files/medium/30276d1f3740d938eedf78a6c6041a1daa94f5ba.jpg,,,
oai:u-bordeaux-montaigne.fr:340416,"Tunisie Flle. N° XXX-B3-C38, Nabeul / dressé, gravé et publié par Service géographique de l'armée, révision de 1932",1932,1932,1932,20th c.,1932,,"Paris : Service géographique de l'armée , 1932",,1 carte : en coul. ; 56 x 76 cm | environ 79 x 57,,,Afrique : Tunisie,,,,,1886:Carte,cartes,high,tunis,city | country,nabeul | tunisia | tunisie,https://1886.u-bordeaux-montaigne.fr/s/1886/item/340416,,1886 - Collections patrimoniales numérisées de Bordeaux 3,https://1886.u-bordeaux-montaigne.fr/files/medium/e5eadb30978d58767831fc6022921a89dec39157.jpg,,,
oai:u-bordeaux-montaigne.fr:340429,"Tunisie Flle. N° XXXIII-B4-C34, Teboursouk / dressé, héliogravé et publié par le Service géographique de l'Armée (complété en 1932)",1932,1932,1932,20th c.,1932,,"Paris : Service Géographique de l'Armée , 1932",,1 carte : en coul. ; 56 X 77 cm | environ 79 x 57,,,Afrique : Tunisie,,,,,1886:Carte,cartes,high,tunis,country,tunisia | tunisie,https://1886.u-bordeaux-montaigne.fr/s/1886/item/340429,,1886 - Collections patrimoniales numérisées de Bordeaux 3,https://1886.u-bordeaux-montaigne.fr/files/medium/b22f1e84a2670babc549f64c437e9038d2d79d9a.jpg,,,
oai:u-bordeaux-montaigne.fr:340431,"Tunisie Flle. N° XXXV-B4-C36, Zaghouan / dressé, gravé et publié par le Service géographique de l'Armée (révision de 1902), (complétée en 1932)",1932,1932,1932,20th c.,1932,,"Paris : Service géographique de l'Armée , 1932",,1 carte : en coul. ; 43 x 66 cm sur flle 50 X 72 cm | environ 79 x 57,,,Afrique : Tunisie,,,,,1886:Carte,cartes,high,tunis,city | country,tunisia | tunisie | zaghouan,https://1886.u-bordeaux-montaigne.fr/s/1886/item/340431,,1886 - Collections patrimoniales numérisées de Bordeaux 3,https://1886.u-bordeaux-montaigne.fr/files/medium/ed101dc87d5c96dd85e34f34bd42b498b92fdd8a.jpg,,,
oai:u-bordeaux-montaigne.fr:340432,"Tunisie Flle. N° XXXVI-B4-C37, Bou Ficha / Dressé, héliogravé et publié par Service géographique de l'armée, levés de 1893, révisés en 1932 et levés de 1930",1932,1932,1932,20th c.,1932,,"Paris : Service géographique de l'armée , 1932",,1 carte : en coul. ; 56 x 76 cm | environ 79 x 57,,,Afrique : Tunisie,,,,,1886:Carte,cartes,high,tunis,country,tunisia | tunisie,https://1886.u-bordeaux-montaigne.fr/s/1886/item/340432,,1886 - Collections patrimoniales numérisées de Bordeaux 3,https://1886.u-bordeaux-montaigne.fr/files/medium/76c2c5d718da87adbe23381f2e593958e7a2f5cd.jpg,,,
oai:u-bordeaux-montaigne.fr:340375,"Tunisie Flle. N°XI-B1-C34, Hedil / dressé, héliogravé et publié par le Service géographique de l'Armée (complété en 1932)",1932,1932,1932,20th c.,1932,,"Paris : Institut géographique national , 1932",,"1 carte : en coul. ; 43 x 66 cm, sur flle 56 X 77 cm | environ 79 x 57",,,Afrique : Tunisie,,,,,1886:Carte,cartes,high,tunis,country,tunisia | tunisie,https://1886.u-bordeaux-montaigne.fr/s/1886/item/340375,,1886 - Collections patrimoniales numérisées de Bordeaux 3,https://1886.u-bordeaux-montaigne.fr/files/medium/fc3cd2283840644a86787cb293d39cf7d828ae92.jpg,,,
oai:u-bordeaux-montaigne.fr:340415,"Tunisie Flle. n°XXIX-B3-C37, Grombalia / dressé, héliogravé et publié par le service géographique de l'Armée (complété en 1932)",1932,1932,1932,20th c.,1932,,"Paris : Service géographique de l'armée , 1932",,1 carte : en coul. ; 57 x 76 cm | environ 79 x 57,,,Afrique : Tunisie,,,,,1886:Carte,cartes,high,tunis,country,tunisia | tunisie,https://1886.u-bordeaux-montaigne.fr/s/1886/item/340415,,1886 - Collections patrimoniales numérisées de Bordeaux 3,https://1886.u-bordeaux-montaigne.fr/files/medium/27bb4733541b36f62d9804e15f0f8e1305098587.jpg,,,
oai:u-bordeaux-montaigne.fr:340516,"Tunisie Flle. N° LXXVIII-B10-C35, Hadjeb el Aïoun / dressé, héliogravé et publié par le Service géographique de l'Armée en 1933",1933,1933,1933,20th c.,1933,,"Paris : Institut géographique national , 1933",,1 carte : en coul. ; 43 x 66 cm sur flle 50 X 72 cm | environ 79 x 57,,,Afrique : Tunisie,,,,,1886:Carte,cartes,high,tunis,country,tunisia | tunisie,https://1886.u-bordeaux-montaigne.fr/s/1886/item/340516,,1886 - Collections patrimoniales numérisées de Bordeaux 3,https://1886.u-bordeaux-montaigne.fr/files/medium/957c8a2b968819f9c49503c64a9632f94e155c55.jpg,,,
oai:u-bordeaux-montaigne.fr:340608,"Afrique 1:500.000e Flle NJ-32-SE, Tunis / dressé, héliogravé et publié par le Service géographique de l'Armée en 1922",1934,1934,1934,20th c.,1934,,"Paris : Institut géographique national , [1934?]",,1 carte : en coul. ; 56 x 64 sur flle 63 x 81 cm | 81 x 63,,Afrique 1:500 000,Afrique : Tunisie,,,,,1886:Carte,cartes,high,tunis,city | country,tunis | tunisia | tunisie,https://1886.u-bordeaux-montaigne.fr/s/1886/item/340608,,1886 - Collections patrimoniales numérisées de Bordeaux 3,https://1886.u-bordeaux-montaigne.fr/files/medium/810ec414411cbe47756032ff4ecf4cfb5d2db128.jpg,,,
oai:u-bordeaux-montaigne.fr:494041,Afrique du nord,1934,1934,1934,20th c.,1934,,,,,,,Afrique : Tunisie,,,,,1886:Carte,cartes,high,tunis,country,tunisia | tunisie,https://1886.u-bordeaux-montaigne.fr/s/1886/item/494041,,1886 - Collections patrimoniales numérisées de Bordeaux 3,https://1886.u-bordeaux-montaigne.fr/files/medium/f337e67e514bb8e692870eacf2c16625c49ff9b6.jpg,,,
oai:u-bordeaux-montaigne.fr:494039,Afrique du nord,1934,1934,1934,20th c.,1934,,,,,,,Afrique : Tunisie,,,,,1886:Carte,cartes,high,tunis,country,tunisia | tunisie,https://1886.u-bordeaux-montaigne.fr/s/1886/item/494039,,1886 - Collections patrimoniales numérisées de Bordeaux 3,https://1886.u-bordeaux-montaigne.fr/files/medium/47e6627290c9764dd116a5ad2cd07a09723bd7f5.jpg,,,
btv1b530578955,Carte Foldex de la Tunisie,1934,1934,1934,20th c.,1934,Foldex. Auteur du texte,Foldex,1:1 000 000,1 flle en coul. ; 378 x 490,1,Voies de communication | Tunisie -- Voies de communication,Monde,Échelle(s) : 1:1 000 000,fre,"Bibliothèque nationale de France, département Cartes et plans, GE D-21978",domaine public | public domain,map | carte | image fixe | image | still image,cartes,high,tunis,country,tunisia | tunisie,https://gallica.bnf.fr/ark:/12148/btv1b530578955,https://gallica.bnf.fr/iiif/ark:/12148/btv1b530578955/manifest.json,Gallica,https://gallica.bnf.fr/ark:/12148/btv1b530578955.thumbnail,http://catalogue.bnf.fr/ark:/12148/cb40645745f,,IFN-53057895
btv1b8459188x,"Environs de Medenine. Dressé / héliogravé et publié par le Service géographique de l'armée, Revisé en 1933",1934,1934,1934,20th c.,1934,France. Service géographique de l'armée. Auteur du texte,Service géographique de l'armée (Paris),1:50 000,1 flle : en coul. ; 50 x 40 cm + 8 fr.,1,Medenine -- Environs,Tunisie,Échelle(s) : 1:50 000,fre,"Bibliothèque nationale de France, département Cartes et plans, GE D-8849",domaine public | public domain,map | carte | image fixe | image | still image,cartes,high,tunis,city | country,medenine | tunisia | tunisie,https://gallica.bnf.fr/ark:/12148/btv1b8459188x,https://gallica.bnf.fr/iiif/ark:/12148/btv1b8459188x/manifest.json,Gallica,https://gallica.bnf.fr/ark:/12148/btv1b8459188x.thumbnail,http://catalogue.bnf.fr/ark:/12148/cb407314281,,IFN-8459188
btv1b53213404d,Tunis / par J. Vanney,1934,1934,1934,20th c.,1934,"Vanney, J.. Cartographe | Bonlel, J.-C.. Auteur du texte",J.-C. Bonlel (Tunis),1:8 000,1 flle : en coul. ; 92 x 64 cm,1,Tunis,Tunisie,Échelle(s) : 1:8 000,fre,"Bibliothèque nationale de France, département Cartes et plans, GE B-1473",domaine public | public domain,map | carte | image fixe | image | still image,cartes,high,tunis,city | country,tunis | tunisia | tunisie,https://gallica.bnf.fr/ark:/12148/btv1b53213404d,https://gallica.bnf.fr/iiif/ark:/12148/btv1b53213404d/manifest.json,Gallica,https://gallica.bnf.fr/ark:/12148/btv1b53213404d.thumbnail,http://catalogue.bnf.fr/ark:/12148/cb407279577,,
oai:u-bordeaux-montaigne.fr:340527,"Tunisie Flle. N° LXXIX-B10-C36, Nasr Allah / dressé, héliogravé et publié par le Service géographique de l'armée en 1934",1934,1934,1934,20th c.,1934,,"Paris : Service géographique de l'armée , 1934",,1 carte : en coul. ; 56 x 76 cm | environ 79 x 57,,,Afrique : Tunisie,,,,,1886:Carte,cartes,high,tunis,country,tunisia | tunisie,https://1886.u-bordeaux-montaigne.fr/s/1886/item/340527,,1886 - Collections patrimoniales numérisées de Bordeaux 3,https://1886.u-bordeaux-montaigne.fr/files/medium/ff2b1612f6305a72cc59f9e41c5421e7fdccdc55.jpg,,,
oai:u-bordeaux-montaigne.fr:340528,"Tunisie Flle. N° LXXX-B10-C37, Chorbane / dressé, héliogravé et publié au Service géographique de l'Armée en 1934",1934,1934,1934,20th c.,1934,,"Paris : Institut géographique national , 1934",,1 carte : en coul. ; 43 x 66 cm sur flle 50 X 72 cm | environ 79 x 57,,,Afrique : Tunisie,,,,,1886:Carte,cartes,high,tunis,country,tunisia | tunisie,https://1886.u-bordeaux-montaigne.fr/s/1886/item/340528,,1886 - Collections patrimoniales numérisées de Bordeaux 3,https://1886.u-bordeaux-montaigne.fr/files/medium/628bea9b302f32817423d10857e12ae87b53d599.jpg,,,
oai:u-bordeaux-montaigne.fr:340394,"Tunisie Flle. N° XIX-B2-C35, Tebourba / dressé, héliogravé et publié par le service géographique de l'Armée (révisé en 1934)",1934,1934,1934,20th c.,1934,,"Paris : Institut géographique national , 1934",,1 carte : en coul. ; 57 x 76 cm | environ 79 x 57,,,Afrique : Tunisie,,,,,1886:Carte,cartes,high,tunis,country,tunisia | tunisie,https://1886.u-bordeaux-montaigne.fr/s/1886/item/340394,,1886 - Collections patrimoniales numérisées de Bordeaux 3,https://1886.u-bordeaux-montaigne.fr/files/medium/826930a63753feea4dd747e25bf25940ed6a3b19.jpg,,,
btv1b53230723h,Les vins de Tunisie. Carte de vignoble,1935,1935,1935,20th c.,1935,,[s.n.],1:2 250 000,1 flle : en coul. ; 12 x 20 cm,2,Vignobles | Vin | Viticulture | Tunisie,,Échelle(s) : [1:2 250 000 environ],fre,"Bibliothèque nationale de France, département Cartes et plans, GE F CARTE-6236",domaine public | public domain,map | carte | image fixe | image | still image,cartes,high,tunis,country,tunisia | tunisie,https://gallica.bnf.fr/ark:/12148/btv1b53230723h,https://gallica.bnf.fr/iiif/ark:/12148/btv1b53230723h/manifest.json,Gallica,https://gallica.bnf.fr/ark:/12148/btv1b53230723h.thumbnail,http://catalogue.bnf.fr/ark:/12148/cb40728083j,,
oai:u-bordeaux-montaigne.fr:340370,"Tunisie Flle. N° VII.B 0-C 36, Porto-Farina / dressé, héliogravé et publié par Service géographique de l'armée en 1935",1935,1935,1935,20th c.,1935,,"Paris : Service géographique de l'armée , 1935",,1 carte : en coul. ; 56 x 76 cm | environ 79 x 57,,,Afrique : Tunisie,,,,,1886:Carte,cartes,high,tunis,city | country,porto farina | tunisia | tunisie,https://1886.u-bordeaux-montaigne.fr/s/1886/item/340370,,1886 - Collections patrimoniales numérisées de Bordeaux 3,https://1886.u-bordeaux-montaigne.fr/files/medium/83ca43cebb6820dc29f0663681bd11b968212c29.jpg,,,
oai:u-bordeaux-montaigne.fr:340395,"Tunisie Flle. N° XX-B2-C36, Tunis / dressé, dessiné et publié par le Service géographique de l'Armée (révisé en 1935)",1935,1935,1935,20th c.,1935,,"Paris : Service géographique de l'Armée , 1935",,1 carte : en coul. ; 52 x 73 cm | environ 79 x 57,,,Afrique : Tunisie,,,,,1886:Carte,cartes,high,tunis,city | country,tunis | tunisia | tunisie,https://1886.u-bordeaux-montaigne.fr/s/1886/item/340395,,1886 - Collections patrimoniales numérisées de Bordeaux 3,https://1886.u-bordeaux-montaigne.fr/files/medium/f17b68cf74ba13f0e4d64b90f9f7694ce8d2707e.jpg,,,
btv1b53066849v,"(Algérie, Tunisie, Maroc.) Vignettes de Bernard Levanteur",1936,1936,1936,20th c.,1936,,Planès (Alger),,1 flle ; 71 x 37 cm,1,Tourisme | Maghreb,,,fre,"Bibliothèque nationale de France, département Cartes et plans, GE C-5898",domaine public | public domain,map | carte | image fixe | image | still image,cartes,high,tunis,country,tunisia | tunisie,https://gallica.bnf.fr/ark:/12148/btv1b53066849v,https://gallica.bnf.fr/iiif/ark:/12148/btv1b53066849v/manifest.json,Gallica,https://gallica.bnf.fr/ark:/12148/btv1b53066849v.thumbnail,http://catalogue.bnf.fr/ark:/12148/cb40674630h,,IFN-53066849
oai:u-bordeaux-montaigne.fr:340355,"Tunisie Flle. N° II-B0-C35, Bizerte / dressé, héliogravé et publié par le Service géographique de l'Armée en 1936",1936,1936,1936,20th c.,1936,,"Paris : Service géographique de l'Armée , 1936",,1 carte : en coul. ; 56 x 77 cm | environ 79 x 57,,,Afrique : Tunisie,,,,,1886:Carte,cartes,high,tunis,city | country,bizerte | tunisia | tunisie,https://1886.u-bordeaux-montaigne.fr/s/1886/item/340355,,1886 - Collections patrimoniales numérisées de Bordeaux 3,https://1886.u-bordeaux-montaigne.fr/files/medium/151fa32fda60b6a18fc9449ac50389b14baf0a8a.jpg,,,
oai:u-bordeaux-montaigne.fr:340532,"Tunisie Flle. N° LXXXIV-B11-C33, Kasserine / dressé, héliogravé et publié par le Service Géographique de l'Armée en 1936",1936,1936,1936,20th c.,1936,,"Paris : Service Géographique de l'Armée , 1936",,1 carte : en coul. ; 58 x 76 cm | environ 79 x 57,,,Afrique : Tunisie,,,,,1886:Carte,cartes,high,tunis,city | country,kasserine | tunisia | tunisie,https://1886.u-bordeaux-montaigne.fr/s/1886/item/340532,,1886 - Collections patrimoniales numérisées de Bordeaux 3,https://1886.u-bordeaux-montaigne.fr/files/medium/6ac5795d15169bfc2a83f0cdadd552d4c410dc35.jpg,,,
oai:u-bordeaux-montaigne.fr:340369,"Tunisie Flle. N° VI [6] B 0 - C 35, Djebel Ichkeul / dressé, heliogravé et publié par Service géographique de l'armée en 1936",1936,1936,1936,20th c.,1936,,"Paris : Service géographique de l'armée , 1936",,1 carte : en coul. ; 56 x 76 cm | environ 79 x 57,,,Afrique : Tunisie,,,,,1886:Carte,cartes,high,tunis,country,tunisia | tunisie,https://1886.u-bordeaux-montaigne.fr/s/1886/item/340369,,1886 - Collections patrimoniales numérisées de Bordeaux 3,https://1886.u-bordeaux-montaigne.fr/files/medium/2688aecdb327cd9c44d2d0a62391477f96b000ec.jpg,,,
oai:u-bordeaux-montaigne.fr:340376,"Tunisie Flle. N° XII -B 1-C 35, Mateur / dressé, héliogravé et publié par Service géographique de l'armée en 1936",1936,1936,1936,20th c.,1936,,"Paris : Service géographique de l'armée , 1936",,1 carte : en coul. ; 56 x 76 cm | environ 79 x 57,,,Afrique : Tunisie,,,,,1886:Carte,cartes,high,tunis,country,tunisia | tunisie,https://1886.u-bordeaux-montaigne.fr/s/1886/item/340376,,1886 - Collections patrimoniales numérisées de Bordeaux 3,https://1886.u-bordeaux-montaigne.fr/files/medium/db852cb16156777e0ae0a9b7ba647edf4b370717.jpg,,,
oai:u-bordeaux-montaigne.fr:340387,"Tunisie Flle. N° XIII-B1-C36, Ariana / dressé, gravé et publié par le Service géographique de l'Armée en 1936",1936,1936,1936,20th c.,1936,,"Paris : Institut géographique national , 1936",,"1 carte : en coul. ; 43 x 66 cm, sur flle 50 X 72 cm | environ 79 x 57",,,Afrique : Tunisie,,,,,1886:Carte,cartes,high,tunis,country,tunisia | tunisie,https://1886.u-bordeaux-montaigne.fr/s/1886/item/340387,,1886 - Collections patrimoniales numérisées de Bordeaux 3,https://1886.u-bordeaux-montaigne.fr/files/medium/94a027bfca835c1520c371c5a18fe749d438d569.jpg,,,
btv1b53260403g,"Carte des chemins de fer français / dressé, dessiné et publié par le Service géographique de l'armée",1937,1937,1938,20th c.,1937-1938,France. Service géographique de l'armée. Auteur du texte,Service géographique de l'armée (Paris),1:800 000,"4 flles : en noir-bleu-rouge ; 81 x 66 cm + Chacune, 8 fr.",1,Chemins de fer | France -- Chemins de fer | Algérie | Tunisie | Lyon | Lille | Paris,France – Auvergne-Rhône-Alpes – Rhône | France– Hauts-de-France – Nord | France – Île-de-France – Paris,Échelle(s) : 1:800 000,fre,"Bibliothèque nationale de France, département Cartes et plans, GE B-6100",domaine public | public domain,map | carte | image fixe | image | still image,cartes,high,tunis,country,tunisia | tunisie,https://gallica.bnf.fr/ark:/12148/btv1b53260403g,https://gallica.bnf.fr/iiif/ark:/12148/btv1b53260403g/manifest.json,Gallica,https://gallica.bnf.fr/ark:/12148/btv1b53260403g.thumbnail,http://catalogue.bnf.fr/ark:/12148/cb40697127c,,IFN-53260403
oai:u-bordeaux-montaigne.fr:340592,"Afrique 1:500.000 Flle NI-32-NO, Tébessa / Dressé, héliogravé et publié par le Service géographique de l'Armée en 1924",1938,1938,1938,20th c.,1938,,"Paris : Institut géographique national , [1938 ?]",,1 carte : en coul. ; 58 x 58 cm sur flle 60 x 66 cm | 65 x 60,,Afrique 1:500 000,Afrique : Tunisie,,,,,1886:Carte,cartes,high,tunis,country,tunisia | tunisie,https://1886.u-bordeaux-montaigne.fr/s/1886/item/340592,,1886 - Collections patrimoniales numérisées de Bordeaux 3,https://1886.u-bordeaux-montaigne.fr/files/medium/3d41b9a23a499175a7f7c4634c3e669ab8531c8d.jpg,,,
oai:u-bordeaux-montaigne.fr:340590,"Afrique 1:500.000 NI-32-SE, Gabès / dressé, heliogravé et publié par le Service géographique de l'Armée en 1930",1938,1938,1938,20th c.,1938,,"Paris : Service géographique de l'Armée , [1938 ?]",,1 carte : en coul. ; 64 x 74 cm | 73 x 64,,Afrique 1:500 000,Afrique : Tunisie,,,,,1886:Carte,cartes,high,tunis,city | country,gabes | tunisia | tunisie,https://1886.u-bordeaux-montaigne.fr/s/1886/item/340590,,1886 - Collections patrimoniales numérisées de Bordeaux 3,https://1886.u-bordeaux-montaigne.fr/files/medium/700487c2f69b693d48bb5d2e2a0968d19a9eea16.jpg,,,
oai:u-bordeaux-montaigne.fr:340591,"Afrique 1:500.000 NI-32-SE, Gabès / dressé, heliogravé et publié par le Service géographique de l'Armée en 1930",1938,1938,1938,20th c.,1938,,"Paris : Service géographique de l'Armée , [1938 ?]",,1 carte : en coul. ; 60 x 64 cm | 65 x 60,,Afrique 1:500 000,Afrique : Tunisie,,,,,1886:Carte,cartes,high,tunis,city | country,gabes | tunisia | tunisie,https://1886.u-bordeaux-montaigne.fr/s/1886/item/340591,,1886 - Collections patrimoniales numérisées de Bordeaux 3,https://1886.u-bordeaux-montaigne.fr/files/medium/469c64274fa8ed70aa93c6b5c90f1c5d7b6dade7.jpg,,,
oai:u-bordeaux-montaigne.fr:340589,"Afrique 1:500.000 NI-32-SO, Tozeur / dressé, héliogravé et publié par le Service géographique de l'Armée en 1929",1938,1938,1938,20th c.,1938,,"Paris : Service géographique de l'Armée , [1938 ?]",,1 carte : en coul. ; 60 x 60 cm | 75 x 60,,Afrique 1:500 000,Afrique : Tunisie,,,,,1886:Carte,cartes,high,tunis,city | country,tozeur | tunisia | tunisie,https://1886.u-bordeaux-montaigne.fr/s/1886/item/340589,,1886 - Collections patrimoniales numérisées de Bordeaux 3,https://1886.u-bordeaux-montaigne.fr/files/medium/23c35662cf68ddd1cd7a83fda78eefdb6a68f338.jpg,,,
oai:u-bordeaux-montaigne.fr:340593,"Afrique 1:500.000e Flle NI-32-NE, Sfax / dressé, héliogravé et publié par le Service géographique de l'Armée en 1923",1938,1938,1938,20th c.,1938,,"Paris : Institut géographique national , [1938 ?]",,1 carte : en coul. ; 56 x 58 sur flle 59 x 64 cm | 64 x 59,,Afrique 1:500 000,Afrique : Tunisie,,,,,1886:Carte,cartes,high,tunis,city | country,sfax | tunisia | tunisie,https://1886.u-bordeaux-montaigne.fr/s/1886/item/340593,,1886 - Collections patrimoniales numérisées de Bordeaux 3,https://1886.u-bordeaux-montaigne.fr/files/medium/96b8c4cbfa33e19dc28d298bb2d66f8dcc009b84.jpg,,,
oai:u-bordeaux-montaigne.fr:340654,"Croquis de l'Afrique Française au 1.000.000e NJ-32, NI-32, Tunis - Sfax / Dressé, héliogravé et imprimé par le Service géographique de l'Armée en 1929",1938,1938,1938,20th c.,1938,,Paris : Institut géographique national,,1 carte : en coul. ; 70 x 60 cm | 75 x 70,,Croquis de l'Afrique Française au 1 000 000e,Afrique : Tunisie,,,,,1886:Carte,cartes,high,tunis,city | country,sfax | tunis | tunisia | tunisie,https://1886.u-bordeaux-montaigne.fr/s/1886/item/340654,,1886 - Collections patrimoniales numérisées de Bordeaux 3,https://1886.u-bordeaux-montaigne.fr/files/medium/878149c4b246b5dafff07d2b2800f1cfe813dcb8.jpg,,,
btv1b53121304c,"La Nouvelle France. Corps d'armée, chemins de fer, canaux et rivières, frontières. Cartographie / Ed. Blondel La Rougery",1939,1939,1940,20th c.,1939-1940,Blondel la Rougery (Paris). Fonction indéterminée | Fayard. Fonction indéterminée,Fayard (Paris),1:1 732 000,1 feuille ; 57 x 67 cm | avec texte au verso,2,France | Paris | Algérie | Tunisie,France – Île-de-France – Paris,"[La Nouvelle France. Corps d'armée, chemins de fer, canaux et rivières, frontières. Cartographie] | Échelle(s) : 1:1 732 000",fre,"Bibliothèque nationale de France, département Cartes et Plans, GE C-15221",domaine public | public domain,image fixe | image | still image,cartes,high,tunis,country,tunisia | tunisie,https://gallica.bnf.fr/ark:/12148/btv1b53121304c,https://gallica.bnf.fr/iiif/ark:/12148/btv1b53121304c/manifest.json,Gallica,https://gallica.bnf.fr/ark:/12148/btv1b53121304c.thumbnail,http://catalogue.bnf.fr/ark:/12148/cb40703040n,,IFN-53121304
oai:u-bordeaux-montaigne.fr:340373,"Tunisie Flle. N° IX - B 0 - C 39, Cap Bon / dressé, héliogravé et publié par Service géographique de l'armée en 1894 (révision de 1932)",1939,1939,1939,20th c.,1939,,"Paris : Service géographique de l'armée , 1939",,1 carte : en coul. ; 56 x 76 cm | environ 79 x 57,,,Afrique : Tunisie,,,,,1886:Carte,cartes,high,tunis,country | region,cap bon | tunisia | tunisie,https://1886.u-bordeaux-montaigne.fr/s/1886/item/340373,,1886 - Collections patrimoniales numérisées de Bordeaux 3,https://1886.u-bordeaux-montaigne.fr/files/medium/d673f1435171996e797f9268d3b1a74f482b5222.jpg,,,
oai:u-bordeaux-montaigne.fr:340531,"Tunisie Flle. N° LXXXIII-B11-C32, Bou Chebka / dressé, dessiné et publié par le Service géographique de l'Armée en 1939",1939,1939,1939,20th c.,1939,,"Paris : Service géographique de l'Armée , 1939",,1 carte : en coul. ; 56 x 76 cm | environ 79 x 57,,,Afrique : Tunisie,,,,,1886:Carte,cartes,high,tunis,country,tunisia | tunisie,https://1886.u-bordeaux-montaigne.fr/s/1886/item/340531,,1886 - Collections patrimoniales numérisées de Bordeaux 3,https://1886.u-bordeaux-montaigne.fr/files/medium/0ed355c46e513016cf97c4ea75e10f26f4b7b0be.jpg,,,
oai:u-bordeaux-montaigne.fr:340628,"[Carte de Tunisie 1:50 000] / dressé, héliogravé et publié par le Service géographique de l'Armée (révisée en 1933)",1940,1940,1940,20th c.,1940,,"Paris : Service géographique de l'Armée , [1940]",,1 carte : en coul. ; 58 x 70 cm | environ 80 x 59,,,Afrique : Tunisie,,,,,1886:Carte,cartes,high,tunis,country,tunisia | tunisie,https://1886.u-bordeaux-montaigne.fr/s/1886/item/340628,,1886 - Collections patrimoniales numérisées de Bordeaux 3,https://1886.u-bordeaux-montaigne.fr/files/medium/12808dfaef6caface700dcfdd0502bc71b3efab6.jpg,,,
btv1b53121318k,France politique / Dressée et gravée par Blondel La Rougery,1940,1940,1940,20th c.,1940,Blondel la Rougery (Paris). Dessinateur. Graveur,Blondel La Rougery (Paris),1:1 500 000,1 flle gravée : en sept coul. ; 64 x 76 cm,1,"France | Algérie | Tunisie | Corse, Île de",France – Corse,Échelle(s) : 1:1 500 000,fre,"Bibliothèque nationale de France, département Cartes et plans, GE C-15172",domaine public | public domain,map | carte | image fixe | image | still image,cartes,high,tunis,country,tunisia | tunisie,https://gallica.bnf.fr/ark:/12148/btv1b53121318k,https://gallica.bnf.fr/iiif/ark:/12148/btv1b53121318k/manifest.json,Gallica,https://gallica.bnf.fr/ark:/12148/btv1b53121318k.thumbnail,http://catalogue.bnf.fr/ark:/12148/cb40702663q,,IFN-53121318
btv1b10841751m,"La production minière et l'énergie en 1950 par Jacques Bertin : [Carte de l'activité minière d'une partie du Maroc, de l'Algérie et de la Tunisie] / Jacques Bertin",,1940,1979,20th c.,194.-197.,"Bertin, Jacques (1918-2010). Producteur d'un fonds d'archives. Cartographe",,,"1 feuille ; 56,3 cm x 42,8 cmencre de Chine sur calque",1,Pétrole | Houille | Électricité | Zinc | Fer | Manganèse | Plomb | Cobalt | Phosphates | Maroc | Algérie | tunisie,Maroc | Tunisie | Algérie | W 10°1' - E 11°7' / N 37°34' - N 29°59',Échelle(s) : [Échelle non déterminée],fre,"Bibliothèque nationale de France, département Cartes et plans, GE CC-5541 (30-4)",conditions spécifiques d'utilisation (sous convention Jacques_Bertin) | restricted use (convention Jacques_Bertin),manuscript cartographic resource | document cartographique manuscrit | map | carte | image fixe | image | still image,cartes,high,tunis,country,tunisia | tunisie,https://gallica.bnf.fr/ark:/12148/btv1b10841751m,https://gallica.bnf.fr/iiif/ark:/12148/btv1b10841751m/manifest.json,Gallica,https://gallica.bnf.fr/ark:/12148/btv1b10841751m.thumbnail,Notice de recueil : http://catalogue.bnf.fr/ark:/12148/cb474302129,,IFN-10841751
oai:u-bordeaux-montaigne.fr:340008,Tabarka,1940,1940,1940,20th c.,1940,,,,environ 80 x 60,,,Afrique : Algérie,,,,,1886:Carte,cartes,high,tabarka,city,tabarka,https://1886.u-bordeaux-montaigne.fr/s/1886/item/340008,,1886 - Collections patrimoniales numérisées de Bordeaux 3,https://1886.u-bordeaux-montaigne.fr/files/medium/9a9e2f33bb9fd3dd325350c33a6806616bd40a2b.jpg,,,
oai:u-bordeaux-montaigne.fr:340533,"Tunisie Flle. N° XC, Djebeniana / dressé, dessiné et publié par le Service Géographique de l'Armée en 1940",1940,1940,1940,20th c.,1940,,"Paris : Institut géographique national , 1940",,1 carte : en coul. ; 58 x 76 cm | environ 79 x 57,,,Afrique : Tunisie,,,,,1886:Carte,cartes,high,tunis,country,tunisia | tunisie,https://1886.u-bordeaux-montaigne.fr/s/1886/item/340533,,1886 - Collections patrimoniales numérisées de Bordeaux 3,https://1886.u-bordeaux-montaigne.fr/files/medium/7624aba88906ac883230df8afeb7d1c50edfdbf9.jpg,,,
oai:u-bordeaux-montaigne.fr:340627,"[Tunisie au 1:50 000] / dressé, héliogravé et publié par le Service Géographique de l'Armée (révision de 1934)",1941,1941,1941,20th c.,1941,,"Paris : Institut géographique national , [1941]",,1 carte : en coul. ; 58 x 76 cm | environ 80 x 59,,,Afrique : Tunisie,,,,,1886:Carte,cartes,high,tunis,country,tunisia | tunisie,https://1886.u-bordeaux-montaigne.fr/s/1886/item/340627,,1886 - Collections patrimoniales numérisées de Bordeaux 3,https://1886.u-bordeaux-montaigne.fr/files/medium/bc32296518c0fce9b8c4729a32e9eeaba1033c31.jpg,,,
oai:u-bordeaux-montaigne.fr:340534,"Tunisie : coupure spéciale / dressé, dessiné par le Service Géographique de l'Armée en 1939-1940",1941,1941,1941,20th c.,1941,,"Paris : Institut géographique national , 1941",,1 carte : en coul. ; 47 X 75 sur feuille 53 X 80 cm | environ 79 x 57,,,Afrique : Tunisie,,,,,1886:Carte,cartes,high,tunis,country,tunisia | tunisie,https://1886.u-bordeaux-montaigne.fr/s/1886/item/340534,,1886 - Collections patrimoniales numérisées de Bordeaux 3,https://1886.u-bordeaux-montaigne.fr/files/medium/8a7b0db0f912b1a153820f6deca4f2e2cfc7b568.jpg,,,
oai:u-bordeaux-montaigne.fr:340535,"Tunisie coupure spéciale, Mareth / dressé, dessiné par le Service géographique de l'Armée en 1939-40",1941,1941,1941,20th c.,1941,,"Paris : Institut géographique national , 1941",,1 carte : en coul. ; 43 x 66 cm sur flle 50 X 72 cm | environ 79 x 57,,,Afrique : Tunisie,,,,,1886:Carte,cartes,high,tunis,country,tunisia | tunisie,https://1886.u-bordeaux-montaigne.fr/s/1886/item/340535,,1886 - Collections patrimoniales numérisées de Bordeaux 3,https://1886.u-bordeaux-montaigne.fr/files/medium/4c72579566aae6b0aa604e964ceb82e50ccb1157.jpg,,,
btv1b53179710t,"Tunisie au 500.000e. / dressé, héliogravé et publié par le Service géographique de l'armée...",1943,1943,1943,20th c.,1943,France. Service géographique de l'armée. Fonction indéterminée,Service géographique de l'armée (Paris VIIe),1:500 000,1 carte en 2 flles : en coul. ; 75 x 107 cm,2,Tunisie,Tunisie,Échelle(s) : 1:500 000,fre,"Bibliothèque nationale de France, département Cartes et plans, GE SH 19 PF 1 QUATER DIV 25 P 41",domaine public | public domain,map | carte | image fixe | image | still image,cartes,high,tunis,country,tunisia | tunisie,https://gallica.bnf.fr/ark:/12148/btv1b53179710t,https://gallica.bnf.fr/iiif/ark:/12148/btv1b53179710t/manifest.json,Gallica,https://gallica.bnf.fr/ark:/12148/btv1b53179710t.thumbnail,Notice de recueil : http://catalogue.bnf.fr/ark:/12148/cb451283115,,IFN-53179710
oai:u-bordeaux-montaigne.fr:340615,Environs de Tunis / publié par le Service géographique de l'Armée,1946,1946,1946,20th c.,1946,,"Paris : Institut géographique national , 1946",,1 carte : en coul. ; 58 x 76 cm | environ 80 x 59,,,Afrique : Tunisie,,,,,1886:Carte,cartes,high,tunis,city | country,tunis | tunisia | tunisie,https://1886.u-bordeaux-montaigne.fr/s/1886/item/340615,,1886 - Collections patrimoniales numérisées de Bordeaux 3,https://1886.u-bordeaux-montaigne.fr/files/medium/92bff22e6f5546b93715682231d64bf671ffc846.jpg,,,
btv1b531893169,"Esso, Tunisie",1948,1948,1948,20th c.,1948,ESSO SAF. Auteur du texte | Blondel la Rougery (Paris). Auteur du texte,Blondel La Rougery (Paris),1:800 000,1 flle : en coul. ; 98 x 52 cm,1,Tunisie -- Routes,,Échelle(s) : 1:800 000,fre,"Bibliothèque nationale de France, département Cartes et plans, GE C-17067",domaine public | public domain,map | carte | image fixe | image | still image,cartes,high,tunis,country,tunisia | tunisie,https://gallica.bnf.fr/ark:/12148/btv1b531893169,https://gallica.bnf.fr/iiif/ark:/12148/btv1b531893169/manifest.json,Gallica,https://gallica.bnf.fr/ark:/12148/btv1b531893169.thumbnail,http://catalogue.bnf.fr/ark:/12148/cb40728068n,,IFN-53189316
btv1b10112213f,"Air France. Carte itinéraire Dunlop. Paris-Tunis (par Lyon ou Nice), Marseille-Tunis, Marseille-Bône, Nice-Alger (par ajaccio) : [carte de route] / Édicta",1949,1949,1949,20th c.,1949,,Édicta (Paris),1:4 000 000,"1 dépliant : coul. ; 13,1 x 9,0 (déplié 13,1 x 71,8)",5,,,Échelle(s) : [Ca 1:4 000 000] | Numérisé par le partenaire,fre,"Musée Air France, 2016.4.219",conditions spécifiques d'utilisation (sous convention 2018-188-423) | restricted use (convention 2018-188-423),map | carte | image fixe | image | still image,cartes,high,tunis,city,tunis,https://gallica.bnf.fr/ark:/12148/btv1b10112213f,https://gallica.bnf.fr/iiif/ark:/12148/btv1b10112213f/manifest.json,Gallica,https://gallica.bnf.fr/ark:/12148/btv1b10112213f.thumbnail,http://catalogue.bnf.fr/ark:/12148/cb470608288,,IFN-10112213
btv1b53213324v,Les gisements miniers de l'Afrique du Nord. Tunisie,1950,1950,1950,20th c.,1950,,Société de documentation industrielle (Paris),1:500 000,1 flle : en coul. ; 105 x 73 cm,1,Tunisie -- Mines et ressources minières -- 1930,,Échelle(s) : 1:500 000,fre,"Bibliothèque nationale de France, département Cartes et plans, GE B-1386",domaine public | public domain,map | carte | image fixe | image | still image,cartes,high,tunis,country,tunisia | tunisie,https://gallica.bnf.fr/ark:/12148/btv1b53213324v,https://gallica.bnf.fr/iiif/ark:/12148/btv1b53213324v/manifest.json,Gallica,https://gallica.bnf.fr/ark:/12148/btv1b53213324v.thumbnail,http://catalogue.bnf.fr/ark:/12148/cb40728060w,,IFN-53213324
btv1b53071091w,Djebel Zaghouan [Tunisie] carte géologique. 1 : 20 000 / G. Castany,1951,1951,1951,20th c.,1951,"Castany, Gilbert. Auteur du texte | Service géologique de Tunisie. Auteur du texte | E. Dufrénoy (Paris). Auteur du texte",Service géologique de Tunisis (Tunis),,1 flle en coul. ; 280 x 480,1,"Géologie | Zaghouan, Djebel (mont)",Tunisie,,fre,"Bibliothèque nationale de France, département Cartes et plans, GE D-23466",domaine public | public domain,map | carte | image fixe | image | still image,cartes,high,tunis,city | country,tunis | tunisia | tunisie | zaghouan,https://gallica.bnf.fr/ark:/12148/btv1b53071091w,https://gallica.bnf.fr/iiif/ark:/12148/btv1b53071091w/manifest.json,Gallica,https://gallica.bnf.fr/ark:/12148/btv1b53071091w.thumbnail,http://catalogue.bnf.fr/ark:/12148/cb40650369b,,IFN-53071091
btv1b53197102z,"Carte-guide ""Tourist"", Tunisie",1952,1952,1952,20th c.,1952,COMPAGNIE FRANÇAISE DE PROPAGANDE ET DE PUBLICITÉ (Paris). Auteur du texte,Compagnie française de Propagande et de Publicité (Paris),1:800 000,1 flle r°-v° : en coul. ; 62 x 97 cm,2,Tourisme | Aéronautique | Tunisie | Tunis | Kairouan | Sfax | Bizerte | Sousse,Tunisie,Échelle(s) : 1:800 000,fre,"Bibliothèque nationale de France, département Cartes et plans, GE C-18331",domaine public | public domain,map | carte | image fixe | image | still image,cartes,high,tunis,city | country,bizerte | kairouan | sfax | sousse | tunis | tunisia | tunisie,https://gallica.bnf.fr/ark:/12148/btv1b53197102z,https://gallica.bnf.fr/iiif/ark:/12148/btv1b53197102z/manifest.json,Gallica,https://gallica.bnf.fr/ark:/12148/btv1b53197102z.thumbnail,http://catalogue.bnf.fr/ark:/12148/cb40728080h,,IFN-53197102
btv1b10841640c,"Italia : [carte du relief de l'Italie, de la Corse, de l'Ouest des pays des Balkans et du Nord de la Tunisie] / Jacques Bertin",1967,1967,1967,20th c.,1967,"Bertin, Jacques (1918-2010). Cartographe. Dessinateur",,,"1 feuille : gouache, encre et crayon de couleur sur carton ; 44 x 44 cm + 2 reproductions 49,6 x 48,6 cm",5,"Relief (géographie) | Italie | Corse, Île de | Balkans, États des | Tunisie",Italie | Europe orientale | E 6°57' - E 20°19' / N 45°58' - N 36°35',Échelle(s) : [Échelle non déterminée],fre,"Bibliothèque nationale de France, département Cartes et plans, GE CC-5541 (1-3)",conditions spécifiques d'utilisation (sous convention Jacques_Bertin) | restricted use (convention Jacques_Bertin),map | carte | image fixe | image | still image,cartes,high,tunis,country,tunisia | tunisie,https://gallica.bnf.fr/ark:/12148/btv1b10841640c,https://gallica.bnf.fr/iiif/ark:/12148/btv1b10841640c/manifest.json,Gallica,https://gallica.bnf.fr/ark:/12148/btv1b10841640c.thumbnail,Notice de recueil : http://catalogue.bnf.fr/ark:/12148/cb47305509n,,IFN-10841640
bpt6k9117777g,"Inventaire communal 1988. 53, Mayenne / Institut national de la statistique et des études économiques ; Service central des enquêtes et études statistiques",1988,1988,1988,20th c.,1988,Institut national de la statistique et des études économiques (France). Fonction indéterminée | France. Ministère de l'agriculture. Service central des enquêtes et études statistiques. Auteur du texte,INSEE (Paris) | SCEES (Paris),1:450 000,"41 p. : cartes, couv. ill. en coul. ; 30 cm + 1 transparent",62,"Équipements communaux | Mayenne, Département de la -- Communes -- Statistiques | Mayenne, Département de la | Communes -- Statistiques",France – Pays-de-la-Loire – Mayenne | W 1°12' - W 4' / N 48°30' - N 47°45',Échelle(s) : 1:450 000 | Numérisé par le partenaire | Appartient à l’ensemble documentaire : BnSP000 | Avec mode texte,fre,BNSP-Insee,domaine public | public domain,atlas | atlas | image fixe | image | still image,cartes,medium,,city,sousse,https://gallica.bnf.fr/ark:/12148/bpt6k9117777g,https://gallica.bnf.fr/iiif/ark:/12148/bpt6k9117777g/manifest.json,Gallica,https://gallica.bnf.fr/ark:/12148/bpt6k9117777g.thumbnail,Notice d'ensemble : http://catalogue.bnf.fr/ark:/12148/cb408659401,,
oai:u-bordeaux-montaigne.fr:168522,"Algérie, Tunisie et Sahara central / carte dressée et dessinée par J. V. Barbier, pour servir particulièrement à l'intelligence des évenements actuels et notamment à suivre les deux explorations du colonel Flatters",2013,2013,2013,21st c.,2013,"Barbier, Joseph-Victor 1840-1898","Bordeaux : Université Bordeaux Montaigne , 2013",,1 carte ; en coul. ; 48 x 39 cm | 34x45,,,Afrique : Sahara,"Reproduction de Algérie, Tunisie et Sahara central",,,Public Domain mark,1886:Carte,cartes,high,tunis,country,tunisia | tunisie,https://1886.u-bordeaux-montaigne.fr/s/1886/item/168522,,1886 - Collections patrimoniales numérisées de Bordeaux 3,https://1886.u-bordeaux-montaigne.fr/files/medium/8d3402b1f720c4d3c5e46ebcccf4d959eb67b833.jpg,,,
oai:u-bordeaux-montaigne.fr:168523,Algérie-Tunisie / dessiné par M. Maumias,2013,2013,2013,21st c.,2013,"Algérie. Direction de l'agriculture, du commerce et de la colonisation","Bordeaux : Université Bordeaux Montaigne , 2013",,1 carte ; en coul. ; 66 x 105 cm | 66x105,,,Afrique : Tunisie,Reproduction de Algérie-Tunisie,,,Public Domain mark,1886:Carte,cartes,high,tunis,country,tunisia | tunisie,https://1886.u-bordeaux-montaigne.fr/s/1886/item/168523,,1886 - Collections patrimoniales numérisées de Bordeaux 3,https://1886.u-bordeaux-montaigne.fr/files/medium/6dd672c577536c30cac6236920eca4bc73036e01.jpg,,,
oai:u-bordeaux-montaigne.fr:168459,"Atlas de géographie générale. Afrique N°23, Algérie et Tunisie : fascicule spécial de cinq feuilles / G. Niox ; Institut géographique",2013,2013,2013,21st c.,2013,"Niox, Gustave-Léon 1840-1921","Bordeaux : Université Bordeaux Montaigne , 2013",,1 carte ; en coul. ; 56 x 70 cm | 56x70,,,Afrique : Tunisie,Reproduction de Atlas de géographie générale. Afrique,,,Public Domain mark,1886:Carte,cartes,high,tunis,country,tunisia | tunisie,https://1886.u-bordeaux-montaigne.fr/s/1886/item/168459,,1886 - Collections patrimoniales numérisées de Bordeaux 3,https://1886.u-bordeaux-montaigne.fr/files/medium/9dabee8b01265de5b13f4583fd3c05d58fa27108.jpg,,,
oai:u-bordeaux-montaigne.fr:168525,"Carte de la Régence de Tunis / dressée au Dépôt de la Guerre ; d'après les observations et les reconnaissances de Mr. Falbe,... de Mr. Pricot Ste. Marie,... et d'après les renseignements recueillis par eux ; gravée sur pierre par Erhard Schieble",2013,2013,2013,21st c.,2013,France. Service historique de l'armée de terre,"Bordeaux : Université Bordeaux Montaigne , 2013",,1 carte en 2 flles ; 75 x 106 cm | 55x98,,,Afrique : Tunisie,Reproduction de Carte de la Régence de Tunis,,,Public Domain mark,1886:Carte,cartes,high,tunis,city | country | polity,regence de tunis | tunis | tunisia | tunisie,https://1886.u-bordeaux-montaigne.fr/s/1886/item/168525,,1886 - Collections patrimoniales numérisées de Bordeaux 3,https://1886.u-bordeaux-montaigne.fr/files/medium/fa2bac451687f1716612364850828c0da5d1a40b.jpg,,,
oai:u-bordeaux-montaigne.fr:168524,"Carte de la Régence de Tunis / dressée au Dépôt de la Guerre ; d'après les observations et les reconnaissances de Mr. Falbe,... de Mr. Pricot Ste. Marie,... et d'après les renseignements recueillis par eux ; gravée sur pierre par Erhard Schieble",2013,2013,2013,21st c.,2013,France. Service historique de l'armée de terre,"Bordeaux : Université Bordeaux Montaigne , 2013",,1 carte en 2 flles ; 75 x 106 cm | 55x98,,,Afrique : Tunisie,Reproduction de Carte de la Régence de Tunis,,,Public Domain mark,1886:Carte,cartes,high,tunis,city | country | polity,regence de tunis | tunis | tunisia | tunisie,https://1886.u-bordeaux-montaigne.fr/s/1886/item/168524,,1886 - Collections patrimoniales numérisées de Bordeaux 3,https://1886.u-bordeaux-montaigne.fr/files/medium/8f9846d6bc59ad6d8febf670e4b511601209369f.jpg,,,
oai:u-bordeaux-montaigne.fr:168536,Carte routière de la Tunisie au 1er janvier 1904 / dressée par la Direction générale des travaux publics,2013,2013,2013,21st c.,2013,Tunisie. Direction générale des travaux publics,"Bordeaux : Université Bordeaux Montaigne , 2013",,1 carte ; en coul. ; 113 x 86 cm | 73x103,,,Afrique : Tunisie,Reproduction de Carte routière de la Tunisie au 1er janvier 1904,,,Public Domain mark,1886:Carte,cartes,high,tunis,country,tunisia | tunisie,https://1886.u-bordeaux-montaigne.fr/s/1886/item/168536,,1886 - Collections patrimoniales numérisées de Bordeaux 3,https://1886.u-bordeaux-montaigne.fr/files/medium/363c4184272ade14cda10a421c87fde1d21b8fad.jpg,,,
oai:u-bordeaux-montaigne.fr:168537,Carte routière de la Tunisie au 1er juillet 1905 / dressée par la Direction générale des travaux publics,2013,2013,2013,21st c.,2013,Tunisie. Direction générale des travaux publics,"Bordeaux : Université Bordeaux Montaigne , 2013",,1 carte ; en coul. ; 113 x 86 cm | 73x103,,,Afrique : Tunisie,Reproduction de Carte routière de la Tunisie au 1er juillet 1905,,,Public Domain mark,1886:Carte,cartes,high,tunis,country,tunisia | tunisie,https://1886.u-bordeaux-montaigne.fr/s/1886/item/168537,,1886 - Collections patrimoniales numérisées de Bordeaux 3,https://1886.u-bordeaux-montaigne.fr/files/medium/20db07205532fdc0d5540e6fe84bc553b782efdc.jpg,,,
oai:bibliotheques-specialisees.paris.fr:ark:/73873/pf0001993673,[Plan d'implantation du Théâtre de l'Odéon : projet définitif],,,,,,"Wailly, Charles de (1729-1798) | Peyre, Marie-Joseph (1730-1785)","[Lieu de publication inconnu], [1780]",,"[Echelle non déterminable] | 1 plan : Plume, lavis et crayon ; 125 x 38 cm",,Odéon-Théâtre de l'Europe (Paris) | Urbanisme -- Paris (France) -- XVIIIe siècle | Paris (France) -- Arrondissement (06e) | Paris (France) -- Rue de Vaugirard | Paris (France) -- Rue des Cordeliers | Paris (France) -- Rue de l'Observance | Paris (France) -- Rue de Touraine | Paris (France) -- Rue de la Comédie | Paris (France) -- Rue des Quatre Vents | Paris (France) -- Rue du Petit Lion | Paris (France) -- Rue de Condé | Paris (France) -- Rue des Fossés de Mr Le Prince | Paris (France) -- Place de la Comédie | Paris (France) -- Rue de l'École-de-Médecine | Paris (France) -- Rue Antoine Dubois | Paris (France) -- Rue Dupuytren | Paris (France) -- Rue de l'Odéon | Paris (France) -- Rue Monsieur-le-Prince | Paris (France) -- Rue Racine | Paris (France) -- Rue de Voltaire | Paris (France) -- Rue Crebillon | Paris (France) -- Rue Regnard | Paris (France) -- Rue Corneille | Paris (France) -- Rue Rotrou | Paris (France) -- Rue Casimir Delavigne | Paris (France) -- Rue de Molière | Paris (France) -- Place du riche Laboureur | Paris (France) -- Carrefour de l'Odéon | Paris (France) -- Rue des Fossés Saint-Germain | Plans,,Le projet de construction du Théâtre de l'Odéon est intégré dans un vaste plan de restructuration du quartier et de remodelage des immeubles voisins,fre,"Ville de Paris / BHVP, 4-PLA-1946",domaine public | public domain,image | document cartographique | cartographic resource | carte | map,cartes,medium,,city,medenine,https://bibliotheques-specialisees.paris.fr/ark:/73873/pf0001993673,,Bibliothèques spécialisées de la Ville de Paris,https://bibliotheques-specialisees.paris.fr/in/rest/Thumb/image?id=p::usmarcdef_0001993673&amp;mat=Map,,,
oai:bibliotheques-specialisees.paris.fr:ark:/73873/pf0000857406,"[Plan montrant le prolongement du boulevard Saint-Germain, l'alignement de la rue de l'Ecole de Médecine, et le projet d'ouverture de la rue Danton. Plan parcellaire] : [Vers 1879]",,,,,,,[éditeur inconnu],,Echelle 1 : 500 | 1 plan : noir et coul. ; 1065 x 575 mm,,Expropriation -- Paris (France) -- XIXe siècle | Paris (France) -- Arrondissement (06e) | Paris (France) -- Boulevard Saint-Germain | Plans,,,fre,"Ville de Paris / BHVP, EXPROPRIATION 227",domaine public | public domain,image | document cartographique | cartographic resource | carte | map,cartes,medium,,city,medenine,https://bibliotheques-specialisees.paris.fr/ark:/73873/pf0000857406,,Bibliothèques spécialisées de la Ville de Paris,https://bibliotheques-specialisees.paris.fr/in/rest/Thumb/image?id=p::usmarcdef_0000857406&amp;mat=Map,,,
oai:bibliotheques-specialisees.paris.fr:ark:/73873/pf0001993543,[Projet de lotissement du quartier de l'Odéon],,,,,,"Wailly, Charles de (1729-1798) | Peyre, Marie-Joseph (1730-1785)","[Lieu de publication inconnu], [178?]",,"[1:339] | 1 plan : Plume, lavis et crayon ; 98 x 62 cm",,Odéon-Théâtre de l'Europe (Paris) | Ecole de médecine de Paris -- XVIIIe siècle | Urbanisme -- Paris (France) -- XVIIIe siècle | Paris (France) -- Palais du Luxembourg | Paris (France) -- Arrondissement (06e) | Paris (France) -- Rue de Vaugirard | Paris (France) -- Rue des Cordeliers | Paris (France) -- Rue de l'Observance | Paris (France) -- Rue de Touraine | Paris (France) -- Rue de la Comédie | Paris (France) -- Rue des Quatre Vents | Paris (France) -- Rue du Petit Lion | Paris (France) -- Rue de Condé | Paris (France) -- Rue des Fossés de Mr Le Prince | Paris (France) -- Place de la Comédie | Paris (France) -- Rue de l'École-de-Médecine | Paris (France) -- Rue Antoine Dubois | Paris (France) -- Rue Dupuytren | Paris (France) -- Rue de l'Odéon | Paris (France) -- Rue Monsieur-le-Prince | Paris (France) -- Rue Racine | Paris (France) -- Rue de Voltaire | Paris (France) -- Rue Crebillon | Paris (France) -- Rue Regnard | Paris (France) -- Rue Corneille | Paris (France) -- Rue Rotrou | Paris (France) -- Rue Casimir Delavigne | Paris (France) -- Rue de Molière | Plans,,Le projet de construction du Théâtre de l'Odéon est intégré dans un vaste plan de restructuration du quartier et de remodelage des immeubles voisins,fre,"Ville de Paris / BHVP, 4-PLA-1947",domaine public | public domain,image | document cartographique | cartographic resource | carte | map,cartes,medium,,city,medenine,https://bibliotheques-specialisees.paris.fr/ark:/73873/pf0001993543,,Bibliothèques spécialisées de la Ville de Paris,https://bibliotheques-specialisees.paris.fr/in/rest/Thumb/image?id=p::usmarcdef_0001993543&amp;mat=Map,,,
oai:bibliotheques-specialisees.paris.fr:ark:/73873/pf0000857407,Agrandissement de l'Ecole pratique de la Faculté de Médecine. Plan parcellaire : 1882-1883,,,,,,,[éditeur inconnu],,Echelle 1 : 500 | 1 plan : noir et coul. ; 1050 x 740 mm,,Faculté de médecine (Paris ; 1808-1896) | Expropriation -- Paris (France) -- XIXe siècle | Paris (France) -- Arrondissement (06e) | Plans cadastraux | Plans,,"Plan sur l'agrandissement de l'Ecole pratique de la Faculté de médecine entre 1882 et 1883. Arrondissement (06e), 22e quartier",fre,"Ville de Paris / BHVP, EXPROPRIATION 228",domaine public | public domain,image | document cartographique | cartographic resource | carte | map,cartes,medium,,city,medenine,https://bibliotheques-specialisees.paris.fr/ark:/73873/pf0000857407,,Bibliothèques spécialisées de la Ville de Paris,https://bibliotheques-specialisees.paris.fr/in/rest/Thumb/image?id=p::usmarcdef_0000857407&amp;mat=Map,,,
oai:u-bordeaux-montaigne.fr:494017,Algérie et Tunisie,,,,,,,,,,,,Afrique : Tunisie,,,,,1886:Carte,cartes,high,tunis,country,tunisia | tunisie,https://1886.u-bordeaux-montaigne.fr/s/1886/item/494017,,1886 - Collections patrimoniales numérisées de Bordeaux 3,https://1886.u-bordeaux-montaigne.fr/files/medium/fa01d8d50b038d23a9c8bfe154c5f98d4ce42efa.jpg,,,
btv1b105803532,Carte archéologique et topographique des Ruines de Carthage. Echelle 1 / 5.000 / Bordy,,,,,,Bordy. Fonction indéterminée,,,3 feuilles in-f°. en couleur,3,Carthage (Tunisie) -- Cartes | Tunisie | Carthage,,Appartient à l’ensemble documentaire : PrnS001,Sans contenu linguistique,"Bibliothèque patrimoniale de Pau, 220152",domaine public | public domain,image fixe | image | still image,cartes,high,tunis,city | country,carthage | tunisia | tunisie,https://gallica.bnf.fr/ark:/12148/btv1b105803532,https://gallica.bnf.fr/iiif/ark:/12148/btv1b105803532/manifest.json,Gallica,https://gallica.bnf.fr/ark:/12148/btv1b105803532.thumbnail,http://catalogue.bnf.fr/ark:/12148/cb44933098g,,IFN-10580353
oai:bibliotheques-specialisees.paris.fr:ark:/73873/pf0000855787,Carte du département de la Seine. 6 zones du service médical,,,,,,,gravé chez L. Wuhrer,,Echelle 1 : 50 000 | 1 carte : en coul. ; 685 x 550 mm,,Médecine -- Paris (France) | Médecine -- Seine (France) | Cartes,,"En bas à gauche et à droite : tableau des zones, des médecins, titulaires et adjoints, de leurs domiciles, des bureaux de consultations, et des métros, omnibus et tramways les desservant",fre,"Ville de Paris / BHVP, G 387",domaine public | public domain,image | document cartographique | cartographic resource | carte | map,cartes,medium,,city,medenine,https://bibliotheques-specialisees.paris.fr/ark:/73873/pf0000855787,,Bibliothèques spécialisées de la Ville de Paris,https://bibliotheques-specialisees.paris.fr/in/rest/Thumb/image?id=p::usmarcdef_0000855787&amp;mat=Map,,,
oai:bibliotheques-specialisees.paris.fr:ark:/73873/pf0000855476,"Conduite principale de l'école de Médecine. Conduites secondaires et bornes fontaines dans la 1ère inspection, année 1834",,,,,,,[éditeur inconnu],,Echelle 1 : 1 600 | 1 plan : ms à la plume et lavis ; 410 x 420 mm,,Ecole de médecine de Paris -- XIXe siècle | Eau -- Paris (France) -- XIXe siècle | Fontaines -- Paris (France) -- XIXe siècle | Paris (France) -- Arrondissement (06e) -- XIXe siècle | Paris (France) -- Quartier de la Monnaie -- XIXe siècle | Paris (France) -- Île de la Cité -- XIXe siècle | Plans,,Sixième arrondissement en 1834,fre,"Ville de Paris / BHVP, G 86",domaine public | public domain,image | document cartographique | cartographic resource | carte | map,cartes,medium,,city,medenine,https://bibliotheques-specialisees.paris.fr/ark:/73873/pf0000855476,,Bibliothèques spécialisées de la Ville de Paris,https://bibliotheques-specialisees.paris.fr/in/rest/Thumb/image?id=p::usmarcdef_0000855476&amp;mat=Map,,,
oai:bibliotheques-specialisees.paris.fr:ark:/73873/pf0000855788,Division de la Ville de Paris en circonscriptions de dispensaires anti-tuberculeux. Nombre des habitants par arrondissement et circonscription : [Vers 1914 ?],,,,,,,gravé chez L. Wuhrer,,Echelle 1 : 25 000 | 1 plan ; 570 x 405 mm,,Population -- Paris (France) -- XXe siècle | Médecine -- Paris (France) -- XXe siècle | Tuberculose -- Paris (France) -- XXe siècle | Population -- Paris (France) -- 1914-1918 | Plans,,,fre,"Ville de Paris / BHVP, G 388",domaine public | public domain,image | document cartographique | cartographic resource | carte | map,cartes,medium,,city,medenine,https://bibliotheques-specialisees.paris.fr/ark:/73873/pf0000855788,,Bibliothèques spécialisées de la Ville de Paris,https://bibliotheques-specialisees.paris.fr/in/rest/Thumb/image?id=p::usmarcdef_0000855788&amp;mat=Map,,,
oai:bibliotheques-specialisees.paris.fr:ark:/73873/pf0000857408,Ecole de médecine. Formation du périmètre. Plan parcellaire : [Vers 1878],,,,,,,[éditeur inconnu],,Echelle 1 : 500 | 1 plan : noir et coul. ; 1055 x 365 mm,,Ecole de médecine de Paris -- XIXe siècle | Expropriation -- Paris (France) -- XIXe siècle | Paris (France) -- Arrondissement (06e) -- XIXe siècle | Paris (France) -- Quartier de l'Odéon -- XIXe siècle | Plans cadastraux,,Ecole de Médecine vers 1878 | A gauche : tableau indicatif des propriétés à exproprier,fre,"Ville de Paris / BHVP, EXPROPRIATION 229",domaine public | public domain,image | document cartographique | cartographic resource | carte | map,cartes,medium,,city,medenine,https://bibliotheques-specialisees.paris.fr/ark:/73873/pf0000857408,,Bibliothèques spécialisées de la Ville de Paris,https://bibliotheques-specialisees.paris.fr/in/rest/Thumb/image?id=p::usmarcdef_0000857408&amp;mat=Map,,,
oai:bibliotheques-specialisees.paris.fr:ark:/73873/pf0000857405,Ecole Pratique de la faculté de Médecine. Formation du périmètre. Plan parcellaire : [Vers 1878],,,,,,,[éditeur inconnu],,Echelle 1 : 500 | 1 plan : noir et coul. ; 955 x 530 mm,,Faculté de médecine (Paris ; 1808-1896) | Expropriation -- Paris (France) -- XIXe siècle | Paris (France) -- Arrondissement (06e) -- XIXe siècle | Paris (France) -- Quartier de l'Odéon -- XIXe siècle | Plans cadastraux,,Ecole pratique de la Faculté de Médecine vers 1878 | A gauche : tableau indicatif des propriétés à exproprier,fre,"Ville de Paris / BHVP, EXPROPRIATION 226",domaine public | public domain,image | document cartographique | cartographic resource | carte | map,cartes,medium,,city,medenine,https://bibliotheques-specialisees.paris.fr/ark:/73873/pf0000857405,,Bibliothèques spécialisées de la Ville de Paris,https://bibliotheques-specialisees.paris.fr/in/rest/Thumb/image?id=p::usmarcdef_0000857405&amp;mat=Map,,,
oai:bibliotheques-specialisees.paris.fr:ark:/73873/pf0000857382,Expropriations complémentaires du boulevard [Saint-Michel] 5e arrondt. [Espace compris à l'angle du quai St-Michel]. Expropriations complémentaires du boulevard [Saint-Michel] 6e arrondt. [partie comprise entre les rues Pierre-Sarrazin et de l'Ecole de Médecine.] Plans parcellaires : 1855,,,,,,,imp. Janson,,Echelle 1 : 500 | 1 plan : noir et coul. ; 600 x 505 mm,,Expropriation -- Paris (France) -- XIXe siècle | Paris (France) -- Quartier de la Monnaie -- XIXe siècle | Paris (France) -- Boulevard Saint-Michel -- XIXe siècle | Paris (France) -- Quartier de la Sorbonne -- XIXe siècle | Plans cadastraux,,"Plan établi en 1855, à l'époque où Georges Eugène Haussmann était préfet de la Seine depuis deux ans et dirigeait les transformations de Paris (Second Empire). A gauche et à droite : tableaux indicatifs des propriétés à exproprier",fre,"Ville de Paris / BHVP, EXPROPRIATION 203",domaine public | public domain,image | document cartographique | cartographic resource | carte | map,cartes,medium,,city,medenine,https://bibliotheques-specialisees.paris.fr/ark:/73873/pf0000857382,,Bibliothèques spécialisées de la Ville de Paris,https://bibliotheques-specialisees.paris.fr/in/rest/Thumb/image?id=p::usmarcdef_0000857382&amp;mat=Map,,,
btv1b8441527v,"Plan de la côte et seches de Barbarie, depuis Zerbi jusques à Susa, corrigée par les latitudes observées sur les lieux...",,,,,1...,,[s.n.],,1 flle : ms. ; 47 x 32 cm,1,Tunisie -- Côtes,,,fre,"Bibliothèque nationale de France, département Cartes et plans, GE D-2687",domaine public | public domain,manuscript cartographic resource | document cartographique manuscrit | map | carte | image fixe | image | still image,cartes,high,tunis,country,tunisia | tunisie,https://gallica.bnf.fr/ark:/12148/btv1b8441527v,https://gallica.bnf.fr/iiif/ark:/12148/btv1b8441527v/manifest.json,Gallica,https://gallica.bnf.fr/ark:/12148/btv1b8441527v.thumbnail,http://catalogue.bnf.fr/ark:/12148/cb407280528,,IFN-8441527
oai:bibliotheques-specialisees.paris.fr:ark:/73873/pf0001993075,Plan général de la nouvelle salle de Comédie française sur le terrein de l'ancien Hôtel de Condé avec les terreins qui l'environnent,,,,,,"Wailly, Charles de (1729-1798) | Peyre, Marie-Joseph (1730-1785)","[Lieu de publication inconnu], [177?]",,"[Echelle non déterminable] | 1 plan : Plume, lavis et crayon ; 73 x 45 cm",,Odéon-Théâtre de l'Europe (Paris) | Ecole de médecine de Paris -- XVIIIe siècle | Urbanisme -- Paris (France) -- XVIIIe siècle | Paris (France) -- Palais du Luxembourg | Paris (France) -- Arrondissement (06e) | Paris (France) -- Rue de Vaugirard | Paris (France) -- Rue des Cordeliers | Paris (France) -- Rue de l'Observance | Paris (France) -- Rue de Touraine | Paris (France) -- Rue de la Comédie | Paris (France) -- Rue des Quatre Vents | Paris (France) -- Rue du Petit Lion | Paris (France) -- Rue de Condé | Paris (France) -- Rue de Tournon | Paris (France) -- Rue des Fossés de Mr Le Prince | Paris (France) -- Place de la Comédie | Paris (France) -- Rue de l'École-de-Médecine | Paris (France) -- Rue des Francs Bourgeois Saint-Michel | Paris (France) -- Rue Antoine Dubois | Paris (France) -- Rue Dupuytren | Paris (France) -- Rue de l'Odéon | Paris (France) -- Rue Saint-Sulpice | Paris (France) -- Carrefour de l'Odéon | Paris (France) -- Rue Monsieur-le-Prince | Paris (France) -- Rue des Boucheries Saint-Germain | Plans,,Le projet de construction du Théâtre de l'Odéon est intégré dans un vaste plan de restructuration du quartier et de remodelage des immeubles voisins,fre,"Ville de Paris / BHVP, 2-PLA-0208",domaine public | public domain,image | document cartographique | cartographic resource | carte | map,cartes,medium,,city,medenine,https://bibliotheques-specialisees.paris.fr/ark:/73873/pf0001993075,,Bibliothèques spécialisées de la Ville de Paris,https://bibliotheques-specialisees.paris.fr/in/rest/Thumb/image?id=p::usmarcdef_0001993075&amp;mat=Map,,,
oai:bibliotheques-specialisees.paris.fr:ark:/73873/pf0001993081,Plan général de la nouvelle salle de Comédie françoise sur l'ancien terrein de l'hotel de Condé avec les terreins qui l'environnent,,,,,,"Wailly, Charles de (1729-1798) | Peyre, Marie-Joseph (1730-1785)","[Lieu de publication inconnu], [date de publication inconnue]",,"[Echelle non déterminable] | 1 plan : Plume, lavis et crayon ; 73 x 72 cm",,Odéon-Théâtre de l'Europe (Paris) | Ecole de médecine de Paris -- XVIIIe siècle | Grand Couvent des Cordeliers de Paris | Urbanisme -- Paris (France) -- XVIIIe siècle | Paris (France) -- Palais du Luxembourg | Paris (France) -- Arrondissement (06e) | Paris (France) -- Rue de Vaugirard | Paris (France) -- Rue des Cordeliers | Paris (France) -- Rue de l'Observance | Paris (France) -- Rue de Touraine | Paris (France) -- Rue de la Comédie | Paris (France) -- Rue des Quatre Vents | Paris (France) -- Rue du Petit Lion | Paris (France) -- Rue de Condé | Paris (France) -- Rue de Tournon | Paris (France) -- Rue des Fossés de Mr Le Prince | Paris (France) -- Place de la Comédie | Paris (France) -- Rue de l'École-de-Médecine | Paris (France) -- Rue des Francs Bourgeois Saint-Michel | Paris (France) -- Rue Antoine Dubois | Paris (France) -- Rue Dupuytren | Paris (France) -- Rue de l'Odéon | Paris (France) -- Rue Saint-Sulpice | Paris (France) -- Carrefour de l'Odéon | Paris (France) -- Rue Monsieur-le-Prince | Paris (France) -- Rue des Boucheries Saint-Germain | Paris (France) -- Rue du Paon Saint-André | Paris (France) -- Cul-de-sac du Paon | Paris (France) -- Place Saint-Michel | Paris (France) -- Rue de la Harpe | Paris (France) -- Place Saint-Côme | Plans,,Le projet de construction du Théâtre de l'Odéon est intégré dans un vaste plan de restructuration du quartier et de remodelage des immeubles voisins,fre,"Ville de Paris / BHVP, 2-PLA-0206",domaine public | public domain,image | document cartographique | cartographic resource | carte | map,cartes,medium,,city,medenine,https://bibliotheques-specialisees.paris.fr/ark:/73873/pf0001993081,,Bibliothèques spécialisées de la Ville de Paris,https://bibliotheques-specialisees.paris.fr/in/rest/Thumb/image?id=p::usmarcdef_0001993081&amp;mat=Map,,,
oai:bibliotheques-specialisees.paris.fr:ark:/73873/pf0001993092,Plan général de la nouvelle salle de Comédie françoise sur le terrein de l'ancien hotel de Condé avec les terreins qui l'environnent,,,,,,"Wailly, Charles de (1729-1798) | Peyre, Marie-Joseph (1730-1785)","[Lieu de publication inconnu], [date de publication inconnue]",,"[Echelle non déterminable] | 1 plan : Plume, lavis et crayon ; 74 x 67 cm",,Odéon-Théâtre de l'Europe (Paris) | Ecole de médecine de Paris -- XVIIIe siècle | Grand Couvent des Cordeliers de Paris | Urbanisme -- Paris (France) -- XVIIIe siècle | Paris (France) -- Palais du Luxembourg | Paris (France) -- Arrondissement (06e) | Paris (France) -- Rue de Vaugirard | Paris (France) -- Rue des Cordeliers | Paris (France) -- Rue de l'Observance | Paris (France) -- Rue de Touraine | Paris (France) -- Rue de la Comédie | Paris (France) -- Rue des Quatre Vents | Paris (France) -- Rue du Petit Lion | Paris (France) -- Rue de Condé | Paris (France) -- Rue de Tournon | Paris (France) -- Rue des Fossés de Mr Le Prince | Paris (France) -- Place de la Comédie | Paris (France) -- Rue de l'École-de-Médecine | Paris (France) -- Rue Antoine Dubois | Paris (France) -- Rue Dupuytren | Paris (France) -- Rue de l'Odéon | Paris (France) -- Rue Monsieur-le-Prince | Paris (France) -- Cul-de-sac du Paon | Paris (France) -- Place Saint-Michel | Paris (France) -- Rue de la Harpe | Paris (France) -- Place Saint-Côme | Paris (France) -- Rue Racine | Paris (France) -- Rue de Voltaire | Paris (France) -- Rue Crebillon | Paris (France) -- Rue Regnard | Paris (France) -- Rue Corneille | Paris (France) -- Rue Rotrou | Paris (France) -- Rue Casimir Delavigne | Paris (France) -- Rue de Molière | Plans,,Le projet de construction du Théâtre de l'Odéon est intégré dans un vaste plan de restructuration du quartier et de remodelage des immeubles voisins,fre,"Ville de Paris / BHVP, 2-PLA-0207",domaine public | public domain,image | document cartographique | cartographic resource | carte | map,cartes,medium,,city,medenine,https://bibliotheques-specialisees.paris.fr/ark:/73873/pf0001993092,,Bibliothèques spécialisées de la Ville de Paris,https://bibliotheques-specialisees.paris.fr/in/rest/Thumb/image?id=p::usmarcdef_0001993092&amp;mat=Map,,,
oai:bibliotheques-specialisees.paris.fr:ark:/73873/pf0001993044,Plan général de la nouvelle salle de Comédie françoise sur le terrein de l'ancien Hôtel de Condé et des rues qui y aboutiront,,,,,,"Wailly, Charles de (1729-1798) | Peyre, Marie-Joseph (1730-1785)","[Lieu de publication inconnu], [177?]",,"[Echelle non déterminable] | 1 plan : Plume, lavis et crayon ; 62 x 38 cm",,Odéon-Théâtre de l'Europe (Paris) | Urbanisme -- Paris (France) -- XVIIIe siècle | Paris (France) -- Palais du Luxembourg | Paris (France) -- Arrondissement (06e) | Paris (France) -- Rue de Vaugirard | Paris (France) -- Rue des Cordeliers | Paris (France) -- Rue de l'Observance | Paris (France) -- Rue de Touraine | Paris (France) -- Rue de la Comédie | Paris (France) -- Rue des Quatre Vents | Paris (France) -- Rue du Petit Lion | Paris (France) -- Rue de Condé | Paris (France) -- Rue de Tournon | Paris (France) -- Rue des Fossés de Mr Le Prince | Paris (France) -- Place de la Comédie | Paris (France) -- Rue de l'École-de-Médecine | Paris (France) -- Rue des Francs Bourgeois Saint-Michel | Paris (France) -- Rue Antoine Dubois | Paris (France) -- Rue Dupuytren | Paris (France) -- Rue de l'Odéon | Paris (France) -- Rue Saint-Sulpice | Paris (France) -- Carrefour de l'Odéon | Paris (France) -- Rue Monsieur-le-Prince | Plans,,"Le projet de construction du Théâtre de l'Odéon est intégré dans un vaste plan de restructuration du quartier et de remodelage des immeubles voisins | En note : ""Les terreins lavés en rouge appartiennent à Mr le Prince de Condé. Ceux lavés en jaune appartiennent à différents particuliers""",fre,"Ville de Paris / BHVP, 4-PLA-1948",domaine public | public domain,image | document cartographique | cartographic resource | carte | map,cartes,medium,,city,medenine,https://bibliotheques-specialisees.paris.fr/ark:/73873/pf0001993044,,Bibliothèques spécialisées de la Ville de Paris,https://bibliotheques-specialisees.paris.fr/in/rest/Thumb/image?id=p::usmarcdef_0001993044&amp;mat=Map,,,
oai:bibliotheques-specialisees.paris.fr:ark:/73873/pf0001954207,Tunisie au 500 000|e],,,,,,,Service Géographique de l'armée,,"1:500 000 | 1 carte : en couleur ; 76 x 106 cm, pliée 26 x 13 cm",,Tourisme -- Tunisie | Cartes touristiques,,,fre,"Ville de Paris / BTV, CA 51",domaine public | public domain,image | document cartographique | cartographic resource | carte | map,cartes,high,tunis,country,tunisia | tunisie,https://bibliotheques-specialisees.paris.fr/ark:/73873/pf0001954207,,Bibliothèques spécialisées de la Ville de Paris,https://bibliotheques-specialisees.paris.fr/in/rest/Thumb/image?id=p::usmarcdef_0001954207&amp;mat=Map,,,
oai:bibliotheques-specialisees.paris.fr:ark:/73873/pf0001954215,Tunisie au 500 000|e] : Feuille 2,,,,,,Service Géographique de l'armées,Service Géographique de l'armée,,"1:500 000 | 1 carte : en couleur ; 76 x 105 cm, pliée 26 x 13 cm",,Tourisme -- Tunisie | Cartes,,,fre,"Ville de Paris / BTV, CA 52",domaine public | public domain,image | document cartographique | cartographic resource | carte | map,cartes,high,tunis,country,tunisia | tunisie,https://bibliotheques-specialisees.paris.fr/ark:/73873/pf0001954215,,Bibliothèques spécialisées de la Ville de Paris,https://bibliotheques-specialisees.paris.fr/in/rest/Thumb/image?id=p::usmarcdef_0001954215&amp;mat=Map,,,
