adm4_pcode,imada,delegation,gouvernorat,area_sqkm,tribe_1853_pellissier,km_1853,tribe_1881_lasailly,km_1881,tribe_1881_martel,km_martel,tribe_pooled,source_pooled,km_pooled,runner_up,runner_up_km,sources_naming,sources_agreeing
TN125152,Ariana Superieur,Ariana Médina,Ariana,6.2,Ouled Khiar,35.8,Trabelsi,32.1,Riah,38.7,Trabelsi,1881 Lasailly,32.1,Ouled Khiar,35.8,3,1
TN125154,El Menzah V,Ariana Médina,Ariana,1.35,Ouled Khiar,33.5,Trabelsi,33.4,Riah,37.0,Trabelsi,1881 Lasailly,33.4,Ouled Khiar,33.5,3,1
TN125155,El Menzah VI,Ariana Médina,Ariana,0.84,Ouled Khiar,33.1,Trabelsi,32.3,Riah,36.3,Trabelsi,1881 Lasailly,32.3,Ouled Khiar,33.1,3,1
TN125157,El Yasmina,Ariana Médina,Ariana,1.32,Ouled Khiar,34.8,Trabelsi,34.9,Riah,38.6,Ouled Khiar,1853 Pellissier,34.8,Trabelsi,34.9,3,1
TN125158,Ennasr 1,Ariana Médina,Ariana,2.22,Ouled Khiar,34.5,Trabelsi,32.6,Riah,37.6,Trabelsi,1881 Lasailly,32.6,Ouled Khiar,34.5,3,1
TN125159,Ennasr 2,Ariana Médina,Ariana,3.89,Ouled Khiar,34.7,Trabelsi,31.1,Riah,37.4,Trabelsi,1881 Lasailly,31.1,Ouled Khiar,34.7,3,1
TN125156,Etaamir,Ariana Médina,Ariana,1.14,Ouled Khiar,36.0,Trabelsi,34.5,Riah,39.6,Trabelsi,1881 Lasailly,34.5,Ouled Khiar,36.0,3,1
TN125153,L'Ariana Ville,Ariana Médina,Ariana,0.89,Ouled Khiar,35.9,Trabelsi,33.7,Riah,39.3,Trabelsi,1881 Lasailly,33.7,Ouled Khiar,35.9,3,1
TN125151,La Nouvelle Ariana,Ariana Médina,Ariana,0.54,Ouled Khiar,34.3,Trabelsi,33.8,Riah,37.9,Trabelsi,1881 Lasailly,33.8,Ouled Khiar,34.3,3,1
TN125657,07 Novembre,Ettadhamen,Ariana,0.4,Ouled Khiar,30.1,Trabelsi,26.9,Riah,31.7,Trabelsi,1881 Lasailly,26.9,Ouled Khiar,30.1,3,1
TN125653,09 Avril,Ettadhamen,Ariana,0.68,Ouled Khiar,29.4,Trabelsi,28.2,Riah,31.5,Trabelsi,1881 Lasailly,28.2,Ouled Khiar,29.4,3,1
TN125654,18 Janvier,Ettadhamen,Ariana,0.47,Ouled Khiar,29.7,Trabelsi,27.5,Riah,31.6,Trabelsi,1881 Lasailly,27.5,Ouled Khiar,29.7,3,1
TN125655,20 Mars,Ettadhamen,Ariana,0.37,Ouled Khiar,30.4,Trabelsi,27.2,Riah,32.1,Trabelsi,1881 Lasailly,27.2,Ouled Khiar,30.4,3,1
TN125658,Abulkassem Ech-Chebbi,Ettadhamen,Ariana,0.28,Ouled Khiar,30.6,Trabelsi,27.7,Riah,32.5,Trabelsi,1881 Lasailly,27.7,Ouled Khiar,30.6,3,1
TN125651,Cite Ettadhamen,Ettadhamen,Ariana,0.45,Ouled Khiar,30.1,Trabelsi,28.4,Riah,32.2,Trabelsi,1881 Lasailly,28.4,Ouled Khiar,30.1,3,1
TN125652,Ibn Khaldoun,Ettadhamen,Ariana,0.24,Ouled Khiar,30.5,Trabelsi,28.1,Riah,32.6,Trabelsi,1881 Lasailly,28.1,Ouled Khiar,30.5,3,1
TN125659,Khaireddine Pacha,Ettadhamen,Ariana,0.21,Ouled Khiar,30.9,Trabelsi,27.2,Riah,32.7,Trabelsi,1881 Lasailly,27.2,Ouled Khiar,30.9,3,1
TN125656,Mongi Slim,Ettadhamen,Ariana,0.18,Ouled Khiar,30.6,Trabelsi,26.8,Riah,32.2,Trabelsi,1881 Lasailly,26.8,Ouled Khiar,30.6,3,1
TN125454,Bou Hanach,Kalaat El Andalous,Ariana,39.2,Ouled Khiar,44.0,Trabelsi,27.5,Riah,44.9,Trabelsi,1881 Lasailly,27.5,Makna,40.8,3,1
TN125455,El Hessiane,Kalaat El Andalous,Ariana,29.2,Ouled Khiar,48.3,Trabelsi,33.9,Riah,50.2,Trabelsi,1881 Lasailly,33.9,Makna,46.0,3,1
TN125456,Ennahli,Kalaat El Andalous,Ariana,7.96,Ouled Khiar,37.7,Trabelsi,27.6,Riah,39.2,Trabelsi,1881 Lasailly,27.6,Ouled Khiar,37.7,3,1
TN125451,Kalaat El Andalous Est,Kalaat El Andalous,Ariana,60.23,Ouled Khiar,55.7,Trabelsi,33.9,Mogod,55.0,Trabelsi,1881 Lasailly,33.9,Makna,42.2,3,1
TN125452,Kalaat El Andalous Ouest,Kalaat El Andalous,Ariana,23.35,Ouled Khiar,54.4,Trabelsi,30.2,Mogod,51.5,Trabelsi,1881 Lasailly,30.2,Makna,38.3,3,1
TN125453,Pont De Bizerte,Kalaat El Andalous,Ariana,29.42,Ouled Khiar,46.8,Trabelsi,24.7,Riah,46.6,Trabelsi,1881 Lasailly,24.7,Makna,36.4,3,1
TN125755,15 Octobre,Mnihla,Ariana,3.11,Ouled Khiar,32.2,Trabelsi,25.6,Riah,33.4,Trabelsi,1881 Lasailly,25.6,Ouled Khiar,32.2,3,1
TN125751,El Mnihla,Mnihla,Ariana,8.89,Ouled Khiar,33.6,Trabelsi,26.1,Riah,34.9,Trabelsi,1881 Lasailly,26.1,Ouled Khiar,33.6,3,1
TN125754,El-Bassatine,Mnihla,Ariana,0.95,Ouled Khiar,31.2,Trabelsi,26.8,Riah,32.8,Trabelsi,1881 Lasailly,26.8,Ouled Khiar,31.2,3,1
TN125753,En-Nasr,Mnihla,Ariana,0.57,Ouled Khiar,31.1,Trabelsi,27.9,Riah,33.0,Trabelsi,1881 Lasailly,27.9,Ouled Khiar,31.1,3,1
TN125752,Errafaha,Mnihla,Ariana,10.05,Ouled Khiar,34.1,Trabelsi,28.8,Riah,36.2,Trabelsi,1881 Lasailly,28.8,Ouled Khiar,34.1,3,1
TN125356,Bourj Ettouil,Raoued,Ariana,17.79,Ouled Khiar,40.4,Trabelsi,29.1,Riah,42.0,Trabelsi,1881 Lasailly,29.1,Ouled Khiar,40.4,3,1
TN125354,El Ghazala,Raoued,Ariana,1.22,Ouled Khiar,37.2,Trabelsi,33.0,Riah,40.2,Trabelsi,1881 Lasailly,33.0,Ouled Khiar,37.2,3,1
TN125353,El Medina El Fadhila,Raoued,Ariana,6.57,Ouled Khiar,38.3,Trabelsi,31.5,Riah,40.8,Trabelsi,1881 Lasailly,31.5,Ouled Khiar,38.3,3,1
TN125352,Enkhilet,Raoued,Ariana,4.05,Ouled Khiar,38.8,Trabelsi,34.4,Riah,42.0,Trabelsi,1881 Lasailly,34.4,Ouled Khiar,38.8,3,1
TN125351,Jaafer,Raoued,Ariana,2.48,Ouled Khiar,40.8,Trabelsi,33.1,Riah,43.5,Trabelsi,1881 Lasailly,33.1,Ouled Khiar,40.8,3,1
TN125355,Raoued,Raoued,Ariana,14.44,Ouled Khiar,46.0,Trabelsi,35.5,Riah,48.6,Trabelsi,1881 Lasailly,35.5,Ouled Khiar,46.0,3,1
TN125357,Sidi Amor Bou Khtioua,Raoued,Ariana,9.65,Ouled Khiar,43.0,Trabelsi,32.3,Riah,45.2,Trabelsi,1881 Lasailly,32.3,Ouled Khiar,43.0,3,1
TN125552,Bejaoua,Sidi Thabet,Ariana,13.46,Ouled Khiar,32.5,Trabelsi,18.8,Riah,31.4,Trabelsi,1881 Lasailly,18.8,Riah,31.4,3,1
TN125554,Cebalet Ben Ammar,Sidi Thabet,Ariana,20.21,Ouled Khiar,38.2,Trabelsi,25.3,Riah,39.1,Trabelsi,1881 Lasailly,25.3,Ouled Khiar,38.2,3,1
TN125555,Chorfech,Sidi Thabet,Ariana,33.25,Ouled Khiar,42.0,Trabelsi,21.2,Riah,41.5,Trabelsi,1881 Lasailly,21.2,Makna,35.4,3,1
TN125553,Mongi Slim,Sidi Thabet,Ariana,16.79,Ouled Khiar,36.1,Trabelsi,18.9,Riah,35.1,Trabelsi,1881 Lasailly,18.9,Riah,35.1,3,1
TN125551,Sidi Thabet,Sidi Thabet,Ariana,13.43,Ouled Khiar,36.9,Trabelsi,21.8,Riah,36.8,Trabelsi,1881 Lasailly,21.8,Riah,36.8,3,1
TN125255,Borj El Ouzir,Soukra,Ariana,3.01,Ouled Khiar,36.1,Trabelsi,36.1,Riah,40.1,Ouled Khiar,1853 Pellissier,36.1,Trabelsi,36.1,3,1
TN125254,Chotrana,Soukra,Ariana,6.68,Ouled Khiar,39.9,Trabelsi,36.6,Riah,43.6,Trabelsi,1881 Lasailly,36.6,Ouled Khiar,39.9,3,1
TN125252,Dar Fadhal,Soukra,Ariana,2.38,Ouled Khiar,38.0,Trabelsi,39.0,Riah,42.6,Ouled Khiar,1853 Pellissier,38.0,Trabelsi,39.0,3,1
TN125253,El Bessatine,Soukra,Ariana,3.1,Ouled Khiar,38.5,Trabelsi,37.8,Riah,42.7,Trabelsi,1881 Lasailly,37.8,Ouled Khiar,38.5,3,1
TN125256,Ennasim,Soukra,Ariana,2.71,Ouled Khiar,37.1,Trabelsi,34.5,Riah,40.5,Trabelsi,1881 Lasailly,34.5,Ouled Khiar,37.1,3,1
TN125257,Ettaamir,Soukra,Ariana,2.01,Ouled Khiar,37.5,Trabelsi,36.0,Riah,41.3,Trabelsi,1881 Lasailly,36.0,Ouled Khiar,37.5,3,1
TN125251,Soukra,Soukra,Ariana,8.43,Ouled Khiar,39.8,Trabelsi,40.3,Riah,44.4,Ouled Khiar,1853 Pellissier,39.8,Trabelsi,40.3,3,1
TN135151,Ben Arous Est,Ben Arous,Ben Arous,0.62,Ouled Khiar,27.3,Trabelsi,41.0,Riah,33.6,Ouled Khiar,1853 Pellissier,27.3,Riah,33.6,3,1
TN135154,Ben Arous Ouest,Ben Arous,Ben Arous,1.08,Ouled Khiar,26.0,Trabelsi,41.0,Riah,32.4,Ouled Khiar,1853 Pellissier,26.0,Riah,32.4,3,1
TN135156,Cite El Iskane,Ben Arous,Ben Arous,1.19,Ouled Khiar,25.6,Trabelsi,42.0,Riah,32.4,Ouled Khiar,1853 Pellissier,25.6,Riah,32.4,3,1
TN135152,Cite Ibn Arafa,Ben Arous,Ben Arous,0.36,Ouled Khiar,27.5,Trabelsi,40.7,Riah,33.7,Ouled Khiar,1853 Pellissier,27.5,Riah,33.7,3,1
TN135153,El Mehiri,Ben Arous,Ben Arous,2.41,Ouled Khiar,27.5,Trabelsi,42.2,Riah,34.1,Ouled Khiar,1853 Pellissier,27.5,Riah,34.1,3,1
TN135155,Sidi Ben Arous,Ben Arous,Ben Arous,0.81,Ouled Khiar,26.5,Trabelsi,40.6,Riah,32.8,Ouled Khiar,1853 Pellissier,26.5,Riah,32.8,3,1
TN135651,Bou Mhel,Boumhel,Ben Arous,4.4,Ouled Khiar,30.2,Ouled Saïd,45.6,Riah,38.5,Ouled Khiar,1853 Pellissier,30.2,Riah,38.5,3,1
TN135653,Chela,Boumhel,Ben Arous,5.59,Ouled Khiar,28.6,Ouled Saïd,44.8,Riah,37.1,Ouled Khiar,1853 Pellissier,28.6,Riah,37.1,3,1
TN135652,El Bassatine,Boumhel,Ben Arous,5.11,Ouled Khiar,29.7,Ouled Saïd,47.4,Riah,37.6,Ouled Khiar,1853 Pellissier,29.7,Riah,37.6,3,1
TN135654,El Bassatine El Gharbya,Boumhel,Ben Arous,5.07,Ouled Khiar,27.8,Trabelsi,46.1,Riah,35.5,Ouled Khiar,1853 Pellissier,27.8,Riah,35.5,3,1
TN135355,Bir Kassaa,El Mourouj,Ben Arous,0.88,Ouled Khiar,24.9,Trabelsi,40.9,Riah,31.5,Ouled Khiar,1853 Pellissier,24.9,Riah,31.5,3,1
TN135351,El Mourouj (1),El Mourouj,Ben Arous,1.63,Ouled Khiar,23.5,Trabelsi,40.4,Riah,30.0,Ouled Khiar,1853 Pellissier,23.5,Riah,30.0,3,1
TN135352,El Mourouj (3),El Mourouj,Ben Arous,2.87,Ouled Khiar,23.8,Trabelsi,41.4,Riah,30.7,Ouled Khiar,1853 Pellissier,23.8,Riah,30.7,3,1
TN135353,El Mourouj (4),El Mourouj,Ben Arous,1.12,Ouled Khiar,22.7,Trabelsi,41.6,Riah,29.7,Ouled Khiar,1853 Pellissier,22.7,Riah,29.7,3,1
TN135354,El Mourouj (5),El Mourouj,Ben Arous,5.11,Ouled Khiar,22.5,Trabelsi,43.2,Riah,30.1,Ouled Khiar,1853 Pellissier,22.5,Riah,30.1,3,1
TN135356,Farhat Hached,El Mourouj,Ben Arous,4.39,Ouled Khiar,24.8,Trabelsi,43.4,Riah,32.1,Ouled Khiar,1853 Pellissier,24.8,Riah,32.1,3,1
TN135753,18 Janvier,Ezzahra,Ben Arous,0.86,Ouled Khiar,31.4,Trabelsi,47.9,Riah,39.0,Ouled Khiar,1853 Pellissier,31.4,Riah,39.0,3,1
TN135754,Borj El Louzir,Ezzahra,Ben Arous,2.58,Ouled Khiar,30.5,Trabelsi,46.8,Riah,38.0,Ouled Khiar,1853 Pellissier,30.5,Riah,38.0,3,1
TN135752,Cite El Habib,Ezzahra,Ben Arous,1.43,Ouled Khiar,31.6,Ouled Saïd,48.4,Riah,39.5,Ouled Khiar,1853 Pellissier,31.6,Riah,39.5,3,1
TN135751,Ez-Zahra Ville,Ezzahra,Ben Arous,2.13,Ouled Khiar,32.2,Trabelsi,48.4,Riah,39.8,Ouled Khiar,1853 Pellissier,32.2,Riah,39.8,3,1
TN136156,Chebeda,Fouchana,Ben Arous,8.3,Ouled Khiar,20.6,Ouled Saïd,43.4,Riah,29.0,Ouled Khiar,1853 Pellissier,20.6,Riah,29.0,3,1
TN136152,Cite El Mostakbel,Fouchana,Ben Arous,1.27,Ouled Khiar,18.2,Trabelsi,39.5,Riah,24.9,Ouled Khiar,1853 Pellissier,18.2,Riah,24.9,3,1
TN136157,Douar Elhouch,Fouchana,Ben Arous,3.05,Ouled Khiar,21.8,Ouled Saïd,44.3,Riah,30.1,Ouled Khiar,1853 Pellissier,21.8,Riah,30.1,3,1
TN136153,El Hidhab,Fouchana,Ben Arous,8.98,Ouled Khiar,20.1,Trabelsi,40.6,Riah,27.1,Ouled Khiar,1853 Pellissier,20.1,Riah,27.1,3,1
TN136154,El Mghira,Fouchana,Ben Arous,8.51,Ouled Khiar,20.3,Trabelsi,37.7,Riah,26.1,Ouled Khiar,1853 Pellissier,20.3,Riah,26.1,3,1
TN136151,Fouchana,Fouchana,Ben Arous,4.93,Ouled Khiar,18.9,Trabelsi,40.6,Riah,26.0,Ouled Khiar,1853 Pellissier,18.9,Riah,26.0,3,1
TN136155,Naassen,Fouchana,Ben Arous,3.77,Ouled Khiar,23.4,Trabelsi,45.2,Riah,31.3,Ouled Khiar,1853 Pellissier,23.4,Riah,31.3,3,1
TN135551,Bir El Bey,Hammam Chott,Ben Arous,6.2,Ouled Khiar,34.3,Ouled Saïd,43.8,Riah,43.2,Ouled Khiar,1853 Pellissier,34.3,Riah,43.2,3,1
TN135552,Borj Cedria,Hammam Chott,Ben Arous,18.91,Ouled Khiar,34.2,Ouled Saïd,41.3,Riah,43.6,Ouled Khiar,1853 Pellissier,34.2,Ouled Saïd,41.3,3,1
TN135553,Hammem Chatt,Hammam Chott,Ben Arous,1.6,Ouled Khiar,34.6,Ouled Saïd,45.3,Riah,43.3,Ouled Khiar,1853 Pellissier,34.6,Riah,43.3,3,1
TN135456,Cite Mohamed Ali,Hammam Lif,Ben Arous,7.06,Ouled Khiar,32.0,Ouled Saïd,45.0,Riah,40.6,Ouled Khiar,1853 Pellissier,32.0,Riah,40.6,3,1
TN135454,Farhat Hached,Hammam Lif,Ben Arous,1.39,Ouled Khiar,31.6,Ouled Saïd,46.7,Riah,39.8,Ouled Khiar,1853 Pellissier,31.6,Riah,39.8,3,1
TN135455,Hammam Lif El Malaab,Hammam Lif,Ben Arous,0.79,Ouled Khiar,33.9,Ouled Saïd,46.3,Riah,42.4,Ouled Khiar,1853 Pellissier,33.9,Riah,42.4,3,1
TN135451,Hammam Lif Ville,Hammam Lif,Ben Arous,1.14,Ouled Khiar,32.5,Ouled Saïd,46.8,Riah,40.8,Ouled Khiar,1853 Pellissier,32.5,Riah,40.8,3,1
TN135453,Hammem Lif Bou Kornine,Hammam Lif,Ben Arous,0.65,Ouled Khiar,32.8,Ouled Saïd,47.7,Riah,40.9,Ouled Khiar,1853 Pellissier,32.8,Riah,40.9,3,1
TN135452,Hammem Lif Ville 2,Hammam Lif,Ben Arous,0.32,Ouled Khiar,33.5,Ouled Saïd,46.9,Riah,41.8,Ouled Khiar,1853 Pellissier,33.5,Riah,41.8,3,1
TN136054,Cite El Nassim,M'Hamdia,Ben Arous,9.87,Ouled Khiar,17.9,Trabelsi,42.7,Riah,25.8,Ouled Khiar,1853 Pellissier,17.9,Riah,25.8,3,1
TN136053,Cite Es-Saada,M'Hamdia,Ben Arous,10.96,Ouled Khiar,15.4,Trabelsi,42.8,Riah,23.6,Ouled Khiar,1853 Pellissier,15.4,Riah,23.6,3,1
TN136051,Mohamedia,M'Hamdia,Ben Arous,4.14,Ouled Khiar,15.7,Trabelsi,40.2,Riah,22.9,Ouled Khiar,1853 Pellissier,15.7,Riah,22.9,3,1
TN136052,Mongi Selim,M'Hamdia,Ben Arous,0.77,Ouled Khiar,17.3,Trabelsi,39.3,Riah,24.0,Ouled Khiar,1853 Pellissier,17.3,Riah,24.0,3,1
TN136055,Sidi Frej,M'Hamdia,Ben Arous,72.64,Ouled Khiar,10.2,Drid,36.5,Riah,17.3,Ouled Khiar,1853 Pellissier,10.2,Riah,17.3,3,1
TN136258,Ain Rekad,Mornag,Ben Arous,36.21,Ouled Khiar,18.2,Ouled Saïd,28.9,Riah,28.9,Ouled Khiar,1853 Pellissier,18.2,Ouled Saïd,28.9,3,1
TN136255,Djebel Ressas,Mornag,Ben Arous,31.03,Ouled Khiar,27.5,Ouled Saïd,33.2,Riah,37.7,Ouled Khiar,1853 Pellissier,27.5,Ouled Saïd,33.2,3,1
TN136259,El Gounna,Mornag,Ben Arous,23.7,Ouled Khiar,14.4,Ouled Saïd,33.7,Riah,25.0,Ouled Khiar,1853 Pellissier,14.4,Riah,25.0,3,1
TN136264,El Kessibi,Mornag,Ben Arous,37.8,Ouled Khiar,22.4,Ouled Saïd,33.5,Riah,32.7,Ouled Khiar,1853 Pellissier,22.4,Riah,32.7,3,1
TN136262,Errisala,Mornag,Ben Arous,39.82,Ouled Khiar,29.8,Ouled Saïd,39.6,Riah,39.3,Ouled Khiar,1853 Pellissier,29.8,Riah,39.3,3,1
TN136261,Essalem,Mornag,Ben Arous,26.87,Ouled Khiar,19.3,Ouled Saïd,37.4,Riah,29.1,Ouled Khiar,1853 Pellissier,19.3,Riah,29.1,3,1
TN136254,Ez-Zaouia,Mornag,Ben Arous,6.95,Ouled Khiar,26.7,Ouled Saïd,45.4,Riah,34.9,Ouled Khiar,1853 Pellissier,26.7,Riah,34.9,3,1
TN136257,Kabouti,Mornag,Ben Arous,44.82,Ouled Khiar,27.1,Ouled Saïd,28.8,Riah,37.7,Ouled Khiar,1853 Pellissier,27.1,Ouled Saïd,28.8,3,1
TN136253,Khelidia,Mornag,Ben Arous,23.41,Ouled Khiar,12.9,Ouled Saïd,41.4,Riah,22.0,Ouled Khiar,1853 Pellissier,12.9,Riah,22.0,3,1
TN136251,Mornag,Mornag,Ben Arous,10.05,Ouled Khiar,26.6,Ouled Saïd,40.7,Riah,35.8,Ouled Khiar,1853 Pellissier,26.6,Riah,35.8,3,1
TN136252,Mornag Ouest,Mornag,Ben Arous,7.05,Ouled Khiar,25.4,Ouled Saïd,40.6,Riah,34.6,Ouled Khiar,1853 Pellissier,25.4,Riah,34.6,3,1
TN136263,Oudna,Mornag,Ben Arous,31.72,Ouled Khiar,14.1,Ouled Saïd,37.6,Riah,24.2,Ouled Khiar,1853 Pellissier,14.1,Riah,24.2,3,1
TN136260,Sidi Saad,Mornag,Ben Arous,23.42,Ouled Khiar,23.1,Ouled Saïd,42.7,Riah,31.7,Ouled Khiar,1853 Pellissier,23.1,Riah,31.7,3,1
TN136256,Sidi Salem El Garsi,Mornag,Ben Arous,54.87,Ouled Khiar,26.3,Ouled Saïd,22.1,Riah,36.9,Ouled Saïd,1881 Lasailly,22.1,Ouled Khiar,26.3,3,1
TN135953,Jawhara,Mégrine,Ben Arous,1.5,Ouled Khiar,28.8,Trabelsi,39.7,Riah,34.6,Ouled Khiar,1853 Pellissier,28.8,Riah,34.6,3,1
TN135955,Megrine Chaker,Mégrine,Ben Arous,1.85,Ouled Khiar,30.1,Trabelsi,41.2,Riah,36.2,Ouled Khiar,1853 Pellissier,30.1,Riah,36.2,3,1
TN135956,Megrine Chaker (2),Mégrine,Ben Arous,0.53,Ouled Khiar,29.6,Trabelsi,40.1,Riah,35.4,Ouled Khiar,1853 Pellissier,29.6,Riah,35.4,3,1
TN135952,Megrine Riadh,Mégrine,Ben Arous,1.17,Ouled Khiar,28.3,Trabelsi,40.3,Riah,34.3,Ouled Khiar,1853 Pellissier,28.3,Riah,34.3,3,1
TN135951,Megrine Superieure,Mégrine,Ben Arous,3.3,Ouled Khiar,30.4,Trabelsi,42.5,Riah,36.8,Ouled Khiar,1853 Pellissier,30.4,Riah,36.8,3,1
TN135954,Menzel Mabrouk,Mégrine,Ben Arous,0.38,Ouled Khiar,29.3,Trabelsi,40.8,Riah,35.4,Ouled Khiar,1853 Pellissier,29.3,Riah,35.4,3,1
TN135957,Sidi Rezig,Mégrine,Ben Arous,0.45,Ouled Khiar,29.2,Trabelsi,42.7,Riah,35.8,Ouled Khiar,1853 Pellissier,29.2,Riah,35.8,3,1
TN135958,Sidi Rezig (2),Mégrine,Ben Arous,1.49,Ouled Khiar,28.5,Trabelsi,42.0,Riah,35.0,Ouled Khiar,1853 Pellissier,28.5,Riah,35.0,3,1
TN135254,El Yasminet,Nouvelle Médina,Ben Arous,3.39,Ouled Khiar,26.1,Trabelsi,43.9,Riah,33.4,Ouled Khiar,1853 Pellissier,26.1,Riah,33.4,3,1
TN135255,Errabta,Nouvelle Médina,Ben Arous,2.32,Ouled Khiar,27.2,Trabelsi,44.0,Riah,34.4,Ouled Khiar,1853 Pellissier,27.2,Riah,34.4,3,1
TN135251,La Nouvelle Medina (1),Nouvelle Médina,Ben Arous,0.41,Ouled Khiar,28.1,Trabelsi,43.2,Riah,35.0,Ouled Khiar,1853 Pellissier,28.1,Riah,35.0,3,1
TN135252,La Nouvelle Medina (2),Nouvelle Médina,Ben Arous,1.43,Ouled Khiar,28.5,Trabelsi,44.7,Riah,35.7,Ouled Khiar,1853 Pellissier,28.5,Riah,35.7,3,1
TN135253,Sidi Mosbah,Nouvelle Médina,Ben Arous,0.53,Ouled Khiar,27.0,Trabelsi,42.9,Riah,33.9,Ouled Khiar,1853 Pellissier,27.0,Riah,33.9,3,1
TN135855,Mongi Slim,Radès,Ben Arous,0.43,Ouled Khiar,31.1,Trabelsi,44.2,Riah,37.9,Ouled Khiar,1853 Pellissier,31.1,Riah,37.9,3,1
TN135858,Noubou,Radès,Ben Arous,0.42,Ouled Khiar,30.8,Trabelsi,45.6,Riah,37.9,Ouled Khiar,1853 Pellissier,30.8,Riah,37.9,3,1
TN135856,Rades Foret,Radès,Ben Arous,4.92,Ouled Khiar,29.5,Trabelsi,44.7,Riah,36.6,Ouled Khiar,1853 Pellissier,29.5,Riah,36.6,3,1
TN135857,Rades Meliane,Radès,Ben Arous,2.91,Ouled Khiar,31.9,Trabelsi,46.0,Riah,39.0,Ouled Khiar,1853 Pellissier,31.9,Riah,39.0,3,1
TN135852,Rades Mellaha,Radès,Ben Arous,6.37,Ouled Khiar,32.8,Trabelsi,43.7,Riah,39.2,Ouled Khiar,1853 Pellissier,32.8,Riah,39.2,3,1
TN135854,Rades Remada,Radès,Ben Arous,1.07,Ouled Khiar,32.0,Trabelsi,44.8,Riah,38.7,Ouled Khiar,1853 Pellissier,32.0,Riah,38.7,3,1
TN135851,Rades Ville,Radès,Ben Arous,1.59,Ouled Khiar,30.4,Trabelsi,44.3,Riah,37.2,Ouled Khiar,1853 Pellissier,30.4,Riah,37.2,3,1
TN135853,Taieb Mehiri,Radès,Ben Arous,2.03,Ouled Khiar,32.8,Trabelsi,44.6,Riah,39.4,Ouled Khiar,1853 Pellissier,32.8,Riah,39.4,3,1
TN175162,15 Octobre,Bizerte Nord,Bizerte,1.21,,,Makna,29.0,Mogod,27.3,Mogod,1881 Martel (1965),27.3,Makna,29.0,2,1
TN175158,Ain Mariam,Bizerte Nord,Bizerte,34.28,,,Makna,29.9,Mogod,25.4,Mogod,1881 Martel (1965),25.4,Makna,29.9,2,1
TN175157,Bou Baker Bakir,Bizerte Nord,Bizerte,0.83,,,Makna,28.4,Mogod,28.4,Mogod,1881 Martel (1965),28.4,Makna,28.4,2,1
TN175155,Cheik Driss,Bizerte Nord,Bizerte,0.09,,,Makna,29.2,Mogod,28.9,Mogod,1881 Martel (1965),28.9,Makna,29.2,2,1
TN175156,El Canal,Bizerte Nord,Bizerte,0.23,,,Makna,29.3,Mogod,29.2,Mogod,1881 Martel (1965),29.2,Makna,29.3,2,1
TN175161,El Hana,Bizerte Nord,Bizerte,0.54,,,Makna,29.8,Mogod,28.8,Mogod,1881 Martel (1965),28.8,Makna,29.8,2,1
TN175153,El Korniche,Bizerte Nord,Bizerte,4.88,,,Makna,32.3,Mogod,29.8,Mogod,1881 Martel (1965),29.8,Makna,32.3,2,1
TN175160,El Motamar,Bizerte Nord,Bizerte,0.99,,,Makna,28.6,Mogod,27.8,Mogod,1881 Martel (1965),27.8,Makna,28.6,2,1
TN175152,Habib Bouguatfa,Bizerte Nord,Bizerte,0.72,,,Makna,28.7,Mogod,28.3,Mogod,1881 Martel (1965),28.3,Makna,28.7,2,1
TN175159,Habib Haddad,Bizerte Nord,Bizerte,1.45,,,Makna,29.7,Mogod,28.3,Mogod,1881 Martel (1965),28.3,Makna,29.7,2,1
TN175151,Hassen Nouri,Bizerte Nord,Bizerte,0.87,,,Makna,30.2,Mogod,29.5,Mogod,1881 Martel (1965),29.5,Makna,30.2,2,1
TN175163,L'Ile De La Gualite,Bizerte Nord,Bizerte,7.89,Mogod,59.4,Mogod,53.2,,,Mogod,1881 Lasailly,53.2,Nefza,56.1,2,2
TN175154,La Medina,Bizerte Nord,Bizerte,0.48,,,Makna,29.6,Mogod,29.3,Mogod,1881 Martel (1965),29.3,Makna,29.6,2,1
TN175357,Bab Mateur,Bizerte Sud,Bizerte,0.87,,,Makna,27.1,Mogod,26.2,Mogod,1881 Martel (1965),26.2,Makna,27.1,2,1
TN175358,Cite El Jala,Bizerte Sud,Bizerte,1.98,,,Makna,27.8,Mogod,26.9,Mogod,1881 Martel (1965),26.9,Makna,27.8,2,1
TN175359,El Massida,Bizerte Sud,Bizerte,7.88,,,Makna,25.1,Mogod,24.3,Mogod,1881 Martel (1965),24.3,Makna,25.1,2,1
TN175352,Farhat Hached,Bizerte Sud,Bizerte,23.87,,,Makna,26.3,Mogod,22.3,Mogod,1881 Martel (1965),22.3,Makna,26.3,2,1
TN175354,Hicher,Bizerte Sud,Bizerte,77.88,Mogod,49.4,Makna,25.4,Mogod,11.8,Mogod,1881 Martel (1965),11.8,Makna,25.4,3,2
TN175356,Louata,Bizerte Sud,Bizerte,65.32,Mogod,51.9,Makna,17.4,Mogod,13.9,Mogod,1881 Martel (1965),13.9,Makna,17.4,3,2
TN175353,Marnissa,Bizerte Sud,Bizerte,40.92,Mogod,57.4,Makna,28.1,Mogod,19.1,Mogod,1881 Martel (1965),19.1,Makna,28.1,3,2
TN175360,Sidi Ahmed,Bizerte Sud,Bizerte,50.54,Mogod,56.0,Makna,22.0,Mogod,17.5,Mogod,1881 Martel (1965),17.5,Makna,22.0,3,2
TN175355,Sidi Ameur,Bizerte Sud,Bizerte,59.34,Mogod,43.3,Makna,18.7,Mogod,4.6,Mogod,1881 Martel (1965),4.6,Makna,18.7,3,2
TN175351,Teskraia,Bizerte Sud,Bizerte,77.58,Mogod,37.8,Hezil,21.2,Mogod,7.4,Mogod,1881 Martel (1965),7.4,Hezil,21.2,3,2
TN176352,El Alia Nord,El Alia,Bizerte,21.77,,,Makna,31.6,Mogod,39.7,Makna,1881 Lasailly,31.6,Trabelsi,32.9,2,1
TN176353,El Alia Sud,El Alia,Bizerte,12.21,,,Trabelsi,33.0,Mogod,42.7,Trabelsi,1881 Lasailly,33.0,Makna,33.6,2,1
TN176354,El Khetmine,El Alia,Bizerte,42.13,,,Makna,27.5,Mogod,37.5,Makna,1881 Lasailly,27.5,Trabelsi,27.9,2,1
TN176351,Sidi Ali Chabab,El Alia,Bizerte,8.84,,,Makna,36.2,Mogod,43.6,Makna,1881 Lasailly,36.2,Trabelsi,37.1,2,1
TN176152,Bajou,Ghar El Melh,Bizerte,17.13,,,Trabelsi,39.2,Mogod,51.5,Trabelsi,1881 Lasailly,39.2,Makna,42.2,2,1
TN176151,Ghar El Meleh,Ghar El Melh,Bizerte,14.05,,,Trabelsi,47.0,,,Trabelsi,1881 Lasailly,47.0,Makna,51.8,1,1
TN176153,Ousja,Ghar El Melh,Bizerte,39.57,,,Trabelsi,36.3,Mogod,46.8,Trabelsi,1881 Lasailly,36.3,Makna,37.8,2,1
TN176154,Zouaouine,Ghar El Melh,Bizerte,21.58,,,Trabelsi,28.8,Mogod,42.9,Trabelsi,1881 Lasailly,28.8,Makna,31.7,2,1
TN175758,Bou Jerir,Ghazala,Bizerte,24.86,Mogod,17.2,Hezil,12.2,Mogod,22.8,Hezil,1881 Lasailly,12.2,Mogod,17.2,3,1
TN175753,Dheouaouda,Ghazala,Bizerte,42.43,Mogod,19.1,Hezil,11.0,Mogod,24.9,Hezil,1881 Lasailly,11.0,Mogod,19.1,3,1
TN175752,El Arab,Ghazala,Bizerte,52.77,Mogod,34.9,Hezil,11.3,Mogod,5.1,Mogod,1881 Martel (1965),5.1,Hezil,11.3,3,2
TN175751,Ghezala,Ghazala,Bizerte,61.75,Mogod,36.4,Hezil,8.4,Mogod,10.2,Hezil,1881 Lasailly,8.4,Mogod,10.2,3,1
TN175754,Hached,Ghazala,Bizerte,32.29,Mogod,34.8,Hezil,5.5,Mogod,15.6,Hezil,1881 Lasailly,5.5,Makna,10.4,3,1
TN175755,Ouled El May,Ghazala,Bizerte,62.2,Mogod,24.7,Hezil,11.8,Mogod,13.9,Hezil,1881 Lasailly,11.8,Mogod,13.9,3,1
TN175757,Rakb,Ghazala,Bizerte,48.08,Mogod,27.0,Hezil,2.7,Mogod,18.7,Hezil,1881 Lasailly,2.7,Makna,18.2,3,1
TN175756,Sidi Aissa,Ghazala,Bizerte,39.12,Mogod,27.6,Hezil,6.7,Mogod,12.4,Hezil,1881 Lasailly,6.7,Mogod,12.4,3,1
TN175759,Sidi Mansour,Ghazala,Bizerte,46.27,Mogod,26.1,Hezil,8.0,Mogod,24.3,Hezil,1881 Lasailly,8.0,Makna,20.8,3,1
TN175252,Zarzouna Est,Jarzouna,Bizerte,4.03,,,Makna,28.8,Mogod,30.1,Makna,1881 Lasailly,28.8,Mogod,30.1,2,1
TN175253,Zarzouna Nord,Jarzouna,Bizerte,0.35,,,Makna,28.3,Mogod,28.9,Makna,1881 Lasailly,28.3,Mogod,28.9,2,1
TN175251,Zarzouna Ouest,Jarzouna,Bizerte,0.43,,,Makna,27.8,Mogod,28.6,Makna,1881 Lasailly,27.8,Mogod,28.6,2,1
TN175254,Zarzouna Sud,Jarzouna,Bizerte,0.73,,,Makna,27.6,Mogod,29.0,Makna,1881 Lasailly,27.6,Mogod,29.0,2,1
TN175558,Bazina,Joumine,Bizerte,17.47,Riah,11.9,Djeladjela,11.2,Nefza,14.2,Djeladjela,1881 Lasailly,11.2,Riah,11.9,3,1
TN175556,Berraies,Joumine,Bizerte,113.55,Trabelsi,31.7,Riah,14.8,Nefza,25.5,Riah,1881 Lasailly,14.8,Nefza,25.5,3,1
TN175553,Chenana,Joumine,Bizerte,17.97,Riah,15.6,Djeladjela,14.8,Nefza,15.5,Djeladjela,1881 Lasailly,14.8,Nefza,15.5,3,1
TN175552,Essemman,Joumine,Bizerte,67.84,Riah,20.6,Djeladjela,19.8,Nefza,18.9,Nefza,1881 Martel (1965),18.9,Djeladjela,19.8,3,1
TN175555,Kef Ghrab,Joumine,Bizerte,98.69,Riah,28.1,Riah,20.7,Nefza,24.3,Riah,1881 Lasailly,20.7,Hezil,21.9,3,2
TN175551,Ouled Ghanem,Joumine,Bizerte,63.2,Mogod,16.4,Hezil,15.6,Nefza,21.2,Hezil,1881 Lasailly,15.6,Mogod,16.4,3,1
TN175559,Rouaha,Joumine,Bizerte,41.42,Riah,14.9,Djeladjela,13.9,Nefza,11.6,Nefza,1881 Martel (1965),11.6,Djeladjela,13.9,3,1
TN175554,Tahent,Joumine,Bizerte,84.22,Riah,31.6,Hezil,17.8,Nefza,29.6,Hezil,1881 Lasailly,17.8,Riah,21.3,3,1
TN175557,Touajnia,Joumine,Bizerte,47.75,Riah,6.2,Djeladjela,5.5,Nefza,12.1,Djeladjela,1881 Lasailly,5.5,Riah,6.2,3,1
TN175658,Arab Majour,Mateur,Bizerte,123.0,Trabelsi,38.0,Makna,11.7,Mogod,28.6,Makna,1881 Lasailly,11.7,Trabelsi,14.3,3,1
TN175652,Banlieue De Mateur,Mateur,Bizerte,47.1,Mogod,44.0,Makna,2.6,Mogod,16.2,Makna,1881 Lasailly,2.6,Hezil,14.7,3,1
TN175659,Behaya,Mateur,Bizerte,118.99,Mogod,35.6,Hezil,13.6,Mogod,28.1,Hezil,1881 Lasailly,13.6,Makna,16.9,3,1
TN175660,Boumkhila,Mateur,Bizerte,57.07,Mogod,34.2,Hezil,7.7,Mogod,21.4,Hezil,1881 Lasailly,7.7,Makna,12.6,3,1
TN175654,Cite En Nasr,Mateur,Bizerte,26.83,Mogod,38.9,Makna,6.3,Mogod,16.6,Makna,1881 Lasailly,6.3,Hezil,9.7,3,1
TN175656,Cite Essadaka,Mateur,Bizerte,0.98,Mogod,42.0,Makna,3.5,Mogod,18.5,Makna,1881 Lasailly,3.5,Hezil,12.8,3,1
TN175651,Mateur,Mateur,Bizerte,8.34,Mogod,44.5,Makna,2.5,Mogod,20.5,Makna,1881 Lasailly,2.5,Hezil,15.5,3,1
TN175653,Mateur Sud,Mateur,Bizerte,0.26,Mogod,42.6,Makna,3.3,Mogod,19.4,Makna,1881 Lasailly,3.3,Hezil,13.6,3,1
TN175655,Nefat,Mateur,Bizerte,76.55,Trabelsi,48.3,Makna,5.8,Mogod,23.4,Makna,1881 Lasailly,5.8,Trabelsi,15.7,3,1
TN175657,Targuellache,Mateur,Bizerte,105.27,Trabelsi,38.4,Trabelsi,6.8,Mogod,32.1,Trabelsi,1881 Lasailly,6.8,Makna,13.3,3,2
TN175857,Chelagmia,Menzel Bourguiba,Bizerte,7.06,Mogod,55.8,Makna,12.8,Mogod,21.6,Makna,1881 Lasailly,12.8,Mogod,21.6,3,1
TN175854,Cite Etthaoura,Menzel Bourguiba,Bizerte,0.54,Mogod,56.2,Makna,13.7,Mogod,21.3,Makna,1881 Lasailly,13.7,Mogod,21.3,3,1
TN175858,Cite Jardins,Menzel Bourguiba,Bizerte,2.28,Mogod,56.0,Makna,14.7,Mogod,20.3,Makna,1881 Lasailly,14.7,Mogod,20.3,3,1
TN175856,El Medina,Menzel Bourguiba,Bizerte,8.33,Mogod,57.0,Makna,14.5,Mogod,22.0,Makna,1881 Lasailly,14.5,Mogod,22.0,3,1
TN175851,En-Najah (1),Menzel Bourguiba,Bizerte,0.95,Mogod,55.0,Makna,13.2,Mogod,19.8,Makna,1881 Lasailly,13.2,Mogod,19.8,3,1
TN175855,En-Najah (2),Menzel Bourguiba,Bizerte,1.99,Mogod,54.6,Makna,12.3,Mogod,20.0,Makna,1881 Lasailly,12.3,Mogod,20.0,3,1
TN175852,Gabtna (1),Menzel Bourguiba,Bizerte,47.26,Trabelsi,58.4,Makna,18.9,Mogod,29.7,Makna,1881 Lasailly,18.9,Trabelsi,22.9,3,1
TN175853,Gabtna (2),Menzel Bourguiba,Bizerte,60.1,Trabelsi,53.5,Makna,12.8,Mogod,26.4,Makna,1881 Lasailly,12.8,Trabelsi,18.4,3,1
TN176255,El Azib,Menzel Jemil,Bizerte,25.95,,,Makna,27.7,Mogod,34.7,Makna,1881 Lasailly,27.7,Trabelsi,31.8,2,1
TN176253,Menzel Abderrahmen Est,Menzel Jemil,Bizerte,3.44,,,Makna,26.4,Mogod,28.0,Makna,1881 Lasailly,26.4,Mogod,28.0,2,1
TN176254,Menzel Abderrahmen Ouest,Menzel Jemil,Bizerte,6.23,,,Makna,24.8,Mogod,26.1,Makna,1881 Lasailly,24.8,Mogod,26.1,2,1
TN176251,Menzel Djemil Est,Menzel Jemil,Bizerte,39.62,,,Makna,32.7,Mogod,38.2,Makna,1881 Lasailly,32.7,Trabelsi,36.6,2,1
TN176252,Menzel Djemil Ouest,Menzel Jemil,Bizerte,7.27,,,Makna,27.6,Mogod,30.7,Makna,1881 Lasailly,27.6,Mogod,30.7,2,1
TN176457,El Garia,Ras Jebel,Bizerte,10.32,,,Makna,36.4,Mogod,42.7,Makna,1881 Lasailly,36.4,Trabelsi,38.5,2,1
TN176453,Metline,Ras Jebel,Bizerte,11.94,,,Makna,40.3,Mogod,45.9,Makna,1881 Lasailly,40.3,Trabelsi,42.3,2,1
TN176454,Metline Ouest,Ras Jebel,Bizerte,9.76,,,Makna,37.3,Mogod,42.6,Makna,1881 Lasailly,37.3,Trabelsi,40.4,2,1
TN176456,Rafraf,Ras Jebel,Bizerte,17.14,,,Trabelsi,43.9,Mogod,55.0,Trabelsi,1881 Lasailly,43.9,Makna,46.6,2,1
TN176451,Ras El Djebel Nord,Ras Jebel,Bizerte,15.14,,,Trabelsi,44.3,Mogod,52.7,Trabelsi,1881 Lasailly,44.3,Makna,45.4,2,1
TN176452,Ras El Djebel Sud,Ras Jebel,Bizerte,14.75,,,Trabelsi,41.5,Mogod,49.1,Trabelsi,1881 Lasailly,41.5,Makna,41.9,2,1
TN176455,Sounine,Ras Jebel,Bizerte,5.07,,,Trabelsi,44.5,Mogod,54.4,Trabelsi,1881 Lasailly,44.5,Makna,46.5,2,1
TN175457,Amaden,Sejnane,Bizerte,145.76,Mogod,24.2,Mogod,19.5,Mogod,19.9,Mogod,1881 Lasailly,19.5,Hezil,22.5,3,3
TN175453,El Ababssa,Sejnane,Bizerte,103.16,Mogod,20.9,Hezil,16.6,Mogod,18.6,Hezil,1881 Lasailly,16.6,Mogod,17.8,3,1
TN175454,El Hachachna,Sejnane,Bizerte,56.3,Mogod,13.1,Mogod,9.2,Mogod,27.2,Mogod,1881 Lasailly,9.2,Riah,18.0,3,3
TN175452,El Maalia,Sejnane,Bizerte,59.91,Mogod,11.1,Mogod,11.5,Nefza,24.2,Mogod,1853 Pellissier,11.1,Riah,14.8,3,2
TN175458,Mechargua,Sejnane,Bizerte,49.17,Mogod,11.0,Mogod,4.6,Nefza,28.7,Mogod,1881 Lasailly,4.6,Nefza,13.5,3,2
TN175451,Sedjnane,Sejnane,Bizerte,54.06,Mogod,4.2,Mogod,7.1,Nefza,19.4,Mogod,1853 Pellissier,4.2,Riah,8.2,3,2
TN175455,Sehabna,Sejnane,Bizerte,81.11,Mogod,8.1,Mogod,4.8,Nefza,24.1,Mogod,1881 Lasailly,4.8,Nefza,6.2,3,2
TN175456,Sidi Mechrek,Sejnane,Bizerte,77.37,Mogod,14.4,Mogod,8.1,Nefza,31.6,Mogod,1881 Lasailly,8.1,Nefza,13.8,3,2
TN175953,Ez-Zarour,Tinja,Bizerte,49.79,Mogod,51.2,Makna,7.7,Mogod,19.1,Makna,1881 Lasailly,7.7,Mogod,19.1,3,1
TN175952,Guengla,Tinja,Bizerte,4.08,Mogod,55.5,Makna,15.1,Mogod,19.3,Makna,1881 Lasailly,15.1,Mogod,19.3,3,1
TN175951,Tinja,Tinja,Bizerte,6.96,Mogod,53.4,Makna,12.0,Mogod,18.4,Makna,1881 Lasailly,12.0,Mogod,18.4,3,1
TN176056,Ain Ghelal,Utique,Bizerte,45.07,Trabelsi,48.7,Trabelsi,13.1,Mogod,32.7,Trabelsi,1881 Lasailly,13.1,Makna,16.5,3,2
TN176058,Bach Hamba,Utique,Bizerte,39.15,Ouled Khiar,43.3,Trabelsi,15.7,Riah,41.2,Trabelsi,1881 Lasailly,15.7,Makna,29.5,3,1
TN176053,Besbassia,Utique,Bizerte,32.19,Trabelsi,54.3,Trabelsi,19.0,Mogod,35.7,Trabelsi,1881 Lasailly,19.0,Makna,21.9,3,2
TN176054,El Houidh,Utique,Bizerte,43.26,Ouled Khiar,56.0,Trabelsi,22.2,Mogod,39.8,Trabelsi,1881 Lasailly,22.2,Makna,26.5,3,1
TN176055,El Mabtouh,Utique,Bizerte,99.22,Trabelsi,45.8,Trabelsi,12.5,Mogod,41.5,Trabelsi,1881 Lasailly,12.5,Makna,24.6,3,2
TN176052,Nouvelle Utique,Utique,Bizerte,42.05,,,Trabelsi,34.8,Mogod,51.1,Trabelsi,1881 Lasailly,34.8,Makna,39.9,2,1
TN176057,Sidi Othman,Utique,Bizerte,26.67,Trabelsi,42.7,Trabelsi,7.5,Mogod,37.2,Trabelsi,1881 Lasailly,7.5,Makna,19.4,3,2
TN176051,Utique,Utique,Bizerte,53.74,Ouled Khiar,54.1,Trabelsi,26.3,Mogod,47.1,Trabelsi,1881 Lasailly,26.3,Makna,33.7,3,1
TN215364,El Djouza,Amdoun,Béja,21.59,Nefza,12.7,Chehida,11.0,Nefza,15.5,Chehida,1881 Lasailly,11.0,Nefza,12.7,3,1
TN215353,El Fraijia,Amdoun,Béja,13.16,Nefza,11.3,Chehida,6.9,Nefza,18.9,Chehida,1881 Lasailly,6.9,Nefza,11.3,3,1
TN215354,El Ghorfa,Amdoun,Béja,18.26,Nefza,9.7,Chehida,4.9,Kroumirs,19.2,Chehida,1881 Lasailly,4.9,Nefza,9.7,3,1
TN215363,El Goussa,Amdoun,Béja,23.84,Nefza,20.0,Zouagha,6.9,Nefza,18.7,Zouagha,1881 Lasailly,6.9,Chehida,10.6,3,1
TN215359,El Hamra,Amdoun,Béja,20.55,Nefza,15.0,Chehida,14.1,Nefza,12.7,Nefza,1881 Martel (1965),12.7,Chehida,14.1,3,2
TN215358,El Mejaless,Amdoun,Béja,13.08,Nefza,17.7,Chehida,12.6,Nefza,12.8,Chehida,1881 Lasailly,12.6,Nefza,12.8,3,1
TN215360,Ghazia,Amdoun,Béja,18.19,Riah,20.6,Zouagha,16.2,Nefza,9.3,Nefza,1881 Martel (1965),9.3,Zouagha,16.2,3,1
TN215356,Maghraoua,Amdoun,Béja,10.73,Nefza,12.4,Chehida,1.8,Kroumirs,18.4,Chehida,1881 Lasailly,1.8,Zouagha,9.8,3,1
TN215361,Malek,Amdoun,Béja,19.72,Nefza,17.0,Chehida,10.2,Nefza,15.6,Chehida,1881 Lasailly,10.2,Zouagha,11.2,3,1
TN215355,Romadhnia,Amdoun,Béja,15.21,Nefza,15.4,Chehida,6.5,Nefza,19.7,Chehida,1881 Lasailly,6.5,Zouagha,8.7,3,1
TN215357,Sabah,Amdoun,Béja,10.34,Nefza,20.0,Zouagha,13.0,Nefza,12.7,Nefza,1881 Martel (1965),12.7,Zouagha,13.0,3,2
TN215362,Tarhouni,Amdoun,Béja,25.47,Zouagha,18.4,Ouled bou Salem,4.8,Nefza,23.4,Ouled bou Salem,1881 Lasailly,4.8,Zouagha,5.0,3,1
TN215351,Zahret Medien,Amdoun,Béja,9.54,Nefza,21.9,Zouagha,12.1,Nefza,13.4,Zouagha,1881 Lasailly,12.1,Nefza,13.4,3,1
TN215352,Zahret Medien Sud,Amdoun,Béja,18.67,Nefza,23.1,Zouagha,10.4,Nefza,15.4,Zouagha,1881 Lasailly,10.4,Ouled bou Salem,12.8,3,1
TN215164,Ain Soltane,Béja Nord,Béja,50.28,Riah,19.9,Djeladjela,18.9,Nefza,7.3,Nefza,1881 Martel (1965),7.3,Djeladjela,18.9,3,1
TN215157,Azra,Béja Nord,Béja,27.71,Zouagha,23.3,Ouled bou Salem,15.4,Nefza,14.1,Nefza,1881 Martel (1965),14.1,Ouled bou Salem,15.4,3,1
TN215151,Beja,Béja Nord,Béja,0.58,Zouagha,20.8,Ouled bou Salem,15.4,Nefza,16.8,Ouled bou Salem,1881 Lasailly,15.4,Nefza,16.8,3,1
TN215161,Bou Hzam,Béja Nord,Béja,66.54,Riah,22.5,Djeladjela,21.3,Nefza,10.4,Nefza,1881 Martel (1965),10.4,Djeladjela,21.3,3,1
TN215163,El Ghraba,Béja Nord,Béja,41.68,Riah,11.6,Djeladjela,10.4,Nefza,3.0,Nefza,1881 Martel (1965),3.0,Djeladjela,10.4,3,1
TN215158,El Ghriria,Béja Nord,Béja,31.81,Zouagha,19.6,Ouled bou Salem,9.7,Nefza,18.8,Ouled bou Salem,1881 Lasailly,9.7,Zouagha,10.2,3,1
TN215156,El Kasba,Béja Nord,Béja,0.67,Zouagha,20.1,Ouled bou Salem,14.6,Nefza,17.4,Ouled bou Salem,1881 Lasailly,14.6,Zouagha,16.3,3,1
TN215155,El Manar,Béja Nord,Béja,0.58,Zouagha,21.4,Ouled bou Salem,14.9,Nefza,16.0,Ouled bou Salem,1881 Lasailly,14.9,Nefza,16.0,3,1
TN215159,El Mounchar,Béja Nord,Béja,84.23,Zouagha,25.9,Ouled bou Salem,24.6,Nefza,18.2,Nefza,1881 Martel (1965),18.2,Ouled bou Salem,24.6,3,1
TN215152,El Mzara,Béja Nord,Béja,3.92,Zouagha,22.0,Ouled bou Salem,16.6,Nefza,15.7,Nefza,1881 Martel (1965),15.7,Ouled bou Salem,16.6,3,1
TN215162,En-Nakachia,Béja Nord,Béja,43.69,Riah,16.7,Djeladjela,15.5,Nefza,7.3,Nefza,1881 Martel (1965),7.3,Djeladjela,15.5,3,1
TN215153,Ksar Bardo,Béja Nord,Béja,0.58,Zouagha,21.6,Ouled bou Salem,15.4,Nefza,15.8,Ouled bou Salem,1881 Lasailly,15.4,Nefza,15.8,3,1
TN215160,Ksar Mezouar,Béja Nord,Béja,75.23,Riah,23.4,Djeladjela,22.3,Nefza,15.5,Nefza,1881 Martel (1965),15.5,Djeladjela,22.3,3,1
TN215154,Zouabi,Béja Nord,Béja,0.3,Zouagha,20.8,Ouled bou Salem,14.9,Nefza,16.6,Ouled bou Salem,1881 Lasailly,14.9,Zouagha,16.3,3,1
TN215252,El Haouari,Béja Sud,Béja,0.68,Zouagha,20.0,Ouled bou Salem,15.2,Nefza,17.7,Ouled bou Salem,1881 Lasailly,15.2,Zouagha,17.1,3,1
TN215253,El Maagoula,Béja Sud,Béja,21.16,Zouagha,19.3,Ouled bou Salem,16.1,Nefza,19.0,Ouled bou Salem,1881 Lasailly,16.1,Zouagha,18.6,3,1
TN215254,Hammam Siala,Béja Sud,Béja,67.12,Zouagha,15.2,Ouled bou Salem,11.8,Nefza,22.2,Ouled bou Salem,1881 Lasailly,11.8,Zouagha,15.2,3,1
TN215256,Mekhachbia,Béja Sud,Béja,92.39,Zouagha,19.9,Ouled bou Salem,22.2,Nefza,24.2,Zouagha,1853 Pellissier,19.9,Ouled bou Salem,22.2,3,1
TN215259,Mestouta,Béja Sud,Béja,39.69,Zouagha,10.1,Ouled bou Salem,17.0,Nefza,30.4,Zouagha,1853 Pellissier,10.1,Ouled bou Salem,17.0,3,1
TN215257,Sidi Es-Shili,Béja Sud,Béja,45.65,Zouagha,9.5,Ouled bou Salem,7.2,Nefza,28.6,Ouled bou Salem,1881 Lasailly,7.2,Zouagha,9.5,3,1
TN215251,Sidi Fredj,Béja Sud,Béja,1.83,Zouagha,20.6,Ouled bou Salem,16.2,Nefza,17.3,Ouled bou Salem,1881 Lasailly,16.2,Nefza,17.3,3,1
TN215255,Sidi Smail,Béja Sud,Béja,62.94,Zouagha,4.3,Ouled bou Salem,13.0,Nefza,33.2,Zouagha,1853 Pellissier,4.3,Ouled bou Salem,13.0,3,1
TN215258,Zouagha,Béja Sud,Béja,33.11,Zouagha,14.0,Ouled bou Salem,3.2,Nefza,26.1,Ouled bou Salem,1881 Lasailly,3.2,Zouagha,8.3,3,1
TN215855,Bir El Euch,Goubellat,Béja,51.89,Drid,9.1,Drid,13.1,Drid,27.8,Drid,1853 Pellissier,9.1,Trabelsi,18.2,3,3
TN215858,Cheikh El Ouediane,Goubellat,Béja,29.86,Drid,0.3,Drid,6.0,Riah,21.1,Drid,1853 Pellissier,0.3,Trabelsi,12.1,3,2
TN215854,Dour Esmail,Goubellat,Béja,86.55,Drid,7.9,Drid,6.5,Riah,13.4,Drid,1881 Lasailly,6.5,Trabelsi,10.0,3,2
TN215852,El Gammarthi,Goubellat,Béja,24.3,Drid,8.2,Drid,6.9,Riah,26.3,Drid,1881 Lasailly,6.9,Trabelsi,9.6,3,2
TN215851,Goubellat,Goubellat,Béja,30.41,Drid,5.2,Drid,2.7,Riah,22.0,Drid,1881 Lasailly,2.7,Trabelsi,7.5,3,2
TN215853,Guerram,Goubellat,Béja,74.48,Drid,12.2,Drid,13.8,Drid,27.0,Drid,1853 Pellissier,12.2,Trabelsi,17.2,3,3
TN215857,Khacheb,Goubellat,Béja,84.56,Trabelsi,2.4,Drid,3.8,Riah,18.8,Trabelsi,1853 Pellissier,2.4,Drid,3.8,3,1
TN215856,Kheniguet Ed-Dahane,Goubellat,Béja,33.53,Drid,4.8,Drid,10.4,Riah,24.5,Drid,1853 Pellissier,4.8,Trabelsi,16.4,3,2
TN215957,Chaouach,Mejez El Bab,Béja,21.79,Trabelsi,17.8,Riah,0.9,Riah,35.8,Riah,1881 Lasailly,0.9,Trabelsi,17.8,3,2
TN215960,El Gueriaat,Mejez El Bab,Béja,35.04,Trabelsi,9.7,Drid,15.3,Riah,19.0,Trabelsi,1853 Pellissier,9.7,Drid,15.3,3,1
TN215955,El Heri,Mejez El Bab,Béja,46.29,Trabelsi,12.9,Riah,7.0,Riah,28.9,Riah,1881 Lasailly,7.0,Trabelsi,12.9,3,2
TN215954,El Ksar,Mejez El Bab,Béja,64.92,Trabelsi,25.0,Riah,8.5,Nefza,33.9,Riah,1881 Lasailly,8.5,Trabelsi,25.0,3,1
TN215962,El Mouatiss,Mejez El Bab,Béja,19.92,Trabelsi,7.8,Riah,9.2,Riah,26.1,Trabelsi,1853 Pellissier,7.8,Riah,9.2,3,1
TN215963,Guerich El Ouedi,Mejez El Bab,Béja,42.88,Trabelsi,9.2,Riah,12.7,Riah,22.9,Trabelsi,1853 Pellissier,9.2,Riah,12.7,3,1
TN215961,Hidouss,Mejez El Bab,Béja,49.38,Trabelsi,20.1,Riah,4.9,Riah,36.6,Riah,1881 Lasailly,4.9,Trabelsi,20.1,3,2
TN215952,Medjez El Bab Sud,Mejez El Bab,Béja,18.02,Trabelsi,11.8,Riah,8.9,Riah,31.5,Riah,1881 Lasailly,8.9,Trabelsi,11.8,3,2
TN215951,Medjez El Bab Ville,Mejez El Bab,Béja,14.38,Trabelsi,10.7,Riah,10.8,Riah,30.4,Trabelsi,1853 Pellissier,10.7,Riah,10.8,3,1
TN215959,Sidi Ahmed El Jedidi,Mejez El Bab,Béja,21.52,Trabelsi,15.5,Riah,6.4,Riah,35.0,Riah,1881 Lasailly,6.4,Trabelsi,15.5,3,2
TN215964,Sidi Erraies,Mejez El Bab,Béja,36.47,Trabelsi,6.9,Drid,9.7,Riah,26.5,Trabelsi,1853 Pellissier,6.9,Drid,9.7,3,1
TN215953,Sidi Medien,Mejez El Bab,Béja,32.54,Trabelsi,4.9,Drid,9.7,Riah,16.6,Trabelsi,1853 Pellissier,4.9,Drid,9.7,3,1
TN215958,Sidi Nasr,Mejez El Bab,Béja,29.0,Trabelsi,14.2,Riah,2.8,Riah,32.6,Riah,1881 Lasailly,2.8,Trabelsi,14.2,3,2
TN215956,Tokaber,Mejez El Bab,Béja,27.91,Trabelsi,20.4,Riah,4.9,Nefza,36.2,Riah,1881 Lasailly,4.9,Trabelsi,20.4,3,1
TN215458,Bellif,Nefza,Béja,24.31,Riah,10.3,Nefza,4.5,Nefza,19.0,Nefza,1881 Lasailly,4.5,Riah,10.3,3,2
TN215456,Bou-Zenna,Nefza,Béja,29.3,Riah,1.4,Djeladjela,1.1,Nefza,11.6,Djeladjela,1881 Lasailly,1.1,Riah,1.4,3,1
TN215466,Dehiret,Nefza,Béja,20.31,Riah,7.6,Djeladjela,7.2,Nefza,9.0,Djeladjela,1881 Lasailly,7.2,Riah,7.6,3,1
TN215465,Djamila,Nefza,Béja,26.93,Riah,11.0,Djeladjela,10.9,Nefza,12.2,Djeladjela,1881 Lasailly,10.9,Riah,11.0,3,1
TN215459,Djebel Ediss,Nefza,Béja,49.03,Riah,3.5,Nefza,4.6,Nefza,15.9,Riah,1853 Pellissier,3.5,Mogod,4.2,3,1
TN215455,Ezzouaraa,Nefza,Béja,61.0,Nefza,15.5,Mekena,4.8,Nefza,23.8,Mekena,1881 Lasailly,4.8,Nefza,14.9,3,1
TN215460,Fatnassa,Nefza,Béja,26.03,Riah,7.0,Djeladjela,5.8,Nefza,7.7,Djeladjela,1881 Lasailly,5.8,Riah,7.0,3,1
TN215461,Ghayadha,Nefza,Béja,31.09,Riah,6.8,Djeladjela,5.9,Nefza,6.8,Djeladjela,1881 Lasailly,5.9,Riah,6.8,3,1
TN215454,Kap Negro,Nefza,Béja,81.71,Mogod,16.2,Nefza,9.1,Nefza,27.0,Nefza,1881 Lasailly,9.1,Mogod,14.8,3,2
TN215457,Maktaa Hadid,Nefza,Béja,63.34,Riah,17.8,Mekena,9.7,Nefza,25.5,Mekena,1881 Lasailly,9.7,Nefza,10.8,3,1
TN215451,Nefza Est,Nefza,Béja,10.91,Riah,8.5,Nefza,6.6,Nefza,15.0,Nefza,1881 Lasailly,6.6,Riah,8.5,3,2
TN215452,Nefza Ouest,Nefza,Béja,27.22,Riah,11.8,Nefza,9.0,Nefza,16.6,Nefza,1881 Lasailly,9.0,Riah,11.8,3,2
TN215453,Ouachtata,Nefza,Béja,27.67,Nefza,10.1,Mekena,8.5,Nefza,21.2,Mekena,1881 Lasailly,8.5,Nefza,10.1,3,1
TN215464,Oued El Maaden,Nefza,Béja,35.08,Riah,16.1,Djeladjela,15.2,Nefza,5.9,Nefza,1881 Martel (1965),5.9,Djeladjela,15.2,3,1
TN215463,Tebaba,Nefza,Béja,44.83,Riah,14.8,Djeladjela,14.3,Nefza,9.4,Nefza,1881 Martel (1965),9.4,Djeladjela,14.3,3,1
TN215462,Zaga,Nefza,Béja,34.16,Nefza,14.8,Mekena,13.7,Nefza,14.8,Mekena,1881 Lasailly,13.7,Nefza,14.8,3,1
TN215758,Ain Younes,Testour,Béja,111.52,Ouled Aoun,24.6,Riah,27.9,Drid,20.2,Drid,1881 Martel (1965),20.2,Ouled Aoun,24.6,3,1
TN215753,Cite 26 Fevrier,Testour,Béja,1.03,Drid,25.0,Riah,21.6,Drid,26.0,Riah,1881 Lasailly,21.6,Drid,24.5,3,1
TN215759,Es-Sekhira,Testour,Béja,28.59,Trabelsi,25.4,Riah,17.9,Drid,31.3,Riah,1881 Lasailly,17.9,Trabelsi,25.4,3,1
TN215757,Es-Slouguia,Testour,Béja,83.94,Trabelsi,16.0,Drid,15.6,Drid,31.0,Drid,1881 Lasailly,15.6,Trabelsi,16.0,3,2
TN215752,Ibn Zeydoun,Testour,Béja,11.43,Zouagha,26.3,Riah,23.2,Drid,24.9,Riah,1881 Lasailly,23.2,Drid,24.9,3,1
TN215754,Mezougha,Testour,Béja,51.19,Zouagha,19.9,Riah,23.9,Drid,32.4,Zouagha,1853 Pellissier,19.9,Riah,23.9,3,1
TN215760,Oued Ezzargua,Testour,Béja,28.17,Trabelsi,25.3,Riah,14.1,Nefza,34.4,Riah,1881 Lasailly,14.1,Trabelsi,25.3,3,1
TN215756,Ouled Salama,Testour,Béja,51.76,Drid,18.6,Drid,19.7,Drid,22.8,Drid,1853 Pellissier,18.6,Trabelsi,22.2,3,3
TN215761,Sidi Abdelaziz,Testour,Béja,86.87,Trabelsi,19.6,Riah,9.5,Drid,38.2,Riah,1881 Lasailly,9.5,Trabelsi,19.6,3,1
TN215762,Sidi Ameur,Testour,Béja,96.65,Zouagha,28.5,Riah,16.1,Nefza,29.0,Riah,1881 Lasailly,16.1,Zouagha,28.5,3,1
TN215751,Testour,Testour,Béja,18.57,Drid,23.7,Riah,20.9,Drid,26.3,Riah,1881 Lasailly,20.9,Drid,23.2,3,1
TN215755,Zeldou,Testour,Béja,72.97,Zouagha,15.2,Ouled bou Salem,24.6,Drid,30.1,Zouagha,1853 Pellissier,15.2,Ouled bou Salem,24.6,3,1
TN215653,Ain Ed-Defali,Thibar,Béja,30.18,Zouagha,9.8,Djendouba,11.9,Drid,33.5,Zouagha,1853 Pellissier,9.8,Djendouba,11.9,3,1
TN215652,Djebba,Thibar,Béja,34.25,Zouagha,7.0,Djendouba,15.1,Drid,30.2,Zouagha,1853 Pellissier,7.0,Djendouba,15.1,3,1
TN215654,En-Nechima,Thibar,Béja,19.08,Zouagha,5.7,Ouled bou Salem,9.7,Nefza,34.8,Zouagha,1853 Pellissier,5.7,Ouled bou Salem,9.7,3,1
TN215651,Tibar,Thibar,Béja,30.9,Zouagha,2.1,Djendouba,13.9,Drid,33.1,Zouagha,1853 Pellissier,2.1,Djendouba,13.9,3,1
TN215559,Ain Djammala,Téboursouk,Béja,61.92,Zouagha,16.2,Ouled bou Salem,30.1,Drid,19.7,Zouagha,1853 Pellissier,16.2,Drid,19.7,3,1
TN215558,Ain El Hammam,Téboursouk,Béja,31.77,Zouagha,15.7,Djendouba,23.5,Drid,22.4,Zouagha,1853 Pellissier,15.7,Drid,22.4,3,1
TN215552,Ain El Karma,Téboursouk,Béja,8.71,Zouagha,13.3,Djendouba,27.2,Drid,20.3,Zouagha,1853 Pellissier,13.3,Drid,20.3,3,1
TN215556,Ain El Melliti,Téboursouk,Béja,48.76,Zouagha,6.6,Djendouba,20.9,Drid,26.7,Zouagha,1853 Pellissier,6.6,Djendouba,20.9,3,1
TN215560,Bir Ettouta,Téboursouk,Béja,59.24,Zouagha,11.3,Ouled bou Salem,24.3,Drid,25.5,Zouagha,1853 Pellissier,11.3,Ouled bou Salem,24.3,3,1
TN215554,Dougga,Téboursouk,Béja,71.07,Zouagha,19.5,Ouled Ayar,24.4,Drid,14.6,Drid,1881 Martel (1965),14.6,Zouagha,19.5,3,1
TN215553,El Menchia,Téboursouk,Béja,17.96,Zouagha,11.5,Djendouba,23.7,Drid,22.0,Zouagha,1853 Pellissier,11.5,Drid,22.0,3,1
TN215557,Fadden Es-Souk,Téboursouk,Béja,43.3,Ouled Aoun,17.7,Riah,27.3,Drid,12.0,Drid,1881 Martel (1965),12.0,Ouled Aoun,17.7,3,1
TN215555,Rihana,Téboursouk,Béja,49.65,Zouagha,12.7,Djendouba,19.9,Drid,25.8,Zouagha,1853 Pellissier,12.7,Djendouba,19.9,3,1
TN215551,Teboursouk Ville,Téboursouk,Béja,3.09,Zouagha,14.6,Djendouba,28.2,Drid,18.9,Zouagha,1853 Pellissier,14.6,Drid,18.9,3,1
TN515155,Chott Sidi Abdesselam,Gabès Médina,Gabès,7.77,Mehadhba,49.0,Mehadhba,51.3,Hazem,27.6,Hazem,1881 Martel (1965),27.6,Beni Zid,34.9,3,1
TN515151,Secteur (1),Gabès Médina,Gabès,1.47,Mehadhba,51.8,Mehadhba,53.9,Hazem,25.0,Hazem,1881 Martel (1965),25.0,Beni Zid,33.8,3,1
TN515152,Secteur (2),Gabès Médina,Gabès,1.31,Mehadhba,53.1,Mehadhba,55.2,Hazem,23.6,Hazem,1881 Martel (1965),23.6,Beni Zid,34.1,3,1
TN515153,Secteur (3),Gabès Médina,Gabès,3.08,Mehadhba,51.5,Mehadhba,53.7,Hazem,25.2,Hazem,1881 Martel (1965),25.2,Beni Zid,34.5,3,1
TN515154,Secteur (4),Gabès Médina,Gabès,2.88,Mehadhba,52.4,Mehadhba,54.8,Hazem,24.1,Hazem,1881 Martel (1965),24.1,Beni Zid,35.9,3,1
TN515252,Bou-Chemma,Gabès Ouest,Gabès,50.08,Mehadhba,48.5,Mehadhba,50.1,Beni Zid,29.0,Beni Zid,1881 Martel (1965),29.0,Hazem,29.5,3,1
TN515256,Chenini Est,Gabès Ouest,Gabès,0.85,Mehadhba,53.2,Mehadhba,55.0,Hazem,24.4,Hazem,1881 Martel (1965),24.4,Beni Zid,30.8,3,1
TN515255,Chenini Nord,Gabès Ouest,Gabès,13.64,Mehadhba,53.0,Mehadhba,54.3,Hazem,26.4,Hazem,1881 Martel (1965),26.4,Beni Zid,26.8,3,1
TN515257,Chenini Ouest,Gabès Ouest,Gabès,10.23,Mehadhba,54.4,Mehadhba,56.1,Hazem,23.2,Hazem,1881 Martel (1965),23.2,Beni Zid,31.1,3,1
TN515251,Er-Remathi,Gabès Ouest,Gabès,74.55,Mehadhba,51.4,Mehadhba,52.0,Beni Zid,20.8,Beni Zid,1881 Martel (1965),20.8,Hazem,31.7,3,1
TN515254,Jaouaoula,Gabès Ouest,Gabès,1.62,Mehadhba,51.9,Mehadhba,53.7,Hazem,25.5,Hazem,1881 Martel (1965),25.5,Beni Zid,31.1,3,1
TN515253,Nahal,Gabès Ouest,Gabès,3.41,Mehadhba,52.3,Mehadhba,54.3,Hazem,24.7,Hazem,1881 Martel (1965),24.7,Beni Zid,32.8,3,1
TN515357,El Amazir,Gabès Sud,Gabès,42.09,,,,,Hazem,21.9,Hazem,1881 Martel (1965),21.9,Beni Zid,24.4,1,1
TN515355,El Medou,Gabès Sud,Gabès,117.99,,,,,Hazem,21.0,Hazem,1881 Martel (1965),21.0,Beni Zid,27.1,1,1
TN515356,Limaoua,Gabès Sud,Gabès,51.6,,,Ouerghemma,51.4,Hazem,10.9,Hazem,1881 Martel (1965),10.9,Beni Zid,35.6,2,1
TN515354,Secteur (5),Gabès Sud,Gabès,5.94,Mehadhba,54.7,Mehadhba,57.0,Hazem,21.9,Hazem,1881 Martel (1965),21.9,Beni Zid,36.2,3,1
TN515352,Sidi Boulbaba,Gabès Sud,Gabès,6.3,Mehadhba,55.2,Mehadhba,57.2,Hazem,21.8,Hazem,1881 Martel (1965),21.8,Beni Zid,33.5,3,1
TN515351,Teboulbou,Gabès Sud,Gabès,67.57,,,Ouerghemma,56.0,Hazem,15.6,Hazem,1881 Martel (1965),15.6,Beni Zid,37.7,2,1
TN515353,Zrig Eddakhlania,Gabès Sud,Gabès,1.95,Mehadhba,55.7,Mehadhba,57.9,Hazem,21.0,Hazem,1881 Martel (1965),21.0,Beni Zid,34.6,3,1
TN515451,Ghanouch Est,Ghannouch,Gabès,1.66,Mehadhba,46.0,Mehadhba,48.2,Hazem,30.6,Hazem,1881 Martel (1965),30.6,Beni Zid,34.2,3,1
TN515452,Ghanouch Ouest,Ghannouch,Gabès,7.85,Mehadhba,43.9,Mehadhba,45.9,Beni Zid,32.9,Beni Zid,1881 Martel (1965),32.9,Hazem,33.1,3,1
TN515454,Ghanouche Nord,Ghannouch,Gabès,5.17,Mehadhba,43.3,Mehadhba,45.5,Hazem,33.4,Hazem,1881 Martel (1965),33.4,Beni Zid,34.2,3,1
TN515453,Ghanouche Sud,Ghannouch,Gabès,5.38,Mehadhba,46.9,Mehadhba,48.8,Hazem,30.1,Hazem,1881 Martel (1965),30.1,Beni Zid,32.1,3,1
TN515759,Bechima El Borj,Hamma,Gabès,49.75,Mehadhba,51.7,Mehadhba,49.0,Beni Zid,12.2,Beni Zid,1881 Martel (1965),12.2,Oled Yacoub,37.9,3,1
TN515760,Bechima El Kalb,Hamma,Gabès,49.95,Mehadhba,48.6,Mehadhba,46.3,Beni Zid,13.0,Beni Zid,1881 Martel (1965),13.0,Mehadhba,37.9,3,1
TN515761,Bou Attouch,Hamma,Gabès,821.97,Hammama — Oulad Aziz,45.1,Mehadhba,50.5,Beni Zid,28.3,Beni Zid,1881 Martel (1965),28.3,Oled Yacoub,41.1,3,1
TN515757,Chanchou,Hamma,Gabès,230.15,Mehadhba,57.9,Mehadhba,57.5,Beni Zid,12.2,Beni Zid,1881 Martel (1965),12.2,Hazem,34.8,3,1
TN515758,El Behaier,Hamma,Gabès,678.59,,,,,Oled Yacoub,22.9,Oled Yacoub,1881 Martel (1965),22.9,Beni Zid,23.1,1,1
TN515752,El Ksar,Hamma,Gabès,18.42,Mehadhba,48.8,Mehadhba,48.1,Beni Zid,14.1,Beni Zid,1881 Martel (1965),14.1,Mehadhba,40.7,3,1
TN515756,Farhat Hached,Hamma,Gabès,490.13,,,,,Oled Yacoub,14.9,Oled Yacoub,1881 Martel (1965),14.9,Beni Zid,17.1,1,1
TN515762,Habib Thameur,Hamma,Gabès,96.21,,,Mehadhba,58.8,Beni Zid,2.4,Beni Zid,1881 Martel (1965),2.4,Oled Yacoub,30.3,2,1
TN515753,Secteur Est (1),Hamma,Gabès,6.07,Mehadhba,52.2,Mehadhba,51.2,Beni Zid,10.2,Beni Zid,1881 Martel (1965),10.2,Hazem,41.4,3,1
TN515754,Secteur Est (2),Hamma,Gabès,18.36,Mehadhba,55.5,Mehadhba,54.5,Beni Zid,8.2,Beni Zid,1881 Martel (1965),8.2,Oled Yacoub,39.4,3,1
TN515751,Secteur Nord,Hamma,Gabès,134.21,Mehadhba,42.3,Mehadhba,41.5,Beni Zid,18.7,Beni Zid,1881 Martel (1965),18.7,Mehadhba,34.0,3,1
TN515763,Secteur Ouest,Hamma,Gabès,44.23,,,Mehadhba,58.9,Beni Zid,3.4,Beni Zid,1881 Martel (1965),3.4,Oled Yacoub,33.5,2,1
TN515755,Secteur Sud,Hamma,Gabès,3.96,Mehadhba,55.6,Mehadhba,54.4,Beni Zid,6.4,Beni Zid,1881 Martel (1965),6.4,Oled Yacoub,38.0,3,1
TN516064,Ain Tounine,Mareth,Gabès,42.23,,,Ouerghemma,34.0,Hazem,21.2,Hazem,1881 Martel (1965),21.2,Ouerghemma,34.0,2,1
TN516059,Arram,Mareth,Gabès,95.7,,,Ouerghemma,23.2,Hazem,17.8,Hazem,1881 Martel (1965),17.8,Ouerghemma,23.2,2,1
TN516055,Ayoun Ez-Zerkine,Mareth,Gabès,66.76,,,Ouerghemma,38.8,Hazem,2.2,Hazem,1881 Martel (1965),2.2,Ouerghemma,38.8,2,1
TN516065,Dekhilet Toujane,Mareth,Gabès,61.78,,,Ouerghemma,25.8,Hazem,26.1,Ouerghemma,1881 Lasailly,25.8,Hazem,26.1,2,1
TN516058,El Alaya,Mareth,Gabès,63.84,,,Ouerghemma,27.8,Hazem,18.0,Hazem,1881 Martel (1965),18.0,Ouerghemma,27.8,2,1
TN516054,Ez-Zerkine,Mareth,Gabès,42.02,,,Ouerghemma,40.9,Hazem,7.1,Hazem,1881 Martel (1965),7.1,Ouerghemma,40.9,2,1
TN516057,Ezzarat,Mareth,Gabès,54.29,,,Ouerghemma,35.9,Hazem,11.8,Hazem,1881 Martel (1965),11.8,Ouerghemma,35.9,2,1
TN516060,Ketana,Mareth,Gabès,66.57,,,Ouerghemma,46.9,Hazem,8.6,Hazem,1881 Martel (1965),8.6,Beni Zid,45.6,2,1
TN516051,Mareth,Mareth,Gabès,39.29,,,Ouerghemma,28.6,Hazem,12.8,Hazem,1881 Martel (1965),12.8,Ouerghemma,28.6,2,1
TN516052,Mareth Nord,Mareth,Gabès,66.55,,,Ouerghemma,33.4,Hazem,7.6,Hazem,1881 Martel (1965),7.6,Ouerghemma,33.4,2,1
TN516056,Ourafinine,Mareth,Gabès,57.34,,,Ouerghemma,33.9,Hazem,11.6,Hazem,1881 Martel (1965),11.6,Ouerghemma,33.9,2,1
TN516053,Sidi Touati,Mareth,Gabès,87.07,,,Ouerghemma,26.4,Hazem,19.9,Hazem,1881 Martel (1965),19.9,Ouerghemma,26.4,2,1
TN516061,Toujane,Mareth,Gabès,56.1,,,Ouerghemma,34.2,Hazem,25.8,Hazem,1881 Martel (1965),25.8,Ouerghemma,34.2,2,1
TN516062,Zemarten,Mareth,Gabès,158.54,,,Ouerghemma,39.8,Hazem,37.0,Hazem,1881 Martel (1965),37.0,Ouerghemma,39.8,2,1
TN516063,Zerig El Ghandri,Mareth,Gabès,47.12,,,Ouerghemma,45.9,Hazem,4.9,Hazem,1881 Martel (1965),4.9,Beni Zid,41.8,2,1
TN515851,Matmata,Matmata,Gabès,153.97,,,Ouerghemma,48.3,Hazem,27.8,Hazem,1881 Martel (1965),27.8,Beni Zid,42.2,2,1
TN515853,Tamazrat,Matmata,Gabès,697.11,,,,,Oled Yacoub,27.8,Oled Yacoub,1881 Martel (1965),27.8,Merazig,34.2,1,1
TN515852,Techine,Matmata,Gabès,390.59,,,Ouerghemma,50.3,Hazem,40.3,Hazem,1881 Martel (1965),40.3,Merazig,44.0,2,1
TN515954,Beni Aissa,Matmata Nouvelle,Gabès,132.92,,,,,Beni Zid,23.4,Beni Zid,1881 Martel (1965),23.4,Hazem,29.1,1,1
TN515955,Beni Zalten,Matmata Nouvelle,Gabès,88.88,,,Ouerghemma,39.4,Hazem,16.1,Hazem,1881 Martel (1965),16.1,Ouerghemma,39.4,2,1
TN515953,Ez-Zeraoua,Matmata Nouvelle,Gabès,244.29,,,,,Oled Yacoub,20.7,Oled Yacoub,1881 Martel (1965),20.7,Beni Zid,24.2,1,1
TN515952,Heddaj,Matmata Nouvelle,Gabès,174.84,,,Ouerghemma,46.6,Hazem,16.5,Hazem,1881 Martel (1965),16.5,Beni Zid,38.3,2,1
TN515951,Nouvelle Matmata,Matmata Nouvelle,Gabès,111.47,,,Ouerghemma,54.5,Hazem,20.2,Hazem,1881 Martel (1965),20.2,Beni Zid,30.2,2,1
TN515652,El Fejij,Menzel Habib,Gabès,113.84,Mehadhba,33.6,Mehadhba,31.3,Mehadhba,23.0,Mehadhba,1881 Martel (1965),23.0,Beni Zid,27.3,3,3
TN515653,El Mehemla,Menzel Habib,Gabès,263.71,Hammama — Oulad Aziz,26.7,Mehadhba,39.1,Mehadhba,31.7,Hammama — Oulad Aziz,1853 Pellissier,26.7,Mehadhba,31.7,3,1
TN515654,Es-Saki,Menzel Habib,Gabès,117.26,Hammama — Oulad Aziz,30.9,Mehadhba,53.3,Mehadhba,46.5,Hammama — Oulad Aziz,1853 Pellissier,30.9,Mehadhba,46.5,3,1
TN515657,Menzel El Habib,Menzel Habib,Gabès,109.33,Hammama — Oulad Aziz,25.8,Mehadhba,22.2,Mehadhba,14.7,Mehadhba,1881 Martel (1965),14.7,Hammama — Oulad Aziz,25.8,3,2
TN515651,Oued Ezzitoun,Menzel Habib,Gabès,168.58,Hammama — Oulad Aziz,30.9,Mehadhba,28.8,Mehadhba,20.4,Mehadhba,1881 Martel (1965),20.4,Hammama — Oulad Aziz,30.9,3,2
TN515655,Rabiaa Ouali,Menzel Habib,Gabès,103.49,Mehadhba,21.0,Mehadhba,19.1,Mehadhba,11.6,Mehadhba,1881 Martel (1965),11.6,Neffat,30.3,3,3
TN515656,Zoughrata,Menzel Habib,Gabès,75.89,Mehadhba,25.9,Mehadhba,23.9,Mehadhba,16.0,Mehadhba,1881 Martel (1965),16.0,Beni Zid,34.6,3,3
TN515555,El Akarit,Metouia,Gabès,34.15,Mehadhba,29.3,Mehadhba,30.8,Mehadhba,26.1,Mehadhba,1881 Martel (1965),26.1,Beni Zid,35.9,3,3
TN515556,El Hicha,Metouia,Gabès,106.73,Mehadhba,21.2,Mehadhba,23.0,Mehadhba,19.4,Mehadhba,1881 Martel (1965),19.4,Neffat,35.1,3,3
TN515551,El Metouia Nord,Metouia,Gabès,70.95,Mehadhba,35.0,Mehadhba,36.9,Mehadhba,32.4,Mehadhba,1881 Martel (1965),32.4,Beni Zid,34.9,3,3
TN515552,El Metouia Sud,Metouia,Gabès,41.04,Mehadhba,43.8,Mehadhba,44.8,Beni Zid,26.3,Beni Zid,1881 Martel (1965),26.3,Hazem,35.7,3,1
TN515557,El Mida,Metouia,Gabès,55.89,Mehadhba,32.3,Mehadhba,31.8,Mehadhba,24.9,Mehadhba,1881 Martel (1965),24.9,Beni Zid,28.7,3,3
TN515553,Ouedhref Nord,Metouia,Gabès,59.84,Mehadhba,33.1,Mehadhba,34.0,Mehadhba,28.3,Mehadhba,1881 Martel (1965),28.3,Beni Zid,31.3,3,3
TN515554,Ouedhref Sud,Metouia,Gabès,43.73,Mehadhba,38.8,Mehadhba,39.3,Beni Zid,26.1,Beni Zid,1881 Martel (1965),26.1,Mehadhba,33.1,3,1
TN616052,Belkhir,Belkhir,Gafsa,175.99,Hammama — Oulad Aziz,14.6,Mehadhba,38.3,Mehadhba,33.1,Hammama — Oulad Aziz,1853 Pellissier,14.6,Mehadhba,33.1,3,1
TN616051,El Ayaicha,Belkhir,Gafsa,220.33,Hammama — Oulad Aziz,29.4,Mehadhba,59.5,Hammama,50.3,Hammama — Oulad Aziz,1853 Pellissier,29.4,Hammama,50.3,3,1
TN616053,Et-Talh Est,Belkhir,Gafsa,154.83,Hammama — Oulad Aziz,3.1,Mehadhba,38.2,Neffat,33.9,Hammama — Oulad Aziz,1853 Pellissier,3.1,Neffat,33.9,3,1
TN616054,Et-Talh Ouest,Belkhir,Gafsa,136.44,Hammama — Oulad Aziz,15.0,Hammama,43.6,Hammama,42.1,Hammama — Oulad Aziz,1853 Pellissier,15.0,Hammama,42.1,3,1
TN616055,Jbilet Ouest,Belkhir,Gafsa,80.06,Hammama — Oulad Aziz,13.4,Mehadhba,47.2,Mehadhba,43.6,Hammama — Oulad Aziz,1853 Pellissier,13.4,Mehadhba,43.6,3,1
TN616056,Ouled El Hadj,Belkhir,Gafsa,73.2,Hammama — Oulad Aziz,20.9,Mehadhba,49.6,Mehadhba,44.3,Hammama — Oulad Aziz,1853 Pellissier,20.9,Mehadhba,44.3,3,1
TN615155,El Mouthides,Gafsa Nord,Gafsa,65.44,,,,,Hammama,19.0,Hammama,1881 Martel (1965),19.0,Hammama — Oulad Aziz,70.4,1,1
TN615152,Er-Rahiba,Gafsa Nord,Gafsa,76.42,Hammama — Oulad Aziz,51.6,Hammama,48.2,Hammama,10.3,Hammama,1881 Martel (1965),10.3,Hammama — Oulad Aziz,51.6,3,2
TN615153,Er-Rahiba Sud,Gafsa Nord,Gafsa,65.18,Hammama — Oulad Aziz,54.1,Hammama,54.7,Hammama,15.9,Hammama,1881 Martel (1965),15.9,Hammama — Oulad Aziz,54.1,3,2
TN615156,Fej,Gafsa Nord,Gafsa,146.49,Hammama — Oulad Aziz,52.1,Hammama,38.0,Hammama,5.5,Hammama,1881 Martel (1965),5.5,Hammama — Oulad Aziz,52.1,3,2
TN615151,Guetis,Gafsa Nord,Gafsa,81.69,,,Hammama,54.4,Hammama,11.5,Hammama,1881 Martel (1965),11.5,Hammama — Oulad Aziz,62.0,2,2
TN615154,Ksour El Akhoua,Gafsa Nord,Gafsa,49.21,,,,,Hammama,20.5,Hammama,1881 Martel (1965),20.5,Hammama — Oulad Aziz,62.0,1,1
TN615157,Menzel Mimoun,Gafsa Nord,Gafsa,50.39,Hammama — Oulad Aziz,46.1,Hammama,30.1,Hammama,14.1,Hammama,1881 Martel (1965),14.1,Hammama — Oulad Aziz,46.1,3,2
TN615459,Cite Ech-Chabab,Gafsa Sud,Gafsa,13.18,,,,,Hammama,26.5,Hammama,1881 Martel (1965),26.5,Hammama — Oulad Aziz,66.5,1,1
TN615458,Cite Ennour,Gafsa Sud,Gafsa,1.06,,,,,Hammama,27.8,Hammama,1881 Martel (1965),27.8,Hammama — Oulad Aziz,65.3,1,1
TN615453,Cite Essourour,Gafsa Sud,Gafsa,8.29,,,,,Hammama,25.0,Hammama,1881 Martel (1965),25.0,Hammama — Oulad Aziz,64.9,1,1
TN615460,El Aguila,Gafsa Sud,Gafsa,380.79,,,,,Hammama,42.7,Hammama,1881 Martel (1965),42.7,Hammama — Oulad Aziz,79.9,1,1
TN615454,El Assala,Gafsa Sud,Gafsa,1.58,,,,,Hammama,27.0,Hammama,1881 Martel (1965),27.0,Hammama — Oulad Aziz,63.9,1,1
TN615457,El Moula,Gafsa Sud,Gafsa,0.52,,,,,Hammama,26.8,Hammama,1881 Martel (1965),26.8,Hammama — Oulad Aziz,64.2,1,1
TN615462,En-Nadhour,Gafsa Sud,Gafsa,204.11,,,,,Hammama,27.7,Hammama,1881 Martel (1965),27.7,Frechiche,69.3,1,1
TN615452,Gafsa Est,Gafsa Sud,Gafsa,4.88,,,,,Hammama,26.6,Hammama,1881 Martel (1965),26.6,Hammama — Oulad Aziz,62.8,1,1
TN615451,Gafsa Ville,Gafsa Sud,Gafsa,12.47,,,,,Hammama,30.7,Hammama,1881 Martel (1965),30.7,Hammama — Oulad Aziz,66.2,1,1
TN615461,Kef Derbi,Gafsa Sud,Gafsa,87.08,,,,,Hammama,34.2,Hammama,1881 Martel (1965),34.2,Frechiche,65.4,1,1
TN615456,Oued Ailou,Gafsa Sud,Gafsa,0.68,,,,,Hammama,27.5,Hammama,1881 Martel (1965),27.5,Hammama — Oulad Aziz,64.7,1,1
TN615455,Sidi Ahmed Zarrouk,Gafsa Sud,Gafsa,35.8,,,,,Hammama,29.7,Hammama,1881 Martel (1965),29.7,Hammama — Oulad Aziz,69.4,1,1
TN615956,Bir Saad,Guetar,Gafsa,57.88,Hammama — Oulad Aziz,23.5,Hammama,54.0,Hammama,42.2,Hammama — Oulad Aziz,1853 Pellissier,23.5,Hammama,42.2,3,1
TN615953,El Guetar Est,Guetar,Gafsa,358.76,Hammama — Oulad Aziz,41.8,,,Hammama,43.1,Hammama — Oulad Aziz,1853 Pellissier,41.8,Hammama,43.1,2,1
TN615951,El Guetar Ouest,Guetar,Gafsa,132.93,Hammama — Oulad Aziz,52.3,,,Hammama,46.1,Hammama,1881 Martel (1965),46.1,Hammama — Oulad Aziz,52.3,2,1
TN615954,El Ongue,Guetar,Gafsa,73.72,Hammama — Oulad Aziz,34.5,Hammama,56.9,Hammama,35.5,Hammama — Oulad Aziz,1853 Pellissier,34.5,Hammama,35.5,3,1
TN615952,El Ortos,Guetar,Gafsa,265.19,Hammama — Oulad Aziz,60.0,,,Hammama,43.4,Hammama,1881 Martel (1965),43.4,Hammama — Oulad Aziz,60.0,2,1
TN615955,Es-Saket,Guetar,Gafsa,44.9,Hammama — Oulad Aziz,24.9,Hammama,49.9,Hammama,37.3,Hammama — Oulad Aziz,1853 Pellissier,24.9,Hammama,37.3,3,1
TN615355,Amra,Ksar,Gafsa,142.19,Hammama — Oulad Aziz,51.0,Hammama,58.0,Hammama,22.6,Hammama,1881 Martel (1965),22.6,Hammama — Oulad Aziz,51.0,3,2
TN615354,Cite Hached,Ksar,Gafsa,0.85,,,,,Hammama,29.7,Hammama,1881 Martel (1965),29.7,Hammama — Oulad Aziz,62.0,1,1
TN615351,El Ksar,Ksar,Gafsa,62.29,,,,,Hammama,33.6,Hammama,1881 Martel (1965),33.6,Hammama — Oulad Aziz,65.3,1,1
TN615352,El Ksar Est,Ksar,Gafsa,0.54,,,,,Hammama,29.2,Hammama,1881 Martel (1965),29.2,Hammama — Oulad Aziz,63.2,1,1
TN615356,El Matar,Ksar,Gafsa,12.95,,,,,Hammama,25.8,Hammama,1881 Martel (1965),25.8,Hammama — Oulad Aziz,61.0,1,1
TN615353,Lala,Ksar,Gafsa,63.01,Hammama — Oulad Aziz,58.0,,,Hammama,29.8,Hammama,1881 Martel (1965),29.8,Hammama — Oulad Aziz,58.0,2,1
TN615852,Cite Des Travailleurs,Mdhilla,Gafsa,11.91,,,,,Hammama,41.1,Hammama,1881 Martel (1965),41.1,Hammama — Oulad Aziz,69.5,1,1
TN615854,El Segui,Mdhilla,Gafsa,355.54,,,,,Hammama,57.8,Hammama,1881 Martel (1965),57.8,Hammama — Oulad Aziz,75.7,1,1
TN615851,Mdhila Centre,Mdhilla,Gafsa,44.86,,,,,Hammama,39.1,Hammama,1881 Martel (1965),39.1,Hammama — Oulad Aziz,64.4,1,1
TN615853,Sahib,Mdhilla,Gafsa,232.14,,,,,Hammama,49.1,Hammama,1881 Martel (1965),49.1,Hammama — Oulad Aziz,77.6,1,1
TN615756,Cite El Amel Est,Metlaoui,Gafsa,0.23,,,,,,,,,,,,0,0
TN615755,Cite El Amel Ouest,Metlaoui,Gafsa,73.96,,,,,Hammama,53.6,Hammama,1881 Martel (1965),53.6,Frechiche,88.3,1,1
TN615759,El Magroun,Metlaoui,Gafsa,0.87,,,,,,,,,,,,0,0
TN615753,El Mziraa,Metlaoui,Gafsa,153.0,,,,,,,,,,,,0,0
TN615754,Krichet Naam,Metlaoui,Gafsa,225.76,,,,,,,,,,,,0,0
TN615751,Metlaoui Centre,Metlaoui,Gafsa,1.19,,,,,,,,,,,,0,0
TN615752,Metlaoui Gare,Metlaoui,Gafsa,3.75,,,,,,,,,,,,0,0
TN615758,Oued El Arta,Metlaoui,Gafsa,61.9,,,,,Hammama,58.5,Hammama,1881 Martel (1965),58.5,Frechiche,87.4,1,1
TN615760,Segui Sud,Metlaoui,Gafsa,450.3,,,,,,,,,,,,0,0
TN615757,Thalja,Metlaoui,Gafsa,2.32,,,,,,,,,,,,0,0
TN615557,Daouara,Oum Larais,Gafsa,180.28,,,,,Hammama,39.5,Hammama,1881 Martel (1965),39.5,Frechiche,74.3,1,1
TN615555,Ech-Channoufia,Oum Larais,Gafsa,164.65,,,,,Hammama,51.2,Hammama,1881 Martel (1965),51.2,Frechiche,72.5,1,1
TN615556,Es-Souitir,Oum Larais,Gafsa,216.95,,,,,Hammama,58.4,Hammama,1881 Martel (1965),58.4,Frechiche,65.6,1,1
TN615551,Oum El Aksab,Oum Larais,Gafsa,83.28,Frechiche,52.9,,,Hammama,55.9,Frechiche,1853 Pellissier,52.9,Hammama,55.9,2,1
TN615553,Oum El Araies Centre,Oum Larais,Gafsa,146.91,,,,,,,,,,,,0,0
TN615554,Oum El Araies Gare,Oum Larais,Gafsa,90.75,,,,,Hammama,60.0,Hammama,1881 Martel (1965),60.0,Frechiche,80.0,1,1
TN615552,Sidi Boubaker,Oum Larais,Gafsa,93.75,Frechiche,57.8,,,Hammama,45.5,Hammama,1881 Martel (1965),45.5,Frechiche,57.8,2,1
TN615651,Redeyef Centre,Redeyef,Gafsa,0.4,,,,,,,,,,,,0,0
TN615654,Redeyef Gare,Redeyef,Gafsa,203.53,,,,,,,,,,,,0,0
TN615652,Redeyef Nord,Redeyef,Gafsa,24.9,,,,,,,,,,,,0,0
TN615653,Redeyef Sud,Redeyef,Gafsa,88.76,,,,,,,,,,,,0,0
TN615655,Tabdit,Redeyef,Gafsa,86.19,,,,,,,,,,,,0,0
TN616155,Abdessadok,Sened,Gafsa,170.61,Hammama — Oulad Aziz,37.8,Hammama,45.1,Hammama,21.7,Hammama,1881 Martel (1965),21.7,Hammama — Oulad Aziz,37.8,3,2
TN616157,Alim,Sened,Gafsa,121.93,Hammama — Oulad Aziz,39.4,Hammama,29.2,Hammama,19.2,Hammama,1881 Martel (1965),19.2,Hammama — Oulad Aziz,39.4,3,2
TN616154,Djedida,Sened,Gafsa,67.29,Hammama — Oulad Aziz,44.7,Hammama,46.0,Hammama,15.3,Hammama,1881 Martel (1965),15.3,Hammama — Oulad Aziz,44.7,3,2
TN616156,Majoura,Sened,Gafsa,118.58,Hammama — Oulad Aziz,33.4,Hammama,25.2,Hammama,27.1,Hammama,1881 Lasailly,25.2,Hammama — Oulad Aziz,33.4,3,2
TN616153,Sanouche,Sened,Gafsa,81.29,Hammama — Oulad Aziz,39.3,Hammama,51.3,Hammama,25.3,Hammama,1881 Martel (1965),25.3,Hammama — Oulad Aziz,39.3,3,2
TN616151,Sned,Sened,Gafsa,164.58,Hammama — Oulad Aziz,25.0,Hammama,40.9,Hammama,32.1,Hammama — Oulad Aziz,1853 Pellissier,25.0,Hammama,32.1,3,1
TN616152,Sned-Nord,Sened,Gafsa,44.11,Hammama — Oulad Aziz,26.7,Hammama,30.7,Hammama,31.1,Hammama — Oulad Aziz,1853 Pellissier,26.7,Hammama,30.7,3,1
TN615253,El Amaima,Sidi Aich,Gafsa,120.4,,,,,Hammama,22.4,Hammama,1881 Martel (1965),22.4,Frechiche,60.3,1,1
TN615255,El Karia,Sidi Aich,Gafsa,110.06,,,Hammama,42.6,Hammama,12.5,Hammama,1881 Martel (1965),12.5,Frechiche,60.5,2,2
TN615256,Es-Souinia,Sidi Aich,Gafsa,38.72,,,Hammama,44.7,Hammama,6.0,Hammama,1881 Martel (1965),6.0,Hammama — Oulad Aziz,62.1,2,2
TN615254,Menzel Gamoudi,Sidi Aich,Gafsa,75.65,,,Hammama,49.6,Hammama,6.9,Hammama,1881 Martel (1965),6.9,Hammama — Oulad Aziz,62.2,2,2
TN615251,Sidi Aich,Sidi Aich,Gafsa,44.65,,,Hammama,54.3,Hammama,15.9,Hammama,1881 Martel (1965),15.9,Frechiche,60.5,2,2
TN615252,Sidi Aich Est,Sidi Aich,Gafsa,53.43,,,Hammama,49.8,Hammama,11.9,Hammama,1881 Martel (1965),11.9,Frechiche,62.5,2,2
TN225552,Ain Draham Banlieue,Aïn Draham,Jendouba,16.84,Kroumirs,4.3,Ouled Ali,3.4,Kroumirs,4.8,Ouled Ali,1881 Lasailly,3.4,Kroumirs,4.3,3,1
TN225551,Ain Drahem Ville,Aïn Draham,Jendouba,2.89,Kroumirs,5.5,Ouled Ali,3.5,Kroumirs,6.2,Ouled Ali,1881 Lasailly,3.5,Kroumirs,5.5,3,1
TN225561,Ain Salam,Aïn Draham,Jendouba,42.34,Kroumirs,9.2,Ghezoran,7.8,Kroumirs,8.2,Ghezoran,1881 Lasailly,7.8,Kroumirs,8.2,3,1
TN225554,El Atatfa,Aïn Draham,Jendouba,37.24,Kroumirs,1.9,Beni Mtir,6.2,Kroumirs,2.3,Kroumirs,1853 Pellissier,1.9,Beni Mtir,6.2,3,2
TN225555,El Homrane,Aïn Draham,Jendouba,57.6,Nefza,10.1,Chehida,6.7,Kroumirs,10.0,Chehida,1881 Lasailly,6.7,Kroumirs,9.7,3,1
TN225559,Er-Rouii,Aïn Draham,Jendouba,39.86,Meressen,9.9,Meressen,9.4,Kroumirs,20.1,Meressen,1881 Lasailly,9.4,Ouchtata,10.2,3,2
TN225556,Etbainia,Aïn Draham,Jendouba,44.15,Kroumirs,3.8,Ouled Ali,5.8,Kroumirs,3.2,Kroumirs,1881 Martel (1965),3.2,Ouled Ali,5.8,3,2
TN225557,Khemairia,Aïn Draham,Jendouba,58.15,Meressen,9.8,Ouled Ali,10.0,Kroumirs,15.7,Meressen,1853 Pellissier,9.8,Ouled Ali,10.0,3,1
TN225562,Oued Ezzan,Aïn Draham,Jendouba,49.57,Kroumirs,6.4,Kroumirs,6.6,Kroumirs,5.4,Kroumirs,1881 Martel (1965),5.4,Nefza,9.6,3,3
TN225553,Ouled Sedra,Aïn Draham,Jendouba,69.35,Kroumirs,6.3,Beni Mtir,1.9,Kroumirs,7.4,Beni Mtir,1881 Lasailly,1.9,Kroumirs,6.3,3,1
TN225558,Selloul,Aïn Draham,Jendouba,39.73,Meressen,8.2,Ouled Ali,5.2,Kroumirs,12.9,Ouled Ali,1881 Lasailly,5.2,Meressen,8.2,3,1
TN225560,Tegma,Aïn Draham,Jendouba,31.59,Meressen,10.0,Meressen,6.3,Ouchtata,20.8,Meressen,1881 Lasailly,6.3,Ouchtata,7.7,3,2
TN225959,Abdeljaber,Balta Bou Aouane,Jendouba,11.9,Ouled bou Salem,18.1,Zouagha,2.0,Kroumirs,23.6,Zouagha,1881 Lasailly,2.0,Ouled bou Salem,7.9,3,1
TN225951,Assila,Balta Bou Aouane,Jendouba,22.74,Ouled bou Salem,11.6,Ouled bou Salem,4.7,Kroumirs,28.3,Ouled bou Salem,1881 Lasailly,4.7,Zouagha,6.9,3,2
TN225958,Balta,Balta Bou Aouane,Jendouba,12.24,Ouled bou Salem,18.3,Zouagha,4.2,Kroumirs,21.5,Zouagha,1881 Lasailly,4.2,Chehida,8.7,3,1
TN225956,Beni M'Hamed,Balta Bou Aouane,Jendouba,24.34,Nefza,13.1,Chehida,2.7,Kroumirs,15.6,Chehida,1881 Lasailly,2.7,Zouagha,10.3,3,1
TN225960,Bou Aouane,Balta Bou Aouane,Jendouba,22.21,Ouled bou Salem,17.9,Zouagha,0.9,Nefza,25.7,Zouagha,1881 Lasailly,0.9,Ouled bou Salem,5.8,3,1
TN225962,Boulaaba,Balta Bou Aouane,Jendouba,31.02,Ghezoran,9.8,Ghezoran,6.5,Kroumirs,19.2,Ghezoran,1881 Lasailly,6.5,Ouled bou Salem,16.2,3,2
TN225955,Cheouaoula,Balta Bou Aouane,Jendouba,17.96,Ghezoran,12.7,Ghezoran,8.4,Kroumirs,13.3,Ghezoran,1881 Lasailly,8.4,Chehida,10.6,3,2
TN225953,El Aouaoudha,Balta Bou Aouane,Jendouba,35.74,Ghezoran,17.3,Zouagha,8.5,Kroumirs,18.7,Zouagha,1881 Lasailly,8.5,Chehida,9.8,3,1
TN225954,El Baldia,Balta Bou Aouane,Jendouba,21.5,Ghezoran,12.4,Ghezoran,8.1,Kroumirs,16.2,Ghezoran,1881 Lasailly,8.1,Chehida,12.7,3,2
TN225952,Ghezala,Balta Bou Aouane,Jendouba,29.04,Ghezoran,12.8,Ghezoran,8.7,Kroumirs,18.7,Ghezoran,1881 Lasailly,8.7,Zouagha,13.5,3,2
TN225961,Oued Kesseb,Balta Bou Aouane,Jendouba,31.06,Nefza,17.3,Zouagha,5.1,Kroumirs,22.2,Zouagha,1881 Lasailly,5.1,Chehida,6.2,3,1
TN225957,Somrane,Balta Bou Aouane,Jendouba,29.41,Ouled bou Salem,14.2,Zouagha,5.3,Kroumirs,24.2,Zouagha,1881 Lasailly,5.3,Ouled bou Salem,7.6,3,1
TN225356,Bir Lakhdar,Bousalem,Jendouba,28.52,Ouled bou Salem,3.4,Djendouba,2.9,Kroumirs,31.3,Djendouba,1881 Lasailly,2.9,Ouled bou Salem,3.4,3,1
TN225351,Bou Salem Nord,Bousalem,Jendouba,6.49,Ouled bou Salem,7.4,Djendouba,6.4,Kroumirs,28.3,Djendouba,1881 Lasailly,6.4,Ouled bou Salem,7.4,3,1
TN225352,Bou Salem Sud,Bousalem,Jendouba,1.65,Ouled bou Salem,8.0,Djendouba,6.6,Kroumirs,29.7,Djendouba,1881 Lasailly,6.6,Ouled bou Salem,7.3,3,1
TN225354,El Brahmi,Bousalem,Jendouba,46.76,Ouled bou Salem,10.6,Djendouba,10.6,Kroumirs,24.0,Ouled bou Salem,1853 Pellissier,10.6,Djendouba,10.6,3,1
TN225357,El Koudia,Bousalem,Jendouba,42.32,Ouled bou Salem,3.7,Djendouba,2.2,Kroumirs,35.7,Djendouba,1881 Lasailly,2.2,Ouled bou Salem,3.7,3,1
TN225355,El Marja,Bousalem,Jendouba,49.81,Ouled bou Salem,2.7,Djendouba,4.3,Kroumirs,33.8,Ouled bou Salem,1853 Pellissier,2.7,Djendouba,3.3,3,1
TN225358,El Msanghouche,Bousalem,Jendouba,44.43,Ouled bou Salem,8.3,Djendouba,6.9,Nefza,37.7,Djendouba,1881 Lasailly,6.9,Ouled bou Salem,8.3,3,1
TN225353,Erroumani,Bousalem,Jendouba,29.7,Ouled bou Salem,11.5,Ouled bou Salem,3.2,Nefza,31.3,Ouled bou Salem,1881 Lasailly,3.2,Zouagha,8.8,3,2
TN225359,Sidi Abid,Bousalem,Jendouba,46.88,Djendouba,6.1,Djendouba,7.3,Ouchtata,40.3,Djendouba,1853 Pellissier,6.1,Ouled bou Salem,6.5,3,2
TN225662,Ain El Beya,Fernana,Jendouba,18.71,Meressen,4.0,Ouled Soltan,1.3,Ouchtata,14.7,Ouled Soltan,1881 Lasailly,1.3,Meressen,4.0,3,1
TN225656,Beni M'Tir,Fernana,Jendouba,7.84,Ghezoran,7.7,Ouled Ali,3.1,Kroumirs,7.6,Ouled Ali,1881 Lasailly,3.1,Kroumirs,7.6,3,1
TN225663,Bou Hertma,Fernana,Jendouba,33.62,Ghezoran,6.6,Ghezoran,3.5,Kroumirs,10.8,Ghezoran,1881 Lasailly,3.5,Ouled Ali,8.7,3,2
TN225660,El Adhar,Fernana,Jendouba,29.87,Meressen,4.4,Ouled Soltan,7.6,Kroumirs,18.3,Meressen,1853 Pellissier,4.4,Ouled Soltan,7.6,3,1
TN225655,El Gouaidia,Fernana,Jendouba,33.28,Ghezoran,2.8,Ghezoran,4.8,Kroumirs,12.5,Ghezoran,1853 Pellissier,2.8,Ouled Ali,6.6,3,2
TN225651,Fernana,Fernana,Jendouba,33.61,Ghezoran,3.3,Ouled Soltan,6.8,Kroumirs,14.6,Ghezoran,1853 Pellissier,3.3,Ouled Soltan,6.8,3,1
TN225657,Gloub Ethirane,Fernana,Jendouba,20.05,Meressen,3.5,Ouled Soltan,1.8,Ouchtata,12.2,Ouled Soltan,1881 Lasailly,1.8,Meressen,3.5,3,1
TN225658,Gloub Ethirane Nord,Fernana,Jendouba,36.0,Meressen,4.3,Ouchtata,4.7,Ouchtata,10.1,Meressen,1853 Pellissier,4.3,Ouchtata,4.7,3,1
TN225664,Halima,Fernana,Jendouba,32.3,Meressen,8.1,Ouchtata,4.8,Ouchtata,8.3,Ouchtata,1881 Lasailly,4.8,Meressen,6.2,3,2
TN225659,Hedhil,Fernana,Jendouba,12.11,Meressen,3.5,Ouled Soltan,3.6,Ouchtata,16.5,Meressen,1853 Pellissier,3.5,Ouled Soltan,3.6,3,1
TN225661,Jaouaouada,Fernana,Jendouba,16.11,Meressen,6.1,Meressen,2.3,Ouchtata,15.9,Meressen,1881 Lasailly,2.3,Ouchtata,3.0,3,2
TN225652,Oued Ghrib,Fernana,Jendouba,38.43,Ghezoran,7.3,Ouled Soltan,5.5,Ouchtata,13.6,Ouled Soltan,1881 Lasailly,5.5,Ghezoran,7.3,3,1
TN225654,Ouled Mefada,Fernana,Jendouba,24.07,Meressen,9.1,Meressen,2.0,Ouchtata,14.3,Meressen,1881 Lasailly,2.0,Ouchtata,3.2,3,2
TN225653,Rabiaa,Fernana,Jendouba,33.35,Ghezoran,8.0,Ghezoran,8.6,Ouchtata,19.9,Ghezoran,1853 Pellissier,8.0,Ouled Soltan,13.2,3,2
TN225665,Sidi Ammar,Fernana,Jendouba,28.53,Ghezoran,4.3,Ghezoran,6.0,Kroumirs,19.2,Ghezoran,1853 Pellissier,4.3,Ouled Soltan,10.5,3,2
TN225755,Ain Soltane,Ghardimaou,Jendouba,59.13,Ouchtata,3.1,Ouled Sdira,4.4,Ouchtata,20.0,Ouchtata,1853 Pellissier,3.1,Ouled Sdira,4.4,3,2
TN225757,Ed-Daoura,Ghardimaou,Jendouba,32.58,Ouled Sdira,2.0,Hakim,13.4,Ouchtata,11.2,Ouled Sdira,1853 Pellissier,2.0,Ouchtata,11.2,3,1
TN225762,El Galaa,Ghardimaou,Jendouba,60.55,Ouled Sdira,9.4,Ouchtata,12.2,Ouchtata,7.3,Ouchtata,1881 Martel (1965),7.3,Ouled Sdira,9.4,3,2
TN225753,El Maaden,Ghardimaou,Jendouba,34.34,Ouchtata,14.0,Ouled Sdira,10.4,Ouchtata,12.3,Ouled Sdira,1881 Lasailly,10.4,Meressen,10.6,3,1
TN225754,Er-Rakha,Ghardimaou,Jendouba,54.99,Ouled Sdira,5.8,Hakim,8.4,Ouchtata,16.2,Ouled Sdira,1853 Pellissier,5.8,Hakim,8.4,3,1
TN225758,Es-Sraia,Ghardimaou,Jendouba,66.07,Ouchtata,8.2,Ouled Sdira,13.4,Ouchtata,29.0,Ouchtata,1853 Pellissier,8.2,Ouled Sdira,13.4,3,2
TN225760,Fej Hassine,Ghardimaou,Jendouba,62.64,Ouled Sdira,9.3,Hakim,5.6,Ouchtata,19.4,Hakim,1881 Lasailly,5.6,Ouled Sdira,9.3,3,1
TN225759,Forgassen,Ghardimaou,Jendouba,44.06,Ouchtata,10.1,Ouled Sdira,8.8,Ouchtata,12.3,Ouled Sdira,1881 Lasailly,8.8,Ouchtata,10.1,3,1
TN225751,Ghardimaou,Ghardimaou,Jendouba,1.86,Ouled Sdira,3.7,Hakim,10.3,Ouchtata,14.1,Ouled Sdira,1853 Pellissier,3.7,Hakim,10.3,3,1
TN225752,Ghardimaou Nord,Ghardimaou,Jendouba,2.26,Ouled Sdira,4.3,Hakim,10.5,Ouchtata,14.4,Ouled Sdira,1853 Pellissier,4.3,Hakim,10.5,3,1
TN225761,Mrassen,Ghardimaou,Jendouba,39.0,Ouled Sdira,6.6,Ouled Sdira,11.6,Ouchtata,13.8,Ouled Sdira,1853 Pellissier,6.6,Ouchtata,8.1,3,2
TN225756,Ouechtata,Ghardimaou,Jendouba,61.06,Ouchtata,7.0,Ouled Sdira,9.5,Ouchtata,27.9,Ouchtata,1853 Pellissier,7.0,Ouled Sdira,9.5,3,2
TN225256,Bulla-Regja,Jendouba Nord,Jendouba,37.01,Hakim,11.6,Ghezoran,13.1,Ouchtata,20.4,Hakim,1853 Pellissier,11.6,Ghezoran,12.9,3,1
TN225258,Chemtou,Jendouba Nord,Jendouba,37.14,Ouled Sdira,11.7,Ouled Soltan,13.8,Ouchtata,3.2,Ouchtata,1881 Martel (1965),3.2,Ouled Sdira,11.7,3,1
TN225259,Ed-Dir,Jendouba Nord,Jendouba,23.91,Meressen,10.3,Ouchtata,8.7,Ouchtata,4.3,Ouchtata,1881 Martel (1965),4.3,Meressen,10.3,3,2
TN225251,El Ferdous,Jendouba Nord,Jendouba,20.81,Hakim,5.7,Ouled Soltan,17.2,Ouchtata,16.1,Hakim,1853 Pellissier,5.7,Ouchtata,16.1,3,1
TN225252,El Hedi Ben Hassine,Jendouba Nord,Jendouba,5.39,Hakim,8.5,Ghezoran,16.6,Ouchtata,20.1,Hakim,1853 Pellissier,8.5,Djendouba,14.3,3,1
TN225254,El Khadhra,Jendouba Nord,Jendouba,31.49,Hakim,2.4,Ouled Soltan,19.3,Ouchtata,15.3,Hakim,1853 Pellissier,2.4,Ouchtata,15.3,3,1
TN225255,Es-Souani,Jendouba Nord,Jendouba,38.88,Hakim,8.4,Ouled Soltan,13.4,Ouchtata,10.8,Hakim,1853 Pellissier,8.4,Ouchtata,10.8,3,1
TN225253,Ezzouhour,Jendouba Nord,Jendouba,34.11,Djendouba,11.1,Djendouba,12.5,Kroumirs,26.2,Djendouba,1853 Pellissier,11.1,Ouled bou Salem,11.6,3,2
TN225260,Souk Djemaa,Jendouba Nord,Jendouba,24.62,Meressen,9.3,Ouled Soltan,7.7,Ouchtata,6.0,Ouchtata,1881 Martel (1965),6.0,Ouled Soltan,7.7,3,1
TN225257,Zatfoura,Jendouba Nord,Jendouba,36.1,Ghezoran,10.7,Ouled Soltan,9.5,Ouchtata,12.4,Ouled Soltan,1881 Lasailly,9.5,Ghezoran,10.7,3,1
TN225159,Ain Karima,Jendouba Sud,Jendouba,25.53,Djendouba,8.4,Djendouba,15.3,Ouchtata,29.9,Djendouba,1853 Pellissier,8.4,Ouled bou Salem,13.5,3,2
TN225158,El Aitha,Jendouba Sud,Jendouba,16.09,Djendouba,5.4,Djendouba,12.3,Ouchtata,30.8,Djendouba,1853 Pellissier,5.4,Ouled bou Salem,10.5,3,2
TN225162,El Azima,Jendouba Sud,Jendouba,20.71,Djendouba,6.8,Djendouba,9.1,Ouchtata,29.4,Djendouba,1853 Pellissier,6.8,Ouled bou Salem,7.9,3,2
TN225155,El Malga,Jendouba Sud,Jendouba,32.11,Djendouba,8.7,Djendouba,14.0,Ouchtata,25.7,Djendouba,1853 Pellissier,8.7,Hakim,11.8,3,2
TN225161,El-Jerif,Jendouba Sud,Jendouba,38.53,Hakim,3.3,Ouled Soltan,24.9,Ouchtata,18.9,Hakim,1853 Pellissier,3.3,Ouchtata,18.9,3,1
TN225153,En-Nour,Jendouba Sud,Jendouba,0.92,Hakim,8.8,Djendouba,17.5,Ouchtata,21.9,Hakim,1853 Pellissier,8.8,Djendouba,12.5,3,1
TN225154,Es-Saada,Jendouba Sud,Jendouba,37.78,Hakim,4.7,Djendouba,22.0,Ouchtata,21.3,Hakim,1853 Pellissier,4.7,Djendouba,15.8,3,1
TN225156,Ettataouer,Jendouba Sud,Jendouba,16.34,Hakim,8.4,Djendouba,17.7,Ouchtata,24.0,Hakim,1853 Pellissier,8.4,Djendouba,11.6,3,1
TN225151,Ezzeghaida,Jendouba Sud,Jendouba,1.81,Hakim,7.4,Ghezoran,18.5,Ouchtata,20.7,Hakim,1853 Pellissier,7.4,Djendouba,13.8,3,1
TN225152,Jendouba Sud,Jendouba Sud,Jendouba,2.2,Hakim,7.6,Djendouba,18.3,Ouchtata,21.6,Hakim,1853 Pellissier,7.6,Djendouba,13.0,3,1
TN225160,Maalla,Jendouba Sud,Jendouba,34.03,Hakim,9.7,Djendouba,20.6,Ouchtata,26.6,Hakim,1853 Pellissier,9.7,Djendouba,13.8,3,1
TN225157,Souk Es-Sebt,Jendouba Sud,Jendouba,28.23,Djendouba,3.2,Djendouba,10.1,Ouchtata,32.6,Djendouba,1853 Pellissier,3.2,Ouled bou Salem,8.4,3,2
TN225853,Dkhailia,Oued Mliz,Jendouba,43.31,Ouled Sdira,8.1,Ouchtata,13.6,Ouchtata,3.1,Ouchtata,1881 Martel (1965),3.1,Ouled Sdira,8.1,3,2
TN225854,Hakim Nord,Oued Mliz,Jendouba,21.92,Hakim,6.8,Ouled Soltan,17.5,Ouchtata,10.1,Hakim,1853 Pellissier,6.8,Ouchtata,10.1,3,1
TN225855,Hakim Sud,Oued Mliz,Jendouba,58.32,Hakim,7.0,Ouled Soltan,22.3,Ouchtata,13.2,Hakim,1853 Pellissier,7.0,Ouchtata,13.2,3,1
TN225851,Oued Meliz Est,Oued Mliz,Jendouba,41.75,Ouled Sdira,8.3,Hakim,17.9,Ouchtata,10.5,Ouled Sdira,1853 Pellissier,8.3,Ouchtata,10.5,3,1
TN225852,Oued Meliz Ouest,Oued Mliz,Jendouba,33.06,Ouled Sdira,4.7,Hakim,13.7,Ouchtata,11.7,Ouled Sdira,1853 Pellissier,4.7,Ouchtata,11.7,3,1
TN225458,Ain Es-Snoussi,Tabarka,Jendouba,59.29,Nefza,5.5,Chehida,7.2,Kroumirs,16.9,Nefza,1853 Pellissier,5.5,Chehida,7.2,3,1
TN225455,Ain Es-Sobh,Tabarka,Jendouba,69.65,Nefza,10.5,Mekena,4.8,Kroumirs,22.2,Mekena,1881 Lasailly,4.8,Nefza,10.5,3,1
TN225453,El Hamdia,Tabarka,Jendouba,31.07,Nefza,9.8,Kroumirs,6.7,Kroumirs,13.7,Kroumirs,1881 Lasailly,6.7,Nefza,9.8,3,2
TN225454,El Hammam,Tabarka,Jendouba,48.96,Nefza,3.9,Kroumirs,2.4,Kroumirs,12.9,Kroumirs,1881 Lasailly,2.4,Nefza,3.9,3,2
TN225457,Melloula,Tabarka,Jendouba,39.3,Kroumirs,15.4,Beni Mtir,11.0,Kroumirs,16.2,Beni Mtir,1881 Lasailly,11.0,Kroumirs,15.0,3,1
TN225456,Nadhour,Tabarka,Jendouba,63.7,Nefza,4.8,Kroumirs,9.4,Kroumirs,19.3,Nefza,1853 Pellissier,4.8,Kroumirs,9.4,3,1
TN225452,Raihane,Tabarka,Jendouba,50.02,Kroumirs,9.5,Kroumirs,7.8,Kroumirs,10.0,Kroumirs,1881 Lasailly,7.8,Beni Mtir,8.5,3,3
TN225451,Tabarka,Tabarka,Jendouba,14.36,Nefza,14.5,Kroumirs,11.2,Kroumirs,16.3,Kroumirs,1881 Lasailly,11.2,Beni Mtir,13.7,3,2
TN415751,El Alaa,Alaa,Kairouan,23.68,Zlass,26.8,Zlass,14.7,Ouled Aoun,47.3,Zlass,1881 Lasailly,14.7,Ouled Aoun,47.3,3,2
TN415753,El Guettar,Alaa,Kairouan,19.38,Zlass,32.1,Zlass,8.3,Ouled Aoun,46.1,Zlass,1881 Lasailly,8.3,Ouled Aoun,46.1,3,2
TN415752,El Messaid,Alaa,Kairouan,49.34,Zlass,30.0,Zlass,11.7,Ouled Aoun,35.9,Zlass,1881 Lasailly,11.7,Ouled Aoun,35.9,3,2
TN415754,Messiouta El Hanachir,Alaa,Kairouan,33.77,Zlass,37.3,Zlass,5.5,Ouled Aoun,40.2,Zlass,1881 Lasailly,5.5,Ouled Aoun,40.2,3,2
TN415755,Messiouta Ennaguaz,Alaa,Kairouan,43.08,Zlass,34.6,Zlass,4.7,Ouled Aoun,43.8,Zlass,1881 Lasailly,4.7,Ouled Aoun,43.8,3,2
TN415758,Ouled Amor,Alaa,Kairouan,25.33,Zlass,29.0,Zlass,10.4,Ouled Aoun,40.7,Zlass,1881 Lasailly,10.4,Ouled Aoun,40.7,3,2
TN415756,Sayada Nord,Alaa,Kairouan,60.01,Mejers,44.0,Zlass,10.3,Ouled Ayar,38.4,Zlass,1881 Lasailly,10.3,Ouled Ayar,38.4,3,1
TN415757,Sayada Sud,Alaa,Kairouan,52.84,Mejers,41.3,Zlass,3.6,Ouled Ayar,45.2,Zlass,1881 Lasailly,3.6,Mejers,41.3,3,1
TN415759,Tarza Nord,Alaa,Kairouan,53.87,Zlass,32.7,Zlass,14.3,Ouled Aoun,53.2,Zlass,1881 Lasailly,14.3,Mejers,49.6,3,2
TN416162,Bir Bousari,Bouhajla,Kairouan,36.78,Zlass,17.4,M'Talith,41.9,Zlass,49.8,Zlass,1853 Pellissier,17.4,Oulad Khalifa,19.3,3,2
TN416160,Bir Msikine,Bouhajla,Kairouan,40.82,Zlass,6.3,M'Talith,35.6,Zlass,39.4,Zlass,1853 Pellissier,6.3,Oulad Khalifa,18.0,3,2
TN416151,Bouhajla Centre,Bouhajla,Kairouan,32.18,Oulad Khalifa,12.3,M'Talith,33.0,Zlass,46.4,Oulad Khalifa,1853 Pellissier,12.3,Zlass,13.1,3,1
TN416152,Bouhajla El Ahouez,Bouhajla,Kairouan,33.07,Oulad Khalifa,13.9,M'Talith,35.9,Zlass,48.5,Oulad Khalifa,1853 Pellissier,13.9,Zlass,15.0,3,1
TN416163,Cheraitia Nord,Bouhajla,Kairouan,71.58,Oulad Khalifa,5.6,M'Talith,27.8,Souassi,54.1,Oulad Khalifa,1853 Pellissier,5.6,M'Talith,20.1,3,1
TN416164,Chouamekh,Bouhajla,Kairouan,34.64,Zlass,7.5,M'Talith,40.1,Zlass,40.4,Zlass,1853 Pellissier,7.5,Oulad Khalifa,20.4,3,2
TN416157,El Fatah,Bouhajla,Kairouan,56.3,Oulad Khalifa,10.7,M'Talith,27.0,Zlass,45.3,Oulad Khalifa,1853 Pellissier,10.7,Zlass,14.4,3,1
TN416155,El Ketitir,Bouhajla,Kairouan,48.84,Oulad Khalifa,4.0,M'Talith,25.8,Souassi,49.7,Oulad Khalifa,1853 Pellissier,4.0,M'Talith,19.8,3,1
TN416161,El Mouisset,Bouhajla,Kairouan,37.21,Zlass,13.6,M'Talith,40.8,Zlass,46.2,Zlass,1853 Pellissier,13.6,Oulad Khalifa,19.0,3,2
TN416159,Ennasr,Bouhajla,Kairouan,111.54,Zlass,8.3,M'Talith,33.3,Zlass,35.2,Zlass,1853 Pellissier,8.3,Oulad Khalifa,20.8,3,2
TN416154,Jehina Nord,Bouhajla,Kairouan,45.24,Oulad Khalifa,14.9,M'Talith,37.8,Zlass,56.2,Oulad Khalifa,1853 Pellissier,14.9,Zlass,22.9,3,1
TN416153,Jehina Sud,Bouhajla,Kairouan,29.94,Oulad Khalifa,9.7,M'Talith,32.5,Zlass,57.0,Oulad Khalifa,1853 Pellissier,9.7,Zlass,23.6,3,1
TN416156,Ouled Achour,Bouhajla,Kairouan,55.35,Oulad Khalifa,5.6,M'Talith,19.7,Souassi,43.4,Oulad Khalifa,1853 Pellissier,5.6,M'Talith,14.9,3,1
TN416158,Ouled Fardjallah Nord,Bouhajla,Kairouan,55.98,Oulad Khalifa,6.3,M'Talith,19.7,Souassi,47.7,Oulad Khalifa,1853 Pellissier,6.3,M'Talith,11.4,3,1
TN415355,Abida,Chebika,Kairouan,73.15,Zlass,8.4,M'Talith,48.9,Zlass,28.6,Zlass,1853 Pellissier,8.4,Oulad Khalifa,32.2,3,2
TN415351,Echbika,Chebika,Kairouan,85.41,Zlass,18.5,Zlass,43.6,Zlass,29.5,Zlass,1853 Pellissier,18.5,Oulad Khalifa,40.9,3,3
TN415353,El Aouamria,Chebika,Kairouan,25.77,Zlass,19.1,Souassi,48.1,Zlass,20.5,Zlass,1853 Pellissier,19.1,Oulad Khalifa,43.3,3,2
TN415358,El Karma,Chebika,Kairouan,68.85,Zlass,21.7,Zlass,36.6,Zlass,41.5,Zlass,1853 Pellissier,21.7,Oulad Khalifa,38.1,3,3
TN415354,Errouisset,Chebika,Kairouan,119.43,Zlass,10.5,Souassi,42.6,Zlass,21.9,Zlass,1853 Pellissier,10.5,Souassi,42.6,3,2
TN415357,Hammed,Chebika,Kairouan,44.8,Zlass,14.1,Zlass,44.3,Zlass,37.9,Zlass,1853 Pellissier,14.1,Oulad Khalifa,31.9,3,3
TN415352,Jaouaouda,Chebika,Kairouan,64.9,Zlass,15.5,Zlass,44.9,Zlass,24.8,Zlass,1853 Pellissier,15.5,Oulad Khalifa,47.0,3,3
TN415356,Sidi Ali Ben Salem,Chebika,Kairouan,30.32,Zlass,16.3,Zlass,42.8,Zlass,34.0,Zlass,1853 Pellissier,16.3,Oulad Khalifa,36.9,3,3
TN416052,Bir El Helou,Chrarda,Kairouan,63.15,Ouled Redouan,10.2,M'Talith,27.2,M'Talith,48.9,Ouled Redouan,1853 Pellissier,10.2,M'Talith,18.1,3,1
TN416054,Cheraitia Sud,Chrarda,Kairouan,72.84,Oulad Khalifa,13.2,M'Talith,26.4,M'Talith,54.8,Oulad Khalifa,1853 Pellissier,13.2,Ouled Redouan,16.8,3,1
TN416051,Echrarda,Chrarda,Kairouan,74.47,Ouled Redouan,9.9,M'Talith,34.2,M'Talith,51.8,Ouled Redouan,1853 Pellissier,9.9,Ouled el Goussem,22.9,3,1
TN416055,El Ksour,Chrarda,Kairouan,65.83,Oulad Khalifa,13.3,M'Talith,32.9,,,Oulad Khalifa,1853 Pellissier,13.3,Ouled Redouan,23.6,2,1
TN416053,Ouled Farjallah Sud,Chrarda,Kairouan,53.61,M'Talith,8.3,M'Talith,17.5,Souassi,47.3,M'Talith,1853 Pellissier,8.3,Oulad Khalifa,14.6,3,2
TN415656,Cherichira,Haffouz,Kairouan,120.6,Zlass,11.6,Zlass,33.1,Zlass,35.8,Zlass,1853 Pellissier,11.6,Ouled Aoun,50.0,3,3
TN415654,El Ain El Beidha,Haffouz,Kairouan,74.98,Zlass,31.4,Zlass,28.8,Zlass,52.1,Zlass,1881 Lasailly,28.8,Oulad Khalifa,43.1,3,3
TN415655,El Houfia,Haffouz,Kairouan,95.06,Zlass,19.3,Zlass,30.9,Zlass,40.1,Zlass,1853 Pellissier,19.3,Oulad Khalifa,47.9,3,3
TN415651,Hafouz Centre,Haffouz,Kairouan,27.09,Zlass,20.6,Zlass,23.5,Zlass,46.1,Zlass,1853 Pellissier,20.6,Ouled Aoun,50.0,3,3
TN415652,Khit El Oued,Haffouz,Kairouan,103.7,Zlass,17.8,Zlass,21.5,Ouled Aoun,39.5,Zlass,1853 Pellissier,17.8,Ouled Aoun,39.5,3,2
TN415653,Oued El Jabbes,Haffouz,Kairouan,57.06,Zlass,23.0,Zlass,19.9,Ouled Aoun,48.8,Zlass,1881 Lasailly,19.9,Ouled Aoun,48.8,3,2
TN415658,Ouled Khalfallah,Haffouz,Kairouan,55.27,Zlass,24.8,Zlass,34.1,Zlass,45.9,Zlass,1853 Pellissier,24.8,Oulad Khalifa,38.8,3,3
TN415657,Traza Sud,Haffouz,Kairouan,77.55,Zlass,32.2,Zlass,20.4,Zlass,55.4,Zlass,1881 Lasailly,20.4,Oulad Khalifa,51.5,3,3
TN415852,Ahouaz El Hajeb,Hajeb El Ayoun,Kairouan,46.05,Mejers,37.4,Zlass,30.8,,,Zlass,1881 Lasailly,30.8,Mejers,37.4,2,1
TN415853,Chaouachi,Hajeb El Ayoun,Kairouan,87.59,Zlass,38.6,Zlass,12.5,Ouled Aoun,55.7,Zlass,1881 Lasailly,12.5,Mejers,43.7,3,2
TN415857,El Ghouiba,Hajeb El Ayoun,Kairouan,37.42,Mejers,42.3,Zlass,30.1,,,Zlass,1881 Lasailly,30.1,Mejers,42.3,2,1
TN415856,El Hadaya,Hajeb El Ayoun,Kairouan,106.5,Zlass,39.2,Zlass,28.1,,,Zlass,1881 Lasailly,28.1,Oulad Khalifa,45.9,2,2
TN415851,El Hajeb Centre,Hajeb El Ayoun,Kairouan,14.17,Mejers,38.9,Zlass,25.8,,,Zlass,1881 Lasailly,25.8,Mejers,38.9,2,1
TN415855,El Kantra,Hajeb El Ayoun,Kairouan,39.16,Mejers,38.5,Zlass,19.9,,,Zlass,1881 Lasailly,19.9,Mejers,38.5,2,1
TN415859,Errehima,Hajeb El Ayoun,Kairouan,52.26,Zlass,38.6,Zlass,23.9,Zlass,59.6,Zlass,1881 Lasailly,23.9,Oulad Khalifa,48.6,3,3
TN415854,Esserja,Hajeb El Ayoun,Kairouan,50.9,Mejers,39.0,Zlass,8.8,Ouled Aoun,54.2,Zlass,1881 Lasailly,8.8,Mejers,39.0,3,1
TN415858,Oued El Hajel,Hajeb El Ayoun,Kairouan,148.89,Oulad Khalifa,44.0,Zlass,38.2,,,Zlass,1881 Lasailly,38.2,Oulad Khalifa,44.0,2,1
TN415158,Al Aghalba,Kairouan Nord,Kairouan,1.18,Zlass,18.1,Souassi,45.6,Zlass,15.7,Zlass,1881 Martel (1965),15.7,Oulad Amer,40.9,3,2
TN415151,Al Ansar,Kairouan Nord,Kairouan,0.11,Zlass,18.7,Souassi,44.9,Zlass,14.8,Zlass,1881 Martel (1965),14.8,Oulad Amer,40.2,3,2
TN415160,Dheraa Ettammar,Kairouan Nord,Kairouan,54.0,Zlass,26.2,Souassi,37.4,Zlass,7.7,Zlass,1881 Martel (1965),7.7,Souassi,37.4,3,2
TN415162,El Ghabet,Kairouan Nord,Kairouan,44.98,Zlass,26.0,Souassi,39.1,Zlass,9.7,Zlass,1881 Martel (1965),9.7,Souassi,39.1,3,2
TN415152,El Jemaa Nord,Kairouan Nord,Kairouan,1.47,Zlass,20.1,Souassi,43.5,Zlass,13.3,Zlass,1881 Martel (1965),13.3,Oulad Amer,40.8,3,2
TN415153,El Jemaa Sud,Kairouan Nord,Kairouan,1.17,Zlass,19.4,Souassi,44.3,Zlass,14.1,Zlass,1881 Martel (1965),14.1,Oulad Amer,40.1,3,2
TN415157,El Menchia,Kairouan Nord,Kairouan,1.17,Zlass,18.8,Souassi,44.9,Zlass,15.0,Zlass,1881 Martel (1965),15.0,Oulad Amer,41.6,3,2
TN415159,Elbaten,Kairouan Nord,Kairouan,110.09,Zlass,21.7,Souassi,39.6,Zlass,12.6,Zlass,1881 Martel (1965),12.6,Souassi,39.6,3,2
TN415155,Jeblia Nord,Kairouan Nord,Kairouan,5.09,Zlass,20.2,Souassi,43.5,Zlass,13.5,Zlass,1881 Martel (1965),13.5,Oulad Amer,42.2,3,2
TN415156,Jeblia Sud,Kairouan Nord,Kairouan,0.35,Zlass,18.5,Souassi,45.1,Zlass,15.0,Zlass,1881 Martel (1965),15.0,Oulad Amer,40.5,3,2
TN415154,Kebilia Nord,Kairouan Nord,Kairouan,0.78,Zlass,18.1,Souassi,45.5,Zlass,15.4,Zlass,1881 Martel (1965),15.4,Oulad Amer,40.0,3,2
TN415161,Metbasta,Kairouan Nord,Kairouan,30.46,Zlass,31.2,Souassi,32.9,Zlass,3.2,Zlass,1881 Martel (1965),3.2,Souassi,32.9,3,2
TN415265,Beriket El Argoub,Kairouan Sud,Kairouan,19.82,Zlass,13.8,Zlass,46.9,Zlass,42.6,Zlass,1853 Pellissier,13.8,Oulad Khalifa,26.6,3,3
TN415264,El Hammam,Kairouan Sud,Kairouan,37.13,Zlass,6.2,M'Talith,45.0,Zlass,35.5,Zlass,1853 Pellissier,6.2,Oulad Khalifa,26.3,3,2
TN415263,El Khadra,Kairouan Sud,Kairouan,22.51,Zlass,8.7,M'Talith,44.1,Zlass,39.5,Zlass,1853 Pellissier,8.7,Oulad Khalifa,24.1,3,2
TN415260,El Makhsouma,Kairouan Sud,Kairouan,42.42,Zlass,15.5,M'Talith,38.9,Zlass,26.2,Zlass,1853 Pellissier,15.5,Oulad Amer,25.4,3,2
TN415261,El Nebech,Kairouan Sud,Kairouan,44.64,Zlass,14.1,M'Talith,32.5,Zlass,32.9,Zlass,1853 Pellissier,14.1,Oulad Amer,19.5,3,2
TN415251,Elmansoura Nord,Kairouan Sud,Kairouan,2.64,Zlass,16.7,Souassi,46.9,Zlass,16.9,Zlass,1853 Pellissier,16.7,Oulad Amer,39.6,3,2
TN415252,Elmansoura Sud,Kairouan Sud,Kairouan,2.06,Zlass,16.3,Souassi,47.3,Zlass,17.2,Zlass,1853 Pellissier,16.3,Oulad Amer,38.6,3,2
TN415257,Ettaen,Kairouan Sud,Kairouan,4.25,Zlass,17.4,Souassi,46.4,Zlass,16.2,Zlass,1881 Martel (1965),16.2,Oulad Amer,37.9,3,2
TN415253,Keblia Sud,Kairouan Sud,Kairouan,2.74,Zlass,16.9,Souassi,46.7,Zlass,16.5,Zlass,1881 Martel (1965),16.5,Oulad Amer,38.5,3,2
TN415259,Khazazia,Kairouan Sud,Kairouan,42.93,Zlass,19.5,M'Talith,42.5,Zlass,22.4,Zlass,1853 Pellissier,19.5,Oulad Amer,28.7,3,2
TN415254,Merguellil,Kairouan Sud,Kairouan,46.89,Zlass,15.4,Souassi,49.7,Zlass,20.6,Zlass,1853 Pellissier,15.4,Oulad Khalifa,39.5,3,2
TN415258,Ouled Nhar,Kairouan Sud,Kairouan,50.73,Zlass,21.5,M'Talith,45.9,Zlass,19.1,Zlass,1881 Martel (1965),19.1,Oulad Amer,32.1,3,2
TN415255,Rakada,Kairouan Sud,Kairouan,28.94,Zlass,11.9,M'Talith,49.3,Zlass,21.9,Zlass,1853 Pellissier,11.9,Oulad Khalifa,35.7,3,2
TN415262,Zaafrana,Kairouan Sud,Kairouan,113.57,Zlass,6.3,M'Talith,41.8,Zlass,27.9,Zlass,1853 Pellissier,6.3,Oulad Khalifa,28.5,3,2
TN415256,Zroud,Kairouan Sud,Kairouan,57.74,Zlass,18.8,Souassi,46.1,Zlass,16.1,Zlass,1881 Martel (1965),16.1,Oulad Amer,36.0,3,2
TN415958,El Briket,Nasrallah,Kairouan,57.32,Oulad Khalifa,18.8,M'Talith,39.2,,,Oulad Khalifa,1853 Pellissier,18.8,Ouled Redouan,26.5,2,1
TN415954,El Fejij,Nasrallah,Kairouan,114.21,Zlass,22.8,Zlass,44.5,Zlass,52.4,Zlass,1853 Pellissier,22.8,Oulad Khalifa,27.4,3,3
TN415953,El Hmidet,Nasrallah,Kairouan,34.95,Zlass,18.6,Zlass,41.5,Zlass,44.4,Zlass,1853 Pellissier,18.6,Oulad Khalifa,31.4,3,3
TN415957,El Kabbara,Nasrallah,Kairouan,62.74,Oulad Khalifa,33.2,M'Talith,53.8,,,Oulad Khalifa,1853 Pellissier,33.2,Ouled el Goussem,35.2,2,1
TN415956,El Manara,Nasrallah,Kairouan,143.13,Oulad Khalifa,32.0,Zlass,48.4,,,Oulad Khalifa,1853 Pellissier,32.0,Zlass,36.9,2,1
TN415955,Ettouila,Nasrallah,Kairouan,113.51,Zlass,31.3,Zlass,37.0,Zlass,58.1,Zlass,1853 Pellissier,31.3,Oulad Khalifa,36.1,3,3
TN415952,Nasrallah Banlieue,Nasrallah,Kairouan,133.74,Oulad Khalifa,22.9,M'Talith,45.0,,,Oulad Khalifa,1853 Pellissier,22.9,Zlass,32.0,2,1
TN415951,Nasrallah Centre,Nasrallah,Kairouan,25.48,Zlass,26.3,Zlass,46.1,Zlass,56.8,Zlass,1853 Pellissier,26.3,Oulad Khalifa,27.0,3,3
TN415559,Ain Djeloula,Oueslatia,Kairouan,95.3,Zlass,0.5,Zlass,39.7,Zlass,31.4,Zlass,1853 Pellissier,0.5,Ouled Aoun,42.6,3,3
TN415558,Djebel Erreihane,Oueslatia,Kairouan,71.94,Zlass,13.2,Zlass,29.0,Ouled Aoun,33.7,Zlass,1853 Pellissier,13.2,Ouled Aoun,33.7,3,2
TN415555,Djebel Essarj,Oueslatia,Kairouan,91.76,Zlass,24.0,Ouled Aoun,19.3,Ouled Aoun,19.8,Ouled Aoun,1881 Lasailly,19.3,Zlass,24.0,3,2
TN415557,Djebel Oouestat,Oueslatia,Kairouan,100.44,Zlass,6.5,Zlass,33.3,Zlass,38.1,Zlass,1853 Pellissier,6.5,Ouled Aoun,39.3,3,3
TN415561,El Behair,Oueslatia,Kairouan,75.04,Zlass,23.9,Ouled Aoun,25.3,Ouled Aoun,22.6,Ouled Aoun,1881 Martel (1965),22.6,Zlass,23.9,3,2
TN415554,El Menzel,Oueslatia,Kairouan,103.92,Zlass,22.4,Zlass,19.9,Ouled Aoun,32.5,Zlass,1881 Lasailly,19.9,Ouled Aoun,32.5,3,2
TN415552,El Ooueslatia Est,Oueslatia,Kairouan,11.27,Zlass,19.0,Ouled Aoun,27.3,Ouled Aoun,25.9,Zlass,1853 Pellissier,19.0,Ouled Aoun,25.9,3,1
TN415553,El Ooueslatia Ouest,Oueslatia,Kairouan,0.69,Zlass,20.6,Ouled Aoun,26.9,Ouled Aoun,25.1,Zlass,1853 Pellissier,20.6,Ouled Aoun,25.1,3,1
TN415551,Maarouf,Oueslatia,Kairouan,103.99,Zlass,25.2,Ouled Aoun,21.6,Ouled Aoun,26.0,Ouled Aoun,1881 Lasailly,21.6,Zlass,25.2,3,2
TN415560,Oued El Ksab,Oueslatia,Kairouan,81.79,Zlass,29.4,Ouled Aoun,26.6,Ouled Aoun,32.4,Ouled Aoun,1881 Lasailly,26.6,Zlass,29.4,3,2
TN415556,Zaghdoud,Oueslatia,Kairouan,176.33,Zlass,15.3,Ouled Aoun,28.2,Ouled Aoun,30.2,Zlass,1853 Pellissier,15.3,Ouled Aoun,28.2,3,1
TN415452,Ain Bou Morra,Sbikha,Kairouan,32.24,Zlass,22.9,Souassi,26.1,Zlass,26.4,Zlass,1853 Pellissier,22.9,Souassi,26.1,3,2
TN415463,Chogafia,Sbikha,Kairouan,90.4,Zlass,13.0,Souassi,36.4,Zlass,29.1,Zlass,1853 Pellissier,13.0,Souassi,36.4,3,2
TN415462,Ech-Chorfa,Sbikha,Kairouan,85.44,Zlass,10.0,Souassi,37.7,Zlass,23.0,Zlass,1853 Pellissier,10.0,Souassi,37.7,3,2
TN415455,Ed-Dekhila,Sbikha,Kairouan,91.69,Zlass,18.7,Souassi,30.4,Zlass,15.2,Zlass,1881 Martel (1965),15.2,Souassi,30.4,3,2
TN415456,Ed-Dheriaat,Sbikha,Kairouan,106.95,Ouled Saïd,25.9,Souassi,13.2,Ouled Saïd,17.9,Souassi,1881 Lasailly,13.2,Ouled Saïd,17.9,3,1
TN415458,El Alam,Sbikha,Kairouan,144.09,Zlass,28.4,Souassi,24.4,Zlass,8.4,Zlass,1881 Martel (1965),8.4,Souassi,24.4,3,2
TN415460,El Aouitha,Sbikha,Kairouan,52.99,Ouled Saïd,17.6,Souassi,8.6,Ouled Saïd,10.4,Souassi,1881 Lasailly,8.6,Ouled Saïd,10.4,3,1
TN415453,El Friouet,Sbikha,Kairouan,53.14,Zlass,27.4,Souassi,21.3,Zlass,25.7,Souassi,1881 Lasailly,21.3,Zlass,25.7,3,1
TN415457,El Gfi,Sbikha,Kairouan,64.75,Ouled Saïd,13.5,Souassi,1.8,Ouled Saïd,6.2,Souassi,1881 Lasailly,1.8,Ouled Saïd,6.2,3,1
TN415459,El Katifa,Sbikha,Kairouan,57.3,Ouled Saïd,30.4,Souassi,18.2,Zlass,12.9,Zlass,1881 Martel (1965),12.9,Souassi,18.2,3,1
TN415465,Oued El Khraouia,Sbikha,Kairouan,33.39,Ouled Saïd,21.6,Souassi,9.1,Ouled Saïd,14.4,Souassi,1881 Lasailly,9.1,Ouled Saïd,14.4,3,1
TN415451,Sbikha Centre,Sbikha,Kairouan,24.45,Zlass,26.5,Souassi,20.8,Zlass,20.0,Zlass,1881 Martel (1965),20.0,Souassi,20.8,3,2
TN415464,Serdiania,Sbikha,Kairouan,51.62,Zlass,20.4,Souassi,27.1,Zlass,22.5,Zlass,1853 Pellissier,20.4,Souassi,27.1,3,2
TN415454,Sidi Messaoud,Sbikha,Kairouan,116.15,Zlass,25.0,Souassi,29.2,Zlass,33.2,Zlass,1853 Pellissier,25.0,Souassi,29.2,3,2
TN415461,Sisseb,Sbikha,Kairouan,53.61,Ouled Saïd,21.2,Souassi,9.6,Ouled Saïd,13.3,Souassi,1881 Lasailly,9.6,Ouled Saïd,13.3,3,1
TN425856,Ain Esselsela,Ayoun,Kassérine,58.33,Mejers,31.5,Mejers,15.8,Mejers,17.6,Mejers,1881 Lasailly,15.8,Ouled Ayar,28.4,3,3
TN425851,El Ayoun,Ayoun,Kassérine,70.45,Mejers,33.9,Mejers,10.2,Mejers,12.1,Mejers,1881 Lasailly,10.2,Zeghalma,30.6,3,3
TN425854,El Baouajer,Ayoun,Kassérine,69.23,Frechiche,37.7,Mejers,5.6,Mejers,7.5,Mejers,1881 Lasailly,5.6,Zeghalma,25.7,3,2
TN425853,El Brek,Ayoun,Kassérine,41.31,Mejers,30.7,Mejers,16.1,Mejers,17.7,Mejers,1881 Lasailly,16.1,Frechiche,32.3,3,3
TN425852,El Grine,Ayoun,Kassérine,56.16,Mejers,27.0,Mejers,22.8,Mejers,24.4,Mejers,1881 Lasailly,22.8,Frechiche,31.5,3,3
TN425855,Tiwicha,Ayoun,Kassérine,116.09,Mejers,24.2,Mejers,19.8,Mejers,21.7,Mejers,1881 Lasailly,19.8,Ouartan,37.9,3,3
TN425351,Ezzouhour Est (1),Ezzouhour,Kassérine,0.28,Mejers,31.4,Frechiche,47.8,Frechiche,26.9,Frechiche,1881 Martel (1965),26.9,Mejers,31.4,3,2
TN425352,Ezzouhour Est (2),Ezzouhour,Kassérine,0.52,Mejers,31.6,Frechiche,48.8,Frechiche,27.5,Frechiche,1881 Martel (1965),27.5,Mejers,31.6,3,2
TN425353,Ezzouhour Ouest (1),Ezzouhour,Kassérine,0.16,Mejers,31.8,Frechiche,48.3,Frechiche,27.0,Frechiche,1881 Martel (1965),27.0,Mejers,31.8,3,2
TN425354,Ezzouhour Ouest (2),Ezzouhour,Kassérine,0.58,Mejers,32.1,Frechiche,48.7,Frechiche,27.2,Frechiche,1881 Martel (1965),27.2,Mejers,32.1,3,2
TN425355,Ezzouhour Ouest (3),Ezzouhour,Kassérine,0.75,Mejers,32.5,Frechiche,48.0,Frechiche,26.4,Frechiche,1881 Martel (1965),26.4,Mejers,32.5,3,2
TN425356,Ezzouhour Ouest (4),Ezzouhour,Kassérine,0.89,Mejers,32.9,Frechiche,47.1,Frechiche,25.5,Frechiche,1881 Martel (1965),25.5,Mejers,32.9,3,2
TN426262,Abdeladhim,Feriana,Kassérine,119.67,Frechiche,11.4,Frechiche,32.9,Frechiche,2.5,Frechiche,1881 Martel (1965),2.5,Mejers,51.4,3,3
TN426258,Bouchebka,Feriana,Kassérine,128.56,Frechiche,5.9,Frechiche,41.1,Frechiche,14.2,Frechiche,1853 Pellissier,5.9,Ouled Sidi Abid,50.6,3,3
TN426260,Bouhaya,Feriana,Kassérine,76.37,Frechiche,13.0,Frechiche,41.8,Frechiche,11.3,Frechiche,1881 Martel (1965),11.3,Mejers,55.9,3,3
TN426253,El Ahouach,Feriana,Kassérine,63.77,Frechiche,28.6,,,Frechiche,32.8,Frechiche,1853 Pellissier,28.6,Hammama,48.4,2,2
TN426255,El Araar,Feriana,Kassérine,81.81,Frechiche,27.9,Ouled Sidi Abid,54.8,Frechiche,36.5,Frechiche,1853 Pellissier,27.9,Ouled Sidi Abid,54.8,3,2
TN426252,El Erg,Feriana,Kassérine,52.85,Frechiche,31.9,,,Frechiche,34.1,Frechiche,1853 Pellissier,31.9,Hammama,43.1,2,2
TN426254,Es-Skhirat,Feriana,Kassérine,112.17,Frechiche,33.8,Ouled Sidi Abid,55.8,Frechiche,42.7,Frechiche,1853 Pellissier,33.8,Ouled Sidi Abid,55.8,3,2
TN426251,Feriana,Feriana,Kassérine,11.35,Frechiche,26.1,Frechiche,58.4,Frechiche,28.0,Frechiche,1853 Pellissier,26.1,Hammama,48.1,3,3
TN426257,Garet En-Naam,Feriana,Kassérine,120.21,Frechiche,16.4,Frechiche,49.6,Frechiche,19.6,Frechiche,1853 Pellissier,16.4,Hammama,57.7,3,3
TN426256,Hanachi,Feriana,Kassérine,92.89,Frechiche,25.7,,,Frechiche,32.0,Frechiche,1853 Pellissier,25.7,Hammama,54.9,2,2
TN426259,Om Ali,Feriana,Kassérine,127.69,Frechiche,14.3,Ouled Sidi Abid,49.2,Frechiche,23.6,Frechiche,1853 Pellissier,14.3,Ouled Sidi Abid,49.2,3,2
TN426261,Telept,Feriana,Kassérine,18.64,Frechiche,23.8,Frechiche,55.4,Frechiche,24.9,Frechiche,1853 Pellissier,23.8,Hammama,50.0,3,3
TN426156,Afrane,Foussana,Kassérine,104.2,Frechiche,10.6,Frechiche,8.8,Frechiche,27.2,Frechiche,1881 Lasailly,8.8,Zeghalma,37.0,3,3
TN426162,Ain El Jinene,Foussana,Kassérine,71.6,Frechiche,15.1,Frechiche,22.6,Frechiche,18.0,Frechiche,1853 Pellissier,15.1,Ouled Sidi Abid,40.9,3,3
TN426161,Bouderiass,Foussana,Kassérine,81.09,Frechiche,10.1,Frechiche,25.5,Frechiche,8.0,Frechiche,1881 Martel (1965),8.0,Ouled Sidi Abid,49.5,3,3
TN426158,El Aadhira,Foussana,Kassérine,65.31,Frechiche,7.0,Frechiche,18.0,Frechiche,13.1,Frechiche,1853 Pellissier,7.0,Mejers,43.0,3,3
TN426160,El Brika,Foussana,Kassérine,78.93,Frechiche,21.0,Frechiche,31.4,Frechiche,11.4,Frechiche,1881 Martel (1965),11.4,Mejers,42.6,3,3
TN426159,El Hazza,Foussana,Kassérine,102.65,Frechiche,10.7,Frechiche,14.8,Frechiche,22.6,Frechiche,1853 Pellissier,10.7,Ouled Sidi Abid,43.4,3,3
TN426157,El Meziraa,Foussana,Kassérine,72.15,Frechiche,14.2,Frechiche,24.5,Frechiche,11.3,Frechiche,1881 Martel (1965),11.3,Mejers,38.8,3,3
TN426163,Er-Rtibet,Foussana,Kassérine,29.76,Frechiche,18.4,Frechiche,22.6,Frechiche,25.6,Frechiche,1853 Pellissier,18.4,Mejers,24.8,3,3
TN426151,Foussana,Foussana,Kassérine,21.96,Frechiche,11.0,Frechiche,19.5,Frechiche,17.0,Frechiche,1853 Pellissier,11.0,Mejers,33.0,3,3
TN426152,Foussana Lahouaz,Foussana,Kassérine,81.5,Frechiche,15.7,Frechiche,22.8,Frechiche,19.9,Frechiche,1853 Pellissier,15.7,Mejers,30.5,3,3
TN426153,Khmouda Nord,Foussana,Kassérine,53.07,Frechiche,20.5,Frechiche,28.1,Frechiche,20.0,Frechiche,1881 Martel (1965),20.0,Mejers,32.8,3,3
TN426154,Khmouda Sud,Foussana,Kassérine,52.12,Frechiche,25.4,Mejers,29.3,Frechiche,26.3,Frechiche,1853 Pellissier,25.4,Mejers,29.3,3,2
TN426155,Ouled Mahfoudh,Foussana,Kassérine,98.78,Frechiche,6.2,Frechiche,16.7,Frechiche,15.1,Frechiche,1853 Pellissier,6.2,Mejers,36.3,3,3
TN425452,El Hechim,Hassi El Ferid,Kassérine,150.16,Mejers,37.2,Hammama,36.1,Hammama,40.0,Hammama,1881 Lasailly,36.1,Mejers,37.2,3,2
TN425455,El Kamour,Hassi El Ferid,Kassérine,341.26,Frechiche,48.2,Hammama,47.3,Hammama,27.7,Hammama,1881 Martel (1965),27.7,Frechiche,45.7,3,2
TN425454,Essalloum,Hassi El Ferid,Kassérine,85.04,Mejers,28.6,Hammama,43.8,Frechiche,42.2,Mejers,1853 Pellissier,28.6,Frechiche,42.2,3,1
TN425451,Hassi El Ferid,Hassi El Ferid,Kassérine,257.83,Mejers,45.1,Hammama,39.4,Hammama,33.4,Hammama,1881 Martel (1965),33.4,Mejers,45.1,3,2
TN425453,Khanguet Jezia,Hassi El Ferid,Kassérine,134.83,Mejers,28.0,Hammama,34.5,Hammama,49.4,Mejers,1853 Pellissier,28.0,Hammama,34.5,3,1
TN426056,Ain Eddefla,Hidra,Kassérine,25.33,Zeghalma,23.7,Frechiche,16.2,Mejers,19.5,Frechiche,1881 Lasailly,16.2,Mejers,19.5,3,1
TN426053,El Mekimen,Hidra,Kassérine,97.16,Zeghalma,16.1,Frechiche,16.7,Mejers,28.4,Zeghalma,1853 Pellissier,16.1,Frechiche,16.7,3,1
TN426055,Es-Sray,Hidra,Kassérine,71.85,Frechiche,22.0,Frechiche,11.3,Mejers,36.1,Frechiche,1881 Lasailly,11.3,Zeghalma,22.7,3,2
TN426051,Hidra,Hidra,Kassérine,106.85,Frechiche,19.7,Frechiche,8.7,Mejers,26.8,Frechiche,1881 Lasailly,8.7,Zeghalma,24.7,3,2
TN426054,Lajrad,Hidra,Kassérine,120.72,Frechiche,9.9,Frechiche,8.0,Frechiche,27.3,Frechiche,1881 Lasailly,8.0,Mejers,27.3,3,3
TN426052,T'Baga,Hidra,Kassérine,74.13,Frechiche,14.5,Frechiche,3.3,Mejers,32.5,Frechiche,1881 Lasailly,3.3,Zeghalma,29.1,3,2
TN425753,Ain El Hamadna,Jedeliane,Kassérine,44.53,Ouled Yakoub,36.2,Mejers,5.8,Mejers,5.7,Mejers,1881 Martel (1965),5.7,Ouartan,17.2,3,2
TN425755,Ain Oum El Jedour,Jedeliane,Kassérine,62.86,Ouled Yakoub,36.8,Mejers,13.0,Mejers,14.2,Mejers,1881 Lasailly,13.0,Ouled Ayar,21.8,3,2
TN425751,Djedliane,Jedeliane,Kassérine,46.87,Mejers,31.5,Mejers,22.7,Mejers,24.2,Mejers,1881 Lasailly,22.7,Ouled Ayar,26.5,3,3
TN425752,Fej Terbah,Jedeliane,Kassérine,85.58,Ouled Yakoub,29.7,Mejers,15.1,Ouled Ayar,15.0,Ouled Ayar,1881 Martel (1965),15.0,Mejers,15.1,3,1
TN425754,Mehrza,Jedeliane,Kassérine,35.25,Frechiche,40.1,Mejers,3.9,Mejers,5.4,Mejers,1881 Lasailly,3.9,Ouartan,21.8,3,2
TN425156,Boulaaba,Kasserine Nord,Kassérine,45.45,Frechiche,27.1,Frechiche,36.9,Frechiche,17.2,Frechiche,1881 Martel (1965),17.2,Mejers,37.2,3,3
TN425155,El Arich,Kasserine Nord,Kassérine,41.4,Mejers,31.3,Frechiche,42.7,Frechiche,24.0,Frechiche,1881 Martel (1965),24.0,Mejers,31.3,3,2
TN425153,El Bassatine,Kasserine Nord,Kassérine,2.97,Mejers,30.5,Frechiche,47.2,Frechiche,27.0,Frechiche,1881 Martel (1965),27.0,Mejers,30.5,3,2
TN425154,El Khadhra,Kasserine Nord,Kassérine,3.38,Mejers,33.1,Frechiche,46.1,Frechiche,24.7,Frechiche,1881 Martel (1965),24.7,Mejers,33.1,3,2
TN425151,Ennour Est,Kasserine Nord,Kassérine,2.74,Mejers,29.6,Frechiche,48.4,Frechiche,28.4,Frechiche,1881 Martel (1965),28.4,Mejers,29.6,3,2
TN425152,Ennour Ouest,Kasserine Nord,Kassérine,1.85,Mejers,30.9,Frechiche,49.1,Frechiche,28.1,Frechiche,1881 Martel (1965),28.1,Mejers,30.9,3,2
TN425252,Boulhijet,Kasserine Sud,Kassérine,149.54,Frechiche,20.8,Frechiche,48.1,Frechiche,18.0,Frechiche,1881 Martel (1965),18.0,Mejers,52.7,3,3
TN425254,Bouzguam,Kasserine Sud,Kassérine,83.67,Mejers,23.4,Mejers,43.7,Frechiche,31.8,Mejers,1853 Pellissier,23.4,Frechiche,31.8,3,2
TN425255,Eddoghra,Kasserine Sud,Kassérine,107.39,Frechiche,23.6,Frechiche,39.4,Frechiche,14.4,Frechiche,1881 Martel (1965),14.4,Mejers,42.1,3,3
TN425251,El Aouija,Kasserine Sud,Kassérine,212.88,Mejers,31.4,Hammama,52.7,Frechiche,32.8,Mejers,1853 Pellissier,31.4,Frechiche,32.8,3,1
TN425253,Meghdoudech,Kasserine Sud,Kassérine,232.35,Frechiche,29.3,Frechiche,56.3,Frechiche,26.6,Frechiche,1881 Martel (1965),26.6,Hammama,46.1,3,3
TN425256,Sidi Harreth,Kasserine Sud,Kassérine,79.66,Mejers,29.5,Frechiche,39.0,Frechiche,24.6,Frechiche,1881 Martel (1965),24.6,Mejers,29.5,3,2
TN426354,Ennadhour,Majel Belabbes,Kassérine,74.41,Frechiche,53.5,,,Hammama,24.3,Hammama,1881 Martel (1965),24.3,Frechiche,53.5,2,1
TN426357,Groua El Jedra,Majel Belabbes,Kassérine,148.94,Frechiche,43.1,,,Hammama,32.2,Hammama,1881 Martel (1965),32.2,Frechiche,43.1,2,1
TN426355,Henchir Oum El Khir,Majel Belabbes,Kassérine,73.76,Frechiche,51.4,Hammama,55.0,Hammama,23.0,Hammama,1881 Martel (1965),23.0,Frechiche,51.4,3,2
TN426351,Majel Bel Abbes Nord,Majel Belabbes,Kassérine,80.69,Frechiche,41.0,,,Hammama,39.8,Hammama,1881 Martel (1965),39.8,Frechiche,41.0,2,1
TN426352,Majel Bel Abbes Sud,Majel Belabbes,Kassérine,155.65,Frechiche,53.7,,,Hammama,34.9,Hammama,1881 Martel (1965),34.9,Frechiche,53.7,2,1
TN426353,Oum Laksab,Majel Belabbes,Kassérine,210.01,Frechiche,46.6,,,Hammama,50.2,Frechiche,1853 Pellissier,46.6,Hammama,50.2,2,1
TN426356,Soula,Majel Belabbes,Kassérine,143.78,Frechiche,37.5,,,Frechiche,44.0,Frechiche,1853 Pellissier,37.5,Hammama,50.6,2,2
TN425552,Cite Essourour,Sbeitla,Kassérine,2.39,Mejers,11.1,Hammama,46.9,Frechiche,54.1,Mejers,1853 Pellissier,11.1,Hammama,46.9,3,1
TN425557,Ech-Charaya,Sbeitla,Kassérine,69.14,Mejers,15.3,Mejers,48.2,Frechiche,42.9,Mejers,1853 Pellissier,15.3,Frechiche,42.9,3,2
TN425556,Eddouleb,Sbeitla,Kassérine,104.66,Mejers,8.6,Mejers,35.3,Mejers,37.3,Mejers,1853 Pellissier,8.6,Zlass,43.2,3,3
TN425561,El Athar,Sbeitla,Kassérine,117.46,Mejers,17.4,Hammama,43.0,Frechiche,50.9,Mejers,1853 Pellissier,17.4,Hammama,43.0,3,1
TN425563,El Garaa El Hamra,Sbeitla,Kassérine,108.72,Mejers,22.5,Hammama,35.6,Hammama,57.3,Mejers,1853 Pellissier,22.5,Hammama,35.6,3,1
TN425555,El Gounna,Sbeitla,Kassérine,103.18,Mejers,9.4,Mejers,36.4,Mejers,38.3,Mejers,1853 Pellissier,9.4,Zlass,38.0,3,3
TN425560,El Khadhra,Sbeitla,Kassérine,84.65,Mejers,8.8,Zlass,47.7,Mejers,54.3,Mejers,1853 Pellissier,8.8,Zlass,47.7,3,2
TN425564,El Ksar,Sbeitla,Kassérine,27.15,Mejers,8.6,Mejers,46.8,Frechiche,48.3,Mejers,1853 Pellissier,8.6,Frechiche,48.3,3,2
TN425562,El Mezara,Sbeitla,Kassérine,62.99,Mejers,27.5,Hammama,31.2,Hammama,52.4,Mejers,1853 Pellissier,27.5,Hammama,31.2,3,1
TN425554,Errakhmet,Sbeitla,Kassérine,64.56,Mejers,29.1,Hammama,28.5,Hammama,54.3,Hammama,1881 Lasailly,28.5,Mejers,29.1,3,2
TN425558,Machrek Ech-Chams,Sbeitla,Kassérine,103.03,Mejers,8.3,Mejers,38.5,Mejers,40.4,Mejers,1853 Pellissier,8.3,Frechiche,46.2,3,3
TN425559,Ouassaia,Sbeitla,Kassérine,142.25,Mejers,17.7,Mejers,37.4,Frechiche,36.5,Mejers,1853 Pellissier,17.7,Frechiche,36.5,3,2
TN425551,Sbeitla,Sbeitla,Kassérine,6.57,Mejers,8.8,Hammama,49.9,Frechiche,51.9,Mejers,1853 Pellissier,8.8,Hammama,49.9,3,1
TN425553,Semama,Sbeitla,Kassérine,118.54,Mejers,19.7,Mejers,28.6,Mejers,30.3,Mejers,1853 Pellissier,19.7,Frechiche,37.6,3,3
TN425657,Ain El Khemaissia,Sbiba,Kassérine,61.82,Mejers,16.7,Zlass,32.0,Mejers,36.0,Mejers,1853 Pellissier,16.7,Zlass,32.0,3,2
TN425655,Ain Zaiene,Sbiba,Kassérine,47.48,Mejers,12.0,Zlass,31.6,Mejers,43.8,Mejers,1853 Pellissier,12.0,Zlass,31.6,3,2
TN425654,Brahim Ezzahhar,Sbiba,Kassérine,83.28,Mejers,26.3,Zlass,20.2,Ouled Ayar,39.9,Zlass,1881 Lasailly,20.2,Mejers,26.3,3,1
TN425652,El Ahouaz,Sbiba,Kassérine,63.42,Mejers,21.4,Mejers,27.3,Mejers,29.1,Mejers,1853 Pellissier,21.4,Zlass,35.5,3,3
TN425656,Etthamed,Sbiba,Kassérine,85.95,Mejers,18.3,Zlass,25.2,Mejers,45.2,Mejers,1853 Pellissier,18.3,Zlass,25.2,3,2
TN425653,Oued El Hatab,Sbiba,Kassérine,55.36,Mejers,29.1,Zlass,28.3,Ouled Ayar,30.8,Zlass,1881 Lasailly,28.3,Mejers,29.1,3,1
TN425651,Sbiba,Sbiba,Kassérine,50.17,Mejers,25.8,Mejers,24.0,Mejers,25.7,Mejers,1881 Lasailly,24.0,Ouled Ayar,32.2,3,3
TN425954,Ain Aj-Jadeida,Thala,Kassérine,41.76,Zeghalma,35.6,Mejers,5.1,Mejers,3.2,Mejers,1881 Martel (1965),3.2,Zeghalma,16.4,3,2
TN425955,Barmajna,Thala,Kassérine,66.19,Zeghalma,31.5,Mejers,9.3,Mejers,7.7,Mejers,1881 Martel (1965),7.7,Zeghalma,16.3,3,2
TN425960,Boulahnech,Thala,Kassérine,36.05,Zeghalma,31.7,Zeghalma,10.4,Mejers,8.6,Mejers,1881 Martel (1965),8.6,Zeghalma,10.4,3,1
TN425963,Ech-Chaffai,Thala,Kassérine,75.23,Frechiche,20.3,Frechiche,13.4,Mejers,18.6,Frechiche,1881 Lasailly,13.4,Mejers,18.6,3,2
TN425953,Eddachra,Thala,Kassérine,70.07,Zeghalma,25.6,Mejers,15.5,Mejers,13.9,Mejers,1881 Martel (1965),13.9,Zeghalma,16.5,3,2
TN425958,El Hamed,Thala,Kassérine,108.04,Frechiche,20.5,Mejers,16.9,Mejers,17.3,Mejers,1881 Lasailly,16.9,Frechiche,19.2,3,2
TN425957,El Joua,Thala,Kassérine,93.36,Frechiche,27.1,Mejers,11.5,Mejers,12.4,Mejers,1881 Lasailly,11.5,Frechiche,25.5,3,2
TN425956,Oued Errachech,Thala,Kassérine,17.29,Frechiche,21.0,Mejers,21.0,Mejers,21.9,Frechiche,1853 Pellissier,21.0,Mejers,21.0,3,1
TN425962,Ouljet Edhel,Thala,Kassérine,82.63,Doufan,25.5,Zeghalma,5.1,Mejers,15.8,Zeghalma,1881 Lasailly,5.1,Mejers,15.8,3,1
TN425961,Sidi M'Hammed,Thala,Kassérine,72.29,Ouled Yakoub,31.3,Zeghalma,9.2,Mejers,11.3,Zeghalma,1881 Lasailly,9.2,Ouartan,10.6,3,1
TN425951,Thala Est,Thala,Kassérine,1.44,Frechiche,26.5,Mejers,12.2,Mejers,11.4,Mejers,1881 Martel (1965),11.4,Frechiche,20.6,3,2
TN425952,Thala Ouest,Thala,Kassérine,1.34,Frechiche,26.3,Mejers,12.5,Mejers,11.7,Mejers,1881 Martel (1965),11.7,Frechiche,20.3,3,2
TN425959,Zelfane,Thala,Kassérine,50.97,Frechiche,24.9,Mejers,21.4,Mejers,22.7,Mejers,1881 Lasailly,21.4,Frechiche,24.9,3,2
TN635451,Douz Est,Douz Nord,Kebili,1588.81,,,,,Merazig,8.0,Merazig,1881 Martel (1965),8.0,Oled Yacoub,41.5,1,1
TN635455,El Abadla,Douz Nord,Kebili,333.27,,,,,Oled Yacoub,14.3,Oled Yacoub,1881 Martel (1965),14.3,Merazig,29.9,1,1
TN635453,El Aouina Nord,Douz Nord,Kebili,649.99,,,,,Merazig,10.0,Merazig,1881 Martel (1965),10.0,Adhara,50.2,1,1
TN635454,El Aouina Sud,Douz Nord,Kebili,834.2,,,,,Merazig,15.9,Merazig,1881 Martel (1965),15.9,Adhara,43.1,1,1
TN635452,El Golaa,Douz Nord,Kebili,51.78,,,,,Adhara,41.4,Adhara,1881 Martel (1965),41.4,Oled Yacoub,47.0,1,1
TN635551,Douz Ouest,Douz Sud,Kebili,1442.52,,,,,Merazig,25.3,Merazig,1881 Martel (1965),25.3,Adhara,36.6,1,1
TN635552,El Adhara,Douz Sud,Kebili,1520.33,,,,,Adhara,7.8,Adhara,1881 Martel (1965),7.8,Merazig,52.7,1,1
TN635553,El Aouina Nord,Douz Sud,Kebili,1543.43,,,,,Adhara,17.1,Adhara,1881 Martel (1965),17.1,Merazig,36.8,1,1
TN635554,Nouil Nord,Douz Sud,Kebili,33.96,,,,,Adhara,43.6,Adhara,1881 Martel (1965),43.6,Oled Yacoub,55.8,1,1
TN635555,Nouil Sud,Douz Sud,Kebili,47.86,,,,,Adhara,39.8,Adhara,1881 Martel (1965),39.8,Oled Yacoub,56.1,1,1
TN635657,Bichni-Edarjin,Faouar,Kebili,1114.71,,,,,Gherib,57.1,Gherib,1881 Martel (1965),57.1,Adhara,68.7,1,1
TN635656,El Matrouha,Faouar,Kebili,471.19,,,,,Gherib,17.1,Gherib,1881 Martel (1965),17.1,Chaamba,45.8,1,1
TN635653,Gharib,Faouar,Kebili,1162.64,,,,,Gherib,35.7,Gherib,1881 Martel (1965),35.7,Adhara,55.7,1,1
TN635654,Gueidma,Faouar,Kebili,98.94,,,,,Adhara,37.3,Adhara,1881 Martel (1965),37.3,Merazig,67.2,1,1
TN635655,Rejim Maatoug,Faouar,Kebili,2081.3,,,,,Gherib,14.3,Gherib,1881 Martel (1965),14.3,Troud,74.2,1,1
TN635652,Sabria Est,Faouar,Kebili,2281.76,,,,,Adhara,23.5,Adhara,1881 Martel (1965),23.5,Merazig,72.3,1,1
TN635651,Sabria Ouest,Faouar,Kebili,2579.34,,,,,Adhara,53.7,Adhara,1881 Martel (1965),53.7,Gherib,57.4,1,1
TN635259,El Gattaya,Kebili Nord,Kebili,102.98,,,,,Oled Yacoub,53.7,Oled Yacoub,1881 Martel (1965),53.7,Adhara,58.1,1,1
TN635252,El Mansoura,Kebili Nord,Kebili,19.2,,,,,Oled Yacoub,48.4,Oled Yacoub,1881 Martel (1965),48.4,Adhara,68.3,1,1
TN635253,Errabta,Kebili Nord,Kebili,6.32,,,,,Oled Yacoub,51.2,Oled Yacoub,1881 Martel (1965),51.2,Adhara,68.9,1,1
TN635260,Kebeli Est,Kebili Nord,Kebili,7.17,,,,,Oled Yacoub,45.9,Oled Yacoub,1881 Martel (1965),45.9,Beni Zid,68.7,1,1
TN635251,Kebeli Nord,Kebili Nord,Kebili,16.02,,,,,Oled Yacoub,43.5,Oled Yacoub,1881 Martel (1965),43.5,Beni Zid,66.7,1,1
TN635255,Limagues Estiffimia,Kebili Nord,Kebili,658.82,Hammama — Oulad Aziz,58.8,,,Oled Yacoub,43.7,Oled Yacoub,1881 Martel (1965),43.7,Beni Zid,51.8,2,1
TN635258,Saidane,Kebili Nord,Kebili,374.12,,,,,Oled Yacoub,24.6,Oled Yacoub,1881 Martel (1965),24.6,Beni Zid,44.7,1,1
TN635256,Telmine,Kebili Nord,Kebili,2.99,,,,,Oled Yacoub,52.0,Oled Yacoub,1881 Martel (1965),52.0,Adhara,65.7,1,1
TN635257,Tenbib,Kebili Nord,Kebili,8.51,,,,,Oled Yacoub,53.6,Oled Yacoub,1881 Martel (1965),53.6,Adhara,66.2,1,1
TN635254,Tonbar,Kebili Nord,Kebili,9.15,,,,,Oled Yacoub,54.0,Oled Yacoub,1881 Martel (1965),54.0,Adhara,68.6,1,1
TN635152,Bazma,Kebili Sud,Kebili,118.33,,,,,Oled Yacoub,39.0,Oled Yacoub,1881 Martel (1965),39.0,Merazig,59.8,1,1
TN635155,Bechelli,Kebili Sud,Kebili,38.05,,,,,Oled Yacoub,48.4,Oled Yacoub,1881 Martel (1965),48.4,Adhara,54.9,1,1
TN635158,Beni Mehemed,Kebili Sud,Kebili,41.62,,,,,Oled Yacoub,50.3,Oled Yacoub,1881 Martel (1965),50.3,Adhara,50.9,1,1
TN635157,El Blidete,Kebili Sud,Kebili,100.7,,,,,Adhara,52.1,Adhara,1881 Martel (1965),52.1,Oled Yacoub,57.0,1,1
TN635159,Janoura,Kebili Sud,Kebili,24.08,,,,,Oled Yacoub,45.9,Oled Yacoub,1881 Martel (1965),45.9,Adhara,61.9,1,1
TN635153,Jemna Nord,Kebili Sud,Kebili,233.49,,,,,Oled Yacoub,19.5,Oled Yacoub,1881 Martel (1965),19.5,Merazig,44.4,1,1
TN635154,Jemna Sud,Kebili Sud,Kebili,423.15,,,,,Oled Yacoub,19.6,Oled Yacoub,1881 Martel (1965),19.6,Merazig,39.8,1,1
TN635156,Jersine,Kebili Sud,Kebili,147.3,,,,,,,,,,,,0,0
TN635151,Kebili Sud,Kebili Sud,Kebili,15.34,,,,,Oled Yacoub,42.1,Oled Yacoub,1881 Martel (1965),42.1,Merazig,64.8,1,1
TN635355,Bechri,Souk El Ahed,Kebili,270.48,,,,,,,,,,,,0,0
TN635352,Bou Abdellah,Souk El Ahed,Kebili,346.21,,,,,Oled Yacoub,59.7,Oled Yacoub,1881 Martel (1965),59.7,Hammama — Oulad Aziz,70.8,1,1
TN635351,El Menchia,Souk El Ahed,Kebili,459.59,,,,,Oled Yacoub,52.3,Oled Yacoub,1881 Martel (1965),52.3,Beni Zid,63.5,1,1
TN635354,Ezzaouaia,Souk El Ahed,Kebili,224.13,,,,,,,,,,,,0,0
TN635356,Fatnassa,Souk El Ahed,Kebili,504.21,,,,,,,,,,,,0,0
TN635357,Negga,Souk El Ahed,Kebili,138.99,,,,,,,,,,,,0,0
TN635353,Oum Essoumaa,Souk El Ahed,Kebili,337.23,,,,,,,,,,,,0,0
TN236055,Abida,Dahmani,Le Kef,82.3,Ouartan,13.4,Ouled Yakoub,5.9,Ouled Ayar,30.5,Ouled Yakoub,1881 Lasailly,5.9,Ouartan,13.4,3,1
TN236051,Dahmani,Dahmani,Le Kef,3.71,Ouled Yakoub,11.2,Khememsa,8.2,Ouled Ayar,17.1,Khememsa,1881 Lasailly,8.2,Ouled Yakoub,11.2,3,1
TN236052,Dahmani Nord,Dahmani,Le Kef,1.8,Ouled Yakoub,12.4,Khememsa,7.8,Ouled Ayar,18.3,Khememsa,1881 Lasailly,7.8,Ouled Yakoub,12.4,3,1
TN236056,Ebba,Dahmani,Le Kef,103.26,Ouled Yakoub,17.1,Khememsa,5.8,Ouled Ayar,21.2,Khememsa,1881 Lasailly,5.8,Ouled Yakoub,10.4,3,1
TN236057,El Medeina,Dahmani,Le Kef,71.23,Ouled Yakoub,14.8,Khememsa,4.1,Ouled Ayar,14.3,Khememsa,1881 Lasailly,4.1,Ouartan,8.3,3,1
TN236058,Sidi Baraket Nord,Dahmani,Le Kef,46.25,Ouled Yakoub,23.9,Ouartan,6.3,Ouled Ayar,18.9,Ouartan,1881 Lasailly,6.3,Khememsa,6.8,3,1
TN236059,Sidi Baraket Sud,Dahmani,Le Kef,42.26,Ouled Yakoub,21.2,Ouartan,2.3,Ouled Ayar,14.9,Ouartan,1881 Lasailly,2.3,Khememsa,7.1,3,1
TN236054,Thermda,Dahmani,Le Kef,82.44,Ouled Yakoub,11.5,Ouled Yakoub,18.2,Ouled Ayar,25.3,Ouled Yakoub,1853 Pellissier,11.5,Khememsa,19.8,3,2
TN236053,Zouarine,Dahmani,Le Kef,117.13,Ouled Yakoub,4.3,Khememsa,15.4,Ouled Ayar,16.6,Ouled Yakoub,1853 Pellissier,4.3,Khememsa,15.4,3,1
TN236154,Bousliaa,Es Sers,Le Kef,72.11,Ouled Yakoub,8.2,Ouled Ayar,23.2,Ouled Ayar,23.1,Ouled Yakoub,1853 Pellissier,8.2,Ouled Ayar,23.1,3,1
TN236153,Cite Ennour,Es Sers,Le Kef,6.14,Ouled Yakoub,13.9,Ouled Ayar,18.2,Ouled Ayar,28.5,Ouled Yakoub,1853 Pellissier,13.9,Ouled Ayar,18.2,3,1
TN236157,El Abar,Es Sers,Le Kef,27.26,Ouled Yakoub,16.6,Ouled Ayar,18.5,Ouled Ayar,25.3,Ouled Yakoub,1853 Pellissier,16.6,Ouled Ayar,18.5,3,1
TN236158,El Abar Est,Es Sers,Le Kef,24.01,Ouled Yakoub,19.4,Ouled Ayar,12.9,Ouled Aoun,26.5,Ouled Ayar,1881 Lasailly,12.9,Ouled Yakoub,19.4,3,1
TN236156,El Marja,Es Sers,Le Kef,39.92,Ouled Yakoub,12.6,Ouled Ayar,18.6,Ouled Ayar,24.4,Ouled Yakoub,1853 Pellissier,12.6,Ouled Ayar,18.6,3,1
TN236159,Elles,Es Sers,Le Kef,56.57,Ouled Yakoub,9.5,Ouled Ayar,23.7,Ouled Ayar,19.2,Ouled Yakoub,1853 Pellissier,9.5,Ouled Ayar,19.2,3,1
TN236151,Es-Sers Nord,Es Sers,Le Kef,70.22,Ouled Yakoub,19.5,Ouled Ayar,13.7,Ouled Ayar,33.9,Ouled Ayar,1881 Lasailly,13.7,Ouled Yakoub,19.5,3,2
TN236152,Es-Sers Sud,Es Sers,Le Kef,37.61,Ouled Yakoub,17.6,Ouled Ayar,13.0,Ouled Ayar,30.3,Ouled Ayar,1881 Lasailly,13.0,Ouled Yakoub,17.6,3,2
TN236155,Lorbeus,Es Sers,Le Kef,96.93,Ouled Yakoub,17.0,Ouled Yakoub,19.2,Ouled Ayar,31.2,Ouled Yakoub,1853 Pellissier,17.0,Ouartan,22.6,3,2
TN235854,Besseriana,Jerissa,Le Kef,35.91,Doufan,14.0,Zeghalma,11.6,Mejers,28.3,Zeghalma,1881 Lasailly,11.6,Doufan,14.0,3,1
TN235851,Djerissa Centre,Jerissa,Le Kef,1.77,Doufan,16.6,Zeghalma,10.4,Mejers,28.6,Zeghalma,1881 Lasailly,10.4,Khememsa,15.7,3,1
TN235852,Djerissa Nord,Jerissa,Le Kef,1.85,Doufan,18.9,Zeghalma,8.9,Mejers,27.4,Zeghalma,1881 Lasailly,8.9,Khememsa,13.5,3,1
TN235853,Djerissa Sud,Jerissa,Le Kef,1.68,Doufan,17.0,Zeghalma,9.7,Mejers,27.8,Zeghalma,1881 Lasailly,9.7,Khememsa,15.6,3,1
TN235856,Enneayem,Jerissa,Le Kef,35.63,Doufan,19.7,Zeghalma,6.1,Mejers,22.1,Zeghalma,1881 Lasailly,6.1,Khememsa,17.8,3,1
TN235855,Fej Ettameur,Jerissa,Le Kef,99.54,Doufan,22.6,Zeghalma,6.6,Mejers,25.2,Zeghalma,1881 Lasailly,6.6,Khememsa,10.6,3,1
TN235754,En-Nadhour,Kalaa Khesba,Le Kef,85.14,Zeghalma,9.6,Zeghalma,21.2,Mejers,29.3,Zeghalma,1853 Pellissier,9.6,Doufan,15.9,3,2
TN235752,Hentaia,Kalaa Khesba,Le Kef,22.79,Zeghalma,16.3,Zeghalma,17.0,Mejers,22.6,Zeghalma,1853 Pellissier,16.3,Doufan,20.8,3,2
TN235751,Kalaat Khasba,Kalaa Khesba,Le Kef,19.72,Zeghalma,20.7,Zeghalma,16.9,Mejers,18.6,Zeghalma,1881 Lasailly,16.9,Mejers,18.6,3,2
TN235753,Sidi Ahmed Essalah,Kalaa Khesba,Le Kef,78.83,Zeghalma,16.2,Zeghalma,12.6,Mejers,23.9,Zeghalma,1881 Lasailly,12.6,Doufan,16.9,3,2
TN235657,Ain Snan,Kalaat Senan,Le Kef,48.27,Zeghalma,0.8,Ouled bou Ghanem,15.8,Mejers,38.0,Zeghalma,1853 Pellissier,0.8,Doufan,11.3,3,1
TN235652,Bou Jabeur,Kalaat Senan,Le Kef,45.05,Zeghalma,9.4,Ouled bou Ghanem,10.9,Mejers,46.6,Zeghalma,1853 Pellissier,9.4,Ouled bou Ghanem,10.9,3,1
TN235655,El Falta,Kalaat Senan,Le Kef,51.9,Ouled bou Ghanem,15.5,Ouled bou Ghanem,9.7,Mejers,55.9,Ouled bou Ghanem,1881 Lasailly,9.7,Doufan,15.6,3,2
TN235658,El Hamaima,Kalaat Senan,Le Kef,68.23,Ouled bou Ghanem,10.0,Ouled bou Ghanem,13.2,Mejers,51.3,Ouled bou Ghanem,1853 Pellissier,10.0,Doufan,10.7,3,2
TN235659,El Mahjouba,Kalaat Senan,Le Kef,48.0,Doufan,10.9,Zeghalma,16.7,Mejers,29.9,Doufan,1853 Pellissier,10.9,Zeghalma,11.8,3,1
TN235651,Kalaat Snan,Kalaat Senan,Le Kef,30.46,Zeghalma,4.3,Ouled bou Ghanem,11.1,Mejers,43.0,Zeghalma,1853 Pellissier,4.3,Ouled bou Ghanem,11.1,3,1
TN235654,Mzita,Kalaat Senan,Le Kef,50.03,Doufan,6.3,Ouled bou Ghanem,18.1,Mejers,36.4,Doufan,1853 Pellissier,6.3,Zeghalma,6.4,3,1
TN235653,Safsaf,Kalaat Senan,Le Kef,69.23,Zeghalma,9.7,Ouled bou Ghanem,21.7,Mejers,36.2,Zeghalma,1853 Pellissier,9.7,Doufan,20.6,3,1
TN235656,Sed El Khir,Kalaat Senan,Le Kef,104.33,Zeghalma,8.8,Ouled bou Ghanem,8.3,Mejers,46.3,Ouled bou Ghanem,1881 Lasailly,8.3,Zeghalma,8.8,3,1
TN235252,Ben Ainine,Kef Est,Le Kef,3.98,Ouartan,13.4,Ouled Yakoub,19.8,Ouchtata,43.4,Ouartan,1853 Pellissier,13.4,Ouled Yakoub,19.8,3,1
TN235251,Charfine,Kef Est,Le Kef,1.01,Ouartan,14.3,Ouled Yakoub,21.0,Ouchtata,42.2,Ouartan,1853 Pellissier,14.3,Ouled Yakoub,21.0,3,1
TN235257,Dyr El Kef,Kef Est,Le Kef,68.58,Ouartan,21.7,Ouled Yakoub,26.2,Ouchtata,42.1,Ouartan,1853 Pellissier,21.7,Ouled Yakoub,26.2,3,1
TN235258,Hached,Kef Est,Le Kef,0.5,Ouartan,12.6,Ouled Yakoub,19.8,Ouchtata,42.7,Ouartan,1853 Pellissier,12.6,Ouled Yakoub,19.8,3,1
TN235253,Haouareth Nord,Kef Est,Le Kef,1.34,Ouartan,13.3,Ouled Yakoub,20.8,Ouchtata,41.8,Ouartan,1853 Pellissier,13.3,Ouled Yakoub,20.8,3,1
TN235255,Oued Souani,Kef Est,Le Kef,95.0,Ouled Yakoub,27.3,Ouled Ayar,17.6,Drid,38.0,Ouled Ayar,1881 Lasailly,17.6,Ouled Yakoub,27.3,3,1
TN235256,Oued Souani Sud,Kef Est,Le Kef,107.31,Ouled Yakoub,23.1,Ouled Ayar,23.1,Ouled Ayar,38.3,Ouled Ayar,1881 Lasailly,23.1,Ouled Yakoub,23.1,3,2
TN235254,Zaafrane,Kef Est,Le Kef,117.75,Ouartan,18.3,Ouled Yakoub,20.1,Ouled Ayar,39.0,Ouartan,1853 Pellissier,18.3,Ouled Yakoub,20.1,3,1
TN235153,Haouareth Sud,Kef Ouest,Le Kef,3.11,Ouartan,11.8,Ouled Yakoub,19.1,Ouchtata,43.3,Ouartan,1853 Pellissier,11.8,Ouled Yakoub,19.1,3,1
TN235151,Oued Remel Nord,Kef Ouest,Le Kef,66.44,Ouartan,12.5,Ouargha,18.4,Ouchtata,39.0,Ouartan,1853 Pellissier,12.5,Ouargha,18.4,3,1
TN235152,Oued Remel Sud,Kef Ouest,Le Kef,141.16,Ouartan,4.4,Charen,11.0,Ouchtata,45.7,Ouartan,1853 Pellissier,4.4,Charen,11.0,3,1
TN235952,Ain El Ksiba,Ksour,Le Kef,80.98,Ouled Yakoub,21.7,Ouartan,3.7,Ouled Ayar,11.1,Ouartan,1881 Lasailly,3.7,Ouled Ayar,11.1,3,1
TN235955,Ain Fedhil,Ksour,Le Kef,136.01,Ouled Yakoub,8.1,Ouartan,20.3,Ouled Ayar,10.0,Ouled Yakoub,1853 Pellissier,8.1,Ouled Ayar,10.0,3,1
TN235953,Banou,Ksour,Le Kef,73.16,Ouled Yakoub,18.9,Ouartan,8.4,Ouled Ayar,5.7,Ouled Ayar,1881 Martel (1965),5.7,Ouartan,8.4,3,1
TN235951,El Ksour,Ksour,Le Kef,25.59,Ouled Yakoub,8.8,Khememsa,10.4,Ouled Ayar,11.1,Ouled Yakoub,1853 Pellissier,8.8,Khememsa,10.4,3,1
TN235956,Ezzitouna,Ksour,Le Kef,100.05,Ouled Yakoub,20.2,Ouartan,13.6,Ouled Ayar,5.1,Ouled Ayar,1881 Martel (1965),5.1,Ouartan,13.6,3,1
TN235954,Louata,Ksour,Le Kef,34.62,Ouled Yakoub,18.1,Ouartan,16.8,Ouled Ayar,4.5,Ouled Ayar,1881 Martel (1965),4.5,Ouartan,16.8,3,1
TN235359,Bahra,Nebeur,Le Kef,85.12,Hakim,23.9,Ouled Ayar,31.7,Ouchtata,39.6,Hakim,1853 Pellissier,23.9,Djendouba,25.6,3,1
TN235362,Chetatla,Nebeur,Le Kef,34.66,Djendouba,14.7,Djendouba,20.0,Drid,40.2,Djendouba,1853 Pellissier,14.7,Ouled bou Salem,18.7,3,2
TN235361,El Ksar,Nebeur,Le Kef,39.41,Hakim,15.4,Djendouba,22.9,Ouchtata,32.2,Hakim,1853 Pellissier,15.4,Djendouba,16.1,3,1
TN235356,Ledhieb,Nebeur,Le Kef,43.6,Hakim,10.0,Hakim,29.1,Ouchtata,23.8,Hakim,1853 Pellissier,10.0,Ouchtata,23.8,3,2
TN235355,Mellala,Nebeur,Le Kef,70.23,Hakim,13.3,Hakim,23.1,Ouchtata,22.4,Hakim,1853 Pellissier,13.3,Ouled Sdira,20.0,3,2
TN235358,Mellegue,Nebeur,Le Kef,19.02,Hakim,14.9,Ouargha,28.9,Ouchtata,28.9,Hakim,1853 Pellissier,14.9,Djendouba,25.6,3,1
TN235351,Nebeur,Nebeur,Le Kef,49.92,Hakim,20.7,Ouargha,28.7,Ouchtata,34.5,Hakim,1853 Pellissier,20.7,Ouartan,24.9,3,1
TN235363,Oueljet Essedra,Nebeur,Le Kef,41.54,Ouled Sdira,13.6,Hakim,15.3,Ouchtata,19.2,Ouled Sdira,1853 Pellissier,13.6,Hakim,15.3,3,1
TN235352,Sarkaouna,Nebeur,Le Kef,93.81,Ouartan,19.8,Ouargha,21.0,Ouchtata,33.0,Ouartan,1853 Pellissier,19.8,Ouargha,21.0,3,1
TN235354,Sidi Khiar,Nebeur,Le Kef,68.09,Hakim,13.3,Djendouba,27.6,Ouchtata,29.1,Hakim,1853 Pellissier,13.3,Djendouba,20.7,3,1
TN235360,Sidi Medien,Nebeur,Le Kef,47.21,Djendouba,22.3,Ouled Ayar,25.9,Drid,41.1,Djendouba,1853 Pellissier,22.3,Ouled Ayar,25.9,3,1
TN235353,Tel El Ghozlane,Nebeur,Le Kef,53.5,Djendouba,12.0,Djendouba,18.4,Ouchtata,35.2,Djendouba,1853 Pellissier,12.0,Ouled bou Salem,16.8,3,2
TN235357,Touiref,Nebeur,Le Kef,73.33,Charen,15.2,Ouargha,15.1,Ouchtata,24.9,Ouargha,1881 Lasailly,15.1,Charen,15.2,3,1
TN235456,Ain El Karma,Sakiet Sidi Youssef,Le Kef,105.92,Charen,15.2,Ouargha,10.6,Ouchtata,45.7,Ouargha,1881 Lasailly,10.6,Charen,15.0,3,1
TN235453,Ain Mazer,Sakiet Sidi Youssef,Le Kef,89.42,Charen,6.6,Hakim,6.0,Ouchtata,24.5,Hakim,1881 Lasailly,6.0,Charen,6.6,3,1
TN235454,Djeradou,Sakiet Sidi Youssef,Le Kef,137.16,Charen,10.6,Ouargha,7.0,Ouchtata,31.5,Ouargha,1881 Lasailly,7.0,Charen,10.6,3,1
TN235452,Es-Sefeia,Sakiet Sidi Youssef,Le Kef,43.07,Charen,4.0,Ouargha,7.2,Ouchtata,34.7,Charen,1853 Pellissier,4.0,Ouargha,7.2,3,1
TN235458,Et-Tabia,Sakiet Sidi Youssef,Le Kef,108.3,Ouled bou Ghanem,7.1,Charen,12.2,Mejers,57.0,Ouled bou Ghanem,1853 Pellissier,7.1,Charen,12.2,3,1
TN235455,Forchane,Sakiet Sidi Youssef,Le Kef,160.09,Charen,13.2,Ouargha,3.6,Ouchtata,39.7,Ouargha,1881 Lasailly,3.6,Charen,11.7,3,1
TN235451,Sakiet Sidi Youssef,Sakiet Sidi Youssef,Le Kef,12.03,Charen,8.1,Ouargha,8.2,Ouchtata,38.9,Charen,1853 Pellissier,8.1,Ouargha,8.2,3,1
TN235457,Sidi Rabeh,Sakiet Sidi Youssef,Le Kef,74.73,Ouled bou Ghanem,12.1,Charen,13.0,Ouchtata,55.6,Ouled bou Ghanem,1853 Pellissier,12.1,Charen,13.0,3,1
TN235553,Ain El Abar,Tajerouine,Le Kef,75.47,Doufan,0.7,Ouled bou Ghanem,16.6,Mejers,41.0,Doufan,1853 Pellissier,0.7,Zeghalma,10.9,3,1
TN235561,Borj Eddiouana,Tajerouine,Le Kef,70.17,Ouled bou Ghanem,6.1,Ouled bou Ghanem,18.0,Mejers,47.0,Ouled bou Ghanem,1853 Pellissier,6.1,Doufan,7.6,3,2
TN235554,Cite Bourguiba,Tajerouine,Le Kef,74.84,Ouled bou Ghanem,5.7,Charen,15.6,Mejers,44.3,Ouled bou Ghanem,1853 Pellissier,5.7,Doufan,10.2,3,1
TN235559,El Houdh,Tajerouine,Le Kef,87.2,Ouartan,19.3,Ouled Yakoub,8.1,Ouled Ayar,28.9,Ouled Yakoub,1881 Lasailly,8.1,Khememsa,11.0,3,1
TN235556,Ennajet,Tajerouine,Le Kef,37.03,Ouartan,5.9,Ouled Yakoub,7.8,Ouled Ayar,37.8,Ouartan,1853 Pellissier,5.9,Ouled Yakoub,7.8,3,1
TN235562,Garn Halfaia,Tajerouine,Le Kef,90.9,Ouled bou Ghanem,3.8,Charen,9.8,Ouled Ayar,49.1,Ouled bou Ghanem,1853 Pellissier,3.8,Charen,9.8,3,1
TN235558,Jezza,Tajerouine,Le Kef,77.61,Ouartan,12.9,Ouled Yakoub,5.1,Ouled Ayar,34.3,Ouled Yakoub,1881 Lasailly,5.1,Ouartan,12.9,3,1
TN235560,Menzel Salem,Tajerouine,Le Kef,2.48,Doufan,3.4,Ouled bou Ghanem,20.5,Mejers,37.7,Doufan,1853 Pellissier,3.4,Zeghalma,12.4,3,1
TN235557,Sidi Abdelbasset,Tajerouine,Le Kef,92.3,Ouartan,8.4,Charen,4.7,Ouled Ayar,46.7,Charen,1881 Lasailly,4.7,Ouartan,8.4,3,1
TN235555,Sidi M'Tir,Tajerouine,Le Kef,64.16,Ouartan,4.3,Ouled Yakoub,8.7,Ouled Ayar,40.2,Ouartan,1853 Pellissier,4.3,Ouled Yakoub,8.7,3,1
TN235551,Tajerouine Nord,Tajerouine,Le Kef,27.61,Ouled bou Ghanem,14.2,Ouled Yakoub,12.9,Ouled Ayar,37.1,Ouled Yakoub,1881 Lasailly,12.9,Ouled bou Ghanem,14.2,3,1
TN235552,Tajerouine Sud,Tajerouine,Le Kef,22.5,Doufan,12.4,Zeghalma,15.6,Mejers,33.4,Doufan,1853 Pellissier,12.4,Zeghalma,15.6,3,1
TN335251,Bou Merdes,Boumerdès,Mahdia,18.92,M'Talith — Oulad Alia,27.6,M'Talith,40.3,Souassi,10.8,Souassi,1881 Martel (1965),10.8,M'Talith — Oulad Alia,27.6,3,1
TN335258,Bouhlale El Ali Nord,Boumerdès,Mahdia,38.58,Oulad Amer,26.8,M'Talith,31.7,Souassi,5.6,Souassi,1881 Martel (1965),5.6,Oulad Amer,26.8,3,1
TN335257,Bouhlale El Ali Sud,Boumerdès,Mahdia,29.9,M'Talith — Oulad Merab,23.5,M'Talith,32.9,Souassi,3.6,Souassi,1881 Martel (1965),3.6,M'Talith — Oulad Merab,23.5,3,1
TN335256,Ech-Chouariaa,Boumerdès,Mahdia,19.38,M'Talith — Oulad Alia,22.7,M'Talith,42.3,Souassi,12.5,Souassi,1881 Martel (1965),12.5,M'Talith — Oulad Alia,22.7,3,1
TN335252,El Houes,Boumerdès,Mahdia,7.24,M'Talith — Oulad Alia,24.4,M'Talith,42.1,Souassi,12.2,Souassi,1881 Martel (1965),12.2,M'Talith — Oulad Alia,24.4,3,1
TN335255,Er-Rouadhi,Boumerdès,Mahdia,21.31,M'Talith — Oulad Merab,25.2,M'Talith,36.8,Souassi,7.1,Souassi,1881 Martel (1965),7.1,M'Talith — Oulad Merab,25.2,3,1
TN335253,Kerker,Boumerdès,Mahdia,17.06,Oulad Amer,31.3,M'Talith,37.2,Souassi,10.0,Souassi,1881 Martel (1965),10.0,Oulad Amer,31.3,3,1
TN335259,Menzel Hamza,Boumerdès,Mahdia,20.85,M'Talith — Oulad Alia,18.4,M'Talith,44.8,Souassi,15.7,Souassi,1881 Martel (1965),15.7,M'Talith — Oulad Alia,18.4,3,1
TN335254,Zerata,Boumerdès,Mahdia,17.78,M'Talith — Oulad Merab,28.7,M'Talith,36.6,Souassi,7.1,Souassi,1881 Martel (1965),7.1,M'Talith — Oulad Merab,28.7,3,1
TN335851,Chebba Nord,Chebba,Mahdia,39.79,M'Talith — Oulad Zid,14.8,,,Souassi,43.0,M'Talith — Oulad Zid,1853 Pellissier,14.8,M'Talith — Oulad Alia,19.4,2,1
TN335852,Chebba Sud,Chebba,Mahdia,48.79,M'Talith — Oulad Zid,10.8,,,Souassi,44.3,M'Talith — Oulad Zid,1853 Pellissier,10.8,M'Talith — Meraïah,18.7,2,1
TN335853,Es-Saafet,Chebba,Mahdia,27.9,M'Talith — Oulad Alia,15.7,,,Souassi,39.3,M'Talith — Oulad Alia,1853 Pellissier,15.7,M'Talith — Oulad Zid,16.4,2,1
TN335451,Chorbane,Chorbane,Mahdia,58.14,Oulad Amer,13.6,M'Talith,5.2,Souassi,24.7,M'Talith,1881 Lasailly,5.2,Oulad Amer,13.6,3,1
TN335454,Ech-Chahda Est,Chorbane,Mahdia,38.8,Oulad Amer,6.8,M'Talith,7.1,Souassi,27.7,Oulad Amer,1853 Pellissier,6.8,M'Talith,7.1,3,1
TN335453,Ech-Chahda Sud,Chorbane,Mahdia,54.04,M'Talith,7.0,M'Talith,3.6,Souassi,32.1,M'Talith,1881 Lasailly,3.6,Oulad Amer,12.5,3,2
TN335457,Ech-Charaf,Chorbane,Mahdia,46.92,M'Talith,13.0,M'Talith,8.0,Souassi,31.5,M'Talith,1881 Lasailly,8.0,Oulad Amer,21.7,3,2
TN335456,El Gouacem Est,Chorbane,Mahdia,78.8,M'Talith — Oulad Merab,20.0,M'Talith,17.4,Souassi,25.3,M'Talith,1881 Lasailly,17.4,M'Talith — Oulad Merab,20.0,3,1
TN335455,El Gouacem Ouest,Chorbane,Mahdia,51.2,M'Talith,16.8,M'Talith,13.0,Souassi,33.7,M'Talith,1881 Lasailly,13.0,Oulad Amer,26.6,3,2
TN335459,El Gradha Est,Chorbane,Mahdia,34.83,M'Talith — Oulad Merab,21.9,M'Talith,14.3,Souassi,21.3,M'Talith,1881 Lasailly,14.3,Souassi,21.3,3,1
TN335458,El Gradha Ouest,Chorbane,Mahdia,26.67,M'Talith,18.4,M'Talith,10.0,Souassi,24.2,M'Talith,1881 Lasailly,10.0,Oulad Amer,20.2,3,2
TN335452,El Maati,Chorbane,Mahdia,26.59,M'Talith,10.4,M'Talith,6.5,Souassi,32.9,M'Talith,1881 Lasailly,6.5,Oulad Amer,20.5,3,2
TN335460,Ouled El Hannachi,Chorbane,Mahdia,28.49,Oulad Amer,13.7,M'Talith,10.8,Souassi,19.0,M'Talith,1881 Lasailly,10.8,Oulad Amer,13.7,3,1
TN335758,El Ababsa,El Jem,Mahdia,38.96,M'Talith — Oulad Merab,20.8,M'Talith,39.3,Souassi,11.5,Souassi,1881 Martel (1965),11.5,M'Talith — Oulad Merab,20.8,3,1
TN335760,El Achaba,El Jem,Mahdia,46.52,M'Talith — Oulad Merab,12.2,M'Talith,40.8,Souassi,19.0,M'Talith — Oulad Merab,1853 Pellissier,12.2,M'Talith — Meraïah,18.6,3,1
TN335754,El Aitha,El Jem,Mahdia,43.97,M'Talith — Oulad Merab,13.2,M'Talith,27.5,Souassi,12.5,Souassi,1881 Martel (1965),12.5,M'Talith — Oulad Merab,13.2,3,1
TN335755,El Mechalet,El Jem,Mahdia,48.42,M'Talith — Oulad Merab,18.1,M'Talith,31.7,Souassi,7.0,Souassi,1881 Martel (1965),7.0,M'Talith — Oulad Merab,18.1,3,1
TN335752,El Mourabitine,El Jem,Mahdia,8.8,M'Talith — Oulad Merab,14.1,M'Talith,31.4,Souassi,10.7,Souassi,1881 Martel (1965),10.7,M'Talith — Oulad Merab,14.1,3,1
TN335751,Es-Zaouia,El Jem,Mahdia,12.11,M'Talith — Oulad Merab,13.5,M'Talith,33.6,Souassi,12.0,Souassi,1881 Martel (1965),12.0,M'Talith — Oulad Merab,13.5,3,1
TN335753,Riadh Bou Helal,El Jem,Mahdia,15.04,M'Talith — Oulad Merab,16.2,M'Talith,22.8,Souassi,13.2,Souassi,1881 Martel (1965),13.2,M'Talith — Oulad Merab,16.2,3,1
TN335759,Talalsa,El Jem,Mahdia,12.58,M'Talith — Oulad Merab,16.8,M'Talith,40.0,Souassi,14.7,Souassi,1881 Martel (1965),14.7,M'Talith — Oulad Merab,16.8,3,1
TN335757,Touahria,El Jem,Mahdia,13.47,M'Talith — Oulad Merab,16.1,M'Talith,41.3,Souassi,16.6,M'Talith — Oulad Merab,1853 Pellissier,16.1,Souassi,16.6,3,1
TN335756,Zeghabna,El Jem,Mahdia,46.56,M'Talith — Oulad Merab,8.5,M'Talith,32.8,Souassi,16.3,M'Talith — Oulad Merab,1853 Pellissier,8.5,Souassi,16.3,3,1
TN335554,Ech-Chahda Ouest,Hbira,Mahdia,65.79,M'Talith,6.3,M'Talith,11.9,Souassi,39.4,M'Talith,1853 Pellissier,6.3,Oulad Khalifa,11.1,3,2
TN335555,El Maherza Sud,Hbira,Mahdia,131.08,Oulad Amer,7.5,M'Talith,14.6,Souassi,34.8,Oulad Amer,1853 Pellissier,7.5,Oulad Khalifa,14.2,3,1
TN335551,Hebira,Hbira,Mahdia,51.66,M'Talith,2.4,M'Talith,11.1,Souassi,41.0,M'Talith,1853 Pellissier,2.4,Oulad Khalifa,16.7,3,2
TN335552,Menzel Hached,Hbira,Mahdia,38.02,M'Talith,7.2,M'Talith,9.9,Souassi,38.6,M'Talith,1853 Pellissier,7.2,Oulad Amer,22.8,3,2
TN335553,Regaigua,Hbira,Mahdia,29.27,M'Talith,3.0,M'Talith,6.2,Souassi,36.0,M'Talith,1853 Pellissier,3.0,Oulad Amer,16.3,3,2
TN336162,El Bradaa Nord,Ksour Essef,Mahdia,22.07,M'Talith — Oulad Alia,7.0,M'Talith,57.4,Souassi,31.0,M'Talith — Oulad Alia,1853 Pellissier,7.0,M'Talith — Oulad Zid,24.9,3,1
TN336161,El Bradaa Sud,Ksour Essef,Mahdia,29.07,M'Talith — Oulad Alia,8.7,,,Souassi,36.2,M'Talith — Oulad Alia,1853 Pellissier,8.7,M'Talith — Oulad Zid,22.8,2,1
TN336160,El Hessinet,Ksour Essef,Mahdia,14.26,M'Talith — Oulad Alia,11.2,M'Talith,59.5,Souassi,34.8,M'Talith — Oulad Alia,1853 Pellissier,11.2,M'Talith — Oulad Zid,19.9,3,1
TN336151,El Ksar,Ksour Essef,Mahdia,7.91,M'Talith — Oulad Alia,3.2,,,Souassi,33.5,M'Talith — Oulad Alia,1853 Pellissier,3.2,Souassi,33.5,2,1
TN336153,El Ktanine,Ksour Essef,Mahdia,21.16,M'Talith — Oulad Alia,4.2,M'Talith,57.9,Souassi,30.1,M'Talith — Oulad Alia,1853 Pellissier,4.2,M'Talith — Oulad Zid,29.5,3,1
TN336156,Ghedabna,Ksour Essef,Mahdia,21.64,M'Talith — Oulad Alia,12.1,,,Souassi,38.4,M'Talith — Oulad Alia,1853 Pellissier,12.1,M'Talith — Oulad Zid,20.1,2,1
TN336154,Ksour Essaf Ettakaddoum,Ksour Essef,Mahdia,25.44,M'Talith — Oulad Alia,5.2,M'Talith,58.8,Souassi,30.0,M'Talith — Oulad Alia,1853 Pellissier,5.2,Souassi,30.0,3,1
TN336152,Ksour Essaf Riadh,Ksour Essef,Mahdia,2.92,M'Talith — Oulad Alia,1.1,,,Souassi,34.2,M'Talith — Oulad Alia,1853 Pellissier,1.1,M'Talith — Oulad Zid,32.2,2,1
TN336157,Ouled Salah,Ksour Essef,Mahdia,15.52,M'Talith — Oulad Alia,9.3,M'Talith,54.9,Souassi,25.8,M'Talith — Oulad Alia,1853 Pellissier,9.3,Souassi,25.8,3,1
TN336159,Recharcha,Ksour Essef,Mahdia,21.96,M'Talith — Oulad Alia,14.4,M'Talith,56.1,Souassi,32.6,M'Talith — Oulad Alia,1853 Pellissier,14.4,M'Talith — Oulad Zid,17.2,3,1
TN336155,Salakta,Ksour Essef,Mahdia,25.87,M'Talith — Oulad Alia,2.1,,,Souassi,36.2,M'Talith — Oulad Alia,1853 Pellissier,2.1,M'Talith — Oulad Zid,31.4,2,1
TN336158,Sidi Assaker Ouest,Ksour Essef,Mahdia,12.64,M'Talith — Oulad Alia,11.1,M'Talith,52.2,Souassi,23.3,M'Talith — Oulad Alia,1853 Pellissier,11.1,Souassi,23.3,3,1
TN335156,Chiba,Mahdia,Mahdia,19.25,M'Talith — Oulad Alia,13.4,,,Souassi,31.9,M'Talith — Oulad Alia,1853 Pellissier,13.4,Souassi,31.9,2,1
TN335163,El Hekaima Est,Mahdia,Mahdia,10.79,M'Talith — Oulad Alia,12.2,M'Talith,53.6,Souassi,24.1,M'Talith — Oulad Alia,1853 Pellissier,12.2,Souassi,24.1,3,1
TN335162,Er-Remal,Mahdia,Mahdia,1.0,M'Talith — Oulad Alia,11.9,,,Souassi,39.9,M'Talith — Oulad Alia,1853 Pellissier,11.9,Souassi,39.9,2,1
TN335157,Es-Saad,Mahdia,Mahdia,25.5,M'Talith — Oulad Alia,9.8,M'Talith,59.2,Souassi,29.6,M'Talith — Oulad Alia,1853 Pellissier,9.8,Souassi,29.6,3,1
TN335159,Ez-Zahra,Mahdia,Mahdia,18.22,M'Talith — Oulad Alia,10.3,,,Souassi,36.9,M'Talith — Oulad Alia,1853 Pellissier,10.3,Souassi,36.9,2,1
TN335164,Hekaima Ouest,Mahdia,Mahdia,11.18,M'Talith — Oulad Alia,15.0,M'Talith,50.8,Souassi,21.2,M'Talith — Oulad Alia,1853 Pellissier,15.0,Souassi,21.2,3,1
TN335161,Hiboun,Mahdia,Mahdia,28.16,M'Talith — Oulad Alia,13.8,,,Souassi,37.1,M'Talith — Oulad Alia,1853 Pellissier,13.8,Souassi,37.1,2,1
TN335158,Jaouaouda,Mahdia,Mahdia,15.17,M'Talith — Oulad Alia,13.7,M'Talith,55.4,Souassi,25.6,M'Talith — Oulad Alia,1853 Pellissier,13.7,Souassi,25.6,3,1
TN335151,Mahdia,Mahdia,Mahdia,0.65,M'Talith — Oulad Alia,12.4,,,Souassi,42.3,M'Talith — Oulad Alia,1853 Pellissier,12.4,Souassi,42.3,2,1
TN335154,Rejiche,Mahdia,Mahdia,8.38,M'Talith — Oulad Alia,6.2,,,Souassi,35.9,M'Talith — Oulad Alia,1853 Pellissier,6.2,Souassi,35.9,2,1
TN335155,Rejiche Sud,Mahdia,Mahdia,7.04,M'Talith — Oulad Alia,6.7,,,Souassi,37.9,M'Talith — Oulad Alia,1853 Pellissier,6.7,M'Talith — Oulad Zid,37.4,2,1
TN335160,Zegana,Mahdia,Mahdia,17.67,M'Talith — Oulad Alia,7.4,,,Souassi,34.8,M'Talith — Oulad Alia,1853 Pellissier,7.4,Souassi,34.8,2,1
TN335152,Zouila,Mahdia,Mahdia,0.64,M'Talith — Oulad Alia,12.1,,,Souassi,41.2,M'Talith — Oulad Alia,1853 Pellissier,12.1,Souassi,41.2,2,1
TN335153,Zouila Sud,Mahdia,Mahdia,2.32,M'Talith — Oulad Alia,10.6,,,Souassi,40.5,M'Talith — Oulad Alia,1853 Pellissier,10.6,Souassi,40.5,2,1
TN335954,Ben Hssine,Melloulech,Mahdia,41.91,M'Talith — Oulad Zid,11.4,M'Talith,55.8,Souassi,35.0,M'Talith — Oulad Zid,1853 Pellissier,11.4,M'Talith — Meraïah,13.7,3,1
TN335952,El Aitha,Melloulech,Mahdia,21.54,M'Talith — Oulad Zid,7.1,,,Souassi,41.2,M'Talith — Oulad Zid,1853 Pellissier,7.1,M'Talith — Meraïah,13.9,2,1
TN335953,El Mansoura,Melloulech,Mahdia,34.4,M'Talith — Oulad Zid,4.6,M'Talith,55.6,Souassi,38.6,M'Talith — Oulad Zid,1853 Pellissier,4.6,M'Talith — Meraïah,7.9,3,1
TN335951,Melloulech,Melloulech,Mahdia,44.14,M'Talith — Oulad Zid,2.9,,,Souassi,43.7,M'Talith — Oulad Zid,1853 Pellissier,2.9,M'Talith — Meraïah,12.1,2,1
TN335955,Sidi Abdellaziz,Melloulech,Mahdia,18.33,M'Talith — Oulad Zid,1.9,M'Talith,58.5,Souassi,43.6,M'Talith — Oulad Zid,1853 Pellissier,1.9,M'Talith — Meraïah,9.0,3,1
TN335357,Bou Slim,Ouled Chamekh,Mahdia,32.23,Oulad Amer,13.1,M'Talith,25.8,Souassi,37.2,Oulad Amer,1853 Pellissier,13.1,Zlass,17.8,3,1
TN335354,Chehimet Nord,Ouled Chamekh,Mahdia,27.13,Oulad Amer,8.6,M'Talith,20.9,Souassi,22.8,Oulad Amer,1853 Pellissier,8.6,M'Talith,20.9,3,1
TN335355,El Ajilet,Ouled Chamekh,Mahdia,52.99,Oulad Amer,6.9,M'Talith,20.5,Souassi,26.2,Oulad Amer,1853 Pellissier,6.9,M'Talith,20.5,3,1
TN335356,Es-Somra,Ouled Chamekh,Mahdia,36.3,Oulad Amer,9.4,M'Talith,22.8,Souassi,33.0,Oulad Amer,1853 Pellissier,9.4,Oulad Khalifa,21.9,3,1
TN335358,Meharza Nord,Ouled Chamekh,Mahdia,48.75,Oulad Amer,5.6,M'Talith,17.9,Souassi,32.4,Oulad Amer,1853 Pellissier,5.6,M'Talith,17.9,3,1
TN335353,Ouled Amor,Ouled Chamekh,Mahdia,42.05,Oulad Amer,13.9,M'Talith,26.2,Souassi,22.7,Oulad Amer,1853 Pellissier,13.9,Souassi,22.7,3,1
TN335352,Ouled Chamekh Nord,Ouled Chamekh,Mahdia,56.91,Zlass,18.6,M'Talith,33.3,Zlass,31.6,Zlass,1853 Pellissier,18.6,Oulad Amer,19.6,3,2
TN335351,Ouled Chamekh Sud,Ouled Chamekh,Mahdia,61.39,Oulad Amer,14.5,M'Talith,28.4,Souassi,31.2,Oulad Amer,1853 Pellissier,14.5,Zlass,24.6,3,1
TN336055,El Bassatine,Sidi Alouane,Mahdia,7.4,M'Talith — Oulad Alia,9.2,M'Talith,53.0,Souassi,24.9,M'Talith — Oulad Alia,1853 Pellissier,9.2,Souassi,24.9,3,1
TN336060,En-Nozha,Sidi Alouane,Mahdia,22.67,M'Talith — Meraïah,5.3,M'Talith,47.0,Souassi,31.5,M'Talith — Meraïah,1853 Pellissier,5.3,M'Talith — Oulad Merab,10.8,3,1
TN336062,Es-Saada,Sidi Alouane,Mahdia,22.8,M'Talith — Oulad Alia,17.1,M'Talith,44.9,Souassi,17.8,M'Talith — Oulad Alia,1853 Pellissier,17.1,Souassi,17.8,3,1
TN336056,Oued Beja Nord,Sidi Alouane,Mahdia,18.02,M'Talith — Oulad Alia,14.0,M'Talith,48.2,Souassi,21.4,M'Talith — Oulad Alia,1853 Pellissier,14.0,Souassi,21.4,3,1
TN336057,Oued Beja Sud,Sidi Alouane,Mahdia,34.73,M'Talith — Oulad Merab,16.8,M'Talith,46.4,Souassi,22.6,M'Talith — Oulad Merab,1853 Pellissier,16.8,M'Talith — Oulad Alia,17.8,3,1
TN336061,Oued Guellat,Sidi Alouane,Mahdia,15.2,M'Talith — Oulad Alia,14.8,M'Talith,47.8,Souassi,19.3,M'Talith — Oulad Alia,1853 Pellissier,14.8,Souassi,19.3,3,1
TN336054,Sakiet El Khadem,Sidi Alouane,Mahdia,15.23,M'Talith — Oulad Alia,11.7,M'Talith,50.4,Souassi,22.7,M'Talith — Oulad Alia,1853 Pellissier,11.7,Souassi,22.7,3,1
TN336052,Sidi Alouane Est,Sidi Alouane,Mahdia,9.03,M'Talith — Oulad Alia,7.0,M'Talith,56.1,Souassi,29.3,M'Talith — Oulad Alia,1853 Pellissier,7.0,M'Talith — Oulad Zid,26.1,3,1
TN336051,Sidi Alouane Ouest,Sidi Alouane,Mahdia,17.41,M'Talith — Oulad Alia,9.2,M'Talith,53.2,Souassi,26.3,M'Talith — Oulad Alia,1853 Pellissier,9.2,M'Talith — Oulad Merab,25.7,3,1
TN336058,Zalba Est,Sidi Alouane,Mahdia,56.15,M'Talith — Meraïah,11.3,M'Talith,49.2,Souassi,29.5,M'Talith — Meraïah,1853 Pellissier,11.3,M'Talith — Oulad Zid,14.0,3,1
TN336059,Zalba Ouest,Sidi Alouane,Mahdia,37.55,M'Talith — Oulad Merab,8.7,M'Talith,43.6,Souassi,26.0,M'Talith — Oulad Merab,1853 Pellissier,8.7,M'Talith — Meraïah,10.8,3,1
TN336053,Zorda,Sidi Alouane,Mahdia,32.72,M'Talith — Oulad Alia,14.8,M'Talith,51.8,Souassi,28.1,M'Talith — Oulad Alia,1853 Pellissier,14.8,M'Talith — Meraïah,18.7,3,1
TN335655,Bou Helal,Souassi,Mahdia,41.15,M'Talith — Oulad Merab,20.2,M'Talith,17.6,Souassi,15.9,Souassi,1881 Martel (1965),15.9,M'Talith,17.6,3,1
TN335656,Cherichira,Souassi,Mahdia,32.68,Oulad Amer,17.7,M'Talith,15.0,Souassi,15.1,M'Talith,1881 Lasailly,15.0,Souassi,15.1,3,1
TN335661,Ech-Chahimet Sud,Souassi,Mahdia,63.14,Oulad Amer,11.9,M'Talith,20.4,Souassi,16.6,Oulad Amer,1853 Pellissier,11.9,Souassi,16.6,3,1
TN335657,El Kesasba,Souassi,Mahdia,44.69,Oulad Amer,25.5,M'Talith,28.2,Souassi,2.0,Souassi,1881 Martel (1965),2.0,Oulad Amer,25.5,3,1
TN335652,Es-Saida,Souassi,Mahdia,19.11,Oulad Amer,22.2,M'Talith,24.3,Souassi,5.7,Souassi,1881 Martel (1965),5.7,Oulad Amer,22.2,3,1
TN335651,Essouassi,Souassi,Mahdia,36.5,Oulad Amer,20.4,M'Talith,20.2,Souassi,9.8,Souassi,1881 Martel (1965),9.8,M'Talith,20.2,3,1
TN335658,Ez-Zairat,Souassi,Mahdia,11.89,Oulad Amer,10.6,M'Talith,9.0,Souassi,21.4,M'Talith,1881 Lasailly,9.0,Oulad Amer,10.6,3,1
TN335659,Ouled Moulahem Nord,Souassi,Mahdia,27.37,Oulad Amer,10.5,M'Talith,14.9,Souassi,17.4,Oulad Amer,1853 Pellissier,10.5,M'Talith,14.9,3,1
TN335660,Ouled Moulahem Ouest,Souassi,Mahdia,23.17,Oulad Amer,6.6,M'Talith,12.0,Souassi,21.8,Oulad Amer,1853 Pellissier,6.6,M'Talith,12.0,3,1
TN335653,Sidi Naceur,Souassi,Mahdia,20.66,M'Talith — Oulad Merab,20.0,M'Talith,23.9,Souassi,8.1,Souassi,1881 Martel (1965),8.1,M'Talith — Oulad Merab,20.0,3,1
TN335654,Sidi Zid,Souassi,Mahdia,22.75,Oulad Amer,14.8,M'Talith,17.8,Souassi,13.1,Souassi,1881 Martel (1965),13.1,Oulad Amer,14.8,3,1
TN145551,Borj El Amri,Borj El Amri,Manubah,33.82,Trabelsi,21.1,Trabelsi,21.7,Riah,15.8,Riah,1881 Martel (1965),15.8,Trabelsi,21.1,3,1
TN145553,Borj Ennour,Borj El Amri,Manubah,38.4,Trabelsi,12.5,Drid,17.1,Riah,15.5,Trabelsi,1853 Pellissier,12.5,Riah,15.5,3,1
TN145554,El Moussadine,Borj El Amri,Manubah,35.2,Trabelsi,15.8,Drid,19.9,Riah,14.5,Riah,1881 Martel (1965),14.5,Trabelsi,15.8,3,1
TN145552,Menzel Habib,Borj El Amri,Manubah,68.43,Trabelsi,15.7,Drid,17.6,Riah,7.2,Riah,1881 Martel (1965),7.2,Trabelsi,15.7,3,1
TN145255,Cite Ech-Chabeb,Douar Hicher,Manubah,4.53,Ouled Khiar,30.6,Trabelsi,25.2,Riah,31.6,Trabelsi,1881 Lasailly,25.2,Ouled Khiar,30.6,3,1
TN145254,Cite Ennassim,Douar Hicher,Manubah,0.98,Ouled Khiar,29.4,Trabelsi,26.6,Riah,30.9,Trabelsi,1881 Lasailly,26.6,Ouled Khiar,29.4,3,1
TN145253,Cite Er-Riadh,Douar Hicher,Manubah,1.62,Ouled Khiar,28.7,Trabelsi,25.2,Riah,29.7,Trabelsi,1881 Lasailly,25.2,Ouled Khiar,28.7,3,1
TN145251,Douar Hicher,Douar Hicher,Manubah,1.52,Ouled Khiar,28.5,Trabelsi,27.4,Riah,30.4,Trabelsi,1881 Lasailly,27.4,Ouled Khiar,28.5,3,1
TN145252,Khaled Ibn El Oualid,Douar Hicher,Manubah,0.45,Ouled Khiar,28.9,Trabelsi,26.0,Riah,30.2,Trabelsi,1881 Lasailly,26.0,Ouled Khiar,28.9,3,1
TN145852,Borj Ettoumi,El Battan,Manubah,60.82,Trabelsi,16.2,Riah,14.2,Riah,26.6,Riah,1881 Lasailly,14.2,Trabelsi,16.2,3,2
TN145854,El Aroussia,El Battan,Manubah,25.97,Trabelsi,20.2,Trabelsi,15.7,Riah,27.4,Trabelsi,1881 Lasailly,15.7,Riah,18.5,3,2
TN145851,El Battane,El Battan,Manubah,36.99,Trabelsi,23.2,Trabelsi,13.3,Riah,24.7,Trabelsi,1881 Lasailly,13.3,Riah,24.7,3,2
TN145853,Mehrine,El Battan,Manubah,33.08,Trabelsi,19.3,Trabelsi,17.1,Riah,22.0,Trabelsi,1881 Lasailly,17.1,Riah,22.0,3,2
TN145653,Chaouat,Jedaida,Manubah,81.95,Ouled Khiar,38.2,Trabelsi,11.2,Riah,35.0,Trabelsi,1881 Lasailly,11.2,Makna,28.9,3,1
TN145651,Djedaida,Jedaida,Manubah,9.71,Trabelsi,31.6,Trabelsi,11.3,Riah,28.2,Trabelsi,1881 Lasailly,11.3,Riah,28.2,3,2
TN145652,Djedaida Hached,Jedaida,Manubah,31.24,Trabelsi,33.0,Trabelsi,8.6,Riah,30.8,Trabelsi,1881 Lasailly,8.6,Makna,28.3,3,2
TN145656,El Habibia,Jedaida,Manubah,16.89,Ouled Khiar,27.6,Trabelsi,17.3,Riah,24.6,Trabelsi,1881 Lasailly,17.3,Riah,24.6,3,1
TN145654,El Mansoura,Jedaida,Manubah,28.45,Trabelsi,26.2,Trabelsi,16.4,Riah,21.7,Trabelsi,1881 Lasailly,16.4,Riah,21.7,3,2
TN145655,Ez-Zahra,Jedaida,Manubah,14.67,Ouled Khiar,30.4,Trabelsi,13.4,Riah,26.0,Trabelsi,1881 Lasailly,13.4,Riah,26.0,3,1
TN145154,Den-Den,Manouba,Manubah,0.62,Ouled Khiar,27.1,Trabelsi,29.5,Riah,29.7,Ouled Khiar,1853 Pellissier,27.1,Trabelsi,29.5,3,1
TN145156,Den-Den Sud,Manouba,Manubah,0.71,Ouled Khiar,26.5,Trabelsi,29.7,Riah,29.1,Ouled Khiar,1853 Pellissier,26.5,Riah,29.1,3,1
TN145155,Ksar-Said,Manouba,Manubah,2.15,Ouled Khiar,28.3,Trabelsi,28.8,Riah,30.6,Ouled Khiar,1853 Pellissier,28.3,Trabelsi,28.8,3,1
TN145151,Manouba,Manouba,Manubah,1.7,Ouled Khiar,27.5,Trabelsi,27.4,Riah,29.3,Trabelsi,1881 Lasailly,27.4,Ouled Khiar,27.5,3,1
TN145152,Manouba Centre,Manouba,Manubah,0.89,Ouled Khiar,27.2,Trabelsi,28.5,Riah,29.4,Ouled Khiar,1853 Pellissier,27.2,Trabelsi,28.5,3,1
TN145153,Sidi Amor,Manouba,Manubah,6.1,Ouled Khiar,26.9,Trabelsi,26.0,Riah,28.2,Trabelsi,1881 Lasailly,26.0,Ouled Khiar,26.9,3,1
TN145452,20 Mars,Mornaguia,Manubah,5.5,Ouled Khiar,21.6,Trabelsi,23.6,Riah,20.2,Riah,1881 Martel (1965),20.2,Ouled Khiar,21.6,3,1
TN145453,Bouragba,Mornaguia,Manubah,16.46,Ouled Khiar,18.1,Trabelsi,27.7,Riah,18.5,Ouled Khiar,1853 Pellissier,18.1,Riah,18.5,3,1
TN145457,El Bassatine,Mornaguia,Manubah,27.83,Ouled Khiar,23.6,Trabelsi,19.7,Riah,19.0,Riah,1881 Martel (1965),19.0,Trabelsi,19.7,3,1
TN145454,El Fejja,Mornaguia,Manubah,124.28,Ouled Khiar,10.8,Drid,25.4,Riah,7.9,Riah,1881 Martel (1965),7.9,Ouled Khiar,10.8,3,1
TN145456,Hmaiem,Mornaguia,Manubah,58.2,Ouled Khiar,11.8,Drid,33.6,Riah,15.2,Ouled Khiar,1853 Pellissier,11.8,Riah,15.2,3,1
TN145451,Mornaguia,Mornaguia,Manubah,6.76,Ouled Khiar,22.4,Trabelsi,24.0,Riah,21.8,Riah,1881 Martel (1965),21.8,Ouled Khiar,22.4,3,1
TN145458,Mornaguia Nord,Mornaguia,Manubah,1.43,Ouled Khiar,20.5,Trabelsi,26.0,Riah,20.6,Ouled Khiar,1853 Pellissier,20.5,Riah,20.6,3,1
TN145455,Sidi Ali El Hattab,Mornaguia,Manubah,20.05,Ouled Khiar,20.2,Trabelsi,23.8,Riah,18.1,Riah,1881 Martel (1965),18.1,Ouled Khiar,20.2,3,1
TN145354,Cite El Ouerd,Oued Ellil,Manubah,6.76,Ouled Khiar,30.5,Trabelsi,19.1,Riah,29.3,Trabelsi,1881 Lasailly,19.1,Riah,29.3,3,1
TN145357,El Kobbaa,Oued Ellil,Manubah,1.52,Ouled Khiar,28.0,Trabelsi,24.4,Riah,28.6,Trabelsi,1881 Lasailly,24.4,Ouled Khiar,28.0,3,1
TN145355,Ennajet,Oued Ellil,Manubah,12.59,Ouled Khiar,31.5,Trabelsi,22.5,Riah,31.6,Trabelsi,1881 Lasailly,22.5,Ouled Khiar,31.5,3,1
TN145353,Er Riadh,Oued Ellil,Manubah,6.05,Ouled Khiar,28.6,Trabelsi,18.6,Riah,26.8,Trabelsi,1881 Lasailly,18.6,Riah,26.8,3,1
TN145352,Es Saida,Oued Ellil,Manubah,4.15,Ouled Khiar,28.5,Trabelsi,17.5,Riah,26.1,Trabelsi,1881 Lasailly,17.5,Riah,26.1,3,1
TN145351,Oued Ellil,Oued Ellil,Manubah,5.68,Ouled Khiar,29.1,Trabelsi,22.2,Riah,29.0,Trabelsi,1881 Lasailly,22.2,Riah,29.0,3,1
TN145356,Sanhaja,Oued Ellil,Manubah,21.04,Ouled Khiar,26.8,Trabelsi,22.0,Riah,26.3,Trabelsi,1881 Lasailly,22.0,Riah,26.3,3,1
TN145755,Banlieue De Tebourba,Tebourba,Manubah,7.7,Trabelsi,26.4,Trabelsi,9.8,Riah,28.0,Trabelsi,1881 Lasailly,9.8,Riah,26.7,3,2
TN145757,Ech-Chouigui,Tebourba,Manubah,122.2,Trabelsi,33.1,Trabelsi,2.6,Riah,35.1,Trabelsi,1881 Lasailly,2.6,Makna,21.7,3,2
TN145753,Edkhila,Tebourba,Manubah,41.51,Trabelsi,28.3,Trabelsi,12.6,Riah,36.7,Trabelsi,1881 Lasailly,12.6,Riah,21.0,3,2
TN145752,El Ansarine,Tebourba,Manubah,48.88,Trabelsi,22.4,Riah,16.1,Riah,32.3,Riah,1881 Lasailly,16.1,Trabelsi,16.6,3,2
TN145754,El Mellaha,Tebourba,Manubah,42.59,Trabelsi,24.7,Riah,12.5,Riah,38.2,Riah,1881 Lasailly,12.5,Trabelsi,22.3,3,2
TN145756,Er-Raja,Tebourba,Manubah,18.77,Trabelsi,29.6,Trabelsi,8.3,Riah,29.3,Trabelsi,1881 Lasailly,8.3,Makna,27.8,3,2
TN145751,Tebourba,Tebourba,Manubah,5.81,Trabelsi,27.2,Trabelsi,11.2,Riah,26.3,Trabelsi,1881 Lasailly,11.2,Riah,26.3,3,2
TN325951,Bekalta Nord,Bekalta,Monastir,10.06,M'Talith — Oulad Alia,24.4,,,Souassi,43.3,M'Talith — Oulad Alia,1853 Pellissier,24.4,Souassi,43.3,2,1
TN325954,Beklta Est,Bekalta,Monastir,10.96,M'Talith — Oulad Alia,22.6,,,Souassi,44.0,M'Talith — Oulad Alia,1853 Pellissier,22.6,Souassi,44.0,2,1
TN325952,Beklta Sud,Bekalta,Monastir,12.18,M'Talith — Oulad Alia,21.1,,,Souassi,40.8,M'Talith — Oulad Alia,1853 Pellissier,21.1,Souassi,40.8,2,1
TN325953,El Baghdadi,Bekalta,Monastir,10.79,M'Talith — Oulad Alia,18.2,,,Souassi,40.2,M'Talith — Oulad Alia,1853 Pellissier,18.2,Souassi,40.2,2,1
TN325751,Bembla,Bembla,Monastir,5.57,M'Talith — Oulad Alia,38.8,,,Souassi,37.4,Souassi,1881 Martel (1965),37.4,M'Talith — Oulad Alia,38.8,2,1
TN325752,Bembla Ouest,Bembla,Monastir,10.88,M'Talith — Oulad Alia,35.9,,,Souassi,35.6,Souassi,1881 Martel (1965),35.6,M'Talith — Oulad Alia,35.9,2,1
TN325753,El Manara,Bembla,Monastir,4.84,M'Talith — Oulad Alia,38.1,,,Souassi,35.5,Souassi,1881 Martel (1965),35.5,M'Talith — Oulad Alia,38.1,2,1
TN325755,El Masdour,Bembla,Monastir,11.18,M'Talith — Oulad Alia,38.4,M'Talith,58.4,Souassi,32.7,Souassi,1881 Martel (1965),32.7,M'Talith — Oulad Alia,38.4,3,1
TN325754,Menzel En-Nour,Bembla,Monastir,8.97,M'Talith — Oulad Alia,35.4,,,Souassi,33.5,Souassi,1881 Martel (1965),33.5,M'Talith — Oulad Alia,35.4,2,1
TN325756,Menzel Harb,Bembla,Monastir,7.48,M'Talith — Oulad Alia,40.4,,,Souassi,36.4,Souassi,1881 Martel (1965),36.4,M'Talith — Oulad Alia,40.4,2,1
TN325552,Beni Hassen Nord,Beni Hassen,Monastir,7.36,M'Talith — Oulad Alia,25.9,M'Talith,55.3,Souassi,26.4,M'Talith — Oulad Alia,1853 Pellissier,25.9,Souassi,26.4,3,1
TN325551,Beni Hassen Sud,Beni Hassen,Monastir,22.62,M'Talith — Oulad Alia,23.1,M'Talith,54.9,Souassi,25.5,M'Talith — Oulad Alia,1853 Pellissier,23.1,Souassi,25.5,3,1
TN325554,El Jnaiha,Beni Hassen,Monastir,16.69,M'Talith — Oulad Alia,24.9,M'Talith,49.3,Souassi,20.1,Souassi,1881 Martel (1965),20.1,M'Talith — Oulad Alia,24.9,3,1
TN325555,Ghnada,Beni Hassen,Monastir,24.41,M'Talith — Oulad Alia,31.3,M'Talith,40.8,Souassi,13.1,Souassi,1881 Martel (1965),13.1,M'Talith — Oulad Alia,31.3,3,1
TN325553,Hatem,Beni Hassen,Monastir,15.23,M'Talith — Oulad Alia,27.0,M'Talith,46.6,Souassi,17.7,Souassi,1881 Martel (1965),17.7,M'Talith — Oulad Alia,27.0,3,1
TN325656,Bir Taieb,Jammel,Monastir,12.24,M'Talith — Oulad Alia,40.8,M'Talith,54.4,Souassi,30.3,Souassi,1881 Martel (1965),30.3,M'Talith — Oulad Alia,40.8,3,1
TN325658,El Hdadra,Jammel,Monastir,42.23,Oulad Amer,37.5,M'Talith,46.9,Souassi,23.9,Souassi,1881 Martel (1965),23.9,Oulad Amer,37.5,3,1
TN325659,Et-Teyaira,Jammel,Monastir,16.67,M'Talith — Oulad Alia,27.4,M'Talith,52.6,Souassi,24.1,Souassi,1881 Martel (1965),24.1,M'Talith — Oulad Alia,27.4,3,1
TN325653,Jamel Est,Jammel,Monastir,19.79,M'Talith — Oulad Alia,30.0,M'Talith,57.7,Souassi,29.6,Souassi,1881 Martel (1965),29.6,M'Talith — Oulad Alia,30.0,3,1
TN325652,Jamel Nord,Jammel,Monastir,9.87,M'Talith — Oulad Alia,35.8,M'Talith,54.6,Souassi,28.5,Souassi,1881 Martel (1965),28.5,M'Talith — Oulad Alia,35.8,3,1
TN325654,Jamel Ouest,Jammel,Monastir,11.65,M'Talith — Oulad Alia,32.3,M'Talith,53.4,Souassi,26.1,Souassi,1881 Martel (1965),26.1,M'Talith — Oulad Alia,32.3,3,1
TN325651,Jamel Sud,Jammel,Monastir,6.04,M'Talith — Oulad Alia,30.9,M'Talith,55.2,Souassi,27.5,Souassi,1881 Martel (1965),27.5,M'Talith — Oulad Alia,30.9,3,1
TN325657,Menzel Kamel,Jammel,Monastir,25.9,M'Talith — Oulad Alia,40.3,M'Talith,51.6,Souassi,27.8,Souassi,1881 Martel (1965),27.8,M'Talith — Oulad Alia,40.3,3,1
TN325655,Zaouiet Kontoch,Jammel,Monastir,12.19,M'Talith — Oulad Alia,34.5,M'Talith,58.0,Souassi,31.2,Souassi,1881 Martel (1965),31.2,M'Talith — Oulad Alia,34.5,3,1
TN326151,Ayed,Ksar Hellal,Monastir,4.89,M'Talith — Oulad Alia,28.5,,,Souassi,38.6,M'Talith — Oulad Alia,1853 Pellissier,28.5,Souassi,38.6,2,1
TN326153,Bouzouita,Ksar Hellal,Monastir,6.5,M'Talith — Oulad Alia,27.1,,,Souassi,33.2,M'Talith — Oulad Alia,1853 Pellissier,27.1,Souassi,33.2,2,1
TN326154,Cite Erriadh,Ksar Hellal,Monastir,4.03,M'Talith — Oulad Alia,30.3,,,Souassi,36.1,M'Talith — Oulad Alia,1853 Pellissier,30.3,Souassi,36.1,2,1
TN326152,Soua,Ksar Hellal,Monastir,6.6,M'Talith — Oulad Alia,28.9,,,Souassi,35.3,M'Talith — Oulad Alia,1853 Pellissier,28.9,Souassi,35.3,2,1
TN326254,Benen Nord,Ksibet El Mediouni,Monastir,4.16,M'Talith — Oulad Alia,34.1,,,Souassi,36.4,M'Talith — Oulad Alia,1853 Pellissier,34.1,Souassi,36.4,2,1
TN326253,Benen Sud,Ksibet El Mediouni,Monastir,4.49,M'Talith — Oulad Alia,32.2,,,Souassi,36.7,M'Talith — Oulad Alia,1853 Pellissier,32.2,Souassi,36.7,2,1
TN326255,Bodher,Ksibet El Mediouni,Monastir,9.84,M'Talith — Oulad Alia,32.5,,,Souassi,34.5,M'Talith — Oulad Alia,1853 Pellissier,32.5,Souassi,34.5,2,1
TN326251,Ksibet El Mediouni,Ksibet El Mediouni,Monastir,5.74,M'Talith — Oulad Alia,34.3,,,Souassi,38.0,M'Talith — Oulad Alia,1853 Pellissier,34.3,Souassi,38.0,2,1
TN326252,Touza,Ksibet El Mediouni,Monastir,12.89,M'Talith — Oulad Alia,28.1,,,Souassi,31.4,M'Talith — Oulad Alia,1853 Pellissier,28.1,Souassi,31.4,2,1
TN325860,Amiret El Fehoul,Moknine,Monastir,29.94,M'Talith — Oulad Alia,18.6,M'Talith,48.6,Souassi,18.7,M'Talith — Oulad Alia,1853 Pellissier,18.6,Souassi,18.7,3,1
TN325861,Amiret El Hojjaj,Moknine,Monastir,26.3,M'Talith — Oulad Alia,20.8,M'Talith,50.6,Souassi,20.8,M'Talith — Oulad Alia,1853 Pellissier,20.8,Souassi,20.8,3,1
TN325862,Amiret Touazra,Moknine,Monastir,19.22,M'Talith — Oulad Alia,24.1,M'Talith,44.0,Souassi,14.2,Souassi,1881 Martel (1965),14.2,M'Talith — Oulad Alia,24.1,3,1
TN325863,Amiret Touazra Sud,Moknine,Monastir,4.19,M'Talith — Oulad Alia,22.6,M'Talith,45.6,Souassi,15.8,Souassi,1881 Martel (1965),15.8,M'Talith — Oulad Alia,22.6,3,1
TN325859,Cherahil,Moknine,Monastir,15.49,M'Talith — Oulad Alia,17.7,M'Talith,54.6,Souassi,24.8,M'Talith — Oulad Alia,1853 Pellissier,17.7,Souassi,24.8,3,1
TN325856,Kheredine,Moknine,Monastir,18.33,M'Talith — Oulad Alia,25.0,,,Souassi,31.8,M'Talith — Oulad Alia,1853 Pellissier,25.0,Souassi,31.8,2,1
TN325858,Menzel Farsi,Moknine,Monastir,26.1,M'Talith — Oulad Alia,21.1,M'Talith,58.4,Souassi,28.8,M'Talith — Oulad Alia,1853 Pellissier,21.1,Souassi,28.8,3,1
TN325851,Moknine Est,Moknine,Monastir,6.08,M'Talith — Oulad Alia,25.3,,,Souassi,37.4,M'Talith — Oulad Alia,1853 Pellissier,25.3,Souassi,37.4,2,1
TN325853,Moknine Nord,Moknine,Monastir,0.31,M'Talith — Oulad Alia,26.8,,,Souassi,36.8,M'Talith — Oulad Alia,1853 Pellissier,26.8,Souassi,36.8,2,1
TN325855,Moknine Ouest,Moknine,Monastir,1.39,M'Talith — Oulad Alia,27.1,,,Souassi,36.0,M'Talith — Oulad Alia,1853 Pellissier,27.1,Souassi,36.0,2,1
TN325852,Moknine Sud,Moknine,Monastir,26.43,M'Talith — Oulad Alia,21.5,,,Souassi,33.2,M'Talith — Oulad Alia,1853 Pellissier,21.5,Souassi,33.2,2,1
TN325854,Ras El Ouad,Moknine,Monastir,4.07,M'Talith — Oulad Alia,27.1,,,Souassi,38.2,M'Talith — Oulad Alia,1853 Pellissier,27.1,Souassi,38.2,2,1
TN325857,Sidi Bennour,Moknine,Monastir,19.42,M'Talith — Oulad Alia,16.4,M'Talith,59.0,Souassi,29.1,M'Talith — Oulad Alia,1853 Pellissier,16.4,Souassi,29.1,3,1
TN325153,Bab El Gharbi,Monastir,Monastir,1.47,M'Talith — Oulad Alia,43.6,,,Souassi,45.8,M'Talith — Oulad Alia,1853 Pellissier,43.6,Souassi,45.8,2,1
TN325156,El Halia 2,Monastir,Monastir,8.55,M'Talith — Oulad Alia,42.3,,,Souassi,42.6,M'Talith — Oulad Alia,1853 Pellissier,42.3,Souassi,42.6,2,1
TN325155,El Helia,Monastir,Monastir,4.47,M'Talith — Oulad Alia,40.9,,,Souassi,43.1,M'Talith — Oulad Alia,1853 Pellissier,40.9,Souassi,43.1,2,1
TN325151,El Medina,Monastir,Monastir,0.68,M'Talith — Oulad Alia,43.0,,,Souassi,46.2,M'Talith — Oulad Alia,1853 Pellissier,43.0,Souassi,46.2,2,1
TN325152,El Medina 2,Monastir,Monastir,1.88,M'Talith — Oulad Alia,42.0,,,Souassi,45.2,M'Talith — Oulad Alia,1853 Pellissier,42.0,Souassi,45.2,2,1
TN325154,Er-Rbat,Monastir,Monastir,1.17,M'Talith — Oulad Alia,44.1,,,Souassi,46.7,M'Talith — Oulad Alia,1853 Pellissier,44.1,Souassi,46.7,2,1
TN325159,Khenis Nord,Monastir,Monastir,14.81,M'Talith — Oulad Alia,40.3,,,Souassi,39.9,Souassi,1881 Martel (1965),39.9,M'Talith — Oulad Alia,40.3,2,1
TN325158,Khenis Sud,Monastir,Monastir,2.84,M'Talith — Oulad Alia,36.9,,,Souassi,39.0,M'Talith — Oulad Alia,1853 Pellissier,36.9,Souassi,39.0,2,1
TN325157,Skanes,Monastir,Monastir,24.74,M'Talith — Oulad Alia,44.8,,,Souassi,44.0,Souassi,1881 Martel (1965),44.0,M'Talith — Oulad Alia,44.8,2,1
TN325253,Menzel Khair,Ouerdanine,Monastir,5.28,M'Talith — Oulad Alia,41.6,M'Talith,58.9,Souassi,34.4,Souassi,1881 Martel (1965),34.4,M'Talith — Oulad Alia,41.6,3,1
TN325255,Oued El Jebs,Ouerdanine,Monastir,6.23,M'Talith — Oulad Alia,42.6,M'Talith,56.4,Souassi,32.7,Souassi,1881 Martel (1965),32.7,M'Talith — Oulad Alia,42.6,3,1
TN325251,Ouerdanine Nord,Ouerdanine,Monastir,15.77,M'Talith — Oulad Alia,47.6,Souassi,57.5,Souassi,37.4,Souassi,1881 Martel (1965),37.4,Zlass,47.4,3,2
TN325252,Ouerdaninie Sud,Ouerdanine,Monastir,17.79,M'Talith — Oulad Alia,44.9,M'Talith,56.9,Souassi,34.1,Souassi,1881 Martel (1965),34.1,M'Talith — Oulad Alia,44.9,3,1
TN325254,Sidi Bou Othman,Ouerdanine,Monastir,6.25,M'Talith — Oulad Alia,40.9,M'Talith,57.2,Souassi,32.7,Souassi,1881 Martel (1965),32.7,M'Talith — Oulad Alia,40.9,3,1
TN325355,Masjed Aissa,Sahline,Monastir,7.6,M'Talith — Oulad Alia,43.3,,,Souassi,37.6,Souassi,1881 Martel (1965),37.6,M'Talith — Oulad Alia,43.3,2,1
TN325354,Mootmar,Sahline,Monastir,6.47,M'Talith — Oulad Alia,47.3,Souassi,58.2,Souassi,39.5,Souassi,1881 Martel (1965),39.5,M'Talith — Oulad Alia,47.3,3,2
TN325351,Sahline Est,Sahline,Monastir,14.69,M'Talith — Oulad Alia,43.2,,,Souassi,40.1,Souassi,1881 Martel (1965),40.1,M'Talith — Oulad Alia,43.2,2,1
TN325352,Sahline Ouest,Sahline,Monastir,7.87,M'Talith — Oulad Alia,46.5,Souassi,59.6,Souassi,40.7,Souassi,1881 Martel (1965),40.7,M'Talith — Oulad Alia,46.5,3,2
TN325353,Sidi Ameur,Sahline,Monastir,5.66,M'Talith — Oulad Alia,45.6,,,Souassi,38.9,Souassi,1881 Martel (1965),38.9,M'Talith — Oulad Alia,45.6,2,1
TN326354,Bou-Hjar,Sayada-Lamta-Bou Hjar,Monastir,4.33,M'Talith — Oulad Alia,31.7,,,Souassi,37.7,M'Talith — Oulad Alia,1853 Pellissier,31.7,Souassi,37.7,2,1
TN326353,Lamta,Sayada-Lamta-Bou Hjar,Monastir,1.81,M'Talith — Oulad Alia,31.2,,,Souassi,38.6,M'Talith — Oulad Alia,1853 Pellissier,31.2,Souassi,38.6,2,1
TN326351,Sayada Est,Sayada-Lamta-Bou Hjar,Monastir,2.69,M'Talith — Oulad Alia,30.0,,,Souassi,40.0,M'Talith — Oulad Alia,1853 Pellissier,30.0,Souassi,40.0,2,1
TN326352,Sayada Ouest,Sayada-Lamta-Bou Hjar,Monastir,3.96,M'Talith — Oulad Alia,29.4,,,Souassi,39.3,M'Talith — Oulad Alia,1853 Pellissier,29.4,Souassi,39.3,2,1
TN326055,Bou-Driss,Teboulba,Monastir,5.66,M'Talith — Oulad Alia,26.8,,,Souassi,40.6,M'Talith — Oulad Alia,1853 Pellissier,26.8,Souassi,40.6,2,1
TN326053,El Aiaicha,Teboulba,Monastir,7.05,M'Talith — Oulad Alia,24.9,,,Souassi,40.0,M'Talith — Oulad Alia,1853 Pellissier,24.9,Souassi,40.0,2,1
TN326052,El Fadhline,Teboulba,Monastir,1.72,M'Talith — Oulad Alia,25.7,,,Souassi,42.8,M'Talith — Oulad Alia,1853 Pellissier,25.7,Souassi,42.8,2,1
TN326051,Houmet Essouk,Teboulba,Monastir,0.97,M'Talith — Oulad Alia,26.3,,,Souassi,42.3,M'Talith — Oulad Alia,1853 Pellissier,26.3,Souassi,42.3,2,1
TN326054,Sokrine,Teboulba,Monastir,4.08,M'Talith — Oulad Alia,27.4,,,Souassi,42.4,M'Talith — Oulad Alia,1853 Pellissier,27.4,Souassi,42.4,2,1
TN325453,Melichet,Zeramdine,Monastir,66.43,Oulad Amer,26.2,M'Talith,35.7,Souassi,17.0,Souassi,1881 Martel (1965),17.0,Oulad Amer,26.2,3,1
TN325452,Menzel Hayet,Zeramdine,Monastir,27.09,Oulad Amer,32.0,M'Talith,39.9,Souassi,15.5,Souassi,1881 Martel (1965),15.5,Oulad Amer,32.0,3,1
TN325451,Mezaougha,Zeramdine,Monastir,61.38,Oulad Amer,32.7,M'Talith,43.2,Souassi,24.0,Souassi,1881 Martel (1965),24.0,Oulad Amer,32.7,3,1
TN325454,Zeramdine Nord,Zeramdine,Monastir,46.31,M'Talith — Oulad Alia,33.8,M'Talith,48.8,Souassi,22.4,Souassi,1881 Martel (1965),22.4,M'Talith — Oulad Alia,33.8,3,1
TN325455,Zeramdine Sud,Zeramdine,Monastir,47.54,M'Talith — Oulad Alia,31.8,M'Talith,45.8,Souassi,18.6,Souassi,1881 Martel (1965),18.6,M'Talith — Oulad Alia,31.8,3,1
TN525451,Ben Guerdane Nord,Ben Guerdane,Médenine,2.85,,,,,Ouerghemma,29.2,Ouerghemma,1881 Martel (1965),29.2,Hazem,110.8,1,1
TN525452,Ben Guerdane Sud,Ben Guerdane,Médenine,4.15,,,,,Ouerghemma,30.0,Ouerghemma,1881 Martel (1965),30.0,Hazem,111.8,1,1
TN525461,Chahbania,Ben Guerdane,Médenine,503.03,,,Ouerghemma,30.5,Ouerghemma,15.1,Ouerghemma,1881 Martel (1965),15.1,Hazem,71.1,2,2
TN525462,Chareb Errajel,Ben Guerdane,Médenine,145.02,,,,,Ouerghemma,21.1,Ouerghemma,1881 Martel (1965),21.1,Hazem,97.5,1,1
TN525456,El Amria,Ben Guerdane,Médenine,922.78,,,,,Ouerghemma,52.8,Ouerghemma,1881 Martel (1965),52.8,Hazem,136.8,1,1
TN525455,El Maamerat,Ben Guerdane,Médenine,1748.59,,,,,,,,,,,,0,0
TN525453,Essayah,Ben Guerdane,Médenine,145.63,,,,,Ouerghemma,31.7,Ouerghemma,1881 Martel (1965),31.7,Hazem,109.6,1,1
TN525457,Ettabai,Ben Guerdane,Médenine,139.01,,,,,Ouerghemma,23.4,Ouerghemma,1881 Martel (1965),23.4,Hazem,109.2,1,1
TN525459,Jallel,Ben Guerdane,Médenine,168.8,,,Ouerghemma,59.9,Ouerghemma,14.7,Ouerghemma,1881 Martel (1965),14.7,Hazem,99.7,2,2
TN525454,Jamila,Ben Guerdane,Médenine,539.75,,,,,Ouerghemma,54.7,Ouerghemma,1881 Martel (1965),54.7,Hazem,139.1,1,1
TN525460,Neffatia,Ben Guerdane,Médenine,327.97,,,Ouerghemma,44.5,Ouerghemma,4.2,Ouerghemma,1881 Martel (1965),4.2,Hazem,84.2,2,2
TN525458,Ourasnia,Ben Guerdane,Médenine,150.5,,,Ouerghemma,56.0,Ouerghemma,14.3,Ouerghemma,1881 Martel (1965),14.3,Hazem,94.6,2,2
TN525351,Beni-Khedech,Beni Khedache,Médenine,37.12,,,Ouerghemma,31.1,Hazem,47.5,Ouerghemma,1881 Lasailly,31.1,Hazem,47.5,2,1
TN525353,Eddekhila,Beni Khedache,Médenine,68.3,,,Ouerghemma,20.4,Hazem,48.1,Ouerghemma,1881 Lasailly,20.4,Hazem,48.1,2,1
TN525362,El Behira,Beni Khedache,Médenine,74.26,,,Ouerghemma,24.5,Hazem,38.9,Ouerghemma,1881 Lasailly,24.5,Hazem,38.9,2,1
TN525357,El Benaina,Beni Khedache,Médenine,210.25,,,Ouerghemma,38.8,Hazem,56.0,Ouerghemma,1881 Lasailly,38.8,Hazem,56.0,2,1
TN525358,El Fejij,Beni Khedache,Médenine,131.16,,,Ouerghemma,47.1,Merazig,50.6,Ouerghemma,1881 Lasailly,47.1,Merazig,50.6,2,1
TN525361,El Hamaima,Beni Khedache,Médenine,89.26,,,Ouerghemma,29.7,Hazem,34.4,Ouerghemma,1881 Lasailly,29.7,Hazem,34.4,2,1
TN525359,El Menzela,Beni Khedache,Médenine,279.07,,,Ouerghemma,54.7,Merazig,39.2,Merazig,1881 Martel (1965),39.2,Hazem,52.0,2,1
TN525363,Ksar El Jedid,Beni Khedache,Médenine,52.48,,,Ouerghemma,22.1,Hazem,43.2,Ouerghemma,1881 Lasailly,22.1,Hazem,43.2,2,1
TN525354,Ouarjijene,Beni Khedache,Médenine,73.06,,,Ouerghemma,22.1,Ouerghemma,47.2,Ouerghemma,1881 Lasailly,22.1,Hazem,54.2,2,2
TN525355,Oued El Khil,Beni Khedache,Médenine,59.33,,,Ouerghemma,29.9,Hazem,54.9,Ouerghemma,1881 Lasailly,29.9,Hazem,54.9,2,1
TN525352,Rahala,Beni Khedache,Médenine,30.41,,,Ouerghemma,27.4,Hazem,49.6,Ouerghemma,1881 Lasailly,27.4,Hazem,49.6,2,1
TN525360,Zammour,Beni Khedache,Médenine,67.82,,,Ouerghemma,48.8,Merazig,46.8,Merazig,1881 Martel (1965),46.8,Ouerghemma,48.8,2,1
TN525356,Zghaya,Beni Khedache,Médenine,186.95,,,Ouerghemma,51.6,Merazig,55.3,Ouerghemma,1881 Lasailly,51.6,Merazig,55.3,2,1
TN525851,Ajim,Djerba Ajim,Médenine,15.8,,,Ouerghemma,43.5,Hazem,52.2,Ouerghemma,1881 Lasailly,43.5,Hazem,52.2,2,1
TN525856,El Groa,Djerba Ajim,Médenine,38.85,,,Ouerghemma,53.5,Hazem,57.0,Ouerghemma,1881 Lasailly,53.5,Hazem,57.0,2,1
TN525852,El Khenensa,Djerba Ajim,Médenine,18.83,,,Ouerghemma,47.5,Hazem,55.4,Ouerghemma,1881 Lasailly,47.5,Hazem,55.4,2,1
TN525854,Guellala,Djerba Ajim,Médenine,43.62,,,Ouerghemma,49.2,,,Ouerghemma,1881 Lasailly,49.2,Hazem,61.8,1,1
TN525853,Mezrene,Djerba Ajim,Médenine,22.57,,,Ouerghemma,47.7,Hazem,52.2,Ouerghemma,1881 Lasailly,47.7,Hazem,52.2,2,1
TN525855,Oued Ezzebib,Djerba Ajim,Médenine,18.36,,,Ouerghemma,51.2,Hazem,58.0,Ouerghemma,1881 Lasailly,51.2,Hazem,58.0,2,1
TN525752,Arkou,Djerba Midoun,Médenine,41.72,,,,,,,,,,,,0,0
TN525754,Beni Maaguel,Djerba Midoun,Médenine,11.19,,,Ouerghemma,57.9,,,Ouerghemma,1881 Lasailly,57.9,Hazem,69.5,1,1
TN525753,El Mahboubine,Djerba Midoun,Médenine,19.59,,,,,,,,,,,,0,0
TN525756,El May,Djerba Midoun,Médenine,21.58,,,Ouerghemma,57.4,,,Ouerghemma,1881 Lasailly,57.4,Hazem,65.7,1,1
TN525751,Midoun,Djerba Midoun,Médenine,23.75,,,,,,,,,,,,0,0
TN525757,Robbana,Djerba Midoun,Médenine,8.88,,,Ouerghemma,55.2,,,Ouerghemma,1881 Lasailly,55.2,Hazem,64.5,1,1
TN525755,Sedouikech,Djerba Midoun,Médenine,49.98,,,Ouerghemma,53.3,,,Ouerghemma,1881 Lasailly,53.3,Hazem,66.0,1,1
TN525652,Bou Melel,Houmt Souk,Médenine,11.8,,,,,,,,,,,,0,0
TN525660,El Hachene,Houmt Souk,Médenine,16.42,,,Ouerghemma,56.8,Hazem,58.1,Ouerghemma,1881 Lasailly,56.8,Hazem,58.1,2,1
TN525653,El Jouamaa,Houmt Souk,Médenine,2.45,,,,,,,,,,,,0,0
TN525659,Erriadh,Houmt Souk,Médenine,23.89,,,Ouerghemma,57.4,,,Ouerghemma,1881 Lasailly,57.4,Hazem,62.3,1,1
TN525658,Essouani,Houmt Souk,Médenine,6.96,,,,,,,,,,,,0,0
TN525654,Fatou,Houmt Souk,Médenine,4.97,,,,,,,,,,,,0,0
TN525655,Mazraia,Houmt Souk,Médenine,33.13,,,,,,,,,,,,0,0
TN525661,Mellita,Houmt Souk,Médenine,30.32,,,Ouerghemma,58.6,Hazem,57.7,Hazem,1881 Martel (1965),57.7,Ouerghemma,58.6,2,1
TN525657,Oualeg,Houmt Souk,Médenine,14.28,,,,,,,,,,,,0,0
TN525656,Sedghaiane,Houmt Souk,Médenine,15.78,,,,,,,,,,,,0,0
TN525651,Taourit,Houmt Souk,Médenine,2.28,,,,,,,,,,,,0,0
TN525152,02 Mai,Médenine Nord,Médenine,3.59,,,Ouerghemma,8.2,Ouerghemma,42.4,Ouerghemma,1881 Lasailly,8.2,Hazem,47.0,2,2
TN525154,20 Mars,Médenine Nord,Médenine,5.44,,,Ouerghemma,5.7,Hazem,44.1,Ouerghemma,1881 Lasailly,5.7,Hazem,44.1,2,1
TN525151,Beni Ghezail,Médenine Nord,Médenine,65.32,,,Ouerghemma,14.6,Ouerghemma,44.2,Ouerghemma,1881 Lasailly,14.6,Hazem,50.0,2,2
TN525158,Koutine,Médenine Nord,Médenine,49.54,,,Ouerghemma,16.0,Hazem,27.4,Ouerghemma,1881 Lasailly,16.0,Hazem,27.4,2,1
TN525155,Mednine Nord,Médenine Nord,Médenine,15.36,,,Ouerghemma,3.8,Hazem,43.6,Ouerghemma,1881 Lasailly,3.8,Hazem,43.6,2,1
TN525153,Mednine Ouest,Médenine Nord,Médenine,4.14,,,Ouerghemma,7.4,Ouerghemma,43.8,Ouerghemma,1881 Lasailly,7.4,Hazem,45.5,2,2
TN525157,Oum Ettameur Est,Médenine Nord,Médenine,46.88,,,Ouerghemma,8.4,Hazem,35.7,Ouerghemma,1881 Lasailly,8.4,Hazem,35.7,2,1
TN525156,Oum Ettameur Ouest,Médenine Nord,Médenine,144.01,,,Ouerghemma,14.8,Hazem,35.1,Ouerghemma,1881 Lasailly,14.8,Hazem,35.1,2,1
TN525260,Bou-Ghrara,Médenine Sud,Médenine,101.77,,,Ouerghemma,24.3,Hazem,44.5,Ouerghemma,1881 Lasailly,24.3,Hazem,44.5,2,1
TN525257,Darghoulia,Médenine Sud,Médenine,107.61,,,Ouerghemma,16.8,Ouerghemma,35.1,Ouerghemma,1881 Lasailly,16.8,Hazem,51.9,2,2
TN525253,El Labba,Médenine Sud,Médenine,99.65,,,Ouerghemma,13.2,Ouerghemma,37.9,Ouerghemma,1881 Lasailly,13.2,Hazem,52.7,2,2
TN525254,Hessi Amor,Médenine Sud,Médenine,68.62,,,Ouerghemma,13.3,Ouerghemma,33.2,Ouerghemma,1881 Lasailly,13.3,Hazem,54.3,2,2
TN525256,Hessi Mednine,Médenine Sud,Médenine,67.14,,,Ouerghemma,13.3,Ouerghemma,38.8,Ouerghemma,1881 Lasailly,13.3,Hazem,47.8,2,2
TN525252,Mednine Est,Médenine Sud,Médenine,6.76,,,Ouerghemma,5.4,Ouerghemma,40.9,Ouerghemma,1881 Lasailly,5.4,Hazem,46.3,2,2
TN525251,Mednine Sud,Médenine Sud,Médenine,11.34,,,Ouerghemma,7.8,Ouerghemma,40.8,Ouerghemma,1881 Lasailly,7.8,Hazem,47.8,2,2
TN525259,Nouvelle Amra,Médenine Sud,Médenine,41.77,,,Ouerghemma,13.2,Ouerghemma,41.0,Ouerghemma,1881 Lasailly,13.2,Hazem,45.8,2,2
TN525255,Oued Esseder,Médenine Sud,Médenine,155.65,,,Ouerghemma,20.5,Ouerghemma,25.5,Ouerghemma,1881 Lasailly,20.5,Hazem,61.4,2,2
TN525258,Souitir,Médenine Sud,Médenine,74.24,,,Ouerghemma,21.6,Ouerghemma,29.8,Ouerghemma,1881 Lasailly,21.6,Hazem,57.7,2,2
TN525956,Amra,Sidi Makhlouf,Médenine,61.85,,,Ouerghemma,5.8,Hazem,41.4,Ouerghemma,1881 Lasailly,5.8,Hazem,41.4,2,1
TN525955,Bedoui,Sidi Makhlouf,Médenine,134.68,,,Ouerghemma,14.1,Hazem,37.0,Ouerghemma,1881 Lasailly,14.1,Hazem,37.0,2,1
TN525961,Darjaoua,Sidi Makhlouf,Médenine,21.82,,,Ouerghemma,16.0,Hazem,28.8,Ouerghemma,1881 Lasailly,16.0,Hazem,28.8,2,1
TN525959,El Ghabai,Sidi Makhlouf,Médenine,27.89,,,Ouerghemma,3.9,Hazem,37.3,Ouerghemma,1881 Lasailly,3.9,Hazem,37.3,2,1
TN525960,El Gosba,Sidi Makhlouf,Médenine,98.88,,,Ouerghemma,20.0,Hazem,23.1,Ouerghemma,1881 Lasailly,20.0,Hazem,23.1,2,1
TN525952,El Grine,Sidi Makhlouf,Médenine,55.39,,,Ouerghemma,23.3,Hazem,30.3,Ouerghemma,1881 Lasailly,23.3,Hazem,30.3,2,1
TN525954,El Jourf,Sidi Makhlouf,Médenine,74.43,,,Ouerghemma,33.5,Hazem,44.9,Ouerghemma,1881 Lasailly,33.5,Hazem,44.9,2,1
TN525953,El Maghzaouia,Sidi Makhlouf,Médenine,71.47,,,Ouerghemma,26.6,Hazem,37.8,Ouerghemma,1881 Lasailly,26.6,Hazem,37.8,2,1
TN525957,Er Ragouba Est,Sidi Makhlouf,Médenine,37.21,,,Ouerghemma,9.0,Hazem,32.2,Ouerghemma,1881 Lasailly,9.0,Hazem,32.2,2,1
TN525958,Er Ragouba Ouest,Sidi Makhlouf,Médenine,47.0,,,Ouerghemma,13.9,Hazem,27.3,Ouerghemma,1881 Lasailly,13.9,Hazem,27.3,2,1
TN525951,Sidi Makhlouf,Sidi Makhlouf,Médenine,38.59,,,Ouerghemma,13.3,Hazem,32.4,Ouerghemma,1881 Lasailly,13.3,Hazem,32.4,2,1
TN525552,20 Mars,Zarzis,Médenine,1.62,,,Ouerghemma,57.4,Ouerghemma,41.8,Ouerghemma,1881 Martel (1965),41.8,Hazem,85.1,2,2
TN525566,Chammakh,Zarzis,Médenine,66.31,,,Ouerghemma,51.4,Ouerghemma,47.0,Ouerghemma,1881 Martel (1965),47.0,Hazem,74.6,2,2
TN525554,Ejdaria,Zarzis,Médenine,47.23,,,,,Ouerghemma,28.3,Ouerghemma,1881 Martel (1965),28.3,Hazem,95.5,1,1
TN525555,El Bassatine,Zarzis,Médenine,5.04,,,Ouerghemma,57.1,Ouerghemma,43.4,Ouerghemma,1881 Martel (1965),43.4,Hazem,83.7,2,2
TN525562,El Ghorabet,Zarzis,Médenine,219.53,,,Ouerghemma,31.3,Ouerghemma,27.2,Ouerghemma,1881 Martel (1965),27.2,Hazem,65.4,2,2
TN525563,El Grebis,Zarzis,Médenine,49.61,,,Ouerghemma,46.5,Ouerghemma,42.0,Ouerghemma,1881 Martel (1965),42.0,Hazem,71.9,2,2
TN525565,El Ogla,Zarzis,Médenine,19.13,,,Ouerghemma,56.5,Ouerghemma,46.1,Ouerghemma,1881 Martel (1965),46.1,Hazem,81.5,2,2
TN525556,Essouihel,Zarzis,Médenine,6.23,,,Ouerghemma,58.2,Ouerghemma,44.8,Ouerghemma,1881 Martel (1965),44.8,Hazem,84.3,2,2
TN525560,Hamadi,Zarzis,Médenine,3.38,,,Ouerghemma,55.5,Ouerghemma,39.7,Ouerghemma,1881 Martel (1965),39.7,Hazem,83.8,2,2
TN525564,Hamadi Boutoufaha,Zarzis,Médenine,197.77,,,Ouerghemma,47.5,Ouerghemma,26.6,Ouerghemma,1881 Martel (1965),26.6,Hazem,80.8,2,2
TN525558,Hassi El Jerbi,Zarzis,Médenine,25.51,,,Ouerghemma,54.9,Ouerghemma,50.8,Ouerghemma,1881 Martel (1965),50.8,Hazem,76.4,2,2
TN525561,Hichem E L Hamadi,Zarzis,Médenine,159.24,,,Ouerghemma,44.3,Ouerghemma,32.1,Ouerghemma,1881 Martel (1965),32.1,Hazem,74.9,2,2
TN525559,Khaoui El Ghedir,Zarzis,Médenine,28.47,,,Ouerghemma,48.8,Ouerghemma,40.3,Ouerghemma,1881 Martel (1965),40.3,Hazem,75.5,2,2
TN525557,Oued Ettieb,Zarzis,Médenine,22.98,,,Ouerghemma,53.4,Ouerghemma,42.0,Ouerghemma,1881 Martel (1965),42.0,Hazem,80.0,2,2
TN525553,Tahar Sfar,Zarzis,Médenine,1.92,,,Ouerghemma,58.5,Ouerghemma,42.5,Ouerghemma,1881 Martel (1965),42.5,Hazem,86.0,2,2
TN525551,Zarzis,Zarzis,Médenine,31.18,,,Ouerghemma,55.1,Ouerghemma,33.8,Ouerghemma,1881 Martel (1965),33.8,Hazem,86.3,2,2
TN156351,Beni Khalled Nord,Beni Khalled,Nabeul,6.87,Ouled Khiar,51.4,Ouled Saïd,41.9,,,Ouled Saïd,1881 Lasailly,41.9,Ouled Khiar,51.4,2,1
TN156352,Beni Khalled Sud (Toumi),Beni Khalled,Nabeul,38.89,Ouled Khiar,53.7,Ouled Saïd,40.9,,,Ouled Saïd,1881 Lasailly,40.9,Ouled Khiar,53.7,2,1
TN156355,Bir Drassen,Beni Khalled,Nabeul,36.15,,,Ouled Saïd,44.4,,,Ouled Saïd,1881 Lasailly,44.4,Ouled Khiar,60.3,1,1
TN156356,Bni Khaled Echarkya,Beni Khalled,Nabeul,18.25,Ouled Khiar,55.0,Ouled Saïd,43.8,,,Ouled Saïd,1881 Lasailly,43.8,Ouled Khiar,55.0,2,1
TN156354,Kobba El Kebira,Beni Khalled,Nabeul,10.36,Ouled Khiar,51.4,Ouled Saïd,37.7,,,Ouled Saïd,1881 Lasailly,37.7,Ouled Khiar,51.4,2,1
TN156353,Zaouiet Djedidi,Beni Khalled,Nabeul,4.12,Ouled Khiar,49.6,Ouled Saïd,40.6,Riah,59.7,Ouled Saïd,1881 Lasailly,40.6,Ouled Khiar,49.6,3,1
TN155351,Beni Khiar,Beni Khiar,Nabeul,32.78,Ouled Saïd,57.6,Ouled Saïd,40.6,,,Ouled Saïd,1881 Lasailly,40.6,Ouled Khiar,67.0,2,2
TN155352,Diar Ben Salem,Beni Khiar,Nabeul,11.49,,,Ouled Saïd,43.4,,,Ouled Saïd,1881 Lasailly,43.4,Ouled Khiar,70.6,1,1
TN155353,El Maamoura,Beni Khiar,Nabeul,11.69,Ouled Saïd,59.3,Ouled Saïd,43.2,,,Ouled Saïd,1881 Lasailly,43.2,Ouled Khiar,71.7,2,2
TN155355,Halfa,Beni Khiar,Nabeul,11.66,,,Ouled Saïd,42.2,,,Ouled Saïd,1881 Lasailly,42.2,Ouled Khiar,62.4,1,1
TN155354,Somaa,Beni Khiar,Nabeul,38.72,,,Ouled Saïd,44.3,,,Ouled Saïd,1881 Lasailly,44.3,Ouled Khiar,67.7,1,1
TN156556,Belli,Bou Argoub,Nabeul,13.01,Ouled Saïd,52.3,Ouled Saïd,33.7,,,Ouled Saïd,1881 Lasailly,33.7,Ouled Khiar,52.8,2,2
TN156553,Borj Hefaied,Bou Argoub,Nabeul,24.66,Ouled Saïd,47.1,Ouled Saïd,28.8,Ouled Saïd,55.1,Ouled Saïd,1881 Lasailly,28.8,Ouled Khiar,53.1,3,3
TN156554,Bou Argoub Nord,Bou Argoub,Nabeul,26.3,Ouled Khiar,46.1,Ouled Saïd,28.2,Ouled Saïd,54.9,Ouled Saïd,1881 Lasailly,28.2,Ouled Khiar,46.1,3,2
TN156555,Bou Argoub Sud,Bou Argoub,Nabeul,18.59,Ouled Saïd,44.1,Ouled Saïd,25.3,Ouled Saïd,52.0,Ouled Saïd,1881 Lasailly,25.3,Ouled Khiar,46.5,3,3
TN156557,El Kharrouba,Bou Argoub,Nabeul,19.99,Ouled Khiar,54.5,Ouled Saïd,36.5,,,Ouled Saïd,1881 Lasailly,36.5,Ouled Khiar,54.5,2,1
TN156552,El Machrouha,Bou Argoub,Nabeul,20.91,Ouled Saïd,50.0,Ouled Saïd,31.4,Ouled Saïd,58.0,Ouled Saïd,1881 Lasailly,31.4,Ouled Khiar,52.1,3,3
TN156551,Sidi Dhaher,Bou Argoub,Nabeul,8.11,Ouled Khiar,48.2,Ouled Saïd,31.3,Ouled Saïd,58.0,Ouled Saïd,1881 Lasailly,31.3,Ouled Khiar,48.2,3,2
TN155254,Amroun,Dar Chaabane El Fehri,Nabeul,32.8,Ouled Saïd,55.4,Ouled Saïd,38.0,,,Ouled Saïd,1881 Lasailly,38.0,Ouled Khiar,63.2,2,2
TN155251,Dar Chaabane,Dar Chaabane El Fehri,Nabeul,3.86,Ouled Saïd,54.4,Ouled Saïd,37.9,,,Ouled Saïd,1881 Lasailly,37.9,Ouled Khiar,66.7,2,2
TN155252,El Fehri,Dar Chaabane El Fehri,Nabeul,4.75,Ouled Saïd,53.7,Ouled Saïd,37.6,,,Ouled Saïd,1881 Lasailly,37.6,Souassi,67.0,2,2
TN155253,El Frinine,Dar Chaabane El Fehri,Nabeul,27.94,Ouled Saïd,55.5,Ouled Saïd,37.1,,,Ouled Saïd,1881 Lasailly,37.1,Ouled Khiar,57.7,2,2
TN155652,El Mida,El Mida,Nabeul,35.9,,,,,,,,,,,,0,0
TN155653,Fartouna,El Mida,Nabeul,29.22,,,,,,,,,,,,0,0
TN155656,Korchine,El Mida,Nabeul,16.17,,,Ouled Saïd,59.8,,,Ouled Saïd,1881 Lasailly,59.8,Ouled Khiar,76.4,1,1
TN155655,Lebna,El Mida,Nabeul,16.95,,,,,,,,,,,,0,0
TN155654,Oum Dhouil,El Mida,Nabeul,27.22,,,Ouled Saïd,59.2,,,Ouled Saïd,1881 Lasailly,59.2,Ouled Khiar,72.6,1,1
TN155651,Tafelloum,El Mida,Nabeul,29.75,,,,,,,,,,,,0,0
TN156459,Ain Tebournouk,Grombalia,Nabeul,49.05,Ouled Khiar,38.0,Ouled Saïd,25.5,Riah,48.7,Ouled Saïd,1881 Lasailly,25.5,Ouled Khiar,38.0,3,1
TN156452,Chammes,Grombalia,Nabeul,25.71,Ouled Khiar,40.7,Ouled Saïd,37.7,Riah,50.7,Ouled Saïd,1881 Lasailly,37.7,Ouled Khiar,40.7,3,1
TN156458,Djebel Terif,Grombalia,Nabeul,39.87,Ouled Khiar,34.0,Ouled Saïd,23.2,Riah,44.7,Ouled Saïd,1881 Lasailly,23.2,Ouled Khiar,34.0,3,1
TN156451,Fondouk Djedid,Grombalia,Nabeul,40.0,Ouled Khiar,38.4,Ouled Saïd,40.0,Riah,48.1,Ouled Khiar,1853 Pellissier,38.4,Ouled Saïd,40.0,3,1
TN156456,Grombalia Est,Grombalia,Nabeul,20.77,Ouled Khiar,44.5,Ouled Saïd,37.0,Riah,54.6,Ouled Saïd,1881 Lasailly,37.0,Ouled Khiar,44.5,3,1
TN156457,Grombalia Ouest,Grombalia,Nabeul,20.45,Ouled Khiar,40.3,Ouled Saïd,32.5,Riah,50.7,Ouled Saïd,1881 Lasailly,32.5,Ouled Khiar,40.3,3,1
TN156455,Khanguet El Hojjej,Grombalia,Nabeul,58.01,Ouled Khiar,33.6,Ouled Saïd,32.3,Riah,43.9,Ouled Saïd,1881 Lasailly,32.3,Ouled Khiar,33.6,3,1
TN156453,Nianou,Grombalia,Nabeul,12.61,Ouled Khiar,48.8,Ouled Saïd,36.3,Riah,59.2,Ouled Saïd,1881 Lasailly,36.3,Ouled Khiar,48.8,3,1
TN156454,Turki,Grombalia,Nabeul,30.8,Ouled Khiar,44.0,Ouled Saïd,31.5,Riah,54.5,Ouled Saïd,1881 Lasailly,31.5,Ouled Khiar,44.0,3,1
TN155852,Dar Allouch,Hammam Ghezaz,Nabeul,57.01,,,,,,,,,,,,0,0
TN155851,Hammam El Guezaz,Hammam Ghezaz,Nabeul,28.12,,,,,,,,,,,,0,0
TN155853,Harat Ech-Choara,Hammam Ghezaz,Nabeul,3.16,,,,,,,,,,,,0,0
TN155854,Ouezdra,Hammam Ghezaz,Nabeul,5.46,,,,,,,,,,,,0,0
TN156654,Baraket Es-Sahel,Hammamet,Nabeul,26.87,Ouled Saïd,36.3,Ouled Saïd,18.6,Ouled Saïd,44.3,Ouled Saïd,1881 Lasailly,18.6,Souassi,49.4,3,3
TN156653,Bir Bou Regba,Hammamet,Nabeul,47.11,Ouled Saïd,41.0,Ouled Saïd,22.6,Ouled Saïd,49.0,Ouled Saïd,1881 Lasailly,22.6,Ouled Khiar,49.9,3,3
TN156656,Hammamet Est,Hammamet,Nabeul,2.69,Ouled Saïd,40.4,Ouled Saïd,23.8,Ouled Saïd,48.3,Ouled Saïd,1881 Lasailly,23.8,Souassi,53.6,3,3
TN156655,Hammamet Nord,Hammamet,Nabeul,35.61,Ouled Saïd,43.8,Ouled Saïd,26.6,Ouled Saïd,51.8,Ouled Saïd,1881 Lasailly,26.6,Ouled Khiar,57.0,3,3
TN156657,Hammamet Ouest,Hammamet,Nabeul,6.65,Ouled Saïd,38.6,Ouled Saïd,21.2,Ouled Saïd,46.6,Ouled Saïd,1881 Lasailly,21.2,Souassi,51.8,3,3
TN156652,Latrach,Hammamet,Nabeul,43.71,Ouled Saïd,39.3,Ouled Saïd,20.4,Ouled Saïd,47.1,Ouled Saïd,1881 Lasailly,20.4,Ouled Khiar,42.8,3,3
TN156658,Mrezga,Hammamet,Nabeul,5.34,Ouled Saïd,44.6,Ouled Saïd,28.1,Ouled Saïd,52.5,Ouled Saïd,1881 Lasailly,28.1,Souassi,57.9,3,3
TN156651,Sidi Djedidi,Hammamet,Nabeul,146.71,Ouled Saïd,32.4,Ouled Saïd,13.7,Ouled Saïd,40.1,Ouled Saïd,1881 Lasailly,13.7,Ouled Khiar,39.5,3,3
TN156659,Yasmin Hammamet,Hammamet,Nabeul,7.52,Ouled Saïd,28.6,Ouled Saïd,12.2,Ouled Saïd,36.6,Ouled Saïd,1881 Lasailly,12.2,Souassi,41.8,3,3
TN155955,Bou Krim,Haouaria,Nabeul,48.08,,,,,,,,,,,,0,0
TN155951,El Haouaria Nord,Haouaria,Nabeul,44.09,,,,,,,,,,,,0,0
TN155952,El Haouaria Sud,Haouaria,Nabeul,13.71,,,,,,,,,,,,0,0
TN155953,Saheb El Jebel Nord,Haouaria,Nabeul,38.55,,,,,,,,,,,,0,0
TN155954,Saheb El Jebel Sud,Haouaria,Nabeul,39.97,,,,,,,,,,,,0,0
TN155956,Tazaghrane Est,Haouaria,Nabeul,25.3,,,,,,,,,,,,0,0
TN155957,Tazaghrane Ouest,Haouaria,Nabeul,71.81,,,,,,,,,,,,0,0
TN155958,Zaouiet El Megaiez,Haouaria,Nabeul,28.46,,,,,,,,,,,,0,0
TN155753,Azmour,Kelibia,Nabeul,33.32,,,,,,,,,,,,0,0
TN155754,Kelibia Est,Kelibia,Nabeul,10.77,,,,,,,,,,,,0,0
TN155755,Kelibia Ouest,Kelibia,Nabeul,23.56,,,,,,,,,,,,0,0
TN155752,Melloul,Kelibia,Nabeul,27.51,,,,,,,,,,,,0,0
TN155751,Oued El Khatf,Kelibia,Nabeul,30.2,,,,,,,,,,,,0,0
TN155451,Beni Ayache,Korba,Nabeul,60.43,,,Ouled Saïd,53.2,,,Ouled Saïd,1881 Lasailly,53.2,Ouled Khiar,69.4,1,1
TN155457,Bou-Jerida,Korba,Nabeul,36.11,,,Ouled Saïd,46.2,,,Ouled Saïd,1881 Lasailly,46.2,Ouled Khiar,65.2,1,1
TN155458,Boulidine,Korba,Nabeul,23.8,,,Ouled Saïd,50.2,,,Ouled Saïd,1881 Lasailly,50.2,Ouled Khiar,70.6,1,1
TN155453,Diar El Hojaj,Korba,Nabeul,22.93,,,Ouled Saïd,57.6,,,Ouled Saïd,1881 Lasailly,57.6,Ouled Khiar,78.2,1,1
TN155452,Garaet Sassi,Korba,Nabeul,16.54,,,Ouled Saïd,57.2,,,Ouled Saïd,1881 Lasailly,57.2,Ouled Khiar,76.2,1,1
TN155454,Korba Est,Korba,Nabeul,14.65,,,Ouled Saïd,53.6,,,Ouled Saïd,1881 Lasailly,53.6,Ouled Khiar,75.6,1,1
TN155455,Korba Ouest,Korba,Nabeul,11.96,,,Ouled Saïd,50.5,,,Ouled Saïd,1881 Lasailly,50.5,Ouled Khiar,73.4,1,1
TN155456,Tazerka,Korba,Nabeul,19.5,,,Ouled Saïd,47.7,,,Ouled Saïd,1881 Lasailly,47.7,Ouled Khiar,73.0,1,1
TN156251,Damous El Hajja,Menzel Bouzelfa,Nabeul,23.47,,,Ouled Saïd,57.8,,,Ouled Saïd,1881 Lasailly,57.8,Ouled Khiar,67.5,1,1
TN156252,Errahma,Menzel Bouzelfa,Nabeul,39.52,,,Ouled Saïd,53.3,,,Ouled Saïd,1881 Lasailly,53.3,Ouled Khiar,65.4,1,1
TN156253,Menzel Bou Zelfa Nord,Menzel Bouzelfa,Nabeul,42.0,Ouled Khiar,56.3,Ouled Saïd,47.1,,,Ouled Saïd,1881 Lasailly,47.1,Ouled Khiar,56.3,2,1
TN156255,Menzel Bou Zelfa Ouest,Menzel Bouzelfa,Nabeul,16.97,Ouled Khiar,51.9,Ouled Saïd,47.3,,,Ouled Saïd,1881 Lasailly,47.3,Ouled Khiar,51.9,2,1
TN156254,Menzel Bou Zelfa Sud,Menzel Bouzelfa,Nabeul,10.44,Ouled Khiar,51.9,Ouled Saïd,44.6,,,Ouled Saïd,1881 Lasailly,44.6,Ouled Khiar,51.9,2,1
TN155555,Ali Belhaouene,Menzel Temime,Nabeul,7.21,,,,,,,,,,,,0,0
TN155553,Beni-Abdelaziz,Menzel Temime,Nabeul,44.97,,,,,,,,,,,,0,0
TN155558,El Asfour,Menzel Temime,Nabeul,36.52,,,,,,,,,,,,0,0
TN155551,El Ouediane,Menzel Temime,Nabeul,63.53,,,,,,,,,,,,0,0
TN155552,Erainine,Menzel Temime,Nabeul,31.51,,,,,,,,,,,,0,0
TN155559,Lezdine,Menzel Temime,Nabeul,14.93,,,,,,,,,,,,0,0
TN155557,Menzel Horr,Menzel Temime,Nabeul,14.57,,,,,,,,,,,,0,0
TN155554,Skalba,Menzel Temime,Nabeul,38.65,,,,,,,,,,,,0,0
TN155556,Taieb Mehiri,Menzel Temime,Nabeul,8.03,,,,,,,,,,,,0,0
TN155153,Bir Challouf,Nabeul,Nabeul,9.62,Ouled Saïd,50.9,Ouled Saïd,34.0,Ouled Saïd,58.8,Ouled Saïd,1881 Lasailly,34.0,Ouled Khiar,62.9,3,3
TN155151,El Asouak,Nabeul,Nabeul,0.7,Ouled Saïd,52.1,Ouled Saïd,35.7,,,Ouled Saïd,1881 Lasailly,35.7,Souassi,65.4,2,2
TN155155,El Hadayek,Nabeul,Nabeul,1.89,Ouled Saïd,52.1,Ouled Saïd,36.0,,,Ouled Saïd,1881 Lasailly,36.0,Souassi,65.4,2,2
TN155152,Ennour,Nabeul,Nabeul,5.97,Ouled Saïd,52.2,Ouled Saïd,35.3,,,Ouled Saïd,1881 Lasailly,35.3,Ouled Khiar,63.5,2,2
TN155156,Hedi Chaker,Nabeul,Nabeul,45.75,Ouled Saïd,50.5,Ouled Saïd,32.8,Ouled Saïd,58.5,Ouled Saïd,1881 Lasailly,32.8,Ouled Khiar,58.8,3,3
TN155154,Niapolis,Nabeul,Nabeul,8.72,Ouled Saïd,48.5,Ouled Saïd,32.1,Ouled Saïd,56.4,Ouled Saïd,1881 Lasailly,32.1,Souassi,61.8,3,3
TN156153,Bou Charray,Soliman,Nabeul,25.5,Ouled Khiar,46.2,Ouled Saïd,41.2,Riah,56.1,Ouled Saïd,1881 Lasailly,41.2,Ouled Khiar,46.2,3,1
TN156152,Ech-Cherifet,Soliman,Nabeul,18.6,Ouled Khiar,48.6,Ouled Saïd,46.8,Riah,58.0,Ouled Saïd,1881 Lasailly,46.8,Ouled Khiar,48.6,3,1
TN156151,El Mraissa,Soliman,Nabeul,49.16,Ouled Khiar,55.5,Ouled Saïd,56.5,,,Ouled Khiar,1853 Pellissier,55.5,Ouled Saïd,56.5,2,1
TN156154,Soliman,Soliman,Nabeul,42.32,Ouled Khiar,44.3,Ouled Saïd,46.4,Riah,53.5,Ouled Khiar,1853 Pellissier,44.3,Ouled Saïd,46.4,3,1
TN156155,Soliman Sud,Soliman,Nabeul,6.71,Ouled Khiar,44.8,Ouled Saïd,44.0,Riah,54.3,Ouled Saïd,1881 Lasailly,44.0,Ouled Khiar,44.8,3,1
TN156052,Bir Ezzit,Takelsa,Nabeul,47.26,,,Ouled Saïd,59.9,,,Ouled Saïd,1881 Lasailly,59.9,Ouled Khiar,65.3,1,1
TN156053,El Arima,Takelsa,Nabeul,59.39,Ouled Khiar,59.6,Ouled Saïd,52.6,,,Ouled Saïd,1881 Lasailly,52.6,Ouled Khiar,59.6,2,1
TN156051,Oued El Abid,Takelsa,Nabeul,97.89,,,,,,,,,,,,0,0
TN156055,Takelsa Centre,Takelsa,Nabeul,29.04,Ouled Khiar,58.7,Ouled Saïd,57.2,,,Ouled Saïd,1881 Lasailly,57.2,Ouled Khiar,58.7,2,1
TN156054,Takelsa Nord,Takelsa,Nabeul,44.86,,,,,,,,,,,,0,0
TN345751,Agareb,Agareb,Sfax,40.03,Aguerba,13.3,Neffat,58.2,M'Talith,11.6,M'Talith,1881 Martel (1965),11.6,Aguerba,13.3,3,1
TN345756,Ben Sahloun,Agareb,Sfax,118.02,Aguerba,3.5,Neffat,44.6,M'Talith,18.3,Aguerba,1853 Pellissier,3.5,M'Talith,18.3,3,1
TN345753,Bouledhieb,Agareb,Sfax,85.88,Aguerba,2.1,Neffat,43.7,M'Talith,14.8,Aguerba,1853 Pellissier,2.1,M'Talith,14.8,3,1
TN345754,El Mahrouka,Agareb,Sfax,115.1,Aguerba,9.4,Neffat,44.4,M'Talith,11.3,Aguerba,1853 Pellissier,9.4,M'Talith,11.3,3,1
TN345758,Es-Soghar,Agareb,Sfax,74.98,Aguerba,17.5,M'Talith,56.8,M'Talith,10.4,M'Talith,1881 Martel (1965),10.4,Aguerba,17.5,3,2
TN345755,Ettorba,Agareb,Sfax,134.08,Aguerba,12.9,M'Talith,49.6,M'Talith,2.7,M'Talith,1881 Martel (1965),2.7,Aguerba,12.9,3,2
TN345752,Gargour,Agareb,Sfax,91.12,Aguerba,17.8,,,M'Talith,21.0,Aguerba,1853 Pellissier,17.8,M'Talith,21.0,2,1
TN345757,Zeliana,Agareb,Sfax,76.22,Aguerba,17.5,M'Talith,43.7,M'Talith,12.5,M'Talith,1881 Martel (1965),12.5,Aguerba,17.5,3,2
TN346351,Bir Ali Ben Khelifa,Bir Ali Ben Khélifa,Sfax,9.44,Ouled el Goussem,25.4,Neffat,20.2,M'Talith,36.2,Neffat,1881 Lasailly,20.2,Ouled el Goussem,25.4,3,1
TN346354,Bou Slim,Bir Ali Ben Khélifa,Sfax,140.37,Aguerba,14.9,Neffat,33.5,M'Talith,22.2,Aguerba,1853 Pellissier,14.9,M'Talith,22.2,3,1
TN346355,El Abraj,Bir Ali Ben Khélifa,Sfax,83.99,Aguerba,15.4,Neffat,31.2,M'Talith,29.6,Aguerba,1853 Pellissier,15.4,M'Talith,29.6,3,1
TN346358,El Gandoul,Bir Ali Ben Khélifa,Sfax,74.25,Taïfa,25.7,Neffat,11.2,Neffat,30.0,Neffat,1881 Lasailly,11.2,Taïfa,25.7,3,2
TN346362,En-Nadhour,Bir Ali Ben Khélifa,Sfax,175.75,Ouled el Goussem,14.6,Neffat,22.3,M'Talith,41.5,Ouled el Goussem,1853 Pellissier,14.6,Neffat,22.3,3,1
TN346361,Ouadrane Nord,Bir Ali Ben Khélifa,Sfax,88.51,Taïfa,18.6,Neffat,11.0,Neffat,32.6,Neffat,1881 Lasailly,11.0,Taïfa,18.6,3,2
TN346360,Ouadrane Sud,Bir Ali Ben Khélifa,Sfax,136.56,Taïfa,20.5,Neffat,4.2,Neffat,20.7,Neffat,1881 Lasailly,4.2,Taïfa,20.5,3,2
TN346359,Oued Ech-Cheikh,Bir Ali Ben Khélifa,Sfax,74.3,Ouled el Goussem,28.4,Neffat,16.2,Neffat,35.2,Neffat,1881 Lasailly,16.2,Ouled el Goussem,28.4,3,2
TN346357,Sdiret Nord,Bir Ali Ben Khélifa,Sfax,91.06,Aguerba,21.3,Neffat,23.8,M'Talith,32.5,Aguerba,1853 Pellissier,21.3,Neffat,23.8,3,1
TN346356,Sdiret Sud,Bir Ali Ben Khélifa,Sfax,71.47,Aguerba,30.0,Neffat,17.9,Neffat,29.7,Neffat,1881 Lasailly,17.9,Aguerba,30.0,3,2
TN346353,Sidi Ali Belabed,Bir Ali Ben Khélifa,Sfax,133.21,Aguerba,23.3,Neffat,29.1,M'Talith,28.6,Aguerba,1853 Pellissier,23.3,Ouled el Goussem,26.0,3,1
TN346352,Sidi Dhaher,Bir Ali Ben Khélifa,Sfax,129.14,Ouled el Goussem,11.7,Neffat,34.9,M'Talith,40.6,Ouled el Goussem,1853 Pellissier,11.7,Ouled Redouan,13.2,3,1
TN345952,Beliana,El Amra,Sfax,16.33,M'Talith — Oulad Zid,15.3,M'Talith,59.8,M'Talith,46.0,M'Talith — Oulad Zid,1853 Pellissier,15.3,M'Talith — Meraïah,15.6,3,1
TN345956,Bou Derbala,El Amra,Sfax,49.63,M'Talith — Nadjem,15.6,,,M'Talith,35.7,M'Talith — Nadjem,1853 Pellissier,15.6,M'Talith — Meraïah,26.0,2,1
TN345955,Dherra Beni Ziad,El Amra,Sfax,49.54,M'Talith — Nadjem,17.2,,,M'Talith,39.0,M'Talith — Nadjem,1853 Pellissier,17.2,M'Talith — Meraïah,23.0,2,1
TN345951,El Amra,El Amra,Sfax,20.49,M'Talith — Meraïah,17.2,M'Talith,58.1,M'Talith,41.9,M'Talith — Meraïah,1853 Pellissier,17.2,M'Talith — Nadjem,18.0,3,1
TN345953,El Mesatria,El Amra,Sfax,20.39,M'Talith — Meraïah,13.2,M'Talith,55.2,M'Talith,42.7,M'Talith — Meraïah,1853 Pellissier,13.2,M'Talith — Oulad Zid,15.8,3,1
TN345954,Es Salam,El Amra,Sfax,23.88,M'Talith — Nadjem,12.2,M'Talith,53.2,M'Talith,36.7,M'Talith — Nadjem,1853 Pellissier,12.2,M'Talith — Meraïah,17.5,3,1
TN346255,El Chaal,El Ghraiba,Sfax,32.64,Aguerba,16.4,Neffat,38.6,M'Talith,31.6,Aguerba,1853 Pellissier,16.4,M'Talith,31.6,3,1
TN346251,El Ghraiba,El Ghraiba,Sfax,111.29,Aguerba,20.3,Neffat,31.5,M'Talith,35.2,Aguerba,1853 Pellissier,20.3,Neffat,31.5,3,1
TN346253,El Hchichina Sud,El Ghraiba,Sfax,115.18,Mehadhba,23.1,Mehadhba,29.1,Neffat,31.4,Mehadhba,1853 Pellissier,23.1,Neffat,30.9,3,2
TN346252,El Manar,El Ghraiba,Sfax,91.5,Mehadhba,29.6,Neffat,34.3,Neffat,37.4,Mehadhba,1853 Pellissier,29.6,Aguerba,30.7,3,1
TN346254,Hchichina Nord,El Ghraiba,Sfax,80.87,Aguerba,28.7,Neffat,22.1,Neffat,31.4,Neffat,1881 Lasailly,22.1,Aguerba,28.7,3,2
TN346055,Bir Chaaba,Hencha,Sfax,27.63,M'Talith — Nadjem,11.5,M'Talith,39.2,M'Talith,33.8,M'Talith — Nadjem,1853 Pellissier,11.5,M'Talith — Oulad Merab,14.6,3,1
TN346057,Bir Salah,Hencha,Sfax,37.95,M'Talith — Oulad Merab,4.3,M'Talith,32.0,Souassi,22.0,M'Talith — Oulad Merab,1853 Pellissier,4.3,M'Talith — Meraïah,17.9,3,1
TN346054,Dokhane,Hencha,Sfax,34.2,M'Talith — Nadjem,11.1,M'Talith,49.0,M'Talith,36.2,M'Talith — Nadjem,1853 Pellissier,11.1,M'Talith — Meraïah,15.1,3,1
TN346058,El Hajjara,Hencha,Sfax,42.0,M'Talith — Oulad Merab,11.9,M'Talith,24.4,Souassi,19.3,M'Talith — Oulad Merab,1853 Pellissier,11.9,Souassi,19.3,3,1
TN346051,El Hencha,Hencha,Sfax,105.9,M'Talith — Oulad Merab,6.9,M'Talith,39.6,Souassi,31.5,M'Talith — Oulad Merab,1853 Pellissier,6.9,M'Talith — Meraïah,10.6,3,1
TN346052,En-Nasr,Hencha,Sfax,83.76,M'Talith — Nadjem,3.7,M'Talith,46.7,M'Talith,28.8,M'Talith — Nadjem,1853 Pellissier,3.7,M'Talith — Meraïah,21.8,3,1
TN346059,Jouaouda,Hencha,Sfax,29.34,M'Talith — Nadjem,11.8,M'Talith,45.6,M'Talith,36.6,M'Talith — Nadjem,1853 Pellissier,11.8,M'Talith — Meraïah,13.5,3,1
TN346056,Merkez Mosbah,Hencha,Sfax,71.47,M'Talith — Oulad Merab,10.5,M'Talith,32.0,Souassi,30.4,M'Talith — Oulad Merab,1853 Pellissier,10.5,M'Talith — Nadjem,18.4,3,1
TN346053,Sidi Hassen Belhaj,Hencha,Sfax,94.51,M'Talith — Oulad Merab,3.7,M'Talith,38.3,Souassi,23.5,M'Talith — Oulad Merab,1853 Pellissier,3.7,M'Talith — Meraïah,13.2,3,1
TN345853,Baltech,Jebeniana,Sfax,39.18,M'Talith — Meraïah,3.8,M'Talith,47.0,Souassi,36.1,M'Talith — Meraïah,1853 Pellissier,3.8,M'Talith — Oulad Merab,12.1,3,1
TN345852,Batria,Jebeniana,Sfax,26.95,M'Talith — Oulad Zid,4.8,,,Souassi,46.9,M'Talith — Oulad Zid,1853 Pellissier,4.8,M'Talith — Meraïah,11.6,2,1
TN345851,Djebeniana,Jebeniana,Sfax,19.68,M'Talith — Meraïah,10.6,M'Talith,55.3,M'Talith,45.6,M'Talith — Meraïah,1853 Pellissier,10.6,M'Talith — Oulad Zid,12.5,3,1
TN345856,El Ajengna,Jebeniana,Sfax,46.72,M'Talith — Meraïah,1.7,M'Talith,50.8,Souassi,36.7,M'Talith — Meraïah,1853 Pellissier,1.7,M'Talith — Oulad Zid,8.3,3,1
TN345858,El Houdh,Jebeniana,Sfax,42.94,M'Talith — Meraïah,8.8,M'Talith,48.2,Souassi,40.6,M'Talith — Meraïah,1853 Pellissier,8.8,M'Talith — Oulad Merab,15.9,3,1
TN345855,El Kalelja,Jebeniana,Sfax,40.91,M'Talith — Meraïah,6.5,M'Talith,54.1,Souassi,42.8,M'Talith — Meraïah,1853 Pellissier,6.5,M'Talith — Oulad Zid,8.9,3,1
TN345857,El Louza,Jebeniana,Sfax,14.98,M'Talith — Oulad Zid,9.7,,,Souassi,51.1,M'Talith — Oulad Zid,1853 Pellissier,9.7,M'Talith — Meraïah,15.0,2,1
TN345854,Hazeg,Jebeniana,Sfax,21.98,M'Talith — Oulad Zid,10.8,,,Souassi,49.3,M'Talith — Oulad Zid,1853 Pellissier,10.8,M'Talith — Meraïah,12.9,2,1
TN346651,El Ataya,Kerkennah,Sfax,11.62,M'Talith — Oulad Zid,50.6,,,,,M'Talith — Oulad Zid,1853 Pellissier,50.6,M'Talith — Meraïah,56.5,1,1
TN346657,El Chargui,Kerkennah,Sfax,10.25,M'Talith — Oulad Zid,47.4,,,,,M'Talith — Oulad Zid,1853 Pellissier,47.4,M'Talith — Meraïah,53.0,1,1
TN346655,El Kalabine,Kerkennah,Sfax,13.35,M'Talith — Oulad Zid,50.2,,,,,M'Talith — Oulad Zid,1853 Pellissier,50.2,M'Talith — Nadjem,54.9,1,1
TN346658,El Kantra,Kerkennah,Sfax,3.27,M'Talith — Nadjem,50.0,,,,,M'Talith — Nadjem,1853 Pellissier,50.0,M'Talith — Oulad Zid,51.9,1,1
TN346659,El Kraten,Kerkennah,Sfax,9.46,M'Talith — Oulad Zid,42.7,,,,,M'Talith — Oulad Zid,1853 Pellissier,42.7,M'Talith — Meraïah,49.2,1,1
TN346652,El Ramla,Kerkennah,Sfax,15.49,M'Talith — Oulad Zid,47.8,,,,,M'Talith — Oulad Zid,1853 Pellissier,47.8,M'Talith — Nadjem,51.1,1,1
TN346656,En-Najet,Kerkennah,Sfax,23.66,M'Talith — Oulad Zid,45.5,,,,,M'Talith — Oulad Zid,1853 Pellissier,45.5,M'Talith — Meraïah,51.5,1,1
TN346654,Melita,Kerkennah,Sfax,48.12,M'Talith — Nadjem,45.6,,,M'Talith,54.6,M'Talith — Nadjem,1853 Pellissier,45.6,M'Talith — Oulad Zid,53.6,2,1
TN346660,Ouled Kacem,Kerkennah,Sfax,7.73,M'Talith — Oulad Zid,49.8,,,,,M'Talith — Oulad Zid,1853 Pellissier,49.8,M'Talith — Nadjem,51.2,1,1
TN346653,Sidi Frej,Kerkennah,Sfax,9.22,M'Talith — Nadjem,49.4,,,,,M'Talith — Nadjem,1853 Pellissier,49.4,M'Talith — Oulad Zid,49.7,1,1
TN346555,Aithet Chelaia,Mahres,Sfax,86.41,Aguerba,11.8,Neffat,51.5,M'Talith,22.7,Aguerba,1853 Pellissier,11.8,M'Talith,22.7,3,1
TN346553,Chaffar,Mahres,Sfax,62.25,Aguerba,19.5,Neffat,58.6,M'Talith,27.7,Aguerba,1853 Pellissier,19.5,M'Talith,27.7,3,1
TN346556,Es-Smara,Mahres,Sfax,69.39,Aguerba,28.4,Neffat,41.0,M'Talith,43.4,Aguerba,1853 Pellissier,28.4,Mehadhba,36.1,3,1
TN346551,Mahres,Mahres,Sfax,24.61,Aguerba,19.6,Neffat,55.4,M'Talith,30.1,Aguerba,1853 Pellissier,19.6,M'Talith,30.1,3,1
TN346552,Mahres Sud,Mahres,Sfax,119.62,Aguerba,14.3,Neffat,46.6,M'Talith,28.1,Aguerba,1853 Pellissier,14.3,M'Talith,28.1,3,1
TN346554,Sidi Ghrib,Mahres,Sfax,73.62,Aguerba,21.6,Neffat,43.7,M'Talith,36.2,Aguerba,1853 Pellissier,21.6,M'Talith,36.2,3,1
TN346155,Bechka,Menzel Chaker,Sfax,146.72,Aguerba,24.4,M'Talith,36.4,M'Talith,13.8,M'Talith,1881 Martel (1965),13.8,Aguerba,24.4,3,2
TN346154,Bir Mellouli,Menzel Chaker,Sfax,102.37,M'Talith — Nadjem,17.2,M'Talith,42.9,M'Talith,8.9,M'Talith,1881 Martel (1965),8.9,M'Talith — Nadjem,17.2,3,2
TN346152,Bou Jarboue,Menzel Chaker,Sfax,110.31,M'Talith — Nadjem,7.1,M'Talith,39.3,M'Talith,27.9,M'Talith — Nadjem,1853 Pellissier,7.1,M'Talith — Oulad Merab,20.0,3,1
TN346156,Bou-Thadi,Menzel Chaker,Sfax,173.19,M'Talith,14.3,M'Talith,20.1,M'Talith,37.0,M'Talith,1853 Pellissier,14.3,Ouled Redouan,14.4,3,3
TN346162,Chaleb,Menzel Chaker,Sfax,171.78,M'Talith,21.6,M'Talith,21.0,M'Talith,27.6,M'Talith,1881 Lasailly,21.0,Ouled Redouan,27.4,3,3
TN346160,El Achech,Menzel Chaker,Sfax,63.56,M'Talith — Oulad Merab,13.7,M'Talith,23.4,Souassi,24.0,M'Talith — Oulad Merab,1853 Pellissier,13.7,M'Talith,23.4,3,1
TN346158,El Aouadhna,Menzel Chaker,Sfax,96.04,M'Talith — Oulad Merab,20.3,M'Talith,24.9,M'Talith,30.9,M'Talith — Oulad Merab,1853 Pellissier,20.3,M'Talith — Nadjem,20.8,3,1
TN346157,El Bokaa El Bidha,Menzel Chaker,Sfax,123.37,M'Talith — Nadjem,13.8,M'Talith,37.3,M'Talith,16.1,M'Talith — Nadjem,1853 Pellissier,13.8,M'Talith,16.1,3,1
TN346161,El Hadj Kacem,Menzel Chaker,Sfax,256.82,Ouled Redouan,16.6,M'Talith,39.2,M'Talith,27.0,Ouled Redouan,1853 Pellissier,16.6,Ouled el Goussem,25.7,3,1
TN346153,Majel Edarj,Menzel Chaker,Sfax,70.43,M'Talith — Nadjem,6.9,M'Talith,40.1,M'Talith,21.0,M'Talith — Nadjem,1853 Pellissier,6.9,M'Talith,21.0,3,1
TN346151,Menzel Chaker,Menzel Chaker,Sfax,165.42,Ouled Redouan,22.6,M'Talith,28.7,M'Talith,22.5,M'Talith,1881 Martel (1965),22.5,Ouled Redouan,22.6,3,2
TN346159,Telil El Ajla,Menzel Chaker,Sfax,156.29,Ouled Redouan,3.9,M'Talith,29.4,M'Talith,40.5,Ouled Redouan,1853 Pellissier,3.9,M'Talith,21.6,3,1
TN345454,Bedarna,Sakiet Eddaier,Sfax,76.31,M'Talith — Nadjem,14.2,M'Talith,59.8,M'Talith,30.9,M'Talith — Nadjem,1853 Pellissier,14.2,M'Talith — Meraïah,30.1,3,1
TN345456,Cite Bourguiba,Sakiet Eddaier,Sfax,3.75,M'Talith — Nadjem,21.8,,,M'Talith,29.3,M'Talith — Nadjem,1853 Pellissier,21.8,M'Talith,29.3,2,1
TN345452,Khiria,Sakiet Eddaier,Sfax,2.23,M'Talith — Nadjem,19.5,,,M'Talith,27.5,M'Talith — Nadjem,1853 Pellissier,19.5,M'Talith,27.5,2,1
TN345453,Merkez Es-Sebai,Sakiet Eddaier,Sfax,8.6,M'Talith — Nadjem,17.0,,,M'Talith,28.7,M'Talith — Nadjem,1853 Pellissier,17.0,M'Talith,28.7,2,1
TN345458,Merkez Kaaniche,Sakiet Eddaier,Sfax,2.25,M'Talith — Nadjem,20.8,,,M'Talith,27.7,M'Talith — Nadjem,1853 Pellissier,20.8,M'Talith,27.7,2,1
TN345451,Sakiet Eddaier,Sakiet Eddaier,Sfax,2.95,M'Talith — Nadjem,18.8,,,M'Talith,28.1,M'Talith — Nadjem,1853 Pellissier,18.8,M'Talith,28.1,2,1
TN345457,Saltnia,Sakiet Eddaier,Sfax,8.94,M'Talith — Nadjem,19.9,,,M'Talith,30.5,M'Talith — Nadjem,1853 Pellissier,19.9,M'Talith,30.5,2,1
TN345455,Sidi Mansour,Sakiet Eddaier,Sfax,8.12,M'Talith — Nadjem,21.3,,,M'Talith,33.5,M'Talith — Nadjem,1853 Pellissier,21.3,M'Talith,33.5,2,1
TN345354,Chihia,Sakiet Ezzit,Sfax,2.9,M'Talith — Nadjem,18.8,,,M'Talith,24.8,M'Talith — Nadjem,1853 Pellissier,18.8,M'Talith,24.8,2,1
TN345357,El Ons,Sakiet Ezzit,Sfax,2.1,M'Talith — Nadjem,13.8,M'Talith,58.5,M'Talith,25.3,M'Talith — Nadjem,1853 Pellissier,13.8,M'Talith,25.3,3,1
TN345353,Es-Sedra,Sakiet Ezzit,Sfax,11.94,M'Talith — Nadjem,14.6,M'Talith,59.7,M'Talith,26.8,M'Talith — Nadjem,1853 Pellissier,14.6,M'Talith,26.8,3,1
TN345352,Merkez Bouassida,Sakiet Ezzit,Sfax,3.19,M'Talith — Nadjem,19.1,,,M'Talith,26.1,M'Talith — Nadjem,1853 Pellissier,19.1,M'Talith,26.1,2,1
TN345351,Sakiet Ezzit,Sakiet Ezzit,Sfax,4.55,M'Talith — Nadjem,16.9,,,M'Talith,26.2,M'Talith — Nadjem,1853 Pellissier,16.9,M'Talith,26.2,2,1
TN345356,Sidi Salah,Sakiet Ezzit,Sfax,63.44,M'Talith — Nadjem,7.6,M'Talith,52.8,M'Talith,24.8,M'Talith — Nadjem,1853 Pellissier,7.6,M'Talith,24.8,3,1
TN345355,Teniour,Sakiet Ezzit,Sfax,4.63,M'Talith — Nadjem,16.4,M'Talith,60.0,M'Talith,23.6,M'Talith — Nadjem,1853 Pellissier,16.4,M'Talith,23.6,3,1
TN345156,15 Novembre,Sfax Médina,Sfax,0.93,M'Talith — Nadjem,22.7,,,M'Talith,25.5,M'Talith — Nadjem,1853 Pellissier,22.7,M'Talith,25.5,2,1
TN345157,Ain Chaikh Rouhou,Sfax Médina,Sfax,2.1,M'Talith — Nadjem,21.6,,,M'Talith,25.0,M'Talith — Nadjem,1853 Pellissier,21.6,M'Talith,25.0,2,1
TN345152,Bab El Bhar,Sfax Médina,Sfax,3.61,M'Talith — Nadjem,24.8,,,M'Talith,28.1,M'Talith — Nadjem,1853 Pellissier,24.8,M'Talith,28.1,2,1
TN345153,Cite El Khiari,Sfax Médina,Sfax,9.63,M'Talith — Nadjem,26.1,,,M'Talith,26.4,M'Talith — Nadjem,1853 Pellissier,26.1,M'Talith,26.4,2,1
TN345158,Cite Ettaouidhi,Sfax Médina,Sfax,1.09,M'Talith — Nadjem,21.8,,,M'Talith,27.8,M'Talith — Nadjem,1853 Pellissier,21.8,M'Talith,27.8,2,1
TN345154,El Bassatine,Sfax Médina,Sfax,2.53,M'Talith — Nadjem,22.9,,,M'Talith,27.4,M'Talith — Nadjem,1853 Pellissier,22.9,M'Talith,27.4,2,1
TN345155,Er-Rbadh,Sfax Médina,Sfax,0.84,M'Talith — Nadjem,22.5,,,M'Talith,26.2,M'Talith — Nadjem,1853 Pellissier,22.5,M'Talith,26.2,2,1
TN345151,La Medina,Sfax Médina,Sfax,0.83,M'Talith — Nadjem,23.8,,,M'Talith,26.9,M'Talith — Nadjem,1853 Pellissier,23.8,M'Talith,26.9,2,1
TN345160,Merkez El Pacha,Sfax Médina,Sfax,1.19,M'Talith — Nadjem,21.0,,,M'Talith,25.5,M'Talith — Nadjem,1853 Pellissier,21.0,M'Talith,25.5,2,1
TN345159,Merkez Kaddour,Sfax Médina,Sfax,1.17,M'Talith — Nadjem,21.1,,,M'Talith,26.1,M'Talith — Nadjem,1853 Pellissier,21.1,M'Talith,26.1,2,1
TN345162,Mohamed Ali,Sfax Médina,Sfax,1.72,M'Talith — Nadjem,21.0,,,M'Talith,26.8,M'Talith — Nadjem,1853 Pellissier,21.0,M'Talith,26.8,2,1
TN345161,Sidi Abbes,Sfax Médina,Sfax,2.2,M'Talith — Nadjem,21.0,,,M'Talith,23.6,M'Talith — Nadjem,1853 Pellissier,21.0,M'Talith,23.6,2,1
TN345257,Cite El Bahri,Sfax Ouest,Sfax,1.93,M'Talith — Nadjem,24.5,,,M'Talith,23.0,M'Talith,1881 Martel (1965),23.0,M'Talith — Nadjem,24.5,2,1
TN345252,Cite El Habib,Sfax Ouest,Sfax,2.52,M'Talith — Nadjem,25.2,,,M'Talith,24.5,M'Talith,1881 Martel (1965),24.5,M'Talith — Nadjem,25.2,2,1
TN345254,El Alia,Sfax Ouest,Sfax,1.88,M'Talith — Nadjem,21.8,,,M'Talith,23.2,M'Talith — Nadjem,1853 Pellissier,21.8,M'Talith,23.2,2,1
TN345256,El Houda,Sfax Ouest,Sfax,4.1,M'Talith — Nadjem,22.7,,,M'Talith,22.6,M'Talith,1881 Martel (1965),22.6,M'Talith — Nadjem,22.7,2,1
TN345251,Merkez Chaker,Sfax Ouest,Sfax,2.21,M'Talith — Nadjem,23.4,,,M'Talith,25.4,M'Talith — Nadjem,1853 Pellissier,23.4,M'Talith,25.4,2,1
TN345255,Oued Er-Rmel,Sfax Ouest,Sfax,1.43,M'Talith — Nadjem,23.3,,,M'Talith,24.0,M'Talith — Nadjem,1853 Pellissier,23.3,M'Talith,24.0,2,1
TN345253,Soukra,Sfax Ouest,Sfax,2.11,M'Talith — Nadjem,24.9,,,M'Talith,25.3,M'Talith — Nadjem,1853 Pellissier,24.9,M'Talith,25.3,2,1
TN345557,Ayoun El Mayel,Sfax Sud,Sfax,61.29,M'Talith — Nadjem,8.9,M'Talith,50.4,M'Talith,18.7,M'Talith — Nadjem,1853 Pellissier,8.9,M'Talith,18.7,3,1
TN345553,Bouzaiane,Sfax Sud,Sfax,8.22,M'Talith — Nadjem,17.6,,,M'Talith,22.7,M'Talith — Nadjem,1853 Pellissier,17.6,M'Talith,22.7,2,1
TN345554,El Afrane Nord,Sfax Sud,Sfax,4.16,M'Talith — Nadjem,18.7,,,M'Talith,20.8,M'Talith — Nadjem,1853 Pellissier,18.7,M'Talith,20.8,2,1
TN345551,El Ain,Sfax Sud,Sfax,10.76,M'Talith — Nadjem,20.1,,,M'Talith,20.3,M'Talith — Nadjem,1853 Pellissier,20.1,M'Talith,20.3,2,1
TN345556,El Aouabed,Sfax Sud,Sfax,33.06,M'Talith — Nadjem,12.8,M'Talith,50.6,M'Talith,14.5,M'Talith — Nadjem,1853 Pellissier,12.8,M'Talith,14.5,3,1
TN345552,Gremda,Sfax Sud,Sfax,5.91,M'Talith — Nadjem,18.2,,,M'Talith,21.7,M'Talith — Nadjem,1853 Pellissier,18.2,M'Talith,21.7,2,1
TN345555,Khazanet,Sfax Sud,Sfax,72.69,M'Talith — Nadjem,17.8,M'Talith,56.4,M'Talith,15.5,M'Talith,1881 Martel (1965),15.5,M'Talith — Nadjem,17.8,3,2
TN346457,El Hammada,Skhira,Sfax,142.44,Mehadhba,17.5,Mehadhba,23.3,Neffat,25.9,Mehadhba,1853 Pellissier,17.5,Neffat,25.9,3,2
TN346455,El Kenitra,Skhira,Sfax,68.07,Mehadhba,7.7,Mehadhba,10.9,Mehadhba,12.5,Mehadhba,1853 Pellissier,7.7,Neffat,22.5,3,3
TN346452,El Khadhra,Skhira,Sfax,148.7,Mehadhba,13.1,Mehadhba,11.6,Mehadhba,6.5,Mehadhba,1881 Martel (1965),6.5,Neffat,23.4,3,3
TN346453,Naoual,Skhira,Sfax,168.98,Mehadhba,4.6,Mehadhba,6.2,Neffat,11.5,Mehadhba,1853 Pellissier,4.6,Neffat,11.5,3,2
TN346451,Sbih,Skhira,Sfax,53.39,Mehadhba,8.1,Mehadhba,7.9,Mehadhba,7.6,Mehadhba,1881 Martel (1965),7.6,Neffat,20.0,3,3
TN346456,Sidi Mohamed,Skhira,Sfax,126.67,Mehadhba,12.8,Mehadhba,16.6,Neffat,16.1,Mehadhba,1853 Pellissier,12.8,Neffat,16.1,3,2
TN346454,Skhira,Skhira,Sfax,201.05,Mehadhba,10.0,Mehadhba,15.8,Mehadhba,19.4,Mehadhba,1853 Pellissier,10.0,Neffat,25.6,3,3
TN345653,El Hajeb,Thyna,Sfax,46.43,Aguerba,21.6,,,M'Talith,19.5,M'Talith,1881 Martel (1965),19.5,Aguerba,21.6,2,1
TN345652,Sidi Abid,Thyna,Sfax,20.91,Aguerba,25.7,,,M'Talith,23.8,M'Talith,1881 Martel (1965),23.8,Aguerba,25.7,2,1
TN345651,Tina,Thyna,Sfax,35.03,Aguerba,28.5,,,M'Talith,26.7,M'Talith,1881 Martel (1965),26.7,Aguerba,28.5,2,1
TN435554,Bir Amama,Bir El Hfay,Sidi Bou Zid,51.56,Hammama,44.0,Hammama,6.0,Hammama,42.1,Hammama,1881 Lasailly,6.0,Taïfa,46.6,3,3
TN435559,Bir Bousbiaa,Bir El Hfay,Sidi Bou Zid,34.28,Hammama,47.7,Hammama,10.2,Hammama,41.4,Hammama,1881 Lasailly,10.2,Mejers,48.6,3,3
TN435551,Bir El Hafey,Bir El Hfay,Sidi Bou Zid,95.24,Mejers,40.9,Hammama,19.3,Hammama,42.0,Hammama,1881 Lasailly,19.3,Mejers,40.9,3,2
TN435553,El Ksar,Bir El Hfay,Sidi Bou Zid,66.81,Hammama,43.5,Hammama,14.9,Hammama,51.6,Hammama,1881 Lasailly,14.9,Mejers,43.7,3,3
TN435555,El Mezara,Bir El Hfay,Sidi Bou Zid,66.71,Mejers,41.8,Hammama,15.8,Hammama,47.3,Hammama,1881 Lasailly,15.8,Mejers,41.8,3,2
TN435552,El Mohamdia,Bir El Hfay,Sidi Bou Zid,47.38,Mejers,37.4,Hammama,23.9,Hammama,43.0,Hammama,1881 Lasailly,23.9,Mejers,37.4,3,2
TN435556,Essalama,Bir El Hfay,Sidi Bou Zid,39.25,Hammama,36.6,Hammama,3.5,Hammama,44.8,Hammama,1881 Lasailly,3.5,Taïfa,37.6,3,3
TN435557,Ourgha,Bir El Hfay,Sidi Bou Zid,50.02,Taïfa,44.4,Hammama,7.2,Hammama,36.1,Hammama,1881 Lasailly,7.2,Taïfa,44.4,3,2
TN435558,Rahal,Bir El Hfay,Sidi Bou Zid,63.82,Taïfa,40.5,Hammama,4.9,Hammama,40.0,Hammama,1881 Lasailly,4.9,Taïfa,40.5,3,2
TN435358,Baten Elghezel Nord,Jelma,Sidi Bou Zid,37.84,Mejers,24.1,Zlass,20.5,Ouled Ayar,54.0,Zlass,1881 Lasailly,20.5,Mejers,24.1,3,1
TN435357,Baten Elghezel Sud,Jelma,Sidi Bou Zid,39.89,Mejers,24.9,Zlass,26.7,,,Mejers,1853 Pellissier,24.9,Zlass,26.7,2,1
TN435361,El Abaiedh,Jelma,Sidi Bou Zid,50.6,Mejers,33.6,Zlass,19.5,,,Zlass,1881 Lasailly,19.5,Mejers,33.6,2,1
TN435359,El Adhla,Jelma,Sidi Bou Zid,64.92,Mejers,29.4,Zlass,21.0,,,Zlass,1881 Lasailly,21.0,Mejers,29.4,2,1
TN435360,El Hamima,Jelma,Sidi Bou Zid,71.26,Mejers,31.1,Hammama,42.1,,,Mejers,1853 Pellissier,31.1,Hammama,42.1,2,1
TN435356,Ghedir Ezzitoun,Jelma,Sidi Bou Zid,89.67,Mejers,34.3,Zlass,37.0,,,Mejers,1853 Pellissier,34.3,Zlass,37.0,2,1
TN435351,Jilma Est,Jelma,Sidi Bou Zid,51.47,Mejers,29.8,Zlass,32.4,,,Mejers,1853 Pellissier,29.8,Zlass,32.4,2,1
TN435352,Jilma Ouest,Jelma,Sidi Bou Zid,40.76,Mejers,25.9,Zlass,36.8,,,Mejers,1853 Pellissier,25.9,Zlass,36.8,2,1
TN435353,Lazirek,Jelma,Sidi Bou Zid,72.79,Mejers,20.4,Zlass,37.9,,,Mejers,1853 Pellissier,20.4,Zlass,37.9,2,1
TN435354,Selta,Jelma,Sidi Bou Zid,80.59,Mejers,14.0,Zlass,31.5,Mejers,52.6,Mejers,1853 Pellissier,14.0,Zlass,31.5,3,2
TN435355,Zoghmar,Jelma,Sidi Bou Zid,69.46,Mejers,20.6,Zlass,25.9,Mejers,55.9,Mejers,1853 Pellissier,20.6,Zlass,25.9,3,2
TN436053,Bou Hedma,Mazzouna,Sidi Bou Zid,159.11,Hammama — Oulad Aziz,6.5,Mehadhba,30.9,Neffat,24.9,Hammama — Oulad Aziz,1853 Pellissier,6.5,Neffat,24.9,3,1
TN436056,Eddaouara,Mazzouna,Sidi Bou Zid,100.29,Taïfa,17.0,Neffat,18.8,Neffat,13.2,Neffat,1881 Martel (1965),13.2,Taïfa,17.0,3,2
TN436058,El Besbes,Mazzouna,Sidi Bou Zid,232.2,Mehadhba,13.5,Mehadhba,10.3,Neffat,2.2,Neffat,1881 Martel (1965),2.2,Mehadhba,10.3,3,1
TN436052,El Founi,Mazzouna,Sidi Bou Zid,74.52,Mehadhba,16.9,Neffat,14.8,Neffat,13.3,Neffat,1881 Martel (1965),13.3,Mehadhba,16.9,3,2
TN436054,El Gheris Est,Mazzouna,Sidi Bou Zid,74.01,Taïfa,10.4,Neffat,8.3,Neffat,19.2,Neffat,1881 Lasailly,8.3,Taïfa,10.4,3,2
TN436057,El Khaoui,Mazzouna,Sidi Bou Zid,44.66,Mehadhba,23.0,Neffat,8.9,Neffat,16.3,Neffat,1881 Lasailly,8.9,Mehadhba,23.0,3,2
TN436059,Essed,Mazzouna,Sidi Bou Zid,144.66,Hammama — Oulad Aziz,21.5,Mehadhba,16.6,Neffat,9.6,Neffat,1881 Martel (1965),9.6,Mehadhba,16.6,3,1
TN436055,Khobna,Mazzouna,Sidi Bou Zid,228.3,Hammama — Oulad Aziz,12.3,Mehadhba,23.9,Mehadhba,21.5,Hammama — Oulad Aziz,1853 Pellissier,12.3,Mehadhba,21.5,3,1
TN436051,Mezzouna,Mazzouna,Sidi Bou Zid,79.96,Taïfa,18.1,Neffat,9.8,Neffat,12.1,Neffat,1881 Lasailly,9.8,Taïfa,18.1,3,2
TN435851,El Jebbes,Meknassi,Sidi Bou Zid,90.8,Taïfa,12.1,Neffat,28.3,Neffat,35.2,Taïfa,1853 Pellissier,12.1,Hammama,17.2,3,1
TN435858,El Mabrouka,Meknassi,Sidi Bou Zid,107.02,Taïfa,16.3,Hammama,27.8,Neffat,34.0,Taïfa,1853 Pellissier,16.3,Hammama,23.6,3,1
TN435859,Ennasr,Meknassi,Sidi Bou Zid,63.02,Hammama — Oulad Aziz,17.3,Hammama,34.4,Neffat,29.9,Hammama — Oulad Aziz,1853 Pellissier,17.3,Taïfa,25.5,3,1
TN435857,Ezzouaraa,Meknassi,Sidi Bou Zid,46.86,Taïfa,6.9,Neffat,23.2,Neffat,33.7,Taïfa,1853 Pellissier,6.9,Hammama,11.9,3,1
TN435852,Gheris Ouest,Meknassi,Sidi Bou Zid,90.03,Taïfa,5.2,Neffat,14.3,Neffat,22.9,Taïfa,1853 Pellissier,5.2,Neffat,14.3,3,1
TN435853,Mech,Meknassi,Sidi Bou Zid,63.01,Hammama — Oulad Aziz,10.8,Mehadhba,37.2,Neffat,29.1,Hammama — Oulad Aziz,1853 Pellissier,10.8,Neffat,29.1,3,1
TN435854,Meknassy Est,Meknassi,Sidi Bou Zid,68.8,Taïfa,15.4,Neffat,24.6,Neffat,22.1,Taïfa,1853 Pellissier,15.4,Neffat,22.1,3,1
TN435856,Meknassy Nord,Meknassi,Sidi Bou Zid,41.76,Taïfa,16.8,Neffat,29.2,Neffat,28.4,Taïfa,1853 Pellissier,16.8,Hammama — Oulad Aziz,25.5,3,1
TN435855,Meknassy Ouest,Meknassi,Sidi Bou Zid,52.44,Hammama — Oulad Aziz,19.6,Neffat,28.6,Neffat,22.3,Hammama — Oulad Aziz,1853 Pellissier,19.6,Taïfa,20.5,3,1
TN435755,El Kharrouba,Menzel Bouzaiene,Sidi Bou Zid,87.26,Hammama — Oulad Aziz,29.4,Hammama,19.4,Neffat,44.3,Hammama,1881 Lasailly,19.4,Hammama — Oulad Aziz,29.4,3,1
TN435754,El Khorchef,Menzel Bouzaiene,Sidi Bou Zid,94.07,Taïfa,23.1,Hammama,20.1,Neffat,41.4,Hammama,1881 Lasailly,20.1,Taïfa,23.1,3,1
TN435757,El Omrane,Menzel Bouzaiene,Sidi Bou Zid,112.26,Hammama — Oulad Aziz,15.6,Hammama,33.6,Neffat,39.5,Hammama — Oulad Aziz,1853 Pellissier,15.6,Hammama,33.6,3,1
TN435756,El Omria,Menzel Bouzaiene,Sidi Bou Zid,63.1,Hammama — Oulad Aziz,27.9,Hammama,23.9,Hammama,34.8,Hammama,1881 Lasailly,23.9,Hammama — Oulad Aziz,27.9,3,2
TN435752,En-Nouamer,Menzel Bouzaiene,Sidi Bou Zid,104.81,Hammama — Oulad Aziz,22.7,Hammama,25.9,Neffat,40.8,Hammama — Oulad Aziz,1853 Pellissier,22.7,Hammama,25.9,3,1
TN435753,Kallel,Menzel Bouzaiene,Sidi Bou Zid,92.36,Hammama — Oulad Aziz,34.0,Hammama,15.3,Hammama,37.9,Hammama,1881 Lasailly,15.3,Hammama — Oulad Aziz,34.0,3,2
TN435751,Menzel Bouzaiane,Menzel Bouzaiene,Sidi Bou Zid,1.07,Hammama — Oulad Aziz,18.8,Hammama,29.9,Neffat,39.9,Hammama — Oulad Aziz,1853 Pellissier,18.8,Hammama,29.9,3,1
TN436259,Dheouibet Nord,Ouled Haffouz,Sidi Bou Zid,55.02,Ouled Redouan,21.4,M'Talith,39.4,,,Ouled Redouan,1853 Pellissier,21.4,Oulad Khalifa,21.7,2,1
TN436252,Dheouibet Sud,Ouled Haffouz,Sidi Bou Zid,59.95,Ouled Redouan,13.8,M'Talith,38.9,M'Talith,55.8,Ouled Redouan,1853 Pellissier,13.8,Ouled el Goussem,21.1,3,1
TN436257,Ech-Cheouachia,Ouled Haffouz,Sidi Bou Zid,28.58,Ouled el Goussem,15.8,Neffat,46.1,,,Ouled el Goussem,1853 Pellissier,15.8,Ouled Redouan,22.1,2,1
TN436254,El Henia,Ouled Haffouz,Sidi Bou Zid,59.65,Ouled el Goussem,24.3,Hammama,46.9,,,Ouled el Goussem,1853 Pellissier,24.3,Hammama,28.7,2,1
TN436256,El Mebarkia,Ouled Haffouz,Sidi Bou Zid,34.17,Ouled el Goussem,18.0,Neffat,46.5,,,Ouled el Goussem,1853 Pellissier,18.0,Hammama,23.8,2,1
TN436255,Kassouda,Ouled Haffouz,Sidi Bou Zid,67.04,Ouled Redouan,21.0,M'Talith,45.1,,,Ouled Redouan,1853 Pellissier,21.0,Ouled el Goussem,22.5,2,1
TN436251,Ouled Haffouz,Ouled Haffouz,Sidi Bou Zid,23.64,Ouled el Goussem,21.0,M'Talith,50.1,,,Ouled el Goussem,1853 Pellissier,21.0,Ouled Redouan,24.2,2,1
TN436258,Sidi Ellafi,Ouled Haffouz,Sidi Bou Zid,39.73,Ouled el Goussem,33.3,Hammama,52.0,,,Ouled el Goussem,1853 Pellissier,33.3,Ouled Redouan,35.8,2,1
TN436253,Sidi Khelif,Ouled Haffouz,Sidi Bou Zid,54.58,Ouled el Goussem,28.3,M'Talith,50.9,,,Ouled el Goussem,1853 Pellissier,28.3,Ouled Redouan,29.2,2,1
TN436158,Boudinar,Regueb,Sidi Bou Zid,73.3,Hammama,12.0,Hammama,32.9,Neffat,52.2,Hammama,1853 Pellissier,12.0,Ouled el Goussem,21.4,3,2
TN436156,Erradhaa,Regueb,Sidi Bou Zid,54.58,Taïfa,7.3,Neffat,10.2,Neffat,27.1,Taïfa,1853 Pellissier,7.3,Neffat,10.2,3,1
TN436157,Erradhaa Est,Regueb,Sidi Bou Zid,38.97,Taïfa,11.5,Neffat,10.7,Neffat,30.5,Neffat,1881 Lasailly,10.7,Taïfa,11.5,3,2
TN436165,Essaida Est,Regueb,Sidi Bou Zid,57.37,Ouled el Goussem,3.7,Neffat,31.0,M'Talith,47.9,Ouled el Goussem,1853 Pellissier,3.7,Ouled Redouan,18.9,3,1
TN436153,Essaida Nord,Regueb,Sidi Bou Zid,84.77,Ouled el Goussem,8.0,Neffat,39.3,M'Talith,54.1,Ouled el Goussem,1853 Pellissier,8.0,Ouled Redouan,17.3,3,1
TN436164,Essaida Sud,Regueb,Sidi Bou Zid,55.29,Ouled el Goussem,9.3,Neffat,38.2,Neffat,57.6,Ouled el Goussem,1853 Pellissier,9.3,Hammama,17.6,3,1
TN436162,Essekba,Regueb,Sidi Bou Zid,92.01,Hammama,7.3,Neffat,18.8,Neffat,37.3,Hammama,1853 Pellissier,7.3,Taïfa,12.2,3,1
TN436166,Ferch Gharib,Regueb,Sidi Bou Zid,37.0,Ouled el Goussem,11.4,Neffat,19.9,Neffat,40.6,Ouled el Goussem,1853 Pellissier,11.4,Hammama,13.0,3,1
TN436160,Gobrar,Regueb,Sidi Bou Zid,49.2,Ouled el Goussem,10.4,Neffat,36.1,Neffat,54.8,Ouled el Goussem,1853 Pellissier,10.4,Hammama,13.9,3,1
TN436155,Gouleb,Regueb,Sidi Bou Zid,89.54,Taïfa,7.3,Neffat,22.1,Neffat,35.4,Taïfa,1853 Pellissier,7.3,Hammama,7.8,3,1
TN436163,Khechem Est,Regueb,Sidi Bou Zid,61.92,Ouled Redouan,8.5,M'Talith,41.1,M'Talith,47.3,Ouled Redouan,1853 Pellissier,8.5,Ouled el Goussem,13.2,3,1
TN436152,Khechem Ouest,Regueb,Sidi Bou Zid,33.97,Ouled el Goussem,13.4,M'Talith,44.3,M'Talith,54.0,Ouled el Goussem,1853 Pellissier,13.4,Ouled Redouan,14.0,3,1
TN436154,Ksar El Hammam Est,Regueb,Sidi Bou Zid,66.2,Ouled el Goussem,4.7,Neffat,27.8,Neffat,47.9,Ouled el Goussem,1853 Pellissier,4.7,Hammama,12.3,3,1
TN436159,Ksar El Hammam Ouest,Regueb,Sidi Bou Zid,81.39,Hammama,11.2,Neffat,35.6,Neffat,52.8,Hammama,1853 Pellissier,11.2,Ouled el Goussem,14.6,3,1
TN436167,Ouled Ayouni,Regueb,Sidi Bou Zid,41.61,Hammama,5.4,Neffat,24.0,Neffat,42.6,Hammama,1853 Pellissier,5.4,Ouled el Goussem,12.0,3,1
TN436151,Regueb,Regueb,Sidi Bou Zid,11.93,Hammama,4.5,Neffat,28.9,Neffat,46.1,Hammama,1853 Pellissier,4.5,Ouled el Goussem,14.0,3,1
TN436161,Rihana,Regueb,Sidi Bou Zid,106.06,Hammama,7.9,Neffat,30.6,Neffat,43.9,Hammama,1853 Pellissier,7.9,Taïfa,16.0,3,1
TN435451,Cebalet,Sabalat Ouled Asker,Sidi Bou Zid,31.54,Mejers,20.7,Hammama,39.3,,,Mejers,1853 Pellissier,20.7,Hammama,39.3,2,1
TN435452,El Amra,Sabalat Ouled Asker,Sidi Bou Zid,59.03,Mejers,27.6,Hammama,32.2,,,Mejers,1853 Pellissier,27.6,Hammama,32.2,2,1
TN435455,El Ayoun,Sabalat Ouled Asker,Sidi Bou Zid,72.52,Mejers,8.4,Zlass,38.5,Mejers,52.1,Mejers,1853 Pellissier,8.4,Zlass,38.5,3,2
TN435453,Essed,Sabalat Ouled Asker,Sidi Bou Zid,63.21,Mejers,24.0,Hammama,40.3,,,Mejers,1853 Pellissier,24.0,Hammama,40.3,2,1
TN435454,Meghila,Sabalat Ouled Asker,Sidi Bou Zid,69.26,Mejers,14.2,Zlass,41.5,Mejers,59.2,Mejers,1853 Pellissier,14.2,Zlass,41.5,3,2
TN435656,El Mansoura Est,Sidi Ali Ben Aoun,Sidi Bou Zid,81.65,Hammama — Oulad Aziz,49.3,Hammama,23.6,Hammama,19.5,Hammama,1881 Martel (1965),19.5,Hammama — Oulad Aziz,49.3,3,2
TN435657,El Mansoura Ouest,Sidi Ali Ben Aoun,Sidi Bou Zid,51.77,Hammama — Oulad Aziz,55.3,Hammama,29.9,Hammama,14.6,Hammama,1881 Martel (1965),14.6,Hammama — Oulad Aziz,55.3,3,2
TN435654,El Ouaara,Sidi Ali Ben Aoun,Sidi Bou Zid,29.88,Mejers,57.2,Hammama,30.6,Hammama,20.0,Hammama,1881 Martel (1965),20.0,Mejers,57.2,3,2
TN435652,Errabta,Sidi Ali Ben Aoun,Sidi Bou Zid,154.76,Hammama — Oulad Aziz,45.7,Hammama,13.9,Hammama,29.3,Hammama,1881 Lasailly,13.9,Hammama — Oulad Aziz,45.7,3,2
TN435653,Essahla,Sidi Ali Ben Aoun,Sidi Bou Zid,94.72,Mejers,53.5,Hammama,24.3,Hammama,25.4,Hammama,1881 Lasailly,24.3,Mejers,53.5,3,2
TN435655,Ouled Brahim,Sidi Ali Ben Aoun,Sidi Bou Zid,63.17,,,Hammama,33.6,Hammama,15.9,Hammama,1881 Martel (1965),15.9,Mejers,61.1,2,2
TN435651,Sidi Ali Ben Aoun,Sidi Ali Ben Aoun,Sidi Bou Zid,138.67,Mejers,47.9,Hammama,19.3,Hammama,33.3,Hammama,1881 Lasailly,19.3,Mejers,47.9,3,2
TN435259,Ain Rebaou,Sidi Bouzid Est,Sidi Bou Zid,75.51,Hammama,20.6,Hammama,36.4,,,Hammama,1853 Pellissier,20.6,Ouled el Goussem,23.4,2,2
TN435252,Bennour,Sidi Bouzid Est,Sidi Bou Zid,98.08,Mejers,41.5,Hammama,42.3,,,Mejers,1853 Pellissier,41.5,Hammama,42.3,2,1
TN435251,El Ahouaz,Sidi Bouzid Est,Sidi Bou Zid,50.63,Hammama,31.8,Hammama,22.3,,,Hammama,1881 Lasailly,22.3,Ouled el Goussem,40.4,2,2
TN435255,El Amra,Sidi Bouzid Est,Sidi Bou Zid,78.28,Ouled el Goussem,37.3,Hammama,44.9,,,Ouled el Goussem,1853 Pellissier,37.3,Hammama,38.7,2,1
TN435254,El Assouad,Sidi Bouzid Est,Sidi Bou Zid,117.32,Hammama,36.2,Hammama,32.0,,,Hammama,1881 Lasailly,32.0,Ouled el Goussem,40.7,2,2
TN435260,El Henia Abazid,Sidi Bouzid Est,Sidi Bou Zid,51.06,Ouled el Goussem,22.4,Hammama,41.4,,,Ouled el Goussem,1853 Pellissier,22.4,Hammama,23.5,2,1
TN435256,El Makarem,Sidi Bouzid Est,Sidi Bou Zid,56.59,Ouled el Goussem,43.0,Zlass,48.1,,,Ouled el Goussem,1853 Pellissier,43.0,Oulad Khalifa,43.5,2,1
TN435257,El Makarem Est,Sidi Bouzid Est,Sidi Bou Zid,54.38,Mejers,41.9,Zlass,43.7,,,Mejers,1853 Pellissier,41.9,Zlass,43.7,2,1
TN435258,El Okla,Sidi Bouzid Est,Sidi Bou Zid,48.45,Hammama,34.3,Hammama,38.9,,,Hammama,1853 Pellissier,34.3,Ouled el Goussem,35.4,2,2
TN435262,Ezzitouna,Sidi Bouzid Est,Sidi Bou Zid,64.31,Hammama,28.4,Hammama,15.8,Hammama,58.8,Hammama,1881 Lasailly,15.8,Taïfa,34.8,3,3
TN435253,Faiedh,Sidi Bouzid Est,Sidi Bou Zid,58.69,Ouled el Goussem,29.0,Hammama,40.6,,,Ouled el Goussem,1853 Pellissier,29.0,Hammama,29.2,2,1
TN435261,Garet Hadid,Sidi Bouzid Est,Sidi Bou Zid,41.91,Hammama,26.9,Hammama,27.6,,,Hammama,1853 Pellissier,26.9,Ouled el Goussem,33.8,2,2
TN435155,El Friou,Sidi Bouzid Ouest,Sidi Bou Zid,47.98,Hammama,32.4,Hammama,7.3,Hammama,49.7,Hammama,1881 Lasailly,7.3,Taïfa,34.7,3,3
TN435154,El Hichria,Sidi Bouzid Ouest,Sidi Bou Zid,71.4,Hammama,34.9,Hammama,8.8,Hammama,51.4,Hammama,1881 Lasailly,8.8,Taïfa,39.3,3,3
TN435160,Ennasr,Sidi Bouzid Ouest,Sidi Bou Zid,23.53,Mejers,30.6,Hammama,34.9,,,Mejers,1853 Pellissier,30.6,Hammama,34.9,2,1
TN435152,Ennour,Sidi Bouzid Ouest,Sidi Bou Zid,1.34,Hammama,36.5,Hammama,26.2,,,Hammama,1881 Lasailly,26.2,Ouled el Goussem,43.4,2,2
TN435159,Ettouila,Sidi Bouzid Ouest,Sidi Bou Zid,122.33,Hammama,38.7,Hammama,18.9,Hammama,58.6,Hammama,1881 Lasailly,18.9,Mejers,44.8,3,3
TN435157,Oum El Adham (1),Sidi Bouzid Ouest,Sidi Bou Zid,37.58,Mejers,34.1,Hammama,30.4,,,Hammama,1881 Lasailly,30.4,Mejers,34.1,2,1
TN435158,Oum El Adham (2),Sidi Bouzid Ouest,Sidi Bou Zid,16.83,Mejers,32.9,Hammama,27.6,,,Hammama,1881 Lasailly,27.6,Mejers,32.9,2,1
TN435156,Sadakia,Sidi Bouzid Ouest,Sidi Bou Zid,48.66,Mejers,37.3,Hammama,30.0,,,Hammama,1881 Lasailly,30.0,Mejers,37.3,2,1
TN435151,Sidi Bouzid,Sidi Bouzid Ouest,Sidi Bou Zid,1.19,Hammama,35.4,Hammama,25.9,,,Hammama,1881 Lasailly,25.9,Ouled el Goussem,42.4,2,2
TN435162,Sidi Bouzid Ouest,Sidi Bouzid Ouest,Sidi Bou Zid,1.27,Hammama,36.9,Hammama,25.4,,,Hammama,1881 Lasailly,25.4,Ouled el Goussem,44.1,2,2
TN435161,Sidi Bouzid Sud,Sidi Bouzid Ouest,Sidi Bou Zid,1.28,Hammama,36.2,Hammama,25.0,,,Hammama,1881 Lasailly,25.0,Ouled el Goussem,43.6,2,2
TN435153,Sidi Salem,Sidi Bouzid Ouest,Sidi Bou Zid,49.92,Mejers,40.3,Hammama,30.8,,,Hammama,1881 Lasailly,30.8,Mejers,40.3,2,1
TN435957,Bir Badr,Souk Jedid,Sidi Bou Zid,65.89,Hammama,24.3,Hammama,16.3,Neffat,54.7,Hammama,1881 Lasailly,16.3,Taïfa,29.5,3,2
TN435955,Erremelia,Souk Jedid,Sidi Bou Zid,88.14,Hammama,17.9,Hammama,22.0,Neffat,45.4,Hammama,1853 Pellissier,17.9,Taïfa,20.3,3,2
TN435956,Ezzafzaf,Souk Jedid,Sidi Bou Zid,60.45,Hammama,26.4,Hammama,13.8,Neffat,49.8,Hammama,1881 Lasailly,13.8,Taïfa,27.4,3,2
TN435952,Ghiriouis,Souk Jedid,Sidi Bou Zid,37.81,Hammama,18.1,Hammama,30.7,Neffat,57.6,Hammama,1853 Pellissier,18.1,Ouled el Goussem,25.6,3,2
TN435953,Ksaira,Souk Jedid,Sidi Bou Zid,13.76,Hammama,23.2,Hammama,27.8,,,Hammama,1853 Pellissier,23.2,Ouled el Goussem,30.8,2,2
TN435954,Sekdal,Souk Jedid,Sidi Bou Zid,22.8,Hammama,19.3,Hammama,26.3,Neffat,56.7,Hammama,1853 Pellissier,19.3,Taïfa,29.1,3,2
TN435951,Souk Jedid,Souk Jedid,Sidi Bou Zid,57.49,Hammama,20.6,Hammama,22.8,Neffat,55.8,Hammama,1853 Pellissier,20.6,Taïfa,28.9,3,2
TN246056,Ain Bous Saadia,Bargou,Siliana,56.3,Zlass,31.8,Ouled Aoun,16.3,Ouled Aoun,22.1,Ouled Aoun,1881 Lasailly,16.3,Riah,25.2,3,2
TN246055,Ain Fourna,Bargou,Siliana,58.3,Ouled Aoun,21.1,Riah,13.2,Ouled Aoun,21.4,Riah,1881 Lasailly,13.2,Ouled Aoun,13.5,3,1
TN246052,Banlieue Bargou,Bargou,Siliana,86.94,Ouled Aoun,22.5,Ouled Aoun,5.1,Ouled Aoun,12.9,Ouled Aoun,1881 Lasailly,5.1,Riah,19.2,3,3
TN246051,Bargou,Bargou,Siliana,1.17,Ouled Aoun,24.5,Ouled Aoun,8.0,Ouled Aoun,15.3,Ouled Aoun,1881 Lasailly,8.0,Riah,19.5,3,3
TN246057,Ed-Derija,Bargou,Siliana,74.44,Ouled Aoun,31.4,Ouled Aoun,20.5,Ouled Aoun,27.6,Ouled Aoun,1881 Lasailly,20.5,Riah,21.6,3,3
TN246058,El Behirin,Bargou,Siliana,43.07,Zlass,30.1,Ouled Aoun,13.6,Ouled Aoun,17.5,Ouled Aoun,1881 Lasailly,13.6,Riah,28.6,3,2
TN246053,Ouled Fredj,Bargou,Siliana,66.59,Ouled Aoun,28.3,Ouled Aoun,8.5,Ouled Aoun,14.2,Ouled Aoun,1881 Lasailly,8.5,Riah,23.8,3,3
TN246054,Sidi Said,Bargou,Siliana,71.07,Ouled Aoun,26.8,Riah,15.6,Ouled Aoun,29.7,Riah,1881 Lasailly,15.6,Ouled Aoun,21.9,3,1
TN245351,Banlieue De Bouarada,Bouarada,Siliana,66.21,Drid,17.0,Riah,13.3,Drid,21.4,Riah,1881 Lasailly,13.3,Drid,17.0,3,1
TN245352,Bouarada,Bouarada,Siliana,5.5,Drid,18.7,Riah,11.3,Drid,23.8,Riah,1881 Lasailly,11.3,Drid,18.7,3,1
TN245353,Fatis,Bouarada,Siliana,88.42,Drid,11.4,Drid,17.1,Riah,28.7,Drid,1853 Pellissier,11.4,Riah,19.9,3,2
TN245354,Henchir Er-Roman,Bouarada,Siliana,89.97,Ouled Aoun,11.3,Riah,5.4,Drid,17.0,Riah,1881 Lasailly,5.4,Ouled Aoun,11.3,3,1
TN245355,Sidi Abdennour,Bouarada,Siliana,67.56,Ouled Aoun,14.9,Riah,3.0,Drid,19.0,Riah,1881 Lasailly,3.0,Ouled Aoun,14.9,3,1
TN245356,Tarf Ech-Chena,Bouarada,Siliana,59.1,Drid,20.6,Riah,11.7,Drid,26.5,Riah,1881 Lasailly,11.7,Drid,20.6,3,1
TN245655,Ain Achour,Bourouis,Siliana,66.92,Ouled Yakoub,25.6,Ouled Ayar,9.3,Drid,32.2,Ouled Ayar,1881 Lasailly,9.3,Ouled Yakoub,25.6,3,1
TN245651,Bourouis Nord,Bourouis,Siliana,6.55,Ouled Yakoub,28.0,Ouled Ayar,4.1,Drid,27.8,Ouled Ayar,1881 Lasailly,4.1,Drid,27.8,3,1
TN245652,Bourouis Sud,Bourouis,Siliana,79.38,Ouled Aoun,25.2,Ouled Ayar,1.1,Drid,24.5,Ouled Ayar,1881 Lasailly,1.1,Drid,24.5,3,1
TN245654,El Abbassi,Bourouis,Siliana,60.81,Ouled Aoun,29.3,Ouled Ayar,9.0,Drid,26.6,Ouled Ayar,1881 Lasailly,9.0,Drid,26.6,3,1
TN245656,El Krib Gare,Bourouis,Siliana,23.06,Ouled Aoun,23.4,Ouled Ayar,6.8,Drid,21.1,Ouled Ayar,1881 Lasailly,6.8,Drid,21.1,3,1
TN245653,Ettricha,Bourouis,Siliana,37.7,Ouled Yakoub,24.4,Ouled Ayar,6.5,Ouled Aoun,27.3,Ouled Ayar,1881 Lasailly,6.5,Ouled Yakoub,24.4,3,1
TN245556,Borj El Messaoudi Nord,El Krib,Siliana,71.56,Djendouba,23.1,Ouled Ayar,19.3,Drid,30.0,Ouled Ayar,1881 Lasailly,19.3,Djendouba,23.1,3,1
TN245557,Borj El Messaoudi Sud,El Krib,Siliana,60.07,Djendouba,23.7,Ouled Ayar,21.2,Drid,36.0,Ouled Ayar,1881 Lasailly,21.2,Djendouba,23.7,3,1
TN245553,Dokhania,El Krib,Siliana,64.49,Ouled Aoun,19.7,Ouled Ayar,18.2,Drid,14.9,Drid,1881 Martel (1965),14.9,Ouled Ayar,18.2,3,1
TN245551,El Krib Nord,El Krib,Siliana,27.13,Zouagha,23.0,Ouled Ayar,18.4,Drid,24.8,Ouled Ayar,1881 Lasailly,18.4,Zouagha,23.0,3,1
TN245552,El Krib Sud,El Krib,Siliana,67.26,Ouled Aoun,24.3,Ouled Ayar,13.5,Drid,20.4,Ouled Ayar,1881 Lasailly,13.5,Drid,20.4,3,1
TN245554,Hammam Biadha Nord,El Krib,Siliana,54.44,Djendouba,9.9,Djendouba,13.3,Drid,37.9,Djendouba,1853 Pellissier,9.9,Ouled bou Salem,12.3,3,2
TN245555,Hammam Biadha Sud,El Krib,Siliana,79.39,Djendouba,16.8,Djendouba,19.2,Drid,31.9,Djendouba,1853 Pellissier,16.8,Ouled bou Salem,18.6,3,2
TN245454,Ain Zerig,Gaafour,Siliana,142.97,Ouled Aoun,9.4,Ouled Aoun,14.5,Drid,14.0,Ouled Aoun,1853 Pellissier,9.4,Drid,14.0,3,2
TN245455,El Ahouez Nord,Gaafour,Siliana,84.72,Ouled Aoun,5.3,Riah,17.9,Drid,4.2,Drid,1881 Martel (1965),4.2,Ouled Aoun,5.3,3,1
TN245456,El Ahouez Sud,Gaafour,Siliana,81.82,Ouled Aoun,10.9,Ouled Ayar,15.0,Drid,9.5,Drid,1881 Martel (1965),9.5,Ouled Aoun,10.9,3,1
TN245457,El Aksab,Gaafour,Siliana,82.1,Ouled Aoun,17.0,Ouled Ayar,8.8,Drid,17.3,Ouled Ayar,1881 Lasailly,8.8,Ouled Aoun,17.0,3,1
TN245453,El Khouat,Gaafour,Siliana,32.3,Ouled Aoun,17.7,Ouled Ayar,9.6,Drid,15.5,Ouled Ayar,1881 Lasailly,9.6,Drid,15.5,3,1
TN245451,Gaafour Est,Gaafour,Siliana,14.2,Ouled Aoun,11.7,Ouled Ayar,22.8,Drid,6.0,Drid,1881 Martel (1965),6.0,Ouled Aoun,11.7,3,1
TN245452,Gaafour Ouest,Gaafour,Siliana,22.99,Ouled Aoun,13.6,Ouled Ayar,20.1,Drid,8.4,Drid,1881 Martel (1965),8.4,Ouled Aoun,13.6,3,1
TN245955,Bou Abdallah,Kesra,Siliana,47.26,Zlass,34.5,Ouled Aoun,22.6,Ouled Aoun,16.9,Ouled Aoun,1881 Martel (1965),16.9,Zlass,28.9,3,2
TN245958,El Foudhoul,Kesra,Siliana,56.25,Zlass,37.2,Zlass,12.6,Ouled Aoun,33.3,Zlass,1881 Lasailly,12.6,Ouled Aoun,33.3,3,2
TN245952,El Hammam,Kesra,Siliana,58.54,Ouled Yakoub,35.2,Zlass,26.0,Ouled Aoun,24.9,Ouled Aoun,1881 Martel (1965),24.9,Zlass,26.0,3,1
TN245956,El Karia Nord,Kesra,Siliana,33.33,Zlass,33.8,Zlass,17.4,Ouled Aoun,28.3,Zlass,1881 Lasailly,17.4,Ouled Aoun,28.3,3,2
TN245957,El Karia Sud,Kesra,Siliana,28.18,Zlass,29.2,Zlass,16.7,Ouled Aoun,30.4,Zlass,1881 Lasailly,16.7,Ouled Aoun,30.4,3,2
TN245959,El Louza,Kesra,Siliana,83.61,Ouled Yakoub,37.9,Zlass,20.3,Ouled Ayar,29.8,Zlass,1881 Lasailly,20.3,Ouled Ayar,29.8,3,1
TN245953,El Mansoura Nord,Kesra,Siliana,36.79,Zlass,29.6,Zlass,25.1,Ouled Aoun,21.8,Ouled Aoun,1881 Martel (1965),21.8,Zlass,25.1,3,1
TN245954,El Mansoura Sud,Kesra,Siliana,19.53,Zlass,30.2,Zlass,21.2,Ouled Aoun,25.3,Zlass,1881 Lasailly,21.2,Ouled Aoun,25.3,3,2
TN245951,Kesra,Kesra,Siliana,75.98,Zlass,39.9,Zlass,20.9,Ouled Aoun,26.0,Zlass,1881 Lasailly,20.9,Ouled Aoun,26.0,3,2
TN246152,Bou Jlida,Laroussa,Siliana,66.33,Ouled Aoun,17.9,Riah,16.8,Drid,16.9,Riah,1881 Lasailly,16.8,Drid,16.9,3,1
TN246151,El Aroussa,Laroussa,Siliana,110.17,Ouled Aoun,12.9,Riah,17.1,Drid,10.3,Drid,1881 Martel (1965),10.3,Ouled Aoun,12.9,3,1
TN246153,Er Remil,Laroussa,Siliana,89.41,Ouled Aoun,8.6,Riah,6.4,Drid,11.8,Riah,1881 Lasailly,6.4,Ouled Aoun,8.6,3,1
TN246154,Mousrata,Laroussa,Siliana,42.8,Ouled Aoun,4.2,Riah,12.4,Drid,5.2,Ouled Aoun,1853 Pellissier,4.2,Drid,5.2,3,1
TN246155,Sidi Ayed,Laroussa,Siliana,51.9,Ouled Aoun,10.8,Riah,20.3,Drid,5.4,Drid,1881 Martel (1965),5.4,Ouled Aoun,10.8,3,1
TN245756,Beni Hazem,Makthar,Siliana,33.68,Ouled Yakoub,15.2,Ouartan,22.4,Ouled Ayar,9.6,Ouled Ayar,1881 Martel (1965),9.6,Ouled Yakoub,15.2,3,1
TN245755,Bez,Makthar,Siliana,56.32,Ouled Yakoub,18.5,Ouartan,30.0,Ouled Ayar,17.3,Ouled Ayar,1881 Martel (1965),17.3,Ouled Yakoub,18.5,3,1
TN245759,Chouarnia,Makthar,Siliana,27.29,Ouled Yakoub,15.5,Ouled Ayar,25.0,Ouled Ayar,20.1,Ouled Yakoub,1853 Pellissier,15.5,Ouled Ayar,20.1,3,1
TN245754,El Garaa,Makthar,Siliana,35.59,Ouled Yakoub,29.0,Ouled Aoun,29.8,Ouled Aoun,21.9,Ouled Aoun,1881 Martel (1965),21.9,Ouled Ayar,27.1,3,2
TN245751,Makthar Nord,Makthar,Siliana,4.68,Ouled Yakoub,24.1,Ouartan,33.4,Ouled Ayar,20.4,Ouled Ayar,1881 Martel (1965),20.4,Ouled Yakoub,24.1,3,1
TN245752,Makthar Sud,Makthar,Siliana,2.81,Ouled Yakoub,25.5,Zlass,33.7,Ouled Ayar,21.4,Ouled Ayar,1881 Martel (1965),21.4,Ouled Yakoub,25.5,3,1
TN245757,Ras El Ouedi,Makthar,Siliana,18.96,Ouled Yakoub,20.4,Ouartan,28.3,Ouled Ayar,15.3,Ouled Ayar,1881 Martel (1965),15.3,Ouled Yakoub,20.4,3,1
TN245758,Saddine,Makthar,Siliana,37.13,Ouled Yakoub,19.8,Ouartan,21.3,Ouled Ayar,8.8,Ouled Ayar,1881 Martel (1965),8.8,Ouled Yakoub,19.8,3,1
TN245753,Sayar,Makthar,Siliana,39.0,Ouled Yakoub,27.7,Zlass,31.7,Ouled Ayar,23.2,Ouled Ayar,1881 Martel (1965),23.2,Ouled Aoun,27.2,3,1
TN245760,Sened El Haddad,Makthar,Siliana,20.81,Ouled Yakoub,22.2,Ouled Ayar,28.9,Ouled Ayar,22.8,Ouled Yakoub,1853 Pellissier,22.2,Ouled Ayar,22.8,3,1
TN245761,Soualem,Makthar,Siliana,71.04,Ouled Yakoub,29.0,Zlass,29.2,Ouled Ayar,21.6,Ouled Ayar,1881 Martel (1965),21.6,Ouled Yakoub,29.0,3,1
TN245860,Bou-Ajila,Rouhia,Siliana,65.62,Mejers,37.2,Zlass,24.4,Ouled Ayar,26.7,Zlass,1881 Lasailly,24.4,Ouled Ayar,26.7,3,1
TN245851,El Hababsa Nord,Rouhia,Siliana,138.11,Mejers,31.5,Zlass,14.9,Ouled Ayar,39.8,Zlass,1881 Lasailly,14.9,Mejers,31.5,3,1
TN245852,El Hababsa Sud,Rouhia,Siliana,98.98,Mejers,34.0,Zlass,9.5,Ouled Ayar,49.3,Zlass,1881 Lasailly,9.5,Mejers,34.0,3,1
TN245859,El Hamaima,Rouhia,Siliana,37.44,Ouled Yakoub,33.8,Mejers,21.8,Ouled Ayar,18.9,Ouled Ayar,1881 Martel (1965),18.9,Mejers,21.8,3,1
TN245857,El Haria,Rouhia,Siliana,27.94,Ouled Yakoub,28.5,Ouartan,22.6,Ouled Ayar,14.2,Ouled Ayar,1881 Martel (1965),14.2,Ouartan,22.6,3,1
TN245853,El Jamilet,Rouhia,Siliana,77.43,Mejers,39.5,Zlass,16.5,Ouled Ayar,32.6,Zlass,1881 Lasailly,16.5,Ouled Ayar,32.6,3,1
TN245856,El Messahla,Rouhia,Siliana,41.77,Ouled Yakoub,23.8,Ouartan,24.5,Ouled Ayar,12.6,Ouled Ayar,1881 Martel (1965),12.6,Ouled Yakoub,23.8,3,1
TN245858,Er-Rouhia,Rouhia,Siliana,79.43,Ouled Yakoub,34.9,Mejers,27.7,Ouled Ayar,20.9,Ouled Ayar,1881 Martel (1965),20.9,Mejers,27.7,3,1
TN245855,Es-Semirat Sud,Rouhia,Siliana,35.26,Ouled Yakoub,35.5,Zlass,23.7,Ouled Ayar,24.8,Zlass,1881 Lasailly,23.7,Ouled Ayar,24.8,3,1
TN245854,Es-Semiret Nord,Rouhia,Siliana,60.1,Ouled Yakoub,29.5,Ouartan,29.3,Ouled Ayar,18.1,Ouled Ayar,1881 Martel (1965),18.1,Ouartan,29.3,3,1
TN245158,Ain Ed-Dissa,Siliana Nord,Siliana,21.83,Ouled Yakoub,26.3,Ouled Aoun,26.5,Ouled Aoun,18.7,Ouled Aoun,1881 Martel (1965),18.7,Ouled Yakoub,26.3,3,2
TN245153,El Arab,Siliana Nord,Siliana,76.87,Ouled Aoun,17.9,Ouled Aoun,5.8,Ouled Aoun,10.1,Ouled Aoun,1881 Lasailly,5.8,Riah,19.9,3,3
TN245156,El Jouii,Siliana Nord,Siliana,67.34,Ouled Yakoub,24.5,Ouled Ayar,12.9,Ouled Aoun,20.5,Ouled Ayar,1881 Lasailly,12.9,Ouled Aoun,20.5,3,1
TN245157,El Khalsa,Siliana Nord,Siliana,53.26,Ouled Yakoub,20.5,Ouled Ayar,23.1,Ouled Aoun,22.6,Ouled Yakoub,1853 Pellissier,20.5,Ouled Aoun,22.6,3,1
TN245154,Jema,Siliana Nord,Siliana,113.29,Ouled Aoun,23.1,Ouled Ayar,15.4,Ouled Aoun,12.6,Ouled Aoun,1881 Martel (1965),12.6,Ouled Ayar,15.4,3,2
TN245155,Massouj,Siliana Nord,Siliana,42.21,Ouled Yakoub,26.4,Ouled Ayar,19.6,Ouled Aoun,16.2,Ouled Aoun,1881 Martel (1965),16.2,Ouled Ayar,19.6,3,1
TN245152,Siliana Nord,Siliana Nord,Siliana,9.54,Ouled Aoun,20.3,Ouled Aoun,9.9,Ouled Aoun,8.6,Ouled Aoun,1881 Martel (1965),8.6,Ouled Ayar,20.7,3,3
TN245151,Siliana Ville,Siliana Nord,Siliana,1.99,Ouled Aoun,21.5,Ouled Aoun,11.0,Ouled Aoun,8.5,Ouled Aoun,1881 Martel (1965),8.5,Ouled Ayar,19.9,3,3
TN245259,El Kabel,Siliana Sud,Siliana,71.72,Ouled Aoun,30.5,Ouled Aoun,10.1,Ouled Aoun,2.9,Ouled Aoun,1881 Martel (1965),2.9,Ouled Ayar,29.8,3,3
TN245253,Es-Sefina,Siliana Sud,Siliana,99.95,Ouled Yakoub,34.2,Ouled Aoun,24.1,Ouled Aoun,16.3,Ouled Aoun,1881 Martel (1965),16.3,Zlass,33.3,3,2
TN245252,Marj Mokaddem,Siliana Sud,Siliana,39.9,Ouled Yakoub,29.4,Ouled Aoun,21.5,Ouled Aoun,13.9,Ouled Aoun,1881 Martel (1965),13.9,Ouled Ayar,24.1,3,2
TN245258,Ouled Zenag,Siliana Sud,Siliana,58.4,Ouled Aoun,37.1,Ouled Aoun,15.6,Ouled Aoun,9.4,Ouled Aoun,1881 Martel (1965),9.4,Ouled Ayar,34.9,3,3
TN245257,Sejja,Siliana Sud,Siliana,58.87,Ouled Aoun,25.3,Ouled Aoun,4.2,Ouled Aoun,3.7,Ouled Aoun,1881 Martel (1965),3.7,Riah,26.2,3,3
TN245256,Sidi Hmada,Siliana Sud,Siliana,39.81,Zlass,31.0,Ouled Aoun,12.3,Ouled Aoun,13.1,Ouled Aoun,1881 Lasailly,12.3,Zlass,31.0,3,2
TN245255,Sidi Mansour,Siliana Sud,Siliana,59.16,Ouled Aoun,29.9,Ouled Aoun,15.5,Ouled Aoun,8.3,Ouled Aoun,1881 Martel (1965),8.3,Ouled Ayar,22.6,3,3
TN245254,Sidi Morched,Siliana Sud,Siliana,63.18,Zlass,31.0,Ouled Aoun,15.4,Ouled Aoun,13.0,Ouled Aoun,1881 Martel (1965),13.0,Zlass,31.0,3,2
TN245251,Siliana Sud,Siliana Sud,Siliana,2.19,Ouled Aoun,22.5,Ouled Aoun,10.1,Ouled Aoun,7.1,Ouled Aoun,1881 Martel (1965),7.1,Ouled Ayar,21.2,3,3
TN315651,Akouda Est,Akouda,Sousse,2.97,Ouled Saïd,39.3,Souassi,41.3,Ouled Saïd,38.8,Ouled Saïd,1881 Martel (1965),38.8,Zlass,40.2,3,2
TN315652,Akouda Ouest,Akouda,Sousse,5.13,Ouled Saïd,38.1,Souassi,39.9,Ouled Saïd,37.4,Ouled Saïd,1881 Martel (1965),37.4,Zlass,38.8,3,2
TN315654,Chott Er-Romane,Akouda,Sousse,6.69,Ouled Saïd,40.3,Souassi,41.3,Zlass,37.9,Zlass,1881 Martel (1965),37.9,Ouled Saïd,39.1,3,1
TN315653,Chott Meriam,Akouda,Sousse,10.3,Ouled Saïd,33.0,Souassi,36.3,Ouled Saïd,33.2,Ouled Saïd,1853 Pellissier,33.0,Souassi,36.3,3,2
TN315655,El Fokaia,Akouda,Sousse,11.34,Ouled Saïd,31.0,Souassi,34.0,Ouled Saïd,31.0,Ouled Saïd,1881 Martel (1965),31.0,Souassi,34.0,3,2
TN315656,Ettantana,Akouda,Sousse,8.34,Ouled Saïd,36.0,Souassi,38.7,Ouled Saïd,35.9,Ouled Saïd,1881 Martel (1965),35.9,Souassi,38.7,3,2
TN316156,Ain Errahma,Bouficha,Sousse,50.94,Ouled Saïd,13.9,Ouled Saïd,9.9,Ouled Saïd,21.7,Ouled Saïd,1881 Lasailly,9.9,Souassi,27.1,3,3
TN316151,Bouficha,Bouficha,Sousse,15.62,Ouled Saïd,21.8,Ouled Saïd,5.3,Ouled Saïd,29.8,Ouled Saïd,1881 Lasailly,5.3,Souassi,34.9,3,3
TN316157,El Methalit,Bouficha,Sousse,10.08,Ouled Saïd,11.2,Ouled Saïd,13.1,Ouled Saïd,18.7,Ouled Saïd,1853 Pellissier,11.2,Souassi,24.2,3,3
TN316154,Essafha,Bouficha,Sousse,40.01,Ouled Saïd,7.3,Ouled Saïd,12.4,Ouled Saïd,15.3,Ouled Saïd,1853 Pellissier,7.3,Souassi,20.6,3,3
TN316158,Esselloum,Bouficha,Sousse,21.37,Ouled Saïd,22.1,Ouled Saïd,8.2,Ouled Saïd,30.0,Ouled Saïd,1881 Lasailly,8.2,Souassi,35.3,3,3
TN316152,Oued El Kharroub,Bouficha,Sousse,17.9,Ouled Saïd,17.7,Ouled Saïd,1.2,Ouled Saïd,25.6,Ouled Saïd,1881 Lasailly,1.2,Souassi,30.4,3,3
TN316153,Sidi Khalifa,Bouficha,Sousse,31.65,Ouled Saïd,16.4,Ouled Saïd,5.1,Ouled Saïd,24.4,Ouled Saïd,1881 Lasailly,5.1,Souassi,29.5,3,3
TN316159,Sidi M'Tir,Bouficha,Sousse,28.1,Ouled Saïd,28.3,Ouled Saïd,10.5,Ouled Saïd,36.4,Ouled Saïd,1881 Lasailly,10.5,Souassi,41.4,3,3
TN316155,Sidi Said,Bouficha,Sousse,45.54,Ouled Saïd,24.2,Ouled Saïd,5.3,Ouled Saïd,32.0,Ouled Saïd,1881 Lasailly,5.3,Souassi,36.8,3,3
TN316060,Ain Medhaker,Enfidha,Sousse,50.34,Ouled Saïd,4.6,Ouled Saïd,15.6,Ouled Saïd,11.3,Ouled Saïd,1853 Pellissier,4.6,Souassi,15.9,3,3
TN316055,Chegarnia,Enfidha,Sousse,44.62,Ouled Saïd,11.2,Ouled Saïd,16.3,Ouled Saïd,17.8,Ouled Saïd,1853 Pellissier,11.2,Souassi,23.3,3,3
TN316052,El Frada,Enfidha,Sousse,36.32,Ouled Saïd,7.5,Souassi,12.2,Ouled Saïd,7.4,Ouled Saïd,1881 Martel (1965),7.4,Souassi,12.2,3,2
TN316059,El Garci,Enfidha,Sousse,19.07,Ouled Saïd,4.5,Souassi,9.7,Ouled Saïd,5.3,Ouled Saïd,1853 Pellissier,4.5,Souassi,9.7,3,2
TN316051,Enfidha,Enfidha,Sousse,83.99,Ouled Saïd,12.4,Souassi,20.8,Ouled Saïd,15.8,Ouled Saïd,1853 Pellissier,12.4,Souassi,20.8,3,2
TN316053,Gerimet Est,Enfidha,Sousse,17.6,Ouled Saïd,7.1,Souassi,7.6,Ouled Saïd,2.5,Ouled Saïd,1881 Martel (1965),2.5,Souassi,7.6,3,2
TN316054,Gerimet Ouest,Enfidha,Sousse,21.17,Ouled Saïd,11.4,Souassi,3.9,Ouled Saïd,3.6,Ouled Saïd,1881 Martel (1965),3.6,Souassi,3.9,3,2
TN316061,Hicher,Enfidha,Sousse,30.59,Ouled Saïd,7.2,Souassi,6.5,Ouled Saïd,3.1,Ouled Saïd,1881 Martel (1965),3.1,Souassi,6.5,3,2
TN316063,M'Rabet Hached,Enfidha,Sousse,22.25,Ouled Saïd,10.5,Souassi,9.6,Ouled Saïd,6.3,Ouled Saïd,1881 Martel (1965),6.3,Souassi,9.6,3,2
TN316062,Menzel Dar Belouar,Enfidha,Sousse,23.86,Ouled Saïd,13.3,Souassi,13.4,Ouled Saïd,10.5,Ouled Saïd,1881 Martel (1965),10.5,Souassi,13.4,3,2
TN316058,Menzel Fateh,Enfidha,Sousse,10.76,Ouled Saïd,2.1,Souassi,12.5,Ouled Saïd,7.1,Ouled Saïd,1853 Pellissier,2.1,Souassi,12.5,3,2
TN316056,Ouled Abdellah,Enfidha,Sousse,14.95,Ouled Saïd,5.0,Souassi,17.3,Ouled Saïd,11.8,Ouled Saïd,1853 Pellissier,5.0,Souassi,17.3,3,2
TN316057,Takrouna,Enfidha,Sousse,2.35,Ouled Saïd,2.5,Souassi,15.0,Ouled Saïd,9.6,Ouled Saïd,1853 Pellissier,2.5,Souassi,15.0,3,2
TN315553,Bir Moussa,Hammam Sousse,Sousse,2.45,Ouled Saïd,42.3,Souassi,44.4,Ouled Saïd,41.9,Ouled Saïd,1881 Martel (1965),41.9,Zlass,42.5,3,2
TN315555,El Gharabi,Hammam Sousse,Sousse,1.05,Ouled Saïd,42.0,Souassi,43.6,Zlass,40.7,Zlass,1881 Martel (1965),40.7,Ouled Saïd,41.3,3,1
TN315552,El Kantaoui,Hammam Sousse,Sousse,8.22,Ouled Saïd,39.1,Souassi,41.6,Ouled Saïd,38.9,Ouled Saïd,1881 Martel (1965),38.9,Zlass,41.5,3,2
TN315551,El Medina,Hammam Sousse,Sousse,1.05,Ouled Saïd,41.9,Souassi,43.7,Ouled Saïd,41.3,Ouled Saïd,1881 Martel (1965),41.3,Zlass,41.3,3,2
TN315554,Sahloul,Hammam Sousse,Sousse,5.23,Ouled Saïd,42.4,Souassi,43.7,Zlass,40.2,Zlass,1881 Martel (1965),40.2,Ouled Saïd,41.5,3,1
TN315952,El Aribet,Hergla,Sousse,26.15,Ouled Saïd,19.7,Souassi,24.9,Ouled Saïd,20.9,Ouled Saïd,1853 Pellissier,19.7,Souassi,24.9,3,2
TN315953,Essouieh,Hergla,Sousse,35.11,Ouled Saïd,16.4,Souassi,19.9,Ouled Saïd,16.2,Ouled Saïd,1881 Martel (1965),16.2,Souassi,19.9,3,2
TN315951,Hergla,Hergla,Sousse,34.2,Ouled Saïd,22.8,Souassi,28.7,Ouled Saïd,24.6,Ouled Saïd,1853 Pellissier,22.8,Souassi,28.7,3,2
TN315756,Balaoum,Kalaa Kebira,Sousse,92.01,Ouled Saïd,33.4,Souassi,29.5,Zlass,22.0,Zlass,1881 Martel (1965),22.0,Ouled Saïd,29.3,3,1
TN315751,El Jarabaa,Kalaa Kebira,Sousse,24.35,Ouled Saïd,38.6,Souassi,37.7,Zlass,31.9,Zlass,1881 Martel (1965),31.9,Ouled Saïd,36.3,3,1
TN315755,Essed Ouest,Kalaa Kebira,Sousse,22.14,Ouled Saïd,26.8,Souassi,24.7,Ouled Saïd,23.5,Ouled Saïd,1881 Martel (1965),23.5,Souassi,24.7,3,2
TN315754,Ouled Mhamed,Kalaa Kebira,Sousse,33.04,Ouled Saïd,36.2,Souassi,34.6,Zlass,28.8,Zlass,1881 Martel (1965),28.8,Ouled Saïd,33.4,3,1
TN315753,Zearna Est,Kalaa Kebira,Sousse,30.8,Ouled Saïd,34.0,Souassi,35.4,Ouled Saïd,33.1,Ouled Saïd,1881 Martel (1965),33.1,Souassi,35.4,3,2
TN315752,Zearna Ouest,Kalaa Kebira,Sousse,36.04,Ouled Saïd,32.1,Souassi,31.6,Ouled Saïd,29.9,Ouled Saïd,1881 Martel (1965),29.9,Zlass,30.1,3,2
TN316554,En-Nagr,Kalaa Sghira,Sousse,16.48,Ouled Saïd,42.9,Souassi,41.3,Zlass,32.4,Zlass,1881 Martel (1965),32.4,Ouled Saïd,40.2,3,1
TN316551,Kalaa Seghira Est,Kalaa Sghira,Sousse,9.77,Ouled Saïd,44.6,Souassi,45.2,Zlass,39.7,Zlass,1881 Martel (1965),39.7,Ouled Saïd,43.3,3,1
TN316552,Kalaa Seghira Hached,Kalaa Sghira,Sousse,14.73,Ouled Saïd,41.4,Souassi,41.4,Zlass,35.7,Zlass,1881 Martel (1965),35.7,Ouled Saïd,39.6,3,1
TN316553,Kalaa Seghira Ville,Kalaa Sghira,Sousse,9.79,Ouled Saïd,44.2,Souassi,43.9,Zlass,36.8,Zlass,1881 Martel (1965),36.8,Ouled Saïd,42.3,3,1
TN316555,Oued Leya,Kalaa Sghira,Sousse,51.76,Ouled Saïd,42.2,Souassi,38.6,Zlass,25.9,Zlass,1881 Martel (1965),25.9,Ouled Saïd,38.4,3,1
TN316254,Bechachma,Kondar,Sousse,33.79,Zlass,35.8,Souassi,29.0,Zlass,4.7,Zlass,1881 Martel (1965),4.7,Souassi,29.0,3,2
TN316253,Belalma,Kondar,Sousse,24.27,Ouled Saïd,27.4,Souassi,19.2,Zlass,15.0,Zlass,1881 Martel (1965),15.0,Souassi,19.2,3,1
TN316252,Bir El Jedid,Kondar,Sousse,22.37,Ouled Saïd,32.6,Souassi,22.8,Zlass,9.0,Zlass,1881 Martel (1965),9.0,Souassi,22.8,3,1
TN316256,Gmata,Kondar,Sousse,19.81,Ouled Saïd,21.3,Souassi,17.9,Ouled Saïd,17.0,Ouled Saïd,1881 Martel (1965),17.0,Souassi,17.9,3,2
TN316251,Kondar,Kondar,Sousse,33.05,Ouled Saïd,23.8,Souassi,17.5,Ouled Saïd,18.1,Souassi,1881 Lasailly,17.5,Ouled Saïd,18.1,3,1
TN316257,Ouled Ameur,Kondar,Sousse,14.01,Ouled Saïd,15.1,Souassi,11.0,Ouled Saïd,9.9,Ouled Saïd,1881 Martel (1965),9.9,Souassi,11.0,3,2
TN316255,Ouled El Abed,Kondar,Sousse,31.03,Ouled Saïd,19.6,Souassi,13.5,Ouled Saïd,13.8,Souassi,1881 Lasailly,13.5,Ouled Saïd,13.8,3,1
TN316465,Beni Khalthoum,M'Saken,Sousse,16.69,Oulad Amer,42.3,M'Talith,53.1,Souassi,32.1,Souassi,1881 Martel (1965),32.1,Oulad Amer,42.3,3,1
TN316464,Beni Rabiaa,M'Saken,Sousse,12.06,Oulad Amer,40.2,M'Talith,51.6,Souassi,32.6,Souassi,1881 Martel (1965),32.6,Oulad Amer,40.2,3,1
TN316463,Borgine,M'Saken,Sousse,36.81,Oulad Amer,34.7,M'Talith,46.2,Souassi,28.9,Souassi,1881 Martel (1965),28.9,Oulad Amer,34.7,3,1
TN316462,El Frady,M'Saken,Sousse,13.77,Oulad Amer,29.0,M'Talith,40.4,Souassi,24.8,Souassi,1881 Martel (1965),24.8,Oulad Amer,29.0,3,1
TN316458,El Gharbine,M'Saken,Sousse,0.49,Oulad Amer,45.1,Souassi,52.5,Souassi,37.7,Souassi,1881 Martel (1965),37.7,Zlass,40.5,3,2
TN316460,El Kebline,M'Saken,Sousse,12.89,Oulad Amer,45.9,Souassi,56.6,Souassi,35.7,Souassi,1881 Martel (1965),35.7,Zlass,44.9,3,2
TN316459,El Kenaies,M'Saken,Sousse,69.43,Oulad Amer,33.7,M'Talith,46.1,Souassi,32.1,Souassi,1881 Martel (1965),32.1,Oulad Amer,33.7,3,1
TN316461,Ennour,M'Saken,Sousse,5.68,Oulad Amer,47.9,Souassi,53.3,Souassi,39.1,Souassi,1881 Martel (1965),39.1,Zlass,42.9,3,2
TN316451,Ettouara Nord,M'Saken,Sousse,2.08,Oulad Amer,47.6,Souassi,51.8,Souassi,39.8,Souassi,1881 Martel (1965),39.8,Zlass,41.4,3,2
TN316452,Ettouara Sud,M'Saken,Sousse,0.25,Oulad Amer,46.0,Souassi,52.0,Souassi,38.6,Souassi,1881 Martel (1965),38.6,Zlass,40.6,3,2
TN316455,Habib Thameur,M'Saken,Sousse,82.11,Oulad Amer,43.0,Souassi,46.2,Zlass,32.2,Zlass,1881 Martel (1965),32.2,Souassi,41.1,3,1
TN316454,Jebline,M'Saken,Sousse,0.33,Oulad Amer,45.6,Souassi,52.1,Souassi,38.3,Souassi,1881 Martel (1965),38.3,Zlass,40.3,3,2
TN316453,Jedidine,M'Saken,Sousse,10.85,Oulad Amer,48.4,Souassi,49.6,Zlass,39.6,Zlass,1881 Martel (1965),39.6,Souassi,41.6,3,1
TN316467,Messadine,M'Saken,Sousse,5.69,Oulad Amer,50.3,Souassi,51.0,Souassi,42.1,Souassi,1881 Martel (1965),42.1,Zlass,42.1,3,2
TN316457,Mneaema,M'Saken,Sousse,22.63,Oulad Amer,40.9,Souassi,51.8,Souassi,36.1,Souassi,1881 Martel (1965),36.1,Zlass,37.1,3,2
TN316456,Mouredine,M'Saken,Sousse,27.88,Ouled Saïd,47.0,Souassi,45.4,Zlass,34.7,Zlass,1881 Martel (1965),34.7,Souassi,43.7,3,1
TN316466,Nejajra,M'Saken,Sousse,14.59,Oulad Amer,41.5,M'Talith,53.1,Souassi,34.5,Souassi,1881 Martel (1965),34.5,Zlass,40.4,3,1
TN315854,Ech-Chouicha,Sidi Bou Ali,Sousse,17.39,Ouled Saïd,21.7,Souassi,20.5,Ouled Saïd,18.7,Ouled Saïd,1881 Martel (1965),18.7,Souassi,20.5,3,2
TN315853,Essed Nord (Essateh),Sidi Bou Ali,Sousse,16.24,Ouled Saïd,24.4,Souassi,24.7,Ouled Saïd,22.5,Ouled Saïd,1881 Martel (1965),22.5,Souassi,24.7,3,2
TN315852,Essed Sud,Sidi Bou Ali,Sousse,13.71,Ouled Saïd,26.9,Souassi,26.5,Ouled Saïd,24.6,Ouled Saïd,1881 Martel (1965),24.6,Souassi,26.5,3,2
TN315857,Mehadhba,Sidi Bou Ali,Sousse,25.02,Ouled Saïd,22.5,Souassi,24.9,Ouled Saïd,21.9,Ouled Saïd,1881 Martel (1965),21.9,Souassi,24.9,3,2
TN315856,Menzel El Mahatta,Sidi Bou Ali,Sousse,28.09,Ouled Saïd,17.1,Souassi,17.1,Ouled Saïd,14.6,Ouled Saïd,1881 Martel (1965),14.6,Souassi,17.1,3,2
TN315855,Ouriemma,Sidi Bou Ali,Sousse,8.09,Ouled Saïd,28.9,Souassi,29.5,Ouled Saïd,27.3,Ouled Saïd,1881 Martel (1965),27.3,Souassi,29.5,3,2
TN315851,Sidi Bou Ali,Sidi Bou Ali,Sousse,20.98,Ouled Saïd,27.0,Souassi,29.5,Ouled Saïd,26.6,Ouled Saïd,1881 Martel (1965),26.6,Souassi,29.5,3,2
TN316356,Kroussia Centrale,Sidi El Heni,Sousse,50.44,Zlass,37.8,Souassi,38.4,Zlass,19.3,Zlass,1881 Martel (1965),19.3,Souassi,38.4,3,2
TN316355,Kroussia Ouest,Sidi El Heni,Sousse,97.77,Zlass,33.9,Souassi,34.6,Zlass,11.0,Zlass,1881 Martel (1965),11.0,Souassi,34.6,3,2
TN316354,Ouled Ali Belhani,Sidi El Heni,Sousse,27.91,Zlass,35.5,Souassi,43.5,Zlass,22.4,Zlass,1881 Martel (1965),22.4,Oulad Amer,37.5,3,2
TN316351,Sidi El Heni Centre,Sidi El Heni,Sousse,19.2,Zlass,30.6,Souassi,41.9,Zlass,17.3,Zlass,1881 Martel (1965),17.3,Oulad Amer,37.4,3,2
TN316352,Sidi El Heni Ouest,Sidi El Heni,Sousse,18.62,Zlass,27.8,Souassi,41.0,Zlass,14.0,Zlass,1881 Martel (1965),14.0,Oulad Amer,38.3,3,2
TN316353,Sidi El Heni Sud,Sidi El Heni,Sousse,106.98,Zlass,28.8,M'Talith,43.6,Zlass,25.0,Zlass,1881 Martel (1965),25.0,Oulad Amer,29.7,3,2
TN315354,Bou Hassina,Sousse Jaouhara,Sousse,2.89,Ouled Saïd,46.6,Souassi,47.8,Zlass,42.6,Zlass,1881 Martel (1965),42.6,Ouled Saïd,45.6,3,1
TN315352,Hached,Sousse Jaouhara,Sousse,2.07,Ouled Saïd,46.2,Souassi,47.7,Zlass,43.5,Zlass,1881 Martel (1965),43.5,Ouled Saïd,45.5,3,1
TN315353,Hedi Chaker,Sousse Jaouhara,Sousse,2.3,Ouled Saïd,47.6,Souassi,48.9,Zlass,43.5,Zlass,1881 Martel (1965),43.5,Ouled Saïd,46.7,3,1
TN315355,Mohamed El Karoui,Sousse Jaouhara,Sousse,0.87,Ouled Saïd,46.2,Souassi,47.9,Zlass,44.1,Zlass,1881 Martel (1965),44.1,Ouled Saïd,45.6,3,1
TN315351,Oued Blibane,Sousse Jaouhara,Sousse,2.4,Ouled Saïd,44.2,Souassi,45.9,Zlass,42.4,Zlass,1881 Martel (1965),42.4,Ouled Saïd,43.5,3,1
TN315356,Sahloul,Sousse Jaouhara,Sousse,3.33,Ouled Saïd,44.6,Souassi,46.0,Zlass,41.9,Zlass,1881 Martel (1965),41.9,Ouled Saïd,43.8,3,1
TN315153,Ali Belhouan,Sousse Médina,Sousse,1.06,Ouled Saïd,48.7,Souassi,50.5,Zlass,45.7,Zlass,1881 Martel (1965),45.7,Souassi,47.6,3,1
TN315151,Bou Jaafer,Sousse Médina,Sousse,1.28,Ouled Saïd,46.0,Souassi,48.0,Zlass,44.6,Zlass,1881 Martel (1965),44.6,Ouled Saïd,45.5,3,1
TN315152,El Medina,Sousse Médina,Sousse,0.43,Ouled Saïd,47.8,Souassi,49.6,Zlass,45.2,Zlass,1881 Martel (1965),45.2,Ouled Saïd,47.2,3,1
TN315155,Khezama,Sousse Médina,Sousse,2.77,Ouled Saïd,43.8,Souassi,45.8,Zlass,43.3,Zlass,1881 Martel (1965),43.3,Ouled Saïd,43.4,3,1
TN315154,Mohamed Maarouf,Sousse Médina,Sousse,1.13,Ouled Saïd,47.8,Souassi,49.8,Zlass,45.9,Zlass,1881 Martel (1965),45.9,Ouled Saïd,47.4,3,1
TN315255,Cite Er-Riadh,Sousse Riadh,Sousse,2.2,Ouled Saïd,47.4,Souassi,47.9,Zlass,41.1,Zlass,1881 Martel (1965),41.1,Souassi,45.9,3,1
TN315256,El Ahd El Jadid,Sousse Riadh,Sousse,4.18,Ouled Saïd,46.4,Souassi,47.2,Zlass,41.3,Zlass,1881 Martel (1965),41.3,Ouled Saïd,45.2,3,1
TN315254,Ezzouhour,Sousse Riadh,Sousse,3.71,Ouled Saïd,47.1,Souassi,47.2,Zlass,39.6,Zlass,1881 Martel (1965),39.6,Souassi,45.4,3,1
TN315452,Ibn Khaldoun,Sousse Sidi Abdelhamid,Sousse,1.73,Ouled Saïd,49.4,Souassi,51.0,Zlass,45.6,Zlass,1881 Martel (1965),45.6,Souassi,46.6,3,1
TN315453,Ksibet Ech-Chatt,Sousse Sidi Abdelhamid,Sousse,5.53,Ouled Saïd,52.2,Souassi,53.7,Souassi,44.6,Souassi,1881 Martel (1965),44.6,Zlass,47.5,3,2
TN315454,Sidi Abdelhamid,Sousse Sidi Abdelhamid,Sousse,2.44,Ouled Saïd,52.1,Souassi,53.8,Souassi,45.3,Souassi,1881 Martel (1965),45.3,Zlass,48.1,3,2
TN315451,Taieb M'Hiri,Sousse Sidi Abdelhamid,Sousse,2.72,Ouled Saïd,48.6,Souassi,49.9,Zlass,44.5,Zlass,1881 Martel (1965),44.5,Souassi,46.8,3,1
TN316652,Ksibet Sousse,Zaouia Ksiba Thraya,Sousse,11.8,Oulad Amer,50.5,Souassi,53.5,Souassi,40.9,Souassi,1881 Martel (1965),40.9,Zlass,44.6,3,2
TN316653,Thrayet,Zaouia Ksiba Thraya,Sousse,9.05,M'Talith — Oulad Alia,50.1,Souassi,55.5,Souassi,41.3,Souassi,1881 Martel (1965),41.3,Zlass,47.5,3,2
TN316651,Zaouit Sousse,Zaouia Ksiba Thraya,Sousse,16.18,Ouled Saïd,50.0,Souassi,50.6,Zlass,43.4,Zlass,1881 Martel (1965),43.4,Souassi,44.2,3,1
TN535451,Bir Lahmar Est,Bir Lahmar,Tataouine,69.25,,,Ouerghemma,24.4,Ouerghemma,35.4,Ouerghemma,1881 Lasailly,24.4,Hazem,62.6,2,2
TN535452,Bir Lahmar Ouest,Bir Lahmar,Tataouine,15.55,,,Ouerghemma,25.2,Ouerghemma,45.4,Ouerghemma,1881 Lasailly,25.2,Hazem,58.3,2,2
TN535454,El Argoub,Bir Lahmar,Tataouine,20.31,,,Ouerghemma,35.7,Ouerghemma,51.5,Ouerghemma,1881 Lasailly,35.7,Hazem,65.7,2,2
TN535457,El Bassatine,Bir Lahmar,Tataouine,15.92,,,Ouerghemma,21.4,Ouerghemma,39.4,Ouerghemma,1881 Lasailly,21.4,Hazem,58.3,2,2
TN535456,El Medina,Bir Lahmar,Tataouine,56.78,,,Ouerghemma,29.6,Ouerghemma,39.0,Ouerghemma,1881 Lasailly,29.6,Hazem,65.9,2,2
TN535455,Grager,Bir Lahmar,Tataouine,37.26,,,Ouerghemma,33.5,Ouerghemma,46.8,Ouerghemma,1881 Lasailly,33.5,Hazem,66.1,2,2
TN535453,Sened,Bir Lahmar,Tataouine,29.29,,,Ouerghemma,28.7,Ouerghemma,47.2,Ouerghemma,1881 Lasailly,28.7,Hazem,60.8,2,2
TN535651,Dhehbia Est,Dhiba,Tataouine,1132.48,,,,,,,,,,,,0,0
TN535652,Dhehbia Ouest,Dhiba,Tataouine,1971.34,,,,,,,,,,,,0,0
TN535555,El Ferch,Ghomrassen,Tataouine,55.24,,,Ouerghemma,49.2,Ouerghemma,57.4,Ouerghemma,1881 Lasailly,49.2,Hazem,78.6,2,2
TN535554,El Ghordhab,Ghomrassen,Tataouine,91.71,,,Ouerghemma,34.3,Ouerghemma,36.6,Ouerghemma,1881 Lasailly,34.3,Hazem,71.5,2,2
TN535552,El Ouaha,Ghomrassen,Tataouine,0.8,,,Ouerghemma,40.2,Ouerghemma,52.9,Ouerghemma,1881 Lasailly,40.2,Hazem,70.1,2,2
TN535553,Ezzouhour,Ghomrassen,Tataouine,1.79,,,Ouerghemma,40.2,Ouerghemma,53.6,Ouerghemma,1881 Lasailly,40.2,Hazem,69.7,2,2
TN535551,Ghomrassen,Ghomrassen,Tataouine,1.16,,,Ouerghemma,39.6,Ouerghemma,52.0,Ouerghemma,1881 Lasailly,39.6,Hazem,70.0,2,2
TN535556,Guermassa,Ghomrassen,Tataouine,319.98,,,Ouerghemma,54.3,,,Ouerghemma,1881 Lasailly,54.3,Merazig,62.9,1,1
TN535557,Ksar El Haddada,Ghomrassen,Tataouine,47.87,,,Ouerghemma,36.2,Ouerghemma,55.0,Ouerghemma,1881 Lasailly,36.2,Hazem,64.0,2,2
TN535559,Ksar El Mourabitine,Ghomrassen,Tataouine,46.77,,,Ouerghemma,41.0,Ouerghemma,47.5,Ouerghemma,1881 Lasailly,41.0,Hazem,74.1,2,2
TN535558,Nouvelle Medina,Ghomrassen,Tataouine,114.13,,,Ouerghemma,42.6,Ouerghemma,59.8,Ouerghemma,1881 Lasailly,42.6,Hazem,68.5,2,2
TN535560,Oued El Khil,Ghomrassen,Tataouine,12.97,,,Ouerghemma,31.5,Ouerghemma,52.7,Ouerghemma,1881 Lasailly,31.5,Hazem,60.1,2,2
TN535755,Bir Amir,Remada,Tataouine,3588.66,,,,,,,,,,,,0,0
TN535756,Borj El Khadhra,Remada,Tataouine,10699.82,,,,,,,,,,,,0,0
TN535754,Kenbout,Remada,Tataouine,1090.24,,,,,,,,,,,,0,0
TN535757,Meghani,Remada,Tataouine,489.33,,,,,,,,,,,,0,0
TN535753,Nekrif,Remada,Tataouine,685.81,,,,,,,,,,,,0,0
TN535751,Remada Est,Remada,Tataouine,848.08,,,,,,,,,,,,0,0
TN535752,Remada Ouest,Remada,Tataouine,9769.73,,,,,,,,,,,,0,0
TN535358,Beni Mehira Est,Samar,Tataouine,241.08,,,,,,,,,,,,0,0
TN535353,El Ghariani,Samar,Tataouine,186.01,,,,,Ouerghemma,22.3,Ouerghemma,1881 Martel (1965),22.3,Hazem,104.7,1,1
TN535355,El Morra,Samar,Tataouine,393.92,,,,,,,,,,,,0,0
TN535354,Errahech,Samar,Tataouine,96.52,,,,,Ouerghemma,28.2,Ouerghemma,1881 Martel (1965),28.2,Hazem,109.3,1,1
TN535351,Kerchaou,Samar,Tataouine,122.24,,,Ouerghemma,47.6,Ouerghemma,18.4,Ouerghemma,1881 Martel (1965),18.4,Hazem,88.5,2,2
TN535356,Ksar Aoun,Samar,Tataouine,440.49,,,,,,,,,,,,0,0
TN535357,Ksar Mehira,Samar,Tataouine,342.61,,,,,,,,,,,,0,0
TN535352,Smar,Samar,Tataouine,167.09,,,Ouerghemma,56.1,Ouerghemma,15.2,Ouerghemma,1881 Martel (1965),15.2,Hazem,97.1,2,2
TN535165,Beni Belal,Tataouine Nord,Tataouine,83.11,,,Ouerghemma,53.6,Ouerghemma,36.5,Ouerghemma,1881 Martel (1965),36.5,Hazem,92.1,2,2
TN535155,Berourmet,Tataouine Nord,Tataouine,9.61,,,Ouerghemma,48.0,Ouerghemma,46.2,Ouerghemma,1881 Martel (1965),46.2,Hazem,82.7,2,2
TN535163,El Galaa Est,Tataouine Nord,Tataouine,392.06,,,,,,,,,,,,0,0
TN535164,El Galaa Ouest,Tataouine Nord,Tataouine,302.92,,,,,,,,,,,,0,0
TN535158,El Maouna,Tataouine Nord,Tataouine,135.63,,,Ouerghemma,43.2,Ouerghemma,25.6,Ouerghemma,1881 Martel (1965),25.6,Hazem,83.2,2,2
TN535153,En-Nasr,Tataouine Nord,Tataouine,0.66,,,Ouerghemma,51.3,Ouerghemma,47.9,Ouerghemma,1881 Martel (1965),47.9,Hazem,85.8,2,2
TN535151,En-Nozha,Tataouine Nord,Tataouine,0.76,,,Ouerghemma,51.5,Ouerghemma,48.4,Ouerghemma,1881 Martel (1965),48.4,Hazem,85.8,2,2
TN535162,Essaada,Tataouine Nord,Tataouine,156.9,,,,,Ouerghemma,34.6,Ouerghemma,1881 Martel (1965),34.6,Hazem,100.0,1,1
TN535152,Ettadhamen,Tataouine Nord,Tataouine,1.51,,,Ouerghemma,52.6,Ouerghemma,48.7,Ouerghemma,1881 Martel (1965),48.7,Hazem,87.1,2,2
TN535159,Ezzahra,Tataouine Nord,Tataouine,1325.19,,,,,,,,,,,,0,0
TN535160,Gattoufa,Tataouine Nord,Tataouine,70.12,,,Ouerghemma,51.6,Ouerghemma,41.4,Ouerghemma,1881 Martel (1965),41.4,Hazem,88.5,2,2
TN535161,Khetma,Tataouine Nord,Tataouine,94.0,,,Ouerghemma,58.3,Ouerghemma,41.4,Ouerghemma,1881 Martel (1965),41.4,Hazem,96.1,2,2
TN535154,Oued El Gemah,Tataouine Nord,Tataouine,0.95,,,Ouerghemma,52.7,Ouerghemma,48.2,Ouerghemma,1881 Martel (1965),48.2,Hazem,87.3,2,2
TN535157,Oued El Ghar,Tataouine Nord,Tataouine,186.73,,,Ouerghemma,44.0,Ouerghemma,37.0,Ouerghemma,1881 Martel (1965),37.0,Hazem,81.5,2,2
TN535156,Telelt,Tataouine Nord,Tataouine,78.31,,,Ouerghemma,46.9,Ouerghemma,49.8,Ouerghemma,1881 Lasailly,46.9,Hazem,79.8,2,2
TN535265,Beni Barka-Tounket,Tataouine Sud,Tataouine,33.19,,,Ouerghemma,55.9,Ouerghemma,49.6,Ouerghemma,1881 Martel (1965),49.6,Hazem,90.7,2,2
TN535264,Bir Thalathine,Tataouine Sud,Tataouine,308.85,,,,,,,,,,,,0,0
TN535259,Chenini,Tataouine Sud,Tataouine,200.49,,,Ouerghemma,57.9,,,Ouerghemma,1881 Lasailly,57.9,Merazig,73.9,1,1
TN535256,Cite El Barr,Tataouine Sud,Tataouine,1.84,,,Ouerghemma,53.5,Ouerghemma,51.2,Ouerghemma,1881 Martel (1965),51.2,Hazem,87.1,2,2
TN535260,Eddouiret,Tataouine Sud,Tataouine,289.32,,,,,,,,,,,,0,0
TN535254,El Maztouria Nord,Tataouine Sud,Tataouine,13.54,,,Ouerghemma,59.0,Ouerghemma,51.7,Ouerghemma,1881 Martel (1965),51.7,Hazem,93.6,2,2
TN535253,El Maztouria Sud,Tataouine Sud,Tataouine,12.69,,,,,Ouerghemma,53.0,Ouerghemma,1881 Martel (1965),53.0,Hazem,96.6,1,1
TN535261,El Mesreb,Tataouine Sud,Tataouine,118.29,,,Ouerghemma,59.2,Ouerghemma,57.5,Ouerghemma,1881 Martel (1965),57.5,Hazem,91.2,2,2
TN535262,Erroghba,Tataouine Sud,Tataouine,3.2,,,Ouerghemma,55.3,Ouerghemma,52.9,Ouerghemma,1881 Martel (1965),52.9,Hazem,88.6,2,2
TN535255,Gharghar,Tataouine Sud,Tataouine,0.81,,,Ouerghemma,53.8,Ouerghemma,50.7,Ouerghemma,1881 Martel (1965),50.7,Hazem,87.6,2,2
TN535257,Ksar El Moukabala,Tataouine Sud,Tataouine,1.48,,,Ouerghemma,52.8,Ouerghemma,50.9,Ouerghemma,1881 Martel (1965),50.9,Hazem,86.4,2,2
TN535258,Nouvelle Chnini,Tataouine Sud,Tataouine,206.88,,,,,,,,,,,,0,0
TN535263,Ras El Ouedi,Tataouine Sud,Tataouine,707.76,,,,,,,,,,,,0,0
TN535252,Tataouine Superieure,Tataouine Sud,Tataouine,0.73,,,Ouerghemma,53.3,Ouerghemma,50.4,Ouerghemma,1881 Martel (1965),50.4,Hazem,87.2,2,2
TN535251,Tataouine Ville,Tataouine Sud,Tataouine,0.77,,,Ouerghemma,51.6,Ouerghemma,48.7,Ouerghemma,1881 Martel (1965),48.7,Hazem,85.8,2,2
TN625255,Bou Helal,Degueche,Tozeur,57.24,,,,,,,,,,,,0,0
TN625257,Chakmou,Degueche,Tozeur,456.21,,,,,,,,,,,,0,0
TN625251,Degach Nord,Degueche,Tozeur,0.69,,,,,,,,,,,,0,0
TN625252,Degach Sud,Degueche,Tozeur,105.07,,,,,,,,,,,,0,0
TN625258,Dghoumes,Degueche,Tozeur,456.01,,,,,,,,,,,,0,0
TN625256,El Hamma,Degueche,Tozeur,124.59,,,,,,,,,,,,0,0
TN625254,El Mahassen,Degueche,Tozeur,55.21,,,,,,,,,,,,0,0
TN625259,En-Namlat,Degueche,Tozeur,2.2,,,,,,,,,,,,0,0
TN625253,Sebaa Abar,Degueche,Tozeur,151.01,,,,,,,,,,,,0,0
TN625553,Ain Ouled El Ggerissi,Hazoua,Tozeur,592.77,,,,,Troud,30.7,Troud,1881 Martel (1965),30.7,Gherib,40.0,1,1
TN625552,Hattem,Hazoua,Tozeur,577.69,,,,,Troud,41.8,Troud,1881 Martel (1965),41.8,Gherib,76.0,1,1
TN625551,Hazoua,Hazoua,Tozeur,85.79,,,,,Troud,26.1,Troud,1881 Martel (1965),26.1,Gherib,58.5,1,1
TN625452,01 Juin,Nefta,Tozeur,28.25,,,,,Troud,59.4,Troud,1881 Martel (1965),59.4,Gherib,59.6,1,1
TN625451,Chafai Ech-Cherif,Nefta,Tozeur,430.89,,,,,Troud,59.8,Troud,1881 Martel (1965),59.8,Gherib,72.7,1,1
TN625455,El Ayoun,Nefta,Tozeur,672.56,,,,,Gherib,36.9,Gherib,1881 Martel (1965),36.9,Troud,55.3,1,1
TN625458,El Khadar Ben Houssine,Nefta,Tozeur,157.49,,,,,Troud,51.2,Troud,1881 Martel (1965),51.2,Gherib,73.6,1,1
TN625453,El Ouaha,Nefta,Tozeur,334.64,,,,,Troud,37.7,Troud,1881 Martel (1965),37.7,Gherib,43.6,1,1
TN625457,El-Assil,Nefta,Tozeur,0.14,,,,,Troud,51.2,Troud,1881 Martel (1965),51.2,Gherib,60.3,1,1
TN625454,Es-Seni,Nefta,Tozeur,13.09,,,,,Troud,50.5,Troud,1881 Martel (1965),50.5,Gherib,56.2,1,1
TN625456,Ettahir,Nefta,Tozeur,0.08,,,,,Troud,51.7,Troud,1881 Martel (1965),51.7,Gherib,59.6,1,1
TN625354,Ain El Karma,Tamaghza,Tozeur,130.62,,,,,,,,,,,,0,0
TN625352,Chebika,Tamaghza,Tozeur,664.89,,,,,,,,,,,,0,0
TN625356,Er-Remitha,Tamaghza,Tozeur,19.64,,,,,,,,,,,,0,0
TN625355,Foum El Khangua,Tamaghza,Tozeur,65.7,,,,,,,,,,,,0,0
TN625353,Midas,Tamaghza,Tozeur,23.62,,,,,,,,,,,,0,0
TN625351,Tameghza,Tamaghza,Tozeur,34.67,,,,,,,,,,,,0,0
TN625158,Cite L'Aeroport,Tozeur,Tozeur,296.7,,,,,,,,,,,,0,0
TN625159,Ech-Chabia,Tozeur,Tozeur,22.16,,,,,,,,,,,,0,0
TN625157,El Ezdihar,Tozeur,Tozeur,16.64,,,,,,,,,,,,0,0
TN625153,El Habaila,Tozeur,Tozeur,0.23,,,,,,,,,,,,0,0
TN625154,El Haouadef,Tozeur,Tozeur,187.59,,,,,Gherib,55.7,Gherib,1881 Martel (1965),55.7,Troud,78.7,1,1
TN625155,El Keitna,Tozeur,Tozeur,0.46,,,,,,,,,,,,0,0
TN625160,El-Hadher,Tozeur,Tozeur,281.16,,,,,Gherib,50.9,Gherib,1881 Martel (1965),50.9,Troud,69.0,1,1
TN625152,Ez-Zebda,Tozeur,Tozeur,0.1,,,,,,,,,,,,0,0
TN625151,Masghouna,Tozeur,Tozeur,0.15,,,,,,,,,,,,0,0
TN625156,Ras Draa-Helba,Tozeur,Tozeur,12.37,,,,,,,,,,,,0,0
TN115351,Bab El Bhar,Bab Bhar,Tunis,0.44,Ouled Khiar,28.2,Trabelsi,35.4,Riah,32.7,Ouled Khiar,1853 Pellissier,28.2,Riah,32.7,3,1
TN115355,Habib Thameur,Bab Bhar,Tunis,1.87,Ouled Khiar,30.1,Trabelsi,37.0,Riah,35.0,Ouled Khiar,1853 Pellissier,30.1,Riah,35.0,3,1
TN115357,Hedi Chaker,Bab Bhar,Tunis,0.37,Ouled Khiar,29.9,Trabelsi,34.7,Riah,34.1,Ouled Khiar,1853 Pellissier,29.9,Riah,34.1,3,1
TN115353,Lac De Tunis,Bab Bhar,Tunis,5.82,Ouled Khiar,28.9,Trabelsi,37.4,Riah,34.0,Ouled Khiar,1853 Pellissier,28.9,Riah,34.0,3,1
TN115352,Les Jardins,Bab Bhar,Tunis,1.74,Ouled Khiar,30.2,Trabelsi,35.8,Riah,34.7,Ouled Khiar,1853 Pellissier,30.2,Riah,34.7,3,1
TN115354,Mongi Slim,Bab Bhar,Tunis,0.33,Ouled Khiar,29.0,Trabelsi,35.1,Riah,33.4,Ouled Khiar,1853 Pellissier,29.0,Riah,33.4,3,1
TN115358,Sidi El Bahri,Bab Bhar,Tunis,0.13,Ouled Khiar,29.5,Trabelsi,34.7,Riah,33.7,Ouled Khiar,1853 Pellissier,29.5,Riah,33.7,3,1
TN115356,Taieb El M'Hiri,Bab Bhar,Tunis,0.33,Ouled Khiar,30.8,Trabelsi,34.6,Riah,34.8,Ouled Khiar,1853 Pellissier,30.8,Trabelsi,34.6,3,1
TN115455,Bab El Assel,Bab Souika,Tunis,0.18,Ouled Khiar,29.5,Trabelsi,33.8,Riah,33.4,Ouled Khiar,1853 Pellissier,29.5,Riah,33.4,3,1
TN115452,Bab El Khadra,Bab Souika,Tunis,0.18,Ouled Khiar,29.5,Trabelsi,34.2,Riah,33.6,Ouled Khiar,1853 Pellissier,29.5,Riah,33.6,3,1
TN115453,Bab Saadoun,Bab Souika,Tunis,0.1,Ouled Khiar,28.8,Trabelsi,33.7,Riah,32.8,Ouled Khiar,1853 Pellissier,28.8,Riah,32.8,3,1
TN115458,Bab Sidi Abdessalem,Bab Souika,Tunis,0.08,Ouled Khiar,29.2,Trabelsi,33.7,Riah,33.1,Ouled Khiar,1853 Pellissier,29.2,Riah,33.1,3,1
TN115457,Bab Souika,Bab Souika,Tunis,0.08,Ouled Khiar,29.1,Trabelsi,34.2,Riah,33.2,Ouled Khiar,1853 Pellissier,29.1,Riah,33.2,3,1
TN115454,Borj Zouara,Bab Souika,Tunis,1.07,Ouled Khiar,28.4,Trabelsi,33.2,Riah,32.2,Ouled Khiar,1853 Pellissier,28.4,Riah,32.2,3,1
TN115456,El Halfaouine,Bab Souika,Tunis,0.12,Ouled Khiar,29.0,Trabelsi,33.9,Riah,33.0,Ouled Khiar,1853 Pellissier,29.0,Riah,33.0,3,1
TN115460,Hammam El Rmimi,Bab Souika,Tunis,0.09,Ouled Khiar,29.3,Trabelsi,34.5,Riah,33.4,Ouled Khiar,1853 Pellissier,29.3,Riah,33.4,3,1
TN115461,Sidi Djebali,Bab Souika,Tunis,0.09,Ouled Khiar,28.7,Trabelsi,34.0,Riah,32.8,Ouled Khiar,1853 Pellissier,28.7,Riah,32.8,3,1
TN115451,Tronja,Bab Souika,Tunis,0.11,Ouled Khiar,29.0,Trabelsi,34.7,Riah,33.3,Ouled Khiar,1853 Pellissier,29.0,Riah,33.3,3,1
TN115459,Zaouiet El Bekria,Bab Souika,Tunis,0.07,Ouled Khiar,29.0,Trabelsi,33.5,Riah,32.8,Ouled Khiar,1853 Pellissier,29.0,Riah,32.8,3,1
TN116056,Bonne Residence,Bardo,Tunis,0.5,Ouled Khiar,28.1,Trabelsi,32.3,Riah,31.6,Ouled Khiar,1853 Pellissier,28.1,Riah,31.6,3,1
TN116055,Bou-Choucha,Bardo,Tunis,0.47,Ouled Khiar,28.7,Trabelsi,32.1,Riah,32.1,Ouled Khiar,1853 Pellissier,28.7,Trabelsi,32.1,3,1
TN116061,El Bassatine,Bardo,Tunis,0.34,Ouled Khiar,29.2,Trabelsi,31.1,Riah,32.2,Ouled Khiar,1853 Pellissier,29.2,Trabelsi,31.1,3,1
TN116058,El Fath,Bardo,Tunis,0.38,Ouled Khiar,27.0,Trabelsi,30.9,Riah,30.1,Ouled Khiar,1853 Pellissier,27.0,Riah,30.1,3,1
TN116054,El Hadika,Bardo,Tunis,0.29,Ouled Khiar,27.8,Trabelsi,32.0,Riah,31.2,Ouled Khiar,1853 Pellissier,27.8,Riah,31.2,3,1
TN116062,Es-Saada,Bardo,Tunis,0.37,Ouled Khiar,26.6,Trabelsi,30.5,Riah,29.6,Ouled Khiar,1853 Pellissier,26.6,Riah,29.6,3,1
TN116064,Ibn Sina,Bardo,Tunis,0.28,Ouled Khiar,29.8,Trabelsi,28.8,Riah,32.1,Trabelsi,1881 Lasailly,28.8,Ouled Khiar,29.8,3,1
TN116057,Khaznadar,Bardo,Tunis,0.98,Ouled Khiar,27.6,Trabelsi,30.7,Riah,30.6,Ouled Khiar,1853 Pellissier,27.6,Riah,30.6,3,1
TN116063,Ksar-El Bortal,Bardo,Tunis,0.51,Ouled Khiar,28.5,Trabelsi,29.6,Riah,31.1,Ouled Khiar,1853 Pellissier,28.5,Trabelsi,29.6,3,1
TN116059,Ksar-Said,Bardo,Tunis,0.76,Ouled Khiar,28.2,Trabelsi,30.3,Riah,31.1,Ouled Khiar,1853 Pellissier,28.2,Trabelsi,30.3,3,1
TN116060,Ksar-Said II,Bardo,Tunis,0.33,Ouled Khiar,29.2,Trabelsi,29.3,Riah,31.6,Ouled Khiar,1853 Pellissier,29.2,Trabelsi,29.3,3,1
TN116051,Le Bardo,Bardo,Tunis,0.51,Ouled Khiar,28.7,Trabelsi,31.5,Riah,31.9,Ouled Khiar,1853 Pellissier,28.7,Trabelsi,31.5,3,1
TN116052,Le Bardo Nord,Bardo,Tunis,0.65,Ouled Khiar,28.6,Trabelsi,30.8,Riah,31.6,Ouled Khiar,1853 Pellissier,28.6,Trabelsi,30.8,3,1
TN116053,Le Bardo Sud,Bardo,Tunis,0.32,Ouled Khiar,27.5,Trabelsi,31.5,Riah,30.8,Ouled Khiar,1853 Pellissier,27.5,Riah,30.8,3,1
TN115152,Amilcar,Carthage,Tunis,0.69,Ouled Khiar,43.6,Trabelsi,47.6,Riah,49.4,Ouled Khiar,1853 Pellissier,43.6,Trabelsi,47.6,3,1
TN115153,Carthage Byrsa,Carthage,Tunis,3.45,Ouled Khiar,41.5,Trabelsi,46.6,Riah,47.4,Ouled Khiar,1853 Pellissier,41.5,Trabelsi,46.6,3,1
TN115154,Carthage Plage,Carthage,Tunis,1.87,Ouled Khiar,41.4,Trabelsi,47.2,Riah,47.5,Ouled Khiar,1853 Pellissier,41.4,Trabelsi,47.2,3,1
TN115156,Cite Mohamed Ali,Carthage,Tunis,0.67,Ouled Khiar,40.4,Trabelsi,45.5,Riah,46.2,Ouled Khiar,1853 Pellissier,40.4,Trabelsi,45.5,3,1
TN115155,Le Jasmin,Carthage,Tunis,0.16,Ouled Khiar,39.9,Trabelsi,45.4,Riah,45.7,Ouled Khiar,1853 Pellissier,39.9,Trabelsi,45.4,3,1
TN115151,Sidi Bou Said,Carthage,Tunis,1.49,Ouled Khiar,44.2,Trabelsi,48.5,Riah,50.1,Ouled Khiar,1853 Pellissier,44.2,Trabelsi,48.5,3,1
TN115955,Ali Belhouane,Cité El Khadra,Tunis,0.53,Ouled Khiar,33.1,Trabelsi,35.5,Riah,37.2,Ouled Khiar,1853 Pellissier,33.1,Trabelsi,35.5,3,1
TN115951,Cite El Khadra,Cité El Khadra,Tunis,0.29,Ouled Khiar,32.6,Trabelsi,35.3,Riah,36.7,Ouled Khiar,1853 Pellissier,32.6,Trabelsi,35.3,3,1
TN115952,Cite Jardin,Cité El Khadra,Tunis,0.9,Ouled Khiar,31.7,Trabelsi,34.8,Riah,35.7,Ouled Khiar,1853 Pellissier,31.7,Trabelsi,34.8,3,1
TN115953,Ech-Charguia,Cité El Khadra,Tunis,10.55,Ouled Khiar,35.5,Trabelsi,37.8,Riah,40.0,Ouled Khiar,1853 Pellissier,35.5,Trabelsi,37.8,3,1
TN115957,El Bouhaira,Cité El Khadra,Tunis,19.92,Ouled Khiar,33.5,Trabelsi,39.0,Riah,38.6,Ouled Khiar,1853 Pellissier,33.5,Riah,38.6,3,1
TN115956,Farhat Hached,Cité El Khadra,Tunis,0.67,Ouled Khiar,32.6,Trabelsi,35.8,Riah,36.8,Ouled Khiar,1853 Pellissier,32.6,Trabelsi,35.8,3,1
TN115958,Hay Es Salem,Cité El Khadra,Tunis,2.77,Ouled Khiar,33.3,Trabelsi,35.0,Riah,37.3,Ouled Khiar,1853 Pellissier,33.3,Trabelsi,35.0,3,1
TN115954,Khereiddine Pacha,Cité El Khadra,Tunis,1.2,Ouled Khiar,31.3,Trabelsi,35.4,Riah,35.6,Ouled Khiar,1853 Pellissier,31.3,Trabelsi,35.4,3,1
TN115851,01 Juin,El Menzah,Tunis,2.91,Ouled Khiar,31.4,Trabelsi,33.7,Riah,35.2,Ouled Khiar,1853 Pellissier,31.4,Trabelsi,33.7,3,1
TN115853,El Fath,El Menzah,Tunis,1.49,Ouled Khiar,32.1,Trabelsi,30.0,Riah,34.7,Trabelsi,1881 Lasailly,30.0,Ouled Khiar,32.1,3,1
TN115854,El Manar,El Menzah,Tunis,3.04,Ouled Khiar,32.4,Trabelsi,31.6,Riah,35.4,Trabelsi,1881 Lasailly,31.6,Ouled Khiar,32.4,3,1
TN115855,El Manar (1),El Menzah,Tunis,1.56,Ouled Khiar,31.1,Trabelsi,31.3,Riah,34.1,Ouled Khiar,1853 Pellissier,31.1,Trabelsi,31.3,3,1
TN115852,El Menzah,El Menzah,Tunis,1.01,Ouled Khiar,32.7,Trabelsi,33.6,Riah,36.4,Ouled Khiar,1853 Pellissier,32.7,Trabelsi,33.6,3,1
TN116552,Bou-Gatfa,El Ouardia,Tunis,0.46,Ouled Khiar,27.0,Trabelsi,37.3,Riah,32.2,Ouled Khiar,1853 Pellissier,27.0,Riah,32.2,3,1
TN116554,Cite El Izdihar,El Ouardia,Tunis,0.43,Ouled Khiar,26.4,Trabelsi,36.9,Riah,31.6,Ouled Khiar,1853 Pellissier,26.4,Riah,31.6,3,1
TN116555,Cite Mohamed Ali,El Ouardia,Tunis,0.5,Ouled Khiar,26.1,Trabelsi,37.7,Riah,31.6,Ouled Khiar,1853 Pellissier,26.1,Riah,31.6,3,1
TN116551,El Ouardia,El Ouardia,Tunis,1.36,Ouled Khiar,25.5,Trabelsi,36.8,Riah,30.7,Ouled Khiar,1853 Pellissier,25.5,Riah,30.7,3,1
TN116556,Sidi Belhassen,El Ouardia,Tunis,0.79,Ouled Khiar,27.2,Trabelsi,36.9,Riah,32.2,Ouled Khiar,1853 Pellissier,27.2,Riah,32.2,3,1
TN116553,Tahar Sfar,El Ouardia,Tunis,0.47,Ouled Khiar,25.9,Trabelsi,36.2,Riah,30.9,Ouled Khiar,1853 Pellissier,25.9,Riah,30.9,3,1
TN115755,El Hadika,El Tahrir,Tunis,0.5,Ouled Khiar,29.5,Trabelsi,30.5,Riah,32.4,Ouled Khiar,1853 Pellissier,29.5,Trabelsi,30.5,3,1
TN115751,Ettahrir (1),El Tahrir,Tunis,0.25,Ouled Khiar,29.4,Trabelsi,29.7,Riah,32.0,Ouled Khiar,1853 Pellissier,29.4,Trabelsi,29.7,3,1
TN115752,Ettahrir (2),El Tahrir,Tunis,0.38,Ouled Khiar,30.0,Trabelsi,29.4,Riah,32.4,Trabelsi,1881 Lasailly,29.4,Ouled Khiar,30.0,3,1
TN115753,Ettahrir (3),El Tahrir,Tunis,0.32,Ouled Khiar,29.6,Trabelsi,30.1,Riah,32.3,Ouled Khiar,1853 Pellissier,29.6,Trabelsi,30.1,3,1
TN115754,Ettahrir Superieur,El Tahrir,Tunis,0.23,Ouled Khiar,30.3,Trabelsi,29.0,Riah,32.7,Trabelsi,1881 Lasailly,29.0,Ouled Khiar,30.3,3,1
TN116256,Bach-Hamba,Ezzouhour,Tunis,0.94,Ouled Khiar,26.2,Trabelsi,31.8,Riah,29.6,Ouled Khiar,1853 Pellissier,26.2,Riah,29.6,3,1
TN116255,Cite Tayarane,Ezzouhour,Tunis,0.43,Ouled Khiar,26.9,Trabelsi,32.6,Riah,30.6,Ouled Khiar,1853 Pellissier,26.9,Riah,30.6,3,1
TN116253,Es-Saada,Ezzouhour,Tunis,0.4,Ouled Khiar,27.6,Trabelsi,32.8,Riah,31.3,Ouled Khiar,1853 Pellissier,27.6,Riah,31.3,3,1
TN116254,Es-Soumrane,Ezzouhour,Tunis,0.39,Ouled Khiar,27.3,Trabelsi,32.1,Riah,30.8,Ouled Khiar,1853 Pellissier,27.3,Riah,30.8,3,1
TN116251,Ezzouhour,Ezzouhour,Tunis,0.33,Ouled Khiar,26.9,Trabelsi,31.6,Riah,30.3,Ouled Khiar,1853 Pellissier,26.9,Riah,30.3,3,1
TN116252,Ezzouhour IV,Ezzouhour,Tunis,0.31,Ouled Khiar,26.5,Trabelsi,31.1,Riah,29.6,Ouled Khiar,1853 Pellissier,26.5,Riah,29.6,3,1
TN116353,El Akba,Hrairia,Tunis,0.91,Ouled Khiar,25.7,Trabelsi,28.7,Riah,28.0,Ouled Khiar,1853 Pellissier,25.7,Riah,28.0,3,1
TN116354,El Akba Superieur,Hrairia,Tunis,2.83,Ouled Khiar,24.8,Trabelsi,28.7,Riah,27.0,Ouled Khiar,1853 Pellissier,24.8,Riah,27.0,3,1
TN116356,El Antit,Hrairia,Tunis,0.23,Ouled Khiar,26.1,Trabelsi,29.8,Riah,28.8,Ouled Khiar,1853 Pellissier,26.1,Riah,28.8,3,1
TN116357,El Foula,Hrairia,Tunis,0.48,Ouled Khiar,25.8,Trabelsi,29.4,Riah,28.3,Ouled Khiar,1853 Pellissier,25.8,Riah,28.3,3,1
TN116351,El-Hrairia,Hrairia,Tunis,0.47,Ouled Khiar,25.8,Trabelsi,31.0,Riah,28.9,Ouled Khiar,1853 Pellissier,25.8,Riah,28.9,3,1
TN116359,Ezzahrouni,Hrairia,Tunis,1.24,Ouled Khiar,24.7,Trabelsi,30.3,Riah,27.6,Ouled Khiar,1853 Pellissier,24.7,Riah,27.6,3,1
TN116352,Ezzouhour V,Hrairia,Tunis,0.55,Ouled Khiar,25.1,Trabelsi,29.7,Riah,27.8,Ouled Khiar,1853 Pellissier,25.1,Riah,27.8,3,1
TN116355,Ghedir El Golla,Hrairia,Tunis,16.64,Ouled Khiar,23.5,Trabelsi,25.8,Riah,24.2,Ouled Khiar,1853 Pellissier,23.5,Riah,24.2,3,1
TN116358,Tarak Ibn Ziad,Hrairia,Tunis,0.64,Ouled Khiar,25.8,Trabelsi,30.2,Riah,28.6,Ouled Khiar,1853 Pellissier,25.8,Riah,28.6,3,1
TN116852,Ali Bach-Hamba,Jebel Jelloud,Tunis,0.17,Ouled Khiar,27.0,Trabelsi,38.3,Riah,32.5,Ouled Khiar,1853 Pellissier,27.0,Riah,32.5,3,1
TN116854,Cite El Fath,Jebel Jelloud,Tunis,1.41,Ouled Khiar,26.2,Trabelsi,39.5,Riah,32.2,Ouled Khiar,1853 Pellissier,26.2,Riah,32.2,3,1
TN116857,Djebel Djeloud,Jebel Jelloud,Tunis,0.27,Ouled Khiar,27.1,Trabelsi,38.8,Riah,32.8,Ouled Khiar,1853 Pellissier,27.1,Riah,32.8,3,1
TN116856,El Afrane,Jebel Jelloud,Tunis,0.72,Ouled Khiar,27.2,Trabelsi,38.0,Riah,32.6,Ouled Khiar,1853 Pellissier,27.2,Riah,32.6,3,1
TN116853,El Garjouma,Jebel Jelloud,Tunis,0.36,Ouled Khiar,26.5,Trabelsi,38.5,Riah,32.2,Ouled Khiar,1853 Pellissier,26.5,Riah,32.2,3,1
TN116855,Es-Sebkha,Jebel Jelloud,Tunis,1.93,Ouled Khiar,27.6,Trabelsi,39.3,Riah,33.4,Ouled Khiar,1853 Pellissier,27.6,Riah,33.4,3,1
TN116851,Sidi Fathallah,Jebel Jelloud,Tunis,0.41,Ouled Khiar,26.9,Trabelsi,39.6,Riah,32.9,Ouled Khiar,1853 Pellissier,26.9,Riah,32.9,3,1
TN116655,Cite Ennour,Kabaria,Tunis,0.88,Ouled Khiar,25.2,Trabelsi,39.6,Riah,31.4,Ouled Khiar,1853 Pellissier,25.2,Riah,31.4,3,1
TN116651,El Kabaria (1),Kabaria,Tunis,0.43,Ouled Khiar,25.9,Trabelsi,38.3,Riah,31.5,Ouled Khiar,1853 Pellissier,25.9,Riah,31.5,3,1
TN116652,El Kabaria (2),Kabaria,Tunis,0.2,Ouled Khiar,25.4,Trabelsi,38.0,Riah,31.0,Ouled Khiar,1853 Pellissier,25.4,Riah,31.0,3,1
TN116653,El Kabaria (3),Kabaria,Tunis,0.5,Ouled Khiar,25.6,Trabelsi,38.8,Riah,31.4,Ouled Khiar,1853 Pellissier,25.6,Riah,31.4,3,1
TN116654,El Kabaria (4),Kabaria,Tunis,0.63,Ouled Khiar,24.9,Trabelsi,38.7,Riah,30.8,Ouled Khiar,1853 Pellissier,24.9,Riah,30.8,3,1
TN116658,El Mourouj (2),Kabaria,Tunis,1.4,Ouled Khiar,24.3,Trabelsi,39.8,Riah,30.6,Ouled Khiar,1853 Pellissier,24.3,Riah,30.6,3,1
TN116656,Ibn Sina 1,Kabaria,Tunis,0.82,Ouled Khiar,24.9,Trabelsi,37.6,Riah,30.4,Ouled Khiar,1853 Pellissier,24.9,Riah,30.4,3,1
TN116657,Ibn Sina 2,Kabaria,Tunis,5.32,Ouled Khiar,23.5,Trabelsi,38.7,Riah,29.5,Ouled Khiar,1853 Pellissier,23.5,Riah,29.5,3,1
TN116955,Cite Essalama,La Goulette,Tunis,0.21,Ouled Khiar,38.4,Trabelsi,41.7,Riah,43.6,Ouled Khiar,1853 Pellissier,38.4,Trabelsi,41.7,3,1
TN116953,Kheireddine,La Goulette,Tunis,0.95,Ouled Khiar,38.4,Trabelsi,45.8,Riah,44.5,Ouled Khiar,1853 Pellissier,38.4,Riah,44.5,3,1
TN116951,La Goulette,La Goulette,Tunis,1.69,Ouled Khiar,35.7,Trabelsi,44.3,Riah,41.9,Ouled Khiar,1853 Pellissier,35.7,Riah,41.9,3,1
TN116952,La Goulette Casino,La Goulette,Tunis,0.41,Ouled Khiar,37.7,Trabelsi,45.8,Riah,43.9,Ouled Khiar,1853 Pellissier,37.7,Riah,43.9,3,1
TN116954,Taieb Mhiri,La Goulette,Tunis,16.83,Ouled Khiar,37.2,Trabelsi,42.9,Riah,42.9,Ouled Khiar,1853 Pellissier,37.2,Riah,42.9,3,1
TN117160,El Bahr El Azrak,La Marsa,Tunis,7.64,Ouled Khiar,41.8,Trabelsi,43.1,Riah,46.8,Ouled Khiar,1853 Pellissier,41.8,Trabelsi,43.1,3,1
TN117155,Er-Rmila,La Marsa,Tunis,1.35,Ouled Khiar,43.3,Trabelsi,44.1,Riah,48.4,Ouled Khiar,1853 Pellissier,43.3,Trabelsi,44.1,3,1
TN117157,Gammarth,La Marsa,Tunis,6.85,Ouled Khiar,44.4,Trabelsi,43.3,Riah,49.1,Trabelsi,1881 Lasailly,43.3,Ouled Khiar,44.4,3,1
TN117158,Gammarth Superieur,La Marsa,Tunis,1.19,Ouled Khiar,43.8,Trabelsi,44.9,Riah,49.0,Ouled Khiar,1853 Pellissier,43.8,Trabelsi,44.9,3,1
TN117156,La Marsa El Montazeh,La Marsa,Tunis,1.77,Ouled Khiar,43.1,Trabelsi,46.5,Riah,48.8,Ouled Khiar,1853 Pellissier,43.1,Trabelsi,46.5,3,1
TN117154,La Marsa Erriadh,La Marsa,Tunis,0.41,Ouled Khiar,43.7,Trabelsi,45.2,Riah,49.0,Ouled Khiar,1853 Pellissier,43.7,Trabelsi,45.2,3,1
TN117153,La Marsa Hadayek,La Marsa,Tunis,1.0,Ouled Khiar,42.6,Trabelsi,45.1,Riah,48.1,Ouled Khiar,1853 Pellissier,42.6,Trabelsi,45.1,3,1
TN117152,La Marsa Medina,La Marsa,Tunis,1.27,Ouled Khiar,43.4,Trabelsi,45.9,Riah,48.9,Ouled Khiar,1853 Pellissier,43.4,Trabelsi,45.9,3,1
TN117151,La Marsa Plage,La Marsa,Tunis,8.66,Ouled Khiar,45.9,Trabelsi,45.3,Riah,50.9,Trabelsi,1881 Lasailly,45.3,Ouled Khiar,45.9,3,1
TN117159,Sidi Daoued,La Marsa,Tunis,1.05,Ouled Khiar,41.2,Trabelsi,45.0,Riah,46.8,Ouled Khiar,1853 Pellissier,41.2,Trabelsi,45.0,3,1
TN117057,Bir El Helou,Le Kram,Tunis,0.36,Ouled Khiar,39.7,Trabelsi,45.7,Riah,45.7,Ouled Khiar,1853 Pellissier,39.7,Riah,45.7,3,1
TN117053,El Bouhaira,Le Kram,Tunis,4.06,Ouled Khiar,39.6,Trabelsi,43.8,Riah,45.1,Ouled Khiar,1853 Pellissier,39.6,Trabelsi,43.8,3,1
TN117052,Erriadh,Le Kram,Tunis,0.9,Ouled Khiar,39.0,Trabelsi,45.7,Riah,45.1,Ouled Khiar,1853 Pellissier,39.0,Riah,45.1,3,1
TN117051,Le Kram Est,Le Kram,Tunis,0.57,Ouled Khiar,39.4,Trabelsi,46.5,Riah,45.6,Ouled Khiar,1853 Pellissier,39.4,Riah,45.6,3,1
TN117055,Le Kram Ouest,Le Kram,Tunis,0.51,Ouled Khiar,39.1,Trabelsi,45.2,Riah,45.0,Ouled Khiar,1853 Pellissier,39.1,Riah,45.0,3,1
TN117056,Sidi Amor,Le Kram,Tunis,1.36,Ouled Khiar,39.3,Trabelsi,44.5,Riah,45.0,Ouled Khiar,1853 Pellissier,39.3,Trabelsi,44.5,3,1
TN117054,Sidi Fredj,Le Kram,Tunis,1.82,Ouled Khiar,39.2,Trabelsi,42.3,Riah,44.4,Ouled Khiar,1853 Pellissier,39.2,Trabelsi,42.3,3,1
TN115253,Bab Benat,Médina,Tunis,0.1,Ouled Khiar,28.4,Trabelsi,34.3,Riah,32.6,Ouled Khiar,1853 Pellissier,28.4,Riah,32.6,3,1
TN115256,Bab Mnara,Médina,Tunis,0.3,Ouled Khiar,27.8,Trabelsi,34.4,Riah,32.1,Ouled Khiar,1853 Pellissier,27.8,Riah,32.1,3,1
TN115255,El Assouak,Médina,Tunis,0.13,Ouled Khiar,28.2,Trabelsi,34.7,Riah,32.5,Ouled Khiar,1853 Pellissier,28.2,Riah,32.5,3,1
TN115252,El Hafsia,Médina,Tunis,0.11,Ouled Khiar,28.8,Trabelsi,34.5,Riah,33.0,Ouled Khiar,1853 Pellissier,28.8,Riah,33.0,3,1
TN115261,El Sabaghine,Médina,Tunis,0.08,Ouled Khiar,28.1,Trabelsi,35.1,Riah,32.5,Ouled Khiar,1853 Pellissier,28.1,Riah,32.5,3,1
TN115260,El Taoufik,Médina,Tunis,0.23,Ouled Khiar,28.2,Trabelsi,34.1,Riah,32.3,Ouled Khiar,1853 Pellissier,28.2,Riah,32.3,3,1
TN115258,El Zraria,Médina,Tunis,0.13,Ouled Khiar,28.7,Trabelsi,34.8,Riah,33.0,Ouled Khiar,1853 Pellissier,28.7,Riah,33.0,3,1
TN115251,La Medina,Médina,Tunis,0.1,Ouled Khiar,28.7,Trabelsi,34.2,Riah,32.8,Ouled Khiar,1853 Pellissier,28.7,Riah,32.8,3,1
TN115259,Sidi Ali Azouz,Médina,Tunis,0.08,Ouled Khiar,28.4,Trabelsi,35.0,Riah,32.7,Ouled Khiar,1853 Pellissier,28.4,Riah,32.7,3,1
TN115262,Sidi Boumendil,Médina,Tunis,0.06,Ouled Khiar,28.1,Trabelsi,35.2,Riah,32.6,Ouled Khiar,1853 Pellissier,28.1,Riah,32.6,3,1
TN115254,Souk El Nhes,Médina,Tunis,0.08,Ouled Khiar,28.5,Trabelsi,34.6,Riah,32.7,Ouled Khiar,1853 Pellissier,28.5,Riah,32.7,3,1
TN115257,Tourbet El Bey,Médina,Tunis,0.11,Ouled Khiar,27.9,Trabelsi,34.9,Riah,32.3,Ouled Khiar,1853 Pellissier,27.9,Riah,32.3,3,1
TN115555,Bir Atig,Omrane,Tunis,0.71,Ouled Khiar,29.8,Trabelsi,32.4,Riah,33.3,Ouled Khiar,1853 Pellissier,29.8,Trabelsi,32.4,3,1
TN115553,Cite Des Oliviers,Omrane,Tunis,1.09,Ouled Khiar,30.4,Trabelsi,32.5,Riah,33.9,Ouled Khiar,1853 Pellissier,30.4,Trabelsi,32.5,3,1
TN115552,Djebel El Ahmar,Omrane,Tunis,0.09,Ouled Khiar,30.3,Trabelsi,32.9,Riah,33.9,Ouled Khiar,1853 Pellissier,30.3,Trabelsi,32.9,3,1
TN115551,El Omrane,Omrane,Tunis,1.44,Ouled Khiar,29.9,Trabelsi,33.7,Riah,33.8,Ouled Khiar,1853 Pellissier,29.9,Trabelsi,33.7,3,1
TN115556,Oued El Sebai,Omrane,Tunis,0.61,Ouled Khiar,30.8,Trabelsi,33.1,Riah,34.4,Ouled Khiar,1853 Pellissier,30.8,Trabelsi,33.1,3,1
TN115554,Ras Tabia,Omrane,Tunis,1.03,Ouled Khiar,29.6,Trabelsi,31.6,Riah,32.8,Ouled Khiar,1853 Pellissier,29.6,Trabelsi,31.6,3,1
TN115658,Ahmed Tlili,Omrane Supérieur,Tunis,0.29,Ouled Khiar,30.5,Trabelsi,30.1,Riah,33.2,Trabelsi,1881 Lasailly,30.1,Ouled Khiar,30.5,3,1
TN115655,Cite El Intilaka,Omrane Supérieur,Tunis,0.51,Ouled Khiar,31.0,Trabelsi,28.7,Riah,33.3,Trabelsi,1881 Lasailly,28.7,Ouled Khiar,31.0,3,1
TN115651,Cite Ibn Khaldoun I,Omrane Supérieur,Tunis,0.35,Ouled Khiar,30.3,Trabelsi,30.9,Riah,33.2,Ouled Khiar,1853 Pellissier,30.3,Trabelsi,30.9,3,1
TN115653,Cite Ibn Khaldoun II,Omrane Supérieur,Tunis,0.35,Ouled Khiar,30.6,Trabelsi,30.5,Riah,33.4,Trabelsi,1881 Lasailly,30.5,Ouled Khiar,30.6,3,1
TN115654,Cite Ibn Khaldoun VI,Omrane Supérieur,Tunis,0.19,Ouled Khiar,30.7,Trabelsi,29.3,Riah,33.1,Trabelsi,1881 Lasailly,29.3,Ouled Khiar,30.7,3,1
TN115657,El Nassim,Omrane Supérieur,Tunis,0.38,Ouled Khiar,31.3,Trabelsi,29.1,Riah,33.7,Trabelsi,1881 Lasailly,29.1,Ouled Khiar,31.3,3,1
TN115656,El Omrane Superieur,Omrane Supérieur,Tunis,0.55,Ouled Khiar,31.4,Trabelsi,29.5,Riah,33.9,Trabelsi,1881 Lasailly,29.5,Ouled Khiar,31.4,3,1
TN115652,El Romana,Omrane Supérieur,Tunis,0.22,Ouled Khiar,30.0,Trabelsi,31.1,Riah,33.0,Ouled Khiar,1853 Pellissier,30.0,Trabelsi,31.1,3,1
TN115659,Es-Sadique,Omrane Supérieur,Tunis,0.4,Ouled Khiar,30.3,Trabelsi,29.6,Riah,32.8,Trabelsi,1881 Lasailly,29.6,Ouled Khiar,30.3,3,1
TN116755,Abulkacem Ech-Chebbi,Sidi El Béchir,Tunis,0.41,Ouled Khiar,27.4,Trabelsi,35.4,Riah,31.9,Ouled Khiar,1853 Pellissier,27.4,Riah,31.9,3,1
TN116754,Farhat Hached,Sidi El Béchir,Tunis,0.69,Ouled Khiar,26.8,Trabelsi,36.0,Riah,31.7,Ouled Khiar,1853 Pellissier,26.8,Riah,31.7,3,1
TN116753,Maakel Ezzaim,Sidi El Béchir,Tunis,0.31,Ouled Khiar,27.5,Trabelsi,34.8,Riah,31.9,Ouled Khiar,1853 Pellissier,27.5,Riah,31.9,3,1
TN116756,Saida Manoubia,Sidi El Béchir,Tunis,0.41,Ouled Khiar,26.5,Trabelsi,35.4,Riah,31.2,Ouled Khiar,1853 Pellissier,26.5,Riah,31.2,3,1
TN116751,Sidi El Bechir,Sidi El Béchir,Tunis,0.72,Ouled Khiar,27.9,Trabelsi,36.1,Riah,32.6,Ouled Khiar,1853 Pellissier,27.9,Riah,32.6,3,1
TN116752,Sidi Mansour,Sidi El Béchir,Tunis,0.16,Ouled Khiar,27.7,Trabelsi,35.4,Riah,32.3,Ouled Khiar,1853 Pellissier,27.7,Riah,32.3,3,1
TN116459,14 Janvier,Sidi Hassine,Tunis,1.41,Ouled Khiar,22.7,Trabelsi,30.9,Riah,25.7,Ouled Khiar,1853 Pellissier,22.7,Riah,25.7,3,1
TN116455,20 Mars,Sidi Hassine,Tunis,3.71,Ouled Khiar,20.5,Trabelsi,32.4,Riah,24.2,Ouled Khiar,1853 Pellissier,20.5,Riah,24.2,3,1
TN116458,25 Juillet,Sidi Hassine,Tunis,1.36,Ouled Khiar,21.6,Trabelsi,33.1,Riah,25.6,Ouled Khiar,1853 Pellissier,21.6,Riah,25.6,3,1
TN116454,Attar,Sidi Hassine,Tunis,0.96,Ouled Khiar,22.7,Trabelsi,31.8,Riah,26.2,Ouled Khiar,1853 Pellissier,22.7,Riah,26.2,3,1
TN116451,Borj-Chakir,Sidi Hassine,Tunis,24.5,Ouled Khiar,20.6,Trabelsi,29.1,Riah,22.6,Ouled Khiar,1853 Pellissier,20.6,Riah,22.6,3,1
TN116456,Byrine,Sidi Hassine,Tunis,20.38,Ouled Khiar,17.6,Trabelsi,33.5,Riah,21.7,Ouled Khiar,1853 Pellissier,17.6,Riah,21.7,3,1
TN116453,El Jaiara,Sidi Hassine,Tunis,1.14,Ouled Khiar,23.9,Trabelsi,30.6,Riah,26.9,Ouled Khiar,1853 Pellissier,23.9,Riah,26.9,3,1
TN116457,Meghiret Inzel,Sidi Hassine,Tunis,9.67,Ouled Khiar,19.2,Trabelsi,34.9,Riah,24.0,Ouled Khiar,1853 Pellissier,19.2,Riah,24.0,3,1
TN116452,Sidi Hassine,Sidi Hassine,Tunis,1.34,Ouled Khiar,24.3,Trabelsi,31.2,Riah,27.6,Ouled Khiar,1853 Pellissier,24.3,Riah,27.6,3,1
TN116152,Ali Belhouane,Sijoumi,Tunis,0.25,Ouled Khiar,27.8,Trabelsi,33.8,Riah,31.8,Ouled Khiar,1853 Pellissier,27.8,Riah,31.8,3,1
TN116155,Bir Anniba,Sijoumi,Tunis,0.2,Ouled Khiar,27.1,Trabelsi,34.6,Riah,31.5,Ouled Khiar,1853 Pellissier,27.1,Riah,31.5,3,1
TN116154,Cite Des Martyrs,Sijoumi,Tunis,0.29,Ouled Khiar,26.2,Trabelsi,35.6,Riah,31.0,Ouled Khiar,1853 Pellissier,26.2,Riah,31.0,3,1
TN116151,Cite Helel,Sijoumi,Tunis,0.32,Ouled Khiar,26.8,Trabelsi,34.8,Riah,31.2,Ouled Khiar,1853 Pellissier,26.8,Riah,31.2,3,1
TN116153,En-Najah,Sijoumi,Tunis,0.47,Ouled Khiar,27.4,Trabelsi,33.8,Riah,31.4,Ouled Khiar,1853 Pellissier,27.4,Riah,31.4,3,1
TN116156,Mellassine,Sijoumi,Tunis,0.27,Ouled Khiar,27.3,Trabelsi,33.2,Riah,31.1,Ouled Khiar,1853 Pellissier,27.3,Riah,31.1,3,1
TN165358,Ain Asker,Bir Mchergua,Zaghouan,73.89,Ouled Khiar,5.7,Drid,25.2,Riah,5.9,Ouled Khiar,1853 Pellissier,5.7,Riah,5.9,3,1
TN165356,Ain Essafsaf,Bir Mchergua,Zaghouan,37.56,Ouled Khiar,12.5,Ouled Saïd,32.1,Riah,23.1,Ouled Khiar,1853 Pellissier,12.5,Riah,23.1,3,1
TN165351,Bir M'Chergua,Bir Mchergua,Zaghouan,49.5,Ouled Khiar,9.7,Drid,23.6,Riah,10.2,Ouled Khiar,1853 Pellissier,9.7,Riah,10.2,3,1
TN165352,Bir M'Chergua Gare,Bir Mchergua,Zaghouan,43.7,Ouled Khiar,8.4,Drid,32.2,Riah,16.3,Ouled Khiar,1853 Pellissier,8.4,Riah,16.3,3,1
TN165357,Boucha,Bir Mchergua,Zaghouan,61.1,Drid,11.3,Drid,12.5,Riah,11.6,Drid,1853 Pellissier,11.3,Riah,11.6,3,2
TN165353,Daleil El Arous,Bir Mchergua,Zaghouan,75.26,Ouled Khiar,14.4,Drid,17.8,Riah,9.6,Riah,1881 Martel (1965),9.6,Ouled Khiar,14.4,3,1
TN165355,Jebel Oust,Bir Mchergua,Zaghouan,118.09,Ouled Khiar,3.1,Drid,32.6,Riah,13.8,Ouled Khiar,1853 Pellissier,3.1,Riah,13.8,3,1
TN165354,Smenja,Bir Mchergua,Zaghouan,75.73,Ouled Khiar,13.6,Drid,29.9,Riah,17.8,Ouled Khiar,1853 Pellissier,13.6,Riah,17.8,3,1
TN165451,Banlieu D'El Fahs,Fahs,Zaghouan,9.56,Drid,23.4,Drid,27.4,Riah,23.6,Drid,1853 Pellissier,23.4,Riah,23.6,3,2
TN165459,Bent Saidane,Fahs,Zaghouan,79.83,Ouled Khiar,33.2,Souassi,31.2,Ouled Saïd,33.2,Souassi,1881 Lasailly,31.2,Ouled Khiar,33.2,3,1
TN165453,Bir Magra,Fahs,Zaghouan,69.21,Drid,19.5,Riah,19.6,Riah,32.1,Drid,1853 Pellissier,19.5,Riah,19.6,3,1
TN165457,Ed-Droua,Fahs,Zaghouan,97.8,Drid,29.9,Riah,18.4,Drid,35.6,Riah,1881 Lasailly,18.4,Drid,29.9,3,1
TN165460,El Amiem Nord,Fahs,Zaghouan,67.46,Drid,24.1,Drid,29.0,Riah,29.1,Drid,1853 Pellissier,24.1,Riah,29.1,3,2
TN165461,El Amiem Sud,Fahs,Zaghouan,46.29,Drid,28.7,Riah,28.3,Riah,34.7,Riah,1881 Lasailly,28.3,Drid,28.7,3,2
TN165456,El Fahs,Fahs,Zaghouan,19.07,Drid,23.2,Drid,27.5,Riah,25.1,Drid,1853 Pellissier,23.2,Riah,25.1,3,2
TN165458,El Ghrifet,Fahs,Zaghouan,165.01,Drid,15.9,Drid,19.8,Riah,19.1,Drid,1853 Pellissier,15.9,Riah,19.1,3,2
TN165452,Jouguar,Fahs,Zaghouan,58.32,Ouled Saïd,27.5,Souassi,25.2,Ouled Saïd,26.6,Souassi,1881 Lasailly,25.2,Ouled Saïd,26.6,3,1
TN165462,Oued El Khadhra,Fahs,Zaghouan,67.5,Ouled Khiar,24.9,Drid,33.5,Riah,27.3,Ouled Khiar,1853 Pellissier,24.9,Riah,27.3,3,1
TN165455,Ouled Ezzouabi,Fahs,Zaghouan,20.52,Zlass,33.2,Souassi,32.2,Ouled Saïd,37.0,Souassi,1881 Lasailly,32.2,Riah,32.4,3,1
TN165454,Oum El Abouab,Fahs,Zaghouan,142.77,Drid,37.1,Riah,26.0,Ouled Saïd,39.8,Riah,1881 Lasailly,26.0,Ouled Aoun,33.3,3,1
TN165463,Telil Essalhi,Fahs,Zaghouan,83.25,Ouled Aoun,22.7,Riah,10.1,Drid,27.2,Riah,1881 Lasailly,10.1,Ouled Aoun,22.7,3,1
TN165552,Ain El Batthoum,Nadhour,Zaghouan,42.54,Ouled Saïd,28.7,Souassi,16.9,Ouled Saïd,22.1,Souassi,1881 Lasailly,16.9,Ouled Saïd,22.1,3,1
TN165554,Bir Chaouch,Nadhour,Zaghouan,57.92,Ouled Saïd,25.0,Souassi,13.5,Ouled Saïd,18.5,Souassi,1881 Lasailly,13.5,Ouled Saïd,18.5,3,1
TN165551,En Nadhour,Nadhour,Zaghouan,59.85,Ouled Saïd,19.8,Souassi,10.3,Ouled Saïd,14.3,Souassi,1881 Lasailly,10.3,Ouled Saïd,14.3,3,1
TN165553,Saouar,Nadhour,Zaghouan,77.19,Ouled Saïd,30.8,Souassi,23.1,Ouled Saïd,26.7,Souassi,1881 Lasailly,23.1,Ouled Saïd,26.7,3,1
TN165555,Sougas,Nadhour,Zaghouan,118.14,Ouled Saïd,35.9,Souassi,25.7,Ouled Saïd,30.3,Souassi,1881 Lasailly,25.7,Ouled Saïd,30.3,3,1
TN165654,Deghafla Est,Saouaf,Zaghouan,30.56,Ouled Saïd,17.5,Souassi,14.6,Ouled Saïd,15.6,Souassi,1881 Lasailly,14.6,Ouled Saïd,15.6,3,1
TN165655,Deghafla Ouest,Saouaf,Zaghouan,57.18,Ouled Saïd,21.5,Souassi,17.2,Ouled Saïd,19.1,Souassi,1881 Lasailly,17.2,Ouled Saïd,19.1,3,1
TN165653,El Hamira,Saouaf,Zaghouan,60.92,Ouled Saïd,8.8,Souassi,15.4,Ouled Saïd,12.4,Ouled Saïd,1853 Pellissier,8.8,Souassi,15.4,3,2
TN165651,Saouef Est,Saouaf,Zaghouan,51.07,Ouled Saïd,16.5,Souassi,19.6,Ouled Saïd,18.4,Ouled Saïd,1853 Pellissier,16.5,Souassi,19.6,3,2
TN165652,Saouef Ouest,Saouaf,Zaghouan,61.26,Ouled Saïd,13.8,Souassi,13.5,Ouled Saïd,13.2,Ouled Saïd,1881 Martel (1965),13.2,Souassi,13.5,3,2
TN165154,Bir Halima,Zaghouan,Zaghouan,84.32,Ouled Khiar,23.2,Ouled Saïd,30.0,Riah,28.8,Ouled Khiar,1853 Pellissier,23.2,Riah,28.8,3,1
TN165157,El Aitha,Zaghouan,Zaghouan,24.08,Ouled Khiar,23.1,Ouled Saïd,21.1,Riah,32.3,Ouled Saïd,1881 Lasailly,21.1,Ouled Khiar,23.1,3,1
TN165156,Jimla,Zaghouan,Zaghouan,75.97,Ouled Khiar,18.3,Ouled Saïd,25.5,Riah,28.5,Ouled Khiar,1853 Pellissier,18.3,Ouled Saïd,25.5,3,1
TN165155,Mograne,Zaghouan,Zaghouan,73.1,Ouled Khiar,17.1,Ouled Saïd,29.7,Riah,24.6,Ouled Khiar,1853 Pellissier,17.1,Riah,24.6,3,1
TN165158,Oued Erremel,Zaghouan,Zaghouan,62.81,Ouled Khiar,26.8,Ouled Saïd,16.9,Ouled Saïd,34.6,Ouled Saïd,1881 Lasailly,16.9,Ouled Khiar,26.8,3,2
TN165159,Oued Ezzit,Zaghouan,Zaghouan,78.11,Ouled Saïd,28.1,Ouled Saïd,12.3,Ouled Saïd,34.9,Ouled Saïd,1881 Lasailly,12.3,Ouled Khiar,32.6,3,3
TN165152,Zaghouan Nord,Zaghouan,Zaghouan,5.63,Ouled Khiar,20.1,Ouled Saïd,25.5,Riah,28.4,Ouled Khiar,1853 Pellissier,20.1,Ouled Saïd,25.5,3,1
TN165153,Zaghouan Sud,Zaghouan,Zaghouan,14.83,Ouled Khiar,22.2,Ouled Saïd,23.2,Riah,30.7,Ouled Khiar,1853 Pellissier,22.2,Ouled Saïd,23.2,3,1
TN165151,Zaghouan Ville,Zaghouan,Zaghouan,1.26,Ouled Khiar,21.5,Ouled Saïd,24.6,Riah,29.6,Ouled Khiar,1853 Pellissier,21.5,Ouled Saïd,24.6,3,1
TN165258,Ain El Batria,Zriba,Zaghouan,49.05,Ouled Saïd,13.4,Ouled Saïd,13.2,Ouled Saïd,18.8,Ouled Saïd,1881 Lasailly,13.2,Souassi,22.1,3,3
TN165256,Bou Achir,Zriba,Zaghouan,39.4,Ouled Saïd,19.6,Ouled Saïd,6.2,Ouled Saïd,26.7,Ouled Saïd,1881 Lasailly,6.2,Souassi,30.8,3,3
TN165251,El Jouf Est,Zriba,Zaghouan,42.66,Ouled Saïd,24.3,Ouled Saïd,22.3,Ouled Saïd,27.4,Ouled Saïd,1881 Lasailly,22.3,Ouled Khiar,28.2,3,3
TN165252,El Jouf Ouest,Zriba,Zaghouan,53.01,Ouled Saïd,24.0,Souassi,25.8,Ouled Saïd,25.5,Ouled Saïd,1853 Pellissier,24.0,Souassi,25.8,3,2
TN165253,Ez-Zeriba Hammam Sud,Zriba,Zaghouan,27.13,Ouled Saïd,20.0,Ouled Saïd,17.1,Ouled Saïd,24.3,Ouled Saïd,1881 Lasailly,17.1,Souassi,26.6,3,3
TN165255,Ez-Zeriba Village,Zriba,Zaghouan,29.43,Ouled Saïd,19.8,Ouled Saïd,12.2,Ouled Saïd,25.5,Ouled Saïd,1881 Lasailly,12.2,Souassi,28.7,3,3
TN165254,Ez-Zriba Hammam Nord,Zriba,Zaghouan,39.39,Ouled Saïd,23.0,Ouled Saïd,13.6,Ouled Saïd,28.7,Ouled Saïd,1881 Lasailly,13.6,Ouled Khiar,30.9,3,3
TN165257,Jeradou,Zriba,Zaghouan,59.36,Ouled Saïd,13.1,Ouled Saïd,6.9,Ouled Saïd,20.5,Ouled Saïd,1881 Lasailly,6.9,Souassi,25.0,3,3
