{"type": "FeatureCollection", "features": [{"type": "Feature", "geometry": {"type": "Point", "coordinates": [9.71427, 35.42531]}, "properties": {"record_id": "oai:u-bordeaux-montaigne.fr:340516", "symbol_class": "building", "pixel_x": 7740.1, "pixel_y": 845.9, "easting": 483088.9, "northing": 236107.2, "epsg_source": 22391}}, {"type": "Feature", "geometry": {"type": "Point", "coordinates": [9.692, 35.42669]}, "properties": {"record_id": "oai:u-bordeaux-montaigne.fr:340516", "symbol_class": "building", "pixel_x": 7260.3, "pixel_y": 846.2, "easting": 481067.0, "northing": 236264.1, "epsg_source": 22391}}, {"type": "Feature", "geometry": {"type": "Point", "coordinates": [9.69072, 35.42671]}, "properties": {"record_id": "oai:u-bordeaux-montaigne.fr:340516", "symbol_class": "building", "pixel_x": 7233.0, "pixel_y": 847.7, "easting": 480951.1, "northing": 236266.8, "epsg_source": 22391}}, {"type": "Feature", "geometry": {"type": "Point", "coordinates": [9.70329, 35.42577]}, "properties": {"record_id": "oai:u-bordeaux-montaigne.fr:340516", "symbol_class": "building", "pixel_x": 7504.0, "pixel_y": 851.8, "easting": 482092.2, "northing": 236160.4, "epsg_source": 22391}}, {"type": "Feature", "geometry": {"type": "Point", "coordinates": [9.70195, 35.42579]}, "properties": {"record_id": "oai:u-bordeaux-montaigne.fr:340516", "symbol_class": "building", "pixel_x": 7475.3, "pixel_y": 853.6, "easting": 481970.5, "northing": 236162.4, "epsg_source": 22391}}, {"type": "Feature", "geometry": {"type": "Point", "coordinates": [9.72397, 35.42455]}, "properties": {"record_id": "oai:u-bordeaux-montaigne.fr:340516", "symbol_class": "building", "pixel_x": 7949.2, "pixel_y": 850.0, "easting": 483969.0, "northing": 236021.0, "epsg_source": 22391}}, {"type": "Feature", "geometry": {"type": "Point", "coordinates": [9.72491, 35.42456]}, "properties": {"record_id": "oai:u-bordeaux-montaigne.fr:340516", "symbol_class": "building", "pixel_x": 7969.3, "pixel_y": 848.3, "easting": 484054.3, "northing": 236021.4, "epsg_source": 22391}}, {"type": "Feature", "geometry": {"type": "Point", "coordinates": [9.72551, 35.42451]}, "properties": {"record_id": "oai:u-bordeaux-montaigne.fr:340516", "symbol_class": "building", "pixel_x": 7982.1, "pixel_y": 848.4, "easting": 484108.4, "northing": 236016.8, "epsg_source": 22391}}, {"type": "Feature", "geometry": {"type": "Point", "coordinates": [9.72555, 35.42387]}, "properties": {"record_id": "oai:u-bordeaux-montaigne.fr:340516", "symbol_class": "building", "pixel_x": 7984.4, "pixel_y": 865.3, "easting": 484112.5, "northing": 235945.5, "epsg_source": 22391}}, {"type": "Feature", "geometry": {"type": "Point", "coordinates": [9.72485, 35.42387]}, "properties": {"record_id": "oai:u-bordeaux-montaigne.fr:340516", "symbol_class": "building", "pixel_x": 7969.3, "pixel_y": 866.6, "easting": 484048.7, "northing": 235945.1, "epsg_source": 22391}}, {"type": "Feature", "geometry": {"type": "Point", "coordinates": [9.66948, 35.42708]}, "properties": {"record_id": "oai:u-bordeaux-montaigne.fr:340516", "symbol_class": "building", "pixel_x": 6777.3, "pixel_y": 872.8, "easting": 479022.8, "northing": 236311.9, "epsg_source": 22391}}, {"type": "Feature", "geometry": {"type": "Point", "coordinates": [9.68044, 35.42611]}, "properties": {"record_id": "oai:u-bordeaux-montaigne.fr:340516", "symbol_class": "building", "pixel_x": 7013.9, "pixel_y": 880.5, "easting": 480017.5, "northing": 236201.5, "epsg_source": 22391}}, {"type": "Feature", "geometry": {"type": "Point", "coordinates": [9.66947, 35.42666]}, "properties": {"record_id": "oai:u-bordeaux-montaigne.fr:340516", "symbol_class": "building", "pixel_x": 6777.9, "pixel_y": 883.9, "easting": 479021.7, "northing": 236265.3, "epsg_source": 22391}}, {"type": "Feature", "geometry": {"type": "Point", "coordinates": [9.68044, 35.42486]}, "properties": {"record_id": "oai:u-bordeaux-montaigne.fr:340516", "symbol_class": "building", "pixel_x": 7016.3, "pixel_y": 913.2, "easting": 480017.3, "northing": 236063.8, "epsg_source": 22391}}, {"type": "Feature", "geometry": {"type": "Point", "coordinates": [9.68043, 35.42348]}, "properties": {"record_id": "oai:u-bordeaux-montaigne.fr:340516", "symbol_class": "building", "pixel_x": 7018.7, "pixel_y": 949.7, "easting": 480016.3, "northing": 235910.0, "epsg_source": 22391}}, {"type": "Feature", "geometry": {"type": "Point", "coordinates": [9.64735, 35.42474]}, "properties": {"record_id": "oai:u-bordeaux-montaigne.fr:340516", "symbol_class": "building", "pixel_x": 6307.7, "pixel_y": 970.6, "easting": 477013.1, "northing": 236056.9, "epsg_source": 22391}}, {"type": "Feature", "geometry": {"type": "Point", "coordinates": [9.6804, 35.41972]}, "properties": {"record_id": "oai:u-bordeaux-montaigne.fr:340516", "symbol_class": "building", "pixel_x": 7025.2, "pixel_y": 1048.8, "easting": 480012.4, "northing": 235493.1, "epsg_source": 22391}}, {"type": "Feature", "geometry": {"type": "Point", "coordinates": [9.69843, 35.41892]}, "properties": {"record_id": "oai:u-bordeaux-montaigne.fr:340516", "symbol_class": "building", "pixel_x": 7412.9, "pixel_y": 1040.2, "easting": 481649.1, "northing": 235401.4, "epsg_source": 22391}}, {"type": "Feature", "geometry": {"type": "Point", "coordinates": [9.63724, 35.4226]}, "properties": {"record_id": "oai:u-bordeaux-montaigne.fr:340516", "symbol_class": "building", "pixel_x": 6095.3, "pixel_y": 1043.3, "easting": 476094.9, "northing": 235822.7, "epsg_source": 22391}}, {"type": "Feature", "geometry": {"type": "Point", "coordinates": [9.63652, 35.4225]}, "properties": {"record_id": "oai:u-bordeaux-montaigne.fr:340516", "symbol_class": "building", "pixel_x": 6079.9, "pixel_y": 1047.2, "easting": 476028.9, "northing": 235811.4, "epsg_source": 22391}}, {"type": "Feature", "geometry": {"type": "Point", "coordinates": [9.6667, 35.42077]}, "properties": {"record_id": "oai:u-bordeaux-montaigne.fr:340516", "symbol_class": "building", "pixel_x": 6729.8, "pixel_y": 1043.5, "easting": 478769.0, "northing": 235612.7, "epsg_source": 22391}}, {"type": "Feature", "geometry": {"type": "Point", "coordinates": [9.63784, 35.42243]}, "properties": {"record_id": "oai:u-bordeaux-montaigne.fr:340516", "symbol_class": "building", "pixel_x": 6108.4, "pixel_y": 1046.9, "easting": 476149.0, "northing": 235803.1, "epsg_source": 22391}}, {"type": "Feature", "geometry": {"type": "Point", "coordinates": [9.66785, 35.42063]}, "properties": {"record_id": "oai:u-bordeaux-montaigne.fr:340516", "symbol_class": "building", "pixel_x": 6754.6, "pixel_y": 1045.4, "easting": 478873.2, "northing": 235596.5, "epsg_source": 22391}}, {"type": "Feature", "geometry": {"type": "Point", "coordinates": [9.66745, 35.42025]}, "properties": {"record_id": "oai:u-bordeaux-montaigne.fr:340516", "symbol_class": "building", "pixel_x": 6746.8, "pixel_y": 1056.0, "easting": 478836.7, "northing": 235554.5, "epsg_source": 22391}}, {"type": "Feature", "geometry": {"type": "Point", "coordinates": [9.64731, 35.42073]}, "properties": {"record_id": "oai:u-bordeaux-montaigne.fr:340516", "symbol_class": "building", "pixel_x": 6314.5, "pixel_y": 1076.2, "easting": 477008.5, "northing": 235612.4, "epsg_source": 22391}}, {"type": "Feature", "geometry": {"type": "Point", "coordinates": [9.5998, 35.42365]}, "properties": {"record_id": "oai:u-bordeaux-montaigne.fr:340516", "symbol_class": "building", "pixel_x": 5291.2, "pixel_y": 1076.4, "easting": 472695.8, "northing": 235949.1, "epsg_source": 22391}}, {"type": "Feature", "geometry": {"type": "Point", "coordinates": [9.64398, 35.42087]}, "properties": {"record_id": "oai:u-bordeaux-montaigne.fr:340516", "symbol_class": "building", "pixel_x": 6242.8, "pixel_y": 1077.9, "easting": 476705.9, "northing": 235629.2, "epsg_source": 22391}}, {"type": "Feature", "geometry": {"type": "Point", "coordinates": [9.70068, 35.41716]}, "properties": {"record_id": "oai:u-bordeaux-montaigne.fr:340516", "symbol_class": "building", "pixel_x": 7464.4, "pixel_y": 1083.0, "easting": 481852.9, "northing": 235204.9, "epsg_source": 22391}}, {"type": "Feature", "geometry": {"type": "Point", "coordinates": [9.64401, 35.42045]}, "properties": {"record_id": "oai:u-bordeaux-montaigne.fr:340516", "symbol_class": "building", "pixel_x": 6244.4, "pixel_y": 1088.8, "easting": 476709.0, "northing": 235582.7, "epsg_source": 22391}}, {"type": "Feature", "geometry": {"type": "Point", "coordinates": [9.64445, 35.42034]}, "properties": {"record_id": "oai:u-bordeaux-montaigne.fr:340516", "symbol_class": "building", "pixel_x": 6253.9, "pixel_y": 1091.2, "easting": 476748.6, "northing": 235569.6, "epsg_source": 22391}}, {"type": "Feature", "geometry": {"type": "Point", "coordinates": [9.6451, 35.42023]}, "properties": {"record_id": "oai:u-bordeaux-montaigne.fr:340516", "symbol_class": "building", "pixel_x": 6268.0, "pixel_y": 1093.0, "easting": 476807.3, "northing": 235557.4, "epsg_source": 22391}}, {"type": "Feature", "geometry": {"type": "Point", "coordinates": [9.68039, 35.41782]}, "properties": {"record_id": "oai:u-bordeaux-montaigne.fr:340516", "symbol_class": "building", "pixel_x": 7028.6, "pixel_y": 1098.8, "easting": 480011.3, "northing": 235282.5, "epsg_source": 22391}}, {"type": "Feature", "geometry": {"type": "Point", "coordinates": [9.70057, 35.41655]}, "properties": {"record_id": "oai:u-bordeaux-montaigne.fr:340516", "symbol_class": "building", "pixel_x": 7463.3, "pixel_y": 1099.2, "easting": 481843.1, "northing": 235137.5, "epsg_source": 22391}}, {"type": "Feature", "geometry": {"type": "Point", "coordinates": [9.64449, 35.41966]}, "properties": {"record_id": "oai:u-bordeaux-montaigne.fr:340516", "symbol_class": "building", "pixel_x": 6256.0, "pixel_y": 1109.0, "easting": 476751.8, "northing": 235494.2, "epsg_source": 22391}}, {"type": "Feature", "geometry": {"type": "Point", "coordinates": [9.72565, 35.41458]}, "properties": {"record_id": "oai:u-bordeaux-montaigne.fr:340516", "symbol_class": "building", "pixel_x": 8004.1, "pixel_y": 1109.6, "easting": 484119.4, "northing": 234915.4, "epsg_source": 22391}}, {"type": "Feature", "geometry": {"type": "Point", "coordinates": [9.73202, 35.41414]}, "properties": {"record_id": "oai:u-bordeaux-montaigne.fr:340516", "symbol_class": "building", "pixel_x": 8141.4, "pixel_y": 1110.8, "easting": 484697.6, "northing": 234865.5, "epsg_source": 22391}}, {"type": "Feature", "geometry": {"type": "Point", "coordinates": [9.64848, 35.41934]}, "properties": {"record_id": "oai:u-bordeaux-montaigne.fr:340516", "symbol_class": "building", "pixel_x": 6342.2, "pixel_y": 1110.7, "easting": 477114.3, "northing": 235458.7, "epsg_source": 22391}}, {"type": "Feature", "geometry": {"type": "Point", "coordinates": [9.69757, 35.41627]}, "properties": {"record_id": "oai:u-bordeaux-montaigne.fr:340516", "symbol_class": "building", "pixel_x": 7399.5, "pixel_y": 1111.5, "easting": 481570.4, "northing": 235106.9, "epsg_source": 22391}}, {"type": "Feature", "geometry": {"type": "Point", "coordinates": [9.66947, 35.41796]}, "properties": {"record_id": "oai:u-bordeaux-montaigne.fr:340516", "symbol_class": "building", "pixel_x": 6794.4, "pixel_y": 1113.0, "easting": 479019.7, "northing": 235300.1, "epsg_source": 22391}}, {"type": "Feature", "geometry": {"type": "Point", "coordinates": [9.73149, 35.41404]}, "properties": {"record_id": "oai:u-bordeaux-montaigne.fr:340516", "symbol_class": "building", "pixel_x": 8130.2, "pixel_y": 1114.4, "easting": 484649.3, "northing": 234853.9, "epsg_source": 22391}}, {"type": "Feature", "geometry": {"type": "Point", "coordinates": [9.70056, 35.4159]}, "properties": {"record_id": "oai:u-bordeaux-montaigne.fr:340516", "symbol_class": "building", "pixel_x": 7464.2, "pixel_y": 1116.3, "easting": 481841.8, "northing": 235065.3, "epsg_source": 22391}}, {"type": "Feature", "geometry": {"type": "Point", "coordinates": [9.64479, 35.41929]}, "properties": {"record_id": "oai:u-bordeaux-montaigne.fr:340516", "symbol_class": "building", "pixel_x": 6263.1, "pixel_y": 1118.2, "easting": 476778.6, "northing": 235453.4, "epsg_source": 22391}}, {"type": "Feature", "geometry": {"type": "Point", "coordinates": [9.71746, 35.41465]}, "properties": {"record_id": "oai:u-bordeaux-montaigne.fr:340516", "symbol_class": "building", "pixel_x": 7828.6, "pixel_y": 1121.5, "easting": 483375.8, "northing": 234923.6, "epsg_source": 22391}}, {"type": "Feature", "geometry": {"type": "Point", "coordinates": [9.7182, 35.41462]}, "properties": {"record_id": "oai:u-bordeaux-montaigne.fr:340516", "symbol_class": "building", "pixel_x": 7844.5, "pixel_y": 1120.9, "easting": 483442.8, "northing": 234920.7, "epsg_source": 22391}}, {"type": "Feature", "geometry": {"type": "Point", "coordinates": [9.5256, 35.42621]}, "properties": {"record_id": "oai:u-bordeaux-montaigne.fr:340516", "symbol_class": "building", "pixel_x": 3697.2, "pixel_y": 1128.7, "easting": 465960.9, "northing": 236255.5, "epsg_source": 22391}}, {"type": "Feature", "geometry": {"type": "Point", "coordinates": [9.71673, 35.41461]}, "properties": {"record_id": "oai:u-bordeaux-montaigne.fr:340516", "symbol_class": "building", "pixel_x": 7813.1, "pixel_y": 1123.7, "easting": 483309.8, "northing": 234919.4, "epsg_source": 22391}}, {"type": "Feature", "geometry": {"type": "Point", "coordinates": [9.62526, 35.42016]}, "properties": {"record_id": "oai:u-bordeaux-montaigne.fr:340516", "symbol_class": "building", "pixel_x": 5843.2, "pixel_y": 1127.2, "easting": 475006.3, "northing": 235554.4, "epsg_source": 22391}}, {"type": "Feature", "geometry": {"type": "Point", "coordinates": [9.64432, 35.41897]}, "properties": {"record_id": "oai:u-bordeaux-montaigne.fr:340516", "symbol_class": "building", "pixel_x": 6253.7, "pixel_y": 1127.4, "easting": 476736.3, "northing": 235418.0, "epsg_source": 22391}}, {"type": "Feature", "geometry": {"type": "Point", "coordinates": [9.71554, 35.41461]}, "properties": {"record_id": "oai:u-bordeaux-montaigne.fr:340516", "symbol_class": "building", "pixel_x": 7787.6, "pixel_y": 1125.6, "easting": 483201.6, "northing": 234919.8, "epsg_source": 22391}}, {"type": "Feature", "geometry": {"type": "Point", "coordinates": [9.71471, 35.41461]}, "properties": {"record_id": "oai:u-bordeaux-montaigne.fr:340516", "symbol_class": "building", "pixel_x": 7769.7, "pixel_y": 1127.1, "easting": 483125.8, "northing": 234919.7, "epsg_source": 22391}}, {"type": "Feature", "geometry": {"type": "Point", "coordinates": [9.71162, 35.41461]}, "properties": {"record_id": "oai:u-bordeaux-montaigne.fr:340516", "symbol_class": "building", "pixel_x": 7703.7, "pixel_y": 1132.0, "easting": 482846.0, "northing": 234920.9, "epsg_source": 22391}}, {"type": "Feature", "geometry": {"type": "Point", "coordinates": [9.52753, 35.4259]}, "properties": {"record_id": "oai:u-bordeaux-montaigne.fr:340516", "symbol_class": "building", "pixel_x": 3739.1, "pixel_y": 1133.7, "easting": 466136.1, "northing": 236220.7, "epsg_source": 22391}}, {"type": "Feature", "geometry": {"type": "Point", "coordinates": [9.71081, 35.41461]}, "properties": {"record_id": "oai:u-bordeaux-montaigne.fr:340516", "symbol_class": "building", "pixel_x": 7686.3, "pixel_y": 1133.3, "easting": 482772.4, "northing": 234921.0, "epsg_source": 22391}}, {"type": "Feature", "geometry": {"type": "Point", "coordinates": [9.52709, 35.42585]}, "properties": {"record_id": "oai:u-bordeaux-montaigne.fr:340516", "symbol_class": "building", "pixel_x": 3729.6, "pixel_y": 1135.6, "easting": 466095.4, "northing": 236215.8, "epsg_source": 22391}}, {"type": "Feature", "geometry": {"type": "Point", "coordinates": [9.54821, 35.42421]}, "properties": {"record_id": "oai:u-bordeaux-montaigne.fr:340516", "symbol_class": "building", "pixel_x": 4185.1, "pixel_y": 1145.1, "easting": 468012.1, "northing": 236026.0, "epsg_source": 22391}}, {"type": "Feature", "geometry": {"type": "Point", "coordinates": [9.52656, 35.42562]}, "properties": {"record_id": "oai:u-bordeaux-montaigne.fr:340516", "symbol_class": "building", "pixel_x": 3718.8, "pixel_y": 1142.5, "easting": 466048.0, "northing": 236190.5, "epsg_source": 22391}}, {"type": "Feature", "geometry": {"type": "Point", "coordinates": [9.52826, 35.42549]}, "properties": {"record_id": "oai:u-bordeaux-montaigne.fr:340516", "symbol_class": "building", "pixel_x": 3755.3, "pixel_y": 1143.2, "easting": 466201.4, "northing": 236175.5, "epsg_source": 22391}}, {"type": "Feature", "geometry": {"type": "Point", "coordinates": [9.70477, 35.41468]}, "properties": {"record_id": "oai:u-bordeaux-montaigne.fr:340516", "symbol_class": "building", "pixel_x": 7556.7, "pixel_y": 1141.3, "easting": 482223.5, "northing": 234930.2, "epsg_source": 22391}}, {"type": "Feature", "geometry": {"type": "Point", "coordinates": [9.52785, 35.42551]}, "properties": {"record_id": "oai:u-bordeaux-montaigne.fr:340516", "symbol_class": "building", "pixel_x": 3746.6, "pixel_y": 1143.4, "easting": 466164.7, "northing": 236177.4, "epsg_source": 22391}}, {"type": "Feature", "geometry": {"type": "Point", "coordinates": [9.70395, 35.41464]}, "properties": {"record_id": "oai:u-bordeaux-montaigne.fr:340516", "symbol_class": "building", "pixel_x": 7539.3, "pixel_y": 1143.8, "easting": 482149.6, "northing": 234925.6, "epsg_source": 22391}}, {"type": "Feature", "geometry": {"type": "Point", "coordinates": [9.7012, 35.41468]}, "properties": {"record_id": "oai:u-bordeaux-montaigne.fr:340516", "symbol_class": "building", "pixel_x": 7480.2, "pixel_y": 1147.2, "easting": 481899.2, "northing": 234930.8, "epsg_source": 22391}}, {"type": "Feature", "geometry": {"type": "Point", "coordinates": [9.69828, 35.41465]}, "properties": {"record_id": "oai:u-bordeaux-montaigne.fr:340516", "symbol_class": "building", "pixel_x": 7417.7, "pixel_y": 1152.9, "easting": 481634.0, "northing": 234927.4, "epsg_source": 22391}}, {"type": "Feature", "geometry": {"type": "Point", "coordinates": [9.52735, 35.42506]}, "properties": {"record_id": "oai:u-bordeaux-montaigne.fr:340516", "symbol_class": "building", "pixel_x": 3736.6, "pixel_y": 1156.2, "easting": 466118.6, "northing": 236127.4, "epsg_source": 22391}}, {"type": "Feature", "geometry": {"type": "Point", "coordinates": [9.66868, 35.41641]}, "properties": {"record_id": "oai:u-bordeaux-montaigne.fr:340516", "symbol_class": "building", "pixel_x": 6780.3, "pixel_y": 1155.1, "easting": 478946.9, "northing": 235128.6, "epsg_source": 22391}}, {"type": "Feature", "geometry": {"type": "Point", "coordinates": [9.52801, 35.42502]}, "properties": {"record_id": "oai:u-bordeaux-montaigne.fr:340516", "symbol_class": "building", "pixel_x": 3751.0, "pixel_y": 1156.1, "easting": 466179.1, "northing": 236122.9, "epsg_source": 22391}}, {"type": "Feature", "geometry": {"type": "Point", "coordinates": [9.52656, 35.42491]}, "properties": {"record_id": "oai:u-bordeaux-montaigne.fr:340516", "symbol_class": "building", "pixel_x": 3720.0, "pixel_y": 1161.2, "easting": 466047.0, "northing": 236111.6, "epsg_source": 22391}}, {"type": "Feature", "geometry": {"type": "Point", "coordinates": [9.69309, 35.41466]}, "properties": {"record_id": "oai:u-bordeaux-montaigne.fr:340516", "symbol_class": "building", "pixel_x": 7306.7, "pixel_y": 1161.1, "easting": 481163.6, "northing": 234929.9, "epsg_source": 22391}}, {"type": "Feature", "geometry": {"type": "Point", "coordinates": [9.66872, 35.4161]}, "properties": {"record_id": "oai:u-bordeaux-montaigne.fr:340516", "symbol_class": "building", "pixel_x": 6781.9, "pixel_y": 1163.2, "easting": 478951.1, "northing": 235093.8, "epsg_source": 22391}}, {"type": "Feature", "geometry": {"type": "Point", "coordinates": [9.66821, 35.41608]}, "properties": {"record_id": "oai:u-bordeaux-montaigne.fr:340516", "symbol_class": "building", "pixel_x": 6770.9, "pixel_y": 1164.5, "easting": 478904.3, "northing": 235092.0, "epsg_source": 22391}}, {"type": "Feature", "geometry": {"type": "Point", "coordinates": [9.5482, 35.42317]}, "properties": {"record_id": "oai:u-bordeaux-montaigne.fr:340516", "symbol_class": "building", "pixel_x": 4186.9, "pixel_y": 1172.3, "easting": 468011.2, "northing": 235911.5, "epsg_source": 22391}}, {"type": "Feature", "geometry": {"type": "Point", "coordinates": [9.69735, 35.41389]}, "properties": {"record_id": "oai:u-bordeaux-montaigne.fr:340516", "symbol_class": "building", "pixel_x": 7399.3, "pixel_y": 1174.5, "easting": 481549.7, "northing": 234843.1, "epsg_source": 22391}}, {"type": "Feature", "geometry": {"type": "Point", "coordinates": [9.68224, 35.41473]}, "properties": {"record_id": "oai:u-bordeaux-montaigne.fr:340516", "symbol_class": "building", "pixel_x": 7074.0, "pixel_y": 1177.2, "easting": 480178.1, "northing": 234939.2, "epsg_source": 22391}}, {"type": "Feature", "geometry": {"type": "Point", "coordinates": [9.69897, 35.41365]}, "properties": {"record_id": "oai:u-bordeaux-montaigne.fr:340516", "symbol_class": "building", "pixel_x": 7434.4, "pixel_y": 1178.2, "easting": 481696.6, "northing": 234816.0, "epsg_source": 22391}}, {"type": "Feature", "geometry": {"type": "Point", "coordinates": [9.72791, 35.41162]}, "properties": {"record_id": "oai:u-bordeaux-montaigne.fr:340516", "symbol_class": "building", "pixel_x": 8058.3, "pixel_y": 1184.0, "easting": 484324.1, "northing": 234586.1, "epsg_source": 22391}}, {"type": "Feature", "geometry": {"type": "Point", "coordinates": [9.72719, 35.41162]}, "properties": {"record_id": "oai:u-bordeaux-montaigne.fr:340516", "symbol_class": "building", "pixel_x": 8042.8, "pixel_y": 1185.1, "easting": 484258.5, "northing": 234586.7, "epsg_source": 22391}}, {"type": "Feature", "geometry": {"type": "Point", "coordinates": [9.72992, 35.41144]}, "properties": {"record_id": "oai:u-bordeaux-montaigne.fr:340516", "symbol_class": "building", "pixel_x": 8101.6, "pixel_y": 1185.4, "easting": 484506.4, "northing": 234565.7, "epsg_source": 22391}}, {"type": "Feature", "geometry": {"type": "Point", "coordinates": [9.73053, 35.41139]}, "properties": {"record_id": "oai:u-bordeaux-montaigne.fr:340516", "symbol_class": "building", "pixel_x": 8114.7, "pixel_y": 1185.6, "easting": 484561.6, "northing": 234560.7, "epsg_source": 22391}}, {"type": "Feature", "geometry": {"type": "Point", "coordinates": [9.73129, 35.41132]}, "properties": {"record_id": "oai:u-bordeaux-montaigne.fr:340516", "symbol_class": "building", "pixel_x": 8131.2, "pixel_y": 1186.3, "easting": 484630.8, "northing": 234552.3, "epsg_source": 22391}}, {"type": "Feature", "geometry": {"type": "Point", "coordinates": [9.72848, 35.41127]}, "properties": {"record_id": "oai:u-bordeaux-montaigne.fr:340516", "symbol_class": "building", "pixel_x": 8071.2, "pixel_y": 1192.2, "easting": 484376.1, "northing": 234547.5, "epsg_source": 22391}}, {"type": "Feature", "geometry": {"type": "Point", "coordinates": [9.72906, 35.41105]}, "properties": {"record_id": "oai:u-bordeaux-montaigne.fr:340516", "symbol_class": "building", "pixel_x": 8084.1, "pixel_y": 1197.0, "easting": 484428.9, "northing": 234523.0, "epsg_source": 22391}}, {"type": "Feature", "geometry": {"type": "Point", "coordinates": [9.68043, 35.4138]}, "properties": {"record_id": "oai:u-bordeaux-montaigne.fr:340516", "symbol_class": "building", "pixel_x": 7036.9, "pixel_y": 1204.4, "easting": 480013.2, "northing": 234837.1, "epsg_source": 22391}}, {"type": "Feature", "geometry": {"type": "Point", "coordinates": [9.63988, 35.41652]}, "properties": {"record_id": "oai:u-bordeaux-montaigne.fr:340516", "symbol_class": "building", "pixel_x": 6163.2, "pixel_y": 1199.0, "easting": 476332.2, "northing": 235148.0, "epsg_source": 22391}}, {"type": "Feature", "geometry": {"type": "Point", "coordinates": [9.45871, 35.42673]}, "properties": {"record_id": "oai:u-bordeaux-montaigne.fr:340516", "symbol_class": "building", "pixel_x": 2263.3, "pixel_y": 1221.5, "easting": 459888.5, "northing": 236339.3, "epsg_source": 22391}}, {"type": "Feature", "geometry": {"type": "Point", "coordinates": [9.68039, 35.41281]}, "properties": {"record_id": "oai:u-bordeaux-montaigne.fr:340516", "symbol_class": "building", "pixel_x": 7038.0, "pixel_y": 1230.7, "easting": 480009.4, "northing": 234726.9, "epsg_source": 22391}}, {"type": "Feature", "geometry": {"type": "Point", "coordinates": [9.443, 35.42635]}, "properties": {"record_id": "oai:u-bordeaux-montaigne.fr:340516", "symbol_class": "building", "pixel_x": 1927.4, "pixel_y": 1256.6, "easting": 458462.0, "northing": 236303.0, "epsg_source": 22391}}, {"type": "Feature", "geometry": {"type": "Point", "coordinates": [9.4442, 35.42646]}, "properties": {"record_id": "oai:u-bordeaux-montaigne.fr:340516", "symbol_class": "building", "pixel_x": 1952.9, "pixel_y": 1251.8, "easting": 458571.0, "northing": 236314.7, "epsg_source": 22391}}, {"type": "Feature", "geometry": {"type": "Point", "coordinates": [9.67493, 35.41238]}, "properties": {"record_id": "oai:u-bordeaux-montaigne.fr:340516", "symbol_class": "building", "pixel_x": 6921.9, "pixel_y": 1250.9, "easting": 479514.0, "northing": 234680.4, "epsg_source": 22391}}, {"type": "Feature", "geometry": {"type": "Point", "coordinates": [9.44463, 35.4262]}, "properties": {"record_id": "oai:u-bordeaux-montaigne.fr:340516", "symbol_class": "building", "pixel_x": 1962.7, "pixel_y": 1257.8, "easting": 458610.4, "northing": 236286.4, "epsg_source": 22391}}, {"type": "Feature", "geometry": {"type": "Point", "coordinates": [9.67452, 35.41208]}, "properties": {"record_id": "oai:u-bordeaux-montaigne.fr:340516", "symbol_class": "building", "pixel_x": 6913.6, "pixel_y": 1259.4, "easting": 479476.0, "northing": 234647.5, "epsg_source": 22391}}, {"type": "Feature", "geometry": {"type": "Point", "coordinates": [9.67516, 35.41198]}, "properties": {"record_id": "oai:u-bordeaux-montaigne.fr:340516", "symbol_class": "building", "pixel_x": 6927.6, "pixel_y": 1261.1, "easting": 479534.7, "northing": 234635.7, "epsg_source": 22391}}, {"type": "Feature", "geometry": {"type": "Point", "coordinates": [9.42791, 35.42692]}, "properties": {"record_id": "oai:u-bordeaux-montaigne.fr:340516", "symbol_class": "building", "pixel_x": 1603.2, "pixel_y": 1265.4, "easting": 457092.9, "northing": 236373.1, "epsg_source": 22391}}, {"type": "Feature", "geometry": {"type": "Point", "coordinates": [9.62997, 35.4148]}, "properties": {"record_id": "oai:u-bordeaux-montaigne.fr:340516", "symbol_class": "building", "pixel_x": 5954.2, "pixel_y": 1260.4, "easting": 475432.2, "northing": 234959.6, "epsg_source": 22391}}, {"type": "Feature", "geometry": {"type": "Point", "coordinates": [9.44462, 35.4259]}, "properties": {"record_id": "oai:u-bordeaux-montaigne.fr:340516", "symbol_class": "building", "pixel_x": 1962.9, "pixel_y": 1265.8, "easting": 458608.7, "northing": 236252.7, "epsg_source": 22391}}, {"type": "Feature", "geometry": {"type": "Point", "coordinates": [9.44419, 35.42568]}, "properties": {"record_id": "oai:u-bordeaux-montaigne.fr:340516", "symbol_class": "building", "pixel_x": 1954.2, "pixel_y": 1272.3, "easting": 458569.8, "northing": 236228.6, "epsg_source": 22391}}, {"type": "Feature", "geometry": {"type": "Point", "coordinates": [9.67359, 35.41179]}, "properties": {"record_id": "oai:u-bordeaux-montaigne.fr:340516", "symbol_class": "building", "pixel_x": 6894.3, "pixel_y": 1268.7, "easting": 479392.1, "northing": 234614.9, "epsg_source": 22391}}, {"type": "Feature", "geometry": {"type": "Point", "coordinates": [9.44351, 35.42563]}, "properties": {"record_id": "oai:u-bordeaux-montaigne.fr:340516", "symbol_class": "building", "pixel_x": 1939.8, "pixel_y": 1274.7, "easting": 458508.4, "northing": 236223.1, "epsg_source": 22391}}, {"type": "Feature", "geometry": {"type": "Point", "coordinates": [9.44285, 35.42553]}, "properties": {"record_id": "oai:u-bordeaux-montaigne.fr:340516", "symbol_class": "building", "pixel_x": 1925.7, "pixel_y": 1278.5, "easting": 458447.8, "northing": 236212.1, "epsg_source": 22391}}, {"type": "Feature", "geometry": {"type": "Point", "coordinates": [9.67358, 35.4113]}, "properties": {"record_id": "oai:u-bordeaux-montaigne.fr:340516", "symbol_class": "building", "pixel_x": 6895.1, "pixel_y": 1281.6, "easting": 479391.2, "northing": 234560.5, "epsg_source": 22391}}, {"type": "Feature", "geometry": {"type": "Point", "coordinates": [9.67473, 35.41124]}, "properties": {"record_id": "oai:u-bordeaux-montaigne.fr:340516", "symbol_class": "building", "pixel_x": 6919.8, "pixel_y": 1281.3, "easting": 479495.2, "northing": 234553.7, "epsg_source": 22391}}, {"type": "Feature", "geometry": {"type": "Point", "coordinates": [9.68041, 35.41071]}, "properties": {"record_id": "oai:u-bordeaux-montaigne.fr:340516", "symbol_class": "building", "pixel_x": 7042.5, "pixel_y": 1285.8, "easting": 480011.3, "northing": 234494.5, "epsg_source": 22391}}, {"type": "Feature", "geometry": {"type": "Point", "coordinates": [9.67412, 35.41114]}, "properties": {"record_id": "oai:u-bordeaux-montaigne.fr:340516", "symbol_class": "building", "pixel_x": 6906.9, "pixel_y": 1284.9, "easting": 479439.8, "northing": 234543.1, "epsg_source": 22391}}, {"type": "Feature", "geometry": {"type": "Point", "coordinates": [9.72402, 35.40779]}, "properties": {"record_id": "oai:u-bordeaux-montaigne.fr:340516", "symbol_class": "building", "pixel_x": 7982.2, "pixel_y": 1291.1, "easting": 483970.0, "northing": 234162.5, "epsg_source": 22391}}, {"type": "Feature", "geometry": {"type": "Point", "coordinates": [9.67412, 35.41084]}, "properties": {"record_id": "oai:u-bordeaux-montaigne.fr:340516", "symbol_class": "building", "pixel_x": 6907.4, "pixel_y": 1292.9, "easting": 479439.5, "northing": 234509.4, "epsg_source": 22391}}, {"type": "Feature", "geometry": {"type": "Point", "coordinates": [9.72294, 35.40744]}, "properties": {"record_id": "oai:u-bordeaux-montaigne.fr:340516", "symbol_class": "building", "pixel_x": 7959.8, "pixel_y": 1302.2, "easting": 483872.3, "northing": 234123.3, "epsg_source": 22391}}, {"type": "Feature", "geometry": {"type": "Point", "coordinates": [9.72375, 35.40696]}, "properties": {"record_id": "oai:u-bordeaux-montaigne.fr:340516", "symbol_class": "building", "pixel_x": 7978.1, "pixel_y": 1313.6, "easting": 483945.7, "northing": 234069.6, "epsg_source": 22391}}, {"type": "Feature", "geometry": {"type": "Point", "coordinates": [9.49324, 35.42106]}, "properties": {"record_id": "oai:u-bordeaux-montaigne.fr:340516", "symbol_class": "building", "pixel_x": 3013.4, "pixel_y": 1316.0, "easting": 463020.6, "northing": 235696.3, "epsg_source": 22391}}, {"type": "Feature", "geometry": {"type": "Point", "coordinates": [9.71674, 35.40733]}, "properties": {"record_id": "oai:u-bordeaux-montaigne.fr:340516", "symbol_class": "building", "pixel_x": 7827.2, "pixel_y": 1315.4, "easting": 483309.2, "northing": 234112.0, "epsg_source": 22391}}, {"type": "Feature", "geometry": {"type": "Point", "coordinates": [9.72318, 35.40703]}, "properties": {"record_id": "oai:u-bordeaux-montaigne.fr:340516", "symbol_class": "building", "pixel_x": 7965.6, "pixel_y": 1312.7, "easting": 483893.4, "northing": 234077.5, "epsg_source": 22391}}, {"type": "Feature", "geometry": {"type": "Point", "coordinates": [9.49791, 35.42078]}, "properties": {"record_id": "oai:u-bordeaux-montaigne.fr:340516", "symbol_class": "building", "pixel_x": 3114.1, "pixel_y": 1315.9, "easting": 463444.8, "northing": 235663.5, "epsg_source": 22391}}, {"type": "Feature", "geometry": {"type": "Point", "coordinates": [9.716, 35.4072]}, "properties": {"record_id": "oai:u-bordeaux-montaigne.fr:340516", "symbol_class": "building", "pixel_x": 7811.5, "pixel_y": 1319.9, "easting": 483241.4, "northing": 234098.2, "epsg_source": 22391}}, {"type": "Feature", "geometry": {"type": "Point", "coordinates": [9.72411, 35.40668]}, "properties": {"record_id": "oai:u-bordeaux-montaigne.fr:340516", "symbol_class": "building", "pixel_x": 7986.3, "pixel_y": 1320.2, "easting": 483978.2, "northing": 234039.3, "epsg_source": 22391}}, {"type": "Feature", "geometry": {"type": "Point", "coordinates": [9.71522, 35.40704]}, "properties": {"record_id": "oai:u-bordeaux-montaigne.fr:340516", "symbol_class": "building", "pixel_x": 7795.1, "pixel_y": 1325.5, "easting": 483170.7, "northing": 234079.9, "epsg_source": 22391}}, {"type": "Feature", "geometry": {"type": "Point", "coordinates": [9.71872, 35.40681]}, "properties": {"record_id": "oai:u-bordeaux-montaigne.fr:340516", "symbol_class": "building", "pixel_x": 7870.5, "pixel_y": 1325.6, "easting": 483488.4, "northing": 234054.7, "epsg_source": 22391}}, {"type": "Feature", "geometry": {"type": "Point", "coordinates": [9.49835, 35.42034]}, "properties": {"record_id": "oai:u-bordeaux-montaigne.fr:340516", "symbol_class": "building", "pixel_x": 3124.1, "pixel_y": 1326.7, "easting": 463483.8, "northing": 235614.8, "epsg_source": 22391}}, {"type": "Feature", "geometry": {"type": "Point", "coordinates": [9.49787, 35.42023]}, "properties": {"record_id": "oai:u-bordeaux-montaigne.fr:340516", "symbol_class": "building", "pixel_x": 3114.2, "pixel_y": 1330.4, "easting": 463440.9, "northing": 235602.8, "epsg_source": 22391}}, {"type": "Feature", "geometry": {"type": "Point", "coordinates": [9.49802, 35.41988]}, "properties": {"record_id": "oai:u-bordeaux-montaigne.fr:340516", "symbol_class": "building", "pixel_x": 3118.0, "pixel_y": 1339.3, "easting": 463454.1, "northing": 235564.2, "epsg_source": 22391}}, {"type": "Feature", "geometry": {"type": "Point", "coordinates": [9.72898, 35.40555]}, "properties": {"record_id": "oai:u-bordeaux-montaigne.fr:340516", "symbol_class": "building", "pixel_x": 8092.7, "pixel_y": 1342.0, "easting": 484419.8, "northing": 233913.1, "epsg_source": 22391}}, {"type": "Feature", "geometry": {"type": "Point", "coordinates": [9.72581, 35.40557]}, "properties": {"record_id": "oai:u-bordeaux-montaigne.fr:340516", "symbol_class": "building", "pixel_x": 8024.8, "pixel_y": 1346.8, "easting": 484132.2, "northing": 233915.2, "epsg_source": 22391}}, {"type": "Feature", "geometry": {"type": "Point", "coordinates": [9.72404, 35.40558]}, "properties": {"record_id": "oai:u-bordeaux-montaigne.fr:340516", "symbol_class": "building", "pixel_x": 7986.8, "pixel_y": 1349.3, "easting": 483971.2, "northing": 233917.2, "epsg_source": 22391}}, {"type": "Feature", "geometry": {"type": "Point", "coordinates": [9.72291, 35.40558]}, "properties": {"record_id": "oai:u-bordeaux-montaigne.fr:340516", "symbol_class": "building", "pixel_x": 7962.7, "pixel_y": 1351.2, "easting": 483869.1, "northing": 233917.3, "epsg_source": 22391}}, {"type": "Feature", "geometry": {"type": "Point", "coordinates": [9.72201, 35.40556]}, "properties": {"record_id": "oai:u-bordeaux-montaigne.fr:340516", "symbol_class": "building", "pixel_x": 7943.5, "pixel_y": 1353.2, "easting": 483787.5, "northing": 233915.0, "epsg_source": 22391}}, {"type": "Feature", "geometry": {"type": "Point", "coordinates": [9.71307, 35.40562]}, "properties": {"record_id": "oai:u-bordeaux-montaigne.fr:340516", "symbol_class": "building", "pixel_x": 7751.8, "pixel_y": 1366.5, "easting": 482975.6, "northing": 233922.8, "epsg_source": 22391}}, {"type": "Feature", "geometry": {"type": "Point", "coordinates": [9.70905, 35.40564]}, "properties": {"record_id": "oai:u-bordeaux-montaigne.fr:340516", "symbol_class": "building", "pixel_x": 7665.6, "pixel_y": 1372.4, "easting": 482610.3, "northing": 233926.2, "epsg_source": 22391}}, {"type": "Feature", "geometry": {"type": "Point", "coordinates": [9.70778, 35.40564]}, "properties": {"record_id": "oai:u-bordeaux-montaigne.fr:340516", "symbol_class": "building", "pixel_x": 7638.3, "pixel_y": 1374.6, "easting": 482494.6, "northing": 233926.3, "epsg_source": 22391}}, {"type": "Feature", "geometry": {"type": "Point", "coordinates": [9.53474, 35.4162]}, "properties": {"record_id": "oai:u-bordeaux-montaigne.fr:340516", "symbol_class": "building", "pixel_x": 3911.5, "pixel_y": 1377.5, "easting": 466786.3, "northing": 235142.6, "epsg_source": 22391}}, {"type": "Feature", "geometry": {"type": "Point", "coordinates": [9.69887, 35.40569]}, "properties": {"record_id": "oai:u-bordeaux-montaigne.fr:340516", "symbol_class": "building", "pixel_x": 7447.5, "pixel_y": 1388.0, "easting": 481686.1, "northing": 233933.1, "epsg_source": 22391}}, {"type": "Feature", "geometry": {"type": "Point", "coordinates": [9.69774, 35.40567]}, "properties": {"record_id": "oai:u-bordeaux-montaigne.fr:340516", "symbol_class": "building", "pixel_x": 7423.3, "pixel_y": 1390.2, "easting": 481583.2, "northing": 233931.6, "epsg_source": 22391}}, {"type": "Feature", "geometry": {"type": "Point", "coordinates": [9.69674, 35.40565]}, "properties": {"record_id": "oai:u-bordeaux-montaigne.fr:340516", "symbol_class": "building", "pixel_x": 7402.0, "pixel_y": 1392.4, "easting": 481493.0, "northing": 233929.7, "epsg_source": 22391}}, {"type": "Feature", "geometry": {"type": "Point", "coordinates": [9.69561, 35.40569]}, "properties": {"record_id": "oai:u-bordeaux-montaigne.fr:340516", "symbol_class": "building", "pixel_x": 7377.5, "pixel_y": 1393.1, "easting": 481389.5, "northing": 233934.6, "epsg_source": 22391}}, {"type": "Feature", "geometry": {"type": "Point", "coordinates": [9.69401, 35.40569]}, "properties": {"record_id": "oai:u-bordeaux-montaigne.fr:340516", "symbol_class": "building", "pixel_x": 7343.4, "pixel_y": 1395.8, "easting": 481244.8, "northing": 233934.7, "epsg_source": 22391}}, {"type": "Feature", "geometry": {"type": "Point", "coordinates": [9.69283, 35.40569]}, "properties": {"record_id": "oai:u-bordeaux-montaigne.fr:340516", "symbol_class": "building", "pixel_x": 7318.0, "pixel_y": 1397.9, "easting": 481137.2, "northing": 233934.3, "epsg_source": 22391}}, {"type": "Feature", "geometry": {"type": "Point", "coordinates": [9.45376, 35.41972]}, "properties": {"record_id": "oai:u-bordeaux-montaigne.fr:340516", "symbol_class": "building", "pixel_x": 2170.1, "pixel_y": 1414.2, "easting": 459435.3, "northing": 235563.1, "epsg_source": 22391}}, {"type": "Feature", "geometry": {"type": "Point", "coordinates": [9.68824, 35.40571]}, "properties": {"record_id": "oai:u-bordeaux-montaigne.fr:340516", "symbol_class": "building", "pixel_x": 7219.6, "pixel_y": 1404.8, "easting": 480720.4, "northing": 233937.6, "epsg_source": 22391}}, {"type": "Feature", "geometry": {"type": "Point", "coordinates": [9.68697, 35.40573]}, "properties": {"record_id": "oai:u-bordeaux-montaigne.fr:340516", "symbol_class": "building", "pixel_x": 7192.5, "pixel_y": 1406.2, "easting": 480605.8, "northing": 233940.6, "epsg_source": 22391}}, {"type": "Feature", "geometry": {"type": "Point", "coordinates": [9.68773, 35.40569]}, "properties": {"record_id": "oai:u-bordeaux-montaigne.fr:340516", "symbol_class": "building", "pixel_x": 7208.8, "pixel_y": 1406.1, "easting": 480674.5, "northing": 233935.8, "epsg_source": 22391}}, {"type": "Feature", "geometry": {"type": "Point", "coordinates": [9.64735, 35.40782]}, "properties": {"record_id": "oai:u-bordeaux-montaigne.fr:340516", "symbol_class": "building", "pixel_x": 6339.6, "pixel_y": 1416.1, "easting": 477007.8, "northing": 234180.3, "epsg_source": 22391}}, {"type": "Feature", "geometry": {"type": "Point", "coordinates": [9.57798, 35.41223]}, "properties": {"record_id": "oai:u-bordeaux-montaigne.fr:340516", "symbol_class": "building", "pixel_x": 4845.3, "pixel_y": 1412.5, "easting": 470711.0, "northing": 234688.0, "epsg_source": 22391}}, {"type": "Feature", "geometry": {"type": "Point", "coordinates": [9.57596, 35.41227]}, "properties": {"record_id": "oai:u-bordeaux-montaigne.fr:340516", "symbol_class": "building", "pixel_x": 4801.8, "pixel_y": 1414.7, "easting": 470527.0, "northing": 234693.3, "epsg_source": 22391}}, {"type": "Feature", "geometry": {"type": "Point", "coordinates": [9.68045, 35.40526]}, "properties": {"record_id": "oai:u-bordeaux-montaigne.fr:340516", "symbol_class": "building", "pixel_x": 7053.6, "pixel_y": 1429.2, "easting": 480012.9, "northing": 233890.0, "epsg_source": 22391}}, {"type": "Feature", "geometry": {"type": "Point", "coordinates": [9.67329, 35.40577]}, "properties": {"record_id": "oai:u-bordeaux-montaigne.fr:340516", "symbol_class": "building", "pixel_x": 6899.4, "pixel_y": 1427.7, "easting": 479363.5, "northing": 233947.3, "epsg_source": 22391}}, {"type": "Feature", "geometry": {"type": "Point", "coordinates": [9.67247, 35.40575]}, "properties": {"record_id": "oai:u-bordeaux-montaigne.fr:340516", "symbol_class": "building", "pixel_x": 6881.8, "pixel_y": 1429.4, "easting": 479289.1, "northing": 233946.0, "epsg_source": 22391}}, {"type": "Feature", "geometry": {"type": "Point", "coordinates": [9.64734, 35.40673]}, "properties": {"record_id": "oai:u-bordeaux-montaigne.fr:340516", "symbol_class": "building", "pixel_x": 6341.6, "pixel_y": 1444.8, "easting": 477007.1, "northing": 234059.6, "epsg_source": 22391}}, {"type": "Feature", "geometry": {"type": "Point", "coordinates": [9.66164, 35.40582]}, "properties": {"record_id": "oai:u-bordeaux-montaigne.fr:340516", "symbol_class": "building", "pixel_x": 6649.7, "pixel_y": 1445.3, "easting": 478305.5, "northing": 233956.1, "epsg_source": 22391}}, {"type": "Feature", "geometry": {"type": "Point", "coordinates": [9.71097, 35.40234]}, "properties": {"record_id": "oai:u-bordeaux-montaigne.fr:340516", "symbol_class": "building", "pixel_x": 7713.1, "pixel_y": 1456.1, "easting": 482784.0, "northing": 233560.0, "epsg_source": 22391}}, {"type": "Feature", "geometry": {"type": "Point", "coordinates": [9.69179, 35.40326]}, "properties": {"record_id": "oai:u-bordeaux-montaigne.fr:340516", "symbol_class": "building", "pixel_x": 7300.3, "pixel_y": 1463.5, "easting": 481042.2, "northing": 233665.2, "epsg_source": 22391}}, {"type": "Feature", "geometry": {"type": "Point", "coordinates": [9.70948, 35.40227]}, "properties": {"record_id": "oai:u-bordeaux-montaigne.fr:340516", "symbol_class": "building", "pixel_x": 7681.2, "pixel_y": 1460.6, "easting": 482648.4, "northing": 233551.8, "epsg_source": 22391}}, {"type": "Feature", "geometry": {"type": "Point", "coordinates": [9.71024, 35.40213]}, "properties": {"record_id": "oai:u-bordeaux-montaigne.fr:340516", "symbol_class": "building", "pixel_x": 7697.9, "pixel_y": 1463.0, "easting": 482717.8, "northing": 233536.2, "epsg_source": 22391}}, {"type": "Feature", "geometry": {"type": "Point", "coordinates": [9.63466, 35.40668]}, "properties": {"record_id": "oai:u-bordeaux-montaigne.fr:340516", "symbol_class": "building", "pixel_x": 6069.9, "pixel_y": 1466.8, "easting": 475855.2, "northing": 234057.1, "epsg_source": 22391}}, {"type": "Feature", "geometry": {"type": "Point", "coordinates": [9.65001, 35.40586]}, "properties": {"record_id": "oai:u-bordeaux-montaigne.fr:340516", "symbol_class": "building", "pixel_x": 6400.5, "pixel_y": 1463.4, "easting": 477249.6, "northing": 233962.3, "epsg_source": 22391}}, {"type": "Feature", "geometry": {"type": "Point", "coordinates": [9.70681, 35.40231]}, "properties": {"record_id": "oai:u-bordeaux-montaigne.fr:340516", "symbol_class": "building", "pixel_x": 7623.9, "pixel_y": 1463.9, "easting": 482405.8, "northing": 233556.8, "epsg_source": 22391}}, {"type": "Feature", "geometry": {"type": "Point", "coordinates": [9.50427, 35.41437]}, "properties": {"record_id": "oai:u-bordeaux-montaigne.fr:340516", "symbol_class": "building", "pixel_x": 3262.0, "pixel_y": 1474.4, "easting": 464018.6, "northing": 234950.8, "epsg_source": 22391}}, {"type": "Feature", "geometry": {"type": "Point", "coordinates": [9.63308, 35.4065]}, "properties": {"record_id": "oai:u-bordeaux-montaigne.fr:340516", "symbol_class": "building", "pixel_x": 6036.4, "pixel_y": 1473.9, "easting": 475712.0, "northing": 234038.2, "epsg_source": 22391}}, {"type": "Feature", "geometry": {"type": "Point", "coordinates": [9.7131, 35.40121]}, "properties": {"record_id": "oai:u-bordeaux-montaigne.fr:340516", "symbol_class": "building", "pixel_x": 7760.9, "pixel_y": 1482.4, "easting": 482977.3, "northing": 233434.0, "epsg_source": 22391}}, {"type": "Feature", "geometry": {"type": "Point", "coordinates": [9.70688, 35.40174]}, "properties": {"record_id": "oai:u-bordeaux-montaigne.fr:340516", "symbol_class": "building", "pixel_x": 7626.7, "pixel_y": 1478.8, "easting": 482412.7, "northing": 233493.5, "epsg_source": 22391}}, {"type": "Feature", "geometry": {"type": "Point", "coordinates": [9.53729, 35.41173]}, "properties": {"record_id": "oai:u-bordeaux-montaigne.fr:340516", "symbol_class": "building", "pixel_x": 3974.4, "pixel_y": 1491.0, "easting": 467015.7, "northing": 234646.4, "epsg_source": 22391}}, {"type": "Feature", "geometry": {"type": "Point", "coordinates": [9.61123, 35.40696]}, "properties": {"record_id": "oai:u-bordeaux-montaigne.fr:340516", "symbol_class": "building", "pixel_x": 5567.4, "pixel_y": 1497.4, "easting": 473727.9, "northing": 234094.3, "epsg_source": 22391}}, {"type": "Feature", "geometry": {"type": "Point", "coordinates": [9.61037, 35.40698]}, "properties": {"record_id": "oai:u-bordeaux-montaigne.fr:340516", "symbol_class": "building", "pixel_x": 5549.0, "pixel_y": 1498.4, "easting": 473650.0, "northing": 234096.4, "epsg_source": 22391}}, {"type": "Feature", "geometry": {"type": "Point", "coordinates": [9.6245, 35.40587]}, "properties": {"record_id": "oai:u-bordeaux-montaigne.fr:340516", "symbol_class": "building", "pixel_x": 5853.9, "pixel_y": 1504.7, "easting": 474932.9, "northing": 233969.7, "epsg_source": 22391}}, {"type": "Feature", "geometry": {"type": "Point", "coordinates": [9.61122, 35.40662]}, "properties": {"record_id": "oai:u-bordeaux-montaigne.fr:340516", "symbol_class": "building", "pixel_x": 5567.8, "pixel_y": 1506.5, "easting": 473726.7, "northing": 234056.2, "epsg_source": 22391}}, {"type": "Feature", "geometry": {"type": "Point", "coordinates": [9.61022, 35.40666]}, "properties": {"record_id": "oai:u-bordeaux-montaigne.fr:340516", "symbol_class": "building", "pixel_x": 5546.3, "pixel_y": 1507.0, "easting": 473636.0, "northing": 234061.2, "epsg_source": 22391}}, {"type": "Feature", "geometry": {"type": "Point", "coordinates": [9.62278, 35.40585]}, "properties": {"record_id": "oai:u-bordeaux-montaigne.fr:340516", "symbol_class": "building", "pixel_x": 5817.0, "pixel_y": 1508.0, "easting": 474776.4, "northing": 233967.8, "epsg_source": 22391}}, {"type": "Feature", "geometry": {"type": "Point", "coordinates": [9.62126, 35.40584]}, "properties": {"record_id": "oai:u-bordeaux-montaigne.fr:340516", "symbol_class": "building", "pixel_x": 5784.5, "pixel_y": 1510.6, "easting": 474638.7, "northing": 233967.6, "epsg_source": 22391}}, {"type": "Feature", "geometry": {"type": "Point", "coordinates": [9.6117, 35.4064]}, "properties": {"record_id": "oai:u-bordeaux-montaigne.fr:340516", "symbol_class": "building", "pixel_x": 5578.5, "pixel_y": 1511.3, "easting": 473770.4, "northing": 234032.7, "epsg_source": 22391}}, {"type": "Feature", "geometry": {"type": "Point", "coordinates": [9.61001, 35.40638]}, "properties": {"record_id": "oai:u-bordeaux-montaigne.fr:340516", "symbol_class": "building", "pixel_x": 5542.5, "pixel_y": 1514.6, "easting": 473617.3, "northing": 234030.5, "epsg_source": 22391}}, {"type": "Feature", "geometry": {"type": "Point", "coordinates": [9.52078, 35.41156]}, "properties": {"record_id": "oai:u-bordeaux-montaigne.fr:340516", "symbol_class": "building", "pixel_x": 3620.9, "pixel_y": 1522.1, "easting": 465516.4, "northing": 234632.8, "epsg_source": 22391}}, {"type": "Feature", "geometry": {"type": "Point", "coordinates": [9.52175, 35.41142]}, "properties": {"record_id": "oai:u-bordeaux-montaigne.fr:340516", "symbol_class": "building", "pixel_x": 3642.2, "pixel_y": 1524.2, "easting": 465605.2, "northing": 234616.8, "epsg_source": 22391}}, {"type": "Feature", "geometry": {"type": "Point", "coordinates": [9.61196, 35.40559]}, "properties": {"record_id": "oai:u-bordeaux-montaigne.fr:340516", "symbol_class": "building", "pixel_x": 5585.7, "pixel_y": 1532.2, "easting": 473794.0, "northing": 233942.8, "epsg_source": 22391}}, {"type": "Feature", "geometry": {"type": "Point", "coordinates": [9.52194, 35.41107]}, "properties": {"record_id": "oai:u-bordeaux-montaigne.fr:340516", "symbol_class": "building", "pixel_x": 3646.8, "pixel_y": 1533.0, "easting": 465622.1, "northing": 234578.5, "epsg_source": 22391}}, {"type": "Feature", "geometry": {"type": "Point", "coordinates": [9.71096, 35.39932]}, "properties": {"record_id": "oai:u-bordeaux-montaigne.fr:340516", "symbol_class": "building", "pixel_x": 7718.6, "pixel_y": 1535.6, "easting": 482782.5, "northing": 233225.1, "epsg_source": 22391}}, {"type": "Feature", "geometry": {"type": "Point", "coordinates": [9.52084, 35.41099]}, "properties": {"record_id": "oai:u-bordeaux-montaigne.fr:340516", "symbol_class": "building", "pixel_x": 3623.3, "pixel_y": 1537.1, "easting": 465521.7, "northing": 234569.0, "epsg_source": 22391}}, {"type": "Feature", "geometry": {"type": "Point", "coordinates": [9.61023, 35.40546]}, "properties": {"record_id": "oai:u-bordeaux-montaigne.fr:340516", "symbol_class": "building", "pixel_x": 5548.9, "pixel_y": 1538.4, "easting": 473637.1, "northing": 233928.7, "epsg_source": 22391}}, {"type": "Feature", "geometry": {"type": "Point", "coordinates": [9.69221, 35.40031]}, "properties": {"record_id": "oai:u-bordeaux-montaigne.fr:340516", "symbol_class": "building", "pixel_x": 7314.9, "pixel_y": 1540.4, "easting": 481079.7, "northing": 233338.3, "epsg_source": 22391}}, {"type": "Feature", "geometry": {"type": "Point", "coordinates": [9.61081, 35.40531]}, "properties": {"record_id": "oai:u-bordeaux-montaigne.fr:340516", "symbol_class": "building", "pixel_x": 5561.6, "pixel_y": 1541.5, "easting": 473689.5, "northing": 233911.6, "epsg_source": 22391}}, {"type": "Feature", "geometry": {"type": "Point", "coordinates": [9.48696, 35.4128]}, "properties": {"record_id": "oai:u-bordeaux-montaigne.fr:340516", "symbol_class": "building", "pixel_x": 2894.2, "pixel_y": 1543.5, "easting": 462446.8, "northing": 234782.6, "epsg_source": 22391}}, {"type": "Feature", "geometry": {"type": "Point", "coordinates": [9.60988, 35.40529]}, "properties": {"record_id": "oai:u-bordeaux-montaigne.fr:340516", "symbol_class": "building", "pixel_x": 5541.8, "pixel_y": 1543.5, "easting": 473605.3, "northing": 233909.8, "epsg_source": 22391}}, {"type": "Feature", "geometry": {"type": "Point", "coordinates": [9.42433, 35.41637]}, "properties": {"record_id": "oai:u-bordeaux-montaigne.fr:340516", "symbol_class": "building", "pixel_x": 1545.7, "pixel_y": 1548.7, "easting": 456761.8, "northing": 235205.2, "epsg_source": 22391}}, {"type": "Feature", "geometry": {"type": "Point", "coordinates": [9.42576, 35.41601]}, "properties": {"record_id": "oai:u-bordeaux-montaigne.fr:340516", "symbol_class": "building", "pixel_x": 1577.1, "pixel_y": 1556.0, "easting": 456891.8, "northing": 235164.6, "epsg_source": 22391}}, {"type": "Feature", "geometry": {"type": "Point", "coordinates": [9.424, 35.41606]}, "properties": {"record_id": "oai:u-bordeaux-montaigne.fr:340516", "symbol_class": "building", "pixel_x": 1539.3, "pixel_y": 1557.4, "easting": 456731.9, "northing": 235170.9, "epsg_source": 22391}}, {"type": "Feature", "geometry": {"type": "Point", "coordinates": [9.59288, 35.40581]}, "properties": {"record_id": "oai:u-bordeaux-montaigne.fr:340516", "symbol_class": "building", "pixel_x": 5176.4, "pixel_y": 1557.3, "easting": 472061.2, "northing": 233972.5, "epsg_source": 22391}}, {"type": "Feature", "geometry": {"type": "Point", "coordinates": [9.68042, 35.40012]}, "properties": {"record_id": "oai:u-bordeaux-montaigne.fr:340516", "symbol_class": "building", "pixel_x": 7062.7, "pixel_y": 1564.6, "easting": 480009.1, "northing": 233319.9, "epsg_source": 22391}}, {"type": "Feature", "geometry": {"type": "Point", "coordinates": [9.66052, 35.40127]}, "properties": {"record_id": "oai:u-bordeaux-montaigne.fr:340516", "symbol_class": "building", "pixel_x": 6634.1, "pixel_y": 1567.0, "easting": 478201.9, "northing": 233451.1, "epsg_source": 22391}}, {"type": "Feature", "geometry": {"type": "Point", "coordinates": [9.66143, 35.40114]}, "properties": {"record_id": "oai:u-bordeaux-montaigne.fr:340516", "symbol_class": "building", "pixel_x": 6654.0, "pixel_y": 1568.8, "easting": 478284.9, "northing": 233437.1, "epsg_source": 22391}}, {"type": "Feature", "geometry": {"type": "Point", "coordinates": [9.42386, 35.41557]}, "properties": {"record_id": "oai:u-bordeaux-montaigne.fr:340516", "symbol_class": "building", "pixel_x": 1537.1, "pixel_y": 1570.8, "easting": 456718.6, "northing": 235115.7, "epsg_source": 22391}}, {"type": "Feature", "geometry": {"type": "Point", "coordinates": [9.42532, 35.41553]}, "properties": {"record_id": "oai:u-bordeaux-montaigne.fr:340516", "symbol_class": "building", "pixel_x": 1568.5, "pixel_y": 1569.5, "easting": 456851.1, "northing": 235110.7, "epsg_source": 22391}}, {"type": "Feature", "geometry": {"type": "Point", "coordinates": [9.54818, 35.40773]}, "properties": {"record_id": "oai:u-bordeaux-montaigne.fr:340516", "symbol_class": "building", "pixel_x": 4215.2, "pixel_y": 1578.8, "easting": 468003.5, "northing": 234199.2, "epsg_source": 22391}}, {"type": "Feature", "geometry": {"type": "Point", "coordinates": [9.65944, 35.40096]}, "properties": {"record_id": "oai:u-bordeaux-montaigne.fr:340516", "symbol_class": "building", "pixel_x": 6611.6, "pixel_y": 1577.0, "easting": 478103.8, "northing": 233416.7, "epsg_source": 22391}}, {"type": "Feature", "geometry": {"type": "Point", "coordinates": [9.66185, 35.40091]}, "properties": {"record_id": "oai:u-bordeaux-montaigne.fr:340516", "symbol_class": "building", "pixel_x": 6663.5, "pixel_y": 1574.4, "easting": 478323.4, "northing": 233410.7, "epsg_source": 22391}}, {"type": "Feature", "geometry": {"type": "Point", "coordinates": [9.66087, 35.40085]}, "properties": {"record_id": "oai:u-bordeaux-montaigne.fr:340516", "symbol_class": "building", "pixel_x": 6642.5, "pixel_y": 1577.6, "easting": 478234.0, "northing": 233404.1, "epsg_source": 22391}}, {"type": "Feature", "geometry": {"type": "Point", "coordinates": [9.4827, 35.41166]}, "properties": {"record_id": "oai:u-bordeaux-montaigne.fr:340516", "symbol_class": "building", "pixel_x": 2805.0, "pixel_y": 1580.2, "easting": 462059.5, "northing": 234658.1, "epsg_source": 22391}}, {"type": "Feature", "geometry": {"type": "Point", "coordinates": [9.48237, 35.41168]}, "properties": {"record_id": "oai:u-bordeaux-montaigne.fr:340516", "symbol_class": "building", "pixel_x": 2797.9, "pixel_y": 1580.4, "easting": 462029.5, "northing": 234660.0, "epsg_source": 22391}}, {"type": "Feature", "geometry": {"type": "Point", "coordinates": [9.4248, 35.41508]}, "properties": {"record_id": "oai:u-bordeaux-montaigne.fr:340516", "symbol_class": "building", "pixel_x": 1558.1, "pixel_y": 1582.1, "easting": 456803.3, "northing": 235061.2, "epsg_source": 22391}}, {"type": "Feature", "geometry": {"type": "Point", "coordinates": [9.42508, 35.41506]}, "properties": {"record_id": "oai:u-bordeaux-montaigne.fr:340516", "symbol_class": "building", "pixel_x": 1564.2, "pixel_y": 1582.1, "easting": 456829.4, "northing": 235059.4, "epsg_source": 22391}}, {"type": "Feature", "geometry": {"type": "Point", "coordinates": [9.66139, 35.40064]}, "properties": {"record_id": "oai:u-bordeaux-montaigne.fr:340516", "symbol_class": "building", "pixel_x": 6654.1, "pixel_y": 1582.2, "easting": 478281.3, "northing": 233381.1, "epsg_source": 22391}}, {"type": "Feature", "geometry": {"type": "Point", "coordinates": [9.72359, 35.39665]}, "properties": {"record_id": "oai:u-bordeaux-montaigne.fr:340516", "symbol_class": "building", "pixel_x": 7994.2, "pixel_y": 1585.1, "easting": 483928.6, "northing": 232926.9, "epsg_source": 22391}}, {"type": "Feature", "geometry": {"type": "Point", "coordinates": [9.42322, 35.41493]}, "properties": {"record_id": "oai:u-bordeaux-montaigne.fr:340516", "symbol_class": "building", "pixel_x": 1524.6, "pixel_y": 1588.4, "easting": 456660.2, "northing": 235046.0, "epsg_source": 22391}}, {"type": "Feature", "geometry": {"type": "Point", "coordinates": [9.42427, 35.41494]}, "properties": {"record_id": "oai:u-bordeaux-montaigne.fr:340516", "symbol_class": "building", "pixel_x": 1547.0, "pixel_y": 1586.6, "easting": 456755.4, "northing": 235046.3, "epsg_source": 22391}}, {"type": "Feature", "geometry": {"type": "Point", "coordinates": [9.48309, 35.41135]}, "properties": {"record_id": "oai:u-bordeaux-montaigne.fr:340516", "symbol_class": "building", "pixel_x": 2813.9, "pixel_y": 1587.7, "easting": 462094.3, "northing": 234623.8, "epsg_source": 22391}}, {"type": "Feature", "geometry": {"type": "Point", "coordinates": [9.48265, 35.41135]}, "properties": {"record_id": "oai:u-bordeaux-montaigne.fr:340516", "symbol_class": "building", "pixel_x": 2804.6, "pixel_y": 1588.6, "easting": 462054.9, "northing": 234623.3, "epsg_source": 22391}}, {"type": "Feature", "geometry": {"type": "Point", "coordinates": [9.48159, 35.41098]}, "properties": {"record_id": "oai:u-bordeaux-montaigne.fr:340516", "symbol_class": "building", "pixel_x": 2782.5, "pixel_y": 1599.8, "easting": 461958.2, "northing": 234583.6, "epsg_source": 22391}}, {"type": "Feature", "geometry": {"type": "Point", "coordinates": [9.48279, 35.4109]}, "properties": {"record_id": "oai:u-bordeaux-montaigne.fr:340516", "symbol_class": "building", "pixel_x": 2808.3, "pixel_y": 1600.2, "easting": 462066.9, "northing": 234573.5, "epsg_source": 22391}}, {"type": "Feature", "geometry": {"type": "Point", "coordinates": [9.69063, 35.3978]}, "properties": {"record_id": "oai:u-bordeaux-montaigne.fr:340516", "symbol_class": "building", "pixel_x": 7285.8, "pixel_y": 1609.1, "easting": 480935.4, "northing": 233060.0, "epsg_source": 22391}}, {"type": "Feature", "geometry": {"type": "Point", "coordinates": [9.70403, 35.39676]}, "properties": {"record_id": "oai:u-bordeaux-montaigne.fr:340516", "symbol_class": "building", "pixel_x": 7575.0, "pixel_y": 1614.6, "easting": 482152.6, "northing": 232941.8, "epsg_source": 22391}}, {"type": "Feature", "geometry": {"type": "Point", "coordinates": [9.70479, 35.39672]}, "properties": {"record_id": "oai:u-bordeaux-montaigne.fr:340516", "symbol_class": "building", "pixel_x": 7591.3, "pixel_y": 1614.2, "easting": 482221.4, "northing": 232938.2, "epsg_source": 22391}}, {"type": "Feature", "geometry": {"type": "Point", "coordinates": [9.70155, 35.39676]}, "properties": {"record_id": "oai:u-bordeaux-montaigne.fr:340516", "symbol_class": "building", "pixel_x": 7522.0, "pixel_y": 1618.7, "easting": 481927.7, "northing": 232942.2, "epsg_source": 22391}}, {"type": "Feature", "geometry": {"type": "Point", "coordinates": [9.68844, 35.3975]}, "properties": {"record_id": "oai:u-bordeaux-montaigne.fr:340516", "symbol_class": "building", "pixel_x": 7239.5, "pixel_y": 1620.6, "easting": 480736.8, "northing": 233027.3, "epsg_source": 22391}}, {"type": "Feature", "geometry": {"type": "Point", "coordinates": [9.64598, 35.40009]}, "properties": {"record_id": "oai:u-bordeaux-montaigne.fr:340516", "symbol_class": "building", "pixel_x": 6324.9, "pixel_y": 1621.7, "easting": 476881.5, "northing": 233324.0, "epsg_source": 22391}}, {"type": "Feature", "geometry": {"type": "Point", "coordinates": [9.6935, 35.39678]}, "properties": {"record_id": "oai:u-bordeaux-montaigne.fr:340516", "symbol_class": "building", "pixel_x": 7349.3, "pixel_y": 1631.3, "easting": 481195.9, "northing": 232946.3, "epsg_source": 22391}}, {"type": "Feature", "geometry": {"type": "Point", "coordinates": [9.64599, 35.39964]}, "properties": {"record_id": "oai:u-bordeaux-montaigne.fr:340516", "symbol_class": "building", "pixel_x": 6326.0, "pixel_y": 1633.6, "easting": 476882.6, "northing": 233273.7, "epsg_source": 22391}}, {"type": "Feature", "geometry": {"type": "Point", "coordinates": [9.69232, 35.39678]}, "properties": {"record_id": "oai:u-bordeaux-montaigne.fr:340516", "symbol_class": "building", "pixel_x": 7324.2, "pixel_y": 1633.2, "easting": 481089.5, "northing": 232946.3, "epsg_source": 22391}}, {"type": "Feature", "geometry": {"type": "Point", "coordinates": [9.59757, 35.40253]}, "properties": {"record_id": "oai:u-bordeaux-montaigne.fr:340516", "symbol_class": "building", "pixel_x": 5283.1, "pixel_y": 1636.3, "easting": 472486.2, "northing": 233606.4, "epsg_source": 22391}}, {"type": "Feature", "geometry": {"type": "Point", "coordinates": [9.69003, 35.39682]}, "properties": {"record_id": "oai:u-bordeaux-montaigne.fr:340516", "symbol_class": "building", "pixel_x": 7274.8, "pixel_y": 1636.0, "easting": 480880.7, "northing": 232951.1, "epsg_source": 22391}}, {"type": "Feature", "geometry": {"type": "Point", "coordinates": [9.68852, 35.39679]}, "properties": {"record_id": "oai:u-bordeaux-montaigne.fr:340516", "symbol_class": "building", "pixel_x": 7242.6, "pixel_y": 1639.1, "easting": 480744.0, "northing": 232948.7, "epsg_source": 22391}}, {"type": "Feature", "geometry": {"type": "Point", "coordinates": [9.6466, 35.39923]}, "properties": {"record_id": "oai:u-bordeaux-montaigne.fr:340516", "symbol_class": "building", "pixel_x": 6339.8, "pixel_y": 1643.4, "easting": 476937.4, "northing": 233228.5, "epsg_source": 22391}}, {"type": "Feature", "geometry": {"type": "Point", "coordinates": [9.68544, 35.3968]}, "properties": {"record_id": "oai:u-bordeaux-montaigne.fr:340516", "symbol_class": "building", "pixel_x": 7176.5, "pixel_y": 1644.0, "easting": 480463.9, "northing": 232949.9, "epsg_source": 22391}}, {"type": "Feature", "geometry": {"type": "Point", "coordinates": [9.68364, 35.39683]}, "properties": {"record_id": "oai:u-bordeaux-montaigne.fr:340516", "symbol_class": "building", "pixel_x": 7138.1, "pixel_y": 1646.1, "easting": 480301.1, "northing": 232953.7, "epsg_source": 22391}}, {"type": "Feature", "geometry": {"type": "Point", "coordinates": [9.68142, 35.39685]}, "properties": {"record_id": "oai:u-bordeaux-montaigne.fr:340516", "symbol_class": "building", "pixel_x": 7090.5, "pixel_y": 1649.1, "easting": 480099.6, "northing": 232956.8, "epsg_source": 22391}}, {"type": "Feature", "geometry": {"type": "Point", "coordinates": [9.54095, 35.40511]}, "properties": {"record_id": "oai:u-bordeaux-montaigne.fr:340516", "symbol_class": "building", "pixel_x": 4065.1, "pixel_y": 1659.4, "easting": 467345.4, "northing": 233910.9, "epsg_source": 22391}}, {"type": "Feature", "geometry": {"type": "Point", "coordinates": [9.54646, 35.40489]}, "properties": {"record_id": "oai:u-bordeaux-montaigne.fr:340516", "symbol_class": "building", "pixel_x": 4183.6, "pixel_y": 1656.6, "easting": 467845.8, "northing": 233883.9, "epsg_source": 22391}}, {"type": "Feature", "geometry": {"type": "Point", "coordinates": [9.68041, 35.39616]}, "properties": {"record_id": "oai:u-bordeaux-montaigne.fr:340516", "symbol_class": "building", "pixel_x": 7070.1, "pixel_y": 1669.0, "easting": 480007.5, "northing": 232880.4, "epsg_source": 22391}}, {"type": "Feature", "geometry": {"type": "Point", "coordinates": [9.69182, 35.39537]}, "properties": {"record_id": "oai:u-bordeaux-montaigne.fr:340516", "symbol_class": "building", "pixel_x": 7316.1, "pixel_y": 1671.1, "easting": 481043.5, "northing": 232790.3, "epsg_source": 22391}}, {"type": "Feature", "geometry": {"type": "Point", "coordinates": [9.54519, 35.40439]}, "properties": {"record_id": "oai:u-bordeaux-montaigne.fr:340516", "symbol_class": "building", "pixel_x": 4157.3, "pixel_y": 1671.8, "easting": 467730.3, "northing": 233828.7, "epsg_source": 22391}}, {"type": "Feature", "geometry": {"type": "Point", "coordinates": [9.66875, 35.39686]}, "properties": {"record_id": "oai:u-bordeaux-montaigne.fr:340516", "symbol_class": "building", "pixel_x": 6819.0, "pixel_y": 1669.7, "easting": 478948.8, "northing": 232960.3, "epsg_source": 22391}}, {"type": "Feature", "geometry": {"type": "Point", "coordinates": [9.69491, 35.3952]}, "properties": {"record_id": "oai:u-bordeaux-montaigne.fr:340516", "symbol_class": "building", "pixel_x": 7382.5, "pixel_y": 1670.4, "easting": 481323.6, "northing": 232771.4, "epsg_source": 22391}}, {"type": "Feature", "geometry": {"type": "Point", "coordinates": [9.66803, 35.39682]}, "properties": {"record_id": "oai:u-bordeaux-montaigne.fr:340516", "symbol_class": "building", "pixel_x": 6803.6, "pixel_y": 1671.9, "easting": 478883.3, "northing": 232956.1, "epsg_source": 22391}}, {"type": "Feature", "geometry": {"type": "Point", "coordinates": [9.69391, 35.39513]}, "properties": {"record_id": "oai:u-bordeaux-montaigne.fr:340516", "symbol_class": "building", "pixel_x": 7361.3, "pixel_y": 1674.1, "easting": 481233.1, "northing": 232762.8, "epsg_source": 22391}}, {"type": "Feature", "geometry": {"type": "Point", "coordinates": [9.54092, 35.40422]}, "properties": {"record_id": "oai:u-bordeaux-montaigne.fr:340516", "symbol_class": "building", "pixel_x": 4066.2, "pixel_y": 1683.0, "easting": 467342.7, "northing": 233812.0, "epsg_source": 22391}}, {"type": "Feature", "geometry": {"type": "Point", "coordinates": [9.54903, 35.40382]}, "properties": {"record_id": "oai:u-bordeaux-montaigne.fr:340516", "symbol_class": "building", "pixel_x": 4240.6, "pixel_y": 1680.7, "easting": 468078.6, "northing": 233764.2, "epsg_source": 22391}}, {"type": "Feature", "geometry": {"type": "Point", "coordinates": [9.53534, 35.40477]}, "properties": {"record_id": "oai:u-bordeaux-montaigne.fr:340516", "symbol_class": "building", "pixel_x": 3945.6, "pixel_y": 1677.5, "easting": 466836.1, "northing": 233874.5, "epsg_source": 22391}}, {"type": "Feature", "geometry": {"type": "Point", "coordinates": [9.69318, 35.39499]}, "properties": {"record_id": "oai:u-bordeaux-montaigne.fr:340516", "symbol_class": "building", "pixel_x": 7345.9, "pixel_y": 1678.8, "easting": 481166.9, "northing": 232748.4, "epsg_source": 22391}}, {"type": "Feature", "geometry": {"type": "Point", "coordinates": [9.68043, 35.39501]}, "properties": {"record_id": "oai:u-bordeaux-montaigne.fr:340516", "symbol_class": "building", "pixel_x": 7072.8, "pixel_y": 1699.1, "easting": 480009.3, "northing": 232753.1, "epsg_source": 22391}}, {"type": "Feature", "geometry": {"type": "Point", "coordinates": [9.71505, 35.39308]}, "properties": {"record_id": "oai:u-bordeaux-montaigne.fr:340516", "symbol_class": "building", "pixel_x": 7818.2, "pixel_y": 1693.4, "easting": 483152.9, "northing": 232531.5, "epsg_source": 22391}}, {"type": "Feature", "geometry": {"type": "Point", "coordinates": [9.53648, 35.40398]}, "properties": {"record_id": "oai:u-bordeaux-montaigne.fr:340516", "symbol_class": "building", "pixel_x": 3971.5, "pixel_y": 1696.4, "easting": 466939.5, "northing": 233787.0, "epsg_source": 22391}}, {"type": "Feature", "geometry": {"type": "Point", "coordinates": [9.44731, 35.40924]}, "properties": {"record_id": "oai:u-bordeaux-montaigne.fr:340516", "symbol_class": "building", "pixel_x": 2051.1, "pixel_y": 1700.3, "easting": 458844.3, "northing": 234403.7, "epsg_source": 22391}}, {"type": "Feature", "geometry": {"type": "Point", "coordinates": [9.54007, 35.4035]}, "properties": {"record_id": "oai:u-bordeaux-montaigne.fr:340516", "symbol_class": "building", "pixel_x": 4049.3, "pixel_y": 1703.4, "easting": 467264.9, "northing": 233732.2, "epsg_source": 22391}}, {"type": "Feature", "geometry": {"type": "Point", "coordinates": [9.71395, 35.39269]}, "properties": {"record_id": "oai:u-bordeaux-montaigne.fr:340516", "symbol_class": "building", "pixel_x": 7795.3, "pixel_y": 1705.3, "easting": 483052.7, "northing": 232489.2, "epsg_source": 22391}}, {"type": "Feature", "geometry": {"type": "Point", "coordinates": [9.64737, 35.39685]}, "properties": {"record_id": "oai:u-bordeaux-montaigne.fr:340516", "symbol_class": "building", "pixel_x": 6360.8, "pixel_y": 1704.8, "easting": 477006.7, "northing": 232964.2, "epsg_source": 22391}}, {"type": "Feature", "geometry": {"type": "Point", "coordinates": [9.62996, 35.39775]}, "properties": {"record_id": "oai:u-bordeaux-montaigne.fr:340516", "symbol_class": "building", "pixel_x": 5986.0, "pixel_y": 1709.5, "easting": 475425.7, "northing": 233068.1, "epsg_source": 22391}}, {"type": "Feature", "geometry": {"type": "Point", "coordinates": [9.54342, 35.40286]}, "properties": {"record_id": "oai:u-bordeaux-montaigne.fr:340516", "symbol_class": "building", "pixel_x": 4122.2, "pixel_y": 1714.8, "easting": 467568.9, "northing": 233660.2, "epsg_source": 22391}}, {"type": "Feature", "geometry": {"type": "Point", "coordinates": [9.54404, 35.40275]}, "properties": {"record_id": "oai:u-bordeaux-montaigne.fr:340516", "symbol_class": "building", "pixel_x": 4135.7, "pixel_y": 1716.9, "easting": 467625.0, "northing": 233647.2, "epsg_source": 22391}}, {"type": "Feature", "geometry": {"type": "Point", "coordinates": [9.4455, 35.40859]}, "properties": {"record_id": "oai:u-bordeaux-montaigne.fr:340516", "symbol_class": "building", "pixel_x": 2013.6, "pixel_y": 1720.3, "easting": 458679.8, "northing": 234332.3, "epsg_source": 22391}}, {"type": "Feature", "geometry": {"type": "Point", "coordinates": [9.44483, 35.40844]}, "properties": {"record_id": "oai:u-bordeaux-montaigne.fr:340516", "symbol_class": "building", "pixel_x": 1999.6, "pixel_y": 1725.1, "easting": 458619.4, "northing": 234316.8, "epsg_source": 22391}}, {"type": "Feature", "geometry": {"type": "Point", "coordinates": [9.54205, 35.40259]}, "properties": {"record_id": "oai:u-bordeaux-montaigne.fr:340516", "symbol_class": "building", "pixel_x": 4093.5, "pixel_y": 1724.1, "easting": 467444.8, "northing": 233631.0, "epsg_source": 22391}}, {"type": "Feature", "geometry": {"type": "Point", "coordinates": [9.68038, 35.39406]}, "properties": {"record_id": "oai:u-bordeaux-montaigne.fr:340516", "symbol_class": "building", "pixel_x": 7073.4, "pixel_y": 1724.5, "easting": 480004.0, "northing": 232646.9, "epsg_source": 22391}}, {"type": "Feature", "geometry": {"type": "Point", "coordinates": [9.71288, 35.39198]}, "properties": {"record_id": "oai:u-bordeaux-montaigne.fr:340516", "symbol_class": "building", "pixel_x": 7773.8, "pixel_y": 1725.7, "easting": 482955.5, "northing": 232410.7, "epsg_source": 22391}}, {"type": "Feature", "geometry": {"type": "Point", "coordinates": [9.57514, 35.40046]}, "properties": {"record_id": "oai:u-bordeaux-montaigne.fr:340516", "symbol_class": "building", "pixel_x": 4806.5, "pixel_y": 1727.0, "easting": 470448.9, "northing": 233383.6, "epsg_source": 22391}}, {"type": "Feature", "geometry": {"type": "Point", "coordinates": [9.54114, 35.40231]}, "properties": {"record_id": "oai:u-bordeaux-montaigne.fr:340516", "symbol_class": "building", "pixel_x": 4074.5, "pixel_y": 1733.0, "easting": 467361.8, "northing": 233599.9, "epsg_source": 22391}}, {"type": "Feature", "geometry": {"type": "Point", "coordinates": [9.64155, 35.39624]}, "properties": {"record_id": "oai:u-bordeaux-montaigne.fr:340516", "symbol_class": "building", "pixel_x": 6237.3, "pixel_y": 1730.4, "easting": 476478.4, "northing": 232897.6, "epsg_source": 22391}}, {"type": "Feature", "geometry": {"type": "Point", "coordinates": [9.50429, 35.40447]}, "properties": {"record_id": "oai:u-bordeaux-montaigne.fr:340516", "symbol_class": "building", "pixel_x": 3280.9, "pixel_y": 1735.2, "easting": 464016.6, "northing": 233852.0, "epsg_source": 22391}}, {"type": "Feature", "geometry": {"type": "Point", "coordinates": [9.64737, 35.3956]}, "properties": {"record_id": "oai:u-bordeaux-montaigne.fr:340516", "symbol_class": "building", "pixel_x": 6363.2, "pixel_y": 1737.7, "easting": 477006.5, "northing": 232825.4, "epsg_source": 22391}}, {"type": "Feature", "geometry": {"type": "Point", "coordinates": [9.68035, 35.39371]}, "properties": {"record_id": "oai:u-bordeaux-montaigne.fr:340516", "symbol_class": "building", "pixel_x": 7073.4, "pixel_y": 1733.7, "easting": 480001.1, "northing": 232608.2, "epsg_source": 22391}}, {"type": "Feature", "geometry": {"type": "Point", "coordinates": [9.6412, 35.3959]}, "properties": {"record_id": "oai:u-bordeaux-montaigne.fr:340516", "symbol_class": "building", "pixel_x": 6230.4, "pixel_y": 1739.9, "easting": 476446.3, "northing": 232860.2, "epsg_source": 22391}}, {"type": "Feature", "geometry": {"type": "Point", "coordinates": [9.71229, 35.39135]}, "properties": {"record_id": "oai:u-bordeaux-montaigne.fr:340516", "symbol_class": "building", "pixel_x": 7762.2, "pixel_y": 1743.3, "easting": 482901.1, "northing": 232340.9, "epsg_source": 22391}}, {"type": "Feature", "geometry": {"type": "Point", "coordinates": [9.54036, 35.40173]}, "properties": {"record_id": "oai:u-bordeaux-montaigne.fr:340516", "symbol_class": "building", "pixel_x": 4058.8, "pixel_y": 1749.4, "easting": 467290.7, "northing": 233536.2, "epsg_source": 22391}}, {"type": "Feature", "geometry": {"type": "Point", "coordinates": [9.71398, 35.39094]}, "properties": {"record_id": "oai:u-bordeaux-montaigne.fr:340516", "symbol_class": "building", "pixel_x": 7799.2, "pixel_y": 1751.3, "easting": 483054.6, "northing": 232295.3, "epsg_source": 22391}}, {"type": "Feature", "geometry": {"type": "Point", "coordinates": [9.55379, 35.40082]}, "properties": {"record_id": "oai:u-bordeaux-montaigne.fr:340516", "symbol_class": "building", "pixel_x": 4348.3, "pixel_y": 1751.8, "easting": 468510.2, "northing": 233430.6, "epsg_source": 22391}}, {"type": "Feature", "geometry": {"type": "Point", "coordinates": [9.54937, 35.40101]}, "properties": {"record_id": "oai:u-bordeaux-montaigne.fr:340516", "symbol_class": "building", "pixel_x": 4253.1, "pixel_y": 1754.0, "easting": 468108.3, "northing": 233452.9, "epsg_source": 22391}}, {"type": "Feature", "geometry": {"type": "Point", "coordinates": [9.54507, 35.40128]}, "properties": {"record_id": "oai:u-bordeaux-montaigne.fr:340516", "symbol_class": "building", "pixel_x": 4160.6, "pixel_y": 1753.7, "easting": 467718.5, "northing": 233484.5, "epsg_source": 22391}}, {"type": "Feature", "geometry": {"type": "Point", "coordinates": [9.54036, 35.40142]}, "properties": {"record_id": "oai:u-bordeaux-montaigne.fr:340516", "symbol_class": "building", "pixel_x": 4059.4, "pixel_y": 1757.7, "easting": 467290.7, "northing": 233501.2, "epsg_source": 22391}}, {"type": "Feature", "geometry": {"type": "Point", "coordinates": [9.71236, 35.39067]}, "properties": {"record_id": "oai:u-bordeaux-montaigne.fr:340516", "symbol_class": "building", "pixel_x": 7765.0, "pixel_y": 1761.2, "easting": 482907.6, "northing": 232265.1, "epsg_source": 22391}}, {"type": "Feature", "geometry": {"type": "Point", "coordinates": [9.54465, 35.40085]}, "properties": {"record_id": "oai:u-bordeaux-montaigne.fr:340516", "symbol_class": "building", "pixel_x": 4152.3, "pixel_y": 1765.7, "easting": 467679.8, "northing": 233436.9, "epsg_source": 22391}}, {"type": "Feature", "geometry": {"type": "Point", "coordinates": [9.54653, 35.40051]}, "properties": {"record_id": "oai:u-bordeaux-montaigne.fr:340516", "symbol_class": "building", "pixel_x": 4193.3, "pixel_y": 1771.7, "easting": 467850.7, "northing": 233398.3, "epsg_source": 22391}}, {"type": "Feature", "geometry": {"type": "Point", "coordinates": [9.5482, 35.39991]}, "properties": {"record_id": "oai:u-bordeaux-montaigne.fr:340516", "symbol_class": "building", "pixel_x": 4230.1, "pixel_y": 1784.8, "easting": 468001.5, "northing": 233331.3, "epsg_source": 22391}}, {"type": "Feature", "geometry": {"type": "Point", "coordinates": [9.57539, 35.39847]}, "properties": {"record_id": "oai:u-bordeaux-montaigne.fr:340516", "symbol_class": "building", "pixel_x": 4815.4, "pixel_y": 1778.9, "easting": 470470.1, "northing": 233163.2, "epsg_source": 22391}}, {"type": "Feature", "geometry": {"type": "Point", "coordinates": [9.54576, 35.40009]}, "properties": {"record_id": "oai:u-bordeaux-montaigne.fr:340516", "symbol_class": "building", "pixel_x": 4177.6, "pixel_y": 1784.0, "easting": 467780.6, "northing": 233352.0, "epsg_source": 22391}}, {"type": "Feature", "geometry": {"type": "Point", "coordinates": [9.57857, 35.39823]}, "properties": {"record_id": "oai:u-bordeaux-montaigne.fr:340516", "symbol_class": "building", "pixel_x": 4884.0, "pixel_y": 1780.1, "easting": 470758.8, "northing": 233135.6, "epsg_source": 22391}}, {"type": "Feature", "geometry": {"type": "Point", "coordinates": [9.57584, 35.3983]}, "properties": {"record_id": "oai:u-bordeaux-montaigne.fr:340516", "symbol_class": "building", "pixel_x": 4825.5, "pixel_y": 1782.7, "easting": 470511.6, "northing": 233143.9, "epsg_source": 22391}}, {"type": "Feature", "geometry": {"type": "Point", "coordinates": [9.57502, 35.39821]}, "properties": {"record_id": "oai:u-bordeaux-montaigne.fr:340516", "symbol_class": "building", "pixel_x": 4808.1, "pixel_y": 1786.5, "easting": 470437.0, "northing": 233134.0, "epsg_source": 22391}}, {"type": "Feature", "geometry": {"type": "Point", "coordinates": [9.42436, 35.40711]}, "properties": {"record_id": "oai:u-bordeaux-montaigne.fr:340516", "symbol_class": "building", "pixel_x": 1563.2, "pixel_y": 1792.6, "easting": 456759.1, "northing": 234178.0, "epsg_source": 22391}}, {"type": "Feature", "geometry": {"type": "Point", "coordinates": [9.54961, 35.39942]}, "properties": {"record_id": "oai:u-bordeaux-montaigne.fr:340516", "symbol_class": "building", "pixel_x": 4261.4, "pixel_y": 1795.5, "easting": 468130.0, "northing": 233276.3, "epsg_source": 22391}}, {"type": "Feature", "geometry": {"type": "Point", "coordinates": [9.54832, 35.39933]}, "properties": {"record_id": "oai:u-bordeaux-montaigne.fr:340516", "symbol_class": "building", "pixel_x": 4233.8, "pixel_y": 1800.0, "easting": 468012.5, "northing": 233266.5, "epsg_source": 22391}}, {"type": "Feature", "geometry": {"type": "Point", "coordinates": [9.54707, 35.39829]}, "properties": {"record_id": "oai:u-bordeaux-montaigne.fr:340516", "symbol_class": "building", "pixel_x": 4209.0, "pixel_y": 1829.3, "easting": 467898.5, "northing": 233152.1, "epsg_source": 22391}}, {"type": "Feature", "geometry": {"type": "Point", "coordinates": [9.65996, 35.39124]}, "properties": {"record_id": "oai:u-bordeaux-montaigne.fr:340516", "symbol_class": "building", "pixel_x": 6641.2, "pixel_y": 1832.1, "easting": 478148.6, "northing": 232338.4, "epsg_source": 22391}}, {"type": "Feature", "geometry": {"type": "Point", "coordinates": [9.71745, 35.38775]}, "properties": {"record_id": "oai:u-bordeaux-montaigne.fr:340516", "symbol_class": "building", "pixel_x": 7879.6, "pixel_y": 1829.7, "easting": 483369.0, "northing": 231940.2, "epsg_source": 22391}}, {"type": "Feature", "geometry": {"type": "Point", "coordinates": [9.7159, 35.38774]}, "properties": {"record_id": "oai:u-bordeaux-montaigne.fr:340516", "symbol_class": "building", "pixel_x": 7846.6, "pixel_y": 1832.6, "easting": 483229.0, "northing": 231939.1, "epsg_source": 22391}}, {"type": "Feature", "geometry": {"type": "Point", "coordinates": [9.66213, 35.39091]}, "properties": {"record_id": "oai:u-bordeaux-montaigne.fr:340516", "symbol_class": "building", "pixel_x": 6688.3, "pixel_y": 1837.2, "easting": 478345.7, "northing": 232301.7, "epsg_source": 22391}}, {"type": "Feature", "geometry": {"type": "Point", "coordinates": [9.71448, 35.38774]}, "properties": {"record_id": "oai:u-bordeaux-montaigne.fr:340516", "symbol_class": "building", "pixel_x": 7816.1, "pixel_y": 1834.8, "easting": 483099.9, "northing": 231939.9, "epsg_source": 22391}}, {"type": "Feature", "geometry": {"type": "Point", "coordinates": [9.57459, 35.39628]}, "properties": {"record_id": "oai:u-bordeaux-montaigne.fr:340516", "symbol_class": "building", "pixel_x": 4802.4, "pixel_y": 1837.9, "easting": 470397.0, "northing": 232920.4, "epsg_source": 22391}}, {"type": "Feature", "geometry": {"type": "Point", "coordinates": [9.71251, 35.38775]}, "properties": {"record_id": "oai:u-bordeaux-montaigne.fr:340516", "symbol_class": "building", "pixel_x": 7773.9, "pixel_y": 1837.6, "easting": 482920.9, "northing": 231941.9, "epsg_source": 22391}}, {"type": "Feature", "geometry": {"type": "Point", "coordinates": [9.71183, 35.38776]}, "properties": {"record_id": "oai:u-bordeaux-montaigne.fr:340516", "symbol_class": "building", "pixel_x": 7759.2, "pixel_y": 1838.5, "easting": 482858.7, "northing": 231942.9, "epsg_source": 22391}}, {"type": "Feature", "geometry": {"type": "Point", "coordinates": [9.60665, 35.39412]}, "properties": {"record_id": "oai:u-bordeaux-montaigne.fr:340516", "symbol_class": "building", "pixel_x": 5493.4, "pixel_y": 1843.0, "easting": 473307.9, "northing": 232671.1, "epsg_source": 22391}}, {"type": "Feature", "geometry": {"type": "Point", "coordinates": [9.71047, 35.38776]}, "properties": {"record_id": "oai:u-bordeaux-montaigne.fr:340516", "symbol_class": "building", "pixel_x": 7730.2, "pixel_y": 1840.9, "easting": 482735.8, "northing": 231942.8, "epsg_source": 22391}}, {"type": "Feature", "geometry": {"type": "Point", "coordinates": [9.7071, 35.38781]}, "properties": {"record_id": "oai:u-bordeaux-montaigne.fr:340516", "symbol_class": "building", "pixel_x": 7657.9, "pixel_y": 1845.2, "easting": 482429.5, "northing": 231948.4, "epsg_source": 22391}}, {"type": "Feature", "geometry": {"type": "Point", "coordinates": [9.54398, 35.39782]}, "properties": {"record_id": "oai:u-bordeaux-montaigne.fr:340516", "symbol_class": "building", "pixel_x": 4143.6, "pixel_y": 1846.5, "easting": 467617.7, "northing": 233101.4, "epsg_source": 22391}}, {"type": "Feature", "geometry": {"type": "Point", "coordinates": [9.66147, 35.39065]}, "properties": {"record_id": "oai:u-bordeaux-montaigne.fr:340516", "symbol_class": "building", "pixel_x": 6674.7, "pixel_y": 1845.0, "easting": 478285.8, "northing": 232273.4, "epsg_source": 22391}}, {"type": "Feature", "geometry": {"type": "Point", "coordinates": [9.66007, 35.39047]}, "properties": {"record_id": "oai:u-bordeaux-montaigne.fr:340516", "symbol_class": "building", "pixel_x": 6644.9, "pixel_y": 1852.1, "easting": 478158.2, "northing": 232253.4, "epsg_source": 22391}}, {"type": "Feature", "geometry": {"type": "Point", "coordinates": [9.54522, 35.39748]}, "properties": {"record_id": "oai:u-bordeaux-montaigne.fr:340516", "symbol_class": "building", "pixel_x": 4170.9, "pixel_y": 1853.5, "easting": 467730.5, "northing": 233063.1, "epsg_source": 22391}}, {"type": "Feature", "geometry": {"type": "Point", "coordinates": [9.70321, 35.3878]}, "properties": {"record_id": "oai:u-bordeaux-montaigne.fr:340516", "symbol_class": "building", "pixel_x": 7574.5, "pixel_y": 1851.8, "easting": 482076.2, "northing": 231948.4, "epsg_source": 22391}}, {"type": "Feature", "geometry": {"type": "Point", "coordinates": [9.5167, 35.39918]}, "properties": {"record_id": "oai:u-bordeaux-montaigne.fr:340516", "symbol_class": "building", "pixel_x": 3556.5, "pixel_y": 1854.7, "easting": 465140.5, "northing": 233260.7, "epsg_source": 22391}}, {"type": "Feature", "geometry": {"type": "Point", "coordinates": [9.66189, 35.39029]}, "properties": {"record_id": "oai:u-bordeaux-montaigne.fr:340516", "symbol_class": "building", "pixel_x": 6684.4, "pixel_y": 1853.7, "easting": 478324.1, "northing": 232233.6, "epsg_source": 22391}}, {"type": "Feature", "geometry": {"type": "Point", "coordinates": [9.66108, 35.39033]}, "properties": {"record_id": "oai:u-bordeaux-montaigne.fr:340516", "symbol_class": "building", "pixel_x": 6667.0, "pixel_y": 1854.2, "easting": 478250.4, "northing": 232237.5, "epsg_source": 22391}}, {"type": "Feature", "geometry": {"type": "Point", "coordinates": [9.65943, 35.39033]}, "properties": {"record_id": "oai:u-bordeaux-montaigne.fr:340516", "symbol_class": "building", "pixel_x": 6631.5, "pixel_y": 1856.8, "easting": 478100.2, "northing": 232238.3, "epsg_source": 22391}}, {"type": "Feature", "geometry": {"type": "Point", "coordinates": [9.5422, 35.39742]}, "properties": {"record_id": "oai:u-bordeaux-montaigne.fr:340516", "symbol_class": "building", "pixel_x": 4106.2, "pixel_y": 1859.9, "easting": 467456.0, "northing": 233057.6, "epsg_source": 22391}}, {"type": "Feature", "geometry": {"type": "Point", "coordinates": [9.65881, 35.38991]}, "properties": {"record_id": "oai:u-bordeaux-montaigne.fr:340516", "symbol_class": "building", "pixel_x": 6619.1, "pixel_y": 1868.9, "easting": 478043.9, "northing": 232191.5, "epsg_source": 22391}}, {"type": "Feature", "geometry": {"type": "Point", "coordinates": [9.69051, 35.38786]}, "properties": {"record_id": "oai:u-bordeaux-montaigne.fr:340516", "symbol_class": "building", "pixel_x": 7302.2, "pixel_y": 1871.1, "easting": 480922.3, "northing": 231957.4, "epsg_source": 22391}}, {"type": "Feature", "geometry": {"type": "Point", "coordinates": [9.56881, 35.39531]}, "properties": {"record_id": "oai:u-bordeaux-montaigne.fr:340516", "symbol_class": "building", "pixel_x": 4680.3, "pixel_y": 1872.9, "easting": 469871.4, "northing": 232814.1, "epsg_source": 22391}}, {"type": "Feature", "geometry": {"type": "Point", "coordinates": [9.54671, 35.39642]}, "properties": {"record_id": "oai:u-bordeaux-montaigne.fr:340516", "symbol_class": "building", "pixel_x": 4204.7, "pixel_y": 1879.1, "easting": 467864.8, "northing": 232945.0, "epsg_source": 22391}}, {"type": "Feature", "geometry": {"type": "Point", "coordinates": [9.54723, 35.39628]}, "properties": {"record_id": "oai:u-bordeaux-montaigne.fr:340516", "symbol_class": "building", "pixel_x": 4216.1, "pixel_y": 1882.0, "easting": 467912.2, "northing": 232928.8, "epsg_source": 22391}}, {"type": "Feature", "geometry": {"type": "Point", "coordinates": [9.55396, 35.39587]}, "properties": {"record_id": "oai:u-bordeaux-montaigne.fr:340516", "symbol_class": "building", "pixel_x": 4361.2, "pixel_y": 1882.0, "easting": 468523.6, "northing": 232881.0, "epsg_source": 22391}}, {"type": "Feature", "geometry": {"type": "Point", "coordinates": [9.56794, 35.39507]}, "properties": {"record_id": "oai:u-bordeaux-montaigne.fr:340516", "symbol_class": "building", "pixel_x": 4662.2, "pixel_y": 1880.5, "easting": 469792.9, "northing": 232787.9, "epsg_source": 22391}}, {"type": "Feature", "geometry": {"type": "Point", "coordinates": [9.68528, 35.38786]}, "properties": {"record_id": "oai:u-bordeaux-montaigne.fr:340516", "symbol_class": "building", "pixel_x": 7190.1, "pixel_y": 1879.7, "easting": 480447.3, "northing": 231958.2, "epsg_source": 22391}}, {"type": "Feature", "geometry": {"type": "Point", "coordinates": [9.56918, 35.39492]}, "properties": {"record_id": "oai:u-bordeaux-montaigne.fr:340516", "symbol_class": "building", "pixel_x": 4689.1, "pixel_y": 1882.5, "easting": 469905.3, "northing": 232771.0, "epsg_source": 22391}}, {"type": "Feature", "geometry": {"type": "Point", "coordinates": [9.56889, 35.39493]}, "properties": {"record_id": "oai:u-bordeaux-montaigne.fr:340516", "symbol_class": "building", "pixel_x": 4682.8, "pixel_y": 1882.7, "easting": 469878.7, "northing": 232772.1, "epsg_source": 22391}}, {"type": "Feature", "geometry": {"type": "Point", "coordinates": [9.68423, 35.38783]}, "properties": {"record_id": "oai:u-bordeaux-montaigne.fr:340516", "symbol_class": "building", "pixel_x": 7167.7, "pixel_y": 1882.2, "easting": 480351.9, "northing": 231955.2, "epsg_source": 22391}}, {"type": "Feature", "geometry": {"type": "Point", "coordinates": [9.5411, 35.39655]}, "properties": {"record_id": "oai:u-bordeaux-montaigne.fr:340516", "symbol_class": "building", "pixel_x": 4084.2, "pixel_y": 1884.8, "easting": 467355.5, "northing": 232960.5, "epsg_source": 22391}}, {"type": "Feature", "geometry": {"type": "Point", "coordinates": [9.54205, 35.39634]}, "properties": {"record_id": "oai:u-bordeaux-montaigne.fr:340516", "symbol_class": "building", "pixel_x": 4105.1, "pixel_y": 1888.8, "easting": 467442.0, "northing": 232936.9, "epsg_source": 22391}}, {"type": "Feature", "geometry": {"type": "Point", "coordinates": [9.54383, 35.39627]}, "properties": {"record_id": "oai:u-bordeaux-montaigne.fr:340516", "symbol_class": "building", "pixel_x": 4143.3, "pixel_y": 1887.6, "easting": 467603.4, "northing": 232929.3, "epsg_source": 22391}}, {"type": "Feature", "geometry": {"type": "Point", "coordinates": [9.67939, 35.38788]}, "properties": {"record_id": "oai:u-bordeaux-montaigne.fr:340516", "symbol_class": "building", "pixel_x": 7063.9, "pixel_y": 1888.6, "easting": 479912.4, "northing": 231962.3, "epsg_source": 22391}}, {"type": "Feature", "geometry": {"type": "Point", "coordinates": [9.56878, 35.39471]}, "properties": {"record_id": "oai:u-bordeaux-montaigne.fr:340516", "symbol_class": "building", "pixel_x": 4680.9, "pixel_y": 1888.6, "easting": 469868.9, "northing": 232747.9, "epsg_source": 22391}}, {"type": "Feature", "geometry": {"type": "Point", "coordinates": [9.6786, 35.3879]}, "properties": {"record_id": "oai:u-bordeaux-montaigne.fr:340516", "symbol_class": "building", "pixel_x": 7047.0, "pixel_y": 1889.4, "easting": 479841.1, "northing": 231964.5, "epsg_source": 22391}}, {"type": "Feature", "geometry": {"type": "Point", "coordinates": [9.54504, 35.39599]}, "properties": {"record_id": "oai:u-bordeaux-montaigne.fr:340516", "symbol_class": "building", "pixel_x": 4169.7, "pixel_y": 1893.0, "easting": 467713.1, "northing": 232898.1, "epsg_source": 22391}}, {"type": "Feature", "geometry": {"type": "Point", "coordinates": [9.54705, 35.39585]}, "properties": {"record_id": "oai:u-bordeaux-montaigne.fr:340516", "symbol_class": "building", "pixel_x": 4213.0, "pixel_y": 1893.6, "easting": 467895.4, "northing": 232881.2, "epsg_source": 22391}}, {"type": "Feature", "geometry": {"type": "Point", "coordinates": [9.67771, 35.3879]}, "properties": {"record_id": "oai:u-bordeaux-montaigne.fr:340516", "symbol_class": "building", "pixel_x": 7028.0, "pixel_y": 1890.9, "easting": 479760.4, "northing": 231964.5, "epsg_source": 22391}}, {"type": "Feature", "geometry": {"type": "Point", "coordinates": [9.67363, 35.3879]}, "properties": {"record_id": "oai:u-bordeaux-montaigne.fr:340516", "symbol_class": "building", "pixel_x": 6940.4, "pixel_y": 1897.6, "easting": 479389.4, "northing": 231965.6, "epsg_source": 22391}}, {"type": "Feature", "geometry": {"type": "Point", "coordinates": [9.67256, 35.38788]}, "properties": {"record_id": "oai:u-bordeaux-montaigne.fr:340516", "symbol_class": "building", "pixel_x": 6917.5, "pixel_y": 1899.8, "easting": 479291.9, "northing": 231964.0, "epsg_source": 22391}}, {"type": "Feature", "geometry": {"type": "Point", "coordinates": [9.67167, 35.38787]}, "properties": {"record_id": "oai:u-bordeaux-montaigne.fr:340516", "symbol_class": "building", "pixel_x": 6898.4, "pixel_y": 1901.7, "easting": 479211.1, "northing": 231962.1, "epsg_source": 22391}}, {"type": "Feature", "geometry": {"type": "Point", "coordinates": [9.67022, 35.38788]}, "properties": {"record_id": "oai:u-bordeaux-montaigne.fr:340516", "symbol_class": "building", "pixel_x": 6867.4, "pixel_y": 1903.6, "easting": 479079.9, "northing": 231964.2, "epsg_source": 22391}}, {"type": "Feature", "geometry": {"type": "Point", "coordinates": [9.55062, 35.39523]}, "properties": {"record_id": "oai:u-bordeaux-montaigne.fr:340516", "symbol_class": "building", "pixel_x": 4290.8, "pixel_y": 1904.3, "easting": 468219.9, "northing": 232810.9, "epsg_source": 22391}}, {"type": "Feature", "geometry": {"type": "Point", "coordinates": [9.56954, 35.39396]}, "properties": {"record_id": "oai:u-bordeaux-montaigne.fr:340516", "symbol_class": "building", "pixel_x": 4698.6, "pixel_y": 1907.2, "easting": 469938.0, "northing": 232664.3, "epsg_source": 22391}}, {"type": "Feature", "geometry": {"type": "Point", "coordinates": [9.66798, 35.38789]}, "properties": {"record_id": "oai:u-bordeaux-montaigne.fr:340516", "symbol_class": "building", "pixel_x": 6819.5, "pixel_y": 1907.1, "easting": 478876.7, "northing": 231965.6, "epsg_source": 22391}}, {"type": "Feature", "geometry": {"type": "Point", "coordinates": [9.66622, 35.38793]}, "properties": {"record_id": "oai:u-bordeaux-montaigne.fr:340516", "symbol_class": "building", "pixel_x": 6781.6, "pixel_y": 1909.0, "easting": 478716.3, "northing": 231970.1, "epsg_source": 22391}}, {"type": "Feature", "geometry": {"type": "Point", "coordinates": [9.54364, 35.39527]}, "properties": {"record_id": "oai:u-bordeaux-montaigne.fr:340516", "symbol_class": "building", "pixel_x": 4141.1, "pixel_y": 1914.3, "easting": 467586.0, "northing": 232818.4, "epsg_source": 22391}}, {"type": "Feature", "geometry": {"type": "Point", "coordinates": [9.54486, 35.39475]}, "properties": {"record_id": "oai:u-bordeaux-montaigne.fr:340516", "symbol_class": "building", "pixel_x": 4168.2, "pixel_y": 1926.1, "easting": 467696.3, "northing": 232760.1, "epsg_source": 22391}}, {"type": "Feature", "geometry": {"type": "Point", "coordinates": [9.56945, 35.39341]}, "properties": {"record_id": "oai:u-bordeaux-montaigne.fr:340516", "symbol_class": "building", "pixel_x": 4697.7, "pixel_y": 1921.9, "easting": 469929.5, "northing": 232603.2, "epsg_source": 22391}}, {"type": "Feature", "geometry": {"type": "Point", "coordinates": [9.65791, 35.38791]}, "properties": {"record_id": "oai:u-bordeaux-montaigne.fr:340516", "symbol_class": "building", "pixel_x": 6603.6, "pixel_y": 1923.1, "easting": 477961.8, "northing": 231969.5, "epsg_source": 22391}}, {"type": "Feature", "geometry": {"type": "Point", "coordinates": [9.54359, 35.39462]}, "properties": {"record_id": "oai:u-bordeaux-montaigne.fr:340516", "symbol_class": "building", "pixel_x": 4141.1, "pixel_y": 1931.6, "easting": 467580.7, "northing": 232746.1, "epsg_source": 22391}}, {"type": "Feature", "geometry": {"type": "Point", "coordinates": [9.72582, 35.3832]}, "properties": {"record_id": "oai:u-bordeaux-montaigne.fr:340516", "symbol_class": "building", "pixel_x": 8067.8, "pixel_y": 1935.5, "easting": 484128.9, "northing": 231435.0, "epsg_source": 22391}}, {"type": "Feature", "geometry": {"type": "Point", "coordinates": [9.72749, 35.38312]}, "properties": {"record_id": "oai:u-bordeaux-montaigne.fr:340516", "symbol_class": "building", "pixel_x": 8103.7, "pixel_y": 1935.1, "easting": 484280.3, "northing": 231424.9, "epsg_source": 22391}}, {"type": "Feature", "geometry": {"type": "Point", "coordinates": [9.72903, 35.38302]}, "properties": {"record_id": "oai:u-bordeaux-montaigne.fr:340516", "symbol_class": "building", "pixel_x": 8137.0, "pixel_y": 1935.1, "easting": 484420.7, "northing": 231413.9, "epsg_source": 22391}}, {"type": "Feature", "geometry": {"type": "Point", "coordinates": [9.7299, 35.38294]}, "properties": {"record_id": "oai:u-bordeaux-montaigne.fr:340516", "symbol_class": "building", "pixel_x": 8155.8, "pixel_y": 1935.6, "easting": 484499.7, "northing": 231405.5, "epsg_source": 22391}}, {"type": "Feature", "geometry": {"type": "Point", "coordinates": [9.73154, 35.38284]}, "properties": {"record_id": "oai:u-bordeaux-montaigne.fr:340516", "symbol_class": "building", "pixel_x": 8190.9, "pixel_y": 1935.7, "easting": 484647.8, "northing": 231393.8, "epsg_source": 22391}}, {"type": "Feature", "geometry": {"type": "Point", "coordinates": [9.73224, 35.38277]}, "properties": {"record_id": "oai:u-bordeaux-montaigne.fr:340516", "symbol_class": "building", "pixel_x": 8206.0, "pixel_y": 1936.5, "easting": 484711.3, "northing": 231385.4, "epsg_source": 22391}}, {"type": "Feature", "geometry": {"type": "Point", "coordinates": [9.72663, 35.38316]}, "properties": {"record_id": "oai:u-bordeaux-montaigne.fr:340516", "symbol_class": "building", "pixel_x": 8085.3, "pixel_y": 1935.4, "easting": 484202.6, "northing": 231429.8, "epsg_source": 22391}}, {"type": "Feature", "geometry": {"type": "Point", "coordinates": [9.73072, 35.38289]}, "properties": {"record_id": "oai:u-bordeaux-montaigne.fr:340516", "symbol_class": "building", "pixel_x": 8173.4, "pixel_y": 1935.8, "easting": 484573.8, "northing": 231399.1, "epsg_source": 22391}}, {"type": "Feature", "geometry": {"type": "Point", "coordinates": [9.72329, 35.38332]}, "properties": {"record_id": "oai:u-bordeaux-montaigne.fr:340516", "symbol_class": "building", "pixel_x": 8013.3, "pixel_y": 1936.7, "easting": 483898.7, "northing": 231448.2, "epsg_source": 22391}}, {"type": "Feature", "geometry": {"type": "Point", "coordinates": [9.72406, 35.38326]}, "properties": {"record_id": "oai:u-bordeaux-montaigne.fr:340516", "symbol_class": "building", "pixel_x": 8029.9, "pixel_y": 1937.0, "easting": 483968.7, "northing": 231441.2, "epsg_source": 22391}}, {"type": "Feature", "geometry": {"type": "Point", "coordinates": [9.72494, 35.38319]}, "properties": {"record_id": "oai:u-bordeaux-montaigne.fr:340516", "symbol_class": "building", "pixel_x": 8048.9, "pixel_y": 1937.4, "easting": 484048.7, "northing": 231433.2, "epsg_source": 22391}}, {"type": "Feature", "geometry": {"type": "Point", "coordinates": [9.61383, 35.38991]}, "properties": {"record_id": "oai:u-bordeaux-montaigne.fr:340516", "symbol_class": "building", "pixel_x": 5655.3, "pixel_y": 1942.1, "easting": 473959.0, "northing": 232202.6, "epsg_source": 22391}}, {"type": "Feature", "geometry": {"type": "Point", "coordinates": [9.43988, 35.40037]}, "properties": {"record_id": "oai:u-bordeaux-montaigne.fr:340516", "symbol_class": "building", "pixel_x": 1908.2, "pixel_y": 1945.6, "easting": 458165.1, "northing": 233423.5, "epsg_source": 22391}}, {"type": "Feature", "geometry": {"type": "Point", "coordinates": [9.5443, 35.39407]}, "properties": {"record_id": "oai:u-bordeaux-montaigne.fr:340516", "symbol_class": "building", "pixel_x": 4157.5, "pixel_y": 1944.9, "easting": 467645.4, "northing": 232684.6, "epsg_source": 22391}}, {"type": "Feature", "geometry": {"type": "Point", "coordinates": [9.61278, 35.38958]}, "properties": {"record_id": "oai:u-bordeaux-montaigne.fr:340516", "symbol_class": "building", "pixel_x": 5633.3, "pixel_y": 1952.4, "easting": 473863.2, "northing": 232166.8, "epsg_source": 22391}}, {"type": "Feature", "geometry": {"type": "Point", "coordinates": [9.72131, 35.38277]}, "properties": {"record_id": "oai:u-bordeaux-montaigne.fr:340516", "symbol_class": "building", "pixel_x": 7971.9, "pixel_y": 1954.5, "easting": 483718.9, "northing": 231387.1, "epsg_source": 22391}}, {"type": "Feature", "geometry": {"type": "Point", "coordinates": [9.44398, 35.39971]}, "properties": {"record_id": "oai:u-bordeaux-montaigne.fr:340516", "symbol_class": "building", "pixel_x": 1997.4, "pixel_y": 1956.5, "easting": 458537.5, "northing": 233348.3, "epsg_source": 22391}}, {"type": "Feature", "geometry": {"type": "Point", "coordinates": [9.72085, 35.38259]}, "properties": {"record_id": "oai:u-bordeaux-montaigne.fr:340516", "symbol_class": "building", "pixel_x": 7962.3, "pixel_y": 1959.9, "easting": 483676.8, "northing": 231367.6, "epsg_source": 22391}}, {"type": "Feature", "geometry": {"type": "Point", "coordinates": [9.44001, 35.39993]}, "properties": {"record_id": "oai:u-bordeaux-montaigne.fr:340516", "symbol_class": "building", "pixel_x": 1911.8, "pixel_y": 1957.1, "easting": 458176.7, "northing": 233374.1, "epsg_source": 22391}}, {"type": "Feature", "geometry": {"type": "Point", "coordinates": [9.7205, 35.38261]}, "properties": {"record_id": "oai:u-bordeaux-montaigne.fr:340516", "symbol_class": "building", "pixel_x": 7954.8, "pixel_y": 1959.9, "easting": 483645.1, "northing": 231370.0, "epsg_source": 22391}}, {"type": "Feature", "geometry": {"type": "Point", "coordinates": [9.44343, 35.39969]}, "properties": {"record_id": "oai:u-bordeaux-montaigne.fr:340516", "symbol_class": "building", "pixel_x": 1985.5, "pixel_y": 1958.0, "easting": 458487.0, "northing": 233345.9, "epsg_source": 22391}}, {"type": "Feature", "geometry": {"type": "Point", "coordinates": [9.55229, 35.39304]}, "properties": {"record_id": "oai:u-bordeaux-montaigne.fr:340516", "symbol_class": "building", "pixel_x": 4330.6, "pixel_y": 1959.1, "easting": 468370.4, "northing": 232568.0, "epsg_source": 22391}}, {"type": "Feature", "geometry": {"type": "Point", "coordinates": [9.72164, 35.38248]}, "properties": {"record_id": "oai:u-bordeaux-montaigne.fr:340516", "symbol_class": "building", "pixel_x": 7979.6, "pixel_y": 1961.5, "easting": 483749.1, "northing": 231355.1, "epsg_source": 22391}}, {"type": "Feature", "geometry": {"type": "Point", "coordinates": [9.71804, 35.38264]}, "properties": {"record_id": "oai:u-bordeaux-montaigne.fr:340516", "symbol_class": "building", "pixel_x": 7902.1, "pixel_y": 1963.1, "easting": 483421.9, "northing": 231374.2, "epsg_source": 22391}}, {"type": "Feature", "geometry": {"type": "Point", "coordinates": [9.72742, 35.38203]}, "properties": {"record_id": "oai:u-bordeaux-montaigne.fr:340516", "symbol_class": "building", "pixel_x": 8104.4, "pixel_y": 1963.7, "easting": 484274.2, "northing": 231304.8, "epsg_source": 22391}}, {"type": "Feature", "geometry": {"type": "Point", "coordinates": [9.71752, 35.3827]}, "properties": {"record_id": "oai:u-bordeaux-montaigne.fr:340516", "symbol_class": "building", "pixel_x": 7890.8, "pixel_y": 1962.4, "easting": 483374.4, "northing": 231380.7, "epsg_source": 22391}}, {"type": "Feature", "geometry": {"type": "Point", "coordinates": [9.55252, 35.39274]}, "properties": {"record_id": "oai:u-bordeaux-montaigne.fr:340516", "symbol_class": "building", "pixel_x": 4336.0, "pixel_y": 1966.5, "easting": 468391.0, "northing": 232535.2, "epsg_source": 22391}}, {"type": "Feature", "geometry": {"type": "Point", "coordinates": [9.60924, 35.38922]}, "properties": {"record_id": "oai:u-bordeaux-montaigne.fr:340516", "symbol_class": "building", "pixel_x": 5558.2, "pixel_y": 1967.8, "easting": 473541.8, "northing": 232127.0, "epsg_source": 22391}}, {"type": "Feature", "geometry": {"type": "Point", "coordinates": [9.72116, 35.38235]}, "properties": {"record_id": "oai:u-bordeaux-montaigne.fr:340516", "symbol_class": "building", "pixel_x": 7969.5, "pixel_y": 1965.8, "easting": 483705.2, "northing": 231340.7, "epsg_source": 22391}}, {"type": "Feature", "geometry": {"type": "Point", "coordinates": [9.55298, 35.3927]}, "properties": {"record_id": "oai:u-bordeaux-montaigne.fr:340516", "symbol_class": "building", "pixel_x": 4346.1, "pixel_y": 1967.1, "easting": 468433.4, "northing": 232529.5, "epsg_source": 22391}}, {"type": "Feature", "geometry": {"type": "Point", "coordinates": [9.5719, 35.39151]}, "properties": {"record_id": "oai:u-bordeaux-montaigne.fr:340516", "symbol_class": "building", "pixel_x": 4753.8, "pixel_y": 1968.0, "easting": 470151.3, "northing": 232391.6, "epsg_source": 22391}}, {"type": "Feature", "geometry": {"type": "Point", "coordinates": [9.60972, 35.38903]}, "properties": {"record_id": "oai:u-bordeaux-montaigne.fr:340516", "symbol_class": "building", "pixel_x": 5568.7, "pixel_y": 1972.0, "easting": 473584.7, "northing": 232105.9, "epsg_source": 22391}}, {"type": "Feature", "geometry": {"type": "Point", "coordinates": [9.61371, 35.38872]}, "properties": {"record_id": "oai:u-bordeaux-montaigne.fr:340516", "symbol_class": "building", "pixel_x": 5654.8, "pixel_y": 1973.6, "easting": 473947.2, "northing": 232070.8, "epsg_source": 22391}}, {"type": "Feature", "geometry": {"type": "Point", "coordinates": [9.71836, 35.3823]}, "properties": {"record_id": "oai:u-bordeaux-montaigne.fr:340516", "symbol_class": "building", "pixel_x": 7909.7, "pixel_y": 1971.7, "easting": 483451.2, "northing": 231335.4, "epsg_source": 22391}}, {"type": "Feature", "geometry": {"type": "Point", "coordinates": [9.72195, 35.38203]}, "properties": {"record_id": "oai:u-bordeaux-montaigne.fr:340516", "symbol_class": "building", "pixel_x": 7987.0, "pixel_y": 1972.9, "easting": 483776.7, "northing": 231305.2, "epsg_source": 22391}}, {"type": "Feature", "geometry": {"type": "Point", "coordinates": [9.61206, 35.38862]}, "properties": {"record_id": "oai:u-bordeaux-montaigne.fr:340516", "symbol_class": "building", "pixel_x": 5619.6, "pixel_y": 1978.9, "easting": 473797.1, "northing": 232060.3, "epsg_source": 22391}}, {"type": "Feature", "geometry": {"type": "Point", "coordinates": [9.7185, 35.38197]}, "properties": {"record_id": "oai:u-bordeaux-montaigne.fr:340516", "symbol_class": "building", "pixel_x": 7913.3, "pixel_y": 1980.0, "easting": 483463.9, "northing": 231299.6, "epsg_source": 22391}}, {"type": "Feature", "geometry": {"type": "Point", "coordinates": [9.7223, 35.38166]}, "properties": {"record_id": "oai:u-bordeaux-montaigne.fr:340516", "symbol_class": "building", "pixel_x": 7995.2, "pixel_y": 1982.1, "easting": 483808.6, "northing": 231263.8, "epsg_source": 22391}}, {"type": "Feature", "geometry": {"type": "Point", "coordinates": [9.71909, 35.38175]}, "properties": {"record_id": "oai:u-bordeaux-montaigne.fr:340516", "symbol_class": "building", "pixel_x": 7926.3, "pixel_y": 1984.9, "easting": 483517.1, "northing": 231274.7, "epsg_source": 22391}}, {"type": "Feature", "geometry": {"type": "Point", "coordinates": [9.61952, 35.38791]}, "properties": {"record_id": "oai:u-bordeaux-montaigne.fr:340516", "symbol_class": "building", "pixel_x": 5780.8, "pixel_y": 1985.6, "easting": 474474.5, "northing": 231979.0, "epsg_source": 22391}}, {"type": "Feature", "geometry": {"type": "Point", "coordinates": [9.72333, 35.38134]}, "properties": {"record_id": "oai:u-bordeaux-montaigne.fr:340516", "symbol_class": "building", "pixel_x": 8018.0, "pixel_y": 1988.8, "easting": 483902.2, "northing": 231228.4, "epsg_source": 22391}}, {"type": "Feature", "geometry": {"type": "Point", "coordinates": [9.44448, 35.39844]}, "properties": {"record_id": "oai:u-bordeaux-montaigne.fr:340516", "symbol_class": "building", "pixel_x": 2010.3, "pixel_y": 1989.1, "easting": 458582.0, "northing": 233207.6, "epsg_source": 22391}}, {"type": "Feature", "geometry": {"type": "Point", "coordinates": [9.61833, 35.38791]}, "properties": {"record_id": "oai:u-bordeaux-montaigne.fr:340516", "symbol_class": "building", "pixel_x": 5755.4, "pixel_y": 1987.6, "easting": 474366.7, "northing": 231979.1, "epsg_source": 22391}}, {"type": "Feature", "geometry": {"type": "Point", "coordinates": [9.72389, 35.38128]}, "properties": {"record_id": "oai:u-bordeaux-montaigne.fr:340516", "symbol_class": "building", "pixel_x": 8030.0, "pixel_y": 1989.5, "easting": 483952.7, "northing": 231221.3, "epsg_source": 22391}}, {"type": "Feature", "geometry": {"type": "Point", "coordinates": [9.72187, 35.38124]}, "properties": {"record_id": "oai:u-bordeaux-montaigne.fr:340516", "symbol_class": "building", "pixel_x": 7986.8, "pixel_y": 1993.7, "easting": 483769.3, "northing": 231217.8, "epsg_source": 22391}}, {"type": "Feature", "geometry": {"type": "Point", "coordinates": [9.50267, 35.39459]}, "properties": {"record_id": "oai:u-bordeaux-montaigne.fr:340516", "symbol_class": "building", "pixel_x": 3264.4, "pixel_y": 1998.0, "easting": 463864.8, "northing": 232756.7, "epsg_source": 22391}}, {"type": "Feature", "geometry": {"type": "Point", "coordinates": [9.57163, 35.39044]}, "properties": {"record_id": "oai:u-bordeaux-montaigne.fr:340516", "symbol_class": "building", "pixel_x": 4749.8, "pixel_y": 1996.5, "easting": 470125.7, "northing": 232273.4, "epsg_source": 22391}}, {"type": "Feature", "geometry": {"type": "Point", "coordinates": [9.5459, 35.39177]}, "properties": {"record_id": "oai:u-bordeaux-montaigne.fr:340516", "symbol_class": "building", "pixel_x": 4196.1, "pixel_y": 2002.9, "easting": 467789.9, "northing": 232429.0, "epsg_source": 22391}}, {"type": "Feature", "geometry": {"type": "Point", "coordinates": [9.5736, 35.38975]}, "properties": {"record_id": "oai:u-bordeaux-montaigne.fr:340516", "symbol_class": "building", "pixel_x": 4793.4, "pixel_y": 2011.6, "easting": 470304.7, "northing": 232195.9, "epsg_source": 22391}}, {"type": "Feature", "geometry": {"type": "Point", "coordinates": [9.5708, 35.39019]}, "properties": {"record_id": "oai:u-bordeaux-montaigne.fr:340516", "symbol_class": "building", "pixel_x": 4732.5, "pixel_y": 2004.3, "easting": 470050.3, "northing": 232246.5, "epsg_source": 22391}}, {"type": "Feature", "geometry": {"type": "Point", "coordinates": [9.66893, 35.38397]}, "properties": {"record_id": "oai:u-bordeaux-montaigne.fr:340516", "symbol_class": "building", "pixel_x": 6847.1, "pixel_y": 2008.9, "easting": 478961.1, "northing": 231530.1, "epsg_source": 22391}}, {"type": "Feature", "geometry": {"type": "Point", "coordinates": [9.44102, 35.39782]}, "properties": {"record_id": "oai:u-bordeaux-montaigne.fr:340516", "symbol_class": "building", "pixel_x": 1937.2, "pixel_y": 2011.0, "easting": 458267.1, "northing": 233139.7, "epsg_source": 22391}}, {"type": "Feature", "geometry": {"type": "Point", "coordinates": [9.4454, 35.39754]}, "properties": {"record_id": "oai:u-bordeaux-montaigne.fr:340516", "symbol_class": "building", "pixel_x": 2031.7, "pixel_y": 2011.3, "easting": 458665.2, "northing": 233107.3, "epsg_source": 22391}}, {"type": "Feature", "geometry": {"type": "Point", "coordinates": [9.44626, 35.39751]}, "properties": {"record_id": "oai:u-bordeaux-montaigne.fr:340516", "symbol_class": "building", "pixel_x": 2050.3, "pixel_y": 2010.7, "easting": 458743.5, "northing": 233103.7, "epsg_source": 22391}}, {"type": "Feature", "geometry": {"type": "Point", "coordinates": [9.67323, 35.3835]}, "properties": {"record_id": "oai:u-bordeaux-montaigne.fr:340516", "symbol_class": "building", "pixel_x": 6940.2, "pixel_y": 2014.1, "easting": 479352.1, "northing": 231477.4, "epsg_source": 22391}}, {"type": "Feature", "geometry": {"type": "Point", "coordinates": [9.57278, 35.3895]}, "properties": {"record_id": "oai:u-bordeaux-montaigne.fr:340516", "symbol_class": "building", "pixel_x": 4776.4, "pixel_y": 2019.3, "easting": 470230.6, "northing": 232169.2, "epsg_source": 22391}}, {"type": "Feature", "geometry": {"type": "Point", "coordinates": [9.44144, 35.39745]}, "properties": {"record_id": "oai:u-bordeaux-montaigne.fr:340516", "symbol_class": "building", "pixel_x": 1947.1, "pixel_y": 2020.1, "easting": 458305.7, "northing": 233098.3, "epsg_source": 22391}}, {"type": "Feature", "geometry": {"type": "Point", "coordinates": [9.44566, 35.39727]}, "properties": {"record_id": "oai:u-bordeaux-montaigne.fr:340516", "symbol_class": "building", "pixel_x": 2037.7, "pixel_y": 2018.0, "easting": 458688.3, "northing": 233077.2, "epsg_source": 22391}}, {"type": "Feature", "geometry": {"type": "Point", "coordinates": [9.44608, 35.39726]}, "properties": {"record_id": "oai:u-bordeaux-montaigne.fr:340516", "symbol_class": "building", "pixel_x": 2046.9, "pixel_y": 2017.6, "easting": 458727.1, "northing": 233075.9, "epsg_source": 22391}}, {"type": "Feature", "geometry": {"type": "Point", "coordinates": [9.54231, 35.39145]}, "properties": {"record_id": "oai:u-bordeaux-montaigne.fr:340516", "symbol_class": "building", "pixel_x": 4119.7, "pixel_y": 2017.0, "easting": 467463.5, "northing": 232395.2, "epsg_source": 22391}}, {"type": "Feature", "geometry": {"type": "Point", "coordinates": [9.44101, 35.39749]}, "properties": {"record_id": "oai:u-bordeaux-montaigne.fr:340516", "symbol_class": "building", "pixel_x": 1937.8, "pixel_y": 2019.7, "easting": 458266.7, "northing": 233103.2, "epsg_source": 22391}}, {"type": "Feature", "geometry": {"type": "Point", "coordinates": [9.44306, 35.39731]}, "properties": {"record_id": "oai:u-bordeaux-montaigne.fr:340516", "symbol_class": "building", "pixel_x": 1982.0, "pixel_y": 2021.2, "easting": 458452.7, "northing": 233082.5, "epsg_source": 22391}}, {"type": "Feature", "geometry": {"type": "Point", "coordinates": [9.61941, 35.38656]}, "properties": {"record_id": "oai:u-bordeaux-montaigne.fr:340516", "symbol_class": "building", "pixel_x": 5781.1, "pixel_y": 2021.2, "easting": 474464.5, "northing": 231829.9, "epsg_source": 22391}}, {"type": "Feature", "geometry": {"type": "Point", "coordinates": [9.67423, 35.38283]}, "properties": {"record_id": "oai:u-bordeaux-montaigne.fr:340516", "symbol_class": "building", "pixel_x": 6962.9, "pixel_y": 2030.0, "easting": 479442.6, "northing": 231403.4, "epsg_source": 22391}}, {"type": "Feature", "geometry": {"type": "Point", "coordinates": [9.67484, 35.38267]}, "properties": {"record_id": "oai:u-bordeaux-montaigne.fr:340516", "symbol_class": "building", "pixel_x": 6976.3, "pixel_y": 2033.4, "easting": 479497.9, "northing": 231384.8, "epsg_source": 22391}}, {"type": "Feature", "geometry": {"type": "Point", "coordinates": [9.71876, 35.37983]}, "properties": {"record_id": "oai:u-bordeaux-montaigne.fr:340516", "symbol_class": "building", "pixel_x": 7922.8, "pixel_y": 2036.0, "easting": 483486.5, "northing": 231061.7, "epsg_source": 22391}}, {"type": "Feature", "geometry": {"type": "Point", "coordinates": [9.40407, 35.39894]}, "properties": {"record_id": "oai:u-bordeaux-montaigne.fr:340516", "symbol_class": "building", "pixel_x": 1143.4, "pixel_y": 2039.8, "easting": 454912.4, "northing": 233281.1, "epsg_source": 22391}}, {"type": "Feature", "geometry": {"type": "Point", "coordinates": [9.45415, 35.39592]}, "properties": {"record_id": "oai:u-bordeaux-montaigne.fr:340516", "symbol_class": "building", "pixel_x": 2222.2, "pixel_y": 2040.2, "easting": 459459.1, "northing": 232923.3, "epsg_source": 22391}}, {"type": "Feature", "geometry": {"type": "Point", "coordinates": [9.45372, 35.39592]}, "properties": {"record_id": "oai:u-bordeaux-montaigne.fr:340516", "symbol_class": "building", "pixel_x": 2212.9, "pixel_y": 2040.8, "easting": 459419.7, "northing": 232923.9, "epsg_source": 22391}}, {"type": "Feature", "geometry": {"type": "Point", "coordinates": [9.40448, 35.39859]}, "properties": {"record_id": "oai:u-bordeaux-montaigne.fr:340516", "symbol_class": "building", "pixel_x": 1152.9, "pixel_y": 2048.5, "easting": 454949.7, "northing": 233241.5, "epsg_source": 22391}}, {"type": "Feature", "geometry": {"type": "Point", "coordinates": [9.50665, 35.39232]}, "properties": {"record_id": "oai:u-bordeaux-montaigne.fr:340516", "symbol_class": "building", "pixel_x": 3354.0, "pixel_y": 2051.3, "easting": 464225.5, "northing": 232503.9, "epsg_source": 22391}}, {"type": "Feature", "geometry": {"type": "Point", "coordinates": [9.50583, 35.39236]}, "properties": {"record_id": "oai:u-bordeaux-montaigne.fr:340516", "symbol_class": "building", "pixel_x": 3336.2, "pixel_y": 2051.6, "easting": 464150.4, "northing": 232508.7, "epsg_source": 22391}}, {"type": "Feature", "geometry": {"type": "Point", "coordinates": [9.40403, 35.39848]}, "properties": {"record_id": "oai:u-bordeaux-montaigne.fr:340516", "symbol_class": "building", "pixel_x": 1143.4, "pixel_y": 2051.9, "easting": 454908.7, "northing": 233230.2, "epsg_source": 22391}}, {"type": "Feature", "geometry": {"type": "Point", "coordinates": [9.72507, 35.37876]}, "properties": {"record_id": "oai:u-bordeaux-montaigne.fr:340516", "symbol_class": "building", "pixel_x": 8060.1, "pixel_y": 2053.7, "easting": 484059.4, "northing": 230942.5, "epsg_source": 22391}}, {"type": "Feature", "geometry": {"type": "Point", "coordinates": [9.40369, 35.39823]}, "properties": {"record_id": "oai:u-bordeaux-montaigne.fr:340516", "symbol_class": "building", "pixel_x": 1136.7, "pixel_y": 2059.1, "easting": 454877.8, "northing": 233202.1, "epsg_source": 22391}}, {"type": "Feature", "geometry": {"type": "Point", "coordinates": [9.44341, 35.39567]}, "properties": {"record_id": "oai:u-bordeaux-montaigne.fr:340516", "symbol_class": "building", "pixel_x": 1992.5, "pixel_y": 2063.8, "easting": 458483.6, "northing": 232900.6, "epsg_source": 22391}}, {"type": "Feature", "geometry": {"type": "Point", "coordinates": [9.50475, 35.39194]}, "properties": {"record_id": "oai:u-bordeaux-montaigne.fr:340516", "symbol_class": "building", "pixel_x": 3313.9, "pixel_y": 2064.3, "easting": 464052.7, "northing": 232462.7, "epsg_source": 22391}}, {"type": "Feature", "geometry": {"type": "Point", "coordinates": [9.71798, 35.37879]}, "properties": {"record_id": "oai:u-bordeaux-montaigne.fr:340516", "symbol_class": "building", "pixel_x": 7908.2, "pixel_y": 2064.8, "easting": 483415.7, "northing": 230946.3, "epsg_source": 22391}}, {"type": "Feature", "geometry": {"type": "Point", "coordinates": [9.50608, 35.39163]}, "properties": {"record_id": "oai:u-bordeaux-montaigne.fr:340516", "symbol_class": "building", "pixel_x": 3343.0, "pixel_y": 2070.3, "easting": 464173.5, "northing": 232427.9, "epsg_source": 22391}}, {"type": "Feature", "geometry": {"type": "Point", "coordinates": [9.6018, 35.38579]}, "properties": {"record_id": "oai:u-bordeaux-montaigne.fr:340516", "symbol_class": "building", "pixel_x": 5405.1, "pixel_y": 2070.2, "easting": 472864.3, "northing": 231748.5, "epsg_source": 22391}}, {"type": "Feature", "geometry": {"type": "Point", "coordinates": [9.50519, 35.39163]}, "properties": {"record_id": "oai:u-bordeaux-montaigne.fr:340516", "symbol_class": "building", "pixel_x": 3324.0, "pixel_y": 2071.8, "easting": 464092.6, "northing": 232427.8, "epsg_source": 22391}}, {"type": "Feature", "geometry": {"type": "Point", "coordinates": [9.50563, 35.3916]}, "properties": {"record_id": "oai:u-bordeaux-montaigne.fr:340516", "symbol_class": "building", "pixel_x": 3333.3, "pixel_y": 2072.0, "easting": 464132.0, "northing": 232424.1, "epsg_source": 22391}}, {"type": "Feature", "geometry": {"type": "Point", "coordinates": [9.50653, 35.3914]}, "properties": {"record_id": "oai:u-bordeaux-montaigne.fr:340516", "symbol_class": "building", "pixel_x": 3352.9, "pixel_y": 2075.6, "easting": 464213.5, "northing": 232402.3, "epsg_source": 22391}}, {"type": "Feature", "geometry": {"type": "Point", "coordinates": [9.58266, 35.38659]}, "properties": {"record_id": "oai:u-bordeaux-montaigne.fr:340516", "symbol_class": "building", "pixel_x": 4993.5, "pixel_y": 2079.9, "easting": 471126.6, "northing": 231843.6, "epsg_source": 22391}}, {"type": "Feature", "geometry": {"type": "Point", "coordinates": [9.71947, 35.37812]}, "properties": {"record_id": "oai:u-bordeaux-montaigne.fr:340516", "symbol_class": "building", "pixel_x": 7941.3, "pixel_y": 2079.9, "easting": 483550.7, "northing": 230871.8, "epsg_source": 22391}}, {"type": "Feature", "geometry": {"type": "Point", "coordinates": [9.50436, 35.39122]}, "properties": {"record_id": "oai:u-bordeaux-montaigne.fr:340516", "symbol_class": "building", "pixel_x": 3306.8, "pixel_y": 2083.9, "easting": 464016.7, "northing": 232383.0, "epsg_source": 22391}}, {"type": "Feature", "geometry": {"type": "Point", "coordinates": [9.57811, 35.38672]}, "properties": {"record_id": "oai:u-bordeaux-montaigne.fr:340516", "symbol_class": "building", "pixel_x": 4895.8, "pixel_y": 2084.0, "easting": 470713.5, "northing": 231858.8, "epsg_source": 22391}}, {"type": "Feature", "geometry": {"type": "Point", "coordinates": [9.70785, 35.37882]}, "properties": {"record_id": "oai:u-bordeaux-montaigne.fr:340516", "symbol_class": "building", "pixel_x": 7690.9, "pixel_y": 2080.6, "easting": 482495.2, "northing": 230951.7, "epsg_source": 22391}}, {"type": "Feature", "geometry": {"type": "Point", "coordinates": [9.60265, 35.38521]}, "properties": {"record_id": "oai:u-bordeaux-montaigne.fr:340516", "symbol_class": "building", "pixel_x": 5424.5, "pixel_y": 2084.0, "easting": 472941.8, "northing": 231684.4, "epsg_source": 22391}}, {"type": "Feature", "geometry": {"type": "Point", "coordinates": [9.70619, 35.37881]}, "properties": {"record_id": "oai:u-bordeaux-montaigne.fr:340516", "symbol_class": "building", "pixel_x": 7655.4, "pixel_y": 2083.5, "easting": 482344.6, "northing": 230951.1, "epsg_source": 22391}}, {"type": "Feature", "geometry": {"type": "Point", "coordinates": [9.70529, 35.3788]}, "properties": {"record_id": "oai:u-bordeaux-montaigne.fr:340516", "symbol_class": "building", "pixel_x": 7636.1, "pixel_y": 2085.2, "easting": 482262.7, "northing": 230950.3, "epsg_source": 22391}}, {"type": "Feature", "geometry": {"type": "Point", "coordinates": [9.70355, 35.37885]}, "properties": {"record_id": "oai:u-bordeaux-montaigne.fr:340516", "symbol_class": "building", "pixel_x": 7598.7, "pixel_y": 2086.9, "easting": 482104.5, "northing": 230955.3, "epsg_source": 22391}}, {"type": "Feature", "geometry": {"type": "Point", "coordinates": [9.4519, 35.39401]}, "properties": {"record_id": "oai:u-bordeaux-montaigne.fr:340516", "symbol_class": "building", "pixel_x": 2177.5, "pixel_y": 2094.0, "easting": 459253.7, "northing": 232712.8, "epsg_source": 22391}}, {"type": "Feature", "geometry": {"type": "Point", "coordinates": [9.6, 35.38508]}, "properties": {"record_id": "oai:u-bordeaux-montaigne.fr:340516", "symbol_class": "building", "pixel_x": 5367.9, "pixel_y": 2091.6, "easting": 472700.9, "northing": 231671.1, "epsg_source": 22391}}, {"type": "Feature", "geometry": {"type": "Point", "coordinates": [9.71935, 35.37775]}, "properties": {"record_id": "oai:u-bordeaux-montaigne.fr:340516", "symbol_class": "building", "pixel_x": 7939.4, "pixel_y": 2089.7, "easting": 483539.5, "northing": 230831.3, "epsg_source": 22391}}, {"type": "Feature", "geometry": {"type": "Point", "coordinates": [9.45144, 35.39409]}, "properties": {"record_id": "oai:u-bordeaux-montaigne.fr:340516", "symbol_class": "building", "pixel_x": 2167.5, "pixel_y": 2092.8, "easting": 459211.9, "northing": 232721.5, "epsg_source": 22391}}, {"type": "Feature", "geometry": {"type": "Point", "coordinates": [9.58217, 35.38592]}, "properties": {"record_id": "oai:u-bordeaux-montaigne.fr:340516", "symbol_class": "building", "pixel_x": 4984.3, "pixel_y": 2098.5, "easting": 471082.1, "northing": 231768.8, "epsg_source": 22391}}, {"type": "Feature", "geometry": {"type": "Point", "coordinates": [9.6027, 35.38465]}, "properties": {"record_id": "oai:u-bordeaux-montaigne.fr:340516", "symbol_class": "building", "pixel_x": 5426.5, "pixel_y": 2098.8, "easting": 472945.8, "northing": 231621.9, "epsg_source": 22391}}, {"type": "Feature", "geometry": {"type": "Point", "coordinates": [9.60437, 35.38461]}, "properties": {"record_id": "oai:u-bordeaux-montaigne.fr:340516", "symbol_class": "building", "pixel_x": 5462.5, "pixel_y": 2097.0, "easting": 473097.9, "northing": 231617.4, "epsg_source": 22391}}, {"type": "Feature", "geometry": {"type": "Point", "coordinates": [9.69211, 35.37887]}, "properties": {"record_id": "oai:u-bordeaux-montaigne.fr:340516", "symbol_class": "building", "pixel_x": 7353.6, "pixel_y": 2105.1, "easting": 481065.8, "northing": 230960.1, "epsg_source": 22391}}, {"type": "Feature", "geometry": {"type": "Point", "coordinates": [9.69348, 35.37884]}, "properties": {"record_id": "oai:u-bordeaux-montaigne.fr:340516", "symbol_class": "building", "pixel_x": 7383.0, "pixel_y": 2103.5, "easting": 481190.2, "northing": 230957.1, "epsg_source": 22391}}, {"type": "Feature", "geometry": {"type": "Point", "coordinates": [9.45121, 35.39345]}, "properties": {"record_id": "oai:u-bordeaux-montaigne.fr:340516", "symbol_class": "building", "pixel_x": 2163.8, "pixel_y": 2109.8, "easting": 459191.1, "northing": 232651.2, "epsg_source": 22391}}, {"type": "Feature", "geometry": {"type": "Point", "coordinates": [9.60263, 35.38414]}, "properties": {"record_id": "oai:u-bordeaux-montaigne.fr:340516", "symbol_class": "building", "pixel_x": 5426.0, "pixel_y": 2112.2, "easting": 472939.3, "northing": 231565.6, "epsg_source": 22391}}, {"type": "Feature", "geometry": {"type": "Point", "coordinates": [9.45242, 35.39315]}, "properties": {"record_id": "oai:u-bordeaux-montaigne.fr:340516", "symbol_class": "building", "pixel_x": 2190.1, "pixel_y": 2115.8, "easting": 459300.0, "northing": 232617.5, "epsg_source": 22391}}, {"type": "Feature", "geometry": {"type": "Point", "coordinates": [9.45198, 35.39319]}, "properties": {"record_id": "oai:u-bordeaux-montaigne.fr:340516", "symbol_class": "building", "pixel_x": 2180.7, "pixel_y": 2115.6, "easting": 459260.3, "northing": 232621.4, "epsg_source": 22391}}, {"type": "Feature", "geometry": {"type": "Point", "coordinates": [9.42068, 35.39468]}, "properties": {"record_id": "oai:u-bordeaux-montaigne.fr:340516", "symbol_class": "building", "pixel_x": 1507.2, "pixel_y": 2125.8, "easting": 456418.4, "northing": 232800.7, "epsg_source": 22391}}, {"type": "Feature", "geometry": {"type": "Point", "coordinates": [9.42861, 35.39423]}, "properties": {"record_id": "oai:u-bordeaux-montaigne.fr:340516", "symbol_class": "building", "pixel_x": 1677.9, "pixel_y": 2125.2, "easting": 457138.3, "northing": 232746.7, "epsg_source": 22391}}, {"type": "Feature", "geometry": {"type": "Point", "coordinates": [9.64202, 35.3812]}, "properties": {"record_id": "oai:u-bordeaux-montaigne.fr:340516", "symbol_class": "building", "pixel_x": 6275.8, "pixel_y": 2125.7, "easting": 476516.5, "northing": 231229.2, "epsg_source": 22391}}, {"type": "Feature", "geometry": {"type": "Point", "coordinates": [9.43164, 35.39366]}, "properties": {"record_id": "oai:u-bordeaux-montaigne.fr:340516", "symbol_class": "building", "pixel_x": 1744.0, "pixel_y": 2135.3, "easting": 457413.7, "northing": 232682.9, "epsg_source": 22391}}, {"type": "Feature", "geometry": {"type": "Point", "coordinates": [9.43058, 35.39365]}, "properties": {"record_id": "oai:u-bordeaux-montaigne.fr:340516", "symbol_class": "building", "pixel_x": 1721.2, "pixel_y": 2137.4, "easting": 457316.8, "northing": 232681.8, "epsg_source": 22391}}, {"type": "Feature", "geometry": {"type": "Point", "coordinates": [9.43151, 35.39309]}, "properties": {"record_id": "oai:u-bordeaux-montaigne.fr:340516", "symbol_class": "building", "pixel_x": 1742.3, "pixel_y": 2150.6, "easting": 457401.6, "northing": 232619.5, "epsg_source": 22391}}, {"type": "Feature", "geometry": {"type": "Point", "coordinates": [9.64737, 35.3797]}, "properties": {"record_id": "oai:u-bordeaux-montaigne.fr:340516", "symbol_class": "building", "pixel_x": 6393.2, "pixel_y": 2156.5, "easting": 477001.8, "northing": 231061.5, "epsg_source": 22391}}, {"type": "Feature", "geometry": {"type": "Point", "coordinates": [9.60351, 35.38245]}, "properties": {"record_id": "oai:u-bordeaux-montaigne.fr:340516", "symbol_class": "building", "pixel_x": 5448.1, "pixel_y": 2155.3, "easting": 473019.2, "northing": 231377.9, "epsg_source": 22391}}, {"type": "Feature", "geometry": {"type": "Point", "coordinates": [9.55953, 35.3852]}, "properties": {"record_id": "oai:u-bordeaux-montaigne.fr:340516", "symbol_class": "building", "pixel_x": 4500.3, "pixel_y": 2153.9, "easting": 469024.7, "northing": 231696.5, "epsg_source": 22391}}, {"type": "Feature", "geometry": {"type": "Point", "coordinates": [9.60783, 35.38201]}, "properties": {"record_id": "oai:u-bordeaux-montaigne.fr:340516", "symbol_class": "building", "pixel_x": 5541.5, "pixel_y": 2159.8, "easting": 473411.2, "northing": 231328.5, "epsg_source": 22391}}, {"type": "Feature", "geometry": {"type": "Point", "coordinates": [9.54018, 35.38586]}, "properties": {"record_id": "oai:u-bordeaux-montaigne.fr:340516", "symbol_class": "building", "pixel_x": 4084.4, "pixel_y": 2167.8, "easting": 467267.4, "northing": 231775.4, "epsg_source": 22391}}, {"type": "Feature", "geometry": {"type": "Point", "coordinates": [9.60742, 35.38174]}, "properties": {"record_id": "oai:u-bordeaux-montaigne.fr:340516", "symbol_class": "building", "pixel_x": 5533.2, "pixel_y": 2167.6, "easting": 473373.6, "northing": 231298.4, "epsg_source": 22391}}, {"type": "Feature", "geometry": {"type": "Point", "coordinates": [9.5984, 35.38218]}, "properties": {"record_id": "oai:u-bordeaux-montaigne.fr:340516", "symbol_class": "building", "pixel_x": 5339.1, "pixel_y": 2170.7, "easting": 472554.8, "northing": 231349.4, "epsg_source": 22391}}, {"type": "Feature", "geometry": {"type": "Point", "coordinates": [9.56068, 35.384]}, "properties": {"record_id": "oai:u-bordeaux-montaigne.fr:340516", "symbol_class": "building", "pixel_x": 4527.2, "pixel_y": 2183.6, "easting": 469128.9, "northing": 231563.0, "epsg_source": 22391}}, {"type": "Feature", "geometry": {"type": "Point", "coordinates": [9.56092, 35.38375]}, "properties": {"record_id": "oai:u-bordeaux-montaigne.fr:340516", "symbol_class": "building", "pixel_x": 4532.8, "pixel_y": 2189.9, "easting": 469150.3, "northing": 231534.6, "epsg_source": 22391}}, {"type": "Feature", "geometry": {"type": "Point", "coordinates": [9.61291, 35.38026]}, "properties": {"record_id": "oai:u-bordeaux-montaigne.fr:340516", "symbol_class": "building", "pixel_x": 5653.6, "pixel_y": 2197.8, "easting": 473871.9, "northing": 231132.3, "epsg_source": 22391}}, {"type": "Feature", "geometry": {"type": "Point", "coordinates": [9.61255, 35.38023]}, "properties": {"record_id": "oai:u-bordeaux-montaigne.fr:340516", "symbol_class": "building", "pixel_x": 5646.0, "pixel_y": 2199.0, "easting": 473839.4, "northing": 231129.7, "epsg_source": 22391}}, {"type": "Feature", "geometry": {"type": "Point", "coordinates": [9.56179, 35.38324]}, "properties": {"record_id": "oai:u-bordeaux-montaigne.fr:340516", "symbol_class": "building", "pixel_x": 4552.5, "pixel_y": 2202.0, "easting": 469229.7, "northing": 231477.6, "epsg_source": 22391}}, {"type": "Feature", "geometry": {"type": "Point", "coordinates": [9.56159, 35.38304]}, "properties": {"record_id": "oai:u-bordeaux-montaigne.fr:340516", "symbol_class": "building", "pixel_x": 4548.6, "pixel_y": 2207.4, "easting": 469211.8, "northing": 231456.4, "epsg_source": 22391}}, {"type": "Feature", "geometry": {"type": "Point", "coordinates": [9.56206, 35.383]}, "properties": {"record_id": "oai:u-bordeaux-montaigne.fr:340516", "symbol_class": "building", "pixel_x": 4558.6, "pixel_y": 2207.9, "easting": 469253.6, "northing": 231450.9, "epsg_source": 22391}}, {"type": "Feature", "geometry": {"type": "Point", "coordinates": [9.56185, 35.38283]}, "properties": {"record_id": "oai:u-bordeaux-montaigne.fr:340516", "symbol_class": "building", "pixel_x": 4554.5, "pixel_y": 2212.5, "easting": 469234.8, "northing": 231433.0, "epsg_source": 22391}}, {"type": "Feature", "geometry": {"type": "Point", "coordinates": [9.64736, 35.37714]}, "properties": {"record_id": "oai:u-bordeaux-montaigne.fr:340516", "symbol_class": "building", "pixel_x": 6397.8, "pixel_y": 2223.8, "easting": 477000.4, "northing": 230778.0, "epsg_source": 22391}}, {"type": "Feature", "geometry": {"type": "Point", "coordinates": [9.56243, 35.38259]}, "properties": {"record_id": "oai:u-bordeaux-montaigne.fr:340516", "symbol_class": "building", "pixel_x": 4567.4, "pixel_y": 2217.9, "easting": 469287.6, "northing": 231406.2, "epsg_source": 22391}}, {"type": "Feature", "geometry": {"type": "Point", "coordinates": [9.56278, 35.38223]}, "properties": {"record_id": "oai:u-bordeaux-montaigne.fr:340516", "symbol_class": "building", "pixel_x": 4575.5, "pixel_y": 2227.0, "easting": 469318.8, "northing": 231365.3, "epsg_source": 22391}}, {"type": "Feature", "geometry": {"type": "Point", "coordinates": [9.56295, 35.38205]}, "properties": {"record_id": "oai:u-bordeaux-montaigne.fr:340516", "symbol_class": "building", "pixel_x": 4579.6, "pixel_y": 2231.4, "easting": 469334.7, "northing": 231345.5, "epsg_source": 22391}}, {"type": "Feature", "geometry": {"type": "Point", "coordinates": [9.5628, 35.38183]}, "properties": {"record_id": "oai:u-bordeaux-montaigne.fr:340516", "symbol_class": "building", "pixel_x": 4576.7, "pixel_y": 2237.5, "easting": 469320.6, "northing": 231320.8, "epsg_source": 22391}}, {"type": "Feature", "geometry": {"type": "Point", "coordinates": [9.56323, 35.38177]}, "properties": {"record_id": "oai:u-bordeaux-montaigne.fr:340516", "symbol_class": "building", "pixel_x": 4586.0, "pixel_y": 2238.2, "easting": 469359.7, "northing": 231315.0, "epsg_source": 22391}}, {"type": "Feature", "geometry": {"type": "Point", "coordinates": [9.5635, 35.3815]}, "properties": {"record_id": "oai:u-bordeaux-montaigne.fr:340516", "symbol_class": "building", "pixel_x": 4592.4, "pixel_y": 2244.9, "easting": 469384.5, "northing": 231284.8, "epsg_source": 22391}}, {"type": "Feature", "geometry": {"type": "Point", "coordinates": [9.5631, 35.3815]}, "properties": {"record_id": "oai:u-bordeaux-montaigne.fr:340516", "symbol_class": "building", "pixel_x": 4583.7, "pixel_y": 2245.5, "easting": 469347.6, "northing": 231285.1, "epsg_source": 22391}}, {"type": "Feature", "geometry": {"type": "Point", "coordinates": [9.56344, 35.38112]}, "properties": {"record_id": "oai:u-bordeaux-montaigne.fr:340516", "symbol_class": "building", "pixel_x": 4591.9, "pixel_y": 2255.0, "easting": 469379.0, "northing": 231242.6, "epsg_source": 22391}}, {"type": "Feature", "geometry": {"type": "Point", "coordinates": [9.56391, 35.38108]}, "properties": {"record_id": "oai:u-bordeaux-montaigne.fr:340516", "symbol_class": "building", "pixel_x": 4602.0, "pixel_y": 2255.3, "easting": 469421.6, "northing": 231238.0, "epsg_source": 22391}}, {"type": "Feature", "geometry": {"type": "Point", "coordinates": [9.56374, 35.38087]}, "properties": {"record_id": "oai:u-bordeaux-montaigne.fr:340516", "symbol_class": "building", "pixel_x": 4598.6, "pixel_y": 2261.1, "easting": 469405.5, "northing": 231214.7, "epsg_source": 22391}}, {"type": "Feature", "geometry": {"type": "Point", "coordinates": [9.57075, 35.38014]}, "properties": {"record_id": "oai:u-bordeaux-montaigne.fr:340516", "symbol_class": "building", "pixel_x": 4750.4, "pixel_y": 2269.0, "easting": 470042.7, "northing": 231131.7, "epsg_source": 22391}}, {"type": "Feature", "geometry": {"type": "Point", "coordinates": [9.56449, 35.38043]}, "properties": {"record_id": "oai:u-bordeaux-montaigne.fr:340516", "symbol_class": "building", "pixel_x": 4615.7, "pixel_y": 2271.5, "easting": 469474.2, "northing": 231165.8, "epsg_source": 22391}}, {"type": "Feature", "geometry": {"type": "Point", "coordinates": [9.72868, 35.36973]}, "properties": {"record_id": "oai:u-bordeaux-montaigne.fr:340516", "symbol_class": "building", "pixel_x": 8154.7, "pixel_y": 2285.6, "easting": 484385.6, "northing": 229939.9, "epsg_source": 22391}}, {"type": "Feature", "geometry": {"type": "Point", "coordinates": [9.62128, 35.37566]}, "properties": {"record_id": "oai:u-bordeaux-montaigne.fr:340516", "symbol_class": "building", "pixel_x": 5841.8, "pixel_y": 2305.3, "easting": 474631.2, "northing": 230619.7, "epsg_source": 22391}}, {"type": "Feature", "geometry": {"type": "Point", "coordinates": [9.71478, 35.36979]}, "properties": {"record_id": "oai:u-bordeaux-montaigne.fr:340516", "symbol_class": "building", "pixel_x": 7856.8, "pixel_y": 2306.8, "easting": 483123.3, "northing": 229949.4, "epsg_source": 22391}}, {"type": "Feature", "geometry": {"type": "Point", "coordinates": [9.71269, 35.3698]}, "properties": {"record_id": "oai:u-bordeaux-montaigne.fr:340516", "symbol_class": "building", "pixel_x": 7811.9, "pixel_y": 2309.9, "easting": 482933.2, "northing": 229950.9, "epsg_source": 22391}}, {"type": "Feature", "geometry": {"type": "Point", "coordinates": [9.41281, 35.38782]}, "properties": {"record_id": "oai:u-bordeaux-montaigne.fr:340516", "symbol_class": "building", "pixel_x": 1351.1, "pixel_y": 2319.0, "easting": 455700.0, "northing": 232042.9, "epsg_source": 22391}}, {"type": "Feature", "geometry": {"type": "Point", "coordinates": [9.62091, 35.37521]}, "properties": {"record_id": "oai:u-bordeaux-montaigne.fr:340516", "symbol_class": "building", "pixel_x": 5834.6, "pixel_y": 2317.6, "easting": 474597.0, "northing": 230570.5, "epsg_source": 22391}}, {"type": "Feature", "geometry": {"type": "Point", "coordinates": [9.62002, 35.37523]}, "properties": {"record_id": "oai:u-bordeaux-montaigne.fr:340516", "symbol_class": "building", "pixel_x": 5815.5, "pixel_y": 2318.5, "easting": 474516.3, "northing": 230573.2, "epsg_source": 22391}}, {"type": "Feature", "geometry": {"type": "Point", "coordinates": [9.56641, 35.37844]}, "properties": {"record_id": "oai:u-bordeaux-montaigne.fr:340516", "symbol_class": "building", "pixel_x": 4660.5, "pixel_y": 2320.8, "easting": 469647.5, "northing": 230944.2, "epsg_source": 22391}}, {"type": "Feature", "geometry": {"type": "Point", "coordinates": [9.70457, 35.36987]}, "properties": {"record_id": "oai:u-bordeaux-montaigne.fr:340516", "symbol_class": "building", "pixel_x": 7637.7, "pixel_y": 2321.6, "easting": 482195.3, "northing": 229959.6, "epsg_source": 22391}}, {"type": "Feature", "geometry": {"type": "Point", "coordinates": [9.70537, 35.36984]}, "properties": {"record_id": "oai:u-bordeaux-montaigne.fr:340516", "symbol_class": "building", "pixel_x": 7655.0, "pixel_y": 2321.1, "easting": 482268.4, "northing": 229955.8, "epsg_source": 22391}}, {"type": "Feature", "geometry": {"type": "Point", "coordinates": [9.57153, 35.37795]}, "properties": {"record_id": "oai:u-bordeaux-montaigne.fr:340516", "symbol_class": "building", "pixel_x": 4771.1, "pixel_y": 2325.6, "easting": 470112.2, "northing": 230887.8, "epsg_source": 22391}}, {"type": "Feature", "geometry": {"type": "Point", "coordinates": [9.70363, 35.36984]}, "properties": {"record_id": "oai:u-bordeaux-montaigne.fr:340516", "symbol_class": "building", "pixel_x": 7617.7, "pixel_y": 2324.0, "easting": 482110.4, "northing": 229956.1, "epsg_source": 22391}}, {"type": "Feature", "geometry": {"type": "Point", "coordinates": [9.70224, 35.36986]}, "properties": {"record_id": "oai:u-bordeaux-montaigne.fr:340516", "symbol_class": "building", "pixel_x": 7587.8, "pixel_y": 2325.7, "easting": 481983.9, "northing": 229958.9, "epsg_source": 22391}}, {"type": "Feature", "geometry": {"type": "Point", "coordinates": [9.58626, 35.37697]}, "properties": {"record_id": "oai:u-bordeaux-montaigne.fr:340516", "symbol_class": "building", "pixel_x": 5088.6, "pixel_y": 2327.6, "easting": 471449.8, "northing": 230774.8, "epsg_source": 22391}}, {"type": "Feature", "geometry": {"type": "Point", "coordinates": [9.57196, 35.37781]}, "properties": {"record_id": "oai:u-bordeaux-montaigne.fr:340516", "symbol_class": "building", "pixel_x": 4780.5, "pixel_y": 2328.5, "easting": 470151.0, "northing": 230872.5, "epsg_source": 22391}}, {"type": "Feature", "geometry": {"type": "Point", "coordinates": [9.61951, 35.37468]}, "properties": {"record_id": "oai:u-bordeaux-montaigne.fr:340516", "symbol_class": "building", "pixel_x": 5805.5, "pixel_y": 2334.0, "easting": 474469.2, "northing": 230511.4, "epsg_source": 22391}}, {"type": "Feature", "geometry": {"type": "Point", "coordinates": [9.41402, 35.38724]}, "properties": {"record_id": "oai:u-bordeaux-montaigne.fr:340516", "symbol_class": "building", "pixel_x": 1377.9, "pixel_y": 2332.3, "easting": 455809.2, "northing": 231978.4, "epsg_source": 22391}}, {"type": "Feature", "geometry": {"type": "Point", "coordinates": [9.58659, 35.37657]}, "properties": {"record_id": "oai:u-bordeaux-montaigne.fr:340516", "symbol_class": "building", "pixel_x": 5096.5, "pixel_y": 2337.5, "easting": 471480.0, "northing": 230730.7, "epsg_source": 22391}}, {"type": "Feature", "geometry": {"type": "Point", "coordinates": [9.57204, 35.37717]}, "properties": {"record_id": "oai:u-bordeaux-montaigne.fr:340516", "symbol_class": "building", "pixel_x": 4783.5, "pixel_y": 2345.2, "easting": 470158.6, "northing": 230801.4, "epsg_source": 22391}}, {"type": "Feature", "geometry": {"type": "Point", "coordinates": [9.69033, 35.3699]}, "properties": {"record_id": "oai:u-bordeaux-montaigne.fr:340516", "symbol_class": "building", "pixel_x": 7332.5, "pixel_y": 2344.2, "easting": 480902.0, "northing": 229965.7, "epsg_source": 22391}}, {"type": "Feature", "geometry": {"type": "Point", "coordinates": [9.61884, 35.37427]}, "properties": {"record_id": "oai:u-bordeaux-montaigne.fr:340516", "symbol_class": "building", "pixel_x": 5791.9, "pixel_y": 2345.9, "easting": 474408.2, "northing": 230466.2, "epsg_source": 22391}}, {"type": "Feature", "geometry": {"type": "Point", "coordinates": [9.41589, 35.38661]}, "properties": {"record_id": "oai:u-bordeaux-montaigne.fr:340516", "symbol_class": "building", "pixel_x": 1419.2, "pixel_y": 2345.9, "easting": 455978.9, "northing": 231907.7, "epsg_source": 22391}}, {"type": "Feature", "geometry": {"type": "Point", "coordinates": [9.57249, 35.37696]}, "properties": {"record_id": "oai:u-bordeaux-montaigne.fr:340516", "symbol_class": "building", "pixel_x": 4793.5, "pixel_y": 2350.1, "easting": 470199.1, "northing": 230777.7, "epsg_source": 22391}}, {"type": "Feature", "geometry": {"type": "Point", "coordinates": [9.68866, 35.3699]}, "properties": {"record_id": "oai:u-bordeaux-montaigne.fr:340516", "symbol_class": "building", "pixel_x": 7296.7, "pixel_y": 2347.0, "easting": 480750.3, "northing": 229965.5, "epsg_source": 22391}}, {"type": "Feature", "geometry": {"type": "Point", "coordinates": [9.5149, 35.38054]}, "properties": {"record_id": "oai:u-bordeaux-montaigne.fr:340516", "symbol_class": "building", "pixel_x": 3552.5, "pixel_y": 2348.2, "easting": 464969.4, "northing": 231194.7, "epsg_source": 22391}}, {"type": "Feature", "geometry": {"type": "Point", "coordinates": [9.68811, 35.36987]}, "properties": {"record_id": "oai:u-bordeaux-montaigne.fr:340516", "symbol_class": "building", "pixel_x": 7285.0, "pixel_y": 2348.5, "easting": 480700.4, "northing": 229963.1, "epsg_source": 22391}}, {"type": "Feature", "geometry": {"type": "Point", "coordinates": [9.68909, 35.36987]}, "properties": {"record_id": "oai:u-bordeaux-montaigne.fr:340516", "symbol_class": "building", "pixel_x": 7305.9, "pixel_y": 2346.9, "easting": 480788.9, "northing": 229962.8, "epsg_source": 22391}}, {"type": "Feature", "geometry": {"type": "Point", "coordinates": [9.68631, 35.36991]}, "properties": {"record_id": "oai:u-bordeaux-montaigne.fr:340516", "symbol_class": "building", "pixel_x": 7246.4, "pixel_y": 2350.5, "easting": 480536.9, "northing": 229967.5, "epsg_source": 22391}}, {"type": "Feature", "geometry": {"type": "Point", "coordinates": [9.68684, 35.36991]}, "properties": {"record_id": "oai:u-bordeaux-montaigne.fr:340516", "symbol_class": "building", "pixel_x": 7257.7, "pixel_y": 2349.6, "easting": 480585.0, "northing": 229967.3, "epsg_source": 22391}}, {"type": "Feature", "geometry": {"type": "Point", "coordinates": [9.68735, 35.36988]}, "properties": {"record_id": "oai:u-bordeaux-montaigne.fr:340516", "symbol_class": "building", "pixel_x": 7268.7, "pixel_y": 2349.7, "easting": 480631.2, "northing": 229963.6, "epsg_source": 22391}}, {"type": "Feature", "geometry": {"type": "Point", "coordinates": [9.68514, 35.36991]}, "properties": {"record_id": "oai:u-bordeaux-montaigne.fr:340516", "symbol_class": "building", "pixel_x": 7221.2, "pixel_y": 2352.3, "easting": 480430.1, "northing": 229968.2, "epsg_source": 22391}}, {"type": "Feature", "geometry": {"type": "Point", "coordinates": [9.68364, 35.36989]}, "properties": {"record_id": "oai:u-bordeaux-montaigne.fr:340516", "symbol_class": "building", "pixel_x": 7189.2, "pixel_y": 2355.4, "easting": 480294.4, "northing": 229965.7, "epsg_source": 22391}}, {"type": "Feature", "geometry": {"type": "Point", "coordinates": [9.56789, 35.3768]}, "properties": {"record_id": "oai:u-bordeaux-montaigne.fr:340516", "symbol_class": "building", "pixel_x": 4695.1, "pixel_y": 2361.7, "easting": 469780.9, "northing": 230761.6, "epsg_source": 22391}}, {"type": "Feature", "geometry": {"type": "Point", "coordinates": [9.67759, 35.36993]}, "properties": {"record_id": "oai:u-bordeaux-montaigne.fr:340516", "symbol_class": "building", "pixel_x": 7059.5, "pixel_y": 2364.2, "easting": 479744.9, "northing": 229971.9, "epsg_source": 22391}}, {"type": "Feature", "geometry": {"type": "Point", "coordinates": [9.67854, 35.36992]}, "properties": {"record_id": "oai:u-bordeaux-montaigne.fr:340516", "symbol_class": "building", "pixel_x": 7079.9, "pixel_y": 2362.9, "easting": 479831.2, "northing": 229970.2, "epsg_source": 22391}}, {"type": "Feature", "geometry": {"type": "Point", "coordinates": [9.69231, 35.369]}, "properties": {"record_id": "oai:u-bordeaux-montaigne.fr:340516", "symbol_class": "building", "pixel_x": 7376.6, "pixel_y": 2364.6, "easting": 481081.3, "northing": 229865.4, "epsg_source": 22391}}, {"type": "Feature", "geometry": {"type": "Point", "coordinates": [9.67703, 35.36991]}, "properties": {"record_id": "oai:u-bordeaux-montaigne.fr:340516", "symbol_class": "building", "pixel_x": 7047.5, "pixel_y": 2365.6, "easting": 479694.0, "northing": 229969.8, "epsg_source": 22391}}, {"type": "Feature", "geometry": {"type": "Point", "coordinates": [9.67155, 35.36993]}, "properties": {"record_id": "oai:u-bordeaux-montaigne.fr:340516", "symbol_class": "building", "pixel_x": 6930.0, "pixel_y": 2374.1, "easting": 479196.1, "northing": 229973.1, "epsg_source": 22391}}, {"type": "Feature", "geometry": {"type": "Point", "coordinates": [9.66976, 35.36995]}, "properties": {"record_id": "oai:u-bordeaux-montaigne.fr:340516", "symbol_class": "building", "pixel_x": 6891.5, "pixel_y": 2376.5, "easting": 479033.1, "northing": 229975.6, "epsg_source": 22391}}, {"type": "Feature", "geometry": {"type": "Point", "coordinates": [9.59336, 35.37466]}, "properties": {"record_id": "oai:u-bordeaux-montaigne.fr:340516", "symbol_class": "building", "pixel_x": 5245.1, "pixel_y": 2376.9, "easting": 472094.2, "northing": 230516.5, "epsg_source": 22391}}, {"type": "Feature", "geometry": {"type": "Point", "coordinates": [9.38657, 35.38713]}, "properties": {"record_id": "oai:u-bordeaux-montaigne.fr:340516", "symbol_class": "building", "pixel_x": 789.9, "pixel_y": 2378.4, "easting": 453316.5, "northing": 231979.2, "epsg_source": 22391}}, {"type": "Feature", "geometry": {"type": "Point", "coordinates": [9.64386, 35.37136]}, "properties": {"record_id": "oai:u-bordeaux-montaigne.fr:340516", "symbol_class": "building", "pixel_x": 6333.6, "pixel_y": 2381.8, "easting": 476680.3, "northing": 230137.3, "epsg_source": 22391}}, {"type": "Feature", "geometry": {"type": "Point", "coordinates": [9.59282, 35.37449]}, "properties": {"record_id": "oai:u-bordeaux-montaigne.fr:340516", "symbol_class": "building", "pixel_x": 5233.9, "pixel_y": 2382.1, "easting": 472045.0, "northing": 230498.7, "epsg_source": 22391}}, {"type": "Feature", "geometry": {"type": "Point", "coordinates": [9.56883, 35.37589]}, "properties": {"record_id": "oai:u-bordeaux-montaigne.fr:340516", "symbol_class": "building", "pixel_x": 4717.0, "pixel_y": 2384.0, "easting": 469866.0, "northing": 230661.0, "epsg_source": 22391}}, {"type": "Feature", "geometry": {"type": "Point", "coordinates": [9.64737, 35.37081]}, "properties": {"record_id": "oai:u-bordeaux-montaigne.fr:340516", "symbol_class": "building", "pixel_x": 6409.9, "pixel_y": 2390.4, "easting": 476999.1, "northing": 230076.3, "epsg_source": 22391}}, {"type": "Feature", "geometry": {"type": "Point", "coordinates": [9.66422, 35.36994]}, "properties": {"record_id": "oai:u-bordeaux-montaigne.fr:340516", "symbol_class": "building", "pixel_x": 6772.8, "pixel_y": 2385.9, "easting": 478530.1, "northing": 229975.3, "epsg_source": 22391}}, {"type": "Feature", "geometry": {"type": "Point", "coordinates": [9.56852, 35.37574]}, "properties": {"record_id": "oai:u-bordeaux-montaigne.fr:340516", "symbol_class": "building", "pixel_x": 4710.7, "pixel_y": 2388.5, "easting": 469837.9, "northing": 230644.1, "epsg_source": 22391}}, {"type": "Feature", "geometry": {"type": "Point", "coordinates": [9.64339, 35.37095]}, "properties": {"record_id": "oai:u-bordeaux-montaigne.fr:340516", "symbol_class": "building", "pixel_x": 6324.4, "pixel_y": 2393.4, "easting": 476637.7, "northing": 230091.8, "epsg_source": 22391}}, {"type": "Feature", "geometry": {"type": "Point", "coordinates": [9.65946, 35.36996]}, "properties": {"record_id": "oai:u-bordeaux-montaigne.fr:340516", "symbol_class": "building", "pixel_x": 6670.6, "pixel_y": 2393.0, "easting": 478097.1, "northing": 229979.3, "epsg_source": 22391}}, {"type": "Feature", "geometry": {"type": "Point", "coordinates": [9.5044, 35.37941]}, "properties": {"record_id": "oai:u-bordeaux-montaigne.fr:340516", "symbol_class": "building", "pixel_x": 3329.5, "pixel_y": 2395.0, "easting": 464014.7, "northing": 231072.3, "epsg_source": 22391}}, {"type": "Feature", "geometry": {"type": "Point", "coordinates": [9.64304, 35.37096]}, "properties": {"record_id": "oai:u-bordeaux-montaigne.fr:340516", "symbol_class": "building", "pixel_x": 6317.0, "pixel_y": 2393.5, "easting": 476606.3, "northing": 230093.6, "epsg_source": 22391}}, {"type": "Feature", "geometry": {"type": "Point", "coordinates": [9.52752, 35.37778]}, "properties": {"record_id": "oai:u-bordeaux-montaigne.fr:340516", "symbol_class": "building", "pixel_x": 3828.1, "pixel_y": 2400.8, "easting": 466114.5, "northing": 230883.7, "epsg_source": 22391}}, {"type": "Feature", "geometry": {"type": "Point", "coordinates": [9.65301, 35.36995]}, "properties": {"record_id": "oai:u-bordeaux-montaigne.fr:340516", "symbol_class": "building", "pixel_x": 6532.5, "pixel_y": 2403.9, "easting": 477511.5, "northing": 229979.3, "epsg_source": 22391}}, {"type": "Feature", "geometry": {"type": "Point", "coordinates": [9.56962, 35.37501]}, "properties": {"record_id": "oai:u-bordeaux-montaigne.fr:340516", "symbol_class": "building", "pixel_x": 4735.7, "pixel_y": 2406.0, "easting": 469937.8, "northing": 230562.5, "epsg_source": 22391}}, {"type": "Feature", "geometry": {"type": "Point", "coordinates": [9.609, 35.37257]}, "properties": {"record_id": "oai:u-bordeaux-montaigne.fr:340516", "symbol_class": "building", "pixel_x": 5584.2, "pixel_y": 2406.4, "easting": 473513.9, "northing": 230281.1, "epsg_source": 22391}}, {"type": "Feature", "geometry": {"type": "Point", "coordinates": [9.64203, 35.37051]}, "properties": {"record_id": "oai:u-bordeaux-montaigne.fr:340516", "symbol_class": "building", "pixel_x": 6296.2, "pixel_y": 2407.1, "easting": 476514.5, "northing": 230043.6, "epsg_source": 22391}}, {"type": "Feature", "geometry": {"type": "Point", "coordinates": [9.59377, 35.37298]}, "properties": {"record_id": "oai:u-bordeaux-montaigne.fr:340516", "symbol_class": "building", "pixel_x": 5257.1, "pixel_y": 2420.4, "easting": 472131.1, "northing": 230330.6, "epsg_source": 22391}}, {"type": "Feature", "geometry": {"type": "Point", "coordinates": [9.64395, 35.36995]}, "properties": {"record_id": "oai:u-bordeaux-montaigne.fr:340516", "symbol_class": "building", "pixel_x": 6338.3, "pixel_y": 2418.6, "easting": 476688.5, "northing": 229981.4, "epsg_source": 22391}}, {"type": "Feature", "geometry": {"type": "Point", "coordinates": [9.64874, 35.36936]}, "properties": {"record_id": "oai:u-bordeaux-montaigne.fr:340516", "symbol_class": "building", "pixel_x": 6442.1, "pixel_y": 2426.3, "easting": 477123.7, "northing": 229915.2, "epsg_source": 22391}}, {"type": "Feature", "geometry": {"type": "Point", "coordinates": [9.57003, 35.37422]}, "properties": {"record_id": "oai:u-bordeaux-montaigne.fr:340516", "symbol_class": "building", "pixel_x": 4746.0, "pixel_y": 2426.0, "easting": 469975.1, "northing": 230475.5, "epsg_source": 22391}}, {"type": "Feature", "geometry": {"type": "Point", "coordinates": [9.593, 35.37277]}, "properties": {"record_id": "oai:u-bordeaux-montaigne.fr:340516", "symbol_class": "building", "pixel_x": 5241.0, "pixel_y": 2427.2, "easting": 472061.1, "northing": 230307.2, "epsg_source": 22391}}, {"type": "Feature", "geometry": {"type": "Point", "coordinates": [9.49789, 35.37848]}, "properties": {"record_id": "oai:u-bordeaux-montaigne.fr:340516", "symbol_class": "building", "pixel_x": 3191.8, "pixel_y": 2429.8, "easting": 463423.3, "northing": 230972.2, "epsg_source": 22391}}, {"type": "Feature", "geometry": {"type": "Point", "coordinates": [9.42926, 35.38217]}, "properties": {"record_id": "oai:u-bordeaux-montaigne.fr:340516", "symbol_class": "building", "pixel_x": 1713.9, "pixel_y": 2441.7, "easting": 457190.7, "northing": 231409.2, "epsg_source": 22391}}, {"type": "Feature", "geometry": {"type": "Point", "coordinates": [9.42864, 35.38211]}, "properties": {"record_id": "oai:u-bordeaux-montaigne.fr:340516", "symbol_class": "building", "pixel_x": 1700.8, "pixel_y": 2444.3, "easting": 457135.1, "northing": 231402.9, "epsg_source": 22391}}, {"type": "Feature", "geometry": {"type": "Point", "coordinates": [9.73218, 35.36328]}, "properties": {"record_id": "oai:u-bordeaux-montaigne.fr:340516", "symbol_class": "building", "pixel_x": 8242.1, "pixel_y": 2449.6, "easting": 484702.7, "northing": 229224.2, "epsg_source": 22391}}, {"type": "Feature", "geometry": {"type": "Point", "coordinates": [9.42952, 35.382]}, "properties": {"record_id": "oai:u-bordeaux-montaigne.fr:340516", "symbol_class": "building", "pixel_x": 1719.9, "pixel_y": 2445.9, "easting": 457214.7, "northing": 231390.0, "epsg_source": 22391}}, {"type": "Feature", "geometry": {"type": "Point", "coordinates": [9.49717, 35.37783]}, "properties": {"record_id": "oai:u-bordeaux-montaigne.fr:340516", "symbol_class": "building", "pixel_x": 3177.6, "pixel_y": 2448.1, "easting": 463358.0, "northing": 230900.0, "epsg_source": 22391}}, {"type": "Feature", "geometry": {"type": "Point", "coordinates": [9.44077, 35.38116]}, "properties": {"record_id": "oai:u-bordeaux-montaigne.fr:340516", "symbol_class": "building", "pixel_x": 1962.5, "pixel_y": 2450.2, "easting": 458235.9, "northing": 231291.9, "epsg_source": 22391}}, {"type": "Feature", "geometry": {"type": "Point", "coordinates": [9.65099, 35.36779]}, "properties": {"record_id": "oai:u-bordeaux-montaigne.fr:340516", "symbol_class": "building", "pixel_x": 6493.3, "pixel_y": 2464.1, "easting": 477327.4, "northing": 229739.9, "epsg_source": 22391}}, {"type": "Feature", "geometry": {"type": "Point", "coordinates": [9.50117, 35.37674]}, "properties": {"record_id": "oai:u-bordeaux-montaigne.fr:340516", "symbol_class": "building", "pixel_x": 3265.2, "pixel_y": 2470.4, "easting": 463720.1, "northing": 230777.8, "epsg_source": 22391}}, {"type": "Feature", "geometry": {"type": "Point", "coordinates": [9.65132, 35.36755]}, "properties": {"record_id": "oai:u-bordeaux-montaigne.fr:340516", "symbol_class": "building", "pixel_x": 6500.7, "pixel_y": 2469.9, "easting": 477356.9, "northing": 229713.1, "epsg_source": 22391}}, {"type": "Feature", "geometry": {"type": "Point", "coordinates": [9.49967, 35.37675]}, "properties": {"record_id": "oai:u-bordeaux-montaigne.fr:340516", "symbol_class": "building", "pixel_x": 3233.1, "pixel_y": 2472.6, "easting": 463584.3, "northing": 230779.2, "epsg_source": 22391}}, {"type": "Feature", "geometry": {"type": "Point", "coordinates": [9.50026, 35.37675]}, "properties": {"record_id": "oai:u-bordeaux-montaigne.fr:340516", "symbol_class": "building", "pixel_x": 3245.8, "pixel_y": 2471.5, "easting": 463638.1, "northing": 230779.5, "epsg_source": 22391}}, {"type": "Feature", "geometry": {"type": "Point", "coordinates": [9.42129, 35.38135]}, "properties": {"record_id": "oai:u-bordeaux-montaigne.fr:340516", "symbol_class": "building", "pixel_x": 1544.6, "pixel_y": 2475.9, "easting": 456466.8, "northing": 231321.8, "epsg_source": 22391}}, {"type": "Feature", "geometry": {"type": "Point", "coordinates": [9.42042, 35.38123]}, "properties": {"record_id": "oai:u-bordeaux-montaigne.fr:340516", "symbol_class": "building", "pixel_x": 1526.3, "pixel_y": 2480.4, "easting": 456388.0, "northing": 231309.1, "epsg_source": 22391}}, {"type": "Feature", "geometry": {"type": "Point", "coordinates": [9.65096, 35.36724]}, "properties": {"record_id": "oai:u-bordeaux-montaigne.fr:340516", "symbol_class": "building", "pixel_x": 6493.7, "pixel_y": 2478.5, "easting": 477324.6, "northing": 229679.4, "epsg_source": 22391}}, {"type": "Feature", "geometry": {"type": "Point", "coordinates": [9.57347, 35.37178]}, "properties": {"record_id": "oai:u-bordeaux-montaigne.fr:340516", "symbol_class": "building", "pixel_x": 4824.1, "pixel_y": 2484.7, "easting": 470286.0, "northing": 230203.7, "epsg_source": 22391}}, {"type": "Feature", "geometry": {"type": "Point", "coordinates": [9.5754, 35.37165]}, "properties": {"record_id": "oai:u-bordeaux-montaigne.fr:340516", "symbol_class": "building", "pixel_x": 4865.8, "pixel_y": 2485.1, "easting": 470461.5, "northing": 230188.5, "epsg_source": 22391}}, {"type": "Feature", "geometry": {"type": "Point", "coordinates": [9.43462, 35.38004]}, "properties": {"record_id": "oai:u-bordeaux-montaigne.fr:340516", "symbol_class": "building", "pixel_x": 1832.7, "pixel_y": 2489.3, "easting": 457676.6, "northing": 231170.8, "epsg_source": 22391}}, {"type": "Feature", "geometry": {"type": "Point", "coordinates": [9.57454, 35.37153]}, "properties": {"record_id": "oai:u-bordeaux-montaigne.fr:340516", "symbol_class": "building", "pixel_x": 4847.5, "pixel_y": 2489.6, "easting": 470382.9, "northing": 230175.7, "epsg_source": 22391}}, {"type": "Feature", "geometry": {"type": "Point", "coordinates": [9.57505, 35.37141]}, "properties": {"record_id": "oai:u-bordeaux-montaigne.fr:340516", "symbol_class": "building", "pixel_x": 4858.7, "pixel_y": 2491.9, "easting": 470429.5, "northing": 230162.2, "epsg_source": 22391}}, {"type": "Feature", "geometry": {"type": "Point", "coordinates": [9.57685, 35.37121]}, "properties": {"record_id": "oai:u-bordeaux-montaigne.fr:340516", "symbol_class": "building", "pixel_x": 4897.6, "pixel_y": 2494.4, "easting": 470592.6, "northing": 230139.2, "epsg_source": 22391}}, {"type": "Feature", "geometry": {"type": "Point", "coordinates": [9.4094, 35.38115]}, "properties": {"record_id": "oai:u-bordeaux-montaigne.fr:340516", "symbol_class": "building", "pixel_x": 1290.1, "pixel_y": 2499.9, "easting": 455386.3, "northing": 231305.1, "epsg_source": 22391}}, {"type": "Feature", "geometry": {"type": "Point", "coordinates": [9.42523, 35.38016]}, "properties": {"record_id": "oai:u-bordeaux-montaigne.fr:340516", "symbol_class": "building", "pixel_x": 1631.3, "pixel_y": 2501.1, "easting": 456824.0, "northing": 231187.9, "epsg_source": 22391}}, {"type": "Feature", "geometry": {"type": "Point", "coordinates": [9.50645, 35.37536]}, "properties": {"record_id": "oai:u-bordeaux-montaigne.fr:340516", "symbol_class": "building", "pixel_x": 3381.0, "pixel_y": 2498.2, "easting": 464199.3, "northing": 230623.0, "epsg_source": 22391}}, {"type": "Feature", "geometry": {"type": "Point", "coordinates": [9.57577, 35.37115]}, "properties": {"record_id": "oai:u-bordeaux-montaigne.fr:340516", "symbol_class": "building", "pixel_x": 4874.6, "pixel_y": 2497.7, "easting": 470494.7, "northing": 230132.6, "epsg_source": 22391}}, {"type": "Feature", "geometry": {"type": "Point", "coordinates": [9.64553, 35.36686]}, "properties": {"record_id": "oai:u-bordeaux-montaigne.fr:340516", "symbol_class": "building", "pixel_x": 6378.0, "pixel_y": 2497.3, "easting": 476831.1, "northing": 229638.7, "epsg_source": 22391}}, {"type": "Feature", "geometry": {"type": "Point", "coordinates": [9.42574, 35.38011]}, "properties": {"record_id": "oai:u-bordeaux-montaigne.fr:340516", "symbol_class": "building", "pixel_x": 1642.3, "pixel_y": 2501.5, "easting": 456870.3, "northing": 231182.6, "epsg_source": 22391}}, {"type": "Feature", "geometry": {"type": "Point", "coordinates": [9.43428, 35.37948]}, "properties": {"record_id": "oai:u-bordeaux-montaigne.fr:340516", "symbol_class": "building", "pixel_x": 1826.4, "pixel_y": 2504.5, "easting": 457645.4, "northing": 231109.2, "epsg_source": 22391}}, {"type": "Feature", "geometry": {"type": "Point", "coordinates": [9.64561, 35.36649]}, "properties": {"record_id": "oai:u-bordeaux-montaigne.fr:340516", "symbol_class": "building", "pixel_x": 6380.5, "pixel_y": 2507.0, "easting": 476838.6, "northing": 229597.4, "epsg_source": 22391}}, {"type": "Feature", "geometry": {"type": "Point", "coordinates": [9.54825, 35.3724]}, "properties": {"record_id": "oai:u-bordeaux-montaigne.fr:340516", "symbol_class": "building", "pixel_x": 4282.4, "pixel_y": 2509.2, "easting": 467995.1, "northing": 230279.8, "epsg_source": 22391}}, {"type": "Feature", "geometry": {"type": "Point", "coordinates": [9.40972, 35.3806]}, "properties": {"record_id": "oai:u-bordeaux-montaigne.fr:340516", "symbol_class": "building", "pixel_x": 1297.9, "pixel_y": 2513.8, "easting": 455415.1, "northing": 231244.3, "epsg_source": 22391}}, {"type": "Feature", "geometry": {"type": "Point", "coordinates": [9.57811, 35.37049]}, "properties": {"record_id": "oai:u-bordeaux-montaigne.fr:340516", "symbol_class": "building", "pixel_x": 4926.0, "pixel_y": 2511.4, "easting": 470707.0, "northing": 230058.4, "epsg_source": 22391}}, {"type": "Feature", "geometry": {"type": "Point", "coordinates": [9.57473, 35.37061]}, "properties": {"record_id": "oai:u-bordeaux-montaigne.fr:340516", "symbol_class": "building", "pixel_x": 4853.3, "pixel_y": 2513.6, "easting": 470400.0, "northing": 230073.1, "epsg_source": 22391}}, {"type": "Feature", "geometry": {"type": "Point", "coordinates": [9.40815, 35.38058]}, "properties": {"record_id": "oai:u-bordeaux-montaigne.fr:340516", "symbol_class": "building", "pixel_x": 1264.3, "pixel_y": 2517.0, "easting": 455272.4, "northing": 231242.3, "epsg_source": 22391}}, {"type": "Feature", "geometry": {"type": "Point", "coordinates": [9.57696, 35.37042]}, "properties": {"record_id": "oai:u-bordeaux-montaigne.fr:340516", "symbol_class": "building", "pixel_x": 4901.4, "pixel_y": 2514.9, "easting": 470602.3, "northing": 230051.8, "epsg_source": 22391}}, {"type": "Feature", "geometry": {"type": "Point", "coordinates": [9.64487, 35.3663]}, "properties": {"record_id": "oai:u-bordeaux-montaigne.fr:340516", "symbol_class": "building", "pixel_x": 6364.9, "pixel_y": 2513.4, "easting": 476770.7, "northing": 229575.8, "epsg_source": 22391}}, {"type": "Feature", "geometry": {"type": "Point", "coordinates": [9.57566, 35.37039]}, "properties": {"record_id": "oai:u-bordeaux-montaigne.fr:340516", "symbol_class": "building", "pixel_x": 4873.8, "pixel_y": 2517.9, "easting": 470484.9, "northing": 230048.4, "epsg_source": 22391}}, {"type": "Feature", "geometry": {"type": "Point", "coordinates": [9.58313, 35.36983]}, "properties": {"record_id": "oai:u-bordeaux-montaigne.fr:340516", "symbol_class": "building", "pixel_x": 5035.0, "pixel_y": 2520.5, "easting": 471163.5, "northing": 229984.4, "epsg_source": 22391}}, {"type": "Feature", "geometry": {"type": "Point", "coordinates": [9.42895, 35.379]}, "properties": {"record_id": "oai:u-bordeaux-montaigne.fr:340516", "symbol_class": "building", "pixel_x": 1713.1, "pixel_y": 2525.7, "easting": 457161.1, "northing": 231057.9, "epsg_source": 22391}}, {"type": "Feature", "geometry": {"type": "Point", "coordinates": [9.40939, 35.37979]}, "properties": {"record_id": "oai:u-bordeaux-montaigne.fr:340516", "symbol_class": "building", "pixel_x": 1292.3, "pixel_y": 2535.6, "easting": 455384.7, "northing": 231154.8, "epsg_source": 22391}}, {"type": "Feature", "geometry": {"type": "Point", "coordinates": [9.45045, 35.37718]}, "properties": {"record_id": "oai:u-bordeaux-montaigne.fr:340516", "symbol_class": "building", "pixel_x": 2177.3, "pixel_y": 2539.5, "easting": 459113.1, "northing": 230846.9, "epsg_source": 22391}}, {"type": "Feature", "geometry": {"type": "Point", "coordinates": [9.64545, 35.36566]}, "properties": {"record_id": "oai:u-bordeaux-montaigne.fr:340516", "symbol_class": "building", "pixel_x": 6378.6, "pixel_y": 2529.2, "easting": 476823.5, "northing": 229505.0, "epsg_source": 22391}}, {"type": "Feature", "geometry": {"type": "Point", "coordinates": [9.72419, 35.36076]}, "properties": {"record_id": "oai:u-bordeaux-montaigne.fr:340516", "symbol_class": "building", "pixel_x": 8075.6, "pixel_y": 2529.1, "easting": 483976.1, "northing": 228946.1, "epsg_source": 22391}}, {"type": "Feature", "geometry": {"type": "Point", "coordinates": [9.40872, 35.37987]}, "properties": {"record_id": "oai:u-bordeaux-montaigne.fr:340516", "symbol_class": "building", "pixel_x": 1277.9, "pixel_y": 2534.7, "easting": 455324.3, "northing": 231163.5, "epsg_source": 22391}}, {"type": "Feature", "geometry": {"type": "Point", "coordinates": [9.64274, 35.36565]}, "properties": {"record_id": "oai:u-bordeaux-montaigne.fr:340516", "symbol_class": "building", "pixel_x": 6320.4, "pixel_y": 2534.0, "easting": 476576.8, "northing": 229504.2, "epsg_source": 22391}}, {"type": "Feature", "geometry": {"type": "Point", "coordinates": [9.56653, 35.37036]}, "properties": {"record_id": "oai:u-bordeaux-montaigne.fr:340516", "symbol_class": "building", "pixel_x": 4678.1, "pixel_y": 2533.3, "easting": 469655.1, "northing": 230048.5, "epsg_source": 22391}}, {"type": "Feature", "geometry": {"type": "Point", "coordinates": [9.6444, 35.36556]}, "properties": {"record_id": "oai:u-bordeaux-montaigne.fr:340516", "symbol_class": "building", "pixel_x": 6356.3, "pixel_y": 2533.6, "easting": 476728.3, "northing": 229494.0, "epsg_source": 22391}}, {"type": "Feature", "geometry": {"type": "Point", "coordinates": [9.64214, 35.36562]}, "properties": {"record_id": "oai:u-bordeaux-montaigne.fr:340516", "symbol_class": "building", "pixel_x": 6307.6, "pixel_y": 2535.6, "easting": 476522.5, "northing": 229501.8, "epsg_source": 22391}}, {"type": "Feature", "geometry": {"type": "Point", "coordinates": [9.64602, 35.36538]}, "properties": {"record_id": "oai:u-bordeaux-montaigne.fr:340516", "symbol_class": "building", "pixel_x": 6391.3, "pixel_y": 2535.5, "easting": 476875.1, "northing": 229474.4, "epsg_source": 22391}}, {"type": "Feature", "geometry": {"type": "Point", "coordinates": [9.64485, 35.36537]}, "properties": {"record_id": "oai:u-bordeaux-montaigne.fr:340516", "symbol_class": "building", "pixel_x": 6366.2, "pixel_y": 2537.7, "easting": 476768.5, "northing": 229473.4, "epsg_source": 22391}}, {"type": "Feature", "geometry": {"type": "Point", "coordinates": [9.57289, 35.36972]}, "properties": {"record_id": "oai:u-bordeaux-montaigne.fr:340516", "symbol_class": "building", "pixel_x": 4815.7, "pixel_y": 2540.1, "easting": 470233.0, "northing": 229974.7, "epsg_source": 22391}}, {"type": "Feature", "geometry": {"type": "Point", "coordinates": [9.71426, 35.36071]}, "properties": {"record_id": "oai:u-bordeaux-montaigne.fr:340516", "symbol_class": "building", "pixel_x": 7862.9, "pixel_y": 2546.9, "easting": 483073.9, "northing": 228941.5, "epsg_source": 22391}}, {"type": "Feature", "geometry": {"type": "Point", "coordinates": [9.6494, 35.3646]}, "properties": {"record_id": "oai:u-bordeaux-montaigne.fr:340516", "symbol_class": "building", "pixel_x": 6465.2, "pixel_y": 2550.5, "easting": 477181.9, "northing": 229387.1, "epsg_source": 22391}}, {"type": "Feature", "geometry": {"type": "Point", "coordinates": [9.57664, 35.369]}, "properties": {"record_id": "oai:u-bordeaux-montaigne.fr:340516", "symbol_class": "building", "pixel_x": 4897.3, "pixel_y": 2552.9, "easting": 470573.2, "northing": 229894.0, "epsg_source": 22391}}, {"type": "Feature", "geometry": {"type": "Point", "coordinates": [9.55357, 35.36976]}, "properties": {"record_id": "oai:u-bordeaux-montaigne.fr:340516", "symbol_class": "building", "pixel_x": 4401.4, "pixel_y": 2570.1, "easting": 468477.4, "northing": 229985.3, "epsg_source": 22391}}, {"type": "Feature", "geometry": {"type": "Point", "coordinates": [9.69663, 35.36076]}, "properties": {"record_id": "oai:u-bordeaux-montaigne.fr:340516", "symbol_class": "building", "pixel_x": 7484.9, "pixel_y": 2574.4, "easting": 481471.9, "northing": 228951.0, "epsg_source": 22391}}, {"type": "Feature", "geometry": {"type": "Point", "coordinates": [9.61916, 35.36547]}, "properties": {"record_id": "oai:u-bordeaux-montaigne.fr:340516", "symbol_class": "building", "pixel_x": 5815.3, "pixel_y": 2577.0, "easting": 474434.6, "northing": 229490.5, "epsg_source": 22391}}, {"type": "Feature", "geometry": {"type": "Point", "coordinates": [9.69445, 35.36075]}, "properties": {"record_id": "oai:u-bordeaux-montaigne.fr:340516", "symbol_class": "building", "pixel_x": 7438.3, "pixel_y": 2578.4, "easting": 481274.4, "northing": 228949.5, "epsg_source": 22391}}, {"type": "Feature", "geometry": {"type": "Point", "coordinates": [9.69538, 35.36074]}, "properties": {"record_id": "oai:u-bordeaux-montaigne.fr:340516", "symbol_class": "building", "pixel_x": 7458.2, "pixel_y": 2577.0, "easting": 481358.7, "northing": 228948.9, "epsg_source": 22391}}, {"type": "Feature", "geometry": {"type": "Point", "coordinates": [9.6904, 35.36078]}, "properties": {"record_id": "oai:u-bordeaux-montaigne.fr:340516", "symbol_class": "building", "pixel_x": 7351.4, "pixel_y": 2584.3, "easting": 480906.2, "northing": 228953.7, "epsg_source": 22391}}, {"type": "Feature", "geometry": {"type": "Point", "coordinates": [9.68852, 35.3608]}, "properties": {"record_id": "oai:u-bordeaux-montaigne.fr:340516", "symbol_class": "building", "pixel_x": 7311.0, "pixel_y": 2586.8, "easting": 480735.2, "northing": 228956.4, "epsg_source": 22391}}, {"type": "Feature", "geometry": {"type": "Point", "coordinates": [9.49521, 35.37223]}, "properties": {"record_id": "oai:u-bordeaux-montaigne.fr:340516", "symbol_class": "building", "pixel_x": 3145.8, "pixel_y": 2598.7, "easting": 463176.5, "northing": 230279.5, "epsg_source": 22391}}, {"type": "Feature", "geometry": {"type": "Point", "coordinates": [9.70415, 35.35909]}, "properties": {"record_id": "oai:u-bordeaux-montaigne.fr:340516", "symbol_class": "building", "pixel_x": 7649.2, "pixel_y": 2606.1, "easting": 482154.7, "northing": 228763.8, "epsg_source": 22391}}, {"type": "Feature", "geometry": {"type": "Point", "coordinates": [9.71005, 35.35826]}, "properties": {"record_id": "oai:u-bordeaux-montaigne.fr:340516", "symbol_class": "building", "pixel_x": 7777.3, "pixel_y": 2618.3, "easting": 482690.9, "northing": 228670.8, "epsg_source": 22391}}, {"type": "Feature", "geometry": {"type": "Point", "coordinates": [9.66889, 35.36078]}, "properties": {"record_id": "oai:u-bordeaux-montaigne.fr:340516", "symbol_class": "building", "pixel_x": 6890.2, "pixel_y": 2619.3, "easting": 478951.6, "northing": 228959.1, "epsg_source": 22391}}, {"type": "Feature", "geometry": {"type": "Point", "coordinates": [9.66672, 35.36078]}, "properties": {"record_id": "oai:u-bordeaux-montaigne.fr:340516", "symbol_class": "building", "pixel_x": 6843.8, "pixel_y": 2623.0, "easting": 478754.7, "northing": 228958.9, "epsg_source": 22391}}, {"type": "Feature", "geometry": {"type": "Point", "coordinates": [9.66818, 35.36074]}, "properties": {"record_id": "oai:u-bordeaux-montaigne.fr:340516", "symbol_class": "building", "pixel_x": 6875.1, "pixel_y": 2621.7, "easting": 478887.1, "northing": 228953.9, "epsg_source": 22391}}, {"type": "Feature", "geometry": {"type": "Point", "coordinates": [9.66003, 35.3608]}, "properties": {"record_id": "oai:u-bordeaux-montaigne.fr:340516", "symbol_class": "building", "pixel_x": 6700.3, "pixel_y": 2633.5, "easting": 478146.9, "northing": 228962.2, "epsg_source": 22391}}, {"type": "Feature", "geometry": {"type": "Point", "coordinates": [9.65459, 35.36077]}, "properties": {"record_id": "oai:u-bordeaux-montaigne.fr:340516", "symbol_class": "building", "pixel_x": 6583.7, "pixel_y": 2643.0, "easting": 477652.2, "northing": 228960.6, "epsg_source": 22391}}, {"type": "Feature", "geometry": {"type": "Point", "coordinates": [9.49271, 35.37071]}, "properties": {"record_id": "oai:u-bordeaux-montaigne.fr:340516", "symbol_class": "building", "pixel_x": 3095.0, "pixel_y": 2642.7, "easting": 462948.7, "northing": 230112.3, "epsg_source": 22391}}, {"type": "Feature", "geometry": {"type": "Point", "coordinates": [9.70508, 35.35761]}, "properties": {"record_id": "oai:u-bordeaux-montaigne.fr:340516", "symbol_class": "building", "pixel_x": 7672.1, "pixel_y": 2643.5, "easting": 482239.3, "northing": 228599.7, "epsg_source": 22391}}, {"type": "Feature", "geometry": {"type": "Point", "coordinates": [9.65317, 35.36079]}, "properties": {"record_id": "oai:u-bordeaux-montaigne.fr:340516", "symbol_class": "building", "pixel_x": 6553.3, "pixel_y": 2644.9, "easting": 477523.8, "northing": 228962.7, "epsg_source": 22391}}, {"type": "Feature", "geometry": {"type": "Point", "coordinates": [9.65216, 35.36079]}, "properties": {"record_id": "oai:u-bordeaux-montaigne.fr:340516", "symbol_class": "building", "pixel_x": 6531.5, "pixel_y": 2646.4, "easting": 477431.3, "northing": 228963.7, "epsg_source": 22391}}, {"type": "Feature", "geometry": {"type": "Point", "coordinates": [9.70426, 35.35742]}, "properties": {"record_id": "oai:u-bordeaux-montaigne.fr:340516", "symbol_class": "building", "pixel_x": 7654.7, "pixel_y": 2649.8, "easting": 482164.3, "northing": 228579.3, "epsg_source": 22391}}, {"type": "Feature", "geometry": {"type": "Point", "coordinates": [9.65951, 35.35997]}, "properties": {"record_id": "oai:u-bordeaux-montaigne.fr:340516", "symbol_class": "building", "pixel_x": 6690.7, "pixel_y": 2656.0, "easting": 478099.4, "northing": 228871.2, "epsg_source": 22391}}, {"type": "Feature", "geometry": {"type": "Point", "coordinates": [9.49179, 35.37025]}, "properties": {"record_id": "oai:u-bordeaux-montaigne.fr:340516", "symbol_class": "building", "pixel_x": 3076.1, "pixel_y": 2656.2, "easting": 462865.0, "northing": 230061.6, "epsg_source": 22391}}, {"type": "Feature", "geometry": {"type": "Point", "coordinates": [9.68041, 35.35853]}, "properties": {"record_id": "oai:u-bordeaux-montaigne.fr:340516", "symbol_class": "building", "pixel_x": 7141.4, "pixel_y": 2659.8, "easting": 479997.7, "northing": 228706.5, "epsg_source": 22391}}, {"type": "Feature", "geometry": {"type": "Point", "coordinates": [9.70454, 35.35703]}, "properties": {"record_id": "oai:u-bordeaux-montaigne.fr:340516", "symbol_class": "building", "pixel_x": 7661.5, "pixel_y": 2659.6, "easting": 482189.9, "northing": 228535.7, "epsg_source": 22391}}, {"type": "Feature", "geometry": {"type": "Point", "coordinates": [9.64361, 35.36076]}, "properties": {"record_id": "oai:u-bordeaux-montaigne.fr:340516", "symbol_class": "building", "pixel_x": 6348.4, "pixel_y": 2661.1, "easting": 476654.9, "northing": 228962.4, "epsg_source": 22391}}, {"type": "Feature", "geometry": {"type": "Point", "coordinates": [9.64266, 35.36073]}, "properties": {"record_id": "oai:u-bordeaux-montaigne.fr:340516", "symbol_class": "building", "pixel_x": 6328.0, "pixel_y": 2663.5, "easting": 476568.3, "northing": 228959.1, "epsg_source": 22391}}, {"type": "Feature", "geometry": {"type": "Point", "coordinates": [9.64171, 35.36074]}, "properties": {"record_id": "oai:u-bordeaux-montaigne.fr:340516", "symbol_class": "building", "pixel_x": 6307.7, "pixel_y": 2664.9, "easting": 476482.5, "northing": 228960.1, "epsg_source": 22391}}, {"type": "Feature", "geometry": {"type": "Point", "coordinates": [9.70409, 35.35662]}, "properties": {"record_id": "oai:u-bordeaux-montaigne.fr:340516", "symbol_class": "building", "pixel_x": 7652.7, "pixel_y": 2671.2, "easting": 482149.0, "northing": 228490.2, "epsg_source": 22391}}, {"type": "Feature", "geometry": {"type": "Point", "coordinates": [9.639, 35.36073]}, "properties": {"record_id": "oai:u-bordeaux-montaigne.fr:340516", "symbol_class": "building", "pixel_x": 6249.6, "pixel_y": 2669.6, "easting": 476235.9, "northing": 228959.6, "epsg_source": 22391}}, {"type": "Feature", "geometry": {"type": "Point", "coordinates": [9.43885, 35.37236]}, "properties": {"record_id": "oai:u-bordeaux-montaigne.fr:340516", "symbol_class": "building", "pixel_x": 1937.5, "pixel_y": 2685.0, "easting": 458057.1, "northing": 230316.6, "epsg_source": 22391}}, {"type": "Feature", "geometry": {"type": "Point", "coordinates": [9.43651, 35.37242]}, "properties": {"record_id": "oai:u-bordeaux-montaigne.fr:340516", "symbol_class": "building", "pixel_x": 1887.2, "pixel_y": 2686.9, "easting": 457844.4, "northing": 230325.1, "epsg_source": 22391}}, {"type": "Feature", "geometry": {"type": "Point", "coordinates": [9.70405, 35.35606]}, "properties": {"record_id": "oai:u-bordeaux-montaigne.fr:340516", "symbol_class": "building", "pixel_x": 7652.9, "pixel_y": 2686.0, "easting": 482145.2, "northing": 228428.1, "epsg_source": 22391}}, {"type": "Feature", "geometry": {"type": "Point", "coordinates": [9.51921, 35.36745]}, "properties": {"record_id": "oai:u-bordeaux-montaigne.fr:340516", "symbol_class": "building", "pixel_x": 3669.2, "pixel_y": 2686.1, "easting": 465355.1, "northing": 229741.1, "epsg_source": 22391}}, {"type": "Feature", "geometry": {"type": "Point", "coordinates": [9.68042, 35.35732]}, "properties": {"record_id": "oai:u-bordeaux-montaigne.fr:340516", "symbol_class": "building", "pixel_x": 7143.9, "pixel_y": 2691.7, "easting": 479998.0, "northing": 228572.2, "epsg_source": 22391}}, {"type": "Feature", "geometry": {"type": "Point", "coordinates": [9.68156, 35.3573]}, "properties": {"record_id": "oai:u-bordeaux-montaigne.fr:340516", "symbol_class": "building", "pixel_x": 7168.4, "pixel_y": 2690.2, "easting": 480102.0, "northing": 228570.0, "epsg_source": 22391}}, {"type": "Feature", "geometry": {"type": "Point", "coordinates": [9.51035, 35.36773]}, "properties": {"record_id": "oai:u-bordeaux-montaigne.fr:340516", "symbol_class": "building", "pixel_x": 3478.8, "pixel_y": 2693.0, "easting": 464550.6, "northing": 229774.9, "epsg_source": 22391}}, {"type": "Feature", "geometry": {"type": "Point", "coordinates": [9.51061, 35.36759]}, "properties": {"record_id": "oai:u-bordeaux-montaigne.fr:340516", "symbol_class": "building", "pixel_x": 3484.5, "pixel_y": 2696.2, "easting": 464573.9, "northing": 229759.6, "epsg_source": 22391}}, {"type": "Feature", "geometry": {"type": "Point", "coordinates": [9.51899, 35.36711]}, "properties": {"record_id": "oai:u-bordeaux-montaigne.fr:340516", "symbol_class": "building", "pixel_x": 3665.0, "pixel_y": 2695.5, "easting": 465334.6, "northing": 229703.0, "epsg_source": 22391}}, {"type": "Feature", "geometry": {"type": "Point", "coordinates": [9.51942, 35.36708]}, "properties": {"record_id": "oai:u-bordeaux-montaigne.fr:340516", "symbol_class": "building", "pixel_x": 3674.4, "pixel_y": 2695.5, "easting": 465374.1, "northing": 229699.9, "epsg_source": 22391}}, {"type": "Feature", "geometry": {"type": "Point", "coordinates": [9.68099, 35.35711]}, "properties": {"record_id": "oai:u-bordeaux-montaigne.fr:340516", "symbol_class": "building", "pixel_x": 7156.6, "pixel_y": 2696.1, "easting": 480050.3, "northing": 228549.3, "epsg_source": 22391}}, {"type": "Feature", "geometry": {"type": "Point", "coordinates": [9.49613, 35.36833]}, "properties": {"record_id": "oai:u-bordeaux-montaigne.fr:340516", "symbol_class": "building", "pixel_x": 3172.7, "pixel_y": 2699.9, "easting": 463258.4, "northing": 229846.8, "epsg_source": 22391}}, {"type": "Feature", "geometry": {"type": "Point", "coordinates": [9.68329, 35.35678]}, "properties": {"record_id": "oai:u-bordeaux-montaigne.fr:340516", "symbol_class": "building", "pixel_x": 7206.5, "pixel_y": 2701.2, "easting": 480259.2, "northing": 228511.7, "epsg_source": 22391}}, {"type": "Feature", "geometry": {"type": "Point", "coordinates": [9.52439, 35.36625]}, "properties": {"record_id": "oai:u-bordeaux-montaigne.fr:340516", "symbol_class": "building", "pixel_x": 3782.5, "pixel_y": 2709.5, "easting": 465825.6, "northing": 229605.6, "epsg_source": 22391}}, {"type": "Feature", "geometry": {"type": "Point", "coordinates": [9.61736, 35.36068]}, "properties": {"record_id": "oai:u-bordeaux-montaigne.fr:340516", "symbol_class": "building", "pixel_x": 5785.9, "pixel_y": 2705.9, "easting": 474270.1, "northing": 228960.2, "epsg_source": 22391}}, {"type": "Feature", "geometry": {"type": "Point", "coordinates": [9.52419, 35.36616]}, "properties": {"record_id": "oai:u-bordeaux-montaigne.fr:340516", "symbol_class": "building", "pixel_x": 3778.3, "pixel_y": 2712.1, "easting": 465806.8, "northing": 229596.2, "epsg_source": 22391}}, {"type": "Feature", "geometry": {"type": "Point", "coordinates": [9.68153, 35.35662]}, "properties": {"record_id": "oai:u-bordeaux-montaigne.fr:340516", "symbol_class": "building", "pixel_x": 7169.1, "pixel_y": 2708.3, "easting": 480099.3, "northing": 228494.1, "epsg_source": 22391}}, {"type": "Feature", "geometry": {"type": "Point", "coordinates": [9.68302, 35.35648]}, "properties": {"record_id": "oai:u-bordeaux-montaigne.fr:340516", "symbol_class": "building", "pixel_x": 7201.4, "pixel_y": 2709.6, "easting": 480234.8, "northing": 228478.1, "epsg_source": 22391}}, {"type": "Feature", "geometry": {"type": "Point", "coordinates": [9.614, 35.36074]}, "properties": {"record_id": "oai:u-bordeaux-montaigne.fr:340516", "symbol_class": "building", "pixel_x": 5713.6, "pixel_y": 2709.9, "easting": 473964.4, "northing": 228967.4, "epsg_source": 22391}}, {"type": "Feature", "geometry": {"type": "Point", "coordinates": [9.61293, 35.36074]}, "properties": {"record_id": "oai:u-bordeaux-montaigne.fr:340516", "symbol_class": "building", "pixel_x": 5690.7, "pixel_y": 2711.6, "easting": 473867.3, "northing": 228967.7, "epsg_source": 22391}}, {"type": "Feature", "geometry": {"type": "Point", "coordinates": [9.67934, 35.35654]}, "properties": {"record_id": "oai:u-bordeaux-montaigne.fr:340516", "symbol_class": "building", "pixel_x": 7122.2, "pixel_y": 2714.0, "easting": 479899.7, "northing": 228485.8, "epsg_source": 22391}}, {"type": "Feature", "geometry": {"type": "Point", "coordinates": [9.56311, 35.36347]}, "properties": {"record_id": "oai:u-bordeaux-montaigne.fr:340516", "symbol_class": "building", "pixel_x": 4617.6, "pixel_y": 2720.3, "easting": 469341.8, "northing": 229284.9, "epsg_source": 22391}}, {"type": "Feature", "geometry": {"type": "Point", "coordinates": [9.64739, 35.35824]}, "properties": {"record_id": "oai:u-bordeaux-montaigne.fr:340516", "symbol_class": "building", "pixel_x": 6434.2, "pixel_y": 2721.3, "easting": 476997.6, "northing": 228681.9, "epsg_source": 22391}}, {"type": "Feature", "geometry": {"type": "Point", "coordinates": [9.681, 35.35596]}, "properties": {"record_id": "oai:u-bordeaux-montaigne.fr:340516", "symbol_class": "building", "pixel_x": 7159.1, "pixel_y": 2726.5, "easting": 480051.3, "northing": 228421.5, "epsg_source": 22391}}, {"type": "Feature", "geometry": {"type": "Point", "coordinates": [9.51961, 35.36595]}, "properties": {"record_id": "oai:u-bordeaux-montaigne.fr:340516", "symbol_class": "building", "pixel_x": 3680.5, "pixel_y": 2725.0, "easting": 465390.7, "northing": 229574.3, "epsg_source": 22391}}, {"type": "Feature", "geometry": {"type": "Point", "coordinates": [9.60452, 35.36075]}, "properties": {"record_id": "oai:u-bordeaux-montaigne.fr:340516", "symbol_class": "building", "pixel_x": 5510.3, "pixel_y": 2725.0, "easting": 473102.8, "northing": 228971.0, "epsg_source": 22391}}, {"type": "Feature", "geometry": {"type": "Point", "coordinates": [9.68069, 35.35593]}, "properties": {"record_id": "oai:u-bordeaux-montaigne.fr:340516", "symbol_class": "building", "pixel_x": 7152.3, "pixel_y": 2727.8, "easting": 480022.5, "northing": 228418.1, "epsg_source": 22391}}, {"type": "Feature", "geometry": {"type": "Point", "coordinates": [9.50981, 35.36641]}, "properties": {"record_id": "oai:u-bordeaux-montaigne.fr:340516", "symbol_class": "building", "pixel_x": 3469.6, "pixel_y": 2728.6, "easting": 464500.8, "northing": 229628.8, "epsg_source": 22391}}, {"type": "Feature", "geometry": {"type": "Point", "coordinates": [9.60376, 35.3607]}, "properties": {"record_id": "oai:u-bordeaux-montaigne.fr:340516", "symbol_class": "building", "pixel_x": 5494.3, "pixel_y": 2727.5, "easting": 473034.5, "northing": 228965.7, "epsg_source": 22391}}, {"type": "Feature", "geometry": {"type": "Point", "coordinates": [9.68318, 35.35558]}, "properties": {"record_id": "oai:u-bordeaux-montaigne.fr:340516", "symbol_class": "building", "pixel_x": 7206.5, "pixel_y": 2733.0, "easting": 480249.1, "northing": 228378.5, "epsg_source": 22391}}, {"type": "Feature", "geometry": {"type": "Point", "coordinates": [9.68226, 35.35573]}, "properties": {"record_id": "oai:u-bordeaux-montaigne.fr:340516", "symbol_class": "building", "pixel_x": 7186.4, "pixel_y": 2730.6, "easting": 480165.1, "northing": 228395.2, "epsg_source": 22391}}, {"type": "Feature", "geometry": {"type": "Point", "coordinates": [9.56268, 35.36302]}, "properties": {"record_id": "oai:u-bordeaux-montaigne.fr:340516", "symbol_class": "building", "pixel_x": 4609.2, "pixel_y": 2732.9, "easting": 469302.5, "northing": 229235.1, "epsg_source": 22391}}, {"type": "Feature", "geometry": {"type": "Point", "coordinates": [9.67978, 35.35555]}, "properties": {"record_id": "oai:u-bordeaux-montaigne.fr:340516", "symbol_class": "building", "pixel_x": 7133.6, "pixel_y": 2739.2, "easting": 479939.9, "northing": 228376.5, "epsg_source": 22391}}, {"type": "Feature", "geometry": {"type": "Point", "coordinates": [9.47927, 35.36769]}, "properties": {"record_id": "oai:u-bordeaux-montaigne.fr:340516", "symbol_class": "building", "pixel_x": 2812.6, "pixel_y": 2743.6, "easting": 461726.8, "northing": 229782.7, "epsg_source": 22391}}, {"type": "Feature", "geometry": {"type": "Point", "coordinates": [9.67938, 35.35557]}, "properties": {"record_id": "oai:u-bordeaux-montaigne.fr:340516", "symbol_class": "building", "pixel_x": 7125.0, "pixel_y": 2739.3, "easting": 479903.6, "northing": 228378.9, "epsg_source": 22391}}, {"type": "Feature", "geometry": {"type": "Point", "coordinates": [9.66973, 35.35611]}, "properties": {"record_id": "oai:u-bordeaux-montaigne.fr:340516", "symbol_class": "building", "pixel_x": 6917.1, "pixel_y": 2741.1, "easting": 479026.9, "northing": 228439.9, "epsg_source": 22391}}, {"type": "Feature", "geometry": {"type": "Point", "coordinates": [9.6812, 35.35544]}, "properties": {"record_id": "oai:u-bordeaux-montaigne.fr:340516", "symbol_class": "building", "pixel_x": 7164.3, "pixel_y": 2739.9, "easting": 480069.2, "northing": 228363.3, "epsg_source": 22391}}, {"type": "Feature", "geometry": {"type": "Point", "coordinates": [9.68258, 35.35508]}, "properties": {"record_id": "oai:u-bordeaux-montaigne.fr:340516", "symbol_class": "building", "pixel_x": 7194.5, "pixel_y": 2747.1, "easting": 480194.2, "northing": 228323.2, "epsg_source": 22391}}, {"type": "Feature", "geometry": {"type": "Point", "coordinates": [9.68281, 35.35472]}, "properties": {"record_id": "oai:u-bordeaux-montaigne.fr:340516", "symbol_class": "building", "pixel_x": 7200.2, "pixel_y": 2756.1, "easting": 480215.4, "northing": 228283.9, "epsg_source": 22391}}, {"type": "Feature", "geometry": {"type": "Point", "coordinates": [9.68153, 35.3549]}, "properties": {"record_id": "oai:u-bordeaux-montaigne.fr:340516", "symbol_class": "building", "pixel_x": 7172.4, "pixel_y": 2753.6, "easting": 480098.9, "northing": 228303.5, "epsg_source": 22391}}, {"type": "Feature", "geometry": {"type": "Point", "coordinates": [9.66975, 35.35548]}, "properties": {"record_id": "oai:u-bordeaux-montaigne.fr:340516", "symbol_class": "building", "pixel_x": 6918.7, "pixel_y": 2757.4, "easting": 479028.4, "northing": 228370.9, "epsg_source": 22391}}, {"type": "Feature", "geometry": {"type": "Point", "coordinates": [9.47904, 35.36711]}, "properties": {"record_id": "oai:u-bordeaux-montaigne.fr:340516", "symbol_class": "building", "pixel_x": 2808.8, "pixel_y": 2759.4, "easting": 461706.0, "northing": 229717.8, "epsg_source": 22391}}, {"type": "Feature", "geometry": {"type": "Point", "coordinates": [9.68175, 35.35466]}, "properties": {"record_id": "oai:u-bordeaux-montaigne.fr:340516", "symbol_class": "building", "pixel_x": 7177.6, "pixel_y": 2759.6, "easting": 480119.1, "northing": 228276.7, "epsg_source": 22391}}, {"type": "Feature", "geometry": {"type": "Point", "coordinates": [9.47849, 35.36701]}, "properties": {"record_id": "oai:u-bordeaux-montaigne.fr:340516", "symbol_class": "building", "pixel_x": 2797.0, "pixel_y": 2762.9, "easting": 461655.3, "northing": 229707.0, "epsg_source": 22391}}, {"type": "Feature", "geometry": {"type": "Point", "coordinates": [9.68224, 35.35424]}, "properties": {"record_id": "oai:u-bordeaux-montaigne.fr:340516", "symbol_class": "building", "pixel_x": 7188.9, "pixel_y": 2769.7, "easting": 480163.3, "northing": 228230.7, "epsg_source": 22391}}, {"type": "Feature", "geometry": {"type": "Point", "coordinates": [9.39333, 35.37172]}, "properties": {"record_id": "oai:u-bordeaux-montaigne.fr:340516", "symbol_class": "building", "pixel_x": 962.8, "pixel_y": 2773.6, "easting": 453921.4, "northing": 230266.6, "epsg_source": 22391}}, {"type": "Feature", "geometry": {"type": "Point", "coordinates": [9.68307, 35.35379]}, "properties": {"record_id": "oai:u-bordeaux-montaigne.fr:340516", "symbol_class": "building", "pixel_x": 7207.5, "pixel_y": 2780.3, "easting": 480238.6, "northing": 228180.0, "epsg_source": 22391}}, {"type": "Feature", "geometry": {"type": "Point", "coordinates": [9.52186, 35.36369]}, "properties": {"record_id": "oai:u-bordeaux-montaigne.fr:340516", "symbol_class": "building", "pixel_x": 3733.0, "pixel_y": 2780.8, "easting": 465594.5, "northing": 229323.4, "epsg_source": 22391}}, {"type": "Feature", "geometry": {"type": "Point", "coordinates": [9.68232, 35.35377]}, "properties": {"record_id": "oai:u-bordeaux-montaigne.fr:340516", "symbol_class": "building", "pixel_x": 7191.5, "pixel_y": 2781.9, "easting": 480170.4, "northing": 228178.7, "epsg_source": 22391}}, {"type": "Feature", "geometry": {"type": "Point", "coordinates": [9.49803, 35.36501]}, "properties": {"record_id": "oai:u-bordeaux-montaigne.fr:340516", "symbol_class": "building", "pixel_x": 3219.7, "pixel_y": 2784.4, "easting": 463430.0, "northing": 229477.6, "epsg_source": 22391}}, {"type": "Feature", "geometry": {"type": "Point", "coordinates": [9.52175, 35.36341]}, "properties": {"record_id": "oai:u-bordeaux-montaigne.fr:340516", "symbol_class": "building", "pixel_x": 3731.1, "pixel_y": 2788.3, "easting": 465584.0, "northing": 229292.4, "epsg_source": 22391}}, {"type": "Feature", "geometry": {"type": "Point", "coordinates": [9.52028, 35.36352]}, "properties": {"record_id": "oai:u-bordeaux-montaigne.fr:340516", "symbol_class": "building", "pixel_x": 3699.3, "pixel_y": 2788.0, "easting": 465450.3, "northing": 229304.2, "epsg_source": 22391}}, {"type": "Feature", "geometry": {"type": "Point", "coordinates": [9.52216, 35.36315]}, "properties": {"record_id": "oai:u-bordeaux-montaigne.fr:340516", "symbol_class": "building", "pixel_x": 3740.5, "pixel_y": 2794.7, "easting": 465621.7, "northing": 229262.7, "epsg_source": 22391}}, {"type": "Feature", "geometry": {"type": "Point", "coordinates": [9.68382, 35.35336]}, "properties": {"record_id": "oai:u-bordeaux-montaigne.fr:340516", "symbol_class": "building", "pixel_x": 7224.3, "pixel_y": 2790.3, "easting": 480306.4, "northing": 228132.5, "epsg_source": 22391}}, {"type": "Feature", "geometry": {"type": "Point", "coordinates": [9.52146, 35.3634]}, "properties": {"record_id": "oai:u-bordeaux-montaigne.fr:340516", "symbol_class": "building", "pixel_x": 3724.9, "pixel_y": 2789.1, "easting": 465557.7, "northing": 229291.1, "epsg_source": 22391}}, {"type": "Feature", "geometry": {"type": "Point", "coordinates": [9.52335, 35.3632]}, "properties": {"record_id": "oai:u-bordeaux-montaigne.fr:340516", "symbol_class": "building", "pixel_x": 3765.9, "pixel_y": 2791.4, "easting": 465729.7, "northing": 229268.0, "epsg_source": 22391}}, {"type": "Feature", "geometry": {"type": "Point", "coordinates": [9.68434, 35.35286]}, "properties": {"record_id": "oai:u-bordeaux-montaigne.fr:340516", "symbol_class": "building", "pixel_x": 7236.4, "pixel_y": 2802.8, "easting": 480353.3, "northing": 228076.4, "epsg_source": 22391}}, {"type": "Feature", "geometry": {"type": "Point", "coordinates": [9.52297, 35.36268]}, "properties": {"record_id": "oai:u-bordeaux-montaigne.fr:340516", "symbol_class": "building", "pixel_x": 3758.6, "pixel_y": 2805.7, "easting": 465694.5, "northing": 229210.5, "epsg_source": 22391}}, {"type": "Feature", "geometry": {"type": "Point", "coordinates": [9.51628, 35.36318]}, "properties": {"record_id": "oai:u-bordeaux-montaigne.fr:340516", "symbol_class": "building", "pixel_x": 3614.2, "pixel_y": 2803.3, "easting": 465086.6, "northing": 229268.3, "epsg_source": 22391}}, {"type": "Feature", "geometry": {"type": "Point", "coordinates": [9.52158, 35.36287]}, "properties": {"record_id": "oai:u-bordeaux-montaigne.fr:340516", "symbol_class": "building", "pixel_x": 3728.5, "pixel_y": 2803.0, "easting": 465568.6, "northing": 229231.8, "epsg_source": 22391}}, {"type": "Feature", "geometry": {"type": "Point", "coordinates": [9.55851, 35.36066]}, "properties": {"record_id": "oai:u-bordeaux-montaigne.fr:340516", "symbol_class": "building", "pixel_x": 4524.3, "pixel_y": 2801.7, "easting": 468923.1, "northing": 228974.7, "epsg_source": 22391}}, {"type": "Feature", "geometry": {"type": "Point", "coordinates": [9.6797, 35.35307]}, "properties": {"record_id": "oai:u-bordeaux-montaigne.fr:340516", "symbol_class": "building", "pixel_x": 7136.6, "pixel_y": 2804.8, "easting": 479931.9, "northing": 228100.8, "epsg_source": 22391}}, {"type": "Feature", "geometry": {"type": "Point", "coordinates": [9.51667, 35.36304]}, "properties": {"record_id": "oai:u-bordeaux-montaigne.fr:340516", "symbol_class": "building", "pixel_x": 3623.0, "pixel_y": 2806.4, "easting": 465122.9, "northing": 229252.4, "epsg_source": 22391}}, {"type": "Feature", "geometry": {"type": "Point", "coordinates": [9.52212, 35.36258]}, "properties": {"record_id": "oai:u-bordeaux-montaigne.fr:340516", "symbol_class": "building", "pixel_x": 3740.6, "pixel_y": 2809.6, "easting": 465617.4, "northing": 229200.3, "epsg_source": 22391}}, {"type": "Feature", "geometry": {"type": "Point", "coordinates": [9.69698, 35.35173]}, "properties": {"record_id": "oai:u-bordeaux-montaigne.fr:340516", "symbol_class": "building", "pixel_x": 7509.5, "pixel_y": 2811.7, "easting": 481501.5, "northing": 227948.8, "epsg_source": 22391}}, {"type": "Feature", "geometry": {"type": "Point", "coordinates": [9.51683, 35.36286]}, "properties": {"record_id": "oai:u-bordeaux-montaigne.fr:340516", "symbol_class": "building", "pixel_x": 3626.6, "pixel_y": 2810.9, "easting": 465136.5, "northing": 229232.4, "epsg_source": 22391}}, {"type": "Feature", "geometry": {"type": "Point", "coordinates": [9.68477, 35.35236]}, "properties": {"record_id": "oai:u-bordeaux-montaigne.fr:340516", "symbol_class": "building", "pixel_x": 7246.6, "pixel_y": 2815.1, "easting": 480392.5, "northing": 228021.5, "epsg_source": 22391}}, {"type": "Feature", "geometry": {"type": "Point", "coordinates": [9.6796, 35.35238]}, "properties": {"record_id": "oai:u-bordeaux-montaigne.fr:340516", "symbol_class": "building", "pixel_x": 7135.8, "pixel_y": 2823.1, "easting": 479922.9, "northing": 228024.1, "epsg_source": 22391}}, {"type": "Feature", "geometry": {"type": "Point", "coordinates": [9.52313, 35.36152]}, "properties": {"record_id": "oai:u-bordeaux-montaigne.fr:340516", "symbol_class": "building", "pixel_x": 3764.2, "pixel_y": 2835.9, "easting": 465708.8, "northing": 229082.0, "epsg_source": 22391}}, {"type": "Feature", "geometry": {"type": "Point", "coordinates": [9.69799, 35.35072]}, "properties": {"record_id": "oai:u-bordeaux-montaigne.fr:340516", "symbol_class": "building", "pixel_x": 7533.1, "pixel_y": 2836.6, "easting": 481593.0, "northing": 227836.8, "epsg_source": 22391}}, {"type": "Feature", "geometry": {"type": "Point", "coordinates": [9.51894, 35.36157]}, "properties": {"record_id": "oai:u-bordeaux-montaigne.fr:340516", "symbol_class": "building", "pixel_x": 3674.3, "pixel_y": 2841.5, "easting": 465328.0, "northing": 229088.5, "epsg_source": 22391}}, {"type": "Feature", "geometry": {"type": "Point", "coordinates": [9.67936, 35.35175]}, "properties": {"record_id": "oai:u-bordeaux-montaigne.fr:340516", "symbol_class": "building", "pixel_x": 7131.8, "pixel_y": 2840.1, "easting": 479900.6, "northing": 227954.6, "epsg_source": 22391}}, {"type": "Feature", "geometry": {"type": "Point", "coordinates": [9.40498, 35.36807]}, "properties": {"record_id": "oai:u-bordeaux-montaigne.fr:340516", "symbol_class": "building", "pixel_x": 1219.3, "pixel_y": 2851.4, "easting": 454978.1, "northing": 229856.2, "epsg_source": 22391}}, {"type": "Feature", "geometry": {"type": "Point", "coordinates": [9.68573, 35.35104]}, "properties": {"record_id": "oai:u-bordeaux-montaigne.fr:340516", "symbol_class": "building", "pixel_x": 7269.6, "pixel_y": 2848.2, "easting": 480479.0, "northing": 227875.0, "epsg_source": 22391}}, {"type": "Feature", "geometry": {"type": "Point", "coordinates": [9.50574, 35.36207]}, "properties": {"record_id": "oai:u-bordeaux-montaigne.fr:340516", "symbol_class": "building", "pixel_x": 3390.4, "pixel_y": 2849.3, "easting": 464128.9, "northing": 229149.3, "epsg_source": 22391}}, {"type": "Feature", "geometry": {"type": "Point", "coordinates": [9.69661, 35.35033]}, "properties": {"record_id": "oai:u-bordeaux-montaigne.fr:340516", "symbol_class": "building", "pixel_x": 7504.3, "pixel_y": 2849.1, "easting": 481467.7, "northing": 227793.9, "epsg_source": 22391}}, {"type": "Feature", "geometry": {"type": "Point", "coordinates": [9.68649, 35.35077]}, "properties": {"record_id": "oai:u-bordeaux-montaigne.fr:340516", "symbol_class": "building", "pixel_x": 7286.5, "pixel_y": 2854.0, "easting": 480548.4, "northing": 227845.0, "epsg_source": 22391}}, {"type": "Feature", "geometry": {"type": "Point", "coordinates": [9.51381, 35.36145]}, "properties": {"record_id": "oai:u-bordeaux-montaigne.fr:340516", "symbol_class": "building", "pixel_x": 3564.5, "pixel_y": 2852.9, "easting": 464861.9, "northing": 229076.9, "epsg_source": 22391}}, {"type": "Feature", "geometry": {"type": "Point", "coordinates": [9.6873, 35.35061]}, "properties": {"record_id": "oai:u-bordeaux-montaigne.fr:340516", "symbol_class": "building", "pixel_x": 7304.1, "pixel_y": 2857.1, "easting": 480621.5, "northing": 227826.3, "epsg_source": 22391}}, {"type": "Feature", "geometry": {"type": "Point", "coordinates": [9.66978, 35.35175]}, "properties": {"record_id": "oai:u-bordeaux-montaigne.fr:340516", "symbol_class": "building", "pixel_x": 6926.5, "pixel_y": 2855.7, "easting": 479030.4, "northing": 227956.9, "epsg_source": 22391}}, {"type": "Feature", "geometry": {"type": "Point", "coordinates": [9.69541, 35.35008]}, "properties": {"record_id": "oai:u-bordeaux-montaigne.fr:340516", "symbol_class": "building", "pixel_x": 7479.0, "pixel_y": 2857.7, "easting": 481358.5, "northing": 227766.1, "epsg_source": 22391}}, {"type": "Feature", "geometry": {"type": "Point", "coordinates": [9.5137, 35.36125]}, "properties": {"record_id": "oai:u-bordeaux-montaigne.fr:340516", "symbol_class": "building", "pixel_x": 3562.6, "pixel_y": 2858.2, "easting": 464851.9, "northing": 229055.2, "epsg_source": 22391}}, {"type": "Feature", "geometry": {"type": "Point", "coordinates": [9.68809, 35.35035]}, "properties": {"record_id": "oai:u-bordeaux-montaigne.fr:340516", "symbol_class": "building", "pixel_x": 7321.7, "pixel_y": 2862.6, "easting": 480694.1, "northing": 227797.6, "epsg_source": 22391}}, {"type": "Feature", "geometry": {"type": "Point", "coordinates": [9.69753, 35.34948]}, "properties": {"record_id": "oai:u-bordeaux-montaigne.fr:340516", "symbol_class": "building", "pixel_x": 7525.6, "pixel_y": 2870.0, "easting": 481551.2, "northing": 227699.2, "epsg_source": 22391}}, {"type": "Feature", "geometry": {"type": "Point", "coordinates": [9.45773, 35.36399]}, "properties": {"record_id": "oai:u-bordeaux-montaigne.fr:340516", "symbol_class": "building", "pixel_x": 2357.6, "pixel_y": 2875.4, "easting": 459767.8, "northing": 229380.5, "epsg_source": 22391}}, {"type": "Feature", "geometry": {"type": "Point", "coordinates": [9.66197, 35.35145]}, "properties": {"record_id": "oai:u-bordeaux-montaigne.fr:340516", "symbol_class": "building", "pixel_x": 6759.7, "pixel_y": 2876.4, "easting": 478320.9, "northing": 227925.0, "epsg_source": 22391}}, {"type": "Feature", "geometry": {"type": "Point", "coordinates": [9.68849, 35.34962]}, "properties": {"record_id": "oai:u-bordeaux-montaigne.fr:340516", "symbol_class": "building", "pixel_x": 7331.5, "pixel_y": 2881.2, "easting": 480729.7, "northing": 227716.6, "epsg_source": 22391}}, {"type": "Feature", "geometry": {"type": "Point", "coordinates": [9.69641, 35.34911]}, "properties": {"record_id": "oai:u-bordeaux-montaigne.fr:340516", "symbol_class": "building", "pixel_x": 7502.3, "pixel_y": 2881.5, "easting": 481449.1, "northing": 227658.7, "epsg_source": 22391}}, {"type": "Feature", "geometry": {"type": "Point", "coordinates": [9.66247, 35.3511]}, "properties": {"record_id": "oai:u-bordeaux-montaigne.fr:340516", "symbol_class": "building", "pixel_x": 6770.9, "pixel_y": 2884.9, "easting": 478365.6, "northing": 227885.8, "epsg_source": 22391}}, {"type": "Feature", "geometry": {"type": "Point", "coordinates": [9.66188, 35.35102]}, "properties": {"record_id": "oai:u-bordeaux-montaigne.fr:340516", "symbol_class": "building", "pixel_x": 6758.5, "pixel_y": 2887.9, "easting": 478312.3, "northing": 227877.1, "epsg_source": 22391}}, {"type": "Feature", "geometry": {"type": "Point", "coordinates": [9.40816, 35.36552]}, "properties": {"record_id": "oai:u-bordeaux-montaigne.fr:340516", "symbol_class": "building", "pixel_x": 1292.1, "pixel_y": 2913.5, "easting": 455265.3, "northing": 229572.0, "epsg_source": 22391}}, {"type": "Feature", "geometry": {"type": "Point", "coordinates": [9.68861, 35.34824]}, "properties": {"record_id": "oai:u-bordeaux-montaigne.fr:340516", "symbol_class": "building", "pixel_x": 7336.7, "pixel_y": 2917.2, "easting": 480740.1, "northing": 227564.0, "epsg_source": 22391}}, {"type": "Feature", "geometry": {"type": "Point", "coordinates": [9.62786, 35.35166]}, "properties": {"record_id": "oai:u-bordeaux-montaigne.fr:340516", "symbol_class": "building", "pixel_x": 6027.8, "pixel_y": 2926.3, "easting": 475220.9, "northing": 227957.1, "epsg_source": 22391}}, {"type": "Feature", "geometry": {"type": "Point", "coordinates": [9.6238, 35.35165]}, "properties": {"record_id": "oai:u-bordeaux-montaigne.fr:340516", "symbol_class": "building", "pixel_x": 5940.9, "pixel_y": 2933.2, "easting": 474852.4, "northing": 227956.8, "epsg_source": 22391}}, {"type": "Feature", "geometry": {"type": "Point", "coordinates": [9.6888, 35.3474]}, "properties": {"record_id": "oai:u-bordeaux-montaigne.fr:340516", "symbol_class": "building", "pixel_x": 7342.5, "pixel_y": 2939.0, "easting": 480757.8, "northing": 227470.7, "epsg_source": 22391}}, {"type": "Feature", "geometry": {"type": "Point", "coordinates": [9.686, 35.34734]}, "properties": {"record_id": "oai:u-bordeaux-montaigne.fr:340516", "symbol_class": "building", "pixel_x": 7282.4, "pixel_y": 2945.2, "easting": 480502.6, "northing": 227464.6, "epsg_source": 22391}}, {"type": "Feature", "geometry": {"type": "Point", "coordinates": [9.68659, 35.34705]}, "properties": {"record_id": "oai:u-bordeaux-montaigne.fr:340516", "symbol_class": "building", "pixel_x": 7295.8, "pixel_y": 2951.8, "easting": 480557.0, "northing": 227432.5, "epsg_source": 22391}}, {"type": "Feature", "geometry": {"type": "Point", "coordinates": [9.54351, 35.35576]}, "properties": {"record_id": "oai:u-bordeaux-montaigne.fr:340516", "symbol_class": "building", "pixel_x": 4211.9, "pixel_y": 2954.9, "easting": 467558.3, "northing": 228436.2, "epsg_source": 22391}}, {"type": "Feature", "geometry": {"type": "Point", "coordinates": [9.68905, 35.34674]}, "properties": {"record_id": "oai:u-bordeaux-montaigne.fr:340516", "symbol_class": "building", "pixel_x": 7349.1, "pixel_y": 2955.9, "easting": 480780.2, "northing": 227397.6, "epsg_source": 22391}}, {"type": "Feature", "geometry": {"type": "Point", "coordinates": [9.5444, 35.35577]}, "properties": {"record_id": "oai:u-bordeaux-montaigne.fr:340516", "symbol_class": "building", "pixel_x": 4230.9, "pixel_y": 2953.4, "easting": 467638.8, "northing": 228436.4, "epsg_source": 22391}}, {"type": "Feature", "geometry": {"type": "Point", "coordinates": [9.5441, 35.35539]}, "properties": {"record_id": "oai:u-bordeaux-montaigne.fr:340516", "symbol_class": "building", "pixel_x": 4225.1, "pixel_y": 2963.6, "easting": 467611.1, "northing": 228395.3, "epsg_source": 22391}}, {"type": "Feature", "geometry": {"type": "Point", "coordinates": [9.60698, 35.35162]}, "properties": {"record_id": "oai:u-bordeaux-montaigne.fr:340516", "symbol_class": "building", "pixel_x": 5580.3, "pixel_y": 2961.4, "easting": 473323.7, "northing": 227957.8, "epsg_source": 22391}}, {"type": "Feature", "geometry": {"type": "Point", "coordinates": [9.54519, 35.35537]}, "properties": {"record_id": "oai:u-bordeaux-montaigne.fr:340516", "symbol_class": "building", "pixel_x": 4248.5, "pixel_y": 2962.6, "easting": 467710.2, "northing": 228391.9, "epsg_source": 22391}}, {"type": "Feature", "geometry": {"type": "Point", "coordinates": [9.54244, 35.35522]}, "properties": {"record_id": "oai:u-bordeaux-montaigne.fr:340516", "symbol_class": "building", "pixel_x": 4189.9, "pixel_y": 2970.8, "easting": 467460.9, "northing": 228376.6, "epsg_source": 22391}}, {"type": "Feature", "geometry": {"type": "Point", "coordinates": [9.68965, 35.34541]}, "properties": {"record_id": "oai:u-bordeaux-montaigne.fr:340516", "symbol_class": "building", "pixel_x": 7364.4, "pixel_y": 2990.1, "easting": 480834.2, "northing": 227249.2, "epsg_source": 22391}}, {"type": "Feature", "geometry": {"type": "Point", "coordinates": [9.64876, 35.3477]}, "properties": {"record_id": "oai:u-bordeaux-montaigne.fr:340516", "symbol_class": "building", "pixel_x": 6483.5, "pixel_y": 2996.6, "easting": 477119.5, "northing": 227512.8, "epsg_source": 22391}}, {"type": "Feature", "geometry": {"type": "Point", "coordinates": [9.6502, 35.34759]}, "properties": {"record_id": "oai:u-bordeaux-montaigne.fr:340516", "symbol_class": "building", "pixel_x": 6514.5, "pixel_y": 2997.3, "easting": 477249.7, "northing": 227499.4, "epsg_source": 22391}}, {"type": "Feature", "geometry": {"type": "Point", "coordinates": [9.72572, 35.34276]}, "properties": {"record_id": "oai:u-bordeaux-montaigne.fr:340516", "symbol_class": "building", "pixel_x": 8142.8, "pixel_y": 3000.5, "easting": 484111.4, "northing": 226949.3, "epsg_source": 22391}}, {"type": "Feature", "geometry": {"type": "Point", "coordinates": [9.46084, 35.35869]}, "properties": {"record_id": "oai:u-bordeaux-montaigne.fr:340516", "symbol_class": "building", "pixel_x": 2434.1, "pixel_y": 3010.0, "easting": 460048.1, "northing": 228791.3, "epsg_source": 22391}}, {"type": "Feature", "geometry": {"type": "Point", "coordinates": [9.6765, 35.34533]}, "properties": {"record_id": "oai:u-bordeaux-montaigne.fr:340516", "symbol_class": "building", "pixel_x": 7082.6, "pixel_y": 3013.8, "easting": 479638.8, "northing": 227243.2, "epsg_source": 22391}}, {"type": "Feature", "geometry": {"type": "Point", "coordinates": [9.64924, 35.34688]}, "properties": {"record_id": "oai:u-bordeaux-montaigne.fr:340516", "symbol_class": "building", "pixel_x": 6495.3, "pixel_y": 3017.5, "easting": 477162.3, "northing": 227421.0, "epsg_source": 22391}}, {"type": "Feature", "geometry": {"type": "Point", "coordinates": [9.67422, 35.34529]}, "properties": {"record_id": "oai:u-bordeaux-montaigne.fr:340516", "symbol_class": "building", "pixel_x": 7033.8, "pixel_y": 3018.6, "easting": 479431.7, "northing": 227238.9, "epsg_source": 22391}}, {"type": "Feature", "geometry": {"type": "Point", "coordinates": [9.71272, 35.34279]}, "properties": {"record_id": "oai:u-bordeaux-montaigne.fr:340516", "symbol_class": "building", "pixel_x": 7864.1, "pixel_y": 3021.1, "easting": 482930.3, "northing": 226954.8, "epsg_source": 22391}}, {"type": "Feature", "geometry": {"type": "Point", "coordinates": [9.40174, 35.36158]}, "properties": {"record_id": "oai:u-bordeaux-montaigne.fr:340516", "symbol_class": "building", "pixel_x": 1161.5, "pixel_y": 3027.3, "easting": 454679.4, "northing": 229138.4, "epsg_source": 22391}}, {"type": "Feature", "geometry": {"type": "Point", "coordinates": [9.6756, 35.34488]}, "properties": {"record_id": "oai:u-bordeaux-montaigne.fr:340516", "symbol_class": "building", "pixel_x": 7064.2, "pixel_y": 3027.0, "easting": 479557.4, "northing": 227193.7, "epsg_source": 22391}}, {"type": "Feature", "geometry": {"type": "Point", "coordinates": [9.67656, 35.34497]}, "properties": {"record_id": "oai:u-bordeaux-montaigne.fr:340516", "symbol_class": "building", "pixel_x": 7084.6, "pixel_y": 3023.2, "easting": 479644.4, "northing": 227203.0, "epsg_source": 22391}}, {"type": "Feature", "geometry": {"type": "Point", "coordinates": [9.71109, 35.34279]}, "properties": {"record_id": "oai:u-bordeaux-montaigne.fr:340516", "symbol_class": "building", "pixel_x": 7829.2, "pixel_y": 3023.8, "easting": 482782.4, "northing": 226954.9, "epsg_source": 22391}}, {"type": "Feature", "geometry": {"type": "Point", "coordinates": [9.67506, 35.3449]}, "properties": {"record_id": "oai:u-bordeaux-montaigne.fr:340516", "symbol_class": "building", "pixel_x": 7052.6, "pixel_y": 3027.4, "easting": 479508.2, "northing": 227195.8, "epsg_source": 22391}}, {"type": "Feature", "geometry": {"type": "Point", "coordinates": [9.67334, 35.34485]}, "properties": {"record_id": "oai:u-bordeaux-montaigne.fr:340516", "symbol_class": "building", "pixel_x": 7015.8, "pixel_y": 3031.6, "easting": 479351.8, "northing": 227190.5, "epsg_source": 22391}}, {"type": "Feature", "geometry": {"type": "Point", "coordinates": [9.67369, 35.34482]}, "properties": {"record_id": "oai:u-bordeaux-montaigne.fr:340516", "symbol_class": "building", "pixel_x": 7023.4, "pixel_y": 3031.8, "easting": 479383.9, "northing": 227187.3, "epsg_source": 22391}}, {"type": "Feature", "geometry": {"type": "Point", "coordinates": [9.67598, 35.34461]}, "properties": {"record_id": "oai:u-bordeaux-montaigne.fr:340516", "symbol_class": "building", "pixel_x": 7072.8, "pixel_y": 3033.6, "easting": 479591.5, "northing": 227163.4, "epsg_source": 22391}}, {"type": "Feature", "geometry": {"type": "Point", "coordinates": [9.67663, 35.34457]}, "properties": {"record_id": "oai:u-bordeaux-montaigne.fr:340516", "symbol_class": "building", "pixel_x": 7087.0, "pixel_y": 3033.6, "easting": 479651.3, "northing": 227158.8, "epsg_source": 22391}}, {"type": "Feature", "geometry": {"type": "Point", "coordinates": [9.70327, 35.34283]}, "properties": {"record_id": "oai:u-bordeaux-montaigne.fr:340516", "symbol_class": "building", "pixel_x": 7661.3, "pixel_y": 3035.7, "easting": 482071.1, "northing": 226960.5, "epsg_source": 22391}}, {"type": "Feature", "geometry": {"type": "Point", "coordinates": [9.67564, 35.34435]}, "properties": {"record_id": "oai:u-bordeaux-montaigne.fr:340516", "symbol_class": "building", "pixel_x": 7066.1, "pixel_y": 3041.0, "easting": 479561.0, "northing": 227134.3, "epsg_source": 22391}}, {"type": "Feature", "geometry": {"type": "Point", "coordinates": [9.67677, 35.3441]}, "properties": {"record_id": "oai:u-bordeaux-montaigne.fr:340516", "symbol_class": "building", "pixel_x": 7090.9, "pixel_y": 3045.7, "easting": 479663.9, "northing": 227106.7, "epsg_source": 22391}}, {"type": "Feature", "geometry": {"type": "Point", "coordinates": [9.67709, 35.34414]}, "properties": {"record_id": "oai:u-bordeaux-montaigne.fr:340516", "symbol_class": "building", "pixel_x": 7097.7, "pixel_y": 3044.1, "easting": 479692.9, "northing": 227111.3, "epsg_source": 22391}}, {"type": "Feature", "geometry": {"type": "Point", "coordinates": [9.67631, 35.34406]}, "properties": {"record_id": "oai:u-bordeaux-montaigne.fr:340516", "symbol_class": "building", "pixel_x": 7081.0, "pixel_y": 3047.5, "easting": 479621.7, "northing": 227102.4, "epsg_source": 22391}}, {"type": "Feature", "geometry": {"type": "Point", "coordinates": [9.39522, 35.36107]}, "properties": {"record_id": "oai:u-bordeaux-montaigne.fr:340516", "symbol_class": "building", "pixel_x": 1022.8, "pixel_y": 3051.1, "easting": 454087.3, "northing": 229084.5, "epsg_source": 22391}}, {"type": "Feature", "geometry": {"type": "Point", "coordinates": [9.67371, 35.34426]}, "properties": {"record_id": "oai:u-bordeaux-montaigne.fr:340516", "symbol_class": "building", "pixel_x": 7025.0, "pixel_y": 3046.4, "easting": 479385.8, "northing": 227125.5, "epsg_source": 22391}}, {"type": "Feature", "geometry": {"type": "Point", "coordinates": [9.692, 35.34285]}, "properties": {"record_id": "oai:u-bordeaux-montaigne.fr:340516", "symbol_class": "building", "pixel_x": 7419.7, "pixel_y": 3053.5, "easting": 481047.1, "northing": 226965.6, "epsg_source": 22391}}, {"type": "Feature", "geometry": {"type": "Point", "coordinates": [9.67899, 35.34287]}, "properties": {"record_id": "oai:u-bordeaux-montaigne.fr:340516", "symbol_class": "building", "pixel_x": 7140.7, "pixel_y": 3074.4, "easting": 479864.8, "northing": 226970.2, "epsg_source": 22391}}, {"type": "Feature", "geometry": {"type": "Point", "coordinates": [9.6808, 35.34287]}, "properties": {"record_id": "oai:u-bordeaux-montaigne.fr:340516", "symbol_class": "building", "pixel_x": 7179.5, "pixel_y": 3071.3, "easting": 480029.3, "northing": 226970.1, "epsg_source": 22391}}, {"type": "Feature", "geometry": {"type": "Point", "coordinates": [9.67763, 35.34282]}, "properties": {"record_id": "oai:u-bordeaux-montaigne.fr:340516", "symbol_class": "building", "pixel_x": 7111.7, "pixel_y": 3077.9, "easting": 479741.4, "northing": 226964.8, "epsg_source": 22391}}, {"type": "Feature", "geometry": {"type": "Point", "coordinates": [9.43699, 35.3573]}, "properties": {"record_id": "oai:u-bordeaux-montaigne.fr:340516", "symbol_class": "building", "pixel_x": 1925.2, "pixel_y": 3084.4, "easting": 457880.1, "northing": 228647.4, "epsg_source": 22391}}, {"type": "Feature", "geometry": {"type": "Point", "coordinates": [9.43495, 35.35726]}, "properties": {"record_id": "oai:u-bordeaux-montaigne.fr:340516", "symbol_class": "building", "pixel_x": 1881.5, "pixel_y": 3088.8, "easting": 457694.6, "northing": 228643.6, "epsg_source": 22391}}, {"type": "Feature", "geometry": {"type": "Point", "coordinates": [9.66786, 35.34288]}, "properties": {"record_id": "oai:u-bordeaux-montaigne.fr:340516", "symbol_class": "building", "pixel_x": 6902.1, "pixel_y": 3092.3, "easting": 478853.4, "northing": 226973.9, "epsg_source": 22391}}, {"type": "Feature", "geometry": {"type": "Point", "coordinates": [9.41331, 35.35836]}, "properties": {"record_id": "oai:u-bordeaux-montaigne.fr:340516", "symbol_class": "building", "pixel_x": 1415.5, "pixel_y": 3093.9, "easting": 455729.0, "northing": 228775.9, "epsg_source": 22391}}, {"type": "Feature", "geometry": {"type": "Point", "coordinates": [9.43658, 35.357]}, "properties": {"record_id": "oai:u-bordeaux-montaigne.fr:340516", "symbol_class": "building", "pixel_x": 1917.0, "pixel_y": 3092.9, "easting": 457842.9, "northing": 228614.5, "epsg_source": 22391}}, {"type": "Feature", "geometry": {"type": "Point", "coordinates": [9.70246, 35.34042]}, "properties": {"record_id": "oai:u-bordeaux-montaigne.fr:340516", "symbol_class": "building", "pixel_x": 7648.6, "pixel_y": 3100.4, "easting": 481997.3, "northing": 226693.6, "epsg_source": 22391}}, {"type": "Feature", "geometry": {"type": "Point", "coordinates": [9.4371, 35.35664]}, "properties": {"record_id": "oai:u-bordeaux-montaigne.fr:340516", "symbol_class": "building", "pixel_x": 1928.7, "pixel_y": 3101.6, "easting": 457889.6, "northing": 228574.4, "epsg_source": 22391}}, {"type": "Feature", "geometry": {"type": "Point", "coordinates": [9.69218, 35.34096]}, "properties": {"record_id": "oai:u-bordeaux-montaigne.fr:340516", "symbol_class": "building", "pixel_x": 7427.2, "pixel_y": 3103.1, "easting": 481063.1, "northing": 226755.3, "epsg_source": 22391}}, {"type": "Feature", "geometry": {"type": "Point", "coordinates": [9.46596, 35.3546]}, "properties": {"record_id": "oai:u-bordeaux-montaigne.fr:340516", "symbol_class": "building", "pixel_x": 2551.2, "pixel_y": 3109.4, "easting": 460510.9, "northing": 228336.5, "epsg_source": 22391}}, {"type": "Feature", "geometry": {"type": "Point", "coordinates": [9.46552, 35.35447]}, "properties": {"record_id": "oai:u-bordeaux-montaigne.fr:340516", "symbol_class": "building", "pixel_x": 2542.0, "pixel_y": 3113.5, "easting": 460470.6, "northing": 228322.3, "epsg_source": 22391}}, {"type": "Feature", "geometry": {"type": "Point", "coordinates": [9.49189, 35.35281]}, "properties": {"record_id": "oai:u-bordeaux-montaigne.fr:340516", "symbol_class": "building", "pixel_x": 3110.6, "pixel_y": 3115.2, "easting": 462866.7, "northing": 228127.8, "epsg_source": 22391}}, {"type": "Feature", "geometry": {"type": "Point", "coordinates": [9.69274, 35.34046]}, "properties": {"record_id": "oai:u-bordeaux-montaigne.fr:340516", "symbol_class": "building", "pixel_x": 7440.1, "pixel_y": 3115.3, "easting": 481113.9, "northing": 226699.9, "epsg_source": 22391}}, {"type": "Feature", "geometry": {"type": "Point", "coordinates": [9.46626, 35.35404]}, "properties": {"record_id": "oai:u-bordeaux-montaigne.fr:340516", "symbol_class": "building", "pixel_x": 2558.8, "pixel_y": 3123.7, "easting": 460538.3, "northing": 228273.9, "epsg_source": 22391}}, {"type": "Feature", "geometry": {"type": "Point", "coordinates": [9.49287, 35.35262]}, "properties": {"record_id": "oai:u-bordeaux-montaigne.fr:340516", "symbol_class": "building", "pixel_x": 3131.9, "pixel_y": 3118.8, "easting": 462955.1, "northing": 228105.7, "epsg_source": 22391}}, {"type": "Feature", "geometry": {"type": "Point", "coordinates": [9.46515, 35.35429]}, "properties": {"record_id": "oai:u-bordeaux-montaigne.fr:340516", "symbol_class": "building", "pixel_x": 2534.4, "pixel_y": 3119.0, "easting": 460436.9, "northing": 228301.8, "epsg_source": 22391}}, {"type": "Feature", "geometry": {"type": "Point", "coordinates": [9.4647, 35.35422]}, "properties": {"record_id": "oai:u-bordeaux-montaigne.fr:340516", "symbol_class": "building", "pixel_x": 2524.9, "pixel_y": 3121.6, "easting": 460396.1, "northing": 228294.1, "epsg_source": 22391}}, {"type": "Feature", "geometry": {"type": "Point", "coordinates": [9.49191, 35.35253]}, "properties": {"record_id": "oai:u-bordeaux-montaigne.fr:340516", "symbol_class": "building", "pixel_x": 3111.4, "pixel_y": 3122.7, "easting": 462867.8, "northing": 228095.9, "epsg_source": 22391}}, {"type": "Feature", "geometry": {"type": "Point", "coordinates": [9.72848, 35.33784]}, "properties": {"record_id": "oai:u-bordeaux-montaigne.fr:340516", "symbol_class": "building", "pixel_x": 8211.5, "pixel_y": 3125.5, "easting": 484361.9, "northing": 226403.0, "epsg_source": 22391}}, {"type": "Feature", "geometry": {"type": "Point", "coordinates": [9.46578, 35.35388]}, "properties": {"record_id": "oai:u-bordeaux-montaigne.fr:340516", "symbol_class": "building", "pixel_x": 2548.7, "pixel_y": 3128.9, "easting": 460494.2, "northing": 228255.7, "epsg_source": 22391}}, {"type": "Feature", "geometry": {"type": "Point", "coordinates": [9.49287, 35.35228]}, "properties": {"record_id": "oai:u-bordeaux-montaigne.fr:340516", "symbol_class": "building", "pixel_x": 3132.5, "pixel_y": 3127.7, "easting": 462954.8, "northing": 228068.0, "epsg_source": 22391}}, {"type": "Feature", "geometry": {"type": "Point", "coordinates": [9.64636, 35.34285]}, "properties": {"record_id": "oai:u-bordeaux-montaigne.fr:340516", "symbol_class": "building", "pixel_x": 6441.2, "pixel_y": 3128.4, "easting": 476899.9, "northing": 226974.4, "epsg_source": 22391}}, {"type": "Feature", "geometry": {"type": "Point", "coordinates": [9.72763, 35.33775]}, "properties": {"record_id": "oai:u-bordeaux-montaigne.fr:340516", "symbol_class": "building", "pixel_x": 8193.4, "pixel_y": 3129.2, "easting": 484284.3, "northing": 226393.4, "epsg_source": 22391}}, {"type": "Feature", "geometry": {"type": "Point", "coordinates": [9.72798, 35.33769]}, "properties": {"record_id": "oai:u-bordeaux-montaigne.fr:340516", "symbol_class": "building", "pixel_x": 8201.1, "pixel_y": 3130.4, "easting": 484316.4, "northing": 226386.0, "epsg_source": 22391}}, {"type": "Feature", "geometry": {"type": "Point", "coordinates": [9.46506, 35.35377]}, "properties": {"record_id": "oai:u-bordeaux-montaigne.fr:340516", "symbol_class": "building", "pixel_x": 2533.5, "pixel_y": 3132.7, "easting": 460429.0, "northing": 228244.6, "epsg_source": 22391}}, {"type": "Feature", "geometry": {"type": "Point", "coordinates": [9.49431, 35.35196]}, "properties": {"record_id": "oai:u-bordeaux-montaigne.fr:340516", "symbol_class": "building", "pixel_x": 3164.0, "pixel_y": 3133.9, "easting": 463086.0, "northing": 228031.9, "epsg_source": 22391}}, {"type": "Feature", "geometry": {"type": "Point", "coordinates": [9.49286, 35.35202]}, "properties": {"record_id": "oai:u-bordeaux-montaigne.fr:340516", "symbol_class": "building", "pixel_x": 3132.8, "pixel_y": 3134.6, "easting": 462953.8, "northing": 228039.2, "epsg_source": 22391}}, {"type": "Feature", "geometry": {"type": "Point", "coordinates": [9.49153, 35.35205]}, "properties": {"record_id": "oai:u-bordeaux-montaigne.fr:340516", "symbol_class": "building", "pixel_x": 3104.2, "pixel_y": 3136.0, "easting": 462832.9, "northing": 228042.7, "epsg_source": 22391}}, {"type": "Feature", "geometry": {"type": "Point", "coordinates": [9.63964, 35.34286]}, "properties": {"record_id": "oai:u-bordeaux-montaigne.fr:340516", "symbol_class": "building", "pixel_x": 6297.1, "pixel_y": 3139.1, "easting": 476289.1, "northing": 226977.3, "epsg_source": 22391}}, {"type": "Feature", "geometry": {"type": "Point", "coordinates": [9.64104, 35.34285]}, "properties": {"record_id": "oai:u-bordeaux-montaigne.fr:340516", "symbol_class": "building", "pixel_x": 6327.0, "pixel_y": 3136.9, "easting": 476415.8, "northing": 226976.5, "epsg_source": 22391}}, {"type": "Feature", "geometry": {"type": "Point", "coordinates": [9.7233, 35.3376]}, "properties": {"record_id": "oai:u-bordeaux-montaigne.fr:340516", "symbol_class": "building", "pixel_x": 8100.8, "pixel_y": 3140.5, "easting": 483890.8, "northing": 226376.8, "epsg_source": 22391}}, {"type": "Feature", "geometry": {"type": "Point", "coordinates": [9.63751, 35.34286]}, "properties": {"record_id": "oai:u-bordeaux-montaigne.fr:340516", "symbol_class": "building", "pixel_x": 6251.4, "pixel_y": 3142.5, "easting": 476095.6, "northing": 226978.0, "epsg_source": 22391}}, {"type": "Feature", "geometry": {"type": "Point", "coordinates": [9.4665, 35.35327]}, "properties": {"record_id": "oai:u-bordeaux-montaigne.fr:340516", "symbol_class": "building", "pixel_x": 2565.4, "pixel_y": 3143.6, "easting": 460559.8, "northing": 228188.4, "epsg_source": 22391}}, {"type": "Feature", "geometry": {"type": "Point", "coordinates": [9.63552, 35.34287]}, "properties": {"record_id": "oai:u-bordeaux-montaigne.fr:340516", "symbol_class": "building", "pixel_x": 6208.7, "pixel_y": 3145.5, "easting": 475914.4, "northing": 226979.4, "epsg_source": 22391}}, {"type": "Feature", "geometry": {"type": "Point", "coordinates": [9.63381, 35.34285]}, "properties": {"record_id": "oai:u-bordeaux-montaigne.fr:340516", "symbol_class": "building", "pixel_x": 6172.1, "pixel_y": 3148.7, "easting": 475759.5, "northing": 226978.3, "epsg_source": 22391}}, {"type": "Feature", "geometry": {"type": "Point", "coordinates": [9.49361, 35.35116]}, "properties": {"record_id": "oai:u-bordeaux-montaigne.fr:340516", "symbol_class": "building", "pixel_x": 3150.4, "pixel_y": 3156.1, "easting": 463021.6, "northing": 227943.2, "epsg_source": 22391}}, {"type": "Feature", "geometry": {"type": "Point", "coordinates": [9.72713, 35.33679]}, "properties": {"record_id": "oai:u-bordeaux-montaigne.fr:340516", "symbol_class": "building", "pixel_x": 8184.5, "pixel_y": 3155.3, "easting": 484238.6, "northing": 226287.2, "epsg_source": 22391}}, {"type": "Feature", "geometry": {"type": "Point", "coordinates": [9.72779, 35.33664]}, "properties": {"record_id": "oai:u-bordeaux-montaigne.fr:340516", "symbol_class": "building", "pixel_x": 8198.8, "pixel_y": 3158.1, "easting": 484298.3, "northing": 226270.5, "epsg_source": 22391}}, {"type": "Feature", "geometry": {"type": "Point", "coordinates": [9.39235, 35.35727]}, "properties": {"record_id": "oai:u-bordeaux-montaigne.fr:340516", "symbol_class": "building", "pixel_x": 968.1, "pixel_y": 3155.7, "easting": 453824.1, "northing": 228664.6, "epsg_source": 22391}}, {"type": "Feature", "geometry": {"type": "Point", "coordinates": [9.46612, 35.35276]}, "properties": {"record_id": "oai:u-bordeaux-montaigne.fr:340516", "symbol_class": "building", "pixel_x": 2558.2, "pixel_y": 3157.8, "easting": 460524.9, "northing": 228131.5, "epsg_source": 22391}}, {"type": "Feature", "geometry": {"type": "Point", "coordinates": [9.49289, 35.35117]}, "properties": {"record_id": "oai:u-bordeaux-montaigne.fr:340516", "symbol_class": "building", "pixel_x": 3134.9, "pixel_y": 3156.8, "easting": 462956.1, "northing": 227945.2, "epsg_source": 22391}}, {"type": "Feature", "geometry": {"type": "Point", "coordinates": [9.39332, 35.35715]}, "properties": {"record_id": "oai:u-bordeaux-montaigne.fr:340516", "symbol_class": "building", "pixel_x": 989.1, "pixel_y": 3157.2, "easting": 453911.9, "northing": 228651.1, "epsg_source": 22391}}, {"type": "Feature", "geometry": {"type": "Point", "coordinates": [9.49219, 35.35126]}, "properties": {"record_id": "oai:u-bordeaux-montaigne.fr:340516", "symbol_class": "building", "pixel_x": 3119.8, "pixel_y": 3155.6, "easting": 462892.8, "northing": 227955.4, "epsg_source": 22391}}, {"type": "Feature", "geometry": {"type": "Point", "coordinates": [9.7318, 35.33644]}, "properties": {"record_id": "oai:u-bordeaux-montaigne.fr:340516", "symbol_class": "building", "pixel_x": 8285.3, "pixel_y": 3157.0, "easting": 484663.1, "northing": 226246.7, "epsg_source": 22391}}, {"type": "Feature", "geometry": {"type": "Point", "coordinates": [9.62679, 35.34287]}, "properties": {"record_id": "oai:u-bordeaux-montaigne.fr:340516", "symbol_class": "building", "pixel_x": 6021.4, "pixel_y": 3159.7, "easting": 475120.8, "northing": 226981.6, "epsg_source": 22391}}, {"type": "Feature", "geometry": {"type": "Point", "coordinates": [9.62585, 35.34285]}, "properties": {"record_id": "oai:u-bordeaux-montaigne.fr:340516", "symbol_class": "building", "pixel_x": 6001.5, "pixel_y": 3161.7, "easting": 475036.1, "northing": 226979.7, "epsg_source": 22391}}, {"type": "Feature", "geometry": {"type": "Point", "coordinates": [9.46756, 35.35216]}, "properties": {"record_id": "oai:u-bordeaux-montaigne.fr:340516", "symbol_class": "building", "pixel_x": 2590.2, "pixel_y": 3171.2, "easting": 460655.5, "northing": 228064.9, "epsg_source": 22391}}, {"type": "Feature", "geometry": {"type": "Point", "coordinates": [9.72857, 35.33621]}, "properties": {"record_id": "oai:u-bordeaux-montaigne.fr:340516", "symbol_class": "building", "pixel_x": 8216.4, "pixel_y": 3168.4, "easting": 484369.1, "northing": 226221.8, "epsg_source": 22391}}, {"type": "Feature", "geometry": {"type": "Point", "coordinates": [9.4671, 35.35211]}, "properties": {"record_id": "oai:u-bordeaux-montaigne.fr:340516", "symbol_class": "building", "pixel_x": 2580.4, "pixel_y": 3173.2, "easting": 460613.7, "northing": 228059.4, "epsg_source": 22391}}, {"type": "Feature", "geometry": {"type": "Point", "coordinates": [9.62192, 35.34283]}, "properties": {"record_id": "oai:u-bordeaux-montaigne.fr:340516", "symbol_class": "building", "pixel_x": 5917.1, "pixel_y": 3168.6, "easting": 474678.1, "northing": 226978.7, "epsg_source": 22391}}, {"type": "Feature", "geometry": {"type": "Point", "coordinates": [9.46652, 35.35226]}, "properties": {"record_id": "oai:u-bordeaux-montaigne.fr:340516", "symbol_class": "building", "pixel_x": 2567.5, "pixel_y": 3170.2, "easting": 460560.4, "northing": 228076.3, "epsg_source": 22391}}, {"type": "Feature", "geometry": {"type": "Point", "coordinates": [9.61692, 35.34285]}, "properties": {"record_id": "oai:u-bordeaux-montaigne.fr:340516", "symbol_class": "building", "pixel_x": 5809.9, "pixel_y": 3176.2, "easting": 474223.9, "northing": 226982.4, "epsg_source": 22391}}, {"type": "Feature", "geometry": {"type": "Point", "coordinates": [9.39172, 35.35647]}, "properties": {"record_id": "oai:u-bordeaux-montaigne.fr:340516", "symbol_class": "building", "pixel_x": 956.1, "pixel_y": 3177.9, "easting": 453766.6, "northing": 228575.5, "epsg_source": 22391}}, {"type": "Feature", "geometry": {"type": "Point", "coordinates": [9.46666, 35.35201]}, "properties": {"record_id": "oai:u-bordeaux-montaigne.fr:340516", "symbol_class": "building", "pixel_x": 2571.0, "pixel_y": 3176.5, "easting": 460573.1, "northing": 228048.8, "epsg_source": 22391}}, {"type": "Feature", "geometry": {"type": "Point", "coordinates": [9.3909, 35.35649]}, "properties": {"record_id": "oai:u-bordeaux-montaigne.fr:340516", "symbol_class": "building", "pixel_x": 938.5, "pixel_y": 3178.4, "easting": 453692.0, "northing": 228579.0, "epsg_source": 22391}}, {"type": "Feature", "geometry": {"type": "Point", "coordinates": [9.39293, 35.35627]}, "properties": {"record_id": "oai:u-bordeaux-montaigne.fr:340516", "symbol_class": "building", "pixel_x": 982.4, "pixel_y": 3181.1, "easting": 453876.3, "northing": 228553.2, "epsg_source": 22391}}, {"type": "Feature", "geometry": {"type": "Point", "coordinates": [9.61359, 35.34284]}, "properties": {"record_id": "oai:u-bordeaux-montaigne.fr:340516", "symbol_class": "building", "pixel_x": 5738.5, "pixel_y": 3181.9, "easting": 473921.2, "northing": 226982.0, "epsg_source": 22391}}, {"type": "Feature", "geometry": {"type": "Point", "coordinates": [9.39341, 35.3561]}, "properties": {"record_id": "oai:u-bordeaux-montaigne.fr:340516", "symbol_class": "building", "pixel_x": 992.9, "pixel_y": 3184.9, "easting": 453919.5, "northing": 228533.7, "epsg_source": 22391}}, {"type": "Feature", "geometry": {"type": "Point", "coordinates": [9.61261, 35.34284]}, "properties": {"record_id": "oai:u-bordeaux-montaigne.fr:340516", "symbol_class": "building", "pixel_x": 5717.5, "pixel_y": 3183.5, "easting": 473832.2, "northing": 226982.4, "epsg_source": 22391}}, {"type": "Feature", "geometry": {"type": "Point", "coordinates": [9.39253, 35.35607]}, "properties": {"record_id": "oai:u-bordeaux-montaigne.fr:340516", "symbol_class": "building", "pixel_x": 974.2, "pixel_y": 3187.1, "easting": 453839.7, "northing": 228530.8, "epsg_source": 22391}}, {"type": "Feature", "geometry": {"type": "Point", "coordinates": [9.656, 35.33994]}, "properties": {"record_id": "oai:u-bordeaux-montaigne.fr:340516", "symbol_class": "building", "pixel_x": 6653.3, "pixel_y": 3189.1, "easting": 477774.5, "northing": 226650.3, "epsg_source": 22391}}, {"type": "Feature", "geometry": {"type": "Point", "coordinates": [9.39292, 35.35603]}, "properties": {"record_id": "oai:u-bordeaux-montaigne.fr:340516", "symbol_class": "building", "pixel_x": 982.5, "pixel_y": 3187.4, "easting": 453874.9, "northing": 228526.9, "epsg_source": 22391}}, {"type": "Feature", "geometry": {"type": "Point", "coordinates": [9.44863, 35.35259]}, "properties": {"record_id": "oai:u-bordeaux-montaigne.fr:340516", "symbol_class": "building", "pixel_x": 2183.4, "pixel_y": 3189.8, "easting": 458935.5, "northing": 228120.8, "epsg_source": 22391}}, {"type": "Feature", "geometry": {"type": "Point", "coordinates": [9.60977, 35.34285]}, "properties": {"record_id": "oai:u-bordeaux-montaigne.fr:340516", "symbol_class": "building", "pixel_x": 5656.7, "pixel_y": 3187.7, "easting": 473574.8, "northing": 226984.7, "epsg_source": 22391}}, {"type": "Feature", "geometry": {"type": "Point", "coordinates": [9.39204, 35.35586]}, "properties": {"record_id": "oai:u-bordeaux-montaigne.fr:340516", "symbol_class": "building", "pixel_x": 964.1, "pixel_y": 3193.3, "easting": 453795.3, "northing": 228508.3, "epsg_source": 22391}}, {"type": "Feature", "geometry": {"type": "Point", "coordinates": [9.60749, 35.34283]}, "properties": {"record_id": "oai:u-bordeaux-montaigne.fr:340516", "symbol_class": "building", "pixel_x": 5607.8, "pixel_y": 3192.0, "easting": 473367.2, "northing": 226982.6, "epsg_source": 22391}}, {"type": "Feature", "geometry": {"type": "Point", "coordinates": [9.39306, 35.35573]}, "properties": {"record_id": "oai:u-bordeaux-montaigne.fr:340516", "symbol_class": "building", "pixel_x": 986.1, "pixel_y": 3195.1, "easting": 453887.6, "northing": 228493.6, "epsg_source": 22391}}, {"type": "Feature", "geometry": {"type": "Point", "coordinates": [9.39063, 35.35586]}, "properties": {"record_id": "oai:u-bordeaux-montaigne.fr:340516", "symbol_class": "building", "pixel_x": 933.8, "pixel_y": 3195.4, "easting": 453666.9, "northing": 228509.2, "epsg_source": 22391}}, {"type": "Feature", "geometry": {"type": "Point", "coordinates": [9.5836, 35.34412]}, "properties": {"record_id": "oai:u-bordeaux-montaigne.fr:340516", "symbol_class": "building", "pixel_x": 5093.0, "pixel_y": 3196.7, "easting": 471196.2, "northing": 227132.9, "epsg_source": 22391}}, {"type": "Feature", "geometry": {"type": "Point", "coordinates": [9.39066, 35.35554]}, "properties": {"record_id": "oai:u-bordeaux-montaigne.fr:340516", "symbol_class": "building", "pixel_x": 935.1, "pixel_y": 3203.9, "easting": 453669.8, "northing": 228473.4, "epsg_source": 22391}}, {"type": "Feature", "geometry": {"type": "Point", "coordinates": [9.67787, 35.33788]}, "properties": {"record_id": "oai:u-bordeaux-montaigne.fr:340516", "symbol_class": "building", "pixel_x": 7126.1, "pixel_y": 3207.7, "easting": 479761.7, "northing": 226416.5, "epsg_source": 22391}}, {"type": "Feature", "geometry": {"type": "Point", "coordinates": [9.39211, 35.35536]}, "properties": {"record_id": "oai:u-bordeaux-montaigne.fr:340516", "symbol_class": "building", "pixel_x": 966.4, "pixel_y": 3206.4, "easting": 453800.8, "northing": 228452.5, "epsg_source": 22391}}, {"type": "Feature", "geometry": {"type": "Point", "coordinates": [9.65698, 35.33893]}, "properties": {"record_id": "oai:u-bordeaux-montaigne.fr:340516", "symbol_class": "building", "pixel_x": 6676.2, "pixel_y": 3214.2, "easting": 477863.5, "northing": 226537.6, "epsg_source": 22391}}, {"type": "Feature", "geometry": {"type": "Point", "coordinates": [9.39068, 35.35525]}, "properties": {"record_id": "oai:u-bordeaux-montaigne.fr:340516", "symbol_class": "building", "pixel_x": 935.9, "pixel_y": 3211.6, "easting": 453670.9, "northing": 228440.8, "epsg_source": 22391}}, {"type": "Feature", "geometry": {"type": "Point", "coordinates": [9.41557, 35.35347]}, "properties": {"record_id": "oai:u-bordeaux-montaigne.fr:340516", "symbol_class": "building", "pixel_x": 1472.9, "pixel_y": 3219.1, "easting": 455931.7, "northing": 228232.4, "epsg_source": 22391}}, {"type": "Feature", "geometry": {"type": "Point", "coordinates": [9.59412, 35.34281]}, "properties": {"record_id": "oai:u-bordeaux-montaigne.fr:340516", "symbol_class": "building", "pixel_x": 5321.1, "pixel_y": 3214.3, "easting": 472152.2, "northing": 226984.1, "epsg_source": 22391}}, {"type": "Feature", "geometry": {"type": "Point", "coordinates": [9.59223, 35.34276]}, "properties": {"record_id": "oai:u-bordeaux-montaigne.fr:340516", "symbol_class": "building", "pixel_x": 5280.6, "pixel_y": 3218.6, "easting": 471980.2, "northing": 226979.0, "epsg_source": 22391}}, {"type": "Feature", "geometry": {"type": "Point", "coordinates": [9.59129, 35.34278]}, "properties": {"record_id": "oai:u-bordeaux-montaigne.fr:340516", "symbol_class": "building", "pixel_x": 5260.5, "pixel_y": 3219.5, "easting": 471895.2, "northing": 226982.1, "epsg_source": 22391}}, {"type": "Feature", "geometry": {"type": "Point", "coordinates": [9.59084, 35.3428]}, "properties": {"record_id": "oai:u-bordeaux-montaigne.fr:340516", "symbol_class": "building", "pixel_x": 5250.9, "pixel_y": 3219.8, "easting": 471854.4, "northing": 226983.8, "epsg_source": 22391}}, {"type": "Feature", "geometry": {"type": "Point", "coordinates": [9.67827, 35.33703]}, "properties": {"record_id": "oai:u-bordeaux-montaigne.fr:340516", "symbol_class": "building", "pixel_x": 7136.4, "pixel_y": 3229.3, "easting": 479798.4, "northing": 226322.7, "epsg_source": 22391}}, {"type": "Feature", "geometry": {"type": "Point", "coordinates": [9.58452, 35.34279]}, "properties": {"record_id": "oai:u-bordeaux-montaigne.fr:340516", "symbol_class": "building", "pixel_x": 5115.4, "pixel_y": 3230.2, "easting": 471280.1, "northing": 226985.2, "epsg_source": 22391}}, {"type": "Feature", "geometry": {"type": "Point", "coordinates": [9.63695, 35.33927]}, "properties": {"record_id": "oai:u-bordeaux-montaigne.fr:340516", "symbol_class": "building", "pixel_x": 6246.2, "pixel_y": 3237.8, "easting": 476043.4, "northing": 226580.3, "epsg_source": 22391}}, {"type": "Feature", "geometry": {"type": "Point", "coordinates": [9.67963, 35.33662]}, "properties": {"record_id": "oai:u-bordeaux-montaigne.fr:340516", "symbol_class": "building", "pixel_x": 7166.4, "pixel_y": 3237.9, "easting": 479921.9, "northing": 226276.8, "epsg_source": 22391}}, {"type": "Feature", "geometry": {"type": "Point", "coordinates": [9.58196, 35.34279]}, "properties": {"record_id": "oai:u-bordeaux-montaigne.fr:340516", "symbol_class": "building", "pixel_x": 5060.5, "pixel_y": 3234.4, "easting": 471047.3, "northing": 226985.6, "epsg_source": 22391}}, {"type": "Feature", "geometry": {"type": "Point", "coordinates": [9.4135, 35.3526]}, "properties": {"record_id": "oai:u-bordeaux-montaigne.fr:340516", "symbol_class": "building", "pixel_x": 1430.0, "pixel_y": 3245.3, "easting": 455742.8, "northing": 228136.8, "epsg_source": 22391}}, {"type": "Feature", "geometry": {"type": "Point", "coordinates": [9.6789, 35.33626]}, "properties": {"record_id": "oai:u-bordeaux-montaigne.fr:340516", "symbol_class": "building", "pixel_x": 7151.4, "pixel_y": 3248.7, "easting": 479855.5, "northing": 226236.4, "epsg_source": 22391}}, {"type": "Feature", "geometry": {"type": "Point", "coordinates": [9.42811, 35.35157]}, "properties": {"record_id": "oai:u-bordeaux-montaigne.fr:340516", "symbol_class": "building", "pixel_x": 1745.3, "pixel_y": 3249.4, "easting": 457070.4, "northing": 228015.7, "epsg_source": 22391}}, {"type": "Feature", "geometry": {"type": "Point", "coordinates": [9.67834, 35.33614]}, "properties": {"record_id": "oai:u-bordeaux-montaigne.fr:340516", "symbol_class": "building", "pixel_x": 7139.6, "pixel_y": 3252.7, "easting": 479804.2, "northing": 226223.7, "epsg_source": 22391}}, {"type": "Feature", "geometry": {"type": "Point", "coordinates": [9.67965, 35.33617]}, "properties": {"record_id": "oai:u-bordeaux-montaigne.fr:340516", "symbol_class": "building", "pixel_x": 7167.7, "pixel_y": 3249.8, "easting": 479923.6, "northing": 226226.4, "epsg_source": 22391}}, {"type": "Feature", "geometry": {"type": "Point", "coordinates": [9.63948, 35.33854]}, "properties": {"record_id": "oai:u-bordeaux-montaigne.fr:340516", "symbol_class": "building", "pixel_x": 6301.9, "pixel_y": 3253.1, "easting": 476273.4, "northing": 226498.0, "epsg_source": 22391}}, {"type": "Feature", "geometry": {"type": "Point", "coordinates": [9.7148, 35.33387]}, "properties": {"record_id": "oai:u-bordeaux-montaigne.fr:340516", "symbol_class": "building", "pixel_x": 7925.6, "pixel_y": 3252.6, "easting": 483117.1, "northing": 225965.0, "epsg_source": 22391}}, {"type": "Feature", "geometry": {"type": "Point", "coordinates": [9.71087, 35.33385]}, "properties": {"record_id": "oai:u-bordeaux-montaigne.fr:340516", "symbol_class": "building", "pixel_x": 7841.4, "pixel_y": 3259.6, "easting": 482760.0, "northing": 225963.4, "epsg_source": 22391}}, {"type": "Feature", "geometry": {"type": "Point", "coordinates": [9.65832, 35.33701]}, "properties": {"record_id": "oai:u-bordeaux-montaigne.fr:340516", "symbol_class": "building", "pixel_x": 6708.7, "pixel_y": 3262.5, "easting": 477985.2, "northing": 226324.4, "epsg_source": 22391}}, {"type": "Feature", "geometry": {"type": "Point", "coordinates": [9.56655, 35.34275]}, "properties": {"record_id": "oai:u-bordeaux-montaigne.fr:340516", "symbol_class": "building", "pixel_x": 4730.1, "pixel_y": 3260.4, "easting": 469646.7, "northing": 226985.4, "epsg_source": 22391}}, {"type": "Feature", "geometry": {"type": "Point", "coordinates": [9.67866, 35.33578]}, "properties": {"record_id": "oai:u-bordeaux-montaigne.fr:340516", "symbol_class": "building", "pixel_x": 7147.1, "pixel_y": 3261.7, "easting": 479833.3, "northing": 226183.5, "epsg_source": 22391}}, {"type": "Feature", "geometry": {"type": "Point", "coordinates": [9.70897, 35.33387]}, "properties": {"record_id": "oai:u-bordeaux-montaigne.fr:340516", "symbol_class": "building", "pixel_x": 7800.7, "pixel_y": 3262.2, "easting": 482587.8, "northing": 225966.0, "epsg_source": 22391}}, {"type": "Feature", "geometry": {"type": "Point", "coordinates": [9.70743, 35.33389]}, "properties": {"record_id": "oai:u-bordeaux-montaigne.fr:340516", "symbol_class": "building", "pixel_x": 7767.5, "pixel_y": 3264.2, "easting": 482447.2, "northing": 225968.2, "epsg_source": 22391}}, {"type": "Feature", "geometry": {"type": "Point", "coordinates": [9.70657, 35.33388]}, "properties": {"record_id": "oai:u-bordeaux-montaigne.fr:340516", "symbol_class": "building", "pixel_x": 7749.2, "pixel_y": 3265.8, "easting": 482369.4, "northing": 225967.9, "epsg_source": 22391}}, {"type": "Feature", "geometry": {"type": "Point", "coordinates": [9.56338, 35.34274]}, "properties": {"record_id": "oai:u-bordeaux-montaigne.fr:340516", "symbol_class": "building", "pixel_x": 4662.0, "pixel_y": 3265.7, "easting": 469358.1, "northing": 226986.0, "epsg_source": 22391}}, {"type": "Feature", "geometry": {"type": "Point", "coordinates": [9.65708, 35.33687]}, "properties": {"record_id": "oai:u-bordeaux-montaigne.fr:340516", "symbol_class": "building", "pixel_x": 6682.4, "pixel_y": 3268.2, "easting": 477872.4, "northing": 226309.3, "epsg_source": 22391}}, {"type": "Feature", "geometry": {"type": "Point", "coordinates": [9.70585, 35.33386]}, "properties": {"record_id": "oai:u-bordeaux-montaigne.fr:340516", "symbol_class": "building", "pixel_x": 7733.8, "pixel_y": 3267.5, "easting": 482304.1, "northing": 225965.7, "epsg_source": 22391}}, {"type": "Feature", "geometry": {"type": "Point", "coordinates": [9.70434, 35.3339]}, "properties": {"record_id": "oai:u-bordeaux-montaigne.fr:340516", "symbol_class": "building", "pixel_x": 7701.4, "pixel_y": 3269.0, "easting": 482166.9, "northing": 225970.3, "epsg_source": 22391}}, {"type": "Feature", "geometry": {"type": "Point", "coordinates": [9.70149, 35.33389]}, "properties": {"record_id": "oai:u-bordeaux-montaigne.fr:340516", "symbol_class": "building", "pixel_x": 7640.1, "pixel_y": 3273.9, "easting": 481907.3, "northing": 225969.6, "epsg_source": 22391}}, {"type": "Feature", "geometry": {"type": "Point", "coordinates": [9.70324, 35.33388]}, "properties": {"record_id": "oai:u-bordeaux-montaigne.fr:340516", "symbol_class": "building", "pixel_x": 7677.7, "pixel_y": 3271.2, "easting": 482066.4, "northing": 225968.7, "epsg_source": 22391}}, {"type": "Feature", "geometry": {"type": "Point", "coordinates": [9.54157, 35.34371]}, "properties": {"record_id": "oai:u-bordeaux-montaigne.fr:340516", "symbol_class": "building", "pixel_x": 4192.6, "pixel_y": 3275.4, "easting": 467376.8, "northing": 227100.0, "epsg_source": 22391}}, {"type": "Feature", "geometry": {"type": "Point", "coordinates": [9.65656, 35.33666]}, "properties": {"record_id": "oai:u-bordeaux-montaigne.fr:340516", "symbol_class": "building", "pixel_x": 6671.6, "pixel_y": 3274.5, "easting": 477825.0, "northing": 226286.4, "epsg_source": 22391}}, {"type": "Feature", "geometry": {"type": "Point", "coordinates": [9.7173, 35.33282]}, "properties": {"record_id": "oai:u-bordeaux-montaigne.fr:340516", "symbol_class": "building", "pixel_x": 7981.2, "pixel_y": 3276.1, "easting": 483344.0, "northing": 225848.0, "epsg_source": 22391}}, {"type": "Feature", "geometry": {"type": "Point", "coordinates": [9.55829, 35.34271]}, "properties": {"record_id": "oai:u-bordeaux-montaigne.fr:340516", "symbol_class": "building", "pixel_x": 4553.0, "pixel_y": 3274.7, "easting": 468895.8, "northing": 226984.1, "epsg_source": 22391}}, {"type": "Feature", "geometry": {"type": "Point", "coordinates": [9.67944, 35.33496]}, "properties": {"record_id": "oai:u-bordeaux-montaigne.fr:340516", "symbol_class": "building", "pixel_x": 7165.4, "pixel_y": 3282.1, "easting": 479904.0, "northing": 226092.0, "epsg_source": 22391}}, {"type": "Feature", "geometry": {"type": "Point", "coordinates": [9.63335, 35.33784]}, "properties": {"record_id": "oai:u-bordeaux-montaigne.fr:340516", "symbol_class": "building", "pixel_x": 6171.6, "pixel_y": 3281.3, "easting": 475715.8, "northing": 226422.8, "epsg_source": 22391}}, {"type": "Feature", "geometry": {"type": "Point", "coordinates": [9.65709, 35.33642]}, "properties": {"record_id": "oai:u-bordeaux-montaigne.fr:340516", "symbol_class": "building", "pixel_x": 6683.3, "pixel_y": 3280.2, "easting": 477872.7, "northing": 226258.9, "epsg_source": 22391}}, {"type": "Feature", "geometry": {"type": "Point", "coordinates": [9.65649, 35.3363]}, "properties": {"record_id": "oai:u-bordeaux-montaigne.fr:340516", "symbol_class": "building", "pixel_x": 6670.6, "pixel_y": 3284.2, "easting": 477818.0, "northing": 226246.0, "epsg_source": 22391}}, {"type": "Feature", "geometry": {"type": "Point", "coordinates": [9.6955, 35.33392]}, "properties": {"record_id": "oai:u-bordeaux-montaigne.fr:340516", "symbol_class": "building", "pixel_x": 7511.6, "pixel_y": 3283.0, "easting": 481362.8, "northing": 225973.8, "epsg_source": 22391}}, {"type": "Feature", "geometry": {"type": "Point", "coordinates": [9.6581, 35.33616]}, "properties": {"record_id": "oai:u-bordeaux-montaigne.fr:340516", "symbol_class": "building", "pixel_x": 6705.6, "pixel_y": 3285.3, "easting": 477964.9, "northing": 226229.9, "epsg_source": 22391}}, {"type": "Feature", "geometry": {"type": "Point", "coordinates": [9.63168, 35.33779]}, "properties": {"record_id": "oai:u-bordeaux-montaigne.fr:340516", "symbol_class": "building", "pixel_x": 6136.0, "pixel_y": 3285.4, "easting": 475564.3, "northing": 226417.3, "epsg_source": 22391}}, {"type": "Feature", "geometry": {"type": "Point", "coordinates": [9.55241, 35.34271]}, "properties": {"record_id": "oai:u-bordeaux-montaigne.fr:340516", "symbol_class": "building", "pixel_x": 4426.9, "pixel_y": 3284.1, "easting": 468361.5, "northing": 226986.1, "epsg_source": 22391}}, {"type": "Feature", "geometry": {"type": "Point", "coordinates": [9.65717, 35.33608]}, "properties": {"record_id": "oai:u-bordeaux-montaigne.fr:340516", "symbol_class": "building", "pixel_x": 6685.8, "pixel_y": 3288.8, "easting": 477880.5, "northing": 226221.9, "epsg_source": 22391}}, {"type": "Feature", "geometry": {"type": "Point", "coordinates": [9.65615, 35.33601]}, "properties": {"record_id": "oai:u-bordeaux-montaigne.fr:340516", "symbol_class": "building", "pixel_x": 6664.1, "pixel_y": 3292.4, "easting": 477787.7, "northing": 226213.8, "epsg_source": 22391}}, {"type": "Feature", "geometry": {"type": "Point", "coordinates": [9.54874, 35.3427]}, "properties": {"record_id": "oai:u-bordeaux-montaigne.fr:340516", "symbol_class": "building", "pixel_x": 4348.3, "pixel_y": 3290.4, "easting": 468028.2, "northing": 226985.9, "epsg_source": 22391}}, {"type": "Feature", "geometry": {"type": "Point", "coordinates": [9.69101, 35.3339]}, "properties": {"record_id": "oai:u-bordeaux-montaigne.fr:340516", "symbol_class": "building", "pixel_x": 7415.5, "pixel_y": 3291.0, "easting": 480955.3, "northing": 225972.1, "epsg_source": 22391}}, {"type": "Feature", "geometry": {"type": "Point", "coordinates": [9.68095, 35.33448]}, "properties": {"record_id": "oai:u-bordeaux-montaigne.fr:340516", "symbol_class": "building", "pixel_x": 7198.7, "pixel_y": 3292.2, "easting": 480041.0, "northing": 226038.8, "epsg_source": 22391}}, {"type": "Feature", "geometry": {"type": "Point", "coordinates": [9.6331, 35.33732]}, "properties": {"record_id": "oai:u-bordeaux-montaigne.fr:340516", "symbol_class": "building", "pixel_x": 6167.3, "pixel_y": 3295.5, "easting": 475693.2, "northing": 226364.8, "epsg_source": 22391}}, {"type": "Feature", "geometry": {"type": "Point", "coordinates": [9.6327, 35.33732]}, "properties": {"record_id": "oai:u-bordeaux-montaigne.fr:340516", "symbol_class": "building", "pixel_x": 6158.6, "pixel_y": 3296.2, "easting": 475656.2, "northing": 226364.9, "epsg_source": 22391}}, {"type": "Feature", "geometry": {"type": "Point", "coordinates": [9.6317, 35.33732]}, "properties": {"record_id": "oai:u-bordeaux-montaigne.fr:340516", "symbol_class": "building", "pixel_x": 6137.2, "pixel_y": 3297.8, "easting": 475565.7, "northing": 226365.3, "epsg_source": 22391}}, {"type": "Feature", "geometry": {"type": "Point", "coordinates": [9.65677, 35.33586]}, "properties": {"record_id": "oai:u-bordeaux-montaigne.fr:340516", "symbol_class": "building", "pixel_x": 6677.6, "pixel_y": 3295.2, "easting": 477843.8, "northing": 226197.8, "epsg_source": 22391}}, {"type": "Feature", "geometry": {"type": "Point", "coordinates": [9.65559, 35.33588]}, "properties": {"record_id": "oai:u-bordeaux-montaigne.fr:340516", "symbol_class": "building", "pixel_x": 6652.3, "pixel_y": 3296.8, "easting": 477736.8, "northing": 226199.4, "epsg_source": 22391}}, {"type": "Feature", "geometry": {"type": "Point", "coordinates": [9.63206, 35.3372]}, "properties": {"record_id": "oai:u-bordeaux-montaigne.fr:340516", "symbol_class": "building", "pixel_x": 6145.2, "pixel_y": 3300.2, "easting": 475598.4, "northing": 226352.2, "epsg_source": 22391}}, {"type": "Feature", "geometry": {"type": "Point", "coordinates": [9.65772, 35.33564]}, "properties": {"record_id": "oai:u-bordeaux-montaigne.fr:340516", "symbol_class": "building", "pixel_x": 6698.3, "pixel_y": 3299.6, "easting": 477929.7, "northing": 226172.5, "epsg_source": 22391}}, {"type": "Feature", "geometry": {"type": "Point", "coordinates": [9.65804, 35.33568]}, "properties": {"record_id": "oai:u-bordeaux-montaigne.fr:340516", "symbol_class": "building", "pixel_x": 6705.2, "pixel_y": 3298.1, "easting": 477959.1, "northing": 226176.7, "epsg_source": 22391}}, {"type": "Feature", "geometry": {"type": "Point", "coordinates": [9.46786, 35.34721]}, "properties": {"record_id": "oai:u-bordeaux-montaigne.fr:340516", "symbol_class": "building", "pixel_x": 2605.6, "pixel_y": 3301.2, "easting": 460679.9, "northing": 227515.2, "epsg_source": 22391}}, {"type": "Feature", "geometry": {"type": "Point", "coordinates": [9.65705, 35.33557]}, "properties": {"record_id": "oai:u-bordeaux-montaigne.fr:340516", "symbol_class": "building", "pixel_x": 6684.2, "pixel_y": 3302.6, "easting": 477869.3, "northing": 226164.6, "epsg_source": 22391}}, {"type": "Feature", "geometry": {"type": "Point", "coordinates": [9.63263, 35.3369]}, "properties": {"record_id": "oai:u-bordeaux-montaigne.fr:340516", "symbol_class": "building", "pixel_x": 6157.9, "pixel_y": 3307.3, "easting": 475649.9, "northing": 226318.2, "epsg_source": 22391}}, {"type": "Feature", "geometry": {"type": "Point", "coordinates": [9.63205, 35.33686]}, "properties": {"record_id": "oai:u-bordeaux-montaigne.fr:340516", "symbol_class": "building", "pixel_x": 6145.7, "pixel_y": 3309.4, "easting": 475597.6, "northing": 226313.8, "epsg_source": 22391}}, {"type": "Feature", "geometry": {"type": "Point", "coordinates": [9.67487, 35.33389]}, "properties": {"record_id": "oai:u-bordeaux-montaigne.fr:340516", "symbol_class": "building", "pixel_x": 7069.4, "pixel_y": 3317.6, "easting": 479488.2, "northing": 225974.8, "epsg_source": 22391}}, {"type": "Feature", "geometry": {"type": "Point", "coordinates": [9.68324, 35.33311]}, "properties": {"record_id": "oai:u-bordeaux-montaigne.fr:340516", "symbol_class": "building", "pixel_x": 7250.3, "pixel_y": 3324.3, "easting": 480248.6, "northing": 225887.1, "epsg_source": 22391}}, {"type": "Feature", "geometry": {"type": "Point", "coordinates": [9.67002, 35.33389]}, "properties": {"record_id": "oai:u-bordeaux-montaigne.fr:340516", "symbol_class": "building", "pixel_x": 6965.4, "pixel_y": 3325.6, "easting": 479047.3, "northing": 225975.4, "epsg_source": 22391}}, {"type": "Feature", "geometry": {"type": "Point", "coordinates": [9.68393, 35.33258]}, "properties": {"record_id": "oai:u-bordeaux-montaigne.fr:340516", "symbol_class": "building", "pixel_x": 7266.2, "pixel_y": 3337.2, "easting": 480311.4, "northing": 225827.9, "epsg_source": 22391}}, {"type": "Feature", "geometry": {"type": "Point", "coordinates": [9.61285, 35.33705]}, "properties": {"record_id": "oai:u-bordeaux-montaigne.fr:340516", "symbol_class": "building", "pixel_x": 5733.6, "pixel_y": 3335.4, "easting": 473852.6, "northing": 226340.6, "epsg_source": 22391}}, {"type": "Feature", "geometry": {"type": "Point", "coordinates": [9.71607, 35.33055]}, "properties": {"record_id": "oai:u-bordeaux-montaigne.fr:340516", "symbol_class": "building", "pixel_x": 7959.1, "pixel_y": 3337.8, "easting": 483231.7, "northing": 225596.9, "epsg_source": 22391}}, {"type": "Feature", "geometry": {"type": "Point", "coordinates": [9.68464, 35.3321]}, "properties": {"record_id": "oai:u-bordeaux-montaigne.fr:340516", "symbol_class": "building", "pixel_x": 7282.4, "pixel_y": 3348.7, "easting": 480376.0, "northing": 225774.3, "epsg_source": 22391}}, {"type": "Feature", "geometry": {"type": "Point", "coordinates": [9.6854, 35.33174]}, "properties": {"record_id": "oai:u-bordeaux-montaigne.fr:340516", "symbol_class": "building", "pixel_x": 7299.3, "pixel_y": 3356.9, "easting": 480444.9, "northing": 225734.5, "epsg_source": 22391}}, {"type": "Feature", "geometry": {"type": "Point", "coordinates": [9.70246, 35.33036]}, "properties": {"record_id": "oai:u-bordeaux-montaigne.fr:340516", "symbol_class": "building", "pixel_x": 7667.7, "pixel_y": 3365.2, "easting": 481994.8, "northing": 225578.0, "epsg_source": 22391}}, {"type": "Feature", "geometry": {"type": "Point", "coordinates": [9.68616, 35.3314]}, "properties": {"record_id": "oai:u-bordeaux-montaigne.fr:340516", "symbol_class": "building", "pixel_x": 7316.2, "pixel_y": 3364.6, "easting": 480513.6, "northing": 225696.7, "epsg_source": 22391}}, {"type": "Feature", "geometry": {"type": "Point", "coordinates": [9.71442, 35.32965]}, "properties": {"record_id": "oai:u-bordeaux-montaigne.fr:340516", "symbol_class": "building", "pixel_x": 7925.5, "pixel_y": 3364.4, "easting": 483081.8, "northing": 225496.6, "epsg_source": 22391}}, {"type": "Feature", "geometry": {"type": "Point", "coordinates": [9.59544, 35.33664]}, "properties": {"record_id": "oai:u-bordeaux-montaigne.fr:340516", "symbol_class": "building", "pixel_x": 5360.9, "pixel_y": 3374.6, "easting": 472269.7, "northing": 226299.1, "epsg_source": 22391}}, {"type": "Feature", "geometry": {"type": "Point", "coordinates": [9.59445, 35.33654]}, "properties": {"record_id": "oai:u-bordeaux-montaigne.fr:340516", "symbol_class": "building", "pixel_x": 5340.0, "pixel_y": 3378.7, "easting": 472180.1, "northing": 226289.0, "epsg_source": 22391}}, {"type": "Feature", "geometry": {"type": "Point", "coordinates": [9.68685, 35.33085]}, "properties": {"record_id": "oai:u-bordeaux-montaigne.fr:340516", "symbol_class": "building", "pixel_x": 7332.1, "pixel_y": 3377.9, "easting": 480576.4, "northing": 225635.5, "epsg_source": 22391}}, {"type": "Feature", "geometry": {"type": "Point", "coordinates": [9.59379, 35.33648]}, "properties": {"record_id": "oai:u-bordeaux-montaigne.fr:340516", "symbol_class": "building", "pixel_x": 5325.9, "pixel_y": 3381.5, "easting": 472119.8, "northing": 226281.9, "epsg_source": 22391}}, {"type": "Feature", "geometry": {"type": "Point", "coordinates": [9.41175, 35.34751]}, "properties": {"record_id": "oai:u-bordeaux-montaigne.fr:340516", "symbol_class": "building", "pixel_x": 1402.0, "pixel_y": 3382.0, "easting": 455581.8, "northing": 227573.4, "epsg_source": 22391}}, {"type": "Feature", "geometry": {"type": "Point", "coordinates": [9.63942, 35.33348]}, "properties": {"record_id": "oai:u-bordeaux-montaigne.fr:340516", "symbol_class": "building", "pixel_x": 6310.0, "pixel_y": 3386.3, "easting": 476266.1, "northing": 225937.6, "epsg_source": 22391}}, {"type": "Feature", "geometry": {"type": "Point", "coordinates": [9.46713, 35.34404]}, "properties": {"record_id": "oai:u-bordeaux-montaigne.fr:340516", "symbol_class": "building", "pixel_x": 2595.7, "pixel_y": 3385.8, "easting": 460611.8, "northing": 227163.8, "epsg_source": 22391}}, {"type": "Feature", "geometry": {"type": "Point", "coordinates": [9.59593, 35.33609]}, "properties": {"record_id": "oai:u-bordeaux-montaigne.fr:340516", "symbol_class": "building", "pixel_x": 5372.4, "pixel_y": 3388.3, "easting": 472313.8, "northing": 226238.0, "epsg_source": 22391}}, {"type": "Feature", "geometry": {"type": "Point", "coordinates": [9.59537, 35.33611]}, "properties": {"record_id": "oai:u-bordeaux-montaigne.fr:340516", "symbol_class": "building", "pixel_x": 5360.5, "pixel_y": 3388.5, "easting": 472263.5, "northing": 226241.2, "epsg_source": 22391}}, {"type": "Feature", "geometry": {"type": "Point", "coordinates": [9.41116, 35.34727]}, "properties": {"record_id": "oai:u-bordeaux-montaigne.fr:340516", "symbol_class": "building", "pixel_x": 1389.7, "pixel_y": 3389.3, "easting": 455527.8, "northing": 227546.7, "epsg_source": 22391}}, {"type": "Feature", "geometry": {"type": "Point", "coordinates": [9.52748, 35.33989]}, "properties": {"record_id": "oai:u-bordeaux-montaigne.fr:340516", "symbol_class": "building", "pixel_x": 3897.6, "pixel_y": 3398.6, "easting": 466094.6, "northing": 226681.4, "epsg_source": 22391}}, {"type": "Feature", "geometry": {"type": "Point", "coordinates": [9.68707, 35.3302]}, "properties": {"record_id": "oai:u-bordeaux-montaigne.fr:340516", "symbol_class": "building", "pixel_x": 7338.1, "pixel_y": 3394.8, "easting": 480596.2, "northing": 225562.7, "epsg_source": 22391}}, {"type": "Feature", "geometry": {"type": "Point", "coordinates": [9.45629, 35.34424]}, "properties": {"record_id": "oai:u-bordeaux-montaigne.fr:340516", "symbol_class": "building", "pixel_x": 2362.9, "pixel_y": 3397.8, "easting": 459626.9, "northing": 227190.6, "epsg_source": 22391}}, {"type": "Feature", "geometry": {"type": "Point", "coordinates": [9.4893, 35.34227]}, "properties": {"record_id": "oai:u-bordeaux-montaigne.fr:340516", "symbol_class": "building", "pixel_x": 3074.5, "pixel_y": 3397.0, "easting": 462626.0, "northing": 226959.2, "epsg_source": 22391}}, {"type": "Feature", "geometry": {"type": "Point", "coordinates": [9.7291, 35.32752]}, "properties": {"record_id": "oai:u-bordeaux-montaigne.fr:340516", "symbol_class": "building", "pixel_x": 8244.4, "pixel_y": 3396.3, "easting": 484415.6, "northing": 225257.9, "epsg_source": 22391}}, {"type": "Feature", "geometry": {"type": "Point", "coordinates": [9.5959, 35.33575]}, "properties": {"record_id": "oai:u-bordeaux-montaigne.fr:340516", "symbol_class": "building", "pixel_x": 5372.4, "pixel_y": 3397.3, "easting": 472311.0, "northing": 226200.3, "epsg_source": 22391}}, {"type": "Feature", "geometry": {"type": "Point", "coordinates": [9.6135, 35.33457]}, "properties": {"record_id": "oai:u-bordeaux-montaigne.fr:340516", "symbol_class": "building", "pixel_x": 5752.1, "pixel_y": 3399.7, "easting": 473910.7, "northing": 226065.2, "epsg_source": 22391}}, {"type": "Feature", "geometry": {"type": "Point", "coordinates": [9.41193, 35.34678]}, "properties": {"record_id": "oai:u-bordeaux-montaigne.fr:340516", "symbol_class": "building", "pixel_x": 1407.0, "pixel_y": 3401.0, "easting": 455596.9, "northing": 227492.2, "epsg_source": 22391}}, {"type": "Feature", "geometry": {"type": "Point", "coordinates": [9.46649, 35.34347]}, "properties": {"record_id": "oai:u-bordeaux-montaigne.fr:340516", "symbol_class": "building", "pixel_x": 2583.2, "pixel_y": 3401.7, "easting": 460554.0, "northing": 227101.7, "epsg_source": 22391}}, {"type": "Feature", "geometry": {"type": "Point", "coordinates": [9.48315, 35.34223]}, "properties": {"record_id": "oai:u-bordeaux-montaigne.fr:340516", "symbol_class": "building", "pixel_x": 2942.6, "pixel_y": 3407.9, "easting": 462066.9, "northing": 226956.9, "epsg_source": 22391}}, {"type": "Feature", "geometry": {"type": "Point", "coordinates": [9.73061, 35.32699]}, "properties": {"record_id": "oai:u-bordeaux-montaigne.fr:340516", "symbol_class": "building", "pixel_x": 8277.8, "pixel_y": 3407.6, "easting": 484552.9, "northing": 225199.6, "epsg_source": 22391}}, {"type": "Feature", "geometry": {"type": "Point", "coordinates": [9.46605, 35.34314]}, "properties": {"record_id": "oai:u-bordeaux-montaigne.fr:340516", "symbol_class": "building", "pixel_x": 2574.3, "pixel_y": 3411.2, "easting": 460513.4, "northing": 227064.8, "epsg_source": 22391}}, {"type": "Feature", "geometry": {"type": "Point", "coordinates": [9.62165, 35.33382]}, "properties": {"record_id": "oai:u-bordeaux-montaigne.fr:340516", "symbol_class": "building", "pixel_x": 5928.3, "pixel_y": 3406.2, "easting": 474651.0, "northing": 225979.9, "epsg_source": 22391}}, {"type": "Feature", "geometry": {"type": "Point", "coordinates": [9.46672, 35.34309]}, "properties": {"record_id": "oai:u-bordeaux-montaigne.fr:340516", "symbol_class": "building", "pixel_x": 2588.8, "pixel_y": 3411.3, "easting": 460574.7, "northing": 227059.2, "epsg_source": 22391}}, {"type": "Feature", "geometry": {"type": "Point", "coordinates": [9.71341, 35.32776]}, "properties": {"record_id": "oai:u-bordeaux-montaigne.fr:340516", "symbol_class": "building", "pixel_x": 7907.4, "pixel_y": 3415.7, "easting": 482989.3, "northing": 225287.8, "epsg_source": 22391}}, {"type": "Feature", "geometry": {"type": "Point", "coordinates": [9.41179, 35.34639]}, "properties": {"record_id": "oai:u-bordeaux-montaigne.fr:340516", "symbol_class": "building", "pixel_x": 1404.9, "pixel_y": 3411.5, "easting": 455584.8, "northing": 227448.9, "epsg_source": 22391}}, {"type": "Feature", "geometry": {"type": "Point", "coordinates": [9.48934, 35.34165]}, "properties": {"record_id": "oai:u-bordeaux-montaigne.fr:340516", "symbol_class": "building", "pixel_x": 3076.4, "pixel_y": 3413.2, "easting": 462628.9, "northing": 226890.9, "epsg_source": 22391}}, {"type": "Feature", "geometry": {"type": "Point", "coordinates": [9.68725, 35.32927]}, "properties": {"record_id": "oai:u-bordeaux-montaigne.fr:340516", "symbol_class": "building", "pixel_x": 7343.7, "pixel_y": 3419.1, "easting": 480612.3, "northing": 225459.4, "epsg_source": 22391}}, {"type": "Feature", "geometry": {"type": "Point", "coordinates": [9.41304, 35.34611]}, "properties": {"record_id": "oai:u-bordeaux-montaigne.fr:340516", "symbol_class": "building", "pixel_x": 1432.1, "pixel_y": 3417.0, "easting": 455697.7, "northing": 227416.7, "epsg_source": 22391}}, {"type": "Feature", "geometry": {"type": "Point", "coordinates": [9.41165, 35.34612]}, "properties": {"record_id": "oai:u-bordeaux-montaigne.fr:340516", "symbol_class": "building", "pixel_x": 1402.3, "pixel_y": 3418.9, "easting": 455571.4, "northing": 227418.6, "epsg_source": 22391}}, {"type": "Feature", "geometry": {"type": "Point", "coordinates": [9.61352, 35.3338]}, "properties": {"record_id": "oai:u-bordeaux-montaigne.fr:340516", "symbol_class": "building", "pixel_x": 5754.1, "pixel_y": 3420.1, "easting": 473912.5, "northing": 225978.9, "epsg_source": 22391}}, {"type": "Feature", "geometry": {"type": "Point", "coordinates": [9.63605, 35.33221]}, "properties": {"record_id": "oai:u-bordeaux-montaigne.fr:340516", "symbol_class": "building", "pixel_x": 6240.2, "pixel_y": 3425.2, "easting": 475959.5, "northing": 225797.4, "epsg_source": 22391}}, {"type": "Feature", "geometry": {"type": "Point", "coordinates": [9.63691, 35.33223]}, "properties": {"record_id": "oai:u-bordeaux-montaigne.fr:340516", "symbol_class": "building", "pixel_x": 6258.5, "pixel_y": 3423.3, "easting": 476037.3, "northing": 225799.5, "epsg_source": 22391}}, {"type": "Feature", "geometry": {"type": "Point", "coordinates": [9.48939, 35.34129]}, "properties": {"record_id": "oai:u-bordeaux-montaigne.fr:340516", "symbol_class": "building", "pixel_x": 3078.1, "pixel_y": 3422.6, "easting": 462633.5, "northing": 226850.6, "epsg_source": 22391}}, {"type": "Feature", "geometry": {"type": "Point", "coordinates": [9.39006, 35.34709]}, "properties": {"record_id": "oai:u-bordeaux-montaigne.fr:340516", "symbol_class": "building", "pixel_x": 937.6, "pixel_y": 3427.2, "easting": 453610.5, "northing": 227537.0, "epsg_source": 22391}}, {"type": "Feature", "geometry": {"type": "Point", "coordinates": [9.41295, 35.34581]}, "properties": {"record_id": "oai:u-bordeaux-montaigne.fr:340516", "symbol_class": "building", "pixel_x": 1430.8, "pixel_y": 3425.0, "easting": 455689.7, "northing": 227383.8, "epsg_source": 22391}}, {"type": "Feature", "geometry": {"type": "Point", "coordinates": [9.56746, 35.33627]}, "properties": {"record_id": "oai:u-bordeaux-montaigne.fr:340516", "symbol_class": "building", "pixel_x": 4761.6, "pixel_y": 3429.6, "easting": 469726.5, "northing": 226266.6, "epsg_source": 22391}}, {"type": "Feature", "geometry": {"type": "Point", "coordinates": [9.61285, 35.33348]}, "properties": {"record_id": "oai:u-bordeaux-montaigne.fr:340516", "symbol_class": "building", "pixel_x": 5740.3, "pixel_y": 3429.5, "easting": 473851.3, "northing": 225944.5, "epsg_source": 22391}}, {"type": "Feature", "geometry": {"type": "Point", "coordinates": [9.71341, 35.32708]}, "properties": {"record_id": "oai:u-bordeaux-montaigne.fr:340516", "symbol_class": "building", "pixel_x": 7908.8, "pixel_y": 3433.7, "easting": 482989.7, "northing": 225211.8, "epsg_source": 22391}}, {"type": "Feature", "geometry": {"type": "Point", "coordinates": [9.46639, 35.34235]}, "properties": {"record_id": "oai:u-bordeaux-montaigne.fr:340516", "symbol_class": "building", "pixel_x": 2583.1, "pixel_y": 3431.3, "easting": 460544.5, "northing": 226977.5, "epsg_source": 22391}}, {"type": "Feature", "geometry": {"type": "Point", "coordinates": [9.46597, 35.34228]}, "properties": {"record_id": "oai:u-bordeaux-montaigne.fr:340516", "symbol_class": "building", "pixel_x": 2574.2, "pixel_y": 3433.9, "easting": 460505.8, "northing": 226969.5, "epsg_source": 22391}}, {"type": "Feature", "geometry": {"type": "Point", "coordinates": [9.61214, 35.33335]}, "properties": {"record_id": "oai:u-bordeaux-montaigne.fr:340516", "symbol_class": "building", "pixel_x": 5725.3, "pixel_y": 3434.2, "easting": 473786.9, "northing": 225929.4, "epsg_source": 22391}}, {"type": "Feature", "geometry": {"type": "Point", "coordinates": [9.4112, 35.34557]}, "properties": {"record_id": "oai:u-bordeaux-montaigne.fr:340516", "symbol_class": "building", "pixel_x": 1393.5, "pixel_y": 3434.0, "easting": 455529.9, "northing": 227358.4, "epsg_source": 22391}}, {"type": "Feature", "geometry": {"type": "Point", "coordinates": [9.41267, 35.34548]}, "properties": {"record_id": "oai:u-bordeaux-montaigne.fr:340516", "symbol_class": "building", "pixel_x": 1425.3, "pixel_y": 3434.2, "easting": 455663.8, "northing": 227346.9, "epsg_source": 22391}}, {"type": "Feature", "geometry": {"type": "Point", "coordinates": [9.56771, 35.33586]}, "properties": {"record_id": "oai:u-bordeaux-montaigne.fr:340516", "symbol_class": "building", "pixel_x": 4767.8, "pixel_y": 3439.8, "easting": 469749.4, "northing": 226221.6, "epsg_source": 22391}}, {"type": "Feature", "geometry": {"type": "Point", "coordinates": [9.68711, 35.32843]}, "properties": {"record_id": "oai:u-bordeaux-montaigne.fr:340516", "symbol_class": "building", "pixel_x": 7342.2, "pixel_y": 3441.3, "easting": 480599.3, "northing": 225366.6, "epsg_source": 22391}}, {"type": "Feature", "geometry": {"type": "Point", "coordinates": [9.71343, 35.32637]}, "properties": {"record_id": "oai:u-bordeaux-montaigne.fr:340516", "symbol_class": "building", "pixel_x": 7910.5, "pixel_y": 3452.3, "easting": 482991.0, "northing": 225133.5, "epsg_source": 22391}}, {"type": "Feature", "geometry": {"type": "Point", "coordinates": [9.67575, 35.32873]}, "properties": {"record_id": "oai:u-bordeaux-montaigne.fr:340516", "symbol_class": "building", "pixel_x": 7098.0, "pixel_y": 3452.0, "easting": 479566.6, "northing": 225402.4, "epsg_source": 22391}}, {"type": "Feature", "geometry": {"type": "Point", "coordinates": [9.67698, 35.32846]}, "properties": {"record_id": "oai:u-bordeaux-montaigne.fr:340516", "symbol_class": "building", "pixel_x": 7124.9, "pixel_y": 3457.1, "easting": 479678.5, "northing": 225372.3, "epsg_source": 22391}}, {"type": "Feature", "geometry": {"type": "Point", "coordinates": [9.67613, 35.32837]}, "properties": {"record_id": "oai:u-bordeaux-montaigne.fr:340516", "symbol_class": "building", "pixel_x": 7107.0, "pixel_y": 3461.0, "easting": 479601.7, "northing": 225361.8, "epsg_source": 22391}}, {"type": "Feature", "geometry": {"type": "Point", "coordinates": [9.56923, 35.3348]}, "properties": {"record_id": "oai:u-bordeaux-montaigne.fr:340516", "symbol_class": "building", "pixel_x": 4802.4, "pixel_y": 3465.5, "easting": 469887.4, "northing": 226102.6, "epsg_source": 22391}}, {"type": "Feature", "geometry": {"type": "Point", "coordinates": [9.57022, 35.33479]}, "properties": {"record_id": "oai:u-bordeaux-montaigne.fr:340516", "symbol_class": "building", "pixel_x": 4823.7, "pixel_y": 3464.2, "easting": 469977.3, "northing": 226101.2, "epsg_source": 22391}}, {"type": "Feature", "geometry": {"type": "Point", "coordinates": [9.58707, 35.33375]}, "properties": {"record_id": "oai:u-bordeaux-montaigne.fr:340516", "symbol_class": "building", "pixel_x": 5186.8, "pixel_y": 3464.3, "easting": 471507.8, "northing": 225980.8, "epsg_source": 22391}}, {"type": "Feature", "geometry": {"type": "Point", "coordinates": [9.68832, 35.32731]}, "properties": {"record_id": "oai:u-bordeaux-montaigne.fr:340516", "symbol_class": "building", "pixel_x": 7370.4, "pixel_y": 3468.8, "easting": 480709.3, "northing": 225242.2, "epsg_source": 22391}}, {"type": "Feature", "geometry": {"type": "Point", "coordinates": [9.72757, 35.32474]}, "properties": {"record_id": "oai:u-bordeaux-montaigne.fr:340516", "symbol_class": "building", "pixel_x": 8216.9, "pixel_y": 3471.9, "easting": 484276.0, "northing": 224950.4, "epsg_source": 22391}}, {"type": "Feature", "geometry": {"type": "Point", "coordinates": [9.56949, 35.33439]}, "properties": {"record_id": "oai:u-bordeaux-montaigne.fr:340516", "symbol_class": "building", "pixel_x": 4808.8, "pixel_y": 3475.9, "easting": 469910.9, "northing": 226057.2, "epsg_source": 22391}}, {"type": "Feature", "geometry": {"type": "Point", "coordinates": [9.56998, 35.3344]}, "properties": {"record_id": "oai:u-bordeaux-montaigne.fr:340516", "symbol_class": "building", "pixel_x": 4819.2, "pixel_y": 3474.8, "easting": 469955.2, "northing": 226058.1, "epsg_source": 22391}}, {"type": "Feature", "geometry": {"type": "Point", "coordinates": [9.67715, 35.32768]}, "properties": {"record_id": "oai:u-bordeaux-montaigne.fr:340516", "symbol_class": "building", "pixel_x": 7130.0, "pixel_y": 3477.3, "easting": 479693.6, "northing": 225285.8, "epsg_source": 22391}}, {"type": "Feature", "geometry": {"type": "Point", "coordinates": [9.72437, 35.32477]}, "properties": {"record_id": "oai:u-bordeaux-montaigne.fr:340516", "symbol_class": "building", "pixel_x": 8148.3, "pixel_y": 3476.5, "easting": 483985.7, "northing": 224953.5, "epsg_source": 22391}}, {"type": "Feature", "geometry": {"type": "Point", "coordinates": [9.57988, 35.33373]}, "properties": {"record_id": "oai:u-bordeaux-montaigne.fr:340516", "symbol_class": "building", "pixel_x": 5032.9, "pixel_y": 3476.5, "easting": 470855.1, "northing": 225980.7, "epsg_source": 22391}}, {"type": "Feature", "geometry": {"type": "Point", "coordinates": [9.72371, 35.32478]}, "properties": {"record_id": "oai:u-bordeaux-montaigne.fr:340516", "symbol_class": "building", "pixel_x": 8134.1, "pixel_y": 3477.1, "easting": 483925.6, "northing": 224955.8, "epsg_source": 22391}}, {"type": "Feature", "geometry": {"type": "Point", "coordinates": [9.61055, 35.33149]}, "properties": {"record_id": "oai:u-bordeaux-montaigne.fr:340516", "symbol_class": "building", "pixel_x": 5694.7, "pixel_y": 3485.6, "easting": 473641.8, "northing": 225724.2, "epsg_source": 22391}}, {"type": "Feature", "geometry": {"type": "Point", "coordinates": [9.71457, 35.32478]}, "properties": {"record_id": "oai:u-bordeaux-montaigne.fr:340516", "symbol_class": "building", "pixel_x": 7938.1, "pixel_y": 3492.2, "easting": 483094.6, "northing": 224957.3, "epsg_source": 22391}}, {"type": "Feature", "geometry": {"type": "Point", "coordinates": [9.67718, 35.32708]}, "properties": {"record_id": "oai:u-bordeaux-montaigne.fr:340516", "symbol_class": "building", "pixel_x": 7131.8, "pixel_y": 3493.1, "easting": 479696.0, "northing": 225219.1, "epsg_source": 22391}}, {"type": "Feature", "geometry": {"type": "Point", "coordinates": [9.68952, 35.32623]}, "properties": {"record_id": "oai:u-bordeaux-montaigne.fr:340516", "symbol_class": "building", "pixel_x": 7398.1, "pixel_y": 3495.4, "easting": 480818.0, "northing": 225121.7, "epsg_source": 22391}}, {"type": "Feature", "geometry": {"type": "Point", "coordinates": [9.6787, 35.32677]}, "properties": {"record_id": "oai:u-bordeaux-montaigne.fr:340516", "symbol_class": "building", "pixel_x": 7165.0, "pixel_y": 3498.9, "easting": 479834.1, "northing": 225184.0, "epsg_source": 22391}}, {"type": "Feature", "geometry": {"type": "Point", "coordinates": [9.68964, 35.32583]}, "properties": {"record_id": "oai:u-bordeaux-montaigne.fr:340516", "symbol_class": "building", "pixel_x": 7401.5, "pixel_y": 3505.5, "easting": 480829.0, "northing": 225078.3, "epsg_source": 22391}}, {"type": "Feature", "geometry": {"type": "Point", "coordinates": [9.70245, 35.32495]}, "properties": {"record_id": "oai:u-bordeaux-montaigne.fr:340516", "symbol_class": "building", "pixel_x": 7677.9, "pixel_y": 3507.8, "easting": 481993.0, "northing": 224977.7, "epsg_source": 22391}}, {"type": "Feature", "geometry": {"type": "Point", "coordinates": [9.70651, 35.32481]}, "properties": {"record_id": "oai:u-bordeaux-montaigne.fr:340516", "symbol_class": "building", "pixel_x": 7765.2, "pixel_y": 3504.8, "easting": 482362.0, "northing": 224961.2, "epsg_source": 22391}}, {"type": "Feature", "geometry": {"type": "Point", "coordinates": [9.67872, 35.32641]}, "properties": {"record_id": "oai:u-bordeaux-montaigne.fr:340516", "symbol_class": "building", "pixel_x": 7166.1, "pixel_y": 3508.1, "easting": 479835.9, "northing": 225144.9, "epsg_source": 22391}}, {"type": "Feature", "geometry": {"type": "Point", "coordinates": [9.7034, 35.32484]}, "properties": {"record_id": "oai:u-bordeaux-montaigne.fr:340516", "symbol_class": "building", "pixel_x": 7698.4, "pixel_y": 3509.0, "easting": 482079.3, "northing": 224965.7, "epsg_source": 22391}}, {"type": "Feature", "geometry": {"type": "Point", "coordinates": [9.39562, 35.34328]}, "properties": {"record_id": "oai:u-bordeaux-montaigne.fr:340516", "symbol_class": "building", "pixel_x": 1063.7, "pixel_y": 3519.0, "easting": 454113.1, "northing": 227110.9, "epsg_source": 22391}}, {"type": "Feature", "geometry": {"type": "Point", "coordinates": [9.67815, 35.32607]}, "properties": {"record_id": "oai:u-bordeaux-montaigne.fr:340516", "symbol_class": "building", "pixel_x": 7154.7, "pixel_y": 3518.2, "easting": 479784.7, "northing": 225106.5, "epsg_source": 22391}}, {"type": "Feature", "geometry": {"type": "Point", "coordinates": [9.67812, 35.32577]}, "properties": {"record_id": "oai:u-bordeaux-montaigne.fr:340516", "symbol_class": "building", "pixel_x": 7154.5, "pixel_y": 3526.0, "easting": 479781.6, "northing": 225073.8, "epsg_source": 22391}}, {"type": "Feature", "geometry": {"type": "Point", "coordinates": [9.65306, 35.32731]}, "properties": {"record_id": "oai:u-bordeaux-montaigne.fr:340516", "symbol_class": "building", "pixel_x": 6614.2, "pixel_y": 3526.5, "easting": 477504.3, "northing": 225249.9, "epsg_source": 22391}}, {"type": "Feature", "geometry": {"type": "Point", "coordinates": [9.6792, 35.32572]}, "properties": {"record_id": "oai:u-bordeaux-montaigne.fr:340516", "symbol_class": "building", "pixel_x": 7177.8, "pixel_y": 3525.6, "easting": 479879.8, "northing": 225067.6, "epsg_source": 22391}}, {"type": "Feature", "geometry": {"type": "Point", "coordinates": [9.69223, 35.32488]}, "properties": {"record_id": "oai:u-bordeaux-montaigne.fr:340516", "symbol_class": "building", "pixel_x": 7458.8, "pixel_y": 3526.3, "easting": 481063.9, "northing": 224972.1, "epsg_source": 22391}}, {"type": "Feature", "geometry": {"type": "Point", "coordinates": [9.69025, 35.32504]}, "properties": {"record_id": "oai:u-bordeaux-montaigne.fr:340516", "symbol_class": "building", "pixel_x": 7415.9, "pixel_y": 3525.5, "easting": 480883.5, "northing": 224989.6, "epsg_source": 22391}}, {"type": "Feature", "geometry": {"type": "Point", "coordinates": [9.69272, 35.32487]}, "properties": {"record_id": "oai:u-bordeaux-montaigne.fr:340516", "symbol_class": "building", "pixel_x": 7469.3, "pixel_y": 3525.8, "easting": 481108.3, "northing": 224970.9, "epsg_source": 22391}}, {"type": "Feature", "geometry": {"type": "Point", "coordinates": [9.65127, 35.32739]}, "properties": {"record_id": "oai:u-bordeaux-montaigne.fr:340516", "symbol_class": "building", "pixel_x": 6575.6, "pixel_y": 3527.4, "easting": 477341.3, "northing": 225258.7, "epsg_source": 22391}}, {"type": "Feature", "geometry": {"type": "Point", "coordinates": [9.65211, 35.32733]}, "properties": {"record_id": "oai:u-bordeaux-montaigne.fr:340516", "symbol_class": "building", "pixel_x": 6593.9, "pixel_y": 3527.6, "easting": 477418.1, "northing": 225252.2, "epsg_source": 22391}}, {"type": "Feature", "geometry": {"type": "Point", "coordinates": [9.55855, 35.33287]}, "properties": {"record_id": "oai:u-bordeaux-montaigne.fr:340516", "symbol_class": "building", "pixel_x": 4577.0, "pixel_y": 3533.4, "easting": 468915.8, "northing": 225892.4, "epsg_source": 22391}}, {"type": "Feature", "geometry": {"type": "Point", "coordinates": [9.55781, 35.33288]}, "properties": {"record_id": "oai:u-bordeaux-montaigne.fr:340516", "symbol_class": "building", "pixel_x": 4561.1, "pixel_y": 3534.4, "easting": 468848.4, "northing": 225893.4, "epsg_source": 22391}}, {"type": "Feature", "geometry": {"type": "Point", "coordinates": [9.68407, 35.32488]}, "properties": {"record_id": "oai:u-bordeaux-montaigne.fr:340516", "symbol_class": "building", "pixel_x": 7283.8, "pixel_y": 3539.8, "easting": 480322.3, "northing": 224973.5, "epsg_source": 22391}}, {"type": "Feature", "geometry": {"type": "Point", "coordinates": [9.67896, 35.32489]}, "properties": {"record_id": "oai:u-bordeaux-montaigne.fr:340516", "symbol_class": "building", "pixel_x": 7174.2, "pixel_y": 3548.0, "easting": 479857.7, "northing": 224975.3, "epsg_source": 22391}}, {"type": "Feature", "geometry": {"type": "Point", "coordinates": [9.68104, 35.32487]}, "properties": {"record_id": "oai:u-bordeaux-montaigne.fr:340516", "symbol_class": "building", "pixel_x": 7218.8, "pixel_y": 3545.0, "easting": 480046.7, "northing": 224973.2, "epsg_source": 22391}}, {"type": "Feature", "geometry": {"type": "Point", "coordinates": [9.65142, 35.3263]}, "properties": {"record_id": "oai:u-bordeaux-montaigne.fr:340516", "symbol_class": "building", "pixel_x": 6580.9, "pixel_y": 3555.7, "easting": 477354.8, "northing": 225138.4, "epsg_source": 22391}}, {"type": "Feature", "geometry": {"type": "Point", "coordinates": [9.51046, 35.33481]}, "properties": {"record_id": "oai:u-bordeaux-montaigne.fr:340516", "symbol_class": "building", "pixel_x": 3542.0, "pixel_y": 3559.5, "easting": 464545.6, "northing": 226124.4, "epsg_source": 22391}}, {"type": "Feature", "geometry": {"type": "Point", "coordinates": [9.67007, 35.32487]}, "properties": {"record_id": "oai:u-bordeaux-montaigne.fr:340516", "symbol_class": "building", "pixel_x": 6983.6, "pixel_y": 3563.0, "easting": 479049.8, "northing": 224975.1, "epsg_source": 22391}}, {"type": "Feature", "geometry": {"type": "Point", "coordinates": [9.65203, 35.32588]}, "properties": {"record_id": "oai:u-bordeaux-montaigne.fr:340516", "symbol_class": "building", "pixel_x": 6594.7, "pixel_y": 3566.0, "easting": 477409.8, "northing": 225091.0, "epsg_source": 22391}}, {"type": "Feature", "geometry": {"type": "Point", "coordinates": [9.55644, 35.33155]}, "properties": {"record_id": "oai:u-bordeaux-montaigne.fr:340516", "symbol_class": "building", "pixel_x": 4534.2, "pixel_y": 3571.5, "easting": 468723.7, "northing": 225747.1, "epsg_source": 22391}}, {"type": "Feature", "geometry": {"type": "Point", "coordinates": [9.66554, 35.32491]}, "properties": {"record_id": "oai:u-bordeaux-montaigne.fr:340516", "symbol_class": "building", "pixel_x": 6886.3, "pixel_y": 3569.4, "easting": 478637.8, "northing": 224980.4, "epsg_source": 22391}}, {"type": "Feature", "geometry": {"type": "Point", "coordinates": [9.72435, 35.32101]}, "properties": {"record_id": "oai:u-bordeaux-montaigne.fr:340516", "symbol_class": "building", "pixel_x": 8155.0, "pixel_y": 3575.5, "easting": 483982.8, "northing": 224536.6, "epsg_source": 22391}}, {"type": "Feature", "geometry": {"type": "Point", "coordinates": [9.65334, 35.32553]}, "properties": {"record_id": "oai:u-bordeaux-montaigne.fr:340516", "symbol_class": "building", "pixel_x": 6623.6, "pixel_y": 3572.9, "easting": 477529.4, "northing": 225052.2, "epsg_source": 22391}}, {"type": "Feature", "geometry": {"type": "Point", "coordinates": [9.40643, 35.3404]}, "properties": {"record_id": "oai:u-bordeaux-montaigne.fr:340516", "symbol_class": "building", "pixel_x": 1300.8, "pixel_y": 3577.6, "easting": 455094.0, "northing": 226787.3, "epsg_source": 22391}}, {"type": "Feature", "geometry": {"type": "Point", "coordinates": [9.40602, 35.34036]}, "properties": {"record_id": "oai:u-bordeaux-montaigne.fr:340516", "symbol_class": "building", "pixel_x": 1292.0, "pixel_y": 3579.5, "easting": 455056.3, "northing": 226782.4, "epsg_source": 22391}}, {"type": "Feature", "geometry": {"type": "Point", "coordinates": [9.62812, 35.32631]}, "properties": {"record_id": "oai:u-bordeaux-montaigne.fr:340516", "symbol_class": "building", "pixel_x": 6081.2, "pixel_y": 3593.6, "easting": 475236.8, "northing": 225144.7, "epsg_source": 22391}}, {"type": "Feature", "geometry": {"type": "Point", "coordinates": [9.40452, 35.34007]}, "properties": {"record_id": "oai:u-bordeaux-montaigne.fr:340516", "symbol_class": "building", "pixel_x": 1260.3, "pixel_y": 3589.3, "easting": 454919.9, "northing": 226751.6, "epsg_source": 22391}}, {"type": "Feature", "geometry": {"type": "Point", "coordinates": [9.61135, 35.3274]}, "properties": {"record_id": "oai:u-bordeaux-montaigne.fr:340516", "symbol_class": "building", "pixel_x": 5719.6, "pixel_y": 3592.0, "easting": 473713.2, "northing": 225270.4, "epsg_source": 22391}}, {"type": "Feature", "geometry": {"type": "Point", "coordinates": [9.40599, 35.3398]}, "properties": {"record_id": "oai:u-bordeaux-montaigne.fr:340516", "symbol_class": "building", "pixel_x": 1292.5, "pixel_y": 3594.3, "easting": 455054.0, "northing": 226720.4, "epsg_source": 22391}}, {"type": "Feature", "geometry": {"type": "Point", "coordinates": [9.65162, 35.32486]}, "properties": {"record_id": "oai:u-bordeaux-montaigne.fr:340516", "symbol_class": "building", "pixel_x": 6587.8, "pixel_y": 3593.3, "easting": 477372.2, "northing": 224978.8, "epsg_source": 22391}}, {"type": "Feature", "geometry": {"type": "Point", "coordinates": [9.40444, 35.33964]}, "properties": {"record_id": "oai:u-bordeaux-montaigne.fr:340516", "symbol_class": "building", "pixel_x": 1259.6, "pixel_y": 3600.9, "easting": 454913.0, "northing": 226703.6, "epsg_source": 22391}}, {"type": "Feature", "geometry": {"type": "Point", "coordinates": [9.62702, 35.32609]}, "properties": {"record_id": "oai:u-bordeaux-montaigne.fr:340516", "symbol_class": "building", "pixel_x": 6058.0, "pixel_y": 3601.1, "easting": 475136.8, "northing": 225120.7, "epsg_source": 22391}}, {"type": "Feature", "geometry": {"type": "Point", "coordinates": [9.70244, 35.32115]}, "properties": {"record_id": "oai:u-bordeaux-montaigne.fr:340516", "symbol_class": "building", "pixel_x": 7684.7, "pixel_y": 3607.8, "easting": 481990.7, "northing": 224556.4, "epsg_source": 22391}}, {"type": "Feature", "geometry": {"type": "Point", "coordinates": [9.40348, 35.33941]}, "properties": {"record_id": "oai:u-bordeaux-montaigne.fr:340516", "symbol_class": "building", "pixel_x": 1239.4, "pixel_y": 3608.6, "easting": 454825.7, "northing": 226677.8, "epsg_source": 22391}}, {"type": "Feature", "geometry": {"type": "Point", "coordinates": [9.58099, 35.32857]}, "properties": {"record_id": "oai:u-bordeaux-montaigne.fr:340516", "symbol_class": "building", "pixel_x": 5066.3, "pixel_y": 3610.5, "easting": 470954.0, "northing": 225408.5, "epsg_source": 22391}}, {"type": "Feature", "geometry": {"type": "Point", "coordinates": [9.62794, 35.32572]}, "properties": {"record_id": "oai:u-bordeaux-montaigne.fr:340516", "symbol_class": "building", "pixel_x": 6078.4, "pixel_y": 3609.2, "easting": 475220.3, "northing": 225080.0, "epsg_source": 22391}}, {"type": "Feature", "geometry": {"type": "Point", "coordinates": [9.4594, 35.33579]}, "properties": {"record_id": "oai:u-bordeaux-montaigne.fr:340516", "symbol_class": "building", "pixel_x": 2445.2, "pixel_y": 3615.3, "easting": 459905.6, "northing": 226252.4, "epsg_source": 22391}}, {"type": "Feature", "geometry": {"type": "Point", "coordinates": [9.4031, 35.33924]}, "properties": {"record_id": "oai:u-bordeaux-montaigne.fr:340516", "symbol_class": "building", "pixel_x": 1231.5, "pixel_y": 3613.5, "easting": 454790.6, "northing": 226660.0, "epsg_source": 22391}}, {"type": "Feature", "geometry": {"type": "Point", "coordinates": [9.63905, 35.32488]}, "properties": {"record_id": "oai:u-bordeaux-montaigne.fr:340516", "symbol_class": "building", "pixel_x": 6318.3, "pixel_y": 3613.4, "easting": 476230.1, "northing": 224983.4, "epsg_source": 22391}}, {"type": "Feature", "geometry": {"type": "Point", "coordinates": [9.40446, 35.33915]}, "properties": {"record_id": "oai:u-bordeaux-montaigne.fr:340516", "symbol_class": "building", "pixel_x": 1260.7, "pixel_y": 3613.7, "easting": 454913.8, "northing": 226649.3, "epsg_source": 22391}}, {"type": "Feature", "geometry": {"type": "Point", "coordinates": [9.40524, 35.33892]}, "properties": {"record_id": "oai:u-bordeaux-montaigne.fr:340516", "symbol_class": "building", "pixel_x": 1278.0, "pixel_y": 3618.7, "easting": 454985.1, "northing": 226622.9, "epsg_source": 22391}}, {"type": "Feature", "geometry": {"type": "Point", "coordinates": [9.5823, 35.32822]}, "properties": {"record_id": "oai:u-bordeaux-montaigne.fr:340516", "symbol_class": "building", "pixel_x": 5095.0, "pixel_y": 3617.6, "easting": 471072.9, "northing": 225369.0, "epsg_source": 22391}}, {"type": "Feature", "geometry": {"type": "Point", "coordinates": [9.62797, 35.32544]}, "properties": {"record_id": "oai:u-bordeaux-montaigne.fr:340516", "symbol_class": "building", "pixel_x": 6079.6, "pixel_y": 3616.6, "easting": 475223.0, "northing": 225048.5, "epsg_source": 22391}}, {"type": "Feature", "geometry": {"type": "Point", "coordinates": [9.40313, 35.33884]}, "properties": {"record_id": "oai:u-bordeaux-montaigne.fr:340516", "symbol_class": "building", "pixel_x": 1233.0, "pixel_y": 3624.1, "easting": 454793.5, "northing": 226614.9, "epsg_source": 22391}}, {"type": "Feature", "geometry": {"type": "Point", "coordinates": [9.61146, 35.32628]}, "properties": {"record_id": "oai:u-bordeaux-montaigne.fr:340516", "symbol_class": "building", "pixel_x": 5724.1, "pixel_y": 3621.5, "easting": 473722.8, "northing": 225145.5, "epsg_source": 22391}}, {"type": "Feature", "geometry": {"type": "Point", "coordinates": [9.40407, 35.33866]}, "properties": {"record_id": "oai:u-bordeaux-montaigne.fr:340516", "symbol_class": "building", "pixel_x": 1253.3, "pixel_y": 3627.2, "easting": 454878.3, "northing": 226595.2, "epsg_source": 22391}}, {"type": "Feature", "geometry": {"type": "Point", "coordinates": [9.70242, 35.32038]}, "properties": {"record_id": "oai:u-bordeaux-montaigne.fr:340516", "symbol_class": "building", "pixel_x": 7686.0, "pixel_y": 3628.1, "easting": 481989.5, "northing": 224470.8, "epsg_source": 22391}}, {"type": "Feature", "geometry": {"type": "Point", "coordinates": [9.63044, 35.32489]}, "properties": {"record_id": "oai:u-bordeaux-montaigne.fr:340516", "symbol_class": "building", "pixel_x": 6133.6, "pixel_y": 3627.1, "easting": 475447.0, "northing": 224986.8, "epsg_source": 22391}}, {"type": "Feature", "geometry": {"type": "Point", "coordinates": [9.62903, 35.32487]}, "properties": {"record_id": "oai:u-bordeaux-montaigne.fr:340516", "symbol_class": "building", "pixel_x": 6103.5, "pixel_y": 3629.9, "easting": 475319.4, "northing": 224985.1, "epsg_source": 22391}}, {"type": "Feature", "geometry": {"type": "Point", "coordinates": [9.62564, 35.32486]}, "properties": {"record_id": "oai:u-bordeaux-montaigne.fr:340516", "symbol_class": "building", "pixel_x": 6030.8, "pixel_y": 3635.8, "easting": 475011.4, "northing": 224984.5, "epsg_source": 22391}}, {"type": "Feature", "geometry": {"type": "Point", "coordinates": [9.53198, 35.33054]}, "properties": {"record_id": "oai:u-bordeaux-montaigne.fr:340516", "symbol_class": "building", "pixel_x": 4011.4, "pixel_y": 3637.6, "easting": 466499.6, "northing": 225642.6, "epsg_source": 22391}}, {"type": "Feature", "geometry": {"type": "Point", "coordinates": [9.61854, 35.32485]}, "properties": {"record_id": "oai:u-bordeaux-montaigne.fr:340516", "symbol_class": "building", "pixel_x": 5878.5, "pixel_y": 3647.6, "easting": 474365.6, "northing": 224985.2, "epsg_source": 22391}}, {"type": "Feature", "geometry": {"type": "Point", "coordinates": [9.61783, 35.32484]}, "properties": {"record_id": "oai:u-bordeaux-montaigne.fr:340516", "symbol_class": "building", "pixel_x": 5863.3, "pixel_y": 3649.0, "easting": 474300.9, "northing": 224984.1, "epsg_source": 22391}}, {"type": "Feature", "geometry": {"type": "Point", "coordinates": [9.40387, 35.33784]}, "properties": {"record_id": "oai:u-bordeaux-montaigne.fr:340516", "symbol_class": "building", "pixel_x": 1250.5, "pixel_y": 3649.2, "easting": 454859.8, "northing": 226504.3, "epsg_source": 22391}}, {"type": "Feature", "geometry": {"type": "Point", "coordinates": [9.71342, 35.31871]}, "properties": {"record_id": "oai:u-bordeaux-montaigne.fr:340516", "symbol_class": "building", "pixel_x": 7925.0, "pixel_y": 3653.9, "easting": 482988.8, "northing": 224284.3, "epsg_source": 22391}}, {"type": "Feature", "geometry": {"type": "Point", "coordinates": [9.40389, 35.33745]}, "properties": {"record_id": "oai:u-bordeaux-montaigne.fr:340516", "symbol_class": "building", "pixel_x": 1251.8, "pixel_y": 3659.5, "easting": 454861.8, "northing": 226460.4, "epsg_source": 22391}}, {"type": "Feature", "geometry": {"type": "Point", "coordinates": [9.40359, 35.33738]}, "properties": {"record_id": "oai:u-bordeaux-montaigne.fr:340516", "symbol_class": "building", "pixel_x": 1245.4, "pixel_y": 3661.9, "easting": 454834.0, "northing": 226452.8, "epsg_source": 22391}}, {"type": "Feature", "geometry": {"type": "Point", "coordinates": [9.57698, 35.32685]}, "properties": {"record_id": "oai:u-bordeaux-montaigne.fr:340516", "symbol_class": "building", "pixel_x": 4983.5, "pixel_y": 3662.1, "easting": 470588.9, "northing": 225219.3, "epsg_source": 22391}}, {"type": "Feature", "geometry": {"type": "Point", "coordinates": [9.67299, 35.32077]}, "properties": {"record_id": "oai:u-bordeaux-montaigne.fr:340516", "symbol_class": "building", "pixel_x": 7053.9, "pixel_y": 3666.1, "easting": 479313.9, "northing": 224520.0, "epsg_source": 22391}}, {"type": "Feature", "geometry": {"type": "Point", "coordinates": [9.48165, 35.33237]}, "properties": {"record_id": "oai:u-bordeaux-montaigne.fr:340516", "symbol_class": "building", "pixel_x": 2928.8, "pixel_y": 3670.0, "easting": 461926.5, "northing": 225863.7, "epsg_source": 22391}}, {"type": "Feature", "geometry": {"type": "Point", "coordinates": [9.60495, 35.32486]}, "properties": {"record_id": "oai:u-bordeaux-montaigne.fr:340516", "symbol_class": "building", "pixel_x": 5587.1, "pixel_y": 3669.4, "easting": 473130.5, "northing": 224989.8, "epsg_source": 22391}}, {"type": "Feature", "geometry": {"type": "Point", "coordinates": [9.60421, 35.32486]}, "properties": {"record_id": "oai:u-bordeaux-montaigne.fr:340516", "symbol_class": "building", "pixel_x": 5571.1, "pixel_y": 3670.6, "easting": 473062.9, "northing": 224990.3, "epsg_source": 22391}}, {"type": "Feature", "geometry": {"type": "Point", "coordinates": [9.48435, 35.3321]}, "properties": {"record_id": "oai:u-bordeaux-montaigne.fr:340516", "symbol_class": "building", "pixel_x": 2987.0, "pixel_y": 3672.8, "easting": 462171.0, "northing": 225832.9, "epsg_source": 22391}}, {"type": "Feature", "geometry": {"type": "Point", "coordinates": [9.60383, 35.32483]}, "properties": {"record_id": "oai:u-bordeaux-montaigne.fr:340516", "symbol_class": "building", "pixel_x": 5563.0, "pixel_y": 3671.8, "easting": 473028.2, "northing": 224987.6, "epsg_source": 22391}}, {"type": "Feature", "geometry": {"type": "Point", "coordinates": [9.68741, 35.31954]}, "properties": {"record_id": "oai:u-bordeaux-montaigne.fr:340516", "symbol_class": "building", "pixel_x": 7365.6, "pixel_y": 3674.9, "easting": 480624.6, "northing": 224380.4, "epsg_source": 22391}}, {"type": "Feature", "geometry": {"type": "Point", "coordinates": [9.60145, 35.32485]}, "properties": {"record_id": "oai:u-bordeaux-montaigne.fr:340516", "symbol_class": "building", "pixel_x": 5512.1, "pixel_y": 3675.3, "easting": 472812.4, "northing": 224990.0, "epsg_source": 22391}}, {"type": "Feature", "geometry": {"type": "Point", "coordinates": [9.67312, 35.32003]}, "properties": {"record_id": "oai:u-bordeaux-montaigne.fr:340516", "symbol_class": "building", "pixel_x": 7058.2, "pixel_y": 3685.4, "easting": 479325.7, "northing": 224438.0, "epsg_source": 22391}}, {"type": "Feature", "geometry": {"type": "Point", "coordinates": [9.57775, 35.32561]}, "properties": {"record_id": "oai:u-bordeaux-montaigne.fr:340516", "symbol_class": "building", "pixel_x": 5002.2, "pixel_y": 3693.7, "easting": 470657.7, "northing": 225081.0, "epsg_source": 22391}}, {"type": "Feature", "geometry": {"type": "Point", "coordinates": [9.59327, 35.32482]}, "properties": {"record_id": "oai:u-bordeaux-montaigne.fr:340516", "symbol_class": "building", "pixel_x": 5336.7, "pixel_y": 3689.2, "easting": 472068.8, "northing": 224989.4, "epsg_source": 22391}}, {"type": "Feature", "geometry": {"type": "Point", "coordinates": [9.59231, 35.32479]}, "properties": {"record_id": "oai:u-bordeaux-montaigne.fr:340516", "symbol_class": "building", "pixel_x": 5316.1, "pixel_y": 3691.6, "easting": 471981.4, "northing": 224986.3, "epsg_source": 22391}}, {"type": "Feature", "geometry": {"type": "Point", "coordinates": [9.59174, 35.32481]}, "properties": {"record_id": "oai:u-bordeaux-montaigne.fr:340516", "symbol_class": "building", "pixel_x": 5303.8, "pixel_y": 3692.0, "easting": 471929.5, "northing": 224988.4, "epsg_source": 22391}}, {"type": "Feature", "geometry": {"type": "Point", "coordinates": [9.4044, 35.33593]}, "properties": {"record_id": "oai:u-bordeaux-montaigne.fr:340516", "symbol_class": "building", "pixel_x": 1265.4, "pixel_y": 3698.8, "easting": 454906.8, "northing": 226291.6, "epsg_source": 22391}}, {"type": "Feature", "geometry": {"type": "Point", "coordinates": [9.48391, 35.33116]}, "properties": {"record_id": "oai:u-bordeaux-montaigne.fr:340516", "symbol_class": "building", "pixel_x": 2979.3, "pixel_y": 3698.1, "easting": 462130.7, "northing": 225729.3, "epsg_source": 22391}}, {"type": "Feature", "geometry": {"type": "Point", "coordinates": [9.57818, 35.32546]}, "properties": {"record_id": "oai:u-bordeaux-montaigne.fr:340516", "symbol_class": "building", "pixel_x": 5011.9, "pixel_y": 3696.9, "easting": 470697.5, "northing": 225064.1, "epsg_source": 22391}}, {"type": "Feature", "geometry": {"type": "Point", "coordinates": [9.70241, 35.3175]}, "properties": {"record_id": "oai:u-bordeaux-montaigne.fr:340516", "symbol_class": "building", "pixel_x": 7691.0, "pixel_y": 3704.0, "easting": 481987.2, "northing": 224151.2, "epsg_source": 22391}}, {"type": "Feature", "geometry": {"type": "Point", "coordinates": [9.58727, 35.32479]}, "properties": {"record_id": "oai:u-bordeaux-montaigne.fr:340516", "symbol_class": "building", "pixel_x": 5208.1, "pixel_y": 3699.7, "easting": 471523.6, "northing": 224988.0, "epsg_source": 22391}}, {"type": "Feature", "geometry": {"type": "Point", "coordinates": [9.73097, 35.31583]}, "properties": {"record_id": "oai:u-bordeaux-montaigne.fr:340516", "symbol_class": "building", "pixel_x": 8306.9, "pixel_y": 3700.8, "easting": 484583.7, "northing": 223961.7, "epsg_source": 22391}}, {"type": "Feature", "geometry": {"type": "Point", "coordinates": [9.60905, 35.32334]}, "properties": {"record_id": "oai:u-bordeaux-montaigne.fr:340516", "symbol_class": "building", "pixel_x": 5677.9, "pixel_y": 3702.8, "easting": 473502.7, "northing": 224820.0, "epsg_source": 22391}}, {"type": "Feature", "geometry": {"type": "Point", "coordinates": [9.59001, 35.32446]}, "properties": {"record_id": "oai:u-bordeaux-montaigne.fr:340516", "symbol_class": "building", "pixel_x": 5267.4, "pixel_y": 3703.9, "easting": 471772.1, "northing": 224950.6, "epsg_source": 22391}}, {"type": "Feature", "geometry": {"type": "Point", "coordinates": [9.58371, 35.32479]}, "properties": {"record_id": "oai:u-bordeaux-montaigne.fr:340516", "symbol_class": "building", "pixel_x": 5131.7, "pixel_y": 3705.6, "easting": 471199.8, "northing": 224988.3, "epsg_source": 22391}}, {"type": "Feature", "geometry": {"type": "Point", "coordinates": [9.72752, 35.31587]}, "properties": {"record_id": "oai:u-bordeaux-montaigne.fr:340516", "symbol_class": "building", "pixel_x": 8232.8, "pixel_y": 3705.5, "easting": 484270.1, "northing": 223966.4, "epsg_source": 22391}}, {"type": "Feature", "geometry": {"type": "Point", "coordinates": [9.72663, 35.31586]}, "properties": {"record_id": "oai:u-bordeaux-montaigne.fr:340516", "symbol_class": "building", "pixel_x": 8213.7, "pixel_y": 3707.1, "easting": 484189.1, "northing": 223965.9, "epsg_source": 22391}}, {"type": "Feature", "geometry": {"type": "Point", "coordinates": [9.58208, 35.3248]}, "properties": {"record_id": "oai:u-bordeaux-montaigne.fr:340516", "symbol_class": "building", "pixel_x": 5096.7, "pixel_y": 3708.0, "easting": 471051.7, "northing": 224990.0, "epsg_source": 22391}}, {"type": "Feature", "geometry": {"type": "Point", "coordinates": [9.72434, 35.31581]}, "properties": {"record_id": "oai:u-bordeaux-montaigne.fr:340516", "symbol_class": "building", "pixel_x": 8164.7, "pixel_y": 3712.5, "easting": 483980.6, "northing": 223959.7, "epsg_source": 22391}}, {"type": "Feature", "geometry": {"type": "Point", "coordinates": [9.60926, 35.32293]}, "properties": {"record_id": "oai:u-bordeaux-montaigne.fr:340516", "symbol_class": "building", "pixel_x": 5683.1, "pixel_y": 3713.2, "easting": 473521.3, "northing": 224774.8, "epsg_source": 22391}}, {"type": "Feature", "geometry": {"type": "Point", "coordinates": [9.62164, 35.32202]}, "properties": {"record_id": "oai:u-bordeaux-montaigne.fr:340516", "symbol_class": "building", "pixel_x": 5950.2, "pixel_y": 3716.9, "easting": 474646.3, "northing": 224671.1, "epsg_source": 22391}}, {"type": "Feature", "geometry": {"type": "Point", "coordinates": [9.62118, 35.32201]}, "properties": {"record_id": "oai:u-bordeaux-montaigne.fr:340516", "symbol_class": "building", "pixel_x": 5940.3, "pixel_y": 3718.0, "easting": 474604.2, "northing": 224670.0, "epsg_source": 22391}}, {"type": "Feature", "geometry": {"type": "Point", "coordinates": [9.43383, 35.33318]}, "properties": {"record_id": "oai:u-bordeaux-montaigne.fr:340516", "symbol_class": "building", "pixel_x": 1901.6, "pixel_y": 3724.5, "easting": 457580.2, "northing": 225974.1, "epsg_source": 22391}}, {"type": "Feature", "geometry": {"type": "Point", "coordinates": [9.48094, 35.3302]}, "properties": {"record_id": "oai:u-bordeaux-montaigne.fr:340516", "symbol_class": "building", "pixel_x": 2917.5, "pixel_y": 3728.3, "easting": 461860.7, "northing": 225623.3, "epsg_source": 22391}}, {"type": "Feature", "geometry": {"type": "Point", "coordinates": [9.62113, 35.3216]}, "properties": {"record_id": "oai:u-bordeaux-montaigne.fr:340516", "symbol_class": "building", "pixel_x": 5940.1, "pixel_y": 3729.0, "easting": 474599.7, "northing": 224624.0, "epsg_source": 22391}}, {"type": "Feature", "geometry": {"type": "Point", "coordinates": [9.56923, 35.32477]}, "properties": {"record_id": "oai:u-bordeaux-montaigne.fr:340516", "symbol_class": "building", "pixel_x": 4821.0, "pixel_y": 3729.5, "easting": 469883.1, "northing": 224990.9, "epsg_source": 22391}}, {"type": "Feature", "geometry": {"type": "Point", "coordinates": [9.56858, 35.32477]}, "properties": {"record_id": "oai:u-bordeaux-montaigne.fr:340516", "symbol_class": "building", "pixel_x": 4807.2, "pixel_y": 3730.7, "easting": 469824.6, "northing": 224990.4, "epsg_source": 22391}}, {"type": "Feature", "geometry": {"type": "Point", "coordinates": [9.58868, 35.32349]}, "properties": {"record_id": "oai:u-bordeaux-montaigne.fr:340516", "symbol_class": "building", "pixel_x": 5240.6, "pixel_y": 3731.7, "easting": 471650.5, "northing": 224843.1, "epsg_source": 22391}}, {"type": "Feature", "geometry": {"type": "Point", "coordinates": [9.70956, 35.31592]}, "properties": {"record_id": "oai:u-bordeaux-montaigne.fr:340516", "symbol_class": "building", "pixel_x": 7847.5, "pixel_y": 3733.8, "easting": 482637.3, "northing": 223975.0, "epsg_source": 22391}}, {"type": "Feature", "geometry": {"type": "Point", "coordinates": [9.7087, 35.31589]}, "properties": {"record_id": "oai:u-bordeaux-montaigne.fr:340516", "symbol_class": "building", "pixel_x": 7829.0, "pixel_y": 3736.0, "easting": 482558.8, "northing": 223972.0, "epsg_source": 22391}}, {"type": "Feature", "geometry": {"type": "Point", "coordinates": [9.56388, 35.32475]}, "properties": {"record_id": "oai:u-bordeaux-montaigne.fr:340516", "symbol_class": "building", "pixel_x": 4706.3, "pixel_y": 3738.7, "easting": 469396.7, "northing": 224990.0, "epsg_source": 22391}}, {"type": "Feature", "geometry": {"type": "Point", "coordinates": [9.62068, 35.32112]}, "properties": {"record_id": "oai:u-bordeaux-montaigne.fr:340516", "symbol_class": "building", "pixel_x": 5931.3, "pixel_y": 3742.3, "easting": 474558.6, "northing": 224571.1, "epsg_source": 22391}}, {"type": "Feature", "geometry": {"type": "Point", "coordinates": [9.69139, 35.31659]}, "properties": {"record_id": "oai:u-bordeaux-montaigne.fr:340516", "symbol_class": "building", "pixel_x": 7456.6, "pixel_y": 3746.0, "easting": 480985.8, "northing": 224052.7, "epsg_source": 22391}}, {"type": "Feature", "geometry": {"type": "Point", "coordinates": [9.70331, 35.31589]}, "properties": {"record_id": "oai:u-bordeaux-montaigne.fr:340516", "symbol_class": "building", "pixel_x": 7713.4, "pixel_y": 3744.7, "easting": 482068.7, "northing": 223973.3, "epsg_source": 22391}}, {"type": "Feature", "geometry": {"type": "Point", "coordinates": [9.70193, 35.31594]}, "properties": {"record_id": "oai:u-bordeaux-montaigne.fr:340516", "symbol_class": "building", "pixel_x": 7683.8, "pixel_y": 3745.8, "easting": 481943.5, "northing": 223978.7, "epsg_source": 22391}}, {"type": "Feature", "geometry": {"type": "Point", "coordinates": [9.55811, 35.32474]}, "properties": {"record_id": "oai:u-bordeaux-montaigne.fr:340516", "symbol_class": "building", "pixel_x": 4582.6, "pixel_y": 3748.2, "easting": 468872.2, "northing": 224991.0, "epsg_source": 22391}}, {"type": "Feature", "geometry": {"type": "Point", "coordinates": [9.60781, 35.32156]}, "properties": {"record_id": "oai:u-bordeaux-montaigne.fr:340516", "symbol_class": "building", "pixel_x": 5654.5, "pixel_y": 3751.5, "easting": 473388.8, "northing": 224623.9, "epsg_source": 22391}}, {"type": "Feature", "geometry": {"type": "Point", "coordinates": [9.44547, 35.33136]}, "properties": {"record_id": "oai:u-bordeaux-montaigne.fr:340516", "symbol_class": "building", "pixel_x": 2154.6, "pixel_y": 3754.1, "easting": 458637.3, "northing": 225766.6, "epsg_source": 22391}}, {"type": "Feature", "geometry": {"type": "Point", "coordinates": [9.6964, 35.31592]}, "properties": {"record_id": "oai:u-bordeaux-montaigne.fr:340516", "symbol_class": "building", "pixel_x": 7565.2, "pixel_y": 3755.4, "easting": 481440.7, "northing": 223977.3, "epsg_source": 22391}}, {"type": "Feature", "geometry": {"type": "Point", "coordinates": [9.41978, 35.33244]}, "properties": {"record_id": "oai:u-bordeaux-montaigne.fr:340516", "symbol_class": "building", "pixel_x": 1601.6, "pixel_y": 3766.3, "easting": 456302.8, "northing": 225897.9, "epsg_source": 22391}}, {"type": "Feature", "geometry": {"type": "Point", "coordinates": [9.48103, 35.32858]}, "properties": {"record_id": "oai:u-bordeaux-montaigne.fr:340516", "symbol_class": "building", "pixel_x": 2922.5, "pixel_y": 3770.7, "easting": 461868.3, "northing": 225443.8, "epsg_source": 22391}}, {"type": "Feature", "geometry": {"type": "Point", "coordinates": [9.55877, 35.32382]}, "properties": {"record_id": "oai:u-bordeaux-montaigne.fr:340516", "symbol_class": "building", "pixel_x": 4598.5, "pixel_y": 3771.5, "easting": 468932.0, "northing": 224888.1, "epsg_source": 22391}}, {"type": "Feature", "geometry": {"type": "Point", "coordinates": [9.55838, 35.32379]}, "properties": {"record_id": "oai:u-bordeaux-montaigne.fr:340516", "symbol_class": "building", "pixel_x": 4590.2, "pixel_y": 3772.8, "easting": 468896.6, "northing": 224885.4, "epsg_source": 22391}}, {"type": "Feature", "geometry": {"type": "Point", "coordinates": [9.71343, 35.31391]}, "properties": {"record_id": "oai:u-bordeaux-montaigne.fr:340516", "symbol_class": "building", "pixel_x": 7934.3, "pixel_y": 3780.3, "easting": 482988.6, "northing": 223751.5, "epsg_source": 22391}}, {"type": "Feature", "geometry": {"type": "Point", "coordinates": [9.60677, 35.32057]}, "properties": {"record_id": "oai:u-bordeaux-montaigne.fr:340516", "symbol_class": "building", "pixel_x": 5634.2, "pixel_y": 3779.4, "easting": 473294.5, "northing": 224513.7, "epsg_source": 22391}}, {"type": "Feature", "geometry": {"type": "Point", "coordinates": [9.5588, 35.32342]}, "properties": {"record_id": "oai:u-bordeaux-montaigne.fr:340516", "symbol_class": "building", "pixel_x": 4599.9, "pixel_y": 3782.0, "easting": 468934.6, "northing": 224843.8, "epsg_source": 22391}}, {"type": "Feature", "geometry": {"type": "Point", "coordinates": [9.48294, 35.32804]}, "properties": {"record_id": "oai:u-bordeaux-montaigne.fr:340516", "symbol_class": "building", "pixel_x": 2964.3, "pixel_y": 3782.0, "easting": 462041.0, "northing": 225383.1, "epsg_source": 22391}}, {"type": "Feature", "geometry": {"type": "Point", "coordinates": [9.47977, 35.32808]}, "properties": {"record_id": "oai:u-bordeaux-montaigne.fr:340516", "symbol_class": "building", "pixel_x": 2896.4, "pixel_y": 3785.7, "easting": 461753.6, "northing": 225389.6, "epsg_source": 22391}}, {"type": "Feature", "geometry": {"type": "Point", "coordinates": [9.48292, 35.32777]}, "properties": {"record_id": "oai:u-bordeaux-montaigne.fr:340516", "symbol_class": "building", "pixel_x": 2964.4, "pixel_y": 3789.1, "easting": 462039.2, "northing": 225353.0, "epsg_source": 22391}}, {"type": "Feature", "geometry": {"type": "Point", "coordinates": [9.48279, 35.32731]}, "properties": {"record_id": "oai:u-bordeaux-montaigne.fr:340516", "symbol_class": "building", "pixel_x": 2962.5, "pixel_y": 3801.2, "easting": 462027.4, "northing": 225302.9, "epsg_source": 22391}}, {"type": "Feature", "geometry": {"type": "Point", "coordinates": [9.67064, 35.31595]}, "properties": {"record_id": "oai:u-bordeaux-montaigne.fr:340516", "symbol_class": "building", "pixel_x": 7012.8, "pixel_y": 3797.0, "easting": 479099.4, "northing": 223985.4, "epsg_source": 22391}}, {"type": "Feature", "geometry": {"type": "Point", "coordinates": [9.71338, 35.31319]}, "properties": {"record_id": "oai:u-bordeaux-montaigne.fr:340516", "symbol_class": "building", "pixel_x": 7934.6, "pixel_y": 3799.5, "easting": 482983.6, "northing": 223671.0, "epsg_source": 22391}}, {"type": "Feature", "geometry": {"type": "Point", "coordinates": [9.66999, 35.31594]}, "properties": {"record_id": "oai:u-bordeaux-montaigne.fr:340516", "symbol_class": "building", "pixel_x": 6998.9, "pixel_y": 3798.2, "easting": 479040.4, "northing": 223985.0, "epsg_source": 22391}}, {"type": "Feature", "geometry": {"type": "Point", "coordinates": [9.669, 35.31591]}, "properties": {"record_id": "oai:u-bordeaux-montaigne.fr:340516", "symbol_class": "building", "pixel_x": 6977.6, "pixel_y": 3800.5, "easting": 478950.1, "northing": 223982.2, "epsg_source": 22391}}, {"type": "Feature", "geometry": {"type": "Point", "coordinates": [9.59235, 35.32039]}, "properties": {"record_id": "oai:u-bordeaux-montaigne.fr:340516", "symbol_class": "building", "pixel_x": 5325.2, "pixel_y": 3807.5, "easting": 471983.6, "northing": 224497.6, "epsg_source": 22391}}, {"type": "Feature", "geometry": {"type": "Point", "coordinates": [9.48068, 35.32724]}, "properties": {"record_id": "oai:u-bordeaux-montaigne.fr:340516", "symbol_class": "building", "pixel_x": 2917.4, "pixel_y": 3806.5, "easting": 461835.6, "northing": 225295.9, "epsg_source": 22391}}, {"type": "Feature", "geometry": {"type": "Point", "coordinates": [9.48072, 35.32683]}, "properties": {"record_id": "oai:u-bordeaux-montaigne.fr:340516", "symbol_class": "building", "pixel_x": 2918.9, "pixel_y": 3817.3, "easting": 461838.8, "northing": 225250.0, "epsg_source": 22391}}, {"type": "Feature", "geometry": {"type": "Point", "coordinates": [9.47895, 35.32661]}, "properties": {"record_id": "oai:u-bordeaux-montaigne.fr:340516", "symbol_class": "building", "pixel_x": 2881.4, "pixel_y": 3825.8, "easting": 461677.8, "northing": 225226.8, "epsg_source": 22391}}, {"type": "Feature", "geometry": {"type": "Point", "coordinates": [9.71338, 35.312]}, "properties": {"record_id": "oai:u-bordeaux-montaigne.fr:340516", "symbol_class": "building", "pixel_x": 7936.9, "pixel_y": 3830.8, "easting": 482983.7, "northing": 223539.3, "epsg_source": 22391}}, {"type": "Feature", "geometry": {"type": "Point", "coordinates": [9.63844, 35.31656]}, "properties": {"record_id": "oai:u-bordeaux-montaigne.fr:340516", "symbol_class": "building", "pixel_x": 6321.0, "pixel_y": 3833.5, "easting": 476172.3, "northing": 224060.5, "epsg_source": 22391}}, {"type": "Feature", "geometry": {"type": "Point", "coordinates": [9.48074, 35.32604]}, "properties": {"record_id": "oai:u-bordeaux-montaigne.fr:340516", "symbol_class": "building", "pixel_x": 2920.8, "pixel_y": 3838.0, "easting": 461840.1, "northing": 225162.6, "epsg_source": 22391}}, {"type": "Feature", "geometry": {"type": "Point", "coordinates": [9.47836, 35.32619]}, "properties": {"record_id": "oai:u-bordeaux-montaigne.fr:340516", "symbol_class": "building", "pixel_x": 2869.5, "pixel_y": 3837.9, "easting": 461624.3, "northing": 225180.1, "epsg_source": 22391}}, {"type": "Feature", "geometry": {"type": "Point", "coordinates": [9.48116, 35.32582]}, "properties": {"record_id": "oai:u-bordeaux-montaigne.fr:340516", "symbol_class": "building", "pixel_x": 2930.3, "pixel_y": 3843.1, "easting": 461878.8, "northing": 225138.3, "epsg_source": 22391}}, {"type": "Feature", "geometry": {"type": "Point", "coordinates": [9.48383, 35.32561]}, "properties": {"record_id": "oai:u-bordeaux-montaigne.fr:340516", "symbol_class": "building", "pixel_x": 2988.0, "pixel_y": 3844.5, "easting": 462121.4, "northing": 225113.2, "epsg_source": 22391}}, {"type": "Feature", "geometry": {"type": "Point", "coordinates": [9.47834, 35.32574]}, "properties": {"record_id": "oai:u-bordeaux-montaigne.fr:340516", "symbol_class": "building", "pixel_x": 2870.0, "pixel_y": 3849.8, "easting": 461622.4, "northing": 225129.9, "epsg_source": 22391}}, {"type": "Feature", "geometry": {"type": "Point", "coordinates": [9.46756, 35.32607]}, "properties": {"record_id": "oai:u-bordeaux-montaigne.fr:340516", "symbol_class": "building", "pixel_x": 2638.0, "pixel_y": 3858.3, "easting": 460642.0, "northing": 225170.7, "epsg_source": 22391}}, {"type": "Feature", "geometry": {"type": "Point", "coordinates": [9.63431, 35.31588]}, "properties": {"record_id": "oai:u-bordeaux-montaigne.fr:340516", "symbol_class": "building", "pixel_x": 6233.6, "pixel_y": 3858.2, "easting": 475796.4, "northing": 223986.1, "epsg_source": 22391}}, {"type": "Feature", "geometry": {"type": "Point", "coordinates": [9.4841, 35.32503]}, "properties": {"record_id": "oai:u-bordeaux-montaigne.fr:340516", "symbol_class": "building", "pixel_x": 2994.9, "pixel_y": 3859.3, "easting": 462145.7, "northing": 225049.1, "epsg_source": 22391}}, {"type": "Feature", "geometry": {"type": "Point", "coordinates": [9.71343, 35.31071]}, "properties": {"record_id": "oai:u-bordeaux-montaigne.fr:340516", "symbol_class": "building", "pixel_x": 7940.5, "pixel_y": 3864.5, "easting": 482988.3, "northing": 223396.8, "epsg_source": 22391}}, {"type": "Feature", "geometry": {"type": "Point", "coordinates": [9.62695, 35.31586]}, "properties": {"record_id": "oai:u-bordeaux-montaigne.fr:340516", "symbol_class": "building", "pixel_x": 6075.7, "pixel_y": 3870.5, "easting": 475126.9, "northing": 223986.3, "epsg_source": 22391}}, {"type": "Feature", "geometry": {"type": "Point", "coordinates": [9.62581, 35.31586]}, "properties": {"record_id": "oai:u-bordeaux-montaigne.fr:340516", "symbol_class": "building", "pixel_x": 6051.4, "pixel_y": 3872.4, "easting": 475023.9, "northing": 223986.5, "epsg_source": 22391}}, {"type": "Feature", "geometry": {"type": "Point", "coordinates": [9.48384, 35.3245]}, "properties": {"record_id": "oai:u-bordeaux-montaigne.fr:340516", "symbol_class": "building", "pixel_x": 2990.1, "pixel_y": 3873.8, "easting": 462121.2, "northing": 224989.9, "epsg_source": 22391}}, {"type": "Feature", "geometry": {"type": "Point", "coordinates": [9.48315, 35.32441]}, "properties": {"record_id": "oai:u-bordeaux-montaigne.fr:340516", "symbol_class": "building", "pixel_x": 2975.5, "pixel_y": 3877.0, "easting": 462058.4, "northing": 224981.2, "epsg_source": 22391}}, {"type": "Feature", "geometry": {"type": "Point", "coordinates": [9.48216, 35.3244]}, "properties": {"record_id": "oai:u-bordeaux-montaigne.fr:340516", "symbol_class": "building", "pixel_x": 2954.3, "pixel_y": 3878.9, "easting": 461968.7, "northing": 224980.2, "epsg_source": 22391}}, {"type": "Feature", "geometry": {"type": "Point", "coordinates": [9.71344, 35.31002]}, "properties": {"record_id": "oai:u-bordeaux-montaigne.fr:340516", "symbol_class": "building", "pixel_x": 7941.9, "pixel_y": 3882.6, "easting": 482988.6, "northing": 223320.3, "epsg_source": 22391}}, {"type": "Feature", "geometry": {"type": "Point", "coordinates": [9.48182, 35.3242]}, "properties": {"record_id": "oai:u-bordeaux-montaigne.fr:340516", "symbol_class": "building", "pixel_x": 2947.5, "pixel_y": 3884.9, "easting": 461938.0, "northing": 224957.5, "epsg_source": 22391}}, {"type": "Feature", "geometry": {"type": "Point", "coordinates": [9.47857, 35.32439]}, "properties": {"record_id": "oai:u-bordeaux-montaigne.fr:340516", "symbol_class": "building", "pixel_x": 2877.3, "pixel_y": 3884.9, "easting": 461642.2, "northing": 224980.5, "epsg_source": 22391}}, {"type": "Feature", "geometry": {"type": "Point", "coordinates": [9.61759, 35.31584]}, "properties": {"record_id": "oai:u-bordeaux-montaigne.fr:340516", "symbol_class": "building", "pixel_x": 5875.1, "pixel_y": 3886.4, "easting": 474276.3, "northing": 223985.8, "epsg_source": 22391}}, {"type": "Feature", "geometry": {"type": "Point", "coordinates": [9.61695, 35.31585]}, "properties": {"record_id": "oai:u-bordeaux-montaigne.fr:340516", "symbol_class": "building", "pixel_x": 5861.3, "pixel_y": 3887.2, "easting": 474218.2, "northing": 223987.3, "epsg_source": 22391}}, {"type": "Feature", "geometry": {"type": "Point", "coordinates": [9.4837, 35.32392]}, "properties": {"record_id": "oai:u-bordeaux-montaigne.fr:340516", "symbol_class": "building", "pixel_x": 2988.2, "pixel_y": 3889.2, "easting": 462108.2, "northing": 224926.0, "epsg_source": 22391}}, {"type": "Feature", "geometry": {"type": "Point", "coordinates": [9.63584, 35.31441]}, "properties": {"record_id": "oai:u-bordeaux-montaigne.fr:340516", "symbol_class": "building", "pixel_x": 6269.1, "pixel_y": 3894.4, "easting": 475934.6, "northing": 223822.7, "epsg_source": 22391}}, {"type": "Feature", "geometry": {"type": "Point", "coordinates": [9.61194, 35.31582]}, "properties": {"record_id": "oai:u-bordeaux-montaigne.fr:340516", "symbol_class": "building", "pixel_x": 5754.0, "pixel_y": 3896.0, "easting": 473762.9, "northing": 223985.8, "epsg_source": 22391}}, {"type": "Feature", "geometry": {"type": "Point", "coordinates": [9.61099, 35.31582]}, "properties": {"record_id": "oai:u-bordeaux-montaigne.fr:340516", "symbol_class": "building", "pixel_x": 5733.5, "pixel_y": 3897.5, "easting": 473676.2, "northing": 223986.1, "epsg_source": 22391}}, {"type": "Feature", "geometry": {"type": "Point", "coordinates": [9.63556, 35.31408]}, "properties": {"record_id": "oai:u-bordeaux-montaigne.fr:340516", "symbol_class": "building", "pixel_x": 6263.8, "pixel_y": 3903.4, "easting": 475909.4, "northing": 223786.6, "epsg_source": 22391}}, {"type": "Feature", "geometry": {"type": "Point", "coordinates": [9.49063, 35.32278]}, "properties": {"record_id": "oai:u-bordeaux-montaigne.fr:340516", "symbol_class": "building", "pixel_x": 3139.0, "pixel_y": 3908.0, "easting": 462737.9, "northing": 224797.5, "epsg_source": 22391}}, {"type": "Feature", "geometry": {"type": "Point", "coordinates": [9.6703, 35.31163]}, "properties": {"record_id": "oai:u-bordeaux-montaigne.fr:340516", "symbol_class": "building", "pixel_x": 7013.6, "pixel_y": 3911.2, "easting": 479067.1, "northing": 223506.7, "epsg_source": 22391}}, {"type": "Feature", "geometry": {"type": "Point", "coordinates": [9.48208, 35.32313]}, "properties": {"record_id": "oai:u-bordeaux-montaigne.fr:340516", "symbol_class": "building", "pixel_x": 2954.9, "pixel_y": 3912.4, "easting": 461960.6, "northing": 224839.7, "epsg_source": 22391}}, {"type": "Feature", "geometry": {"type": "Point", "coordinates": [9.63601, 35.31367]}, "properties": {"record_id": "oai:u-bordeaux-montaigne.fr:340516", "symbol_class": "building", "pixel_x": 6274.3, "pixel_y": 3913.5, "easting": 475950.4, "northing": 223740.8, "epsg_source": 22391}}, {"type": "Feature", "geometry": {"type": "Point", "coordinates": [9.63511, 35.31359]}, "properties": {"record_id": "oai:u-bordeaux-montaigne.fr:340516", "symbol_class": "building", "pixel_x": 6255.2, "pixel_y": 3917.1, "easting": 475868.8, "northing": 223732.1, "epsg_source": 22391}}, {"type": "Feature", "geometry": {"type": "Point", "coordinates": [9.72432, 35.30782]}, "properties": {"record_id": "oai:u-bordeaux-montaigne.fr:340516", "symbol_class": "building", "pixel_x": 8179.6, "pixel_y": 3922.7, "easting": 483977.8, "northing": 223074.4, "epsg_source": 22391}}, {"type": "Feature", "geometry": {"type": "Point", "coordinates": [9.7024, 35.309]}, "properties": {"record_id": "oai:u-bordeaux-montaigne.fr:340516", "symbol_class": "building", "pixel_x": 7707.1, "pixel_y": 3927.8, "easting": 481984.7, "northing": 223208.8, "epsg_source": 22391}}, {"type": "Feature", "geometry": {"type": "Point", "coordinates": [9.55038, 35.31854]}, "properties": {"record_id": "oai:u-bordeaux-montaigne.fr:340516", "symbol_class": "building", "pixel_x": 4428.4, "pixel_y": 3923.9, "easting": 468167.5, "northing": 224305.6, "epsg_source": 22391}}, {"type": "Feature", "geometry": {"type": "Point", "coordinates": [9.48305, 35.32246]}, "properties": {"record_id": "oai:u-bordeaux-montaigne.fr:340516", "symbol_class": "building", "pixel_x": 2977.1, "pixel_y": 3928.7, "easting": 462049.1, "northing": 224764.1, "epsg_source": 22391}}, {"type": "Feature", "geometry": {"type": "Point", "coordinates": [9.55038, 35.31824]}, "properties": {"record_id": "oai:u-bordeaux-montaigne.fr:340516", "symbol_class": "building", "pixel_x": 4428.9, "pixel_y": 3931.9, "easting": 468166.9, "northing": 224272.2, "epsg_source": 22391}}, {"type": "Feature", "geometry": {"type": "Point", "coordinates": [9.67078, 35.31062]}, "properties": {"record_id": "oai:u-bordeaux-montaigne.fr:340516", "symbol_class": "building", "pixel_x": 7025.7, "pixel_y": 3936.9, "easting": 479110.1, "northing": 223395.2, "epsg_source": 22391}}, {"type": "Feature", "geometry": {"type": "Point", "coordinates": [9.63351, 35.31277]}, "properties": {"record_id": "oai:u-bordeaux-montaigne.fr:340516", "symbol_class": "building", "pixel_x": 6222.3, "pixel_y": 3941.2, "easting": 475722.7, "northing": 223641.7, "epsg_source": 22391}}, {"type": "Feature", "geometry": {"type": "Point", "coordinates": [9.73105, 35.30679]}, "properties": {"record_id": "oai:u-bordeaux-montaigne.fr:340516", "symbol_class": "building", "pixel_x": 8325.8, "pixel_y": 3938.9, "easting": 484588.8, "northing": 222958.2, "epsg_source": 22391}}, {"type": "Feature", "geometry": {"type": "Point", "coordinates": [9.72942, 35.30678]}, "properties": {"record_id": "oai:u-bordeaux-montaigne.fr:340516", "symbol_class": "building", "pixel_x": 8290.8, "pixel_y": 3941.7, "easting": 484440.5, "northing": 222958.0, "epsg_source": 22391}}, {"type": "Feature", "geometry": {"type": "Point", "coordinates": [9.72431, 35.3068]}, "properties": {"record_id": "oai:u-bordeaux-montaigne.fr:340516", "symbol_class": "building", "pixel_x": 8181.2, "pixel_y": 3949.7, "easting": 483976.0, "northing": 222960.6, "epsg_source": 22391}}, {"type": "Feature", "geometry": {"type": "Point", "coordinates": [9.63706, 35.31216]}, "properties": {"record_id": "oai:u-bordeaux-montaigne.fr:340516", "symbol_class": "building", "pixel_x": 6299.6, "pixel_y": 3951.6, "easting": 476045.0, "northing": 223573.0, "epsg_source": 22391}}, {"type": "Feature", "geometry": {"type": "Point", "coordinates": [9.7239, 35.30677]}, "properties": {"record_id": "oai:u-bordeaux-montaigne.fr:340516", "symbol_class": "building", "pixel_x": 8172.5, "pixel_y": 3951.0, "easting": 483939.0, "northing": 222958.0, "epsg_source": 22391}}, {"type": "Feature", "geometry": {"type": "Point", "coordinates": [9.70243, 35.30779]}, "properties": {"record_id": "oai:u-bordeaux-montaigne.fr:340516", "symbol_class": "building", "pixel_x": 7710.0, "pixel_y": 3959.5, "easting": 481987.0, "northing": 223074.8, "epsg_source": 22391}}, {"type": "Feature", "geometry": {"type": "Point", "coordinates": [9.49447, 35.32061]}, "properties": {"record_id": "oai:u-bordeaux-montaigne.fr:340516", "symbol_class": "building", "pixel_x": 3225.3, "pixel_y": 3959.0, "easting": 463085.6, "northing": 224555.4, "epsg_source": 22391}}, {"type": "Feature", "geometry": {"type": "Point", "coordinates": [9.67083, 35.30957]}, "properties": {"record_id": "oai:u-bordeaux-montaigne.fr:340516", "symbol_class": "building", "pixel_x": 7028.8, "pixel_y": 3964.7, "easting": 479114.5, "northing": 223277.8, "epsg_source": 22391}}, {"type": "Feature", "geometry": {"type": "Point", "coordinates": [9.59438, 35.31424]}, "properties": {"record_id": "oai:u-bordeaux-montaigne.fr:340516", "symbol_class": "building", "pixel_x": 5380.3, "pixel_y": 3966.0, "easting": 472166.0, "northing": 223815.7, "epsg_source": 22391}}, {"type": "Feature", "geometry": {"type": "Point", "coordinates": [9.71428, 35.30681]}, "properties": {"record_id": "oai:u-bordeaux-montaigne.fr:340516", "symbol_class": "building", "pixel_x": 7966.1, "pixel_y": 3965.9, "easting": 483064.6, "northing": 222963.5, "epsg_source": 22391}}, {"type": "Feature", "geometry": {"type": "Point", "coordinates": [9.5939, 35.31417]}, "properties": {"record_id": "oai:u-bordeaux-montaigne.fr:340516", "symbol_class": "building", "pixel_x": 5370.0, "pixel_y": 3968.6, "easting": 472121.7, "northing": 223808.1, "epsg_source": 22391}}, {"type": "Feature", "geometry": {"type": "Point", "coordinates": [9.63792, 35.31131]}, "properties": {"record_id": "oai:u-bordeaux-montaigne.fr:340516", "symbol_class": "building", "pixel_x": 6319.7, "pixel_y": 3972.5, "easting": 476123.3, "northing": 223478.9, "epsg_source": 22391}}, {"type": "Feature", "geometry": {"type": "Point", "coordinates": [9.45337, 35.32262]}, "properties": {"record_id": "oai:u-bordeaux-montaigne.fr:340516", "symbol_class": "building", "pixel_x": 2340.0, "pixel_y": 3971.6, "easting": 459350.6, "northing": 224794.6, "epsg_source": 22391}}, {"type": "Feature", "geometry": {"type": "Point", "coordinates": [9.70691, 35.30683]}, "properties": {"record_id": "oai:u-bordeaux-montaigne.fr:340516", "symbol_class": "building", "pixel_x": 7808.0, "pixel_y": 3977.4, "easting": 482394.6, "northing": 222967.5, "epsg_source": 22391}}, {"type": "Feature", "geometry": {"type": "Point", "coordinates": [9.6725, 35.30883]}, "properties": {"record_id": "oai:u-bordeaux-montaigne.fr:340516", "symbol_class": "building", "pixel_x": 7066.1, "pixel_y": 3981.4, "easting": 479266.2, "northing": 223195.4, "epsg_source": 22391}}, {"type": "Feature", "geometry": {"type": "Point", "coordinates": [9.70575, 35.30683]}, "properties": {"record_id": "oai:u-bordeaux-montaigne.fr:340516", "symbol_class": "building", "pixel_x": 7783.0, "pixel_y": 3979.4, "easting": 482288.4, "northing": 222967.6, "epsg_source": 22391}}, {"type": "Feature", "geometry": {"type": "Point", "coordinates": [9.454, 35.32214]}, "properties": {"record_id": "oai:u-bordeaux-montaigne.fr:340516", "symbol_class": "building", "pixel_x": 2354.6, "pixel_y": 3983.4, "easting": 459408.2, "northing": 224740.2, "epsg_source": 22391}}, {"type": "Feature", "geometry": {"type": "Point", "coordinates": [9.63839, 35.31081]}, "properties": {"record_id": "oai:u-bordeaux-montaigne.fr:340516", "symbol_class": "building", "pixel_x": 6330.7, "pixel_y": 3984.9, "easting": 476165.7, "northing": 223423.2, "epsg_source": 22391}}, {"type": "Feature", "geometry": {"type": "Point", "coordinates": [9.55916, 35.31555]}, "properties": {"record_id": "oai:u-bordeaux-montaigne.fr:340516", "symbol_class": "building", "pixel_x": 4622.4, "pixel_y": 3988.4, "easting": 468964.7, "northing": 223971.6, "epsg_source": 22391}}, {"type": "Feature", "geometry": {"type": "Point", "coordinates": [9.70037, 35.30684]}, "properties": {"record_id": "oai:u-bordeaux-montaigne.fr:340516", "symbol_class": "building", "pixel_x": 7667.8, "pixel_y": 3988.1, "easting": 481800.1, "northing": 222969.1, "epsg_source": 22391}}, {"type": "Feature", "geometry": {"type": "Point", "coordinates": [9.63888, 35.31039]}, "properties": {"record_id": "oai:u-bordeaux-montaigne.fr:340516", "symbol_class": "building", "pixel_x": 6341.9, "pixel_y": 3995.1, "easting": 476210.0, "northing": 223376.9, "epsg_source": 22391}}, {"type": "Feature", "geometry": {"type": "Point", "coordinates": [9.59728, 35.31268]}, "properties": {"record_id": "oai:u-bordeaux-montaigne.fr:340516", "symbol_class": "building", "pixel_x": 5445.3, "pixel_y": 4002.6, "easting": 472428.6, "northing": 223640.9, "epsg_source": 22391}}, {"type": "Feature", "geometry": {"type": "Point", "coordinates": [9.51355, 35.31799]}, "properties": {"record_id": "oai:u-bordeaux-montaigne.fr:340516", "symbol_class": "building", "pixel_x": 3639.4, "pixel_y": 3997.6, "easting": 464818.9, "northing": 224257.2, "epsg_source": 22391}}, {"type": "Feature", "geometry": {"type": "Point", "coordinates": [9.4526, 35.32161]}, "properties": {"record_id": "oai:u-bordeaux-montaigne.fr:340516", "symbol_class": "building", "pixel_x": 2325.4, "pixel_y": 3999.6, "easting": 459280.0, "northing": 224682.2, "epsg_source": 22391}}, {"type": "Feature", "geometry": {"type": "Point", "coordinates": [9.45362, 35.3216]}, "properties": {"record_id": "oai:u-bordeaux-montaigne.fr:340516", "symbol_class": "building", "pixel_x": 2347.4, "pixel_y": 3998.1, "easting": 459373.3, "northing": 224681.2, "epsg_source": 22391}}, {"type": "Feature", "geometry": {"type": "Point", "coordinates": [9.44499, 35.32198]}, "properties": {"record_id": "oai:u-bordeaux-montaigne.fr:340516", "symbol_class": "building", "pixel_x": 2161.5, "pixel_y": 4001.8, "easting": 458588.6, "northing": 224726.6, "epsg_source": 22391}}, {"type": "Feature", "geometry": {"type": "Point", "coordinates": [9.45328, 35.32141]}, "properties": {"record_id": "oai:u-bordeaux-montaigne.fr:340516", "symbol_class": "building", "pixel_x": 2340.3, "pixel_y": 4003.6, "easting": 459341.9, "northing": 224660.3, "epsg_source": 22391}}, {"type": "Feature", "geometry": {"type": "Point", "coordinates": [9.63941, 35.30989]}, "properties": {"record_id": "oai:u-bordeaux-montaigne.fr:340516", "symbol_class": "building", "pixel_x": 6354.2, "pixel_y": 4007.5, "easting": 476257.8, "northing": 223320.9, "epsg_source": 22391}}, {"type": "Feature", "geometry": {"type": "Point", "coordinates": [9.68728, 35.30686]}, "properties": {"record_id": "oai:u-bordeaux-montaigne.fr:340516", "symbol_class": "building", "pixel_x": 7386.8, "pixel_y": 4009.0, "easting": 480609.2, "northing": 222974.2, "epsg_source": 22391}}, {"type": "Feature", "geometry": {"type": "Point", "coordinates": [9.63998, 35.3095]}, "properties": {"record_id": "oai:u-bordeaux-montaigne.fr:340516", "symbol_class": "building", "pixel_x": 6367.2, "pixel_y": 4016.8, "easting": 476309.5, "northing": 223277.4, "epsg_source": 22391}}, {"type": "Feature", "geometry": {"type": "Point", "coordinates": [9.6809, 35.30685]}, "properties": {"record_id": "oai:u-bordeaux-montaigne.fr:340516", "symbol_class": "building", "pixel_x": 7250.1, "pixel_y": 4019.5, "easting": 480029.9, "northing": 222975.0, "epsg_source": 22391}}, {"type": "Feature", "geometry": {"type": "Point", "coordinates": [9.64054, 35.30905]}, "properties": {"record_id": "oai:u-bordeaux-montaigne.fr:340516", "symbol_class": "building", "pixel_x": 6380.2, "pixel_y": 4027.7, "easting": 476361.1, "northing": 223227.5, "epsg_source": 22391}}, {"type": "Feature", "geometry": {"type": "Point", "coordinates": [9.64118, 35.30863]}, "properties": {"record_id": "oai:u-bordeaux-montaigne.fr:340516", "symbol_class": "building", "pixel_x": 6394.8, "pixel_y": 4037.9, "easting": 476419.2, "northing": 223180.2, "epsg_source": 22391}}, {"type": "Feature", "geometry": {"type": "Point", "coordinates": [9.65838, 35.30751]}, "properties": {"record_id": "oai:u-bordeaux-montaigne.fr:340516", "symbol_class": "building", "pixel_x": 6765.6, "pixel_y": 4039.0, "easting": 477981.9, "northing": 223053.0, "epsg_source": 22391}}, {"type": "Feature", "geometry": {"type": "Point", "coordinates": [9.66652, 35.30688]}, "properties": {"record_id": "oai:u-bordeaux-montaigne.fr:340516", "symbol_class": "building", "pixel_x": 6941.5, "pixel_y": 4042.5, "easting": 478722.1, "northing": 222980.5, "epsg_source": 22391}}, {"type": "Feature", "geometry": {"type": "Point", "coordinates": [9.64177, 35.30825]}, "properties": {"record_id": "oai:u-bordeaux-montaigne.fr:340516", "symbol_class": "building", "pixel_x": 6407.9, "pixel_y": 4046.7, "easting": 476472.0, "northing": 223139.0, "epsg_source": 22391}}, {"type": "Feature", "geometry": {"type": "Point", "coordinates": [9.66534, 35.30683]}, "properties": {"record_id": "oai:u-bordeaux-montaigne.fr:340516", "symbol_class": "building", "pixel_x": 6916.2, "pixel_y": 4045.7, "easting": 478614.6, "northing": 222975.5, "epsg_source": 22391}}, {"type": "Feature", "geometry": {"type": "Point", "coordinates": [9.44113, 35.32048]}, "properties": {"record_id": "oai:u-bordeaux-montaigne.fr:340516", "symbol_class": "building", "pixel_x": 2081.5, "pixel_y": 4047.6, "easting": 458237.2, "northing": 224561.5, "epsg_source": 22391}}, {"type": "Feature", "geometry": {"type": "Point", "coordinates": [9.43812, 35.32052]}, "properties": {"record_id": "oai:u-bordeaux-montaigne.fr:340516", "symbol_class": "building", "pixel_x": 2016.8, "pixel_y": 4051.2, "easting": 457963.3, "northing": 224567.4, "epsg_source": 22391}}, {"type": "Feature", "geometry": {"type": "Point", "coordinates": [9.66328, 35.30686]}, "properties": {"record_id": "oai:u-bordeaux-montaigne.fr:340516", "symbol_class": "building", "pixel_x": 6872.1, "pixel_y": 4048.1, "easting": 478427.7, "northing": 222979.8, "epsg_source": 22391}}, {"type": "Feature", "geometry": {"type": "Point", "coordinates": [9.58851, 35.31142]}, "properties": {"record_id": "oai:u-bordeaux-montaigne.fr:340516", "symbol_class": "building", "pixel_x": 5259.6, "pixel_y": 4049.8, "easting": 471631.2, "northing": 223504.3, "epsg_source": 22391}}, {"type": "Feature", "geometry": {"type": "Point", "coordinates": [9.70238, 35.30415]}, "properties": {"record_id": "oai:u-bordeaux-montaigne.fr:340516", "symbol_class": "building", "pixel_x": 7716.0, "pixel_y": 4055.5, "easting": 481982.1, "northing": 222670.8, "epsg_source": 22391}}, {"type": "Feature", "geometry": {"type": "Point", "coordinates": [9.59813, 35.31069]}, "properties": {"record_id": "oai:u-bordeaux-montaigne.fr:340516", "symbol_class": "building", "pixel_x": 5467.4, "pixel_y": 4053.4, "easting": 472505.6, "northing": 223420.9, "epsg_source": 22391}}, {"type": "Feature", "geometry": {"type": "Point", "coordinates": [9.44324, 35.32013]}, "properties": {"record_id": "oai:u-bordeaux-montaigne.fr:340516", "symbol_class": "building", "pixel_x": 2127.4, "pixel_y": 4053.2, "easting": 458428.8, "northing": 224522.7, "epsg_source": 22391}}, {"type": "Feature", "geometry": {"type": "Point", "coordinates": [9.7134, 35.30346]}, "properties": {"record_id": "oai:u-bordeaux-montaigne.fr:340516", "symbol_class": "building", "pixel_x": 7953.6, "pixel_y": 4055.5, "easting": 482983.8, "northing": 222592.4, "epsg_source": 22391}}, {"type": "Feature", "geometry": {"type": "Point", "coordinates": [9.64232, 35.30786]}, "properties": {"record_id": "oai:u-bordeaux-montaigne.fr:340516", "symbol_class": "building", "pixel_x": 6420.6, "pixel_y": 4056.3, "easting": 476522.3, "northing": 223094.6, "epsg_source": 22391}}, {"type": "Feature", "geometry": {"type": "Point", "coordinates": [9.44145, 35.32003]}, "properties": {"record_id": "oai:u-bordeaux-montaigne.fr:340516", "symbol_class": "building", "pixel_x": 2089.2, "pixel_y": 4058.7, "easting": 458266.3, "northing": 224512.4, "epsg_source": 22391}}, {"type": "Feature", "geometry": {"type": "Point", "coordinates": [9.63341, 35.30806]}, "properties": {"record_id": "oai:u-bordeaux-montaigne.fr:340516", "symbol_class": "building", "pixel_x": 6229.1, "pixel_y": 4065.5, "easting": 475712.4, "northing": 223118.9, "epsg_source": 22391}}, {"type": "Feature", "geometry": {"type": "Point", "coordinates": [9.73197, 35.30197]}, "properties": {"record_id": "oai:u-bordeaux-montaigne.fr:340516", "symbol_class": "building", "pixel_x": 8354.8, "pixel_y": 4064.1, "easting": 484672.0, "northing": 222424.0, "epsg_source": 22391}}, {"type": "Feature", "geometry": {"type": "Point", "coordinates": [9.64288, 35.30746]}, "properties": {"record_id": "oai:u-bordeaux-montaigne.fr:340516", "symbol_class": "building", "pixel_x": 6433.4, "pixel_y": 4065.8, "easting": 476573.2, "northing": 223050.5, "epsg_source": 22391}}, {"type": "Feature", "geometry": {"type": "Point", "coordinates": [9.72433, 35.30234]}, "properties": {"record_id": "oai:u-bordeaux-montaigne.fr:340516", "symbol_class": "building", "pixel_x": 8190.3, "pixel_y": 4067.1, "easting": 483977.6, "northing": 222466.0, "epsg_source": 22391}}, {"type": "Feature", "geometry": {"type": "Point", "coordinates": [9.38816, 35.32264]}, "properties": {"record_id": "oai:u-bordeaux-montaigne.fr:340516", "symbol_class": "building", "pixel_x": 941.2, "pixel_y": 4074.2, "easting": 453422.9, "northing": 224825.9, "epsg_source": 22391}}, {"type": "Feature", "geometry": {"type": "Point", "coordinates": [9.46419, 35.31808]}, "properties": {"record_id": "oai:u-bordeaux-montaigne.fr:340516", "symbol_class": "building", "pixel_x": 2580.6, "pixel_y": 4074.0, "easting": 460332.3, "northing": 224286.3, "epsg_source": 22391}}, {"type": "Feature", "geometry": {"type": "Point", "coordinates": [9.64667, 35.30683]}, "properties": {"record_id": "oai:u-bordeaux-montaigne.fr:340516", "symbol_class": "building", "pixel_x": 6515.8, "pixel_y": 4076.1, "easting": 476917.5, "northing": 222980.2, "epsg_source": 22391}}, {"type": "Feature", "geometry": {"type": "Point", "coordinates": [9.55916, 35.31175]}, "properties": {"record_id": "oai:u-bordeaux-montaigne.fr:340516", "symbol_class": "building", "pixel_x": 4629.5, "pixel_y": 4088.6, "easting": 468963.4, "northing": 223549.4, "epsg_source": 22391}}, {"type": "Feature", "geometry": {"type": "Point", "coordinates": [9.70237, 35.30295]}, "properties": {"record_id": "oai:u-bordeaux-montaigne.fr:340516", "symbol_class": "building", "pixel_x": 7718.0, "pixel_y": 4087.0, "easting": 481980.7, "northing": 222538.0, "epsg_source": 22391}}, {"type": "Feature", "geometry": {"type": "Point", "coordinates": [9.73185, 35.30112]}, "properties": {"record_id": "oai:u-bordeaux-montaigne.fr:340516", "symbol_class": "building", "pixel_x": 8353.9, "pixel_y": 4086.8, "easting": 484661.0, "northing": 222329.4, "epsg_source": 22391}}, {"type": "Feature", "geometry": {"type": "Point", "coordinates": [9.59853, 35.30932]}, "properties": {"record_id": "oai:u-bordeaux-montaigne.fr:340516", "symbol_class": "building", "pixel_x": 5478.6, "pixel_y": 4089.0, "easting": 472541.7, "northing": 223267.9, "epsg_source": 22391}}, {"type": "Feature", "geometry": {"type": "Point", "coordinates": [9.61427, 35.30801]}, "properties": {"record_id": "oai:u-bordeaux-montaigne.fr:340516", "symbol_class": "building", "pixel_x": 5818.6, "pixel_y": 4097.9, "easting": 473972.0, "northing": 223118.8, "epsg_source": 22391}}, {"type": "Feature", "geometry": {"type": "Point", "coordinates": [9.64446, 35.30618]}, "properties": {"record_id": "oai:u-bordeaux-montaigne.fr:340516", "symbol_class": "building", "pixel_x": 6469.7, "pixel_y": 4096.9, "easting": 476716.4, "northing": 222908.1, "epsg_source": 22391}}, {"type": "Feature", "geometry": {"type": "Point", "coordinates": [9.70239, 35.30239]}, "properties": {"record_id": "oai:u-bordeaux-montaigne.fr:340516", "symbol_class": "building", "pixel_x": 7719.4, "pixel_y": 4101.8, "easting": 481981.9, "northing": 222475.7, "epsg_source": 22391}}, {"type": "Feature", "geometry": {"type": "Point", "coordinates": [9.44007, 35.31833]}, "properties": {"record_id": "oai:u-bordeaux-montaigne.fr:340516", "symbol_class": "building", "pixel_x": 2062.6, "pixel_y": 4105.8, "easting": 458139.3, "northing": 224323.8, "epsg_source": 22391}}, {"type": "Feature", "geometry": {"type": "Point", "coordinates": [9.55915, 35.31079]}, "properties": {"record_id": "oai:u-bordeaux-montaigne.fr:340516", "symbol_class": "building", "pixel_x": 4630.9, "pixel_y": 4113.8, "easting": 468961.3, "northing": 223443.7, "epsg_source": 22391}}, {"type": "Feature", "geometry": {"type": "Point", "coordinates": [9.64485, 35.30574]}, "properties": {"record_id": "oai:u-bordeaux-montaigne.fr:340516", "symbol_class": "building", "pixel_x": 6478.9, "pixel_y": 4107.9, "easting": 476751.8, "northing": 222859.2, "epsg_source": 22391}}, {"type": "Feature", "geometry": {"type": "Point", "coordinates": [9.61428, 35.30755]}, "properties": {"record_id": "oai:u-bordeaux-montaigne.fr:340516", "symbol_class": "building", "pixel_x": 5819.6, "pixel_y": 4110.0, "easting": 473972.4, "northing": 223067.6, "epsg_source": 22391}}, {"type": "Feature", "geometry": {"type": "Point", "coordinates": [9.44086, 35.31809]}, "properties": {"record_id": "oai:u-bordeaux-montaigne.fr:340516", "symbol_class": "building", "pixel_x": 2080.0, "pixel_y": 4110.7, "easting": 458211.3, "northing": 224297.5, "epsg_source": 22391}}, {"type": "Feature", "geometry": {"type": "Point", "coordinates": [9.70236, 35.30171]}, "properties": {"record_id": "oai:u-bordeaux-montaigne.fr:340516", "symbol_class": "building", "pixel_x": 7720.0, "pixel_y": 4119.7, "easting": 481979.0, "northing": 222400.6, "epsg_source": 22391}}, {"type": "Feature", "geometry": {"type": "Point", "coordinates": [9.59981, 35.3082]}, "properties": {"record_id": "oai:u-bordeaux-montaigne.fr:340516", "symbol_class": "building", "pixel_x": 5508.0, "pixel_y": 4116.4, "easting": 472657.3, "northing": 223143.7, "epsg_source": 22391}}, {"type": "Feature", "geometry": {"type": "Point", "coordinates": [9.64548, 35.30529]}, "properties": {"record_id": "oai:u-bordeaux-montaigne.fr:340516", "symbol_class": "building", "pixel_x": 6493.2, "pixel_y": 4118.7, "easting": 476808.9, "northing": 222809.3, "epsg_source": 22391}}, {"type": "Feature", "geometry": {"type": "Point", "coordinates": [9.41403, 35.31937]}, "properties": {"record_id": "oai:u-bordeaux-montaigne.fr:340516", "symbol_class": "building", "pixel_x": 1502.2, "pixel_y": 4119.5, "easting": 455773.1, "northing": 224451.1, "epsg_source": 22391}}, {"type": "Feature", "geometry": {"type": "Point", "coordinates": [9.43978, 35.31789]}, "properties": {"record_id": "oai:u-bordeaux-montaigne.fr:340516", "symbol_class": "building", "pixel_x": 2057.2, "pixel_y": 4117.7, "easting": 458113.0, "northing": 224275.5, "epsg_source": 22391}}, {"type": "Feature", "geometry": {"type": "Point", "coordinates": [9.59875, 35.30823]}, "properties": {"record_id": "oai:u-bordeaux-montaigne.fr:340516", "symbol_class": "building", "pixel_x": 5485.2, "pixel_y": 4117.2, "easting": 472560.7, "northing": 223147.9, "epsg_source": 22391}}, {"type": "Feature", "geometry": {"type": "Point", "coordinates": [9.44155, 35.31772]}, "properties": {"record_id": "oai:u-bordeaux-montaigne.fr:340516", "symbol_class": "building", "pixel_x": 2095.6, "pixel_y": 4119.5, "easting": 458274.1, "northing": 224255.4, "epsg_source": 22391}}, {"type": "Feature", "geometry": {"type": "Point", "coordinates": [9.44108, 35.31758]}, "properties": {"record_id": "oai:u-bordeaux-montaigne.fr:340516", "symbol_class": "building", "pixel_x": 2085.7, "pixel_y": 4123.8, "easting": 458231.0, "northing": 224240.9, "epsg_source": 22391}}, {"type": "Feature", "geometry": {"type": "Point", "coordinates": [9.44876, 35.31711]}, "properties": {"record_id": "oai:u-bordeaux-montaigne.fr:340516", "symbol_class": "building", "pixel_x": 2251.3, "pixel_y": 4124.2, "easting": 458928.8, "northing": 224184.7, "epsg_source": 22391}}, {"type": "Feature", "geometry": {"type": "Point", "coordinates": [9.65389, 35.30472]}, "properties": {"record_id": "oai:u-bordeaux-montaigne.fr:340516", "symbol_class": "building", "pixel_x": 6674.6, "pixel_y": 4119.9, "easting": 477572.7, "northing": 222744.1, "epsg_source": 22391}}, {"type": "Feature", "geometry": {"type": "Point", "coordinates": [9.43817, 35.31776]}, "properties": {"record_id": "oai:u-bordeaux-montaigne.fr:340516", "symbol_class": "building", "pixel_x": 2023.0, "pixel_y": 4123.8, "easting": 457966.8, "northing": 224261.4, "epsg_source": 22391}}, {"type": "Feature", "geometry": {"type": "Point", "coordinates": [9.62013, 35.30678]}, "properties": {"record_id": "oai:u-bordeaux-montaigne.fr:340516", "symbol_class": "building", "pixel_x": 5946.6, "pixel_y": 4120.6, "easting": 474504.5, "northing": 222981.3, "epsg_source": 22391}}, {"type": "Feature", "geometry": {"type": "Point", "coordinates": [9.61929, 35.30677]}, "properties": {"record_id": "oai:u-bordeaux-montaigne.fr:340516", "symbol_class": "building", "pixel_x": 5928.6, "pixel_y": 4122.3, "easting": 474427.9, "northing": 222980.2, "epsg_source": 22391}}, {"type": "Feature", "geometry": {"type": "Point", "coordinates": [9.65437, 35.30445]}, "properties": {"record_id": "oai:u-bordeaux-montaigne.fr:340516", "symbol_class": "building", "pixel_x": 6685.4, "pixel_y": 4126.3, "easting": 477616.5, "northing": 222714.0, "epsg_source": 22391}}, {"type": "Feature", "geometry": {"type": "Point", "coordinates": [9.43787, 35.31758]}, "properties": {"record_id": "oai:u-bordeaux-montaigne.fr:340516", "symbol_class": "building", "pixel_x": 2016.9, "pixel_y": 4129.1, "easting": 457939.5, "northing": 224241.3, "epsg_source": 22391}}, {"type": "Feature", "geometry": {"type": "Point", "coordinates": [9.43949, 35.31732]}, "properties": {"record_id": "oai:u-bordeaux-montaigne.fr:340516", "symbol_class": "building", "pixel_x": 2052.1, "pixel_y": 4133.4, "easting": 458086.3, "northing": 224211.8, "epsg_source": 22391}}, {"type": "Feature", "geometry": {"type": "Point", "coordinates": [9.44232, 35.31728]}, "properties": {"record_id": "oai:u-bordeaux-montaigne.fr:340516", "symbol_class": "building", "pixel_x": 2112.9, "pixel_y": 4129.8, "easting": 458343.9, "northing": 224206.5, "epsg_source": 22391}}, {"type": "Feature", "geometry": {"type": "Point", "coordinates": [9.43981, 35.31734]}, "properties": {"record_id": "oai:u-bordeaux-montaigne.fr:340516", "symbol_class": "building", "pixel_x": 2058.8, "pixel_y": 4132.1, "easting": 458115.2, "northing": 224214.8, "epsg_source": 22391}}, {"type": "Feature", "geometry": {"type": "Point", "coordinates": [9.61344, 35.30676]}, "properties": {"record_id": "oai:u-bordeaux-montaigne.fr:340516", "symbol_class": "building", "pixel_x": 5803.0, "pixel_y": 4132.2, "easting": 473895.8, "northing": 222980.2, "epsg_source": 22391}}, {"type": "Feature", "geometry": {"type": "Point", "coordinates": [9.70238, 35.30116]}, "properties": {"record_id": "oai:u-bordeaux-montaigne.fr:340516", "symbol_class": "building", "pixel_x": 7721.6, "pixel_y": 4134.1, "easting": 481981.1, "northing": 222339.7, "epsg_source": 22391}}, {"type": "Feature", "geometry": {"type": "Point", "coordinates": [9.43676, 35.31722]}, "properties": {"record_id": "oai:u-bordeaux-montaigne.fr:340516", "symbol_class": "building", "pixel_x": 1993.7, "pixel_y": 4140.1, "easting": 457838.3, "northing": 224202.7, "epsg_source": 22391}}, {"type": "Feature", "geometry": {"type": "Point", "coordinates": [9.60963, 35.30676]}, "properties": {"record_id": "oai:u-bordeaux-montaigne.fr:340516", "symbol_class": "building", "pixel_x": 5721.5, "pixel_y": 4138.4, "easting": 473550.0, "northing": 222981.2, "epsg_source": 22391}}, {"type": "Feature", "geometry": {"type": "Point", "coordinates": [9.43896, 35.31685]}, "properties": {"record_id": "oai:u-bordeaux-montaigne.fr:340516", "symbol_class": "building", "pixel_x": 2041.6, "pixel_y": 4146.4, "easting": 458037.9, "northing": 224160.6, "epsg_source": 22391}}, {"type": "Feature", "geometry": {"type": "Point", "coordinates": [9.4408, 35.31664]}, "properties": {"record_id": "oai:u-bordeaux-montaigne.fr:340516", "symbol_class": "building", "pixel_x": 2081.5, "pixel_y": 4149.1, "easting": 458205.4, "northing": 224136.2, "epsg_source": 22391}}, {"type": "Feature", "geometry": {"type": "Point", "coordinates": [9.58523, 35.30804]}, "properties": {"record_id": "oai:u-bordeaux-montaigne.fr:340516", "symbol_class": "building", "pixel_x": 5195.6, "pixel_y": 4144.2, "easting": 471332.0, "northing": 223130.2, "epsg_source": 22391}}, {"type": "Feature", "geometry": {"type": "Point", "coordinates": [9.59239, 35.30738]}, "properties": {"record_id": "oai:u-bordeaux-montaigne.fr:340516", "symbol_class": "building", "pixel_x": 5350.4, "pixel_y": 4149.9, "easting": 471982.3, "northing": 223055.4, "epsg_source": 22391}}, {"type": "Feature", "geometry": {"type": "Point", "coordinates": [9.43652, 35.31696]}, "properties": {"record_id": "oai:u-bordeaux-montaigne.fr:340516", "symbol_class": "building", "pixel_x": 1989.0, "pixel_y": 4147.5, "easting": 457816.1, "northing": 224173.4, "epsg_source": 22391}}, {"type": "Feature", "geometry": {"type": "Point", "coordinates": [9.43703, 35.31673]}, "properties": {"record_id": "oai:u-bordeaux-montaigne.fr:340516", "symbol_class": "building", "pixel_x": 2000.4, "pixel_y": 4152.7, "easting": 457862.4, "northing": 224148.0, "epsg_source": 22391}}, {"type": "Feature", "geometry": {"type": "Point", "coordinates": [9.61389, 35.30587]}, "properties": {"record_id": "oai:u-bordeaux-montaigne.fr:340516", "symbol_class": "building", "pixel_x": 5814.5, "pixel_y": 4154.7, "easting": 473937.1, "northing": 222881.9, "epsg_source": 22391}}, {"type": "Feature", "geometry": {"type": "Point", "coordinates": [9.44205, 35.3164]}, "properties": {"record_id": "oai:u-bordeaux-montaigne.fr:340516", "symbol_class": "building", "pixel_x": 2108.7, "pixel_y": 4153.5, "easting": 458318.8, "northing": 224108.8, "epsg_source": 22391}}, {"type": "Feature", "geometry": {"type": "Point", "coordinates": [9.43902, 35.31628]}, "properties": {"record_id": "oai:u-bordeaux-montaigne.fr:340516", "symbol_class": "building", "pixel_x": 2044.0, "pixel_y": 4161.3, "easting": 458043.4, "northing": 224097.5, "epsg_source": 22391}}, {"type": "Feature", "geometry": {"type": "Point", "coordinates": [9.44088, 35.31598]}, "properties": {"record_id": "oai:u-bordeaux-montaigne.fr:340516", "symbol_class": "building", "pixel_x": 2084.4, "pixel_y": 4166.3, "easting": 458212.4, "northing": 224063.0, "epsg_source": 22391}}, {"type": "Feature", "geometry": {"type": "Point", "coordinates": [9.71337, 35.2992]}, "properties": {"record_id": "oai:u-bordeaux-montaigne.fr:340516", "symbol_class": "building", "pixel_x": 7961.0, "pixel_y": 4167.7, "easting": 482979.8, "northing": 222120.1, "epsg_source": 22391}}, {"type": "Feature", "geometry": {"type": "Point", "coordinates": [9.43899, 35.31582]}, "properties": {"record_id": "oai:u-bordeaux-montaigne.fr:340516", "symbol_class": "building", "pixel_x": 2044.0, "pixel_y": 4173.5, "easting": 458039.7, "northing": 224046.4, "epsg_source": 22391}}, {"type": "Feature", "geometry": {"type": "Point", "coordinates": [9.61206, 35.3052]}, "properties": {"record_id": "oai:u-bordeaux-montaigne.fr:340516", "symbol_class": "building", "pixel_x": 5776.5, "pixel_y": 4175.3, "easting": 473770.5, "northing": 222808.2, "epsg_source": 22391}}, {"type": "Feature", "geometry": {"type": "Point", "coordinates": [9.70233, 35.29931]}, "properties": {"record_id": "oai:u-bordeaux-montaigne.fr:340516", "symbol_class": "building", "pixel_x": 7724.1, "pixel_y": 4183.1, "easting": 481976.2, "northing": 222133.7, "epsg_source": 22391}}, {"type": "Feature", "geometry": {"type": "Point", "coordinates": [9.61264, 35.30485]}, "properties": {"record_id": "oai:u-bordeaux-montaigne.fr:340516", "symbol_class": "building", "pixel_x": 5789.5, "pixel_y": 4183.7, "easting": 473822.7, "northing": 222768.7, "epsg_source": 22391}}, {"type": "Feature", "geometry": {"type": "Point", "coordinates": [9.72694, 35.29783]}, "properties": {"record_id": "oai:u-bordeaux-montaigne.fr:340516", "symbol_class": "building", "pixel_x": 8254.9, "pixel_y": 4181.6, "easting": 484214.1, "northing": 221965.1, "epsg_source": 22391}}, {"type": "Feature", "geometry": {"type": "Point", "coordinates": [9.72585, 35.29782]}, "properties": {"record_id": "oai:u-bordeaux-montaigne.fr:340516", "symbol_class": "building", "pixel_x": 8231.5, "pixel_y": 4183.5, "easting": 484114.8, "northing": 221964.6, "epsg_source": 22391}}, {"type": "Feature", "geometry": {"type": "Point", "coordinates": [9.72429, 35.29783]}, "properties": {"record_id": "oai:u-bordeaux-montaigne.fr:340516", "symbol_class": "building", "pixel_x": 8198.0, "pixel_y": 4185.9, "easting": 483972.7, "northing": 221965.5, "epsg_source": 22391}}, {"type": "Feature", "geometry": {"type": "Point", "coordinates": [9.72364, 35.29782]}, "properties": {"record_id": "oai:u-bordeaux-montaigne.fr:340516", "symbol_class": "building", "pixel_x": 8184.1, "pixel_y": 4187.1, "easting": 483913.8, "northing": 221965.2, "epsg_source": 22391}}, {"type": "Feature", "geometry": {"type": "Point", "coordinates": [9.58566, 35.30614]}, "properties": {"record_id": "oai:u-bordeaux-montaigne.fr:340516", "symbol_class": "building", "pixel_x": 5208.4, "pixel_y": 4193.4, "easting": 471370.5, "northing": 222919.7, "epsg_source": 22391}}, {"type": "Feature", "geometry": {"type": "Point", "coordinates": [9.61282, 35.30424]}, "properties": {"record_id": "oai:u-bordeaux-montaigne.fr:340516", "symbol_class": "building", "pixel_x": 5794.7, "pixel_y": 4199.6, "easting": 473839.3, "northing": 222700.5, "epsg_source": 22391}}, {"type": "Feature", "geometry": {"type": "Point", "coordinates": [9.71708, 35.29783]}, "properties": {"record_id": "oai:u-bordeaux-montaigne.fr:340516", "symbol_class": "building", "pixel_x": 8043.2, "pixel_y": 4197.7, "easting": 483317.0, "northing": 221967.2, "epsg_source": 22391}}, {"type": "Feature", "geometry": {"type": "Point", "coordinates": [9.58521, 35.3059]}, "properties": {"record_id": "oai:u-bordeaux-montaigne.fr:340516", "symbol_class": "building", "pixel_x": 5199.1, "pixel_y": 4200.6, "easting": 471329.1, "northing": 222892.7, "epsg_source": 22391}}, {"type": "Feature", "geometry": {"type": "Point", "coordinates": [9.71335, 35.29784]}, "properties": {"record_id": "oai:u-bordeaux-montaigne.fr:340516", "symbol_class": "building", "pixel_x": 7963.3, "pixel_y": 4203.6, "easting": 482978.3, "northing": 221968.9, "epsg_source": 22391}}, {"type": "Feature", "geometry": {"type": "Point", "coordinates": [9.71425, 35.29782]}, "properties": {"record_id": "oai:u-bordeaux-montaigne.fr:340516", "symbol_class": "building", "pixel_x": 7982.7, "pixel_y": 4202.6, "easting": 483060.1, "northing": 221966.6, "epsg_source": 22391}}, {"type": "Feature", "geometry": {"type": "Point", "coordinates": [9.61284, 35.30361]}, "properties": {"record_id": "oai:u-bordeaux-montaigne.fr:340516", "symbol_class": "building", "pixel_x": 5796.2, "pixel_y": 4216.1, "easting": 473840.5, "northing": 222631.0, "epsg_source": 22391}}, {"type": "Feature", "geometry": {"type": "Point", "coordinates": [9.58531, 35.30542]}, "properties": {"record_id": "oai:u-bordeaux-montaigne.fr:340516", "symbol_class": "building", "pixel_x": 5202.2, "pixel_y": 4213.0, "easting": 471338.1, "northing": 222839.7, "epsg_source": 22391}}, {"type": "Feature", "geometry": {"type": "Point", "coordinates": [9.60462, 35.30406]}, "properties": {"record_id": "oai:u-bordeaux-montaigne.fr:340516", "symbol_class": "building", "pixel_x": 5619.0, "pixel_y": 4217.6, "easting": 473093.1, "northing": 222683.1, "epsg_source": 22391}}, {"type": "Feature", "geometry": {"type": "Point", "coordinates": [9.61083, 35.30362]}, "properties": {"record_id": "oai:u-bordeaux-montaigne.fr:340516", "symbol_class": "building", "pixel_x": 5753.0, "pixel_y": 4219.0, "easting": 473657.8, "northing": 222633.2, "epsg_source": 22391}}, {"type": "Feature", "geometry": {"type": "Point", "coordinates": [9.60539, 35.304]}, "properties": {"record_id": "oai:u-bordeaux-montaigne.fr:340516", "symbol_class": "building", "pixel_x": 5635.6, "pixel_y": 4217.8, "easting": 473163.4, "northing": 222676.7, "epsg_source": 22391}}, {"type": "Feature", "geometry": {"type": "Point", "coordinates": [9.70352, 35.29785]}, "properties": {"record_id": "oai:u-bordeaux-montaigne.fr:340516", "symbol_class": "building", "pixel_x": 7752.4, "pixel_y": 4219.5, "easting": 482084.1, "northing": 221971.8, "epsg_source": 22391}}, {"type": "Feature", "geometry": {"type": "Point", "coordinates": [9.58281, 35.30524]}, "properties": {"record_id": "oai:u-bordeaux-montaigne.fr:340516", "symbol_class": "building", "pixel_x": 5148.9, "pixel_y": 4221.7, "easting": 471110.9, "northing": 222820.9, "epsg_source": 22391}}, {"type": "Feature", "geometry": {"type": "Point", "coordinates": [9.57963, 35.30518]}, "properties": {"record_id": "oai:u-bordeaux-montaigne.fr:340516", "symbol_class": "building", "pixel_x": 5080.9, "pixel_y": 4228.4, "easting": 470821.9, "northing": 222815.1, "epsg_source": 22391}}, {"type": "Feature", "geometry": {"type": "Point", "coordinates": [9.61123, 35.30337]}, "properties": {"record_id": "oai:u-bordeaux-montaigne.fr:340516", "symbol_class": "building", "pixel_x": 5762.1, "pixel_y": 4225.1, "easting": 473694.0, "northing": 222604.6, "epsg_source": 22391}}, {"type": "Feature", "geometry": {"type": "Point", "coordinates": [9.61286, 35.30294]}, "properties": {"record_id": "oai:u-bordeaux-montaigne.fr:340516", "symbol_class": "building", "pixel_x": 5797.8, "pixel_y": 4233.7, "easting": 473841.9, "northing": 222556.8, "epsg_source": 22391}}, {"type": "Feature", "geometry": {"type": "Point", "coordinates": [9.60554, 35.30352]}, "properties": {"record_id": "oai:u-bordeaux-montaigne.fr:340516", "symbol_class": "building", "pixel_x": 5639.7, "pixel_y": 4230.2, "easting": 473176.5, "northing": 222623.2, "epsg_source": 22391}}, {"type": "Feature", "geometry": {"type": "Point", "coordinates": [9.69625, 35.29785]}, "properties": {"record_id": "oai:u-bordeaux-montaigne.fr:340516", "symbol_class": "building", "pixel_x": 7596.4, "pixel_y": 4231.5, "easting": 481423.2, "northing": 221972.9, "epsg_source": 22391}}, {"type": "Feature", "geometry": {"type": "Point", "coordinates": [9.58118, 35.30485]}, "properties": {"record_id": "oai:u-bordeaux-montaigne.fr:340516", "symbol_class": "building", "pixel_x": 5114.7, "pixel_y": 4234.7, "easting": 470962.7, "northing": 222777.7, "epsg_source": 22391}}, {"type": "Feature", "geometry": {"type": "Point", "coordinates": [9.6914, 35.29778]}, "properties": {"record_id": "oai:u-bordeaux-montaigne.fr:340516", "symbol_class": "building", "pixel_x": 7492.6, "pixel_y": 4241.2, "easting": 480982.3, "northing": 221966.5, "epsg_source": 22391}}, {"type": "Feature", "geometry": {"type": "Point", "coordinates": [9.60667, 35.30297]}, "properties": {"record_id": "oai:u-bordeaux-montaigne.fr:340516", "symbol_class": "building", "pixel_x": 5664.9, "pixel_y": 4242.9, "easting": 473279.1, "northing": 222562.0, "epsg_source": 22391}}, {"type": "Feature", "geometry": {"type": "Point", "coordinates": [9.58036, 35.30457]}, "properties": {"record_id": "oai:u-bordeaux-montaigne.fr:340516", "symbol_class": "building", "pixel_x": 5097.5, "pixel_y": 4243.5, "easting": 470887.3, "northing": 222746.5, "epsg_source": 22391}}, {"type": "Feature", "geometry": {"type": "Point", "coordinates": [9.68935, 35.29786]}, "properties": {"record_id": "oai:u-bordeaux-montaigne.fr:340516", "symbol_class": "building", "pixel_x": 7448.4, "pixel_y": 4242.4, "easting": 480795.8, "northing": 221976.2, "epsg_source": 22391}}, {"type": "Feature", "geometry": {"type": "Point", "coordinates": [9.57981, 35.30434]}, "properties": {"record_id": "oai:u-bordeaux-montaigne.fr:340516", "symbol_class": "building", "pixel_x": 5086.2, "pixel_y": 4250.2, "easting": 470837.7, "northing": 222722.0, "epsg_source": 22391}}, {"type": "Feature", "geometry": {"type": "Point", "coordinates": [9.62174, 35.30162]}, "properties": {"record_id": "oai:u-bordeaux-montaigne.fr:340516", "symbol_class": "building", "pixel_x": 5990.8, "pixel_y": 4253.9, "easting": 474648.8, "northing": 222408.6, "epsg_source": 22391}}, {"type": "Feature", "geometry": {"type": "Point", "coordinates": [9.43819, 35.31245]}, "properties": {"record_id": "oai:u-bordeaux-montaigne.fr:340516", "symbol_class": "building", "pixel_x": 2033.0, "pixel_y": 4263.5, "easting": 457965.2, "northing": 223672.8, "epsg_source": 22391}}, {"type": "Feature", "geometry": {"type": "Point", "coordinates": [9.58289, 35.3038]}, "properties": {"record_id": "oai:u-bordeaux-montaigne.fr:340516", "symbol_class": "building", "pixel_x": 5153.3, "pixel_y": 4259.5, "easting": 471117.4, "northing": 222661.1, "epsg_source": 22391}}, {"type": "Feature", "geometry": {"type": "Point", "coordinates": [9.62125, 35.30139]}, "properties": {"record_id": "oai:u-bordeaux-montaigne.fr:340516", "symbol_class": "building", "pixel_x": 5980.9, "pixel_y": 4260.9, "easting": 474604.9, "northing": 222382.3, "epsg_source": 22391}}, {"type": "Feature", "geometry": {"type": "Point", "coordinates": [9.61427, 35.30128]}, "properties": {"record_id": "oai:u-bordeaux-montaigne.fr:340516", "symbol_class": "building", "pixel_x": 5831.3, "pixel_y": 4275.1, "easting": 473970.1, "northing": 222372.2, "epsg_source": 22391}}, {"type": "Feature", "geometry": {"type": "Point", "coordinates": [9.71338, 35.29543]}, "properties": {"record_id": "oai:u-bordeaux-montaigne.fr:340516", "symbol_class": "building", "pixel_x": 7968.5, "pixel_y": 4267.0, "easting": 482980.2, "northing": 221701.6, "epsg_source": 22391}}, {"type": "Feature", "geometry": {"type": "Point", "coordinates": [9.58101, 35.30357]}, "properties": {"record_id": "oai:u-bordeaux-montaigne.fr:340516", "symbol_class": "building", "pixel_x": 5113.3, "pixel_y": 4268.8, "easting": 470946.1, "northing": 222635.4, "epsg_source": 22391}}, {"type": "Feature", "geometry": {"type": "Point", "coordinates": [9.72982, 35.29428]}, "properties": {"record_id": "oai:u-bordeaux-montaigne.fr:340516", "symbol_class": "building", "pixel_x": 8323.3, "pixel_y": 4270.2, "easting": 484474.7, "northing": 221571.0, "epsg_source": 22391}}, {"type": "Feature", "geometry": {"type": "Point", "coordinates": [9.62174, 35.30102]}, "properties": {"record_id": "oai:u-bordeaux-montaigne.fr:340516", "symbol_class": "building", "pixel_x": 5992.0, "pixel_y": 4269.7, "easting": 474649.3, "northing": 222341.9, "epsg_source": 22391}}, {"type": "Feature", "geometry": {"type": "Point", "coordinates": [9.70236, 35.29585]}, "properties": {"record_id": "oai:u-bordeaux-montaigne.fr:340516", "symbol_class": "building", "pixel_x": 7731.3, "pixel_y": 4274.1, "easting": 481978.1, "northing": 221749.9, "epsg_source": 22391}}, {"type": "Feature", "geometry": {"type": "Point", "coordinates": [9.58006, 35.30346]}, "properties": {"record_id": "oai:u-bordeaux-montaigne.fr:340516", "symbol_class": "building", "pixel_x": 5093.2, "pixel_y": 4273.2, "easting": 470860.0, "northing": 222623.7, "epsg_source": 22391}}, {"type": "Feature", "geometry": {"type": "Point", "coordinates": [9.62071, 35.30091]}, "properties": {"record_id": "oai:u-bordeaux-montaigne.fr:340516", "symbol_class": "building", "pixel_x": 5970.0, "pixel_y": 4274.3, "easting": 474554.9, "northing": 222329.7, "epsg_source": 22391}}, {"type": "Feature", "geometry": {"type": "Point", "coordinates": [9.62417, 35.3005]}, "properties": {"record_id": "oai:u-bordeaux-montaigne.fr:340516", "symbol_class": "building", "pixel_x": 6045.0, "pixel_y": 4279.5, "easting": 474869.4, "northing": 222283.3, "epsg_source": 22391}}, {"type": "Feature", "geometry": {"type": "Point", "coordinates": [9.71334, 35.29481]}, "properties": {"record_id": "oai:u-bordeaux-montaigne.fr:340516", "symbol_class": "building", "pixel_x": 7968.9, "pixel_y": 4283.4, "easting": 482976.6, "northing": 221632.8, "epsg_source": 22391}}, {"type": "Feature", "geometry": {"type": "Point", "coordinates": [9.58036, 35.30303]}, "properties": {"record_id": "oai:u-bordeaux-montaigne.fr:340516", "symbol_class": "building", "pixel_x": 5100.5, "pixel_y": 4284.0, "easting": 470887.2, "northing": 222575.8, "epsg_source": 22391}}, {"type": "Feature", "geometry": {"type": "Point", "coordinates": [9.70232, 35.29503]}, "properties": {"record_id": "oai:u-bordeaux-montaigne.fr:340516", "symbol_class": "building", "pixel_x": 7732.0, "pixel_y": 4295.6, "easting": 481974.4, "northing": 221659.6, "epsg_source": 22391}}, {"type": "Feature", "geometry": {"type": "Point", "coordinates": [9.72429, 35.29376]}, "properties": {"record_id": "oai:u-bordeaux-montaigne.fr:340516", "symbol_class": "building", "pixel_x": 8205.6, "pixel_y": 4293.1, "easting": 483971.6, "northing": 221514.2, "epsg_source": 22391}}, {"type": "Feature", "geometry": {"type": "Point", "coordinates": [9.65826, 35.2976]}, "properties": {"record_id": "oai:u-bordeaux-montaigne.fr:340516", "symbol_class": "building", "pixel_x": 6781.9, "pixel_y": 4300.3, "easting": 477968.9, "northing": 221953.2, "epsg_source": 22391}}, {"type": "Feature", "geometry": {"type": "Point", "coordinates": [9.72767, 35.29308]}, "properties": {"record_id": "oai:u-bordeaux-montaigne.fr:340516", "symbol_class": "building", "pixel_x": 8279.5, "pixel_y": 4305.2, "easting": 484279.0, "northing": 221438.9, "epsg_source": 22391}}, {"type": "Feature", "geometry": {"type": "Point", "coordinates": [9.72424, 35.29304]}, "properties": {"record_id": "oai:u-bordeaux-montaigne.fr:340516", "symbol_class": "building", "pixel_x": 8206.1, "pixel_y": 4312.0, "easting": 483967.4, "northing": 221434.6, "epsg_source": 22391}}, {"type": "Feature", "geometry": {"type": "Point", "coordinates": [9.61616, 35.29953]}, "properties": {"record_id": "oai:u-bordeaux-montaigne.fr:340516", "symbol_class": "building", "pixel_x": 5875.1, "pixel_y": 4318.1, "easting": 474141.2, "northing": 222177.8, "epsg_source": 22391}}, {"type": "Feature", "geometry": {"type": "Point", "coordinates": [9.72421, 35.29266]}, "properties": {"record_id": "oai:u-bordeaux-montaigne.fr:340516", "symbol_class": "building", "pixel_x": 8206.2, "pixel_y": 4322.0, "easting": 483964.8, "northing": 221392.8, "epsg_source": 22391}}, {"type": "Feature", "geometry": {"type": "Point", "coordinates": [9.61646, 35.2991]}, "properties": {"record_id": "oai:u-bordeaux-montaigne.fr:340516", "symbol_class": "building", "pixel_x": 5882.3, "pixel_y": 4329.0, "easting": 474168.1, "northing": 222129.5, "epsg_source": 22391}}, {"type": "Feature", "geometry": {"type": "Point", "coordinates": [9.6182, 35.29881]}, "properties": {"record_id": "oai:u-bordeaux-montaigne.fr:340516", "symbol_class": "building", "pixel_x": 5920.1, "pixel_y": 4333.7, "easting": 474325.9, "northing": 222097.5, "epsg_source": 22391}}, {"type": "Feature", "geometry": {"type": "Point", "coordinates": [9.72427, 35.29196]}, "properties": {"record_id": "oai:u-bordeaux-montaigne.fr:340516", "symbol_class": "building", "pixel_x": 8208.6, "pixel_y": 4340.3, "easting": 483969.4, "northing": 221315.4, "epsg_source": 22391}}, {"type": "Feature", "geometry": {"type": "Point", "coordinates": [9.55918, 35.30192]}, "properties": {"record_id": "oai:u-bordeaux-montaigne.fr:340516", "symbol_class": "building", "pixel_x": 4648.2, "pixel_y": 4347.3, "easting": 468960.9, "northing": 222459.7, "epsg_source": 22391}}, {"type": "Feature", "geometry": {"type": "Point", "coordinates": [9.61243, 35.29903]}, "properties": {"record_id": "oai:u-bordeaux-montaigne.fr:340516", "symbol_class": "building", "pixel_x": 5796.0, "pixel_y": 4337.3, "easting": 473801.8, "northing": 222123.3, "epsg_source": 22391}}, {"type": "Feature", "geometry": {"type": "Point", "coordinates": [9.61112, 35.29896]}, "properties": {"record_id": "oai:u-bordeaux-montaigne.fr:340516", "symbol_class": "building", "pixel_x": 5768.0, "pixel_y": 4341.3, "easting": 473682.7, "northing": 222115.6, "epsg_source": 22391}}, {"type": "Feature", "geometry": {"type": "Point", "coordinates": [9.61629, 35.2987]}, "properties": {"record_id": "oai:u-bordeaux-montaigne.fr:340516", "symbol_class": "building", "pixel_x": 5879.3, "pixel_y": 4339.7, "easting": 474152.2, "northing": 222086.0, "epsg_source": 22391}}, {"type": "Feature", "geometry": {"type": "Point", "coordinates": [9.61141, 35.29891]}, "properties": {"record_id": "oai:u-bordeaux-montaigne.fr:340516", "symbol_class": "building", "pixel_x": 5774.2, "pixel_y": 4342.1, "easting": 473708.5, "northing": 222110.4, "epsg_source": 22391}}, {"type": "Feature", "geometry": {"type": "Point", "coordinates": [9.65826, 35.2957]}, "properties": {"record_id": "oai:u-bordeaux-montaigne.fr:340516", "symbol_class": "building", "pixel_x": 6785.5, "pixel_y": 4350.3, "easting": 477968.0, "northing": 221742.7, "epsg_source": 22391}}, {"type": "Feature", "geometry": {"type": "Point", "coordinates": [9.61191, 35.29873]}, "properties": {"record_id": "oai:u-bordeaux-montaigne.fr:340516", "symbol_class": "building", "pixel_x": 5785.3, "pixel_y": 4346.0, "easting": 473754.2, "northing": 222090.4, "epsg_source": 22391}}, {"type": "Feature", "geometry": {"type": "Point", "coordinates": [9.7023, 35.29299]}, "properties": {"record_id": "oai:u-bordeaux-montaigne.fr:340516", "symbol_class": "building", "pixel_x": 7735.4, "pixel_y": 4349.3, "easting": 481972.1, "northing": 221433.5, "epsg_source": 22391}}, {"type": "Feature", "geometry": {"type": "Point", "coordinates": [9.61129, 35.29853]}, "properties": {"record_id": "oai:u-bordeaux-montaigne.fr:340516", "symbol_class": "building", "pixel_x": 5772.5, "pixel_y": 4352.3, "easting": 473698.3, "northing": 222068.3, "epsg_source": 22391}}, {"type": "Feature", "geometry": {"type": "Point", "coordinates": [9.61203, 35.29828]}, "properties": {"record_id": "oai:u-bordeaux-montaigne.fr:340516", "symbol_class": "building", "pixel_x": 5788.9, "pixel_y": 4357.8, "easting": 473765.5, "northing": 222039.9, "epsg_source": 22391}}, {"type": "Feature", "geometry": {"type": "Point", "coordinates": [9.63619, 35.29656]}, "properties": {"record_id": "oai:u-bordeaux-montaigne.fr:340516", "symbol_class": "building", "pixel_x": 6310.5, "pixel_y": 4363.7, "easting": 475961.9, "northing": 221843.1, "epsg_source": 22391}}, {"type": "Feature", "geometry": {"type": "Point", "coordinates": [9.59238, 35.2992]}, "properties": {"record_id": "oai:u-bordeaux-montaigne.fr:340516", "symbol_class": "building", "pixel_x": 5365.6, "pixel_y": 4365.2, "easting": 471979.0, "northing": 222148.2, "epsg_source": 22391}}, {"type": "Feature", "geometry": {"type": "Point", "coordinates": [9.57302, 35.30004]}, "properties": {"record_id": "oai:u-bordeaux-montaigne.fr:340516", "symbol_class": "building", "pixel_x": 4948.7, "pixel_y": 4374.5, "easting": 470218.9, "northing": 222246.7, "epsg_source": 22391}}, {"type": "Feature", "geometry": {"type": "Point", "coordinates": [9.61426, 35.29746]}, "properties": {"record_id": "oai:u-bordeaux-montaigne.fr:340516", "symbol_class": "building", "pixel_x": 5838.2, "pixel_y": 4375.7, "easting": 473967.8, "northing": 221948.6, "epsg_source": 22391}}, {"type": "Feature", "geometry": {"type": "Point", "coordinates": [9.55918, 35.30098]}, "properties": {"record_id": "oai:u-bordeaux-montaigne.fr:340516", "symbol_class": "building", "pixel_x": 4650.0, "pixel_y": 4372.2, "easting": 468960.9, "northing": 222355.0, "epsg_source": 22391}}, {"type": "Feature", "geometry": {"type": "Point", "coordinates": [9.66706, 35.29334]}, "properties": {"record_id": "oai:u-bordeaux-montaigne.fr:340516", "symbol_class": "building", "pixel_x": 6978.7, "pixel_y": 4398.1, "easting": 478767.5, "northing": 221478.6, "epsg_source": 22391}}, {"type": "Feature", "geometry": {"type": "Point", "coordinates": [9.66655, 35.29301]}, "properties": {"record_id": "oai:u-bordeaux-montaigne.fr:340516", "symbol_class": "building", "pixel_x": 6968.5, "pixel_y": 4407.5, "easting": 478721.4, "northing": 221442.8, "epsg_source": 22391}}, {"type": "Feature", "geometry": {"type": "Point", "coordinates": [9.66776, 35.29285]}, "properties": {"record_id": "oai:u-bordeaux-montaigne.fr:340516", "symbol_class": "building", "pixel_x": 6994.7, "pixel_y": 4409.9, "easting": 478831.3, "northing": 221424.1, "epsg_source": 22391}}, {"type": "Feature", "geometry": {"type": "Point", "coordinates": [9.59239, 35.29732]}, "properties": {"record_id": "oai:u-bordeaux-montaigne.fr:340516", "symbol_class": "building", "pixel_x": 5369.3, "pixel_y": 4414.7, "easting": 471979.4, "northing": 221939.6, "epsg_source": 22391}}, {"type": "Feature", "geometry": {"type": "Point", "coordinates": [9.57037, 35.29847]}, "properties": {"record_id": "oai:u-bordeaux-montaigne.fr:340516", "symbol_class": "building", "pixel_x": 4894.6, "pixel_y": 4420.1, "easting": 469977.0, "northing": 222073.5, "epsg_source": 22391}}, {"type": "Feature", "geometry": {"type": "Point", "coordinates": [9.66605, 35.29257]}, "properties": {"record_id": "oai:u-bordeaux-montaigne.fr:340516", "symbol_class": "building", "pixel_x": 6958.4, "pixel_y": 4420.0, "easting": 478675.2, "northing": 221393.7, "epsg_source": 22391}}, {"type": "Feature", "geometry": {"type": "Point", "coordinates": [9.72721, 35.28882]}, "properties": {"record_id": "oai:u-bordeaux-montaigne.fr:340516", "symbol_class": "building", "pixel_x": 8277.7, "pixel_y": 4418.3, "easting": 484236.0, "northing": 220965.9, "epsg_source": 22391}}, {"type": "Feature", "geometry": {"type": "Point", "coordinates": [9.72592, 35.28881]}, "properties": {"record_id": "oai:u-bordeaux-montaigne.fr:340516", "symbol_class": "building", "pixel_x": 8250.2, "pixel_y": 4420.7, "easting": 484119.1, "northing": 220964.8, "epsg_source": 22391}}, {"type": "Feature", "geometry": {"type": "Point", "coordinates": [9.66775, 35.2923]}, "properties": {"record_id": "oai:u-bordeaux-montaigne.fr:340516", "symbol_class": "building", "pixel_x": 6995.4, "pixel_y": 4424.4, "easting": 478829.8, "northing": 221363.2, "epsg_source": 22391}}, {"type": "Feature", "geometry": {"type": "Point", "coordinates": [9.72425, 35.28876]}, "properties": {"record_id": "oai:u-bordeaux-montaigne.fr:340516", "symbol_class": "building", "pixel_x": 8214.4, "pixel_y": 4424.6, "easting": 483967.4, "northing": 220960.5, "epsg_source": 22391}}, {"type": "Feature", "geometry": {"type": "Point", "coordinates": [9.59238, 35.29663]}, "properties": {"record_id": "oai:u-bordeaux-montaigne.fr:340516", "symbol_class": "building", "pixel_x": 5370.3, "pixel_y": 4432.9, "easting": 471977.6, "northing": 221863.0, "epsg_source": 22391}}, {"type": "Feature", "geometry": {"type": "Point", "coordinates": [9.72362, 35.28883]}, "properties": {"record_id": "oai:u-bordeaux-montaigne.fr:340516", "symbol_class": "building", "pixel_x": 8200.8, "pixel_y": 4423.9, "easting": 483910.3, "northing": 220967.8, "epsg_source": 22391}}, {"type": "Feature", "geometry": {"type": "Point", "coordinates": [9.72135, 35.28879]}, "properties": {"record_id": "oai:u-bordeaux-montaigne.fr:340516", "symbol_class": "building", "pixel_x": 8152.1, "pixel_y": 4428.6, "easting": 483703.4, "northing": 220964.2, "epsg_source": 22391}}, {"type": "Feature", "geometry": {"type": "Point", "coordinates": [9.71768, 35.28881]}, "properties": {"record_id": "oai:u-bordeaux-montaigne.fr:340516", "symbol_class": "building", "pixel_x": 8073.3, "pixel_y": 4434.1, "easting": 483369.7, "northing": 220967.1, "epsg_source": 22391}}, {"type": "Feature", "geometry": {"type": "Point", "coordinates": [9.6664, 35.29184]}, "properties": {"record_id": "oai:u-bordeaux-montaigne.fr:340516", "symbol_class": "building", "pixel_x": 6967.5, "pixel_y": 4438.5, "easting": 478707.6, "northing": 221313.2, "epsg_source": 22391}}, {"type": "Feature", "geometry": {"type": "Point", "coordinates": [9.66732, 35.29173]}, "properties": {"record_id": "oai:u-bordeaux-montaigne.fr:340516", "symbol_class": "building", "pixel_x": 6987.4, "pixel_y": 4440.0, "easting": 478791.0, "northing": 221300.2, "epsg_source": 22391}}, {"type": "Feature", "geometry": {"type": "Point", "coordinates": [9.70228, 35.28945]}, "properties": {"record_id": "oai:u-bordeaux-montaigne.fr:340516", "symbol_class": "building", "pixel_x": 7741.8, "pixel_y": 4442.8, "easting": 481969.5, "northing": 221040.1, "epsg_source": 22391}}, {"type": "Feature", "geometry": {"type": "Point", "coordinates": [9.55918, 35.29822]}, "properties": {"record_id": "oai:u-bordeaux-montaigne.fr:340516", "symbol_class": "building", "pixel_x": 4655.1, "pixel_y": 4444.8, "easting": 468959.6, "northing": 222049.1, "epsg_source": 22391}}, {"type": "Feature", "geometry": {"type": "Point", "coordinates": [9.71337, 35.2888]}, "properties": {"record_id": "oai:u-bordeaux-montaigne.fr:340516", "symbol_class": "building", "pixel_x": 7981.0, "pixel_y": 4441.4, "easting": 482978.1, "northing": 220966.8, "epsg_source": 22391}}, {"type": "Feature", "geometry": {"type": "Point", "coordinates": [9.71246, 35.28883]}, "properties": {"record_id": "oai:u-bordeaux-montaigne.fr:340516", "symbol_class": "building", "pixel_x": 7961.3, "pixel_y": 4442.3, "easting": 482894.9, "northing": 220969.5, "epsg_source": 22391}}, {"type": "Feature", "geometry": {"type": "Point", "coordinates": [9.39366, 35.3082]}, "properties": {"record_id": "oai:u-bordeaux-montaigne.fr:340516", "symbol_class": "building", "pixel_x": 1085.6, "pixel_y": 4446.0, "easting": 453914.9, "northing": 223220.8, "epsg_source": 22391}}, {"type": "Feature", "geometry": {"type": "Point", "coordinates": [9.70883, 35.28881]}, "properties": {"record_id": "oai:u-bordeaux-montaigne.fr:340516", "symbol_class": "building", "pixel_x": 7883.4, "pixel_y": 4448.8, "easting": 482564.6, "northing": 220968.1, "epsg_source": 22391}}, {"type": "Feature", "geometry": {"type": "Point", "coordinates": [9.69137, 35.28952]}, "properties": {"record_id": "oai:u-bordeaux-montaigne.fr:340516", "symbol_class": "building", "pixel_x": 7507.6, "pixel_y": 4458.9, "easting": 480977.7, "northing": 221049.8, "epsg_source": 22391}}, {"type": "Feature", "geometry": {"type": "Point", "coordinates": [9.7023, 35.28881]}, "properties": {"record_id": "oai:u-bordeaux-montaigne.fr:340516", "symbol_class": "building", "pixel_x": 7743.3, "pixel_y": 4459.4, "easting": 481970.8, "northing": 220969.8, "epsg_source": 22391}}, {"type": "Feature", "geometry": {"type": "Point", "coordinates": [9.55919, 35.29715]}, "properties": {"record_id": "oai:u-bordeaux-montaigne.fr:340516", "symbol_class": "building", "pixel_x": 4657.3, "pixel_y": 4473.1, "easting": 468960.3, "northing": 221929.9, "epsg_source": 22391}}, {"type": "Feature", "geometry": {"type": "Point", "coordinates": [9.69868, 35.28882]}, "properties": {"record_id": "oai:u-bordeaux-montaigne.fr:340516", "symbol_class": "building", "pixel_x": 7665.6, "pixel_y": 4465.2, "easting": 481641.5, "northing": 220971.2, "epsg_source": 22391}}, {"type": "Feature", "geometry": {"type": "Point", "coordinates": [9.69223, 35.2888]}, "properties": {"record_id": "oai:u-bordeaux-montaigne.fr:340516", "symbol_class": "building", "pixel_x": 7527.3, "pixel_y": 4476.4, "easting": 481055.1, "northing": 220970.1, "epsg_source": 22391}}, {"type": "Feature", "geometry": {"type": "Point", "coordinates": [9.6891, 35.2888]}, "properties": {"record_id": "oai:u-bordeaux-montaigne.fr:340516", "symbol_class": "building", "pixel_x": 7460.2, "pixel_y": 4481.4, "easting": 480770.6, "northing": 220971.1, "epsg_source": 22391}}, {"type": "Feature", "geometry": {"type": "Point", "coordinates": [9.69137, 35.28832]}, "properties": {"record_id": "oai:u-bordeaux-montaigne.fr:340516", "symbol_class": "building", "pixel_x": 7509.9, "pixel_y": 4490.3, "easting": 480977.3, "northing": 220917.5, "epsg_source": 22391}}, {"type": "Feature", "geometry": {"type": "Point", "coordinates": [9.69138, 35.28767]}, "properties": {"record_id": "oai:u-bordeaux-montaigne.fr:340516", "symbol_class": "building", "pixel_x": 7511.4, "pixel_y": 4507.5, "easting": 480978.2, "northing": 220844.9, "epsg_source": 22391}}, {"type": "Feature", "geometry": {"type": "Point", "coordinates": [9.65829, 35.2894]}, "properties": {"record_id": "oai:u-bordeaux-montaigne.fr:340516", "symbol_class": "building", "pixel_x": 6798.0, "pixel_y": 4516.0, "easting": 477969.0, "northing": 221044.4, "epsg_source": 22391}}, {"type": "Feature", "geometry": {"type": "Point", "coordinates": [9.7023, 35.28661]}, "properties": {"record_id": "oai:u-bordeaux-montaigne.fr:340516", "symbol_class": "building", "pixel_x": 7747.5, "pixel_y": 4517.3, "easting": 481970.4, "northing": 220725.8, "epsg_source": 22391}}, {"type": "Feature", "geometry": {"type": "Point", "coordinates": [9.66922, 35.28839]}, "properties": {"record_id": "oai:u-bordeaux-montaigne.fr:340516", "symbol_class": "building", "pixel_x": 7034.4, "pixel_y": 4524.8, "easting": 478962.6, "northing": 220929.5, "epsg_source": 22391}}, {"type": "Feature", "geometry": {"type": "Point", "coordinates": [9.70227, 35.28568]}, "properties": {"record_id": "oai:u-bordeaux-montaigne.fr:340516", "symbol_class": "building", "pixel_x": 7748.6, "pixel_y": 4542.0, "easting": 481967.4, "northing": 220621.9, "epsg_source": 22391}}, {"type": "Feature", "geometry": {"type": "Point", "coordinates": [9.395, 35.30417]}, "properties": {"record_id": "oai:u-bordeaux-montaigne.fr:340516", "symbol_class": "building", "pixel_x": 1121.6, "pixel_y": 4549.8, "easting": 454034.1, "northing": 222774.2, "epsg_source": 22391}}, {"type": "Feature", "geometry": {"type": "Point", "coordinates": [9.59241, 35.29189]}, "properties": {"record_id": "oai:u-bordeaux-montaigne.fr:340516", "symbol_class": "building", "pixel_x": 5379.8, "pixel_y": 4557.8, "easting": 471978.5, "northing": 221336.7, "epsg_source": 22391}}, {"type": "Feature", "geometry": {"type": "Point", "coordinates": [9.63445, 35.28928]}, "properties": {"record_id": "oai:u-bordeaux-montaigne.fr:340516", "symbol_class": "building", "pixel_x": 6286.8, "pixel_y": 4558.1, "easting": 475801.4, "northing": 221036.4, "epsg_source": 22391}}, {"type": "Feature", "geometry": {"type": "Point", "coordinates": [9.63526, 35.28925]}, "properties": {"record_id": "oai:u-bordeaux-montaigne.fr:340516", "symbol_class": "building", "pixel_x": 6304.2, "pixel_y": 4557.6, "easting": 475874.9, "northing": 221032.8, "epsg_source": 22391}}, {"type": "Feature", "geometry": {"type": "Point", "coordinates": [9.62135, 35.29009]}, "properties": {"record_id": "oai:u-bordeaux-montaigne.fr:340516", "symbol_class": "building", "pixel_x": 6004.1, "pixel_y": 4558.2, "easting": 474609.7, "northing": 221129.5, "epsg_source": 22391}}, {"type": "Feature", "geometry": {"type": "Point", "coordinates": [9.62206, 35.29004]}, "properties": {"record_id": "oai:u-bordeaux-montaigne.fr:340516", "symbol_class": "building", "pixel_x": 6019.6, "pixel_y": 4558.4, "easting": 474674.9, "northing": 221123.4, "epsg_source": 22391}}, {"type": "Feature", "geometry": {"type": "Point", "coordinates": [9.64974, 35.28821]}, "properties": {"record_id": "oai:u-bordeaux-montaigne.fr:340516", "symbol_class": "building", "pixel_x": 6616.7, "pixel_y": 4561.4, "easting": 477190.7, "northing": 220914.1, "epsg_source": 22391}}, {"type": "Feature", "geometry": {"type": "Point", "coordinates": [9.72943, 35.28316]}, "properties": {"record_id": "oai:u-bordeaux-montaigne.fr:340516", "symbol_class": "building", "pixel_x": 8336.3, "pixel_y": 4563.4, "easting": 484437.5, "northing": 220338.7, "epsg_source": 22391}}, {"type": "Feature", "geometry": {"type": "Point", "coordinates": [9.64817, 35.28808]}, "properties": {"record_id": "oai:u-bordeaux-montaigne.fr:340516", "symbol_class": "building", "pixel_x": 6583.3, "pixel_y": 4567.5, "easting": 477048.1, "northing": 220899.5, "epsg_source": 22391}}, {"type": "Feature", "geometry": {"type": "Point", "coordinates": [9.7133, 35.28371]}, "properties": {"record_id": "oai:u-bordeaux-montaigne.fr:340516", "symbol_class": "building", "pixel_x": 7989.0, "pixel_y": 4575.8, "easting": 482970.0, "northing": 220401.4, "epsg_source": 22391}}, {"type": "Feature", "geometry": {"type": "Point", "coordinates": [9.54669, 35.29268]}, "properties": {"record_id": "oai:u-bordeaux-montaigne.fr:340516", "symbol_class": "building", "pixel_x": 4397.4, "pixel_y": 4610.8, "easting": 467821.8, "northing": 221438.7, "epsg_source": 22391}}, {"type": "Feature", "geometry": {"type": "Point", "coordinates": [9.54629, 35.2927]}, "properties": {"record_id": "oai:u-bordeaux-montaigne.fr:340516", "symbol_class": "building", "pixel_x": 4388.8, "pixel_y": 4610.9, "easting": 467785.3, "northing": 221441.4, "epsg_source": 22391}}, {"type": "Feature", "geometry": {"type": "Point", "coordinates": [9.55034, 35.29235]}, "properties": {"record_id": "oai:u-bordeaux-montaigne.fr:340516", "symbol_class": "building", "pixel_x": 4476.4, "pixel_y": 4613.7, "easting": 468153.5, "northing": 221400.6, "epsg_source": 22391}}, {"type": "Feature", "geometry": {"type": "Point", "coordinates": [9.54657, 35.29178]}, "properties": {"record_id": "oai:u-bordeaux-montaigne.fr:340516", "symbol_class": "building", "pixel_x": 4396.5, "pixel_y": 4634.7, "easting": 467810.1, "northing": 221338.8, "epsg_source": 22391}}, {"type": "Feature", "geometry": {"type": "Point", "coordinates": [9.54684, 35.29173]}, "properties": {"record_id": "oai:u-bordeaux-montaigne.fr:340516", "symbol_class": "building", "pixel_x": 4402.4, "pixel_y": 4635.7, "easting": 467834.9, "northing": 221332.8, "epsg_source": 22391}}, {"type": "Feature", "geometry": {"type": "Point", "coordinates": [9.72384, 35.27983]}, "properties": {"record_id": "oai:u-bordeaux-montaigne.fr:340516", "symbol_class": "building", "pixel_x": 8222.7, "pixel_y": 4660.6, "easting": 483928.3, "northing": 219969.2, "epsg_source": 22391}}, {"type": "Feature", "geometry": {"type": "Point", "coordinates": [9.72196, 35.27983]}, "properties": {"record_id": "oai:u-bordeaux-montaigne.fr:340516", "symbol_class": "building", "pixel_x": 8182.2, "pixel_y": 4663.5, "easting": 483756.7, "northing": 219970.2, "epsg_source": 22391}}, {"type": "Feature", "geometry": {"type": "Point", "coordinates": [9.58133, 35.28843]}, "properties": {"record_id": "oai:u-bordeaux-montaigne.fr:340516", "symbol_class": "building", "pixel_x": 5148.7, "pixel_y": 4666.8, "easting": 470970.3, "northing": 220956.4, "epsg_source": 22391}}, {"type": "Feature", "geometry": {"type": "Point", "coordinates": [9.72043, 35.27982]}, "properties": {"record_id": "oai:u-bordeaux-montaigne.fr:340516", "symbol_class": "building", "pixel_x": 8149.5, "pixel_y": 4666.3, "easting": 483618.0, "northing": 219969.4, "epsg_source": 22391}}, {"type": "Feature", "geometry": {"type": "Point", "coordinates": [9.71898, 35.27985]}, "properties": {"record_id": "oai:u-bordeaux-montaigne.fr:340516", "symbol_class": "building", "pixel_x": 8118.3, "pixel_y": 4667.9, "easting": 483486.1, "northing": 219972.9, "epsg_source": 22391}}, {"type": "Feature", "geometry": {"type": "Point", "coordinates": [9.72418, 35.27922]}, "properties": {"record_id": "oai:u-bordeaux-montaigne.fr:340516", "symbol_class": "building", "pixel_x": 8231.1, "pixel_y": 4676.0, "easting": 483959.0, "northing": 219901.9, "epsg_source": 22391}}, {"type": "Feature", "geometry": {"type": "Point", "coordinates": [9.71475, 35.27985]}, "properties": {"record_id": "oai:u-bordeaux-montaigne.fr:340516", "symbol_class": "building", "pixel_x": 8027.6, "pixel_y": 4674.8, "easting": 483101.8, "northing": 219973.9, "epsg_source": 22391}}, {"type": "Feature", "geometry": {"type": "Point", "coordinates": [9.71583, 35.27986]}, "properties": {"record_id": "oai:u-bordeaux-montaigne.fr:340516", "symbol_class": "building", "pixel_x": 8050.7, "pixel_y": 4673.0, "easting": 483199.3, "northing": 219973.8, "epsg_source": 22391}}, {"type": "Feature", "geometry": {"type": "Point", "coordinates": [9.65828, 35.28302]}, "properties": {"record_id": "oai:u-bordeaux-montaigne.fr:340516", "symbol_class": "building", "pixel_x": 6809.9, "pixel_y": 4684.2, "easting": 477966.4, "northing": 220336.2, "epsg_source": 22391}}, {"type": "Feature", "geometry": {"type": "Point", "coordinates": [9.69139, 35.28054]}, "properties": {"record_id": "oai:u-bordeaux-montaigne.fr:340516", "symbol_class": "building", "pixel_x": 7525.0, "pixel_y": 4695.2, "easting": 480976.7, "northing": 220054.0, "epsg_source": 22391}}, {"type": "Feature", "geometry": {"type": "Point", "coordinates": [9.53075, 35.29044]}, "properties": {"record_id": "oai:u-bordeaux-montaigne.fr:340516", "symbol_class": "building", "pixel_x": 4059.6, "pixel_y": 4695.5, "easting": 466371.4, "northing": 221195.3, "epsg_source": 22391}}, {"type": "Feature", "geometry": {"type": "Point", "coordinates": [9.70228, 35.27986]}, "properties": {"record_id": "oai:u-bordeaux-montaigne.fr:340516", "symbol_class": "building", "pixel_x": 7760.0, "pixel_y": 4695.2, "easting": 481967.2, "northing": 219976.5, "epsg_source": 22391}}, {"type": "Feature", "geometry": {"type": "Point", "coordinates": [9.65827, 35.28195]}, "properties": {"record_id": "oai:u-bordeaux-montaigne.fr:340516", "symbol_class": "building", "pixel_x": 6811.6, "pixel_y": 4712.3, "easting": 477965.0, "northing": 220217.8, "epsg_source": 22391}}, {"type": "Feature", "geometry": {"type": "Point", "coordinates": [9.53106, 35.29004]}, "properties": {"record_id": "oai:u-bordeaux-montaigne.fr:340516", "symbol_class": "building", "pixel_x": 4067.0, "pixel_y": 4705.4, "easting": 466399.2, "northing": 221151.4, "epsg_source": 22391}}, {"type": "Feature", "geometry": {"type": "Point", "coordinates": [9.66924, 35.28122]}, "properties": {"record_id": "oai:u-bordeaux-montaigne.fr:340516", "symbol_class": "building", "pixel_x": 7048.5, "pixel_y": 4713.5, "easting": 478962.9, "northing": 220134.6, "epsg_source": 22391}}, {"type": "Feature", "geometry": {"type": "Point", "coordinates": [9.6924, 35.27986]}, "properties": {"record_id": "oai:u-bordeaux-montaigne.fr:340516", "symbol_class": "building", "pixel_x": 7548.0, "pixel_y": 4711.3, "easting": 481068.7, "northing": 219979.1, "epsg_source": 22391}}, {"type": "Feature", "geometry": {"type": "Point", "coordinates": [9.69136, 35.2798]}, "properties": {"record_id": "oai:u-bordeaux-montaigne.fr:340516", "symbol_class": "building", "pixel_x": 7525.9, "pixel_y": 4714.7, "easting": 480974.4, "northing": 219972.2, "epsg_source": 22391}}, {"type": "Feature", "geometry": {"type": "Point", "coordinates": [9.68856, 35.27985]}, "properties": {"record_id": "oai:u-bordeaux-montaigne.fr:340516", "symbol_class": "building", "pixel_x": 7465.7, "pixel_y": 4717.9, "easting": 480719.7, "northing": 219978.5, "epsg_source": 22391}}, {"type": "Feature", "geometry": {"type": "Point", "coordinates": [9.66922, 35.2808]}, "properties": {"record_id": "oai:u-bordeaux-montaigne.fr:340516", "symbol_class": "building", "pixel_x": 7048.9, "pixel_y": 4724.6, "easting": 478961.2, "northing": 220088.1, "epsg_source": 22391}}, {"type": "Feature", "geometry": {"type": "Point", "coordinates": [9.53113, 35.2892]}, "properties": {"record_id": "oai:u-bordeaux-montaigne.fr:340516", "symbol_class": "building", "pixel_x": 4070.0, "pixel_y": 4727.6, "easting": 466405.0, "northing": 221057.4, "epsg_source": 22391}}, {"type": "Feature", "geometry": {"type": "Point", "coordinates": [9.69133, 35.27928]}, "properties": {"record_id": "oai:u-bordeaux-montaigne.fr:340516", "symbol_class": "building", "pixel_x": 7526.1, "pixel_y": 4728.4, "easting": 480971.0, "northing": 219914.8, "epsg_source": 22391}}, {"type": "Feature", "geometry": {"type": "Point", "coordinates": [9.67715, 35.27984]}, "properties": {"record_id": "oai:u-bordeaux-montaigne.fr:340516", "symbol_class": "building", "pixel_x": 7220.8, "pixel_y": 4736.9, "easting": 479681.6, "northing": 219979.9, "epsg_source": 22391}}, {"type": "Feature", "geometry": {"type": "Point", "coordinates": [9.69138, 35.27843]}, "properties": {"record_id": "oai:u-bordeaux-montaigne.fr:340516", "symbol_class": "building", "pixel_x": 7528.7, "pixel_y": 4750.7, "easting": 480975.2, "northing": 219820.5, "epsg_source": 22391}}, {"type": "Feature", "geometry": {"type": "Point", "coordinates": [9.72418, 35.27665]}, "properties": {"record_id": "oai:u-bordeaux-montaigne.fr:340516", "symbol_class": "building", "pixel_x": 8235.9, "pixel_y": 4743.6, "easting": 483958.1, "northing": 219617.0, "epsg_source": 22391}}, {"type": "Feature", "geometry": {"type": "Point", "coordinates": [9.65826, 35.2804]}, "properties": {"record_id": "oai:u-bordeaux-montaigne.fr:340516", "symbol_class": "building", "pixel_x": 6814.3, "pixel_y": 4753.1, "easting": 477963.5, "northing": 220046.0, "epsg_source": 22391}}, {"type": "Feature", "geometry": {"type": "Point", "coordinates": [9.53112, 35.28801]}, "properties": {"record_id": "oai:u-bordeaux-montaigne.fr:340516", "symbol_class": "building", "pixel_x": 4072.0, "pixel_y": 4758.8, "easting": 466403.8, "northing": 220926.2, "epsg_source": 22391}}, {"type": "Feature", "geometry": {"type": "Point", "coordinates": [9.5511, 35.28658]}, "properties": {"record_id": "oai:u-bordeaux-montaigne.fr:340516", "symbol_class": "building", "pixel_x": 4503.5, "pixel_y": 4764.3, "easting": 468220.7, "northing": 220760.8, "epsg_source": 22391}}, {"type": "Feature", "geometry": {"type": "Point", "coordinates": [9.53082, 35.28764]}, "properties": {"record_id": "oai:u-bordeaux-montaigne.fr:340516", "symbol_class": "building", "pixel_x": 4066.3, "pixel_y": 4769.0, "easting": 466376.6, "northing": 220885.2, "epsg_source": 22391}}, {"type": "Feature", "geometry": {"type": "Point", "coordinates": [9.70226, 35.27694]}, "properties": {"record_id": "oai:u-bordeaux-montaigne.fr:340516", "symbol_class": "building", "pixel_x": 7765.1, "pixel_y": 4772.1, "easting": 481964.6, "northing": 219652.7, "epsg_source": 22391}}, {"type": "Feature", "geometry": {"type": "Point", "coordinates": [9.64616, 35.28045]}, "properties": {"record_id": "oai:u-bordeaux-montaigne.fr:340516", "symbol_class": "building", "pixel_x": 6554.6, "pixel_y": 4771.6, "easting": 476863.0, "northing": 220054.0, "epsg_source": 22391}}, {"type": "Feature", "geometry": {"type": "Point", "coordinates": [9.64576, 35.28034]}, "properties": {"record_id": "oai:u-bordeaux-montaigne.fr:340516", "symbol_class": "building", "pixel_x": 6546.2, "pixel_y": 4775.1, "easting": 476826.8, "northing": 220042.0, "epsg_source": 22391}}, {"type": "Feature", "geometry": {"type": "Point", "coordinates": [9.70223, 35.2763]}, "properties": {"record_id": "oai:u-bordeaux-montaigne.fr:340516", "symbol_class": "building", "pixel_x": 7765.7, "pixel_y": 4788.9, "easting": 481962.2, "northing": 219582.1, "epsg_source": 22391}}, {"type": "Feature", "geometry": {"type": "Point", "coordinates": [9.52183, 35.28734]}, "properties": {"record_id": "oai:u-bordeaux-montaigne.fr:340516", "symbol_class": "building", "pixel_x": 3873.9, "pixel_y": 4791.3, "easting": 465558.6, "northing": 220855.1, "epsg_source": 22391}}, {"type": "Feature", "geometry": {"type": "Point", "coordinates": [9.62481, 35.28046]}, "properties": {"record_id": "oai:u-bordeaux-montaigne.fr:340516", "symbol_class": "building", "pixel_x": 6096.5, "pixel_y": 4806.0, "easting": 474921.5, "northing": 220060.9, "epsg_source": 22391}}, {"type": "Feature", "geometry": {"type": "Point", "coordinates": [9.55304, 35.28493]}, "properties": {"record_id": "oai:u-bordeaux-montaigne.fr:340516", "symbol_class": "building", "pixel_x": 4548.1, "pixel_y": 4804.6, "easting": 468396.0, "northing": 220577.4, "epsg_source": 22391}}, {"type": "Feature", "geometry": {"type": "Point", "coordinates": [9.72418, 35.27408]}, "properties": {"record_id": "oai:u-bordeaux-montaigne.fr:340516", "symbol_class": "building", "pixel_x": 8240.9, "pixel_y": 4811.3, "easting": 483957.8, "northing": 219331.8, "epsg_source": 22391}}, {"type": "Feature", "geometry": {"type": "Point", "coordinates": [9.55346, 35.28443]}, "properties": {"record_id": "oai:u-bordeaux-montaigne.fr:340516", "symbol_class": "building", "pixel_x": 4558.1, "pixel_y": 4817.1, "easting": 468434.4, "northing": 220521.8, "epsg_source": 22391}}, {"type": "Feature", "geometry": {"type": "Point", "coordinates": [9.62449, 35.27975]}, "properties": {"record_id": "oai:u-bordeaux-montaigne.fr:340516", "symbol_class": "building", "pixel_x": 6091.1, "pixel_y": 4825.3, "easting": 474892.6, "northing": 219981.9, "epsg_source": 22391}}, {"type": "Feature", "geometry": {"type": "Point", "coordinates": [9.54791, 35.28418]}, "properties": {"record_id": "oai:u-bordeaux-montaigne.fr:340516", "symbol_class": "building", "pixel_x": 4439.4, "pixel_y": 4832.6, "easting": 467929.3, "northing": 220495.9, "epsg_source": 22391}}, {"type": "Feature", "geometry": {"type": "Point", "coordinates": [9.72416, 35.2721]}, "properties": {"record_id": "oai:u-bordeaux-montaigne.fr:340516", "symbol_class": "building", "pixel_x": 8244.3, "pixel_y": 4863.4, "easting": 483955.8, "northing": 219112.3, "epsg_source": 22391}}, {"type": "Feature", "geometry": {"type": "Point", "coordinates": [9.39508, 35.29254]}, "properties": {"record_id": "oai:u-bordeaux-montaigne.fr:340516", "symbol_class": "building", "pixel_x": 1144.5, "pixel_y": 4856.0, "easting": 454034.9, "northing": 221484.0, "epsg_source": 22391}}, {"type": "Feature", "geometry": {"type": "Point", "coordinates": [9.53352, 35.28411]}, "properties": {"record_id": "oai:u-bordeaux-montaigne.fr:340516", "symbol_class": "building", "pixel_x": 4130.7, "pixel_y": 4857.7, "easting": 466620.3, "northing": 220492.3, "epsg_source": 22391}}, {"type": "Feature", "geometry": {"type": "Point", "coordinates": [9.71325, 35.27266]}, "properties": {"record_id": "oai:u-bordeaux-montaigne.fr:340516", "symbol_class": "building", "pixel_x": 8009.1, "pixel_y": 4866.7, "easting": 482963.7, "northing": 219176.1, "epsg_source": 22391}}, {"type": "Feature", "geometry": {"type": "Point", "coordinates": [9.45275, 35.28871]}, "properties": {"record_id": "oai:u-bordeaux-montaigne.fr:340516", "symbol_class": "building", "pixel_x": 2389.0, "pixel_y": 4865.5, "easting": 459277.0, "northing": 221033.9, "epsg_source": 22391}}, {"type": "Feature", "geometry": {"type": "Point", "coordinates": [9.54868, 35.28277]}, "properties": {"record_id": "oai:u-bordeaux-montaigne.fr:340516", "symbol_class": "building", "pixel_x": 4458.6, "pixel_y": 4868.6, "easting": 467998.6, "northing": 220338.9, "epsg_source": 22391}}, {"type": "Feature", "geometry": {"type": "Point", "coordinates": [9.5175, 35.28466]}, "properties": {"record_id": "oai:u-bordeaux-montaigne.fr:340516", "symbol_class": "building", "pixel_x": 3786.0, "pixel_y": 4869.0, "easting": 465163.7, "northing": 220558.9, "epsg_source": 22391}}, {"type": "Feature", "geometry": {"type": "Point", "coordinates": [9.51913, 35.28455]}, "properties": {"record_id": "oai:u-bordeaux-montaigne.fr:340516", "symbol_class": "building", "pixel_x": 3821.2, "pixel_y": 4869.2, "easting": 465312.1, "northing": 220546.3, "epsg_source": 22391}}, {"type": "Feature", "geometry": {"type": "Point", "coordinates": [9.6638, 35.27538]}, "properties": {"record_id": "oai:u-bordeaux-montaigne.fr:340516", "symbol_class": "building", "pixel_x": 6942.8, "pixel_y": 4876.3, "easting": 478466.6, "northing": 219487.3, "epsg_source": 22391}}, {"type": "Feature", "geometry": {"type": "Point", "coordinates": [9.51941, 35.28425]}, "properties": {"record_id": "oai:u-bordeaux-montaigne.fr:340516", "symbol_class": "building", "pixel_x": 3827.8, "pixel_y": 4876.5, "easting": 465337.5, "northing": 220513.4, "epsg_source": 22391}}, {"type": "Feature", "geometry": {"type": "Point", "coordinates": [9.58138, 35.28041]}, "properties": {"record_id": "oai:u-bordeaux-montaigne.fr:340516", "symbol_class": "building", "pixel_x": 5164.6, "pixel_y": 4878.0, "easting": 470971.5, "northing": 220066.5, "epsg_source": 22391}}, {"type": "Feature", "geometry": {"type": "Point", "coordinates": [9.72676, 35.27128]}, "properties": {"record_id": "oai:u-bordeaux-montaigne.fr:340516", "symbol_class": "building", "pixel_x": 8301.5, "pixel_y": 4880.8, "easting": 484191.6, "northing": 219020.5, "epsg_source": 22391}}, {"type": "Feature", "geometry": {"type": "Point", "coordinates": [9.71324, 35.27162]}, "properties": {"record_id": "oai:u-bordeaux-montaigne.fr:340516", "symbol_class": "building", "pixel_x": 8011.0, "pixel_y": 4894.2, "easting": 482962.7, "northing": 219060.4, "epsg_source": 22391}}, {"type": "Feature", "geometry": {"type": "Point", "coordinates": [9.51749, 35.28405]}, "properties": {"record_id": "oai:u-bordeaux-montaigne.fr:340516", "symbol_class": "building", "pixel_x": 3786.8, "pixel_y": 4884.9, "easting": 465162.2, "northing": 220491.8, "epsg_source": 22391}}, {"type": "Feature", "geometry": {"type": "Point", "coordinates": [9.51832, 35.28399]}, "properties": {"record_id": "oai:u-bordeaux-montaigne.fr:340516", "symbol_class": "building", "pixel_x": 3804.8, "pixel_y": 4885.2, "easting": 465238.0, "northing": 220484.7, "epsg_source": 22391}}, {"type": "Feature", "geometry": {"type": "Point", "coordinates": [9.57132, 35.28054]}, "properties": {"record_id": "oai:u-bordeaux-montaigne.fr:340516", "symbol_class": "building", "pixel_x": 4948.5, "pixel_y": 4890.7, "easting": 470056.6, "northing": 220084.6, "epsg_source": 22391}}, {"type": "Feature", "geometry": {"type": "Point", "coordinates": [9.51899, 35.28373]}, "properties": {"record_id": "oai:u-bordeaux-montaigne.fr:340516", "symbol_class": "building", "pixel_x": 3819.6, "pixel_y": 4891.1, "easting": 465298.4, "northing": 220455.1, "epsg_source": 22391}}, {"type": "Feature", "geometry": {"type": "Point", "coordinates": [9.447, 35.28808]}, "properties": {"record_id": "oai:u-bordeaux-montaigne.fr:340516", "symbol_class": "building", "pixel_x": 2266.8, "pixel_y": 4891.3, "easting": 458754.1, "northing": 220966.0, "epsg_source": 22391}}, {"type": "Feature", "geometry": {"type": "Point", "coordinates": [9.72926, 35.2707]}, "properties": {"record_id": "oai:u-bordeaux-montaigne.fr:340516", "symbol_class": "building", "pixel_x": 8356.3, "pixel_y": 4891.9, "easting": 484419.0, "northing": 218956.3, "epsg_source": 22391}}, {"type": "Feature", "geometry": {"type": "Point", "coordinates": [9.55916, 35.28107]}, "properties": {"record_id": "oai:u-bordeaux-montaigne.fr:340516", "symbol_class": "building", "pixel_x": 4686.7, "pixel_y": 4896.3, "easting": 468951.4, "northing": 220147.4, "epsg_source": 22391}}, {"type": "Feature", "geometry": {"type": "Point", "coordinates": [9.66403, 35.27453]}, "properties": {"record_id": "oai:u-bordeaux-montaigne.fr:340516", "symbol_class": "building", "pixel_x": 6949.3, "pixel_y": 4898.3, "easting": 478486.8, "northing": 219393.0, "epsg_source": 22391}}, {"type": "Feature", "geometry": {"type": "Point", "coordinates": [9.69137, 35.27262]}, "properties": {"record_id": "oai:u-bordeaux-montaigne.fr:340516", "symbol_class": "building", "pixel_x": 7539.6, "pixel_y": 4903.6, "easting": 480973.0, "northing": 219176.2, "epsg_source": 22391}}, {"type": "Feature", "geometry": {"type": "Point", "coordinates": [9.71961, 35.27072]}, "properties": {"record_id": "oai:u-bordeaux-montaigne.fr:340516", "symbol_class": "building", "pixel_x": 8149.2, "pixel_y": 4907.4, "easting": 483541.2, "northing": 218959.5, "epsg_source": 22391}}, {"type": "Feature", "geometry": {"type": "Point", "coordinates": [9.55919, 35.28035]}, "properties": {"record_id": "oai:u-bordeaux-montaigne.fr:340516", "symbol_class": "building", "pixel_x": 4688.7, "pixel_y": 4915.4, "easting": 468953.7, "northing": 220066.6, "epsg_source": 22391}}, {"type": "Feature", "geometry": {"type": "Point", "coordinates": [9.44605, 35.28742]}, "properties": {"record_id": "oai:u-bordeaux-montaigne.fr:340516", "symbol_class": "building", "pixel_x": 2247.6, "pixel_y": 4910.2, "easting": 458667.0, "northing": 220893.1, "epsg_source": 22391}}, {"type": "Feature", "geometry": {"type": "Point", "coordinates": [9.65201, 35.27481]}, "properties": {"record_id": "oai:u-bordeaux-montaigne.fr:340516", "symbol_class": "building", "pixel_x": 6690.8, "pixel_y": 4910.7, "easting": 477393.4, "northing": 219426.6, "epsg_source": 22391}}, {"type": "Feature", "geometry": {"type": "Point", "coordinates": [9.44682, 35.28717]}, "properties": {"record_id": "oai:u-bordeaux-montaigne.fr:340516", "symbol_class": "building", "pixel_x": 2264.6, "pixel_y": 4915.7, "easting": 458736.9, "northing": 220864.8, "epsg_source": 22391}}, {"type": "Feature", "geometry": {"type": "Point", "coordinates": [9.71523, 35.27066]}, "properties": {"record_id": "oai:u-bordeaux-montaigne.fr:340516", "symbol_class": "building", "pixel_x": 8055.3, "pixel_y": 4916.0, "easting": 483143.0, "northing": 218954.5, "epsg_source": 22391}}, {"type": "Feature", "geometry": {"type": "Point", "coordinates": [9.65627, 35.2742]}, "properties": {"record_id": "oai:u-bordeaux-montaigne.fr:340516", "symbol_class": "building", "pixel_x": 6783.4, "pixel_y": 4919.6, "easting": 477780.9, "northing": 219358.8, "epsg_source": 22391}}, {"type": "Feature", "geometry": {"type": "Point", "coordinates": [9.44726, 35.28688]}, "properties": {"record_id": "oai:u-bordeaux-montaigne.fr:340516", "symbol_class": "building", "pixel_x": 2274.5, "pixel_y": 4922.5, "easting": 458776.6, "northing": 220832.9, "epsg_source": 22391}}, {"type": "Feature", "geometry": {"type": "Point", "coordinates": [9.71322, 35.27066]}, "properties": {"record_id": "oai:u-bordeaux-montaigne.fr:340516", "symbol_class": "building", "pixel_x": 8012.3, "pixel_y": 4919.4, "easting": 482960.4, "northing": 218954.5, "epsg_source": 22391}}, {"type": "Feature", "geometry": {"type": "Point", "coordinates": [9.71265, 35.27067]}, "properties": {"record_id": "oai:u-bordeaux-montaigne.fr:340516", "symbol_class": "building", "pixel_x": 7999.9, "pixel_y": 4920.1, "easting": 482908.1, "northing": 218955.4, "epsg_source": 22391}}, {"type": "Feature", "geometry": {"type": "Point", "coordinates": [9.71205, 35.27067]}, "properties": {"record_id": "oai:u-bordeaux-montaigne.fr:340516", "symbol_class": "building", "pixel_x": 7987.2, "pixel_y": 4921.1, "easting": 482854.1, "northing": 218955.4, "epsg_source": 22391}}, {"type": "Feature", "geometry": {"type": "Point", "coordinates": [9.44688, 35.28683]}, "properties": {"record_id": "oai:u-bordeaux-montaigne.fr:340516", "symbol_class": "building", "pixel_x": 2266.5, "pixel_y": 4924.4, "easting": 458742.5, "northing": 220827.7, "epsg_source": 22391}}, {"type": "Feature", "geometry": {"type": "Point", "coordinates": [9.44774, 35.28646]}, "properties": {"record_id": "oai:u-bordeaux-montaigne.fr:340516", "symbol_class": "building", "pixel_x": 2285.8, "pixel_y": 4932.9, "easting": 458820.8, "northing": 220785.8, "epsg_source": 22391}}, {"type": "Feature", "geometry": {"type": "Point", "coordinates": [9.65527, 35.27392]}, "properties": {"record_id": "oai:u-bordeaux-montaigne.fr:340516", "symbol_class": "building", "pixel_x": 6762.5, "pixel_y": 4928.7, "easting": 477690.3, "northing": 219327.3, "epsg_source": 22391}}, {"type": "Feature", "geometry": {"type": "Point", "coordinates": [9.44832, 35.28653]}, "properties": {"record_id": "oai:u-bordeaux-montaigne.fr:340516", "symbol_class": "building", "pixel_x": 2298.0, "pixel_y": 4930.2, "easting": 458873.3, "northing": 220793.0, "epsg_source": 22391}}, {"type": "Feature", "geometry": {"type": "Point", "coordinates": [9.45, 35.28632]}, "properties": {"record_id": "oai:u-bordeaux-montaigne.fr:340516", "symbol_class": "building", "pixel_x": 2334.5, "pixel_y": 4933.0, "easting": 459026.3, "northing": 220769.0, "epsg_source": 22391}}, {"type": "Feature", "geometry": {"type": "Point", "coordinates": [9.51347, 35.28263]}, "properties": {"record_id": "oai:u-bordeaux-montaigne.fr:340516", "symbol_class": "building", "pixel_x": 3703.2, "pixel_y": 4928.9, "easting": 464796.2, "northing": 220335.3, "epsg_source": 22391}}, {"type": "Feature", "geometry": {"type": "Point", "coordinates": [9.69135, 35.27143]}, "properties": {"record_id": "oai:u-bordeaux-montaigne.fr:340516", "symbol_class": "building", "pixel_x": 7541.4, "pixel_y": 4935.0, "easting": 480971.1, "northing": 219044.2, "epsg_source": 22391}}, {"type": "Feature", "geometry": {"type": "Point", "coordinates": [9.51437, 35.28244]}, "properties": {"record_id": "oai:u-bordeaux-montaigne.fr:340516", "symbol_class": "building", "pixel_x": 3722.8, "pixel_y": 4932.3, "easting": 464877.8, "northing": 220314.4, "epsg_source": 22391}}, {"type": "Feature", "geometry": {"type": "Point", "coordinates": [9.51728, 35.28208]}, "properties": {"record_id": "oai:u-bordeaux-montaigne.fr:340516", "symbol_class": "building", "pixel_x": 3785.9, "pixel_y": 4937.2, "easting": 465142.2, "northing": 220273.0, "epsg_source": 22391}}, {"type": "Feature", "geometry": {"type": "Point", "coordinates": [9.44903, 35.2862]}, "properties": {"record_id": "oai:u-bordeaux-montaigne.fr:340516", "symbol_class": "building", "pixel_x": 2313.8, "pixel_y": 4937.7, "easting": 458937.3, "northing": 220756.5, "epsg_source": 22391}}, {"type": "Feature", "geometry": {"type": "Point", "coordinates": [9.51324, 35.28227]}, "properties": {"record_id": "oai:u-bordeaux-montaigne.fr:340516", "symbol_class": "building", "pixel_x": 3699.0, "pixel_y": 4938.8, "easting": 464775.3, "northing": 220295.1, "epsg_source": 22391}}, {"type": "Feature", "geometry": {"type": "Point", "coordinates": [9.51405, 35.28223]}, "properties": {"record_id": "oai:u-bordeaux-montaigne.fr:340516", "symbol_class": "building", "pixel_x": 3716.5, "pixel_y": 4938.5, "easting": 464849.2, "northing": 220290.5, "epsg_source": 22391}}, {"type": "Feature", "geometry": {"type": "Point", "coordinates": [9.38917, 35.28949]}, "properties": {"record_id": "oai:u-bordeaux-montaigne.fr:340516", "symbol_class": "building", "pixel_x": 1023.3, "pixel_y": 4945.7, "easting": 453496.2, "northing": 221148.3, "epsg_source": 22391}}, {"type": "Feature", "geometry": {"type": "Point", "coordinates": [9.51658, 35.28189]}, "properties": {"record_id": "oai:u-bordeaux-montaigne.fr:340516", "symbol_class": "building", "pixel_x": 3771.4, "pixel_y": 4943.4, "easting": 465079.1, "northing": 220252.1, "epsg_source": 22391}}, {"type": "Feature", "geometry": {"type": "Point", "coordinates": [9.51294, 35.28204]}, "properties": {"record_id": "oai:u-bordeaux-montaigne.fr:340516", "symbol_class": "building", "pixel_x": 3693.0, "pixel_y": 4945.2, "easting": 464748.0, "northing": 220270.3, "epsg_source": 22391}}, {"type": "Feature", "geometry": {"type": "Point", "coordinates": [9.44708, 35.28595]}, "properties": {"record_id": "oai:u-bordeaux-montaigne.fr:340516", "symbol_class": "building", "pixel_x": 2272.4, "pixel_y": 4947.3, "easting": 458760.1, "northing": 220729.6, "epsg_source": 22391}}, {"type": "Feature", "geometry": {"type": "Point", "coordinates": [9.51361, 35.28177]}, "properties": {"record_id": "oai:u-bordeaux-montaigne.fr:340516", "symbol_class": "building", "pixel_x": 3707.8, "pixel_y": 4951.2, "easting": 464808.3, "northing": 220240.0, "epsg_source": 22391}}, {"type": "Feature", "geometry": {"type": "Point", "coordinates": [9.44709, 35.28565]}, "properties": {"record_id": "oai:u-bordeaux-montaigne.fr:340516", "symbol_class": "building", "pixel_x": 2273.3, "pixel_y": 4955.1, "easting": 458761.3, "northing": 220696.7, "epsg_source": 22391}}, {"type": "Feature", "geometry": {"type": "Point", "coordinates": [9.51825, 35.28129]}, "properties": {"record_id": "oai:u-bordeaux-montaigne.fr:340516", "symbol_class": "building", "pixel_x": 3808.2, "pixel_y": 4956.5, "easting": 465230.1, "northing": 220185.1, "epsg_source": 22391}}, {"type": "Feature", "geometry": {"type": "Point", "coordinates": [9.69128, 35.27064]}, "properties": {"record_id": "oai:u-bordeaux-montaigne.fr:340516", "symbol_class": "building", "pixel_x": 7541.4, "pixel_y": 4956.1, "easting": 480964.4, "northing": 218955.9, "epsg_source": 22391}}, {"type": "Feature", "geometry": {"type": "Point", "coordinates": [9.51678, 35.28117]}, "properties": {"record_id": "oai:u-bordeaux-montaigne.fr:340516", "symbol_class": "building", "pixel_x": 3777.1, "pixel_y": 4962.1, "easting": 465097.0, "northing": 220171.8, "epsg_source": 22391}}, {"type": "Feature", "geometry": {"type": "Point", "coordinates": [9.38994, 35.28874]}, "properties": {"record_id": "oai:u-bordeaux-montaigne.fr:340516", "symbol_class": "building", "pixel_x": 1041.1, "pixel_y": 4964.1, "easting": 453565.1, "northing": 221065.2, "epsg_source": 22391}}, {"type": "Feature", "geometry": {"type": "Point", "coordinates": [9.39062, 35.28869]}, "properties": {"record_id": "oai:u-bordeaux-montaigne.fr:340516", "symbol_class": "building", "pixel_x": 1055.8, "pixel_y": 4964.5, "easting": 453627.2, "northing": 221058.9, "epsg_source": 22391}}, {"type": "Feature", "geometry": {"type": "Point", "coordinates": [9.44931, 35.285]}, "properties": {"record_id": "oai:u-bordeaux-montaigne.fr:340516", "symbol_class": "building", "pixel_x": 2322.0, "pixel_y": 4968.8, "easting": 458962.3, "northing": 220623.1, "epsg_source": 22391}}, {"type": "Feature", "geometry": {"type": "Point", "coordinates": [9.45003, 35.28504]}, "properties": {"record_id": "oai:u-bordeaux-montaigne.fr:340516", "symbol_class": "building", "pixel_x": 2337.4, "pixel_y": 4966.6, "easting": 459027.7, "northing": 220627.6, "epsg_source": 22391}}, {"type": "Feature", "geometry": {"type": "Point", "coordinates": [9.68333, 35.27066]}, "properties": {"record_id": "oai:u-bordeaux-montaigne.fr:340516", "symbol_class": "building", "pixel_x": 7370.9, "pixel_y": 4968.6, "easting": 480241.7, "northing": 218959.9, "epsg_source": 22391}}, {"type": "Feature", "geometry": {"type": "Point", "coordinates": [9.7245, 35.26797]}, "properties": {"record_id": "oai:u-bordeaux-montaigne.fr:340516", "symbol_class": "building", "pixel_x": 8259.5, "pixel_y": 4971.7, "easting": 483986.1, "northing": 218653.6, "epsg_source": 22391}}, {"type": "Feature", "geometry": {"type": "Point", "coordinates": [9.38883, 35.2885]}, "properties": {"record_id": "oai:u-bordeaux-montaigne.fr:340516", "symbol_class": "building", "pixel_x": 1017.7, "pixel_y": 4972.3, "easting": 453463.9, "northing": 221038.7, "epsg_source": 22391}}, {"type": "Feature", "geometry": {"type": "Point", "coordinates": [9.38835, 35.28851]}, "properties": {"record_id": "oai:u-bordeaux-montaigne.fr:340516", "symbol_class": "building", "pixel_x": 1007.3, "pixel_y": 4972.7, "easting": 453420.2, "northing": 221040.5, "epsg_source": 22391}}, {"type": "Feature", "geometry": {"type": "Point", "coordinates": [9.55917, 35.2769]}, "properties": {"record_id": "oai:u-bordeaux-montaigne.fr:340516", "symbol_class": "building", "pixel_x": 4694.7, "pixel_y": 5006.1, "easting": 468950.6, "northing": 219684.9, "epsg_source": 22391}}, {"type": "Feature", "geometry": {"type": "Point", "coordinates": [9.44937, 35.28372]}, "properties": {"record_id": "oai:u-bordeaux-montaigne.fr:340516", "symbol_class": "building", "pixel_x": 2325.7, "pixel_y": 5002.3, "easting": 458967.3, "northing": 220481.7, "epsg_source": 22391}}, {"type": "Feature", "geometry": {"type": "Point", "coordinates": [9.58503, 35.27534]}, "properties": {"record_id": "oai:u-bordeaux-montaigne.fr:340516", "symbol_class": "building", "pixel_x": 5252.5, "pixel_y": 5005.6, "easting": 471301.7, "northing": 219503.1, "epsg_source": 22391}}, {"type": "Feature", "geometry": {"type": "Point", "coordinates": [9.5845, 35.27509]}, "properties": {"record_id": "oai:u-bordeaux-montaigne.fr:340516", "symbol_class": "building", "pixel_x": 5241.7, "pixel_y": 5012.9, "easting": 471253.9, "northing": 219476.1, "epsg_source": 22391}}, {"type": "Feature", "geometry": {"type": "Point", "coordinates": [9.66925, 35.26972]}, "properties": {"record_id": "oai:u-bordeaux-montaigne.fr:340516", "symbol_class": "building", "pixel_x": 7070.5, "pixel_y": 5016.3, "easting": 478960.9, "northing": 218859.0, "epsg_source": 22391}}, {"type": "Feature", "geometry": {"type": "Point", "coordinates": [9.71323, 35.26693]}, "properties": {"record_id": "oai:u-bordeaux-montaigne.fr:340516", "symbol_class": "building", "pixel_x": 8019.6, "pixel_y": 5017.6, "easting": 482960.3, "northing": 218540.8, "epsg_source": 22391}}, {"type": "Feature", "geometry": {"type": "Point", "coordinates": [9.67877, 35.26883]}, "properties": {"record_id": "oai:u-bordeaux-montaigne.fr:340516", "symbol_class": "building", "pixel_x": 7276.5, "pixel_y": 5024.3, "easting": 479826.3, "northing": 218757.5, "epsg_source": 22391}}, {"type": "Feature", "geometry": {"type": "Point", "coordinates": [9.55917, 35.27636]}, "properties": {"record_id": "oai:u-bordeaux-montaigne.fr:340516", "symbol_class": "building", "pixel_x": 4695.5, "pixel_y": 5020.6, "easting": 468949.7, "northing": 219624.0, "epsg_source": 22391}}, {"type": "Feature", "geometry": {"type": "Point", "coordinates": [9.5842, 35.2747]}, "properties": {"record_id": "oai:u-bordeaux-montaigne.fr:340516", "symbol_class": "building", "pixel_x": 5236.0, "pixel_y": 5023.8, "easting": 471226.5, "northing": 219432.3, "epsg_source": 22391}}, {"type": "Feature", "geometry": {"type": "Point", "coordinates": [9.58642, 35.27423]}, "properties": {"record_id": "oai:u-bordeaux-montaigne.fr:340516", "symbol_class": "building", "pixel_x": 5284.4, "pixel_y": 5032.6, "easting": 471427.8, "northing": 219379.4, "epsg_source": 22391}}, {"type": "Feature", "geometry": {"type": "Point", "coordinates": [9.58671, 35.27421]}, "properties": {"record_id": "oai:u-bordeaux-montaigne.fr:340516", "symbol_class": "building", "pixel_x": 5290.6, "pixel_y": 5032.5, "easting": 471453.8, "northing": 219377.9, "epsg_source": 22391}}, {"type": "Feature", "geometry": {"type": "Point", "coordinates": [9.69135, 35.26764]}, "properties": {"record_id": "oai:u-bordeaux-montaigne.fr:340516", "symbol_class": "building", "pixel_x": 7548.6, "pixel_y": 5034.9, "easting": 480970.1, "northing": 218623.5, "epsg_source": 22391}}, {"type": "Feature", "geometry": {"type": "Point", "coordinates": [9.58435, 35.27408]}, "properties": {"record_id": "oai:u-bordeaux-montaigne.fr:340516", "symbol_class": "building", "pixel_x": 5240.3, "pixel_y": 5039.8, "easting": 471239.7, "northing": 219363.8, "epsg_source": 22391}}, {"type": "Feature", "geometry": {"type": "Point", "coordinates": [9.64804, 35.27006]}, "properties": {"record_id": "oai:u-bordeaux-montaigne.fr:340516", "symbol_class": "building", "pixel_x": 6614.6, "pixel_y": 5042.1, "easting": 477031.4, "northing": 218901.3, "epsg_source": 22391}}, {"type": "Feature", "geometry": {"type": "Point", "coordinates": [9.61729, 35.27011]}, "properties": {"record_id": "oai:u-bordeaux-montaigne.fr:340516", "symbol_class": "building", "pixel_x": 5954.7, "pixel_y": 5090.8, "easting": 474234.8, "northing": 218914.8, "epsg_source": 22391}}, {"type": "Feature", "geometry": {"type": "Point", "coordinates": [9.7022, 35.26457]}, "properties": {"record_id": "oai:u-bordeaux-montaigne.fr:340516", "symbol_class": "building", "pixel_x": 7787.4, "pixel_y": 5097.8, "easting": 481956.7, "northing": 218281.1, "epsg_source": 22391}}, {"type": "Feature", "geometry": {"type": "Point", "coordinates": [9.72322, 35.26322]}, "properties": {"record_id": "oai:u-bordeaux-montaigne.fr:340516", "symbol_class": "building", "pixel_x": 8241.1, "pixel_y": 5098.8, "easting": 483868.7, "northing": 218127.2, "epsg_source": 22391}}, {"type": "Feature", "geometry": {"type": "Point", "coordinates": [9.40634, 35.28258]}, "properties": {"record_id": "oai:u-bordeaux-montaigne.fr:340516", "symbol_class": "building", "pixel_x": 1404.4, "pixel_y": 5100.6, "easting": 455053.6, "northing": 220373.9, "epsg_source": 22391}}, {"type": "Feature", "geometry": {"type": "Point", "coordinates": [9.64696, 35.26801]}, "properties": {"record_id": "oai:u-bordeaux-montaigne.fr:340516", "symbol_class": "building", "pixel_x": 6595.4, "pixel_y": 5097.7, "easting": 476932.9, "northing": 218674.6, "epsg_source": 22391}}, {"type": "Feature", "geometry": {"type": "Point", "coordinates": [9.65823, 35.26679]}, "properties": {"record_id": "oai:u-bordeaux-montaigne.fr:340516", "symbol_class": "building", "pixel_x": 6839.6, "pixel_y": 5111.5, "easting": 477957.6, "northing": 218536.1, "epsg_source": 22391}}, {"type": "Feature", "geometry": {"type": "Point", "coordinates": [9.72274, 35.26279]}, "properties": {"record_id": "oai:u-bordeaux-montaigne.fr:340516", "symbol_class": "building", "pixel_x": 8231.6, "pixel_y": 5110.8, "easting": 483825.0, "northing": 218080.2, "epsg_source": 22391}}, {"type": "Feature", "geometry": {"type": "Point", "coordinates": [9.72552, 35.26266]}, "properties": {"record_id": "oai:u-bordeaux-montaigne.fr:340516", "symbol_class": "building", "pixel_x": 8291.5, "pixel_y": 5109.6, "easting": 484077.7, "northing": 218065.5, "epsg_source": 22391}}, {"type": "Feature", "geometry": {"type": "Point", "coordinates": [9.60218, 35.2701]}, "properties": {"record_id": "oai:u-bordeaux-montaigne.fr:340516", "symbol_class": "building", "pixel_x": 5630.4, "pixel_y": 5115.7, "easting": 472860.0, "northing": 218917.4, "epsg_source": 22391}}, {"type": "Feature", "geometry": {"type": "Point", "coordinates": [9.60266, 35.26979]}, "properties": {"record_id": "oai:u-bordeaux-montaigne.fr:340516", "symbol_class": "building", "pixel_x": 5641.2, "pixel_y": 5123.2, "easting": 472903.2, "northing": 218882.4, "epsg_source": 22391}}, {"type": "Feature", "geometry": {"type": "Point", "coordinates": [9.72308, 35.26236]}, "properties": {"record_id": "oai:u-bordeaux-montaigne.fr:340516", "symbol_class": "building", "pixel_x": 8239.7, "pixel_y": 5121.7, "easting": 483855.7, "northing": 218032.1, "epsg_source": 22391}}, {"type": "Feature", "geometry": {"type": "Point", "coordinates": [9.71319, 35.26246]}, "properties": {"record_id": "oai:u-bordeaux-montaigne.fr:340516", "symbol_class": "building", "pixel_x": 8027.2, "pixel_y": 5135.4, "easting": 482955.8, "northing": 218044.7, "epsg_source": 22391}}, {"type": "Feature", "geometry": {"type": "Point", "coordinates": [9.72265, 35.2622]}, "properties": {"record_id": "oai:u-bordeaux-montaigne.fr:340516", "symbol_class": "building", "pixel_x": 8230.8, "pixel_y": 5126.7, "easting": 483816.5, "northing": 218014.0, "epsg_source": 22391}}, {"type": "Feature", "geometry": {"type": "Point", "coordinates": [9.65827, 35.26612]}, "properties": {"record_id": "oai:u-bordeaux-montaigne.fr:340516", "symbol_class": "building", "pixel_x": 6841.6, "pixel_y": 5129.1, "easting": 477960.5, "northing": 218461.9, "epsg_source": 22391}}, {"type": "Feature", "geometry": {"type": "Point", "coordinates": [9.60189, 35.26959]}, "properties": {"record_id": "oai:u-bordeaux-montaigne.fr:340516", "symbol_class": "building", "pixel_x": 5625.1, "pixel_y": 5129.5, "easting": 472833.2, "northing": 218861.3, "epsg_source": 22391}}, {"type": "Feature", "geometry": {"type": "Point", "coordinates": [9.7279, 35.26166]}, "properties": {"record_id": "oai:u-bordeaux-montaigne.fr:340516", "symbol_class": "building", "pixel_x": 8344.4, "pixel_y": 5132.1, "easting": 484293.5, "northing": 217954.1, "epsg_source": 22391}}, {"type": "Feature", "geometry": {"type": "Point", "coordinates": [9.7272, 35.26166]}, "properties": {"record_id": "oai:u-bordeaux-montaigne.fr:340516", "symbol_class": "building", "pixel_x": 8329.4, "pixel_y": 5133.2, "easting": 484229.9, "northing": 217954.1, "epsg_source": 22391}}, {"type": "Feature", "geometry": {"type": "Point", "coordinates": [9.55922, 35.27138]}, "properties": {"record_id": "oai:u-bordeaux-montaigne.fr:340516", "symbol_class": "building", "pixel_x": 4706.0, "pixel_y": 5151.6, "easting": 468952.7, "northing": 219071.6, "epsg_source": 22391}}, {"type": "Feature", "geometry": {"type": "Point", "coordinates": [9.71954, 35.26164]}, "properties": {"record_id": "oai:u-bordeaux-montaigne.fr:340516", "symbol_class": "building", "pixel_x": 8165.0, "pixel_y": 5146.4, "easting": 483533.0, "northing": 217953.1, "epsg_source": 22391}}, {"type": "Feature", "geometry": {"type": "Point", "coordinates": [9.55669, 35.27158]}, "properties": {"record_id": "oai:u-bordeaux-montaigne.fr:340516", "symbol_class": "building", "pixel_x": 4651.3, "pixel_y": 5150.4, "easting": 468722.5, "northing": 219094.6, "epsg_source": 22391}}, {"type": "Feature", "geometry": {"type": "Point", "coordinates": [9.72413, 35.26078]}, "properties": {"record_id": "oai:u-bordeaux-montaigne.fr:340516", "symbol_class": "building", "pixel_x": 8265.2, "pixel_y": 5161.6, "easting": 483950.6, "northing": 217856.6, "epsg_source": 22391}}, {"type": "Feature", "geometry": {"type": "Point", "coordinates": [9.66016, 35.26429]}, "properties": {"record_id": "oai:u-bordeaux-montaigne.fr:340516", "symbol_class": "building", "pixel_x": 6885.7, "pixel_y": 5174.2, "easting": 478132.4, "northing": 218258.2, "epsg_source": 22391}}, {"type": "Feature", "geometry": {"type": "Point", "coordinates": [9.55923, 35.26997]}, "properties": {"record_id": "oai:u-bordeaux-montaigne.fr:340516", "symbol_class": "building", "pixel_x": 4708.7, "pixel_y": 5188.6, "easting": 468952.7, "northing": 218915.8, "epsg_source": 22391}}, {"type": "Feature", "geometry": {"type": "Point", "coordinates": [9.66925, 35.26303]}, "properties": {"record_id": "oai:u-bordeaux-montaigne.fr:340516", "symbol_class": "building", "pixel_x": 7083.2, "pixel_y": 5192.4, "easting": 478959.2, "northing": 218117.1, "epsg_source": 22391}}, {"type": "Feature", "geometry": {"type": "Point", "coordinates": [9.675, 35.26284]}, "properties": {"record_id": "oai:u-bordeaux-montaigne.fr:340516", "symbol_class": "building", "pixel_x": 7206.8, "pixel_y": 5188.2, "easting": 479481.5, "northing": 218093.9, "epsg_source": 22391}}, {"type": "Feature", "geometry": {"type": "Point", "coordinates": [9.67583, 35.2625]}, "properties": {"record_id": "oai:u-bordeaux-montaigne.fr:340516", "symbol_class": "building", "pixel_x": 7225.4, "pixel_y": 5195.6, "easting": 479557.6, "northing": 218056.8, "epsg_source": 22391}}, {"type": "Feature", "geometry": {"type": "Point", "coordinates": [9.67528, 35.26231]}, "properties": {"record_id": "oai:u-bordeaux-montaigne.fr:340516", "symbol_class": "building", "pixel_x": 7213.9, "pixel_y": 5201.5, "easting": 479507.0, "northing": 218036.0, "epsg_source": 22391}}, {"type": "Feature", "geometry": {"type": "Point", "coordinates": [9.5814, 35.2677]}, "properties": {"record_id": "oai:u-bordeaux-montaigne.fr:340516", "symbol_class": "building", "pixel_x": 5188.9, "pixel_y": 5212.5, "easting": 470968.9, "northing": 218657.5, "epsg_source": 22391}}, {"type": "Feature", "geometry": {"type": "Point", "coordinates": [9.42657, 35.27715]}, "properties": {"record_id": "oai:u-bordeaux-montaigne.fr:340516", "symbol_class": "building", "pixel_x": 1848.3, "pixel_y": 5211.7, "easting": 456889.8, "northing": 219762.1, "epsg_source": 22391}}, {"type": "Feature", "geometry": {"type": "Point", "coordinates": [9.58139, 35.26713]}, "properties": {"record_id": "oai:u-bordeaux-montaigne.fr:340516", "symbol_class": "building", "pixel_x": 5189.8, "pixel_y": 5227.6, "easting": 470968.0, "northing": 218593.9, "epsg_source": 22391}}, {"type": "Feature", "geometry": {"type": "Point", "coordinates": [9.62518, 35.26445]}, "properties": {"record_id": "oai:u-bordeaux-montaigne.fr:340516", "symbol_class": "building", "pixel_x": 6134.6, "pixel_y": 5227.0, "easting": 474950.1, "northing": 218284.9, "epsg_source": 22391}}, {"type": "Feature", "geometry": {"type": "Point", "coordinates": [9.42501, 35.27624]}, "properties": {"record_id": "oai:u-bordeaux-montaigne.fr:340516", "symbol_class": "building", "pixel_x": 1816.5, "pixel_y": 5237.9, "easting": 456747.4, "northing": 219662.7, "epsg_source": 22391}}, {"type": "Feature", "geometry": {"type": "Point", "coordinates": [9.64771, 35.26279]}, "properties": {"record_id": "oai:u-bordeaux-montaigne.fr:340516", "symbol_class": "building", "pixel_x": 6621.2, "pixel_y": 5234.1, "easting": 476999.0, "northing": 218094.7, "epsg_source": 22391}}, {"type": "Feature", "geometry": {"type": "Point", "coordinates": [9.5814, 35.26655]}, "properties": {"record_id": "oai:u-bordeaux-montaigne.fr:340516", "symbol_class": "building", "pixel_x": 5190.9, "pixel_y": 5242.8, "easting": 470968.1, "northing": 218529.7, "epsg_source": 22391}}, {"type": "Feature", "geometry": {"type": "Point", "coordinates": [9.6582, 35.26145]}, "properties": {"record_id": "oai:u-bordeaux-montaigne.fr:340516", "symbol_class": "building", "pixel_x": 6849.0, "pixel_y": 5252.3, "easting": 477953.1, "northing": 217943.5, "epsg_source": 22391}}, {"type": "Feature", "geometry": {"type": "Point", "coordinates": [9.58138, 35.26593]}, "properties": {"record_id": "oai:u-bordeaux-montaigne.fr:340516", "symbol_class": "building", "pixel_x": 5191.7, "pixel_y": 5259.3, "easting": 470966.0, "northing": 218460.5, "epsg_source": 22391}}, {"type": "Feature", "geometry": {"type": "Point", "coordinates": [9.42628, 35.27526]}, "properties": {"record_id": "oai:u-bordeaux-montaigne.fr:340516", "symbol_class": "building", "pixel_x": 1845.7, "pixel_y": 5261.9, "easting": 456862.9, "northing": 219552.8, "epsg_source": 22391}}, {"type": "Feature", "geometry": {"type": "Point", "coordinates": [9.48205, 35.27163]}, "properties": {"record_id": "oai:u-bordeaux-montaigne.fr:340516", "symbol_class": "building", "pixel_x": 3049.2, "pixel_y": 5268.8, "easting": 461933.4, "northing": 219127.1, "epsg_source": 22391}}, {"type": "Feature", "geometry": {"type": "Point", "coordinates": [9.42579, 35.27476]}, "properties": {"record_id": "oai:u-bordeaux-montaigne.fr:340516", "symbol_class": "building", "pixel_x": 1836.0, "pixel_y": 5275.8, "easting": 456818.0, "northing": 219497.7, "epsg_source": 22391}}, {"type": "Feature", "geometry": {"type": "Point", "coordinates": [9.58139, 35.26539]}, "properties": {"record_id": "oai:u-bordeaux-montaigne.fr:340516", "symbol_class": "building", "pixel_x": 5193.0, "pixel_y": 5273.5, "easting": 470967.2, "northing": 218400.5, "epsg_source": 22391}}, {"type": "Feature", "geometry": {"type": "Point", "coordinates": [9.4687, 35.27195]}, "properties": {"record_id": "oai:u-bordeaux-montaigne.fr:340516", "symbol_class": "building", "pixel_x": 2762.1, "pixel_y": 5281.7, "easting": 460719.3, "northing": 219167.5, "epsg_source": 22391}}, {"type": "Feature", "geometry": {"type": "Point", "coordinates": [9.4848, 35.27097]}, "properties": {"record_id": "oai:u-bordeaux-montaigne.fr:340516", "symbol_class": "building", "pixel_x": 3109.5, "pixel_y": 5281.7, "easting": 462183.5, "northing": 219052.9, "epsg_source": 22391}}, {"type": "Feature", "geometry": {"type": "Point", "coordinates": [9.48189, 35.27088]}, "properties": {"record_id": "oai:u-bordeaux-montaigne.fr:340516", "symbol_class": "building", "pixel_x": 3047.2, "pixel_y": 5288.7, "easting": 461918.8, "northing": 219044.2, "epsg_source": 22391}}, {"type": "Feature", "geometry": {"type": "Point", "coordinates": [9.48238, 35.27085]}, "properties": {"record_id": "oai:u-bordeaux-montaigne.fr:340516", "symbol_class": "building", "pixel_x": 3057.8, "pixel_y": 5288.8, "easting": 461963.2, "northing": 219040.3, "epsg_source": 22391}}, {"type": "Feature", "geometry": {"type": "Point", "coordinates": [9.48143, 35.27089]}, "properties": {"record_id": "oai:u-bordeaux-montaigne.fr:340516", "symbol_class": "building", "pixel_x": 3037.3, "pixel_y": 5289.2, "easting": 461876.6, "northing": 219045.2, "epsg_source": 22391}}, {"type": "Feature", "geometry": {"type": "Point", "coordinates": [9.46958, 35.27154]}, "properties": {"record_id": "oai:u-bordeaux-montaigne.fr:340516", "symbol_class": "building", "pixel_x": 2781.9, "pixel_y": 5290.9, "easting": 460799.6, "northing": 219122.4, "epsg_source": 22391}}, {"type": "Feature", "geometry": {"type": "Point", "coordinates": [9.46916, 35.27155]}, "properties": {"record_id": "oai:u-bordeaux-montaigne.fr:340516", "symbol_class": "building", "pixel_x": 2772.7, "pixel_y": 5291.3, "easting": 460760.6, "northing": 219123.7, "epsg_source": 22391}}, {"type": "Feature", "geometry": {"type": "Point", "coordinates": [9.4691, 35.2712]}, "properties": {"record_id": "oai:u-bordeaux-montaigne.fr:340516", "symbol_class": "building", "pixel_x": 2772.2, "pixel_y": 5300.8, "easting": 460755.9, "northing": 219084.3, "epsg_source": 22391}}, {"type": "Feature", "geometry": {"type": "Point", "coordinates": [9.71319, 35.25602]}, "properties": {"record_id": "oai:u-bordeaux-montaigne.fr:340516", "symbol_class": "building", "pixel_x": 8039.5, "pixel_y": 5304.8, "easting": 482954.5, "northing": 217331.1, "epsg_source": 22391}}, {"type": "Feature", "geometry": {"type": "Point", "coordinates": [9.66926, 35.25881]}, "properties": {"record_id": "oai:u-bordeaux-montaigne.fr:340516", "symbol_class": "building", "pixel_x": 7091.3, "pixel_y": 5303.6, "easting": 478958.4, "northing": 217648.6, "epsg_source": 22391}}, {"type": "Feature", "geometry": {"type": "Point", "coordinates": [9.58287, 35.26413]}, "properties": {"record_id": "oai:u-bordeaux-montaigne.fr:340516", "symbol_class": "building", "pixel_x": 5227.0, "pixel_y": 5304.1, "easting": 471101.1, "northing": 218261.0, "epsg_source": 22391}}, {"type": "Feature", "geometry": {"type": "Point", "coordinates": [9.63626, 35.26083]}, "properties": {"record_id": "oai:u-bordeaux-montaigne.fr:340516", "symbol_class": "building", "pixel_x": 6379.3, "pixel_y": 5304.3, "easting": 475957.3, "northing": 217880.5, "epsg_source": 22391}}, {"type": "Feature", "geometry": {"type": "Point", "coordinates": [9.48216, 35.27006]}, "properties": {"record_id": "oai:u-bordeaux-montaigne.fr:340516", "symbol_class": "building", "pixel_x": 3054.6, "pixel_y": 5309.8, "easting": 461943.2, "northing": 218953.3, "epsg_source": 22391}}, {"type": "Feature", "geometry": {"type": "Point", "coordinates": [9.48116, 35.2698]}, "properties": {"record_id": "oai:u-bordeaux-montaigne.fr:340516", "symbol_class": "building", "pixel_x": 3033.5, "pixel_y": 5318.3, "easting": 461851.7, "northing": 218924.8, "epsg_source": 22391}}, {"type": "Feature", "geometry": {"type": "Point", "coordinates": [9.72409, 35.25465]}, "properties": {"record_id": "oai:u-bordeaux-montaigne.fr:340516", "symbol_class": "building", "pixel_x": 8276.1, "pixel_y": 5323.0, "easting": 483945.7, "northing": 217176.7, "epsg_source": 22391}}, {"type": "Feature", "geometry": {"type": "Point", "coordinates": [9.48211, 35.26972]}, "properties": {"record_id": "oai:u-bordeaux-montaigne.fr:340516", "symbol_class": "building", "pixel_x": 3054.0, "pixel_y": 5318.9, "easting": 461938.0, "northing": 218915.6, "epsg_source": 22391}}, {"type": "Feature", "geometry": {"type": "Point", "coordinates": [9.55922, 35.26475]}, "properties": {"record_id": "oai:u-bordeaux-montaigne.fr:340516", "symbol_class": "building", "pixel_x": 4718.4, "pixel_y": 5326.0, "easting": 468950.6, "northing": 218336.9, "epsg_source": 22391}}, {"type": "Feature", "geometry": {"type": "Point", "coordinates": [9.46203, 35.27085]}, "properties": {"record_id": "oai:u-bordeaux-montaigne.fr:340516", "symbol_class": "building", "pixel_x": 2621.1, "pixel_y": 5321.3, "easting": 460112.6, "northing": 219048.3, "epsg_source": 22391}}, {"type": "Feature", "geometry": {"type": "Point", "coordinates": [9.46051, 35.27088]}, "properties": {"record_id": "oai:u-bordeaux-montaigne.fr:340516", "symbol_class": "building", "pixel_x": 2588.3, "pixel_y": 5322.8, "easting": 459973.6, "northing": 219052.6, "epsg_source": 22391}}, {"type": "Feature", "geometry": {"type": "Point", "coordinates": [9.46133, 35.2708]}, "properties": {"record_id": "oai:u-bordeaux-montaigne.fr:340516", "symbol_class": "building", "pixel_x": 2606.1, "pixel_y": 5323.5, "easting": 460048.6, "northing": 219043.9, "epsg_source": 22391}}, {"type": "Feature", "geometry": {"type": "Point", "coordinates": [9.45881, 35.27097]}, "properties": {"record_id": "oai:u-bordeaux-montaigne.fr:340516", "symbol_class": "building", "pixel_x": 2551.8, "pixel_y": 5323.2, "easting": 459819.7, "northing": 219062.9, "epsg_source": 22391}}, {"type": "Feature", "geometry": {"type": "Point", "coordinates": [9.45625, 35.27106]}, "properties": {"record_id": "oai:u-bordeaux-montaigne.fr:340516", "symbol_class": "building", "pixel_x": 2496.5, "pixel_y": 5324.7, "easting": 459586.1, "northing": 219074.9, "epsg_source": 22391}}, {"type": "Feature", "geometry": {"type": "Point", "coordinates": [9.48234, 35.26944]}, "properties": {"record_id": "oai:u-bordeaux-montaigne.fr:340516", "symbol_class": "building", "pixel_x": 3059.6, "pixel_y": 5326.0, "easting": 461959.1, "northing": 218884.1, "epsg_source": 22391}}, {"type": "Feature", "geometry": {"type": "Point", "coordinates": [9.66927, 35.25788]}, "properties": {"record_id": "oai:u-bordeaux-montaigne.fr:340516", "symbol_class": "building", "pixel_x": 7093.3, "pixel_y": 5328.1, "easting": 478959.0, "northing": 217545.2, "epsg_source": 22391}}, {"type": "Feature", "geometry": {"type": "Point", "coordinates": [9.45704, 35.27098]}, "properties": {"record_id": "oai:u-bordeaux-montaigne.fr:340516", "symbol_class": "building", "pixel_x": 2513.7, "pixel_y": 5325.7, "easting": 459658.3, "northing": 219065.0, "epsg_source": 22391}}, {"type": "Feature", "geometry": {"type": "Point", "coordinates": [9.45798, 35.27094]}, "properties": {"record_id": "oai:u-bordeaux-montaigne.fr:340516", "symbol_class": "building", "pixel_x": 2534.0, "pixel_y": 5325.2, "easting": 459744.2, "northing": 219060.7, "epsg_source": 22391}}, {"type": "Feature", "geometry": {"type": "Point", "coordinates": [9.65224, 35.25904]}, "properties": {"record_id": "oai:u-bordeaux-montaigne.fr:340516", "symbol_class": "building", "pixel_x": 6725.5, "pixel_y": 5325.5, "easting": 477409.9, "northing": 217677.5, "epsg_source": 22391}}, {"type": "Feature", "geometry": {"type": "Point", "coordinates": [9.45543, 35.27105]}, "properties": {"record_id": "oai:u-bordeaux-montaigne.fr:340516", "symbol_class": "building", "pixel_x": 2478.9, "pixel_y": 5326.3, "easting": 459511.6, "northing": 219074.0, "epsg_source": 22391}}, {"type": "Feature", "geometry": {"type": "Point", "coordinates": [9.45965, 35.27081]}, "properties": {"record_id": "oai:u-bordeaux-montaigne.fr:340516", "symbol_class": "building", "pixel_x": 2569.9, "pixel_y": 5326.0, "easting": 459895.4, "northing": 219045.3, "epsg_source": 22391}}, {"type": "Feature", "geometry": {"type": "Point", "coordinates": [9.63628, 35.25955]}, "properties": {"record_id": "oai:u-bordeaux-montaigne.fr:340516", "symbol_class": "building", "pixel_x": 6382.1, "pixel_y": 5337.9, "easting": 475958.5, "northing": 217738.6, "epsg_source": 22391}}, {"type": "Feature", "geometry": {"type": "Point", "coordinates": [9.45377, 35.27082]}, "properties": {"record_id": "oai:u-bordeaux-montaigne.fr:340516", "symbol_class": "building", "pixel_x": 2443.8, "pixel_y": 5335.2, "easting": 459360.7, "northing": 219048.3, "epsg_source": 22391}}, {"type": "Feature", "geometry": {"type": "Point", "coordinates": [9.48184, 35.26901]}, "properties": {"record_id": "oai:u-bordeaux-montaigne.fr:340516", "symbol_class": "building", "pixel_x": 3049.6, "pixel_y": 5337.9, "easting": 461913.1, "northing": 218837.2, "epsg_source": 22391}}, {"type": "Feature", "geometry": {"type": "Point", "coordinates": [9.45299, 35.27074]}, "properties": {"record_id": "oai:u-bordeaux-montaigne.fr:340516", "symbol_class": "building", "pixel_x": 2427.1, "pixel_y": 5338.5, "easting": 459289.5, "northing": 219040.3, "epsg_source": 22391}}, {"type": "Feature", "geometry": {"type": "Point", "coordinates": [9.69127, 35.25591]}, "properties": {"record_id": "oai:u-bordeaux-montaigne.fr:340516", "symbol_class": "building", "pixel_x": 7569.2, "pixel_y": 5343.7, "easting": 480960.1, "northing": 217323.0, "epsg_source": 22391}}, {"type": "Feature", "geometry": {"type": "Point", "coordinates": [9.46719, 35.2697]}, "properties": {"record_id": "oai:u-bordeaux-montaigne.fr:340516", "symbol_class": "building", "pixel_x": 2734.0, "pixel_y": 5343.3, "easting": 460581.3, "northing": 218918.9, "epsg_source": 22391}}, {"type": "Feature", "geometry": {"type": "Point", "coordinates": [9.65264, 35.25838]}, "properties": {"record_id": "oai:u-bordeaux-montaigne.fr:340516", "symbol_class": "building", "pixel_x": 6735.5, "pixel_y": 5342.0, "easting": 477446.9, "northing": 217604.9, "epsg_source": 22391}}, {"type": "Feature", "geometry": {"type": "Point", "coordinates": [9.45223, 35.27055]}, "properties": {"record_id": "oai:u-bordeaux-montaigne.fr:340516", "symbol_class": "building", "pixel_x": 2411.3, "pixel_y": 5344.5, "easting": 459221.1, "northing": 219020.0, "epsg_source": 22391}}, {"type": "Feature", "geometry": {"type": "Point", "coordinates": [9.45145, 35.27054]}, "properties": {"record_id": "oai:u-bordeaux-montaigne.fr:340516", "symbol_class": "building", "pixel_x": 2394.5, "pixel_y": 5346.1, "easting": 459149.7, "northing": 219019.1, "epsg_source": 22391}}, {"type": "Feature", "geometry": {"type": "Point", "coordinates": [9.48008, 35.26865]}, "properties": {"record_id": "oai:u-bordeaux-montaigne.fr:340516", "symbol_class": "building", "pixel_x": 3012.5, "pixel_y": 5350.4, "easting": 461752.9, "northing": 218797.2, "epsg_source": 22391}}, {"type": "Feature", "geometry": {"type": "Point", "coordinates": [9.5923, 35.26192]}, "properties": {"record_id": "oai:u-bordeaux-montaigne.fr:340516", "symbol_class": "building", "pixel_x": 5433.7, "pixel_y": 5347.1, "easting": 471958.5, "northing": 218013.0, "epsg_source": 22391}}, {"type": "Feature", "geometry": {"type": "Point", "coordinates": [9.46674, 35.26955]}, "properties": {"record_id": "oai:u-bordeaux-montaigne.fr:340516", "symbol_class": "building", "pixel_x": 2724.5, "pixel_y": 5348.0, "easting": 460539.9, "northing": 218902.2, "epsg_source": 22391}}, {"type": "Feature", "geometry": {"type": "Point", "coordinates": [9.46715, 35.26925]}, "properties": {"record_id": "oai:u-bordeaux-montaigne.fr:340516", "symbol_class": "building", "pixel_x": 2733.8, "pixel_y": 5355.2, "easting": 460577.1, "northing": 218868.9, "epsg_source": 22391}}, {"type": "Feature", "geometry": {"type": "Point", "coordinates": [9.46672, 35.2692]}, "properties": {"record_id": "oai:u-bordeaux-montaigne.fr:340516", "symbol_class": "building", "pixel_x": 2724.6, "pixel_y": 5357.2, "easting": 460537.6, "northing": 218863.7, "epsg_source": 22391}}, {"type": "Feature", "geometry": {"type": "Point", "coordinates": [9.6252, 35.25939]}, "properties": {"record_id": "oai:u-bordeaux-montaigne.fr:340516", "symbol_class": "building", "pixel_x": 6144.5, "pixel_y": 5360.2, "easting": 474950.1, "northing": 217723.7, "epsg_source": 22391}}, {"type": "Feature", "geometry": {"type": "Point", "coordinates": [9.46715, 35.26888]}, "properties": {"record_id": "oai:u-bordeaux-montaigne.fr:340516", "symbol_class": "building", "pixel_x": 2734.4, "pixel_y": 5364.8, "easting": 460576.5, "northing": 218828.5, "epsg_source": 22391}}, {"type": "Feature", "geometry": {"type": "Point", "coordinates": [9.46639, 35.26878]}, "properties": {"record_id": "oai:u-bordeaux-montaigne.fr:340516", "symbol_class": "building", "pixel_x": 2718.5, "pixel_y": 5368.6, "easting": 460508.2, "northing": 218817.8, "epsg_source": 22391}}, {"type": "Feature", "geometry": {"type": "Point", "coordinates": [9.46678, 35.26871]}, "properties": {"record_id": "oai:u-bordeaux-montaigne.fr:340516", "symbol_class": "building", "pixel_x": 2727.0, "pixel_y": 5370.0, "easting": 460543.6, "northing": 218809.3, "epsg_source": 22391}}, {"type": "Feature", "geometry": {"type": "Point", "coordinates": [9.55923, 35.26245]}, "properties": {"record_id": "oai:u-bordeaux-montaigne.fr:340516", "symbol_class": "building", "pixel_x": 4722.9, "pixel_y": 5386.5, "easting": 468950.5, "northing": 218082.0, "epsg_source": 22391}}, {"type": "Feature", "geometry": {"type": "Point", "coordinates": [9.46664, 35.26836]}, "properties": {"record_id": "oai:u-bordeaux-montaigne.fr:340516", "symbol_class": "building", "pixel_x": 2724.6, "pixel_y": 5379.4, "easting": 460530.6, "northing": 218770.5, "epsg_source": 22391}}, {"type": "Feature", "geometry": {"type": "Point", "coordinates": [9.72412, 35.2525]}, "properties": {"record_id": "oai:u-bordeaux-montaigne.fr:340516", "symbol_class": "building", "pixel_x": 8280.9, "pixel_y": 5379.6, "easting": 483948.5, "northing": 216938.2, "epsg_source": 22391}}, {"type": "Feature", "geometry": {"type": "Point", "coordinates": [9.45621, 35.26895]}, "properties": {"record_id": "oai:u-bordeaux-montaigne.fr:340516", "symbol_class": "building", "pixel_x": 2499.5, "pixel_y": 5380.5, "easting": 459581.5, "northing": 218840.3, "epsg_source": 22391}}, {"type": "Feature", "geometry": {"type": "Point", "coordinates": [9.46631, 35.26828]}, "properties": {"record_id": "oai:u-bordeaux-montaigne.fr:340516", "symbol_class": "building", "pixel_x": 2717.6, "pixel_y": 5382.1, "easting": 460500.3, "northing": 218761.8, "epsg_source": 22391}}, {"type": "Feature", "geometry": {"type": "Point", "coordinates": [9.45604, 35.2686]}, "properties": {"record_id": "oai:u-bordeaux-montaigne.fr:340516", "symbol_class": "building", "pixel_x": 2496.6, "pixel_y": 5390.0, "easting": 459566.1, "northing": 218801.6, "epsg_source": 22391}}, {"type": "Feature", "geometry": {"type": "Point", "coordinates": [9.4587, 35.26843]}, "properties": {"record_id": "oai:u-bordeaux-montaigne.fr:340516", "symbol_class": "building", "pixel_x": 2554.0, "pixel_y": 5390.1, "easting": 459808.2, "northing": 218782.0, "epsg_source": 22391}}, {"type": "Feature", "geometry": {"type": "Point", "coordinates": [9.72408, 35.25183]}, "properties": {"record_id": "oai:u-bordeaux-montaigne.fr:340516", "symbol_class": "building", "pixel_x": 8281.2, "pixel_y": 5397.3, "easting": 483944.0, "northing": 216863.7, "epsg_source": 22391}}, {"type": "Feature", "geometry": {"type": "Point", "coordinates": [9.6582, 35.25579]}, "properties": {"record_id": "oai:u-bordeaux-montaigne.fr:340516", "symbol_class": "building", "pixel_x": 6859.8, "pixel_y": 5401.3, "easting": 477952.0, "northing": 217315.8, "epsg_source": 22391}}, {"type": "Feature", "geometry": {"type": "Point", "coordinates": [9.71312, 35.25253]}, "properties": {"record_id": "oai:u-bordeaux-montaigne.fr:340516", "symbol_class": "building", "pixel_x": 8044.6, "pixel_y": 5396.9, "easting": 482946.9, "northing": 216943.4, "epsg_source": 22391}}, {"type": "Feature", "geometry": {"type": "Point", "coordinates": [9.64587, 35.2566]}, "properties": {"record_id": "oai:u-bordeaux-montaigne.fr:340516", "symbol_class": "building", "pixel_x": 6593.5, "pixel_y": 5400.0, "easting": 476830.0, "northing": 217409.1, "epsg_source": 22391}}, {"type": "Feature", "geometry": {"type": "Point", "coordinates": [9.70706, 35.25256]}, "properties": {"record_id": "oai:u-bordeaux-montaigne.fr:340516", "symbol_class": "building", "pixel_x": 7914.4, "pixel_y": 5406.2, "easting": 482395.6, "northing": 216947.6, "epsg_source": 22391}}, {"type": "Feature", "geometry": {"type": "Point", "coordinates": [9.70536, 35.25257]}, "properties": {"record_id": "oai:u-bordeaux-montaigne.fr:340516", "symbol_class": "building", "pixel_x": 7878.0, "pixel_y": 5408.6, "easting": 482241.2, "northing": 216949.5, "epsg_source": 22391}}, {"type": "Feature", "geometry": {"type": "Point", "coordinates": [9.60321, 35.25865]}, "properties": {"record_id": "oai:u-bordeaux-montaigne.fr:340516", "symbol_class": "building", "pixel_x": 5673.9, "pixel_y": 5415.5, "easting": 472949.6, "northing": 217647.2, "epsg_source": 22391}}, {"type": "Feature", "geometry": {"type": "Point", "coordinates": [9.69124, 35.25324]}, "properties": {"record_id": "oai:u-bordeaux-montaigne.fr:340516", "symbol_class": "building", "pixel_x": 7573.6, "pixel_y": 5414.2, "easting": 480956.5, "northing": 217026.2, "epsg_source": 22391}}, {"type": "Feature", "geometry": {"type": "Point", "coordinates": [9.65825, 35.25518]}, "properties": {"record_id": "oai:u-bordeaux-montaigne.fr:340516", "symbol_class": "building", "pixel_x": 6861.9, "pixel_y": 5417.1, "easting": 477955.9, "northing": 217248.9, "epsg_source": 22391}}, {"type": "Feature", "geometry": {"type": "Point", "coordinates": [9.45599, 35.26736]}, "properties": {"record_id": "oai:u-bordeaux-montaigne.fr:340516", "symbol_class": "building", "pixel_x": 2497.8, "pixel_y": 5422.8, "easting": 459561.1, "northing": 218663.7, "epsg_source": 22391}}, {"type": "Feature", "geometry": {"type": "Point", "coordinates": [9.64559, 35.25572]}, "properties": {"record_id": "oai:u-bordeaux-montaigne.fr:340516", "symbol_class": "building", "pixel_x": 6589.2, "pixel_y": 5423.6, "easting": 476804.5, "northing": 217311.6, "epsg_source": 22391}}, {"type": "Feature", "geometry": {"type": "Point", "coordinates": [9.60322, 35.25801]}, "properties": {"record_id": "oai:u-bordeaux-montaigne.fr:340516", "symbol_class": "building", "pixel_x": 5675.3, "pixel_y": 5432.4, "easting": 472950.3, "northing": 217575.9, "epsg_source": 22391}}, {"type": "Feature", "geometry": {"type": "Point", "coordinates": [9.45636, 35.267]}, "properties": {"record_id": "oai:u-bordeaux-montaigne.fr:340516", "symbol_class": "building", "pixel_x": 2506.4, "pixel_y": 5431.5, "easting": 459594.5, "northing": 218624.3, "epsg_source": 22391}}, {"type": "Feature", "geometry": {"type": "Point", "coordinates": [9.45688, 35.26682]}, "properties": {"record_id": "oai:u-bordeaux-montaigne.fr:340516", "symbol_class": "building", "pixel_x": 2517.8, "pixel_y": 5435.4, "easting": 459641.3, "northing": 218604.3, "epsg_source": 22391}}, {"type": "Feature", "geometry": {"type": "Point", "coordinates": [9.6582, 35.25437]}, "properties": {"record_id": "oai:u-bordeaux-montaigne.fr:340516", "symbol_class": "building", "pixel_x": 6862.2, "pixel_y": 5438.5, "easting": 477950.8, "northing": 217159.2, "epsg_source": 22391}}, {"type": "Feature", "geometry": {"type": "Point", "coordinates": [9.45479, 35.26686]}, "properties": {"record_id": "oai:u-bordeaux-montaigne.fr:340516", "symbol_class": "building", "pixel_x": 2473.0, "pixel_y": 5437.9, "easting": 459451.8, "northing": 218608.7, "epsg_source": 22391}}, {"type": "Feature", "geometry": {"type": "Point", "coordinates": [9.71314, 35.25056]}, "properties": {"record_id": "oai:u-bordeaux-montaigne.fr:340516", "symbol_class": "building", "pixel_x": 8048.8, "pixel_y": 5448.6, "easting": 482948.5, "northing": 216725.5, "epsg_source": 22391}}, {"type": "Feature", "geometry": {"type": "Point", "coordinates": [9.60322, 35.25722]}, "properties": {"record_id": "oai:u-bordeaux-montaigne.fr:340516", "symbol_class": "building", "pixel_x": 5676.9, "pixel_y": 5453.2, "easting": 472950.6, "northing": 217488.4, "epsg_source": 22391}}, {"type": "Feature", "geometry": {"type": "Point", "coordinates": [9.6252, 35.25581]}, "properties": {"record_id": "oai:u-bordeaux-montaigne.fr:340516", "symbol_class": "building", "pixel_x": 6151.3, "pixel_y": 5454.4, "easting": 474949.4, "northing": 217326.7, "epsg_source": 22391}}, {"type": "Feature", "geometry": {"type": "Point", "coordinates": [9.66926, 35.25314]}, "properties": {"record_id": "oai:u-bordeaux-montaigne.fr:340516", "symbol_class": "building", "pixel_x": 7102.1, "pixel_y": 5452.8, "easting": 478957.4, "northing": 217020.3, "epsg_source": 22391}}, {"type": "Feature", "geometry": {"type": "Point", "coordinates": [9.70218, 35.25095]}, "properties": {"record_id": "oai:u-bordeaux-montaigne.fr:340516", "symbol_class": "building", "pixel_x": 7812.9, "pixel_y": 5456.4, "easting": 481951.7, "northing": 216770.6, "epsg_source": 22391}}, {"type": "Feature", "geometry": {"type": "Point", "coordinates": [9.46361, 35.26549]}, "properties": {"record_id": "oai:u-bordeaux-montaigne.fr:340516", "symbol_class": "building", "pixel_x": 2664.8, "pixel_y": 5459.8, "easting": 460253.5, "northing": 218453.7, "epsg_source": 22391}}, {"type": "Feature", "geometry": {"type": "Point", "coordinates": [9.69126, 35.2513]}, "properties": {"record_id": "oai:u-bordeaux-montaigne.fr:340516", "symbol_class": "building", "pixel_x": 7577.8, "pixel_y": 5465.2, "easting": 480958.3, "northing": 216811.4, "epsg_source": 22391}}, {"type": "Feature", "geometry": {"type": "Point", "coordinates": [9.66378, 35.253]}, "properties": {"record_id": "oai:u-bordeaux-montaigne.fr:340516", "symbol_class": "building", "pixel_x": 6984.8, "pixel_y": 5465.5, "easting": 478458.8, "northing": 217005.8, "epsg_source": 22391}}, {"type": "Feature", "geometry": {"type": "Point", "coordinates": [9.46402, 35.26518]}, "properties": {"record_id": "oai:u-bordeaux-montaigne.fr:340516", "symbol_class": "building", "pixel_x": 2674.2, "pixel_y": 5467.4, "easting": 460290.7, "northing": 218418.7, "epsg_source": 22391}}, {"type": "Feature", "geometry": {"type": "Point", "coordinates": [9.60322, 35.25645]}, "properties": {"record_id": "oai:u-bordeaux-montaigne.fr:340516", "symbol_class": "building", "pixel_x": 5678.3, "pixel_y": 5473.3, "easting": 472949.9, "northing": 217403.6, "epsg_source": 22391}}, {"type": "Feature", "geometry": {"type": "Point", "coordinates": [9.66923, 35.25249]}, "properties": {"record_id": "oai:u-bordeaux-montaigne.fr:340516", "symbol_class": "building", "pixel_x": 7102.6, "pixel_y": 5470.0, "easting": 478954.0, "northing": 216947.9, "epsg_source": 22391}}, {"type": "Feature", "geometry": {"type": "Point", "coordinates": [9.46395, 35.26495]}, "properties": {"record_id": "oai:u-bordeaux-montaigne.fr:340516", "symbol_class": "building", "pixel_x": 2673.2, "pixel_y": 5473.5, "easting": 460284.3, "northing": 218393.5, "epsg_source": 22391}}, {"type": "Feature", "geometry": {"type": "Point", "coordinates": [9.46334, 35.26494]}, "properties": {"record_id": "oai:u-bordeaux-montaigne.fr:340516", "symbol_class": "building", "pixel_x": 2660.1, "pixel_y": 5474.6, "easting": 460228.8, "northing": 218393.1, "epsg_source": 22391}}, {"type": "Feature", "geometry": {"type": "Point", "coordinates": [9.46569, 35.26486]}, "properties": {"record_id": "oai:u-bordeaux-montaigne.fr:340516", "symbol_class": "building", "pixel_x": 2710.5, "pixel_y": 5473.0, "easting": 460441.8, "northing": 218383.3, "epsg_source": 22391}}, {"type": "Feature", "geometry": {"type": "Point", "coordinates": [9.5109, 35.26177]}, "properties": {"record_id": "oai:u-bordeaux-montaigne.fr:340516", "symbol_class": "building", "pixel_x": 3686.8, "pixel_y": 5482.2, "easting": 464553.5, "northing": 218022.7, "epsg_source": 22391}}, {"type": "Feature", "geometry": {"type": "Point", "coordinates": [9.47274, 35.26395]}, "properties": {"record_id": "oai:u-bordeaux-montaigne.fr:340516", "symbol_class": "building", "pixel_x": 2863.6, "pixel_y": 5485.8, "easting": 461082.9, "northing": 218279.1, "epsg_source": 22391}}, {"type": "Feature", "geometry": {"type": "Point", "coordinates": [9.62517, 35.25448]}, "properties": {"record_id": "oai:u-bordeaux-montaigne.fr:340516", "symbol_class": "building", "pixel_x": 6153.2, "pixel_y": 5489.6, "easting": 474946.5, "northing": 217178.7, "epsg_source": 22391}}, {"type": "Feature", "geometry": {"type": "Point", "coordinates": [9.66441, 35.25212]}, "properties": {"record_id": "oai:u-bordeaux-montaigne.fr:340516", "symbol_class": "building", "pixel_x": 6999.8, "pixel_y": 5487.6, "easting": 478515.2, "northing": 216907.9, "epsg_source": 22391}}, {"type": "Feature", "geometry": {"type": "Point", "coordinates": [9.49848, 35.26217]}, "properties": {"record_id": "oai:u-bordeaux-montaigne.fr:340516", "symbol_class": "building", "pixel_x": 3419.3, "pixel_y": 5491.5, "easting": 463423.4, "northing": 218072.2, "epsg_source": 22391}}, {"type": "Feature", "geometry": {"type": "Point", "coordinates": [9.60323, 35.25574]}, "properties": {"record_id": "oai:u-bordeaux-montaigne.fr:340516", "symbol_class": "building", "pixel_x": 5679.9, "pixel_y": 5492.0, "easting": 472950.7, "northing": 217324.8, "epsg_source": 22391}}, {"type": "Feature", "geometry": {"type": "Point", "coordinates": [9.66924, 35.25134]}, "properties": {"record_id": "oai:u-bordeaux-montaigne.fr:340516", "symbol_class": "building", "pixel_x": 7105.1, "pixel_y": 5500.4, "easting": 478954.9, "northing": 216819.8, "epsg_source": 22391}}, {"type": "Feature", "geometry": {"type": "Point", "coordinates": [9.72408, 35.24801]}, "properties": {"record_id": "oai:u-bordeaux-montaigne.fr:340516", "symbol_class": "building", "pixel_x": 8288.5, "pixel_y": 5497.8, "easting": 483943.3, "northing": 216440.4, "epsg_source": 22391}}, {"type": "Feature", "geometry": {"type": "Point", "coordinates": [9.71316, 35.24857]}, "properties": {"record_id": "oai:u-bordeaux-montaigne.fr:340516", "symbol_class": "building", "pixel_x": 8053.0, "pixel_y": 5501.0, "easting": 482949.9, "northing": 216504.7, "epsg_source": 22391}}, {"type": "Feature", "geometry": {"type": "Point", "coordinates": [9.51148, 35.26108]}, "properties": {"record_id": "oai:u-bordeaux-montaigne.fr:340516", "symbol_class": "building", "pixel_x": 3700.5, "pixel_y": 5499.5, "easting": 464606.0, "northing": 217945.9, "epsg_source": 22391}}, {"type": "Feature", "geometry": {"type": "Point", "coordinates": [9.60323, 35.25508]}, "properties": {"record_id": "oai:u-bordeaux-montaigne.fr:340516", "symbol_class": "building", "pixel_x": 5681.0, "pixel_y": 5509.4, "easting": 472950.0, "northing": 217251.5, "epsg_source": 22391}}, {"type": "Feature", "geometry": {"type": "Point", "coordinates": [9.62519, 35.25369]}, "properties": {"record_id": "oai:u-bordeaux-montaigne.fr:340516", "symbol_class": "building", "pixel_x": 6155.1, "pixel_y": 5510.3, "easting": 474947.9, "northing": 217091.6, "epsg_source": 22391}}, {"type": "Feature", "geometry": {"type": "Point", "coordinates": [9.67077, 35.25087]}, "properties": {"record_id": "oai:u-bordeaux-montaigne.fr:340516", "symbol_class": "building", "pixel_x": 7138.9, "pixel_y": 5510.2, "easting": 479094.3, "northing": 216767.6, "epsg_source": 22391}}, {"type": "Feature", "geometry": {"type": "Point", "coordinates": [9.51127, 35.26064]}, "properties": {"record_id": "oai:u-bordeaux-montaigne.fr:340516", "symbol_class": "building", "pixel_x": 3696.9, "pixel_y": 5511.5, "easting": 464586.9, "northing": 217897.0, "epsg_source": 22391}}, {"type": "Feature", "geometry": {"type": "Point", "coordinates": [9.67134, 35.25048]}, "properties": {"record_id": "oai:u-bordeaux-montaigne.fr:340516", "symbol_class": "building", "pixel_x": 7151.8, "pixel_y": 5519.6, "easting": 479145.8, "northing": 216723.8, "epsg_source": 22391}}, {"type": "Feature", "geometry": {"type": "Point", "coordinates": [9.58135, 35.25566]}, "properties": {"record_id": "oai:u-bordeaux-montaigne.fr:340516", "symbol_class": "building", "pixel_x": 5210.2, "pixel_y": 5529.6, "easting": 470959.5, "northing": 217322.1, "epsg_source": 22391}}, {"type": "Feature", "geometry": {"type": "Point", "coordinates": [9.6032, 35.2545]}, "properties": {"record_id": "oai:u-bordeaux-montaigne.fr:340516", "symbol_class": "building", "pixel_x": 5681.5, "pixel_y": 5524.9, "easting": 472947.5, "northing": 217186.5, "epsg_source": 22391}}, {"type": "Feature", "geometry": {"type": "Point", "coordinates": [9.6252, 35.25306]}, "properties": {"record_id": "oai:u-bordeaux-montaigne.fr:340516", "symbol_class": "building", "pixel_x": 6156.5, "pixel_y": 5527.0, "easting": 474948.7, "northing": 217021.0, "epsg_source": 22391}}, {"type": "Feature", "geometry": {"type": "Point", "coordinates": [9.70215, 35.24815]}, "properties": {"record_id": "oai:u-bordeaux-montaigne.fr:340516", "symbol_class": "building", "pixel_x": 7817.4, "pixel_y": 5530.2, "easting": 481947.9, "northing": 216460.1, "epsg_source": 22391}}, {"type": "Feature", "geometry": {"type": "Point", "coordinates": [9.43726, 35.26436]}, "properties": {"record_id": "oai:u-bordeaux-montaigne.fr:340516", "symbol_class": "building", "pixel_x": 2101.2, "pixel_y": 5531.4, "easting": 457855.4, "northing": 218339.7, "epsg_source": 22391}}, {"type": "Feature", "geometry": {"type": "Point", "coordinates": [9.43807, 35.26381]}, "properties": {"record_id": "oai:u-bordeaux-montaigne.fr:340516", "symbol_class": "building", "pixel_x": 2119.6, "pixel_y": 5544.7, "easting": 457928.9, "northing": 218277.8, "epsg_source": 22391}}, {"type": "Feature", "geometry": {"type": "Point", "coordinates": [9.62519, 35.25192]}, "properties": {"record_id": "oai:u-bordeaux-montaigne.fr:340516", "symbol_class": "building", "pixel_x": 6158.3, "pixel_y": 5557.1, "easting": 474946.8, "northing": 216894.4, "epsg_source": 22391}}, {"type": "Feature", "geometry": {"type": "Point", "coordinates": [9.44896, 35.26299]}, "properties": {"record_id": "oai:u-bordeaux-montaigne.fr:340516", "symbol_class": "building", "pixel_x": 2354.9, "pixel_y": 5549.0, "easting": 458919.2, "northing": 218182.0, "epsg_source": 22391}}, {"type": "Feature", "geometry": {"type": "Point", "coordinates": [9.67124, 35.24935]}, "properties": {"record_id": "oai:u-bordeaux-montaigne.fr:340516", "symbol_class": "building", "pixel_x": 7151.7, "pixel_y": 5549.5, "easting": 479135.9, "northing": 216598.6, "epsg_source": 22391}}, {"type": "Feature", "geometry": {"type": "Point", "coordinates": [9.43741, 35.26363]}, "properties": {"record_id": "oai:u-bordeaux-montaigne.fr:340516", "symbol_class": "building", "pixel_x": 2105.7, "pixel_y": 5550.5, "easting": 457868.6, "northing": 218257.9, "epsg_source": 22391}}, {"type": "Feature", "geometry": {"type": "Point", "coordinates": [9.6032, 35.25321]}, "properties": {"record_id": "oai:u-bordeaux-montaigne.fr:340516", "symbol_class": "building", "pixel_x": 5683.9, "pixel_y": 5558.7, "easting": 472947.0, "northing": 217044.2, "epsg_source": 22391}}, {"type": "Feature", "geometry": {"type": "Point", "coordinates": [9.41102, 35.26486]}, "properties": {"record_id": "oai:u-bordeaux-montaigne.fr:340516", "symbol_class": "building", "pixel_x": 1537.0, "pixel_y": 5559.9, "easting": 455468.6, "northing": 218406.2, "epsg_source": 22391}}, {"type": "Feature", "geometry": {"type": "Point", "coordinates": [9.4373, 35.26304]}, "properties": {"record_id": "oai:u-bordeaux-montaigne.fr:340516", "symbol_class": "building", "pixel_x": 2104.4, "pixel_y": 5566.2, "easting": 457858.2, "northing": 218192.8, "epsg_source": 22391}}, {"type": "Feature", "geometry": {"type": "Point", "coordinates": [9.67156, 35.24878]}, "properties": {"record_id": "oai:u-bordeaux-montaigne.fr:340516", "symbol_class": "building", "pixel_x": 7159.7, "pixel_y": 5564.0, "easting": 479165.3, "northing": 216535.2, "epsg_source": 22391}}, {"type": "Feature", "geometry": {"type": "Point", "coordinates": [9.61417, 35.2522]}, "properties": {"record_id": "oai:u-bordeaux-montaigne.fr:340516", "symbol_class": "building", "pixel_x": 5921.3, "pixel_y": 5567.6, "easting": 473944.8, "northing": 216928.6, "epsg_source": 22391}}, {"type": "Feature", "geometry": {"type": "Point", "coordinates": [9.43693, 35.26265]}, "properties": {"record_id": "oai:u-bordeaux-montaigne.fr:340516", "symbol_class": "building", "pixel_x": 2097.3, "pixel_y": 5577.1, "easting": 457825.0, "northing": 218149.4, "epsg_source": 22391}}, {"type": "Feature", "geometry": {"type": "Point", "coordinates": [9.3979, 35.26485]}, "properties": {"record_id": "oai:u-bordeaux-montaigne.fr:340516", "symbol_class": "building", "pixel_x": 1255.5, "pixel_y": 5580.7, "easting": 454275.7, "northing": 218411.9, "epsg_source": 22391}}, {"type": "Feature", "geometry": {"type": "Point", "coordinates": [9.67203, 35.24809]}, "properties": {"record_id": "oai:u-bordeaux-montaigne.fr:340516", "symbol_class": "building", "pixel_x": 7171.0, "pixel_y": 5581.4, "easting": 479207.4, "northing": 216458.8, "epsg_source": 22391}}, {"type": "Feature", "geometry": {"type": "Point", "coordinates": [9.60494, 35.25218]}, "properties": {"record_id": "oai:u-bordeaux-montaigne.fr:340516", "symbol_class": "building", "pixel_x": 5723.2, "pixel_y": 5583.1, "easting": 473104.9, "northing": 216928.9, "epsg_source": 22391}}, {"type": "Feature", "geometry": {"type": "Point", "coordinates": [9.60419, 35.25214]}, "properties": {"record_id": "oai:u-bordeaux-montaigne.fr:340516", "symbol_class": "building", "pixel_x": 5707.3, "pixel_y": 5585.3, "easting": 473037.1, "northing": 216924.9, "epsg_source": 22391}}, {"type": "Feature", "geometry": {"type": "Point", "coordinates": [9.60276, 35.25224]}, "properties": {"record_id": "oai:u-bordeaux-montaigne.fr:340516", "symbol_class": "building", "pixel_x": 5676.3, "pixel_y": 5584.9, "easting": 472906.4, "northing": 216936.8, "epsg_source": 22391}}, {"type": "Feature", "geometry": {"type": "Point", "coordinates": [9.40967, 35.2637]}, "properties": {"record_id": "oai:u-bordeaux-montaigne.fr:340516", "symbol_class": "building", "pixel_x": 1510.2, "pixel_y": 5592.4, "easting": 455345.4, "northing": 218278.7, "epsg_source": 22391}}, {"type": "Feature", "geometry": {"type": "Point", "coordinates": [9.42155, 35.26292]}, "properties": {"record_id": "oai:u-bordeaux-montaigne.fr:340516", "symbol_class": "building", "pixel_x": 1766.7, "pixel_y": 5594.1, "easting": 456426.0, "northing": 218186.9, "epsg_source": 22391}}, {"type": "Feature", "geometry": {"type": "Point", "coordinates": [9.42097, 35.26286]}, "properties": {"record_id": "oai:u-bordeaux-montaigne.fr:340516", "symbol_class": "building", "pixel_x": 1754.4, "pixel_y": 5596.8, "easting": 456373.5, "northing": 218179.8, "epsg_source": 22391}}, {"type": "Feature", "geometry": {"type": "Point", "coordinates": [9.40894, 35.26318]}, "properties": {"record_id": "oai:u-bordeaux-montaigne.fr:340516", "symbol_class": "building", "pixel_x": 1495.4, "pixel_y": 5607.3, "easting": 455278.6, "northing": 218221.4, "epsg_source": 22391}}, {"type": "Feature", "geometry": {"type": "Point", "coordinates": [9.4208, 35.26247]}, "properties": {"record_id": "oai:u-bordeaux-montaigne.fr:340516", "symbol_class": "building", "pixel_x": 1751.4, "pixel_y": 5607.3, "easting": 456357.5, "northing": 218137.0, "epsg_source": 22391}}, {"type": "Feature", "geometry": {"type": "Point", "coordinates": [9.44418, 35.2609]}, "properties": {"record_id": "oai:u-bordeaux-montaigne.fr:340516", "symbol_class": "building", "pixel_x": 2256.2, "pixel_y": 5611.6, "easting": 458483.7, "northing": 217952.6, "epsg_source": 22391}}, {"type": "Feature", "geometry": {"type": "Point", "coordinates": [9.47256, 35.25899]}, "properties": {"record_id": "oai:u-bordeaux-montaigne.fr:340516", "symbol_class": "building", "pixel_x": 2868.8, "pixel_y": 5616.8, "easting": 461063.8, "northing": 217728.6, "epsg_source": 22391}}, {"type": "Feature", "geometry": {"type": "Point", "coordinates": [9.41162, 35.26247]}, "properties": {"record_id": "oai:u-bordeaux-montaigne.fr:340516", "symbol_class": "building", "pixel_x": 1554.4, "pixel_y": 5621.8, "easting": 455522.4, "northing": 218141.1, "epsg_source": 22391}}, {"type": "Feature", "geometry": {"type": "Point", "coordinates": [9.44341, 35.26073]}, "properties": {"record_id": "oai:u-bordeaux-montaigne.fr:340516", "symbol_class": "building", "pixel_x": 2239.9, "pixel_y": 5617.3, "easting": 458413.1, "northing": 217933.9, "epsg_source": 22391}}, {"type": "Feature", "geometry": {"type": "Point", "coordinates": [9.45747, 35.25987]}, "properties": {"record_id": "oai:u-bordeaux-montaigne.fr:340516", "symbol_class": "building", "pixel_x": 2543.4, "pixel_y": 5617.4, "easting": 459692.3, "northing": 217833.3, "epsg_source": 22391}}, {"type": "Feature", "geometry": {"type": "Point", "coordinates": [9.50852, 35.25662]}, "properties": {"record_id": "oai:u-bordeaux-montaigne.fr:340516", "symbol_class": "building", "pixel_x": 3645.2, "pixel_y": 5621.8, "easting": 464334.6, "northing": 217451.9, "epsg_source": 22391}}, {"type": "Feature", "geometry": {"type": "Point", "coordinates": [9.39526, 35.26334]}, "properties": {"record_id": "oai:u-bordeaux-montaigne.fr:340516", "symbol_class": "building", "pixel_x": 1201.6, "pixel_y": 5624.7, "easting": 454034.6, "northing": 218245.3, "epsg_source": 22391}}, {"type": "Feature", "geometry": {"type": "Point", "coordinates": [9.50691, 35.25668]}, "properties": {"record_id": "oai:u-bordeaux-montaigne.fr:340516", "symbol_class": "building", "pixel_x": 3610.4, "pixel_y": 5622.6, "easting": 464187.9, "northing": 217460.1, "epsg_source": 22391}}, {"type": "Feature", "geometry": {"type": "Point", "coordinates": [9.45718, 35.25965]}, "properties": {"record_id": "oai:u-bordeaux-montaigne.fr:340516", "symbol_class": "building", "pixel_x": 2537.4, "pixel_y": 5623.9, "easting": 459665.1, "northing": 217808.1, "epsg_source": 22391}}, {"type": "Feature", "geometry": {"type": "Point", "coordinates": [9.45788, 35.25946]}, "properties": {"record_id": "oai:u-bordeaux-montaigne.fr:340516", "symbol_class": "building", "pixel_x": 2552.9, "pixel_y": 5627.6, "easting": 459729.1, "northing": 217787.5, "epsg_source": 22391}}, {"type": "Feature", "geometry": {"type": "Point", "coordinates": [9.50759, 35.25641]}, "properties": {"record_id": "oai:u-bordeaux-montaigne.fr:340516", "symbol_class": "building", "pixel_x": 3625.7, "pixel_y": 5628.8, "easting": 464250.3, "northing": 217429.1, "epsg_source": 22391}}, {"type": "Feature", "geometry": {"type": "Point", "coordinates": [9.50693, 35.25638]}, "properties": {"record_id": "oai:u-bordeaux-montaigne.fr:340516", "symbol_class": "building", "pixel_x": 3611.5, "pixel_y": 5630.5, "easting": 464189.9, "northing": 217426.5, "epsg_source": 22391}}, {"type": "Feature", "geometry": {"type": "Point", "coordinates": [9.41057, 35.26195]}, "properties": {"record_id": "oai:u-bordeaux-montaigne.fr:340516", "symbol_class": "building", "pixel_x": 1532.7, "pixel_y": 5637.3, "easting": 455426.3, "northing": 218083.4, "epsg_source": 22391}}, {"type": "Feature", "geometry": {"type": "Point", "coordinates": [9.43599, 35.26043]}, "properties": {"record_id": "oai:u-bordeaux-montaigne.fr:340516", "symbol_class": "building", "pixel_x": 2081.1, "pixel_y": 5637.0, "easting": 457737.8, "northing": 217903.8, "epsg_source": 22391}}, {"type": "Feature", "geometry": {"type": "Point", "coordinates": [9.5075, 35.25611]}, "properties": {"record_id": "oai:u-bordeaux-montaigne.fr:340516", "symbol_class": "building", "pixel_x": 3624.3, "pixel_y": 5636.6, "easting": 464241.8, "northing": 217396.7, "epsg_source": 22391}}, {"type": "Feature", "geometry": {"type": "Point", "coordinates": [9.40964, 35.26181]}, "properties": {"record_id": "oai:u-bordeaux-montaigne.fr:340516", "symbol_class": "building", "pixel_x": 1513.0, "pixel_y": 5642.3, "easting": 455341.6, "northing": 218069.0, "epsg_source": 22391}}, {"type": "Feature", "geometry": {"type": "Point", "coordinates": [9.44829, 35.25948]}, "properties": {"record_id": "oai:u-bordeaux-montaigne.fr:340516", "symbol_class": "building", "pixel_x": 2347.0, "pixel_y": 5642.5, "easting": 458856.8, "northing": 217793.0, "epsg_source": 22391}}, {"type": "Feature", "geometry": {"type": "Point", "coordinates": [9.39528, 35.26242]}, "properties": {"record_id": "oai:u-bordeaux-montaigne.fr:340516", "symbol_class": "building", "pixel_x": 1203.7, "pixel_y": 5648.8, "easting": 454035.9, "northing": 218143.5, "epsg_source": 22391}}, {"type": "Feature", "geometry": {"type": "Point", "coordinates": [9.40813, 35.26159]}, "properties": {"record_id": "oai:u-bordeaux-montaigne.fr:340516", "symbol_class": "building", "pixel_x": 1481.0, "pixel_y": 5650.4, "easting": 455204.3, "northing": 218045.6, "epsg_source": 22391}}, {"type": "Feature", "geometry": {"type": "Point", "coordinates": [9.40879, 35.26165]}, "properties": {"record_id": "oai:u-bordeaux-montaigne.fr:340516", "symbol_class": "building", "pixel_x": 1495.1, "pixel_y": 5647.8, "easting": 455264.6, "northing": 218051.8, "epsg_source": 22391}}, {"type": "Feature", "geometry": {"type": "Point", "coordinates": [9.45648, 35.25887]}, "properties": {"record_id": "oai:u-bordeaux-montaigne.fr:340516", "symbol_class": "building", "pixel_x": 2523.8, "pixel_y": 5645.5, "easting": 459601.0, "northing": 217722.1, "epsg_source": 22391}}, {"type": "Feature", "geometry": {"type": "Point", "coordinates": [9.45761, 35.25879]}, "properties": {"record_id": "oai:u-bordeaux-montaigne.fr:340516", "symbol_class": "building", "pixel_x": 2548.2, "pixel_y": 5645.7, "easting": 459703.7, "northing": 217713.4, "epsg_source": 22391}}, {"type": "Feature", "geometry": {"type": "Point", "coordinates": [9.43612, 35.26008]}, "properties": {"record_id": "oai:u-bordeaux-montaigne.fr:340516", "symbol_class": "building", "pixel_x": 2084.7, "pixel_y": 5646.0, "easting": 457750.0, "northing": 217864.9, "epsg_source": 22391}}, {"type": "Feature", "geometry": {"type": "Point", "coordinates": [9.60322, 35.24959]}, "properties": {"record_id": "oai:u-bordeaux-montaigne.fr:340516", "symbol_class": "building", "pixel_x": 5691.2, "pixel_y": 5654.2, "easting": 472947.8, "northing": 216641.8, "epsg_source": 22391}}, {"type": "Feature", "geometry": {"type": "Point", "coordinates": [9.50774, 35.25548]}, "properties": {"record_id": "oai:u-bordeaux-montaigne.fr:340516", "symbol_class": "building", "pixel_x": 3630.5, "pixel_y": 5653.0, "easting": 464263.0, "northing": 217325.8, "epsg_source": 22391}}, {"type": "Feature", "geometry": {"type": "Point", "coordinates": [9.45703, 35.25845]}, "properties": {"record_id": "oai:u-bordeaux-montaigne.fr:340516", "symbol_class": "building", "pixel_x": 2536.4, "pixel_y": 5655.6, "easting": 459650.8, "northing": 217675.7, "epsg_source": 22391}}, {"type": "Feature", "geometry": {"type": "Point", "coordinates": [9.39527, 35.26187]}, "properties": {"record_id": "oai:u-bordeaux-montaigne.fr:340516", "symbol_class": "building", "pixel_x": 1204.4, "pixel_y": 5663.5, "easting": 454034.4, "northing": 218082.0, "epsg_source": 22391}}, {"type": "Feature", "geometry": {"type": "Point", "coordinates": [9.45724, 35.2581]}, "properties": {"record_id": "oai:u-bordeaux-montaigne.fr:340516", "symbol_class": "building", "pixel_x": 2541.7, "pixel_y": 5664.6, "easting": 459670.2, "northing": 217636.3, "epsg_source": 22391}}, {"type": "Feature", "geometry": {"type": "Point", "coordinates": [9.45678, 35.25812]}, "properties": {"record_id": "oai:u-bordeaux-montaigne.fr:340516", "symbol_class": "building", "pixel_x": 2531.8, "pixel_y": 5664.9, "easting": 459628.6, "northing": 217638.5, "epsg_source": 22391}}, {"type": "Feature", "geometry": {"type": "Point", "coordinates": [9.55316, 35.25212]}, "properties": {"record_id": "oai:u-bordeaux-montaigne.fr:340516", "symbol_class": "building", "pixel_x": 4611.9, "pixel_y": 5668.5, "easting": 468394.3, "northing": 216937.4, "epsg_source": 22391}}, {"type": "Feature", "geometry": {"type": "Point", "coordinates": [9.55355, 35.25216]}, "properties": {"record_id": "oai:u-bordeaux-montaigne.fr:340516", "symbol_class": "building", "pixel_x": 4620.0, "pixel_y": 5666.7, "easting": 468429.0, "northing": 216942.4, "epsg_source": 22391}}, {"type": "Feature", "geometry": {"type": "Point", "coordinates": [9.39528, 35.26138]}, "properties": {"record_id": "oai:u-bordeaux-montaigne.fr:340516", "symbol_class": "building", "pixel_x": 1205.5, "pixel_y": 5676.2, "easting": 454035.0, "northing": 218028.2, "epsg_source": 22391}}, {"type": "Feature", "geometry": {"type": "Point", "coordinates": [9.55154, 35.25202]}, "properties": {"record_id": "oai:u-bordeaux-montaigne.fr:340516", "symbol_class": "building", "pixel_x": 4577.3, "pixel_y": 5673.8, "easting": 468246.8, "northing": 216926.9, "epsg_source": 22391}}, {"type": "Feature", "geometry": {"type": "Point", "coordinates": [9.55188, 35.25188]}, "properties": {"record_id": "oai:u-bordeaux-montaigne.fr:340516", "symbol_class": "building", "pixel_x": 4584.7, "pixel_y": 5676.9, "easting": 468277.0, "northing": 216911.2, "epsg_source": 22391}}, {"type": "Feature", "geometry": {"type": "Point", "coordinates": [9.55309, 35.25167]}, "properties": {"record_id": "oai:u-bordeaux-montaigne.fr:340516", "symbol_class": "building", "pixel_x": 4611.1, "pixel_y": 5680.3, "easting": 468387.1, "northing": 216888.3, "epsg_source": 22391}}, {"type": "Feature", "geometry": {"type": "Point", "coordinates": [9.60324, 35.24841]}, "properties": {"record_id": "oai:u-bordeaux-montaigne.fr:340516", "symbol_class": "building", "pixel_x": 5693.9, "pixel_y": 5685.1, "easting": 472949.2, "northing": 216511.3, "epsg_source": 22391}}, {"type": "Feature", "geometry": {"type": "Point", "coordinates": [9.48463, 35.25556]}, "properties": {"record_id": "oai:u-bordeaux-montaigne.fr:340516", "symbol_class": "building", "pixel_x": 3134.4, "pixel_y": 5687.7, "easting": 462161.1, "northing": 217344.2, "epsg_source": 22391}}, {"type": "Feature", "geometry": {"type": "Point", "coordinates": [9.48545, 35.25516]}, "properties": {"record_id": "oai:u-bordeaux-montaigne.fr:340516", "symbol_class": "building", "pixel_x": 3152.6, "pixel_y": 5697.1, "easting": 462235.1, "northing": 217298.9, "epsg_source": 22391}}, {"type": "Feature", "geometry": {"type": "Point", "coordinates": [9.48472, 35.2552]}, "properties": {"record_id": "oai:u-bordeaux-montaigne.fr:340516", "symbol_class": "building", "pixel_x": 3136.9, "pixel_y": 5697.2, "easting": 462168.7, "northing": 217303.4, "epsg_source": 22391}}, {"type": "Feature", "geometry": {"type": "Point", "coordinates": [9.48401, 35.25506]}, "properties": {"record_id": "oai:u-bordeaux-montaigne.fr:340516", "symbol_class": "building", "pixel_x": 3121.9, "pixel_y": 5702.0, "easting": 462103.8, "northing": 217288.3, "epsg_source": 22391}}, {"type": "Feature", "geometry": {"type": "Point", "coordinates": [9.47777, 35.25532]}, "properties": {"record_id": "oai:u-bordeaux-montaigne.fr:340516", "symbol_class": "building", "pixel_x": 2987.4, "pixel_y": 5705.0, "easting": 461536.1, "northing": 217320.2, "epsg_source": 22391}}, {"type": "Feature", "geometry": {"type": "Point", "coordinates": [9.47808, 35.25531]}, "properties": {"record_id": "oai:u-bordeaux-montaigne.fr:340516", "symbol_class": "building", "pixel_x": 2994.1, "pixel_y": 5704.7, "easting": 461564.3, "northing": 217319.2, "epsg_source": 22391}}, {"type": "Feature", "geometry": {"type": "Point", "coordinates": [9.47854, 35.25525]}, "properties": {"record_id": "oai:u-bordeaux-montaigne.fr:340516", "symbol_class": "building", "pixel_x": 3004.2, "pixel_y": 5705.7, "easting": 461606.9, "northing": 217311.9, "epsg_source": 22391}}, {"type": "Feature", "geometry": {"type": "Point", "coordinates": [9.50354, 35.25357]}, "properties": {"record_id": "oai:u-bordeaux-montaigne.fr:340516", "symbol_class": "building", "pixel_x": 3543.8, "pixel_y": 5709.8, "easting": 463879.9, "northing": 217116.5, "epsg_source": 22391}}, {"type": "Feature", "geometry": {"type": "Point", "coordinates": [9.48325, 35.25434]}, "properties": {"record_id": "oai:u-bordeaux-montaigne.fr:340516", "symbol_class": "building", "pixel_x": 3106.8, "pixel_y": 5722.0, "easting": 462034.2, "northing": 217209.6, "epsg_source": 22391}}, {"type": "Feature", "geometry": {"type": "Point", "coordinates": [9.50136, 35.25315]}, "properties": {"record_id": "oai:u-bordeaux-montaigne.fr:340516", "symbol_class": "building", "pixel_x": 3497.9, "pixel_y": 5724.5, "easting": 463681.4, "northing": 217070.2, "epsg_source": 22391}}, {"type": "Feature", "geometry": {"type": "Point", "coordinates": [9.58134, 35.24817]}, "properties": {"record_id": "oai:u-bordeaux-montaigne.fr:340516", "symbol_class": "building", "pixel_x": 5224.1, "pixel_y": 5726.9, "easting": 470956.0, "northing": 216490.9, "epsg_source": 22391}}, {"type": "Feature", "geometry": {"type": "Point", "coordinates": [9.48498, 35.25413]}, "properties": {"record_id": "oai:u-bordeaux-montaigne.fr:340516", "symbol_class": "building", "pixel_x": 3144.4, "pixel_y": 5724.9, "easting": 462191.6, "northing": 217184.9, "epsg_source": 22391}}, {"type": "Feature", "geometry": {"type": "Point", "coordinates": [9.40917, 35.25838]}, "properties": {"record_id": "oai:u-bordeaux-montaigne.fr:340516", "symbol_class": "building", "pixel_x": 1509.2, "pixel_y": 5733.4, "easting": 455297.2, "northing": 217688.5, "epsg_source": 22391}}, {"type": "Feature", "geometry": {"type": "Point", "coordinates": [9.40852, 35.25832]}, "properties": {"record_id": "oai:u-bordeaux-montaigne.fr:340516", "symbol_class": "building", "pixel_x": 1495.3, "pixel_y": 5735.9, "easting": 455237.6, "northing": 217682.6, "epsg_source": 22391}}, {"type": "Feature", "geometry": {"type": "Point", "coordinates": [9.48403, 35.25371]}, "properties": {"record_id": "oai:u-bordeaux-montaigne.fr:340516", "symbol_class": "building", "pixel_x": 3124.9, "pixel_y": 5737.5, "easting": 462105.4, "northing": 217138.6, "epsg_source": 22391}}, {"type": "Feature", "geometry": {"type": "Point", "coordinates": [9.40776, 35.25802]}, "properties": {"record_id": "oai:u-bordeaux-montaigne.fr:340516", "symbol_class": "building", "pixel_x": 1479.5, "pixel_y": 5745.1, "easting": 455168.5, "northing": 217649.3, "epsg_source": 22391}}, {"type": "Feature", "geometry": {"type": "Point", "coordinates": [9.40986, 35.25762]}, "properties": {"record_id": "oai:u-bordeaux-montaigne.fr:340516", "symbol_class": "building", "pixel_x": 1525.4, "pixel_y": 5752.3, "easting": 455359.6, "northing": 217603.9, "epsg_source": 22391}}, {"type": "Feature", "geometry": {"type": "Point", "coordinates": [9.46197, 35.25451]}, "properties": {"record_id": "oai:u-bordeaux-montaigne.fr:340516", "symbol_class": "building", "pixel_x": 2649.8, "pixel_y": 5751.4, "easting": 460098.6, "northing": 217236.9, "epsg_source": 22391}}, {"type": "Feature", "geometry": {"type": "Point", "coordinates": [9.50556, 35.25176]}, "properties": {"record_id": "oai:u-bordeaux-montaigne.fr:340516", "symbol_class": "building", "pixel_x": 3590.7, "pixel_y": 5754.4, "easting": 464063.5, "northing": 216914.3, "epsg_source": 22391}}, {"type": "Feature", "geometry": {"type": "Point", "coordinates": [9.40741, 35.25764]}, "properties": {"record_id": "oai:u-bordeaux-montaigne.fr:340516", "symbol_class": "building", "pixel_x": 1472.7, "pixel_y": 5755.7, "easting": 455136.4, "northing": 217607.1, "epsg_source": 22391}}, {"type": "Feature", "geometry": {"type": "Point", "coordinates": [9.40785, 35.25761]}, "properties": {"record_id": "oai:u-bordeaux-montaigne.fr:340516", "symbol_class": "building", "pixel_x": 1482.4, "pixel_y": 5755.7, "easting": 455177.1, "northing": 217604.0, "epsg_source": 22391}}, {"type": "Feature", "geometry": {"type": "Point", "coordinates": [9.40842, 35.25759]}, "properties": {"record_id": "oai:u-bordeaux-montaigne.fr:340516", "symbol_class": "building", "pixel_x": 1494.6, "pixel_y": 5755.3, "easting": 455228.6, "northing": 217601.4, "epsg_source": 22391}}, {"type": "Feature", "geometry": {"type": "Point", "coordinates": [9.40892, 35.2575]}, "properties": {"record_id": "oai:u-bordeaux-montaigne.fr:340516", "symbol_class": "building", "pixel_x": 1505.4, "pixel_y": 5756.9, "easting": 455273.8, "northing": 217591.4, "epsg_source": 22391}}, {"type": "Feature", "geometry": {"type": "Point", "coordinates": [9.47388, 35.25317]}, "properties": {"record_id": "oai:u-bordeaux-montaigne.fr:340516", "symbol_class": "building", "pixel_x": 2908.0, "pixel_y": 5767.8, "easting": 461181.9, "northing": 217083.3, "epsg_source": 22391}}, {"type": "Feature", "geometry": {"type": "Point", "coordinates": [9.50301, 35.25144]}, "properties": {"record_id": "oai:u-bordeaux-montaigne.fr:340516", "symbol_class": "building", "pixel_x": 3536.5, "pixel_y": 5766.9, "easting": 463831.2, "northing": 216879.8, "epsg_source": 22391}}, {"type": "Feature", "geometry": {"type": "Point", "coordinates": [9.47486, 35.25309]}, "properties": {"record_id": "oai:u-bordeaux-montaigne.fr:340516", "symbol_class": "building", "pixel_x": 2929.1, "pixel_y": 5768.4, "easting": 461270.7, "northing": 217073.9, "epsg_source": 22391}}, {"type": "Feature", "geometry": {"type": "Point", "coordinates": [9.47438, 35.25305]}, "properties": {"record_id": "oai:u-bordeaux-montaigne.fr:340516", "symbol_class": "building", "pixel_x": 2918.9, "pixel_y": 5770.2, "easting": 461227.0, "northing": 217069.6, "epsg_source": 22391}}, {"type": "Feature", "geometry": {"type": "Point", "coordinates": [9.4754, 35.25283]}, "properties": {"record_id": "oai:u-bordeaux-montaigne.fr:340516", "symbol_class": "building", "pixel_x": 2941.1, "pixel_y": 5774.3, "easting": 461319.4, "northing": 217045.0, "epsg_source": 22391}}, {"type": "Feature", "geometry": {"type": "Point", "coordinates": [9.50365, 35.25097]}, "properties": {"record_id": "oai:u-bordeaux-montaigne.fr:340516", "symbol_class": "building", "pixel_x": 3551.1, "pixel_y": 5778.2, "easting": 463888.9, "northing": 216827.7, "epsg_source": 22391}}, {"type": "Feature", "geometry": {"type": "Point", "coordinates": [9.50427, 35.2509]}, "properties": {"record_id": "oai:u-bordeaux-montaigne.fr:340516", "symbol_class": "building", "pixel_x": 3564.5, "pixel_y": 5779.0, "easting": 463945.3, "northing": 216819.9, "epsg_source": 22391}}, {"type": "Feature", "geometry": {"type": "Point", "coordinates": [9.47389, 35.25268]}, "properties": {"record_id": "oai:u-bordeaux-montaigne.fr:340516", "symbol_class": "building", "pixel_x": 2909.1, "pixel_y": 5780.8, "easting": 461182.5, "northing": 217028.3, "epsg_source": 22391}}, {"type": "Feature", "geometry": {"type": "Point", "coordinates": [9.47497, 35.25259]}, "properties": {"record_id": "oai:u-bordeaux-montaigne.fr:340516", "symbol_class": "building", "pixel_x": 2932.3, "pixel_y": 5781.3, "easting": 461280.2, "northing": 217018.6, "epsg_source": 22391}}, {"type": "Feature", "geometry": {"type": "Point", "coordinates": [9.39453, 35.24877]}, "properties": {"record_id": "oai:u-bordeaux-montaigne.fr:340516", "symbol_class": "building", "pixel_x": 1212.4, "pixel_y": 6009.5, "easting": 453959.9, "northing": 216630.0, "epsg_source": 22391}}, {"type": "Feature", "geometry": {"type": "Point", "coordinates": [9.39545, 35.24877]}, "properties": {"record_id": "oai:u-bordeaux-montaigne.fr:340516", "symbol_class": "building", "pixel_x": 1232.1, "pixel_y": 6008.1, "easting": 454043.1, "northing": 216629.3, "epsg_source": 22391}}, {"type": "Feature", "geometry": {"type": "Point", "coordinates": [9.39607, 35.24865]}, "properties": {"record_id": "oai:u-bordeaux-montaigne.fr:340516", "symbol_class": "building", "pixel_x": 1245.8, "pixel_y": 6010.2, "easting": 454100.2, "northing": 216616.0, "epsg_source": 22391}}, {"type": "Feature", "geometry": {"type": "Point", "coordinates": [9.4055, 35.24781]}, "properties": {"record_id": "oai:u-bordeaux-montaigne.fr:340516", "symbol_class": "building", "pixel_x": 1449.6, "pixel_y": 6017.7, "easting": 454956.9, "northing": 216517.3, "epsg_source": 22391}}, {"type": "Feature", "geometry": {"type": "Point", "coordinates": [9.40657, 35.24826]}, "properties": {"record_id": "oai:u-bordeaux-montaigne.fr:340516", "symbol_class": "building", "pixel_x": 1471.8, "pixel_y": 6003.9, "easting": 455055.0, "northing": 216567.5, "epsg_source": 22391}}]}