{"type": "FeatureCollection", "features": [{"type": "Feature", "geometry": {"type": "Point", "coordinates": [9.2301209, 36.5309214]}, "properties": {"record_id": "oai:u-bordeaux-montaigne.fr:340429", "symbol_class": "building", "pixel_x": 3012.4, "pixel_y": 1092.6, "easting": 439978.5, "northing": 358930.7, "epsg_source": 22391}}, {"type": "Feature", "geometry": {"type": "Point", "coordinates": [9.3431403, 36.5248276]}, "properties": {"record_id": "oai:u-bordeaux-montaigne.fr:340429", "symbol_class": "building", "pixel_x": 5368.4, "pixel_y": 1093.2, "easting": 450092.7, "northing": 358191.1, "epsg_source": 22391}}, {"type": "Feature", "geometry": {"type": "Point", "coordinates": [9.3788205, 36.5226758]}, "properties": {"record_id": "oai:u-bordeaux-montaigne.fr:340429", "symbol_class": "building", "pixel_x": 6112.6, "pixel_y": 1098.7, "easting": 453285.9, "northing": 357934.7, "epsg_source": 22391}}, {"type": "Feature", "geometry": {"type": "Point", "coordinates": [9.387421, 36.5220399]}, "properties": {"record_id": "oai:u-bordeaux-montaigne.fr:340429", "symbol_class": "building", "pixel_x": 6292.2, "pixel_y": 1103.1, "easting": 454055.6, "northing": 357860.1, "epsg_source": 22391}}, {"type": "Feature", "geometry": {"type": "Point", "coordinates": [9.4757227, 36.5172571]}, "properties": {"record_id": "oai:u-bordeaux-montaigne.fr:340429", "symbol_class": "building", "pixel_x": 8133.1, "pixel_y": 1101.3, "easting": 461959.4, "northing": 357291.5, "epsg_source": 22391}}, {"type": "Feature", "geometry": {"type": "Point", "coordinates": [9.3891959, 36.5219835]}, "properties": {"record_id": "oai:u-bordeaux-montaigne.fr:340429", "symbol_class": "building", "pixel_x": 6329.1, "pixel_y": 1102.1, "easting": 454214.5, "northing": 357853.0, "epsg_source": 22391}}, {"type": "Feature", "geometry": {"type": "Point", "coordinates": [9.4143141, 36.5202016]}, "properties": {"record_id": "oai:u-bordeaux-montaigne.fr:340429", "symbol_class": "building", "pixel_x": 6853.5, "pixel_y": 1112.8, "easting": 456462.5, "northing": 357643.8, "epsg_source": 22391}}, {"type": "Feature", "geometry": {"type": "Point", "coordinates": [9.3565338, 36.5234075]}, "properties": {"record_id": "oai:u-bordeaux-montaigne.fr:340429", "symbol_class": "building", "pixel_x": 5648.8, "pixel_y": 1111.4, "easting": 451291.0, "northing": 358026.8, "epsg_source": 22391}}, {"type": "Feature", "geometry": {"type": "Point", "coordinates": [9.4666007, 36.5167899]}, "properties": {"record_id": "oai:u-bordeaux-montaigne.fr:340429", "symbol_class": "building", "pixel_x": 7944.6, "pixel_y": 1126.8, "easting": 461142.4, "northing": 357243.3, "epsg_source": 22391}}, {"type": "Feature", "geometry": {"type": "Point", "coordinates": [9.4653177, 36.517101]}, "properties": {"record_id": "oai:u-bordeaux-montaigne.fr:340429", "symbol_class": "building", "pixel_x": 7917.4, "pixel_y": 1120.5, "easting": 461027.7, "northing": 357278.3, "epsg_source": 22391}}, {"type": "Feature", "geometry": {"type": "Point", "coordinates": [9.471268, 36.5162907]}, "properties": {"record_id": "oai:u-bordeaux-montaigne.fr:340429", "symbol_class": "building", "pixel_x": 8042.3, "pixel_y": 1133.1, "easting": 461560.1, "northing": 357186.1, "epsg_source": 22391}}, {"type": "Feature", "geometry": {"type": "Point", "coordinates": [9.3522606, 36.5227964]}, "properties": {"record_id": "oai:u-bordeaux-montaigne.fr:340429", "symbol_class": "building", "pixel_x": 5561.1, "pixel_y": 1133.5, "easting": 450908.0, "northing": 357961.1, "epsg_source": 22391}}, {"type": "Feature", "geometry": {"type": "Point", "coordinates": [9.4655163, 36.5160511]}, "properties": {"record_id": "oai:u-bordeaux-montaigne.fr:340429", "symbol_class": "building", "pixel_x": 7923.4, "pixel_y": 1147.7, "easting": 461044.9, "northing": 357161.8, "epsg_source": 22391}}, {"type": "Feature", "geometry": {"type": "Point", "coordinates": [9.4715755, 36.5159249]}, "properties": {"record_id": "oai:u-bordeaux-montaigne.fr:340429", "symbol_class": "building", "pixel_x": 8049.3, "pixel_y": 1142.3, "easting": 461587.4, "northing": 357145.4, "epsg_source": 22391}}, {"type": "Feature", "geometry": {"type": "Point", "coordinates": [9.2891305, 36.5257446]}, "properties": {"record_id": "oai:u-bordeaux-montaigne.fr:340429", "symbol_class": "building", "pixel_x": 4245.8, "pixel_y": 1145.6, "easting": 445257.7, "northing": 358321.8, "epsg_source": 22391}}, {"type": "Feature", "geometry": {"type": "Point", "coordinates": [9.3551729, 36.5218606]}, "properties": {"record_id": "oai:u-bordeaux-montaigne.fr:340429", "symbol_class": "building", "pixel_x": 5623.1, "pixel_y": 1153.8, "easting": 451168.2, "northing": 357855.9, "epsg_source": 22391}}, {"type": "Feature", "geometry": {"type": "Point", "coordinates": [9.3515419, 36.5220017]}, "properties": {"record_id": "oai:u-bordeaux-montaigne.fr:340429", "symbol_class": "building", "pixel_x": 5547.5, "pixel_y": 1155.3, "easting": 450843.1, "northing": 357873.3, "epsg_source": 22391}}, {"type": "Feature", "geometry": {"type": "Point", "coordinates": [9.2301353, 36.5283996]}, "properties": {"record_id": "oai:u-bordeaux-montaigne.fr:340429", "symbol_class": "building", "pixel_x": 3016.9, "pixel_y": 1158.7, "easting": 439977.9, "northing": 358651.0, "epsg_source": 22391}}, {"type": "Feature", "geometry": {"type": "Point", "coordinates": [9.4018354, 36.51904]}, "properties": {"record_id": "oai:u-bordeaux-montaigne.fr:340429", "symbol_class": "building", "pixel_x": 6596.5, "pixel_y": 1161.1, "easting": 455344.5, "northing": 357520.6, "epsg_source": 22391}}, {"type": "Feature", "geometry": {"type": "Point", "coordinates": [9.4022711, 36.5189965]}, "properties": {"record_id": "oai:u-bordeaux-montaigne.fr:340429", "symbol_class": "building", "pixel_x": 6605.6, "pixel_y": 1161.6, "easting": 455383.5, "northing": 357515.6, "epsg_source": 22391}}, {"type": "Feature", "geometry": {"type": "Point", "coordinates": [9.2280389, 36.5283981]}, "properties": {"record_id": "oai:u-bordeaux-montaigne.fr:340429", "symbol_class": "building", "pixel_x": 2973.4, "pixel_y": 1161.7, "easting": 439790.2, "northing": 358652.1, "epsg_source": 22391}}, {"type": "Feature", "geometry": {"type": "Point", "coordinates": [9.3994297, 36.518836]}, "properties": {"record_id": "oai:u-bordeaux-montaigne.fr:340429", "symbol_class": "building", "pixel_x": 6546.9, "pixel_y": 1169.9, "easting": 455129.0, "northing": 357499.1, "epsg_source": 22391}}, {"type": "Feature", "geometry": {"type": "Point", "coordinates": [9.4654715, 36.515468]}, "properties": {"record_id": "oai:u-bordeaux-montaigne.fr:340429", "symbol_class": "building", "pixel_x": 7923.4, "pixel_y": 1163.1, "easting": 461040.6, "northing": 357097.1, "epsg_source": 22391}}, {"type": "Feature", "geometry": {"type": "Point", "coordinates": [9.4001836, 36.5189349]}, "properties": {"record_id": "oai:u-bordeaux-montaigne.fr:340429", "symbol_class": "building", "pixel_x": 6562.4, "pixel_y": 1166.2, "easting": 455196.5, "northing": 357509.7, "epsg_source": 22391}}, {"type": "Feature", "geometry": {"type": "Point", "coordinates": [9.4014343, 36.5188627]}, "properties": {"record_id": "oai:u-bordeaux-montaigne.fr:340429", "symbol_class": "building", "pixel_x": 6588.4, "pixel_y": 1166.3, "easting": 455308.5, "northing": 357501.1, "epsg_source": 22391}}, {"type": "Feature", "geometry": {"type": "Point", "coordinates": [9.4656905, 36.5150917]}, "properties": {"record_id": "oai:u-bordeaux-montaigne.fr:340429", "symbol_class": "building", "pixel_x": 7928.6, "pixel_y": 1172.6, "easting": 461060.1, "northing": 357055.3, "epsg_source": 22391}}, {"type": "Feature", "geometry": {"type": "Point", "coordinates": [9.2287161, 36.5279474]}, "properties": {"record_id": "oai:u-bordeaux-montaigne.fr:340429", "symbol_class": "building", "pixel_x": 2988.2, "pixel_y": 1172.5, "easting": 439850.5, "northing": 358601.7, "epsg_source": 22391}}, {"type": "Feature", "geometry": {"type": "Point", "coordinates": [9.3507245, 36.5212429]}, "properties": {"record_id": "oai:u-bordeaux-montaigne.fr:340429", "symbol_class": "building", "pixel_x": 5531.9, "pixel_y": 1176.4, "easting": 450769.5, "northing": 357789.6, "epsg_source": 22391}}, {"type": "Feature", "geometry": {"type": "Point", "coordinates": [9.4854525, 36.5138867]}, "properties": {"record_id": "oai:u-bordeaux-montaigne.fr:340429", "symbol_class": "building", "pixel_x": 8340.9, "pixel_y": 1175.6, "easting": 462829.0, "northing": 356913.9, "epsg_source": 22391}}, {"type": "Feature", "geometry": {"type": "Point", "coordinates": [9.3761232, 36.5196502]}, "properties": {"record_id": "oai:u-bordeaux-montaigne.fr:340429", "symbol_class": "building", "pixel_x": 6061.7, "pixel_y": 1181.9, "easting": 453042.6, "northing": 357600.4, "epsg_source": 22391}}, {"type": "Feature", "geometry": {"type": "Point", "coordinates": [9.4531989, 36.5153395]}, "properties": {"record_id": "oai:u-bordeaux-montaigne.fr:340429", "symbol_class": "building", "pixel_x": 7668.9, "pixel_y": 1184.2, "easting": 459941.6, "northing": 357087.8, "epsg_source": 22391}}, {"type": "Feature", "geometry": {"type": "Point", "coordinates": [9.3279317, 36.5218916]}, "properties": {"record_id": "oai:u-bordeaux-montaigne.fr:340429", "symbol_class": "building", "pixel_x": 5057.7, "pixel_y": 1191.7, "easting": 448729.1, "northing": 357873.3, "epsg_source": 22391}}, {"type": "Feature", "geometry": {"type": "Point", "coordinates": [9.2250502, 36.527278]}, "properties": {"record_id": "oai:u-bordeaux-montaigne.fr:340429", "symbol_class": "building", "pixel_x": 2913.2, "pixel_y": 1195.2, "easting": 439521.8, "northing": 358529.7, "epsg_source": 22391}}, {"type": "Feature", "geometry": {"type": "Point", "coordinates": [9.4627607, 36.5142967]}, "properties": {"record_id": "oai:u-bordeaux-montaigne.fr:340429", "symbol_class": "building", "pixel_x": 7869.2, "pixel_y": 1197.7, "easting": 460797.3, "northing": 356968.3, "epsg_source": 22391}}, {"type": "Feature", "geometry": {"type": "Point", "coordinates": [9.4610951, 36.5142903]}, "properties": {"record_id": "oai:u-bordeaux-montaigne.fr:340429", "symbol_class": "building", "pixel_x": 7834.6, "pixel_y": 1200.3, "easting": 460648.2, "northing": 356968.2, "epsg_source": 22391}}, {"type": "Feature", "geometry": {"type": "Point", "coordinates": [9.2251367, 36.5267586]}, "properties": {"record_id": "oai:u-bordeaux-montaigne.fr:340429", "symbol_class": "building", "pixel_x": 2915.9, "pixel_y": 1208.7, "easting": 439529.1, "northing": 358472.0, "epsg_source": 22391}}, {"type": "Feature", "geometry": {"type": "Point", "coordinates": [9.4865457, 36.5126542]}, "properties": {"record_id": "oai:u-bordeaux-montaigne.fr:340429", "symbol_class": "building", "pixel_x": 8365.7, "pixel_y": 1206.3, "easting": 462926.4, "northing": 356776.8, "epsg_source": 22391}}, {"type": "Feature", "geometry": {"type": "Point", "coordinates": [9.2213823, 36.5269125]}, "properties": {"record_id": "oai:u-bordeaux-montaigne.fr:340429", "symbol_class": "building", "pixel_x": 2837.7, "pixel_y": 1209.9, "easting": 439193.1, "northing": 358491.5, "epsg_source": 22391}}, {"type": "Feature", "geometry": {"type": "Point", "coordinates": [9.2230595, 36.5265721]}, "properties": {"record_id": "oai:u-bordeaux-montaigne.fr:340429", "symbol_class": "building", "pixel_x": 2873.1, "pixel_y": 1216.5, "easting": 439343.0, "northing": 358452.6, "epsg_source": 22391}}, {"type": "Feature", "geometry": {"type": "Point", "coordinates": [9.221126, 36.5261922]}, "properties": {"record_id": "oai:u-bordeaux-montaigne.fr:340429", "symbol_class": "building", "pixel_x": 2833.6, "pixel_y": 1229.2, "easting": 439169.6, "northing": 358411.7, "epsg_source": 22391}}, {"type": "Feature", "geometry": {"type": "Point", "coordinates": [9.3165567, 36.5207686]}, "properties": {"record_id": "oai:u-bordeaux-montaigne.fr:340429", "symbol_class": "building", "pixel_x": 4823.4, "pixel_y": 1237.3, "easting": 447709.9, "northing": 357754.7, "epsg_source": 22391}}, {"type": "Feature", "geometry": {"type": "Point", "coordinates": [9.2243688, 36.525625]}, "properties": {"record_id": "oai:u-bordeaux-montaigne.fr:340429", "symbol_class": "building", "pixel_x": 2901.8, "pixel_y": 1239.5, "easting": 439459.5, "northing": 358346.8, "epsg_source": 22391}}, {"type": "Feature", "geometry": {"type": "Point", "coordinates": [9.2237344, 36.5256492]}, "properties": {"record_id": "oai:u-bordeaux-montaigne.fr:340429", "symbol_class": "building", "pixel_x": 2888.6, "pixel_y": 1239.8, "easting": 439402.7, "northing": 358349.8, "epsg_source": 22391}}, {"type": "Feature", "geometry": {"type": "Point", "coordinates": [9.2222436, 36.5254749]}, "properties": {"record_id": "oai:u-bordeaux-montaigne.fr:340429", "symbol_class": "building", "pixel_x": 2857.9, "pixel_y": 1246.4, "easting": 439269.1, "northing": 358331.4, "epsg_source": 22391}}, {"type": "Feature", "geometry": {"type": "Point", "coordinates": [9.2240097, 36.5252486]}, "properties": {"record_id": "oai:u-bordeaux-montaigne.fr:340429", "symbol_class": "building", "pixel_x": 2895.0, "pixel_y": 1249.9, "easting": 439427.1, "northing": 358305.2, "epsg_source": 22391}}, {"type": "Feature", "geometry": {"type": "Point", "coordinates": [9.2221602, 36.5250955]}, "properties": {"record_id": "oai:u-bordeaux-montaigne.fr:340429", "symbol_class": "building", "pixel_x": 2856.8, "pixel_y": 1256.5, "easting": 439261.4, "northing": 358289.4, "epsg_source": 22391}}, {"type": "Feature", "geometry": {"type": "Point", "coordinates": [9.2235642, 36.5248104]}, "properties": {"record_id": "oai:u-bordeaux-montaigne.fr:340429", "symbol_class": "building", "pixel_x": 2886.4, "pixel_y": 1262.0, "easting": 439386.9, "northing": 358256.9, "epsg_source": 22391}}, {"type": "Feature", "geometry": {"type": "Point", "coordinates": [9.2244917, 36.5248601]}, "properties": {"record_id": "oai:u-bordeaux-montaigne.fr:340429", "symbol_class": "building", "pixel_x": 2905.6, "pixel_y": 1259.4, "easting": 439469.9, "northing": 358261.8, "epsg_source": 22391}}, {"type": "Feature", "geometry": {"type": "Point", "coordinates": [9.2226683, 36.5245655]}, "properties": {"record_id": "oai:u-bordeaux-montaigne.fr:340429", "symbol_class": "building", "pixel_x": 2868.3, "pixel_y": 1269.7, "easting": 439306.5, "northing": 358230.3, "epsg_source": 22391}}, {"type": "Feature", "geometry": {"type": "Point", "coordinates": [9.2241714, 36.5245373]}, "properties": {"record_id": "oai:u-bordeaux-montaigne.fr:340429", "symbol_class": "building", "pixel_x": 2899.5, "pixel_y": 1268.3, "easting": 439441.0, "northing": 358226.2, "epsg_source": 22391}}, {"type": "Feature", "geometry": {"type": "Point", "coordinates": [9.2245534, 36.5245217]}, "properties": {"record_id": "oai:u-bordeaux-montaigne.fr:340429", "symbol_class": "building", "pixel_x": 2907.5, "pixel_y": 1268.2, "easting": 439475.2, "northing": 358224.3, "epsg_source": 22391}}, {"type": "Feature", "geometry": {"type": "Point", "coordinates": [9.2220903, 36.5246505]}, "properties": {"record_id": "oai:u-bordeaux-montaigne.fr:340429", "symbol_class": "building", "pixel_x": 2856.1, "pixel_y": 1268.2, "easting": 439254.8, "northing": 358240.1, "epsg_source": 22391}}, {"type": "Feature", "geometry": {"type": "Point", "coordinates": [9.35422, 36.5168333]}, "properties": {"record_id": "oai:u-bordeaux-montaigne.fr:340429", "symbol_class": "building", "pixel_x": 5611.9, "pixel_y": 1287.0, "easting": 451079.7, "northing": 357298.7, "epsg_source": 22391}}, {"type": "Feature", "geometry": {"type": "Point", "coordinates": [9.3694688, 36.5161762]}, "properties": {"record_id": "oai:u-bordeaux-montaigne.fr:340429", "symbol_class": "building", "pixel_x": 5929.5, "pixel_y": 1282.5, "easting": 452444.7, "northing": 357218.2, "epsg_source": 22391}}, {"type": "Feature", "geometry": {"type": "Point", "coordinates": [9.223822, 36.5238278]}, "properties": {"record_id": "oai:u-bordeaux-montaigne.fr:340429", "symbol_class": "building", "pixel_x": 2893.4, "pixel_y": 1287.4, "easting": 439409.2, "northing": 358147.7, "epsg_source": 22391}}, {"type": "Feature", "geometry": {"type": "Point", "coordinates": [9.3688837, 36.5157521]}, "properties": {"record_id": "oai:u-bordeaux-montaigne.fr:340429", "symbol_class": "building", "pixel_x": 5918.1, "pixel_y": 1294.5, "easting": 452392.1, "northing": 357171.5, "epsg_source": 22391}}, {"type": "Feature", "geometry": {"type": "Point", "coordinates": [9.2237126, 36.5234814]}, "properties": {"record_id": "oai:u-bordeaux-montaigne.fr:340429", "symbol_class": "building", "pixel_x": 2891.7, "pixel_y": 1296.6, "easting": 439399.1, "northing": 358109.4, "epsg_source": 22391}}, {"type": "Feature", "geometry": {"type": "Point", "coordinates": [9.413449, 36.5127977]}, "properties": {"record_id": "oai:u-bordeaux-montaigne.fr:340429", "symbol_class": "building", "pixel_x": 6848.2, "pixel_y": 1308.1, "easting": 456380.9, "northing": 356822.9, "epsg_source": 22391}}, {"type": "Feature", "geometry": {"type": "Point", "coordinates": [9.4245542, 36.5120754]}, "properties": {"record_id": "oai:u-bordeaux-montaigne.fr:340429", "symbol_class": "building", "pixel_x": 7079.9, "pixel_y": 1311.1, "easting": 457374.9, "northing": 356737.9, "epsg_source": 22391}}, {"type": "Feature", "geometry": {"type": "Point", "coordinates": [9.413966, 36.5123502]}, "properties": {"record_id": "oai:u-bordeaux-montaigne.fr:340429", "symbol_class": "building", "pixel_x": 6859.7, "pixel_y": 1319.1, "easting": 456427.0, "northing": 356773.0, "epsg_source": 22391}}, {"type": "Feature", "geometry": {"type": "Point", "coordinates": [9.3527855, 36.515639]}, "properties": {"record_id": "oai:u-bordeaux-montaigne.fr:340429", "symbol_class": "building", "pixel_x": 5584.1, "pixel_y": 1320.4, "easting": 450950.5, "northing": 357166.9, "epsg_source": 22391}}, {"type": "Feature", "geometry": {"type": "Point", "coordinates": [9.328382, 36.5168102]}, "properties": {"record_id": "oai:u-bordeaux-montaigne.fr:340429", "symbol_class": "building", "pixel_x": 5075.6, "pixel_y": 1324.3, "easting": 448766.1, "northing": 357309.4, "epsg_source": 22391}}, {"type": "Feature", "geometry": {"type": "Point", "coordinates": [9.3287422, 36.5167724]}, "properties": {"record_id": "oai:u-bordeaux-montaigne.fr:340429", "symbol_class": "building", "pixel_x": 5083.1, "pixel_y": 1324.8, "easting": 448798.4, "northing": 357305.0, "epsg_source": 22391}}, {"type": "Feature", "geometry": {"type": "Point", "coordinates": [9.4817074, 36.5082645]}, "properties": {"record_id": "oai:u-bordeaux-montaigne.fr:340429", "symbol_class": "building", "pixel_x": 8272.8, "pixel_y": 1328.4, "easting": 462491.0, "northing": 356291.7, "epsg_source": 22391}}, {"type": "Feature", "geometry": {"type": "Point", "coordinates": [9.4828109, 36.5082948]}, "properties": {"record_id": "oai:u-bordeaux-montaigne.fr:340429", "symbol_class": "building", "pixel_x": 8295.7, "pixel_y": 1326.0, "easting": 462589.9, "northing": 356294.6, "epsg_source": 22391}}, {"type": "Feature", "geometry": {"type": "Point", "coordinates": [9.4855581, 36.5077936]}, "properties": {"record_id": "oai:u-bordeaux-montaigne.fr:340429", "symbol_class": "building", "pixel_x": 8353.6, "pixel_y": 1335.2, "easting": 462835.6, "northing": 356238.0, "epsg_source": 22391}}, {"type": "Feature", "geometry": {"type": "Point", "coordinates": [9.4847744, 36.5077786]}, "properties": {"record_id": "oai:u-bordeaux-montaigne.fr:340429", "symbol_class": "building", "pixel_x": 8337.3, "pixel_y": 1336.7, "easting": 462765.4, "northing": 356236.6, "epsg_source": 22391}}, {"type": "Feature", "geometry": {"type": "Point", "coordinates": [9.3842267, 36.5130543]}, "properties": {"record_id": "oai:u-bordeaux-montaigne.fr:340429", "symbol_class": "building", "pixel_x": 6241.1, "pixel_y": 1343.3, "easting": 453764.3, "northing": 356864.8, "epsg_source": 22391}}, {"type": "Feature", "geometry": {"type": "Point", "coordinates": [9.1798416, 36.5234369]}, "properties": {"record_id": "oai:u-bordeaux-montaigne.fr:340429", "symbol_class": "building", "pixel_x": 1981.1, "pixel_y": 1358.8, "easting": 435471.2, "northing": 358132.6, "epsg_source": 22391}}, {"type": "Feature", "geometry": {"type": "Point", "coordinates": [9.3821875, 36.5127975]}, "properties": {"record_id": "oai:u-bordeaux-montaigne.fr:340429", "symbol_class": "building", "pixel_x": 6199.2, "pixel_y": 1352.9, "easting": 453581.6, "northing": 356837.3, "epsg_source": 22391}}, {"type": "Feature", "geometry": {"type": "Point", "coordinates": [9.3844959, 36.5126185]}, "properties": {"record_id": "oai:u-bordeaux-montaigne.fr:340429", "symbol_class": "building", "pixel_x": 6247.5, "pixel_y": 1354.3, "easting": 453788.2, "northing": 356816.4, "epsg_source": 22391}}, {"type": "Feature", "geometry": {"type": "Point", "coordinates": [9.4828474, 36.506868]}, "properties": {"record_id": "oai:u-bordeaux-montaigne.fr:340429", "symbol_class": "building", "pixel_x": 8298.9, "pixel_y": 1363.4, "easting": 462592.4, "northing": 356136.3, "epsg_source": 22391}}, {"type": "Feature", "geometry": {"type": "Point", "coordinates": [9.3819295, 36.512499]}, "properties": {"record_id": "oai:u-bordeaux-montaigne.fr:340429", "symbol_class": "building", "pixel_x": 6194.4, "pixel_y": 1361.1, "easting": 453558.3, "northing": 356804.3, "epsg_source": 22391}}, {"type": "Feature", "geometry": {"type": "Point", "coordinates": [9.3410754, 36.5144654]}, "properties": {"record_id": "oai:u-bordeaux-montaigne.fr:340429", "symbol_class": "building", "pixel_x": 5343.0, "pixel_y": 1367.8, "easting": 449901.2, "northing": 357042.7, "epsg_source": 22391}}, {"type": "Feature", "geometry": {"type": "Point", "coordinates": [9.4786858, 36.5068231]}, "properties": {"record_id": "oai:u-bordeaux-montaigne.fr:340429", "symbol_class": "building", "pixel_x": 8212.6, "pixel_y": 1370.6, "easting": 462219.7, "northing": 356132.9, "epsg_source": 22391}}, {"type": "Feature", "geometry": {"type": "Point", "coordinates": [9.3967241, 36.5109369]}, "properties": {"record_id": "oai:u-bordeaux-montaigne.fr:340429", "symbol_class": "building", "pixel_x": 6504.2, "pixel_y": 1380.9, "easting": 454882.2, "northing": 356624.1, "epsg_source": 22391}}, {"type": "Feature", "geometry": {"type": "Point", "coordinates": [9.2875934, 36.5168012]}, "properties": {"record_id": "oai:u-bordeaux-montaigne.fr:340429", "symbol_class": "building", "pixel_x": 4228.9, "pixel_y": 1382.2, "easting": 445113.9, "northing": 357330.5, "epsg_source": 22391}}, {"type": "Feature", "geometry": {"type": "Point", "coordinates": [9.4122886, 36.5084117]}, "properties": {"record_id": "oai:u-bordeaux-montaigne.fr:340429", "symbol_class": "building", "pixel_x": 6831.6, "pixel_y": 1424.8, "easting": 456274.6, "northing": 356336.9, "epsg_source": 22391}}, {"type": "Feature", "geometry": {"type": "Point", "coordinates": [9.2321806, 36.5179722]}, "properties": {"record_id": "oai:u-bordeaux-montaigne.fr:340429", "symbol_class": "building", "pixel_x": 3076.6, "pixel_y": 1429.2, "easting": 440153.1, "northing": 357493.0, "epsg_source": 22391}}, {"type": "Feature", "geometry": {"type": "Point", "coordinates": [9.4461932, 36.506431]}, "properties": {"record_id": "oai:u-bordeaux-montaigne.fr:340429", "symbol_class": "building", "pixel_x": 7538.8, "pixel_y": 1427.9, "easting": 459309.7, "northing": 356102.5, "epsg_source": 22391}}, {"type": "Feature", "geometry": {"type": "Point", "coordinates": [9.445769, 36.506199]}, "properties": {"record_id": "oai:u-bordeaux-montaigne.fr:340429", "symbol_class": "building", "pixel_x": 7530.4, "pixel_y": 1434.6, "easting": 459271.6, "northing": 356077.0, "epsg_source": 22391}}, {"type": "Feature", "geometry": {"type": "Point", "coordinates": [9.4461948, 36.5061531]}, "properties": {"record_id": "oai:u-bordeaux-montaigne.fr:340429", "symbol_class": "building", "pixel_x": 7539.3, "pixel_y": 1435.2, "easting": 459309.7, "northing": 356071.7, "epsg_source": 22391}}, {"type": "Feature", "geometry": {"type": "Point", "coordinates": [9.4242345, 36.5069433]}, "properties": {"record_id": "oai:u-bordeaux-montaigne.fr:340429", "symbol_class": "building", "pixel_x": 7082.0, "pixel_y": 1446.1, "easting": 457343.5, "northing": 356168.7, "epsg_source": 22391}}, {"type": "Feature", "geometry": {"type": "Point", "coordinates": [9.423802, 36.5067266]}, "properties": {"record_id": "oai:u-bordeaux-montaigne.fr:340429", "symbol_class": "building", "pixel_x": 7073.4, "pixel_y": 1452.4, "easting": 457304.7, "northing": 356144.9, "epsg_source": 22391}}, {"type": "Feature", "geometry": {"type": "Point", "coordinates": [9.3491425, 36.5104087]}, "properties": {"record_id": "oai:u-bordeaux-montaigne.fr:340429", "symbol_class": "building", "pixel_x": 5517.3, "pixel_y": 1462.7, "easting": 450621.0, "northing": 356588.5, "epsg_source": 22391}}, {"type": "Feature", "geometry": {"type": "Point", "coordinates": [9.2116673, 36.5162316]}, "properties": {"record_id": "oai:u-bordeaux-montaigne.fr:340429", "symbol_class": "building", "pixel_x": 2653.7, "pixel_y": 1503.5, "easting": 438315.0, "northing": 357312.7, "epsg_source": 22391}}, {"type": "Feature", "geometry": {"type": "Point", "coordinates": [9.4165357, 36.5050765]}, "properties": {"record_id": "oai:u-bordeaux-montaigne.fr:340429", "symbol_class": "building", "pixel_x": 6925.4, "pixel_y": 1506.1, "easting": 456653.1, "northing": 355965.0, "epsg_source": 22391}}, {"type": "Feature", "geometry": {"type": "Point", "coordinates": [9.2119825, 36.5156787]}, "properties": {"record_id": "oai:u-bordeaux-montaigne.fr:340429", "symbol_class": "building", "pixel_x": 2661.1, "pixel_y": 1517.6, "easting": 438342.8, "northing": 357251.2, "epsg_source": 22391}}, {"type": "Feature", "geometry": {"type": "Point", "coordinates": [9.2671336, 36.5125589]}, "properties": {"record_id": "oai:u-bordeaux-montaigne.fr:340429", "symbol_class": "building", "pixel_x": 3811.2, "pixel_y": 1522.2, "easting": 443278.9, "northing": 356871.6, "epsg_source": 22391}}, {"type": "Feature", "geometry": {"type": "Point", "coordinates": [9.3948851, 36.5049139]}, "properties": {"record_id": "oai:u-bordeaux-montaigne.fr:340429", "symbol_class": "building", "pixel_x": 6476.2, "pixel_y": 1541.4, "easting": 454714.1, "northing": 355956.8, "epsg_source": 22391}}, {"type": "Feature", "geometry": {"type": "Point", "coordinates": [9.3953069, 36.5047689]}, "properties": {"record_id": "oai:u-bordeaux-montaigne.fr:340429", "symbol_class": "building", "pixel_x": 6485.2, "pixel_y": 1544.6, "easting": 454751.8, "northing": 355940.5, "epsg_source": 22391}}, {"type": "Feature", "geometry": {"type": "Point", "coordinates": [9.39564, 36.5047936]}, "properties": {"record_id": "oai:u-bordeaux-montaigne.fr:340429", "symbol_class": "building", "pixel_x": 6492.1, "pixel_y": 1543.5, "easting": 454781.6, "northing": 355943.1, "epsg_source": 22391}}, {"type": "Feature", "geometry": {"type": "Point", "coordinates": [9.4843134, 36.4994106]}, "properties": {"record_id": "oai:u-bordeaux-montaigne.fr:340429", "symbol_class": "building", "pixel_x": 8342.2, "pixel_y": 1556.7, "easting": 462720.2, "northing": 355308.5, "epsg_source": 22391}}, {"type": "Feature", "geometry": {"type": "Point", "coordinates": [9.2725426, 36.510167]}, "properties": {"record_id": "oai:u-bordeaux-montaigne.fr:340429", "symbol_class": "building", "pixel_x": 3927.5, "pixel_y": 1577.3, "easting": 443761.5, "northing": 356603.2, "epsg_source": 22391}}, {"type": "Feature", "geometry": {"type": "Point", "coordinates": [9.3885374, 36.5033633]}, "properties": {"record_id": "oai:u-bordeaux-montaigne.fr:340429", "symbol_class": "building", "pixel_x": 6347.1, "pixel_y": 1591.2, "easting": 454144.7, "northing": 355787.8, "epsg_source": 22391}}, {"type": "Feature", "geometry": {"type": "Point", "coordinates": [9.4329339, 36.5007487]}, "properties": {"record_id": "oai:u-bordeaux-montaigne.fr:340429", "symbol_class": "building", "pixel_x": 7273.2, "pixel_y": 1596.0, "easting": 458119.3, "northing": 355477.8, "epsg_source": 22391}}, {"type": "Feature", "geometry": {"type": "Point", "coordinates": [9.2065255, 36.5127891]}, "properties": {"record_id": "oai:u-bordeaux-montaigne.fr:340429", "symbol_class": "building", "pixel_x": 2552.6, "pixel_y": 1600.9, "easting": 437851.9, "northing": 356934.1, "epsg_source": 22391}}, {"type": "Feature", "geometry": {"type": "Point", "coordinates": [9.3974828, 36.5023451]}, "properties": {"record_id": "oai:u-bordeaux-montaigne.fr:340429", "symbol_class": "building", "pixel_x": 6534.5, "pixel_y": 1605.1, "easting": 454945.2, "northing": 355670.7, "epsg_source": 22391}}, {"type": "Feature", "geometry": {"type": "Point", "coordinates": [9.3223535, 36.5059926]}, "properties": {"record_id": "oai:u-bordeaux-montaigne.fr:340429", "symbol_class": "building", "pixel_x": 4968.6, "pixel_y": 1616.5, "easting": 448219.2, "northing": 356112.5, "epsg_source": 22391}}, {"type": "Feature", "geometry": {"type": "Point", "coordinates": [9.3221451, 36.5054019]}, "properties": {"record_id": "oai:u-bordeaux-montaigne.fr:340429", "symbol_class": "building", "pixel_x": 4965.3, "pixel_y": 1632.3, "easting": 448200.2, "northing": 356047.1, "epsg_source": 22391}}, {"type": "Feature", "geometry": {"type": "Point", "coordinates": [9.3668866, 36.5030268]}, "properties": {"record_id": "oai:u-bordeaux-montaigne.fr:340429", "symbol_class": "building", "pixel_x": 5898.1, "pixel_y": 1630.9, "easting": 452205.5, "northing": 355760.8, "epsg_source": 22391}}, {"type": "Feature", "geometry": {"type": "Point", "coordinates": [9.240472, 36.5095246]}, "properties": {"record_id": "oai:u-bordeaux-montaigne.fr:340429", "symbol_class": "building", "pixel_x": 3262.8, "pixel_y": 1639.2, "easting": 440889.2, "northing": 356550.9, "epsg_source": 22391}}, {"type": "Feature", "geometry": {"type": "Point", "coordinates": [9.4645337, 36.4972654]}, "properties": {"record_id": "oai:u-bordeaux-montaigne.fr:340429", "symbol_class": "building", "pixel_x": 7935.2, "pixel_y": 1641.6, "easting": 460947.6, "northing": 355078.3, "epsg_source": 22391}}, {"type": "Feature", "geometry": {"type": "Point", "coordinates": [9.4810601, 36.4963033]}, "properties": {"record_id": "oai:u-bordeaux-montaigne.fr:340429", "symbol_class": "building", "pixel_x": 8280.0, "pixel_y": 1642.9, "easting": 462427.3, "northing": 354965.1, "epsg_source": 22391}}, {"type": "Feature", "geometry": {"type": "Point", "coordinates": [9.3300543, 36.504449]}, "properties": {"record_id": "oai:u-bordeaux-montaigne.fr:340429", "symbol_class": "building", "pixel_x": 5131.1, "pixel_y": 1646.0, "easting": 448907.9, "northing": 355937.3, "epsg_source": 22391}}, {"type": "Feature", "geometry": {"type": "Point", "coordinates": [9.4794131, 36.4962735]}, "properties": {"record_id": "oai:u-bordeaux-montaigne.fr:340429", "symbol_class": "building", "pixel_x": 8245.9, "pixel_y": 1646.1, "easting": 462279.8, "northing": 354962.4, "epsg_source": 22391}}, {"type": "Feature", "geometry": {"type": "Point", "coordinates": [9.3298443, 36.5042247]}, "properties": {"record_id": "oai:u-bordeaux-montaigne.fr:340429", "symbol_class": "building", "pixel_x": 5127.1, "pixel_y": 1652.2, "easting": 448888.9, "northing": 355912.5, "epsg_source": 22391}}, {"type": "Feature", "geometry": {"type": "Point", "coordinates": [9.3299362, 36.5037422]}, "properties": {"record_id": "oai:u-bordeaux-montaigne.fr:340429", "symbol_class": "building", "pixel_x": 5129.8, "pixel_y": 1664.7, "easting": 448896.8, "northing": 355858.9, "epsg_source": 22391}}, {"type": "Feature", "geometry": {"type": "Point", "coordinates": [9.4731712, 36.49537]}, "properties": {"record_id": "oai:u-bordeaux-montaigne.fr:340429", "symbol_class": "building", "pixel_x": 8117.8, "pixel_y": 1678.8, "easting": 461720.3, "northing": 354864.6, "epsg_source": 22391}}, {"type": "Feature", "geometry": {"type": "Point", "coordinates": [9.1888063, 36.5102771]}, "properties": {"record_id": "oai:u-bordeaux-montaigne.fr:340429", "symbol_class": "building", "pixel_x": 2188.9, "pixel_y": 1691.4, "easting": 436263.2, "northing": 356666.9, "epsg_source": 22391}}, {"type": "Feature", "geometry": {"type": "Point", "coordinates": [9.1885658, 36.5103207]}, "properties": {"record_id": "oai:u-bordeaux-montaigne.fr:340429", "symbol_class": "building", "pixel_x": 2183.8, "pixel_y": 1690.6, "easting": 436241.7, "northing": 356671.9, "epsg_source": 22391}}, {"type": "Feature", "geometry": {"type": "Point", "coordinates": [9.328499, 36.5017543]}, "properties": {"record_id": "oai:u-bordeaux-montaigne.fr:340429", "symbol_class": "building", "pixel_x": 5103.3, "pixel_y": 1718.9, "easting": 448766.8, "northing": 355639.2, "epsg_source": 22391}}, {"type": "Feature", "geometry": {"type": "Point", "coordinates": [9.1800036, 36.5096029]}, "properties": {"record_id": "oai:u-bordeaux-montaigne.fr:340429", "symbol_class": "building", "pixel_x": 2007.2, "pixel_y": 1721.3, "easting": 435474.4, "northing": 356597.9, "epsg_source": 22391}}, {"type": "Feature", "geometry": {"type": "Point", "coordinates": [9.3379635, 36.5005283]}, "properties": {"record_id": "oai:u-bordeaux-montaigne.fr:340429", "symbol_class": "building", "pixel_x": 5301.9, "pixel_y": 1737.6, "easting": 449613.7, "northing": 355498.2, "epsg_source": 22391}}, {"type": "Feature", "geometry": {"type": "Point", "coordinates": [9.2126247, 36.506612]}, "properties": {"record_id": "oai:u-bordeaux-montaigne.fr:340429", "symbol_class": "building", "pixel_x": 2689.4, "pixel_y": 1754.4, "easting": 438393.2, "northing": 356245.0, "epsg_source": 22391}}, {"type": "Feature", "geometry": {"type": "Point", "coordinates": [9.2003966, 36.506758]}, "properties": {"record_id": "oai:u-bordeaux-montaigne.fr:340429", "symbol_class": "building", "pixel_x": 2435.3, "pixel_y": 1767.6, "easting": 437298.3, "northing": 356269.0, "epsg_source": 22391}}, {"type": "Feature", "geometry": {"type": "Point", "coordinates": [9.4355886, 36.4929585]}, "properties": {"record_id": "oai:u-bordeaux-montaigne.fr:340429", "symbol_class": "building", "pixel_x": 7341.7, "pixel_y": 1796.4, "easting": 458352.9, "northing": 354612.5, "epsg_source": 22391}}, {"type": "Feature", "geometry": {"type": "Point", "coordinates": [9.3399262, 36.4982288]}, "properties": {"record_id": "oai:u-bordeaux-montaigne.fr:340429", "symbol_class": "building", "pixel_x": 5346.5, "pixel_y": 1795.1, "easting": 449788.0, "northing": 355242.1, "epsg_source": 22391}}, {"type": "Feature", "geometry": {"type": "Point", "coordinates": [9.3402566, 36.497977]}, "properties": {"record_id": "oai:u-bordeaux-montaigne.fr:340429", "symbol_class": "building", "pixel_x": 5353.8, "pixel_y": 1801.2, "easting": 449817.4, "northing": 355214.0, "epsg_source": 22391}}, {"type": "Feature", "geometry": {"type": "Point", "coordinates": [9.3404459, 36.4977658]}, "properties": {"record_id": "oai:u-bordeaux-montaigne.fr:340429", "symbol_class": "building", "pixel_x": 5358.1, "pixel_y": 1806.5, "easting": 449834.2, "northing": 355190.5, "epsg_source": 22391}}, {"type": "Feature", "geometry": {"type": "Point", "coordinates": [9.3947937, 36.4945387]}, "properties": {"record_id": "oai:u-bordeaux-montaigne.fr:340429", "symbol_class": "building", "pixel_x": 6491.9, "pixel_y": 1813.6, "easting": 454699.9, "northing": 354805.9, "epsg_source": 22391}}, {"type": "Feature", "geometry": {"type": "Point", "coordinates": [9.3265132, 36.4983504]}, "properties": {"record_id": "oai:u-bordeaux-montaigne.fr:340429", "symbol_class": "building", "pixel_x": 5067.8, "pixel_y": 1810.9, "easting": 448586.8, "northing": 355262.6, "epsg_source": 22391}}, {"type": "Feature", "geometry": {"type": "Point", "coordinates": [9.3866131, 36.4949557]}, "properties": {"record_id": "oai:u-bordeaux-montaigne.fr:340429", "symbol_class": "building", "pixel_x": 6321.4, "pixel_y": 1814.3, "easting": 453967.4, "northing": 354856.0, "epsg_source": 22391}}, {"type": "Feature", "geometry": {"type": "Point", "coordinates": [9.1512284, 36.5074873]}, "properties": {"record_id": "oai:u-bordeaux-montaigne.fr:340429", "symbol_class": "building", "pixel_x": 1413.2, "pixel_y": 1816.6, "easting": 432895.8, "northing": 356382.6, "epsg_source": 22391}}, {"type": "Feature", "geometry": {"type": "Point", "coordinates": [9.1774364, 36.5059157]}, "properties": {"record_id": "oai:u-bordeaux-montaigne.fr:340429", "symbol_class": "building", "pixel_x": 1960.0, "pixel_y": 1821.5, "easting": 435241.5, "northing": 356190.6, "epsg_source": 22391}}, {"type": "Feature", "geometry": {"type": "Point", "coordinates": [9.1310186, 36.5077961]}, "properties": {"record_id": "oai:u-bordeaux-montaigne.fr:340429", "symbol_class": "building", "pixel_x": 993.1, "pixel_y": 1836.3, "easting": 431086.3, "northing": 356431.0, "epsg_source": 22391}}, {"type": "Feature", "geometry": {"type": "Point", "coordinates": [9.1311599, 36.5073433]}, "properties": {"record_id": "oai:u-bordeaux-montaigne.fr:340429", "symbol_class": "building", "pixel_x": 996.8, "pixel_y": 1848.0, "easting": 431098.5, "northing": 356380.6, "epsg_source": 22391}}, {"type": "Feature", "geometry": {"type": "Point", "coordinates": [9.4829652, 36.4881094]}, "properties": {"record_id": "oai:u-bordeaux-montaigne.fr:340429", "symbol_class": "building", "pixel_x": 8333.7, "pixel_y": 1854.9, "easting": 462594.1, "northing": 354055.4, "epsg_source": 22391}}, {"type": "Feature", "geometry": {"type": "Point", "coordinates": [9.4504222, 36.4898347]}, "properties": {"record_id": "oai:u-bordeaux-montaigne.fr:340429", "symbol_class": "building", "pixel_x": 7655.0, "pixel_y": 1856.8, "easting": 459680.0, "northing": 354259.7, "epsg_source": 22391}}, {"type": "Feature", "geometry": {"type": "Point", "coordinates": [9.3762508, 36.4936358]}, "properties": {"record_id": "oai:u-bordeaux-montaigne.fr:340429", "symbol_class": "building", "pixel_x": 6108.5, "pixel_y": 1863.8, "easting": 453038.5, "northing": 354714.5, "epsg_source": 22391}}, {"type": "Feature", "geometry": {"type": "Point", "coordinates": [9.4508993, 36.4896245]}, "properties": {"record_id": "oai:u-bordeaux-montaigne.fr:340429", "symbol_class": "building", "pixel_x": 7665.3, "pixel_y": 1861.7, "easting": 459722.6, "northing": 354236.2, "epsg_source": 22391}}, {"type": "Feature", "geometry": {"type": "Point", "coordinates": [9.131111, 36.5063235]}, "properties": {"record_id": "oai:u-bordeaux-montaigne.fr:340429", "symbol_class": "building", "pixel_x": 997.4, "pixel_y": 1874.8, "easting": 431093.3, "northing": 356267.5, "epsg_source": 22391}}, {"type": "Feature", "geometry": {"type": "Point", "coordinates": [9.4485809, 36.4893098]}, "properties": {"record_id": "oai:u-bordeaux-montaigne.fr:340429", "symbol_class": "building", "pixel_x": 7617.7, "pixel_y": 1873.3, "easting": 459514.8, "northing": 354202.3, "epsg_source": 22391}}, {"type": "Feature", "geometry": {"type": "Point", "coordinates": [9.4787429, 36.4872662]}, "properties": {"record_id": "oai:u-bordeaux-montaigne.fr:340429", "symbol_class": "building", "pixel_x": 8247.4, "pixel_y": 1883.2, "easting": 462215.5, "northing": 353963.5, "epsg_source": 22391}}, {"type": "Feature", "geometry": {"type": "Point", "coordinates": [9.4433269, 36.4890929]}, "properties": {"record_id": "oai:u-bordeaux-montaigne.fr:340429", "symbol_class": "building", "pixel_x": 7508.9, "pixel_y": 1886.5, "easting": 459044.0, "northing": 354180.4, "epsg_source": 22391}}, {"type": "Feature", "geometry": {"type": "Point", "coordinates": [9.1424306, 36.5051464]}, "properties": {"record_id": "oai:u-bordeaux-montaigne.fr:340429", "symbol_class": "building", "pixel_x": 1234.4, "pixel_y": 1890.1, "easting": 432105.9, "northing": 356129.0, "epsg_source": 22391}}, {"type": "Feature", "geometry": {"type": "Point", "coordinates": [9.4749579, 36.487261]}, "properties": {"record_id": "oai:u-bordeaux-montaigne.fr:340429", "symbol_class": "building", "pixel_x": 8168.9, "pixel_y": 1888.8, "easting": 461876.4, "northing": 353964.4, "epsg_source": 22391}}, {"type": "Feature", "geometry": {"type": "Point", "coordinates": [9.1420278, 36.505062]}, "properties": {"record_id": "oai:u-bordeaux-montaigne.fr:340429", "symbol_class": "building", "pixel_x": 1226.2, "pixel_y": 1892.8, "easting": 432069.8, "northing": 356119.9, "epsg_source": 22391}}, {"type": "Feature", "geometry": {"type": "Point", "coordinates": [9.1314179, 36.5055935]}, "properties": {"record_id": "oai:u-bordeaux-montaigne.fr:340429", "symbol_class": "building", "pixel_x": 1005.0, "pixel_y": 1893.5, "easting": 431120.1, "northing": 356186.4, "epsg_source": 22391}}, {"type": "Feature", "geometry": {"type": "Point", "coordinates": [9.3168974, 36.4955223]}, "properties": {"record_id": "oai:u-bordeaux-montaigne.fr:340429", "symbol_class": "building", "pixel_x": 4872.9, "pixel_y": 1898.7, "easting": 447723.7, "northing": 354954.0, "epsg_source": 22391}}, {"type": "Feature", "geometry": {"type": "Point", "coordinates": [9.1357193, 36.5051935]}, "properties": {"record_id": "oai:u-bordeaux-montaigne.fr:340429", "symbol_class": "building", "pixel_x": 1095.0, "pixel_y": 1898.1, "easting": 431505.0, "northing": 356138.9, "epsg_source": 22391}}, {"type": "Feature", "geometry": {"type": "Point", "coordinates": [9.467865, 36.4872282]}, "properties": {"record_id": "oai:u-bordeaux-montaigne.fr:340429", "symbol_class": "building", "pixel_x": 8021.6, "pixel_y": 1899.9, "easting": 461241.1, "northing": 353963.5, "epsg_source": 22391}}, {"type": "Feature", "geometry": {"type": "Point", "coordinates": [9.1422076, 36.5044686]}, "properties": {"record_id": "oai:u-bordeaux-montaigne.fr:340429", "symbol_class": "building", "pixel_x": 1230.9, "pixel_y": 1908.1, "easting": 432085.4, "northing": 356054.0, "epsg_source": 22391}}, {"type": "Feature", "geometry": {"type": "Point", "coordinates": [9.1429388, 36.5044996]}, "properties": {"record_id": "oai:u-bordeaux-montaigne.fr:340429", "symbol_class": "building", "pixel_x": 1246.0, "pixel_y": 1906.3, "easting": 432150.9, "northing": 356056.9, "epsg_source": 22391}}, {"type": "Feature", "geometry": {"type": "Point", "coordinates": [9.3298699, 36.4947123]}, "properties": {"record_id": "oai:u-bordeaux-montaigne.fr:340429", "symbol_class": "building", "pixel_x": 5143.6, "pixel_y": 1901.6, "easting": 448885.0, "northing": 354857.3, "epsg_source": 22391}}, {"type": "Feature", "geometry": {"type": "Point", "coordinates": [9.1317094, 36.5051738]}, "properties": {"record_id": "oai:u-bordeaux-montaigne.fr:340429", "symbol_class": "building", "pixel_x": 1011.7, "pixel_y": 1904.1, "easting": 431145.9, "northing": 356139.6, "epsg_source": 22391}}, {"type": "Feature", "geometry": {"type": "Point", "coordinates": [9.3991946, 36.4898451]}, "properties": {"record_id": "oai:u-bordeaux-montaigne.fr:340429", "symbol_class": "building", "pixel_x": 6591.3, "pixel_y": 1930.3, "easting": 455091.4, "northing": 354283.2, "epsg_source": 22391}}, {"type": "Feature", "geometry": {"type": "Point", "coordinates": [9.4479478, 36.4872163]}, "properties": {"record_id": "oai:u-bordeaux-montaigne.fr:340429", "symbol_class": "building", "pixel_x": 7608.1, "pixel_y": 1929.1, "easting": 459457.0, "northing": 353970.3, "epsg_source": 22391}}, {"type": "Feature", "geometry": {"type": "Point", "coordinates": [9.1324044, 36.503649]}, "properties": {"record_id": "oai:u-bordeaux-montaigne.fr:340429", "symbol_class": "building", "pixel_x": 1028.7, "pixel_y": 1943.1, "easting": 431206.8, "northing": 355970.0, "epsg_source": 22391}}, {"type": "Feature", "geometry": {"type": "Point", "coordinates": [9.1406457, 36.5031893]}, "properties": {"record_id": "oai:u-bordeaux-montaigne.fr:340429", "symbol_class": "building", "pixel_x": 1200.5, "pixel_y": 1943.8, "easting": 431944.4, "northing": 355913.2, "epsg_source": 22391}}, {"type": "Feature", "geometry": {"type": "Point", "coordinates": [9.3452602, 36.4921177]}, "properties": {"record_id": "oai:u-bordeaux-montaigne.fr:340429", "symbol_class": "building", "pixel_x": 5467.6, "pixel_y": 1947.7, "easting": 450261.8, "northing": 354561.5, "epsg_source": 22391}}, {"type": "Feature", "geometry": {"type": "Point", "coordinates": [9.1453927, 36.502576]}, "properties": {"record_id": "oai:u-bordeaux-montaigne.fr:340429", "symbol_class": "building", "pixel_x": 1300.1, "pixel_y": 1953.4, "easting": 432369.0, "northing": 355841.9, "epsg_source": 22391}}, {"type": "Feature", "geometry": {"type": "Point", "coordinates": [9.1327932, 36.5029769]}, "properties": {"record_id": "oai:u-bordeaux-montaigne.fr:340429", "symbol_class": "building", "pixel_x": 1037.8, "pixel_y": 1960.2, "easting": 431241.0, "northing": 355895.1, "epsg_source": 22391}}, {"type": "Feature", "geometry": {"type": "Point", "coordinates": [9.4686168, 36.4847844]}, "properties": {"record_id": "oai:u-bordeaux-montaigne.fr:340429", "symbol_class": "building", "pixel_x": 8041.5, "pixel_y": 1962.9, "easting": 461307.2, "northing": 353692.1, "epsg_source": 22391}}, {"type": "Feature", "geometry": {"type": "Point", "coordinates": [9.4694471, 36.484874]}, "properties": {"record_id": "oai:u-bordeaux-montaigne.fr:340429", "symbol_class": "building", "pixel_x": 8058.5, "pixel_y": 1959.4, "easting": 461381.6, "northing": 353701.7, "epsg_source": 22391}}, {"type": "Feature", "geometry": {"type": "Point", "coordinates": [9.137838, 36.5026412]}, "properties": {"record_id": "oai:u-bordeaux-montaigne.fr:340429", "symbol_class": "building", "pixel_x": 1143.1, "pixel_y": 1962.1, "easting": 431692.5, "northing": 355854.3, "epsg_source": 22391}}, {"type": "Feature", "geometry": {"type": "Point", "coordinates": [9.1998368, 36.4992237]}, "properties": {"record_id": "oai:u-bordeaux-montaigne.fr:340429", "symbol_class": "building", "pixel_x": 2436.1, "pixel_y": 1965.9, "easting": 437242.1, "northing": 355433.6, "epsg_source": 22391}}, {"type": "Feature", "geometry": {"type": "Point", "coordinates": [9.4557317, 36.4853971]}, "properties": {"record_id": "oai:u-bordeaux-montaigne.fr:340429", "symbol_class": "building", "pixel_x": 7772.9, "pixel_y": 1965.5, "easting": 460153.3, "northing": 353765.3, "epsg_source": 22391}}, {"type": "Feature", "geometry": {"type": "Point", "coordinates": [9.1382975, 36.5024638]}, "properties": {"record_id": "oai:u-bordeaux-montaigne.fr:340429", "symbol_class": "building", "pixel_x": 1153.0, "pixel_y": 1966.1, "easting": 431733.5, "northing": 355834.3, "epsg_source": 22391}}, {"type": "Feature", "geometry": {"type": "Point", "coordinates": [9.4697788, 36.4844434]}, "properties": {"record_id": "oai:u-bordeaux-montaigne.fr:340429", "symbol_class": "building", "pixel_x": 8066.2, "pixel_y": 1970.2, "easting": 461411.1, "northing": 353653.8, "epsg_source": 22391}}, {"type": "Feature", "geometry": {"type": "Point", "coordinates": [9.1442412, 36.5017974]}, "properties": {"record_id": "oai:u-bordeaux-montaigne.fr:340429", "symbol_class": "building", "pixel_x": 1277.5, "pixel_y": 1975.4, "easting": 432265.2, "northing": 355756.3, "epsg_source": 22391}}, {"type": "Feature", "geometry": {"type": "Point", "coordinates": [9.1450845, 36.5016209]}, "properties": {"record_id": "oai:u-bordeaux-montaigne.fr:340429", "symbol_class": "building", "pixel_x": 1295.3, "pixel_y": 1978.9, "easting": 432340.6, "northing": 355736.1, "epsg_source": 22391}}, {"type": "Feature", "geometry": {"type": "Point", "coordinates": [9.1491672, 36.5011802]}, "properties": {"record_id": "oai:u-bordeaux-montaigne.fr:340429", "symbol_class": "building", "pixel_x": 1380.8, "pixel_y": 1984.8, "easting": 432705.8, "northing": 355684.4, "epsg_source": 22391}}, {"type": "Feature", "geometry": {"type": "Point", "coordinates": [9.151689, 36.5010187]}, "properties": {"record_id": "oai:u-bordeaux-montaigne.fr:340429", "symbol_class": "building", "pixel_x": 1433.4, "pixel_y": 1985.5, "easting": 432931.5, "northing": 355664.7, "epsg_source": 22391}}, {"type": "Feature", "geometry": {"type": "Point", "coordinates": [9.1486336, 36.5010472]}, "properties": {"record_id": "oai:u-bordeaux-montaigne.fr:340429", "symbol_class": "building", "pixel_x": 1369.9, "pixel_y": 1989.0, "easting": 432657.9, "northing": 355670.0, "epsg_source": 22391}}, {"type": "Feature", "geometry": {"type": "Point", "coordinates": [9.1773751, 36.4995249]}, "properties": {"record_id": "oai:u-bordeaux-montaigne.fr:340429", "symbol_class": "building", "pixel_x": 1969.2, "pixel_y": 1989.2, "easting": 435230.7, "northing": 355481.7, "epsg_source": 22391}}, {"type": "Feature", "geometry": {"type": "Point", "coordinates": [9.1497478, 36.5009681]}, "properties": {"record_id": "oai:u-bordeaux-montaigne.fr:340429", "symbol_class": "building", "pixel_x": 1393.2, "pixel_y": 1989.5, "easting": 432757.7, "northing": 355660.5, "epsg_source": 22391}}, {"type": "Feature", "geometry": {"type": "Point", "coordinates": [9.1512931, 36.5008528]}, "properties": {"record_id": "oai:u-bordeaux-montaigne.fr:340429", "symbol_class": "building", "pixel_x": 1425.4, "pixel_y": 1990.4, "easting": 432895.9, "northing": 355646.6, "epsg_source": 22391}}, {"type": "Feature", "geometry": {"type": "Point", "coordinates": [9.1520704, 36.5007784]}, "properties": {"record_id": "oai:u-bordeaux-montaigne.fr:340429", "symbol_class": "building", "pixel_x": 1441.7, "pixel_y": 1991.3, "easting": 432965.5, "northing": 355637.8, "epsg_source": 22391}}, {"type": "Feature", "geometry": {"type": "Point", "coordinates": [9.1483962, 36.500869]}, "properties": {"record_id": "oai:u-bordeaux-montaigne.fr:340429", "symbol_class": "building", "pixel_x": 1365.2, "pixel_y": 1994.0, "easting": 432636.5, "northing": 355650.4, "epsg_source": 22391}}, {"type": "Feature", "geometry": {"type": "Point", "coordinates": [9.1500379, 36.5007705]}, "properties": {"record_id": "oai:u-bordeaux-montaigne.fr:340429", "symbol_class": "building", "pixel_x": 1399.5, "pixel_y": 1994.3, "easting": 432783.5, "northing": 355638.4, "epsg_source": 22391}}, {"type": "Feature", "geometry": {"type": "Point", "coordinates": [9.2694075, 36.4942653]}, "properties": {"record_id": "oai:u-bordeaux-montaigne.fr:340429", "symbol_class": "building", "pixel_x": 3888.9, "pixel_y": 1998.7, "easting": 443469.3, "northing": 354841.0, "epsg_source": 22391}}, {"type": "Feature", "geometry": {"type": "Point", "coordinates": [9.3123373, 36.491762]}, "properties": {"record_id": "oai:u-bordeaux-montaigne.fr:340429", "symbol_class": "building", "pixel_x": 4784.5, "pixel_y": 2003.8, "easting": 447312.7, "northing": 354539.3, "epsg_source": 22391}}, {"type": "Feature", "geometry": {"type": "Point", "coordinates": [9.1755156, 36.4991592]}, "properties": {"record_id": "oai:u-bordeaux-montaigne.fr:340429", "symbol_class": "building", "pixel_x": 1931.2, "pixel_y": 2001.4, "easting": 435063.9, "northing": 355442.4, "epsg_source": 22391}}, {"type": "Feature", "geometry": {"type": "Point", "coordinates": [9.3877717, 36.487668]}, "properties": {"record_id": "oai:u-bordeaux-montaigne.fr:340429", "symbol_class": "building", "pixel_x": 6357.8, "pixel_y": 2003.7, "easting": 454067.0, "northing": 354047.1, "epsg_source": 22391}}, {"type": "Feature", "geometry": {"type": "Point", "coordinates": [9.164028, 36.4992484]}, "properties": {"record_id": "oai:u-bordeaux-montaigne.fr:340429", "symbol_class": "building", "pixel_x": 1692.5, "pixel_y": 2014.9, "easting": 434035.1, "northing": 355460.0, "epsg_source": 22391}}, {"type": "Feature", "geometry": {"type": "Point", "coordinates": [9.3884663, 36.487555]}, "properties": {"record_id": "oai:u-bordeaux-montaigne.fr:340429", "symbol_class": "building", "pixel_x": 6372.4, "pixel_y": 2005.7, "easting": 454129.1, "northing": 354034.2, "epsg_source": 22391}}, {"type": "Feature", "geometry": {"type": "Point", "coordinates": [9.398746, 36.4870387]}, "properties": {"record_id": "oai:u-bordeaux-montaigne.fr:340429", "symbol_class": "building", "pixel_x": 6586.8, "pixel_y": 2004.5, "easting": 455049.6, "northing": 353972.1, "epsg_source": 22391}}, {"type": "Feature", "geometry": {"type": "Point", "coordinates": [9.3282453, 36.4905083]}, "properties": {"record_id": "oai:u-bordeaux-montaigne.fr:340429", "symbol_class": "building", "pixel_x": 5117.0, "pixel_y": 2014.1, "easting": 448736.8, "northing": 354391.8, "epsg_source": 22391}}, {"type": "Feature", "geometry": {"type": "Point", "coordinates": [9.392332, 36.4870161]}, "properties": {"record_id": "oai:u-bordeaux-montaigne.fr:340429", "symbol_class": "building", "pixel_x": 6453.6, "pixel_y": 2014.3, "easting": 454475.1, "northing": 353972.6, "epsg_source": 22391}}, {"type": "Feature", "geometry": {"type": "Point", "coordinates": [9.3886351, 36.4869944]}, "properties": {"record_id": "oai:u-bordeaux-montaigne.fr:340429", "symbol_class": "building", "pixel_x": 6376.9, "pixel_y": 2020.2, "easting": 454143.9, "northing": 353971.9, "epsg_source": 22391}}, {"type": "Feature", "geometry": {"type": "Point", "coordinates": [9.3324286, 36.4895363]}, "properties": {"record_id": "oai:u-bordeaux-montaigne.fr:340429", "symbol_class": "building", "pixel_x": 5205.5, "pixel_y": 2033.6, "easting": 449110.9, "northing": 354281.8, "epsg_source": 22391}}, {"type": "Feature", "geometry": {"type": "Point", "coordinates": [9.1643832, 36.4984739]}, "properties": {"record_id": "oai:u-bordeaux-montaigne.fr:340429", "symbol_class": "building", "pixel_x": 1701.1, "pixel_y": 2034.7, "easting": 434066.3, "northing": 355373.8, "epsg_source": 22391}}, {"type": "Feature", "geometry": {"type": "Point", "coordinates": [9.1632363, 36.4976936]}, "properties": {"record_id": "oai:u-bordeaux-montaigne.fr:340429", "symbol_class": "building", "pixel_x": 1678.6, "pixel_y": 2056.8, "easting": 433962.9, "northing": 355288.0, "epsg_source": 22391}}, {"type": "Feature", "geometry": {"type": "Point", "coordinates": [9.1541727, 36.4982997]}, "properties": {"record_id": "oai:u-bordeaux-montaigne.fr:340429", "symbol_class": "building", "pixel_x": 1489.4, "pixel_y": 2053.4, "easting": 433151.7, "northing": 355361.4, "epsg_source": 22391}}, {"type": "Feature", "geometry": {"type": "Point", "coordinates": [9.1358222, 36.498842]}, "properties": {"record_id": "oai:u-bordeaux-montaigne.fr:340429", "symbol_class": "building", "pixel_x": 1107.5, "pixel_y": 2064.5, "easting": 431508.7, "northing": 355434.3, "epsg_source": 22391}}, {"type": "Feature", "geometry": {"type": "Point", "coordinates": [9.3204062, 36.488296]}, "properties": {"record_id": "oai:u-bordeaux-montaigne.fr:340429", "symbol_class": "building", "pixel_x": 4957.9, "pixel_y": 2083.2, "easting": 448033.2, "northing": 354150.5, "epsg_source": 22391}}, {"type": "Feature", "geometry": {"type": "Point", "coordinates": [9.4546039, 36.4808485]}, "properties": {"record_id": "oai:u-bordeaux-montaigne.fr:340429", "symbol_class": "building", "pixel_x": 7757.2, "pixel_y": 2086.4, "easting": 460050.0, "northing": 353261.2, "epsg_source": 22391}}, {"type": "Feature", "geometry": {"type": "Point", "coordinates": [9.1590447, 36.4966697]}, "properties": {"record_id": "oai:u-bordeaux-montaigne.fr:340429", "symbol_class": "building", "pixel_x": 1593.2, "pixel_y": 2089.4, "easting": 433586.6, "northing": 355177.3, "epsg_source": 22391}}, {"type": "Feature", "geometry": {"type": "Point", "coordinates": [9.1427523, 36.4974092]}, "properties": {"record_id": "oai:u-bordeaux-montaigne.fr:340429", "symbol_class": "building", "pixel_x": 1253.7, "pixel_y": 2092.5, "easting": 432128.1, "northing": 355270.5, "epsg_source": 22391}}, {"type": "Feature", "geometry": {"type": "Point", "coordinates": [9.1431467, 36.4973452]}, "properties": {"record_id": "oai:u-bordeaux-montaigne.fr:340429", "symbol_class": "building", "pixel_x": 1262.0, "pixel_y": 2093.6, "easting": 432163.4, "northing": 355263.2, "epsg_source": 22391}}, {"type": "Feature", "geometry": {"type": "Point", "coordinates": [9.2186139, 36.493314]}, "properties": {"record_id": "oai:u-bordeaux-montaigne.fr:340429", "symbol_class": "building", "pixel_x": 2835.8, "pixel_y": 2094.7, "easting": 438919.2, "northing": 354766.1, "epsg_source": 22391}}, {"type": "Feature", "geometry": {"type": "Point", "coordinates": [9.331657, 36.487307]}, "properties": {"record_id": "oai:u-bordeaux-montaigne.fr:340429", "symbol_class": "building", "pixel_x": 5193.2, "pixel_y": 2093.2, "easting": 449040.3, "northing": 354034.9, "epsg_source": 22391}}, {"type": "Feature", "geometry": {"type": "Point", "coordinates": [9.1560967, 36.4962819]}, "properties": {"record_id": "oai:u-bordeaux-montaigne.fr:340429", "symbol_class": "building", "pixel_x": 1532.7, "pixel_y": 2103.7, "easting": 433322.3, "northing": 355136.3, "epsg_source": 22391}}, {"type": "Feature", "geometry": {"type": "Point", "coordinates": [9.1564075, 36.4960425]}, "properties": {"record_id": "oai:u-bordeaux-montaigne.fr:340429", "symbol_class": "building", "pixel_x": 1539.5, "pixel_y": 2109.5, "easting": 433349.9, "northing": 355109.5, "epsg_source": 22391}}, {"type": "Feature", "geometry": {"type": "Point", "coordinates": [9.1644564, 36.4946026]}, "properties": {"record_id": "oai:u-bordeaux-montaigne.fr:340429", "symbol_class": "building", "pixel_x": 1709.0, "pixel_y": 2136.1, "easting": 434069.6, "northing": 354944.3, "epsg_source": 22391}}, {"type": "Feature", "geometry": {"type": "Point", "coordinates": [9.4795838, 36.4758865]}, "properties": {"record_id": "oai:u-bordeaux-montaigne.fr:340429", "symbol_class": "building", "pixel_x": 8284.5, "pixel_y": 2180.3, "easting": 462285.3, "northing": 352700.8, "epsg_source": 22391}}, {"type": "Feature", "geometry": {"type": "Point", "coordinates": [9.1800336, 36.4919185]}, "properties": {"record_id": "oai:u-bordeaux-montaigne.fr:340429", "symbol_class": "building", "pixel_x": 2036.9, "pixel_y": 2184.9, "easting": 435462.6, "northing": 354636.2, "epsg_source": 22391}}, {"type": "Feature", "geometry": {"type": "Point", "coordinates": [9.3634154, 36.4821012]}, "properties": {"record_id": "oai:u-bordeaux-montaigne.fr:340429", "symbol_class": "building", "pixel_x": 5861.5, "pixel_y": 2184.5, "easting": 451881.9, "northing": 353441.3, "epsg_source": 22391}}, {"type": "Feature", "geometry": {"type": "Point", "coordinates": [9.1668177, 36.4924555]}, "properties": {"record_id": "oai:u-bordeaux-montaigne.fr:340429", "symbol_class": "building", "pixel_x": 1761.6, "pixel_y": 2189.2, "easting": 434279.3, "northing": 354704.6, "epsg_source": 22391}}, {"type": "Feature", "geometry": {"type": "Point", "coordinates": [9.362827, 36.4819527]}, "properties": {"record_id": "oai:u-bordeaux-montaigne.fr:340429", "symbol_class": "building", "pixel_x": 5849.5, "pixel_y": 2189.2, "easting": 451829.1, "northing": 353425.1, "epsg_source": 22391}}, {"type": "Feature", "geometry": {"type": "Point", "coordinates": [9.4810213, 36.4753797]}, "properties": {"record_id": "oai:u-bordeaux-montaigne.fr:340429", "symbol_class": "building", "pixel_x": 8315.2, "pixel_y": 2191.5, "easting": 462413.9, "northing": 352644.0, "epsg_source": 22391}}, {"type": "Feature", "geometry": {"type": "Point", "coordinates": [9.4533008, 36.4767982]}, "properties": {"record_id": "oai:u-bordeaux-montaigne.fr:340429", "symbol_class": "building", "pixel_x": 7737.1, "pixel_y": 2194.4, "easting": 459931.2, "northing": 352812.4, "epsg_source": 22391}}, {"type": "Feature", "geometry": {"type": "Point", "coordinates": [9.1562467, 36.4927521]}, "properties": {"record_id": "oai:u-bordeaux-montaigne.fr:340429", "symbol_class": "building", "pixel_x": 1541.5, "pixel_y": 2196.0, "easting": 433332.7, "northing": 354744.6, "epsg_source": 22391}}, {"type": "Feature", "geometry": {"type": "Point", "coordinates": [9.3632937, 36.4816942]}, "properties": {"record_id": "oai:u-bordeaux-montaigne.fr:340429", "symbol_class": "building", "pixel_x": 5859.6, "pixel_y": 2195.3, "easting": 451870.7, "northing": 353396.2, "epsg_source": 22391}}, {"type": "Feature", "geometry": {"type": "Point", "coordinates": [9.2188462, 36.4887724]}, "properties": {"record_id": "oai:u-bordeaux-montaigne.fr:340429", "symbol_class": "building", "pixel_x": 2848.1, "pixel_y": 2213.5, "easting": 438936.5, "northing": 354262.2, "epsg_source": 22391}}, {"type": "Feature", "geometry": {"type": "Point", "coordinates": [9.1564828, 36.4922498]}, "properties": {"record_id": "oai:u-bordeaux-montaigne.fr:340429", "symbol_class": "building", "pixel_x": 1547.3, "pixel_y": 2208.8, "easting": 433353.4, "northing": 354688.7, "epsg_source": 22391}}, {"type": "Feature", "geometry": {"type": "Point", "coordinates": [9.1677427, 36.4913707]}, "properties": {"record_id": "oai:u-bordeaux-montaigne.fr:340429", "symbol_class": "building", "pixel_x": 1782.5, "pixel_y": 2216.3, "easting": 434361.2, "northing": 354583.6, "epsg_source": 22391}}, {"type": "Feature", "geometry": {"type": "Point", "coordinates": [9.309547, 36.483595]}, "properties": {"record_id": "oai:u-bordeaux-montaigne.fr:340429", "symbol_class": "building", "pixel_x": 4740.3, "pixel_y": 2221.8, "easting": 447057.3, "northing": 353634.9, "epsg_source": 22391}}, {"type": "Feature", "geometry": {"type": "Point", "coordinates": [9.1680014, 36.4911155]}, "properties": {"record_id": "oai:u-bordeaux-montaigne.fr:340429", "symbol_class": "building", "pixel_x": 1788.3, "pixel_y": 2222.7, "easting": 434384.2, "northing": 354555.1, "epsg_source": 22391}}, {"type": "Feature", "geometry": {"type": "Point", "coordinates": [9.1682152, 36.4909771]}, "properties": {"record_id": "oai:u-bordeaux-montaigne.fr:340429", "symbol_class": "building", "pixel_x": 1793.0, "pixel_y": 2226.0, "easting": 434403.2, "northing": 354539.6, "epsg_source": 22391}}, {"type": "Feature", "geometry": {"type": "Point", "coordinates": [9.3086636, 36.4832806]}, "properties": {"record_id": "oai:u-bordeaux-montaigne.fr:340429", "symbol_class": "building", "pixel_x": 4722.5, "pixel_y": 2231.3, "easting": 446978.0, "northing": 353600.5, "epsg_source": 22391}}, {"type": "Feature", "geometry": {"type": "Point", "coordinates": [9.1684721, 36.4907179]}, "properties": {"record_id": "oai:u-bordeaux-montaigne.fr:340429", "symbol_class": "building", "pixel_x": 1798.8, "pixel_y": 2232.4, "easting": 434426.0, "northing": 354510.7, "epsg_source": 22391}}, {"type": "Feature", "geometry": {"type": "Point", "coordinates": [9.1695976, 36.490027]}, "properties": {"record_id": "oai:u-bordeaux-montaigne.fr:340429", "symbol_class": "building", "pixel_x": 1823.3, "pixel_y": 2249.0, "easting": 434526.3, "northing": 354433.3, "epsg_source": 22391}}, {"type": "Feature", "geometry": {"type": "Point", "coordinates": [9.4155137, 36.4757628]}, "properties": {"record_id": "oai:u-bordeaux-montaigne.fr:340429", "symbol_class": "building", "pixel_x": 6954.2, "pixel_y": 2276.1, "easting": 456545.4, "northing": 352713.7, "epsg_source": 22391}}, {"type": "Feature", "geometry": {"type": "Point", "coordinates": [9.343375, 36.4795775]}, "properties": {"record_id": "oai:u-bordeaux-montaigne.fr:340429", "symbol_class": "building", "pixel_x": 5449.5, "pixel_y": 2279.2, "easting": 450085.0, "northing": 353171.4, "epsg_source": 22391}}, {"type": "Feature", "geometry": {"type": "Point", "coordinates": [9.3437325, 36.4793815]}, "properties": {"record_id": "oai:u-bordeaux-montaigne.fr:340429", "symbol_class": "building", "pixel_x": 5457.3, "pixel_y": 2283.8, "easting": 450116.9, "northing": 353149.5, "epsg_source": 22391}}, {"type": "Feature", "geometry": {"type": "Point", "coordinates": [9.17288, 36.4877008]}, "properties": {"record_id": "oai:u-bordeaux-montaigne.fr:340429", "symbol_class": "building", "pixel_x": 1895.2, "pixel_y": 2305.4, "easting": 434818.3, "northing": 354173.1, "epsg_source": 22391}}, {"type": "Feature", "geometry": {"type": "Point", "coordinates": [9.1296104, 36.4889654]}, "properties": {"record_id": "oai:u-bordeaux-montaigne.fr:340429", "symbol_class": "building", "pixel_x": 994.6, "pixel_y": 2332.0, "easting": 430943.7, "northing": 354343.1, "epsg_source": 22391}}, {"type": "Feature", "geometry": {"type": "Point", "coordinates": [9.4811678, 36.4694309]}, "properties": {"record_id": "oai:u-bordeaux-montaigne.fr:340429", "symbol_class": "building", "pixel_x": 8328.5, "pixel_y": 2347.2, "easting": 462424.2, "northing": 351984.1, "epsg_source": 22391}}, {"type": "Feature", "geometry": {"type": "Point", "coordinates": [9.4773457, 36.4694175]}, "properties": {"record_id": "oai:u-bordeaux-montaigne.fr:340429", "symbol_class": "building", "pixel_x": 8249.2, "pixel_y": 2353.1, "easting": 462081.7, "northing": 351984.0, "epsg_source": 22391}}, {"type": "Feature", "geometry": {"type": "Point", "coordinates": [9.4778194, 36.4694144]}, "properties": {"record_id": "oai:u-bordeaux-montaigne.fr:340429", "symbol_class": "building", "pixel_x": 8259.0, "pixel_y": 2352.5, "easting": 462124.2, "northing": 351983.5, "epsg_source": 22391}}, {"type": "Feature", "geometry": {"type": "Point", "coordinates": [9.4721928, 36.4693193]}, "properties": {"record_id": "oai:u-bordeaux-montaigne.fr:340429", "symbol_class": "building", "pixel_x": 8142.3, "pixel_y": 2363.2, "easting": 461620.0, "northing": 351975.2, "epsg_source": 22391}}, {"type": "Feature", "geometry": {"type": "Point", "coordinates": [9.176823, 36.4848763]}, "properties": {"record_id": "oai:u-bordeaux-montaigne.fr:340429", "symbol_class": "building", "pixel_x": 1981.8, "pixel_y": 2374.0, "easting": 435169.2, "northing": 353857.1, "epsg_source": 22391}}, {"type": "Feature", "geometry": {"type": "Point", "coordinates": [9.1761726, 36.4848187]}, "properties": {"record_id": "oai:u-bordeaux-montaigne.fr:340429", "symbol_class": "building", "pixel_x": 1968.4, "pixel_y": 2376.5, "easting": 435110.9, "northing": 353851.2, "epsg_source": 22391}}, {"type": "Feature", "geometry": {"type": "Point", "coordinates": [9.4581818, 36.4693603]}, "properties": {"record_id": "oai:u-bordeaux-montaigne.fr:340429", "symbol_class": "building", "pixel_x": 7851.2, "pixel_y": 2382.4, "easting": 460364.7, "northing": 351985.3, "epsg_source": 22391}}, {"type": "Feature", "geometry": {"type": "Point", "coordinates": [9.172616, 36.4843782]}, "properties": {"record_id": "oai:u-bordeaux-montaigne.fr:340429", "symbol_class": "building", "pixel_x": 1895.2, "pixel_y": 2392.9, "easting": 434791.9, "northing": 353804.7, "epsg_source": 22391}}, {"type": "Feature", "geometry": {"type": "Point", "coordinates": [9.1727108, 36.4839]}, "properties": {"record_id": "oai:u-bordeaux-montaigne.fr:340429", "symbol_class": "building", "pixel_x": 1898.0, "pixel_y": 2405.3, "easting": 434800.0, "northing": 353751.6, "epsg_source": 22391}}, {"type": "Feature", "geometry": {"type": "Point", "coordinates": [9.1692236, 36.4840271]}, "properties": {"record_id": "oai:u-bordeaux-montaigne.fr:340429", "symbol_class": "building", "pixel_x": 1825.3, "pixel_y": 2406.8, "easting": 434487.8, "northing": 353768.0, "epsg_source": 22391}}, {"type": "Feature", "geometry": {"type": "Point", "coordinates": [9.3318058, 36.4753248]}, "properties": {"record_id": "oai:u-bordeaux-montaigne.fr:340429", "symbol_class": "building", "pixel_x": 5216.4, "pixel_y": 2407.1, "easting": 449045.9, "northing": 352705.6, "epsg_source": 22391}}, {"type": "Feature", "geometry": {"type": "Point", "coordinates": [9.1725126, 36.4831905]}, "properties": {"record_id": "oai:u-bordeaux-montaigne.fr:340429", "symbol_class": "building", "pixel_x": 1895.0, "pixel_y": 2424.2, "easting": 434781.7, "northing": 353673.0, "epsg_source": 22391}}, {"type": "Feature", "geometry": {"type": "Point", "coordinates": [9.1739405, 36.4828915]}, "properties": {"record_id": "oai:u-bordeaux-montaigne.fr:340429", "symbol_class": "building", "pixel_x": 1925.2, "pixel_y": 2430.1, "easting": 434909.4, "northing": 353638.9, "epsg_source": 22391}}, {"type": "Feature", "geometry": {"type": "Point", "coordinates": [9.3832148, 36.4710204]}, "properties": {"record_id": "oai:u-bordeaux-montaigne.fr:340429", "symbol_class": "building", "pixel_x": 6291.4, "pixel_y": 2446.7, "easting": 453649.0, "northing": 352202.5, "epsg_source": 22391}}, {"type": "Feature", "geometry": {"type": "Point", "coordinates": [9.4130689, 36.4691568]}, "properties": {"record_id": "oai:u-bordeaux-montaigne.fr:340429", "symbol_class": "building", "pixel_x": 6914.6, "pixel_y": 2452.8, "easting": 456322.7, "northing": 351982.0, "epsg_source": 22391}}, {"type": "Feature", "geometry": {"type": "Point", "coordinates": [9.1345047, 36.4838564]}, "properties": {"record_id": "oai:u-bordeaux-montaigne.fr:340429", "symbol_class": "building", "pixel_x": 1104.5, "pixel_y": 2459.2, "easting": 431377.6, "northing": 353772.9, "epsg_source": 22391}}, {"type": "Feature", "geometry": {"type": "Point", "coordinates": [9.1962, 36.4806549]}, "properties": {"record_id": "oai:u-bordeaux-montaigne.fr:340429", "symbol_class": "building", "pixel_x": 2391.2, "pixel_y": 2457.8, "easting": 436901.5, "northing": 353376.1, "epsg_source": 22391}}, {"type": "Feature", "geometry": {"type": "Point", "coordinates": [9.160785, 36.4823121]}, "properties": {"record_id": "oai:u-bordeaux-montaigne.fr:340429", "symbol_class": "building", "pixel_x": 1652.9, "pixel_y": 2463.5, "easting": 433730.4, "northing": 353583.4, "epsg_source": 22391}}, {"type": "Feature", "geometry": {"type": "Point", "coordinates": [9.2004383, 36.479829]}, "properties": {"record_id": "oai:u-bordeaux-montaigne.fr:340429", "symbol_class": "building", "pixel_x": 2480.5, "pixel_y": 2473.6, "easting": 437280.6, "northing": 353281.8, "epsg_source": 22391}}, {"type": "Feature", "geometry": {"type": "Point", "coordinates": [9.1997301, 36.4796768]}, "properties": {"record_id": "oai:u-bordeaux-montaigne.fr:340429", "symbol_class": "building", "pixel_x": 2466.1, "pixel_y": 2478.6, "easting": 437217.0, "northing": 353265.4, "epsg_source": 22391}}, {"type": "Feature", "geometry": {"type": "Point", "coordinates": [9.1993721, 36.4795846]}, "properties": {"record_id": "oai:u-bordeaux-montaigne.fr:340429", "symbol_class": "building", "pixel_x": 2458.8, "pixel_y": 2481.5, "easting": 437184.9, "northing": 353255.4, "epsg_source": 22391}}, {"type": "Feature", "geometry": {"type": "Point", "coordinates": [9.1734139, 36.4806618]}, "properties": {"record_id": "oai:u-bordeaux-montaigne.fr:340429", "symbol_class": "building", "pixel_x": 1917.9, "pixel_y": 2489.3, "easting": 434860.4, "northing": 353391.9, "epsg_source": 22391}}, {"type": "Feature", "geometry": {"type": "Point", "coordinates": [9.2038414, 36.4783526]}, "properties": {"record_id": "oai:u-bordeaux-montaigne.fr:340429", "symbol_class": "building", "pixel_x": 2553.7, "pixel_y": 2507.6, "easting": 437584.3, "northing": 353115.8, "epsg_source": 22391}}, {"type": "Feature", "geometry": {"type": "Point", "coordinates": [9.4820432, 36.4617883]}, "properties": {"record_id": "oai:u-bordeaux-montaigne.fr:340429", "symbol_class": "building", "pixel_x": 8359.9, "pixel_y": 2546.3, "easting": 462499.0, "northing": 351135.9, "epsg_source": 22391}}, {"type": "Feature", "geometry": {"type": "Point", "coordinates": [9.4545692, 36.4633671]}, "properties": {"record_id": "oai:u-bordeaux-montaigne.fr:340429", "symbol_class": "building", "pixel_x": 7786.5, "pixel_y": 2544.7, "easting": 460038.0, "northing": 351322.0, "epsg_source": 22391}}, {"type": "Feature", "geometry": {"type": "Point", "coordinates": [9.4546473, 36.4630024]}, "properties": {"record_id": "oai:u-bordeaux-montaigne.fr:340429", "symbol_class": "building", "pixel_x": 7788.7, "pixel_y": 2554.2, "easting": 460044.8, "northing": 351281.5, "epsg_source": 22391}}, {"type": "Feature", "geometry": {"type": "Point", "coordinates": [9.4822065, 36.4613514]}, "properties": {"record_id": "oai:u-bordeaux-montaigne.fr:340429", "symbol_class": "building", "pixel_x": 8364.0, "pixel_y": 2557.5, "easting": 462513.4, "northing": 351087.4, "epsg_source": 22391}}, {"type": "Feature", "geometry": {"type": "Point", "coordinates": [9.4818567, 36.4612205]}, "properties": {"record_id": "oai:u-bordeaux-montaigne.fr:340429", "symbol_class": "building", "pixel_x": 8357.0, "pixel_y": 2561.4, "easting": 462482.0, "northing": 351073.0, "epsg_source": 22391}}, {"type": "Feature", "geometry": {"type": "Point", "coordinates": [9.1719633, 36.4778738]}, "properties": {"record_id": "oai:u-bordeaux-montaigne.fr:340429", "symbol_class": "building", "pixel_x": 1892.3, "pixel_y": 2564.4, "easting": 434728.1, "northing": 353083.6, "epsg_source": 22391}}, {"type": "Feature", "geometry": {"type": "Point", "coordinates": [9.3757559, 36.4666754]}, "properties": {"record_id": "oai:u-bordeaux-montaigne.fr:340429", "symbol_class": "building", "pixel_x": 6143.9, "pixel_y": 2571.3, "easting": 452978.1, "northing": 351724.1, "epsg_source": 22391}}, {"type": "Feature", "geometry": {"type": "Point", "coordinates": [9.198276, 36.4762674]}, "properties": {"record_id": "oai:u-bordeaux-montaigne.fr:340429", "symbol_class": "building", "pixel_x": 2441.5, "pixel_y": 2570.0, "easting": 437084.0, "northing": 352888.1, "epsg_source": 22391}}, {"type": "Feature", "geometry": {"type": "Point", "coordinates": [9.3765685, 36.4665685]}, "properties": {"record_id": "oai:u-bordeaux-montaigne.fr:340429", "symbol_class": "building", "pixel_x": 6160.9, "pixel_y": 2572.9, "easting": 453050.9, "northing": 351711.8, "epsg_source": 22391}}, {"type": "Feature", "geometry": {"type": "Point", "coordinates": [9.2726736, 36.4713384]}, "properties": {"record_id": "oai:u-bordeaux-montaigne.fr:340429", "symbol_class": "building", "pixel_x": 3995.0, "pixel_y": 2595.2, "easting": 443745.5, "northing": 352295.9, "epsg_source": 22391}}, {"type": "Feature", "geometry": {"type": "Point", "coordinates": [9.2074519, 36.4739467]}, "properties": {"record_id": "oai:u-bordeaux-montaigne.fr:340429", "symbol_class": "building", "pixel_x": 2635.9, "pixel_y": 2618.1, "easting": 437904.2, "northing": 352624.8, "epsg_source": 22391}}, {"type": "Feature", "geometry": {"type": "Point", "coordinates": [9.207885, 36.4738007]}, "properties": {"record_id": "oai:u-bordeaux-montaigne.fr:340429", "symbol_class": "building", "pixel_x": 2645.2, "pixel_y": 2621.3, "easting": 437942.9, "northing": 352608.3, "epsg_source": 22391}}, {"type": "Feature", "geometry": {"type": "Point", "coordinates": [9.2087725, 36.4731383]}, "properties": {"record_id": "oai:u-bordeaux-montaigne.fr:340429", "symbol_class": "building", "pixel_x": 2664.7, "pixel_y": 2637.4, "easting": 438021.9, "northing": 352534.3, "epsg_source": 22391}}, {"type": "Feature", "geometry": {"type": "Point", "coordinates": [9.204095, 36.4729465]}, "properties": {"record_id": "oai:u-bordeaux-montaigne.fr:340429", "symbol_class": "building", "pixel_x": 2567.8, "pixel_y": 2649.0, "easting": 437602.7, "northing": 352516.0, "epsg_source": 22391}}, {"type": "Feature", "geometry": {"type": "Point", "coordinates": [9.346141, 36.4644866]}, "properties": {"record_id": "oai:u-bordeaux-montaigne.fr:340429", "symbol_class": "building", "pixel_x": 5532.4, "pixel_y": 2670.9, "easting": 450323.3, "northing": 351495.9, "epsg_source": 22391}}, {"type": "Feature", "geometry": {"type": "Point", "coordinates": [9.3029826, 36.4667514]}, "properties": {"record_id": "oai:u-bordeaux-montaigne.fr:340429", "symbol_class": "building", "pixel_x": 4632.2, "pixel_y": 2672.7, "easting": 446457.8, "northing": 351770.0, "epsg_source": 22391}}, {"type": "Feature", "geometry": {"type": "Point", "coordinates": [9.3466076, 36.464281]}, "properties": {"record_id": "oai:u-bordeaux-montaigne.fr:340429", "symbol_class": "building", "pixel_x": 5542.5, "pixel_y": 2675.6, "easting": 450365.0, "northing": 351472.9, "epsg_source": 22391}}, {"type": "Feature", "geometry": {"type": "Point", "coordinates": [9.3893929, 36.4617211]}, "properties": {"record_id": "oai:u-bordeaux-montaigne.fr:340429", "symbol_class": "building", "pixel_x": 6435.5, "pixel_y": 2681.7, "easting": 454197.1, "northing": 351168.0, "epsg_source": 22391}}, {"type": "Feature", "geometry": {"type": "Point", "coordinates": [9.1969216, 36.4715677]}, "properties": {"record_id": "oai:u-bordeaux-montaigne.fr:340429", "symbol_class": "building", "pixel_x": 2421.1, "pixel_y": 2695.1, "easting": 436958.9, "northing": 352367.6, "epsg_source": 22391}}, {"type": "Feature", "geometry": {"type": "Point", "coordinates": [9.3066104, 36.4651715]}, "properties": {"record_id": "oai:u-bordeaux-montaigne.fr:340429", "symbol_class": "building", "pixel_x": 4710.2, "pixel_y": 2709.0, "easting": 446781.8, "northing": 351592.8, "epsg_source": 22391}}, {"type": "Feature", "geometry": {"type": "Point", "coordinates": [9.1853258, 36.4714121]}, "properties": {"record_id": "oai:u-bordeaux-montaigne.fr:340429", "symbol_class": "building", "pixel_x": 2180.5, "pixel_y": 2715.3, "easting": 435919.9, "northing": 352357.9, "epsg_source": 22391}}, {"type": "Feature", "geometry": {"type": "Point", "coordinates": [9.3056182, 36.4646864]}, "properties": {"record_id": "oai:u-bordeaux-montaigne.fr:340429", "symbol_class": "building", "pixel_x": 4690.4, "pixel_y": 2723.1, "easting": 446692.6, "northing": 351539.5, "epsg_source": 22391}}, {"type": "Feature", "geometry": {"type": "Point", "coordinates": [9.1845829, 36.4711491]}, "properties": {"record_id": "oai:u-bordeaux-montaigne.fr:340429", "symbol_class": "building", "pixel_x": 2165.5, "pixel_y": 2723.2, "easting": 435853.1, "northing": 352329.3, "epsg_source": 22391}}, {"type": "Feature", "geometry": {"type": "Point", "coordinates": [9.2260924, 36.4688172]}, "properties": {"record_id": "oai:u-bordeaux-montaigne.fr:340429", "symbol_class": "building", "pixel_x": 3031.6, "pixel_y": 2726.6, "easting": 439570.3, "northing": 352044.1, "epsg_source": 22391}}, {"type": "Feature", "geometry": {"type": "Point", "coordinates": [9.3067526, 36.4642876]}, "properties": {"record_id": "oai:u-bordeaux-montaigne.fr:340429", "symbol_class": "building", "pixel_x": 4714.6, "pixel_y": 2732.0, "easting": 446794.0, "northing": 351494.6, "epsg_source": 22391}}, {"type": "Feature", "geometry": {"type": "Point", "coordinates": [9.2626537, 36.4667307]}, "properties": {"record_id": "oai:u-bordeaux-montaigne.fr:340429", "symbol_class": "building", "pixel_x": 3794.5, "pixel_y": 2730.1, "easting": 442844.5, "northing": 351790.6, "epsg_source": 22391}}, {"type": "Feature", "geometry": {"type": "Point", "coordinates": [9.3052563, 36.4642821]}, "properties": {"record_id": "oai:u-bordeaux-montaigne.fr:340429", "symbol_class": "building", "pixel_x": 4683.5, "pixel_y": 2734.2, "easting": 446659.9, "northing": 351494.8, "epsg_source": 22391}}, {"type": "Feature", "geometry": {"type": "Point", "coordinates": [9.1653058, 36.4711947]}, "properties": {"record_id": "oai:u-bordeaux-montaigne.fr:340429", "symbol_class": "building", "pixel_x": 1765.0, "pixel_y": 2748.7, "easting": 434126.1, "northing": 352347.2, "epsg_source": 22391}}, {"type": "Feature", "geometry": {"type": "Point", "coordinates": [9.2985572, 36.4639317]}, "properties": {"record_id": "oai:u-bordeaux-montaigne.fr:340429", "symbol_class": "building", "pixel_x": 4545.0, "pixel_y": 2752.9, "easting": 446059.4, "northing": 351459.7, "epsg_source": 22391}}, {"type": "Feature", "geometry": {"type": "Point", "coordinates": [9.2648263, 36.4656674]}, "properties": {"record_id": "oai:u-bordeaux-montaigne.fr:340429", "symbol_class": "building", "pixel_x": 3841.4, "pixel_y": 2754.9, "easting": 443038.4, "northing": 351671.4, "epsg_source": 22391}}, {"type": "Feature", "geometry": {"type": "Point", "coordinates": [9.2363123, 36.4669297]}, "properties": {"record_id": "oai:u-bordeaux-montaigne.fr:340429", "symbol_class": "building", "pixel_x": 3247.0, "pixel_y": 2761.8, "easting": 440484.5, "northing": 351828.4, "epsg_source": 22391}}, {"type": "Feature", "geometry": {"type": "Point", "coordinates": [9.2336166, 36.4665509]}, "properties": {"record_id": "oai:u-bordeaux-montaigne.fr:340429", "symbol_class": "building", "pixel_x": 3191.6, "pixel_y": 2775.5, "easting": 440242.7, "northing": 351788.0, "epsg_source": 22391}}, {"type": "Feature", "geometry": {"type": "Point", "coordinates": [9.1657735, 36.4699748]}, "properties": {"record_id": "oai:u-bordeaux-montaigne.fr:340429", "symbol_class": "building", "pixel_x": 1776.7, "pixel_y": 2780.1, "easting": 434167.0, "northing": 352211.5, "epsg_source": 22391}}, {"type": "Feature", "geometry": {"type": "Point", "coordinates": [9.2443172, 36.4658932]}, "properties": {"record_id": "oai:u-bordeaux-montaigne.fr:340429", "symbol_class": "building", "pixel_x": 3415.0, "pixel_y": 2777.8, "easting": 441200.9, "northing": 351708.6, "epsg_source": 22391}}, {"type": "Feature", "geometry": {"type": "Point", "coordinates": [9.1656644, 36.4695175]}, "properties": {"record_id": "oai:u-bordeaux-montaigne.fr:340429", "symbol_class": "building", "pixel_x": 1775.2, "pixel_y": 2792.2, "easting": 434156.8, "northing": 352160.9, "epsg_source": 22391}}, {"type": "Feature", "geometry": {"type": "Point", "coordinates": [9.2617371, 36.4641457]}, "properties": {"record_id": "oai:u-bordeaux-montaigne.fr:340429", "symbol_class": "building", "pixel_x": 3779.8, "pixel_y": 2799.1, "easting": 442760.5, "northing": 351504.4, "epsg_source": 22391}}, {"type": "Feature", "geometry": {"type": "Point", "coordinates": [9.3150838, 36.4608781]}, "properties": {"record_id": "oai:u-bordeaux-montaigne.fr:340429", "symbol_class": "building", "pixel_x": 4893.4, "pixel_y": 2809.6, "easting": 447538.2, "northing": 351111.9, "epsg_source": 22391}}, {"type": "Feature", "geometry": {"type": "Point", "coordinates": [9.2427652, 36.4643929]}, "properties": {"record_id": "oai:u-bordeaux-montaigne.fr:340429", "symbol_class": "building", "pixel_x": 3385.2, "pixel_y": 2819.3, "easting": 441060.8, "northing": 351543.1, "epsg_source": 22391}}, {"type": "Feature", "geometry": {"type": "Point", "coordinates": [9.4724116, 36.4518973]}, "properties": {"record_id": "oai:u-bordeaux-montaigne.fr:340429", "symbol_class": "building", "pixel_x": 8176.8, "pixel_y": 2819.6, "easting": 461631.1, "northing": 350042.5, "epsg_source": 22391}}, {"type": "Feature", "geometry": {"type": "Point", "coordinates": [9.1831431, 36.467327]}, "properties": {"record_id": "oai:u-bordeaux-montaigne.fr:340429", "symbol_class": "building", "pixel_x": 2141.9, "pixel_y": 2825.4, "easting": 435721.0, "northing": 351906.2, "epsg_source": 22391}}, {"type": "Feature", "geometry": {"type": "Point", "coordinates": [9.2624111, 36.4625537]}, "properties": {"record_id": "oai:u-bordeaux-montaigne.fr:340429", "symbol_class": "building", "pixel_x": 3796.4, "pixel_y": 2839.9, "easting": 442819.7, "northing": 351327.4, "epsg_source": 22391}}, {"type": "Feature", "geometry": {"type": "Point", "coordinates": [9.2469425, 36.4631415]}, "properties": {"record_id": "oai:u-bordeaux-montaigne.fr:340429", "symbol_class": "building", "pixel_x": 3474.1, "pixel_y": 2846.2, "easting": 441434.1, "northing": 351401.8, "epsg_source": 22391}}, {"type": "Feature", "geometry": {"type": "Point", "coordinates": [9.2400182, 36.4629641]}, "properties": {"record_id": "oai:u-bordeaux-montaigne.fr:340429", "symbol_class": "building", "pixel_x": 3330.6, "pixel_y": 2860.6, "easting": 440813.6, "northing": 351386.3, "epsg_source": 22391}}, {"type": "Feature", "geometry": {"type": "Point", "coordinates": [9.4758451, 36.4501568]}, "properties": {"record_id": "oai:u-bordeaux-montaigne.fr:340429", "symbol_class": "building", "pixel_x": 8251.1, "pixel_y": 2860.2, "easting": 461938.0, "northing": 349848.1, "epsg_source": 22391}}, {"type": "Feature", "geometry": {"type": "Point", "coordinates": [9.453343, 36.451284]}, "properties": {"record_id": "oai:u-bordeaux-montaigne.fr:340429", "symbol_class": "building", "pixel_x": 7781.8, "pixel_y": 2863.2, "easting": 459922.0, "northing": 349982.1, "epsg_source": 22391}}, {"type": "Feature", "geometry": {"type": "Point", "coordinates": [9.3794303, 36.4549411]}, "properties": {"record_id": "oai:u-bordeaux-montaigne.fr:340429", "symbol_class": "building", "pixel_x": 6240.1, "pixel_y": 2873.7, "easting": 453300.4, "northing": 350420.6, "epsg_source": 22391}}, {"type": "Feature", "geometry": {"type": "Point", "coordinates": [9.247031, 36.4620776]}, "properties": {"record_id": "oai:u-bordeaux-montaigne.fr:340429", "symbol_class": "building", "pixel_x": 3477.7, "pixel_y": 2874.0, "easting": 441441.3, "northing": 351283.7, "epsg_source": 22391}}, {"type": "Feature", "geometry": {"type": "Point", "coordinates": [9.2470473, 36.4616565]}, "properties": {"record_id": "oai:u-bordeaux-montaigne.fr:340429", "symbol_class": "building", "pixel_x": 3478.7, "pixel_y": 2885.0, "easting": 441442.4, "northing": 351237.0, "epsg_source": 22391}}, {"type": "Feature", "geometry": {"type": "Point", "coordinates": [9.2490825, 36.4612441]}, "properties": {"record_id": "oai:u-bordeaux-montaigne.fr:340429", "symbol_class": "building", "pixel_x": 3521.7, "pixel_y": 2893.0, "easting": 441624.5, "northing": 351190.0, "epsg_source": 22391}}, {"type": "Feature", "geometry": {"type": "Point", "coordinates": [9.2470287, 36.4612423]}, "properties": {"record_id": "oai:u-bordeaux-montaigne.fr:340429", "symbol_class": "building", "pixel_x": 3479.0, "pixel_y": 2895.9, "easting": 441440.4, "northing": 351191.0, "epsg_source": 22391}}, {"type": "Feature", "geometry": {"type": "Point", "coordinates": [9.2440372, 36.460824]}, "properties": {"record_id": "oai:u-bordeaux-montaigne.fr:340429", "symbol_class": "building", "pixel_x": 3417.6, "pixel_y": 2911.1, "easting": 441172.1, "northing": 351146.4, "epsg_source": 22391}}, {"type": "Feature", "geometry": {"type": "Point", "coordinates": [9.2438104, 36.4603095]}, "properties": {"record_id": "oai:u-bordeaux-montaigne.fr:340429", "symbol_class": "building", "pixel_x": 3413.7, "pixel_y": 2924.9, "easting": 441151.4, "northing": 351089.5, "epsg_source": 22391}}, {"type": "Feature", "geometry": {"type": "Point", "coordinates": [9.2587091, 36.4592789]}, "properties": {"record_id": "oai:u-bordeaux-montaigne.fr:340429", "symbol_class": "building", "pixel_x": 3725.0, "pixel_y": 2931.0, "easting": 442485.6, "northing": 350966.3, "epsg_source": 22391}}, {"type": "Feature", "geometry": {"type": "Point", "coordinates": [9.2443385, 36.4598603]}, "properties": {"record_id": "oai:u-bordeaux-montaigne.fr:340429", "symbol_class": "building", "pixel_x": 3425.5, "pixel_y": 2935.9, "easting": 441198.3, "northing": 351039.4, "epsg_source": 22391}}, {"type": "Feature", "geometry": {"type": "Point", "coordinates": [9.4632018, 36.4479223]}, "properties": {"record_id": "oai:u-bordeaux-montaigne.fr:340429", "symbol_class": "building", "pixel_x": 7992.3, "pixel_y": 2937.1, "easting": 460803.8, "northing": 349605.2, "epsg_source": 22391}}, {"type": "Feature", "geometry": {"type": "Point", "coordinates": [9.4635741, 36.4474777]}, "properties": {"record_id": "oai:u-bordeaux-montaigne.fr:340429", "symbol_class": "building", "pixel_x": 8000.8, "pixel_y": 2948.2, "easting": 460837.0, "northing": 349555.7, "epsg_source": 22391}}, {"type": "Feature", "geometry": {"type": "Point", "coordinates": [9.2490141, 36.4591224]}, "properties": {"record_id": "oai:u-bordeaux-montaigne.fr:340429", "symbol_class": "building", "pixel_x": 3523.8, "pixel_y": 2948.7, "easting": 441616.8, "northing": 350954.7, "epsg_source": 22391}}, {"type": "Feature", "geometry": {"type": "Point", "coordinates": [9.2463663, 36.459233]}, "properties": {"record_id": "oai:u-bordeaux-montaigne.fr:340429", "symbol_class": "building", "pixel_x": 3468.6, "pixel_y": 2949.5, "easting": 441379.6, "northing": 350968.6, "epsg_source": 22391}}, {"type": "Feature", "geometry": {"type": "Point", "coordinates": [9.244522, 36.4591923]}, "properties": {"record_id": "oai:u-bordeaux-montaigne.fr:340429", "symbol_class": "building", "pixel_x": 3430.4, "pixel_y": 2953.2, "easting": 441214.3, "northing": 350965.1, "epsg_source": 22391}}, {"type": "Feature", "geometry": {"type": "Point", "coordinates": [9.2574817, 36.4583225]}, "properties": {"record_id": "oai:u-bordeaux-montaigne.fr:340429", "symbol_class": "building", "pixel_x": 3701.1, "pixel_y": 2957.8, "easting": 442374.9, "northing": 350860.9, "epsg_source": 22391}}, {"type": "Feature", "geometry": {"type": "Point", "coordinates": [9.2458143, 36.4589095]}, "properties": {"record_id": "oai:u-bordeaux-montaigne.fr:340429", "symbol_class": "building", "pixel_x": 3457.7, "pixel_y": 2958.8, "easting": 441329.9, "northing": 350933.0, "epsg_source": 22391}}, {"type": "Feature", "geometry": {"type": "Point", "coordinates": [9.2455352, 36.4586816]}, "properties": {"record_id": "oai:u-bordeaux-montaigne.fr:340429", "symbol_class": "building", "pixel_x": 3452.3, "pixel_y": 2965.1, "easting": 441304.7, "northing": 350907.9, "epsg_source": 22391}}, {"type": "Feature", "geometry": {"type": "Point", "coordinates": [9.2492939, 36.4573812]}, "properties": {"record_id": "oai:u-bordeaux-montaigne.fr:340429", "symbol_class": "building", "pixel_x": 3532.5, "pixel_y": 2994.0, "easting": 441640.5, "northing": 350761.4, "epsg_source": 22391}}, {"type": "Feature", "geometry": {"type": "Point", "coordinates": [9.2506024, 36.4572897]}, "properties": {"record_id": "oai:u-bordeaux-montaigne.fr:340429", "symbol_class": "building", "pixel_x": 3559.9, "pixel_y": 2994.5, "easting": 441757.7, "northing": 350750.4, "epsg_source": 22391}}, {"type": "Feature", "geometry": {"type": "Point", "coordinates": [9.2518088, 36.4569974]}, "properties": {"record_id": "oai:u-bordeaux-montaigne.fr:340429", "symbol_class": "building", "pixel_x": 3585.4, "pixel_y": 3000.5, "easting": 441865.6, "northing": 350717.3, "epsg_source": 22391}}, {"type": "Feature", "geometry": {"type": "Point", "coordinates": [9.2510652, 36.4567351]}, "properties": {"record_id": "oai:u-bordeaux-montaigne.fr:340429", "symbol_class": "building", "pixel_x": 3570.4, "pixel_y": 3008.4, "easting": 441798.8, "northing": 350688.6, "epsg_source": 22391}}, {"type": "Feature", "geometry": {"type": "Point", "coordinates": [9.254195, 36.4567388]}, "properties": {"record_id": "oai:u-bordeaux-montaigne.fr:340429", "symbol_class": "building", "pixel_x": 3635.4, "pixel_y": 3003.9, "easting": 442079.2, "northing": 350687.2, "epsg_source": 22391}}, {"type": "Feature", "geometry": {"type": "Point", "coordinates": [9.2569296, 36.4553495]}, "properties": {"record_id": "oai:u-bordeaux-montaigne.fr:340429", "symbol_class": "building", "pixel_x": 3694.5, "pixel_y": 3036.5, "easting": 442323.3, "northing": 350531.5, "epsg_source": 22391}}, {"type": "Feature", "geometry": {"type": "Point", "coordinates": [9.2574365, 36.4551014]}, "properties": {"record_id": "oai:u-bordeaux-montaigne.fr:340429", "symbol_class": "building", "pixel_x": 3705.5, "pixel_y": 3042.3, "easting": 442368.5, "northing": 350503.6, "epsg_source": 22391}}, {"type": "Feature", "geometry": {"type": "Point", "coordinates": [9.2507185, 36.4554533]}, "properties": {"record_id": "oai:u-bordeaux-montaigne.fr:340429", "symbol_class": "building", "pixel_x": 3565.3, "pixel_y": 3042.5, "easting": 441766.8, "northing": 350546.7, "epsg_source": 22391}}, {"type": "Feature", "geometry": {"type": "Point", "coordinates": [9.376956, 36.448501]}, "properties": {"record_id": "oai:u-bordeaux-montaigne.fr:340429", "symbol_class": "building", "pixel_x": 6199.6, "pixel_y": 3046.1, "easting": 453074.8, "northing": 349707.4, "epsg_source": 22391}}, {"type": "Feature", "geometry": {"type": "Point", "coordinates": [9.3775524, 36.4482527]}, "properties": {"record_id": "oai:u-bordeaux-montaigne.fr:340429", "symbol_class": "building", "pixel_x": 6212.4, "pixel_y": 3051.7, "easting": 453128.1, "northing": 349679.6, "epsg_source": 22391}}, {"type": "Feature", "geometry": {"type": "Point", "coordinates": [9.2399917, 36.455087]}, "properties": {"record_id": "oai:u-bordeaux-montaigne.fr:340429", "symbol_class": "building", "pixel_x": 3343.1, "pixel_y": 3067.1, "easting": 440805.3, "northing": 350512.5, "epsg_source": 22391}}, {"type": "Feature", "geometry": {"type": "Point", "coordinates": [9.250734, 36.4542484]}, "properties": {"record_id": "oai:u-bordeaux-montaigne.fr:340429", "symbol_class": "building", "pixel_x": 3567.6, "pixel_y": 3074.1, "easting": 441767.3, "northing": 350413.0, "epsg_source": 22391}}, {"type": "Feature", "geometry": {"type": "Point", "coordinates": [9.1908867, 36.4563165]}, "properties": {"record_id": "oai:u-bordeaux-montaigne.fr:340429", "symbol_class": "building", "pixel_x": 2320.9, "pixel_y": 3103.4, "easting": 436405.9, "northing": 350679.8, "epsg_source": 22391}}, {"type": "Feature", "geometry": {"type": "Point", "coordinates": [9.3054214, 36.4494586]}, "properties": {"record_id": "oai:u-bordeaux-montaigne.fr:340429", "symbol_class": "building", "pixel_x": 4711.8, "pixel_y": 3122.7, "easting": 446664.7, "northing": 349850.4, "epsg_source": 22391}}, {"type": "Feature", "geometry": {"type": "Point", "coordinates": [9.3187283, 36.4485306]}, "properties": {"record_id": "oai:u-bordeaux-montaigne.fr:340429", "symbol_class": "building", "pixel_x": 4989.8, "pixel_y": 3128.2, "easting": 447856.6, "northing": 349740.3, "epsg_source": 22391}}, {"type": "Feature", "geometry": {"type": "Point", "coordinates": [9.2468479, 36.4524761]}, "properties": {"record_id": "oai:u-bordeaux-montaigne.fr:340429", "symbol_class": "building", "pixel_x": 3489.8, "pixel_y": 3126.0, "easting": 441417.7, "northing": 350218.7, "epsg_source": 22391}}, {"type": "Feature", "geometry": {"type": "Point", "coordinates": [9.2498914, 36.4517787]}, "properties": {"record_id": "oai:u-bordeaux-montaigne.fr:340429", "symbol_class": "building", "pixel_x": 3554.2, "pixel_y": 3140.0, "easting": 441689.9, "northing": 350139.5, "epsg_source": 22391}}, {"type": "Feature", "geometry": {"type": "Point", "coordinates": [9.4760747, 36.4394355]}, "properties": {"record_id": "oai:u-bordeaux-montaigne.fr:340429", "symbol_class": "building", "pixel_x": 8274.4, "pixel_y": 3140.9, "easting": 461953.4, "northing": 348658.7, "epsg_source": 22391}}, {"type": "Feature", "geometry": {"type": "Point", "coordinates": [9.3193835, 36.4478313]}, "properties": {"record_id": "oai:u-bordeaux-montaigne.fr:340429", "symbol_class": "building", "pixel_x": 5004.6, "pixel_y": 3145.6, "easting": 447914.8, "northing": 349662.4, "epsg_source": 22391}}, {"type": "Feature", "geometry": {"type": "Point", "coordinates": [9.440223, 36.440242]}, "properties": {"record_id": "oai:u-bordeaux-montaigne.fr:340429", "symbol_class": "building", "pixel_x": 7528.1, "pixel_y": 3171.7, "easting": 458740.4, "northing": 348762.7, "epsg_source": 22391}}, {"type": "Feature", "geometry": {"type": "Point", "coordinates": [9.3041373, 36.4472648]}, "properties": {"record_id": "oai:u-bordeaux-montaigne.fr:340429", "symbol_class": "building", "pixel_x": 4688.8, "pixel_y": 3182.0, "easting": 446548.1, "northing": 349607.8, "epsg_source": 22391}}, {"type": "Feature", "geometry": {"type": "Point", "coordinates": [9.3356238, 36.4456754]}, "properties": {"record_id": "oai:u-bordeaux-montaigne.fr:340429", "symbol_class": "building", "pixel_x": 5345.7, "pixel_y": 3179.0, "easting": 449368.9, "northing": 349414.7, "epsg_source": 22391}}, {"type": "Feature", "geometry": {"type": "Point", "coordinates": [9.2486154, 36.4502631]}, "properties": {"record_id": "oai:u-bordeaux-montaigne.fr:340429", "symbol_class": "building", "pixel_x": 3530.2, "pixel_y": 3181.5, "easting": 441574.5, "northing": 349972.2, "epsg_source": 22391}}, {"type": "Feature", "geometry": {"type": "Point", "coordinates": [9.3353566, 36.445311]}, "properties": {"record_id": "oai:u-bordeaux-montaigne.fr:340429", "symbol_class": "building", "pixel_x": 5340.7, "pixel_y": 3189.0, "easting": 449344.7, "northing": 349374.4, "epsg_source": 22391}}, {"type": "Feature", "geometry": {"type": "Point", "coordinates": [9.2483216, 36.4499511]}, "properties": {"record_id": "oai:u-bordeaux-montaigne.fr:340429", "symbol_class": "building", "pixel_x": 3524.7, "pixel_y": 3190.1, "easting": 441547.9, "northing": 349937.8, "epsg_source": 22391}}, {"type": "Feature", "geometry": {"type": "Point", "coordinates": [9.3048035, 36.446863]}, "properties": {"record_id": "oai:u-bordeaux-montaigne.fr:340429", "symbol_class": "building", "pixel_x": 4703.3, "pixel_y": 3191.6, "easting": 446607.5, "northing": 349562.8, "epsg_source": 22391}}, {"type": "Feature", "geometry": {"type": "Point", "coordinates": [9.3357289, 36.4450618]}, "properties": {"record_id": "oai:u-bordeaux-montaigne.fr:340429", "symbol_class": "building", "pixel_x": 5348.9, "pixel_y": 3195.0, "easting": 449377.9, "northing": 349346.5, "epsg_source": 22391}}, {"type": "Feature", "geometry": {"type": "Point", "coordinates": [9.2479302, 36.4497421]}, "properties": {"record_id": "oai:u-bordeaux-montaigne.fr:340429", "symbol_class": "building", "pixel_x": 3516.9, "pixel_y": 3196.2, "easting": 441512.7, "northing": 349914.8, "epsg_source": 22391}}, {"type": "Feature", "geometry": {"type": "Point", "coordinates": [9.4489429, 36.4388827]}, "properties": {"record_id": "oai:u-bordeaux-montaigne.fr:340429", "symbol_class": "building", "pixel_x": 7711.6, "pixel_y": 3194.7, "easting": 459521.3, "northing": 348608.3, "epsg_source": 22391}}, {"type": "Feature", "geometry": {"type": "Point", "coordinates": [9.2485099, 36.4495243]}, "properties": {"record_id": "oai:u-bordeaux-montaigne.fr:340429", "symbol_class": "building", "pixel_x": 3529.3, "pixel_y": 3201.1, "easting": 441564.5, "northing": 349890.3, "epsg_source": 22391}}, {"type": "Feature", "geometry": {"type": "Point", "coordinates": [9.1405307, 36.4549717]}, "properties": {"record_id": "oai:u-bordeaux-montaigne.fr:340429", "symbol_class": "building", "pixel_x": 1276.8, "pixel_y": 3208.3, "easting": 431892.4, "northing": 350564.6, "epsg_source": 22391}}, {"type": "Feature", "geometry": {"type": "Point", "coordinates": [9.2570717, 36.4485616]}, "properties": {"record_id": "oai:u-bordeaux-montaigne.fr:340429", "symbol_class": "building", "pixel_x": 3708.8, "pixel_y": 3214.3, "easting": 442331.0, "northing": 349778.4, "epsg_source": 22391}}, {"type": "Feature", "geometry": {"type": "Point", "coordinates": [9.4152631, 36.4392726]}, "properties": {"record_id": "oai:u-bordeaux-montaigne.fr:340429", "symbol_class": "building", "pixel_x": 7011.2, "pixel_y": 3233.1, "easting": 456502.8, "northing": 348666.0, "epsg_source": 22391}}, {"type": "Feature", "geometry": {"type": "Point", "coordinates": [9.2488124, 36.4481283]}, "properties": {"record_id": "oai:u-bordeaux-montaigne.fr:340429", "symbol_class": "building", "pixel_x": 3537.9, "pixel_y": 3237.2, "easting": 441590.5, "northing": 349735.3, "epsg_source": 22391}}, {"type": "Feature", "geometry": {"type": "Point", "coordinates": [9.2776411, 36.4450552]}, "properties": {"record_id": "oai:u-bordeaux-montaigne.fr:340429", "symbol_class": "building", "pixel_x": 4142.0, "pixel_y": 3277.3, "easting": 444171.9, "northing": 349377.5, "epsg_source": 22391}}, {"type": "Feature", "geometry": {"type": "Point", "coordinates": [9.2823113, 36.4447991]}, "properties": {"record_id": "oai:u-bordeaux-montaigne.fr:340429", "symbol_class": "building", "pixel_x": 4239.4, "pixel_y": 3277.4, "easting": 444590.3, "northing": 349346.4, "epsg_source": 22391}}, {"type": "Feature", "geometry": {"type": "Point", "coordinates": [9.1404898, 36.4516502]}, "properties": {"record_id": "oai:u-bordeaux-montaigne.fr:340429", "symbol_class": "building", "pixel_x": 1281.4, "pixel_y": 3295.5, "easting": 431885.9, "northing": 350196.2, "epsg_source": 22391}}, {"type": "Feature", "geometry": {"type": "Point", "coordinates": [9.2464679, 36.4460779]}, "properties": {"record_id": "oai:u-bordeaux-montaigne.fr:340429", "symbol_class": "building", "pixel_x": 3492.6, "pixel_y": 3294.3, "easting": 441378.9, "northing": 349509.2, "epsg_source": 22391}}, {"type": "Feature", "geometry": {"type": "Point", "coordinates": [9.1406494, 36.4513786]}, "properties": {"record_id": "oai:u-bordeaux-montaigne.fr:340429", "symbol_class": "building", "pixel_x": 1285.2, "pixel_y": 3302.4, "easting": 431900.0, "northing": 350165.9, "epsg_source": 22391}}, {"type": "Feature", "geometry": {"type": "Point", "coordinates": [9.4771406, 36.4332964]}, "properties": {"record_id": "oai:u-bordeaux-montaigne.fr:340429", "symbol_class": "building", "pixel_x": 8307.1, "pixel_y": 3300.3, "easting": 462046.0, "northing": 347977.3, "epsg_source": 22391}}, {"type": "Feature", "geometry": {"type": "Point", "coordinates": [9.2458519, 36.4457153]}, "properties": {"record_id": "oai:u-bordeaux-montaigne.fr:340429", "symbol_class": "building", "pixel_x": 3480.4, "pixel_y": 3304.7, "easting": 441323.4, "northing": 349469.4, "epsg_source": 22391}}, {"type": "Feature", "geometry": {"type": "Point", "coordinates": [9.2880809, 36.4433264]}, "properties": {"record_id": "oai:u-bordeaux-montaigne.fr:340429", "symbol_class": "building", "pixel_x": 4361.8, "pixel_y": 3307.9, "easting": 445106.4, "northing": 349179.8, "epsg_source": 22391}}, {"type": "Feature", "geometry": {"type": "Point", "coordinates": [9.2005304, 36.4475511]}, "properties": {"record_id": "oai:u-bordeaux-montaigne.fr:340429", "symbol_class": "building", "pixel_x": 2535.7, "pixel_y": 3319.8, "easting": 437263.1, "northing": 349701.2, "epsg_source": 22391}}, {"type": "Feature", "geometry": {"type": "Point", "coordinates": [9.4614014, 36.4332062]}, "properties": {"record_id": "oai:u-bordeaux-montaigne.fr:340429", "symbol_class": "building", "pixel_x": 7980.2, "pixel_y": 3325.5, "easting": 460635.1, "northing": 347973.5, "epsg_source": 22391}}, {"type": "Feature", "geometry": {"type": "Point", "coordinates": [9.2504348, 36.4445603]}, "properties": {"record_id": "oai:u-bordeaux-montaigne.fr:340429", "symbol_class": "building", "pixel_x": 3577.5, "pixel_y": 3328.5, "easting": 441733.3, "northing": 349338.5, "epsg_source": 22391}}, {"type": "Feature", "geometry": {"type": "Point", "coordinates": [9.1270997, 36.4507337]}, "properties": {"record_id": "oai:u-bordeaux-montaigne.fr:340429", "symbol_class": "building", "pixel_x": 1004.7, "pixel_y": 3337.9, "easting": 430685.2, "northing": 350103.9, "epsg_source": 22391}}, {"type": "Feature", "geometry": {"type": "Point", "coordinates": [9.1267981, 36.450662]}, "properties": {"record_id": "oai:u-bordeaux-montaigne.fr:340429", "symbol_class": "building", "pixel_x": 998.5, "pixel_y": 3340.2, "easting": 430658.1, "northing": 350096.2, "epsg_source": 22391}}, {"type": "Feature", "geometry": {"type": "Point", "coordinates": [9.45468, 36.4309491]}, "properties": {"record_id": "oai:u-bordeaux-montaigne.fr:340429", "symbol_class": "building", "pixel_x": 7844.4, "pixel_y": 3394.4, "easting": 460031.5, "northing": 347725.8, "epsg_source": 22391}}, {"type": "Feature", "geometry": {"type": "Point", "coordinates": [9.148958, 36.4471702]}, "properties": {"record_id": "oai:u-bordeaux-montaigne.fr:340429", "symbol_class": "building", "pixel_x": 1464.7, "pixel_y": 3401.3, "easting": 432640.9, "northing": 349693.4, "epsg_source": 22391}}, {"type": "Feature", "geometry": {"type": "Point", "coordinates": [9.4550169, 36.4306733]}, "properties": {"record_id": "oai:u-bordeaux-montaigne.fr:340429", "symbol_class": "building", "pixel_x": 7851.9, "pixel_y": 3401.1, "easting": 460061.6, "northing": 347695.1, "epsg_source": 22391}}, {"type": "Feature", "geometry": {"type": "Point", "coordinates": [9.2192206, 36.4431809]}, "properties": {"record_id": "oai:u-bordeaux-montaigne.fr:340429", "symbol_class": "building", "pixel_x": 2931.2, "pixel_y": 3408.3, "easting": 438934.7, "northing": 349204.6, "epsg_source": 22391}}, {"type": "Feature", "geometry": {"type": "Point", "coordinates": [9.4747777, 36.4293441]}, "properties": {"record_id": "oai:u-bordeaux-montaigne.fr:340429", "symbol_class": "building", "pixel_x": 8264.8, "pixel_y": 3407.3, "easting": 461832.3, "northing": 347539.8, "epsg_source": 22391}}, {"type": "Feature", "geometry": {"type": "Point", "coordinates": [9.2393445, 36.4418405]}, "properties": {"record_id": "oai:u-bordeaux-montaigne.fr:340429", "symbol_class": "building", "pixel_x": 3351.6, "pixel_y": 3415.4, "easting": 440737.3, "northing": 349043.5, "epsg_source": 22391}}, {"type": "Feature", "geometry": {"type": "Point", "coordinates": [9.1757453, 36.4449671]}, "properties": {"record_id": "oai:u-bordeaux-montaigne.fr:340429", "symbol_class": "building", "pixel_x": 2024.9, "pixel_y": 3422.0, "easting": 435039.8, "northing": 349430.8, "epsg_source": 22391}}, {"type": "Feature", "geometry": {"type": "Point", "coordinates": [9.1735032, 36.4451108]}, "properties": {"record_id": "oai:u-bordeaux-montaigne.fr:340429", "symbol_class": "building", "pixel_x": 1978.1, "pixel_y": 3421.3, "easting": 434839.0, "northing": 349448.2, "epsg_source": 22391}}, {"type": "Feature", "geometry": {"type": "Point", "coordinates": [9.2330663, 36.4419225]}, "properties": {"record_id": "oai:u-bordeaux-montaigne.fr:340429", "symbol_class": "building", "pixel_x": 3221.0, "pixel_y": 3422.0, "easting": 440174.7, "northing": 349056.4, "epsg_source": 22391}}, {"type": "Feature", "geometry": {"type": "Point", "coordinates": [9.2118969, 36.4428014]}, "properties": {"record_id": "oai:u-bordeaux-montaigne.fr:340429", "symbol_class": "building", "pixel_x": 2779.7, "pixel_y": 3428.5, "easting": 438278.1, "northing": 349167.1, "epsg_source": 22391}}, {"type": "Feature", "geometry": {"type": "Point", "coordinates": [9.2327066, 36.4418082]}, "properties": {"record_id": "oai:u-bordeaux-montaigne.fr:340429", "symbol_class": "building", "pixel_x": 3213.7, "pixel_y": 3425.5, "easting": 440142.4, "northing": 349044.0, "epsg_source": 22391}}, {"type": "Feature", "geometry": {"type": "Point", "coordinates": [9.2324316, 36.4416688]}, "properties": {"record_id": "oai:u-bordeaux-montaigne.fr:340429", "symbol_class": "building", "pixel_x": 3208.2, "pixel_y": 3429.5, "easting": 440117.6, "northing": 349028.7, "epsg_source": 22391}}, {"type": "Feature", "geometry": {"type": "Point", "coordinates": [9.2385069, 36.4411339]}, "properties": {"record_id": "oai:u-bordeaux-montaigne.fr:340429", "symbol_class": "building", "pixel_x": 3335.4, "pixel_y": 3435.1, "easting": 440661.7, "northing": 348965.6, "epsg_source": 22391}}, {"type": "Feature", "geometry": {"type": "Point", "coordinates": [9.2285395, 36.4416665]}, "properties": {"record_id": "oai:u-bordeaux-montaigne.fr:340429", "symbol_class": "building", "pixel_x": 3127.4, "pixel_y": 3435.0, "easting": 439768.8, "northing": 349030.8, "epsg_source": 22391}}, {"type": "Feature", "geometry": {"type": "Point", "coordinates": [9.2121738, 36.4424096]}, "properties": {"record_id": "oai:u-bordeaux-montaigne.fr:340429", "symbol_class": "building", "pixel_x": 2786.1, "pixel_y": 3438.4, "easting": 438302.6, "northing": 349123.5, "epsg_source": 22391}}, {"type": "Feature", "geometry": {"type": "Point", "coordinates": [9.2092428, 36.4415623]}, "properties": {"record_id": "oai:u-bordeaux-montaigne.fr:340429", "symbol_class": "building", "pixel_x": 2726.6, "pixel_y": 3464.7, "easting": 438039.2, "northing": 349031.3, "epsg_source": 22391}}, {"type": "Feature", "geometry": {"type": "Point", "coordinates": [9.2123976, 36.4409589]}, "properties": {"record_id": "oai:u-bordeaux-montaigne.fr:340429", "symbol_class": "building", "pixel_x": 2793.1, "pixel_y": 3476.1, "easting": 438321.5, "northing": 348962.4, "epsg_source": 22391}}, {"type": "Feature", "geometry": {"type": "Point", "coordinates": [9.1745789, 36.4422775]}, "properties": {"record_id": "oai:u-bordeaux-montaigne.fr:340429", "symbol_class": "building", "pixel_x": 2005.1, "pixel_y": 3494.1, "easting": 434933.0, "northing": 349133.2, "epsg_source": 22391}}, {"type": "Feature", "geometry": {"type": "Point", "coordinates": [9.432838, 36.4282414]}, "properties": {"record_id": "oai:u-bordeaux-montaigne.fr:340429", "symbol_class": "building", "pixel_x": 7395.2, "pixel_y": 3496.9, "easting": 458072.2, "northing": 347434.6, "epsg_source": 22391}}, {"type": "Feature", "geometry": {"type": "Point", "coordinates": [9.197008, 36.4407998]}, "properties": {"record_id": "oai:u-bordeaux-montaigne.fr:340429", "symbol_class": "building", "pixel_x": 2473.6, "pixel_y": 3501.7, "easting": 436942.0, "northing": 348954.6, "epsg_source": 22391}}, {"type": "Feature", "geometry": {"type": "Point", "coordinates": [9.1343233, 36.4437825]}, "properties": {"record_id": "oai:u-bordeaux-montaigne.fr:340429", "symbol_class": "building", "pixel_x": 1166.1, "pixel_y": 3510.3, "easting": 431326.4, "northing": 349327.8, "epsg_source": 22391}}, {"type": "Feature", "geometry": {"type": "Point", "coordinates": [9.1939274, 36.4406811]}, "properties": {"record_id": "oai:u-bordeaux-montaigne.fr:340429", "symbol_class": "building", "pixel_x": 2409.8, "pixel_y": 3509.1, "easting": 436665.9, "northing": 348943.4, "epsg_source": 22391}}, {"type": "Feature", "geometry": {"type": "Point", "coordinates": [9.198118, 36.4403216]}, "properties": {"record_id": "oai:u-bordeaux-montaigne.fr:340429", "symbol_class": "building", "pixel_x": 2497.4, "pixel_y": 3512.7, "easting": 437041.2, "northing": 348900.8, "epsg_source": 22391}}, {"type": "Feature", "geometry": {"type": "Point", "coordinates": [9.3878353, 36.430064]}, "properties": {"record_id": "oai:u-bordeaux-montaigne.fr:340429", "symbol_class": "building", "pixel_x": 6456.9, "pixel_y": 3513.8, "easting": 454039.1, "northing": 347657.1, "epsg_source": 22391}}, {"type": "Feature", "geometry": {"type": "Point", "coordinates": [9.3880163, 36.4298207]}, "properties": {"record_id": "oai:u-bordeaux-montaigne.fr:340429", "symbol_class": "building", "pixel_x": 6461.1, "pixel_y": 3520.0, "easting": 454055.2, "northing": 347630.0, "epsg_source": 22391}}, {"type": "Feature", "geometry": {"type": "Point", "coordinates": [9.1250458, 36.4438313]}, "properties": {"record_id": "oai:u-bordeaux-montaigne.fr:340429", "symbol_class": "building", "pixel_x": 973.2, "pixel_y": 3521.8, "easting": 430495.0, "northing": 349339.8, "epsg_source": 22391}}, {"type": "Feature", "geometry": {"type": "Point", "coordinates": [9.1250164, 36.4430161]}, "properties": {"record_id": "oai:u-bordeaux-montaigne.fr:340429", "symbol_class": "building", "pixel_x": 974.0, "pixel_y": 3543.2, "easting": 430491.7, "northing": 349249.3, "epsg_source": 22391}}, {"type": "Feature", "geometry": {"type": "Point", "coordinates": [9.2003081, 36.4388928]}, "properties": {"record_id": "oai:u-bordeaux-montaigne.fr:340429", "symbol_class": "building", "pixel_x": 2545.3, "pixel_y": 3547.1, "easting": 437236.3, "northing": 348740.9, "epsg_source": 22391}}, {"type": "Feature", "geometry": {"type": "Point", "coordinates": [9.4624609, 36.4247808]}, "properties": {"record_id": "oai:u-bordeaux-montaigne.fr:340429", "symbol_class": "building", "pixel_x": 8016.7, "pixel_y": 3544.8, "easting": 460725.9, "northing": 347038.4, "epsg_source": 22391}}, {"type": "Feature", "geometry": {"type": "Point", "coordinates": [9.3292394, 36.4319368]}, "properties": {"record_id": "oai:u-bordeaux-montaigne.fr:340429", "symbol_class": "building", "pixel_x": 5236.1, "pixel_y": 3548.3, "easting": 448787.8, "northing": 347894.0, "epsg_source": 22391}}, {"type": "Feature", "geometry": {"type": "Point", "coordinates": [9.3750063, 36.4293751]}, "properties": {"record_id": "oai:u-bordeaux-montaigne.fr:340429", "symbol_class": "building", "pixel_x": 6191.5, "pixel_y": 3550.3, "easting": 452888.7, "northing": 347586.8, "epsg_source": 22391}}, {"type": "Feature", "geometry": {"type": "Point", "coordinates": [9.1877253, 36.439068]}, "properties": {"record_id": "oai:u-bordeaux-montaigne.fr:340429", "symbol_class": "building", "pixel_x": 2283.5, "pixel_y": 3560.0, "easting": 436108.7, "northing": 348768.5, "epsg_source": 22391}}, {"type": "Feature", "geometry": {"type": "Point", "coordinates": [9.34978, 36.4303188]}, "properties": {"record_id": "oai:u-bordeaux-montaigne.fr:340429", "symbol_class": "building", "pixel_x": 5665.7, "pixel_y": 3561.5, "easting": 450628.0, "northing": 347703.9, "epsg_source": 22391}}, {"type": "Feature", "geometry": {"type": "Point", "coordinates": [9.1582765, 36.4401106]}, "properties": {"record_id": "oai:u-bordeaux-montaigne.fr:340429", "symbol_class": "building", "pixel_x": 1669.9, "pixel_y": 3573.5, "easting": 433470.1, "northing": 348903.9, "epsg_source": 22391}}, {"type": "Feature", "geometry": {"type": "Point", "coordinates": [9.1877578, 36.4387332]}, "properties": {"record_id": "oai:u-bordeaux-montaigne.fr:340429", "symbol_class": "building", "pixel_x": 2284.8, "pixel_y": 3568.8, "easting": 436111.3, "northing": 348731.4, "epsg_source": 22391}}, {"type": "Feature", "geometry": {"type": "Point", "coordinates": [9.2193845, 36.4368811]}, "properties": {"record_id": "oai:u-bordeaux-montaigne.fr:340429", "symbol_class": "building", "pixel_x": 2945.0, "pixel_y": 3573.3, "easting": 438944.5, "northing": 348505.7, "epsg_source": 22391}}, {"type": "Feature", "geometry": {"type": "Point", "coordinates": [9.3266909, 36.4309907]}, "properties": {"record_id": "oai:u-bordeaux-montaigne.fr:340429", "symbol_class": "building", "pixel_x": 5184.8, "pixel_y": 3576.7, "easting": 448558.7, "northing": 347790.4, "epsg_source": 22391}}, {"type": "Feature", "geometry": {"type": "Point", "coordinates": [9.1578443, 36.4399873]}, "properties": {"record_id": "oai:u-bordeaux-montaigne.fr:340429", "symbol_class": "building", "pixel_x": 1661.1, "pixel_y": 3577.3, "easting": 433431.3, "northing": 348890.5, "epsg_source": 22391}}, {"type": "Feature", "geometry": {"type": "Point", "coordinates": [9.2713426, 36.4338293]}, "properties": {"record_id": "oai:u-bordeaux-montaigne.fr:340429", "symbol_class": "building", "pixel_x": 4029.8, "pixel_y": 3580.5, "easting": 443599.4, "northing": 348135.9, "epsg_source": 22391}}, {"type": "Feature", "geometry": {"type": "Point", "coordinates": [9.3442901, 36.4297178]}, "properties": {"record_id": "oai:u-bordeaux-montaigne.fr:340429", "symbol_class": "building", "pixel_x": 5552.6, "pixel_y": 3585.1, "easting": 450135.5, "northing": 347640.1, "epsg_source": 22391}}, {"type": "Feature", "geometry": {"type": "Point", "coordinates": [9.1778384, 36.4379837]}, "properties": {"record_id": "oai:u-bordeaux-montaigne.fr:340429", "symbol_class": "building", "pixel_x": 2079.9, "pixel_y": 3602.2, "easting": 435221.6, "northing": 348654.8, "epsg_source": 22391}}, {"type": "Feature", "geometry": {"type": "Point", "coordinates": [9.3421279, 36.4288852]}, "properties": {"record_id": "oai:u-bordeaux-montaigne.fr:340429", "symbol_class": "building", "pixel_x": 5509.1, "pixel_y": 3610.0, "easting": 449941.1, "northing": 347548.8, "epsg_source": 22391}}, {"type": "Feature", "geometry": {"type": "Point", "coordinates": [9.3435743, 36.4284963]}, "properties": {"record_id": "oai:u-bordeaux-montaigne.fr:340429", "symbol_class": "building", "pixel_x": 5539.8, "pixel_y": 3618.1, "easting": 450070.6, "northing": 347504.9, "epsg_source": 22391}}, {"type": "Feature", "geometry": {"type": "Point", "coordinates": [9.3432548, 36.428236]}, "properties": {"record_id": "oai:u-bordeaux-montaigne.fr:340429", "symbol_class": "building", "pixel_x": 5533.6, "pixel_y": 3625.4, "easting": 450041.7, "northing": 347476.2, "epsg_source": 22391}}, {"type": "Feature", "geometry": {"type": "Point", "coordinates": [9.3140618, 36.4296166]}, "properties": {"record_id": "oai:u-bordeaux-montaigne.fr:340429", "symbol_class": "building", "pixel_x": 4924.6, "pixel_y": 3630.6, "easting": 447425.8, "northing": 347644.7, "epsg_source": 22391}}, {"type": "Feature", "geometry": {"type": "Point", "coordinates": [9.1489174, 36.4384266]}, "properties": {"record_id": "oai:u-bordeaux-montaigne.fr:340429", "symbol_class": "building", "pixel_x": 1478.1, "pixel_y": 3630.6, "easting": 432629.8, "northing": 348723.5, "epsg_source": 22391}}, {"type": "Feature", "geometry": {"type": "Point", "coordinates": [9.3436245, 36.4279606]}, "properties": {"record_id": "oai:u-bordeaux-montaigne.fr:340429", "symbol_class": "building", "pixel_x": 5541.7, "pixel_y": 3632.1, "easting": 450074.7, "northing": 347445.5, "epsg_source": 22391}}, {"type": "Feature", "geometry": {"type": "Point", "coordinates": [9.4600653, 36.4215119]}, "properties": {"record_id": "oai:u-bordeaux-montaigne.fr:340429", "symbol_class": "building", "pixel_x": 7972.5, "pixel_y": 3634.0, "easting": 460509.5, "northing": 346676.8, "epsg_source": 22391}}, {"type": "Feature", "geometry": {"type": "Point", "coordinates": [9.3305325, 36.4284621]}, "properties": {"record_id": "oai:u-bordeaux-montaigne.fr:340429", "symbol_class": "building", "pixel_x": 5268.8, "pixel_y": 3637.6, "easting": 448901.4, "northing": 347507.9, "epsg_source": 22391}}, {"type": "Feature", "geometry": {"type": "Point", "coordinates": [9.342232, 36.4277618]}, "properties": {"record_id": "oai:u-bordeaux-montaigne.fr:340429", "symbol_class": "building", "pixel_x": 5513.1, "pixel_y": 3639.3, "easting": 449949.8, "northing": 347424.1, "epsg_source": 22391}}, {"type": "Feature", "geometry": {"type": "Point", "coordinates": [9.3419076, 36.4277567]}, "properties": {"record_id": "oai:u-bordeaux-montaigne.fr:340429", "symbol_class": "building", "pixel_x": 5506.4, "pixel_y": 3639.9, "easting": 449920.7, "northing": 347423.7, "epsg_source": 22391}}, {"type": "Feature", "geometry": {"type": "Point", "coordinates": [9.3430748, 36.427715]}, "properties": {"record_id": "oai:u-bordeaux-montaigne.fr:340429", "symbol_class": "building", "pixel_x": 5530.7, "pixel_y": 3639.3, "easting": 450025.3, "northing": 347418.5, "epsg_source": 22391}}, {"type": "Feature", "geometry": {"type": "Point", "coordinates": [9.1637207, 36.4367735]}, "properties": {"record_id": "oai:u-bordeaux-montaigne.fr:340429", "symbol_class": "building", "pixel_x": 1788.5, "pixel_y": 3653.5, "easting": 433955.2, "northing": 348530.0, "epsg_source": 22391}}, {"type": "Feature", "geometry": {"type": "Point", "coordinates": [9.4572315, 36.4205018]}, "properties": {"record_id": "oai:u-bordeaux-montaigne.fr:340429", "symbol_class": "building", "pixel_x": 7915.3, "pixel_y": 3664.6, "easting": 460254.9, "northing": 346565.9, "epsg_source": 22391}}, {"type": "Feature", "geometry": {"type": "Point", "coordinates": [9.4576728, 36.4198519]}, "properties": {"record_id": "oai:u-bordeaux-montaigne.fr:340429", "symbol_class": "building", "pixel_x": 7925.6, "pixel_y": 3681.0, "easting": 460294.2, "northing": 346493.6, "epsg_source": 22391}}, {"type": "Feature", "geometry": {"type": "Point", "coordinates": [9.216427, 36.4329014]}, "properties": {"record_id": "oai:u-bordeaux-montaigne.fr:340429", "symbol_class": "building", "pixel_x": 2890.2, "pixel_y": 3681.8, "easting": 438676.4, "northing": 348066.1, "epsg_source": 22391}}, {"type": "Feature", "geometry": {"type": "Point", "coordinates": [9.3844236, 36.4237475]}, "properties": {"record_id": "oai:u-bordeaux-montaigne.fr:340429", "symbol_class": "building", "pixel_x": 6396.7, "pixel_y": 3684.3, "easting": 453729.6, "northing": 346958.0, "epsg_source": 22391}}, {"type": "Feature", "geometry": {"type": "Point", "coordinates": [9.3841636, 36.4234701]}, "properties": {"record_id": "oai:u-bordeaux-montaigne.fr:340429", "symbol_class": "building", "pixel_x": 6391.8, "pixel_y": 3692.0, "easting": 453706.1, "northing": 346927.4, "epsg_source": 22391}}, {"type": "Feature", "geometry": {"type": "Point", "coordinates": [9.205878, 36.4329891]}, "properties": {"record_id": "oai:u-bordeaux-montaigne.fr:340429", "symbol_class": "building", "pixel_x": 2670.8, "pixel_y": 3694.2, "easting": 437730.9, "northing": 348082.5, "epsg_source": 22391}}, {"type": "Feature", "geometry": {"type": "Point", "coordinates": [9.2664168, 36.429604]}, "properties": {"record_id": "oai:u-bordeaux-montaigne.fr:340429", "symbol_class": "building", "pixel_x": 3934.5, "pixel_y": 3698.2, "easting": 443154.9, "northing": 347670.0, "epsg_source": 22391}}, {"type": "Feature", "geometry": {"type": "Point", "coordinates": [9.2058817, 36.4327237]}, "properties": {"record_id": "oai:u-bordeaux-montaigne.fr:340429", "symbol_class": "building", "pixel_x": 2671.3, "pixel_y": 3701.1, "easting": 437731.0, "northing": 348053.0, "epsg_source": 22391}}, {"type": "Feature", "geometry": {"type": "Point", "coordinates": [9.1319762, 36.4366001]}, "properties": {"record_id": "oai:u-bordeaux-montaigne.fr:340429", "symbol_class": "building", "pixel_x": 1129.0, "pixel_y": 3701.8, "easting": 431109.8, "northing": 348532.7, "epsg_source": 22391}}, {"type": "Feature", "geometry": {"type": "Point", "coordinates": [9.2164751, 36.4318348]}, "properties": {"record_id": "oai:u-bordeaux-montaigne.fr:340429", "symbol_class": "building", "pixel_x": 2892.9, "pixel_y": 3709.7, "easting": 438679.8, "northing": 347947.7, "epsg_source": 22391}}, {"type": "Feature", "geometry": {"type": "Point", "coordinates": [9.2695567, 36.4288293]}, "properties": {"record_id": "oai:u-bordeaux-montaigne.fr:340429", "symbol_class": "building", "pixel_x": 4001.0, "pixel_y": 3714.1, "easting": 443435.8, "northing": 347582.3, "epsg_source": 22391}}, {"type": "Feature", "geometry": {"type": "Point", "coordinates": [9.1298522, 36.4362368]}, "properties": {"record_id": "oai:u-bordeaux-montaigne.fr:340429", "symbol_class": "building", "pixel_x": 1085.5, "pixel_y": 3714.3, "easting": 430919.1, "northing": 348493.9, "epsg_source": 22391}}, {"type": "Feature", "geometry": {"type": "Point", "coordinates": [9.130262, 36.4362127]}, "properties": {"record_id": "oai:u-bordeaux-montaigne.fr:340429", "symbol_class": "building", "pixel_x": 1094.1, "pixel_y": 3714.3, "easting": 430955.8, "northing": 348490.9, "epsg_source": 22391}}, {"type": "Feature", "geometry": {"type": "Point", "coordinates": [9.3179933, 36.4260315]}, "properties": {"record_id": "oai:u-bordeaux-montaigne.fr:340429", "symbol_class": "building", "pixel_x": 5012.3, "pixel_y": 3719.1, "easting": 447775.8, "northing": 347244.9, "epsg_source": 22391}}, {"type": "Feature", "geometry": {"type": "Point", "coordinates": [9.3041498, 36.4265056]}, "properties": {"record_id": "oai:u-bordeaux-montaigne.fr:340429", "symbol_class": "building", "pixel_x": 4723.8, "pixel_y": 3726.2, "easting": 446535.1, "northing": 347305.0, "epsg_source": 22391}}, {"type": "Feature", "geometry": {"type": "Point", "coordinates": [9.3172563, 36.4256727]}, "properties": {"record_id": "oai:u-bordeaux-montaigne.fr:340429", "symbol_class": "building", "pixel_x": 4997.6, "pixel_y": 3729.5, "easting": 447709.5, "northing": 347205.5, "epsg_source": 22391}}, {"type": "Feature", "geometry": {"type": "Point", "coordinates": [9.1537028, 36.4343275]}, "properties": {"record_id": "oai:u-bordeaux-montaigne.fr:340429", "symbol_class": "building", "pixel_x": 1584.3, "pixel_y": 3731.5, "easting": 433055.3, "northing": 348265.5, "epsg_source": 22391}}, {"type": "Feature", "geometry": {"type": "Point", "coordinates": [9.317241, 36.4250619]}, "properties": {"record_id": "oai:u-bordeaux-montaigne.fr:340429", "symbol_class": "building", "pixel_x": 4998.3, "pixel_y": 3745.6, "easting": 447707.7, "northing": 347137.8, "epsg_source": 22391}}, {"type": "Feature", "geometry": {"type": "Point", "coordinates": [9.3277167, 36.4244891]}, "properties": {"record_id": "oai:u-bordeaux-montaigne.fr:340429", "symbol_class": "building", "pixel_x": 5217.0, "pixel_y": 3745.7, "easting": 448646.4, "northing": 347068.6, "epsg_source": 22391}}, {"type": "Feature", "geometry": {"type": "Point", "coordinates": [9.2419977, 36.4288011]}, "properties": {"record_id": "oai:u-bordeaux-montaigne.fr:340429", "symbol_class": "building", "pixel_x": 3428.4, "pixel_y": 3753.5, "easting": 440965.3, "northing": 347595.5, "epsg_source": 22391}}, {"type": "Feature", "geometry": {"type": "Point", "coordinates": [9.26768, 36.4270857]}, "properties": {"record_id": "oai:u-bordeaux-montaigne.fr:340429", "symbol_class": "building", "pixel_x": 3964.9, "pixel_y": 3762.5, "easting": 443266.3, "northing": 347389.9, "epsg_source": 22391}}, {"type": "Feature", "geometry": {"type": "Point", "coordinates": [9.1332672, 36.4337908]}, "properties": {"record_id": "oai:u-bordeaux-montaigne.fr:340429", "symbol_class": "building", "pixel_x": 1160.5, "pixel_y": 3773.7, "easting": 431223.1, "northing": 348220.2, "epsg_source": 22391}}, {"type": "Feature", "geometry": {"type": "Point", "coordinates": [9.1412067, 36.4333309]}, "properties": {"record_id": "oai:u-bordeaux-montaigne.fr:340429", "symbol_class": "building", "pixel_x": 1326.2, "pixel_y": 3774.8, "easting": 431934.3, "northing": 348163.6, "epsg_source": 22391}}, {"type": "Feature", "geometry": {"type": "Point", "coordinates": [9.4772901, 36.4152007]}, "properties": {"record_id": "oai:u-bordeaux-montaigne.fr:340429", "symbol_class": "building", "pixel_x": 8341.3, "pixel_y": 3774.5, "easting": 462050.7, "northing": 345969.9, "epsg_source": 22391}}, {"type": "Feature", "geometry": {"type": "Point", "coordinates": [9.1692325, 36.4315954]}, "properties": {"record_id": "oai:u-bordeaux-montaigne.fr:340429", "symbol_class": "building", "pixel_x": 1911.5, "pixel_y": 3781.6, "easting": 434445.0, "northing": 347951.9, "epsg_source": 22391}}, {"type": "Feature", "geometry": {"type": "Point", "coordinates": [9.2237926, 36.4287039]}, "properties": {"record_id": "oai:u-bordeaux-montaigne.fr:340429", "symbol_class": "building", "pixel_x": 3050.2, "pixel_y": 3781.5, "easting": 439333.4, "northing": 347595.8, "epsg_source": 22391}}, {"type": "Feature", "geometry": {"type": "Point", "coordinates": [9.4055172, 36.4188103]}, "properties": {"record_id": "oai:u-bordeaux-montaigne.fr:340429", "symbol_class": "building", "pixel_x": 6843.5, "pixel_y": 3783.5, "easting": 455617.8, "northing": 346400.6, "epsg_source": 22391}}, {"type": "Feature", "geometry": {"type": "Point", "coordinates": [9.4713906, 36.4151818]}, "properties": {"record_id": "oai:u-bordeaux-montaigne.fr:340429", "symbol_class": "building", "pixel_x": 8218.7, "pixel_y": 3783.5, "easting": 461521.7, "northing": 345970.1, "epsg_source": 22391}}, {"type": "Feature", "geometry": {"type": "Point", "coordinates": [9.4697311, 36.4151655]}, "properties": {"record_id": "oai:u-bordeaux-montaigne.fr:340429", "symbol_class": "building", "pixel_x": 8184.3, "pixel_y": 3786.4, "easting": 461372.9, "northing": 345968.9, "epsg_source": 22391}}, {"type": "Feature", "geometry": {"type": "Point", "coordinates": [9.2213879, 36.4276857]}, "properties": {"record_id": "oai:u-bordeaux-montaigne.fr:340429", "symbol_class": "building", "pixel_x": 3001.9, "pixel_y": 3811.6, "easting": 439117.0, "northing": 347484.4, "epsg_source": 22391}}, {"type": "Feature", "geometry": {"type": "Point", "coordinates": [9.1851419, 36.4295503]}, "properties": {"record_id": "oai:u-bordeaux-montaigne.fr:340429", "symbol_class": "building", "pixel_x": 2245.5, "pixel_y": 3813.2, "easting": 435869.4, "northing": 347714.5, "epsg_source": 22391}}, {"type": "Feature", "geometry": {"type": "Point", "coordinates": [9.4536569, 36.415134]}, "properties": {"record_id": "oai:u-bordeaux-montaigne.fr:340429", "symbol_class": "building", "pixel_x": 7850.3, "pixel_y": 3810.5, "easting": 459931.8, "northing": 345971.9, "epsg_source": 22391}}, {"type": "Feature", "geometry": {"type": "Point", "coordinates": [9.3596715, 36.4196845]}, "properties": {"record_id": "oai:u-bordeaux-montaigne.fr:340429", "symbol_class": "building", "pixel_x": 5889.2, "pixel_y": 3826.2, "easting": 451508.1, "northing": 346519.3, "epsg_source": 22391}}, {"type": "Feature", "geometry": {"type": "Point", "coordinates": [9.4635371, 36.4138626]}, "properties": {"record_id": "oai:u-bordeaux-montaigne.fr:340429", "symbol_class": "building", "pixel_x": 8057.8, "pixel_y": 3829.5, "easting": 460817.0, "northing": 345826.9, "epsg_source": 22391}}, {"type": "Feature", "geometry": {"type": "Point", "coordinates": [9.4640956, 36.4137881]}, "properties": {"record_id": "oai:u-bordeaux-montaigne.fr:340429", "symbol_class": "building", "pixel_x": 8069.5, "pixel_y": 3830.6, "easting": 460867.0, "northing": 345818.4, "epsg_source": 22391}}, {"type": "Feature", "geometry": {"type": "Point", "coordinates": [9.420677, 36.4159671]}, "properties": {"record_id": "oai:u-bordeaux-montaigne.fr:340429", "symbol_class": "building", "pixel_x": 7163.4, "pixel_y": 3836.2, "easting": 456975.3, "northing": 346078.4, "epsg_source": 22391}}, {"type": "Feature", "geometry": {"type": "Point", "coordinates": [9.2634666, 36.4242967]}, "properties": {"record_id": "oai:u-bordeaux-montaigne.fr:340429", "symbol_class": "building", "pixel_x": 3882.0, "pixel_y": 3841.5, "easting": 442886.6, "northing": 347083.0, "epsg_source": 22391}}, {"type": "Feature", "geometry": {"type": "Point", "coordinates": [9.2217798, 36.4263983]}, "properties": {"record_id": "oai:u-bordeaux-montaigne.fr:340429", "symbol_class": "building", "pixel_x": 3012.1, "pixel_y": 3844.8, "easting": 439151.1, "northing": 347341.4, "epsg_source": 22391}}, {"type": "Feature", "geometry": {"type": "Point", "coordinates": [9.2662332, 36.4241083]}, "properties": {"record_id": "oai:u-bordeaux-montaigne.fr:340429", "symbol_class": "building", "pixel_x": 3939.8, "pixel_y": 3842.6, "easting": 443134.4, "northing": 347060.5, "epsg_source": 22391}}, {"type": "Feature", "geometry": {"type": "Point", "coordinates": [9.4637944, 36.4130126]}, "properties": {"record_id": "oai:u-bordeaux-montaigne.fr:340429", "symbol_class": "building", "pixel_x": 8064.6, "pixel_y": 3851.4, "easting": 460839.6, "northing": 345732.5, "epsg_source": 22391}}, {"type": "Feature", "geometry": {"type": "Point", "coordinates": [9.2195182, 36.4258057]}, "properties": {"record_id": "oai:u-bordeaux-montaigne.fr:340429", "symbol_class": "building", "pixel_x": 2966.1, "pixel_y": 3863.5, "easting": 438948.0, "northing": 347277.0, "epsg_source": 22391}}, {"type": "Feature", "geometry": {"type": "Point", "coordinates": [9.218823, 36.4258109]}, "properties": {"record_id": "oai:u-bordeaux-montaigne.fr:340429", "symbol_class": "building", "pixel_x": 2951.7, "pixel_y": 3864.3, "easting": 438885.6, "northing": 347278.0, "epsg_source": 22391}}, {"type": "Feature", "geometry": {"type": "Point", "coordinates": [9.1622696, 36.4286359]}, "properties": {"record_id": "oai:u-bordeaux-montaigne.fr:340429", "symbol_class": "building", "pixel_x": 1771.6, "pixel_y": 3868.8, "easting": 433818.4, "northing": 347628.3, "epsg_source": 22391}}, {"type": "Feature", "geometry": {"type": "Point", "coordinates": [9.3301765, 36.4193021]}, "properties": {"record_id": "oai:u-bordeaux-montaigne.fr:340429", "symbol_class": "building", "pixel_x": 5276.8, "pixel_y": 3878.2, "easting": 448863.6, "northing": 346492.0, "epsg_source": 22391}}, {"type": "Feature", "geometry": {"type": "Point", "coordinates": [9.2011162, 36.4263502]}, "properties": {"record_id": "oai:u-bordeaux-montaigne.fr:340429", "symbol_class": "building", "pixel_x": 2582.8, "pixel_y": 3874.9, "easting": 437298.8, "northing": 347349.1, "epsg_source": 22391}}, {"type": "Feature", "geometry": {"type": "Point", "coordinates": [9.3298115, 36.41918]}, "properties": {"record_id": "oai:u-bordeaux-montaigne.fr:340429", "symbol_class": "building", "pixel_x": 5269.5, "pixel_y": 3881.9, "easting": 448830.8, "northing": 346478.6, "epsg_source": 22391}}, {"type": "Feature", "geometry": {"type": "Point", "coordinates": [9.3291298, 36.4192495]}, "properties": {"record_id": "oai:u-bordeaux-montaigne.fr:340429", "symbol_class": "building", "pixel_x": 5255.2, "pixel_y": 3881.1, "easting": 448769.7, "northing": 346486.7, "epsg_source": 22391}}, {"type": "Feature", "geometry": {"type": "Point", "coordinates": [9.330484, 36.4191028]}, "properties": {"record_id": "oai:u-bordeaux-montaigne.fr:340429", "symbol_class": "building", "pixel_x": 5283.6, "pixel_y": 3883.0, "easting": 448891.0, "northing": 346469.7, "epsg_source": 22391}}, {"type": "Feature", "geometry": {"type": "Point", "coordinates": [9.4464236, 36.4125468]}, "properties": {"record_id": "oai:u-bordeaux-montaigne.fr:340429", "symbol_class": "building", "pixel_x": 7704.4, "pixel_y": 3888.8, "easting": 459281.9, "northing": 345687.9, "epsg_source": 22391}}, {"type": "Feature", "geometry": {"type": "Point", "coordinates": [9.3294035, 36.4189246]}, "properties": {"record_id": "oai:u-bordeaux-montaigne.fr:340429", "symbol_class": "building", "pixel_x": 5261.4, "pixel_y": 3889.2, "easting": 448794.0, "northing": 346450.5, "epsg_source": 22391}}, {"type": "Feature", "geometry": {"type": "Point", "coordinates": [9.1444975, 36.4281646]}, "properties": {"record_id": "oai:u-bordeaux-montaigne.fr:340429", "symbol_class": "building", "pixel_x": 1403.0, "pixel_y": 3905.8, "easting": 432224.9, "northing": 347588.2, "epsg_source": 22391}}, {"type": "Feature", "geometry": {"type": "Point", "coordinates": [9.1999986, 36.424914]}, "properties": {"record_id": "oai:u-bordeaux-montaigne.fr:340429", "symbol_class": "building", "pixel_x": 2561.9, "pixel_y": 3914.1, "easting": 437197.4, "northing": 347190.5, "epsg_source": 22391}}, {"type": "Feature", "geometry": {"type": "Point", "coordinates": [9.1544348, 36.4270901]}, "properties": {"record_id": "oai:u-bordeaux-montaigne.fr:340429", "symbol_class": "building", "pixel_x": 1611.3, "pixel_y": 3920.2, "easting": 433114.7, "northing": 347462.2, "epsg_source": 22391}}, {"type": "Feature", "geometry": {"type": "Point", "coordinates": [9.3594656, 36.4157243]}, "properties": {"record_id": "oai:u-bordeaux-montaigne.fr:340429", "symbol_class": "building", "pixel_x": 5891.6, "pixel_y": 3930.3, "easting": 451487.2, "northing": 346080.2, "epsg_source": 22391}}, {"type": "Feature", "geometry": {"type": "Point", "coordinates": [9.2242081, 36.422702]}, "properties": {"record_id": "oai:u-bordeaux-montaigne.fr:340429", "symbol_class": "building", "pixel_x": 3068.7, "pixel_y": 3938.3, "easting": 439366.0, "northing": 346929.8, "epsg_source": 22391}}, {"type": "Feature", "geometry": {"type": "Point", "coordinates": [9.3590447, 36.4154942]}, "properties": {"record_id": "oai:u-bordeaux-montaigne.fr:340429", "symbol_class": "building", "pixel_x": 5883.3, "pixel_y": 3937.0, "easting": 451449.3, "northing": 346054.8, "epsg_source": 22391}}, {"type": "Feature", "geometry": {"type": "Point", "coordinates": [9.2207913, 36.4228019]}, "properties": {"record_id": "oai:u-bordeaux-montaigne.fr:340429", "symbol_class": "building", "pixel_x": 2997.6, "pixel_y": 3940.5, "easting": 439059.8, "northing": 346943.0, "epsg_source": 22391}}, {"type": "Feature", "geometry": {"type": "Point", "coordinates": [9.2168257, 36.4228052]}, "properties": {"record_id": "oai:u-bordeaux-montaigne.fr:340429", "symbol_class": "building", "pixel_x": 2915.1, "pixel_y": 3945.9, "easting": 438704.2, "northing": 346945.9, "epsg_source": 22391}}, {"type": "Feature", "geometry": {"type": "Point", "coordinates": [9.2170615, 36.422275]}, "properties": {"record_id": "oai:u-bordeaux-montaigne.fr:340429", "symbol_class": "building", "pixel_x": 2920.9, "pixel_y": 3959.5, "easting": 438725.0, "northing": 346886.9, "epsg_source": 22391}}, {"type": "Feature", "geometry": {"type": "Point", "coordinates": [9.188341, 36.4236395]}, "properties": {"record_id": "oai:u-bordeaux-montaigne.fr:340429", "symbol_class": "building", "pixel_x": 2321.7, "pixel_y": 3963.7, "easting": 436151.4, "northing": 347056.7, "epsg_source": 22391}}, {"type": "Feature", "geometry": {"type": "Point", "coordinates": [9.2156241, 36.4220911]}, "properties": {"record_id": "oai:u-bordeaux-montaigne.fr:340429", "symbol_class": "building", "pixel_x": 2891.3, "pixel_y": 3966.3, "easting": 438596.0, "northing": 346867.4, "epsg_source": 22391}}, {"type": "Feature", "geometry": {"type": "Point", "coordinates": [9.2202252, 36.4217633]}, "properties": {"record_id": "oai:u-bordeaux-montaigne.fr:340429", "symbol_class": "building", "pixel_x": 2987.5, "pixel_y": 3968.5, "easting": 439008.2, "northing": 346828.2, "epsg_source": 22391}}, {"type": "Feature", "geometry": {"type": "Point", "coordinates": [9.217692, 36.4213993]}, "properties": {"record_id": "oai:u-bordeaux-montaigne.fr:340429", "symbol_class": "building", "pixel_x": 2935.5, "pixel_y": 3981.6, "easting": 438780.8, "northing": 346789.4, "epsg_source": 22391}}, {"type": "Feature", "geometry": {"type": "Point", "coordinates": [9.2194928, 36.4211071]}, "properties": {"record_id": "oai:u-bordeaux-montaigne.fr:340429", "symbol_class": "building", "pixel_x": 2973.4, "pixel_y": 3986.7, "easting": 438942.0, "northing": 346755.8, "epsg_source": 22391}}, {"type": "Feature", "geometry": {"type": "Point", "coordinates": [9.2701967, 36.4182339]}, "properties": {"record_id": "oai:u-bordeaux-montaigne.fr:340429", "symbol_class": "building", "pixel_x": 4032.0, "pixel_y": 3991.0, "easting": 443485.5, "northing": 346406.6, "epsg_source": 22391}}, {"type": "Feature", "geometry": {"type": "Point", "coordinates": [9.2194115, 36.4205821]}, "properties": {"record_id": "oai:u-bordeaux-montaigne.fr:340429", "symbol_class": "building", "pixel_x": 2972.5, "pixel_y": 4000.6, "easting": 438934.3, "northing": 346697.7, "epsg_source": 22391}}, {"type": "Feature", "geometry": {"type": "Point", "coordinates": [9.4118092, 36.4098923]}, "properties": {"record_id": "oai:u-bordeaux-montaigne.fr:340429", "symbol_class": "building", "pixel_x": 6989.5, "pixel_y": 4008.2, "easting": 456176.9, "northing": 345408.5, "epsg_source": 22391}}, {"type": "Feature", "geometry": {"type": "Point", "coordinates": [9.2194869, 36.4200014]}, "properties": {"record_id": "oai:u-bordeaux-montaigne.fr:340429", "symbol_class": "building", "pixel_x": 2975.1, "pixel_y": 4015.7, "easting": 438940.6, "northing": 346633.2, "epsg_source": 22391}}, {"type": "Feature", "geometry": {"type": "Point", "coordinates": [9.4774234, 36.4061027]}, "properties": {"record_id": "oai:u-bordeaux-montaigne.fr:340429", "symbol_class": "building", "pixel_x": 8359.7, "pixel_y": 4012.8, "easting": 462058.3, "northing": 344960.6, "epsg_source": 22391}}, {"type": "Feature", "geometry": {"type": "Point", "coordinates": [9.4013198, 36.4102458]}, "properties": {"record_id": "oai:u-bordeaux-montaigne.fr:340429", "symbol_class": "building", "pixel_x": 6770.8, "pixel_y": 4014.1, "easting": 455236.6, "northing": 345452.4, "epsg_source": 22391}}, {"type": "Feature", "geometry": {"type": "Point", "coordinates": [9.4735958, 36.4060746]}, "properties": {"record_id": "oai:u-bordeaux-montaigne.fr:340429", "symbol_class": "building", "pixel_x": 8280.2, "pixel_y": 4019.1, "easting": 461715.0, "northing": 344959.0, "epsg_source": 22391}}, {"type": "Feature", "geometry": {"type": "Point", "coordinates": [9.2739267, 36.4167903]}, "properties": {"record_id": "oai:u-bordeaux-montaigne.fr:340429", "symbol_class": "building", "pixel_x": 4111.9, "pixel_y": 4023.6, "easting": 443818.9, "northing": 346244.3, "epsg_source": 22391}}, {"type": "Feature", "geometry": {"type": "Point", "coordinates": [9.4183235, 36.4089964]}, "properties": {"record_id": "oai:u-bordeaux-montaigne.fr:340429", "symbol_class": "building", "pixel_x": 7126.4, "pixel_y": 4022.4, "easting": 456760.5, "northing": 345306.2, "epsg_source": 22391}}, {"type": "Feature", "geometry": {"type": "Point", "coordinates": [9.1341448, 36.4240415]}, "properties": {"record_id": "oai:u-bordeaux-montaigne.fr:340429", "symbol_class": "building", "pixel_x": 1194.6, "pixel_y": 4028.1, "easting": 431293.2, "northing": 347138.1, "epsg_source": 22391}}, {"type": "Feature", "geometry": {"type": "Point", "coordinates": [9.4664623, 36.4060524]}, "properties": {"record_id": "oai:u-bordeaux-montaigne.fr:340429", "symbol_class": "building", "pixel_x": 8132.0, "pixel_y": 4030.0, "easting": 461075.4, "northing": 344959.3, "epsg_source": 22391}}, {"type": "Feature", "geometry": {"type": "Point", "coordinates": [9.4660536, 36.4060559]}, "properties": {"record_id": "oai:u-bordeaux-montaigne.fr:340429", "symbol_class": "building", "pixel_x": 8123.5, "pixel_y": 4030.5, "easting": 461038.7, "northing": 344959.9, "epsg_source": 22391}}, {"type": "Feature", "geometry": {"type": "Point", "coordinates": [9.1990307, 36.4203008]}, "properties": {"record_id": "oai:u-bordeaux-montaigne.fr:340429", "symbol_class": "building", "pixel_x": 2549.4, "pixel_y": 4036.4, "easting": 437107.0, "northing": 346679.4, "epsg_source": 22391}}, {"type": "Feature", "geometry": {"type": "Point", "coordinates": [9.4191606, 36.4083439]}, "properties": {"record_id": "oai:u-bordeaux-montaigne.fr:340429", "symbol_class": "building", "pixel_x": 7144.9, "pixel_y": 4038.3, "easting": 456835.2, "northing": 345233.4, "epsg_source": 22391}}, {"type": "Feature", "geometry": {"type": "Point", "coordinates": [9.4198251, 36.4082651]}, "properties": {"record_id": "oai:u-bordeaux-montaigne.fr:340429", "symbol_class": "building", "pixel_x": 7158.8, "pixel_y": 4039.4, "easting": 456894.7, "northing": 345224.4, "epsg_source": 22391}}, {"type": "Feature", "geometry": {"type": "Point", "coordinates": [9.1994031, 36.4200758]}, "properties": {"record_id": "oai:u-bordeaux-montaigne.fr:340429", "symbol_class": "building", "pixel_x": 2557.5, "pixel_y": 4041.8, "easting": 437140.2, "northing": 346654.2, "epsg_source": 22391}}, {"type": "Feature", "geometry": {"type": "Point", "coordinates": [9.3461365, 36.4120897]}, "properties": {"record_id": "oai:u-bordeaux-montaigne.fr:340429", "symbol_class": "building", "pixel_x": 5620.7, "pixel_y": 4044.6, "easting": 450289.9, "northing": 345683.7, "epsg_source": 22391}}, {"type": "Feature", "geometry": {"type": "Point", "coordinates": [9.4552354, 36.4060402]}, "properties": {"record_id": "oai:u-bordeaux-montaigne.fr:340429", "symbol_class": "building", "pixel_x": 7898.7, "pixel_y": 4046.6, "easting": 460068.7, "northing": 344962.5, "epsg_source": 22391}}, {"type": "Feature", "geometry": {"type": "Point", "coordinates": [9.133366, 36.4231993]}, "properties": {"record_id": "oai:u-bordeaux-montaigne.fr:340429", "symbol_class": "building", "pixel_x": 1179.8, "pixel_y": 4051.3, "easting": 431222.7, "northing": 347045.2, "epsg_source": 22391}}, {"type": "Feature", "geometry": {"type": "Point", "coordinates": [9.2060296, 36.4187521]}, "properties": {"record_id": "oai:u-bordeaux-montaigne.fr:340429", "symbol_class": "building", "pixel_x": 2697.4, "pixel_y": 4067.2, "easting": 437733.2, "northing": 346503.1, "epsg_source": 22391}}, {"type": "Feature", "geometry": {"type": "Point", "coordinates": [9.2062608, 36.4185841]}, "properties": {"record_id": "oai:u-bordeaux-montaigne.fr:340429", "symbol_class": "building", "pixel_x": 2702.5, "pixel_y": 4071.3, "easting": 437753.8, "northing": 346484.3, "epsg_source": 22391}}, {"type": "Feature", "geometry": {"type": "Point", "coordinates": [9.1737949, 36.4189434]}, "properties": {"record_id": "oai:u-bordeaux-montaigne.fr:340429", "symbol_class": "building", "pixel_x": 2027.1, "pixel_y": 4107.0, "easting": 434843.5, "northing": 346545.4, "epsg_source": 22391}}, {"type": "Feature", "geometry": {"type": "Point", "coordinates": [9.1734643, 36.4188974]}, "properties": {"record_id": "oai:u-bordeaux-montaigne.fr:340429", "symbol_class": "building", "pixel_x": 2020.3, "pixel_y": 4108.7, "easting": 434813.8, "northing": 346540.5, "epsg_source": 22391}}, {"type": "Feature", "geometry": {"type": "Point", "coordinates": [9.4668659, 36.4016042]}, "properties": {"record_id": "oai:u-bordeaux-montaigne.fr:340429", "symbol_class": "building", "pixel_x": 8148.0, "pixel_y": 4146.0, "easting": 461109.4, "northing": 344465.8, "epsg_source": 22391}}, {"type": "Feature", "geometry": {"type": "Point", "coordinates": [9.2735251, 36.4121448]}, "properties": {"record_id": "oai:u-bordeaux-montaigne.fr:340429", "symbol_class": "building", "pixel_x": 4111.3, "pixel_y": 4146.0, "easting": 443779.6, "northing": 345729.2, "epsg_source": 22391}}, {"type": "Feature", "geometry": {"type": "Point", "coordinates": [9.4541387, 36.4016646]}, "properties": {"record_id": "oai:u-bordeaux-montaigne.fr:340429", "symbol_class": "building", "pixel_x": 7883.4, "pixel_y": 4162.9, "easting": 459968.1, "northing": 344477.6, "epsg_source": 22391}}, {"type": "Feature", "geometry": {"type": "Point", "coordinates": [9.1826905, 36.4161187]}, "properties": {"record_id": "oai:u-bordeaux-montaigne.fr:340429", "symbol_class": "building", "pixel_x": 2216.6, "pixel_y": 4168.8, "easting": 435638.7, "northing": 346226.2, "epsg_source": 22391}}, {"type": "Feature", "geometry": {"type": "Point", "coordinates": [9.4700333, 36.4003108]}, "properties": {"record_id": "oai:u-bordeaux-montaigne.fr:340429", "symbol_class": "building", "pixel_x": 8216.1, "pixel_y": 4175.3, "easting": 461392.8, "northing": 344321.0, "epsg_source": 22391}}, {"type": "Feature", "geometry": {"type": "Point", "coordinates": [9.3545345, 36.4064787]}, "properties": {"record_id": "oai:u-bordeaux-montaigne.fr:340429", "symbol_class": "building", "pixel_x": 5804.7, "pixel_y": 4179.7, "easting": 451039.4, "northing": 345057.0, "epsg_source": 22391}}, {"type": "Feature", "geometry": {"type": "Point", "coordinates": [9.471315, 36.4000545]}, "properties": {"record_id": "oai:u-bordeaux-montaigne.fr:340429", "symbol_class": "building", "pixel_x": 8243.2, "pixel_y": 4180.2, "easting": 461507.6, "northing": 344292.1, "epsg_source": 22391}}, {"type": "Feature", "geometry": {"type": "Point", "coordinates": [9.3523538, 36.4062849]}, "properties": {"record_id": "oai:u-bordeaux-montaigne.fr:340429", "symbol_class": "building", "pixel_x": 5759.7, "pixel_y": 4187.9, "easting": 450843.7, "northing": 345036.6, "epsg_source": 22391}}, {"type": "Feature", "geometry": {"type": "Point", "coordinates": [9.4523735, 36.4005733]}, "properties": {"record_id": "oai:u-bordeaux-montaigne.fr:340429", "symbol_class": "building", "pixel_x": 7848.6, "pixel_y": 4194.0, "easting": 459809.3, "northing": 344357.3, "epsg_source": 22391}}, {"type": "Feature", "geometry": {"type": "Point", "coordinates": [9.4452648, 36.4004313]}, "properties": {"record_id": "oai:u-bordeaux-montaigne.fr:340429", "symbol_class": "building", "pixel_x": 7701.0, "pixel_y": 4208.0, "easting": 459171.7, "northing": 344344.5, "epsg_source": 22391}}, {"type": "Feature", "geometry": {"type": "Point", "coordinates": [9.1852735, 36.4145145]}, "properties": {"record_id": "oai:u-bordeaux-montaigne.fr:340429", "symbol_class": "building", "pixel_x": 2273.0, "pixel_y": 4207.2, "easting": 435868.9, "northing": 346046.5, "epsg_source": 22391}}, {"type": "Feature", "geometry": {"type": "Point", "coordinates": [9.1849258, 36.4144789]}, "properties": {"record_id": "oai:u-bordeaux-montaigne.fr:340429", "symbol_class": "building", "pixel_x": 2265.8, "pixel_y": 4208.6, "easting": 435837.7, "northing": 346042.8, "epsg_source": 22391}}, {"type": "Feature", "geometry": {"type": "Point", "coordinates": [9.4684952, 36.3989273]}, "properties": {"record_id": "oai:u-bordeaux-montaigne.fr:340429", "symbol_class": "building", "pixel_x": 8186.5, "pixel_y": 4213.8, "easting": 461254.2, "northing": 344168.2, "epsg_source": 22391}}, {"type": "Feature", "geometry": {"type": "Point", "coordinates": [9.4682847, 36.3987205]}, "properties": {"record_id": "oai:u-bordeaux-montaigne.fr:340429", "symbol_class": "building", "pixel_x": 8182.5, "pixel_y": 4219.6, "easting": 461235.2, "northing": 344145.3, "epsg_source": 22391}}, {"type": "Feature", "geometry": {"type": "Point", "coordinates": [9.1863755, 36.4137493]}, "properties": {"record_id": "oai:u-bordeaux-montaigne.fr:340429", "symbol_class": "building", "pixel_x": 2297.1, "pixel_y": 4225.8, "easting": 435967.1, "northing": 345960.9, "epsg_source": 22391}}, {"type": "Feature", "geometry": {"type": "Point", "coordinates": [9.1857435, 36.413702]}, "properties": {"record_id": "oai:u-bordeaux-montaigne.fr:340429", "symbol_class": "building", "pixel_x": 2284.1, "pixel_y": 4227.9, "easting": 435910.4, "northing": 345956.1, "epsg_source": 22391}}, {"type": "Feature", "geometry": {"type": "Point", "coordinates": [9.4661374, 36.3985911]}, "properties": {"record_id": "oai:u-bordeaux-montaigne.fr:340429", "symbol_class": "building", "pixel_x": 8138.1, "pixel_y": 4226.1, "easting": 461042.6, "northing": 344131.8, "epsg_source": 22391}}, {"type": "Feature", "geometry": {"type": "Point", "coordinates": [9.2737948, 36.4086644]}, "properties": {"record_id": "oai:u-bordeaux-montaigne.fr:340429", "symbol_class": "building", "pixel_x": 4122.7, "pixel_y": 4236.8, "easting": 443801.3, "northing": 345343.0, "epsg_source": 22391}}, {"type": "Feature", "geometry": {"type": "Point", "coordinates": [9.4552258, 36.3984257]}, "properties": {"record_id": "oai:u-bordeaux-montaigne.fr:340429", "symbol_class": "building", "pixel_x": 7911.5, "pixel_y": 4246.2, "easting": 460064.0, "northing": 344117.9, "epsg_source": 22391}}, {"type": "Feature", "geometry": {"type": "Point", "coordinates": [9.1547162, 36.4145878]}, "properties": {"record_id": "oai:u-bordeaux-montaigne.fr:340429", "symbol_class": "building", "pixel_x": 1637.6, "pixel_y": 4247.6, "easting": 433129.4, "northing": 346075.2, "epsg_source": 22391}}, {"type": "Feature", "geometry": {"type": "Point", "coordinates": [9.2732896, 36.4081754]}, "properties": {"record_id": "oai:u-bordeaux-montaigne.fr:340429", "symbol_class": "building", "pixel_x": 4113.1, "pixel_y": 4250.4, "easting": 443755.7, "northing": 345289.0, "epsg_source": 22391}}, {"type": "Feature", "geometry": {"type": "Point", "coordinates": [9.2370005, 36.4101236]}, "properties": {"record_id": "oai:u-bordeaux-montaigne.fr:340429", "symbol_class": "building", "pixel_x": 3355.5, "pixel_y": 4250.2, "easting": 440503.3, "northing": 345526.7, "epsg_source": 22391}}, {"type": "Feature", "geometry": {"type": "Point", "coordinates": [9.4549195, 36.3980113]}, "properties": {"record_id": "oai:u-bordeaux-montaigne.fr:340429", "symbol_class": "building", "pixel_x": 7905.9, "pixel_y": 4257.5, "easting": 460036.3, "northing": 344072.0, "epsg_source": 22391}}, {"type": "Feature", "geometry": {"type": "Point", "coordinates": [9.455352, 36.3979308]}, "properties": {"record_id": "oai:u-bordeaux-montaigne.fr:340429", "symbol_class": "building", "pixel_x": 7915.0, "pixel_y": 4259.0, "easting": 460075.0, "northing": 344062.9, "epsg_source": 22391}}, {"type": "Feature", "geometry": {"type": "Point", "coordinates": [9.4481733, 36.3977658]}, "properties": {"record_id": "oai:u-bordeaux-montaigne.fr:340429", "symbol_class": "building", "pixel_x": 7766.1, "pixel_y": 4273.7, "easting": 459431.2, "northing": 344047.6, "epsg_source": 22391}}, {"type": "Feature", "geometry": {"type": "Point", "coordinates": [9.243387, 36.4085866]}, "properties": {"record_id": "oai:u-bordeaux-montaigne.fr:340429", "symbol_class": "building", "pixel_x": 3490.8, "pixel_y": 4281.6, "easting": 441074.8, "northing": 345352.3, "epsg_source": 22391}}, {"type": "Feature", "geometry": {"type": "Point", "coordinates": [9.2135674, 36.4102522]}, "properties": {"record_id": "oai:u-bordeaux-montaigne.fr:340429", "symbol_class": "building", "pixel_x": 2868.1, "pixel_y": 4279.6, "easting": 438402.3, "northing": 345555.5, "epsg_source": 22391}}, {"type": "Feature", "geometry": {"type": "Point", "coordinates": [9.2512272, 36.4066484]}, "properties": {"record_id": "oai:u-bordeaux-montaigne.fr:340429", "symbol_class": "building", "pixel_x": 3657.0, "pixel_y": 4321.4, "easting": 441776.3, "northing": 345132.6, "epsg_source": 22391}}, {"type": "Feature", "geometry": {"type": "Point", "coordinates": [9.2258415, 36.407376]}, "properties": {"record_id": "oai:u-bordeaux-montaigne.fr:340429", "symbol_class": "building", "pixel_x": 3128.0, "pixel_y": 4337.9, "easting": 439500.7, "northing": 345228.7, "epsg_source": 22391}}, {"type": "Feature", "geometry": {"type": "Point", "coordinates": [9.3683945, 36.3995924]}, "properties": {"record_id": "oai:u-bordeaux-montaigne.fr:340429", "symbol_class": "building", "pixel_x": 6104.5, "pixel_y": 4340.5, "easting": 452278.0, "northing": 344286.3, "epsg_source": 22391}}, {"type": "Feature", "geometry": {"type": "Point", "coordinates": [9.2261182, 36.4071781]}, "properties": {"record_id": "oai:u-bordeaux-montaigne.fr:340429", "symbol_class": "building", "pixel_x": 3134.1, "pixel_y": 4342.7, "easting": 439525.3, "northing": 345206.6, "epsg_source": 22391}}, {"type": "Feature", "geometry": {"type": "Point", "coordinates": [9.2251621, 36.4071184]}, "properties": {"record_id": "oai:u-bordeaux-montaigne.fr:340429", "symbol_class": "building", "pixel_x": 3114.3, "pixel_y": 4345.6, "easting": 439439.5, "northing": 345200.6, "epsg_source": 22391}}, {"type": "Feature", "geometry": {"type": "Point", "coordinates": [9.2576604, 36.4050124]}, "properties": {"record_id": "oai:u-bordeaux-montaigne.fr:340429", "symbol_class": "building", "pixel_x": 3793.4, "pixel_y": 4355.3, "easting": 442352.0, "northing": 344947.3, "epsg_source": 22391}}, {"type": "Feature", "geometry": {"type": "Point", "coordinates": [9.2583537, 36.4049775]}, "properties": {"record_id": "oai:u-bordeaux-montaigne.fr:340429", "symbol_class": "building", "pixel_x": 3807.9, "pixel_y": 4355.2, "easting": 442414.1, "northing": 344943.0, "epsg_source": 22391}}, {"type": "Feature", "geometry": {"type": "Point", "coordinates": [9.1271175, 36.4117522]}, "properties": {"record_id": "oai:u-bordeaux-montaigne.fr:340429", "symbol_class": "building", "pixel_x": 1068.5, "pixel_y": 4360.0, "easting": 430652.5, "northing": 345779.9, "epsg_source": 22391}}, {"type": "Feature", "geometry": {"type": "Point", "coordinates": [9.1899845, 36.4082574]}, "properties": {"record_id": "oai:u-bordeaux-montaigne.fr:340429", "symbol_class": "building", "pixel_x": 2381.2, "pixel_y": 4364.7, "easting": 436286.3, "northing": 345349.4, "epsg_source": 22391}}, {"type": "Feature", "geometry": {"type": "Point", "coordinates": [9.1329543, 36.410761]}, "properties": {"record_id": "oai:u-bordeaux-montaigne.fr:340429", "symbol_class": "building", "pixel_x": 1191.5, "pixel_y": 4378.0, "easting": 431174.9, "northing": 345665.8, "epsg_source": 22391}}, {"type": "Feature", "geometry": {"type": "Point", "coordinates": [9.2681405, 36.4032848]}, "properties": {"record_id": "oai:u-bordeaux-montaigne.fr:340429", "symbol_class": "building", "pixel_x": 4014.2, "pixel_y": 4385.8, "easting": 443290.5, "northing": 344749.5, "epsg_source": 22391}}, {"type": "Feature", "geometry": {"type": "Point", "coordinates": [9.2706599, 36.4030405]}, "properties": {"record_id": "oai:u-bordeaux-montaigne.fr:340429", "symbol_class": "building", "pixel_x": 4066.9, "pixel_y": 4388.7, "easting": 443516.2, "northing": 344721.0, "epsg_source": 22391}}, {"type": "Feature", "geometry": {"type": "Point", "coordinates": [9.1923592, 36.4062094]}, "properties": {"record_id": "oai:u-bordeaux-montaigne.fr:340429", "symbol_class": "building", "pixel_x": 2433.9, "pixel_y": 4415.1, "easting": 436497.5, "northing": 345120.6, "epsg_source": 22391}}, {"type": "Feature", "geometry": {"type": "Point", "coordinates": [9.1933225, 36.4058476]}, "properties": {"record_id": "oai:u-bordeaux-montaigne.fr:340429", "symbol_class": "building", "pixel_x": 2454.5, "pixel_y": 4423.3, "easting": 436583.6, "northing": 345079.9, "epsg_source": 22391}}, {"type": "Feature", "geometry": {"type": "Point", "coordinates": [9.2159868, 36.4043933]}, "properties": {"record_id": "oai:u-bordeaux-montaigne.fr:340429", "symbol_class": "building", "pixel_x": 2928.1, "pixel_y": 4429.8, "easting": 438614.7, "northing": 344904.1, "epsg_source": 22391}}, {"type": "Feature", "geometry": {"type": "Point", "coordinates": [9.2155114, 36.4043219]}, "properties": {"record_id": "oai:u-bordeaux-montaigne.fr:340429", "symbol_class": "building", "pixel_x": 2918.3, "pixel_y": 4432.4, "easting": 438572.0, "northing": 344896.4, "epsg_source": 22391}}, {"type": "Feature", "geometry": {"type": "Point", "coordinates": [9.2521942, 36.4020185]}, "properties": {"record_id": "oai:u-bordeaux-montaigne.fr:340429", "symbol_class": "building", "pixel_x": 3684.8, "pixel_y": 4441.4, "easting": 441859.6, "northing": 344618.4, "epsg_source": 22391}}, {"type": "Feature", "geometry": {"type": "Point", "coordinates": [9.2527231, 36.4018736]}, "properties": {"record_id": "oai:u-bordeaux-montaigne.fr:340429", "symbol_class": "building", "pixel_x": 3696.0, "pixel_y": 4444.5, "easting": 441906.9, "northing": 344602.1, "epsg_source": 22391}}, {"type": "Feature", "geometry": {"type": "Point", "coordinates": [9.4631854, 36.3903559]}, "properties": {"record_id": "oai:u-bordeaux-montaigne.fr:340429", "symbol_class": "building", "pixel_x": 8090.8, "pixel_y": 4446.2, "easting": 460773.7, "northing": 343219.5, "epsg_source": 22391}}, {"type": "Feature", "geometry": {"type": "Point", "coordinates": [9.4568754, 36.3903884]}, "properties": {"record_id": "oai:u-bordeaux-montaigne.fr:340429", "symbol_class": "building", "pixel_x": 7959.6, "pixel_y": 4454.5, "easting": 460207.8, "northing": 343225.6, "epsg_source": 22391}}, {"type": "Feature", "geometry": {"type": "Point", "coordinates": [9.4565333, 36.3897337]}, "properties": {"record_id": "oai:u-bordeaux-montaigne.fr:340429", "symbol_class": "building", "pixel_x": 7953.6, "pixel_y": 4472.2, "easting": 460176.8, "northing": 343153.2, "epsg_source": 22391}}, {"type": "Feature", "geometry": {"type": "Point", "coordinates": [9.289037, 36.3988858]}, "properties": {"record_id": "oai:u-bordeaux-montaigne.fr:340429", "symbol_class": "building", "pixel_x": 4455.9, "pixel_y": 4471.7, "easting": 445161.2, "northing": 344249.6, "epsg_source": 22391}}, {"type": "Feature", "geometry": {"type": "Point", "coordinates": [9.2871617, 36.3988498]}, "properties": {"record_id": "oai:u-bordeaux-montaigne.fr:340429", "symbol_class": "building", "pixel_x": 4417.0, "pixel_y": 4475.3, "easting": 444993.0, "northing": 344246.7, "epsg_source": 22391}}, {"type": "Feature", "geometry": {"type": "Point", "coordinates": [9.4412254, 36.3905171]}, "properties": {"record_id": "oai:u-bordeaux-montaigne.fr:340429", "symbol_class": "building", "pixel_x": 7634.0, "pixel_y": 4473.8, "easting": 458804.3, "northing": 343246.4, "epsg_source": 22391}}, {"type": "Feature", "geometry": {"type": "Point", "coordinates": [9.2893664, 36.3983565]}, "properties": {"record_id": "oai:u-bordeaux-montaigne.fr:340429", "symbol_class": "building", "pixel_x": 4463.7, "pixel_y": 4485.1, "easting": 445190.3, "northing": 344190.7, "epsg_source": 22391}}, {"type": "Feature", "geometry": {"type": "Point", "coordinates": [9.4577733, 36.3889313]}, "properties": {"record_id": "oai:u-bordeaux-montaigne.fr:340429", "symbol_class": "building", "pixel_x": 7980.8, "pixel_y": 4491.4, "easting": 460287.6, "northing": 343063.6, "epsg_source": 22391}}, {"type": "Feature", "geometry": {"type": "Point", "coordinates": [9.4707907, 36.3881001]}, "properties": {"record_id": "oai:u-bordeaux-montaigne.fr:340429", "symbol_class": "building", "pixel_x": 8252.8, "pixel_y": 4494.3, "easting": 461454.7, "northing": 342966.2, "epsg_source": 22391}}, {"type": "Feature", "geometry": {"type": "Point", "coordinates": [9.3795365, 36.3929181]}, "properties": {"record_id": "oai:u-bordeaux-montaigne.fr:340429", "symbol_class": "building", "pixel_x": 6347.4, "pixel_y": 4499.5, "easting": 453273.2, "northing": 343540.5, "epsg_source": 22391}}, {"type": "Feature", "geometry": {"type": "Point", "coordinates": [9.2635588, 36.3987935]}, "properties": {"record_id": "oai:u-bordeaux-montaigne.fr:340429", "symbol_class": "building", "pixel_x": 3926.4, "pixel_y": 4510.0, "easting": 442876.4, "northing": 344254.0, "epsg_source": 22391}}, {"type": "Feature", "geometry": {"type": "Point", "coordinates": [9.4588214, 36.3880641]}, "properties": {"record_id": "oai:u-bordeaux-montaigne.fr:340429", "symbol_class": "building", "pixel_x": 8004.1, "pixel_y": 4512.6, "easting": 460381.2, "northing": 342967.0, "epsg_source": 22391}}, {"type": "Feature", "geometry": {"type": "Point", "coordinates": [9.2631938, 36.3984235]}, "properties": {"record_id": "oai:u-bordeaux-montaigne.fr:340429", "symbol_class": "building", "pixel_x": 3919.4, "pixel_y": 4520.2, "easting": 442843.4, "northing": 344213.2, "epsg_source": 22391}}, {"type": "Feature", "geometry": {"type": "Point", "coordinates": [9.4482108, 36.3880382]}, "properties": {"record_id": "oai:u-bordeaux-montaigne.fr:340429", "symbol_class": "building", "pixel_x": 7783.5, "pixel_y": 4528.7, "easting": 459429.5, "northing": 342968.5, "epsg_source": 22391}}, {"type": "Feature", "geometry": {"type": "Point", "coordinates": [9.445351, 36.3880141]}, "properties": {"record_id": "oai:u-bordeaux-montaigne.fr:340429", "symbol_class": "building", "pixel_x": 7724.1, "pixel_y": 4533.4, "easting": 459173.0, "northing": 342967.0, "epsg_source": 22391}}, {"type": "Feature", "geometry": {"type": "Point", "coordinates": [9.248429, 36.3985606]}, "properties": {"record_id": "oai:u-bordeaux-montaigne.fr:340429", "symbol_class": "building", "pixel_x": 3612.2, "pixel_y": 4537.4, "easting": 441519.4, "northing": 344237.1, "epsg_source": 22391}}, {"type": "Feature", "geometry": {"type": "Point", "coordinates": [9.2643267, 36.3976612]}, "properties": {"record_id": "oai:u-bordeaux-montaigne.fr:340429", "symbol_class": "building", "pixel_x": 3944.2, "pixel_y": 4538.6, "easting": 442944.4, "northing": 344127.9, "epsg_source": 22391}}, {"type": "Feature", "geometry": {"type": "Point", "coordinates": [9.2410154, 36.3983934]}, "properties": {"record_id": "oai:u-bordeaux-montaigne.fr:340429", "symbol_class": "building", "pixel_x": 3458.4, "pixel_y": 4552.2, "easting": 440854.5, "northing": 344223.0, "epsg_source": 22391}}, {"type": "Feature", "geometry": {"type": "Point", "coordinates": [9.2469862, 36.3982161]}, "properties": {"record_id": "oai:u-bordeaux-montaigne.fr:340429", "symbol_class": "building", "pixel_x": 3582.8, "pixel_y": 4548.4, "easting": 441389.8, "northing": 344199.8, "epsg_source": 22391}}, {"type": "Feature", "geometry": {"type": "Point", "coordinates": [9.4342306, 36.3880005]}, "properties": {"record_id": "oai:u-bordeaux-montaigne.fr:340429", "symbol_class": "building", "pixel_x": 7492.9, "pixel_y": 4549.9, "easting": 458175.7, "northing": 342970.2, "epsg_source": 22391}}, {"type": "Feature", "geometry": {"type": "Point", "coordinates": [9.1881968, 36.4009053]}, "properties": {"record_id": "oai:u-bordeaux-montaigne.fr:340429", "symbol_class": "building", "pixel_x": 2356.1, "pixel_y": 4560.0, "easting": 436120.0, "northing": 344535.0, "epsg_source": 22391}}, {"type": "Feature", "geometry": {"type": "Point", "coordinates": [9.3367937, 36.3926481]}, "properties": {"record_id": "oai:u-bordeaux-montaigne.fr:340429", "symbol_class": "building", "pixel_x": 5459.3, "pixel_y": 4567.6, "easting": 449439.8, "northing": 343531.9, "epsg_source": 22391}}, {"type": "Feature", "geometry": {"type": "Point", "coordinates": [9.1557531, 36.402128]}, "properties": {"record_id": "oai:u-bordeaux-montaigne.fr:340429", "symbol_class": "building", "pixel_x": 1679.6, "pixel_y": 4572.9, "easting": 433211.8, "northing": 344692.3, "epsg_source": 22391}}, {"type": "Feature", "geometry": {"type": "Point", "coordinates": [9.1648788, 36.4014228]}, "properties": {"record_id": "oai:u-bordeaux-montaigne.fr:340429", "symbol_class": "building", "pixel_x": 1870.5, "pixel_y": 4578.8, "easting": 434029.5, "northing": 344607.9, "epsg_source": 22391}}, {"type": "Feature", "geometry": {"type": "Point", "coordinates": [9.4130219, 36.3879247]}, "properties": {"record_id": "oai:u-bordeaux-montaigne.fr:340429", "symbol_class": "building", "pixel_x": 7052.1, "pixel_y": 4582.4, "easting": 456273.5, "northing": 342971.1, "epsg_source": 22391}}, {"type": "Feature", "geometry": {"type": "Point", "coordinates": [9.4452516, 36.3852493]}, "properties": {"record_id": "oai:u-bordeaux-montaigne.fr:340429", "symbol_class": "building", "pixel_x": 7726.8, "pixel_y": 4606.1, "easting": 459162.7, "northing": 342660.4, "epsg_source": 22391}}, {"type": "Feature", "geometry": {"type": "Point", "coordinates": [9.457572, 36.3842318]}, "properties": {"record_id": "oai:u-bordeaux-montaigne.fr:340429", "symbol_class": "building", "pixel_x": 7984.7, "pixel_y": 4614.9, "easting": 460267.2, "northing": 342542.4, "epsg_source": 22391}}, {"type": "Feature", "geometry": {"type": "Point", "coordinates": [9.2244356, 36.3965076]}, "properties": {"record_id": "oai:u-bordeaux-montaigne.fr:340429", "symbol_class": "building", "pixel_x": 3116.8, "pixel_y": 4624.8, "easting": 439366.2, "northing": 344024.0, "epsg_source": 22391}}, {"type": "Feature", "geometry": {"type": "Point", "coordinates": [9.1636092, 36.3996313]}, "properties": {"record_id": "oai:u-bordeaux-montaigne.fr:340429", "symbol_class": "building", "pixel_x": 1847.0, "pixel_y": 4627.5, "easting": 433914.1, "northing": 344410.0, "epsg_source": 22391}}, {"type": "Feature", "geometry": {"type": "Point", "coordinates": [9.4402407, 36.3847076]}, "properties": {"record_id": "oai:u-bordeaux-montaigne.fr:340429", "symbol_class": "building", "pixel_x": 7623.5, "pixel_y": 4627.5, "easting": 458713.0, "northing": 342602.4, "epsg_source": 22391}}, {"type": "Feature", "geometry": {"type": "Point", "coordinates": [9.4397916, 36.3845861]}, "properties": {"record_id": "oai:u-bordeaux-montaigne.fr:340429", "symbol_class": "building", "pixel_x": 7614.4, "pixel_y": 4631.3, "easting": 458672.6, "northing": 342589.1, "epsg_source": 22391}}, {"type": "Feature", "geometry": {"type": "Point", "coordinates": [9.1603099, 36.3996563]}, "properties": {"record_id": "oai:u-bordeaux-montaigne.fr:340429", "symbol_class": "building", "pixel_x": 1778.4, "pixel_y": 4631.4, "easting": 433618.3, "northing": 344415.1, "epsg_source": 22391}}, {"type": "Feature", "geometry": {"type": "Point", "coordinates": [9.161022, 36.3996289]}, "properties": {"record_id": "oai:u-bordeaux-montaigne.fr:340429", "symbol_class": "building", "pixel_x": 1793.2, "pixel_y": 4631.1, "easting": 433682.1, "northing": 344411.5, "epsg_source": 22391}}, {"type": "Feature", "geometry": {"type": "Point", "coordinates": [9.1614515, 36.3995985]}, "properties": {"record_id": "oai:u-bordeaux-montaigne.fr:340429", "symbol_class": "building", "pixel_x": 1802.2, "pixel_y": 4631.3, "easting": 433720.6, "northing": 344407.9, "epsg_source": 22391}}, {"type": "Feature", "geometry": {"type": "Point", "coordinates": [9.4526397, 36.3837992]}, "properties": {"record_id": "oai:u-bordeaux-montaigne.fr:340429", "symbol_class": "building", "pixel_x": 7882.8, "pixel_y": 4633.4, "easting": 459824.6, "northing": 342496.5, "epsg_source": 22391}}, {"type": "Feature", "geometry": {"type": "Point", "coordinates": [9.4198958, 36.3854694]}, "properties": {"record_id": "oai:u-bordeaux-montaigne.fr:340429", "symbol_class": "building", "pixel_x": 7199.2, "pixel_y": 4636.9, "easting": 456888.6, "northing": 342695.7, "epsg_source": 22391}}, {"type": "Feature", "geometry": {"type": "Point", "coordinates": [9.1636249, 36.3993081]}, "properties": {"record_id": "oai:u-bordeaux-montaigne.fr:340429", "symbol_class": "building", "pixel_x": 1847.9, "pixel_y": 4636.0, "easting": 433915.3, "northing": 344374.2, "epsg_source": 22391}}, {"type": "Feature", "geometry": {"type": "Point", "coordinates": [9.4531337, 36.3836428]}, "properties": {"record_id": "oai:u-bordeaux-montaigne.fr:340429", "symbol_class": "building", "pixel_x": 7893.4, "pixel_y": 4636.8, "easting": 459868.8, "northing": 342478.9, "epsg_source": 22391}}, {"type": "Feature", "geometry": {"type": "Point", "coordinates": [9.1630204, 36.3993045]}, "properties": {"record_id": "oai:u-bordeaux-montaigne.fr:340429", "symbol_class": "building", "pixel_x": 1835.3, "pixel_y": 4636.9, "easting": 433861.1, "northing": 344374.2, "epsg_source": 22391}}, {"type": "Feature", "geometry": {"type": "Point", "coordinates": [9.1621128, 36.3992982]}, "properties": {"record_id": "oai:u-bordeaux-montaigne.fr:340429", "symbol_class": "building", "pixel_x": 1816.4, "pixel_y": 4638.3, "easting": 433779.7, "northing": 344374.1, "epsg_source": 22391}}, {"type": "Feature", "geometry": {"type": "Point", "coordinates": [9.161457, 36.3993043]}, "properties": {"record_id": "oai:u-bordeaux-montaigne.fr:340429", "symbol_class": "building", "pixel_x": 1802.8, "pixel_y": 4639.1, "easting": 433720.9, "northing": 344375.2, "epsg_source": 22391}}, {"type": "Feature", "geometry": {"type": "Point", "coordinates": [9.1438236, 36.400155]}, "properties": {"record_id": "oai:u-bordeaux-montaigne.fr:340429", "symbol_class": "building", "pixel_x": 1434.8, "pixel_y": 4641.1, "easting": 432140.4, "northing": 344481.7, "epsg_source": 22391}}, {"type": "Feature", "geometry": {"type": "Point", "coordinates": [9.4119912, 36.3856873]}, "properties": {"record_id": "oai:u-bordeaux-montaigne.fr:340429", "symbol_class": "building", "pixel_x": 7034.5, "pixel_y": 4642.5, "easting": 456179.8, "northing": 342723.4, "epsg_source": 22391}}, {"type": "Feature", "geometry": {"type": "Point", "coordinates": [9.4423485, 36.3839165]}, "properties": {"record_id": "oai:u-bordeaux-montaigne.fr:340429", "symbol_class": "building", "pixel_x": 7668.7, "pixel_y": 4645.2, "easting": 458901.6, "northing": 342513.8, "epsg_source": 22391}}, {"type": "Feature", "geometry": {"type": "Point", "coordinates": [9.4452452, 36.3838798]}, "properties": {"record_id": "oai:u-bordeaux-montaigne.fr:340429", "symbol_class": "building", "pixel_x": 7729.0, "pixel_y": 4642.0, "easting": 459161.4, "northing": 342508.5, "epsg_source": 22391}}, {"type": "Feature", "geometry": {"type": "Point", "coordinates": [9.4535674, 36.3832788]}, "properties": {"record_id": "oai:u-bordeaux-montaigne.fr:340429", "symbol_class": "building", "pixel_x": 7903.0, "pixel_y": 4645.7, "easting": 459907.5, "northing": 342438.4, "epsg_source": 22391}}, {"type": "Feature", "geometry": {"type": "Point", "coordinates": [9.4456729, 36.3836515]}, "properties": {"record_id": "oai:u-bordeaux-montaigne.fr:340429", "symbol_class": "building", "pixel_x": 7738.2, "pixel_y": 4647.3, "easting": 459199.7, "northing": 342483.0, "epsg_source": 22391}}, {"type": "Feature", "geometry": {"type": "Point", "coordinates": [9.1696462, 36.3983516]}, "properties": {"record_id": "oai:u-bordeaux-montaigne.fr:340429", "symbol_class": "building", "pixel_x": 1974.6, "pixel_y": 4652.7, "easting": 434454.4, "northing": 344264.0, "epsg_source": 22391}}, {"type": "Feature", "geometry": {"type": "Point", "coordinates": [9.456927, 36.3827866]}, "properties": {"record_id": "oai:u-bordeaux-montaigne.fr:340429", "symbol_class": "building", "pixel_x": 7973.7, "pixel_y": 4653.7, "easting": 460208.6, "northing": 342382.4, "epsg_source": 22391}}, {"type": "Feature", "geometry": {"type": "Point", "coordinates": [9.4482475, 36.3831335]}, "properties": {"record_id": "oai:u-bordeaux-montaigne.fr:340429", "symbol_class": "building", "pixel_x": 7792.7, "pixel_y": 4657.2, "easting": 459430.3, "northing": 342424.4, "epsg_source": 22391}}, {"type": "Feature", "geometry": {"type": "Point", "coordinates": [9.4568045, 36.3825059]}, "properties": {"record_id": "oai:u-bordeaux-montaigne.fr:340429", "symbol_class": "building", "pixel_x": 7971.7, "pixel_y": 4661.3, "easting": 460197.5, "northing": 342351.3, "epsg_source": 22391}}, {"type": "Feature", "geometry": {"type": "Point", "coordinates": [9.4484293, 36.3827275]}, "properties": {"record_id": "oai:u-bordeaux-montaigne.fr:340429", "symbol_class": "building", "pixel_x": 7797.1, "pixel_y": 4667.6, "easting": 459446.4, "northing": 342379.3, "epsg_source": 22391}}, {"type": "Feature", "geometry": {"type": "Point", "coordinates": [9.4456079, 36.3826031]}, "properties": {"record_id": "oai:u-bordeaux-montaigne.fr:340429", "symbol_class": "building", "pixel_x": 7738.7, "pixel_y": 4674.9, "easting": 459193.3, "northing": 342366.7, "epsg_source": 22391}}, {"type": "Feature", "geometry": {"type": "Point", "coordinates": [9.4475831, 36.3825471]}, "properties": {"record_id": "oai:u-bordeaux-montaigne.fr:340429", "symbol_class": "building", "pixel_x": 7779.9, "pixel_y": 4673.5, "easting": 459370.4, "northing": 342359.7, "epsg_source": 22391}}, {"type": "Feature", "geometry": {"type": "Point", "coordinates": [9.4540206, 36.3822019]}, "properties": {"record_id": "oai:u-bordeaux-montaigne.fr:340429", "symbol_class": "building", "pixel_x": 7914.3, "pixel_y": 4673.3, "easting": 459947.6, "northing": 342318.7, "epsg_source": 22391}}, {"type": "Feature", "geometry": {"type": "Point", "coordinates": [9.1450698, 36.3986859]}, "properties": {"record_id": "oai:u-bordeaux-montaigne.fr:340429", "symbol_class": "building", "pixel_x": 1463.1, "pixel_y": 4677.9, "easting": 432250.8, "northing": 344317.9, "epsg_source": 22391}}, {"type": "Feature", "geometry": {"type": "Point", "coordinates": [9.4573657, 36.3818751]}, "properties": {"record_id": "oai:u-bordeaux-montaigne.fr:340429", "symbol_class": "building", "pixel_x": 7984.4, "pixel_y": 4677.0, "easting": 460247.5, "northing": 342281.1, "epsg_source": 22391}}, {"type": "Feature", "geometry": {"type": "Point", "coordinates": [9.4561583, 36.3819383]}, "properties": {"record_id": "oai:u-bordeaux-montaigne.fr:340429", "symbol_class": "building", "pixel_x": 7959.2, "pixel_y": 4677.1, "easting": 460139.3, "northing": 342288.6, "epsg_source": 22391}}, {"type": "Feature", "geometry": {"type": "Point", "coordinates": [9.4581127, 36.3817208]}, "properties": {"record_id": "oai:u-bordeaux-montaigne.fr:340429", "symbol_class": "building", "pixel_x": 8000.2, "pixel_y": 4679.9, "easting": 460314.4, "northing": 342263.7, "epsg_source": 22391}}, {"type": "Feature", "geometry": {"type": "Point", "coordinates": [9.4470198, 36.3821655]}, "properties": {"record_id": "oai:u-bordeaux-montaigne.fr:340429", "symbol_class": "building", "pixel_x": 7768.8, "pixel_y": 4684.3, "easting": 459319.7, "northing": 342317.6, "epsg_source": 22391}}, {"type": "Feature", "geometry": {"type": "Point", "coordinates": [9.2398213, 36.3931041]}, "properties": {"record_id": "oai:u-bordeaux-montaigne.fr:340429", "symbol_class": "building", "pixel_x": 3442.3, "pixel_y": 4692.5, "easting": 440743.4, "northing": 343637.1, "epsg_source": 22391}}, {"type": "Feature", "geometry": {"type": "Point", "coordinates": [9.225134, 36.393883]}, "properties": {"record_id": "oai:u-bordeaux-montaigne.fr:340429", "symbol_class": "building", "pixel_x": 3135.7, "pixel_y": 4692.6, "easting": 439426.9, "northing": 343732.5, "epsg_source": 22391}}, {"type": "Feature", "geometry": {"type": "Point", "coordinates": [9.4479923, 36.3818274]}, "properties": {"record_id": "oai:u-bordeaux-montaigne.fr:340429", "symbol_class": "building", "pixel_x": 7789.6, "pixel_y": 4691.8, "easting": 459406.8, "northing": 342279.7, "epsg_source": 22391}}, {"type": "Feature", "geometry": {"type": "Point", "coordinates": [9.4532199, 36.3814524]}, "properties": {"record_id": "oai:u-bordeaux-montaigne.fr:340429", "symbol_class": "building", "pixel_x": 7898.9, "pixel_y": 4694.1, "easting": 459875.4, "northing": 342235.9, "epsg_source": 22391}}, {"type": "Feature", "geometry": {"type": "Point", "coordinates": [9.4752489, 36.3801793]}, "properties": {"record_id": "oai:u-bordeaux-montaigne.fr:340429", "symbol_class": "building", "pixel_x": 8359.1, "pixel_y": 4695.5, "easting": 461850.7, "northing": 342085.8, "epsg_source": 22391}}, {"type": "Feature", "geometry": {"type": "Point", "coordinates": [9.4562141, 36.381148]}, "properties": {"record_id": "oai:u-bordeaux-montaigne.fr:340429", "symbol_class": "building", "pixel_x": 7961.7, "pixel_y": 4697.7, "easting": 460143.9, "northing": 342200.9, "epsg_source": 22391}}, {"type": "Feature", "geometry": {"type": "Point", "coordinates": [9.4551622, 36.3810286]}, "properties": {"record_id": "oai:u-bordeaux-montaigne.fr:340429", "symbol_class": "building", "pixel_x": 7940.0, "pixel_y": 4702.4, "easting": 460049.5, "northing": 342188.1, "epsg_source": 22391}}, {"type": "Feature", "geometry": {"type": "Point", "coordinates": [9.457253, 36.3808655]}, "properties": {"record_id": "oai:u-bordeaux-montaigne.fr:340429", "symbol_class": "building", "pixel_x": 7983.8, "pixel_y": 4703.6, "easting": 460236.9, "northing": 342169.2, "epsg_source": 22391}}, {"type": "Feature", "geometry": {"type": "Point", "coordinates": [9.4613113, 36.3804965]}, "properties": {"record_id": "oai:u-bordeaux-montaigne.fr:340429", "symbol_class": "building", "pixel_x": 8068.8, "pixel_y": 4707.4, "easting": 460600.7, "northing": 342126.6, "epsg_source": 22391}}, {"type": "Feature", "geometry": {"type": "Point", "coordinates": [9.2347193, 36.3927417]}, "properties": {"record_id": "oai:u-bordeaux-montaigne.fr:340429", "symbol_class": "building", "pixel_x": 3336.8, "pixel_y": 4709.2, "easting": 440285.6, "northing": 343600.0, "epsg_source": 22391}}, {"type": "Feature", "geometry": {"type": "Point", "coordinates": [9.4753595, 36.3797712]}, "properties": {"record_id": "oai:u-bordeaux-montaigne.fr:340429", "symbol_class": "building", "pixel_x": 8362.1, "pixel_y": 4706.0, "easting": 461860.5, "northing": 342040.5, "epsg_source": 22391}}, {"type": "Feature", "geometry": {"type": "Point", "coordinates": [9.2337443, 36.3922256]}, "properties": {"record_id": "oai:u-bordeaux-montaigne.fr:340429", "symbol_class": "building", "pixel_x": 3317.4, "pixel_y": 4724.1, "easting": 440197.8, "northing": 343543.3, "epsg_source": 22391}}, {"type": "Feature", "geometry": {"type": "Point", "coordinates": [9.4561163, 36.3802311]}, "properties": {"record_id": "oai:u-bordeaux-montaigne.fr:340429", "symbol_class": "building", "pixel_x": 7961.2, "pixel_y": 4721.9, "easting": 460134.6, "northing": 342099.2, "epsg_source": 22391}}, {"type": "Feature", "geometry": {"type": "Point", "coordinates": [9.4594038, 36.37987]}, "properties": {"record_id": "oai:u-bordeaux-montaigne.fr:340429", "symbol_class": "building", "pixel_x": 8030.2, "pixel_y": 4726.6, "easting": 460429.3, "northing": 342057.8, "epsg_source": 22391}}, {"type": "Feature", "geometry": {"type": "Point", "coordinates": [9.2362822, 36.3920345]}, "properties": {"record_id": "oai:u-bordeaux-montaigne.fr:340429", "symbol_class": "building", "pixel_x": 3370.5, "pixel_y": 4725.5, "easting": 440425.2, "northing": 343520.6, "epsg_source": 22391}}, {"type": "Feature", "geometry": {"type": "Point", "coordinates": [9.2346033, 36.3919699]}, "properties": {"record_id": "oai:u-bordeaux-montaigne.fr:340429", "symbol_class": "building", "pixel_x": 3335.7, "pixel_y": 4729.6, "easting": 440274.6, "northing": 343514.4, "epsg_source": 22391}}, {"type": "Feature", "geometry": {"type": "Point", "coordinates": [9.2359865, 36.3918945]}, "properties": {"record_id": "oai:u-bordeaux-montaigne.fr:340429", "symbol_class": "building", "pixel_x": 3364.6, "pixel_y": 4729.6, "easting": 440398.6, "northing": 343505.2, "epsg_source": 22391}}, {"type": "Feature", "geometry": {"type": "Point", "coordinates": [9.3314801, 36.3868752]}, "properties": {"record_id": "oai:u-bordeaux-montaigne.fr:340429", "symbol_class": "building", "pixel_x": 5358.5, "pixel_y": 4726.5, "easting": 448959.5, "northing": 342894.3, "epsg_source": 22391}}, {"type": "Feature", "geometry": {"type": "Point", "coordinates": [9.1761001, 36.394749]}, "properties": {"record_id": "oai:u-bordeaux-montaigne.fr:340429", "symbol_class": "building", "pixel_x": 2114.7, "pixel_y": 4738.2, "easting": 435030.2, "northing": 343860.1, "epsg_source": 22391}}, {"type": "Feature", "geometry": {"type": "Point", "coordinates": [9.2154065, 36.3925772]}, "properties": {"record_id": "oai:u-bordeaux-montaigne.fr:340429", "symbol_class": "building", "pixel_x": 2935.6, "pixel_y": 4740.5, "easting": 438553.5, "northing": 343593.7, "epsg_source": 22391}}, {"type": "Feature", "geometry": {"type": "Point", "coordinates": [9.4570715, 36.3790975]}, "properties": {"record_id": "oai:u-bordeaux-montaigne.fr:340429", "symbol_class": "building", "pixel_x": 7983.1, "pixel_y": 4750.2, "easting": 460219.7, "northing": 341973.1, "epsg_source": 22391}}, {"type": "Feature", "geometry": {"type": "Point", "coordinates": [9.2359296, 36.3908508]}, "properties": {"record_id": "oai:u-bordeaux-montaigne.fr:340429", "symbol_class": "building", "pixel_x": 3365.1, "pixel_y": 4757.0, "easting": 440392.7, "northing": 343389.5, "epsg_source": 22391}}, {"type": "Feature", "geometry": {"type": "Point", "coordinates": [9.1628842, 36.3946352]}, "properties": {"record_id": "oai:u-bordeaux-montaigne.fr:340429", "symbol_class": "building", "pixel_x": 1840.1, "pixel_y": 4759.5, "easting": 433844.9, "northing": 343856.3, "epsg_source": 22391}}, {"type": "Feature", "geometry": {"type": "Point", "coordinates": [9.452452, 36.3789175]}, "properties": {"record_id": "oai:u-bordeaux-montaigne.fr:340429", "symbol_class": "building", "pixel_x": 7887.3, "pixel_y": 4761.6, "easting": 459805.3, "northing": 341955.0, "epsg_source": 22391}}, {"type": "Feature", "geometry": {"type": "Point", "coordinates": [9.1455275, 36.3952673]}, "properties": {"record_id": "oai:u-bordeaux-montaigne.fr:340429", "symbol_class": "building", "pixel_x": 1478.2, "pixel_y": 4766.9, "easting": 432288.9, "northing": 343938.4, "epsg_source": 22391}}, {"type": "Feature", "geometry": {"type": "Point", "coordinates": [9.2300671, 36.3905183]}, "properties": {"record_id": "oai:u-bordeaux-montaigne.fr:340429", "symbol_class": "building", "pixel_x": 3243.8, "pixel_y": 4774.0, "easting": 439866.7, "northing": 343356.2, "epsg_source": 22391}}, {"type": "Feature", "geometry": {"type": "Point", "coordinates": [9.4430723, 36.3788741]}, "properties": {"record_id": "oai:u-bordeaux-montaigne.fr:340429", "symbol_class": "building", "pixel_x": 7692.4, "pixel_y": 4776.3, "easting": 458963.9, "northing": 341954.1, "epsg_source": 22391}}, {"type": "Feature", "geometry": {"type": "Point", "coordinates": [9.2296922, 36.390396]}, "properties": {"record_id": "oai:u-bordeaux-montaigne.fr:340429", "symbol_class": "building", "pixel_x": 3236.2, "pixel_y": 4777.7, "easting": 439833.0, "northing": 343342.9, "epsg_source": 22391}}, {"type": "Feature", "geometry": {"type": "Point", "coordinates": [9.1762938, 36.3920053]}, "properties": {"record_id": "oai:u-bordeaux-montaigne.fr:340429", "symbol_class": "building", "pixel_x": 2123.2, "pixel_y": 4809.9, "easting": 435045.3, "northing": 343555.6, "epsg_source": 22391}}, {"type": "Feature", "geometry": {"type": "Point", "coordinates": [9.3605336, 36.3815589]}, "properties": {"record_id": "oai:u-bordeaux-montaigne.fr:340429", "symbol_class": "building", "pixel_x": 5971.6, "pixel_y": 4824.5, "easting": 451562.0, "northing": 342289.8, "epsg_source": 22391}}, {"type": "Feature", "geometry": {"type": "Point", "coordinates": [9.1881641, 36.3906806]}, "properties": {"record_id": "oai:u-bordeaux-montaigne.fr:340429", "symbol_class": "building", "pixel_x": 2372.2, "pixel_y": 4828.1, "easting": 436108.8, "northing": 343400.8, "epsg_source": 22391}}, {"type": "Feature", "geometry": {"type": "Point", "coordinates": [9.2421123, 36.3878146]}, "properties": {"record_id": "oai:u-bordeaux-montaigne.fr:340429", "symbol_class": "building", "pixel_x": 3498.7, "pixel_y": 4828.0, "easting": 440944.9, "northing": 343048.9, "epsg_source": 22391}}, {"type": "Feature", "geometry": {"type": "Point", "coordinates": [9.4602714, 36.3757593]}, "properties": {"record_id": "oai:u-bordeaux-montaigne.fr:340429", "symbol_class": "building", "pixel_x": 8055.3, "pixel_y": 4833.1, "easting": 460505.1, "northing": 341601.5, "epsg_source": 22391}}, {"type": "Feature", "geometry": {"type": "Point", "coordinates": [9.3492376, 36.3812246]}, "properties": {"record_id": "oai:u-bordeaux-montaigne.fr:340429", "symbol_class": "building", "pixel_x": 5737.2, "pixel_y": 4849.4, "easting": 450548.6, "northing": 342258.4, "epsg_source": 22391}}, {"type": "Feature", "geometry": {"type": "Point", "coordinates": [9.3155057, 36.3827246]}, "properties": {"record_id": "oai:u-bordeaux-montaigne.fr:340429", "symbol_class": "building", "pixel_x": 5033.3, "pixel_y": 4858.0, "easting": 447524.0, "northing": 342442.4, "epsg_source": 22391}}, {"type": "Feature", "geometry": {"type": "Point", "coordinates": [9.31476, 36.3827093]}, "properties": {"record_id": "oai:u-bordeaux-montaigne.fr:340429", "symbol_class": "building", "pixel_x": 5017.8, "pixel_y": 4859.4, "easting": 447457.1, "northing": 342441.1, "epsg_source": 22391}}, {"type": "Feature", "geometry": {"type": "Point", "coordinates": [9.3538794, 36.3803476]}, "properties": {"record_id": "oai:u-bordeaux-montaigne.fr:340429", "symbol_class": "building", "pixel_x": 5835.2, "pixel_y": 4865.8, "easting": 450964.4, "northing": 342158.7, "epsg_source": 22391}}, {"type": "Feature", "geometry": {"type": "Point", "coordinates": [9.3532238, 36.3802756]}, "properties": {"record_id": "oai:u-bordeaux-montaigne.fr:340429", "symbol_class": "building", "pixel_x": 5821.7, "pixel_y": 4868.6, "easting": 450905.5, "northing": 342151.1, "epsg_source": 22391}}, {"type": "Feature", "geometry": {"type": "Point", "coordinates": [9.3539305, 36.37991]}, "properties": {"record_id": "oai:u-bordeaux-montaigne.fr:340429", "symbol_class": "building", "pixel_x": 5837.1, "pixel_y": 4877.1, "easting": 450968.7, "northing": 342110.2, "epsg_source": 22391}}, {"type": "Feature", "geometry": {"type": "Point", "coordinates": [9.1897036, 36.3887079]}, "properties": {"record_id": "oai:u-bordeaux-montaigne.fr:340429", "symbol_class": "building", "pixel_x": 2407.5, "pixel_y": 4877.7, "easting": 436245.3, "northing": 343181.0, "epsg_source": 22391}}, {"type": "Feature", "geometry": {"type": "Point", "coordinates": [9.1902633, 36.3884581]}, "properties": {"record_id": "oai:u-bordeaux-montaigne.fr:340429", "symbol_class": "building", "pixel_x": 2419.5, "pixel_y": 4883.5, "easting": 436295.3, "northing": 343152.9, "epsg_source": 22391}}, {"type": "Feature", "geometry": {"type": "Point", "coordinates": [9.1896863, 36.3883789]}, "properties": {"record_id": "oai:u-bordeaux-montaigne.fr:340429", "symbol_class": "building", "pixel_x": 2407.7, "pixel_y": 4886.4, "easting": 436243.5, "northing": 343144.5, "epsg_source": 22391}}, {"type": "Feature", "geometry": {"type": "Point", "coordinates": [9.3519311, 36.3793882]}, "properties": {"record_id": "oai:u-bordeaux-montaigne.fr:340429", "symbol_class": "building", "pixel_x": 5796.4, "pixel_y": 4893.7, "easting": 450789.0, "northing": 342053.3, "epsg_source": 22391}}, {"type": "Feature", "geometry": {"type": "Point", "coordinates": [9.3527945, 36.3793089]}, "properties": {"record_id": "oai:u-bordeaux-montaigne.fr:340429", "symbol_class": "building", "pixel_x": 5814.4, "pixel_y": 4894.5, "easting": 450866.4, "northing": 342044.1, "epsg_source": 22391}}, {"type": "Feature", "geometry": {"type": "Point", "coordinates": [9.1575711, 36.3894617]}, "properties": {"record_id": "oai:u-bordeaux-montaigne.fr:340429", "symbol_class": "building", "pixel_x": 1738.1, "pixel_y": 4902.5, "easting": 433364.1, "northing": 343286.1, "epsg_source": 22391}}, {"type": "Feature", "geometry": {"type": "Point", "coordinates": [9.1931371, 36.387733]}, "properties": {"record_id": "oai:u-bordeaux-montaigne.fr:340429", "symbol_class": "building", "pixel_x": 2480.5, "pixel_y": 4898.5, "easting": 436552.4, "northing": 343070.6, "epsg_source": 22391}}, {"type": "Feature", "geometry": {"type": "Point", "coordinates": [9.2469473, 36.3847456]}, "properties": {"record_id": "oai:u-bordeaux-montaigne.fr:340429", "symbol_class": "building", "pixel_x": 3604.4, "pixel_y": 4901.7, "easting": 441376.3, "northing": 342705.6, "epsg_source": 22391}}, {"type": "Feature", "geometry": {"type": "Point", "coordinates": [9.1852933, 36.3880192]}, "properties": {"record_id": "oai:u-bordeaux-montaigne.fr:340429", "symbol_class": "building", "pixel_x": 2316.9, "pixel_y": 4901.9, "easting": 435849.2, "northing": 343107.5, "epsg_source": 22391}}, {"type": "Feature", "geometry": {"type": "Point", "coordinates": [9.3582271, 36.378698]}, "properties": {"record_id": "oai:u-bordeaux-montaigne.fr:340429", "symbol_class": "building", "pixel_x": 5928.4, "pixel_y": 4902.8, "easting": 451353.4, "northing": 341973.6, "epsg_source": 22391}}, {"type": "Feature", "geometry": {"type": "Point", "coordinates": [9.1851398, 36.3876618]}, "properties": {"record_id": "oai:u-bordeaux-montaigne.fr:340429", "symbol_class": "building", "pixel_x": 2314.3, "pixel_y": 4911.5, "easting": 435835.1, "northing": 343068.0, "epsg_source": 22391}}, {"type": "Feature", "geometry": {"type": "Point", "coordinates": [9.3537352, 36.3786207]}, "properties": {"record_id": "oai:u-bordeaux-montaigne.fr:340429", "symbol_class": "building", "pixel_x": 5835.2, "pixel_y": 4911.2, "easting": 450950.4, "northing": 341967.2, "epsg_source": 22391}}, {"type": "Feature", "geometry": {"type": "Point", "coordinates": [9.3596598, 36.3775283]}, "properties": {"record_id": "oai:u-bordeaux-montaigne.fr:340429", "symbol_class": "building", "pixel_x": 5960.2, "pixel_y": 4931.4, "easting": 451481.1, "northing": 341843.1, "epsg_source": 22391}}, {"type": "Feature", "geometry": {"type": "Point", "coordinates": [9.1950299, 36.3861806]}, "properties": {"record_id": "oai:u-bordeaux-montaigne.fr:340429", "symbol_class": "building", "pixel_x": 2522.4, "pixel_y": 4936.6, "easting": 436720.9, "northing": 342897.2, "epsg_source": 22391}}, {"type": "Feature", "geometry": {"type": "Point", "coordinates": [9.1956373, 36.3860624]}, "properties": {"record_id": "oai:u-bordeaux-montaigne.fr:340429", "symbol_class": "building", "pixel_x": 2535.2, "pixel_y": 4938.8, "easting": 436775.3, "northing": 342883.7, "epsg_source": 22391}}, {"type": "Feature", "geometry": {"type": "Point", "coordinates": [9.195205, 36.3856712]}, "properties": {"record_id": "oai:u-bordeaux-montaigne.fr:340429", "symbol_class": "building", "pixel_x": 2526.9, "pixel_y": 4949.7, "easting": 436736.2, "northing": 342840.6, "epsg_source": 22391}}, {"type": "Feature", "geometry": {"type": "Point", "coordinates": [9.420892, 36.3727201]}, "properties": {"record_id": "oai:u-bordeaux-montaigne.fr:340429", "symbol_class": "building", "pixel_x": 7241.7, "pixel_y": 4969.7, "easting": 456971.0, "northing": 341281.0, "epsg_source": 22391}}, {"type": "Feature", "geometry": {"type": "Point", "coordinates": [9.4688925, 36.3700061]}, "properties": {"record_id": "oai:u-bordeaux-montaigne.fr:340429", "symbol_class": "building", "pixel_x": 8244.5, "pixel_y": 4971.4, "easting": 461275.6, "northing": 340959.9, "epsg_source": 22391}}, {"type": "Feature", "geometry": {"type": "Point", "coordinates": [9.3632069, 36.3757157]}, "properties": {"record_id": "oai:u-bordeaux-montaigne.fr:340429", "symbol_class": "building", "pixel_x": 6037.0, "pixel_y": 4973.9, "easting": 451798.2, "northing": 341640.3, "epsg_source": 22391}}, {"type": "Feature", "geometry": {"type": "Point", "coordinates": [9.4193018, 36.3722956]}, "properties": {"record_id": "oai:u-bordeaux-montaigne.fr:340429", "symbol_class": "building", "pixel_x": 7209.3, "pixel_y": 4983.1, "easting": 456828.1, "northing": 341234.6, "epsg_source": 22391}}, {"type": "Feature", "geometry": {"type": "Point", "coordinates": [9.4652707, 36.3699997]}, "properties": {"record_id": "oai:u-bordeaux-montaigne.fr:340429", "symbol_class": "building", "pixel_x": 8169.2, "pixel_y": 4976.8, "easting": 460950.7, "northing": 340960.6, "epsg_source": 22391}}, {"type": "Feature", "geometry": {"type": "Point", "coordinates": [9.1205229, 36.3884209]}, "properties": {"record_id": "oai:u-bordeaux-montaigne.fr:340429", "symbol_class": "building", "pixel_x": 969.4, "pixel_y": 4980.9, "easting": 430040.5, "northing": 343196.6, "epsg_source": 22391}}, {"type": "Feature", "geometry": {"type": "Point", "coordinates": [9.3636159, 36.3750874]}, "properties": {"record_id": "oai:u-bordeaux-montaigne.fr:340429", "symbol_class": "building", "pixel_x": 6046.6, "pixel_y": 4989.8, "easting": 451834.5, "northing": 341570.4, "epsg_source": 22391}}, {"type": "Feature", "geometry": {"type": "Point", "coordinates": [9.4562285, 36.3699946]}, "properties": {"record_id": "oai:u-bordeaux-montaigne.fr:340429", "symbol_class": "building", "pixel_x": 7981.1, "pixel_y": 4990.1, "easting": 460139.5, "northing": 340963.7, "epsg_source": 22391}}, {"type": "Feature", "geometry": {"type": "Point", "coordinates": [9.4671412, 36.3689288]}, "properties": {"record_id": "oai:u-bordeaux-montaigne.fr:340429", "symbol_class": "building", "pixel_x": 8209.9, "pixel_y": 5002.2, "easting": 461118.0, "northing": 340841.1, "epsg_source": 22391}}, {"type": "Feature", "geometry": {"type": "Point", "coordinates": [9.2536677, 36.3802063]}, "properties": {"record_id": "oai:u-bordeaux-montaigne.fr:340429", "symbol_class": "building", "pixel_x": 3751.7, "pixel_y": 5011.3, "easting": 441975.7, "northing": 342198.0, "epsg_source": 22391}}, {"type": "Feature", "geometry": {"type": "Point", "coordinates": [9.3303917, 36.3757582]}, "properties": {"record_id": "oai:u-bordeaux-montaigne.fr:340429", "symbol_class": "building", "pixel_x": 5354.6, "pixel_y": 5019.5, "easting": 448854.7, "northing": 341661.7, "epsg_source": 22391}}, {"type": "Feature", "geometry": {"type": "Point", "coordinates": [9.178253, 36.3828103]}, "properties": {"record_id": "oai:u-bordeaux-montaigne.fr:340429", "symbol_class": "building", "pixel_x": 2179.1, "pixel_y": 5048.2, "easting": 435213.5, "northing": 342534.4, "epsg_source": 22391}}, {"type": "Feature", "geometry": {"type": "Point", "coordinates": [9.3699111, 36.3717038]}, "properties": {"record_id": "oai:u-bordeaux-montaigne.fr:340429", "symbol_class": "building", "pixel_x": 6183.2, "pixel_y": 5069.5, "easting": 452397.2, "northing": 341192.0, "epsg_source": 22391}}, {"type": "Feature", "geometry": {"type": "Point", "coordinates": [9.1432909, 36.3836265]}, "properties": {"record_id": "oai:u-bordeaux-montaigne.fr:340429", "symbol_class": "building", "pixel_x": 1450.7, "pixel_y": 5075.2, "easting": 432078.3, "northing": 342648.7, "epsg_source": 22391}}, {"type": "Feature", "geometry": {"type": "Point", "coordinates": [9.2095921, 36.3785846]}, "properties": {"record_id": "oai:u-bordeaux-montaigne.fr:340429", "symbol_class": "building", "pixel_x": 2837.8, "pixel_y": 5115.4, "easting": 438021.0, "northing": 342045.3, "epsg_source": 22391}}, {"type": "Feature", "geometry": {"type": "Point", "coordinates": [9.2096441, 36.3779735]}, "properties": {"record_id": "oai:u-bordeaux-montaigne.fr:340429", "symbol_class": "building", "pixel_x": 2839.8, "pixel_y": 5131.4, "easting": 438025.2, "northing": 341977.4, "epsg_source": 22391}}, {"type": "Feature", "geometry": {"type": "Point", "coordinates": [9.2347042, 36.3761928]}, "properties": {"record_id": "oai:u-bordeaux-montaigne.fr:340429", "symbol_class": "building", "pixel_x": 3364.0, "pixel_y": 5143.1, "easting": 440271.7, "northing": 341764.3, "epsg_source": 22391}}, {"type": "Feature", "geometry": {"type": "Point", "coordinates": [9.3746164, 36.3685566]}, "properties": {"record_id": "oai:u-bordeaux-montaigne.fr:340429", "symbol_class": "building", "pixel_x": 6286.4, "pixel_y": 5145.2, "easting": 452817.4, "northing": 340840.6, "epsg_source": 22391}}, {"type": "Feature", "geometry": {"type": "Point", "coordinates": [9.4272201, 36.3655444]}, "properties": {"record_id": "oai:u-bordeaux-montaigne.fr:340429", "symbol_class": "building", "pixel_x": 7385.5, "pixel_y": 5148.7, "easting": 457534.8, "northing": 340482.3, "epsg_source": 22391}}, {"type": "Feature", "geometry": {"type": "Point", "coordinates": [9.121599, 36.3818384]}, "properties": {"record_id": "oai:u-bordeaux-montaigne.fr:340429", "symbol_class": "building", "pixel_x": 1002.5, "pixel_y": 5152.0, "easting": 430131.2, "northing": 342465.6, "epsg_source": 22391}}, {"type": "Feature", "geometry": {"type": "Point", "coordinates": [9.2254675, 36.3760796]}, "properties": {"record_id": "oai:u-bordeaux-montaigne.fr:340429", "symbol_class": "building", "pixel_x": 3172.0, "pixel_y": 5159.0, "easting": 439443.1, "northing": 341757.4, "epsg_source": 22391}}, {"type": "Feature", "geometry": {"type": "Point", "coordinates": [9.1212923, 36.3816066]}, "properties": {"record_id": "oai:u-bordeaux-montaigne.fr:340429", "symbol_class": "building", "pixel_x": 996.5, "pixel_y": 5158.5, "easting": 430103.5, "northing": 342440.2, "epsg_source": 22391}}, {"type": "Feature", "geometry": {"type": "Point", "coordinates": [9.2250007, 36.3759259]}, "properties": {"record_id": "oai:u-bordeaux-montaigne.fr:340429", "symbol_class": "building", "pixel_x": 3162.6, "pixel_y": 5163.6, "easting": 439401.1, "northing": 341740.7, "epsg_source": 22391}}, {"type": "Feature", "geometry": {"type": "Point", "coordinates": [9.1622972, 36.3789731]}, "properties": {"record_id": "oai:u-bordeaux-montaigne.fr:340429", "symbol_class": "building", "pixel_x": 1853.6, "pixel_y": 5171.0, "easting": 433779.1, "northing": 342119.4, "epsg_source": 22391}}, {"type": "Feature", "geometry": {"type": "Point", "coordinates": [9.3349003, 36.369716]}, "properties": {"record_id": "oai:u-bordeaux-montaigne.fr:340429", "symbol_class": "building", "pixel_x": 5458.5, "pixel_y": 5171.5, "easting": 449255.2, "northing": 340989.1, "epsg_source": 22391}}, {"type": "Feature", "geometry": {"type": "Point", "coordinates": [9.4054307, 36.3652908]}, "properties": {"record_id": "oai:u-bordeaux-montaigne.fr:340429", "symbol_class": "building", "pixel_x": 6932.8, "pixel_y": 5186.7, "easting": 455579.9, "northing": 340463.9, "epsg_source": 22391}}, {"type": "Feature", "geometry": {"type": "Point", "coordinates": [9.3212125, 36.3696196]}, "properties": {"record_id": "oai:u-bordeaux-montaigne.fr:340429", "symbol_class": "building", "pixel_x": 5174.0, "pixel_y": 5193.5, "easting": 448027.2, "northing": 340985.6, "epsg_source": 22391}}, {"type": "Feature", "geometry": {"type": "Point", "coordinates": [9.1206174, 36.379736]}, "properties": {"record_id": "oai:u-bordeaux-montaigne.fr:340429", "symbol_class": "building", "pixel_x": 985.5, "pixel_y": 5208.5, "easting": 430041.3, "northing": 342233.1, "epsg_source": 22391}}, {"type": "Feature", "geometry": {"type": "Point", "coordinates": [9.2017403, 36.3754736]}, "properties": {"record_id": "oai:u-bordeaux-montaigne.fr:340429", "symbol_class": "building", "pixel_x": 2679.6, "pixel_y": 5208.0, "easting": 437314.3, "northing": 341705.2, "epsg_source": 22391}}, {"type": "Feature", "geometry": {"type": "Point", "coordinates": [9.4670162, 36.3609971]}, "properties": {"record_id": "oai:u-bordeaux-montaigne.fr:340429", "symbol_class": "building", "pixel_x": 8220.9, "pixel_y": 5210.3, "easting": 461102.8, "northing": 339961.3, "epsg_source": 22391}}, {"type": "Feature", "geometry": {"type": "Point", "coordinates": [9.4662495, 36.3609904]}, "properties": {"record_id": "oai:u-bordeaux-montaigne.fr:340429", "symbol_class": "building", "pixel_x": 8205.0, "pixel_y": 5211.6, "easting": 461034.0, "northing": 339960.8, "epsg_source": 22391}}, {"type": "Feature", "geometry": {"type": "Point", "coordinates": [9.4671532, 36.360439]}, "properties": {"record_id": "oai:u-bordeaux-montaigne.fr:340429", "symbol_class": "building", "pixel_x": 8224.7, "pixel_y": 5224.7, "easting": 461114.9, "northing": 339899.3, "epsg_source": 22391}}, {"type": "Feature", "geometry": {"type": "Point", "coordinates": [9.4122831, 36.3633564]}, "properties": {"record_id": "oai:u-bordeaux-montaigne.fr:340429", "symbol_class": "building", "pixel_x": 7078.6, "pixel_y": 5227.5, "easting": 456193.6, "northing": 340246.2, "epsg_source": 22391}}, {"type": "Feature", "geometry": {"type": "Point", "coordinates": [9.1206541, 36.3787607]}, "properties": {"record_id": "oai:u-bordeaux-montaigne.fr:340429", "symbol_class": "building", "pixel_x": 987.9, "pixel_y": 5234.0, "easting": 430043.7, "northing": 342124.9, "epsg_source": 22391}}, {"type": "Feature", "geometry": {"type": "Point", "coordinates": [9.4514788, 36.3609849]}, "properties": {"record_id": "oai:u-bordeaux-montaigne.fr:340429", "symbol_class": "building", "pixel_x": 7897.8, "pixel_y": 5233.1, "easting": 459708.8, "northing": 339966.2, "epsg_source": 22391}}, {"type": "Feature", "geometry": {"type": "Point", "coordinates": [9.450587, 36.3609434]}, "properties": {"record_id": "oai:u-bordeaux-montaigne.fr:340429", "symbol_class": "building", "pixel_x": 7879.3, "pixel_y": 5235.5, "easting": 459628.8, "northing": 339962.0, "epsg_source": 22391}}, {"type": "Feature", "geometry": {"type": "Point", "coordinates": [9.4461, 36.3609577]}, "properties": {"record_id": "oai:u-bordeaux-montaigne.fr:340429", "symbol_class": "building", "pixel_x": 7786.0, "pixel_y": 5241.6, "easting": 459226.2, "northing": 339965.5, "epsg_source": 22391}}, {"type": "Feature", "geometry": {"type": "Point", "coordinates": [9.4382559, 36.3609468]}, "properties": {"record_id": "oai:u-bordeaux-montaigne.fr:340429", "symbol_class": "building", "pixel_x": 7622.9, "pixel_y": 5253.3, "easting": 458522.5, "northing": 339967.6, "epsg_source": 22391}}, {"type": "Feature", "geometry": {"type": "Point", "coordinates": [9.4064059, 36.3622528]}, "properties": {"record_id": "oai:u-bordeaux-montaigne.fr:340429", "symbol_class": "building", "pixel_x": 6958.2, "pixel_y": 5264.9, "easting": 455665.7, "northing": 340126.4, "epsg_source": 22391}}, {"type": "Feature", "geometry": {"type": "Point", "coordinates": [9.1969014, 36.3729386]}, "properties": {"record_id": "oai:u-bordeaux-montaigne.fr:340429", "symbol_class": "building", "pixel_x": 2583.1, "pixel_y": 5281.2, "easting": 436878.2, "northing": 341427.1, "epsg_source": 22391}}, {"type": "Feature", "geometry": {"type": "Point", "coordinates": [9.4207675, 36.3609609]}, "properties": {"record_id": "oai:u-bordeaux-montaigne.fr:340429", "symbol_class": "building", "pixel_x": 7259.1, "pixel_y": 5278.1, "easting": 456953.4, "northing": 339976.7, "epsg_source": 22391}}, {"type": "Feature", "geometry": {"type": "Point", "coordinates": [9.4573077, 36.3587724]}, "properties": {"record_id": "oai:u-bordeaux-montaigne.fr:340429", "symbol_class": "building", "pixel_x": 8022.8, "pixel_y": 5282.7, "easting": 460230.7, "northing": 339718.4, "epsg_source": 22391}}, {"type": "Feature", "geometry": {"type": "Point", "coordinates": [9.4182992, 36.3609413]}, "properties": {"record_id": "oai:u-bordeaux-montaigne.fr:340429", "symbol_class": "building", "pixel_x": 7207.8, "pixel_y": 5282.2, "easting": 456732.0, "northing": 339975.6, "epsg_source": 22391}}, {"type": "Feature", "geometry": {"type": "Point", "coordinates": [9.25442, 36.3693772]}, "properties": {"record_id": "oai:u-bordeaux-montaigne.fr:340429", "symbol_class": "building", "pixel_x": 3785.3, "pixel_y": 5294.1, "easting": 442035.2, "northing": 340996.4, "epsg_source": 22391}}, {"type": "Feature", "geometry": {"type": "Point", "coordinates": [9.4092937, 36.360966]}, "properties": {"record_id": "oai:u-bordeaux-montaigne.fr:340429", "symbol_class": "building", "pixel_x": 7020.5, "pixel_y": 5294.5, "easting": 455924.0, "northing": 339982.4, "epsg_source": 22391}}, {"type": "Feature", "geometry": {"type": "Point", "coordinates": [9.4050612, 36.3609502]}, "properties": {"record_id": "oai:u-bordeaux-montaigne.fr:340429", "symbol_class": "building", "pixel_x": 6932.5, "pixel_y": 5301.0, "easting": 455544.3, "northing": 339982.5, "epsg_source": 22391}}, {"type": "Feature", "geometry": {"type": "Point", "coordinates": [9.3434144, 36.363971]}, "properties": {"record_id": "oai:u-bordeaux-montaigne.fr:340429", "symbol_class": "building", "pixel_x": 5645.2, "pixel_y": 5310.0, "easting": 450015.4, "northing": 340347.5, "epsg_source": 22391}}, {"type": "Feature", "geometry": {"type": "Point", "coordinates": [9.4044284, 36.3606973]}, "properties": {"record_id": "oai:u-bordeaux-montaigne.fr:340429", "symbol_class": "building", "pixel_x": 6919.8, "pixel_y": 5308.5, "easting": 455487.4, "northing": 339954.8, "epsg_source": 22391}}, {"type": "Feature", "geometry": {"type": "Point", "coordinates": [9.398222, 36.3609617]}, "properties": {"record_id": "oai:u-bordeaux-montaigne.fr:340429", "symbol_class": "building", "pixel_x": 6790.2, "pixel_y": 5310.5, "easting": 454930.7, "northing": 339987.0, "epsg_source": 22391}}, {"type": "Feature", "geometry": {"type": "Point", "coordinates": [9.3975335, 36.3609132]}, "properties": {"record_id": "oai:u-bordeaux-montaigne.fr:340429", "symbol_class": "building", "pixel_x": 6776.0, "pixel_y": 5312.8, "easting": 454868.9, "northing": 339981.9, "epsg_source": 22391}}, {"type": "Feature", "geometry": {"type": "Point", "coordinates": [9.404512, 36.3604017]}, "properties": {"record_id": "oai:u-bordeaux-montaigne.fr:340429", "symbol_class": "building", "pixel_x": 6922.0, "pixel_y": 5316.2, "easting": 455494.7, "northing": 339921.9, "epsg_source": 22391}}, {"type": "Feature", "geometry": {"type": "Point", "coordinates": [9.3872074, 36.3613209]}, "properties": {"record_id": "oai:u-bordeaux-montaigne.fr:340429", "symbol_class": "building", "pixel_x": 6560.5, "pixel_y": 5316.9, "easting": 453942.7, "northing": 340031.9, "epsg_source": 22391}}, {"type": "Feature", "geometry": {"type": "Point", "coordinates": [9.3898084, 36.360909]}, "properties": {"record_id": "oai:u-bordeaux-montaigne.fr:340429", "symbol_class": "building", "pixel_x": 6615.3, "pixel_y": 5324.0, "easting": 454175.8, "northing": 339985.0, "epsg_source": 22391}}, {"type": "Feature", "geometry": {"type": "Point", "coordinates": [9.1997116, 36.3706442]}, "properties": {"record_id": "oai:u-bordeaux-montaigne.fr:340429", "symbol_class": "building", "pixel_x": 2645.4, "pixel_y": 5337.4, "easting": 437128.5, "northing": 341170.8, "epsg_source": 22391}}, {"type": "Feature", "geometry": {"type": "Point", "coordinates": [9.2209622, 36.3692368]}, "properties": {"record_id": "oai:u-bordeaux-montaigne.fr:340429", "symbol_class": "building", "pixel_x": 3089.7, "pixel_y": 5344.7, "easting": 439033.7, "northing": 341001.2, "epsg_source": 22391}}, {"type": "Feature", "geometry": {"type": "Point", "coordinates": [9.2362134, 36.368293]}, "properties": {"record_id": "oai:u-bordeaux-montaigne.fr:340429", "symbol_class": "building", "pixel_x": 3408.4, "pixel_y": 5348.1, "easting": 440401.1, "northing": 340887.1, "epsg_source": 22391}}, {"type": "Feature", "geometry": {"type": "Point", "coordinates": [9.3701608, 36.3608693]}, "properties": {"record_id": "oai:u-bordeaux-montaigne.fr:340429", "symbol_class": "building", "pixel_x": 6206.8, "pixel_y": 5353.2, "easting": 452413.0, "northing": 339990.0, "epsg_source": 22391}}, {"type": "Feature", "geometry": {"type": "Point", "coordinates": [9.2351978, 36.3679472]}, "properties": {"record_id": "oai:u-bordeaux-montaigne.fr:340429", "symbol_class": "building", "pixel_x": 3387.9, "pixel_y": 5358.6, "easting": 440309.8, "northing": 340849.3, "epsg_source": 22391}}, {"type": "Feature", "geometry": {"type": "Point", "coordinates": [9.368093, 36.3608891]}, "properties": {"record_id": "oai:u-bordeaux-montaigne.fr:340429", "symbol_class": "building", "pixel_x": 6163.7, "pixel_y": 5355.6, "easting": 452227.5, "northing": 339993.2, "epsg_source": 22391}}, {"type": "Feature", "geometry": {"type": "Point", "coordinates": [9.3690643, 36.3608626]}, "properties": {"record_id": "oai:u-bordeaux-montaigne.fr:340429", "symbol_class": "building", "pixel_x": 6184.0, "pixel_y": 5354.9, "easting": 452314.6, "northing": 339989.8, "epsg_source": 22391}}, {"type": "Feature", "geometry": {"type": "Point", "coordinates": [9.3669665, 36.3608575]}, "properties": {"record_id": "oai:u-bordeaux-montaigne.fr:340429", "symbol_class": "building", "pixel_x": 6140.4, "pixel_y": 5358.0, "easting": 452126.4, "northing": 339990.3, "epsg_source": 22391}}, {"type": "Feature", "geometry": {"type": "Point", "coordinates": [9.3648907, 36.3608616]}, "properties": {"record_id": "oai:u-bordeaux-montaigne.fr:340429", "symbol_class": "building", "pixel_x": 6097.2, "pixel_y": 5360.9, "easting": 451940.2, "northing": 339991.8, "epsg_source": 22391}}, {"type": "Feature", "geometry": {"type": "Point", "coordinates": [9.3627794, 36.3608674]}, "properties": {"record_id": "oai:u-bordeaux-montaigne.fr:340429", "symbol_class": "building", "pixel_x": 6053.2, "pixel_y": 5363.8, "easting": 451750.8, "northing": 339993.4, "epsg_source": 22391}}, {"type": "Feature", "geometry": {"type": "Point", "coordinates": [9.3636555, 36.36085]}, "properties": {"record_id": "oai:u-bordeaux-montaigne.fr:340429", "symbol_class": "building", "pixel_x": 6071.5, "pixel_y": 5363.0, "easting": 451829.4, "northing": 339991.1, "epsg_source": 22391}}, {"type": "Feature", "geometry": {"type": "Point", "coordinates": [9.2358194, 36.3675024]}, "properties": {"record_id": "oai:u-bordeaux-montaigne.fr:340429", "symbol_class": "building", "pixel_x": 3401.5, "pixel_y": 5369.4, "easting": 440365.2, "northing": 340799.6, "epsg_source": 22391}}, {"type": "Feature", "geometry": {"type": "Point", "coordinates": [9.3618679, 36.3608651]}, "properties": {"record_id": "oai:u-bordeaux-montaigne.fr:340429", "symbol_class": "building", "pixel_x": 6034.3, "pixel_y": 5365.1, "easting": 451669.0, "northing": 339993.6, "epsg_source": 22391}}, {"type": "Feature", "geometry": {"type": "Point", "coordinates": [9.1206774, 36.3735451]}, "properties": {"record_id": "oai:u-bordeaux-montaigne.fr:340429", "symbol_class": "building", "pixel_x": 996.8, "pixel_y": 5370.7, "easting": 430041.2, "northing": 341546.4, "epsg_source": 22391}}, {"type": "Feature", "geometry": {"type": "Point", "coordinates": [9.14862, 36.3720085]}, "properties": {"record_id": "oai:u-bordeaux-montaigne.fr:340429", "symbol_class": "building", "pixel_x": 1580.5, "pixel_y": 5372.5, "easting": 432546.4, "northing": 341356.3, "epsg_source": 22391}}, {"type": "Feature", "geometry": {"type": "Point", "coordinates": [9.130144, 36.372847]}, "properties": {"record_id": "oai:u-bordeaux-montaigne.fr:340429", "symbol_class": "building", "pixel_x": 1194.9, "pixel_y": 5376.0, "easting": 430889.7, "northing": 341462.2, "epsg_source": 22391}}, {"type": "Feature", "geometry": {"type": "Point", "coordinates": [9.1207252, 36.3729435]}, "properties": {"record_id": "oai:u-bordeaux-montaigne.fr:340429", "symbol_class": "building", "pixel_x": 998.8, "pixel_y": 5386.4, "easting": 430044.9, "northing": 341479.6, "epsg_source": 22391}}, {"type": "Feature", "geometry": {"type": "Point", "coordinates": [9.1302908, 36.3725186]}, "properties": {"record_id": "oai:u-bordeaux-montaigne.fr:340429", "symbol_class": "building", "pixel_x": 1198.4, "pixel_y": 5384.4, "easting": 430902.6, "northing": 341425.7, "epsg_source": 22391}}, {"type": "Feature", "geometry": {"type": "Point", "coordinates": [9.1298047, 36.3724029]}, "properties": {"record_id": "oai:u-bordeaux-montaigne.fr:340429", "symbol_class": "building", "pixel_x": 1188.5, "pixel_y": 5388.1, "easting": 430858.9, "northing": 341413.2, "epsg_source": 22391}}, {"type": "Feature", "geometry": {"type": "Point", "coordinates": [9.3483314, 36.3608176]}, "properties": {"record_id": "oai:u-bordeaux-montaigne.fr:340429", "symbol_class": "building", "pixel_x": 5752.8, "pixel_y": 5385.7, "easting": 450454.5, "northing": 339995.2, "epsg_source": 22391}}, {"type": "Feature", "geometry": {"type": "Point", "coordinates": [9.3475997, 36.360797]}, "properties": {"record_id": "oai:u-bordeaux-montaigne.fr:340429", "symbol_class": "building", "pixel_x": 5737.6, "pixel_y": 5387.2, "easting": 450388.8, "northing": 339993.2, "epsg_source": 22391}}, {"type": "Feature", "geometry": {"type": "Point", "coordinates": [9.1293883, 36.3723866]}, "properties": {"record_id": "oai:u-bordeaux-montaigne.fr:340429", "symbol_class": "building", "pixel_x": 1179.9, "pixel_y": 5389.1, "easting": 430821.5, "northing": 341411.7, "epsg_source": 22391}}, {"type": "Feature", "geometry": {"type": "Point", "coordinates": [9.3466739, 36.3608153]}, "properties": {"record_id": "oai:u-bordeaux-montaigne.fr:340429", "symbol_class": "building", "pixel_x": 5718.4, "pixel_y": 5388.1, "easting": 450305.8, "northing": 339995.7, "epsg_source": 22391}}, {"type": "Feature", "geometry": {"type": "Point", "coordinates": [9.3460723, 36.3607892]}, "properties": {"record_id": "oai:u-bordeaux-montaigne.fr:340429", "symbol_class": "building", "pixel_x": 5705.9, "pixel_y": 5389.6, "easting": 450251.8, "northing": 339993.2, "epsg_source": 22391}}, {"type": "Feature", "geometry": {"type": "Point", "coordinates": [9.2169708, 36.3674535]}, "properties": {"record_id": "oai:u-bordeaux-montaigne.fr:340429", "symbol_class": "building", "pixel_x": 3009.6, "pixel_y": 5397.0, "easting": 438674.2, "northing": 340805.9, "epsg_source": 22391}}, {"type": "Feature", "geometry": {"type": "Point", "coordinates": [9.3420144, 36.3607858]}, "properties": {"record_id": "oai:u-bordeaux-montaigne.fr:340429", "symbol_class": "building", "pixel_x": 5621.5, "pixel_y": 5395.5, "easting": 449887.7, "northing": 339994.9, "epsg_source": 22391}}, {"type": "Feature", "geometry": {"type": "Point", "coordinates": [9.3343478, 36.360784]}, "properties": {"record_id": "oai:u-bordeaux-montaigne.fr:340429", "symbol_class": "building", "pixel_x": 5462.0, "pixel_y": 5406.5, "easting": 449199.9, "northing": 339998.6, "epsg_source": 22391}}, {"type": "Feature", "geometry": {"type": "Point", "coordinates": [9.3332314, 36.3607508]}, "properties": {"record_id": "oai:u-bordeaux-montaigne.fr:340429", "symbol_class": "building", "pixel_x": 5438.9, "pixel_y": 5408.9, "easting": 449099.7, "northing": 339995.5, "epsg_source": 22391}}, {"type": "Feature", "geometry": {"type": "Point", "coordinates": [9.3280004, 36.3607697]}, "properties": {"record_id": "oai:u-bordeaux-montaigne.fr:340429", "symbol_class": "building", "pixel_x": 5330.1, "pixel_y": 5415.9, "easting": 448630.4, "northing": 340000.4, "epsg_source": 22391}}, {"type": "Feature", "geometry": {"type": "Point", "coordinates": [9.3288623, 36.3607555]}, "properties": {"record_id": "oai:u-bordeaux-montaigne.fr:340429", "symbol_class": "building", "pixel_x": 5348.0, "pixel_y": 5415.0, "easting": 448707.7, "northing": 339998.3, "epsg_source": 22391}}, {"type": "Feature", "geometry": {"type": "Point", "coordinates": [9.3241775, 36.3607321]}, "properties": {"record_id": "oai:u-bordeaux-montaigne.fr:340429", "symbol_class": "building", "pixel_x": 5250.6, "pixel_y": 5422.3, "easting": 448287.4, "northing": 339998.2, "epsg_source": 22391}}, {"type": "Feature", "geometry": {"type": "Point", "coordinates": [9.323405, 36.3607014]}, "properties": {"record_id": "oai:u-bordeaux-montaigne.fr:340429", "symbol_class": "building", "pixel_x": 5234.6, "pixel_y": 5424.2, "easting": 448218.1, "northing": 339995.2, "epsg_source": 22391}}, {"type": "Feature", "geometry": {"type": "Point", "coordinates": [9.2543796, 36.3643365]}, "properties": {"record_id": "oai:u-bordeaux-montaigne.fr:340429", "symbol_class": "building", "pixel_x": 3792.8, "pixel_y": 5426.3, "easting": 442027.9, "northing": 340437.3, "epsg_source": 22391}}, {"type": "Feature", "geometry": {"type": "Point", "coordinates": [9.3228734, 36.3607175]}, "properties": {"record_id": "oai:u-bordeaux-montaigne.fr:340429", "symbol_class": "building", "pixel_x": 5223.5, "pixel_y": 5424.5, "easting": 448170.4, "northing": 339997.3, "epsg_source": 22391}}, {"type": "Feature", "geometry": {"type": "Point", "coordinates": [9.3212732, 36.3607065]}, "properties": {"record_id": "oai:u-bordeaux-montaigne.fr:340429", "symbol_class": "building", "pixel_x": 5190.2, "pixel_y": 5427.1, "easting": 448026.8, "northing": 339996.9, "epsg_source": 22391}}, {"type": "Feature", "geometry": {"type": "Point", "coordinates": [9.3204938, 36.3607213]}, "properties": {"record_id": "oai:u-bordeaux-montaigne.fr:340429", "symbol_class": "building", "pixel_x": 5174.0, "pixel_y": 5427.8, "easting": 447956.9, "northing": 339999.0, "epsg_source": 22391}}, {"type": "Feature", "geometry": {"type": "Point", "coordinates": [9.3158056, 36.3606835]}, "properties": {"record_id": "oai:u-bordeaux-montaigne.fr:340429", "symbol_class": "building", "pixel_x": 5076.6, "pixel_y": 5435.4, "easting": 447536.2, "northing": 339997.3, "epsg_source": 22391}}, {"type": "Feature", "geometry": {"type": "Point", "coordinates": [9.4734442, 36.3520537]}, "properties": {"record_id": "oai:u-bordeaux-montaigne.fr:340429", "symbol_class": "building", "pixel_x": 8370.0, "pixel_y": 5435.4, "easting": 461675.2, "northing": 338966.7, "epsg_source": 22391}}, {"type": "Feature", "geometry": {"type": "Point", "coordinates": [9.3122448, 36.3606775]}, "properties": {"record_id": "oai:u-bordeaux-montaigne.fr:340429", "symbol_class": "building", "pixel_x": 5002.5, "pixel_y": 5440.6, "easting": 447216.8, "northing": 339998.5, "epsg_source": 22391}}, {"type": "Feature", "geometry": {"type": "Point", "coordinates": [9.4675189, 36.3519826]}, "properties": {"record_id": "oai:u-bordeaux-montaigne.fr:340429", "symbol_class": "building", "pixel_x": 8246.9, "pixel_y": 5445.9, "easting": 461143.5, "northing": 338961.1, "epsg_source": 22391}}, {"type": "Feature", "geometry": {"type": "Point", "coordinates": [9.1541657, 36.3688558]}, "properties": {"record_id": "oai:u-bordeaux-montaigne.fr:340429", "symbol_class": "building", "pixel_x": 1701.0, "pixel_y": 5447.5, "easting": 433041.2, "northing": 341002.7, "epsg_source": 22391}}, {"type": "Feature", "geometry": {"type": "Point", "coordinates": [9.4628377, 36.3519891]}, "properties": {"record_id": "oai:u-bordeaux-montaigne.fr:340429", "symbol_class": "building", "pixel_x": 8149.5, "pixel_y": 5452.5, "easting": 460723.5, "northing": 338963.7, "epsg_source": 22391}}, {"type": "Feature", "geometry": {"type": "Point", "coordinates": [9.3016467, 36.3606272]}, "properties": {"record_id": "oai:u-bordeaux-montaigne.fr:340429", "symbol_class": "building", "pixel_x": 4782.1, "pixel_y": 5456.9, "easting": 446265.9, "northing": 339998.7, "epsg_source": 22391}}, {"type": "Feature", "geometry": {"type": "Point", "coordinates": [9.2990865, 36.3605669]}, "properties": {"record_id": "oai:u-bordeaux-montaigne.fr:340429", "symbol_class": "building", "pixel_x": 4729.0, "pixel_y": 5462.2, "easting": 446036.2, "northing": 339993.5, "epsg_source": 22391}}, {"type": "Feature", "geometry": {"type": "Point", "coordinates": [9.2981989, 36.3606252]}, "properties": {"record_id": "oai:u-bordeaux-montaigne.fr:340429", "symbol_class": "building", "pixel_x": 4710.4, "pixel_y": 5461.9, "easting": 445956.6, "northing": 340000.4, "epsg_source": 22391}}, {"type": "Feature", "geometry": {"type": "Point", "coordinates": [9.2961281, 36.3605956]}, "properties": {"record_id": "oai:u-bordeaux-montaigne.fr:340429", "symbol_class": "building", "pixel_x": 4667.4, "pixel_y": 5465.6, "easting": 445770.8, "northing": 339998.3, "epsg_source": 22391}}, {"type": "Feature", "geometry": {"type": "Point", "coordinates": [9.4123855, 36.3541017]}, "properties": {"record_id": "oai:u-bordeaux-montaigne.fr:340429", "symbol_class": "building", "pixel_x": 7096.5, "pixel_y": 5470.0, "easting": 456197.6, "northing": 339219.6, "epsg_source": 22391}}, {"type": "Feature", "geometry": {"type": "Point", "coordinates": [9.2909282, 36.3605698]}, "properties": {"record_id": "oai:u-bordeaux-montaigne.fr:340429", "symbol_class": "building", "pixel_x": 4559.3, "pixel_y": 5473.6, "easting": 445304.2, "northing": 339998.3, "epsg_source": 22391}}, {"type": "Feature", "geometry": {"type": "Point", "coordinates": [9.2913148, 36.3605654]}, "properties": {"record_id": "oai:u-bordeaux-montaigne.fr:340429", "symbol_class": "building", "pixel_x": 4567.4, "pixel_y": 5473.2, "easting": 445338.9, "northing": 339997.6, "epsg_source": 22391}}, {"type": "Feature", "geometry": {"type": "Point", "coordinates": [9.2917312, 36.3605463]}, "properties": {"record_id": "oai:u-bordeaux-montaigne.fr:340429", "symbol_class": "building", "pixel_x": 4576.0, "pixel_y": 5473.1, "easting": 445376.2, "northing": 339995.3, "epsg_source": 22391}}, {"type": "Feature", "geometry": {"type": "Point", "coordinates": [9.2904181, 36.3605763]}, "properties": {"record_id": "oai:u-bordeaux-montaigne.fr:340429", "symbol_class": "building", "pixel_x": 4548.7, "pixel_y": 5474.2, "easting": 445258.5, "northing": 339999.3, "epsg_source": 22391}}, {"type": "Feature", "geometry": {"type": "Point", "coordinates": [9.2896279, 36.3605608]}, "properties": {"record_id": "oai:u-bordeaux-montaigne.fr:340429", "symbol_class": "building", "pixel_x": 4532.3, "pixel_y": 5475.7, "easting": 445187.5, "northing": 339998.1, "epsg_source": 22391}}, {"type": "Feature", "geometry": {"type": "Point", "coordinates": [9.1317803, 36.368747]}, "properties": {"record_id": "oai:u-bordeaux-montaigne.fr:340429", "symbol_class": "building", "pixel_x": 1235.6, "pixel_y": 5481.2, "easting": 431032.9, "northing": 341006.2, "epsg_source": 22391}}, {"type": "Feature", "geometry": {"type": "Point", "coordinates": [9.2859832, 36.3605399]}, "properties": {"record_id": "oai:u-bordeaux-montaigne.fr:340429", "symbol_class": "building", "pixel_x": 4456.5, "pixel_y": 5481.4, "easting": 444860.5, "northing": 339997.8, "epsg_source": 22391}}, {"type": "Feature", "geometry": {"type": "Point", "coordinates": [9.14428, 36.3679592]}, "properties": {"record_id": "oai:u-bordeaux-montaigne.fr:340429", "symbol_class": "building", "pixel_x": 1496.8, "pixel_y": 5484.7, "easting": 432153.6, "northing": 340910.1, "epsg_source": 22391}}, {"type": "Feature", "geometry": {"type": "Point", "coordinates": [9.4422104, 36.351958]}, "properties": {"record_id": "oai:u-bordeaux-montaigne.fr:340429", "symbol_class": "building", "pixel_x": 7720.5, "pixel_y": 5483.2, "easting": 458872.6, "northing": 338968.8, "epsg_source": 22391}}, {"type": "Feature", "geometry": {"type": "Point", "coordinates": [9.2826595, 36.3605296]}, "properties": {"record_id": "oai:u-bordeaux-montaigne.fr:340429", "symbol_class": "building", "pixel_x": 4387.4, "pixel_y": 5486.3, "easting": 444562.3, "northing": 339998.5, "epsg_source": 22391}}, {"type": "Feature", "geometry": {"type": "Point", "coordinates": [9.1439654, 36.3676918]}, "properties": {"record_id": "oai:u-bordeaux-montaigne.fr:340429", "symbol_class": "building", "pixel_x": 1490.7, "pixel_y": 5492.1, "easting": 432125.1, "northing": 340880.7, "epsg_source": 22391}}, {"type": "Feature", "geometry": {"type": "Point", "coordinates": [9.2790016, 36.3605094]}, "properties": {"record_id": "oai:u-bordeaux-montaigne.fr:340429", "symbol_class": "building", "pixel_x": 4311.3, "pixel_y": 5492.0, "easting": 444234.1, "northing": 339998.4, "epsg_source": 22391}}, {"type": "Feature", "geometry": {"type": "Point", "coordinates": [9.2783441, 36.3604934]}, "properties": {"record_id": "oai:u-bordeaux-montaigne.fr:340429", "symbol_class": "building", "pixel_x": 4297.7, "pixel_y": 5493.4, "easting": 444175.1, "northing": 339997.0, "epsg_source": 22391}}, {"type": "Feature", "geometry": {"type": "Point", "coordinates": [9.2766848, 36.3604901]}, "properties": {"record_id": "oai:u-bordeaux-montaigne.fr:340429", "symbol_class": "building", "pixel_x": 4263.2, "pixel_y": 5495.8, "easting": 444026.3, "northing": 339997.6, "epsg_source": 22391}}, {"type": "Feature", "geometry": {"type": "Point", "coordinates": [9.275601, 36.3604925]}, "properties": {"record_id": "oai:u-bordeaux-montaigne.fr:340429", "symbol_class": "building", "pixel_x": 4240.6, "pixel_y": 5497.3, "easting": 443929.0, "northing": 339998.5, "epsg_source": 22391}}, {"type": "Feature", "geometry": {"type": "Point", "coordinates": [9.2436801, 36.3620444]}, "properties": {"record_id": "oai:u-bordeaux-montaigne.fr:340429", "symbol_class": "building", "pixel_x": 3574.1, "pixel_y": 5501.4, "easting": 441066.3, "northing": 340189.4, "epsg_source": 22391}}, {"type": "Feature", "geometry": {"type": "Point", "coordinates": [9.2744591, 36.3604943]}, "properties": {"record_id": "oai:u-bordeaux-montaigne.fr:340429", "symbol_class": "building", "pixel_x": 4216.9, "pixel_y": 5498.8, "easting": 443826.6, "northing": 339999.3, "epsg_source": 22391}}, {"type": "Feature", "geometry": {"type": "Point", "coordinates": [9.1202595, 36.3686667]}, "properties": {"record_id": "oai:u-bordeaux-montaigne.fr:340429", "symbol_class": "building", "pixel_x": 996.1, "pixel_y": 5499.2, "easting": 429999.4, "northing": 341005.5, "epsg_source": 22391}}, {"type": "Feature", "geometry": {"type": "Point", "coordinates": [9.2719832, 36.3605026]}, "properties": {"record_id": "oai:u-bordeaux-montaigne.fr:340429", "symbol_class": "building", "pixel_x": 4165.4, "pixel_y": 5502.1, "easting": 443604.4, "northing": 340001.7, "epsg_source": 22391}}, {"type": "Feature", "geometry": {"type": "Point", "coordinates": [9.2689181, 36.3604735]}, "properties": {"record_id": "oai:u-bordeaux-montaigne.fr:340429", "symbol_class": "building", "pixel_x": 4101.7, "pixel_y": 5507.2, "easting": 443329.4, "northing": 340000.2, "epsg_source": 22391}}, {"type": "Feature", "geometry": {"type": "Point", "coordinates": [9.2175935, 36.3629836]}, "properties": {"record_id": "oai:u-bordeaux-montaigne.fr:340429", "symbol_class": "building", "pixel_x": 3029.9, "pixel_y": 5513.3, "easting": 438726.6, "northing": 340309.7, "epsg_source": 22391}}, {"type": "Feature", "geometry": {"type": "Point", "coordinates": [9.2674414, 36.3604598]}, "properties": {"record_id": "oai:u-bordeaux-montaigne.fr:340429", "symbol_class": "building", "pixel_x": 4071.0, "pixel_y": 5509.6, "easting": 443196.9, "northing": 339999.6, "epsg_source": 22391}}, {"type": "Feature", "geometry": {"type": "Point", "coordinates": [9.2658966, 36.3604602]}, "properties": {"record_id": "oai:u-bordeaux-montaigne.fr:340429", "symbol_class": "building", "pixel_x": 4038.8, "pixel_y": 5511.8, "easting": 443058.3, "northing": 340000.5, "epsg_source": 22391}}, {"type": "Feature", "geometry": {"type": "Point", "coordinates": [9.2643076, 36.360449]}, "properties": {"record_id": "oai:u-bordeaux-montaigne.fr:340429", "symbol_class": "building", "pixel_x": 4005.8, "pixel_y": 5514.3, "easting": 442915.8, "northing": 340000.2, "epsg_source": 22391}}, {"type": "Feature", "geometry": {"type": "Point", "coordinates": [9.1207959, 36.3675788]}, "properties": {"record_id": "oai:u-bordeaux-montaigne.fr:340429", "symbol_class": "building", "pixel_x": 1009.0, "pixel_y": 5527.0, "easting": 430046.5, "northing": 340884.5, "epsg_source": 22391}}, {"type": "Feature", "geometry": {"type": "Point", "coordinates": [9.398674, 36.3527706]}, "properties": {"record_id": "oai:u-bordeaux-montaigne.fr:340429", "symbol_class": "building", "pixel_x": 6813.6, "pixel_y": 5524.6, "easting": 454966.6, "northing": 339078.1, "epsg_source": 22391}}, {"type": "Feature", "geometry": {"type": "Point", "coordinates": [9.4137778, 36.3518798]}, "properties": {"record_id": "oai:u-bordeaux-montaigne.fr:340429", "symbol_class": "building", "pixel_x": 7129.2, "pixel_y": 5526.2, "easting": 456321.3, "northing": 338972.5, "epsg_source": 22391}}, {"type": "Feature", "geometry": {"type": "Point", "coordinates": [9.3938719, 36.3526551]}, "properties": {"record_id": "oai:u-bordeaux-montaigne.fr:340429", "symbol_class": "building", "pixel_x": 6713.9, "pixel_y": 5534.5, "easting": 454535.6, "northing": 339067.6, "epsg_source": 22391}}, {"type": "Feature", "geometry": {"type": "Point", "coordinates": [9.4138562, 36.3516486]}, "properties": {"record_id": "oai:u-bordeaux-montaigne.fr:340429", "symbol_class": "building", "pixel_x": 7131.3, "pixel_y": 5532.2, "easting": 456328.2, "northing": 338946.8, "epsg_source": 22391}}, {"type": "Feature", "geometry": {"type": "Point", "coordinates": [9.4153545, 36.3512909]}, "properties": {"record_id": "oai:u-bordeaux-montaigne.fr:340429", "symbol_class": "building", "pixel_x": 7163.0, "pixel_y": 5539.4, "easting": 456462.5, "northing": 338906.4, "epsg_source": 22391}}, {"type": "Feature", "geometry": {"type": "Point", "coordinates": [9.2074861, 36.3625297]}, "properties": {"record_id": "oai:u-bordeaux-montaigne.fr:340429", "symbol_class": "building", "pixel_x": 2820.5, "pixel_y": 5539.3, "easting": 437819.5, "northing": 340265.7, "epsg_source": 22391}}, {"type": "Feature", "geometry": {"type": "Point", "coordinates": [9.3946342, 36.3525694]}, "properties": {"record_id": "oai:u-bordeaux-montaigne.fr:340429", "symbol_class": "building", "pixel_x": 6729.9, "pixel_y": 5535.7, "easting": 454604.0, "northing": 339057.7, "epsg_source": 22391}}, {"type": "Feature", "geometry": {"type": "Point", "coordinates": [9.3954217, 36.3523414]}, "properties": {"record_id": "oai:u-bordeaux-montaigne.fr:340429", "symbol_class": "building", "pixel_x": 6746.6, "pixel_y": 5540.5, "easting": 454674.5, "northing": 339032.0, "epsg_source": 22391}}, {"type": "Feature", "geometry": {"type": "Point", "coordinates": [9.3676297, 36.3537284]}, "properties": {"record_id": "oai:u-bordeaux-montaigne.fr:340429", "symbol_class": "building", "pixel_x": 6166.2, "pixel_y": 5544.0, "easting": 452181.6, "northing": 339199.2, "epsg_source": 22391}}, {"type": "Feature", "geometry": {"type": "Point", "coordinates": [9.120797, 36.3662808]}, "properties": {"record_id": "oai:u-bordeaux-montaigne.fr:340429", "symbol_class": "building", "pixel_x": 1011.1, "pixel_y": 5561.0, "easting": 430045.5, "northing": 340740.5, "epsg_source": 22391}}, {"type": "Feature", "geometry": {"type": "Point", "coordinates": [9.4167461, 36.3501337]}, "properties": {"record_id": "oai:u-bordeaux-montaigne.fr:340429", "symbol_class": "building", "pixel_x": 7194.0, "pixel_y": 5567.7, "easting": 456586.7, "northing": 338777.5, "epsg_source": 22391}}, {"type": "Feature", "geometry": {"type": "Point", "coordinates": [9.1228847, 36.3659726]}, "properties": {"record_id": "oai:u-bordeaux-montaigne.fr:340429", "symbol_class": "building", "pixel_x": 1055.1, "pixel_y": 5566.2, "easting": 430232.5, "northing": 340704.8, "epsg_source": 22391}}, {"type": "Feature", "geometry": {"type": "Point", "coordinates": [9.2289674, 36.3603212]}, "properties": {"record_id": "oai:u-bordeaux-montaigne.fr:340429", "symbol_class": "building", "pixel_x": 3270.9, "pixel_y": 5567.2, "easting": 439745.0, "northing": 340007.3, "epsg_source": 22391}}, {"type": "Feature", "geometry": {"type": "Point", "coordinates": [9.2277111, 36.3603161]}, "properties": {"record_id": "oai:u-bordeaux-montaigne.fr:340429", "symbol_class": "building", "pixel_x": 3244.8, "pixel_y": 5569.1, "easting": 439632.3, "northing": 340007.5, "epsg_source": 22391}}, {"type": "Feature", "geometry": {"type": "Point", "coordinates": [9.1217306, 36.3656992]}, "properties": {"record_id": "oai:u-bordeaux-montaigne.fr:340429", "symbol_class": "building", "pixel_x": 1031.5, "pixel_y": 5575.0, "easting": 430128.7, "northing": 340675.3, "epsg_source": 22391}}, {"type": "Feature", "geometry": {"type": "Point", "coordinates": [9.1251812, 36.3654582]}, "properties": {"record_id": "oai:u-bordeaux-montaigne.fr:340429", "symbol_class": "building", "pixel_x": 1103.7, "pixel_y": 5576.6, "easting": 430438.0, "northing": 340646.1, "epsg_source": 22391}}, {"type": "Feature", "geometry": {"type": "Point", "coordinates": [9.1220303, 36.3655357]}, "properties": {"record_id": "oai:u-bordeaux-montaigne.fr:340429", "symbol_class": "building", "pixel_x": 1038.0, "pixel_y": 5578.9, "easting": 430155.4, "northing": 340657.0, "epsg_source": 22391}}, {"type": "Feature", "geometry": {"type": "Point", "coordinates": [9.1645057, 36.3631597]}, "properties": {"record_id": "oai:u-bordeaux-montaigne.fr:340429", "symbol_class": "building", "pixel_x": 1925.4, "pixel_y": 5582.5, "easting": 433964.0, "northing": 340363.8, "epsg_source": 22391}}, {"type": "Feature", "geometry": {"type": "Point", "coordinates": [9.1192069, 36.3650879]}, "properties": {"record_id": "oai:u-bordeaux-montaigne.fr:340429", "symbol_class": "building", "pixel_x": 980.0, "pixel_y": 5594.5, "easting": 429901.8, "northing": 340609.3, "epsg_source": 22391}}, {"type": "Feature", "geometry": {"type": "Point", "coordinates": [9.2097943, 36.3602049]}, "properties": {"record_id": "oai:u-bordeaux-montaigne.fr:340429", "symbol_class": "building", "pixel_x": 2872.3, "pixel_y": 5597.1, "easting": 438024.7, "northing": 340006.4, "epsg_source": 22391}}, {"type": "Feature", "geometry": {"type": "Point", "coordinates": [9.4093489, 36.3491715]}, "properties": {"record_id": "oai:u-bordeaux-montaigne.fr:340429", "symbol_class": "building", "pixel_x": 7041.7, "pixel_y": 5603.6, "easting": 455922.4, "northing": 338674.0, "epsg_source": 22391}}, {"type": "Feature", "geometry": {"type": "Point", "coordinates": [9.4108248, 36.3486563]}, "properties": {"record_id": "oai:u-bordeaux-montaigne.fr:340429", "symbol_class": "building", "pixel_x": 7073.3, "pixel_y": 5615.0, "easting": 456054.5, "northing": 338616.2, "epsg_source": 22391}}, {"type": "Feature", "geometry": {"type": "Point", "coordinates": [9.214673, 36.3586429]}, "properties": {"record_id": "oai:u-bordeaux-montaigne.fr:340429", "symbol_class": "building", "pixel_x": 2976.4, "pixel_y": 5631.2, "easting": 438461.2, "northing": 339830.0, "epsg_source": 22391}}, {"type": "Feature", "geometry": {"type": "Point", "coordinates": [9.1879415, 36.3601128]}, "properties": {"record_id": "oai:u-bordeaux-montaigne.fr:340429", "symbol_class": "building", "pixel_x": 2417.9, "pixel_y": 5629.9, "easting": 436064.1, "northing": 340010.3, "epsg_source": 22391}}, {"type": "Feature", "geometry": {"type": "Point", "coordinates": [9.1477773, 36.3620565]}, "properties": {"record_id": "oai:u-bordeaux-montaigne.fr:340429", "symbol_class": "building", "pixel_x": 1579.2, "pixel_y": 5634.6, "easting": 432462.3, "northing": 340252.9, "epsg_source": 22391}}, {"type": "Feature", "geometry": {"type": "Point", "coordinates": [9.4140735, 36.3474328]}, "properties": {"record_id": "oai:u-bordeaux-montaigne.fr:340429", "symbol_class": "building", "pixel_x": 7143.0, "pixel_y": 5642.4, "easting": 456345.4, "northing": 338479.1, "epsg_source": 22391}}, {"type": "Feature", "geometry": {"type": "Point", "coordinates": [9.1816519, 36.3600664]}, "properties": {"record_id": "oai:u-bordeaux-montaigne.fr:340429", "symbol_class": "building", "pixel_x": 2287.1, "pixel_y": 5639.9, "easting": 435499.7, "northing": 340009.3, "epsg_source": 22391}}, {"type": "Feature", "geometry": {"type": "Point", "coordinates": [9.180683, 36.3600681]}, "properties": {"record_id": "oai:u-bordeaux-montaigne.fr:340429", "symbol_class": "building", "pixel_x": 2267.0, "pixel_y": 5641.2, "easting": 435412.8, "northing": 340010.1, "epsg_source": 22391}}, {"type": "Feature", "geometry": {"type": "Point", "coordinates": [9.4124036, 36.3472059]}, "properties": {"record_id": "oai:u-bordeaux-montaigne.fr:340429", "symbol_class": "building", "pixel_x": 7108.6, "pixel_y": 5650.8, "easting": 456195.4, "northing": 338454.6, "epsg_source": 22391}}, {"type": "Feature", "geometry": {"type": "Point", "coordinates": [9.4106935, 36.3470115]}, "properties": {"record_id": "oai:u-bordeaux-montaigne.fr:340429", "symbol_class": "building", "pixel_x": 7073.4, "pixel_y": 5658.3, "easting": 456041.9, "northing": 338433.8, "epsg_source": 22391}}, {"type": "Feature", "geometry": {"type": "Point", "coordinates": [9.1680149, 36.3599574]}, "properties": {"record_id": "oai:u-bordeaux-montaigne.fr:340429", "symbol_class": "building", "pixel_x": 2003.6, "pixel_y": 5661.6, "easting": 434276.2, "northing": 340006.3, "epsg_source": 22391}}, {"type": "Feature", "geometry": {"type": "Point", "coordinates": [9.1668695, 36.3599867]}, "properties": {"record_id": "oai:u-bordeaux-montaigne.fr:340429", "symbol_class": "building", "pixel_x": 1979.8, "pixel_y": 5662.5, "easting": 434173.4, "northing": 340010.3, "epsg_source": 22391}}, {"type": "Feature", "geometry": {"type": "Point", "coordinates": [9.1674475, 36.3599611]}, "properties": {"record_id": "oai:u-bordeaux-montaigne.fr:340429", "symbol_class": "building", "pixel_x": 1991.8, "pixel_y": 5662.3, "easting": 434225.3, "northing": 340007.1, "epsg_source": 22391}}, {"type": "Feature", "geometry": {"type": "Point", "coordinates": [9.4133476, 36.3464551]}, "properties": {"record_id": "oai:u-bordeaux-montaigne.fr:340429", "symbol_class": "building", "pixel_x": 7129.5, "pixel_y": 5669.1, "easting": 456279.7, "northing": 338370.9, "epsg_source": 22391}}, {"type": "Feature", "geometry": {"type": "Point", "coordinates": [9.4107363, 36.3466562]}, "properties": {"record_id": "oai:u-bordeaux-montaigne.fr:340429", "symbol_class": "building", "pixel_x": 7074.9, "pixel_y": 5667.6, "easting": 456045.5, "northing": 338394.4, "epsg_source": 22391}}, {"type": "Feature", "geometry": {"type": "Point", "coordinates": [9.4040713, 36.3467953]}, "properties": {"record_id": "oai:u-bordeaux-montaigne.fr:340429", "symbol_class": "building", "pixel_x": 6936.0, "pixel_y": 5673.5, "easting": 455447.5, "northing": 338412.9, "epsg_source": 22391}}, {"type": "Feature", "geometry": {"type": "Point", "coordinates": [9.4046847, 36.346697]}, "properties": {"record_id": "oai:u-bordeaux-montaigne.fr:340429", "symbol_class": "building", "pixel_x": 6948.9, "pixel_y": 5675.2, "easting": 455502.5, "northing": 338401.7, "epsg_source": 22391}}, {"type": "Feature", "geometry": {"type": "Point", "coordinates": [9.2247299, 36.356392]}, "properties": {"record_id": "oai:u-bordeaux-montaigne.fr:340429", "symbol_class": "building", "pixel_x": 3189.3, "pixel_y": 5676.2, "easting": 439361.8, "northing": 339574.0, "epsg_source": 22391}}, {"type": "Feature", "geometry": {"type": "Point", "coordinates": [9.4051198, 36.3466472]}, "properties": {"record_id": "oai:u-bordeaux-montaigne.fr:340429", "symbol_class": "building", "pixel_x": 6958.1, "pixel_y": 5675.9, "easting": 455541.5, "northing": 338395.9, "epsg_source": 22391}}, {"type": "Feature", "geometry": {"type": "Point", "coordinates": [9.4106937, 36.3463584]}, "properties": {"record_id": "oai:u-bordeaux-montaigne.fr:340429", "symbol_class": "building", "pixel_x": 7074.5, "pixel_y": 5675.4, "easting": 456041.5, "northing": 338361.4, "epsg_source": 22391}}, {"type": "Feature", "geometry": {"type": "Point", "coordinates": [9.471433, 36.3429941]}, "properties": {"record_id": "oai:u-bordeaux-montaigne.fr:340429", "symbol_class": "building", "pixel_x": 8343.7, "pixel_y": 5675.8, "easting": 461490.3, "northing": 337962.5, "epsg_source": 22391}}, {"type": "Feature", "geometry": {"type": "Point", "coordinates": [9.1570516, 36.3599027]}, "properties": {"record_id": "oai:u-bordeaux-montaigne.fr:340429", "symbol_class": "building", "pixel_x": 1775.7, "pixel_y": 5678.3, "easting": 433292.5, "northing": 340007.6, "epsg_source": 22391}}, {"type": "Feature", "geometry": {"type": "Point", "coordinates": [9.1576584, 36.3598831]}, "properties": {"record_id": "oai:u-bordeaux-montaigne.fr:340429", "symbol_class": "building", "pixel_x": 1788.3, "pixel_y": 5677.9, "easting": 433346.9, "northing": 340005.0, "epsg_source": 22391}}, {"type": "Feature", "geometry": {"type": "Point", "coordinates": [9.1543246, 36.359938]}, "properties": {"record_id": "oai:u-bordeaux-montaigne.fr:340429", "symbol_class": "building", "pixel_x": 1718.9, "pixel_y": 5681.1, "easting": 433047.9, "northing": 340013.4, "epsg_source": 22391}}, {"type": "Feature", "geometry": {"type": "Point", "coordinates": [9.1560263, 36.359888]}, "properties": {"record_id": "oai:u-bordeaux-montaigne.fr:340429", "symbol_class": "building", "pixel_x": 1754.4, "pixel_y": 5680.1, "easting": 433200.5, "northing": 340006.7, "epsg_source": 22391}}, {"type": "Feature", "geometry": {"type": "Point", "coordinates": [9.4139231, 36.3458446]}, "properties": {"record_id": "oai:u-bordeaux-montaigne.fr:340429", "symbol_class": "building", "pixel_x": 7142.6, "pixel_y": 5684.2, "easting": 456331.0, "northing": 338302.9, "epsg_source": 22391}}, {"type": "Feature", "geometry": {"type": "Point", "coordinates": [9.4541219, 36.343659]}, "properties": {"record_id": "oai:u-bordeaux-montaigne.fr:340429", "symbol_class": "building", "pixel_x": 7982.5, "pixel_y": 5683.5, "easting": 459937.2, "northing": 338043.3, "epsg_source": 22391}}, {"type": "Feature", "geometry": {"type": "Point", "coordinates": [9.3827982, 36.3475198]}, "properties": {"record_id": "oai:u-bordeaux-montaigne.fr:340429", "symbol_class": "building", "pixel_x": 6492.2, "pixel_y": 5685.0, "easting": 453539.0, "northing": 338503.1, "epsg_source": 22391}}, {"type": "Feature", "geometry": {"type": "Point", "coordinates": [9.4662992, 36.3429665]}, "properties": {"record_id": "oai:u-bordeaux-montaigne.fr:340429", "symbol_class": "building", "pixel_x": 8237.0, "pixel_y": 5684.0, "easting": 461029.6, "northing": 337961.5, "epsg_source": 22391}}, {"type": "Feature", "geometry": {"type": "Point", "coordinates": [9.46405, 36.3430214]}, "properties": {"record_id": "oai:u-bordeaux-montaigne.fr:340429", "symbol_class": "building", "pixel_x": 8190.1, "pixel_y": 5685.8, "easting": 460827.8, "northing": 337968.5, "epsg_source": 22391}}, {"type": "Feature", "geometry": {"type": "Point", "coordinates": [9.4536508, 36.3434847]}, "properties": {"record_id": "oai:u-bordeaux-montaigne.fr:340429", "symbol_class": "building", "pixel_x": 7973.0, "pixel_y": 5688.8, "easting": 459894.8, "northing": 338024.1, "epsg_source": 22391}}, {"type": "Feature", "geometry": {"type": "Point", "coordinates": [9.3821394, 36.3473744]}, "properties": {"record_id": "oai:u-bordeaux-montaigne.fr:340429", "symbol_class": "building", "pixel_x": 6478.8, "pixel_y": 5689.8, "easting": 453479.8, "northing": 338487.3, "epsg_source": 22391}}, {"type": "Feature", "geometry": {"type": "Point", "coordinates": [9.4617878, 36.3429915]}, "properties": {"record_id": "oai:u-bordeaux-montaigne.fr:340429", "symbol_class": "building", "pixel_x": 8143.1, "pixel_y": 5689.9, "easting": 460624.8, "northing": 337966.1, "epsg_source": 22391}}, {"type": "Feature", "geometry": {"type": "Point", "coordinates": [9.4633652, 36.3428984]}, "properties": {"record_id": "oai:u-bordeaux-montaigne.fr:340429", "symbol_class": "building", "pixel_x": 8176.1, "pixel_y": 5690.0, "easting": 460766.3, "northing": 337955.1, "epsg_source": 22391}}, {"type": "Feature", "geometry": {"type": "Point", "coordinates": [9.14694, 36.3598406]}, "properties": {"record_id": "oai:u-bordeaux-montaigne.fr:340429", "symbol_class": "building", "pixel_x": 1565.4, "pixel_y": 5693.9, "easting": 432385.3, "northing": 340007.7, "epsg_source": 22391}}, {"type": "Feature", "geometry": {"type": "Point", "coordinates": [9.2674223, 36.3534299]}, "properties": {"record_id": "oai:u-bordeaux-montaigne.fr:340429", "symbol_class": "building", "pixel_x": 4082.3, "pixel_y": 5693.9, "easting": 443190.2, "northing": 339219.8, "epsg_source": 22391}}, {"type": "Feature", "geometry": {"type": "Point", "coordinates": [9.4146539, 36.3451793]}, "properties": {"record_id": "oai:u-bordeaux-montaigne.fr:340429", "symbol_class": "building", "pixel_x": 7158.9, "pixel_y": 5700.6, "easting": 456396.2, "northing": 338228.8, "epsg_source": 22391}}, {"type": "Feature", "geometry": {"type": "Point", "coordinates": [9.4150068, 36.3451808]}, "properties": {"record_id": "oai:u-bordeaux-montaigne.fr:340429", "symbol_class": "building", "pixel_x": 7166.2, "pixel_y": 5700.1, "easting": 456427.9, "northing": 338228.8, "epsg_source": 22391}}, {"type": "Feature", "geometry": {"type": "Point", "coordinates": [9.4582445, 36.3429352]}, "properties": {"record_id": "oai:u-bordeaux-montaigne.fr:340429", "symbol_class": "building", "pixel_x": 8069.5, "pixel_y": 5696.5, "easting": 460306.8, "northing": 337961.3, "epsg_source": 22391}}, {"type": "Feature", "geometry": {"type": "Point", "coordinates": [9.1433853, 36.3598096]}, "properties": {"record_id": "oai:u-bordeaux-montaigne.fr:340429", "symbol_class": "building", "pixel_x": 1491.5, "pixel_y": 5699.6, "easting": 432066.3, "northing": 340006.7, "epsg_source": 22391}}, {"type": "Feature", "geometry": {"type": "Point", "coordinates": [9.1419498, 36.3598102]}, "properties": {"record_id": "oai:u-bordeaux-montaigne.fr:340429", "symbol_class": "building", "pixel_x": 1461.7, "pixel_y": 5701.6, "easting": 431937.5, "northing": 340007.8, "epsg_source": 22391}}, {"type": "Feature", "geometry": {"type": "Point", "coordinates": [9.1405358, 36.3598103]}, "properties": {"record_id": "oai:u-bordeaux-montaigne.fr:340429", "symbol_class": "building", "pixel_x": 1432.3, "pixel_y": 5703.5, "easting": 431810.7, "northing": 340008.8, "epsg_source": 22391}}, {"type": "Feature", "geometry": {"type": "Point", "coordinates": [9.4127354, 36.3449589]}, "properties": {"record_id": "oai:u-bordeaux-montaigne.fr:340429", "symbol_class": "building", "pixel_x": 7119.4, "pixel_y": 5709.2, "easting": 456223.9, "northing": 338205.2, "epsg_source": 22391}}, {"type": "Feature", "geometry": {"type": "Point", "coordinates": [9.413582, 36.3448811]}, "properties": {"record_id": "oai:u-bordeaux-montaigne.fr:340429", "symbol_class": "building", "pixel_x": 7137.1, "pixel_y": 5710.0, "easting": 456299.9, "northing": 338196.2, "epsg_source": 22391}}, {"type": "Feature", "geometry": {"type": "Point", "coordinates": [9.1363827, 36.3597712]}, "properties": {"record_id": "oai:u-bordeaux-montaigne.fr:340429", "symbol_class": "building", "pixel_x": 1345.9, "pixel_y": 5710.3, "easting": 431438.0, "northing": 340007.4, "epsg_source": 22391}}, {"type": "Feature", "geometry": {"type": "Point", "coordinates": [9.4150388, 36.344679]}, "properties": {"record_id": "oai:u-bordeaux-montaigne.fr:340429", "symbol_class": "building", "pixel_x": 7167.8, "pixel_y": 5713.2, "easting": 456430.5, "northing": 338173.2, "epsg_source": 22391}}, {"type": "Feature", "geometry": {"type": "Point", "coordinates": [9.4145562, 36.3445244]}, "properties": {"record_id": "oai:u-bordeaux-montaigne.fr:340429", "symbol_class": "building", "pixel_x": 7158.0, "pixel_y": 5717.9, "easting": 456387.1, "northing": 338156.2, "epsg_source": 22391}}, {"type": "Feature", "geometry": {"type": "Point", "coordinates": [9.4429564, 36.3429212]}, "properties": {"record_id": "oai:u-bordeaux-montaigne.fr:340429", "symbol_class": "building", "pixel_x": 7751.5, "pixel_y": 5719.0, "easting": 458934.8, "northing": 337966.1, "epsg_source": 22391}}, {"type": "Feature", "geometry": {"type": "Point", "coordinates": [9.1267549, 36.3596927]}, "properties": {"record_id": "oai:u-bordeaux-montaigne.fr:340429", "symbol_class": "building", "pixel_x": 1145.8, "pixel_y": 5725.6, "easting": 430574.1, "northing": 340005.5, "epsg_source": 22391}}, {"type": "Feature", "geometry": {"type": "Point", "coordinates": [9.4358844, 36.3429377]}, "properties": {"record_id": "oai:u-bordeaux-montaigne.fr:340429", "symbol_class": "building", "pixel_x": 7604.4, "pixel_y": 5728.8, "easting": 458300.2, "northing": 337970.9, "epsg_source": 22391}}, {"type": "Feature", "geometry": {"type": "Point", "coordinates": [9.1639158, 36.3572929]}, "properties": {"record_id": "oai:u-bordeaux-montaigne.fr:340429", "symbol_class": "building", "pixel_x": 1922.7, "pixel_y": 5737.2, "easting": 433906.2, "northing": 339713.5, "epsg_source": 22391}}, {"type": "Feature", "geometry": {"type": "Point", "coordinates": [9.433951, 36.3428724]}, "properties": {"record_id": "oai:u-bordeaux-montaigne.fr:340429", "symbol_class": "building", "pixel_x": 7564.2, "pixel_y": 5733.3, "easting": 458126.7, "northing": 337964.5, "epsg_source": 22391}}, {"type": "Feature", "geometry": {"type": "Point", "coordinates": [9.1642362, 36.3573364]}, "properties": {"record_id": "oai:u-bordeaux-montaigne.fr:340429", "symbol_class": "building", "pixel_x": 1929.3, "pixel_y": 5735.6, "easting": 433934.9, "northing": 339718.1, "epsg_source": 22391}}, {"type": "Feature", "geometry": {"type": "Point", "coordinates": [9.1592375, 36.3573468]}, "properties": {"record_id": "oai:u-bordeaux-montaigne.fr:340429", "symbol_class": "building", "pixel_x": 1825.3, "pixel_y": 5742.2, "easting": 433486.5, "northing": 339722.6, "epsg_source": 22391}}, {"type": "Feature", "geometry": {"type": "Point", "coordinates": [9.1319555, 36.358437]}, "properties": {"record_id": "oai:u-bordeaux-montaigne.fr:340429", "symbol_class": "building", "pixel_x": 1256.0, "pixel_y": 5751.3, "easting": 431039.6, "northing": 339862.5, "epsg_source": 22391}}, {"type": "Feature", "geometry": {"type": "Point", "coordinates": [9.3947605, 36.3442837]}, "properties": {"record_id": "oai:u-bordeaux-montaigne.fr:340429", "symbol_class": "building", "pixel_x": 6746.6, "pixel_y": 5752.7, "easting": 454610.5, "northing": 338138.5, "epsg_source": 22391}}, {"type": "Feature", "geometry": {"type": "Point", "coordinates": [9.2656519, 36.3512605]}, "properties": {"record_id": "oai:u-bordeaux-montaigne.fr:340429", "symbol_class": "building", "pixel_x": 4049.1, "pixel_y": 5753.3, "easting": 443029.7, "northing": 338980.2, "epsg_source": 22391}}, {"type": "Feature", "geometry": {"type": "Point", "coordinates": [9.4139379, 36.3428628]}, "properties": {"record_id": "oai:u-bordeaux-montaigne.fr:340429", "symbol_class": "building", "pixel_x": 7147.9, "pixel_y": 5762.4, "easting": 456330.7, "northing": 337972.2, "epsg_source": 22391}}, {"type": "Feature", "geometry": {"type": "Point", "coordinates": [9.1319959, 36.3577385]}, "properties": {"record_id": "oai:u-bordeaux-montaigne.fr:340429", "symbol_class": "building", "pixel_x": 1258.0, "pixel_y": 5769.6, "easting": 431042.7, "northing": 339785.0, "epsg_source": 22391}}, {"type": "Feature", "geometry": {"type": "Point", "coordinates": [9.2188289, 36.3527359]}, "properties": {"record_id": "oai:u-bordeaux-montaigne.fr:340429", "symbol_class": "building", "pixel_x": 3072.6, "pixel_y": 5780.3, "easting": 438829.5, "northing": 339172.2, "epsg_source": 22391}}, {"type": "Feature", "geometry": {"type": "Point", "coordinates": [9.1209957, 36.35784]}, "properties": {"record_id": "oai:u-bordeaux-montaigne.fr:340429", "symbol_class": "building", "pixel_x": 1029.0, "pixel_y": 5782.1, "easting": 430055.8, "northing": 339804.1, "epsg_source": 22391}}, {"type": "Feature", "geometry": {"type": "Point", "coordinates": [9.120964, 36.357109]}, "properties": {"record_id": "oai:u-bordeaux-montaigne.fr:340429", "symbol_class": "building", "pixel_x": 1029.5, "pixel_y": 5801.3, "easting": 430052.3, "northing": 339723.0, "epsg_source": 22391}}, {"type": "Feature", "geometry": {"type": "Point", "coordinates": [9.3848317, 36.3427917]}, "properties": {"record_id": "oai:u-bordeaux-montaigne.fr:340429", "symbol_class": "building", "pixel_x": 6542.6, "pixel_y": 5806.1, "easting": 453718.7, "northing": 337977.7, "epsg_source": 22391}}, {"type": "Feature", "geometry": {"type": "Point", "coordinates": [9.2323717, 36.3507657]}, "properties": {"record_id": "oai:u-bordeaux-montaigne.fr:340429", "symbol_class": "building", "pixel_x": 3357.6, "pixel_y": 5813.0, "easting": 440043.2, "northing": 338945.2, "epsg_source": 22391}}, {"type": "Feature", "geometry": {"type": "Point", "coordinates": [9.4390754, 36.519291]}, "properties": {"record_id": "oai:u-bordeaux-montaigne.fr:340429", "symbol_class": "well", "pixel_x": 7369.0, "pixel_y": 1101.0, "easting": 458679.1, "northing": 357532.1, "epsg_source": 22391}}, {"type": "Feature", "geometry": {"type": "Point", "coordinates": [9.4395591, 36.5187304]}, "properties": {"record_id": "oai:u-bordeaux-montaigne.fr:340429", "symbol_class": "well", "pixel_x": 7380.0, "pixel_y": 1115.0, "easting": 458722.1, "northing": 357469.7, "epsg_source": 22391}}, {"type": "Feature", "geometry": {"type": "Point", "coordinates": [9.3278264, 36.524557]}, "properties": {"record_id": "oai:u-bordeaux-montaigne.fr:340429", "symbol_class": "well", "pixel_x": 5051.0, "pixel_y": 1122.0, "easting": 448721.4, "northing": 358169.0, "epsg_source": 22391}}, {"type": "Feature", "geometry": {"type": "Point", "coordinates": [9.4395184, 36.5182368]}, "properties": {"record_id": "oai:u-bordeaux-montaigne.fr:340429", "symbol_class": "well", "pixel_x": 7380.0, "pixel_y": 1128.0, "easting": 458718.2, "northing": 357414.9, "epsg_source": 22391}}, {"type": "Feature", "geometry": {"type": "Point", "coordinates": [9.4394997, 36.5180089]}, "properties": {"record_id": "oai:u-bordeaux-montaigne.fr:340429", "symbol_class": "well", "pixel_x": 7380.0, "pixel_y": 1134.0, "easting": 458716.4, "northing": 357389.7, "epsg_source": 22391}}, {"type": "Feature", "geometry": {"type": "Point", "coordinates": [9.4393787, 36.5177104]}, "properties": {"record_id": "oai:u-bordeaux-montaigne.fr:340429", "symbol_class": "well", "pixel_x": 7378.0, "pixel_y": 1142.0, "easting": 458705.4, "northing": 357356.6, "epsg_source": 22391}}, {"type": "Feature", "geometry": {"type": "Point", "coordinates": [9.439485, 36.5172468]}, "properties": {"record_id": "oai:u-bordeaux-montaigne.fr:340429", "symbol_class": "well", "pixel_x": 7381.0, "pixel_y": 1154.0, "easting": 458714.7, "northing": 357305.1, "epsg_source": 22391}}, {"type": "Feature", "geometry": {"type": "Point", "coordinates": [9.4730087, 36.5153982]}, "properties": {"record_id": "oai:u-bordeaux-montaigne.fr:340429", "symbol_class": "well", "pixel_x": 8080.0, "pixel_y": 1154.0, "easting": 461715.5, "northing": 357086.4, "epsg_source": 22391}}, {"type": "Feature", "geometry": {"type": "Point", "coordinates": [9.473412, 36.5150326]}, "properties": {"record_id": "oai:u-bordeaux-montaigne.fr:340429", "symbol_class": "well", "pixel_x": 8089.0, "pixel_y": 1163.0, "easting": 461751.4, "northing": 357045.7, "epsg_source": 22391}}, {"type": "Feature", "geometry": {"type": "Point", "coordinates": [9.4393578, 36.5168724]}, "properties": {"record_id": "oai:u-bordeaux-montaigne.fr:340429", "symbol_class": "well", "pixel_x": 7379.0, "pixel_y": 1164.0, "easting": 458703.1, "northing": 357263.6, "epsg_source": 22391}}, {"type": "Feature", "geometry": {"type": "Point", "coordinates": [9.4731212, 36.5150105]}, "properties": {"record_id": "oai:u-bordeaux-montaigne.fr:340429", "symbol_class": "well", "pixel_x": 8083.0, "pixel_y": 1164.0, "easting": 461725.4, "northing": 357043.3, "epsg_source": 22391}}, {"type": "Feature", "geometry": {"type": "Point", "coordinates": [9.474464, 36.5149363]}, "properties": {"record_id": "oai:u-bordeaux-montaigne.fr:340429", "symbol_class": "well", "pixel_x": 8111.0, "pixel_y": 1164.0, "easting": 461845.6, "northing": 357034.6, "epsg_source": 22391}}, {"type": "Feature", "geometry": {"type": "Point", "coordinates": [9.4748445, 36.5148771]}, "properties": {"record_id": "oai:u-bordeaux-montaigne.fr:340429", "symbol_class": "well", "pixel_x": 8119.0, "pixel_y": 1165.0, "easting": 461879.6, "northing": 357027.9, "epsg_source": 22391}}, {"type": "Feature", "geometry": {"type": "Point", "coordinates": [9.4389647, 36.5167796]}, "properties": {"record_id": "oai:u-bordeaux-montaigne.fr:340429", "symbol_class": "well", "pixel_x": 7371.0, "pixel_y": 1167.0, "easting": 458667.8, "northing": 357253.5, "epsg_source": 22391}}, {"type": "Feature", "geometry": {"type": "Point", "coordinates": [9.473975, 36.5148489]}, "properties": {"record_id": "oai:u-bordeaux-montaigne.fr:340429", "symbol_class": "well", "pixel_x": 8101.0, "pixel_y": 1167.0, "easting": 461801.8, "northing": 357025.1, "epsg_source": 22391}}, {"type": "Feature", "geometry": {"type": "Point", "coordinates": [9.4392754, 36.5164573]}, "properties": {"record_id": "oai:u-bordeaux-montaigne.fr:340429", "symbol_class": "well", "pixel_x": 7378.0, "pixel_y": 1175.0, "easting": 458695.5, "northing": 357217.6, "epsg_source": 22391}}, {"type": "Feature", "geometry": {"type": "Point", "coordinates": [9.4388698, 36.5162126]}, "properties": {"record_id": "oai:u-bordeaux-montaigne.fr:340429", "symbol_class": "well", "pixel_x": 7370.0, "pixel_y": 1182.0, "easting": 458659.0, "northing": 357190.7, "epsg_source": 22391}}, {"type": "Feature", "geometry": {"type": "Point", "coordinates": [9.4768532, 36.5141175]}, "properties": {"record_id": "oai:u-bordeaux-montaigne.fr:340429", "symbol_class": "well", "pixel_x": 8162.0, "pixel_y": 1182.0, "easting": 462059.1, "northing": 356942.8, "epsg_source": 22391}}, {"type": "Feature", "geometry": {"type": "Point", "coordinates": [9.439193, 36.5160423]}, "properties": {"record_id": "oai:u-bordeaux-montaigne.fr:340429", "symbol_class": "well", "pixel_x": 7377.0, "pixel_y": 1186.0, "easting": 458687.9, "northing": 357171.6, "epsg_source": 22391}}, {"type": "Feature", "geometry": {"type": "Point", "coordinates": [9.4773681, 36.5139364]}, "properties": {"record_id": "oai:u-bordeaux-montaigne.fr:340429", "symbol_class": "well", "pixel_x": 8173.0, "pixel_y": 1186.0, "easting": 462105.2, "northing": 356922.5, "epsg_source": 22391}}, {"type": "Feature", "geometry": {"type": "Point", "coordinates": [9.4766362, 36.5138244]}, "properties": {"record_id": "oai:u-bordeaux-montaigne.fr:340429", "symbol_class": "well", "pixel_x": 8158.0, "pixel_y": 1190.0, "easting": 462039.6, "northing": 356910.4, "epsg_source": 22391}}, {"type": "Feature", "geometry": {"type": "Point", "coordinates": [9.4715016, 36.5140701]}, "properties": {"record_id": "oai:u-bordeaux-montaigne.fr:340429", "symbol_class": "well", "pixel_x": 8051.0, "pixel_y": 1191.0, "easting": 461579.9, "northing": 356939.7, "epsg_source": 22391}}, {"type": "Feature", "geometry": {"type": "Point", "coordinates": [9.4773335, 36.5135188]}, "properties": {"record_id": "oai:u-bordeaux-montaigne.fr:340429", "symbol_class": "well", "pixel_x": 8173.0, "pixel_y": 1197.0, "easting": 462101.9, "northing": 356876.2, "epsg_source": 22391}}, {"type": "Feature", "geometry": {"type": "Point", "coordinates": [9.4780528, 36.513479]}, "properties": {"record_id": "oai:u-bordeaux-montaigne.fr:340429", "symbol_class": "well", "pixel_x": 8188.0, "pixel_y": 1197.0, "easting": 462166.2, "northing": 356871.5, "epsg_source": 22391}}, {"type": "Feature", "geometry": {"type": "Point", "coordinates": [9.470904, 36.5138361]}, "properties": {"record_id": "oai:u-bordeaux-montaigne.fr:340429", "symbol_class": "well", "pixel_x": 8039.0, "pixel_y": 1198.0, "easting": 461526.3, "northing": 356913.9, "epsg_source": 22391}}, {"type": "Feature", "geometry": {"type": "Point", "coordinates": [9.4712846, 36.513777]}, "properties": {"record_id": "oai:u-bordeaux-montaigne.fr:340429", "symbol_class": "well", "pixel_x": 8047.0, "pixel_y": 1199.0, "easting": 461560.3, "northing": 356907.2, "epsg_source": 22391}}, {"type": "Feature", "geometry": {"type": "Point", "coordinates": [9.4387624, 36.5154938]}, "properties": {"record_id": "oai:u-bordeaux-montaigne.fr:340429", "symbol_class": "well", "pixel_x": 7369.0, "pixel_y": 1201.0, "easting": 458649.0, "northing": 357111.0, "epsg_source": 22391}}, {"type": "Feature", "geometry": {"type": "Point", "coordinates": [9.4387592, 36.5154558]}, "properties": {"record_id": "oai:u-bordeaux-montaigne.fr:340429", "symbol_class": "well", "pixel_x": 7369.0, "pixel_y": 1202.0, "easting": 458648.7, "northing": 357106.8, "epsg_source": 22391}}, {"type": "Feature", "geometry": {"type": "Point", "coordinates": [9.439095, 36.5154374]}, "properties": {"record_id": "oai:u-bordeaux-montaigne.fr:340429", "symbol_class": "well", "pixel_x": 7376.0, "pixel_y": 1202.0, "easting": 458678.8, "northing": 357104.6, "epsg_source": 22391}}, {"type": "Feature", "geometry": {"type": "Point", "coordinates": [9.4776503, 36.5132724]}, "properties": {"record_id": "oai:u-bordeaux-montaigne.fr:340429", "symbol_class": "well", "pixel_x": 8180.0, "pixel_y": 1203.0, "easting": 462130.1, "northing": 356848.8, "epsg_source": 22391}}, {"type": "Feature", "geometry": {"type": "Point", "coordinates": [9.4783122, 36.5131213]}, "properties": {"record_id": "oai:u-bordeaux-montaigne.fr:340429", "symbol_class": "well", "pixel_x": 8194.0, "pixel_y": 1206.0, "easting": 462189.3, "northing": 356831.7, "epsg_source": 22391}}, {"type": "Feature", "geometry": {"type": "Point", "coordinates": [9.4391565, 36.5150144]}, "properties": {"record_id": "oai:u-bordeaux-montaigne.fr:340429", "symbol_class": "well", "pixel_x": 7378.0, "pixel_y": 1213.0, "easting": 458684.1, "northing": 357057.6, "epsg_source": 22391}}, {"type": "Feature", "geometry": {"type": "Point", "coordinates": [9.47853, 36.5128422]}, "properties": {"record_id": "oai:u-bordeaux-montaigne.fr:340429", "symbol_class": "well", "pixel_x": 8199.0, "pixel_y": 1213.0, "easting": 462208.7, "northing": 356800.7, "epsg_source": 22391}}, {"type": "Feature", "geometry": {"type": "Point", "coordinates": [9.4707547, 36.5131959]}, "properties": {"record_id": "oai:u-bordeaux-montaigne.fr:340429", "symbol_class": "well", "pixel_x": 8037.0, "pixel_y": 1215.0, "easting": 461512.6, "northing": 356843.0, "epsg_source": 22391}}, {"type": "Feature", "geometry": {"type": "Point", "coordinates": [9.438802, 36.514805]}, "properties": {"record_id": "oai:u-bordeaux-montaigne.fr:340429", "symbol_class": "well", "pixel_x": 7371.0, "pixel_y": 1219.0, "easting": 458652.2, "northing": 357034.5, "epsg_source": 22391}}, {"type": "Feature", "geometry": {"type": "Point", "coordinates": [9.4711737, 36.5130202]}, "properties": {"record_id": "oai:u-bordeaux-montaigne.fr:340429", "symbol_class": "well", "pixel_x": 8046.0, "pixel_y": 1219.0, "easting": 461550.0, "northing": 356823.3, "epsg_source": 22391}}, {"type": "Feature", "geometry": {"type": "Point", "coordinates": [9.4705856, 36.5129001]}, "properties": {"record_id": "oai:u-bordeaux-montaigne.fr:340429", "symbol_class": "well", "pixel_x": 8034.0, "pixel_y": 1223.0, "easting": 461497.3, "northing": 356810.2, "epsg_source": 22391}}, {"type": "Feature", "geometry": {"type": "Point", "coordinates": [9.4790197, 36.5123574]}, "properties": {"record_id": "oai:u-bordeaux-montaigne.fr:340429", "symbol_class": "well", "pixel_x": 8210.0, "pixel_y": 1225.0, "easting": 462252.3, "northing": 356746.7, "epsg_source": 22391}}, {"type": "Feature", "geometry": {"type": "Point", "coordinates": [9.470893, 36.5125398]}, "properties": {"record_id": "oai:u-bordeaux-montaigne.fr:340429", "symbol_class": "well", "pixel_x": 8041.0, "pixel_y": 1232.0, "easting": 461524.7, "northing": 356770.1, "epsg_source": 22391}}, {"type": "Feature", "geometry": {"type": "Point", "coordinates": [9.4797587, 36.5119732]}, "properties": {"record_id": "oai:u-bordeaux-montaigne.fr:340429", "symbol_class": "well", "pixel_x": 8226.0, "pixel_y": 1234.0, "easting": 462318.3, "northing": 356703.8, "epsg_source": 22391}}, {"type": "Feature", "geometry": {"type": "Point", "coordinates": [9.4391741, 36.5140598]}, "properties": {"record_id": "oai:u-bordeaux-montaigne.fr:340429", "symbol_class": "well", "pixel_x": 7380.0, "pixel_y": 1238.0, "easting": 458685.1, "northing": 356951.7, "epsg_source": 22391}}, {"type": "Feature", "geometry": {"type": "Point", "coordinates": [9.4701548, 36.5123517]}, "properties": {"record_id": "oai:u-bordeaux-montaigne.fr:340429", "symbol_class": "well", "pixel_x": 8026.0, "pixel_y": 1238.0, "easting": 461458.5, "northing": 356749.6, "epsg_source": 22391}}, {"type": "Feature", "geometry": {"type": "Point", "coordinates": [9.4701037, 36.5123164]}, "properties": {"record_id": "oai:u-bordeaux-montaigne.fr:340429", "symbol_class": "well", "pixel_x": 8025.0, "pixel_y": 1239.0, "easting": 461453.9, "northing": 356745.7, "epsg_source": 22391}}, {"type": "Feature", "geometry": {"type": "Point", "coordinates": [9.4542715, 36.513114]}, "properties": {"record_id": "oai:u-bordeaux-montaigne.fr:340429", "symbol_class": "well", "pixel_x": 7695.0, "pixel_y": 1241.0, "easting": 460036.6, "northing": 356840.5, "epsg_source": 22391}}, {"type": "Feature", "geometry": {"type": "Point", "coordinates": [9.4803089, 36.5116376]}, "properties": {"record_id": "oai:u-bordeaux-montaigne.fr:340429", "symbol_class": "well", "pixel_x": 8238.0, "pixel_y": 1242.0, "easting": 462367.4, "northing": 356666.4, "epsg_source": 22391}}, {"type": "Feature", "geometry": {"type": "Point", "coordinates": [9.4556018, 36.5128881]}, "properties": {"record_id": "oai:u-bordeaux-montaigne.fr:340429", "symbol_class": "well", "pixel_x": 7723.0, "pixel_y": 1245.0, "easting": 460155.6, "northing": 356814.9, "epsg_source": 22391}}, {"type": "Feature", "geometry": {"type": "Point", "coordinates": [9.4704205, 36.51207]}, "properties": {"record_id": "oai:u-bordeaux-montaigne.fr:340429", "symbol_class": "well", "pixel_x": 8032.0, "pixel_y": 1245.0, "easting": 461482.1, "northing": 356718.2, "epsg_source": 22391}}, {"type": "Feature", "geometry": {"type": "Point", "coordinates": [9.4544383, 36.5127996]}, "properties": {"record_id": "oai:u-bordeaux-montaigne.fr:340429", "symbol_class": "well", "pixel_x": 7699.0, "pixel_y": 1249.0, "easting": 460051.3, "northing": 356805.6, "epsg_source": 22391}}, {"type": "Feature", "geometry": {"type": "Point", "coordinates": [9.4549179, 36.5127732]}, "properties": {"record_id": "oai:u-bordeaux-montaigne.fr:340429", "symbol_class": "well", "pixel_x": 7709.0, "pixel_y": 1249.0, "easting": 460094.3, "northing": 356802.4, "epsg_source": 22391}}, {"type": "Feature", "geometry": {"type": "Point", "coordinates": [9.455925, 36.5127177]}, "properties": {"record_id": "oai:u-bordeaux-montaigne.fr:340429", "symbol_class": "well", "pixel_x": 7730.0, "pixel_y": 1249.0, "easting": 460184.4, "northing": 356795.9, "epsg_source": 22391}}, {"type": "Feature", "geometry": {"type": "Point", "coordinates": [9.4421579, 36.5134379]}, "properties": {"record_id": "oai:u-bordeaux-montaigne.fr:340429", "symbol_class": "well", "pixel_x": 7443.0, "pixel_y": 1250.0, "easting": 458952.0, "northing": 356881.5, "epsg_source": 22391}}, {"type": "Feature", "geometry": {"type": "Point", "coordinates": [9.4815306, 36.5112648]}, "properties": {"record_id": "oai:u-bordeaux-montaigne.fr:340429", "symbol_class": "well", "pixel_x": 8264.0, "pixel_y": 1250.0, "easting": 462476.6, "northing": 356624.6, "epsg_source": 22391}}, {"type": "Feature", "geometry": {"type": "Point", "coordinates": [9.4528014, 36.5128136]}, "properties": {"record_id": "oai:u-bordeaux-montaigne.fr:340429", "symbol_class": "well", "pixel_x": 7665.0, "pixel_y": 1251.0, "easting": 459904.8, "northing": 356807.8, "epsg_source": 22391}}, {"type": "Feature", "geometry": {"type": "Point", "coordinates": [9.4809425, 36.5111447]}, "properties": {"record_id": "oai:u-bordeaux-montaigne.fr:340429", "symbol_class": "well", "pixel_x": 8252.0, "pixel_y": 1254.0, "easting": 462423.9, "northing": 356611.5, "epsg_source": 22391}}, {"type": "Feature", "geometry": {"type": "Point", "coordinates": [9.4430983, 36.5131573]}, "properties": {"record_id": "oai:u-bordeaux-montaigne.fr:340429", "symbol_class": "well", "pixel_x": 7463.0, "pixel_y": 1256.0, "easting": 459036.1, "northing": 356850.0, "epsg_source": 22391}}, {"type": "Feature", "geometry": {"type": "Point", "coordinates": [9.4567183, 36.5124069]}, "properties": {"record_id": "oai:u-bordeaux-montaigne.fr:340429", "symbol_class": "well", "pixel_x": 7747.0, "pixel_y": 1256.0, "easting": 460255.3, "northing": 356761.1, "epsg_source": 22391}}, {"type": "Feature", "geometry": {"type": "Point", "coordinates": [9.4416085, 36.5132011]}, "properties": {"record_id": "oai:u-bordeaux-montaigne.fr:340429", "symbol_class": "well", "pixel_x": 7432.0, "pixel_y": 1257.0, "easting": 458902.7, "northing": 356855.4, "epsg_source": 22391}}, {"type": "Feature", "geometry": {"type": "Point", "coordinates": [9.482036, 36.5109698]}, "properties": {"record_id": "oai:u-bordeaux-montaigne.fr:340429", "symbol_class": "well", "pixel_x": 8275.0, "pixel_y": 1257.0, "easting": 462521.7, "northing": 356591.6, "epsg_source": 22391}}, {"type": "Feature", "geometry": {"type": "Point", "coordinates": [9.4410236, 36.5131189]}, "properties": {"record_id": "oai:u-bordeaux-montaigne.fr:340429", "symbol_class": "well", "pixel_x": 7420.0, "pixel_y": 1260.0, "easting": 458850.3, "northing": 356846.6, "epsg_source": 22391}}, {"type": "Feature", "geometry": {"type": "Point", "coordinates": [9.4528212, 36.5124692]}, "properties": {"record_id": "oai:u-bordeaux-montaigne.fr:340429", "symbol_class": "well", "pixel_x": 7666.0, "pixel_y": 1260.0, "easting": 459906.4, "northing": 356769.6, "epsg_source": 22391}}, {"type": "Feature", "geometry": {"type": "Point", "coordinates": [9.4418837, 36.5130334]}, "properties": {"record_id": "oai:u-bordeaux-montaigne.fr:340429", "symbol_class": "well", "pixel_x": 7438.0, "pixel_y": 1261.0, "easting": 458927.2, "northing": 356836.7, "epsg_source": 22391}}, {"type": "Feature", "geometry": {"type": "Point", "coordinates": [9.4572781, 36.5121853]}, "properties": {"record_id": "oai:u-bordeaux-montaigne.fr:340429", "symbol_class": "well", "pixel_x": 7759.0, "pixel_y": 1261.0, "easting": 460305.3, "northing": 356736.3, "epsg_source": 22391}}, {"type": "Feature", "geometry": {"type": "Point", "coordinates": [9.4688836, 36.5115446]}, "properties": {"record_id": "oai:u-bordeaux-montaigne.fr:340429", "symbol_class": "well", "pixel_x": 8001.0, "pixel_y": 1261.0, "easting": 461344.2, "northing": 356660.5, "epsg_source": 22391}}, {"type": "Feature", "geometry": {"type": "Point", "coordinates": [9.4823591, 36.5107993]}, "properties": {"record_id": "oai:u-bordeaux-montaigne.fr:340429", "symbol_class": "well", "pixel_x": 8282.0, "pixel_y": 1261.0, "easting": 462550.6, "northing": 356572.6, "epsg_source": 22391}}, {"type": "Feature", "geometry": {"type": "Point", "coordinates": [9.4433673, 36.5129136]}, "properties": {"record_id": "oai:u-bordeaux-montaigne.fr:340429", "symbol_class": "well", "pixel_x": 7469.0, "pixel_y": 1262.0, "easting": 459060.0, "northing": 356822.8, "epsg_source": 22391}}, {"type": "Feature", "geometry": {"type": "Point", "coordinates": [9.4524792, 36.5124117]}, "properties": {"record_id": "oai:u-bordeaux-montaigne.fr:340429", "symbol_class": "well", "pixel_x": 7659.0, "pixel_y": 1262.0, "easting": 459875.7, "northing": 356763.4, "epsg_source": 22391}}, {"type": "Feature", "geometry": {"type": "Point", "coordinates": [9.4814928, 36.5108091]}, "properties": {"record_id": "oai:u-bordeaux-montaigne.fr:340429", "symbol_class": "well", "pixel_x": 8264.0, "pixel_y": 1262.0, "easting": 462473.0, "northing": 356574.0, "epsg_source": 22391}}, {"type": "Feature", "geometry": {"type": "Point", "coordinates": [9.4406211, 36.5129122]}, "properties": {"record_id": "oai:u-bordeaux-montaigne.fr:340429", "symbol_class": "well", "pixel_x": 7412.0, "pixel_y": 1266.0, "easting": 458814.1, "northing": 356823.8, "epsg_source": 22391}}, {"type": "Feature", "geometry": {"type": "Point", "coordinates": [9.4577899, 36.5119663]}, "properties": {"record_id": "oai:u-bordeaux-montaigne.fr:340429", "symbol_class": "well", "pixel_x": 7770.0, "pixel_y": 1266.0, "easting": 460351.0, "northing": 356711.8, "epsg_source": 22391}}, {"type": "Feature", "geometry": {"type": "Point", "coordinates": [9.4817679, 36.5106413]}, "properties": {"record_id": "oai:u-bordeaux-montaigne.fr:340429", "symbol_class": "well", "pixel_x": 8270.0, "pixel_y": 1266.0, "easting": 462497.6, "northing": 356555.3, "epsg_source": 22391}}, {"type": "Feature", "geometry": {"type": "Point", "coordinates": [9.4415292, 36.512824]}, "properties": {"record_id": "oai:u-bordeaux-montaigne.fr:340429", "symbol_class": "well", "pixel_x": 7431.0, "pixel_y": 1267.0, "easting": 458895.4, "northing": 356813.6, "epsg_source": 22391}}, {"type": "Feature", "geometry": {"type": "Point", "coordinates": [9.4520319, 36.5122457]}, "properties": {"record_id": "oai:u-bordeaux-montaigne.fr:340429", "symbol_class": "well", "pixel_x": 7650.0, "pixel_y": 1267.0, "easting": 459835.6, "northing": 356745.1, "epsg_source": 22391}}, {"type": "Feature", "geometry": {"type": "Point", "coordinates": [9.4569715, 36.5119733]}, "properties": {"record_id": "oai:u-bordeaux-montaigne.fr:340429", "symbol_class": "well", "pixel_x": 7753.0, "pixel_y": 1267.0, "easting": 460277.8, "northing": 356712.9, "epsg_source": 22391}}, {"type": "Feature", "geometry": {"type": "Point", "coordinates": [9.468481, 36.511338]}, "properties": {"record_id": "oai:u-bordeaux-montaigne.fr:340429", "symbol_class": "well", "pixel_x": 7993.0, "pixel_y": 1267.0, "easting": 461308.1, "northing": 356637.8, "epsg_source": 22391}}, {"type": "Feature", "geometry": {"type": "Point", "coordinates": [9.4693442, 36.5112903]}, "properties": {"record_id": "oai:u-bordeaux-montaigne.fr:340429", "symbol_class": "well", "pixel_x": 8011.0, "pixel_y": 1267.0, "easting": 461385.4, "northing": 356632.1, "epsg_source": 22391}}, {"type": "Feature", "geometry": {"type": "Point", "coordinates": [9.2497589, 36.5231081]}, "properties": {"record_id": "oai:u-bordeaux-montaigne.fr:340429", "symbol_class": "well", "pixel_x": 3433.0, "pixel_y": 1270.0, "easting": 441730.8, "northing": 358052.1, "epsg_source": 22391}}, {"type": "Feature", "geometry": {"type": "Point", "coordinates": [9.4399852, 36.5127946]}, "properties": {"record_id": "oai:u-bordeaux-montaigne.fr:340429", "symbol_class": "well", "pixel_x": 7399.0, "pixel_y": 1270.0, "easting": 458757.1, "northing": 356811.0, "epsg_source": 22391}}, {"type": "Feature", "geometry": {"type": "Point", "coordinates": [9.4582089, 36.5117906]}, "properties": {"record_id": "oai:u-bordeaux-montaigne.fr:340429", "symbol_class": "well", "pixel_x": 7779.0, "pixel_y": 1270.0, "easting": 460388.5, "northing": 356692.1, "epsg_source": 22391}}, {"type": "Feature", "geometry": {"type": "Point", "coordinates": [9.4436748, 36.5125534]}, "properties": {"record_id": "oai:u-bordeaux-montaigne.fr:340429", "symbol_class": "well", "pixel_x": 7476.0, "pixel_y": 1271.0, "easting": 459087.4, "northing": 356782.7, "epsg_source": 22391}}, {"type": "Feature", "geometry": {"type": "Point", "coordinates": [9.451252, 36.5121361]}, "properties": {"record_id": "oai:u-bordeaux-montaigne.fr:340429", "symbol_class": "well", "pixel_x": 7634.0, "pixel_y": 1271.0, "easting": 459765.7, "northing": 356733.3, "epsg_source": 22391}}, {"type": "Feature", "geometry": {"type": "Point", "coordinates": [9.468801, 36.5111296]}, "properties": {"record_id": "oai:u-bordeaux-montaigne.fr:340429", "symbol_class": "well", "pixel_x": 8000.0, "pixel_y": 1272.0, "easting": 461336.6, "northing": 356614.5, "epsg_source": 22391}}, {"type": "Feature", "geometry": {"type": "Point", "coordinates": [9.440887, 36.5126305]}, "properties": {"record_id": "oai:u-bordeaux-montaigne.fr:340429", "symbol_class": "well", "pixel_x": 7418.0, "pixel_y": 1273.0, "easting": 458837.8, "northing": 356792.4, "epsg_source": 22391}}, {"type": "Feature", "geometry": {"type": "Point", "coordinates": [9.4517702, 36.5119931]}, "properties": {"record_id": "oai:u-bordeaux-montaigne.fr:340429", "symbol_class": "well", "pixel_x": 7645.0, "pixel_y": 1274.0, "easting": 459812.0, "northing": 356717.2, "epsg_source": 22391}}, {"type": "Feature", "geometry": {"type": "Point", "coordinates": [9.4680754, 36.5110934]}, "properties": {"record_id": "oai:u-bordeaux-montaigne.fr:340429", "symbol_class": "well", "pixel_x": 7985.0, "pixel_y": 1274.0, "easting": 461271.6, "northing": 356610.8, "epsg_source": 22391}}, {"type": "Feature", "geometry": {"type": "Point", "coordinates": [9.4826538, 36.5102871]}, "properties": {"record_id": "oai:u-bordeaux-montaigne.fr:340429", "symbol_class": "well", "pixel_x": 8289.0, "pixel_y": 1274.0, "easting": 462576.7, "northing": 356515.7, "epsg_source": 22391}}, {"type": "Feature", "geometry": {"type": "Point", "coordinates": [9.2493569, 36.5229007]}, "properties": {"record_id": "oai:u-bordeaux-montaigne.fr:340429", "symbol_class": "well", "pixel_x": 3425.0, "pixel_y": 1276.0, "easting": 441694.7, "northing": 358029.3, "epsg_source": 22391}}, {"type": "Feature", "geometry": {"type": "Point", "coordinates": [9.4395316, 36.5125525]}, "properties": {"record_id": "oai:u-bordeaux-montaigne.fr:340429", "symbol_class": "well", "pixel_x": 7390.0, "pixel_y": 1277.0, "easting": 458716.4, "northing": 356784.4, "epsg_source": 22391}}, {"type": "Feature", "geometry": {"type": "Point", "coordinates": [9.4674905, 36.5110113]}, "properties": {"record_id": "oai:u-bordeaux-montaigne.fr:340429", "symbol_class": "well", "pixel_x": 7973.0, "pixel_y": 1277.0, "easting": 461219.2, "northing": 356601.9, "epsg_source": 22391}}, {"type": "Feature", "geometry": {"type": "Point", "coordinates": [9.4852819, 36.5100271]}, "properties": {"record_id": "oai:u-bordeaux-montaigne.fr:340429", "symbol_class": "well", "pixel_x": 8344.0, "pixel_y": 1277.0, "easting": 462811.9, "northing": 356485.8, "epsg_source": 22391}}, {"type": "Feature", "geometry": {"type": "Point", "coordinates": [9.4400081, 36.5124881]}, "properties": {"record_id": "oai:u-bordeaux-montaigne.fr:340429", "symbol_class": "well", "pixel_x": 7400.0, "pixel_y": 1278.0, "easting": 458759.0, "northing": 356777.0, "epsg_source": 22391}}, {"type": "Feature", "geometry": {"type": "Point", "coordinates": [9.4578961, 36.5115027]}, "properties": {"record_id": "oai:u-bordeaux-montaigne.fr:340429", "symbol_class": "well", "pixel_x": 7773.0, "pixel_y": 1278.0, "easting": 460360.3, "northing": 356660.3, "epsg_source": 22391}}, {"type": "Feature", "geometry": {"type": "Point", "coordinates": [9.4830217, 36.510076]}, "properties": {"record_id": "oai:u-bordeaux-montaigne.fr:340429", "symbol_class": "well", "pixel_x": 8297.0, "pixel_y": 1279.0, "easting": 462609.6, "northing": 356492.1, "epsg_source": 22391}}, {"type": "Feature", "geometry": {"type": "Point", "coordinates": [9.4861867, 36.5099007]}, "properties": {"record_id": "oai:u-bordeaux-montaigne.fr:340429", "symbol_class": "well", "pixel_x": 8363.0, "pixel_y": 1279.0, "easting": 462892.9, "northing": 356471.5, "epsg_source": 22391}}, {"type": "Feature", "geometry": {"type": "Point", "coordinates": [9.4593733, 36.5113068]}, "properties": {"record_id": "oai:u-bordeaux-montaigne.fr:340429", "symbol_class": "well", "pixel_x": 7804.0, "pixel_y": 1281.0, "easting": 460492.5, "northing": 356638.0, "epsg_source": 22391}}, {"type": "Feature", "geometry": {"type": "Point", "coordinates": [9.4840225, 36.5099443]}, "properties": {"record_id": "oai:u-bordeaux-montaigne.fr:340429", "symbol_class": "well", "pixel_x": 8318.0, "pixel_y": 1281.0, "easting": 462699.1, "northing": 356477.1, "epsg_source": 22391}}, {"type": "Feature", "geometry": {"type": "Point", "coordinates": [9.4846459, 36.5099098]}, "properties": {"record_id": "oai:u-bordeaux-montaigne.fr:340429", "symbol_class": "well", "pixel_x": 8331.0, "pixel_y": 1281.0, "easting": 462754.9, "northing": 356473.1, "epsg_source": 22391}}, {"type": "Feature", "geometry": {"type": "Point", "coordinates": [9.4857936, 36.509808]}, "properties": {"record_id": "oai:u-bordeaux-montaigne.fr:340429", "symbol_class": "well", "pixel_x": 8355.0, "pixel_y": 1282.0, "easting": 462857.7, "northing": 356461.3, "epsg_source": 22391}}, {"type": "Feature", "geometry": {"type": "Point", "coordinates": [9.4514062, 36.5116698]}, "properties": {"record_id": "oai:u-bordeaux-montaigne.fr:340429", "symbol_class": "well", "pixel_x": 7638.0, "pixel_y": 1283.0, "easting": 459779.2, "northing": 356681.5, "epsg_source": 22391}}, {"type": "Feature", "geometry": {"type": "Point", "coordinates": [9.458264, 36.5112917]}, "properties": {"record_id": "oai:u-bordeaux-montaigne.fr:340429", "symbol_class": "well", "pixel_x": 7781.0, "pixel_y": 1283.0, "easting": 460393.2, "northing": 356636.7, "epsg_source": 22391}}, {"type": "Feature", "geometry": {"type": "Point", "coordinates": [9.4598946, 36.5112018]}, "properties": {"record_id": "oai:u-bordeaux-montaigne.fr:340429", "symbol_class": "well", "pixel_x": 7815.0, "pixel_y": 1283.0, "easting": 460539.1, "northing": 356626.1, "epsg_source": 22391}}, {"type": "Feature", "geometry": {"type": "Point", "coordinates": [9.4609976, 36.5111409]}, "properties": {"record_id": "oai:u-bordeaux-montaigne.fr:340429", "symbol_class": "well", "pixel_x": 7838.0, "pixel_y": 1283.0, "easting": 460637.9, "northing": 356618.9, "epsg_source": 22391}}, {"type": "Feature", "geometry": {"type": "Point", "coordinates": [9.4668002, 36.5108205]}, "properties": {"record_id": "oai:u-bordeaux-montaigne.fr:340429", "symbol_class": "well", "pixel_x": 7959.0, "pixel_y": 1283.0, "easting": 461157.3, "northing": 356581.0, "epsg_source": 22391}}, {"type": "Feature", "geometry": {"type": "Point", "coordinates": [9.4832969, 36.5099082]}, "properties": {"record_id": "oai:u-bordeaux-montaigne.fr:340429", "symbol_class": "well", "pixel_x": 8303.0, "pixel_y": 1283.0, "easting": 462634.1, "northing": 356473.4, "epsg_source": 22391}}, {"type": "Feature", "geometry": {"type": "Point", "coordinates": [9.4843039, 36.5098524]}, "properties": {"record_id": "oai:u-bordeaux-montaigne.fr:340429", "symbol_class": "well", "pixel_x": 8324.0, "pixel_y": 1283.0, "easting": 462724.3, "northing": 356466.8, "epsg_source": 22391}}, {"type": "Feature", "geometry": {"type": "Point", "coordinates": [9.4435767, 36.5119485]}, "properties": {"record_id": "oai:u-bordeaux-montaigne.fr:340429", "symbol_class": "well", "pixel_x": 7475.0, "pixel_y": 1287.0, "easting": 459078.3, "northing": 356715.7, "epsg_source": 22391}}, {"type": "Feature", "geometry": {"type": "Point", "coordinates": [9.4586831, 36.511116]}, "properties": {"record_id": "oai:u-bordeaux-montaigne.fr:340429", "symbol_class": "well", "pixel_x": 7790.0, "pixel_y": 1287.0, "easting": 460430.6, "northing": 356617.1, "epsg_source": 22391}}, {"type": "Feature", "geometry": {"type": "Point", "coordinates": [9.4853463, 36.5096421]}, "properties": {"record_id": "oai:u-bordeaux-montaigne.fr:340429", "symbol_class": "well", "pixel_x": 8346.0, "pixel_y": 1287.0, "easting": 462817.5, "northing": 356443.1, "epsg_source": 22391}}, {"type": "Feature", "geometry": {"type": "Point", "coordinates": [9.450911, 36.5115064]}, "properties": {"record_id": "oai:u-bordeaux-montaigne.fr:340429", "symbol_class": "well", "pixel_x": 7628.0, "pixel_y": 1288.0, "easting": 459734.8, "northing": 356663.6, "epsg_source": 22391}}, {"type": "Feature", "geometry": {"type": "Point", "coordinates": [9.4627468, 36.5107392]}, "properties": {"record_id": "oai:u-bordeaux-montaigne.fr:340429", "symbol_class": "well", "pixel_x": 7875.0, "pixel_y": 1291.0, "easting": 460794.3, "northing": 356573.6, "epsg_source": 22391}}, {"type": "Feature", "geometry": {"type": "Point", "coordinates": [9.4669638, 36.5104682]}, "properties": {"record_id": "oai:u-bordeaux-montaigne.fr:340429", "symbol_class": "well", "pixel_x": 7963.0, "pixel_y": 1292.0, "easting": 461171.8, "northing": 356541.9, "epsg_source": 22391}}, {"type": "Feature", "geometry": {"type": "Point", "coordinates": [9.4437497, 36.5117101]}, "properties": {"record_id": "oai:u-bordeaux-montaigne.fr:340429", "symbol_class": "well", "pixel_x": 7479.0, "pixel_y": 1293.0, "easting": 459093.7, "northing": 356689.1, "epsg_source": 22391}}, {"type": "Feature", "geometry": {"type": "Point", "coordinates": [9.4508474, 36.5113192]}, "properties": {"record_id": "oai:u-bordeaux-montaigne.fr:340429", "symbol_class": "well", "pixel_x": 7627.0, "pixel_y": 1293.0, "easting": 459729.0, "northing": 356642.8, "epsg_source": 22391}}, {"type": "Feature", "geometry": {"type": "Point", "coordinates": [9.4598152, 36.5108247]}, "properties": {"record_id": "oai:u-bordeaux-montaigne.fr:340429", "symbol_class": "well", "pixel_x": 7814.0, "pixel_y": 1293.0, "easting": 460531.8, "northing": 356584.3, "epsg_source": 22391}}, {"type": "Feature", "geometry": {"type": "Point", "coordinates": [9.4603907, 36.5107929]}, "properties": {"record_id": "oai:u-bordeaux-montaigne.fr:340429", "symbol_class": "well", "pixel_x": 7826.0, "pixel_y": 1293.0, "easting": 460583.3, "northing": 356580.6, "epsg_source": 22391}}, {"type": "Feature", "geometry": {"type": "Point", "coordinates": [9.4616855, 36.5107215]}, "properties": {"record_id": "oai:u-bordeaux-montaigne.fr:340429", "symbol_class": "well", "pixel_x": 7853.0, "pixel_y": 1293.0, "easting": 460699.3, "northing": 356572.1, "epsg_source": 22391}}, {"type": "Feature", "geometry": {"type": "Point", "coordinates": [9.4634088, 36.5105882]}, "properties": {"record_id": "oai:u-bordeaux-montaigne.fr:340429", "symbol_class": "well", "pixel_x": 7889.0, "pixel_y": 1294.0, "easting": 460853.5, "northing": 356556.6, "epsg_source": 22391}}, {"type": "Feature", "geometry": {"type": "Point", "coordinates": [9.4655668, 36.510469]}, "properties": {"record_id": "oai:u-bordeaux-montaigne.fr:340429", "symbol_class": "well", "pixel_x": 7934.0, "pixel_y": 1294.0, "easting": 461046.7, "northing": 356542.5, "epsg_source": 22391}}, {"type": "Feature", "geometry": {"type": "Point", "coordinates": [9.4619669, 36.5106297]}, "properties": {"record_id": "oai:u-bordeaux-montaigne.fr:340429", "symbol_class": "well", "pixel_x": 7859.0, "pixel_y": 1295.0, "easting": 460724.4, "northing": 356561.8, "epsg_source": 22391}}, {"type": "Feature", "geometry": {"type": "Point", "coordinates": [9.4638372, 36.5105264]}, "properties": {"record_id": "oai:u-bordeaux-montaigne.fr:340429", "symbol_class": "well", "pixel_x": 7898.0, "pixel_y": 1295.0, "easting": 460891.8, "northing": 356549.6, "epsg_source": 22391}}, {"type": "Feature", "geometry": {"type": "Point", "coordinates": [9.4665707, 36.5103755]}, "properties": {"record_id": "oai:u-bordeaux-montaigne.fr:340429", "symbol_class": "well", "pixel_x": 7955.0, "pixel_y": 1295.0, "easting": 461136.5, "northing": 356531.8, "epsg_source": 22391}}, {"type": "Feature", "geometry": {"type": "Point", "coordinates": [9.4641698, 36.5104699]}, "properties": {"record_id": "oai:u-bordeaux-montaigne.fr:340429", "symbol_class": "well", "pixel_x": 7905.0, "pixel_y": 1296.0, "easting": 460921.6, "northing": 356543.2, "epsg_source": 22391}}, {"type": "Feature", "geometry": {"type": "Point", "coordinates": [9.4510715, 36.5111161]}, "properties": {"record_id": "oai:u-bordeaux-montaigne.fr:340429", "symbol_class": "well", "pixel_x": 7632.0, "pixel_y": 1298.0, "easting": 459749.0, "northing": 356620.2, "epsg_source": 22391}}, {"type": "Feature", "geometry": {"type": "Point", "coordinates": [9.4660817, 36.510288]}, "properties": {"record_id": "oai:u-bordeaux-montaigne.fr:340429", "symbol_class": "well", "pixel_x": 7945.0, "pixel_y": 1298.0, "easting": 461092.7, "northing": 356522.3, "epsg_source": 22391}}, {"type": "Feature", "geometry": {"type": "Point", "coordinates": [9.4626258, 36.5104407]}, "properties": {"record_id": "oai:u-bordeaux-montaigne.fr:340429", "symbol_class": "well", "pixel_x": 7873.0, "pixel_y": 1299.0, "easting": 460783.3, "northing": 356540.6, "epsg_source": 22391}}, {"type": "Feature", "geometry": {"type": "Point", "coordinates": [9.450669, 36.5109094]}, "properties": {"record_id": "oai:u-bordeaux-montaigne.fr:340429", "symbol_class": "well", "pixel_x": 7624.0, "pixel_y": 1304.0, "easting": 459712.8, "northing": 356597.4, "epsg_source": 22391}}, {"type": "Feature", "geometry": {"type": "Point", "coordinates": [9.4634733, 36.5102032]}, "properties": {"record_id": "oai:u-bordeaux-montaigne.fr:340429", "symbol_class": "well", "pixel_x": 7891.0, "pixel_y": 1304.0, "easting": 460859.1, "northing": 356513.9, "epsg_source": 22391}}, {"type": "Feature", "geometry": {"type": "Point", "coordinates": [9.2208939, 36.5230066]}, "properties": {"record_id": "oai:u-bordeaux-montaigne.fr:340429", "symbol_class": "well", "pixel_x": 2834.0, "pixel_y": 1313.0, "easting": 439146.4, "northing": 358058.5, "epsg_source": 22391}}, {"type": "Feature", "geometry": {"type": "Point", "coordinates": [9.4506731, 36.5103752]}, "properties": {"record_id": "oai:u-bordeaux-montaigne.fr:340429", "symbol_class": "well", "pixel_x": 7625.0, "pixel_y": 1318.0, "easting": 459712.9, "northing": 356538.2, "epsg_source": 22391}}, {"type": "Feature", "geometry": {"type": "Point", "coordinates": [9.2208727, 36.5227408]}, "properties": {"record_id": "oai:u-bordeaux-montaigne.fr:340429", "symbol_class": "well", "pixel_x": 2834.0, "pixel_y": 1320.0, "easting": 439144.3, "northing": 358029.0, "epsg_source": 22391}}, {"type": "Feature", "geometry": {"type": "Point", "coordinates": [9.4501716, 36.5101358]}, "properties": {"record_id": "oai:u-bordeaux-montaigne.fr:340429", "symbol_class": "well", "pixel_x": 7615.0, "pixel_y": 1325.0, "easting": 459667.9, "northing": 356511.8, "epsg_source": 22391}}, {"type": "Feature", "geometry": {"type": "Point", "coordinates": [9.2501164, 36.5209531]}, "properties": {"record_id": "oai:u-bordeaux-montaigne.fr:340429", "symbol_class": "well", "pixel_x": 3444.0, "pixel_y": 1326.0, "easting": 441761.3, "northing": 357812.8, "epsg_source": 22391}}, {"type": "Feature", "geometry": {"type": "Point", "coordinates": [9.4505395, 36.5099248]}, "properties": {"record_id": "oai:u-bordeaux-montaigne.fr:340429", "symbol_class": "well", "pixel_x": 7623.0, "pixel_y": 1330.0, "easting": 459700.7, "northing": 356488.3, "epsg_source": 22391}}, {"type": "Feature", "geometry": {"type": "Point", "coordinates": [9.4428572, 36.5102334]}, "properties": {"record_id": "oai:u-bordeaux-montaigne.fr:340429", "symbol_class": "well", "pixel_x": 7463.0, "pixel_y": 1333.0, "easting": 459013.0, "northing": 356525.7, "epsg_source": 22391}}, {"type": "Feature", "geometry": {"type": "Point", "coordinates": [9.4431866, 36.510139]}, "properties": {"record_id": "oai:u-bordeaux-montaigne.fr:340429", "symbol_class": "well", "pixel_x": 7470.0, "pixel_y": 1335.0, "easting": 459042.4, "northing": 356515.1, "epsg_source": 22391}}, {"type": "Feature", "geometry": {"type": "Point", "coordinates": [9.450233, 36.5097128]}, "properties": {"record_id": "oai:u-bordeaux-montaigne.fr:340429", "symbol_class": "well", "pixel_x": 7617.0, "pixel_y": 1336.0, "easting": 459673.2, "northing": 356464.9, "epsg_source": 22391}}, {"type": "Feature", "geometry": {"type": "Point", "coordinates": [9.4432637, 36.5099059]}, "properties": {"record_id": "oai:u-bordeaux-montaigne.fr:340429", "symbol_class": "well", "pixel_x": 7472.0, "pixel_y": 1341.0, "easting": 459049.2, "northing": 356489.2, "epsg_source": 22391}}, {"type": "Feature", "geometry": {"type": "Point", "coordinates": [9.3245596, 36.5163425]}, "properties": {"record_id": "oai:u-bordeaux-montaigne.fr:340429", "symbol_class": "well", "pixel_x": 4997.0, "pixel_y": 1342.0, "easting": 448423.6, "northing": 357259.5, "epsg_source": 22391}}, {"type": "Feature", "geometry": {"type": "Point", "coordinates": [9.4497283, 36.5094355]}, "properties": {"record_id": "oai:u-bordeaux-montaigne.fr:340429", "symbol_class": "well", "pixel_x": 7607.0, "pixel_y": 1344.0, "easting": 459627.9, "northing": 356434.3, "epsg_source": 22391}}, {"type": "Feature", "geometry": {"type": "Point", "coordinates": [9.4429123, 36.5097345]}, "properties": {"record_id": "oai:u-bordeaux-montaigne.fr:340429", "symbol_class": "well", "pixel_x": 7465.0, "pixel_y": 1346.0, "easting": 459017.6, "northing": 356470.3, "epsg_source": 22391}}, {"type": "Feature", "geometry": {"type": "Point", "coordinates": [9.4434305, 36.5095916]}, "properties": {"record_id": "oai:u-bordeaux-montaigne.fr:340429", "symbol_class": "well", "pixel_x": 7476.0, "pixel_y": 1349.0, "easting": 459064.0, "northing": 356454.3, "epsg_source": 22391}}, {"type": "Feature", "geometry": {"type": "Point", "coordinates": [9.4492331, 36.509272]}, "properties": {"record_id": "oai:u-bordeaux-montaigne.fr:340429", "symbol_class": "well", "pixel_x": 7597.0, "pixel_y": 1349.0, "easting": 459583.4, "northing": 356416.4, "epsg_source": 22391}}, {"type": "Feature", "geometry": {"type": "Point", "coordinates": [9.4430791, 36.5094202]}, "properties": {"record_id": "oai:u-bordeaux-montaigne.fr:340429", "symbol_class": "well", "pixel_x": 7469.0, "pixel_y": 1354.0, "easting": 459032.4, "northing": 356435.4, "epsg_source": 22391}}, {"type": "Feature", "geometry": {"type": "Point", "coordinates": [9.4485461, 36.5091191]}, "properties": {"record_id": "oai:u-bordeaux-montaigne.fr:340429", "symbol_class": "well", "pixel_x": 7583.0, "pixel_y": 1354.0, "easting": 459521.8, "northing": 356399.7, "epsg_source": 22391}}, {"type": "Feature", "geometry": {"type": "Point", "coordinates": [9.4435972, 36.5092772]}, "properties": {"record_id": "oai:u-bordeaux-montaigne.fr:340429", "symbol_class": "well", "pixel_x": 7480.0, "pixel_y": 1357.0, "easting": 459078.7, "northing": 356419.3, "epsg_source": 22391}}, {"type": "Feature", "geometry": {"type": "Point", "coordinates": [9.4479612, 36.5090369]}, "properties": {"record_id": "oai:u-bordeaux-montaigne.fr:340429", "symbol_class": "well", "pixel_x": 7571.0, "pixel_y": 1357.0, "easting": 459469.4, "northing": 356390.8, "epsg_source": 22391}}, {"type": "Feature", "geometry": {"type": "Point", "coordinates": [9.4432459, 36.5091058]}, "properties": {"record_id": "oai:u-bordeaux-montaigne.fr:340429", "symbol_class": "well", "pixel_x": 7473.0, "pixel_y": 1362.0, "easting": 459047.2, "northing": 356400.5, "epsg_source": 22391}}, {"type": "Feature", "geometry": {"type": "Point", "coordinates": [9.4484699, 36.50878]}, "properties": {"record_id": "oai:u-bordeaux-montaigne.fr:340429", "symbol_class": "well", "pixel_x": 7582.0, "pixel_y": 1363.0, "easting": 459514.8, "northing": 356362.1, "epsg_source": 22391}}, {"type": "Feature", "geometry": {"type": "Point", "coordinates": [9.4488535, 36.5087589]}, "properties": {"record_id": "oai:u-bordeaux-montaigne.fr:340429", "symbol_class": "well", "pixel_x": 7590.0, "pixel_y": 1363.0, "easting": 459549.2, "northing": 356359.6, "epsg_source": 22391}}, {"type": "Feature", "geometry": {"type": "Point", "coordinates": [9.443716, 36.5089655]}, "properties": {"record_id": "oai:u-bordeaux-montaigne.fr:340429", "symbol_class": "well", "pixel_x": 7483.0, "pixel_y": 1365.0, "easting": 459089.2, "northing": 356384.7, "epsg_source": 22391}}, {"type": "Feature", "geometry": {"type": "Point", "coordinates": [9.4479298, 36.5086572]}, "properties": {"record_id": "oai:u-bordeaux-montaigne.fr:340429", "symbol_class": "well", "pixel_x": 7571.0, "pixel_y": 1367.0, "easting": 459466.4, "northing": 356348.7, "epsg_source": 22391}}, {"type": "Feature", "geometry": {"type": "Point", "coordinates": [9.4857144, 36.5065319]}, "properties": {"record_id": "oai:u-bordeaux-montaigne.fr:340429", "symbol_class": "well", "pixel_x": 8359.0, "pixel_y": 1368.0, "easting": 462849.0, "northing": 356097.9, "epsg_source": 22391}}, {"type": "Feature", "geometry": {"type": "Point", "coordinates": [9.4851837, 36.5065231]}, "properties": {"record_id": "oai:u-bordeaux-montaigne.fr:340429", "symbol_class": "well", "pixel_x": 8348.0, "pixel_y": 1369.0, "easting": 462801.5, "northing": 356097.2, "epsg_source": 22391}}, {"type": "Feature", "geometry": {"type": "Point", "coordinates": [9.4433647, 36.5087941]}, "properties": {"record_id": "oai:u-bordeaux-montaigne.fr:340429", "symbol_class": "well", "pixel_x": 7476.0, "pixel_y": 1370.0, "easting": 459057.7, "northing": 356365.8, "epsg_source": 22391}}, {"type": "Feature", "geometry": {"type": "Point", "coordinates": [9.443838, 36.5086918]}, "properties": {"record_id": "oai:u-bordeaux-montaigne.fr:340429", "symbol_class": "well", "pixel_x": 7486.0, "pixel_y": 1372.0, "easting": 459100.0, "northing": 356354.3, "epsg_source": 22391}}, {"type": "Feature", "geometry": {"type": "Point", "coordinates": [9.4475722, 36.5084099]}, "properties": {"record_id": "oai:u-bordeaux-montaigne.fr:340429", "symbol_class": "well", "pixel_x": 7564.0, "pixel_y": 1374.0, "easting": 459434.2, "northing": 356321.4, "epsg_source": 22391}}, {"type": "Feature", "geometry": {"type": "Point", "coordinates": [9.4466548, 36.5083841]}, "properties": {"record_id": "oai:u-bordeaux-montaigne.fr:340429", "symbol_class": "well", "pixel_x": 7545.0, "pixel_y": 1376.0, "easting": 459352.1, "northing": 356319.0, "epsg_source": 22391}}, {"type": "Feature", "geometry": {"type": "Point", "coordinates": [9.4470864, 36.5083604]}, "properties": {"record_id": "oai:u-bordeaux-montaigne.fr:340429", "symbol_class": "well", "pixel_x": 7554.0, "pixel_y": 1376.0, "easting": 459390.7, "northing": 356316.2, "epsg_source": 22391}}, {"type": "Feature", "geometry": {"type": "Point", "coordinates": [9.4844872, 36.5062565]}, "properties": {"record_id": "oai:u-bordeaux-montaigne.fr:340429", "symbol_class": "well", "pixel_x": 8334.0, "pixel_y": 1377.0, "easting": 462739.0, "northing": 356067.9, "epsg_source": 22391}}, {"type": "Feature", "geometry": {"type": "Point", "coordinates": [9.4854462, 36.5062034]}, "properties": {"record_id": "oai:u-bordeaux-montaigne.fr:340429", "symbol_class": "well", "pixel_x": 8354.0, "pixel_y": 1377.0, "easting": 462824.9, "northing": 356061.6, "epsg_source": 22391}}, {"type": "Feature", "geometry": {"type": "Point", "coordinates": [9.4445865, 36.5084217]}, "properties": {"record_id": "oai:u-bordeaux-montaigne.fr:340429", "symbol_class": "well", "pixel_x": 7502.0, "pixel_y": 1378.0, "easting": 459166.9, "northing": 356324.0, "epsg_source": 22391}}, {"type": "Feature", "geometry": {"type": "Point", "coordinates": [9.4849635, 36.506192]}, "properties": {"record_id": "oai:u-bordeaux-montaigne.fr:340429", "symbol_class": "well", "pixel_x": 8344.0, "pixel_y": 1378.0, "easting": 462781.6, "northing": 356060.5, "epsg_source": 22391}}, {"type": "Feature", "geometry": {"type": "Point", "coordinates": [9.4860185, 36.5061336]}, "properties": {"record_id": "oai:u-bordeaux-montaigne.fr:340429", "symbol_class": "well", "pixel_x": 8366.0, "pixel_y": 1378.0, "easting": 462876.1, "northing": 356053.6, "epsg_source": 22391}}, {"type": "Feature", "geometry": {"type": "Point", "coordinates": [9.4451108, 36.5083547]}, "properties": {"record_id": "oai:u-bordeaux-montaigne.fr:340429", "symbol_class": "well", "pixel_x": 7513.0, "pixel_y": 1379.0, "easting": 459213.8, "northing": 356316.4, "epsg_source": 22391}}, {"type": "Feature", "geometry": {"type": "Point", "coordinates": [9.445974, 36.5083072]}, "properties": {"record_id": "oai:u-bordeaux-montaigne.fr:340429", "symbol_class": "well", "pixel_x": 7531.0, "pixel_y": 1379.0, "easting": 459291.1, "northing": 356310.7, "epsg_source": 22391}}, {"type": "Feature", "geometry": {"type": "Point", "coordinates": [9.4455873, 36.5082903]}, "properties": {"record_id": "oai:u-bordeaux-montaigne.fr:340429", "symbol_class": "well", "pixel_x": 7523.0, "pixel_y": 1380.0, "easting": 459256.4, "northing": 356309.0, "epsg_source": 22391}}, {"type": "Feature", "geometry": {"type": "Point", "coordinates": [9.4441298, 36.5081417]}, "properties": {"record_id": "oai:u-bordeaux-montaigne.fr:340429", "symbol_class": "well", "pixel_x": 7493.0, "pixel_y": 1386.0, "easting": 459125.8, "northing": 356293.1, "epsg_source": 22391}}, {"type": "Feature", "geometry": {"type": "Point", "coordinates": [9.4445103, 36.5080826]}, "properties": {"record_id": "oai:u-bordeaux-montaigne.fr:340429", "symbol_class": "well", "pixel_x": 7501.0, "pixel_y": 1387.0, "easting": 459159.9, "northing": 356286.4, "epsg_source": 22391}}, {"type": "Feature", "geometry": {"type": "Point", "coordinates": [9.4463326, 36.5079823]}, "properties": {"record_id": "oai:u-bordeaux-montaigne.fr:340429", "symbol_class": "well", "pixel_x": 7539.0, "pixel_y": 1387.0, "easting": 459323.0, "northing": 356274.5, "epsg_source": 22391}}, {"type": "Feature", "geometry": {"type": "Point", "coordinates": [9.4022577, 36.5103631]}, "properties": {"record_id": "oai:u-bordeaux-montaigne.fr:340429", "symbol_class": "well", "pixel_x": 6620.0, "pixel_y": 1388.0, "easting": 455377.4, "northing": 356557.9, "epsg_source": 22391}}, {"type": "Feature", "geometry": {"type": "Point", "coordinates": [9.4455048, 36.5078753]}, "properties": {"record_id": "oai:u-bordeaux-montaigne.fr:340429", "symbol_class": "well", "pixel_x": 7522.0, "pixel_y": 1391.0, "easting": 459248.8, "northing": 356263.0, "epsg_source": 22391}}, {"type": "Feature", "geometry": {"type": "Point", "coordinates": [9.4458854, 36.5078162]}, "properties": {"record_id": "oai:u-bordeaux-montaigne.fr:340429", "symbol_class": "well", "pixel_x": 7530.0, "pixel_y": 1392.0, "easting": 459282.9, "northing": 356256.3, "epsg_source": 22391}}, {"type": "Feature", "geometry": {"type": "Point", "coordinates": [9.4839131, 36.505144]}, "properties": {"record_id": "oai:u-bordeaux-montaigne.fr:340429", "symbol_class": "well", "pixel_x": 8324.0, "pixel_y": 1407.0, "easting": 462687.1, "northing": 355944.7, "epsg_source": 22391}}, {"type": "Feature", "geometry": {"type": "Point", "coordinates": [9.3208634, 36.513529]}, "properties": {"record_id": "oai:u-bordeaux-montaigne.fr:340429", "symbol_class": "well", "pixel_x": 4925.0, "pixel_y": 1421.0, "easting": 448090.8, "northing": 356949.4, "epsg_source": 22391}}, {"type": "Feature", "geometry": {"type": "Point", "coordinates": [9.4833832, 36.504563]}, "properties": {"record_id": "oai:u-bordeaux-montaigne.fr:340429", "symbol_class": "well", "pixel_x": 8314.0, "pixel_y": 1423.0, "easting": 462639.3, "northing": 355880.4, "epsg_source": 22391}}, {"type": "Feature", "geometry": {"type": "Point", "coordinates": [9.2391638, 36.5177239]}, "properties": {"record_id": "oai:u-bordeaux-montaigne.fr:340429", "symbol_class": "well", "pixel_x": 3222.0, "pixel_y": 1426.0, "easting": 440778.2, "northing": 357461.2, "epsg_source": 22391}}, {"type": "Feature", "geometry": {"type": "Point", "coordinates": [9.3208775, 36.5131087]}, "properties": {"record_id": "oai:u-bordeaux-montaigne.fr:340429", "symbol_class": "well", "pixel_x": 4926.0, "pixel_y": 1432.0, "easting": 448091.7, "northing": 356902.7, "epsg_source": 22391}}, {"type": "Feature", "geometry": {"type": "Point", "coordinates": [9.4834829, 36.5040234]}, "properties": {"record_id": "oai:u-bordeaux-montaigne.fr:340429", "symbol_class": "well", "pixel_x": 8317.0, "pixel_y": 1437.0, "easting": 462648.0, "northing": 355820.5, "epsg_source": 22391}}, {"type": "Feature", "geometry": {"type": "Point", "coordinates": [9.3207632, 36.512886]}, "properties": {"record_id": "oai:u-bordeaux-montaigne.fr:340429", "symbol_class": "well", "pixel_x": 4924.0, "pixel_y": 1438.0, "easting": 448081.4, "northing": 356878.1, "epsg_source": 22391}}, {"type": "Feature", "geometry": {"type": "Point", "coordinates": [9.4106383, 36.5079972]}, "properties": {"record_id": "oai:u-bordeaux-montaigne.fr:340429", "symbol_class": "well", "pixel_x": 6798.0, "pixel_y": 1438.0, "easting": 456126.5, "northing": 356291.7, "epsg_source": 22391}}, {"type": "Feature", "geometry": {"type": "Point", "coordinates": [9.3205203, 36.512861]}, "properties": {"record_id": "oai:u-bordeaux-montaigne.fr:340429", "symbol_class": "well", "pixel_x": 4919.0, "pixel_y": 1439.0, "easting": 448059.6, "northing": 356875.4, "epsg_source": 22391}}, {"type": "Feature", "geometry": {"type": "Point", "coordinates": [9.3207865, 36.5125796]}, "properties": {"record_id": "oai:u-bordeaux-montaigne.fr:340429", "symbol_class": "well", "pixel_x": 4925.0, "pixel_y": 1446.0, "easting": 448083.2, "northing": 356844.1, "epsg_source": 22391}}, {"type": "Feature", "geometry": {"type": "Point", "coordinates": [9.3204957, 36.5125572]}, "properties": {"record_id": "oai:u-bordeaux-montaigne.fr:340429", "symbol_class": "well", "pixel_x": 4919.0, "pixel_y": 1447.0, "easting": 448057.2, "northing": 356841.7, "epsg_source": 22391}}, {"type": "Feature", "geometry": {"type": "Point", "coordinates": [9.4831157, 36.5036623]}, "properties": {"record_id": "oai:u-bordeaux-montaigne.fr:340429", "symbol_class": "well", "pixel_x": 8310.0, "pixel_y": 1447.0, "easting": 462615.0, "northing": 355780.6, "epsg_source": 22391}}, {"type": "Feature", "geometry": {"type": "Point", "coordinates": [9.482729, 36.5036456]}, "properties": {"record_id": "oai:u-bordeaux-montaigne.fr:340429", "symbol_class": "well", "pixel_x": 8302.0, "pixel_y": 1448.0, "easting": 462580.3, "northing": 355778.9, "epsg_source": 22391}}, {"type": "Feature", "geometry": {"type": "Point", "coordinates": [9.4103842, 36.5072483]}, "properties": {"record_id": "oai:u-bordeaux-montaigne.fr:340429", "symbol_class": "well", "pixel_x": 6794.0, "pixel_y": 1458.0, "easting": 456103.4, "northing": 356208.7, "epsg_source": 22391}}, {"type": "Feature", "geometry": {"type": "Point", "coordinates": [9.3205547, 36.5120963]}, "properties": {"record_id": "oai:u-bordeaux-montaigne.fr:340429", "symbol_class": "well", "pixel_x": 4921.0, "pixel_y": 1459.0, "easting": 448062.2, "northing": 356790.6, "epsg_source": 22391}}, {"type": "Feature", "geometry": {"type": "Point", "coordinates": [9.4829309, 36.5031766]}, "properties": {"record_id": "oai:u-bordeaux-montaigne.fr:340429", "symbol_class": "well", "pixel_x": 8307.0, "pixel_y": 1460.0, "easting": 462598.2, "northing": 355726.8, "epsg_source": 22391}}, {"type": "Feature", "geometry": {"type": "Point", "coordinates": [9.3208364, 36.5120048]}, "properties": {"record_id": "oai:u-bordeaux-montaigne.fr:340429", "symbol_class": "well", "pixel_x": 4927.0, "pixel_y": 1461.0, "easting": 448087.3, "northing": 356780.3, "epsg_source": 22391}}, {"type": "Feature", "geometry": {"type": "Point", "coordinates": [9.4824899, 36.5030866]}, "properties": {"record_id": "oai:u-bordeaux-montaigne.fr:340429", "symbol_class": "well", "pixel_x": 8298.0, "pixel_y": 1463.0, "easting": 462558.6, "northing": 355717.0, "epsg_source": 22391}}, {"type": "Feature", "geometry": {"type": "Point", "coordinates": [9.3208271, 36.5118909]}, "properties": {"record_id": "oai:u-bordeaux-montaigne.fr:340429", "symbol_class": "well", "pixel_x": 4927.0, "pixel_y": 1464.0, "easting": 448086.4, "northing": 356767.7, "epsg_source": 22391}}, {"type": "Feature", "geometry": {"type": "Point", "coordinates": [9.3205363, 36.5118685]}, "properties": {"record_id": "oai:u-bordeaux-montaigne.fr:340429", "symbol_class": "well", "pixel_x": 4921.0, "pixel_y": 1465.0, "easting": 448060.4, "northing": 356765.3, "epsg_source": 22391}}, {"type": "Feature", "geometry": {"type": "Point", "coordinates": [9.4824199, 36.5028235]}, "properties": {"record_id": "oai:u-bordeaux-montaigne.fr:340429", "symbol_class": "well", "pixel_x": 8297.0, "pixel_y": 1470.0, "easting": 462552.2, "northing": 355687.8, "epsg_source": 22391}}, {"type": "Feature", "geometry": {"type": "Point", "coordinates": [9.3204668, 36.5116052]}, "properties": {"record_id": "oai:u-bordeaux-montaigne.fr:340429", "symbol_class": "well", "pixel_x": 4920.0, "pixel_y": 1472.0, "easting": 448054.0, "northing": 356736.2, "epsg_source": 22391}}, {"type": "Feature", "geometry": {"type": "Point", "coordinates": [9.4827909, 36.5026503]}, "properties": {"record_id": "oai:u-bordeaux-montaigne.fr:340429", "symbol_class": "well", "pixel_x": 8305.0, "pixel_y": 1474.0, "easting": 462585.4, "northing": 355668.5, "epsg_source": 22391}}, {"type": "Feature", "geometry": {"type": "Point", "coordinates": [9.2519416, 36.5148677]}, "properties": {"record_id": "oai:u-bordeaux-montaigne.fr:340429", "symbol_class": "well", "pixel_x": 3492.0, "pixel_y": 1483.0, "easting": 441920.2, "northing": 357136.7, "epsg_source": 22391}}, {"type": "Feature", "geometry": {"type": "Point", "coordinates": [9.3205228, 36.5111064]}, "properties": {"record_id": "oai:u-bordeaux-montaigne.fr:340429", "symbol_class": "well", "pixel_x": 4922.0, "pixel_y": 1485.0, "easting": 448058.7, "northing": 356680.8, "epsg_source": 22391}}, {"type": "Feature", "geometry": {"type": "Point", "coordinates": [9.3199522, 36.5106032]}, "properties": {"record_id": "oai:u-bordeaux-montaigne.fr:340429", "symbol_class": "well", "pixel_x": 4911.0, "pixel_y": 1499.0, "easting": 448007.2, "northing": 356625.3, "epsg_source": 22391}}, {"type": "Feature", "geometry": {"type": "Point", "coordinates": [9.4827058, 36.5016251]}, "properties": {"record_id": "oai:u-bordeaux-montaigne.fr:340429", "symbol_class": "well", "pixel_x": 8305.0, "pixel_y": 1501.0, "easting": 462577.3, "northing": 355554.8, "epsg_source": 22391}}, {"type": "Feature", "geometry": {"type": "Point", "coordinates": [9.3202123, 36.5102459]}, "properties": {"record_id": "oai:u-bordeaux-montaigne.fr:340429", "symbol_class": "well", "pixel_x": 4917.0, "pixel_y": 1508.0, "easting": 448030.3, "northing": 356585.5, "epsg_source": 22391}}, {"type": "Feature", "geometry": {"type": "Point", "coordinates": [9.4827286, 36.5013187]}, "properties": {"record_id": "oai:u-bordeaux-montaigne.fr:340429", "symbol_class": "well", "pixel_x": 8306.0, "pixel_y": 1509.0, "easting": 462579.2, "northing": 355520.8, "epsg_source": 22391}}, {"type": "Feature", "geometry": {"type": "Point", "coordinates": [9.2510441, 36.5138859]}, "properties": {"record_id": "oai:u-bordeaux-montaigne.fr:340429", "symbol_class": "well", "pixel_x": 3475.0, "pixel_y": 1510.0, "easting": 441839.1, "northing": 357028.3, "epsg_source": 22391}}, {"type": "Feature", "geometry": {"type": "Point", "coordinates": [9.2513319, 36.5138705]}, "properties": {"record_id": "oai:u-bordeaux-montaigne.fr:340429", "symbol_class": "well", "pixel_x": 3481.0, "pixel_y": 1510.0, "easting": 441864.9, "northing": 357026.4, "epsg_source": 22391}}, {"type": "Feature", "geometry": {"type": "Point", "coordinates": [9.4823835, 36.5012234]}, "properties": {"record_id": "oai:u-bordeaux-montaigne.fr:340429", "symbol_class": "well", "pixel_x": 8299.0, "pixel_y": 1512.0, "easting": 462548.2, "northing": 355510.3, "epsg_source": 22391}}, {"type": "Feature", "geometry": {"type": "Point", "coordinates": [9.4824769, 36.5006079]}, "properties": {"record_id": "oai:u-bordeaux-montaigne.fr:340429", "symbol_class": "well", "pixel_x": 8302.0, "pixel_y": 1528.0, "easting": 462556.3, "northing": 355442.0, "epsg_source": 22391}}, {"type": "Feature", "geometry": {"type": "Point", "coordinates": [9.3205641, 36.5092352]}, "properties": {"record_id": "oai:u-bordeaux-montaigne.fr:340429", "symbol_class": "well", "pixel_x": 4926.0, "pixel_y": 1534.0, "easting": 448061.1, "northing": 356473.2, "epsg_source": 22391}}, {"type": "Feature", "geometry": {"type": "Point", "coordinates": [9.4829375, 36.5003535]}, "properties": {"record_id": "oai:u-bordeaux-montaigne.fr:340429", "symbol_class": "well", "pixel_x": 8312.0, "pixel_y": 1534.0, "easting": 462597.4, "northing": 355413.6, "epsg_source": 22391}}, {"type": "Feature", "geometry": {"type": "Point", "coordinates": [9.4825382, 36.5001849]}, "properties": {"record_id": "oai:u-bordeaux-montaigne.fr:340429", "symbol_class": "well", "pixel_x": 8304.0, "pixel_y": 1539.0, "easting": 462561.6, "northing": 355395.1, "epsg_source": 22391}}, {"type": "Feature", "geometry": {"type": "Point", "coordinates": [9.3935845, 36.5050394]}, "properties": {"record_id": "oai:u-bordeaux-montaigne.fr:340429", "symbol_class": "well", "pixel_x": 6449.0, "pixel_y": 1540.0, "easting": 454597.7, "northing": 355971.3, "epsg_source": 22391}}, {"type": "Feature", "geometry": {"type": "Point", "coordinates": [9.4828997, 36.4998978]}, "properties": {"record_id": "oai:u-bordeaux-montaigne.fr:340429", "symbol_class": "well", "pixel_x": 8312.0, "pixel_y": 1546.0, "easting": 462593.8, "northing": 355363.1, "epsg_source": 22391}}, {"type": "Feature", "geometry": {"type": "Point", "coordinates": [9.482465, 36.4998837]}, "properties": {"record_id": "oai:u-bordeaux-montaigne.fr:340429", "symbol_class": "well", "pixel_x": 8303.0, "pixel_y": 1547.0, "easting": 462554.9, "northing": 355361.7, "epsg_source": 22391}}, {"type": "Feature", "geometry": {"type": "Point", "coordinates": [9.3208027, 36.5086121]}, "properties": {"record_id": "oai:u-bordeaux-montaigne.fr:340429", "symbol_class": "well", "pixel_x": 4932.0, "pixel_y": 1550.0, "easting": 448082.1, "northing": 356403.9, "epsg_source": 22391}}, {"type": "Feature", "geometry": {"type": "Point", "coordinates": [9.3211864, 36.5085913]}, "properties": {"record_id": "oai:u-bordeaux-montaigne.fr:340429", "symbol_class": "well", "pixel_x": 4940.0, "pixel_y": 1550.0, "easting": 448116.4, "northing": 356401.4, "epsg_source": 22391}}, {"type": "Feature", "geometry": {"type": "Point", "coordinates": [9.4828297, 36.4996347]}, "properties": {"record_id": "oai:u-bordeaux-montaigne.fr:340429", "symbol_class": "well", "pixel_x": 8311.0, "pixel_y": 1553.0, "easting": 462587.4, "northing": 355333.9, "epsg_source": 22391}}, {"type": "Feature", "geometry": {"type": "Point", "coordinates": [9.4823793, 36.4994307]}, "properties": {"record_id": "oai:u-bordeaux-montaigne.fr:340429", "symbol_class": "well", "pixel_x": 8302.0, "pixel_y": 1559.0, "easting": 462547.0, "northing": 355311.5, "epsg_source": 22391}}, {"type": "Feature", "geometry": {"type": "Point", "coordinates": [9.4827629, 36.4994095]}, "properties": {"record_id": "oai:u-bordeaux-montaigne.fr:340429", "symbol_class": "well", "pixel_x": 8310.0, "pixel_y": 1559.0, "easting": 462581.3, "northing": 355309.0, "epsg_source": 22391}}, {"type": "Feature", "geometry": {"type": "Point", "coordinates": [9.3202831, 36.5081443]}, "properties": {"record_id": "oai:u-bordeaux-montaigne.fr:340429", "symbol_class": "well", "pixel_x": 4922.0, "pixel_y": 1563.0, "easting": 448035.2, "northing": 356352.3, "epsg_source": 22391}}, {"type": "Feature", "geometry": {"type": "Point", "coordinates": [9.4853363, 36.4990762]}, "properties": {"record_id": "oai:u-bordeaux-montaigne.fr:340429", "symbol_class": "well", "pixel_x": 8364.0, "pixel_y": 1564.0, "easting": 462811.7, "northing": 355271.0, "epsg_source": 22391}}, {"type": "Feature", "geometry": {"type": "Point", "coordinates": [9.3206607, 36.5080476]}, "properties": {"record_id": "oai:u-bordeaux-montaigne.fr:340429", "symbol_class": "well", "pixel_x": 4930.0, "pixel_y": 1565.0, "easting": 448069.0, "northing": 356341.4, "epsg_source": 22391}}, {"type": "Feature", "geometry": {"type": "Point", "coordinates": [9.4826803, 36.4989945]}, "properties": {"record_id": "oai:u-bordeaux-montaigne.fr:340429", "symbol_class": "well", "pixel_x": 8309.0, "pixel_y": 1570.0, "easting": 462573.7, "northing": 355263.0, "epsg_source": 22391}}, {"type": "Feature", "geometry": {"type": "Point", "coordinates": [9.4838216, 36.4988168]}, "properties": {"record_id": "oai:u-bordeaux-montaigne.fr:340429", "symbol_class": "well", "pixel_x": 8333.0, "pixel_y": 1573.0, "easting": 462675.9, "northing": 355242.8, "epsg_source": 22391}}, {"type": "Feature", "geometry": {"type": "Point", "coordinates": [9.4848764, 36.4987584]}, "properties": {"record_id": "oai:u-bordeaux-montaigne.fr:340429", "symbol_class": "well", "pixel_x": 8355.0, "pixel_y": 1573.0, "easting": 462770.3, "northing": 355235.9, "epsg_source": 22391}}, {"type": "Feature", "geometry": {"type": "Point", "coordinates": [9.3945786, 36.5036501]}, "properties": {"record_id": "oai:u-bordeaux-montaigne.fr:340429", "symbol_class": "well", "pixel_x": 6472.0, "pixel_y": 1575.0, "easting": 454685.9, "northing": 355816.8, "epsg_source": 22391}}, {"type": "Feature", "geometry": {"type": "Point", "coordinates": [9.482949, 36.4987507]}, "properties": {"record_id": "oai:u-bordeaux-montaigne.fr:340429", "symbol_class": "well", "pixel_x": 8315.0, "pixel_y": 1576.0, "easting": 462597.7, "northing": 355235.8, "epsg_source": 22391}}, {"type": "Feature", "geometry": {"type": "Point", "coordinates": [9.4831856, 36.4986995]}, "properties": {"record_id": "oai:u-bordeaux-montaigne.fr:340429", "symbol_class": "well", "pixel_x": 8320.0, "pixel_y": 1577.0, "easting": 462618.9, "northing": 355230.0, "epsg_source": 22391}}, {"type": "Feature", "geometry": {"type": "Point", "coordinates": [9.4853433, 36.4985799]}, "properties": {"record_id": "oai:u-bordeaux-montaigne.fr:340429", "symbol_class": "well", "pixel_x": 8365.0, "pixel_y": 1577.0, "easting": 462812.0, "northing": 355216.0, "epsg_source": 22391}}, {"type": "Feature", "geometry": {"type": "Point", "coordinates": [9.4823194, 36.4987093]}, "properties": {"record_id": "oai:u-bordeaux-montaigne.fr:340429", "symbol_class": "well", "pixel_x": 8302.0, "pixel_y": 1578.0, "easting": 462541.3, "northing": 355231.5, "epsg_source": 22391}}, {"type": "Feature", "geometry": {"type": "Point", "coordinates": [9.4840903, 36.4985731]}, "properties": {"record_id": "oai:u-bordeaux-montaigne.fr:340429", "symbol_class": "well", "pixel_x": 8339.0, "pixel_y": 1579.0, "easting": 462699.8, "northing": 355215.7, "epsg_source": 22391}}, {"type": "Feature", "geometry": {"type": "Point", "coordinates": [9.3200329, 36.5074331]}, "properties": {"record_id": "oai:u-bordeaux-montaigne.fr:340429", "symbol_class": "well", "pixel_x": 4918.0, "pixel_y": 1582.0, "easting": 448012.4, "northing": 356273.6, "epsg_source": 22391}}, {"type": "Feature", "geometry": {"type": "Point", "coordinates": [9.4832563, 36.4983904]}, "properties": {"record_id": "oai:u-bordeaux-montaigne.fr:340429", "symbol_class": "well", "pixel_x": 8322.0, "pixel_y": 1585.0, "easting": 462625.0, "northing": 355195.7, "epsg_source": 22391}}, {"type": "Feature", "geometry": {"type": "Point", "coordinates": [9.4826298, 36.4983869]}, "properties": {"record_id": "oai:u-bordeaux-montaigne.fr:340429", "symbol_class": "well", "pixel_x": 8309.0, "pixel_y": 1586.0, "easting": 462568.9, "northing": 355195.6, "epsg_source": 22391}}, {"type": "Feature", "geometry": {"type": "Point", "coordinates": [9.1949004, 36.5123346]}, "properties": {"record_id": "oai:u-bordeaux-montaigne.fr:340429", "symbol_class": "well", "pixel_x": 2312.0, "pixel_y": 1629.0, "easting": 436810.6, "northing": 356891.2, "epsg_source": 22391}}, {"type": "Feature", "geometry": {"type": "Point", "coordinates": [9.3163189, 36.5043917]}, "properties": {"record_id": "oai:u-bordeaux-montaigne.fr:340429", "symbol_class": "well", "pixel_x": 4846.0, "pixel_y": 1667.0, "easting": 447677.8, "northing": 355938.2, "epsg_source": 22391}}, {"type": "Feature", "geometry": {"type": "Point", "coordinates": [9.4275704, 36.4983336]}, "properties": {"record_id": "oai:u-bordeaux-montaigne.fr:340429", "symbol_class": "well", "pixel_x": 7166.0, "pixel_y": 1667.0, "easting": 457637.6, "northing": 355212.2, "epsg_source": 22391}}, {"type": "Feature", "geometry": {"type": "Point", "coordinates": [9.427855, 36.4982798]}, "properties": {"record_id": "oai:u-bordeaux-montaigne.fr:340429", "symbol_class": "well", "pixel_x": 7172.0, "pixel_y": 1668.0, "easting": 457663.1, "northing": 355206.1, "epsg_source": 22391}}, {"type": "Feature", "geometry": {"type": "Point", "coordinates": [9.4273474, 36.4979644]}, "properties": {"record_id": "oai:u-bordeaux-montaigne.fr:340429", "symbol_class": "well", "pixel_x": 7162.0, "pixel_y": 1677.0, "easting": 457617.5, "northing": 355171.3, "epsg_source": 22391}}, {"type": "Feature", "geometry": {"type": "Point", "coordinates": [9.4845808, 36.4946169]}, "properties": {"record_id": "oai:u-bordeaux-montaigne.fr:340429", "symbol_class": "well", "pixel_x": 8356.0, "pixel_y": 1682.0, "easting": 462741.9, "northing": 354776.6, "epsg_source": 22391}}, {"type": "Feature", "geometry": {"type": "Point", "coordinates": [9.4848017, 36.4943757]}, "properties": {"record_id": "oai:u-bordeaux-montaigne.fr:340429", "symbol_class": "well", "pixel_x": 8361.0, "pixel_y": 1688.0, "easting": 462761.5, "northing": 354749.8, "epsg_source": 22391}}, {"type": "Feature", "geometry": {"type": "Point", "coordinates": [9.4258433, 36.4972459]}, "properties": {"record_id": "oai:u-bordeaux-montaigne.fr:340429", "symbol_class": "well", "pixel_x": 7132.0, "pixel_y": 1698.0, "easting": 457482.4, "northing": 355092.3, "epsg_source": 22391}}, {"type": "Feature", "geometry": {"type": "Point", "coordinates": [9.4255525, 36.4972238]}, "properties": {"record_id": "oai:u-bordeaux-montaigne.fr:340429", "symbol_class": "well", "pixel_x": 7126.0, "pixel_y": 1699.0, "easting": 457456.3, "northing": 355089.9, "epsg_source": 22391}}, {"type": "Feature", "geometry": {"type": "Point", "coordinates": [9.4843355, 36.493982]}, "properties": {"record_id": "oai:u-bordeaux-montaigne.fr:340429", "symbol_class": "well", "pixel_x": 8352.0, "pixel_y": 1699.0, "easting": 462719.6, "northing": 354706.3, "epsg_source": 22391}}, {"type": "Feature", "geometry": {"type": "Point", "coordinates": [9.4837986, 36.4938973]}, "properties": {"record_id": "oai:u-bordeaux-montaigne.fr:340429", "symbol_class": "well", "pixel_x": 8341.0, "pixel_y": 1702.0, "easting": 462671.5, "northing": 354697.1, "epsg_source": 22391}}, {"type": "Feature", "geometry": {"type": "Point", "coordinates": [9.4842176, 36.4937215]}, "properties": {"record_id": "oai:u-bordeaux-montaigne.fr:340429", "symbol_class": "well", "pixel_x": 8350.0, "pixel_y": 1706.0, "easting": 462708.9, "northing": 354677.4, "epsg_source": 22391}}, {"type": "Feature", "geometry": {"type": "Point", "coordinates": [9.3169634, 36.5028312]}, "properties": {"record_id": "oai:u-bordeaux-montaigne.fr:340429", "symbol_class": "well", "pixel_x": 4862.0, "pixel_y": 1707.0, "easting": 447734.4, "northing": 355764.7, "epsg_source": 22391}}, {"type": "Feature", "geometry": {"type": "Point", "coordinates": [9.4841923, 36.4934177]}, "properties": {"record_id": "oai:u-bordeaux-montaigne.fr:340429", "symbol_class": "well", "pixel_x": 8350.0, "pixel_y": 1714.0, "easting": 462706.5, "northing": 354643.8, "epsg_source": 22391}}, {"type": "Feature", "geometry": {"type": "Point", "coordinates": [9.4243997, 36.4966767]}, "properties": {"record_id": "oai:u-bordeaux-montaigne.fr:340429", "symbol_class": "well", "pixel_x": 7103.0, "pixel_y": 1715.0, "easting": 457352.8, "northing": 355029.8, "epsg_source": 22391}}, {"type": "Feature", "geometry": {"type": "Point", "coordinates": [9.4838056, 36.493401]}, "properties": {"record_id": "oai:u-bordeaux-montaigne.fr:340429", "symbol_class": "well", "pixel_x": 8342.0, "pixel_y": 1715.0, "easting": 462671.9, "northing": 354642.0, "epsg_source": 22391}}, {"type": "Feature", "geometry": {"type": "Point", "coordinates": [9.4838763, 36.4930919]}, "properties": {"record_id": "oai:u-bordeaux-montaigne.fr:340429", "symbol_class": "well", "pixel_x": 8344.0, "pixel_y": 1723.0, "easting": 462678.1, "northing": 354607.7, "epsg_source": 22391}}, {"type": "Feature", "geometry": {"type": "Point", "coordinates": [9.483947, 36.4927828]}, "properties": {"record_id": "oai:u-bordeaux-montaigne.fr:340429", "symbol_class": "well", "pixel_x": 8346.0, "pixel_y": 1731.0, "easting": 462684.2, "northing": 354573.4, "epsg_source": 22391}}, {"type": "Feature", "geometry": {"type": "Point", "coordinates": [9.4843242, 36.4926856]}, "properties": {"record_id": "oai:u-bordeaux-montaigne.fr:340429", "symbol_class": "well", "pixel_x": 8354.0, "pixel_y": 1733.0, "easting": 462718.0, "northing": 354562.5, "epsg_source": 22391}}, {"type": "Feature", "geometry": {"type": "Point", "coordinates": [9.483976, 36.4925523]}, "properties": {"record_id": "oai:u-bordeaux-montaigne.fr:340429", "symbol_class": "well", "pixel_x": 8347.0, "pixel_y": 1737.0, "easting": 462686.7, "northing": 354547.8, "epsg_source": 22391}}, {"type": "Feature", "geometry": {"type": "Point", "coordinates": [9.4341541, 36.4952254]}, "properties": {"record_id": "oai:u-bordeaux-montaigne.fr:340429", "symbol_class": "well", "pixel_x": 7308.0, "pixel_y": 1739.0, "easting": 458225.6, "northing": 354864.6, "epsg_source": 22391}}, {"type": "Feature", "geometry": {"type": "Point", "coordinates": [9.4344324, 36.4950957]}, "properties": {"record_id": "oai:u-bordeaux-montaigne.fr:340429", "symbol_class": "well", "pixel_x": 7314.0, "pixel_y": 1742.0, "easting": 458250.5, "northing": 354850.0, "epsg_source": 22391}}, {"type": "Feature", "geometry": {"type": "Point", "coordinates": [9.4840404, 36.4921673]}, "properties": {"record_id": "oai:u-bordeaux-montaigne.fr:340429", "symbol_class": "well", "pixel_x": 8349.0, "pixel_y": 1747.0, "easting": 462692.3, "northing": 354505.1, "epsg_source": 22391}}, {"type": "Feature", "geometry": {"type": "Point", "coordinates": [9.484236, 36.4916224]}, "properties": {"record_id": "oai:u-bordeaux-montaigne.fr:340429", "symbol_class": "well", "pixel_x": 8354.0, "pixel_y": 1761.0, "easting": 462709.6, "northing": 354444.6, "epsg_source": 22391}}, {"type": "Feature", "geometry": {"type": "Point", "coordinates": [9.4770774, 36.4912558]}, "properties": {"record_id": "oai:u-bordeaux-montaigne.fr:340429", "symbol_class": "well", "pixel_x": 8206.0, "pixel_y": 1781.0, "easting": 462068.2, "northing": 354406.7, "epsg_source": 22391}}, {"type": "Feature", "geometry": {"type": "Point", "coordinates": [9.4775568, 36.4912293]}, "properties": {"record_id": "oai:u-bordeaux-montaigne.fr:340429", "symbol_class": "well", "pixel_x": 8216.0, "pixel_y": 1781.0, "easting": 462111.1, "northing": 354403.5, "epsg_source": 22391}}, {"type": "Feature", "geometry": {"type": "Point", "coordinates": [9.4776048, 36.4912267]}, "properties": {"record_id": "oai:u-bordeaux-montaigne.fr:340429", "symbol_class": "well", "pixel_x": 8217.0, "pixel_y": 1781.0, "easting": 462115.4, "northing": 354403.2, "epsg_source": 22391}}, {"type": "Feature", "geometry": {"type": "Point", "coordinates": [9.4841188, 36.4907897]}, "properties": {"record_id": "oai:u-bordeaux-montaigne.fr:340429", "symbol_class": "well", "pixel_x": 8353.0, "pixel_y": 1783.0, "easting": 462698.7, "northing": 354352.3, "epsg_source": 22391}}, {"type": "Feature", "geometry": {"type": "Point", "coordinates": [9.4772471, 36.4909794]}, "properties": {"record_id": "oai:u-bordeaux-montaigne.fr:340429", "symbol_class": "well", "pixel_x": 8210.0, "pixel_y": 1788.0, "easting": 462083.3, "northing": 354376.0, "epsg_source": 22391}}, {"type": "Feature", "geometry": {"type": "Point", "coordinates": [9.3153179, 36.4997543]}, "properties": {"record_id": "oai:u-bordeaux-montaigne.fr:340429", "symbol_class": "well", "pixel_x": 4833.0, "pixel_y": 1790.0, "easting": 447585.0, "northing": 355424.3, "epsg_source": 22391}}, {"type": "Feature", "geometry": {"type": "Point", "coordinates": [9.3151076, 36.4995368]}, "properties": {"record_id": "oai:u-bordeaux-montaigne.fr:340429", "symbol_class": "well", "pixel_x": 4829.0, "pixel_y": 1796.0, "easting": 447566.0, "northing": 355400.3, "epsg_source": 22391}}, {"type": "Feature", "geometry": {"type": "Point", "coordinates": [9.4757326, 36.4907199]}, "properties": {"record_id": "oai:u-bordeaux-montaigne.fr:340429", "symbol_class": "well", "pixel_x": 8179.0, "pixel_y": 1797.0, "easting": 461947.5, "northing": 354347.8, "epsg_source": 22391}}, {"type": "Feature", "geometry": {"type": "Point", "coordinates": [9.4785581, 36.4905254]}, "properties": {"record_id": "oai:u-bordeaux-montaigne.fr:340429", "symbol_class": "well", "pixel_x": 8238.0, "pixel_y": 1798.0, "easting": 462200.5, "northing": 354325.1, "epsg_source": 22391}}, {"type": "Feature", "geometry": {"type": "Point", "coordinates": [9.4826591, 36.4900313]}, "properties": {"record_id": "oai:u-bordeaux-montaigne.fr:340429", "symbol_class": "well", "pixel_x": 8324.0, "pixel_y": 1805.0, "easting": 462567.6, "northing": 354268.7, "epsg_source": 22391}}, {"type": "Feature", "geometry": {"type": "Point", "coordinates": [9.4833751, 36.4899535]}, "properties": {"record_id": "oai:u-bordeaux-montaigne.fr:340429", "symbol_class": "well", "pixel_x": 8339.0, "pixel_y": 1806.0, "easting": 462631.7, "northing": 354259.8, "epsg_source": 22391}}, {"type": "Feature", "geometry": {"type": "Point", "coordinates": [9.2316775, 36.5035919]}, "properties": {"record_id": "oai:u-bordeaux-montaigne.fr:340429", "symbol_class": "well", "pixel_x": 3090.0, "pixel_y": 1807.0, "easting": 440097.1, "northing": 355898.1, "epsg_source": 22391}}, {"type": "Feature", "geometry": {"type": "Point", "coordinates": [9.4820232, 36.489914]}, "properties": {"record_id": "oai:u-bordeaux-montaigne.fr:340429", "symbol_class": "well", "pixel_x": 8311.0, "pixel_y": 1809.0, "easting": 462510.6, "northing": 354255.9, "epsg_source": 22391}}, {"type": "Feature", "geometry": {"type": "Point", "coordinates": [9.3142464, 36.4990112]}, "properties": {"record_id": "oai:u-bordeaux-montaigne.fr:340429", "symbol_class": "well", "pixel_x": 4812.0, "pixel_y": 1811.0, "easting": 447488.6, "northing": 355342.4, "epsg_source": 22391}}, {"type": "Feature", "geometry": {"type": "Point", "coordinates": [9.4829758, 36.4897849]}, "properties": {"record_id": "oai:u-bordeaux-montaigne.fr:340429", "symbol_class": "well", "pixel_x": 8331.0, "pixel_y": 1811.0, "easting": 462595.8, "northing": 354241.2, "epsg_source": 22391}}, {"type": "Feature", "geometry": {"type": "Point", "coordinates": [9.4337278, 36.492388]}, "properties": {"record_id": "oai:u-bordeaux-montaigne.fr:340429", "symbol_class": "well", "pixel_x": 7304.0, "pixel_y": 1814.0, "easting": 458186.0, "northing": 354550.0, "epsg_source": 22391}}, {"type": "Feature", "geometry": {"type": "Point", "coordinates": [9.4813779, 36.4896827]}, "properties": {"record_id": "oai:u-bordeaux-montaigne.fr:340429", "symbol_class": "well", "pixel_x": 8298.0, "pixel_y": 1816.0, "easting": 462452.7, "northing": 354230.5, "epsg_source": 22391}}, {"type": "Feature", "geometry": {"type": "Point", "coordinates": [9.482193, 36.4896376]}, "properties": {"record_id": "oai:u-bordeaux-montaigne.fr:340429", "symbol_class": "well", "pixel_x": 8315.0, "pixel_y": 1816.0, "easting": 462525.6, "northing": 354225.2, "epsg_source": 22391}}, {"type": "Feature", "geometry": {"type": "Point", "coordinates": [9.4798375, 36.4896917]}, "properties": {"record_id": "oai:u-bordeaux-montaigne.fr:340429", "symbol_class": "well", "pixel_x": 8266.0, "pixel_y": 1818.0, "easting": 462314.7, "northing": 354232.1, "epsg_source": 22391}}, {"type": "Feature", "geometry": {"type": "Point", "coordinates": [9.4810266, 36.4895114]}, "properties": {"record_id": "oai:u-bordeaux-montaigne.fr:340429", "symbol_class": "well", "pixel_x": 8291.0, "pixel_y": 1821.0, "easting": 462421.1, "northing": 354211.6, "epsg_source": 22391}}, {"type": "Feature", "geometry": {"type": "Point", "coordinates": [9.3142126, 36.4985934]}, "properties": {"record_id": "oai:u-bordeaux-montaigne.fr:340429", "symbol_class": "well", "pixel_x": 4812.0, "pixel_y": 1822.0, "easting": 447485.3, "northing": 355296.1, "epsg_source": 22391}}, {"type": "Feature", "geometry": {"type": "Point", "coordinates": [9.4816436, 36.489401]}, "properties": {"record_id": "oai:u-bordeaux-montaigne.fr:340429", "symbol_class": "well", "pixel_x": 8304.0, "pixel_y": 1823.0, "easting": 462476.3, "northing": 354199.2, "epsg_source": 22391}}, {"type": "Feature", "geometry": {"type": "Point", "coordinates": [9.4801542, 36.4894453]}, "properties": {"record_id": "oai:u-bordeaux-montaigne.fr:340429", "symbol_class": "well", "pixel_x": 8273.0, "pixel_y": 1824.0, "easting": 462342.9, "northing": 354204.6, "epsg_source": 22391}}, {"type": "Feature", "geometry": {"type": "Point", "coordinates": [9.4805857, 36.4894214]}, "properties": {"record_id": "oai:u-bordeaux-montaigne.fr:340429", "symbol_class": "well", "pixel_x": 8282.0, "pixel_y": 1824.0, "easting": 462381.6, "northing": 354201.8, "epsg_source": 22391}}, {"type": "Feature", "geometry": {"type": "Point", "coordinates": [9.4744427, 36.4896851]}, "properties": {"record_id": "oai:u-bordeaux-montaigne.fr:340429", "symbol_class": "well", "pixel_x": 8154.0, "pixel_y": 1826.0, "easting": 461831.5, "northing": 354233.5, "epsg_source": 22391}}, {"type": "Feature", "geometry": {"type": "Point", "coordinates": [9.474104, 36.4896656]}, "properties": {"record_id": "oai:u-bordeaux-montaigne.fr:340429", "symbol_class": "well", "pixel_x": 8147.0, "pixel_y": 1827.0, "easting": 461801.1, "northing": 354231.4, "epsg_source": 22391}}, {"type": "Feature", "geometry": {"type": "Point", "coordinates": [9.4812954, 36.4892677]}, "properties": {"record_id": "oai:u-bordeaux-montaigne.fr:340429", "symbol_class": "well", "pixel_x": 8297.0, "pixel_y": 1827.0, "easting": 462445.1, "northing": 354184.5, "epsg_source": 22391}}, {"type": "Feature", "geometry": {"type": "Point", "coordinates": [9.3140024, 36.4983759]}, "properties": {"record_id": "oai:u-bordeaux-montaigne.fr:340429", "symbol_class": "well", "pixel_x": 4808.0, "pixel_y": 1828.0, "easting": 447466.3, "northing": 355272.1, "epsg_source": 22391}}, {"type": "Feature", "geometry": {"type": "Point", "coordinates": [9.4809983, 36.4891697]}, "properties": {"record_id": "oai:u-bordeaux-montaigne.fr:340429", "symbol_class": "well", "pixel_x": 8291.0, "pixel_y": 1830.0, "easting": 462418.4, "northing": 354173.7, "epsg_source": 22391}}, {"type": "Feature", "geometry": {"type": "Point", "coordinates": [9.4743665, 36.489346]}, "properties": {"record_id": "oai:u-bordeaux-montaigne.fr:340429", "symbol_class": "well", "pixel_x": 8153.0, "pixel_y": 1835.0, "easting": 461824.5, "northing": 354195.9, "epsg_source": 22391}}, {"type": "Feature", "geometry": {"type": "Point", "coordinates": [9.4740725, 36.4892859]}, "properties": {"record_id": "oai:u-bordeaux-montaigne.fr:340429", "symbol_class": "well", "pixel_x": 8147.0, "pixel_y": 1837.0, "easting": 461798.1, "northing": 354189.3, "epsg_source": 22391}}, {"type": "Feature", "geometry": {"type": "Point", "coordinates": [9.474357, 36.489232]}, "properties": {"record_id": "oai:u-bordeaux-montaigne.fr:340429", "symbol_class": "well", "pixel_x": 8153.0, "pixel_y": 1838.0, "easting": 461823.6, "northing": 354183.2, "epsg_source": 22391}}, {"type": "Feature", "geometry": {"type": "Point", "coordinates": [9.4739711, 36.4886431]}, "properties": {"record_id": "oai:u-bordeaux-montaigne.fr:340429", "symbol_class": "well", "pixel_x": 8146.0, "pixel_y": 1854.0, "easting": 461788.7, "northing": 354118.1, "epsg_source": 22391}}, {"type": "Feature", "geometry": {"type": "Point", "coordinates": [9.4743546, 36.4886218]}, "properties": {"record_id": "oai:u-bordeaux-montaigne.fr:340429", "symbol_class": "well", "pixel_x": 8154.0, "pixel_y": 1854.0, "easting": 461823.1, "northing": 354115.5, "epsg_source": 22391}}, {"type": "Feature", "geometry": {"type": "Point", "coordinates": [9.4744222, 36.4882748]}, "properties": {"record_id": "oai:u-bordeaux-montaigne.fr:340429", "symbol_class": "well", "pixel_x": 8156.0, "pixel_y": 1863.0, "easting": 461828.9, "northing": 354077.0, "epsg_source": 22391}}, {"type": "Feature", "geometry": {"type": "Point", "coordinates": [9.4740772, 36.4881794]}, "properties": {"record_id": "oai:u-bordeaux-montaigne.fr:340429", "symbol_class": "well", "pixel_x": 8149.0, "pixel_y": 1866.0, "easting": 461798.0, "northing": 354066.6, "epsg_source": 22391}}, {"type": "Feature", "geometry": {"type": "Point", "coordinates": [9.4744898, 36.4879277]}, "properties": {"record_id": "oai:u-bordeaux-montaigne.fr:340429", "symbol_class": "well", "pixel_x": 8158.0, "pixel_y": 1872.0, "easting": 461834.8, "northing": 354038.5, "epsg_source": 22391}}, {"type": "Feature", "geometry": {"type": "Point", "coordinates": [9.4741479, 36.4878704]}, "properties": {"record_id": "oai:u-bordeaux-montaigne.fr:340429", "symbol_class": "well", "pixel_x": 8151.0, "pixel_y": 1874.0, "easting": 461804.2, "northing": 354032.3, "epsg_source": 22391}}, {"type": "Feature", "geometry": {"type": "Point", "coordinates": [9.4745188, 36.4876973]}, "properties": {"record_id": "oai:u-bordeaux-montaigne.fr:340429", "symbol_class": "well", "pixel_x": 8159.0, "pixel_y": 1878.0, "easting": 461837.3, "northing": 354012.9, "epsg_source": 22391}}, {"type": "Feature", "geometry": {"type": "Point", "coordinates": [9.414478, 36.4908128]}, "properties": {"record_id": "oai:u-bordeaux-montaigne.fr:340429", "symbol_class": "well", "pixel_x": 6907.0, "pixel_y": 1883.0, "easting": 456460.9, "northing": 354383.7, "epsg_source": 22391}}, {"type": "Feature", "geometry": {"type": "Point", "coordinates": [9.4742571, 36.4874447]}, "properties": {"record_id": "oai:u-bordeaux-montaigne.fr:340429", "symbol_class": "well", "pixel_x": 8154.0, "pixel_y": 1885.0, "easting": 461813.7, "northing": 353985.0, "epsg_source": 22391}}, {"type": "Feature", "geometry": {"type": "Point", "coordinates": [9.4326397, 36.4897014]}, "properties": {"record_id": "oai:u-bordeaux-montaigne.fr:340429", "symbol_class": "well", "pixel_x": 7286.0, "pixel_y": 1886.0, "easting": 458087.1, "northing": 354252.4, "epsg_source": 22391}}, {"type": "Feature", "geometry": {"type": "Point", "coordinates": [9.3116573, 36.4961759]}, "properties": {"record_id": "oai:u-bordeaux-montaigne.fr:340429", "symbol_class": "well", "pixel_x": 4763.0, "pixel_y": 1889.0, "easting": 447254.8, "northing": 355029.3, "epsg_source": 22391}}, {"type": "Feature", "geometry": {"type": "Point", "coordinates": [9.3117317, 36.4959049]}, "properties": {"record_id": "oai:u-bordeaux-montaigne.fr:340429", "symbol_class": "well", "pixel_x": 4765.0, "pixel_y": 1896.0, "easting": 447261.3, "northing": 354999.2, "epsg_source": 22391}}, {"type": "Feature", "geometry": {"type": "Point", "coordinates": [9.4744017, 36.4868645]}, "properties": {"record_id": "oai:u-bordeaux-montaigne.fr:340429", "symbol_class": "well", "pixel_x": 8158.0, "pixel_y": 1900.0, "easting": 461826.4, "northing": 353920.6, "epsg_source": 22391}}, {"type": "Feature", "geometry": {"type": "Point", "coordinates": [9.4746862, 36.4868107]}, "properties": {"record_id": "oai:u-bordeaux-montaigne.fr:340429", "symbol_class": "well", "pixel_x": 8164.0, "pixel_y": 1901.0, "easting": 461851.9, "northing": 353914.5, "epsg_source": 22391}}, {"type": "Feature", "geometry": {"type": "Point", "coordinates": [9.4744693, 36.4865175]}, "properties": {"record_id": "oai:u-bordeaux-montaigne.fr:340429", "symbol_class": "well", "pixel_x": 8160.0, "pixel_y": 1909.0, "easting": 461832.3, "northing": 353882.1, "epsg_source": 22391}}, {"type": "Feature", "geometry": {"type": "Point", "coordinates": [9.3110144, 36.4953715]}, "properties": {"record_id": "oai:u-bordeaux-montaigne.fr:340429", "symbol_class": "well", "pixel_x": 4751.0, "pixel_y": 1911.0, "easting": 447196.7, "northing": 354940.4, "epsg_source": 22391}}, {"type": "Feature", "geometry": {"type": "Point", "coordinates": [9.1862606, 36.5017701]}, "properties": {"record_id": "oai:u-bordeaux-montaigne.fr:340429", "symbol_class": "well", "pixel_x": 2150.0, "pixel_y": 1918.0, "easting": 436028.3, "northing": 355724.9, "epsg_source": 22391}}, {"type": "Feature", "geometry": {"type": "Point", "coordinates": [9.4744794, 36.4860592]}, "properties": {"record_id": "oai:u-bordeaux-montaigne.fr:340429", "symbol_class": "well", "pixel_x": 8161.0, "pixel_y": 1921.0, "easting": 461833.0, "northing": 353831.2, "epsg_source": 22391}}, {"type": "Feature", "geometry": {"type": "Point", "coordinates": [9.1864854, 36.5015675]}, "properties": {"record_id": "oai:u-bordeaux-montaigne.fr:340429", "symbol_class": "well", "pixel_x": 2155.0, "pixel_y": 1923.0, "easting": 436048.3, "northing": 355702.3, "epsg_source": 22391}}, {"type": "Feature", "geometry": {"type": "Point", "coordinates": [9.4748056, 36.4859267]}, "properties": {"record_id": "oai:u-bordeaux-montaigne.fr:340429", "symbol_class": "well", "pixel_x": 8168.0, "pixel_y": 1924.0, "easting": 461862.1, "northing": 353816.4, "epsg_source": 22391}}, {"type": "Feature", "geometry": {"type": "Point", "coordinates": [9.4748252, 36.4855823]}, "properties": {"record_id": "oai:u-bordeaux-montaigne.fr:340429", "symbol_class": "well", "pixel_x": 8169.0, "pixel_y": 1933.0, "easting": 461863.7, "northing": 353778.2, "epsg_source": 22391}}, {"type": "Feature", "geometry": {"type": "Point", "coordinates": [9.3111836, 36.4944851]}, "properties": {"record_id": "oai:u-bordeaux-montaigne.fr:340429", "symbol_class": "well", "pixel_x": 4756.0, "pixel_y": 1934.0, "easting": 447211.2, "northing": 354842.0, "epsg_source": 22391}}, {"type": "Feature", "geometry": {"type": "Point", "coordinates": [9.3114621, 36.4943556]}, "properties": {"record_id": "oai:u-bordeaux-montaigne.fr:340429", "symbol_class": "well", "pixel_x": 4762.0, "pixel_y": 1937.0, "easting": 447236.1, "northing": 354827.5, "epsg_source": 22391}}, {"type": "Feature", "geometry": {"type": "Point", "coordinates": [9.474877, 36.4850454]}, "properties": {"record_id": "oai:u-bordeaux-montaigne.fr:340429", "symbol_class": "well", "pixel_x": 8171.0, "pixel_y": 1947.0, "easting": 461868.1, "northing": 353718.6, "epsg_source": 22391}}, {"type": "Feature", "geometry": {"type": "Point", "coordinates": [9.4743599, 36.4846162]}, "properties": {"record_id": "oai:u-bordeaux-montaigne.fr:340429", "symbol_class": "well", "pixel_x": 8161.0, "pixel_y": 1959.0, "easting": 461821.6, "northing": 353671.2, "epsg_source": 22391}}, {"type": "Feature", "geometry": {"type": "Point", "coordinates": [9.4746892, 36.4845217]}, "properties": {"record_id": "oai:u-bordeaux-montaigne.fr:340429", "symbol_class": "well", "pixel_x": 8168.0, "pixel_y": 1961.0, "easting": 461851.0, "northing": 353660.6, "epsg_source": 22391}}, {"type": "Feature", "geometry": {"type": "Point", "coordinates": [9.3910498, 36.4887762]}, "properties": {"record_id": "oai:u-bordeaux-montaigne.fr:340429", "symbol_class": "well", "pixel_x": 6424.0, "pixel_y": 1970.0, "easting": 454361.2, "northing": 354168.4, "epsg_source": 22391}}, {"type": "Feature", "geometry": {"type": "Point", "coordinates": [9.4741335, 36.4842092]}, "properties": {"record_id": "oai:u-bordeaux-montaigne.fr:340429", "symbol_class": "well", "pixel_x": 8157.0, "pixel_y": 1970.0, "easting": 461801.1, "northing": 353626.1, "epsg_source": 22391}}, {"type": "Feature", "geometry": {"type": "Point", "coordinates": [9.3907852, 36.4884855]}, "properties": {"record_id": "oai:u-bordeaux-montaigne.fr:340429", "symbol_class": "well", "pixel_x": 6419.0, "pixel_y": 1978.0, "easting": 454337.4, "northing": 354136.3, "epsg_source": 22391}}, {"type": "Feature", "geometry": {"type": "Point", "coordinates": [9.4700115, 36.4838649]}, "properties": {"record_id": "oai:u-bordeaux-montaigne.fr:340429", "symbol_class": "well", "pixel_x": 8072.0, "pixel_y": 1985.0, "easting": 461431.7, "northing": 353589.6, "epsg_source": 22391}}, {"type": "Feature", "geometry": {"type": "Point", "coordinates": [9.4705357, 36.4837978]}, "properties": {"record_id": "oai:u-bordeaux-montaigne.fr:340429", "symbol_class": "well", "pixel_x": 8083.0, "pixel_y": 1986.0, "easting": 461478.6, "northing": 353581.9, "epsg_source": 22391}}, {"type": "Feature", "geometry": {"type": "Point", "coordinates": [9.4709161, 36.4837386]}, "properties": {"record_id": "oai:u-bordeaux-montaigne.fr:340429", "symbol_class": "well", "pixel_x": 8091.0, "pixel_y": 1987.0, "easting": 461512.7, "northing": 353575.2, "epsg_source": 22391}}, {"type": "Feature", "geometry": {"type": "Point", "coordinates": [9.4699927, 36.4836371]}, "properties": {"record_id": "oai:u-bordeaux-montaigne.fr:340429", "symbol_class": "well", "pixel_x": 8072.0, "pixel_y": 1991.0, "easting": 461429.9, "northing": 353564.3, "epsg_source": 22391}}, {"type": "Feature", "geometry": {"type": "Point", "coordinates": [9.4700406, 36.4836344]}, "properties": {"record_id": "oai:u-bordeaux-montaigne.fr:340429", "symbol_class": "well", "pixel_x": 8073.0, "pixel_y": 1991.0, "easting": 461434.2, "northing": 353564.0, "epsg_source": 22391}}, {"type": "Feature", "geometry": {"type": "Point", "coordinates": [9.4703251, 36.4835806]}, "properties": {"record_id": "oai:u-bordeaux-montaigne.fr:340429", "symbol_class": "well", "pixel_x": 8079.0, "pixel_y": 1992.0, "easting": 461459.6, "northing": 353557.9, "epsg_source": 22391}}, {"type": "Feature", "geometry": {"type": "Point", "coordinates": [9.4724761, 36.4833853]}, "properties": {"record_id": "oai:u-bordeaux-montaigne.fr:340429", "symbol_class": "well", "pixel_x": 8124.0, "pixel_y": 1994.0, "easting": 461652.2, "northing": 353535.4, "epsg_source": 22391}}, {"type": "Feature", "geometry": {"type": "Point", "coordinates": [9.4718403, 36.4832679]}, "properties": {"record_id": "oai:u-bordeaux-montaigne.fr:340429", "symbol_class": "well", "pixel_x": 8111.0, "pixel_y": 1998.0, "easting": 461595.2, "northing": 353522.6, "epsg_source": 22391}}, {"type": "Feature", "geometry": {"type": "Point", "coordinates": [9.4686229, 36.4827973]}, "properties": {"record_id": "oai:u-bordeaux-montaigne.fr:340429", "symbol_class": "well", "pixel_x": 8045.0, "pixel_y": 2015.0, "easting": 461306.8, "northing": 353471.7, "epsg_source": 22391}}, {"type": "Feature", "geometry": {"type": "Point", "coordinates": [9.4688916, 36.4825536]}, "properties": {"record_id": "oai:u-bordeaux-montaigne.fr:340429", "symbol_class": "well", "pixel_x": 8051.0, "pixel_y": 2021.0, "easting": 461330.7, "northing": 353444.5, "epsg_source": 22391}}, {"type": "Feature", "geometry": {"type": "Point", "coordinates": [9.3110963, 36.4910189]}, "properties": {"record_id": "oai:u-bordeaux-montaigne.fr:340429", "symbol_class": "well", "pixel_x": 4760.0, "pixel_y": 2025.0, "easting": 447201.1, "northing": 354457.6, "epsg_source": 22391}}, {"type": "Feature", "geometry": {"type": "Point", "coordinates": [9.468582, 36.4823037]}, "properties": {"record_id": "oai:u-bordeaux-montaigne.fr:340429", "symbol_class": "well", "pixel_x": 8045.0, "pixel_y": 2028.0, "easting": 461302.9, "northing": 353416.9, "epsg_source": 22391}}, {"type": "Feature", "geometry": {"type": "Point", "coordinates": [9.3110146, 36.4906038]}, "properties": {"record_id": "oai:u-bordeaux-montaigne.fr:340429", "symbol_class": "well", "pixel_x": 4759.0, "pixel_y": 2036.0, "easting": 447193.5, "northing": 354411.5, "epsg_source": 22391}}, {"type": "Feature", "geometry": {"type": "Point", "coordinates": [9.385223, 36.4864243]}, "properties": {"record_id": "oai:u-bordeaux-montaigne.fr:340429", "symbol_class": "well", "pixel_x": 6307.0, "pixel_y": 2040.0, "easting": 453837.9, "northing": 353910.3, "epsg_source": 22391}}, {"type": "Feature", "geometry": {"type": "Point", "coordinates": [9.4678221, 36.4818498]}, "properties": {"record_id": "oai:u-bordeaux-montaigne.fr:340429", "symbol_class": "well", "pixel_x": 8030.0, "pixel_y": 2041.0, "easting": 461234.6, "northing": 353366.9, "epsg_source": 22391}}, {"type": "Feature", "geometry": {"type": "Point", "coordinates": [9.3107442, 36.4902369]}, "properties": {"record_id": "oai:u-bordeaux-montaigne.fr:340429", "symbol_class": "well", "pixel_x": 4754.0, "pixel_y": 2046.0, "easting": 447169.0, "northing": 354371.0, "epsg_source": 22391}}, {"type": "Feature", "geometry": {"type": "Point", "coordinates": [9.4681899, 36.4816387]}, "properties": {"record_id": "oai:u-bordeaux-montaigne.fr:340429", "symbol_class": "well", "pixel_x": 8038.0, "pixel_y": 2046.0, "easting": 461267.4, "northing": 353343.3, "epsg_source": 22391}}, {"type": "Feature", "geometry": {"type": "Point", "coordinates": [9.4677906, 36.4814701]}, "properties": {"record_id": "oai:u-bordeaux-montaigne.fr:340429", "symbol_class": "well", "pixel_x": 8030.0, "pixel_y": 2051.0, "easting": 461231.6, "northing": 353324.8, "epsg_source": 22391}}, {"type": "Feature", "geometry": {"type": "Point", "coordinates": [9.3107135, 36.4898572]}, "properties": {"record_id": "oai:u-bordeaux-montaigne.fr:340429", "symbol_class": "well", "pixel_x": 4754.0, "pixel_y": 2056.0, "easting": 447166.0, "northing": 354328.9, "epsg_source": 22391}}, {"type": "Feature", "geometry": {"type": "Point", "coordinates": [9.3104227, 36.4898347]}, "properties": {"record_id": "oai:u-bordeaux-montaigne.fr:340429", "symbol_class": "well", "pixel_x": 4748.0, "pixel_y": 2057.0, "easting": 447140.0, "northing": 354326.6, "epsg_source": 22391}}, {"type": "Feature", "geometry": {"type": "Point", "coordinates": [9.4682001, 36.4811804]}, "properties": {"record_id": "oai:u-bordeaux-montaigne.fr:340429", "symbol_class": "well", "pixel_x": 8039.0, "pixel_y": 2058.0, "easting": 461268.1, "northing": 353292.5, "epsg_source": 22391}}, {"type": "Feature", "geometry": {"type": "Point", "coordinates": [9.4668932, 36.4811001]}, "properties": {"record_id": "oai:u-bordeaux-montaigne.fr:340429", "symbol_class": "well", "pixel_x": 8012.0, "pixel_y": 2062.0, "easting": 461151.0, "northing": 353284.1, "epsg_source": 22391}}, {"type": "Feature", "geometry": {"type": "Point", "coordinates": [9.4662574, 36.4809826]}, "properties": {"record_id": "oai:u-bordeaux-montaigne.fr:340429", "symbol_class": "well", "pixel_x": 7999.0, "pixel_y": 2066.0, "easting": 461094.0, "northing": 353271.3, "epsg_source": 22391}}, {"type": "Feature", "geometry": {"type": "Point", "coordinates": [9.4663793, 36.4807089]}, "properties": {"record_id": "oai:u-bordeaux-montaigne.fr:340429", "symbol_class": "well", "pixel_x": 8002.0, "pixel_y": 2073.0, "easting": 461104.8, "northing": 353240.9, "epsg_source": 22391}}, {"type": "Feature", "geometry": {"type": "Point", "coordinates": [9.4660374, 36.4806514]}, "properties": {"record_id": "oai:u-bordeaux-montaigne.fr:340429", "symbol_class": "well", "pixel_x": 7995.0, "pixel_y": 2075.0, "easting": 461074.1, "northing": 353234.7, "epsg_source": 22391}}, {"type": "Feature", "geometry": {"type": "Point", "coordinates": [9.4657914, 36.4805887]}, "properties": {"record_id": "oai:u-bordeaux-montaigne.fr:340429", "symbol_class": "well", "pixel_x": 7990.0, "pixel_y": 2077.0, "easting": 461052.0, "northing": 353227.8, "epsg_source": 22391}}, {"type": "Feature", "geometry": {"type": "Point", "coordinates": [9.4608028, 36.4808261]}, "properties": {"record_id": "oai:u-bordeaux-montaigne.fr:340429", "symbol_class": "well", "pixel_x": 7886.0, "pixel_y": 2078.0, "easting": 460605.3, "northing": 353256.2, "epsg_source": 22391}}, {"type": "Feature", "geometry": {"type": "Point", "coordinates": [9.4616177, 36.4807811]}, "properties": {"record_id": "oai:u-bordeaux-montaigne.fr:340429", "symbol_class": "well", "pixel_x": 7903.0, "pixel_y": 2078.0, "easting": 460678.2, "northing": 353250.8, "epsg_source": 22391}}, {"type": "Feature", "geometry": {"type": "Point", "coordinates": [9.4619054, 36.4807652]}, "properties": {"record_id": "oai:u-bordeaux-montaigne.fr:340429", "symbol_class": "well", "pixel_x": 7909.0, "pixel_y": 2078.0, "easting": 460704.0, "northing": 353249.0, "epsg_source": 22391}}, {"type": "Feature", "geometry": {"type": "Point", "coordinates": [9.462145, 36.480752]}, "properties": {"record_id": "oai:u-bordeaux-montaigne.fr:340429", "symbol_class": "well", "pixel_x": 7914.0, "pixel_y": 2078.0, "easting": 460725.5, "northing": 353247.4, "epsg_source": 22391}}, {"type": "Feature", "geometry": {"type": "Point", "coordinates": [9.4639541, 36.4804995]}, "properties": {"record_id": "oai:u-bordeaux-montaigne.fr:340429", "symbol_class": "well", "pixel_x": 7952.0, "pixel_y": 2082.0, "easting": 460887.4, "northing": 353218.7, "epsg_source": 22391}}, {"type": "Feature", "geometry": {"type": "Point", "coordinates": [9.4617427, 36.4805453]}, "properties": {"record_id": "oai:u-bordeaux-montaigne.fr:340429", "symbol_class": "well", "pixel_x": 7906.0, "pixel_y": 2084.0, "easting": 460689.3, "northing": 353224.6, "epsg_source": 22391}}, {"type": "Feature", "geometry": {"type": "Point", "coordinates": [9.4607777, 36.4805223]}, "properties": {"record_id": "oai:u-bordeaux-montaigne.fr:340429", "symbol_class": "well", "pixel_x": 7886.0, "pixel_y": 2086.0, "easting": 460602.9, "northing": 353222.5, "epsg_source": 22391}}, {"type": "Feature", "geometry": {"type": "Point", "coordinates": [9.4603305, 36.4803563]}, "properties": {"record_id": "oai:u-bordeaux-montaigne.fr:340429", "symbol_class": "well", "pixel_x": 7877.0, "pixel_y": 2091.0, "easting": 460562.7, "northing": 353204.2, "epsg_source": 22391}}, {"type": "Feature", "geometry": {"type": "Point", "coordinates": [9.4547958, 36.4803947]}, "properties": {"record_id": "oai:u-bordeaux-montaigne.fr:340429", "symbol_class": "well", "pixel_x": 7762.0, "pixel_y": 2098.0, "easting": 460066.9, "northing": 353210.7, "epsg_source": 22391}}, {"type": "Feature", "geometry": {"type": "Point", "coordinates": [9.4597696, 36.4793955]}, "properties": {"record_id": "oai:u-bordeaux-montaigne.fr:340429", "symbol_class": "well", "pixel_x": 7867.0, "pixel_y": 2117.0, "easting": 460512.0, "northing": 353097.9, "epsg_source": 22391}}, {"type": "Feature", "geometry": {"type": "Point", "coordinates": [9.4597507, 36.4791676]}, "properties": {"record_id": "oai:u-bordeaux-montaigne.fr:340429", "symbol_class": "well", "pixel_x": 7867.0, "pixel_y": 2123.0, "easting": 460510.2, "northing": 353072.6, "epsg_source": 22391}}, {"type": "Feature", "geometry": {"type": "Point", "coordinates": [9.4601225, 36.4784224]}, "properties": {"record_id": "oai:u-bordeaux-montaigne.fr:340429", "symbol_class": "well", "pixel_x": 7876.0, "pixel_y": 2142.0, "easting": 460543.1, "northing": 352989.8, "epsg_source": 22391}}, {"type": "Feature", "geometry": {"type": "Point", "coordinates": [9.3850379, 36.4823912]}, "properties": {"record_id": "oai:u-bordeaux-montaigne.fr:340429", "symbol_class": "well", "pixel_x": 6310.0, "pixel_y": 2146.0, "easting": 453819.0, "northing": 353463.0, "epsg_source": 22391}}, {"type": "Feature", "geometry": {"type": "Point", "coordinates": [9.3854028, 36.4821424]}, "properties": {"record_id": "oai:u-bordeaux-montaigne.fr:340429", "symbol_class": "well", "pixel_x": 6318.0, "pixel_y": 2152.0, "easting": 453851.5, "northing": 353435.2, "epsg_source": 22391}}, {"type": "Feature", "geometry": {"type": "Point", "coordinates": [9.4599827, 36.477896]}, "properties": {"record_id": "oai:u-bordeaux-montaigne.fr:340429", "symbol_class": "well", "pixel_x": 7874.0, "pixel_y": 2156.0, "easting": 460530.3, "northing": 352931.5, "epsg_source": 22391}}, {"type": "Feature", "geometry": {"type": "Point", "coordinates": [9.4603536, 36.477723]}, "properties": {"record_id": "oai:u-bordeaux-montaigne.fr:340429", "symbol_class": "well", "pixel_x": 7882.0, "pixel_y": 2160.0, "easting": 460563.5, "northing": 352912.1, "epsg_source": 22391}}, {"type": "Feature", "geometry": {"type": "Point", "coordinates": [9.4602869, 36.4774978]}, "properties": {"record_id": "oai:u-bordeaux-montaigne.fr:340429", "symbol_class": "well", "pixel_x": 7881.0, "pixel_y": 2166.0, "easting": 460557.4, "northing": 352887.2, "epsg_source": 22391}}, {"type": "Feature", "geometry": {"type": "Point", "coordinates": [9.4598971, 36.477443]}, "properties": {"record_id": "oai:u-bordeaux-montaigne.fr:340429", "symbol_class": "well", "pixel_x": 7873.0, "pixel_y": 2168.0, "easting": 460522.4, "northing": 352881.2, "epsg_source": 22391}}, {"type": "Feature", "geometry": {"type": "Point", "coordinates": [9.4598303, 36.4772178]}, "properties": {"record_id": "oai:u-bordeaux-montaigne.fr:340429", "symbol_class": "well", "pixel_x": 7872.0, "pixel_y": 2174.0, "easting": 460516.3, "northing": 352856.3, "epsg_source": 22391}}, {"type": "Feature", "geometry": {"type": "Point", "coordinates": [9.4601533, 36.4770474]}, "properties": {"record_id": "oai:u-bordeaux-montaigne.fr:340429", "symbol_class": "well", "pixel_x": 7879.0, "pixel_y": 2178.0, "easting": 460545.2, "northing": 352837.2, "epsg_source": 22391}}, {"type": "Feature", "geometry": {"type": "Point", "coordinates": [9.4591264, 36.4756927]}, "properties": {"record_id": "oai:u-bordeaux-montaigne.fr:340429", "symbol_class": "well", "pixel_x": 7860.0, "pixel_y": 2215.0, "easting": 460452.5, "northing": 352687.4, "epsg_source": 22391}}, {"type": "Feature", "geometry": {"type": "Point", "coordinates": [9.4593504, 36.4754896]}, "properties": {"record_id": "oai:u-bordeaux-montaigne.fr:340429", "symbol_class": "well", "pixel_x": 7865.0, "pixel_y": 2220.0, "easting": 460472.5, "northing": 352664.8, "epsg_source": 22391}}, {"type": "Feature", "geometry": {"type": "Point", "coordinates": [9.4214655, 36.4773841]}, "properties": {"record_id": "oai:u-bordeaux-montaigne.fr:340429", "symbol_class": "well", "pixel_x": 7075.0, "pixel_y": 2225.0, "easting": 457079.5, "northing": 352890.9, "epsg_source": 22391}}, {"type": "Feature", "geometry": {"type": "Point", "coordinates": [9.4216385, 36.4771458]}, "properties": {"record_id": "oai:u-bordeaux-montaigne.fr:340429", "symbol_class": "well", "pixel_x": 7079.0, "pixel_y": 2231.0, "easting": 457094.8, "northing": 352864.4, "epsg_source": 22391}}, {"type": "Feature", "geometry": {"type": "Point", "coordinates": [9.4586677, 36.4748026]}, "properties": {"record_id": "oai:u-bordeaux-montaigne.fr:340429", "symbol_class": "well", "pixel_x": 7852.0, "pixel_y": 2239.0, "easting": 460411.0, "northing": 352588.8, "epsg_source": 22391}}, {"type": "Feature", "geometry": {"type": "Point", "coordinates": [9.4589844, 36.4745562]}, "properties": {"record_id": "oai:u-bordeaux-montaigne.fr:340429", "symbol_class": "well", "pixel_x": 7859.0, "pixel_y": 2245.0, "easting": 460439.2, "northing": 352561.4, "epsg_source": 22391}}, {"type": "Feature", "geometry": {"type": "Point", "coordinates": [9.4586269, 36.4743089]}, "properties": {"record_id": "oai:u-bordeaux-montaigne.fr:340429", "symbol_class": "well", "pixel_x": 7852.0, "pixel_y": 2252.0, "easting": 460407.1, "northing": 352534.1, "epsg_source": 22391}}, {"type": "Feature", "geometry": {"type": "Point", "coordinates": [9.2956689, 36.4830397]}, "properties": {"record_id": "oai:u-bordeaux-montaigne.fr:340429", "symbol_class": "well", "pixel_x": 4453.0, "pixel_y": 2256.0, "easting": 445813.8, "northing": 353580.9, "epsg_source": 22391}}, {"type": "Feature", "geometry": {"type": "Point", "coordinates": [9.3835399, 36.4782009]}, "properties": {"record_id": "oai:u-bordeaux-montaigne.fr:340429", "symbol_class": "well", "pixel_x": 6286.0, "pixel_y": 2258.0, "easting": 453682.3, "northing": 352998.9, "epsg_source": 22391}}, {"type": "Feature", "geometry": {"type": "Point", "coordinates": [9.4589279, 36.4738727]}, "properties": {"record_id": "oai:u-bordeaux-montaigne.fr:340429", "symbol_class": "well", "pixel_x": 7859.0, "pixel_y": 2263.0, "easting": 460433.8, "northing": 352485.6, "epsg_source": 22391}}, {"type": "Feature", "geometry": {"type": "Point", "coordinates": [9.33212, 36.4806524]}, "properties": {"record_id": "oai:u-bordeaux-montaigne.fr:340429", "symbol_class": "well", "pixel_x": 5214.0, "pixel_y": 2267.0, "easting": 449077.5, "northing": 353296.4, "epsg_source": 22391}}, {"type": "Feature", "geometry": {"type": "Point", "coordinates": [9.4592446, 36.4736263]}, "properties": {"record_id": "oai:u-bordeaux-montaigne.fr:340429", "symbol_class": "well", "pixel_x": 7866.0, "pixel_y": 2269.0, "easting": 460462.1, "northing": 352458.1, "epsg_source": 22391}}, {"type": "Feature", "geometry": {"type": "Point", "coordinates": [9.2038399, 36.4872232]}, "properties": {"record_id": "oai:u-bordeaux-montaigne.fr:340429", "symbol_class": "well", "pixel_x": 2539.0, "pixel_y": 2275.0, "easting": 437591.1, "northing": 354099.8, "epsg_source": 22391}}, {"type": "Feature", "geometry": {"type": "Point", "coordinates": [9.2961882, 36.481715]}, "properties": {"record_id": "oai:u-bordeaux-montaigne.fr:340429", "symbol_class": "well", "pixel_x": 4466.0, "pixel_y": 2290.0, "easting": 445859.4, "northing": 353433.6, "epsg_source": 22391}}, {"type": "Feature", "geometry": {"type": "Point", "coordinates": [9.2958913, 36.4816165]}, "properties": {"record_id": "oai:u-bordeaux-montaigne.fr:340429", "symbol_class": "well", "pixel_x": 4460.0, "pixel_y": 2293.0, "easting": 445832.7, "northing": 353422.9, "epsg_source": 22391}}, {"type": "Feature", "geometry": {"type": "Point", "coordinates": [9.3825884, 36.4765745]}, "properties": {"record_id": "oai:u-bordeaux-montaigne.fr:340429", "symbol_class": "well", "pixel_x": 6269.0, "pixel_y": 2302.0, "easting": 453596.1, "northing": 352818.9, "epsg_source": 22391}}, {"type": "Feature", "geometry": {"type": "Point", "coordinates": [9.382924, 36.4765562]}, "properties": {"record_id": "oai:u-bordeaux-montaigne.fr:340429", "symbol_class": "well", "pixel_x": 6276.0, "pixel_y": 2302.0, "easting": 453626.2, "northing": 352816.7, "epsg_source": 22391}}, {"type": "Feature", "geometry": {"type": "Point", "coordinates": [9.385893, 36.476356]}, "properties": {"record_id": "oai:u-bordeaux-montaigne.fr:340429", "symbol_class": "well", "pixel_x": 6338.0, "pixel_y": 2303.0, "easting": 453892.1, "northing": 352793.1, "epsg_source": 22391}}, {"type": "Feature", "geometry": {"type": "Point", "coordinates": [9.415943, 36.4746356]}, "properties": {"record_id": "oai:u-bordeaux-montaigne.fr:340429", "symbol_class": "well", "pixel_x": 6965.0, "pixel_y": 2305.0, "easting": 456583.2, "northing": 352588.5, "epsg_source": 22391}}, {"type": "Feature", "geometry": {"type": "Point", "coordinates": [9.4155564, 36.4746186]}, "properties": {"record_id": "oai:u-bordeaux-montaigne.fr:340429", "symbol_class": "well", "pixel_x": 6957.0, "pixel_y": 2306.0, "easting": 456548.6, "northing": 352586.8, "epsg_source": 22391}}, {"type": "Feature", "geometry": {"type": "Point", "coordinates": [9.3856316, 36.4761032]}, "properties": {"record_id": "oai:u-bordeaux-montaigne.fr:340429", "symbol_class": "well", "pixel_x": 6333.0, "pixel_y": 2310.0, "easting": 453868.5, "northing": 352765.2, "epsg_source": 22391}}, {"type": "Feature", "geometry": {"type": "Point", "coordinates": [9.4588355, 36.4715891]}, "properties": {"record_id": "oai:u-bordeaux-montaigne.fr:340429", "symbol_class": "well", "pixel_x": 7861.0, "pixel_y": 2323.0, "easting": 460424.4, "northing": 352232.3, "epsg_source": 22391}}, {"type": "Feature", "geometry": {"type": "Point", "coordinates": [9.3862469, 36.4753831]}, "properties": {"record_id": "oai:u-bordeaux-montaigne.fr:340429", "symbol_class": "well", "pixel_x": 6347.0, "pixel_y": 2328.0, "easting": 453923.2, "northing": 352685.0, "epsg_source": 22391}}, {"type": "Feature", "geometry": {"type": "Point", "coordinates": [9.1983487, 36.4853787]}, "properties": {"record_id": "oai:u-bordeaux-montaigne.fr:340429", "symbol_class": "well", "pixel_x": 2428.0, "pixel_y": 2331.0, "easting": 437097.8, "northing": 353898.7, "epsg_source": 22391}}, {"type": "Feature", "geometry": {"type": "Point", "coordinates": [9.4588041, 36.4712093]}, "properties": {"record_id": "oai:u-bordeaux-montaigne.fr:340429", "symbol_class": "well", "pixel_x": 7861.0, "pixel_y": 2333.0, "easting": 460421.4, "northing": 352190.2, "epsg_source": 22391}}, {"type": "Feature", "geometry": {"type": "Point", "coordinates": [9.4128183, 36.4729378]}, "properties": {"record_id": "oai:u-bordeaux-montaigne.fr:340429", "symbol_class": "well", "pixel_x": 6903.0, "pixel_y": 2354.0, "easting": 456302.3, "northing": 352401.5, "epsg_source": 22391}}, {"type": "Feature", "geometry": {"type": "Point", "coordinates": [9.2937809, 36.4793272]}, "properties": {"record_id": "oai:u-bordeaux-montaigne.fr:340429", "symbol_class": "well", "pixel_x": 4420.0, "pixel_y": 2356.0, "easting": 445642.1, "northing": 353170.1, "epsg_source": 22391}}, {"type": "Feature", "geometry": {"type": "Point", "coordinates": [9.4591122, 36.4702768]}, "properties": {"record_id": "oai:u-bordeaux-montaigne.fr:340429", "symbol_class": "well", "pixel_x": 7869.0, "pixel_y": 2357.0, "easting": 460448.5, "northing": 352086.6, "epsg_source": 22391}}, {"type": "Feature", "geometry": {"type": "Point", "coordinates": [9.4601291, 36.469763]}, "properties": {"record_id": "oai:u-bordeaux-montaigne.fr:340429", "symbol_class": "well", "pixel_x": 7891.0, "pixel_y": 2369.0, "easting": 460539.4, "northing": 352029.2, "epsg_source": 22391}}, {"type": "Feature", "geometry": {"type": "Point", "coordinates": [9.4599664, 36.4695431]}, "properties": {"record_id": "oai:u-bordeaux-montaigne.fr:340429", "symbol_class": "well", "pixel_x": 7888.0, "pixel_y": 2375.0, "easting": 460524.7, "northing": 352004.9, "epsg_source": 22391}}, {"type": "Feature", "geometry": {"type": "Point", "coordinates": [9.2940849, 36.4783192]}, "properties": {"record_id": "oai:u-bordeaux-montaigne.fr:340429", "symbol_class": "well", "pixel_x": 4428.0, "pixel_y": 2382.0, "easting": 445668.6, "northing": 353058.1, "epsg_source": 22391}}, {"type": "Feature", "geometry": {"type": "Point", "coordinates": [9.4605008, 36.4690177]}, "properties": {"record_id": "oai:u-bordeaux-montaigne.fr:340429", "symbol_class": "well", "pixel_x": 7900.0, "pixel_y": 2388.0, "easting": 460572.3, "northing": 351946.4, "epsg_source": 22391}}, {"type": "Feature", "geometry": {"type": "Point", "coordinates": [9.386846, 36.4721082]}, "properties": {"record_id": "oai:u-bordeaux-montaigne.fr:340429", "symbol_class": "well", "pixel_x": 6365.0, "pixel_y": 2413.0, "easting": 453975.0, "northing": 352321.4, "epsg_source": 22391}}, {"type": "Feature", "geometry": {"type": "Point", "coordinates": [9.4619852, 36.4677532]}, "properties": {"record_id": "oai:u-bordeaux-montaigne.fr:340429", "symbol_class": "well", "pixel_x": 7933.0, "pixel_y": 2419.0, "easting": 460704.7, "northing": 351805.5, "epsg_source": 22391}}, {"type": "Feature", "geometry": {"type": "Point", "coordinates": [9.3862211, 36.471532]}, "properties": {"record_id": "oai:u-bordeaux-montaigne.fr:340429", "symbol_class": "well", "pixel_x": 6353.0, "pixel_y": 2429.0, "easting": 453918.6, "northing": 352257.8, "epsg_source": 22391}}, {"type": "Feature", "geometry": {"type": "Point", "coordinates": [9.4625737, 36.4673011]}, "properties": {"record_id": "oai:u-bordeaux-montaigne.fr:340429", "symbol_class": "well", "pixel_x": 7946.0, "pixel_y": 2430.0, "easting": 460757.2, "northing": 351755.1, "epsg_source": 22391}}, {"type": "Feature", "geometry": {"type": "Point", "coordinates": [9.4622225, 36.4671297]}, "properties": {"record_id": "oai:u-bordeaux-montaigne.fr:340429", "symbol_class": "well", "pixel_x": 7939.0, "pixel_y": 2435.0, "easting": 460725.6, "northing": 351736.2, "epsg_source": 22391}}, {"type": "Feature", "geometry": {"type": "Point", "coordinates": [9.2935148, 36.4760233]}, "properties": {"record_id": "oai:u-bordeaux-montaigne.fr:340429", "symbol_class": "well", "pixel_x": 4420.0, "pixel_y": 2443.0, "easting": 445616.0, "northing": 352803.8, "epsg_source": 22391}}, {"type": "Feature", "geometry": {"type": "Point", "coordinates": [9.4621911, 36.46675]}, "properties": {"record_id": "oai:u-bordeaux-montaigne.fr:340429", "symbol_class": "well", "pixel_x": 7939.0, "pixel_y": 2445.0, "easting": 460722.6, "northing": 351694.1, "epsg_source": 22391}}, {"type": "Feature", "geometry": {"type": "Point", "coordinates": [9.2934964, 36.4757954]}, "properties": {"record_id": "oai:u-bordeaux-montaigne.fr:340429", "symbol_class": "well", "pixel_x": 4420.0, "pixel_y": 2449.0, "easting": 445614.2, "northing": 352778.5, "epsg_source": 22391}}, {"type": "Feature", "geometry": {"type": "Point", "coordinates": [9.2239914, 36.4790583]}, "properties": {"record_id": "oai:u-bordeaux-montaigne.fr:340429", "symbol_class": "well", "pixel_x": 2971.0, "pixel_y": 2461.0, "easting": 439389.9, "northing": 353181.4, "epsg_source": 22391}}, {"type": "Feature", "geometry": {"type": "Point", "coordinates": [9.4618533, 36.4661583]}, "properties": {"record_id": "oai:u-bordeaux-montaigne.fr:340429", "symbol_class": "well", "pixel_x": 7933.0, "pixel_y": 2461.0, "easting": 460692.1, "northing": 351628.6, "epsg_source": 22391}}, {"type": "Feature", "geometry": {"type": "Point", "coordinates": [9.2934954, 36.4751852]}, "properties": {"record_id": "oai:u-bordeaux-montaigne.fr:340429", "symbol_class": "well", "pixel_x": 4421.0, "pixel_y": 2465.0, "easting": 445613.6, "northing": 352710.8, "epsg_source": 22391}}, {"type": "Feature", "geometry": {"type": "Point", "coordinates": [9.293777, 36.4750938]}, "properties": {"record_id": "oai:u-bordeaux-montaigne.fr:340429", "symbol_class": "well", "pixel_x": 4427.0, "pixel_y": 2467.0, "easting": 445638.8, "northing": 352700.5, "epsg_source": 22391}}, {"type": "Feature", "geometry": {"type": "Point", "coordinates": [9.2934802, 36.4749953]}, "properties": {"record_id": "oai:u-bordeaux-montaigne.fr:340429", "symbol_class": "well", "pixel_x": 4421.0, "pixel_y": 2470.0, "easting": 445612.1, "northing": 352689.8, "epsg_source": 22391}}, {"type": "Feature", "geometry": {"type": "Point", "coordinates": [9.4619147, 36.4657354]}, "properties": {"record_id": "oai:u-bordeaux-montaigne.fr:340429", "symbol_class": "well", "pixel_x": 7935.0, "pixel_y": 2472.0, "easting": 460697.3, "northing": 351581.7, "epsg_source": 22391}}, {"type": "Feature", "geometry": {"type": "Point", "coordinates": [9.2938035, 36.4748254]}, "properties": {"record_id": "oai:u-bordeaux-montaigne.fr:340429", "symbol_class": "well", "pixel_x": 4428.0, "pixel_y": 2474.0, "easting": 445641.0, "northing": 352670.7, "epsg_source": 22391}}, {"type": "Feature", "geometry": {"type": "Point", "coordinates": [9.2934077, 36.4746941]}, "properties": {"record_id": "oai:u-bordeaux-montaigne.fr:340429", "symbol_class": "well", "pixel_x": 4420.0, "pixel_y": 2478.0, "easting": 445605.4, "northing": 352656.4, "epsg_source": 22391}}, {"type": "Feature", "geometry": {"type": "Point", "coordinates": [9.384379, 36.4696109]}, "properties": {"record_id": "oai:u-bordeaux-montaigne.fr:340429", "symbol_class": "well", "pixel_x": 6318.0, "pixel_y": 2482.0, "easting": 453752.5, "northing": 352045.6, "epsg_source": 22391}}, {"type": "Feature", "geometry": {"type": "Point", "coordinates": [9.3846666, 36.4695952]}, "properties": {"record_id": "oai:u-bordeaux-montaigne.fr:340429", "symbol_class": "well", "pixel_x": 6324.0, "pixel_y": 2482.0, "easting": 453778.2, "northing": 352043.7, "epsg_source": 22391}}, {"type": "Feature", "geometry": {"type": "Point", "coordinates": [9.4084891, 36.4682926]}, "properties": {"record_id": "oai:u-bordeaux-montaigne.fr:340429", "symbol_class": "well", "pixel_x": 6821.0, "pixel_y": 2482.0, "easting": 455911.9, "northing": 351888.2, "epsg_source": 22391}}, {"type": "Feature", "geometry": {"type": "Point", "coordinates": [9.293728, 36.4744861]}, "properties": {"record_id": "oai:u-bordeaux-montaigne.fr:340429", "symbol_class": "well", "pixel_x": 4427.0, "pixel_y": 2483.0, "easting": 445634.0, "northing": 352633.1, "epsg_source": 22391}}, {"type": "Feature", "geometry": {"type": "Point", "coordinates": [9.2933415, 36.4744688]}, "properties": {"record_id": "oai:u-bordeaux-montaigne.fr:340429", "symbol_class": "well", "pixel_x": 4419.0, "pixel_y": 2484.0, "easting": 445599.4, "northing": 352631.4, "epsg_source": 22391}}, {"type": "Feature", "geometry": {"type": "Point", "coordinates": [9.2932782, 36.4742815]}, "properties": {"record_id": "oai:u-bordeaux-montaigne.fr:340429", "symbol_class": "well", "pixel_x": 4418.0, "pixel_y": 2489.0, "easting": 445593.6, "northing": 352610.7, "epsg_source": 22391}}, {"type": "Feature", "geometry": {"type": "Point", "coordinates": [9.2935597, 36.4741901]}, "properties": {"record_id": "oai:u-bordeaux-montaigne.fr:340429", "symbol_class": "well", "pixel_x": 4424.0, "pixel_y": 2491.0, "easting": 445618.7, "northing": 352600.4, "epsg_source": 22391}}, {"type": "Feature", "geometry": {"type": "Point", "coordinates": [9.4609381, 36.4649882]}, "properties": {"record_id": "oai:u-bordeaux-montaigne.fr:340429", "symbol_class": "well", "pixel_x": 7916.0, "pixel_y": 2493.0, "easting": 460609.5, "northing": 351499.2, "epsg_source": 22391}}, {"type": "Feature", "geometry": {"type": "Point", "coordinates": [9.4608171, 36.4646897]}, "properties": {"record_id": "oai:u-bordeaux-montaigne.fr:340429", "symbol_class": "well", "pixel_x": 7914.0, "pixel_y": 2501.0, "easting": 460598.5, "northing": 351466.1, "epsg_source": 22391}}, {"type": "Feature", "geometry": {"type": "Point", "coordinates": [9.4607512, 36.4638923]}, "properties": {"record_id": "oai:u-bordeaux-montaigne.fr:340429", "symbol_class": "well", "pixel_x": 7914.0, "pixel_y": 2522.0, "easting": 460592.2, "northing": 351377.7, "epsg_source": 22391}}, {"type": "Feature", "geometry": {"type": "Point", "coordinates": [9.2926918, 36.4729781]}, "properties": {"record_id": "oai:u-bordeaux-montaigne.fr:340429", "symbol_class": "well", "pixel_x": 4408.0, "pixel_y": 2524.0, "easting": 445540.1, "northing": 352466.4, "epsg_source": 22391}}, {"type": "Feature", "geometry": {"type": "Point", "coordinates": [9.4604063, 36.4637969]}, "properties": {"record_id": "oai:u-bordeaux-montaigne.fr:340429", "symbol_class": "well", "pixel_x": 7907.0, "pixel_y": 2525.0, "easting": 460561.2, "northing": 351367.3, "epsg_source": 22391}}, {"type": "Feature", "geometry": {"type": "Point", "coordinates": [9.292395, 36.4728797]}, "properties": {"record_id": "oai:u-bordeaux-montaigne.fr:340429", "symbol_class": "well", "pixel_x": 4402.0, "pixel_y": 2527.0, "easting": 445513.5, "northing": 352455.7, "epsg_source": 22391}}, {"type": "Feature", "geometry": {"type": "Point", "coordinates": [9.4600811, 36.4633571]}, "properties": {"record_id": "oai:u-bordeaux-montaigne.fr:340429", "symbol_class": "well", "pixel_x": 7901.0, "pixel_y": 2537.0, "easting": 460531.9, "northing": 351318.6, "epsg_source": 22391}}, {"type": "Feature", "geometry": {"type": "Point", "coordinates": [9.2923971, 36.4723074]}, "properties": {"record_id": "oai:u-bordeaux-montaigne.fr:340429", "symbol_class": "well", "pixel_x": 4403.0, "pixel_y": 2542.0, "easting": 445513.3, "northing": 352392.2, "epsg_source": 22391}}, {"type": "Feature", "geometry": {"type": "Point", "coordinates": [9.2927265, 36.4722134]}, "properties": {"record_id": "oai:u-bordeaux-montaigne.fr:340429", "symbol_class": "well", "pixel_x": 4410.0, "pixel_y": 2544.0, "easting": 445542.7, "northing": 352381.6, "epsg_source": 22391}}, {"type": "Feature", "geometry": {"type": "Point", "coordinates": [9.4601966, 36.4630074]}, "properties": {"record_id": "oai:u-bordeaux-montaigne.fr:340429", "symbol_class": "well", "pixel_x": 7904.0, "pixel_y": 2546.0, "easting": 460542.0, "northing": 351279.8, "epsg_source": 22391}}, {"type": "Feature", "geometry": {"type": "Point", "coordinates": [9.2928041, 36.4719804]}, "properties": {"record_id": "oai:u-bordeaux-montaigne.fr:340429", "symbol_class": "well", "pixel_x": 4412.0, "pixel_y": 2550.0, "easting": 445549.5, "northing": 352355.7, "epsg_source": 22391}}, {"type": "Feature", "geometry": {"type": "Point", "coordinates": [9.2506404, 36.4733267]}, "properties": {"record_id": "oai:u-bordeaux-montaigne.fr:340429", "symbol_class": "well", "pixel_x": 3534.0, "pixel_y": 2574.0, "easting": 441773.0, "northing": 352529.4, "epsg_source": 22391}}, {"type": "Feature", "geometry": {"type": "Point", "coordinates": [9.251578, 36.4730096]}, "properties": {"record_id": "oai:u-bordeaux-montaigne.fr:340429", "symbol_class": "well", "pixel_x": 3554.0, "pixel_y": 2581.0, "easting": 441856.7, "northing": 352493.6, "epsg_source": 22391}}, {"type": "Feature", "geometry": {"type": "Point", "coordinates": [9.4593397, 36.4613763]}, "properties": {"record_id": "oai:u-bordeaux-montaigne.fr:340429", "symbol_class": "well", "pixel_x": 7889.0, "pixel_y": 2590.0, "easting": 460464.4, "northing": 351099.2, "epsg_source": 22391}}, {"type": "Feature", "geometry": {"type": "Point", "coordinates": [9.29121, 36.470121]}, "properties": {"record_id": "oai:u-bordeaux-montaigne.fr:340429", "symbol_class": "well", "pixel_x": 4382.0, "pixel_y": 2601.0, "easting": 445405.4, "northing": 352150.3, "epsg_source": 22391}}, {"type": "Feature", "geometry": {"type": "Point", "coordinates": [9.2912274, 36.4697386]}, "properties": {"record_id": "oai:u-bordeaux-montaigne.fr:340429", "symbol_class": "well", "pixel_x": 4383.0, "pixel_y": 2611.0, "easting": 445406.7, "northing": 352107.9, "epsg_source": 22391}}, {"type": "Feature", "geometry": {"type": "Point", "coordinates": [9.2908826, 36.4696428]}, "properties": {"record_id": "oai:u-bordeaux-montaigne.fr:340429", "symbol_class": "well", "pixel_x": 4376.0, "pixel_y": 2614.0, "easting": 445375.7, "northing": 352097.5, "epsg_source": 22391}}, {"type": "Feature", "geometry": {"type": "Point", "coordinates": [9.2910438, 36.4692527]}, "properties": {"record_id": "oai:u-bordeaux-montaigne.fr:340429", "symbol_class": "well", "pixel_x": 4380.0, "pixel_y": 2624.0, "easting": 445389.9, "northing": 352054.1, "epsg_source": 22391}}, {"type": "Feature", "geometry": {"type": "Point", "coordinates": [9.1335981, 36.4775439]}, "properties": {"record_id": "oai:u-bordeaux-montaigne.fr:340429", "symbol_class": "well", "pixel_x": 1096.0, "pixel_y": 2626.0, "easting": 431290.9, "northing": 353073.3, "epsg_source": 22391}}, {"type": "Feature", "geometry": {"type": "Point", "coordinates": [9.1333554, 36.4775185]}, "properties": {"record_id": "oai:u-bordeaux-montaigne.fr:340429", "symbol_class": "well", "pixel_x": 1091.0, "pixel_y": 2627.0, "easting": 431269.1, "northing": 353070.7, "epsg_source": 22391}}, {"type": "Feature", "geometry": {"type": "Point", "coordinates": [9.4588402, 36.4599925]}, "properties": {"record_id": "oai:u-bordeaux-montaigne.fr:340429", "symbol_class": "well", "pixel_x": 7881.0, "pixel_y": 2627.0, "easting": 460419.0, "northing": 350945.9, "epsg_source": 22391}}, {"type": "Feature", "geometry": {"type": "Point", "coordinates": [9.1332895, 36.4772932]}, "properties": {"record_id": "oai:u-bordeaux-montaigne.fr:340429", "symbol_class": "well", "pixel_x": 1090.0, "pixel_y": 2633.0, "easting": 431263.0, "northing": 353045.7, "epsg_source": 22391}}, {"type": "Feature", "geometry": {"type": "Point", "coordinates": [9.2895385, 36.4684946]}, "properties": {"record_id": "oai:u-bordeaux-montaigne.fr:340429", "symbol_class": "well", "pixel_x": 4350.0, "pixel_y": 2646.0, "easting": 445254.5, "northing": 351970.8, "epsg_source": 22391}}, {"type": "Feature", "geometry": {"type": "Point", "coordinates": [9.2900117, 36.4683928]}, "properties": {"record_id": "oai:u-bordeaux-montaigne.fr:340429", "symbol_class": "well", "pixel_x": 4360.0, "pixel_y": 2648.0, "easting": 445296.8, "northing": 351959.3, "epsg_source": 22391}}, {"type": "Feature", "geometry": {"type": "Point", "coordinates": [9.4590461, 36.4589894]}, "properties": {"record_id": "oai:u-bordeaux-montaigne.fr:340429", "symbol_class": "well", "pixel_x": 7887.0, "pixel_y": 2653.0, "easting": 460436.9, "northing": 350834.5, "epsg_source": 22391}}, {"type": "Feature", "geometry": {"type": "Point", "coordinates": [9.2886359, 36.4680473]}, "properties": {"record_id": "oai:u-bordeaux-montaigne.fr:340429", "symbol_class": "well", "pixel_x": 4332.0, "pixel_y": 2659.0, "easting": 445173.3, "northing": 351921.7, "epsg_source": 22391}}, {"type": "Feature", "geometry": {"type": "Point", "coordinates": [9.2081652, 36.4719669]}, "properties": {"record_id": "oai:u-bordeaux-montaigne.fr:340429", "symbol_class": "well", "pixel_x": 2654.0, "pixel_y": 2669.0, "easting": 437966.6, "northing": 352404.7, "epsg_source": 22391}}, {"type": "Feature", "geometry": {"type": "Point", "coordinates": [9.4591876, 36.4583712]}, "properties": {"record_id": "oai:u-bordeaux-montaigne.fr:340429", "symbol_class": "well", "pixel_x": 7891.0, "pixel_y": 2669.0, "easting": 460449.3, "northing": 350765.9, "epsg_source": 22391}}, {"type": "Feature", "geometry": {"type": "Point", "coordinates": [9.4596669, 36.4583448]}, "properties": {"record_id": "oai:u-bordeaux-montaigne.fr:340429", "symbol_class": "well", "pixel_x": 7901.0, "pixel_y": 2669.0, "easting": 460492.2, "northing": 350762.8, "epsg_source": 22391}}, {"type": "Feature", "geometry": {"type": "Point", "coordinates": [9.2075239, 36.4717721]}, "properties": {"record_id": "oai:u-bordeaux-montaigne.fr:340429", "symbol_class": "well", "pixel_x": 2641.0, "pixel_y": 2675.0, "easting": 437909.0, "northing": 352383.5, "epsg_source": 22391}}, {"type": "Feature", "geometry": {"type": "Point", "coordinates": [9.4603104, 36.4573937]}, "properties": {"record_id": "oai:u-bordeaux-montaigne.fr:340429", "symbol_class": "well", "pixel_x": 7916.0, "pixel_y": 2693.0, "easting": 460549.4, "northing": 350657.0, "epsg_source": 22391}}, {"type": "Feature", "geometry": {"type": "Point", "coordinates": [9.4599718, 36.4573743]}, "properties": {"record_id": "oai:u-bordeaux-montaigne.fr:340429", "symbol_class": "well", "pixel_x": 7909.0, "pixel_y": 2694.0, "easting": 460519.1, "northing": 350655.0, "epsg_source": 22391}}, {"type": "Feature", "geometry": {"type": "Point", "coordinates": [9.2851033, 36.466025]}, "properties": {"record_id": "oai:u-bordeaux-montaigne.fr:340429", "symbol_class": "well", "pixel_x": 4262.0, "pixel_y": 2717.0, "easting": 444855.4, "northing": 351699.4, "epsg_source": 22391}}, {"type": "Feature", "geometry": {"type": "Point", "coordinates": [9.2853878, 36.4659716]}, "properties": {"record_id": "oai:u-bordeaux-montaigne.fr:340429", "symbol_class": "well", "pixel_x": 4268.0, "pixel_y": 2718.0, "easting": 444880.9, "northing": 351693.3, "epsg_source": 22391}}, {"type": "Feature", "geometry": {"type": "Point", "coordinates": [9.4617027, 36.4556003]}, "properties": {"record_id": "oai:u-bordeaux-montaigne.fr:340429", "symbol_class": "well", "pixel_x": 7948.0, "pixel_y": 2738.0, "easting": 460673.3, "northing": 350457.5, "epsg_source": 22391}}, {"type": "Feature", "geometry": {"type": "Point", "coordinates": [9.383534, 36.4598541]}, "properties": {"record_id": "oai:u-bordeaux-montaigne.fr:340429", "symbol_class": "well", "pixel_x": 6317.0, "pixel_y": 2739.0, "easting": 453671.0, "northing": 350963.7, "epsg_source": 22391}}, {"type": "Feature", "geometry": {"type": "Point", "coordinates": [9.2863865, 36.4646211]}, "properties": {"record_id": "oai:u-bordeaux-montaigne.fr:340429", "symbol_class": "well", "pixel_x": 4291.0, "pixel_y": 2752.0, "easting": 444969.4, "northing": 351542.9, "epsg_source": 22391}}, {"type": "Feature", "geometry": {"type": "Point", "coordinates": [9.2860714, 36.4642948]}, "properties": {"record_id": "oai:u-bordeaux-montaigne.fr:340429", "symbol_class": "well", "pixel_x": 4285.0, "pixel_y": 2761.0, "easting": 444940.9, "northing": 351506.9, "epsg_source": 22391}}, {"type": "Feature", "geometry": {"type": "Point", "coordinates": [9.161254, 36.4704829]}, "properties": {"record_id": "oai:u-bordeaux-montaigne.fr:340429", "symbol_class": "well", "pixel_x": 1682.0, "pixel_y": 2773.0, "easting": 433762.5, "northing": 352270.9, "epsg_source": 22391}}, {"type": "Feature", "geometry": {"type": "Point", "coordinates": [9.2866652, 36.4626991]}, "properties": {"record_id": "oai:u-bordeaux-montaigne.fr:340429", "symbol_class": "well", "pixel_x": 4300.0, "pixel_y": 2802.0, "easting": 444993.0, "northing": 351329.6, "epsg_source": 22391}}, {"type": "Feature", "geometry": {"type": "Point", "coordinates": [9.4614673, 36.4527523]}, "properties": {"record_id": "oai:u-bordeaux-montaigne.fr:340429", "symbol_class": "well", "pixel_x": 7948.0, "pixel_y": 2813.0, "easting": 460650.8, "northing": 350141.7, "epsg_source": 22391}}, {"type": "Feature", "geometry": {"type": "Point", "coordinates": [9.2745539, 36.4617478]}, "properties": {"record_id": "oai:u-bordeaux-montaigne.fr:340429", "symbol_class": "well", "pixel_x": 4050.0, "pixel_y": 2844.0, "easting": 443907.1, "northing": 351230.9, "epsg_source": 22391}}, {"type": "Feature", "geometry": {"type": "Point", "coordinates": [9.2859434, 36.4609071]}, "properties": {"record_id": "oai:u-bordeaux-montaigne.fr:340429", "symbol_class": "well", "pixel_x": 4288.0, "pixel_y": 2850.0, "easting": 444927.1, "northing": 351131.2, "epsg_source": 22391}}, {"type": "Feature", "geometry": {"type": "Point", "coordinates": [9.285407, 36.4608215]}, "properties": {"record_id": "oai:u-bordeaux-montaigne.fr:340429", "symbol_class": "well", "pixel_x": 4277.0, "pixel_y": 2853.0, "easting": 444879.0, "northing": 351122.0, "epsg_source": 22391}}, {"type": "Feature", "geometry": {"type": "Point", "coordinates": [9.2842077, 36.4602757]}, "properties": {"record_id": "oai:u-bordeaux-montaigne.fr:340429", "symbol_class": "well", "pixel_x": 4253.0, "pixel_y": 2869.0, "easting": 444771.1, "northing": 351062.1, "epsg_source": 22391}}, {"type": "Feature", "geometry": {"type": "Point", "coordinates": [9.2844831, 36.4601084]}, "properties": {"record_id": "oai:u-bordeaux-montaigne.fr:340429", "symbol_class": "well", "pixel_x": 4259.0, "pixel_y": 2873.0, "easting": 444795.7, "northing": 351043.4, "epsg_source": 22391}}, {"type": "Feature", "geometry": {"type": "Point", "coordinates": [9.4754826, 36.4493453]}, "properties": {"record_id": "oai:u-bordeaux-montaigne.fr:340429", "symbol_class": "well", "pixel_x": 8245.0, "pixel_y": 2882.0, "easting": 461905.1, "northing": 349758.2, "epsg_source": 22391}}, {"type": "Feature", "geometry": {"type": "Point", "coordinates": [9.2314872, 36.462564]}, "properties": {"record_id": "oai:u-bordeaux-montaigne.fr:340429", "symbol_class": "well", "pixel_x": 3154.0, "pixel_y": 2883.0, "easting": 440048.9, "northing": 351347.1, "epsg_source": 22391}}, {"type": "Feature", "geometry": {"type": "Point", "coordinates": [9.1962487, 36.4643612]}, "properties": {"record_id": "oai:u-bordeaux-montaigne.fr:340429", "symbol_class": "well", "pixel_x": 2419.0, "pixel_y": 2885.0, "easting": 436892.9, "northing": 351568.7, "epsg_source": 22391}}, {"type": "Feature", "geometry": {"type": "Point", "coordinates": [9.4587724, 36.4498495]}, "properties": {"record_id": "oai:u-bordeaux-montaigne.fr:340429", "symbol_class": "well", "pixel_x": 7897.0, "pixel_y": 2893.0, "easting": 460407.8, "northing": 349820.8, "epsg_source": 22391}}, {"type": "Feature", "geometry": {"type": "Point", "coordinates": [9.2897832, 36.458374]}, "properties": {"record_id": "oai:u-bordeaux-montaigne.fr:340429", "symbol_class": "well", "pixel_x": 4372.0, "pixel_y": 2911.0, "easting": 445269.4, "northing": 350848.0, "epsg_source": 22391}}, {"type": "Feature", "geometry": {"type": "Point", "coordinates": [9.4572573, 36.4484073]}, "properties": {"record_id": "oai:u-bordeaux-montaigne.fr:340429", "symbol_class": "well", "pixel_x": 7868.0, "pixel_y": 2933.0, "easting": 460271.3, "northing": 349661.4, "epsg_source": 22391}}, {"type": "Feature", "geometry": {"type": "Point", "coordinates": [9.4571937, 36.4482201]}, "properties": {"record_id": "oai:u-bordeaux-montaigne.fr:340429", "symbol_class": "well", "pixel_x": 7867.0, "pixel_y": 2938.0, "easting": 460265.5, "northing": 349640.7, "epsg_source": 22391}}, {"type": "Feature", "geometry": {"type": "Point", "coordinates": [9.189201, 36.4616836]}, "properties": {"record_id": "oai:u-bordeaux-montaigne.fr:340429", "symbol_class": "well", "pixel_x": 2277.0, "pixel_y": 2965.0, "easting": 436259.2, "northing": 351276.2, "epsg_source": 22391}}, {"type": "Feature", "geometry": {"type": "Point", "coordinates": [9.4581587, 36.4459162]}, "properties": {"record_id": "oai:u-bordeaux-montaigne.fr:340429", "symbol_class": "well", "pixel_x": 7891.0, "pixel_y": 2997.0, "easting": 460350.8, "northing": 349384.7, "epsg_source": 22391}}, {"type": "Feature", "geometry": {"type": "Point", "coordinates": [9.4581076, 36.4458809]}, "properties": {"record_id": "oai:u-bordeaux-montaigne.fr:340429", "symbol_class": "well", "pixel_x": 7890.0, "pixel_y": 2998.0, "easting": 460346.3, "northing": 349380.8, "epsg_source": 22391}}, {"type": "Feature", "geometry": {"type": "Point", "coordinates": [9.4583732, 36.4455992]}, "properties": {"record_id": "oai:u-bordeaux-montaigne.fr:340429", "symbol_class": "well", "pixel_x": 7896.0, "pixel_y": 3005.0, "easting": 460369.9, "northing": 349349.4, "epsg_source": 22391}}, {"type": "Feature", "geometry": {"type": "Point", "coordinates": [9.459052, 36.4444936]}, "properties": {"record_id": "oai:u-bordeaux-montaigne.fr:340429", "symbol_class": "well", "pixel_x": 7912.0, "pixel_y": 3033.0, "easting": 460430.2, "northing": 349226.5, "epsg_source": 22391}}, {"type": "Feature", "geometry": {"type": "Point", "coordinates": [9.2989702, 36.4523107]}, "properties": {"record_id": "oai:u-bordeaux-montaigne.fr:340429", "symbol_class": "well", "pixel_x": 4573.0, "pixel_y": 3057.0, "easting": 446088.5, "northing": 350170.3, "epsg_source": 22391}}, {"type": "Feature", "geometry": {"type": "Point", "coordinates": [9.4609743, 36.4427091]}, "properties": {"record_id": "oai:u-bordeaux-montaigne.fr:340429", "symbol_class": "well", "pixel_x": 7955.0, "pixel_y": 3077.0, "easting": 460601.6, "northing": 349027.8, "epsg_source": 22391}}, {"type": "Feature", "geometry": {"type": "Point", "coordinates": [9.4613066, 36.4426526]}, "properties": {"record_id": "oai:u-bordeaux-montaigne.fr:340429", "symbol_class": "well", "pixel_x": 7962.0, "pixel_y": 3078.0, "easting": 460631.3, "northing": 349021.4, "epsg_source": 22391}}, {"type": "Feature", "geometry": {"type": "Point", "coordinates": [9.4577199, 36.4382731]}, "properties": {"record_id": "oai:u-bordeaux-montaigne.fr:340429", "symbol_class": "well", "pixel_x": 7895.0, "pixel_y": 3198.0, "easting": 460307.7, "northing": 348537.0, "epsg_source": 22391}}, {"type": "Feature", "geometry": {"type": "Point", "coordinates": [9.4627559, 36.4322349]}, "properties": {"record_id": "oai:u-bordeaux-montaigne.fr:340429", "symbol_class": "well", "pixel_x": 8010.0, "pixel_y": 3349.0, "easting": 460756.1, "northing": 347865.2, "epsg_source": 22391}}, {"type": "Feature", "geometry": {"type": "Point", "coordinates": [9.4598688, 36.4322418]}, "properties": {"record_id": "oai:u-bordeaux-montaigne.fr:340429", "symbol_class": "well", "pixel_x": 7950.0, "pixel_y": 3353.0, "easting": 460497.3, "northing": 347867.1, "epsg_source": 22391}}, {"type": "Feature", "geometry": {"type": "Point", "coordinates": [9.459623, 36.4321791]}, "properties": {"record_id": "oai:u-bordeaux-montaigne.fr:340429", "symbol_class": "well", "pixel_x": 7945.0, "pixel_y": 3355.0, "easting": 460475.2, "northing": 347860.3, "epsg_source": 22391}}, {"type": "Feature", "geometry": {"type": "Point", "coordinates": [9.4636473, 36.4319568]}, "properties": {"record_id": "oai:u-bordeaux-montaigne.fr:340429", "symbol_class": "well", "pixel_x": 8029.0, "pixel_y": 3355.0, "easting": 460835.8, "northing": 347834.0, "epsg_source": 22391}}, {"type": "Feature", "geometry": {"type": "Point", "coordinates": [9.4590866, 36.4320943]}, "properties": {"record_id": "oai:u-bordeaux-montaigne.fr:340429", "symbol_class": "well", "pixel_x": 7934.0, "pixel_y": 3358.0, "easting": 460427.1, "northing": 347851.1, "epsg_source": 22391}}, {"type": "Feature", "geometry": {"type": "Point", "coordinates": [9.4600927, 36.4320387]}, "properties": {"record_id": "oai:u-bordeaux-montaigne.fr:340429", "symbol_class": "well", "pixel_x": 7955.0, "pixel_y": 3358.0, "easting": 460517.2, "northing": 347844.5, "epsg_source": 22391}}, {"type": "Feature", "geometry": {"type": "Point", "coordinates": [9.459649, 36.4319107]}, "properties": {"record_id": "oai:u-bordeaux-montaigne.fr:340429", "symbol_class": "well", "pixel_x": 7946.0, "pixel_y": 3362.0, "easting": 460477.4, "northing": 347830.5, "epsg_source": 22391}}, {"type": "Feature", "geometry": {"type": "Point", "coordinates": [9.4582981, 36.4318708]}, "properties": {"record_id": "oai:u-bordeaux-montaigne.fr:340429", "symbol_class": "well", "pixel_x": 7918.0, "pixel_y": 3365.0, "easting": 460356.3, "northing": 347826.6, "epsg_source": 22391}}, {"type": "Feature", "geometry": {"type": "Point", "coordinates": [9.4635115, 36.4308962]}, "properties": {"record_id": "oai:u-bordeaux-montaigne.fr:340429", "symbol_class": "well", "pixel_x": 8028.0, "pixel_y": 3383.0, "easting": 460823.1, "northing": 347716.4, "epsg_source": 22391}}, {"type": "Feature", "geometry": {"type": "Point", "coordinates": [9.4631473, 36.4288183]}, "properties": {"record_id": "oai:u-bordeaux-montaigne.fr:340429", "symbol_class": "well", "pixel_x": 8024.0, "pixel_y": 3438.0, "easting": 460789.4, "northing": 347486.0, "epsg_source": 22391}}, {"type": "Feature", "geometry": {"type": "Point", "coordinates": [9.2770876, 36.4357522]}, "properties": {"record_id": "oai:u-bordeaux-montaigne.fr:340429", "symbol_class": "well", "pixel_x": 4146.0, "pixel_y": 3522.0, "easting": 444115.7, "northing": 348345.9, "epsg_source": 22391}}, {"type": "Feature", "geometry": {"type": "Point", "coordinates": [9.4604634, 36.4254571]}, "properties": {"record_id": "oai:u-bordeaux-montaigne.fr:340429", "symbol_class": "well", "pixel_x": 7974.0, "pixel_y": 3530.0, "easting": 460547.2, "northing": 347114.3, "epsg_source": 22391}}, {"type": "Feature", "geometry": {"type": "Point", "coordinates": [9.4649538, 36.4250564]}, "properties": {"record_id": "oai:u-bordeaux-montaigne.fr:340429", "symbol_class": "well", "pixel_x": 8068.0, "pixel_y": 3534.0, "easting": 460949.5, "northing": 347068.0, "epsg_source": 22391}}, {"type": "Feature", "geometry": {"type": "Point", "coordinates": [9.4646892, 36.4247658]}, "properties": {"record_id": "oai:u-bordeaux-montaigne.fr:340429", "symbol_class": "well", "pixel_x": 8063.0, "pixel_y": 3542.0, "easting": 460925.6, "northing": 347035.9, "epsg_source": 22391}}, {"type": "Feature", "geometry": {"type": "Point", "coordinates": [9.4658822, 36.4211523]}, "properties": {"record_id": "oai:u-bordeaux-montaigne.fr:340429", "symbol_class": "well", "pixel_x": 8094.0, "pixel_y": 3635.0, "easting": 461030.8, "northing": 346634.6, "epsg_source": 22391}}, {"type": "Feature", "geometry": {"type": "Point", "coordinates": [9.4662112, 36.4210578]}, "properties": {"record_id": "oai:u-bordeaux-montaigne.fr:340429", "symbol_class": "well", "pixel_x": 8101.0, "pixel_y": 3637.0, "easting": 461060.3, "northing": 346624.0, "epsg_source": 22391}}, {"type": "Feature", "geometry": {"type": "Point", "coordinates": [9.4683738, 36.4204423]}, "properties": {"record_id": "oai:u-bordeaux-montaigne.fr:340429", "symbol_class": "well", "pixel_x": 8147.0, "pixel_y": 3650.0, "easting": 461253.8, "northing": 346554.8, "epsg_source": 22391}}, {"type": "Feature", "geometry": {"type": "Point", "coordinates": [9.4678438, 36.4204335]}, "properties": {"record_id": "oai:u-bordeaux-montaigne.fr:340429", "symbol_class": "well", "pixel_x": 8136.0, "pixel_y": 3651.0, "easting": 461206.3, "northing": 346554.0, "epsg_source": 22391}}, {"type": "Feature", "geometry": {"type": "Point", "coordinates": [9.4680676, 36.4202303]}, "properties": {"record_id": "oai:u-bordeaux-montaigne.fr:340429", "symbol_class": "well", "pixel_x": 8141.0, "pixel_y": 3656.0, "easting": 461226.3, "northing": 346531.4, "epsg_source": 22391}}, {"type": "Feature", "geometry": {"type": "Point", "coordinates": [9.4684414, 36.4200952]}, "properties": {"record_id": "oai:u-bordeaux-montaigne.fr:340429", "symbol_class": "well", "pixel_x": 8149.0, "pixel_y": 3659.0, "easting": 461259.7, "northing": 346516.3, "epsg_source": 22391}}, {"type": "Feature", "geometry": {"type": "Point", "coordinates": [9.4684642, 36.4197888]}, "properties": {"record_id": "oai:u-bordeaux-montaigne.fr:340429", "symbol_class": "well", "pixel_x": 8150.0, "pixel_y": 3667.0, "easting": 461261.6, "northing": 346482.3, "epsg_source": 22391}}, {"type": "Feature", "geometry": {"type": "Point", "coordinates": [9.4684932, 36.4195583]}, "properties": {"record_id": "oai:u-bordeaux-montaigne.fr:340429", "symbol_class": "well", "pixel_x": 8151.0, "pixel_y": 3673.0, "easting": 461264.1, "northing": 346456.7, "epsg_source": 22391}}, {"type": "Feature", "geometry": {"type": "Point", "coordinates": [9.4686534, 36.419168]}, "properties": {"record_id": "oai:u-bordeaux-montaigne.fr:340429", "symbol_class": "well", "pixel_x": 8155.0, "pixel_y": 3683.0, "easting": 461278.3, "northing": 346413.4, "epsg_source": 22391}}, {"type": "Feature", "geometry": {"type": "Point", "coordinates": [9.4689345, 36.4190761]}, "properties": {"record_id": "oai:u-bordeaux-montaigne.fr:340429", "symbol_class": "well", "pixel_x": 8161.0, "pixel_y": 3685.0, "easting": 461303.4, "northing": 346403.1, "epsg_source": 22391}}, {"type": "Feature", "geometry": {"type": "Point", "coordinates": [9.4686126, 36.4186743]}, "properties": {"record_id": "oai:u-bordeaux-montaigne.fr:340429", "symbol_class": "well", "pixel_x": 8155.0, "pixel_y": 3696.0, "easting": 461274.4, "northing": 346358.6, "epsg_source": 22391}}, {"type": "Feature", "geometry": {"type": "Point", "coordinates": [9.4688686, 36.4182787]}, "properties": {"record_id": "oai:u-bordeaux-montaigne.fr:340429", "symbol_class": "well", "pixel_x": 8161.0, "pixel_y": 3706.0, "easting": 461297.1, "northing": 346314.6, "epsg_source": 22391}}, {"type": "Feature", "geometry": {"type": "Point", "coordinates": [9.1586413, 36.4342751]}, "properties": {"record_id": "oai:u-bordeaux-montaigne.fr:340429", "symbol_class": "well", "pixel_x": 1687.0, "pixel_y": 3726.0, "easting": 433497.9, "northing": 348256.3, "epsg_source": 22391}}, {"type": "Feature", "geometry": {"type": "Point", "coordinates": [9.1586892, 36.4342726]}, "properties": {"record_id": "oai:u-bordeaux-montaigne.fr:340429", "symbol_class": "well", "pixel_x": 1688.0, "pixel_y": 3726.0, "easting": 433502.2, "northing": 348256.0, "epsg_source": 22391}}, {"type": "Feature", "geometry": {"type": "Point", "coordinates": [9.1583837, 36.4340599]}, "properties": {"record_id": "oai:u-bordeaux-montaigne.fr:340429", "symbol_class": "well", "pixel_x": 1682.0, "pixel_y": 3732.0, "easting": 433474.6, "northing": 348232.6, "epsg_source": 22391}}, {"type": "Feature", "geometry": {"type": "Point", "coordinates": [9.4670312, 36.4146801]}, "properties": {"record_id": "oai:u-bordeaux-montaigne.fr:340429", "symbol_class": "well", "pixel_x": 8129.0, "pixel_y": 3803.0, "easting": 461130.6, "northing": 345916.2, "epsg_source": 22391}}, {"type": "Feature", "geometry": {"type": "Point", "coordinates": [9.4683284, 36.4140743]}, "properties": {"record_id": "oai:u-bordeaux-montaigne.fr:340429", "symbol_class": "well", "pixel_x": 8157.0, "pixel_y": 3817.0, "easting": 461246.6, "northing": 345848.5, "epsg_source": 22391}}, {"type": "Feature", "geometry": {"type": "Point", "coordinates": [9.1410139, 36.4316183]}, "properties": {"record_id": "oai:u-bordeaux-montaigne.fr:340429", "symbol_class": "well", "pixel_x": 1325.0, "pixel_y": 3820.0, "easting": 431915.6, "northing": 347973.8, "epsg_source": 22391}}, {"type": "Feature", "geometry": {"type": "Point", "coordinates": [9.4686543, 36.4139419]}, "properties": {"record_id": "oai:u-bordeaux-montaigne.fr:340429", "symbol_class": "well", "pixel_x": 8164.0, "pixel_y": 3820.0, "easting": 461275.8, "northing": 345833.6, "epsg_source": 22391}}, {"type": "Feature", "geometry": {"type": "Point", "coordinates": [9.4680732, 36.4138977]}, "properties": {"record_id": "oai:u-bordeaux-montaigne.fr:340429", "symbol_class": "well", "pixel_x": 8152.0, "pixel_y": 3822.0, "easting": 461223.7, "northing": 345829.0, "epsg_source": 22391}}, {"type": "Feature", "geometry": {"type": "Point", "coordinates": [9.4687124, 36.4134809]}, "properties": {"record_id": "oai:u-bordeaux-montaigne.fr:340429", "symbol_class": "well", "pixel_x": 8166.0, "pixel_y": 3832.0, "easting": 461280.8, "northing": 345782.5, "epsg_source": 22391}}, {"type": "Feature", "geometry": {"type": "Point", "coordinates": [9.4693005, 36.4130288]}, "properties": {"record_id": "oai:u-bordeaux-montaigne.fr:340429", "symbol_class": "well", "pixel_x": 8179.0, "pixel_y": 3843.0, "easting": 461333.3, "northing": 345732.1, "epsg_source": 22391}}, {"type": "Feature", "geometry": {"type": "Point", "coordinates": [9.4784486, 36.4125223]}, "properties": {"record_id": "oai:u-bordeaux-montaigne.fr:340429", "symbol_class": "well", "pixel_x": 8370.0, "pixel_y": 3843.0, "easting": 462153.3, "northing": 345672.3, "epsg_source": 22391}}, {"type": "Feature", "geometry": {"type": "Point", "coordinates": [9.2709506, 36.4222364]}, "properties": {"record_id": "oai:u-bordeaux-montaigne.fr:340429", "symbol_class": "well", "pixel_x": 4041.0, "pixel_y": 3885.0, "easting": 443556.0, "northing": 346850.1, "epsg_source": 22391}}, {"type": "Feature", "geometry": {"type": "Point", "coordinates": [9.1298624, 36.4286955]}, "properties": {"record_id": "oai:u-bordeaux-montaigne.fr:340429", "symbol_class": "well", "pixel_x": 1098.0, "pixel_y": 3912.0, "easting": 430913.4, "northing": 347657.4, "epsg_source": 22391}}, {"type": "Feature", "geometry": {"type": "Point", "coordinates": [9.2705519, 36.4196642]}, "properties": {"record_id": "oai:u-bordeaux-montaigne.fr:340429", "symbol_class": "well", "pixel_x": 4037.0, "pixel_y": 3953.0, "easting": 443518.4, "northing": 346565.0, "epsg_source": 22391}}, {"type": "Feature", "geometry": {"type": "Point", "coordinates": [9.4674648, 36.4082857]}, "properties": {"record_id": "oai:u-bordeaux-montaigne.fr:340429", "symbol_class": "well", "pixel_x": 8149.0, "pixel_y": 3970.0, "easting": 461166.4, "northing": 345206.7, "epsg_source": 22391}}, {"type": "Feature", "geometry": {"type": "Point", "coordinates": [9.4670927, 36.4072763]}, "properties": {"record_id": "oai:u-bordeaux-montaigne.fr:340429", "symbol_class": "well", "pixel_x": 8143.0, "pixel_y": 3997.0, "easting": 461132.5, "northing": 345094.9, "epsg_source": 22391}}, {"type": "Feature", "geometry": {"type": "Point", "coordinates": [9.4674154, 36.4071059]}, "properties": {"record_id": "oai:u-bordeaux-montaigne.fr:340429", "symbol_class": "well", "pixel_x": 8150.0, "pixel_y": 4001.0, "easting": 461161.4, "northing": 345075.8, "epsg_source": 22391}}, {"type": "Feature", "geometry": {"type": "Point", "coordinates": [9.4672058, 36.4063164]}, "properties": {"record_id": "oai:u-bordeaux-montaigne.fr:340429", "symbol_class": "well", "pixel_x": 8147.0, "pixel_y": 4022.0, "easting": 461142.2, "northing": 344988.3, "epsg_source": 22391}}, {"type": "Feature", "geometry": {"type": "Point", "coordinates": [9.279135, 36.4163045]}, "properties": {"record_id": "oai:u-bordeaux-montaigne.fr:340429", "symbol_class": "well", "pixel_x": 4221.0, "pixel_y": 4029.0, "easting": 444285.5, "northing": 346187.4, "epsg_source": 22391}}, {"type": "Feature", "geometry": {"type": "Point", "coordinates": [9.4678936, 36.4053247]}, "properties": {"record_id": "oai:u-bordeaux-montaigne.fr:340429", "symbol_class": "well", "pixel_x": 8163.0, "pixel_y": 4047.0, "easting": 461203.4, "northing": 344878.0, "epsg_source": 22391}}, {"type": "Feature", "geometry": {"type": "Point", "coordinates": [9.4708479, 36.4043983]}, "properties": {"record_id": "oai:u-bordeaux-montaigne.fr:340429", "symbol_class": "well", "pixel_x": 8226.0, "pixel_y": 4067.0, "easting": 461467.8, "northing": 344774.1, "epsg_source": 22391}}, {"type": "Feature", "geometry": {"type": "Point", "coordinates": [9.4711706, 36.4042278]}, "properties": {"record_id": "oai:u-bordeaux-montaigne.fr:340429", "symbol_class": "well", "pixel_x": 8233.0, "pixel_y": 4071.0, "easting": 461496.7, "northing": 344755.1, "epsg_source": 22391}}, {"type": "Feature", "geometry": {"type": "Point", "coordinates": [9.4705896, 36.4041837]}, "properties": {"record_id": "oai:u-bordeaux-montaigne.fr:340429", "symbol_class": "well", "pixel_x": 8221.0, "pixel_y": 4073.0, "easting": 461444.5, "northing": 344750.4, "epsg_source": 22391}}, {"type": "Feature", "geometry": {"type": "Point", "coordinates": [9.4708165, 36.4040186]}, "properties": {"record_id": "oai:u-bordeaux-montaigne.fr:340429", "symbol_class": "well", "pixel_x": 8226.0, "pixel_y": 4077.0, "easting": 461464.8, "northing": 344732.0, "epsg_source": 22391}}, {"type": "Feature", "geometry": {"type": "Point", "coordinates": [9.4712891, 36.4039161]}, "properties": {"record_id": "oai:u-bordeaux-montaigne.fr:340429", "symbol_class": "well", "pixel_x": 8236.0, "pixel_y": 4079.0, "easting": 461507.1, "northing": 344720.5, "epsg_source": 22391}}, {"type": "Feature", "geometry": {"type": "Point", "coordinates": [9.4709413, 36.4037828]}, "properties": {"record_id": "oai:u-bordeaux-montaigne.fr:340429", "symbol_class": "well", "pixel_x": 8229.0, "pixel_y": 4083.0, "easting": 461475.9, "northing": 344705.8, "epsg_source": 22391}}, {"type": "Feature", "geometry": {"type": "Point", "coordinates": [9.3909057, 36.4039899]}, "properties": {"record_id": "oai:u-bordeaux-montaigne.fr:340429", "symbol_class": "well", "pixel_x": 6565.0, "pixel_y": 4193.0, "easting": 454299.2, "northing": 344763.3, "epsg_source": 22391}}, {"type": "Feature", "geometry": {"type": "Point", "coordinates": [9.467911, 36.3997162]}, "properties": {"record_id": "oai:u-bordeaux-montaigne.fr:340429", "symbol_class": "well", "pixel_x": 8173.0, "pixel_y": 4194.0, "easting": 461202.2, "northing": 344255.9, "epsg_source": 22391}}, {"type": "Feature", "geometry": {"type": "Point", "coordinates": [9.4636842, 36.3997974]}, "properties": {"record_id": "oai:u-bordeaux-montaigne.fr:340429", "symbol_class": "well", "pixel_x": 8085.0, "pixel_y": 4198.0, "easting": 460823.2, "northing": 344266.6, "epsg_source": 22391}}, {"type": "Feature", "geometry": {"type": "Point", "coordinates": [9.4620192, 36.3988595]}, "properties": {"record_id": "oai:u-bordeaux-montaigne.fr:340429", "symbol_class": "well", "pixel_x": 8052.0, "pixel_y": 4225.0, "easting": 460673.4, "northing": 344163.2, "epsg_source": 22391}}, {"type": "Feature", "geometry": {"type": "Point", "coordinates": [9.4626803, 36.3987085]}, "properties": {"record_id": "oai:u-bordeaux-montaigne.fr:340429", "symbol_class": "well", "pixel_x": 8066.0, "pixel_y": 4228.0, "easting": 460732.6, "northing": 344146.2, "epsg_source": 22391}}, {"type": "Feature", "geometry": {"type": "Point", "coordinates": [9.4593925, 36.3985087]}, "properties": {"record_id": "oai:u-bordeaux-montaigne.fr:340429", "symbol_class": "well", "pixel_x": 7998.0, "pixel_y": 4238.0, "easting": 460437.7, "northing": 344125.4, "epsg_source": 22391}}, {"type": "Feature", "geometry": {"type": "Point", "coordinates": [9.4584222, 36.3984097]}, "properties": {"record_id": "oai:u-bordeaux-montaigne.fr:340429", "symbol_class": "well", "pixel_x": 7978.0, "pixel_y": 4242.0, "easting": 460350.6, "northing": 344114.8, "epsg_source": 22391}}, {"type": "Feature", "geometry": {"type": "Point", "coordinates": [9.4595653, 36.3982703]}, "properties": {"record_id": "oai:u-bordeaux-montaigne.fr:340429", "symbol_class": "well", "pixel_x": 8002.0, "pixel_y": 4244.0, "easting": 460453.0, "northing": 344098.9, "epsg_source": 22391}}, {"type": "Feature", "geometry": {"type": "Point", "coordinates": [9.4573593, 36.398354]}, "properties": {"record_id": "oai:u-bordeaux-montaigne.fr:340429", "symbol_class": "well", "pixel_x": 7956.0, "pixel_y": 4245.0, "easting": 460255.2, "northing": 344109.1, "epsg_source": 22391}}, {"type": "Feature", "geometry": {"type": "Point", "coordinates": [9.4558685, 36.3983601]}, "properties": {"record_id": "oai:u-bordeaux-montaigne.fr:340429", "symbol_class": "well", "pixel_x": 7925.0, "pixel_y": 4247.0, "easting": 460121.6, "northing": 344110.3, "epsg_source": 22391}}, {"type": "Feature", "geometry": {"type": "Point", "coordinates": [9.4561558, 36.3983442]}, "properties": {"record_id": "oai:u-bordeaux-montaigne.fr:340429", "symbol_class": "well", "pixel_x": 7931.0, "pixel_y": 4247.0, "easting": 460147.3, "northing": 344108.5, "epsg_source": 22391}}, {"type": "Feature", "geometry": {"type": "Point", "coordinates": [9.456491, 36.3983257]}, "properties": {"record_id": "oai:u-bordeaux-montaigne.fr:340429", "symbol_class": "well", "pixel_x": 7938.0, "pixel_y": 4247.0, "easting": 460177.4, "northing": 344106.3, "epsg_source": 22391}}, {"type": "Feature", "geometry": {"type": "Point", "coordinates": [9.4570657, 36.398294]}, "properties": {"record_id": "oai:u-bordeaux-montaigne.fr:340429", "symbol_class": "well", "pixel_x": 7950.0, "pixel_y": 4247.0, "easting": 460228.9, "northing": 344102.5, "epsg_source": 22391}}, {"type": "Feature", "geometry": {"type": "Point", "coordinates": [9.4588375, 36.3981961]}, "properties": {"record_id": "oai:u-bordeaux-montaigne.fr:340429", "symbol_class": "well", "pixel_x": 7987.0, "pixel_y": 4247.0, "easting": 460387.7, "northing": 344090.9, "epsg_source": 22391}}, {"type": "Feature", "geometry": {"type": "Point", "coordinates": [9.4583493, 36.3981086]}, "properties": {"record_id": "oai:u-bordeaux-montaigne.fr:340429", "symbol_class": "well", "pixel_x": 7977.0, "pixel_y": 4250.0, "easting": 460343.9, "northing": 344081.4, "epsg_source": 22391}}, {"type": "Feature", "geometry": {"type": "Point", "coordinates": [9.4580109, 36.3980892]}, "properties": {"record_id": "oai:u-bordeaux-montaigne.fr:340429", "symbol_class": "well", "pixel_x": 7970.0, "pixel_y": 4251.0, "easting": 460313.5, "northing": 344079.4, "epsg_source": 22391}}, {"type": "Feature", "geometry": {"type": "Point", "coordinates": [9.2671508, 36.4084425]}, "properties": {"record_id": "oai:u-bordeaux-montaigne.fr:340429", "symbol_class": "well", "pixel_x": 3985.0, "pixel_y": 4252.0, "easting": 443205.4, "northing": 345322.2, "epsg_source": 22391}}, {"type": "Feature", "geometry": {"type": "Point", "coordinates": [9.4536948, 36.3982512]}, "properties": {"record_id": "oai:u-bordeaux-montaigne.fr:340429", "symbol_class": "well", "pixel_x": 7880.0, "pixel_y": 4253.0, "easting": 459926.6, "northing": 344099.1, "epsg_source": 22391}}, {"type": "Feature", "geometry": {"type": "Point", "coordinates": [9.4569032, 36.398074]}, "properties": {"record_id": "oai:u-bordeaux-montaigne.fr:340429", "symbol_class": "well", "pixel_x": 7947.0, "pixel_y": 4253.0, "easting": 460214.2, "northing": 344078.2, "epsg_source": 22391}}, {"type": "Feature", "geometry": {"type": "Point", "coordinates": [9.4558945, 36.3980916]}, "properties": {"record_id": "oai:u-bordeaux-montaigne.fr:340429", "symbol_class": "well", "pixel_x": 7926.0, "pixel_y": 4254.0, "easting": 460123.8, "northing": 344080.5, "epsg_source": 22391}}, {"type": "Feature", "geometry": {"type": "Point", "coordinates": [9.456086, 36.398081]}, "properties": {"record_id": "oai:u-bordeaux-montaigne.fr:340429", "symbol_class": "well", "pixel_x": 7930.0, "pixel_y": 4254.0, "easting": 460140.9, "northing": 344079.3, "epsg_source": 22391}}, {"type": "Feature", "geometry": {"type": "Point", "coordinates": [9.456517, 36.3980572]}, "properties": {"record_id": "oai:u-bordeaux-montaigne.fr:340429", "symbol_class": "well", "pixel_x": 7939.0, "pixel_y": 4254.0, "easting": 460179.6, "northing": 344076.5, "epsg_source": 22391}}, {"type": "Feature", "geometry": {"type": "Point", "coordinates": [9.4553167, 36.3980854]}, "properties": {"record_id": "oai:u-bordeaux-montaigne.fr:340429", "symbol_class": "well", "pixel_x": 7914.0, "pixel_y": 4255.0, "easting": 460071.9, "northing": 344080.1, "epsg_source": 22391}}, {"type": "Feature", "geometry": {"type": "Point", "coordinates": [9.4542121, 36.3981082]}, "properties": {"record_id": "oai:u-bordeaux-montaigne.fr:340429", "symbol_class": "well", "pixel_x": 7891.0, "pixel_y": 4256.0, "easting": 459972.9, "northing": 344083.1, "epsg_source": 22391}}, {"type": "Feature", "geometry": {"type": "Point", "coordinates": [9.4539154, 36.3980102]}, "properties": {"record_id": "oai:u-bordeaux-montaigne.fr:340429", "symbol_class": "well", "pixel_x": 7885.0, "pixel_y": 4259.0, "easting": 459946.2, "northing": 344072.3, "epsg_source": 22391}}, {"type": "Feature", "geometry": {"type": "Point", "coordinates": [9.2668595, 36.4078097]}, "properties": {"record_id": "oai:u-bordeaux-montaigne.fr:340429", "symbol_class": "well", "pixel_x": 3980.0, "pixel_y": 4269.0, "easting": 443178.8, "northing": 345252.2, "epsg_source": 22391}}, {"type": "Feature", "geometry": {"type": "Point", "coordinates": [9.2668565, 36.4077717]}, "properties": {"record_id": "oai:u-bordeaux-montaigne.fr:340429", "symbol_class": "well", "pixel_x": 3980.0, "pixel_y": 4270.0, "easting": 443178.5, "northing": 345248.0, "epsg_source": 22391}}, {"type": "Feature", "geometry": {"type": "Point", "coordinates": [9.2671827, 36.4076398]}, "properties": {"record_id": "oai:u-bordeaux-montaigne.fr:340429", "symbol_class": "well", "pixel_x": 3987.0, "pixel_y": 4273.0, "easting": 443207.7, "northing": 345233.2, "epsg_source": 22391}}, {"type": "Feature", "geometry": {"type": "Point", "coordinates": [9.3052068, 36.4049073]}, "properties": {"record_id": "oai:u-bordeaux-montaigne.fr:340429", "symbol_class": "well", "pixel_x": 4782.0, "pixel_y": 4291.0, "easting": 446615.3, "northing": 344908.6, "epsg_source": 22391}}, {"type": "Feature", "geometry": {"type": "Point", "coordinates": [9.2684021, 36.4060487]}, "properties": {"record_id": "oai:u-bordeaux-montaigne.fr:340429", "symbol_class": "well", "pixel_x": 4015.0, "pixel_y": 4313.0, "easting": 443315.9, "northing": 345056.0, "epsg_source": 22391}}, {"type": "Feature", "geometry": {"type": "Point", "coordinates": [9.3977479, 36.3953]}, "properties": {"record_id": "oai:u-bordeaux-montaigne.fr:340429", "symbol_class": "well", "pixel_x": 6722.0, "pixel_y": 4411.0, "easting": 454907.8, "northing": 343796.2, "epsg_source": 22391}}, {"type": "Feature", "geometry": {"type": "Point", "coordinates": [9.3977261, 36.3950341]}, "properties": {"record_id": "oai:u-bordeaux-montaigne.fr:340429", "symbol_class": "well", "pixel_x": 6722.0, "pixel_y": 4418.0, "easting": 454905.7, "northing": 343766.7, "epsg_source": 22391}}, {"type": "Feature", "geometry": {"type": "Point", "coordinates": [9.2616842, 36.4014507]}, "properties": {"record_id": "oai:u-bordeaux-montaigne.fr:340429", "symbol_class": "well", "pixel_x": 3883.0, "pixel_y": 4443.0, "easting": 442710.2, "northing": 344549.8, "epsg_source": 22391}}, {"type": "Feature", "geometry": {"type": "Point", "coordinates": [9.3591879, 36.3961078]}, "properties": {"record_id": "oai:u-bordeaux-montaigne.fr:340429", "symbol_class": "well", "pixel_x": 5919.0, "pixel_y": 4445.0, "easting": 451450.2, "northing": 343904.3, "epsg_source": 22391}}, {"type": "Feature", "geometry": {"type": "Point", "coordinates": [9.3588017, 36.3960907]}, "properties": {"record_id": "oai:u-bordeaux-montaigne.fr:340429", "symbol_class": "well", "pixel_x": 5911.0, "pixel_y": 4446.0, "easting": 451415.6, "northing": 343902.6, "epsg_source": 22391}}, {"type": "Feature", "geometry": {"type": "Point", "coordinates": [9.1998382, 36.4034151]}, "properties": {"record_id": "oai:u-bordeaux-montaigne.fr:340429", "symbol_class": "well", "pixel_x": 2594.0, "pixel_y": 4478.0, "easting": 437165.9, "northing": 344805.8, "epsg_source": 22391}}, {"type": "Feature", "geometry": {"type": "Point", "coordinates": [9.3119018, 36.3972606]}, "properties": {"record_id": "oai:u-bordeaux-montaigne.fr:340429", "symbol_class": "well", "pixel_x": 4934.0, "pixel_y": 4482.0, "easting": 447210.5, "northing": 344056.7, "epsg_source": 22391}}, {"type": "Feature", "geometry": {"type": "Point", "coordinates": [9.2603174, 36.3999983]}, "properties": {"record_id": "oai:u-bordeaux-montaigne.fr:340429", "symbol_class": "well", "pixel_x": 3857.0, "pixel_y": 4483.0, "easting": 442586.6, "northing": 344389.5, "epsg_source": 22391}}, {"type": "Feature", "geometry": {"type": "Point", "coordinates": [9.4469546, 36.3894299]}, "properties": {"record_id": "oai:u-bordeaux-montaigne.fr:340429", "symbol_class": "well", "pixel_x": 7755.0, "pixel_y": 4494.0, "easting": 459317.6, "northing": 343123.4, "epsg_source": 22391}}, {"type": "Feature", "geometry": {"type": "Point", "coordinates": [9.2593131, 36.3988697]}, "properties": {"record_id": "oai:u-bordeaux-montaigne.fr:340429", "symbol_class": "well", "pixel_x": 3838.0, "pixel_y": 4514.0, "easting": 442495.7, "northing": 344264.9, "epsg_source": 22391}}, {"type": "Feature", "geometry": {"type": "Point", "coordinates": [9.2592318, 36.3984545]}, "properties": {"record_id": "oai:u-bordeaux-montaigne.fr:340429", "symbol_class": "well", "pixel_x": 3837.0, "pixel_y": 4525.0, "easting": 442488.1, "northing": 344218.9, "epsg_source": 22391}}, {"type": "Feature", "geometry": {"type": "Point", "coordinates": [9.2587468, 36.3984042]}, "properties": {"record_id": "oai:u-bordeaux-montaigne.fr:340429", "symbol_class": "well", "pixel_x": 3827.0, "pixel_y": 4527.0, "easting": 442444.6, "northing": 344213.6, "epsg_source": 22391}}, {"type": "Feature", "geometry": {"type": "Point", "coordinates": [9.3121949, 36.3955283]}, "properties": {"record_id": "oai:u-bordeaux-montaigne.fr:340429", "symbol_class": "well", "pixel_x": 4943.0, "pixel_y": 4527.0, "easting": 447235.6, "northing": 343864.4, "epsg_source": 22391}}, {"type": "Feature", "geometry": {"type": "Point", "coordinates": [9.4469762, 36.387941]}, "properties": {"record_id": "oai:u-bordeaux-montaigne.fr:340429", "symbol_class": "well", "pixel_x": 7758.0, "pixel_y": 4533.0, "easting": 459318.8, "northing": 342958.2, "epsg_source": 22391}}, {"type": "Feature", "geometry": {"type": "Point", "coordinates": [9.4472447, 36.3876973]}, "properties": {"record_id": "oai:u-bordeaux-montaigne.fr:340429", "symbol_class": "well", "pixel_x": 7764.0, "pixel_y": 4539.0, "easting": 459342.7, "northing": 342931.1, "epsg_source": 22391}}, {"type": "Feature", "geometry": {"type": "Point", "coordinates": [9.4469449, 36.3875613]}, "properties": {"record_id": "oai:u-bordeaux-montaigne.fr:340429", "symbol_class": "well", "pixel_x": 7758.0, "pixel_y": 4543.0, "easting": 459315.8, "northing": 342916.1, "epsg_source": 22391}}, {"type": "Feature", "geometry": {"type": "Point", "coordinates": [9.4472103, 36.3872796]}, "properties": {"record_id": "oai:u-bordeaux-montaigne.fr:340429", "symbol_class": "well", "pixel_x": 7764.0, "pixel_y": 4550.0, "easting": 459339.4, "northing": 342884.8, "epsg_source": 22391}}, {"type": "Feature", "geometry": {"type": "Point", "coordinates": [9.2330225, 36.397911]}, "properties": {"record_id": "oai:u-bordeaux-montaigne.fr:340429", "symbol_class": "well", "pixel_x": 3293.0, "pixel_y": 4576.0, "easting": 440137.4, "northing": 344174.4, "epsg_source": 22391}}, {"type": "Feature", "geometry": {"type": "Point", "coordinates": [9.4465438, 36.3850276]}, "properties": {"record_id": "oai:u-bordeaux-montaigne.fr:340429", "symbol_class": "well", "pixel_x": 7754.0, "pixel_y": 4610.0, "easting": 459278.5, "northing": 342635.3, "epsg_source": 22391}}, {"type": "Feature", "geometry": {"type": "Point", "coordinates": [9.4462534, 36.3850055]}, "properties": {"record_id": "oai:u-bordeaux-montaigne.fr:340429", "symbol_class": "well", "pixel_x": 7748.0, "pixel_y": 4611.0, "easting": 459252.4, "northing": 342632.9, "epsg_source": 22391}}, {"type": "Feature", "geometry": {"type": "Point", "coordinates": [9.1624402, 36.4000553]}, "properties": {"record_id": "oai:u-bordeaux-montaigne.fr:340429", "symbol_class": "well", "pixel_x": 1822.0, "pixel_y": 4618.0, "easting": 433809.7, "northing": 344457.9, "epsg_source": 22391}}, {"type": "Feature", "geometry": {"type": "Point", "coordinates": [9.1627695, 36.3999616]}, "properties": {"record_id": "oai:u-bordeaux-montaigne.fr:340429", "symbol_class": "well", "pixel_x": 1829.0, "pixel_y": 4620.0, "easting": 433839.1, "northing": 344447.3, "epsg_source": 22391}}, {"type": "Feature", "geometry": {"type": "Point", "coordinates": [9.2573566, 36.3948553]}, "properties": {"record_id": "oai:u-bordeaux-montaigne.fr:340429", "symbol_class": "well", "pixel_x": 3804.0, "pixel_y": 4622.0, "easting": 442317.3, "northing": 343820.8, "epsg_source": 22391}}, {"type": "Feature", "geometry": {"type": "Point", "coordinates": [9.4461711, 36.3845904]}, "properties": {"record_id": "oai:u-bordeaux-montaigne.fr:340429", "symbol_class": "well", "pixel_x": 7747.0, "pixel_y": 4622.0, "easting": 459244.8, "northing": 342586.9, "epsg_source": 22391}}, {"type": "Feature", "geometry": {"type": "Point", "coordinates": [9.2576288, 36.39465]}, "properties": {"record_id": "oai:u-bordeaux-montaigne.fr:340429", "symbol_class": "well", "pixel_x": 3810.0, "pixel_y": 4627.0, "easting": 442341.6, "northing": 343797.9, "epsg_source": 22391}}, {"type": "Feature", "geometry": {"type": "Point", "coordinates": [9.4444441, 36.3828928]}, "properties": {"record_id": "oai:u-bordeaux-montaigne.fr:340429", "symbol_class": "well", "pixel_x": 7714.0, "pixel_y": 4669.0, "easting": 459089.0, "northing": 342399.3, "epsg_source": 22391}}, {"type": "Feature", "geometry": {"type": "Point", "coordinates": [9.1283098, 36.399678]}, "properties": {"record_id": "oai:u-bordeaux-montaigne.fr:340429", "symbol_class": "well", "pixel_x": 1113.0, "pixel_y": 4675.0, "easting": 430748.8, "northing": 344439.7, "epsg_source": 22391}}, {"type": "Feature", "geometry": {"type": "Point", "coordinates": [9.4432512, 36.3824245]}, "properties": {"record_id": "oai:u-bordeaux-montaigne.fr:340429", "symbol_class": "well", "pixel_x": 7690.0, "pixel_y": 4683.0, "easting": 458981.8, "northing": 342347.9, "epsg_source": 22391}}, {"type": "Feature", "geometry": {"type": "Point", "coordinates": [9.4428338, 36.3820279]}, "properties": {"record_id": "oai:u-bordeaux-montaigne.fr:340429", "symbol_class": "well", "pixel_x": 7682.0, "pixel_y": 4694.0, "easting": 458944.2, "northing": 342304.1, "epsg_source": 22391}}, {"type": "Feature", "geometry": {"type": "Point", "coordinates": [9.2561079, 36.3918709]}, "properties": {"record_id": "oai:u-bordeaux-montaigne.fr:340429", "symbol_class": "well", "pixel_x": 3783.0, "pixel_y": 4702.0, "easting": 442203.1, "northing": 343490.5, "epsg_source": 22391}}, {"type": "Feature", "geometry": {"type": "Point", "coordinates": [9.3097218, 36.38872]}, "properties": {"record_id": "oai:u-bordeaux-montaigne.fr:340429", "symbol_class": "well", "pixel_x": 4903.0, "pixel_y": 4709.0, "easting": 447009.2, "northing": 343110.5, "epsg_source": 22391}}, {"type": "Feature", "geometry": {"type": "Point", "coordinates": [9.4415358, 36.381451]}, "properties": {"record_id": "oai:u-bordeaux-montaigne.fr:340429", "symbol_class": "well", "pixel_x": 7656.0, "pixel_y": 4711.0, "easting": 458827.4, "northing": 342240.6, "epsg_source": 22391}}, {"type": "Feature", "geometry": {"type": "Point", "coordinates": [9.4604442, 36.3803691]}, "properties": {"record_id": "oai:u-bordeaux-montaigne.fr:340429", "symbol_class": "well", "pixel_x": 8051.0, "pixel_y": 4712.0, "easting": 460522.9, "northing": 342112.8, "epsg_source": 22391}}, {"type": "Feature", "geometry": {"type": "Point", "coordinates": [9.4616035, 36.3798473]}, "properties": {"record_id": "oai:u-bordeaux-montaigne.fr:340429", "symbol_class": "well", "pixel_x": 8076.0, "pixel_y": 4724.0, "easting": 460626.6, "northing": 342054.4, "epsg_source": 22391}}, {"type": "Feature", "geometry": {"type": "Point", "coordinates": [9.4379552, 36.3794358]}, "properties": {"record_id": "oai:u-bordeaux-montaigne.fr:340429", "symbol_class": "well", "pixel_x": 7585.0, "pixel_y": 4769.0, "easting": 458505.2, "northing": 342018.6, "epsg_source": 22391}}, {"type": "Feature", "geometry": {"type": "Point", "coordinates": [9.16579, 36.3937381]}, "properties": {"record_id": "oai:u-bordeaux-montaigne.fr:340429", "symbol_class": "well", "pixel_x": 1902.0, "pixel_y": 4779.0, "easting": 434104.8, "northing": 343754.9, "epsg_source": 22391}}, {"type": "Feature", "geometry": {"type": "Point", "coordinates": [9.4488398, 36.3784542]}, "properties": {"record_id": "oai:u-bordeaux-montaigne.fr:340429", "symbol_class": "well", "pixel_x": 7813.0, "pixel_y": 4779.0, "easting": 459481.0, "northing": 341905.1, "epsg_source": 22391}}, {"type": "Feature", "geometry": {"type": "Point", "coordinates": [9.4488845, 36.3784136]}, "properties": {"record_id": "oai:u-bordeaux-montaigne.fr:340429", "symbol_class": "well", "pixel_x": 7814.0, "pixel_y": 4780.0, "easting": 459485.0, "northing": 341900.6, "epsg_source": 22391}}, {"type": "Feature", "geometry": {"type": "Point", "coordinates": [9.1658199, 36.3935077]}, "properties": {"record_id": "oai:u-bordeaux-montaigne.fr:340429", "symbol_class": "well", "pixel_x": 1903.0, "pixel_y": 4785.0, "easting": 434107.3, "northing": 343729.3, "epsg_source": 22391}}, {"type": "Feature", "geometry": {"type": "Point", "coordinates": [9.4372006, 36.3784475]}, "properties": {"record_id": "oai:u-bordeaux-montaigne.fr:340429", "symbol_class": "well", "pixel_x": 7571.0, "pixel_y": 4796.0, "easting": 458437.0, "northing": 341909.3, "epsg_source": 22391}}, {"type": "Feature", "geometry": {"type": "Point", "coordinates": [9.2549932, 36.3881546]}, "properties": {"record_id": "oai:u-bordeaux-montaigne.fr:340429", "symbol_class": "well", "pixel_x": 3766.0, "pixel_y": 4801.0, "easting": 442100.4, "northing": 343078.9, "epsg_source": 22391}}, {"type": "Feature", "geometry": {"type": "Point", "coordinates": [9.2552774, 36.3881013]}, "properties": {"record_id": "oai:u-bordeaux-montaigne.fr:340429", "symbol_class": "well", "pixel_x": 3772.0, "pixel_y": 4802.0, "easting": 442125.9, "northing": 343072.8, "epsg_source": 22391}}, {"type": "Feature", "geometry": {"type": "Point", "coordinates": [9.4369841, 36.3781542]}, "properties": {"record_id": "oai:u-bordeaux-montaigne.fr:340429", "symbol_class": "well", "pixel_x": 7567.0, "pixel_y": 4804.0, "easting": 458417.4, "northing": 341876.8, "epsg_source": 22391}}, {"type": "Feature", "geometry": {"type": "Point", "coordinates": [9.4365886, 36.3780234]}, "properties": {"record_id": "oai:u-bordeaux-montaigne.fr:340429", "symbol_class": "well", "pixel_x": 7559.0, "pixel_y": 4808.0, "easting": 458381.9, "northing": 341862.5, "epsg_source": 22391}}, {"type": "Feature", "geometry": {"type": "Point", "coordinates": [9.2551483, 36.3876886]}, "properties": {"record_id": "oai:u-bordeaux-montaigne.fr:340429", "symbol_class": "well", "pixel_x": 3770.0, "pixel_y": 4813.0, "easting": 442114.0, "northing": 343027.1, "epsg_source": 22391}}, {"type": "Feature", "geometry": {"type": "Point", "coordinates": [9.4369081, 36.3778151]}, "properties": {"record_id": "oai:u-bordeaux-montaigne.fr:340429", "symbol_class": "well", "pixel_x": 7566.0, "pixel_y": 4813.0, "easting": 458410.4, "northing": 341839.3, "epsg_source": 22391}}, {"type": "Feature", "geometry": {"type": "Point", "coordinates": [9.2548579, 36.3876661]}, "properties": {"record_id": "oai:u-bordeaux-montaigne.fr:340429", "symbol_class": "well", "pixel_x": 3764.0, "pixel_y": 4814.0, "easting": 442087.9, "northing": 343024.8, "epsg_source": 22391}}, {"type": "Feature", "geometry": {"type": "Point", "coordinates": [9.4379562, 36.3771089]}, "properties": {"record_id": "oai:u-bordeaux-montaigne.fr:340429", "symbol_class": "well", "pixel_x": 7589.0, "pixel_y": 4830.0, "easting": 458504.1, "northing": 341760.5, "epsg_source": 22391}}, {"type": "Feature", "geometry": {"type": "Point", "coordinates": [9.2549887, 36.3868962]}, "properties": {"record_id": "oai:u-bordeaux-montaigne.fr:340429", "symbol_class": "well", "pixel_x": 3768.0, "pixel_y": 4834.0, "easting": 442099.1, "northing": 342939.3, "epsg_source": 22391}}, {"type": "Feature", "geometry": {"type": "Point", "coordinates": [9.4374337, 36.3766036]}, "properties": {"record_id": "oai:u-bordeaux-montaigne.fr:340429", "symbol_class": "well", "pixel_x": 7579.0, "pixel_y": 4844.0, "easting": 458456.9, "northing": 341704.6, "epsg_source": 22391}}, {"type": "Feature", "geometry": {"type": "Point", "coordinates": [9.4370288, 36.3763589]}, "properties": {"record_id": "oai:u-bordeaux-montaigne.fr:340429", "symbol_class": "well", "pixel_x": 7571.0, "pixel_y": 4851.0, "easting": 458420.5, "northing": 341677.7, "epsg_source": 22391}}, {"type": "Feature", "geometry": {"type": "Point", "coordinates": [9.123272, 36.3930776]}, "properties": {"record_id": "oai:u-bordeaux-montaigne.fr:340429", "symbol_class": "well", "pixel_x": 1019.0, "pixel_y": 4855.0, "easting": 430291.2, "northing": 343711.1, "epsg_source": 22391}}, {"type": "Feature", "geometry": {"type": "Point", "coordinates": [9.123269, 36.3930396]}, "properties": {"record_id": "oai:u-bordeaux-montaigne.fr:340429", "symbol_class": "well", "pixel_x": 1019.0, "pixel_y": 4856.0, "easting": 430290.9, "northing": 343706.9, "epsg_source": 22391}}, {"type": "Feature", "geometry": {"type": "Point", "coordinates": [9.3868385, 36.3789223]}, "properties": {"record_id": "oai:u-bordeaux-montaigne.fr:340429", "symbol_class": "well", "pixel_x": 6523.0, "pixel_y": 4856.0, "easting": 453919.9, "northing": 341984.6, "epsg_source": 22391}}, {"type": "Feature", "geometry": {"type": "Point", "coordinates": [9.4332165, 36.3756152]}, "properties": {"record_id": "oai:u-bordeaux-montaigne.fr:340429", "symbol_class": "well", "pixel_x": 7493.0, "pixel_y": 4876.0, "easting": 458078.1, "northing": 341596.8, "epsg_source": 22391}}, {"type": "Feature", "geometry": {"type": "Point", "coordinates": [9.4710271, 36.3734131]}, "properties": {"record_id": "oai:u-bordeaux-montaigne.fr:340429", "symbol_class": "well", "pixel_x": 8283.0, "pixel_y": 4879.0, "easting": 461468.8, "northing": 341337.0, "epsg_source": 22391}}, {"type": "Feature", "geometry": {"type": "Point", "coordinates": [9.4330542, 36.3753952]}, "properties": {"record_id": "oai:u-bordeaux-montaigne.fr:340429", "symbol_class": "well", "pixel_x": 7490.0, "pixel_y": 4882.0, "easting": 458063.5, "northing": 341572.5, "epsg_source": 22391}}, {"type": "Feature", "geometry": {"type": "Point", "coordinates": [9.4335267, 36.3752929]}, "properties": {"record_id": "oai:u-bordeaux-montaigne.fr:340429", "symbol_class": "well", "pixel_x": 7500.0, "pixel_y": 4884.0, "easting": 458105.8, "northing": 341560.9, "epsg_source": 22391}}, {"type": "Feature", "geometry": {"type": "Point", "coordinates": [9.4321737, 36.3752148]}, "properties": {"record_id": "oai:u-bordeaux-montaigne.fr:340429", "symbol_class": "well", "pixel_x": 7472.0, "pixel_y": 4888.0, "easting": 457984.4, "northing": 341552.8, "epsg_source": 22391}}, {"type": "Feature", "geometry": {"type": "Point", "coordinates": [9.4318771, 36.3751167]}, "properties": {"record_id": "oai:u-bordeaux-montaigne.fr:340429", "symbol_class": "well", "pixel_x": 7466.0, "pixel_y": 4891.0, "easting": 457957.7, "northing": 341542.1, "epsg_source": 22391}}, {"type": "Feature", "geometry": {"type": "Point", "coordinates": [9.4321581, 36.375025]}, "properties": {"record_id": "oai:u-bordeaux-montaigne.fr:340429", "symbol_class": "well", "pixel_x": 7472.0, "pixel_y": 4893.0, "easting": 457982.9, "northing": 341531.8, "epsg_source": 22391}}, {"type": "Feature", "geometry": {"type": "Point", "coordinates": [9.4356019, 36.3747972]}, "properties": {"record_id": "oai:u-bordeaux-montaigne.fr:340429", "symbol_class": "well", "pixel_x": 7544.0, "pixel_y": 4894.0, "easting": 458291.7, "northing": 341505.1, "epsg_source": 22391}}, {"type": "Feature", "geometry": {"type": "Point", "coordinates": [9.4198897, 36.3755471]}, "properties": {"record_id": "oai:u-bordeaux-montaigne.fr:340429", "symbol_class": "well", "pixel_x": 7216.0, "pixel_y": 4897.0, "easting": 456882.7, "northing": 341595.1, "epsg_source": 22391}}, {"type": "Feature", "geometry": {"type": "Point", "coordinates": [9.4319031, 36.3748483]}, "properties": {"record_id": "oai:u-bordeaux-montaigne.fr:340429", "symbol_class": "well", "pixel_x": 7467.0, "pixel_y": 4898.0, "easting": 457959.9, "northing": 341512.3, "epsg_source": 22391}}, {"type": "Feature", "geometry": {"type": "Point", "coordinates": [9.4348682, 36.3746469]}, "properties": {"record_id": "oai:u-bordeaux-montaigne.fr:340429", "symbol_class": "well", "pixel_x": 7529.0, "pixel_y": 4899.0, "easting": 458225.8, "northing": 341488.7, "epsg_source": 22391}}, {"type": "Feature", "geometry": {"type": "Point", "coordinates": [9.4351044, 36.3745957]}, "properties": {"record_id": "oai:u-bordeaux-montaigne.fr:340429", "symbol_class": "well", "pixel_x": 7534.0, "pixel_y": 4900.0, "easting": 458246.9, "northing": 341482.9, "epsg_source": 22391}}, {"type": "Feature", "geometry": {"type": "Point", "coordinates": [9.41959, 36.375411]}, "properties": {"record_id": "oai:u-bordeaux-montaigne.fr:340429", "symbol_class": "well", "pixel_x": 7210.0, "pixel_y": 4901.0, "easting": 456855.7, "northing": 341580.1, "epsg_source": 22391}}, {"type": "Feature", "geometry": {"type": "Point", "coordinates": [9.4319291, 36.3745798]}, "properties": {"record_id": "oai:u-bordeaux-montaigne.fr:340429", "symbol_class": "well", "pixel_x": 7468.0, "pixel_y": 4905.0, "easting": 457962.1, "northing": 341482.5, "epsg_source": 22391}}, {"type": "Feature", "geometry": {"type": "Point", "coordinates": [9.3892858, 36.3764999]}, "properties": {"record_id": "oai:u-bordeaux-montaigne.fr:340429", "symbol_class": "well", "pixel_x": 6578.0, "pixel_y": 4916.0, "easting": 454138.0, "northing": 341714.7, "epsg_source": 22391}}, {"type": "Feature", "geometry": {"type": "Point", "coordinates": [9.4322944, 36.3737586]}, "properties": {"record_id": "oai:u-bordeaux-montaigne.fr:340429", "symbol_class": "well", "pixel_x": 7477.0, "pixel_y": 4926.0, "easting": 457994.4, "northing": 341391.3, "epsg_source": 22391}}, {"type": "Feature", "geometry": {"type": "Point", "coordinates": [9.1213817, 36.3904308]}, "properties": {"record_id": "oai:u-bordeaux-montaigne.fr:340429", "symbol_class": "well", "pixel_x": 984.0, "pixel_y": 4927.0, "easting": 430119.3, "northing": 343418.9, "epsg_source": 22391}}, {"type": "Feature", "geometry": {"type": "Point", "coordinates": [9.431874, 36.373324]}, "properties": {"record_id": "oai:u-bordeaux-montaigne.fr:340429", "symbol_class": "well", "pixel_x": 7469.0, "pixel_y": 4938.0, "easting": 457956.5, "northing": 341343.2, "epsg_source": 22391}}, {"type": "Feature", "geometry": {"type": "Point", "coordinates": [9.2524581, 36.3829125]}, "properties": {"record_id": "oai:u-bordeaux-montaigne.fr:340429", "symbol_class": "well", "pixel_x": 3722.0, "pixel_y": 4942.0, "easting": 441869.2, "northing": 342498.9, "epsg_source": 22391}}, {"type": "Feature", "geometry": {"type": "Point", "coordinates": [9.2520265, 36.3823254]}, "properties": {"record_id": "oai:u-bordeaux-montaigne.fr:340429", "symbol_class": "well", "pixel_x": 3714.0, "pixel_y": 4958.0, "easting": 441830.1, "northing": 342434.1, "epsg_source": 22391}}, {"type": "Feature", "geometry": {"type": "Point", "coordinates": [9.2523617, 36.3823074]}, "properties": {"record_id": "oai:u-bordeaux-montaigne.fr:340429", "symbol_class": "well", "pixel_x": 3721.0, "pixel_y": 4958.0, "easting": 441860.1, "northing": 342431.9, "epsg_source": 22391}}, {"type": "Feature", "geometry": {"type": "Point", "coordinates": [9.1906711, 36.3842215]}, "properties": {"record_id": "oai:u-bordeaux-montaigne.fr:340429", "symbol_class": "well", "pixel_x": 2435.0, "pixel_y": 4994.0, "easting": 436328.4, "northing": 342682.7, "epsg_source": 22391}}, {"type": "Feature", "geometry": {"type": "Point", "coordinates": [9.250968, 36.3805131]}, "properties": {"record_id": "oai:u-bordeaux-montaigne.fr:340429", "symbol_class": "well", "pixel_x": 3695.0, "pixel_y": 5007.0, "easting": 441733.8, "northing": 342233.7, "epsg_source": 22391}}, {"type": "Feature", "geometry": {"type": "Point", "coordinates": [9.1473794, 36.385899]}, "properties": {"record_id": "oai:u-bordeaux-montaigne.fr:340429", "symbol_class": "well", "pixel_x": 1532.0, "pixel_y": 5010.0, "easting": 432447.0, "northing": 342897.9, "epsg_source": 22391}}, {"type": "Feature", "geometry": {"type": "Point", "coordinates": [9.4268799, 36.3698987]}, "properties": {"record_id": "oai:u-bordeaux-montaigne.fr:340429", "symbol_class": "well", "pixel_x": 7371.0, "pixel_y": 5035.0, "easting": 457506.7, "northing": 340965.4, "epsg_source": 22391}}, {"type": "Feature", "geometry": {"type": "Point", "coordinates": [9.4268071, 36.3695975]}, "properties": {"record_id": "oai:u-bordeaux-montaigne.fr:340429", "symbol_class": "well", "pixel_x": 7370.0, "pixel_y": 5043.0, "easting": 457500.0, "northing": 340932.1, "epsg_source": 22391}}, {"type": "Feature", "geometry": {"type": "Point", "coordinates": [9.2506042, 36.3789688]}, "properties": {"record_id": "oai:u-bordeaux-montaigne.fr:340429", "symbol_class": "well", "pixel_x": 3690.0, "pixel_y": 5048.0, "easting": 441700.0, "northing": 342062.6, "epsg_source": 22391}}, {"type": "Feature", "geometry": {"type": "Point", "coordinates": [9.2503901, 36.3774927]}, "properties": {"record_id": "oai:u-bordeaux-montaigne.fr:340429", "symbol_class": "well", "pixel_x": 3688.0, "pixel_y": 5087.0, "easting": 441679.7, "northing": 341899.0, "epsg_source": 22391}}, {"type": "Feature", "geometry": {"type": "Point", "coordinates": [9.1659546, 36.3811817]}, "properties": {"record_id": "oai:u-bordeaux-montaigne.fr:340429", "symbol_class": "well", "pixel_x": 1926.0, "pixel_y": 5108.0, "easting": 434109.0, "northing": 342361.9, "epsg_source": 22391}}, {"type": "Feature", "geometry": {"type": "Point", "coordinates": [9.4230767, 36.3663314]}, "properties": {"record_id": "oai:u-bordeaux-montaigne.fr:340429", "symbol_class": "well", "pixel_x": 7298.0, "pixel_y": 5134.0, "easting": 457163.5, "northing": 340571.4, "epsg_source": 22391}}, {"type": "Feature", "geometry": {"type": "Point", "coordinates": [9.4172242, 36.3665004]}, "properties": {"record_id": "oai:u-bordeaux-montaigne.fr:340429", "symbol_class": "well", "pixel_x": 7176.0, "pixel_y": 5138.0, "easting": 456638.6, "northing": 340592.7, "epsg_source": 22391}}, {"type": "Feature", "geometry": {"type": "Point", "coordinates": [9.4178371, 36.3663523]}, "properties": {"record_id": "oai:u-bordeaux-montaigne.fr:340429", "symbol_class": "well", "pixel_x": 7189.0, "pixel_y": 5141.0, "easting": 456693.5, "northing": 340576.0, "epsg_source": 22391}}, {"type": "Feature", "geometry": {"type": "Point", "coordinates": [9.189541, 36.3784461]}, "properties": {"record_id": "oai:u-bordeaux-montaigne.fr:340429", "symbol_class": "well", "pixel_x": 2421.0, "pixel_y": 5147.0, "easting": 436222.4, "northing": 342042.8, "epsg_source": 22391}}, {"type": "Feature", "geometry": {"type": "Point", "coordinates": [9.4167883, 36.3658759]}, "properties": {"record_id": "oai:u-bordeaux-montaigne.fr:340429", "symbol_class": "well", "pixel_x": 7168.0, "pixel_y": 5155.0, "easting": 456599.1, "northing": 340523.6, "epsg_source": 22391}}, {"type": "Feature", "geometry": {"type": "Point", "coordinates": [9.4337338, 36.364944]}, "properties": {"record_id": "oai:u-bordeaux-montaigne.fr:340429", "symbol_class": "well", "pixel_x": 7522.0, "pixel_y": 5155.0, "easting": 458118.9, "northing": 340412.9, "epsg_source": 22391}}, {"type": "Feature", "geometry": {"type": "Point", "coordinates": [9.4339576, 36.3647409]}, "properties": {"record_id": "oai:u-bordeaux-montaigne.fr:340429", "symbol_class": "well", "pixel_x": 7527.0, "pixel_y": 5160.0, "easting": 458138.8, "northing": 340390.2, "epsg_source": 22391}}, {"type": "Feature", "geometry": {"type": "Point", "coordinates": [9.4335143, 36.3646127]}, "properties": {"record_id": "oai:u-bordeaux-montaigne.fr:340429", "symbol_class": "well", "pixel_x": 7518.0, "pixel_y": 5164.0, "easting": 458099.0, "northing": 340376.2, "epsg_source": 22391}}, {"type": "Feature", "geometry": {"type": "Point", "coordinates": [9.1913035, 36.3776279]}, "properties": {"record_id": "oai:u-bordeaux-montaigne.fr:340429", "symbol_class": "well", "pixel_x": 2459.0, "pixel_y": 5166.0, "easting": 436379.8, "northing": 341950.9, "epsg_source": 22391}}, {"type": "Feature", "geometry": {"type": "Point", "coordinates": [9.4334477, 36.3643875]}, "properties": {"record_id": "oai:u-bordeaux-montaigne.fr:340429", "symbol_class": "well", "pixel_x": 7517.0, "pixel_y": 5170.0, "easting": 458092.9, "northing": 340351.3, "epsg_source": 22391}}, {"type": "Feature", "geometry": {"type": "Point", "coordinates": [9.1910012, 36.3774533]}, "properties": {"record_id": "oai:u-bordeaux-montaigne.fr:340429", "symbol_class": "well", "pixel_x": 2453.0, "pixel_y": 5171.0, "easting": 436352.6, "northing": 341931.7, "epsg_source": 22391}}, {"type": "Feature", "geometry": {"type": "Point", "coordinates": [9.1929165, 36.3773517]}, "properties": {"record_id": "oai:u-bordeaux-montaigne.fr:340429", "symbol_class": "well", "pixel_x": 2493.0, "pixel_y": 5171.0, "easting": 436524.3, "northing": 341919.2, "epsg_source": 22391}}, {"type": "Feature", "geometry": {"type": "Point", "coordinates": [9.1914291, 36.3773924]}, "properties": {"record_id": "oai:u-bordeaux-montaigne.fr:340429", "symbol_class": "well", "pixel_x": 2462.0, "pixel_y": 5172.0, "easting": 436390.9, "northing": 341924.7, "epsg_source": 22391}}, {"type": "Feature", "geometry": {"type": "Point", "coordinates": [9.1918601, 36.3773696]}, "properties": {"record_id": "oai:u-bordeaux-montaigne.fr:340429", "symbol_class": "well", "pixel_x": 2471.0, "pixel_y": 5172.0, "easting": 436429.5, "northing": 341921.9, "epsg_source": 22391}}, {"type": "Feature", "geometry": {"type": "Point", "coordinates": [9.447607, 36.3634926]}, "properties": {"record_id": "oai:u-bordeaux-montaigne.fr:340429", "symbol_class": "well", "pixel_x": 7813.0, "pixel_y": 5173.0, "easting": 459362.8, "northing": 340246.0, "epsg_source": 22391}}, {"type": "Feature", "geometry": {"type": "Point", "coordinates": [9.2006134, 36.3761803]}, "properties": {"record_id": "oai:u-bordeaux-montaigne.fr:340429", "symbol_class": "well", "pixel_x": 2655.0, "pixel_y": 5191.0, "easting": 437213.8, "northing": 341784.3, "epsg_source": 22391}}, {"type": "Feature", "geometry": {"type": "Point", "coordinates": [9.2003111, 36.3760057]}, "properties": {"record_id": "oai:u-bordeaux-montaigne.fr:340429", "symbol_class": "well", "pixel_x": 2649.0, "pixel_y": 5196.0, "easting": 437186.5, "northing": 341765.1, "epsg_source": 22391}}, {"type": "Feature", "geometry": {"type": "Point", "coordinates": [9.2020105, 36.375]}, "properties": {"record_id": "oai:u-bordeaux-montaigne.fr:340429", "symbol_class": "well", "pixel_x": 2686.0, "pixel_y": 5220.0, "easting": 437338.1, "northing": 341652.5, "epsg_source": 22391}}, {"type": "Feature", "geometry": {"type": "Point", "coordinates": [9.446921, 36.361585]}, "properties": {"record_id": "oai:u-bordeaux-montaigne.fr:340429", "symbol_class": "well", "pixel_x": 7802.0, "pixel_y": 5224.0, "easting": 459300.2, "northing": 340034.7, "epsg_source": 22391}}, {"type": "Feature", "geometry": {"type": "Point", "coordinates": [9.2023276, 36.3747544]}, "properties": {"record_id": "oai:u-bordeaux-montaigne.fr:340429", "symbol_class": "well", "pixel_x": 2693.0, "pixel_y": 5226.0, "easting": 437366.4, "northing": 341625.0, "epsg_source": 22391}}, {"type": "Feature", "geometry": {"type": "Point", "coordinates": [9.2111766, 36.3741695]}, "properties": {"record_id": "oai:u-bordeaux-montaigne.fr:340429", "symbol_class": "well", "pixel_x": 2878.0, "pixel_y": 5229.0, "easting": 438159.7, "northing": 341554.5, "epsg_source": 22391}}, {"type": "Feature", "geometry": {"type": "Point", "coordinates": [9.1967881, 36.374629]}, "properties": {"record_id": "oai:u-bordeaux-montaigne.fr:340429", "symbol_class": "well", "pixel_x": 2578.0, "pixel_y": 5237.0, "easting": 436869.4, "northing": 341614.7, "epsg_source": 22391}}, {"type": "Feature", "geometry": {"type": "Point", "coordinates": [9.2003223, 36.3743269]}, "properties": {"record_id": "oai:u-bordeaux-montaigne.fr:340429", "symbol_class": "well", "pixel_x": 2652.0, "pixel_y": 5240.0, "easting": 437186.2, "northing": 341578.9, "epsg_source": 22391}}, {"type": "Feature", "geometry": {"type": "Point", "coordinates": [9.200032, 36.3743042]}, "properties": {"record_id": "oai:u-bordeaux-montaigne.fr:340429", "symbol_class": "well", "pixel_x": 2646.0, "pixel_y": 5241.0, "easting": 437160.1, "northing": 341576.6, "epsg_source": 22391}}, {"type": "Feature", "geometry": {"type": "Point", "coordinates": [9.4268088, 36.3620064]}, "properties": {"record_id": "oai:u-bordeaux-montaigne.fr:340429", "symbol_class": "well", "pixel_x": 7383.0, "pixel_y": 5242.0, "easting": 457496.0, "northing": 340090.0, "epsg_source": 22391}}, {"type": "Feature", "geometry": {"type": "Point", "coordinates": [9.2476605, 36.3716125]}, "properties": {"record_id": "oai:u-bordeaux-montaigne.fr:340429", "symbol_class": "well", "pixel_x": 3641.0, "pixel_y": 5245.0, "easting": 441430.5, "northing": 341248.4, "epsg_source": 22391}}, {"type": "Feature", "geometry": {"type": "Point", "coordinates": [9.4271345, 36.361874]}, "properties": {"record_id": "oai:u-bordeaux-montaigne.fr:340429", "symbol_class": "well", "pixel_x": 7390.0, "pixel_y": 5245.0, "easting": 457525.2, "northing": 340075.2, "epsg_source": 22391}}, {"type": "Feature", "geometry": {"type": "Point", "coordinates": [9.2002564, 36.3741016]}, "properties": {"record_id": "oai:u-bordeaux-montaigne.fr:340429", "symbol_class": "well", "pixel_x": 2651.0, "pixel_y": 5246.0, "easting": 437180.1, "northing": 341554.0, "epsg_source": 22391}}, {"type": "Feature", "geometry": {"type": "Point", "coordinates": [9.4264134, 36.3618756]}, "properties": {"record_id": "oai:u-bordeaux-montaigne.fr:340429", "symbol_class": "well", "pixel_x": 7375.0, "pixel_y": 5246.0, "easting": 457460.5, "northing": 340075.7, "epsg_source": 22391}}, {"type": "Feature", "geometry": {"type": "Point", "coordinates": [9.4273708, 36.3618229]}, "properties": {"record_id": "oai:u-bordeaux-montaigne.fr:340429", "symbol_class": "well", "pixel_x": 7395.0, "pixel_y": 5246.0, "easting": 457546.3, "northing": 340069.4, "epsg_source": 22391}}, {"type": "Feature", "geometry": {"type": "Point", "coordinates": [9.1999661, 36.3740789]}, "properties": {"record_id": "oai:u-bordeaux-montaigne.fr:340429", "symbol_class": "well", "pixel_x": 2645.0, "pixel_y": 5247.0, "easting": 437154.0, "northing": 341551.6, "epsg_source": 22391}}, {"type": "Feature", "geometry": {"type": "Point", "coordinates": [9.4264103, 36.3618376]}, "properties": {"record_id": "oai:u-bordeaux-montaigne.fr:340429", "symbol_class": "well", "pixel_x": 7375.0, "pixel_y": 5247.0, "easting": 457460.2, "northing": 340071.5, "epsg_source": 22391}}, {"type": "Feature", "geometry": {"type": "Point", "coordinates": [9.4268317, 36.3617]}, "properties": {"record_id": "oai:u-bordeaux-montaigne.fr:340429", "symbol_class": "well", "pixel_x": 7384.0, "pixel_y": 5250.0, "easting": 457497.9, "northing": 340056.0, "epsg_source": 22391}}, {"type": "Feature", "geometry": {"type": "Point", "coordinates": [9.2479296, 36.3713693]}, "properties": {"record_id": "oai:u-bordeaux-montaigne.fr:340429", "symbol_class": "well", "pixel_x": 3647.0, "pixel_y": 5251.0, "easting": 441454.5, "northing": 341221.2, "epsg_source": 22391}}, {"type": "Feature", "geometry": {"type": "Point", "coordinates": [9.4275435, 36.3615845]}, "properties": {"record_id": "oai:u-bordeaux-montaigne.fr:340429", "symbol_class": "well", "pixel_x": 7399.0, "pixel_y": 5252.0, "easting": 457561.7, "northing": 340042.9, "epsg_source": 22391}}, {"type": "Feature", "geometry": {"type": "Point", "coordinates": [9.2139771, 36.3731051]}, "properties": {"record_id": "oai:u-bordeaux-montaigne.fr:340429", "symbol_class": "well", "pixel_x": 2938.0, "pixel_y": 5253.0, "easting": 438410.1, "northing": 341434.7, "epsg_source": 22391}}, {"type": "Feature", "geometry": {"type": "Point", "coordinates": [9.214025, 36.3731025]}, "properties": {"record_id": "oai:u-bordeaux-montaigne.fr:340429", "symbol_class": "well", "pixel_x": 2939.0, "pixel_y": 5253.0, "easting": 438414.4, "northing": 341434.4, "epsg_source": 22391}}, {"type": "Feature", "geometry": {"type": "Point", "coordinates": [9.418364, 36.3598767]}, "properties": {"record_id": "oai:u-bordeaux-montaigne.fr:340429", "symbol_class": "well", "pixel_x": 7211.0, "pixel_y": 5310.0, "easting": 456737.2, "northing": 339857.5, "epsg_source": 22391}}, {"type": "Feature", "geometry": {"type": "Point", "coordinates": [9.4180643, 36.3597406]}, "properties": {"record_id": "oai:u-bordeaux-montaigne.fr:340429", "symbol_class": "well", "pixel_x": 7205.0, "pixel_y": 5314.0, "easting": 456710.2, "northing": 339842.5, "epsg_source": 22391}}, {"type": "Feature", "geometry": {"type": "Point", "coordinates": [9.4333791, 36.3582879]}, "properties": {"record_id": "oai:u-bordeaux-montaigne.fr:340429", "symbol_class": "well", "pixel_x": 7526.0, "pixel_y": 5330.0, "easting": 458083.5, "northing": 339674.7, "epsg_source": 22391}}, {"type": "Feature", "geometry": {"type": "Point", "coordinates": [9.4218833, 36.3582338]}, "properties": {"record_id": "oai:u-bordeaux-montaigne.fr:340429", "symbol_class": "well", "pixel_x": 7287.0, "pixel_y": 5348.0, "easting": 457052.1, "northing": 339673.7, "epsg_source": 22391}}, {"type": "Feature", "geometry": {"type": "Point", "coordinates": [9.4218584, 36.35793]}, "properties": {"record_id": "oai:u-bordeaux-montaigne.fr:340429", "symbol_class": "well", "pixel_x": 7287.0, "pixel_y": 5356.0, "easting": 457049.7, "northing": 339640.0, "epsg_source": 22391}}, {"type": "Feature", "geometry": {"type": "Point", "coordinates": [9.42213, 36.3577243]}, "properties": {"record_id": "oai:u-bordeaux-montaigne.fr:340429", "symbol_class": "well", "pixel_x": 7293.0, "pixel_y": 5361.0, "easting": 457073.9, "northing": 339617.1, "epsg_source": 22391}}, {"type": "Feature", "geometry": {"type": "Point", "coordinates": [9.1218281, 36.3733979]}, "properties": {"record_id": "oai:u-bordeaux-montaigne.fr:340429", "symbol_class": "well", "pixel_x": 1021.0, "pixel_y": 5373.0, "easting": 430144.3, "northing": 341529.2, "epsg_source": 22391}}, {"type": "Feature", "geometry": {"type": "Point", "coordinates": [9.411154, 36.3563818]}, "properties": {"record_id": "oai:u-bordeaux-montaigne.fr:340429", "symbol_class": "well", "pixel_x": 7067.0, "pixel_y": 5412.0, "easting": 456088.4, "northing": 339473.0, "epsg_source": 22391}}, {"type": "Feature", "geometry": {"type": "Point", "coordinates": [9.4119136, 36.3562638]}, "properties": {"record_id": "oai:u-bordeaux-montaigne.fr:340429", "symbol_class": "well", "pixel_x": 7083.0, "pixel_y": 5414.0, "easting": 456156.5, "northing": 339459.6, "epsg_source": 22391}}, {"type": "Feature", "geometry": {"type": "Point", "coordinates": [9.4098878, 36.3561843]}, "properties": {"record_id": "oai:u-bordeaux-montaigne.fr:340429", "symbol_class": "well", "pixel_x": 7041.0, "pixel_y": 5419.0, "easting": 455974.7, "northing": 339451.7, "epsg_source": 22391}}, {"type": "Feature", "geometry": {"type": "Point", "coordinates": [9.414004, 36.3559583]}, "properties": {"record_id": "oai:u-bordeaux-montaigne.fr:340429", "symbol_class": "well", "pixel_x": 7127.0, "pixel_y": 5419.0, "easting": 456343.9, "northing": 339424.8, "epsg_source": 22391}}, {"type": "Feature", "geometry": {"type": "Point", "coordinates": [9.4111291, 36.356078]}, "properties": {"record_id": "oai:u-bordeaux-montaigne.fr:340429", "symbol_class": "well", "pixel_x": 7067.0, "pixel_y": 5420.0, "easting": 456086.0, "northing": 339439.3, "epsg_source": 22391}}, {"type": "Feature", "geometry": {"type": "Point", "coordinates": [9.4118408, 36.3559626]}, "properties": {"record_id": "oai:u-bordeaux-montaigne.fr:340429", "symbol_class": "well", "pixel_x": 7082.0, "pixel_y": 5422.0, "easting": 456149.8, "northing": 339426.2, "epsg_source": 22391}}, {"type": "Feature", "geometry": {"type": "Point", "coordinates": [9.4125588, 36.3559232]}, "properties": {"record_id": "oai:u-bordeaux-montaigne.fr:340429", "symbol_class": "well", "pixel_x": 7097.0, "pixel_y": 5422.0, "easting": 456214.2, "northing": 339421.5, "epsg_source": 22391}}, {"type": "Feature", "geometry": {"type": "Point", "coordinates": [9.4138418, 36.3557384]}, "properties": {"record_id": "oai:u-bordeaux-montaigne.fr:340429", "symbol_class": "well", "pixel_x": 7124.0, "pixel_y": 5425.0, "easting": 456329.2, "northing": 339400.5, "epsg_source": 22391}}, {"type": "Feature", "geometry": {"type": "Point", "coordinates": [9.4074386, 36.355632]}, "properties": {"record_id": "oai:u-bordeaux-montaigne.fr:340429", "symbol_class": "well", "pixel_x": 6991.0, "pixel_y": 5437.0, "easting": 455754.6, "northing": 339391.5, "epsg_source": 22391}}, {"type": "Feature", "geometry": {"type": "Point", "coordinates": [9.4077165, 36.3555023]}, "properties": {"record_id": "oai:u-bordeaux-montaigne.fr:340429", "symbol_class": "well", "pixel_x": 6997.0, "pixel_y": 5440.0, "easting": 455779.5, "northing": 339377.0, "epsg_source": 22391}}, {"type": "Feature", "geometry": {"type": "Point", "coordinates": [9.4177836, 36.3533857]}, "properties": {"record_id": "oai:u-bordeaux-montaigne.fr:340429", "symbol_class": "well", "pixel_x": 7210.0, "pixel_y": 5481.0, "easting": 456681.6, "northing": 339137.7, "epsg_source": 22391}}, {"type": "Feature", "geometry": {"type": "Point", "coordinates": [9.4233982, 36.3520853]}, "properties": {"record_id": "oai:u-bordeaux-montaigne.fr:340429", "symbol_class": "well", "pixel_x": 7329.0, "pixel_y": 5507.0, "easting": 457184.6, "northing": 338991.0, "epsg_source": 22391}}, {"type": "Feature", "geometry": {"type": "Point", "coordinates": [9.1485748, 36.3662329]}, "properties": {"record_id": "oai:u-bordeaux-montaigne.fr:340429", "symbol_class": "well", "pixel_x": 1589.0, "pixel_y": 5524.0, "easting": 432537.4, "northing": 340715.6, "epsg_source": 22391}}, {"type": "Feature", "geometry": {"type": "Point", "coordinates": [9.1212873, 36.3664852]}, "properties": {"record_id": "oai:u-bordeaux-montaigne.fr:340429", "symbol_class": "well", "pixel_x": 1021.0, "pixel_y": 5555.0, "easting": 430089.6, "northing": 340762.8, "epsg_source": 22391}}, {"type": "Feature", "geometry": {"type": "Point", "coordinates": [9.1217123, 36.3663866]}, "properties": {"record_id": "oai:u-bordeaux-montaigne.fr:340429", "symbol_class": "well", "pixel_x": 1030.0, "pixel_y": 5557.0, "easting": 430127.7, "northing": 340751.6, "epsg_source": 22391}}, {"type": "Feature", "geometry": {"type": "Point", "coordinates": [9.4144136, 36.3492222]}, "properties": {"record_id": "oai:u-bordeaux-montaigne.fr:340429", "symbol_class": "well", "pixel_x": 7147.0, "pixel_y": 5595.0, "easting": 456376.9, "northing": 338677.4, "epsg_source": 22391}}, {"type": "Feature", "geometry": {"type": "Point", "coordinates": [9.4141171, 36.349124]}, "properties": {"record_id": "oai:u-bordeaux-montaigne.fr:340429", "symbol_class": "well", "pixel_x": 7141.0, "pixel_y": 5598.0, "easting": 456350.2, "northing": 338666.6, "epsg_source": 22391}}, {"type": "Feature", "geometry": {"type": "Point", "coordinates": [9.4156914, 36.3483891]}, "properties": {"record_id": "oai:u-bordeaux-montaigne.fr:340429", "symbol_class": "well", "pixel_x": 7175.0, "pixel_y": 5615.0, "easting": 456491.1, "northing": 338584.4, "epsg_source": 22391}}, {"type": "Feature", "geometry": {"type": "Point", "coordinates": [9.4084523, 36.3486339]}, "properties": {"record_id": "oai:u-bordeaux-montaigne.fr:340429", "symbol_class": "well", "pixel_x": 7024.0, "pixel_y": 5619.0, "easting": 455841.6, "northing": 338614.8, "epsg_source": 22391}}, {"type": "Feature", "geometry": {"type": "Point", "coordinates": [9.4085741, 36.3483602]}, "properties": {"record_id": "oai:u-bordeaux-montaigne.fr:340429", "symbol_class": "well", "pixel_x": 7027.0, "pixel_y": 5626.0, "easting": 455852.4, "northing": 338584.4, "epsg_source": 22391}}, {"type": "Feature", "geometry": {"type": "Point", "coordinates": [9.4082776, 36.348262]}, "properties": {"record_id": "oai:u-bordeaux-montaigne.fr:340429", "symbol_class": "well", "pixel_x": 7021.0, "pixel_y": 5629.0, "easting": 455825.8, "northing": 338573.6, "epsg_source": 22391}}, {"type": "Feature", "geometry": {"type": "Point", "coordinates": [9.4074994, 36.3481521]}, "properties": {"record_id": "oai:u-bordeaux-montaigne.fr:340429", "symbol_class": "well", "pixel_x": 7005.0, "pixel_y": 5633.0, "easting": 455755.9, "northing": 338561.8, "epsg_source": 22391}}, {"type": "Feature", "geometry": {"type": "Point", "coordinates": [9.4080228, 36.3480853]}, "properties": {"record_id": "oai:u-bordeaux-montaigne.fr:340429", "symbol_class": "well", "pixel_x": 7016.0, "pixel_y": 5634.0, "easting": 455802.8, "northing": 338554.2, "epsg_source": 22391}}, {"type": "Feature", "geometry": {"type": "Point", "coordinates": [9.4069587, 36.3474189]}, "properties": {"record_id": "oai:u-bordeaux-montaigne.fr:340429", "symbol_class": "well", "pixel_x": 6995.0, "pixel_y": 5653.0, "easting": 455706.9, "northing": 338480.7, "epsg_source": 22391}}, {"type": "Feature", "geometry": {"type": "Point", "coordinates": [9.2264438, 36.3569557]}, "properties": {"record_id": "oai:u-bordeaux-montaigne.fr:340429", "symbol_class": "well", "pixel_x": 3224.0, "pixel_y": 5659.0, "easting": 439516.0, "northing": 339635.5, "epsg_source": 22391}}, {"type": "Feature", "geometry": {"type": "Point", "coordinates": [9.4071793, 36.3471779]}, "properties": {"record_id": "oai:u-bordeaux-montaigne.fr:340429", "symbol_class": "well", "pixel_x": 7000.0, "pixel_y": 5659.0, "easting": 455726.6, "northing": 338453.9, "epsg_source": 22391}}, {"type": "Feature", "geometry": {"type": "Point", "coordinates": [9.4066976, 36.3471662]}, "properties": {"record_id": "oai:u-bordeaux-montaigne.fr:340429", "symbol_class": "well", "pixel_x": 6990.0, "pixel_y": 5660.0, "easting": 455683.4, "northing": 338452.8, "epsg_source": 22391}}, {"type": "Feature", "geometry": {"type": "Point", "coordinates": [9.406963, 36.3468846]}, "properties": {"record_id": "oai:u-bordeaux-montaigne.fr:340429", "symbol_class": "well", "pixel_x": 6996.0, "pixel_y": 5667.0, "easting": 455707.0, "northing": 338421.4, "epsg_source": 22391}}, {"type": "Feature", "geometry": {"type": "Point", "coordinates": [9.4189722, 36.3461871]}, "properties": {"record_id": "oai:u-bordeaux-montaigne.fr:340429", "symbol_class": "well", "pixel_x": 7247.0, "pixel_y": 5668.0, "easting": 456784.3, "northing": 338338.7, "epsg_source": 22391}}, {"type": "Feature", "geometry": {"type": "Point", "coordinates": [9.4064689, 36.346721]}, "properties": {"record_id": "oai:u-bordeaux-montaigne.fr:340429", "symbol_class": "well", "pixel_x": 6986.0, "pixel_y": 5672.0, "easting": 455662.6, "northing": 338403.5, "epsg_source": 22391}}, {"type": "Feature", "geometry": {"type": "Point", "coordinates": [9.4066771, 36.3463281]}, "properties": {"record_id": "oai:u-bordeaux-montaigne.fr:340429", "symbol_class": "well", "pixel_x": 6991.0, "pixel_y": 5682.0, "easting": 455681.1, "northing": 338359.8, "epsg_source": 22391}}, {"type": "Feature", "geometry": {"type": "Point", "coordinates": [9.4062433, 36.3463138]}, "properties": {"record_id": "oai:u-bordeaux-montaigne.fr:340429", "symbol_class": "well", "pixel_x": 6982.0, "pixel_y": 5683.0, "easting": 455642.1, "northing": 338358.5, "epsg_source": 22391}}, {"type": "Feature", "geometry": {"type": "Point", "coordinates": [9.4065118, 36.3460702]}, "properties": {"record_id": "oai:u-bordeaux-montaigne.fr:340429", "symbol_class": "well", "pixel_x": 6988.0, "pixel_y": 5689.0, "easting": 455666.1, "northing": 338331.3, "epsg_source": 22391}}, {"type": "Feature", "geometry": {"type": "Point", "coordinates": [9.409891, 36.3456559]}, "properties": {"record_id": "oai:u-bordeaux-montaigne.fr:340429", "symbol_class": "well", "pixel_x": 7059.0, "pixel_y": 5695.0, "easting": 455969.1, "northing": 338283.8, "epsg_source": 22391}}, {"type": "Feature", "geometry": {"type": "Point", "coordinates": [9.4057119, 36.3456944]}, "properties": {"record_id": "oai:u-bordeaux-montaigne.fr:340429", "symbol_class": "well", "pixel_x": 6972.0, "pixel_y": 5700.0, "easting": 455594.1, "northing": 338290.0, "epsg_source": 22391}}, {"type": "Feature", "geometry": {"type": "Point", "coordinates": [9.4061905, 36.3456682]}, "properties": {"record_id": "oai:u-bordeaux-montaigne.fr:340429", "symbol_class": "well", "pixel_x": 6982.0, "pixel_y": 5700.0, "easting": 455637.0, "northing": 338286.9, "epsg_source": 22391}}, {"type": "Feature", "geometry": {"type": "Point", "coordinates": [9.4195426, 36.3449351]}, "properties": {"record_id": "oai:u-bordeaux-montaigne.fr:340429", "symbol_class": "well", "pixel_x": 7261.0, "pixel_y": 5700.0, "easting": 456834.8, "northing": 338199.6, "epsg_source": 22391}}, {"type": "Feature", "geometry": {"type": "Point", "coordinates": [9.4196196, 36.344702]}, "properties": {"record_id": "oai:u-bordeaux-montaigne.fr:340429", "symbol_class": "well", "pixel_x": 7263.0, "pixel_y": 5706.0, "easting": 456841.6, "northing": 338173.7, "epsg_source": 22391}}, {"type": "Feature", "geometry": {"type": "Point", "coordinates": [9.4060699, 36.3453696]}, "properties": {"record_id": "oai:u-bordeaux-montaigne.fr:340429", "symbol_class": "well", "pixel_x": 6980.0, "pixel_y": 5708.0, "easting": 455626.0, "northing": 338253.8, "epsg_source": 22391}}, {"type": "Feature", "geometry": {"type": "Point", "coordinates": [9.4055851, 36.3453199]}, "properties": {"record_id": "oai:u-bordeaux-montaigne.fr:340429", "symbol_class": "well", "pixel_x": 6970.0, "pixel_y": 5710.0, "easting": 455582.5, "northing": 338248.5, "epsg_source": 22391}}, {"type": "Feature", "geometry": {"type": "Point", "coordinates": [9.4057902, 36.3448891]}, "properties": {"record_id": "oai:u-bordeaux-montaigne.fr:340429", "symbol_class": "well", "pixel_x": 6975.0, "pixel_y": 5721.0, "easting": 455600.7, "northing": 338200.6, "epsg_source": 22391}}, {"type": "Feature", "geometry": {"type": "Point", "coordinates": [9.4050382, 36.3445107]}, "properties": {"record_id": "oai:u-bordeaux-montaigne.fr:340429", "symbol_class": "well", "pixel_x": 6960.0, "pixel_y": 5732.0, "easting": 455533.0, "northing": 338159.0, "epsg_source": 22391}}, {"type": "Feature", "geometry": {"type": "Point", "coordinates": [9.4048126, 36.3441035]}, "properties": {"record_id": "oai:u-bordeaux-montaigne.fr:340429", "symbol_class": "well", "pixel_x": 6956.0, "pixel_y": 5743.0, "easting": 455512.5, "northing": 338113.9, "epsg_source": 22391}}, {"type": "Feature", "geometry": {"type": "Point", "coordinates": [9.4196958, 36.3432864]}, "properties": {"record_id": "oai:u-bordeaux-montaigne.fr:340429", "symbol_class": "well", "pixel_x": 7267.0, "pixel_y": 5743.0, "easting": 456847.6, "northing": 338016.6, "epsg_source": 22391}}, {"type": "Feature", "geometry": {"type": "Point", "coordinates": [9.4047691, 36.3435719]}, "properties": {"record_id": "oai:u-bordeaux-montaigne.fr:340429", "symbol_class": "well", "pixel_x": 6956.0, "pixel_y": 5757.0, "easting": 455508.3, "northing": 338055.0, "epsg_source": 22391}}, {"type": "Feature", "geometry": {"type": "Point", "coordinates": [9.4045143, 36.3433951]}, "properties": {"record_id": "oai:u-bordeaux-montaigne.fr:340429", "symbol_class": "well", "pixel_x": 6951.0, "pixel_y": 5762.0, "easting": 455485.3, "northing": 338035.5, "epsg_source": 22391}}, {"type": "Feature", "geometry": {"type": "Point", "coordinates": [9.4040326, 36.3433834]}, "properties": {"record_id": "oai:u-bordeaux-montaigne.fr:340429", "symbol_class": "well", "pixel_x": 6941.0, "pixel_y": 5763.0, "easting": 455442.1, "northing": 338034.4, "epsg_source": 22391}}, {"type": "Feature", "geometry": {"type": "Point", "coordinates": [9.4043042, 36.3431777]}, "properties": {"record_id": "oai:u-bordeaux-montaigne.fr:340429", "symbol_class": "well", "pixel_x": 6947.0, "pixel_y": 5768.0, "easting": 455466.3, "northing": 338011.5, "epsg_source": 22391}}, {"type": "Feature", "geometry": {"type": "Point", "coordinates": [9.4037268, 36.3431713]}, "properties": {"record_id": "oai:u-bordeaux-montaigne.fr:340429", "symbol_class": "well", "pixel_x": 6935.0, "pixel_y": 5769.0, "easting": 455414.5, "northing": 338011.0, "epsg_source": 22391}}, {"type": "Feature", "geometry": {"type": "Point", "coordinates": [9.4039506, 36.3429683]}, "properties": {"record_id": "oai:u-bordeaux-montaigne.fr:340429", "symbol_class": "well", "pixel_x": 6940.0, "pixel_y": 5774.0, "easting": 455434.5, "northing": 337988.4, "epsg_source": 22391}}, {"type": "Feature", "geometry": {"type": "Point", "coordinates": [9.3873489, 36.3433434]}, "properties": {"record_id": "oai:u-bordeaux-montaigne.fr:340429", "symbol_class": "well", "pixel_x": 6594.0, "pixel_y": 5788.0, "easting": 453944.9, "northing": 338037.7, "epsg_source": 22391}}, {"type": "Feature", "geometry": {"type": "Point", "coordinates": [9.3873967, 36.3433408]}, "properties": {"record_id": "oai:u-bordeaux-montaigne.fr:340429", "symbol_class": "well", "pixel_x": 6595.0, "pixel_y": 5788.0, "easting": 453949.2, "northing": 338037.4, "epsg_source": 22391}}, {"type": "Feature", "geometry": {"type": "Point", "coordinates": [9.3861463, 36.3433329]}, "properties": {"record_id": "oai:u-bordeaux-montaigne.fr:340429", "symbol_class": "well", "pixel_x": 6569.0, "pixel_y": 5790.0, "easting": 453837.0, "northing": 338037.1, "epsg_source": 22391}}, {"type": "Feature", "geometry": {"type": "Point", "coordinates": [9.3877579, 36.343054]}, "properties": {"record_id": "oai:u-bordeaux-montaigne.fr:340429", "symbol_class": "well", "pixel_x": 6603.0, "pixel_y": 5795.0, "easting": 453981.4, "northing": 338005.4, "epsg_source": 22391}}, {"type": "Feature", "geometry": {"type": "Point", "coordinates": [9.3862203, 36.3430618]}, "properties": {"record_id": "oai:u-bordeaux-montaigne.fr:340429", "symbol_class": "well", "pixel_x": 6571.0, "pixel_y": 5797.0, "easting": 453843.5, "northing": 338007.0, "epsg_source": 22391}}, {"type": "Feature", "geometry": {"type": "Point", "coordinates": [9.3868903, 36.3430252]}, "properties": {"record_id": "oai:u-bordeaux-montaigne.fr:340429", "symbol_class": "well", "pixel_x": 6585.0, "pixel_y": 5797.0, "easting": 453903.6, "northing": 338002.6, "epsg_source": 22391}}, {"type": "Feature", "geometry": {"type": "Point", "coordinates": [9.4019494, 36.3420099]}, "properties": {"record_id": "oai:u-bordeaux-montaigne.fr:340429", "symbol_class": "well", "pixel_x": 6900.0, "pixel_y": 5802.0, "easting": 455254.4, "northing": 337883.0, "epsg_source": 22391}}, {"type": "Feature", "geometry": {"type": "Point", "coordinates": [9.3901738, 36.3426167]}, "properties": {"record_id": "oai:u-bordeaux-montaigne.fr:340429", "symbol_class": "well", "pixel_x": 6654.0, "pixel_y": 5803.0, "easting": 454198.0, "northing": 337955.8, "epsg_source": 22391}}, {"type": "Feature", "geometry": {"type": "Point", "coordinates": [9.3892135, 36.3426311]}, "properties": {"record_id": "oai:u-bordeaux-montaigne.fr:340429", "symbol_class": "well", "pixel_x": 6634.0, "pixel_y": 5804.0, "easting": 454111.8, "northing": 337957.8, "epsg_source": 22391}}, {"type": "Feature", "geometry": {"type": "Point", "coordinates": [9.38974, 36.3426023]}, "properties": {"record_id": "oai:u-bordeaux-montaigne.fr:340429", "symbol_class": "well", "pixel_x": 6645.0, "pixel_y": 5804.0, "easting": 454159.0, "northing": 337954.4, "epsg_source": 22391}}, {"type": "Feature", "geometry": {"type": "Point", "coordinates": [9.3889557, 36.3424163]}, "properties": {"record_id": "oai:u-bordeaux-montaigne.fr:340429", "symbol_class": "well", "pixel_x": 6629.0, "pixel_y": 5810.0, "easting": 454088.5, "northing": 337934.1, "epsg_source": 22391}}, {"type": "Feature", "geometry": {"type": "Point", "coordinates": [9.3903435, 36.3423404]}, "properties": {"record_id": "oai:u-bordeaux-montaigne.fr:340429", "symbol_class": "well", "pixel_x": 6658.0, "pixel_y": 5810.0, "easting": 454213.0, "northing": 337925.0, "epsg_source": 22391}}, {"type": "Feature", "geometry": {"type": "Point", "coordinates": [9.3910135, 36.3423037]}, "properties": {"record_id": "oai:u-bordeaux-montaigne.fr:340429", "symbol_class": "well", "pixel_x": 6672.0, "pixel_y": 5810.0, "easting": 454273.1, "northing": 337920.7, "epsg_source": 22391}}, {"type": "Feature", "geometry": {"type": "Point", "coordinates": [9.389428, 36.3423142]}, "properties": {"record_id": "oai:u-bordeaux-montaigne.fr:340429", "symbol_class": "well", "pixel_x": 6639.0, "pixel_y": 5812.0, "easting": 454130.9, "northing": 337922.6, "epsg_source": 22391}}, {"type": "Feature", "geometry": {"type": "Point", "coordinates": [9.4013347, 36.3415477]}, "properties": {"record_id": "oai:u-bordeaux-montaigne.fr:340429", "symbol_class": "well", "pixel_x": 6888.0, "pixel_y": 5815.0, "easting": 455198.9, "northing": 337832.0, "epsg_source": 22391}}]}