{"type": "FeatureCollection", "features": [{"type": "Feature", "geometry": {"type": "Point", "coordinates": [9.45359, 36.70617]}, "properties": {"record_id": "oai:u-bordeaux-montaigne.fr:340412", "symbol_class": "building", "pixel_x": 7128.9, "pixel_y": 820.0, "easting": 460074.0, "northing": 378257.1, "epsg_source": 22391}}, {"type": "Feature", "geometry": {"type": "Point", "coordinates": [9.42008, 36.70808]}, "properties": {"record_id": "oai:u-bordeaux-montaigne.fr:340412", "symbol_class": "building", "pixel_x": 6433.2, "pixel_y": 821.3, "easting": 457081.2, "northing": 378483.1, "epsg_source": 22391}}, {"type": "Feature", "geometry": {"type": "Point", "coordinates": [9.44225, 36.70665]}, "properties": {"record_id": "oai:u-bordeaux-montaigne.fr:340412", "symbol_class": "building", "pixel_x": 6893.7, "pixel_y": 824.7, "easting": 459060.8, "northing": 378315.6, "epsg_source": 22391}}, {"type": "Feature", "geometry": {"type": "Point", "coordinates": [9.41847, 36.70803]}, "properties": {"record_id": "oai:u-bordeaux-montaigne.fr:340412", "symbol_class": "building", "pixel_x": 6400.2, "pixel_y": 825.0, "easting": 456937.9, "northing": 378478.2, "epsg_source": 22391}}, {"type": "Feature", "geometry": {"type": "Point", "coordinates": [9.4633, 36.70535]}, "properties": {"record_id": "oai:u-bordeaux-montaigne.fr:340412", "symbol_class": "building", "pixel_x": 7330.9, "pixel_y": 826.6, "easting": 460940.9, "northing": 378162.0, "epsg_source": 22391}}, {"type": "Feature", "geometry": {"type": "Point", "coordinates": [9.48696, 36.7043]}, "properties": {"record_id": "oai:u-bordeaux-montaigne.fr:340412", "symbol_class": "building", "pixel_x": 7821.3, "pixel_y": 817.6, "easting": 463053.4, "northing": 378037.1, "epsg_source": 22391}}, {"type": "Feature", "geometry": {"type": "Point", "coordinates": [9.46472, 36.70523]}, "properties": {"record_id": "oai:u-bordeaux-montaigne.fr:340412", "symbol_class": "building", "pixel_x": 7360.4, "pixel_y": 827.4, "easting": 461067.7, "northing": 378149.1, "epsg_source": 22391}}, {"type": "Feature", "geometry": {"type": "Point", "coordinates": [9.47587, 36.7046]}, "properties": {"record_id": "oai:u-bordeaux-montaigne.fr:340412", "symbol_class": "building", "pixel_x": 7591.7, "pixel_y": 826.8, "easting": 462062.8, "northing": 378074.8, "epsg_source": 22391}}, {"type": "Feature", "geometry": {"type": "Point", "coordinates": [9.48534, 36.7043]}, "properties": {"record_id": "oai:u-bordeaux-montaigne.fr:340412", "symbol_class": "building", "pixel_x": 7787.8, "pixel_y": 820.1, "easting": 462908.5, "northing": 378037.7, "epsg_source": 22391}}, {"type": "Feature", "geometry": {"type": "Point", "coordinates": [9.48598, 36.7043]}, "properties": {"record_id": "oai:u-bordeaux-montaigne.fr:340412", "symbol_class": "building", "pixel_x": 7801.1, "pixel_y": 819.1, "easting": 462966.0, "northing": 378037.6, "epsg_source": 22391}}, {"type": "Feature", "geometry": {"type": "Point", "coordinates": [9.40874, 36.70853]}, "properties": {"record_id": "oai:u-bordeaux-montaigne.fr:340412", "symbol_class": "building", "pixel_x": 6198.1, "pixel_y": 826.7, "easting": 456068.4, "northing": 378538.2, "epsg_source": 22391}}, {"type": "Feature", "geometry": {"type": "Point", "coordinates": [9.4407, 36.70663]}, "properties": {"record_id": "oai:u-bordeaux-montaigne.fr:340412", "symbol_class": "building", "pixel_x": 6861.7, "pixel_y": 827.6, "easting": 458922.5, "northing": 378314.0, "epsg_source": 22391}}, {"type": "Feature", "geometry": {"type": "Point", "coordinates": [9.40714, 36.7086]}, "properties": {"record_id": "oai:u-bordeaux-montaigne.fr:340412", "symbol_class": "building", "pixel_x": 6165.1, "pixel_y": 827.1, "easting": 455926.2, "northing": 378547.4, "epsg_source": 22391}}, {"type": "Feature", "geometry": {"type": "Point", "coordinates": [9.42949, 36.7073]}, "properties": {"record_id": "oai:u-bordeaux-montaigne.fr:340412", "symbol_class": "building", "pixel_x": 6628.9, "pixel_y": 827.2, "easting": 457921.2, "northing": 378392.8, "epsg_source": 22391}}, {"type": "Feature", "geometry": {"type": "Point", "coordinates": [9.4412, 36.70689]}, "properties": {"record_id": "oai:u-bordeaux-montaigne.fr:340412", "symbol_class": "building", "pixel_x": 6871.6, "pixel_y": 820.2, "easting": 458967.6, "northing": 378341.9, "epsg_source": 22391}}, {"type": "Feature", "geometry": {"type": "Point", "coordinates": [9.47426, 36.70466]}, "properties": {"record_id": "oai:u-bordeaux-montaigne.fr:340412", "symbol_class": "building", "pixel_x": 7558.5, "pixel_y": 827.7, "easting": 461919.6, "northing": 378081.8, "epsg_source": 22391}}, {"type": "Feature", "geometry": {"type": "Point", "coordinates": [9.47485, 36.70465]}, "properties": {"record_id": "oai:u-bordeaux-montaigne.fr:340412", "symbol_class": "building", "pixel_x": 7570.5, "pixel_y": 827.3, "easting": 461971.5, "northing": 378079.7, "epsg_source": 22391}}, {"type": "Feature", "geometry": {"type": "Point", "coordinates": [9.41953, 36.70797]}, "properties": {"record_id": "oai:u-bordeaux-montaigne.fr:340412", "symbol_class": "building", "pixel_x": 6422.0, "pixel_y": 825.0, "easting": 457031.7, "northing": 378471.2, "epsg_source": 22391}}, {"type": "Feature", "geometry": {"type": "Point", "coordinates": [9.49517, 36.70336]}, "properties": {"record_id": "oai:u-bordeaux-montaigne.fr:340412", "symbol_class": "building", "pixel_x": 7992.7, "pixel_y": 829.7, "easting": 463786.8, "northing": 377928.9, "epsg_source": 22391}}, {"type": "Feature", "geometry": {"type": "Point", "coordinates": [9.40766, 36.70833]}, "properties": {"record_id": "oai:u-bordeaux-montaigne.fr:340412", "symbol_class": "building", "pixel_x": 6176.3, "pixel_y": 833.4, "easting": 455972.5, "northing": 378517.1, "epsg_source": 22391}}, {"type": "Feature", "geometry": {"type": "Point", "coordinates": [9.48693, 36.70357]}, "properties": {"record_id": "oai:u-bordeaux-montaigne.fr:340412", "symbol_class": "building", "pixel_x": 7822.1, "pixel_y": 836.7, "easting": 463050.6, "northing": 377956.1, "epsg_source": 22391}}, {"type": "Feature", "geometry": {"type": "Point", "coordinates": [9.486, 36.70358]}, "properties": {"record_id": "oai:u-bordeaux-montaigne.fr:340412", "symbol_class": "building", "pixel_x": 7802.8, "pixel_y": 837.9, "easting": 462967.0, "northing": 377957.7, "epsg_source": 22391}}, {"type": "Feature", "geometry": {"type": "Point", "coordinates": [9.48537, 36.70358]}, "properties": {"record_id": "oai:u-bordeaux-montaigne.fr:340412", "symbol_class": "building", "pixel_x": 7789.9, "pixel_y": 839.1, "easting": 462911.3, "northing": 377957.0, "epsg_source": 22391}}, {"type": "Feature", "geometry": {"type": "Point", "coordinates": [9.45252, 36.70485]}, "properties": {"record_id": "oai:u-bordeaux-montaigne.fr:340412", "symbol_class": "building", "pixel_x": 7109.0, "pixel_y": 856.0, "easting": 459977.1, "northing": 378111.9, "epsg_source": 22391}}, {"type": "Feature", "geometry": {"type": "Point", "coordinates": [9.46374, 36.70435]}, "properties": {"record_id": "oai:u-bordeaux-montaigne.fr:340412", "symbol_class": "building", "pixel_x": 7341.7, "pixel_y": 852.0, "easting": 460979.2, "northing": 378051.3, "epsg_source": 22391}}, {"type": "Feature", "geometry": {"type": "Point", "coordinates": [9.48608, 36.70294]}, "properties": {"record_id": "oai:u-bordeaux-montaigne.fr:340412", "symbol_class": "building", "pixel_x": 7805.8, "pixel_y": 854.6, "easting": 462974.6, "northing": 377885.9, "epsg_source": 22391}}, {"type": "Feature", "geometry": {"type": "Point", "coordinates": [9.47492, 36.7034]}, "properties": {"record_id": "oai:u-bordeaux-montaigne.fr:340412", "symbol_class": "building", "pixel_x": 7574.2, "pixel_y": 859.7, "easting": 461977.2, "northing": 377941.6, "epsg_source": 22391}}, {"type": "Feature", "geometry": {"type": "Point", "coordinates": [9.47494, 36.7024]}, "properties": {"record_id": "oai:u-bordeaux-montaigne.fr:340412", "symbol_class": "building", "pixel_x": 7576.5, "pixel_y": 885.8, "easting": 461978.6, "northing": 377830.6, "epsg_source": 22391}}, {"type": "Feature", "geometry": {"type": "Point", "coordinates": [9.41974, 36.70336]}, "properties": {"record_id": "oai:u-bordeaux-montaigne.fr:340412", "symbol_class": "building", "pixel_x": 6434.7, "pixel_y": 945.0, "easting": 457048.0, "northing": 377959.8, "epsg_source": 22391}}, {"type": "Feature", "geometry": {"type": "Point", "coordinates": [9.50234, 36.69467]}, "properties": {"record_id": "oai:u-bordeaux-montaigne.fr:340412", "symbol_class": "building", "pixel_x": 8156.6, "pixel_y": 1045.6, "easting": 464422.7, "northing": 376962.9, "epsg_source": 22391}}, {"type": "Feature", "geometry": {"type": "Point", "coordinates": [9.40694, 36.6998]}, "properties": {"record_id": "oai:u-bordeaux-montaigne.fr:340412", "symbol_class": "building", "pixel_x": 6176.9, "pixel_y": 1057.3, "easting": 455903.4, "northing": 377571.2, "epsg_source": 22391}}, {"type": "Feature", "geometry": {"type": "Point", "coordinates": [9.49176, 36.69465]}, "properties": {"record_id": "oai:u-bordeaux-montaigne.fr:340412", "symbol_class": "building", "pixel_x": 7938.2, "pixel_y": 1062.3, "easting": 463477.8, "northing": 376964.8, "epsg_source": 22391}}, {"type": "Feature", "geometry": {"type": "Point", "coordinates": [9.40653, 36.69943]}, "properties": {"record_id": "oai:u-bordeaux-montaigne.fr:340412", "symbol_class": "building", "pixel_x": 6169.1, "pixel_y": 1067.8, "easting": 455866.3, "northing": 377529.6, "epsg_source": 22391}}, {"type": "Feature", "geometry": {"type": "Point", "coordinates": [9.40613, 36.69913]}, "properties": {"record_id": "oai:u-bordeaux-montaigne.fr:340412", "symbol_class": "building", "pixel_x": 6161.4, "pixel_y": 1076.3, "easting": 455830.6, "northing": 377496.5, "epsg_source": 22391}}, {"type": "Feature", "geometry": {"type": "Point", "coordinates": [9.41967, 36.69809]}, "properties": {"record_id": "oai:u-bordeaux-montaigne.fr:340412", "symbol_class": "building", "pixel_x": 6442.9, "pixel_y": 1082.8, "easting": 457039.2, "northing": 377375.5, "epsg_source": 22391}}, {"type": "Feature", "geometry": {"type": "Point", "coordinates": [9.48012, 36.69441]}, "properties": {"record_id": "oai:u-bordeaux-montaigne.fr:340412", "symbol_class": "building", "pixel_x": 7698.2, "pixel_y": 1086.6, "easting": 462437.9, "northing": 376942.2, "epsg_source": 22391}}, {"type": "Feature", "geometry": {"type": "Point", "coordinates": [9.35104, 36.70109]}, "properties": {"record_id": "oai:u-bordeaux-montaigne.fr:340412", "symbol_class": "building", "pixel_x": 5019.9, "pixel_y": 1108.3, "easting": 450910.3, "northing": 377740.6, "epsg_source": 22391}}, {"type": "Feature", "geometry": {"type": "Point", "coordinates": [9.48108, 36.694]}, "properties": {"record_id": "oai:u-bordeaux-montaigne.fr:340412", "symbol_class": "building", "pixel_x": 7718.8, "pixel_y": 1095.9, "easting": 462523.5, "northing": 376896.1, "epsg_source": 22391}}, {"type": "Feature", "geometry": {"type": "Point", "coordinates": [9.47996, 36.69398]}, "properties": {"record_id": "oai:u-bordeaux-montaigne.fr:340412", "symbol_class": "building", "pixel_x": 7695.7, "pixel_y": 1098.2, "easting": 462423.3, "northing": 376894.1, "epsg_source": 22391}}, {"type": "Feature", "geometry": {"type": "Point", "coordinates": [9.48184, 36.6938]}, "properties": {"record_id": "oai:u-bordeaux-montaigne.fr:340412", "symbol_class": "building", "pixel_x": 7734.9, "pixel_y": 1099.7, "easting": 462591.6, "northing": 376874.4, "epsg_source": 22391}}, {"type": "Feature", "geometry": {"type": "Point", "coordinates": [9.24273, 36.70694]}, "properties": {"record_id": "oai:u-bordeaux-montaigne.fr:340412", "symbol_class": "building", "pixel_x": 2772.3, "pixel_y": 1117.4, "easting": 441239.4, "northing": 378449.1, "epsg_source": 22391}}, {"type": "Feature", "geometry": {"type": "Point", "coordinates": [9.45256, 36.69447]}, "properties": {"record_id": "oai:u-bordeaux-montaigne.fr:340412", "symbol_class": "building", "pixel_x": 7128.7, "pixel_y": 1127.3, "easting": 459975.2, "northing": 376959.4, "epsg_source": 22391}}, {"type": "Feature", "geometry": {"type": "Point", "coordinates": [9.47115, 36.69313]}, "properties": {"record_id": "oai:u-bordeaux-montaigne.fr:340412", "symbol_class": "building", "pixel_x": 7515.2, "pixel_y": 1133.7, "easting": 461635.7, "northing": 376804.1, "epsg_source": 22391}}, {"type": "Feature", "geometry": {"type": "Point", "coordinates": [9.47053, 36.69305]}, "properties": {"record_id": "oai:u-bordeaux-montaigne.fr:340412", "symbol_class": "building", "pixel_x": 7502.6, "pixel_y": 1136.9, "easting": 461580.5, "northing": 376794.8, "epsg_source": 22391}}, {"type": "Feature", "geometry": {"type": "Point", "coordinates": [9.45262, 36.69389]}, "properties": {"record_id": "oai:u-bordeaux-montaigne.fr:340412", "symbol_class": "building", "pixel_x": 7131.1, "pixel_y": 1142.4, "easting": 459980.4, "northing": 376895.0, "epsg_source": 22391}}, {"type": "Feature", "geometry": {"type": "Point", "coordinates": [9.25109, 36.70543]}, "properties": {"record_id": "oai:u-bordeaux-montaigne.fr:340412", "symbol_class": "building", "pixel_x": 2947.5, "pixel_y": 1144.4, "easting": 441984.4, "northing": 378276.8, "epsg_source": 22391}}, {"type": "Feature", "geometry": {"type": "Point", "coordinates": [9.47111, 36.69284]}, "properties": {"record_id": "oai:u-bordeaux-montaigne.fr:340412", "symbol_class": "building", "pixel_x": 7515.0, "pixel_y": 1141.3, "easting": 461632.4, "northing": 376772.0, "epsg_source": 22391}}, {"type": "Feature", "geometry": {"type": "Point", "coordinates": [9.29577, 36.70269]}, "properties": {"record_id": "oai:u-bordeaux-montaigne.fr:340412", "symbol_class": "building", "pixel_x": 3875.3, "pixel_y": 1149.5, "easting": 445973.8, "northing": 377946.8, "epsg_source": 22391}}, {"type": "Feature", "geometry": {"type": "Point", "coordinates": [9.4712, 36.69247]}, "properties": {"record_id": "oai:u-bordeaux-montaigne.fr:340412", "symbol_class": "building", "pixel_x": 7517.6, "pixel_y": 1150.9, "easting": 461640.2, "northing": 376730.6, "epsg_source": 22391}}, {"type": "Feature", "geometry": {"type": "Point", "coordinates": [9.18383, 36.70862]}, "properties": {"record_id": "oai:u-bordeaux-montaigne.fr:340412", "symbol_class": "building", "pixel_x": 1552.6, "pixel_y": 1160.6, "easting": 435978.8, "northing": 378672.4, "epsg_source": 22391}}, {"type": "Feature", "geometry": {"type": "Point", "coordinates": [9.49328, 36.69099]}, "properties": {"record_id": "oai:u-bordeaux-montaigne.fr:340412", "symbol_class": "building", "pixel_x": 7976.3, "pixel_y": 1155.8, "easting": 463611.9, "northing": 376557.5, "epsg_source": 22391}}, {"type": "Feature", "geometry": {"type": "Point", "coordinates": [9.28463, 36.70261]}, "properties": {"record_id": "oai:u-bordeaux-montaigne.fr:340412", "symbol_class": "building", "pixel_x": 3645.5, "pixel_y": 1168.1, "easting": 444979.0, "northing": 377945.1, "epsg_source": 22391}}, {"type": "Feature", "geometry": {"type": "Point", "coordinates": [9.45264, 36.69282]}, "properties": {"record_id": "oai:u-bordeaux-montaigne.fr:340412", "symbol_class": "building", "pixel_x": 7133.4, "pixel_y": 1170.2, "easting": 459981.6, "northing": 376776.7, "epsg_source": 22391}}, {"type": "Feature", "geometry": {"type": "Point", "coordinates": [9.2958, 36.70165]}, "properties": {"record_id": "oai:u-bordeaux-montaigne.fr:340412", "symbol_class": "building", "pixel_x": 3877.8, "pixel_y": 1176.4, "easting": 445975.6, "northing": 377832.5, "epsg_source": 22391}}, {"type": "Feature", "geometry": {"type": "Point", "coordinates": [9.1838, 36.70806]}, "properties": {"record_id": "oai:u-bordeaux-montaigne.fr:340412", "symbol_class": "building", "pixel_x": 1553.1, "pixel_y": 1175.1, "easting": 435976.3, "northing": 378610.6, "epsg_source": 22391}}, {"type": "Feature", "geometry": {"type": "Point", "coordinates": [9.34683, 36.69856]}, "properties": {"record_id": "oai:u-bordeaux-montaigne.fr:340412", "symbol_class": "building", "pixel_x": 4937.4, "pixel_y": 1180.7, "easting": 450532.0, "northing": 377462.2, "epsg_source": 22391}}, {"type": "Feature", "geometry": {"type": "Point", "coordinates": [9.21736, 36.70575]}, "properties": {"record_id": "oai:u-bordeaux-montaigne.fr:340412", "symbol_class": "building", "pixel_x": 2250.2, "pixel_y": 1186.0, "easting": 438971.8, "northing": 378333.2, "epsg_source": 22391}}, {"type": "Feature", "geometry": {"type": "Point", "coordinates": [9.39595, 36.69546]}, "properties": {"record_id": "oai:u-bordeaux-montaigne.fr:340412", "symbol_class": "building", "pixel_x": 5957.7, "pixel_y": 1187.4, "easting": 454918.8, "northing": 377094.7, "epsg_source": 22391}}, {"type": "Feature", "geometry": {"type": "Point", "coordinates": [9.39629, 36.69528]}, "properties": {"record_id": "oai:u-bordeaux-montaigne.fr:340412", "symbol_class": "building", "pixel_x": 5964.9, "pixel_y": 1191.8, "easting": 454948.6, "northing": 377074.0, "epsg_source": 22391}}, {"type": "Feature", "geometry": {"type": "Point", "coordinates": [9.34686, 36.69797]}, "properties": {"record_id": "oai:u-bordeaux-montaigne.fr:340412", "symbol_class": "building", "pixel_x": 4939.2, "pixel_y": 1196.0, "easting": 450535.2, "northing": 377396.9, "epsg_source": 22391}}, {"type": "Feature", "geometry": {"type": "Point", "coordinates": [9.25111, 36.70344]}, "properties": {"record_id": "oai:u-bordeaux-montaigne.fr:340412", "symbol_class": "building", "pixel_x": 2951.4, "pixel_y": 1196.4, "easting": 441984.6, "northing": 378056.1, "epsg_source": 22391}}, {"type": "Feature", "geometry": {"type": "Point", "coordinates": [9.39566, 36.69515]}, "properties": {"record_id": "oai:u-bordeaux-montaigne.fr:340412", "symbol_class": "building", "pixel_x": 5952.2, "pixel_y": 1196.1, "easting": 454892.4, "northing": 377059.8, "epsg_source": 22391}}, {"type": "Feature", "geometry": {"type": "Point", "coordinates": [9.40522, 36.69429]}, "properties": {"record_id": "oai:u-bordeaux-montaigne.fr:340412", "symbol_class": "building", "pixel_x": 6151.2, "pixel_y": 1204.1, "easting": 455745.9, "northing": 376959.9, "epsg_source": 22391}}, {"type": "Feature", "geometry": {"type": "Point", "coordinates": [9.18386, 36.70661]}, "properties": {"record_id": "oai:u-bordeaux-montaigne.fr:340412", "symbol_class": "building", "pixel_x": 1556.7, "pixel_y": 1212.9, "easting": 435979.9, "northing": 378449.7, "epsg_source": 22391}}, {"type": "Feature", "geometry": {"type": "Point", "coordinates": [9.34693, 36.6972]}, "properties": {"record_id": "oai:u-bordeaux-montaigne.fr:340412", "symbol_class": "building", "pixel_x": 4942.0, "pixel_y": 1216.1, "easting": 450540.4, "northing": 377311.1, "epsg_source": 22391}}, {"type": "Feature", "geometry": {"type": "Point", "coordinates": [9.2201, 36.70439]}, "properties": {"record_id": "oai:u-bordeaux-montaigne.fr:340412", "symbol_class": "building", "pixel_x": 2309.3, "pixel_y": 1217.6, "easting": 439215.7, "northing": 378179.9, "epsg_source": 22391}}, {"type": "Feature", "geometry": {"type": "Point", "coordinates": [9.30041, 36.69983]}, "properties": {"record_id": "oai:u-bordeaux-montaigne.fr:340412", "symbol_class": "building", "pixel_x": 3976.2, "pixel_y": 1217.1, "easting": 446386.0, "northing": 377628.0, "epsg_source": 22391}}, {"type": "Feature", "geometry": {"type": "Point", "coordinates": [9.29992, 36.69976]}, "properties": {"record_id": "oai:u-bordeaux-montaigne.fr:340412", "symbol_class": "building", "pixel_x": 3966.3, "pixel_y": 1219.9, "easting": 446342.3, "northing": 377619.4, "epsg_source": 22391}}, {"type": "Feature", "geometry": {"type": "Point", "coordinates": [9.26801, 36.70147]}, "properties": {"record_id": "oai:u-bordeaux-montaigne.fr:340412", "symbol_class": "building", "pixel_x": 3304.2, "pixel_y": 1222.7, "easting": 443493.6, "northing": 377827.7, "epsg_source": 22391}}, {"type": "Feature", "geometry": {"type": "Point", "coordinates": [9.21904, 36.70412]}, "properties": {"record_id": "oai:u-bordeaux-montaigne.fr:340412", "symbol_class": "building", "pixel_x": 2287.9, "pixel_y": 1226.2, "easting": 439121.0, "northing": 378150.7, "epsg_source": 22391}}, {"type": "Feature", "geometry": {"type": "Point", "coordinates": [9.29667, 36.69945]}, "properties": {"record_id": "oai:u-bordeaux-montaigne.fr:340412", "symbol_class": "building", "pixel_x": 3899.8, "pixel_y": 1232.8, "easting": 446052.4, "northing": 377587.1, "epsg_source": 22391}}, {"type": "Feature", "geometry": {"type": "Point", "coordinates": [9.32657, 36.69746]}, "properties": {"record_id": "oai:u-bordeaux-montaigne.fr:340412", "symbol_class": "building", "pixel_x": 4521.0, "pixel_y": 1239.9, "easting": 448722.2, "northing": 377350.6, "epsg_source": 22391}}, {"type": "Feature", "geometry": {"type": "Point", "coordinates": [9.27347, 36.70046]}, "properties": {"record_id": "oai:u-bordeaux-montaigne.fr:340412", "symbol_class": "building", "pixel_x": 3418.6, "pixel_y": 1240.9, "easting": 443979.9, "northing": 377712.8, "epsg_source": 22391}}, {"type": "Feature", "geometry": {"type": "Point", "coordinates": [9.2977, 36.69919]}, "properties": {"record_id": "oai:u-bordeaux-montaigne.fr:340412", "symbol_class": "building", "pixel_x": 3921.4, "pixel_y": 1238.0, "easting": 446143.7, "northing": 377558.0, "epsg_source": 22391}}, {"type": "Feature", "geometry": {"type": "Point", "coordinates": [9.2518, 36.70174]}, "properties": {"record_id": "oai:u-bordeaux-montaigne.fr:340412", "symbol_class": "building", "pixel_x": 2968.8, "pixel_y": 1239.9, "easting": 442045.4, "northing": 377866.7, "epsg_source": 22391}}, {"type": "Feature", "geometry": {"type": "Point", "coordinates": [9.22323, 36.70322]}, "properties": {"record_id": "oai:u-bordeaux-montaigne.fr:340412", "symbol_class": "building", "pixel_x": 2376.0, "pixel_y": 1243.3, "easting": 439494.4, "northing": 378049.2, "epsg_source": 22391}}, {"type": "Feature", "geometry": {"type": "Point", "coordinates": [9.30061, 36.69884]}, "properties": {"record_id": "oai:u-bordeaux-montaigne.fr:340412", "symbol_class": "building", "pixel_x": 3982.3, "pixel_y": 1242.9, "easting": 446404.0, "northing": 377517.2, "epsg_source": 22391}}, {"type": "Feature", "geometry": {"type": "Point", "coordinates": [9.28779, 36.69955]}, "properties": {"record_id": "oai:u-bordeaux-montaigne.fr:340412", "symbol_class": "building", "pixel_x": 3716.1, "pixel_y": 1243.5, "easting": 445258.7, "northing": 377602.9, "epsg_source": 22391}}, {"type": "Feature", "geometry": {"type": "Point", "coordinates": [9.25109, 36.70123]}, "properties": {"record_id": "oai:u-bordeaux-montaigne.fr:340412", "symbol_class": "building", "pixel_x": 2955.1, "pixel_y": 1254.2, "easting": 441981.7, "northing": 377810.9, "epsg_source": 22391}}, {"type": "Feature", "geometry": {"type": "Point", "coordinates": [9.21541, 36.70297]}, "properties": {"record_id": "oai:u-bordeaux-montaigne.fr:340412", "symbol_class": "building", "pixel_x": 2214.9, "pixel_y": 1261.6, "easting": 438795.4, "northing": 378025.5, "epsg_source": 22391}}, {"type": "Feature", "geometry": {"type": "Point", "coordinates": [9.38947, 36.69265]}, "properties": {"record_id": "oai:u-bordeaux-montaigne.fr:340412", "symbol_class": "building", "pixel_x": 5828.8, "pixel_y": 1270.7, "easting": 454338.0, "northing": 376786.1, "epsg_source": 22391}}, {"type": "Feature", "geometry": {"type": "Point", "coordinates": [9.21413, 36.70212]}, "properties": {"record_id": "oai:u-bordeaux-montaigne.fr:340412", "symbol_class": "building", "pixel_x": 2189.9, "pixel_y": 1285.6, "easting": 438680.4, "northing": 377932.5, "epsg_source": 22391}}, {"type": "Feature", "geometry": {"type": "Point", "coordinates": [9.38721, 36.69167]}, "properties": {"record_id": "oai:u-bordeaux-montaigne.fr:340412", "symbol_class": "building", "pixel_x": 5784.0, "pixel_y": 1299.8, "easting": 454135.6, "northing": 376677.9, "epsg_source": 22391}}, {"type": "Feature", "geometry": {"type": "Point", "coordinates": [9.18387, 36.70315]}, "properties": {"record_id": "oai:u-bordeaux-montaigne.fr:340412", "symbol_class": "building", "pixel_x": 1563.0, "pixel_y": 1303.3, "easting": 435978.1, "northing": 378066.0, "epsg_source": 22391}}, {"type": "Feature", "geometry": {"type": "Point", "coordinates": [9.50073, 36.68512]}, "properties": {"record_id": "oai:u-bordeaux-montaigne.fr:340412", "symbol_class": "building", "pixel_x": 8141.0, "pixel_y": 1297.6, "easting": 464274.9, "northing": 375904.0, "epsg_source": 22391}}, {"type": "Feature", "geometry": {"type": "Point", "coordinates": [9.45268, 36.68765]}, "properties": {"record_id": "oai:u-bordeaux-montaigne.fr:340412", "symbol_class": "building", "pixel_x": 7143.7, "pixel_y": 1305.2, "easting": 459982.6, "northing": 376203.4, "epsg_source": 22391}}, {"type": "Feature", "geometry": {"type": "Point", "coordinates": [9.50004, 36.68498]}, "properties": {"record_id": "oai:u-bordeaux-montaigne.fr:340412", "symbol_class": "building", "pixel_x": 8126.9, "pixel_y": 1302.4, "easting": 464212.8, "northing": 375888.3, "epsg_source": 22391}}, {"type": "Feature", "geometry": {"type": "Point", "coordinates": [9.5004, 36.68466]}, "properties": {"record_id": "oai:u-bordeaux-montaigne.fr:340412", "symbol_class": "building", "pixel_x": 8135.0, "pixel_y": 1310.0, "easting": 464245.3, "northing": 375853.5, "epsg_source": 22391}}, {"type": "Feature", "geometry": {"type": "Point", "coordinates": [9.28467, 36.69678]}, "properties": {"record_id": "oai:u-bordeaux-montaigne.fr:340412", "symbol_class": "building", "pixel_x": 3656.7, "pixel_y": 1320.4, "easting": 444978.4, "northing": 377297.8, "epsg_source": 22391}}, {"type": "Feature", "geometry": {"type": "Point", "coordinates": [9.27349, 36.69743]}, "properties": {"record_id": "oai:u-bordeaux-montaigne.fr:340412", "symbol_class": "building", "pixel_x": 3424.6, "pixel_y": 1320.1, "easting": 443980.2, "northing": 377376.6, "epsg_source": 22391}}, {"type": "Feature", "geometry": {"type": "Point", "coordinates": [9.28469, 36.69609]}, "properties": {"record_id": "oai:u-bordeaux-montaigne.fr:340412", "symbol_class": "building", "pixel_x": 3658.2, "pixel_y": 1338.5, "easting": 444979.5, "northing": 377221.0, "epsg_source": 22391}}, {"type": "Feature", "geometry": {"type": "Point", "coordinates": [9.27244, 36.69647]}, "properties": {"record_id": "oai:u-bordeaux-montaigne.fr:340412", "symbol_class": "building", "pixel_x": 3404.6, "pixel_y": 1346.8, "easting": 443885.7, "northing": 377270.4, "epsg_source": 22391}}, {"type": "Feature", "geometry": {"type": "Point", "coordinates": [9.21338, 36.69982]}, "properties": {"record_id": "oai:u-bordeaux-montaigne.fr:340412", "symbol_class": "building", "pixel_x": 2178.5, "pixel_y": 1346.8, "easting": 438611.6, "northing": 377677.9, "epsg_source": 22391}}, {"type": "Feature", "geometry": {"type": "Point", "coordinates": [9.47798, 36.68389]}, "properties": {"record_id": "oai:u-bordeaux-montaigne.fr:340412", "symbol_class": "building", "pixel_x": 7673.2, "pixel_y": 1364.8, "easting": 462241.3, "northing": 375775.7, "epsg_source": 22391}}, {"type": "Feature", "geometry": {"type": "Point", "coordinates": [9.21381, 36.69876]}, "properties": {"record_id": "oai:u-bordeaux-montaigne.fr:340412", "symbol_class": "building", "pixel_x": 2189.2, "pixel_y": 1373.9, "easting": 438649.2, "northing": 377559.7, "epsg_source": 22391}}, {"type": "Feature", "geometry": {"type": "Point", "coordinates": [9.2847, 36.69451]}, "properties": {"record_id": "oai:u-bordeaux-montaigne.fr:340412", "symbol_class": "building", "pixel_x": 3661.2, "pixel_y": 1379.8, "easting": 444978.9, "northing": 377045.5, "epsg_source": 22391}}, {"type": "Feature", "geometry": {"type": "Point", "coordinates": [9.1839, 36.70028]}, "properties": {"record_id": "oai:u-bordeaux-montaigne.fr:340412", "symbol_class": "building", "pixel_x": 1568.6, "pixel_y": 1378.3, "easting": 435978.3, "northing": 377747.4, "epsg_source": 22391}}, {"type": "Feature", "geometry": {"type": "Point", "coordinates": [9.13852, 36.7026]}, "properties": {"record_id": "oai:u-bordeaux-montaigne.fr:340412", "symbol_class": "building", "pixel_x": 627.1, "pixel_y": 1384.1, "easting": 431926.5, "northing": 378035.7, "epsg_source": 22391}}, {"type": "Feature", "geometry": {"type": "Point", "coordinates": [9.13774, 36.70266]}, "properties": {"record_id": "oai:u-bordeaux-montaigne.fr:340412", "symbol_class": "building", "pixel_x": 610.9, "pixel_y": 1383.7, "easting": 431857.0, "northing": 378043.1, "epsg_source": 22391}}, {"type": "Feature", "geometry": {"type": "Point", "coordinates": [9.25027, 36.69572]}, "properties": {"record_id": "oai:u-bordeaux-montaigne.fr:340412", "symbol_class": "building", "pixel_x": 2947.9, "pixel_y": 1399.4, "easting": 441904.4, "northing": 377199.9, "epsg_source": 22391}}, {"type": "Feature", "geometry": {"type": "Point", "coordinates": [9.13853, 36.70192]}, "properties": {"record_id": "oai:u-bordeaux-montaigne.fr:340412", "symbol_class": "building", "pixel_x": 628.6, "pixel_y": 1401.8, "easting": 431927.3, "northing": 377960.8, "epsg_source": 22391}}, {"type": "Feature", "geometry": {"type": "Point", "coordinates": [9.21484, 36.69738]}, "properties": {"record_id": "oai:u-bordeaux-montaigne.fr:340412", "symbol_class": "building", "pixel_x": 2212.9, "pixel_y": 1408.5, "easting": 438740.2, "northing": 377405.9, "epsg_source": 22391}}, {"type": "Feature", "geometry": {"type": "Point", "coordinates": [9.2153, 36.69628]}, "properties": {"record_id": "oai:u-bordeaux-montaigne.fr:340412", "symbol_class": "building", "pixel_x": 2224.5, "pixel_y": 1436.5, "easting": 438780.9, "northing": 377283.7, "epsg_source": 22391}}, {"type": "Feature", "geometry": {"type": "Point", "coordinates": [9.21534, 36.69588]}, "properties": {"record_id": "oai:u-bordeaux-montaigne.fr:340412", "symbol_class": "building", "pixel_x": 2226.0, "pixel_y": 1447.0, "easting": 438784.0, "northing": 377238.8, "epsg_source": 22391}}, {"type": "Feature", "geometry": {"type": "Point", "coordinates": [9.32651, 36.68954]}, "properties": {"record_id": "oai:u-bordeaux-montaigne.fr:340412", "symbol_class": "building", "pixel_x": 4533.8, "pixel_y": 1447.0, "easting": 448711.1, "northing": 376471.6, "epsg_source": 22391}}, {"type": "Feature", "geometry": {"type": "Point", "coordinates": [9.43313, 36.68263]}, "properties": {"record_id": "oai:u-bordeaux-montaigne.fr:340412", "symbol_class": "building", "pixel_x": 6749.0, "pixel_y": 1466.1, "easting": 458233.4, "northing": 375654.9, "epsg_source": 22391}}, {"type": "Feature", "geometry": {"type": "Point", "coordinates": [9.43246, 36.68262]}, "properties": {"record_id": "oai:u-bordeaux-montaigne.fr:340412", "symbol_class": "building", "pixel_x": 6735.2, "pixel_y": 1467.6, "easting": 458173.5, "northing": 375653.2, "epsg_source": 22391}}, {"type": "Feature", "geometry": {"type": "Point", "coordinates": [9.29285, 36.69025]}, "properties": {"record_id": "oai:u-bordeaux-montaigne.fr:340412", "symbol_class": "building", "pixel_x": 3837.3, "pixel_y": 1479.0, "easting": 445704.6, "northing": 376568.4, "epsg_source": 22391}}, {"type": "Feature", "geometry": {"type": "Point", "coordinates": [9.32487, 36.68837]}, "properties": {"record_id": "oai:u-bordeaux-montaigne.fr:340412", "symbol_class": "building", "pixel_x": 4502.0, "pixel_y": 1479.9, "easting": 448563.5, "northing": 376343.5, "epsg_source": 22391}}, {"type": "Feature", "geometry": {"type": "Point", "coordinates": [9.32728, 36.68825]}, "properties": {"record_id": "oai:u-bordeaux-montaigne.fr:340412", "symbol_class": "building", "pixel_x": 4552.2, "pixel_y": 1479.5, "easting": 448779.6, "northing": 376328.5, "epsg_source": 22391}}, {"type": "Feature", "geometry": {"type": "Point", "coordinates": [9.4044, 36.68368]}, "properties": {"record_id": "oai:u-bordeaux-montaigne.fr:340412", "symbol_class": "building", "pixel_x": 6153.5, "pixel_y": 1482.6, "easting": 455666.6, "northing": 375783.2, "epsg_source": 22391}}, {"type": "Feature", "geometry": {"type": "Point", "coordinates": [9.37784, 36.68517]}, "properties": {"record_id": "oai:u-bordeaux-montaigne.fr:340412", "symbol_class": "building", "pixel_x": 5602.2, "pixel_y": 1483.9, "easting": 453295.1, "northing": 375961.0, "epsg_source": 22391}}, {"type": "Feature", "geometry": {"type": "Point", "coordinates": [9.32538, 36.68804]}, "properties": {"record_id": "oai:u-bordeaux-montaigne.fr:340412", "symbol_class": "building", "pixel_x": 4513.3, "pixel_y": 1487.9, "easting": 448609.6, "northing": 376306.0, "epsg_source": 22391}}, {"type": "Feature", "geometry": {"type": "Point", "coordinates": [9.15013, 36.69803]}, "properties": {"record_id": "oai:u-bordeaux-montaigne.fr:340412", "symbol_class": "building", "pixel_x": 874.9, "pixel_y": 1486.6, "easting": 432959.7, "northing": 377520.6, "epsg_source": 22391}}, {"type": "Feature", "geometry": {"type": "Point", "coordinates": [9.40481, 36.68338]}, "properties": {"record_id": "oai:u-bordeaux-montaigne.fr:340412", "symbol_class": "building", "pixel_x": 6162.5, "pixel_y": 1489.6, "easting": 455703.0, "northing": 375750.5, "epsg_source": 22391}}, {"type": "Feature", "geometry": {"type": "Point", "coordinates": [9.37744, 36.68496]}, "properties": {"record_id": "oai:u-bordeaux-montaigne.fr:340412", "symbol_class": "building", "pixel_x": 5594.3, "pixel_y": 1490.0, "easting": 453259.0, "northing": 375937.8, "epsg_source": 22391}}, {"type": "Feature", "geometry": {"type": "Point", "coordinates": [9.29591, 36.68947]}, "properties": {"record_id": "oai:u-bordeaux-montaigne.fr:340412", "symbol_class": "building", "pixel_x": 3901.8, "pixel_y": 1494.8, "easting": 445977.1, "northing": 376480.1, "epsg_source": 22391}}, {"type": "Feature", "geometry": {"type": "Point", "coordinates": [9.32608, 36.68773]}, "properties": {"record_id": "oai:u-bordeaux-montaigne.fr:340412", "symbol_class": "building", "pixel_x": 4528.3, "pixel_y": 1494.9, "easting": 448672.0, "northing": 376271.4, "epsg_source": 22391}}, {"type": "Feature", "geometry": {"type": "Point", "coordinates": [9.3275, 36.68768]}, "properties": {"record_id": "oai:u-bordeaux-montaigne.fr:340412", "symbol_class": "building", "pixel_x": 4557.7, "pixel_y": 1494.1, "easting": 448798.5, "northing": 376264.8, "epsg_source": 22391}}, {"type": "Feature", "geometry": {"type": "Point", "coordinates": [9.3248, 36.6878]}, "properties": {"record_id": "oai:u-bordeaux-montaigne.fr:340412", "symbol_class": "building", "pixel_x": 4501.7, "pixel_y": 1494.9, "easting": 448557.7, "northing": 376280.2, "epsg_source": 22391}}, {"type": "Feature", "geometry": {"type": "Point", "coordinates": [9.32685, 36.68744]}, "properties": {"record_id": "oai:u-bordeaux-montaigne.fr:340412", "symbol_class": "building", "pixel_x": 4544.7, "pixel_y": 1501.4, "easting": 448740.3, "northing": 376238.4, "epsg_source": 22391}}, {"type": "Feature", "geometry": {"type": "Point", "coordinates": [9.39597, 36.683]}, "properties": {"record_id": "oai:u-bordeaux-montaigne.fr:340412", "symbol_class": "building", "pixel_x": 5980.5, "pixel_y": 1512.9, "easting": 454913.0, "northing": 375712.6, "epsg_source": 22391}}, {"type": "Feature", "geometry": {"type": "Point", "coordinates": [9.32752, 36.68711]}, "properties": {"record_id": "oai:u-bordeaux-montaigne.fr:340412", "symbol_class": "building", "pixel_x": 4559.0, "pixel_y": 1509.0, "easting": 448799.7, "northing": 376201.5, "epsg_source": 22391}}, {"type": "Feature", "geometry": {"type": "Point", "coordinates": [9.20775, 36.69388]}, "properties": {"record_id": "oai:u-bordeaux-montaigne.fr:340412", "symbol_class": "building", "pixel_x": 2072.7, "pixel_y": 1510.4, "easting": 438104.4, "northing": 377022.2, "epsg_source": 22391}}, {"type": "Feature", "geometry": {"type": "Point", "coordinates": [9.32442, 36.68687]}, "properties": {"record_id": "oai:u-bordeaux-montaigne.fr:340412", "symbol_class": "building", "pixel_x": 4495.4, "pixel_y": 1520.0, "easting": 448522.5, "northing": 376176.4, "epsg_source": 22391}}, {"type": "Feature", "geometry": {"type": "Point", "coordinates": [9.50029, 36.6767]}, "properties": {"record_id": "oai:u-bordeaux-montaigne.fr:340412", "symbol_class": "building", "pixel_x": 8147.3, "pixel_y": 1518.2, "easting": 464231.7, "northing": 374970.3, "epsg_source": 22391}}, {"type": "Feature", "geometry": {"type": "Point", "coordinates": [9.2175, 36.69258]}, "properties": {"record_id": "oai:u-bordeaux-montaigne.fr:340412", "symbol_class": "building", "pixel_x": 2276.4, "pixel_y": 1530.1, "easting": 438974.4, "northing": 376871.4, "epsg_source": 22391}}, {"type": "Feature", "geometry": {"type": "Point", "coordinates": [9.49664, 36.67664]}, "properties": {"record_id": "oai:u-bordeaux-montaigne.fr:340412", "symbol_class": "building", "pixel_x": 8072.1, "pixel_y": 1525.4, "easting": 463905.9, "northing": 374964.7, "epsg_source": 22391}}, {"type": "Feature", "geometry": {"type": "Point", "coordinates": [9.49318, 36.67667]}, "properties": {"record_id": "oai:u-bordeaux-montaigne.fr:340412", "symbol_class": "building", "pixel_x": 8000.6, "pixel_y": 1529.9, "easting": 463596.7, "northing": 374969.4, "epsg_source": 22391}}, {"type": "Feature", "geometry": {"type": "Point", "coordinates": [9.49193, 36.67666]}, "properties": {"record_id": "oai:u-bordeaux-montaigne.fr:340412", "symbol_class": "building", "pixel_x": 7974.8, "pixel_y": 1532.1, "easting": 463485.0, "northing": 374968.9, "epsg_source": 22391}}, {"type": "Feature", "geometry": {"type": "Point", "coordinates": [9.48834, 36.67664]}, "properties": {"record_id": "oai:u-bordeaux-montaigne.fr:340412", "symbol_class": "building", "pixel_x": 7900.6, "pixel_y": 1538.2, "easting": 463163.9, "northing": 374967.8, "epsg_source": 22391}}, {"type": "Feature", "geometry": {"type": "Point", "coordinates": [9.20268, 36.69284]}, "properties": {"record_id": "oai:u-bordeaux-montaigne.fr:340412", "symbol_class": "building", "pixel_x": 1969.8, "pixel_y": 1545.1, "easting": 437650.9, "northing": 376909.6, "epsg_source": 22391}}, {"type": "Feature", "geometry": {"type": "Point", "coordinates": [9.44565, 36.67889]}, "properties": {"record_id": "oai:u-bordeaux-montaigne.fr:340412", "symbol_class": "building", "pixel_x": 7014.4, "pixel_y": 1544.8, "easting": 459350.0, "northing": 375234.2, "epsg_source": 22391}}, {"type": "Feature", "geometry": {"type": "Point", "coordinates": [9.48576, 36.67664]}, "properties": {"record_id": "oai:u-bordeaux-montaigne.fr:340412", "symbol_class": "building", "pixel_x": 7847.2, "pixel_y": 1542.2, "easting": 462932.9, "northing": 374968.5, "epsg_source": 22391}}, {"type": "Feature", "geometry": {"type": "Point", "coordinates": [9.4832, 36.67663]}, "properties": {"record_id": "oai:u-bordeaux-montaigne.fr:340412", "symbol_class": "building", "pixel_x": 7794.3, "pixel_y": 1546.5, "easting": 462704.2, "northing": 374968.1, "epsg_source": 22391}}, {"type": "Feature", "geometry": {"type": "Point", "coordinates": [9.47628, 36.67661]}, "properties": {"record_id": "oai:u-bordeaux-montaigne.fr:340412", "symbol_class": "building", "pixel_x": 7651.5, "pixel_y": 1557.6, "easting": 462086.4, "northing": 374968.5, "epsg_source": 22391}}, {"type": "Feature", "geometry": {"type": "Point", "coordinates": [9.47486, 36.6766]}, "properties": {"record_id": "oai:u-bordeaux-montaigne.fr:340412", "symbol_class": "building", "pixel_x": 7622.2, "pixel_y": 1560.0, "easting": 461959.4, "northing": 374968.3, "epsg_source": 22391}}, {"type": "Feature", "geometry": {"type": "Point", "coordinates": [9.47408, 36.67659]}, "properties": {"record_id": "oai:u-bordeaux-montaigne.fr:340412", "symbol_class": "building", "pixel_x": 7606.0, "pixel_y": 1561.3, "easting": 461889.6, "northing": 374968.1, "epsg_source": 22391}}, {"type": "Feature", "geometry": {"type": "Point", "coordinates": [9.47346, 36.6766]}, "properties": {"record_id": "oai:u-bordeaux-montaigne.fr:340412", "symbol_class": "building", "pixel_x": 7593.1, "pixel_y": 1562.1, "easting": 461833.8, "northing": 374969.1, "epsg_source": 22391}}, {"type": "Feature", "geometry": {"type": "Point", "coordinates": [9.27359, 36.68771]}, "properties": {"record_id": "oai:u-bordeaux-montaigne.fr:340412", "symbol_class": "building", "pixel_x": 3443.8, "pixel_y": 1573.9, "easting": 443982.0, "northing": 376298.1, "epsg_source": 22391}}, {"type": "Feature", "geometry": {"type": "Point", "coordinates": [9.46809, 36.67659]}, "properties": {"record_id": "oai:u-bordeaux-montaigne.fr:340412", "symbol_class": "building", "pixel_x": 7482.3, "pixel_y": 1570.7, "easting": 461354.5, "northing": 374969.6, "epsg_source": 22391}}, {"type": "Feature", "geometry": {"type": "Point", "coordinates": [9.46716, 36.67658]}, "properties": {"record_id": "oai:u-bordeaux-montaigne.fr:340412", "symbol_class": "building", "pixel_x": 7463.2, "pixel_y": 1572.2, "easting": 461271.5, "northing": 374969.7, "epsg_source": 22391}}, {"type": "Feature", "geometry": {"type": "Point", "coordinates": [9.50136, 36.67454]}, "properties": {"record_id": "oai:u-bordeaux-montaigne.fr:340412", "symbol_class": "building", "pixel_x": 8173.4, "pixel_y": 1573.1, "easting": 464326.6, "northing": 374729.6, "epsg_source": 22391}}, {"type": "Feature", "geometry": {"type": "Point", "coordinates": [9.46613, 36.67658]}, "properties": {"record_id": "oai:u-bordeaux-montaigne.fr:340412", "symbol_class": "building", "pixel_x": 7441.9, "pixel_y": 1573.9, "easting": 461179.4, "northing": 374969.3, "epsg_source": 22391}}, {"type": "Feature", "geometry": {"type": "Point", "coordinates": [9.50113, 36.67405]}, "properties": {"record_id": "oai:u-bordeaux-montaigne.fr:340412", "symbol_class": "building", "pixel_x": 8169.6, "pixel_y": 1586.2, "easting": 464305.6, "northing": 374675.7, "epsg_source": 22391}}, {"type": "Feature", "geometry": {"type": "Point", "coordinates": [9.50158, 36.67406]}, "properties": {"record_id": "oai:u-bordeaux-montaigne.fr:340412", "symbol_class": "building", "pixel_x": 8178.8, "pixel_y": 1585.3, "easting": 464345.8, "northing": 374676.2, "epsg_source": 22391}}, {"type": "Feature", "geometry": {"type": "Point", "coordinates": [9.45636, 36.67654]}, "properties": {"record_id": "oai:u-bordeaux-montaigne.fr:340412", "symbol_class": "building", "pixel_x": 7240.0, "pixel_y": 1589.9, "easting": 460306.2, "northing": 374968.9, "epsg_source": 22391}}, {"type": "Feature", "geometry": {"type": "Point", "coordinates": [9.45555, 36.67653]}, "properties": {"record_id": "oai:u-bordeaux-montaigne.fr:340412", "symbol_class": "building", "pixel_x": 7223.3, "pixel_y": 1591.4, "easting": 460233.7, "northing": 374967.9, "epsg_source": 22391}}, {"type": "Feature", "geometry": {"type": "Point", "coordinates": [9.45473, 36.67654]}, "properties": {"record_id": "oai:u-bordeaux-montaigne.fr:340412", "symbol_class": "building", "pixel_x": 7206.3, "pixel_y": 1592.4, "easting": 460160.2, "northing": 374969.4, "epsg_source": 22391}}, {"type": "Feature", "geometry": {"type": "Point", "coordinates": [9.38181, 36.68059]}, "properties": {"record_id": "oai:u-bordeaux-montaigne.fr:340412", "symbol_class": "building", "pixel_x": 5692.5, "pixel_y": 1597.4, "easting": 453647.1, "northing": 375451.4, "epsg_source": 22391}}, {"type": "Feature", "geometry": {"type": "Point", "coordinates": [9.45348, 36.67651]}, "properties": {"record_id": "oai:u-bordeaux-montaigne.fr:340412", "symbol_class": "building", "pixel_x": 7180.6, "pixel_y": 1594.9, "easting": 460049.1, "northing": 374967.4, "epsg_source": 22391}}, {"type": "Feature", "geometry": {"type": "Point", "coordinates": [9.40486, 36.67897]}, "properties": {"record_id": "oai:u-bordeaux-montaigne.fr:340412", "symbol_class": "building", "pixel_x": 6171.6, "pixel_y": 1604.8, "easting": 455705.3, "northing": 375260.9, "epsg_source": 22391}}, {"type": "Feature", "geometry": {"type": "Point", "coordinates": [9.48479, 36.67421]}, "properties": {"record_id": "oai:u-bordeaux-montaigne.fr:340412", "symbol_class": "building", "pixel_x": 7831.7, "pixel_y": 1607.1, "easting": 462845.5, "northing": 374699.5, "epsg_source": 22391}}, {"type": "Feature", "geometry": {"type": "Point", "coordinates": [9.41458, 36.6783]}, "properties": {"record_id": "oai:u-bordeaux-montaigne.fr:340412", "symbol_class": "building", "pixel_x": 6373.6, "pixel_y": 1607.7, "easting": 456573.6, "northing": 375181.8, "epsg_source": 22391}}, {"type": "Feature", "geometry": {"type": "Point", "coordinates": [9.48411, 36.67418]}, "properties": {"record_id": "oai:u-bordeaux-montaigne.fr:340412", "symbol_class": "building", "pixel_x": 7817.7, "pixel_y": 1609.0, "easting": 462784.8, "northing": 374696.2, "epsg_source": 22391}}, {"type": "Feature", "geometry": {"type": "Point", "coordinates": [9.25125, 36.68751]}, "properties": {"record_id": "oai:u-bordeaux-montaigne.fr:340412", "symbol_class": "building", "pixel_x": 2982.6, "pixel_y": 1612.4, "easting": 441985.6, "northing": 376288.8, "epsg_source": 22391}}, {"type": "Feature", "geometry": {"type": "Point", "coordinates": [9.48521, 36.67391]}, "properties": {"record_id": "oai:u-bordeaux-montaigne.fr:340412", "symbol_class": "building", "pixel_x": 7840.9, "pixel_y": 1614.4, "easting": 462882.9, "northing": 374665.6, "epsg_source": 22391}}, {"type": "Feature", "geometry": {"type": "Point", "coordinates": [9.48367, 36.67387]}, "properties": {"record_id": "oai:u-bordeaux-montaigne.fr:340412", "symbol_class": "building", "pixel_x": 7809.1, "pixel_y": 1617.8, "easting": 462745.0, "northing": 374662.0, "epsg_source": 22391}}, {"type": "Feature", "geometry": {"type": "Point", "coordinates": [9.48465, 36.67383]}, "properties": {"record_id": "oai:u-bordeaux-montaigne.fr:340412", "symbol_class": "building", "pixel_x": 7829.4, "pixel_y": 1617.4, "easting": 462832.5, "northing": 374657.0, "epsg_source": 22391}}, {"type": "Feature", "geometry": {"type": "Point", "coordinates": [9.1375, 36.69365]}, "properties": {"record_id": "oai:u-bordeaux-montaigne.fr:340412", "symbol_class": "building", "pixel_x": 621.6, "pixel_y": 1619.5, "easting": 431827.6, "northing": 377043.5, "epsg_source": 22391}}, {"type": "Feature", "geometry": {"type": "Point", "coordinates": [9.21674, 36.68908]}, "properties": {"record_id": "oai:u-bordeaux-montaigne.fr:340412", "symbol_class": "building", "pixel_x": 2266.8, "pixel_y": 1622.6, "easting": 438903.2, "northing": 376483.5, "epsg_source": 22391}}, {"type": "Feature", "geometry": {"type": "Point", "coordinates": [9.40858, 36.67827]}, "properties": {"record_id": "oai:u-bordeaux-montaigne.fr:340412", "symbol_class": "building", "pixel_x": 6249.6, "pixel_y": 1617.4, "easting": 456037.0, "northing": 375181.8, "epsg_source": 22391}}, {"type": "Feature", "geometry": {"type": "Point", "coordinates": [9.41502, 36.67771]}, "properties": {"record_id": "oai:u-bordeaux-montaigne.fr:340412", "symbol_class": "building", "pixel_x": 6383.7, "pixel_y": 1622.3, "easting": 456612.3, "northing": 375116.5, "epsg_source": 22391}}, {"type": "Feature", "geometry": {"type": "Point", "coordinates": [9.41571, 36.67745]}, "properties": {"record_id": "oai:u-bordeaux-montaigne.fr:340412", "symbol_class": "building", "pixel_x": 6398.5, "pixel_y": 1628.0, "easting": 456674.3, "northing": 375087.9, "epsg_source": 22391}}, {"type": "Feature", "geometry": {"type": "Point", "coordinates": [9.45823, 36.67505]}, "properties": {"record_id": "oai:u-bordeaux-montaigne.fr:340412", "symbol_class": "building", "pixel_x": 7281.4, "pixel_y": 1625.9, "easting": 460472.4, "northing": 374803.2, "epsg_source": 22391}}, {"type": "Feature", "geometry": {"type": "Point", "coordinates": [9.4851, 36.67348]}, "properties": {"record_id": "oai:u-bordeaux-montaigne.fr:340412", "symbol_class": "building", "pixel_x": 7839.5, "pixel_y": 1625.8, "easting": 462873.1, "northing": 374618.3, "epsg_source": 22391}}, {"type": "Feature", "geometry": {"type": "Point", "coordinates": [9.45783, 36.67488]}, "properties": {"record_id": "oai:u-bordeaux-montaigne.fr:340412", "symbol_class": "building", "pixel_x": 7273.4, "pixel_y": 1631.0, "easting": 460436.4, "northing": 374784.1, "epsg_source": 22391}}, {"type": "Feature", "geometry": {"type": "Point", "coordinates": [9.48461, 36.67342]}, "properties": {"record_id": "oai:u-bordeaux-montaigne.fr:340412", "symbol_class": "building", "pixel_x": 7829.4, "pixel_y": 1628.0, "easting": 462828.9, "northing": 374612.0, "epsg_source": 22391}}, {"type": "Feature", "geometry": {"type": "Point", "coordinates": [9.48417, 36.67342]}, "properties": {"record_id": "oai:u-bordeaux-montaigne.fr:340412", "symbol_class": "building", "pixel_x": 7820.3, "pixel_y": 1628.7, "easting": 462789.8, "northing": 374612.1, "epsg_source": 22391}}, {"type": "Feature", "geometry": {"type": "Point", "coordinates": [9.45819, 36.67475]}, "properties": {"record_id": "oai:u-bordeaux-montaigne.fr:340412", "symbol_class": "building", "pixel_x": 7281.0, "pixel_y": 1633.7, "easting": 460468.3, "northing": 374770.4, "epsg_source": 22391}}, {"type": "Feature", "geometry": {"type": "Point", "coordinates": [9.48363, 36.67322]}, "properties": {"record_id": "oai:u-bordeaux-montaigne.fr:340412", "symbol_class": "building", "pixel_x": 7809.4, "pixel_y": 1634.9, "easting": 462741.0, "northing": 374589.7, "epsg_source": 22391}}, {"type": "Feature", "geometry": {"type": "Point", "coordinates": [9.41511, 36.67714]}, "properties": {"record_id": "oai:u-bordeaux-montaigne.fr:340412", "symbol_class": "building", "pixel_x": 6386.8, "pixel_y": 1637.1, "easting": 456620.8, "northing": 375053.3, "epsg_source": 22391}}, {"type": "Feature", "geometry": {"type": "Point", "coordinates": [9.26682, 36.68566]}, "properties": {"record_id": "oai:u-bordeaux-montaigne.fr:340412", "symbol_class": "building", "pixel_x": 3307.5, "pixel_y": 1637.5, "easting": 443375.2, "northing": 376074.9, "epsg_source": 22391}}, {"type": "Feature", "geometry": {"type": "Point", "coordinates": [9.48443, 36.67309]}, "properties": {"record_id": "oai:u-bordeaux-montaigne.fr:340412", "symbol_class": "building", "pixel_x": 7826.3, "pixel_y": 1636.9, "easting": 462813.0, "northing": 374575.4, "epsg_source": 22391}}, {"type": "Feature", "geometry": {"type": "Point", "coordinates": [9.45274, 36.67472]}, "properties": {"record_id": "oai:u-bordeaux-montaigne.fr:340412", "symbol_class": "building", "pixel_x": 7168.6, "pixel_y": 1642.9, "easting": 459981.7, "northing": 374768.7, "epsg_source": 22391}}, {"type": "Feature", "geometry": {"type": "Point", "coordinates": [9.27612, 36.68457]}, "properties": {"record_id": "oai:u-bordeaux-montaigne.fr:340412", "symbol_class": "building", "pixel_x": 3501.7, "pixel_y": 1652.1, "easting": 444206.0, "northing": 375948.7, "epsg_source": 22391}}, {"type": "Feature", "geometry": {"type": "Point", "coordinates": [9.16512, 36.69063]}, "properties": {"record_id": "oai:u-bordeaux-montaigne.fr:340412", "symbol_class": "building", "pixel_x": 1197.5, "pixel_y": 1658.0, "easting": 434292.6, "northing": 376689.4, "epsg_source": 22391}}, {"type": "Feature", "geometry": {"type": "Point", "coordinates": [9.27627, 36.68423]}, "properties": {"record_id": "oai:u-bordeaux-montaigne.fr:340412", "symbol_class": "building", "pixel_x": 3505.4, "pixel_y": 1660.8, "easting": 444218.9, "northing": 375910.7, "epsg_source": 22391}}, {"type": "Feature", "geometry": {"type": "Point", "coordinates": [9.378, 36.67791]}, "properties": {"record_id": "oai:u-bordeaux-montaigne.fr:340412", "symbol_class": "building", "pixel_x": 5618.5, "pixel_y": 1673.3, "easting": 453304.4, "northing": 375155.5, "epsg_source": 22391}}, {"type": "Feature", "geometry": {"type": "Point", "coordinates": [9.16488, 36.69029]}, "properties": {"record_id": "oai:u-bordeaux-montaigne.fr:340412", "symbol_class": "building", "pixel_x": 1193.3, "pixel_y": 1667.2, "easting": 434271.6, "northing": 376652.3, "epsg_source": 22391}}, {"type": "Feature", "geometry": {"type": "Point", "coordinates": [9.40897, 36.67638]}, "properties": {"record_id": "oai:u-bordeaux-montaigne.fr:340412", "symbol_class": "building", "pixel_x": 6261.2, "pixel_y": 1666.2, "easting": 456071.4, "northing": 374971.9, "epsg_source": 22391}}, {"type": "Feature", "geometry": {"type": "Point", "coordinates": [9.19771, 36.68819]}, "properties": {"record_id": "oai:u-bordeaux-montaigne.fr:340412", "symbol_class": "building", "pixel_x": 1875.1, "pixel_y": 1673.9, "easting": 437202.2, "northing": 376397.4, "epsg_source": 22391}}, {"type": "Feature", "geometry": {"type": "Point", "coordinates": [9.20132, 36.68782]}, "properties": {"record_id": "oai:u-bordeaux-montaigne.fr:340412", "symbol_class": "building", "pixel_x": 1950.5, "pixel_y": 1678.2, "easting": 437525.3, "northing": 376354.0, "epsg_source": 22391}}, {"type": "Feature", "geometry": {"type": "Point", "coordinates": [9.27675, 36.68341]}, "properties": {"record_id": "oai:u-bordeaux-montaigne.fr:340412", "symbol_class": "building", "pixel_x": 3516.7, "pixel_y": 1681.7, "easting": 444261.0, "northing": 375818.9, "epsg_source": 22391}}, {"type": "Feature", "geometry": {"type": "Point", "coordinates": [9.20358, 36.68742]}, "properties": {"record_id": "oai:u-bordeaux-montaigne.fr:340412", "symbol_class": "building", "pixel_x": 1997.9, "pixel_y": 1685.2, "easting": 437726.9, "northing": 376308.6, "epsg_source": 22391}}, {"type": "Feature", "geometry": {"type": "Point", "coordinates": [9.37806, 36.67745]}, "properties": {"record_id": "oai:u-bordeaux-montaigne.fr:340412", "symbol_class": "building", "pixel_x": 5620.7, "pixel_y": 1685.3, "easting": 453310.1, "northing": 375104.3, "epsg_source": 22391}}, {"type": "Feature", "geometry": {"type": "Point", "coordinates": [9.27713, 36.68307]}, "properties": {"record_id": "oai:u-bordeaux-montaigne.fr:340412", "symbol_class": "building", "pixel_x": 3525.2, "pixel_y": 1690.0, "easting": 444294.7, "northing": 375780.8, "epsg_source": 22391}}, {"type": "Feature", "geometry": {"type": "Point", "coordinates": [9.16401, 36.6895]}, "properties": {"record_id": "oai:u-bordeaux-montaigne.fr:340412", "symbol_class": "building", "pixel_x": 1176.6, "pixel_y": 1689.0, "easting": 434192.7, "northing": 376565.5, "epsg_source": 22391}}, {"type": "Feature", "geometry": {"type": "Point", "coordinates": [9.25127, 36.68447]}, "properties": {"record_id": "oai:u-bordeaux-montaigne.fr:340412", "symbol_class": "building", "pixel_x": 2988.5, "pixel_y": 1691.7, "easting": 441985.5, "northing": 375952.1, "epsg_source": 22391}}, {"type": "Feature", "geometry": {"type": "Point", "coordinates": [9.16477, 36.68932]}, "properties": {"record_id": "oai:u-bordeaux-montaigne.fr:340412", "symbol_class": "building", "pixel_x": 1192.6, "pixel_y": 1692.7, "easting": 434260.3, "northing": 376544.7, "epsg_source": 22391}}, {"type": "Feature", "geometry": {"type": "Point", "coordinates": [9.46039, 36.67221]}, "properties": {"record_id": "oai:u-bordeaux-montaigne.fr:340412", "symbol_class": "building", "pixel_x": 7331.1, "pixel_y": 1696.8, "easting": 460663.6, "northing": 374487.4, "epsg_source": 22391}}, {"type": "Feature", "geometry": {"type": "Point", "coordinates": [9.46086, 36.67208]}, "properties": {"record_id": "oai:u-bordeaux-montaigne.fr:340412", "symbol_class": "building", "pixel_x": 7341.2, "pixel_y": 1699.5, "easting": 460706.4, "northing": 374472.4, "epsg_source": 22391}}, {"type": "Feature", "geometry": {"type": "Point", "coordinates": [9.16371, 36.68894]}, "properties": {"record_id": "oai:u-bordeaux-montaigne.fr:340412", "symbol_class": "building", "pixel_x": 1171.4, "pixel_y": 1704.2, "easting": 434165.5, "northing": 376503.1, "epsg_source": 22391}}, {"type": "Feature", "geometry": {"type": "Point", "coordinates": [9.46037, 36.67194]}, "properties": {"record_id": "oai:u-bordeaux-montaigne.fr:340412", "symbol_class": "building", "pixel_x": 7331.2, "pixel_y": 1703.8, "easting": 460661.8, "northing": 374457.5, "epsg_source": 22391}}, {"type": "Feature", "geometry": {"type": "Point", "coordinates": [9.2589, 36.68339]}, "properties": {"record_id": "oai:u-bordeaux-montaigne.fr:340412", "symbol_class": "building", "pixel_x": 3147.9, "pixel_y": 1708.6, "easting": 442666.1, "northing": 375827.6, "epsg_source": 22391}}, {"type": "Feature", "geometry": {"type": "Point", "coordinates": [9.46084, 36.67164]}, "properties": {"record_id": "oai:u-bordeaux-montaigne.fr:340412", "symbol_class": "building", "pixel_x": 7341.5, "pixel_y": 1711.1, "easting": 460704.0, "northing": 374423.3, "epsg_source": 22391}}, {"type": "Feature", "geometry": {"type": "Point", "coordinates": [9.27719, 36.6823]}, "properties": {"record_id": "oai:u-bordeaux-montaigne.fr:340412", "symbol_class": "building", "pixel_x": 3527.9, "pixel_y": 1710.1, "easting": 444299.9, "northing": 375695.2, "epsg_source": 22391}}, {"type": "Feature", "geometry": {"type": "Point", "coordinates": [9.46039, 36.67164]}, "properties": {"record_id": "oai:u-bordeaux-montaigne.fr:340412", "symbol_class": "building", "pixel_x": 7332.3, "pixel_y": 1711.7, "easting": 460664.2, "northing": 374423.9, "epsg_source": 22391}}, {"type": "Feature", "geometry": {"type": "Point", "coordinates": [9.46131, 36.67135]}, "properties": {"record_id": "oai:u-bordeaux-montaigne.fr:340412", "symbol_class": "building", "pixel_x": 7351.9, "pixel_y": 1717.8, "easting": 460746.2, "northing": 374391.5, "epsg_source": 22391}}, {"type": "Feature", "geometry": {"type": "Point", "coordinates": [9.45277, 36.67173]}, "properties": {"record_id": "oai:u-bordeaux-montaigne.fr:340412", "symbol_class": "building", "pixel_x": 7174.6, "pixel_y": 1721.1, "easting": 459982.9, "northing": 374436.5, "epsg_source": 22391}}, {"type": "Feature", "geometry": {"type": "Point", "coordinates": [9.46173, 36.67102]}, "properties": {"record_id": "oai:u-bordeaux-montaigne.fr:340412", "symbol_class": "building", "pixel_x": 7361.1, "pixel_y": 1725.8, "easting": 460783.5, "northing": 374354.8, "epsg_source": 22391}}, {"type": "Feature", "geometry": {"type": "Point", "coordinates": [9.35616, 36.67709]}, "properties": {"record_id": "oai:u-bordeaux-montaigne.fr:340412", "symbol_class": "building", "pixel_x": 5168.8, "pixel_y": 1727.7, "easting": 451352.7, "northing": 375075.4, "epsg_source": 22391}}, {"type": "Feature", "geometry": {"type": "Point", "coordinates": [9.45739, 36.67101]}, "properties": {"record_id": "oai:u-bordeaux-montaigne.fr:340412", "symbol_class": "building", "pixel_x": 7271.3, "pixel_y": 1732.7, "easting": 460395.0, "northing": 374355.3, "epsg_source": 22391}}, {"type": "Feature", "geometry": {"type": "Point", "coordinates": [9.46128, 36.67083]}, "properties": {"record_id": "oai:u-bordeaux-montaigne.fr:340412", "symbol_class": "building", "pixel_x": 7352.0, "pixel_y": 1731.4, "easting": 460742.7, "northing": 374334.1, "epsg_source": 22391}}, {"type": "Feature", "geometry": {"type": "Point", "coordinates": [9.20033, 36.68566]}, "properties": {"record_id": "oai:u-bordeaux-montaigne.fr:340412", "symbol_class": "building", "pixel_x": 1933.8, "pixel_y": 1736.2, "easting": 437434.6, "northing": 376114.8, "epsg_source": 22391}}, {"type": "Feature", "geometry": {"type": "Point", "coordinates": [9.45765, 36.67057]}, "properties": {"record_id": "oai:u-bordeaux-montaigne.fr:340412", "symbol_class": "building", "pixel_x": 7277.6, "pixel_y": 1743.7, "easting": 460418.6, "northing": 374306.8, "epsg_source": 22391}}, {"type": "Feature", "geometry": {"type": "Point", "coordinates": [9.41576, 36.67293]}, "properties": {"record_id": "oai:u-bordeaux-montaigne.fr:340412", "symbol_class": "building", "pixel_x": 6407.7, "pixel_y": 1746.1, "easting": 456676.1, "northing": 374585.9, "epsg_source": 22391}}, {"type": "Feature", "geometry": {"type": "Point", "coordinates": [9.50218, 36.66771]}, "properties": {"record_id": "oai:u-bordeaux-montaigne.fr:340412", "symbol_class": "building", "pixel_x": 8202.9, "pixel_y": 1750.2, "easting": 464396.8, "northing": 373972.0, "epsg_source": 22391}}, {"type": "Feature", "geometry": {"type": "Point", "coordinates": [9.43527, 36.67146]}, "properties": {"record_id": "oai:u-bordeaux-montaigne.fr:340412", "symbol_class": "building", "pixel_x": 6813.5, "pixel_y": 1754.7, "easting": 458418.7, "northing": 374414.7, "epsg_source": 22391}}, {"type": "Feature", "geometry": {"type": "Point", "coordinates": [9.50085, 36.66771]}, "properties": {"record_id": "oai:u-bordeaux-montaigne.fr:340412", "symbol_class": "building", "pixel_x": 8175.4, "pixel_y": 1752.3, "easting": 464277.5, "northing": 373972.1, "epsg_source": 22391}}, {"type": "Feature", "geometry": {"type": "Point", "coordinates": [9.43413, 36.67138]}, "properties": {"record_id": "oai:u-bordeaux-montaigne.fr:340412", "symbol_class": "building", "pixel_x": 6790.1, "pixel_y": 1758.6, "easting": 458316.9, "northing": 374405.8, "epsg_source": 22391}}, {"type": "Feature", "geometry": {"type": "Point", "coordinates": [9.49812, 36.66771]}, "properties": {"record_id": "oai:u-bordeaux-montaigne.fr:340412", "symbol_class": "building", "pixel_x": 8119.0, "pixel_y": 1756.5, "easting": 464033.7, "northing": 373973.4, "epsg_source": 22391}}, {"type": "Feature", "geometry": {"type": "Point", "coordinates": [9.22403, 36.68304]}, "properties": {"record_id": "oai:u-bordeaux-montaigne.fr:340412", "symbol_class": "building", "pixel_x": 2428.0, "pixel_y": 1769.5, "easting": 439550.0, "northing": 375809.8, "epsg_source": 22391}}, {"type": "Feature", "geometry": {"type": "Point", "coordinates": [9.4132, 36.67208]}, "properties": {"record_id": "oai:u-bordeaux-montaigne.fr:340412", "symbol_class": "building", "pixel_x": 6356.4, "pixel_y": 1772.1, "easting": 456447.0, "northing": 374493.1, "epsg_source": 22391}}, {"type": "Feature", "geometry": {"type": "Point", "coordinates": [9.45231, 36.66982]}, "properties": {"record_id": "oai:u-bordeaux-montaigne.fr:340412", "symbol_class": "building", "pixel_x": 7168.5, "pixel_y": 1771.7, "easting": 459940.3, "northing": 374224.9, "epsg_source": 22391}}, {"type": "Feature", "geometry": {"type": "Point", "coordinates": [9.41509, 36.67204]}, "properties": {"record_id": "oai:u-bordeaux-montaigne.fr:340412", "symbol_class": "building", "pixel_x": 6395.4, "pixel_y": 1770.4, "easting": 456615.4, "northing": 374487.2, "epsg_source": 22391}}, {"type": "Feature", "geometry": {"type": "Point", "coordinates": [9.41986, 36.67163]}, "properties": {"record_id": "oai:u-bordeaux-montaigne.fr:340412", "symbol_class": "building", "pixel_x": 6494.9, "pixel_y": 1773.7, "easting": 457042.2, "northing": 374440.3, "epsg_source": 22391}}, {"type": "Feature", "geometry": {"type": "Point", "coordinates": [9.21142, 36.68334]}, "properties": {"record_id": "oai:u-bordeaux-montaigne.fr:340412", "symbol_class": "building", "pixel_x": 2167.0, "pixel_y": 1780.3, "easting": 438423.7, "northing": 375850.9, "epsg_source": 22391}}, {"type": "Feature", "geometry": {"type": "Point", "coordinates": [9.41454, 36.67173]}, "properties": {"record_id": "oai:u-bordeaux-montaigne.fr:340412", "symbol_class": "building", "pixel_x": 6384.7, "pixel_y": 1779.2, "easting": 456566.4, "northing": 374453.9, "epsg_source": 22391}}, {"type": "Feature", "geometry": {"type": "Point", "coordinates": [9.45235, 36.66946]}, "properties": {"record_id": "oai:u-bordeaux-montaigne.fr:340412", "symbol_class": "building", "pixel_x": 7170.0, "pixel_y": 1780.9, "easting": 459943.8, "northing": 374185.6, "epsg_source": 22391}}, {"type": "Feature", "geometry": {"type": "Point", "coordinates": [9.4057, 36.67209]}, "properties": {"record_id": "oai:u-bordeaux-montaigne.fr:340412", "symbol_class": "building", "pixel_x": 6201.4, "pixel_y": 1783.3, "easting": 455776.6, "northing": 374497.3, "epsg_source": 22391}}, {"type": "Feature", "geometry": {"type": "Point", "coordinates": [9.41109, 36.6718]}, "properties": {"record_id": "oai:u-bordeaux-montaigne.fr:340412", "symbol_class": "building", "pixel_x": 6313.3, "pixel_y": 1782.7, "easting": 456258.3, "northing": 374462.8, "epsg_source": 22391}}, {"type": "Feature", "geometry": {"type": "Point", "coordinates": [9.41184, 36.67171]}, "properties": {"record_id": "oai:u-bordeaux-montaigne.fr:340412", "symbol_class": "building", "pixel_x": 6329.0, "pixel_y": 1784.0, "easting": 456325.2, "northing": 374451.9, "epsg_source": 22391}}, {"type": "Feature", "geometry": {"type": "Point", "coordinates": [9.45273, 36.66925]}, "properties": {"record_id": "oai:u-bordeaux-montaigne.fr:340412", "symbol_class": "building", "pixel_x": 7178.3, "pixel_y": 1785.8, "easting": 459978.1, "northing": 374162.0, "epsg_source": 22391}}, {"type": "Feature", "geometry": {"type": "Point", "coordinates": [9.21108, 36.68309]}, "properties": {"record_id": "oai:u-bordeaux-montaigne.fr:340412", "symbol_class": "building", "pixel_x": 2160.5, "pixel_y": 1787.5, "easting": 438393.5, "northing": 375822.7, "epsg_source": 22391}}, {"type": "Feature", "geometry": {"type": "Point", "coordinates": [9.41994, 36.67116]}, "properties": {"record_id": "oai:u-bordeaux-montaigne.fr:340412", "symbol_class": "building", "pixel_x": 6497.4, "pixel_y": 1786.0, "easting": 457048.9, "northing": 374387.6, "epsg_source": 22391}}, {"type": "Feature", "geometry": {"type": "Point", "coordinates": [9.4535, 36.66915]}, "properties": {"record_id": "oai:u-bordeaux-montaigne.fr:340412", "symbol_class": "building", "pixel_x": 7194.4, "pixel_y": 1787.4, "easting": 460046.7, "northing": 374150.0, "epsg_source": 22391}}, {"type": "Feature", "geometry": {"type": "Point", "coordinates": [9.41414, 36.67136]}, "properties": {"record_id": "oai:u-bordeaux-montaigne.fr:340412", "symbol_class": "building", "pixel_x": 6377.1, "pixel_y": 1789.6, "easting": 456530.4, "northing": 374412.3, "epsg_source": 22391}}, {"type": "Feature", "geometry": {"type": "Point", "coordinates": [9.39742, 36.67195]}, "properties": {"record_id": "oai:u-bordeaux-montaigne.fr:340412", "symbol_class": "building", "pixel_x": 6030.7, "pixel_y": 1799.6, "easting": 455037.0, "northing": 374485.5, "epsg_source": 22391}}, {"type": "Feature", "geometry": {"type": "Point", "coordinates": [9.45455, 36.66877]}, "properties": {"record_id": "oai:u-bordeaux-montaigne.fr:340412", "symbol_class": "building", "pixel_x": 7216.8, "pixel_y": 1795.5, "easting": 460140.6, "northing": 374108.5, "epsg_source": 22391}}, {"type": "Feature", "geometry": {"type": "Point", "coordinates": [9.47338, 36.66764]}, "properties": {"record_id": "oai:u-bordeaux-montaigne.fr:340412", "symbol_class": "building", "pixel_x": 7607.9, "pixel_y": 1796.4, "easting": 461822.7, "northing": 373974.7, "epsg_source": 22391}}, {"type": "Feature", "geometry": {"type": "Point", "coordinates": [9.24899, 36.68038]}, "properties": {"record_id": "oai:u-bordeaux-montaigne.fr:340412", "symbol_class": "building", "pixel_x": 2948.6, "pixel_y": 1802.0, "easting": 441778.9, "northing": 375499.6, "epsg_source": 22391}}, {"type": "Feature", "geometry": {"type": "Point", "coordinates": [9.22294, 36.68166]}, "properties": {"record_id": "oai:u-bordeaux-montaigne.fr:340412", "symbol_class": "building", "pixel_x": 2408.0, "pixel_y": 1807.1, "easting": 439451.8, "northing": 375657.5, "epsg_source": 22391}}, {"type": "Feature", "geometry": {"type": "Point", "coordinates": [9.41237, 36.67035]}, "properties": {"record_id": "oai:u-bordeaux-montaigne.fr:340412", "symbol_class": "building", "pixel_x": 6342.5, "pixel_y": 1818.7, "easting": 456372.1, "northing": 374300.8, "epsg_source": 22391}}, {"type": "Feature", "geometry": {"type": "Point", "coordinates": [9.45589, 36.66756]}, "properties": {"record_id": "oai:u-bordeaux-montaigne.fr:340412", "symbol_class": "building", "pixel_x": 7246.8, "pixel_y": 1825.0, "easting": 460260.0, "northing": 373973.7, "epsg_source": 22391}}, {"type": "Feature", "geometry": {"type": "Point", "coordinates": [9.44737, 36.66754]}, "properties": {"record_id": "oai:u-bordeaux-montaigne.fr:340412", "symbol_class": "building", "pixel_x": 7070.6, "pixel_y": 1838.6, "easting": 459497.9, "northing": 373974.8, "epsg_source": 22391}}, {"type": "Feature", "geometry": {"type": "Point", "coordinates": [9.40549, 36.66964]}, "properties": {"record_id": "oai:u-bordeaux-montaigne.fr:340412", "symbol_class": "building", "pixel_x": 6201.5, "pixel_y": 1847.6, "easting": 455756.4, "northing": 374225.7, "epsg_source": 22391}}, {"type": "Feature", "geometry": {"type": "Point", "coordinates": [9.47463, 36.66549]}, "properties": {"record_id": "oai:u-bordeaux-montaigne.fr:340412", "symbol_class": "building", "pixel_x": 7637.8, "pixel_y": 1850.5, "easting": 461933.8, "northing": 373736.1, "epsg_source": 22391}}, {"type": "Feature", "geometry": {"type": "Point", "coordinates": [9.40602, 36.66929]}, "properties": {"record_id": "oai:u-bordeaux-montaigne.fr:340412", "symbol_class": "building", "pixel_x": 6213.1, "pixel_y": 1855.9, "easting": 455803.8, "northing": 374186.8, "epsg_source": 22391}}, {"type": "Feature", "geometry": {"type": "Point", "coordinates": [9.20267, 36.68031]}, "properties": {"record_id": "oai:u-bordeaux-montaigne.fr:340412", "symbol_class": "building", "pixel_x": 1991.6, "pixel_y": 1872.3, "easting": 437639.9, "northing": 375520.5, "epsg_source": 22391}}, {"type": "Feature", "geometry": {"type": "Point", "coordinates": [9.20285, 36.67978]}, "properties": {"record_id": "oai:u-bordeaux-montaigne.fr:340412", "symbol_class": "building", "pixel_x": 1996.2, "pixel_y": 1886.0, "easting": 437655.3, "northing": 375461.5, "epsg_source": 22391}}, {"type": "Feature", "geometry": {"type": "Point", "coordinates": [9.42004, 36.66745]}, "properties": {"record_id": "oai:u-bordeaux-montaigne.fr:340412", "symbol_class": "building", "pixel_x": 6506.2, "pixel_y": 1882.9, "easting": 457056.0, "northing": 373975.6, "epsg_source": 22391}}, {"type": "Feature", "geometry": {"type": "Point", "coordinates": [9.39906, 36.66846]}, "properties": {"record_id": "oai:u-bordeaux-montaigne.fr:340412", "symbol_class": "building", "pixel_x": 6070.7, "pixel_y": 1888.2, "easting": 455181.0, "northing": 374097.7, "epsg_source": 22391}}, {"type": "Feature", "geometry": {"type": "Point", "coordinates": [9.44257, 36.66573]}, "properties": {"record_id": "oai:u-bordeaux-montaigne.fr:340412", "symbol_class": "building", "pixel_x": 6974.7, "pixel_y": 1893.3, "easting": 459067.8, "northing": 373776.0, "epsg_source": 22391}}, {"type": "Feature", "geometry": {"type": "Point", "coordinates": [9.41356, 36.6674]}, "properties": {"record_id": "oai:u-bordeaux-montaigne.fr:340412", "symbol_class": "building", "pixel_x": 6372.3, "pixel_y": 1894.0, "easting": 456476.4, "northing": 373973.1, "epsg_source": 22391}}, {"type": "Feature", "geometry": {"type": "Point", "coordinates": [9.27462, 36.67507]}, "properties": {"record_id": "oai:u-bordeaux-montaigne.fr:340412", "symbol_class": "building", "pixel_x": 3487.5, "pixel_y": 1902.8, "easting": 444064.7, "northing": 374894.9, "epsg_source": 22391}}, {"type": "Feature", "geometry": {"type": "Point", "coordinates": [9.27514, 36.67508]}, "properties": {"record_id": "oai:u-bordeaux-montaigne.fr:340412", "symbol_class": "building", "pixel_x": 3498.3, "pixel_y": 1901.8, "easting": 444111.5, "northing": 374895.6, "epsg_source": 22391}}, {"type": "Feature", "geometry": {"type": "Point", "coordinates": [9.44223, 36.66541]}, "properties": {"record_id": "oai:u-bordeaux-montaigne.fr:340412", "symbol_class": "building", "pixel_x": 6968.4, "pixel_y": 1902.1, "easting": 459038.0, "northing": 373740.6, "epsg_source": 22391}}, {"type": "Feature", "geometry": {"type": "Point", "coordinates": [9.29483, 36.67381]}, "properties": {"record_id": "oai:u-bordeaux-montaigne.fr:340412", "symbol_class": "building", "pixel_x": 3907.4, "pixel_y": 1905.5, "easting": 445869.9, "northing": 374743.6, "epsg_source": 22391}}, {"type": "Feature", "geometry": {"type": "Point", "coordinates": [9.49692, 36.66202]}, "properties": {"record_id": "oai:u-bordeaux-montaigne.fr:340412", "symbol_class": "building", "pixel_x": 8104.5, "pixel_y": 1906.9, "easting": 463923.4, "northing": 373342.9, "epsg_source": 22391}}, {"type": "Feature", "geometry": {"type": "Point", "coordinates": [9.4956, 36.66191]}, "properties": {"record_id": "oai:u-bordeaux-montaigne.fr:340412", "symbol_class": "building", "pixel_x": 8077.5, "pixel_y": 1911.8, "easting": 463805.6, "northing": 373331.1, "epsg_source": 22391}}, {"type": "Feature", "geometry": {"type": "Point", "coordinates": [9.30794, 36.67265]}, "properties": {"record_id": "oai:u-bordeaux-montaigne.fr:340412", "symbol_class": "building", "pixel_x": 4180.5, "pixel_y": 1916.3, "easting": 447041.1, "northing": 374607.5, "epsg_source": 22391}}, {"type": "Feature", "geometry": {"type": "Point", "coordinates": [9.2882, 36.67367]}, "properties": {"record_id": "oai:u-bordeaux-montaigne.fr:340412", "symbol_class": "building", "pixel_x": 3770.5, "pixel_y": 1918.9, "easting": 445277.0, "northing": 374732.6, "epsg_source": 22391}}, {"type": "Feature", "geometry": {"type": "Point", "coordinates": [9.41406, 36.66623]}, "properties": {"record_id": "oai:u-bordeaux-montaigne.fr:340412", "symbol_class": "building", "pixel_x": 6384.8, "pixel_y": 1923.7, "easting": 456520.6, "northing": 373843.4, "epsg_source": 22391}}, {"type": "Feature", "geometry": {"type": "Point", "coordinates": [9.49676, 36.66138]}, "properties": {"record_id": "oai:u-bordeaux-montaigne.fr:340412", "symbol_class": "building", "pixel_x": 8102.6, "pixel_y": 1923.9, "easting": 463909.5, "northing": 373271.8, "epsg_source": 22391}}, {"type": "Feature", "geometry": {"type": "Point", "coordinates": [9.49723, 36.66124]}, "properties": {"record_id": "oai:u-bordeaux-montaigne.fr:340412", "symbol_class": "building", "pixel_x": 8112.6, "pixel_y": 1926.9, "easting": 463951.6, "northing": 373255.6, "epsg_source": 22391}}, {"type": "Feature", "geometry": {"type": "Point", "coordinates": [9.49668, 36.6611]}, "properties": {"record_id": "oai:u-bordeaux-montaigne.fr:340412", "symbol_class": "building", "pixel_x": 8101.4, "pixel_y": 1931.5, "easting": 463902.0, "northing": 373240.2, "epsg_source": 22391}}, {"type": "Feature", "geometry": {"type": "Point", "coordinates": [9.4475, 36.66385]}, "properties": {"record_id": "oai:u-bordeaux-montaigne.fr:340412", "symbol_class": "building", "pixel_x": 7080.1, "pixel_y": 1934.8, "easting": 459508.0, "northing": 373565.6, "epsg_source": 22391}}, {"type": "Feature", "geometry": {"type": "Point", "coordinates": [9.49718, 36.66094]}, "properties": {"record_id": "oai:u-bordeaux-montaigne.fr:340412", "symbol_class": "building", "pixel_x": 8112.0, "pixel_y": 1934.8, "easting": 463946.8, "northing": 373222.8, "epsg_source": 22391}}, {"type": "Feature", "geometry": {"type": "Point", "coordinates": [9.16284, 36.67996]}, "properties": {"record_id": "oai:u-bordeaux-montaigne.fr:340412", "symbol_class": "building", "pixel_x": 1169.2, "pixel_y": 1940.3, "easting": 434080.7, "northing": 375506.9, "epsg_source": 22391}}, {"type": "Feature", "geometry": {"type": "Point", "coordinates": [9.19895, 36.67782]}, "properties": {"record_id": "oai:u-bordeaux-montaigne.fr:340412", "symbol_class": "building", "pixel_x": 1919.0, "pixel_y": 1943.0, "easting": 437304.9, "northing": 375246.2, "epsg_source": 22391}}, {"type": "Feature", "geometry": {"type": "Point", "coordinates": [9.20132, 36.67751]}, "properties": {"record_id": "oai:u-bordeaux-montaigne.fr:340412", "symbol_class": "building", "pixel_x": 1968.6, "pixel_y": 1947.7, "easting": 437516.6, "northing": 375210.1, "epsg_source": 22391}}, {"type": "Feature", "geometry": {"type": "Point", "coordinates": [9.41447, 36.66527]}, "properties": {"record_id": "oai:u-bordeaux-montaigne.fr:340412", "symbol_class": "building", "pixel_x": 6395.0, "pixel_y": 1948.2, "easting": 456556.9, "northing": 373736.5, "epsg_source": 22391}}, {"type": "Feature", "geometry": {"type": "Point", "coordinates": [9.48707, 36.66105]}, "properties": {"record_id": "oai:u-bordeaux-montaigne.fr:340412", "symbol_class": "building", "pixel_x": 7902.8, "pixel_y": 1947.5, "easting": 463042.8, "northing": 373238.6, "epsg_source": 22391}}, {"type": "Feature", "geometry": {"type": "Point", "coordinates": [9.46614, 36.66218]}, "properties": {"record_id": "oai:u-bordeaux-montaigne.fr:340412", "symbol_class": "building", "pixel_x": 7468.4, "pixel_y": 1950.0, "easting": 461173.2, "northing": 373372.5, "epsg_source": 22391}}, {"type": "Feature", "geometry": {"type": "Point", "coordinates": [9.14769, 36.68041]}, "properties": {"record_id": "oai:u-bordeaux-montaigne.fr:340412", "symbol_class": "building", "pixel_x": 855.3, "pixel_y": 1950.7, "easting": 432727.1, "northing": 375567.2, "epsg_source": 22391}}, {"type": "Feature", "geometry": {"type": "Point", "coordinates": [9.16253, 36.67959]}, "properties": {"record_id": "oai:u-bordeaux-montaigne.fr:340412", "symbol_class": "building", "pixel_x": 1163.4, "pixel_y": 1950.4, "easting": 434052.6, "northing": 375466.1, "epsg_source": 22391}}, {"type": "Feature", "geometry": {"type": "Point", "coordinates": [9.14719, 36.68023]}, "properties": {"record_id": "oai:u-bordeaux-montaigne.fr:340412", "symbol_class": "building", "pixel_x": 845.3, "pixel_y": 1956.1, "easting": 432682.4, "northing": 375547.8, "epsg_source": 22391}}, {"type": "Feature", "geometry": {"type": "Point", "coordinates": [9.16069, 36.67939]}, "properties": {"record_id": "oai:u-bordeaux-montaigne.fr:340412", "symbol_class": "building", "pixel_x": 1125.8, "pixel_y": 1958.2, "easting": 433888.0, "northing": 375445.9, "epsg_source": 22391}}, {"type": "Feature", "geometry": {"type": "Point", "coordinates": [9.44988, 36.66277]}, "properties": {"record_id": "oai:u-bordeaux-montaigne.fr:340412", "symbol_class": "building", "pixel_x": 7131.2, "pixel_y": 1959.5, "easting": 459719.9, "northing": 373444.2, "epsg_source": 22391}}, {"type": "Feature", "geometry": {"type": "Point", "coordinates": [9.14585, 36.68008]}, "properties": {"record_id": "oai:u-bordeaux-montaigne.fr:340412", "symbol_class": "building", "pixel_x": 817.8, "pixel_y": 1961.9, "easting": 432562.2, "northing": 375532.5, "epsg_source": 22391}}, {"type": "Feature", "geometry": {"type": "Point", "coordinates": [9.44809, 36.66251]}, "properties": {"record_id": "oai:u-bordeaux-montaigne.fr:340412", "symbol_class": "building", "pixel_x": 7094.7, "pixel_y": 1969.1, "easting": 459559.6, "northing": 373416.0, "epsg_source": 22391}}, {"type": "Feature", "geometry": {"type": "Point", "coordinates": [9.4715, 36.66123]}, "properties": {"record_id": "oai:u-bordeaux-montaigne.fr:340412", "symbol_class": "building", "pixel_x": 7580.8, "pixel_y": 1966.7, "easting": 461651.4, "northing": 373264.3, "epsg_source": 22391}}, {"type": "Feature", "geometry": {"type": "Point", "coordinates": [9.31997, 36.66992]}, "properties": {"record_id": "oai:u-bordeaux-montaigne.fr:340412", "symbol_class": "building", "pixel_x": 4433.8, "pixel_y": 1969.5, "easting": 448113.7, "northing": 374298.5, "epsg_source": 22391}}, {"type": "Feature", "geometry": {"type": "Point", "coordinates": [9.31961, 36.66989]}, "properties": {"record_id": "oai:u-bordeaux-montaigne.fr:340412", "symbol_class": "building", "pixel_x": 4426.4, "pixel_y": 1970.8, "easting": 448081.7, "northing": 374295.6, "epsg_source": 22391}}, {"type": "Feature", "geometry": {"type": "Point", "coordinates": [9.38108, 36.66639]}, "properties": {"record_id": "oai:u-bordeaux-montaigne.fr:340412", "symbol_class": "building", "pixel_x": 5703.0, "pixel_y": 1969.5, "easting": 453573.3, "northing": 373876.7, "epsg_source": 22391}}, {"type": "Feature", "geometry": {"type": "Point", "coordinates": [9.44853, 36.66212]}, "properties": {"record_id": "oai:u-bordeaux-montaigne.fr:340412", "symbol_class": "building", "pixel_x": 7104.5, "pixel_y": 1978.6, "easting": 459598.9, "northing": 373372.4, "epsg_source": 22391}}, {"type": "Feature", "geometry": {"type": "Point", "coordinates": [9.47146, 36.6608]}, "properties": {"record_id": "oai:u-bordeaux-montaigne.fr:340412", "symbol_class": "building", "pixel_x": 7580.8, "pixel_y": 1977.9, "easting": 461647.9, "northing": 373217.3, "epsg_source": 22391}}, {"type": "Feature", "geometry": {"type": "Point", "coordinates": [9.31992, 36.66947]}, "properties": {"record_id": "oai:u-bordeaux-montaigne.fr:340412", "symbol_class": "building", "pixel_x": 4433.7, "pixel_y": 1981.4, "easting": 448109.6, "northing": 374248.4, "epsg_source": 22391}}, {"type": "Feature", "geometry": {"type": "Point", "coordinates": [9.25895, 36.67278]}, "properties": {"record_id": "oai:u-bordeaux-montaigne.fr:340412", "symbol_class": "building", "pixel_x": 3167.8, "pixel_y": 1985.8, "easting": 442663.0, "northing": 374650.3, "epsg_source": 22391}}, {"type": "Feature", "geometry": {"type": "Point", "coordinates": [9.16157, 36.67807]}, "properties": {"record_id": "oai:u-bordeaux-montaigne.fr:340412", "symbol_class": "building", "pixel_x": 1146.2, "pixel_y": 1991.4, "easting": 433965.2, "northing": 375298.7, "epsg_source": 22391}}, {"type": "Feature", "geometry": {"type": "Point", "coordinates": [9.4793, 36.65991]}, "properties": {"record_id": "oai:u-bordeaux-montaigne.fr:340412", "symbol_class": "building", "pixel_x": 7744.4, "pixel_y": 1989.1, "easting": 462348.1, "northing": 373115.6, "epsg_source": 22391}}, {"type": "Feature", "geometry": {"type": "Point", "coordinates": [9.2612, 36.6724]}, "properties": {"record_id": "oai:u-bordeaux-montaigne.fr:340412", "symbol_class": "building", "pixel_x": 3215.0, "pixel_y": 1992.5, "easting": 442863.8, "northing": 374606.3, "epsg_source": 22391}}, {"type": "Feature", "geometry": {"type": "Point", "coordinates": [9.28121, 36.67121]}, "properties": {"record_id": "oai:u-bordeaux-montaigne.fr:340412", "symbol_class": "building", "pixel_x": 3630.6, "pixel_y": 1993.8, "easting": 444651.0, "northing": 374463.0, "epsg_source": 22391}}, {"type": "Feature", "geometry": {"type": "Point", "coordinates": [9.45595, 36.66095]}, "properties": {"record_id": "oai:u-bordeaux-montaigne.fr:340412", "symbol_class": "building", "pixel_x": 7259.9, "pixel_y": 1997.8, "easting": 460261.4, "northing": 373239.5, "epsg_source": 22391}}, {"type": "Feature", "geometry": {"type": "Point", "coordinates": [9.21333, 36.67466]}, "properties": {"record_id": "oai:u-bordeaux-montaigne.fr:340412", "symbol_class": "building", "pixel_x": 2221.8, "pixel_y": 2004.5, "easting": 438587.8, "northing": 374886.0, "epsg_source": 22391}}, {"type": "Feature", "geometry": {"type": "Point", "coordinates": [9.44747, 36.66129]}, "properties": {"record_id": "oai:u-bordeaux-montaigne.fr:340412", "symbol_class": "building", "pixel_x": 7084.0, "pixel_y": 2001.9, "easting": 459503.4, "northing": 373281.0, "epsg_source": 22391}}, {"type": "Feature", "geometry": {"type": "Point", "coordinates": [9.49225, 36.6587]}, "properties": {"record_id": "oai:u-bordeaux-montaigne.fr:340412", "symbol_class": "building", "pixel_x": 8014.2, "pixel_y": 2000.8, "easting": 463504.7, "northing": 372976.1, "epsg_source": 22391}}, {"type": "Feature", "geometry": {"type": "Point", "coordinates": [9.447, 36.66107]}, "properties": {"record_id": "oai:u-bordeaux-montaigne.fr:340412", "symbol_class": "building", "pixel_x": 7074.8, "pixel_y": 2008.2, "easting": 459461.6, "northing": 373257.1, "epsg_source": 22391}}, {"type": "Feature", "geometry": {"type": "Point", "coordinates": [9.49115, 36.65867]}, "properties": {"record_id": "oai:u-bordeaux-montaigne.fr:340412", "symbol_class": "building", "pixel_x": 7991.5, "pixel_y": 2003.4, "easting": 463406.2, "northing": 372972.8, "epsg_source": 22391}}, {"type": "Feature", "geometry": {"type": "Point", "coordinates": [9.22101, 36.67396]}, "properties": {"record_id": "oai:u-bordeaux-montaigne.fr:340412", "symbol_class": "building", "pixel_x": 2381.8, "pixel_y": 2011.4, "easting": 439273.6, "northing": 374803.6, "epsg_source": 22391}}, {"type": "Feature", "geometry": {"type": "Point", "coordinates": [9.44746, 36.66092]}, "properties": {"record_id": "oai:u-bordeaux-montaigne.fr:340412", "symbol_class": "building", "pixel_x": 7084.6, "pixel_y": 2011.4, "easting": 459502.6, "northing": 373240.5, "epsg_source": 22391}}, {"type": "Feature", "geometry": {"type": "Point", "coordinates": [9.45617, 36.66047]}, "properties": {"record_id": "oai:u-bordeaux-montaigne.fr:340412", "symbol_class": "building", "pixel_x": 7265.3, "pixel_y": 2009.9, "easting": 460280.7, "northing": 373186.7, "epsg_source": 22391}}, {"type": "Feature", "geometry": {"type": "Point", "coordinates": [9.46712, 36.65923]}, "properties": {"record_id": "oai:u-bordeaux-montaigne.fr:340412", "symbol_class": "building", "pixel_x": 7493.9, "pixel_y": 2025.7, "easting": 461258.8, "northing": 373044.0, "epsg_source": 22391}}, {"type": "Feature", "geometry": {"type": "Point", "coordinates": [9.26067, 36.67108]}, "properties": {"record_id": "oai:u-bordeaux-montaigne.fr:340412", "symbol_class": "building", "pixel_x": 3206.4, "pixel_y": 2027.8, "easting": 442815.8, "northing": 374460.3, "epsg_source": 22391}}, {"type": "Feature", "geometry": {"type": "Point", "coordinates": [9.47638, 36.65865]}, "properties": {"record_id": "oai:u-bordeaux-montaigne.fr:340412", "symbol_class": "building", "pixel_x": 7686.4, "pixel_y": 2026.5, "easting": 462086.7, "northing": 372976.6, "epsg_source": 22391}}, {"type": "Feature", "geometry": {"type": "Point", "coordinates": [9.48828, 36.65783]}, "properties": {"record_id": "oai:u-bordeaux-montaigne.fr:340412", "symbol_class": "building", "pixel_x": 7933.7, "pixel_y": 2029.8, "easting": 463149.3, "northing": 372880.8, "epsg_source": 22391}}, {"type": "Feature", "geometry": {"type": "Point", "coordinates": [9.2449, 36.67177]}, "properties": {"record_id": "oai:u-bordeaux-montaigne.fr:340412", "symbol_class": "building", "pixel_x": 2879.3, "pixel_y": 2033.0, "easting": 441407.0, "northing": 374546.8, "epsg_source": 22391}}, {"type": "Feature", "geometry": {"type": "Point", "coordinates": [9.26045, 36.67066]}, "properties": {"record_id": "oai:u-bordeaux-montaigne.fr:340412", "symbol_class": "building", "pixel_x": 3202.5, "pixel_y": 2039.2, "easting": 442795.1, "northing": 374413.6, "epsg_source": 22391}}, {"type": "Feature", "geometry": {"type": "Point", "coordinates": [9.48849, 36.65748]}, "properties": {"record_id": "oai:u-bordeaux-montaigne.fr:340412", "symbol_class": "building", "pixel_x": 7938.8, "pixel_y": 2038.5, "easting": 463168.4, "northing": 372842.0, "epsg_source": 22391}}, {"type": "Feature", "geometry": {"type": "Point", "coordinates": [9.25983, 36.67028]}, "properties": {"record_id": "oai:u-bordeaux-montaigne.fr:340412", "symbol_class": "building", "pixel_x": 3190.4, "pixel_y": 2049.8, "easting": 442739.7, "northing": 374372.9, "epsg_source": 22391}}, {"type": "Feature", "geometry": {"type": "Point", "coordinates": [9.41822, 36.66136]}, "properties": {"record_id": "oai:u-bordeaux-montaigne.fr:340412", "symbol_class": "building", "pixel_x": 6479.6, "pixel_y": 2044.7, "easting": 456889.6, "northing": 373301.1, "epsg_source": 22391}}, {"type": "Feature", "geometry": {"type": "Point", "coordinates": [9.32017, 36.66682]}, "properties": {"record_id": "oai:u-bordeaux-montaigne.fr:340412", "symbol_class": "building", "pixel_x": 4443.5, "pixel_y": 2050.2, "easting": 448129.6, "northing": 373954.5, "epsg_source": 22391}}, {"type": "Feature", "geometry": {"type": "Point", "coordinates": [9.46475, 36.65859]}, "properties": {"record_id": "oai:u-bordeaux-montaigne.fr:340412", "symbol_class": "building", "pixel_x": 7446.1, "pixel_y": 2046.1, "easting": 461046.6, "northing": 372974.0, "epsg_source": 22391}}, {"type": "Feature", "geometry": {"type": "Point", "coordinates": [9.41845, 36.66108]}, "properties": {"record_id": "oai:u-bordeaux-montaigne.fr:340412", "symbol_class": "building", "pixel_x": 6484.8, "pixel_y": 2051.5, "easting": 456910.1, "northing": 373270.6, "epsg_source": 22391}}, {"type": "Feature", "geometry": {"type": "Point", "coordinates": [9.41093, 36.66152]}, "properties": {"record_id": "oai:u-bordeaux-montaigne.fr:340412", "symbol_class": "building", "pixel_x": 6328.5, "pixel_y": 2051.6, "easting": 456237.7, "northing": 373322.2, "epsg_source": 22391}}, {"type": "Feature", "geometry": {"type": "Point", "coordinates": [9.46184, 36.65859]}, "properties": {"record_id": "oai:u-bordeaux-montaigne.fr:340412", "symbol_class": "building", "pixel_x": 7386.0, "pixel_y": 2050.5, "easting": 460786.8, "northing": 372975.3, "epsg_source": 22391}}, {"type": "Feature", "geometry": {"type": "Point", "coordinates": [9.41487, 36.66117]}, "properties": {"record_id": "oai:u-bordeaux-montaigne.fr:340412", "symbol_class": "building", "pixel_x": 6410.6, "pixel_y": 2054.7, "easting": 456589.9, "northing": 373281.6, "epsg_source": 22391}}, {"type": "Feature", "geometry": {"type": "Point", "coordinates": [9.41154, 36.66121]}, "properties": {"record_id": "oai:u-bordeaux-montaigne.fr:340412", "symbol_class": "building", "pixel_x": 6341.8, "pixel_y": 2058.6, "easting": 456292.6, "northing": 373288.1, "epsg_source": 22391}}, {"type": "Feature", "geometry": {"type": "Point", "coordinates": [9.25929, 36.66962]}, "properties": {"record_id": "oai:u-bordeaux-montaigne.fr:340412", "symbol_class": "building", "pixel_x": 3180.5, "pixel_y": 2067.9, "easting": 442691.1, "northing": 374299.4, "epsg_source": 22391}}, {"type": "Feature", "geometry": {"type": "Point", "coordinates": [9.45273, 36.65854]}, "properties": {"record_id": "oai:u-bordeaux-montaigne.fr:340412", "symbol_class": "building", "pixel_x": 7197.9, "pixel_y": 2065.6, "easting": 459972.8, "northing": 372974.1, "epsg_source": 22391}}, {"type": "Feature", "geometry": {"type": "Point", "coordinates": [9.45094, 36.65856]}, "properties": {"record_id": "oai:u-bordeaux-montaigne.fr:340412", "symbol_class": "building", "pixel_x": 7160.8, "pixel_y": 2067.9, "easting": 459812.4, "northing": 372976.7, "epsg_source": 22391}}, {"type": "Feature", "geometry": {"type": "Point", "coordinates": [9.4549, 36.65813]}, "properties": {"record_id": "oai:u-bordeaux-montaigne.fr:340412", "symbol_class": "building", "pixel_x": 7243.4, "pixel_y": 2073.1, "easting": 460166.2, "northing": 372927.4, "epsg_source": 22391}}, {"type": "Feature", "geometry": {"type": "Point", "coordinates": [9.44701, 36.65854]}, "properties": {"record_id": "oai:u-bordeaux-montaigne.fr:340412", "symbol_class": "building", "pixel_x": 7079.6, "pixel_y": 2074.4, "easting": 459461.3, "northing": 372976.3, "epsg_source": 22391}}, {"type": "Feature", "geometry": {"type": "Point", "coordinates": [9.37798, 36.66234]}, "properties": {"record_id": "oai:u-bordeaux-montaigne.fr:340412", "symbol_class": "building", "pixel_x": 5646.2, "pixel_y": 2080.1, "easting": 453293.6, "northing": 373428.5, "epsg_source": 22391}}, {"type": "Feature", "geometry": {"type": "Point", "coordinates": [9.40464, 36.66079]}, "properties": {"record_id": "oai:u-bordeaux-montaigne.fr:340412", "symbol_class": "building", "pixel_x": 6200.0, "pixel_y": 2080.2, "easting": 455675.9, "northing": 373244.0, "epsg_source": 22391}}, {"type": "Feature", "geometry": {"type": "Point", "coordinates": [9.2128, 36.67151]}, "properties": {"record_id": "oai:u-bordeaux-montaigne.fr:340412", "symbol_class": "building", "pixel_x": 2216.3, "pixel_y": 2087.5, "easting": 438537.7, "northing": 374537.2, "epsg_source": 22391}}, {"type": "Feature", "geometry": {"type": "Point", "coordinates": [9.44306, 36.65852]}, "properties": {"record_id": "oai:u-bordeaux-montaigne.fr:340412", "symbol_class": "building", "pixel_x": 6998.0, "pixel_y": 2080.8, "easting": 459108.1, "northing": 372976.1, "epsg_source": 22391}}, {"type": "Feature", "geometry": {"type": "Point", "coordinates": [9.21346, 36.67159]}, "properties": {"record_id": "oai:u-bordeaux-montaigne.fr:340412", "symbol_class": "building", "pixel_x": 2229.9, "pixel_y": 2084.3, "easting": 438597.1, "northing": 374546.0, "epsg_source": 22391}}, {"type": "Feature", "geometry": {"type": "Point", "coordinates": [9.21343, 36.67123]}, "properties": {"record_id": "oai:u-bordeaux-montaigne.fr:340412", "symbol_class": "building", "pixel_x": 2229.8, "pixel_y": 2093.8, "easting": 438593.6, "northing": 374506.2, "epsg_source": 22391}}, {"type": "Feature", "geometry": {"type": "Point", "coordinates": [9.49463, 36.65461]}, "properties": {"record_id": "oai:u-bordeaux-montaigne.fr:340412", "symbol_class": "building", "pixel_x": 8071.0, "pixel_y": 2104.1, "easting": 463716.0, "northing": 372521.3, "epsg_source": 22391}}, {"type": "Feature", "geometry": {"type": "Point", "coordinates": [9.4299, 36.65847]}, "properties": {"record_id": "oai:u-bordeaux-montaigne.fr:340412", "symbol_class": "building", "pixel_x": 6726.1, "pixel_y": 2102.2, "easting": 457931.7, "northing": 372976.1, "epsg_source": 22391}}, {"type": "Feature", "geometry": {"type": "Point", "coordinates": [9.42779, 36.65847]}, "properties": {"record_id": "oai:u-bordeaux-montaigne.fr:340412", "symbol_class": "building", "pixel_x": 6682.5, "pixel_y": 2105.5, "easting": 457743.1, "northing": 372976.8, "epsg_source": 22391}}, {"type": "Feature", "geometry": {"type": "Point", "coordinates": [9.49398, 36.65439]}, "properties": {"record_id": "oai:u-bordeaux-montaigne.fr:340412", "symbol_class": "building", "pixel_x": 8057.9, "pixel_y": 2110.7, "easting": 463657.7, "northing": 372497.6, "epsg_source": 22391}}, {"type": "Feature", "geometry": {"type": "Point", "coordinates": [9.24502, 36.66856]}, "properties": {"record_id": "oai:u-bordeaux-montaigne.fr:340412", "symbol_class": "building", "pixel_x": 2887.5, "pixel_y": 2116.7, "easting": 441415.4, "northing": 374190.7, "epsg_source": 22391}}, {"type": "Feature", "geometry": {"type": "Point", "coordinates": [9.42297, 36.65846]}, "properties": {"record_id": "oai:u-bordeaux-montaigne.fr:340412", "symbol_class": "building", "pixel_x": 6583.0, "pixel_y": 2113.2, "easting": 457312.5, "northing": 372977.5, "epsg_source": 22391}}, {"type": "Feature", "geometry": {"type": "Point", "coordinates": [9.18211, 36.67201]}, "properties": {"record_id": "oai:u-bordeaux-montaigne.fr:340412", "symbol_class": "building", "pixel_x": 1581.2, "pixel_y": 2119.5, "easting": 435795.4, "northing": 374613.2, "epsg_source": 22391}}, {"type": "Feature", "geometry": {"type": "Point", "coordinates": [9.40672, 36.65894]}, "properties": {"record_id": "oai:u-bordeaux-montaigne.fr:340412", "symbol_class": "building", "pixel_x": 6246.2, "pixel_y": 2125.2, "easting": 455860.1, "northing": 373038.5, "epsg_source": 22391}}, {"type": "Feature", "geometry": {"type": "Point", "coordinates": [9.41474, 36.65843]}, "properties": {"record_id": "oai:u-bordeaux-montaigne.fr:340412", "symbol_class": "building", "pixel_x": 6413.0, "pixel_y": 2126.4, "easting": 456577.2, "northing": 372978.0, "epsg_source": 22391}}, {"type": "Feature", "geometry": {"type": "Point", "coordinates": [9.35573, 36.66162]}, "properties": {"record_id": "oai:u-bordeaux-montaigne.fr:340412", "symbol_class": "building", "pixel_x": 5187.6, "pixel_y": 2132.4, "easting": 451304.2, "northing": 373360.0, "epsg_source": 22391}}, {"type": "Feature", "geometry": {"type": "Point", "coordinates": [9.41167, 36.65842]}, "properties": {"record_id": "oai:u-bordeaux-montaigne.fr:340412", "symbol_class": "building", "pixel_x": 6349.5, "pixel_y": 2131.3, "easting": 456302.5, "northing": 372978.6, "epsg_source": 22391}}, {"type": "Feature", "geometry": {"type": "Point", "coordinates": [9.44121, 36.65632]}, "properties": {"record_id": "oai:u-bordeaux-montaigne.fr:340412", "symbol_class": "building", "pixel_x": 6963.8, "pixel_y": 2141.3, "easting": 458941.6, "northing": 372732.1, "epsg_source": 22391}}, {"type": "Feature", "geometry": {"type": "Point", "coordinates": [9.44065, 36.65651]}, "properties": {"record_id": "oai:u-bordeaux-montaigne.fr:340412", "symbol_class": "building", "pixel_x": 6951.9, "pixel_y": 2137.2, "easting": 458891.8, "northing": 372753.3, "epsg_source": 22391}}, {"type": "Feature", "geometry": {"type": "Point", "coordinates": [9.19499, 36.67023]}, "properties": {"record_id": "oai:u-bordeaux-montaigne.fr:340412", "symbol_class": "building", "pixel_x": 1850.6, "pixel_y": 2147.0, "easting": 436945.6, "northing": 374407.3, "epsg_source": 22391}}, {"type": "Feature", "geometry": {"type": "Point", "coordinates": [9.40646, 36.65835]}, "properties": {"record_id": "oai:u-bordeaux-montaigne.fr:340412", "symbol_class": "building", "pixel_x": 6242.1, "pixel_y": 2141.0, "easting": 455837.2, "northing": 372973.2, "epsg_source": 22391}}, {"type": "Feature", "geometry": {"type": "Point", "coordinates": [9.19581, 36.67027]}, "properties": {"record_id": "oai:u-bordeaux-montaigne.fr:340412", "symbol_class": "building", "pixel_x": 1867.5, "pixel_y": 2145.0, "easting": 437018.8, "northing": 374410.3, "epsg_source": 22391}}, {"type": "Feature", "geometry": {"type": "Point", "coordinates": [9.43724, 36.65648]}, "properties": {"record_id": "oai:u-bordeaux-montaigne.fr:340412", "symbol_class": "building", "pixel_x": 6881.6, "pixel_y": 2143.1, "easting": 458587.3, "northing": 372751.7, "epsg_source": 22391}}, {"type": "Feature", "geometry": {"type": "Point", "coordinates": [9.43791, 36.65616]}, "properties": {"record_id": "oai:u-bordeaux-montaigne.fr:340412", "symbol_class": "building", "pixel_x": 6895.8, "pixel_y": 2150.4, "easting": 458646.3, "northing": 372716.2, "epsg_source": 22391}}, {"type": "Feature", "geometry": {"type": "Point", "coordinates": [9.43724, 36.6561]}, "properties": {"record_id": "oai:u-bordeaux-montaigne.fr:340412", "symbol_class": "building", "pixel_x": 6882.3, "pixel_y": 2153.1, "easting": 458587.2, "northing": 372709.4, "epsg_source": 22391}}, {"type": "Feature", "geometry": {"type": "Point", "coordinates": [9.43683, 36.65601]}, "properties": {"record_id": "oai:u-bordeaux-montaigne.fr:340412", "symbol_class": "building", "pixel_x": 6873.9, "pixel_y": 2156.1, "easting": 458550.4, "northing": 372699.5, "epsg_source": 22391}}, {"type": "Feature", "geometry": {"type": "Point", "coordinates": [9.14655, 36.67255]}, "properties": {"record_id": "oai:u-bordeaux-montaigne.fr:340412", "symbol_class": "building", "pixel_x": 845.5, "pixel_y": 2157.7, "easting": 432618.8, "northing": 374696.3, "epsg_source": 22391}}, {"type": "Feature", "geometry": {"type": "Point", "coordinates": [9.4374, 36.65581]}, "properties": {"record_id": "oai:u-bordeaux-montaigne.fr:340412", "symbol_class": "building", "pixel_x": 6886.0, "pixel_y": 2160.3, "easting": 458601.0, "northing": 372677.6, "epsg_source": 22391}}, {"type": "Feature", "geometry": {"type": "Point", "coordinates": [9.37751, 36.65894]}, "properties": {"record_id": "oai:u-bordeaux-montaigne.fr:340412", "symbol_class": "building", "pixel_x": 5642.7, "pixel_y": 2169.7, "easting": 453250.0, "northing": 373051.5, "epsg_source": 22391}}, {"type": "Feature", "geometry": {"type": "Point", "coordinates": [9.3799, 36.65883]}, "properties": {"record_id": "oai:u-bordeaux-montaigne.fr:340412", "symbol_class": "building", "pixel_x": 5692.1, "pixel_y": 2168.8, "easting": 453462.9, "northing": 373038.6, "epsg_source": 22391}}, {"type": "Feature", "geometry": {"type": "Point", "coordinates": [9.38061, 36.65882]}, "properties": {"record_id": "oai:u-bordeaux-montaigne.fr:340412", "symbol_class": "building", "pixel_x": 5706.8, "pixel_y": 2168.0, "easting": 453526.2, "northing": 373036.9, "epsg_source": 22391}}, {"type": "Feature", "geometry": {"type": "Point", "coordinates": [9.41418, 36.65674]}, "properties": {"record_id": "oai:u-bordeaux-montaigne.fr:340412", "symbol_class": "building", "pixel_x": 6404.5, "pixel_y": 2171.6, "easting": 456526.1, "northing": 372790.2, "epsg_source": 22391}}, {"type": "Feature", "geometry": {"type": "Point", "coordinates": [9.43696, 36.65535]}, "properties": {"record_id": "oai:u-bordeaux-montaigne.fr:340412", "symbol_class": "building", "pixel_x": 6877.7, "pixel_y": 2173.0, "easting": 458561.2, "northing": 372626.7, "epsg_source": 22391}}, {"type": "Feature", "geometry": {"type": "Point", "coordinates": [9.41135, 36.65664]}, "properties": {"record_id": "oai:u-bordeaux-montaigne.fr:340412", "symbol_class": "building", "pixel_x": 6346.1, "pixel_y": 2178.3, "easting": 456272.7, "northing": 372781.0, "epsg_source": 22391}}, {"type": "Feature", "geometry": {"type": "Point", "coordinates": [9.38073, 36.65821]}, "properties": {"record_id": "oai:u-bordeaux-montaigne.fr:340412", "symbol_class": "building", "pixel_x": 5710.5, "pixel_y": 2183.8, "easting": 453537.2, "northing": 372969.3, "epsg_source": 22391}}, {"type": "Feature", "geometry": {"type": "Point", "coordinates": [9.43738, 36.65483]}, "properties": {"record_id": "oai:u-bordeaux-montaigne.fr:340412", "symbol_class": "building", "pixel_x": 6887.4, "pixel_y": 2186.1, "easting": 458598.6, "northing": 372568.2, "epsg_source": 22391}}, {"type": "Feature", "geometry": {"type": "Point", "coordinates": [9.38151, 36.658]}, "properties": {"record_id": "oai:u-bordeaux-montaigne.fr:340412", "symbol_class": "building", "pixel_x": 5727.1, "pixel_y": 2188.2, "easting": 453607.0, "northing": 372945.3, "epsg_source": 22391}}, {"type": "Feature", "geometry": {"type": "Point", "coordinates": [9.14808, 36.67123]}, "properties": {"record_id": "oai:u-bordeaux-montaigne.fr:340412", "symbol_class": "building", "pixel_x": 879.4, "pixel_y": 2189.8, "easting": 432754.3, "northing": 374549.6, "epsg_source": 22391}}, {"type": "Feature", "geometry": {"type": "Point", "coordinates": [9.1476, 36.67125]}, "properties": {"record_id": "oai:u-bordeaux-montaigne.fr:340412", "symbol_class": "building", "pixel_x": 869.4, "pixel_y": 2190.0, "easting": 432711.0, "northing": 374552.0, "epsg_source": 22391}}, {"type": "Feature", "geometry": {"type": "Point", "coordinates": [9.40098, 36.65679]}, "properties": {"record_id": "oai:u-bordeaux-montaigne.fr:340412", "symbol_class": "building", "pixel_x": 6131.6, "pixel_y": 2190.2, "easting": 455346.3, "northing": 372802.2, "epsg_source": 22391}}, {"type": "Feature", "geometry": {"type": "Point", "coordinates": [9.38105, 36.65785]}, "properties": {"record_id": "oai:u-bordeaux-montaigne.fr:340412", "symbol_class": "building", "pixel_x": 5717.8, "pixel_y": 2192.7, "easting": 453565.7, "northing": 372929.3, "epsg_source": 22391}}, {"type": "Feature", "geometry": {"type": "Point", "coordinates": [9.14716, 36.67091]}, "properties": {"record_id": "oai:u-bordeaux-montaigne.fr:340412", "symbol_class": "building", "pixel_x": 860.9, "pixel_y": 2199.7, "easting": 432671.5, "northing": 374514.0, "epsg_source": 22391}}, {"type": "Feature", "geometry": {"type": "Point", "coordinates": [9.25392, 36.66427]}, "properties": {"record_id": "oai:u-bordeaux-montaigne.fr:340412", "symbol_class": "building", "pixel_x": 3079.0, "pixel_y": 2215.8, "easting": 442207.4, "northing": 373708.7, "epsg_source": 22391}}, {"type": "Feature", "geometry": {"type": "Point", "coordinates": [9.40187, 36.65581]}, "properties": {"record_id": "oai:u-bordeaux-montaigne.fr:340412", "symbol_class": "building", "pixel_x": 6151.8, "pixel_y": 2214.5, "easting": 455425.5, "northing": 372692.9, "epsg_source": 22391}}, {"type": "Feature", "geometry": {"type": "Point", "coordinates": [9.14887, 36.67]}, "properties": {"record_id": "oai:u-bordeaux-montaigne.fr:340412", "symbol_class": "building", "pixel_x": 897.8, "pixel_y": 2220.8, "easting": 432823.5, "northing": 374412.3, "epsg_source": 22391}}, {"type": "Feature", "geometry": {"type": "Point", "coordinates": [9.41186, 36.65498]}, "properties": {"record_id": "oai:u-bordeaux-montaigne.fr:340412", "symbol_class": "building", "pixel_x": 6359.7, "pixel_y": 2221.0, "easting": 456317.8, "northing": 372596.4, "epsg_source": 22391}}, {"type": "Feature", "geometry": {"type": "Point", "coordinates": [9.40135, 36.65546]}, "properties": {"record_id": "oai:u-bordeaux-montaigne.fr:340412", "symbol_class": "building", "pixel_x": 6141.6, "pixel_y": 2224.4, "easting": 455378.6, "northing": 372654.3, "epsg_source": 22391}}, {"type": "Feature", "geometry": {"type": "Point", "coordinates": [9.5007, 36.64973]}, "properties": {"record_id": "oai:u-bordeaux-montaigne.fr:340412", "symbol_class": "building", "pixel_x": 8205.3, "pixel_y": 2222.2, "easting": 464256.1, "northing": 371978.1, "epsg_source": 22391}}, {"type": "Feature", "geometry": {"type": "Point", "coordinates": [9.41391, 36.65452]}, "properties": {"record_id": "oai:u-bordeaux-montaigne.fr:340412", "symbol_class": "building", "pixel_x": 6403.0, "pixel_y": 2229.8, "easting": 456500.9, "northing": 372544.8, "epsg_source": 22391}}, {"type": "Feature", "geometry": {"type": "Point", "coordinates": [9.49716, 36.64973]}, "properties": {"record_id": "oai:u-bordeaux-montaigne.fr:340412", "symbol_class": "building", "pixel_x": 8132.1, "pixel_y": 2227.8, "easting": 463939.2, "northing": 371978.6, "epsg_source": 22391}}, {"type": "Feature", "geometry": {"type": "Point", "coordinates": [9.20531, 36.66617]}, "properties": {"record_id": "oai:u-bordeaux-montaigne.fr:340412", "symbol_class": "building", "pixel_x": 2070.9, "pixel_y": 2238.1, "easting": 437864.2, "northing": 373949.4, "epsg_source": 22391}}, {"type": "Feature", "geometry": {"type": "Point", "coordinates": [9.49173, 36.64971]}, "properties": {"record_id": "oai:u-bordeaux-montaigne.fr:340412", "symbol_class": "building", "pixel_x": 8020.0, "pixel_y": 2236.5, "easting": 463454.4, "northing": 371979.0, "epsg_source": 22391}}, {"type": "Feature", "geometry": {"type": "Point", "coordinates": [9.48803, 36.64969]}, "properties": {"record_id": "oai:u-bordeaux-montaigne.fr:340412", "symbol_class": "building", "pixel_x": 7943.6, "pixel_y": 2242.8, "easting": 463123.8, "northing": 371978.0, "epsg_source": 22391}}, {"type": "Feature", "geometry": {"type": "Point", "coordinates": [9.14945, 36.66887]}, "properties": {"record_id": "oai:u-bordeaux-montaigne.fr:340412", "symbol_class": "building", "pixel_x": 911.7, "pixel_y": 2249.7, "easting": 432874.1, "northing": 374285.8, "epsg_source": 22391}}, {"type": "Feature", "geometry": {"type": "Point", "coordinates": [9.3843, 36.65484]}, "properties": {"record_id": "oai:u-bordeaux-montaigne.fr:340412", "symbol_class": "building", "pixel_x": 5790.4, "pixel_y": 2266.5, "easting": 453854.3, "northing": 372593.6, "epsg_source": 22391}}, {"type": "Feature", "geometry": {"type": "Point", "coordinates": [9.16276, 36.66722]}, "properties": {"record_id": "oai:u-bordeaux-montaigne.fr:340412", "symbol_class": "building", "pixel_x": 1189.7, "pixel_y": 2273.2, "easting": 434062.3, "northing": 374094.3, "epsg_source": 22391}}, {"type": "Feature", "geometry": {"type": "Point", "coordinates": [9.38482, 36.65462]}, "properties": {"record_id": "oai:u-bordeaux-montaigne.fr:340412", "symbol_class": "building", "pixel_x": 5801.4, "pixel_y": 2271.5, "easting": 453900.1, "northing": 372568.6, "epsg_source": 22391}}, {"type": "Feature", "geometry": {"type": "Point", "coordinates": [9.47111, 36.64962]}, "properties": {"record_id": "oai:u-bordeaux-montaigne.fr:340412", "symbol_class": "building", "pixel_x": 7594.0, "pixel_y": 2270.5, "easting": 461611.0, "northing": 371977.3, "epsg_source": 22391}}, {"type": "Feature", "geometry": {"type": "Point", "coordinates": [9.38443, 36.6544]}, "properties": {"record_id": "oai:u-bordeaux-montaigne.fr:340412", "symbol_class": "building", "pixel_x": 5793.9, "pixel_y": 2277.9, "easting": 453865.5, "northing": 372544.3, "epsg_source": 22391}}, {"type": "Feature", "geometry": {"type": "Point", "coordinates": [9.3891, 36.65393]}, "properties": {"record_id": "oai:u-bordeaux-montaigne.fr:340412", "symbol_class": "building", "pixel_x": 5891.2, "pixel_y": 2282.9, "easting": 454282.5, "northing": 372490.5, "epsg_source": 22391}}, {"type": "Feature", "geometry": {"type": "Point", "coordinates": [9.40279, 36.65306]}, "properties": {"record_id": "oai:u-bordeaux-montaigne.fr:340412", "symbol_class": "building", "pixel_x": 6175.7, "pixel_y": 2285.0, "easting": 455505.8, "northing": 372387.3, "epsg_source": 22391}}, {"type": "Feature", "geometry": {"type": "Point", "coordinates": [9.40273, 36.65262]}, "properties": {"record_id": "oai:u-bordeaux-montaigne.fr:340412", "symbol_class": "building", "pixel_x": 6175.3, "pixel_y": 2296.6, "easting": 455500.1, "northing": 372338.4, "epsg_source": 22391}}, {"type": "Feature", "geometry": {"type": "Point", "coordinates": [9.45569, 36.64957]}, "properties": {"record_id": "oai:u-bordeaux-montaigne.fr:340412", "symbol_class": "building", "pixel_x": 7275.3, "pixel_y": 2295.5, "easting": 460232.1, "northing": 371977.5, "epsg_source": 22391}}, {"type": "Feature", "geometry": {"type": "Point", "coordinates": [9.15365, 36.66664]}, "properties": {"record_id": "oai:u-bordeaux-montaigne.fr:340412", "symbol_class": "building", "pixel_x": 1002.5, "pixel_y": 2301.7, "easting": 433248.0, "northing": 374036.0, "epsg_source": 22391}}, {"type": "Feature", "geometry": {"type": "Point", "coordinates": [9.44532, 36.64955]}, "properties": {"record_id": "oai:u-bordeaux-montaigne.fr:340412", "symbol_class": "building", "pixel_x": 7061.0, "pixel_y": 2311.9, "easting": 459305.2, "northing": 371979.5, "epsg_source": 22391}}, {"type": "Feature", "geometry": {"type": "Point", "coordinates": [9.34657, 36.65495]}, "properties": {"record_id": "oai:u-bordeaux-montaigne.fr:340412", "symbol_class": "building", "pixel_x": 5010.4, "pixel_y": 2320.6, "easting": 450482.0, "northing": 372624.1, "epsg_source": 22391}}, {"type": "Feature", "geometry": {"type": "Point", "coordinates": [9.15487, 36.66577]}, "properties": {"record_id": "oai:u-bordeaux-montaigne.fr:340412", "symbol_class": "building", "pixel_x": 1029.3, "pixel_y": 2322.7, "easting": 433356.4, "northing": 373938.3, "epsg_source": 22391}}, {"type": "Feature", "geometry": {"type": "Point", "coordinates": [9.43615, 36.64951]}, "properties": {"record_id": "oai:u-bordeaux-montaigne.fr:340412", "symbol_class": "building", "pixel_x": 6871.6, "pixel_y": 2327.0, "easting": 458485.9, "northing": 371978.4, "epsg_source": 22391}}, {"type": "Feature", "geometry": {"type": "Point", "coordinates": [9.4301, 36.64948]}, "properties": {"record_id": "oai:u-bordeaux-montaigne.fr:340412", "symbol_class": "building", "pixel_x": 6746.7, "pixel_y": 2336.9, "easting": 457945.4, "northing": 371978.4, "epsg_source": 22391}}, {"type": "Feature", "geometry": {"type": "Point", "coordinates": [9.38207, 36.65165]}, "properties": {"record_id": "oai:u-bordeaux-montaigne.fr:340412", "symbol_class": "building", "pixel_x": 5750.1, "pixel_y": 2353.3, "easting": 453653.3, "northing": 372240.2, "epsg_source": 22391}}, {"type": "Feature", "geometry": {"type": "Point", "coordinates": [9.42011, 36.64945]}, "properties": {"record_id": "oai:u-bordeaux-montaigne.fr:340412", "symbol_class": "building", "pixel_x": 6540.2, "pixel_y": 2352.8, "easting": 457052.1, "northing": 371979.5, "epsg_source": 22391}}, {"type": "Feature", "geometry": {"type": "Point", "coordinates": [9.48509, 36.6453]}, "properties": {"record_id": "oai:u-bordeaux-montaigne.fr:340412", "symbol_class": "building", "pixel_x": 7890.8, "pixel_y": 2361.9, "easting": 462858.4, "northing": 371492.6, "epsg_source": 22391}}, {"type": "Feature", "geometry": {"type": "Point", "coordinates": [9.4115, 36.64943]}, "properties": {"record_id": "oai:u-bordeaux-montaigne.fr:340412", "symbol_class": "building", "pixel_x": 6362.3, "pixel_y": 2366.4, "easting": 456282.3, "northing": 371981.4, "epsg_source": 22391}}, {"type": "Feature", "geometry": {"type": "Point", "coordinates": [9.1566, 36.66345]}, "properties": {"record_id": "oai:u-bordeaux-montaigne.fr:340412", "symbol_class": "building", "pixel_x": 1068.9, "pixel_y": 2380.7, "easting": 433508.5, "northing": 373680.5, "epsg_source": 22391}}, {"type": "Feature", "geometry": {"type": "Point", "coordinates": [9.40216, 36.64932]}, "properties": {"record_id": "oai:u-bordeaux-montaigne.fr:340412", "symbol_class": "building", "pixel_x": 6169.4, "pixel_y": 2383.6, "easting": 455447.0, "northing": 371973.0, "epsg_source": 22391}}, {"type": "Feature", "geometry": {"type": "Point", "coordinates": [9.40872, 36.64847]}, "properties": {"record_id": "oai:u-bordeaux-montaigne.fr:340412", "symbol_class": "building", "pixel_x": 6306.6, "pixel_y": 2395.9, "easting": 456033.2, "northing": 371875.2, "epsg_source": 22391}}, {"type": "Feature", "geometry": {"type": "Point", "coordinates": [9.40191, 36.64864]}, "properties": {"record_id": "oai:u-bordeaux-montaigne.fr:340412", "symbol_class": "building", "pixel_x": 6165.5, "pixel_y": 2401.8, "easting": 455424.3, "northing": 371897.2, "epsg_source": 22391}}, {"type": "Feature", "geometry": {"type": "Point", "coordinates": [9.4005, 36.64798]}, "properties": {"record_id": "oai:u-bordeaux-montaigne.fr:340412", "symbol_class": "building", "pixel_x": 6137.5, "pixel_y": 2421.1, "easting": 455298.0, "northing": 371825.0, "epsg_source": 22391}}, {"type": "Feature", "geometry": {"type": "Point", "coordinates": [9.3333, 36.65193]}, "properties": {"record_id": "oai:u-bordeaux-montaigne.fr:340412", "symbol_class": "building", "pixel_x": 4741.5, "pixel_y": 2419.4, "easting": 449293.4, "northing": 372296.4, "epsg_source": 22391}}, {"type": "Feature", "geometry": {"type": "Point", "coordinates": [9.40118, 36.64797]}, "properties": {"record_id": "oai:u-bordeaux-montaigne.fr:340412", "symbol_class": "building", "pixel_x": 6151.7, "pixel_y": 2420.4, "easting": 455359.3, "northing": 371823.3, "epsg_source": 22391}}, {"type": "Feature", "geometry": {"type": "Point", "coordinates": [9.45737, 36.64439]}, "properties": {"record_id": "oai:u-bordeaux-montaigne.fr:340412", "symbol_class": "building", "pixel_x": 7319.4, "pixel_y": 2428.2, "easting": 460379.8, "northing": 371402.5, "epsg_source": 22391}}, {"type": "Feature", "geometry": {"type": "Point", "coordinates": [9.33342, 36.65133]}, "properties": {"record_id": "oai:u-bordeaux-montaigne.fr:340412", "symbol_class": "building", "pixel_x": 4745.1, "pixel_y": 2435.0, "easting": 449304.1, "northing": 372229.0, "epsg_source": 22391}}, {"type": "Feature", "geometry": {"type": "Point", "coordinates": [9.43112, 36.64451]}, "properties": {"record_id": "oai:u-bordeaux-montaigne.fr:340412", "symbol_class": "building", "pixel_x": 6776.7, "pixel_y": 2465.3, "easting": 458033.4, "northing": 371426.2, "epsg_source": 22391}}, {"type": "Feature", "geometry": {"type": "Point", "coordinates": [9.43491, 36.64449]}, "properties": {"record_id": "oai:u-bordeaux-montaigne.fr:340412", "symbol_class": "building", "pixel_x": 6855.2, "pixel_y": 2459.9, "easting": 458372.6, "northing": 371422.7, "epsg_source": 22391}}, {"type": "Feature", "geometry": {"type": "Point", "coordinates": [9.4042, 36.64604]}, "properties": {"record_id": "oai:u-bordeaux-montaigne.fr:340412", "symbol_class": "building", "pixel_x": 6217.6, "pixel_y": 2466.2, "easting": 455628.2, "northing": 371607.8, "epsg_source": 22391}}, {"type": "Feature", "geometry": {"type": "Point", "coordinates": [9.4962, 36.6407]}, "properties": {"record_id": "oai:u-bordeaux-montaigne.fr:340412", "symbol_class": "building", "pixel_x": 8128.9, "pixel_y": 2464.9, "easting": 463850.0, "northing": 370978.2, "epsg_source": 22391}}, {"type": "Feature", "geometry": {"type": "Point", "coordinates": [9.40513, 36.64575]}, "properties": {"record_id": "oai:u-bordeaux-montaigne.fr:340412", "symbol_class": "building", "pixel_x": 6237.4, "pixel_y": 2472.4, "easting": 455711.0, "northing": 371575.3, "epsg_source": 22391}}, {"type": "Feature", "geometry": {"type": "Point", "coordinates": [9.20312, 36.65715]}, "properties": {"record_id": "oai:u-bordeaux-montaigne.fr:340412", "symbol_class": "building", "pixel_x": 2041.5, "pixel_y": 2477.1, "easting": 437661.0, "northing": 372950.2, "epsg_source": 22391}}, {"type": "Feature", "geometry": {"type": "Point", "coordinates": [9.2026, 36.65721]}, "properties": {"record_id": "oai:u-bordeaux-montaigne.fr:340412", "symbol_class": "building", "pixel_x": 2030.6, "pixel_y": 2476.2, "easting": 437614.7, "northing": 372957.6, "epsg_source": 22391}}, {"type": "Feature", "geometry": {"type": "Point", "coordinates": [9.35481, 36.64849]}, "properties": {"record_id": "oai:u-bordeaux-montaigne.fr:340412", "symbol_class": "building", "pixel_x": 5192.2, "pixel_y": 2477.0, "easting": 451213.9, "northing": 371903.4, "epsg_source": 22391}}, {"type": "Feature", "geometry": {"type": "Point", "coordinates": [9.42824, 36.64414]}, "properties": {"record_id": "oai:u-bordeaux-montaigne.fr:340412", "symbol_class": "building", "pixel_x": 6717.8, "pixel_y": 2479.3, "easting": 457775.5, "northing": 371386.5, "epsg_source": 22391}}, {"type": "Feature", "geometry": {"type": "Point", "coordinates": [9.48628, 36.64069]}, "properties": {"record_id": "oai:u-bordeaux-montaigne.fr:340412", "symbol_class": "building", "pixel_x": 7923.8, "pixel_y": 2480.7, "easting": 462962.7, "northing": 370979.9, "epsg_source": 22391}}, {"type": "Feature", "geometry": {"type": "Point", "coordinates": [9.42872, 36.64387]}, "properties": {"record_id": "oai:u-bordeaux-montaigne.fr:340412", "symbol_class": "building", "pixel_x": 6728.3, "pixel_y": 2485.7, "easting": 457818.5, "northing": 371356.2, "epsg_source": 22391}}, {"type": "Feature", "geometry": {"type": "Point", "coordinates": [9.2848, 36.65179]}, "properties": {"record_id": "oai:u-bordeaux-montaigne.fr:340412", "symbol_class": "building", "pixel_x": 3739.4, "pixel_y": 2495.9, "easting": 444958.6, "northing": 372306.5, "epsg_source": 22391}}, {"type": "Feature", "geometry": {"type": "Point", "coordinates": [9.42818, 36.64357]}, "properties": {"record_id": "oai:u-bordeaux-montaigne.fr:340412", "symbol_class": "building", "pixel_x": 6717.7, "pixel_y": 2494.1, "easting": 457770.2, "northing": 371323.9, "epsg_source": 22391}}, {"type": "Feature", "geometry": {"type": "Point", "coordinates": [9.42764, 36.64358]}, "properties": {"record_id": "oai:u-bordeaux-montaigne.fr:340412", "symbol_class": "building", "pixel_x": 6706.6, "pixel_y": 2494.8, "easting": 457722.2, "northing": 371325.0, "epsg_source": 22391}}, {"type": "Feature", "geometry": {"type": "Point", "coordinates": [9.41229, 36.64442]}, "properties": {"record_id": "oai:u-bordeaux-montaigne.fr:340412", "symbol_class": "building", "pixel_x": 6387.6, "pixel_y": 2496.1, "easting": 456349.8, "northing": 371425.1, "epsg_source": 22391}}, {"type": "Feature", "geometry": {"type": "Point", "coordinates": [9.45882, 36.64056]}, "properties": {"record_id": "oai:u-bordeaux-montaigne.fr:340412", "symbol_class": "building", "pixel_x": 7356.5, "pixel_y": 2526.2, "easting": 460507.8, "northing": 370976.3, "epsg_source": 22391}}, {"type": "Feature", "geometry": {"type": "Point", "coordinates": [9.38877, 36.64396]}, "properties": {"record_id": "oai:u-bordeaux-montaigne.fr:340412", "symbol_class": "building", "pixel_x": 5902.4, "pixel_y": 2544.0, "easting": 454247.3, "northing": 371384.4, "epsg_source": 22391}}, {"type": "Feature", "geometry": {"type": "Point", "coordinates": [9.45543, 36.64058]}, "properties": {"record_id": "oai:u-bordeaux-montaigne.fr:340412", "symbol_class": "building", "pixel_x": 7286.4, "pixel_y": 2530.7, "easting": 460204.9, "northing": 370980.5, "epsg_source": 22391}}, {"type": "Feature", "geometry": {"type": "Point", "coordinates": [9.13992, 36.65806]}, "properties": {"record_id": "oai:u-bordeaux-montaigne.fr:340412", "symbol_class": "building", "pixel_x": 733.6, "pixel_y": 2545.9, "easting": 432013.4, "northing": 373094.1, "epsg_source": 22391}}, {"type": "Feature", "geometry": {"type": "Point", "coordinates": [9.40504, 36.64232]}, "properties": {"record_id": "oai:u-bordeaux-montaigne.fr:340412", "symbol_class": "building", "pixel_x": 6241.6, "pixel_y": 2562.1, "easting": 455700.4, "northing": 371194.9, "epsg_source": 22391}}, {"type": "Feature", "geometry": {"type": "Point", "coordinates": [9.43624, 36.64049]}, "properties": {"record_id": "oai:u-bordeaux-montaigne.fr:340412", "symbol_class": "building", "pixel_x": 6889.9, "pixel_y": 2562.4, "easting": 458489.1, "northing": 370978.4, "epsg_source": 22391}}, {"type": "Feature", "geometry": {"type": "Point", "coordinates": [9.43338, 36.64048]}, "properties": {"record_id": "oai:u-bordeaux-montaigne.fr:340412", "symbol_class": "building", "pixel_x": 6830.8, "pixel_y": 2567.0, "easting": 458233.5, "northing": 370978.6, "epsg_source": 22391}}, {"type": "Feature", "geometry": {"type": "Point", "coordinates": [9.40437, 36.64204]}, "properties": {"record_id": "oai:u-bordeaux-montaigne.fr:340412", "symbol_class": "building", "pixel_x": 6228.2, "pixel_y": 2570.6, "easting": 455640.5, "northing": 371163.7, "epsg_source": 22391}}, {"type": "Feature", "geometry": {"type": "Point", "coordinates": [9.43236, 36.64045]}, "properties": {"record_id": "oai:u-bordeaux-montaigne.fr:340412", "symbol_class": "building", "pixel_x": 6809.7, "pixel_y": 2569.3, "easting": 458142.0, "northing": 370975.8, "epsg_source": 22391}}, {"type": "Feature", "geometry": {"type": "Point", "coordinates": [9.40393, 36.64175]}, "properties": {"record_id": "oai:u-bordeaux-montaigne.fr:340412", "symbol_class": "building", "pixel_x": 6219.8, "pixel_y": 2578.6, "easting": 455601.7, "northing": 371132.6, "epsg_source": 22391}}, {"type": "Feature", "geometry": {"type": "Point", "coordinates": [9.40445, 36.64138]}, "properties": {"record_id": "oai:u-bordeaux-montaigne.fr:340412", "symbol_class": "building", "pixel_x": 6231.2, "pixel_y": 2587.5, "easting": 455647.8, "northing": 371091.5, "epsg_source": 22391}}, {"type": "Feature", "geometry": {"type": "Point", "coordinates": [9.43892, 36.63919]}, "properties": {"record_id": "oai:u-bordeaux-montaigne.fr:340412", "symbol_class": "building", "pixel_x": 6947.6, "pixel_y": 2592.3, "easting": 458727.9, "northing": 370833.1, "epsg_source": 22391}}, {"type": "Feature", "geometry": {"type": "Point", "coordinates": [9.41773, 36.64041]}, "properties": {"record_id": "oai:u-bordeaux-montaigne.fr:340412", "symbol_class": "building", "pixel_x": 6507.5, "pixel_y": 2592.6, "easting": 456834.5, "northing": 370977.9, "epsg_source": 22391}}, {"type": "Feature", "geometry": {"type": "Point", "coordinates": [9.41371, 36.64044]}, "properties": {"record_id": "oai:u-bordeaux-montaigne.fr:340412", "symbol_class": "building", "pixel_x": 6424.2, "pixel_y": 2598.1, "easting": 456474.8, "northing": 370982.4, "epsg_source": 22391}}, {"type": "Feature", "geometry": {"type": "Point", "coordinates": [9.40994, 36.64043]}, "properties": {"record_id": "oai:u-bordeaux-montaigne.fr:340412", "symbol_class": "building", "pixel_x": 6346.3, "pixel_y": 2604.1, "easting": 456137.6, "northing": 370983.1, "epsg_source": 22391}}, {"type": "Feature", "geometry": {"type": "Point", "coordinates": [9.49534, 36.6339]}, "properties": {"record_id": "oai:u-bordeaux-montaigne.fr:340412", "symbol_class": "building", "pixel_x": 8123.6, "pixel_y": 2644.1, "easting": 463769.7, "northing": 370223.4, "epsg_source": 22391}}, {"type": "Feature", "geometry": {"type": "Point", "coordinates": [9.49421, 36.63337]}, "properties": {"record_id": "oai:u-bordeaux-montaigne.fr:340412", "symbol_class": "building", "pixel_x": 8101.2, "pixel_y": 2659.5, "easting": 463668.6, "northing": 370165.7, "epsg_source": 22391}}, {"type": "Feature", "geometry": {"type": "Point", "coordinates": [9.49538, 36.63313]}, "properties": {"record_id": "oai:u-bordeaux-montaigne.fr:340412", "symbol_class": "building", "pixel_x": 8125.8, "pixel_y": 2664.1, "easting": 463772.9, "northing": 370138.3, "epsg_source": 22391}}, {"type": "Feature", "geometry": {"type": "Point", "coordinates": [9.41909, 36.63737]}, "properties": {"record_id": "oai:u-bordeaux-montaigne.fr:340412", "symbol_class": "building", "pixel_x": 6541.1, "pixel_y": 2669.9, "easting": 456954.6, "northing": 370640.1, "epsg_source": 22391}}, {"type": "Feature", "geometry": {"type": "Point", "coordinates": [9.36887, 36.64027]}, "properties": {"record_id": "oai:u-bordeaux-montaigne.fr:340412", "symbol_class": "building", "pixel_x": 5497.7, "pixel_y": 2670.5, "easting": 452466.1, "northing": 370984.5, "epsg_source": 22391}}, {"type": "Feature", "geometry": {"type": "Point", "coordinates": [9.49507, 36.63284]}, "properties": {"record_id": "oai:u-bordeaux-montaigne.fr:340412", "symbol_class": "building", "pixel_x": 8120.0, "pixel_y": 2672.0, "easting": 463745.4, "northing": 370106.7, "epsg_source": 22391}}, {"type": "Feature", "geometry": {"type": "Point", "coordinates": [9.49354, 36.63287]}, "properties": {"record_id": "oai:u-bordeaux-montaigne.fr:340412", "symbol_class": "building", "pixel_x": 8088.2, "pixel_y": 2673.8, "easting": 463608.2, "northing": 370109.7, "epsg_source": 22391}}, {"type": "Feature", "geometry": {"type": "Point", "coordinates": [9.36696, 36.64027]}, "properties": {"record_id": "oai:u-bordeaux-montaigne.fr:340412", "symbol_class": "building", "pixel_x": 5458.2, "pixel_y": 2673.4, "easting": 452295.1, "northing": 370985.4, "epsg_source": 22391}}, {"type": "Feature", "geometry": {"type": "Point", "coordinates": [9.41918, 36.63697]}, "properties": {"record_id": "oai:u-bordeaux-montaigne.fr:340412", "symbol_class": "building", "pixel_x": 6543.6, "pixel_y": 2680.4, "easting": 456961.7, "northing": 370595.1, "epsg_source": 22391}}, {"type": "Feature", "geometry": {"type": "Point", "coordinates": [9.344, 36.64072]}, "properties": {"record_id": "oai:u-bordeaux-montaigne.fr:340412", "symbol_class": "building", "pixel_x": 4982.8, "pixel_y": 2696.1, "easting": 450243.2, "northing": 371047.4, "epsg_source": 22391}}, {"type": "Feature", "geometry": {"type": "Point", "coordinates": [9.49968, 36.63164]}, "properties": {"record_id": "oai:u-bordeaux-montaigne.fr:340412", "symbol_class": "building", "pixel_x": 8217.5, "pixel_y": 2696.5, "easting": 464156.9, "northing": 369970.9, "epsg_source": 22391}}, {"type": "Feature", "geometry": {"type": "Point", "coordinates": [9.49725, 36.63163]}, "properties": {"record_id": "oai:u-bordeaux-montaigne.fr:340412", "symbol_class": "building", "pixel_x": 8167.1, "pixel_y": 2700.3, "easting": 463939.1, "northing": 369971.6, "epsg_source": 22391}}, {"type": "Feature", "geometry": {"type": "Point", "coordinates": [9.49417, 36.63162]}, "properties": {"record_id": "oai:u-bordeaux-montaigne.fr:340412", "symbol_class": "building", "pixel_x": 8103.7, "pixel_y": 2705.5, "easting": 463664.4, "northing": 369970.7, "epsg_source": 22391}}, {"type": "Feature", "geometry": {"type": "Point", "coordinates": [9.49284, 36.63161]}, "properties": {"record_id": "oai:u-bordeaux-montaigne.fr:340412", "symbol_class": "building", "pixel_x": 8076.2, "pixel_y": 2707.8, "easting": 463545.3, "northing": 369970.2, "epsg_source": 22391}}, {"type": "Feature", "geometry": {"type": "Point", "coordinates": [9.32691, 36.64101]}, "properties": {"record_id": "oai:u-bordeaux-montaigne.fr:340412", "symbol_class": "building", "pixel_x": 4628.9, "pixel_y": 2714.5, "easting": 448715.1, "northing": 371087.6, "epsg_source": 22391}}, {"type": "Feature", "geometry": {"type": "Point", "coordinates": [9.42571, 36.63532]}, "properties": {"record_id": "oai:u-bordeaux-montaigne.fr:340412", "symbol_class": "building", "pixel_x": 6681.6, "pixel_y": 2713.7, "easting": 457545.0, "northing": 370408.7, "epsg_source": 22391}}, {"type": "Feature", "geometry": {"type": "Point", "coordinates": [9.42621, 36.63511]}, "properties": {"record_id": "oai:u-bordeaux-montaigne.fr:340412", "symbol_class": "building", "pixel_x": 6692.4, "pixel_y": 2718.2, "easting": 457589.8, "northing": 370385.9, "epsg_source": 22391}}, {"type": "Feature", "geometry": {"type": "Point", "coordinates": [9.32573, 36.64076]}, "properties": {"record_id": "oai:u-bordeaux-montaigne.fr:340412", "symbol_class": "building", "pixel_x": 4605.2, "pixel_y": 2722.8, "easting": 448610.1, "northing": 371060.4, "epsg_source": 22391}}, {"type": "Feature", "geometry": {"type": "Point", "coordinates": [9.41533, 36.63469]}, "properties": {"record_id": "oai:u-bordeaux-montaigne.fr:340412", "symbol_class": "building", "pixel_x": 6468.2, "pixel_y": 2745.8, "easting": 456616.6, "northing": 370343.9, "epsg_source": 22391}}, {"type": "Feature", "geometry": {"type": "Point", "coordinates": [9.33356, 36.63932]}, "properties": {"record_id": "oai:u-bordeaux-montaigne.fr:340412", "symbol_class": "building", "pixel_x": 4769.5, "pixel_y": 2748.5, "easting": 449308.9, "northing": 370897.1, "epsg_source": 22391}}, {"type": "Feature", "geometry": {"type": "Point", "coordinates": [9.16726, 36.64873]}, "properties": {"record_id": "oai:u-bordeaux-montaigne.fr:340412", "symbol_class": "building", "pixel_x": 1315.1, "pixel_y": 2749.9, "easting": 434449.5, "northing": 372039.5, "epsg_source": 22391}}, {"type": "Feature", "geometry": {"type": "Point", "coordinates": [9.41559, 36.63422]}, "properties": {"record_id": "oai:u-bordeaux-montaigne.fr:340412", "symbol_class": "building", "pixel_x": 6474.5, "pixel_y": 2757.7, "easting": 456639.8, "northing": 370291.5, "epsg_source": 22391}}, {"type": "Feature", "geometry": {"type": "Point", "coordinates": [9.41045, 36.63446]}, "properties": {"record_id": "oai:u-bordeaux-montaigne.fr:340412", "symbol_class": "building", "pixel_x": 6367.7, "pixel_y": 2759.2, "easting": 456180.0, "northing": 370320.7, "epsg_source": 22391}}, {"type": "Feature", "geometry": {"type": "Point", "coordinates": [9.32457, 36.63936]}, "properties": {"record_id": "oai:u-bordeaux-montaigne.fr:340412", "symbol_class": "building", "pixel_x": 4583.6, "pixel_y": 2760.9, "easting": 448505.0, "northing": 370906.6, "epsg_source": 22391}}, {"type": "Feature", "geometry": {"type": "Point", "coordinates": [9.40566, 36.63435]}, "properties": {"record_id": "oai:u-bordeaux-montaigne.fr:340412", "symbol_class": "building", "pixel_x": 6269.0, "pixel_y": 2769.4, "easting": 455752.1, "northing": 370310.4, "epsg_source": 22391}}, {"type": "Feature", "geometry": {"type": "Point", "coordinates": [9.31026, 36.63999]}, "properties": {"record_id": "oai:u-bordeaux-montaigne.fr:340412", "symbol_class": "building", "pixel_x": 4286.6, "pixel_y": 2766.1, "easting": 447226.1, "northing": 370983.5, "epsg_source": 22391}}, {"type": "Feature", "geometry": {"type": "Point", "coordinates": [9.40607, 36.63411]}, "properties": {"record_id": "oai:u-bordeaux-montaigne.fr:340412", "symbol_class": "building", "pixel_x": 6277.9, "pixel_y": 2775.1, "easting": 455788.5, "northing": 370283.6, "epsg_source": 22391}}, {"type": "Feature", "geometry": {"type": "Point", "coordinates": [9.31063, 36.63984]}, "properties": {"record_id": "oai:u-bordeaux-montaigne.fr:340412", "symbol_class": "building", "pixel_x": 4294.6, "pixel_y": 2769.4, "easting": 447259.4, "northing": 370966.8, "epsg_source": 22391}}, {"type": "Feature", "geometry": {"type": "Point", "coordinates": [9.45407, 36.63148]}, "properties": {"record_id": "oai:u-bordeaux-montaigne.fr:340412", "symbol_class": "building", "pixel_x": 7274.9, "pixel_y": 2770.6, "easting": 460078.6, "northing": 369971.3, "epsg_source": 22391}}, {"type": "Feature", "geometry": {"type": "Point", "coordinates": [9.32391, 36.6388]}, "properties": {"record_id": "oai:u-bordeaux-montaigne.fr:340412", "symbol_class": "building", "pixel_x": 4570.9, "pixel_y": 2776.6, "easting": 448445.4, "northing": 370844.4, "epsg_source": 22391}}, {"type": "Feature", "geometry": {"type": "Point", "coordinates": [9.40547, 36.63395]}, "properties": {"record_id": "oai:u-bordeaux-montaigne.fr:340412", "symbol_class": "building", "pixel_x": 6265.6, "pixel_y": 2780.1, "easting": 455734.3, "northing": 370266.6, "epsg_source": 22391}}, {"type": "Feature", "geometry": {"type": "Point", "coordinates": [9.20568, 36.64509]}, "properties": {"record_id": "oai:u-bordeaux-montaigne.fr:340412", "symbol_class": "building", "pixel_x": 2115.8, "pixel_y": 2788.4, "easting": 437881.0, "northing": 371610.6, "epsg_source": 22391}}, {"type": "Feature", "geometry": {"type": "Point", "coordinates": [9.32305, 36.6384]}, "properties": {"record_id": "oai:u-bordeaux-montaigne.fr:340412", "symbol_class": "building", "pixel_x": 4553.8, "pixel_y": 2788.5, "easting": 448368.1, "northing": 370800.1, "epsg_source": 22391}}, {"type": "Feature", "geometry": {"type": "Point", "coordinates": [9.32159, 36.63829]}, "properties": {"record_id": "oai:u-bordeaux-montaigne.fr:340412", "symbol_class": "building", "pixel_x": 4523.9, "pixel_y": 2793.4, "easting": 448238.0, "northing": 370789.2, "epsg_source": 22391}}, {"type": "Feature", "geometry": {"type": "Point", "coordinates": [9.2511, 36.64215]}, "properties": {"record_id": "oai:u-bordeaux-montaigne.fr:340412", "symbol_class": "building", "pixel_x": 3059.8, "pixel_y": 2797.9, "easting": 441938.6, "northing": 371256.7, "epsg_source": 22391}}, {"type": "Feature", "geometry": {"type": "Point", "coordinates": [9.32554, 36.63741]}, "properties": {"record_id": "oai:u-bordeaux-montaigne.fr:340412", "symbol_class": "building", "pixel_x": 4607.0, "pixel_y": 2810.6, "easting": 448590.1, "northing": 370688.8, "epsg_source": 22391}}, {"type": "Feature", "geometry": {"type": "Point", "coordinates": [9.43379, 36.63141]}, "properties": {"record_id": "oai:u-bordeaux-montaigne.fr:340412", "symbol_class": "building", "pixel_x": 6855.8, "pixel_y": 2803.5, "easting": 458265.6, "northing": 369971.7, "epsg_source": 22391}}, {"type": "Feature", "geometry": {"type": "Point", "coordinates": [9.35613, 36.63567]}, "properties": {"record_id": "oai:u-bordeaux-montaigne.fr:340412", "symbol_class": "building", "pixel_x": 5242.7, "pixel_y": 2809.9, "easting": 451324.4, "northing": 370480.5, "epsg_source": 22391}}, {"type": "Feature", "geometry": {"type": "Point", "coordinates": [9.48171, 36.62826]}, "properties": {"record_id": "oai:u-bordeaux-montaigne.fr:340412", "symbol_class": "building", "pixel_x": 7852.1, "pixel_y": 2812.3, "easting": 462548.2, "northing": 369603.2, "epsg_source": 22391}}, {"type": "Feature", "geometry": {"type": "Point", "coordinates": [9.40655, 36.63256]}, "properties": {"record_id": "oai:u-bordeaux-montaigne.fr:340412", "symbol_class": "building", "pixel_x": 6290.4, "pixel_y": 2814.8, "easting": 455830.0, "northing": 370111.7, "epsg_source": 22391}}, {"type": "Feature", "geometry": {"type": "Point", "coordinates": [9.42593, 36.63132]}, "properties": {"record_id": "oai:u-bordeaux-montaigne.fr:340412", "symbol_class": "building", "pixel_x": 6693.5, "pixel_y": 2817.8, "easting": 457562.8, "northing": 369965.2, "epsg_source": 22391}}, {"type": "Feature", "geometry": {"type": "Point", "coordinates": [9.39952, 36.63261]}, "properties": {"record_id": "oai:u-bordeaux-montaigne.fr:340412", "symbol_class": "building", "pixel_x": 6145.1, "pixel_y": 2824.1, "easting": 455201.8, "northing": 370120.8, "epsg_source": 22391}}, {"type": "Feature", "geometry": {"type": "Point", "coordinates": [9.40696, 36.63226]}, "properties": {"record_id": "oai:u-bordeaux-montaigne.fr:340412", "symbol_class": "building", "pixel_x": 6299.6, "pixel_y": 2822.0, "easting": 455867.1, "northing": 370078.4, "epsg_source": 22391}}, {"type": "Feature", "geometry": {"type": "Point", "coordinates": [9.48287, 36.62788]}, "properties": {"record_id": "oai:u-bordeaux-montaigne.fr:340412", "symbol_class": "building", "pixel_x": 7876.8, "pixel_y": 2820.5, "easting": 462651.8, "northing": 369560.3, "epsg_source": 22391}}, {"type": "Feature", "geometry": {"type": "Point", "coordinates": [9.35285, 36.63534]}, "properties": {"record_id": "oai:u-bordeaux-montaigne.fr:340412", "symbol_class": "building", "pixel_x": 5175.4, "pixel_y": 2823.6, "easting": 451030.8, "northing": 370445.1, "epsg_source": 22391}}, {"type": "Feature", "geometry": {"type": "Point", "coordinates": [9.40654, 36.63202]}, "properties": {"record_id": "oai:u-bordeaux-montaigne.fr:340412", "symbol_class": "building", "pixel_x": 6291.4, "pixel_y": 2828.9, "easting": 455829.4, "northing": 370052.0, "epsg_source": 22391}}, {"type": "Feature", "geometry": {"type": "Point", "coordinates": [9.48227, 36.62753]}, "properties": {"record_id": "oai:u-bordeaux-montaigne.fr:340412", "symbol_class": "building", "pixel_x": 7865.1, "pixel_y": 2830.5, "easting": 462598.2, "northing": 369521.9, "epsg_source": 22391}}, {"type": "Feature", "geometry": {"type": "Point", "coordinates": [9.48264, 36.62743]}, "properties": {"record_id": "oai:u-bordeaux-montaigne.fr:340412", "symbol_class": "building", "pixel_x": 7872.9, "pixel_y": 2832.6, "easting": 462631.2, "northing": 369510.5, "epsg_source": 22391}}, {"type": "Feature", "geometry": {"type": "Point", "coordinates": [9.42609, 36.63067]}, "properties": {"record_id": "oai:u-bordeaux-montaigne.fr:340412", "symbol_class": "building", "pixel_x": 6697.9, "pixel_y": 2834.4, "easting": 457576.4, "northing": 369893.5, "epsg_source": 22391}}, {"type": "Feature", "geometry": {"type": "Point", "coordinates": [9.48301, 36.62741]}, "properties": {"record_id": "oai:u-bordeaux-montaigne.fr:340412", "symbol_class": "building", "pixel_x": 7880.5, "pixel_y": 2832.5, "easting": 462663.8, "northing": 369508.4, "epsg_source": 22391}}, {"type": "Feature", "geometry": {"type": "Point", "coordinates": [9.48344, 36.62733]}, "properties": {"record_id": "oai:u-bordeaux-montaigne.fr:340412", "symbol_class": "building", "pixel_x": 7889.7, "pixel_y": 2833.9, "easting": 462703.0, "northing": 369499.4, "epsg_source": 22391}}, {"type": "Feature", "geometry": {"type": "Point", "coordinates": [9.46484, 36.62818]}, "properties": {"record_id": "oai:u-bordeaux-montaigne.fr:340412", "symbol_class": "building", "pixel_x": 7503.5, "pixel_y": 2840.2, "easting": 461039.6, "northing": 369601.1, "epsg_source": 22391}}, {"type": "Feature", "geometry": {"type": "Point", "coordinates": [9.48307, 36.62695]}, "properties": {"record_id": "oai:u-bordeaux-montaigne.fr:340412", "symbol_class": "building", "pixel_x": 7882.6, "pixel_y": 2844.5, "easting": 462669.0, "northing": 369456.9, "epsg_source": 22391}}, {"type": "Feature", "geometry": {"type": "Point", "coordinates": [9.20402, 36.6428]}, "properties": {"record_id": "oai:u-bordeaux-montaigne.fr:340412", "symbol_class": "building", "pixel_x": 2085.4, "pixel_y": 2850.6, "easting": 437730.5, "northing": 371358.1, "epsg_source": 22391}}, {"type": "Feature", "geometry": {"type": "Point", "coordinates": [9.4649, 36.62782]}, "properties": {"record_id": "oai:u-bordeaux-montaigne.fr:340412", "symbol_class": "building", "pixel_x": 7505.4, "pixel_y": 2849.6, "easting": 461044.7, "northing": 369561.1, "epsg_source": 22391}}, {"type": "Feature", "geometry": {"type": "Point", "coordinates": [9.32487, 36.63561]}, "properties": {"record_id": "oai:u-bordeaux-montaigne.fr:340412", "symbol_class": "building", "pixel_x": 4596.6, "pixel_y": 2858.5, "easting": 448529.8, "northing": 370490.1, "epsg_source": 22391}}, {"type": "Feature", "geometry": {"type": "Point", "coordinates": [9.47165, 36.62672]}, "properties": {"record_id": "oai:u-bordeaux-montaigne.fr:340412", "symbol_class": "building", "pixel_x": 7647.0, "pixel_y": 2868.0, "easting": 461648.3, "northing": 369436.1, "epsg_source": 22391}}, {"type": "Feature", "geometry": {"type": "Point", "coordinates": [9.30877, 36.63566]}, "properties": {"record_id": "oai:u-bordeaux-montaigne.fr:340412", "symbol_class": "building", "pixel_x": 4263.6, "pixel_y": 2881.5, "easting": 447090.4, "northing": 370503.7, "epsg_source": 22391}}, {"type": "Feature", "geometry": {"type": "Point", "coordinates": [9.36225, 36.63217]}, "properties": {"record_id": "oai:u-bordeaux-montaigne.fr:340412", "symbol_class": "building", "pixel_x": 5375.3, "pixel_y": 2892.1, "easting": 451868.9, "northing": 370089.5, "epsg_source": 22391}}, {"type": "Feature", "geometry": {"type": "Point", "coordinates": [9.21232, 36.64075]}, "properties": {"record_id": "oai:u-bordeaux-montaigne.fr:340412", "symbol_class": "building", "pixel_x": 2260.6, "pixel_y": 2892.0, "easting": 438470.8, "northing": 371124.9, "epsg_source": 22391}}, {"type": "Feature", "geometry": {"type": "Point", "coordinates": [9.18585, 36.64186]}, "properties": {"record_id": "oai:u-bordeaux-montaigne.fr:340412", "symbol_class": "building", "pixel_x": 1711.5, "pixel_y": 2902.0, "easting": 436105.6, "northing": 371265.4, "epsg_source": 22391}}, {"type": "Feature", "geometry": {"type": "Point", "coordinates": [9.19959, 36.64106]}, "properties": {"record_id": "oai:u-bordeaux-montaigne.fr:340412", "symbol_class": "building", "pixel_x": 1996.8, "pixel_y": 2902.7, "easting": 437332.7, "northing": 371167.5, "epsg_source": 22391}}, {"type": "Feature", "geometry": {"type": "Point", "coordinates": [9.362, 36.63172]}, "properties": {"record_id": "oai:u-bordeaux-montaigne.fr:340412", "symbol_class": "building", "pixel_x": 5371.1, "pixel_y": 2904.3, "easting": 451846.9, "northing": 370039.2, "epsg_source": 22391}}, {"type": "Feature", "geometry": {"type": "Point", "coordinates": [9.48227, 36.62323]}, "properties": {"record_id": "oai:u-bordeaux-montaigne.fr:340412", "symbol_class": "building", "pixel_x": 7872.9, "pixel_y": 2942.8, "easting": 462595.8, "northing": 369045.3, "epsg_source": 22391}}, {"type": "Feature", "geometry": {"type": "Point", "coordinates": [9.20053, 36.63939]}, "properties": {"record_id": "oai:u-bordeaux-montaigne.fr:340412", "symbol_class": "building", "pixel_x": 2019.3, "pixel_y": 2944.9, "easting": 437416.0, "northing": 370982.0, "epsg_source": 22391}}, {"type": "Feature", "geometry": {"type": "Point", "coordinates": [9.49238, 36.62257]}, "properties": {"record_id": "oai:u-bordeaux-montaigne.fr:340412", "symbol_class": "building", "pixel_x": 8083.2, "pixel_y": 2944.7, "easting": 463499.8, "northing": 368967.4, "epsg_source": 22391}}, {"type": "Feature", "geometry": {"type": "Point", "coordinates": [9.41877, 36.62639]}, "properties": {"record_id": "oai:u-bordeaux-montaigne.fr:340412", "symbol_class": "building", "pixel_x": 6554.3, "pixel_y": 2957.4, "easting": 456919.3, "northing": 369422.0, "epsg_source": 22391}}, {"type": "Feature", "geometry": {"type": "Point", "coordinates": [9.48622, 36.62253]}, "properties": {"record_id": "oai:u-bordeaux-montaigne.fr:340412", "symbol_class": "building", "pixel_x": 7955.9, "pixel_y": 2955.0, "easting": 462948.9, "northing": 368966.3, "epsg_source": 22391}}, {"type": "Feature", "geometry": {"type": "Point", "coordinates": [9.19873, 36.63893]}, "properties": {"record_id": "oai:u-bordeaux-montaigne.fr:340412", "symbol_class": "building", "pixel_x": 1982.9, "pixel_y": 2959.5, "easting": 437254.9, "northing": 370932.2, "epsg_source": 22391}}, {"type": "Feature", "geometry": {"type": "Point", "coordinates": [9.484, 36.62255]}, "properties": {"record_id": "oai:u-bordeaux-montaigne.fr:340412", "symbol_class": "building", "pixel_x": 7910.0, "pixel_y": 2958.0, "easting": 462750.7, "northing": 368968.7, "epsg_source": 22391}}, {"type": "Feature", "geometry": {"type": "Point", "coordinates": [9.48485, 36.6225]}, "properties": {"record_id": "oai:u-bordeaux-montaigne.fr:340412", "symbol_class": "building", "pixel_x": 7927.6, "pixel_y": 2958.0, "easting": 462826.4, "northing": 368962.6, "epsg_source": 22391}}, {"type": "Feature", "geometry": {"type": "Point", "coordinates": [9.48198, 36.62256]}, "properties": {"record_id": "oai:u-bordeaux-montaigne.fr:340412", "symbol_class": "building", "pixel_x": 7868.1, "pixel_y": 2960.7, "easting": 462569.8, "northing": 368971.0, "epsg_source": 22391}}, {"type": "Feature", "geometry": {"type": "Point", "coordinates": [9.48342, 36.62249]}, "properties": {"record_id": "oai:u-bordeaux-montaigne.fr:340412", "symbol_class": "building", "pixel_x": 7898.2, "pixel_y": 2960.5, "easting": 462698.9, "northing": 368961.9, "epsg_source": 22391}}, {"type": "Feature", "geometry": {"type": "Point", "coordinates": [9.48092, 36.62251]}, "properties": {"record_id": "oai:u-bordeaux-montaigne.fr:340412", "symbol_class": "building", "pixel_x": 7846.3, "pixel_y": 2963.8, "easting": 462474.7, "northing": 368965.4, "epsg_source": 22391}}, {"type": "Feature", "geometry": {"type": "Point", "coordinates": [9.47795, 36.6225]}, "properties": {"record_id": "oai:u-bordeaux-montaigne.fr:340412", "symbol_class": "building", "pixel_x": 7784.9, "pixel_y": 2968.6, "easting": 462209.2, "northing": 368965.4, "epsg_source": 22391}}, {"type": "Feature", "geometry": {"type": "Point", "coordinates": [9.47722, 36.62252]}, "properties": {"record_id": "oai:u-bordeaux-montaigne.fr:340412", "symbol_class": "building", "pixel_x": 7769.9, "pixel_y": 2969.2, "easting": 462144.4, "northing": 368967.9, "epsg_source": 22391}}, {"type": "Feature", "geometry": {"type": "Point", "coordinates": [9.47623, 36.62249]}, "properties": {"record_id": "oai:u-bordeaux-montaigne.fr:340412", "symbol_class": "building", "pixel_x": 7749.3, "pixel_y": 2971.4, "easting": 462055.3, "northing": 368965.5, "epsg_source": 22391}}, {"type": "Feature", "geometry": {"type": "Point", "coordinates": [9.46878, 36.62247]}, "properties": {"record_id": "oai:u-bordeaux-montaigne.fr:340412", "symbol_class": "building", "pixel_x": 7595.4, "pixel_y": 2983.4, "easting": 461389.1, "northing": 368965.8, "epsg_source": 22391}}, {"type": "Feature", "geometry": {"type": "Point", "coordinates": [9.33425, 36.62983]}, "properties": {"record_id": "oai:u-bordeaux-montaigne.fr:340412", "symbol_class": "building", "pixel_x": 4800.7, "pixel_y": 2995.5, "easting": 449364.3, "northing": 369843.9, "epsg_source": 22391}}, {"type": "Feature", "geometry": {"type": "Point", "coordinates": [9.46397, 36.62248]}, "properties": {"record_id": "oai:u-bordeaux-montaigne.fr:340412", "symbol_class": "building", "pixel_x": 7496.0, "pixel_y": 2990.5, "easting": 460959.2, "northing": 368968.8, "epsg_source": 22391}}, {"type": "Feature", "geometry": {"type": "Point", "coordinates": [9.46338, 36.62244]}, "properties": {"record_id": "oai:u-bordeaux-montaigne.fr:340412", "symbol_class": "building", "pixel_x": 7483.8, "pixel_y": 2992.5, "easting": 460906.2, "northing": 368964.8, "epsg_source": 22391}}, {"type": "Feature", "geometry": {"type": "Point", "coordinates": [9.4617, 36.62246]}, "properties": {"record_id": "oai:u-bordeaux-montaigne.fr:340412", "symbol_class": "building", "pixel_x": 7449.0, "pixel_y": 2994.5, "easting": 460756.0, "northing": 368967.8, "epsg_source": 22391}}, {"type": "Feature", "geometry": {"type": "Point", "coordinates": [9.45903, 36.62247]}, "properties": {"record_id": "oai:u-bordeaux-montaigne.fr:340412", "symbol_class": "building", "pixel_x": 7393.9, "pixel_y": 2998.4, "easting": 460517.9, "northing": 368969.6, "epsg_source": 22391}}, {"type": "Feature", "geometry": {"type": "Point", "coordinates": [9.45739, 36.62246]}, "properties": {"record_id": "oai:u-bordeaux-montaigne.fr:340412", "symbol_class": "building", "pixel_x": 7359.9, "pixel_y": 3001.3, "easting": 460370.4, "northing": 368968.8, "epsg_source": 22391}}, {"type": "Feature", "geometry": {"type": "Point", "coordinates": [9.45598, 36.62247]}, "properties": {"record_id": "oai:u-bordeaux-montaigne.fr:340412", "symbol_class": "building", "pixel_x": 7330.7, "pixel_y": 3003.0, "easting": 460244.5, "northing": 368971.3, "epsg_source": 22391}}, {"type": "Feature", "geometry": {"type": "Point", "coordinates": [9.45401, 36.62246]}, "properties": {"record_id": "oai:u-bordeaux-montaigne.fr:340412", "symbol_class": "building", "pixel_x": 7290.1, "pixel_y": 3006.3, "easting": 460068.6, "northing": 368970.6, "epsg_source": 22391}}, {"type": "Feature", "geometry": {"type": "Point", "coordinates": [9.3457, 36.62859]}, "properties": {"record_id": "oai:u-bordeaux-montaigne.fr:340412", "symbol_class": "building", "pixel_x": 5039.8, "pixel_y": 3010.7, "easting": 450387.8, "northing": 369700.0, "epsg_source": 22391}}, {"type": "Feature", "geometry": {"type": "Point", "coordinates": [9.3462, 36.62857]}, "properties": {"record_id": "oai:u-bordeaux-montaigne.fr:340412", "symbol_class": "building", "pixel_x": 5050.1, "pixel_y": 3010.4, "easting": 450432.2, "northing": 369697.9, "epsg_source": 22391}}, {"type": "Feature", "geometry": {"type": "Point", "coordinates": [9.45283, 36.62243]}, "properties": {"record_id": "oai:u-bordeaux-montaigne.fr:340412", "symbol_class": "building", "pixel_x": 7265.8, "pixel_y": 3008.8, "easting": 459963.4, "northing": 368968.1, "epsg_source": 22391}}, {"type": "Feature", "geometry": {"type": "Point", "coordinates": [9.44851, 36.62242]}, "properties": {"record_id": "oai:u-bordeaux-montaigne.fr:340412", "symbol_class": "building", "pixel_x": 7176.4, "pixel_y": 3015.8, "easting": 459576.5, "northing": 368968.6, "epsg_source": 22391}}, {"type": "Feature", "geometry": {"type": "Point", "coordinates": [9.49484, 36.61964]}, "properties": {"record_id": "oai:u-bordeaux-montaigne.fr:340412", "symbol_class": "building", "pixel_x": 8139.4, "pixel_y": 3017.3, "easting": 463718.3, "northing": 368641.9, "epsg_source": 22391}}, {"type": "Feature", "geometry": {"type": "Point", "coordinates": [9.49536, 36.61947]}, "properties": {"record_id": "oai:u-bordeaux-montaigne.fr:340412", "symbol_class": "building", "pixel_x": 8150.4, "pixel_y": 3021.1, "easting": 463764.6, "northing": 368622.5, "epsg_source": 22391}}, {"type": "Feature", "geometry": {"type": "Point", "coordinates": [9.40272, 36.62462]}, "properties": {"record_id": "oai:u-bordeaux-montaigne.fr:340412", "symbol_class": "building", "pixel_x": 6225.8, "pixel_y": 3028.0, "easting": 455483.9, "northing": 369232.9, "epsg_source": 22391}}, {"type": "Feature", "geometry": {"type": "Point", "coordinates": [9.40202, 36.6244]}, "properties": {"record_id": "oai:u-bordeaux-montaigne.fr:340412", "symbol_class": "building", "pixel_x": 6211.7, "pixel_y": 3034.9, "easting": 455420.7, "northing": 369208.3, "epsg_source": 22391}}, {"type": "Feature", "geometry": {"type": "Point", "coordinates": [9.4336, 36.62238]}, "properties": {"record_id": "oai:u-bordeaux-montaigne.fr:340412", "symbol_class": "building", "pixel_x": 6868.2, "pixel_y": 3039.6, "easting": 458243.2, "northing": 368970.3, "epsg_source": 22391}}, {"type": "Feature", "geometry": {"type": "Point", "coordinates": [9.43253, 36.62237]}, "properties": {"record_id": "oai:u-bordeaux-montaigne.fr:340412", "symbol_class": "building", "pixel_x": 6846.1, "pixel_y": 3041.6, "easting": 458147.5, "northing": 368969.3, "epsg_source": 22391}}, {"type": "Feature", "geometry": {"type": "Point", "coordinates": [9.49546, 36.61863]}, "properties": {"record_id": "oai:u-bordeaux-montaigne.fr:340412", "symbol_class": "building", "pixel_x": 8154.0, "pixel_y": 3042.9, "easting": 463773.1, "northing": 368529.2, "epsg_source": 22391}}, {"type": "Feature", "geometry": {"type": "Point", "coordinates": [9.49596, 36.61843]}, "properties": {"record_id": "oai:u-bordeaux-montaigne.fr:340412", "symbol_class": "building", "pixel_x": 8164.8, "pixel_y": 3047.1, "easting": 463818.0, "northing": 368507.8, "epsg_source": 22391}}, {"type": "Feature", "geometry": {"type": "Point", "coordinates": [9.33462, 36.62744]}, "properties": {"record_id": "oai:u-bordeaux-montaigne.fr:340412", "symbol_class": "building", "pixel_x": 4812.6, "pixel_y": 3057.4, "easting": 449395.5, "northing": 369578.2, "epsg_source": 22391}}, {"type": "Feature", "geometry": {"type": "Point", "coordinates": [9.33593, 36.62759]}, "properties": {"record_id": "oai:u-bordeaux-montaigne.fr:340412", "symbol_class": "building", "pixel_x": 4839.5, "pixel_y": 3051.6, "easting": 449513.0, "northing": 369594.0, "epsg_source": 22391}}, {"type": "Feature", "geometry": {"type": "Point", "coordinates": [9.2931, 36.62997]}, "properties": {"record_id": "oai:u-bordeaux-montaigne.fr:340412", "symbol_class": "building", "pixel_x": 3949.6, "pixel_y": 3053.6, "easting": 445684.7, "northing": 369881.3, "epsg_source": 22391}}, {"type": "Feature", "geometry": {"type": "Point", "coordinates": [9.29376, 36.62989]}, "properties": {"record_id": "oai:u-bordeaux-montaigne.fr:340412", "symbol_class": "building", "pixel_x": 3963.6, "pixel_y": 3054.7, "easting": 445744.3, "northing": 369872.0, "epsg_source": 22391}}, {"type": "Feature", "geometry": {"type": "Point", "coordinates": [9.42449, 36.62235]}, "properties": {"record_id": "oai:u-bordeaux-montaigne.fr:340412", "symbol_class": "building", "pixel_x": 6680.0, "pixel_y": 3054.4, "easting": 457428.9, "northing": 368970.5, "epsg_source": 22391}}, {"type": "Feature", "geometry": {"type": "Point", "coordinates": [9.42328, 36.62233]}, "properties": {"record_id": "oai:u-bordeaux-montaigne.fr:340412", "symbol_class": "building", "pixel_x": 6654.9, "pixel_y": 3056.7, "easting": 457320.4, "northing": 368968.9, "epsg_source": 22391}}, {"type": "Feature", "geometry": {"type": "Point", "coordinates": [9.49599, 36.61802]}, "properties": {"record_id": "oai:u-bordeaux-montaigne.fr:340412", "symbol_class": "building", "pixel_x": 8166.1, "pixel_y": 3057.8, "easting": 463820.3, "northing": 368462.0, "epsg_source": 22391}}, {"type": "Feature", "geometry": {"type": "Point", "coordinates": [9.3359, 36.62724]}, "properties": {"record_id": "oai:u-bordeaux-montaigne.fr:340412", "symbol_class": "building", "pixel_x": 4839.5, "pixel_y": 3060.6, "easting": 449510.0, "northing": 369555.7, "epsg_source": 22391}}, {"type": "Feature", "geometry": {"type": "Point", "coordinates": [9.42155, 36.62233]}, "properties": {"record_id": "oai:u-bordeaux-montaigne.fr:340412", "symbol_class": "building", "pixel_x": 6619.2, "pixel_y": 3059.1, "easting": 457166.0, "northing": 368970.6, "epsg_source": 22391}}, {"type": "Feature", "geometry": {"type": "Point", "coordinates": [9.28328, 36.63023]}, "properties": {"record_id": "oai:u-bordeaux-montaigne.fr:340412", "symbol_class": "building", "pixel_x": 3746.3, "pixel_y": 3061.3, "easting": 444807.5, "northing": 369916.1, "epsg_source": 22391}}, {"type": "Feature", "geometry": {"type": "Point", "coordinates": [9.29341, 36.62947]}, "properties": {"record_id": "oai:u-bordeaux-montaigne.fr:340412", "symbol_class": "building", "pixel_x": 3957.1, "pixel_y": 3066.2, "easting": 445712.7, "northing": 369825.5, "epsg_source": 22391}}, {"type": "Feature", "geometry": {"type": "Point", "coordinates": [9.45049, 36.62033]}, "properties": {"record_id": "oai:u-bordeaux-montaigne.fr:340412", "symbol_class": "building", "pixel_x": 7221.1, "pixel_y": 3067.2, "easting": 459752.5, "northing": 368736.3, "epsg_source": 22391}}, {"type": "Feature", "geometry": {"type": "Point", "coordinates": [9.45089, 36.62021]}, "properties": {"record_id": "oai:u-bordeaux-montaigne.fr:340412", "symbol_class": "building", "pixel_x": 7229.7, "pixel_y": 3069.8, "easting": 459788.8, "northing": 368722.6, "epsg_source": 22391}}, {"type": "Feature", "geometry": {"type": "Point", "coordinates": [9.41582, 36.62233]}, "properties": {"record_id": "oai:u-bordeaux-montaigne.fr:340412", "symbol_class": "building", "pixel_x": 6500.8, "pixel_y": 3068.1, "easting": 456653.8, "northing": 368972.2, "epsg_source": 22391}}, {"type": "Feature", "geometry": {"type": "Point", "coordinates": [9.49597, 36.61741]}, "properties": {"record_id": "oai:u-bordeaux-montaigne.fr:340412", "symbol_class": "building", "pixel_x": 8166.9, "pixel_y": 3073.8, "easting": 463818.8, "northing": 368394.0, "epsg_source": 22391}}, {"type": "Feature", "geometry": {"type": "Point", "coordinates": [9.41477, 36.62231]}, "properties": {"record_id": "oai:u-bordeaux-montaigne.fr:340412", "symbol_class": "building", "pixel_x": 6479.0, "pixel_y": 3070.2, "easting": 456559.5, "northing": 368970.3, "epsg_source": 22391}}, {"type": "Feature", "geometry": {"type": "Point", "coordinates": [9.41277, 36.62232]}, "properties": {"record_id": "oai:u-bordeaux-montaigne.fr:340412", "symbol_class": "building", "pixel_x": 6437.6, "pixel_y": 3072.9, "easting": 456380.5, "northing": 368972.9, "epsg_source": 22391}}, {"type": "Feature", "geometry": {"type": "Point", "coordinates": [9.30097, 36.62865]}, "properties": {"record_id": "oai:u-bordeaux-montaigne.fr:340412", "symbol_class": "building", "pixel_x": 4114.9, "pixel_y": 3076.3, "easting": 446388.3, "northing": 369730.5, "epsg_source": 22391}}, {"type": "Feature", "geometry": {"type": "Point", "coordinates": [9.3, 36.62859]}, "properties": {"record_id": "oai:u-bordeaux-montaigne.fr:340412", "symbol_class": "building", "pixel_x": 4094.9, "pixel_y": 3079.3, "easting": 446301.4, "northing": 369724.4, "epsg_source": 22391}}, {"type": "Feature", "geometry": {"type": "Point", "coordinates": [9.41117, 36.62231]}, "properties": {"record_id": "oai:u-bordeaux-montaigne.fr:340412", "symbol_class": "building", "pixel_x": 6404.7, "pixel_y": 3075.7, "easting": 456237.9, "northing": 368972.1, "epsg_source": 22391}}, {"type": "Feature", "geometry": {"type": "Point", "coordinates": [9.45061, 36.61999]}, "properties": {"record_id": "oai:u-bordeaux-montaigne.fr:340412", "symbol_class": "building", "pixel_x": 7224.2, "pixel_y": 3076.0, "easting": 459762.9, "northing": 368698.3, "epsg_source": 22391}}, {"type": "Feature", "geometry": {"type": "Point", "coordinates": [9.19495, 36.63436]}, "properties": {"record_id": "oai:u-bordeaux-montaigne.fr:340412", "symbol_class": "building", "pixel_x": 1912.8, "pixel_y": 3084.6, "easting": 436913.3, "northing": 370427.4, "epsg_source": 22391}}, {"type": "Feature", "geometry": {"type": "Point", "coordinates": [9.40685, 36.62228]}, "properties": {"record_id": "oai:u-bordeaux-montaigne.fr:340412", "symbol_class": "building", "pixel_x": 6315.4, "pixel_y": 3082.9, "easting": 455851.8, "northing": 368971.3, "epsg_source": 22391}}, {"type": "Feature", "geometry": {"type": "Point", "coordinates": [9.23559, 36.63194]}, "properties": {"record_id": "oai:u-bordeaux-montaigne.fr:340412", "symbol_class": "building", "pixel_x": 2757.2, "pixel_y": 3087.6, "easting": 440544.4, "northing": 370133.9, "epsg_source": 22391}}, {"type": "Feature", "geometry": {"type": "Point", "coordinates": [9.40415, 36.6223]}, "properties": {"record_id": "oai:u-bordeaux-montaigne.fr:340412", "symbol_class": "building", "pixel_x": 6259.6, "pixel_y": 3086.4, "easting": 455610.3, "northing": 368974.8, "epsg_source": 22391}}, {"type": "Feature", "geometry": {"type": "Point", "coordinates": [9.45128, 36.61947]}, "properties": {"record_id": "oai:u-bordeaux-montaigne.fr:340412", "symbol_class": "building", "pixel_x": 7239.1, "pixel_y": 3088.7, "easting": 459823.2, "northing": 368639.6, "epsg_source": 22391}}, {"type": "Feature", "geometry": {"type": "Point", "coordinates": [9.40291, 36.62228]}, "properties": {"record_id": "oai:u-bordeaux-montaigne.fr:340412", "symbol_class": "building", "pixel_x": 6233.9, "pixel_y": 3088.9, "easting": 455499.0, "northing": 368972.8, "epsg_source": 22391}}, {"type": "Feature", "geometry": {"type": "Point", "coordinates": [9.19476, 36.634]}, "properties": {"record_id": "oai:u-bordeaux-montaigne.fr:340412", "symbol_class": "building", "pixel_x": 1909.3, "pixel_y": 3094.2, "easting": 436895.4, "northing": 370387.8, "epsg_source": 22391}}, {"type": "Feature", "geometry": {"type": "Point", "coordinates": [9.36105, 36.62442]}, "properties": {"record_id": "oai:u-bordeaux-montaigne.fr:340412", "symbol_class": "building", "pixel_x": 5364.6, "pixel_y": 3096.5, "easting": 451757.4, "northing": 369229.9, "epsg_source": 22391}}, {"type": "Feature", "geometry": {"type": "Point", "coordinates": [9.41815, 36.62085]}, "properties": {"record_id": "oai:u-bordeaux-montaigne.fr:340412", "symbol_class": "building", "pixel_x": 6551.5, "pixel_y": 3103.2, "easting": 456860.8, "northing": 368806.9, "epsg_source": 22391}}, {"type": "Feature", "geometry": {"type": "Point", "coordinates": [9.45098, 36.61918]}, "properties": {"record_id": "oai:u-bordeaux-montaigne.fr:340412", "symbol_class": "building", "pixel_x": 7233.5, "pixel_y": 3096.5, "easting": 459796.4, "northing": 368608.6, "epsg_source": 22391}}, {"type": "Feature", "geometry": {"type": "Point", "coordinates": [9.4581, 36.61875]}, "properties": {"record_id": "oai:u-bordeaux-montaigne.fr:340412", "symbol_class": "building", "pixel_x": 7381.5, "pixel_y": 3097.0, "easting": 460432.7, "northing": 368557.3, "epsg_source": 22391}}, {"type": "Feature", "geometry": {"type": "Point", "coordinates": [9.41874, 36.62095]}, "properties": {"record_id": "oai:u-bordeaux-montaigne.fr:340412", "symbol_class": "building", "pixel_x": 6563.7, "pixel_y": 3099.5, "easting": 456914.1, "northing": 368818.4, "epsg_source": 22391}}, {"type": "Feature", "geometry": {"type": "Point", "coordinates": [9.29628, 36.62789]}, "properties": {"record_id": "oai:u-bordeaux-montaigne.fr:340412", "symbol_class": "building", "pixel_x": 4019.1, "pixel_y": 3103.0, "easting": 445967.7, "northing": 369649.4, "epsg_source": 22391}}, {"type": "Feature", "geometry": {"type": "Point", "coordinates": [9.23792, 36.6311]}, "properties": {"record_id": "oai:u-bordeaux-montaigne.fr:340412", "symbol_class": "building", "pixel_x": 2806.9, "pixel_y": 3106.2, "easting": 440752.4, "northing": 370038.8, "epsg_source": 22391}}, {"type": "Feature", "geometry": {"type": "Point", "coordinates": [9.32562, 36.62611]}, "properties": {"record_id": "oai:u-bordeaux-montaigne.fr:340412", "symbol_class": "building", "pixel_x": 4629.0, "pixel_y": 3105.7, "easting": 448590.3, "northing": 369435.4, "epsg_source": 22391}}, {"type": "Feature", "geometry": {"type": "Point", "coordinates": [9.45837, 36.6183]}, "properties": {"record_id": "oai:u-bordeaux-montaigne.fr:340412", "symbol_class": "building", "pixel_x": 7387.9, "pixel_y": 3108.4, "easting": 460456.7, "northing": 368506.9, "epsg_source": 22391}}, {"type": "Feature", "geometry": {"type": "Point", "coordinates": [9.3608, 36.6238]}, "properties": {"record_id": "oai:u-bordeaux-montaigne.fr:340412", "symbol_class": "building", "pixel_x": 5360.6, "pixel_y": 3112.9, "easting": 451735.0, "northing": 369161.9, "epsg_source": 22391}}, {"type": "Feature", "geometry": {"type": "Point", "coordinates": [9.4897, 36.61629]}, "properties": {"record_id": "oai:u-bordeaux-montaigne.fr:340412", "symbol_class": "building", "pixel_x": 8039.2, "pixel_y": 3112.9, "easting": 463256.8, "northing": 368271.7, "epsg_source": 22391}}, {"type": "Feature", "geometry": {"type": "Point", "coordinates": [9.49078, 36.61627]}, "properties": {"record_id": "oai:u-bordeaux-montaigne.fr:340412", "symbol_class": "building", "pixel_x": 8061.6, "pixel_y": 3111.6, "easting": 463353.9, "northing": 368269.7, "epsg_source": 22391}}, {"type": "Feature", "geometry": {"type": "Point", "coordinates": [9.29852, 36.6272]}, "properties": {"record_id": "oai:u-bordeaux-montaigne.fr:340412", "symbol_class": "building", "pixel_x": 4066.7, "pixel_y": 3117.8, "easting": 446167.6, "northing": 369571.2, "epsg_source": 22391}}, {"type": "Feature", "geometry": {"type": "Point", "coordinates": [9.34997, 36.62404]}, "properties": {"record_id": "oai:u-bordeaux-montaigne.fr:340412", "symbol_class": "building", "pixel_x": 5136.1, "pixel_y": 3123.1, "easting": 450766.0, "northing": 369193.2, "epsg_source": 22391}}, {"type": "Feature", "geometry": {"type": "Point", "coordinates": [9.29889, 36.62694]}, "properties": {"record_id": "oai:u-bordeaux-montaigne.fr:340412", "symbol_class": "building", "pixel_x": 4074.8, "pixel_y": 3123.9, "easting": 446200.5, "northing": 369542.6, "epsg_source": 22391}}, {"type": "Feature", "geometry": {"type": "Point", "coordinates": [9.19244, 36.6329]}, "properties": {"record_id": "oai:u-bordeaux-montaigne.fr:340412", "symbol_class": "building", "pixel_x": 1863.3, "pixel_y": 3126.3, "easting": 436687.1, "northing": 370267.7, "epsg_source": 22391}}, {"type": "Feature", "geometry": {"type": "Point", "coordinates": [9.24108, 36.62993]}, "properties": {"record_id": "oai:u-bordeaux-montaigne.fr:340412", "symbol_class": "building", "pixel_x": 2874.2, "pixel_y": 3132.0, "easting": 441033.8, "northing": 369907.6, "epsg_source": 22391}}, {"type": "Feature", "geometry": {"type": "Point", "coordinates": [9.46365, 36.61674]}, "properties": {"record_id": "oai:u-bordeaux-montaigne.fr:340412", "symbol_class": "building", "pixel_x": 7499.9, "pixel_y": 3141.0, "easting": 460928.0, "northing": 368332.2, "epsg_source": 22391}}, {"type": "Feature", "geometry": {"type": "Point", "coordinates": [9.49174, 36.61526]}, "properties": {"record_id": "oai:u-bordeaux-montaigne.fr:340412", "symbol_class": "building", "pixel_x": 8083.3, "pixel_y": 3136.5, "easting": 463438.9, "northing": 368157.1, "epsg_source": 22391}}, {"type": "Feature", "geometry": {"type": "Point", "coordinates": [9.49232, 36.6151]}, "properties": {"record_id": "oai:u-bordeaux-montaigne.fr:340412", "symbol_class": "building", "pixel_x": 8095.7, "pixel_y": 3139.9, "easting": 463491.2, "northing": 368138.8, "epsg_source": 22391}}, {"type": "Feature", "geometry": {"type": "Point", "coordinates": [9.29803, 36.62617]}, "properties": {"record_id": "oai:u-bordeaux-montaigne.fr:340412", "symbol_class": "building", "pixel_x": 4058.5, "pixel_y": 3145.4, "easting": 446123.7, "northing": 369457.4, "epsg_source": 22391}}, {"type": "Feature", "geometry": {"type": "Point", "coordinates": [9.4917, 36.61497]}, "properties": {"record_id": "oai:u-bordeaux-montaigne.fr:340412", "symbol_class": "building", "pixel_x": 8083.1, "pixel_y": 3144.1, "easting": 463435.9, "northing": 368125.4, "epsg_source": 22391}}, {"type": "Feature", "geometry": {"type": "Point", "coordinates": [9.15548, 36.63375]}, "properties": {"record_id": "oai:u-bordeaux-montaigne.fr:340412", "symbol_class": "building", "pixel_x": 1097.7, "pixel_y": 3158.4, "easting": 433383.6, "northing": 370386.5, "epsg_source": 22391}}, {"type": "Feature", "geometry": {"type": "Point", "coordinates": [9.33471, 36.62366]}, "properties": {"record_id": "oai:u-bordeaux-montaigne.fr:340412", "symbol_class": "building", "pixel_x": 4821.4, "pixel_y": 3155.9, "easting": 449401.6, "northing": 369159.3, "epsg_source": 22391}}, {"type": "Feature", "geometry": {"type": "Point", "coordinates": [9.49469, 36.61435]}, "properties": {"record_id": "oai:u-bordeaux-montaigne.fr:340412", "symbol_class": "building", "pixel_x": 8146.1, "pixel_y": 3155.7, "easting": 463702.9, "northing": 368055.3, "epsg_source": 22391}}, {"type": "Feature", "geometry": {"type": "Point", "coordinates": [9.49387, 36.61429]}, "properties": {"record_id": "oai:u-bordeaux-montaigne.fr:340412", "symbol_class": "building", "pixel_x": 8129.2, "pixel_y": 3158.6, "easting": 463629.5, "northing": 368048.6, "epsg_source": 22391}}, {"type": "Feature", "geometry": {"type": "Point", "coordinates": [9.49518, 36.6142]}, "properties": {"record_id": "oai:u-bordeaux-montaigne.fr:340412", "symbol_class": "building", "pixel_x": 8156.4, "pixel_y": 3158.8, "easting": 463746.1, "northing": 368038.8, "epsg_source": 22391}}, {"type": "Feature", "geometry": {"type": "Point", "coordinates": [9.33449, 36.62319]}, "properties": {"record_id": "oai:u-bordeaux-montaigne.fr:340412", "symbol_class": "building", "pixel_x": 4817.7, "pixel_y": 3168.7, "easting": 449381.7, "northing": 369106.7, "epsg_source": 22391}}, {"type": "Feature", "geometry": {"type": "Point", "coordinates": [9.30008, 36.62524]}, "properties": {"record_id": "oai:u-bordeaux-montaigne.fr:340412", "symbol_class": "building", "pixel_x": 4102.6, "pixel_y": 3166.6, "easting": 446306.4, "northing": 369353.3, "epsg_source": 22391}}, {"type": "Feature", "geometry": {"type": "Point", "coordinates": [9.50192, 36.61364]}, "properties": {"record_id": "oai:u-bordeaux-montaigne.fr:340412", "symbol_class": "building", "pixel_x": 8296.8, "pixel_y": 3163.1, "easting": 464348.8, "northing": 367973.9, "epsg_source": 22391}}, {"type": "Feature", "geometry": {"type": "Point", "coordinates": [9.2411, 36.62866]}, "properties": {"record_id": "oai:u-bordeaux-montaigne.fr:340412", "symbol_class": "building", "pixel_x": 2876.8, "pixel_y": 3165.3, "easting": 441034.3, "northing": 369765.9, "epsg_source": 22391}}, {"type": "Feature", "geometry": {"type": "Point", "coordinates": [9.50122, 36.61359]}, "properties": {"record_id": "oai:u-bordeaux-montaigne.fr:340412", "symbol_class": "building", "pixel_x": 8282.3, "pixel_y": 3165.5, "easting": 464285.8, "northing": 367968.5, "epsg_source": 22391}}, {"type": "Feature", "geometry": {"type": "Point", "coordinates": [9.3444, 36.62259]}, "properties": {"record_id": "oai:u-bordeaux-montaigne.fr:340412", "symbol_class": "building", "pixel_x": 5023.6, "pixel_y": 3169.2, "easting": 450267.2, "northing": 369035.9, "epsg_source": 22391}}, {"type": "Feature", "geometry": {"type": "Point", "coordinates": [9.17766, 36.63192]}, "properties": {"record_id": "oai:u-bordeaux-montaigne.fr:340412", "symbol_class": "building", "pixel_x": 1559.5, "pixel_y": 3173.8, "easting": 435365.2, "northing": 370168.2, "epsg_source": 22391}}, {"type": "Feature", "geometry": {"type": "Point", "coordinates": [9.49718, 36.61361]}, "properties": {"record_id": "oai:u-bordeaux-montaigne.fr:340412", "symbol_class": "building", "pixel_x": 8198.8, "pixel_y": 3171.4, "easting": 463924.5, "northing": 367971.6, "epsg_source": 22391}}, {"type": "Feature", "geometry": {"type": "Point", "coordinates": [9.49597, 36.61361]}, "properties": {"record_id": "oai:u-bordeaux-montaigne.fr:340412", "symbol_class": "building", "pixel_x": 8173.7, "pixel_y": 3173.1, "easting": 463816.3, "northing": 367972.7, "epsg_source": 22391}}, {"type": "Feature", "geometry": {"type": "Point", "coordinates": [9.49493, 36.61356]}, "properties": {"record_id": "oai:u-bordeaux-montaigne.fr:340412", "symbol_class": "building", "pixel_x": 8152.4, "pixel_y": 3176.1, "easting": 463723.7, "northing": 367967.2, "epsg_source": 22391}}, {"type": "Feature", "geometry": {"type": "Point", "coordinates": [9.49408, 36.61354]}, "properties": {"record_id": "oai:u-bordeaux-montaigne.fr:340412", "symbol_class": "building", "pixel_x": 8134.9, "pixel_y": 3178.0, "easting": 463647.9, "northing": 367965.0, "epsg_source": 22391}}, {"type": "Feature", "geometry": {"type": "Point", "coordinates": [9.49246, 36.61354]}, "properties": {"record_id": "oai:u-bordeaux-montaigne.fr:340412", "symbol_class": "building", "pixel_x": 8101.3, "pixel_y": 3180.4, "easting": 463502.4, "northing": 367965.8, "epsg_source": 22391}}, {"type": "Feature", "geometry": {"type": "Point", "coordinates": [9.48974, 36.61353]}, "properties": {"record_id": "oai:u-bordeaux-montaigne.fr:340412", "symbol_class": "building", "pixel_x": 8045.2, "pixel_y": 3184.9, "easting": 463259.8, "northing": 367965.5, "epsg_source": 22391}}, {"type": "Feature", "geometry": {"type": "Point", "coordinates": [9.48737, 36.61351]}, "properties": {"record_id": "oai:u-bordeaux-montaigne.fr:340412", "symbol_class": "building", "pixel_x": 7996.1, "pixel_y": 3188.8, "easting": 463047.2, "northing": 367965.2, "epsg_source": 22391}}, {"type": "Feature", "geometry": {"type": "Point", "coordinates": [9.48766, 36.61354]}, "properties": {"record_id": "oai:u-bordeaux-montaigne.fr:340412", "symbol_class": "building", "pixel_x": 8002.2, "pixel_y": 3187.7, "easting": 463073.7, "northing": 367968.1, "epsg_source": 22391}}, {"type": "Feature", "geometry": {"type": "Point", "coordinates": [9.29251, 36.62454]}, "properties": {"record_id": "oai:u-bordeaux-montaigne.fr:340412", "symbol_class": "building", "pixel_x": 3947.1, "pixel_y": 3196.2, "easting": 445628.2, "northing": 369280.0, "epsg_source": 22391}}, {"type": "Feature", "geometry": {"type": "Point", "coordinates": [9.17642, 36.63103]}, "properties": {"record_id": "oai:u-bordeaux-montaigne.fr:340412", "symbol_class": "building", "pixel_x": 1535.4, "pixel_y": 3198.7, "easting": 435253.4, "northing": 370070.9, "epsg_source": 22391}}, {"type": "Feature", "geometry": {"type": "Point", "coordinates": [9.24253, 36.62718]}, "properties": {"record_id": "oai:u-bordeaux-montaigne.fr:340412", "symbol_class": "building", "pixel_x": 2909.0, "pixel_y": 3201.7, "easting": 441161.1, "northing": 369601.8, "epsg_source": 22391}}, {"type": "Feature", "geometry": {"type": "Point", "coordinates": [9.25057, 36.62664]}, "properties": {"record_id": "oai:u-bordeaux-montaigne.fr:340412", "symbol_class": "building", "pixel_x": 3076.2, "pixel_y": 3204.0, "easting": 441879.6, "northing": 369536.4, "epsg_source": 22391}}, {"type": "Feature", "geometry": {"type": "Point", "coordinates": [9.32183, 36.62253]}, "properties": {"record_id": "oai:u-bordeaux-montaigne.fr:340412", "symbol_class": "building", "pixel_x": 4557.1, "pixel_y": 3204.9, "easting": 448249.2, "northing": 369040.5, "epsg_source": 22391}}, {"type": "Feature", "geometry": {"type": "Point", "coordinates": [9.4768, 36.6135]}, "properties": {"record_id": "oai:u-bordeaux-montaigne.fr:340412", "symbol_class": "building", "pixel_x": 7777.6, "pixel_y": 3205.4, "easting": 462102.3, "northing": 367968.1, "epsg_source": 22391}}, {"type": "Feature", "geometry": {"type": "Point", "coordinates": [9.28227, 36.62468]}, "properties": {"record_id": "oai:u-bordeaux-montaigne.fr:340412", "symbol_class": "building", "pixel_x": 3735.3, "pixel_y": 3207.9, "easting": 444713.5, "northing": 369300.8, "epsg_source": 22391}}, {"type": "Feature", "geometry": {"type": "Point", "coordinates": [9.28273, 36.62444]}, "properties": {"record_id": "oai:u-bordeaux-montaigne.fr:340412", "symbol_class": "building", "pixel_x": 3745.2, "pixel_y": 3213.5, "easting": 444754.3, "northing": 369274.1, "epsg_source": 22391}}, {"type": "Feature", "geometry": {"type": "Point", "coordinates": [9.28202, 36.62439]}, "properties": {"record_id": "oai:u-bordeaux-montaigne.fr:340412", "symbol_class": "building", "pixel_x": 3730.5, "pixel_y": 3215.9, "easting": 444690.1, "northing": 369268.5, "epsg_source": 22391}}, {"type": "Feature", "geometry": {"type": "Point", "coordinates": [9.35654, 36.61986]}, "properties": {"record_id": "oai:u-bordeaux-montaigne.fr:340412", "symbol_class": "building", "pixel_x": 5279.6, "pixel_y": 3222.3, "easting": 451351.5, "northing": 368726.9, "epsg_source": 22391}}, {"type": "Feature", "geometry": {"type": "Point", "coordinates": [9.28253, 36.62413]}, "properties": {"record_id": "oai:u-bordeaux-montaigne.fr:340412", "symbol_class": "building", "pixel_x": 3741.6, "pixel_y": 3221.8, "easting": 444736.2, "northing": 369240.0, "epsg_source": 22391}}, {"type": "Feature", "geometry": {"type": "Point", "coordinates": [9.34538, 36.6204]}, "properties": {"record_id": "oai:u-bordeaux-montaigne.fr:340412", "symbol_class": "building", "pixel_x": 5047.8, "pixel_y": 3225.1, "easting": 450353.7, "northing": 368792.1, "epsg_source": 22391}}, {"type": "Feature", "geometry": {"type": "Point", "coordinates": [9.37921, 36.61822]}, "properties": {"record_id": "oai:u-bordeaux-montaigne.fr:340412", "symbol_class": "building", "pixel_x": 5751.2, "pixel_y": 3230.8, "easting": 453377.4, "northing": 368534.0, "epsg_source": 22391}}, {"type": "Feature", "geometry": {"type": "Point", "coordinates": [9.21986, 36.6273]}, "properties": {"record_id": "oai:u-bordeaux-montaigne.fr:340412", "symbol_class": "building", "pixel_x": 2440.2, "pixel_y": 3232.1, "easting": 439134.8, "northing": 369628.9, "epsg_source": 22391}}, {"type": "Feature", "geometry": {"type": "Point", "coordinates": [9.4588, 36.61342]}, "properties": {"record_id": "oai:u-bordeaux-montaigne.fr:340412", "symbol_class": "building", "pixel_x": 7405.7, "pixel_y": 3235.2, "easting": 460492.9, "northing": 367965.6, "epsg_source": 22391}}, {"type": "Feature", "geometry": {"type": "Point", "coordinates": [9.19037, 36.62845]}, "properties": {"record_id": "oai:u-bordeaux-montaigne.fr:340412", "symbol_class": "building", "pixel_x": 1828.4, "pixel_y": 3245.6, "easting": 436498.8, "northing": 369775.4, "epsg_source": 22391}}, {"type": "Feature", "geometry": {"type": "Point", "coordinates": [9.45153, 36.61343]}, "properties": {"record_id": "oai:u-bordeaux-montaigne.fr:340412", "symbol_class": "building", "pixel_x": 7255.3, "pixel_y": 3246.1, "easting": 459842.6, "northing": 367969.5, "epsg_source": 22391}}, {"type": "Feature", "geometry": {"type": "Point", "coordinates": [9.19097, 36.62817]}, "properties": {"record_id": "oai:u-bordeaux-montaigne.fr:340412", "symbol_class": "building", "pixel_x": 1841.3, "pixel_y": 3252.1, "easting": 436552.2, "northing": 369743.6, "epsg_source": 22391}}, {"type": "Feature", "geometry": {"type": "Point", "coordinates": [9.29104, 36.6224]}, "properties": {"record_id": "oai:u-bordeaux-montaigne.fr:340412", "symbol_class": "building", "pixel_x": 3920.6, "pixel_y": 3254.4, "easting": 445495.5, "northing": 369042.8, "epsg_source": 22391}}, {"type": "Feature", "geometry": {"type": "Point", "coordinates": [9.36331, 36.61808]}, "properties": {"record_id": "oai:u-bordeaux-montaigne.fr:340412", "symbol_class": "building", "pixel_x": 5422.8, "pixel_y": 3258.7, "easting": 451955.8, "northing": 368525.4, "epsg_source": 22391}}, {"type": "Feature", "geometry": {"type": "Point", "coordinates": [9.19002, 36.62787]}, "properties": {"record_id": "oai:u-bordeaux-montaigne.fr:340412", "symbol_class": "building", "pixel_x": 1822.1, "pixel_y": 3261.3, "easting": 436466.6, "northing": 369711.2, "epsg_source": 22391}}, {"type": "Feature", "geometry": {"type": "Point", "coordinates": [9.19077, 36.62781]}, "properties": {"record_id": "oai:u-bordeaux-montaigne.fr:340412", "symbol_class": "building", "pixel_x": 1837.8, "pixel_y": 3261.8, "easting": 436534.3, "northing": 369703.7, "epsg_source": 22391}}, {"type": "Feature", "geometry": {"type": "Point", "coordinates": [9.24338, 36.62441]}, "properties": {"record_id": "oai:u-bordeaux-montaigne.fr:340412", "symbol_class": "building", "pixel_x": 2931.6, "pixel_y": 3273.0, "easting": 441235.4, "northing": 369293.2, "epsg_source": 22391}}, {"type": "Feature", "geometry": {"type": "Point", "coordinates": [9.42892, 36.61406]}, "properties": {"record_id": "oai:u-bordeaux-montaigne.fr:340412", "symbol_class": "building", "pixel_x": 6786.6, "pixel_y": 3264.2, "easting": 457820.5, "northing": 368049.0, "epsg_source": 22391}}, {"type": "Feature", "geometry": {"type": "Point", "coordinates": [9.20225, 36.62695]}, "properties": {"record_id": "oai:u-bordeaux-montaigne.fr:340412", "symbol_class": "building", "pixel_x": 2076.6, "pixel_y": 3267.3, "easting": 437559.6, "northing": 369601.2, "epsg_source": 22391}}, {"type": "Feature", "geometry": {"type": "Point", "coordinates": [9.27515, 36.62282]}, "properties": {"record_id": "oai:u-bordeaux-montaigne.fr:340412", "symbol_class": "building", "pixel_x": 3591.4, "pixel_y": 3267.1, "easting": 444075.4, "northing": 369098.6, "epsg_source": 22391}}, {"type": "Feature", "geometry": {"type": "Point", "coordinates": [9.26933, 36.62297]}, "properties": {"record_id": "oai:u-bordeaux-montaigne.fr:340412", "symbol_class": "building", "pixel_x": 3470.7, "pixel_y": 3272.0, "easting": 443554.8, "northing": 369118.2, "epsg_source": 22391}}, {"type": "Feature", "geometry": {"type": "Point", "coordinates": [9.33885, 36.61894]}, "properties": {"record_id": "oai:u-bordeaux-montaigne.fr:340412", "symbol_class": "building", "pixel_x": 4915.3, "pixel_y": 3273.0, "easting": 449768.3, "northing": 368633.8, "epsg_source": 22391}}, {"type": "Feature", "geometry": {"type": "Point", "coordinates": [9.32121, 36.61894]}, "properties": {"record_id": "oai:u-bordeaux-montaigne.fr:340412", "symbol_class": "building", "pixel_x": 4550.6, "pixel_y": 3299.6, "easting": 448191.2, "northing": 368642.4, "epsg_source": 22391}}, {"type": "Feature", "geometry": {"type": "Point", "coordinates": [9.41711, 36.6133]}, "properties": {"record_id": "oai:u-bordeaux-montaigne.fr:340412", "symbol_class": "building", "pixel_x": 6543.8, "pixel_y": 3302.0, "easting": 456764.0, "northing": 367970.0, "epsg_source": 22391}}, {"type": "Feature", "geometry": {"type": "Point", "coordinates": [9.27712, 36.62094]}, "properties": {"record_id": "oai:u-bordeaux-montaigne.fr:340412", "symbol_class": "building", "pixel_x": 3635.3, "pixel_y": 3313.3, "easting": 444249.6, "northing": 368889.1, "epsg_source": 22391}}, {"type": "Feature", "geometry": {"type": "Point", "coordinates": [9.41029, 36.61328]}, "properties": {"record_id": "oai:u-bordeaux-montaigne.fr:340412", "symbol_class": "building", "pixel_x": 6402.9, "pixel_y": 3312.8, "easting": 456154.4, "northing": 367971.1, "epsg_source": 22391}}, {"type": "Feature", "geometry": {"type": "Point", "coordinates": [9.2768, 36.62046]}, "properties": {"record_id": "oai:u-bordeaux-montaigne.fr:340412", "symbol_class": "building", "pixel_x": 3629.7, "pixel_y": 3326.3, "easting": 444221.3, "northing": 368836.0, "epsg_source": 22391}}, {"type": "Feature", "geometry": {"type": "Point", "coordinates": [9.40293, 36.61326]}, "properties": {"record_id": "oai:u-bordeaux-montaigne.fr:340412", "symbol_class": "building", "pixel_x": 6250.7, "pixel_y": 3324.5, "easting": 455496.1, "northing": 367972.3, "epsg_source": 22391}}, {"type": "Feature", "geometry": {"type": "Point", "coordinates": [9.40037, 36.61325]}, "properties": {"record_id": "oai:u-bordeaux-montaigne.fr:340412", "symbol_class": "building", "pixel_x": 6197.8, "pixel_y": 3328.7, "easting": 455267.0, "northing": 367972.3, "epsg_source": 22391}}, {"type": "Feature", "geometry": {"type": "Point", "coordinates": [9.25434, 36.62148]}, "properties": {"record_id": "oai:u-bordeaux-montaigne.fr:340412", "symbol_class": "building", "pixel_x": 3163.5, "pixel_y": 3333.1, "easting": 442213.7, "northing": 368962.3, "epsg_source": 22391}}, {"type": "Feature", "geometry": {"type": "Point", "coordinates": [9.20781, 36.62379]}, "properties": {"record_id": "oai:u-bordeaux-montaigne.fr:340412", "symbol_class": "building", "pixel_x": 2197.2, "pixel_y": 3341.7, "easting": 438054.4, "northing": 369247.1, "epsg_source": 22391}}, {"type": "Feature", "geometry": {"type": "Point", "coordinates": [9.39349, 36.61325]}, "properties": {"record_id": "oai:u-bordeaux-montaigne.fr:340412", "symbol_class": "building", "pixel_x": 6055.5, "pixel_y": 3339.2, "easting": 454651.9, "northing": 367975.4, "epsg_source": 22391}}, {"type": "Feature", "geometry": {"type": "Point", "coordinates": [9.3921, 36.61322]}, "properties": {"record_id": "oai:u-bordeaux-montaigne.fr:340412", "symbol_class": "building", "pixel_x": 6026.8, "pixel_y": 3342.1, "easting": 454527.3, "northing": 367972.5, "epsg_source": 22391}}, {"type": "Feature", "geometry": {"type": "Point", "coordinates": [9.38995, 36.61324]}, "properties": {"record_id": "oai:u-bordeaux-montaigne.fr:340412", "symbol_class": "building", "pixel_x": 5982.2, "pixel_y": 3344.8, "easting": 454334.6, "northing": 367976.1, "epsg_source": 22391}}, {"type": "Feature", "geometry": {"type": "Point", "coordinates": [9.38118, 36.61322]}, "properties": {"record_id": "oai:u-bordeaux-montaigne.fr:340412", "symbol_class": "building", "pixel_x": 5801.0, "pixel_y": 3358.5, "easting": 453550.8, "northing": 367978.3, "epsg_source": 22391}}, {"type": "Feature", "geometry": {"type": "Point", "coordinates": [9.1952, 36.62371]}, "properties": {"record_id": "oai:u-bordeaux-montaigne.fr:340412", "symbol_class": "building", "pixel_x": 1936.5, "pixel_y": 3362.6, "easting": 436926.4, "northing": 369245.5, "epsg_source": 22391}}, {"type": "Feature", "geometry": {"type": "Point", "coordinates": [9.40272, 36.61179]}, "properties": {"record_id": "oai:u-bordeaux-montaigne.fr:340412", "symbol_class": "building", "pixel_x": 6249.0, "pixel_y": 3363.2, "easting": 455476.3, "northing": 367809.4, "epsg_source": 22391}}, {"type": "Feature", "geometry": {"type": "Point", "coordinates": [9.40277, 36.61147]}, "properties": {"record_id": "oai:u-bordeaux-montaigne.fr:340412", "symbol_class": "building", "pixel_x": 6250.5, "pixel_y": 3371.5, "easting": 455480.2, "northing": 367774.0, "epsg_source": 22391}}, {"type": "Feature", "geometry": {"type": "Point", "coordinates": [9.16717, 36.62471]}, "properties": {"record_id": "oai:u-bordeaux-montaigne.fr:340412", "symbol_class": "building", "pixel_x": 1355.2, "pixel_y": 3377.6, "easting": 434421.0, "northing": 369375.2, "epsg_source": 22391}}, {"type": "Feature", "geometry": {"type": "Point", "coordinates": [9.23105, 36.6213]}, "properties": {"record_id": "oai:u-bordeaux-montaigne.fr:340412", "symbol_class": "building", "pixel_x": 2682.1, "pixel_y": 3372.4, "easting": 440130.4, "northing": 368956.1, "epsg_source": 22391}}, {"type": "Feature", "geometry": {"type": "Point", "coordinates": [9.40259, 36.61114]}, "properties": {"record_id": "oai:u-bordeaux-montaigne.fr:340412", "symbol_class": "building", "pixel_x": 6247.5, "pixel_y": 3380.5, "easting": 455464.4, "northing": 367737.0, "epsg_source": 22391}}, {"type": "Feature", "geometry": {"type": "Point", "coordinates": [9.16783, 36.62437]}, "properties": {"record_id": "oai:u-bordeaux-montaigne.fr:340412", "symbol_class": "building", "pixel_x": 1369.5, "pixel_y": 3385.4, "easting": 434480.0, "northing": 369337.4, "epsg_source": 22391}}, {"type": "Feature", "geometry": {"type": "Point", "coordinates": [9.3907, 36.61171]}, "properties": {"record_id": "oai:u-bordeaux-montaigne.fr:340412", "symbol_class": "building", "pixel_x": 6000.7, "pixel_y": 3383.6, "easting": 454401.6, "northing": 367806.0, "epsg_source": 22391}}, {"type": "Feature", "geometry": {"type": "Point", "coordinates": [9.16663, 36.62438]}, "properties": {"record_id": "oai:u-bordeaux-montaigne.fr:340412", "symbol_class": "building", "pixel_x": 1344.6, "pixel_y": 3387.0, "easting": 434372.6, "northing": 369339.1, "epsg_source": 22391}}, {"type": "Feature", "geometry": {"type": "Point", "coordinates": [9.39009, 36.61159]}, "properties": {"record_id": "oai:u-bordeaux-montaigne.fr:340412", "symbol_class": "building", "pixel_x": 5988.1, "pixel_y": 3387.6, "easting": 454346.3, "northing": 367793.3, "epsg_source": 22391}}, {"type": "Feature", "geometry": {"type": "Point", "coordinates": [9.26263, 36.61894]}, "properties": {"record_id": "oai:u-bordeaux-montaigne.fr:340412", "symbol_class": "building", "pixel_x": 3339.3, "pixel_y": 3387.2, "easting": 442952.8, "northing": 368675.2, "epsg_source": 22391}}, {"type": "Feature", "geometry": {"type": "Point", "coordinates": [9.40291, 36.61058]}, "properties": {"record_id": "oai:u-bordeaux-montaigne.fr:340412", "symbol_class": "building", "pixel_x": 6255.0, "pixel_y": 3394.5, "easting": 455492.2, "northing": 367675.4, "epsg_source": 22391}}, {"type": "Feature", "geometry": {"type": "Point", "coordinates": [9.40342, 36.61056]}, "properties": {"record_id": "oai:u-bordeaux-montaigne.fr:340412", "symbol_class": "building", "pixel_x": 6265.7, "pixel_y": 3394.3, "easting": 455538.4, "northing": 367672.8, "epsg_source": 22391}}, {"type": "Feature", "geometry": {"type": "Point", "coordinates": [9.39036, 36.61113]}, "properties": {"record_id": "oai:u-bordeaux-montaigne.fr:340412", "symbol_class": "building", "pixel_x": 5994.6, "pixel_y": 3399.4, "easting": 454370.5, "northing": 367741.4, "epsg_source": 22391}}, {"type": "Feature", "geometry": {"type": "Point", "coordinates": [9.38977, 36.61116]}, "properties": {"record_id": "oai:u-bordeaux-montaigne.fr:340412", "symbol_class": "building", "pixel_x": 5982.3, "pixel_y": 3399.4, "easting": 454317.7, "northing": 367745.5, "epsg_source": 22391}}, {"type": "Feature", "geometry": {"type": "Point", "coordinates": [9.26235, 36.6185]}, "properties": {"record_id": "oai:u-bordeaux-montaigne.fr:340412", "symbol_class": "building", "pixel_x": 3334.3, "pixel_y": 3399.2, "easting": 442927.2, "northing": 368626.3, "epsg_source": 22391}}, {"type": "Feature", "geometry": {"type": "Point", "coordinates": [9.50264, 36.60457]}, "properties": {"record_id": "oai:u-bordeaux-montaigne.fr:340412", "symbol_class": "building", "pixel_x": 8328.4, "pixel_y": 3399.0, "easting": 464409.5, "northing": 366967.2, "epsg_source": 22391}}, {"type": "Feature", "geometry": {"type": "Point", "coordinates": [9.49936, 36.60459]}, "properties": {"record_id": "oai:u-bordeaux-montaigne.fr:340412", "symbol_class": "building", "pixel_x": 8260.5, "pixel_y": 3403.5, "easting": 464115.9, "northing": 366970.8, "epsg_source": 22391}}, {"type": "Feature", "geometry": {"type": "Point", "coordinates": [9.49746, 36.60459]}, "properties": {"record_id": "oai:u-bordeaux-montaigne.fr:340412", "symbol_class": "building", "pixel_x": 8221.2, "pixel_y": 3406.5, "easting": 463946.1, "northing": 366971.2, "epsg_source": 22391}}, {"type": "Feature", "geometry": {"type": "Point", "coordinates": [9.4984, 36.60456]}, "properties": {"record_id": "oai:u-bordeaux-montaigne.fr:340412", "symbol_class": "building", "pixel_x": 8240.8, "pixel_y": 3405.9, "easting": 464030.3, "northing": 366967.2, "epsg_source": 22391}}, {"type": "Feature", "geometry": {"type": "Point", "coordinates": [9.49545, 36.60444]}, "properties": {"record_id": "oai:u-bordeaux-montaigne.fr:340412", "symbol_class": "building", "pixel_x": 8180.0, "pixel_y": 3413.5, "easting": 463766.3, "northing": 366955.3, "epsg_source": 22391}}, {"type": "Feature", "geometry": {"type": "Point", "coordinates": [9.40449, 36.60966]}, "properties": {"record_id": "oai:u-bordeaux-montaigne.fr:340412", "symbol_class": "building", "pixel_x": 6289.4, "pixel_y": 3416.2, "easting": 455633.0, "northing": 367572.1, "epsg_source": 22391}}, {"type": "Feature", "geometry": {"type": "Point", "coordinates": [9.45299, 36.60658]}, "properties": {"record_id": "oai:u-bordeaux-montaigne.fr:340412", "symbol_class": "building", "pixel_x": 7298.0, "pixel_y": 3422.7, "easting": 459969.5, "northing": 367209.5, "epsg_source": 22391}}, {"type": "Feature", "geometry": {"type": "Point", "coordinates": [9.15933, 36.62354]}, "properties": {"record_id": "oai:u-bordeaux-montaigne.fr:340412", "symbol_class": "building", "pixel_x": 1195.1, "pixel_y": 3419.7, "easting": 433718.9, "northing": 369250.9, "epsg_source": 22391}}, {"type": "Feature", "geometry": {"type": "Point", "coordinates": [9.39662, 36.60964]}, "properties": {"record_id": "oai:u-bordeaux-montaigne.fr:340412", "symbol_class": "building", "pixel_x": 6126.7, "pixel_y": 3428.6, "easting": 454929.2, "northing": 367573.9, "epsg_source": 22391}}, {"type": "Feature", "geometry": {"type": "Point", "coordinates": [9.40414, 36.60919]}, "properties": {"record_id": "oai:u-bordeaux-montaigne.fr:340412", "symbol_class": "building", "pixel_x": 6283.1, "pixel_y": 3429.0, "easting": 455601.8, "northing": 367520.3, "epsg_source": 22391}}, {"type": "Feature", "geometry": {"type": "Point", "coordinates": [9.40454, 36.60918]}, "properties": {"record_id": "oai:u-bordeaux-montaigne.fr:340412", "symbol_class": "building", "pixel_x": 6291.4, "pixel_y": 3428.7, "easting": 455637.8, "northing": 367518.7, "epsg_source": 22391}}, {"type": "Feature", "geometry": {"type": "Point", "coordinates": [9.39578, 36.60953]}, "properties": {"record_id": "oai:u-bordeaux-montaigne.fr:340412", "symbol_class": "building", "pixel_x": 6109.5, "pixel_y": 3432.9, "easting": 454854.0, "northing": 367561.6, "epsg_source": 22391}}, {"type": "Feature", "geometry": {"type": "Point", "coordinates": [9.47987, 36.60452]}, "properties": {"record_id": "oai:u-bordeaux-montaigne.fr:340412", "symbol_class": "building", "pixel_x": 7857.5, "pixel_y": 3435.5, "easting": 462372.4, "northing": 366969.8, "epsg_source": 22391}}, {"type": "Feature", "geometry": {"type": "Point", "coordinates": [9.39564, 36.60921]}, "properties": {"record_id": "oai:u-bordeaux-montaigne.fr:340412", "symbol_class": "building", "pixel_x": 6107.3, "pixel_y": 3441.3, "easting": 454841.8, "northing": 367526.6, "epsg_source": 22391}}, {"type": "Feature", "geometry": {"type": "Point", "coordinates": [9.3942, 36.60921]}, "properties": {"record_id": "oai:u-bordeaux-montaigne.fr:340412", "symbol_class": "building", "pixel_x": 6077.4, "pixel_y": 3443.6, "easting": 454712.3, "northing": 367527.2, "epsg_source": 22391}}, {"type": "Feature", "geometry": {"type": "Point", "coordinates": [9.39658, 36.60884]}, "properties": {"record_id": "oai:u-bordeaux-montaigne.fr:340412", "symbol_class": "building", "pixel_x": 6127.4, "pixel_y": 3449.8, "easting": 454925.5, "northing": 367484.4, "epsg_source": 22391}}, {"type": "Feature", "geometry": {"type": "Point", "coordinates": [9.39767, 36.60871]}, "properties": {"record_id": "oai:u-bordeaux-montaigne.fr:340412", "symbol_class": "building", "pixel_x": 6150.2, "pixel_y": 3451.3, "easting": 455023.2, "northing": 367470.1, "epsg_source": 22391}}, {"type": "Feature", "geometry": {"type": "Point", "coordinates": [9.32472, 36.61241]}, "properties": {"record_id": "oai:u-bordeaux-montaigne.fr:340412", "symbol_class": "building", "pixel_x": 4635.0, "pixel_y": 3465.0, "easting": 448501.2, "northing": 367916.1, "epsg_source": 22391}}, {"type": "Feature", "geometry": {"type": "Point", "coordinates": [9.34568, 36.61137]}, "properties": {"record_id": "oai:u-bordeaux-montaigne.fr:340412", "symbol_class": "building", "pixel_x": 5070.2, "pixel_y": 3460.6, "easting": 450374.6, "northing": 367790.1, "epsg_source": 22391}}, {"type": "Feature", "geometry": {"type": "Point", "coordinates": [9.39825, 36.60844]}, "properties": {"record_id": "oai:u-bordeaux-montaigne.fr:340412", "symbol_class": "building", "pixel_x": 6162.6, "pixel_y": 3457.6, "easting": 455074.6, "northing": 367439.4, "epsg_source": 22391}}, {"type": "Feature", "geometry": {"type": "Point", "coordinates": [9.46646, 36.60442]}, "properties": {"record_id": "oai:u-bordeaux-montaigne.fr:340412", "symbol_class": "building", "pixel_x": 7580.5, "pixel_y": 3458.5, "easting": 461173.3, "northing": 366964.6, "epsg_source": 22391}}, {"type": "Feature", "geometry": {"type": "Point", "coordinates": [9.39768, 36.60822]}, "properties": {"record_id": "oai:u-bordeaux-montaigne.fr:340412", "symbol_class": "building", "pixel_x": 6151.3, "pixel_y": 3464.2, "easting": 455023.8, "northing": 367415.7, "epsg_source": 22391}}, {"type": "Feature", "geometry": {"type": "Point", "coordinates": [9.39819, 36.60797]}, "properties": {"record_id": "oai:u-bordeaux-montaigne.fr:340412", "symbol_class": "building", "pixel_x": 6162.2, "pixel_y": 3469.9, "easting": 455068.9, "northing": 367387.7, "epsg_source": 22391}}, {"type": "Feature", "geometry": {"type": "Point", "coordinates": [9.33117, 36.61157]}, "properties": {"record_id": "oai:u-bordeaux-montaigne.fr:340412", "symbol_class": "building", "pixel_x": 4769.8, "pixel_y": 3477.2, "easting": 449077.3, "northing": 367819.7, "epsg_source": 22391}}, {"type": "Feature", "geometry": {"type": "Point", "coordinates": [9.33588, 36.61118]}, "properties": {"record_id": "oai:u-bordeaux-montaigne.fr:340412", "symbol_class": "building", "pixel_x": 4867.9, "pixel_y": 3480.3, "easting": 449498.3, "northing": 367774.0, "epsg_source": 22391}}, {"type": "Feature", "geometry": {"type": "Point", "coordinates": [9.19549, 36.61921]}, "properties": {"record_id": "oai:u-bordeaux-montaigne.fr:340412", "symbol_class": "building", "pixel_x": 1950.4, "pixel_y": 3479.6, "easting": 436948.7, "northing": 368746.8, "epsg_source": 22391}}, {"type": "Feature", "geometry": {"type": "Point", "coordinates": [9.19634, 36.61918]}, "properties": {"record_id": "oai:u-bordeaux-montaigne.fr:340412", "symbol_class": "building", "pixel_x": 1968.0, "pixel_y": 3479.1, "easting": 437024.9, "northing": 368743.0, "epsg_source": 22391}}, {"type": "Feature", "geometry": {"type": "Point", "coordinates": [9.44106, 36.60503]}, "properties": {"record_id": "oai:u-bordeaux-montaigne.fr:340412", "symbol_class": "building", "pixel_x": 7054.0, "pixel_y": 3481.5, "easting": 458901.3, "northing": 367042.5, "epsg_source": 22391}}, {"type": "Feature", "geometry": {"type": "Point", "coordinates": [9.33545, 36.61096]}, "properties": {"record_id": "oai:u-bordeaux-montaigne.fr:340412", "symbol_class": "building", "pixel_x": 4859.3, "pixel_y": 3486.8, "easting": 449459.1, "northing": 367749.6, "epsg_source": 22391}}, {"type": "Feature", "geometry": {"type": "Point", "coordinates": [9.3978, 36.6073]}, "properties": {"record_id": "oai:u-bordeaux-montaigne.fr:340412", "symbol_class": "building", "pixel_x": 6155.3, "pixel_y": 3488.1, "easting": 455033.4, "northing": 367313.1, "epsg_source": 22391}}, {"type": "Feature", "geometry": {"type": "Point", "coordinates": [9.19559, 36.61874]}, "properties": {"record_id": "oai:u-bordeaux-montaigne.fr:340412", "symbol_class": "building", "pixel_x": 1953.4, "pixel_y": 3491.6, "easting": 436957.8, "northing": 368694.8, "epsg_source": 22391}}, {"type": "Feature", "geometry": {"type": "Point", "coordinates": [9.26645, 36.61471]}, "properties": {"record_id": "oai:u-bordeaux-montaigne.fr:340412", "symbol_class": "building", "pixel_x": 3425.8, "pixel_y": 3492.1, "easting": 443291.3, "northing": 368203.7, "epsg_source": 22391}}, {"type": "Feature", "geometry": {"type": "Point", "coordinates": [9.39616, 36.60729]}, "properties": {"record_id": "oai:u-bordeaux-montaigne.fr:340412", "symbol_class": "building", "pixel_x": 6121.5, "pixel_y": 3490.8, "easting": 454887.0, "northing": 367313.3, "epsg_source": 22391}}, {"type": "Feature", "geometry": {"type": "Point", "coordinates": [9.39814, 36.60707]}, "properties": {"record_id": "oai:u-bordeaux-montaigne.fr:340412", "symbol_class": "building", "pixel_x": 6162.7, "pixel_y": 3493.5, "easting": 455063.6, "northing": 367287.8, "epsg_source": 22391}}, {"type": "Feature", "geometry": {"type": "Point", "coordinates": [9.18104, 36.61904]}, "properties": {"record_id": "oai:u-bordeaux-montaigne.fr:340412", "symbol_class": "building", "pixel_x": 1651.8, "pixel_y": 3505.4, "easting": 435656.3, "northing": 368736.8, "epsg_source": 22391}}, {"type": "Feature", "geometry": {"type": "Point", "coordinates": [9.19166, 36.61806]}, "properties": {"record_id": "oai:u-bordeaux-montaigne.fr:340412", "symbol_class": "building", "pixel_x": 1873.3, "pixel_y": 3515.2, "easting": 436605.9, "northing": 368622.0, "epsg_source": 22391}}, {"type": "Feature", "geometry": {"type": "Point", "coordinates": [9.44843, 36.60286]}, "properties": {"record_id": "oai:u-bordeaux-montaigne.fr:340412", "symbol_class": "building", "pixel_x": 7210.4, "pixel_y": 3527.0, "easting": 459559.5, "northing": 366798.2, "epsg_source": 22391}}, {"type": "Feature", "geometry": {"type": "Point", "coordinates": [9.35313, 36.60824]}, "properties": {"record_id": "oai:u-bordeaux-montaigne.fr:340412", "symbol_class": "building", "pixel_x": 5230.0, "pixel_y": 3531.2, "easting": 451039.3, "northing": 367438.9, "epsg_source": 22391}}, {"type": "Feature", "geometry": {"type": "Point", "coordinates": [9.42367, 36.60434]}, "properties": {"record_id": "oai:u-bordeaux-montaigne.fr:340412", "symbol_class": "building", "pixel_x": 6695.8, "pixel_y": 3526.1, "easting": 457346.1, "northing": 366973.2, "epsg_source": 22391}}, {"type": "Feature", "geometry": {"type": "Point", "coordinates": [9.35223, 36.60816]}, "properties": {"record_id": "oai:u-bordeaux-montaigne.fr:340412", "symbol_class": "building", "pixel_x": 5211.4, "pixel_y": 3534.6, "easting": 450958.2, "northing": 367430.7, "epsg_source": 22391}}, {"type": "Feature", "geometry": {"type": "Point", "coordinates": [9.41745, 36.6043]}, "properties": {"record_id": "oai:u-bordeaux-montaigne.fr:340412", "symbol_class": "building", "pixel_x": 6567.1, "pixel_y": 3536.7, "easting": 456789.1, "northing": 366971.2, "epsg_source": 22391}}, {"type": "Feature", "geometry": {"type": "Point", "coordinates": [9.48982, 36.59998]}, "properties": {"record_id": "oai:u-bordeaux-montaigne.fr:340412", "symbol_class": "building", "pixel_x": 8071.6, "pixel_y": 3538.5, "easting": 463260.1, "northing": 366463.3, "epsg_source": 22391}}, {"type": "Feature", "geometry": {"type": "Point", "coordinates": [9.35304, 36.60783]}, "properties": {"record_id": "oai:u-bordeaux-montaigne.fr:340412", "symbol_class": "building", "pixel_x": 5228.8, "pixel_y": 3541.9, "easting": 451030.8, "northing": 367393.9, "epsg_source": 22391}}, {"type": "Feature", "geometry": {"type": "Point", "coordinates": [9.29967, 36.61063]}, "properties": {"record_id": "oai:u-bordeaux-montaigne.fr:340412", "symbol_class": "building", "pixel_x": 4120.0, "pixel_y": 3549.0, "easting": 446259.1, "northing": 367732.5, "epsg_source": 22391}}, {"type": "Feature", "geometry": {"type": "Point", "coordinates": [9.4073, 36.60427]}, "properties": {"record_id": "oai:u-bordeaux-montaigne.fr:340412", "symbol_class": "building", "pixel_x": 6357.3, "pixel_y": 3552.8, "easting": 455881.7, "northing": 366972.7, "epsg_source": 22391}}, {"type": "Feature", "geometry": {"type": "Point", "coordinates": [9.40459, 36.60426]}, "properties": {"record_id": "oai:u-bordeaux-montaigne.fr:340412", "symbol_class": "building", "pixel_x": 6301.3, "pixel_y": 3557.3, "easting": 455639.3, "northing": 366972.5, "epsg_source": 22391}}, {"type": "Feature", "geometry": {"type": "Point", "coordinates": [9.40203, 36.60426]}, "properties": {"record_id": "oai:u-bordeaux-montaigne.fr:340412", "symbol_class": "building", "pixel_x": 6248.3, "pixel_y": 3561.0, "easting": 455410.2, "northing": 366974.7, "epsg_source": 22391}}, {"type": "Feature", "geometry": {"type": "Point", "coordinates": [9.40042, 36.60426]}, "properties": {"record_id": "oai:u-bordeaux-montaigne.fr:340412", "symbol_class": "building", "pixel_x": 6215.0, "pixel_y": 3563.5, "easting": 455265.9, "northing": 366974.8, "epsg_source": 22391}}, {"type": "Feature", "geometry": {"type": "Point", "coordinates": [9.40115, 36.60426]}, "properties": {"record_id": "oai:u-bordeaux-montaigne.fr:340412", "symbol_class": "building", "pixel_x": 6230.2, "pixel_y": 3562.4, "easting": 455331.8, "northing": 366974.6, "epsg_source": 22391}}, {"type": "Feature", "geometry": {"type": "Point", "coordinates": [9.38698, 36.60423]}, "properties": {"record_id": "oai:u-bordeaux-montaigne.fr:340412", "symbol_class": "building", "pixel_x": 5937.2, "pixel_y": 3584.6, "easting": 454064.3, "northing": 366978.2, "epsg_source": 22391}}, {"type": "Feature", "geometry": {"type": "Point", "coordinates": [9.38204, 36.60423]}, "properties": {"record_id": "oai:u-bordeaux-montaigne.fr:340412", "symbol_class": "building", "pixel_x": 5835.1, "pixel_y": 3592.2, "easting": 453622.6, "northing": 366980.0, "epsg_source": 22391}}, {"type": "Feature", "geometry": {"type": "Point", "coordinates": [9.49453, 36.59747]}, "properties": {"record_id": "oai:u-bordeaux-montaigne.fr:340412", "symbol_class": "building", "pixel_x": 8173.7, "pixel_y": 3596.9, "easting": 463680.9, "northing": 366183.0, "epsg_source": 22391}}, {"type": "Feature", "geometry": {"type": "Point", "coordinates": [9.37676, 36.6042]}, "properties": {"record_id": "oai:u-bordeaux-montaigne.fr:340412", "symbol_class": "building", "pixel_x": 5725.8, "pixel_y": 3601.0, "easting": 453149.7, "northing": 366979.2, "epsg_source": 22391}}, {"type": "Feature", "geometry": {"type": "Point", "coordinates": [9.48005, 36.59687]}, "properties": {"record_id": "oai:u-bordeaux-montaigne.fr:340412", "symbol_class": "building", "pixel_x": 7875.2, "pixel_y": 3635.0, "easting": 462384.5, "northing": 366121.2, "epsg_source": 22391}}, {"type": "Feature", "geometry": {"type": "Point", "coordinates": [9.48045, 36.59683]}, "properties": {"record_id": "oai:u-bordeaux-montaigne.fr:340412", "symbol_class": "building", "pixel_x": 7883.7, "pixel_y": 3635.3, "easting": 462421.0, "northing": 366117.1, "epsg_source": 22391}}, {"type": "Feature", "geometry": {"type": "Point", "coordinates": [9.18047, 36.61374]}, "properties": {"record_id": "oai:u-bordeaux-montaigne.fr:340412", "symbol_class": "building", "pixel_x": 1649.4, "pixel_y": 3644.6, "easting": 435601.4, "northing": 368149.8, "epsg_source": 22391}}, {"type": "Feature", "geometry": {"type": "Point", "coordinates": [9.48022, 36.59646]}, "properties": {"record_id": "oai:u-bordeaux-montaigne.fr:340412", "symbol_class": "building", "pixel_x": 7879.6, "pixel_y": 3645.3, "easting": 462400.3, "northing": 366076.1, "epsg_source": 22391}}, {"type": "Feature", "geometry": {"type": "Point", "coordinates": [9.49626, 36.59559]}, "properties": {"record_id": "oai:u-bordeaux-montaigne.fr:340412", "symbol_class": "building", "pixel_x": 8212.9, "pixel_y": 3643.3, "easting": 463834.6, "northing": 365973.9, "epsg_source": 22391}}, {"type": "Feature", "geometry": {"type": "Point", "coordinates": [9.49549, 36.59559]}, "properties": {"record_id": "oai:u-bordeaux-montaigne.fr:340412", "symbol_class": "building", "pixel_x": 8197.0, "pixel_y": 3644.5, "easting": 463765.7, "northing": 365974.2, "epsg_source": 22391}}, {"type": "Feature", "geometry": {"type": "Point", "coordinates": [9.49428, 36.5956]}, "properties": {"record_id": "oai:u-bordeaux-montaigne.fr:340412", "symbol_class": "building", "pixel_x": 8171.9, "pixel_y": 3646.2, "easting": 463657.4, "northing": 365975.2, "epsg_source": 22391}}, {"type": "Feature", "geometry": {"type": "Point", "coordinates": [9.18009, 36.61352]}, "properties": {"record_id": "oai:u-bordeaux-montaigne.fr:340412", "symbol_class": "building", "pixel_x": 1642.0, "pixel_y": 3650.9, "easting": 435567.3, "northing": 368125.9, "epsg_source": 22391}}, {"type": "Feature", "geometry": {"type": "Point", "coordinates": [9.31858, 36.60503]}, "properties": {"record_id": "oai:u-bordeaux-montaigne.fr:340412", "symbol_class": "building", "pixel_x": 4521.0, "pixel_y": 3667.1, "easting": 447946.5, "northing": 367100.6, "epsg_source": 22391}}, {"type": "Feature", "geometry": {"type": "Point", "coordinates": [9.24584, 36.60833]}, "properties": {"record_id": "oai:u-bordeaux-montaigne.fr:340412", "symbol_class": "building", "pixel_x": 3011.0, "pixel_y": 3689.3, "easting": 441443.8, "northing": 367508.6, "epsg_source": 22391}}, {"type": "Feature", "geometry": {"type": "Point", "coordinates": [9.28059, 36.60628]}, "properties": {"record_id": "oai:u-bordeaux-montaigne.fr:340412", "symbol_class": "building", "pixel_x": 3733.2, "pixel_y": 3691.3, "easting": 444550.0, "northing": 367260.1, "epsg_source": 22391}}, {"type": "Feature", "geometry": {"type": "Point", "coordinates": [9.4616, 36.59545]}, "properties": {"record_id": "oai:u-bordeaux-montaigne.fr:340412", "symbol_class": "building", "pixel_x": 7496.3, "pixel_y": 3700.3, "easting": 460734.0, "northing": 365971.3, "epsg_source": 22391}}, {"type": "Feature", "geometry": {"type": "Point", "coordinates": [9.4624, 36.59544]}, "properties": {"record_id": "oai:u-bordeaux-montaigne.fr:340412", "symbol_class": "building", "pixel_x": 7512.9, "pixel_y": 3699.4, "easting": 460805.4, "northing": 365969.7, "epsg_source": 22391}}, {"type": "Feature", "geometry": {"type": "Point", "coordinates": [9.17436, 36.61185]}, "properties": {"record_id": "oai:u-bordeaux-montaigne.fr:340412", "symbol_class": "building", "pixel_x": 1526.3, "pixel_y": 3703.0, "easting": 435053.0, "northing": 367944.2, "epsg_source": 22391}}, {"type": "Feature", "geometry": {"type": "Point", "coordinates": [9.14969, 36.61311]}, "properties": {"record_id": "oai:u-bordeaux-montaigne.fr:340412", "symbol_class": "building", "pixel_x": 1014.0, "pixel_y": 3706.2, "easting": 432848.4, "northing": 368100.9, "epsg_source": 22391}}, {"type": "Feature", "geometry": {"type": "Point", "coordinates": [9.27991, 36.60558]}, "properties": {"record_id": "oai:u-bordeaux-montaigne.fr:340412", "symbol_class": "building", "pixel_x": 3720.4, "pixel_y": 3710.5, "easting": 444488.6, "northing": 367183.2, "epsg_source": 22391}}, {"type": "Feature", "geometry": {"type": "Point", "coordinates": [9.17476, 36.61135]}, "properties": {"record_id": "oai:u-bordeaux-montaigne.fr:340412", "symbol_class": "building", "pixel_x": 1535.5, "pixel_y": 3715.4, "easting": 435088.8, "northing": 367888.7, "epsg_source": 22391}}, {"type": "Feature", "geometry": {"type": "Point", "coordinates": [9.4515, 36.59543]}, "properties": {"record_id": "oai:u-bordeaux-montaigne.fr:340412", "symbol_class": "building", "pixel_x": 7287.5, "pixel_y": 3716.4, "easting": 459830.5, "northing": 365972.9, "epsg_source": 22391}}, {"type": "Feature", "geometry": {"type": "Point", "coordinates": [9.44788, 36.59542]}, "properties": {"record_id": "oai:u-bordeaux-montaigne.fr:340412", "symbol_class": "building", "pixel_x": 7212.6, "pixel_y": 3722.2, "easting": 459506.3, "northing": 365973.0, "epsg_source": 22391}}, {"type": "Feature", "geometry": {"type": "Point", "coordinates": [9.44682, 36.59544]}, "properties": {"record_id": "oai:u-bordeaux-montaigne.fr:340412", "symbol_class": "building", "pixel_x": 7190.6, "pixel_y": 3723.2, "easting": 459411.8, "northing": 365976.3, "epsg_source": 22391}}, {"type": "Feature", "geometry": {"type": "Point", "coordinates": [9.43116, 36.59615]}, "properties": {"record_id": "oai:u-bordeaux-montaigne.fr:340412", "symbol_class": "building", "pixel_x": 6865.4, "pixel_y": 3728.7, "easting": 458011.1, "northing": 366061.1, "epsg_source": 22391}}, {"type": "Feature", "geometry": {"type": "Point", "coordinates": [9.28047, 36.60489]}, "properties": {"record_id": "oai:u-bordeaux-montaigne.fr:340412", "symbol_class": "building", "pixel_x": 3733.3, "pixel_y": 3727.7, "easting": 444538.4, "northing": 367106.3, "epsg_source": 22391}}, {"type": "Feature", "geometry": {"type": "Point", "coordinates": [9.44465, 36.59493]}, "properties": {"record_id": "oai:u-bordeaux-montaigne.fr:340412", "symbol_class": "building", "pixel_x": 7146.7, "pixel_y": 3739.8, "easting": 459217.6, "northing": 365920.8, "epsg_source": 22391}}, {"type": "Feature", "geometry": {"type": "Point", "coordinates": [9.43427, 36.5954]}, "properties": {"record_id": "oai:u-bordeaux-montaigne.fr:340412", "symbol_class": "building", "pixel_x": 6931.2, "pixel_y": 3743.4, "easting": 458289.2, "northing": 365977.1, "epsg_source": 22391}}, {"type": "Feature", "geometry": {"type": "Point", "coordinates": [9.40981, 36.59633]}, "properties": {"record_id": "oai:u-bordeaux-montaigne.fr:340412", "symbol_class": "building", "pixel_x": 6423.6, "pixel_y": 3756.4, "easting": 456101.6, "northing": 366091.0, "epsg_source": 22391}}, {"type": "Feature", "geometry": {"type": "Point", "coordinates": [9.41023, 36.5961]}, "properties": {"record_id": "oai:u-bordeaux-montaigne.fr:340412", "symbol_class": "building", "pixel_x": 6432.6, "pixel_y": 3761.8, "easting": 456138.8, "northing": 366065.2, "epsg_source": 22391}}, {"type": "Feature", "geometry": {"type": "Point", "coordinates": [9.41913, 36.59534]}, "properties": {"record_id": "oai:u-bordeaux-montaigne.fr:340412", "symbol_class": "building", "pixel_x": 6618.1, "pixel_y": 3768.0, "easting": 456934.8, "northing": 365977.5, "epsg_source": 22391}}, {"type": "Feature", "geometry": {"type": "Point", "coordinates": [9.41506, 36.59533]}, "properties": {"record_id": "oai:u-bordeaux-montaigne.fr:340412", "symbol_class": "building", "pixel_x": 6534.0, "pixel_y": 3774.6, "easting": 456570.8, "northing": 365977.4, "epsg_source": 22391}}, {"type": "Feature", "geometry": {"type": "Point", "coordinates": [9.40654, 36.59524]}, "properties": {"record_id": "oai:u-bordeaux-montaigne.fr:340412", "symbol_class": "building", "pixel_x": 6358.0, "pixel_y": 3789.9, "easting": 455808.8, "northing": 365971.3, "epsg_source": 22391}}, {"type": "Feature", "geometry": {"type": "Point", "coordinates": [9.40128, 36.59526]}, "properties": {"record_id": "oai:u-bordeaux-montaigne.fr:340412", "symbol_class": "building", "pixel_x": 6249.2, "pixel_y": 3797.2, "easting": 455338.3, "northing": 365976.6, "epsg_source": 22391}}, {"type": "Feature", "geometry": {"type": "Point", "coordinates": [9.40914, 36.59463]}, "properties": {"record_id": "oai:u-bordeaux-montaigne.fr:340412", "symbol_class": "building", "pixel_x": 6412.9, "pixel_y": 3802.0, "easting": 456041.1, "northing": 365902.2, "epsg_source": 22391}}, {"type": "Feature", "geometry": {"type": "Point", "coordinates": [9.39679, 36.59528]}, "properties": {"record_id": "oai:u-bordeaux-montaigne.fr:340412", "symbol_class": "building", "pixel_x": 6156.2, "pixel_y": 3803.6, "easting": 454936.6, "northing": 365980.8, "epsg_source": 22391}}, {"type": "Feature", "geometry": {"type": "Point", "coordinates": [9.39197, 36.59527]}, "properties": {"record_id": "oai:u-bordeaux-montaigne.fr:340412", "symbol_class": "building", "pixel_x": 6056.6, "pixel_y": 3811.3, "easting": 454505.6, "northing": 365981.3, "epsg_source": 22391}}, {"type": "Feature", "geometry": {"type": "Point", "coordinates": [9.38756, 36.59527]}, "properties": {"record_id": "oai:u-bordeaux-montaigne.fr:340412", "symbol_class": "building", "pixel_x": 5965.4, "pixel_y": 3817.8, "easting": 454111.1, "northing": 365984.1, "epsg_source": 22391}}, {"type": "Feature", "geometry": {"type": "Point", "coordinates": [9.38681, 36.59524]}, "properties": {"record_id": "oai:u-bordeaux-montaigne.fr:340412", "symbol_class": "building", "pixel_x": 5949.9, "pixel_y": 3819.7, "easting": 454043.7, "northing": 365981.1, "epsg_source": 22391}}, {"type": "Feature", "geometry": {"type": "Point", "coordinates": [9.40793, 36.59369]}, "properties": {"record_id": "oai:u-bordeaux-montaigne.fr:340412", "symbol_class": "building", "pixel_x": 6389.4, "pixel_y": 3828.2, "easting": 455931.7, "northing": 365799.0, "epsg_source": 22391}}, {"type": "Feature", "geometry": {"type": "Point", "coordinates": [9.40735, 36.59374]}, "properties": {"record_id": "oai:u-bordeaux-montaigne.fr:340412", "symbol_class": "building", "pixel_x": 6377.4, "pixel_y": 3827.8, "easting": 455880.2, "northing": 365804.7, "epsg_source": 22391}}, {"type": "Feature", "geometry": {"type": "Point", "coordinates": [9.24534, 36.6027]}, "properties": {"record_id": "oai:u-bordeaux-montaigne.fr:340412", "symbol_class": "building", "pixel_x": 3010.5, "pixel_y": 3837.2, "easting": 441394.4, "northing": 366884.2, "epsg_source": 22391}}, {"type": "Feature", "geometry": {"type": "Point", "coordinates": [9.3766, 36.59523]}, "properties": {"record_id": "oai:u-bordeaux-montaigne.fr:340412", "symbol_class": "building", "pixel_x": 5738.7, "pixel_y": 3835.5, "easting": 453130.5, "northing": 365984.7, "epsg_source": 22391}}, {"type": "Feature", "geometry": {"type": "Point", "coordinates": [9.40758, 36.59338]}, "properties": {"record_id": "oai:u-bordeaux-montaigne.fr:340412", "symbol_class": "building", "pixel_x": 6382.7, "pixel_y": 3836.8, "easting": 455900.3, "northing": 365765.0, "epsg_source": 22391}}, {"type": "Feature", "geometry": {"type": "Point", "coordinates": [9.3711, 36.59521]}, "properties": {"record_id": "oai:u-bordeaux-montaigne.fr:340412", "symbol_class": "building", "pixel_x": 5625.0, "pixel_y": 3844.3, "easting": 452638.5, "northing": 365985.1, "epsg_source": 22391}}, {"type": "Feature", "geometry": {"type": "Point", "coordinates": [9.24519, 36.60219]}, "properties": {"record_id": "oai:u-bordeaux-montaigne.fr:340412", "symbol_class": "building", "pixel_x": 3008.2, "pixel_y": 3850.7, "easting": 441380.4, "northing": 366827.9, "epsg_source": 22391}}, {"type": "Feature", "geometry": {"type": "Point", "coordinates": [9.24619, 36.60203]}, "properties": {"record_id": "oai:u-bordeaux-montaigne.fr:340412", "symbol_class": "building", "pixel_x": 3029.2, "pixel_y": 3853.4, "easting": 441469.6, "northing": 366809.5, "epsg_source": 22391}}, {"type": "Feature", "geometry": {"type": "Point", "coordinates": [9.50213, 36.58656]}, "properties": {"record_id": "oai:u-bordeaux-montaigne.fr:340412", "symbol_class": "building", "pixel_x": 8350.8, "pixel_y": 3870.3, "easting": 464355.0, "northing": 364969.6, "epsg_source": 22391}}, {"type": "Feature", "geometry": {"type": "Point", "coordinates": [9.49862, 36.58655]}, "properties": {"record_id": "oai:u-bordeaux-montaigne.fr:340412", "symbol_class": "building", "pixel_x": 8278.2, "pixel_y": 3875.9, "easting": 464041.0, "northing": 364969.8, "epsg_source": 22391}}, {"type": "Feature", "geometry": {"type": "Point", "coordinates": [9.16529, 36.60517]}, "properties": {"record_id": "oai:u-bordeaux-montaigne.fr:340412", "symbol_class": "building", "pixel_x": 1350.4, "pixel_y": 3890.9, "easting": 434236.5, "northing": 367209.0, "epsg_source": 22391}}, {"type": "Feature", "geometry": {"type": "Point", "coordinates": [9.16397, 36.60522]}, "properties": {"record_id": "oai:u-bordeaux-montaigne.fr:340412", "symbol_class": "building", "pixel_x": 1323.1, "pixel_y": 3891.5, "easting": 434118.9, "northing": 367215.6, "epsg_source": 22391}}, {"type": "Feature", "geometry": {"type": "Point", "coordinates": [9.40487, 36.5914]}, "properties": {"record_id": "oai:u-bordeaux-montaigne.fr:340412", "symbol_class": "building", "pixel_x": 6330.4, "pixel_y": 3892.7, "easting": 455657.3, "northing": 365546.4, "epsg_source": 22391}}, {"type": "Feature", "geometry": {"type": "Point", "coordinates": [9.40433, 36.59125]}, "properties": {"record_id": "oai:u-bordeaux-montaigne.fr:340412", "symbol_class": "building", "pixel_x": 6319.4, "pixel_y": 3897.4, "easting": 455608.3, "northing": 365530.4, "epsg_source": 22391}}, {"type": "Feature", "geometry": {"type": "Point", "coordinates": [9.40526, 36.59081]}, "properties": {"record_id": "oai:u-bordeaux-montaigne.fr:340412", "symbol_class": "building", "pixel_x": 6339.5, "pixel_y": 3907.5, "easting": 455691.6, "northing": 365481.0, "epsg_source": 22391}}, {"type": "Feature", "geometry": {"type": "Point", "coordinates": [9.18162, 36.6031]}, "properties": {"record_id": "oai:u-bordeaux-montaigne.fr:340412", "symbol_class": "building", "pixel_x": 1691.8, "pixel_y": 3920.9, "easting": 435695.5, "northing": 366969.0, "epsg_source": 22391}}, {"type": "Feature", "geometry": {"type": "Point", "coordinates": [9.47012, 36.58641]}, "properties": {"record_id": "oai:u-bordeaux-montaigne.fr:340412", "symbol_class": "building", "pixel_x": 7689.0, "pixel_y": 3923.4, "easting": 461491.3, "northing": 364965.3, "epsg_source": 22391}}, {"type": "Feature", "geometry": {"type": "Point", "coordinates": [9.43121, 36.58825]}, "properties": {"record_id": "oai:u-bordeaux-montaigne.fr:340412", "symbol_class": "building", "pixel_x": 6880.9, "pixel_y": 3934.9, "easting": 458011.6, "northing": 365185.1, "epsg_source": 22391}}, {"type": "Feature", "geometry": {"type": "Point", "coordinates": [9.46774, 36.58639]}, "properties": {"record_id": "oai:u-bordeaux-montaigne.fr:340412", "symbol_class": "building", "pixel_x": 7639.7, "pixel_y": 3927.5, "easting": 461278.2, "northing": 364964.1, "epsg_source": 22391}}, {"type": "Feature", "geometry": {"type": "Point", "coordinates": [9.1818, 36.60266]}, "properties": {"record_id": "oai:u-bordeaux-montaigne.fr:340412", "symbol_class": "building", "pixel_x": 1696.3, "pixel_y": 3932.1, "easting": 435711.2, "northing": 366920.1, "epsg_source": 22391}}, {"type": "Feature", "geometry": {"type": "Point", "coordinates": [9.33903, 36.59352]}, "properties": {"record_id": "oai:u-bordeaux-montaigne.fr:340412", "symbol_class": "building", "pixel_x": 4964.6, "pixel_y": 3936.9, "easting": 449768.2, "northing": 365813.8, "epsg_source": 22391}}, {"type": "Feature", "geometry": {"type": "Point", "coordinates": [9.4582, 36.58641]}, "properties": {"record_id": "oai:u-bordeaux-montaigne.fr:340412", "symbol_class": "building", "pixel_x": 7442.5, "pixel_y": 3941.8, "easting": 460425.4, "northing": 364969.5, "epsg_source": 22391}}, {"type": "Feature", "geometry": {"type": "Point", "coordinates": [9.45464, 36.58638]}, "properties": {"record_id": "oai:u-bordeaux-montaigne.fr:340412", "symbol_class": "building", "pixel_x": 7369.0, "pixel_y": 3948.0, "easting": 460107.0, "northing": 364967.8, "epsg_source": 22391}}, {"type": "Feature", "geometry": {"type": "Point", "coordinates": [9.44093, 36.58634]}, "properties": {"record_id": "oai:u-bordeaux-montaigne.fr:340412", "symbol_class": "building", "pixel_x": 7085.4, "pixel_y": 3970.0, "easting": 458880.0, "northing": 364969.0, "epsg_source": 22391}}, {"type": "Feature", "geometry": {"type": "Point", "coordinates": [9.43764, 36.58632]}, "properties": {"record_id": "oai:u-bordeaux-montaigne.fr:340412", "symbol_class": "building", "pixel_x": 7017.3, "pixel_y": 3975.4, "easting": 458585.6, "northing": 364968.8, "epsg_source": 22391}}, {"type": "Feature", "geometry": {"type": "Point", "coordinates": [9.43445, 36.58633]}, "properties": {"record_id": "oai:u-bordeaux-montaigne.fr:340412", "symbol_class": "building", "pixel_x": 6951.4, "pixel_y": 3980.1, "easting": 458300.4, "northing": 364971.0, "epsg_source": 22391}}, {"type": "Feature", "geometry": {"type": "Point", "coordinates": [9.43162, 36.58631]}, "properties": {"record_id": "oai:u-bordeaux-montaigne.fr:340412", "symbol_class": "building", "pixel_x": 6892.8, "pixel_y": 3985.0, "easting": 458046.8, "northing": 364969.7, "epsg_source": 22391}}, {"type": "Feature", "geometry": {"type": "Point", "coordinates": [9.40988, 36.5874]}, "properties": {"record_id": "oai:u-bordeaux-montaigne.fr:340412", "symbol_class": "building", "pixel_x": 6441.3, "pixel_y": 3989.5, "easting": 456103.3, "northing": 365100.8, "epsg_source": 22391}}, {"type": "Feature", "geometry": {"type": "Point", "coordinates": [9.1987, 36.59897]}, "properties": {"record_id": "oai:u-bordeaux-montaigne.fr:340412", "symbol_class": "building", "pixel_x": 2052.4, "pixel_y": 4003.8, "easting": 437220.1, "northing": 366499.2, "epsg_source": 22391}}, {"type": "Feature", "geometry": {"type": "Point", "coordinates": [9.14307, 36.60204]}, "properties": {"record_id": "oai:u-bordeaux-montaigne.fr:340412", "symbol_class": "building", "pixel_x": 896.3, "pixel_y": 4005.3, "easting": 432246.6, "northing": 366877.1, "epsg_source": 22391}}, {"type": "Feature", "geometry": {"type": "Point", "coordinates": [9.41524, 36.58623]}, "properties": {"record_id": "oai:u-bordeaux-montaigne.fr:340412", "symbol_class": "building", "pixel_x": 6554.2, "pixel_y": 4012.1, "easting": 456581.8, "northing": 364967.6, "epsg_source": 22391}}, {"type": "Feature", "geometry": {"type": "Point", "coordinates": [9.14046, 36.60165]}, "properties": {"record_id": "oai:u-bordeaux-montaigne.fr:340412", "symbol_class": "building", "pixel_x": 843.0, "pixel_y": 4019.3, "easting": 432013.1, "northing": 366835.6, "epsg_source": 22391}}, {"type": "Feature", "geometry": {"type": "Point", "coordinates": [9.19892, 36.59805]}, "properties": {"record_id": "oai:u-bordeaux-montaigne.fr:340412", "symbol_class": "building", "pixel_x": 2058.5, "pixel_y": 4027.5, "easting": 437238.6, "northing": 366397.1, "epsg_source": 22391}}, {"type": "Feature", "geometry": {"type": "Point", "coordinates": [9.4036, 36.58621]}, "properties": {"record_id": "oai:u-bordeaux-montaigne.fr:340412", "symbol_class": "building", "pixel_x": 6313.4, "pixel_y": 4030.2, "easting": 455540.2, "northing": 364971.4, "epsg_source": 22391}}, {"type": "Feature", "geometry": {"type": "Point", "coordinates": [9.22352, 36.59623]}, "properties": {"record_id": "oai:u-bordeaux-montaigne.fr:340412", "symbol_class": "building", "pixel_x": 2570.5, "pixel_y": 4038.6, "easting": 439437.5, "northing": 366179.9, "epsg_source": 22391}}, {"type": "Feature", "geometry": {"type": "Point", "coordinates": [9.22316, 36.59603]}, "properties": {"record_id": "oai:u-bordeaux-montaigne.fr:340412", "symbol_class": "building", "pixel_x": 2563.5, "pixel_y": 4044.3, "easting": 439405.5, "northing": 366158.1, "epsg_source": 22391}}, {"type": "Feature", "geometry": {"type": "Point", "coordinates": [9.4242, 36.58402]}, "properties": {"record_id": "oai:u-bordeaux-montaigne.fr:340412", "symbol_class": "building", "pixel_x": 6743.5, "pixel_y": 4056.2, "easting": 457381.9, "northing": 364718.8, "epsg_source": 22391}}, {"type": "Feature", "geometry": {"type": "Point", "coordinates": [9.22391, 36.59538]}, "properties": {"record_id": "oai:u-bordeaux-montaigne.fr:340412", "symbol_class": "building", "pixel_x": 2580.1, "pixel_y": 4060.2, "easting": 439472.0, "northing": 366085.5, "epsg_source": 22391}}, {"type": "Feature", "geometry": {"type": "Point", "coordinates": [9.13946, 36.59997]}, "properties": {"record_id": "oai:u-bordeaux-montaigne.fr:340412", "symbol_class": "building", "pixel_x": 825.2, "pixel_y": 4064.6, "easting": 431921.7, "northing": 366650.1, "epsg_source": 22391}}, {"type": "Feature", "geometry": {"type": "Point", "coordinates": [9.13936, 36.5994]}, "properties": {"record_id": "oai:u-bordeaux-montaigne.fr:340412", "symbol_class": "building", "pixel_x": 824.2, "pixel_y": 4079.7, "easting": 431912.8, "northing": 366586.9, "epsg_source": 22391}}, {"type": "Feature", "geometry": {"type": "Point", "coordinates": [9.50269, 36.57805]}, "properties": {"record_id": "oai:u-bordeaux-montaigne.fr:340412", "symbol_class": "building", "pixel_x": 8378.1, "pixel_y": 4091.6, "easting": 464402.0, "northing": 364025.8, "epsg_source": 22391}}, {"type": "Feature", "geometry": {"type": "Point", "coordinates": [9.50267, 36.57739]}, "properties": {"record_id": "oai:u-bordeaux-montaigne.fr:340412", "symbol_class": "building", "pixel_x": 8378.8, "pixel_y": 4109.1, "easting": 464399.1, "northing": 363951.6, "epsg_source": 22391}}, {"type": "Feature", "geometry": {"type": "Point", "coordinates": [9.40716, 36.58247]}, "properties": {"record_id": "oai:u-bordeaux-montaigne.fr:340412", "symbol_class": "building", "pixel_x": 6393.8, "pixel_y": 4122.5, "easting": 455856.5, "northing": 364554.8, "epsg_source": 22391}}, {"type": "Feature", "geometry": {"type": "Point", "coordinates": [9.43129, 36.57873]}, "properties": {"record_id": "oai:u-bordeaux-montaigne.fr:340412", "symbol_class": "building", "pixel_x": 6899.9, "pixel_y": 4183.4, "easting": 458013.9, "northing": 364129.5, "epsg_source": 22391}}, {"type": "Feature", "geometry": {"type": "Point", "coordinates": [9.43129, 36.57785]}, "properties": {"record_id": "oai:u-bordeaux-montaigne.fr:340412", "symbol_class": "building", "pixel_x": 6901.4, "pixel_y": 4206.4, "easting": 458013.3, "northing": 364032.0, "epsg_source": 22391}}, {"type": "Feature", "geometry": {"type": "Point", "coordinates": [9.2594, 36.58701]}, "properties": {"record_id": "oai:u-bordeaux-montaigne.fr:340412", "symbol_class": "building", "pixel_x": 3329.2, "pixel_y": 4226.4, "easting": 442641.0, "northing": 365134.7, "epsg_source": 22391}}, {"type": "Feature", "geometry": {"type": "Point", "coordinates": [9.25882, 36.58695]}, "properties": {"record_id": "oai:u-bordeaux-montaigne.fr:340412", "symbol_class": "building", "pixel_x": 3317.2, "pixel_y": 4228.8, "easting": 442588.6, "northing": 365128.7, "epsg_source": 22391}}, {"type": "Feature", "geometry": {"type": "Point", "coordinates": [9.25835, 36.5868]}, "properties": {"record_id": "oai:u-bordeaux-montaigne.fr:340412", "symbol_class": "building", "pixel_x": 3307.7, "pixel_y": 4233.3, "easting": 442546.1, "northing": 365112.7, "epsg_source": 22391}}, {"type": "Feature", "geometry": {"type": "Point", "coordinates": [9.25839, 36.58612]}, "properties": {"record_id": "oai:u-bordeaux-montaigne.fr:340412", "symbol_class": "building", "pixel_x": 3309.8, "pixel_y": 4251.0, "easting": 442549.6, "northing": 365037.3, "epsg_source": 22391}}, {"type": "Feature", "geometry": {"type": "Point", "coordinates": [9.47377, 36.57369]}, "properties": {"record_id": "oai:u-bordeaux-montaigne.fr:340412", "symbol_class": "building", "pixel_x": 7787.7, "pixel_y": 4250.1, "easting": 461811.5, "northing": 363552.5, "epsg_source": 22391}}, {"type": "Feature", "geometry": {"type": "Point", "coordinates": [9.47374, 36.5733]}, "properties": {"record_id": "oai:u-bordeaux-montaigne.fr:340412", "symbol_class": "building", "pixel_x": 7788.0, "pixel_y": 4260.4, "easting": 461809.4, "northing": 363509.1, "epsg_source": 22391}}, {"type": "Feature", "geometry": {"type": "Point", "coordinates": [9.39226, 36.57802]}, "properties": {"record_id": "oai:u-bordeaux-montaigne.fr:340412", "symbol_class": "building", "pixel_x": 6093.7, "pixel_y": 4261.6, "easting": 454521.3, "northing": 364067.4, "epsg_source": 22391}}, {"type": "Feature", "geometry": {"type": "Point", "coordinates": [9.43128, 36.57563]}, "properties": {"record_id": "oai:u-bordeaux-montaigne.fr:340412", "symbol_class": "building", "pixel_x": 6905.3, "pixel_y": 4264.5, "easting": 458011.5, "northing": 363785.2, "epsg_source": 22391}}, {"type": "Feature", "geometry": {"type": "Point", "coordinates": [9.47337, 36.57309]}, "properties": {"record_id": "oai:u-bordeaux-montaigne.fr:340412", "symbol_class": "building", "pixel_x": 7780.6, "pixel_y": 4266.3, "easting": 461776.1, "northing": 363486.6, "epsg_source": 22391}}, {"type": "Feature", "geometry": {"type": "Point", "coordinates": [9.25866, 36.58543]}, "properties": {"record_id": "oai:u-bordeaux-montaigne.fr:340412", "symbol_class": "building", "pixel_x": 3316.6, "pixel_y": 4268.6, "easting": 442573.5, "northing": 364960.8, "epsg_source": 22391}}, {"type": "Feature", "geometry": {"type": "Point", "coordinates": [9.15628, 36.59107]}, "properties": {"record_id": "oai:u-bordeaux-montaigne.fr:340412", "symbol_class": "building", "pixel_x": 1188.7, "pixel_y": 4272.5, "easting": 433418.8, "northing": 365651.2, "epsg_source": 22391}}, {"type": "Feature", "geometry": {"type": "Point", "coordinates": [9.47375, 36.57281]}, "properties": {"record_id": "oai:u-bordeaux-montaigne.fr:340412", "symbol_class": "building", "pixel_x": 7788.9, "pixel_y": 4273.2, "easting": 461809.5, "northing": 363454.7, "epsg_source": 22391}}, {"type": "Feature", "geometry": {"type": "Point", "coordinates": [9.25893, 36.58496]}, "properties": {"record_id": "oai:u-bordeaux-montaigne.fr:340412", "symbol_class": "building", "pixel_x": 3323.0, "pixel_y": 4280.5, "easting": 442597.1, "northing": 364908.4, "epsg_source": 22391}}, {"type": "Feature", "geometry": {"type": "Point", "coordinates": [9.43131, 36.57445]}, "properties": {"record_id": "oai:u-bordeaux-montaigne.fr:340412", "symbol_class": "building", "pixel_x": 6908.0, "pixel_y": 4295.2, "easting": 458013.1, "northing": 363654.7, "epsg_source": 22391}}, {"type": "Feature", "geometry": {"type": "Point", "coordinates": [9.3626, 36.57798]}, "properties": {"record_id": "oai:u-bordeaux-montaigne.fr:340412", "symbol_class": "building", "pixel_x": 5480.1, "pixel_y": 4307.5, "easting": 451867.1, "northing": 364077.1, "epsg_source": 22391}}, {"type": "Feature", "geometry": {"type": "Point", "coordinates": [9.32488, 36.58013]}, "properties": {"record_id": "oai:u-bordeaux-montaigne.fr:340412", "symbol_class": "building", "pixel_x": 4696.0, "pixel_y": 4308.0, "easting": 448494.0, "northing": 364335.6, "epsg_source": 22391}}, {"type": "Feature", "geometry": {"type": "Point", "coordinates": [9.43133, 36.57377]}, "properties": {"record_id": "oai:u-bordeaux-montaigne.fr:340412", "symbol_class": "building", "pixel_x": 6909.7, "pixel_y": 4313.1, "easting": 458014.7, "northing": 363578.4, "epsg_source": 22391}}, {"type": "Feature", "geometry": {"type": "Point", "coordinates": [9.39608, 36.57587]}, "properties": {"record_id": "oai:u-bordeaux-montaigne.fr:340412", "symbol_class": "building", "pixel_x": 6176.6, "pixel_y": 4311.9, "easting": 454861.6, "northing": 363827.2, "epsg_source": 22391}}, {"type": "Feature", "geometry": {"type": "Point", "coordinates": [9.31971, 36.57939]}, "properties": {"record_id": "oai:u-bordeaux-montaigne.fr:340412", "symbol_class": "building", "pixel_x": 4590.4, "pixel_y": 4335.3, "easting": 448031.3, "northing": 364255.6, "epsg_source": 22391}}, {"type": "Feature", "geometry": {"type": "Point", "coordinates": [9.20445, 36.58578]}, "properties": {"record_id": "oai:u-bordeaux-montaigne.fr:340412", "symbol_class": "building", "pixel_x": 2194.5, "pixel_y": 4339.8, "easting": 437723.9, "northing": 365032.8, "epsg_source": 22391}}, {"type": "Feature", "geometry": {"type": "Point", "coordinates": [9.50251, 36.56831]}, "properties": {"record_id": "oai:u-bordeaux-montaigne.fr:340412", "symbol_class": "building", "pixel_x": 8392.2, "pixel_y": 4346.4, "easting": 464380.8, "northing": 362945.3, "epsg_source": 22391}}, {"type": "Feature", "geometry": {"type": "Point", "coordinates": [9.50171, 36.56831]}, "properties": {"record_id": "oai:u-bordeaux-montaigne.fr:340412", "symbol_class": "building", "pixel_x": 8375.6, "pixel_y": 4347.7, "easting": 464309.2, "northing": 362945.2, "epsg_source": 22391}}, {"type": "Feature", "geometry": {"type": "Point", "coordinates": [9.49928, 36.56851]}, "properties": {"record_id": "oai:u-bordeaux-montaigne.fr:340412", "symbol_class": "building", "pixel_x": 8325.0, "pixel_y": 4346.3, "easting": 464092.1, "northing": 362968.0, "epsg_source": 22391}}, {"type": "Feature", "geometry": {"type": "Point", "coordinates": [9.50037, 36.56847]}, "properties": {"record_id": "oai:u-bordeaux-montaigne.fr:340412", "symbol_class": "building", "pixel_x": 8347.6, "pixel_y": 4345.5, "easting": 464189.3, "northing": 362963.9, "epsg_source": 22391}}, {"type": "Feature", "geometry": {"type": "Point", "coordinates": [9.35452, 36.57666]}, "properties": {"record_id": "oai:u-bordeaux-montaigne.fr:340412", "symbol_class": "building", "pixel_x": 5315.4, "pixel_y": 4354.2, "easting": 451143.8, "northing": 363934.7, "epsg_source": 22391}}, {"type": "Feature", "geometry": {"type": "Point", "coordinates": [9.35504, 36.57681]}, "properties": {"record_id": "oai:u-bordeaux-montaigne.fr:340412", "symbol_class": "building", "pixel_x": 5325.8, "pixel_y": 4349.4, "easting": 451189.9, "northing": 363951.7, "epsg_source": 22391}}, {"type": "Feature", "geometry": {"type": "Point", "coordinates": [9.49713, 36.56849]}, "properties": {"record_id": "oai:u-bordeaux-montaigne.fr:340412", "symbol_class": "building", "pixel_x": 8280.6, "pixel_y": 4350.1, "easting": 463899.8, "northing": 362966.5, "epsg_source": 22391}}, {"type": "Feature", "geometry": {"type": "Point", "coordinates": [9.34352, 36.57734]}, "properties": {"record_id": "oai:u-bordeaux-montaigne.fr:340412", "symbol_class": "building", "pixel_x": 5086.7, "pixel_y": 4352.8, "easting": 450160.3, "northing": 364016.5, "epsg_source": 22391}}, {"type": "Feature", "geometry": {"type": "Point", "coordinates": [9.20503, 36.58522]}, "properties": {"record_id": "oai:u-bordeaux-montaigne.fr:340412", "symbol_class": "building", "pixel_x": 2207.5, "pixel_y": 4353.8, "easting": 437775.4, "northing": 364969.5, "epsg_source": 22391}}, {"type": "Feature", "geometry": {"type": "Point", "coordinates": [9.20397, 36.5852]}, "properties": {"record_id": "oai:u-bordeaux-montaigne.fr:340412", "symbol_class": "building", "pixel_x": 2185.5, "pixel_y": 4355.7, "easting": 437680.1, "northing": 364968.9, "epsg_source": 22391}}, {"type": "Feature", "geometry": {"type": "Point", "coordinates": [9.20454, 36.5851]}, "properties": {"record_id": "oai:u-bordeaux-montaigne.fr:340412", "symbol_class": "building", "pixel_x": 2197.6, "pixel_y": 4357.5, "easting": 437731.4, "northing": 364957.3, "epsg_source": 22391}}, {"type": "Feature", "geometry": {"type": "Point", "coordinates": [9.35489, 36.57647]}, "properties": {"record_id": "oai:u-bordeaux-montaigne.fr:340412", "symbol_class": "building", "pixel_x": 5323.3, "pixel_y": 4358.5, "easting": 451176.3, "northing": 363913.8, "epsg_source": 22391}}, {"type": "Feature", "geometry": {"type": "Point", "coordinates": [9.49312, 36.56846]}, "properties": {"record_id": "oai:u-bordeaux-montaigne.fr:340412", "symbol_class": "building", "pixel_x": 8197.7, "pixel_y": 4357.1, "easting": 463541.1, "northing": 362964.7, "epsg_source": 22391}}, {"type": "Feature", "geometry": {"type": "Point", "coordinates": [9.20488, 36.58473]}, "properties": {"record_id": "oai:u-bordeaux-montaigne.fr:340412", "symbol_class": "building", "pixel_x": 2205.3, "pixel_y": 4366.7, "easting": 437761.7, "northing": 364915.5, "epsg_source": 22391}}, {"type": "Feature", "geometry": {"type": "Point", "coordinates": [9.34379, 36.57666]}, "properties": {"record_id": "oai:u-bordeaux-montaigne.fr:340412", "symbol_class": "building", "pixel_x": 5093.3, "pixel_y": 4370.3, "easting": 450183.4, "northing": 363940.4, "epsg_source": 22391}}, {"type": "Feature", "geometry": {"type": "Point", "coordinates": [9.48765, 36.56834]}, "properties": {"record_id": "oai:u-bordeaux-montaigne.fr:340412", "symbol_class": "building", "pixel_x": 8084.7, "pixel_y": 4368.7, "easting": 463051.3, "northing": 362953.3, "epsg_source": 22391}}, {"type": "Feature", "geometry": {"type": "Point", "coordinates": [9.34334, 36.57659]}, "properties": {"record_id": "oai:u-bordeaux-montaigne.fr:340412", "symbol_class": "building", "pixel_x": 5084.3, "pixel_y": 4372.9, "easting": 450143.5, "northing": 363932.8, "epsg_source": 22391}}, {"type": "Feature", "geometry": {"type": "Point", "coordinates": [9.47728, 36.56832]}, "properties": {"record_id": "oai:u-bordeaux-montaigne.fr:340412", "symbol_class": "building", "pixel_x": 7870.1, "pixel_y": 4384.9, "easting": 462123.1, "northing": 362955.9, "epsg_source": 22391}}, {"type": "Feature", "geometry": {"type": "Point", "coordinates": [9.32066, 36.57726]}, "properties": {"record_id": "oai:u-bordeaux-montaigne.fr:340412", "symbol_class": "building", "pixel_x": 4613.8, "pixel_y": 4389.4, "easting": 448114.6, "northing": 364019.1, "epsg_source": 22391}}, {"type": "Feature", "geometry": {"type": "Point", "coordinates": [9.47532, 36.56833]}, "properties": {"record_id": "oai:u-bordeaux-montaigne.fr:340412", "symbol_class": "building", "pixel_x": 7829.7, "pixel_y": 4387.9, "easting": 461948.1, "northing": 362956.9, "epsg_source": 22391}}, {"type": "Feature", "geometry": {"type": "Point", "coordinates": [9.1471, 36.58692]}, "properties": {"record_id": "oai:u-bordeaux-montaigne.fr:340412", "symbol_class": "building", "pixel_x": 1006.0, "pixel_y": 4394.4, "easting": 432593.9, "northing": 365197.4, "epsg_source": 22391}}, {"type": "Feature", "geometry": {"type": "Point", "coordinates": [9.40836, 36.5715]}, "properties": {"record_id": "oai:u-bordeaux-montaigne.fr:340412", "symbol_class": "building", "pixel_x": 6438.6, "pixel_y": 4407.3, "easting": 455958.4, "northing": 363337.2, "epsg_source": 22391}}, {"type": "Feature", "geometry": {"type": "Point", "coordinates": [9.40921, 36.5713]}, "properties": {"record_id": "oai:u-bordeaux-montaigne.fr:340412", "symbol_class": "building", "pixel_x": 6456.5, "pixel_y": 4411.2, "easting": 456033.9, "northing": 363314.8, "epsg_source": 22391}}, {"type": "Feature", "geometry": {"type": "Point", "coordinates": [9.42224, 36.57049]}, "properties": {"record_id": "oai:u-bordeaux-montaigne.fr:340412", "symbol_class": "building", "pixel_x": 6727.6, "pixel_y": 4412.5, "easting": 457199.5, "northing": 363219.2, "epsg_source": 22391}}, {"type": "Feature", "geometry": {"type": "Point", "coordinates": [9.14693, 36.58611]}, "properties": {"record_id": "oai:u-bordeaux-montaigne.fr:340412", "symbol_class": "building", "pixel_x": 1004.0, "pixel_y": 4416.0, "easting": 432578.5, "northing": 365106.8, "epsg_source": 22391}}, {"type": "Feature", "geometry": {"type": "Point", "coordinates": [9.45867, 36.56829]}, "properties": {"record_id": "oai:u-bordeaux-montaigne.fr:340412", "symbol_class": "building", "pixel_x": 7485.3, "pixel_y": 4414.5, "easting": 460458.3, "northing": 362959.1, "epsg_source": 22391}}, {"type": "Feature", "geometry": {"type": "Point", "coordinates": [9.35323, 36.57414]}, "properties": {"record_id": "oai:u-bordeaux-montaigne.fr:340412", "symbol_class": "building", "pixel_x": 5293.2, "pixel_y": 4422.0, "easting": 451026.4, "northing": 363655.9, "epsg_source": 22391}}, {"type": "Feature", "geometry": {"type": "Point", "coordinates": [9.34328, 36.57444]}, "properties": {"record_id": "oai:u-bordeaux-montaigne.fr:340412", "symbol_class": "building", "pixel_x": 5086.7, "pixel_y": 4429.0, "easting": 450136.3, "northing": 363694.9, "epsg_source": 22391}}, {"type": "Feature", "geometry": {"type": "Point", "coordinates": [9.45298, 36.56826]}, "properties": {"record_id": "oai:u-bordeaux-montaigne.fr:340412", "symbol_class": "building", "pixel_x": 7367.7, "pixel_y": 4424.0, "easting": 459949.3, "northing": 362958.0, "epsg_source": 22391}}, {"type": "Feature", "geometry": {"type": "Point", "coordinates": [9.43134, 36.56939]}, "properties": {"record_id": "oai:u-bordeaux-montaigne.fr:340412", "symbol_class": "building", "pixel_x": 6917.8, "pixel_y": 4427.4, "easting": 458012.9, "northing": 363093.3, "epsg_source": 22391}}, {"type": "Feature", "geometry": {"type": "Point", "coordinates": [9.24012, 36.58039]}, "properties": {"record_id": "oai:u-bordeaux-montaigne.fr:340412", "symbol_class": "building", "pixel_x": 2942.0, "pixel_y": 4427.9, "easting": 440910.9, "northing": 364412.6, "epsg_source": 22391}}, {"type": "Feature", "geometry": {"type": "Point", "coordinates": [9.45066, 36.56826]}, "properties": {"record_id": "oai:u-bordeaux-montaigne.fr:340412", "symbol_class": "building", "pixel_x": 7319.5, "pixel_y": 4427.3, "easting": 459741.0, "northing": 362959.9, "epsg_source": 22391}}, {"type": "Feature", "geometry": {"type": "Point", "coordinates": [9.44587, 36.56823]}, "properties": {"record_id": "oai:u-bordeaux-montaigne.fr:340412", "symbol_class": "building", "pixel_x": 7220.5, "pixel_y": 4435.5, "easting": 459312.5, "northing": 362958.3, "epsg_source": 22391}}, {"type": "Feature", "geometry": {"type": "Point", "coordinates": [9.39786, 36.57087]}, "properties": {"record_id": "oai:u-bordeaux-montaigne.fr:340412", "symbol_class": "building", "pixel_x": 6222.4, "pixel_y": 4439.7, "easting": 455017.8, "northing": 363272.3, "epsg_source": 22391}}, {"type": "Feature", "geometry": {"type": "Point", "coordinates": [9.23978, 36.57997]}, "properties": {"record_id": "oai:u-bordeaux-montaigne.fr:340412", "symbol_class": "building", "pixel_x": 2935.8, "pixel_y": 4439.5, "easting": 440880.5, "northing": 364365.5, "epsg_source": 22391}}, {"type": "Feature", "geometry": {"type": "Point", "coordinates": [9.44194, 36.56821]}, "properties": {"record_id": "oai:u-bordeaux-montaigne.fr:340412", "symbol_class": "building", "pixel_x": 7139.3, "pixel_y": 4441.9, "easting": 458961.1, "northing": 362958.1, "epsg_source": 22391}}, {"type": "Feature", "geometry": {"type": "Point", "coordinates": [9.44067, 36.56823]}, "properties": {"record_id": "oai:u-bordeaux-montaigne.fr:340412", "symbol_class": "building", "pixel_x": 7113.0, "pixel_y": 4443.4, "easting": 458847.6, "northing": 362960.6, "epsg_source": 22391}}, {"type": "Feature", "geometry": {"type": "Point", "coordinates": [9.4315, 36.56821]}, "properties": {"record_id": "oai:u-bordeaux-montaigne.fr:340412", "symbol_class": "building", "pixel_x": 6923.3, "pixel_y": 4458.0, "easting": 458027.0, "northing": 362962.0, "epsg_source": 22391}}, {"type": "Feature", "geometry": {"type": "Point", "coordinates": [9.43204, 36.5682]}, "properties": {"record_id": "oai:u-bordeaux-montaigne.fr:340412", "symbol_class": "building", "pixel_x": 6934.5, "pixel_y": 4457.5, "easting": 458075.2, "northing": 362960.4, "epsg_source": 22391}}, {"type": "Feature", "geometry": {"type": "Point", "coordinates": [9.14063, 36.58476]}, "properties": {"record_id": "oai:u-bordeaux-montaigne.fr:340412", "symbol_class": "building", "pixel_x": 876.0, "pixel_y": 4460.5, "easting": 432013.8, "northing": 364961.4, "epsg_source": 22391}}, {"type": "Feature", "geometry": {"type": "Point", "coordinates": [9.42903, 36.56819]}, "properties": {"record_id": "oai:u-bordeaux-montaigne.fr:340412", "symbol_class": "building", "pixel_x": 6872.2, "pixel_y": 4462.3, "easting": 457805.5, "northing": 362960.8, "epsg_source": 22391}}, {"type": "Feature", "geometry": {"type": "Point", "coordinates": [9.41293, 36.56885]}, "properties": {"record_id": "oai:u-bordeaux-montaigne.fr:340412", "symbol_class": "building", "pixel_x": 6537.9, "pixel_y": 4469.6, "easting": 456365.4, "northing": 363041.2, "epsg_source": 22391}}, {"type": "Feature", "geometry": {"type": "Point", "coordinates": [9.41348, 36.56882]}, "properties": {"record_id": "oai:u-bordeaux-montaigne.fr:340412", "symbol_class": "building", "pixel_x": 6549.3, "pixel_y": 4469.6, "easting": 456414.6, "northing": 363037.5, "epsg_source": 22391}}, {"type": "Feature", "geometry": {"type": "Point", "coordinates": [9.41941, 36.56815]}, "properties": {"record_id": "oai:u-bordeaux-montaigne.fr:340412", "symbol_class": "building", "pixel_x": 6673.4, "pixel_y": 4478.1, "easting": 456945.4, "northing": 362960.2, "epsg_source": 22391}}, {"type": "Feature", "geometry": {"type": "Point", "coordinates": [9.40346, 36.56811]}, "properties": {"record_id": "oai:u-bordeaux-montaigne.fr:340412", "symbol_class": "building", "pixel_x": 6343.4, "pixel_y": 4503.4, "easting": 455517.9, "northing": 362963.1, "epsg_source": 22391}}, {"type": "Feature", "geometry": {"type": "Point", "coordinates": [9.40035, 36.56811]}, "properties": {"record_id": "oai:u-bordeaux-montaigne.fr:340412", "symbol_class": "building", "pixel_x": 6278.9, "pixel_y": 4508.1, "easting": 455239.0, "northing": 362964.7, "epsg_source": 22391}}, {"type": "Feature", "geometry": {"type": "Point", "coordinates": [9.38779, 36.56806]}, "properties": {"record_id": "oai:u-bordeaux-montaigne.fr:340412", "symbol_class": "building", "pixel_x": 6019.2, "pixel_y": 4528.5, "easting": 454115.5, "northing": 362964.6, "epsg_source": 22391}}, {"type": "Feature", "geometry": {"type": "Point", "coordinates": [9.37258, 36.56807]}, "properties": {"record_id": "oai:u-bordeaux-montaigne.fr:340412", "symbol_class": "building", "pixel_x": 5704.5, "pixel_y": 4551.4, "easting": 452754.2, "northing": 362972.9, "epsg_source": 22391}}, {"type": "Feature", "geometry": {"type": "Point", "coordinates": [9.36456, 36.56805]}, "properties": {"record_id": "oai:u-bordeaux-montaigne.fr:340412", "symbol_class": "building", "pixel_x": 5538.7, "pixel_y": 4563.9, "easting": 452037.1, "northing": 362974.9, "epsg_source": 22391}}, {"type": "Feature", "geometry": {"type": "Point", "coordinates": [9.50092, 36.5593]}, "properties": {"record_id": "oai:u-bordeaux-montaigne.fr:340412", "symbol_class": "building", "pixel_x": 8375.9, "pixel_y": 4584.2, "easting": 464234.7, "northing": 361946.3, "epsg_source": 22391}}, {"type": "Feature", "geometry": {"type": "Point", "coordinates": [9.37474, 36.56652]}, "properties": {"record_id": "oai:u-bordeaux-montaigne.fr:340412", "symbol_class": "building", "pixel_x": 5752.1, "pixel_y": 4588.5, "easting": 452947.2, "northing": 362800.1, "epsg_source": 22391}}, {"type": "Feature", "geometry": {"type": "Point", "coordinates": [9.49964, 36.55945]}, "properties": {"record_id": "oai:u-bordeaux-montaigne.fr:340412", "symbol_class": "building", "pixel_x": 8349.1, "pixel_y": 4582.2, "easting": 464120.2, "northing": 361963.5, "epsg_source": 22391}}, {"type": "Feature", "geometry": {"type": "Point", "coordinates": [9.49853, 36.55941]}, "properties": {"record_id": "oai:u-bordeaux-montaigne.fr:340412", "symbol_class": "building", "pixel_x": 8326.2, "pixel_y": 4585.2, "easting": 464020.8, "northing": 361958.6, "epsg_source": 22391}}, {"type": "Feature", "geometry": {"type": "Point", "coordinates": [9.49629, 36.55945]}, "properties": {"record_id": "oai:u-bordeaux-montaigne.fr:340412", "symbol_class": "building", "pixel_x": 8279.7, "pixel_y": 4587.4, "easting": 463820.1, "northing": 361964.6, "epsg_source": 22391}}, {"type": "Feature", "geometry": {"type": "Point", "coordinates": [9.49699, 36.55943]}, "properties": {"record_id": "oai:u-bordeaux-montaigne.fr:340412", "symbol_class": "building", "pixel_x": 8294.4, "pixel_y": 4587.0, "easting": 463883.3, "northing": 361961.4, "epsg_source": 22391}}, {"type": "Feature", "geometry": {"type": "Point", "coordinates": [9.4949, 36.55943]}, "properties": {"record_id": "oai:u-bordeaux-montaigne.fr:340412", "symbol_class": "building", "pixel_x": 8251.1, "pixel_y": 4590.1, "easting": 463696.0, "northing": 361962.9, "epsg_source": 22391}}, {"type": "Feature", "geometry": {"type": "Point", "coordinates": [9.49417, 36.55943]}, "properties": {"record_id": "oai:u-bordeaux-montaigne.fr:340412", "symbol_class": "building", "pixel_x": 8235.9, "pixel_y": 4591.2, "easting": 463630.6, "northing": 361963.1, "epsg_source": 22391}}, {"type": "Feature", "geometry": {"type": "Point", "coordinates": [9.49332, 36.5594]}, "properties": {"record_id": "oai:u-bordeaux-montaigne.fr:340412", "symbol_class": "building", "pixel_x": 8218.5, "pixel_y": 4593.5, "easting": 463554.9, "northing": 361959.3, "epsg_source": 22391}}, {"type": "Feature", "geometry": {"type": "Point", "coordinates": [9.34315, 36.56797]}, "properties": {"record_id": "oai:u-bordeaux-montaigne.fr:340412", "symbol_class": "building", "pixel_x": 5095.8, "pixel_y": 4598.2, "easting": 450121.2, "northing": 362977.4, "epsg_source": 22391}}, {"type": "Feature", "geometry": {"type": "Point", "coordinates": [9.27049, 36.57183]}, "properties": {"record_id": "oai:u-bordeaux-montaigne.fr:340412", "symbol_class": "building", "pixel_x": 3585.4, "pixel_y": 4606.4, "easting": 443621.6, "northing": 363444.6, "epsg_source": 22391}}, {"type": "Feature", "geometry": {"type": "Point", "coordinates": [9.33661, 36.56768]}, "properties": {"record_id": "oai:u-bordeaux-montaigne.fr:340412", "symbol_class": "building", "pixel_x": 4960.9, "pixel_y": 4615.7, "easting": 449535.4, "northing": 362948.3, "epsg_source": 22391}}, {"type": "Feature", "geometry": {"type": "Point", "coordinates": [9.48466, 36.55932]}, "properties": {"record_id": "oai:u-bordeaux-montaigne.fr:340412", "symbol_class": "building", "pixel_x": 8039.4, "pixel_y": 4608.7, "easting": 462779.8, "northing": 361954.6, "epsg_source": 22391}}, {"type": "Feature", "geometry": {"type": "Point", "coordinates": [9.48002, 36.55933]}, "properties": {"record_id": "oai:u-bordeaux-montaigne.fr:340412", "symbol_class": "building", "pixel_x": 7943.4, "pixel_y": 4615.6, "easting": 462364.4, "northing": 361957.3, "epsg_source": 22391}}, {"type": "Feature", "geometry": {"type": "Point", "coordinates": [9.4316, 36.56204]}, "properties": {"record_id": "oai:u-bordeaux-montaigne.fr:340412", "symbol_class": "building", "pixel_x": 6936.5, "pixel_y": 4619.1, "easting": 458032.4, "northing": 362277.4, "epsg_source": 22391}}, {"type": "Feature", "geometry": {"type": "Point", "coordinates": [9.47795, 36.55931]}, "properties": {"record_id": "oai:u-bordeaux-montaigne.fr:340412", "symbol_class": "building", "pixel_x": 7900.5, "pixel_y": 4619.5, "easting": 462178.7, "northing": 361955.2, "epsg_source": 22391}}, {"type": "Feature", "geometry": {"type": "Point", "coordinates": [9.47323, 36.55929]}, "properties": {"record_id": "oai:u-bordeaux-montaigne.fr:340412", "symbol_class": "building", "pixel_x": 7802.9, "pixel_y": 4627.1, "easting": 461756.4, "northing": 361955.8, "epsg_source": 22391}}, {"type": "Feature", "geometry": {"type": "Point", "coordinates": [9.34211, 36.5663]}, "properties": {"record_id": "oai:u-bordeaux-montaigne.fr:340412", "symbol_class": "building", "pixel_x": 5077.2, "pixel_y": 4643.6, "easting": 450026.7, "northing": 362791.9, "epsg_source": 22391}}, {"type": "Feature", "geometry": {"type": "Point", "coordinates": [9.26446, 36.57076]}, "properties": {"record_id": "oai:u-bordeaux-montaigne.fr:340412", "symbol_class": "building", "pixel_x": 3462.5, "pixel_y": 4643.2, "easting": 443081.2, "northing": 363330.0, "epsg_source": 22391}}, {"type": "Feature", "geometry": {"type": "Point", "coordinates": [9.3478, 36.56597]}, "properties": {"record_id": "oai:u-bordeaux-montaigne.fr:340412", "symbol_class": "building", "pixel_x": 5195.5, "pixel_y": 4643.5, "easting": 450535.5, "northing": 362752.9, "epsg_source": 22391}}, {"type": "Feature", "geometry": {"type": "Point", "coordinates": [9.46409, 36.55929]}, "properties": {"record_id": "oai:u-bordeaux-montaigne.fr:340412", "symbol_class": "building", "pixel_x": 7613.9, "pixel_y": 4641.1, "easting": 460938.8, "northing": 361959.4, "epsg_source": 22391}}, {"type": "Feature", "geometry": {"type": "Point", "coordinates": [9.26388, 36.57064]}, "properties": {"record_id": "oai:u-bordeaux-montaigne.fr:340412", "symbol_class": "building", "pixel_x": 3450.9, "pixel_y": 4647.3, "easting": 443029.8, "northing": 363316.8, "epsg_source": 22391}}, {"type": "Feature", "geometry": {"type": "Point", "coordinates": [9.46138, 36.55929]}, "properties": {"record_id": "oai:u-bordeaux-montaigne.fr:340412", "symbol_class": "building", "pixel_x": 7557.8, "pixel_y": 4645.2, "easting": 460696.3, "northing": 361960.4, "epsg_source": 22391}}, {"type": "Feature", "geometry": {"type": "Point", "coordinates": [9.18973, 36.57479]}, "properties": {"record_id": "oai:u-bordeaux-montaigne.fr:340412", "symbol_class": "building", "pixel_x": 1909.3, "pixel_y": 4648.9, "easting": 436398.1, "northing": 363822.5, "epsg_source": 22391}}, {"type": "Feature", "geometry": {"type": "Point", "coordinates": [9.38434, 36.56366]}, "properties": {"record_id": "oai:u-bordeaux-montaigne.fr:340412", "symbol_class": "building", "pixel_x": 5955.8, "pixel_y": 4648.7, "easting": 453804.4, "northing": 362478.4, "epsg_source": 22391}}, {"type": "Feature", "geometry": {"type": "Point", "coordinates": [9.38517, 36.56365]}, "properties": {"record_id": "oai:u-bordeaux-montaigne.fr:340412", "symbol_class": "building", "pixel_x": 5973.0, "pixel_y": 4647.6, "easting": 453878.6, "northing": 362477.2, "epsg_source": 22391}}, {"type": "Feature", "geometry": {"type": "Point", "coordinates": [9.18943, 36.57452]}, "properties": {"record_id": "oai:u-bordeaux-montaigne.fr:340412", "symbol_class": "building", "pixel_x": 1903.5, "pixel_y": 4656.3, "easting": 436370.7, "northing": 363792.9, "epsg_source": 22391}}, {"type": "Feature", "geometry": {"type": "Point", "coordinates": [9.45051, 36.55925]}, "properties": {"record_id": "oai:u-bordeaux-montaigne.fr:340412", "symbol_class": "building", "pixel_x": 7333.0, "pixel_y": 4663.0, "easting": 459723.6, "northing": 361960.3, "epsg_source": 22391}}, {"type": "Feature", "geometry": {"type": "Point", "coordinates": [9.43144, 36.56013]}, "properties": {"record_id": "oai:u-bordeaux-montaigne.fr:340412", "symbol_class": "building", "pixel_x": 6936.8, "pixel_y": 4669.1, "easting": 458017.6, "northing": 362065.9, "epsg_source": 22391}}, {"type": "Feature", "geometry": {"type": "Point", "coordinates": [9.14075, 36.57669]}, "properties": {"record_id": "oai:u-bordeaux-montaigne.fr:340412", "symbol_class": "building", "pixel_x": 892.5, "pixel_y": 4671.0, "easting": 432017.5, "northing": 364066.9, "epsg_source": 22391}}, {"type": "Feature", "geometry": {"type": "Point", "coordinates": [9.36004, 36.56419]}, "properties": {"record_id": "oai:u-bordeaux-montaigne.fr:340412", "symbol_class": "building", "pixel_x": 5452.1, "pixel_y": 4671.5, "easting": 451630.4, "northing": 362549.5, "epsg_source": 22391}}, {"type": "Feature", "geometry": {"type": "Point", "coordinates": [9.19107, 36.57372]}, "properties": {"record_id": "oai:u-bordeaux-montaigne.fr:340412", "symbol_class": "building", "pixel_x": 1938.8, "pixel_y": 4674.9, "easting": 436516.7, "northing": 363702.8, "epsg_source": 22391}}, {"type": "Feature", "geometry": {"type": "Point", "coordinates": [9.26453, 36.56957]}, "properties": {"record_id": "oai:u-bordeaux-montaigne.fr:340412", "symbol_class": "building", "pixel_x": 3466.1, "pixel_y": 4674.4, "easting": 443086.5, "northing": 363197.2, "epsg_source": 22391}}, {"type": "Feature", "geometry": {"type": "Point", "coordinates": [9.44273, 36.5593]}, "properties": {"record_id": "oai:u-bordeaux-montaigne.fr:340412", "symbol_class": "building", "pixel_x": 7171.9, "pixel_y": 4673.7, "easting": 459027.4, "northing": 361968.6, "epsg_source": 22391}}, {"type": "Feature", "geometry": {"type": "Point", "coordinates": [9.19074, 36.57346]}, "properties": {"record_id": "oai:u-bordeaux-montaigne.fr:340412", "symbol_class": "building", "pixel_x": 1932.5, "pixel_y": 4682.1, "easting": 436487.6, "northing": 363674.5, "epsg_source": 22391}}, {"type": "Feature", "geometry": {"type": "Point", "coordinates": [9.14079, 36.57629]}, "properties": {"record_id": "oai:u-bordeaux-montaigne.fr:340412", "symbol_class": "building", "pixel_x": 893.9, "pixel_y": 4681.5, "easting": 432020.2, "northing": 364022.1, "epsg_source": 22391}}, {"type": "Feature", "geometry": {"type": "Point", "coordinates": [9.43888, 36.55925]}, "properties": {"record_id": "oai:u-bordeaux-montaigne.fr:340412", "symbol_class": "building", "pixel_x": 7092.2, "pixel_y": 4680.9, "easting": 458682.2, "northing": 361964.5, "epsg_source": 22391}}, {"type": "Feature", "geometry": {"type": "Point", "coordinates": [9.43668, 36.55923]}, "properties": {"record_id": "oai:u-bordeaux-montaigne.fr:340412", "symbol_class": "building", "pixel_x": 7046.8, "pixel_y": 4684.7, "easting": 458485.7, "northing": 361963.8, "epsg_source": 22391}}, {"type": "Feature", "geometry": {"type": "Point", "coordinates": [9.33807, 36.5649]}, "properties": {"record_id": "oai:u-bordeaux-montaigne.fr:340412", "symbol_class": "building", "pixel_x": 4996.1, "pixel_y": 4686.2, "easting": 449664.1, "northing": 362638.7, "epsg_source": 22391}}, {"type": "Feature", "geometry": {"type": "Point", "coordinates": [9.45193, 36.55817]}, "properties": {"record_id": "oai:u-bordeaux-montaigne.fr:340412", "symbol_class": "building", "pixel_x": 7364.3, "pixel_y": 4689.2, "easting": 459850.1, "northing": 361839.1, "epsg_source": 22391}}, {"type": "Feature", "geometry": {"type": "Point", "coordinates": [9.46082, 36.55704]}, "properties": {"record_id": "oai:u-bordeaux-montaigne.fr:340412", "symbol_class": "building", "pixel_x": 7550.2, "pixel_y": 4704.9, "easting": 460644.6, "northing": 361711.0, "epsg_source": 22391}}, {"type": "Feature", "geometry": {"type": "Point", "coordinates": [9.27965, 36.56765]}, "properties": {"record_id": "oai:u-bordeaux-montaigne.fr:340412", "symbol_class": "building", "pixel_x": 3782.3, "pixel_y": 4702.0, "easting": 444438.2, "northing": 362975.7, "epsg_source": 22391}}, {"type": "Feature", "geometry": {"type": "Point", "coordinates": [9.27879, 36.56748]}, "properties": {"record_id": "oai:u-bordeaux-montaigne.fr:340412", "symbol_class": "building", "pixel_x": 3764.9, "pixel_y": 4707.7, "easting": 444361.1, "northing": 362957.2, "epsg_source": 22391}}, {"type": "Feature", "geometry": {"type": "Point", "coordinates": [9.20785, 36.57131]}, "properties": {"record_id": "oai:u-bordeaux-montaigne.fr:340412", "symbol_class": "building", "pixel_x": 2290.3, "pixel_y": 4712.9, "easting": 438016.6, "northing": 363425.3, "epsg_source": 22391}}, {"type": "Feature", "geometry": {"type": "Point", "coordinates": [9.41956, 36.55918]}, "properties": {"record_id": "oai:u-bordeaux-montaigne.fr:340412", "symbol_class": "building", "pixel_x": 6692.7, "pixel_y": 4712.1, "easting": 456953.6, "northing": 361965.4, "epsg_source": 22391}}, {"type": "Feature", "geometry": {"type": "Point", "coordinates": [9.27946, 36.56705]}, "properties": {"record_id": "oai:u-bordeaux-montaigne.fr:340412", "symbol_class": "building", "pixel_x": 3779.5, "pixel_y": 4717.9, "easting": 444420.9, "northing": 362909.4, "epsg_source": 22391}}, {"type": "Feature", "geometry": {"type": "Point", "coordinates": [9.39792, 36.55995]}, "properties": {"record_id": "oai:u-bordeaux-montaigne.fr:340412", "symbol_class": "building", "pixel_x": 6243.5, "pixel_y": 4725.0, "easting": 455017.2, "northing": 362060.6, "epsg_source": 22391}}, {"type": "Feature", "geometry": {"type": "Point", "coordinates": [9.415, 36.55911]}, "properties": {"record_id": "oai:u-bordeaux-montaigne.fr:340412", "symbol_class": "building", "pixel_x": 6598.4, "pixel_y": 4720.9, "easting": 456545.2, "northing": 361959.7, "epsg_source": 22391}}, {"type": "Feature", "geometry": {"type": "Point", "coordinates": [9.43152, 36.55791]}, "properties": {"record_id": "oai:u-bordeaux-montaigne.fr:340412", "symbol_class": "building", "pixel_x": 6942.5, "pixel_y": 4727.0, "easting": 458023.3, "northing": 361819.9, "epsg_source": 22391}}, {"type": "Feature", "geometry": {"type": "Point", "coordinates": [9.27771, 36.56683]}, "properties": {"record_id": "oai:u-bordeaux-montaigne.fr:340412", "symbol_class": "building", "pixel_x": 3743.7, "pixel_y": 4726.3, "easting": 444264.3, "northing": 362885.6, "epsg_source": 22391}}, {"type": "Feature", "geometry": {"type": "Point", "coordinates": [9.27852, 36.56673]}, "properties": {"record_id": "oai:u-bordeaux-montaigne.fr:340412", "symbol_class": "building", "pixel_x": 3760.7, "pixel_y": 4727.7, "easting": 444337.0, "northing": 362874.3, "epsg_source": 22391}}, {"type": "Feature", "geometry": {"type": "Point", "coordinates": [9.36989, 36.56137]}, "properties": {"record_id": "oai:u-bordeaux-montaigne.fr:340412", "symbol_class": "building", "pixel_x": 5660.9, "pixel_y": 4730.4, "easting": 452509.6, "northing": 362231.3, "epsg_source": 22391}}, {"type": "Feature", "geometry": {"type": "Point", "coordinates": [9.44879, 36.55639]}, "properties": {"record_id": "oai:u-bordeaux-montaigne.fr:340412", "symbol_class": "building", "pixel_x": 7302.6, "pixel_y": 4740.5, "easting": 459568.2, "northing": 361643.0, "epsg_source": 22391}}, {"type": "Feature", "geometry": {"type": "Point", "coordinates": [9.40741, 36.55916]}, "properties": {"record_id": "oai:u-bordeaux-montaigne.fr:340412", "symbol_class": "building", "pixel_x": 6441.3, "pixel_y": 4731.2, "easting": 455866.4, "northing": 361968.3, "epsg_source": 22391}}, {"type": "Feature", "geometry": {"type": "Point", "coordinates": [9.40594, 36.55912]}, "properties": {"record_id": "oai:u-bordeaux-montaigne.fr:340412", "symbol_class": "building", "pixel_x": 6410.9, "pixel_y": 4734.4, "easting": 455734.4, "northing": 361965.2, "epsg_source": 22391}}, {"type": "Feature", "geometry": {"type": "Point", "coordinates": [9.40413, 36.55913]}, "properties": {"record_id": "oai:u-bordeaux-montaigne.fr:340412", "symbol_class": "building", "pixel_x": 6373.5, "pixel_y": 4736.8, "easting": 455572.7, "northing": 361967.3, "epsg_source": 22391}}, {"type": "Feature", "geometry": {"type": "Point", "coordinates": [9.44802, 36.55624]}, "properties": {"record_id": "oai:u-bordeaux-montaigne.fr:340412", "symbol_class": "building", "pixel_x": 7286.9, "pixel_y": 4745.4, "easting": 459499.1, "northing": 361627.7, "epsg_source": 22391}}, {"type": "Feature", "geometry": {"type": "Point", "coordinates": [9.40268, 36.55911]}, "properties": {"record_id": "oai:u-bordeaux-montaigne.fr:340412", "symbol_class": "building", "pixel_x": 6343.6, "pixel_y": 4739.8, "easting": 455443.2, "northing": 361964.8, "epsg_source": 22391}}, {"type": "Feature", "geometry": {"type": "Point", "coordinates": [9.24064, 36.56804]}, "properties": {"record_id": "oai:u-bordeaux-montaigne.fr:340412", "symbol_class": "building", "pixel_x": 2974.5, "pixel_y": 4749.8, "easting": 440947.9, "northing": 363042.1, "epsg_source": 22391}}, {"type": "Feature", "geometry": {"type": "Point", "coordinates": [9.3971, 36.55913]}, "properties": {"record_id": "oai:u-bordeaux-montaigne.fr:340412", "symbol_class": "building", "pixel_x": 6228.0, "pixel_y": 4747.5, "easting": 454943.5, "northing": 361970.6, "epsg_source": 22391}}, {"type": "Feature", "geometry": {"type": "Point", "coordinates": [9.45316, 36.55539]}, "properties": {"record_id": "oai:u-bordeaux-montaigne.fr:340412", "symbol_class": "building", "pixel_x": 7394.7, "pixel_y": 4759.9, "easting": 459958.1, "northing": 361530.3, "epsg_source": 22391}}, {"type": "Feature", "geometry": {"type": "Point", "coordinates": [9.46985, 36.5544]}, "properties": {"record_id": "oai:u-bordeaux-montaigne.fr:340412", "symbol_class": "building", "pixel_x": 7742.1, "pixel_y": 4760.2, "easting": 461452.2, "northing": 361413.8, "epsg_source": 22391}}, {"type": "Feature", "geometry": {"type": "Point", "coordinates": [9.34214, 36.56157]}, "properties": {"record_id": "oai:u-bordeaux-montaigne.fr:340412", "symbol_class": "building", "pixel_x": 5086.3, "pixel_y": 4767.1, "easting": 450026.3, "northing": 362267.3, "epsg_source": 22391}}, {"type": "Feature", "geometry": {"type": "Point", "coordinates": [9.38702, 36.55901]}, "properties": {"record_id": "oai:u-bordeaux-montaigne.fr:340412", "symbol_class": "building", "pixel_x": 6019.7, "pixel_y": 4766.0, "easting": 454041.6, "northing": 361961.7, "epsg_source": 22391}}, {"type": "Feature", "geometry": {"type": "Point", "coordinates": [9.43149, 36.5562]}, "properties": {"record_id": "oai:u-bordeaux-montaigne.fr:340412", "symbol_class": "building", "pixel_x": 6945.0, "pixel_y": 4771.8, "easting": 458019.9, "northing": 361629.6, "epsg_source": 22391}}, {"type": "Feature", "geometry": {"type": "Point", "coordinates": [9.24078, 36.56719]}, "properties": {"record_id": "oai:u-bordeaux-montaigne.fr:340412", "symbol_class": "building", "pixel_x": 2979.0, "pixel_y": 4771.9, "easting": 440960.1, "northing": 362947.6, "epsg_source": 22391}}, {"type": "Feature", "geometry": {"type": "Point", "coordinates": [9.43851, 36.55578]}, "properties": {"record_id": "oai:u-bordeaux-montaigne.fr:340412", "symbol_class": "building", "pixel_x": 7090.9, "pixel_y": 4772.1, "easting": 458647.3, "northing": 361579.7, "epsg_source": 22391}}, {"type": "Feature", "geometry": {"type": "Point", "coordinates": [9.45479, 36.55491]}, "properties": {"record_id": "oai:u-bordeaux-montaigne.fr:340412", "symbol_class": "building", "pixel_x": 7429.4, "pixel_y": 4769.9, "easting": 460104.1, "northing": 361476.8, "epsg_source": 22391}}, {"type": "Feature", "geometry": {"type": "Point", "coordinates": [9.38341, 36.55912]}, "properties": {"record_id": "oai:u-bordeaux-montaigne.fr:340412", "symbol_class": "building", "pixel_x": 5944.8, "pixel_y": 4768.5, "easting": 453718.5, "northing": 361975.9, "epsg_source": 22391}}, {"type": "Feature", "geometry": {"type": "Point", "coordinates": [9.45272, 36.55483]}, "properties": {"record_id": "oai:u-bordeaux-montaigne.fr:340412", "symbol_class": "building", "pixel_x": 7386.6, "pixel_y": 4775.1, "easting": 459918.5, "northing": 361469.0, "epsg_source": 22391}}, {"type": "Feature", "geometry": {"type": "Point", "coordinates": [9.46997, 36.55389]}, "properties": {"record_id": "oai:u-bordeaux-montaigne.fr:340412", "symbol_class": "building", "pixel_x": 7745.3, "pixel_y": 4773.2, "easting": 461462.1, "northing": 361357.6, "epsg_source": 22391}}, {"type": "Feature", "geometry": {"type": "Point", "coordinates": [9.45331, 36.55465]}, "properties": {"record_id": "oai:u-bordeaux-montaigne.fr:340412", "symbol_class": "building", "pixel_x": 7399.3, "pixel_y": 4778.8, "easting": 459971.9, "northing": 361448.9, "epsg_source": 22391}}, {"type": "Feature", "geometry": {"type": "Point", "coordinates": [9.45511, 36.55394]}, "properties": {"record_id": "oai:u-bordeaux-montaigne.fr:340412", "symbol_class": "building", "pixel_x": 7437.8, "pixel_y": 4794.8, "easting": 460132.4, "northing": 361368.9, "epsg_source": 22391}}, {"type": "Feature", "geometry": {"type": "Point", "coordinates": [9.45574, 36.55394]}, "properties": {"record_id": "oai:u-bordeaux-montaigne.fr:340412", "symbol_class": "building", "pixel_x": 7450.8, "pixel_y": 4793.8, "easting": 460188.8, "northing": 361368.6, "epsg_source": 22391}}, {"type": "Feature", "geometry": {"type": "Point", "coordinates": [9.45258, 36.5541]}, "properties": {"record_id": "oai:u-bordeaux-montaigne.fr:340412", "symbol_class": "building", "pixel_x": 7385.2, "pixel_y": 4794.5, "easting": 459906.1, "northing": 361387.5, "epsg_source": 22391}}, {"type": "Feature", "geometry": {"type": "Point", "coordinates": [9.47045, 36.55282]}, "properties": {"record_id": "oai:u-bordeaux-montaigne.fr:340412", "symbol_class": "building", "pixel_x": 7757.2, "pixel_y": 4800.3, "easting": 461504.3, "northing": 361239.2, "epsg_source": 22391}}, {"type": "Feature", "geometry": {"type": "Point", "coordinates": [9.47097, 36.5527]}, "properties": {"record_id": "oai:u-bordeaux-montaigne.fr:340412", "symbol_class": "building", "pixel_x": 7768.3, "pixel_y": 4802.8, "easting": 461551.2, "northing": 361225.1, "epsg_source": 22391}}, {"type": "Feature", "geometry": {"type": "Point", "coordinates": [9.23039, 36.56638]}, "properties": {"record_id": "oai:u-bordeaux-montaigne.fr:340412", "symbol_class": "building", "pixel_x": 2765.4, "pixel_y": 4808.4, "easting": 440029.9, "northing": 362864.4, "epsg_source": 22391}}, {"type": "Feature", "geometry": {"type": "Point", "coordinates": [9.45621, 36.55342]}, "properties": {"record_id": "oai:u-bordeaux-montaigne.fr:340412", "symbol_class": "building", "pixel_x": 7461.6, "pixel_y": 4806.6, "easting": 460230.9, "northing": 361311.0, "epsg_source": 22391}}, {"type": "Feature", "geometry": {"type": "Point", "coordinates": [9.45669, 36.55337]}, "properties": {"record_id": "oai:u-bordeaux-montaigne.fr:340412", "symbol_class": "building", "pixel_x": 7471.6, "pixel_y": 4807.2, "easting": 460273.6, "northing": 361305.0, "epsg_source": 22391}}, {"type": "Feature", "geometry": {"type": "Point", "coordinates": [9.4586, 36.55324]}, "properties": {"record_id": "oai:u-bordeaux-montaigne.fr:340412", "symbol_class": "building", "pixel_x": 7511.4, "pixel_y": 4807.7, "easting": 460444.7, "northing": 361289.6, "epsg_source": 22391}}, {"type": "Feature", "geometry": {"type": "Point", "coordinates": [9.45472, 36.55347]}, "properties": {"record_id": "oai:u-bordeaux-montaigne.fr:340412", "symbol_class": "building", "pixel_x": 7430.5, "pixel_y": 4807.6, "easting": 460096.8, "northing": 361317.3, "epsg_source": 22391}}, {"type": "Feature", "geometry": {"type": "Point", "coordinates": [9.47012, 36.55251]}, "properties": {"record_id": "oai:u-bordeaux-montaigne.fr:340412", "symbol_class": "building", "pixel_x": 7751.1, "pixel_y": 4809.1, "easting": 461475.3, "northing": 361204.3, "epsg_source": 22391}}, {"type": "Feature", "geometry": {"type": "Point", "coordinates": [9.47097, 36.55231]}, "properties": {"record_id": "oai:u-bordeaux-montaigne.fr:340412", "symbol_class": "building", "pixel_x": 7769.0, "pixel_y": 4813.0, "easting": 461551.0, "northing": 361181.7, "epsg_source": 22391}}, {"type": "Feature", "geometry": {"type": "Point", "coordinates": [9.34354, 36.55968]}, "properties": {"record_id": "oai:u-bordeaux-montaigne.fr:340412", "symbol_class": "building", "pixel_x": 5118.8, "pixel_y": 4814.3, "easting": 450150.9, "northing": 362056.9, "epsg_source": 22391}}, {"type": "Feature", "geometry": {"type": "Point", "coordinates": [9.40618, 36.55604]}, "properties": {"record_id": "oai:u-bordeaux-montaigne.fr:340412", "symbol_class": "building", "pixel_x": 6421.4, "pixel_y": 4814.6, "easting": 455754.0, "northing": 361623.1, "epsg_source": 22391}}, {"type": "Feature", "geometry": {"type": "Point", "coordinates": [9.50119, 36.5502]}, "properties": {"record_id": "oai:u-bordeaux-montaigne.fr:340412", "symbol_class": "building", "pixel_x": 8398.2, "pixel_y": 4821.7, "easting": 464255.0, "northing": 360935.9, "epsg_source": 22391}}, {"type": "Feature", "geometry": {"type": "Point", "coordinates": [9.45715, 36.55292]}, "properties": {"record_id": "oai:u-bordeaux-montaigne.fr:340412", "symbol_class": "building", "pixel_x": 7481.8, "pixel_y": 4818.3, "easting": 460314.0, "northing": 361255.0, "epsg_source": 22391}}, {"type": "Feature", "geometry": {"type": "Point", "coordinates": [9.45933, 36.55265]}, "properties": {"record_id": "oai:u-bordeaux-montaigne.fr:340412", "symbol_class": "building", "pixel_x": 7527.5, "pixel_y": 4822.0, "easting": 460509.5, "northing": 361224.0, "epsg_source": 22391}}, {"type": "Feature", "geometry": {"type": "Point", "coordinates": [9.45877, 36.55262]}, "properties": {"record_id": "oai:u-bordeaux-montaigne.fr:340412", "symbol_class": "building", "pixel_x": 7516.0, "pixel_y": 4823.7, "easting": 460459.3, "northing": 361220.6, "epsg_source": 22391}}, {"type": "Feature", "geometry": {"type": "Point", "coordinates": [9.45983, 36.55255]}, "properties": {"record_id": "oai:u-bordeaux-montaigne.fr:340412", "symbol_class": "building", "pixel_x": 7538.0, "pixel_y": 4823.8, "easting": 460554.3, "northing": 361212.9, "epsg_source": 22391}}, {"type": "Feature", "geometry": {"type": "Point", "coordinates": [9.43151, 36.5542]}, "properties": {"record_id": "oai:u-bordeaux-montaigne.fr:340412", "symbol_class": "building", "pixel_x": 6948.9, "pixel_y": 4824.1, "easting": 458020.1, "northing": 361407.3, "epsg_source": 22391}}, {"type": "Feature", "geometry": {"type": "Point", "coordinates": [9.40593, 36.55562]}, "properties": {"record_id": "oai:u-bordeaux-montaigne.fr:340412", "symbol_class": "building", "pixel_x": 6417.1, "pixel_y": 4825.9, "easting": 455731.8, "northing": 361576.5, "epsg_source": 22391}}, {"type": "Feature", "geometry": {"type": "Point", "coordinates": [9.44301, 36.55312]}, "properties": {"record_id": "oai:u-bordeaux-montaigne.fr:340412", "symbol_class": "building", "pixel_x": 7189.0, "pixel_y": 4834.8, "easting": 459049.4, "northing": 361282.6, "epsg_source": 22391}}, {"type": "Feature", "geometry": {"type": "Point", "coordinates": [9.34327, 36.55898]}, "properties": {"record_id": "oai:u-bordeaux-montaigne.fr:340412", "symbol_class": "building", "pixel_x": 5114.3, "pixel_y": 4833.1, "easting": 450125.5, "northing": 361979.2, "epsg_source": 22391}}, {"type": "Feature", "geometry": {"type": "Point", "coordinates": [9.18695, 36.56779]}, "properties": {"record_id": "oai:u-bordeaux-montaigne.fr:340412", "symbol_class": "building", "pixel_x": 1864.1, "pixel_y": 4835.8, "easting": 436144.0, "northing": 363048.2, "epsg_source": 22391}}, {"type": "Feature", "geometry": {"type": "Point", "coordinates": [9.44438, 36.55287]}, "properties": {"record_id": "oai:u-bordeaux-montaigne.fr:340412", "symbol_class": "building", "pixel_x": 7217.8, "pixel_y": 4839.2, "easting": 459171.8, "northing": 361254.4, "epsg_source": 22391}}, {"type": "Feature", "geometry": {"type": "Point", "coordinates": [9.44973, 36.55225]}, "properties": {"record_id": "oai:u-bordeaux-montaigne.fr:340412", "symbol_class": "building", "pixel_x": 7329.6, "pixel_y": 4847.2, "easting": 459650.3, "northing": 361183.6, "epsg_source": 22391}}, {"type": "Feature", "geometry": {"type": "Point", "coordinates": [9.48182, 36.55031]}, "properties": {"record_id": "oai:u-bordeaux-montaigne.fr:340412", "symbol_class": "building", "pixel_x": 7997.1, "pixel_y": 4848.6, "easting": 462521.1, "northing": 360955.4, "epsg_source": 22391}}, {"type": "Feature", "geometry": {"type": "Point", "coordinates": [9.47561, 36.55028]}, "properties": {"record_id": "oai:u-bordeaux-montaigne.fr:340412", "symbol_class": "building", "pixel_x": 7868.7, "pixel_y": 4859.0, "easting": 461965.3, "northing": 360954.4, "epsg_source": 22391}}, {"type": "Feature", "geometry": {"type": "Point", "coordinates": [9.34218, 36.55785]}, "properties": {"record_id": "oai:u-bordeaux-montaigne.fr:340412", "symbol_class": "building", "pixel_x": 5093.9, "pixel_y": 4864.1, "easting": 450027.9, "northing": 361855.0, "epsg_source": 22391}}, {"type": "Feature", "geometry": {"type": "Point", "coordinates": [9.47368, 36.55027]}, "properties": {"record_id": "oai:u-bordeaux-montaigne.fr:340412", "symbol_class": "building", "pixel_x": 7828.7, "pixel_y": 4862.1, "easting": 461792.2, "northing": 360954.6, "epsg_source": 22391}}, {"type": "Feature", "geometry": {"type": "Point", "coordinates": [9.14082, 36.56899]}, "properties": {"record_id": "oai:u-bordeaux-montaigne.fr:340412", "symbol_class": "building", "pixel_x": 907.2, "pixel_y": 4872.1, "easting": 432016.6, "northing": 363212.8, "epsg_source": 22391}}, {"type": "Feature", "geometry": {"type": "Point", "coordinates": [9.46929, 36.55026]}, "properties": {"record_id": "oai:u-bordeaux-montaigne.fr:340412", "symbol_class": "building", "pixel_x": 7738.0, "pixel_y": 4869.2, "easting": 461399.9, "northing": 360954.7, "epsg_source": 22391}}, {"type": "Feature", "geometry": {"type": "Point", "coordinates": [9.44948, 36.55136]}, "properties": {"record_id": "oai:u-bordeaux-montaigne.fr:340412", "symbol_class": "building", "pixel_x": 7325.9, "pixel_y": 4870.7, "easting": 459626.7, "northing": 361085.2, "epsg_source": 22391}}, {"type": "Feature", "geometry": {"type": "Point", "coordinates": [9.18898, 36.56603]}, "properties": {"record_id": "oai:u-bordeaux-montaigne.fr:340412", "symbol_class": "building", "pixel_x": 1909.2, "pixel_y": 4878.8, "easting": 436324.3, "northing": 362851.3, "epsg_source": 22391}}, {"type": "Feature", "geometry": {"type": "Point", "coordinates": [9.46055, 36.55022]}, "properties": {"record_id": "oai:u-bordeaux-montaigne.fr:340412", "symbol_class": "building", "pixel_x": 7557.2, "pixel_y": 4883.6, "easting": 460617.6, "northing": 360954.0, "epsg_source": 22391}}, {"type": "Feature", "geometry": {"type": "Point", "coordinates": [9.17447, 36.56648]}, "properties": {"record_id": "oai:u-bordeaux-montaigne.fr:340412", "symbol_class": "building", "pixel_x": 1608.0, "pixel_y": 4888.3, "easting": 435025.5, "northing": 362911.4, "epsg_source": 22391}}, {"type": "Feature", "geometry": {"type": "Point", "coordinates": [9.38277, 36.55434]}, "properties": {"record_id": "oai:u-bordeaux-montaigne.fr:340412", "symbol_class": "building", "pixel_x": 5940.1, "pixel_y": 4894.6, "easting": 453658.1, "northing": 361444.9, "epsg_source": 22391}}, {"type": "Feature", "geometry": {"type": "Point", "coordinates": [9.14085, 36.56776]}, "properties": {"record_id": "oai:u-bordeaux-montaigne.fr:340412", "symbol_class": "building", "pixel_x": 910.0, "pixel_y": 4904.2, "easting": 432018.2, "northing": 363076.2, "epsg_source": 22391}}, {"type": "Feature", "geometry": {"type": "Point", "coordinates": [9.17446, 36.56586]}, "properties": {"record_id": "oai:u-bordeaux-montaigne.fr:340412", "symbol_class": "building", "pixel_x": 1609.0, "pixel_y": 4904.7, "easting": 435024.7, "northing": 362841.7, "epsg_source": 22391}}, {"type": "Feature", "geometry": {"type": "Point", "coordinates": [9.38554, 36.55365]}, "properties": {"record_id": "oai:u-bordeaux-montaigne.fr:340412", "symbol_class": "building", "pixel_x": 5998.6, "pixel_y": 4908.4, "easting": 453905.3, "northing": 361367.2, "epsg_source": 22391}}, {"type": "Feature", "geometry": {"type": "Point", "coordinates": [9.18945, 36.56484]}, "properties": {"record_id": "oai:u-bordeaux-montaigne.fr:340412", "symbol_class": "building", "pixel_x": 1920.9, "pixel_y": 4909.3, "easting": 436364.7, "northing": 362718.7, "epsg_source": 22391}}, {"type": "Feature", "geometry": {"type": "Point", "coordinates": [9.44518, 36.55018]}, "properties": {"record_id": "oai:u-bordeaux-montaigne.fr:340412", "symbol_class": "building", "pixel_x": 7239.2, "pixel_y": 4908.0, "easting": 459241.7, "northing": 360956.6, "epsg_source": 22391}}, {"type": "Feature", "geometry": {"type": "Point", "coordinates": [9.44279, 36.55014]}, "properties": {"record_id": "oai:u-bordeaux-montaigne.fr:340412", "symbol_class": "building", "pixel_x": 7189.7, "pixel_y": 4912.9, "easting": 459027.3, "northing": 360952.4, "epsg_source": 22391}}, {"type": "Feature", "geometry": {"type": "Point", "coordinates": [9.19678, 36.56424]}, "properties": {"record_id": "oai:u-bordeaux-montaigne.fr:340412", "symbol_class": "building", "pixel_x": 2073.6, "pixel_y": 4914.2, "easting": 437020.1, "northing": 362647.5, "epsg_source": 22391}}, {"type": "Feature", "geometry": {"type": "Point", "coordinates": [9.19019, 36.56386]}, "properties": {"record_id": "oai:u-bordeaux-montaigne.fr:340412", "symbol_class": "building", "pixel_x": 1937.9, "pixel_y": 4933.8, "easting": 436430.1, "northing": 362609.5, "epsg_source": 22391}}, {"type": "Feature", "geometry": {"type": "Point", "coordinates": [9.14088, 36.56656]}, "properties": {"record_id": "oai:u-bordeaux-montaigne.fr:340412", "symbol_class": "building", "pixel_x": 912.7, "pixel_y": 4935.7, "easting": 432019.9, "northing": 362942.2, "epsg_source": 22391}}, {"type": "Feature", "geometry": {"type": "Point", "coordinates": [9.4267, 36.55011]}, "properties": {"record_id": "oai:u-bordeaux-montaigne.fr:340412", "symbol_class": "building", "pixel_x": 6856.8, "pixel_y": 4938.2, "easting": 457587.2, "northing": 360956.2, "epsg_source": 22391}}, {"type": "Feature", "geometry": {"type": "Point", "coordinates": [9.18976, 36.56357]}, "properties": {"record_id": "oai:u-bordeaux-montaigne.fr:340412", "symbol_class": "building", "pixel_x": 1929.5, "pixel_y": 4942.0, "easting": 436391.5, "northing": 362577.8, "epsg_source": 22391}}, {"type": "Feature", "geometry": {"type": "Point", "coordinates": [9.43153, 36.54941]}, "properties": {"record_id": "oai:u-bordeaux-montaigne.fr:340412", "symbol_class": "building", "pixel_x": 6958.0, "pixel_y": 4949.1, "easting": 458019.3, "northing": 360876.4, "epsg_source": 22391}}, {"type": "Feature", "geometry": {"type": "Point", "coordinates": [9.20794, 36.56214]}, "properties": {"record_id": "oai:u-bordeaux-montaigne.fr:340412", "symbol_class": "building", "pixel_x": 2308.3, "pixel_y": 4952.3, "easting": 438017.6, "northing": 362408.2, "epsg_source": 22391}}, {"type": "Feature", "geometry": {"type": "Point", "coordinates": [9.41644, 36.55009]}, "properties": {"record_id": "oai:u-bordeaux-montaigne.fr:340412", "symbol_class": "building", "pixel_x": 6644.6, "pixel_y": 4954.3, "easting": 456669.4, "northing": 360958.8, "epsg_source": 22391}}, {"type": "Feature", "geometry": {"type": "Point", "coordinates": [9.40088, 36.55076]}, "properties": {"record_id": "oai:u-bordeaux-montaigne.fr:340412", "symbol_class": "building", "pixel_x": 6321.3, "pixel_y": 4960.5, "easting": 455276.8, "northing": 361040.2, "epsg_source": 22391}}, {"type": "Feature", "geometry": {"type": "Point", "coordinates": [9.41507, 36.55004]}, "properties": {"record_id": "oai:u-bordeaux-montaigne.fr:340412", "symbol_class": "building", "pixel_x": 6616.4, "pixel_y": 4957.8, "easting": 456546.9, "northing": 360953.4, "epsg_source": 22391}}, {"type": "Feature", "geometry": {"type": "Point", "coordinates": [9.37793, 36.55195]}, "properties": {"record_id": "oai:u-bordeaux-montaigne.fr:340412", "symbol_class": "building", "pixel_x": 5844.2, "pixel_y": 4964.2, "easting": 453223.4, "northing": 361183.0, "epsg_source": 22391}}, {"type": "Feature", "geometry": {"type": "Point", "coordinates": [9.40964, 36.55007]}, "properties": {"record_id": "oai:u-bordeaux-montaigne.fr:340412", "symbol_class": "building", "pixel_x": 6503.9, "pixel_y": 4965.3, "easting": 456060.6, "northing": 360959.1, "epsg_source": 22391}}, {"type": "Feature", "geometry": {"type": "Point", "coordinates": [9.4082, 36.55008]}, "properties": {"record_id": "oai:u-bordeaux-montaigne.fr:340412", "symbol_class": "building", "pixel_x": 6474.0, "pixel_y": 4967.2, "easting": 455931.3, "northing": 360960.8, "epsg_source": 22391}}, {"type": "Feature", "geometry": {"type": "Point", "coordinates": [9.19679, 36.56172]}, "properties": {"record_id": "oai:u-bordeaux-montaigne.fr:340412", "symbol_class": "building", "pixel_x": 2078.2, "pixel_y": 4980.0, "easting": 437019.2, "northing": 362367.9, "epsg_source": 22391}}, {"type": "Feature", "geometry": {"type": "Point", "coordinates": [9.15522, 36.5639]}, "properties": {"record_id": "oai:u-bordeaux-montaigne.fr:340412", "symbol_class": "building", "pixel_x": 1214.2, "pixel_y": 4984.2, "easting": 433301.3, "northing": 362637.3, "epsg_source": 22391}}, {"type": "Feature", "geometry": {"type": "Point", "coordinates": [9.4208, 36.54865]}, "properties": {"record_id": "oai:u-bordeaux-montaigne.fr:340412", "symbol_class": "building", "pixel_x": 6737.5, "pixel_y": 4985.4, "easting": 457059.0, "northing": 360796.4, "epsg_source": 22391}}, {"type": "Feature", "geometry": {"type": "Point", "coordinates": [9.39844, 36.55004]}, "properties": {"record_id": "oai:u-bordeaux-montaigne.fr:340412", "symbol_class": "building", "pixel_x": 6272.1, "pixel_y": 4983.1, "easting": 455058.0, "northing": 360960.7, "epsg_source": 22391}}, {"type": "Feature", "geometry": {"type": "Point", "coordinates": [9.39471, 36.55]}, "properties": {"record_id": "oai:u-bordeaux-montaigne.fr:340412", "symbol_class": "building", "pixel_x": 6195.1, "pixel_y": 4989.7, "easting": 454724.5, "northing": 360958.7, "epsg_source": 22391}}, {"type": "Feature", "geometry": {"type": "Point", "coordinates": [9.39365, 36.55005]}, "properties": {"record_id": "oai:u-bordeaux-montaigne.fr:340412", "symbol_class": "building", "pixel_x": 6173.0, "pixel_y": 4990.2, "easting": 454629.6, "northing": 360964.0, "epsg_source": 22391}}, {"type": "Feature", "geometry": {"type": "Point", "coordinates": [9.39208, 36.55003]}, "properties": {"record_id": "oai:u-bordeaux-montaigne.fr:340412", "symbol_class": "building", "pixel_x": 6140.6, "pixel_y": 4992.9, "easting": 454489.0, "northing": 360963.3, "epsg_source": 22391}}, {"type": "Feature", "geometry": {"type": "Point", "coordinates": [9.39118, 36.55003]}, "properties": {"record_id": "oai:u-bordeaux-montaigne.fr:340412", "symbol_class": "building", "pixel_x": 6121.9, "pixel_y": 4994.3, "easting": 454408.2, "northing": 360963.6, "epsg_source": 22391}}, {"type": "Feature", "geometry": {"type": "Point", "coordinates": [9.14088, 36.564]}, "properties": {"record_id": "oai:u-bordeaux-montaigne.fr:340412", "symbol_class": "building", "pixel_x": 917.3, "pixel_y": 5002.4, "easting": 432018.0, "northing": 362659.0, "epsg_source": 22391}}, {"type": "Feature", "geometry": {"type": "Point", "coordinates": [9.37762, 36.55068]}, "properties": {"record_id": "oai:u-bordeaux-montaigne.fr:340412", "symbol_class": "building", "pixel_x": 5840.2, "pixel_y": 4997.9, "easting": 453195.3, "northing": 361042.1, "epsg_source": 22391}}, {"type": "Feature", "geometry": {"type": "Point", "coordinates": [9.37798, 36.55064]}, "properties": {"record_id": "oai:u-bordeaux-montaigne.fr:340412", "symbol_class": "building", "pixel_x": 5847.6, "pixel_y": 4998.4, "easting": 453227.1, "northing": 361037.6, "epsg_source": 22391}}, {"type": "Feature", "geometry": {"type": "Point", "coordinates": [9.37707, 36.55068]}, "properties": {"record_id": "oai:u-bordeaux-montaigne.fr:340412", "symbol_class": "building", "pixel_x": 5828.8, "pixel_y": 4998.7, "easting": 453145.9, "northing": 361042.4, "epsg_source": 22391}}, {"type": "Feature", "geometry": {"type": "Point", "coordinates": [9.17449, 36.56143]}, "properties": {"record_id": "oai:u-bordeaux-montaigne.fr:340412", "symbol_class": "building", "pixel_x": 1617.4, "pixel_y": 5020.4, "easting": 435023.7, "northing": 362350.7, "epsg_source": 22391}}, {"type": "Feature", "geometry": {"type": "Point", "coordinates": [9.35391, 36.5511]}, "properties": {"record_id": "oai:u-bordeaux-montaigne.fr:340412", "symbol_class": "building", "pixel_x": 5348.6, "pixel_y": 5022.9, "easting": 451072.9, "northing": 361099.7, "epsg_source": 22391}}, {"type": "Feature", "geometry": {"type": "Point", "coordinates": [9.3734, 36.54999]}, "properties": {"record_id": "oai:u-bordeaux-montaigne.fr:340412", "symbol_class": "building", "pixel_x": 5754.1, "pixel_y": 5022.4, "easting": 452817.0, "northing": 360967.3, "epsg_source": 22391}}, {"type": "Feature", "geometry": {"type": "Point", "coordinates": [9.35795, 36.55047]}, "properties": {"record_id": "oai:u-bordeaux-montaigne.fr:340412", "symbol_class": "building", "pixel_x": 5433.5, "pixel_y": 5033.2, "easting": 451434.7, "northing": 361028.0, "epsg_source": 22391}}, {"type": "Feature", "geometry": {"type": "Point", "coordinates": [9.37142, 36.54953]}, "properties": {"record_id": "oai:u-bordeaux-montaigne.fr:340412", "symbol_class": "building", "pixel_x": 5713.9, "pixel_y": 5037.3, "easting": 452639.5, "northing": 360917.4, "epsg_source": 22391}}, {"type": "Feature", "geometry": {"type": "Point", "coordinates": [9.41721, 36.54685]}, "properties": {"record_id": "oai:u-bordeaux-montaigne.fr:340412", "symbol_class": "building", "pixel_x": 6666.3, "pixel_y": 5037.7, "easting": 456736.2, "northing": 360599.2, "epsg_source": 22391}}, {"type": "Feature", "geometry": {"type": "Point", "coordinates": [9.17451, 36.56044]}, "properties": {"record_id": "oai:u-bordeaux-montaigne.fr:340412", "symbol_class": "building", "pixel_x": 1619.4, "pixel_y": 5046.3, "easting": 435024.3, "northing": 362240.5, "epsg_source": 22391}}, {"type": "Feature", "geometry": {"type": "Point", "coordinates": [9.49945, 36.54174]}, "properties": {"record_id": "oai:u-bordeaux-montaigne.fr:340412", "symbol_class": "building", "pixel_x": 8377.6, "pixel_y": 5045.2, "easting": 464094.8, "northing": 359998.8, "epsg_source": 22391}}, {"type": "Feature", "geometry": {"type": "Point", "coordinates": [9.50044, 36.54172]}, "properties": {"record_id": "oai:u-bordeaux-montaigne.fr:340412", "symbol_class": "building", "pixel_x": 8398.3, "pixel_y": 5044.3, "easting": 464184.0, "northing": 359995.6, "epsg_source": 22391}}, {"type": "Feature", "geometry": {"type": "Point", "coordinates": [9.4653, 36.5431]}, "properties": {"record_id": "oai:u-bordeaux-montaigne.fr:340412", "symbol_class": "building", "pixel_x": 7668.4, "pixel_y": 5062.2, "easting": 461038.7, "northing": 360162.6, "epsg_source": 22391}}, {"type": "Feature", "geometry": {"type": "Point", "coordinates": [9.19683, 36.55747]}, "properties": {"record_id": "oai:u-bordeaux-montaigne.fr:340412", "symbol_class": "building", "pixel_x": 2086.5, "pixel_y": 5091.0, "easting": 437019.2, "northing": 361896.4, "epsg_source": 22391}}, {"type": "Feature", "geometry": {"type": "Point", "coordinates": [9.14088, 36.55983]}, "properties": {"record_id": "oai:u-bordeaux-montaigne.fr:340412", "symbol_class": "building", "pixel_x": 924.5, "pixel_y": 5111.5, "easting": 432014.3, "northing": 362196.0, "epsg_source": 22391}}, {"type": "Feature", "geometry": {"type": "Point", "coordinates": [9.31549, 36.54951]}, "properties": {"record_id": "oai:u-bordeaux-montaigne.fr:340412", "symbol_class": "building", "pixel_x": 4556.5, "pixel_y": 5122.2, "easting": 447633.9, "northing": 360943.5, "epsg_source": 22391}}, {"type": "Feature", "geometry": {"type": "Point", "coordinates": [9.44025, 36.54218]}, "properties": {"record_id": "oai:u-bordeaux-montaigne.fr:340412", "symbol_class": "building", "pixel_x": 7151.7, "pixel_y": 5124.7, "easting": 458796.0, "northing": 360070.7, "epsg_source": 22391}}, {"type": "Feature", "geometry": {"type": "Point", "coordinates": [9.40859, 36.54355]}, "properties": {"record_id": "oai:u-bordeaux-montaigne.fr:340412", "symbol_class": "building", "pixel_x": 6494.0, "pixel_y": 5137.2, "easting": 455963.1, "northing": 360236.2, "epsg_source": 22391}}, {"type": "Feature", "geometry": {"type": "Point", "coordinates": [9.24429, 36.55272]}, "properties": {"record_id": "oai:u-bordeaux-montaigne.fr:340412", "symbol_class": "building", "pixel_x": 3077.2, "pixel_y": 5144.8, "easting": 441263.7, "northing": 361340.1, "epsg_source": 22391}}, {"type": "Feature", "geometry": {"type": "Point", "coordinates": [9.17454, 36.55664]}, "properties": {"record_id": "oai:u-bordeaux-montaigne.fr:340412", "symbol_class": "building", "pixel_x": 1626.8, "pixel_y": 5145.5, "easting": 435024.1, "northing": 361819.1, "epsg_source": 22391}}, {"type": "Feature", "geometry": {"type": "Point", "coordinates": [9.24706, 36.55207]}, "properties": {"record_id": "oai:u-bordeaux-montaigne.fr:340412", "symbol_class": "building", "pixel_x": 3135.6, "pixel_y": 5157.6, "easting": 441510.6, "northing": 361266.6, "epsg_source": 22391}}, {"type": "Feature", "geometry": {"type": "Point", "coordinates": [9.17458, 36.55592]}, "properties": {"record_id": "oai:u-bordeaux-montaigne.fr:340412", "symbol_class": "building", "pixel_x": 1628.8, "pixel_y": 5164.1, "easting": 435027.2, "northing": 361739.6, "epsg_source": 22391}}, {"type": "Feature", "geometry": {"type": "Point", "coordinates": [9.24644, 36.55178]}, "properties": {"record_id": "oai:u-bordeaux-montaigne.fr:340412", "symbol_class": "building", "pixel_x": 3123.4, "pixel_y": 5166.1, "easting": 441455.4, "northing": 361234.5, "epsg_source": 22391}}, {"type": "Feature", "geometry": {"type": "Point", "coordinates": [9.24769, 36.55169]}, "properties": {"record_id": "oai:u-bordeaux-montaigne.fr:340412", "symbol_class": "building", "pixel_x": 3149.2, "pixel_y": 5166.6, "easting": 441566.4, "northing": 361223.7, "epsg_source": 22391}}, {"type": "Feature", "geometry": {"type": "Point", "coordinates": [9.1409, 36.5575]}, "properties": {"record_id": "oai:u-bordeaux-montaigne.fr:340412", "symbol_class": "building", "pixel_x": 928.9, "pixel_y": 5172.2, "easting": 432014.0, "northing": 361938.1, "epsg_source": 22391}}, {"type": "Feature", "geometry": {"type": "Point", "coordinates": [9.37572, 36.54414]}, "properties": {"record_id": "oai:u-bordeaux-montaigne.fr:340412", "symbol_class": "building", "pixel_x": 5812.5, "pixel_y": 5171.8, "easting": 453020.8, "northing": 360316.8, "epsg_source": 22391}}, {"type": "Feature", "geometry": {"type": "Point", "coordinates": [9.43162, 36.54093]}, "properties": {"record_id": "oai:u-bordeaux-montaigne.fr:340412", "symbol_class": "building", "pixel_x": 6975.3, "pixel_y": 5170.6, "easting": 458022.9, "northing": 359935.4, "epsg_source": 22391}}, {"type": "Feature", "geometry": {"type": "Point", "coordinates": [9.24752, 36.5513]}, "properties": {"record_id": "oai:u-bordeaux-montaigne.fr:340412", "symbol_class": "building", "pixel_x": 3146.6, "pixel_y": 5177.1, "easting": 441551.7, "northing": 361180.4, "epsg_source": 22391}}, {"type": "Feature", "geometry": {"type": "Point", "coordinates": [9.35659, 36.54498]}, "properties": {"record_id": "oai:u-bordeaux-montaigne.fr:340412", "symbol_class": "building", "pixel_x": 5415.2, "pixel_y": 5178.8, "easting": 451309.5, "northing": 360419.5, "epsg_source": 22391}}, {"type": "Feature", "geometry": {"type": "Point", "coordinates": [9.26399, 36.55015]}, "properties": {"record_id": "oai:u-bordeaux-montaigne.fr:340412", "symbol_class": "building", "pixel_x": 3489.4, "pixel_y": 5182.5, "easting": 443024.2, "northing": 361043.6, "epsg_source": 22391}}, {"type": "Feature", "geometry": {"type": "Point", "coordinates": [9.41447, 36.54147]}, "properties": {"record_id": "oai:u-bordeaux-montaigne.fr:340412", "symbol_class": "building", "pixel_x": 6619.4, "pixel_y": 5182.5, "easting": 456487.9, "northing": 360003.3, "epsg_source": 22391}}, {"type": "Feature", "geometry": {"type": "Point", "coordinates": [9.2476, 36.55094]}, "properties": {"record_id": "oai:u-bordeaux-montaigne.fr:340412", "symbol_class": "building", "pixel_x": 3148.8, "pixel_y": 5186.2, "easting": 441558.0, "northing": 361141.1, "epsg_source": 22391}}, {"type": "Feature", "geometry": {"type": "Point", "coordinates": [9.24719, 36.55077]}, "properties": {"record_id": "oai:u-bordeaux-montaigne.fr:340412", "symbol_class": "building", "pixel_x": 3140.6, "pixel_y": 5191.4, "easting": 441521.1, "northing": 361122.1, "epsg_source": 22391}}, {"type": "Feature", "geometry": {"type": "Point", "coordinates": [9.38258, 36.54285]}, "properties": {"record_id": "oai:u-bordeaux-montaigne.fr:340412", "symbol_class": "building", "pixel_x": 5956.8, "pixel_y": 5194.9, "easting": 453634.1, "northing": 360171.2, "epsg_source": 22391}}, {"type": "Feature", "geometry": {"type": "Point", "coordinates": [9.20805, 36.55242]}, "properties": {"record_id": "oai:u-bordeaux-montaigne.fr:340412", "symbol_class": "building", "pixel_x": 2327.6, "pixel_y": 5206.3, "easting": 438019.6, "northing": 361329.2, "epsg_source": 22391}}, {"type": "Feature", "geometry": {"type": "Point", "coordinates": [9.14093, 36.55622]}, "properties": {"record_id": "oai:u-bordeaux-montaigne.fr:340412", "symbol_class": "building", "pixel_x": 931.8, "pixel_y": 5205.6, "easting": 432015.5, "northing": 361796.2, "epsg_source": 22391}}, {"type": "Feature", "geometry": {"type": "Point", "coordinates": [9.46533, 36.53676]}, "properties": {"record_id": "oai:u-bordeaux-montaigne.fr:340412", "symbol_class": "building", "pixel_x": 7680.6, "pixel_y": 5227.8, "easting": 461038.3, "northing": 359459.7, "epsg_source": 22391}}, {"type": "Feature", "geometry": {"type": "Point", "coordinates": [9.39808, 36.5406]}, "properties": {"record_id": "oai:u-bordeaux-montaigne.fr:340412", "symbol_class": "building", "pixel_x": 6281.7, "pixel_y": 5230.2, "easting": 455020.2, "northing": 359914.1, "epsg_source": 22391}}, {"type": "Feature", "geometry": {"type": "Point", "coordinates": [9.17461, 36.5525]}, "properties": {"record_id": "oai:u-bordeaux-montaigne.fr:340412", "symbol_class": "building", "pixel_x": 1635.5, "pixel_y": 5253.6, "easting": 435027.1, "northing": 361359.7, "epsg_source": 22391}}, {"type": "Feature", "geometry": {"type": "Point", "coordinates": [9.19688, 36.55135]}, "properties": {"record_id": "oai:u-bordeaux-montaigne.fr:340412", "symbol_class": "building", "pixel_x": 2098.3, "pixel_y": 5250.8, "easting": 437019.0, "northing": 361217.5, "epsg_source": 22391}}, {"type": "Feature", "geometry": {"type": "Point", "coordinates": [9.35111, 36.54251]}, "properties": {"record_id": "oai:u-bordeaux-montaigne.fr:340412", "symbol_class": "building", "pixel_x": 5306.1, "pixel_y": 5251.4, "easting": 450817.0, "northing": 360148.8, "epsg_source": 22391}}, {"type": "Feature", "geometry": {"type": "Point", "coordinates": [9.24026, 36.54871]}, "properties": {"record_id": "oai:u-bordeaux-montaigne.fr:340412", "symbol_class": "building", "pixel_x": 3000.9, "pixel_y": 5255.5, "easting": 440899.8, "northing": 360897.8, "epsg_source": 22391}}, {"type": "Feature", "geometry": {"type": "Point", "coordinates": [9.37035, 36.54123]}, "properties": {"record_id": "oai:u-bordeaux-montaigne.fr:340412", "symbol_class": "building", "pixel_x": 5706.8, "pixel_y": 5255.9, "easting": 452539.0, "northing": 359997.0, "epsg_source": 22391}}, {"type": "Feature", "geometry": {"type": "Point", "coordinates": [9.17461, 36.55149]}, "properties": {"record_id": "oai:u-bordeaux-montaigne.fr:340412", "symbol_class": "building", "pixel_x": 1637.2, "pixel_y": 5280.0, "easting": 435026.0, "northing": 361247.6, "epsg_source": 22391}}, {"type": "Feature", "geometry": {"type": "Point", "coordinates": [9.49868, 36.53212]}, "properties": {"record_id": "oai:u-bordeaux-montaigne.fr:340412", "symbol_class": "building", "pixel_x": 8379.4, "pixel_y": 5297.8, "easting": 464021.9, "northing": 358931.4, "epsg_source": 22391}}, {"type": "Feature", "geometry": {"type": "Point", "coordinates": [9.20807, 36.54909]}, "properties": {"record_id": "oai:u-bordeaux-montaigne.fr:340412", "symbol_class": "building", "pixel_x": 2334.0, "pixel_y": 5293.2, "easting": 438019.2, "northing": 360960.3, "epsg_source": 22391}}, {"type": "Feature", "geometry": {"type": "Point", "coordinates": [9.49714, 36.53225]}, "properties": {"record_id": "oai:u-bordeaux-montaigne.fr:340412", "symbol_class": "building", "pixel_x": 8347.4, "pixel_y": 5296.9, "easting": 463884.4, "northing": 358946.1, "epsg_source": 22391}}, {"type": "Feature", "geometry": {"type": "Point", "coordinates": [9.33173, 36.54141]}, "properties": {"record_id": "oai:u-bordeaux-montaigne.fr:340412", "symbol_class": "building", "pixel_x": 4907.0, "pixel_y": 5309.4, "easting": 449081.7, "northing": 360036.7, "epsg_source": 22391}}, {"type": "Feature", "geometry": {"type": "Point", "coordinates": [9.33137, 36.54139]}, "properties": {"record_id": "oai:u-bordeaux-montaigne.fr:340412", "symbol_class": "building", "pixel_x": 4899.5, "pixel_y": 5310.6, "easting": 449049.2, "northing": 360034.0, "epsg_source": 22391}}, {"type": "Feature", "geometry": {"type": "Point", "coordinates": [9.48884, 36.53222]}, "properties": {"record_id": "oai:u-bordeaux-montaigne.fr:340412", "symbol_class": "building", "pixel_x": 8175.6, "pixel_y": 5310.4, "easting": 463141.4, "northing": 358946.3, "epsg_source": 22391}}, {"type": "Feature", "geometry": {"type": "Point", "coordinates": [9.48381, 36.53217]}, "properties": {"record_id": "oai:u-bordeaux-montaigne.fr:340412", "symbol_class": "building", "pixel_x": 8071.5, "pixel_y": 5319.5, "easting": 462690.5, "northing": 358942.3, "epsg_source": 22391}}, {"type": "Feature", "geometry": {"type": "Point", "coordinates": [9.20809, 36.54774]}, "properties": {"record_id": "oai:u-bordeaux-montaigne.fr:340412", "symbol_class": "building", "pixel_x": 2336.8, "pixel_y": 5328.5, "easting": 438019.8, "northing": 360810.1, "epsg_source": 22391}}, {"type": "Feature", "geometry": {"type": "Point", "coordinates": [9.48556, 36.53188]}, "properties": {"record_id": "oai:u-bordeaux-montaigne.fr:340412", "symbol_class": "building", "pixel_x": 8108.3, "pixel_y": 5324.3, "easting": 462847.3, "northing": 358909.6, "epsg_source": 22391}}, {"type": "Feature", "geometry": {"type": "Point", "coordinates": [9.17464, 36.54953]}, "properties": {"record_id": "oai:u-bordeaux-montaigne.fr:340412", "symbol_class": "building", "pixel_x": 1641.3, "pixel_y": 5331.1, "easting": 435027.4, "northing": 361030.3, "epsg_source": 22391}}, {"type": "Feature", "geometry": {"type": "Point", "coordinates": [9.47384, 36.53213]}, "properties": {"record_id": "oai:u-bordeaux-montaigne.fr:340412", "symbol_class": "building", "pixel_x": 7865.2, "pixel_y": 5335.7, "easting": 461797.9, "northing": 358942.4, "epsg_source": 22391}}, {"type": "Feature", "geometry": {"type": "Point", "coordinates": [9.4094, 36.5356]}, "properties": {"record_id": "oai:u-bordeaux-montaigne.fr:340412", "symbol_class": "building", "pixel_x": 6525.1, "pixel_y": 5343.6, "easting": 456031.1, "northing": 359354.3, "epsg_source": 22391}}, {"type": "Feature", "geometry": {"type": "Point", "coordinates": [9.19691, 36.54765]}, "properties": {"record_id": "oai:u-bordeaux-montaigne.fr:340412", "symbol_class": "building", "pixel_x": 2105.5, "pixel_y": 5347.3, "easting": 437019.1, "northing": 360807.7, "epsg_source": 22391}}, {"type": "Feature", "geometry": {"type": "Point", "coordinates": [9.40767, 36.5355]}, "properties": {"record_id": "oai:u-bordeaux-montaigne.fr:340412", "symbol_class": "building", "pixel_x": 6489.5, "pixel_y": 5348.8, "easting": 455876.4, "northing": 359344.3, "epsg_source": 22391}}, {"type": "Feature", "geometry": {"type": "Point", "coordinates": [9.46541, 36.53215]}, "properties": {"record_id": "oai:u-bordeaux-montaigne.fr:340412", "symbol_class": "building", "pixel_x": 7690.7, "pixel_y": 5348.2, "easting": 461043.3, "northing": 358947.5, "epsg_source": 22391}}, {"type": "Feature", "geometry": {"type": "Point", "coordinates": [9.4081, 36.53523]}, "properties": {"record_id": "oai:u-bordeaux-montaigne.fr:340412", "symbol_class": "building", "pixel_x": 6499.0, "pixel_y": 5355.3, "easting": 455914.8, "northing": 359313.7, "epsg_source": 22391}}, {"type": "Feature", "geometry": {"type": "Point", "coordinates": [9.46238, 36.53215]}, "properties": {"record_id": "oai:u-bordeaux-montaigne.fr:340412", "symbol_class": "building", "pixel_x": 7627.9, "pixel_y": 5352.9, "easting": 460771.7, "northing": 358948.6, "epsg_source": 22391}}, {"type": "Feature", "geometry": {"type": "Point", "coordinates": [9.46057, 36.53216]}, "properties": {"record_id": "oai:u-bordeaux-montaigne.fr:340412", "symbol_class": "building", "pixel_x": 7590.6, "pixel_y": 5355.2, "easting": 460610.4, "northing": 358951.2, "epsg_source": 22391}}, {"type": "Feature", "geometry": {"type": "Point", "coordinates": [9.45901, 36.53215]}, "properties": {"record_id": "oai:u-bordeaux-montaigne.fr:340412", "symbol_class": "building", "pixel_x": 7558.3, "pixel_y": 5358.1, "easting": 460470.5, "northing": 358949.9, "epsg_source": 22391}}, {"type": "Feature", "geometry": {"type": "Point", "coordinates": [9.19692, 36.54704]}, "properties": {"record_id": "oai:u-bordeaux-montaigne.fr:340412", "symbol_class": "building", "pixel_x": 2106.8, "pixel_y": 5363.2, "easting": 437019.2, "northing": 360740.0, "epsg_source": 22391}}, {"type": "Feature", "geometry": {"type": "Point", "coordinates": [9.45455, 36.53213]}, "properties": {"record_id": "oai:u-bordeaux-montaigne.fr:340412", "symbol_class": "building", "pixel_x": 7466.1, "pixel_y": 5365.4, "easting": 460071.5, "northing": 358949.6, "epsg_source": 22391}}, {"type": "Feature", "geometry": {"type": "Point", "coordinates": [9.45056, 36.53214]}, "properties": {"record_id": "oai:u-bordeaux-montaigne.fr:340412", "symbol_class": "building", "pixel_x": 7383.4, "pixel_y": 5371.2, "easting": 459714.2, "northing": 358952.5, "epsg_source": 22391}}, {"type": "Feature", "geometry": {"type": "Point", "coordinates": [9.44931, 36.53211]}, "properties": {"record_id": "oai:u-bordeaux-montaigne.fr:340412", "symbol_class": "building", "pixel_x": 7357.6, "pixel_y": 5374.0, "easting": 459602.0, "northing": 358949.5, "epsg_source": 22391}}, {"type": "Feature", "geometry": {"type": "Point", "coordinates": [9.14099, 36.54947]}, "properties": {"record_id": "oai:u-bordeaux-montaigne.fr:340412", "symbol_class": "building", "pixel_x": 944.7, "pixel_y": 5382.1, "easting": 432014.8, "northing": 361046.6, "epsg_source": 22391}}, {"type": "Feature", "geometry": {"type": "Point", "coordinates": [9.44293, 36.53207]}, "properties": {"record_id": "oai:u-bordeaux-montaigne.fr:340412", "symbol_class": "building", "pixel_x": 7225.6, "pixel_y": 5384.7, "easting": 459030.8, "northing": 358948.2, "epsg_source": 22391}}, {"type": "Feature", "geometry": {"type": "Point", "coordinates": [9.44601, 36.5321]}, "properties": {"record_id": "oai:u-bordeaux-montaigne.fr:340412", "symbol_class": "building", "pixel_x": 7289.2, "pixel_y": 5379.3, "easting": 459306.1, "northing": 358949.8, "epsg_source": 22391}}, {"type": "Feature", "geometry": {"type": "Point", "coordinates": [9.44531, 36.53208]}, "properties": {"record_id": "oai:u-bordeaux-montaigne.fr:340412", "symbol_class": "building", "pixel_x": 7274.9, "pixel_y": 5380.8, "easting": 459244.2, "northing": 358948.2, "epsg_source": 22391}}, {"type": "Feature", "geometry": {"type": "Point", "coordinates": [9.141, 36.54827]}, "properties": {"record_id": "oai:u-bordeaux-montaigne.fr:340412", "symbol_class": "building", "pixel_x": 947.2, "pixel_y": 5413.2, "easting": 432015.4, "northing": 360914.2, "epsg_source": 22391}}, {"type": "Feature", "geometry": {"type": "Point", "coordinates": [9.44291, 36.53089]}, "properties": {"record_id": "oai:u-bordeaux-montaigne.fr:340412", "symbol_class": "building", "pixel_x": 7227.2, "pixel_y": 5415.7, "easting": 459028.1, "northing": 358816.7, "epsg_source": 22391}}, {"type": "Feature", "geometry": {"type": "Point", "coordinates": [9.23059, 36.54326]}, "properties": {"record_id": "oai:u-bordeaux-montaigne.fr:340412", "symbol_class": "building", "pixel_x": 2810.4, "pixel_y": 5412.2, "easting": 440030.3, "northing": 360299.4, "epsg_source": 22391}}, {"type": "Feature", "geometry": {"type": "Point", "coordinates": [9.39822, 36.53367]}, "properties": {"record_id": "oai:u-bordeaux-montaigne.fr:340412", "symbol_class": "building", "pixel_x": 6297.2, "pixel_y": 5411.1, "easting": 455029.0, "northing": 359145.3, "epsg_source": 22391}}, {"type": "Feature", "geometry": {"type": "Point", "coordinates": [9.27267, 36.54074]}, "properties": {"record_id": "oai:u-bordeaux-montaigne.fr:340412", "symbol_class": "building", "pixel_x": 3685.8, "pixel_y": 5415.6, "easting": 443794.9, "northing": 359994.2, "epsg_source": 22391}}, {"type": "Feature", "geometry": {"type": "Point", "coordinates": [9.36235, 36.53536]}, "properties": {"record_id": "oai:u-bordeaux-montaigne.fr:340412", "symbol_class": "building", "pixel_x": 5551.8, "pixel_y": 5421.3, "easting": 451819.4, "northing": 359349.6, "epsg_source": 22391}}, {"type": "Feature", "geometry": {"type": "Point", "coordinates": [9.41952, 36.532]}, "properties": {"record_id": "oai:u-bordeaux-montaigne.fr:340412", "symbol_class": "building", "pixel_x": 6741.2, "pixel_y": 5422.4, "easting": 456935.4, "northing": 358950.0, "epsg_source": 22391}}, {"type": "Feature", "geometry": {"type": "Point", "coordinates": [9.26407, 36.54079]}, "properties": {"record_id": "oai:u-bordeaux-montaigne.fr:340412", "symbol_class": "building", "pixel_x": 3507.6, "pixel_y": 5427.1, "easting": 443024.8, "northing": 360004.9, "epsg_source": 22391}}, {"type": "Feature", "geometry": {"type": "Point", "coordinates": [9.36252, 36.535]}, "properties": {"record_id": "oai:u-bordeaux-montaigne.fr:340412", "symbol_class": "building", "pixel_x": 5555.9, "pixel_y": 5430.6, "easting": 451834.4, "northing": 359309.4, "epsg_source": 22391}}, {"type": "Feature", "geometry": {"type": "Point", "coordinates": [9.36507, 36.53482]}, "properties": {"record_id": "oai:u-bordeaux-montaigne.fr:340412", "symbol_class": "building", "pixel_x": 5609.0, "pixel_y": 5431.2, "easting": 452062.4, "northing": 359289.0, "epsg_source": 22391}}, {"type": "Feature", "geometry": {"type": "Point", "coordinates": [9.36289, 36.53497]}, "properties": {"record_id": "oai:u-bordeaux-montaigne.fr:340412", "symbol_class": "building", "pixel_x": 5563.5, "pixel_y": 5430.6, "easting": 451866.9, "northing": 359306.5, "epsg_source": 22391}}, {"type": "Feature", "geometry": {"type": "Point", "coordinates": [9.39814, 36.53278]}, "properties": {"record_id": "oai:u-bordeaux-montaigne.fr:340412", "symbol_class": "building", "pixel_x": 6297.1, "pixel_y": 5434.3, "easting": 455021.2, "northing": 359047.1, "epsg_source": 22391}}, {"type": "Feature", "geometry": {"type": "Point", "coordinates": [9.14102, 36.5471]}, "properties": {"record_id": "oai:u-bordeaux-montaigne.fr:340412", "symbol_class": "building", "pixel_x": 949.7, "pixel_y": 5443.8, "easting": 432016.3, "northing": 360784.4, "epsg_source": 22391}}, {"type": "Feature", "geometry": {"type": "Point", "coordinates": [9.40727, 36.532]}, "properties": {"record_id": "oai:u-bordeaux-montaigne.fr:340412", "symbol_class": "building", "pixel_x": 6487.5, "pixel_y": 5440.8, "easting": 455838.1, "northing": 358956.3, "epsg_source": 22391}}, {"type": "Feature", "geometry": {"type": "Point", "coordinates": [9.404, 36.53198]}, "properties": {"record_id": "oai:u-bordeaux-montaigne.fr:340412", "symbol_class": "building", "pixel_x": 6420.0, "pixel_y": 5446.4, "easting": 455545.8, "northing": 358955.3, "epsg_source": 22391}}, {"type": "Feature", "geometry": {"type": "Point", "coordinates": [9.4029, 36.53196]}, "properties": {"record_id": "oai:u-bordeaux-montaigne.fr:340412", "symbol_class": "building", "pixel_x": 6397.2, "pixel_y": 5448.7, "easting": 455447.1, "northing": 358953.3, "epsg_source": 22391}}, {"type": "Feature", "geometry": {"type": "Point", "coordinates": [9.17466, 36.54479]}, "properties": {"record_id": "oai:u-bordeaux-montaigne.fr:340412", "symbol_class": "building", "pixel_x": 1649.9, "pixel_y": 5454.8, "easting": 435024.6, "northing": 360505.1, "epsg_source": 22391}}, {"type": "Feature", "geometry": {"type": "Point", "coordinates": [9.19694, 36.54357]}, "properties": {"record_id": "oai:u-bordeaux-montaigne.fr:340412", "symbol_class": "building", "pixel_x": 2113.2, "pixel_y": 5454.0, "easting": 437018.2, "northing": 360354.6, "epsg_source": 22391}}, {"type": "Feature", "geometry": {"type": "Point", "coordinates": [9.40113, 36.53197]}, "properties": {"record_id": "oai:u-bordeaux-montaigne.fr:340412", "symbol_class": "building", "pixel_x": 6360.5, "pixel_y": 5450.9, "easting": 455288.5, "northing": 358955.8, "epsg_source": 22391}}, {"type": "Feature", "geometry": {"type": "Point", "coordinates": [9.24947, 36.54061]}, "properties": {"record_id": "oai:u-bordeaux-montaigne.fr:340412", "symbol_class": "building", "pixel_x": 3205.8, "pixel_y": 5453.4, "easting": 441717.7, "northing": 359993.9, "epsg_source": 22391}}, {"type": "Feature", "geometry": {"type": "Point", "coordinates": [9.14106, 36.54629]}, "properties": {"record_id": "oai:u-bordeaux-montaigne.fr:340412", "symbol_class": "building", "pixel_x": 951.8, "pixel_y": 5465.2, "easting": 432018.7, "northing": 360693.5, "epsg_source": 22391}}, {"type": "Feature", "geometry": {"type": "Point", "coordinates": [9.39572, 36.53197]}, "properties": {"record_id": "oai:u-bordeaux-montaigne.fr:340412", "symbol_class": "building", "pixel_x": 6248.6, "pixel_y": 5459.4, "easting": 454804.7, "northing": 358957.3, "epsg_source": 22391}}, {"type": "Feature", "geometry": {"type": "Point", "coordinates": [9.38852, 36.53199]}, "properties": {"record_id": "oai:u-bordeaux-montaigne.fr:340412", "symbol_class": "building", "pixel_x": 6099.6, "pixel_y": 5469.8, "easting": 454160.2, "northing": 358963.0, "epsg_source": 22391}}, {"type": "Feature", "geometry": {"type": "Point", "coordinates": [9.20814, 36.54196]}, "properties": {"record_id": "oai:u-bordeaux-montaigne.fr:340412", "symbol_class": "building", "pixel_x": 2347.9, "pixel_y": 5479.4, "easting": 438019.5, "northing": 360169.2, "epsg_source": 22391}}, {"type": "Feature", "geometry": {"type": "Point", "coordinates": [9.48769, 36.5259]}, "properties": {"record_id": "oai:u-bordeaux-montaigne.fr:340412", "symbol_class": "building", "pixel_x": 8163.4, "pixel_y": 5477.1, "easting": 463035.2, "northing": 358246.1, "epsg_source": 22391}}, {"type": "Feature", "geometry": {"type": "Point", "coordinates": [9.23226, 36.54054]}, "properties": {"record_id": "oai:u-bordeaux-montaigne.fr:340412", "symbol_class": "building", "pixel_x": 2849.6, "pixel_y": 5480.9, "easting": 440176.9, "northing": 359996.2, "epsg_source": 22391}}, {"type": "Feature", "geometry": {"type": "Point", "coordinates": [9.37589, 36.53198]}, "properties": {"record_id": "oai:u-bordeaux-montaigne.fr:340412", "symbol_class": "building", "pixel_x": 5838.0, "pixel_y": 5489.2, "easting": 453028.9, "northing": 358968.1, "epsg_source": 22391}}, {"type": "Feature", "geometry": {"type": "Point", "coordinates": [9.17466, 36.54333]}, "properties": {"record_id": "oai:u-bordeaux-montaigne.fr:340412", "symbol_class": "building", "pixel_x": 1652.5, "pixel_y": 5493.0, "easting": 435024.0, "northing": 360342.8, "epsg_source": 22391}}, {"type": "Feature", "geometry": {"type": "Point", "coordinates": [9.22797, 36.5405]}, "properties": {"record_id": "oai:u-bordeaux-montaigne.fr:340412", "symbol_class": "building", "pixel_x": 2761.0, "pixel_y": 5488.4, "easting": 439793.5, "northing": 359994.1, "epsg_source": 22391}}, {"type": "Feature", "geometry": {"type": "Point", "coordinates": [9.48769, 36.52532]}, "properties": {"record_id": "oai:u-bordeaux-montaigne.fr:340412", "symbol_class": "building", "pixel_x": 8164.4, "pixel_y": 5492.3, "easting": 463034.9, "northing": 358181.7, "epsg_source": 22391}}, {"type": "Feature", "geometry": {"type": "Point", "coordinates": [9.46958, 36.52627]}, "properties": {"record_id": "oai:u-bordeaux-montaigne.fr:340412", "symbol_class": "building", "pixel_x": 7787.8, "pixel_y": 5495.5, "easting": 461413.7, "northing": 358293.3, "epsg_source": 22391}}, {"type": "Feature", "geometry": {"type": "Point", "coordinates": [9.22534, 36.54048]}, "properties": {"record_id": "oai:u-bordeaux-montaigne.fr:340412", "symbol_class": "building", "pixel_x": 2706.6, "pixel_y": 5492.6, "easting": 439558.1, "northing": 359994.4, "epsg_source": 22391}}, {"type": "Feature", "geometry": {"type": "Point", "coordinates": [9.23063, 36.53976]}, "properties": {"record_id": "oai:u-bordeaux-montaigne.fr:340412", "symbol_class": "building", "pixel_x": 2817.4, "pixel_y": 5503.6, "easting": 440031.0, "northing": 359910.9, "epsg_source": 22391}}, {"type": "Feature", "geometry": {"type": "Point", "coordinates": [9.36732, 36.53198]}, "properties": {"record_id": "oai:u-bordeaux-montaigne.fr:340412", "symbol_class": "building", "pixel_x": 5660.6, "pixel_y": 5502.1, "easting": 452261.7, "northing": 358972.6, "epsg_source": 22391}}, {"type": "Feature", "geometry": {"type": "Point", "coordinates": [9.14108, 36.54444]}, "properties": {"record_id": "oai:u-bordeaux-montaigne.fr:340412", "symbol_class": "building", "pixel_x": 955.5, "pixel_y": 5513.3, "easting": 432019.1, "northing": 360489.1, "epsg_source": 22391}}, {"type": "Feature", "geometry": {"type": "Point", "coordinates": [9.21196, 36.54044]}, "properties": {"record_id": "oai:u-bordeaux-montaigne.fr:340412", "symbol_class": "building", "pixel_x": 2429.7, "pixel_y": 5513.6, "easting": 438360.4, "northing": 359997.6, "epsg_source": 22391}}, {"type": "Feature", "geometry": {"type": "Point", "coordinates": [9.21095, 36.54043]}, "properties": {"record_id": "oai:u-bordeaux-montaigne.fr:340412", "symbol_class": "building", "pixel_x": 2408.8, "pixel_y": 5515.4, "easting": 438270.0, "northing": 359997.2, "epsg_source": 22391}}, {"type": "Feature", "geometry": {"type": "Point", "coordinates": [9.21001, 36.54043]}, "properties": {"record_id": "oai:u-bordeaux-montaigne.fr:340412", "symbol_class": "building", "pixel_x": 2389.2, "pixel_y": 5516.8, "easting": 438185.3, "northing": 359997.7, "epsg_source": 22391}}, {"type": "Feature", "geometry": {"type": "Point", "coordinates": [9.20819, 36.54042]}, "properties": {"record_id": "oai:u-bordeaux-montaigne.fr:340412", "symbol_class": "building", "pixel_x": 2351.8, "pixel_y": 5519.6, "easting": 438023.1, "northing": 359998.1, "epsg_source": 22391}}, {"type": "Feature", "geometry": {"type": "Point", "coordinates": [9.34235, 36.53262]}, "properties": {"record_id": "oai:u-bordeaux-montaigne.fr:340412", "symbol_class": "building", "pixel_x": 5142.6, "pixel_y": 5523.1, "easting": 450026.8, "northing": 359056.1, "epsg_source": 22391}}, {"type": "Feature", "geometry": {"type": "Point", "coordinates": [9.40945, 36.52875]}, "properties": {"record_id": "oai:u-bordeaux-montaigne.fr:340412", "symbol_class": "building", "pixel_x": 6538.5, "pixel_y": 5522.5, "easting": 456031.4, "northing": 358594.5, "epsg_source": 22391}}, {"type": "Feature", "geometry": {"type": "Point", "coordinates": [9.47654, 36.52469]}, "properties": {"record_id": "oai:u-bordeaux-montaigne.fr:340412", "symbol_class": "building", "pixel_x": 7934.7, "pixel_y": 5526.1, "easting": 462036.1, "northing": 358115.4, "epsg_source": 22391}}, {"type": "Feature", "geometry": {"type": "Point", "coordinates": [9.2018, 36.5404]}, "properties": {"record_id": "oai:u-bordeaux-montaigne.fr:340412", "symbol_class": "building", "pixel_x": 2219.5, "pixel_y": 5529.5, "easting": 437450.9, "northing": 360000.3, "epsg_source": 22391}}, {"type": "Feature", "geometry": {"type": "Point", "coordinates": [9.20234, 36.5404]}, "properties": {"record_id": "oai:u-bordeaux-montaigne.fr:340412", "symbol_class": "building", "pixel_x": 2230.6, "pixel_y": 5528.8, "easting": 437499.1, "northing": 359999.8, "epsg_source": 22391}}, {"type": "Feature", "geometry": {"type": "Point", "coordinates": [9.19742, 36.54038]}, "properties": {"record_id": "oai:u-bordeaux-montaigne.fr:340412", "symbol_class": "building", "pixel_x": 2128.8, "pixel_y": 5536.6, "easting": 437058.5, "northing": 360000.6, "epsg_source": 22391}}, {"type": "Feature", "geometry": {"type": "Point", "coordinates": [9.36397, 36.5306]}, "properties": {"record_id": "oai:u-bordeaux-montaigne.fr:340412", "symbol_class": "building", "pixel_x": 5593.8, "pixel_y": 5543.3, "easting": 451961.3, "northing": 358820.4, "epsg_source": 22391}}, {"type": "Feature", "geometry": {"type": "Point", "coordinates": [9.36278, 36.53038]}, "properties": {"record_id": "oai:u-bordeaux-montaigne.fr:340412", "symbol_class": "building", "pixel_x": 5569.5, "pixel_y": 5550.7, "easting": 451854.4, "northing": 358797.4, "epsg_source": 22391}}, {"type": "Feature", "geometry": {"type": "Point", "coordinates": [9.36241, 36.53019]}, "properties": {"record_id": "oai:u-bordeaux-montaigne.fr:340412", "symbol_class": "building", "pixel_x": 5562.3, "pixel_y": 5556.3, "easting": 451821.6, "northing": 358776.1, "epsg_source": 22391}}, {"type": "Feature", "geometry": {"type": "Point", "coordinates": [9.1853, 36.54034]}, "properties": {"record_id": "oai:u-bordeaux-montaigne.fr:340412", "symbol_class": "building", "pixel_x": 1877.9, "pixel_y": 5555.5, "easting": 435973.4, "northing": 360004.1, "epsg_source": 22391}}, {"type": "Feature", "geometry": {"type": "Point", "coordinates": [9.18343, 36.54033]}, "properties": {"record_id": "oai:u-bordeaux-montaigne.fr:340412", "symbol_class": "building", "pixel_x": 1839.3, "pixel_y": 5558.6, "easting": 435806.4, "northing": 360003.8, "epsg_source": 22391}}, {"type": "Feature", "geometry": {"type": "Point", "coordinates": [9.35071, 36.53053]}, "properties": {"record_id": "oai:u-bordeaux-montaigne.fr:340412", "symbol_class": "building", "pixel_x": 5319.4, "pixel_y": 5565.1, "easting": 450773.8, "northing": 358819.8, "epsg_source": 22391}}, {"type": "Feature", "geometry": {"type": "Point", "coordinates": [9.40946, 36.52678]}, "properties": {"record_id": "oai:u-bordeaux-montaigne.fr:340412", "symbol_class": "building", "pixel_x": 6542.4, "pixel_y": 5573.9, "easting": 456031.7, "northing": 358376.2, "epsg_source": 22391}}, {"type": "Feature", "geometry": {"type": "Point", "coordinates": [9.32903, 36.53152]}, "properties": {"record_id": "oai:u-bordeaux-montaigne.fr:340412", "symbol_class": "building", "pixel_x": 4868.8, "pixel_y": 5571.9, "easting": 448833.3, "northing": 358941.0, "epsg_source": 22391}}, {"type": "Feature", "geometry": {"type": "Point", "coordinates": [9.17355, 36.54029]}, "properties": {"record_id": "oai:u-bordeaux-montaigne.fr:340412", "symbol_class": "building", "pixel_x": 1634.9, "pixel_y": 5574.1, "easting": 434922.2, "northing": 360006.3, "epsg_source": 22391}}, {"type": "Feature", "geometry": {"type": "Point", "coordinates": [9.17185, 36.54035]}, "properties": {"record_id": "oai:u-bordeaux-montaigne.fr:340412", "symbol_class": "building", "pixel_x": 1599.5, "pixel_y": 5575.2, "easting": 434769.6, "northing": 360013.7, "epsg_source": 22391}}, {"type": "Feature", "geometry": {"type": "Point", "coordinates": [9.17245, 36.5403]}, "properties": {"record_id": "oai:u-bordeaux-montaigne.fr:340412", "symbol_class": "building", "pixel_x": 1612.0, "pixel_y": 5575.5, "easting": 434823.1, "northing": 360008.2, "epsg_source": 22391}}, {"type": "Feature", "geometry": {"type": "Point", "coordinates": [9.32917, 36.53123]}, "properties": {"record_id": "oai:u-bordeaux-montaigne.fr:340412", "symbol_class": "building", "pixel_x": 4872.3, "pixel_y": 5579.4, "easting": 448846.0, "northing": 358908.1, "epsg_source": 22391}}, {"type": "Feature", "geometry": {"type": "Point", "coordinates": [9.16899, 36.54025]}, "properties": {"record_id": "oai:u-bordeaux-montaigne.fr:340412", "symbol_class": "building", "pixel_x": 1540.4, "pixel_y": 5581.8, "easting": 434513.4, "northing": 360005.3, "epsg_source": 22391}}, {"type": "Feature", "geometry": {"type": "Point", "coordinates": [9.36397, 36.52889]}, "properties": {"record_id": "oai:u-bordeaux-montaigne.fr:340412", "symbol_class": "building", "pixel_x": 5596.8, "pixel_y": 5587.9, "easting": 451960.0, "northing": 358631.2, "epsg_source": 22391}}, {"type": "Feature", "geometry": {"type": "Point", "coordinates": [9.16355, 36.54034]}, "properties": {"record_id": "oai:u-bordeaux-montaigne.fr:340412", "symbol_class": "building", "pixel_x": 1427.6, "pixel_y": 5587.5, "easting": 434026.3, "northing": 360018.5, "epsg_source": 22391}}, {"type": "Feature", "geometry": {"type": "Point", "coordinates": [9.16576, 36.54032]}, "properties": {"record_id": "oai:u-bordeaux-montaigne.fr:340412", "symbol_class": "building", "pixel_x": 1473.6, "pixel_y": 5584.9, "easting": 434224.8, "northing": 360014.3, "epsg_source": 22391}}, {"type": "Feature", "geometry": {"type": "Point", "coordinates": [9.17471, 36.53951]}, "properties": {"record_id": "oai:u-bordeaux-montaigne.fr:340412", "symbol_class": "building", "pixel_x": 1660.3, "pixel_y": 5592.7, "easting": 435025.3, "northing": 359919.4, "epsg_source": 22391}}, {"type": "Feature", "geometry": {"type": "Point", "coordinates": [9.33875, 36.53025]}, "properties": {"record_id": "oai:u-bordeaux-montaigne.fr:340412", "symbol_class": "building", "pixel_x": 5072.4, "pixel_y": 5590.5, "easting": 449703.2, "northing": 358794.5, "epsg_source": 22391}}, {"type": "Feature", "geometry": {"type": "Point", "coordinates": [9.38383, 36.52726]}, "properties": {"record_id": "oai:u-bordeaux-montaigne.fr:340412", "symbol_class": "building", "pixel_x": 6010.9, "pixel_y": 5600.3, "easting": 453737.2, "northing": 358441.1, "epsg_source": 22391}}, {"type": "Feature", "geometry": {"type": "Point", "coordinates": [9.15961, 36.54024]}, "properties": {"record_id": "oai:u-bordeaux-montaigne.fr:340412", "symbol_class": "building", "pixel_x": 1346.2, "pixel_y": 5595.9, "easting": 433673.6, "northing": 360010.3, "epsg_source": 22391}}, {"type": "Feature", "geometry": {"type": "Point", "coordinates": [9.35357, 36.52882]}, "properties": {"record_id": "oai:u-bordeaux-montaigne.fr:340412", "symbol_class": "building", "pixel_x": 5381.7, "pixel_y": 5605.5, "easting": 451029.1, "northing": 358628.6, "epsg_source": 22391}}, {"type": "Feature", "geometry": {"type": "Point", "coordinates": [9.20818, 36.53697]}, "properties": {"record_id": "oai:u-bordeaux-montaigne.fr:340412", "symbol_class": "building", "pixel_x": 2357.4, "pixel_y": 5609.9, "easting": 438018.7, "northing": 359614.9, "epsg_source": 22391}}, {"type": "Feature", "geometry": {"type": "Point", "coordinates": [9.33776, 36.52964]}, "properties": {"record_id": "oai:u-bordeaux-montaigne.fr:340412", "symbol_class": "building", "pixel_x": 5052.9, "pixel_y": 5607.8, "easting": 449613.7, "northing": 358728.1, "epsg_source": 22391}}, {"type": "Feature", "geometry": {"type": "Point", "coordinates": [9.15137, 36.54019]}, "properties": {"record_id": "oai:u-bordeaux-montaigne.fr:340412", "symbol_class": "building", "pixel_x": 1175.8, "pixel_y": 5609.4, "easting": 432936.1, "northing": 360009.7, "epsg_source": 22391}}, {"type": "Feature", "geometry": {"type": "Point", "coordinates": [9.36512, 36.52793]}, "properties": {"record_id": "oai:u-bordeaux-montaigne.fr:340412", "symbol_class": "building", "pixel_x": 5622.4, "pixel_y": 5611.2, "easting": 452062.4, "northing": 358524.2, "epsg_source": 22391}}, {"type": "Feature", "geometry": {"type": "Point", "coordinates": [9.38402, 36.52674]}, "properties": {"record_id": "oai:u-bordeaux-montaigne.fr:340412", "symbol_class": "building", "pixel_x": 6015.7, "pixel_y": 5613.6, "easting": 453753.5, "northing": 358383.3, "epsg_source": 22391}}, {"type": "Feature", "geometry": {"type": "Point", "coordinates": [9.16884, 36.53881]}, "properties": {"record_id": "oai:u-bordeaux-montaigne.fr:340412", "symbol_class": "building", "pixel_x": 1539.9, "pixel_y": 5619.8, "easting": 434499.1, "northing": 359845.0, "epsg_source": 22391}}, {"type": "Feature", "geometry": {"type": "Point", "coordinates": [9.14488, 36.54015]}, "properties": {"record_id": "oai:u-bordeaux-montaigne.fr:340412", "symbol_class": "building", "pixel_x": 1041.6, "pixel_y": 5619.8, "easting": 432355.6, "northing": 360010.3, "epsg_source": 22391}}, {"type": "Feature", "geometry": {"type": "Point", "coordinates": [9.36797, 36.52739]}, "properties": {"record_id": "oai:u-bordeaux-montaigne.fr:340412", "symbol_class": "building", "pixel_x": 5682.4, "pixel_y": 5620.9, "easting": 452317.4, "northing": 358463.4, "epsg_source": 22391}}, {"type": "Feature", "geometry": {"type": "Point", "coordinates": [9.14253, 36.54015]}, "properties": {"record_id": "oai:u-bordeaux-montaigne.fr:340412", "symbol_class": "building", "pixel_x": 992.9, "pixel_y": 5623.2, "easting": 432145.0, "northing": 360012.2, "epsg_source": 22391}}, {"type": "Feature", "geometry": {"type": "Point", "coordinates": [9.16775, 36.53866]}, "properties": {"record_id": "oai:u-bordeaux-montaigne.fr:340412", "symbol_class": "building", "pixel_x": 1517.5, "pixel_y": 5625.2, "easting": 434400.9, "northing": 359829.6, "epsg_source": 22391}}, {"type": "Feature", "geometry": {"type": "Point", "coordinates": [9.20818, 36.53616]}, "properties": {"record_id": "oai:u-bordeaux-montaigne.fr:340412", "symbol_class": "building", "pixel_x": 2359.0, "pixel_y": 5631.0, "easting": 438018.7, "northing": 359525.4, "epsg_source": 22391}}, {"type": "Feature", "geometry": {"type": "Point", "coordinates": [9.36791, 36.52698]}, "properties": {"record_id": "oai:u-bordeaux-montaigne.fr:340412", "symbol_class": "building", "pixel_x": 5681.8, "pixel_y": 5631.8, "easting": 452311.5, "northing": 358417.6, "epsg_source": 22391}}, {"type": "Feature", "geometry": {"type": "Point", "coordinates": [9.36735, 36.52683]}, "properties": {"record_id": "oai:u-bordeaux-montaigne.fr:340412", "symbol_class": "building", "pixel_x": 5670.5, "pixel_y": 5636.6, "easting": 452261.2, "northing": 358401.2, "epsg_source": 22391}}, {"type": "Feature", "geometry": {"type": "Point", "coordinates": [9.40811, 36.52416]}, "properties": {"record_id": "oai:u-bordeaux-montaigne.fr:340412", "symbol_class": "building", "pixel_x": 6519.1, "pixel_y": 5644.4, "easting": 455909.1, "northing": 358086.3, "epsg_source": 22391}}, {"type": "Feature", "geometry": {"type": "Point", "coordinates": [9.39822, 36.52491]}, "properties": {"record_id": "oai:u-bordeaux-montaigne.fr:340412", "symbol_class": "building", "pixel_x": 6313.0, "pixel_y": 5640.0, "easting": 455023.7, "northing": 358173.4, "epsg_source": 22391}}, {"type": "Feature", "geometry": {"type": "Point", "coordinates": [9.37348, 36.52636]}, "properties": {"record_id": "oai:u-bordeaux-montaigne.fr:340412", "symbol_class": "building", "pixel_x": 5798.2, "pixel_y": 5639.7, "easting": 452809.8, "northing": 358345.6, "epsg_source": 22391}}, {"type": "Feature", "geometry": {"type": "Point", "coordinates": [9.37339, 36.52602]}, "properties": {"record_id": "oai:u-bordeaux-montaigne.fr:340412", "symbol_class": "building", "pixel_x": 5797.0, "pixel_y": 5648.6, "easting": 452801.6, "northing": 358308.5, "epsg_source": 22391}}, {"type": "Feature", "geometry": {"type": "Point", "coordinates": [9.39821, 36.52387]}, "properties": {"record_id": "oai:u-bordeaux-montaigne.fr:340412", "symbol_class": "building", "pixel_x": 6314.8, "pixel_y": 5667.0, "easting": 455022.8, "northing": 358058.5, "epsg_source": 22391}}, {"type": "Feature", "geometry": {"type": "Point", "coordinates": [9.36357, 36.52598]}, "properties": {"record_id": "oai:u-bordeaux-montaigne.fr:340412", "symbol_class": "building", "pixel_x": 5593.9, "pixel_y": 5664.4, "easting": 451922.8, "northing": 358309.1, "epsg_source": 22391}}, {"type": "Feature", "geometry": {"type": "Point", "coordinates": [9.3289, 36.52785]}, "properties": {"record_id": "oai:u-bordeaux-montaigne.fr:340412", "symbol_class": "building", "pixel_x": 4872.6, "pixel_y": 5668.1, "easting": 448819.3, "northing": 358533.4, "epsg_source": 22391}}, {"type": "Feature", "geometry": {"type": "Point", "coordinates": [9.36395, 36.52585]}, "properties": {"record_id": "oai:u-bordeaux-montaigne.fr:340412", "symbol_class": "building", "pixel_x": 5601.9, "pixel_y": 5667.3, "easting": 451956.4, "northing": 358294.3, "epsg_source": 22391}}, {"type": "Feature", "geometry": {"type": "Point", "coordinates": [9.17478, 36.53649]}, "properties": {"record_id": "oai:u-bordeaux-montaigne.fr:340412", "symbol_class": "building", "pixel_x": 1666.9, "pixel_y": 5671.7, "easting": 435028.5, "northing": 359583.5, "epsg_source": 22391}}, {"type": "Feature", "geometry": {"type": "Point", "coordinates": [9.26416, 36.53135]}, "properties": {"record_id": "oai:u-bordeaux-montaigne.fr:340412", "symbol_class": "building", "pixel_x": 3526.3, "pixel_y": 5673.5, "easting": 443026.1, "northing": 358958.1, "epsg_source": 22391}}, {"type": "Feature", "geometry": {"type": "Point", "coordinates": [9.2307, 36.53328]}, "properties": {"record_id": "oai:u-bordeaux-montaigne.fr:340412", "symbol_class": "building", "pixel_x": 2830.2, "pixel_y": 5672.9, "easting": 440032.3, "northing": 359191.9, "epsg_source": 22391}}, {"type": "Feature", "geometry": {"type": "Point", "coordinates": [9.36582, 36.52538]}, "properties": {"record_id": "oai:u-bordeaux-montaigne.fr:340412", "symbol_class": "building", "pixel_x": 5641.4, "pixel_y": 5676.7, "easting": 452123.4, "northing": 358241.3, "epsg_source": 22391}}, {"type": "Feature", "geometry": {"type": "Point", "coordinates": [9.32899, 36.52744]}, "properties": {"record_id": "oai:u-bordeaux-montaigne.fr:340412", "symbol_class": "building", "pixel_x": 4875.2, "pixel_y": 5678.5, "easting": 448827.1, "northing": 358488.6, "epsg_source": 22391}}, {"type": "Feature", "geometry": {"type": "Point", "coordinates": [9.36091, 36.52551]}, "properties": {"record_id": "oai:u-bordeaux-montaigne.fr:340412", "symbol_class": "building", "pixel_x": 5539.6, "pixel_y": 5680.9, "easting": 451684.0, "northing": 358257.3, "epsg_source": 22391}}, {"type": "Feature", "geometry": {"type": "Point", "coordinates": [9.26418, 36.53081]}, "properties": {"record_id": "oai:u-bordeaux-montaigne.fr:340412", "symbol_class": "building", "pixel_x": 3527.8, "pixel_y": 5687.5, "easting": 443028.0, "northing": 358898.3, "epsg_source": 22391}}, {"type": "Feature", "geometry": {"type": "Point", "coordinates": [9.24188, 36.53204]}, "properties": {"record_id": "oai:u-bordeaux-montaigne.fr:340412", "symbol_class": "building", "pixel_x": 3063.9, "pixel_y": 5688.6, "easting": 441032.5, "northing": 359047.9, "epsg_source": 22391}}, {"type": "Feature", "geometry": {"type": "Point", "coordinates": [9.17478, 36.53564]}, "properties": {"record_id": "oai:u-bordeaux-montaigne.fr:340412", "symbol_class": "building", "pixel_x": 1668.4, "pixel_y": 5693.9, "easting": 435027.9, "northing": 359489.2, "epsg_source": 22391}}, {"type": "Feature", "geometry": {"type": "Point", "coordinates": [9.36393, 36.5251]}, "properties": {"record_id": "oai:u-bordeaux-montaigne.fr:340412", "symbol_class": "building", "pixel_x": 5602.9, "pixel_y": 5686.9, "easting": 451954.5, "northing": 358211.2, "epsg_source": 22391}}, {"type": "Feature", "geometry": {"type": "Point", "coordinates": [9.21317, 36.53365]}, "properties": {"record_id": "oai:u-bordeaux-montaigne.fr:340412", "symbol_class": "building", "pixel_x": 2466.7, "pixel_y": 5689.2, "easting": 438463.6, "northing": 359243.9, "epsg_source": 22391}}, {"type": "Feature", "geometry": {"type": "Point", "coordinates": [9.36332, 36.52497]}, "properties": {"record_id": "oai:u-bordeaux-montaigne.fr:340412", "symbol_class": "building", "pixel_x": 5590.6, "pixel_y": 5691.4, "easting": 451899.9, "northing": 358196.4, "epsg_source": 22391}}, {"type": "Feature", "geometry": {"type": "Point", "coordinates": [9.36512, 36.52465]}, "properties": {"record_id": "oai:u-bordeaux-montaigne.fr:340412", "symbol_class": "building", "pixel_x": 5628.4, "pixel_y": 5697.1, "easting": 452060.8, "northing": 358159.8, "epsg_source": 22391}}, {"type": "Feature", "geometry": {"type": "Point", "coordinates": [9.3623, 36.52471]}, "properties": {"record_id": "oai:u-bordeaux-montaigne.fr:340412", "symbol_class": "building", "pixel_x": 5569.8, "pixel_y": 5699.8, "easting": 451808.1, "northing": 358167.9, "epsg_source": 22391}}, {"type": "Feature", "geometry": {"type": "Point", "coordinates": [9.36292, 36.5246]}, "properties": {"record_id": "oai:u-bordeaux-montaigne.fr:340412", "symbol_class": "building", "pixel_x": 5582.8, "pixel_y": 5701.5, "easting": 451863.4, "northing": 358156.2, "epsg_source": 22391}}, {"type": "Feature", "geometry": {"type": "Point", "coordinates": [9.36115, 36.52434]}, "properties": {"record_id": "oai:u-bordeaux-montaigne.fr:340412", "symbol_class": "building", "pixel_x": 5546.8, "pixel_y": 5711.1, "easting": 451705.3, "northing": 358127.6, "epsg_source": 22391}}, {"type": "Feature", "geometry": {"type": "Point", "coordinates": [9.21682, 36.53249]}, "properties": {"record_id": "oai:u-bordeaux-montaigne.fr:340412", "symbol_class": "building", "pixel_x": 2544.2, "pixel_y": 5714.0, "easting": 438788.7, "northing": 359113.3, "epsg_source": 22391}}, {"type": "Feature", "geometry": {"type": "Point", "coordinates": [9.16359, 36.53536]}, "properties": {"record_id": "oai:u-bordeaux-montaigne.fr:340412", "symbol_class": "building", "pixel_x": 1437.3, "pixel_y": 5717.5, "easting": 434026.3, "northing": 359466.4, "epsg_source": 22391}}, {"type": "Feature", "geometry": {"type": "Point", "coordinates": [9.17482, 36.5347]}, "properties": {"record_id": "oai:u-bordeaux-montaigne.fr:340412", "symbol_class": "building", "pixel_x": 1670.9, "pixel_y": 5718.4, "easting": 435031.1, "northing": 359385.0, "epsg_source": 22391}}, {"type": "Feature", "geometry": {"type": "Point", "coordinates": [9.17483, 36.53055]}, "properties": {"record_id": "oai:u-bordeaux-montaigne.fr:340412", "symbol_class": "building", "pixel_x": 1678.3, "pixel_y": 5826.7, "easting": 435028.3, "northing": 358925.3, "epsg_source": 22391}}, {"type": "Feature", "geometry": {"type": "Point", "coordinates": [9.16368, 36.53053]}, "properties": {"record_id": "oai:u-bordeaux-montaigne.fr:340412", "symbol_class": "building", "pixel_x": 1447.5, "pixel_y": 5843.6, "easting": 434029.9, "northing": 358930.3, "epsg_source": 22391}}, {"type": "Feature", "geometry": {"type": "Point", "coordinates": [9.17487, 36.52973]}, "properties": {"record_id": "oai:u-bordeaux-montaigne.fr:340412", "symbol_class": "building", "pixel_x": 1680.5, "pixel_y": 5848.1, "easting": 435030.9, "northing": 358834.0, "epsg_source": 22391}}, {"type": "Feature", "geometry": {"type": "Point", "coordinates": [9.19714, 36.52763]}, "properties": {"record_id": "oai:u-bordeaux-montaigne.fr:340412", "symbol_class": "building", "pixel_x": 2145.4, "pixel_y": 5870.1, "easting": 437023.6, "northing": 358586.7, "epsg_source": 22391}}, {"type": "Feature", "geometry": {"type": "Point", "coordinates": [9.17483, 36.52889]}, "properties": {"record_id": "oai:u-bordeaux-montaigne.fr:340412", "symbol_class": "building", "pixel_x": 1681.3, "pixel_y": 5870.2, "easting": 435027.3, "northing": 358740.5, "epsg_source": 22391}}, {"type": "Feature", "geometry": {"type": "Point", "coordinates": [9.16368, 36.52956]}, "properties": {"record_id": "oai:u-bordeaux-montaigne.fr:340412", "symbol_class": "building", "pixel_x": 1449.2, "pixel_y": 5869.1, "easting": 434029.3, "northing": 358822.3, "epsg_source": 22391}}, {"type": "Feature", "geometry": {"type": "Point", "coordinates": [9.24193, 36.52498]}, "properties": {"record_id": "oai:u-bordeaux-montaigne.fr:340412", "symbol_class": "building", "pixel_x": 3077.3, "pixel_y": 5873.2, "easting": 441031.2, "northing": 358264.0, "epsg_source": 22391}}, {"type": "Feature", "geometry": {"type": "Point", "coordinates": [9.23091, 36.52454]}, "properties": {"record_id": "oai:u-bordeaux-montaigne.fr:340412", "symbol_class": "building", "pixel_x": 2849.9, "pixel_y": 5901.0, "easting": 440044.2, "northing": 358221.9, "epsg_source": 22391}}, {"type": "Feature", "geometry": {"type": "Point", "coordinates": [9.23186, 36.52453]}, "properties": {"record_id": "oai:u-bordeaux-montaigne.fr:340412", "symbol_class": "building", "pixel_x": 2869.6, "pixel_y": 5899.8, "easting": 440129.1, "northing": 358220.6, "epsg_source": 22391}}, {"type": "Feature", "geometry": {"type": "Point", "coordinates": [9.21873, 36.52521]}, "properties": {"record_id": "oai:u-bordeaux-montaigne.fr:340412", "symbol_class": "building", "pixel_x": 2596.7, "pixel_y": 5901.5, "easting": 438954.7, "northing": 358304.0, "epsg_source": 22391}}, {"type": "Feature", "geometry": {"type": "Point", "coordinates": [9.22032, 36.52521]}, "properties": {"record_id": "oai:u-bordeaux-montaigne.fr:340412", "symbol_class": "building", "pixel_x": 2629.5, "pixel_y": 5899.2, "easting": 439096.3, "northing": 358302.8, "epsg_source": 22391}}, {"type": "Feature", "geometry": {"type": "Point", "coordinates": [9.24113, 36.52396]}, "properties": {"record_id": "oai:u-bordeaux-montaigne.fr:340412", "symbol_class": "building", "pixel_x": 3062.5, "pixel_y": 5900.8, "easting": 440958.7, "northing": 358152.1, "epsg_source": 22391}}, {"type": "Feature", "geometry": {"type": "Point", "coordinates": [9.24205, 36.5239]}, "properties": {"record_id": "oai:u-bordeaux-montaigne.fr:340412", "symbol_class": "building", "pixel_x": 3081.7, "pixel_y": 5901.2, "easting": 441040.8, "northing": 358144.1, "epsg_source": 22391}}, {"type": "Feature", "geometry": {"type": "Point", "coordinates": [9.2197, 36.52516]}, "properties": {"record_id": "oai:u-bordeaux-montaigne.fr:340412", "symbol_class": "building", "pixel_x": 2616.7, "pixel_y": 5901.4, "easting": 439040.7, "northing": 358297.9, "epsg_source": 22391}}, {"type": "Feature", "geometry": {"type": "Point", "coordinates": [9.24278, 36.52392]}, "properties": {"record_id": "oai:u-bordeaux-montaigne.fr:340412", "symbol_class": "building", "pixel_x": 3096.8, "pixel_y": 5899.4, "easting": 441106.5, "northing": 358146.8, "epsg_source": 22391}}, {"type": "Feature", "geometry": {"type": "Point", "coordinates": [9.19738, 36.52533]}, "properties": {"record_id": "oai:u-bordeaux-montaigne.fr:340412", "symbol_class": "building", "pixel_x": 2154.5, "pixel_y": 5929.9, "easting": 437043.3, "northing": 358331.1, "epsg_source": 22391}}, {"type": "Feature", "geometry": {"type": "Point", "coordinates": [9.16447, 36.52701]}, "properties": {"record_id": "oai:u-bordeaux-montaigne.fr:340412", "symbol_class": "building", "pixel_x": 1470.0, "pixel_y": 5934.6, "easting": 434097.7, "northing": 358538.9, "epsg_source": 22391}}, {"type": "Feature", "geometry": {"type": "Point", "coordinates": [9.17493, 36.52638]}, "properties": {"record_id": "oai:u-bordeaux-montaigne.fr:340412", "symbol_class": "building", "pixel_x": 1687.8, "pixel_y": 5935.6, "easting": 435034.0, "northing": 358462.1, "epsg_source": 22391}}, {"type": "Feature", "geometry": {"type": "Point", "coordinates": [9.17566, 36.52629]}, "properties": {"record_id": "oai:u-bordeaux-montaigne.fr:340412", "symbol_class": "building", "pixel_x": 1703.1, "pixel_y": 5936.8, "easting": 435099.5, "northing": 358452.1, "epsg_source": 22391}}, {"type": "Feature", "geometry": {"type": "Point", "coordinates": [9.1638, 36.52705]}, "properties": {"record_id": "oai:u-bordeaux-montaigne.fr:340412", "symbol_class": "building", "pixel_x": 1456.0, "pixel_y": 5934.3, "easting": 434037.6, "northing": 358544.5, "epsg_source": 22391}}, {"type": "Feature", "geometry": {"type": "Point", "coordinates": [9.18664, 36.52573]}, "properties": {"record_id": "oai:u-bordeaux-montaigne.fr:340412", "symbol_class": "building", "pixel_x": 1931.4, "pixel_y": 5935.2, "easting": 436082.0, "northing": 358382.8, "epsg_source": 22391}}, {"type": "Feature", "geometry": {"type": "Point", "coordinates": [9.16284, 36.5271]}, "properties": {"record_id": "oai:u-bordeaux-montaigne.fr:340412", "symbol_class": "building", "pixel_x": 1436.2, "pixel_y": 5934.4, "easting": 433952.1, "northing": 358550.8, "epsg_source": 22391}}, {"type": "Feature", "geometry": {"type": "Point", "coordinates": [9.20746, 36.52457]}, "properties": {"record_id": "oai:u-bordeaux-montaigne.fr:340412", "symbol_class": "building", "pixel_x": 2364.5, "pixel_y": 5934.8, "easting": 437945.1, "northing": 358240.4, "epsg_source": 22391}}, {"type": "Feature", "geometry": {"type": "Point", "coordinates": [9.15138, 36.52768]}, "properties": {"record_id": "oai:u-bordeaux-montaigne.fr:340412", "symbol_class": "building", "pixel_x": 1197.9, "pixel_y": 5936.2, "easting": 432926.7, "northing": 358622.3, "epsg_source": 22391}}, {"type": "Feature", "geometry": {"type": "Point", "coordinates": [9.18507, 36.52578]}, "properties": {"record_id": "oai:u-bordeaux-montaigne.fr:340412", "symbol_class": "building", "pixel_x": 1898.6, "pixel_y": 5936.4, "easting": 435940.8, "northing": 358388.9, "epsg_source": 22391}}, {"type": "Feature", "geometry": {"type": "Point", "coordinates": [9.14026, 36.52824]}, "properties": {"record_id": "oai:u-bordeaux-montaigne.fr:340412", "symbol_class": "building", "pixel_x": 966.6, "pixel_y": 5938.0, "easting": 431931.3, "northing": 358691.8, "epsg_source": 22391}}, {"type": "Feature", "geometry": {"type": "Point", "coordinates": [9.18548, 36.52552]}, "properties": {"record_id": "oai:u-bordeaux-montaigne.fr:340412", "symbol_class": "building", "pixel_x": 1907.7, "pixel_y": 5942.4, "easting": 435977.8, "northing": 358360.2, "epsg_source": 22391}}]}