{"type": "FeatureCollection", "features": [{"type": "Feature", "geometry": {"type": "Point", "coordinates": [8.67885, 36.02626]}, "properties": {"record_id": "oai:u-bordeaux-montaigne.fr:340470", "symbol_class": "building", "pixel_x": 7080.3, "pixel_y": 478.1, "easting": 389926.5, "northing": 303434.7, "epsg_source": 22391}}, {"type": "Feature", "geometry": {"type": "Point", "coordinates": [8.70276, 36.02502]}, "properties": {"record_id": "oai:u-bordeaux-montaigne.fr:340470", "symbol_class": "building", "pixel_x": 7590.3, "pixel_y": 477.0, "easting": 392079.2, "northing": 303269.9, "epsg_source": 22391}}, {"type": "Feature", "geometry": {"type": "Point", "coordinates": [8.71389, 36.02446]}, "properties": {"record_id": "oai:u-bordeaux-montaigne.fr:340470", "symbol_class": "building", "pixel_x": 7827.5, "pixel_y": 475.9, "easting": 393080.8, "northing": 303195.8, "epsg_source": 22391}}, {"type": "Feature", "geometry": {"type": "Point", "coordinates": [8.72345, 36.02399]}, "properties": {"record_id": "oai:u-bordeaux-montaigne.fr:340470", "symbol_class": "building", "pixel_x": 8031.4, "pixel_y": 474.6, "easting": 393941.7, "northing": 303133.6, "epsg_source": 22391}}, {"type": "Feature", "geometry": {"type": "Point", "coordinates": [8.7243, 36.02404]}, "properties": {"record_id": "oai:u-bordeaux-montaigne.fr:340470", "symbol_class": "building", "pixel_x": 8049.3, "pixel_y": 472.3, "easting": 394018.2, "northing": 303137.2, "epsg_source": 22391}}, {"type": "Feature", "geometry": {"type": "Point", "coordinates": [8.72484, 36.02388]}, "properties": {"record_id": "oai:u-bordeaux-montaigne.fr:340470", "symbol_class": "building", "pixel_x": 8061.1, "pixel_y": 475.5, "easting": 394066.8, "northing": 303119.8, "epsg_source": 22391}}, {"type": "Feature", "geometry": {"type": "Point", "coordinates": [8.6901, 36.02568]}, "properties": {"record_id": "oai:u-bordeaux-montaigne.fr:340470", "symbol_class": "building", "pixel_x": 7320.2, "pixel_y": 477.5, "easting": 390939.0, "northing": 303357.6, "epsg_source": 22391}}, {"type": "Feature", "geometry": {"type": "Point", "coordinates": [8.69111, 36.02568]}, "properties": {"record_id": "oai:u-bordeaux-montaigne.fr:340470", "symbol_class": "building", "pixel_x": 7341.6, "pixel_y": 476.0, "easting": 391029.9, "northing": 303356.7, "epsg_source": 22391}}, {"type": "Feature", "geometry": {"type": "Point", "coordinates": [8.70127, 36.02508]}, "properties": {"record_id": "oai:u-bordeaux-montaigne.fr:340470", "symbol_class": "building", "pixel_x": 7558.4, "pixel_y": 477.5, "easting": 391944.5, "northing": 303278.2, "epsg_source": 22391}}, {"type": "Feature", "geometry": {"type": "Point", "coordinates": [8.65822, 36.02727]}, "properties": {"record_id": "oai:u-bordeaux-montaigne.fr:340470", "symbol_class": "building", "pixel_x": 6640.5, "pixel_y": 480.6, "easting": 388069.3, "northing": 303570.2, "epsg_source": 22391}}, {"type": "Feature", "geometry": {"type": "Point", "coordinates": [8.67936, 36.02644]}, "properties": {"record_id": "oai:u-bordeaux-montaigne.fr:340470", "symbol_class": "building", "pixel_x": 7090.9, "pixel_y": 472.6, "easting": 389972.7, "northing": 303454.2, "epsg_source": 22391}}, {"type": "Feature", "geometry": {"type": "Point", "coordinates": [8.69161, 36.02558]}, "properties": {"record_id": "oai:u-bordeaux-montaigne.fr:340470", "symbol_class": "building", "pixel_x": 7352.6, "pixel_y": 478.0, "easting": 391075.5, "northing": 303344.7, "epsg_source": 22391}}, {"type": "Feature", "geometry": {"type": "Point", "coordinates": [8.66938, 36.02667]}, "properties": {"record_id": "oai:u-bordeaux-montaigne.fr:340470", "symbol_class": "building", "pixel_x": 6878.6, "pixel_y": 480.7, "easting": 389074.1, "northing": 303490.7, "epsg_source": 22391}}, {"type": "Feature", "geometry": {"type": "Point", "coordinates": [8.70232, 36.02521]}, "properties": {"record_id": "oai:u-bordeaux-montaigne.fr:340470", "symbol_class": "building", "pixel_x": 7580.6, "pixel_y": 472.6, "easting": 392039.9, "northing": 303291.7, "epsg_source": 22391}}, {"type": "Feature", "geometry": {"type": "Point", "coordinates": [8.64572, 36.02783]}, "properties": {"record_id": "oai:u-bordeaux-montaigne.fr:340470", "symbol_class": "building", "pixel_x": 6374.1, "pixel_y": 483.5, "easting": 386943.8, "northing": 303646.5, "epsg_source": 22391}}, {"type": "Feature", "geometry": {"type": "Point", "coordinates": [8.67935, 36.02594]}, "properties": {"record_id": "oai:u-bordeaux-montaigne.fr:340470", "symbol_class": "building", "pixel_x": 7091.5, "pixel_y": 485.8, "easting": 389971.2, "northing": 303398.4, "epsg_source": 22391}}, {"type": "Feature", "geometry": {"type": "Point", "coordinates": [8.65727, 36.02598]}, "properties": {"record_id": "oai:u-bordeaux-montaigne.fr:340470", "symbol_class": "building", "pixel_x": 6622.5, "pixel_y": 515.7, "easting": 387981.5, "northing": 303427.8, "epsg_source": 22391}}, {"type": "Feature", "geometry": {"type": "Point", "coordinates": [8.67942, 36.02384]}, "properties": {"record_id": "oai:u-bordeaux-montaigne.fr:340470", "symbol_class": "building", "pixel_x": 7096.5, "pixel_y": 540.5, "easting": 389974.0, "northing": 303165.8, "epsg_source": 22391}}, {"type": "Feature", "geometry": {"type": "Point", "coordinates": [8.69027, 36.0226]}, "properties": {"record_id": "oai:u-bordeaux-montaigne.fr:340470", "symbol_class": "building", "pixel_x": 7329.2, "pixel_y": 557.9, "easting": 390950.4, "northing": 303015.2, "epsg_source": 22391}}, {"type": "Feature", "geometry": {"type": "Point", "coordinates": [8.67945, 36.02179]}, "properties": {"record_id": "oai:u-bordeaux-montaigne.fr:340470", "symbol_class": "building", "pixel_x": 7100.8, "pixel_y": 594.2, "easting": 389974.3, "northing": 302937.7, "epsg_source": 22391}}, {"type": "Feature", "geometry": {"type": "Point", "coordinates": [8.59462, 36.02309]}, "properties": {"record_id": "oai:u-bordeaux-montaigne.fr:340470", "symbol_class": "building", "pixel_x": 5296.9, "pixel_y": 678.6, "easting": 382332.7, "northing": 303180.9, "epsg_source": 22391}}, {"type": "Feature", "geometry": {"type": "Point", "coordinates": [8.65736, 36.01964]}, "properties": {"record_id": "oai:u-bordeaux-montaigne.fr:340470", "symbol_class": "building", "pixel_x": 6635.3, "pixel_y": 681.3, "easting": 387980.5, "northing": 302724.5, "epsg_source": 22391}}, {"type": "Feature", "geometry": {"type": "Point", "coordinates": [8.6218, 36.02136]}, "properties": {"record_id": "oai:u-bordeaux-montaigne.fr:340470", "symbol_class": "building", "pixel_x": 5877.2, "pixel_y": 685.9, "easting": 384779.4, "northing": 302957.0, "epsg_source": 22391}}, {"type": "Feature", "geometry": {"type": "Point", "coordinates": [8.50669, 36.02566]}, "properties": {"record_id": "oai:u-bordeaux-montaigne.fr:340470", "symbol_class": "building", "pixel_x": 3425.2, "pixel_y": 732.4, "easting": 374415.2, "northing": 303575.3, "epsg_source": 22391}}, {"type": "Feature", "geometry": {"type": "Point", "coordinates": [8.50624, 36.02564]}, "properties": {"record_id": "oai:u-bordeaux-montaigne.fr:340470", "symbol_class": "building", "pixel_x": 3415.6, "pixel_y": 733.6, "easting": 374374.4, "northing": 303573.7, "epsg_source": 22391}}, {"type": "Feature", "geometry": {"type": "Point", "coordinates": [8.66194, 36.01572]}, "properties": {"record_id": "oai:u-bordeaux-montaigne.fr:340470", "symbol_class": "building", "pixel_x": 6739.4, "pixel_y": 777.5, "easting": 388388.1, "northing": 302284.1, "epsg_source": 22391}}, {"type": "Feature", "geometry": {"type": "Point", "coordinates": [8.55292, 36.01944]}, "properties": {"record_id": "oai:u-bordeaux-montaigne.fr:340470", "symbol_class": "building", "pixel_x": 4417.6, "pixel_y": 831.6, "easting": 378570.9, "northing": 302826.9, "epsg_source": 22391}}, {"type": "Feature", "geometry": {"type": "Point", "coordinates": [8.55332, 36.0192]}, "properties": {"record_id": "oai:u-bordeaux-montaigne.fr:340470", "symbol_class": "building", "pixel_x": 4426.5, "pixel_y": 837.2, "easting": 378606.4, "northing": 302800.3, "epsg_source": 22391}}, {"type": "Feature", "geometry": {"type": "Point", "coordinates": [8.59143, 36.01633]}, "properties": {"record_id": "oai:u-bordeaux-montaigne.fr:340470", "symbol_class": "building", "pixel_x": 5240.7, "pixel_y": 859.6, "easting": 382035.6, "northing": 302435.5, "epsg_source": 22391}}, {"type": "Feature", "geometry": {"type": "Point", "coordinates": [8.71874, 36.00811]}, "properties": {"record_id": "oai:u-bordeaux-montaigne.fr:340470", "symbol_class": "building", "pixel_x": 7959.0, "pixel_y": 896.4, "easting": 393496.2, "northing": 301376.9, "epsg_source": 22391}}, {"type": "Feature", "geometry": {"type": "Point", "coordinates": [8.5303, 36.01709]}, "properties": {"record_id": "oai:u-bordeaux-montaigne.fr:340470", "symbol_class": "building", "pixel_x": 3941.1, "pixel_y": 924.1, "easting": 376529.0, "northing": 302595.0, "epsg_source": 22391}}, {"type": "Feature", "geometry": {"type": "Point", "coordinates": [8.44745, 36.02072]}, "properties": {"record_id": "oai:u-bordeaux-montaigne.fr:340470", "symbol_class": "building", "pixel_x": 2175.1, "pixel_y": 942.0, "easting": 369069.5, "northing": 303106.1, "epsg_source": 22391}}, {"type": "Feature", "geometry": {"type": "Point", "coordinates": [8.51914, 36.01625]}, "properties": {"record_id": "oai:u-bordeaux-montaigne.fr:340470", "symbol_class": "building", "pixel_x": 3705.4, "pixel_y": 961.2, "easting": 375522.0, "northing": 302516.4, "epsg_source": 22391}}, {"type": "Feature", "geometry": {"type": "Point", "coordinates": [8.37891, 36.02339]}, "properties": {"record_id": "oai:u-bordeaux-montaigne.fr:340470", "symbol_class": "building", "pixel_x": 715.0, "pixel_y": 964.4, "easting": 362899.6, "northing": 303496.7, "epsg_source": 22391}}, {"type": "Feature", "geometry": {"type": "Point", "coordinates": [8.59296, 36.01238]}, "properties": {"record_id": "oai:u-bordeaux-montaigne.fr:340470", "symbol_class": "building", "pixel_x": 5280.0, "pixel_y": 960.8, "easting": 382167.7, "northing": 301995.1, "epsg_source": 22391}}, {"type": "Feature", "geometry": {"type": "Point", "coordinates": [8.58946, 36.01233]}, "properties": {"record_id": "oai:u-bordeaux-montaigne.fr:340470", "symbol_class": "building", "pixel_x": 5205.7, "pixel_y": 966.9, "easting": 381851.9, "northing": 301993.8, "epsg_source": 22391}}, {"type": "Feature", "geometry": {"type": "Point", "coordinates": [8.4473, 36.01939]}, "properties": {"record_id": "oai:u-bordeaux-montaigne.fr:340470", "symbol_class": "building", "pixel_x": 2174.2, "pixel_y": 977.0, "easting": 369053.9, "northing": 302958.3, "epsg_source": 22391}}, {"type": "Feature", "geometry": {"type": "Point", "coordinates": [8.57638, 36.01217]}, "properties": {"record_id": "oai:u-bordeaux-montaigne.fr:340470", "symbol_class": "building", "pixel_x": 4928.3, "pixel_y": 989.3, "easting": 380673.8, "northing": 301991.7, "epsg_source": 22391}}, {"type": "Feature", "geometry": {"type": "Point", "coordinates": [8.58897, 36.01136]}, "properties": {"record_id": "oai:u-bordeaux-montaigne.fr:340470", "symbol_class": "building", "pixel_x": 5196.9, "pixel_y": 993.0, "easting": 381806.2, "northing": 301886.7, "epsg_source": 22391}}, {"type": "Feature", "geometry": {"type": "Point", "coordinates": [8.38012, 36.02196]}, "properties": {"record_id": "oai:u-bordeaux-montaigne.fr:340470", "symbol_class": "building", "pixel_x": 743.0, "pixel_y": 1000.2, "easting": 363005.7, "northing": 303336.1, "epsg_source": 22391}}, {"type": "Feature", "geometry": {"type": "Point", "coordinates": [8.45358, 36.01834]}, "properties": {"record_id": "oai:u-bordeaux-montaigne.fr:340470", "symbol_class": "building", "pixel_x": 2309.5, "pixel_y": 995.9, "easting": 369618.7, "northing": 302833.6, "epsg_source": 22391}}, {"type": "Feature", "geometry": {"type": "Point", "coordinates": [8.57368, 36.01216]}, "properties": {"record_id": "oai:u-bordeaux-montaigne.fr:340470", "symbol_class": "building", "pixel_x": 4870.8, "pixel_y": 993.2, "easting": 380429.8, "northing": 301994.2, "epsg_source": 22391}}, {"type": "Feature", "geometry": {"type": "Point", "coordinates": [8.58955, 36.01126]}, "properties": {"record_id": "oai:u-bordeaux-montaigne.fr:340470", "symbol_class": "building", "pixel_x": 5209.4, "pixel_y": 994.8, "easting": 381858.5, "northing": 301875.0, "epsg_source": 22391}}, {"type": "Feature", "geometry": {"type": "Point", "coordinates": [8.57294, 36.01214]}, "properties": {"record_id": "oai:u-bordeaux-montaigne.fr:340470", "symbol_class": "building", "pixel_x": 4855.2, "pixel_y": 994.8, "easting": 380363.5, "northing": 301992.5, "epsg_source": 22391}}, {"type": "Feature", "geometry": {"type": "Point", "coordinates": [8.56943, 36.01209]}, "properties": {"record_id": "oai:u-bordeaux-montaigne.fr:340470", "symbol_class": "building", "pixel_x": 4780.6, "pixel_y": 1001.0, "easting": 380046.7, "northing": 301991.5, "epsg_source": 22391}}, {"type": "Feature", "geometry": {"type": "Point", "coordinates": [8.43332, 36.01914]}, "properties": {"record_id": "oai:u-bordeaux-montaigne.fr:340470", "symbol_class": "building", "pixel_x": 1877.6, "pixel_y": 1002.5, "easting": 367793.9, "northing": 302949.6, "epsg_source": 22391}}, {"type": "Feature", "geometry": {"type": "Point", "coordinates": [8.56766, 36.01207]}, "properties": {"record_id": "oai:u-bordeaux-montaigne.fr:340470", "symbol_class": "building", "pixel_x": 4743.1, "pixel_y": 1003.8, "easting": 379887.3, "northing": 301992.0, "epsg_source": 22391}}, {"type": "Feature", "geometry": {"type": "Point", "coordinates": [8.43116, 36.01918]}, "properties": {"record_id": "oai:u-bordeaux-montaigne.fr:340470", "symbol_class": "building", "pixel_x": 1831.8, "pixel_y": 1004.2, "easting": 367599.9, "northing": 302957.4, "epsg_source": 22391}}, {"type": "Feature", "geometry": {"type": "Point", "coordinates": [8.56671, 36.01204]}, "properties": {"record_id": "oai:u-bordeaux-montaigne.fr:340470", "symbol_class": "building", "pixel_x": 4723.1, "pixel_y": 1005.9, "easting": 379802.1, "northing": 301989.8, "epsg_source": 22391}}, {"type": "Feature", "geometry": {"type": "Point", "coordinates": [8.58928, 36.01077]}, "properties": {"record_id": "oai:u-bordeaux-montaigne.fr:340470", "symbol_class": "building", "pixel_x": 5204.7, "pixel_y": 1008.0, "easting": 381834.0, "northing": 301821.0, "epsg_source": 22391}}, {"type": "Feature", "geometry": {"type": "Point", "coordinates": [8.42852, 36.01914]}, "properties": {"record_id": "oai:u-bordeaux-montaigne.fr:340470", "symbol_class": "building", "pixel_x": 1775.9, "pixel_y": 1008.9, "easting": 367362.2, "northing": 302956.3, "epsg_source": 22391}}, {"type": "Feature", "geometry": {"type": "Point", "coordinates": [8.56488, 36.01203]}, "properties": {"record_id": "oai:u-bordeaux-montaigne.fr:340470", "symbol_class": "building", "pixel_x": 4684.1, "pixel_y": 1008.7, "easting": 379636.7, "northing": 301991.0, "epsg_source": 22391}}, {"type": "Feature", "geometry": {"type": "Point", "coordinates": [8.56316, 36.01201]}, "properties": {"record_id": "oai:u-bordeaux-montaigne.fr:340470", "symbol_class": "building", "pixel_x": 4647.7, "pixel_y": 1011.5, "easting": 379482.2, "northing": 301990.9, "epsg_source": 22391}}, {"type": "Feature", "geometry": {"type": "Point", "coordinates": [8.69273, 36.0049]}, "properties": {"record_id": "oai:u-bordeaux-montaigne.fr:340470", "symbol_class": "building", "pixel_x": 7412.1, "pixel_y": 1017.0, "easting": 391147.7, "northing": 301049.5, "epsg_source": 22391}}, {"type": "Feature", "geometry": {"type": "Point", "coordinates": [8.57933, 36.01087]}, "properties": {"record_id": "oai:u-bordeaux-montaigne.fr:340470", "symbol_class": "building", "pixel_x": 4993.1, "pixel_y": 1019.0, "easting": 380937.5, "northing": 301844.9, "epsg_source": 22391}}, {"type": "Feature", "geometry": {"type": "Point", "coordinates": [8.55863, 36.01196]}, "properties": {"record_id": "oai:u-bordeaux-montaigne.fr:340470", "symbol_class": "building", "pixel_x": 4551.5, "pixel_y": 1019.0, "easting": 379073.7, "northing": 301991.2, "epsg_source": 22391}}, {"type": "Feature", "geometry": {"type": "Point", "coordinates": [8.42078, 36.01903]}, "properties": {"record_id": "oai:u-bordeaux-montaigne.fr:340470", "symbol_class": "building", "pixel_x": 1611.5, "pixel_y": 1022.3, "easting": 366663.9, "northing": 302954.2, "epsg_source": 22391}}, {"type": "Feature", "geometry": {"type": "Point", "coordinates": [8.55542, 36.01191]}, "properties": {"record_id": "oai:u-bordeaux-montaigne.fr:340470", "symbol_class": "building", "pixel_x": 4483.5, "pixel_y": 1024.8, "easting": 378784.6, "northing": 301989.6, "epsg_source": 22391}}, {"type": "Feature", "geometry": {"type": "Point", "coordinates": [8.37959, 36.02097]}, "properties": {"record_id": "oai:u-bordeaux-montaigne.fr:340470", "symbol_class": "building", "pixel_x": 733.5, "pixel_y": 1026.8, "easting": 362956.9, "northing": 303226.8, "epsg_source": 22391}}, {"type": "Feature", "geometry": {"type": "Point", "coordinates": [8.38024, 36.02083]}, "properties": {"record_id": "oai:u-bordeaux-montaigne.fr:340470", "symbol_class": "building", "pixel_x": 747.4, "pixel_y": 1029.6, "easting": 363014.7, "northing": 303210.5, "epsg_source": 22391}}, {"type": "Feature", "geometry": {"type": "Point", "coordinates": [8.45266, 36.01708]}, "properties": {"record_id": "oai:u-bordeaux-montaigne.fr:340470", "symbol_class": "building", "pixel_x": 2291.9, "pixel_y": 1030.0, "easting": 369533.3, "northing": 302695.5, "epsg_source": 22391}}, {"type": "Feature", "geometry": {"type": "Point", "coordinates": [8.55331, 36.01189]}, "properties": {"record_id": "oai:u-bordeaux-montaigne.fr:340470", "symbol_class": "building", "pixel_x": 4438.7, "pixel_y": 1028.3, "easting": 378594.6, "northing": 301989.7, "epsg_source": 22391}}, {"type": "Feature", "geometry": {"type": "Point", "coordinates": [8.38058, 36.02048]}, "properties": {"record_id": "oai:u-bordeaux-montaigne.fr:340470", "symbol_class": "building", "pixel_x": 755.1, "pixel_y": 1038.4, "easting": 363044.4, "northing": 303171.0, "epsg_source": 22391}}, {"type": "Feature", "geometry": {"type": "Point", "coordinates": [8.69291, 36.00413]}, "properties": {"record_id": "oai:u-bordeaux-montaigne.fr:340470", "symbol_class": "building", "pixel_x": 7417.2, "pixel_y": 1036.8, "easting": 391162.6, "northing": 300964.1, "epsg_source": 22391}}, {"type": "Feature", "geometry": {"type": "Point", "coordinates": [8.58866, 36.00956]}, "properties": {"record_id": "oai:u-bordeaux-montaigne.fr:340470", "symbol_class": "building", "pixel_x": 5193.5, "pixel_y": 1040.5, "easting": 381776.0, "northing": 301687.6, "epsg_source": 22391}}, {"type": "Feature", "geometry": {"type": "Point", "coordinates": [8.45308, 36.01669]}, "properties": {"record_id": "oai:u-bordeaux-montaigne.fr:340470", "symbol_class": "building", "pixel_x": 2301.6, "pixel_y": 1039.7, "easting": 369570.7, "northing": 302651.4, "epsg_source": 22391}}, {"type": "Feature", "geometry": {"type": "Point", "coordinates": [8.37852, 36.02046]}, "properties": {"record_id": "oai:u-bordeaux-montaigne.fr:340470", "symbol_class": "building", "pixel_x": 711.5, "pixel_y": 1041.5, "easting": 362859.1, "northing": 303172.0, "epsg_source": 22391}}, {"type": "Feature", "geometry": {"type": "Point", "coordinates": [8.58792, 36.00946]}, "properties": {"record_id": "oai:u-bordeaux-montaigne.fr:340470", "symbol_class": "building", "pixel_x": 5178.0, "pixel_y": 1044.1, "easting": 381709.5, "northing": 301677.2, "epsg_source": 22391}}, {"type": "Feature", "geometry": {"type": "Point", "coordinates": [8.45347, 36.01639]}, "properties": {"record_id": "oai:u-bordeaux-montaigne.fr:340470", "symbol_class": "building", "pixel_x": 2310.4, "pixel_y": 1047.0, "easting": 369605.5, "northing": 302618.0, "epsg_source": 22391}}, {"type": "Feature", "geometry": {"type": "Point", "coordinates": [8.45297, 36.01596]}, "properties": {"record_id": "oai:u-bordeaux-montaigne.fr:340470", "symbol_class": "building", "pixel_x": 2300.5, "pixel_y": 1059.0, "easting": 369559.7, "northing": 302570.4, "epsg_source": 22391}}, {"type": "Feature", "geometry": {"type": "Point", "coordinates": [8.45033, 36.01618]}, "properties": {"record_id": "oai:u-bordeaux-montaigne.fr:340470", "symbol_class": "building", "pixel_x": 2244.0, "pixel_y": 1056.9, "easting": 369322.2, "northing": 302598.1, "epsg_source": 22391}}, {"type": "Feature", "geometry": {"type": "Point", "coordinates": [8.52241, 36.01221]}, "properties": {"record_id": "oai:u-bordeaux-montaigne.fr:340470", "symbol_class": "building", "pixel_x": 3781.7, "pixel_y": 1062.4, "easting": 375810.2, "northing": 302063.9, "epsg_source": 22391}}, {"type": "Feature", "geometry": {"type": "Point", "coordinates": [8.51877, 36.01236]}, "properties": {"record_id": "oai:u-bordeaux-montaigne.fr:340470", "symbol_class": "building", "pixel_x": 3704.0, "pixel_y": 1063.4, "easting": 375482.2, "northing": 302085.6, "epsg_source": 22391}}, {"type": "Feature", "geometry": {"type": "Point", "coordinates": [8.52024, 36.01224]}, "properties": {"record_id": "oai:u-bordeaux-montaigne.fr:340470", "symbol_class": "building", "pixel_x": 3735.5, "pixel_y": 1064.6, "easting": 375614.6, "northing": 302070.2, "epsg_source": 22391}}, {"type": "Feature", "geometry": {"type": "Point", "coordinates": [8.51965, 36.01221]}, "properties": {"record_id": "oai:u-bordeaux-montaigne.fr:340470", "symbol_class": "building", "pixel_x": 3723.0, "pixel_y": 1066.2, "easting": 375561.3, "northing": 302067.6, "epsg_source": 22391}}, {"type": "Feature", "geometry": {"type": "Point", "coordinates": [8.52069, 36.01212]}, "properties": {"record_id": "oai:u-bordeaux-montaigne.fr:340470", "symbol_class": "building", "pixel_x": 3745.4, "pixel_y": 1067.2, "easting": 375655.4, "northing": 302055.6, "epsg_source": 22391}}, {"type": "Feature", "geometry": {"type": "Point", "coordinates": [8.52752, 36.01155]}, "properties": {"record_id": "oai:u-bordeaux-montaigne.fr:340470", "symbol_class": "building", "pixel_x": 3891.3, "pixel_y": 1072.6, "easting": 376269.5, "northing": 301984.4, "epsg_source": 22391}}, {"type": "Feature", "geometry": {"type": "Point", "coordinates": [8.52559, 36.01153]}, "properties": {"record_id": "oai:u-bordeaux-montaigne.fr:340470", "symbol_class": "building", "pixel_x": 3850.4, "pixel_y": 1075.9, "easting": 376095.8, "northing": 301984.2, "epsg_source": 22391}}, {"type": "Feature", "geometry": {"type": "Point", "coordinates": [8.52491, 36.01151]}, "properties": {"record_id": "oai:u-bordeaux-montaigne.fr:340470", "symbol_class": "building", "pixel_x": 3836.1, "pixel_y": 1077.2, "easting": 376034.8, "northing": 301983.2, "epsg_source": 22391}}, {"type": "Feature", "geometry": {"type": "Point", "coordinates": [8.52359, 36.01122]}, "properties": {"record_id": "oai:u-bordeaux-montaigne.fr:340470", "symbol_class": "building", "pixel_x": 3808.5, "pixel_y": 1086.6, "easting": 375915.3, "northing": 301953.1, "epsg_source": 22391}}, {"type": "Feature", "geometry": {"type": "Point", "coordinates": [8.51764, 36.01145]}, "properties": {"record_id": "oai:u-bordeaux-montaigne.fr:340470", "symbol_class": "building", "pixel_x": 3681.6, "pixel_y": 1088.9, "easting": 375378.9, "northing": 301985.3, "epsg_source": 22391}}, {"type": "Feature", "geometry": {"type": "Point", "coordinates": [8.51839, 36.01141]}, "properties": {"record_id": "oai:u-bordeaux-montaigne.fr:340470", "symbol_class": "building", "pixel_x": 3697.7, "pixel_y": 1088.9, "easting": 375446.9, "northing": 301980.1, "epsg_source": 22391}}, {"type": "Feature", "geometry": {"type": "Point", "coordinates": [8.38016, 36.01845]}, "properties": {"record_id": "oai:u-bordeaux-montaigne.fr:340470", "symbol_class": "building", "pixel_x": 749.7, "pixel_y": 1092.0, "easting": 363003.6, "northing": 302946.4, "epsg_source": 22391}}, {"type": "Feature", "geometry": {"type": "Point", "coordinates": [8.37916, 36.01846]}, "properties": {"record_id": "oai:u-bordeaux-montaigne.fr:340470", "symbol_class": "building", "pixel_x": 728.3, "pixel_y": 1093.0, "easting": 362913.1, "northing": 302949.3, "epsg_source": 22391}}, {"type": "Feature", "geometry": {"type": "Point", "coordinates": [8.69382, 36.00168]}, "properties": {"record_id": "oai:u-bordeaux-montaigne.fr:340470", "symbol_class": "building", "pixel_x": 7440.9, "pixel_y": 1099.5, "easting": 391241.8, "northing": 300691.5, "epsg_source": 22391}}, {"type": "Feature", "geometry": {"type": "Point", "coordinates": [8.3756, 36.01841]}, "properties": {"record_id": "oai:u-bordeaux-montaigne.fr:340470", "symbol_class": "building", "pixel_x": 652.9, "pixel_y": 1099.1, "easting": 362592.5, "northing": 302948.6, "epsg_source": 22391}}, {"type": "Feature", "geometry": {"type": "Point", "coordinates": [8.37513, 36.01842]}, "properties": {"record_id": "oai:u-bordeaux-montaigne.fr:340470", "symbol_class": "building", "pixel_x": 642.8, "pixel_y": 1099.5, "easting": 362549.8, "northing": 302950.3, "epsg_source": 22391}}, {"type": "Feature", "geometry": {"type": "Point", "coordinates": [8.43, 36.01541]}, "properties": {"record_id": "oai:u-bordeaux-montaigne.fr:340470", "symbol_class": "building", "pixel_x": 1813.4, "pixel_y": 1104.5, "easting": 367489.0, "northing": 302540.1, "epsg_source": 22391}}, {"type": "Feature", "geometry": {"type": "Point", "coordinates": [8.50978, 36.01134]}, "properties": {"record_id": "oai:u-bordeaux-montaigne.fr:340470", "symbol_class": "building", "pixel_x": 3515.0, "pixel_y": 1102.5, "easting": 374671.3, "northing": 301983.5, "epsg_source": 22391}}, {"type": "Feature", "geometry": {"type": "Point", "coordinates": [8.69378, 36.00116]}, "properties": {"record_id": "oai:u-bordeaux-montaigne.fr:340470", "symbol_class": "building", "pixel_x": 7440.8, "pixel_y": 1113.3, "easting": 391236.7, "northing": 300633.3, "epsg_source": 22391}}, {"type": "Feature", "geometry": {"type": "Point", "coordinates": [8.49926, 36.01118]}, "properties": {"record_id": "oai:u-bordeaux-montaigne.fr:340470", "symbol_class": "building", "pixel_x": 3291.6, "pixel_y": 1121.0, "easting": 373722.3, "northing": 301979.4, "epsg_source": 22391}}, {"type": "Feature", "geometry": {"type": "Point", "coordinates": [8.38023, 36.01711]}, "properties": {"record_id": "oai:u-bordeaux-montaigne.fr:340470", "symbol_class": "building", "pixel_x": 753.3, "pixel_y": 1126.9, "easting": 363007.2, "northing": 302797.6, "epsg_source": 22391}}, {"type": "Feature", "geometry": {"type": "Point", "coordinates": [8.49532, 36.01114]}, "properties": {"record_id": "oai:u-bordeaux-montaigne.fr:340470", "symbol_class": "building", "pixel_x": 3208.1, "pixel_y": 1127.4, "easting": 373367.9, "northing": 301980.0, "epsg_source": 22391}}, {"type": "Feature", "geometry": {"type": "Point", "coordinates": [8.3772, 36.01718]}, "properties": {"record_id": "oai:u-bordeaux-montaigne.fr:340470", "symbol_class": "building", "pixel_x": 689.0, "pixel_y": 1129.2, "easting": 362734.9, "northing": 302809.4, "epsg_source": 22391}}, {"type": "Feature", "geometry": {"type": "Point", "coordinates": [8.6694, 36.00176]}, "properties": {"record_id": "oai:u-bordeaux-montaigne.fr:340470", "symbol_class": "building", "pixel_x": 6921.8, "pixel_y": 1131.8, "easting": 389040.3, "northing": 300727.8, "epsg_source": 22391}}, {"type": "Feature", "geometry": {"type": "Point", "coordinates": [8.49086, 36.0111]}, "properties": {"record_id": "oai:u-bordeaux-montaigne.fr:340470", "symbol_class": "building", "pixel_x": 3113.3, "pixel_y": 1134.4, "easting": 372965.4, "northing": 301982.0, "epsg_source": 22391}}, {"type": "Feature", "geometry": {"type": "Point", "coordinates": [8.43852, 36.01353]}, "properties": {"record_id": "oai:u-bordeaux-montaigne.fr:340470", "symbol_class": "building", "pixel_x": 1997.4, "pixel_y": 1142.1, "easting": 368253.1, "northing": 302320.4, "epsg_source": 22391}}, {"type": "Feature", "geometry": {"type": "Point", "coordinates": [8.48918, 36.01105]}, "properties": {"record_id": "oai:u-bordeaux-montaigne.fr:340470", "symbol_class": "building", "pixel_x": 3077.8, "pixel_y": 1138.0, "easting": 372814.3, "northing": 301978.5, "epsg_source": 22391}}, {"type": "Feature", "geometry": {"type": "Point", "coordinates": [8.66936, 36.00119]}, "properties": {"record_id": "oai:u-bordeaux-montaigne.fr:340470", "symbol_class": "building", "pixel_x": 6922.0, "pixel_y": 1146.7, "easting": 389036.1, "northing": 300664.8, "epsg_source": 22391}}, {"type": "Feature", "geometry": {"type": "Point", "coordinates": [8.52403, 36.00849]}, "properties": {"record_id": "oai:u-bordeaux-montaigne.fr:340470", "symbol_class": "building", "pixel_x": 3822.3, "pixel_y": 1157.4, "easting": 375950.1, "northing": 301649.6, "epsg_source": 22391}}, {"type": "Feature", "geometry": {"type": "Point", "coordinates": [8.38025, 36.01548]}, "properties": {"record_id": "oai:u-bordeaux-montaigne.fr:340470", "symbol_class": "building", "pixel_x": 756.5, "pixel_y": 1169.5, "easting": 363006.4, "northing": 302617.0, "epsg_source": 22391}}, {"type": "Feature", "geometry": {"type": "Point", "coordinates": [8.6405, 36.00172]}, "properties": {"record_id": "oai:u-bordeaux-montaigne.fr:340470", "symbol_class": "building", "pixel_x": 6308.1, "pixel_y": 1173.3, "easting": 386436.3, "northing": 300756.6, "epsg_source": 22391}}, {"type": "Feature", "geometry": {"type": "Point", "coordinates": [8.52403, 36.00802]}, "properties": {"record_id": "oai:u-bordeaux-montaigne.fr:340470", "symbol_class": "building", "pixel_x": 3823.1, "pixel_y": 1169.6, "easting": 375949.5, "northing": 301597.7, "epsg_source": 22391}}, {"type": "Feature", "geometry": {"type": "Point", "coordinates": [8.6946, 35.9988]}, "properties": {"record_id": "oai:u-bordeaux-montaigne.fr:340470", "symbol_class": "building", "pixel_x": 7462.3, "pixel_y": 1173.8, "easting": 391307.4, "northing": 300370.8, "epsg_source": 22391}}, {"type": "Feature", "geometry": {"type": "Point", "coordinates": [8.60925, 36.00322]}, "properties": {"record_id": "oai:u-bordeaux-montaigne.fr:340470", "symbol_class": "building", "pixel_x": 5641.6, "pixel_y": 1177.6, "easting": 383621.7, "northing": 300959.8, "epsg_source": 22391}}, {"type": "Feature", "geometry": {"type": "Point", "coordinates": [8.61125, 36.00208]}, "properties": {"record_id": "oai:u-bordeaux-montaigne.fr:340470", "symbol_class": "building", "pixel_x": 5686.1, "pixel_y": 1204.7, "easting": 383800.8, "northing": 300830.7, "epsg_source": 22391}}, {"type": "Feature", "geometry": {"type": "Point", "coordinates": [8.58554, 36.00382]}, "properties": {"record_id": "oai:u-bordeaux-montaigne.fr:340470", "symbol_class": "building", "pixel_x": 5137.0, "pixel_y": 1194.8, "easting": 381486.4, "northing": 301054.6, "epsg_source": 22391}}, {"type": "Feature", "geometry": {"type": "Point", "coordinates": [8.72303, 35.99602]}, "properties": {"record_id": "oai:u-bordeaux-montaigne.fr:340470", "symbol_class": "building", "pixel_x": 8071.2, "pixel_y": 1206.3, "easting": 393866.5, "northing": 300031.4, "epsg_source": 22391}}, {"type": "Feature", "geometry": {"type": "Point", "coordinates": [8.72229, 35.99601]}, "properties": {"record_id": "oai:u-bordeaux-montaigne.fr:340470", "symbol_class": "building", "pixel_x": 8055.5, "pixel_y": 1207.5, "easting": 393800.0, "northing": 300031.6, "epsg_source": 22391}}, {"type": "Feature", "geometry": {"type": "Point", "coordinates": [8.72074, 35.99601]}, "properties": {"record_id": "oai:u-bordeaux-montaigne.fr:340470", "symbol_class": "building", "pixel_x": 8022.5, "pixel_y": 1209.7, "easting": 393660.0, "northing": 300033.3, "epsg_source": 22391}}, {"type": "Feature", "geometry": {"type": "Point", "coordinates": [8.44621, 36.01049]}, "properties": {"record_id": "oai:u-bordeaux-montaigne.fr:340470", "symbol_class": "building", "pixel_x": 2165.9, "pixel_y": 1211.1, "easting": 368941.3, "northing": 301973.0, "epsg_source": 22391}}, {"type": "Feature", "geometry": {"type": "Point", "coordinates": [8.7183, 35.99598]}, "properties": {"record_id": "oai:u-bordeaux-montaigne.fr:340470", "symbol_class": "building", "pixel_x": 7970.7, "pixel_y": 1214.0, "easting": 393440.0, "northing": 300032.3, "epsg_source": 22391}}, {"type": "Feature", "geometry": {"type": "Point", "coordinates": [8.71911, 35.99595]}, "properties": {"record_id": "oai:u-bordeaux-montaigne.fr:340470", "symbol_class": "building", "pixel_x": 7987.9, "pixel_y": 1213.7, "easting": 393512.4, "northing": 300027.8, "epsg_source": 22391}}, {"type": "Feature", "geometry": {"type": "Point", "coordinates": [8.44431, 36.01046]}, "properties": {"record_id": "oai:u-bordeaux-montaigne.fr:340470", "symbol_class": "building", "pixel_x": 2125.7, "pixel_y": 1214.4, "easting": 368770.4, "northing": 301972.5, "epsg_source": 22391}}, {"type": "Feature", "geometry": {"type": "Point", "coordinates": [8.38029, 36.01337]}, "properties": {"record_id": "oai:u-bordeaux-montaigne.fr:340470", "symbol_class": "building", "pixel_x": 760.9, "pixel_y": 1224.6, "easting": 363006.8, "northing": 302382.9, "epsg_source": 22391}}, {"type": "Feature", "geometry": {"type": "Point", "coordinates": [8.71417, 35.99592]}, "properties": {"record_id": "oai:u-bordeaux-montaigne.fr:340470", "symbol_class": "building", "pixel_x": 7883.0, "pixel_y": 1221.5, "easting": 393067.4, "northing": 300029.8, "epsg_source": 22391}}, {"type": "Feature", "geometry": {"type": "Point", "coordinates": [8.71234, 35.9959]}, "properties": {"record_id": "oai:u-bordeaux-montaigne.fr:340470", "symbol_class": "building", "pixel_x": 7844.3, "pixel_y": 1224.6, "easting": 392902.8, "northing": 300029.4, "epsg_source": 22391}}, {"type": "Feature", "geometry": {"type": "Point", "coordinates": [8.71027, 35.99589]}, "properties": {"record_id": "oai:u-bordeaux-montaigne.fr:340470", "symbol_class": "building", "pixel_x": 7800.3, "pixel_y": 1227.8, "easting": 392716.3, "northing": 300030.8, "epsg_source": 22391}}, {"type": "Feature", "geometry": {"type": "Point", "coordinates": [8.4999, 36.00681]}, "properties": {"record_id": "oai:u-bordeaux-montaigne.fr:340470", "symbol_class": "building", "pixel_x": 3312.7, "pixel_y": 1234.4, "easting": 373773.8, "northing": 301493.6, "epsg_source": 22391}}, {"type": "Feature", "geometry": {"type": "Point", "coordinates": [8.43502, 36.01034]}, "properties": {"record_id": "oai:u-bordeaux-montaigne.fr:340470", "symbol_class": "building", "pixel_x": 1928.5, "pixel_y": 1230.3, "easting": 367933.1, "northing": 301971.0, "epsg_source": 22391}}, {"type": "Feature", "geometry": {"type": "Point", "coordinates": [8.70714, 35.99584]}, "properties": {"record_id": "oai:u-bordeaux-montaigne.fr:340470", "symbol_class": "building", "pixel_x": 7733.9, "pixel_y": 1233.4, "easting": 392434.1, "northing": 300029.1, "epsg_source": 22391}}, {"type": "Feature", "geometry": {"type": "Point", "coordinates": [8.42906, 36.01024]}, "properties": {"record_id": "oai:u-bordeaux-montaigne.fr:340470", "symbol_class": "building", "pixel_x": 1801.9, "pixel_y": 1241.0, "easting": 367395.1, "northing": 301967.9, "epsg_source": 22391}}, {"type": "Feature", "geometry": {"type": "Point", "coordinates": [8.42428, 36.01018]}, "properties": {"record_id": "oai:u-bordeaux-montaigne.fr:340470", "symbol_class": "building", "pixel_x": 1700.6, "pixel_y": 1248.9, "easting": 366965.0, "northing": 301967.9, "epsg_source": 22391}}, {"type": "Feature", "geometry": {"type": "Point", "coordinates": [8.69746, 35.99569]}, "properties": {"record_id": "oai:u-bordeaux-montaigne.fr:340470", "symbol_class": "building", "pixel_x": 7528.6, "pixel_y": 1251.1, "easting": 391561.6, "northing": 300022.6, "epsg_source": 22391}}, {"type": "Feature", "geometry": {"type": "Point", "coordinates": [8.42003, 36.01007]}, "properties": {"record_id": "oai:u-bordeaux-montaigne.fr:340470", "symbol_class": "building", "pixel_x": 1610.5, "pixel_y": 1257.5, "easting": 366581.7, "northing": 301961.7, "epsg_source": 22391}}, {"type": "Feature", "geometry": {"type": "Point", "coordinates": [8.42963, 36.00927]}, "properties": {"record_id": "oai:u-bordeaux-montaigne.fr:340470", "symbol_class": "building", "pixel_x": 1815.8, "pixel_y": 1265.4, "easting": 367445.7, "northing": 301860.3, "epsg_source": 22391}}, {"type": "Feature", "geometry": {"type": "Point", "coordinates": [8.69018, 35.9956]}, "properties": {"record_id": "oai:u-bordeaux-montaigne.fr:340470", "symbol_class": "building", "pixel_x": 7374.0, "pixel_y": 1263.7, "easting": 390905.0, "northing": 300020.7, "epsg_source": 22391}}, {"type": "Feature", "geometry": {"type": "Point", "coordinates": [8.68088, 35.99551]}, "properties": {"record_id": "oai:u-bordeaux-montaigne.fr:340470", "symbol_class": "building", "pixel_x": 7176.6, "pixel_y": 1279.1, "easting": 390066.7, "northing": 300021.3, "epsg_source": 22391}}, {"type": "Feature", "geometry": {"type": "Point", "coordinates": [8.67977, 35.99547]}, "properties": {"record_id": "oai:u-bordeaux-montaigne.fr:340470", "symbol_class": "building", "pixel_x": 7153.1, "pixel_y": 1281.5, "easting": 389966.8, "northing": 300018.8, "epsg_source": 22391}}, {"type": "Feature", "geometry": {"type": "Point", "coordinates": [8.4993, 36.00464]}, "properties": {"record_id": "oai:u-bordeaux-montaigne.fr:340470", "symbol_class": "building", "pixel_x": 3303.5, "pixel_y": 1291.8, "easting": 373715.7, "northing": 301254.3, "epsg_source": 22391}}, {"type": "Feature", "geometry": {"type": "Point", "coordinates": [8.711, 35.99311]}, "properties": {"record_id": "oai:u-bordeaux-montaigne.fr:340470", "symbol_class": "building", "pixel_x": 7820.6, "pixel_y": 1299.4, "easting": 392778.1, "northing": 299721.5, "epsg_source": 22391}}, {"type": "Feature", "geometry": {"type": "Point", "coordinates": [8.66863, 35.99536]}, "properties": {"record_id": "oai:u-bordeaux-montaigne.fr:340470", "symbol_class": "building", "pixel_x": 6916.6, "pixel_y": 1300.1, "easting": 388962.4, "northing": 300019.0, "epsg_source": 22391}}, {"type": "Feature", "geometry": {"type": "Point", "coordinates": [8.4987, 36.00415]}, "properties": {"record_id": "oai:u-bordeaux-montaigne.fr:340470", "symbol_class": "building", "pixel_x": 3291.6, "pixel_y": 1305.5, "easting": 373661.0, "northing": 301200.4, "epsg_source": 22391}}, {"type": "Feature", "geometry": {"type": "Point", "coordinates": [8.66798, 35.99532]}, "properties": {"record_id": "oai:u-bordeaux-montaigne.fr:340470", "symbol_class": "building", "pixel_x": 6902.8, "pixel_y": 1302.1, "easting": 388903.7, "northing": 300015.2, "epsg_source": 22391}}, {"type": "Feature", "geometry": {"type": "Point", "coordinates": [8.66688, 35.99532]}, "properties": {"record_id": "oai:u-bordeaux-montaigne.fr:340470", "symbol_class": "building", "pixel_x": 6879.5, "pixel_y": 1303.6, "easting": 388804.8, "northing": 300016.6, "epsg_source": 22391}}, {"type": "Feature", "geometry": {"type": "Point", "coordinates": [8.42664, 36.00752]}, "properties": {"record_id": "oai:u-bordeaux-montaigne.fr:340470", "symbol_class": "building", "pixel_x": 1755.0, "pixel_y": 1315.1, "easting": 367172.6, "northing": 301670.5, "epsg_source": 22391}}, {"type": "Feature", "geometry": {"type": "Point", "coordinates": [8.38041, 36.00957]}, "properties": {"record_id": "oai:u-bordeaux-montaigne.fr:340470", "symbol_class": "building", "pixel_x": 769.6, "pixel_y": 1323.8, "easting": 363010.8, "northing": 301961.4, "epsg_source": 22391}}, {"type": "Feature", "geometry": {"type": "Point", "coordinates": [8.51434, 36.00237]}, "properties": {"record_id": "oai:u-bordeaux-montaigne.fr:340470", "symbol_class": "building", "pixel_x": 3626.8, "pixel_y": 1330.6, "easting": 375067.3, "northing": 300983.2, "epsg_source": 22391}}, {"type": "Feature", "geometry": {"type": "Point", "coordinates": [8.64752, 35.99509]}, "properties": {"record_id": "oai:u-bordeaux-montaigne.fr:340470", "symbol_class": "building", "pixel_x": 6468.5, "pixel_y": 1336.8, "easting": 387058.9, "northing": 300013.1, "epsg_source": 22391}}, {"type": "Feature", "geometry": {"type": "Point", "coordinates": [8.37155, 36.00942]}, "properties": {"record_id": "oai:u-bordeaux-montaigne.fr:340470", "symbol_class": "building", "pixel_x": 581.7, "pixel_y": 1339.6, "easting": 362212.3, "northing": 301956.7, "epsg_source": 22391}}, {"type": "Feature", "geometry": {"type": "Point", "coordinates": [8.50574, 36.00226]}, "properties": {"record_id": "oai:u-bordeaux-montaigne.fr:340470", "symbol_class": "building", "pixel_x": 3444.3, "pixel_y": 1345.4, "easting": 374292.1, "northing": 300981.5, "epsg_source": 22391}}, {"type": "Feature", "geometry": {"type": "Point", "coordinates": [8.64144, 35.99501]}, "properties": {"record_id": "oai:u-bordeaux-montaigne.fr:340470", "symbol_class": "building", "pixel_x": 6339.6, "pixel_y": 1347.3, "easting": 386511.4, "northing": 300011.4, "epsg_source": 22391}}, {"type": "Feature", "geometry": {"type": "Point", "coordinates": [8.71124, 35.991]}, "properties": {"record_id": "oai:u-bordeaux-montaigne.fr:340470", "symbol_class": "building", "pixel_x": 7829.5, "pixel_y": 1354.2, "easting": 392797.3, "northing": 299487.3, "epsg_source": 22391}}, {"type": "Feature", "geometry": {"type": "Point", "coordinates": [8.50188, 36.00219]}, "properties": {"record_id": "oai:u-bordeaux-montaigne.fr:340470", "symbol_class": "building", "pixel_x": 3362.4, "pixel_y": 1352.3, "easting": 373944.2, "northing": 300979.5, "epsg_source": 22391}}, {"type": "Feature", "geometry": {"type": "Point", "coordinates": [8.49914, 36.00218]}, "properties": {"record_id": "oai:u-bordeaux-montaigne.fr:340470", "symbol_class": "building", "pixel_x": 3304.3, "pixel_y": 1356.4, "easting": 373697.6, "northing": 300981.5, "epsg_source": 22391}}, {"type": "Feature", "geometry": {"type": "Point", "coordinates": [8.49815, 36.00217]}, "properties": {"record_id": "oai:u-bordeaux-montaigne.fr:340470", "symbol_class": "building", "pixel_x": 3283.3, "pixel_y": 1358.1, "easting": 373608.6, "northing": 300981.4, "epsg_source": 22391}}, {"type": "Feature", "geometry": {"type": "Point", "coordinates": [8.49668, 36.00215]}, "properties": {"record_id": "oai:u-bordeaux-montaigne.fr:340470", "symbol_class": "building", "pixel_x": 3252.1, "pixel_y": 1360.7, "easting": 373475.9, "northing": 300980.8, "epsg_source": 22391}}, {"type": "Feature", "geometry": {"type": "Point", "coordinates": [8.49372, 36.0021]}, "properties": {"record_id": "oai:u-bordeaux-montaigne.fr:340470", "symbol_class": "building", "pixel_x": 3189.2, "pixel_y": 1365.8, "easting": 373208.6, "northing": 300980.1, "epsg_source": 22391}}, {"type": "Feature", "geometry": {"type": "Point", "coordinates": [8.48798, 36.00205]}, "properties": {"record_id": "oai:u-bordeaux-montaigne.fr:340470", "symbol_class": "building", "pixel_x": 3067.4, "pixel_y": 1374.9, "easting": 372691.6, "northing": 300982.0, "epsg_source": 22391}}, {"type": "Feature", "geometry": {"type": "Point", "coordinates": [8.48702, 36.00179]}, "properties": {"record_id": "oai:u-bordeaux-montaigne.fr:340470", "symbol_class": "building", "pixel_x": 3047.4, "pixel_y": 1383.2, "easting": 372604.4, "northing": 300953.7, "epsg_source": 22391}}, {"type": "Feature", "geometry": {"type": "Point", "coordinates": [8.62162, 35.9948]}, "properties": {"record_id": "oai:u-bordeaux-montaigne.fr:340470", "symbol_class": "building", "pixel_x": 5919.0, "pixel_y": 1380.5, "easting": 384725.0, "northing": 300010.9, "epsg_source": 22391}}, {"type": "Feature", "geometry": {"type": "Point", "coordinates": [8.6204, 35.99479]}, "properties": {"record_id": "oai:u-bordeaux-montaigne.fr:340470", "symbol_class": "building", "pixel_x": 5892.9, "pixel_y": 1382.6, "easting": 384614.2, "northing": 300011.0, "epsg_source": 22391}}, {"type": "Feature", "geometry": {"type": "Point", "coordinates": [8.67074, 35.99139]}, "properties": {"record_id": "oai:u-bordeaux-montaigne.fr:340470", "symbol_class": "building", "pixel_x": 6968.3, "pixel_y": 1401.0, "easting": 389147.1, "northing": 299576.1, "epsg_source": 22391}}, {"type": "Feature", "geometry": {"type": "Point", "coordinates": [8.46669, 36.00176]}, "properties": {"record_id": "oai:u-bordeaux-montaigne.fr:340470", "symbol_class": "building", "pixel_x": 2615.5, "pixel_y": 1411.5, "easting": 370772.2, "northing": 300977.7, "epsg_source": 22391}}, {"type": "Feature", "geometry": {"type": "Point", "coordinates": [8.48623, 36.00064]}, "properties": {"record_id": "oai:u-bordeaux-montaigne.fr:340470", "symbol_class": "building", "pixel_x": 3032.6, "pixel_y": 1414.4, "easting": 372531.8, "northing": 300827.0, "epsg_source": 22391}}, {"type": "Feature", "geometry": {"type": "Point", "coordinates": [8.67063, 35.99069]}, "properties": {"record_id": "oai:u-bordeaux-montaigne.fr:340470", "symbol_class": "building", "pixel_x": 6967.1, "pixel_y": 1419.5, "easting": 389135.7, "northing": 299498.2, "epsg_source": 22391}}, {"type": "Feature", "geometry": {"type": "Point", "coordinates": [8.67093, 35.99045]}, "properties": {"record_id": "oai:u-bordeaux-montaigne.fr:340470", "symbol_class": "building", "pixel_x": 6974.0, "pixel_y": 1425.3, "easting": 389163.2, "northing": 299471.4, "epsg_source": 22391}}, {"type": "Feature", "geometry": {"type": "Point", "coordinates": [8.48595, 36.0001]}, "properties": {"record_id": "oai:u-bordeaux-montaigne.fr:340470", "symbol_class": "building", "pixel_x": 3027.6, "pixel_y": 1428.9, "easting": 372505.9, "northing": 300767.5, "epsg_source": 22391}}, {"type": "Feature", "geometry": {"type": "Point", "coordinates": [8.67007, 35.99033]}, "properties": {"record_id": "oai:u-bordeaux-montaigne.fr:340470", "symbol_class": "building", "pixel_x": 6955.9, "pixel_y": 1429.7, "easting": 389085.2, "northing": 299458.7, "epsg_source": 22391}}, {"type": "Feature", "geometry": {"type": "Point", "coordinates": [8.6705, 35.99005]}, "properties": {"record_id": "oai:u-bordeaux-montaigne.fr:340470", "symbol_class": "building", "pixel_x": 6965.4, "pixel_y": 1436.3, "easting": 389123.2, "northing": 299427.9, "epsg_source": 22391}}, {"type": "Feature", "geometry": {"type": "Point", "coordinates": [8.45234, 36.00158]}, "properties": {"record_id": "oai:u-bordeaux-montaigne.fr:340470", "symbol_class": "building", "pixel_x": 2311.0, "pixel_y": 1435.9, "easting": 369478.8, "northing": 300976.0, "epsg_source": 22391}}, {"type": "Feature", "geometry": {"type": "Point", "coordinates": [8.48716, 35.99969]}, "properties": {"record_id": "oai:u-bordeaux-montaigne.fr:340470", "symbol_class": "building", "pixel_x": 3054.0, "pixel_y": 1437.8, "easting": 372614.2, "northing": 300721.0, "epsg_source": 22391}}, {"type": "Feature", "geometry": {"type": "Point", "coordinates": [8.48803, 35.99943]}, "properties": {"record_id": "oai:u-bordeaux-montaigne.fr:340470", "symbol_class": "building", "pixel_x": 3072.8, "pixel_y": 1443.5, "easting": 372691.7, "northing": 300690.6, "epsg_source": 22391}}, {"type": "Feature", "geometry": {"type": "Point", "coordinates": [8.48674, 35.99877]}, "properties": {"record_id": "oai:u-bordeaux-montaigne.fr:340470", "symbol_class": "building", "pixel_x": 3046.5, "pixel_y": 1462.5, "easting": 372574.3, "northing": 300619.3, "epsg_source": 22391}}, {"type": "Feature", "geometry": {"type": "Point", "coordinates": [8.67768, 35.98849]}, "properties": {"record_id": "oai:u-bordeaux-montaigne.fr:340470", "symbol_class": "building", "pixel_x": 7120.7, "pixel_y": 1466.9, "easting": 389768.5, "northing": 299246.9, "epsg_source": 22391}}, {"type": "Feature", "geometry": {"type": "Point", "coordinates": [8.43453, 36.00129]}, "properties": {"record_id": "oai:u-bordeaux-montaigne.fr:340470", "symbol_class": "building", "pixel_x": 1933.0, "pixel_y": 1467.4, "easting": 367873.1, "northing": 300968.4, "epsg_source": 22391}}, {"type": "Feature", "geometry": {"type": "Point", "coordinates": [8.4328, 36.00128]}, "properties": {"record_id": "oai:u-bordeaux-montaigne.fr:340470", "symbol_class": "building", "pixel_x": 1896.3, "pixel_y": 1470.0, "easting": 367717.2, "northing": 300969.6, "epsg_source": 22391}}, {"type": "Feature", "geometry": {"type": "Point", "coordinates": [8.67762, 35.9878]}, "properties": {"record_id": "oai:u-bordeaux-montaigne.fr:340470", "symbol_class": "building", "pixel_x": 7120.7, "pixel_y": 1485.2, "easting": 389762.3, "northing": 299170.0, "epsg_source": 22391}}, {"type": "Feature", "geometry": {"type": "Point", "coordinates": [8.67813, 35.98783]}, "properties": {"record_id": "oai:u-bordeaux-montaigne.fr:340470", "symbol_class": "building", "pixel_x": 7131.5, "pixel_y": 1483.6, "easting": 389808.2, "northing": 299172.9, "epsg_source": 22391}}, {"type": "Feature", "geometry": {"type": "Point", "coordinates": [8.4179, 36.00108]}, "properties": {"record_id": "oai:u-bordeaux-montaigne.fr:340470", "symbol_class": "building", "pixel_x": 1580.1, "pixel_y": 1495.4, "easting": 366374.5, "northing": 300967.5, "epsg_source": 22391}}, {"type": "Feature", "geometry": {"type": "Point", "coordinates": [8.57882, 35.99239]}, "properties": {"record_id": "oai:u-bordeaux-montaigne.fr:340470", "symbol_class": "building", "pixel_x": 5013.6, "pixel_y": 1502.9, "easting": 380863.1, "northing": 299795.2, "epsg_source": 22391}}, {"type": "Feature", "geometry": {"type": "Point", "coordinates": [8.40636, 36.00088]}, "properties": {"record_id": "oai:u-bordeaux-montaigne.fr:340470", "symbol_class": "building", "pixel_x": 1335.3, "pixel_y": 1516.0, "easting": 365334.4, "northing": 300961.8, "epsg_source": 22391}}, {"type": "Feature", "geometry": {"type": "Point", "coordinates": [8.54447, 35.99226]}, "properties": {"record_id": "oai:u-bordeaux-montaigne.fr:340470", "symbol_class": "building", "pixel_x": 4284.1, "pixel_y": 1553.6, "easting": 377767.4, "northing": 299823.5, "epsg_source": 22391}}, {"type": "Feature", "geometry": {"type": "Point", "coordinates": [8.58832, 35.98959]}, "properties": {"record_id": "oai:u-bordeaux-montaigne.fr:340470", "symbol_class": "building", "pixel_x": 5220.2, "pixel_y": 1562.9, "easting": 381715.5, "northing": 299473.3, "epsg_source": 22391}}, {"type": "Feature", "geometry": {"type": "Point", "coordinates": [8.38055, 36.00055]}, "properties": {"record_id": "oai:u-bordeaux-montaigne.fr:340470", "symbol_class": "building", "pixel_x": 787.5, "pixel_y": 1559.5, "easting": 363007.9, "northing": 300960.3, "epsg_source": 22391}}, {"type": "Feature", "geometry": {"type": "Point", "coordinates": [8.37914, 36.00049]}, "properties": {"record_id": "oai:u-bordeaux-montaigne.fr:340470", "symbol_class": "building", "pixel_x": 757.6, "pixel_y": 1562.9, "easting": 362880.6, "northing": 300956.0, "epsg_source": 22391}}, {"type": "Feature", "geometry": {"type": "Point", "coordinates": [8.6462, 35.98636]}, "properties": {"record_id": "oai:u-bordeaux-montaigne.fr:340470", "symbol_class": "building", "pixel_x": 6455.5, "pixel_y": 1566.7, "easting": 386927.6, "northing": 299046.9, "epsg_source": 22391}}, {"type": "Feature", "geometry": {"type": "Point", "coordinates": [8.37675, 36.00047]}, "properties": {"record_id": "oai:u-bordeaux-montaigne.fr:340470", "symbol_class": "building", "pixel_x": 706.7, "pixel_y": 1566.5, "easting": 362664.7, "northing": 300957.7, "epsg_source": 22391}}, {"type": "Feature", "geometry": {"type": "Point", "coordinates": [8.38055, 35.99999]}, "properties": {"record_id": "oai:u-bordeaux-montaigne.fr:340470", "symbol_class": "building", "pixel_x": 788.4, "pixel_y": 1574.1, "easting": 363006.9, "northing": 300898.4, "epsg_source": 22391}}, {"type": "Feature", "geometry": {"type": "Point", "coordinates": [8.54516, 35.99087]}, "properties": {"record_id": "oai:u-bordeaux-montaigne.fr:340470", "symbol_class": "building", "pixel_x": 4301.0, "pixel_y": 1589.1, "easting": 377827.0, "northing": 299667.9, "epsg_source": 22391}}, {"type": "Feature", "geometry": {"type": "Point", "coordinates": [8.3806, 35.99871]}, "properties": {"record_id": "oai:u-bordeaux-montaigne.fr:340470", "symbol_class": "building", "pixel_x": 791.5, "pixel_y": 1607.5, "easting": 363009.0, "northing": 300756.3, "epsg_source": 22391}}, {"type": "Feature", "geometry": {"type": "Point", "coordinates": [8.70097, 35.98107]}, "properties": {"record_id": "oai:u-bordeaux-montaigne.fr:340470", "symbol_class": "building", "pixel_x": 7628.4, "pixel_y": 1628.2, "easting": 391857.8, "northing": 298397.5, "epsg_source": 22391}}, {"type": "Feature", "geometry": {"type": "Point", "coordinates": [8.71503, 35.98004]}, "properties": {"record_id": "oai:u-bordeaux-montaigne.fr:340470", "symbol_class": "building", "pixel_x": 7928.9, "pixel_y": 1635.4, "easting": 393123.4, "northing": 298267.3, "epsg_source": 22391}}, {"type": "Feature", "geometry": {"type": "Point", "coordinates": [8.64752, 35.98275]}, "properties": {"record_id": "oai:u-bordeaux-montaigne.fr:340470", "symbol_class": "building", "pixel_x": 6489.9, "pixel_y": 1659.2, "easting": 387042.1, "northing": 298645.0, "epsg_source": 22391}}, {"type": "Feature", "geometry": {"type": "Point", "coordinates": [8.64803, 35.9827]}, "properties": {"record_id": "oai:u-bordeaux-montaigne.fr:340470", "symbol_class": "building", "pixel_x": 6500.7, "pixel_y": 1659.8, "easting": 387087.5, "northing": 298638.7, "epsg_source": 22391}}, {"type": "Feature", "geometry": {"type": "Point", "coordinates": [8.64652, 35.98226]}, "properties": {"record_id": "oai:u-bordeaux-montaigne.fr:340470", "symbol_class": "building", "pixel_x": 6469.5, "pixel_y": 1673.4, "easting": 386951.2, "northing": 298591.7, "epsg_source": 22391}}, {"type": "Feature", "geometry": {"type": "Point", "coordinates": [8.55996, 35.9863]}, "properties": {"record_id": "oai:u-bordeaux-montaigne.fr:340470", "symbol_class": "building", "pixel_x": 4623.3, "pixel_y": 1688.2, "easting": 379154.2, "northing": 299142.8, "epsg_source": 22391}}, {"type": "Feature", "geometry": {"type": "Point", "coordinates": [8.55967, 35.98573]}, "properties": {"record_id": "oai:u-bordeaux-montaigne.fr:340470", "symbol_class": "building", "pixel_x": 4618.0, "pixel_y": 1703.3, "easting": 379127.2, "northing": 299080.6, "epsg_source": 22391}}, {"type": "Feature", "geometry": {"type": "Point", "coordinates": [8.38061, 35.99472]}, "properties": {"record_id": "oai:u-bordeaux-montaigne.fr:340470", "symbol_class": "building", "pixel_x": 798.3, "pixel_y": 1711.7, "easting": 363003.0, "northing": 300314.3, "epsg_source": 22391}}, {"type": "Feature", "geometry": {"type": "Point", "coordinates": [8.56012, 35.98542]}, "properties": {"record_id": "oai:u-bordeaux-montaigne.fr:340470", "symbol_class": "building", "pixel_x": 4628.1, "pixel_y": 1711.0, "easting": 379167.2, "northing": 299044.9, "epsg_source": 22391}}, {"type": "Feature", "geometry": {"type": "Point", "coordinates": [8.38068, 35.99397]}, "properties": {"record_id": "oai:u-bordeaux-montaigne.fr:340470", "symbol_class": "building", "pixel_x": 801.0, "pixel_y": 1731.2, "easting": 363007.8, "northing": 300230.9, "epsg_source": 22391}}, {"type": "Feature", "geometry": {"type": "Point", "coordinates": [8.40226, 35.99173]}, "properties": {"record_id": "oai:u-bordeaux-montaigne.fr:340470", "symbol_class": "building", "pixel_x": 1263.3, "pixel_y": 1760.8, "easting": 364949.3, "northing": 299952.3, "epsg_source": 22391}}, {"type": "Feature", "geometry": {"type": "Point", "coordinates": [8.57402, 35.9822]}, "properties": {"record_id": "oai:u-bordeaux-montaigne.fr:340470", "symbol_class": "building", "pixel_x": 4929.0, "pixel_y": 1775.8, "easting": 380415.7, "northing": 298671.4, "epsg_source": 22391}}, {"type": "Feature", "geometry": {"type": "Point", "coordinates": [8.57359, 35.98143]}, "properties": {"record_id": "oai:u-bordeaux-montaigne.fr:340470", "symbol_class": "building", "pixel_x": 4921.2, "pixel_y": 1796.7, "easting": 380375.9, "northing": 298585.8, "epsg_source": 22391}}, {"type": "Feature", "geometry": {"type": "Point", "coordinates": [8.40241, 35.99009]}, "properties": {"record_id": "oai:u-bordeaux-montaigne.fr:340470", "symbol_class": "building", "pixel_x": 1269.2, "pixel_y": 1803.6, "easting": 364959.7, "northing": 299769.8, "epsg_source": 22391}}, {"type": "Feature", "geometry": {"type": "Point", "coordinates": [8.72503, 35.97252]}, "properties": {"record_id": "oai:u-bordeaux-montaigne.fr:340470", "symbol_class": "building", "pixel_x": 8154.6, "pixel_y": 1817.6, "easting": 394015.4, "northing": 297423.4, "epsg_source": 22391}}, {"type": "Feature", "geometry": {"type": "Point", "coordinates": [8.64126, 35.97614]}, "properties": {"record_id": "oai:u-bordeaux-montaigne.fr:340470", "symbol_class": "building", "pixel_x": 6368.1, "pixel_y": 1840.8, "easting": 386467.8, "northing": 297918.6, "epsg_source": 22391}}, {"type": "Feature", "geometry": {"type": "Point", "coordinates": [8.57239, 35.97914]}, "properties": {"record_id": "oai:u-bordeaux-montaigne.fr:340470", "symbol_class": "building", "pixel_x": 4899.7, "pixel_y": 1858.1, "easting": 380264.4, "northing": 298333.7, "epsg_source": 22391}}, {"type": "Feature", "geometry": {"type": "Point", "coordinates": [8.48245, 35.98389]}, "properties": {"record_id": "oai:u-bordeaux-montaigne.fr:340470", "symbol_class": "building", "pixel_x": 2980.4, "pixel_y": 1857.4, "easting": 372164.1, "northing": 298974.3, "epsg_source": 22391}}, {"type": "Feature", "geometry": {"type": "Point", "coordinates": [8.7226, 35.97073]}, "properties": {"record_id": "oai:u-bordeaux-montaigne.fr:340470", "symbol_class": "building", "pixel_x": 8106.0, "pixel_y": 1867.8, "easting": 393793.8, "northing": 297227.5, "epsg_source": 22391}}, {"type": "Feature", "geometry": {"type": "Point", "coordinates": [8.48124, 35.98387]}, "properties": {"record_id": "oai:u-bordeaux-montaigne.fr:340470", "symbol_class": "building", "pixel_x": 2954.7, "pixel_y": 1859.5, "easting": 372055.1, "northing": 298973.7, "epsg_source": 22391}}, {"type": "Feature", "geometry": {"type": "Point", "coordinates": [8.72324, 35.97076]}, "properties": {"record_id": "oai:u-bordeaux-montaigne.fr:340470", "symbol_class": "building", "pixel_x": 8119.6, "pixel_y": 1866.1, "easting": 393851.8, "northing": 297229.9, "epsg_source": 22391}}, {"type": "Feature", "geometry": {"type": "Point", "coordinates": [8.47595, 35.98381]}, "properties": {"record_id": "oai:u-bordeaux-montaigne.fr:340470", "symbol_class": "building", "pixel_x": 2842.3, "pixel_y": 1868.3, "easting": 371577.9, "northing": 298973.9, "epsg_source": 22391}}, {"type": "Feature", "geometry": {"type": "Point", "coordinates": [8.58287, 35.97748]}, "properties": {"record_id": "oai:u-bordeaux-montaigne.fr:340470", "symbol_class": "building", "pixel_x": 5125.1, "pixel_y": 1887.0, "easting": 381206.3, "northing": 298136.7, "epsg_source": 22391}}, {"type": "Feature", "geometry": {"type": "Point", "coordinates": [8.46995, 35.98373]}, "properties": {"record_id": "oai:u-bordeaux-montaigne.fr:340470", "symbol_class": "building", "pixel_x": 2715.0, "pixel_y": 1878.4, "easting": 371037.1, "northing": 298973.6, "epsg_source": 22391}}, {"type": "Feature", "geometry": {"type": "Point", "coordinates": [8.72257, 35.97011]}, "properties": {"record_id": "oai:u-bordeaux-montaigne.fr:340470", "symbol_class": "building", "pixel_x": 8106.4, "pixel_y": 1884.2, "easting": 393789.9, "northing": 297158.3, "epsg_source": 22391}}, {"type": "Feature", "geometry": {"type": "Point", "coordinates": [8.64759, 35.97379]}, "properties": {"record_id": "oai:u-bordeaux-montaigne.fr:340470", "symbol_class": "building", "pixel_x": 6506.7, "pixel_y": 1893.4, "easting": 387035.4, "northing": 297650.7, "epsg_source": 22391}}, {"type": "Feature", "geometry": {"type": "Point", "coordinates": [8.46123, 35.98361]}, "properties": {"record_id": "oai:u-bordeaux-montaigne.fr:340470", "symbol_class": "building", "pixel_x": 2529.8, "pixel_y": 1893.5, "easting": 370250.3, "northing": 298971.7, "epsg_source": 22391}}, {"type": "Feature", "geometry": {"type": "Point", "coordinates": [8.64802, 35.9734]}, "properties": {"record_id": "oai:u-bordeaux-montaigne.fr:340470", "symbol_class": "building", "pixel_x": 6516.5, "pixel_y": 1903.0, "easting": 387073.3, "northing": 297606.8, "epsg_source": 22391}}, {"type": "Feature", "geometry": {"type": "Point", "coordinates": [8.72065, 35.9694]}, "properties": {"record_id": "oai:u-bordeaux-montaigne.fr:340470", "symbol_class": "building", "pixel_x": 8066.7, "pixel_y": 1905.3, "easting": 393615.7, "northing": 297082.0, "epsg_source": 22391}}, {"type": "Feature", "geometry": {"type": "Point", "coordinates": [8.45699, 35.98357]}, "properties": {"record_id": "oai:u-bordeaux-montaigne.fr:340470", "symbol_class": "building", "pixel_x": 2439.8, "pixel_y": 1900.4, "easting": 369868.2, "northing": 298972.5, "epsg_source": 22391}}, {"type": "Feature", "geometry": {"type": "Point", "coordinates": [8.38077, 35.98708]}, "properties": {"record_id": "oai:u-bordeaux-montaigne.fr:340470", "symbol_class": "building", "pixel_x": 814.3, "pixel_y": 1911.2, "easting": 363004.2, "northing": 299466.6, "epsg_source": 22391}}, {"type": "Feature", "geometry": {"type": "Point", "coordinates": [8.58225, 35.97662]}, "properties": {"record_id": "oai:u-bordeaux-montaigne.fr:340470", "symbol_class": "building", "pixel_x": 5113.4, "pixel_y": 1910.4, "easting": 381149.0, "northing": 298041.7, "epsg_source": 22391}}, {"type": "Feature", "geometry": {"type": "Point", "coordinates": [8.58262, 35.97661]}, "properties": {"record_id": "oai:u-bordeaux-montaigne.fr:340470", "symbol_class": "building", "pixel_x": 5121.3, "pixel_y": 1910.1, "easting": 381182.7, "northing": 298040.4, "epsg_source": 22391}}, {"type": "Feature", "geometry": {"type": "Point", "coordinates": [8.58299, 35.9766]}, "properties": {"record_id": "oai:u-bordeaux-montaigne.fr:340470", "symbol_class": "building", "pixel_x": 5129.1, "pixel_y": 1909.8, "easting": 381215.8, "northing": 298039.1, "epsg_source": 22391}}, {"type": "Feature", "geometry": {"type": "Point", "coordinates": [8.44962, 35.98347]}, "properties": {"record_id": "oai:u-bordeaux-montaigne.fr:340470", "symbol_class": "building", "pixel_x": 2283.4, "pixel_y": 1913.0, "easting": 369204.1, "northing": 298971.2, "epsg_source": 22391}}, {"type": "Feature", "geometry": {"type": "Point", "coordinates": [8.65067, 35.97261]}, "properties": {"record_id": "oai:u-bordeaux-montaigne.fr:340470", "symbol_class": "building", "pixel_x": 6574.2, "pixel_y": 1919.8, "easting": 387311.3, "northing": 297516.6, "epsg_source": 22391}}, {"type": "Feature", "geometry": {"type": "Point", "coordinates": [8.72115, 35.96898]}, "properties": {"record_id": "oai:u-bordeaux-montaigne.fr:340470", "symbol_class": "building", "pixel_x": 8078.3, "pixel_y": 1915.8, "easting": 393660.9, "northing": 297034.1, "epsg_source": 22391}}, {"type": "Feature", "geometry": {"type": "Point", "coordinates": [8.72004, 35.96895]}, "properties": {"record_id": "oai:u-bordeaux-montaigne.fr:340470", "symbol_class": "building", "pixel_x": 8054.7, "pixel_y": 1918.1, "easting": 393560.7, "northing": 297031.9, "epsg_source": 22391}}, {"type": "Feature", "geometry": {"type": "Point", "coordinates": [8.719, 35.9689]}, "properties": {"record_id": "oai:u-bordeaux-montaigne.fr:340470", "symbol_class": "building", "pixel_x": 8032.7, "pixel_y": 1920.9, "easting": 393466.7, "northing": 297027.6, "epsg_source": 22391}}, {"type": "Feature", "geometry": {"type": "Point", "coordinates": [8.44345, 35.9834]}, "properties": {"record_id": "oai:u-bordeaux-montaigne.fr:340470", "symbol_class": "building", "pixel_x": 2152.3, "pixel_y": 1923.2, "easting": 368647.5, "northing": 298971.7, "epsg_source": 22391}}, {"type": "Feature", "geometry": {"type": "Point", "coordinates": [8.7148, 35.96887]}, "properties": {"record_id": "oai:u-bordeaux-montaigne.fr:340470", "symbol_class": "building", "pixel_x": 7943.4, "pixel_y": 1927.5, "easting": 393087.6, "northing": 297029.3, "epsg_source": 22391}}, {"type": "Feature", "geometry": {"type": "Point", "coordinates": [8.67184, 35.97059]}, "properties": {"record_id": "oai:u-bordeaux-montaigne.fr:340470", "symbol_class": "building", "pixel_x": 7027.6, "pixel_y": 1943.0, "easting": 389217.4, "northing": 297268.3, "epsg_source": 22391}}, {"type": "Feature", "geometry": {"type": "Point", "coordinates": [8.70652, 35.96876]}, "properties": {"record_id": "oai:u-bordeaux-montaigne.fr:340470", "symbol_class": "building", "pixel_x": 7767.7, "pixel_y": 1942.0, "easting": 392341.1, "northing": 297026.5, "epsg_source": 22391}}, {"type": "Feature", "geometry": {"type": "Point", "coordinates": [8.4246, 35.98315]}, "properties": {"record_id": "oai:u-bordeaux-montaigne.fr:340470", "symbol_class": "building", "pixel_x": 1752.2, "pixel_y": 1955.1, "easting": 366948.3, "northing": 298969.8, "epsg_source": 22391}}, {"type": "Feature", "geometry": {"type": "Point", "coordinates": [8.38082, 35.98523]}, "properties": {"record_id": "oai:u-bordeaux-montaigne.fr:340470", "symbol_class": "building", "pixel_x": 818.5, "pixel_y": 1959.5, "easting": 363005.8, "northing": 299261.4, "epsg_source": 22391}}, {"type": "Feature", "geometry": {"type": "Point", "coordinates": [8.67211, 35.96973]}, "properties": {"record_id": "oai:u-bordeaux-montaigne.fr:340470", "symbol_class": "building", "pixel_x": 7034.8, "pixel_y": 1965.2, "easting": 389240.2, "northing": 297172.1, "epsg_source": 22391}}, {"type": "Feature", "geometry": {"type": "Point", "coordinates": [8.38085, 35.98461]}, "properties": {"record_id": "oai:u-bordeaux-montaigne.fr:340470", "symbol_class": "building", "pixel_x": 820.0, "pixel_y": 1975.7, "easting": 363006.8, "northing": 299192.7, "epsg_source": 22391}}, {"type": "Feature", "geometry": {"type": "Point", "coordinates": [8.67259, 35.96919]}, "properties": {"record_id": "oai:u-bordeaux-montaigne.fr:340470", "symbol_class": "building", "pixel_x": 7045.8, "pixel_y": 1978.6, "easting": 389282.4, "northing": 297111.7, "epsg_source": 22391}}, {"type": "Feature", "geometry": {"type": "Point", "coordinates": [8.68094, 35.9685]}, "properties": {"record_id": "oai:u-bordeaux-montaigne.fr:340470", "symbol_class": "building", "pixel_x": 7224.5, "pixel_y": 1985.0, "easting": 390034.4, "northing": 297025.5, "epsg_source": 22391}}, {"type": "Feature", "geometry": {"type": "Point", "coordinates": [8.68002, 35.96846]}, "properties": {"record_id": "oai:u-bordeaux-montaigne.fr:340470", "symbol_class": "building", "pixel_x": 7205.0, "pixel_y": 1987.3, "easting": 389951.3, "northing": 297022.2, "epsg_source": 22391}}, {"type": "Feature", "geometry": {"type": "Point", "coordinates": [8.40353, 35.98284]}, "properties": {"record_id": "oai:u-bordeaux-montaigne.fr:340470", "symbol_class": "building", "pixel_x": 1305.0, "pixel_y": 1991.5, "easting": 365048.5, "northing": 298964.7, "epsg_source": 22391}}, {"type": "Feature", "geometry": {"type": "Point", "coordinates": [8.40253, 35.98284]}, "properties": {"record_id": "oai:u-bordeaux-montaigne.fr:340470", "symbol_class": "building", "pixel_x": 1283.7, "pixel_y": 1993.0, "easting": 364958.0, "northing": 298965.7, "epsg_source": 22391}}, {"type": "Feature", "geometry": {"type": "Point", "coordinates": [8.40109, 35.98282]}, "properties": {"record_id": "oai:u-bordeaux-montaigne.fr:340470", "symbol_class": "building", "pixel_x": 1253.2, "pixel_y": 1995.3, "easting": 364828.8, "northing": 298965.8, "epsg_source": 22391}}, {"type": "Feature", "geometry": {"type": "Point", "coordinates": [8.64254, 35.96985]}, "properties": {"record_id": "oai:u-bordeaux-montaigne.fr:340470", "symbol_class": "building", "pixel_x": 6406.3, "pixel_y": 2003.5, "easting": 386574.9, "northing": 297219.3, "epsg_source": 22391}}, {"type": "Feature", "geometry": {"type": "Point", "coordinates": [8.70232, 35.96645]}, "properties": {"record_id": "oai:u-bordeaux-montaigne.fr:340470", "symbol_class": "building", "pixel_x": 7682.5, "pixel_y": 2008.4, "easting": 391959.6, "northing": 296774.5, "epsg_source": 22391}}, {"type": "Feature", "geometry": {"type": "Point", "coordinates": [8.39576, 35.98277]}, "properties": {"record_id": "oai:u-bordeaux-montaigne.fr:340470", "symbol_class": "building", "pixel_x": 1140.0, "pixel_y": 2003.8, "easting": 364348.2, "northing": 298967.4, "epsg_source": 22391}}, {"type": "Feature", "geometry": {"type": "Point", "coordinates": [8.66866, 35.96834]}, "properties": {"record_id": "oai:u-bordeaux-montaigne.fr:340470", "symbol_class": "building", "pixel_x": 6963.8, "pixel_y": 2006.5, "easting": 388927.0, "northing": 297021.5, "epsg_source": 22391}}, {"type": "Feature", "geometry": {"type": "Point", "coordinates": [8.39133, 35.98271]}, "properties": {"record_id": "oai:u-bordeaux-montaigne.fr:340470", "symbol_class": "building", "pixel_x": 1045.9, "pixel_y": 2011.2, "easting": 363948.3, "northing": 298967.5, "epsg_source": 22391}}, {"type": "Feature", "geometry": {"type": "Point", "coordinates": [8.66561, 35.96832]}, "properties": {"record_id": "oai:u-bordeaux-montaigne.fr:340470", "symbol_class": "building", "pixel_x": 6899.0, "pixel_y": 2011.2, "easting": 388651.9, "northing": 297023.3, "epsg_source": 22391}}, {"type": "Feature", "geometry": {"type": "Point", "coordinates": [8.58395, 35.97258]}, "properties": {"record_id": "oai:u-bordeaux-montaigne.fr:340470", "symbol_class": "building", "pixel_x": 5156.3, "pixel_y": 2013.7, "easting": 381295.9, "northing": 297591.5, "epsg_source": 22391}}, {"type": "Feature", "geometry": {"type": "Point", "coordinates": [8.38942, 35.98269]}, "properties": {"record_id": "oai:u-bordeaux-montaigne.fr:340470", "symbol_class": "building", "pixel_x": 1005.5, "pixel_y": 2014.4, "easting": 363776.7, "northing": 298967.5, "epsg_source": 22391}}, {"type": "Feature", "geometry": {"type": "Point", "coordinates": [8.37476, 35.98247]}, "properties": {"record_id": "oai:u-bordeaux-montaigne.fr:340470", "symbol_class": "building", "pixel_x": 694.2, "pixel_y": 2039.8, "easting": 362454.7, "northing": 298963.8, "epsg_source": 22391}}, {"type": "Feature", "geometry": {"type": "Point", "coordinates": [8.37107, 35.98242]}, "properties": {"record_id": "oai:u-bordeaux-montaigne.fr:340470", "symbol_class": "building", "pixel_x": 615.8, "pixel_y": 2046.0, "easting": 362121.8, "northing": 298963.5, "epsg_source": 22391}}, {"type": "Feature", "geometry": {"type": "Point", "coordinates": [8.40248, 35.97926]}, "properties": {"record_id": "oai:u-bordeaux-montaigne.fr:340470", "symbol_class": "building", "pixel_x": 1288.5, "pixel_y": 2086.5, "easting": 364947.3, "northing": 298569.1, "epsg_source": 22391}}, {"type": "Feature", "geometry": {"type": "Point", "coordinates": [8.69745, 35.96368]}, "properties": {"record_id": "oai:u-bordeaux-montaigne.fr:340470", "symbol_class": "building", "pixel_x": 7583.7, "pixel_y": 2087.7, "easting": 391516.5, "northing": 296472.5, "epsg_source": 22391}}, {"type": "Feature", "geometry": {"type": "Point", "coordinates": [8.54945, 35.97129]}, "properties": {"record_id": "oai:u-bordeaux-montaigne.fr:340470", "symbol_class": "building", "pixel_x": 4425.4, "pixel_y": 2094.9, "easting": 378184.2, "northing": 297491.6, "epsg_source": 22391}}, {"type": "Feature", "geometry": {"type": "Point", "coordinates": [8.62762, 35.96738]}, "properties": {"record_id": "oai:u-bordeaux-montaigne.fr:340470", "symbol_class": "building", "pixel_x": 6093.4, "pixel_y": 2088.8, "easting": 385226.1, "northing": 296963.0, "epsg_source": 22391}}, {"type": "Feature", "geometry": {"type": "Point", "coordinates": [8.62715, 35.96737]}, "properties": {"record_id": "oai:u-bordeaux-montaigne.fr:340470", "symbol_class": "building", "pixel_x": 6083.4, "pixel_y": 2089.9, "easting": 385183.6, "northing": 296961.9, "epsg_source": 22391}}, {"type": "Feature", "geometry": {"type": "Point", "coordinates": [8.54983, 35.97111]}, "properties": {"record_id": "oai:u-bordeaux-montaigne.fr:340470", "symbol_class": "building", "pixel_x": 4433.7, "pixel_y": 2099.0, "easting": 378217.8, "northing": 297471.5, "epsg_source": 22391}}, {"type": "Feature", "geometry": {"type": "Point", "coordinates": [8.5144, 35.97289]}, "properties": {"record_id": "oai:u-bordeaux-montaigne.fr:340470", "symbol_class": "building", "pixel_x": 3677.7, "pixel_y": 2101.2, "easting": 375026.3, "northing": 297713.4, "epsg_source": 22391}}, {"type": "Feature", "geometry": {"type": "Point", "coordinates": [8.4466, 35.97574]}, "properties": {"record_id": "oai:u-bordeaux-montaigne.fr:340470", "symbol_class": "building", "pixel_x": 2232.1, "pixel_y": 2118.9, "easting": 368919.1, "northing": 298118.9, "epsg_source": 22391}}, {"type": "Feature", "geometry": {"type": "Point", "coordinates": [8.45816, 35.9752]}, "properties": {"record_id": "oai:u-bordeaux-montaigne.fr:340470", "symbol_class": "building", "pixel_x": 2478.7, "pixel_y": 2117.5, "easting": 369960.5, "northing": 298043.1, "epsg_source": 22391}}, {"type": "Feature", "geometry": {"type": "Point", "coordinates": [8.4685, 35.97473]}, "properties": {"record_id": "oai:u-bordeaux-montaigne.fr:340470", "symbol_class": "building", "pixel_x": 2699.2, "pixel_y": 2115.6, "easting": 370891.5, "northing": 297977.6, "epsg_source": 22391}}, {"type": "Feature", "geometry": {"type": "Point", "coordinates": [8.64862, 35.96512]}, "properties": {"record_id": "oai:u-bordeaux-montaigne.fr:340470", "symbol_class": "building", "pixel_x": 6543.6, "pixel_y": 2118.5, "easting": 387116.1, "northing": 296688.3, "epsg_source": 22391}}, {"type": "Feature", "geometry": {"type": "Point", "coordinates": [8.45771, 35.97519]}, "properties": {"record_id": "oai:u-bordeaux-montaigne.fr:340470", "symbol_class": "building", "pixel_x": 2469.2, "pixel_y": 2118.4, "easting": 369919.9, "northing": 298042.3, "epsg_source": 22391}}, {"type": "Feature", "geometry": {"type": "Point", "coordinates": [8.44621, 35.97539]}, "properties": {"record_id": "oai:u-bordeaux-montaigne.fr:340470", "symbol_class": "building", "pixel_x": 2224.3, "pixel_y": 2128.6, "easting": 368883.1, "northing": 298080.6, "epsg_source": 22391}}, {"type": "Feature", "geometry": {"type": "Point", "coordinates": [8.65098, 35.96362]}, "properties": {"record_id": "oai:u-bordeaux-montaigne.fr:340470", "symbol_class": "building", "pixel_x": 6596.2, "pixel_y": 2154.5, "easting": 387326.1, "northing": 296518.6, "epsg_source": 22391}}, {"type": "Feature", "geometry": {"type": "Point", "coordinates": [8.72405, 35.95986]}, "properties": {"record_id": "oai:u-bordeaux-montaigne.fr:340470", "symbol_class": "building", "pixel_x": 8155.7, "pixel_y": 2149.8, "easting": 393909.9, "northing": 296020.3, "epsg_source": 22391}}, {"type": "Feature", "geometry": {"type": "Point", "coordinates": [8.44697, 35.97445]}, "properties": {"record_id": "oai:u-bordeaux-montaigne.fr:340470", "symbol_class": "building", "pixel_x": 2242.2, "pixel_y": 2152.2, "easting": 368950.6, "northing": 297974.8, "epsg_source": 22391}}, {"type": "Feature", "geometry": {"type": "Point", "coordinates": [8.39169, 35.97694]}, "properties": {"record_id": "oai:u-bordeaux-montaigne.fr:340470", "symbol_class": "building", "pixel_x": 1063.1, "pixel_y": 2161.7, "easting": 363971.0, "northing": 298326.8, "epsg_source": 22391}}, {"type": "Feature", "geometry": {"type": "Point", "coordinates": [8.44216, 35.97437]}, "properties": {"record_id": "oai:u-bordeaux-montaigne.fr:340470", "symbol_class": "building", "pixel_x": 2140.1, "pixel_y": 2160.8, "easting": 368516.7, "northing": 297972.8, "epsg_source": 22391}}, {"type": "Feature", "geometry": {"type": "Point", "coordinates": [8.61987, 35.96474]}, "properties": {"record_id": "oai:u-bordeaux-montaigne.fr:340470", "symbol_class": "building", "pixel_x": 5933.1, "pixel_y": 2168.7, "easting": 384522.8, "northing": 296679.3, "epsg_source": 22391}}, {"type": "Feature", "geometry": {"type": "Point", "coordinates": [8.66391, 35.96226]}, "properties": {"record_id": "oai:u-bordeaux-montaigne.fr:340470", "symbol_class": "building", "pixel_x": 6873.3, "pixel_y": 2172.0, "easting": 388490.1, "northing": 296352.9, "epsg_source": 22391}}, {"type": "Feature", "geometry": {"type": "Point", "coordinates": [8.42611, 35.97418]}, "properties": {"record_id": "oai:u-bordeaux-montaigne.fr:340470", "symbol_class": "building", "pixel_x": 1799.3, "pixel_y": 2187.4, "easting": 367069.6, "northing": 297973.5, "epsg_source": 22391}}, {"type": "Feature", "geometry": {"type": "Point", "coordinates": [8.6895, 35.95947]}, "properties": {"record_id": "oai:u-bordeaux-montaigne.fr:340470", "symbol_class": "building", "pixel_x": 7422.1, "pixel_y": 2208.9, "easting": 390794.2, "northing": 296014.7, "epsg_source": 22391}}, {"type": "Feature", "geometry": {"type": "Point", "coordinates": [8.68223, 35.95935]}, "properties": {"record_id": "oai:u-bordeaux-montaigne.fr:340470", "symbol_class": "building", "pixel_x": 7267.8, "pixel_y": 2222.2, "easting": 390138.4, "northing": 296010.1, "epsg_source": 22391}}, {"type": "Feature", "geometry": {"type": "Point", "coordinates": [8.67023, 35.95922]}, "properties": {"record_id": "oai:u-bordeaux-montaigne.fr:340470", "symbol_class": "building", "pixel_x": 7013.0, "pixel_y": 2242.5, "easting": 389056.2, "northing": 296008.8, "epsg_source": 22391}}, {"type": "Feature", "geometry": {"type": "Point", "coordinates": [8.38937, 35.97365]}, "properties": {"record_id": "oai:u-bordeaux-montaigne.fr:340470", "symbol_class": "building", "pixel_x": 1019.3, "pixel_y": 2250.7, "easting": 363756.5, "northing": 297965.6, "epsg_source": 22391}}, {"type": "Feature", "geometry": {"type": "Point", "coordinates": [8.66508, 35.95917]}, "properties": {"record_id": "oai:u-bordeaux-montaigne.fr:340470", "symbol_class": "building", "pixel_x": 6903.5, "pixel_y": 2251.0, "easting": 388591.2, "northing": 296009.4, "epsg_source": 22391}}, {"type": "Feature", "geometry": {"type": "Point", "coordinates": [8.65241, 35.95903]}, "properties": {"record_id": "oai:u-bordeaux-montaigne.fr:340470", "symbol_class": "building", "pixel_x": 6634.6, "pixel_y": 2272.5, "easting": 387449.2, "northing": 296007.7, "epsg_source": 22391}}, {"type": "Feature", "geometry": {"type": "Point", "coordinates": [8.51457, 35.96539]}, "properties": {"record_id": "oai:u-bordeaux-montaigne.fr:340470", "symbol_class": "building", "pixel_x": 3694.1, "pixel_y": 2297.0, "easting": 375030.3, "northing": 296881.4, "epsg_source": 22391}}, {"type": "Feature", "geometry": {"type": "Point", "coordinates": [8.64294, 35.95815]}, "properties": {"record_id": "oai:u-bordeaux-montaigne.fr:340470", "symbol_class": "building", "pixel_x": 6434.8, "pixel_y": 2308.6, "easting": 386593.8, "northing": 295921.8, "epsg_source": 22391}}, {"type": "Feature", "geometry": {"type": "Point", "coordinates": [8.5148, 35.96481]}, "properties": {"record_id": "oai:u-bordeaux-montaigne.fr:340470", "symbol_class": "building", "pixel_x": 3699.8, "pixel_y": 2312.0, "easting": 375049.4, "northing": 296816.2, "epsg_source": 22391}}, {"type": "Feature", "geometry": {"type": "Point", "coordinates": [8.71273, 35.95405]}, "properties": {"record_id": "oai:u-bordeaux-montaigne.fr:340470", "symbol_class": "building", "pixel_x": 7925.2, "pixel_y": 2317.9, "easting": 392881.1, "northing": 295387.4, "epsg_source": 22391}}, {"type": "Feature", "geometry": {"type": "Point", "coordinates": [8.58388, 35.96072]}, "properties": {"record_id": "oai:u-bordeaux-montaigne.fr:340470", "symbol_class": "building", "pixel_x": 5175.1, "pixel_y": 2323.6, "easting": 381272.3, "northing": 296277.0, "epsg_source": 22391}}, {"type": "Feature", "geometry": {"type": "Point", "coordinates": [8.58355, 35.96068]}, "properties": {"record_id": "oai:u-bordeaux-montaigne.fr:340470", "symbol_class": "building", "pixel_x": 5168.0, "pixel_y": 2325.1, "easting": 381242.0, "northing": 296273.1, "epsg_source": 22391}}, {"type": "Feature", "geometry": {"type": "Point", "coordinates": [8.71226, 35.95378]}, "properties": {"record_id": "oai:u-bordeaux-montaigne.fr:340470", "symbol_class": "building", "pixel_x": 7915.6, "pixel_y": 2325.4, "easting": 392838.1, "northing": 295358.8, "epsg_source": 22391}}, {"type": "Feature", "geometry": {"type": "Point", "coordinates": [8.64003, 35.95754]}, "properties": {"record_id": "oai:u-bordeaux-montaigne.fr:340470", "symbol_class": "building", "pixel_x": 6373.9, "pixel_y": 2328.8, "easting": 386330.1, "northing": 295856.6, "epsg_source": 22391}}, {"type": "Feature", "geometry": {"type": "Point", "coordinates": [8.61748, 35.95866]}, "properties": {"record_id": "oai:u-bordeaux-montaigne.fr:340470", "symbol_class": "building", "pixel_x": 5892.8, "pixel_y": 2330.8, "easting": 384299.0, "northing": 296008.2, "epsg_source": 22391}}, {"type": "Feature", "geometry": {"type": "Point", "coordinates": [8.61295, 35.95861]}, "properties": {"record_id": "oai:u-bordeaux-montaigne.fr:340470", "symbol_class": "building", "pixel_x": 5796.5, "pixel_y": 2338.5, "easting": 383890.0, "northing": 296007.7, "epsg_source": 22391}}, {"type": "Feature", "geometry": {"type": "Point", "coordinates": [8.52737, 35.96208]}, "properties": {"record_id": "oai:u-bordeaux-montaigne.fr:340470", "symbol_class": "building", "pixel_x": 3971.7, "pixel_y": 2366.0, "easting": 376179.0, "northing": 296497.8, "epsg_source": 22391}}, {"type": "Feature", "geometry": {"type": "Point", "coordinates": [8.60585, 35.958]}, "properties": {"record_id": "oai:u-bordeaux-montaigne.fr:340470", "symbol_class": "building", "pixel_x": 5646.7, "pixel_y": 2364.4, "easting": 383249.0, "northing": 295948.2, "epsg_source": 22391}}, {"type": "Feature", "geometry": {"type": "Point", "coordinates": [8.52662, 35.96196]}, "properties": {"record_id": "oai:u-bordeaux-montaigne.fr:340470", "symbol_class": "building", "pixel_x": 3955.8, "pixel_y": 2370.2, "easting": 376110.8, "northing": 296485.6, "epsg_source": 22391}}, {"type": "Feature", "geometry": {"type": "Point", "coordinates": [8.52685, 35.96142]}, "properties": {"record_id": "oai:u-bordeaux-montaigne.fr:340470", "symbol_class": "building", "pixel_x": 3961.7, "pixel_y": 2383.9, "easting": 376130.8, "northing": 296425.8, "epsg_source": 22391}}, {"type": "Feature", "geometry": {"type": "Point", "coordinates": [8.38851, 35.96769]}, "properties": {"record_id": "oai:u-bordeaux-montaigne.fr:340470", "symbol_class": "building", "pixel_x": 1010.8, "pixel_y": 2407.6, "easting": 363668.5, "northing": 297305.8, "epsg_source": 22391}}, {"type": "Feature", "geometry": {"type": "Point", "coordinates": [8.6924, 35.95092]}, "properties": {"record_id": "oai:u-bordeaux-montaigne.fr:340470", "symbol_class": "building", "pixel_x": 7498.6, "pixel_y": 2428.2, "easting": 391043.9, "northing": 295063.6, "epsg_source": 22391}}, {"type": "Feature", "geometry": {"type": "Point", "coordinates": [8.40061, 35.96476]}, "properties": {"record_id": "oai:u-bordeaux-montaigne.fr:340470", "symbol_class": "building", "pixel_x": 1272.7, "pixel_y": 2468.1, "easting": 364754.0, "northing": 296963.5, "epsg_source": 22391}}, {"type": "Feature", "geometry": {"type": "Point", "coordinates": [8.72163, 35.94626]}, "properties": {"record_id": "oai:u-bordeaux-montaigne.fr:340470", "symbol_class": "building", "pixel_x": 8128.0, "pixel_y": 2508.9, "easting": 393673.7, "northing": 294513.8, "epsg_source": 22391}}, {"type": "Feature", "geometry": {"type": "Point", "coordinates": [8.36969, 35.96436]}, "properties": {"record_id": "oai:u-bordeaux-montaigne.fr:340470", "symbol_class": "building", "pixel_x": 616.2, "pixel_y": 2520.1, "easting": 361966.0, "northing": 296962.1, "epsg_source": 22391}}, {"type": "Feature", "geometry": {"type": "Point", "coordinates": [8.3813, 35.96303]}, "properties": {"record_id": "oai:u-bordeaux-montaigne.fr:340470", "symbol_class": "building", "pixel_x": 865.3, "pixel_y": 2539.2, "easting": 363010.6, "northing": 296798.7, "epsg_source": 22391}}, {"type": "Feature", "geometry": {"type": "Point", "coordinates": [8.5459, 35.95237]}, "properties": {"record_id": "oai:u-bordeaux-montaigne.fr:340470", "symbol_class": "building", "pixel_x": 4381.8, "pixel_y": 2594.3, "easting": 377834.4, "northing": 295398.0, "epsg_source": 22391}}, {"type": "Feature", "geometry": {"type": "Point", "coordinates": [8.55843, 35.9513]}, "properties": {"record_id": "oai:u-bordeaux-montaigne.fr:340470", "symbol_class": "building", "pixel_x": 4650.1, "pixel_y": 2605.2, "easting": 378962.7, "northing": 295263.0, "epsg_source": 22391}}, {"type": "Feature", "geometry": {"type": "Point", "coordinates": [8.48174, 35.95506]}, "properties": {"record_id": "oai:u-bordeaux-montaigne.fr:340470", "symbol_class": "building", "pixel_x": 3013.4, "pixel_y": 2612.0, "easting": 372053.0, "northing": 295777.8, "epsg_source": 22391}}, {"type": "Feature", "geometry": {"type": "Point", "coordinates": [8.40079, 35.95887]}, "properties": {"record_id": "oai:u-bordeaux-montaigne.fr:340470", "symbol_class": "building", "pixel_x": 1286.5, "pixel_y": 2621.8, "easting": 364761.0, "northing": 296310.0, "epsg_source": 22391}}, {"type": "Feature", "geometry": {"type": "Point", "coordinates": [8.38137, 35.95969]}, "properties": {"record_id": "oai:u-bordeaux-montaigne.fr:340470", "symbol_class": "building", "pixel_x": 872.1, "pixel_y": 2626.5, "easting": 363010.7, "northing": 296428.2, "epsg_source": 22391}}, {"type": "Feature", "geometry": {"type": "Point", "coordinates": [8.64043, 35.94586]}, "properties": {"record_id": "oai:u-bordeaux-montaigne.fr:340470", "symbol_class": "building", "pixel_x": 6402.5, "pixel_y": 2633.5, "easting": 386349.6, "northing": 294561.0, "epsg_source": 22391}}, {"type": "Feature", "geometry": {"type": "Point", "coordinates": [8.58935, 35.94618]}, "properties": {"record_id": "oai:u-bordeaux-montaigne.fr:340470", "symbol_class": "building", "pixel_x": 5316.2, "pixel_y": 2696.1, "easting": 381743.9, "northing": 294657.9, "epsg_source": 22391}}, {"type": "Feature", "geometry": {"type": "Point", "coordinates": [8.59005, 35.94621]}, "properties": {"record_id": "oai:u-bordeaux-montaigne.fr:340470", "symbol_class": "building", "pixel_x": 5330.9, "pixel_y": 2694.4, "easting": 381806.6, "northing": 294660.0, "epsg_source": 22391}}, {"type": "Feature", "geometry": {"type": "Point", "coordinates": [8.5424, 35.94841]}, "properties": {"record_id": "oai:u-bordeaux-montaigne.fr:340470", "symbol_class": "building", "pixel_x": 4314.2, "pixel_y": 2702.7, "easting": 377513.0, "northing": 294962.6, "epsg_source": 22391}}, {"type": "Feature", "geometry": {"type": "Point", "coordinates": [8.54289, 35.94831]}, "properties": {"record_id": "oai:u-bordeaux-montaigne.fr:340470", "symbol_class": "building", "pixel_x": 4324.9, "pixel_y": 2704.7, "easting": 377557.1, "northing": 294950.7, "epsg_source": 22391}}, {"type": "Feature", "geometry": {"type": "Point", "coordinates": [8.5198, 35.94899]}, "properties": {"record_id": "oai:u-bordeaux-montaigne.fr:340470", "symbol_class": "building", "pixel_x": 3832.9, "pixel_y": 2718.5, "easting": 375476.3, "northing": 295056.2, "epsg_source": 22391}}, {"type": "Feature", "geometry": {"type": "Point", "coordinates": [8.38147, 35.95602]}, "properties": {"record_id": "oai:u-bordeaux-montaigne.fr:340470", "symbol_class": "building", "pixel_x": 880.4, "pixel_y": 2722.2, "easting": 363013.6, "northing": 296021.3, "epsg_source": 22391}}, {"type": "Feature", "geometry": {"type": "Point", "coordinates": [8.51981, 35.94838]}, "properties": {"record_id": "oai:u-bordeaux-montaigne.fr:340470", "symbol_class": "building", "pixel_x": 3834.0, "pixel_y": 2734.5, "easting": 375475.6, "northing": 294988.1, "epsg_source": 22391}}, {"type": "Feature", "geometry": {"type": "Point", "coordinates": [8.65969, 35.94068]}, "properties": {"record_id": "oai:u-bordeaux-montaigne.fr:340470", "symbol_class": "building", "pixel_x": 6820.9, "pixel_y": 2741.9, "easting": 388079.6, "northing": 293964.4, "epsg_source": 22391}}, {"type": "Feature", "geometry": {"type": "Point", "coordinates": [8.58494, 35.9445]}, "properties": {"record_id": "oai:u-bordeaux-montaigne.fr:340470", "symbol_class": "building", "pixel_x": 5225.2, "pixel_y": 2746.2, "easting": 381343.3, "northing": 294476.5, "epsg_source": 22391}}, {"type": "Feature", "geometry": {"type": "Point", "coordinates": [8.51066, 35.94826]}, "properties": {"record_id": "oai:u-bordeaux-montaigne.fr:340470", "symbol_class": "building", "pixel_x": 3639.7, "pixel_y": 2750.2, "easting": 374650.5, "northing": 294986.4, "epsg_source": 22391}}, {"type": "Feature", "geometry": {"type": "Point", "coordinates": [8.50449, 35.94816]}, "properties": {"record_id": "oai:u-bordeaux-montaigne.fr:340470", "symbol_class": "building", "pixel_x": 3508.8, "pixel_y": 2761.3, "easting": 374094.3, "northing": 294983.0, "epsg_source": 22391}}, {"type": "Feature", "geometry": {"type": "Point", "coordinates": [8.55994, 35.94474]}, "properties": {"record_id": "oai:u-bordeaux-montaigne.fr:340470", "symbol_class": "building", "pixel_x": 4693.4, "pixel_y": 2774.6, "easting": 379089.4, "northing": 294533.4, "epsg_source": 22391}}, {"type": "Feature", "geometry": {"type": "Point", "coordinates": [8.69738, 35.93744]}, "properties": {"record_id": "oai:u-bordeaux-montaigne.fr:340470", "symbol_class": "building", "pixel_x": 7627.8, "pixel_y": 2773.6, "easting": 391474.7, "northing": 293562.8, "epsg_source": 22391}}, {"type": "Feature", "geometry": {"type": "Point", "coordinates": [8.69708, 35.93667]}, "properties": {"record_id": "oai:u-bordeaux-montaigne.fr:340470", "symbol_class": "building", "pixel_x": 7622.7, "pixel_y": 2794.1, "easting": 391446.5, "northing": 293477.9, "epsg_source": 22391}}, {"type": "Feature", "geometry": {"type": "Point", "coordinates": [8.38152, 35.95295]}, "properties": {"record_id": "oai:u-bordeaux-montaigne.fr:340470", "symbol_class": "building", "pixel_x": 886.4, "pixel_y": 2802.6, "easting": 363012.4, "northing": 295679.9, "epsg_source": 22391}}, {"type": "Feature", "geometry": {"type": "Point", "coordinates": [8.38149, 35.95257]}, "properties": {"record_id": "oai:u-bordeaux-montaigne.fr:340470", "symbol_class": "building", "pixel_x": 886.4, "pixel_y": 2812.4, "easting": 363009.2, "northing": 295638.4, "epsg_source": 22391}}, {"type": "Feature", "geometry": {"type": "Point", "coordinates": [8.47193, 35.94773]}, "properties": {"record_id": "oai:u-bordeaux-montaigne.fr:340470", "symbol_class": "building", "pixel_x": 2817.3, "pixel_y": 2817.0, "easting": 371157.3, "northing": 294977.7, "epsg_source": 22391}}, {"type": "Feature", "geometry": {"type": "Point", "coordinates": [8.42331, 35.94998]}, "properties": {"record_id": "oai:u-bordeaux-montaigne.fr:340470", "symbol_class": "building", "pixel_x": 1779.9, "pixel_y": 2824.0, "easting": 366776.4, "northing": 295292.7, "epsg_source": 22391}}, {"type": "Feature", "geometry": {"type": "Point", "coordinates": [8.46939, 35.9477]}, "properties": {"record_id": "oai:u-bordeaux-montaigne.fr:340470", "symbol_class": "building", "pixel_x": 2763.2, "pixel_y": 2821.0, "easting": 370927.5, "northing": 294978.6, "epsg_source": 22391}}, {"type": "Feature", "geometry": {"type": "Point", "coordinates": [8.46451, 35.94697]}, "properties": {"record_id": "oai:u-bordeaux-montaigne.fr:340470", "symbol_class": "building", "pixel_x": 2660.8, "pixel_y": 2846.9, "easting": 370486.8, "northing": 294903.4, "epsg_source": 22391}}, {"type": "Feature", "geometry": {"type": "Point", "coordinates": [8.45427, 35.94752]}, "properties": {"record_id": "oai:u-bordeaux-montaigne.fr:340470", "symbol_class": "building", "pixel_x": 2442.2, "pixel_y": 2846.3, "easting": 369564.0, "northing": 294978.6, "epsg_source": 22391}}, {"type": "Feature", "geometry": {"type": "Point", "coordinates": [8.4505, 35.94751]}, "properties": {"record_id": "oai:u-bordeaux-montaigne.fr:340470", "symbol_class": "building", "pixel_x": 2362.0, "pixel_y": 2851.6, "easting": 369224.0, "northing": 294982.6, "epsg_source": 22391}}, {"type": "Feature", "geometry": {"type": "Point", "coordinates": [8.72422, 35.93297]}, "properties": {"record_id": "oai:u-bordeaux-montaigne.fr:340470", "symbol_class": "building", "pixel_x": 8206.0, "pixel_y": 2852.6, "easting": 393888.7, "northing": 293036.8, "epsg_source": 22391}}, {"type": "Feature", "geometry": {"type": "Point", "coordinates": [8.44661, 35.94743]}, "properties": {"record_id": "oai:u-bordeaux-montaigne.fr:340470", "symbol_class": "building", "pixel_x": 2279.5, "pixel_y": 2859.0, "easting": 368873.3, "northing": 294978.9, "epsg_source": 22391}}, {"type": "Feature", "geometry": {"type": "Point", "coordinates": [8.51604, 35.94346]}, "properties": {"record_id": "oai:u-bordeaux-montaigne.fr:340470", "symbol_class": "building", "pixel_x": 3762.2, "pixel_y": 2868.2, "easting": 375128.2, "northing": 294447.4, "epsg_source": 22391}}, {"type": "Feature", "geometry": {"type": "Point", "coordinates": [8.44078, 35.94738]}, "properties": {"record_id": "oai:u-bordeaux-montaigne.fr:340470", "symbol_class": "building", "pixel_x": 2155.6, "pixel_y": 2868.2, "easting": 368347.4, "northing": 294981.2, "epsg_source": 22391}}, {"type": "Feature", "geometry": {"type": "Point", "coordinates": [8.43843, 35.94732]}, "properties": {"record_id": "oai:u-bordeaux-montaigne.fr:340470", "symbol_class": "building", "pixel_x": 2105.6, "pixel_y": 2873.1, "easting": 368134.8, "northing": 294977.1, "epsg_source": 22391}}, {"type": "Feature", "geometry": {"type": "Point", "coordinates": [8.43605, 35.94729]}, "properties": {"record_id": "oai:u-bordeaux-montaigne.fr:340470", "symbol_class": "building", "pixel_x": 2055.1, "pixel_y": 2877.0, "easting": 367920.4, "northing": 294977.7, "epsg_source": 22391}}, {"type": "Feature", "geometry": {"type": "Point", "coordinates": [8.51591, 35.94294]}, "properties": {"record_id": "oai:u-bordeaux-montaigne.fr:340470", "symbol_class": "building", "pixel_x": 3760.3, "pixel_y": 2882.1, "easting": 375115.3, "northing": 294389.4, "epsg_source": 22391}}, {"type": "Feature", "geometry": {"type": "Point", "coordinates": [8.43068, 35.94724]}, "properties": {"record_id": "oai:u-bordeaux-montaigne.fr:340470", "symbol_class": "building", "pixel_x": 1941.1, "pixel_y": 2885.6, "easting": 367436.2, "northing": 294979.1, "epsg_source": 22391}}, {"type": "Feature", "geometry": {"type": "Point", "coordinates": [8.70416, 35.93276]}, "properties": {"record_id": "oai:u-bordeaux-montaigne.fr:340470", "symbol_class": "building", "pixel_x": 7779.9, "pixel_y": 2886.3, "easting": 392079.2, "northing": 293036.3, "epsg_source": 22391}}, {"type": "Feature", "geometry": {"type": "Point", "coordinates": [8.46532, 35.94481]}, "properties": {"record_id": "oai:u-bordeaux-montaigne.fr:340470", "symbol_class": "building", "pixel_x": 2681.6, "pixel_y": 2902.1, "easting": 370556.0, "northing": 294663.5, "epsg_source": 22391}}, {"type": "Feature", "geometry": {"type": "Point", "coordinates": [8.42327, 35.94711]}, "properties": {"record_id": "oai:u-bordeaux-montaigne.fr:340470", "symbol_class": "building", "pixel_x": 1783.7, "pixel_y": 2899.0, "easting": 366767.3, "northing": 294974.7, "epsg_source": 22391}}, {"type": "Feature", "geometry": {"type": "Point", "coordinates": [8.66043, 35.93411]}, "properties": {"record_id": "oai:u-bordeaux-montaigne.fr:340470", "symbol_class": "building", "pixel_x": 6847.9, "pixel_y": 2912.7, "easting": 388136.9, "northing": 293234.5, "epsg_source": 22391}}, {"type": "Feature", "geometry": {"type": "Point", "coordinates": [8.40748, 35.94689]}, "properties": {"record_id": "oai:u-bordeaux-montaigne.fr:340470", "symbol_class": "building", "pixel_x": 1448.5, "pixel_y": 2926.1, "easting": 365343.7, "northing": 294971.6, "epsg_source": 22391}}, {"type": "Feature", "geometry": {"type": "Point", "coordinates": [8.40444, 35.94686]}, "properties": {"record_id": "oai:u-bordeaux-montaigne.fr:340470", "symbol_class": "building", "pixel_x": 1383.8, "pixel_y": 2930.9, "easting": 365069.1, "northing": 294973.1, "epsg_source": 22391}}, {"type": "Feature", "geometry": {"type": "Point", "coordinates": [8.38161, 35.94774]}, "properties": {"record_id": "oai:u-bordeaux-montaigne.fr:340470", "symbol_class": "building", "pixel_x": 897.0, "pixel_y": 2938.5, "easting": 363011.8, "northing": 295102.7, "epsg_source": 22391}}, {"type": "Feature", "geometry": {"type": "Point", "coordinates": [8.3775, 35.948]}, "properties": {"record_id": "oai:u-bordeaux-montaigne.fr:340470", "symbol_class": "building", "pixel_x": 809.2, "pixel_y": 2937.2, "easting": 362642.0, "northing": 295137.4, "epsg_source": 22391}}, {"type": "Feature", "geometry": {"type": "Point", "coordinates": [8.5166, 35.94043]}, "properties": {"record_id": "oai:u-bordeaux-montaigne.fr:340470", "symbol_class": "building", "pixel_x": 3779.2, "pixel_y": 2946.7, "easting": 375173.9, "northing": 294110.4, "epsg_source": 22391}}, {"type": "Feature", "geometry": {"type": "Point", "coordinates": [8.38165, 35.94735]}, "properties": {"record_id": "oai:u-bordeaux-montaigne.fr:340470", "symbol_class": "building", "pixel_x": 898.5, "pixel_y": 2948.7, "easting": 363014.7, "northing": 295059.0, "epsg_source": 22391}}, {"type": "Feature", "geometry": {"type": "Point", "coordinates": [8.68427, 35.93131]}, "properties": {"record_id": "oai:u-bordeaux-montaigne.fr:340470", "symbol_class": "building", "pixel_x": 7359.6, "pixel_y": 2952.2, "easting": 390283.3, "northing": 292897.9, "epsg_source": 22391}}, {"type": "Feature", "geometry": {"type": "Point", "coordinates": [8.39554, 35.94672]}, "properties": {"record_id": "oai:u-bordeaux-montaigne.fr:340470", "symbol_class": "building", "pixel_x": 1194.7, "pixel_y": 2946.5, "easting": 364265.9, "northing": 294970.1, "epsg_source": 22391}}, {"type": "Feature", "geometry": {"type": "Point", "coordinates": [8.39315, 35.94672]}, "properties": {"record_id": "oai:u-bordeaux-montaigne.fr:340470", "symbol_class": "building", "pixel_x": 1144.1, "pixel_y": 2949.8, "easting": 364051.2, "northing": 294972.8, "epsg_source": 22391}}, {"type": "Feature", "geometry": {"type": "Point", "coordinates": [8.51617, 35.93998]}, "properties": {"record_id": "oai:u-bordeaux-montaigne.fr:340470", "symbol_class": "building", "pixel_x": 3770.8, "pixel_y": 2959.1, "easting": 375134.1, "northing": 294060.9, "epsg_source": 22391}}, {"type": "Feature", "geometry": {"type": "Point", "coordinates": [8.52616, 35.93948]}, "properties": {"record_id": "oai:u-bordeaux-montaigne.fr:340470", "symbol_class": "building", "pixel_x": 3984.0, "pixel_y": 2958.5, "easting": 376034.3, "northing": 293992.6, "epsg_source": 22391}}, {"type": "Feature", "geometry": {"type": "Point", "coordinates": [8.52512, 35.93944]}, "properties": {"record_id": "oai:u-bordeaux-montaigne.fr:340470", "symbol_class": "building", "pixel_x": 3962.0, "pixel_y": 2960.9, "easting": 375940.8, "northing": 293990.0, "epsg_source": 22391}}, {"type": "Feature", "geometry": {"type": "Point", "coordinates": [8.38256, 35.94659]}, "properties": {"record_id": "oai:u-bordeaux-montaigne.fr:340470", "symbol_class": "building", "pixel_x": 919.0, "pixel_y": 2967.4, "easting": 363095.2, "northing": 294973.4, "epsg_source": 22391}}, {"type": "Feature", "geometry": {"type": "Point", "coordinates": [8.38169, 35.94655]}, "properties": {"record_id": "oai:u-bordeaux-montaigne.fr:340470", "symbol_class": "building", "pixel_x": 900.6, "pixel_y": 2969.5, "easting": 363016.8, "northing": 294970.8, "epsg_source": 22391}}, {"type": "Feature", "geometry": {"type": "Point", "coordinates": [8.51675, 35.93936]}, "properties": {"record_id": "oai:u-bordeaux-montaigne.fr:340470", "symbol_class": "building", "pixel_x": 3784.2, "pixel_y": 2974.5, "easting": 375185.8, "northing": 293991.6, "epsg_source": 22391}}, {"type": "Feature", "geometry": {"type": "Point", "coordinates": [8.56945, 35.93592]}, "properties": {"record_id": "oai:u-bordeaux-montaigne.fr:340470", "symbol_class": "building", "pixel_x": 4910.4, "pixel_y": 2991.8, "easting": 379933.2, "northing": 293544.4, "epsg_source": 22391}}, {"type": "Feature", "geometry": {"type": "Point", "coordinates": [8.56913, 35.93552]}, "properties": {"record_id": "oai:u-bordeaux-montaigne.fr:340470", "symbol_class": "building", "pixel_x": 4904.3, "pixel_y": 3002.8, "easting": 379903.9, "northing": 293500.0, "epsg_source": 22391}}, {"type": "Feature", "geometry": {"type": "Point", "coordinates": [8.56996, 35.93526]}, "properties": {"record_id": "oai:u-bordeaux-montaigne.fr:340470", "symbol_class": "building", "pixel_x": 4922.5, "pixel_y": 3008.5, "easting": 379978.9, "northing": 293469.8, "epsg_source": 22391}}, {"type": "Feature", "geometry": {"type": "Point", "coordinates": [8.5696, 35.93524]}, "properties": {"record_id": "oai:u-bordeaux-montaigne.fr:340470", "symbol_class": "building", "pixel_x": 4914.9, "pixel_y": 3009.5, "easting": 379946.2, "northing": 293468.0, "epsg_source": 22391}}, {"type": "Feature", "geometry": {"type": "Point", "coordinates": [8.40603, 35.94271]}, "properties": {"record_id": "oai:u-bordeaux-montaigne.fr:340470", "symbol_class": "building", "pixel_x": 1424.4, "pixel_y": 3037.3, "easting": 365205.1, "northing": 294510.5, "epsg_source": 22391}}, {"type": "Feature", "geometry": {"type": "Point", "coordinates": [8.38169, 35.94357]}, "properties": {"record_id": "oai:u-bordeaux-montaigne.fr:340470", "symbol_class": "building", "pixel_x": 905.5, "pixel_y": 3047.3, "easting": 363011.8, "northing": 294640.4, "epsg_source": 22391}}, {"type": "Feature", "geometry": {"type": "Point", "coordinates": [8.47786, 35.93884]}, "properties": {"record_id": "oai:u-bordeaux-montaigne.fr:340470", "symbol_class": "building", "pixel_x": 2958.2, "pixel_y": 3041.1, "easting": 371677.2, "northing": 293984.8, "epsg_source": 22391}}, {"type": "Feature", "geometry": {"type": "Point", "coordinates": [8.47871, 35.93881]}, "properties": {"record_id": "oai:u-bordeaux-montaigne.fr:340470", "symbol_class": "building", "pixel_x": 2976.4, "pixel_y": 3040.8, "easting": 371754.4, "northing": 293980.1, "epsg_source": 22391}}, {"type": "Feature", "geometry": {"type": "Point", "coordinates": [8.47205, 35.93872]}, "properties": {"record_id": "oai:u-bordeaux-montaigne.fr:340470", "symbol_class": "building", "pixel_x": 2834.8, "pixel_y": 3052.2, "easting": 371152.8, "northing": 293978.9, "epsg_source": 22391}}, {"type": "Feature", "geometry": {"type": "Point", "coordinates": [8.49308, 35.93746]}, "properties": {"record_id": "oai:u-bordeaux-montaigne.fr:340470", "symbol_class": "building", "pixel_x": 3284.1, "pixel_y": 3056.5, "easting": 373047.6, "northing": 293811.4, "epsg_source": 22391}}, {"type": "Feature", "geometry": {"type": "Point", "coordinates": [8.45973, 35.93854]}, "properties": {"record_id": "oai:u-bordeaux-montaigne.fr:340470", "symbol_class": "building", "pixel_x": 2573.1, "pixel_y": 3073.8, "easting": 370041.3, "northing": 293974.7, "epsg_source": 22391}}, {"type": "Feature", "geometry": {"type": "Point", "coordinates": [8.45137, 35.93848]}, "properties": {"record_id": "oai:u-bordeaux-montaigne.fr:340470", "symbol_class": "building", "pixel_x": 2395.5, "pixel_y": 3086.5, "easting": 369287.3, "northing": 293980.0, "epsg_source": 22391}}, {"type": "Feature", "geometry": {"type": "Point", "coordinates": [8.37075, 35.94244]}, "properties": {"record_id": "oai:u-bordeaux-montaigne.fr:340470", "symbol_class": "building", "pixel_x": 674.8, "pixel_y": 3091.6, "easting": 362023.4, "northing": 294530.2, "epsg_source": 22391}}, {"type": "Feature", "geometry": {"type": "Point", "coordinates": [8.72228, 35.92397]}, "properties": {"record_id": "oai:u-bordeaux-montaigne.fr:340470", "symbol_class": "building", "pixel_x": 8180.6, "pixel_y": 3090.6, "easting": 393702.5, "northing": 292040.7, "epsg_source": 22391}}, {"type": "Feature", "geometry": {"type": "Point", "coordinates": [8.53316, 35.93384]}, "properties": {"record_id": "oai:u-bordeaux-montaigne.fr:340470", "symbol_class": "building", "pixel_x": 4142.4, "pixel_y": 3096.2, "easting": 376657.1, "northing": 293358.5, "epsg_source": 22391}}, {"type": "Feature", "geometry": {"type": "Point", "coordinates": [8.44674, 35.9384]}, "properties": {"record_id": "oai:u-bordeaux-montaigne.fr:340470", "symbol_class": "building", "pixel_x": 2297.2, "pixel_y": 3095.0, "easting": 368869.7, "northing": 293976.7, "epsg_source": 22391}}, {"type": "Feature", "geometry": {"type": "Point", "coordinates": [8.64758, 35.92724]}, "properties": {"record_id": "oai:u-bordeaux-montaigne.fr:340470", "symbol_class": "building", "pixel_x": 6586.6, "pixel_y": 3110.2, "easting": 386968.4, "northing": 292487.6, "epsg_source": 22391}}, {"type": "Feature", "geometry": {"type": "Point", "coordinates": [8.64832, 35.92702]}, "properties": {"record_id": "oai:u-bordeaux-montaigne.fr:340470", "symbol_class": "building", "pixel_x": 6602.6, "pixel_y": 3114.9, "easting": 387034.3, "northing": 292462.4, "epsg_source": 22391}}, {"type": "Feature", "geometry": {"type": "Point", "coordinates": [8.42792, 35.93815]}, "properties": {"record_id": "oai:u-bordeaux-montaigne.fr:340470", "symbol_class": "building", "pixel_x": 1897.6, "pixel_y": 3127.0, "easting": 367172.3, "northing": 293974.3, "epsg_source": 22391}}, {"type": "Feature", "geometry": {"type": "Point", "coordinates": [8.42553, 35.93812]}, "properties": {"record_id": "oai:u-bordeaux-montaigne.fr:340470", "symbol_class": "building", "pixel_x": 1846.7, "pixel_y": 3130.9, "easting": 366956.5, "northing": 293975.0, "epsg_source": 22391}}, {"type": "Feature", "geometry": {"type": "Point", "coordinates": [8.42471, 35.93814]}, "properties": {"record_id": "oai:u-bordeaux-montaigne.fr:340470", "symbol_class": "building", "pixel_x": 1829.3, "pixel_y": 3131.5, "easting": 366882.5, "northing": 293978.3, "epsg_source": 22391}}, {"type": "Feature", "geometry": {"type": "Point", "coordinates": [8.6403, 35.92585]}, "properties": {"record_id": "oai:u-bordeaux-montaigne.fr:340470", "symbol_class": "building", "pixel_x": 6434.0, "pixel_y": 3156.6, "easting": 386309.0, "northing": 292342.3, "epsg_source": 22391}}, {"type": "Feature", "geometry": {"type": "Point", "coordinates": [8.40345, 35.93781]}, "properties": {"record_id": "oai:u-bordeaux-montaigne.fr:340470", "symbol_class": "building", "pixel_x": 1377.7, "pixel_y": 3168.9, "easting": 364964.1, "northing": 293970.2, "epsg_source": 22391}}, {"type": "Feature", "geometry": {"type": "Point", "coordinates": [8.38179, 35.93751]}, "properties": {"record_id": "oai:u-bordeaux-montaigne.fr:340470", "symbol_class": "building", "pixel_x": 917.7, "pixel_y": 3205.7, "easting": 363010.5, "northing": 293967.9, "epsg_source": 22391}}, {"type": "Feature", "geometry": {"type": "Point", "coordinates": [8.54849, 35.9281]}, "properties": {"record_id": "oai:u-bordeaux-montaigne.fr:340470", "symbol_class": "building", "pixel_x": 4478.0, "pixel_y": 3225.2, "easting": 378030.8, "northing": 292702.5, "epsg_source": 22391}}, {"type": "Feature", "geometry": {"type": "Point", "coordinates": [8.51309, 35.93017]}, "properties": {"record_id": "oai:u-bordeaux-montaigne.fr:340470", "symbol_class": "building", "pixel_x": 3721.9, "pixel_y": 3219.8, "easting": 374841.1, "northing": 292976.6, "epsg_source": 22391}}, {"type": "Feature", "geometry": {"type": "Point", "coordinates": [8.54866, 35.92726]}, "properties": {"record_id": "oai:u-bordeaux-montaigne.fr:340470", "symbol_class": "building", "pixel_x": 4483.1, "pixel_y": 3246.9, "easting": 378044.7, "northing": 292609.2, "epsg_source": 22391}}, {"type": "Feature", "geometry": {"type": "Point", "coordinates": [8.49667, 35.93]}, "properties": {"record_id": "oai:u-bordeaux-montaigne.fr:340470", "symbol_class": "building", "pixel_x": 3373.0, "pixel_y": 3246.5, "easting": 373359.8, "northing": 292979.9, "epsg_source": 22391}}, {"type": "Feature", "geometry": {"type": "Point", "coordinates": [8.48379, 35.92983]}, "properties": {"record_id": "oai:u-bordeaux-montaigne.fr:340470", "symbol_class": "building", "pixel_x": 3099.4, "pixel_y": 3268.5, "easting": 372197.9, "northing": 292977.7, "epsg_source": 22391}}, {"type": "Feature", "geometry": {"type": "Point", "coordinates": [8.58397, 35.92428]}, "properties": {"record_id": "oai:u-bordeaux-montaigne.fr:340470", "symbol_class": "building", "pixel_x": 5239.1, "pixel_y": 3276.2, "easting": 381226.1, "northing": 292234.7, "epsg_source": 22391}}, {"type": "Feature", "geometry": {"type": "Point", "coordinates": [8.48222, 35.92981]}, "properties": {"record_id": "oai:u-bordeaux-montaigne.fr:340470", "symbol_class": "building", "pixel_x": 3066.0, "pixel_y": 3271.2, "easting": 372055.9, "northing": 292977.6, "epsg_source": 22391}}, {"type": "Feature", "geometry": {"type": "Point", "coordinates": [8.5848, 35.92379]}, "properties": {"record_id": "oai:u-bordeaux-montaigne.fr:340470", "symbol_class": "building", "pixel_x": 5257.6, "pixel_y": 3287.8, "easting": 381300.0, "northing": 292179.6, "epsg_source": 22391}}, {"type": "Feature", "geometry": {"type": "Point", "coordinates": [8.67404, 35.91873]}, "properties": {"record_id": "oai:u-bordeaux-montaigne.fr:340470", "symbol_class": "building", "pixel_x": 7163.9, "pixel_y": 3295.6, "easting": 389343.1, "northing": 291513.4, "epsg_source": 22391}}, {"type": "Feature", "geometry": {"type": "Point", "coordinates": [8.58388, 35.92356]}, "properties": {"record_id": "oai:u-bordeaux-montaigne.fr:340470", "symbol_class": "building", "pixel_x": 5238.3, "pixel_y": 3295.1, "easting": 381216.2, "northing": 292155.1, "epsg_source": 22391}}, {"type": "Feature", "geometry": {"type": "Point", "coordinates": [8.58728, 35.92328]}, "properties": {"record_id": "oai:u-bordeaux-montaigne.fr:340470", "symbol_class": "building", "pixel_x": 5311.1, "pixel_y": 3297.7, "easting": 381522.6, "northing": 292119.9, "epsg_source": 22391}}, {"type": "Feature", "geometry": {"type": "Point", "coordinates": [8.64524, 35.91982]}, "properties": {"record_id": "oai:u-bordeaux-montaigne.fr:340470", "symbol_class": "building", "pixel_x": 6549.5, "pixel_y": 3307.4, "easting": 386746.4, "northing": 291667.7, "epsg_source": 22391}}, {"type": "Feature", "geometry": {"type": "Point", "coordinates": [8.60303, 35.922]}, "properties": {"record_id": "oai:u-bordeaux-montaigne.fr:340470", "symbol_class": "building", "pixel_x": 5648.3, "pixel_y": 3309.1, "easting": 382941.9, "northing": 291959.6, "epsg_source": 22391}}, {"type": "Feature", "geometry": {"type": "Point", "coordinates": [8.43239, 35.92916]}, "properties": {"record_id": "oai:u-bordeaux-montaigne.fr:340470", "symbol_class": "building", "pixel_x": 2007.5, "pixel_y": 3356.0, "easting": 367560.2, "northing": 292971.3, "epsg_source": 22391}}, {"type": "Feature", "geometry": {"type": "Point", "coordinates": [8.42759, 35.92907]}, "properties": {"record_id": "oai:u-bordeaux-montaigne.fr:340470", "symbol_class": "building", "pixel_x": 1905.6, "pixel_y": 3364.6, "easting": 367127.1, "northing": 292968.8, "epsg_source": 22391}}, {"type": "Feature", "geometry": {"type": "Point", "coordinates": [8.66844, 35.91623]}, "properties": {"record_id": "oai:u-bordeaux-montaigne.fr:340470", "symbol_class": "building", "pixel_x": 7049.1, "pixel_y": 3368.7, "easting": 388834.5, "northing": 291242.6, "epsg_source": 22391}}, {"type": "Feature", "geometry": {"type": "Point", "coordinates": [8.41122, 35.92885]}, "properties": {"record_id": "oai:u-bordeaux-montaigne.fr:340470", "symbol_class": "building", "pixel_x": 1557.8, "pixel_y": 3392.6, "easting": 365650.2, "northing": 292966.3, "epsg_source": 22391}}, {"type": "Feature", "geometry": {"type": "Point", "coordinates": [8.3934, 35.92865]}, "properties": {"record_id": "oai:u-bordeaux-montaigne.fr:340470", "symbol_class": "building", "pixel_x": 1179.2, "pixel_y": 3421.8, "easting": 364042.4, "northing": 292968.7, "epsg_source": 22391}}, {"type": "Feature", "geometry": {"type": "Point", "coordinates": [8.67229, 35.9139]}, "properties": {"record_id": "oai:u-bordeaux-montaigne.fr:340470", "symbol_class": "building", "pixel_x": 7134.9, "pixel_y": 3424.2, "easting": 389178.1, "northing": 290979.8, "epsg_source": 22391}}, {"type": "Feature", "geometry": {"type": "Point", "coordinates": [8.39224, 35.92861]}, "properties": {"record_id": "oai:u-bordeaux-montaigne.fr:340470", "symbol_class": "building", "pixel_x": 1154.6, "pixel_y": 3424.4, "easting": 363937.7, "northing": 292965.9, "epsg_source": 22391}}, {"type": "Feature", "geometry": {"type": "Point", "coordinates": [8.46454, 35.92442]}, "properties": {"record_id": "oai:u-bordeaux-montaigne.fr:340470", "symbol_class": "building", "pixel_x": 2699.2, "pixel_y": 3436.2, "easting": 370452.8, "northing": 292403.1, "epsg_source": 22391}}, {"type": "Feature", "geometry": {"type": "Point", "coordinates": [8.37273, 35.92838]}, "properties": {"record_id": "oai:u-bordeaux-montaigne.fr:340470", "symbol_class": "building", "pixel_x": 740.0, "pixel_y": 3456.6, "easting": 362177.2, "northing": 292967.6, "epsg_source": 22391}}, {"type": "Feature", "geometry": {"type": "Point", "coordinates": [8.48285, 35.92085]}, "properties": {"record_id": "oai:u-bordeaux-montaigne.fr:340470", "symbol_class": "building", "pixel_x": 3094.4, "pixel_y": 3504.6, "easting": 372098.2, "northing": 291982.9, "epsg_source": 22391}}, {"type": "Feature", "geometry": {"type": "Point", "coordinates": [8.48066, 35.92082]}, "properties": {"record_id": "oai:u-bordeaux-montaigne.fr:340470", "symbol_class": "building", "pixel_x": 3047.9, "pixel_y": 3508.4, "easting": 371900.9, "northing": 291982.3, "epsg_source": 22391}}, {"type": "Feature", "geometry": {"type": "Point", "coordinates": [8.38211, 35.92514]}, "properties": {"record_id": "oai:u-bordeaux-montaigne.fr:340470", "symbol_class": "building", "pixel_x": 944.9, "pixel_y": 3528.6, "easting": 363018.1, "northing": 292595.7, "epsg_source": 22391}}, {"type": "Feature", "geometry": {"type": "Point", "coordinates": [8.59426, 35.91387]}, "properties": {"record_id": "oai:u-bordeaux-montaigne.fr:340470", "symbol_class": "building", "pixel_x": 5475.6, "pixel_y": 3533.8, "easting": 382138.5, "northing": 291068.4, "epsg_source": 22391}}, {"type": "Feature", "geometry": {"type": "Point", "coordinates": [8.46256, 35.92056]}, "properties": {"record_id": "oai:u-bordeaux-montaigne.fr:340470", "symbol_class": "building", "pixel_x": 2663.5, "pixel_y": 3540.0, "easting": 370267.8, "northing": 291976.8, "epsg_source": 22391}}, {"type": "Feature", "geometry": {"type": "Point", "coordinates": [8.46031, 35.92056]}, "properties": {"record_id": "oai:u-bordeaux-montaigne.fr:340470", "symbol_class": "building", "pixel_x": 2615.7, "pixel_y": 3543.0, "easting": 370064.9, "northing": 291979.8, "epsg_source": 22391}}, {"type": "Feature", "geometry": {"type": "Point", "coordinates": [8.44809, 35.92042]}, "properties": {"record_id": "oai:u-bordeaux-montaigne.fr:340470", "symbol_class": "building", "pixel_x": 2355.8, "pixel_y": 3563.2, "easting": 368961.5, "northing": 291981.0, "epsg_source": 22391}}, {"type": "Feature", "geometry": {"type": "Point", "coordinates": [8.4448, 35.92038]}, "properties": {"record_id": "oai:u-bordeaux-montaigne.fr:340470", "symbol_class": "building", "pixel_x": 2286.1, "pixel_y": 3568.7, "easting": 368665.3, "northing": 291980.8, "epsg_source": 22391}}, {"type": "Feature", "geometry": {"type": "Point", "coordinates": [8.43216, 35.92019]}, "properties": {"record_id": "oai:u-bordeaux-montaigne.fr:340470", "symbol_class": "building", "pixel_x": 2017.5, "pixel_y": 3590.6, "easting": 367524.4, "northing": 291977.5, "epsg_source": 22391}}, {"type": "Feature", "geometry": {"type": "Point", "coordinates": [8.62891, 35.90919]}, "properties": {"record_id": "oai:u-bordeaux-montaigne.fr:340470", "symbol_class": "building", "pixel_x": 6220.6, "pixel_y": 3607.9, "easting": 385258.1, "northing": 290508.1, "epsg_source": 22391}}, {"type": "Feature", "geometry": {"type": "Point", "coordinates": [8.41696, 35.91998]}, "properties": {"record_id": "oai:u-bordeaux-montaigne.fr:340470", "symbol_class": "building", "pixel_x": 1694.5, "pixel_y": 3616.7, "easting": 366152.6, "northing": 291974.6, "epsg_source": 22391}}, {"type": "Feature", "geometry": {"type": "Point", "coordinates": [8.41498, 35.91996]}, "properties": {"record_id": "oai:u-bordeaux-montaigne.fr:340470", "symbol_class": "building", "pixel_x": 1652.5, "pixel_y": 3619.9, "easting": 365974.4, "northing": 291975.3, "epsg_source": 22391}}, {"type": "Feature", "geometry": {"type": "Point", "coordinates": [8.41384, 35.91996]}, "properties": {"record_id": "oai:u-bordeaux-montaigne.fr:340470", "symbol_class": "building", "pixel_x": 1628.2, "pixel_y": 3621.4, "easting": 365871.0, "northing": 291977.0, "epsg_source": 22391}}, {"type": "Feature", "geometry": {"type": "Point", "coordinates": [8.52702, 35.91383]}, "properties": {"record_id": "oai:u-bordeaux-montaigne.fr:340470", "symbol_class": "building", "pixel_x": 4045.7, "pixel_y": 3627.8, "easting": 376072.4, "northing": 291146.8, "epsg_source": 22391}}, {"type": "Feature", "geometry": {"type": "Point", "coordinates": [8.41209, 35.91992]}, "properties": {"record_id": "oai:u-bordeaux-montaigne.fr:340470", "symbol_class": "building", "pixel_x": 1591.0, "pixel_y": 3625.0, "easting": 365713.2, "northing": 291974.3, "epsg_source": 22391}}, {"type": "Feature", "geometry": {"type": "Point", "coordinates": [8.40465, 35.91984]}, "properties": {"record_id": "oai:u-bordeaux-montaigne.fr:340470", "symbol_class": "building", "pixel_x": 1433.0, "pixel_y": 3637.0, "easting": 365042.2, "northing": 291976.0, "epsg_source": 22391}}, {"type": "Feature", "geometry": {"type": "Point", "coordinates": [8.62549, 35.90777]}, "properties": {"record_id": "oai:u-bordeaux-montaigne.fr:340470", "symbol_class": "building", "pixel_x": 6150.2, "pixel_y": 3649.9, "easting": 384947.0, "northing": 290354.2, "epsg_source": 22391}}, {"type": "Feature", "geometry": {"type": "Point", "coordinates": [8.52103, 35.91333]}, "properties": {"record_id": "oai:u-bordeaux-montaigne.fr:340470", "symbol_class": "building", "pixel_x": 3919.1, "pixel_y": 3649.1, "easting": 375531.1, "northing": 291098.8, "epsg_source": 22391}}, {"type": "Feature", "geometry": {"type": "Point", "coordinates": [8.39205, 35.91965]}, "properties": {"record_id": "oai:u-bordeaux-montaigne.fr:340470", "symbol_class": "building", "pixel_x": 1165.3, "pixel_y": 3659.0, "easting": 363905.0, "northing": 291972.0, "epsg_source": 22391}}, {"type": "Feature", "geometry": {"type": "Point", "coordinates": [8.38975, 35.91963]}, "properties": {"record_id": "oai:u-bordeaux-montaigne.fr:340470", "symbol_class": "building", "pixel_x": 1116.5, "pixel_y": 3662.5, "easting": 363697.9, "northing": 291973.5, "epsg_source": 22391}}, {"type": "Feature", "geometry": {"type": "Point", "coordinates": [8.52695, 35.91239]}, "properties": {"record_id": "oai:u-bordeaux-montaigne.fr:340470", "symbol_class": "building", "pixel_x": 4046.7, "pixel_y": 3665.5, "easting": 376063.9, "northing": 290987.2, "epsg_source": 22391}}, {"type": "Feature", "geometry": {"type": "Point", "coordinates": [8.5174, 35.91228]}, "properties": {"record_id": "oai:u-bordeaux-montaigne.fr:340470", "symbol_class": "building", "pixel_x": 3843.6, "pixel_y": 3681.4, "easting": 375201.7, "northing": 290987.5, "epsg_source": 22391}}, {"type": "Feature", "geometry": {"type": "Point", "coordinates": [8.63225, 35.90557]}, "properties": {"record_id": "oai:u-bordeaux-montaigne.fr:340470", "symbol_class": "building", "pixel_x": 6297.8, "pixel_y": 3698.0, "easting": 385554.0, "northing": 290102.1, "epsg_source": 22391}}, {"type": "Feature", "geometry": {"type": "Point", "coordinates": [8.7003, 35.90023]}, "properties": {"record_id": "oai:u-bordeaux-montaigne.fr:340470", "symbol_class": "building", "pixel_x": 7754.4, "pixel_y": 3742.0, "easting": 391687.3, "northing": 289432.7, "epsg_source": 22391}}, {"type": "Feature", "geometry": {"type": "Point", "coordinates": [8.70336, 35.90002]}, "properties": {"record_id": "oai:u-bordeaux-montaigne.fr:340470", "symbol_class": "building", "pixel_x": 7819.8, "pixel_y": 3743.2, "easting": 391963.0, "northing": 289406.0, "epsg_source": 22391}}, {"type": "Feature", "geometry": {"type": "Point", "coordinates": [8.65029, 35.90288]}, "properties": {"record_id": "oai:u-bordeaux-montaigne.fr:340470", "symbol_class": "building", "pixel_x": 6686.1, "pixel_y": 3743.0, "easting": 387177.9, "northing": 289783.3, "epsg_source": 22391}}, {"type": "Feature", "geometry": {"type": "Point", "coordinates": [8.68357, 35.90097]}, "properties": {"record_id": "oai:u-bordeaux-montaigne.fr:340470", "symbol_class": "building", "pixel_x": 7397.1, "pixel_y": 3746.2, "easting": 390178.0, "northing": 289533.7, "epsg_source": 22391}}, {"type": "Feature", "geometry": {"type": "Point", "coordinates": [8.68755, 35.90042]}, "properties": {"record_id": "oai:u-bordeaux-montaigne.fr:340470", "symbol_class": "building", "pixel_x": 7482.8, "pixel_y": 3754.9, "easting": 390536.5, "northing": 289468.3, "epsg_source": 22391}}, {"type": "Feature", "geometry": {"type": "Point", "coordinates": [8.68872, 35.90039]}, "properties": {"record_id": "oai:u-bordeaux-montaigne.fr:340470", "symbol_class": "building", "pixel_x": 7507.7, "pixel_y": 3754.2, "easting": 390642.1, "northing": 289463.2, "epsg_source": 22391}}, {"type": "Feature", "geometry": {"type": "Point", "coordinates": [8.67435, 35.90099]}, "properties": {"record_id": "oai:u-bordeaux-montaigne.fr:340470", "symbol_class": "building", "pixel_x": 7201.0, "pixel_y": 3758.6, "easting": 389345.9, "northing": 289546.3, "epsg_source": 22391}}, {"type": "Feature", "geometry": {"type": "Point", "coordinates": [8.47194, 35.91171]}, "properties": {"record_id": "oai:u-bordeaux-montaigne.fr:340470", "symbol_class": "building", "pixel_x": 2877.7, "pixel_y": 3758.5, "easting": 371099.1, "northing": 290983.0, "epsg_source": 22391}}, {"type": "Feature", "geometry": {"type": "Point", "coordinates": [8.38681, 35.91551]}, "properties": {"record_id": "oai:u-bordeaux-montaigne.fr:340470", "symbol_class": "building", "pixel_x": 1060.7, "pixel_y": 3774.1, "easting": 363425.2, "northing": 291521.0, "epsg_source": 22391}}, {"type": "Feature", "geometry": {"type": "Point", "coordinates": [8.47134, 35.91166]}, "properties": {"record_id": "oai:u-bordeaux-montaigne.fr:340470", "symbol_class": "building", "pixel_x": 2865.0, "pixel_y": 3760.7, "easting": 371045.1, "northing": 290978.1, "epsg_source": 22391}}, {"type": "Feature", "geometry": {"type": "Point", "coordinates": [8.46487, 35.9116]}, "properties": {"record_id": "oai:u-bordeaux-montaigne.fr:340470", "symbol_class": "building", "pixel_x": 2727.5, "pixel_y": 3771.0, "easting": 370461.2, "northing": 290980.1, "epsg_source": 22391}}, {"type": "Feature", "geometry": {"type": "Point", "coordinates": [8.46037, 35.91153]}, "properties": {"record_id": "oai:u-bordeaux-montaigne.fr:340470", "symbol_class": "building", "pixel_x": 2631.8, "pixel_y": 3779.0, "easting": 370054.8, "northing": 290978.3, "epsg_source": 22391}}, {"type": "Feature", "geometry": {"type": "Point", "coordinates": [8.44816, 35.91137]}, "properties": {"record_id": "oai:u-bordeaux-montaigne.fr:340470", "symbol_class": "building", "pixel_x": 2372.5, "pixel_y": 3799.5, "easting": 368953.4, "northing": 290977.9, "epsg_source": 22391}}, {"type": "Feature", "geometry": {"type": "Point", "coordinates": [8.44604, 35.91135]}, "properties": {"record_id": "oai:u-bordeaux-montaigne.fr:340470", "symbol_class": "building", "pixel_x": 2327.5, "pixel_y": 3803.1, "easting": 368762.3, "northing": 290977.8, "epsg_source": 22391}}, {"type": "Feature", "geometry": {"type": "Point", "coordinates": [8.44161, 35.91125]}, "properties": {"record_id": "oai:u-bordeaux-montaigne.fr:340470", "symbol_class": "building", "pixel_x": 2233.3, "pixel_y": 3811.5, "easting": 368362.0, "northing": 290973.3, "epsg_source": 22391}}, {"type": "Feature", "geometry": {"type": "Point", "coordinates": [8.43785, 35.91121]}, "properties": {"record_id": "oai:u-bordeaux-montaigne.fr:340470", "symbol_class": "building", "pixel_x": 2153.4, "pixel_y": 3817.7, "easting": 368022.8, "northing": 290973.8, "epsg_source": 22391}}, {"type": "Feature", "geometry": {"type": "Point", "coordinates": [8.37765, 35.91406]}, "properties": {"record_id": "oai:u-bordeaux-montaigne.fr:340470", "symbol_class": "building", "pixel_x": 868.2, "pixel_y": 3824.2, "easting": 362596.1, "northing": 291373.2, "epsg_source": 22391}}, {"type": "Feature", "geometry": {"type": "Point", "coordinates": [8.43244, 35.91113]}, "properties": {"record_id": "oai:u-bordeaux-montaigne.fr:340470", "symbol_class": "building", "pixel_x": 2038.6, "pixel_y": 3827.1, "easting": 367535.0, "northing": 290972.3, "epsg_source": 22391}}, {"type": "Feature", "geometry": {"type": "Point", "coordinates": [8.43156, 35.91115]}, "properties": {"record_id": "oai:u-bordeaux-montaigne.fr:340470", "symbol_class": "building", "pixel_x": 2019.7, "pixel_y": 3827.9, "easting": 367454.9, "northing": 290975.2, "epsg_source": 22391}}, {"type": "Feature", "geometry": {"type": "Point", "coordinates": [8.42577, 35.91106]}, "properties": {"record_id": "oai:u-bordeaux-montaigne.fr:340470", "symbol_class": "building", "pixel_x": 1896.9, "pixel_y": 3838.1, "easting": 366933.1, "northing": 290973.0, "epsg_source": 22391}}, {"type": "Feature", "geometry": {"type": "Point", "coordinates": [8.61211, 35.90095]}, "properties": {"record_id": "oai:u-bordeaux-montaigne.fr:340470", "symbol_class": "building", "pixel_x": 5877.2, "pixel_y": 3846.8, "easting": 383729.5, "northing": 289613.9, "epsg_source": 22391}}, {"type": "Feature", "geometry": {"type": "Point", "coordinates": [8.4786, 35.90777]}, "properties": {"record_id": "oai:u-bordeaux-montaigne.fr:340470", "symbol_class": "building", "pixel_x": 3026.0, "pixel_y": 3852.3, "easting": 371694.0, "northing": 290537.8, "epsg_source": 22391}}, {"type": "Feature", "geometry": {"type": "Point", "coordinates": [8.41636, 35.91094]}, "properties": {"record_id": "oai:u-bordeaux-montaigne.fr:340470", "symbol_class": "building", "pixel_x": 1696.8, "pixel_y": 3854.0, "easting": 366083.5, "northing": 290972.4, "epsg_source": 22391}}, {"type": "Feature", "geometry": {"type": "Point", "coordinates": [8.67131, 35.89731]}, "properties": {"record_id": "oai:u-bordeaux-montaigne.fr:340470", "symbol_class": "building", "pixel_x": 7142.8, "pixel_y": 3859.1, "easting": 389067.2, "northing": 289141.6, "epsg_source": 22391}}, {"type": "Feature", "geometry": {"type": "Point", "coordinates": [8.47538, 35.9072]}, "properties": {"record_id": "oai:u-bordeaux-montaigne.fr:340470", "symbol_class": "building", "pixel_x": 2958.5, "pixel_y": 3871.6, "easting": 371402.6, "northing": 290478.9, "epsg_source": 22391}}, {"type": "Feature", "geometry": {"type": "Point", "coordinates": [8.65433, 35.89708]}, "properties": {"record_id": "oai:u-bordeaux-montaigne.fr:340470", "symbol_class": "building", "pixel_x": 6782.0, "pixel_y": 3889.1, "easting": 387534.5, "northing": 289134.7, "epsg_source": 22391}}, {"type": "Feature", "geometry": {"type": "Point", "coordinates": [8.38241, 35.91123]}, "properties": {"record_id": "oai:u-bordeaux-montaigne.fr:340470", "symbol_class": "building", "pixel_x": 974.1, "pixel_y": 3892.0, "easting": 363020.8, "northing": 291052.0, "epsg_source": 22391}}, {"type": "Feature", "geometry": {"type": "Point", "coordinates": [8.37137, 35.91114]}, "properties": {"record_id": "oai:u-bordeaux-montaigne.fr:340470", "symbol_class": "building", "pixel_x": 739.5, "pixel_y": 3909.0, "easting": 362024.8, "northing": 291058.2, "epsg_source": 22391}}, {"type": "Feature", "geometry": {"type": "Point", "coordinates": [8.38505, 35.91049]}, "properties": {"record_id": "oai:u-bordeaux-montaigne.fr:340470", "symbol_class": "building", "pixel_x": 1031.6, "pixel_y": 3907.8, "easting": 363258.0, "northing": 290966.3, "epsg_source": 22391}}, {"type": "Feature", "geometry": {"type": "Point", "coordinates": [8.4749, 35.90444]}, "properties": {"record_id": "oai:u-bordeaux-montaigne.fr:340470", "symbol_class": "building", "pixel_x": 2952.9, "pixel_y": 3944.6, "easting": 371355.0, "northing": 290172.7, "epsg_source": 22391}}, {"type": "Feature", "geometry": {"type": "Point", "coordinates": [8.47495, 35.90379]}, "properties": {"record_id": "oai:u-bordeaux-montaigne.fr:340470", "symbol_class": "building", "pixel_x": 2955.0, "pixel_y": 3961.3, "easting": 371358.2, "northing": 290101.2, "epsg_source": 22391}}, {"type": "Feature", "geometry": {"type": "Point", "coordinates": [8.38256, 35.90774]}, "properties": {"record_id": "oai:u-bordeaux-montaigne.fr:340470", "symbol_class": "building", "pixel_x": 983.2, "pixel_y": 3983.0, "easting": 363028.9, "northing": 290664.7, "epsg_source": 22391}}, {"type": "Feature", "geometry": {"type": "Point", "coordinates": [8.46283, 35.90339]}, "properties": {"record_id": "oai:u-bordeaux-montaigne.fr:340470", "symbol_class": "building", "pixel_x": 2697.8, "pixel_y": 3988.3, "easting": 370263.6, "northing": 290073.0, "epsg_source": 22391}}, {"type": "Feature", "geometry": {"type": "Point", "coordinates": [8.55725, 35.89776]}, "properties": {"record_id": "oai:u-bordeaux-montaigne.fr:340470", "symbol_class": "building", "pixel_x": 4715.8, "pixel_y": 4006.1, "easting": 378774.9, "northing": 289327.1, "epsg_source": 22391}}, {"type": "Feature", "geometry": {"type": "Point", "coordinates": [8.4553, 35.90241]}, "properties": {"record_id": "oai:u-bordeaux-montaigne.fr:340470", "symbol_class": "building", "pixel_x": 2539.2, "pixel_y": 4024.2, "easting": 369582.6, "northing": 289973.7, "epsg_source": 22391}}, {"type": "Feature", "geometry": {"type": "Point", "coordinates": [8.45402, 35.90239]}, "properties": {"record_id": "oai:u-bordeaux-montaigne.fr:340470", "symbol_class": "building", "pixel_x": 2512.0, "pixel_y": 4026.3, "easting": 369466.9, "northing": 289974.1, "epsg_source": 22391}}, {"type": "Feature", "geometry": {"type": "Point", "coordinates": [8.49142, 35.90006]}, "properties": {"record_id": "oai:u-bordeaux-montaigne.fr:340470", "symbol_class": "building", "pixel_x": 3311.5, "pixel_y": 4036.5, "easting": 372837.7, "northing": 289665.4, "epsg_source": 22391}}, {"type": "Feature", "geometry": {"type": "Point", "coordinates": [8.55217, 35.89654]}, "properties": {"record_id": "oai:u-bordeaux-montaigne.fr:340470", "symbol_class": "building", "pixel_x": 4609.8, "pixel_y": 4045.0, "easting": 378314.7, "northing": 289198.4, "epsg_source": 22391}}, {"type": "Feature", "geometry": {"type": "Point", "coordinates": [8.55906, 35.89603]}, "properties": {"record_id": "oai:u-bordeaux-montaigne.fr:340470", "symbol_class": "building", "pixel_x": 4757.2, "pixel_y": 4048.8, "easting": 378935.4, "northing": 289133.2, "epsg_source": 22391}}, {"type": "Feature", "geometry": {"type": "Point", "coordinates": [8.44171, 35.90225]}, "properties": {"record_id": "oai:u-bordeaux-montaigne.fr:340470", "symbol_class": "building", "pixel_x": 2250.5, "pixel_y": 4046.8, "easting": 368356.5, "northing": 289974.6, "epsg_source": 22391}}, {"type": "Feature", "geometry": {"type": "Point", "coordinates": [8.55251, 35.89628]}, "properties": {"record_id": "oai:u-bordeaux-montaigne.fr:340470", "symbol_class": "building", "pixel_x": 4617.4, "pixel_y": 4051.5, "easting": 378344.4, "northing": 289168.3, "epsg_source": 22391}}, {"type": "Feature", "geometry": {"type": "Point", "coordinates": [8.43844, 35.90221]}, "properties": {"record_id": "oai:u-bordeaux-montaigne.fr:340470", "symbol_class": "building", "pixel_x": 2181.1, "pixel_y": 4052.3, "easting": 368061.5, "northing": 289974.5, "epsg_source": 22391}}, {"type": "Feature", "geometry": {"type": "Point", "coordinates": [8.55698, 35.89575]}, "properties": {"record_id": "oai:u-bordeaux-montaigne.fr:340470", "symbol_class": "building", "pixel_x": 4713.5, "pixel_y": 4059.1, "easting": 378747.6, "northing": 289104.2, "epsg_source": 22391}}, {"type": "Feature", "geometry": {"type": "Point", "coordinates": [8.38541, 35.90444]}, "properties": {"record_id": "oai:u-bordeaux-montaigne.fr:340470", "symbol_class": "building", "pixel_x": 1049.3, "pixel_y": 4065.5, "easting": 363280.4, "northing": 290294.5, "epsg_source": 22391}}, {"type": "Feature", "geometry": {"type": "Point", "coordinates": [8.3847, 35.90402]}, "properties": {"record_id": "oai:u-bordeaux-montaigne.fr:340470", "symbol_class": "building", "pixel_x": 1034.8, "pixel_y": 4077.4, "easting": 363215.3, "northing": 290249.1, "epsg_source": 22391}}, {"type": "Feature", "geometry": {"type": "Point", "coordinates": [8.42127, 35.90199]}, "properties": {"record_id": "oai:u-bordeaux-montaigne.fr:340470", "symbol_class": "building", "pixel_x": 1816.1, "pixel_y": 4081.3, "easting": 366511.6, "northing": 289973.3, "epsg_source": 22391}}, {"type": "Feature", "geometry": {"type": "Point", "coordinates": [8.42214, 35.90198]}, "properties": {"record_id": "oai:u-bordeaux-montaigne.fr:340470", "symbol_class": "building", "pixel_x": 1834.7, "pixel_y": 4080.3, "easting": 366590.2, "northing": 289971.1, "epsg_source": 22391}}, {"type": "Feature", "geometry": {"type": "Point", "coordinates": [8.54818, 35.89514]}, "properties": {"record_id": "oai:u-bordeaux-montaigne.fr:340470", "symbol_class": "building", "pixel_x": 4527.3, "pixel_y": 4087.3, "easting": 377952.4, "northing": 289047.2, "epsg_source": 22391}}, {"type": "Feature", "geometry": {"type": "Point", "coordinates": [8.55566, 35.8944]}, "properties": {"record_id": "oai:u-bordeaux-montaigne.fr:340470", "symbol_class": "building", "pixel_x": 4687.7, "pixel_y": 4096.2, "easting": 378626.5, "northing": 288956.4, "epsg_source": 22391}}, {"type": "Feature", "geometry": {"type": "Point", "coordinates": [8.41103, 35.90183]}, "properties": {"record_id": "oai:u-bordeaux-montaigne.fr:340470", "symbol_class": "building", "pixel_x": 1598.6, "pixel_y": 4099.2, "easting": 365587.6, "northing": 289969.9, "epsg_source": 22391}}, {"type": "Feature", "geometry": {"type": "Point", "coordinates": [8.3826, 35.90253]}, "properties": {"record_id": "oai:u-bordeaux-montaigne.fr:340470", "symbol_class": "building", "pixel_x": 992.6, "pixel_y": 4119.1, "easting": 363023.2, "northing": 290087.3, "epsg_source": 22391}}, {"type": "Feature", "geometry": {"type": "Point", "coordinates": [8.37156, 35.90234]}, "properties": {"record_id": "oai:u-bordeaux-montaigne.fr:340470", "symbol_class": "building", "pixel_x": 758.0, "pixel_y": 4138.8, "easting": 362026.5, "northing": 290082.1, "epsg_source": 22391}}, {"type": "Feature", "geometry": {"type": "Point", "coordinates": [8.38257, 35.90209]}, "properties": {"record_id": "oai:u-bordeaux-montaigne.fr:340470", "symbol_class": "building", "pixel_x": 992.7, "pixel_y": 4130.8, "easting": 363019.9, "northing": 290037.8, "epsg_source": 22391}}, {"type": "Feature", "geometry": {"type": "Point", "coordinates": [8.39076, 35.90154]}, "properties": {"record_id": "oai:u-bordeaux-montaigne.fr:340470", "symbol_class": "building", "pixel_x": 1167.8, "pixel_y": 4134.2, "easting": 363757.7, "northing": 289965.4, "epsg_source": 22391}}, {"type": "Feature", "geometry": {"type": "Point", "coordinates": [8.3862, 35.90149]}, "properties": {"record_id": "oai:u-bordeaux-montaigne.fr:340470", "symbol_class": "building", "pixel_x": 1070.8, "pixel_y": 4141.6, "easting": 363346.0, "northing": 289966.4, "epsg_source": 22391}}, {"type": "Feature", "geometry": {"type": "Point", "coordinates": [8.38263, 35.90015]}, "properties": {"record_id": "oai:u-bordeaux-montaigne.fr:340470", "symbol_class": "building", "pixel_x": 997.1, "pixel_y": 4181.2, "easting": 363021.5, "northing": 289823.5, "epsg_source": 22391}}, {"type": "Feature", "geometry": {"type": "Point", "coordinates": [8.54505, 35.89093]}, "properties": {"record_id": "oai:u-bordeaux-montaigne.fr:340470", "symbol_class": "building", "pixel_x": 4467.7, "pixel_y": 4201.6, "easting": 377663.0, "northing": 288584.4, "epsg_source": 22391}}, {"type": "Feature", "geometry": {"type": "Point", "coordinates": [8.56129, 35.88952]}, "properties": {"record_id": "oai:u-bordeaux-montaigne.fr:340470", "symbol_class": "building", "pixel_x": 4815.8, "pixel_y": 4215.9, "easting": 379127.2, "northing": 288408.2, "epsg_source": 22391}}, {"type": "Feature", "geometry": {"type": "Point", "coordinates": [8.54718, 35.89016]}, "properties": {"record_id": "oai:u-bordeaux-montaigne.fr:340470", "symbol_class": "building", "pixel_x": 4514.3, "pixel_y": 4218.6, "easting": 377854.0, "northing": 288496.9, "epsg_source": 22391}}, {"type": "Feature", "geometry": {"type": "Point", "coordinates": [8.54491, 35.89016]}, "properties": {"record_id": "oai:u-bordeaux-montaigne.fr:340470", "symbol_class": "building", "pixel_x": 4466.2, "pixel_y": 4221.8, "easting": 377649.8, "northing": 288499.6, "epsg_source": 22391}}, {"type": "Feature", "geometry": {"type": "Point", "coordinates": [8.54806, 35.88979]}, "properties": {"record_id": "oai:u-bordeaux-montaigne.fr:340470", "symbol_class": "building", "pixel_x": 4533.9, "pixel_y": 4227.1, "easting": 377933.7, "northing": 288454.8, "epsg_source": 22391}}, {"type": "Feature", "geometry": {"type": "Point", "coordinates": [8.68223, 35.88261]}, "properties": {"record_id": "oai:u-bordeaux-montaigne.fr:340470", "symbol_class": "building", "pixel_x": 7400.4, "pixel_y": 4228.1, "easting": 390031.6, "northing": 287498.1, "epsg_source": 22391}}, {"type": "Feature", "geometry": {"type": "Point", "coordinates": [8.68553, 35.88225]}, "properties": {"record_id": "oai:u-bordeaux-montaigne.fr:340470", "symbol_class": "building", "pixel_x": 7471.2, "pixel_y": 4232.7, "easting": 390328.8, "northing": 287455.2, "epsg_source": 22391}}, {"type": "Feature", "geometry": {"type": "Point", "coordinates": [8.54714, 35.88966]}, "properties": {"record_id": "oai:u-bordeaux-montaigne.fr:340470", "symbol_class": "building", "pixel_x": 4514.5, "pixel_y": 4231.8, "easting": 377850.3, "northing": 288441.4, "epsg_source": 22391}}, {"type": "Feature", "geometry": {"type": "Point", "coordinates": [8.56087, 35.8888]}, "properties": {"record_id": "oai:u-bordeaux-montaigne.fr:340470", "symbol_class": "building", "pixel_x": 4808.0, "pixel_y": 4235.5, "easting": 379087.9, "northing": 288328.3, "epsg_source": 22391}}, {"type": "Feature", "geometry": {"type": "Point", "coordinates": [8.55714, 35.88901]}, "properties": {"record_id": "oai:u-bordeaux-montaigne.fr:340470", "symbol_class": "building", "pixel_x": 4728.2, "pixel_y": 4235.0, "easting": 378751.1, "northing": 288356.9, "epsg_source": 22391}}, {"type": "Feature", "geometry": {"type": "Point", "coordinates": [8.5512, 35.88927]}, "properties": {"record_id": "oai:u-bordeaux-montaigne.fr:340470", "symbol_class": "building", "pixel_x": 4601.5, "pixel_y": 4236.4, "easting": 378216.2, "northing": 288393.2, "epsg_source": 22391}}, {"type": "Feature", "geometry": {"type": "Point", "coordinates": [8.55804, 35.88889]}, "properties": {"record_id": "oai:u-bordeaux-montaigne.fr:340470", "symbol_class": "building", "pixel_x": 4747.7, "pixel_y": 4236.9, "easting": 378832.8, "northing": 288342.4, "epsg_source": 22391}}, {"type": "Feature", "geometry": {"type": "Point", "coordinates": [8.55451, 35.88896]}, "properties": {"record_id": "oai:u-bordeaux-montaigne.fr:340470", "symbol_class": "building", "pixel_x": 4672.4, "pixel_y": 4240.1, "easting": 378514.1, "northing": 288354.0, "epsg_source": 22391}}, {"type": "Feature", "geometry": {"type": "Point", "coordinates": [8.67418, 35.88234]}, "properties": {"record_id": "oai:u-bordeaux-montaigne.fr:340470", "symbol_class": "building", "pixel_x": 7229.7, "pixel_y": 4246.3, "easting": 389305.3, "northing": 287478.1, "epsg_source": 22391}}, {"type": "Feature", "geometry": {"type": "Point", "coordinates": [8.55785, 35.88834]}, "properties": {"record_id": "oai:u-bordeaux-montaigne.fr:340470", "symbol_class": "building", "pixel_x": 4744.5, "pixel_y": 4251.7, "easting": 378814.7, "northing": 288281.0, "epsg_source": 22391}}, {"type": "Feature", "geometry": {"type": "Point", "coordinates": [8.39295, 35.89683]}, "properties": {"record_id": "oai:u-bordeaux-montaigne.fr:340470", "symbol_class": "building", "pixel_x": 1222.2, "pixel_y": 4254.1, "easting": 363947.5, "northing": 289440.9, "epsg_source": 22391}}, {"type": "Feature", "geometry": {"type": "Point", "coordinates": [8.55253, 35.88824]}, "properties": {"record_id": "oai:u-bordeaux-montaigne.fr:340470", "symbol_class": "building", "pixel_x": 4631.5, "pixel_y": 4261.6, "easting": 378334.3, "northing": 288276.7, "epsg_source": 22391}}, {"type": "Feature", "geometry": {"type": "Point", "coordinates": [8.39284, 35.89623]}, "properties": {"record_id": "oai:u-bordeaux-montaigne.fr:340470", "symbol_class": "building", "pixel_x": 1220.8, "pixel_y": 4270.0, "easting": 363936.4, "northing": 289374.4, "epsg_source": 22391}}, {"type": "Feature", "geometry": {"type": "Point", "coordinates": [8.72031, 35.87876]}, "properties": {"record_id": "oai:u-bordeaux-montaigne.fr:340470", "symbol_class": "building", "pixel_x": 8217.3, "pixel_y": 4274.9, "easting": 393463.9, "northing": 287029.1, "epsg_source": 22391}}, {"type": "Feature", "geometry": {"type": "Point", "coordinates": [8.3928, 35.8956]}, "properties": {"record_id": "oai:u-bordeaux-montaigne.fr:340470", "symbol_class": "building", "pixel_x": 1221.0, "pixel_y": 4286.7, "easting": 363931.7, "northing": 289303.7, "epsg_source": 22391}}, {"type": "Feature", "geometry": {"type": "Point", "coordinates": [8.43992, 35.89318]}, "properties": {"record_id": "oai:u-bordeaux-montaigne.fr:340470", "symbol_class": "building", "pixel_x": 2227.5, "pixel_y": 4286.2, "easting": 368179.8, "northing": 288971.3, "epsg_source": 22391}}, {"type": "Feature", "geometry": {"type": "Point", "coordinates": [8.69428, 35.87943]}, "properties": {"record_id": "oai:u-bordeaux-montaigne.fr:340470", "symbol_class": "building", "pixel_x": 7662.4, "pixel_y": 4294.2, "easting": 391115.5, "northing": 287132.1, "epsg_source": 22391}}, {"type": "Feature", "geometry": {"type": "Point", "coordinates": [8.46482, 35.89162]}, "properties": {"record_id": "oai:u-bordeaux-montaigne.fr:340470", "symbol_class": "building", "pixel_x": 2759.8, "pixel_y": 4293.2, "easting": 370424.1, "northing": 288765.0, "epsg_source": 22391}}, {"type": "Feature", "geometry": {"type": "Point", "coordinates": [8.43712, 35.89315]}, "properties": {"record_id": "oai:u-bordeaux-montaigne.fr:340470", "symbol_class": "building", "pixel_x": 2168.0, "pixel_y": 4290.9, "easting": 367927.1, "northing": 288971.3, "epsg_source": 22391}}, {"type": "Feature", "geometry": {"type": "Point", "coordinates": [8.51394, 35.88903]}, "properties": {"record_id": "oai:u-bordeaux-montaigne.fr:340470", "symbol_class": "building", "pixel_x": 3809.3, "pixel_y": 4293.9, "easting": 374853.2, "northing": 288413.7, "epsg_source": 22391}}, {"type": "Feature", "geometry": {"type": "Point", "coordinates": [8.51434, 35.88899]}, "properties": {"record_id": "oai:u-bordeaux-montaigne.fr:340470", "symbol_class": "building", "pixel_x": 3817.7, "pixel_y": 4294.5, "easting": 374888.5, "northing": 288408.3, "epsg_source": 22391}}, {"type": "Feature", "geometry": {"type": "Point", "coordinates": [8.52547, 35.88812]}, "properties": {"record_id": "oai:u-bordeaux-montaigne.fr:340470", "symbol_class": "building", "pixel_x": 4056.0, "pixel_y": 4301.8, "easting": 375891.9, "northing": 288298.2, "epsg_source": 22391}}, {"type": "Feature", "geometry": {"type": "Point", "coordinates": [8.43057, 35.89305]}, "properties": {"record_id": "oai:u-bordeaux-montaigne.fr:340470", "symbol_class": "building", "pixel_x": 2028.7, "pixel_y": 4302.3, "easting": 367335.5, "northing": 288969.7, "epsg_source": 22391}}, {"type": "Feature", "geometry": {"type": "Point", "coordinates": [8.46503, 35.89115]}, "properties": {"record_id": "oai:u-bordeaux-montaigne.fr:340470", "symbol_class": "building", "pixel_x": 2765.0, "pixel_y": 4305.3, "easting": 370442.0, "northing": 288712.3, "epsg_source": 22391}}, {"type": "Feature", "geometry": {"type": "Point", "coordinates": [8.52753, 35.88758]}, "properties": {"record_id": "oai:u-bordeaux-montaigne.fr:340470", "symbol_class": "building", "pixel_x": 4100.8, "pixel_y": 4313.2, "easting": 376077.2, "northing": 288235.3, "epsg_source": 22391}}, {"type": "Feature", "geometry": {"type": "Point", "coordinates": [8.66058, 35.88009]}, "properties": {"record_id": "oai:u-bordeaux-montaigne.fr:340470", "symbol_class": "building", "pixel_x": 6944.2, "pixel_y": 4324.4, "easting": 388074.4, "northing": 287243.3, "epsg_source": 22391}}, {"type": "Feature", "geometry": {"type": "Point", "coordinates": [8.46041, 35.89066]}, "properties": {"record_id": "oai:u-bordeaux-montaigne.fr:340470", "symbol_class": "building", "pixel_x": 2667.6, "pixel_y": 4324.3, "easting": 370024.5, "northing": 288664.3, "epsg_source": 22391}}, {"type": "Feature", "geometry": {"type": "Point", "coordinates": [8.41832, 35.89286]}, "properties": {"record_id": "oai:u-bordeaux-montaigne.fr:340470", "symbol_class": "building", "pixel_x": 1768.6, "pixel_y": 4323.7, "easting": 366230.3, "northing": 288965.6, "epsg_source": 22391}}, {"type": "Feature", "geometry": {"type": "Point", "coordinates": [8.514, 35.88762]}, "properties": {"record_id": "oai:u-bordeaux-montaigne.fr:340470", "symbol_class": "building", "pixel_x": 3812.9, "pixel_y": 4330.8, "easting": 374856.3, "northing": 288256.5, "epsg_source": 22391}}, {"type": "Feature", "geometry": {"type": "Point", "coordinates": [8.70465, 35.87729]}, "properties": {"record_id": "oai:u-bordeaux-montaigne.fr:340470", "symbol_class": "building", "pixel_x": 7886.6, "pixel_y": 4335.4, "easting": 392048.1, "northing": 286883.8, "epsg_source": 22391}}, {"type": "Feature", "geometry": {"type": "Point", "coordinates": [8.47844, 35.88897]}, "properties": {"record_id": "oai:u-bordeaux-montaigne.fr:340470", "symbol_class": "building", "pixel_x": 3054.1, "pixel_y": 4344.0, "easting": 371649.1, "northing": 288453.0, "epsg_source": 22391}}, {"type": "Feature", "geometry": {"type": "Point", "coordinates": [8.40725, 35.89274]}, "properties": {"record_id": "oai:u-bordeaux-montaigne.fr:340470", "symbol_class": "building", "pixel_x": 1533.2, "pixel_y": 4341.9, "easting": 365230.8, "northing": 288967.0, "epsg_source": 22391}}, {"type": "Feature", "geometry": {"type": "Point", "coordinates": [8.39287, 35.89327]}, "properties": {"record_id": "oai:u-bordeaux-montaigne.fr:340470", "symbol_class": "building", "pixel_x": 1226.3, "pixel_y": 4347.4, "easting": 363934.0, "northing": 289045.8, "epsg_source": 22391}}, {"type": "Feature", "geometry": {"type": "Point", "coordinates": [8.40607, 35.89273]}, "properties": {"record_id": "oai:u-bordeaux-montaigne.fr:340470", "symbol_class": "building", "pixel_x": 1508.1, "pixel_y": 4343.9, "easting": 365124.2, "northing": 288967.0, "epsg_source": 22391}}, {"type": "Feature", "geometry": {"type": "Point", "coordinates": [8.54493, 35.88548]}, "properties": {"record_id": "oai:u-bordeaux-montaigne.fr:340470", "symbol_class": "building", "pixel_x": 4474.5, "pixel_y": 4344.1, "easting": 377644.2, "northing": 287980.5, "epsg_source": 22391}}, {"type": "Feature", "geometry": {"type": "Point", "coordinates": [8.40531, 35.89272]}, "properties": {"record_id": "oai:u-bordeaux-montaigne.fr:340470", "symbol_class": "building", "pixel_x": 1491.8, "pixel_y": 4345.2, "easting": 365055.2, "northing": 288966.9, "epsg_source": 22391}}, {"type": "Feature", "geometry": {"type": "Point", "coordinates": [8.40418, 35.89273]}, "properties": {"record_id": "oai:u-bordeaux-montaigne.fr:340470", "symbol_class": "building", "pixel_x": 1467.9, "pixel_y": 4346.2, "easting": 364953.9, "northing": 288970.4, "epsg_source": 22391}}, {"type": "Feature", "geometry": {"type": "Point", "coordinates": [8.38801, 35.89323]}, "properties": {"record_id": "oai:u-bordeaux-montaigne.fr:340470", "symbol_class": "building", "pixel_x": 1122.9, "pixel_y": 4355.1, "easting": 363494.9, "northing": 289047.7, "epsg_source": 22391}}, {"type": "Feature", "geometry": {"type": "Point", "coordinates": [8.65624, 35.87875]}, "properties": {"record_id": "oai:u-bordeaux-montaigne.fr:340470", "symbol_class": "building", "pixel_x": 6854.2, "pixel_y": 4365.4, "easting": 387680.9, "northing": 287100.1, "epsg_source": 22391}}, {"type": "Feature", "geometry": {"type": "Point", "coordinates": [8.39275, 35.89255]}, "properties": {"record_id": "oai:u-bordeaux-montaigne.fr:340470", "symbol_class": "building", "pixel_x": 1225.0, "pixel_y": 4366.5, "easting": 363922.0, "northing": 288965.6, "epsg_source": 22391}}, {"type": "Feature", "geometry": {"type": "Point", "coordinates": [8.6909, 35.87655]}, "properties": {"record_id": "oai:u-bordeaux-montaigne.fr:340470", "symbol_class": "building", "pixel_x": 7595.4, "pixel_y": 4374.2, "easting": 390806.4, "northing": 286816.7, "epsg_source": 22391}}, {"type": "Feature", "geometry": {"type": "Point", "coordinates": [8.38351, 35.89174]}, "properties": {"record_id": "oai:u-bordeaux-montaigne.fr:340470", "symbol_class": "building", "pixel_x": 1029.7, "pixel_y": 4400.0, "easting": 363086.7, "northing": 288888.8, "epsg_source": 22391}}, {"type": "Feature", "geometry": {"type": "Point", "coordinates": [8.38154, 35.8917]}, "properties": {"record_id": "oai:u-bordeaux-montaigne.fr:340470", "symbol_class": "building", "pixel_x": 987.9, "pixel_y": 4403.8, "easting": 362909.0, "northing": 288887.1, "epsg_source": 22391}}, {"type": "Feature", "geometry": {"type": "Point", "coordinates": [8.37177, 35.89222]}, "properties": {"record_id": "oai:u-bordeaux-montaigne.fr:340470", "symbol_class": "building", "pixel_x": 779.2, "pixel_y": 4403.2, "easting": 362028.2, "northing": 288958.6, "epsg_source": 22391}}, {"type": "Feature", "geometry": {"type": "Point", "coordinates": [8.3699, 35.89222]}, "properties": {"record_id": "oai:u-bordeaux-montaigne.fr:340470", "symbol_class": "building", "pixel_x": 739.4, "pixel_y": 4405.8, "easting": 361859.6, "northing": 288961.1, "epsg_source": 22391}}, {"type": "Feature", "geometry": {"type": "Point", "coordinates": [8.37175, 35.89152]}, "properties": {"record_id": "oai:u-bordeaux-montaigne.fr:340470", "symbol_class": "building", "pixel_x": 779.9, "pixel_y": 4421.6, "easting": 362025.1, "northing": 288880.8, "epsg_source": 22391}}, {"type": "Feature", "geometry": {"type": "Point", "coordinates": [8.50401, 35.88501]}, "properties": {"record_id": "oai:u-bordeaux-montaigne.fr:340470", "symbol_class": "building", "pixel_x": 3604.8, "pixel_y": 4412.5, "easting": 373950.7, "northing": 287980.7, "epsg_source": 22391}}, {"type": "Feature", "geometry": {"type": "Point", "coordinates": [8.47854, 35.88604]}, "properties": {"record_id": "oai:u-bordeaux-montaigne.fr:340470", "symbol_class": "building", "pixel_x": 3061.1, "pixel_y": 4420.4, "easting": 371653.5, "northing": 288127.9, "epsg_source": 22391}}, {"type": "Feature", "geometry": {"type": "Point", "coordinates": [8.47935, 35.88596]}, "properties": {"record_id": "oai:u-bordeaux-montaigne.fr:340470", "symbol_class": "building", "pixel_x": 3078.4, "pixel_y": 4421.5, "easting": 371726.2, "northing": 288117.8, "epsg_source": 22391}}, {"type": "Feature", "geometry": {"type": "Point", "coordinates": [8.57285, 35.88105]}, "properties": {"record_id": "oai:u-bordeaux-montaigne.fr:340470", "symbol_class": "building", "pixel_x": 5076.1, "pixel_y": 4421.5, "easting": 380157.5, "northing": 287454.0, "epsg_source": 22391}}, {"type": "Feature", "geometry": {"type": "Point", "coordinates": [8.478, 35.88585]}, "properties": {"record_id": "oai:u-bordeaux-montaigne.fr:340470", "symbol_class": "building", "pixel_x": 3049.9, "pixel_y": 4426.2, "easting": 371604.4, "northing": 288107.3, "epsg_source": 22391}}, {"type": "Feature", "geometry": {"type": "Point", "coordinates": [8.47878, 35.88563]}, "properties": {"record_id": "oai:u-bordeaux-montaigne.fr:340470", "symbol_class": "building", "pixel_x": 3066.9, "pixel_y": 4430.9, "easting": 371674.6, "northing": 288081.9, "epsg_source": 22391}}, {"type": "Feature", "geometry": {"type": "Point", "coordinates": [8.47975, 35.8853]}, "properties": {"record_id": "oai:u-bordeaux-montaigne.fr:340470", "symbol_class": "building", "pixel_x": 3088.1, "pixel_y": 4438.1, "easting": 371761.5, "northing": 288044.5, "epsg_source": 22391}}, {"type": "Feature", "geometry": {"type": "Point", "coordinates": [8.37179, 35.89039]}, "properties": {"record_id": "oai:u-bordeaux-montaigne.fr:340470", "symbol_class": "building", "pixel_x": 782.5, "pixel_y": 4451.0, "easting": 362026.3, "northing": 288755.9, "epsg_source": 22391}}, {"type": "Feature", "geometry": {"type": "Point", "coordinates": [8.63536, 35.87609]}, "properties": {"record_id": "oai:u-bordeaux-montaigne.fr:340470", "symbol_class": "building", "pixel_x": 6414.4, "pixel_y": 4464.0, "easting": 385792.0, "northing": 286829.8, "epsg_source": 22391}}, {"type": "Feature", "geometry": {"type": "Point", "coordinates": [8.68237, 35.87332]}, "properties": {"record_id": "oai:u-bordeaux-montaigne.fr:340470", "symbol_class": "building", "pixel_x": 7419.4, "pixel_y": 4470.7, "easting": 390031.2, "northing": 286467.9, "epsg_source": 22391}}, {"type": "Feature", "geometry": {"type": "Point", "coordinates": [8.49658, 35.88267]}, "properties": {"record_id": "oai:u-bordeaux-montaigne.fr:340470", "symbol_class": "building", "pixel_x": 3450.5, "pixel_y": 4484.0, "easting": 373275.8, "northing": 287730.2, "epsg_source": 22391}}, {"type": "Feature", "geometry": {"type": "Point", "coordinates": [8.45743, 35.88443]}, "properties": {"record_id": "oai:u-bordeaux-montaigne.fr:340470", "symbol_class": "building", "pixel_x": 2614.5, "pixel_y": 4491.2, "easting": 369745.0, "northing": 287977.4, "epsg_source": 22391}}, {"type": "Feature", "geometry": {"type": "Point", "coordinates": [8.38283, 35.88761]}, "properties": {"record_id": "oai:u-bordeaux-montaigne.fr:340470", "symbol_class": "building", "pixel_x": 1022.1, "pixel_y": 4508.8, "easting": 363018.5, "northing": 288432.4, "epsg_source": 22391}}, {"type": "Feature", "geometry": {"type": "Point", "coordinates": [8.40987, 35.88601]}, "properties": {"record_id": "oai:u-bordeaux-montaigne.fr:340470", "symbol_class": "building", "pixel_x": 1600.0, "pixel_y": 4514.3, "easting": 365455.6, "northing": 288217.0, "epsg_source": 22391}}, {"type": "Feature", "geometry": {"type": "Point", "coordinates": [8.58083, 35.87668]}, "properties": {"record_id": "oai:u-bordeaux-montaigne.fr:340470", "symbol_class": "building", "pixel_x": 5253.1, "pixel_y": 4524.7, "easting": 380870.5, "northing": 286959.5, "epsg_source": 22391}}, {"type": "Feature", "geometry": {"type": "Point", "coordinates": [8.38288, 35.88659]}, "properties": {"record_id": "oai:u-bordeaux-montaigne.fr:340470", "symbol_class": "building", "pixel_x": 1024.9, "pixel_y": 4535.5, "easting": 363021.2, "northing": 288318.7, "epsg_source": 22391}}, {"type": "Feature", "geometry": {"type": "Point", "coordinates": [8.37109, 35.88611]}, "properties": {"record_id": "oai:u-bordeaux-montaigne.fr:340470", "symbol_class": "building", "pixel_x": 774.8, "pixel_y": 4563.9, "easting": 361956.2, "northing": 288281.9, "epsg_source": 22391}}, {"type": "Feature", "geometry": {"type": "Point", "coordinates": [8.42488, 35.88396]}, "properties": {"record_id": "oai:u-bordeaux-montaigne.fr:340470", "symbol_class": "building", "pixel_x": 1922.8, "pixel_y": 4547.5, "easting": 366806.8, "northing": 287969.6, "epsg_source": 22391}}, {"type": "Feature", "geometry": {"type": "Point", "coordinates": [8.38283, 35.88591]}, "properties": {"record_id": "oai:u-bordeaux-montaigne.fr:340470", "symbol_class": "building", "pixel_x": 1024.8, "pixel_y": 4553.2, "easting": 363015.2, "northing": 288243.8, "epsg_source": 22391}}, {"type": "Feature", "geometry": {"type": "Point", "coordinates": [8.37002, 35.88635]}, "properties": {"record_id": "oai:u-bordeaux-montaigne.fr:340470", "symbol_class": "building", "pixel_x": 751.6, "pixel_y": 4559.1, "easting": 361860.2, "northing": 288310.0, "epsg_source": 22391}}, {"type": "Feature", "geometry": {"type": "Point", "coordinates": [8.41746, 35.88385]}, "properties": {"record_id": "oai:u-bordeaux-montaigne.fr:340470", "symbol_class": "building", "pixel_x": 1765.0, "pixel_y": 4560.6, "easting": 366136.6, "northing": 287967.0, "epsg_source": 22391}}, {"type": "Feature", "geometry": {"type": "Point", "coordinates": [8.41435, 35.8838]}, "properties": {"record_id": "oai:u-bordeaux-montaigne.fr:340470", "symbol_class": "building", "pixel_x": 1699.0, "pixel_y": 4566.1, "easting": 365856.2, "northing": 287965.4, "epsg_source": 22391}}, {"type": "Feature", "geometry": {"type": "Point", "coordinates": [8.36967, 35.88569]}, "properties": {"record_id": "oai:u-bordeaux-montaigne.fr:340470", "symbol_class": "building", "pixel_x": 745.3, "pixel_y": 4576.8, "easting": 361827.4, "northing": 288237.4, "epsg_source": 22391}}, {"type": "Feature", "geometry": {"type": "Point", "coordinates": [8.36975, 35.88529]}, "properties": {"record_id": "oai:u-bordeaux-montaigne.fr:340470", "symbol_class": "building", "pixel_x": 747.6, "pixel_y": 4586.9, "easting": 361833.6, "northing": 288193.7, "epsg_source": 22391}}, {"type": "Feature", "geometry": {"type": "Point", "coordinates": [8.39986, 35.88362]}, "properties": {"record_id": "oai:u-bordeaux-montaigne.fr:340470", "symbol_class": "building", "pixel_x": 1390.9, "pixel_y": 4590.2, "easting": 364548.0, "northing": 287966.3, "epsg_source": 22391}}, {"type": "Feature", "geometry": {"type": "Point", "coordinates": [8.39875, 35.88358]}, "properties": {"record_id": "oai:u-bordeaux-montaigne.fr:340470", "symbol_class": "building", "pixel_x": 1367.4, "pixel_y": 4592.8, "easting": 364447.9, "northing": 287962.9, "epsg_source": 22391}}, {"type": "Feature", "geometry": {"type": "Point", "coordinates": [8.39551, 35.88357]}, "properties": {"record_id": "oai:u-bordeaux-montaigne.fr:340470", "symbol_class": "building", "pixel_x": 1298.5, "pixel_y": 4597.5, "easting": 364155.3, "northing": 287966.2, "epsg_source": 22391}}, {"type": "Feature", "geometry": {"type": "Point", "coordinates": [8.3719, 35.88414]}, "properties": {"record_id": "oai:u-bordeaux-montaigne.fr:340470", "symbol_class": "building", "pixel_x": 795.2, "pixel_y": 4614.3, "easting": 362025.7, "northing": 288062.4, "epsg_source": 22391}}, {"type": "Feature", "geometry": {"type": "Point", "coordinates": [8.37621, 35.88328]}, "properties": {"record_id": "oai:u-bordeaux-montaigne.fr:340470", "symbol_class": "building", "pixel_x": 888.2, "pixel_y": 4630.9, "easting": 362412.8, "northing": 287961.2, "epsg_source": 22391}}, {"type": "Feature", "geometry": {"type": "Point", "coordinates": [8.68688, 35.86665]}, "properties": {"record_id": "oai:u-bordeaux-montaigne.fr:340470", "symbol_class": "building", "pixel_x": 7526.9, "pixel_y": 4638.5, "easting": 390429.4, "northing": 285723.7, "epsg_source": 22391}}, {"type": "Feature", "geometry": {"type": "Point", "coordinates": [8.6873, 35.8659]}, "properties": {"record_id": "oai:u-bordeaux-montaigne.fr:340470", "symbol_class": "building", "pixel_x": 7537.1, "pixel_y": 4657.7, "easting": 390466.0, "northing": 285639.2, "epsg_source": 22391}}, {"type": "Feature", "geometry": {"type": "Point", "coordinates": [8.67435, 35.86645]}, "properties": {"record_id": "oai:u-bordeaux-montaigne.fr:340470", "symbol_class": "building", "pixel_x": 7260.6, "pixel_y": 4661.5, "easting": 389297.8, "northing": 285715.2, "epsg_source": 22391}}, {"type": "Feature", "geometry": {"type": "Point", "coordinates": [8.58873, 35.87075]}, "properties": {"record_id": "oai:u-bordeaux-montaigne.fr:340470", "symbol_class": "building", "pixel_x": 5431.5, "pixel_y": 4668.7, "easting": 381575.5, "northing": 286292.2, "epsg_source": 22391}}, {"type": "Feature", "geometry": {"type": "Point", "coordinates": [8.38298, 35.88109]}, "properties": {"record_id": "oai:u-bordeaux-montaigne.fr:340470", "symbol_class": "building", "pixel_x": 1035.9, "pixel_y": 4679.1, "easting": 363020.2, "northing": 287708.6, "epsg_source": 22391}}, {"type": "Feature", "geometry": {"type": "Point", "coordinates": [8.372, 35.88041]}, "properties": {"record_id": "oai:u-bordeaux-montaigne.fr:340470", "symbol_class": "building", "pixel_x": 803.5, "pixel_y": 4711.6, "easting": 362028.5, "northing": 287648.7, "epsg_source": 22391}}, {"type": "Feature", "geometry": {"type": "Point", "coordinates": [8.49713, 35.87372]}, "properties": {"record_id": "oai:u-bordeaux-montaigne.fr:340470", "symbol_class": "building", "pixel_x": 3477.3, "pixel_y": 4717.2, "easting": 373311.7, "northing": 286736.7, "epsg_source": 22391}}, {"type": "Feature", "geometry": {"type": "Point", "coordinates": [8.71388, 35.86204]}, "properties": {"record_id": "oai:u-bordeaux-montaigne.fr:340470", "symbol_class": "building", "pixel_x": 8109.4, "pixel_y": 4721.1, "easting": 392860.5, "northing": 285181.7, "epsg_source": 22391}}, {"type": "Feature", "geometry": {"type": "Point", "coordinates": [8.44209, 35.87571]}, "properties": {"record_id": "oai:u-bordeaux-montaigne.fr:340470", "symbol_class": "building", "pixel_x": 2302.6, "pixel_y": 4740.0, "easting": 368346.1, "northing": 287030.9, "epsg_source": 22391}}, {"type": "Feature", "geometry": {"type": "Point", "coordinates": [8.67239, 35.8634]}, "properties": {"record_id": "oai:u-bordeaux-montaigne.fr:340470", "symbol_class": "building", "pixel_x": 7224.3, "pixel_y": 4743.9, "easting": 389117.1, "northing": 285379.3, "epsg_source": 22391}}, {"type": "Feature", "geometry": {"type": "Point", "coordinates": [8.5588, 35.86927]}, "properties": {"record_id": "oai:u-bordeaux-montaigne.fr:340470", "symbol_class": "building", "pixel_x": 4797.1, "pixel_y": 4748.7, "easting": 378871.6, "northing": 286165.5, "epsg_source": 22391}}, {"type": "Feature", "geometry": {"type": "Point", "coordinates": [8.4357, 35.87505]}, "properties": {"record_id": "oai:u-bordeaux-montaigne.fr:340470", "symbol_class": "building", "pixel_x": 2167.9, "pixel_y": 4765.9, "easting": 367768.9, "northing": 286966.5, "epsg_source": 22391}}, {"type": "Feature", "geometry": {"type": "Point", "coordinates": [8.59392, 35.86668]}, "properties": {"record_id": "oai:u-bordeaux-montaigne.fr:340470", "symbol_class": "building", "pixel_x": 5548.9, "pixel_y": 4767.9, "easting": 382037.9, "northing": 285834.5, "epsg_source": 22391}}, {"type": "Feature", "geometry": {"type": "Point", "coordinates": [8.43674, 35.87464]}, "properties": {"record_id": "oai:u-bordeaux-montaigne.fr:340470", "symbol_class": "building", "pixel_x": 2190.6, "pixel_y": 4775.2, "easting": 367861.4, "northing": 286919.4, "epsg_source": 22391}}, {"type": "Feature", "geometry": {"type": "Point", "coordinates": [8.43058, 35.875]}, "properties": {"record_id": "oai:u-bordeaux-montaigne.fr:340470", "symbol_class": "building", "pixel_x": 2059.0, "pixel_y": 4774.3, "easting": 367306.5, "northing": 286967.2, "epsg_source": 22391}}, {"type": "Feature", "geometry": {"type": "Point", "coordinates": [8.42159, 35.87433]}, "properties": {"record_id": "oai:u-bordeaux-montaigne.fr:340470", "symbol_class": "building", "pixel_x": 1868.7, "pixel_y": 4803.8, "easting": 366493.6, "northing": 286905.6, "epsg_source": 22391}}, {"type": "Feature", "geometry": {"type": "Point", "coordinates": [8.68257, 35.86039]}, "properties": {"record_id": "oai:u-bordeaux-montaigne.fr:340470", "symbol_class": "building", "pixel_x": 7446.1, "pixel_y": 4808.2, "easting": 390032.1, "northing": 285034.0, "epsg_source": 22391}}, {"type": "Feature", "geometry": {"type": "Point", "coordinates": [8.40786, 35.87471]}, "properties": {"record_id": "oai:u-bordeaux-montaigne.fr:340470", "symbol_class": "building", "pixel_x": 1576.0, "pixel_y": 4812.3, "easting": 365255.2, "northing": 286967.1, "epsg_source": 22391}}, {"type": "Feature", "geometry": {"type": "Point", "coordinates": [8.44248, 35.87279]}, "properties": {"record_id": "oai:u-bordeaux-montaigne.fr:340470", "symbol_class": "building", "pixel_x": 2315.9, "pixel_y": 4815.8, "easting": 368376.9, "northing": 286706.3, "epsg_source": 22391}}, {"type": "Feature", "geometry": {"type": "Point", "coordinates": [8.70261, 35.85884]}, "properties": {"record_id": "oai:u-bordeaux-montaigne.fr:340470", "symbol_class": "building", "pixel_x": 7875.2, "pixel_y": 4820.7, "easting": 391839.0, "northing": 284838.9, "epsg_source": 22391}}, {"type": "Feature", "geometry": {"type": "Point", "coordinates": [8.43944, 35.87277]}, "properties": {"record_id": "oai:u-bordeaux-montaigne.fr:340470", "symbol_class": "building", "pixel_x": 2251.1, "pixel_y": 4820.5, "easting": 368102.1, "northing": 286708.1, "epsg_source": 22391}}, {"type": "Feature", "geometry": {"type": "Point", "coordinates": [8.43898, 35.87282]}, "properties": {"record_id": "oai:u-bordeaux-montaigne.fr:340470", "symbol_class": "building", "pixel_x": 2241.3, "pixel_y": 4819.8, "easting": 368060.6, "northing": 286714.4, "epsg_source": 22391}}, {"type": "Feature", "geometry": {"type": "Point", "coordinates": [8.58745, 35.86491]}, "properties": {"record_id": "oai:u-bordeaux-montaigne.fr:340470", "symbol_class": "building", "pixel_x": 5414.2, "pixel_y": 4823.1, "easting": 381451.2, "northing": 285646.4, "epsg_source": 22391}}, {"type": "Feature", "geometry": {"type": "Point", "coordinates": [8.39882, 35.87459]}, "properties": {"record_id": "oai:u-bordeaux-montaigne.fr:340470", "symbol_class": "building", "pixel_x": 1383.8, "pixel_y": 4827.8, "easting": 364439.1, "northing": 286965.7, "epsg_source": 22391}}, {"type": "Feature", "geometry": {"type": "Point", "coordinates": [8.43977, 35.87197]}, "properties": {"record_id": "oai:u-bordeaux-montaigne.fr:340470", "symbol_class": "building", "pixel_x": 2259.5, "pixel_y": 4840.8, "easting": 368130.8, "northing": 286619.5, "epsg_source": 22391}}, {"type": "Feature", "geometry": {"type": "Point", "coordinates": [8.43932, 35.87192]}, "properties": {"record_id": "oai:u-bordeaux-montaigne.fr:340470", "symbol_class": "building", "pixel_x": 2250.2, "pixel_y": 4842.8, "easting": 368090.6, "northing": 286614.5, "epsg_source": 22391}}, {"type": "Feature", "geometry": {"type": "Point", "coordinates": [8.62279, 35.86224]}, "properties": {"record_id": "oai:u-bordeaux-montaigne.fr:340470", "symbol_class": "building", "pixel_x": 6170.6, "pixel_y": 4843.7, "easting": 384637.0, "northing": 285308.2, "epsg_source": 22391}}, {"type": "Feature", "geometry": {"type": "Point", "coordinates": [8.65464, 35.86033]}, "properties": {"record_id": "oai:u-bordeaux-montaigne.fr:340470", "symbol_class": "building", "pixel_x": 6851.9, "pixel_y": 4849.1, "easting": 387510.3, "northing": 285058.8, "epsg_source": 22391}}, {"type": "Feature", "geometry": {"type": "Point", "coordinates": [8.38754, 35.87446]}, "properties": {"record_id": "oai:u-bordeaux-montaigne.fr:340470", "symbol_class": "building", "pixel_x": 1143.9, "pixel_y": 4846.3, "easting": 363420.3, "northing": 286967.0, "epsg_source": 22391}}, {"type": "Feature", "geometry": {"type": "Point", "coordinates": [8.44374, 35.8715]}, "properties": {"record_id": "oai:u-bordeaux-montaigne.fr:340470", "symbol_class": "building", "pixel_x": 2344.8, "pixel_y": 4847.8, "easting": 368488.1, "northing": 286561.7, "epsg_source": 22391}}, {"type": "Feature", "geometry": {"type": "Point", "coordinates": [8.38685, 35.87443]}, "properties": {"record_id": "oai:u-bordeaux-montaigne.fr:340470", "symbol_class": "building", "pixel_x": 1129.4, "pixel_y": 4848.1, "easting": 363358.6, "northing": 286964.3, "epsg_source": 22391}}, {"type": "Feature", "geometry": {"type": "Point", "coordinates": [8.38581, 35.87445]}, "properties": {"record_id": "oai:u-bordeaux-montaigne.fr:340470", "symbol_class": "building", "pixel_x": 1107.1, "pixel_y": 4848.9, "easting": 363264.0, "northing": 286968.6, "epsg_source": 22391}}, {"type": "Feature", "geometry": {"type": "Point", "coordinates": [8.5247, 35.86714]}, "properties": {"record_id": "oai:u-bordeaux-montaigne.fr:340470", "symbol_class": "building", "pixel_x": 4075.0, "pixel_y": 4851.3, "easting": 375789.6, "northing": 285972.1, "epsg_source": 22391}}, {"type": "Feature", "geometry": {"type": "Point", "coordinates": [8.54843, 35.86566]}, "properties": {"record_id": "oai:u-bordeaux-montaigne.fr:340470", "symbol_class": "building", "pixel_x": 4582.5, "pixel_y": 4857.3, "easting": 377929.4, "northing": 285778.2, "epsg_source": 22391}}, {"type": "Feature", "geometry": {"type": "Point", "coordinates": [8.54781, 35.86548]}, "properties": {"record_id": "oai:u-bordeaux-montaigne.fr:340470", "symbol_class": "building", "pixel_x": 4569.7, "pixel_y": 4862.9, "easting": 377873.5, "northing": 285758.8, "epsg_source": 22391}}, {"type": "Feature", "geometry": {"type": "Point", "coordinates": [8.38309, 35.87416]}, "properties": {"record_id": "oai:u-bordeaux-montaigne.fr:340470", "symbol_class": "building", "pixel_x": 1049.7, "pixel_y": 4860.2, "easting": 363018.1, "northing": 286939.6, "epsg_source": 22391}}, {"type": "Feature", "geometry": {"type": "Point", "coordinates": [8.38313, 35.87374]}, "properties": {"record_id": "oai:u-bordeaux-montaigne.fr:340470", "symbol_class": "building", "pixel_x": 1051.2, "pixel_y": 4871.1, "easting": 363021.0, "northing": 286893.4, "epsg_source": 22391}}, {"type": "Feature", "geometry": {"type": "Point", "coordinates": [8.44278, 35.87065]}, "properties": {"record_id": "oai:u-bordeaux-montaigne.fr:340470", "symbol_class": "building", "pixel_x": 2325.8, "pixel_y": 4871.5, "easting": 368400.1, "northing": 286468.1, "epsg_source": 22391}}, {"type": "Feature", "geometry": {"type": "Point", "coordinates": [8.54668, 35.86518]}, "properties": {"record_id": "oai:u-bordeaux-montaigne.fr:340470", "symbol_class": "building", "pixel_x": 4546.2, "pixel_y": 4872.3, "easting": 377771.2, "northing": 285727.1, "epsg_source": 22391}}, {"type": "Feature", "geometry": {"type": "Point", "coordinates": [8.37161, 35.87423]}, "properties": {"record_id": "oai:u-bordeaux-montaigne.fr:340470", "symbol_class": "building", "pixel_x": 805.4, "pixel_y": 4873.6, "easting": 361982.5, "northing": 286964.3, "epsg_source": 22391}}, {"type": "Feature", "geometry": {"type": "Point", "coordinates": [8.43658, 35.87081]}, "properties": {"record_id": "oai:u-bordeaux-montaigne.fr:340470", "symbol_class": "building", "pixel_x": 2193.5, "pixel_y": 4875.5, "easting": 367840.7, "northing": 286495.0, "epsg_source": 22391}}, {"type": "Feature", "geometry": {"type": "Point", "coordinates": [8.43523, 35.87063]}, "properties": {"record_id": "oai:u-bordeaux-montaigne.fr:340470", "symbol_class": "building", "pixel_x": 2165.2, "pixel_y": 4882.1, "easting": 367719.1, "northing": 286476.5, "epsg_source": 22391}}, {"type": "Feature", "geometry": {"type": "Point", "coordinates": [8.57108, 35.8634]}, "properties": {"record_id": "oai:u-bordeaux-montaigne.fr:340470", "symbol_class": "building", "pixel_x": 5068.4, "pixel_y": 4885.1, "easting": 379971.2, "northing": 285499.4, "epsg_source": 22391}}, {"type": "Feature", "geometry": {"type": "Point", "coordinates": [8.43776, 35.87036]}, "properties": {"record_id": "oai:u-bordeaux-montaigne.fr:340470", "symbol_class": "building", "pixel_x": 2219.4, "pixel_y": 4885.7, "easting": 367946.3, "northing": 286443.7, "epsg_source": 22391}}, {"type": "Feature", "geometry": {"type": "Point", "coordinates": [8.65958, 35.85856]}, "properties": {"record_id": "oai:u-bordeaux-montaigne.fr:340470", "symbol_class": "building", "pixel_x": 6960.0, "pixel_y": 4888.3, "easting": 387953.5, "northing": 284857.4, "epsg_source": 22391}}, {"type": "Feature", "geometry": {"type": "Point", "coordinates": [8.43998, 35.86989]}, "properties": {"record_id": "oai:u-bordeaux-montaigne.fr:340470", "symbol_class": "building", "pixel_x": 2267.5, "pixel_y": 4895.0, "easting": 368146.5, "northing": 286388.5, "epsg_source": 22391}}, {"type": "Feature", "geometry": {"type": "Point", "coordinates": [8.54562, 35.86438]}, "properties": {"record_id": "oai:u-bordeaux-montaigne.fr:340470", "symbol_class": "building", "pixel_x": 4524.9, "pixel_y": 4894.8, "easting": 377674.1, "northing": 285639.1, "epsg_source": 22391}}, {"type": "Feature", "geometry": {"type": "Point", "coordinates": [8.54486, 35.8643]}, "properties": {"record_id": "oai:u-bordeaux-montaigne.fr:340470", "symbol_class": "building", "pixel_x": 4508.7, "pixel_y": 4897.8, "easting": 377604.8, "northing": 285631.7, "epsg_source": 22391}}, {"type": "Feature", "geometry": {"type": "Point", "coordinates": [8.49719, 35.86683]}, "properties": {"record_id": "oai:u-bordeaux-montaigne.fr:340470", "symbol_class": "building", "pixel_x": 3490.2, "pixel_y": 4897.2, "easting": 373305.9, "northing": 285972.7, "epsg_source": 22391}}, {"type": "Feature", "geometry": {"type": "Point", "coordinates": [8.43878, 35.86955]}, "properties": {"record_id": "oai:u-bordeaux-montaigne.fr:340470", "symbol_class": "building", "pixel_x": 2242.5, "pixel_y": 4905.5, "easting": 368037.2, "northing": 286352.4, "epsg_source": 22391}}, {"type": "Feature", "geometry": {"type": "Point", "coordinates": [8.43723, 35.86951]}, "properties": {"record_id": "oai:u-bordeaux-montaigne.fr:340470", "symbol_class": "building", "pixel_x": 2209.5, "pixel_y": 4908.7, "easting": 367897.2, "northing": 286349.8, "epsg_source": 22391}}, {"type": "Feature", "geometry": {"type": "Point", "coordinates": [8.59471, 35.86073]}, "properties": {"record_id": "oai:u-bordeaux-montaigne.fr:340470", "symbol_class": "building", "pixel_x": 5575.8, "pixel_y": 4922.3, "easting": 382100.1, "northing": 285174.1, "epsg_source": 22391}}, {"type": "Feature", "geometry": {"type": "Point", "coordinates": [8.67938, 35.85597]}, "properties": {"record_id": "oai:u-bordeaux-montaigne.fr:340470", "symbol_class": "building", "pixel_x": 7385.7, "pixel_y": 4928.4, "easting": 389737.2, "northing": 284546.7, "epsg_source": 22391}}, {"type": "Feature", "geometry": {"type": "Point", "coordinates": [8.39093, 35.87086]}, "properties": {"record_id": "oai:u-bordeaux-montaigne.fr:340470", "symbol_class": "building", "pixel_x": 1221.9, "pixel_y": 4935.8, "easting": 363720.0, "northing": 286563.6, "epsg_source": 22391}}, {"type": "Feature", "geometry": {"type": "Point", "coordinates": [8.64284, 35.85738]}, "properties": {"record_id": "oai:u-bordeaux-montaigne.fr:340470", "symbol_class": "building", "pixel_x": 6605.7, "pixel_y": 4942.6, "easting": 386440.2, "northing": 284745.9, "epsg_source": 22391}}, {"type": "Feature", "geometry": {"type": "Point", "coordinates": [8.64336, 35.85713]}, "properties": {"record_id": "oai:u-bordeaux-montaigne.fr:340470", "symbol_class": "building", "pixel_x": 6617.2, "pixel_y": 4948.6, "easting": 386487.1, "northing": 284717.0, "epsg_source": 22391}}, {"type": "Feature", "geometry": {"type": "Point", "coordinates": [8.64257, 35.85707]}, "properties": {"record_id": "oai:u-bordeaux-montaigne.fr:340470", "symbol_class": "building", "pixel_x": 6600.5, "pixel_y": 4951.3, "easting": 386415.6, "northing": 284711.1, "epsg_source": 22391}}, {"type": "Feature", "geometry": {"type": "Point", "coordinates": [8.51627, 35.86328]}, "properties": {"record_id": "oai:u-bordeaux-montaigne.fr:340470", "symbol_class": "building", "pixel_x": 3902.2, "pixel_y": 4963.9, "easting": 375023.0, "northing": 285554.2, "epsg_source": 22391}}, {"type": "Feature", "geometry": {"type": "Point", "coordinates": [8.67836, 35.85459]}, "properties": {"record_id": "oai:u-bordeaux-montaigne.fr:340470", "symbol_class": "building", "pixel_x": 7366.5, "pixel_y": 4965.9, "easting": 389643.7, "northing": 284394.7, "epsg_source": 22391}}, {"type": "Feature", "geometry": {"type": "Point", "coordinates": [8.67836, 35.85433]}, "properties": {"record_id": "oai:u-bordeaux-montaigne.fr:340470", "symbol_class": "building", "pixel_x": 7367.0, "pixel_y": 4972.6, "easting": 389643.5, "northing": 284366.4, "epsg_source": 22391}}, {"type": "Feature", "geometry": {"type": "Point", "coordinates": [8.55231, 35.86088]}, "properties": {"record_id": "oai:u-bordeaux-montaigne.fr:340470", "symbol_class": "building", "pixel_x": 4673.2, "pixel_y": 4977.1, "easting": 378272.4, "northing": 285242.6, "epsg_source": 22391}}, {"type": "Feature", "geometry": {"type": "Point", "coordinates": [8.5795, 35.8594]}, "properties": {"record_id": "oai:u-bordeaux-montaigne.fr:340470", "symbol_class": "building", "pixel_x": 5254.2, "pixel_y": 4978.1, "easting": 380724.6, "northing": 285045.4, "epsg_source": 22391}}, {"type": "Feature", "geometry": {"type": "Point", "coordinates": [8.57982, 35.85916]}, "properties": {"record_id": "oai:u-bordeaux-montaigne.fr:340470", "symbol_class": "building", "pixel_x": 5261.5, "pixel_y": 4983.8, "easting": 380753.5, "northing": 285018.5, "epsg_source": 22391}}, {"type": "Feature", "geometry": {"type": "Point", "coordinates": [8.67977, 35.8534]}, "properties": {"record_id": "oai:u-bordeaux-montaigne.fr:340470", "symbol_class": "building", "pixel_x": 7398.6, "pixel_y": 4994.9, "easting": 389769.3, "northing": 284261.7, "epsg_source": 22391}}, {"type": "Feature", "geometry": {"type": "Point", "coordinates": [8.4407, 35.86609]}, "properties": {"record_id": "oai:u-bordeaux-montaigne.fr:340470", "symbol_class": "building", "pixel_x": 2289.1, "pixel_y": 4993.3, "easting": 368204.7, "northing": 285966.1, "epsg_source": 22391}}, {"type": "Feature", "geometry": {"type": "Point", "coordinates": [8.44139, 35.8661]}, "properties": {"record_id": "oai:u-bordeaux-montaigne.fr:340470", "symbol_class": "building", "pixel_x": 2303.8, "pixel_y": 4992.3, "easting": 368267.4, "northing": 285965.3, "epsg_source": 22391}}, {"type": "Feature", "geometry": {"type": "Point", "coordinates": [8.43864, 35.86604]}, "properties": {"record_id": "oai:u-bordeaux-montaigne.fr:340470", "symbol_class": "building", "pixel_x": 2245.5, "pixel_y": 4997.4, "easting": 368019.4, "northing": 285963.5, "epsg_source": 22391}}, {"type": "Feature", "geometry": {"type": "Point", "coordinates": [8.46227, 35.86479]}, "properties": {"record_id": "oai:u-bordeaux-montaigne.fr:340470", "symbol_class": "building", "pixel_x": 2750.5, "pixel_y": 4998.2, "easting": 370150.5, "northing": 285792.2, "epsg_source": 22391}}, {"type": "Feature", "geometry": {"type": "Point", "coordinates": [8.58037, 35.85829]}, "properties": {"record_id": "oai:u-bordeaux-montaigne.fr:340470", "symbol_class": "building", "pixel_x": 5274.8, "pixel_y": 5005.8, "easting": 380802.2, "northing": 284921.4, "epsg_source": 22391}}, {"type": "Feature", "geometry": {"type": "Point", "coordinates": [8.58084, 35.85796]}, "properties": {"record_id": "oai:u-bordeaux-montaigne.fr:340470", "symbol_class": "building", "pixel_x": 5285.4, "pixel_y": 5014.0, "easting": 380844.0, "northing": 284883.2, "epsg_source": 22391}}, {"type": "Feature", "geometry": {"type": "Point", "coordinates": [8.43054, 35.86597]}, "properties": {"record_id": "oai:u-bordeaux-montaigne.fr:340470", "symbol_class": "building", "pixel_x": 2073.2, "pixel_y": 5010.3, "easting": 367288.0, "northing": 285966.0, "epsg_source": 22391}}, {"type": "Feature", "geometry": {"type": "Point", "coordinates": [8.54812, 35.85963]}, "properties": {"record_id": "oai:u-bordeaux-montaigne.fr:340470", "symbol_class": "building", "pixel_x": 4586.1, "pixel_y": 5015.4, "easting": 377892.3, "northing": 285109.8, "epsg_source": 22391}}, {"type": "Feature", "geometry": {"type": "Point", "coordinates": [8.57934, 35.85743]}, "properties": {"record_id": "oai:u-bordeaux-montaigne.fr:340470", "symbol_class": "building", "pixel_x": 5254.2, "pixel_y": 5029.9, "easting": 380707.2, "northing": 284826.5, "epsg_source": 22391}}, {"type": "Feature", "geometry": {"type": "Point", "coordinates": [8.54849, 35.85897]}, "properties": {"record_id": "oai:u-bordeaux-montaigne.fr:340470", "symbol_class": "building", "pixel_x": 4595.1, "pixel_y": 5032.1, "easting": 377924.8, "northing": 285036.0, "epsg_source": 22391}}, {"type": "Feature", "geometry": {"type": "Point", "coordinates": [8.37227, 35.86827]}, "properties": {"record_id": "oai:u-bordeaux-montaigne.fr:340470", "symbol_class": "building", "pixel_x": 829.2, "pixel_y": 5028.5, "easting": 362031.4, "northing": 286302.6, "epsg_source": 22391}}, {"type": "Feature", "geometry": {"type": "Point", "coordinates": [8.59866, 35.85627]}, "properties": {"record_id": "oai:u-bordeaux-montaigne.fr:340470", "symbol_class": "building", "pixel_x": 5667.5, "pixel_y": 5033.3, "easting": 382450.3, "northing": 284674.7, "epsg_source": 22391}}, {"type": "Feature", "geometry": {"type": "Point", "coordinates": [8.58226, 35.85727]}, "properties": {"record_id": "oai:u-bordeaux-montaigne.fr:340470", "symbol_class": "building", "pixel_x": 5316.8, "pixel_y": 5029.9, "easting": 380971.2, "northing": 284805.6, "epsg_source": 22391}}, {"type": "Feature", "geometry": {"type": "Point", "coordinates": [8.41917, 35.8658]}, "properties": {"record_id": "oai:u-bordeaux-montaigne.fr:340470", "symbol_class": "building", "pixel_x": 1831.3, "pixel_y": 5030.0, "easting": 366260.7, "northing": 285963.4, "epsg_source": 22391}}, {"type": "Feature", "geometry": {"type": "Point", "coordinates": [8.68271, 35.85137]}, "properties": {"record_id": "oai:u-bordeaux-montaigne.fr:340470", "symbol_class": "building", "pixel_x": 7464.7, "pixel_y": 5043.9, "easting": 390032.2, "northing": 284032.9, "epsg_source": 22391}}, {"type": "Feature", "geometry": {"type": "Point", "coordinates": [8.65862, 35.85204]}, "properties": {"record_id": "oai:u-bordeaux-montaigne.fr:340470", "symbol_class": "building", "pixel_x": 6950.7, "pixel_y": 5060.1, "easting": 387857.3, "northing": 284135.3, "epsg_source": 22391}}, {"type": "Feature", "geometry": {"type": "Point", "coordinates": [8.657, 35.85191]}, "properties": {"record_id": "oai:u-bordeaux-montaigne.fr:340470", "symbol_class": "building", "pixel_x": 6916.4, "pixel_y": 5065.9, "easting": 387710.9, "northing": 284122.3, "epsg_source": 22391}}, {"type": "Feature", "geometry": {"type": "Point", "coordinates": [8.65538, 35.85198]}, "properties": {"record_id": "oai:u-bordeaux-montaigne.fr:340470", "symbol_class": "building", "pixel_x": 6882.0, "pixel_y": 5066.4, "easting": 387565.4, "northing": 284131.6, "epsg_source": 22391}}, {"type": "Feature", "geometry": {"type": "Point", "coordinates": [8.65605, 35.85185]}, "properties": {"record_id": "oai:u-bordeaux-montaigne.fr:340470", "symbol_class": "building", "pixel_x": 6896.3, "pixel_y": 5068.7, "easting": 387625.1, "northing": 284117.1, "epsg_source": 22391}}, {"type": "Feature", "geometry": {"type": "Point", "coordinates": [8.47856, 35.86104]}, "properties": {"record_id": "oai:u-bordeaux-montaigne.fr:340470", "symbol_class": "building", "pixel_x": 3103.4, "pixel_y": 5074.0, "easting": 371615.0, "northing": 285354.8, "epsg_source": 22391}}, {"type": "Feature", "geometry": {"type": "Point", "coordinates": [8.6528, 35.85188]}, "properties": {"record_id": "oai:u-bordeaux-montaigne.fr:340470", "symbol_class": "building", "pixel_x": 6827.3, "pixel_y": 5072.6, "easting": 387332.3, "northing": 284123.6, "epsg_source": 22391}}, {"type": "Feature", "geometry": {"type": "Point", "coordinates": [8.38327, 35.86599]}, "properties": {"record_id": "oai:u-bordeaux-montaigne.fr:340470", "symbol_class": "building", "pixel_x": 1067.0, "pixel_y": 5073.5, "easting": 363020.3, "northing": 286033.6, "epsg_source": 22391}}, {"type": "Feature", "geometry": {"type": "Point", "coordinates": [8.47802, 35.86086]}, "properties": {"record_id": "oai:u-bordeaux-montaigne.fr:340470", "symbol_class": "building", "pixel_x": 3092.1, "pixel_y": 5079.3, "easting": 371565.5, "northing": 285336.3, "epsg_source": 22391}}, {"type": "Feature", "geometry": {"type": "Point", "coordinates": [8.37228, 35.86616]}, "properties": {"record_id": "oai:u-bordeaux-montaigne.fr:340470", "symbol_class": "building", "pixel_x": 832.9, "pixel_y": 5083.7, "easting": 362028.7, "northing": 286068.5, "epsg_source": 22391}}, {"type": "Feature", "geometry": {"type": "Point", "coordinates": [8.57683, 35.85549]}, "properties": {"record_id": "oai:u-bordeaux-montaigne.fr:340470", "symbol_class": "building", "pixel_x": 5204.2, "pixel_y": 5084.1, "easting": 380478.1, "northing": 284614.5, "epsg_source": 22391}}, {"type": "Feature", "geometry": {"type": "Point", "coordinates": [8.3833, 35.8653]}, "properties": {"record_id": "oai:u-bordeaux-montaigne.fr:340470", "symbol_class": "building", "pixel_x": 1068.9, "pixel_y": 5091.6, "easting": 363022.2, "northing": 285956.6, "epsg_source": 22391}}, {"type": "Feature", "geometry": {"type": "Point", "coordinates": [8.70136, 35.84823]}, "properties": {"record_id": "oai:u-bordeaux-montaigne.fr:340470", "symbol_class": "building", "pixel_x": 7867.0, "pixel_y": 5099.6, "easting": 391711.7, "northing": 283664.3, "epsg_source": 22391}}, {"type": "Feature", "geometry": {"type": "Point", "coordinates": [8.37578, 35.86518]}, "properties": {"record_id": "oai:u-bordeaux-montaigne.fr:340470", "symbol_class": "building", "pixel_x": 909.0, "pixel_y": 5104.7, "easting": 362343.2, "northing": 285954.5, "epsg_source": 22391}}, {"type": "Feature", "geometry": {"type": "Point", "coordinates": [8.68723, 35.84859]}, "properties": {"record_id": "oai:u-bordeaux-montaigne.fr:340470", "symbol_class": "building", "pixel_x": 7565.7, "pixel_y": 5110.2, "easting": 390436.2, "northing": 283719.5, "epsg_source": 22391}}, {"type": "Feature", "geometry": {"type": "Point", "coordinates": [8.37231, 35.86507]}, "properties": {"record_id": "oai:u-bordeaux-montaigne.fr:340470", "symbol_class": "building", "pixel_x": 835.4, "pixel_y": 5112.1, "easting": 362029.8, "northing": 285947.6, "epsg_source": 22391}}, {"type": "Feature", "geometry": {"type": "Point", "coordinates": [8.47905, 35.85959]}, "properties": {"record_id": "oai:u-bordeaux-montaigne.fr:340470", "symbol_class": "building", "pixel_x": 3116.1, "pixel_y": 5111.3, "easting": 371656.1, "northing": 285193.4, "epsg_source": 22391}}, {"type": "Feature", "geometry": {"type": "Point", "coordinates": [8.54844, 35.85514]}, "properties": {"record_id": "oai:u-bordeaux-montaigne.fr:340470", "symbol_class": "building", "pixel_x": 4600.5, "pixel_y": 5132.5, "easting": 377914.0, "northing": 284610.7, "epsg_source": 22391}}, {"type": "Feature", "geometry": {"type": "Point", "coordinates": [8.57972, 35.85363]}, "properties": {"record_id": "oai:u-bordeaux-montaigne.fr:340470", "symbol_class": "building", "pixel_x": 5268.8, "pixel_y": 5128.7, "easting": 380735.8, "northing": 284404.6, "epsg_source": 22391}}, {"type": "Feature", "geometry": {"type": "Point", "coordinates": [8.48006, 35.85891]}, "properties": {"record_id": "oai:u-bordeaux-montaigne.fr:340470", "symbol_class": "building", "pixel_x": 3138.9, "pixel_y": 5127.6, "easting": 371747.0, "northing": 285117.0, "epsg_source": 22391}}, {"type": "Feature", "geometry": {"type": "Point", "coordinates": [8.579, 35.85372]}, "properties": {"record_id": "oai:u-bordeaux-montaigne.fr:340470", "symbol_class": "building", "pixel_x": 5253.4, "pixel_y": 5127.4, "easting": 380671.3, "northing": 284415.3, "epsg_source": 22391}}, {"type": "Feature", "geometry": {"type": "Point", "coordinates": [8.57395, 35.85377]}, "properties": {"record_id": "oai:u-bordeaux-montaigne.fr:340470", "symbol_class": "building", "pixel_x": 5145.8, "pixel_y": 5133.1, "easting": 380215.5, "northing": 284427.0, "epsg_source": 22391}}, {"type": "Feature", "geometry": {"type": "Point", "coordinates": [8.39535, 35.86285]}, "properties": {"record_id": "oai:u-bordeaux-montaigne.fr:340470", "symbol_class": "building", "pixel_x": 1329.4, "pixel_y": 5139.3, "easting": 364105.7, "northing": 285668.7, "epsg_source": 22391}}, {"type": "Feature", "geometry": {"type": "Point", "coordinates": [8.47666, 35.8587]}, "properties": {"record_id": "oai:u-bordeaux-montaigne.fr:340470", "symbol_class": "building", "pixel_x": 3066.9, "pixel_y": 5137.7, "easting": 371439.5, "northing": 285098.3, "epsg_source": 22391}}, {"type": "Feature", "geometry": {"type": "Point", "coordinates": [8.54753, 35.85485]}, "properties": {"record_id": "oai:u-bordeaux-montaigne.fr:340470", "symbol_class": "building", "pixel_x": 4581.7, "pixel_y": 5141.1, "easting": 377831.8, "northing": 284580.5, "epsg_source": 22391}}, {"type": "Feature", "geometry": {"type": "Point", "coordinates": [8.57939, 35.85311]}, "properties": {"record_id": "oai:u-bordeaux-montaigne.fr:340470", "symbol_class": "building", "pixel_x": 5262.6, "pixel_y": 5142.6, "easting": 380705.4, "northing": 284348.0, "epsg_source": 22391}}, {"type": "Feature", "geometry": {"type": "Point", "coordinates": [8.64978, 35.84931]}, "properties": {"record_id": "oai:u-bordeaux-montaigne.fr:340470", "symbol_class": "building", "pixel_x": 6767.3, "pixel_y": 5144.0, "easting": 387055.4, "northing": 283842.3, "epsg_source": 22391}}, {"type": "Feature", "geometry": {"type": "Point", "coordinates": [8.5739, 35.85328]}, "properties": {"record_id": "oai:u-bordeaux-montaigne.fr:340470", "symbol_class": "building", "pixel_x": 5145.7, "pixel_y": 5145.9, "easting": 380210.5, "northing": 284372.9, "epsg_source": 22391}}, {"type": "Feature", "geometry": {"type": "Point", "coordinates": [8.47535, 35.85839]}, "properties": {"record_id": "oai:u-bordeaux-montaigne.fr:340470", "symbol_class": "building", "pixel_x": 3039.4, "pixel_y": 5147.5, "easting": 371320.3, "northing": 285065.8, "epsg_source": 22391}}, {"type": "Feature", "geometry": {"type": "Point", "coordinates": [8.42383, 35.86091]}, "properties": {"record_id": "oai:u-bordeaux-montaigne.fr:340470", "symbol_class": "building", "pixel_x": 1938.8, "pixel_y": 5151.7, "easting": 366673.8, "northing": 285413.7, "epsg_source": 22391}}, {"type": "Feature", "geometry": {"type": "Point", "coordinates": [8.54974, 35.85438]}, "properties": {"record_id": "oai:u-bordeaux-montaigne.fr:340470", "symbol_class": "building", "pixel_x": 4629.4, "pixel_y": 5150.4, "easting": 378030.0, "northing": 284525.3, "epsg_source": 22391}}, {"type": "Feature", "geometry": {"type": "Point", "coordinates": [8.54853, 35.85443]}, "properties": {"record_id": "oai:u-bordeaux-montaigne.fr:340470", "symbol_class": "building", "pixel_x": 4603.6, "pixel_y": 5150.8, "easting": 377921.1, "northing": 284532.5, "epsg_source": 22391}}, {"type": "Feature", "geometry": {"type": "Point", "coordinates": [8.4769, 35.85805]}, "properties": {"record_id": "oai:u-bordeaux-montaigne.fr:340470", "symbol_class": "building", "pixel_x": 3073.0, "pixel_y": 5154.4, "easting": 371459.9, "northing": 285025.7, "epsg_source": 22391}}, {"type": "Feature", "geometry": {"type": "Point", "coordinates": [8.4775, 35.85804]}, "properties": {"record_id": "oai:u-bordeaux-montaigne.fr:340470", "symbol_class": "building", "pixel_x": 3085.8, "pixel_y": 5153.8, "easting": 371514.2, "northing": 285023.8, "epsg_source": 22391}}, {"type": "Feature", "geometry": {"type": "Point", "coordinates": [8.47596, 35.85802]}, "properties": {"record_id": "oai:u-bordeaux-montaigne.fr:340470", "symbol_class": "building", "pixel_x": 3053.1, "pixel_y": 5156.5, "easting": 371375.1, "northing": 285023.2, "epsg_source": 22391}}, {"type": "Feature", "geometry": {"type": "Point", "coordinates": [8.47493, 35.85804]}, "properties": {"record_id": "oai:u-bordeaux-montaigne.fr:340470", "symbol_class": "building", "pixel_x": 3031.1, "pixel_y": 5157.4, "easting": 371282.1, "northing": 285027.1, "epsg_source": 22391}}, {"type": "Feature", "geometry": {"type": "Point", "coordinates": [8.55584, 35.85371]}, "properties": {"record_id": "oai:u-bordeaux-montaigne.fr:340470", "symbol_class": "building", "pixel_x": 4760.4, "pixel_y": 5159.4, "easting": 378580.0, "northing": 284443.7, "epsg_source": 22391}}, {"type": "Feature", "geometry": {"type": "Point", "coordinates": [8.55452, 35.85377]}, "properties": {"record_id": "oai:u-bordeaux-montaigne.fr:340470", "symbol_class": "building", "pixel_x": 4732.3, "pixel_y": 5159.9, "easting": 378461.1, "northing": 284451.2, "epsg_source": 22391}}, {"type": "Feature", "geometry": {"type": "Point", "coordinates": [8.66893, 35.84741]}, "properties": {"record_id": "oai:u-bordeaux-montaigne.fr:340470", "symbol_class": "building", "pixel_x": 7178.3, "pixel_y": 5166.7, "easting": 388782.4, "northing": 283609.8, "epsg_source": 22391}}, {"type": "Feature", "geometry": {"type": "Point", "coordinates": [8.46101, 35.85819]}, "properties": {"record_id": "oai:u-bordeaux-montaigne.fr:340470", "symbol_class": "building", "pixel_x": 2734.5, "pixel_y": 5172.3, "easting": 370025.4, "northing": 285062.5, "epsg_source": 22391}}, {"type": "Feature", "geometry": {"type": "Point", "coordinates": [8.38336, 35.86208]}, "properties": {"record_id": "oai:u-bordeaux-montaigne.fr:340470", "symbol_class": "building", "pixel_x": 1075.5, "pixel_y": 5175.5, "easting": 363022.3, "northing": 285600.2, "epsg_source": 22391}}, {"type": "Feature", "geometry": {"type": "Point", "coordinates": [8.47652, 35.85732]}, "properties": {"record_id": "oai:u-bordeaux-montaigne.fr:340470", "symbol_class": "building", "pixel_x": 3066.1, "pixel_y": 5173.9, "easting": 371424.4, "northing": 284945.7, "epsg_source": 22391}}, {"type": "Feature", "geometry": {"type": "Point", "coordinates": [8.53919, 35.85407]}, "properties": {"record_id": "oai:u-bordeaux-montaigne.fr:340470", "symbol_class": "building", "pixel_x": 4405.4, "pixel_y": 5173.2, "easting": 377077.1, "northing": 284503.7, "epsg_source": 22391}}, {"type": "Feature", "geometry": {"type": "Point", "coordinates": [8.47467, 35.85739]}, "properties": {"record_id": "oai:u-bordeaux-montaigne.fr:340470", "symbol_class": "building", "pixel_x": 3026.6, "pixel_y": 5174.6, "easting": 371257.3, "northing": 284955.6, "epsg_source": 22391}}, {"type": "Feature", "geometry": {"type": "Point", "coordinates": [8.53802, 35.85382]}, "properties": {"record_id": "oai:u-bordeaux-montaigne.fr:340470", "symbol_class": "building", "pixel_x": 4380.9, "pixel_y": 5181.4, "easting": 376971.2, "northing": 284477.3, "epsg_source": 22391}}, {"type": "Feature", "geometry": {"type": "Point", "coordinates": [8.53881, 35.85355]}, "properties": {"record_id": "oai:u-bordeaux-montaigne.fr:340470", "symbol_class": "building", "pixel_x": 4398.3, "pixel_y": 5187.2, "easting": 377042.5, "northing": 284446.9, "epsg_source": 22391}}, {"type": "Feature", "geometry": {"type": "Point", "coordinates": [8.63939, 35.84734]}, "properties": {"record_id": "oai:u-bordeaux-montaigne.fr:340470", "symbol_class": "building", "pixel_x": 6549.6, "pixel_y": 5210.0, "easting": 386114.6, "northing": 283635.9, "epsg_source": 22391}}, {"type": "Feature", "geometry": {"type": "Point", "coordinates": [8.63398, 35.84763]}, "properties": {"record_id": "oai:u-bordeaux-montaigne.fr:340470", "symbol_class": "building", "pixel_x": 6433.9, "pixel_y": 5210.0, "easting": 385626.4, "northing": 283674.4, "epsg_source": 22391}}, {"type": "Feature", "geometry": {"type": "Point", "coordinates": [8.63865, 35.84727]}, "properties": {"record_id": "oai:u-bordeaux-montaigne.fr:340470", "symbol_class": "building", "pixel_x": 6533.9, "pixel_y": 5212.8, "easting": 386047.5, "northing": 283629.2, "epsg_source": 22391}}, {"type": "Feature", "geometry": {"type": "Point", "coordinates": [8.63362, 35.84737]}, "properties": {"record_id": "oai:u-bordeaux-montaigne.fr:340470", "symbol_class": "building", "pixel_x": 6426.6, "pixel_y": 5217.2, "easting": 385593.4, "northing": 283646.2, "epsg_source": 22391}}, {"type": "Feature", "geometry": {"type": "Point", "coordinates": [8.63768, 35.84708]}, "properties": {"record_id": "oai:u-bordeaux-montaigne.fr:340470", "symbol_class": "building", "pixel_x": 6513.6, "pixel_y": 5219.3, "easting": 385959.8, "northing": 283608.7, "epsg_source": 22391}}, {"type": "Feature", "geometry": {"type": "Point", "coordinates": [8.44716, 35.85708]}, "properties": {"record_id": "oai:u-bordeaux-montaigne.fr:340470", "symbol_class": "building", "pixel_x": 2441.7, "pixel_y": 5220.1, "easting": 368773.7, "northing": 284958.1, "epsg_source": 22391}}, {"type": "Feature", "geometry": {"type": "Point", "coordinates": [8.6462, 35.84614]}, "properties": {"record_id": "oai:u-bordeaux-montaigne.fr:340470", "symbol_class": "building", "pixel_x": 6696.7, "pixel_y": 5231.8, "easting": 386728.3, "northing": 283494.8, "epsg_source": 22391}}, {"type": "Feature", "geometry": {"type": "Point", "coordinates": [8.59974, 35.8486]}, "properties": {"record_id": "oai:u-bordeaux-montaigne.fr:340470", "symbol_class": "building", "pixel_x": 5703.4, "pixel_y": 5232.2, "easting": 382536.0, "northing": 283823.1, "epsg_source": 22391}}, {"type": "Feature", "geometry": {"type": "Point", "coordinates": [8.57296, 35.8501]}, "properties": {"record_id": "oai:u-bordeaux-montaigne.fr:340470", "symbol_class": "building", "pixel_x": 5130.9, "pixel_y": 5230.2, "easting": 380120.2, "northing": 284022.1, "epsg_source": 22391}}, {"type": "Feature", "geometry": {"type": "Point", "coordinates": [8.47931, 35.85473]}, "properties": {"record_id": "oai:u-bordeaux-montaigne.fr:340470", "symbol_class": "building", "pixel_x": 3129.9, "pixel_y": 5237.9, "easting": 371672.4, "northing": 284654.3, "epsg_source": 22391}}, {"type": "Feature", "geometry": {"type": "Point", "coordinates": [8.43795, 35.85698]}, "properties": {"record_id": "oai:u-bordeaux-montaigne.fr:340470", "symbol_class": "building", "pixel_x": 2245.7, "pixel_y": 5235.2, "easting": 367941.3, "northing": 284959.6, "epsg_source": 22391}}, {"type": "Feature", "geometry": {"type": "Point", "coordinates": [8.43738, 35.85697]}, "properties": {"record_id": "oai:u-bordeaux-montaigne.fr:340470", "symbol_class": "building", "pixel_x": 2233.7, "pixel_y": 5236.4, "easting": 367890.4, "northing": 284958.2, "epsg_source": 22391}}, {"type": "Feature", "geometry": {"type": "Point", "coordinates": [8.63715, 35.84634]}, "properties": {"record_id": "oai:u-bordeaux-montaigne.fr:340470", "symbol_class": "building", "pixel_x": 6503.7, "pixel_y": 5239.2, "easting": 385911.1, "northing": 283527.9, "epsg_source": 22391}}, {"type": "Feature", "geometry": {"type": "Point", "coordinates": [8.63661, 35.84607]}, "properties": {"record_id": "oai:u-bordeaux-montaigne.fr:340470", "symbol_class": "building", "pixel_x": 6492.6, "pixel_y": 5247.0, "easting": 385862.0, "northing": 283498.8, "epsg_source": 22391}}, {"type": "Feature", "geometry": {"type": "Point", "coordinates": [8.43028, 35.85686]}, "properties": {"record_id": "oai:u-bordeaux-montaigne.fr:340470", "symbol_class": "building", "pixel_x": 2082.8, "pixel_y": 5248.7, "easting": 367249.4, "northing": 284956.6, "epsg_source": 22391}}, {"type": "Feature", "geometry": {"type": "Point", "coordinates": [8.69386, 35.84284]}, "properties": {"record_id": "oai:u-bordeaux-montaigne.fr:340470", "symbol_class": "building", "pixel_x": 7716.7, "pixel_y": 5251.2, "easting": 391026.8, "northing": 283074.1, "epsg_source": 22391}}, {"type": "Feature", "geometry": {"type": "Point", "coordinates": [8.42829, 35.85684]}, "properties": {"record_id": "oai:u-bordeaux-montaigne.fr:340470", "symbol_class": "building", "pixel_x": 2040.4, "pixel_y": 5252.1, "easting": 367069.2, "northing": 284956.4, "epsg_source": 22391}}, {"type": "Feature", "geometry": {"type": "Point", "coordinates": [8.42377, 35.85679]}, "properties": {"record_id": "oai:u-bordeaux-montaigne.fr:340470", "symbol_class": "building", "pixel_x": 1944.2, "pixel_y": 5259.3, "easting": 366660.7, "northing": 284957.7, "epsg_source": 22391}}, {"type": "Feature", "geometry": {"type": "Point", "coordinates": [8.65065, 35.84442]}, "properties": {"record_id": "oai:u-bordeaux-montaigne.fr:340470", "symbol_class": "building", "pixel_x": 6794.3, "pixel_y": 5270.6, "easting": 387127.2, "northing": 283299.0, "epsg_source": 22391}}, {"type": "Feature", "geometry": {"type": "Point", "coordinates": [8.38343, 35.85842]}, "properties": {"record_id": "oai:u-bordeaux-montaigne.fr:340470", "symbol_class": "building", "pixel_x": 1083.0, "pixel_y": 5271.2, "easting": 363022.2, "northing": 285193.9, "epsg_source": 22391}}, {"type": "Feature", "geometry": {"type": "Point", "coordinates": [8.41845, 35.85669]}, "properties": {"record_id": "oai:u-bordeaux-montaigne.fr:340470", "symbol_class": "building", "pixel_x": 1831.2, "pixel_y": 5269.1, "easting": 366180.7, "northing": 284953.8, "epsg_source": 22391}}, {"type": "Feature", "geometry": {"type": "Point", "coordinates": [8.4187, 35.85638]}, "properties": {"record_id": "oai:u-bordeaux-montaigne.fr:340470", "symbol_class": "building", "pixel_x": 1837.1, "pixel_y": 5277.0, "easting": 366203.0, "northing": 284918.6, "epsg_source": 22391}}, {"type": "Feature", "geometry": {"type": "Point", "coordinates": [8.40486, 35.85655]}, "properties": {"record_id": "oai:u-bordeaux-montaigne.fr:340470", "symbol_class": "building", "pixel_x": 1542.1, "pixel_y": 5291.2, "easting": 364953.2, "northing": 284956.8, "epsg_source": 22391}}, {"type": "Feature", "geometry": {"type": "Point", "coordinates": [8.39742, 35.85647]}, "properties": {"record_id": "oai:u-bordeaux-montaigne.fr:340470", "symbol_class": "building", "pixel_x": 1383.9, "pixel_y": 5303.4, "easting": 364281.2, "northing": 284957.8, "epsg_source": 22391}}, {"type": "Feature", "geometry": {"type": "Point", "coordinates": [8.63856, 35.84361]}, "properties": {"record_id": "oai:u-bordeaux-montaigne.fr:340470", "symbol_class": "building", "pixel_x": 6538.3, "pixel_y": 5308.6, "easting": 386034.1, "northing": 283223.3, "epsg_source": 22391}}, {"type": "Feature", "geometry": {"type": "Point", "coordinates": [8.43983, 35.8533]}, "properties": {"record_id": "oai:u-bordeaux-montaigne.fr:340470", "symbol_class": "building", "pixel_x": 2292.0, "pixel_y": 5328.9, "easting": 368105.6, "northing": 284548.5, "epsg_source": 22391}}, {"type": "Feature", "geometry": {"type": "Point", "coordinates": [8.38223, 35.85625]}, "properties": {"record_id": "oai:u-bordeaux-montaigne.fr:340470", "symbol_class": "building", "pixel_x": 1061.1, "pixel_y": 5329.4, "easting": 362910.2, "northing": 284955.5, "epsg_source": 22391}}, {"type": "Feature", "geometry": {"type": "Point", "coordinates": [8.37721, 35.85618]}, "properties": {"record_id": "oai:u-bordeaux-montaigne.fr:340470", "symbol_class": "building", "pixel_x": 954.3, "pixel_y": 5338.0, "easting": 362456.8, "northing": 284954.3, "epsg_source": 22391}}, {"type": "Feature", "geometry": {"type": "Point", "coordinates": [8.55417, 35.84674]}, "properties": {"record_id": "oai:u-bordeaux-montaigne.fr:340470", "symbol_class": "building", "pixel_x": 4736.8, "pixel_y": 5344.1, "easting": 378419.0, "northing": 283672.2, "epsg_source": 22391}}, {"type": "Feature", "geometry": {"type": "Point", "coordinates": [8.37025, 35.85602]}, "properties": {"record_id": "oai:u-bordeaux-montaigne.fr:340470", "symbol_class": "building", "pixel_x": 806.3, "pixel_y": 5351.5, "easting": 361827.6, "northing": 284946.8, "epsg_source": 22391}}, {"type": "Feature", "geometry": {"type": "Point", "coordinates": [8.42633, 35.85233]}, "properties": {"record_id": "oai:u-bordeaux-montaigne.fr:340470", "symbol_class": "building", "pixel_x": 2006.1, "pixel_y": 5372.6, "easting": 366884.3, "northing": 284458.8, "epsg_source": 22391}}, {"type": "Feature", "geometry": {"type": "Point", "coordinates": [8.49081, 35.84811]}, "properties": {"record_id": "oai:u-bordeaux-montaigne.fr:340470", "symbol_class": "building", "pixel_x": 3385.8, "pixel_y": 5395.1, "easting": 372700.2, "northing": 283905.5, "epsg_source": 22391}}, {"type": "Feature", "geometry": {"type": "Point", "coordinates": [8.46884, 35.8491]}, "properties": {"record_id": "oai:u-bordeaux-montaigne.fr:340470", "symbol_class": "building", "pixel_x": 2916.5, "pixel_y": 5399.2, "easting": 370718.1, "northing": 284044.1, "epsg_source": 22391}}, {"type": "Feature", "geometry": {"type": "Point", "coordinates": [8.39867, 35.85248]}, "properties": {"record_id": "oai:u-bordeaux-montaigne.fr:340470", "symbol_class": "building", "pixel_x": 1417.1, "pixel_y": 5405.8, "easting": 364387.6, "northing": 284514.3, "epsg_source": 22391}}, {"type": "Feature", "geometry": {"type": "Point", "coordinates": [8.38357, 35.85289]}, "properties": {"record_id": "oai:u-bordeaux-montaigne.fr:340470", "symbol_class": "building", "pixel_x": 1095.0, "pixel_y": 5415.5, "easting": 363024.8, "northing": 284580.6, "epsg_source": 22391}}, {"type": "Feature", "geometry": {"type": "Point", "coordinates": [8.52765, 35.84404]}, "properties": {"record_id": "oai:u-bordeaux-montaigne.fr:340470", "symbol_class": "building", "pixel_x": 4176.8, "pixel_y": 5451.2, "easting": 376020.0, "northing": 283406.2, "epsg_source": 22391}}, {"type": "Feature", "geometry": {"type": "Point", "coordinates": [8.43899, 35.84582]}, "properties": {"record_id": "oai:u-bordeaux-montaigne.fr:340470", "symbol_class": "building", "pixel_x": 2286.5, "pixel_y": 5525.5, "easting": 368016.9, "northing": 283720.4, "epsg_source": 22391}}, {"type": "Feature", "geometry": {"type": "Point", "coordinates": [8.4613, 35.8437]}, "properties": {"record_id": "oai:u-bordeaux-montaigne.fr:340470", "symbol_class": "building", "pixel_x": 2765.0, "pixel_y": 5550.7, "easting": 370028.2, "northing": 283454.9, "epsg_source": 22391}}, {"type": "Feature", "geometry": {"type": "Point", "coordinates": [8.43902, 35.84473]}, "properties": {"record_id": "oai:u-bordeaux-montaigne.fr:340470", "symbol_class": "building", "pixel_x": 2288.9, "pixel_y": 5553.9, "easting": 368017.8, "northing": 283599.5, "epsg_source": 22391}}, {"type": "Feature", "geometry": {"type": "Point", "coordinates": [8.44939, 35.84302]}, "properties": {"record_id": "oai:u-bordeaux-montaigne.fr:340470", "symbol_class": "building", "pixel_x": 2512.5, "pixel_y": 5584.6, "easting": 368951.3, "northing": 283395.8, "epsg_source": 22391}}, {"type": "Feature", "geometry": {"type": "Point", "coordinates": [8.42832, 35.84307]}, "properties": {"record_id": "oai:u-bordeaux-montaigne.fr:340470", "symbol_class": "building", "pixel_x": 2063.9, "pixel_y": 5611.8, "easting": 367049.1, "northing": 283430.0, "epsg_source": 22391}}, {"type": "Feature", "geometry": {"type": "Point", "coordinates": [8.42737, 35.84344]}, "properties": {"record_id": "oai:u-bordeaux-montaigne.fr:340470", "symbol_class": "building", "pixel_x": 2043.1, "pixel_y": 5603.4, "easting": 366964.1, "northing": 283472.4, "epsg_source": 22391}}, {"type": "Feature", "geometry": {"type": "Point", "coordinates": [8.43826, 35.84286]}, "properties": {"record_id": "oai:u-bordeaux-montaigne.fr:340470", "symbol_class": "building", "pixel_x": 2275.9, "pixel_y": 5604.0, "easting": 367946.5, "northing": 283392.5, "epsg_source": 22391}}, {"type": "Feature", "geometry": {"type": "Point", "coordinates": [8.4176, 35.84354]}, "properties": {"record_id": "oai:u-bordeaux-montaigne.fr:340470", "symbol_class": "building", "pixel_x": 1835.0, "pixel_y": 5614.2, "easting": 366081.9, "northing": 283495.9, "epsg_source": 22391}}, {"type": "Feature", "geometry": {"type": "Point", "coordinates": [8.38467, 35.84527]}, "properties": {"record_id": "oai:u-bordeaux-montaigne.fr:340470", "symbol_class": "building", "pixel_x": 1131.0, "pixel_y": 5613.2, "easting": 363111.2, "northing": 283734.0, "epsg_source": 22391}}, {"type": "Feature", "geometry": {"type": "Point", "coordinates": [8.39507, 35.84495]}, "properties": {"record_id": "oai:u-bordeaux-montaigne.fr:340470", "symbol_class": "building", "pixel_x": 1353.0, "pixel_y": 5607.6, "easting": 364049.9, "northing": 283683.9, "epsg_source": 22391}}, {"type": "Feature", "geometry": {"type": "Point", "coordinates": [8.38311, 35.84517]}, "properties": {"record_id": "oai:u-bordeaux-montaigne.fr:340470", "symbol_class": "building", "pixel_x": 1097.9, "pixel_y": 5618.0, "easting": 362969.7, "northing": 283724.7, "epsg_source": 22391}}, {"type": "Feature", "geometry": {"type": "Point", "coordinates": [8.40618, 35.84391]}, "properties": {"record_id": "oai:u-bordeaux-montaigne.fr:340470", "symbol_class": "building", "pixel_x": 1591.2, "pixel_y": 5619.8, "easting": 365051.5, "northing": 283553.5, "epsg_source": 22391}}, {"type": "Feature", "geometry": {"type": "Point", "coordinates": [8.40693, 35.84383]}, "properties": {"record_id": "oai:u-bordeaux-montaigne.fr:340470", "symbol_class": "building", "pixel_x": 1607.2, "pixel_y": 5620.8, "easting": 365118.6, "northing": 283543.6, "epsg_source": 22391}}]}