{"type": "FeatureCollection", "features": [{"type": "Feature", "geometry": {"type": "Point", "coordinates": [10.82809, 36.6172]}, "properties": {"record_id": "oai:u-bordeaux-montaigne.fr:340416", "symbol_class": "building", "pixel_x": 6235.1, "pixel_y": 799.4, "easting": 582946.0, "northing": 368691.4, "epsg_source": 22391}}, {"type": "Feature", "geometry": {"type": "Point", "coordinates": [10.86296, 36.61472]}, "properties": {"record_id": "oai:u-bordeaux-montaigne.fr:340416", "symbol_class": "building", "pixel_x": 6961.7, "pixel_y": 802.0, "easting": 586066.5, "northing": 368446.7, "epsg_source": 22391}}, {"type": "Feature", "geometry": {"type": "Point", "coordinates": [10.8839, 36.61321]}, "properties": {"record_id": "oai:u-bordeaux-montaigne.fr:340416", "symbol_class": "building", "pixel_x": 7398.1, "pixel_y": 804.0, "easting": 587940.8, "northing": 368297.5, "epsg_source": 22391}}, {"type": "Feature", "geometry": {"type": "Point", "coordinates": [10.83914, 36.61654]}, "properties": {"record_id": "oai:u-bordeaux-montaigne.fr:340416", "symbol_class": "building", "pixel_x": 6465.1, "pixel_y": 797.0, "easting": 583934.8, "northing": 368627.1, "epsg_source": 22391}}, {"type": "Feature", "geometry": {"type": "Point", "coordinates": [10.87405, 36.61397]}, "properties": {"record_id": "oai:u-bordeaux-montaigne.fr:340416", "symbol_class": "building", "pixel_x": 7192.8, "pixel_y": 801.9, "easting": 587059.4, "northing": 368372.3, "epsg_source": 22391}}, {"type": "Feature", "geometry": {"type": "Point", "coordinates": [10.88546, 36.61311]}, "properties": {"record_id": "oai:u-bordeaux-montaigne.fr:340416", "symbol_class": "building", "pixel_x": 7430.6, "pixel_y": 803.9, "easting": 588080.5, "northing": 368287.8, "epsg_source": 22391}}, {"type": "Feature", "geometry": {"type": "Point", "coordinates": [10.84066, 36.61619]}, "properties": {"record_id": "oai:u-bordeaux-montaigne.fr:340416", "symbol_class": "building", "pixel_x": 6497.3, "pixel_y": 803.7, "easting": 584070.8, "northing": 368589.3, "epsg_source": 22391}}, {"type": "Feature", "geometry": {"type": "Point", "coordinates": [10.85191, 36.61575]}, "properties": {"record_id": "oai:u-bordeaux-montaigne.fr:340416", "symbol_class": "building", "pixel_x": 6731.1, "pixel_y": 794.7, "easting": 585078.0, "northing": 368550.9, "epsg_source": 22391}}, {"type": "Feature", "geometry": {"type": "Point", "coordinates": [10.87239, 36.61399]}, "properties": {"record_id": "oai:u-bordeaux-montaigne.fr:340416", "symbol_class": "building", "pixel_x": 7158.5, "pixel_y": 804.4, "easting": 586911.1, "northing": 368373.2, "epsg_source": 22391}}, {"type": "Feature", "geometry": {"type": "Point", "coordinates": [10.87302, 36.61387]}, "properties": {"record_id": "oai:u-bordeaux-montaigne.fr:340416", "symbol_class": "building", "pixel_x": 7171.8, "pixel_y": 806.4, "easting": 586967.5, "northing": 368361.0, "epsg_source": 22391}}, {"type": "Feature", "geometry": {"type": "Point", "coordinates": [10.85125, 36.61558]}, "properties": {"record_id": "oai:u-bordeaux-montaigne.fr:340416", "symbol_class": "building", "pixel_x": 6717.8, "pixel_y": 800.6, "easting": 585019.1, "northing": 368531.0, "epsg_source": 22391}}, {"type": "Feature", "geometry": {"type": "Point", "coordinates": [10.85169, 36.61545]}, "properties": {"record_id": "oai:u-bordeaux-montaigne.fr:340416", "symbol_class": "building", "pixel_x": 6727.0, "pixel_y": 803.2, "easting": 585057.9, "northing": 368517.4, "epsg_source": 22391}}, {"type": "Feature", "geometry": {"type": "Point", "coordinates": [10.83913, 36.61605]}, "properties": {"record_id": "oai:u-bordeaux-montaigne.fr:340416", "symbol_class": "building", "pixel_x": 6466.0, "pixel_y": 810.1, "easting": 583934.4, "northing": 368573.4, "epsg_source": 22391}}, {"type": "Feature", "geometry": {"type": "Point", "coordinates": [10.85055, 36.61511]}, "properties": {"record_id": "oai:u-bordeaux-montaigne.fr:340416", "symbol_class": "building", "pixel_x": 6704.3, "pixel_y": 814.5, "easting": 584956.8, "northing": 368478.5, "epsg_source": 22391}}, {"type": "Feature", "geometry": {"type": "Point", "coordinates": [10.85124, 36.61508]}, "properties": {"record_id": "oai:u-bordeaux-montaigne.fr:340416", "symbol_class": "building", "pixel_x": 6718.5, "pixel_y": 814.0, "easting": 585018.1, "northing": 368475.7, "epsg_source": 22391}}, {"type": "Feature", "geometry": {"type": "Point", "coordinates": [10.90753, 36.6107]}, "properties": {"record_id": "oai:u-bordeaux-montaigne.fr:340416", "symbol_class": "building", "pixel_x": 7892.6, "pixel_y": 827.9, "easting": 590057.5, "northing": 368040.1, "epsg_source": 22391}}, {"type": "Feature", "geometry": {"type": "Point", "coordinates": [10.89634, 36.61145]}, "properties": {"record_id": "oai:u-bordeaux-montaigne.fr:340416", "symbol_class": "building", "pixel_x": 7659.5, "pixel_y": 828.5, "easting": 589056.0, "northing": 368113.0, "epsg_source": 22391}}, {"type": "Feature", "geometry": {"type": "Point", "coordinates": [10.90556, 36.61123]}, "properties": {"record_id": "oai:u-bordeaux-montaigne.fr:340416", "symbol_class": "building", "pixel_x": 7850.6, "pixel_y": 817.3, "easting": 589880.4, "northing": 368097.4, "epsg_source": 22391}}, {"type": "Feature", "geometry": {"type": "Point", "coordinates": [10.90631, 36.61095]}, "properties": {"record_id": "oai:u-bordeaux-montaigne.fr:340416", "symbol_class": "building", "pixel_x": 7866.7, "pixel_y": 823.3, "easting": 589947.8, "northing": 368067.5, "epsg_source": 22391}}, {"type": "Feature", "geometry": {"type": "Point", "coordinates": [10.90632, 36.61038]}, "properties": {"record_id": "oai:u-bordeaux-montaigne.fr:340416", "symbol_class": "building", "pixel_x": 7868.2, "pixel_y": 838.8, "easting": 589949.0, "northing": 368003.5, "epsg_source": 22391}}, {"type": "Feature", "geometry": {"type": "Point", "coordinates": [10.90536, 36.61043]}, "properties": {"record_id": "oai:u-bordeaux-montaigne.fr:340416", "symbol_class": "building", "pixel_x": 7848.3, "pixel_y": 839.2, "easting": 589863.4, "northing": 368008.2, "epsg_source": 22391}}, {"type": "Feature", "geometry": {"type": "Point", "coordinates": [10.86174, 36.6083]}, "properties": {"record_id": "oai:u-bordeaux-montaigne.fr:340416", "symbol_class": "building", "pixel_x": 6950.9, "pixel_y": 976.9, "easting": 585964.4, "northing": 367733.1, "epsg_source": 22391}}, {"type": "Feature", "geometry": {"type": "Point", "coordinates": [10.88054, 36.60616]}, "properties": {"record_id": "oai:u-bordeaux-montaigne.fr:340416", "symbol_class": "building", "pixel_x": 7344.7, "pixel_y": 999.7, "easting": 587648.6, "northing": 367512.7, "epsg_source": 22391}}, {"type": "Feature", "geometry": {"type": "Point", "coordinates": [10.84894, 36.60838]}, "properties": {"record_id": "oai:u-bordeaux-montaigne.fr:340416", "symbol_class": "building", "pixel_x": 6686.2, "pixel_y": 998.3, "easting": 584820.2, "northing": 367730.9, "epsg_source": 22391}}, {"type": "Feature", "geometry": {"type": "Point", "coordinates": [10.87313, 36.60654]}, "properties": {"record_id": "oai:u-bordeaux-montaigne.fr:340416", "symbol_class": "building", "pixel_x": 7190.5, "pixel_y": 1003.2, "easting": 586985.1, "northing": 367548.2, "epsg_source": 22391}}, {"type": "Feature", "geometry": {"type": "Point", "coordinates": [10.84631, 36.60846]}, "properties": {"record_id": "oai:u-bordeaux-montaigne.fr:340416", "symbol_class": "building", "pixel_x": 6631.5, "pixel_y": 1001.0, "easting": 584584.4, "northing": 367737.5, "epsg_source": 22391}}, {"type": "Feature", "geometry": {"type": "Point", "coordinates": [10.84482, 36.60848]}, "properties": {"record_id": "oai:u-bordeaux-montaigne.fr:340416", "symbol_class": "building", "pixel_x": 6600.7, "pixel_y": 1003.3, "easting": 584451.4, "northing": 367738.2, "epsg_source": 22391}}, {"type": "Feature", "geometry": {"type": "Point", "coordinates": [10.83907, 36.60851]}, "properties": {"record_id": "oai:u-bordeaux-montaigne.fr:340416", "symbol_class": "building", "pixel_x": 6481.7, "pixel_y": 1013.0, "easting": 583937.0, "northing": 367736.7, "epsg_source": 22391}}, {"type": "Feature", "geometry": {"type": "Point", "coordinates": [10.77334, 36.61267]}, "properties": {"record_id": "oai:u-bordeaux-montaigne.fr:340416", "symbol_class": "building", "pixel_x": 5113.1, "pixel_y": 1021.5, "easting": 578054.6, "northing": 368143.3, "epsg_source": 22391}}, {"type": "Feature", "geometry": {"type": "Point", "coordinates": [10.8181, 36.60974]}, "properties": {"record_id": "oai:u-bordeaux-montaigne.fr:340416", "symbol_class": "building", "pixel_x": 6045.2, "pixel_y": 1018.3, "easting": 582060.0, "northing": 367855.6, "epsg_source": 22391}}, {"type": "Feature", "geometry": {"type": "Point", "coordinates": [10.8731, 36.60431]}, "properties": {"record_id": "oai:u-bordeaux-montaigne.fr:340416", "symbol_class": "building", "pixel_x": 7194.9, "pixel_y": 1063.2, "easting": 586984.8, "northing": 367300.8, "epsg_source": 22391}}, {"type": "Feature", "geometry": {"type": "Point", "coordinates": [10.75908, 36.61189]}, "properties": {"record_id": "oai:u-bordeaux-montaigne.fr:340416", "symbol_class": "building", "pixel_x": 4819.8, "pixel_y": 1068.5, "easting": 576779.6, "northing": 368045.3, "epsg_source": 22391}}, {"type": "Feature", "geometry": {"type": "Point", "coordinates": [10.72709, 36.6136]}, "properties": {"record_id": "oai:u-bordeaux-montaigne.fr:340416", "symbol_class": "building", "pixel_x": 4154.5, "pixel_y": 1080.6, "easting": 573917.6, "northing": 368210.2, "epsg_source": 22391}}, {"type": "Feature", "geometry": {"type": "Point", "coordinates": [10.72882, 36.61319]}, "properties": {"record_id": "oai:u-bordeaux-montaigne.fr:340416", "symbol_class": "building", "pixel_x": 4191.1, "pixel_y": 1088.5, "easting": 574072.5, "northing": 368166.1, "epsg_source": 22391}}, {"type": "Feature", "geometry": {"type": "Point", "coordinates": [10.73112, 36.61297]}, "properties": {"record_id": "oai:u-bordeaux-montaigne.fr:340416", "symbol_class": "building", "pixel_x": 4239.2, "pixel_y": 1090.2, "easting": 574278.6, "northing": 368143.7, "epsg_source": 22391}}, {"type": "Feature", "geometry": {"type": "Point", "coordinates": [10.78908, 36.609]}, "properties": {"record_id": "oai:u-bordeaux-montaigne.fr:340416", "symbol_class": "building", "pixel_x": 5446.8, "pixel_y": 1091.5, "easting": 579466.1, "northing": 367749.0, "epsg_source": 22391}}, {"type": "Feature", "geometry": {"type": "Point", "coordinates": [10.72382, 36.61327]}, "properties": {"record_id": "oai:u-bordeaux-montaigne.fr:340416", "symbol_class": "building", "pixel_x": 4087.6, "pixel_y": 1095.3, "easting": 573625.4, "northing": 368171.5, "epsg_source": 22391}}, {"type": "Feature", "geometry": {"type": "Point", "coordinates": [10.86168, 36.60347]}, "properties": {"record_id": "oai:u-bordeaux-montaigne.fr:340416", "symbol_class": "building", "pixel_x": 6960.8, "pixel_y": 1107.0, "easting": 585965.2, "northing": 367196.9, "epsg_source": 22391}}, {"type": "Feature", "geometry": {"type": "Point", "coordinates": [10.6737, 36.61616]}, "properties": {"record_id": "oai:u-bordeaux-montaigne.fr:340416", "symbol_class": "building", "pixel_x": 3044.6, "pixel_y": 1108.3, "easting": 569140.8, "northing": 368454.6, "epsg_source": 22391}}, {"type": "Feature", "geometry": {"type": "Point", "coordinates": [10.77444, 36.60923]}, "properties": {"record_id": "oai:u-bordeaux-montaigne.fr:340416", "symbol_class": "building", "pixel_x": 5143.4, "pixel_y": 1112.1, "easting": 578156.2, "northing": 367762.3, "epsg_source": 22391}}, {"type": "Feature", "geometry": {"type": "Point", "coordinates": [10.77348, 36.60892]}, "properties": {"record_id": "oai:u-bordeaux-montaigne.fr:340416", "symbol_class": "building", "pixel_x": 5124.4, "pixel_y": 1122.1, "easting": 578071.1, "northing": 367727.2, "epsg_source": 22391}}, {"type": "Feature", "geometry": {"type": "Point", "coordinates": [10.7134, 36.61277]}, "properties": {"record_id": "oai:u-bordeaux-montaigne.fr:340416", "symbol_class": "building", "pixel_x": 3873.2, "pixel_y": 1127.7, "easting": 572694.4, "northing": 368107.9, "epsg_source": 22391}}, {"type": "Feature", "geometry": {"type": "Point", "coordinates": [10.77462, 36.6085]}, "properties": {"record_id": "oai:u-bordeaux-montaigne.fr:340416", "symbol_class": "building", "pixel_x": 5148.8, "pixel_y": 1131.2, "easting": 578173.1, "northing": 367682.3, "epsg_source": 22391}}, {"type": "Feature", "geometry": {"type": "Point", "coordinates": [10.71376, 36.61254]}, "properties": {"record_id": "oai:u-bordeaux-montaigne.fr:340416", "symbol_class": "building", "pixel_x": 3881.2, "pixel_y": 1133.1, "easting": 572726.7, "northing": 368083.2, "epsg_source": 22391}}, {"type": "Feature", "geometry": {"type": "Point", "coordinates": [10.8691, 36.60192]}, "properties": {"record_id": "oai:u-bordeaux-montaigne.fr:340416", "symbol_class": "building", "pixel_x": 7117.5, "pixel_y": 1135.0, "easting": 586629.7, "northing": 367031.8, "epsg_source": 22391}}, {"type": "Feature", "geometry": {"type": "Point", "coordinates": [10.76598, 36.6088]}, "properties": {"record_id": "oai:u-bordeaux-montaigne.fr:340416", "symbol_class": "building", "pixel_x": 4969.4, "pixel_y": 1139.0, "easting": 577400.0, "northing": 367708.0, "epsg_source": 22391}}, {"type": "Feature", "geometry": {"type": "Point", "coordinates": [10.76226, 36.60922]}, "properties": {"record_id": "oai:u-bordeaux-montaigne.fr:340416", "symbol_class": "building", "pixel_x": 4891.5, "pixel_y": 1134.4, "easting": 577066.9, "northing": 367752.2, "epsg_source": 22391}}, {"type": "Feature", "geometry": {"type": "Point", "coordinates": [10.83399, 36.60392]}, "properties": {"record_id": "oai:u-bordeaux-montaigne.fr:340416", "symbol_class": "building", "pixel_x": 6387.0, "pixel_y": 1145.8, "easting": 583488.0, "northing": 367223.1, "epsg_source": 22391}}, {"type": "Feature", "geometry": {"type": "Point", "coordinates": [10.90336, 36.59912]}, "properties": {"record_id": "oai:u-bordeaux-montaigne.fr:340416", "symbol_class": "building", "pixel_x": 7832.5, "pixel_y": 1147.0, "easting": 589697.3, "northing": 366751.7, "epsg_source": 22391}}, {"type": "Feature", "geometry": {"type": "Point", "coordinates": [10.75247, 36.6093]}, "properties": {"record_id": "oai:u-bordeaux-montaigne.fr:340416", "symbol_class": "building", "pixel_x": 4689.0, "pixel_y": 1150.2, "easting": 576191.7, "northing": 367752.8, "epsg_source": 22391}}, {"type": "Feature", "geometry": {"type": "Point", "coordinates": [10.81127, 36.60457]}, "properties": {"record_id": "oai:u-bordeaux-montaigne.fr:340416", "symbol_class": "building", "pixel_x": 5915.6, "pixel_y": 1170.0, "easting": 581455.1, "northing": 367275.6, "epsg_source": 22391}}, {"type": "Feature", "geometry": {"type": "Point", "coordinates": [10.89116, 36.59924]}, "properties": {"record_id": "oai:u-bordeaux-montaigne.fr:340416", "symbol_class": "building", "pixel_x": 7579.8, "pixel_y": 1166.3, "easting": 588605.8, "northing": 366754.1, "epsg_source": 22391}}, {"type": "Feature", "geometry": {"type": "Point", "coordinates": [10.73133, 36.60995]}, "properties": {"record_id": "oai:u-bordeaux-montaigne.fr:340416", "symbol_class": "building", "pixel_x": 4250.2, "pixel_y": 1171.0, "easting": 574300.0, "northing": 367808.8, "epsg_source": 22391}}, {"type": "Feature", "geometry": {"type": "Point", "coordinates": [10.87374, 36.60025]}, "properties": {"record_id": "oai:u-bordeaux-montaigne.fr:340416", "symbol_class": "building", "pixel_x": 7217.3, "pixel_y": 1171.3, "easting": 587046.8, "northing": 366850.7, "epsg_source": 22391}}, {"type": "Feature", "geometry": {"type": "Point", "coordinates": [10.6636, 36.61438]}, "properties": {"record_id": "oai:u-bordeaux-montaigne.fr:340416", "symbol_class": "building", "pixel_x": 2839.7, "pixel_y": 1174.3, "easting": 568239.2, "northing": 368250.4, "epsg_source": 22391}}, {"type": "Feature", "geometry": {"type": "Point", "coordinates": [10.81237, 36.60419]}, "properties": {"record_id": "oai:u-bordeaux-montaigne.fr:340416", "symbol_class": "building", "pixel_x": 5939.2, "pixel_y": 1178.2, "easting": 581553.8, "northing": 367234.7, "epsg_source": 22391}}, {"type": "Feature", "geometry": {"type": "Point", "coordinates": [10.87301, 36.59942]}, "properties": {"record_id": "oai:u-bordeaux-montaigne.fr:340416", "symbol_class": "building", "pixel_x": 7204.2, "pixel_y": 1194.9, "easting": 586982.8, "northing": 366758.2, "epsg_source": 22391}}, {"type": "Feature", "geometry": {"type": "Point", "coordinates": [10.76321, 36.60674]}, "properties": {"record_id": "oai:u-bordeaux-montaigne.fr:340416", "symbol_class": "building", "pixel_x": 4916.8, "pixel_y": 1199.4, "easting": 577154.5, "northing": 367477.6, "epsg_source": 22391}}, {"type": "Feature", "geometry": {"type": "Point", "coordinates": [10.86912, 36.59947]}, "properties": {"record_id": "oai:u-bordeaux-montaigne.fr:340416", "symbol_class": "building", "pixel_x": 7123.5, "pixel_y": 1200.8, "easting": 586634.3, "northing": 366760.2, "epsg_source": 22391}}, {"type": "Feature", "geometry": {"type": "Point", "coordinates": [10.71018, 36.61005]}, "properties": {"record_id": "oai:u-bordeaux-montaigne.fr:340416", "symbol_class": "building", "pixel_x": 3812.6, "pixel_y": 1206.8, "easting": 572408.8, "northing": 367803.4, "epsg_source": 22391}}, {"type": "Feature", "geometry": {"type": "Point", "coordinates": [10.85177, 36.60005]}, "properties": {"record_id": "oai:u-bordeaux-montaigne.fr:340416", "symbol_class": "building", "pixel_x": 6763.4, "pixel_y": 1217.0, "easting": 585082.0, "northing": 366809.6, "epsg_source": 22391}}, {"type": "Feature", "geometry": {"type": "Point", "coordinates": [10.86151, 36.59949]}, "properties": {"record_id": "oai:u-bordeaux-montaigne.fr:340416", "symbol_class": "building", "pixel_x": 6966.2, "pixel_y": 1214.3, "easting": 585954.1, "northing": 366755.3, "epsg_source": 22391}}, {"type": "Feature", "geometry": {"type": "Point", "coordinates": [10.69548, 36.61028]}, "properties": {"record_id": "oai:u-bordeaux-montaigne.fr:340416", "symbol_class": "building", "pixel_x": 3508.1, "pixel_y": 1227.1, "easting": 571093.9, "northing": 367818.3, "epsg_source": 22391}}, {"type": "Feature", "geometry": {"type": "Point", "coordinates": [10.59211, 36.61698]}, "properties": {"record_id": "oai:u-bordeaux-montaigne.fr:340416", "symbol_class": "building", "pixel_x": 1355.3, "pixel_y": 1232.4, "easting": 561843.7, "northing": 368491.1, "epsg_source": 22391}}, {"type": "Feature", "geometry": {"type": "Point", "coordinates": [10.59663, 36.61655]}, "properties": {"record_id": "oai:u-bordeaux-montaigne.fr:340416", "symbol_class": "building", "pixel_x": 1449.7, "pixel_y": 1236.0, "easting": 562248.0, "northing": 368446.0, "epsg_source": 22391}}, {"type": "Feature", "geometry": {"type": "Point", "coordinates": [10.59959, 36.61636]}, "properties": {"record_id": "oai:u-bordeaux-montaigne.fr:340416", "symbol_class": "building", "pixel_x": 1511.4, "pixel_y": 1235.7, "easting": 562513.3, "northing": 368427.0, "epsg_source": 22391}}, {"type": "Feature", "geometry": {"type": "Point", "coordinates": [10.69509, 36.61009]}, "properties": {"record_id": "oai:u-bordeaux-montaigne.fr:340416", "symbol_class": "building", "pixel_x": 3500.4, "pixel_y": 1232.7, "easting": 571059.1, "northing": 367797.7, "epsg_source": 22391}}, {"type": "Feature", "geometry": {"type": "Point", "coordinates": [10.70148, 36.60967]}, "properties": {"record_id": "oai:u-bordeaux-montaigne.fr:340416", "symbol_class": "building", "pixel_x": 3633.5, "pixel_y": 1232.7, "easting": 571630.9, "northing": 367755.1, "epsg_source": 22391}}, {"type": "Feature", "geometry": {"type": "Point", "coordinates": [10.76329, 36.60512]}, "properties": {"record_id": "oai:u-bordeaux-montaigne.fr:340416", "symbol_class": "building", "pixel_x": 4922.1, "pixel_y": 1242.8, "easting": 577163.4, "northing": 367297.8, "epsg_source": 22391}}, {"type": "Feature", "geometry": {"type": "Point", "coordinates": [10.70039, 36.60967]}, "properties": {"record_id": "oai:u-bordeaux-montaigne.fr:340416", "symbol_class": "building", "pixel_x": 3611.0, "pixel_y": 1234.5, "easting": 571533.7, "northing": 367754.8, "epsg_source": 22391}}, {"type": "Feature", "geometry": {"type": "Point", "coordinates": [10.69372, 36.6097]}, "properties": {"record_id": "oai:u-bordeaux-montaigne.fr:340416", "symbol_class": "building", "pixel_x": 3473.0, "pixel_y": 1245.8, "easting": 570937.2, "northing": 367752.9, "epsg_source": 22391}}, {"type": "Feature", "geometry": {"type": "Point", "coordinates": [10.58989, 36.6165]}, "properties": {"record_id": "oai:u-bordeaux-montaigne.fr:340416", "symbol_class": "building", "pixel_x": 1310.5, "pixel_y": 1249.2, "easting": 561645.7, "northing": 368436.6, "epsg_source": 22391}}, {"type": "Feature", "geometry": {"type": "Point", "coordinates": [10.78939, 36.60312]}, "properties": {"record_id": "oai:u-bordeaux-montaigne.fr:340416", "symbol_class": "building", "pixel_x": 5466.4, "pixel_y": 1249.2, "easting": 579499.7, "northing": 367096.3, "epsg_source": 22391}}, {"type": "Feature", "geometry": {"type": "Point", "coordinates": [10.59133, 36.61621]}, "properties": {"record_id": "oai:u-bordeaux-montaigne.fr:340416", "symbol_class": "building", "pixel_x": 1340.8, "pixel_y": 1254.6, "easting": 561774.3, "northing": 368404.8, "epsg_source": 22391}}, {"type": "Feature", "geometry": {"type": "Point", "coordinates": [10.65264, 36.61205]}, "properties": {"record_id": "oai:u-bordeaux-montaigne.fr:340416", "symbol_class": "building", "pixel_x": 2618.1, "pixel_y": 1256.7, "easting": 567260.8, "northing": 367984.2, "epsg_source": 22391}}, {"type": "Feature", "geometry": {"type": "Point", "coordinates": [10.76322, 36.60458]}, "properties": {"record_id": "oai:u-bordeaux-montaigne.fr:340416", "symbol_class": "building", "pixel_x": 4921.8, "pixel_y": 1257.5, "easting": 577157.6, "northing": 367237.8, "epsg_source": 22391}}, {"type": "Feature", "geometry": {"type": "Point", "coordinates": [10.76283, 36.6046]}, "properties": {"record_id": "oai:u-bordeaux-montaigne.fr:340416", "symbol_class": "building", "pixel_x": 4913.6, "pixel_y": 1257.8, "easting": 577122.2, "northing": 367239.4, "epsg_source": 22391}}, {"type": "Feature", "geometry": {"type": "Point", "coordinates": [10.67627, 36.61]}, "properties": {"record_id": "oai:u-bordeaux-montaigne.fr:340416", "symbol_class": "building", "pixel_x": 3111.3, "pixel_y": 1269.3, "easting": 569375.9, "northing": 367773.4, "epsg_source": 22391}}, {"type": "Feature", "geometry": {"type": "Point", "coordinates": [10.84119, 36.59894]}, "properties": {"record_id": "oai:u-bordeaux-montaigne.fr:340416", "symbol_class": "building", "pixel_x": 6547.2, "pixel_y": 1266.5, "easting": 584137.4, "northing": 366676.6, "epsg_source": 22391}}, {"type": "Feature", "geometry": {"type": "Point", "coordinates": [10.82194, 36.60017]}, "properties": {"record_id": "oai:u-bordeaux-montaigne.fr:340416", "symbol_class": "building", "pixel_x": 6146.2, "pixel_y": 1268.8, "easting": 582413.9, "northing": 366796.7, "epsg_source": 22391}}, {"type": "Feature", "geometry": {"type": "Point", "coordinates": [10.76002, 36.60423]}, "properties": {"record_id": "oai:u-bordeaux-montaigne.fr:340416", "symbol_class": "building", "pixel_x": 4856.3, "pixel_y": 1272.8, "easting": 576871.5, "northing": 367196.3, "epsg_source": 22391}}, {"type": "Feature", "geometry": {"type": "Point", "coordinates": [10.82604, 36.59985]}, "properties": {"record_id": "oai:u-bordeaux-montaigne.fr:340416", "symbol_class": "building", "pixel_x": 6231.7, "pixel_y": 1270.0, "easting": 582780.9, "northing": 366764.1, "epsg_source": 22391}}, {"type": "Feature", "geometry": {"type": "Point", "coordinates": [10.69061, 36.60874]}, "properties": {"record_id": "oai:u-bordeaux-montaigne.fr:340416", "symbol_class": "building", "pixel_x": 3410.7, "pixel_y": 1277.2, "easting": 570659.4, "northing": 367644.5, "epsg_source": 22391}}, {"type": "Feature", "geometry": {"type": "Point", "coordinates": [10.8423, 36.59855]}, "properties": {"record_id": "oai:u-bordeaux-montaigne.fr:340416", "symbol_class": "building", "pixel_x": 6571.0, "pixel_y": 1274.8, "easting": 584237.0, "northing": 366634.9, "epsg_source": 22391}}, {"type": "Feature", "geometry": {"type": "Point", "coordinates": [10.59141, 36.61523]}, "properties": {"record_id": "oai:u-bordeaux-montaigne.fr:340416", "symbol_class": "building", "pixel_x": 1344.5, "pixel_y": 1280.8, "easting": 561782.0, "northing": 368296.1, "epsg_source": 22391}}, {"type": "Feature", "geometry": {"type": "Point", "coordinates": [10.67434, 36.6098]}, "properties": {"record_id": "oai:u-bordeaux-montaigne.fr:340416", "symbol_class": "building", "pixel_x": 3071.9, "pixel_y": 1278.0, "easting": 569203.6, "northing": 367750.3, "epsg_source": 22391}}, {"type": "Feature", "geometry": {"type": "Point", "coordinates": [10.84053, 36.59845]}, "properties": {"record_id": "oai:u-bordeaux-montaigne.fr:340416", "symbol_class": "building", "pixel_x": 6534.5, "pixel_y": 1281.0, "easting": 584078.4, "northing": 366621.3, "epsg_source": 22391}}, {"type": "Feature", "geometry": {"type": "Point", "coordinates": [10.67259, 36.60983]}, "properties": {"record_id": "oai:u-bordeaux-montaigne.fr:340416", "symbol_class": "building", "pixel_x": 3035.5, "pixel_y": 1280.5, "easting": 569046.6, "northing": 367751.9, "epsg_source": 22391}}, {"type": "Feature", "geometry": {"type": "Point", "coordinates": [10.81965, 36.59988]}, "properties": {"record_id": "oai:u-bordeaux-montaigne.fr:340416", "symbol_class": "building", "pixel_x": 6099.3, "pixel_y": 1280.7, "easting": 582208.9, "northing": 366762.8, "epsg_source": 22391}}, {"type": "Feature", "geometry": {"type": "Point", "coordinates": [10.85675, 36.59718]}, "properties": {"record_id": "oai:u-bordeaux-montaigne.fr:340416", "symbol_class": "building", "pixel_x": 6872.8, "pixel_y": 1285.2, "easting": 585530.2, "northing": 366495.1, "epsg_source": 22391}}, {"type": "Feature", "geometry": {"type": "Point", "coordinates": [10.58941, 36.61516]}, "properties": {"record_id": "oai:u-bordeaux-montaigne.fr:340416", "symbol_class": "building", "pixel_x": 1303.4, "pixel_y": 1286.0, "easting": 561603.6, "northing": 368288.1, "epsg_source": 22391}}, {"type": "Feature", "geometry": {"type": "Point", "coordinates": [10.6006, 36.61436]}, "properties": {"record_id": "oai:u-bordeaux-montaigne.fr:340416", "symbol_class": "building", "pixel_x": 1536.6, "pixel_y": 1287.6, "easting": 562605.0, "northing": 368206.2, "epsg_source": 22391}}, {"type": "Feature", "geometry": {"type": "Point", "coordinates": [10.66955, 36.60986]}, "properties": {"record_id": "oai:u-bordeaux-montaigne.fr:340416", "symbol_class": "building", "pixel_x": 2972.7, "pixel_y": 1285.0, "easting": 568775.3, "northing": 367753.7, "epsg_source": 22391}}, {"type": "Feature", "geometry": {"type": "Point", "coordinates": [10.60715, 36.61381]}, "properties": {"record_id": "oai:u-bordeaux-montaigne.fr:340416", "symbol_class": "building", "pixel_x": 1673.3, "pixel_y": 1290.8, "easting": 563191.2, "northing": 368149.1, "epsg_source": 22391}}, {"type": "Feature", "geometry": {"type": "Point", "coordinates": [10.75586, 36.60372]}, "properties": {"record_id": "oai:u-bordeaux-montaigne.fr:340416", "symbol_class": "building", "pixel_x": 4771.4, "pixel_y": 1293.9, "easting": 576499.8, "northing": 367137.1, "epsg_source": 22391}}, {"type": "Feature", "geometry": {"type": "Point", "coordinates": [10.6084, 36.61356]}, "properties": {"record_id": "oai:u-bordeaux-montaigne.fr:340416", "symbol_class": "building", "pixel_x": 1699.7, "pixel_y": 1295.3, "easting": 563303.3, "northing": 368122.0, "epsg_source": 22391}}, {"type": "Feature", "geometry": {"type": "Point", "coordinates": [10.60399, 36.61366]}, "properties": {"record_id": "oai:u-bordeaux-montaigne.fr:340416", "symbol_class": "building", "pixel_x": 1608.2, "pixel_y": 1300.4, "easting": 562908.6, "northing": 368130.6, "epsg_source": 22391}}, {"type": "Feature", "geometry": {"type": "Point", "coordinates": [10.79556, 36.60072]}, "properties": {"record_id": "oai:u-bordeaux-montaigne.fr:340416", "symbol_class": "building", "pixel_x": 5599.2, "pixel_y": 1302.2, "easting": 580053.5, "northing": 366836.2, "epsg_source": 22391}}, {"type": "Feature", "geometry": {"type": "Point", "coordinates": [10.68081, 36.60821]}, "properties": {"record_id": "oai:u-bordeaux-montaigne.fr:340416", "symbol_class": "building", "pixel_x": 3209.2, "pixel_y": 1309.3, "easting": 569783.6, "northing": 367578.0, "epsg_source": 22391}}, {"type": "Feature", "geometry": {"type": "Point", "coordinates": [10.79804, 36.60018]}, "properties": {"record_id": "oai:u-bordeaux-montaigne.fr:340416", "symbol_class": "building", "pixel_x": 5651.7, "pixel_y": 1312.3, "easting": 580276.0, "northing": 366777.6, "epsg_source": 22391}}, {"type": "Feature", "geometry": {"type": "Point", "coordinates": [10.67781, 36.60788]}, "properties": {"record_id": "oai:u-bordeaux-montaigne.fr:340416", "symbol_class": "building", "pixel_x": 3147.7, "pixel_y": 1323.4, "easting": 569515.1, "northing": 367540.0, "epsg_source": 22391}}, {"type": "Feature", "geometry": {"type": "Point", "coordinates": [10.58469, 36.61405]}, "properties": {"record_id": "oai:u-bordeaux-montaigne.fr:340416", "symbol_class": "building", "pixel_x": 1208.2, "pixel_y": 1324.5, "easting": 561182.4, "northing": 368161.1, "epsg_source": 22391}}, {"type": "Feature", "geometry": {"type": "Point", "coordinates": [10.65173, 36.60953]}, "properties": {"record_id": "oai:u-bordeaux-montaigne.fr:340416", "symbol_class": "building", "pixel_x": 2604.8, "pixel_y": 1326.1, "easting": 567181.8, "northing": 367704.0, "epsg_source": 22391}}, {"type": "Feature", "geometry": {"type": "Point", "coordinates": [10.79893, 36.59963]}, "properties": {"record_id": "oai:u-bordeaux-montaigne.fr:340416", "symbol_class": "building", "pixel_x": 5671.5, "pixel_y": 1325.4, "easting": 580356.7, "northing": 366717.7, "epsg_source": 22391}}, {"type": "Feature", "geometry": {"type": "Point", "coordinates": [10.86686, 36.5949]}, "properties": {"record_id": "oai:u-bordeaux-montaigne.fr:340416", "symbol_class": "building", "pixel_x": 7087.1, "pixel_y": 1327.8, "easting": 586437.3, "northing": 366251.1, "epsg_source": 22391}}, {"type": "Feature", "geometry": {"type": "Point", "coordinates": [10.59163, 36.61337]}, "properties": {"record_id": "oai:u-bordeaux-montaigne.fr:340416", "symbol_class": "building", "pixel_x": 1353.1, "pixel_y": 1330.2, "easting": 561803.2, "northing": 368091.0, "epsg_source": 22391}}, {"type": "Feature", "geometry": {"type": "Point", "coordinates": [10.67888, 36.6076]}, "properties": {"record_id": "oai:u-bordeaux-montaigne.fr:340416", "symbol_class": "building", "pixel_x": 3170.5, "pixel_y": 1329.2, "easting": 569611.1, "northing": 367508.9, "epsg_source": 22391}}, {"type": "Feature", "geometry": {"type": "Point", "coordinates": [10.76469, 36.60165]}, "properties": {"record_id": "oai:u-bordeaux-montaigne.fr:340416", "symbol_class": "building", "pixel_x": 4958.6, "pixel_y": 1333.5, "easting": 577291.6, "northing": 366914.5, "epsg_source": 22391}}, {"type": "Feature", "geometry": {"type": "Point", "coordinates": [10.63931, 36.61006]}, "properties": {"record_id": "oai:u-bordeaux-montaigne.fr:340416", "symbol_class": "building", "pixel_x": 2346.8, "pixel_y": 1334.0, "easting": 566070.8, "northing": 367754.8, "epsg_source": 22391}}, {"type": "Feature", "geometry": {"type": "Point", "coordinates": [10.81612, 36.598]}, "properties": {"record_id": "oai:u-bordeaux-montaigne.fr:340416", "symbol_class": "building", "pixel_x": 6030.6, "pixel_y": 1337.9, "easting": 581895.6, "northing": 366550.8, "epsg_source": 22391}}, {"type": "Feature", "geometry": {"type": "Point", "coordinates": [10.67861, 36.60736]}, "properties": {"record_id": "oai:u-bordeaux-montaigne.fr:340416", "symbol_class": "building", "pixel_x": 3165.6, "pixel_y": 1335.9, "easting": 569587.8, "northing": 367483.0, "epsg_source": 22391}}, {"type": "Feature", "geometry": {"type": "Point", "coordinates": [10.79255, 36.59949]}, "properties": {"record_id": "oai:u-bordeaux-montaigne.fr:340416", "symbol_class": "building", "pixel_x": 5539.8, "pixel_y": 1340.8, "easting": 579785.9, "northing": 366697.1, "epsg_source": 22391}}, {"type": "Feature", "geometry": {"type": "Point", "coordinates": [10.63631, 36.61007]}, "properties": {"record_id": "oai:u-bordeaux-montaigne.fr:340416", "symbol_class": "building", "pixel_x": 2284.7, "pixel_y": 1339.2, "easting": 565802.2, "northing": 367753.3, "epsg_source": 22391}}, {"type": "Feature", "geometry": {"type": "Point", "coordinates": [10.81639, 36.59762]}, "properties": {"record_id": "oai:u-bordeaux-montaigne.fr:340416", "symbol_class": "building", "pixel_x": 6037.1, "pixel_y": 1347.6, "easting": 581920.0, "northing": 366508.9, "epsg_source": 22391}}, {"type": "Feature", "geometry": {"type": "Point", "coordinates": [10.63123, 36.61009]}, "properties": {"record_id": "oai:u-bordeaux-montaigne.fr:340416", "symbol_class": "building", "pixel_x": 2179.5, "pixel_y": 1347.7, "easting": 565347.7, "northing": 367752.8, "epsg_source": 22391}}, {"type": "Feature", "geometry": {"type": "Point", "coordinates": [10.62936, 36.61007]}, "properties": {"record_id": "oai:u-bordeaux-montaigne.fr:340416", "symbol_class": "building", "pixel_x": 2140.9, "pixel_y": 1351.6, "easting": 565180.7, "northing": 367748.9, "epsg_source": 22391}}, {"type": "Feature", "geometry": {"type": "Point", "coordinates": [10.67838, 36.60671]}, "properties": {"record_id": "oai:u-bordeaux-montaigne.fr:340416", "symbol_class": "building", "pixel_x": 3162.3, "pixel_y": 1354.0, "easting": 569567.9, "northing": 367410.0, "epsg_source": 22391}}, {"type": "Feature", "geometry": {"type": "Point", "coordinates": [10.70821, 36.6047]}, "properties": {"record_id": "oai:u-bordeaux-montaigne.fr:340416", "symbol_class": "building", "pixel_x": 3783.8, "pixel_y": 1354.1, "easting": 572237.7, "northing": 367208.8, "epsg_source": 22391}}, {"type": "Feature", "geometry": {"type": "Point", "coordinates": [10.79227, 36.59898]}, "properties": {"record_id": "oai:u-bordeaux-montaigne.fr:340416", "symbol_class": "building", "pixel_x": 5535.2, "pixel_y": 1355.0, "easting": 579761.7, "northing": 366640.1, "epsg_source": 22391}}, {"type": "Feature", "geometry": {"type": "Point", "coordinates": [10.70768, 36.60454]}, "properties": {"record_id": "oai:u-bordeaux-montaigne.fr:340416", "symbol_class": "building", "pixel_x": 3773.1, "pixel_y": 1359.3, "easting": 572190.4, "northing": 367191.0, "epsg_source": 22391}}, {"type": "Feature", "geometry": {"type": "Point", "coordinates": [10.62321, 36.61014]}, "properties": {"record_id": "oai:u-bordeaux-montaigne.fr:340416", "symbol_class": "building", "pixel_x": 2013.5, "pixel_y": 1360.8, "easting": 564630.5, "northing": 367752.3, "epsg_source": 22391}}, {"type": "Feature", "geometry": {"type": "Point", "coordinates": [10.62383, 36.6101]}, "properties": {"record_id": "oai:u-bordeaux-montaigne.fr:340416", "symbol_class": "building", "pixel_x": 2026.4, "pixel_y": 1360.7, "easting": 564685.9, "northing": 367748.6, "epsg_source": 22391}}, {"type": "Feature", "geometry": {"type": "Point", "coordinates": [10.70815, 36.60443]}, "properties": {"record_id": "oai:u-bordeaux-montaigne.fr:340416", "symbol_class": "building", "pixel_x": 3783.0, "pixel_y": 1361.5, "easting": 572232.2, "northing": 367178.7, "epsg_source": 22391}}, {"type": "Feature", "geometry": {"type": "Point", "coordinates": [10.76706, 36.60035]}, "properties": {"record_id": "oai:u-bordeaux-montaigne.fr:340416", "symbol_class": "building", "pixel_x": 5010.6, "pixel_y": 1364.3, "easting": 577505.0, "northing": 366771.6, "epsg_source": 22391}}, {"type": "Feature", "geometry": {"type": "Point", "coordinates": [10.77958, 36.59943]}, "properties": {"record_id": "oai:u-bordeaux-montaigne.fr:340416", "symbol_class": "building", "pixel_x": 5271.6, "pixel_y": 1366.3, "easting": 578625.8, "northing": 366679.2, "epsg_source": 22391}}, {"type": "Feature", "geometry": {"type": "Point", "coordinates": [10.70978, 36.60398]}, "properties": {"record_id": "oai:u-bordeaux-montaigne.fr:340416", "symbol_class": "building", "pixel_x": 3817.7, "pixel_y": 1370.8, "easting": 572378.0, "northing": 367129.7, "epsg_source": 22391}}, {"type": "Feature", "geometry": {"type": "Point", "coordinates": [10.76572, 36.6004]}, "properties": {"record_id": "oai:u-bordeaux-montaigne.fr:340416", "symbol_class": "building", "pixel_x": 4982.9, "pixel_y": 1365.4, "easting": 577385.6, "northing": 366775.8, "epsg_source": 22391}}, {"type": "Feature", "geometry": {"type": "Point", "coordinates": [10.61555, 36.61015]}, "properties": {"record_id": "oai:u-bordeaux-montaigne.fr:340416", "symbol_class": "building", "pixel_x": 1855.0, "pixel_y": 1374.1, "easting": 563945.1, "northing": 367749.0, "epsg_source": 22391}}, {"type": "Feature", "geometry": {"type": "Point", "coordinates": [10.61415, 36.61016]}, "properties": {"record_id": "oai:u-bordeaux-montaigne.fr:340416", "symbol_class": "building", "pixel_x": 1826.1, "pixel_y": 1376.4, "easting": 563820.3, "northing": 367749.0, "epsg_source": 22391}}, {"type": "Feature", "geometry": {"type": "Point", "coordinates": [10.62408, 36.60923]}, "properties": {"record_id": "oai:u-bordeaux-montaigne.fr:340416", "symbol_class": "building", "pixel_x": 2033.4, "pixel_y": 1383.7, "easting": 564708.7, "northing": 367652.1, "epsg_source": 22391}}, {"type": "Feature", "geometry": {"type": "Point", "coordinates": [10.67575, 36.60569]}, "properties": {"record_id": "oai:u-bordeaux-montaigne.fr:340416", "symbol_class": "building", "pixel_x": 3110.1, "pixel_y": 1386.1, "easting": 569333.5, "northing": 367295.2, "epsg_source": 22391}}, {"type": "Feature", "geometry": {"type": "Point", "coordinates": [10.7487, 36.60054]}, "properties": {"record_id": "oai:u-bordeaux-montaigne.fr:340416", "symbol_class": "building", "pixel_x": 4630.5, "pixel_y": 1392.7, "easting": 575862.9, "northing": 366777.8, "epsg_source": 22391}}, {"type": "Feature", "geometry": {"type": "Point", "coordinates": [10.60204, 36.61025]}, "properties": {"record_id": "oai:u-bordeaux-montaigne.fr:340416", "symbol_class": "building", "pixel_x": 1575.4, "pixel_y": 1395.5, "easting": 562737.1, "northing": 367751.5, "epsg_source": 22391}}, {"type": "Feature", "geometry": {"type": "Point", "coordinates": [10.67619, 36.60524]}, "properties": {"record_id": "oai:u-bordeaux-montaigne.fr:340416", "symbol_class": "building", "pixel_x": 3120.2, "pixel_y": 1397.4, "easting": 569373.0, "northing": 367245.7, "epsg_source": 22391}}, {"type": "Feature", "geometry": {"type": "Point", "coordinates": [10.67698, 36.60515]}, "properties": {"record_id": "oai:u-bordeaux-montaigne.fr:340416", "symbol_class": "building", "pixel_x": 3136.6, "pixel_y": 1398.3, "easting": 569443.3, "northing": 367236.6, "epsg_source": 22391}}, {"type": "Feature", "geometry": {"type": "Point", "coordinates": [10.61865, 36.60894]}, "properties": {"record_id": "oai:u-bordeaux-montaigne.fr:340416", "symbol_class": "building", "pixel_x": 1921.8, "pixel_y": 1401.1, "easting": 564223.7, "northing": 367616.9, "epsg_source": 22391}}, {"type": "Feature", "geometry": {"type": "Point", "coordinates": [10.69269, 36.60379]}, "properties": {"record_id": "oai:u-bordeaux-montaigne.fr:340416", "symbol_class": "building", "pixel_x": 3464.7, "pixel_y": 1406.6, "easting": 570850.1, "northing": 367096.7, "epsg_source": 22391}}, {"type": "Feature", "geometry": {"type": "Point", "coordinates": [10.59303, 36.61034]}, "properties": {"record_id": "oai:u-bordeaux-montaigne.fr:340416", "symbol_class": "building", "pixel_x": 1388.7, "pixel_y": 1409.4, "easting": 561930.8, "northing": 367754.9, "epsg_source": 22391}}, {"type": "Feature", "geometry": {"type": "Point", "coordinates": [10.58856, 36.61039]}, "properties": {"record_id": "oai:u-bordeaux-montaigne.fr:340416", "symbol_class": "building", "pixel_x": 1296.3, "pixel_y": 1416.0, "easting": 561531.7, "northing": 367757.6, "epsg_source": 22391}}, {"type": "Feature", "geometry": {"type": "Point", "coordinates": [10.58904, 36.61037]}, "properties": {"record_id": "oai:u-bordeaux-montaigne.fr:340416", "symbol_class": "building", "pixel_x": 1306.1, "pixel_y": 1415.5, "easting": 561574.0, "northing": 367756.5, "epsg_source": 22391}}, {"type": "Feature", "geometry": {"type": "Point", "coordinates": [10.58657, 36.61038]}, "properties": {"record_id": "oai:u-bordeaux-montaigne.fr:340416", "symbol_class": "building", "pixel_x": 1255.1, "pixel_y": 1419.6, "easting": 561353.6, "northing": 367756.1, "epsg_source": 22391}}, {"type": "Feature", "geometry": {"type": "Point", "coordinates": [10.87918, 36.59066]}, "properties": {"record_id": "oai:u-bordeaux-montaigne.fr:340416", "symbol_class": "building", "pixel_x": 7351.6, "pixel_y": 1419.2, "easting": 587544.5, "northing": 365791.2, "epsg_source": 22391}}, {"type": "Feature", "geometry": {"type": "Point", "coordinates": [10.78536, 36.59687]}, "properties": {"record_id": "oai:u-bordeaux-montaigne.fr:340416", "symbol_class": "building", "pixel_x": 5396.9, "pixel_y": 1424.4, "easting": 579145.2, "northing": 366400.7, "epsg_source": 22391}}, {"type": "Feature", "geometry": {"type": "Point", "coordinates": [10.72918, 36.60067]}, "properties": {"record_id": "oai:u-bordeaux-montaigne.fr:340416", "symbol_class": "building", "pixel_x": 4226.3, "pixel_y": 1424.5, "easting": 574116.3, "northing": 366777.5, "epsg_source": 22391}}, {"type": "Feature", "geometry": {"type": "Point", "coordinates": [10.78476, 36.59682]}, "properties": {"record_id": "oai:u-bordeaux-montaigne.fr:340416", "symbol_class": "building", "pixel_x": 5384.5, "pixel_y": 1426.8, "easting": 579091.3, "northing": 366394.5, "epsg_source": 22391}}, {"type": "Feature", "geometry": {"type": "Point", "coordinates": [10.81246, 36.59497]}, "properties": {"record_id": "oai:u-bordeaux-montaigne.fr:340416", "symbol_class": "building", "pixel_x": 5961.7, "pixel_y": 1425.9, "easting": 581571.4, "northing": 366212.0, "epsg_source": 22391}}, {"type": "Feature", "geometry": {"type": "Point", "coordinates": [10.71585, 36.60133]}, "properties": {"record_id": "oai:u-bordeaux-montaigne.fr:340416", "symbol_class": "building", "pixel_x": 3949.2, "pixel_y": 1431.0, "easting": 572923.7, "northing": 366840.4, "epsg_source": 22391}}, {"type": "Feature", "geometry": {"type": "Point", "coordinates": [10.72548, 36.60068]}, "properties": {"record_id": "oai:u-bordeaux-montaigne.fr:340416", "symbol_class": "building", "pixel_x": 4149.8, "pixel_y": 1430.9, "easting": 573785.9, "northing": 366776.2, "epsg_source": 22391}}, {"type": "Feature", "geometry": {"type": "Point", "coordinates": [10.84085, 36.59268]}, "properties": {"record_id": "oai:u-bordeaux-montaigne.fr:340416", "symbol_class": "building", "pixel_x": 6554.2, "pixel_y": 1435.6, "easting": 584113.7, "northing": 365981.5, "epsg_source": 22391}}, {"type": "Feature", "geometry": {"type": "Point", "coordinates": [10.87062, 36.59073]}, "properties": {"record_id": "oai:u-bordeaux-montaigne.fr:340416", "symbol_class": "building", "pixel_x": 7174.3, "pixel_y": 1433.0, "easting": 586778.6, "northing": 365792.1, "epsg_source": 22391}}, {"type": "Feature", "geometry": {"type": "Point", "coordinates": [10.64516, 36.60587]}, "properties": {"record_id": "oai:u-bordeaux-montaigne.fr:340416", "symbol_class": "building", "pixel_x": 2476.9, "pixel_y": 1436.2, "easting": 566596.9, "northing": 367293.8, "epsg_source": 22391}}, {"type": "Feature", "geometry": {"type": "Point", "coordinates": [10.81222, 36.59456]}, "properties": {"record_id": "oai:u-bordeaux-montaigne.fr:340416", "symbol_class": "building", "pixel_x": 5957.6, "pixel_y": 1437.5, "easting": 581550.2, "northing": 366165.8, "epsg_source": 22391}}, {"type": "Feature", "geometry": {"type": "Point", "coordinates": [10.83654, 36.59268]}, "properties": {"record_id": "oai:u-bordeaux-montaigne.fr:340416", "symbol_class": "building", "pixel_x": 6464.9, "pixel_y": 1443.3, "easting": 583727.4, "northing": 365978.4, "epsg_source": 22391}}, {"type": "Feature", "geometry": {"type": "Point", "coordinates": [10.86527, 36.59081]}, "properties": {"record_id": "oai:u-bordeaux-montaigne.fr:340416", "symbol_class": "building", "pixel_x": 7063.5, "pixel_y": 1440.7, "easting": 586300.0, "northing": 365796.3, "epsg_source": 22391}}, {"type": "Feature", "geometry": {"type": "Point", "coordinates": [10.82329, 36.59339]}, "properties": {"record_id": "oai:u-bordeaux-montaigne.fr:340416", "symbol_class": "building", "pixel_x": 6189.2, "pixel_y": 1448.6, "easting": 582541.4, "northing": 366045.6, "epsg_source": 22391}}, {"type": "Feature", "geometry": {"type": "Point", "coordinates": [10.63334, 36.6061]}, "properties": {"record_id": "oai:u-bordeaux-montaigne.fr:340416", "symbol_class": "building", "pixel_x": 2231.9, "pixel_y": 1451.3, "easting": 565539.8, "northing": 367311.2, "epsg_source": 22391}}, {"type": "Feature", "geometry": {"type": "Point", "coordinates": [10.83725, 36.59215]}, "properties": {"record_id": "oai:u-bordeaux-montaigne.fr:340416", "symbol_class": "building", "pixel_x": 6480.9, "pixel_y": 1456.4, "easting": 583791.9, "northing": 365919.6, "epsg_source": 22391}}, {"type": "Feature", "geometry": {"type": "Point", "coordinates": [10.70662, 36.60086]}, "properties": {"record_id": "oai:u-bordeaux-montaigne.fr:340416", "symbol_class": "building", "pixel_x": 3759.2, "pixel_y": 1460.4, "easting": 572098.2, "northing": 366781.2, "epsg_source": 22391}}, {"type": "Feature", "geometry": {"type": "Point", "coordinates": [10.79352, 36.59492]}, "properties": {"record_id": "oai:u-bordeaux-montaigne.fr:340416", "symbol_class": "building", "pixel_x": 5570.0, "pixel_y": 1461.9, "easting": 579877.1, "northing": 366191.2, "epsg_source": 22391}}, {"type": "Feature", "geometry": {"type": "Point", "coordinates": [10.67829, 36.60241]}, "properties": {"record_id": "oai:u-bordeaux-montaigne.fr:340416", "symbol_class": "building", "pixel_x": 3169.9, "pixel_y": 1469.8, "easting": 569563.4, "northing": 366933.0, "epsg_source": 22391}}, {"type": "Feature", "geometry": {"type": "Point", "coordinates": [10.78325, 36.59539]}, "properties": {"record_id": "oai:u-bordeaux-montaigne.fr:340416", "symbol_class": "building", "pixel_x": 5356.6, "pixel_y": 1468.0, "easting": 578958.2, "northing": 366234.8, "epsg_source": 22391}}, {"type": "Feature", "geometry": {"type": "Point", "coordinates": [10.6807, 36.60217]}, "properties": {"record_id": "oai:u-bordeaux-montaigne.fr:340416", "symbol_class": "building", "pixel_x": 3220.3, "pixel_y": 1471.8, "easting": 569779.4, "northing": 366908.3, "epsg_source": 22391}}, {"type": "Feature", "geometry": {"type": "Point", "coordinates": [10.70885, 36.60024]}, "properties": {"record_id": "oai:u-bordeaux-montaigne.fr:340416", "symbol_class": "building", "pixel_x": 3806.8, "pixel_y": 1473.0, "easting": 572298.8, "northing": 366714.2, "epsg_source": 22391}}, {"type": "Feature", "geometry": {"type": "Point", "coordinates": [10.68542, 36.6015]}, "properties": {"record_id": "oai:u-bordeaux-montaigne.fr:340416", "symbol_class": "building", "pixel_x": 3319.2, "pixel_y": 1481.2, "easting": 570201.5, "northing": 366837.7, "epsg_source": 22391}}, {"type": "Feature", "geometry": {"type": "Point", "coordinates": [10.71594, 36.59942]}, "properties": {"record_id": "oai:u-bordeaux-montaigne.fr:340416", "symbol_class": "building", "pixel_x": 3955.3, "pixel_y": 1482.2, "easting": 572933.9, "northing": 366628.6, "epsg_source": 22391}}, {"type": "Feature", "geometry": {"type": "Point", "coordinates": [10.68141, 36.60163]}, "properties": {"record_id": "oai:u-bordeaux-montaigne.fr:340416", "symbol_class": "building", "pixel_x": 3236.1, "pixel_y": 1485.0, "easting": 569843.0, "northing": 366849.3, "epsg_source": 22391}}, {"type": "Feature", "geometry": {"type": "Point", "coordinates": [10.83663, 36.59107]}, "properties": {"record_id": "oai:u-bordeaux-montaigne.fr:340416", "symbol_class": "building", "pixel_x": 6470.4, "pixel_y": 1486.5, "easting": 583737.6, "northing": 365799.7, "epsg_source": 22391}}, {"type": "Feature", "geometry": {"type": "Point", "coordinates": [10.71607, 36.59915]}, "properties": {"record_id": "oai:u-bordeaux-montaigne.fr:340416", "symbol_class": "building", "pixel_x": 3958.5, "pixel_y": 1489.2, "easting": 572945.2, "northing": 366598.7, "epsg_source": 22391}}, {"type": "Feature", "geometry": {"type": "Point", "coordinates": [10.79872, 36.59325]}, "properties": {"record_id": "oai:u-bordeaux-montaigne.fr:340416", "symbol_class": "building", "pixel_x": 5681.3, "pixel_y": 1497.5, "easting": 580343.8, "northing": 366009.4, "epsg_source": 22391}}, {"type": "Feature", "geometry": {"type": "Point", "coordinates": [10.5756, 36.60803]}, "properties": {"record_id": "oai:u-bordeaux-montaigne.fr:340416", "symbol_class": "building", "pixel_x": 1033.3, "pixel_y": 1502.4, "easting": 560374.3, "northing": 367488.2, "epsg_source": 22391}}, {"type": "Feature", "geometry": {"type": "Point", "coordinates": [10.82668, 36.59117]}, "properties": {"record_id": "oai:u-bordeaux-montaigne.fr:340416", "symbol_class": "building", "pixel_x": 6264.5, "pixel_y": 1502.2, "easting": 582847.6, "northing": 365802.0, "epsg_source": 22391}}, {"type": "Feature", "geometry": {"type": "Point", "coordinates": [10.68076, 36.60103]}, "properties": {"record_id": "oai:u-bordeaux-montaigne.fr:340416", "symbol_class": "building", "pixel_x": 3224.0, "pixel_y": 1502.5, "easting": 569785.5, "northing": 366781.3, "epsg_source": 22391}}, {"type": "Feature", "geometry": {"type": "Point", "coordinates": [10.67958, 36.60103]}, "properties": {"record_id": "oai:u-bordeaux-montaigne.fr:340416", "symbol_class": "building", "pixel_x": 3199.5, "pixel_y": 1504.6, "easting": 569679.6, "northing": 366780.8, "epsg_source": 22391}}, {"type": "Feature", "geometry": {"type": "Point", "coordinates": [10.8252, 36.59117]}, "properties": {"record_id": "oai:u-bordeaux-montaigne.fr:340416", "symbol_class": "building", "pixel_x": 6233.7, "pixel_y": 1504.9, "easting": 582714.6, "northing": 365800.6, "epsg_source": 22391}}, {"type": "Feature", "geometry": {"type": "Point", "coordinates": [10.86152, 36.58836]}, "properties": {"record_id": "oai:u-bordeaux-montaigne.fr:340416", "symbol_class": "building", "pixel_x": 6991.5, "pixel_y": 1513.5, "easting": 585967.2, "northing": 365521.1, "epsg_source": 22391}}, {"type": "Feature", "geometry": {"type": "Point", "coordinates": [10.58731, 36.60677]}, "properties": {"record_id": "oai:u-bordeaux-montaigne.fr:340416", "symbol_class": "building", "pixel_x": 1278.4, "pixel_y": 1515.6, "easting": 561422.8, "northing": 367355.3, "epsg_source": 22391}}, {"type": "Feature", "geometry": {"type": "Point", "coordinates": [10.64523, 36.60292]}, "properties": {"record_id": "oai:u-bordeaux-montaigne.fr:340416", "symbol_class": "building", "pixel_x": 2484.9, "pixel_y": 1515.4, "easting": 566606.3, "northing": 366966.7, "epsg_source": 22391}}, {"type": "Feature", "geometry": {"type": "Point", "coordinates": [10.58, 36.60708]}, "properties": {"record_id": "oai:u-bordeaux-montaigne.fr:340416", "symbol_class": "building", "pixel_x": 1126.3, "pixel_y": 1520.3, "easting": 560768.0, "northing": 367385.0, "epsg_source": 22391}}, {"type": "Feature", "geometry": {"type": "Point", "coordinates": [10.67097, 36.60109]}, "properties": {"record_id": "oai:u-bordeaux-montaigne.fr:340416", "symbol_class": "building", "pixel_x": 3021.3, "pixel_y": 1518.4, "easting": 568909.6, "northing": 366781.5, "epsg_source": 22391}}, {"type": "Feature", "geometry": {"type": "Point", "coordinates": [10.66836, 36.60109]}, "properties": {"record_id": "oai:u-bordeaux-montaigne.fr:340416", "symbol_class": "building", "pixel_x": 2967.3, "pixel_y": 1523.0, "easting": 568676.4, "northing": 366780.1, "epsg_source": 22391}}, {"type": "Feature", "geometry": {"type": "Point", "coordinates": [10.5786, 36.6068]}, "properties": {"record_id": "oai:u-bordeaux-montaigne.fr:340416", "symbol_class": "building", "pixel_x": 1098.0, "pixel_y": 1530.1, "easting": 560643.1, "northing": 367353.9, "epsg_source": 22391}}, {"type": "Feature", "geometry": {"type": "Point", "coordinates": [10.7803, 36.59292]}, "properties": {"record_id": "oai:u-bordeaux-montaigne.fr:340416", "symbol_class": "building", "pixel_x": 5301.0, "pixel_y": 1539.9, "easting": 578696.7, "northing": 365958.0, "epsg_source": 22391}}, {"type": "Feature", "geometry": {"type": "Point", "coordinates": [10.84014, 36.58865]}, "properties": {"record_id": "oai:u-bordeaux-montaigne.fr:340416", "symbol_class": "building", "pixel_x": 6548.5, "pixel_y": 1545.1, "easting": 584054.3, "northing": 365534.6, "epsg_source": 22391}}, {"type": "Feature", "geometry": {"type": "Point", "coordinates": [10.80658, 36.59078]}, "properties": {"record_id": "oai:u-bordeaux-montaigne.fr:340416", "symbol_class": "building", "pixel_x": 5849.4, "pixel_y": 1549.3, "easting": 581049.5, "northing": 365742.5, "epsg_source": 22391}}, {"type": "Feature", "geometry": {"type": "Point", "coordinates": [10.58734, 36.60525]}, "properties": {"record_id": "oai:u-bordeaux-montaigne.fr:340416", "symbol_class": "building", "pixel_x": 1282.3, "pixel_y": 1556.2, "easting": 561426.6, "northing": 367187.5, "epsg_source": 22391}}, {"type": "Feature", "geometry": {"type": "Point", "coordinates": [10.64901, 36.60128]}, "properties": {"record_id": "oai:u-bordeaux-montaigne.fr:340416", "symbol_class": "building", "pixel_x": 2566.7, "pixel_y": 1552.9, "easting": 566945.7, "northing": 366786.9, "epsg_source": 22391}}, {"type": "Feature", "geometry": {"type": "Point", "coordinates": [10.63984, 36.60163]}, "properties": {"record_id": "oai:u-bordeaux-montaigne.fr:340416", "symbol_class": "building", "pixel_x": 2376.1, "pixel_y": 1559.9, "easting": 566124.7, "northing": 366819.4, "epsg_source": 22391}}, {"type": "Feature", "geometry": {"type": "Point", "coordinates": [10.83162, 36.5886]}, "properties": {"record_id": "oai:u-bordeaux-montaigne.fr:340416", "symbol_class": "building", "pixel_x": 6372.4, "pixel_y": 1562.2, "easting": 583292.2, "northing": 365521.1, "epsg_source": 22391}}, {"type": "Feature", "geometry": {"type": "Point", "coordinates": [10.64863, 36.6008]}, "properties": {"record_id": "oai:u-bordeaux-montaigne.fr:340416", "symbol_class": "building", "pixel_x": 2559.8, "pixel_y": 1566.3, "easting": 566911.8, "northing": 366734.2, "epsg_source": 22391}}, {"type": "Feature", "geometry": {"type": "Point", "coordinates": [10.64286, 36.60127]}, "properties": {"record_id": "oai:u-bordeaux-montaigne.fr:340416", "symbol_class": "building", "pixel_x": 2439.5, "pixel_y": 1564.0, "easting": 566395.6, "northing": 366782.3, "epsg_source": 22391}}, {"type": "Feature", "geometry": {"type": "Point", "coordinates": [10.83205, 36.58841]}, "properties": {"record_id": "oai:u-bordeaux-montaigne.fr:340416", "symbol_class": "building", "pixel_x": 6381.6, "pixel_y": 1566.4, "easting": 583330.4, "northing": 365501.0, "epsg_source": 22391}}, {"type": "Feature", "geometry": {"type": "Point", "coordinates": [10.58073, 36.60509]}, "properties": {"record_id": "oai:u-bordeaux-montaigne.fr:340416", "symbol_class": "building", "pixel_x": 1145.7, "pixel_y": 1572.4, "easting": 560834.9, "northing": 367165.1, "epsg_source": 22391}}, {"type": "Feature", "geometry": {"type": "Point", "coordinates": [10.83145, 36.58832]}, "properties": {"record_id": "oai:u-bordeaux-montaigne.fr:340416", "symbol_class": "building", "pixel_x": 6369.5, "pixel_y": 1569.8, "easting": 583277.1, "northing": 365490.7, "epsg_source": 22391}}, {"type": "Feature", "geometry": {"type": "Point", "coordinates": [10.73803, 36.59422]}, "properties": {"record_id": "oai:u-bordeaux-montaigne.fr:340416", "symbol_class": "building", "pixel_x": 4423.8, "pixel_y": 1581.9, "easting": 574914.6, "northing": 366068.8, "epsg_source": 22391}}, {"type": "Feature", "geometry": {"type": "Point", "coordinates": [10.64844, 36.59973]}, "properties": {"record_id": "oai:u-bordeaux-montaigne.fr:340416", "symbol_class": "building", "pixel_x": 2558.3, "pixel_y": 1595.5, "easting": 566896.0, "northing": 366614.7, "epsg_source": 22391}}, {"type": "Feature", "geometry": {"type": "Point", "coordinates": [10.68808, 36.59712]}, "properties": {"record_id": "oai:u-bordeaux-montaigne.fr:340416", "symbol_class": "building", "pixel_x": 3384.0, "pixel_y": 1594.3, "easting": 570443.7, "northing": 366353.4, "epsg_source": 22391}}, {"type": "Feature", "geometry": {"type": "Point", "coordinates": [10.73852, 36.59365]}, "properties": {"record_id": "oai:u-bordeaux-montaigne.fr:340416", "symbol_class": "building", "pixel_x": 4435.1, "pixel_y": 1596.4, "easting": 574958.4, "northing": 366005.7, "epsg_source": 22391}}, {"type": "Feature", "geometry": {"type": "Point", "coordinates": [10.694, 36.59655]}, "properties": {"record_id": "oai:u-bordeaux-montaigne.fr:340416", "symbol_class": "building", "pixel_x": 3507.8, "pixel_y": 1599.0, "easting": 570973.7, "northing": 366294.1, "epsg_source": 22391}}, {"type": "Feature", "geometry": {"type": "Point", "coordinates": [10.68813, 36.59664]}, "properties": {"record_id": "oai:u-bordeaux-montaigne.fr:340416", "symbol_class": "building", "pixel_x": 3386.0, "pixel_y": 1607.2, "easting": 570448.2, "northing": 366299.7, "epsg_source": 22391}}, {"type": "Feature", "geometry": {"type": "Point", "coordinates": [10.63705, 36.60007]}, "properties": {"record_id": "oai:u-bordeaux-montaigne.fr:340416", "symbol_class": "building", "pixel_x": 2321.8, "pixel_y": 1606.9, "easting": 565876.4, "northing": 366644.4, "epsg_source": 22391}}, {"type": "Feature", "geometry": {"type": "Point", "coordinates": [10.73865, 36.59321]}, "properties": {"record_id": "oai:u-bordeaux-montaigne.fr:340416", "symbol_class": "building", "pixel_x": 4438.8, "pixel_y": 1608.1, "easting": 574970.5, "northing": 365956.9, "epsg_source": 22391}}, {"type": "Feature", "geometry": {"type": "Point", "coordinates": [10.6887, 36.59624]}, "properties": {"record_id": "oai:u-bordeaux-montaigne.fr:340416", "symbol_class": "building", "pixel_x": 3398.8, "pixel_y": 1617.0, "easting": 570500.0, "northing": 366255.6, "epsg_source": 22391}}, {"type": "Feature", "geometry": {"type": "Point", "coordinates": [10.90589, 36.58165]}, "properties": {"record_id": "oai:u-bordeaux-montaigne.fr:340416", "symbol_class": "building", "pixel_x": 7924.3, "pixel_y": 1612.0, "easting": 589943.4, "northing": 364816.4, "epsg_source": 22391}}, {"type": "Feature", "geometry": {"type": "Point", "coordinates": [10.81211, 36.58797]}, "properties": {"record_id": "oai:u-bordeaux-montaigne.fr:340416", "symbol_class": "building", "pixel_x": 5970.2, "pixel_y": 1614.8, "easting": 581547.5, "northing": 365435.1, "epsg_source": 22391}}, {"type": "Feature", "geometry": {"type": "Point", "coordinates": [10.61081, 36.60145]}, "properties": {"record_id": "oai:u-bordeaux-montaigne.fr:340416", "symbol_class": "building", "pixel_x": 1775.9, "pixel_y": 1616.7, "easting": 563528.1, "northing": 366780.5, "epsg_source": 22391}}, {"type": "Feature", "geometry": {"type": "Point", "coordinates": [10.80039, 36.5885]}, "properties": {"record_id": "oai:u-bordeaux-montaigne.fr:340416", "symbol_class": "building", "pixel_x": 5726.4, "pixel_y": 1621.9, "easting": 580498.0, "northing": 365484.7, "epsg_source": 22391}}, {"type": "Feature", "geometry": {"type": "Point", "coordinates": [10.81146, 36.5876]}, "properties": {"record_id": "oai:u-bordeaux-montaigne.fr:340416", "symbol_class": "building", "pixel_x": 5957.5, "pixel_y": 1626.0, "easting": 581489.5, "northing": 365393.4, "epsg_source": 22391}}, {"type": "Feature", "geometry": {"type": "Point", "coordinates": [10.80825, 36.58767]}, "properties": {"record_id": "oai:u-bordeaux-montaigne.fr:340416", "symbol_class": "building", "pixel_x": 5890.9, "pixel_y": 1629.9, "easting": 581201.9, "northing": 365398.8, "epsg_source": 22391}}, {"type": "Feature", "geometry": {"type": "Point", "coordinates": [10.58733, 36.60231]}, "properties": {"record_id": "oai:u-bordeaux-montaigne.fr:340416", "symbol_class": "building", "pixel_x": 1288.5, "pixel_y": 1635.4, "easting": 561428.0, "northing": 366860.9, "epsg_source": 22391}}, {"type": "Feature", "geometry": {"type": "Point", "coordinates": [10.67373, 36.59645]}, "properties": {"record_id": "oai:u-bordeaux-montaigne.fr:340416", "symbol_class": "building", "pixel_x": 3088.7, "pixel_y": 1638.2, "easting": 569160.8, "northing": 366268.6, "epsg_source": 22391}}, {"type": "Feature", "geometry": {"type": "Point", "coordinates": [10.8636, 36.58338]}, "properties": {"record_id": "oai:u-bordeaux-montaigne.fr:340416", "symbol_class": "building", "pixel_x": 7045.5, "pixel_y": 1643.5, "easting": 586158.1, "northing": 364970.8, "epsg_source": 22391}}, {"type": "Feature", "geometry": {"type": "Point", "coordinates": [10.86308, 36.58342]}, "properties": {"record_id": "oai:u-bordeaux-montaigne.fr:340416", "symbol_class": "building", "pixel_x": 7034.7, "pixel_y": 1643.5, "easting": 586111.7, "northing": 364974.4, "epsg_source": 22391}}, {"type": "Feature", "geometry": {"type": "Point", "coordinates": [10.59262, 36.60158]}, "properties": {"record_id": "oai:u-bordeaux-montaigne.fr:340416", "symbol_class": "building", "pixel_x": 1399.4, "pixel_y": 1645.6, "easting": 561901.2, "northing": 366783.3, "epsg_source": 22391}}, {"type": "Feature", "geometry": {"type": "Point", "coordinates": [10.86256, 36.5833]}, "properties": {"record_id": "oai:u-bordeaux-montaigne.fr:340416", "symbol_class": "building", "pixel_x": 7024.3, "pixel_y": 1647.7, "easting": 586065.4, "northing": 364960.6, "epsg_source": 22391}}, {"type": "Feature", "geometry": {"type": "Point", "coordinates": [10.58423, 36.60198]}, "properties": {"record_id": "oai:u-bordeaux-montaigne.fr:340416", "symbol_class": "building", "pixel_x": 1225.1, "pixel_y": 1649.8, "easting": 561151.0, "northing": 366822.4, "epsg_source": 22391}}, {"type": "Feature", "geometry": {"type": "Point", "coordinates": [10.85942, 36.58336]}, "properties": {"record_id": "oai:u-bordeaux-montaigne.fr:340416", "symbol_class": "building", "pixel_x": 6959.1, "pixel_y": 1651.8, "easting": 585784.1, "northing": 364964.8, "epsg_source": 22391}}, {"type": "Feature", "geometry": {"type": "Point", "coordinates": [10.8831, 36.58185]}, "properties": {"record_id": "oai:u-bordeaux-montaigne.fr:340416", "symbol_class": "building", "pixel_x": 7452.5, "pixel_y": 1648.7, "easting": 587904.6, "northing": 364818.3, "epsg_source": 22391}}, {"type": "Feature", "geometry": {"type": "Point", "coordinates": [10.58553, 36.60167]}, "properties": {"record_id": "oai:u-bordeaux-montaigne.fr:340416", "symbol_class": "building", "pixel_x": 1252.5, "pixel_y": 1655.8, "easting": 561267.1, "northing": 366788.8, "epsg_source": 22391}}, {"type": "Feature", "geometry": {"type": "Point", "coordinates": [10.57925, 36.60206]}, "properties": {"record_id": "oai:u-bordeaux-montaigne.fr:340416", "symbol_class": "building", "pixel_x": 1121.7, "pixel_y": 1656.4, "easting": 560704.9, "northing": 366828.6, "epsg_source": 22391}}, {"type": "Feature", "geometry": {"type": "Point", "coordinates": [10.73078, 36.59196]}, "properties": {"record_id": "oai:u-bordeaux-montaigne.fr:340416", "symbol_class": "building", "pixel_x": 4278.8, "pixel_y": 1656.0, "easting": 574268.1, "northing": 365812.1, "epsg_source": 22391}}, {"type": "Feature", "geometry": {"type": "Point", "coordinates": [10.86007, 36.58302]}, "properties": {"record_id": "oai:u-bordeaux-montaigne.fr:340416", "symbol_class": "building", "pixel_x": 6973.4, "pixel_y": 1659.8, "easting": 585842.9, "northing": 364927.2, "epsg_source": 22391}}, {"type": "Feature", "geometry": {"type": "Point", "coordinates": [10.78459, 36.58814]}, "properties": {"record_id": "oai:u-bordeaux-montaigne.fr:340416", "symbol_class": "building", "pixel_x": 5400.4, "pixel_y": 1660.8, "easting": 579085.0, "northing": 365430.7, "epsg_source": 22391}}, {"type": "Feature", "geometry": {"type": "Point", "coordinates": [10.5836, 36.60162]}, "properties": {"record_id": "oai:u-bordeaux-montaigne.fr:340416", "symbol_class": "building", "pixel_x": 1212.8, "pixel_y": 1660.6, "easting": 561094.8, "northing": 366782.0, "epsg_source": 22391}}, {"type": "Feature", "geometry": {"type": "Point", "coordinates": [10.82278, 36.5855]}, "properties": {"record_id": "oai:u-bordeaux-montaigne.fr:340416", "symbol_class": "building", "pixel_x": 6196.4, "pixel_y": 1661.6, "easting": 582504.5, "northing": 365170.4, "epsg_source": 22391}}, {"type": "Feature", "geometry": {"type": "Point", "coordinates": [10.85499, 36.58329]}, "properties": {"record_id": "oai:u-bordeaux-montaigne.fr:340416", "symbol_class": "building", "pixel_x": 6867.7, "pixel_y": 1661.9, "easting": 585388.0, "northing": 364952.6, "epsg_source": 22391}}, {"type": "Feature", "geometry": {"type": "Point", "coordinates": [10.57906, 36.60165]}, "properties": {"record_id": "oai:u-bordeaux-montaigne.fr:340416", "symbol_class": "building", "pixel_x": 1118.7, "pixel_y": 1667.8, "easting": 560688.2, "northing": 366783.0, "epsg_source": 22391}}, {"type": "Feature", "geometry": {"type": "Point", "coordinates": [10.65177, 36.59667]}, "properties": {"record_id": "oai:u-bordeaux-montaigne.fr:340416", "symbol_class": "building", "pixel_x": 2633.7, "pixel_y": 1671.7, "easting": 567195.7, "northing": 366278.2, "epsg_source": 22391}}, {"type": "Feature", "geometry": {"type": "Point", "coordinates": [10.57753, 36.60164]}, "properties": {"record_id": "oai:u-bordeaux-montaigne.fr:340416", "symbol_class": "building", "pixel_x": 1087.1, "pixel_y": 1670.8, "easting": 560551.4, "northing": 366780.7, "epsg_source": 22391}}, {"type": "Feature", "geometry": {"type": "Point", "coordinates": [10.8682, 36.58201]}, "properties": {"record_id": "oai:u-bordeaux-montaigne.fr:340416", "symbol_class": "building", "pixel_x": 7143.8, "pixel_y": 1672.0, "easting": 586571.2, "northing": 364822.2, "epsg_source": 22391}}, {"type": "Feature", "geometry": {"type": "Point", "coordinates": [10.86909, 36.58196]}, "properties": {"record_id": "oai:u-bordeaux-montaigne.fr:340416", "symbol_class": "building", "pixel_x": 7162.4, "pixel_y": 1671.6, "easting": 586651.3, "northing": 364818.1, "epsg_source": 22391}}, {"type": "Feature", "geometry": {"type": "Point", "coordinates": [10.71943, 36.59206]}, "properties": {"record_id": "oai:u-bordeaux-montaigne.fr:340416", "symbol_class": "building", "pixel_x": 4043.8, "pixel_y": 1673.7, "easting": 573252.9, "northing": 365815.3, "epsg_source": 22391}}, {"type": "Feature", "geometry": {"type": "Point", "coordinates": [10.66246, 36.59584]}, "properties": {"record_id": "oai:u-bordeaux-montaigne.fr:340416", "symbol_class": "building", "pixel_x": 2856.7, "pixel_y": 1675.0, "easting": 568152.7, "northing": 366193.0, "epsg_source": 22391}}, {"type": "Feature", "geometry": {"type": "Point", "coordinates": [10.57225, 36.60169]}, "properties": {"record_id": "oai:u-bordeaux-montaigne.fr:340416", "symbol_class": "building", "pixel_x": 977.8, "pixel_y": 1678.9, "easting": 560079.3, "northing": 366782.7, "epsg_source": 22391}}, {"type": "Feature", "geometry": {"type": "Point", "coordinates": [10.60055, 36.5997]}, "properties": {"record_id": "oai:u-bordeaux-montaigne.fr:340416", "symbol_class": "building", "pixel_x": 1567.5, "pixel_y": 1682.1, "easting": 562612.0, "northing": 366579.6, "epsg_source": 22391}}, {"type": "Feature", "geometry": {"type": "Point", "coordinates": [10.71444, 36.59213]}, "properties": {"record_id": "oai:u-bordeaux-montaigne.fr:340416", "symbol_class": "building", "pixel_x": 3940.3, "pixel_y": 1680.9, "easting": 572805.8, "northing": 365819.2, "epsg_source": 22391}}, {"type": "Feature", "geometry": {"type": "Point", "coordinates": [10.71516, 36.59208]}, "properties": {"record_id": "oai:u-bordeaux-montaigne.fr:340416", "symbol_class": "building", "pixel_x": 3955.4, "pixel_y": 1680.9, "easting": 572870.6, "northing": 365814.4, "epsg_source": 22391}}, {"type": "Feature", "geometry": {"type": "Point", "coordinates": [10.82959, 36.5842]}, "properties": {"record_id": "oai:u-bordeaux-montaigne.fr:340416", "symbol_class": "building", "pixel_x": 6340.2, "pixel_y": 1684.3, "easting": 583114.9, "northing": 365031.2, "epsg_source": 22391}}, {"type": "Feature", "geometry": {"type": "Point", "coordinates": [10.86123, 36.58207]}, "properties": {"record_id": "oai:u-bordeaux-montaigne.fr:340416", "symbol_class": "building", "pixel_x": 6999.6, "pixel_y": 1683.2, "easting": 585948.1, "northing": 364822.9, "epsg_source": 22391}}, {"type": "Feature", "geometry": {"type": "Point", "coordinates": [10.79564, 36.58634]}, "properties": {"record_id": "oai:u-bordeaux-montaigne.fr:340416", "symbol_class": "building", "pixel_x": 5633.2, "pixel_y": 1688.8, "easting": 580075.9, "northing": 365240.8, "epsg_source": 22391}}, {"type": "Feature", "geometry": {"type": "Point", "coordinates": [10.71071, 36.59213]}, "properties": {"record_id": "oai:u-bordeaux-montaigne.fr:340416", "symbol_class": "building", "pixel_x": 3863.2, "pixel_y": 1687.5, "easting": 572472.6, "northing": 365816.8, "epsg_source": 22391}}, {"type": "Feature", "geometry": {"type": "Point", "coordinates": [10.60217, 36.59913]}, "properties": {"record_id": "oai:u-bordeaux-montaigne.fr:340416", "symbol_class": "building", "pixel_x": 1602.4, "pixel_y": 1694.6, "easting": 562757.6, "northing": 366517.1, "epsg_source": 22391}}, {"type": "Feature", "geometry": {"type": "Point", "coordinates": [10.70843, 36.59215]}, "properties": {"record_id": "oai:u-bordeaux-montaigne.fr:340416", "symbol_class": "building", "pixel_x": 3816.0, "pixel_y": 1691.1, "easting": 572268.8, "northing": 365817.3, "epsg_source": 22391}}, {"type": "Feature", "geometry": {"type": "Point", "coordinates": [10.70599, 36.5922]}, "properties": {"record_id": "oai:u-bordeaux-montaigne.fr:340416", "symbol_class": "building", "pixel_x": 3765.3, "pixel_y": 1694.2, "easting": 572049.8, "northing": 365820.9, "epsg_source": 22391}}, {"type": "Feature", "geometry": {"type": "Point", "coordinates": [10.82933, 36.58358]}, "properties": {"record_id": "oai:u-bordeaux-montaigne.fr:340416", "symbol_class": "building", "pixel_x": 6336.2, "pixel_y": 1701.2, "easting": 583092.2, "northing": 364963.1, "epsg_source": 22391}}, {"type": "Feature", "geometry": {"type": "Point", "coordinates": [10.60319, 36.59866]}, "properties": {"record_id": "oai:u-bordeaux-montaigne.fr:340416", "symbol_class": "building", "pixel_x": 1624.4, "pixel_y": 1705.4, "easting": 562848.8, "northing": 366465.5, "epsg_source": 22391}}, {"type": "Feature", "geometry": {"type": "Point", "coordinates": [10.82807, 36.58364]}, "properties": {"record_id": "oai:u-bordeaux-montaigne.fr:340416", "symbol_class": "building", "pixel_x": 6310.1, "pixel_y": 1702.0, "easting": 582979.8, "northing": 364968.3, "epsg_source": 22391}}, {"type": "Feature", "geometry": {"type": "Point", "coordinates": [10.70222, 36.59221]}, "properties": {"record_id": "oai:u-bordeaux-montaigne.fr:340416", "symbol_class": "building", "pixel_x": 3687.4, "pixel_y": 1701.0, "easting": 571712.8, "northing": 365818.5, "epsg_source": 22391}}, {"type": "Feature", "geometry": {"type": "Point", "coordinates": [10.83376, 36.58329]}, "properties": {"record_id": "oai:u-bordeaux-montaigne.fr:340416", "symbol_class": "building", "pixel_x": 6428.5, "pixel_y": 1701.0, "easting": 583488.9, "northing": 364934.2, "epsg_source": 22391}}, {"type": "Feature", "geometry": {"type": "Point", "coordinates": [10.86254, 36.58115]}, "properties": {"record_id": "oai:u-bordeaux-montaigne.fr:340416", "symbol_class": "building", "pixel_x": 7028.7, "pixel_y": 1705.5, "easting": 586066.0, "northing": 364722.1, "epsg_source": 22391}}, {"type": "Feature", "geometry": {"type": "Point", "coordinates": [10.6994, 36.59221]}, "properties": {"record_id": "oai:u-bordeaux-montaigne.fr:340416", "symbol_class": "building", "pixel_x": 3629.1, "pixel_y": 1706.0, "easting": 571460.8, "northing": 365816.6, "epsg_source": 22391}}, {"type": "Feature", "geometry": {"type": "Point", "coordinates": [10.84569, 36.58223]}, "properties": {"record_id": "oai:u-bordeaux-montaigne.fr:340416", "symbol_class": "building", "pixel_x": 6677.7, "pixel_y": 1707.5, "easting": 584557.5, "northing": 364827.0, "epsg_source": 22391}}, {"type": "Feature", "geometry": {"type": "Point", "coordinates": [10.86279, 36.5808]}, "properties": {"record_id": "oai:u-bordeaux-montaigne.fr:340416", "symbol_class": "building", "pixel_x": 7034.6, "pixel_y": 1714.4, "easting": 586088.5, "northing": 364683.8, "epsg_source": 22391}}, {"type": "Feature", "geometry": {"type": "Point", "coordinates": [10.69071, 36.59227]}, "properties": {"record_id": "oai:u-bordeaux-montaigne.fr:340416", "symbol_class": "building", "pixel_x": 3449.1, "pixel_y": 1720.1, "easting": 570683.3, "northing": 365816.9, "epsg_source": 22391}}, {"type": "Feature", "geometry": {"type": "Point", "coordinates": [10.68836, 36.59231]}, "properties": {"record_id": "oai:u-bordeaux-montaigne.fr:340416", "symbol_class": "building", "pixel_x": 3400.3, "pixel_y": 1723.2, "easting": 570472.6, "northing": 365819.7, "epsg_source": 22391}}, {"type": "Feature", "geometry": {"type": "Point", "coordinates": [10.57412, 36.59966]}, "properties": {"record_id": "oai:u-bordeaux-montaigne.fr:340416", "symbol_class": "building", "pixel_x": 1020.9, "pixel_y": 1730.2, "easting": 560248.3, "northing": 366558.5, "epsg_source": 22391}}, {"type": "Feature", "geometry": {"type": "Point", "coordinates": [10.5834, 36.59903]}, "properties": {"record_id": "oai:u-bordeaux-montaigne.fr:340416", "symbol_class": "building", "pixel_x": 1214.3, "pixel_y": 1730.6, "easting": 561078.9, "northing": 366494.8, "epsg_source": 22391}}, {"type": "Feature", "geometry": {"type": "Point", "coordinates": [10.68494, 36.59233]}, "properties": {"record_id": "oai:u-bordeaux-montaigne.fr:340416", "symbol_class": "building", "pixel_x": 3329.6, "pixel_y": 1728.9, "easting": 570166.8, "northing": 365819.3, "epsg_source": 22391}}, {"type": "Feature", "geometry": {"type": "Point", "coordinates": [10.83235, 36.58235]}, "properties": {"record_id": "oai:u-bordeaux-montaigne.fr:340416", "symbol_class": "building", "pixel_x": 6401.4, "pixel_y": 1728.9, "easting": 583363.5, "northing": 364828.5, "epsg_source": 22391}}, {"type": "Feature", "geometry": {"type": "Point", "coordinates": [10.8624, 36.58021]}, "properties": {"record_id": "oai:u-bordeaux-montaigne.fr:340416", "symbol_class": "building", "pixel_x": 7028.0, "pixel_y": 1731.1, "easting": 586054.8, "northing": 364617.6, "epsg_source": 22391}}, {"type": "Feature", "geometry": {"type": "Point", "coordinates": [10.59071, 36.59842]}, "properties": {"record_id": "oai:u-bordeaux-montaigne.fr:340416", "symbol_class": "building", "pixel_x": 1366.8, "pixel_y": 1733.9, "easting": 561732.9, "northing": 366431.8, "epsg_source": 22391}}, {"type": "Feature", "geometry": {"type": "Point", "coordinates": [10.68358, 36.59231]}, "properties": {"record_id": "oai:u-bordeaux-montaigne.fr:340416", "symbol_class": "building", "pixel_x": 3301.6, "pixel_y": 1731.9, "easting": 570045.8, "northing": 365816.2, "epsg_source": 22391}}, {"type": "Feature", "geometry": {"type": "Point", "coordinates": [10.68262, 36.59233]}, "properties": {"record_id": "oai:u-bordeaux-montaigne.fr:340416", "symbol_class": "building", "pixel_x": 3281.7, "pixel_y": 1733.0, "easting": 569959.8, "northing": 365818.0, "epsg_source": 22391}}, {"type": "Feature", "geometry": {"type": "Point", "coordinates": [10.68116, 36.59233]}, "properties": {"record_id": "oai:u-bordeaux-montaigne.fr:340416", "symbol_class": "building", "pixel_x": 3251.5, "pixel_y": 1735.5, "easting": 569829.3, "northing": 365817.5, "epsg_source": 22391}}, {"type": "Feature", "geometry": {"type": "Point", "coordinates": [10.86308, 36.57982]}, "properties": {"record_id": "oai:u-bordeaux-montaigne.fr:340416", "symbol_class": "building", "pixel_x": 7042.8, "pixel_y": 1740.3, "easting": 586115.5, "northing": 364574.9, "epsg_source": 22391}}, {"type": "Feature", "geometry": {"type": "Point", "coordinates": [10.67688, 36.59237]}, "properties": {"record_id": "oai:u-bordeaux-montaigne.fr:340416", "symbol_class": "building", "pixel_x": 3162.7, "pixel_y": 1742.4, "easting": 569445.6, "northing": 365817.8, "epsg_source": 22391}}, {"type": "Feature", "geometry": {"type": "Point", "coordinates": [10.85779, 36.57984]}, "properties": {"record_id": "oai:u-bordeaux-montaigne.fr:340416", "symbol_class": "building", "pixel_x": 6933.4, "pixel_y": 1749.5, "easting": 585642.3, "northing": 364572.6, "epsg_source": 22391}}, {"type": "Feature", "geometry": {"type": "Point", "coordinates": [10.63284, 36.59495]}, "properties": {"record_id": "oai:u-bordeaux-montaigne.fr:340416", "symbol_class": "building", "pixel_x": 2246.0, "pixel_y": 1752.2, "easting": 565504.3, "northing": 366073.6, "epsg_source": 22391}}, {"type": "Feature", "geometry": {"type": "Point", "coordinates": [10.63247, 36.59478]}, "properties": {"record_id": "oai:u-bordeaux-montaigne.fr:340416", "symbol_class": "building", "pixel_x": 2238.6, "pixel_y": 1757.2, "easting": 565471.1, "northing": 366055.4, "epsg_source": 22391}}, {"type": "Feature", "geometry": {"type": "Point", "coordinates": [10.86222, 36.57922]}, "properties": {"record_id": "oai:u-bordeaux-montaigne.fr:340416", "symbol_class": "building", "pixel_x": 7026.5, "pixel_y": 1758.1, "easting": 586039.7, "northing": 364507.2, "epsg_source": 22391}}, {"type": "Feature", "geometry": {"type": "Point", "coordinates": [10.6657, 36.59244]}, "properties": {"record_id": "oai:u-bordeaux-montaigne.fr:340416", "symbol_class": "building", "pixel_x": 2931.3, "pixel_y": 1760.6, "easting": 568445.7, "northing": 365817.8, "epsg_source": 22391}}, {"type": "Feature", "geometry": {"type": "Point", "coordinates": [10.77511, 36.58482]}, "properties": {"record_id": "oai:u-bordeaux-montaigne.fr:340416", "symbol_class": "building", "pixel_x": 5211.7, "pixel_y": 1767.1, "easting": 578240.4, "northing": 365055.6, "epsg_source": 22391}}, {"type": "Feature", "geometry": {"type": "Point", "coordinates": [10.66021, 36.59245]}, "properties": {"record_id": "oai:u-bordeaux-montaigne.fr:340416", "symbol_class": "building", "pixel_x": 2817.7, "pixel_y": 1770.0, "easting": 567954.6, "northing": 365816.0, "epsg_source": 22391}}, {"type": "Feature", "geometry": {"type": "Point", "coordinates": [10.85713, 36.57884]}, "properties": {"record_id": "oai:u-bordeaux-montaigne.fr:340416", "symbol_class": "building", "pixel_x": 6921.9, "pixel_y": 1777.7, "easting": 585584.2, "northing": 364460.7, "epsg_source": 22391}}, {"type": "Feature", "geometry": {"type": "Point", "coordinates": [10.86123, 36.57812]}, "properties": {"record_id": "oai:u-bordeaux-montaigne.fr:340416", "symbol_class": "building", "pixel_x": 7008.5, "pixel_y": 1789.5, "easting": 585952.3, "northing": 364384.4, "epsg_source": 22391}}, {"type": "Feature", "geometry": {"type": "Point", "coordinates": [10.6475, 36.59255]}, "properties": {"record_id": "oai:u-bordeaux-montaigne.fr:340416", "symbol_class": "building", "pixel_x": 2554.5, "pixel_y": 1790.2, "easting": 566817.6, "northing": 365818.3, "epsg_source": 22391}}, {"type": "Feature", "geometry": {"type": "Point", "coordinates": [10.74289, 36.58591]}, "properties": {"record_id": "oai:u-bordeaux-montaigne.fr:340416", "symbol_class": "building", "pixel_x": 4542.8, "pixel_y": 1796.5, "easting": 575357.2, "northing": 365151.1, "epsg_source": 22391}}, {"type": "Feature", "geometry": {"type": "Point", "coordinates": [10.6444, 36.59256]}, "properties": {"record_id": "oai:u-bordeaux-montaigne.fr:340416", "symbol_class": "building", "pixel_x": 2490.4, "pixel_y": 1795.6, "easting": 566540.5, "northing": 365816.8, "epsg_source": 22391}}, {"type": "Feature", "geometry": {"type": "Point", "coordinates": [10.61004, 36.59464]}, "properties": {"record_id": "oai:u-bordeaux-montaigne.fr:340416", "symbol_class": "building", "pixel_x": 1774.9, "pixel_y": 1801.2, "easting": 563464.9, "northing": 366024.3, "epsg_source": 22391}}, {"type": "Feature", "geometry": {"type": "Point", "coordinates": [10.7442, 36.5857]}, "properties": {"record_id": "oai:u-bordeaux-montaigne.fr:340416", "symbol_class": "building", "pixel_x": 4570.3, "pixel_y": 1799.7, "easting": 575474.6, "northing": 365129.1, "epsg_source": 22391}}, {"type": "Feature", "geometry": {"type": "Point", "coordinates": [10.64097, 36.59265]}, "properties": {"record_id": "oai:u-bordeaux-montaigne.fr:340416", "symbol_class": "building", "pixel_x": 2419.2, "pixel_y": 1799.3, "easting": 566233.1, "northing": 365824.4, "epsg_source": 22391}}, {"type": "Feature", "geometry": {"type": "Point", "coordinates": [10.64201, 36.59259]}, "properties": {"record_id": "oai:u-bordeaux-montaigne.fr:340416", "symbol_class": "building", "pixel_x": 2440.9, "pixel_y": 1799.0, "easting": 566326.8, "northing": 365818.7, "epsg_source": 22391}}, {"type": "Feature", "geometry": {"type": "Point", "coordinates": [10.85753, 36.57777]}, "properties": {"record_id": "oai:u-bordeaux-montaigne.fr:340416", "symbol_class": "building", "pixel_x": 6932.8, "pixel_y": 1805.8, "easting": 585622.0, "northing": 364342.1, "epsg_source": 22391}}, {"type": "Feature", "geometry": {"type": "Point", "coordinates": [10.74338, 36.58553]}, "properties": {"record_id": "oai:u-bordeaux-montaigne.fr:340416", "symbol_class": "building", "pixel_x": 4553.7, "pixel_y": 1805.9, "easting": 575401.2, "northing": 365109.1, "epsg_source": 22391}}, {"type": "Feature", "geometry": {"type": "Point", "coordinates": [10.63764, 36.59261]}, "properties": {"record_id": "oai:u-bordeaux-montaigne.fr:340416", "symbol_class": "building", "pixel_x": 2350.4, "pixel_y": 1806.4, "easting": 565935.4, "northing": 365817.7, "epsg_source": 22391}}, {"type": "Feature", "geometry": {"type": "Point", "coordinates": [10.63588, 36.59264]}, "properties": {"record_id": "oai:u-bordeaux-montaigne.fr:340416", "symbol_class": "building", "pixel_x": 2314.1, "pixel_y": 1808.6, "easting": 565778.6, "northing": 365820.2, "epsg_source": 22391}}, {"type": "Feature", "geometry": {"type": "Point", "coordinates": [10.85797, 36.5776]}, "properties": {"record_id": "oai:u-bordeaux-montaigne.fr:340416", "symbol_class": "building", "pixel_x": 6942.2, "pixel_y": 1809.5, "easting": 585660.9, "northing": 364324.0, "epsg_source": 22391}}, {"type": "Feature", "geometry": {"type": "Point", "coordinates": [10.7799, 36.58283]}, "properties": {"record_id": "oai:u-bordeaux-montaigne.fr:340416", "symbol_class": "building", "pixel_x": 5315.4, "pixel_y": 1811.9, "easting": 578671.4, "northing": 364838.8, "epsg_source": 22391}}, {"type": "Feature", "geometry": {"type": "Point", "coordinates": [10.74318, 36.5851]}, "properties": {"record_id": "oai:u-bordeaux-montaigne.fr:340416", "symbol_class": "building", "pixel_x": 4550.6, "pixel_y": 1817.8, "easting": 575384.0, "northing": 365061.4, "epsg_source": 22391}}, {"type": "Feature", "geometry": {"type": "Point", "coordinates": [10.59718, 36.5948]}, "properties": {"record_id": "oai:u-bordeaux-montaigne.fr:340416", "symbol_class": "building", "pixel_x": 1508.6, "pixel_y": 1819.8, "easting": 562314.6, "northing": 366034.1, "epsg_source": 22391}}, {"type": "Feature", "geometry": {"type": "Point", "coordinates": [10.84802, 36.57772]}, "properties": {"record_id": "oai:u-bordeaux-montaigne.fr:340416", "symbol_class": "building", "pixel_x": 6736.1, "pixel_y": 1824.5, "easting": 584771.0, "northing": 364328.9, "epsg_source": 22391}}, {"type": "Feature", "geometry": {"type": "Point", "coordinates": [10.58507, 36.59499]}, "properties": {"record_id": "oai:u-bordeaux-montaigne.fr:340416", "symbol_class": "building", "pixel_x": 1257.7, "pixel_y": 1836.2, "easting": 561231.5, "northing": 366047.7, "epsg_source": 22391}}, {"type": "Feature", "geometry": {"type": "Point", "coordinates": [10.58601, 36.59469]}, "properties": {"record_id": "oai:u-bordeaux-montaigne.fr:340416", "symbol_class": "building", "pixel_x": 1277.7, "pixel_y": 1842.8, "easting": 561315.3, "northing": 366014.5, "epsg_source": 22391}}, {"type": "Feature", "geometry": {"type": "Point", "coordinates": [10.58838, 36.59455]}, "properties": {"record_id": "oai:u-bordeaux-montaigne.fr:340416", "symbol_class": "building", "pixel_x": 1327.0, "pixel_y": 1842.3, "easting": 561527.2, "northing": 366000.5, "epsg_source": 22391}}, {"type": "Feature", "geometry": {"type": "Point", "coordinates": [10.84819, 36.57709]}, "properties": {"record_id": "oai:u-bordeaux-montaigne.fr:340416", "symbol_class": "building", "pixel_x": 6741.1, "pixel_y": 1841.0, "easting": 584787.0, "northing": 364259.4, "epsg_source": 22391}}, {"type": "Feature", "geometry": {"type": "Point", "coordinates": [10.76213, 36.58296]}, "properties": {"record_id": "oai:u-bordeaux-montaigne.fr:340416", "symbol_class": "building", "pixel_x": 4947.3, "pixel_y": 1840.9, "easting": 577080.9, "northing": 364838.7, "epsg_source": 22391}}, {"type": "Feature", "geometry": {"type": "Point", "coordinates": [10.61497, 36.59272]}, "properties": {"record_id": "oai:u-bordeaux-montaigne.fr:340416", "symbol_class": "building", "pixel_x": 1881.1, "pixel_y": 1844.0, "easting": 563907.4, "northing": 365814.8, "epsg_source": 22391}}, {"type": "Feature", "geometry": {"type": "Point", "coordinates": [10.60642, 36.5931]}, "properties": {"record_id": "oai:u-bordeaux-montaigne.fr:340416", "symbol_class": "building", "pixel_x": 1703.3, "pixel_y": 1849.0, "easting": 563142.1, "northing": 365851.6, "epsg_source": 22391}}, {"type": "Feature", "geometry": {"type": "Point", "coordinates": [10.8628, 36.57586]}, "properties": {"record_id": "oai:u-bordeaux-montaigne.fr:340416", "symbol_class": "building", "pixel_x": 7046.1, "pixel_y": 1847.4, "easting": 586095.5, "northing": 364135.1, "epsg_source": 22391}}, {"type": "Feature", "geometry": {"type": "Point", "coordinates": [10.6132, 36.59276]}, "properties": {"record_id": "oai:u-bordeaux-montaigne.fr:340416", "symbol_class": "building", "pixel_x": 1844.5, "pixel_y": 1846.2, "easting": 563749.4, "northing": 365817.7, "epsg_source": 22391}}, {"type": "Feature", "geometry": {"type": "Point", "coordinates": [10.90533, 36.57293]}, "properties": {"record_id": "oai:u-bordeaux-montaigne.fr:340416", "symbol_class": "building", "pixel_x": 7932.6, "pixel_y": 1847.4, "easting": 589903.8, "northing": 363849.0, "epsg_source": 22391}}, {"type": "Feature", "geometry": {"type": "Point", "coordinates": [10.75387, 36.58303]}, "properties": {"record_id": "oai:u-bordeaux-montaigne.fr:340416", "symbol_class": "building", "pixel_x": 4776.3, "pixel_y": 1854.0, "easting": 576342.0, "northing": 364840.0, "epsg_source": 22391}}, {"type": "Feature", "geometry": {"type": "Point", "coordinates": [10.58569, 36.59405]}, "properties": {"record_id": "oai:u-bordeaux-montaigne.fr:340416", "symbol_class": "building", "pixel_x": 1272.5, "pixel_y": 1860.6, "easting": 561287.6, "northing": 365943.0, "epsg_source": 22391}}, {"type": "Feature", "geometry": {"type": "Point", "coordinates": [10.84467, 36.57661]}, "properties": {"record_id": "oai:u-bordeaux-montaigne.fr:340416", "symbol_class": "building", "pixel_x": 6669.2, "pixel_y": 1860.5, "easting": 584472.1, "northing": 364202.8, "epsg_source": 22391}}, {"type": "Feature", "geometry": {"type": "Point", "coordinates": [10.74945, 36.58306]}, "properties": {"record_id": "oai:u-bordeaux-montaigne.fr:340416", "symbol_class": "building", "pixel_x": 4684.7, "pixel_y": 1861.4, "easting": 575946.4, "northing": 364839.2, "epsg_source": 22391}}, {"type": "Feature", "geometry": {"type": "Point", "coordinates": [10.74701, 36.58307]}, "properties": {"record_id": "oai:u-bordeaux-montaigne.fr:340416", "symbol_class": "building", "pixel_x": 4634.2, "pixel_y": 1865.4, "easting": 575728.0, "northing": 364839.3, "epsg_source": 22391}}, {"type": "Feature", "geometry": {"type": "Point", "coordinates": [10.73406, 36.58389]}, "properties": {"record_id": "oai:u-bordeaux-montaigne.fr:340416", "symbol_class": "building", "pixel_x": 4364.5, "pixel_y": 1867.0, "easting": 574568.8, "northing": 364919.6, "epsg_source": 22391}}, {"type": "Feature", "geometry": {"type": "Point", "coordinates": [10.73484, 36.58377]}, "properties": {"record_id": "oai:u-bordeaux-montaigne.fr:340416", "symbol_class": "building", "pixel_x": 4381.0, "pixel_y": 1868.8, "easting": 574639.3, "northing": 364907.0, "epsg_source": 22391}}, {"type": "Feature", "geometry": {"type": "Point", "coordinates": [10.79739, 36.57947]}, "properties": {"record_id": "oai:u-bordeaux-montaigne.fr:340416", "symbol_class": "building", "pixel_x": 5684.7, "pixel_y": 1870.5, "easting": 580239.3, "northing": 364479.5, "epsg_source": 22391}}, {"type": "Feature", "geometry": {"type": "Point", "coordinates": [10.7451, 36.58312]}, "properties": {"record_id": "oai:u-bordeaux-montaigne.fr:340416", "symbol_class": "building", "pixel_x": 4594.6, "pixel_y": 1867.7, "easting": 575557.0, "northing": 364842.6, "epsg_source": 22391}}, {"type": "Feature", "geometry": {"type": "Point", "coordinates": [10.74559, 36.58309]}, "properties": {"record_id": "oai:u-bordeaux-montaigne.fr:340416", "symbol_class": "building", "pixel_x": 4604.8, "pixel_y": 1867.5, "easting": 575600.9, "northing": 364840.2, "epsg_source": 22391}}, {"type": "Feature", "geometry": {"type": "Point", "coordinates": [10.59447, 36.59284]}, "properties": {"record_id": "oai:u-bordeaux-montaigne.fr:340416", "symbol_class": "building", "pixel_x": 1456.8, "pixel_y": 1877.5, "easting": 562073.7, "northing": 365814.5, "epsg_source": 22391}}, {"type": "Feature", "geometry": {"type": "Point", "coordinates": [10.88494, 36.57314]}, "properties": {"record_id": "oai:u-bordeaux-montaigne.fr:340416", "symbol_class": "building", "pixel_x": 7510.3, "pixel_y": 1879.5, "easting": 588079.2, "northing": 363853.5, "epsg_source": 22391}}, {"type": "Feature", "geometry": {"type": "Point", "coordinates": [10.86322, 36.57451]}, "properties": {"record_id": "oai:u-bordeaux-montaigne.fr:340416", "symbol_class": "building", "pixel_x": 7057.8, "pixel_y": 1882.9, "easting": 586134.2, "northing": 363985.7, "epsg_source": 22391}}, {"type": "Feature", "geometry": {"type": "Point", "coordinates": [10.85281, 36.57508]}, "properties": {"record_id": "oai:u-bordeaux-montaigne.fr:340416", "symbol_class": "building", "pixel_x": 6841.2, "pixel_y": 1886.7, "easting": 585202.7, "northing": 364040.0, "epsg_source": 22391}}, {"type": "Feature", "geometry": {"type": "Point", "coordinates": [10.85087, 36.57512]}, "properties": {"record_id": "oai:u-bordeaux-montaigne.fr:340416", "symbol_class": "building", "pixel_x": 6800.9, "pixel_y": 1889.2, "easting": 585028.5, "northing": 364042.9, "epsg_source": 22391}}, {"type": "Feature", "geometry": {"type": "Point", "coordinates": [10.86285, 36.57431]}, "properties": {"record_id": "oai:u-bordeaux-montaigne.fr:340416", "symbol_class": "building", "pixel_x": 7050.7, "pixel_y": 1889.0, "easting": 586101.6, "northing": 363963.0, "epsg_source": 22391}}, {"type": "Feature", "geometry": {"type": "Point", "coordinates": [10.73244, 36.58318]}, "properties": {"record_id": "oai:u-bordeaux-montaigne.fr:340416", "symbol_class": "building", "pixel_x": 4332.6, "pixel_y": 1888.9, "easting": 574424.8, "northing": 364840.2, "epsg_source": 22391}}, {"type": "Feature", "geometry": {"type": "Point", "coordinates": [10.85338, 36.57491]}, "properties": {"record_id": "oai:u-bordeaux-montaigne.fr:340416", "symbol_class": "building", "pixel_x": 6853.4, "pixel_y": 1890.3, "easting": 585253.7, "northing": 364021.4, "epsg_source": 22391}}, {"type": "Feature", "geometry": {"type": "Point", "coordinates": [10.85159, 36.5749]}, "properties": {"record_id": "oai:u-bordeaux-montaigne.fr:340416", "symbol_class": "building", "pixel_x": 6816.3, "pixel_y": 1893.8, "easting": 585093.2, "northing": 364019.1, "epsg_source": 22391}}, {"type": "Feature", "geometry": {"type": "Point", "coordinates": [10.7316, 36.58317]}, "properties": {"record_id": "oai:u-bordeaux-montaigne.fr:340416", "symbol_class": "building", "pixel_x": 4315.3, "pixel_y": 1890.7, "easting": 574349.7, "northing": 364838.2, "epsg_source": 22391}}, {"type": "Feature", "geometry": {"type": "Point", "coordinates": [10.82536, 36.5767]}, "properties": {"record_id": "oai:u-bordeaux-montaigne.fr:340416", "symbol_class": "building", "pixel_x": 6269.6, "pixel_y": 1893.5, "easting": 582744.8, "northing": 364196.4, "epsg_source": 22391}}, {"type": "Feature", "geometry": {"type": "Point", "coordinates": [10.73037, 36.58321]}, "properties": {"record_id": "oai:u-bordeaux-montaigne.fr:340416", "symbol_class": "building", "pixel_x": 4289.7, "pixel_y": 1892.0, "easting": 574239.4, "northing": 364841.2, "epsg_source": 22391}}, {"type": "Feature", "geometry": {"type": "Point", "coordinates": [10.854, 36.57478]}, "properties": {"record_id": "oai:u-bordeaux-montaigne.fr:340416", "symbol_class": "building", "pixel_x": 6866.4, "pixel_y": 1892.7, "easting": 585309.0, "northing": 364007.3, "epsg_source": 22391}}, {"type": "Feature", "geometry": {"type": "Point", "coordinates": [10.5842, 36.59291]}, "properties": {"record_id": "oai:u-bordeaux-montaigne.fr:340416", "symbol_class": "building", "pixel_x": 1244.1, "pixel_y": 1893.8, "easting": 561154.6, "northing": 365816.2, "epsg_source": 22391}}, {"type": "Feature", "geometry": {"type": "Point", "coordinates": [10.72866, 36.5832]}, "properties": {"record_id": "oai:u-bordeaux-montaigne.fr:340416", "symbol_class": "building", "pixel_x": 4254.3, "pixel_y": 1895.1, "easting": 574086.3, "northing": 364839.8, "epsg_source": 22391}}, {"type": "Feature", "geometry": {"type": "Point", "coordinates": [10.85217, 36.57474]}, "properties": {"record_id": "oai:u-bordeaux-montaigne.fr:340416", "symbol_class": "building", "pixel_x": 6828.7, "pixel_y": 1897.0, "easting": 585145.5, "northing": 364001.8, "epsg_source": 22391}}, {"type": "Feature", "geometry": {"type": "Point", "coordinates": [10.72585, 36.58323]}, "properties": {"record_id": "oai:u-bordeaux-montaigne.fr:340416", "symbol_class": "building", "pixel_x": 4196.1, "pixel_y": 1899.6, "easting": 573834.7, "northing": 364840.4, "epsg_source": 22391}}, {"type": "Feature", "geometry": {"type": "Point", "coordinates": [10.85272, 36.57457]}, "properties": {"record_id": "oai:u-bordeaux-montaigne.fr:340416", "symbol_class": "building", "pixel_x": 6840.4, "pixel_y": 1900.6, "easting": 585194.7, "northing": 363983.4, "epsg_source": 22391}}, {"type": "Feature", "geometry": {"type": "Point", "coordinates": [10.85342, 36.5744]}, "properties": {"record_id": "oai:u-bordeaux-montaigne.fr:340416", "symbol_class": "building", "pixel_x": 6855.2, "pixel_y": 1903.8, "easting": 585257.1, "northing": 363965.3, "epsg_source": 22391}}, {"type": "Feature", "geometry": {"type": "Point", "coordinates": [10.72274, 36.58325]}, "properties": {"record_id": "oai:u-bordeaux-montaigne.fr:340416", "symbol_class": "building", "pixel_x": 4131.7, "pixel_y": 1904.8, "easting": 573556.7, "northing": 364839.9, "epsg_source": 22391}}, {"type": "Feature", "geometry": {"type": "Point", "coordinates": [10.71973, 36.58329]}, "properties": {"record_id": "oai:u-bordeaux-montaigne.fr:340416", "symbol_class": "building", "pixel_x": 4069.3, "pixel_y": 1909.0, "easting": 573287.1, "northing": 364842.8, "epsg_source": 22391}}, {"type": "Feature", "geometry": {"type": "Point", "coordinates": [10.57181, 36.59297]}, "properties": {"record_id": "oai:u-bordeaux-montaigne.fr:340416", "symbol_class": "building", "pixel_x": 987.6, "pixel_y": 1914.3, "easting": 560046.6, "northing": 365814.9, "epsg_source": 22391}}, {"type": "Feature", "geometry": {"type": "Point", "coordinates": [10.85844, 36.57341]}, "properties": {"record_id": "oai:u-bordeaux-montaigne.fr:340416", "symbol_class": "building", "pixel_x": 6961.3, "pixel_y": 1921.2, "easting": 585707.6, "northing": 363860.0, "epsg_source": 22391}}, {"type": "Feature", "geometry": {"type": "Point", "coordinates": [10.85898, 36.57335]}, "properties": {"record_id": "oai:u-bordeaux-montaigne.fr:340416", "symbol_class": "building", "pixel_x": 6972.6, "pixel_y": 1921.8, "easting": 585756.0, "northing": 363853.6, "epsg_source": 22391}}, {"type": "Feature", "geometry": {"type": "Point", "coordinates": [10.85765, 36.57331]}, "properties": {"record_id": "oai:u-bordeaux-montaigne.fr:340416", "symbol_class": "building", "pixel_x": 6945.2, "pixel_y": 1925.5, "easting": 585637.2, "northing": 363847.5, "epsg_source": 22391}}, {"type": "Feature", "geometry": {"type": "Point", "coordinates": [10.70498, 36.58346]}, "properties": {"record_id": "oai:u-bordeaux-montaigne.fr:340416", "symbol_class": "building", "pixel_x": 3763.9, "pixel_y": 1931.3, "easting": 571967.9, "northing": 364849.9, "epsg_source": 22391}}, {"type": "Feature", "geometry": {"type": "Point", "coordinates": [10.70307, 36.58345]}, "properties": {"record_id": "oai:u-bordeaux-montaigne.fr:340416", "symbol_class": "building", "pixel_x": 3724.3, "pixel_y": 1935.0, "easting": 571796.8, "northing": 364847.4, "epsg_source": 22391}}, {"type": "Feature", "geometry": {"type": "Point", "coordinates": [10.6037, 36.58992]}, "properties": {"record_id": "oai:u-bordeaux-montaigne.fr:340416", "symbol_class": "building", "pixel_x": 1654.2, "pixel_y": 1939.4, "easting": 562901.9, "northing": 365497.0, "epsg_source": 22391}}, {"type": "Feature", "geometry": {"type": "Point", "coordinates": [10.58867, 36.591]}, "properties": {"record_id": "oai:u-bordeaux-montaigne.fr:340416", "symbol_class": "building", "pixel_x": 1340.7, "pixel_y": 1937.3, "easting": 561555.9, "northing": 365606.6, "epsg_source": 22391}}, {"type": "Feature", "geometry": {"type": "Point", "coordinates": [10.66683, 36.58571]}, "properties": {"record_id": "oai:u-bordeaux-montaigne.fr:340416", "symbol_class": "building", "pixel_x": 2969.5, "pixel_y": 1939.5, "easting": 568552.7, "northing": 365072.4, "epsg_source": 22391}}, {"type": "Feature", "geometry": {"type": "Point", "coordinates": [10.84429, 36.5735]}, "properties": {"record_id": "oai:u-bordeaux-montaigne.fr:340416", "symbol_class": "building", "pixel_x": 6668.4, "pixel_y": 1945.0, "easting": 584441.4, "northing": 363856.8, "epsg_source": 22391}}, {"type": "Feature", "geometry": {"type": "Point", "coordinates": [10.8607, 36.5722]}, "properties": {"record_id": "oai:u-bordeaux-montaigne.fr:340416", "symbol_class": "building", "pixel_x": 7010.9, "pixel_y": 1949.6, "easting": 585911.4, "northing": 363727.4, "epsg_source": 22391}}, {"type": "Feature", "geometry": {"type": "Point", "coordinates": [10.85557, 36.57259]}, "properties": {"record_id": "oai:u-bordeaux-montaigne.fr:340416", "symbol_class": "building", "pixel_x": 6903.9, "pixel_y": 1948.4, "easting": 585452.0, "northing": 363766.8, "epsg_source": 22391}}, {"type": "Feature", "geometry": {"type": "Point", "coordinates": [10.62046, 36.58841]}, "properties": {"record_id": "oai:u-bordeaux-montaigne.fr:340416", "symbol_class": "building", "pixel_x": 2004.2, "pixel_y": 1950.1, "easting": 564402.2, "northing": 365340.4, "epsg_source": 22391}}, {"type": "Feature", "geometry": {"type": "Point", "coordinates": [10.85837, 36.57194]}, "properties": {"record_id": "oai:u-bordeaux-montaigne.fr:340416", "symbol_class": "building", "pixel_x": 6963.2, "pixel_y": 1960.9, "easting": 585702.8, "northing": 363696.5, "epsg_source": 22391}}, {"type": "Feature", "geometry": {"type": "Point", "coordinates": [10.68738, 36.58353]}, "properties": {"record_id": "oai:u-bordeaux-montaigne.fr:340416", "symbol_class": "building", "pixel_x": 3399.5, "pixel_y": 1961.0, "easting": 570393.1, "northing": 364845.6, "epsg_source": 22391}}, {"type": "Feature", "geometry": {"type": "Point", "coordinates": [10.62897, 36.58719]}, "properties": {"record_id": "oai:u-bordeaux-montaigne.fr:340416", "symbol_class": "building", "pixel_x": 2182.9, "pixel_y": 1967.7, "easting": 565164.3, "northing": 365210.5, "epsg_source": 22391}}, {"type": "Feature", "geometry": {"type": "Point", "coordinates": [10.8278, 36.57367]}, "properties": {"record_id": "oai:u-bordeaux-montaigne.fr:340416", "symbol_class": "building", "pixel_x": 6326.8, "pixel_y": 1970.6, "easting": 582965.8, "northing": 363862.0, "epsg_source": 22391}}, {"type": "Feature", "geometry": {"type": "Point", "coordinates": [10.58573, 36.58971]}, "properties": {"record_id": "oai:u-bordeaux-montaigne.fr:340416", "symbol_class": "building", "pixel_x": 1282.8, "pixel_y": 1977.2, "easting": 561294.6, "northing": 365462.0, "epsg_source": 22391}}, {"type": "Feature", "geometry": {"type": "Point", "coordinates": [10.58477, 36.58962]}, "properties": {"record_id": "oai:u-bordeaux-montaigne.fr:340416", "symbol_class": "building", "pixel_x": 1263.2, "pixel_y": 1981.2, "easting": 561208.8, "northing": 365452.0, "epsg_source": 22391}}, {"type": "Feature", "geometry": {"type": "Point", "coordinates": [10.82784, 36.57305]}, "properties": {"record_id": "oai:u-bordeaux-montaigne.fr:340416", "symbol_class": "building", "pixel_x": 6329.1, "pixel_y": 1987.1, "easting": 582970.4, "northing": 363793.7, "epsg_source": 22391}}, {"type": "Feature", "geometry": {"type": "Point", "coordinates": [10.58498, 36.58936]}, "properties": {"record_id": "oai:u-bordeaux-montaigne.fr:340416", "symbol_class": "building", "pixel_x": 1267.9, "pixel_y": 1987.9, "easting": 561227.1, "northing": 365422.7, "epsg_source": 22391}}, {"type": "Feature", "geometry": {"type": "Point", "coordinates": [10.58439, 36.58933]}, "properties": {"record_id": "oai:u-bordeaux-montaigne.fr:340416", "symbol_class": "building", "pixel_x": 1255.8, "pixel_y": 1989.8, "easting": 561174.6, "northing": 365419.1, "epsg_source": 22391}}, {"type": "Feature", "geometry": {"type": "Point", "coordinates": [10.84328, 36.57176]}, "properties": {"record_id": "oai:u-bordeaux-montaigne.fr:340416", "symbol_class": "building", "pixel_x": 6651.5, "pixel_y": 1993.5, "easting": 584353.5, "northing": 363663.3, "epsg_source": 22391}}, {"type": "Feature", "geometry": {"type": "Point", "coordinates": [10.66339, 36.58366]}, "properties": {"record_id": "oai:u-bordeaux-montaigne.fr:340416", "symbol_class": "building", "pixel_x": 2903.0, "pixel_y": 2000.9, "easting": 568247.2, "northing": 364842.3, "epsg_source": 22391}}, {"type": "Feature", "geometry": {"type": "Point", "coordinates": [10.81765, 36.57282]}, "properties": {"record_id": "oai:u-bordeaux-montaigne.fr:340416", "symbol_class": "building", "pixel_x": 6118.8, "pixel_y": 2012.1, "easting": 582059.1, "northing": 363759.2, "epsg_source": 22391}}, {"type": "Feature", "geometry": {"type": "Point", "coordinates": [10.65653, 36.58374]}, "properties": {"record_id": "oai:u-bordeaux-montaigne.fr:340416", "symbol_class": "building", "pixel_x": 2760.9, "pixel_y": 2011.1, "easting": 567633.5, "northing": 364846.4, "epsg_source": 22391}}, {"type": "Feature", "geometry": {"type": "Point", "coordinates": [10.65566, 36.58367]}, "properties": {"record_id": "oai:u-bordeaux-montaigne.fr:340416", "symbol_class": "building", "pixel_x": 2743.0, "pixel_y": 2014.5, "easting": 567555.7, "northing": 364838.1, "epsg_source": 22391}}, {"type": "Feature", "geometry": {"type": "Point", "coordinates": [10.65348, 36.58373]}, "properties": {"record_id": "oai:u-bordeaux-montaigne.fr:340416", "symbol_class": "building", "pixel_x": 2697.8, "pixel_y": 2016.7, "easting": 567360.6, "northing": 364843.8, "epsg_source": 22391}}, {"type": "Feature", "geometry": {"type": "Point", "coordinates": [10.76322, 36.57632]}, "properties": {"record_id": "oai:u-bordeaux-montaigne.fr:340416", "symbol_class": "building", "pixel_x": 4984.8, "pixel_y": 2017.4, "easting": 577185.5, "northing": 364103.1, "epsg_source": 22391}}, {"type": "Feature", "geometry": {"type": "Point", "coordinates": [10.65214, 36.58374]}, "properties": {"record_id": "oai:u-bordeaux-montaigne.fr:340416", "symbol_class": "building", "pixel_x": 2669.9, "pixel_y": 2018.8, "easting": 567240.4, "northing": 364843.9, "epsg_source": 22391}}, {"type": "Feature", "geometry": {"type": "Point", "coordinates": [10.65156, 36.58375]}, "properties": {"record_id": "oai:u-bordeaux-montaigne.fr:340416", "symbol_class": "building", "pixel_x": 2658.0, "pixel_y": 2019.8, "easting": 567188.8, "northing": 364843.9, "epsg_source": 22391}}, {"type": "Feature", "geometry": {"type": "Point", "coordinates": [10.64874, 36.58374]}, "properties": {"record_id": "oai:u-bordeaux-montaigne.fr:340416", "symbol_class": "building", "pixel_x": 2599.5, "pixel_y": 2025.1, "easting": 566935.8, "northing": 364840.8, "epsg_source": 22391}}, {"type": "Feature", "geometry": {"type": "Point", "coordinates": [10.70622, 36.57905]}, "properties": {"record_id": "oai:u-bordeaux-montaigne.fr:340416", "symbol_class": "building", "pixel_x": 3799.2, "pixel_y": 2047.6, "easting": 572082.7, "northing": 364361.6, "epsg_source": 22391}}, {"type": "Feature", "geometry": {"type": "Point", "coordinates": [10.63359, 36.58385]}, "properties": {"record_id": "oai:u-bordeaux-montaigne.fr:340416", "symbol_class": "building", "pixel_x": 2285.8, "pixel_y": 2049.3, "easting": 565580.3, "northing": 364842.8, "epsg_source": 22391}}, {"type": "Feature", "geometry": {"type": "Point", "coordinates": [10.57385, 36.5875]}, "properties": {"record_id": "oai:u-bordeaux-montaigne.fr:340416", "symbol_class": "building", "pixel_x": 1041.8, "pixel_y": 2057.8, "easting": 560233.2, "northing": 365209.2, "epsg_source": 22391}}, {"type": "Feature", "geometry": {"type": "Point", "coordinates": [10.69158, 36.5796]}, "properties": {"record_id": "oai:u-bordeaux-montaigne.fr:340416", "symbol_class": "building", "pixel_x": 3495.2, "pixel_y": 2059.1, "easting": 570772.7, "northing": 364412.9, "epsg_source": 22391}}, {"type": "Feature", "geometry": {"type": "Point", "coordinates": [10.57343, 36.58738]}, "properties": {"record_id": "oai:u-bordeaux-montaigne.fr:340416", "symbol_class": "building", "pixel_x": 1033.4, "pixel_y": 2061.6, "easting": 560196.0, "northing": 365196.4, "epsg_source": 22391}}, {"type": "Feature", "geometry": {"type": "Point", "coordinates": [10.64247, 36.58272]}, "properties": {"record_id": "oai:u-bordeaux-montaigne.fr:340416", "symbol_class": "building", "pixel_x": 2472.0, "pixel_y": 2063.6, "easting": 566375.8, "northing": 364724.2, "epsg_source": 22391}}, {"type": "Feature", "geometry": {"type": "Point", "coordinates": [10.64546, 36.58221]}, "properties": {"record_id": "oai:u-bordeaux-montaigne.fr:340416", "symbol_class": "building", "pixel_x": 2535.1, "pixel_y": 2072.1, "easting": 566644.1, "northing": 364669.1, "epsg_source": 22391}}, {"type": "Feature", "geometry": {"type": "Point", "coordinates": [10.64526, 36.58202]}, "properties": {"record_id": "oai:u-bordeaux-montaigne.fr:340416", "symbol_class": "building", "pixel_x": 2531.4, "pixel_y": 2077.6, "easting": 566626.5, "northing": 364647.7, "epsg_source": 22391}}, {"type": "Feature", "geometry": {"type": "Point", "coordinates": [10.85886, 36.56739]}, "properties": {"record_id": "oai:u-bordeaux-montaigne.fr:340416", "symbol_class": "building", "pixel_x": 6983.6, "pixel_y": 2082.2, "easting": 585752.1, "northing": 363192.7, "epsg_source": 22391}}, {"type": "Feature", "geometry": {"type": "Point", "coordinates": [10.57813, 36.58627]}, "properties": {"record_id": "oai:u-bordeaux-montaigne.fr:340416", "symbol_class": "building", "pixel_x": 1133.0, "pixel_y": 2083.1, "easting": 560617.2, "northing": 365076.2, "epsg_source": 22391}}, {"type": "Feature", "geometry": {"type": "Point", "coordinates": [10.64584, 36.5817]}, "properties": {"record_id": "oai:u-bordeaux-montaigne.fr:340416", "symbol_class": "building", "pixel_x": 2544.0, "pixel_y": 2085.2, "easting": 566678.1, "northing": 364612.5, "epsg_source": 22391}}, {"type": "Feature", "geometry": {"type": "Point", "coordinates": [10.90678, 36.56415]}, "properties": {"record_id": "oai:u-bordeaux-montaigne.fr:340416", "symbol_class": "building", "pixel_x": 7982.5, "pixel_y": 2080.9, "easting": 590043.8, "northing": 362876.1, "epsg_source": 22391}}, {"type": "Feature", "geometry": {"type": "Point", "coordinates": [10.57715, 36.58591]}, "properties": {"record_id": "oai:u-bordeaux-montaigne.fr:340416", "symbol_class": "building", "pixel_x": 1113.5, "pixel_y": 2094.6, "easting": 560529.8, "northing": 365035.5, "epsg_source": 22391}}, {"type": "Feature", "geometry": {"type": "Point", "coordinates": [10.59775, 36.58407]}, "properties": {"record_id": "oai:u-bordeaux-montaigne.fr:340416", "symbol_class": "building", "pixel_x": 1543.8, "pixel_y": 2107.3, "easting": 562374.2, "northing": 364844.4, "epsg_source": 22391}}, {"type": "Feature", "geometry": {"type": "Point", "coordinates": [10.59645, 36.58406]}, "properties": {"record_id": "oai:u-bordeaux-montaigne.fr:340416", "symbol_class": "building", "pixel_x": 1517.0, "pixel_y": 2110.0, "easting": 562258.2, "northing": 364842.1, "epsg_source": 22391}}, {"type": "Feature", "geometry": {"type": "Point", "coordinates": [10.59294, 36.58408]}, "properties": {"record_id": "oai:u-bordeaux-montaigne.fr:340416", "symbol_class": "building", "pixel_x": 1444.2, "pixel_y": 2115.6, "easting": 561943.6, "northing": 364842.6, "epsg_source": 22391}}, {"type": "Feature", "geometry": {"type": "Point", "coordinates": [10.57485, 36.58509]}, "properties": {"record_id": "oai:u-bordeaux-montaigne.fr:340416", "symbol_class": "building", "pixel_x": 1067.7, "pixel_y": 2120.9, "easting": 560324.5, "northing": 364942.6, "epsg_source": 22391}}, {"type": "Feature", "geometry": {"type": "Point", "coordinates": [10.80143, 36.56987]}, "properties": {"record_id": "oai:u-bordeaux-montaigne.fr:340416", "symbol_class": "building", "pixel_x": 5789.7, "pixel_y": 2121.0, "easting": 580610.3, "northing": 363418.9, "epsg_source": 22391}}, {"type": "Feature", "geometry": {"type": "Point", "coordinates": [10.57393, 36.58504]}, "properties": {"record_id": "oai:u-bordeaux-montaigne.fr:340416", "symbol_class": "building", "pixel_x": 1048.8, "pixel_y": 2123.7, "easting": 560242.5, "northing": 364936.9, "epsg_source": 22391}}, {"type": "Feature", "geometry": {"type": "Point", "coordinates": [10.58952, 36.5841]}, "properties": {"record_id": "oai:u-bordeaux-montaigne.fr:340416", "symbol_class": "building", "pixel_x": 1373.3, "pixel_y": 2121.4, "easting": 561637.4, "northing": 364841.6, "epsg_source": 22391}}, {"type": "Feature", "geometry": {"type": "Point", "coordinates": [10.64635, 36.5803]}, "properties": {"record_id": "oai:u-bordeaux-montaigne.fr:340416", "symbol_class": "building", "pixel_x": 2557.7, "pixel_y": 2121.8, "easting": 566725.2, "northing": 364458.1, "epsg_source": 22391}}, {"type": "Feature", "geometry": {"type": "Point", "coordinates": [10.58852, 36.58414]}, "properties": {"record_id": "oai:u-bordeaux-montaigne.fr:340416", "symbol_class": "building", "pixel_x": 1352.7, "pixel_y": 2122.1, "easting": 561548.4, "northing": 364845.7, "epsg_source": 22391}}, {"type": "Feature", "geometry": {"type": "Point", "coordinates": [10.58515, 36.5841]}, "properties": {"record_id": "oai:u-bordeaux-montaigne.fr:340416", "symbol_class": "building", "pixel_x": 1283.0, "pixel_y": 2129.1, "easting": 561246.6, "northing": 364839.2, "epsg_source": 22391}}, {"type": "Feature", "geometry": {"type": "Point", "coordinates": [10.61229, 36.58227]}, "properties": {"record_id": "oai:u-bordeaux-montaigne.fr:340416", "symbol_class": "building", "pixel_x": 1848.7, "pixel_y": 2129.7, "easting": 563676.7, "northing": 364654.3, "epsg_source": 22391}}, {"type": "Feature", "geometry": {"type": "Point", "coordinates": [10.87556, 36.56443]}, "properties": {"record_id": "oai:u-bordeaux-montaigne.fr:340416", "symbol_class": "building", "pixel_x": 7335.8, "pixel_y": 2131.0, "easting": 587249.5, "northing": 362879.2, "epsg_source": 22391}}, {"type": "Feature", "geometry": {"type": "Point", "coordinates": [10.80147, 36.56942]}, "properties": {"record_id": "oai:u-bordeaux-montaigne.fr:340416", "symbol_class": "building", "pixel_x": 5791.4, "pixel_y": 2133.1, "easting": 580614.1, "northing": 363368.9, "epsg_source": 22391}}, {"type": "Feature", "geometry": {"type": "Point", "coordinates": [10.58063, 36.58413]}, "properties": {"record_id": "oai:u-bordeaux-montaigne.fr:340416", "symbol_class": "building", "pixel_x": 1189.4, "pixel_y": 2136.3, "easting": 560842.3, "northing": 364840.2, "epsg_source": 22391}}, {"type": "Feature", "geometry": {"type": "Point", "coordinates": [10.57313, 36.58448]}, "properties": {"record_id": "oai:u-bordeaux-montaigne.fr:340416", "symbol_class": "building", "pixel_x": 1033.5, "pixel_y": 2140.2, "easting": 560171.4, "northing": 364874.3, "epsg_source": 22391}}, {"type": "Feature", "geometry": {"type": "Point", "coordinates": [10.57917, 36.58415]}, "properties": {"record_id": "oai:u-bordeaux-montaigne.fr:340416", "symbol_class": "building", "pixel_x": 1159.1, "pixel_y": 2138.3, "easting": 560711.7, "northing": 364841.7, "epsg_source": 22391}}, {"type": "Feature", "geometry": {"type": "Point", "coordinates": [10.69007, 36.57656]}, "properties": {"record_id": "oai:u-bordeaux-montaigne.fr:340416", "symbol_class": "building", "pixel_x": 3470.7, "pixel_y": 2143.5, "easting": 570640.5, "northing": 364074.5, "epsg_source": 22391}}, {"type": "Feature", "geometry": {"type": "Point", "coordinates": [10.69212, 36.57657]}, "properties": {"record_id": "oai:u-bordeaux-montaigne.fr:340416", "symbol_class": "building", "pixel_x": 3513.0, "pixel_y": 2139.8, "easting": 570823.4, "northing": 364076.3, "epsg_source": 22391}}, {"type": "Feature", "geometry": {"type": "Point", "coordinates": [10.57798, 36.58416]}, "properties": {"record_id": "oai:u-bordeaux-montaigne.fr:340416", "symbol_class": "building", "pixel_x": 1134.4, "pixel_y": 2140.1, "easting": 560605.0, "northing": 364842.0, "epsg_source": 22391}}, {"type": "Feature", "geometry": {"type": "Point", "coordinates": [10.69161, 36.57656]}, "properties": {"record_id": "oai:u-bordeaux-montaigne.fr:340416", "symbol_class": "building", "pixel_x": 3502.4, "pixel_y": 2140.8, "easting": 570777.9, "northing": 364075.4, "epsg_source": 22391}}, {"type": "Feature", "geometry": {"type": "Point", "coordinates": [10.57693, 36.58416]}, "properties": {"record_id": "oai:u-bordeaux-montaigne.fr:340416", "symbol_class": "building", "pixel_x": 1112.8, "pixel_y": 2142.0, "easting": 560511.3, "northing": 364841.5, "epsg_source": 22391}}, {"type": "Feature", "geometry": {"type": "Point", "coordinates": [10.69265, 36.57646]}, "properties": {"record_id": "oai:u-bordeaux-montaigne.fr:340416", "symbol_class": "building", "pixel_x": 3524.3, "pixel_y": 2141.8, "easting": 570871.5, "northing": 364064.5, "epsg_source": 22391}}, {"type": "Feature", "geometry": {"type": "Point", "coordinates": [10.8013, 36.56907]}, "properties": {"record_id": "oai:u-bordeaux-montaigne.fr:340416", "symbol_class": "building", "pixel_x": 5788.8, "pixel_y": 2142.9, "easting": 580599.7, "northing": 363329.3, "epsg_source": 22391}}, {"type": "Feature", "geometry": {"type": "Point", "coordinates": [10.57242, 36.58422]}, "properties": {"record_id": "oai:u-bordeaux-montaigne.fr:340416", "symbol_class": "building", "pixel_x": 1019.4, "pixel_y": 2148.4, "easting": 560108.3, "northing": 364845.4, "epsg_source": 22391}}, {"type": "Feature", "geometry": {"type": "Point", "coordinates": [10.57177, 36.58409]}, "properties": {"record_id": "oai:u-bordeaux-montaigne.fr:340416", "symbol_class": "building", "pixel_x": 1006.2, "pixel_y": 2153.2, "easting": 560050.1, "northing": 364830.0, "epsg_source": 22391}}, {"type": "Feature", "geometry": {"type": "Point", "coordinates": [10.64877, 36.57903]}, "properties": {"record_id": "oai:u-bordeaux-montaigne.fr:340416", "symbol_class": "building", "pixel_x": 2610.5, "pixel_y": 2151.7, "easting": 566942.7, "northing": 364318.6, "epsg_source": 22391}}, {"type": "Feature", "geometry": {"type": "Point", "coordinates": [10.80252, 36.56854]}, "properties": {"record_id": "oai:u-bordeaux-montaigne.fr:340416", "symbol_class": "building", "pixel_x": 5815.3, "pixel_y": 2154.9, "easting": 580709.6, "northing": 363271.6, "epsg_source": 22391}}, {"type": "Feature", "geometry": {"type": "Point", "coordinates": [10.85785, 36.56463]}, "properties": {"record_id": "oai:u-bordeaux-montaigne.fr:340416", "symbol_class": "building", "pixel_x": 6969.0, "pixel_y": 2158.4, "easting": 585664.9, "northing": 362885.2, "epsg_source": 22391}}, {"type": "Feature", "geometry": {"type": "Point", "coordinates": [10.70872, 36.57469]}, "properties": {"record_id": "oai:u-bordeaux-montaigne.fr:340416", "symbol_class": "building", "pixel_x": 3860.6, "pixel_y": 2160.2, "easting": 572310.5, "northing": 363880.3, "epsg_source": 22391}}, {"type": "Feature", "geometry": {"type": "Point", "coordinates": [10.57223, 36.58357]}, "properties": {"record_id": "oai:u-bordeaux-montaigne.fr:340416", "symbol_class": "building", "pixel_x": 1016.7, "pixel_y": 2166.4, "easting": 560091.1, "northing": 364772.3, "epsg_source": 22391}}, {"type": "Feature", "geometry": {"type": "Point", "coordinates": [10.85231, 36.56468]}, "properties": {"record_id": "oai:u-bordeaux-montaigne.fr:340416", "symbol_class": "building", "pixel_x": 6854.3, "pixel_y": 2167.4, "easting": 585169.1, "northing": 362885.4, "epsg_source": 22391}}, {"type": "Feature", "geometry": {"type": "Point", "coordinates": [10.84928, 36.56471]}, "properties": {"record_id": "oai:u-bordeaux-montaigne.fr:340416", "symbol_class": "building", "pixel_x": 6791.5, "pixel_y": 2172.0, "easting": 584898.0, "northing": 362886.7, "epsg_source": 22391}}, {"type": "Feature", "geometry": {"type": "Point", "coordinates": [10.84785, 36.56473]}, "properties": {"record_id": "oai:u-bordeaux-montaigne.fr:340416", "symbol_class": "building", "pixel_x": 6761.7, "pixel_y": 2174.1, "easting": 584769.2, "northing": 362887.8, "epsg_source": 22391}}, {"type": "Feature", "geometry": {"type": "Point", "coordinates": [10.69867, 36.57475]}, "properties": {"record_id": "oai:u-bordeaux-montaigne.fr:340416", "symbol_class": "building", "pixel_x": 3652.6, "pixel_y": 2176.9, "easting": 571411.6, "northing": 363879.0, "epsg_source": 22391}}, {"type": "Feature", "geometry": {"type": "Point", "coordinates": [10.84659, 36.56472]}, "properties": {"record_id": "oai:u-bordeaux-montaigne.fr:340416", "symbol_class": "building", "pixel_x": 6735.8, "pixel_y": 2176.8, "easting": 584656.9, "northing": 362885.3, "epsg_source": 22391}}, {"type": "Feature", "geometry": {"type": "Point", "coordinates": [10.84456, 36.56475]}, "properties": {"record_id": "oai:u-bordeaux-montaigne.fr:340416", "symbol_class": "building", "pixel_x": 6693.7, "pixel_y": 2179.7, "easting": 584475.2, "northing": 362886.9, "epsg_source": 22391}}, {"type": "Feature", "geometry": {"type": "Point", "coordinates": [10.83978, 36.56483]}, "properties": {"record_id": "oai:u-bordeaux-montaigne.fr:340416", "symbol_class": "building", "pixel_x": 6594.6, "pixel_y": 2186.3, "easting": 584047.5, "northing": 362891.8, "epsg_source": 22391}}, {"type": "Feature", "geometry": {"type": "Point", "coordinates": [10.80921, 36.56676]}, "properties": {"record_id": "oai:u-bordeaux-montaigne.fr:340416", "symbol_class": "building", "pixel_x": 5957.6, "pixel_y": 2190.6, "easting": 581309.6, "northing": 363079.7, "epsg_source": 22391}}, {"type": "Feature", "geometry": {"type": "Point", "coordinates": [10.69164, 36.57479]}, "properties": {"record_id": "oai:u-bordeaux-montaigne.fr:340416", "symbol_class": "building", "pixel_x": 3507.0, "pixel_y": 2188.5, "easting": 570782.3, "northing": 363878.5, "epsg_source": 22391}}, {"type": "Feature", "geometry": {"type": "Point", "coordinates": [10.83745, 36.56485]}, "properties": {"record_id": "oai:u-bordeaux-montaigne.fr:340416", "symbol_class": "building", "pixel_x": 6546.2, "pixel_y": 2190.1, "easting": 583838.6, "northing": 362891.6, "epsg_source": 22391}}, {"type": "Feature", "geometry": {"type": "Point", "coordinates": [10.67264, 36.5758]}, "properties": {"record_id": "oai:u-bordeaux-montaigne.fr:340416", "symbol_class": "building", "pixel_x": 3111.6, "pixel_y": 2195.4, "easting": 569081.6, "northing": 363977.7, "epsg_source": 22391}}, {"type": "Feature", "geometry": {"type": "Point", "coordinates": [10.8363, 36.56483]}, "properties": {"record_id": "oai:u-bordeaux-montaigne.fr:340416", "symbol_class": "building", "pixel_x": 6522.6, "pixel_y": 2192.7, "easting": 583736.0, "northing": 362888.5, "epsg_source": 22391}}, {"type": "Feature", "geometry": {"type": "Point", "coordinates": [10.83485, 36.56483]}, "properties": {"record_id": "oai:u-bordeaux-montaigne.fr:340416", "symbol_class": "building", "pixel_x": 6492.6, "pixel_y": 2195.3, "easting": 583606.6, "northing": 362887.7, "epsg_source": 22391}}, {"type": "Feature", "geometry": {"type": "Point", "coordinates": [10.80774, 36.5666]}, "properties": {"record_id": "oai:u-bordeaux-montaigne.fr:340416", "symbol_class": "building", "pixel_x": 5927.5, "pixel_y": 2197.5, "easting": 581178.0, "northing": 363060.9, "epsg_source": 22391}}, {"type": "Feature", "geometry": {"type": "Point", "coordinates": [10.82931, 36.56491]}, "properties": {"record_id": "oai:u-bordeaux-montaigne.fr:340416", "symbol_class": "building", "pixel_x": 6377.8, "pixel_y": 2203.5, "easting": 583110.7, "northing": 362891.2, "epsg_source": 22391}}, {"type": "Feature", "geometry": {"type": "Point", "coordinates": [10.82776, 36.56492]}, "properties": {"record_id": "oai:u-bordeaux-montaigne.fr:340416", "symbol_class": "building", "pixel_x": 6345.7, "pixel_y": 2205.9, "easting": 582971.8, "northing": 362891.5, "epsg_source": 22391}}, {"type": "Feature", "geometry": {"type": "Point", "coordinates": [10.68057, 36.57486]}, "properties": {"record_id": "oai:u-bordeaux-montaigne.fr:340416", "symbol_class": "building", "pixel_x": 3277.8, "pixel_y": 2206.5, "easting": 569791.8, "northing": 363878.8, "epsg_source": 22391}}, {"type": "Feature", "geometry": {"type": "Point", "coordinates": [10.6173, 36.57897]}, "properties": {"record_id": "oai:u-bordeaux-montaigne.fr:340416", "symbol_class": "building", "pixel_x": 1959.5, "pixel_y": 2209.7, "easting": 564127.5, "northing": 364290.8, "epsg_source": 22391}}, {"type": "Feature", "geometry": {"type": "Point", "coordinates": [10.67487, 36.57489]}, "properties": {"record_id": "oai:u-bordeaux-montaigne.fr:340416", "symbol_class": "building", "pixel_x": 3159.7, "pixel_y": 2216.0, "easting": 569281.3, "northing": 363877.8, "epsg_source": 22391}}, {"type": "Feature", "geometry": {"type": "Point", "coordinates": [10.61037, 36.57906]}, "properties": {"record_id": "oai:u-bordeaux-montaigne.fr:340416", "symbol_class": "building", "pixel_x": 1815.9, "pixel_y": 2219.6, "easting": 563507.1, "northing": 364296.4, "epsg_source": 22391}}, {"type": "Feature", "geometry": {"type": "Point", "coordinates": [10.81757, 36.56501]}, "properties": {"record_id": "oai:u-bordeaux-montaigne.fr:340416", "symbol_class": "building", "pixel_x": 6134.6, "pixel_y": 2222.2, "easting": 582059.7, "northing": 362893.0, "epsg_source": 22391}}, {"type": "Feature", "geometry": {"type": "Point", "coordinates": [10.8406, 36.56322]}, "properties": {"record_id": "oai:u-bordeaux-montaigne.fr:340416", "symbol_class": "building", "pixel_x": 6615.2, "pixel_y": 2228.2, "easting": 584122.8, "northing": 362713.3, "epsg_source": 22391}}, {"type": "Feature", "geometry": {"type": "Point", "coordinates": [10.67884, 36.57391]}, "properties": {"record_id": "oai:u-bordeaux-montaigne.fr:340416", "symbol_class": "building", "pixel_x": 3244.0, "pixel_y": 2235.2, "easting": 569637.4, "northing": 363772.1, "epsg_source": 22391}}, {"type": "Feature", "geometry": {"type": "Point", "coordinates": [10.84028, 36.56302]}, "properties": {"record_id": "oai:u-bordeaux-montaigne.fr:340416", "symbol_class": "building", "pixel_x": 6609.1, "pixel_y": 2234.2, "easting": 584094.4, "northing": 362690.8, "epsg_source": 22391}}, {"type": "Feature", "geometry": {"type": "Point", "coordinates": [10.57396, 36.58075]}, "properties": {"record_id": "oai:u-bordeaux-montaigne.fr:340416", "symbol_class": "building", "pixel_x": 1058.8, "pixel_y": 2239.1, "easting": 560248.4, "northing": 364461.0, "epsg_source": 22391}}, {"type": "Feature", "geometry": {"type": "Point", "coordinates": [10.80698, 36.56514]}, "properties": {"record_id": "oai:u-bordeaux-montaigne.fr:340416", "symbol_class": "building", "pixel_x": 5915.2, "pixel_y": 2238.2, "easting": 581112.2, "northing": 362898.1, "epsg_source": 22391}}, {"type": "Feature", "geometry": {"type": "Point", "coordinates": [10.84056, 36.56283]}, "properties": {"record_id": "oai:u-bordeaux-montaigne.fr:340416", "symbol_class": "building", "pixel_x": 6615.3, "pixel_y": 2238.6, "easting": 584119.7, "northing": 362670.4, "epsg_source": 22391}}, {"type": "Feature", "geometry": {"type": "Point", "coordinates": [10.61891, 36.57753]}, "properties": {"record_id": "oai:u-bordeaux-montaigne.fr:340416", "symbol_class": "building", "pixel_x": 1996.0, "pixel_y": 2245.5, "easting": 564272.7, "northing": 364132.1, "epsg_source": 22391}}, {"type": "Feature", "geometry": {"type": "Point", "coordinates": [10.57462, 36.58022]}, "properties": {"record_id": "oai:u-bordeaux-montaigne.fr:340416", "symbol_class": "building", "pixel_x": 1073.5, "pixel_y": 2252.2, "easting": 560307.4, "northing": 364402.2, "epsg_source": 22391}}, {"type": "Feature", "geometry": {"type": "Point", "coordinates": [10.74157, 36.56897]}, "properties": {"record_id": "oai:u-bordeaux-montaigne.fr:340416", "symbol_class": "building", "pixel_x": 4553.0, "pixel_y": 2254.6, "easting": 575254.9, "northing": 363270.3, "epsg_source": 22391}}, {"type": "Feature", "geometry": {"type": "Point", "coordinates": [10.79578, 36.56521]}, "properties": {"record_id": "oai:u-bordeaux-montaigne.fr:340416", "symbol_class": "building", "pixel_x": 5683.2, "pixel_y": 2256.7, "easting": 580109.8, "northing": 362897.0, "epsg_source": 22391}}, {"type": "Feature", "geometry": {"type": "Point", "coordinates": [10.62997, 36.57615]}, "properties": {"record_id": "oai:u-bordeaux-montaigne.fr:340416", "symbol_class": "building", "pixel_x": 2227.8, "pixel_y": 2262.9, "easting": 565263.0, "northing": 363986.4, "epsg_source": 22391}}, {"type": "Feature", "geometry": {"type": "Point", "coordinates": [10.68838, 36.57213]}, "properties": {"record_id": "oai:u-bordeaux-montaigne.fr:340416", "symbol_class": "building", "pixel_x": 3445.5, "pixel_y": 2266.0, "easting": 570493.3, "northing": 363580.9, "epsg_source": 22391}}, {"type": "Feature", "geometry": {"type": "Point", "coordinates": [10.57712, 36.57905]}, "properties": {"record_id": "oai:u-bordeaux-montaigne.fr:340416", "symbol_class": "building", "pixel_x": 1127.9, "pixel_y": 2279.1, "easting": 560532.7, "northing": 364274.5, "epsg_source": 22391}}, {"type": "Feature", "geometry": {"type": "Point", "coordinates": [10.77745, 36.56536]}, "properties": {"record_id": "oai:u-bordeaux-montaigne.fr:340416", "symbol_class": "building", "pixel_x": 5303.6, "pixel_y": 2286.3, "easting": 578469.4, "northing": 362898.1, "epsg_source": 22391}}, {"type": "Feature", "geometry": {"type": "Point", "coordinates": [10.59977, 36.57705]}, "properties": {"record_id": "oai:u-bordeaux-montaigne.fr:340416", "symbol_class": "building", "pixel_x": 1600.8, "pixel_y": 2292.6, "easting": 562560.1, "northing": 364066.6, "epsg_source": 22391}}, {"type": "Feature", "geometry": {"type": "Point", "coordinates": [10.6687, 36.57257]}, "properties": {"record_id": "oai:u-bordeaux-montaigne.fr:340416", "symbol_class": "building", "pixel_x": 3037.1, "pixel_y": 2289.4, "easting": 568731.4, "northing": 363616.6, "epsg_source": 22391}}, {"type": "Feature", "geometry": {"type": "Point", "coordinates": [10.77582, 36.56537]}, "properties": {"record_id": "oai:u-bordeaux-montaigne.fr:340416", "symbol_class": "building", "pixel_x": 5269.8, "pixel_y": 2288.9, "easting": 578323.2, "northing": 362898.4, "epsg_source": 22391}}, {"type": "Feature", "geometry": {"type": "Point", "coordinates": [10.7742, 36.56536]}, "properties": {"record_id": "oai:u-bordeaux-montaigne.fr:340416", "symbol_class": "building", "pixel_x": 5236.4, "pixel_y": 2292.1, "easting": 578178.7, "northing": 362896.3, "epsg_source": 22391}}, {"type": "Feature", "geometry": {"type": "Point", "coordinates": [10.76762, 36.56543]}, "properties": {"record_id": "oai:u-bordeaux-montaigne.fr:340416", "symbol_class": "building", "pixel_x": 5099.9, "pixel_y": 2302.4, "easting": 577589.2, "northing": 362897.8, "epsg_source": 22391}}, {"type": "Feature", "geometry": {"type": "Point", "coordinates": [10.61926, 36.5752]}, "properties": {"record_id": "oai:u-bordeaux-montaigne.fr:340416", "symbol_class": "building", "pixel_x": 2008.2, "pixel_y": 2307.5, "easting": 564305.3, "northing": 363874.1, "epsg_source": 22391}}, {"type": "Feature", "geometry": {"type": "Point", "coordinates": [10.57761, 36.57776]}, "properties": {"record_id": "oai:u-bordeaux-montaigne.fr:340416", "symbol_class": "building", "pixel_x": 1140.9, "pixel_y": 2313.0, "easting": 560577.5, "northing": 364131.4, "epsg_source": 22391}}, {"type": "Feature", "geometry": {"type": "Point", "coordinates": [10.61175, 36.57521]}, "properties": {"record_id": "oai:u-bordeaux-montaigne.fr:340416", "symbol_class": "building", "pixel_x": 1852.9, "pixel_y": 2320.6, "easting": 563633.9, "northing": 363870.7, "epsg_source": 22391}}, {"type": "Feature", "geometry": {"type": "Point", "coordinates": [10.75626, 36.56552]}, "properties": {"record_id": "oai:u-bordeaux-montaigne.fr:340416", "symbol_class": "building", "pixel_x": 4864.7, "pixel_y": 2320.7, "easting": 576572.7, "northing": 362899.0, "epsg_source": 22391}}, {"type": "Feature", "geometry": {"type": "Point", "coordinates": [10.7061, 36.56868]}, "properties": {"record_id": "oai:u-bordeaux-montaigne.fr:340416", "symbol_class": "building", "pixel_x": 3819.7, "pixel_y": 2326.6, "easting": 572081.6, "northing": 363211.6, "epsg_source": 22391}}, {"type": "Feature", "geometry": {"type": "Point", "coordinates": [10.75515, 36.5655]}, "properties": {"record_id": "oai:u-bordeaux-montaigne.fr:340416", "symbol_class": "building", "pixel_x": 4841.8, "pixel_y": 2323.0, "easting": 576473.5, "northing": 362896.8, "epsg_source": 22391}}, {"type": "Feature", "geometry": {"type": "Point", "coordinates": [10.70571, 36.56851]}, "properties": {"record_id": "oai:u-bordeaux-montaigne.fr:340416", "symbol_class": "building", "pixel_x": 3811.9, "pixel_y": 2331.8, "easting": 572046.5, "northing": 363192.8, "epsg_source": 22391}}, {"type": "Feature", "geometry": {"type": "Point", "coordinates": [10.60528, 36.57524]}, "properties": {"record_id": "oai:u-bordeaux-montaigne.fr:340416", "symbol_class": "building", "pixel_x": 1718.8, "pixel_y": 2331.3, "easting": 563054.5, "northing": 363869.9, "epsg_source": 22391}}, {"type": "Feature", "geometry": {"type": "Point", "coordinates": [10.73751, 36.56621]}, "properties": {"record_id": "oai:u-bordeaux-montaigne.fr:340416", "symbol_class": "building", "pixel_x": 4475.2, "pixel_y": 2336.1, "easting": 574894.7, "northing": 362961.4, "epsg_source": 22391}}, {"type": "Feature", "geometry": {"type": "Point", "coordinates": [10.89564, 36.55549]}, "properties": {"record_id": "oai:u-bordeaux-montaigne.fr:340416", "symbol_class": "building", "pixel_x": 7771.5, "pixel_y": 2334.3, "easting": 589056.3, "northing": 361905.3, "epsg_source": 22391}}, {"type": "Feature", "geometry": {"type": "Point", "coordinates": [10.74292, 36.56566]}, "properties": {"record_id": "oai:u-bordeaux-montaigne.fr:340416", "symbol_class": "building", "pixel_x": 4588.3, "pixel_y": 2341.0, "easting": 575379.0, "northing": 362904.8, "epsg_source": 22391}}, {"type": "Feature", "geometry": {"type": "Point", "coordinates": [10.64716, 36.57185]}, "properties": {"record_id": "oai:u-bordeaux-montaigne.fr:340416", "symbol_class": "building", "pixel_x": 2593.0, "pixel_y": 2347.7, "easting": 566804.7, "northing": 363521.1, "epsg_source": 22391}}, {"type": "Feature", "geometry": {"type": "Point", "coordinates": [10.58906, 36.57533]}, "properties": {"record_id": "oai:u-bordeaux-montaigne.fr:340416", "symbol_class": "building", "pixel_x": 1383.0, "pixel_y": 2358.1, "easting": 561603.3, "northing": 363868.6, "epsg_source": 22391}}, {"type": "Feature", "geometry": {"type": "Point", "coordinates": [10.8377, 36.55844]}, "properties": {"record_id": "oai:u-bordeaux-montaigne.fr:340416", "symbol_class": "building", "pixel_x": 6565.9, "pixel_y": 2361.8, "easting": 583868.0, "northing": 362181.5, "epsg_source": 22391}}, {"type": "Feature", "geometry": {"type": "Point", "coordinates": [10.7281, 36.56573]}, "properties": {"record_id": "oai:u-bordeaux-montaigne.fr:340416", "symbol_class": "building", "pixel_x": 4281.4, "pixel_y": 2366.1, "easting": 574052.6, "northing": 362900.7, "epsg_source": 22391}}, {"type": "Feature", "geometry": {"type": "Point", "coordinates": [10.58278, 36.57536]}, "properties": {"record_id": "oai:u-bordeaux-montaigne.fr:340416", "symbol_class": "building", "pixel_x": 1253.0, "pixel_y": 2368.5, "easting": 561041.5, "northing": 363867.9, "epsg_source": 22391}}, {"type": "Feature", "geometry": {"type": "Point", "coordinates": [10.87326, 36.55567]}, "properties": {"record_id": "oai:u-bordeaux-montaigne.fr:340416", "symbol_class": "building", "pixel_x": 7308.0, "pixel_y": 2370.9, "easting": 587053.4, "northing": 361905.0, "epsg_source": 22391}}, {"type": "Feature", "geometry": {"type": "Point", "coordinates": [10.58003, 36.57538]}, "properties": {"record_id": "oai:u-bordeaux-montaigne.fr:340416", "symbol_class": "building", "pixel_x": 1196.1, "pixel_y": 2372.7, "easting": 560795.9, "northing": 363869.0, "epsg_source": 22391}}, {"type": "Feature", "geometry": {"type": "Point", "coordinates": [10.87229, 36.55569]}, "properties": {"record_id": "oai:u-bordeaux-montaigne.fr:340416", "symbol_class": "building", "pixel_x": 7287.9, "pixel_y": 2372.1, "easting": 586966.4, "northing": 361906.4, "epsg_source": 22391}}, {"type": "Feature", "geometry": {"type": "Point", "coordinates": [10.72333, 36.56576]}, "properties": {"record_id": "oai:u-bordeaux-montaigne.fr:340416", "symbol_class": "building", "pixel_x": 4182.8, "pixel_y": 2373.9, "easting": 573626.2, "northing": 362900.6, "epsg_source": 22391}}, {"type": "Feature", "geometry": {"type": "Point", "coordinates": [10.71947, 36.56583]}, "properties": {"record_id": "oai:u-bordeaux-montaigne.fr:340416", "symbol_class": "building", "pixel_x": 4102.6, "pixel_y": 2379.1, "easting": 573280.2, "northing": 362905.1, "epsg_source": 22391}}, {"type": "Feature", "geometry": {"type": "Point", "coordinates": [10.62308, 36.57213]}, "properties": {"record_id": "oai:u-bordeaux-montaigne.fr:340416", "symbol_class": "building", "pixel_x": 2094.1, "pixel_y": 2383.4, "easting": 564650.1, "northing": 363535.6, "epsg_source": 22391}}, {"type": "Feature", "geometry": {"type": "Point", "coordinates": [10.79697, 36.56047]}, "properties": {"record_id": "oai:u-bordeaux-montaigne.fr:340416", "symbol_class": "building", "pixel_x": 5718.5, "pixel_y": 2382.1, "easting": 580221.2, "northing": 362371.7, "epsg_source": 22391}}, {"type": "Feature", "geometry": {"type": "Point", "coordinates": [10.71741, 36.56583]}, "properties": {"record_id": "oai:u-bordeaux-montaigne.fr:340416", "symbol_class": "building", "pixel_x": 4060.1, "pixel_y": 2382.7, "easting": 573096.5, "northing": 362904.1, "epsg_source": 22391}}, {"type": "Feature", "geometry": {"type": "Point", "coordinates": [10.57273, 36.57541]}, "properties": {"record_id": "oai:u-bordeaux-montaigne.fr:340416", "symbol_class": "building", "pixel_x": 1044.8, "pixel_y": 2385.0, "easting": 560142.0, "northing": 363867.5, "epsg_source": 22391}}, {"type": "Feature", "geometry": {"type": "Point", "coordinates": [10.8631, 36.55577]}, "properties": {"record_id": "oai:u-bordeaux-montaigne.fr:340416", "symbol_class": "building", "pixel_x": 7097.6, "pixel_y": 2386.9, "easting": 586144.4, "northing": 361907.3, "epsg_source": 22391}}, {"type": "Feature", "geometry": {"type": "Point", "coordinates": [10.7139, 36.56589]}, "properties": {"record_id": "oai:u-bordeaux-montaigne.fr:340416", "symbol_class": "building", "pixel_x": 3987.2, "pixel_y": 2387.5, "easting": 572781.9, "northing": 362907.9, "epsg_source": 22391}}, {"type": "Feature", "geometry": {"type": "Point", "coordinates": [10.7095, 36.56589]}, "properties": {"record_id": "oai:u-bordeaux-montaigne.fr:340416", "symbol_class": "building", "pixel_x": 3896.3, "pixel_y": 2395.6, "easting": 572388.8, "northing": 362904.2, "epsg_source": 22391}}, {"type": "Feature", "geometry": {"type": "Point", "coordinates": [10.58334, 36.57388]}, "properties": {"record_id": "oai:u-bordeaux-montaigne.fr:340416", "symbol_class": "building", "pixel_x": 1267.8, "pixel_y": 2407.1, "easting": 561092.8, "northing": 363704.8, "epsg_source": 22391}}, {"type": "Feature", "geometry": {"type": "Point", "coordinates": [10.84348, 36.55629]}, "properties": {"record_id": "oai:u-bordeaux-montaigne.fr:340416", "symbol_class": "building", "pixel_x": 6690.3, "pixel_y": 2409.0, "easting": 584387.6, "northing": 361947.9, "epsg_source": 22391}}, {"type": "Feature", "geometry": {"type": "Point", "coordinates": [10.72431, 36.56421]}, "properties": {"record_id": "oai:u-bordeaux-montaigne.fr:340416", "symbol_class": "building", "pixel_x": 4206.4, "pixel_y": 2413.8, "easting": 573715.0, "northing": 362729.6, "epsg_source": 22391}}, {"type": "Feature", "geometry": {"type": "Point", "coordinates": [10.69936, 36.56595]}, "properties": {"record_id": "oai:u-bordeaux-montaigne.fr:340416", "symbol_class": "building", "pixel_x": 3686.2, "pixel_y": 2412.3, "easting": 571480.9, "northing": 362903.5, "epsg_source": 22391}}, {"type": "Feature", "geometry": {"type": "Point", "coordinates": [10.84201, 36.556]}, "properties": {"record_id": "oai:u-bordeaux-montaigne.fr:340416", "symbol_class": "building", "pixel_x": 6660.5, "pixel_y": 2419.6, "easting": 584256.0, "northing": 361914.1, "epsg_source": 22391}}, {"type": "Feature", "geometry": {"type": "Point", "coordinates": [10.69353, 36.56598]}, "properties": {"record_id": "oai:u-bordeaux-montaigne.fr:340416", "symbol_class": "building", "pixel_x": 3565.5, "pixel_y": 2421.9, "easting": 570959.1, "northing": 362903.1, "epsg_source": 22391}}, {"type": "Feature", "geometry": {"type": "Point", "coordinates": [10.57856, 36.57341]}, "properties": {"record_id": "oai:u-bordeaux-montaigne.fr:340416", "symbol_class": "building", "pixel_x": 1169.8, "pixel_y": 2428.3, "easting": 560665.1, "northing": 363649.4, "epsg_source": 22391}}, {"type": "Feature", "geometry": {"type": "Point", "coordinates": [10.68909, 36.56597]}, "properties": {"record_id": "oai:u-bordeaux-montaigne.fr:340416", "symbol_class": "building", "pixel_x": 3473.7, "pixel_y": 2430.1, "easting": 570562.2, "northing": 362899.1, "epsg_source": 22391}}, {"type": "Feature", "geometry": {"type": "Point", "coordinates": [10.6142, 36.57084]}, "properties": {"record_id": "oai:u-bordeaux-montaigne.fr:340416", "symbol_class": "building", "pixel_x": 1913.0, "pixel_y": 2433.8, "easting": 563856.3, "northing": 363387.5, "epsg_source": 22391}}, {"type": "Feature", "geometry": {"type": "Point", "coordinates": [10.64165, 36.56887]}, "properties": {"record_id": "oai:u-bordeaux-montaigne.fr:340416", "symbol_class": "building", "pixel_x": 2485.5, "pixel_y": 2437.8, "easting": 566314.4, "northing": 363186.5, "epsg_source": 22391}}, {"type": "Feature", "geometry": {"type": "Point", "coordinates": [10.65534, 36.5681]}, "properties": {"record_id": "oai:u-bordeaux-montaigne.fr:340416", "symbol_class": "building", "pixel_x": 2770.6, "pixel_y": 2433.8, "easting": 567540.3, "northing": 363110.9, "epsg_source": 22391}}, {"type": "Feature", "geometry": {"type": "Point", "coordinates": [10.83386, 36.55607]}, "properties": {"record_id": "oai:u-bordeaux-montaigne.fr:340416", "symbol_class": "building", "pixel_x": 6491.6, "pixel_y": 2432.8, "easting": 583526.5, "northing": 361914.8, "epsg_source": 22391}}, {"type": "Feature", "geometry": {"type": "Point", "coordinates": [10.68556, 36.56599]}, "properties": {"record_id": "oai:u-bordeaux-montaigne.fr:340416", "symbol_class": "building", "pixel_x": 3400.5, "pixel_y": 2436.0, "easting": 570245.9, "northing": 362898.6, "epsg_source": 22391}}, {"type": "Feature", "geometry": {"type": "Point", "coordinates": [10.68394, 36.56602]}, "properties": {"record_id": "oai:u-bordeaux-montaigne.fr:340416", "symbol_class": "building", "pixel_x": 3366.9, "pixel_y": 2438.2, "easting": 570100.8, "northing": 362900.5, "epsg_source": 22391}}, {"type": "Feature", "geometry": {"type": "Point", "coordinates": [10.68186, 36.56604]}, "properties": {"record_id": "oai:u-bordeaux-montaigne.fr:340416", "symbol_class": "building", "pixel_x": 3324.0, "pixel_y": 2441.3, "easting": 569915.2, "northing": 362901.5, "epsg_source": 22391}}, {"type": "Feature", "geometry": {"type": "Point", "coordinates": [10.64119, 36.56841]}, "properties": {"record_id": "oai:u-bordeaux-montaigne.fr:340416", "symbol_class": "building", "pixel_x": 2477.0, "pixel_y": 2450.8, "easting": 566273.7, "northing": 363136.0, "epsg_source": 22391}}, {"type": "Feature", "geometry": {"type": "Point", "coordinates": [10.679, 36.56604]}, "properties": {"record_id": "oai:u-bordeaux-montaigne.fr:340416", "symbol_class": "building", "pixel_x": 3264.7, "pixel_y": 2446.4, "easting": 569659.1, "northing": 362899.6, "epsg_source": 22391}}, {"type": "Feature", "geometry": {"type": "Point", "coordinates": [10.57755, 36.57261]}, "properties": {"record_id": "oai:u-bordeaux-montaigne.fr:340416", "symbol_class": "building", "pixel_x": 1150.8, "pixel_y": 2451.6, "easting": 560576.1, "northing": 363560.2, "epsg_source": 22391}}, {"type": "Feature", "geometry": {"type": "Point", "coordinates": [10.6483, 36.56794]}, "properties": {"record_id": "oai:u-bordeaux-montaigne.fr:340416", "symbol_class": "building", "pixel_x": 2625.2, "pixel_y": 2450.8, "easting": 566910.2, "northing": 363087.8, "epsg_source": 22391}}, {"type": "Feature", "geometry": {"type": "Point", "coordinates": [10.81975, 36.5562]}, "properties": {"record_id": "oai:u-bordeaux-montaigne.fr:340416", "symbol_class": "building", "pixel_x": 6199.5, "pixel_y": 2455.2, "easting": 582264.2, "northing": 361916.9, "epsg_source": 22391}}, {"type": "Feature", "geometry": {"type": "Point", "coordinates": [10.67608, 36.56583]}, "properties": {"record_id": "oai:u-bordeaux-montaigne.fr:340416", "symbol_class": "building", "pixel_x": 3204.7, "pixel_y": 2457.5, "easting": 569397.7, "northing": 362873.7, "epsg_source": 22391}}, {"type": "Feature", "geometry": {"type": "Point", "coordinates": [10.67085, 36.56611]}, "properties": {"record_id": "oai:u-bordeaux-montaigne.fr:340416", "symbol_class": "building", "pixel_x": 3096.0, "pixel_y": 2459.4, "easting": 568930.0, "northing": 362900.8, "epsg_source": 22391}}, {"type": "Feature", "geometry": {"type": "Point", "coordinates": [10.67595, 36.5656]}, "properties": {"record_id": "oai:u-bordeaux-montaigne.fr:340416", "symbol_class": "building", "pixel_x": 3202.6, "pixel_y": 2464.0, "easting": 569386.7, "northing": 362847.8, "epsg_source": 22391}}, {"type": "Feature", "geometry": {"type": "Point", "coordinates": [10.804, 36.55633]}, "properties": {"record_id": "oai:u-bordeaux-montaigne.fr:340416", "symbol_class": "building", "pixel_x": 5873.1, "pixel_y": 2480.6, "easting": 580853.9, "northing": 361918.2, "epsg_source": 22391}}, {"type": "Feature", "geometry": {"type": "Point", "coordinates": [10.83479, 36.55407]}, "properties": {"record_id": "oai:u-bordeaux-montaigne.fr:340416", "symbol_class": "building", "pixel_x": 6515.4, "pixel_y": 2484.8, "easting": 583612.1, "northing": 361693.7, "epsg_source": 22391}}, {"type": "Feature", "geometry": {"type": "Point", "coordinates": [10.57875, 36.57108]}, "properties": {"record_id": "oai:u-bordeaux-montaigne.fr:340416", "symbol_class": "building", "pixel_x": 1179.0, "pixel_y": 2490.8, "easting": 560684.7, "northing": 363390.6, "epsg_source": 22391}}, {"type": "Feature", "geometry": {"type": "Point", "coordinates": [10.67775, 36.56449]}, "properties": {"record_id": "oai:u-bordeaux-montaigne.fr:340416", "symbol_class": "building", "pixel_x": 3242.3, "pixel_y": 2490.4, "easting": 569548.6, "northing": 362726.8, "epsg_source": 22391}}, {"type": "Feature", "geometry": {"type": "Point", "coordinates": [10.84975, 36.55271]}, "properties": {"record_id": "oai:u-bordeaux-montaigne.fr:340416", "symbol_class": "building", "pixel_x": 6828.2, "pixel_y": 2494.0, "easting": 584953.0, "northing": 361555.4, "epsg_source": 22391}}, {"type": "Feature", "geometry": {"type": "Point", "coordinates": [10.67684, 36.56442]}, "properties": {"record_id": "oai:u-bordeaux-montaigne.fr:340416", "symbol_class": "building", "pixel_x": 3223.6, "pixel_y": 2494.1, "easting": 569467.4, "northing": 362717.6, "epsg_source": 22391}}, {"type": "Feature", "geometry": {"type": "Point", "coordinates": [10.83842, 36.55325]}, "properties": {"record_id": "oai:u-bordeaux-montaigne.fr:340416", "symbol_class": "building", "pixel_x": 6592.4, "pixel_y": 2500.2, "easting": 583937.9, "northing": 361606.1, "epsg_source": 22391}}, {"type": "Feature", "geometry": {"type": "Point", "coordinates": [10.83741, 36.55324]}, "properties": {"record_id": "oai:u-bordeaux-montaigne.fr:340416", "symbol_class": "building", "pixel_x": 6571.5, "pixel_y": 2502.3, "easting": 583847.4, "northing": 361603.9, "epsg_source": 22391}}, {"type": "Feature", "geometry": {"type": "Point", "coordinates": [10.84933, 36.55216]}, "properties": {"record_id": "oai:u-bordeaux-montaigne.fr:340416", "symbol_class": "building", "pixel_x": 6820.8, "pixel_y": 2509.5, "easting": 584916.0, "northing": 361494.0, "epsg_source": 22391}}, {"type": "Feature", "geometry": {"type": "Point", "coordinates": [10.80814, 36.55484]}, "properties": {"record_id": "oai:u-bordeaux-montaigne.fr:340416", "symbol_class": "building", "pixel_x": 5962.2, "pixel_y": 2513.0, "easting": 581226.3, "northing": 361756.7, "epsg_source": 22391}}, {"type": "Feature", "geometry": {"type": "Point", "coordinates": [10.84459, 36.55206]}, "properties": {"record_id": "oai:u-bordeaux-montaigne.fr:340416", "symbol_class": "building", "pixel_x": 6722.8, "pixel_y": 2520.8, "easting": 584491.7, "northing": 361479.4, "epsg_source": 22391}}, {"type": "Feature", "geometry": {"type": "Point", "coordinates": [10.83538, 36.55282]}, "properties": {"record_id": "oai:u-bordeaux-montaigne.fr:340416", "symbol_class": "building", "pixel_x": 6530.5, "pixel_y": 2517.3, "easting": 583666.4, "northing": 361555.7, "epsg_source": 22391}}, {"type": "Feature", "geometry": {"type": "Point", "coordinates": [10.84914, 36.55173]}, "properties": {"record_id": "oai:u-bordeaux-montaigne.fr:340416", "symbol_class": "building", "pixel_x": 6817.8, "pixel_y": 2521.4, "easting": 584899.4, "northing": 361446.1, "epsg_source": 22391}}, {"type": "Feature", "geometry": {"type": "Point", "coordinates": [10.63524, 36.56633]}, "properties": {"record_id": "oai:u-bordeaux-montaigne.fr:340416", "symbol_class": "building", "pixel_x": 2358.3, "pixel_y": 2517.4, "easting": 565742.6, "northing": 362900.9, "epsg_source": 22391}}, {"type": "Feature", "geometry": {"type": "Point", "coordinates": [10.835, 36.55256]}, "properties": {"record_id": "oai:u-bordeaux-montaigne.fr:340416", "symbol_class": "building", "pixel_x": 6523.2, "pixel_y": 2525.0, "easting": 583632.8, "northing": 361526.7, "epsg_source": 22391}}, {"type": "Feature", "geometry": {"type": "Point", "coordinates": [10.83814, 36.55233]}, "properties": {"record_id": "oai:u-bordeaux-montaigne.fr:340416", "symbol_class": "building", "pixel_x": 6588.7, "pixel_y": 2525.6, "easting": 583914.0, "northing": 361503.1, "epsg_source": 22391}}, {"type": "Feature", "geometry": {"type": "Point", "coordinates": [10.8375, 36.55218]}, "properties": {"record_id": "oai:u-bordeaux-montaigne.fr:340416", "symbol_class": "building", "pixel_x": 6575.8, "pixel_y": 2530.5, "easting": 583856.9, "northing": 361486.9, "epsg_source": 22391}}, {"type": "Feature", "geometry": {"type": "Point", "coordinates": [10.62591, 36.56637]}, "properties": {"record_id": "oai:u-bordeaux-montaigne.fr:340416", "symbol_class": "building", "pixel_x": 2165.3, "pixel_y": 2533.1, "easting": 564908.2, "northing": 362899.1, "epsg_source": 22391}}, {"type": "Feature", "geometry": {"type": "Point", "coordinates": [10.8349, 36.55216]}, "properties": {"record_id": "oai:u-bordeaux-montaigne.fr:340416", "symbol_class": "building", "pixel_x": 6522.0, "pixel_y": 2536.1, "easting": 583624.0, "northing": 361481.6, "epsg_source": 22391}}, {"type": "Feature", "geometry": {"type": "Point", "coordinates": [10.83236, 36.55238]}, "properties": {"record_id": "oai:u-bordeaux-montaigne.fr:340416", "symbol_class": "building", "pixel_x": 6469.1, "pixel_y": 2534.8, "easting": 583397.0, "northing": 361503.7, "epsg_source": 22391}}, {"type": "Feature", "geometry": {"type": "Point", "coordinates": [10.83287, 36.55228]}, "properties": {"record_id": "oai:u-bordeaux-montaigne.fr:340416", "symbol_class": "building", "pixel_x": 6479.8, "pixel_y": 2536.4, "easting": 583442.5, "northing": 361494.0, "epsg_source": 22391}}, {"type": "Feature", "geometry": {"type": "Point", "coordinates": [10.64592, 36.56482]}, "properties": {"record_id": "oai:u-bordeaux-montaigne.fr:340416", "symbol_class": "building", "pixel_x": 2582.8, "pixel_y": 2538.8, "easting": 566700.2, "northing": 362741.0, "epsg_source": 22391}}, {"type": "Feature", "geometry": {"type": "Point", "coordinates": [10.83852, 36.55174]}, "properties": {"record_id": "oai:u-bordeaux-montaigne.fr:340416", "symbol_class": "building", "pixel_x": 6597.8, "pixel_y": 2540.7, "easting": 583948.3, "northing": 361438.3, "epsg_source": 22391}}, {"type": "Feature", "geometry": {"type": "Point", "coordinates": [10.61776, 36.56641]}, "properties": {"record_id": "oai:u-bordeaux-montaigne.fr:340416", "symbol_class": "building", "pixel_x": 1996.5, "pixel_y": 2546.5, "easting": 564178.8, "northing": 362898.5, "epsg_source": 22391}}, {"type": "Feature", "geometry": {"type": "Point", "coordinates": [10.61654, 36.56643]}, "properties": {"record_id": "oai:u-bordeaux-montaigne.fr:340416", "symbol_class": "building", "pixel_x": 1971.1, "pixel_y": 2548.2, "easting": 564069.3, "northing": 362899.8, "epsg_source": 22391}}, {"type": "Feature", "geometry": {"type": "Point", "coordinates": [10.59525, 36.56752]}, "properties": {"record_id": "oai:u-bordeaux-montaigne.fr:340416", "symbol_class": "building", "pixel_x": 1528.3, "pixel_y": 2557.0, "easting": 562164.0, "northing": 363006.4, "epsg_source": 22391}}, {"type": "Feature", "geometry": {"type": "Point", "coordinates": [10.61373, 36.56644]}, "properties": {"record_id": "oai:u-bordeaux-montaigne.fr:340416", "symbol_class": "building", "pixel_x": 1913.0, "pixel_y": 2553.0, "easting": 563817.9, "northing": 362899.0, "epsg_source": 22391}}, {"type": "Feature", "geometry": {"type": "Point", "coordinates": [10.61048, 36.56646]}, "properties": {"record_id": "oai:u-bordeaux-montaigne.fr:340416", "symbol_class": "building", "pixel_x": 1845.8, "pixel_y": 2558.2, "easting": 563527.5, "northing": 362899.2, "epsg_source": 22391}}, {"type": "Feature", "geometry": {"type": "Point", "coordinates": [10.75582, 36.55672]}, "properties": {"record_id": "oai:u-bordeaux-montaigne.fr:340416", "symbol_class": "building", "pixel_x": 4875.2, "pixel_y": 2558.1, "easting": 576542.0, "northing": 361922.4, "epsg_source": 22391}}, {"type": "Feature", "geometry": {"type": "Point", "coordinates": [10.75385, 36.55675]}, "properties": {"record_id": "oai:u-bordeaux-montaigne.fr:340416", "symbol_class": "building", "pixel_x": 4834.3, "pixel_y": 2560.7, "easting": 576365.8, "northing": 361925.1, "epsg_source": 22391}}, {"type": "Feature", "geometry": {"type": "Point", "coordinates": [10.6164, 36.56579]}, "properties": {"record_id": "oai:u-bordeaux-montaigne.fr:340416", "symbol_class": "building", "pixel_x": 1969.8, "pixel_y": 2565.7, "easting": 564057.8, "northing": 362828.6, "epsg_source": 22391}}, {"type": "Feature", "geometry": {"type": "Point", "coordinates": [10.60551, 36.56646]}, "properties": {"record_id": "oai:u-bordeaux-montaigne.fr:340416", "symbol_class": "building", "pixel_x": 1742.9, "pixel_y": 2567.0, "easting": 563082.8, "northing": 362896.1, "epsg_source": 22391}}, {"type": "Feature", "geometry": {"type": "Point", "coordinates": [10.79554, 36.55365]}, "properties": {"record_id": "oai:u-bordeaux-montaigne.fr:340416", "symbol_class": "building", "pixel_x": 5704.0, "pixel_y": 2568.0, "easting": 580099.6, "northing": 361614.6, "epsg_source": 22391}}, {"type": "Feature", "geometry": {"type": "Point", "coordinates": [10.60486, 36.56649]}, "properties": {"record_id": "oai:u-bordeaux-montaigne.fr:340416", "symbol_class": "building", "pixel_x": 1729.3, "pixel_y": 2567.5, "easting": 563024.1, "northing": 362898.7, "epsg_source": 22391}}, {"type": "Feature", "geometry": {"type": "Point", "coordinates": [10.59545, 36.56659]}, "properties": {"record_id": "oai:u-bordeaux-montaigne.fr:340416", "symbol_class": "building", "pixel_x": 1534.4, "pixel_y": 2581.7, "easting": 562182.2, "northing": 362903.4, "epsg_source": 22391}}, {"type": "Feature", "geometry": {"type": "Point", "coordinates": [10.58846, 36.56665]}, "properties": {"record_id": "oai:u-bordeaux-montaigne.fr:340416", "symbol_class": "building", "pixel_x": 1389.5, "pixel_y": 2592.5, "easting": 561556.4, "northing": 362905.8, "epsg_source": 22391}}, {"type": "Feature", "geometry": {"type": "Point", "coordinates": [10.58969, 36.56655]}, "properties": {"record_id": "oai:u-bordeaux-montaigne.fr:340416", "symbol_class": "building", "pixel_x": 1415.3, "pixel_y": 2593.0, "easting": 561667.2, "northing": 362895.6, "epsg_source": 22391}}, {"type": "Feature", "geometry": {"type": "Point", "coordinates": [10.83717, 36.54978]}, "properties": {"record_id": "oai:u-bordeaux-montaigne.fr:340416", "symbol_class": "building", "pixel_x": 6574.4, "pixel_y": 2595.9, "easting": 583829.9, "northing": 361219.5, "epsg_source": 22391}}, {"type": "Feature", "geometry": {"type": "Point", "coordinates": [10.58049, 36.56709]}, "properties": {"record_id": "oai:u-bordeaux-montaigne.fr:340416", "symbol_class": "building", "pixel_x": 1223.7, "pixel_y": 2594.9, "easting": 560843.5, "northing": 362949.4, "epsg_source": 22391}}, {"type": "Feature", "geometry": {"type": "Point", "coordinates": [10.84323, 36.54936]}, "properties": {"record_id": "oai:u-bordeaux-montaigne.fr:340416", "symbol_class": "building", "pixel_x": 6700.7, "pixel_y": 2596.0, "easting": 584372.6, "northing": 361178.1, "epsg_source": 22391}}, {"type": "Feature", "geometry": {"type": "Point", "coordinates": [10.58519, 36.56661]}, "properties": {"record_id": "oai:u-bordeaux-montaigne.fr:340416", "symbol_class": "building", "pixel_x": 1322.0, "pixel_y": 2599.4, "easting": 561264.4, "northing": 362899.3, "epsg_source": 22391}}, {"type": "Feature", "geometry": {"type": "Point", "coordinates": [10.83657, 36.54961]}, "properties": {"record_id": "oai:u-bordeaux-montaigne.fr:340416", "symbol_class": "building", "pixel_x": 6562.2, "pixel_y": 2601.5, "easting": 583775.9, "northing": 361200.5, "epsg_source": 22391}}, {"type": "Feature", "geometry": {"type": "Point", "coordinates": [10.58178, 36.56666]}, "properties": {"record_id": "oai:u-bordeaux-montaigne.fr:340416", "symbol_class": "building", "pixel_x": 1251.3, "pixel_y": 2604.1, "easting": 560958.8, "northing": 362902.8, "epsg_source": 22391}}, {"type": "Feature", "geometry": {"type": "Point", "coordinates": [10.80249, 36.5517]}, "properties": {"record_id": "oai:u-bordeaux-montaigne.fr:340416", "symbol_class": "building", "pixel_x": 5852.2, "pixel_y": 2607.9, "easting": 580723.6, "northing": 361403.1, "epsg_source": 22391}}, {"type": "Feature", "geometry": {"type": "Point", "coordinates": [10.72641, 36.55691]}, "properties": {"record_id": "oai:u-bordeaux-montaigne.fr:340416", "symbol_class": "building", "pixel_x": 4266.1, "pixel_y": 2606.4, "easting": 573909.8, "northing": 361921.1, "epsg_source": 22391}}, {"type": "Feature", "geometry": {"type": "Point", "coordinates": [10.8431, 36.54898]}, "properties": {"record_id": "oai:u-bordeaux-montaigne.fr:340416", "symbol_class": "building", "pixel_x": 6699.0, "pixel_y": 2606.4, "easting": 584361.9, "northing": 361136.1, "epsg_source": 22391}}, {"type": "Feature", "geometry": {"type": "Point", "coordinates": [10.83777, 36.54917]}, "properties": {"record_id": "oai:u-bordeaux-montaigne.fr:340416", "symbol_class": "building", "pixel_x": 6588.2, "pixel_y": 2611.2, "easting": 583884.4, "northing": 361152.4, "epsg_source": 22391}}, {"type": "Feature", "geometry": {"type": "Point", "coordinates": [10.57806, 36.56665]}, "properties": {"record_id": "oai:u-bordeaux-montaigne.fr:340416", "symbol_class": "building", "pixel_x": 1174.3, "pixel_y": 2611.0, "easting": 560626.0, "northing": 362899.5, "epsg_source": 22391}}, {"type": "Feature", "geometry": {"type": "Point", "coordinates": [10.57713, 36.56662]}, "properties": {"record_id": "oai:u-bordeaux-montaigne.fr:340416", "symbol_class": "building", "pixel_x": 1155.1, "pixel_y": 2613.5, "easting": 560542.8, "northing": 362895.5, "epsg_source": 22391}}, {"type": "Feature", "geometry": {"type": "Point", "coordinates": [10.83733, 36.54889]}, "properties": {"record_id": "oai:u-bordeaux-montaigne.fr:340416", "symbol_class": "building", "pixel_x": 6579.6, "pixel_y": 2619.5, "easting": 583844.8, "northing": 361121.3, "epsg_source": 22391}}, {"type": "Feature", "geometry": {"type": "Point", "coordinates": [10.57355, 36.56669]}, "properties": {"record_id": "oai:u-bordeaux-montaigne.fr:340416", "symbol_class": "building", "pixel_x": 1080.8, "pixel_y": 2618.1, "easting": 560222.1, "northing": 362900.4, "epsg_source": 22391}}, {"type": "Feature", "geometry": {"type": "Point", "coordinates": [10.57148, 36.56669]}, "properties": {"record_id": "oai:u-bordeaux-montaigne.fr:340416", "symbol_class": "building", "pixel_x": 1037.9, "pixel_y": 2621.7, "easting": 560036.8, "northing": 362899.6, "epsg_source": 22391}}, {"type": "Feature", "geometry": {"type": "Point", "coordinates": [10.70986, 36.55707]}, "properties": {"record_id": "oai:u-bordeaux-montaigne.fr:340416", "symbol_class": "building", "pixel_x": 3923.2, "pixel_y": 2632.0, "easting": 572428.7, "northing": 361926.7, "epsg_source": 22391}}, {"type": "Feature", "geometry": {"type": "Point", "coordinates": [10.58287, 36.56494]}, "properties": {"record_id": "oai:u-bordeaux-montaigne.fr:340416", "symbol_class": "building", "pixel_x": 1277.6, "pixel_y": 2648.4, "easting": 561057.7, "northing": 362712.8, "epsg_source": 22391}}, {"type": "Feature", "geometry": {"type": "Point", "coordinates": [10.83975, 36.54771]}, "properties": {"record_id": "oai:u-bordeaux-montaigne.fr:340416", "symbol_class": "building", "pixel_x": 6632.4, "pixel_y": 2646.7, "easting": 584063.0, "northing": 360992.5, "epsg_source": 22391}}, {"type": "Feature", "geometry": {"type": "Point", "coordinates": [10.83955, 36.54734]}, "properties": {"record_id": "oai:u-bordeaux-montaigne.fr:340416", "symbol_class": "building", "pixel_x": 6629.2, "pixel_y": 2657.0, "easting": 584045.9, "northing": 360951.3, "epsg_source": 22391}}, {"type": "Feature", "geometry": {"type": "Point", "coordinates": [10.84144, 36.54722]}, "properties": {"record_id": "oai:u-bordeaux-montaigne.fr:340416", "symbol_class": "building", "pixel_x": 6668.4, "pixel_y": 2656.8, "easting": 584214.5, "northing": 360939.5, "epsg_source": 22391}}, {"type": "Feature", "geometry": {"type": "Point", "coordinates": [10.69305, 36.55716]}, "properties": {"record_id": "oai:u-bordeaux-montaigne.fr:340416", "symbol_class": "building", "pixel_x": 3575.0, "pixel_y": 2660.0, "easting": 570923.9, "northing": 361924.2, "epsg_source": 22391}}, {"type": "Feature", "geometry": {"type": "Point", "coordinates": [10.83806, 36.54726]}, "properties": {"record_id": "oai:u-bordeaux-montaigne.fr:340416", "symbol_class": "building", "pixel_x": 6598.4, "pixel_y": 2661.8, "easting": 583911.9, "northing": 360941.6, "epsg_source": 22391}}, {"type": "Feature", "geometry": {"type": "Point", "coordinates": [10.83423, 36.5473]}, "properties": {"record_id": "oai:u-bordeaux-montaigne.fr:340416", "symbol_class": "building", "pixel_x": 6519.0, "pixel_y": 2668.0, "easting": 583568.9, "northing": 360941.9, "epsg_source": 22391}}, {"type": "Feature", "geometry": {"type": "Point", "coordinates": [10.68681, 36.5572]}, "properties": {"record_id": "oai:u-bordeaux-montaigne.fr:340416", "symbol_class": "building", "pixel_x": 3445.8, "pixel_y": 2670.1, "easting": 570365.8, "northing": 361924.6, "epsg_source": 22391}}, {"type": "Feature", "geometry": {"type": "Point", "coordinates": [10.83156, 36.54731]}, "properties": {"record_id": "oai:u-bordeaux-montaigne.fr:340416", "symbol_class": "building", "pixel_x": 6463.8, "pixel_y": 2672.5, "easting": 583330.4, "northing": 360941.4, "epsg_source": 22391}}, {"type": "Feature", "geometry": {"type": "Point", "coordinates": [10.57797, 36.56429]}, "properties": {"record_id": "oai:u-bordeaux-montaigne.fr:340416", "symbol_class": "building", "pixel_x": 1177.6, "pixel_y": 2674.7, "easting": 560619.8, "northing": 362637.2, "epsg_source": 22391}}, {"type": "Feature", "geometry": {"type": "Point", "coordinates": [10.68373, 36.5572]}, "properties": {"record_id": "oai:u-bordeaux-montaigne.fr:340416", "symbol_class": "building", "pixel_x": 3382.2, "pixel_y": 2675.8, "easting": 570090.5, "northing": 361921.7, "epsg_source": 22391}}, {"type": "Feature", "geometry": {"type": "Point", "coordinates": [10.68207, 36.55722]}, "properties": {"record_id": "oai:u-bordeaux-montaigne.fr:340416", "symbol_class": "building", "pixel_x": 3347.6, "pixel_y": 2678.3, "easting": 569941.2, "northing": 361922.4, "epsg_source": 22391}}, {"type": "Feature", "geometry": {"type": "Point", "coordinates": [10.68082, 36.55721]}, "properties": {"record_id": "oai:u-bordeaux-montaigne.fr:340416", "symbol_class": "building", "pixel_x": 3321.9, "pixel_y": 2680.7, "easting": 569830.0, "northing": 361921.1, "epsg_source": 22391}}, {"type": "Feature", "geometry": {"type": "Point", "coordinates": [10.79138, 36.54974]}, "properties": {"record_id": "oai:u-bordeaux-montaigne.fr:340416", "symbol_class": "building", "pixel_x": 5626.7, "pixel_y": 2680.9, "easting": 579731.6, "northing": 361176.6, "epsg_source": 22391}}, {"type": "Feature", "geometry": {"type": "Point", "coordinates": [10.82654, 36.54737]}, "properties": {"record_id": "oai:u-bordeaux-montaigne.fr:340416", "symbol_class": "building", "pixel_x": 6359.7, "pixel_y": 2680.0, "easting": 582880.6, "northing": 360944.0, "epsg_source": 22391}}, {"type": "Feature", "geometry": {"type": "Point", "coordinates": [10.59805, 36.56256]}, "properties": {"record_id": "oai:u-bordeaux-montaigne.fr:340416", "symbol_class": "building", "pixel_x": 1596.9, "pixel_y": 2685.5, "easting": 562417.7, "northing": 362457.7, "epsg_source": 22391}}, {"type": "Feature", "geometry": {"type": "Point", "coordinates": [10.67562, 36.55725]}, "properties": {"record_id": "oai:u-bordeaux-montaigne.fr:340416", "symbol_class": "building", "pixel_x": 3214.2, "pixel_y": 2689.0, "easting": 569364.5, "northing": 361921.9, "epsg_source": 22391}}, {"type": "Feature", "geometry": {"type": "Point", "coordinates": [10.81016, 36.54798]}, "properties": {"record_id": "oai:u-bordeaux-montaigne.fr:340416", "symbol_class": "building", "pixel_x": 6019.4, "pixel_y": 2693.8, "easting": 581414.5, "northing": 360997.4, "epsg_source": 22391}}, {"type": "Feature", "geometry": {"type": "Point", "coordinates": [10.81125, 36.54777]}, "properties": {"record_id": "oai:u-bordeaux-montaigne.fr:340416", "symbol_class": "building", "pixel_x": 6042.5, "pixel_y": 2697.4, "easting": 581512.5, "northing": 360975.1, "epsg_source": 22391}}, {"type": "Feature", "geometry": {"type": "Point", "coordinates": [10.59927, 36.5619]}, "properties": {"record_id": "oai:u-bordeaux-montaigne.fr:340416", "symbol_class": "building", "pixel_x": 1623.7, "pixel_y": 2701.0, "easting": 562527.9, "northing": 362385.5, "epsg_source": 22391}}, {"type": "Feature", "geometry": {"type": "Point", "coordinates": [10.73387, 36.55287]}, "properties": {"record_id": "oai:u-bordeaux-montaigne.fr:340416", "symbol_class": "building", "pixel_x": 4429.4, "pixel_y": 2701.5, "easting": 574581.1, "northing": 361478.4, "epsg_source": 22391}}, {"type": "Feature", "geometry": {"type": "Point", "coordinates": [10.6076, 36.56129]}, "properties": {"record_id": "oai:u-bordeaux-montaigne.fr:340416", "symbol_class": "building", "pixel_x": 1797.3, "pixel_y": 2702.4, "easting": 563273.4, "northing": 362323.9, "epsg_source": 22391}}, {"type": "Feature", "geometry": {"type": "Point", "coordinates": [10.7244, 36.5532]}, "properties": {"record_id": "oai:u-bordeaux-montaigne.fr:340416", "symbol_class": "building", "pixel_x": 4232.6, "pixel_y": 2709.6, "easting": 573733.3, "northing": 361508.7, "epsg_source": 22391}}, {"type": "Feature", "geometry": {"type": "Point", "coordinates": [10.65392, 36.55795]}, "properties": {"record_id": "oai:u-bordeaux-montaigne.fr:340416", "symbol_class": "building", "pixel_x": 2763.5, "pixel_y": 2709.4, "easting": 567422.0, "northing": 361983.5, "epsg_source": 22391}}, {"type": "Feature", "geometry": {"type": "Point", "coordinates": [10.8104, 36.54749]}, "properties": {"record_id": "oai:u-bordeaux-montaigne.fr:340416", "symbol_class": "building", "pixel_x": 6025.5, "pixel_y": 2706.5, "easting": 581436.6, "northing": 360943.4, "epsg_source": 22391}}, {"type": "Feature", "geometry": {"type": "Point", "coordinates": [10.73411, 36.55255]}, "properties": {"record_id": "oai:u-bordeaux-montaigne.fr:340416", "symbol_class": "building", "pixel_x": 4435.0, "pixel_y": 2709.8, "easting": 574602.8, "northing": 361442.9, "epsg_source": 22391}}, {"type": "Feature", "geometry": {"type": "Point", "coordinates": [10.66283, 36.55735]}, "properties": {"record_id": "oai:u-bordeaux-montaigne.fr:340416", "symbol_class": "building", "pixel_x": 2949.2, "pixel_y": 2709.4, "easting": 568219.7, "northing": 361923.7, "epsg_source": 22391}}, {"type": "Feature", "geometry": {"type": "Point", "coordinates": [10.78937, 36.54876]}, "properties": {"record_id": "oai:u-bordeaux-montaigne.fr:340416", "symbol_class": "building", "pixel_x": 5587.4, "pixel_y": 2710.9, "easting": 579552.8, "northing": 361066.4, "epsg_source": 22391}}, {"type": "Feature", "geometry": {"type": "Point", "coordinates": [10.60068, 36.56137]}, "properties": {"record_id": "oai:u-bordeaux-montaigne.fr:340416", "symbol_class": "building", "pixel_x": 1654.0, "pixel_y": 2712.7, "easting": 562654.2, "northing": 362327.9, "epsg_source": 22391}}, {"type": "Feature", "geometry": {"type": "Point", "coordinates": [10.81346, 36.54698]}, "properties": {"record_id": "oai:u-bordeaux-montaigne.fr:340416", "symbol_class": "building", "pixel_x": 6090.0, "pixel_y": 2714.7, "easting": 581711.0, "northing": 360888.8, "epsg_source": 22391}}, {"type": "Feature", "geometry": {"type": "Point", "coordinates": [10.79708, 36.54761]}, "properties": {"record_id": "oai:u-bordeaux-montaigne.fr:340416", "symbol_class": "building", "pixel_x": 5749.5, "pixel_y": 2727.5, "easting": 580244.3, "northing": 360946.0, "epsg_source": 22391}}, {"type": "Feature", "geometry": {"type": "Point", "coordinates": [10.81447, 36.54626]}, "properties": {"record_id": "oai:u-bordeaux-montaigne.fr:340416", "symbol_class": "building", "pixel_x": 6112.4, "pixel_y": 2732.1, "easting": 581801.7, "northing": 360810.4, "epsg_source": 22391}}, {"type": "Feature", "geometry": {"type": "Point", "coordinates": [10.64984, 36.55741]}, "properties": {"record_id": "oai:u-bordeaux-montaigne.fr:340416", "symbol_class": "building", "pixel_x": 2680.3, "pixel_y": 2731.3, "easting": 567057.4, "northing": 361920.7, "epsg_source": 22391}}, {"type": "Feature", "geometry": {"type": "Point", "coordinates": [10.60986, 36.55995]}, "properties": {"record_id": "oai:u-bordeaux-montaigne.fr:340416", "symbol_class": "building", "pixel_x": 1847.1, "pixel_y": 2734.4, "easting": 563476.8, "northing": 362176.6, "epsg_source": 22391}}, {"type": "Feature", "geometry": {"type": "Point", "coordinates": [10.79282, 36.54766]}, "properties": {"record_id": "oai:u-bordeaux-montaigne.fr:340416", "symbol_class": "building", "pixel_x": 5661.3, "pixel_y": 2734.2, "easting": 579863.1, "northing": 360947.3, "epsg_source": 22391}}, {"type": "Feature", "geometry": {"type": "Point", "coordinates": [10.57898, 36.56182]}, "properties": {"record_id": "oai:u-bordeaux-montaigne.fr:340416", "symbol_class": "building", "pixel_x": 1204.0, "pixel_y": 2739.4, "easting": 560712.5, "northing": 362363.7, "epsg_source": 22391}}, {"type": "Feature", "geometry": {"type": "Point", "coordinates": [10.64664, 36.55742]}, "properties": {"record_id": "oai:u-bordeaux-montaigne.fr:340416", "symbol_class": "building", "pixel_x": 2613.9, "pixel_y": 2736.7, "easting": 566770.7, "northing": 361919.9, "epsg_source": 22391}}, {"type": "Feature", "geometry": {"type": "Point", "coordinates": [10.57956, 36.56168]}, "properties": {"record_id": "oai:u-bordeaux-montaigne.fr:340416", "symbol_class": "building", "pixel_x": 1216.1, "pixel_y": 2742.0, "easting": 560763.8, "northing": 362348.9, "epsg_source": 22391}}, {"type": "Feature", "geometry": {"type": "Point", "coordinates": [10.79034, 36.54767]}, "properties": {"record_id": "oai:u-bordeaux-montaigne.fr:340416", "symbol_class": "building", "pixel_x": 5609.9, "pixel_y": 2738.4, "easting": 579640.9, "northing": 360946.6, "epsg_source": 22391}}, {"type": "Feature", "geometry": {"type": "Point", "coordinates": [10.61125, 36.55948]}, "properties": {"record_id": "oai:u-bordeaux-montaigne.fr:340416", "symbol_class": "building", "pixel_x": 1876.9, "pixel_y": 2744.7, "easting": 563601.7, "northing": 362125.0, "epsg_source": 22391}}, {"type": "Feature", "geometry": {"type": "Point", "coordinates": [10.64286, 36.55751]}, "properties": {"record_id": "oai:u-bordeaux-montaigne.fr:340416", "symbol_class": "building", "pixel_x": 2535.5, "pixel_y": 2740.9, "easting": 566432.4, "northing": 361927.9, "epsg_source": 22391}}, {"type": "Feature", "geometry": {"type": "Point", "coordinates": [10.6422, 36.55747]}, "properties": {"record_id": "oai:u-bordeaux-montaigne.fr:340416", "symbol_class": "building", "pixel_x": 2521.9, "pixel_y": 2743.2, "easting": 566373.3, "northing": 361923.0, "epsg_source": 22391}}, {"type": "Feature", "geometry": {"type": "Point", "coordinates": [10.63976, 36.55749]}, "properties": {"record_id": "oai:u-bordeaux-montaigne.fr:340416", "symbol_class": "building", "pixel_x": 2471.4, "pixel_y": 2747.2, "easting": 566154.9, "northing": 361922.7, "epsg_source": 22391}}, {"type": "Feature", "geometry": {"type": "Point", "coordinates": [10.63625, 36.5575]}, "properties": {"record_id": "oai:u-bordeaux-montaigne.fr:340416", "symbol_class": "building", "pixel_x": 2398.8, "pixel_y": 2753.1, "easting": 565841.1, "northing": 361922.1, "epsg_source": 22391}}, {"type": "Feature", "geometry": {"type": "Point", "coordinates": [10.63503, 36.5575]}, "properties": {"record_id": "oai:u-bordeaux-montaigne.fr:340416", "symbol_class": "building", "pixel_x": 2373.5, "pixel_y": 2755.3, "easting": 565731.8, "northing": 361921.1, "epsg_source": 22391}}, {"type": "Feature", "geometry": {"type": "Point", "coordinates": [10.78038, 36.54775]}, "properties": {"record_id": "oai:u-bordeaux-montaigne.fr:340416", "symbol_class": "building", "pixel_x": 5403.4, "pixel_y": 2754.6, "easting": 578748.8, "northing": 360946.9, "epsg_source": 22391}}, {"type": "Feature", "geometry": {"type": "Point", "coordinates": [10.63392, 36.55753]}, "properties": {"record_id": "oai:u-bordeaux-montaigne.fr:340416", "symbol_class": "building", "pixel_x": 2350.3, "pixel_y": 2756.5, "easting": 565631.8, "northing": 361923.8, "epsg_source": 22391}}, {"type": "Feature", "geometry": {"type": "Point", "coordinates": [10.66079, 36.5557]}, "properties": {"record_id": "oai:u-bordeaux-montaigne.fr:340416", "symbol_class": "building", "pixel_x": 2910.5, "pixel_y": 2757.5, "easting": 568038.0, "northing": 361739.0, "epsg_source": 22391}}, {"type": "Feature", "geometry": {"type": "Point", "coordinates": [10.63313, 36.55751]}, "properties": {"record_id": "oai:u-bordeaux-montaigne.fr:340416", "symbol_class": "building", "pixel_x": 2334.0, "pixel_y": 2758.6, "easting": 565561.2, "northing": 361920.5, "epsg_source": 22391}}, {"type": "Feature", "geometry": {"type": "Point", "coordinates": [10.63191, 36.55755]}, "properties": {"record_id": "oai:u-bordeaux-montaigne.fr:340416", "symbol_class": "building", "pixel_x": 2308.7, "pixel_y": 2759.5, "easting": 565451.8, "northing": 361924.8, "epsg_source": 22391}}, {"type": "Feature", "geometry": {"type": "Point", "coordinates": [10.63244, 36.55752]}, "properties": {"record_id": "oai:u-bordeaux-montaigne.fr:340416", "symbol_class": "building", "pixel_x": 2319.9, "pixel_y": 2759.4, "easting": 565500.2, "northing": 361921.8, "epsg_source": 22391}}, {"type": "Feature", "geometry": {"type": "Point", "coordinates": [10.77339, 36.54779]}, "properties": {"record_id": "oai:u-bordeaux-montaigne.fr:340416", "symbol_class": "building", "pixel_x": 5258.8, "pixel_y": 2766.2, "easting": 578123.5, "northing": 360945.9, "epsg_source": 22391}}, {"type": "Feature", "geometry": {"type": "Point", "coordinates": [10.78429, 36.54684]}, "properties": {"record_id": "oai:u-bordeaux-montaigne.fr:340416", "symbol_class": "building", "pixel_x": 5486.5, "pixel_y": 2771.7, "easting": 579100.2, "northing": 360850.1, "epsg_source": 22391}}, {"type": "Feature", "geometry": {"type": "Point", "coordinates": [10.62442, 36.5576]}, "properties": {"record_id": "oai:u-bordeaux-montaigne.fr:340416", "symbol_class": "building", "pixel_x": 2153.5, "pixel_y": 2771.5, "easting": 564781.6, "northing": 361925.6, "epsg_source": 22391}}, {"type": "Feature", "geometry": {"type": "Point", "coordinates": [10.62594, 36.55755]}, "properties": {"record_id": "oai:u-bordeaux-montaigne.fr:340416", "symbol_class": "building", "pixel_x": 2185.1, "pixel_y": 2770.2, "easting": 564917.7, "northing": 361921.0, "epsg_source": 22391}}, {"type": "Feature", "geometry": {"type": "Point", "coordinates": [10.76922, 36.54786]}, "properties": {"record_id": "oai:u-bordeaux-montaigne.fr:340416", "symbol_class": "building", "pixel_x": 5172.2, "pixel_y": 2771.9, "easting": 577750.1, "northing": 360950.4, "epsg_source": 22391}}, {"type": "Feature", "geometry": {"type": "Point", "coordinates": [10.69958, 36.55216]}, "properties": {"record_id": "oai:u-bordeaux-montaigne.fr:340416", "symbol_class": "building", "pixel_x": 3721.3, "pixel_y": 2782.6, "easting": 571513.3, "northing": 361374.5, "epsg_source": 22391}}, {"type": "Feature", "geometry": {"type": "Point", "coordinates": [10.76263, 36.54792]}, "properties": {"record_id": "oai:u-bordeaux-montaigne.fr:340416", "symbol_class": "building", "pixel_x": 5035.7, "pixel_y": 2782.2, "easting": 577160.1, "northing": 360952.3, "epsg_source": 22391}}, {"type": "Feature", "geometry": {"type": "Point", "coordinates": [10.77445, 36.54701]}, "properties": {"record_id": "oai:u-bordeaux-montaigne.fr:340416", "symbol_class": "building", "pixel_x": 5282.4, "pixel_y": 2785.1, "easting": 578219.0, "northing": 360860.7, "epsg_source": 22391}}, {"type": "Feature", "geometry": {"type": "Point", "coordinates": [10.79492, 36.54543]}, "properties": {"record_id": "oai:u-bordeaux-montaigne.fr:340416", "symbol_class": "building", "pixel_x": 5709.7, "pixel_y": 2790.4, "easting": 580053.2, "northing": 360701.4, "epsg_source": 22391}}, {"type": "Feature", "geometry": {"type": "Point", "coordinates": [10.78021, 36.54645]}, "properties": {"record_id": "oai:u-bordeaux-montaigne.fr:340416", "symbol_class": "building", "pixel_x": 5402.9, "pixel_y": 2789.6, "easting": 578735.3, "northing": 360803.6, "epsg_source": 22391}}, {"type": "Feature", "geometry": {"type": "Point", "coordinates": [10.78483, 36.54588]}, "properties": {"record_id": "oai:u-bordeaux-montaigne.fr:340416", "symbol_class": "building", "pixel_x": 5499.8, "pixel_y": 2796.5, "easting": 579149.4, "northing": 360743.9, "epsg_source": 22391}}, {"type": "Feature", "geometry": {"type": "Point", "coordinates": [10.60913, 36.55763]}, "properties": {"record_id": "oai:u-bordeaux-montaigne.fr:340416", "symbol_class": "building", "pixel_x": 1837.0, "pixel_y": 2798.1, "easting": 563413.3, "northing": 361918.7, "epsg_source": 22391}}, {"type": "Feature", "geometry": {"type": "Point", "coordinates": [10.60398, 36.55768]}, "properties": {"record_id": "oai:u-bordeaux-montaigne.fr:340416", "symbol_class": "building", "pixel_x": 1730.3, "pixel_y": 2806.0, "easting": 562952.4, "northing": 361920.9, "epsg_source": 22391}}, {"type": "Feature", "geometry": {"type": "Point", "coordinates": [10.72676, 36.54929]}, "properties": {"record_id": "oai:u-bordeaux-montaigne.fr:340416", "symbol_class": "building", "pixel_x": 4290.3, "pixel_y": 2810.6, "easting": 573948.6, "northing": 361076.3, "epsg_source": 22391}}, {"type": "Feature", "geometry": {"type": "Point", "coordinates": [10.78438, 36.54523]}, "properties": {"record_id": "oai:u-bordeaux-montaigne.fr:340416", "symbol_class": "building", "pixel_x": 5491.9, "pixel_y": 2814.9, "easting": 579109.5, "northing": 360671.0, "epsg_source": 22391}}, {"type": "Feature", "geometry": {"type": "Point", "coordinates": [10.78117, 36.54556]}, "properties": {"record_id": "oai:u-bordeaux-montaigne.fr:340416", "symbol_class": "building", "pixel_x": 5424.8, "pixel_y": 2811.9, "easting": 578822.4, "northing": 360705.1, "epsg_source": 22391}}, {"type": "Feature", "geometry": {"type": "Point", "coordinates": [10.78159, 36.54555]}, "properties": {"record_id": "oai:u-bordeaux-montaigne.fr:340416", "symbol_class": "building", "pixel_x": 5433.5, "pixel_y": 2811.5, "easting": 578859.8, "northing": 360703.9, "epsg_source": 22391}}, {"type": "Feature", "geometry": {"type": "Point", "coordinates": [10.78241, 36.54543]}, "properties": {"record_id": "oai:u-bordeaux-montaigne.fr:340416", "symbol_class": "building", "pixel_x": 5450.7, "pixel_y": 2813.2, "easting": 578933.2, "northing": 360691.2, "epsg_source": 22391}}, {"type": "Feature", "geometry": {"type": "Point", "coordinates": [10.71826, 36.54965]}, "properties": {"record_id": "oai:u-bordeaux-montaigne.fr:340416", "symbol_class": "building", "pixel_x": 4113.6, "pixel_y": 2816.2, "easting": 573187.8, "northing": 361110.1, "epsg_source": 22391}}, {"type": "Feature", "geometry": {"type": "Point", "coordinates": [10.59804, 36.55768]}, "properties": {"record_id": "oai:u-bordeaux-montaigne.fr:340416", "symbol_class": "building", "pixel_x": 1607.4, "pixel_y": 2816.6, "easting": 562421.1, "northing": 361917.1, "epsg_source": 22391}}, {"type": "Feature", "geometry": {"type": "Point", "coordinates": [10.59407, 36.55775]}, "properties": {"record_id": "oai:u-bordeaux-montaigne.fr:340416", "symbol_class": "building", "pixel_x": 1525.1, "pixel_y": 2822.0, "easting": 562065.6, "northing": 361921.6, "epsg_source": 22391}}, {"type": "Feature", "geometry": {"type": "Point", "coordinates": [10.78558, 36.54446]}, "properties": {"record_id": "oai:u-bordeaux-montaigne.fr:340416", "symbol_class": "building", "pixel_x": 5518.5, "pixel_y": 2833.5, "easting": 579217.9, "northing": 360586.3, "epsg_source": 22391}}, {"type": "Feature", "geometry": {"type": "Point", "coordinates": [10.58321, 36.55782]}, "properties": {"record_id": "oai:u-bordeaux-montaigne.fr:340416", "symbol_class": "building", "pixel_x": 1300.1, "pixel_y": 2839.5, "easting": 561093.5, "northing": 361922.5, "epsg_source": 22391}}, {"type": "Feature", "geometry": {"type": "Point", "coordinates": [10.7236, 36.54831]}, "properties": {"record_id": "oai:u-bordeaux-montaigne.fr:340416", "symbol_class": "building", "pixel_x": 4227.1, "pixel_y": 2842.7, "easting": 573666.9, "northing": 360965.2, "epsg_source": 22391}}, {"type": "Feature", "geometry": {"type": "Point", "coordinates": [10.58126, 36.55781]}, "properties": {"record_id": "oai:u-bordeaux-montaigne.fr:340416", "symbol_class": "building", "pixel_x": 1259.9, "pixel_y": 2843.1, "easting": 560919.5, "northing": 361920.4, "epsg_source": 22391}}, {"type": "Feature", "geometry": {"type": "Point", "coordinates": [10.72538, 36.54817]}, "properties": {"record_id": "oai:u-bordeaux-montaigne.fr:340416", "symbol_class": "building", "pixel_x": 4264.2, "pixel_y": 2843.2, "easting": 573826.4, "northing": 360951.1, "epsg_source": 22391}}, {"type": "Feature", "geometry": {"type": "Point", "coordinates": [10.57634, 36.55784]}, "properties": {"record_id": "oai:u-bordeaux-montaigne.fr:340416", "symbol_class": "building", "pixel_x": 1157.9, "pixel_y": 2851.0, "easting": 560478.8, "northing": 361921.1, "epsg_source": 22391}}, {"type": "Feature", "geometry": {"type": "Point", "coordinates": [10.57315, 36.55787]}, "properties": {"record_id": "oai:u-bordeaux-montaigne.fr:340416", "symbol_class": "building", "pixel_x": 1091.8, "pixel_y": 2856.0, "easting": 560193.3, "northing": 361921.7, "epsg_source": 22391}}, {"type": "Feature", "geometry": {"type": "Point", "coordinates": [10.60282, 36.55575]}, "properties": {"record_id": "oai:u-bordeaux-montaigne.fr:340416", "symbol_class": "building", "pixel_x": 1710.5, "pixel_y": 2860.1, "easting": 562850.1, "northing": 361705.6, "epsg_source": 22391}}, {"type": "Feature", "geometry": {"type": "Point", "coordinates": [10.71522, 36.54826]}, "properties": {"record_id": "oai:u-bordeaux-montaigne.fr:340416", "symbol_class": "building", "pixel_x": 4053.7, "pixel_y": 2859.4, "easting": 572916.7, "northing": 360952.7, "epsg_source": 22391}}, {"type": "Feature", "geometry": {"type": "Point", "coordinates": [10.64036, 36.55305]}, "properties": {"record_id": "oai:u-bordeaux-montaigne.fr:340416", "symbol_class": "building", "pixel_x": 2493.5, "pixel_y": 2865.5, "easting": 566212.0, "northing": 361430.7, "epsg_source": 22391}}, {"type": "Feature", "geometry": {"type": "Point", "coordinates": [10.64012, 36.55272]}, "properties": {"record_id": "oai:u-bordeaux-montaigne.fr:340416", "symbol_class": "building", "pixel_x": 2489.4, "pixel_y": 2874.7, "easting": 566191.4, "northing": 361394.3, "epsg_source": 22391}}, {"type": "Feature", "geometry": {"type": "Point", "coordinates": [10.70783, 36.5483]}, "properties": {"record_id": "oai:u-bordeaux-montaigne.fr:340416", "symbol_class": "building", "pixel_x": 3900.5, "pixel_y": 2871.5, "easting": 572254.7, "northing": 360952.4, "epsg_source": 22391}}, {"type": "Feature", "geometry": {"type": "Point", "coordinates": [10.70553, 36.54833]}, "properties": {"record_id": "oai:u-bordeaux-montaigne.fr:340416", "symbol_class": "building", "pixel_x": 3853.0, "pixel_y": 2874.8, "easting": 572049.6, "northing": 360954.0, "epsg_source": 22391}}, {"type": "Feature", "geometry": {"type": "Point", "coordinates": [10.70326, 36.54836]}, "properties": {"record_id": "oai:u-bordeaux-montaigne.fr:340416", "symbol_class": "building", "pixel_x": 3805.8, "pixel_y": 2878.1, "easting": 571845.9, "northing": 360955.8, "epsg_source": 22391}}, {"type": "Feature", "geometry": {"type": "Point", "coordinates": [10.7005, 36.54839]}, "properties": {"record_id": "oai:u-bordeaux-montaigne.fr:340416", "symbol_class": "building", "pixel_x": 3748.8, "pixel_y": 2882.5, "easting": 571599.4, "northing": 360956.4, "epsg_source": 22391}}, {"type": "Feature", "geometry": {"type": "Point", "coordinates": [10.58854, 36.55555]}, "properties": {"record_id": "oai:u-bordeaux-montaigne.fr:340416", "symbol_class": "building", "pixel_x": 1415.3, "pixel_y": 2890.8, "easting": 561572.2, "northing": 361674.9, "epsg_source": 22391}}, {"type": "Feature", "geometry": {"type": "Point", "coordinates": [10.8455, 36.53836]}, "properties": {"record_id": "oai:u-bordeaux-montaigne.fr:340416", "symbol_class": "building", "pixel_x": 6772.5, "pixel_y": 2887.5, "easting": 584587.9, "northing": 359960.5, "epsg_source": 22391}}, {"type": "Feature", "geometry": {"type": "Point", "coordinates": [10.84431, 36.53835]}, "properties": {"record_id": "oai:u-bordeaux-montaigne.fr:340416", "symbol_class": "building", "pixel_x": 6747.8, "pixel_y": 2890.0, "easting": 584481.1, "northing": 359958.2, "epsg_source": 22391}}, {"type": "Feature", "geometry": {"type": "Point", "coordinates": [10.69356, 36.54842]}, "properties": {"record_id": "oai:u-bordeaux-montaigne.fr:340416", "symbol_class": "building", "pixel_x": 3605.0, "pixel_y": 2894.0, "easting": 570978.1, "northing": 360955.5, "epsg_source": 22391}}, {"type": "Feature", "geometry": {"type": "Point", "coordinates": [10.69196, 36.54843]}, "properties": {"record_id": "oai:u-bordeaux-montaigne.fr:340416", "symbol_class": "building", "pixel_x": 3571.7, "pixel_y": 2896.7, "easting": 570834.2, "northing": 360955.1, "epsg_source": 22391}}, {"type": "Feature", "geometry": {"type": "Point", "coordinates": [10.58557, 36.55524]}, "properties": {"record_id": "oai:u-bordeaux-montaigne.fr:340416", "symbol_class": "building", "pixel_x": 1354.6, "pixel_y": 2904.5, "easting": 561306.8, "northing": 361638.3, "epsg_source": 22391}}, {"type": "Feature", "geometry": {"type": "Point", "coordinates": [10.68885, 36.54844]}, "properties": {"record_id": "oai:u-bordeaux-montaigne.fr:340416", "symbol_class": "building", "pixel_x": 3507.4, "pixel_y": 2902.2, "easting": 570556.1, "northing": 360953.4, "epsg_source": 22391}}, {"type": "Feature", "geometry": {"type": "Point", "coordinates": [10.63101, 36.55202]}, "properties": {"record_id": "oai:u-bordeaux-montaigne.fr:340416", "symbol_class": "building", "pixel_x": 2302.4, "pixel_y": 2910.0, "easting": 565376.8, "northing": 361310.0, "epsg_source": 22391}}, {"type": "Feature", "geometry": {"type": "Point", "coordinates": [10.68596, 36.54845]}, "properties": {"record_id": "oai:u-bordeaux-montaigne.fr:340416", "symbol_class": "building", "pixel_x": 3447.5, "pixel_y": 2907.0, "easting": 570297.3, "northing": 360953.1, "epsg_source": 22391}}, {"type": "Feature", "geometry": {"type": "Point", "coordinates": [10.58487, 36.55481]}, "properties": {"record_id": "oai:u-bordeaux-montaigne.fr:340416", "symbol_class": "building", "pixel_x": 1341.2, "pixel_y": 2917.4, "easting": 561245.1, "northing": 361590.0, "epsg_source": 22391}}, {"type": "Feature", "geometry": {"type": "Point", "coordinates": [10.81798, 36.53925]}, "properties": {"record_id": "oai:u-bordeaux-montaigne.fr:340416", "symbol_class": "building", "pixel_x": 6200.9, "pixel_y": 2914.1, "easting": 582123.6, "northing": 360036.0, "epsg_source": 22391}}, {"type": "Feature", "geometry": {"type": "Point", "coordinates": [10.82833, 36.53855]}, "properties": {"record_id": "oai:u-bordeaux-montaigne.fr:340416", "symbol_class": "building", "pixel_x": 6416.5, "pixel_y": 2914.0, "easting": 583050.1, "northing": 359966.7, "epsg_source": 22391}}, {"type": "Feature", "geometry": {"type": "Point", "coordinates": [10.82914, 36.53853]}, "properties": {"record_id": "oai:u-bordeaux-montaigne.fr:340416", "symbol_class": "building", "pixel_x": 6433.5, "pixel_y": 2913.1, "easting": 583123.4, "northing": 359964.8, "epsg_source": 22391}}, {"type": "Feature", "geometry": {"type": "Point", "coordinates": [10.68054, 36.5485]}, "properties": {"record_id": "oai:u-bordeaux-montaigne.fr:340416", "symbol_class": "building", "pixel_x": 3335.3, "pixel_y": 2915.6, "easting": 569812.6, "northing": 360954.0, "epsg_source": 22391}}, {"type": "Feature", "geometry": {"type": "Point", "coordinates": [10.68145, 36.54848]}, "properties": {"record_id": "oai:u-bordeaux-montaigne.fr:340416", "symbol_class": "building", "pixel_x": 3354.2, "pixel_y": 2914.5, "easting": 569894.2, "northing": 360952.5, "epsg_source": 22391}}, {"type": "Feature", "geometry": {"type": "Point", "coordinates": [10.67851, 36.5485]}, "properties": {"record_id": "oai:u-bordeaux-montaigne.fr:340416", "symbol_class": "building", "pixel_x": 3293.2, "pixel_y": 2919.2, "easting": 569630.6, "northing": 360952.7, "epsg_source": 22391}}, {"type": "Feature", "geometry": {"type": "Point", "coordinates": [10.81757, 36.53907]}, "properties": {"record_id": "oai:u-bordeaux-montaigne.fr:340416", "symbol_class": "building", "pixel_x": 6192.8, "pixel_y": 2919.8, "easting": 582087.1, "northing": 360015.2, "epsg_source": 22391}}, {"type": "Feature", "geometry": {"type": "Point", "coordinates": [10.58688, 36.55447]}, "properties": {"record_id": "oai:u-bordeaux-montaigne.fr:340416", "symbol_class": "building", "pixel_x": 1383.3, "pixel_y": 2922.9, "easting": 561424.5, "northing": 361553.8, "epsg_source": 22391}}, {"type": "Feature", "geometry": {"type": "Point", "coordinates": [10.67203, 36.54858]}, "properties": {"record_id": "oai:u-bordeaux-montaigne.fr:340416", "symbol_class": "building", "pixel_x": 3158.9, "pixel_y": 2928.7, "easting": 569050.7, "northing": 360957.1, "epsg_source": 22391}}, {"type": "Feature", "geometry": {"type": "Point", "coordinates": [10.67275, 36.54853]}, "properties": {"record_id": "oai:u-bordeaux-montaigne.fr:340416", "symbol_class": "building", "pixel_x": 3173.8, "pixel_y": 2928.7, "easting": 569114.7, "northing": 360952.4, "epsg_source": 22391}}, {"type": "Feature", "geometry": {"type": "Point", "coordinates": [10.76985, 36.54174]}, "properties": {"record_id": "oai:u-bordeaux-montaigne.fr:340416", "symbol_class": "building", "pixel_x": 5198.8, "pixel_y": 2935.3, "easting": 577812.2, "northing": 360272.3, "epsg_source": 22391}}, {"type": "Feature", "geometry": {"type": "Point", "coordinates": [10.67076, 36.54856]}, "properties": {"record_id": "oai:u-bordeaux-montaigne.fr:340416", "symbol_class": "building", "pixel_x": 3132.6, "pixel_y": 2931.6, "easting": 568936.7, "northing": 360953.7, "epsg_source": 22391}}, {"type": "Feature", "geometry": {"type": "Point", "coordinates": [10.58372, 36.55402]}, "properties": {"record_id": "oai:u-bordeaux-montaigne.fr:340416", "symbol_class": "building", "pixel_x": 1319.0, "pixel_y": 2940.6, "easting": 561142.6, "northing": 361501.9, "epsg_source": 22391}}, {"type": "Feature", "geometry": {"type": "Point", "coordinates": [10.67509, 36.5481]}, "properties": {"record_id": "oai:u-bordeaux-montaigne.fr:340416", "symbol_class": "building", "pixel_x": 3223.4, "pixel_y": 2936.2, "easting": 569325.2, "northing": 360905.8, "epsg_source": 22391}}, {"type": "Feature", "geometry": {"type": "Point", "coordinates": [10.80661, 36.53875]}, "properties": {"record_id": "oai:u-bordeaux-montaigne.fr:340416", "symbol_class": "building", "pixel_x": 5966.5, "pixel_y": 2948.4, "easting": 581106.0, "northing": 359970.8, "epsg_source": 22391}}, {"type": "Feature", "geometry": {"type": "Point", "coordinates": [10.80597, 36.53875]}, "properties": {"record_id": "oai:u-bordeaux-montaigne.fr:340416", "symbol_class": "building", "pixel_x": 5953.4, "pixel_y": 2949.6, "easting": 581049.2, "northing": 359970.1, "epsg_source": 22391}}, {"type": "Feature", "geometry": {"type": "Point", "coordinates": [10.73288, 36.54344]}, "properties": {"record_id": "oai:u-bordeaux-montaigne.fr:340416", "symbol_class": "building", "pixel_x": 4429.9, "pixel_y": 2956.8, "easting": 574501.9, "northing": 360432.1, "epsg_source": 22391}}, {"type": "Feature", "geometry": {"type": "Point", "coordinates": [10.80289, 36.53881]}, "properties": {"record_id": "oai:u-bordeaux-montaigne.fr:340416", "symbol_class": "building", "pixel_x": 5889.4, "pixel_y": 2953.7, "easting": 580773.0, "northing": 359974.1, "epsg_source": 22391}}, {"type": "Feature", "geometry": {"type": "Point", "coordinates": [10.72517, 36.54403]}, "properties": {"record_id": "oai:u-bordeaux-montaigne.fr:340416", "symbol_class": "building", "pixel_x": 4269.0, "pixel_y": 2955.0, "easting": 573811.0, "northing": 360491.6, "epsg_source": 22391}}, {"type": "Feature", "geometry": {"type": "Point", "coordinates": [10.6566, 36.54863]}, "properties": {"record_id": "oai:u-bordeaux-montaigne.fr:340416", "symbol_class": "building", "pixel_x": 2839.5, "pixel_y": 2955.0, "easting": 567670.0, "northing": 360952.3, "epsg_source": 22391}}, {"type": "Feature", "geometry": {"type": "Point", "coordinates": [10.80164, 36.53882]}, "properties": {"record_id": "oai:u-bordeaux-montaigne.fr:340416", "symbol_class": "building", "pixel_x": 5863.6, "pixel_y": 2955.8, "easting": 580661.4, "northing": 359973.7, "epsg_source": 22391}}, {"type": "Feature", "geometry": {"type": "Point", "coordinates": [10.80001, 36.53883]}, "properties": {"record_id": "oai:u-bordeaux-montaigne.fr:340416", "symbol_class": "building", "pixel_x": 5829.7, "pixel_y": 2958.3, "easting": 580515.0, "northing": 359974.4, "epsg_source": 22391}}, {"type": "Feature", "geometry": {"type": "Point", "coordinates": [10.8008, 36.53879]}, "properties": {"record_id": "oai:u-bordeaux-montaigne.fr:340416", "symbol_class": "building", "pixel_x": 5846.1, "pixel_y": 2958.1, "easting": 580585.6, "northing": 359970.1, "epsg_source": 22391}}, {"type": "Feature", "geometry": {"type": "Point", "coordinates": [10.65318, 36.54864]}, "properties": {"record_id": "oai:u-bordeaux-montaigne.fr:340416", "symbol_class": "building", "pixel_x": 2768.7, "pixel_y": 2960.9, "easting": 567363.9, "northing": 360951.2, "epsg_source": 22391}}, {"type": "Feature", "geometry": {"type": "Point", "coordinates": [10.79677, 36.53883]}, "properties": {"record_id": "oai:u-bordeaux-montaigne.fr:340416", "symbol_class": "building", "pixel_x": 5762.7, "pixel_y": 2964.3, "easting": 580225.3, "northing": 359971.5, "epsg_source": 22391}}, {"type": "Feature", "geometry": {"type": "Point", "coordinates": [10.58539, 36.55284]}, "properties": {"record_id": "oai:u-bordeaux-montaigne.fr:340416", "symbol_class": "building", "pixel_x": 1356.1, "pixel_y": 2969.3, "easting": 561292.7, "northing": 361372.4, "epsg_source": 22391}}, {"type": "Feature", "geometry": {"type": "Point", "coordinates": [10.58347, 36.55295]}, "properties": {"record_id": "oai:u-bordeaux-montaigne.fr:340416", "symbol_class": "building", "pixel_x": 1316.1, "pixel_y": 2970.0, "easting": 561120.4, "northing": 361382.3, "epsg_source": 22391}}, {"type": "Feature", "geometry": {"type": "Point", "coordinates": [10.7949, 36.53885]}, "properties": {"record_id": "oai:u-bordeaux-montaigne.fr:340416", "symbol_class": "building", "pixel_x": 5724.0, "pixel_y": 2967.3, "easting": 580057.9, "northing": 359971.8, "epsg_source": 22391}}, {"type": "Feature", "geometry": {"type": "Point", "coordinates": [10.58471, 36.5528]}, "properties": {"record_id": "oai:u-bordeaux-montaigne.fr:340416", "symbol_class": "building", "pixel_x": 1342.1, "pixel_y": 2971.6, "easting": 561231.8, "northing": 361367.5, "epsg_source": 22391}}, {"type": "Feature", "geometry": {"type": "Point", "coordinates": [10.64831, 36.54866]}, "properties": {"record_id": "oai:u-bordeaux-montaigne.fr:340416", "symbol_class": "building", "pixel_x": 2667.7, "pixel_y": 2969.2, "easting": 566927.2, "northing": 360949.6, "epsg_source": 22391}}, {"type": "Feature", "geometry": {"type": "Point", "coordinates": [10.79377, 36.53882]}, "properties": {"record_id": "oai:u-bordeaux-montaigne.fr:340416", "symbol_class": "building", "pixel_x": 5700.6, "pixel_y": 2970.0, "easting": 579956.8, "northing": 359968.1, "epsg_source": 22391}}, {"type": "Feature", "geometry": {"type": "Point", "coordinates": [10.7924, 36.53887]}, "properties": {"record_id": "oai:u-bordeaux-montaigne.fr:340416", "symbol_class": "building", "pixel_x": 5672.1, "pixel_y": 2971.4, "easting": 579833.9, "northing": 359971.6, "epsg_source": 22391}}, {"type": "Feature", "geometry": {"type": "Point", "coordinates": [10.73282, 36.54282]}, "properties": {"record_id": "oai:u-bordeaux-montaigne.fr:340416", "symbol_class": "building", "pixel_x": 4430.1, "pixel_y": 2973.6, "easting": 574497.3, "northing": 360363.3, "epsg_source": 22391}}, {"type": "Feature", "geometry": {"type": "Point", "coordinates": [10.57215, 36.55333]}, "properties": {"record_id": "oai:u-bordeaux-montaigne.fr:340416", "symbol_class": "building", "pixel_x": 1081.0, "pixel_y": 2979.8, "easting": 560107.5, "northing": 361418.2, "epsg_source": 22391}}, {"type": "Feature", "geometry": {"type": "Point", "coordinates": [10.64327, 36.54872]}, "properties": {"record_id": "oai:u-bordeaux-montaigne.fr:340416", "symbol_class": "building", "pixel_x": 2563.3, "pixel_y": 2976.5, "easting": 566476.4, "northing": 360953.3, "epsg_source": 22391}}, {"type": "Feature", "geometry": {"type": "Point", "coordinates": [10.67924, 36.54617]}, "properties": {"record_id": "oai:u-bordeaux-montaigne.fr:340416", "symbol_class": "building", "pixel_x": 3313.5, "pixel_y": 2980.5, "easting": 569698.2, "northing": 360695.2, "epsg_source": 22391}}, {"type": "Feature", "geometry": {"type": "Point", "coordinates": [10.78532, 36.53889]}, "properties": {"record_id": "oai:u-bordeaux-montaigne.fr:340416", "symbol_class": "building", "pixel_x": 5525.6, "pixel_y": 2983.5, "easting": 579200.5, "northing": 359969.0, "epsg_source": 22391}}, {"type": "Feature", "geometry": {"type": "Point", "coordinates": [10.63735, 36.54877]}, "properties": {"record_id": "oai:u-bordeaux-montaigne.fr:340416", "symbol_class": "building", "pixel_x": 2440.6, "pixel_y": 2985.9, "easting": 565946.2, "northing": 360954.5, "epsg_source": 22391}}, {"type": "Feature", "geometry": {"type": "Point", "coordinates": [10.63649, 36.54878]}, "properties": {"record_id": "oai:u-bordeaux-montaigne.fr:340416", "symbol_class": "building", "pixel_x": 2422.8, "pixel_y": 2987.3, "easting": 565869.4, "northing": 360954.7, "epsg_source": 22391}}, {"type": "Feature", "geometry": {"type": "Point", "coordinates": [10.78052, 36.53895]}, "properties": {"record_id": "oai:u-bordeaux-montaigne.fr:340416", "symbol_class": "building", "pixel_x": 5426.0, "pixel_y": 2990.9, "easting": 578770.1, "northing": 359971.2, "epsg_source": 22391}}, {"type": "Feature", "geometry": {"type": "Point", "coordinates": [10.63342, 36.54877]}, "properties": {"record_id": "oai:u-bordeaux-montaigne.fr:340416", "symbol_class": "building", "pixel_x": 2359.3, "pixel_y": 2992.9, "easting": 565594.8, "northing": 360952.0, "epsg_source": 22391}}, {"type": "Feature", "geometry": {"type": "Point", "coordinates": [10.63409, 36.54872]}, "properties": {"record_id": "oai:u-bordeaux-montaigne.fr:340416", "symbol_class": "building", "pixel_x": 2373.3, "pixel_y": 2993.1, "easting": 565654.9, "northing": 360946.5, "epsg_source": 22391}}, {"type": "Feature", "geometry": {"type": "Point", "coordinates": [10.77765, 36.53895]}, "properties": {"record_id": "oai:u-bordeaux-montaigne.fr:340416", "symbol_class": "building", "pixel_x": 5366.6, "pixel_y": 2996.0, "easting": 578513.6, "northing": 359969.5, "epsg_source": 22391}}, {"type": "Feature", "geometry": {"type": "Point", "coordinates": [10.62725, 36.54881]}, "properties": {"record_id": "oai:u-bordeaux-montaigne.fr:340416", "symbol_class": "building", "pixel_x": 2231.5, "pixel_y": 3003.0, "easting": 565042.6, "northing": 360951.8, "epsg_source": 22391}}, {"type": "Feature", "geometry": {"type": "Point", "coordinates": [10.72243, 36.54235]}, "properties": {"record_id": "oai:u-bordeaux-montaigne.fr:340416", "symbol_class": "building", "pixel_x": 4216.0, "pixel_y": 3005.1, "easting": 573567.7, "northing": 360303.2, "epsg_source": 22391}}, {"type": "Feature", "geometry": {"type": "Point", "coordinates": [10.77275, 36.539]}, "properties": {"record_id": "oai:u-bordeaux-montaigne.fr:340416", "symbol_class": "building", "pixel_x": 5265.0, "pixel_y": 3003.7, "easting": 578074.7, "northing": 359970.6, "epsg_source": 22391}}, {"type": "Feature", "geometry": {"type": "Point", "coordinates": [10.77122, 36.53903]}, "properties": {"record_id": "oai:u-bordeaux-montaigne.fr:340416", "symbol_class": "building", "pixel_x": 5233.4, "pixel_y": 3005.8, "easting": 577938.0, "northing": 359972.2, "epsg_source": 22391}}, {"type": "Feature", "geometry": {"type": "Point", "coordinates": [10.62501, 36.54884]}, "properties": {"record_id": "oai:u-bordeaux-montaigne.fr:340416", "symbol_class": "building", "pixel_x": 2185.1, "pixel_y": 3006.2, "easting": 564842.3, "northing": 360953.8, "epsg_source": 22391}}, {"type": "Feature", "geometry": {"type": "Point", "coordinates": [10.76996, 36.53903]}, "properties": {"record_id": "oai:u-bordeaux-montaigne.fr:340416", "symbol_class": "building", "pixel_x": 5207.2, "pixel_y": 3007.9, "easting": 577825.0, "northing": 359972.0, "epsg_source": 22391}}, {"type": "Feature", "geometry": {"type": "Point", "coordinates": [10.62397, 36.54879]}, "properties": {"record_id": "oai:u-bordeaux-montaigne.fr:340416", "symbol_class": "building", "pixel_x": 2163.5, "pixel_y": 3009.3, "easting": 564748.5, "northing": 360948.0, "epsg_source": 22391}}, {"type": "Feature", "geometry": {"type": "Point", "coordinates": [10.76878, 36.53906]}, "properties": {"record_id": "oai:u-bordeaux-montaigne.fr:340416", "symbol_class": "building", "pixel_x": 5182.7, "pixel_y": 3009.3, "easting": 577719.3, "northing": 359973.9, "epsg_source": 22391}}, {"type": "Feature", "geometry": {"type": "Point", "coordinates": [10.76758, 36.53905]}, "properties": {"record_id": "oai:u-bordeaux-montaigne.fr:340416", "symbol_class": "building", "pixel_x": 5157.9, "pixel_y": 3011.8, "easting": 577611.9, "northing": 359972.0, "epsg_source": 22391}}, {"type": "Feature", "geometry": {"type": "Point", "coordinates": [10.76617, 36.53909]}, "properties": {"record_id": "oai:u-bordeaux-montaigne.fr:340416", "symbol_class": "building", "pixel_x": 5128.7, "pixel_y": 3013.3, "easting": 577485.7, "northing": 359975.1, "epsg_source": 22391}}, {"type": "Feature", "geometry": {"type": "Point", "coordinates": [10.76379, 36.5391]}, "properties": {"record_id": "oai:u-bordeaux-montaigne.fr:340416", "symbol_class": "building", "pixel_x": 5079.4, "pixel_y": 3017.2, "easting": 577272.9, "northing": 359975.0, "epsg_source": 22391}}, {"type": "Feature", "geometry": {"type": "Point", "coordinates": [10.76229, 36.53914]}, "properties": {"record_id": "oai:u-bordeaux-montaigne.fr:340416", "symbol_class": "building", "pixel_x": 5048.3, "pixel_y": 3018.9, "easting": 577138.7, "northing": 359978.1, "epsg_source": 22391}}, {"type": "Feature", "geometry": {"type": "Point", "coordinates": [10.76124, 36.53911]}, "properties": {"record_id": "oai:u-bordeaux-montaigne.fr:340416", "symbol_class": "building", "pixel_x": 5026.6, "pixel_y": 3021.6, "easting": 577044.6, "northing": 359974.1, "epsg_source": 22391}}, {"type": "Feature", "geometry": {"type": "Point", "coordinates": [10.60476, 36.54888]}, "properties": {"record_id": "oai:u-bordeaux-montaigne.fr:340416", "symbol_class": "building", "pixel_x": 1765.7, "pixel_y": 3041.3, "easting": 563029.3, "northing": 360945.1, "epsg_source": 22391}}, {"type": "Feature", "geometry": {"type": "Point", "coordinates": [10.74904, 36.5392]}, "properties": {"record_id": "oai:u-bordeaux-montaigne.fr:340416", "symbol_class": "building", "pixel_x": 4773.8, "pixel_y": 3041.5, "easting": 575952.4, "northing": 359974.2, "epsg_source": 22391}}, {"type": "Feature", "geometry": {"type": "Point", "coordinates": [10.74822, 36.53917]}, "properties": {"record_id": "oai:u-bordeaux-montaigne.fr:340416", "symbol_class": "building", "pixel_x": 4756.8, "pixel_y": 3043.8, "easting": 575878.6, "northing": 359970.1, "epsg_source": 22391}}, {"type": "Feature", "geometry": {"type": "Point", "coordinates": [10.59834, 36.54897]}, "properties": {"record_id": "oai:u-bordeaux-montaigne.fr:340416", "symbol_class": "building", "pixel_x": 1632.6, "pixel_y": 3050.4, "easting": 562454.8, "northing": 360950.8, "epsg_source": 22391}}, {"type": "Feature", "geometry": {"type": "Point", "coordinates": [10.74376, 36.53919]}, "properties": {"record_id": "oai:u-bordeaux-montaigne.fr:340416", "symbol_class": "building", "pixel_x": 4664.5, "pixel_y": 3051.3, "easting": 575479.6, "northing": 359969.0, "epsg_source": 22391}}, {"type": "Feature", "geometry": {"type": "Point", "coordinates": [10.57426, 36.55046]}, "properties": {"record_id": "oai:u-bordeaux-montaigne.fr:340416", "symbol_class": "building", "pixel_x": 1131.0, "pixel_y": 3053.2, "easting": 560298.6, "northing": 361101.0, "epsg_source": 22391}}, {"type": "Feature", "geometry": {"type": "Point", "coordinates": [10.59578, 36.549]}, "properties": {"record_id": "oai:u-bordeaux-montaigne.fr:340416", "symbol_class": "building", "pixel_x": 1579.6, "pixel_y": 3054.1, "easting": 562225.7, "northing": 360952.8, "epsg_source": 22391}}, {"type": "Feature", "geometry": {"type": "Point", "coordinates": [10.64112, 36.54597]}, "properties": {"record_id": "oai:u-bordeaux-montaigne.fr:340416", "symbol_class": "building", "pixel_x": 2524.7, "pixel_y": 3054.3, "easting": 566285.9, "northing": 360646.8, "epsg_source": 22391}}, {"type": "Feature", "geometry": {"type": "Point", "coordinates": [10.88969, 36.52912]}, "properties": {"record_id": "oai:u-bordeaux-montaigne.fr:340416", "symbol_class": "building", "pixel_x": 7708.0, "pixel_y": 3054.4, "easting": 588553.6, "northing": 358974.9, "epsg_source": 22391}}, {"type": "Feature", "geometry": {"type": "Point", "coordinates": [10.66392, 36.54427]}, "properties": {"record_id": "oai:u-bordeaux-montaigne.fr:340416", "symbol_class": "building", "pixel_x": 3000.6, "pixel_y": 3059.2, "easting": 568328.7, "northing": 360473.4, "epsg_source": 22391}}, {"type": "Feature", "geometry": {"type": "Point", "coordinates": [10.59227, 36.549]}, "properties": {"record_id": "oai:u-bordeaux-montaigne.fr:340416", "symbol_class": "building", "pixel_x": 1507.0, "pixel_y": 3060.4, "easting": 561911.7, "northing": 360950.4, "epsg_source": 22391}}, {"type": "Feature", "geometry": {"type": "Point", "coordinates": [10.73802, 36.53925]}, "properties": {"record_id": "oai:u-bordeaux-montaigne.fr:340416", "symbol_class": "building", "pixel_x": 4545.5, "pixel_y": 3060.1, "easting": 574965.5, "northing": 359971.3, "epsg_source": 22391}}, {"type": "Feature", "geometry": {"type": "Point", "coordinates": [10.67974, 36.54305]}, "properties": {"record_id": "oai:u-bordeaux-montaigne.fr:340416", "symbol_class": "building", "pixel_x": 3330.7, "pixel_y": 3063.5, "easting": 569745.6, "northing": 360349.5, "epsg_source": 22391}}, {"type": "Feature", "geometry": {"type": "Point", "coordinates": [10.88418, 36.52916]}, "properties": {"record_id": "oai:u-bordeaux-montaigne.fr:340416", "symbol_class": "building", "pixel_x": 7593.8, "pixel_y": 3063.5, "easting": 588059.9, "northing": 358974.4, "epsg_source": 22391}}, {"type": "Feature", "geometry": {"type": "Point", "coordinates": [10.66397, 36.54395]}, "properties": {"record_id": "oai:u-bordeaux-montaigne.fr:340416", "symbol_class": "building", "pixel_x": 3002.4, "pixel_y": 3067.8, "easting": 568333.6, "northing": 360437.5, "epsg_source": 22391}}, {"type": "Feature", "geometry": {"type": "Point", "coordinates": [10.73149, 36.53933]}, "properties": {"record_id": "oai:u-bordeaux-montaigne.fr:340416", "symbol_class": "building", "pixel_x": 4410.2, "pixel_y": 3070.0, "easting": 574381.1, "northing": 359974.5, "epsg_source": 22391}}, {"type": "Feature", "geometry": {"type": "Point", "coordinates": [10.59246, 36.54854]}, "properties": {"record_id": "oai:u-bordeaux-montaigne.fr:340416", "symbol_class": "building", "pixel_x": 1511.9, "pixel_y": 3072.4, "easting": 561928.8, "northing": 360899.4, "epsg_source": 22391}}, {"type": "Feature", "geometry": {"type": "Point", "coordinates": [10.66445, 36.54369]}, "properties": {"record_id": "oai:u-bordeaux-montaigne.fr:340416", "symbol_class": "building", "pixel_x": 3012.9, "pixel_y": 3074.0, "easting": 568376.8, "northing": 360409.0, "epsg_source": 22391}}, {"type": "Feature", "geometry": {"type": "Point", "coordinates": [10.72848, 36.53932]}, "properties": {"record_id": "oai:u-bordeaux-montaigne.fr:340416", "symbol_class": "building", "pixel_x": 4347.9, "pixel_y": 3075.6, "easting": 574111.8, "northing": 359971.7, "epsg_source": 22391}}, {"type": "Feature", "geometry": {"type": "Point", "coordinates": [10.59204, 36.54826]}, "properties": {"record_id": "oai:u-bordeaux-montaigne.fr:340416", "symbol_class": "building", "pixel_x": 1503.8, "pixel_y": 3080.7, "easting": 561891.4, "northing": 360868.0, "epsg_source": 22391}}, {"type": "Feature", "geometry": {"type": "Point", "coordinates": [10.7277, 36.53932]}, "properties": {"record_id": "oai:u-bordeaux-montaigne.fr:340416", "symbol_class": "building", "pixel_x": 4331.9, "pixel_y": 3077.1, "easting": 574042.2, "northing": 359970.7, "epsg_source": 22391}}, {"type": "Feature", "geometry": {"type": "Point", "coordinates": [10.72651, 36.53931]}, "properties": {"record_id": "oai:u-bordeaux-montaigne.fr:340416", "symbol_class": "building", "pixel_x": 4307.2, "pixel_y": 3079.5, "easting": 573935.8, "northing": 359968.8, "epsg_source": 22391}}, {"type": "Feature", "geometry": {"type": "Point", "coordinates": [10.66851, 36.5431]}, "properties": {"record_id": "oai:u-bordeaux-montaigne.fr:340416", "symbol_class": "building", "pixel_x": 3098.1, "pixel_y": 3082.3, "easting": 568740.3, "northing": 360347.2, "epsg_source": 22391}}, {"type": "Feature", "geometry": {"type": "Point", "coordinates": [10.60693, 36.54708]}, "properties": {"record_id": "oai:u-bordeaux-montaigne.fr:340416", "symbol_class": "building", "pixel_x": 1814.7, "pixel_y": 3085.9, "easting": 563225.6, "northing": 360746.6, "epsg_source": 22391}}, {"type": "Feature", "geometry": {"type": "Point", "coordinates": [10.66515, 36.5431]}, "properties": {"record_id": "oai:u-bordeaux-montaigne.fr:340416", "symbol_class": "building", "pixel_x": 3028.7, "pixel_y": 3088.5, "easting": 568440.1, "northing": 360344.2, "epsg_source": 22391}}, {"type": "Feature", "geometry": {"type": "Point", "coordinates": [10.57648, 36.54908]}, "properties": {"record_id": "oai:u-bordeaux-montaigne.fr:340416", "symbol_class": "building", "pixel_x": 1179.9, "pixel_y": 3086.4, "easting": 560498.4, "northing": 360949.1, "epsg_source": 22391}}, {"type": "Feature", "geometry": {"type": "Point", "coordinates": [10.72097, 36.53939]}, "properties": {"record_id": "oai:u-bordeaux-montaigne.fr:340416", "symbol_class": "building", "pixel_x": 4192.3, "pixel_y": 3087.3, "easting": 573439.3, "northing": 359973.9, "epsg_source": 22391}}, {"type": "Feature", "geometry": {"type": "Point", "coordinates": [10.66836, 36.54284]}, "properties": {"record_id": "oai:u-bordeaux-montaigne.fr:340416", "symbol_class": "building", "pixel_x": 3095.6, "pixel_y": 3089.7, "easting": 568727.2, "northing": 360318.0, "epsg_source": 22391}}, {"type": "Feature", "geometry": {"type": "Point", "coordinates": [10.59282, 36.54777]}, "properties": {"record_id": "oai:u-bordeaux-montaigne.fr:340416", "symbol_class": "building", "pixel_x": 1521.1, "pixel_y": 3092.6, "easting": 561962.1, "northing": 360813.6, "epsg_source": 22391}}, {"type": "Feature", "geometry": {"type": "Point", "coordinates": [10.7184, 36.53938]}, "properties": {"record_id": "oai:u-bordeaux-montaigne.fr:340416", "symbol_class": "building", "pixel_x": 4139.1, "pixel_y": 3092.2, "easting": 573209.2, "northing": 359971.0, "epsg_source": 22391}}, {"type": "Feature", "geometry": {"type": "Point", "coordinates": [10.71355, 36.53945]}, "properties": {"record_id": "oai:u-bordeaux-montaigne.fr:340416", "symbol_class": "building", "pixel_x": 4038.7, "pixel_y": 3099.3, "easting": 572775.5, "northing": 359974.1, "epsg_source": 22391}}, {"type": "Feature", "geometry": {"type": "Point", "coordinates": [10.76754, 36.53569]}, "properties": {"record_id": "oai:u-bordeaux-montaigne.fr:340416", "symbol_class": "building", "pixel_x": 5164.6, "pixel_y": 3102.1, "easting": 577611.6, "northing": 359599.5, "epsg_source": 22391}}, {"type": "Feature", "geometry": {"type": "Point", "coordinates": [10.86175, 36.52938]}, "properties": {"record_id": "oai:u-bordeaux-montaigne.fr:340416", "symbol_class": "building", "pixel_x": 7129.0, "pixel_y": 3098.9, "easting": 586052.0, "northing": 358978.9, "epsg_source": 22391}}, {"type": "Feature", "geometry": {"type": "Point", "coordinates": [10.86071, 36.52941]}, "properties": {"record_id": "oai:u-bordeaux-montaigne.fr:340416", "symbol_class": "building", "pixel_x": 7107.5, "pixel_y": 3100.1, "easting": 585959.2, "northing": 358981.2, "epsg_source": 22391}}, {"type": "Feature", "geometry": {"type": "Point", "coordinates": [10.63496, 36.54456]}, "properties": {"record_id": "oai:u-bordeaux-montaigne.fr:340416", "symbol_class": "building", "pixel_x": 2400.4, "pixel_y": 3103.6, "easting": 565736.2, "northing": 360485.2, "epsg_source": 22391}}, {"type": "Feature", "geometry": {"type": "Point", "coordinates": [10.71207, 36.53944]}, "properties": {"record_id": "oai:u-bordeaux-montaigne.fr:340416", "symbol_class": "building", "pixel_x": 4008.1, "pixel_y": 3102.2, "easting": 572643.2, "northing": 359972.3, "epsg_source": 22391}}, {"type": "Feature", "geometry": {"type": "Point", "coordinates": [10.86019, 36.52936]}, "properties": {"record_id": "oai:u-bordeaux-montaigne.fr:340416", "symbol_class": "building", "pixel_x": 7096.8, "pixel_y": 3102.4, "easting": 585912.6, "northing": 358975.3, "epsg_source": 22391}}, {"type": "Feature", "geometry": {"type": "Point", "coordinates": [10.63511, 36.54416]}, "properties": {"record_id": "oai:u-bordeaux-montaigne.fr:340416", "symbol_class": "building", "pixel_x": 2404.4, "pixel_y": 3113.9, "easting": 565750.0, "northing": 360441.5, "epsg_source": 22391}}, {"type": "Feature", "geometry": {"type": "Point", "coordinates": [10.70358, 36.53953]}, "properties": {"record_id": "oai:u-bordeaux-montaigne.fr:340416", "symbol_class": "building", "pixel_x": 3831.9, "pixel_y": 3115.1, "easting": 571882.4, "northing": 359976.3, "epsg_source": 22391}}, {"type": "Feature", "geometry": {"type": "Point", "coordinates": [10.63464, 36.54403]}, "properties": {"record_id": "oai:u-bordeaux-montaigne.fr:340416", "symbol_class": "building", "pixel_x": 2395.0, "pixel_y": 3118.4, "easting": 565708.0, "northing": 360426.3, "epsg_source": 22391}}, {"type": "Feature", "geometry": {"type": "Point", "coordinates": [10.85026, 36.52946]}, "properties": {"record_id": "oai:u-bordeaux-montaigne.fr:340416", "symbol_class": "building", "pixel_x": 6891.1, "pixel_y": 3118.1, "easting": 585023.7, "northing": 358977.3, "epsg_source": 22391}}, {"type": "Feature", "geometry": {"type": "Point", "coordinates": [10.84621, 36.52951]}, "properties": {"record_id": "oai:u-bordeaux-montaigne.fr:340416", "symbol_class": "building", "pixel_x": 6807.0, "pixel_y": 3124.2, "easting": 584660.6, "northing": 358979.2, "epsg_source": 22391}}, {"type": "Feature", "geometry": {"type": "Point", "coordinates": [10.84363, 36.52957]}, "properties": {"record_id": "oai:u-bordeaux-montaigne.fr:340416", "symbol_class": "building", "pixel_x": 6753.4, "pixel_y": 3127.4, "easting": 584429.4, "northing": 358983.6, "epsg_source": 22391}}, {"type": "Feature", "geometry": {"type": "Point", "coordinates": [10.84399, 36.52954]}, "properties": {"record_id": "oai:u-bordeaux-montaigne.fr:340416", "symbol_class": "building", "pixel_x": 6761.1, "pixel_y": 3127.4, "easting": 584462.2, "northing": 358981.0, "epsg_source": 22391}}, {"type": "Feature", "geometry": {"type": "Point", "coordinates": [10.69332, 36.5396]}, "properties": {"record_id": "oai:u-bordeaux-montaigne.fr:340416", "symbol_class": "building", "pixel_x": 3619.5, "pixel_y": 3131.9, "easting": 570964.3, "northing": 359976.1, "epsg_source": 22391}}, {"type": "Feature", "geometry": {"type": "Point", "coordinates": [10.69219, 36.53959]}, "properties": {"record_id": "oai:u-bordeaux-montaigne.fr:340416", "symbol_class": "building", "pixel_x": 3596.0, "pixel_y": 3134.1, "easting": 570862.9, "northing": 359974.3, "epsg_source": 22391}}, {"type": "Feature", "geometry": {"type": "Point", "coordinates": [10.675, 36.54056]}, "properties": {"record_id": "oai:u-bordeaux-montaigne.fr:340416", "symbol_class": "building", "pixel_x": 3238.1, "pixel_y": 3139.0, "easting": 569323.6, "northing": 360069.7, "epsg_source": 22391}}, {"type": "Feature", "geometry": {"type": "Point", "coordinates": [10.68564, 36.5396]}, "properties": {"record_id": "oai:u-bordeaux-montaigne.fr:340416", "symbol_class": "building", "pixel_x": 3460.5, "pixel_y": 3145.6, "easting": 570277.0, "northing": 359970.9, "epsg_source": 22391}}, {"type": "Feature", "geometry": {"type": "Point", "coordinates": [10.68458, 36.53964]}, "properties": {"record_id": "oai:u-bordeaux-montaigne.fr:340416", "symbol_class": "building", "pixel_x": 3438.3, "pixel_y": 3146.4, "easting": 570181.5, "northing": 359974.8, "epsg_source": 22391}}, {"type": "Feature", "geometry": {"type": "Point", "coordinates": [10.68318, 36.53965]}, "properties": {"record_id": "oai:u-bordeaux-montaigne.fr:340416", "symbol_class": "building", "pixel_x": 3409.3, "pixel_y": 3148.8, "easting": 570056.1, "northing": 359974.4, "epsg_source": 22391}}, {"type": "Feature", "geometry": {"type": "Point", "coordinates": [10.82616, 36.52974]}, "properties": {"record_id": "oai:u-bordeaux-montaigne.fr:340416", "symbol_class": "building", "pixel_x": 6391.5, "pixel_y": 3154.9, "easting": 582865.7, "northing": 358987.4, "epsg_source": 22391}}, {"type": "Feature", "geometry": {"type": "Point", "coordinates": [10.67672, 36.53968]}, "properties": {"record_id": "oai:u-bordeaux-montaigne.fr:340416", "symbol_class": "building", "pixel_x": 3275.6, "pixel_y": 3159.6, "easting": 569478.3, "northing": 359973.3, "epsg_source": 22391}}, {"type": "Feature", "geometry": {"type": "Point", "coordinates": [10.82214, 36.52975]}, "properties": {"record_id": "oai:u-bordeaux-montaigne.fr:340416", "symbol_class": "building", "pixel_x": 6308.2, "pixel_y": 3162.1, "easting": 582505.7, "northing": 358984.9, "epsg_source": 22391}}, {"type": "Feature", "geometry": {"type": "Point", "coordinates": [10.67249, 36.53974]}, "properties": {"record_id": "oai:u-bordeaux-montaigne.fr:340416", "symbol_class": "building", "pixel_x": 3188.0, "pixel_y": 3165.5, "easting": 569099.9, "northing": 359977.5, "epsg_source": 22391}}, {"type": "Feature", "geometry": {"type": "Point", "coordinates": [10.6705, 36.53975]}, "properties": {"record_id": "oai:u-bordeaux-montaigne.fr:340416", "symbol_class": "building", "pixel_x": 3146.8, "pixel_y": 3168.9, "easting": 568921.8, "northing": 359976.5, "epsg_source": 22391}}, {"type": "Feature", "geometry": {"type": "Point", "coordinates": [10.57247, 36.54624]}, "properties": {"record_id": "oai:u-bordeaux-montaigne.fr:340416", "symbol_class": "building", "pixel_x": 1103.1, "pixel_y": 3169.8, "easting": 560141.6, "northing": 360632.2, "epsg_source": 22391}}, {"type": "Feature", "geometry": {"type": "Point", "coordinates": [10.81605, 36.52983]}, "properties": {"record_id": "oai:u-bordeaux-montaigne.fr:340416", "symbol_class": "building", "pixel_x": 6182.0, "pixel_y": 3171.1, "easting": 581960.4, "northing": 358988.6, "epsg_source": 22391}}, {"type": "Feature", "geometry": {"type": "Point", "coordinates": [10.66848, 36.53977]}, "properties": {"record_id": "oai:u-bordeaux-montaigne.fr:340416", "symbol_class": "building", "pixel_x": 3104.8, "pixel_y": 3172.1, "easting": 568740.6, "northing": 359977.2, "epsg_source": 22391}}, {"type": "Feature", "geometry": {"type": "Point", "coordinates": [10.81399, 36.52987]}, "properties": {"record_id": "oai:u-bordeaux-montaigne.fr:340416", "symbol_class": "building", "pixel_x": 6139.3, "pixel_y": 3173.8, "easting": 581776.3, "northing": 358991.4, "epsg_source": 22391}}, {"type": "Feature", "geometry": {"type": "Point", "coordinates": [10.58759, 36.54492]}, "properties": {"record_id": "oai:u-bordeaux-montaigne.fr:340416", "symbol_class": "building", "pixel_x": 1419.0, "pixel_y": 3178.6, "easting": 561496.2, "northing": 360494.1, "epsg_source": 22391}}, {"type": "Feature", "geometry": {"type": "Point", "coordinates": [10.66527, 36.53978]}, "properties": {"record_id": "oai:u-bordeaux-montaigne.fr:340416", "symbol_class": "building", "pixel_x": 3038.4, "pixel_y": 3177.4, "easting": 568453.6, "northing": 359976.7, "epsg_source": 22391}}, {"type": "Feature", "geometry": {"type": "Point", "coordinates": [10.57161, 36.54587]}, "properties": {"record_id": "oai:u-bordeaux-montaigne.fr:340416", "symbol_class": "building", "pixel_x": 1086.0, "pixel_y": 3181.5, "easting": 560064.5, "northing": 360589.7, "epsg_source": 22391}}, {"type": "Feature", "geometry": {"type": "Point", "coordinates": [10.80931, 36.52989]}, "properties": {"record_id": "oai:u-bordeaux-montaigne.fr:340416", "symbol_class": "building", "pixel_x": 6042.3, "pixel_y": 3181.7, "easting": 581357.2, "northing": 358990.4, "epsg_source": 22391}}, {"type": "Feature", "geometry": {"type": "Point", "coordinates": [10.66074, 36.53981]}, "properties": {"record_id": "oai:u-bordeaux-montaigne.fr:340416", "symbol_class": "building", "pixel_x": 2944.6, "pixel_y": 3184.9, "easting": 568047.9, "northing": 359976.2, "epsg_source": 22391}}, {"type": "Feature", "geometry": {"type": "Point", "coordinates": [10.58418, 36.54476]}, "properties": {"record_id": "oai:u-bordeaux-montaigne.fr:340416", "symbol_class": "building", "pixel_x": 1348.7, "pixel_y": 3188.8, "easting": 561190.6, "northing": 360475.0, "epsg_source": 22391}}, {"type": "Feature", "geometry": {"type": "Point", "coordinates": [10.80635, 36.52987]}, "properties": {"record_id": "oai:u-bordeaux-montaigne.fr:340416", "symbol_class": "building", "pixel_x": 5981.1, "pixel_y": 3187.6, "easting": 581092.3, "northing": 358985.8, "epsg_source": 22391}}, {"type": "Feature", "geometry": {"type": "Point", "coordinates": [10.80457, 36.52993]}, "properties": {"record_id": "oai:u-bordeaux-montaigne.fr:340416", "symbol_class": "building", "pixel_x": 5944.1, "pixel_y": 3189.3, "easting": 580932.9, "northing": 358990.6, "epsg_source": 22391}}, {"type": "Feature", "geometry": {"type": "Point", "coordinates": [10.80082, 36.52997]}, "properties": {"record_id": "oai:u-bordeaux-montaigne.fr:340416", "symbol_class": "building", "pixel_x": 5866.3, "pixel_y": 3195.0, "easting": 580596.8, "northing": 358992.3, "epsg_source": 22391}}, {"type": "Feature", "geometry": {"type": "Point", "coordinates": [10.70928, 36.53593]}, "properties": {"record_id": "oai:u-bordeaux-montaigne.fr:340416", "symbol_class": "building", "pixel_x": 3958.0, "pixel_y": 3201.6, "easting": 572396.4, "northing": 359580.9, "epsg_source": 22391}}, {"type": "Feature", "geometry": {"type": "Point", "coordinates": [10.79617, 36.52998]}, "properties": {"record_id": "oai:u-bordeaux-montaigne.fr:340416", "symbol_class": "building", "pixel_x": 5770.0, "pixel_y": 3203.5, "easting": 580180.2, "northing": 358988.8, "epsg_source": 22391}}, {"type": "Feature", "geometry": {"type": "Point", "coordinates": [10.6485, 36.53986]}, "properties": {"record_id": "oai:u-bordeaux-montaigne.fr:340416", "symbol_class": "building", "pixel_x": 2691.0, "pixel_y": 3205.5, "easting": 566952.0, "northing": 359973.7, "epsg_source": 22391}}, {"type": "Feature", "geometry": {"type": "Point", "coordinates": [10.60596, 36.54256]}, "properties": {"record_id": "oai:u-bordeaux-montaigne.fr:340416", "symbol_class": "building", "pixel_x": 1804.4, "pixel_y": 3209.2, "easting": 563141.8, "northing": 360244.4, "epsg_source": 22391}}, {"type": "Feature", "geometry": {"type": "Point", "coordinates": [10.79297, 36.53003]}, "properties": {"record_id": "oai:u-bordeaux-montaigne.fr:340416", "symbol_class": "building", "pixel_x": 5703.7, "pixel_y": 3208.0, "easting": 579893.8, "northing": 358991.6, "epsg_source": 22391}}, {"type": "Feature", "geometry": {"type": "Point", "coordinates": [10.58943, 36.54333]}, "properties": {"record_id": "oai:u-bordeaux-montaigne.fr:340416", "symbol_class": "building", "pixel_x": 1460.6, "pixel_y": 3218.0, "easting": 561662.1, "northing": 360319.2, "epsg_source": 22391}}, {"type": "Feature", "geometry": {"type": "Point", "coordinates": [10.72984, 36.53391]}, "properties": {"record_id": "oai:u-bordeaux-montaigne.fr:340416", "symbol_class": "building", "pixel_x": 4388.1, "pixel_y": 3218.5, "easting": 574238.6, "northing": 359373.0, "epsg_source": 22391}}, {"type": "Feature", "geometry": {"type": "Point", "coordinates": [10.57139, 36.54436]}, "properties": {"record_id": "oai:u-bordeaux-montaigne.fr:340416", "symbol_class": "building", "pixel_x": 1084.8, "pixel_y": 3222.4, "easting": 560046.1, "northing": 360422.5, "epsg_source": 22391}}, {"type": "Feature", "geometry": {"type": "Point", "coordinates": [10.6386, 36.5399]}, "properties": {"record_id": "oai:u-bordeaux-montaigne.fr:340416", "symbol_class": "building", "pixel_x": 2485.9, "pixel_y": 3222.2, "easting": 566065.4, "northing": 359971.5, "epsg_source": 22391}}, {"type": "Feature", "geometry": {"type": "Point", "coordinates": [10.63715, 36.53994]}, "properties": {"record_id": "oai:u-bordeaux-montaigne.fr:340416", "symbol_class": "building", "pixel_x": 2455.9, "pixel_y": 3223.7, "easting": 565936.3, "northing": 359974.9, "epsg_source": 22391}}, {"type": "Feature", "geometry": {"type": "Point", "coordinates": [10.78344, 36.53011]}, "properties": {"record_id": "oai:u-bordeaux-montaigne.fr:340416", "symbol_class": "building", "pixel_x": 5506.2, "pixel_y": 3223.2, "easting": 579040.4, "northing": 358993.0, "epsg_source": 22391}}, {"type": "Feature", "geometry": {"type": "Point", "coordinates": [10.63614, 36.53994]}, "properties": {"record_id": "oai:u-bordeaux-montaigne.fr:340416", "symbol_class": "building", "pixel_x": 2434.9, "pixel_y": 3225.6, "easting": 565845.5, "northing": 359973.9, "epsg_source": 22391}}, {"type": "Feature", "geometry": {"type": "Point", "coordinates": [10.8262, 36.52696]}, "properties": {"record_id": "oai:u-bordeaux-montaigne.fr:340416", "symbol_class": "building", "pixel_x": 6398.5, "pixel_y": 3229.6, "easting": 582871.8, "northing": 358679.1, "epsg_source": 22391}}, {"type": "Feature", "geometry": {"type": "Point", "coordinates": [10.77959, 36.53011]}, "properties": {"record_id": "oai:u-bordeaux-montaigne.fr:340416", "symbol_class": "building", "pixel_x": 5426.5, "pixel_y": 3230.1, "easting": 578696.1, "northing": 358990.4, "epsg_source": 22391}}, {"type": "Feature", "geometry": {"type": "Point", "coordinates": [10.77678, 36.53012]}, "properties": {"record_id": "oai:u-bordeaux-montaigne.fr:340416", "symbol_class": "building", "pixel_x": 5368.2, "pixel_y": 3235.1, "easting": 578444.1, "northing": 358989.0, "epsg_source": 22391}}, {"type": "Feature", "geometry": {"type": "Point", "coordinates": [10.83028, 36.52618]}, "properties": {"record_id": "oai:u-bordeaux-montaigne.fr:340416", "symbol_class": "building", "pixel_x": 6484.8, "pixel_y": 3243.1, "easting": 583238.5, "northing": 358595.8, "epsg_source": 22391}}, {"type": "Feature", "geometry": {"type": "Point", "coordinates": [10.77275, 36.53017]}, "properties": {"record_id": "oai:u-bordeaux-montaigne.fr:340416", "symbol_class": "building", "pixel_x": 5284.8, "pixel_y": 3241.0, "easting": 578083.6, "northing": 358991.5, "epsg_source": 22391}}, {"type": "Feature", "geometry": {"type": "Point", "coordinates": [10.77132, 36.53017]}, "properties": {"record_id": "oai:u-bordeaux-montaigne.fr:340416", "symbol_class": "building", "pixel_x": 5255.1, "pixel_y": 3243.7, "easting": 577955.4, "northing": 358990.1, "epsg_source": 22391}}, {"type": "Feature", "geometry": {"type": "Point", "coordinates": [10.83071, 36.52606]}, "properties": {"record_id": "oai:u-bordeaux-montaigne.fr:340416", "symbol_class": "building", "pixel_x": 6493.9, "pixel_y": 3245.5, "easting": 583276.6, "northing": 358583.0, "epsg_source": 22391}}, {"type": "Feature", "geometry": {"type": "Point", "coordinates": [10.77026, 36.53016]}, "properties": {"record_id": "oai:u-bordeaux-montaigne.fr:340416", "symbol_class": "building", "pixel_x": 5233.2, "pixel_y": 3245.8, "easting": 577860.6, "northing": 358988.5, "epsg_source": 22391}}, {"type": "Feature", "geometry": {"type": "Point", "coordinates": [10.83113, 36.52584]}, "properties": {"record_id": "oai:u-bordeaux-montaigne.fr:340416", "symbol_class": "building", "pixel_x": 6503.0, "pixel_y": 3250.6, "easting": 583314.2, "northing": 358559.3, "epsg_source": 22391}}, {"type": "Feature", "geometry": {"type": "Point", "coordinates": [10.76733, 36.53025]}, "properties": {"record_id": "oai:u-bordeaux-montaigne.fr:340416", "symbol_class": "building", "pixel_x": 5172.4, "pixel_y": 3248.9, "easting": 577598.6, "northing": 358995.4, "epsg_source": 22391}}, {"type": "Feature", "geometry": {"type": "Point", "coordinates": [10.76841, 36.53018]}, "properties": {"record_id": "oai:u-bordeaux-montaigne.fr:340416", "symbol_class": "building", "pixel_x": 5194.9, "pixel_y": 3248.6, "easting": 577695.3, "northing": 358989.2, "epsg_source": 22391}}, {"type": "Feature", "geometry": {"type": "Point", "coordinates": [10.62014, 36.54006]}, "properties": {"record_id": "oai:u-bordeaux-montaigne.fr:340416", "symbol_class": "building", "pixel_x": 2103.4, "pixel_y": 3251.0, "easting": 564413.3, "northing": 359976.8, "epsg_source": 22391}}, {"type": "Feature", "geometry": {"type": "Point", "coordinates": [10.7107, 36.53393]}, "properties": {"record_id": "oai:u-bordeaux-montaigne.fr:340416", "symbol_class": "building", "pixel_x": 3991.9, "pixel_y": 3252.9, "easting": 572525.5, "northing": 359359.7, "epsg_source": 22391}}, {"type": "Feature", "geometry": {"type": "Point", "coordinates": [10.76652, 36.5302]}, "properties": {"record_id": "oai:u-bordeaux-montaigne.fr:340416", "symbol_class": "building", "pixel_x": 5155.7, "pixel_y": 3251.7, "easting": 577525.7, "northing": 358989.4, "epsg_source": 22391}}, {"type": "Feature", "geometry": {"type": "Point", "coordinates": [10.63554, 36.53887]}, "properties": {"record_id": "oai:u-bordeaux-montaigne.fr:340416", "symbol_class": "building", "pixel_x": 2424.8, "pixel_y": 3255.4, "easting": 565792.6, "northing": 359855.1, "epsg_source": 22391}}, {"type": "Feature", "geometry": {"type": "Point", "coordinates": [10.76369, 36.53025]}, "properties": {"record_id": "oai:u-bordeaux-montaigne.fr:340416", "symbol_class": "building", "pixel_x": 5097.0, "pixel_y": 3255.5, "easting": 577272.4, "northing": 358992.7, "epsg_source": 22391}}, {"type": "Feature", "geometry": {"type": "Point", "coordinates": [10.6152, 36.5401]}, "properties": {"record_id": "oai:u-bordeaux-montaigne.fr:340416", "symbol_class": "building", "pixel_x": 2001.0, "pixel_y": 3258.7, "easting": 563970.8, "northing": 359978.3, "epsg_source": 22391}}, {"type": "Feature", "geometry": {"type": "Point", "coordinates": [10.76, 36.53027]}, "properties": {"record_id": "oai:u-bordeaux-montaigne.fr:340416", "symbol_class": "building", "pixel_x": 5020.7, "pixel_y": 3261.8, "easting": 576942.5, "northing": 358991.6, "epsg_source": 22391}}, {"type": "Feature", "geometry": {"type": "Point", "coordinates": [10.62889, 36.53898]}, "properties": {"record_id": "oai:u-bordeaux-montaigne.fr:340416", "symbol_class": "building", "pixel_x": 2286.8, "pixel_y": 3264.3, "easting": 565197.0, "northing": 359862.9, "epsg_source": 22391}}, {"type": "Feature", "geometry": {"type": "Point", "coordinates": [10.75917, 36.5303]}, "properties": {"record_id": "oai:u-bordeaux-montaigne.fr:340416", "symbol_class": "building", "pixel_x": 5003.2, "pixel_y": 3262.3, "easting": 576867.5, "northing": 358995.2, "epsg_source": 22391}}, {"type": "Feature", "geometry": {"type": "Point", "coordinates": [10.75768, 36.53032]}, "properties": {"record_id": "oai:u-bordeaux-montaigne.fr:340416", "symbol_class": "building", "pixel_x": 4972.4, "pixel_y": 3264.6, "easting": 576734.0, "northing": 358995.5, "epsg_source": 22391}}, {"type": "Feature", "geometry": {"type": "Point", "coordinates": [10.75549, 36.53033]}, "properties": {"record_id": "oai:u-bordeaux-montaigne.fr:340416", "symbol_class": "building", "pixel_x": 4927.1, "pixel_y": 3268.2, "easting": 576538.4, "northing": 358995.6, "epsg_source": 22391}}, {"type": "Feature", "geometry": {"type": "Point", "coordinates": [10.67507, 36.53572]}, "properties": {"record_id": "oai:u-bordeaux-montaigne.fr:340416", "symbol_class": "building", "pixel_x": 3250.1, "pixel_y": 3269.0, "easting": 569333.8, "northing": 359533.1, "epsg_source": 22391}}, {"type": "Feature", "geometry": {"type": "Point", "coordinates": [10.61901, 36.53937]}, "properties": {"record_id": "oai:u-bordeaux-montaigne.fr:340416", "symbol_class": "building", "pixel_x": 2081.5, "pixel_y": 3271.6, "easting": 564312.5, "northing": 359899.3, "epsg_source": 22391}}, {"type": "Feature", "geometry": {"type": "Point", "coordinates": [10.62862, 36.53858]}, "properties": {"record_id": "oai:u-bordeaux-montaigne.fr:340416", "symbol_class": "building", "pixel_x": 2282.2, "pixel_y": 3275.8, "easting": 565173.5, "northing": 359817.6, "epsg_source": 22391}}, {"type": "Feature", "geometry": {"type": "Point", "coordinates": [10.71348, 36.53279]}, "properties": {"record_id": "oai:u-bordeaux-montaigne.fr:340416", "symbol_class": "building", "pixel_x": 4051.9, "pixel_y": 3278.4, "easting": 572775.3, "northing": 359235.9, "epsg_source": 22391}}, {"type": "Feature", "geometry": {"type": "Point", "coordinates": [10.60622, 36.54013]}, "properties": {"record_id": "oai:u-bordeaux-montaigne.fr:340416", "symbol_class": "building", "pixel_x": 1815.2, "pixel_y": 3274.0, "easting": 563167.6, "northing": 359975.5, "epsg_source": 22391}}, {"type": "Feature", "geometry": {"type": "Point", "coordinates": [10.75122, 36.53037]}, "properties": {"record_id": "oai:u-bordeaux-montaigne.fr:340416", "symbol_class": "building", "pixel_x": 4838.7, "pixel_y": 3275.0, "easting": 576156.5, "northing": 358996.1, "epsg_source": 22391}}, {"type": "Feature", "geometry": {"type": "Point", "coordinates": [10.67497, 36.5354]}, "properties": {"record_id": "oai:u-bordeaux-montaigne.fr:340416", "symbol_class": "building", "pixel_x": 3248.8, "pixel_y": 3277.8, "easting": 569325.2, "northing": 359497.5, "epsg_source": 22391}}, {"type": "Feature", "geometry": {"type": "Point", "coordinates": [10.59727, 36.5406]}, "properties": {"record_id": "oai:u-bordeaux-montaigne.fr:340416", "symbol_class": "building", "pixel_x": 1628.7, "pixel_y": 3277.5, "easting": 562365.5, "northing": 360021.2, "epsg_source": 22391}}, {"type": "Feature", "geometry": {"type": "Point", "coordinates": [10.59696, 36.54044]}, "properties": {"record_id": "oai:u-bordeaux-montaigne.fr:340416", "symbol_class": "building", "pixel_x": 1622.7, "pixel_y": 3282.3, "easting": 562338.1, "northing": 360003.7, "epsg_source": 22391}}, {"type": "Feature", "geometry": {"type": "Point", "coordinates": [10.74661, 36.53038]}, "properties": {"record_id": "oai:u-bordeaux-montaigne.fr:340416", "symbol_class": "building", "pixel_x": 4743.2, "pixel_y": 3283.0, "easting": 575743.6, "northing": 358994.1, "epsg_source": 22391}}, {"type": "Feature", "geometry": {"type": "Point", "coordinates": [10.59718, 36.54018]}, "properties": {"record_id": "oai:u-bordeaux-montaigne.fr:340416", "symbol_class": "building", "pixel_x": 1627.7, "pixel_y": 3288.9, "easting": 562357.6, "northing": 359975.0, "epsg_source": 22391}}, {"type": "Feature", "geometry": {"type": "Point", "coordinates": [10.59654, 36.54019]}, "properties": {"record_id": "oai:u-bordeaux-montaigne.fr:340416", "symbol_class": "building", "pixel_x": 1614.5, "pixel_y": 3289.8, "easting": 562300.5, "northing": 359975.3, "epsg_source": 22391}}, {"type": "Feature", "geometry": {"type": "Point", "coordinates": [10.59258, 36.54021]}, "properties": {"record_id": "oai:u-bordeaux-montaigne.fr:340416", "symbol_class": "building", "pixel_x": 1532.4, "pixel_y": 3296.2, "easting": 561945.8, "northing": 359975.5, "epsg_source": 22391}}, {"type": "Feature", "geometry": {"type": "Point", "coordinates": [10.73875, 36.53041]}, "properties": {"record_id": "oai:u-bordeaux-montaigne.fr:340416", "symbol_class": "building", "pixel_x": 4580.3, "pixel_y": 3296.6, "easting": 575039.5, "northing": 358990.9, "epsg_source": 22391}}, {"type": "Feature", "geometry": {"type": "Point", "coordinates": [10.88401, 36.52038]}, "properties": {"record_id": "oai:u-bordeaux-montaigne.fr:340416", "symbol_class": "building", "pixel_x": 7610.3, "pixel_y": 3299.9, "easting": 588055.3, "northing": 358000.1, "epsg_source": 22391}}, {"type": "Feature", "geometry": {"type": "Point", "coordinates": [10.66263, 36.53527]}, "properties": {"record_id": "oai:u-bordeaux-montaigne.fr:340416", "symbol_class": "building", "pixel_x": 2993.6, "pixel_y": 3303.7, "easting": 568220.5, "northing": 359473.8, "epsg_source": 22391}}, {"type": "Feature", "geometry": {"type": "Point", "coordinates": [10.73433, 36.53046]}, "properties": {"record_id": "oai:u-bordeaux-montaigne.fr:340416", "symbol_class": "building", "pixel_x": 4488.8, "pixel_y": 3303.4, "easting": 574644.2, "northing": 358992.7, "epsg_source": 22391}}, {"type": "Feature", "geometry": {"type": "Point", "coordinates": [10.82949, 36.52385]}, "properties": {"record_id": "oai:u-bordeaux-montaigne.fr:340416", "symbol_class": "building", "pixel_x": 6473.6, "pixel_y": 3307.3, "easting": 583169.9, "northing": 358336.5, "epsg_source": 22391}}, {"type": "Feature", "geometry": {"type": "Point", "coordinates": [10.5837, 36.54028]}, "properties": {"record_id": "oai:u-bordeaux-montaigne.fr:340416", "symbol_class": "building", "pixel_x": 1348.5, "pixel_y": 3310.2, "easting": 561151.2, "northing": 359977.8, "epsg_source": 22391}}, {"type": "Feature", "geometry": {"type": "Point", "coordinates": [10.7296, 36.53051]}, "properties": {"record_id": "oai:u-bordeaux-montaigne.fr:340416", "symbol_class": "building", "pixel_x": 4390.8, "pixel_y": 3310.5, "easting": 574220.8, "northing": 358995.3, "epsg_source": 22391}}, {"type": "Feature", "geometry": {"type": "Point", "coordinates": [10.80305, 36.52546]}, "properties": {"record_id": "oai:u-bordeaux-montaigne.fr:340416", "symbol_class": "building", "pixel_x": 5922.7, "pixel_y": 3312.5, "easting": 580801.4, "northing": 358493.0, "epsg_source": 22391}}, {"type": "Feature", "geometry": {"type": "Point", "coordinates": [10.58135, 36.54031]}, "properties": {"record_id": "oai:u-bordeaux-montaigne.fr:340416", "symbol_class": "building", "pixel_x": 1299.9, "pixel_y": 3313.6, "easting": 560941.1, "northing": 359979.5, "epsg_source": 22391}}, {"type": "Feature", "geometry": {"type": "Point", "coordinates": [10.72785, 36.53054]}, "properties": {"record_id": "oai:u-bordeaux-montaigne.fr:340416", "symbol_class": "building", "pixel_x": 4354.3, "pixel_y": 3312.9, "easting": 574063.4, "northing": 358996.9, "epsg_source": 22391}}, {"type": "Feature", "geometry": {"type": "Point", "coordinates": [10.7286, 36.53049]}, "properties": {"record_id": "oai:u-bordeaux-montaigne.fr:340416", "symbol_class": "building", "pixel_x": 4370.1, "pixel_y": 3312.9, "easting": 574131.1, "northing": 358991.8, "epsg_source": 22391}}, {"type": "Feature", "geometry": {"type": "Point", "coordinates": [10.72605, 36.53053]}, "properties": {"record_id": "oai:u-bordeaux-montaigne.fr:340416", "symbol_class": "building", "pixel_x": 4317.2, "pixel_y": 3316.5, "easting": 573903.0, "northing": 358994.1, "epsg_source": 22391}}, {"type": "Feature", "geometry": {"type": "Point", "coordinates": [10.59884, 36.53883]}, "properties": {"record_id": "oai:u-bordeaux-montaigne.fr:340416", "symbol_class": "building", "pixel_x": 1665.2, "pixel_y": 3322.2, "easting": 562508.0, "northing": 359826.1, "epsg_source": 22391}}, {"type": "Feature", "geometry": {"type": "Point", "coordinates": [10.72211, 36.53054]}, "properties": {"record_id": "oai:u-bordeaux-montaigne.fr:340416", "symbol_class": "building", "pixel_x": 4235.5, "pixel_y": 3323.3, "easting": 573549.7, "northing": 358992.8, "epsg_source": 22391}}, {"type": "Feature", "geometry": {"type": "Point", "coordinates": [10.72116, 36.53057]}, "properties": {"record_id": "oai:u-bordeaux-montaigne.fr:340416", "symbol_class": "building", "pixel_x": 4215.7, "pixel_y": 3324.1, "easting": 573464.4, "northing": 358995.7, "epsg_source": 22391}}, {"type": "Feature", "geometry": {"type": "Point", "coordinates": [10.80262, 36.52503]}, "properties": {"record_id": "oai:u-bordeaux-montaigne.fr:340416", "symbol_class": "building", "pixel_x": 5914.6, "pixel_y": 3324.6, "easting": 580762.8, "northing": 358445.8, "epsg_source": 22391}}, {"type": "Feature", "geometry": {"type": "Point", "coordinates": [10.72034, 36.53055]}, "properties": {"record_id": "oai:u-bordeaux-montaigne.fr:340416", "symbol_class": "building", "pixel_x": 4198.8, "pixel_y": 3326.1, "easting": 573391.2, "northing": 358993.0, "epsg_source": 22391}}, {"type": "Feature", "geometry": {"type": "Point", "coordinates": [10.86689, 36.52058]}, "properties": {"record_id": "oai:u-bordeaux-montaigne.fr:340416", "symbol_class": "building", "pixel_x": 7255.3, "pixel_y": 3326.3, "easting": 586521.9, "northing": 358006.4, "epsg_source": 22391}}, {"type": "Feature", "geometry": {"type": "Point", "coordinates": [10.71942, 36.53055]}, "properties": {"record_id": "oai:u-bordeaux-montaigne.fr:340416", "symbol_class": "building", "pixel_x": 4179.9, "pixel_y": 3328.0, "easting": 573309.2, "northing": 358991.6, "epsg_source": 22391}}, {"type": "Feature", "geometry": {"type": "Point", "coordinates": [10.73942, 36.52909]}, "properties": {"record_id": "oai:u-bordeaux-montaigne.fr:340416", "symbol_class": "building", "pixel_x": 4597.1, "pixel_y": 3330.9, "easting": 575100.6, "northing": 358845.1, "epsg_source": 22391}}, {"type": "Feature", "geometry": {"type": "Point", "coordinates": [10.71745, 36.53058]}, "properties": {"record_id": "oai:u-bordeaux-montaigne.fr:340416", "symbol_class": "building", "pixel_x": 4139.0, "pixel_y": 3330.7, "easting": 573132.8, "northing": 358993.6, "epsg_source": 22391}}, {"type": "Feature", "geometry": {"type": "Point", "coordinates": [10.57465, 36.53981]}, "properties": {"record_id": "oai:u-bordeaux-montaigne.fr:340416", "symbol_class": "building", "pixel_x": 1162.2, "pixel_y": 3339.0, "easting": 560341.5, "northing": 359919.6, "epsg_source": 22391}}, {"type": "Feature", "geometry": {"type": "Point", "coordinates": [10.80232, 36.52447]}, "properties": {"record_id": "oai:u-bordeaux-montaigne.fr:340416", "symbol_class": "building", "pixel_x": 5909.7, "pixel_y": 3340.3, "easting": 580736.9, "northing": 358382.9, "epsg_source": 22391}}, {"type": "Feature", "geometry": {"type": "Point", "coordinates": [10.66783, 36.53285]}, "properties": {"record_id": "oai:u-bordeaux-montaigne.fr:340416", "symbol_class": "building", "pixel_x": 3106.7, "pixel_y": 3359.3, "easting": 568688.7, "northing": 359209.2, "epsg_source": 22391}}, {"type": "Feature", "geometry": {"type": "Point", "coordinates": [10.66912, 36.53276]}, "properties": {"record_id": "oai:u-bordeaux-montaigne.fr:340416", "symbol_class": "building", "pixel_x": 3133.6, "pixel_y": 3359.4, "easting": 568804.2, "northing": 359200.3, "epsg_source": 22391}}, {"type": "Feature", "geometry": {"type": "Point", "coordinates": [10.70014, 36.53071]}, "properties": {"record_id": "oai:u-bordeaux-montaigne.fr:340416", "symbol_class": "building", "pixel_x": 3780.2, "pixel_y": 3358.4, "easting": 571582.6, "northing": 358995.8, "epsg_source": 22391}}, {"type": "Feature", "geometry": {"type": "Point", "coordinates": [10.57272, 36.5389]}, "properties": {"record_id": "oai:u-bordeaux-montaigne.fr:340416", "symbol_class": "building", "pixel_x": 1124.1, "pixel_y": 3367.0, "easting": 560169.1, "northing": 359817.3, "epsg_source": 22391}}, {"type": "Feature", "geometry": {"type": "Point", "coordinates": [10.84208, 36.5208]}, "properties": {"record_id": "oai:u-bordeaux-montaigne.fr:340416", "symbol_class": "building", "pixel_x": 6741.1, "pixel_y": 3365.9, "easting": 584300.5, "northing": 358010.0, "epsg_source": 22391}}, {"type": "Feature", "geometry": {"type": "Point", "coordinates": [10.58461, 36.538]}, "properties": {"record_id": "oai:u-bordeaux-montaigne.fr:340416", "symbol_class": "building", "pixel_x": 1372.3, "pixel_y": 3370.1, "easting": 561234.3, "northing": 359724.6, "epsg_source": 22391}}, {"type": "Feature", "geometry": {"type": "Point", "coordinates": [10.57591, 36.53833]}, "properties": {"record_id": "oai:u-bordeaux-montaigne.fr:340416", "symbol_class": "building", "pixel_x": 1191.6, "pixel_y": 3376.5, "easting": 560455.8, "northing": 359756.7, "epsg_source": 22391}}, {"type": "Feature", "geometry": {"type": "Point", "coordinates": [10.58416, 36.53767]}, "properties": {"record_id": "oai:u-bordeaux-montaigne.fr:340416", "symbol_class": "building", "pixel_x": 1363.8, "pixel_y": 3379.7, "easting": 561194.7, "northing": 359687.9, "epsg_source": 22391}}, {"type": "Feature", "geometry": {"type": "Point", "coordinates": [10.68888, 36.5308]}, "properties": {"record_id": "oai:u-bordeaux-montaigne.fr:340416", "symbol_class": "building", "pixel_x": 3547.0, "pixel_y": 3376.6, "easting": 570574.9, "northing": 358996.6, "epsg_source": 22391}}, {"type": "Feature", "geometry": {"type": "Point", "coordinates": [10.78572, 36.52377]}, "properties": {"record_id": "oai:u-bordeaux-montaigne.fr:340416", "symbol_class": "building", "pixel_x": 5567.6, "pixel_y": 3389.5, "easting": 579251.3, "northing": 358291.9, "epsg_source": 22391}}, {"type": "Feature", "geometry": {"type": "Point", "coordinates": [10.78068, 36.52408]}, "properties": {"record_id": "oai:u-bordeaux-montaigne.fr:340416", "symbol_class": "building", "pixel_x": 5462.6, "pixel_y": 3390.5, "easting": 578799.8, "northing": 358321.4, "epsg_source": 22391}}, {"type": "Feature", "geometry": {"type": "Point", "coordinates": [10.6791, 36.53084]}, "properties": {"record_id": "oai:u-bordeaux-montaigne.fr:340416", "symbol_class": "building", "pixel_x": 3344.5, "pixel_y": 3393.1, "easting": 569699.6, "northing": 358993.9, "epsg_source": 22391}}, {"type": "Feature", "geometry": {"type": "Point", "coordinates": [10.67559, 36.53089]}, "properties": {"record_id": "oai:u-bordeaux-montaigne.fr:340416", "symbol_class": "building", "pixel_x": 3271.7, "pixel_y": 3398.0, "easting": 569385.2, "northing": 358997.6, "epsg_source": 22391}}, {"type": "Feature", "geometry": {"type": "Point", "coordinates": [10.81689, 36.52105]}, "properties": {"record_id": "oai:u-bordeaux-montaigne.fr:340416", "symbol_class": "building", "pixel_x": 6219.1, "pixel_y": 3405.7, "easting": 582045.2, "northing": 358015.2, "epsg_source": 22391}}, {"type": "Feature", "geometry": {"type": "Point", "coordinates": [10.81752, 36.521]}, "properties": {"record_id": "oai:u-bordeaux-montaigne.fr:340416", "symbol_class": "building", "pixel_x": 6232.2, "pixel_y": 3405.8, "easting": 582101.5, "northing": 358010.8, "epsg_source": 22391}}, {"type": "Feature", "geometry": {"type": "Point", "coordinates": [10.58161, 36.53671]}, "properties": {"record_id": "oai:u-bordeaux-montaigne.fr:340416", "symbol_class": "building", "pixel_x": 1312.9, "pixel_y": 3409.8, "easting": 560966.5, "northing": 359580.7, "epsg_source": 22391}}, {"type": "Feature", "geometry": {"type": "Point", "coordinates": [10.63268, 36.53323]}, "properties": {"record_id": "oai:u-bordeaux-montaigne.fr:340416", "symbol_class": "building", "pixel_x": 2378.0, "pixel_y": 3412.1, "easting": 565541.5, "northing": 359227.8, "epsg_source": 22391}}, {"type": "Feature", "geometry": {"type": "Point", "coordinates": [10.66893, 36.53094]}, "properties": {"record_id": "oai:u-bordeaux-montaigne.fr:340416", "symbol_class": "building", "pixel_x": 3133.7, "pixel_y": 3408.6, "easting": 568789.0, "northing": 358998.4, "epsg_source": 22391}}, {"type": "Feature", "geometry": {"type": "Point", "coordinates": [10.7102, 36.52798]}, "properties": {"record_id": "oai:u-bordeaux-montaigne.fr:340416", "symbol_class": "building", "pixel_x": 3994.7, "pixel_y": 3413.8, "easting": 572486.1, "northing": 358699.3, "epsg_source": 22391}}, {"type": "Feature", "geometry": {"type": "Point", "coordinates": [10.66579, 36.53096]}, "properties": {"record_id": "oai:u-bordeaux-montaigne.fr:340416", "symbol_class": "building", "pixel_x": 3068.5, "pixel_y": 3413.7, "easting": 568507.5, "northing": 358998.7, "epsg_source": 22391}}, {"type": "Feature", "geometry": {"type": "Point", "coordinates": [10.81155, 36.52107]}, "properties": {"record_id": "oai:u-bordeaux-montaigne.fr:340416", "symbol_class": "building", "pixel_x": 6108.3, "pixel_y": 3415.0, "easting": 581566.3, "northing": 358013.0, "epsg_source": 22391}}, {"type": "Feature", "geometry": {"type": "Point", "coordinates": [10.58136, 36.53626]}, "properties": {"record_id": "oai:u-bordeaux-montaigne.fr:340416", "symbol_class": "building", "pixel_x": 1308.8, "pixel_y": 3422.4, "easting": 560944.8, "northing": 359530.5, "epsg_source": 22391}}, {"type": "Feature", "geometry": {"type": "Point", "coordinates": [10.8103, 36.52106]}, "properties": {"record_id": "oai:u-bordeaux-montaigne.fr:340416", "symbol_class": "building", "pixel_x": 6082.6, "pixel_y": 3417.4, "easting": 581454.8, "northing": 358011.2, "epsg_source": 22391}}, {"type": "Feature", "geometry": {"type": "Point", "coordinates": [10.82854, 36.51951]}, "properties": {"record_id": "oai:u-bordeaux-montaigne.fr:340416", "symbol_class": "building", "pixel_x": 6463.6, "pixel_y": 3425.7, "easting": 583089.2, "northing": 357854.2, "epsg_source": 22391}}, {"type": "Feature", "geometry": {"type": "Point", "coordinates": [10.57888, 36.5364]}, "properties": {"record_id": "oai:u-bordeaux-montaigne.fr:340416", "symbol_class": "building", "pixel_x": 1257.2, "pixel_y": 3423.3, "easting": 560722.7, "northing": 359543.6, "epsg_source": 22391}}, {"type": "Feature", "geometry": {"type": "Point", "coordinates": [10.70964, 36.52768]}, "properties": {"record_id": "oai:u-bordeaux-montaigne.fr:340416", "symbol_class": "building", "pixel_x": 3983.7, "pixel_y": 3422.7, "easting": 572436.0, "northing": 358666.6, "epsg_source": 22391}}, {"type": "Feature", "geometry": {"type": "Point", "coordinates": [10.66073, 36.53099]}, "properties": {"record_id": "oai:u-bordeaux-montaigne.fr:340416", "symbol_class": "building", "pixel_x": 2963.7, "pixel_y": 3422.1, "easting": 568054.3, "northing": 358998.0, "epsg_source": 22391}}, {"type": "Feature", "geometry": {"type": "Point", "coordinates": [10.57684, 36.53639]}, "properties": {"record_id": "oai:u-bordeaux-montaigne.fr:340416", "symbol_class": "building", "pixel_x": 1215.0, "pixel_y": 3427.1, "easting": 560540.5, "northing": 359541.5, "epsg_source": 22391}}, {"type": "Feature", "geometry": {"type": "Point", "coordinates": [10.80349, 36.52113]}, "properties": {"record_id": "oai:u-bordeaux-montaigne.fr:340416", "symbol_class": "building", "pixel_x": 5941.4, "pixel_y": 3427.9, "easting": 580844.8, "northing": 358013.7, "epsg_source": 22391}}, {"type": "Feature", "geometry": {"type": "Point", "coordinates": [10.80273, 36.52115]}, "properties": {"record_id": "oai:u-bordeaux-montaigne.fr:340416", "symbol_class": "building", "pixel_x": 5925.7, "pixel_y": 3429.0, "easting": 580777.2, "northing": 358014.5, "epsg_source": 22391}}, {"type": "Feature", "geometry": {"type": "Point", "coordinates": [10.65543, 36.53101]}, "properties": {"record_id": "oai:u-bordeaux-montaigne.fr:340416", "symbol_class": "building", "pixel_x": 2853.8, "pixel_y": 3431.1, "easting": 567579.6, "northing": 358996.7, "epsg_source": 22391}}, {"type": "Feature", "geometry": {"type": "Point", "coordinates": [10.59638, 36.53485]}, "properties": {"record_id": "oai:u-bordeaux-montaigne.fr:340416", "symbol_class": "building", "pixel_x": 1623.0, "pixel_y": 3433.7, "easting": 562290.8, "northing": 359382.9, "epsg_source": 22391}}, {"type": "Feature", "geometry": {"type": "Point", "coordinates": [10.57608, 36.53613]}, "properties": {"record_id": "oai:u-bordeaux-montaigne.fr:340416", "symbol_class": "building", "pixel_x": 1199.8, "pixel_y": 3435.5, "easting": 560472.3, "northing": 359512.1, "epsg_source": 22391}}, {"type": "Feature", "geometry": {"type": "Point", "coordinates": [10.79896, 36.52118]}, "properties": {"record_id": "oai:u-bordeaux-montaigne.fr:340416", "symbol_class": "building", "pixel_x": 5847.5, "pixel_y": 3435.0, "easting": 580439.3, "northing": 358015.0, "epsg_source": 22391}}, {"type": "Feature", "geometry": {"type": "Point", "coordinates": [10.57696, 36.53597]}, "properties": {"record_id": "oai:u-bordeaux-montaigne.fr:340416", "symbol_class": "building", "pixel_x": 1218.3, "pixel_y": 3438.2, "easting": 560551.0, "northing": 359495.0, "epsg_source": 22391}}, {"type": "Feature", "geometry": {"type": "Point", "coordinates": [10.7968, 36.5212]}, "properties": {"record_id": "oai:u-bordeaux-montaigne.fr:340416", "symbol_class": "building", "pixel_x": 5802.8, "pixel_y": 3438.3, "easting": 580246.2, "northing": 358015.9, "epsg_source": 22391}}, {"type": "Feature", "geometry": {"type": "Point", "coordinates": [10.59601, 36.5346]}, "properties": {"record_id": "oai:u-bordeaux-montaigne.fr:340416", "symbol_class": "building", "pixel_x": 1615.9, "pixel_y": 3441.0, "easting": 562258.0, "northing": 359355.3, "epsg_source": 22391}}, {"type": "Feature", "geometry": {"type": "Point", "coordinates": [10.64965, 36.53104]}, "properties": {"record_id": "oai:u-bordeaux-montaigne.fr:340416", "symbol_class": "building", "pixel_x": 2734.2, "pixel_y": 3440.7, "easting": 567062.6, "northing": 358996.0, "epsg_source": 22391}}, {"type": "Feature", "geometry": {"type": "Point", "coordinates": [10.79475, 36.52123]}, "properties": {"record_id": "oai:u-bordeaux-montaigne.fr:340416", "symbol_class": "building", "pixel_x": 5760.3, "pixel_y": 3441.2, "easting": 580062.7, "northing": 358017.7, "epsg_source": 22391}}, {"type": "Feature", "geometry": {"type": "Point", "coordinates": [10.64839, 36.53106]}, "properties": {"record_id": "oai:u-bordeaux-montaigne.fr:340416", "symbol_class": "building", "pixel_x": 2708.0, "pixel_y": 3442.5, "easting": 566949.4, "northing": 358996.9, "epsg_source": 22391}}, {"type": "Feature", "geometry": {"type": "Point", "coordinates": [10.7935, 36.52124]}, "properties": {"record_id": "oai:u-bordeaux-montaigne.fr:340416", "symbol_class": "building", "pixel_x": 5734.3, "pixel_y": 3443.4, "easting": 579950.4, "northing": 358017.3, "epsg_source": 22391}}, {"type": "Feature", "geometry": {"type": "Point", "coordinates": [10.64703, 36.53105]}, "properties": {"record_id": "oai:u-bordeaux-montaigne.fr:340416", "symbol_class": "building", "pixel_x": 2679.8, "pixel_y": 3445.0, "easting": 566827.6, "northing": 358995.7, "epsg_source": 22391}}, {"type": "Feature", "geometry": {"type": "Point", "coordinates": [10.63449, 36.53114]}, "properties": {"record_id": "oai:u-bordeaux-montaigne.fr:340416", "symbol_class": "building", "pixel_x": 2420.0, "pixel_y": 3465.3, "easting": 565705.0, "northing": 358996.3, "epsg_source": 22391}}, {"type": "Feature", "geometry": {"type": "Point", "coordinates": [10.77438, 36.52134]}, "properties": {"record_id": "oai:u-bordeaux-montaigne.fr:340416", "symbol_class": "building", "pixel_x": 5338.2, "pixel_y": 3475.5, "easting": 578238.5, "northing": 358013.2, "epsg_source": 22391}}, {"type": "Feature", "geometry": {"type": "Point", "coordinates": [10.69567, 36.5263]}, "properties": {"record_id": "oai:u-bordeaux-montaigne.fr:340416", "symbol_class": "building", "pixel_x": 3697.4, "pixel_y": 3485.2, "easting": 571186.4, "northing": 358502.8, "epsg_source": 22391}}, {"type": "Feature", "geometry": {"type": "Point", "coordinates": [10.77107, 36.52134]}, "properties": {"record_id": "oai:u-bordeaux-montaigne.fr:340416", "symbol_class": "building", "pixel_x": 5269.7, "pixel_y": 3481.5, "easting": 577942.3, "northing": 358010.7, "epsg_source": 22391}}, {"type": "Feature", "geometry": {"type": "Point", "coordinates": [10.69614, 36.52614]}, "properties": {"record_id": "oai:u-bordeaux-montaigne.fr:340416", "symbol_class": "building", "pixel_x": 3707.6, "pixel_y": 3488.8, "easting": 571228.9, "northing": 358484.9, "epsg_source": 22391}}, {"type": "Feature", "geometry": {"type": "Point", "coordinates": [10.9163, 36.51123]}, "properties": {"record_id": "oai:u-bordeaux-montaigne.fr:340416", "symbol_class": "building", "pixel_x": 8299.4, "pixel_y": 3486.2, "easting": 590956.5, "northing": 357014.4, "epsg_source": 22391}}, {"type": "Feature", "geometry": {"type": "Point", "coordinates": [10.76747, 36.52141]}, "properties": {"record_id": "oai:u-bordeaux-montaigne.fr:340416", "symbol_class": "building", "pixel_x": 5195.1, "pixel_y": 3486.2, "easting": 577620.1, "northing": 358015.5, "epsg_source": 22391}}, {"type": "Feature", "geometry": {"type": "Point", "coordinates": [10.57542, 36.53407]}, "properties": {"record_id": "oai:u-bordeaux-montaigne.fr:340416", "symbol_class": "building", "pixel_x": 1190.7, "pixel_y": 3492.0, "easting": 560415.1, "northing": 359283.4, "epsg_source": 22391}}, {"type": "Feature", "geometry": {"type": "Point", "coordinates": [10.91377, 36.51122]}, "properties": {"record_id": "oai:u-bordeaux-montaigne.fr:340416", "symbol_class": "building", "pixel_x": 8247.2, "pixel_y": 3491.0, "easting": 590730.5, "northing": 357011.6, "epsg_source": 22391}}, {"type": "Feature", "geometry": {"type": "Point", "coordinates": [10.76251, 36.52148]}, "properties": {"record_id": "oai:u-bordeaux-montaigne.fr:340416", "symbol_class": "building", "pixel_x": 5092.1, "pixel_y": 3493.5, "easting": 577175.3, "northing": 358018.9, "epsg_source": 22391}}, {"type": "Feature", "geometry": {"type": "Point", "coordinates": [10.61511, 36.5313]}, "properties": {"record_id": "oai:u-bordeaux-montaigne.fr:340416", "symbol_class": "building", "pixel_x": 2018.5, "pixel_y": 3495.5, "easting": 563970.5, "northing": 359001.9, "epsg_source": 22391}}, {"type": "Feature", "geometry": {"type": "Point", "coordinates": [10.61454, 36.53128]}, "properties": {"record_id": "oai:u-bordeaux-montaigne.fr:340416", "symbol_class": "building", "pixel_x": 2006.8, "pixel_y": 3497.1, "easting": 563919.5, "northing": 358999.4, "epsg_source": 22391}}, {"type": "Feature", "geometry": {"type": "Point", "coordinates": [10.75541, 36.52152]}, "properties": {"record_id": "oai:u-bordeaux-montaigne.fr:340416", "symbol_class": "building", "pixel_x": 4945.1, "pixel_y": 3505.2, "easting": 576540.0, "northing": 358018.3, "epsg_source": 22391}}, {"type": "Feature", "geometry": {"type": "Point", "coordinates": [10.75026, 36.52158]}, "properties": {"record_id": "oai:u-bordeaux-montaigne.fr:340416", "symbol_class": "building", "pixel_x": 4838.2, "pixel_y": 3513.0, "easting": 576078.2, "northing": 358020.9, "epsg_source": 22391}}, {"type": "Feature", "geometry": {"type": "Point", "coordinates": [10.8976, 36.51141]}, "properties": {"record_id": "oai:u-bordeaux-montaigne.fr:340416", "symbol_class": "building", "pixel_x": 7911.8, "pixel_y": 3516.0, "easting": 589281.9, "northing": 357017.1, "epsg_source": 22391}}, {"type": "Feature", "geometry": {"type": "Point", "coordinates": [10.61236, 36.53021]}, "properties": {"record_id": "oai:u-bordeaux-montaigne.fr:340416", "symbol_class": "building", "pixel_x": 1964.0, "pixel_y": 3530.0, "easting": 563725.2, "northing": 358878.3, "epsg_source": 22391}}, {"type": "Feature", "geometry": {"type": "Point", "coordinates": [10.59446, 36.53143]}, "properties": {"record_id": "oai:u-bordeaux-montaigne.fr:340416", "symbol_class": "building", "pixel_x": 1590.7, "pixel_y": 3529.2, "easting": 562121.6, "northing": 359002.0, "epsg_source": 22391}}, {"type": "Feature", "geometry": {"type": "Point", "coordinates": [10.58977, 36.53145]}, "properties": {"record_id": "oai:u-bordeaux-montaigne.fr:340416", "symbol_class": "building", "pixel_x": 1493.4, "pixel_y": 3536.9, "easting": 561701.4, "northing": 359001.8, "epsg_source": 22391}}, {"type": "Feature", "geometry": {"type": "Point", "coordinates": [10.58749, 36.5315]}, "properties": {"record_id": "oai:u-bordeaux-montaigne.fr:340416", "symbol_class": "building", "pixel_x": 1446.2, "pixel_y": 3539.6, "easting": 561497.7, "northing": 359006.1, "epsg_source": 22391}}, {"type": "Feature", "geometry": {"type": "Point", "coordinates": [10.72558, 36.52177]}, "properties": {"record_id": "oai:u-bordeaux-montaigne.fr:340416", "symbol_class": "building", "pixel_x": 4326.7, "pixel_y": 3552.8, "easting": 573868.4, "northing": 358022.8, "epsg_source": 22391}}, {"type": "Feature", "geometry": {"type": "Point", "coordinates": [10.87423, 36.51166]}, "properties": {"record_id": "oai:u-bordeaux-montaigne.fr:340416", "symbol_class": "building", "pixel_x": 7427.4, "pixel_y": 3552.6, "easting": 587189.1, "northing": 357023.4, "epsg_source": 22391}}, {"type": "Feature", "geometry": {"type": "Point", "coordinates": [10.72404, 36.52177]}, "properties": {"record_id": "oai:u-bordeaux-montaigne.fr:340416", "symbol_class": "building", "pixel_x": 4294.9, "pixel_y": 3555.7, "easting": 573730.6, "northing": 358020.9, "epsg_source": 22391}}, {"type": "Feature", "geometry": {"type": "Point", "coordinates": [10.5774, 36.5315]}, "properties": {"record_id": "oai:u-bordeaux-montaigne.fr:340416", "symbol_class": "building", "pixel_x": 1237.2, "pixel_y": 3557.5, "easting": 560593.9, "northing": 358999.8, "epsg_source": 22391}}, {"type": "Feature", "geometry": {"type": "Point", "coordinates": [10.71334, 36.52182]}, "properties": {"record_id": "oai:u-bordeaux-montaigne.fr:340416", "symbol_class": "building", "pixel_x": 4073.2, "pixel_y": 3573.6, "easting": 572772.8, "northing": 358019.3, "epsg_source": 22391}}, {"type": "Feature", "geometry": {"type": "Point", "coordinates": [10.71122, 36.52185]}, "properties": {"record_id": "oai:u-bordeaux-montaigne.fr:340416", "symbol_class": "building", "pixel_x": 4029.2, "pixel_y": 3576.8, "easting": 572582.6, "northing": 358020.5, "epsg_source": 22391}}, {"type": "Feature", "geometry": {"type": "Point", "coordinates": [10.81661, 36.51443]}, "properties": {"record_id": "oai:u-bordeaux-montaigne.fr:340416", "symbol_class": "building", "pixel_x": 6228.0, "pixel_y": 3584.2, "easting": 582026.3, "northing": 357280.8, "epsg_source": 22391}}, {"type": "Feature", "geometry": {"type": "Point", "coordinates": [10.57903, 36.52974]}, "properties": {"record_id": "oai:u-bordeaux-montaigne.fr:340416", "symbol_class": "building", "pixel_x": 1274.8, "pixel_y": 3601.9, "easting": 560741.4, "northing": 358805.7, "epsg_source": 22391}}, {"type": "Feature", "geometry": {"type": "Point", "coordinates": [10.8215, 36.51291]}, "properties": {"record_id": "oai:u-bordeaux-montaigne.fr:340416", "symbol_class": "building", "pixel_x": 6332.8, "pixel_y": 3615.9, "easting": 582466.5, "northing": 357116.9, "epsg_source": 22391}}, {"type": "Feature", "geometry": {"type": "Point", "coordinates": [10.57212, 36.52966]}, "properties": {"record_id": "oai:u-bordeaux-montaigne.fr:340416", "symbol_class": "building", "pixel_x": 1131.9, "pixel_y": 3616.5, "easting": 560122.9, "northing": 358792.1, "epsg_source": 22391}}, {"type": "Feature", "geometry": {"type": "Point", "coordinates": [10.83285, 36.51205]}, "properties": {"record_id": "oai:u-bordeaux-montaigne.fr:340416", "symbol_class": "building", "pixel_x": 6569.6, "pixel_y": 3618.2, "easting": 583483.0, "northing": 357031.1, "epsg_source": 22391}}, {"type": "Feature", "geometry": {"type": "Point", "coordinates": [10.5759, 36.52907]}, "properties": {"record_id": "oai:u-bordeaux-montaigne.fr:340416", "symbol_class": "building", "pixel_x": 1211.5, "pixel_y": 3625.6, "easting": 560462.1, "northing": 358729.4, "epsg_source": 22391}}, {"type": "Feature", "geometry": {"type": "Point", "coordinates": [10.80731, 36.51305]}, "properties": {"record_id": "oai:u-bordeaux-montaigne.fr:340416", "symbol_class": "building", "pixel_x": 6038.5, "pixel_y": 3638.3, "easting": 581195.1, "northing": 357120.2, "epsg_source": 22391}}, {"type": "Feature", "geometry": {"type": "Point", "coordinates": [10.67809, 36.52208]}, "properties": {"record_id": "oai:u-bordeaux-montaigne.fr:340416", "symbol_class": "building", "pixel_x": 3342.8, "pixel_y": 3630.3, "easting": 569616.7, "northing": 358022.4, "epsg_source": 22391}}, {"type": "Feature", "geometry": {"type": "Point", "coordinates": [10.57181, 36.52905]}, "properties": {"record_id": "oai:u-bordeaux-montaigne.fr:340416", "symbol_class": "building", "pixel_x": 1126.7, "pixel_y": 3633.4, "easting": 560095.3, "northing": 358724.6, "epsg_source": 22391}}, {"type": "Feature", "geometry": {"type": "Point", "coordinates": [10.8316, 36.51155]}, "properties": {"record_id": "oai:u-bordeaux-montaigne.fr:340416", "symbol_class": "building", "pixel_x": 6544.8, "pixel_y": 3633.9, "easting": 583371.6, "northing": 356974.7, "epsg_source": 22391}}, {"type": "Feature", "geometry": {"type": "Point", "coordinates": [10.57555, 36.52854]}, "properties": {"record_id": "oai:u-bordeaux-montaigne.fr:340416", "symbol_class": "building", "pixel_x": 1205.4, "pixel_y": 3640.5, "easting": 560431.1, "northing": 358670.2, "epsg_source": 22391}}, {"type": "Feature", "geometry": {"type": "Point", "coordinates": [10.82686, 36.5114]}, "properties": {"record_id": "oai:u-bordeaux-montaigne.fr:340416", "symbol_class": "building", "pixel_x": 6447.1, "pixel_y": 3646.8, "easting": 582947.6, "northing": 356953.7, "epsg_source": 22391}}, {"type": "Feature", "geometry": {"type": "Point", "coordinates": [10.74587, 36.51697]}, "properties": {"record_id": "oai:u-bordeaux-montaigne.fr:340416", "symbol_class": "building", "pixel_x": 4757.5, "pixel_y": 3645.1, "easting": 575689.7, "northing": 357505.4, "epsg_source": 22391}}, {"type": "Feature", "geometry": {"type": "Point", "coordinates": [10.83599, 36.51072]}, "properties": {"record_id": "oai:u-bordeaux-montaigne.fr:340416", "symbol_class": "building", "pixel_x": 6637.6, "pixel_y": 3648.2, "easting": 583765.6, "northing": 356886.6, "epsg_source": 22391}}, {"type": "Feature", "geometry": {"type": "Point", "coordinates": [10.78994, 36.51374]}, "properties": {"record_id": "oai:u-bordeaux-montaigne.fr:340416", "symbol_class": "building", "pixel_x": 5677.4, "pixel_y": 3651.4, "easting": 579639.2, "northing": 357183.0, "epsg_source": 22391}}, {"type": "Feature", "geometry": {"type": "Point", "coordinates": [10.57268, 36.52817]}, "properties": {"record_id": "oai:u-bordeaux-montaigne.fr:340416", "symbol_class": "building", "pixel_x": 1146.8, "pixel_y": 3655.5, "easting": 560174.3, "northing": 358627.4, "epsg_source": 22391}}, {"type": "Feature", "geometry": {"type": "Point", "coordinates": [10.66255, 36.52227]}, "properties": {"record_id": "oai:u-bordeaux-montaigne.fr:340416", "symbol_class": "building", "pixel_x": 3020.6, "pixel_y": 3653.3, "easting": 568225.2, "northing": 358032.2, "epsg_source": 22391}}, {"type": "Feature", "geometry": {"type": "Point", "coordinates": [10.80757, 36.51231]}, "properties": {"record_id": "oai:u-bordeaux-montaigne.fr:340416", "symbol_class": "building", "pixel_x": 6045.5, "pixel_y": 3657.7, "easting": 581218.9, "northing": 357038.6, "epsg_source": 22391}}, {"type": "Feature", "geometry": {"type": "Point", "coordinates": [10.78882, 36.51334]}, "properties": {"record_id": "oai:u-bordeaux-montaigne.fr:340416", "symbol_class": "building", "pixel_x": 5655.0, "pixel_y": 3664.2, "easting": 579539.1, "northing": 357137.6, "epsg_source": 22391}}, {"type": "Feature", "geometry": {"type": "Point", "coordinates": [10.80715, 36.51204]}, "properties": {"record_id": "oai:u-bordeaux-montaigne.fr:340416", "symbol_class": "building", "pixel_x": 6037.5, "pixel_y": 3665.8, "easting": 581181.7, "northing": 357007.9, "epsg_source": 22391}}, {"type": "Feature", "geometry": {"type": "Point", "coordinates": [10.6579, 36.52225]}, "properties": {"record_id": "oai:u-bordeaux-montaigne.fr:340416", "symbol_class": "building", "pixel_x": 2924.2, "pixel_y": 3662.2, "easting": 567808.3, "northing": 358026.5, "epsg_source": 22391}}, {"type": "Feature", "geometry": {"type": "Point", "coordinates": [10.6561, 36.52228]}, "properties": {"record_id": "oai:u-bordeaux-montaigne.fr:340416", "symbol_class": "building", "pixel_x": 2887.0, "pixel_y": 3664.8, "easting": 567647.4, "northing": 358028.3, "epsg_source": 22391}}, {"type": "Feature", "geometry": {"type": "Point", "coordinates": [10.78808, 36.5133]}, "properties": {"record_id": "oai:u-bordeaux-montaigne.fr:340416", "symbol_class": "building", "pixel_x": 5639.9, "pixel_y": 3666.8, "easting": 579473.4, "northing": 357132.0, "epsg_source": 22391}}, {"type": "Feature", "geometry": {"type": "Point", "coordinates": [10.78676, 36.5132]}, "properties": {"record_id": "oai:u-bordeaux-montaigne.fr:340416", "symbol_class": "building", "pixel_x": 5612.6, "pixel_y": 3671.8, "easting": 579354.6, "northing": 357120.4, "epsg_source": 22391}}, {"type": "Feature", "geometry": {"type": "Point", "coordinates": [10.80815, 36.51169]}, "properties": {"record_id": "oai:u-bordeaux-montaigne.fr:340416", "symbol_class": "building", "pixel_x": 6059.0, "pixel_y": 3673.3, "easting": 581271.7, "northing": 356970.3, "epsg_source": 22391}}, {"type": "Feature", "geometry": {"type": "Point", "coordinates": [10.80746, 36.51168]}, "properties": {"record_id": "oai:u-bordeaux-montaigne.fr:340416", "symbol_class": "building", "pixel_x": 6044.8, "pixel_y": 3675.0, "easting": 581210.2, "northing": 356967.9, "epsg_source": 22391}}, {"type": "Feature", "geometry": {"type": "Point", "coordinates": [10.82063, 36.51081]}, "properties": {"record_id": "oai:u-bordeaux-montaigne.fr:340416", "symbol_class": "building", "pixel_x": 6319.4, "pixel_y": 3674.1, "easting": 582390.0, "northing": 356882.9, "epsg_source": 22391}}, {"type": "Feature", "geometry": {"type": "Point", "coordinates": [10.69298, 36.5192]}, "properties": {"record_id": "oai:u-bordeaux-montaigne.fr:340416", "symbol_class": "building", "pixel_x": 3657.4, "pixel_y": 3680.9, "easting": 570952.0, "northing": 357713.7, "epsg_source": 22391}}, {"type": "Feature", "geometry": {"type": "Point", "coordinates": [10.64684, 36.52231]}, "properties": {"record_id": "oai:u-bordeaux-montaigne.fr:340416", "symbol_class": "building", "pixel_x": 2695.2, "pixel_y": 3680.5, "easting": 566818.6, "northing": 358025.5, "epsg_source": 22391}}, {"type": "Feature", "geometry": {"type": "Point", "coordinates": [10.80818, 36.51097]}, "properties": {"record_id": "oai:u-bordeaux-montaigne.fr:340416", "symbol_class": "building", "pixel_x": 6061.3, "pixel_y": 3692.6, "easting": 581275.6, "northing": 356890.1, "epsg_source": 22391}}, {"type": "Feature", "geometry": {"type": "Point", "coordinates": [10.78946, 36.51217]}, "properties": {"record_id": "oai:u-bordeaux-montaigne.fr:340416", "symbol_class": "building", "pixel_x": 5671.0, "pixel_y": 3694.5, "easting": 579598.2, "northing": 357008.4, "epsg_source": 22391}}, {"type": "Feature", "geometry": {"type": "Point", "coordinates": [10.69311, 36.51847]}, "properties": {"record_id": "oai:u-bordeaux-montaigne.fr:340416", "symbol_class": "building", "pixel_x": 3661.7, "pixel_y": 3700.3, "easting": 570964.3, "northing": 357632.8, "epsg_source": 22391}}, {"type": "Feature", "geometry": {"type": "Point", "coordinates": [10.79019, 36.51192]}, "properties": {"record_id": "oai:u-bordeaux-montaigne.fr:340416", "symbol_class": "building", "pixel_x": 5686.7, "pixel_y": 3699.9, "easting": 579663.8, "northing": 356981.3, "epsg_source": 22391}}, {"type": "Feature", "geometry": {"type": "Point", "coordinates": [10.7888, 36.5117]}, "properties": {"record_id": "oai:u-bordeaux-montaigne.fr:340416", "symbol_class": "building", "pixel_x": 5658.2, "pixel_y": 3708.6, "easting": 579538.8, "northing": 356954.8, "epsg_source": 22391}}, {"type": "Feature", "geometry": {"type": "Point", "coordinates": [10.78944, 36.51163]}, "properties": {"record_id": "oai:u-bordeaux-montaigne.fr:340416", "symbol_class": "building", "pixel_x": 5671.7, "pixel_y": 3709.1, "easting": 579596.4, "northing": 356948.3, "epsg_source": 22391}}, {"type": "Feature", "geometry": {"type": "Point", "coordinates": [10.75064, 36.514]}, "properties": {"record_id": "oai:u-bordeaux-montaigne.fr:340416", "symbol_class": "building", "pixel_x": 4863.1, "pixel_y": 3716.2, "easting": 576120.4, "northing": 357180.0, "epsg_source": 22391}}, {"type": "Feature", "geometry": {"type": "Point", "coordinates": [10.62549, 36.52243]}, "properties": {"record_id": "oai:u-bordeaux-montaigne.fr:340416", "symbol_class": "building", "pixel_x": 2252.7, "pixel_y": 3715.5, "easting": 564906.3, "northing": 358024.9, "epsg_source": 22391}}, {"type": "Feature", "geometry": {"type": "Point", "coordinates": [10.57556, 36.52533]}, "properties": {"record_id": "oai:u-bordeaux-montaigne.fr:340416", "symbol_class": "building", "pixel_x": 1212.5, "pixel_y": 3726.9, "easting": 560433.9, "northing": 358313.8, "epsg_source": 22391}}, {"type": "Feature", "geometry": {"type": "Point", "coordinates": [10.78885, 36.5109]}, "properties": {"record_id": "oai:u-bordeaux-montaigne.fr:340416", "symbol_class": "building", "pixel_x": 5661.2, "pixel_y": 3729.9, "easting": 579544.8, "northing": 356866.4, "epsg_source": 22391}}, {"type": "Feature", "geometry": {"type": "Point", "coordinates": [10.61124, 36.52266]}, "properties": {"record_id": "oai:u-bordeaux-montaigne.fr:340416", "symbol_class": "building", "pixel_x": 1957.2, "pixel_y": 3735.0, "easting": 563630.4, "northing": 358040.3, "epsg_source": 22391}}, {"type": "Feature", "geometry": {"type": "Point", "coordinates": [10.72613, 36.51498]}, "properties": {"record_id": "oai:u-bordeaux-montaigne.fr:340416", "symbol_class": "building", "pixel_x": 4353.3, "pixel_y": 3734.4, "easting": 573924.4, "northing": 357270.1, "epsg_source": 22391}}, {"type": "Feature", "geometry": {"type": "Point", "coordinates": [10.90434, 36.50261]}, "properties": {"record_id": "oai:u-bordeaux-montaigne.fr:340416", "symbol_class": "building", "pixel_x": 8071.3, "pixel_y": 3740.0, "easting": 589895.6, "northing": 356047.6, "epsg_source": 22391}}, {"type": "Feature", "geometry": {"type": "Point", "coordinates": [10.60109, 36.52308]}, "properties": {"record_id": "oai:u-bordeaux-montaigne.fr:340416", "symbol_class": "building", "pixel_x": 1746.2, "pixel_y": 3741.7, "easting": 562721.9, "northing": 358081.0, "epsg_source": 22391}}, {"type": "Feature", "geometry": {"type": "Point", "coordinates": [10.65729, 36.5192]}, "properties": {"record_id": "oai:u-bordeaux-montaigne.fr:340416", "symbol_class": "building", "pixel_x": 2918.4, "pixel_y": 3745.2, "easting": 567756.5, "northing": 357688.3, "epsg_source": 22391}}, {"type": "Feature", "geometry": {"type": "Point", "coordinates": [10.80297, 36.5093]}, "properties": {"record_id": "oai:u-bordeaux-montaigne.fr:340416", "symbol_class": "building", "pixel_x": 5957.1, "pixel_y": 3747.1, "easting": 580810.4, "northing": 356700.7, "epsg_source": 22391}}, {"type": "Feature", "geometry": {"type": "Point", "coordinates": [10.90174, 36.50262]}, "properties": {"record_id": "oai:u-bordeaux-montaigne.fr:340416", "symbol_class": "building", "pixel_x": 8017.4, "pixel_y": 3744.6, "easting": 589662.5, "northing": 356046.3, "epsg_source": 22391}}, {"type": "Feature", "geometry": {"type": "Point", "coordinates": [10.7888, 36.51022]}, "properties": {"record_id": "oai:u-bordeaux-montaigne.fr:340416", "symbol_class": "building", "pixel_x": 5661.6, "pixel_y": 3748.4, "easting": 579540.6, "northing": 356790.5, "epsg_source": 22391}}, {"type": "Feature", "geometry": {"type": "Point", "coordinates": [10.60511, 36.52259]}, "properties": {"record_id": "oai:u-bordeaux-montaigne.fr:340416", "symbol_class": "building", "pixel_x": 1830.4, "pixel_y": 3747.9, "easting": 563081.8, "northing": 358028.4, "epsg_source": 22391}}, {"type": "Feature", "geometry": {"type": "Point", "coordinates": [10.60352, 36.52258]}, "properties": {"record_id": "oai:u-bordeaux-montaigne.fr:340416", "symbol_class": "building", "pixel_x": 1797.5, "pixel_y": 3751.0, "easting": 562939.4, "northing": 358026.2, "epsg_source": 22391}}, {"type": "Feature", "geometry": {"type": "Point", "coordinates": [10.61015, 36.52181]}, "properties": {"record_id": "oai:u-bordeaux-montaigne.fr:340416", "symbol_class": "building", "pixel_x": 1936.6, "pixel_y": 3759.7, "easting": 563534.1, "northing": 357945.7, "epsg_source": 22391}}, {"type": "Feature", "geometry": {"type": "Point", "coordinates": [10.78848, 36.50956]}, "properties": {"record_id": "oai:u-bordeaux-montaigne.fr:340416", "symbol_class": "building", "pixel_x": 5656.5, "pixel_y": 3766.5, "easting": 579512.8, "northing": 356717.9, "epsg_source": 22391}}, {"type": "Feature", "geometry": {"type": "Point", "coordinates": [10.80077, 36.50863]}, "properties": {"record_id": "oai:u-bordeaux-montaigne.fr:340416", "symbol_class": "building", "pixel_x": 5913.0, "pixel_y": 3769.0, "easting": 580614.2, "northing": 356625.0, "epsg_source": 22391}}, {"type": "Feature", "geometry": {"type": "Point", "coordinates": [10.7343, 36.51284]}, "properties": {"record_id": "oai:u-bordeaux-montaigne.fr:340416", "symbol_class": "building", "pixel_x": 4527.1, "pixel_y": 3777.0, "easting": 574657.7, "northing": 357039.1, "epsg_source": 22391}}, {"type": "Feature", "geometry": {"type": "Point", "coordinates": [10.83218, 36.50612]}, "properties": {"record_id": "oai:u-bordeaux-montaigne.fr:340416", "symbol_class": "building", "pixel_x": 6569.2, "pixel_y": 3779.0, "easting": 583429.8, "northing": 356372.2, "epsg_source": 22391}}, {"type": "Feature", "geometry": {"type": "Point", "coordinates": [10.73223, 36.51289]}, "properties": {"record_id": "oai:u-bordeaux-montaigne.fr:340416", "symbol_class": "building", "pixel_x": 4484.2, "pixel_y": 3779.6, "easting": 574472.6, "northing": 357042.4, "epsg_source": 22391}}, {"type": "Feature", "geometry": {"type": "Point", "coordinates": [10.79191, 36.50876]}, "properties": {"record_id": "oai:u-bordeaux-montaigne.fr:340416", "symbol_class": "building", "pixel_x": 5729.2, "pixel_y": 3781.8, "easting": 579820.5, "northing": 356631.7, "epsg_source": 22391}}, {"type": "Feature", "geometry": {"type": "Point", "coordinates": [10.64205, 36.51877]}, "properties": {"record_id": "oai:u-bordeaux-montaigne.fr:340416", "symbol_class": "building", "pixel_x": 2603.7, "pixel_y": 3784.4, "easting": 566392.3, "northing": 357629.3, "epsg_source": 22391}}, {"type": "Feature", "geometry": {"type": "Point", "coordinates": [10.68805, 36.51564]}, "properties": {"record_id": "oai:u-bordeaux-montaigne.fr:340416", "symbol_class": "building", "pixel_x": 3563.2, "pixel_y": 3785.8, "easting": 570513.9, "northing": 357314.2, "epsg_source": 22391}}, {"type": "Feature", "geometry": {"type": "Point", "coordinates": [10.58383, 36.52267]}, "properties": {"record_id": "oai:u-bordeaux-montaigne.fr:340416", "symbol_class": "building", "pixel_x": 1389.6, "pixel_y": 3783.6, "easting": 561176.5, "northing": 358024.3, "epsg_source": 22391}}, {"type": "Feature", "geometry": {"type": "Point", "coordinates": [10.75102, 36.51142]}, "properties": {"record_id": "oai:u-bordeaux-montaigne.fr:340416", "symbol_class": "building", "pixel_x": 4876.5, "pixel_y": 3785.0, "easting": 576156.2, "northing": 356893.8, "epsg_source": 22391}}, {"type": "Feature", "geometry": {"type": "Point", "coordinates": [10.58243, 36.52267]}, "properties": {"record_id": "oai:u-bordeaux-montaigne.fr:340416", "symbol_class": "building", "pixel_x": 1360.7, "pixel_y": 3786.0, "easting": 561051.5, "northing": 358023.5, "epsg_source": 22391}}, {"type": "Feature", "geometry": {"type": "Point", "coordinates": [10.66057, 36.5171]}, "properties": {"record_id": "oai:u-bordeaux-montaigne.fr:340416", "symbol_class": "building", "pixel_x": 2990.9, "pixel_y": 3795.9, "easting": 568051.9, "northing": 357457.4, "epsg_source": 22391}}, {"type": "Feature", "geometry": {"type": "Point", "coordinates": [10.72316, 36.51293]}, "properties": {"record_id": "oai:u-bordeaux-montaigne.fr:340416", "symbol_class": "building", "pixel_x": 4296.4, "pixel_y": 3794.9, "easting": 573660.7, "northing": 357040.5, "epsg_source": 22391}}, {"type": "Feature", "geometry": {"type": "Point", "coordinates": [10.57121, 36.52278]}, "properties": {"record_id": "oai:u-bordeaux-montaigne.fr:340416", "symbol_class": "building", "pixel_x": 1128.1, "pixel_y": 3803.2, "easting": 560047.0, "northing": 358028.0, "epsg_source": 22391}}, {"type": "Feature", "geometry": {"type": "Point", "coordinates": [10.64025, 36.51807]}, "properties": {"record_id": "oai:u-bordeaux-montaigne.fr:340416", "symbol_class": "building", "pixel_x": 2568.0, "pixel_y": 3806.2, "easting": 566231.9, "northing": 357551.3, "epsg_source": 22391}}, {"type": "Feature", "geometry": {"type": "Point", "coordinates": [10.71772, 36.513]}, "properties": {"record_id": "oai:u-bordeaux-montaigne.fr:340416", "symbol_class": "building", "pixel_x": 4183.5, "pixel_y": 3803.0, "easting": 573173.1, "northing": 357043.3, "epsg_source": 22391}}, {"type": "Feature", "geometry": {"type": "Point", "coordinates": [10.7139, 36.51303]}, "properties": {"record_id": "oai:u-bordeaux-montaigne.fr:340416", "symbol_class": "building", "pixel_x": 4104.4, "pixel_y": 3808.9, "easting": 572831.3, "northing": 357044.7, "epsg_source": 22391}}, {"type": "Feature", "geometry": {"type": "Point", "coordinates": [10.71434, 36.51301]}, "properties": {"record_id": "oai:u-bordeaux-montaigne.fr:340416", "symbol_class": "building", "pixel_x": 4113.6, "pixel_y": 3808.9, "easting": 572870.9, "northing": 357041.8, "epsg_source": 22391}}, {"type": "Feature", "geometry": {"type": "Point", "coordinates": [10.75082, 36.5103]}, "properties": {"record_id": "oai:u-bordeaux-montaigne.fr:340416", "symbol_class": "building", "pixel_x": 4874.9, "pixel_y": 3815.4, "easting": 576139.6, "northing": 356769.8, "epsg_source": 22391}}, {"type": "Feature", "geometry": {"type": "Point", "coordinates": [10.84988, 36.5031]}, "properties": {"record_id": "oai:u-bordeaux-montaigne.fr:340416", "symbol_class": "building", "pixel_x": 6942.4, "pixel_y": 3827.6, "easting": 585017.5, "northing": 356052.7, "epsg_source": 22391}}, {"type": "Feature", "geometry": {"type": "Point", "coordinates": [10.72027, 36.5117]}, "properties": {"record_id": "oai:u-bordeaux-montaigne.fr:340416", "symbol_class": "building", "pixel_x": 4239.1, "pixel_y": 3833.2, "easting": 573402.5, "northing": 356901.8, "epsg_source": 22391}}, {"type": "Feature", "geometry": {"type": "Point", "coordinates": [10.63922, 36.51717]}, "properties": {"record_id": "oai:u-bordeaux-montaigne.fr:340416", "symbol_class": "building", "pixel_x": 2548.7, "pixel_y": 3832.5, "easting": 566140.4, "northing": 357450.0, "epsg_source": 22391}}, {"type": "Feature", "geometry": {"type": "Point", "coordinates": [10.66521, 36.51547]}, "properties": {"record_id": "oai:u-bordeaux-montaigne.fr:340416", "symbol_class": "building", "pixel_x": 3090.5, "pixel_y": 3831.5, "easting": 568468.6, "northing": 357279.1, "epsg_source": 22391}}, {"type": "Feature", "geometry": {"type": "Point", "coordinates": [10.70818, 36.51248]}, "properties": {"record_id": "oai:u-bordeaux-montaigne.fr:340416", "symbol_class": "building", "pixel_x": 3987.1, "pixel_y": 3834.2, "easting": 572319.3, "northing": 356979.0, "epsg_source": 22391}}, {"type": "Feature", "geometry": {"type": "Point", "coordinates": [10.69599, 36.51316]}, "properties": {"record_id": "oai:u-bordeaux-montaigne.fr:340416", "symbol_class": "building", "pixel_x": 3733.2, "pixel_y": 3838.0, "easting": 571227.6, "northing": 357045.2, "epsg_source": 22391}}, {"type": "Feature", "geometry": {"type": "Point", "coordinates": [10.70817, 36.51201]}, "properties": {"record_id": "oai:u-bordeaux-montaigne.fr:340416", "symbol_class": "building", "pixel_x": 3987.9, "pixel_y": 3847.0, "easting": 572318.6, "northing": 356926.5, "epsg_source": 22391}}, {"type": "Feature", "geometry": {"type": "Point", "coordinates": [10.70853, 36.51195]}, "properties": {"record_id": "oai:u-bordeaux-montaigne.fr:340416", "symbol_class": "building", "pixel_x": 3995.5, "pixel_y": 3847.7, "easting": 572351.4, "northing": 356920.8, "epsg_source": 22391}}, {"type": "Feature", "geometry": {"type": "Point", "coordinates": [10.69026, 36.51307]}, "properties": {"record_id": "oai:u-bordeaux-montaigne.fr:340416", "symbol_class": "building", "pixel_x": 3614.8, "pixel_y": 3850.7, "easting": 570714.6, "northing": 357031.6, "epsg_source": 22391}}, {"type": "Feature", "geometry": {"type": "Point", "coordinates": [10.69054, 36.51281]}, "properties": {"record_id": "oai:u-bordeaux-montaigne.fr:340416", "symbol_class": "building", "pixel_x": 3621.0, "pixel_y": 3857.3, "easting": 570739.3, "northing": 357002.4, "epsg_source": 22391}}, {"type": "Feature", "geometry": {"type": "Point", "coordinates": [10.70857, 36.51161]}, "properties": {"record_id": "oai:u-bordeaux-montaigne.fr:340416", "symbol_class": "building", "pixel_x": 3997.1, "pixel_y": 3856.8, "easting": 572355.2, "northing": 356883.1, "epsg_source": 22391}}, {"type": "Feature", "geometry": {"type": "Point", "coordinates": [10.6766, 36.51326]}, "properties": {"record_id": "oai:u-bordeaux-montaigne.fr:340416", "symbol_class": "building", "pixel_x": 3331.3, "pixel_y": 3870.4, "easting": 569490.6, "northing": 357042.2, "epsg_source": 22391}}, {"type": "Feature", "geometry": {"type": "Point", "coordinates": [10.57402, 36.51992]}, "properties": {"record_id": "oai:u-bordeaux-montaigne.fr:340416", "symbol_class": "building", "pixel_x": 1192.4, "pixel_y": 3875.1, "easting": 560300.0, "northing": 357712.9, "epsg_source": 22391}}, {"type": "Feature", "geometry": {"type": "Point", "coordinates": [10.62719, 36.51636]}, "properties": {"record_id": "oai:u-bordeaux-montaigne.fr:340416", "symbol_class": "building", "pixel_x": 2301.2, "pixel_y": 3875.8, "easting": 565063.6, "northing": 357352.2, "epsg_source": 22391}}, {"type": "Feature", "geometry": {"type": "Point", "coordinates": [10.79052, 36.50521]}, "properties": {"record_id": "oai:u-bordeaux-montaigne.fr:340416", "symbol_class": "building", "pixel_x": 5708.4, "pixel_y": 3879.9, "easting": 579699.6, "northing": 356236.5, "epsg_source": 22391}}, {"type": "Feature", "geometry": {"type": "Point", "coordinates": [10.78737, 36.50535]}, "properties": {"record_id": "oai:u-bordeaux-montaigne.fr:340416", "symbol_class": "building", "pixel_x": 5642.9, "pixel_y": 3881.9, "easting": 579417.6, "northing": 356249.6, "epsg_source": 22391}}, {"type": "Feature", "geometry": {"type": "Point", "coordinates": [10.82451, 36.50279]}, "properties": {"record_id": "oai:u-bordeaux-montaigne.fr:340416", "symbol_class": "building", "pixel_x": 6417.8, "pixel_y": 3882.5, "easting": 582746.6, "northing": 355997.1, "epsg_source": 22391}}, {"type": "Feature", "geometry": {"type": "Point", "coordinates": [10.81246, 36.50347]}, "properties": {"record_id": "oai:u-bordeaux-montaigne.fr:340416", "symbol_class": "building", "pixel_x": 6166.8, "pixel_y": 3886.5, "easting": 581666.7, "northing": 356061.8, "epsg_source": 22391}}, {"type": "Feature", "geometry": {"type": "Point", "coordinates": [10.60492, 36.51735]}, "properties": {"record_id": "oai:u-bordeaux-montaigne.fr:340416", "symbol_class": "building", "pixel_x": 1838.0, "pixel_y": 3889.0, "easting": 563069.3, "northing": 357447.6, "epsg_source": 22391}}, {"type": "Feature", "geometry": {"type": "Point", "coordinates": [10.66389, 36.51339]}, "properties": {"record_id": "oai:u-bordeaux-montaigne.fr:340416", "symbol_class": "building", "pixel_x": 3067.9, "pixel_y": 3889.8, "easting": 568353.0, "northing": 357047.6, "epsg_source": 22391}}, {"type": "Feature", "geometry": {"type": "Point", "coordinates": [10.6647, 36.51338]}, "properties": {"record_id": "oai:u-bordeaux-montaigne.fr:340416", "symbol_class": "building", "pixel_x": 3084.8, "pixel_y": 3888.5, "easting": 568425.6, "northing": 357047.4, "epsg_source": 22391}}, {"type": "Feature", "geometry": {"type": "Point", "coordinates": [10.69145, 36.51142]}, "properties": {"record_id": "oai:u-bordeaux-montaigne.fr:340416", "symbol_class": "building", "pixel_x": 3643.0, "pixel_y": 3893.0, "easting": 570822.6, "northing": 356848.8, "epsg_source": 22391}}, {"type": "Feature", "geometry": {"type": "Point", "coordinates": [10.73408, 36.50863]}, "properties": {"record_id": "oai:u-bordeaux-montaigne.fr:340416", "symbol_class": "building", "pixel_x": 4532.1, "pixel_y": 3890.7, "easting": 574642.7, "northing": 356571.5, "epsg_source": 22391}}, {"type": "Feature", "geometry": {"type": "Point", "coordinates": [10.66237, 36.51339]}, "properties": {"record_id": "oai:u-bordeaux-montaigne.fr:340416", "symbol_class": "building", "pixel_x": 3036.5, "pixel_y": 3892.5, "easting": 568216.9, "northing": 357046.6, "epsg_source": 22391}}, {"type": "Feature", "geometry": {"type": "Point", "coordinates": [10.73413, 36.50829]}, "properties": {"record_id": "oai:u-bordeaux-montaigne.fr:340416", "symbol_class": "building", "pixel_x": 4533.8, "pixel_y": 3899.9, "easting": 574647.1, "northing": 356533.5, "epsg_source": 22391}}, {"type": "Feature", "geometry": {"type": "Point", "coordinates": [10.6901, 36.51105]}, "properties": {"record_id": "oai:u-bordeaux-montaigne.fr:340416", "symbol_class": "building", "pixel_x": 3615.7, "pixel_y": 3905.3, "easting": 570701.3, "northing": 356807.3, "epsg_source": 22391}}, {"type": "Feature", "geometry": {"type": "Point", "coordinates": [10.61891, 36.51574]}, "properties": {"record_id": "oai:u-bordeaux-montaigne.fr:340416", "symbol_class": "building", "pixel_x": 2131.2, "pixel_y": 3907.4, "easting": 564322.8, "northing": 357277.5, "epsg_source": 22391}}, {"type": "Feature", "geometry": {"type": "Point", "coordinates": [10.69199, 36.51087]}, "properties": {"record_id": "oai:u-bordeaux-montaigne.fr:340416", "symbol_class": "building", "pixel_x": 3655.4, "pixel_y": 3906.9, "easting": 570871.1, "northing": 356788.2, "epsg_source": 22391}}, {"type": "Feature", "geometry": {"type": "Point", "coordinates": [10.65462, 36.51346]}, "properties": {"record_id": "oai:u-bordeaux-montaigne.fr:340416", "symbol_class": "building", "pixel_x": 2875.7, "pixel_y": 3904.6, "easting": 567522.3, "northing": 357048.9, "epsg_source": 22391}}, {"type": "Feature", "geometry": {"type": "Point", "coordinates": [10.80044, 36.5036]}, "properties": {"record_id": "oai:u-bordeaux-montaigne.fr:340416", "symbol_class": "building", "pixel_x": 5917.5, "pixel_y": 3904.8, "easting": 580590.2, "northing": 356066.8, "epsg_source": 22391}}, {"type": "Feature", "geometry": {"type": "Point", "coordinates": [10.65275, 36.51347]}, "properties": {"record_id": "oai:u-bordeaux-montaigne.fr:340416", "symbol_class": "building", "pixel_x": 2836.9, "pixel_y": 3907.7, "easting": 567354.8, "northing": 357048.7, "epsg_source": 22391}}, {"type": "Feature", "geometry": {"type": "Point", "coordinates": [10.73424, 36.50793]}, "properties": {"record_id": "oai:u-bordeaux-montaigne.fr:340416", "symbol_class": "building", "pixel_x": 4536.8, "pixel_y": 3909.2, "easting": 574657.1, "northing": 356494.1, "epsg_source": 22391}}, {"type": "Feature", "geometry": {"type": "Point", "coordinates": [10.65207, 36.51347]}, "properties": {"record_id": "oai:u-bordeaux-montaigne.fr:340416", "symbol_class": "building", "pixel_x": 2823.0, "pixel_y": 3908.8, "easting": 567294.6, "northing": 357048.6, "epsg_source": 22391}}, {"type": "Feature", "geometry": {"type": "Point", "coordinates": [10.64813, 36.5135]}, "properties": {"record_id": "oai:u-bordeaux-montaigne.fr:340416", "symbol_class": "building", "pixel_x": 2741.3, "pixel_y": 3915.1, "easting": 566941.5, "northing": 357049.3, "epsg_source": 22391}}, {"type": "Feature", "geometry": {"type": "Point", "coordinates": [10.62178, 36.51502]}, "properties": {"record_id": "oai:u-bordeaux-montaigne.fr:340416", "symbol_class": "building", "pixel_x": 2192.1, "pixel_y": 3921.6, "easting": 564580.3, "northing": 357199.6, "epsg_source": 22391}}, {"type": "Feature", "geometry": {"type": "Point", "coordinates": [10.69213, 36.5103]}, "properties": {"record_id": "oai:u-bordeaux-montaigne.fr:340416", "symbol_class": "building", "pixel_x": 3659.5, "pixel_y": 3921.9, "easting": 570884.2, "northing": 356725.0, "epsg_source": 22391}}, {"type": "Feature", "geometry": {"type": "Point", "coordinates": [10.79226, 36.50366]}, "properties": {"record_id": "oai:u-bordeaux-montaigne.fr:340416", "symbol_class": "building", "pixel_x": 5747.9, "pixel_y": 3918.3, "easting": 579857.2, "northing": 356066.4, "epsg_source": 22391}}, {"type": "Feature", "geometry": {"type": "Point", "coordinates": [10.58263, 36.51757]}, "properties": {"record_id": "oai:u-bordeaux-montaigne.fr:340416", "symbol_class": "building", "pixel_x": 1375.9, "pixel_y": 3922.9, "easting": 561073.2, "northing": 357457.6, "epsg_source": 22391}}, {"type": "Feature", "geometry": {"type": "Point", "coordinates": [10.64512, 36.5135]}, "properties": {"record_id": "oai:u-bordeaux-montaigne.fr:340416", "symbol_class": "building", "pixel_x": 2679.0, "pixel_y": 3920.6, "easting": 566672.2, "northing": 357046.8, "epsg_source": 22391}}, {"type": "Feature", "geometry": {"type": "Point", "coordinates": [10.64057, 36.51354]}, "properties": {"record_id": "oai:u-bordeaux-montaigne.fr:340416", "symbol_class": "building", "pixel_x": 2584.5, "pixel_y": 3927.7, "easting": 566264.0, "northing": 357048.4, "epsg_source": 22391}}, {"type": "Feature", "geometry": {"type": "Point", "coordinates": [10.63821, 36.51357]}, "properties": {"record_id": "oai:u-bordeaux-montaigne.fr:340416", "symbol_class": "building", "pixel_x": 2535.7, "pixel_y": 3931.1, "easting": 566053.2, "northing": 357050.0, "epsg_source": 22391}}, {"type": "Feature", "geometry": {"type": "Point", "coordinates": [10.63476, 36.51358]}, "properties": {"record_id": "oai:u-bordeaux-montaigne.fr:340416", "symbol_class": "building", "pixel_x": 2464.2, "pixel_y": 3937.0, "easting": 565744.3, "northing": 357048.9, "epsg_source": 22391}}, {"type": "Feature", "geometry": {"type": "Point", "coordinates": [10.63356, 36.51358]}, "properties": {"record_id": "oai:u-bordeaux-montaigne.fr:340416", "symbol_class": "building", "pixel_x": 2439.3, "pixel_y": 3939.0, "easting": 565636.7, "northing": 357048.6, "epsg_source": 22391}}, {"type": "Feature", "geometry": {"type": "Point", "coordinates": [10.77717, 36.50377]}, "properties": {"record_id": "oai:u-bordeaux-montaigne.fr:340416", "symbol_class": "building", "pixel_x": 5435.1, "pixel_y": 3942.9, "easting": 578505.6, "northing": 356066.2, "epsg_source": 22391}}, {"type": "Feature", "geometry": {"type": "Point", "coordinates": [10.79745, 36.50225]}, "properties": {"record_id": "oai:u-bordeaux-montaigne.fr:340416", "symbol_class": "building", "pixel_x": 5858.5, "pixel_y": 3946.7, "easting": 580323.1, "northing": 355914.5, "epsg_source": 22391}}, {"type": "Feature", "geometry": {"type": "Point", "coordinates": [10.78935, 36.50269]}, "properties": {"record_id": "oai:u-bordeaux-montaigne.fr:340416", "symbol_class": "building", "pixel_x": 5689.8, "pixel_y": 3949.9, "easting": 579597.6, "northing": 355955.8, "epsg_source": 22391}}, {"type": "Feature", "geometry": {"type": "Point", "coordinates": [10.62472, 36.51366]}, "properties": {"record_id": "oai:u-bordeaux-montaigne.fr:340416", "symbol_class": "building", "pixel_x": 2256.0, "pixel_y": 3952.9, "easting": 564844.8, "northing": 357050.7, "epsg_source": 22391}}, {"type": "Feature", "geometry": {"type": "Point", "coordinates": [10.77062, 36.50384]}, "properties": {"record_id": "oai:u-bordeaux-montaigne.fr:340416", "symbol_class": "building", "pixel_x": 5299.4, "pixel_y": 3952.9, "easting": 577919.4, "northing": 356069.2, "epsg_source": 22391}}, {"type": "Feature", "geometry": {"type": "Point", "coordinates": [10.7897, 36.50218]}, "properties": {"record_id": "oai:u-bordeaux-montaigne.fr:340416", "symbol_class": "building", "pixel_x": 5698.3, "pixel_y": 3962.7, "easting": 579629.8, "northing": 355900.5, "epsg_source": 22391}}, {"type": "Feature", "geometry": {"type": "Point", "coordinates": [10.61789, 36.51373]}, "properties": {"record_id": "oai:u-bordeaux-montaigne.fr:340416", "symbol_class": "building", "pixel_x": 2114.4, "pixel_y": 3963.2, "easting": 564233.2, "northing": 357054.3, "epsg_source": 22391}}, {"type": "Feature", "geometry": {"type": "Point", "coordinates": [10.61837, 36.51369]}, "properties": {"record_id": "oai:u-bordeaux-montaigne.fr:340416", "symbol_class": "building", "pixel_x": 2124.4, "pixel_y": 3963.4, "easting": 564276.0, "northing": 357050.2, "epsg_source": 22391}}, {"type": "Feature", "geometry": {"type": "Point", "coordinates": [10.70922, 36.50731]}, "properties": {"record_id": "oai:u-bordeaux-montaigne.fr:340416", "symbol_class": "building", "pixel_x": 4020.0, "pixel_y": 3971.4, "easting": 572417.2, "northing": 356406.1, "epsg_source": 22391}}, {"type": "Feature", "geometry": {"type": "Point", "coordinates": [10.61591, 36.51371]}, "properties": {"record_id": "oai:u-bordeaux-montaigne.fr:340416", "symbol_class": "building", "pixel_x": 2073.4, "pixel_y": 3967.2, "easting": 564055.7, "northing": 357051.0, "epsg_source": 22391}}, {"type": "Feature", "geometry": {"type": "Point", "coordinates": [10.67409, 36.50976]}, "properties": {"record_id": "oai:u-bordeaux-montaigne.fr:340416", "symbol_class": "building", "pixel_x": 3287.2, "pixel_y": 3969.0, "easting": 569269.5, "northing": 356652.2, "epsg_source": 22391}}, {"type": "Feature", "geometry": {"type": "Point", "coordinates": [10.61465, 36.51373]}, "properties": {"record_id": "oai:u-bordeaux-montaigne.fr:340416", "symbol_class": "building", "pixel_x": 2047.4, "pixel_y": 3968.9, "easting": 563943.6, "northing": 357052.7, "epsg_source": 22391}}, {"type": "Feature", "geometry": {"type": "Point", "coordinates": [10.72077, 36.50646]}, "properties": {"record_id": "oai:u-bordeaux-montaigne.fr:340416", "symbol_class": "building", "pixel_x": 4261.2, "pixel_y": 3973.2, "easting": 573452.5, "northing": 356320.9, "epsg_source": 22391}}, {"type": "Feature", "geometry": {"type": "Point", "coordinates": [10.59105, 36.51492]}, "properties": {"record_id": "oai:u-bordeaux-montaigne.fr:340416", "symbol_class": "building", "pixel_x": 1556.0, "pixel_y": 3979.2, "easting": 561828.9, "northing": 357168.7, "epsg_source": 22391}}, {"type": "Feature", "geometry": {"type": "Point", "coordinates": [10.90478, 36.49381]}, "properties": {"record_id": "oai:u-bordeaux-montaigne.fr:340416", "symbol_class": "building", "pixel_x": 8100.3, "pixel_y": 3976.0, "easting": 589944.8, "northing": 355071.1, "epsg_source": 22391}}, {"type": "Feature", "geometry": {"type": "Point", "coordinates": [10.71382, 36.50666]}, "properties": {"record_id": "oai:u-bordeaux-montaigne.fr:340416", "symbol_class": "building", "pixel_x": 4116.8, "pixel_y": 3980.5, "easting": 572830.1, "northing": 356337.5, "epsg_source": 22391}}, {"type": "Feature", "geometry": {"type": "Point", "coordinates": [10.75245, 36.50398]}, "properties": {"record_id": "oai:u-bordeaux-montaigne.fr:340416", "symbol_class": "building", "pixel_x": 4922.8, "pixel_y": 3982.5, "easting": 576291.8, "northing": 356069.5, "epsg_source": 22391}}, {"type": "Feature", "geometry": {"type": "Point", "coordinates": [10.80998, 36.49973]}, "properties": {"record_id": "oai:u-bordeaux-montaigne.fr:340416", "symbol_class": "building", "pixel_x": 6123.6, "pixel_y": 3991.5, "easting": 581447.7, "northing": 355645.3, "epsg_source": 22391}}, {"type": "Feature", "geometry": {"type": "Point", "coordinates": [10.60339, 36.51377]}, "properties": {"record_id": "oai:u-bordeaux-montaigne.fr:340416", "symbol_class": "building", "pixel_x": 1814.2, "pixel_y": 3988.0, "easting": 562935.3, "northing": 357049.5, "epsg_source": 22391}}, {"type": "Feature", "geometry": {"type": "Point", "coordinates": [10.67557, 36.50888]}, "properties": {"record_id": "oai:u-bordeaux-montaigne.fr:340416", "symbol_class": "building", "pixel_x": 3319.7, "pixel_y": 3989.9, "easting": 569402.4, "northing": 356556.3, "epsg_source": 22391}}, {"type": "Feature", "geometry": {"type": "Point", "coordinates": [10.67612, 36.50874]}, "properties": {"record_id": "oai:u-bordeaux-montaigne.fr:340416", "symbol_class": "building", "pixel_x": 3331.3, "pixel_y": 3992.8, "easting": 569451.6, "northing": 356540.5, "epsg_source": 22391}}, {"type": "Feature", "geometry": {"type": "Point", "coordinates": [10.78474, 36.50135]}, "properties": {"record_id": "oai:u-bordeaux-montaigne.fr:340416", "symbol_class": "building", "pixel_x": 5597.3, "pixel_y": 3994.2, "easting": 579185.7, "northing": 355803.9, "epsg_source": 22391}}, {"type": "Feature", "geometry": {"type": "Point", "coordinates": [10.59883, 36.5138]}, "properties": {"record_id": "oai:u-bordeaux-montaigne.fr:340416", "symbol_class": "building", "pixel_x": 1719.5, "pixel_y": 3995.3, "easting": 562526.3, "northing": 357050.0, "epsg_source": 22391}}, {"type": "Feature", "geometry": {"type": "Point", "coordinates": [10.59744, 36.5138]}, "properties": {"record_id": "oai:u-bordeaux-montaigne.fr:340416", "symbol_class": "building", "pixel_x": 1690.9, "pixel_y": 3998.0, "easting": 562402.3, "northing": 357048.3, "epsg_source": 22391}}, {"type": "Feature", "geometry": {"type": "Point", "coordinates": [10.74237, 36.50406]}, "properties": {"record_id": "oai:u-bordeaux-montaigne.fr:340416", "symbol_class": "building", "pixel_x": 4713.8, "pixel_y": 3998.5, "easting": 575388.8, "northing": 356071.4, "epsg_source": 22391}}, {"type": "Feature", "geometry": {"type": "Point", "coordinates": [10.58445, 36.51446]}, "properties": {"record_id": "oai:u-bordeaux-montaigne.fr:340416", "symbol_class": "building", "pixel_x": 1420.3, "pixel_y": 4003.4, "easting": 561238.5, "northing": 357113.6, "epsg_source": 22391}}, {"type": "Feature", "geometry": {"type": "Point", "coordinates": [10.59025, 36.51388]}, "properties": {"record_id": "oai:u-bordeaux-montaigne.fr:340416", "symbol_class": "building", "pixel_x": 1541.6, "pixel_y": 4008.5, "easting": 561758.0, "northing": 357053.3, "epsg_source": 22391}}, {"type": "Feature", "geometry": {"type": "Point", "coordinates": [10.58949, 36.51388]}, "properties": {"record_id": "oai:u-bordeaux-montaigne.fr:340416", "symbol_class": "building", "pixel_x": 1526.1, "pixel_y": 4010.0, "easting": 561690.6, "northing": 357052.3, "epsg_source": 22391}}, {"type": "Feature", "geometry": {"type": "Point", "coordinates": [10.81038, 36.49897]}, "properties": {"record_id": "oai:u-bordeaux-montaigne.fr:340416", "symbol_class": "building", "pixel_x": 6133.6, "pixel_y": 4011.1, "easting": 581484.6, "northing": 355561.5, "epsg_source": 22391}}, {"type": "Feature", "geometry": {"type": "Point", "coordinates": [10.70586, 36.50598]}, "properties": {"record_id": "oai:u-bordeaux-montaigne.fr:340416", "symbol_class": "building", "pixel_x": 3953.5, "pixel_y": 4013.3, "easting": 572118.0, "northing": 356255.9, "epsg_source": 22391}}, {"type": "Feature", "geometry": {"type": "Point", "coordinates": [10.88253, 36.494]}, "properties": {"record_id": "oai:u-bordeaux-montaigne.fr:340416", "symbol_class": "building", "pixel_x": 7639.2, "pixel_y": 4012.0, "easting": 587952.1, "northing": 355072.3, "epsg_source": 22391}}, {"type": "Feature", "geometry": {"type": "Point", "coordinates": [10.79217, 36.50004]}, "properties": {"record_id": "oai:u-bordeaux-montaigne.fr:340416", "symbol_class": "building", "pixel_x": 5754.1, "pixel_y": 4015.9, "easting": 579852.7, "northing": 355664.4, "epsg_source": 22391}}, {"type": "Feature", "geometry": {"type": "Point", "coordinates": [10.58746, 36.51386]}, "properties": {"record_id": "oai:u-bordeaux-montaigne.fr:340416", "symbol_class": "building", "pixel_x": 1484.0, "pixel_y": 4014.2, "easting": 561508.4, "northing": 357048.8, "epsg_source": 22391}}, {"type": "Feature", "geometry": {"type": "Point", "coordinates": [10.70525, 36.50587]}, "properties": {"record_id": "oai:u-bordeaux-montaigne.fr:340416", "symbol_class": "building", "pixel_x": 3941.0, "pixel_y": 4017.3, "easting": 572063.1, "northing": 356243.5, "epsg_source": 22391}}, {"type": "Feature", "geometry": {"type": "Point", "coordinates": [10.5825, 36.51385]}, "properties": {"record_id": "oai:u-bordeaux-montaigne.fr:340416", "symbol_class": "building", "pixel_x": 1381.2, "pixel_y": 4023.1, "easting": 561064.0, "northing": 357045.2, "epsg_source": 22391}}, {"type": "Feature", "geometry": {"type": "Point", "coordinates": [10.70608, 36.5056]}, "properties": {"record_id": "oai:u-bordeaux-montaigne.fr:340416", "symbol_class": "building", "pixel_x": 3958.8, "pixel_y": 4022.9, "easting": 572137.8, "northing": 356214.7, "epsg_source": 22391}}, {"type": "Feature", "geometry": {"type": "Point", "coordinates": [10.5794, 36.5139]}, "properties": {"record_id": "oai:u-bordeaux-montaigne.fr:340416", "symbol_class": "building", "pixel_x": 1317.0, "pixel_y": 4027.5, "easting": 560786.7, "northing": 357048.2, "epsg_source": 22391}}, {"type": "Feature", "geometry": {"type": "Point", "coordinates": [10.60438, 36.51203]}, "properties": {"record_id": "oai:u-bordeaux-montaigne.fr:340416", "symbol_class": "building", "pixel_x": 1838.5, "pixel_y": 4033.1, "easting": 563025.4, "northing": 356856.7, "epsg_source": 22391}}, {"type": "Feature", "geometry": {"type": "Point", "coordinates": [10.60345, 36.51168]}, "properties": {"record_id": "oai:u-bordeaux-montaigne.fr:340416", "symbol_class": "building", "pixel_x": 1820.0, "pixel_y": 4044.1, "easting": 562942.4, "northing": 356817.7, "epsg_source": 22391}}, {"type": "Feature", "geometry": {"type": "Point", "coordinates": [10.60224, 36.51114]}, "properties": {"record_id": "oai:u-bordeaux-montaigne.fr:340416", "symbol_class": "building", "pixel_x": 1795.9, "pixel_y": 4061.0, "easting": 562833.7, "northing": 356756.4, "epsg_source": 22391}}, {"type": "Feature", "geometry": {"type": "Point", "coordinates": [10.61742, 36.50928]}, "properties": {"record_id": "oai:u-bordeaux-montaigne.fr:340416", "symbol_class": "building", "pixel_x": 2114.4, "pixel_y": 4083.8, "easting": 564194.5, "northing": 356560.1, "epsg_source": 22391}}, {"type": "Feature", "geometry": {"type": "Point", "coordinates": [10.60659, 36.50949]}, "properties": {"record_id": "oai:u-bordeaux-montaigne.fr:340416", "symbol_class": "building", "pixel_x": 1889.8, "pixel_y": 4097.3, "easting": 563225.2, "northing": 356577.1, "epsg_source": 22391}}, {"type": "Feature", "geometry": {"type": "Point", "coordinates": [10.60725, 36.50905]}, "properties": {"record_id": "oai:u-bordeaux-montaigne.fr:340416", "symbol_class": "building", "pixel_x": 1904.4, "pixel_y": 4108.0, "easting": 563284.7, "northing": 356528.6, "epsg_source": 22391}}, {"type": "Feature", "geometry": {"type": "Point", "coordinates": [10.57166, 36.5111]}, "properties": {"record_id": "oai:u-bordeaux-montaigne.fr:340416", "symbol_class": "building", "pixel_x": 1162.8, "pixel_y": 4116.5, "easting": 560096.1, "northing": 356733.1, "epsg_source": 22391}}, {"type": "Feature", "geometry": {"type": "Point", "coordinates": [10.81954, 36.49457]}, "properties": {"record_id": "oai:u-bordeaux-montaigne.fr:340416", "symbol_class": "building", "pixel_x": 6333.2, "pixel_y": 4112.7, "easting": 582309.6, "northing": 355080.9, "epsg_source": 22391}}, {"type": "Feature", "geometry": {"type": "Point", "coordinates": [10.60515, 36.50879]}, "properties": {"record_id": "oai:u-bordeaux-montaigne.fr:340416", "symbol_class": "building", "pixel_x": 1861.5, "pixel_y": 4118.8, "easting": 563097.0, "northing": 356498.0, "epsg_source": 22391}}, {"type": "Feature", "geometry": {"type": "Point", "coordinates": [10.57292, 36.51059]}, "properties": {"record_id": "oai:u-bordeaux-montaigne.fr:340416", "symbol_class": "building", "pixel_x": 1190.0, "pixel_y": 4128.1, "easting": 560209.0, "northing": 356676.9, "epsg_source": 22391}}, {"type": "Feature", "geometry": {"type": "Point", "coordinates": [10.57374, 36.51047]}, "properties": {"record_id": "oai:u-bordeaux-montaigne.fr:340416", "symbol_class": "building", "pixel_x": 1207.1, "pixel_y": 4129.6, "easting": 560282.2, "northing": 356664.8, "epsg_source": 22391}}, {"type": "Feature", "geometry": {"type": "Point", "coordinates": [10.81876, 36.494]}, "properties": {"record_id": "oai:u-bordeaux-montaigne.fr:340416", "symbol_class": "building", "pixel_x": 6318.5, "pixel_y": 4129.5, "easting": 582240.8, "northing": 355016.6, "epsg_source": 22391}}, {"type": "Feature", "geometry": {"type": "Point", "coordinates": [10.80932, 36.49467]}, "properties": {"record_id": "oai:u-bordeaux-montaigne.fr:340416", "symbol_class": "building", "pixel_x": 6121.3, "pixel_y": 4128.8, "easting": 581394.1, "northing": 355083.4, "epsg_source": 22391}}, {"type": "Feature", "geometry": {"type": "Point", "coordinates": [10.8057, 36.49469]}, "properties": {"record_id": "oai:u-bordeaux-montaigne.fr:340416", "symbol_class": "building", "pixel_x": 6046.4, "pixel_y": 4134.8, "easting": 581070.3, "northing": 355082.9, "epsg_source": 22391}}, {"type": "Feature", "geometry": {"type": "Point", "coordinates": [10.57331, 36.5101]}, "properties": {"record_id": "oai:u-bordeaux-montaigne.fr:340416", "symbol_class": "building", "pixel_x": 1199.2, "pixel_y": 4140.3, "easting": 560244.7, "northing": 356623.7, "epsg_source": 22391}}, {"type": "Feature", "geometry": {"type": "Point", "coordinates": [10.59472, 36.50872]}, "properties": {"record_id": "oai:u-bordeaux-montaigne.fr:340416", "symbol_class": "building", "pixel_x": 1645.5, "pixel_y": 4139.5, "easting": 562162.4, "northing": 356483.0, "epsg_source": 22391}}, {"type": "Feature", "geometry": {"type": "Point", "coordinates": [10.57233, 36.51017]}, "properties": {"record_id": "oai:u-bordeaux-montaigne.fr:340416", "symbol_class": "building", "pixel_x": 1178.6, "pixel_y": 4140.2, "easting": 560156.3, "northing": 356630.6, "epsg_source": 22391}}, {"type": "Feature", "geometry": {"type": "Point", "coordinates": [10.80071, 36.49475]}, "properties": {"record_id": "oai:u-bordeaux-montaigne.fr:340416", "symbol_class": "building", "pixel_x": 5942.8, "pixel_y": 4142.5, "easting": 580622.7, "northing": 355084.8, "epsg_source": 22391}}, {"type": "Feature", "geometry": {"type": "Point", "coordinates": [10.69177, 36.50188]}, "properties": {"record_id": "oai:u-bordeaux-montaigne.fr:340416", "symbol_class": "building", "pixel_x": 3670.7, "pixel_y": 4149.0, "easting": 570859.7, "northing": 355791.1, "epsg_source": 22391}}, {"type": "Feature", "geometry": {"type": "Point", "coordinates": [10.57287, 36.50971]}, "properties": {"record_id": "oai:u-bordeaux-montaigne.fr:340416", "symbol_class": "building", "pixel_x": 1190.9, "pixel_y": 4151.8, "easting": 560205.6, "northing": 356579.4, "epsg_source": 22391}}, {"type": "Feature", "geometry": {"type": "Point", "coordinates": [10.79557, 36.49468]}, "properties": {"record_id": "oai:u-bordeaux-montaigne.fr:340416", "symbol_class": "building", "pixel_x": 5836.5, "pixel_y": 4153.8, "easting": 580162.7, "northing": 355072.8, "epsg_source": 22391}}, {"type": "Feature", "geometry": {"type": "Point", "coordinates": [10.79612, 36.49478]}, "properties": {"record_id": "oai:u-bordeaux-montaigne.fr:340416", "symbol_class": "building", "pixel_x": 5847.7, "pixel_y": 4150.0, "easting": 580211.7, "northing": 355084.7, "epsg_source": 22391}}, {"type": "Feature", "geometry": {"type": "Point", "coordinates": [10.79222, 36.49484]}, "properties": {"record_id": "oai:u-bordeaux-montaigne.fr:340416", "symbol_class": "building", "pixel_x": 5766.7, "pixel_y": 4155.5, "easting": 579862.3, "northing": 355088.0, "epsg_source": 22391}}, {"type": "Feature", "geometry": {"type": "Point", "coordinates": [10.7304, 36.49885]}, "properties": {"record_id": "oai:u-bordeaux-montaigne.fr:340416", "symbol_class": "building", "pixel_x": 4477.5, "pixel_y": 4160.5, "easting": 574322.1, "northing": 355483.7, "epsg_source": 22391}}, {"type": "Feature", "geometry": {"type": "Point", "coordinates": [10.76408, 36.49642]}, "properties": {"record_id": "oai:u-bordeaux-montaigne.fr:340416", "symbol_class": "building", "pixel_x": 5180.5, "pixel_y": 4164.5, "easting": 577340.8, "northing": 355240.4, "epsg_source": 22391}}, {"type": "Feature", "geometry": {"type": "Point", "coordinates": [10.782, 36.49491]}, "properties": {"record_id": "oai:u-bordeaux-montaigne.fr:340416", "symbol_class": "building", "pixel_x": 5555.0, "pixel_y": 4172.5, "easting": 578947.2, "northing": 355086.8, "epsg_source": 22391}}, {"type": "Feature", "geometry": {"type": "Point", "coordinates": [10.59359, 36.50702]}, "properties": {"record_id": "oai:u-bordeaux-montaigne.fr:340416", "symbol_class": "building", "pixel_x": 1625.8, "pixel_y": 4187.1, "easting": 562062.4, "northing": 356294.5, "epsg_source": 22391}}, {"type": "Feature", "geometry": {"type": "Point", "coordinates": [10.77603, 36.49492]}, "properties": {"record_id": "oai:u-bordeaux-montaigne.fr:340416", "symbol_class": "building", "pixel_x": 5431.3, "pixel_y": 4183.0, "easting": 578412.5, "northing": 355083.6, "epsg_source": 22391}}, {"type": "Feature", "geometry": {"type": "Point", "coordinates": [10.77269, 36.49499]}, "properties": {"record_id": "oai:u-bordeaux-montaigne.fr:340416", "symbol_class": "building", "pixel_x": 5362.0, "pixel_y": 4187.2, "easting": 578113.4, "northing": 355088.9, "epsg_source": 22391}}, {"type": "Feature", "geometry": {"type": "Point", "coordinates": [10.77322, 36.49496]}, "properties": {"record_id": "oai:u-bordeaux-montaigne.fr:340416", "symbol_class": "building", "pixel_x": 5373.0, "pixel_y": 4187.2, "easting": 578160.7, "northing": 355085.4, "epsg_source": 22391}}, {"type": "Feature", "geometry": {"type": "Point", "coordinates": [10.57376, 36.50808]}, "properties": {"record_id": "oai:u-bordeaux-montaigne.fr:340416", "symbol_class": "building", "pixel_x": 1212.9, "pixel_y": 4194.0, "easting": 560286.6, "northing": 356399.1, "epsg_source": 22391}}, {"type": "Feature", "geometry": {"type": "Point", "coordinates": [10.57442, 36.50765]}, "properties": {"record_id": "oai:u-bordeaux-montaigne.fr:340416", "symbol_class": "building", "pixel_x": 1227.4, "pixel_y": 4204.3, "easting": 560345.3, "northing": 356352.4, "epsg_source": 22391}}, {"type": "Feature", "geometry": {"type": "Point", "coordinates": [10.57709, 36.50712]}, "properties": {"record_id": "oai:u-bordeaux-montaigne.fr:340416", "symbol_class": "building", "pixel_x": 1283.9, "pixel_y": 4213.9, "easting": 560585.2, "northing": 356294.7, "epsg_source": 22391}}, {"type": "Feature", "geometry": {"type": "Point", "coordinates": [10.75122, 36.49514]}, "properties": {"record_id": "oai:u-bordeaux-montaigne.fr:340416", "symbol_class": "building", "pixel_x": 4917.0, "pixel_y": 4222.3, "easting": 576190.6, "northing": 355088.4, "epsg_source": 22391}}, {"type": "Feature", "geometry": {"type": "Point", "coordinates": [10.68366, 36.49955]}, "properties": {"record_id": "oai:u-bordeaux-montaigne.fr:340416", "symbol_class": "building", "pixel_x": 3507.9, "pixel_y": 4226.4, "easting": 570135.6, "northing": 355526.3, "epsg_source": 22391}}, {"type": "Feature", "geometry": {"type": "Point", "coordinates": [10.57761, 36.50645]}, "properties": {"record_id": "oai:u-bordeaux-montaigne.fr:340416", "symbol_class": "building", "pixel_x": 1296.0, "pixel_y": 4231.0, "easting": 560631.8, "northing": 356220.8, "epsg_source": 22391}}, {"type": "Feature", "geometry": {"type": "Point", "coordinates": [10.57662, 36.50521]}, "properties": {"record_id": "oai:u-bordeaux-montaigne.fr:340416", "symbol_class": "building", "pixel_x": 1278.2, "pixel_y": 4266.0, "easting": 560544.0, "northing": 356083.1, "epsg_source": 22391}}, {"type": "Feature", "geometry": {"type": "Point", "coordinates": [10.57297, 36.5052]}, "properties": {"record_id": "oai:u-bordeaux-montaigne.fr:340416", "symbol_class": "building", "pixel_x": 1202.8, "pixel_y": 4272.8, "easting": 560217.7, "northing": 356079.6, "epsg_source": 22391}}, {"type": "Feature", "geometry": {"type": "Point", "coordinates": [10.70262, 36.49634]}, "properties": {"record_id": "oai:u-bordeaux-montaigne.fr:340416", "symbol_class": "building", "pixel_x": 3907.7, "pixel_y": 4278.5, "easting": 571836.4, "northing": 355183.9, "epsg_source": 22391}}, {"type": "Feature", "geometry": {"type": "Point", "coordinates": [10.57111, 36.50521]}, "properties": {"record_id": "oai:u-bordeaux-montaigne.fr:340416", "symbol_class": "building", "pixel_x": 1164.2, "pixel_y": 4275.8, "easting": 560050.9, "northing": 356079.5, "epsg_source": 22391}}, {"type": "Feature", "geometry": {"type": "Point", "coordinates": [10.57198, 36.50524]}, "properties": {"record_id": "oai:u-bordeaux-montaigne.fr:340416", "symbol_class": "building", "pixel_x": 1182.2, "pixel_y": 4273.4, "easting": 560129.3, "northing": 356083.6, "epsg_source": 22391}}, {"type": "Feature", "geometry": {"type": "Point", "coordinates": [10.63532, 36.5009]}, "properties": {"record_id": "oai:u-bordeaux-montaigne.fr:340416", "symbol_class": "building", "pixel_x": 2503.5, "pixel_y": 4277.0, "easting": 565804.4, "northing": 355642.8, "epsg_source": 22391}}, {"type": "Feature", "geometry": {"type": "Point", "coordinates": [10.63584, 36.50086]}, "properties": {"record_id": "oai:u-bordeaux-montaigne.fr:340416", "symbol_class": "building", "pixel_x": 2514.5, "pixel_y": 4277.2, "easting": 565851.7, "northing": 355638.4, "epsg_source": 22391}}, {"type": "Feature", "geometry": {"type": "Point", "coordinates": [10.76475, 36.492]}, "properties": {"record_id": "oai:u-bordeaux-montaigne.fr:340416", "symbol_class": "building", "pixel_x": 5204.1, "pixel_y": 4282.2, "easting": 577404.8, "northing": 354750.6, "epsg_source": 22391}}, {"type": "Feature", "geometry": {"type": "Point", "coordinates": [10.63504, 36.50067]}, "properties": {"record_id": "oai:u-bordeaux-montaigne.fr:340416", "symbol_class": "building", "pixel_x": 2498.3, "pixel_y": 4283.6, "easting": 565780.1, "northing": 355617.3, "epsg_source": 22391}}, {"type": "Feature", "geometry": {"type": "Point", "coordinates": [10.69916, 36.4962]}, "properties": {"record_id": "oai:u-bordeaux-montaigne.fr:340416", "symbol_class": "building", "pixel_x": 3836.2, "pixel_y": 4288.3, "easting": 571526.4, "northing": 355166.6, "epsg_source": 22391}}, {"type": "Feature", "geometry": {"type": "Point", "coordinates": [10.71203, 36.4954]}, "properties": {"record_id": "oai:u-bordeaux-montaigne.fr:340416", "symbol_class": "building", "pixel_x": 4104.6, "pixel_y": 4286.4, "easting": 572679.9, "northing": 355087.6, "epsg_source": 22391}}, {"type": "Feature", "geometry": {"type": "Point", "coordinates": [10.71918, 36.4948]}, "properties": {"record_id": "oai:u-bordeaux-montaigne.fr:340416", "symbol_class": "building", "pixel_x": 4254.2, "pixel_y": 4289.8, "easting": 573321.3, "northing": 355025.8, "epsg_source": 22391}}, {"type": "Feature", "geometry": {"type": "Point", "coordinates": [10.68513, 36.49686]}, "properties": {"record_id": "oai:u-bordeaux-montaigne.fr:340416", "symbol_class": "building", "pixel_x": 3544.3, "pixel_y": 4296.0, "easting": 570269.6, "northing": 355229.1, "epsg_source": 22391}}, {"type": "Feature", "geometry": {"type": "Point", "coordinates": [10.69843, 36.49593]}, "properties": {"record_id": "oai:u-bordeaux-montaigne.fr:340416", "symbol_class": "building", "pixel_x": 3821.7, "pixel_y": 4297.0, "easting": 571461.1, "northing": 355135.5, "epsg_source": 22391}}, {"type": "Feature", "geometry": {"type": "Point", "coordinates": [10.81338, 36.48803]}, "properties": {"record_id": "oai:u-bordeaux-montaigne.fr:340416", "symbol_class": "building", "pixel_x": 6220.4, "pixel_y": 4299.9, "easting": 581765.3, "northing": 354350.1, "epsg_source": 22391}}, {"type": "Feature", "geometry": {"type": "Point", "coordinates": [10.81264, 36.48803]}, "properties": {"record_id": "oai:u-bordeaux-montaigne.fr:340416", "symbol_class": "building", "pixel_x": 6205.0, "pixel_y": 4301.2, "easting": 581698.6, "northing": 354349.8, "epsg_source": 22391}}, {"type": "Feature", "geometry": {"type": "Point", "coordinates": [10.69913, 36.49548]}, "properties": {"record_id": "oai:u-bordeaux-montaigne.fr:340416", "symbol_class": "building", "pixel_x": 3837.2, "pixel_y": 4307.9, "easting": 571524.4, "northing": 355086.0, "epsg_source": 22391}}, {"type": "Feature", "geometry": {"type": "Point", "coordinates": [10.57997, 36.50339]}, "properties": {"record_id": "oai:u-bordeaux-montaigne.fr:340416", "symbol_class": "building", "pixel_x": 1351.7, "pixel_y": 4309.0, "easting": 560845.9, "northing": 355883.3, "epsg_source": 22391}}, {"type": "Feature", "geometry": {"type": "Point", "coordinates": [10.69781, 36.49531]}, "properties": {"record_id": "oai:u-bordeaux-montaigne.fr:340416", "symbol_class": "building", "pixel_x": 3810.2, "pixel_y": 4314.6, "easting": 571406.2, "northing": 355067.1, "epsg_source": 22391}}, {"type": "Feature", "geometry": {"type": "Point", "coordinates": [10.69221, 36.49556]}, "properties": {"record_id": "oai:u-bordeaux-montaigne.fr:340416", "symbol_class": "building", "pixel_x": 3693.7, "pixel_y": 4318.0, "easting": 570904.7, "northing": 355090.7, "epsg_source": 22391}}, {"type": "Feature", "geometry": {"type": "Point", "coordinates": [10.57547, 36.50298]}, "properties": {"record_id": "oai:u-bordeaux-montaigne.fr:340416", "symbol_class": "building", "pixel_x": 1259.4, "pixel_y": 4328.2, "easting": 560443.2, "northing": 355834.1, "epsg_source": 22391}}, {"type": "Feature", "geometry": {"type": "Point", "coordinates": [10.68747, 36.49552]}, "properties": {"record_id": "oai:u-bordeaux-montaigne.fr:340416", "symbol_class": "building", "pixel_x": 3595.7, "pixel_y": 4327.9, "easting": 570480.2, "northing": 355081.9, "epsg_source": 22391}}, {"type": "Feature", "geometry": {"type": "Point", "coordinates": [10.77738, 36.48944]}, "properties": {"record_id": "oai:u-bordeaux-montaigne.fr:340416", "symbol_class": "building", "pixel_x": 5471.5, "pixel_y": 4328.0, "easting": 578538.7, "northing": 354476.5, "epsg_source": 22391}}, {"type": "Feature", "geometry": {"type": "Point", "coordinates": [10.68469, 36.49564]}, "properties": {"record_id": "oai:u-bordeaux-montaigne.fr:340416", "symbol_class": "building", "pixel_x": 3537.7, "pixel_y": 4329.5, "easting": 570230.7, "northing": 355094.0, "epsg_source": 22391}}, {"type": "Feature", "geometry": {"type": "Point", "coordinates": [10.68562, 36.49559]}, "properties": {"record_id": "oai:u-bordeaux-montaigne.fr:340416", "symbol_class": "building", "pixel_x": 3557.2, "pixel_y": 4329.1, "easting": 570314.7, "northing": 355089.4, "epsg_source": 22391}}, {"type": "Feature", "geometry": {"type": "Point", "coordinates": [10.83066, 36.48566]}, "properties": {"record_id": "oai:u-bordeaux-montaigne.fr:340416", "symbol_class": "building", "pixel_x": 6583.5, "pixel_y": 4332.0, "easting": 583314.8, "northing": 354101.4, "epsg_source": 22391}}, {"type": "Feature", "geometry": {"type": "Point", "coordinates": [10.78476, 36.48824]}, "properties": {"record_id": "oai:u-bordeaux-montaigne.fr:340416", "symbol_class": "building", "pixel_x": 5627.1, "pixel_y": 4346.6, "easting": 579201.4, "northing": 354350.2, "epsg_source": 22391}}, {"type": "Feature", "geometry": {"type": "Point", "coordinates": [10.6105, 36.49953]}, "properties": {"record_id": "oai:u-bordeaux-montaigne.fr:340416", "symbol_class": "building", "pixel_x": 1992.4, "pixel_y": 4358.5, "easting": 563582.9, "northing": 355473.7, "epsg_source": 22391}}, {"type": "Feature", "geometry": {"type": "Point", "coordinates": [10.70251, 36.49342]}, "properties": {"record_id": "oai:u-bordeaux-montaigne.fr:340416", "symbol_class": "building", "pixel_x": 3911.8, "pixel_y": 4357.1, "easting": 571829.1, "northing": 354860.3, "epsg_source": 22391}}, {"type": "Feature", "geometry": {"type": "Point", "coordinates": [10.66867, 36.49574]}, "properties": {"record_id": "oai:u-bordeaux-montaigne.fr:340416", "symbol_class": "building", "pixel_x": 3205.8, "pixel_y": 4355.8, "easting": 568796.5, "northing": 355093.2, "epsg_source": 22391}}, {"type": "Feature", "geometry": {"type": "Point", "coordinates": [10.80862, 36.48615]}, "properties": {"record_id": "oai:u-bordeaux-montaigne.fr:340416", "symbol_class": "building", "pixel_x": 6125.9, "pixel_y": 4359.1, "easting": 581340.5, "northing": 354137.9, "epsg_source": 22391}}, {"type": "Feature", "geometry": {"type": "Point", "coordinates": [10.66417, 36.49579]}, "properties": {"record_id": "oai:u-bordeaux-montaigne.fr:340416", "symbol_class": "building", "pixel_x": 3112.3, "pixel_y": 4362.5, "easting": 568392.6, "northing": 355096.2, "epsg_source": 22391}}, {"type": "Feature", "geometry": {"type": "Point", "coordinates": [10.57441, 36.50097]}, "properties": {"record_id": "oai:u-bordeaux-montaigne.fr:340416", "symbol_class": "building", "pixel_x": 1241.9, "pixel_y": 4384.0, "easting": 560350.2, "northing": 355611.0, "epsg_source": 22391}}, {"type": "Feature", "geometry": {"type": "Point", "coordinates": [10.57543, 36.5008]}, "properties": {"record_id": "oai:u-bordeaux-montaigne.fr:340416", "symbol_class": "building", "pixel_x": 1263.4, "pixel_y": 4386.9, "easting": 560441.6, "northing": 355592.3, "epsg_source": 22391}}, {"type": "Feature", "geometry": {"type": "Point", "coordinates": [10.57633, 36.50069]}, "properties": {"record_id": "oai:u-bordeaux-montaigne.fr:340416", "symbol_class": "building", "pixel_x": 1282.1, "pixel_y": 4388.3, "easting": 560521.6, "northing": 355580.7, "epsg_source": 22391}}, {"type": "Feature", "geometry": {"type": "Point", "coordinates": [10.57369, 36.50064]}, "properties": {"record_id": "oai:u-bordeaux-montaigne.fr:340416", "symbol_class": "building", "pixel_x": 1227.5, "pixel_y": 4394.1, "easting": 560285.3, "northing": 355574.3, "epsg_source": 22391}}, {"type": "Feature", "geometry": {"type": "Point", "coordinates": [10.7865, 36.48609]}, "properties": {"record_id": "oai:u-bordeaux-montaigne.fr:340416", "symbol_class": "building", "pixel_x": 5667.8, "pixel_y": 4401.4, "easting": 579358.7, "northing": 354112.4, "epsg_source": 22391}}, {"type": "Feature", "geometry": {"type": "Point", "coordinates": [10.7873, 36.48606]}, "properties": {"record_id": "oai:u-bordeaux-montaigne.fr:340416", "symbol_class": "building", "pixel_x": 5684.5, "pixel_y": 4400.6, "easting": 579430.8, "northing": 354110.3, "epsg_source": 22391}}, {"type": "Feature", "geometry": {"type": "Point", "coordinates": [10.78379, 36.48612]}, "properties": {"record_id": "oai:u-bordeaux-montaigne.fr:340416", "symbol_class": "building", "pixel_x": 5611.6, "pixel_y": 4405.6, "easting": 579116.1, "northing": 354113.3, "epsg_source": 22391}}, {"type": "Feature", "geometry": {"type": "Point", "coordinates": [10.81819, 36.48366]}, "properties": {"record_id": "oai:u-bordeaux-montaigne.fr:340416", "symbol_class": "building", "pixel_x": 6329.6, "pixel_y": 4408.6, "easting": 582199.8, "northing": 353869.1, "epsg_source": 22391}}, {"type": "Feature", "geometry": {"type": "Point", "coordinates": [10.62923, 36.49601]}, "properties": {"record_id": "oai:u-bordeaux-montaigne.fr:340416", "symbol_class": "building", "pixel_x": 2388.1, "pixel_y": 4419.4, "easting": 565263.1, "northing": 355096.3, "epsg_source": 22391}}, {"type": "Feature", "geometry": {"type": "Point", "coordinates": [10.62235, 36.49606]}, "properties": {"record_id": "oai:u-bordeaux-montaigne.fr:340416", "symbol_class": "building", "pixel_x": 2245.5, "pixel_y": 4430.3, "easting": 564647.1, "northing": 355097.6, "epsg_source": 22391}}, {"type": "Feature", "geometry": {"type": "Point", "coordinates": [10.76731, 36.48623]}, "properties": {"record_id": "oai:u-bordeaux-montaigne.fr:340416", "symbol_class": "building", "pixel_x": 5270.1, "pixel_y": 4432.6, "easting": 577640.0, "northing": 354112.6, "epsg_source": 22391}}, {"type": "Feature", "geometry": {"type": "Point", "coordinates": [10.61734, 36.49613]}, "properties": {"record_id": "oai:u-bordeaux-montaigne.fr:340416", "symbol_class": "building", "pixel_x": 2141.6, "pixel_y": 4437.6, "easting": 564198.4, "northing": 355101.3, "epsg_source": 22391}}, {"type": "Feature", "geometry": {"type": "Point", "coordinates": [10.58238, 36.49818]}, "properties": {"record_id": "oai:u-bordeaux-montaigne.fr:340416", "symbol_class": "building", "pixel_x": 1413.0, "pixel_y": 4444.8, "easting": 561066.0, "northing": 355306.7, "epsg_source": 22391}}, {"type": "Feature", "geometry": {"type": "Point", "coordinates": [10.90548, 36.47607]}, "properties": {"record_id": "oai:u-bordeaux-montaigne.fr:340416", "symbol_class": "building", "pixel_x": 8155.0, "pixel_y": 4451.7, "easting": 590027.9, "northing": 353104.1, "epsg_source": 22391}}, {"type": "Feature", "geometry": {"type": "Point", "coordinates": [10.74854, 36.4864]}, "properties": {"record_id": "oai:u-bordeaux-montaigne.fr:340416", "symbol_class": "building", "pixel_x": 4880.8, "pixel_y": 4462.1, "easting": 575958.3, "northing": 354117.2, "epsg_source": 22391}}, {"type": "Feature", "geometry": {"type": "Point", "coordinates": [10.6013, 36.49618]}, "properties": {"record_id": "oai:u-bordeaux-montaigne.fr:340416", "symbol_class": "building", "pixel_x": 1809.3, "pixel_y": 4464.9, "easting": 562762.2, "northing": 355096.6, "epsg_source": 22391}}, {"type": "Feature", "geometry": {"type": "Point", "coordinates": [10.78192, 36.48381]}, "properties": {"record_id": "oai:u-bordeaux-montaigne.fr:340416", "symbol_class": "building", "pixel_x": 5578.1, "pixel_y": 4471.1, "easting": 578951.1, "northing": 353855.7, "epsg_source": 22391}}, {"type": "Feature", "geometry": {"type": "Point", "coordinates": [10.59225, 36.49627]}, "properties": {"record_id": "oai:u-bordeaux-montaigne.fr:340416", "symbol_class": "building", "pixel_x": 1621.6, "pixel_y": 4478.6, "easting": 561951.4, "northing": 355101.0, "epsg_source": 22391}}, {"type": "Feature", "geometry": {"type": "Point", "coordinates": [10.59179, 36.49622]}, "properties": {"record_id": "oai:u-bordeaux-montaigne.fr:340416", "symbol_class": "building", "pixel_x": 1612.2, "pixel_y": 4480.7, "easting": 561910.2, "northing": 355095.6, "epsg_source": 22391}}, {"type": "Feature", "geometry": {"type": "Point", "coordinates": [10.58195, 36.49626]}, "properties": {"record_id": "oai:u-bordeaux-montaigne.fr:340416", "symbol_class": "building", "pixel_x": 1408.2, "pixel_y": 4497.2, "easting": 561028.5, "northing": 355093.8, "epsg_source": 22391}}, {"type": "Feature", "geometry": {"type": "Point", "coordinates": [10.58005, 36.49629]}, "properties": {"record_id": "oai:u-bordeaux-montaigne.fr:340416", "symbol_class": "building", "pixel_x": 1368.8, "pixel_y": 4500.0, "easting": 560858.4, "northing": 355095.0, "epsg_source": 22391}}, {"type": "Feature", "geometry": {"type": "Point", "coordinates": [10.57795, 36.49631]}, "properties": {"record_id": "oai:u-bordeaux-montaigne.fr:340416", "symbol_class": "building", "pixel_x": 1325.2, "pixel_y": 4503.1, "easting": 560670.2, "northing": 355096.3, "epsg_source": 22391}}, {"type": "Feature", "geometry": {"type": "Point", "coordinates": [10.73291, 36.48569]}, "properties": {"record_id": "oai:u-bordeaux-montaigne.fr:340416", "symbol_class": "building", "pixel_x": 4558.7, "pixel_y": 4509.8, "easting": 574559.2, "northing": 354025.9, "epsg_source": 22391}}, {"type": "Feature", "geometry": {"type": "Point", "coordinates": [10.57471, 36.49576]}, "properties": {"record_id": "oai:u-bordeaux-montaigne.fr:340416", "symbol_class": "building", "pixel_x": 1259.3, "pixel_y": 4523.5, "easting": 560380.6, "northing": 355033.8, "epsg_source": 22391}}, {"type": "Feature", "geometry": {"type": "Point", "coordinates": [10.57379, 36.49546]}, "properties": {"record_id": "oai:u-bordeaux-montaigne.fr:340416", "symbol_class": "building", "pixel_x": 1240.8, "pixel_y": 4533.3, "easting": 560298.2, "northing": 354999.8, "epsg_source": 22391}}, {"type": "Feature", "geometry": {"type": "Point", "coordinates": [10.72438, 36.48509]}, "properties": {"record_id": "oai:u-bordeaux-montaigne.fr:340416", "symbol_class": "building", "pixel_x": 4383.2, "pixel_y": 4541.3, "easting": 573795.4, "northing": 353953.2, "epsg_source": 22391}}, {"type": "Feature", "geometry": {"type": "Point", "coordinates": [10.84962, 36.47665]}, "properties": {"record_id": "oai:u-bordeaux-montaigne.fr:340416", "symbol_class": "building", "pixel_x": 6996.5, "pixel_y": 4539.3, "easting": 585022.9, "northing": 353118.7, "epsg_source": 22391}}, {"type": "Feature", "geometry": {"type": "Point", "coordinates": [10.57392, 36.49508]}, "properties": {"record_id": "oai:u-bordeaux-montaigne.fr:340416", "symbol_class": "building", "pixel_x": 1244.4, "pixel_y": 4543.3, "easting": 560310.2, "northing": 354957.6, "epsg_source": 22391}}, {"type": "Feature", "geometry": {"type": "Point", "coordinates": [10.57412, 36.49465]}, "properties": {"record_id": "oai:u-bordeaux-montaigne.fr:340416", "symbol_class": "building", "pixel_x": 1249.4, "pixel_y": 4554.5, "easting": 560328.3, "northing": 354910.0, "epsg_source": 22391}}, {"type": "Feature", "geometry": {"type": "Point", "coordinates": [10.70163, 36.48611]}, "properties": {"record_id": "oai:u-bordeaux-montaigne.fr:340416", "symbol_class": "building", "pixel_x": 3909.7, "pixel_y": 4555.2, "easting": 571756.7, "northing": 354049.1, "epsg_source": 22391}}, {"type": "Feature", "geometry": {"type": "Point", "coordinates": [10.68306, 36.48709]}, "properties": {"record_id": "oai:u-bordeaux-montaigne.fr:340416", "symbol_class": "building", "pixel_x": 3523.0, "pixel_y": 4562.5, "easting": 570092.9, "northing": 354143.8, "epsg_source": 22391}}, {"type": "Feature", "geometry": {"type": "Point", "coordinates": [10.76867, 36.48135]}, "properties": {"record_id": "oai:u-bordeaux-montaigne.fr:340416", "symbol_class": "building", "pixel_x": 5309.1, "pixel_y": 4561.4, "easting": 577766.7, "northing": 353572.2, "epsg_source": 22391}}, {"type": "Feature", "geometry": {"type": "Point", "coordinates": [10.71263, 36.48459]}, "properties": {"record_id": "oai:u-bordeaux-montaigne.fr:340416", "symbol_class": "building", "pixel_x": 4140.9, "pixel_y": 4576.3, "easting": 572743.4, "northing": 353888.0, "epsg_source": 22391}}, {"type": "Feature", "geometry": {"type": "Point", "coordinates": [10.67505, 36.48699]}, "properties": {"record_id": "oai:u-bordeaux-montaigne.fr:340416", "symbol_class": "building", "pixel_x": 3357.3, "pixel_y": 4579.7, "easting": 569375.7, "northing": 354127.0, "epsg_source": 22391}}, {"type": "Feature", "geometry": {"type": "Point", "coordinates": [10.6832, 36.48635]}, "properties": {"record_id": "oai:u-bordeaux-montaigne.fr:340416", "symbol_class": "building", "pixel_x": 3527.4, "pixel_y": 4582.0, "easting": 570106.0, "northing": 354062.3, "epsg_source": 22391}}, {"type": "Feature", "geometry": {"type": "Point", "coordinates": [10.68396, 36.48618]}, "properties": {"record_id": "oai:u-bordeaux-montaigne.fr:340416", "symbol_class": "building", "pixel_x": 3543.5, "pixel_y": 4585.3, "easting": 570173.9, "northing": 354043.9, "epsg_source": 22391}}, {"type": "Feature", "geometry": {"type": "Point", "coordinates": [10.7803, 36.47969]}, "properties": {"record_id": "oai:u-bordeaux-montaigne.fr:340416", "symbol_class": "building", "pixel_x": 5553.7, "pixel_y": 4584.9, "easting": 578809.8, "northing": 353397.0, "epsg_source": 22391}}, {"type": "Feature", "geometry": {"type": "Point", "coordinates": [10.66429, 36.48734]}, "properties": {"record_id": "oai:u-bordeaux-montaigne.fr:340416", "symbol_class": "building", "pixel_x": 3133.4, "pixel_y": 4589.6, "easting": 568410.9, "northing": 354158.3, "epsg_source": 22391}}, {"type": "Feature", "geometry": {"type": "Point", "coordinates": [10.69017, 36.48542]}, "properties": {"record_id": "oai:u-bordeaux-montaigne.fr:340416", "symbol_class": "building", "pixel_x": 3673.8, "pixel_y": 4594.4, "easting": 570730.7, "northing": 353964.4, "epsg_source": 22391}}, {"type": "Feature", "geometry": {"type": "Point", "coordinates": [10.68972, 36.48505]}, "properties": {"record_id": "oai:u-bordeaux-montaigne.fr:340416", "symbol_class": "building", "pixel_x": 3665.3, "pixel_y": 4605.3, "easting": 570691.0, "northing": 353922.3, "epsg_source": 22391}}, {"type": "Feature", "geometry": {"type": "Point", "coordinates": [10.78523, 36.47858]}, "properties": {"record_id": "oai:u-bordeaux-montaigne.fr:340416", "symbol_class": "building", "pixel_x": 5658.4, "pixel_y": 4605.5, "easting": 579253.1, "northing": 353278.8, "epsg_source": 22391}}, {"type": "Feature", "geometry": {"type": "Point", "coordinates": [10.76901, 36.47956]}, "properties": {"record_id": "oai:u-bordeaux-montaigne.fr:340416", "symbol_class": "building", "pixel_x": 5320.2, "pixel_y": 4609.0, "easting": 577799.0, "northing": 353373.6, "epsg_source": 22391}}, {"type": "Feature", "geometry": {"type": "Point", "coordinates": [10.77207, 36.47932]}, "properties": {"record_id": "oai:u-bordeaux-montaigne.fr:340416", "symbol_class": "building", "pixel_x": 5384.0, "pixel_y": 4609.8, "easting": 578073.0, "northing": 353349.6, "epsg_source": 22391}}, {"type": "Feature", "geometry": {"type": "Point", "coordinates": [10.80542, 36.47709]}, "properties": {"record_id": "oai:u-bordeaux-montaigne.fr:340416", "symbol_class": "building", "pixel_x": 6079.9, "pixel_y": 4608.8, "easting": 581062.9, "northing": 353129.3, "epsg_source": 22391}}, {"type": "Feature", "geometry": {"type": "Point", "coordinates": [10.7725, 36.47912]}, "properties": {"record_id": "oai:u-bordeaux-montaigne.fr:340416", "symbol_class": "building", "pixel_x": 5393.4, "pixel_y": 4614.2, "easting": 578112.1, "northing": 353328.5, "epsg_source": 22391}}, {"type": "Feature", "geometry": {"type": "Point", "coordinates": [10.80186, 36.47708]}, "properties": {"record_id": "oai:u-bordeaux-montaigne.fr:340416", "symbol_class": "building", "pixel_x": 6006.2, "pixel_y": 4615.5, "easting": 580744.3, "northing": 353125.5, "epsg_source": 22391}}, {"type": "Feature", "geometry": {"type": "Point", "coordinates": [10.74481, 36.48077]}, "properties": {"record_id": "oai:u-bordeaux-montaigne.fr:340416", "symbol_class": "building", "pixel_x": 4816.0, "pixel_y": 4620.6, "easting": 575629.5, "northing": 353488.7, "epsg_source": 22391}}, {"type": "Feature", "geometry": {"type": "Point", "coordinates": [10.65085, 36.48711]}, "properties": {"record_id": "oai:u-bordeaux-montaigne.fr:340416", "symbol_class": "building", "pixel_x": 2855.5, "pixel_y": 4620.0, "easting": 567207.2, "northing": 354123.5, "epsg_source": 22391}}, {"type": "Feature", "geometry": {"type": "Point", "coordinates": [10.79082, 36.47758]}, "properties": {"record_id": "oai:u-bordeaux-montaigne.fr:340416", "symbol_class": "building", "pixel_x": 5776.4, "pixel_y": 4622.3, "easting": 579754.9, "northing": 353171.9, "epsg_source": 22391}}, {"type": "Feature", "geometry": {"type": "Point", "coordinates": [10.64794, 36.48712]}, "properties": {"record_id": "oai:u-bordeaux-montaigne.fr:340416", "symbol_class": "building", "pixel_x": 2795.3, "pixel_y": 4624.9, "easting": 566946.9, "northing": 354123.0, "epsg_source": 22391}}, {"type": "Feature", "geometry": {"type": "Point", "coordinates": [10.70758, 36.48295]}, "properties": {"record_id": "oai:u-bordeaux-montaigne.fr:340416", "symbol_class": "building", "pixel_x": 4040.1, "pixel_y": 4629.4, "easting": 572293.1, "northing": 353702.8, "epsg_source": 22391}}, {"type": "Feature", "geometry": {"type": "Point", "coordinates": [10.79315, 36.47708]}, "properties": {"record_id": "oai:u-bordeaux-montaigne.fr:340416", "symbol_class": "building", "pixel_x": 5825.9, "pixel_y": 4631.5, "easting": 579964.3, "northing": 353118.3, "epsg_source": 22391}}, {"type": "Feature", "geometry": {"type": "Point", "coordinates": [10.74447, 36.48003]}, "properties": {"record_id": "oai:u-bordeaux-montaigne.fr:340416", "symbol_class": "building", "pixel_x": 4810.7, "pixel_y": 4641.0, "easting": 575600.1, "northing": 353406.8, "epsg_source": 22391}}, {"type": "Feature", "geometry": {"type": "Point", "coordinates": [10.72079, 36.48131]}, "properties": {"record_id": "oai:u-bordeaux-montaigne.fr:340416", "symbol_class": "building", "pixel_x": 4317.3, "pixel_y": 4649.5, "easting": 573477.8, "northing": 353530.9, "epsg_source": 22391}}, {"type": "Feature", "geometry": {"type": "Point", "coordinates": [10.62849, 36.48724]}, "properties": {"record_id": "oai:u-bordeaux-montaigne.fr:340416", "symbol_class": "building", "pixel_x": 2392.2, "pixel_y": 4656.7, "easting": 565204.9, "northing": 354122.7, "epsg_source": 22391}}, {"type": "Feature", "geometry": {"type": "Point", "coordinates": [10.77471, 36.47733]}, "properties": {"record_id": "oai:u-bordeaux-montaigne.fr:340416", "symbol_class": "building", "pixel_x": 5443.2, "pixel_y": 4658.5, "easting": 578311.9, "northing": 353131.2, "epsg_source": 22391}}, {"type": "Feature", "geometry": {"type": "Point", "coordinates": [10.69981, 36.48216]}, "properties": {"record_id": "oai:u-bordeaux-montaigne.fr:340416", "symbol_class": "building", "pixel_x": 3880.9, "pixel_y": 4664.9, "easting": 571597.8, "northing": 353609.0, "epsg_source": 22391}}, {"type": "Feature", "geometry": {"type": "Point", "coordinates": [10.76796, 36.47735]}, "properties": {"record_id": "oai:u-bordeaux-montaigne.fr:340416", "symbol_class": "building", "pixel_x": 5303.4, "pixel_y": 4670.3, "easting": 577707.2, "northing": 353127.9, "epsg_source": 22391}}, {"type": "Feature", "geometry": {"type": "Point", "coordinates": [10.78449, 36.47611]}, "properties": {"record_id": "oai:u-bordeaux-montaigne.fr:340416", "symbol_class": "building", "pixel_x": 5648.5, "pixel_y": 4673.4, "easting": 579189.0, "northing": 353003.8, "epsg_source": 22391}}, {"type": "Feature", "geometry": {"type": "Point", "coordinates": [10.78532, 36.47576]}, "properties": {"record_id": "oai:u-bordeaux-montaigne.fr:340416", "symbol_class": "building", "pixel_x": 5666.5, "pixel_y": 4681.3, "easting": 579263.7, "northing": 352965.7, "epsg_source": 22391}}, {"type": "Feature", "geometry": {"type": "Point", "coordinates": [10.79045, 36.47553]}, "properties": {"record_id": "oai:u-bordeaux-montaigne.fr:340416", "symbol_class": "building", "pixel_x": 5773.2, "pixel_y": 4678.0, "easting": 579723.4, "northing": 352944.9, "epsg_source": 22391}}, {"type": "Feature", "geometry": {"type": "Point", "coordinates": [10.78299, 36.4759]}, "properties": {"record_id": "oai:u-bordeaux-montaigne.fr:340416", "symbol_class": "building", "pixel_x": 5618.0, "pixel_y": 4681.7, "easting": 579055.1, "northing": 352979.7, "epsg_source": 22391}}, {"type": "Feature", "geometry": {"type": "Point", "coordinates": [10.75859, 36.4775]}, "properties": {"record_id": "oai:u-bordeaux-montaigne.fr:340416", "symbol_class": "building", "pixel_x": 5108.8, "pixel_y": 4683.3, "easting": 576867.3, "northing": 353137.4, "epsg_source": 22391}}, {"type": "Feature", "geometry": {"type": "Point", "coordinates": [10.78334, 36.47559]}, "properties": {"record_id": "oai:u-bordeaux-montaigne.fr:340416", "symbol_class": "building", "pixel_x": 5625.9, "pixel_y": 4689.6, "easting": 579086.8, "northing": 352944.9, "epsg_source": 22391}}, {"type": "Feature", "geometry": {"type": "Point", "coordinates": [10.78379, 36.47549]}, "properties": {"record_id": "oai:u-bordeaux-montaigne.fr:340416", "symbol_class": "building", "pixel_x": 5635.4, "pixel_y": 4691.4, "easting": 579127.0, "northing": 352934.0, "epsg_source": 22391}}, {"type": "Feature", "geometry": {"type": "Point", "coordinates": [10.78485, 36.4754]}, "properties": {"record_id": "oai:u-bordeaux-montaigne.fr:340416", "symbol_class": "building", "pixel_x": 5657.7, "pixel_y": 4691.9, "easting": 579222.5, "northing": 352924.9, "epsg_source": 22391}}, {"type": "Feature", "geometry": {"type": "Point", "coordinates": [10.60297, 36.48744]}, "properties": {"record_id": "oai:u-bordeaux-montaigne.fr:340416", "symbol_class": "building", "pixel_x": 1863.0, "pixel_y": 4697.1, "easting": 562918.5, "northing": 354127.8, "epsg_source": 22391}}, {"type": "Feature", "geometry": {"type": "Point", "coordinates": [10.77753, 36.47549]}, "properties": {"record_id": "oai:u-bordeaux-montaigne.fr:340416", "symbol_class": "building", "pixel_x": 5505.7, "pixel_y": 4702.8, "easting": 578566.1, "northing": 352929.3, "epsg_source": 22391}}, {"type": "Feature", "geometry": {"type": "Point", "coordinates": [10.78361, 36.47507]}, "properties": {"record_id": "oai:u-bordeaux-montaigne.fr:340416", "symbol_class": "building", "pixel_x": 5632.7, "pixel_y": 4703.1, "easting": 579111.5, "northing": 352887.3, "epsg_source": 22391}}, {"type": "Feature", "geometry": {"type": "Point", "coordinates": [10.74689, 36.47758]}, "properties": {"record_id": "oai:u-bordeaux-montaigne.fr:340416", "symbol_class": "building", "pixel_x": 4866.3, "pixel_y": 4702.4, "easting": 575819.3, "northing": 353137.2, "epsg_source": 22391}}, {"type": "Feature", "geometry": {"type": "Point", "coordinates": [10.59742, 36.4875]}, "properties": {"record_id": "oai:u-bordeaux-montaigne.fr:340416", "symbol_class": "building", "pixel_x": 1747.8, "pixel_y": 4705.3, "easting": 562421.3, "northing": 354131.1, "epsg_source": 22391}}, {"type": "Feature", "geometry": {"type": "Point", "coordinates": [10.73553, 36.47767]}, "properties": {"record_id": "oai:u-bordeaux-montaigne.fr:340416", "symbol_class": "building", "pixel_x": 4630.6, "pixel_y": 4720.6, "easting": 574801.1, "northing": 353138.5, "epsg_source": 22391}}, {"type": "Feature", "geometry": {"type": "Point", "coordinates": [10.7834, 36.47436]}, "properties": {"record_id": "oai:u-bordeaux-montaigne.fr:340416", "symbol_class": "building", "pixel_x": 5629.8, "pixel_y": 4722.4, "easting": 579092.9, "northing": 352809.0, "epsg_source": 22391}}, {"type": "Feature", "geometry": {"type": "Point", "coordinates": [10.58686, 36.48753]}, "properties": {"record_id": "oai:u-bordeaux-montaigne.fr:340416", "symbol_class": "building", "pixel_x": 1528.9, "pixel_y": 4723.4, "easting": 561475.0, "northing": 354127.7, "epsg_source": 22391}}, {"type": "Feature", "geometry": {"type": "Point", "coordinates": [10.73007, 36.47773]}, "properties": {"record_id": "oai:u-bordeaux-montaigne.fr:340416", "symbol_class": "building", "pixel_x": 4517.4, "pixel_y": 4729.1, "easting": 574312.0, "northing": 353140.3, "epsg_source": 22391}}, {"type": "Feature", "geometry": {"type": "Point", "coordinates": [10.58321, 36.48756]}, "properties": {"record_id": "oai:u-bordeaux-montaigne.fr:340416", "symbol_class": "building", "pixel_x": 1453.3, "pixel_y": 4729.1, "easting": 561148.3, "northing": 354128.8, "epsg_source": 22391}}, {"type": "Feature", "geometry": {"type": "Point", "coordinates": [10.78408, 36.47406]}, "properties": {"record_id": "oai:u-bordeaux-montaigne.fr:340416", "symbol_class": "building", "pixel_x": 5644.6, "pixel_y": 4729.2, "easting": 579154.5, "northing": 352776.5, "epsg_source": 22391}}, {"type": "Feature", "geometry": {"type": "Point", "coordinates": [10.58219, 36.48754]}, "properties": {"record_id": "oai:u-bordeaux-montaigne.fr:340416", "symbol_class": "building", "pixel_x": 1432.1, "pixel_y": 4731.4, "easting": 561056.8, "northing": 354125.9, "epsg_source": 22391}}, {"type": "Feature", "geometry": {"type": "Point", "coordinates": [10.78325, 36.47396]}, "properties": {"record_id": "oai:u-bordeaux-montaigne.fr:340416", "symbol_class": "building", "pixel_x": 5627.6, "pixel_y": 4733.4, "easting": 579080.1, "northing": 352764.5, "epsg_source": 22391}}, {"type": "Feature", "geometry": {"type": "Point", "coordinates": [10.78352, 36.4738]}, "properties": {"record_id": "oai:u-bordeaux-montaigne.fr:340416", "symbol_class": "building", "pixel_x": 5633.6, "pixel_y": 4737.4, "easting": 579104.4, "northing": 352746.4, "epsg_source": 22391}}, {"type": "Feature", "geometry": {"type": "Point", "coordinates": [10.75715, 36.47528]}, "properties": {"record_id": "oai:u-bordeaux-montaigne.fr:340416", "symbol_class": "building", "pixel_x": 5084.0, "pixel_y": 4745.7, "easting": 576740.9, "northing": 352889.4, "epsg_source": 22391}}, {"type": "Feature", "geometry": {"type": "Point", "coordinates": [10.76793, 36.47434]}, "properties": {"record_id": "oai:u-bordeaux-montaigne.fr:340416", "symbol_class": "building", "pixel_x": 5309.5, "pixel_y": 4751.4, "easting": 577707.6, "northing": 352793.7, "epsg_source": 22391}}, {"type": "Feature", "geometry": {"type": "Point", "coordinates": [10.66421, 36.48114]}, "properties": {"record_id": "oai:u-bordeaux-montaigne.fr:340416", "symbol_class": "building", "pixel_x": 3145.5, "pixel_y": 4756.3, "easting": 568409.7, "northing": 353471.3, "epsg_source": 22391}}, {"type": "Feature", "geometry": {"type": "Point", "coordinates": [10.81073, 36.47125]}, "properties": {"record_id": "oai:u-bordeaux-montaigne.fr:340416", "symbol_class": "building", "pixel_x": 6202.9, "pixel_y": 4756.0, "easting": 581544.4, "northing": 352486.3, "epsg_source": 22391}}, {"type": "Feature", "geometry": {"type": "Point", "coordinates": [10.75535, 36.47488]}, "properties": {"record_id": "oai:u-bordeaux-montaigne.fr:340416", "symbol_class": "building", "pixel_x": 5047.6, "pixel_y": 4759.7, "easting": 576580.0, "northing": 352844.0, "epsg_source": 22391}}, {"type": "Feature", "geometry": {"type": "Point", "coordinates": [10.67992, 36.47982]}, "properties": {"record_id": "oai:u-bordeaux-montaigne.fr:340416", "symbol_class": "building", "pixel_x": 3473.9, "pixel_y": 4763.6, "easting": 569817.8, "northing": 353335.3, "epsg_source": 22391}}, {"type": "Feature", "geometry": {"type": "Point", "coordinates": [10.74236, 36.47557]}, "properties": {"record_id": "oai:u-bordeaux-montaigne.fr:340416", "symbol_class": "building", "pixel_x": 4776.8, "pixel_y": 4764.8, "easting": 575415.1, "northing": 352910.3, "epsg_source": 22391}}, {"type": "Feature", "geometry": {"type": "Point", "coordinates": [10.73125, 36.47629]}, "properties": {"record_id": "oai:u-bordeaux-montaigne.fr:340416", "symbol_class": "building", "pixel_x": 4545.2, "pixel_y": 4765.7, "easting": 574419.8, "northing": 352981.4, "epsg_source": 22391}}, {"type": "Feature", "geometry": {"type": "Point", "coordinates": [10.81013, 36.47089]}, "properties": {"record_id": "oai:u-bordeaux-montaigne.fr:340416", "symbol_class": "building", "pixel_x": 6191.4, "pixel_y": 4766.8, "easting": 581491.5, "northing": 352445.7, "epsg_source": 22391}}, {"type": "Feature", "geometry": {"type": "Point", "coordinates": [10.58399, 36.48567]}, "properties": {"record_id": "oai:u-bordeaux-montaigne.fr:340416", "symbol_class": "building", "pixel_x": 1473.6, "pixel_y": 4778.4, "easting": 561219.9, "northing": 353920.1, "epsg_source": 22391}}, {"type": "Feature", "geometry": {"type": "Point", "coordinates": [10.73208, 36.47593]}, "properties": {"record_id": "oai:u-bordeaux-montaigne.fr:340416", "symbol_class": "building", "pixel_x": 4563.2, "pixel_y": 4773.8, "easting": 574494.4, "northing": 352942.4, "epsg_source": 22391}}, {"type": "Feature", "geometry": {"type": "Point", "coordinates": [10.81056, 36.47047]}, "properties": {"record_id": "oai:u-bordeaux-montaigne.fr:340416", "symbol_class": "building", "pixel_x": 6201.3, "pixel_y": 4777.4, "easting": 581530.6, "northing": 352399.2, "epsg_source": 22391}}, {"type": "Feature", "geometry": {"type": "Point", "coordinates": [10.81122, 36.47027]}, "properties": {"record_id": "oai:u-bordeaux-montaigne.fr:340416", "symbol_class": "building", "pixel_x": 6215.4, "pixel_y": 4781.6, "easting": 581589.8, "northing": 352377.6, "epsg_source": 22391}}, {"type": "Feature", "geometry": {"type": "Point", "coordinates": [10.74008, 36.47484]}, "properties": {"record_id": "oai:u-bordeaux-montaigne.fr:340416", "symbol_class": "building", "pixel_x": 4731.3, "pixel_y": 4788.4, "easting": 575211.8, "northing": 352828.2, "epsg_source": 22391}}, {"type": "Feature", "geometry": {"type": "Point", "coordinates": [10.80849, 36.47027]}, "properties": {"record_id": "oai:u-bordeaux-montaigne.fr:340416", "symbol_class": "building", "pixel_x": 6158.8, "pixel_y": 4786.6, "easting": 581345.1, "northing": 352375.4, "epsg_source": 22391}}, {"type": "Feature", "geometry": {"type": "Point", "coordinates": [10.80997, 36.47015]}, "properties": {"record_id": "oai:u-bordeaux-montaigne.fr:340416", "symbol_class": "building", "pixel_x": 6189.7, "pixel_y": 4787.0, "easting": 581477.8, "northing": 352363.6, "epsg_source": 22391}}, {"type": "Feature", "geometry": {"type": "Point", "coordinates": [10.77845, 36.47221]}, "properties": {"record_id": "oai:u-bordeaux-montaigne.fr:340416", "symbol_class": "building", "pixel_x": 5532.1, "pixel_y": 4789.3, "easting": 578652.1, "northing": 352566.4, "epsg_source": 22391}}, {"type": "Feature", "geometry": {"type": "Point", "coordinates": [10.81083, 36.47]}, "properties": {"record_id": "oai:u-bordeaux-montaigne.fr:340416", "symbol_class": "building", "pixel_x": 6207.9, "pixel_y": 4789.4, "easting": 581555.2, "northing": 352347.8, "epsg_source": 22391}}, {"type": "Feature", "geometry": {"type": "Point", "coordinates": [10.68049, 36.47844]}, "properties": {"record_id": "oai:u-bordeaux-montaigne.fr:340416", "symbol_class": "building", "pixel_x": 3488.7, "pixel_y": 4799.6, "easting": 569869.9, "northing": 353183.1, "epsg_source": 22391}}, {"type": "Feature", "geometry": {"type": "Point", "coordinates": [10.75599, 36.47333]}, "properties": {"record_id": "oai:u-bordeaux-montaigne.fr:340416", "symbol_class": "building", "pixel_x": 5064.3, "pixel_y": 4800.2, "easting": 576638.9, "northing": 352672.7, "epsg_source": 22391}}, {"type": "Feature", "geometry": {"type": "Point", "coordinates": [10.75125, 36.47365]}, "properties": {"record_id": "oai:u-bordeaux-montaigne.fr:340416", "symbol_class": "building", "pixel_x": 4965.4, "pixel_y": 4800.2, "easting": 576214.0, "northing": 352704.2, "epsg_source": 22391}}, {"type": "Feature", "geometry": {"type": "Point", "coordinates": [10.81026, 36.46966]}, "properties": {"record_id": "oai:u-bordeaux-montaigne.fr:340416", "symbol_class": "building", "pixel_x": 6196.8, "pixel_y": 4799.6, "easting": 581504.2, "northing": 352309.5, "epsg_source": 22391}}, {"type": "Feature", "geometry": {"type": "Point", "coordinates": [10.76971, 36.47237]}, "properties": {"record_id": "oai:u-bordeaux-montaigne.fr:340416", "symbol_class": "building", "pixel_x": 5350.7, "pixel_y": 4801.1, "easting": 577868.7, "northing": 352576.6, "epsg_source": 22391}}, {"type": "Feature", "geometry": {"type": "Point", "coordinates": [10.78762, 36.47105]}, "properties": {"record_id": "oai:u-bordeaux-montaigne.fr:340416", "symbol_class": "building", "pixel_x": 5724.6, "pixel_y": 4803.8, "easting": 579474.4, "northing": 352445.0, "epsg_source": 22391}}, {"type": "Feature", "geometry": {"type": "Point", "coordinates": [10.75165, 36.47342]}, "properties": {"record_id": "oai:u-bordeaux-montaigne.fr:340416", "symbol_class": "building", "pixel_x": 4974.1, "pixel_y": 4805.6, "easting": 576249.5, "northing": 352679.6, "epsg_source": 22391}}, {"type": "Feature", "geometry": {"type": "Point", "coordinates": [10.81033, 36.46927]}, "properties": {"record_id": "oai:u-bordeaux-montaigne.fr:340416", "symbol_class": "building", "pixel_x": 6199.3, "pixel_y": 4810.0, "easting": 581511.5, "northing": 352266.2, "epsg_source": 22391}}, {"type": "Feature", "geometry": {"type": "Point", "coordinates": [10.80991, 36.46912]}, "properties": {"record_id": "oai:u-bordeaux-montaigne.fr:340416", "symbol_class": "building", "pixel_x": 6190.8, "pixel_y": 4814.9, "easting": 581473.7, "northing": 352249.0, "epsg_source": 22391}}, {"type": "Feature", "geometry": {"type": "Point", "coordinates": [10.77918, 36.47112]}, "properties": {"record_id": "oai:u-bordeaux-montaigne.fr:340416", "symbol_class": "building", "pixel_x": 5549.6, "pixel_y": 4817.4, "easting": 578718.1, "northing": 352445.5, "epsg_source": 22391}}, {"type": "Feature", "geometry": {"type": "Point", "coordinates": [10.81107, 36.46892]}, "properties": {"record_id": "oai:u-bordeaux-montaigne.fr:340416", "symbol_class": "building", "pixel_x": 6215.3, "pixel_y": 4817.9, "easting": 581577.8, "northing": 352228.8, "epsg_source": 22391}}, {"type": "Feature", "geometry": {"type": "Point", "coordinates": [10.60234, 36.48275]}, "properties": {"record_id": "oai:u-bordeaux-montaigne.fr:340416", "symbol_class": "building", "pixel_x": 1860.1, "pixel_y": 4824.2, "easting": 562865.6, "northing": 353607.7, "epsg_source": 22391}}, {"type": "Feature", "geometry": {"type": "Point", "coordinates": [10.78178, 36.47066]}, "properties": {"record_id": "oai:u-bordeaux-montaigne.fr:340416", "symbol_class": "building", "pixel_x": 5604.5, "pixel_y": 4824.8, "easting": 578951.8, "northing": 352397.4, "epsg_source": 22391}}, {"type": "Feature", "geometry": {"type": "Point", "coordinates": [10.77293, 36.4711]}, "properties": {"record_id": "oai:u-bordeaux-montaigne.fr:340416", "symbol_class": "building", "pixel_x": 5420.1, "pixel_y": 4829.3, "easting": 578158.2, "northing": 352438.4, "epsg_source": 22391}}, {"type": "Feature", "geometry": {"type": "Point", "coordinates": [10.59944, 36.48267]}, "properties": {"record_id": "oai:u-bordeaux-montaigne.fr:340416", "symbol_class": "building", "pixel_x": 1800.3, "pixel_y": 4831.6, "easting": 562606.3, "northing": 353596.7, "epsg_source": 22391}}, {"type": "Feature", "geometry": {"type": "Point", "coordinates": [10.74791, 36.47277]}, "properties": {"record_id": "oai:u-bordeaux-montaigne.fr:340416", "symbol_class": "building", "pixel_x": 4898.1, "pixel_y": 4829.9, "easting": 575915.5, "northing": 352604.6, "epsg_source": 22391}}, {"type": "Feature", "geometry": {"type": "Point", "coordinates": [10.75009, 36.47261]}, "properties": {"record_id": "oai:u-bordeaux-montaigne.fr:340416", "symbol_class": "building", "pixel_x": 4943.5, "pixel_y": 4830.2, "easting": 576110.4, "northing": 352588.5, "epsg_source": 22391}}, {"type": "Feature", "geometry": {"type": "Point", "coordinates": [10.77459, 36.47088]}, "properties": {"record_id": "oai:u-bordeaux-montaigne.fr:340416", "symbol_class": "building", "pixel_x": 5455.1, "pixel_y": 4832.1, "easting": 578307.3, "northing": 352415.6, "epsg_source": 22391}}, {"type": "Feature", "geometry": {"type": "Point", "coordinates": [10.75455, 36.4722]}, "properties": {"record_id": "oai:u-bordeaux-montaigne.fr:340416", "symbol_class": "building", "pixel_x": 5037.0, "pixel_y": 4833.1, "easting": 576511.0, "northing": 352546.7, "epsg_source": 22391}}, {"type": "Feature", "geometry": {"type": "Point", "coordinates": [10.81432, 36.46815]}, "properties": {"record_id": "oai:u-bordeaux-montaigne.fr:340416", "symbol_class": "building", "pixel_x": 6284.4, "pixel_y": 4832.7, "easting": 581870.1, "northing": 352145.9, "epsg_source": 22391}}, {"type": "Feature", "geometry": {"type": "Point", "coordinates": [10.74844, 36.47244]}, "properties": {"record_id": "oai:u-bordeaux-montaigne.fr:340416", "symbol_class": "building", "pixel_x": 4909.8, "pixel_y": 4837.9, "easting": 575962.9, "northing": 352568.0, "epsg_source": 22391}}, {"type": "Feature", "geometry": {"type": "Point", "coordinates": [10.78111, 36.47013]}, "properties": {"record_id": "oai:u-bordeaux-montaigne.fr:340416", "symbol_class": "building", "pixel_x": 5591.8, "pixel_y": 4840.3, "easting": 578892.2, "northing": 352338.1, "epsg_source": 22391}}, {"type": "Feature", "geometry": {"type": "Point", "coordinates": [10.62082, 36.4809]}, "properties": {"record_id": "oai:u-bordeaux-montaigne.fr:340416", "symbol_class": "building", "pixel_x": 2247.0, "pixel_y": 4841.0, "easting": 564522.4, "northing": 353414.0, "epsg_source": 22391}}, {"type": "Feature", "geometry": {"type": "Point", "coordinates": [10.78145, 36.47008]}, "properties": {"record_id": "oai:u-bordeaux-montaigne.fr:340416", "symbol_class": "building", "pixel_x": 5599.0, "pixel_y": 4841.0, "easting": 578923.1, "northing": 352333.0, "epsg_source": 22391}}, {"type": "Feature", "geometry": {"type": "Point", "coordinates": [10.80946, 36.46809]}, "properties": {"record_id": "oai:u-bordeaux-montaigne.fr:340416", "symbol_class": "building", "pixel_x": 6183.7, "pixel_y": 4843.3, "easting": 581433.9, "northing": 352134.8, "epsg_source": 22391}}, {"type": "Feature", "geometry": {"type": "Point", "coordinates": [10.74646, 36.47229]}, "properties": {"record_id": "oai:u-bordeaux-montaigne.fr:340416", "symbol_class": "building", "pixel_x": 4869.2, "pixel_y": 4845.5, "easting": 575785.9, "northing": 352549.7, "epsg_source": 22391}}, {"type": "Feature", "geometry": {"type": "Point", "coordinates": [10.77908, 36.47003]}, "properties": {"record_id": "oai:u-bordeaux-montaigne.fr:340416", "symbol_class": "building", "pixel_x": 5550.0, "pixel_y": 4846.9, "easting": 578710.6, "northing": 352324.5, "epsg_source": 22391}}, {"type": "Feature", "geometry": {"type": "Point", "coordinates": [10.74826, 36.47203]}, "properties": {"record_id": "oai:u-bordeaux-montaigne.fr:340416", "symbol_class": "building", "pixel_x": 4907.0, "pixel_y": 4849.3, "easting": 575947.5, "northing": 352522.0, "epsg_source": 22391}}, {"type": "Feature", "geometry": {"type": "Point", "coordinates": [10.77726, 36.46993]}, "properties": {"record_id": "oai:u-bordeaux-montaigne.fr:340416", "symbol_class": "building", "pixel_x": 5512.5, "pixel_y": 4852.7, "easting": 578547.6, "northing": 352312.9, "epsg_source": 22391}}, {"type": "Feature", "geometry": {"type": "Point", "coordinates": [10.80577, 36.4681]}, "properties": {"record_id": "oai:u-bordeaux-montaigne.fr:340416", "symbol_class": "building", "pixel_x": 6107.3, "pixel_y": 4849.8, "easting": 581103.7, "northing": 352132.9, "epsg_source": 22391}}, {"type": "Feature", "geometry": {"type": "Point", "coordinates": [10.7972, 36.46833]}, "properties": {"record_id": "oai:u-bordeaux-montaigne.fr:340416", "symbol_class": "building", "pixel_x": 5929.2, "pixel_y": 4859.4, "easting": 580335.6, "northing": 352150.9, "epsg_source": 22391}}, {"type": "Feature", "geometry": {"type": "Point", "coordinates": [10.80904, 36.46742]}, "properties": {"record_id": "oai:u-bordeaux-montaigne.fr:340416", "symbol_class": "building", "pixel_x": 6176.6, "pixel_y": 4862.2, "easting": 581397.4, "northing": 352059.7, "epsg_source": 22391}}, {"type": "Feature", "geometry": {"type": "Point", "coordinates": [10.80513, 36.46758]}, "properties": {"record_id": "oai:u-bordeaux-montaigne.fr:340416", "symbol_class": "building", "pixel_x": 6095.1, "pixel_y": 4864.9, "easting": 581046.7, "northing": 352075.0, "epsg_source": 22391}}, {"type": "Feature", "geometry": {"type": "Point", "coordinates": [10.7948, 36.46837]}, "properties": {"record_id": "oai:u-bordeaux-montaigne.fr:340416", "symbol_class": "building", "pixel_x": 5879.5, "pixel_y": 4862.5, "easting": 580121.0, "northing": 352154.3, "epsg_source": 22391}}, {"type": "Feature", "geometry": {"type": "Point", "coordinates": [10.79533, 36.46834]}, "properties": {"record_id": "oai:u-bordeaux-montaigne.fr:340416", "symbol_class": "building", "pixel_x": 5890.5, "pixel_y": 4862.4, "easting": 580168.3, "northing": 352151.0, "epsg_source": 22391}}, {"type": "Feature", "geometry": {"type": "Point", "coordinates": [10.79582, 36.46832]}, "properties": {"record_id": "oai:u-bordeaux-montaigne.fr:340416", "symbol_class": "building", "pixel_x": 5900.7, "pixel_y": 4862.2, "easting": 580212.1, "northing": 352148.8, "epsg_source": 22391}}, {"type": "Feature", "geometry": {"type": "Point", "coordinates": [10.80586, 36.4674]}, "properties": {"record_id": "oai:u-bordeaux-montaigne.fr:340416", "symbol_class": "building", "pixel_x": 6110.7, "pixel_y": 4868.3, "easting": 581112.3, "northing": 352055.8, "epsg_source": 22391}}, {"type": "Feature", "geometry": {"type": "Point", "coordinates": [10.69435, 36.47492]}, "properties": {"record_id": "oai:u-bordeaux-montaigne.fr:340416", "symbol_class": "building", "pixel_x": 3783.6, "pixel_y": 4869.4, "easting": 571114.7, "northing": 352802.0, "epsg_source": 22391}}, {"type": "Feature", "geometry": {"type": "Point", "coordinates": [10.57579, 36.48275]}, "properties": {"record_id": "oai:u-bordeaux-montaigne.fr:340416", "symbol_class": "building", "pixel_x": 1310.1, "pixel_y": 4871.5, "easting": 560487.6, "northing": 353591.2, "epsg_source": 22391}}, {"type": "Feature", "geometry": {"type": "Point", "coordinates": [10.777, 36.46914]}, "properties": {"record_id": "oai:u-bordeaux-montaigne.fr:340416", "symbol_class": "building", "pixel_x": 5508.9, "pixel_y": 4874.6, "easting": 578524.9, "northing": 352224.4, "epsg_source": 22391}}, {"type": "Feature", "geometry": {"type": "Point", "coordinates": [10.80525, 36.46727]}, "properties": {"record_id": "oai:u-bordeaux-montaigne.fr:340416", "symbol_class": "building", "pixel_x": 6098.5, "pixel_y": 4872.9, "easting": 581058.4, "northing": 352040.8, "epsg_source": 22391}}, {"type": "Feature", "geometry": {"type": "Point", "coordinates": [10.81305, 36.46663]}, "properties": {"record_id": "oai:u-bordeaux-montaigne.fr:340416", "symbol_class": "building", "pixel_x": 6261.5, "pixel_y": 4875.9, "easting": 581757.8, "northing": 351976.2, "epsg_source": 22391}}, {"type": "Feature", "geometry": {"type": "Point", "coordinates": [10.62001, 36.47965]}, "properties": {"record_id": "oai:u-bordeaux-montaigne.fr:340416", "symbol_class": "building", "pixel_x": 2233.1, "pixel_y": 4875.9, "easting": 564451.4, "northing": 353275.4, "epsg_source": 22391}}, {"type": "Feature", "geometry": {"type": "Point", "coordinates": [10.57542, 36.48251]}, "properties": {"record_id": "oai:u-bordeaux-montaigne.fr:340416", "symbol_class": "building", "pixel_x": 1302.8, "pixel_y": 4878.9, "easting": 560454.1, "northing": 353563.4, "epsg_source": 22391}}, {"type": "Feature", "geometry": {"type": "Point", "coordinates": [10.75362, 36.47049]}, "properties": {"record_id": "oai:u-bordeaux-montaigne.fr:340416", "symbol_class": "building", "pixel_x": 5021.4, "pixel_y": 4880.9, "easting": 576428.8, "northing": 352355.5, "epsg_source": 22391}}, {"type": "Feature", "geometry": {"type": "Point", "coordinates": [10.77468, 36.46897]}, "properties": {"record_id": "oai:u-bordeaux-montaigne.fr:340416", "symbol_class": "building", "pixel_x": 5461.2, "pixel_y": 4883.2, "easting": 578317.4, "northing": 352204.4, "epsg_source": 22391}}, {"type": "Feature", "geometry": {"type": "Point", "coordinates": [10.70029, 36.47386]}, "properties": {"record_id": "oai:u-bordeaux-montaigne.fr:340416", "symbol_class": "building", "pixel_x": 3909.1, "pixel_y": 4887.0, "easting": 571648.1, "northing": 352689.5, "epsg_source": 22391}}, {"type": "Feature", "geometry": {"type": "Point", "coordinates": [10.78076, 36.46846]}, "properties": {"record_id": "oai:u-bordeaux-montaigne.fr:340416", "symbol_class": "building", "pixel_x": 5588.3, "pixel_y": 4886.0, "easting": 578862.6, "northing": 352151.7, "epsg_source": 22391}}, {"type": "Feature", "geometry": {"type": "Point", "coordinates": [10.61763, 36.47926]}, "properties": {"record_id": "oai:u-bordeaux-montaigne.fr:340416", "symbol_class": "building", "pixel_x": 2184.6, "pixel_y": 4890.7, "easting": 564238.6, "northing": 353230.5, "epsg_source": 22391}}, {"type": "Feature", "geometry": {"type": "Point", "coordinates": [10.70135, 36.47365]}, "properties": {"record_id": "oai:u-bordeaux-montaigne.fr:340416", "symbol_class": "building", "pixel_x": 3931.4, "pixel_y": 4890.7, "easting": 571742.8, "northing": 352667.1, "epsg_source": 22391}}, {"type": "Feature", "geometry": {"type": "Point", "coordinates": [10.80587, 36.46658]}, "properties": {"record_id": "oai:u-bordeaux-montaigne.fr:340416", "symbol_class": "building", "pixel_x": 6112.9, "pixel_y": 4890.4, "easting": 581114.6, "northing": 351964.5, "epsg_source": 22391}}, {"type": "Feature", "geometry": {"type": "Point", "coordinates": [10.74845, 36.47038]}, "properties": {"record_id": "oai:u-bordeaux-montaigne.fr:340416", "symbol_class": "building", "pixel_x": 4914.7, "pixel_y": 4893.2, "easting": 575966.2, "northing": 352339.8, "epsg_source": 22391}}, {"type": "Feature", "geometry": {"type": "Point", "coordinates": [10.78251, 36.46791]}, "properties": {"record_id": "oai:u-bordeaux-montaigne.fr:340416", "symbol_class": "building", "pixel_x": 5625.7, "pixel_y": 4897.4, "easting": 579019.6, "northing": 352093.0, "epsg_source": 22391}}, {"type": "Feature", "geometry": {"type": "Point", "coordinates": [10.7482, 36.46979]}, "properties": {"record_id": "oai:u-bordeaux-montaigne.fr:340416", "symbol_class": "building", "pixel_x": 4910.9, "pixel_y": 4909.7, "easting": 575944.6, "northing": 352273.4, "epsg_source": 22391}}, {"type": "Feature", "geometry": {"type": "Point", "coordinates": [10.77923, 36.46798]}, "properties": {"record_id": "oai:u-bordeaux-montaigne.fr:340416", "symbol_class": "building", "pixel_x": 5557.6, "pixel_y": 4901.8, "easting": 578725.7, "northing": 352097.2, "epsg_source": 22391}}, {"type": "Feature", "geometry": {"type": "Point", "coordinates": [10.60556, 36.47958]}, "properties": {"record_id": "oai:u-bordeaux-montaigne.fr:340416", "symbol_class": "building", "pixel_x": 1933.7, "pixel_y": 4903.6, "easting": 563156.7, "northing": 353258.4, "epsg_source": 22391}}, {"type": "Feature", "geometry": {"type": "Point", "coordinates": [10.67271, 36.4751]}, "properties": {"record_id": "oai:u-bordeaux-montaigne.fr:340416", "symbol_class": "building", "pixel_x": 3334.9, "pixel_y": 4903.5, "easting": 569176.1, "northing": 352807.0, "epsg_source": 22391}}, {"type": "Feature", "geometry": {"type": "Point", "coordinates": [10.67464, 36.47441]}, "properties": {"record_id": "oai:u-bordeaux-montaigne.fr:340416", "symbol_class": "building", "pixel_x": 3376.3, "pixel_y": 4918.6, "easting": 569349.3, "northing": 352731.6, "epsg_source": 22391}}, {"type": "Feature", "geometry": {"type": "Point", "coordinates": [10.76786, 36.46854]}, "properties": {"record_id": "oai:u-bordeaux-montaigne.fr:340416", "symbol_class": "building", "pixel_x": 5320.9, "pixel_y": 4907.2, "easting": 577707.2, "northing": 352151.0, "epsg_source": 22391}}, {"type": "Feature", "geometry": {"type": "Point", "coordinates": [10.60571, 36.47933]}, "properties": {"record_id": "oai:u-bordeaux-montaigne.fr:340416", "symbol_class": "building", "pixel_x": 1937.3, "pixel_y": 4910.2, "easting": 563170.0, "northing": 353230.5, "epsg_source": 22391}}, {"type": "Feature", "geometry": {"type": "Point", "coordinates": [10.74767, 36.46967]}, "properties": {"record_id": "oai:u-bordeaux-montaigne.fr:340416", "symbol_class": "building", "pixel_x": 4899.9, "pixel_y": 4913.7, "easting": 575896.4, "northing": 352260.5, "epsg_source": 22391}}, {"type": "Feature", "geometry": {"type": "Point", "coordinates": [10.76588, 36.46857]}, "properties": {"record_id": "oai:u-bordeaux-montaigne.fr:340416", "symbol_class": "building", "pixel_x": 5279.8, "pixel_y": 4910.2, "easting": 577529.3, "northing": 352152.1, "epsg_source": 22391}}, {"type": "Feature", "geometry": {"type": "Point", "coordinates": [10.91532, 36.45833]}, "properties": {"record_id": "oai:u-bordeaux-montaigne.fr:340416", "symbol_class": "building", "pixel_x": 8399.1, "pixel_y": 4910.4, "easting": 590930.2, "northing": 351145.4, "epsg_source": 22391}}, {"type": "Feature", "geometry": {"type": "Point", "coordinates": [10.81327, 36.46528]}, "properties": {"record_id": "oai:u-bordeaux-montaigne.fr:340416", "symbol_class": "building", "pixel_x": 6269.0, "pixel_y": 4912.0, "easting": 581778.4, "northing": 351826.0, "epsg_source": 22391}}, {"type": "Feature", "geometry": {"type": "Point", "coordinates": [10.62163, 36.47806]}, "properties": {"record_id": "oai:u-bordeaux-montaigne.fr:340416", "symbol_class": "building", "pixel_x": 2270.1, "pixel_y": 4915.9, "easting": 564597.9, "northing": 353099.5, "epsg_source": 22391}}, {"type": "Feature", "geometry": {"type": "Point", "coordinates": [10.81282, 36.46517]}, "properties": {"record_id": "oai:u-bordeaux-montaigne.fr:340416", "symbol_class": "building", "pixel_x": 6259.9, "pixel_y": 4915.6, "easting": 581738.2, "northing": 351814.0, "epsg_source": 22391}}, {"type": "Feature", "geometry": {"type": "Point", "coordinates": [10.77847, 36.46744]}, "properties": {"record_id": "oai:u-bordeaux-montaigne.fr:340416", "symbol_class": "building", "pixel_x": 5543.1, "pixel_y": 4917.5, "easting": 578658.4, "northing": 352037.2, "epsg_source": 22391}}, {"type": "Feature", "geometry": {"type": "Point", "coordinates": [10.76144, 36.46864]}, "properties": {"record_id": "oai:u-bordeaux-montaigne.fr:340416", "symbol_class": "building", "pixel_x": 5187.6, "pixel_y": 4916.4, "easting": 577131.2, "northing": 352156.4, "epsg_source": 22391}}, {"type": "Feature", "geometry": {"type": "Point", "coordinates": [10.75039, 36.46912]}, "properties": {"record_id": "oai:u-bordeaux-montaigne.fr:340416", "symbol_class": "building", "pixel_x": 4957.7, "pixel_y": 4923.7, "easting": 576141.4, "northing": 352200.9, "epsg_source": 22391}}, {"type": "Feature", "geometry": {"type": "Point", "coordinates": [10.73202, 36.4703]}, "properties": {"record_id": "oai:u-bordeaux-montaigne.fr:340416", "symbol_class": "building", "pixel_x": 4574.4, "pixel_y": 4925.2, "easting": 574494.3, "northing": 352318.3, "epsg_source": 22391}}, {"type": "Feature", "geometry": {"type": "Point", "coordinates": [10.67596, 36.47404]}, "properties": {"record_id": "oai:u-bordeaux-montaigne.fr:340416", "symbol_class": "building", "pixel_x": 3404.6, "pixel_y": 4926.1, "easting": 569468.5, "northing": 352692.0, "epsg_source": 22391}}, {"type": "Feature", "geometry": {"type": "Point", "coordinates": [10.57663, 36.48056]}, "properties": {"record_id": "oai:u-bordeaux-montaigne.fr:340416", "symbol_class": "building", "pixel_x": 1332.2, "pixel_y": 4929.2, "easting": 560564.1, "northing": 353347.8, "epsg_source": 22391}}, {"type": "Feature", "geometry": {"type": "Point", "coordinates": [10.6072, 36.47863]}, "properties": {"record_id": "oai:u-bordeaux-montaigne.fr:340416", "symbol_class": "building", "pixel_x": 1969.8, "pixel_y": 4926.3, "easting": 563304.5, "northing": 353153.7, "epsg_source": 22391}}, {"type": "Feature", "geometry": {"type": "Point", "coordinates": [10.75537, 36.46868]}, "properties": {"record_id": "oai:u-bordeaux-montaigne.fr:340416", "symbol_class": "building", "pixel_x": 5061.8, "pixel_y": 4926.4, "easting": 576587.8, "northing": 352156.3, "epsg_source": 22391}}, {"type": "Feature", "geometry": {"type": "Point", "coordinates": [10.60819, 36.47822]}, "properties": {"record_id": "oai:u-bordeaux-montaigne.fr:340416", "symbol_class": "building", "pixel_x": 1991.2, "pixel_y": 4935.7, "easting": 563393.1, "northing": 353108.5, "epsg_source": 22391}}, {"type": "Feature", "geometry": {"type": "Point", "coordinates": [10.75706, 36.46819]}, "properties": {"record_id": "oai:u-bordeaux-montaigne.fr:340416", "symbol_class": "building", "pixel_x": 5097.8, "pixel_y": 4936.4, "easting": 576739.2, "northing": 352103.5, "epsg_source": 22391}}, {"type": "Feature", "geometry": {"type": "Point", "coordinates": [10.90511, 36.45803]}, "properties": {"record_id": "oai:u-bordeaux-montaigne.fr:340416", "symbol_class": "building", "pixel_x": 8188.2, "pixel_y": 4937.2, "easting": 590015.7, "northing": 351103.2, "epsg_source": 22391}}, {"type": "Feature", "geometry": {"type": "Point", "coordinates": [10.75671, 36.468]}, "properties": {"record_id": "oai:u-bordeaux-montaigne.fr:340416", "symbol_class": "building", "pixel_x": 5091.1, "pixel_y": 4942.2, "easting": 576708.6, "northing": 352081.9, "epsg_source": 22391}}, {"type": "Feature", "geometry": {"type": "Point", "coordinates": [10.59587, 36.47862]}, "properties": {"record_id": "oai:u-bordeaux-montaigne.fr:340416", "symbol_class": "building", "pixel_x": 1735.0, "pixel_y": 4946.9, "easting": 562289.2, "northing": 353145.1, "epsg_source": 22391}}, {"type": "Feature", "geometry": {"type": "Point", "coordinates": [10.74412, 36.46875]}, "properties": {"record_id": "oai:u-bordeaux-montaigne.fr:340416", "symbol_class": "building", "pixel_x": 4828.5, "pixel_y": 4944.9, "easting": 575579.7, "northing": 352155.7, "epsg_source": 22391}}, {"type": "Feature", "geometry": {"type": "Point", "coordinates": [10.75446, 36.46792]}, "properties": {"record_id": "oai:u-bordeaux-montaigne.fr:340416", "symbol_class": "building", "pixel_x": 5044.6, "pixel_y": 4948.5, "easting": 576506.8, "northing": 352071.0, "epsg_source": 22391}}, {"type": "Feature", "geometry": {"type": "Point", "coordinates": [10.78605, 36.46587]}, "properties": {"record_id": "oai:u-bordeaux-montaigne.fr:340416", "symbol_class": "building", "pixel_x": 5703.7, "pixel_y": 4945.8, "easting": 579339.0, "northing": 351869.6, "epsg_source": 22391}}, {"type": "Feature", "geometry": {"type": "Point", "coordinates": [10.58724, 36.47898]}, "properties": {"record_id": "oai:u-bordeaux-montaigne.fr:340416", "symbol_class": "building", "pixel_x": 1555.4, "pixel_y": 4952.5, "easting": 561515.7, "northing": 353180.2, "epsg_source": 22391}}, {"type": "Feature", "geometry": {"type": "Point", "coordinates": [10.59426, 36.4783]}, "properties": {"record_id": "oai:u-bordeaux-montaigne.fr:340416", "symbol_class": "building", "pixel_x": 1702.4, "pixel_y": 4958.2, "easting": 562145.4, "northing": 353109.3, "epsg_source": 22391}}, {"type": "Feature", "geometry": {"type": "Point", "coordinates": [10.71038, 36.47054]}, "properties": {"record_id": "oai:u-bordeaux-montaigne.fr:340416", "symbol_class": "building", "pixel_x": 4125.5, "pixel_y": 4958.0, "easting": 572555.2, "northing": 352328.6, "epsg_source": 22391}}, {"type": "Feature", "geometry": {"type": "Point", "coordinates": [10.73367, 36.46887]}, "properties": {"record_id": "oai:u-bordeaux-montaigne.fr:340416", "symbol_class": "building", "pixel_x": 4611.6, "pixel_y": 4960.6, "easting": 574642.9, "northing": 352161.0, "epsg_source": 22391}}, {"type": "Feature", "geometry": {"type": "Point", "coordinates": [10.73455, 36.46881]}, "properties": {"record_id": "oai:u-bordeaux-montaigne.fr:340416", "symbol_class": "building", "pixel_x": 4630.1, "pixel_y": 4960.7, "easting": 574722.0, "northing": 352154.7, "epsg_source": 22391}}, {"type": "Feature", "geometry": {"type": "Point", "coordinates": [10.60823, 36.47701]}, "properties": {"record_id": "oai:u-bordeaux-montaigne.fr:340416", "symbol_class": "building", "pixel_x": 1994.8, "pixel_y": 4968.0, "easting": 563398.4, "northing": 352974.8, "epsg_source": 22391}}, {"type": "Feature", "geometry": {"type": "Point", "coordinates": [10.62443, 36.47595]}, "properties": {"record_id": "oai:u-bordeaux-montaigne.fr:340416", "symbol_class": "building", "pixel_x": 2332.7, "pixel_y": 4967.5, "easting": 564850.1, "northing": 352868.0, "epsg_source": 22391}}, {"type": "Feature", "geometry": {"type": "Point", "coordinates": [10.74933, 36.4674]}, "properties": {"record_id": "oai:u-bordeaux-montaigne.fr:340416", "symbol_class": "building", "pixel_x": 4939.5, "pixel_y": 4971.8, "easting": 576047.9, "northing": 352009.6, "epsg_source": 22391}}, {"type": "Feature", "geometry": {"type": "Point", "coordinates": [10.59491, 36.47781]}, "properties": {"record_id": "oai:u-bordeaux-montaigne.fr:340416", "symbol_class": "building", "pixel_x": 1717.0, "pixel_y": 4970.4, "easting": 562204.4, "northing": 353054.7, "epsg_source": 22391}}, {"type": "Feature", "geometry": {"type": "Point", "coordinates": [10.75021, 36.46731]}, "properties": {"record_id": "oai:u-bordeaux-montaigne.fr:340416", "symbol_class": "building", "pixel_x": 4958.0, "pixel_y": 4972.6, "easting": 576127.0, "northing": 352000.1, "epsg_source": 22391}}, {"type": "Feature", "geometry": {"type": "Point", "coordinates": [10.58097, 36.47877]}, "properties": {"record_id": "oai:u-bordeaux-montaigne.fr:340416", "symbol_class": "building", "pixel_x": 1426.0, "pixel_y": 4969.5, "easting": 560954.4, "northing": 353152.2, "epsg_source": 22391}}, {"type": "Feature", "geometry": {"type": "Point", "coordinates": [10.58785, 36.47814]}, "properties": {"record_id": "oai:u-bordeaux-montaigne.fr:340416", "symbol_class": "building", "pixel_x": 1569.9, "pixel_y": 4974.1, "easting": 561571.3, "northing": 353086.8, "epsg_source": 22391}}, {"type": "Feature", "geometry": {"type": "Point", "coordinates": [10.87638, 36.45872]}, "properties": {"record_id": "oai:u-bordeaux-montaigne.fr:340416", "symbol_class": "building", "pixel_x": 7591.3, "pixel_y": 4972.0, "easting": 587440.2, "northing": 351153.4, "epsg_source": 22391}}, {"type": "Feature", "geometry": {"type": "Point", "coordinates": [10.57789, 36.47878]}, "properties": {"record_id": "oai:u-bordeaux-montaigne.fr:340416", "symbol_class": "building", "pixel_x": 1362.2, "pixel_y": 4974.7, "easting": 560678.8, "northing": 353151.4, "epsg_source": 22391}}, {"type": "Feature", "geometry": {"type": "Point", "coordinates": [10.72581, 36.4689]}, "properties": {"record_id": "oai:u-bordeaux-montaigne.fr:340416", "symbol_class": "building", "pixel_x": 4448.8, "pixel_y": 4974.1, "easting": 573938.9, "northing": 352158.2, "epsg_source": 22391}}, {"type": "Feature", "geometry": {"type": "Point", "coordinates": [10.57674, 36.47875]}, "properties": {"record_id": "oai:u-bordeaux-montaigne.fr:340416", "symbol_class": "building", "pixel_x": 1338.5, "pixel_y": 4977.5, "easting": 560575.9, "northing": 353147.6, "epsg_source": 22391}}, {"type": "Feature", "geometry": {"type": "Point", "coordinates": [10.57751, 36.47861]}, "properties": {"record_id": "oai:u-bordeaux-montaigne.fr:340416", "symbol_class": "building", "pixel_x": 1354.8, "pixel_y": 4979.8, "easting": 560645.0, "northing": 353132.8, "epsg_source": 22391}}, {"type": "Feature", "geometry": {"type": "Point", "coordinates": [10.87199, 36.45875]}, "properties": {"record_id": "oai:u-bordeaux-montaigne.fr:340416", "symbol_class": "building", "pixel_x": 7500.2, "pixel_y": 4979.2, "easting": 587046.6, "northing": 351153.0, "epsg_source": 22391}}, {"type": "Feature", "geometry": {"type": "Point", "coordinates": [10.87096, 36.45879]}, "properties": {"record_id": "oai:u-bordeaux-montaigne.fr:340416", "symbol_class": "building", "pixel_x": 7479.0, "pixel_y": 4980.0, "easting": 586954.9, "northing": 351156.6, "epsg_source": 22391}}, {"type": "Feature", "geometry": {"type": "Point", "coordinates": [10.77671, 36.46506]}, "properties": {"record_id": "oai:u-bordeaux-montaigne.fr:340416", "symbol_class": "building", "pixel_x": 5512.0, "pixel_y": 4984.7, "easting": 578503.2, "northing": 351771.8, "epsg_source": 22391}}, {"type": "Feature", "geometry": {"type": "Point", "coordinates": [10.71738, 36.46889]}, "properties": {"record_id": "oai:u-bordeaux-montaigne.fr:340416", "symbol_class": "building", "pixel_x": 4274.1, "pixel_y": 4989.8, "easting": 573183.7, "northing": 352150.5, "epsg_source": 22391}}, {"type": "Feature", "geometry": {"type": "Point", "coordinates": [10.75001, 36.46661]}, "properties": {"record_id": "oai:u-bordeaux-montaigne.fr:340416", "symbol_class": "building", "pixel_x": 4955.3, "pixel_y": 4991.8, "easting": 576109.5, "northing": 351922.6, "epsg_source": 22391}}, {"type": "Feature", "geometry": {"type": "Point", "coordinates": [10.71603, 36.46897]}, "properties": {"record_id": "oai:u-bordeaux-montaigne.fr:340416", "symbol_class": "building", "pixel_x": 4246.0, "pixel_y": 4990.1, "easting": 573062.7, "northing": 352158.2, "epsg_source": 22391}}, {"type": "Feature", "geometry": {"type": "Point", "coordinates": [10.72038, 36.46855]}, "properties": {"record_id": "oai:u-bordeaux-montaigne.fr:340416", "symbol_class": "building", "pixel_x": 4337.2, "pixel_y": 4993.5, "easting": 573453.2, "northing": 352115.0, "epsg_source": 22391}}, {"type": "Feature", "geometry": {"type": "Point", "coordinates": [10.74047, 36.46706]}, "properties": {"record_id": "oai:u-bordeaux-montaigne.fr:340416", "symbol_class": "building", "pixel_x": 4756.6, "pixel_y": 4997.1, "easting": 575253.9, "northing": 351964.8, "epsg_source": 22391}}, {"type": "Feature", "geometry": {"type": "Point", "coordinates": [10.59332, 36.47671]}, "properties": {"record_id": "oai:u-bordeaux-montaigne.fr:340416", "symbol_class": "building", "pixel_x": 1686.5, "pixel_y": 5002.7, "easting": 562062.8, "northing": 352932.3, "epsg_source": 22391}}, {"type": "Feature", "geometry": {"type": "Point", "coordinates": [10.75536, 36.46581]}, "properties": {"record_id": "oai:u-bordeaux-montaigne.fr:340416", "symbol_class": "building", "pixel_x": 5067.9, "pixel_y": 5003.4, "easting": 576589.6, "northing": 351838.6, "epsg_source": 22391}}, {"type": "Feature", "geometry": {"type": "Point", "coordinates": [10.69356, 36.46996]}, "properties": {"record_id": "oai:u-bordeaux-montaigne.fr:340416", "symbol_class": "building", "pixel_x": 3778.3, "pixel_y": 5004.2, "easting": 571048.8, "northing": 352251.1, "epsg_source": 22391}}, {"type": "Feature", "geometry": {"type": "Point", "coordinates": [10.70773, 36.46884]}, "properties": {"record_id": "oai:u-bordeaux-montaigne.fr:340416", "symbol_class": "building", "pixel_x": 4074.2, "pixel_y": 5008.6, "easting": 572318.8, "northing": 352138.0, "epsg_source": 22391}}, {"type": "Feature", "geometry": {"type": "Point", "coordinates": [10.74636, 36.46626]}, "properties": {"record_id": "oai:u-bordeaux-montaigne.fr:340416", "symbol_class": "building", "pixel_x": 4880.5, "pixel_y": 5007.8, "easting": 575782.8, "northing": 351880.9, "epsg_source": 22391}}, {"type": "Feature", "geometry": {"type": "Point", "coordinates": [10.74046, 36.46672]}, "properties": {"record_id": "oai:u-bordeaux-montaigne.fr:340416", "symbol_class": "building", "pixel_x": 4757.1, "pixel_y": 5006.1, "easting": 575253.5, "northing": 351927.9, "epsg_source": 22391}}, {"type": "Feature", "geometry": {"type": "Point", "coordinates": [10.64665, 36.47267]}, "properties": {"record_id": "oai:u-bordeaux-montaigne.fr:340416", "symbol_class": "building", "pixel_x": 2800.2, "pixel_y": 5016.0, "easting": 566843.1, "northing": 352518.6, "epsg_source": 22391}}, {"type": "Feature", "geometry": {"type": "Point", "coordinates": [10.59024, 36.4763]}, "properties": {"record_id": "oai:u-bordeaux-montaigne.fr:340416", "symbol_class": "building", "pixel_x": 1623.5, "pixel_y": 5019.3, "easting": 561786.9, "northing": 352884.3, "epsg_source": 22391}}, {"type": "Feature", "geometry": {"type": "Point", "coordinates": [10.72113, 36.46759]}, "properties": {"record_id": "oai:u-bordeaux-montaigne.fr:340416", "symbol_class": "building", "pixel_x": 4354.7, "pixel_y": 5017.8, "easting": 573520.8, "northing": 352009.5, "epsg_source": 22391}}, {"type": "Feature", "geometry": {"type": "Point", "coordinates": [10.58435, 36.47654]}, "properties": {"record_id": "oai:u-bordeaux-montaigne.fr:340416", "symbol_class": "building", "pixel_x": 1500.9, "pixel_y": 5023.5, "easting": 561259.1, "northing": 352906.8, "epsg_source": 22391}}, {"type": "Feature", "geometry": {"type": "Point", "coordinates": [10.69612, 36.46911]}, "properties": {"record_id": "oai:u-bordeaux-montaigne.fr:340416", "symbol_class": "building", "pixel_x": 3833.2, "pixel_y": 5022.3, "easting": 571278.9, "northing": 352159.2, "epsg_source": 22391}}, {"type": "Feature", "geometry": {"type": "Point", "coordinates": [10.73372, 36.46645]}, "properties": {"record_id": "oai:u-bordeaux-montaigne.fr:340416", "symbol_class": "building", "pixel_x": 4618.1, "pixel_y": 5025.8, "easting": 574649.8, "northing": 351891.7, "epsg_source": 22391}}, {"type": "Feature", "geometry": {"type": "Point", "coordinates": [10.73977, 36.46597]}, "properties": {"record_id": "oai:u-bordeaux-montaigne.fr:340416", "symbol_class": "building", "pixel_x": 4744.6, "pixel_y": 5027.6, "easting": 575192.5, "northing": 351843.7, "epsg_source": 22391}}, {"type": "Feature", "geometry": {"type": "Point", "coordinates": [10.72188, 36.4671]}, "properties": {"record_id": "oai:u-bordeaux-montaigne.fr:340416", "symbol_class": "building", "pixel_x": 4371.4, "pixel_y": 5029.7, "easting": 573588.8, "northing": 351955.6, "epsg_source": 22391}}, {"type": "Feature", "geometry": {"type": "Point", "coordinates": [10.74712, 36.46527]}, "properties": {"record_id": "oai:u-bordeaux-montaigne.fr:340416", "symbol_class": "building", "pixel_x": 4898.4, "pixel_y": 5033.0, "easting": 575851.6, "northing": 351772.1, "epsg_source": 22391}}, {"type": "Feature", "geometry": {"type": "Point", "coordinates": [10.71739, 36.4673]}, "properties": {"record_id": "oai:u-bordeaux-montaigne.fr:340416", "symbol_class": "building", "pixel_x": 4277.9, "pixel_y": 5032.6, "easting": 573186.3, "northing": 351973.8, "epsg_source": 22391}}, {"type": "Feature", "geometry": {"type": "Point", "coordinates": [10.71927, 36.46689]}, "properties": {"record_id": "oai:u-bordeaux-montaigne.fr:340416", "symbol_class": "building", "pixel_x": 4317.6, "pixel_y": 5040.0, "easting": 573354.5, "northing": 351930.4, "epsg_source": 22391}}, {"type": "Feature", "geometry": {"type": "Point", "coordinates": [10.72772, 36.46622]}, "properties": {"record_id": "oai:u-bordeaux-montaigne.fr:340416", "symbol_class": "building", "pixel_x": 4494.3, "pixel_y": 5042.8, "easting": 574112.7, "northing": 351862.3, "epsg_source": 22391}}, {"type": "Feature", "geometry": {"type": "Point", "coordinates": [10.7357, 36.46573]}, "properties": {"record_id": "oai:u-bordeaux-montaigne.fr:340416", "symbol_class": "building", "pixel_x": 4660.7, "pixel_y": 5041.5, "easting": 574827.8, "northing": 351813.8, "epsg_source": 22391}}, {"type": "Feature", "geometry": {"type": "Point", "coordinates": [10.75035, 36.46449]}, "properties": {"record_id": "oai:u-bordeaux-montaigne.fr:340416", "symbol_class": "building", "pixel_x": 4967.0, "pixel_y": 5048.2, "easting": 576141.5, "northing": 351687.6, "epsg_source": 22391}}, {"type": "Feature", "geometry": {"type": "Point", "coordinates": [10.73716, 36.46548]}, "properties": {"record_id": "oai:u-bordeaux-montaigne.fr:340416", "symbol_class": "building", "pixel_x": 4691.6, "pixel_y": 5045.5, "easting": 574959.4, "northing": 351787.4, "epsg_source": 22391}}, {"type": "Feature", "geometry": {"type": "Point", "coordinates": [10.7392, 36.46532]}, "properties": {"record_id": "oai:u-bordeaux-montaigne.fr:340416", "symbol_class": "building", "pixel_x": 4734.1, "pixel_y": 5046.1, "easting": 575141.9, "northing": 351771.2, "epsg_source": 22391}}, {"type": "Feature", "geometry": {"type": "Point", "coordinates": [10.74743, 36.46474]}, "properties": {"record_id": "oai:u-bordeaux-montaigne.fr:340416", "symbol_class": "building", "pixel_x": 4906.0, "pixel_y": 5046.8, "easting": 575880.0, "northing": 351712.8, "epsg_source": 22391}}, {"type": "Feature", "geometry": {"type": "Point", "coordinates": [10.7586, 36.464]}, "properties": {"record_id": "oai:u-bordeaux-montaigne.fr:340416", "symbol_class": "building", "pixel_x": 5139.0, "pixel_y": 5046.2, "easting": 576881.1, "northing": 351640.3, "epsg_source": 22391}}, {"type": "Feature", "geometry": {"type": "Point", "coordinates": [10.68046, 36.46923]}, "properties": {"record_id": "oai:u-bordeaux-montaigne.fr:340416", "symbol_class": "building", "pixel_x": 3508.5, "pixel_y": 5047.5, "easting": 569876.0, "northing": 352160.8, "epsg_source": 22391}}, {"type": "Feature", "geometry": {"type": "Point", "coordinates": [10.75822, 36.4639]}, "properties": {"record_id": "oai:u-bordeaux-montaigne.fr:340416", "symbol_class": "building", "pixel_x": 5131.4, "pixel_y": 5049.6, "easting": 576847.5, "northing": 351628.7, "epsg_source": 22391}}, {"type": "Feature", "geometry": {"type": "Point", "coordinates": [10.75948, 36.46373]}, "properties": {"record_id": "oai:u-bordeaux-montaigne.fr:340416", "symbol_class": "building", "pixel_x": 5158.0, "pixel_y": 5051.9, "easting": 576961.1, "northing": 351610.7, "epsg_source": 22391}}, {"type": "Feature", "geometry": {"type": "Point", "coordinates": [10.73878, 36.46502]}, "properties": {"record_id": "oai:u-bordeaux-montaigne.fr:340416", "symbol_class": "building", "pixel_x": 4726.2, "pixel_y": 5055.0, "easting": 575105.0, "northing": 351737.4, "epsg_source": 22391}}, {"type": "Feature", "geometry": {"type": "Point", "coordinates": [10.73957, 36.46504]}, "properties": {"record_id": "oai:u-bordeaux-montaigne.fr:340416", "symbol_class": "building", "pixel_x": 4742.6, "pixel_y": 5053.1, "easting": 575175.9, "northing": 351739.8, "epsg_source": 22391}}, {"type": "Feature", "geometry": {"type": "Point", "coordinates": [10.5764, 36.47576]}, "properties": {"record_id": "oai:u-bordeaux-montaigne.fr:340416", "symbol_class": "building", "pixel_x": 1338.0, "pixel_y": 5058.6, "easting": 560547.9, "northing": 352815.4, "epsg_source": 22391}}, {"type": "Feature", "geometry": {"type": "Point", "coordinates": [10.74035, 36.46481]}, "properties": {"record_id": "oai:u-bordeaux-montaigne.fr:340416", "symbol_class": "building", "pixel_x": 4759.2, "pixel_y": 5057.6, "easting": 575246.1, "northing": 351715.8, "epsg_source": 22391}}, {"type": "Feature", "geometry": {"type": "Point", "coordinates": [10.73967, 36.46475]}, "properties": {"record_id": "oai:u-bordeaux-montaigne.fr:340416", "symbol_class": "building", "pixel_x": 4745.1, "pixel_y": 5060.7, "easting": 575184.3, "northing": 351708.0, "epsg_source": 22391}}, {"type": "Feature", "geometry": {"type": "Point", "coordinates": [10.7502, 36.46354]}, "properties": {"record_id": "oai:u-bordeaux-montaigne.fr:340416", "symbol_class": "building", "pixel_x": 4966.1, "pixel_y": 5074.1, "easting": 576129.5, "northing": 351581.8, "epsg_source": 22391}}, {"type": "Feature", "geometry": {"type": "Point", "coordinates": [10.71074, 36.46669]}, "properties": {"record_id": "oai:u-bordeaux-montaigne.fr:340416", "symbol_class": "building", "pixel_x": 4141.5, "pixel_y": 5061.0, "easting": 572591.2, "northing": 351901.3, "epsg_source": 22391}}, {"type": "Feature", "geometry": {"type": "Point", "coordinates": [10.57677, 36.47547]}, "properties": {"record_id": "oai:u-bordeaux-montaigne.fr:340416", "symbol_class": "building", "pixel_x": 1346.1, "pixel_y": 5065.6, "easting": 560580.6, "northing": 352784.3, "epsg_source": 22391}}, {"type": "Feature", "geometry": {"type": "Point", "coordinates": [10.72922, 36.46524]}, "properties": {"record_id": "oai:u-bordeaux-montaigne.fr:340416", "symbol_class": "building", "pixel_x": 4527.5, "pixel_y": 5066.3, "easting": 574247.7, "northing": 351755.0, "epsg_source": 22391}}, {"type": "Feature", "geometry": {"type": "Point", "coordinates": [10.72249, 36.46572]}, "properties": {"record_id": "oai:u-bordeaux-montaigne.fr:340416", "symbol_class": "building", "pixel_x": 4387.1, "pixel_y": 5065.9, "easting": 573644.6, "northing": 351802.2, "epsg_source": 22391}}, {"type": "Feature", "geometry": {"type": "Point", "coordinates": [10.72968, 36.46517]}, "properties": {"record_id": "oai:u-bordeaux-montaigne.fr:340416", "symbol_class": "building", "pixel_x": 4537.3, "pixel_y": 5067.5, "easting": 574289.3, "northing": 351747.2, "epsg_source": 22391}}, {"type": "Feature", "geometry": {"type": "Point", "coordinates": [10.73923, 36.46456]}, "properties": {"record_id": "oai:u-bordeaux-montaigne.fr:340416", "symbol_class": "building", "pixel_x": 4736.5, "pixel_y": 5066.5, "easting": 575145.5, "northing": 351686.9, "epsg_source": 22391}}, {"type": "Feature", "geometry": {"type": "Point", "coordinates": [10.73968, 36.46428]}, "properties": {"record_id": "oai:u-bordeaux-montaigne.fr:340416", "symbol_class": "building", "pixel_x": 4746.5, "pixel_y": 5073.3, "easting": 575186.3, "northing": 351655.8, "epsg_source": 22391}}, {"type": "Feature", "geometry": {"type": "Point", "coordinates": [10.74211, 36.46393]}, "properties": {"record_id": "oai:u-bordeaux-montaigne.fr:340416", "symbol_class": "building", "pixel_x": 4797.6, "pixel_y": 5078.3, "easting": 575404.2, "northing": 351618.8, "epsg_source": 22391}}, {"type": "Feature", "geometry": {"type": "Point", "coordinates": [10.70938, 36.4661]}, "properties": {"record_id": "oai:u-bordeaux-montaigne.fr:340416", "symbol_class": "building", "pixel_x": 4114.7, "pixel_y": 5079.2, "easting": 572470.0, "northing": 351835.4, "epsg_source": 22391}}, {"type": "Feature", "geometry": {"type": "Point", "coordinates": [10.73874, 36.46397]}, "properties": {"record_id": "oai:u-bordeaux-montaigne.fr:340416", "symbol_class": "building", "pixel_x": 4727.7, "pixel_y": 5083.3, "easting": 575102.4, "northing": 351620.9, "epsg_source": 22391}}, {"type": "Feature", "geometry": {"type": "Point", "coordinates": [10.65601, 36.46943]}, "properties": {"record_id": "oai:u-bordeaux-montaigne.fr:340416", "symbol_class": "building", "pixel_x": 3001.3, "pixel_y": 5086.1, "easting": 567684.9, "northing": 352166.2, "epsg_source": 22391}}, {"type": "Feature", "geometry": {"type": "Point", "coordinates": [10.74188, 36.46351]}, "properties": {"record_id": "oai:u-bordeaux-montaigne.fr:340416", "symbol_class": "building", "pixel_x": 4793.8, "pixel_y": 5089.9, "easting": 575384.2, "northing": 351572.7, "epsg_source": 22391}}, {"type": "Feature", "geometry": {"type": "Point", "coordinates": [10.7388, 36.46359]}, "properties": {"record_id": "oai:u-bordeaux-montaigne.fr:340416", "symbol_class": "building", "pixel_x": 4729.7, "pixel_y": 5093.5, "easting": 575107.7, "northing": 351578.4, "epsg_source": 22391}}, {"type": "Feature", "geometry": {"type": "Point", "coordinates": [10.79089, 36.46]}, "properties": {"record_id": "oai:u-bordeaux-montaigne.fr:340416", "symbol_class": "building", "pixel_x": 5817.1, "pixel_y": 5094.9, "easting": 579778.6, "northing": 351221.8, "epsg_source": 22391}}, {"type": "Feature", "geometry": {"type": "Point", "coordinates": [10.7393, 36.46342]}, "properties": {"record_id": "oai:u-bordeaux-montaigne.fr:340416", "symbol_class": "building", "pixel_x": 4740.5, "pixel_y": 5096.9, "easting": 575153.1, "northing": 351560.9, "epsg_source": 22391}}, {"type": "Feature", "geometry": {"type": "Point", "coordinates": [10.77238, 36.46115]}, "properties": {"record_id": "oai:u-bordeaux-montaigne.fr:340416", "symbol_class": "building", "pixel_x": 5431.1, "pixel_y": 5097.9, "easting": 578119.3, "northing": 351334.1, "epsg_source": 22391}}, {"type": "Feature", "geometry": {"type": "Point", "coordinates": [10.77827, 36.46078]}, "properties": {"record_id": "oai:u-bordeaux-montaigne.fr:340416", "symbol_class": "building", "pixel_x": 5553.9, "pixel_y": 5097.1, "easting": 578647.3, "northing": 351297.8, "epsg_source": 22391}}, {"type": "Feature", "geometry": {"type": "Point", "coordinates": [10.74819, 36.46274]}, "properties": {"record_id": "oai:u-bordeaux-montaigne.fr:340416", "symbol_class": "building", "pixel_x": 4926.2, "pixel_y": 5099.2, "easting": 575950.0, "northing": 351491.7, "epsg_source": 22391}}, {"type": "Feature", "geometry": {"type": "Point", "coordinates": [10.7972, 36.45945]}, "properties": {"record_id": "oai:u-bordeaux-montaigne.fr:340416", "symbol_class": "building", "pixel_x": 5949.1, "pixel_y": 5098.1, "easting": 580345.0, "northing": 351166.3, "epsg_source": 22391}}, {"type": "Feature", "geometry": {"type": "Point", "coordinates": [10.71478, 36.46493]}, "properties": {"record_id": "oai:u-bordeaux-montaigne.fr:340416", "symbol_class": "building", "pixel_x": 4229.0, "pixel_y": 5101.0, "easting": 572954.3, "northing": 351709.2, "epsg_source": 22391}}, {"type": "Feature", "geometry": {"type": "Point", "coordinates": [10.72054, 36.46455]}, "properties": {"record_id": "oai:u-bordeaux-montaigne.fr:340416", "symbol_class": "building", "pixel_x": 4349.2, "pixel_y": 5100.8, "easting": 573470.8, "northing": 351671.1, "epsg_source": 22391}}, {"type": "Feature", "geometry": {"type": "Point", "coordinates": [10.77192, 36.46099]}, "properties": {"record_id": "oai:u-bordeaux-montaigne.fr:340416", "symbol_class": "building", "pixel_x": 5421.9, "pixel_y": 5103.0, "easting": 578078.3, "northing": 351316.3, "epsg_source": 22391}}, {"type": "Feature", "geometry": {"type": "Point", "coordinates": [10.71361, 36.46444]}, "properties": {"record_id": "oai:u-bordeaux-montaigne.fr:340416", "symbol_class": "building", "pixel_x": 4206.0, "pixel_y": 5116.2, "easting": 572850.4, "northing": 351654.3, "epsg_source": 22391}}, {"type": "Feature", "geometry": {"type": "Point", "coordinates": [10.71763, 36.46421]}, "properties": {"record_id": "oai:u-bordeaux-montaigne.fr:340416", "symbol_class": "building", "pixel_x": 4289.7, "pixel_y": 5115.2, "easting": 573210.5, "northing": 351631.3, "epsg_source": 22391}}, {"type": "Feature", "geometry": {"type": "Point", "coordinates": [10.7411, 36.46265]}, "properties": {"record_id": "oai:u-bordeaux-montaigne.fr:340416", "symbol_class": "building", "pixel_x": 4779.4, "pixel_y": 5114.5, "easting": 575314.6, "northing": 351476.1, "epsg_source": 22391}}, {"type": "Feature", "geometry": {"type": "Point", "coordinates": [10.74271, 36.46256]}, "properties": {"record_id": "oai:u-bordeaux-montaigne.fr:340416", "symbol_class": "building", "pixel_x": 4813.0, "pixel_y": 5114.1, "easting": 575458.9, "northing": 351467.1, "epsg_source": 22391}}, {"type": "Feature", "geometry": {"type": "Point", "coordinates": [10.74348, 36.46238]}, "properties": {"record_id": "oai:u-bordeaux-montaigne.fr:340416", "symbol_class": "building", "pixel_x": 4829.4, "pixel_y": 5117.3, "easting": 575528.3, "northing": 351448.8, "epsg_source": 22391}}, {"type": "Feature", "geometry": {"type": "Point", "coordinates": [10.718, 36.46406]}, "properties": {"record_id": "oai:u-bordeaux-montaigne.fr:340416", "symbol_class": "building", "pixel_x": 4297.6, "pixel_y": 5118.6, "easting": 573243.4, "northing": 351615.0, "epsg_source": 22391}}, {"type": "Feature", "geometry": {"type": "Point", "coordinates": [10.71632, 36.46407]}, "properties": {"record_id": "oai:u-bordeaux-montaigne.fr:340416", "symbol_class": "building", "pixel_x": 4262.8, "pixel_y": 5121.3, "easting": 573093.1, "northing": 351615.0, "epsg_source": 22391}}, {"type": "Feature", "geometry": {"type": "Point", "coordinates": [10.71873, 36.46392]}, "properties": {"record_id": "oai:u-bordeaux-montaigne.fr:340416", "symbol_class": "building", "pixel_x": 4313.2, "pixel_y": 5120.9, "easting": 573309.5, "northing": 351600.4, "epsg_source": 22391}}, {"type": "Feature", "geometry": {"type": "Point", "coordinates": [10.74664, 36.462]}, "properties": {"record_id": "oai:u-bordeaux-montaigne.fr:340416", "symbol_class": "building", "pixel_x": 4895.7, "pixel_y": 5121.8, "easting": 575811.6, "northing": 351409.0, "epsg_source": 22391}}, {"type": "Feature", "geometry": {"type": "Point", "coordinates": [10.77232, 36.46027]}, "properties": {"record_id": "oai:u-bordeaux-montaigne.fr:340416", "symbol_class": "building", "pixel_x": 5431.6, "pixel_y": 5121.7, "easting": 578114.2, "northing": 351236.6, "epsg_source": 22391}}, {"type": "Feature", "geometry": {"type": "Point", "coordinates": [10.77853, 36.45986]}, "properties": {"record_id": "oai:u-bordeaux-montaigne.fr:340416", "symbol_class": "building", "pixel_x": 5561.2, "pixel_y": 5121.3, "easting": 578671.2, "northing": 351196.1, "epsg_source": 22391}}, {"type": "Feature", "geometry": {"type": "Point", "coordinates": [10.61666, 36.47059]}, "properties": {"record_id": "oai:u-bordeaux-montaigne.fr:340416", "symbol_class": "building", "pixel_x": 2183.3, "pixel_y": 5125.8, "easting": 564158.1, "northing": 352267.6, "epsg_source": 22391}}, {"type": "Feature", "geometry": {"type": "Point", "coordinates": [10.74289, 36.46214]}, "properties": {"record_id": "oai:u-bordeaux-montaigne.fr:340416", "symbol_class": "building", "pixel_x": 4817.7, "pixel_y": 5125.0, "easting": 575475.8, "northing": 351420.9, "epsg_source": 22391}}, {"type": "Feature", "geometry": {"type": "Point", "coordinates": [10.74954, 36.46172]}, "properties": {"record_id": "oai:u-bordeaux-montaigne.fr:340416", "symbol_class": "building", "pixel_x": 4956.4, "pixel_y": 5124.0, "easting": 576071.8, "northing": 351380.3, "epsg_source": 22391}}, {"type": "Feature", "geometry": {"type": "Point", "coordinates": [10.74349, 36.46205]}, "properties": {"record_id": "oai:u-bordeaux-montaigne.fr:340416", "symbol_class": "building", "pixel_x": 4830.4, "pixel_y": 5126.3, "easting": 575529.6, "northing": 351411.5, "epsg_source": 22391}}, {"type": "Feature", "geometry": {"type": "Point", "coordinates": [10.74611, 36.46181]}, "properties": {"record_id": "oai:u-bordeaux-montaigne.fr:340416", "symbol_class": "building", "pixel_x": 4885.2, "pixel_y": 5127.8, "easting": 575764.7, "northing": 351387.6, "epsg_source": 22391}}, {"type": "Feature", "geometry": {"type": "Point", "coordinates": [10.57987, 36.47272]}, "properties": {"record_id": "oai:u-bordeaux-montaigne.fr:340416", "symbol_class": "building", "pixel_x": 1416.5, "pixel_y": 5134.0, "easting": 560861.1, "northing": 352481.0, "epsg_source": 22391}}, {"type": "Feature", "geometry": {"type": "Point", "coordinates": [10.725, 36.46316]}, "properties": {"record_id": "oai:u-bordeaux-montaigne.fr:340416", "symbol_class": "building", "pixel_x": 4444.8, "pixel_y": 5130.0, "easting": 573872.1, "northing": 351520.7, "epsg_source": 22391}}, {"type": "Feature", "geometry": {"type": "Point", "coordinates": [10.77587, 36.4593]}, "properties": {"record_id": "oai:u-bordeaux-montaigne.fr:340416", "symbol_class": "building", "pixel_x": 5507.5, "pixel_y": 5141.2, "easting": 578433.7, "northing": 351132.1, "epsg_source": 22391}}, {"type": "Feature", "geometry": {"type": "Point", "coordinates": [10.91685, 36.44948]}, "properties": {"record_id": "oai:u-bordeaux-montaigne.fr:340416", "symbol_class": "building", "pixel_x": 8450.8, "pixel_y": 5145.4, "easting": 591077.1, "northing": 350165.4, "epsg_source": 22391}}, {"type": "Feature", "geometry": {"type": "Point", "coordinates": [10.7213, 36.46282]}, "properties": {"record_id": "oai:u-bordeaux-montaigne.fr:340416", "symbol_class": "building", "pixel_x": 4368.8, "pixel_y": 5145.9, "easting": 573540.6, "northing": 351480.1, "epsg_source": 22391}}, {"type": "Feature", "geometry": {"type": "Point", "coordinates": [10.77749, 36.45895]}, "properties": {"record_id": "oai:u-bordeaux-montaigne.fr:340416", "symbol_class": "building", "pixel_x": 5541.7, "pixel_y": 5147.7, "easting": 578578.7, "northing": 351094.2, "epsg_source": 22391}}, {"type": "Feature", "geometry": {"type": "Point", "coordinates": [10.78061, 36.45872]}, "properties": {"record_id": "oai:u-bordeaux-montaigne.fr:340416", "symbol_class": "building", "pixel_x": 5606.9, "pixel_y": 5148.0, "easting": 578858.6, "northing": 351072.1, "epsg_source": 22391}}, {"type": "Feature", "geometry": {"type": "Point", "coordinates": [10.58213, 36.47195]}, "properties": {"record_id": "oai:u-bordeaux-montaigne.fr:340416", "symbol_class": "building", "pixel_x": 1464.9, "pixel_y": 5150.7, "easting": 561063.7, "northing": 352397.0, "epsg_source": 22391}}, {"type": "Feature", "geometry": {"type": "Point", "coordinates": [10.72288, 36.46243]}, "properties": {"record_id": "oai:u-bordeaux-montaigne.fr:340416", "symbol_class": "building", "pixel_x": 4402.4, "pixel_y": 5153.6, "easting": 573682.4, "northing": 351437.5, "epsg_source": 22391}}, {"type": "Feature", "geometry": {"type": "Point", "coordinates": [10.73476, 36.46155]}, "properties": {"record_id": "oai:u-bordeaux-montaigne.fr:340416", "symbol_class": "building", "pixel_x": 4650.7, "pixel_y": 5155.7, "easting": 574748.3, "northing": 351349.1, "epsg_source": 22391}}, {"type": "Feature", "geometry": {"type": "Point", "coordinates": [10.74542, 36.46091]}, "properties": {"record_id": "oai:u-bordeaux-montaigne.fr:340416", "symbol_class": "building", "pixel_x": 4872.8, "pixel_y": 5153.3, "easting": 575703.5, "northing": 351287.1, "epsg_source": 22391}}, {"type": "Feature", "geometry": {"type": "Point", "coordinates": [10.77705, 36.45869]}, "properties": {"record_id": "oai:u-bordeaux-montaigne.fr:340416", "symbol_class": "building", "pixel_x": 5533.2, "pixel_y": 5155.4, "easting": 578539.6, "northing": 351065.6, "epsg_source": 22391}}, {"type": "Feature", "geometry": {"type": "Point", "coordinates": [10.67106, 36.46575]}, "properties": {"record_id": "oai:u-bordeaux-montaigne.fr:340416", "symbol_class": "building", "pixel_x": 3321.3, "pixel_y": 5158.0, "easting": 569036.4, "northing": 351768.4, "epsg_source": 22391}}, {"type": "Feature", "geometry": {"type": "Point", "coordinates": [10.74488, 36.46072]}, "properties": {"record_id": "oai:u-bordeaux-montaigne.fr:340416", "symbol_class": "building", "pixel_x": 4862.1, "pixel_y": 5159.6, "easting": 575655.6, "northing": 351264.9, "epsg_source": 22391}}, {"type": "Feature", "geometry": {"type": "Point", "coordinates": [10.71824, 36.46242]}, "properties": {"record_id": "oai:u-bordeaux-montaigne.fr:340416", "symbol_class": "building", "pixel_x": 4306.2, "pixel_y": 5162.1, "easting": 573266.4, "northing": 351434.0, "epsg_source": 22391}}, {"type": "Feature", "geometry": {"type": "Point", "coordinates": [10.71894, 36.46235]}, "properties": {"record_id": "oai:u-bordeaux-montaigne.fr:340416", "symbol_class": "building", "pixel_x": 4321.0, "pixel_y": 5162.7, "easting": 573329.8, "northing": 351426.7, "epsg_source": 22391}}, {"type": "Feature", "geometry": {"type": "Point", "coordinates": [10.75757, 36.45981]}, "properties": {"record_id": "oai:u-bordeaux-montaigne.fr:340416", "symbol_class": "building", "pixel_x": 5127.2, "pixel_y": 5160.9, "easting": 576793.7, "northing": 351173.9, "epsg_source": 22391}}, {"type": "Feature", "geometry": {"type": "Point", "coordinates": [10.7726, 36.45872]}, "properties": {"record_id": "oai:u-bordeaux-montaigne.fr:340416", "symbol_class": "building", "pixel_x": 5440.9, "pixel_y": 5162.7, "easting": 578141.1, "northing": 351065.5, "epsg_source": 22391}}, {"type": "Feature", "geometry": {"type": "Point", "coordinates": [10.72548, 36.46191]}, "properties": {"record_id": "oai:u-bordeaux-montaigne.fr:340416", "symbol_class": "building", "pixel_x": 4457.5, "pixel_y": 5162.8, "easting": 573916.2, "northing": 351382.3, "epsg_source": 22391}}, {"type": "Feature", "geometry": {"type": "Point", "coordinates": [10.72684, 36.46171]}, "properties": {"record_id": "oai:u-bordeaux-montaigne.fr:340416", "symbol_class": "building", "pixel_x": 4486.1, "pixel_y": 5165.7, "easting": 574038.0, "northing": 351361.2, "epsg_source": 22391}}, {"type": "Feature", "geometry": {"type": "Point", "coordinates": [10.72377, 36.46171]}, "properties": {"record_id": "oai:u-bordeaux-montaigne.fr:340416", "symbol_class": "building", "pixel_x": 4422.5, "pixel_y": 5171.1, "easting": 573763.3, "northing": 351359.4, "epsg_source": 22391}}, {"type": "Feature", "geometry": {"type": "Point", "coordinates": [10.60598, 36.46979]}, "properties": {"record_id": "oai:u-bordeaux-montaigne.fr:340416", "symbol_class": "building", "pixel_x": 1963.9, "pixel_y": 5166.4, "easting": 563202.3, "northing": 352171.9, "epsg_source": 22391}}, {"type": "Feature", "geometry": {"type": "Point", "coordinates": [10.71942, 36.46203]}, "properties": {"record_id": "oai:u-bordeaux-montaigne.fr:340416", "symbol_class": "building", "pixel_x": 4331.6, "pixel_y": 5170.5, "easting": 573372.7, "northing": 351391.4, "epsg_source": 22391}}, {"type": "Feature", "geometry": {"type": "Point", "coordinates": [10.77905, 36.4579]}, "properties": {"record_id": "oai:u-bordeaux-montaigne.fr:340416", "symbol_class": "building", "pixel_x": 5576.5, "pixel_y": 5173.1, "easting": 578720.4, "northing": 350979.0, "epsg_source": 22391}}, {"type": "Feature", "geometry": {"type": "Point", "coordinates": [10.73717, 36.46045]}, "properties": {"record_id": "oai:u-bordeaux-montaigne.fr:340416", "symbol_class": "building", "pixel_x": 4703.0, "pixel_y": 5180.7, "easting": 574965.3, "northing": 351229.8, "epsg_source": 22391}}, {"type": "Feature", "geometry": {"type": "Point", "coordinates": [10.71954, 36.46149]}, "properties": {"record_id": "oai:u-bordeaux-montaigne.fr:340416", "symbol_class": "building", "pixel_x": 4335.3, "pixel_y": 5184.7, "easting": 573384.1, "northing": 351331.8, "epsg_source": 22391}}, {"type": "Feature", "geometry": {"type": "Point", "coordinates": [10.71825, 36.46145]}, "properties": {"record_id": "oai:u-bordeaux-montaigne.fr:340416", "symbol_class": "building", "pixel_x": 4308.7, "pixel_y": 5188.2, "easting": 573268.8, "northing": 351326.1, "epsg_source": 22391}}, {"type": "Feature", "geometry": {"type": "Point", "coordinates": [10.72717, 36.46084]}, "properties": {"record_id": "oai:u-bordeaux-montaigne.fr:340416", "symbol_class": "building", "pixel_x": 4494.8, "pixel_y": 5188.6, "easting": 574068.1, "northing": 351264.4, "epsg_source": 22391}}, {"type": "Feature", "geometry": {"type": "Point", "coordinates": [10.73703, 36.45972]}, "properties": {"record_id": "oai:u-bordeaux-montaigne.fr:340416", "symbol_class": "building", "pixel_x": 4701.7, "pixel_y": 5200.6, "easting": 574953.1, "northing": 351148.4, "epsg_source": 22391}}, {"type": "Feature", "geometry": {"type": "Point", "coordinates": [10.72012, 36.46112]}, "properties": {"record_id": "oai:u-bordeaux-montaigne.fr:340416", "symbol_class": "building", "pixel_x": 4348.2, "pixel_y": 5193.8, "easting": 573436.8, "northing": 351290.6, "epsg_source": 22391}}, {"type": "Feature", "geometry": {"type": "Point", "coordinates": [10.58802, 36.46988]}, "properties": {"record_id": "oai:u-bordeaux-montaigne.fr:340416", "symbol_class": "building", "pixel_x": 1591.5, "pixel_y": 5196.0, "easting": 561593.1, "northing": 352170.6, "epsg_source": 22391}}, {"type": "Feature", "geometry": {"type": "Point", "coordinates": [10.71953, 36.461]}, "properties": {"record_id": "oai:u-bordeaux-montaigne.fr:340416", "symbol_class": "building", "pixel_x": 4336.2, "pixel_y": 5198.1, "easting": 573383.7, "northing": 351276.5, "epsg_source": 22391}}, {"type": "Feature", "geometry": {"type": "Point", "coordinates": [10.73828, 36.45922]}, "properties": {"record_id": "oai:u-bordeaux-montaigne.fr:340416", "symbol_class": "building", "pixel_x": 4728.6, "pixel_y": 5211.8, "easting": 575065.4, "northing": 351094.1, "epsg_source": 22391}}, {"type": "Feature", "geometry": {"type": "Point", "coordinates": [10.71571, 36.46081]}, "properties": {"record_id": "oai:u-bordeaux-montaigne.fr:340416", "symbol_class": "building", "pixel_x": 4257.5, "pixel_y": 5210.0, "easting": 573041.8, "northing": 351253.3, "epsg_source": 22391}}, {"type": "Feature", "geometry": {"type": "Point", "coordinates": [10.72681, 36.46003]}, "properties": {"record_id": "oai:u-bordeaux-montaigne.fr:340416", "symbol_class": "building", "pixel_x": 4489.3, "pixel_y": 5210.9, "easting": 574037.3, "northing": 351174.7, "epsg_source": 22391}}, {"type": "Feature", "geometry": {"type": "Point", "coordinates": [10.73792, 36.45895]}, "properties": {"record_id": "oai:u-bordeaux-montaigne.fr:340416", "symbol_class": "building", "pixel_x": 4721.9, "pixel_y": 5219.7, "easting": 575033.7, "northing": 351063.8, "epsg_source": 22391}}, {"type": "Feature", "geometry": {"type": "Point", "coordinates": [10.73722, 36.45901]}, "properties": {"record_id": "oai:u-bordeaux-montaigne.fr:340416", "symbol_class": "building", "pixel_x": 4707.2, "pixel_y": 5219.3, "easting": 574970.7, "northing": 351070.0, "epsg_source": 22391}}, {"type": "Feature", "geometry": {"type": "Point", "coordinates": [10.74226, 36.45868]}, "properties": {"record_id": "oai:u-bordeaux-montaigne.fr:340416", "symbol_class": "building", "pixel_x": 4812.3, "pixel_y": 5219.0, "easting": 575422.5, "northing": 351037.4, "epsg_source": 22391}}, {"type": "Feature", "geometry": {"type": "Point", "coordinates": [10.72101, 36.4601]}, "properties": {"record_id": "oai:u-bordeaux-montaigne.fr:340416", "symbol_class": "building", "pixel_x": 4368.8, "pixel_y": 5219.5, "easting": 573517.0, "northing": 351178.3, "epsg_source": 22391}}, {"type": "Feature", "geometry": {"type": "Point", "coordinates": [10.57181, 36.47002]}, "properties": {"record_id": "oai:u-bordeaux-montaigne.fr:340416", "symbol_class": "building", "pixel_x": 1255.2, "pixel_y": 5221.1, "easting": 560140.4, "northing": 352176.2, "epsg_source": 22391}}, {"type": "Feature", "geometry": {"type": "Point", "coordinates": [10.7517, 36.45792]}, "properties": {"record_id": "oai:u-bordeaux-montaigne.fr:340416", "symbol_class": "building", "pixel_x": 5009.6, "pixel_y": 5222.4, "easting": 576269.1, "northing": 350960.0, "epsg_source": 22391}}, {"type": "Feature", "geometry": {"type": "Point", "coordinates": [10.71287, 36.46041]}, "properties": {"record_id": "oai:u-bordeaux-montaigne.fr:340416", "symbol_class": "building", "pixel_x": 4199.4, "pixel_y": 5226.1, "easting": 572787.2, "northing": 351206.1, "epsg_source": 22391}}, {"type": "Feature", "geometry": {"type": "Point", "coordinates": [10.72282, 36.45963]}, "properties": {"record_id": "oai:u-bordeaux-montaigne.fr:340416", "symbol_class": "building", "pixel_x": 4407.5, "pixel_y": 5228.8, "easting": 573680.2, "northing": 351128.0, "epsg_source": 22391}}, {"type": "Feature", "geometry": {"type": "Point", "coordinates": [10.7424, 36.45827]}, "properties": {"record_id": "oai:u-bordeaux-montaigne.fr:340416", "symbol_class": "building", "pixel_x": 4816.1, "pixel_y": 5229.9, "easting": 575435.4, "northing": 350991.4, "epsg_source": 22391}}, {"type": "Feature", "geometry": {"type": "Point", "coordinates": [10.7146, 36.45997]}, "properties": {"record_id": "oai:u-bordeaux-montaigne.fr:340416", "symbol_class": "building", "pixel_x": 4236.3, "pixel_y": 5234.7, "easting": 572942.9, "northing": 351158.9, "epsg_source": 22391}}, {"type": "Feature", "geometry": {"type": "Point", "coordinates": [10.7213, 36.4596]}, "properties": {"record_id": "oai:u-bordeaux-montaigne.fr:340416", "symbol_class": "building", "pixel_x": 4375.9, "pixel_y": 5232.6, "easting": 573543.3, "northing": 351122.6, "epsg_source": 22391}}, {"type": "Feature", "geometry": {"type": "Point", "coordinates": [10.71674, 36.45986]}, "properties": {"record_id": "oai:u-bordeaux-montaigne.fr:340416", "symbol_class": "building", "pixel_x": 4281.0, "pixel_y": 5233.9, "easting": 573135.0, "northing": 351147.8, "epsg_source": 22391}}, {"type": "Feature", "geometry": {"type": "Point", "coordinates": [10.72845, 36.45895]}, "properties": {"record_id": "oai:u-bordeaux-montaigne.fr:340416", "symbol_class": "building", "pixel_x": 4525.7, "pixel_y": 5237.0, "easting": 574185.3, "northing": 351056.1, "epsg_source": 22391}}, {"type": "Feature", "geometry": {"type": "Point", "coordinates": [10.71613, 36.45972]}, "properties": {"record_id": "oai:u-bordeaux-montaigne.fr:340416", "symbol_class": "building", "pixel_x": 4268.6, "pixel_y": 5238.5, "easting": 573080.5, "northing": 351132.8, "epsg_source": 22391}}, {"type": "Feature", "geometry": {"type": "Point", "coordinates": [10.72687, 36.45897]}, "properties": {"record_id": "oai:u-bordeaux-montaigne.fr:340416", "symbol_class": "building", "pixel_x": 4492.9, "pixel_y": 5239.3, "easting": 574043.6, "northing": 351057.5, "epsg_source": 22391}}, {"type": "Feature", "geometry": {"type": "Point", "coordinates": [10.70903, 36.46017]}, "properties": {"record_id": "oai:u-bordeaux-montaigne.fr:340416", "symbol_class": "building", "pixel_x": 4120.5, "pixel_y": 5239.5, "easting": 572443.9, "northing": 351176.5, "epsg_source": 22391}}, {"type": "Feature", "geometry": {"type": "Point", "coordinates": [10.71696, 36.45954]}, "properties": {"record_id": "oai:u-bordeaux-montaigne.fr:340416", "symbol_class": "building", "pixel_x": 4286.3, "pixel_y": 5242.0, "easting": 573155.2, "northing": 351112.8, "epsg_source": 22391}}, {"type": "Feature", "geometry": {"type": "Point", "coordinates": [10.72793, 36.45883]}, "properties": {"record_id": "oai:u-bordeaux-montaigne.fr:340416", "symbol_class": "building", "pixel_x": 4515.0, "pixel_y": 5241.2, "easting": 574138.4, "northing": 351042.4, "epsg_source": 22391}}, {"type": "Feature", "geometry": {"type": "Point", "coordinates": [10.74584, 36.45759]}, "properties": {"record_id": "oai:u-bordeaux-montaigne.fr:340416", "symbol_class": "building", "pixel_x": 4889.0, "pixel_y": 5241.9, "easting": 575744.5, "northing": 350918.8, "epsg_source": 22391}}, {"type": "Feature", "geometry": {"type": "Point", "coordinates": [10.7133, 36.4598]}, "properties": {"record_id": "oai:u-bordeaux-montaigne.fr:340416", "symbol_class": "building", "pixel_x": 4209.8, "pixel_y": 5241.7, "easting": 572826.9, "northing": 351138.8, "epsg_source": 22391}}, {"type": "Feature", "geometry": {"type": "Point", "coordinates": [10.72204, 36.45914]}, "properties": {"record_id": "oai:u-bordeaux-montaigne.fr:340416", "symbol_class": "building", "pixel_x": 4392.4, "pixel_y": 5243.5, "easting": 573610.6, "northing": 351072.4, "epsg_source": 22391}}, {"type": "Feature", "geometry": {"type": "Point", "coordinates": [10.57738, 36.46877]}, "properties": {"record_id": "oai:u-bordeaux-montaigne.fr:340416", "symbol_class": "building", "pixel_x": 1373.4, "pixel_y": 5244.8, "easting": 560640.5, "northing": 352040.9, "epsg_source": 22391}}, {"type": "Feature", "geometry": {"type": "Point", "coordinates": [10.75215, 36.45686]}, "properties": {"record_id": "oai:u-bordeaux-montaigne.fr:340416", "symbol_class": "building", "pixel_x": 5021.3, "pixel_y": 5250.0, "easting": 576310.4, "northing": 350843.1, "epsg_source": 22391}}, {"type": "Feature", "geometry": {"type": "Point", "coordinates": [10.70566, 36.46015]}, "properties": {"record_id": "oai:u-bordeaux-montaigne.fr:340416", "symbol_class": "building", "pixel_x": 4050.7, "pixel_y": 5246.1, "easting": 572141.9, "northing": 351171.9, "epsg_source": 22391}}, {"type": "Feature", "geometry": {"type": "Point", "coordinates": [10.68486, 36.46134]}, "properties": {"record_id": "oai:u-bordeaux-montaigne.fr:340416", "symbol_class": "building", "pixel_x": 3617.0, "pixel_y": 5251.6, "easting": 570276.9, "northing": 351289.3, "epsg_source": 22391}}, {"type": "Feature", "geometry": {"type": "Point", "coordinates": [10.72226, 36.45891]}, "properties": {"record_id": "oai:u-bordeaux-montaigne.fr:340416", "symbol_class": "building", "pixel_x": 4397.5, "pixel_y": 5249.3, "easting": 573630.6, "northing": 351047.2, "epsg_source": 22391}}, {"type": "Feature", "geometry": {"type": "Point", "coordinates": [10.74015, 36.45772]}, "properties": {"record_id": "oai:u-bordeaux-montaigne.fr:340416", "symbol_class": "building", "pixel_x": 4770.8, "pixel_y": 5248.9, "easting": 575234.4, "northing": 350928.4, "epsg_source": 22391}}, {"type": "Feature", "geometry": {"type": "Point", "coordinates": [10.71972, 36.45896]}, "properties": {"record_id": "oai:u-bordeaux-montaigne.fr:340416", "symbol_class": "building", "pixel_x": 4344.7, "pixel_y": 5252.5, "easting": 573403.1, "northing": 351050.8, "epsg_source": 22391}}, {"type": "Feature", "geometry": {"type": "Point", "coordinates": [10.84944, 36.45017]}, "properties": {"record_id": "oai:u-bordeaux-montaigne.fr:340416", "symbol_class": "building", "pixel_x": 7052.4, "pixel_y": 5251.6, "easting": 585035.8, "northing": 350181.4, "epsg_source": 22391}}, {"type": "Feature", "geometry": {"type": "Point", "coordinates": [10.70117, 36.46024]}, "properties": {"record_id": "oai:u-bordeaux-montaigne.fr:340416", "symbol_class": "building", "pixel_x": 3957.4, "pixel_y": 5251.8, "easting": 571739.1, "northing": 351178.8, "epsg_source": 22391}}, {"type": "Feature", "geometry": {"type": "Point", "coordinates": [10.72174, 36.45879]}, "properties": {"record_id": "oai:u-bordeaux-montaigne.fr:340416", "symbol_class": "building", "pixel_x": 4386.9, "pixel_y": 5253.4, "easting": 573583.8, "northing": 351033.8, "epsg_source": 22391}}, {"type": "Feature", "geometry": {"type": "Point", "coordinates": [10.71905, 36.45879]}, "properties": {"record_id": "oai:u-bordeaux-montaigne.fr:340416", "symbol_class": "building", "pixel_x": 4331.2, "pixel_y": 5258.2, "easting": 573343.0, "northing": 351031.9, "epsg_source": 22391}}, {"type": "Feature", "geometry": {"type": "Point", "coordinates": [10.72291, 36.4585]}, "properties": {"record_id": "oai:u-bordeaux-montaigne.fr:340416", "symbol_class": "building", "pixel_x": 4411.7, "pixel_y": 5259.2, "easting": 573688.6, "northing": 351001.8, "epsg_source": 22391}}, {"type": "Feature", "geometry": {"type": "Point", "coordinates": [10.73575, 36.45759]}, "properties": {"record_id": "oai:u-bordeaux-montaigne.fr:340416", "symbol_class": "building", "pixel_x": 4680.0, "pixel_y": 5260.3, "easting": 574840.7, "northing": 350910.7, "epsg_source": 22391}}, {"type": "Feature", "geometry": {"type": "Point", "coordinates": [10.71701, 36.45884]}, "properties": {"record_id": "oai:u-bordeaux-montaigne.fr:340416", "symbol_class": "building", "pixel_x": 4288.7, "pixel_y": 5260.8, "easting": 573159.5, "northing": 351034.9, "epsg_source": 22391}}, {"type": "Feature", "geometry": {"type": "Point", "coordinates": [10.72462, 36.45832]}, "properties": {"record_id": "oai:u-bordeaux-montaigne.fr:340416", "symbol_class": "building", "pixel_x": 4447.5, "pixel_y": 5260.9, "easting": 573842.1, "northing": 350983.5, "epsg_source": 22391}}, {"type": "Feature", "geometry": {"type": "Point", "coordinates": [10.71583, 36.45875]}, "properties": {"record_id": "oai:u-bordeaux-montaigne.fr:340416", "symbol_class": "building", "pixel_x": 4264.5, "pixel_y": 5265.4, "easting": 573054.3, "northing": 351024.1, "epsg_source": 22391}}, {"type": "Feature", "geometry": {"type": "Point", "coordinates": [10.72036, 36.45844]}, "properties": {"record_id": "oai:u-bordeaux-montaigne.fr:340416", "symbol_class": "building", "pixel_x": 4359.1, "pixel_y": 5265.4, "easting": 573460.6, "northing": 350993.3, "epsg_source": 22391}}, {"type": "Feature", "geometry": {"type": "Point", "coordinates": [10.72115, 36.45839]}, "properties": {"record_id": "oai:u-bordeaux-montaigne.fr:340416", "symbol_class": "building", "pixel_x": 4375.5, "pixel_y": 5265.3, "easting": 573531.2, "northing": 350988.6, "epsg_source": 22391}}, {"type": "Feature", "geometry": {"type": "Point", "coordinates": [10.737, 36.45713]}, "properties": {"record_id": "oai:u-bordeaux-montaigne.fr:340416", "symbol_class": "building", "pixel_x": 4706.8, "pixel_y": 5270.3, "easting": 574952.9, "northing": 350861.0, "epsg_source": 22391}}, {"type": "Feature", "geometry": {"type": "Point", "coordinates": [10.73629, 36.45713]}, "properties": {"record_id": "oai:u-bordeaux-montaigne.fr:340416", "symbol_class": "building", "pixel_x": 4692.1, "pixel_y": 5271.7, "easting": 574889.2, "northing": 350860.3, "epsg_source": 22391}}, {"type": "Feature", "geometry": {"type": "Point", "coordinates": [10.61678, 36.46513]}, "properties": {"record_id": "oai:u-bordeaux-montaigne.fr:340416", "symbol_class": "building", "pixel_x": 2197.8, "pixel_y": 5272.3, "easting": 564173.4, "northing": 351662.4, "epsg_source": 22391}}, {"type": "Feature", "geometry": {"type": "Point", "coordinates": [10.73794, 36.45695]}, "properties": {"record_id": "oai:u-bordeaux-montaigne.fr:340416", "symbol_class": "building", "pixel_x": 4726.7, "pixel_y": 5273.5, "easting": 575037.2, "northing": 350841.8, "epsg_source": 22391}}, {"type": "Feature", "geometry": {"type": "Point", "coordinates": [10.7211, 36.45797]}, "properties": {"record_id": "oai:u-bordeaux-montaigne.fr:340416", "symbol_class": "building", "pixel_x": 4375.5, "pixel_y": 5276.7, "easting": 573527.5, "northing": 350941.7, "epsg_source": 22391}}, {"type": "Feature", "geometry": {"type": "Point", "coordinates": [10.71722, 36.45821]}, "properties": {"record_id": "oai:u-bordeaux-montaigne.fr:340416", "symbol_class": "building", "pixel_x": 4294.5, "pixel_y": 5277.4, "easting": 573179.1, "northing": 350965.2, "epsg_source": 22391}}, {"type": "Feature", "geometry": {"type": "Point", "coordinates": [10.73954, 36.45641]}, "properties": {"record_id": "oai:u-bordeaux-montaigne.fr:340416", "symbol_class": "building", "pixel_x": 4761.1, "pixel_y": 5285.0, "easting": 575181.4, "northing": 350783.5, "epsg_source": 22391}}, {"type": "Feature", "geometry": {"type": "Point", "coordinates": [10.73717, 36.45663]}, "properties": {"record_id": "oai:u-bordeaux-montaigne.fr:340416", "symbol_class": "building", "pixel_x": 4711.4, "pixel_y": 5283.5, "easting": 574968.2, "northing": 350805.8, "epsg_source": 22391}}, {"type": "Feature", "geometry": {"type": "Point", "coordinates": [10.70741, 36.45851]}, "properties": {"record_id": "oai:u-bordeaux-montaigne.fr:340416", "symbol_class": "building", "pixel_x": 4090.6, "pixel_y": 5287.1, "easting": 572300.3, "northing": 350991.1, "epsg_source": 22391}}, {"type": "Feature", "geometry": {"type": "Point", "coordinates": [10.72434, 36.45744]}, "properties": {"record_id": "oai:u-bordeaux-montaigne.fr:340416", "symbol_class": "building", "pixel_x": 4443.6, "pixel_y": 5285.0, "easting": 573817.6, "northing": 350885.8, "epsg_source": 22391}}, {"type": "Feature", "geometry": {"type": "Point", "coordinates": [10.73552, 36.45664]}, "properties": {"record_id": "oai:u-bordeaux-montaigne.fr:340416", "symbol_class": "building", "pixel_x": 4677.3, "pixel_y": 5286.4, "easting": 574820.9, "northing": 350804.9, "epsg_source": 22391}}, {"type": "Feature", "geometry": {"type": "Point", "coordinates": [10.71709, 36.45777]}, "properties": {"record_id": "oai:u-bordeaux-montaigne.fr:340416", "symbol_class": "building", "pixel_x": 4292.8, "pixel_y": 5289.4, "easting": 573168.4, "northing": 350916.5, "epsg_source": 22391}}, {"type": "Feature", "geometry": {"type": "Point", "coordinates": [10.73998, 36.45626]}, "properties": {"record_id": "oai:u-bordeaux-montaigne.fr:340416", "symbol_class": "building", "pixel_x": 4770.6, "pixel_y": 5288.4, "easting": 575220.9, "northing": 350766.3, "epsg_source": 22391}}, {"type": "Feature", "geometry": {"type": "Point", "coordinates": [10.7389, 36.45621]}, "properties": {"record_id": "oai:u-bordeaux-montaigne.fr:340416", "symbol_class": "building", "pixel_x": 4748.2, "pixel_y": 5291.6, "easting": 575123.8, "northing": 350760.6, "epsg_source": 22391}}, {"type": "Feature", "geometry": {"type": "Point", "coordinates": [10.71402, 36.45764]}, "properties": {"record_id": "oai:u-bordeaux-montaigne.fr:340416", "symbol_class": "building", "pixel_x": 4229.5, "pixel_y": 5298.5, "easting": 572893.3, "northing": 350899.6, "epsg_source": 22391}}, {"type": "Feature", "geometry": {"type": "Point", "coordinates": [10.72518, 36.45674]}, "properties": {"record_id": "oai:u-bordeaux-montaigne.fr:340416", "symbol_class": "building", "pixel_x": 4462.7, "pixel_y": 5302.4, "easting": 573893.8, "northing": 350808.6, "epsg_source": 22391}}, {"type": "Feature", "geometry": {"type": "Point", "coordinates": [10.74154, 36.45557]}, "properties": {"record_id": "oai:u-bordeaux-montaigne.fr:340416", "symbol_class": "building", "pixel_x": 4804.3, "pixel_y": 5304.2, "easting": 575360.9, "northing": 350691.0, "epsg_source": 22391}}, {"type": "Feature", "geometry": {"type": "Point", "coordinates": [10.70612, 36.45802]}, "properties": {"record_id": "oai:u-bordeaux-montaigne.fr:340416", "symbol_class": "building", "pixel_x": 4064.9, "pixel_y": 5302.6, "easting": 572185.0, "northing": 350935.8, "epsg_source": 22391}}, {"type": "Feature", "geometry": {"type": "Point", "coordinates": [10.71976, 36.45706]}, "properties": {"record_id": "oai:u-bordeaux-montaigne.fr:340416", "symbol_class": "building", "pixel_x": 4349.7, "pixel_y": 5303.6, "easting": 573408.1, "northing": 350839.7, "epsg_source": 22391}}, {"type": "Feature", "geometry": {"type": "Point", "coordinates": [10.81611, 36.45052]}, "properties": {"record_id": "oai:u-bordeaux-montaigne.fr:340416", "symbol_class": "building", "pixel_x": 6360.9, "pixel_y": 5303.5, "easting": 582048.3, "northing": 350191.7, "epsg_source": 22391}}, {"type": "Feature", "geometry": {"type": "Point", "coordinates": [10.73942, 36.45556]}, "properties": {"record_id": "oai:u-bordeaux-montaigne.fr:340416", "symbol_class": "building", "pixel_x": 4760.5, "pixel_y": 5308.3, "easting": 575171.5, "northing": 350688.2, "epsg_source": 22391}}, {"type": "Feature", "geometry": {"type": "Point", "coordinates": [10.7355, 36.45576]}, "properties": {"record_id": "oai:u-bordeaux-montaigne.fr:340416", "symbol_class": "building", "pixel_x": 4678.7, "pixel_y": 5309.8, "easting": 574819.6, "northing": 350708.2, "epsg_source": 22391}}, {"type": "Feature", "geometry": {"type": "Point", "coordinates": [10.72524, 36.45615]}, "properties": {"record_id": "oai:u-bordeaux-montaigne.fr:340416", "symbol_class": "building", "pixel_x": 4465.2, "pixel_y": 5318.0, "easting": 573899.5, "northing": 350743.7, "epsg_source": 22391}}, {"type": "Feature", "geometry": {"type": "Point", "coordinates": [10.72595, 36.45589]}, "properties": {"record_id": "oai:u-bordeaux-montaigne.fr:340416", "symbol_class": "building", "pixel_x": 4480.5, "pixel_y": 5323.8, "easting": 573963.7, "northing": 350715.1, "epsg_source": 22391}}, {"type": "Feature", "geometry": {"type": "Point", "coordinates": [10.7203, 36.45612]}, "properties": {"record_id": "oai:u-bordeaux-montaigne.fr:340416", "symbol_class": "building", "pixel_x": 4363.0, "pixel_y": 5327.7, "easting": 573457.5, "northing": 350736.7, "epsg_source": 22391}}, {"type": "Feature", "geometry": {"type": "Point", "coordinates": [10.73566, 36.45514]}, "properties": {"record_id": "oai:u-bordeaux-montaigne.fr:340416", "symbol_class": "building", "pixel_x": 4683.3, "pixel_y": 5326.3, "easting": 574834.2, "northing": 350639.1, "epsg_source": 22391}}, {"type": "Feature", "geometry": {"type": "Point", "coordinates": [10.71827, 36.45615]}, "properties": {"record_id": "oai:u-bordeaux-montaigne.fr:340416", "symbol_class": "building", "pixel_x": 4320.9, "pixel_y": 5330.7, "easting": 573275.7, "northing": 350738.0, "epsg_source": 22391}}, {"type": "Feature", "geometry": {"type": "Point", "coordinates": [10.71149, 36.45628]}, "properties": {"record_id": "oai:u-bordeaux-montaigne.fr:340416", "symbol_class": "building", "pixel_x": 4180.1, "pixel_y": 5339.7, "easting": 572668.1, "northing": 350746.8, "epsg_source": 22391}}, {"type": "Feature", "geometry": {"type": "Point", "coordinates": [10.79278, 36.45077]}, "properties": {"record_id": "oai:u-bordeaux-montaigne.fr:340416", "symbol_class": "building", "pixel_x": 5876.8, "pixel_y": 5339.6, "easting": 579957.3, "northing": 350199.7, "epsg_source": 22391}}, {"type": "Feature", "geometry": {"type": "Point", "coordinates": [10.72071, 36.4555]}, "properties": {"record_id": "oai:u-bordeaux-montaigne.fr:340416", "symbol_class": "building", "pixel_x": 4372.8, "pixel_y": 5343.7, "easting": 573494.4, "northing": 350668.1, "epsg_source": 22391}}, {"type": "Feature", "geometry": {"type": "Point", "coordinates": [10.71103, 36.45607]}, "properties": {"record_id": "oai:u-bordeaux-montaigne.fr:340416", "symbol_class": "building", "pixel_x": 4170.9, "pixel_y": 5346.2, "easting": 572626.3, "northing": 350723.2, "epsg_source": 22391}}, {"type": "Feature", "geometry": {"type": "Point", "coordinates": [10.72854, 36.45465]}, "properties": {"record_id": "oai:u-bordeaux-montaigne.fr:340416", "symbol_class": "building", "pixel_x": 4537.1, "pixel_y": 5352.3, "easting": 574197.5, "northing": 350579.8, "epsg_source": 22391}}, {"type": "Feature", "geometry": {"type": "Point", "coordinates": [10.7177, 36.45535]}, "properties": {"record_id": "oai:u-bordeaux-montaigne.fr:340416", "symbol_class": "building", "pixel_x": 4310.8, "pixel_y": 5353.3, "easting": 573225.3, "northing": 350648.7, "epsg_source": 22391}}, {"type": "Feature", "geometry": {"type": "Point", "coordinates": [10.72585, 36.45474]}, "properties": {"record_id": "oai:u-bordeaux-montaigne.fr:340416", "symbol_class": "building", "pixel_x": 4480.9, "pixel_y": 5354.9, "easting": 573955.5, "northing": 350587.4, "epsg_source": 22391}}, {"type": "Feature", "geometry": {"type": "Point", "coordinates": [10.72283, 36.45489]}, "properties": {"record_id": "oai:u-bordeaux-montaigne.fr:340416", "symbol_class": "building", "pixel_x": 4418.1, "pixel_y": 5356.3, "easting": 573685.3, "northing": 350601.8, "epsg_source": 22391}}, {"type": "Feature", "geometry": {"type": "Point", "coordinates": [10.72376, 36.45479]}, "properties": {"record_id": "oai:u-bordeaux-montaigne.fr:340416", "symbol_class": "building", "pixel_x": 4437.6, "pixel_y": 5357.3, "easting": 573768.7, "northing": 350591.6, "epsg_source": 22391}}, {"type": "Feature", "geometry": {"type": "Point", "coordinates": [10.7209, 36.45497]}, "properties": {"record_id": "oai:u-bordeaux-montaigne.fr:340416", "symbol_class": "building", "pixel_x": 4377.8, "pixel_y": 5357.7, "easting": 573511.7, "northing": 350609.2, "epsg_source": 22391}}, {"type": "Feature", "geometry": {"type": "Point", "coordinates": [10.71919, 36.45457]}, "properties": {"record_id": "oai:u-bordeaux-montaigne.fr:340416", "symbol_class": "building", "pixel_x": 4343.4, "pixel_y": 5371.7, "easting": 573359.1, "northing": 350563.0, "epsg_source": 22391}}, {"type": "Feature", "geometry": {"type": "Point", "coordinates": [10.7216, 36.45423]}, "properties": {"record_id": "oai:u-bordeaux-montaigne.fr:340416", "symbol_class": "building", "pixel_x": 4394.0, "pixel_y": 5376.4, "easting": 573575.2, "northing": 350527.4, "epsg_source": 22391}}, {"type": "Feature", "geometry": {"type": "Point", "coordinates": [10.62261, 36.46087]}, "properties": {"record_id": "oai:u-bordeaux-montaigne.fr:340416", "symbol_class": "building", "pixel_x": 2328.0, "pixel_y": 5376.5, "easting": 564699.5, "northing": 351193.2, "epsg_source": 22391}}, {"type": "Feature", "geometry": {"type": "Point", "coordinates": [10.71863, 36.45425]}, "properties": {"record_id": "oai:u-bordeaux-montaigne.fr:340416", "symbol_class": "building", "pixel_x": 4332.5, "pixel_y": 5381.3, "easting": 573309.2, "northing": 350527.2, "epsg_source": 22391}}, {"type": "Feature", "geometry": {"type": "Point", "coordinates": [10.71926, 36.45418]}, "properties": {"record_id": "oai:u-bordeaux-montaigne.fr:340416", "symbol_class": "building", "pixel_x": 4345.7, "pixel_y": 5381.8, "easting": 573365.9, "northing": 350520.5, "epsg_source": 22391}}, {"type": "Feature", "geometry": {"type": "Point", "coordinates": [10.74293, 36.4526]}, "properties": {"record_id": "oai:u-bordeaux-montaigne.fr:340416", "symbol_class": "building", "pixel_x": 4839.7, "pixel_y": 5381.3, "easting": 575488.5, "northing": 350363.3, "epsg_source": 22391}}, {"type": "Feature", "geometry": {"type": "Point", "coordinates": [10.72763, 36.45355]}, "properties": {"record_id": "oai:u-bordeaux-montaigne.fr:340416", "symbol_class": "building", "pixel_x": 4520.5, "pixel_y": 5383.7, "easting": 574116.1, "northing": 350456.4, "epsg_source": 22391}}, {"type": "Feature", "geometry": {"type": "Point", "coordinates": [10.91628, 36.44065]}, "properties": {"record_id": "oai:u-bordeaux-montaigne.fr:340416", "symbol_class": "building", "pixel_x": 8459.0, "pixel_y": 5383.8, "easting": 591036.3, "northing": 349185.8, "epsg_source": 22391}}, {"type": "Feature", "geometry": {"type": "Point", "coordinates": [10.72591, 36.45352]}, "properties": {"record_id": "oai:u-bordeaux-montaigne.fr:340416", "symbol_class": "building", "pixel_x": 4485.1, "pixel_y": 5387.6, "easting": 573962.8, "northing": 350451.9, "epsg_source": 22391}}, {"type": "Feature", "geometry": {"type": "Point", "coordinates": [10.74308, 36.45242]}, "properties": {"record_id": "oai:u-bordeaux-montaigne.fr:340416", "symbol_class": "building", "pixel_x": 4843.2, "pixel_y": 5385.8, "easting": 575502.2, "northing": 350343.7, "epsg_source": 22391}}, {"type": "Feature", "geometry": {"type": "Point", "coordinates": [10.60601, 36.46152]}, "properties": {"record_id": "oai:u-bordeaux-montaigne.fr:340416", "symbol_class": "building", "pixel_x": 1982.6, "pixel_y": 5388.7, "easting": 563211.5, "northing": 351254.8, "epsg_source": 22391}}, {"type": "Feature", "geometry": {"type": "Point", "coordinates": [10.72018, 36.45383]}, "properties": {"record_id": "oai:u-bordeaux-montaigne.fr:340416", "symbol_class": "building", "pixel_x": 4365.4, "pixel_y": 5389.6, "easting": 573448.2, "northing": 350482.3, "epsg_source": 22391}}, {"type": "Feature", "geometry": {"type": "Point", "coordinates": [10.7272, 36.4532]}, "properties": {"record_id": "oai:u-bordeaux-montaigne.fr:340416", "symbol_class": "building", "pixel_x": 4512.4, "pixel_y": 5393.8, "easting": 574078.4, "northing": 350417.9, "epsg_source": 22391}}, {"type": "Feature", "geometry": {"type": "Point", "coordinates": [10.76206, 36.45099]}, "properties": {"record_id": "oai:u-bordeaux-montaigne.fr:340416", "symbol_class": "building", "pixel_x": 5239.9, "pixel_y": 5389.9, "easting": 577204.8, "northing": 350199.2, "epsg_source": 22391}}, {"type": "Feature", "geometry": {"type": "Point", "coordinates": [10.69884, 36.45505]}, "properties": {"record_id": "oai:u-bordeaux-montaigne.fr:340416", "symbol_class": "building", "pixel_x": 3920.6, "pixel_y": 5395.6, "easting": 571535.1, "northing": 350601.3, "epsg_source": 22391}}, {"type": "Feature", "geometry": {"type": "Point", "coordinates": [10.72319, 36.4535]}, "properties": {"record_id": "oai:u-bordeaux-montaigne.fr:340416", "symbol_class": "building", "pixel_x": 4428.8, "pixel_y": 5393.2, "easting": 573719.1, "northing": 350447.3, "epsg_source": 22391}}, {"type": "Feature", "geometry": {"type": "Point", "coordinates": [10.75542, 36.45108]}, "properties": {"record_id": "oai:u-bordeaux-montaigne.fr:340416", "symbol_class": "building", "pixel_x": 5101.9, "pixel_y": 5399.6, "easting": 576608.8, "northing": 350203.8, "epsg_source": 22391}}, {"type": "Feature", "geometry": {"type": "Point", "coordinates": [10.75613, 36.45105]}, "properties": {"record_id": "oai:u-bordeaux-montaigne.fr:340416", "symbol_class": "building", "pixel_x": 5116.7, "pixel_y": 5399.1, "easting": 576672.5, "northing": 350201.1, "epsg_source": 22391}}, {"type": "Feature", "geometry": {"type": "Point", "coordinates": [10.90374, 36.44078]}, "properties": {"record_id": "oai:u-bordeaux-montaigne.fr:340416", "symbol_class": "building", "pixel_x": 8198.9, "pixel_y": 5403.8, "easting": 589912.4, "northing": 349187.9, "epsg_source": 22391}}, {"type": "Feature", "geometry": {"type": "Point", "coordinates": [10.74372, 36.45143]}, "properties": {"record_id": "oai:u-bordeaux-montaigne.fr:340416", "symbol_class": "building", "pixel_x": 4858.8, "pixel_y": 5411.4, "easting": 575560.7, "northing": 350234.0, "epsg_source": 22391}}, {"type": "Feature", "geometry": {"type": "Point", "coordinates": [10.72129, 36.45282]}, "properties": {"record_id": "oai:u-bordeaux-montaigne.fr:340416", "symbol_class": "building", "pixel_x": 4390.8, "pixel_y": 5414.8, "easting": 573549.3, "northing": 350370.7, "epsg_source": 22391}}, {"type": "Feature", "geometry": {"type": "Point", "coordinates": [10.89465, 36.44088]}, "properties": {"record_id": "oai:u-bordeaux-montaigne.fr:340416", "symbol_class": "building", "pixel_x": 8010.4, "pixel_y": 5417.7, "easting": 589098.0, "northing": 349191.5, "epsg_source": 22391}}, {"type": "Feature", "geometry": {"type": "Point", "coordinates": [10.89405, 36.44086]}, "properties": {"record_id": "oai:u-bordeaux-montaigne.fr:340416", "symbol_class": "building", "pixel_x": 7997.8, "pixel_y": 5419.4, "easting": 589043.5, "northing": 349188.7, "epsg_source": 22391}}, {"type": "Feature", "geometry": {"type": "Point", "coordinates": [10.72836, 36.4521]}, "properties": {"record_id": "oai:u-bordeaux-montaigne.fr:340416", "symbol_class": "building", "pixel_x": 4539.0, "pixel_y": 5421.4, "easting": 574183.7, "northing": 350296.1, "epsg_source": 22391}}, {"type": "Feature", "geometry": {"type": "Point", "coordinates": [10.59463, 36.46104]}, "properties": {"record_id": "oai:u-bordeaux-montaigne.fr:340416", "symbol_class": "building", "pixel_x": 1747.7, "pixel_y": 5421.9, "easting": 562192.0, "northing": 351194.3, "epsg_source": 22391}}, {"type": "Feature", "geometry": {"type": "Point", "coordinates": [10.71853, 36.45249]}, "properties": {"record_id": "oai:u-bordeaux-montaigne.fr:340416", "symbol_class": "building", "pixel_x": 4334.4, "pixel_y": 5428.7, "easting": 573302.4, "northing": 350332.3, "epsg_source": 22391}}, {"type": "Feature", "geometry": {"type": "Point", "coordinates": [10.73931, 36.45122]}, "properties": {"record_id": "oai:u-bordeaux-montaigne.fr:340416", "symbol_class": "building", "pixel_x": 4767.8, "pixel_y": 5425.1, "easting": 575165.3, "northing": 350207.0, "epsg_source": 22391}}, {"type": "Feature", "geometry": {"type": "Point", "coordinates": [10.74002, 36.45118]}, "properties": {"record_id": "oai:u-bordeaux-montaigne.fr:340416", "symbol_class": "building", "pixel_x": 4782.6, "pixel_y": 5424.8, "easting": 575229.2, "northing": 350203.7, "epsg_source": 22391}}, {"type": "Feature", "geometry": {"type": "Point", "coordinates": [10.8883, 36.4409]}, "properties": {"record_id": "oai:u-bordeaux-montaigne.fr:340416", "symbol_class": "building", "pixel_x": 7878.6, "pixel_y": 5429.0, "easting": 588528.3, "northing": 349187.7, "epsg_source": 22391}}, {"type": "Feature", "geometry": {"type": "Point", "coordinates": [10.73658, 36.45122]}, "properties": {"record_id": "oai:u-bordeaux-montaigne.fr:340416", "symbol_class": "building", "pixel_x": 4711.1, "pixel_y": 5430.0, "easting": 574920.5, "northing": 350205.4, "epsg_source": 22391}}, {"type": "Feature", "geometry": {"type": "Point", "coordinates": [10.74747, 36.45031]}, "properties": {"record_id": "oai:u-bordeaux-montaigne.fr:340416", "symbol_class": "building", "pixel_x": 4938.9, "pixel_y": 5434.7, "easting": 575897.2, "northing": 350112.4, "epsg_source": 22391}}, {"type": "Feature", "geometry": {"type": "Point", "coordinates": [10.73555, 36.45123]}, "properties": {"record_id": "oai:u-bordeaux-montaigne.fr:340416", "symbol_class": "building", "pixel_x": 4689.8, "pixel_y": 5431.6, "easting": 574828.2, "northing": 350205.5, "epsg_source": 22391}}, {"type": "Feature", "geometry": {"type": "Point", "coordinates": [10.58618, 36.4611]}, "properties": {"record_id": "oai:u-bordeaux-montaigne.fr:340416", "symbol_class": "building", "pixel_x": 1572.5, "pixel_y": 5435.4, "easting": 561435.2, "northing": 351195.3, "epsg_source": 22391}}, {"type": "Feature", "geometry": {"type": "Point", "coordinates": [10.71898, 36.45212]}, "properties": {"record_id": "oai:u-bordeaux-montaigne.fr:340416", "symbol_class": "building", "pixel_x": 4344.4, "pixel_y": 5437.9, "easting": 573342.4, "northing": 350291.0, "epsg_source": 22391}}, {"type": "Feature", "geometry": {"type": "Point", "coordinates": [10.73061, 36.45128]}, "properties": {"record_id": "oai:u-bordeaux-montaigne.fr:340416", "symbol_class": "building", "pixel_x": 4587.4, "pixel_y": 5439.2, "easting": 574385.7, "northing": 350207.3, "epsg_source": 22391}}, {"type": "Feature", "geometry": {"type": "Point", "coordinates": [10.72915, 36.45131]}, "properties": {"record_id": "oai:u-bordeaux-montaigne.fr:340416", "symbol_class": "building", "pixel_x": 4557.1, "pixel_y": 5441.3, "easting": 574255.0, "northing": 350208.8, "epsg_source": 22391}}, {"type": "Feature", "geometry": {"type": "Point", "coordinates": [10.72814, 36.4513]}, "properties": {"record_id": "oai:u-bordeaux-montaigne.fr:340416", "symbol_class": "building", "pixel_x": 4536.0, "pixel_y": 5443.3, "easting": 574164.0, "northing": 350207.3, "epsg_source": 22391}}, {"type": "Feature", "geometry": {"type": "Point", "coordinates": [10.58077, 36.46114]}, "properties": {"record_id": "oai:u-bordeaux-montaigne.fr:340416", "symbol_class": "building", "pixel_x": 1460.3, "pixel_y": 5443.9, "easting": 560950.4, "northing": 351196.9, "epsg_source": 22391}}, {"type": "Feature", "geometry": {"type": "Point", "coordinates": [10.72592, 36.45129]}, "properties": {"record_id": "oai:u-bordeaux-montaigne.fr:340416", "symbol_class": "building", "pixel_x": 4490.2, "pixel_y": 5447.5, "easting": 573965.9, "northing": 350204.7, "epsg_source": 22391}}, {"type": "Feature", "geometry": {"type": "Point", "coordinates": [10.57783, 36.46114]}, "properties": {"record_id": "oai:u-bordeaux-montaigne.fr:340416", "symbol_class": "building", "pixel_x": 1399.3, "pixel_y": 5449.1, "easting": 560686.5, "northing": 351195.4, "epsg_source": 22391}}, {"type": "Feature", "geometry": {"type": "Point", "coordinates": [10.58165, 36.46088]}, "properties": {"record_id": "oai:u-bordeaux-montaigne.fr:340416", "symbol_class": "building", "pixel_x": 1479.1, "pixel_y": 5449.3, "easting": 561029.2, "northing": 351168.6, "epsg_source": 22391}}, {"type": "Feature", "geometry": {"type": "Point", "coordinates": [10.57663, 36.46117]}, "properties": {"record_id": "oai:u-bordeaux-montaigne.fr:340416", "symbol_class": "building", "pixel_x": 1374.5, "pixel_y": 5450.5, "easting": 560579.6, "northing": 351197.5, "epsg_source": 22391}}, {"type": "Feature", "geometry": {"type": "Point", "coordinates": [10.72511, 36.45109]}, "properties": {"record_id": "oai:u-bordeaux-montaigne.fr:340416", "symbol_class": "building", "pixel_x": 4473.7, "pixel_y": 5454.3, "easting": 573892.7, "northing": 350182.2, "epsg_source": 22391}}, {"type": "Feature", "geometry": {"type": "Point", "coordinates": [10.75554, 36.44908]}, "properties": {"record_id": "oai:u-bordeaux-montaigne.fr:340416", "symbol_class": "building", "pixel_x": 5108.9, "pixel_y": 5453.2, "easting": 576621.9, "northing": 349981.9, "epsg_source": 22391}}, {"type": "Feature", "geometry": {"type": "Point", "coordinates": [10.57389, 36.46122]}, "properties": {"record_id": "oai:u-bordeaux-montaigne.fr:340416", "symbol_class": "building", "pixel_x": 1317.5, "pixel_y": 5454.1, "easting": 560333.5, "northing": 351201.0, "epsg_source": 22391}}, {"type": "Feature", "geometry": {"type": "Point", "coordinates": [10.58256, 36.46066]}, "properties": {"record_id": "oai:u-bordeaux-montaigne.fr:340416", "symbol_class": "building", "pixel_x": 1498.4, "pixel_y": 5453.7, "easting": 561110.6, "northing": 351144.4, "epsg_source": 22391}}, {"type": "Feature", "geometry": {"type": "Point", "coordinates": [10.57297, 36.46119]}, "properties": {"record_id": "oai:u-bordeaux-montaigne.fr:340416", "symbol_class": "building", "pixel_x": 1298.5, "pixel_y": 5456.6, "easting": 560251.1, "northing": 351197.2, "epsg_source": 22391}}, {"type": "Feature", "geometry": {"type": "Point", "coordinates": [10.71861, 36.45142]}, "properties": {"record_id": "oai:u-bordeaux-montaigne.fr:340416", "symbol_class": "building", "pixel_x": 4338.3, "pixel_y": 5457.4, "easting": 573310.1, "northing": 350213.4, "epsg_source": 22391}}, {"type": "Feature", "geometry": {"type": "Point", "coordinates": [10.71972, 36.45137]}, "properties": {"record_id": "oai:u-bordeaux-montaigne.fr:340416", "symbol_class": "building", "pixel_x": 4361.5, "pixel_y": 5456.6, "easting": 573410.1, "northing": 350208.9, "epsg_source": 22391}}, {"type": "Feature", "geometry": {"type": "Point", "coordinates": [10.71961, 36.45105]}, "properties": {"record_id": "oai:u-bordeaux-montaigne.fr:340416", "symbol_class": "building", "pixel_x": 4360.0, "pixel_y": 5465.5, "easting": 573400.5, "northing": 350172.9, "epsg_source": 22391}}, {"type": "Feature", "geometry": {"type": "Point", "coordinates": [10.71399, 36.45141]}, "properties": {"record_id": "oai:u-bordeaux-montaigne.fr:340416", "symbol_class": "building", "pixel_x": 4242.6, "pixel_y": 5465.9, "easting": 572896.4, "northing": 350209.5, "epsg_source": 22391}}, {"type": "Feature", "geometry": {"type": "Point", "coordinates": [10.71136, 36.45144]}, "properties": {"record_id": "oai:u-bordeaux-montaigne.fr:340416", "symbol_class": "building", "pixel_x": 4188.1, "pixel_y": 5469.9, "easting": 572660.6, "northing": 350210.3, "epsg_source": 22391}}, {"type": "Feature", "geometry": {"type": "Point", "coordinates": [10.74522, 36.44905]}, "properties": {"record_id": "oai:u-bordeaux-montaigne.fr:340416", "symbol_class": "building", "pixel_x": 4895.2, "pixel_y": 5472.8, "easting": 575697.5, "northing": 349970.5, "epsg_source": 22391}}, {"type": "Feature", "geometry": {"type": "Point", "coordinates": [10.60793, 36.4581]}, "properties": {"record_id": "oai:u-bordeaux-montaigne.fr:340416", "symbol_class": "building", "pixel_x": 2029.8, "pixel_y": 5477.1, "easting": 563386.2, "northing": 350877.0, "epsg_source": 22391}}, {"type": "Feature", "geometry": {"type": "Point", "coordinates": [10.74539, 36.44874]}, "properties": {"record_id": "oai:u-bordeaux-montaigne.fr:340416", "symbol_class": "building", "pixel_x": 4899.3, "pixel_y": 5480.7, "easting": 575712.6, "northing": 349936.8, "epsg_source": 22391}}, {"type": "Feature", "geometry": {"type": "Point", "coordinates": [10.7536, 36.44805]}, "properties": {"record_id": "oai:u-bordeaux-montaigne.fr:340416", "symbol_class": "building", "pixel_x": 5070.9, "pixel_y": 5484.4, "easting": 576448.8, "northing": 349866.3, "epsg_source": 22391}}, {"type": "Feature", "geometry": {"type": "Point", "coordinates": [10.72742, 36.44974]}, "properties": {"record_id": "oai:u-bordeaux-montaigne.fr:340416", "symbol_class": "building", "pixel_x": 4524.7, "pixel_y": 5486.6, "easting": 574101.3, "northing": 350033.4, "epsg_source": 22391}}, {"type": "Feature", "geometry": {"type": "Point", "coordinates": [10.75199, 36.44793]}, "properties": {"record_id": "oai:u-bordeaux-montaigne.fr:340416", "symbol_class": "building", "pixel_x": 5037.9, "pixel_y": 5490.6, "easting": 576304.8, "northing": 349851.5, "epsg_source": 22391}}, {"type": "Feature", "geometry": {"type": "Point", "coordinates": [10.66964, 36.45354]}, "properties": {"record_id": "oai:u-bordeaux-montaigne.fr:340416", "symbol_class": "building", "pixel_x": 3318.8, "pixel_y": 5489.0, "easting": 568920.2, "northing": 350412.6, "epsg_source": 22391}}, {"type": "Feature", "geometry": {"type": "Point", "coordinates": [10.71317, 36.45054]}, "properties": {"record_id": "oai:u-bordeaux-montaigne.fr:340416", "symbol_class": "building", "pixel_x": 4227.6, "pixel_y": 5490.8, "easting": 572823.6, "northing": 350111.9, "epsg_source": 22391}}, {"type": "Feature", "geometry": {"type": "Point", "coordinates": [10.75267, 36.44775]}, "properties": {"record_id": "oai:u-bordeaux-montaigne.fr:340416", "symbol_class": "building", "pixel_x": 5052.5, "pixel_y": 5494.2, "easting": 576366.4, "northing": 349832.2, "epsg_source": 22391}}, {"type": "Feature", "geometry": {"type": "Point", "coordinates": [10.74974, 36.44761]}, "properties": {"record_id": "oai:u-bordeaux-montaigne.fr:340416", "symbol_class": "building", "pixel_x": 4992.0, "pixel_y": 5503.2, "easting": 576103.6, "northing": 349814.7, "epsg_source": 22391}}, {"type": "Feature", "geometry": {"type": "Point", "coordinates": [10.68004, 36.45253]}, "properties": {"record_id": "oai:u-bordeaux-montaigne.fr:340416", "symbol_class": "building", "pixel_x": 3536.6, "pixel_y": 5497.3, "easting": 569853.1, "northing": 350308.2, "epsg_source": 22391}}, {"type": "Feature", "geometry": {"type": "Point", "coordinates": [10.67945, 36.45253]}, "properties": {"record_id": "oai:u-bordeaux-montaigne.fr:340416", "symbol_class": "building", "pixel_x": 3524.2, "pixel_y": 5498.3, "easting": 569799.7, "northing": 350308.1, "epsg_source": 22391}}, {"type": "Feature", "geometry": {"type": "Point", "coordinates": [10.69246, 36.45162]}, "properties": {"record_id": "oai:u-bordeaux-montaigne.fr:340416", "symbol_class": "building", "pixel_x": 3796.0, "pixel_y": 5499.5, "easting": 570966.7, "northing": 350215.8, "epsg_source": 22391}}, {"type": "Feature", "geometry": {"type": "Point", "coordinates": [10.75142, 36.44753]}, "properties": {"record_id": "oai:u-bordeaux-montaigne.fr:340416", "symbol_class": "building", "pixel_x": 5027.0, "pixel_y": 5502.3, "easting": 576254.2, "northing": 349807.3, "epsg_source": 22391}}, {"type": "Feature", "geometry": {"type": "Point", "coordinates": [10.75262, 36.44725]}, "properties": {"record_id": "oai:u-bordeaux-montaigne.fr:340416", "symbol_class": "building", "pixel_x": 5052.5, "pixel_y": 5507.6, "easting": 576362.2, "northing": 349777.1, "epsg_source": 22391}}, {"type": "Feature", "geometry": {"type": "Point", "coordinates": [10.67104, 36.45274]}, "properties": {"record_id": "oai:u-bordeaux-montaigne.fr:340416", "symbol_class": "building", "pixel_x": 3349.6, "pixel_y": 5507.9, "easting": 569046.3, "northing": 350325.2, "epsg_source": 22391}}, {"type": "Feature", "geometry": {"type": "Point", "coordinates": [10.71485, 36.44978]}, "properties": {"record_id": "oai:u-bordeaux-montaigne.fr:340416", "symbol_class": "building", "pixel_x": 4264.0, "pixel_y": 5508.3, "easting": 572974.4, "northing": 350028.6, "epsg_source": 22391}}, {"type": "Feature", "geometry": {"type": "Point", "coordinates": [10.68644, 36.45167]}, "properties": {"record_id": "oai:u-bordeaux-montaigne.fr:340416", "symbol_class": "building", "pixel_x": 3671.0, "pixel_y": 5508.8, "easting": 570426.8, "northing": 350217.8, "epsg_source": 22391}}, {"type": "Feature", "geometry": {"type": "Point", "coordinates": [10.74799, 36.44715]}, "properties": {"record_id": "oai:u-bordeaux-montaigne.fr:340416", "symbol_class": "building", "pixel_x": 4956.6, "pixel_y": 5518.7, "easting": 575946.8, "northing": 349762.6, "epsg_source": 22391}}, {"type": "Feature", "geometry": {"type": "Point", "coordinates": [10.75049, 36.44707]}, "properties": {"record_id": "oai:u-bordeaux-montaigne.fr:340416", "symbol_class": "building", "pixel_x": 5008.7, "pixel_y": 5516.3, "easting": 576171.2, "northing": 349755.6, "epsg_source": 22391}}, {"type": "Feature", "geometry": {"type": "Point", "coordinates": [10.74568, 36.44727]}, "properties": {"record_id": "oai:u-bordeaux-montaigne.fr:340416", "symbol_class": "building", "pixel_x": 4908.7, "pixel_y": 5519.8, "easting": 575740.4, "northing": 349773.6, "epsg_source": 22391}}, {"type": "Feature", "geometry": {"type": "Point", "coordinates": [10.59472, 36.45739]}, "properties": {"record_id": "oai:u-bordeaux-montaigne.fr:340416", "symbol_class": "building", "pixel_x": 1757.6, "pixel_y": 5519.9, "easting": 562203.1, "northing": 350789.7, "epsg_source": 22391}}, {"type": "Feature", "geometry": {"type": "Point", "coordinates": [10.74703, 36.44706]}, "properties": {"record_id": "oai:u-bordeaux-montaigne.fr:340416", "symbol_class": "building", "pixel_x": 4937.0, "pixel_y": 5523.0, "easting": 575861.2, "northing": 349751.3, "epsg_source": 22391}}, {"type": "Feature", "geometry": {"type": "Point", "coordinates": [10.7442, 36.4472]}, "properties": {"record_id": "oai:u-bordeaux-montaigne.fr:340416", "symbol_class": "building", "pixel_x": 4878.1, "pixel_y": 5524.2, "easting": 575607.5, "northing": 349765.4, "epsg_source": 22391}}, {"type": "Feature", "geometry": {"type": "Point", "coordinates": [10.74518, 36.44694]}, "properties": {"record_id": "oai:u-bordeaux-montaigne.fr:340416", "symbol_class": "building", "pixel_x": 4899.0, "pixel_y": 5529.6, "easting": 575695.6, "northing": 349736.7, "epsg_source": 22391}}, {"type": "Feature", "geometry": {"type": "Point", "coordinates": [10.67622, 36.45175]}, "properties": {"record_id": "oai:u-bordeaux-montaigne.fr:340416", "symbol_class": "building", "pixel_x": 3459.1, "pixel_y": 5525.2, "easting": 569511.4, "northing": 350218.8, "epsg_source": 22391}}, {"type": "Feature", "geometry": {"type": "Point", "coordinates": [10.68104, 36.45128]}, "properties": {"record_id": "oai:u-bordeaux-montaigne.fr:340416", "symbol_class": "building", "pixel_x": 3560.0, "pixel_y": 5529.0, "easting": 569943.5, "northing": 350170.9, "epsg_source": 22391}}, {"type": "Feature", "geometry": {"type": "Point", "coordinates": [10.72366, 36.44832]}, "properties": {"record_id": "oai:u-bordeaux-montaigne.fr:340416", "symbol_class": "building", "pixel_x": 4449.8, "pixel_y": 5531.6, "easting": 573765.5, "northing": 349873.1, "epsg_source": 22391}}, {"type": "Feature", "geometry": {"type": "Point", "coordinates": [10.7457, 36.44669]}, "properties": {"record_id": "oai:u-bordeaux-montaigne.fr:340416", "symbol_class": "building", "pixel_x": 4910.2, "pixel_y": 5535.2, "easting": 575742.0, "northing": 349710.1, "epsg_source": 22391}}, {"type": "Feature", "geometry": {"type": "Point", "coordinates": [10.6697, 36.45184]}, "properties": {"record_id": "oai:u-bordeaux-montaigne.fr:340416", "symbol_class": "building", "pixel_x": 3323.7, "pixel_y": 5534.5, "easting": 568926.7, "northing": 350224.4, "epsg_source": 22391}}, {"type": "Feature", "geometry": {"type": "Point", "coordinates": [10.66817, 36.45184]}, "properties": {"record_id": "oai:u-bordeaux-montaigne.fr:340416", "symbol_class": "building", "pixel_x": 3292.1, "pixel_y": 5537.2, "easting": 568789.9, "northing": 350223.6, "epsg_source": 22391}}, {"type": "Feature", "geometry": {"type": "Point", "coordinates": [10.71923, 36.44809]}, "properties": {"record_id": "oai:u-bordeaux-montaigne.fr:340416", "symbol_class": "building", "pixel_x": 4358.6, "pixel_y": 5545.7, "easting": 573369.1, "northing": 349844.9, "epsg_source": 22391}}, {"type": "Feature", "geometry": {"type": "Point", "coordinates": [10.74275, 36.44656]}, "properties": {"record_id": "oai:u-bordeaux-montaigne.fr:340416", "symbol_class": "building", "pixel_x": 4849.4, "pixel_y": 5544.2, "easting": 575477.9, "northing": 349692.5, "epsg_source": 22391}}, {"type": "Feature", "geometry": {"type": "Point", "coordinates": [10.71564, 36.44825]}, "properties": {"record_id": "oai:u-bordeaux-montaigne.fr:340416", "symbol_class": "building", "pixel_x": 4283.8, "pixel_y": 5548.0, "easting": 573046.8, "northing": 349859.4, "epsg_source": 22391}}, {"type": "Feature", "geometry": {"type": "Point", "coordinates": [10.66007, 36.45188]}, "properties": {"record_id": "oai:u-bordeaux-montaigne.fr:340416", "symbol_class": "building", "pixel_x": 3124.1, "pixel_y": 5550.7, "easting": 568063.9, "northing": 350222.6, "epsg_source": 22391}}, {"type": "Feature", "geometry": {"type": "Point", "coordinates": [10.65888, 36.45189]}, "properties": {"record_id": "oai:u-bordeaux-montaigne.fr:340416", "symbol_class": "building", "pixel_x": 3099.5, "pixel_y": 5552.8, "easting": 567957.5, "northing": 350221.8, "epsg_source": 22391}}, {"type": "Feature", "geometry": {"type": "Point", "coordinates": [10.6559, 36.4519]}, "properties": {"record_id": "oai:u-bordeaux-montaigne.fr:340416", "symbol_class": "building", "pixel_x": 3037.6, "pixel_y": 5557.8, "easting": 567690.2, "northing": 350221.5, "epsg_source": 22391}}, {"type": "Feature", "geometry": {"type": "Point", "coordinates": [10.71853, 36.44762]}, "properties": {"record_id": "oai:u-bordeaux-montaigne.fr:340416", "symbol_class": "building", "pixel_x": 4345.1, "pixel_y": 5559.7, "easting": 573306.6, "northing": 349791.6, "epsg_source": 22391}}, {"type": "Feature", "geometry": {"type": "Point", "coordinates": [10.6553, 36.45192]}, "properties": {"record_id": "oai:u-bordeaux-montaigne.fr:340416", "symbol_class": "building", "pixel_x": 3025.2, "pixel_y": 5558.4, "easting": 567636.7, "northing": 350222.9, "epsg_source": 22391}}, {"type": "Feature", "geometry": {"type": "Point", "coordinates": [10.65421, 36.4519]}, "properties": {"record_id": "oai:u-bordeaux-montaigne.fr:340416", "symbol_class": "building", "pixel_x": 3002.5, "pixel_y": 5560.7, "easting": 567538.3, "northing": 350220.7, "epsg_source": 22391}}, {"type": "Feature", "geometry": {"type": "Point", "coordinates": [10.65242, 36.45192]}, "properties": {"record_id": "oai:u-bordeaux-montaigne.fr:340416", "symbol_class": "building", "pixel_x": 2965.5, "pixel_y": 5563.4, "easting": 567378.6, "northing": 350221.7, "epsg_source": 22391}}, {"type": "Feature", "geometry": {"type": "Point", "coordinates": [10.64996, 36.45194]}, "properties": {"record_id": "oai:u-bordeaux-montaigne.fr:340416", "symbol_class": "building", "pixel_x": 2914.4, "pixel_y": 5567.4, "easting": 567157.7, "northing": 350221.6, "epsg_source": 22391}}, {"type": "Feature", "geometry": {"type": "Point", "coordinates": [10.64855, 36.45196]}, "properties": {"record_id": "oai:u-bordeaux-montaigne.fr:340416", "symbol_class": "building", "pixel_x": 2885.2, "pixel_y": 5569.3, "easting": 567031.7, "northing": 350223.4, "epsg_source": 22391}}, {"type": "Feature", "geometry": {"type": "Point", "coordinates": [10.71743, 36.4472]}, "properties": {"record_id": "oai:u-bordeaux-montaigne.fr:340416", "symbol_class": "building", "pixel_x": 4323.2, "pixel_y": 5573.0, "easting": 573208.3, "northing": 349744.4, "epsg_source": 22391}}, {"type": "Feature", "geometry": {"type": "Point", "coordinates": [10.71472, 36.44735]}, "properties": {"record_id": "oai:u-bordeaux-montaigne.fr:340416", "symbol_class": "building", "pixel_x": 4266.8, "pixel_y": 5573.8, "easting": 572965.6, "northing": 349759.1, "epsg_source": 22391}}, {"type": "Feature", "geometry": {"type": "Point", "coordinates": [10.62053, 36.4537]}, "properties": {"record_id": "oai:u-bordeaux-montaigne.fr:340416", "symbol_class": "building", "pixel_x": 2300.7, "pixel_y": 5573.0, "easting": 564519.4, "northing": 350396.7, "epsg_source": 22391}}, {"type": "Feature", "geometry": {"type": "Point", "coordinates": [10.64621, 36.45196]}, "properties": {"record_id": "oai:u-bordeaux-montaigne.fr:340416", "symbol_class": "building", "pixel_x": 2836.7, "pixel_y": 5573.5, "easting": 566821.8, "northing": 350221.7, "epsg_source": 22391}}, {"type": "Feature", "geometry": {"type": "Point", "coordinates": [10.64535, 36.45195]}, "properties": {"record_id": "oai:u-bordeaux-montaigne.fr:340416", "symbol_class": "building", "pixel_x": 2818.8, "pixel_y": 5575.5, "easting": 566744.5, "northing": 350219.4, "epsg_source": 22391}}, {"type": "Feature", "geometry": {"type": "Point", "coordinates": [10.64391, 36.45198]}, "properties": {"record_id": "oai:u-bordeaux-montaigne.fr:340416", "symbol_class": "building", "pixel_x": 2789.0, "pixel_y": 5577.2, "easting": 566615.7, "northing": 350221.9, "epsg_source": 22391}}, {"type": "Feature", "geometry": {"type": "Point", "coordinates": [10.64482, 36.45192]}, "properties": {"record_id": "oai:u-bordeaux-montaigne.fr:340416", "symbol_class": "building", "pixel_x": 2807.9, "pixel_y": 5577.1, "easting": 566697.2, "northing": 350216.4, "epsg_source": 22391}}, {"type": "Feature", "geometry": {"type": "Point", "coordinates": [10.6424, 36.45201]}, "properties": {"record_id": "oai:u-bordeaux-montaigne.fr:340416", "symbol_class": "building", "pixel_x": 2757.5, "pixel_y": 5579.1, "easting": 566480.1, "northing": 350224.2, "epsg_source": 22391}}, {"type": "Feature", "geometry": {"type": "Point", "coordinates": [10.72114, 36.44663]}, "properties": {"record_id": "oai:u-bordeaux-montaigne.fr:340416", "symbol_class": "building", "pixel_x": 4401.5, "pixel_y": 5581.5, "easting": 573541.7, "northing": 349684.1, "epsg_source": 22391}}, {"type": "Feature", "geometry": {"type": "Point", "coordinates": [10.64174, 36.45196]}, "properties": {"record_id": "oai:u-bordeaux-montaigne.fr:340416", "symbol_class": "building", "pixel_x": 2744.0, "pixel_y": 5581.6, "easting": 566421.1, "northing": 350218.3, "epsg_source": 22391}}, {"type": "Feature", "geometry": {"type": "Point", "coordinates": [10.71401, 36.44702]}, "properties": {"record_id": "oai:u-bordeaux-montaigne.fr:340416", "symbol_class": "building", "pixel_x": 4252.7, "pixel_y": 5583.9, "easting": 572901.7, "northing": 349722.3, "epsg_source": 22391}}, {"type": "Feature", "geometry": {"type": "Point", "coordinates": [10.63747, 36.45202]}, "properties": {"record_id": "oai:u-bordeaux-montaigne.fr:340416", "symbol_class": "building", "pixel_x": 2655.5, "pixel_y": 5587.7, "easting": 566038.9, "northing": 350222.0, "epsg_source": 22391}}, {"type": "Feature", "geometry": {"type": "Point", "coordinates": [10.63663, 36.45202]}, "properties": {"record_id": "oai:u-bordeaux-montaigne.fr:340416", "symbol_class": "building", "pixel_x": 2638.1, "pixel_y": 5589.3, "easting": 565963.6, "northing": 350221.0, "epsg_source": 22391}}, {"type": "Feature", "geometry": {"type": "Point", "coordinates": [10.63559, 36.45207]}, "properties": {"record_id": "oai:u-bordeaux-montaigne.fr:340416", "symbol_class": "building", "pixel_x": 2616.3, "pixel_y": 5589.9, "easting": 565870.1, "northing": 350225.8, "epsg_source": 22391}}, {"type": "Feature", "geometry": {"type": "Point", "coordinates": [10.63476, 36.45204]}, "properties": {"record_id": "oai:u-bordeaux-montaigne.fr:340416", "symbol_class": "building", "pixel_x": 2599.1, "pixel_y": 5592.1, "easting": 565795.4, "northing": 350222.3, "epsg_source": 22391}}, {"type": "Feature", "geometry": {"type": "Point", "coordinates": [10.63261, 36.45206]}, "properties": {"record_id": "oai:u-bordeaux-montaigne.fr:340416", "symbol_class": "building", "pixel_x": 2554.6, "pixel_y": 5595.2, "easting": 565603.2, "northing": 350223.7, "epsg_source": 22391}}, {"type": "Feature", "geometry": {"type": "Point", "coordinates": [10.63044, 36.45208]}, "properties": {"record_id": "oai:u-bordeaux-montaigne.fr:340416", "symbol_class": "building", "pixel_x": 2509.5, "pixel_y": 5598.7, "easting": 565408.4, "northing": 350224.2, "epsg_source": 22391}}, {"type": "Feature", "geometry": {"type": "Point", "coordinates": [10.62798, 36.45212]}, "properties": {"record_id": "oai:u-bordeaux-montaigne.fr:340416", "symbol_class": "building", "pixel_x": 2458.5, "pixel_y": 5602.0, "easting": 565188.1, "northing": 350227.2, "epsg_source": 22391}}, {"type": "Feature", "geometry": {"type": "Point", "coordinates": [10.62866, 36.4521]}, "properties": {"record_id": "oai:u-bordeaux-montaigne.fr:340416", "symbol_class": "building", "pixel_x": 2472.7, "pixel_y": 5601.3, "easting": 565249.2, "northing": 350225.3, "epsg_source": 22391}}, {"type": "Feature", "geometry": {"type": "Point", "coordinates": [10.73352, 36.44493]}, "properties": {"record_id": "oai:u-bordeaux-montaigne.fr:340416", "symbol_class": "building", "pixel_x": 4661.8, "pixel_y": 5604.8, "easting": 574652.8, "northing": 349504.9, "epsg_source": 22391}}, {"type": "Feature", "geometry": {"type": "Point", "coordinates": [10.62524, 36.45215]}, "properties": {"record_id": "oai:u-bordeaux-montaigne.fr:340416", "symbol_class": "building", "pixel_x": 2401.6, "pixel_y": 5606.1, "easting": 564942.5, "northing": 350228.6, "epsg_source": 22391}}, {"type": "Feature", "geometry": {"type": "Point", "coordinates": [10.62328, 36.45214]}, "properties": {"record_id": "oai:u-bordeaux-montaigne.fr:340416", "symbol_class": "building", "pixel_x": 2360.9, "pixel_y": 5609.9, "easting": 564766.4, "northing": 350226.0, "epsg_source": 22391}}, {"type": "Feature", "geometry": {"type": "Point", "coordinates": [10.7211, 36.44555]}, "properties": {"record_id": "oai:u-bordeaux-montaigne.fr:340416", "symbol_class": "building", "pixel_x": 4402.9, "pixel_y": 5610.7, "easting": 573538.7, "northing": 349564.0, "epsg_source": 22391}}, {"type": "Feature", "geometry": {"type": "Point", "coordinates": [10.62246, 36.45215]}, "properties": {"record_id": "oai:u-bordeaux-montaigne.fr:340416", "symbol_class": "building", "pixel_x": 2344.1, "pixel_y": 5611.2, "easting": 564693.6, "northing": 350226.1, "epsg_source": 22391}}, {"type": "Feature", "geometry": {"type": "Point", "coordinates": [10.71406, 36.44585]}, "properties": {"record_id": "oai:u-bordeaux-montaigne.fr:340416", "symbol_class": "building", "pixel_x": 4256.4, "pixel_y": 5615.3, "easting": 572907.9, "northing": 349592.7, "epsg_source": 22391}}, {"type": "Feature", "geometry": {"type": "Point", "coordinates": [10.62079, 36.45215]}, "properties": {"record_id": "oai:u-bordeaux-montaigne.fr:340416", "symbol_class": "building", "pixel_x": 2309.4, "pixel_y": 5614.1, "easting": 564543.9, "northing": 350225.3, "epsg_source": 22391}}, {"type": "Feature", "geometry": {"type": "Point", "coordinates": [10.61912, 36.45216]}, "properties": {"record_id": "oai:u-bordeaux-montaigne.fr:340416", "symbol_class": "building", "pixel_x": 2274.8, "pixel_y": 5617.0, "easting": 564394.2, "northing": 350224.7, "epsg_source": 22391}}, {"type": "Feature", "geometry": {"type": "Point", "coordinates": [10.71578, 36.44563]}, "properties": {"record_id": "oai:u-bordeaux-montaigne.fr:340416", "symbol_class": "building", "pixel_x": 4292.6, "pixel_y": 5618.1, "easting": 573062.4, "northing": 349569.5, "epsg_source": 22391}}, {"type": "Feature", "geometry": {"type": "Point", "coordinates": [10.61783, 36.45216]}, "properties": {"record_id": "oai:u-bordeaux-montaigne.fr:340416", "symbol_class": "building", "pixel_x": 2248.1, "pixel_y": 5619.2, "easting": 564278.5, "northing": 350224.2, "epsg_source": 22391}}, {"type": "Feature", "geometry": {"type": "Point", "coordinates": [10.61703, 36.45219]}, "properties": {"record_id": "oai:u-bordeaux-montaigne.fr:340416", "symbol_class": "building", "pixel_x": 2231.3, "pixel_y": 5619.9, "easting": 564206.4, "northing": 350227.1, "epsg_source": 22391}}, {"type": "Feature", "geometry": {"type": "Point", "coordinates": [10.72105, 36.44517]}, "properties": {"record_id": "oai:u-bordeaux-montaigne.fr:340416", "symbol_class": "building", "pixel_x": 4402.8, "pixel_y": 5620.9, "easting": 573535.0, "northing": 349522.4, "epsg_source": 22391}}, {"type": "Feature", "geometry": {"type": "Point", "coordinates": [10.67636, 36.44798]}, "properties": {"record_id": "oai:u-bordeaux-montaigne.fr:340416", "symbol_class": "building", "pixel_x": 3470.2, "pixel_y": 5626.3, "easting": 569526.8, "northing": 349801.0, "epsg_source": 22391}}, {"type": "Feature", "geometry": {"type": "Point", "coordinates": [10.61531, 36.45222]}, "properties": {"record_id": "oai:u-bordeaux-montaigne.fr:340416", "symbol_class": "building", "pixel_x": 2195.7, "pixel_y": 5622.2, "easting": 564052.8, "northing": 350229.1, "epsg_source": 22391}}, {"type": "Feature", "geometry": {"type": "Point", "coordinates": [10.71795, 36.44519]}, "properties": {"record_id": "oai:u-bordeaux-montaigne.fr:340416", "symbol_class": "building", "pixel_x": 4338.5, "pixel_y": 5626.1, "easting": 573257.1, "northing": 349521.7, "epsg_source": 22391}}, {"type": "Feature", "geometry": {"type": "Point", "coordinates": [10.6083, 36.45227]}, "properties": {"record_id": "oai:u-bordeaux-montaigne.fr:340416", "symbol_class": "building", "pixel_x": 2050.3, "pixel_y": 5633.2, "easting": 563424.5, "northing": 350230.7, "epsg_source": 22391}}, {"type": "Feature", "geometry": {"type": "Point", "coordinates": [10.71732, 36.44491]}, "properties": {"record_id": "oai:u-bordeaux-montaigne.fr:340416", "symbol_class": "building", "pixel_x": 4326.0, "pixel_y": 5634.6, "easting": 573200.4, "northing": 349491.0, "epsg_source": 22391}}, {"type": "Feature", "geometry": {"type": "Point", "coordinates": [10.71917, 36.44471]}, "properties": {"record_id": "oai:u-bordeaux-montaigne.fr:340416", "symbol_class": "building", "pixel_x": 4364.7, "pixel_y": 5636.8, "easting": 573366.3, "northing": 349469.5, "epsg_source": 22391}}, {"type": "Feature", "geometry": {"type": "Point", "coordinates": [10.70164, 36.44552]}, "properties": {"record_id": "oai:u-bordeaux-montaigne.fr:340416", "symbol_class": "building", "pixel_x": 3999.8, "pixel_y": 5646.7, "easting": 571795.2, "northing": 349546.6, "epsg_source": 22391}}, {"type": "Feature", "geometry": {"type": "Point", "coordinates": [10.70796, 36.44488]}, "properties": {"record_id": "oai:u-bordeaux-montaigne.fr:340416", "symbol_class": "building", "pixel_x": 4132.1, "pixel_y": 5652.5, "easting": 572362.0, "northing": 349480.1, "epsg_source": 22391}}, {"type": "Feature", "geometry": {"type": "Point", "coordinates": [10.71131, 36.44462]}, "properties": {"record_id": "oai:u-bordeaux-montaigne.fr:340416", "symbol_class": "building", "pixel_x": 4202.1, "pixel_y": 5653.5, "easting": 572662.3, "northing": 349453.6, "epsg_source": 22391}}, {"type": "Feature", "geometry": {"type": "Point", "coordinates": [10.72163, 36.44395]}, "properties": {"record_id": "oai:u-bordeaux-montaigne.fr:340416", "symbol_class": "building", "pixel_x": 4417.4, "pixel_y": 5652.7, "easting": 573587.5, "northing": 349387.3, "epsg_source": 22391}}, {"type": "Feature", "geometry": {"type": "Point", "coordinates": [10.72014, 36.44399]}, "properties": {"record_id": "oai:u-bordeaux-montaigne.fr:340416", "symbol_class": "building", "pixel_x": 4386.6, "pixel_y": 5654.2, "easting": 573454.6, "northing": 349391.0, "epsg_source": 22391}}, {"type": "Feature", "geometry": {"type": "Point", "coordinates": [10.59397, 36.45231]}, "properties": {"record_id": "oai:u-bordeaux-montaigne.fr:340416", "symbol_class": "building", "pixel_x": 1753.1, "pixel_y": 5657.9, "easting": 562140.0, "northing": 350225.6, "epsg_source": 22391}}, {"type": "Feature", "geometry": {"type": "Point", "coordinates": [10.67894, 36.44652]}, "properties": {"record_id": "oai:u-bordeaux-montaigne.fr:340416", "symbol_class": "building", "pixel_x": 3526.9, "pixel_y": 5661.0, "easting": 569759.3, "northing": 349640.5, "epsg_source": 22391}}, {"type": "Feature", "geometry": {"type": "Point", "coordinates": [10.59161, 36.45233]}, "properties": {"record_id": "oai:u-bordeaux-montaigne.fr:340416", "symbol_class": "building", "pixel_x": 1704.1, "pixel_y": 5661.5, "easting": 561928.4, "northing": 350226.4, "epsg_source": 22391}}, {"type": "Feature", "geometry": {"type": "Point", "coordinates": [10.59066, 36.45235]}, "properties": {"record_id": "oai:u-bordeaux-montaigne.fr:340416", "symbol_class": "building", "pixel_x": 1684.4, "pixel_y": 5662.8, "easting": 561843.1, "northing": 350227.4, "epsg_source": 22391}}, {"type": "Feature", "geometry": {"type": "Point", "coordinates": [10.58974, 36.45233]}, "properties": {"record_id": "oai:u-bordeaux-montaigne.fr:340416", "symbol_class": "building", "pixel_x": 1665.4, "pixel_y": 5664.8, "easting": 561760.9, "northing": 350225.4, "epsg_source": 22391}}, {"type": "Feature", "geometry": {"type": "Point", "coordinates": [10.60685, 36.45074]}, "properties": {"record_id": "oai:u-bordeaux-montaigne.fr:340416", "symbol_class": "building", "pixel_x": 2023.6, "pixel_y": 5677.0, "easting": 563295.7, "northing": 350059.9, "epsg_source": 22391}}, {"type": "Feature", "geometry": {"type": "Point", "coordinates": [10.58198, 36.45237]}, "properties": {"record_id": "oai:u-bordeaux-montaigne.fr:340416", "symbol_class": "building", "pixel_x": 1504.5, "pixel_y": 5677.6, "easting": 561065.6, "northing": 350225.0, "epsg_source": 22391}}, {"type": "Feature", "geometry": {"type": "Point", "coordinates": [10.70456, 36.44397]}, "properties": {"record_id": "oai:u-bordeaux-montaigne.fr:340416", "symbol_class": "building", "pixel_x": 4063.7, "pixel_y": 5683.2, "easting": 572058.1, "northing": 349376.3, "epsg_source": 22391}}, {"type": "Feature", "geometry": {"type": "Point", "coordinates": [10.57382, 36.45249]}, "properties": {"record_id": "oai:u-bordeaux-montaigne.fr:340416", "symbol_class": "building", "pixel_x": 1335.2, "pixel_y": 5689.0, "easting": 560334.6, "northing": 350232.7, "epsg_source": 22391}}, {"type": "Feature", "geometry": {"type": "Point", "coordinates": [10.57251, 36.4525]}, "properties": {"record_id": "oai:u-bordeaux-montaigne.fr:340416", "symbol_class": "building", "pixel_x": 1308.0, "pixel_y": 5691.0, "easting": 560217.1, "northing": 350233.2, "epsg_source": 22391}}, {"type": "Feature", "geometry": {"type": "Point", "coordinates": [10.70201, 36.44285]}, "properties": {"record_id": "oai:u-bordeaux-montaigne.fr:340416", "symbol_class": "building", "pixel_x": 4013.2, "pixel_y": 5717.9, "easting": 571830.2, "northing": 349250.7, "epsg_source": 22391}}, {"type": "Feature", "geometry": {"type": "Point", "coordinates": [10.68782, 36.44269]}, "properties": {"record_id": "oai:u-bordeaux-montaigne.fr:340416", "symbol_class": "building", "pixel_x": 3719.5, "pixel_y": 5748.0, "easting": 570558.8, "northing": 349221.9, "epsg_source": 22391}}, {"type": "Feature", "geometry": {"type": "Point", "coordinates": [10.67317, 36.44281]}, "properties": {"record_id": "oai:u-bordeaux-montaigne.fr:340416", "symbol_class": "building", "pixel_x": 3415.5, "pixel_y": 5771.0, "easting": 569245.5, "northing": 349225.7, "epsg_source": 22391}}, {"type": "Feature", "geometry": {"type": "Point", "coordinates": [10.66391, 36.44288]}, "properties": {"record_id": "oai:u-bordeaux-montaigne.fr:340416", "symbol_class": "building", "pixel_x": 3223.5, "pixel_y": 5786.0, "easting": 568415.9, "northing": 349226.1, "epsg_source": 22391}}, {"type": "Feature", "geometry": {"type": "Point", "coordinates": [10.65312, 36.44296]}, "properties": {"record_id": "oai:u-bordeaux-montaigne.fr:340416", "symbol_class": "building", "pixel_x": 2999.6, "pixel_y": 5803.2, "easting": 567448.4, "northing": 349227.7, "epsg_source": 22391}}, {"type": "Feature", "geometry": {"type": "Point", "coordinates": [10.64309, 36.44304]}, "properties": {"record_id": "oai:u-bordeaux-montaigne.fr:340416", "symbol_class": "building", "pixel_x": 2791.6, "pixel_y": 5819.2, "easting": 566549.7, "northing": 349229.2, "epsg_source": 22391}}, {"type": "Feature", "geometry": {"type": "Point", "coordinates": [10.62516, 36.44318]}, "properties": {"record_id": "oai:u-bordeaux-montaigne.fr:340416", "symbol_class": "building", "pixel_x": 2419.5, "pixel_y": 5847.5, "easting": 564942.2, "northing": 349233.4, "epsg_source": 22391}}, {"type": "Feature", "geometry": {"type": "Point", "coordinates": [10.65852, 36.43825]}, "properties": {"record_id": "oai:u-bordeaux-montaigne.fr:340416", "symbol_class": "building", "pixel_x": 3121.8, "pixel_y": 5920.1, "easting": 567936.3, "northing": 348709.5, "epsg_source": 22391}}, {"type": "Feature", "geometry": {"type": "Point", "coordinates": [10.65994, 36.4382]}, "properties": {"record_id": "oai:u-bordeaux-montaigne.fr:340416", "symbol_class": "building", "pixel_x": 3151.6, "pixel_y": 5918.9, "easting": 568064.3, "northing": 348704.5, "epsg_source": 22391}}, {"type": "Feature", "geometry": {"type": "Point", "coordinates": [10.64896, 36.43909]}, "properties": {"record_id": "oai:u-bordeaux-montaigne.fr:340416", "symbol_class": "building", "pixel_x": 2922.0, "pixel_y": 5914.8, "easting": 567079.4, "northing": 348795.6, "epsg_source": 22391}}, {"type": "Feature", "geometry": {"type": "Point", "coordinates": [10.64888, 36.43861]}, "properties": {"record_id": "oai:u-bordeaux-montaigne.fr:340416", "symbol_class": "building", "pixel_x": 2921.4, "pixel_y": 5927.8, "easting": 567072.8, "northing": 348742.3, "epsg_source": 22391}}, {"type": "Feature", "geometry": {"type": "Point", "coordinates": [10.63616, 36.4395]}, "properties": {"record_id": "oai:u-bordeaux-montaigne.fr:340416", "symbol_class": "building", "pixel_x": 2655.6, "pixel_y": 5926.7, "easting": 565931.3, "northing": 348832.5, "epsg_source": 22391}}, {"type": "Feature", "geometry": {"type": "Point", "coordinates": [10.62657, 36.44014]}, "properties": {"record_id": "oai:u-bordeaux-montaigne.fr:340416", "symbol_class": "building", "pixel_x": 2455.4, "pixel_y": 5926.8, "easting": 565071.3, "northing": 348896.9, "epsg_source": 22391}}, {"type": "Feature", "geometry": {"type": "Point", "coordinates": [10.61519, 36.44048]}, "properties": {"record_id": "oai:u-bordeaux-montaigne.fr:340416", "symbol_class": "building", "pixel_x": 2218.8, "pixel_y": 5938.2, "easting": 564051.2, "northing": 348926.5, "epsg_source": 22391}}, {"type": "Feature", "geometry": {"type": "Point", "coordinates": [10.59284, 36.44225]}, "properties": {"record_id": "oai:u-bordeaux-montaigne.fr:340416", "symbol_class": "building", "pixel_x": 1751.7, "pixel_y": 5930.4, "easting": 562046.7, "northing": 349109.1, "epsg_source": 22391}}, {"type": "Feature", "geometry": {"type": "Point", "coordinates": [10.59109, 36.44205]}, "properties": {"record_id": "oai:u-bordeaux-montaigne.fr:340416", "symbol_class": "building", "pixel_x": 1715.8, "pixel_y": 5939.0, "easting": 561889.9, "northing": 349085.4, "epsg_source": 22391}}, {"type": "Feature", "geometry": {"type": "Point", "coordinates": [10.59176, 36.442]}, "properties": {"record_id": "oai:u-bordeaux-montaigne.fr:340416", "symbol_class": "building", "pixel_x": 1729.9, "pixel_y": 5939.2, "easting": 561950.5, "northing": 349080.1, "epsg_source": 22391}}, {"type": "Feature", "geometry": {"type": "Point", "coordinates": [10.60259, 36.44127]}, "properties": {"record_id": "oai:u-bordeaux-montaigne.fr:340416", "symbol_class": "building", "pixel_x": 1956.0, "pixel_y": 5939.4, "easting": 562921.4, "northing": 349006.1, "epsg_source": 22391}}, {"type": "Feature", "geometry": {"type": "Point", "coordinates": [10.64704, 36.43858]}, "properties": {"record_id": "oai:u-bordeaux-montaigne.fr:340416", "symbol_class": "building", "pixel_x": 2883.2, "pixel_y": 5931.8, "easting": 566907.4, "northing": 348738.2, "epsg_source": 22391}}, {"type": "Feature", "geometry": {"type": "Point", "coordinates": [10.58198, 36.44262]}, "properties": {"record_id": "oai:u-bordeaux-montaigne.fr:340416", "symbol_class": "building", "pixel_x": 1525.7, "pixel_y": 5939.8, "easting": 561072.9, "northing": 349143.5, "epsg_source": 22391}}, {"type": "Feature", "geometry": {"type": "Point", "coordinates": [10.62525, 36.43967]}, "properties": {"record_id": "oai:u-bordeaux-montaigne.fr:340416", "symbol_class": "building", "pixel_x": 2429.2, "pixel_y": 5941.8, "easting": 564953.9, "northing": 348843.6, "epsg_source": 22391}}, {"type": "Feature", "geometry": {"type": "Point", "coordinates": [10.62652, 36.43952]}, "properties": {"record_id": "oai:u-bordeaux-montaigne.fr:340416", "symbol_class": "building", "pixel_x": 2455.8, "pixel_y": 5943.6, "easting": 565067.6, "northing": 348827.7, "epsg_source": 22391}}, {"type": "Feature", "geometry": {"type": "Point", "coordinates": [10.63601, 36.43896]}, "properties": {"record_id": "oai:u-bordeaux-montaigne.fr:340416", "symbol_class": "building", "pixel_x": 2653.7, "pixel_y": 5941.6, "easting": 565918.2, "northing": 348772.2, "epsg_source": 22391}}, {"type": "Feature", "geometry": {"type": "Point", "coordinates": [10.5815, 36.44249]}, "properties": {"record_id": "oai:u-bordeaux-montaigne.fr:340416", "symbol_class": "building", "pixel_x": 1516.1, "pixel_y": 5944.3, "easting": 561030.2, "northing": 349128.2, "epsg_source": 22391}}, {"type": "Feature", "geometry": {"type": "Point", "coordinates": [10.59271, 36.44163]}, "properties": {"record_id": "oai:u-bordeaux-montaigne.fr:340416", "symbol_class": "building", "pixel_x": 1750.2, "pixel_y": 5947.4, "easting": 562035.1, "northing": 349040.0, "epsg_source": 22391}}]}