{"type": "FeatureCollection", "features": [{"type": "Feature", "geometry": {"type": "Point", "coordinates": [10.97941, 37.11379]}, "properties": {"record_id": "oai:u-bordeaux-montaigne.fr:340373", "symbol_class": "building", "pixel_x": 534.4, "pixel_y": 1840.8, "easting": 595867.3, "northing": 423922.8, "epsg_source": 22391}}, {"type": "Feature", "geometry": {"type": "Point", "coordinates": [10.97818, 37.11386]}, "properties": {"record_id": "oai:u-bordeaux-montaigne.fr:340373", "symbol_class": "building", "pixel_x": 509.1, "pixel_y": 1841.2, "easting": 595758.3, "northing": 423928.8, "epsg_source": 22391}}, {"type": "Feature", "geometry": {"type": "Point", "coordinates": [10.9819, 37.11376]}, "properties": {"record_id": "oai:u-bordeaux-montaigne.fr:340373", "symbol_class": "building", "pixel_x": 585.8, "pixel_y": 1837.1, "easting": 596089.1, "northing": 423921.9, "epsg_source": 22391}}, {"type": "Feature", "geometry": {"type": "Point", "coordinates": [11.03661, 37.10447]}, "properties": {"record_id": "oai:u-bordeaux-montaigne.fr:340373", "symbol_class": "building", "pixel_x": 1732.0, "pixel_y": 1984.0, "easting": 600962.1, "northing": 422946.1, "epsg_source": 22391}}, {"type": "Feature", "geometry": {"type": "Point", "coordinates": [11.14887, 37.09459]}, "properties": {"record_id": "oai:u-bordeaux-montaigne.fr:340373", "symbol_class": "building", "pixel_x": 4062.8, "pixel_y": 2042.5, "easting": 610952.4, "northing": 421971.7, "epsg_source": 22391}}, {"type": "Feature", "geometry": {"type": "Point", "coordinates": [10.98101, 37.10577]}, "properties": {"record_id": "oai:u-bordeaux-montaigne.fr:340373", "symbol_class": "building", "pixel_x": 586.2, "pixel_y": 2048.3, "easting": 596019.5, "northing": 423033.9, "epsg_source": 22391}}, {"type": "Feature", "geometry": {"type": "Point", "coordinates": [10.97861, 37.10473]}, "properties": {"record_id": "oai:u-bordeaux-montaigne.fr:340373", "symbol_class": "building", "pixel_x": 539.4, "pixel_y": 2079.6, "easting": 595807.8, "northing": 422916.8, "epsg_source": 22391}}, {"type": "Feature", "geometry": {"type": "Point", "coordinates": [10.98088, 37.10485]}, "properties": {"record_id": "oai:u-bordeaux-montaigne.fr:340373", "symbol_class": "building", "pixel_x": 585.7, "pixel_y": 2072.6, "easting": 596009.0, "northing": 422931.6, "epsg_source": 22391}}, {"type": "Feature", "geometry": {"type": "Point", "coordinates": [11.11119, 37.09496]}, "properties": {"record_id": "oai:u-bordeaux-montaigne.fr:340373", "symbol_class": "building", "pixel_x": 3287.4, "pixel_y": 2100.4, "easting": 607602.5, "northing": 421970.5, "epsg_source": 22391}}, {"type": "Feature", "geometry": {"type": "Point", "coordinates": [11.10981, 37.09498]}, "properties": {"record_id": "oai:u-bordeaux-montaigne.fr:340373", "symbol_class": "building", "pixel_x": 3259.0, "pixel_y": 2102.2, "easting": 607480.1, "northing": 421971.6, "epsg_source": 22391}}, {"type": "Feature", "geometry": {"type": "Point", "coordinates": [11.08099, 37.09521]}, "properties": {"record_id": "oai:u-bordeaux-montaigne.fr:340373", "symbol_class": "building", "pixel_x": 2666.1, "pixel_y": 2147.7, "easting": 604918.3, "northing": 421965.8, "epsg_source": 22391}}, {"type": "Feature", "geometry": {"type": "Point", "coordinates": [11.16103, 37.08552]}, "properties": {"record_id": "oai:u-bordeaux-montaigne.fr:340373", "symbol_class": "building", "pixel_x": 4334.5, "pixel_y": 2258.2, "easting": 612046.4, "northing": 420979.5, "epsg_source": 22391}}, {"type": "Feature", "geometry": {"type": "Point", "coordinates": [11.15447, 37.08558]}, "properties": {"record_id": "oai:u-bordeaux-montaigne.fr:340373", "symbol_class": "building", "pixel_x": 4199.4, "pixel_y": 2268.4, "easting": 611462.7, "northing": 420979.0, "epsg_source": 22391}}, {"type": "Feature", "geometry": {"type": "Point", "coordinates": [11.14991, 37.08562]}, "properties": {"record_id": "oai:u-bordeaux-montaigne.fr:340373", "symbol_class": "building", "pixel_x": 4105.7, "pixel_y": 2275.5, "easting": 611058.0, "northing": 420978.3, "epsg_source": 22391}}, {"type": "Feature", "geometry": {"type": "Point", "coordinates": [11.13753, 37.08575]}, "properties": {"record_id": "oai:u-bordeaux-montaigne.fr:340373", "symbol_class": "building", "pixel_x": 3850.7, "pixel_y": 2294.5, "easting": 609956.5, "northing": 420978.1, "epsg_source": 22391}}, {"type": "Feature", "geometry": {"type": "Point", "coordinates": [10.99203, 37.0955]}, "properties": {"record_id": "oai:u-bordeaux-montaigne.fr:340373", "symbol_class": "building", "pixel_x": 836.8, "pixel_y": 2297.8, "easting": 597011.2, "northing": 421906.0, "epsg_source": 22391}}, {"type": "Feature", "geometry": {"type": "Point", "coordinates": [10.97988, 37.09584]}, "properties": {"record_id": "oai:u-bordeaux-montaigne.fr:340373", "symbol_class": "building", "pixel_x": 586.4, "pixel_y": 2310.4, "easting": 595931.7, "northing": 421931.5, "epsg_source": 22391}}, {"type": "Feature", "geometry": {"type": "Point", "coordinates": [11.28431, 37.07269]}, "properties": {"record_id": "oai:u-bordeaux-montaigne.fr:340373", "symbol_class": "building", "pixel_x": 6899.5, "pixel_y": 2370.8, "easting": 623024.5, "northing": 419704.6, "epsg_source": 22391}}, {"type": "Feature", "geometry": {"type": "Point", "coordinates": [11.0811, 37.08625]}, "properties": {"record_id": "oai:u-bordeaux-montaigne.fr:340373", "symbol_class": "building", "pixel_x": 2689.6, "pixel_y": 2382.3, "easting": 604940.3, "northing": 420972.0, "epsg_source": 22391}}, {"type": "Feature", "geometry": {"type": "Point", "coordinates": [11.04385, 37.08649]}, "properties": {"record_id": "oai:u-bordeaux-montaigne.fr:340373", "symbol_class": "building", "pixel_x": 1923.3, "pixel_y": 2442.3, "easting": 601628.9, "northing": 420958.9, "epsg_source": 22391}}, {"type": "Feature", "geometry": {"type": "Point", "coordinates": [11.04305, 37.08655]}, "properties": {"record_id": "oai:u-bordeaux-montaigne.fr:340373", "symbol_class": "building", "pixel_x": 1906.8, "pixel_y": 2442.2, "easting": 601557.7, "northing": 420964.4, "epsg_source": 22391}}, {"type": "Feature", "geometry": {"type": "Point", "coordinates": [11.03787, 37.08653]}, "properties": {"record_id": "oai:u-bordeaux-montaigne.fr:340373", "symbol_class": "building", "pixel_x": 1800.3, "pixel_y": 2452.0, "easting": 601097.2, "northing": 420956.7, "epsg_source": 22391}}, {"type": "Feature", "geometry": {"type": "Point", "coordinates": [11.03884, 37.0865]}, "properties": {"record_id": "oai:u-bordeaux-montaigne.fr:340373", "symbol_class": "building", "pixel_x": 1820.3, "pixel_y": 2451.0, "easting": 601183.5, "northing": 420954.6, "epsg_source": 22391}}, {"type": "Feature", "geometry": {"type": "Point", "coordinates": [11.04183, 37.08293]}, "properties": {"record_id": "oai:u-bordeaux-montaigne.fr:340373", "symbol_class": "building", "pixel_x": 1890.2, "pixel_y": 2539.3, "easting": 601453.7, "northing": 420561.6, "epsg_source": 22391}}, {"type": "Feature", "geometry": {"type": "Point", "coordinates": [10.97886, 37.08681]}, "properties": {"record_id": "oai:u-bordeaux-montaigne.fr:340373", "symbol_class": "building", "pixel_x": 586.6, "pixel_y": 2549.0, "easting": 595852.1, "northing": 420928.0, "epsg_source": 22391}}, {"type": "Feature", "geometry": {"type": "Point", "coordinates": [11.06025, 37.07749]}, "properties": {"record_id": "oai:u-bordeaux-montaigne.fr:340373", "symbol_class": "building", "pixel_x": 2281.9, "pixel_y": 2649.1, "easting": 603098.9, "northing": 419977.2, "epsg_source": 22391}}, {"type": "Feature", "geometry": {"type": "Point", "coordinates": [11.05964, 37.07746]}, "properties": {"record_id": "oai:u-bordeaux-montaigne.fr:340373", "symbol_class": "building", "pixel_x": 2269.4, "pixel_y": 2651.0, "easting": 603044.7, "northing": 419973.2, "epsg_source": 22391}}, {"type": "Feature", "geometry": {"type": "Point", "coordinates": [11.05817, 37.07744]}, "properties": {"record_id": "oai:u-bordeaux-montaigne.fr:340373", "symbol_class": "building", "pixel_x": 2239.1, "pixel_y": 2654.2, "easting": 602913.4, "northing": 419969.3, "epsg_source": 22391}}, {"type": "Feature", "geometry": {"type": "Point", "coordinates": [11.04192, 37.07757]}, "properties": {"record_id": "oai:u-bordeaux-montaigne.fr:340373", "symbol_class": "building", "pixel_x": 1904.7, "pixel_y": 2679.6, "easting": 601468.6, "northing": 419966.9, "epsg_source": 22391}}, {"type": "Feature", "geometry": {"type": "Point", "coordinates": [11.04007, 37.07759]}, "properties": {"record_id": "oai:u-bordeaux-montaigne.fr:340373", "symbol_class": "building", "pixel_x": 1866.8, "pixel_y": 2682.4, "easting": 601304.8, "northing": 419966.9, "epsg_source": 22391}}, {"type": "Feature", "geometry": {"type": "Point", "coordinates": [11.03878, 37.07757]}, "properties": {"record_id": "oai:u-bordeaux-montaigne.fr:340373", "symbol_class": "building", "pixel_x": 1840.3, "pixel_y": 2685.2, "easting": 601190.3, "northing": 419963.3, "epsg_source": 22391}}, {"type": "Feature", "geometry": {"type": "Point", "coordinates": [11.03617, 37.07764]}, "properties": {"record_id": "oai:u-bordeaux-montaigne.fr:340373", "symbol_class": "building", "pixel_x": 1786.4, "pixel_y": 2688.0, "easting": 600957.8, "northing": 419968.4, "epsg_source": 22391}}, {"type": "Feature", "geometry": {"type": "Point", "coordinates": [11.03544, 37.07762]}, "properties": {"record_id": "oai:u-bordeaux-montaigne.fr:340373", "symbol_class": "building", "pixel_x": 1771.4, "pixel_y": 2689.8, "easting": 600892.7, "northing": 419965.4, "epsg_source": 22391}}, {"type": "Feature", "geometry": {"type": "Point", "coordinates": [11.04923, 37.07356]}, "properties": {"record_id": "oai:u-bordeaux-montaigne.fr:340373", "symbol_class": "building", "pixel_x": 2064.6, "pixel_y": 2771.6, "easting": 602124.1, "northing": 419529.9, "epsg_source": 22391}}, {"type": "Feature", "geometry": {"type": "Point", "coordinates": [10.97451, 37.07831]}, "properties": {"record_id": "oai:u-bordeaux-montaigne.fr:340373", "symbol_class": "building", "pixel_x": 517.2, "pixel_y": 2779.3, "easting": 595475.8, "northing": 419981.4, "epsg_source": 22391}}, {"type": "Feature", "geometry": {"type": "Point", "coordinates": [11.04931, 37.07328]}, "properties": {"record_id": "oai:u-bordeaux-montaigne.fr:340373", "symbol_class": "building", "pixel_x": 2066.8, "pixel_y": 2778.9, "easting": 602131.4, "northing": 419498.7, "epsg_source": 22391}}, {"type": "Feature", "geometry": {"type": "Point", "coordinates": [10.97383, 37.07798]}, "properties": {"record_id": "oai:u-bordeaux-montaigne.fr:340373", "symbol_class": "building", "pixel_x": 503.8, "pixel_y": 2789.1, "easting": 595415.3, "northing": 419944.1, "epsg_source": 22391}}, {"type": "Feature", "geometry": {"type": "Point", "coordinates": [10.97784, 37.07788]}, "properties": {"record_id": "oai:u-bordeaux-montaigne.fr:340373", "symbol_class": "building", "pixel_x": 586.5, "pixel_y": 2784.7, "easting": 595771.8, "northing": 419937.0, "epsg_source": 22391}}, {"type": "Feature", "geometry": {"type": "Point", "coordinates": [11.02938, 37.07444]}, "properties": {"record_id": "oai:u-bordeaux-montaigne.fr:340373", "symbol_class": "building", "pixel_x": 1654.4, "pixel_y": 2783.8, "easting": 600358.6, "northing": 419607.0, "epsg_source": 22391}}, {"type": "Feature", "geometry": {"type": "Point", "coordinates": [11.05947, 37.07038]}, "properties": {"record_id": "oai:u-bordeaux-montaigne.fr:340373", "symbol_class": "building", "pixel_x": 2282.5, "pixel_y": 2836.8, "easting": 603038.2, "northing": 419187.9, "epsg_source": 22391}}, {"type": "Feature", "geometry": {"type": "Point", "coordinates": [11.23798, 37.05795]}, "properties": {"record_id": "oai:u-bordeaux-montaigne.fr:340373", "symbol_class": "building", "pixel_x": 5982.8, "pixel_y": 2841.5, "easting": 618928.1, "northing": 418011.6, "epsg_source": 22391}}, {"type": "Feature", "geometry": {"type": "Point", "coordinates": [11.08213, 37.06829]}, "properties": {"record_id": "oai:u-bordeaux-montaigne.fr:340373", "symbol_class": "building", "pixel_x": 2753.6, "pixel_y": 2851.2, "easting": 605056.5, "northing": 418979.8, "epsg_source": 22391}}, {"type": "Feature", "geometry": {"type": "Point", "coordinates": [11.06696, 37.06838]}, "properties": {"record_id": "oai:u-bordeaux-montaigne.fr:340373", "symbol_class": "building", "pixel_x": 2441.4, "pixel_y": 2875.9, "easting": 603707.5, "northing": 418973.6, "epsg_source": 22391}}, {"type": "Feature", "geometry": {"type": "Point", "coordinates": [11.21576, 37.05818]}, "properties": {"record_id": "oai:u-bordeaux-montaigne.fr:340373", "symbol_class": "building", "pixel_x": 5525.4, "pixel_y": 2875.8, "easting": 616952.2, "northing": 418010.3, "epsg_source": 22391}}, {"type": "Feature", "geometry": {"type": "Point", "coordinates": [11.06555, 37.0684]}, "properties": {"record_id": "oai:u-bordeaux-montaigne.fr:340373", "symbol_class": "building", "pixel_x": 2412.3, "pixel_y": 2877.8, "easting": 603581.6, "northing": 418974.6, "epsg_source": 22391}}, {"type": "Feature", "geometry": {"type": "Point", "coordinates": [11.05969, 37.06844]}, "properties": {"record_id": "oai:u-bordeaux-montaigne.fr:340373", "symbol_class": "building", "pixel_x": 2291.8, "pixel_y": 2887.2, "easting": 603060.9, "northing": 418972.7, "epsg_source": 22391}}, {"type": "Feature", "geometry": {"type": "Point", "coordinates": [11.05841, 37.06843]}, "properties": {"record_id": "oai:u-bordeaux-montaigne.fr:340373", "symbol_class": "building", "pixel_x": 2265.4, "pixel_y": 2889.7, "easting": 602946.9, "northing": 418970.7, "epsg_source": 22391}}, {"type": "Feature", "geometry": {"type": "Point", "coordinates": [11.05743, 37.06845]}, "properties": {"record_id": "oai:u-bordeaux-montaigne.fr:340373", "symbol_class": "building", "pixel_x": 2245.2, "pixel_y": 2891.0, "easting": 602859.6, "northing": 418971.6, "epsg_source": 22391}}, {"type": "Feature", "geometry": {"type": "Point", "coordinates": [11.20579, 37.05829]}, "properties": {"record_id": "oai:u-bordeaux-montaigne.fr:340373", "symbol_class": "building", "pixel_x": 5320.0, "pixel_y": 2891.0, "easting": 616065.0, "northing": 418010.5, "epsg_source": 22391}}, {"type": "Feature", "geometry": {"type": "Point", "coordinates": [11.05441, 37.06847]}, "properties": {"record_id": "oai:u-bordeaux-montaigne.fr:340373", "symbol_class": "building", "pixel_x": 2183.1, "pixel_y": 2895.8, "easting": 602591.1, "northing": 418970.5, "epsg_source": 22391}}, {"type": "Feature", "geometry": {"type": "Point", "coordinates": [11.05366, 37.06847]}, "properties": {"record_id": "oai:u-bordeaux-montaigne.fr:340373", "symbol_class": "building", "pixel_x": 2167.7, "pixel_y": 2897.1, "easting": 602524.6, "northing": 418969.9, "epsg_source": 22391}}, {"type": "Feature", "geometry": {"type": "Point", "coordinates": [11.05223, 37.0685]}, "properties": {"record_id": "oai:u-bordeaux-montaigne.fr:340373", "symbol_class": "building", "pixel_x": 2138.3, "pixel_y": 2898.8, "easting": 602397.6, "northing": 418972.0, "epsg_source": 22391}}, {"type": "Feature", "geometry": {"type": "Point", "coordinates": [11.04827, 37.06854]}, "properties": {"record_id": "oai:u-bordeaux-montaigne.fr:340373", "symbol_class": "building", "pixel_x": 2056.7, "pixel_y": 2904.9, "easting": 602045.2, "northing": 418971.8, "epsg_source": 22391}}, {"type": "Feature", "geometry": {"type": "Point", "coordinates": [11.04879, 37.0685]}, "properties": {"record_id": "oai:u-bordeaux-montaigne.fr:340373", "symbol_class": "building", "pixel_x": 2067.5, "pixel_y": 2905.1, "easting": 602091.6, "northing": 418967.6, "epsg_source": 22391}}, {"type": "Feature", "geometry": {"type": "Point", "coordinates": [11.19412, 37.05839]}, "properties": {"record_id": "oai:u-bordeaux-montaigne.fr:340373", "symbol_class": "building", "pixel_x": 5079.9, "pixel_y": 2909.4, "easting": 615027.5, "northing": 418008.3, "epsg_source": 22391}}, {"type": "Feature", "geometry": {"type": "Point", "coordinates": [11.04475, 37.0685]}, "properties": {"record_id": "oai:u-bordeaux-montaigne.fr:340373", "symbol_class": "building", "pixel_x": 1984.5, "pixel_y": 2912.3, "easting": 601732.7, "northing": 418963.2, "epsg_source": 22391}}, {"type": "Feature", "geometry": {"type": "Point", "coordinates": [11.04362, 37.06853]}, "properties": {"record_id": "oai:u-bordeaux-montaigne.fr:340373", "symbol_class": "building", "pixel_x": 1961.0, "pixel_y": 2913.5, "easting": 601631.5, "northing": 418965.8, "epsg_source": 22391}}, {"type": "Feature", "geometry": {"type": "Point", "coordinates": [11.04023, 37.06857]}, "properties": {"record_id": "oai:u-bordeaux-montaigne.fr:340373", "symbol_class": "building", "pixel_x": 1891.4, "pixel_y": 2918.5, "easting": 601330.8, "northing": 418966.6, "epsg_source": 22391}}, {"type": "Feature", "geometry": {"type": "Point", "coordinates": [11.04093, 37.06854]}, "properties": {"record_id": "oai:u-bordeaux-montaigne.fr:340373", "symbol_class": "building", "pixel_x": 1905.9, "pixel_y": 2917.9, "easting": 601393.1, "northing": 418964.3, "epsg_source": 22391}}, {"type": "Feature", "geometry": {"type": "Point", "coordinates": [11.03577, 37.06858]}, "properties": {"record_id": "oai:u-bordeaux-montaigne.fr:340373", "symbol_class": "building", "pixel_x": 1799.6, "pixel_y": 2926.1, "easting": 600933.8, "northing": 418963.0, "epsg_source": 22391}}, {"type": "Feature", "geometry": {"type": "Point", "coordinates": [11.03188, 37.06861]}, "properties": {"record_id": "oai:u-bordeaux-montaigne.fr:340373", "symbol_class": "building", "pixel_x": 1719.6, "pixel_y": 2932.2, "easting": 600588.4, "northing": 418962.5, "epsg_source": 22391}}, {"type": "Feature", "geometry": {"type": "Point", "coordinates": [11.02923, 37.06864]}, "properties": {"record_id": "oai:u-bordeaux-montaigne.fr:340373", "symbol_class": "building", "pixel_x": 1665.0, "pixel_y": 2936.1, "easting": 600352.5, "northing": 418963.1, "epsg_source": 22391}}, {"type": "Feature", "geometry": {"type": "Point", "coordinates": [11.03016, 37.06859]}, "properties": {"record_id": "oai:u-bordeaux-montaigne.fr:340373", "symbol_class": "building", "pixel_x": 1684.2, "pixel_y": 2935.8, "easting": 600435.3, "northing": 418958.6, "epsg_source": 22391}}, {"type": "Feature", "geometry": {"type": "Point", "coordinates": [11.02746, 37.06863]}, "properties": {"record_id": "oai:u-bordeaux-montaigne.fr:340373", "symbol_class": "building", "pixel_x": 1628.5, "pixel_y": 2939.6, "easting": 600194.7, "northing": 418959.9, "epsg_source": 22391}}, {"type": "Feature", "geometry": {"type": "Point", "coordinates": [11.02461, 37.06866]}, "properties": {"record_id": "oai:u-bordeaux-montaigne.fr:340373", "symbol_class": "building", "pixel_x": 1570.0, "pixel_y": 2943.8, "easting": 599941.9, "northing": 418960.5, "epsg_source": 22391}}, {"type": "Feature", "geometry": {"type": "Point", "coordinates": [11.15928, 37.05872]}, "properties": {"record_id": "oai:u-bordeaux-montaigne.fr:340373", "symbol_class": "building", "pixel_x": 4362.7, "pixel_y": 2963.5, "easting": 611929.3, "northing": 418004.6, "epsg_source": 22391}}, {"type": "Feature", "geometry": {"type": "Point", "coordinates": [11.00318, 37.06877]}, "properties": {"record_id": "oai:u-bordeaux-montaigne.fr:340373", "symbol_class": "building", "pixel_x": 1128.9, "pixel_y": 2978.8, "easting": 598035.8, "northing": 418951.3, "epsg_source": 22391}}, {"type": "Feature", "geometry": {"type": "Point", "coordinates": [10.97372, 37.06893]}, "properties": {"record_id": "oai:u-bordeaux-montaigne.fr:340373", "symbol_class": "building", "pixel_x": 522.9, "pixel_y": 3026.5, "easting": 595417.1, "northing": 418939.9, "epsg_source": 22391}}, {"type": "Feature", "geometry": {"type": "Point", "coordinates": [10.97451, 37.06889]}, "properties": {"record_id": "oai:u-bordeaux-montaigne.fr:340373", "symbol_class": "building", "pixel_x": 539.2, "pixel_y": 3026.3, "easting": 595486.9, "northing": 418935.8, "epsg_source": 22391}}, {"type": "Feature", "geometry": {"type": "Point", "coordinates": [10.973, 37.06898]}, "properties": {"record_id": "oai:u-bordeaux-montaigne.fr:340373", "symbol_class": "building", "pixel_x": 507.8, "pixel_y": 3026.7, "easting": 595352.2, "northing": 418943.9, "epsg_source": 22391}}, {"type": "Feature", "geometry": {"type": "Point", "coordinates": [10.97675, 37.06892]}, "properties": {"record_id": "oai:u-bordeaux-montaigne.fr:340373", "symbol_class": "building", "pixel_x": 585.2, "pixel_y": 3021.5, "easting": 595686.0, "northing": 418941.4, "epsg_source": 22391}}, {"type": "Feature", "geometry": {"type": "Point", "coordinates": [11.25112, 37.04882]}, "properties": {"record_id": "oai:u-bordeaux-montaigne.fr:340373", "symbol_class": "building", "pixel_x": 6275.0, "pixel_y": 3056.7, "easting": 620110.4, "northing": 417015.2, "epsg_source": 22391}}, {"type": "Feature", "geometry": {"type": "Point", "coordinates": [11.00788, 37.06537]}, "properties": {"record_id": "oai:u-bordeaux-montaigne.fr:340373", "symbol_class": "building", "pixel_x": 1233.7, "pixel_y": 3059.7, "easting": 598458.4, "northing": 418578.0, "epsg_source": 22391}}, {"type": "Feature", "geometry": {"type": "Point", "coordinates": [11.25048, 37.04885]}, "properties": {"record_id": "oai:u-bordeaux-montaigne.fr:340373", "symbol_class": "building", "pixel_x": 6261.8, "pixel_y": 3057.1, "easting": 620053.5, "northing": 417017.5, "epsg_source": 22391}}, {"type": "Feature", "geometry": {"type": "Point", "coordinates": [11.24921, 37.04883]}, "properties": {"record_id": "oai:u-bordeaux-montaigne.fr:340373", "symbol_class": "building", "pixel_x": 6235.7, "pixel_y": 3060.0, "easting": 619940.5, "northing": 417013.8, "epsg_source": 22391}}, {"type": "Feature", "geometry": {"type": "Point", "coordinates": [11.09312, 37.05922]}, "properties": {"record_id": "oai:u-bordeaux-montaigne.fr:340373", "symbol_class": "building", "pixel_x": 3001.1, "pixel_y": 3069.3, "easting": 606045.7, "northing": 417985.5, "epsg_source": 22391}}, {"type": "Feature", "geometry": {"type": "Point", "coordinates": [11.09216, 37.05925]}, "properties": {"record_id": "oai:u-bordeaux-montaigne.fr:340373", "symbol_class": "building", "pixel_x": 2981.3, "pixel_y": 3070.1, "easting": 605960.4, "northing": 417988.3, "epsg_source": 22391}}, {"type": "Feature", "geometry": {"type": "Point", "coordinates": [11.00752, 37.06465]}, "properties": {"record_id": "oai:u-bordeaux-montaigne.fr:340373", "symbol_class": "building", "pixel_x": 1227.9, "pixel_y": 3079.2, "easting": 598426.8, "northing": 418497.7, "epsg_source": 22391}}, {"type": "Feature", "geometry": {"type": "Point", "coordinates": [11.23796, 37.04895]}, "properties": {"record_id": "oai:u-bordeaux-montaigne.fr:340373", "symbol_class": "building", "pixel_x": 6004.1, "pixel_y": 3077.4, "easting": 618940.1, "northing": 417013.1, "epsg_source": 22391}}, {"type": "Feature", "geometry": {"type": "Point", "coordinates": [11.08184, 37.05931]}, "properties": {"record_id": "oai:u-bordeaux-montaigne.fr:340373", "symbol_class": "building", "pixel_x": 2768.8, "pixel_y": 3087.1, "easting": 605042.0, "northing": 417983.3, "epsg_source": 22391}}, {"type": "Feature", "geometry": {"type": "Point", "coordinates": [11.06887, 37.05936]}, "properties": {"record_id": "oai:u-bordeaux-montaigne.fr:340373", "symbol_class": "building", "pixel_x": 2502.0, "pixel_y": 3108.8, "easting": 603889.0, "northing": 417975.1, "epsg_source": 22391}}, {"type": "Feature", "geometry": {"type": "Point", "coordinates": [11.06799, 37.05939]}, "properties": {"record_id": "oai:u-bordeaux-montaigne.fr:340373", "symbol_class": "building", "pixel_x": 2483.9, "pixel_y": 3109.6, "easting": 603810.9, "northing": 417977.6, "epsg_source": 22391}}, {"type": "Feature", "geometry": {"type": "Point", "coordinates": [11.06734, 37.05941]}, "properties": {"record_id": "oai:u-bordeaux-montaigne.fr:340373", "symbol_class": "building", "pixel_x": 2470.4, "pixel_y": 3110.2, "easting": 603752.6, "northing": 417979.2, "epsg_source": 22391}}, {"type": "Feature", "geometry": {"type": "Point", "coordinates": [11.05678, 37.05944]}, "properties": {"record_id": "oai:u-bordeaux-montaigne.fr:340373", "symbol_class": "building", "pixel_x": 2253.1, "pixel_y": 3128.2, "easting": 602813.4, "northing": 417971.4, "epsg_source": 22391}}, {"type": "Feature", "geometry": {"type": "Point", "coordinates": [11.05482, 37.0595]}, "properties": {"record_id": "oai:u-bordeaux-montaigne.fr:340373", "symbol_class": "building", "pixel_x": 2212.8, "pixel_y": 3130.1, "easting": 602639.6, "northing": 417976.0, "epsg_source": 22391}}, {"type": "Feature", "geometry": {"type": "Point", "coordinates": [11.0514, 37.05949]}, "properties": {"record_id": "oai:u-bordeaux-montaigne.fr:340373", "symbol_class": "building", "pixel_x": 2142.4, "pixel_y": 3136.6, "easting": 602335.0, "northing": 417970.8, "epsg_source": 22391}}, {"type": "Feature", "geometry": {"type": "Point", "coordinates": [11.0504, 37.05953]}, "properties": {"record_id": "oai:u-bordeaux-montaigne.fr:340373", "symbol_class": "building", "pixel_x": 2121.8, "pixel_y": 3137.4, "easting": 602246.3, "northing": 417973.8, "epsg_source": 22391}}, {"type": "Feature", "geometry": {"type": "Point", "coordinates": [11.04812, 37.05953]}, "properties": {"record_id": "oai:u-bordeaux-montaigne.fr:340373", "symbol_class": "building", "pixel_x": 2075.0, "pixel_y": 3141.4, "easting": 602043.9, "northing": 417971.4, "epsg_source": 22391}}, {"type": "Feature", "geometry": {"type": "Point", "coordinates": [11.04929, 37.05951]}, "properties": {"record_id": "oai:u-bordeaux-montaigne.fr:340373", "symbol_class": "building", "pixel_x": 2099.0, "pixel_y": 3139.9, "easting": 602147.3, "northing": 417970.6, "epsg_source": 22391}}, {"type": "Feature", "geometry": {"type": "Point", "coordinates": [11.04566, 37.05952]}, "properties": {"record_id": "oai:u-bordeaux-montaigne.fr:340373", "symbol_class": "building", "pixel_x": 2024.4, "pixel_y": 3145.9, "easting": 601825.0, "northing": 417968.4, "epsg_source": 22391}}, {"type": "Feature", "geometry": {"type": "Point", "coordinates": [11.04247, 37.05957]}, "properties": {"record_id": "oai:u-bordeaux-montaigne.fr:340373", "symbol_class": "building", "pixel_x": 1958.6, "pixel_y": 3150.3, "easting": 601541.0, "northing": 417970.6, "epsg_source": 22391}}, {"type": "Feature", "geometry": {"type": "Point", "coordinates": [11.04345, 37.05952]}, "properties": {"record_id": "oai:u-bordeaux-montaigne.fr:340373", "symbol_class": "building", "pixel_x": 1978.9, "pixel_y": 3150.0, "easting": 601628.5, "northing": 417965.6, "epsg_source": 22391}}, {"type": "Feature", "geometry": {"type": "Point", "coordinates": [11.04125, 37.05957]}, "properties": {"record_id": "oai:u-bordeaux-montaigne.fr:340373", "symbol_class": "building", "pixel_x": 1933.5, "pixel_y": 3152.5, "easting": 601432.4, "northing": 417969.3, "epsg_source": 22391}}, {"type": "Feature", "geometry": {"type": "Point", "coordinates": [11.04005, 37.05962]}, "properties": {"record_id": "oai:u-bordeaux-montaigne.fr:340373", "symbol_class": "building", "pixel_x": 1908.8, "pixel_y": 3153.4, "easting": 601326.1, "northing": 417973.3, "epsg_source": 22391}}, {"type": "Feature", "geometry": {"type": "Point", "coordinates": [11.03506, 37.05962]}, "properties": {"record_id": "oai:u-bordeaux-montaigne.fr:340373", "symbol_class": "building", "pixel_x": 1806.2, "pixel_y": 3162.2, "easting": 600882.4, "northing": 417968.2, "epsg_source": 22391}}, {"type": "Feature", "geometry": {"type": "Point", "coordinates": [11.03367, 37.05961]}, "properties": {"record_id": "oai:u-bordeaux-montaigne.fr:340373", "symbol_class": "building", "pixel_x": 1777.5, "pixel_y": 3164.8, "easting": 600758.5, "northing": 417966.2, "epsg_source": 22391}}, {"type": "Feature", "geometry": {"type": "Point", "coordinates": [11.02763, 37.05969]}, "properties": {"record_id": "oai:u-bordeaux-montaigne.fr:340373", "symbol_class": "building", "pixel_x": 1653.2, "pixel_y": 3173.6, "easting": 600221.7, "northing": 417968.2, "epsg_source": 22391}}, {"type": "Feature", "geometry": {"type": "Point", "coordinates": [11.02831, 37.05965]}, "properties": {"record_id": "oai:u-bordeaux-montaigne.fr:340373", "symbol_class": "building", "pixel_x": 1667.2, "pixel_y": 3173.3, "easting": 600281.8, "northing": 417965.0, "epsg_source": 22391}}, {"type": "Feature", "geometry": {"type": "Point", "coordinates": [11.02575, 37.05966]}, "properties": {"record_id": "oai:u-bordeaux-montaigne.fr:340373", "symbol_class": "building", "pixel_x": 1614.6, "pixel_y": 3177.7, "easting": 600054.5, "northing": 417963.0, "epsg_source": 22391}}, {"type": "Feature", "geometry": {"type": "Point", "coordinates": [11.02059, 37.05968]}, "properties": {"record_id": "oai:u-bordeaux-montaigne.fr:340373", "symbol_class": "building", "pixel_x": 1508.4, "pixel_y": 3186.2, "easting": 599595.6, "northing": 417960.1, "epsg_source": 22391}}, {"type": "Feature", "geometry": {"type": "Point", "coordinates": [11.16872, 37.04964]}, "properties": {"record_id": "oai:u-bordeaux-montaigne.fr:340373", "symbol_class": "building", "pixel_x": 4578.6, "pixel_y": 3184.7, "easting": 612781.6, "northing": 417007.2, "epsg_source": 22391}}, {"type": "Feature", "geometry": {"type": "Point", "coordinates": [11.01573, 37.05973]}, "properties": {"record_id": "oai:u-bordeaux-montaigne.fr:340373", "symbol_class": "building", "pixel_x": 1408.4, "pixel_y": 3193.5, "easting": 599163.4, "northing": 417960.9, "epsg_source": 22391}}, {"type": "Feature", "geometry": {"type": "Point", "coordinates": [11.01207, 37.05972]}, "properties": {"record_id": "oai:u-bordeaux-montaigne.fr:340373", "symbol_class": "building", "pixel_x": 1333.2, "pixel_y": 3200.4, "easting": 598838.1, "northing": 417955.5, "epsg_source": 22391}}, {"type": "Feature", "geometry": {"type": "Point", "coordinates": [11.01343, 37.05899]}, "properties": {"record_id": "oai:u-bordeaux-montaigne.fr:340373", "symbol_class": "building", "pixel_x": 1362.8, "pixel_y": 3217.1, "easting": 598959.8, "northing": 417875.9, "epsg_source": 22391}}, {"type": "Feature", "geometry": {"type": "Point", "coordinates": [11.00108, 37.05982]}, "properties": {"record_id": "oai:u-bordeaux-montaigne.fr:340373", "symbol_class": "building", "pixel_x": 1106.9, "pixel_y": 3217.0, "easting": 597860.8, "northing": 417956.2, "epsg_source": 22391}}, {"type": "Feature", "geometry": {"type": "Point", "coordinates": [11.00184, 37.05978]}, "properties": {"record_id": "oai:u-bordeaux-montaigne.fr:340373", "symbol_class": "building", "pixel_x": 1122.5, "pixel_y": 3216.9, "easting": 597927.9, "northing": 417951.8, "epsg_source": 22391}}, {"type": "Feature", "geometry": {"type": "Point", "coordinates": [10.99893, 37.05977]}, "properties": {"record_id": "oai:u-bordeaux-montaigne.fr:340373", "symbol_class": "building", "pixel_x": 1062.8, "pixel_y": 3222.2, "easting": 597669.5, "northing": 417948.1, "epsg_source": 22391}}, {"type": "Feature", "geometry": {"type": "Point", "coordinates": [10.99715, 37.05982]}, "properties": {"record_id": "oai:u-bordeaux-montaigne.fr:340373", "symbol_class": "building", "pixel_x": 1026.1, "pixel_y": 3224.1, "easting": 597511.3, "northing": 417951.5, "epsg_source": 22391}}, {"type": "Feature", "geometry": {"type": "Point", "coordinates": [10.99632, 37.0598]}, "properties": {"record_id": "oai:u-bordeaux-montaigne.fr:340373", "symbol_class": "building", "pixel_x": 1009.1, "pixel_y": 3225.9, "easting": 597437.5, "northing": 417949.4, "epsg_source": 22391}}, {"type": "Feature", "geometry": {"type": "Point", "coordinates": [10.99491, 37.05984]}, "properties": {"record_id": "oai:u-bordeaux-montaigne.fr:340373", "symbol_class": "building", "pixel_x": 979.9, "pixel_y": 3227.3, "easting": 597311.9, "northing": 417952.4, "epsg_source": 22391}}, {"type": "Feature", "geometry": {"type": "Point", "coordinates": [10.99407, 37.05984]}, "properties": {"record_id": "oai:u-bordeaux-montaigne.fr:340373", "symbol_class": "building", "pixel_x": 962.7, "pixel_y": 3229.0, "easting": 597237.1, "northing": 417950.7, "epsg_source": 22391}}, {"type": "Feature", "geometry": {"type": "Point", "coordinates": [10.9932, 37.05986]}, "properties": {"record_id": "oai:u-bordeaux-montaigne.fr:340373", "symbol_class": "building", "pixel_x": 944.7, "pixel_y": 3230.1, "easting": 597159.6, "northing": 417951.8, "epsg_source": 22391}}, {"type": "Feature", "geometry": {"type": "Point", "coordinates": [11.13967, 37.04989]}, "properties": {"record_id": "oai:u-bordeaux-montaigne.fr:340373", "symbol_class": "building", "pixel_x": 3980.5, "pixel_y": 3230.4, "easting": 610197.5, "northing": 417001.7, "epsg_source": 22391}}, {"type": "Feature", "geometry": {"type": "Point", "coordinates": [10.97202, 37.06019]}, "properties": {"record_id": "oai:u-bordeaux-montaigne.fr:340373", "symbol_class": "building", "pixel_x": 508.5, "pixel_y": 3258.6, "easting": 595276.5, "northing": 417968.4, "epsg_source": 22391}}, {"type": "Feature", "geometry": {"type": "Point", "coordinates": [10.97354, 37.0601]}, "properties": {"record_id": "oai:u-bordeaux-montaigne.fr:340373", "symbol_class": "building", "pixel_x": 539.9, "pixel_y": 3258.3, "easting": 595411.4, "northing": 417959.7, "epsg_source": 22391}}, {"type": "Feature", "geometry": {"type": "Point", "coordinates": [10.98356, 37.05988]}, "properties": {"record_id": "oai:u-bordeaux-montaigne.fr:340373", "symbol_class": "building", "pixel_x": 746.5, "pixel_y": 3246.5, "easting": 596302.9, "northing": 417944.8, "epsg_source": 22391}}, {"type": "Feature", "geometry": {"type": "Point", "coordinates": [10.97273, 37.06013]}, "properties": {"record_id": "oai:u-bordeaux-montaigne.fr:340373", "symbol_class": "building", "pixel_x": 523.1, "pixel_y": 3258.9, "easting": 595339.2, "northing": 417962.3, "epsg_source": 22391}}, {"type": "Feature", "geometry": {"type": "Point", "coordinates": [11.12834, 37.04996]}, "properties": {"record_id": "oai:u-bordeaux-montaigne.fr:340373", "symbol_class": "building", "pixel_x": 3747.4, "pixel_y": 3248.8, "easting": 609190.2, "northing": 416997.5, "epsg_source": 22391}}, {"type": "Feature", "geometry": {"type": "Point", "coordinates": [11.12699, 37.04997]}, "properties": {"record_id": "oai:u-bordeaux-montaigne.fr:340373", "symbol_class": "building", "pixel_x": 3719.7, "pixel_y": 3251.0, "easting": 609070.3, "northing": 416996.9, "epsg_source": 22391}}, {"type": "Feature", "geometry": {"type": "Point", "coordinates": [10.97586, 37.05993]}, "properties": {"record_id": "oai:u-bordeaux-montaigne.fr:340373", "symbol_class": "building", "pixel_x": 588.0, "pixel_y": 3258.6, "easting": 595618.1, "northing": 417943.3, "epsg_source": 22391}}, {"type": "Feature", "geometry": {"type": "Point", "coordinates": [11.25045, 37.03982]}, "properties": {"record_id": "oai:u-bordeaux-montaigne.fr:340373", "symbol_class": "building", "pixel_x": 6283.0, "pixel_y": 3293.9, "easting": 620064.8, "northing": 416015.3, "epsg_source": 22391}}, {"type": "Feature", "geometry": {"type": "Point", "coordinates": [11.24931, 37.03982]}, "properties": {"record_id": "oai:u-bordeaux-montaigne.fr:340373", "symbol_class": "building", "pixel_x": 6259.5, "pixel_y": 3296.0, "easting": 619962.9, "northing": 416013.9, "epsg_source": 22391}}, {"type": "Feature", "geometry": {"type": "Point", "coordinates": [11.09298, 37.05022]}, "properties": {"record_id": "oai:u-bordeaux-montaigne.fr:340373", "symbol_class": "building", "pixel_x": 3019.5, "pixel_y": 3305.5, "easting": 606044.9, "northing": 416986.3, "epsg_source": 22391}}, {"type": "Feature", "geometry": {"type": "Point", "coordinates": [10.99559, 37.05646]}, "properties": {"record_id": "oai:u-bordeaux-montaigne.fr:340373", "symbol_class": "building", "pixel_x": 1001.8, "pixel_y": 3314.8, "easting": 597376.3, "northing": 417577.9, "epsg_source": 22391}}, {"type": "Feature", "geometry": {"type": "Point", "coordinates": [11.08909, 37.05023]}, "properties": {"record_id": "oai:u-bordeaux-montaigne.fr:340373", "symbol_class": "building", "pixel_x": 2939.6, "pixel_y": 3312.1, "easting": 605699.3, "northing": 416983.8, "epsg_source": 22391}}, {"type": "Feature", "geometry": {"type": "Point", "coordinates": [11.23882, 37.03991]}, "properties": {"record_id": "oai:u-bordeaux-montaigne.fr:340373", "symbol_class": "building", "pixel_x": 6043.7, "pixel_y": 3312.7, "easting": 619030.5, "northing": 416011.0, "epsg_source": 22391}}, {"type": "Feature", "geometry": {"type": "Point", "coordinates": [11.07392, 37.05077]}, "properties": {"record_id": "oai:u-bordeaux-montaigne.fr:340373", "symbol_class": "building", "pixel_x": 2626.2, "pixel_y": 3325.1, "easting": 604349.3, "northing": 417027.0, "epsg_source": 22391}}, {"type": "Feature", "geometry": {"type": "Point", "coordinates": [11.08005, 37.05031]}, "properties": {"record_id": "oai:u-bordeaux-montaigne.fr:340373", "symbol_class": "building", "pixel_x": 2753.5, "pixel_y": 3326.1, "easting": 604895.4, "northing": 416982.9, "epsg_source": 22391}}, {"type": "Feature", "geometry": {"type": "Point", "coordinates": [11.01096, 37.05477]}, "properties": {"record_id": "oai:u-bordeaux-montaigne.fr:340373", "symbol_class": "building", "pixel_x": 1321.9, "pixel_y": 3332.0, "easting": 598745.2, "northing": 417405.3, "epsg_source": 22391}}, {"type": "Feature", "geometry": {"type": "Point", "coordinates": [11.07908, 37.05028]}, "properties": {"record_id": "oai:u-bordeaux-montaigne.fr:340373", "symbol_class": "building", "pixel_x": 2733.5, "pixel_y": 3328.5, "easting": 604808.8, "northing": 416979.0, "epsg_source": 22391}}, {"type": "Feature", "geometry": {"type": "Point", "coordinates": [11.01334, 37.05449]}, "properties": {"record_id": "oai:u-bordeaux-montaigne.fr:340373", "symbol_class": "building", "pixel_x": 1371.5, "pixel_y": 3335.2, "easting": 598957.1, "northing": 417376.6, "epsg_source": 22391}}, {"type": "Feature", "geometry": {"type": "Point", "coordinates": [11.07556, 37.05032]}, "properties": {"record_id": "oai:u-bordeaux-montaigne.fr:340373", "symbol_class": "building", "pixel_x": 2661.2, "pixel_y": 3333.8, "easting": 604496.3, "northing": 416979.1, "epsg_source": 22391}}, {"type": "Feature", "geometry": {"type": "Point", "coordinates": [11.07041, 37.05036]}, "properties": {"record_id": "oai:u-bordeaux-montaigne.fr:340373", "symbol_class": "building", "pixel_x": 2555.0, "pixel_y": 3342.1, "easting": 604037.6, "northing": 416977.8, "epsg_source": 22391}}, {"type": "Feature", "geometry": {"type": "Point", "coordinates": [11.0127, 37.05405]}, "properties": {"record_id": "oai:u-bordeaux-montaigne.fr:340373", "symbol_class": "building", "pixel_x": 1359.5, "pixel_y": 3347.8, "easting": 598901.3, "northing": 417327.1, "epsg_source": 22391}}, {"type": "Feature", "geometry": {"type": "Point", "coordinates": [11.06729, 37.05047]}, "properties": {"record_id": "oai:u-bordeaux-montaigne.fr:340373", "symbol_class": "building", "pixel_x": 2490.7, "pixel_y": 3344.5, "easting": 603760.8, "northing": 416987.4, "epsg_source": 22391}}, {"type": "Feature", "geometry": {"type": "Point", "coordinates": [11.06889, 37.05035]}, "properties": {"record_id": "oai:u-bordeaux-montaigne.fr:340373", "symbol_class": "building", "pixel_x": 2523.8, "pixel_y": 3345.0, "easting": 603902.5, "northing": 416975.3, "epsg_source": 22391}}, {"type": "Feature", "geometry": {"type": "Point", "coordinates": [11.06541, 37.0504]}, "properties": {"record_id": "oai:u-bordeaux-montaigne.fr:340373", "symbol_class": "building", "pixel_x": 2452.2, "pixel_y": 3349.9, "easting": 603593.6, "northing": 416977.0, "epsg_source": 22391}}, {"type": "Feature", "geometry": {"type": "Point", "coordinates": [11.06352, 37.05047]}, "properties": {"record_id": "oai:u-bordeaux-montaigne.fr:340373", "symbol_class": "building", "pixel_x": 2413.0, "pixel_y": 3351.3, "easting": 603424.6, "northing": 416983.4, "epsg_source": 22391}}, {"type": "Feature", "geometry": {"type": "Point", "coordinates": [11.06199, 37.05042]}, "properties": {"record_id": "oai:u-bordeaux-montaigne.fr:340373", "symbol_class": "building", "pixel_x": 2381.8, "pixel_y": 3355.5, "easting": 603289.0, "northing": 416975.5, "epsg_source": 22391}}, {"type": "Feature", "geometry": {"type": "Point", "coordinates": [11.05969, 37.05045]}, "properties": {"record_id": "oai:u-bordeaux-montaigne.fr:340373", "symbol_class": "building", "pixel_x": 2334.4, "pixel_y": 3358.8, "easting": 603084.6, "northing": 416976.5, "epsg_source": 22391}}, {"type": "Feature", "geometry": {"type": "Point", "coordinates": [10.99948, 37.05447]}, "properties": {"record_id": "oai:u-bordeaux-montaigne.fr:340373", "symbol_class": "building", "pixel_x": 1086.6, "pixel_y": 3360.1, "easting": 597724.9, "northing": 417361.0, "epsg_source": 22391}}, {"type": "Feature", "geometry": {"type": "Point", "coordinates": [11.04531, 37.05127]}, "properties": {"record_id": "oai:u-bordeaux-montaigne.fr:340373", "symbol_class": "building", "pixel_x": 2036.8, "pixel_y": 3362.8, "easting": 601804.9, "northing": 417052.7, "epsg_source": 22391}}, {"type": "Feature", "geometry": {"type": "Point", "coordinates": [11.05748, 37.05048]}, "properties": {"record_id": "oai:u-bordeaux-montaigne.fr:340373", "symbol_class": "building", "pixel_x": 2288.9, "pixel_y": 3361.8, "easting": 602888.2, "northing": 416977.8, "epsg_source": 22391}}, {"type": "Feature", "geometry": {"type": "Point", "coordinates": [11.05825, 37.05045]}, "properties": {"record_id": "oai:u-bordeaux-montaigne.fr:340373", "symbol_class": "building", "pixel_x": 2304.8, "pixel_y": 3361.3, "easting": 602956.6, "northing": 416975.2, "epsg_source": 22391}}, {"type": "Feature", "geometry": {"type": "Point", "coordinates": [11.05266, 37.05047]}, "properties": {"record_id": "oai:u-bordeaux-montaigne.fr:340373", "symbol_class": "building", "pixel_x": 2189.7, "pixel_y": 3370.6, "easting": 602459.0, "northing": 416971.9, "epsg_source": 22391}}, {"type": "Feature", "geometry": {"type": "Point", "coordinates": [11.0517, 37.0505]}, "properties": {"record_id": "oai:u-bordeaux-montaigne.fr:340373", "symbol_class": "building", "pixel_x": 2169.9, "pixel_y": 3371.6, "easting": 602373.8, "northing": 416973.7, "epsg_source": 22391}}, {"type": "Feature", "geometry": {"type": "Point", "coordinates": [10.99148, 37.05402]}, "properties": {"record_id": "oai:u-bordeaux-montaigne.fr:340373", "symbol_class": "building", "pixel_x": 923.0, "pixel_y": 3385.9, "easting": 597013.9, "northing": 417303.2, "epsg_source": 22391}}, {"type": "Feature", "geometry": {"type": "Point", "coordinates": [11.05003, 37.05051]}, "properties": {"record_id": "oai:u-bordeaux-montaigne.fr:340373", "symbol_class": "building", "pixel_x": 2135.5, "pixel_y": 3374.4, "easting": 602225.0, "northing": 416972.8, "epsg_source": 22391}}, {"type": "Feature", "geometry": {"type": "Point", "coordinates": [11.05094, 37.05046]}, "properties": {"record_id": "oai:u-bordeaux-montaigne.fr:340373", "symbol_class": "building", "pixel_x": 2154.4, "pixel_y": 3373.9, "easting": 602306.4, "northing": 416968.9, "epsg_source": 22391}}, {"type": "Feature", "geometry": {"type": "Point", "coordinates": [11.04791, 37.05052]}, "properties": {"record_id": "oai:u-bordeaux-montaigne.fr:340373", "symbol_class": "building", "pixel_x": 2092.1, "pixel_y": 3377.8, "easting": 602037.3, "northing": 416972.0, "epsg_source": 22391}}, {"type": "Feature", "geometry": {"type": "Point", "coordinates": [11.04862, 37.05052]}, "properties": {"record_id": "oai:u-bordeaux-montaigne.fr:340373", "symbol_class": "building", "pixel_x": 2106.5, "pixel_y": 3376.7, "easting": 602099.6, "northing": 416972.3, "epsg_source": 22391}}, {"type": "Feature", "geometry": {"type": "Point", "coordinates": [11.0492, 37.05048]}, "properties": {"record_id": "oai:u-bordeaux-montaigne.fr:340373", "symbol_class": "building", "pixel_x": 2118.6, "pixel_y": 3376.6, "easting": 602151.7, "northing": 416968.9, "epsg_source": 22391}}, {"type": "Feature", "geometry": {"type": "Point", "coordinates": [11.04528, 37.05056]}, "properties": {"record_id": "oai:u-bordeaux-montaigne.fr:340373", "symbol_class": "building", "pixel_x": 2037.8, "pixel_y": 3381.5, "easting": 601803.2, "northing": 416973.6, "epsg_source": 22391}}, {"type": "Feature", "geometry": {"type": "Point", "coordinates": [11.04477, 37.05054]}, "properties": {"record_id": "oai:u-bordeaux-montaigne.fr:340373", "symbol_class": "building", "pixel_x": 2027.3, "pixel_y": 3383.0, "easting": 601757.5, "northing": 416970.5, "epsg_source": 22391}}, {"type": "Feature", "geometry": {"type": "Point", "coordinates": [11.01137, 37.05248]}, "properties": {"record_id": "oai:u-bordeaux-montaigne.fr:340373", "symbol_class": "building", "pixel_x": 1335.9, "pixel_y": 3391.2, "easting": 598785.2, "northing": 417152.2, "epsg_source": 22391}}, {"type": "Feature", "geometry": {"type": "Point", "coordinates": [11.01708, 37.05233]}, "properties": {"record_id": "oai:u-bordeaux-montaigne.fr:340373", "symbol_class": "building", "pixel_x": 1453.7, "pixel_y": 3385.2, "easting": 599293.2, "northing": 417140.7, "epsg_source": 22391}}, {"type": "Feature", "geometry": {"type": "Point", "coordinates": [11.03686, 37.05059]}, "properties": {"record_id": "oai:u-bordeaux-montaigne.fr:340373", "symbol_class": "building", "pixel_x": 1864.4, "pixel_y": 3395.6, "easting": 601053.7, "northing": 416968.5, "epsg_source": 22391}}, {"type": "Feature", "geometry": {"type": "Point", "coordinates": [11.0254, 37.05067]}, "properties": {"record_id": "oai:u-bordeaux-montaigne.fr:340373", "symbol_class": "building", "pixel_x": 1628.7, "pixel_y": 3413.8, "easting": 600035.2, "northing": 416965.4, "epsg_source": 22391}}, {"type": "Feature", "geometry": {"type": "Point", "coordinates": [11.02603, 37.05064]}, "properties": {"record_id": "oai:u-bordeaux-montaigne.fr:340373", "symbol_class": "building", "pixel_x": 1641.6, "pixel_y": 3413.6, "easting": 600090.7, "northing": 416962.5, "epsg_source": 22391}}, {"type": "Feature", "geometry": {"type": "Point", "coordinates": [11.02396, 37.05067]}, "properties": {"record_id": "oai:u-bordeaux-montaigne.fr:340373", "symbol_class": "building", "pixel_x": 1598.9, "pixel_y": 3416.3, "easting": 599906.4, "northing": 416964.4, "epsg_source": 22391}}, {"type": "Feature", "geometry": {"type": "Point", "coordinates": [11.01055, 37.05137]}, "properties": {"record_id": "oai:u-bordeaux-montaigne.fr:340373", "symbol_class": "building", "pixel_x": 1321.6, "pixel_y": 3421.8, "easting": 598713.6, "northing": 417027.7, "epsg_source": 22391}}, {"type": "Feature", "geometry": {"type": "Point", "coordinates": [11.01977, 37.05072]}, "properties": {"record_id": "oai:u-bordeaux-montaigne.fr:340373", "symbol_class": "building", "pixel_x": 1512.7, "pixel_y": 3422.4, "easting": 599534.0, "northing": 416965.5, "epsg_source": 22391}}, {"type": "Feature", "geometry": {"type": "Point", "coordinates": [11.00789, 37.05141]}, "properties": {"record_id": "oai:u-bordeaux-montaigne.fr:340373", "symbol_class": "building", "pixel_x": 1266.8, "pixel_y": 3425.4, "easting": 598476.7, "northing": 417029.9, "epsg_source": 22391}}, {"type": "Feature", "geometry": {"type": "Point", "coordinates": [11.01765, 37.05075]}, "properties": {"record_id": "oai:u-bordeaux-montaigne.fr:340373", "symbol_class": "building", "pixel_x": 1469.1, "pixel_y": 3425.6, "easting": 599345.8, "northing": 416966.0, "epsg_source": 22391}}, {"type": "Feature", "geometry": {"type": "Point", "coordinates": [11.01826, 37.05072]}, "properties": {"record_id": "oai:u-bordeaux-montaigne.fr:340373", "symbol_class": "building", "pixel_x": 1481.7, "pixel_y": 3425.2, "easting": 599399.8, "northing": 416963.3, "epsg_source": 22391}}, {"type": "Feature", "geometry": {"type": "Point", "coordinates": [11.0187, 37.05072]}, "properties": {"record_id": "oai:u-bordeaux-montaigne.fr:340373", "symbol_class": "building", "pixel_x": 1490.8, "pixel_y": 3424.5, "easting": 599439.2, "northing": 416963.8, "epsg_source": 22391}}, {"type": "Feature", "geometry": {"type": "Point", "coordinates": [11.01465, 37.05073]}, "properties": {"record_id": "oai:u-bordeaux-montaigne.fr:340373", "symbol_class": "building", "pixel_x": 1407.5, "pixel_y": 3431.4, "easting": 599079.2, "northing": 416960.8, "epsg_source": 22391}}, {"type": "Feature", "geometry": {"type": "Point", "coordinates": [11.01296, 37.05076]}, "properties": {"record_id": "oai:u-bordeaux-montaigne.fr:340373", "symbol_class": "building", "pixel_x": 1372.5, "pixel_y": 3433.6, "easting": 598928.3, "northing": 416962.1, "epsg_source": 22391}}, {"type": "Feature", "geometry": {"type": "Point", "coordinates": [11.01089, 37.05075]}, "properties": {"record_id": "oai:u-bordeaux-montaigne.fr:340373", "symbol_class": "building", "pixel_x": 1330.0, "pixel_y": 3437.5, "easting": 598744.1, "northing": 416959.1, "epsg_source": 22391}}, {"type": "Feature", "geometry": {"type": "Point", "coordinates": [11.00978, 37.05077]}, "properties": {"record_id": "oai:u-bordeaux-montaigne.fr:340373", "symbol_class": "building", "pixel_x": 1307.1, "pixel_y": 3439.0, "easting": 598645.6, "northing": 416960.3, "epsg_source": 22391}}, {"type": "Feature", "geometry": {"type": "Point", "coordinates": [11.00873, 37.05075]}, "properties": {"record_id": "oai:u-bordeaux-montaigne.fr:340373", "symbol_class": "building", "pixel_x": 1285.5, "pixel_y": 3441.3, "easting": 598552.0, "northing": 416957.1, "epsg_source": 22391}}, {"type": "Feature", "geometry": {"type": "Point", "coordinates": [11.00731, 37.05077]}, "properties": {"record_id": "oai:u-bordeaux-montaigne.fr:340373", "symbol_class": "building", "pixel_x": 1256.3, "pixel_y": 3443.1, "easting": 598425.9, "northing": 416958.5, "epsg_source": 22391}}, {"type": "Feature", "geometry": {"type": "Point", "coordinates": [11.00209, 37.05081]}, "properties": {"record_id": "oai:u-bordeaux-montaigne.fr:340373", "symbol_class": "building", "pixel_x": 1148.8, "pixel_y": 3451.6, "easting": 597961.4, "northing": 416956.7, "epsg_source": 22391}}, {"type": "Feature", "geometry": {"type": "Point", "coordinates": [10.98391, 37.05091]}, "properties": {"record_id": "oai:u-bordeaux-montaigne.fr:340373", "symbol_class": "building", "pixel_x": 774.7, "pixel_y": 3481.0, "easting": 596344.6, "northing": 416949.6, "epsg_source": 22391}}, {"type": "Feature", "geometry": {"type": "Point", "coordinates": [10.98259, 37.0509]}, "properties": {"record_id": "oai:u-bordeaux-montaigne.fr:340373", "symbol_class": "building", "pixel_x": 747.6, "pixel_y": 3483.5, "easting": 596227.6, "northing": 416947.9, "epsg_source": 22391}}, {"type": "Feature", "geometry": {"type": "Point", "coordinates": [10.97099, 37.05113]}, "properties": {"record_id": "oai:u-bordeaux-montaigne.fr:340373", "symbol_class": "building", "pixel_x": 508.4, "pixel_y": 3497.9, "easting": 595195.3, "northing": 416962.0, "epsg_source": 22391}}, {"type": "Feature", "geometry": {"type": "Point", "coordinates": [10.97171, 37.0511]}, "properties": {"record_id": "oai:u-bordeaux-montaigne.fr:340373", "symbol_class": "building", "pixel_x": 523.3, "pixel_y": 3497.5, "easting": 595259.6, "northing": 416958.9, "epsg_source": 22391}}, {"type": "Feature", "geometry": {"type": "Point", "coordinates": [11.06136, 37.04503]}, "properties": {"record_id": "oai:u-bordeaux-montaigne.fr:340373", "symbol_class": "building", "pixel_x": 2381.5, "pixel_y": 3497.8, "easting": 603240.0, "northing": 416376.8, "epsg_source": 22391}}, {"type": "Feature", "geometry": {"type": "Point", "coordinates": [11.0622, 37.0427]}, "properties": {"record_id": "oai:u-bordeaux-montaigne.fr:340373", "symbol_class": "building", "pixel_x": 2404.3, "pixel_y": 3557.2, "easting": 603317.7, "northing": 416120.0, "epsg_source": 22391}}, {"type": "Feature", "geometry": {"type": "Point", "coordinates": [11.22658, 37.031]}, "properties": {"record_id": "oai:u-bordeaux-montaigne.fr:340373", "symbol_class": "building", "pixel_x": 5813.4, "pixel_y": 3568.3, "easting": 617955.1, "northing": 415007.9, "epsg_source": 22391}}, {"type": "Feature", "geometry": {"type": "Point", "coordinates": [11.02974, 37.0444]}, "properties": {"record_id": "oai:u-bordeaux-montaigne.fr:340373", "symbol_class": "building", "pixel_x": 1732.7, "pixel_y": 3570.4, "easting": 600429.0, "northing": 416274.4, "epsg_source": 22391}}, {"type": "Feature", "geometry": {"type": "Point", "coordinates": [10.99139, 37.04674]}, "properties": {"record_id": "oai:u-bordeaux-montaigne.fr:340373", "symbol_class": "building", "pixel_x": 938.3, "pixel_y": 3576.9, "easting": 597015.0, "northing": 416495.2, "epsg_source": 22391}}, {"type": "Feature", "geometry": {"type": "Point", "coordinates": [11.02934, 37.04356]}, "properties": {"record_id": "oai:u-bordeaux-montaigne.fr:340373", "symbol_class": "building", "pixel_x": 1726.4, "pixel_y": 3593.1, "easting": 600394.0, "northing": 416180.9, "epsg_source": 22391}}, {"type": "Feature", "geometry": {"type": "Point", "coordinates": [11.05816, 37.04147]}, "properties": {"record_id": "oai:u-bordeaux-montaigne.fr:340373", "symbol_class": "building", "pixel_x": 2324.1, "pixel_y": 3596.8, "easting": 602959.9, "northing": 415978.5, "epsg_source": 22391}}, {"type": "Feature", "geometry": {"type": "Point", "coordinates": [11.20647, 37.03124]}, "properties": {"record_id": "oai:u-bordeaux-montaigne.fr:340373", "symbol_class": "building", "pixel_x": 5399.2, "pixel_y": 3598.5, "easting": 616166.1, "northing": 415010.3, "epsg_source": 22391}}, {"type": "Feature", "geometry": {"type": "Point", "coordinates": [11.03024, 37.04306]}, "properties": {"record_id": "oai:u-bordeaux-montaigne.fr:340373", "symbol_class": "building", "pixel_x": 1746.1, "pixel_y": 3604.7, "easting": 600474.8, "northing": 416126.2, "epsg_source": 22391}}, {"type": "Feature", "geometry": {"type": "Point", "coordinates": [11.04103, 37.04159]}, "properties": {"record_id": "oai:u-bordeaux-montaigne.fr:340373", "symbol_class": "building", "pixel_x": 1971.6, "pixel_y": 3624.1, "easting": 601436.8, "northing": 415973.8, "epsg_source": 22391}}, {"type": "Feature", "geometry": {"type": "Point", "coordinates": [11.02287, 37.04262]}, "properties": {"record_id": "oai:u-bordeaux-montaigne.fr:340373", "symbol_class": "building", "pixel_x": 1595.7, "pixel_y": 3629.4, "easting": 599820.5, "northing": 416069.1, "epsg_source": 22391}}, {"type": "Feature", "geometry": {"type": "Point", "coordinates": [11.15895, 37.03168]}, "properties": {"record_id": "oai:u-bordeaux-montaigne.fr:340373", "symbol_class": "building", "pixel_x": 4420.6, "pixel_y": 3672.9, "easting": 611938.2, "northing": 415003.3, "epsg_source": 22391}}, {"type": "Feature", "geometry": {"type": "Point", "coordinates": [11.02034, 37.04083]}, "properties": {"record_id": "oai:u-bordeaux-montaigne.fr:340373", "symbol_class": "building", "pixel_x": 1547.8, "pixel_y": 3680.8, "easting": 599597.3, "northing": 415868.2, "epsg_source": 22391}}, {"type": "Feature", "geometry": {"type": "Point", "coordinates": [11.02003, 37.04063]}, "properties": {"record_id": "oai:u-bordeaux-montaigne.fr:340373", "symbol_class": "building", "pixel_x": 1541.9, "pixel_y": 3686.6, "easting": 599570.3, "northing": 415845.6, "epsg_source": 22391}}, {"type": "Feature", "geometry": {"type": "Point", "coordinates": [10.99296, 37.04186]}, "properties": {"record_id": "oai:u-bordeaux-montaigne.fr:340373", "symbol_class": "building", "pixel_x": 982.2, "pixel_y": 3702.2, "easting": 597161.0, "northing": 415954.8, "epsg_source": 22391}}, {"type": "Feature", "geometry": {"type": "Point", "coordinates": [11.13655, 37.03188]}, "properties": {"record_id": "oai:u-bordeaux-montaigne.fr:340373", "symbol_class": "building", "pixel_x": 3959.5, "pixel_y": 3708.0, "easting": 609945.9, "northing": 414999.9, "epsg_source": 22391}}, {"type": "Feature", "geometry": {"type": "Point", "coordinates": [10.98446, 37.04193]}, "properties": {"record_id": "oai:u-bordeaux-montaigne.fr:340373", "symbol_class": "building", "pixel_x": 807.1, "pixel_y": 3715.3, "easting": 596404.9, "northing": 415954.5, "epsg_source": 22391}}, {"type": "Feature", "geometry": {"type": "Point", "coordinates": [10.98529, 37.04194]}, "properties": {"record_id": "oai:u-bordeaux-montaigne.fr:340373", "symbol_class": "building", "pixel_x": 824.2, "pixel_y": 3713.6, "easting": 596478.8, "northing": 415956.1, "epsg_source": 22391}}, {"type": "Feature", "geometry": {"type": "Point", "coordinates": [10.98087, 37.04193]}, "properties": {"record_id": "oai:u-bordeaux-montaigne.fr:340373", "symbol_class": "building", "pixel_x": 733.4, "pixel_y": 3721.6, "easting": 596085.8, "northing": 415950.9, "epsg_source": 22391}}, {"type": "Feature", "geometry": {"type": "Point", "coordinates": [10.98059, 37.04195]}, "properties": {"record_id": "oai:u-bordeaux-montaigne.fr:340373", "symbol_class": "building", "pixel_x": 727.5, "pixel_y": 3721.7, "easting": 596060.7, "northing": 415952.3, "epsg_source": 22391}}, {"type": "Feature", "geometry": {"type": "Point", "coordinates": [10.97002, 37.04191]}, "properties": {"record_id": "oai:u-bordeaux-montaigne.fr:340373", "symbol_class": "building", "pixel_x": 510.1, "pixel_y": 3741.3, "easting": 595120.4, "northing": 415937.7, "epsg_source": 22391}}, {"type": "Feature", "geometry": {"type": "Point", "coordinates": [10.97075, 37.04186]}, "properties": {"record_id": "oai:u-bordeaux-montaigne.fr:340373", "symbol_class": "building", "pixel_x": 525.2, "pixel_y": 3741.4, "easting": 595185.4, "northing": 415932.8, "epsg_source": 22391}}, {"type": "Feature", "geometry": {"type": "Point", "coordinates": [10.97159, 37.04179]}, "properties": {"record_id": "oai:u-bordeaux-montaigne.fr:340373", "symbol_class": "building", "pixel_x": 542.7, "pixel_y": 3741.7, "easting": 595260.2, "northing": 415925.8, "epsg_source": 22391}}, {"type": "Feature", "geometry": {"type": "Point", "coordinates": [11.26123, 37.02168]}, "properties": {"record_id": "oai:u-bordeaux-montaigne.fr:340373", "symbol_class": "building", "pixel_x": 6548.6, "pixel_y": 3749.4, "easting": 621051.4, "northing": 414016.7, "epsg_source": 22391}}, {"type": "Feature", "geometry": {"type": "Point", "coordinates": [11.24863, 37.02184]}, "properties": {"record_id": "oai:u-bordeaux-montaigne.fr:340373", "symbol_class": "building", "pixel_x": 6289.1, "pixel_y": 3768.2, "easting": 619930.5, "northing": 414018.9, "epsg_source": 22391}}, {"type": "Feature", "geometry": {"type": "Point", "coordinates": [11.09294, 37.03224]}, "properties": {"record_id": "oai:u-bordeaux-montaigne.fr:340373", "symbol_class": "building", "pixel_x": 3061.5, "pixel_y": 3776.6, "easting": 606066.0, "northing": 414992.1, "epsg_source": 22391}}, {"type": "Feature", "geometry": {"type": "Point", "coordinates": [11.00292, 37.03807]}, "properties": {"record_id": "oai:u-bordeaux-montaigne.fr:340373", "symbol_class": "building", "pixel_x": 1195.9, "pixel_y": 3783.9, "easting": 598051.4, "northing": 415544.3, "epsg_source": 22391}}, {"type": "Feature", "geometry": {"type": "Point", "coordinates": [11.02504, 37.03614]}, "properties": {"record_id": "oai:u-bordeaux-montaigne.fr:340373", "symbol_class": "building", "pixel_x": 1655.6, "pixel_y": 3795.2, "easting": 600021.6, "northing": 415353.2, "epsg_source": 22391}}, {"type": "Feature", "geometry": {"type": "Point", "coordinates": [11.08019, 37.03229]}, "properties": {"record_id": "oai:u-bordeaux-montaigne.fr:340373", "symbol_class": "building", "pixel_x": 2799.1, "pixel_y": 3798.0, "easting": 604931.7, "northing": 414983.9, "epsg_source": 22391}}, {"type": "Feature", "geometry": {"type": "Point", "coordinates": [11.22735, 37.02205]}, "properties": {"record_id": "oai:u-bordeaux-montaigne.fr:340373", "symbol_class": "building", "pixel_x": 5850.8, "pixel_y": 3801.5, "easting": 618036.9, "northing": 414015.6, "epsg_source": 22391}}, {"type": "Feature", "geometry": {"type": "Point", "coordinates": [11.0704, 37.03238]}, "properties": {"record_id": "oai:u-bordeaux-montaigne.fr:340373", "symbol_class": "building", "pixel_x": 2597.5, "pixel_y": 3813.3, "easting": 604060.7, "northing": 414982.8, "epsg_source": 22391}}, {"type": "Feature", "geometry": {"type": "Point", "coordinates": [10.99126, 37.03699]}, "properties": {"record_id": "oai:u-bordeaux-montaigne.fr:340373", "symbol_class": "building", "pixel_x": 958.7, "pixel_y": 3832.9, "easting": 597016.2, "northing": 415412.5, "epsg_source": 22391}}, {"type": "Feature", "geometry": {"type": "Point", "coordinates": [11.21296, 37.02221]}, "properties": {"record_id": "oai:u-bordeaux-montaigne.fr:340373", "symbol_class": "building", "pixel_x": 5554.5, "pixel_y": 3823.4, "easting": 616757.1, "northing": 414016.2, "epsg_source": 22391}}, {"type": "Feature", "geometry": {"type": "Point", "coordinates": [11.05891, 37.03249]}, "properties": {"record_id": "oai:u-bordeaux-montaigne.fr:340373", "symbol_class": "building", "pixel_x": 2360.9, "pixel_y": 3830.8, "easting": 603039.0, "northing": 414982.9, "epsg_source": 22391}}, {"type": "Feature", "geometry": {"type": "Point", "coordinates": [11.05804, 37.03249]}, "properties": {"record_id": "oai:u-bordeaux-montaigne.fr:340373", "symbol_class": "building", "pixel_x": 2342.9, "pixel_y": 3832.3, "easting": 602961.0, "northing": 414982.2, "epsg_source": 22391}}, {"type": "Feature", "geometry": {"type": "Point", "coordinates": [10.98134, 37.0375]}, "properties": {"record_id": "oai:u-bordeaux-montaigne.fr:340373", "symbol_class": "building", "pixel_x": 753.5, "pixel_y": 3837.0, "easting": 596133.2, "northing": 415459.3, "epsg_source": 22391}}, {"type": "Feature", "geometry": {"type": "Point", "coordinates": [11.05663, 37.03248]}, "properties": {"record_id": "oai:u-bordeaux-montaigne.fr:340373", "symbol_class": "building", "pixel_x": 2314.0, "pixel_y": 3835.0, "easting": 602836.1, "northing": 414980.2, "epsg_source": 22391}}, {"type": "Feature", "geometry": {"type": "Point", "coordinates": [11.048, 37.03255]}, "properties": {"record_id": "oai:u-bordeaux-montaigne.fr:340373", "symbol_class": "building", "pixel_x": 2136.3, "pixel_y": 3848.5, "easting": 602068.1, "northing": 414978.9, "epsg_source": 22391}}, {"type": "Feature", "geometry": {"type": "Point", "coordinates": [11.03782, 37.03312]}, "properties": {"record_id": "oai:u-bordeaux-montaigne.fr:340373", "symbol_class": "building", "pixel_x": 1925.5, "pixel_y": 3851.7, "easting": 601161.6, "northing": 415031.1, "epsg_source": 22391}}, {"type": "Feature", "geometry": {"type": "Point", "coordinates": [11.04653, 37.03257]}, "properties": {"record_id": "oai:u-bordeaux-montaigne.fr:340373", "symbol_class": "building", "pixel_x": 2106.0, "pixel_y": 3850.7, "easting": 601937.4, "northing": 414978.9, "epsg_source": 22391}}, {"type": "Feature", "geometry": {"type": "Point", "coordinates": [10.99022, 37.03544]}, "properties": {"record_id": "oai:u-bordeaux-montaigne.fr:340373", "symbol_class": "building", "pixel_x": 940.9, "pixel_y": 3875.3, "easting": 596925.2, "northing": 415239.7, "epsg_source": 22391}}, {"type": "Feature", "geometry": {"type": "Point", "coordinates": [10.98089, 37.03588]}, "properties": {"record_id": "oai:u-bordeaux-montaigne.fr:340373", "symbol_class": "building", "pixel_x": 747.9, "pixel_y": 3880.1, "easting": 596094.6, "northing": 415279.8, "epsg_source": 22391}}, {"type": "Feature", "geometry": {"type": "Point", "coordinates": [11.01598, 37.03364]}, "properties": {"record_id": "oai:u-bordeaux-montaigne.fr:340373", "symbol_class": "building", "pixel_x": 1475.1, "pixel_y": 3877.0, "easting": 599219.0, "northing": 415065.7, "epsg_source": 22391}}, {"type": "Feature", "geometry": {"type": "Point", "coordinates": [11.17139, 37.0226]}, "properties": {"record_id": "oai:u-bordeaux-montaigne.fr:340373", "symbol_class": "building", "pixel_x": 4698.4, "pixel_y": 3888.2, "easting": 613058.5, "northing": 414011.1, "epsg_source": 22391}}, {"type": "Feature", "geometry": {"type": "Point", "coordinates": [11.00418, 37.03385]}, "properties": {"record_id": "oai:u-bordeaux-montaigne.fr:340373", "symbol_class": "building", "pixel_x": 1231.8, "pixel_y": 3892.2, "easting": 598168.8, "northing": 415077.5, "epsg_source": 22391}}, {"type": "Feature", "geometry": {"type": "Point", "coordinates": [11.0224, 37.03275]}, "properties": {"record_id": "oai:u-bordeaux-montaigne.fr:340373", "symbol_class": "building", "pixel_x": 1609.3, "pixel_y": 3888.9, "easting": 599791.2, "northing": 414973.7, "epsg_source": 22391}}, {"type": "Feature", "geometry": {"type": "Point", "coordinates": [11.00071, 37.03368]}, "properties": {"record_id": "oai:u-bordeaux-montaigne.fr:340373", "symbol_class": "building", "pixel_x": 1160.8, "pixel_y": 3902.8, "easting": 597860.2, "northing": 415055.6, "epsg_source": 22391}}, {"type": "Feature", "geometry": {"type": "Point", "coordinates": [11.01394, 37.03282]}, "properties": {"record_id": "oai:u-bordeaux-montaigne.fr:340373", "symbol_class": "building", "pixel_x": 1435.1, "pixel_y": 3902.0, "easting": 599038.8, "northing": 414972.8, "epsg_source": 22391}}, {"type": "Feature", "geometry": {"type": "Point", "coordinates": [11.01473, 37.03278]}, "properties": {"record_id": "oai:u-bordeaux-montaigne.fr:340373", "symbol_class": "building", "pixel_x": 1451.4, "pixel_y": 3901.6, "easting": 599109.0, "northing": 414969.4, "epsg_source": 22391}}, {"type": "Feature", "geometry": {"type": "Point", "coordinates": [11.01292, 37.03282]}, "properties": {"record_id": "oai:u-bordeaux-montaigne.fr:340373", "symbol_class": "building", "pixel_x": 1414.1, "pixel_y": 3903.7, "easting": 598947.9, "northing": 414972.3, "epsg_source": 22391}}, {"type": "Feature", "geometry": {"type": "Point", "coordinates": [11.01193, 37.03284]}, "properties": {"record_id": "oai:u-bordeaux-montaigne.fr:340373", "symbol_class": "building", "pixel_x": 1393.5, "pixel_y": 3904.9, "easting": 598859.2, "northing": 414973.8, "epsg_source": 22391}}, {"type": "Feature", "geometry": {"type": "Point", "coordinates": [11.01061, 37.03283]}, "properties": {"record_id": "oai:u-bordeaux-montaigne.fr:340373", "symbol_class": "building", "pixel_x": 1366.5, "pixel_y": 3907.7, "easting": 598742.2, "northing": 414970.5, "epsg_source": 22391}}, {"type": "Feature", "geometry": {"type": "Point", "coordinates": [11.15854, 37.02272]}, "properties": {"record_id": "oai:u-bordeaux-montaigne.fr:340373", "symbol_class": "building", "pixel_x": 4433.8, "pixel_y": 3908.4, "easting": 611915.0, "northing": 414009.0, "epsg_source": 22391}}, {"type": "Feature", "geometry": {"type": "Point", "coordinates": [11.05258, 37.02796]}, "properties": {"record_id": "oai:u-bordeaux-montaigne.fr:340373", "symbol_class": "building", "pixel_x": 2241.3, "pixel_y": 3960.8, "easting": 602481.4, "northing": 414473.8, "epsg_source": 22391}}, {"type": "Feature", "geometry": {"type": "Point", "coordinates": [10.96875, 37.03304]}, "properties": {"record_id": "oai:u-bordeaux-montaigne.fr:340373", "symbol_class": "building", "pixel_x": 504.8, "pixel_y": 3976.1, "easting": 595018.2, "northing": 414952.3, "epsg_source": 22391}}, {"type": "Feature", "geometry": {"type": "Point", "coordinates": [10.96966, 37.03299]}, "properties": {"record_id": "oai:u-bordeaux-montaigne.fr:340373", "symbol_class": "building", "pixel_x": 523.6, "pixel_y": 3975.6, "easting": 595099.2, "northing": 414948.3, "epsg_source": 22391}}, {"type": "Feature", "geometry": {"type": "Point", "coordinates": [11.05683, 37.0271]}, "properties": {"record_id": "oai:u-bordeaux-montaigne.fr:340373", "symbol_class": "building", "pixel_x": 2330.8, "pixel_y": 3975.7, "easting": 602860.5, "northing": 414383.2, "epsg_source": 22391}}, {"type": "Feature", "geometry": {"type": "Point", "coordinates": [10.99116, 37.03154]}, "properties": {"record_id": "oai:u-bordeaux-montaigne.fr:340373", "symbol_class": "building", "pixel_x": 969.5, "pixel_y": 3975.7, "easting": 597013.9, "northing": 414808.4, "epsg_source": 22391}}, {"type": "Feature", "geometry": {"type": "Point", "coordinates": [10.99117, 37.03083]}, "properties": {"record_id": "oai:u-bordeaux-montaigne.fr:340373", "symbol_class": "building", "pixel_x": 971.3, "pixel_y": 3994.3, "easting": 597015.8, "northing": 414729.8, "epsg_source": 22391}}, {"type": "Feature", "geometry": {"type": "Point", "coordinates": [11.01809, 37.02814]}, "properties": {"record_id": "oai:u-bordeaux-montaigne.fr:340373", "symbol_class": "building", "pixel_x": 1531.4, "pixel_y": 4017.4, "easting": 599413.4, "northing": 414457.7, "epsg_source": 22391}}, {"type": "Feature", "geometry": {"type": "Point", "coordinates": [11.07033, 37.0234]}, "properties": {"record_id": "oai:u-bordeaux-montaigne.fr:340373", "symbol_class": "building", "pixel_x": 2617.5, "pixel_y": 4048.6, "easting": 604067.1, "northing": 413986.9, "epsg_source": 22391}}, {"type": "Feature", "geometry": {"type": "Point", "coordinates": [11.01798, 37.02656]}, "properties": {"record_id": "oai:u-bordeaux-montaigne.fr:340373", "symbol_class": "building", "pixel_x": 1532.9, "pixel_y": 4058.9, "easting": 599405.5, "northing": 414282.5, "epsg_source": 22391}}, {"type": "Feature", "geometry": {"type": "Point", "coordinates": [11.21519, 37.01312]}, "properties": {"record_id": "oai:u-bordeaux-montaigne.fr:340373", "symbol_class": "building", "pixel_x": 5622.3, "pixel_y": 4057.5, "easting": 616968.9, "northing": 413010.5, "epsg_source": 22391}}, {"type": "Feature", "geometry": {"type": "Point", "coordinates": [10.99241, 37.02825]}, "properties": {"record_id": "oai:u-bordeaux-montaigne.fr:340373", "symbol_class": "building", "pixel_x": 1002.8, "pixel_y": 4059.8, "easting": 597128.9, "northing": 414444.6, "epsg_source": 22391}}, {"type": "Feature", "geometry": {"type": "Point", "coordinates": [11.05959, 37.02349]}, "properties": {"record_id": "oai:u-bordeaux-montaigne.fr:340373", "symbol_class": "building", "pixel_x": 2396.3, "pixel_y": 4065.5, "easting": 603111.6, "northing": 413985.0, "epsg_source": 22391}}, {"type": "Feature", "geometry": {"type": "Point", "coordinates": [11.06027, 37.02346]}, "properties": {"record_id": "oai:u-bordeaux-montaigne.fr:340373", "symbol_class": "building", "pixel_x": 2410.3, "pixel_y": 4065.1, "easting": 603171.8, "northing": 413982.4, "epsg_source": 22391}}, {"type": "Feature", "geometry": {"type": "Point", "coordinates": [11.05871, 37.02347]}, "properties": {"record_id": "oai:u-bordeaux-montaigne.fr:340373", "symbol_class": "building", "pixel_x": 2378.2, "pixel_y": 4067.5, "easting": 603032.9, "northing": 413982.4, "epsg_source": 22391}}, {"type": "Feature", "geometry": {"type": "Point", "coordinates": [11.05792, 37.02348]}, "properties": {"record_id": "oai:u-bordeaux-montaigne.fr:340373", "symbol_class": "building", "pixel_x": 2361.8, "pixel_y": 4068.7, "easting": 602962.5, "northing": 413982.5, "epsg_source": 22391}}, {"type": "Feature", "geometry": {"type": "Point", "coordinates": [11.05679, 37.0235]}, "properties": {"record_id": "oai:u-bordeaux-montaigne.fr:340373", "symbol_class": "building", "pixel_x": 2338.6, "pixel_y": 4070.1, "easting": 602862.0, "northing": 413983.9, "epsg_source": 22391}}, {"type": "Feature", "geometry": {"type": "Point", "coordinates": [11.03013, 37.02487]}, "properties": {"record_id": "oai:u-bordeaux-montaigne.fr:340373", "symbol_class": "building", "pixel_x": 1786.8, "pixel_y": 4081.6, "easting": 600488.2, "northing": 414108.0, "epsg_source": 22391}}, {"type": "Feature", "geometry": {"type": "Point", "coordinates": [10.98351, 37.02778]}, "properties": {"record_id": "oai:u-bordeaux-montaigne.fr:340373", "symbol_class": "building", "pixel_x": 820.8, "pixel_y": 4087.9, "easting": 596337.5, "northing": 414383.3, "epsg_source": 22391}}, {"type": "Feature", "geometry": {"type": "Point", "coordinates": [11.04615, 37.02359]}, "properties": {"record_id": "oai:u-bordeaux-montaigne.fr:340373", "symbol_class": "building", "pixel_x": 2119.6, "pixel_y": 4086.6, "easting": 601915.9, "northing": 413982.8, "epsg_source": 22391}}, {"type": "Feature", "geometry": {"type": "Point", "coordinates": [11.02927, 37.02409]}, "properties": {"record_id": "oai:u-bordeaux-montaigne.fr:340373", "symbol_class": "building", "pixel_x": 1771.1, "pixel_y": 4103.6, "easting": 600413.6, "northing": 414020.4, "epsg_source": 22391}}, {"type": "Feature", "geometry": {"type": "Point", "coordinates": [11.03101, 37.02373]}, "properties": {"record_id": "oai:u-bordeaux-montaigne.fr:340373", "symbol_class": "building", "pixel_x": 1807.7, "pixel_y": 4110.0, "easting": 600568.6, "northing": 413982.0, "epsg_source": 22391}}, {"type": "Feature", "geometry": {"type": "Point", "coordinates": [11.03168, 37.02369]}, "properties": {"record_id": "oai:u-bordeaux-montaigne.fr:340373", "symbol_class": "building", "pixel_x": 1821.5, "pixel_y": 4109.7, "easting": 600627.9, "northing": 413978.8, "epsg_source": 22391}}, {"type": "Feature", "geometry": {"type": "Point", "coordinates": [11.17009, 37.01359]}, "properties": {"record_id": "oai:u-bordeaux-montaigne.fr:340373", "symbol_class": "building", "pixel_x": 4693.3, "pixel_y": 4126.9, "easting": 612955.7, "northing": 413009.0, "epsg_source": 22391}}, {"type": "Feature", "geometry": {"type": "Point", "coordinates": [11.0127, 37.02383]}, "properties": {"record_id": "oai:u-bordeaux-montaigne.fr:340373", "symbol_class": "building", "pixel_x": 1430.8, "pixel_y": 4139.8, "easting": 598939.8, "northing": 413974.3, "epsg_source": 22391}}, {"type": "Feature", "geometry": {"type": "Point", "coordinates": [11.15846, 37.01368]}, "properties": {"record_id": "oai:u-bordeaux-montaigne.fr:340373", "symbol_class": "building", "pixel_x": 4453.7, "pixel_y": 4145.5, "easting": 611920.4, "northing": 413005.7, "epsg_source": 22391}}, {"type": "Feature", "geometry": {"type": "Point", "coordinates": [11.13659, 37.01387]}, "properties": {"record_id": "oai:u-bordeaux-montaigne.fr:340373", "symbol_class": "building", "pixel_x": 4003.4, "pixel_y": 4179.6, "easting": 609974.9, "northing": 413002.9, "epsg_source": 22391}}, {"type": "Feature", "geometry": {"type": "Point", "coordinates": [10.97705, 37.02402]}, "properties": {"record_id": "oai:u-bordeaux-montaigne.fr:340373", "symbol_class": "building", "pixel_x": 696.8, "pixel_y": 4197.7, "easting": 595767.9, "northing": 413960.4, "epsg_source": 22391}}, {"type": "Feature", "geometry": {"type": "Point", "coordinates": [10.96793, 37.02413]}, "properties": {"record_id": "oai:u-bordeaux-montaigne.fr:340373", "symbol_class": "building", "pixel_x": 508.8, "pixel_y": 4210.8, "easting": 594956.2, "northing": 413963.6, "epsg_source": 22391}}, {"type": "Feature", "geometry": {"type": "Point", "coordinates": [10.96867, 37.02406]}, "properties": {"record_id": "oai:u-bordeaux-montaigne.fr:340373", "symbol_class": "building", "pixel_x": 524.2, "pixel_y": 4211.4, "easting": 595022.2, "northing": 413956.6, "epsg_source": 22391}}, {"type": "Feature", "geometry": {"type": "Point", "coordinates": [10.96949, 37.02399]}, "properties": {"record_id": "oai:u-bordeaux-montaigne.fr:340373", "symbol_class": "building", "pixel_x": 541.4, "pixel_y": 4211.9, "easting": 595095.6, "northing": 413949.1, "epsg_source": 22391}}, {"type": "Feature", "geometry": {"type": "Point", "coordinates": [11.03546, 37.01982]}, "properties": {"record_id": "oai:u-bordeaux-montaigne.fr:340373", "symbol_class": "building", "pixel_x": 1908.5, "pixel_y": 4204.5, "easting": 600969.5, "northing": 413552.9, "epsg_source": 22391}}, {"type": "Feature", "geometry": {"type": "Point", "coordinates": [11.08167, 37.01429]}, "properties": {"record_id": "oai:u-bordeaux-montaigne.fr:340373", "symbol_class": "building", "pixel_x": 2872.3, "pixel_y": 4267.0, "easting": 605087.6, "northing": 412988.7, "epsg_source": 22391}}, {"type": "Feature", "geometry": {"type": "Point", "coordinates": [11.08107, 37.01425]}, "properties": {"record_id": "oai:u-bordeaux-montaigne.fr:340373", "symbol_class": "building", "pixel_x": 2860.1, "pixel_y": 4269.3, "easting": 605034.5, "northing": 412983.0, "epsg_source": 22391}}, {"type": "Feature", "geometry": {"type": "Point", "coordinates": [11.07999, 37.01428]}, "properties": {"record_id": "oai:u-bordeaux-montaigne.fr:340373", "symbol_class": "building", "pixel_x": 2837.7, "pixel_y": 4270.3, "easting": 604938.1, "northing": 412985.9, "epsg_source": 22391}}, {"type": "Feature", "geometry": {"type": "Point", "coordinates": [11.00125, 37.01851]}, "properties": {"record_id": "oai:u-bordeaux-montaigne.fr:340373", "symbol_class": "building", "pixel_x": 1207.7, "pixel_y": 4299.4, "easting": 597927.7, "northing": 413372.6, "epsg_source": 22391}}, {"type": "Feature", "geometry": {"type": "Point", "coordinates": [11.0543, 37.01447]}, "properties": {"record_id": "oai:u-bordeaux-montaigne.fr:340373", "symbol_class": "building", "pixel_x": 2308.8, "pixel_y": 4311.3, "easting": 602652.5, "northing": 412978.7, "epsg_source": 22391}}, {"type": "Feature", "geometry": {"type": "Point", "coordinates": [10.99211, 37.01859]}, "properties": {"record_id": "oai:u-bordeaux-montaigne.fr:340373", "symbol_class": "building", "pixel_x": 1019.4, "pixel_y": 4313.6, "easting": 597114.3, "northing": 413371.9, "epsg_source": 22391}}, {"type": "Feature", "geometry": {"type": "Point", "coordinates": [11.05241, 37.0145]}, "properties": {"record_id": "oai:u-bordeaux-montaigne.fr:340373", "symbol_class": "building", "pixel_x": 2269.8, "pixel_y": 4313.7, "easting": 602484.2, "northing": 412980.8, "epsg_source": 22391}}, {"type": "Feature", "geometry": {"type": "Point", "coordinates": [11.053, 37.01448]}, "properties": {"record_id": "oai:u-bordeaux-montaigne.fr:340373", "symbol_class": "building", "pixel_x": 2282.0, "pixel_y": 4313.3, "easting": 602536.7, "northing": 412978.5, "epsg_source": 22391}}, {"type": "Feature", "geometry": {"type": "Point", "coordinates": [11.05198, 37.0145]}, "properties": {"record_id": "oai:u-bordeaux-montaigne.fr:340373", "symbol_class": "building", "pixel_x": 2260.9, "pixel_y": 4314.7, "easting": 602446.0, "northing": 412979.5, "epsg_source": 22391}}, {"type": "Feature", "geometry": {"type": "Point", "coordinates": [10.99102, 37.01834]}, "properties": {"record_id": "oai:u-bordeaux-montaigne.fr:340373", "symbol_class": "building", "pixel_x": 997.6, "pixel_y": 4321.9, "easting": 597017.6, "northing": 413344.0, "epsg_source": 22391}}, {"type": "Feature", "geometry": {"type": "Point", "coordinates": [11.04781, 37.01454]}, "properties": {"record_id": "oai:u-bordeaux-montaigne.fr:340373", "symbol_class": "building", "pixel_x": 2175.0, "pixel_y": 4321.0, "easting": 602074.8, "northing": 412979.6, "epsg_source": 22391}}, {"type": "Feature", "geometry": {"type": "Point", "coordinates": [11.04316, 37.01456]}, "properties": {"record_id": "oai:u-bordeaux-montaigne.fr:340373", "symbol_class": "building", "pixel_x": 2079.3, "pixel_y": 4328.6, "easting": 601661.2, "northing": 412977.6, "epsg_source": 22391}}, {"type": "Feature", "geometry": {"type": "Point", "coordinates": [11.04136, 37.01458]}, "properties": {"record_id": "oai:u-bordeaux-montaigne.fr:340373", "symbol_class": "building", "pixel_x": 2042.2, "pixel_y": 4331.3, "easting": 601500.9, "northing": 412977.9, "epsg_source": 22391}}, {"type": "Feature", "geometry": {"type": "Point", "coordinates": [11.00851, 37.01478]}, "properties": {"record_id": "oai:u-bordeaux-montaigne.fr:340373", "symbol_class": "building", "pixel_x": 1365.8, "pixel_y": 4384.4, "easting": 598578.1, "northing": 412966.1, "epsg_source": 22391}}, {"type": "Feature", "geometry": {"type": "Point", "coordinates": [10.97985, 37.01609]}, "properties": {"record_id": "oai:u-bordeaux-montaigne.fr:340373", "symbol_class": "building", "pixel_x": 773.1, "pixel_y": 4400.7, "easting": 596026.9, "northing": 413082.7, "epsg_source": 22391}}, {"type": "Feature", "geometry": {"type": "Point", "coordinates": [11.00256, 37.01482]}, "properties": {"record_id": "oai:u-bordeaux-montaigne.fr:340373", "symbol_class": "building", "pixel_x": 1243.3, "pixel_y": 4393.9, "easting": 598048.7, "northing": 412964.3, "epsg_source": 22391}}, {"type": "Feature", "geometry": {"type": "Point", "coordinates": [10.98673, 37.01491]}, "properties": {"record_id": "oai:u-bordeaux-montaigne.fr:340373", "symbol_class": "building", "pixel_x": 917.4, "pixel_y": 4419.3, "easting": 596640.4, "northing": 412959.1, "epsg_source": 22391}}, {"type": "Feature", "geometry": {"type": "Point", "coordinates": [10.98539, 37.01493]}, "properties": {"record_id": "oai:u-bordeaux-montaigne.fr:340373", "symbol_class": "building", "pixel_x": 889.7, "pixel_y": 4421.3, "easting": 596520.9, "northing": 412959.5, "epsg_source": 22391}}, {"type": "Feature", "geometry": {"type": "Point", "coordinates": [10.96707, 37.01531]}, "properties": {"record_id": "oai:u-bordeaux-montaigne.fr:340373", "symbol_class": "building", "pixel_x": 511.8, "pixel_y": 4443.7, "easting": 594890.1, "northing": 412983.3, "epsg_source": 22391}}, {"type": "Feature", "geometry": {"type": "Point", "coordinates": [10.96859, 37.01524]}, "properties": {"record_id": "oai:u-bordeaux-montaigne.fr:340373", "symbol_class": "building", "pixel_x": 543.2, "pixel_y": 4442.9, "easting": 595025.6, "northing": 412977.1, "epsg_source": 22391}}, {"type": "Feature", "geometry": {"type": "Point", "coordinates": [10.96778, 37.01528]}, "properties": {"record_id": "oai:u-bordeaux-montaigne.fr:340373", "symbol_class": "building", "pixel_x": 526.6, "pixel_y": 4443.2, "easting": 594953.8, "northing": 412980.8, "epsg_source": 22391}}, {"type": "Feature", "geometry": {"type": "Point", "coordinates": [11.0068, 37.01218]}, "properties": {"record_id": "oai:u-bordeaux-montaigne.fr:340373", "symbol_class": "building", "pixel_x": 1336.8, "pixel_y": 4455.5, "easting": 598429.4, "northing": 412676.0, "epsg_source": 22391}}, {"type": "Feature", "geometry": {"type": "Point", "coordinates": [11.2597, 36.99458]}, "properties": {"record_id": "oai:u-bordeaux-montaigne.fr:340373", "symbol_class": "building", "pixel_x": 6582.7, "pixel_y": 4462.2, "easting": 620957.0, "northing": 411008.6, "epsg_source": 22391}}, {"type": "Feature", "geometry": {"type": "Point", "coordinates": [10.9798, 37.01306]}, "properties": {"record_id": "oai:u-bordeaux-montaigne.fr:340373", "symbol_class": "building", "pixel_x": 779.1, "pixel_y": 4480.2, "easting": 596025.9, "northing": 412746.2, "epsg_source": 22391}}, {"type": "Feature", "geometry": {"type": "Point", "coordinates": [11.23801, 36.9948]}, "properties": {"record_id": "oai:u-bordeaux-montaigne.fr:340373", "symbol_class": "building", "pixel_x": 6136.0, "pixel_y": 4495.9, "easting": 619027.0, "northing": 411006.2, "epsg_source": 22391}}, {"type": "Feature", "geometry": {"type": "Point", "coordinates": [11.22744, 36.99491]}, "properties": {"record_id": "oai:u-bordeaux-montaigne.fr:340373", "symbol_class": "building", "pixel_x": 5918.2, "pixel_y": 4512.4, "easting": 618086.1, "northing": 411005.0, "epsg_source": 22391}}, {"type": "Feature", "geometry": {"type": "Point", "coordinates": [11.00258, 37.01013]}, "properties": {"record_id": "oai:u-bordeaux-montaigne.fr:340373", "symbol_class": "building", "pixel_x": 1254.8, "pixel_y": 4516.7, "easting": 598056.4, "northing": 412444.2, "epsg_source": 22391}}, {"type": "Feature", "geometry": {"type": "Point", "coordinates": [10.97978, 37.01161]}, "properties": {"record_id": "oai:u-bordeaux-montaigne.fr:340373", "symbol_class": "building", "pixel_x": 782.1, "pixel_y": 4518.3, "easting": 596026.0, "northing": 412585.3, "epsg_source": 22391}}, {"type": "Feature", "geometry": {"type": "Point", "coordinates": [11.06982, 37.00533]}, "properties": {"record_id": "oai:u-bordeaux-montaigne.fr:340373", "symbol_class": "building", "pixel_x": 2649.7, "pixel_y": 4523.0, "easting": 604045.0, "northing": 411981.9, "epsg_source": 22391}}, {"type": "Feature", "geometry": {"type": "Point", "coordinates": [11.06837, 37.00533]}, "properties": {"record_id": "oai:u-bordeaux-montaigne.fr:340373", "symbol_class": "building", "pixel_x": 2619.9, "pixel_y": 4525.7, "easting": 603916.2, "northing": 411980.0, "epsg_source": 22391}}, {"type": "Feature", "geometry": {"type": "Point", "coordinates": [10.99088, 37.00963]}, "properties": {"record_id": "oai:u-bordeaux-montaigne.fr:340373", "symbol_class": "building", "pixel_x": 1015.1, "pixel_y": 4550.5, "easting": 597015.9, "northing": 412377.2, "epsg_source": 22391}}, {"type": "Feature", "geometry": {"type": "Point", "coordinates": [11.05484, 37.00544]}, "properties": {"record_id": "oai:u-bordeaux-montaigne.fr:340373", "symbol_class": "building", "pixel_x": 2341.2, "pixel_y": 4547.0, "easting": 602712.0, "northing": 411977.5, "epsg_source": 22391}}, {"type": "Feature", "geometry": {"type": "Point", "coordinates": [11.19759, 36.99521]}, "properties": {"record_id": "oai:u-bordeaux-montaigne.fr:340373", "symbol_class": "building", "pixel_x": 5303.2, "pixel_y": 4558.5, "easting": 615429.2, "northing": 411003.2, "epsg_source": 22391}}, {"type": "Feature", "geometry": {"type": "Point", "coordinates": [11.04238, 37.00553]}, "properties": {"record_id": "oai:u-bordeaux-montaigne.fr:340373", "symbol_class": "building", "pixel_x": 2084.5, "pixel_y": 4566.6, "easting": 601603.2, "northing": 411975.0, "epsg_source": 22391}}, {"type": "Feature", "geometry": {"type": "Point", "coordinates": [11.04107, 37.00555]}, "properties": {"record_id": "oai:u-bordeaux-montaigne.fr:340373", "symbol_class": "building", "pixel_x": 2057.7, "pixel_y": 4568.6, "easting": 601487.2, "northing": 411975.2, "epsg_source": 22391}}, {"type": "Feature", "geometry": {"type": "Point", "coordinates": [10.99087, 37.00882]}, "properties": {"record_id": "oai:u-bordeaux-montaigne.fr:340373", "symbol_class": "building", "pixel_x": 1017.0, "pixel_y": 4571.8, "easting": 597016.5, "northing": 412286.9, "epsg_source": 22391}}, {"type": "Feature", "geometry": {"type": "Point", "coordinates": [11.03736, 37.00559]}, "properties": {"record_id": "oai:u-bordeaux-montaigne.fr:340373", "symbol_class": "building", "pixel_x": 1981.1, "pixel_y": 4574.1, "easting": 601156.6, "northing": 411975.9, "epsg_source": 22391}}, {"type": "Feature", "geometry": {"type": "Point", "coordinates": [11.03623, 37.00556]}, "properties": {"record_id": "oai:u-bordeaux-montaigne.fr:340373", "symbol_class": "building", "pixel_x": 1958.0, "pixel_y": 4576.8, "easting": 601056.3, "northing": 411971.6, "epsg_source": 22391}}, {"type": "Feature", "geometry": {"type": "Point", "coordinates": [11.00015, 37.00696]}, "properties": {"record_id": "oai:u-bordeaux-montaigne.fr:340373", "symbol_class": "building", "pixel_x": 1212.2, "pixel_y": 4604.1, "easting": 597844.1, "northing": 412090.1, "epsg_source": 22391}}, {"type": "Feature", "geometry": {"type": "Point", "coordinates": [10.9797, 37.00745]}, "properties": {"record_id": "oai:u-bordeaux-montaigne.fr:340373", "symbol_class": "building", "pixel_x": 790.1, "pixel_y": 4627.3, "easting": 596023.6, "northing": 412124.4, "epsg_source": 22391}}, {"type": "Feature", "geometry": {"type": "Point", "coordinates": [11.00257, 37.00581]}, "properties": {"record_id": "oai:u-bordeaux-montaigne.fr:340373", "symbol_class": "building", "pixel_x": 1264.7, "pixel_y": 4630.0, "easting": 598060.8, "northing": 411964.7, "epsg_source": 22391}}, {"type": "Feature", "geometry": {"type": "Point", "coordinates": [11.00329, 37.00581]}, "properties": {"record_id": "oai:u-bordeaux-montaigne.fr:340373", "symbol_class": "building", "pixel_x": 1279.6, "pixel_y": 4628.7, "easting": 598125.2, "northing": 411965.7, "epsg_source": 22391}}, {"type": "Feature", "geometry": {"type": "Point", "coordinates": [10.99901, 37.00584]}, "properties": {"record_id": "oai:u-bordeaux-montaigne.fr:340373", "symbol_class": "building", "pixel_x": 1191.3, "pixel_y": 4635.5, "easting": 597743.6, "northing": 411964.5, "epsg_source": 22391}}, {"type": "Feature", "geometry": {"type": "Point", "coordinates": [11.14857, 36.99567]}, "properties": {"record_id": "oai:u-bordeaux-montaigne.fr:340373", "symbol_class": "building", "pixel_x": 4293.3, "pixel_y": 4635.2, "easting": 611066.2, "northing": 410996.6, "epsg_source": 22391}}, {"type": "Feature", "geometry": {"type": "Point", "coordinates": [10.9968, 37.00584]}, "properties": {"record_id": "oai:u-bordeaux-montaigne.fr:340373", "symbol_class": "building", "pixel_x": 1145.8, "pixel_y": 4639.3, "easting": 597547.1, "northing": 411962.8, "epsg_source": 22391}}, {"type": "Feature", "geometry": {"type": "Point", "coordinates": [10.99769, 37.00583]}, "properties": {"record_id": "oai:u-bordeaux-montaigne.fr:340373", "symbol_class": "building", "pixel_x": 1164.2, "pixel_y": 4638.1, "easting": 597626.3, "northing": 411962.2, "epsg_source": 22391}}, {"type": "Feature", "geometry": {"type": "Point", "coordinates": [11.0674, 37.00065]}, "properties": {"record_id": "oai:u-bordeaux-montaigne.fr:340373", "symbol_class": "building", "pixel_x": 2611.1, "pixel_y": 4649.9, "easting": 603836.6, "northing": 411460.2, "epsg_source": 22391}}, {"type": "Feature", "geometry": {"type": "Point", "coordinates": [10.98744, 37.0059]}, "properties": {"record_id": "oai:u-bordeaux-montaigne.fr:340373", "symbol_class": "building", "pixel_x": 953.1, "pixel_y": 4654.3, "easting": 596714.2, "northing": 411960.0, "epsg_source": 22391}}, {"type": "Feature", "geometry": {"type": "Point", "coordinates": [11.13602, 36.9958]}, "properties": {"record_id": "oai:u-bordeaux-montaigne.fr:340373", "symbol_class": "building", "pixel_x": 4034.8, "pixel_y": 4654.3, "easting": 609949.3, "northing": 410996.8, "epsg_source": 22391}}, {"type": "Feature", "geometry": {"type": "Point", "coordinates": [10.98637, 37.00589]}, "properties": {"record_id": "oai:u-bordeaux-montaigne.fr:340373", "symbol_class": "building", "pixel_x": 931.2, "pixel_y": 4656.4, "easting": 596619.7, "northing": 411957.7, "epsg_source": 22391}}, {"type": "Feature", "geometry": {"type": "Point", "coordinates": [10.99882, 37.00506]}, "properties": {"record_id": "oai:u-bordeaux-montaigne.fr:340373", "symbol_class": "building", "pixel_x": 1189.3, "pixel_y": 4656.1, "easting": 597728.1, "northing": 411878.3, "epsg_source": 22391}}, {"type": "Feature", "geometry": {"type": "Point", "coordinates": [10.99081, 37.00478]}, "properties": {"record_id": "oai:u-bordeaux-montaigne.fr:340373", "symbol_class": "building", "pixel_x": 1025.1, "pixel_y": 4677.8, "easting": 597015.6, "northing": 411838.7, "epsg_source": 22391}}, {"type": "Feature", "geometry": {"type": "Point", "coordinates": [10.96581, 37.00594]}, "properties": {"record_id": "oai:u-bordeaux-montaigne.fr:340373", "symbol_class": "building", "pixel_x": 507.9, "pixel_y": 4691.4, "easting": 594789.7, "northing": 411943.0, "epsg_source": 22391}}, {"type": "Feature", "geometry": {"type": "Point", "coordinates": [10.96734, 37.00588]}, "properties": {"record_id": "oai:u-bordeaux-montaigne.fr:340373", "symbol_class": "building", "pixel_x": 539.6, "pixel_y": 4690.3, "easting": 594926.2, "northing": 411937.6, "epsg_source": 22391}}, {"type": "Feature", "geometry": {"type": "Point", "coordinates": [10.96652, 37.00592]}, "properties": {"record_id": "oai:u-bordeaux-montaigne.fr:340373", "symbol_class": "building", "pixel_x": 522.6, "pixel_y": 4690.7, "easting": 594853.2, "northing": 411941.5, "epsg_source": 22391}}, {"type": "Feature", "geometry": {"type": "Point", "coordinates": [11.11455, 36.99595]}, "properties": {"record_id": "oai:u-bordeaux-montaigne.fr:340373", "symbol_class": "building", "pixel_x": 3592.6, "pixel_y": 4688.8, "easting": 608038.6, "northing": 410989.9, "epsg_source": 22391}}, {"type": "Feature", "geometry": {"type": "Point", "coordinates": [11.106, 36.99603]}, "properties": {"record_id": "oai:u-bordeaux-montaigne.fr:340373", "symbol_class": "building", "pixel_x": 3416.5, "pixel_y": 4702.2, "easting": 607277.6, "northing": 410988.8, "epsg_source": 22391}}, {"type": "Feature", "geometry": {"type": "Point", "coordinates": [11.00251, 37.00215]}, "properties": {"record_id": "oai:u-bordeaux-montaigne.fr:340373", "symbol_class": "building", "pixel_x": 1272.1, "pixel_y": 4726.0, "easting": 598060.0, "northing": 411558.9, "epsg_source": 22391}}, {"type": "Feature", "geometry": {"type": "Point", "coordinates": [11.0896, 36.99615]}, "properties": {"record_id": "oai:u-bordeaux-montaigne.fr:340373", "symbol_class": "building", "pixel_x": 3078.6, "pixel_y": 4728.4, "easting": 605817.7, "northing": 410984.1, "epsg_source": 22391}}, {"type": "Feature", "geometry": {"type": "Point", "coordinates": [11.07893, 36.99623]}, "properties": {"record_id": "oai:u-bordeaux-montaigne.fr:340373", "symbol_class": "building", "pixel_x": 2858.9, "pixel_y": 4745.3, "easting": 604868.6, "northing": 410981.6, "epsg_source": 22391}}, {"type": "Feature", "geometry": {"type": "Point", "coordinates": [11.07107, 36.99627]}, "properties": {"record_id": "oai:u-bordeaux-montaigne.fr:340373", "symbol_class": "building", "pixel_x": 2697.1, "pixel_y": 4758.3, "easting": 604169.1, "northing": 410977.6, "epsg_source": 22391}}, {"type": "Feature", "geometry": {"type": "Point", "coordinates": [11.07007, 36.99621]}, "properties": {"record_id": "oai:u-bordeaux-montaigne.fr:340373", "symbol_class": "building", "pixel_x": 2676.6, "pixel_y": 4761.6, "easting": 604080.0, "northing": 410970.1, "epsg_source": 22391}}, {"type": "Feature", "geometry": {"type": "Point", "coordinates": [11.06717, 36.99628]}, "properties": {"record_id": "oai:u-bordeaux-montaigne.fr:340373", "symbol_class": "building", "pixel_x": 2616.7, "pixel_y": 4764.9, "easting": 603821.6, "northing": 410975.1, "epsg_source": 22391}}, {"type": "Feature", "geometry": {"type": "Point", "coordinates": [11.06317, 36.99632]}, "properties": {"record_id": "oai:u-bordeaux-montaigne.fr:340373", "symbol_class": "building", "pixel_x": 2534.3, "pixel_y": 4771.0, "easting": 603465.9, "northing": 410975.1, "epsg_source": 22391}}, {"type": "Feature", "geometry": {"type": "Point", "coordinates": [11.06249, 36.99634]}, "properties": {"record_id": "oai:u-bordeaux-montaigne.fr:340373", "symbol_class": "building", "pixel_x": 2520.2, "pixel_y": 4771.8, "easting": 603405.1, "northing": 410976.0, "epsg_source": 22391}}, {"type": "Feature", "geometry": {"type": "Point", "coordinates": [11.04419, 36.99646]}, "properties": {"record_id": "oai:u-bordeaux-montaigne.fr:340373", "symbol_class": "building", "pixel_x": 2143.3, "pixel_y": 4801.1, "easting": 601776.3, "northing": 410970.8, "epsg_source": 22391}}, {"type": "Feature", "geometry": {"type": "Point", "coordinates": [11.0398, 36.99651]}, "properties": {"record_id": "oai:u-bordeaux-montaigne.fr:340373", "symbol_class": "building", "pixel_x": 2052.8, "pixel_y": 4807.5, "easting": 601385.6, "northing": 410971.8, "epsg_source": 22391}}, {"type": "Feature", "geometry": {"type": "Point", "coordinates": [11.0351, 36.99654]}, "properties": {"record_id": "oai:u-bordeaux-montaigne.fr:340373", "symbol_class": "building", "pixel_x": 1956.0, "pixel_y": 4815.3, "easting": 600967.1, "northing": 410969.4, "epsg_source": 22391}}, {"type": "Feature", "geometry": {"type": "Point", "coordinates": [11.07158, 36.99388]}, "properties": {"record_id": "oai:u-bordeaux-montaigne.fr:340373", "symbol_class": "building", "pixel_x": 2713.2, "pixel_y": 4820.1, "easting": 604217.3, "northing": 410712.7, "epsg_source": 22391}}, {"type": "Feature", "geometry": {"type": "Point", "coordinates": [11.01345, 36.99669]}, "properties": {"record_id": "oai:u-bordeaux-montaigne.fr:340373", "symbol_class": "building", "pixel_x": 1510.1, "pixel_y": 4849.6, "easting": 599040.3, "northing": 410964.7, "epsg_source": 22391}}, {"type": "Feature", "geometry": {"type": "Point", "coordinates": [11.00355, 36.99674]}, "properties": {"record_id": "oai:u-bordeaux-montaigne.fr:340373", "symbol_class": "building", "pixel_x": 1306.2, "pixel_y": 4865.8, "easting": 598159.2, "northing": 410960.0, "epsg_source": 22391}}, {"type": "Feature", "geometry": {"type": "Point", "coordinates": [11.00252, 36.99676]}, "properties": {"record_id": "oai:u-bordeaux-montaigne.fr:340373", "symbol_class": "building", "pixel_x": 1285.1, "pixel_y": 4867.2, "easting": 598068.2, "northing": 410960.7, "epsg_source": 22391}}, {"type": "Feature", "geometry": {"type": "Point", "coordinates": [11.06429, 36.99098]}, "properties": {"record_id": "oai:u-bordeaux-montaigne.fr:340373", "symbol_class": "building", "pixel_x": 2569.9, "pixel_y": 4909.1, "easting": 603572.1, "northing": 410383.1, "epsg_source": 22391}}, {"type": "Feature", "geometry": {"type": "Point", "coordinates": [10.96498, 36.9972]}, "properties": {"record_id": "oai:u-bordeaux-montaigne.fr:340373", "symbol_class": "building", "pixel_x": 511.3, "pixel_y": 4922.0, "easting": 594726.6, "northing": 410972.3, "epsg_source": 22391}}, {"type": "Feature", "geometry": {"type": "Point", "coordinates": [10.96571, 36.99716]}, "properties": {"record_id": "oai:u-bordeaux-montaigne.fr:340373", "symbol_class": "building", "pixel_x": 526.3, "pixel_y": 4921.8, "easting": 594791.1, "northing": 410968.4, "epsg_source": 22391}}, {"type": "Feature", "geometry": {"type": "Point", "coordinates": [10.96644, 36.99707]}, "properties": {"record_id": "oai:u-bordeaux-montaigne.fr:340373", "symbol_class": "building", "pixel_x": 541.6, "pixel_y": 4922.7, "easting": 594856.5, "northing": 410959.7, "epsg_source": 22391}}, {"type": "Feature", "geometry": {"type": "Point", "coordinates": [11.06468, 36.9901]}, "properties": {"record_id": "oai:u-bordeaux-montaigne.fr:340373", "symbol_class": "building", "pixel_x": 2580.2, "pixel_y": 4931.3, "easting": 603608.6, "northing": 410286.6, "epsg_source": 22391}}, {"type": "Feature", "geometry": {"type": "Point", "coordinates": [11.0656, 36.98951]}, "properties": {"record_id": "oai:u-bordeaux-montaigne.fr:340373", "symbol_class": "building", "pixel_x": 2600.5, "pixel_y": 4945.1, "easting": 603691.2, "northing": 410222.1, "epsg_source": 22391}}, {"type": "Feature", "geometry": {"type": "Point", "coordinates": [11.24741, 36.97661]}, "properties": {"record_id": "oai:u-bordeaux-montaigne.fr:340373", "symbol_class": "building", "pixel_x": 6373.4, "pixel_y": 4955.6, "easting": 619891.2, "northing": 408999.1, "epsg_source": 22391}}, {"type": "Feature", "geometry": {"type": "Point", "coordinates": [11.03644, 36.99084]}, "properties": {"record_id": "oai:u-bordeaux-montaigne.fr:340373", "symbol_class": "building", "pixel_x": 1997.2, "pixel_y": 4962.2, "easting": 601094.3, "northing": 410338.9, "epsg_source": 22391}}, {"type": "Feature", "geometry": {"type": "Point", "coordinates": [11.07933, 36.98714]}, "properties": {"record_id": "oai:u-bordeaux-montaigne.fr:340373", "symbol_class": "building", "pixel_x": 2888.6, "pixel_y": 4982.7, "easting": 604916.0, "northing": 409974.0, "epsg_source": 22391}}, {"type": "Feature", "geometry": {"type": "Point", "coordinates": [10.99066, 36.99263]}, "properties": {"record_id": "oai:u-bordeaux-montaigne.fr:340373", "symbol_class": "building", "pixel_x": 1050.6, "pixel_y": 4996.4, "easting": 597017.4, "northing": 410490.9, "epsg_source": 22391}}, {"type": "Feature", "geometry": {"type": "Point", "coordinates": [11.03625, 36.98958]}, "properties": {"record_id": "oai:u-bordeaux-montaigne.fr:340373", "symbol_class": "building", "pixel_x": 1996.2, "pixel_y": 4995.5, "easting": 601078.6, "northing": 410198.9, "epsg_source": 22391}}, {"type": "Feature", "geometry": {"type": "Point", "coordinates": [11.06819, 36.98726]}, "properties": {"record_id": "oai:u-bordeaux-montaigne.fr:340373", "symbol_class": "building", "pixel_x": 2659.0, "pixel_y": 4999.5, "easting": 603924.2, "northing": 409975.1, "epsg_source": 22391}}, {"type": "Feature", "geometry": {"type": "Point", "coordinates": [11.0669, 36.98726]}, "properties": {"record_id": "oai:u-bordeaux-montaigne.fr:340373", "symbol_class": "building", "pixel_x": 2632.6, "pixel_y": 5001.7, "easting": 603809.9, "northing": 409974.0, "epsg_source": 22391}}, {"type": "Feature", "geometry": {"type": "Point", "coordinates": [11.06741, 36.98724]}, "properties": {"record_id": "oai:u-bordeaux-montaigne.fr:340373", "symbol_class": "building", "pixel_x": 2643.2, "pixel_y": 5001.4, "easting": 603855.4, "northing": 409972.2, "epsg_source": 22391}}, {"type": "Feature", "geometry": {"type": "Point", "coordinates": [11.21648, 36.97694]}, "properties": {"record_id": "oai:u-bordeaux-montaigne.fr:340373", "symbol_class": "building", "pixel_x": 5736.0, "pixel_y": 5003.0, "easting": 617137.7, "northing": 408998.8, "epsg_source": 22391}}, {"type": "Feature", "geometry": {"type": "Point", "coordinates": [11.07426, 36.98636]}, "properties": {"record_id": "oai:u-bordeaux-montaigne.fr:340373", "symbol_class": "building", "pixel_x": 2786.2, "pixel_y": 5012.4, "easting": 604466.2, "northing": 409881.1, "epsg_source": 22391}}, {"type": "Feature", "geometry": {"type": "Point", "coordinates": [10.99061, 36.99169]}, "properties": {"record_id": "oai:u-bordeaux-montaigne.fr:340373", "symbol_class": "building", "pixel_x": 1051.8, "pixel_y": 5021.2, "easting": 597014.2, "northing": 410386.2, "epsg_source": 22391}}, {"type": "Feature", "geometry": {"type": "Point", "coordinates": [11.06701, 36.98593]}, "properties": {"record_id": "oai:u-bordeaux-montaigne.fr:340373", "symbol_class": "building", "pixel_x": 2637.9, "pixel_y": 5036.6, "easting": 603820.8, "northing": 409825.6, "epsg_source": 22391}}, {"type": "Feature", "geometry": {"type": "Point", "coordinates": [10.97841, 36.99172]}, "properties": {"record_id": "oai:u-bordeaux-montaigne.fr:340373", "symbol_class": "building", "pixel_x": 800.6, "pixel_y": 5042.0, "easting": 595928.3, "northing": 410377.3, "epsg_source": 22391}}, {"type": "Feature", "geometry": {"type": "Point", "coordinates": [10.98047, 36.99152]}, "properties": {"record_id": "oai:u-bordeaux-montaigne.fr:340373", "symbol_class": "building", "pixel_x": 843.5, "pixel_y": 5043.4, "easting": 596112.0, "northing": 410357.7, "epsg_source": 22391}}, {"type": "Feature", "geometry": {"type": "Point", "coordinates": [10.9813, 36.99141]}, "properties": {"record_id": "oai:u-bordeaux-montaigne.fr:340373", "symbol_class": "building", "pixel_x": 860.8, "pixel_y": 5044.9, "easting": 596186.1, "northing": 410346.1, "epsg_source": 22391}}, {"type": "Feature", "geometry": {"type": "Point", "coordinates": [11.03583, 36.98749]}, "properties": {"record_id": "oai:u-bordeaux-montaigne.fr:340373", "symbol_class": "building", "pixel_x": 1992.4, "pixel_y": 5051.1, "easting": 601043.9, "northing": 409966.5, "epsg_source": 22391}}, {"type": "Feature", "geometry": {"type": "Point", "coordinates": [11.03456, 36.98752]}, "properties": {"record_id": "oai:u-bordeaux-montaigne.fr:340373", "symbol_class": "building", "pixel_x": 1966.3, "pixel_y": 5052.5, "easting": 600931.2, "northing": 409968.8, "epsg_source": 22391}}, {"type": "Feature", "geometry": {"type": "Point", "coordinates": [11.06791, 36.98486]}, "properties": {"record_id": "oai:u-bordeaux-montaigne.fr:340373", "symbol_class": "building", "pixel_x": 2659.0, "pixel_y": 5063.0, "easting": 603902.7, "northing": 409708.2, "epsg_source": 22391}}, {"type": "Feature", "geometry": {"type": "Point", "coordinates": [10.9822, 36.99071]}, "properties": {"record_id": "oai:u-bordeaux-montaigne.fr:340373", "symbol_class": "building", "pixel_x": 881.0, "pixel_y": 5061.7, "easting": 596267.0, "northing": 410269.2, "epsg_source": 22391}}, {"type": "Feature", "geometry": {"type": "Point", "coordinates": [11.06744, 36.98494]}, "properties": {"record_id": "oai:u-bordeaux-montaigne.fr:340373", "symbol_class": "building", "pixel_x": 2649.2, "pixel_y": 5061.7, "easting": 603860.8, "northing": 409716.5, "epsg_source": 22391}}, {"type": "Feature", "geometry": {"type": "Point", "coordinates": [10.98755, 36.98965]}, "properties": {"record_id": "oai:u-bordeaux-montaigne.fr:340373", "symbol_class": "building", "pixel_x": 993.6, "pixel_y": 5080.1, "easting": 596744.5, "northing": 410156.6, "epsg_source": 22391}}, {"type": "Feature", "geometry": {"type": "Point", "coordinates": [11.01364, 36.98769]}, "properties": {"record_id": "oai:u-bordeaux-montaigne.fr:340373", "symbol_class": "building", "pixel_x": 1535.2, "pixel_y": 5085.3, "easting": 599068.5, "northing": 409965.4, "epsg_source": 22391}}, {"type": "Feature", "geometry": {"type": "Point", "coordinates": [11.15816, 36.97751]}, "properties": {"record_id": "oai:u-bordeaux-montaigne.fr:340373", "symbol_class": "building", "pixel_x": 4534.2, "pixel_y": 5093.8, "easting": 611945.8, "northing": 408992.6, "epsg_source": 22391}}, {"type": "Feature", "geometry": {"type": "Point", "coordinates": [11.07267, 36.98288]}, "properties": {"record_id": "oai:u-bordeaux-montaigne.fr:340373", "symbol_class": "building", "pixel_x": 2761.7, "pixel_y": 5106.3, "easting": 604328.8, "northing": 409493.9, "epsg_source": 22391}}, {"type": "Feature", "geometry": {"type": "Point", "coordinates": [11.14808, 36.97762]}, "properties": {"record_id": "oai:u-bordeaux-montaigne.fr:340373", "symbol_class": "building", "pixel_x": 4326.4, "pixel_y": 5109.0, "easting": 611047.9, "northing": 408993.3, "epsg_source": 22391}}, {"type": "Feature", "geometry": {"type": "Point", "coordinates": [11.02565, 36.98539]}, "properties": {"record_id": "oai:u-bordeaux-montaigne.fr:340373", "symbol_class": "building", "pixel_x": 1788.0, "pixel_y": 5124.2, "easting": 600141.1, "northing": 409723.1, "epsg_source": 22391}}, {"type": "Feature", "geometry": {"type": "Point", "coordinates": [10.99159, 36.98782]}, "properties": {"record_id": "oai:u-bordeaux-montaigne.fr:340373", "symbol_class": "building", "pixel_x": 1081.1, "pixel_y": 5120.9, "easting": 597106.5, "northing": 409957.6, "epsg_source": 22391}}, {"type": "Feature", "geometry": {"type": "Point", "coordinates": [10.98914, 36.98784]}, "properties": {"record_id": "oai:u-bordeaux-montaigne.fr:340373", "symbol_class": "building", "pixel_x": 1030.6, "pixel_y": 5124.6, "easting": 596888.4, "northing": 409957.9, "epsg_source": 22391}}, {"type": "Feature", "geometry": {"type": "Point", "coordinates": [10.98827, 36.98785]}, "properties": {"record_id": "oai:u-bordeaux-montaigne.fr:340373", "symbol_class": "building", "pixel_x": 1012.7, "pixel_y": 5125.9, "easting": 596810.8, "northing": 409958.2, "epsg_source": 22391}}, {"type": "Feature", "geometry": {"type": "Point", "coordinates": [10.98687, 36.98784]}, "properties": {"record_id": "oai:u-bordeaux-montaigne.fr:340373", "symbol_class": "building", "pixel_x": 983.8, "pixel_y": 5128.7, "easting": 596686.0, "northing": 409955.4, "epsg_source": 22391}}, {"type": "Feature", "geometry": {"type": "Point", "coordinates": [11.13721, 36.97771]}, "properties": {"record_id": "oai:u-bordeaux-montaigne.fr:340373", "symbol_class": "building", "pixel_x": 4102.4, "pixel_y": 5126.1, "easting": 610080.5, "northing": 408991.6, "epsg_source": 22391}}, {"type": "Feature", "geometry": {"type": "Point", "coordinates": [10.98575, 36.98785]}, "properties": {"record_id": "oai:u-bordeaux-montaigne.fr:340373", "symbol_class": "building", "pixel_x": 960.8, "pixel_y": 5130.4, "easting": 596586.4, "northing": 409955.2, "epsg_source": 22391}}, {"type": "Feature", "geometry": {"type": "Point", "coordinates": [10.98516, 36.98785]}, "properties": {"record_id": "oai:u-bordeaux-montaigne.fr:340373", "symbol_class": "building", "pixel_x": 948.6, "pixel_y": 5131.2, "easting": 596533.9, "northing": 409955.6, "epsg_source": 22391}}, {"type": "Feature", "geometry": {"type": "Point", "coordinates": [11.07034, 36.98187]}, "properties": {"record_id": "oai:u-bordeaux-montaigne.fr:340373", "symbol_class": "building", "pixel_x": 2716.2, "pixel_y": 5137.0, "easting": 604123.1, "northing": 409378.8, "epsg_source": 22391}}, {"type": "Feature", "geometry": {"type": "Point", "coordinates": [10.96391, 36.98804]}, "properties": {"record_id": "oai:u-bordeaux-montaigne.fr:340373", "symbol_class": "building", "pixel_x": 510.8, "pixel_y": 5163.8, "easting": 594642.5, "northing": 409955.5, "epsg_source": 22391}}, {"type": "Feature", "geometry": {"type": "Point", "coordinates": [10.96483, 36.98801]}, "properties": {"record_id": "oai:u-bordeaux-montaigne.fr:340373", "symbol_class": "building", "pixel_x": 529.8, "pixel_y": 5163.1, "easting": 594724.6, "northing": 409952.5, "epsg_source": 22391}}, {"type": "Feature", "geometry": {"type": "Point", "coordinates": [11.03757, 36.98311]}, "properties": {"record_id": "oai:u-bordeaux-montaigne.fr:340373", "symbol_class": "building", "pixel_x": 2038.6, "pixel_y": 5162.8, "easting": 601204.3, "northing": 409482.1, "epsg_source": 22391}}, {"type": "Feature", "geometry": {"type": "Point", "coordinates": [11.06411, 36.98155]}, "properties": {"record_id": "oai:u-bordeaux-montaigne.fr:340373", "symbol_class": "building", "pixel_x": 2588.6, "pixel_y": 5156.4, "easting": 603568.8, "northing": 409337.2, "epsg_source": 22391}}, {"type": "Feature", "geometry": {"type": "Point", "coordinates": [11.08467, 36.97998]}, "properties": {"record_id": "oai:u-bordeaux-montaigne.fr:340373", "symbol_class": "building", "pixel_x": 3015.6, "pixel_y": 5160.9, "easting": 605400.9, "northing": 409184.9, "epsg_source": 22391}}, {"type": "Feature", "geometry": {"type": "Point", "coordinates": [10.96779, 36.98795]}, "properties": {"record_id": "oai:u-bordeaux-montaigne.fr:340373", "symbol_class": "building", "pixel_x": 590.8, "pixel_y": 5159.5, "easting": 594987.6, "northing": 409948.6, "epsg_source": 22391}}, {"type": "Feature", "geometry": {"type": "Point", "coordinates": [11.11325, 36.97795]}, "properties": {"record_id": "oai:u-bordeaux-montaigne.fr:340373", "symbol_class": "building", "pixel_x": 3608.8, "pixel_y": 5163.0, "easting": 607947.7, "northing": 408990.6, "epsg_source": 22391}}, {"type": "Feature", "geometry": {"type": "Point", "coordinates": [11.1066, 36.97801]}, "properties": {"record_id": "oai:u-bordeaux-montaigne.fr:340373", "symbol_class": "building", "pixel_x": 3471.7, "pixel_y": 5173.3, "easting": 607355.5, "northing": 408990.2, "epsg_source": 22391}}, {"type": "Feature", "geometry": {"type": "Point", "coordinates": [11.10545, 36.97801]}, "properties": {"record_id": "oai:u-bordeaux-montaigne.fr:340373", "symbol_class": "building", "pixel_x": 3448.1, "pixel_y": 5175.2, "easting": 607253.6, "northing": 408989.6, "epsg_source": 22391}}, {"type": "Feature", "geometry": {"type": "Point", "coordinates": [11.10319, 36.97802]}, "properties": {"record_id": "oai:u-bordeaux-montaigne.fr:340373", "symbol_class": "building", "pixel_x": 3401.4, "pixel_y": 5179.1, "easting": 607051.9, "northing": 408988.0, "epsg_source": 22391}}, {"type": "Feature", "geometry": {"type": "Point", "coordinates": [11.07118, 36.97975]}, "properties": {"record_id": "oai:u-bordeaux-montaigne.fr:340373", "symbol_class": "building", "pixel_x": 2738.5, "pixel_y": 5190.9, "easting": 604200.7, "northing": 409145.5, "epsg_source": 22391}}, {"type": "Feature", "geometry": {"type": "Point", "coordinates": [11.248, 36.96757]}, "properties": {"record_id": "oai:u-bordeaux-montaigne.fr:340373", "symbol_class": "building", "pixel_x": 6407.4, "pixel_y": 5191.3, "easting": 619957.5, "northing": 407997.0, "epsg_source": 22391}}, {"type": "Feature", "geometry": {"type": "Point", "coordinates": [11.09382, 36.9781]}, "properties": {"record_id": "oai:u-bordeaux-montaigne.fr:340373", "symbol_class": "building", "pixel_x": 3208.4, "pixel_y": 5193.7, "easting": 606218.0, "northing": 408986.8, "epsg_source": 22391}}, {"type": "Feature", "geometry": {"type": "Point", "coordinates": [11.09087, 36.97813]}, "properties": {"record_id": "oai:u-bordeaux-montaigne.fr:340373", "symbol_class": "building", "pixel_x": 3147.7, "pixel_y": 5198.3, "easting": 605955.7, "northing": 408986.5, "epsg_source": 22391}}, {"type": "Feature", "geometry": {"type": "Point", "coordinates": [11.08336, 36.97818]}, "properties": {"record_id": "oai:u-bordeaux-montaigne.fr:340373", "symbol_class": "building", "pixel_x": 2993.0, "pixel_y": 5210.5, "easting": 605287.2, "northing": 408983.4, "epsg_source": 22391}}, {"type": "Feature", "geometry": {"type": "Point", "coordinates": [11.04584, 36.98039]}, "properties": {"record_id": "oai:u-bordeaux-montaigne.fr:340373", "symbol_class": "building", "pixel_x": 2215.3, "pixel_y": 5219.5, "easting": 601944.2, "northing": 409188.7, "epsg_source": 22391}}, {"type": "Feature", "geometry": {"type": "Point", "coordinates": [11.07201, 36.97827]}, "properties": {"record_id": "oai:u-bordeaux-montaigne.fr:340373", "symbol_class": "building", "pixel_x": 2759.1, "pixel_y": 5228.2, "easting": 604276.6, "northing": 408982.1, "epsg_source": 22391}}, {"type": "Feature", "geometry": {"type": "Point", "coordinates": [11.0341, 36.98041]}, "properties": {"record_id": "oai:u-bordeaux-montaigne.fr:340373", "symbol_class": "building", "pixel_x": 1973.5, "pixel_y": 5239.6, "easting": 600898.9, "northing": 409179.6, "epsg_source": 22391}}, {"type": "Feature", "geometry": {"type": "Point", "coordinates": [10.97734, 36.98401]}, "properties": {"record_id": "oai:u-bordeaux-montaigne.fr:340373", "symbol_class": "building", "pixel_x": 796.6, "pixel_y": 5245.8, "easting": 595842.3, "northing": 409521.5, "epsg_source": 22391}}, {"type": "Feature", "geometry": {"type": "Point", "coordinates": [10.97675, 36.98415]}, "properties": {"record_id": "oai:u-bordeaux-montaigne.fr:340373", "symbol_class": "building", "pixel_x": 784.3, "pixel_y": 5243.3, "easting": 595790.3, "northing": 409535.8, "epsg_source": 22391}}, {"type": "Feature", "geometry": {"type": "Point", "coordinates": [11.06446, 36.9783]}, "properties": {"record_id": "oai:u-bordeaux-montaigne.fr:340373", "symbol_class": "building", "pixel_x": 2603.5, "pixel_y": 5241.0, "easting": 603604.0, "northing": 408976.8, "epsg_source": 22391}}, {"type": "Feature", "geometry": {"type": "Point", "coordinates": [10.9917, 36.98311]}, "properties": {"record_id": "oai:u-bordeaux-montaigne.fr:340373", "symbol_class": "building", "pixel_x": 1094.5, "pixel_y": 5244.1, "easting": 597122.2, "northing": 409435.5, "epsg_source": 22391}}, {"type": "Feature", "geometry": {"type": "Point", "coordinates": [11.00206, 36.98217]}, "properties": {"record_id": "oai:u-bordeaux-montaigne.fr:340373", "symbol_class": "building", "pixel_x": 1309.9, "pixel_y": 5250.5, "easting": 598045.3, "northing": 409341.3, "epsg_source": 22391}}, {"type": "Feature", "geometry": {"type": "Point", "coordinates": [11.05714, 36.97838]}, "properties": {"record_id": "oai:u-bordeaux-montaigne.fr:340373", "symbol_class": "building", "pixel_x": 2452.7, "pixel_y": 5252.0, "easting": 602952.5, "northing": 408977.6, "epsg_source": 22391}}, {"type": "Feature", "geometry": {"type": "Point", "coordinates": [10.97683, 36.9836]}, "properties": {"record_id": "oai:u-bordeaux-montaigne.fr:340373", "symbol_class": "building", "pixel_x": 787.2, "pixel_y": 5257.5, "easting": 595798.2, "northing": 409475.2, "epsg_source": 22391}}, {"type": "Feature", "geometry": {"type": "Point", "coordinates": [10.98872, 36.9827]}, "properties": {"record_id": "oai:u-bordeaux-montaigne.fr:340373", "symbol_class": "building", "pixel_x": 1034.0, "pixel_y": 5260.0, "easting": 596856.9, "northing": 409387.2, "epsg_source": 22391}}, {"type": "Feature", "geometry": {"type": "Point", "coordinates": [11.0511, 36.9784]}, "properties": {"record_id": "oai:u-bordeaux-montaigne.fr:340373", "symbol_class": "building", "pixel_x": 2328.2, "pixel_y": 5262.1, "easting": 602414.6, "northing": 408974.0, "epsg_source": 22391}}, {"type": "Feature", "geometry": {"type": "Point", "coordinates": [11.0503, 36.97844]}, "properties": {"record_id": "oai:u-bordeaux-montaigne.fr:340373", "symbol_class": "building", "pixel_x": 2311.7, "pixel_y": 5262.5, "easting": 602343.7, "northing": 408977.5, "epsg_source": 22391}}, {"type": "Feature", "geometry": {"type": "Point", "coordinates": [11.00117, 36.98165]}, "properties": {"record_id": "oai:u-bordeaux-montaigne.fr:340373", "symbol_class": "building", "pixel_x": 1292.7, "pixel_y": 5265.6, "easting": 597966.2, "northing": 409283.2, "epsg_source": 22391}}, {"type": "Feature", "geometry": {"type": "Point", "coordinates": [11.04865, 36.97845]}, "properties": {"record_id": "oai:u-bordeaux-montaigne.fr:340373", "symbol_class": "building", "pixel_x": 2277.8, "pixel_y": 5265.2, "easting": 602197.3, "northing": 408976.7, "epsg_source": 22391}}, {"type": "Feature", "geometry": {"type": "Point", "coordinates": [11.04688, 36.97846]}, "properties": {"record_id": "oai:u-bordeaux-montaigne.fr:340373", "symbol_class": "building", "pixel_x": 2241.2, "pixel_y": 5268.1, "easting": 602039.1, "northing": 408976.1, "epsg_source": 22391}}, {"type": "Feature", "geometry": {"type": "Point", "coordinates": [11.04588, 36.97847]}, "properties": {"record_id": "oai:u-bordeaux-montaigne.fr:340373", "symbol_class": "building", "pixel_x": 2220.7, "pixel_y": 5269.7, "easting": 601950.5, "northing": 408975.8, "epsg_source": 22391}}, {"type": "Feature", "geometry": {"type": "Point", "coordinates": [11.04545, 36.9781]}, "properties": {"record_id": "oai:u-bordeaux-montaigne.fr:340373", "symbol_class": "building", "pixel_x": 2212.8, "pixel_y": 5280.0, "easting": 601912.7, "northing": 408934.9, "epsg_source": 22391}}, {"type": "Feature", "geometry": {"type": "Point", "coordinates": [11.03868, 36.97852]}, "properties": {"record_id": "oai:u-bordeaux-montaigne.fr:340373", "symbol_class": "building", "pixel_x": 2072.3, "pixel_y": 5281.1, "easting": 601309.0, "northing": 408974.0, "epsg_source": 22391}}, {"type": "Feature", "geometry": {"type": "Point", "coordinates": [11.03332, 36.97858]}, "properties": {"record_id": "oai:u-bordeaux-montaigne.fr:340373", "symbol_class": "building", "pixel_x": 1962.0, "pixel_y": 5289.0, "easting": 600832.6, "northing": 408975.7, "epsg_source": 22391}}, {"type": "Feature", "geometry": {"type": "Point", "coordinates": [11.03397, 36.97858]}, "properties": {"record_id": "oai:u-bordeaux-montaigne.fr:340373", "symbol_class": "building", "pixel_x": 1975.3, "pixel_y": 5288.0, "easting": 600890.4, "northing": 408975.6, "epsg_source": 22391}}, {"type": "Feature", "geometry": {"type": "Point", "coordinates": [11.03157, 36.9786]}, "properties": {"record_id": "oai:u-bordeaux-montaigne.fr:340373", "symbol_class": "building", "pixel_x": 1925.9, "pixel_y": 5291.5, "easting": 600676.7, "northing": 408976.1, "epsg_source": 22391}}, {"type": "Feature", "geometry": {"type": "Point", "coordinates": [11.03099, 36.9786]}, "properties": {"record_id": "oai:u-bordeaux-montaigne.fr:340373", "symbol_class": "building", "pixel_x": 1913.8, "pixel_y": 5292.6, "easting": 600624.3, "northing": 408975.3, "epsg_source": 22391}}, {"type": "Feature", "geometry": {"type": "Point", "coordinates": [11.07964, 36.97527]}, "properties": {"record_id": "oai:u-bordeaux-montaigne.fr:340373", "symbol_class": "building", "pixel_x": 2923.2, "pixel_y": 5293.4, "easting": 604959.2, "northing": 408656.5, "epsg_source": 22391}}, {"type": "Feature", "geometry": {"type": "Point", "coordinates": [11.04493, 36.97748]}, "properties": {"record_id": "oai:u-bordeaux-montaigne.fr:340373", "symbol_class": "building", "pixel_x": 2203.4, "pixel_y": 5297.1, "easting": 601866.9, "northing": 408865.9, "epsg_source": 22391}}, {"type": "Feature", "geometry": {"type": "Point", "coordinates": [11.02467, 36.97865]}, "properties": {"record_id": "oai:u-bordeaux-montaigne.fr:340373", "symbol_class": "building", "pixel_x": 1783.7, "pixel_y": 5302.6, "easting": 600062.4, "northing": 408974.1, "epsg_source": 22391}}, {"type": "Feature", "geometry": {"type": "Point", "coordinates": [11.03393, 36.97762]}, "properties": {"record_id": "oai:u-bordeaux-montaigne.fr:340373", "symbol_class": "building", "pixel_x": 1976.7, "pixel_y": 5313.1, "easting": 600887.8, "northing": 408869.3, "epsg_source": 22391}}, {"type": "Feature", "geometry": {"type": "Point", "coordinates": [11.03487, 36.97711]}, "properties": {"record_id": "oai:u-bordeaux-montaigne.fr:340373", "symbol_class": "building", "pixel_x": 1997.2, "pixel_y": 5324.9, "easting": 600971.6, "northing": 408813.5, "epsg_source": 22391}}, {"type": "Feature", "geometry": {"type": "Point", "coordinates": [11.03418, 36.97701]}, "properties": {"record_id": "oai:u-bordeaux-montaigne.fr:340373", "symbol_class": "building", "pixel_x": 1983.2, "pixel_y": 5328.6, "easting": 600910.6, "northing": 408802.5, "epsg_source": 22391}}, {"type": "Feature", "geometry": {"type": "Point", "coordinates": [11.03272, 36.97704]}, "properties": {"record_id": "oai:u-bordeaux-montaigne.fr:340373", "symbol_class": "building", "pixel_x": 1953.1, "pixel_y": 5330.4, "easting": 600780.4, "northing": 408804.3, "epsg_source": 22391}}, {"type": "Feature", "geometry": {"type": "Point", "coordinates": [10.98072, 36.98016]}, "properties": {"record_id": "oai:u-bordeaux-montaigne.fr:340373", "symbol_class": "building", "pixel_x": 875.3, "pixel_y": 5340.8, "easting": 596148.0, "northing": 409097.4, "epsg_source": 22391}}, {"type": "Feature", "geometry": {"type": "Point", "coordinates": [11.03475, 36.97621]}, "properties": {"record_id": "oai:u-bordeaux-montaigne.fr:340373", "symbol_class": "building", "pixel_x": 1997.0, "pixel_y": 5348.5, "easting": 600962.7, "northing": 408714.2, "epsg_source": 22391}}, {"type": "Feature", "geometry": {"type": "Point", "coordinates": [11.0019, 36.9788]}, "properties": {"record_id": "oai:u-bordeaux-montaigne.fr:340373", "symbol_class": "building", "pixel_x": 1314.5, "pixel_y": 5339.1, "easting": 598034.8, "northing": 408967.2, "epsg_source": 22391}}, {"type": "Feature", "geometry": {"type": "Point", "coordinates": [11.04683, 36.97558]}, "properties": {"record_id": "oai:u-bordeaux-montaigne.fr:340373", "symbol_class": "building", "pixel_x": 2247.2, "pixel_y": 5343.6, "easting": 602039.0, "northing": 408656.5, "epsg_source": 22391}}, {"type": "Feature", "geometry": {"type": "Point", "coordinates": [10.99855, 36.9788]}, "properties": {"record_id": "oai:u-bordeaux-montaigne.fr:340373", "symbol_class": "building", "pixel_x": 1245.6, "pixel_y": 5344.9, "easting": 597737.3, "northing": 408964.4, "epsg_source": 22391}}, {"type": "Feature", "geometry": {"type": "Point", "coordinates": [11.03562, 36.97626]}, "properties": {"record_id": "oai:u-bordeaux-montaigne.fr:340373", "symbol_class": "building", "pixel_x": 2014.7, "pixel_y": 5345.8, "easting": 601040.0, "northing": 408720.0, "epsg_source": 22391}}, {"type": "Feature", "geometry": {"type": "Point", "coordinates": [11.06692, 36.97405]}, "properties": {"record_id": "oai:u-bordeaux-montaigne.fr:340373", "symbol_class": "building", "pixel_x": 2664.3, "pixel_y": 5348.0, "easting": 603829.0, "northing": 408507.7, "epsg_source": 22391}}, {"type": "Feature", "geometry": {"type": "Point", "coordinates": [11.03558, 36.97575]}, "properties": {"record_id": "oai:u-bordeaux-montaigne.fr:340373", "symbol_class": "building", "pixel_x": 2015.1, "pixel_y": 5359.3, "easting": 601037.2, "northing": 408663.2, "epsg_source": 22391}}, {"type": "Feature", "geometry": {"type": "Point", "coordinates": [11.01425, 36.97716]}, "properties": {"record_id": "oai:u-bordeaux-montaigne.fr:340373", "symbol_class": "building", "pixel_x": 1572.6, "pixel_y": 5360.0, "easting": 599136.4, "northing": 408798.7, "epsg_source": 22391}}, {"type": "Feature", "geometry": {"type": "Point", "coordinates": [11.13718, 36.96875]}, "properties": {"record_id": "oai:u-bordeaux-montaigne.fr:340373", "symbol_class": "building", "pixel_x": 4123.2, "pixel_y": 5361.0, "easting": 610090.4, "northing": 407997.1, "epsg_source": 22391}}, {"type": "Feature", "geometry": {"type": "Point", "coordinates": [11.06631, 36.97326]}, "properties": {"record_id": "oai:u-bordeaux-montaigne.fr:340373", "symbol_class": "building", "pixel_x": 2653.5, "pixel_y": 5369.7, "easting": 603775.3, "northing": 408420.0, "epsg_source": 22391}}, {"type": "Feature", "geometry": {"type": "Point", "coordinates": [11.07324, 36.97268]}, "properties": {"record_id": "oai:u-bordeaux-montaigne.fr:340373", "symbol_class": "building", "pixel_x": 2797.7, "pixel_y": 5372.6, "easting": 604393.5, "northing": 408362.9, "epsg_source": 22391}}, {"type": "Feature", "geometry": {"type": "Point", "coordinates": [10.98071, 36.9789]}, "properties": {"record_id": "oai:u-bordeaux-montaigne.fr:340373", "symbol_class": "building", "pixel_x": 878.0, "pixel_y": 5373.7, "easting": 596148.8, "northing": 408958.0, "epsg_source": 22391}}, {"type": "Feature", "geometry": {"type": "Point", "coordinates": [10.97793, 36.97894]}, "properties": {"record_id": "oai:u-bordeaux-montaigne.fr:340373", "symbol_class": "building", "pixel_x": 820.6, "pixel_y": 5377.6, "easting": 595901.0, "northing": 408959.6, "epsg_source": 22391}}, {"type": "Feature", "geometry": {"type": "Point", "coordinates": [11.07279, 36.97227]}, "properties": {"record_id": "oai:u-bordeaux-montaigne.fr:340373", "symbol_class": "building", "pixel_x": 2789.4, "pixel_y": 5384.2, "easting": 604353.9, "northing": 408316.6, "epsg_source": 22391}}, {"type": "Feature", "geometry": {"type": "Point", "coordinates": [10.97591, 36.97895]}, "properties": {"record_id": "oai:u-bordeaux-montaigne.fr:340373", "symbol_class": "building", "pixel_x": 779.2, "pixel_y": 5380.9, "easting": 595721.7, "northing": 408958.4, "epsg_source": 22391}}, {"type": "Feature", "geometry": {"type": "Point", "coordinates": [11.12423, 36.96887]}, "properties": {"record_id": "oai:u-bordeaux-montaigne.fr:340373", "symbol_class": "building", "pixel_x": 3856.4, "pixel_y": 5381.2, "easting": 608937.5, "northing": 407995.8, "epsg_source": 22391}}, {"type": "Feature", "geometry": {"type": "Point", "coordinates": [11.05143, 36.97361]}, "properties": {"record_id": "oai:u-bordeaux-montaigne.fr:340373", "symbol_class": "building", "pixel_x": 2346.4, "pixel_y": 5387.2, "easting": 602450.5, "northing": 408442.6, "epsg_source": 22391}}, {"type": "Feature", "geometry": {"type": "Point", "coordinates": [10.96285, 36.9791]}, "properties": {"record_id": "oai:u-bordeaux-montaigne.fr:340373", "symbol_class": "building", "pixel_x": 510.0, "pixel_y": 5400.1, "easting": 594559.2, "northing": 408962.2, "epsg_source": 22391}}, {"type": "Feature", "geometry": {"type": "Point", "coordinates": [11.09212, 36.97036]}, "properties": {"record_id": "oai:u-bordeaux-montaigne.fr:340373", "symbol_class": "building", "pixel_x": 3191.8, "pixel_y": 5399.7, "easting": 606077.2, "northing": 408125.5, "epsg_source": 22391}}, {"type": "Feature", "geometry": {"type": "Point", "coordinates": [11.0829, 36.97083]}, "properties": {"record_id": "oai:u-bordeaux-montaigne.fr:340373", "symbol_class": "building", "pixel_x": 3001.0, "pixel_y": 5403.8, "easting": 605256.1, "northing": 408168.0, "epsg_source": 22391}}, {"type": "Feature", "geometry": {"type": "Point", "coordinates": [11.0363, 36.97388]}, "properties": {"record_id": "oai:u-bordeaux-montaigne.fr:340373", "symbol_class": "building", "pixel_x": 2034.3, "pixel_y": 5406.9, "easting": 601103.4, "northing": 408457.2, "epsg_source": 22391}}, {"type": "Feature", "geometry": {"type": "Point", "coordinates": [11.0923, 36.97]}, "properties": {"record_id": "oai:u-bordeaux-montaigne.fr:340373", "symbol_class": "building", "pixel_x": 3196.4, "pixel_y": 5408.6, "easting": 606093.7, "northing": 408086.5, "epsg_source": 22391}}, {"type": "Feature", "geometry": {"type": "Point", "coordinates": [11.08233, 36.97043]}, "properties": {"record_id": "oai:u-bordeaux-montaigne.fr:340373", "symbol_class": "building", "pixel_x": 2990.1, "pixel_y": 5415.3, "easting": 605205.6, "northing": 408123.0, "epsg_source": 22391}}, {"type": "Feature", "geometry": {"type": "Point", "coordinates": [11.10327, 36.96904]}, "properties": {"record_id": "oai:u-bordeaux-montaigne.fr:340373", "symbol_class": "building", "pixel_x": 3424.5, "pixel_y": 5414.3, "easting": 607071.3, "northing": 407991.5, "epsg_source": 22391}}, {"type": "Feature", "geometry": {"type": "Point", "coordinates": [11.10192, 36.96907]}, "properties": {"record_id": "oai:u-bordeaux-montaigne.fr:340373", "symbol_class": "building", "pixel_x": 3396.7, "pixel_y": 5416.0, "easting": 606951.3, "northing": 407992.9, "epsg_source": 22391}}, {"type": "Feature", "geometry": {"type": "Point", "coordinates": [11.09895, 36.96906]}, "properties": {"record_id": "oai:u-bordeaux-montaigne.fr:340373", "symbol_class": "building", "pixel_x": 3335.5, "pixel_y": 5421.5, "easting": 606686.8, "northing": 407988.8, "epsg_source": 22391}}, {"type": "Feature", "geometry": {"type": "Point", "coordinates": [11.24792, 36.95856]}, "properties": {"record_id": "oai:u-bordeaux-montaigne.fr:340373", "symbol_class": "building", "pixel_x": 6427.5, "pixel_y": 5427.6, "easting": 619964.2, "northing": 406997.2, "epsg_source": 22391}}, {"type": "Feature", "geometry": {"type": "Point", "coordinates": [11.09388, 36.96912]}, "properties": {"record_id": "oai:u-bordeaux-montaigne.fr:340373", "symbol_class": "building", "pixel_x": 3231.0, "pixel_y": 5428.9, "easting": 606235.4, "northing": 407990.7, "epsg_source": 22391}}, {"type": "Feature", "geometry": {"type": "Point", "coordinates": [11.09208, 36.96913]}, "properties": {"record_id": "oai:u-bordeaux-montaigne.fr:340373", "symbol_class": "building", "pixel_x": 3193.8, "pixel_y": 5431.8, "easting": 606074.9, "northing": 407989.8, "epsg_source": 22391}}, {"type": "Feature", "geometry": {"type": "Point", "coordinates": [11.08138, 36.96922]}, "properties": {"record_id": "oai:u-bordeaux-montaigne.fr:340373", "symbol_class": "building", "pixel_x": 2973.4, "pixel_y": 5448.6, "easting": 605122.6, "northing": 407988.1, "epsg_source": 22391}}, {"type": "Feature", "geometry": {"type": "Point", "coordinates": [11.08207, 36.9692]}, "properties": {"record_id": "oai:u-bordeaux-montaigne.fr:340373", "symbol_class": "building", "pixel_x": 2987.6, "pixel_y": 5448.1, "easting": 605183.7, "northing": 407986.0, "epsg_source": 22391}}, {"type": "Feature", "geometry": {"type": "Point", "coordinates": [11.04805, 36.97116]}, "properties": {"record_id": "oai:u-bordeaux-montaigne.fr:340373", "symbol_class": "building", "pixel_x": 2282.6, "pixel_y": 5457.4, "easting": 602152.8, "northing": 408167.1, "epsg_source": 22391}}, {"type": "Feature", "geometry": {"type": "Point", "coordinates": [11.07562, 36.96925]}, "properties": {"record_id": "oai:u-bordeaux-montaigne.fr:340373", "symbol_class": "building", "pixel_x": 2854.9, "pixel_y": 5458.1, "easting": 604610.2, "northing": 407985.3, "epsg_source": 22391}}, {"type": "Feature", "geometry": {"type": "Point", "coordinates": [11.0713, 36.96929]}, "properties": {"record_id": "oai:u-bordeaux-montaigne.fr:340373", "symbol_class": "building", "pixel_x": 2765.8, "pixel_y": 5464.9, "easting": 604225.2, "northing": 407984.4, "epsg_source": 22391}}, {"type": "Feature", "geometry": {"type": "Point", "coordinates": [11.0681, 36.96931]}, "properties": {"record_id": "oai:u-bordeaux-montaigne.fr:340373", "symbol_class": "building", "pixel_x": 2699.9, "pixel_y": 5470.2, "easting": 603940.7, "northing": 407982.9, "epsg_source": 22391}}, {"type": "Feature", "geometry": {"type": "Point", "coordinates": [10.97926, 36.97495]}, "properties": {"record_id": "oai:u-bordeaux-montaigne.fr:340373", "symbol_class": "building", "pixel_x": 857.4, "pixel_y": 5479.8, "easting": 596024.3, "northing": 408518.5, "epsg_source": 22391}}, {"type": "Feature", "geometry": {"type": "Point", "coordinates": [11.06238, 36.96934]}, "properties": {"record_id": "oai:u-bordeaux-montaigne.fr:340373", "symbol_class": "building", "pixel_x": 2582.0, "pixel_y": 5479.4, "easting": 603431.3, "northing": 407980.8, "epsg_source": 22391}}, {"type": "Feature", "geometry": {"type": "Point", "coordinates": [11.05872, 36.96936]}, "properties": {"record_id": "oai:u-bordeaux-montaigne.fr:340373", "symbol_class": "building", "pixel_x": 2506.5, "pixel_y": 5485.6, "easting": 603104.8, "northing": 407978.6, "epsg_source": 22391}}, {"type": "Feature", "geometry": {"type": "Point", "coordinates": [10.98506, 36.97381]}, "properties": {"record_id": "oai:u-bordeaux-montaigne.fr:340373", "symbol_class": "building", "pixel_x": 979.5, "pixel_y": 5499.4, "easting": 596542.2, "northing": 408397.7, "epsg_source": 22391}}, {"type": "Feature", "geometry": {"type": "Point", "coordinates": [11.05333, 36.96833]}, "properties": {"record_id": "oai:u-bordeaux-montaigne.fr:340373", "symbol_class": "building", "pixel_x": 2398.1, "pixel_y": 5522.0, "easting": 602626.8, "northing": 407859.1, "epsg_source": 22391}}, {"type": "Feature", "geometry": {"type": "Point", "coordinates": [11.03572, 36.96956]}, "properties": {"record_id": "oai:u-bordeaux-montaigne.fr:340373", "symbol_class": "building", "pixel_x": 2032.7, "pixel_y": 5521.1, "easting": 601057.9, "northing": 407977.3, "epsg_source": 22391}}, {"type": "Feature", "geometry": {"type": "Point", "coordinates": [11.03447, 36.96957]}, "properties": {"record_id": "oai:u-bordeaux-montaigne.fr:340373", "symbol_class": "building", "pixel_x": 2006.9, "pixel_y": 5523.0, "easting": 600946.3, "northing": 407977.2, "epsg_source": 22391}}, {"type": "Feature", "geometry": {"type": "Point", "coordinates": [11.04669, 36.96853]}, "properties": {"record_id": "oai:u-bordeaux-montaigne.fr:340373", "symbol_class": "building", "pixel_x": 2260.8, "pixel_y": 5528.6, "easting": 602035.0, "northing": 407874.5, "epsg_source": 22391}}, {"type": "Feature", "geometry": {"type": "Point", "coordinates": [11.0535, 36.9677]}, "properties": {"record_id": "oai:u-bordeaux-montaigne.fr:340373", "symbol_class": "building", "pixel_x": 2403.1, "pixel_y": 5538.3, "easting": 602642.9, "northing": 407789.2, "epsg_source": 22391}}, {"type": "Feature", "geometry": {"type": "Point", "coordinates": [11.02444, 36.96964]}, "properties": {"record_id": "oai:u-bordeaux-montaigne.fr:340373", "symbol_class": "building", "pixel_x": 1800.2, "pixel_y": 5539.0, "easting": 600053.3, "northing": 407974.8, "epsg_source": 22391}}, {"type": "Feature", "geometry": {"type": "Point", "coordinates": [11.02337, 36.96967]}, "properties": {"record_id": "oai:u-bordeaux-montaigne.fr:340373", "symbol_class": "building", "pixel_x": 1778.1, "pixel_y": 5540.1, "easting": 599958.3, "northing": 407977.1, "epsg_source": 22391}}, {"type": "Feature", "geometry": {"type": "Point", "coordinates": [11.04064, 36.9681]}, "properties": {"record_id": "oai:u-bordeaux-montaigne.fr:340373", "symbol_class": "building", "pixel_x": 2137.4, "pixel_y": 5550.6, "easting": 601497.5, "northing": 407820.6, "epsg_source": 22391}}, {"type": "Feature", "geometry": {"type": "Point", "coordinates": [11.08894, 36.96452]}, "properties": {"record_id": "oai:u-bordeaux-montaigne.fr:340373", "symbol_class": "building", "pixel_x": 3140.3, "pixel_y": 5558.4, "easting": 605802.1, "northing": 407474.1, "epsg_source": 22391}}, {"type": "Feature", "geometry": {"type": "Point", "coordinates": [11.08931, 36.96446]}, "properties": {"record_id": "oai:u-bordeaux-montaigne.fr:340373", "symbol_class": "building", "pixel_x": 3148.0, "pixel_y": 5559.4, "easting": 605834.7, "northing": 407467.7, "epsg_source": 22391}}, {"type": "Feature", "geometry": {"type": "Point", "coordinates": [11.04095, 36.9677]}, "properties": {"record_id": "oai:u-bordeaux-montaigne.fr:340373", "symbol_class": "building", "pixel_x": 2144.6, "pixel_y": 5560.6, "easting": 601525.4, "northing": 407776.0, "epsg_source": 22391}}, {"type": "Feature", "geometry": {"type": "Point", "coordinates": [11.00457, 36.96977]}, "properties": {"record_id": "oai:u-bordeaux-montaigne.fr:340373", "symbol_class": "building", "pixel_x": 1390.8, "pixel_y": 5571.0, "easting": 598284.2, "northing": 407968.0, "epsg_source": 22391}}, {"type": "Feature", "geometry": {"type": "Point", "coordinates": [11.00098, 36.96993]}, "properties": {"record_id": "oai:u-bordeaux-montaigne.fr:340373", "symbol_class": "building", "pixel_x": 1316.4, "pixel_y": 5573.1, "easting": 597964.1, "northing": 407982.6, "epsg_source": 22391}}, {"type": "Feature", "geometry": {"type": "Point", "coordinates": [11.00386, 36.96979]}, "properties": {"record_id": "oai:u-bordeaux-montaigne.fr:340373", "symbol_class": "building", "pixel_x": 1376.2, "pixel_y": 5571.7, "easting": 598221.4, "northing": 407969.6, "epsg_source": 22391}}, {"type": "Feature", "geometry": {"type": "Point", "coordinates": [11.00219, 36.96979]}, "properties": {"record_id": "oai:u-bordeaux-montaigne.fr:340373", "symbol_class": "building", "pixel_x": 1341.7, "pixel_y": 5574.5, "easting": 598072.3, "northing": 407968.8, "epsg_source": 22391}}, {"type": "Feature", "geometry": {"type": "Point", "coordinates": [11.00033, 36.96982]}, "properties": {"record_id": "oai:u-bordeaux-montaigne.fr:340373", "symbol_class": "building", "pixel_x": 1303.3, "pixel_y": 5577.0, "easting": 597906.6, "northing": 407970.1, "epsg_source": 22391}}, {"type": "Feature", "geometry": {"type": "Point", "coordinates": [11.04749, 36.96624]}, "properties": {"record_id": "oai:u-bordeaux-montaigne.fr:340373", "symbol_class": "building", "pixel_x": 2282.7, "pixel_y": 5587.2, "easting": 602109.4, "northing": 407621.1, "epsg_source": 22391}}, {"type": "Feature", "geometry": {"type": "Point", "coordinates": [11.04878, 36.96547]}, "properties": {"record_id": "oai:u-bordeaux-montaigne.fr:340373", "symbol_class": "building", "pixel_x": 2311.1, "pixel_y": 5605.1, "easting": 602225.2, "northing": 407537.2, "epsg_source": 22391}}, {"type": "Feature", "geometry": {"type": "Point", "coordinates": [10.97918, 36.96964]}, "properties": {"record_id": "oai:u-bordeaux-montaigne.fr:340373", "symbol_class": "building", "pixel_x": 868.2, "pixel_y": 5619.1, "easting": 596023.8, "northing": 407929.1, "epsg_source": 22391}}, {"type": "Feature", "geometry": {"type": "Point", "coordinates": [11.03845, 36.96592]}, "properties": {"record_id": "oai:u-bordeaux-montaigne.fr:340373", "symbol_class": "building", "pixel_x": 2097.4, "pixel_y": 5611.8, "easting": 601305.2, "northing": 407575.7, "epsg_source": 22391}}, {"type": "Feature", "geometry": {"type": "Point", "coordinates": [10.97954, 36.96994]}, "properties": {"record_id": "oai:u-bordeaux-montaigne.fr:340373", "symbol_class": "building", "pixel_x": 875.1, "pixel_y": 5610.6, "easting": 596056.1, "northing": 407962.8, "epsg_source": 22391}}, {"type": "Feature", "geometry": {"type": "Point", "coordinates": [11.00376, 36.96822]}, "properties": {"record_id": "oai:u-bordeaux-montaigne.fr:340373", "symbol_class": "building", "pixel_x": 1377.7, "pixel_y": 5612.9, "easting": 598213.8, "northing": 407795.9, "epsg_source": 22391}}, {"type": "Feature", "geometry": {"type": "Point", "coordinates": [10.97712, 36.96998]}, "properties": {"record_id": "oai:u-bordeaux-montaigne.fr:340373", "symbol_class": "building", "pixel_x": 825.1, "pixel_y": 5613.9, "easting": 595840.1, "northing": 407964.3, "epsg_source": 22391}}, {"type": "Feature", "geometry": {"type": "Point", "coordinates": [11.05363, 36.96463]}, "properties": {"record_id": "oai:u-bordeaux-montaigne.fr:340373", "symbol_class": "building", "pixel_x": 2413.0, "pixel_y": 5618.4, "easting": 602658.5, "northing": 407449.1, "epsg_source": 22391}}, {"type": "Feature", "geometry": {"type": "Point", "coordinates": [10.9667, 36.97003]}, "properties": {"record_id": "oai:u-bordeaux-montaigne.fr:340373", "symbol_class": "building", "pixel_x": 610.5, "pixel_y": 5631.0, "easting": 594912.8, "northing": 407959.6, "epsg_source": 22391}}, {"type": "Feature", "geometry": {"type": "Point", "coordinates": [11.11295, 36.95993]}, "properties": {"record_id": "oai:u-bordeaux-montaigne.fr:340373", "symbol_class": "building", "pixel_x": 3645.5, "pixel_y": 5635.6, "easting": 607945.9, "northing": 406991.5, "epsg_source": 22391}}, {"type": "Feature", "geometry": {"type": "Point", "coordinates": [11.10504, 36.95997]}, "properties": {"record_id": "oai:u-bordeaux-montaigne.fr:340373", "symbol_class": "building", "pixel_x": 3482.5, "pixel_y": 5648.7, "easting": 607241.3, "northing": 406987.7, "epsg_source": 22391}}, {"type": "Feature", "geometry": {"type": "Point", "coordinates": [11.03676, 36.96391]}, "properties": {"record_id": "oai:u-bordeaux-montaigne.fr:340373", "symbol_class": "building", "pixel_x": 2067.3, "pixel_y": 5667.3, "easting": 601157.2, "northing": 407351.8, "epsg_source": 22391}}, {"type": "Feature", "geometry": {"type": "Point", "coordinates": [11.09031, 36.96012]}, "properties": {"record_id": "oai:u-bordeaux-montaigne.fr:340373", "symbol_class": "building", "pixel_x": 3178.9, "pixel_y": 5671.3, "easting": 605929.7, "northing": 406987.3, "epsg_source": 22391}}, {"type": "Feature", "geometry": {"type": "Point", "coordinates": [11.08868, 36.96014]}, "properties": {"record_id": "oai:u-bordeaux-montaigne.fr:340373", "symbol_class": "building", "pixel_x": 3145.4, "pixel_y": 5673.7, "easting": 605784.9, "northing": 406987.8, "epsg_source": 22391}}, {"type": "Feature", "geometry": {"type": "Point", "coordinates": [11.08071, 36.96022]}, "properties": {"record_id": "oai:u-bordeaux-montaigne.fr:340373", "symbol_class": "building", "pixel_x": 2981.0, "pixel_y": 5685.8, "easting": 605074.9, "northing": 406988.2, "epsg_source": 22391}}, {"type": "Feature", "geometry": {"type": "Point", "coordinates": [11.07848, 36.96022]}, "properties": {"record_id": "oai:u-bordeaux-montaigne.fr:340373", "symbol_class": "building", "pixel_x": 2935.1, "pixel_y": 5689.7, "easting": 604876.5, "northing": 406986.4, "epsg_source": 22391}}, {"type": "Feature", "geometry": {"type": "Point", "coordinates": [11.00743, 36.96492]}, "properties": {"record_id": "oai:u-bordeaux-montaigne.fr:340373", "symbol_class": "building", "pixel_x": 1461.1, "pixel_y": 5692.8, "easting": 598545.1, "northing": 407433.7, "epsg_source": 22391}}, {"type": "Feature", "geometry": {"type": "Point", "coordinates": [11.08844, 36.95876]}, "properties": {"record_id": "oai:u-bordeaux-montaigne.fr:340373", "symbol_class": "building", "pixel_x": 3143.6, "pixel_y": 5710.2, "easting": 605765.0, "northing": 406834.7, "epsg_source": 22391}}, {"type": "Feature", "geometry": {"type": "Point", "coordinates": [11.21357, 36.94995]}, "properties": {"record_id": "oai:u-bordeaux-montaigne.fr:340373", "symbol_class": "building", "pixel_x": 5741.2, "pixel_y": 5715.5, "easting": 616919.2, "northing": 406000.8, "epsg_source": 22391}}, {"type": "Feature", "geometry": {"type": "Point", "coordinates": [11.06211, 36.96034]}, "properties": {"record_id": "oai:u-bordeaux-montaigne.fr:340373", "symbol_class": "building", "pixel_x": 2597.8, "pixel_y": 5715.8, "easting": 603419.0, "northing": 406982.1, "epsg_source": 22391}}, {"type": "Feature", "geometry": {"type": "Point", "coordinates": [11.06135, 36.96035]}, "properties": {"record_id": "oai:u-bordeaux-montaigne.fr:340373", "symbol_class": "building", "pixel_x": 2582.0, "pixel_y": 5717.0, "easting": 603350.8, "northing": 406981.8, "epsg_source": 22391}}, {"type": "Feature", "geometry": {"type": "Point", "coordinates": [11.06087, 36.96038]}, "properties": {"record_id": "oai:u-bordeaux-montaigne.fr:340373", "symbol_class": "building", "pixel_x": 2572.1, "pixel_y": 5717.1, "easting": 603308.4, "northing": 406984.6, "epsg_source": 22391}}, {"type": "Feature", "geometry": {"type": "Point", "coordinates": [11.05959, 36.96037]}, "properties": {"record_id": "oai:u-bordeaux-montaigne.fr:340373", "symbol_class": "building", "pixel_x": 2545.7, "pixel_y": 5719.4, "easting": 603194.1, "northing": 406983.0, "epsg_source": 22391}}, {"type": "Feature", "geometry": {"type": "Point", "coordinates": [11.05902, 36.96037]}, "properties": {"record_id": "oai:u-bordeaux-montaigne.fr:340373", "symbol_class": "building", "pixel_x": 2534.0, "pixel_y": 5720.5, "easting": 603143.5, "northing": 406982.1, "epsg_source": 22391}}, {"type": "Feature", "geometry": {"type": "Point", "coordinates": [11.08016, 36.95891]}, "properties": {"record_id": "oai:u-bordeaux-montaigne.fr:340373", "symbol_class": "building", "pixel_x": 2972.7, "pixel_y": 5721.0, "easting": 605027.5, "northing": 406842.9, "epsg_source": 22391}}, {"type": "Feature", "geometry": {"type": "Point", "coordinates": [11.0887, 36.95825]}, "properties": {"record_id": "oai:u-bordeaux-montaigne.fr:340373", "symbol_class": "building", "pixel_x": 3150.3, "pixel_y": 5723.2, "easting": 605789.4, "northing": 406778.3, "epsg_source": 22391}}, {"type": "Feature", "geometry": {"type": "Point", "coordinates": [11.0548, 36.96044]}, "properties": {"record_id": "oai:u-bordeaux-montaigne.fr:340373", "symbol_class": "building", "pixel_x": 2447.1, "pixel_y": 5726.2, "easting": 602768.3, "northing": 406985.2, "epsg_source": 22391}}, {"type": "Feature", "geometry": {"type": "Point", "coordinates": [11.0542, 36.96039]}, "properties": {"record_id": "oai:u-bordeaux-montaigne.fr:340373", "symbol_class": "building", "pixel_x": 2434.8, "pixel_y": 5728.5, "easting": 602714.6, "northing": 406979.6, "epsg_source": 22391}}, {"type": "Feature", "geometry": {"type": "Point", "coordinates": [11.05214, 36.96042]}, "properties": {"record_id": "oai:u-bordeaux-montaigne.fr:340373", "symbol_class": "building", "pixel_x": 2392.3, "pixel_y": 5731.6, "easting": 602531.0, "northing": 406979.8, "epsg_source": 22391}}, {"type": "Feature", "geometry": {"type": "Point", "coordinates": [11.20148, 36.95011]}, "properties": {"record_id": "oai:u-bordeaux-montaigne.fr:340373", "symbol_class": "building", "pixel_x": 5491.9, "pixel_y": 5733.4, "easting": 615842.4, "northing": 406003.4, "epsg_source": 22391}}, {"type": "Feature", "geometry": {"type": "Point", "coordinates": [11.04674, 36.96047]}, "properties": {"record_id": "oai:u-bordeaux-montaigne.fr:340373", "symbol_class": "building", "pixel_x": 2281.1, "pixel_y": 5739.9, "easting": 602050.7, "northing": 406979.7, "epsg_source": 22391}}, {"type": "Feature", "geometry": {"type": "Point", "coordinates": [11.04351, 36.96049]}, "properties": {"record_id": "oai:u-bordeaux-montaigne.fr:340373", "symbol_class": "building", "pixel_x": 2214.4, "pixel_y": 5745.0, "easting": 601762.7, "northing": 406979.1, "epsg_source": 22391}}, {"type": "Feature", "geometry": {"type": "Point", "coordinates": [11.08657, 36.95726]}, "properties": {"record_id": "oai:u-bordeaux-montaigne.fr:340373", "symbol_class": "building", "pixel_x": 3108.6, "pixel_y": 5752.8, "easting": 605600.5, "northing": 406666.6, "epsg_source": 22391}}, {"type": "Feature", "geometry": {"type": "Point", "coordinates": [11.03421, 36.96059]}, "properties": {"record_id": "oai:u-bordeaux-montaigne.fr:340373", "symbol_class": "building", "pixel_x": 2022.6, "pixel_y": 5758.8, "easting": 600934.4, "northing": 406980.9, "epsg_source": 22391}}, {"type": "Feature", "geometry": {"type": "Point", "coordinates": [11.07216, 36.95792]}, "properties": {"record_id": "oai:u-bordeaux-montaigne.fr:340373", "symbol_class": "building", "pixel_x": 2810.3, "pixel_y": 5761.3, "easting": 604316.5, "northing": 406724.3, "epsg_source": 22391}}, {"type": "Feature", "geometry": {"type": "Point", "coordinates": [10.95907, 36.96491]}, "properties": {"record_id": "oai:u-bordeaux-montaigne.fr:340373", "symbol_class": "building", "pixel_x": 465.4, "pixel_y": 5778.5, "easting": 594239.8, "northing": 407384.8, "epsg_source": 22391}}, {"type": "Feature", "geometry": {"type": "Point", "coordinates": [11.02851, 36.96063]}, "properties": {"record_id": "oai:u-bordeaux-montaigne.fr:340373", "symbol_class": "building", "pixel_x": 1905.3, "pixel_y": 5767.9, "easting": 600427.3, "northing": 406979.4, "epsg_source": 22391}}, {"type": "Feature", "geometry": {"type": "Point", "coordinates": [10.9615, 36.96471]}, "properties": {"record_id": "oai:u-bordeaux-montaigne.fr:340373", "symbol_class": "building", "pixel_x": 515.9, "pixel_y": 5779.4, "easting": 594456.2, "northing": 407364.9, "epsg_source": 22391}}, {"type": "Feature", "geometry": {"type": "Point", "coordinates": [10.96244, 36.96467]}, "properties": {"record_id": "oai:u-bordeaux-montaigne.fr:340373", "symbol_class": "building", "pixel_x": 535.2, "pixel_y": 5778.8, "easting": 594539.7, "northing": 407361.5, "epsg_source": 22391}}, {"type": "Feature", "geometry": {"type": "Point", "coordinates": [10.96428, 36.96475]}, "properties": {"record_id": "oai:u-bordeaux-montaigne.fr:340373", "symbol_class": "building", "pixel_x": 573.1, "pixel_y": 5773.7, "easting": 594704.0, "northing": 407371.3, "epsg_source": 22391}}, {"type": "Feature", "geometry": {"type": "Point", "coordinates": [11.02731, 36.96066]}, "properties": {"record_id": "oai:u-bordeaux-montaigne.fr:340373", "symbol_class": "building", "pixel_x": 1880.4, "pixel_y": 5769.3, "easting": 600320.0, "northing": 406981.1, "epsg_source": 22391}}, {"type": "Feature", "geometry": {"type": "Point", "coordinates": [10.95807, 36.96497]}, "properties": {"record_id": "oai:u-bordeaux-montaigne.fr:340373", "symbol_class": "building", "pixel_x": 444.6, "pixel_y": 5778.9, "easting": 594150.3, "northing": 407389.6, "epsg_source": 22391}}, {"type": "Feature", "geometry": {"type": "Point", "coordinates": [10.96503, 36.96439]}, "properties": {"record_id": "oai:u-bordeaux-montaigne.fr:340373", "symbol_class": "building", "pixel_x": 589.3, "pixel_y": 5781.7, "easting": 594770.8, "northing": 407332.4, "epsg_source": 22391}}, {"type": "Feature", "geometry": {"type": "Point", "coordinates": [11.16879, 36.95046]}, "properties": {"record_id": "oai:u-bordeaux-montaigne.fr:340373", "symbol_class": "building", "pixel_x": 4817.9, "pixel_y": 5783.2, "easting": 612931.0, "northing": 406004.6, "epsg_source": 22391}}, {"type": "Feature", "geometry": {"type": "Point", "coordinates": [11.16592, 36.95051]}, "properties": {"record_id": "oai:u-bordeaux-montaigne.fr:340373", "symbol_class": "building", "pixel_x": 4758.6, "pixel_y": 5787.3, "easting": 612675.1, "northing": 406006.1, "epsg_source": 22391}}, {"type": "Feature", "geometry": {"type": "Point", "coordinates": [11.16483, 36.95049]}, "properties": {"record_id": "oai:u-bordeaux-montaigne.fr:340373", "symbol_class": "building", "pixel_x": 4736.2, "pixel_y": 5789.6, "easting": 612578.0, "northing": 406003.1, "epsg_source": 22391}}, {"type": "Feature", "geometry": {"type": "Point", "coordinates": [11.16132, 36.95053]}, "properties": {"record_id": "oai:u-bordeaux-montaigne.fr:340373", "symbol_class": "building", "pixel_x": 4663.9, "pixel_y": 5794.9, "easting": 612265.5, "northing": 406003.4, "epsg_source": 22391}}, {"type": "Feature", "geometry": {"type": "Point", "coordinates": [11.15906, 36.95058]}, "properties": {"record_id": "oai:u-bordeaux-montaigne.fr:340373", "symbol_class": "building", "pixel_x": 4617.2, "pixel_y": 5797.7, "easting": 612064.0, "northing": 406006.4, "epsg_source": 22391}}, {"type": "Feature", "geometry": {"type": "Point", "coordinates": [10.99373, 36.96091]}, "properties": {"record_id": "oai:u-bordeaux-montaigne.fr:340373", "symbol_class": "building", "pixel_x": 1188.5, "pixel_y": 5822.1, "easting": 597330.6, "northing": 406975.2, "epsg_source": 22391}}, {"type": "Feature", "geometry": {"type": "Point", "coordinates": [10.97902, 36.96102]}, "properties": {"record_id": "oai:u-bordeaux-montaigne.fr:340373", "symbol_class": "building", "pixel_x": 885.2, "pixel_y": 5845.3, "easting": 596020.2, "northing": 406972.5, "epsg_source": 22391}}, {"type": "Feature", "geometry": {"type": "Point", "coordinates": [11.28278, 36.94009]}, "properties": {"record_id": "oai:u-bordeaux-montaigne.fr:340373", "symbol_class": "building", "pixel_x": 7190.0, "pixel_y": 5847.7, "easting": 623096.8, "northing": 404991.9, "epsg_source": 22391}}, {"type": "Feature", "geometry": {"type": "Point", "coordinates": [11.12134, 36.95101]}, "properties": {"record_id": "oai:u-bordeaux-montaigne.fr:340373", "symbol_class": "building", "pixel_x": 3839.5, "pixel_y": 5854.5, "easting": 608704.8, "northing": 406010.7, "epsg_source": 22391}}, {"type": "Feature", "geometry": {"type": "Point", "coordinates": [10.979, 36.95904]}, "properties": {"record_id": "oai:u-bordeaux-montaigne.fr:340373", "symbol_class": "building", "pixel_x": 889.4, "pixel_y": 5897.4, "easting": 596020.7, "northing": 406752.2, "epsg_source": 22391}}, {"type": "Feature", "geometry": {"type": "Point", "coordinates": [10.97894, 36.95775]}, "properties": {"record_id": "oai:u-bordeaux-montaigne.fr:340373", "symbol_class": "building", "pixel_x": 891.3, "pixel_y": 5931.2, "easting": 596017.5, "northing": 406609.3, "epsg_source": 22391}}, {"type": "Feature", "geometry": {"type": "Point", "coordinates": [10.97192, 36.95818]}, "properties": {"record_id": "oai:u-bordeaux-montaigne.fr:340373", "symbol_class": "building", "pixel_x": 745.7, "pixel_y": 5932.4, "easting": 595391.5, "northing": 406650.0, "epsg_source": 22391}}, {"type": "Feature", "geometry": {"type": "Point", "coordinates": [10.99013, 36.95694]}, "properties": {"record_id": "oai:u-bordeaux-montaigne.fr:340373", "symbol_class": "building", "pixel_x": 1123.6, "pixel_y": 5932.5, "easting": 597014.4, "northing": 406531.1, "epsg_source": 22391}}, {"type": "Feature", "geometry": {"type": "Point", "coordinates": [11.24772, 36.93919]}, "properties": {"record_id": "oai:u-bordeaux-montaigne.fr:340373", "symbol_class": "building", "pixel_x": 6470.4, "pixel_y": 5935.4, "easting": 619976.4, "northing": 404848.2, "epsg_source": 22391}}, {"type": "Feature", "geometry": {"type": "Point", "coordinates": [10.97175, 36.95733]}, "properties": {"record_id": "oai:u-bordeaux-montaigne.fr:340373", "symbol_class": "building", "pixel_x": 744.3, "pixel_y": 5954.8, "easting": 595377.8, "northing": 406556.2, "epsg_source": 22391}}, {"type": "Feature", "geometry": {"type": "Point", "coordinates": [11.08042, 36.94946]}, "properties": {"record_id": "oai:u-bordeaux-montaigne.fr:340373", "symbol_class": "building", "pixel_x": 3000.7, "pixel_y": 5968.2, "easting": 605064.0, "northing": 405794.8, "epsg_source": 22391}}, {"type": "Feature", "geometry": {"type": "Point", "coordinates": [11.09153, 36.9482]}, "properties": {"record_id": "oai:u-bordeaux-montaigne.fr:340373", "symbol_class": "building", "pixel_x": 3232.4, "pixel_y": 5981.4, "easting": 606054.6, "northing": 405666.6, "epsg_source": 22391}}, {"type": "Feature", "geometry": {"type": "Point", "coordinates": [11.13656, 36.94497]}, "properties": {"record_id": "oai:u-bordeaux-montaigne.fr:340373", "symbol_class": "building", "pixel_x": 4167.3, "pixel_y": 5985.1, "easting": 610068.7, "northing": 405358.7, "epsg_source": 22391}}, {"type": "Feature", "geometry": {"type": "Point", "coordinates": [10.97191, 36.95643]}, "properties": {"record_id": "oai:u-bordeaux-montaigne.fr:340373", "symbol_class": "building", "pixel_x": 749.6, "pixel_y": 5978.3, "easting": 595392.8, "northing": 406455.7, "epsg_source": 22391}}, {"type": "Feature", "geometry": {"type": "Point", "coordinates": [11.21334, 36.93947]}, "properties": {"record_id": "oai:u-bordeaux-montaigne.fr:340373", "symbol_class": "building", "pixel_x": 5761.6, "pixel_y": 5990.6, "easting": 616914.0, "northing": 404837.7, "epsg_source": 22391}}, {"type": "Feature", "geometry": {"type": "Point", "coordinates": [11.00041, 36.9538]}, "properties": {"record_id": "oai:u-bordeaux-montaigne.fr:340373", "symbol_class": "building", "pixel_x": 1342.6, "pixel_y": 5996.9, "easting": 597933.5, "northing": 406192.0, "epsg_source": 22391}}, {"type": "Feature", "geometry": {"type": "Point", "coordinates": [11.13486, 36.94486]}, "properties": {"record_id": "oai:u-bordeaux-montaigne.fr:340373", "symbol_class": "building", "pixel_x": 4132.7, "pixel_y": 5991.1, "easting": 609917.9, "northing": 405344.4, "epsg_source": 22391}}, {"type": "Feature", "geometry": {"type": "Point", "coordinates": [11.00191, 36.95363]}, "properties": {"record_id": "oai:u-bordeaux-montaigne.fr:340373", "symbol_class": "building", "pixel_x": 1374.0, "pixel_y": 5998.7, "easting": 598067.6, "northing": 406174.7, "epsg_source": 22391}}, {"type": "Feature", "geometry": {"type": "Point", "coordinates": [11.05781, 36.94989]}, "properties": {"record_id": "oai:u-bordeaux-montaigne.fr:340373", "symbol_class": "building", "pixel_x": 2533.9, "pixel_y": 5997.3, "easting": 603049.4, "northing": 405818.2, "epsg_source": 22391}}, {"type": "Feature", "geometry": {"type": "Point", "coordinates": [11.24751, 36.93701]}, "properties": {"record_id": "oai:u-bordeaux-montaigne.fr:340373", "symbol_class": "building", "pixel_x": 6471.2, "pixel_y": 5993.0, "easting": 619960.6, "northing": 404605.9, "epsg_source": 22391}}, {"type": "Feature", "geometry": {"type": "Point", "coordinates": [11.2487, 36.9366]}, "properties": {"record_id": "oai:u-bordeaux-montaigne.fr:340373", "symbol_class": "building", "pixel_x": 6496.7, "pixel_y": 6001.4, "easting": 620067.3, "northing": 404562.4, "epsg_source": 22391}}, {"type": "Feature", "geometry": {"type": "Point", "coordinates": [10.97182, 36.95578]}, "properties": {"record_id": "oai:u-bordeaux-montaigne.fr:340373", "symbol_class": "building", "pixel_x": 749.3, "pixel_y": 5995.4, "easting": 595386.0, "northing": 406383.8, "epsg_source": 22391}}, {"type": "Feature", "geometry": {"type": "Point", "coordinates": [11.1572, 36.94295]}, "properties": {"record_id": "oai:u-bordeaux-montaigne.fr:340373", "symbol_class": "building", "pixel_x": 4597.3, "pixel_y": 6001.0, "easting": 611910.0, "northing": 405157.5, "epsg_source": 22391}}, {"type": "Feature", "geometry": {"type": "Point", "coordinates": [11.1588, 36.94282]}, "properties": {"record_id": "oai:u-bordeaux-montaigne.fr:340373", "symbol_class": "building", "pixel_x": 4630.4, "pixel_y": 6001.6, "easting": 612052.1, "northing": 405144.9, "epsg_source": 22391}}, {"type": "Feature", "geometry": {"type": "Point", "coordinates": [11.1462, 36.94362]}, "properties": {"record_id": "oai:u-bordeaux-montaigne.fr:340373", "symbol_class": "building", "pixel_x": 4369.2, "pixel_y": 6003.3, "easting": 610929.4, "northing": 405219.1, "epsg_source": 22391}}, {"type": "Feature", "geometry": {"type": "Point", "coordinates": [11.14764, 36.94349]}, "properties": {"record_id": "oai:u-bordeaux-montaigne.fr:340373", "symbol_class": "building", "pixel_x": 4399.1, "pixel_y": 6004.2, "easting": 611057.9, "northing": 405206.3, "epsg_source": 22391}}, {"type": "Feature", "geometry": {"type": "Point", "coordinates": [11.16864, 36.942]}, "properties": {"record_id": "oai:u-bordeaux-montaigne.fr:340373", "symbol_class": "building", "pixel_x": 4835.1, "pixel_y": 6005.2, "easting": 612929.8, "northing": 405065.7, "epsg_source": 22391}}, {"type": "Feature", "geometry": {"type": "Point", "coordinates": [11.1702, 36.94188]}, "properties": {"record_id": "oai:u-bordeaux-montaigne.fr:340373", "symbol_class": "building", "pixel_x": 4867.5, "pixel_y": 6005.6, "easting": 613069.1, "northing": 405054.0, "epsg_source": 22391}}, {"type": "Feature", "geometry": {"type": "Point", "coordinates": [11.19256, 36.94024]}, "properties": {"record_id": "oai:u-bordeaux-montaigne.fr:340373", "symbol_class": "building", "pixel_x": 5331.8, "pixel_y": 6008.1, "easting": 615062.1, "northing": 404898.3, "epsg_source": 22391}}, {"type": "Feature", "geometry": {"type": "Point", "coordinates": [11.12523, 36.94493]}, "properties": {"record_id": "oai:u-bordeaux-montaigne.fr:340373", "symbol_class": "building", "pixel_x": 3934.2, "pixel_y": 6006.7, "easting": 609060.4, "northing": 405340.8, "epsg_source": 22391}}, {"type": "Feature", "geometry": {"type": "Point", "coordinates": [11.22462, 36.938]}, "properties": {"record_id": "oai:u-bordeaux-montaigne.fr:340373", "symbol_class": "building", "pixel_x": 5997.5, "pixel_y": 6008.6, "easting": 617920.9, "northing": 404688.1, "epsg_source": 22391}}, {"type": "Feature", "geometry": {"type": "Point", "coordinates": [11.22617, 36.9379]}, "properties": {"record_id": "oai:u-bordeaux-montaigne.fr:340373", "symbol_class": "building", "pixel_x": 6029.7, "pixel_y": 6008.4, "easting": 618059.4, "northing": 404679.0, "epsg_source": 22391}}, {"type": "Feature", "geometry": {"type": "Point", "coordinates": [11.01166, 36.95252]}, "properties": {"record_id": "oai:u-bordeaux-montaigne.fr:340373", "symbol_class": "building", "pixel_x": 1577.3, "pixel_y": 6010.5, "easting": 598936.9, "northing": 406061.5, "epsg_source": 22391}}, {"type": "Feature", "geometry": {"type": "Point", "coordinates": [11.04538, 36.95025]}, "properties": {"record_id": "oai:u-bordeaux-montaigne.fr:340373", "symbol_class": "building", "pixel_x": 2277.2, "pixel_y": 6009.9, "easting": 601942.9, "northing": 405845.3, "epsg_source": 22391}}, {"type": "Feature", "geometry": {"type": "Point", "coordinates": [11.04686, 36.95015]}, "properties": {"record_id": "oai:u-bordeaux-montaigne.fr:340373", "symbol_class": "building", "pixel_x": 2308.0, "pixel_y": 6010.1, "easting": 602074.9, "northing": 405834.8, "epsg_source": 22391}}, {"type": "Feature", "geometry": {"type": "Point", "coordinates": [11.20245, 36.93942]}, "properties": {"record_id": "oai:u-bordeaux-montaigne.fr:340373", "symbol_class": "building", "pixel_x": 5537.5, "pixel_y": 6011.6, "easting": 615944.2, "northing": 404819.4, "epsg_source": 22391}}, {"type": "Feature", "geometry": {"type": "Point", "coordinates": [11.11395, 36.94554]}, "properties": {"record_id": "oai:u-bordeaux-montaigne.fr:340373", "symbol_class": "building", "pixel_x": 3700.4, "pixel_y": 6011.0, "easting": 608054.8, "northing": 405395.9, "epsg_source": 22391}}, {"type": "Feature", "geometry": {"type": "Point", "coordinates": [11.19141, 36.94051]}, "properties": {"record_id": "oai:u-bordeaux-montaigne.fr:340373", "symbol_class": "building", "pixel_x": 5307.6, "pixel_y": 6003.0, "easting": 614959.7, "northing": 404927.3, "epsg_source": 22391}}, {"type": "Feature", "geometry": {"type": "Point", "coordinates": [11.20339, 36.93938]}, "properties": {"record_id": "oai:u-bordeaux-montaigne.fr:340373", "symbol_class": "building", "pixel_x": 5557.0, "pixel_y": 6011.0, "easting": 616028.5, "northing": 404815.7, "epsg_source": 22391}}, {"type": "Feature", "geometry": {"type": "Point", "coordinates": [11.20418, 36.93931]}, "properties": {"record_id": "oai:u-bordeaux-montaigne.fr:340373", "symbol_class": "building", "pixel_x": 5573.3, "pixel_y": 6011.4, "easting": 616098.3, "northing": 404808.9, "epsg_source": 22391}}, {"type": "Feature", "geometry": {"type": "Point", "coordinates": [11.03425, 36.95091]}, "properties": {"record_id": "oai:u-bordeaux-montaigne.fr:340373", "symbol_class": "building", "pixel_x": 2046.4, "pixel_y": 6012.5, "easting": 600950.6, "northing": 405906.7, "epsg_source": 22391}}, {"type": "Feature", "geometry": {"type": "Point", "coordinates": [11.03556, 36.95085]}, "properties": {"record_id": "oai:u-bordeaux-montaigne.fr:340373", "symbol_class": "building", "pixel_x": 2073.5, "pixel_y": 6011.9, "easting": 601067.4, "northing": 405900.7, "epsg_source": 22391}}, {"type": "Feature", "geometry": {"type": "Point", "coordinates": [11.06887, 36.94851]}, "properties": {"record_id": "oai:u-bordeaux-montaigne.fr:340373", "symbol_class": "building", "pixel_x": 2765.0, "pixel_y": 6013.6, "easting": 604036.4, "northing": 405677.1, "epsg_source": 22391}}, {"type": "Feature", "geometry": {"type": "Point", "coordinates": [11.10172, 36.94632]}, "properties": {"record_id": "oai:u-bordeaux-montaigne.fr:340373", "symbol_class": "building", "pixel_x": 3446.8, "pixel_y": 6012.3, "easting": 606965.0, "northing": 405469.8, "epsg_source": 22391}}, {"type": "Feature", "geometry": {"type": "Point", "coordinates": [11.23783, 36.93693]}, "properties": {"record_id": "oai:u-bordeaux-montaigne.fr:340373", "symbol_class": "building", "pixel_x": 6272.1, "pixel_y": 6012.7, "easting": 619098.7, "northing": 404584.9, "epsg_source": 22391}}, {"type": "Feature", "geometry": {"type": "Point", "coordinates": [11.18131, 36.9408]}, "properties": {"record_id": "oai:u-bordeaux-montaigne.fr:340373", "symbol_class": "building", "pixel_x": 5099.0, "pixel_y": 6013.8, "easting": 614060.2, "northing": 404947.1, "epsg_source": 22391}}, {"type": "Feature", "geometry": {"type": "Point", "coordinates": [11.17972, 36.94091]}, "properties": {"record_id": "oai:u-bordeaux-montaigne.fr:340373", "symbol_class": "building", "pixel_x": 5066.0, "pixel_y": 6013.8, "easting": 613918.4, "northing": 404957.2, "epsg_source": 22391}}, {"type": "Feature", "geometry": {"type": "Point", "coordinates": [11.23615, 36.93694]}, "properties": {"record_id": "oai:u-bordeaux-montaigne.fr:340373", "symbol_class": "building", "pixel_x": 6237.4, "pixel_y": 6015.5, "easting": 618949.0, "northing": 404584.0, "epsg_source": 22391}}, {"type": "Feature", "geometry": {"type": "Point", "coordinates": [11.23708, 36.9369]}, "properties": {"record_id": "oai:u-bordeaux-montaigne.fr:340373", "symbol_class": "building", "pixel_x": 6256.8, "pixel_y": 6014.7, "easting": 619032.3, "northing": 404581.6, "epsg_source": 22391}}, {"type": "Feature", "geometry": {"type": "Point", "coordinates": [11.24756, 36.93628]}, "properties": {"record_id": "oai:u-bordeaux-montaigne.fr:340373", "symbol_class": "building", "pixel_x": 6474.0, "pixel_y": 6012.0, "easting": 619966.3, "northing": 404525.1, "epsg_source": 22391}}, {"type": "Feature", "geometry": {"type": "Point", "coordinates": [10.97181, 36.95501]}, "properties": {"record_id": "oai:u-bordeaux-montaigne.fr:340373", "symbol_class": "building", "pixel_x": 750.9, "pixel_y": 6015.7, "easting": 595385.7, "northing": 406298.1, "epsg_source": 22391}}, {"type": "Feature", "geometry": {"type": "Point", "coordinates": [11.1467, 36.94321]}, "properties": {"record_id": "oai:u-bordeaux-montaigne.fr:340373", "symbol_class": "building", "pixel_x": 4380.4, "pixel_y": 6013.1, "easting": 610974.5, "northing": 405174.7, "epsg_source": 22391}}, {"type": "Feature", "geometry": {"type": "Point", "coordinates": [10.97206, 36.95425]}, "properties": {"record_id": "oai:u-bordeaux-montaigne.fr:340373", "symbol_class": "building", "pixel_x": 757.7, "pixel_y": 6035.1, "easting": 595408.6, "northing": 406214.3, "epsg_source": 22391}}, {"type": "Feature", "geometry": {"type": "Point", "coordinates": [10.97161, 36.95365]}, "properties": {"record_id": "oai:u-bordeaux-montaigne.fr:340373", "symbol_class": "building", "pixel_x": 750.1, "pixel_y": 6051.6, "easting": 595370.1, "northing": 406147.1, "epsg_source": 22391}}, {"type": "Feature", "geometry": {"type": "Point", "coordinates": [10.97152, 36.95296]}, "properties": {"record_id": "oai:u-bordeaux-montaigne.fr:340373", "symbol_class": "building", "pixel_x": 749.8, "pixel_y": 6069.8, "easting": 595362.7, "northing": 406070.7, "epsg_source": 22391}}, {"type": "Feature", "geometry": {"type": "Point", "coordinates": [10.97148, 36.95229]}, "properties": {"record_id": "oai:u-bordeaux-montaigne.fr:340373", "symbol_class": "building", "pixel_x": 750.5, "pixel_y": 6087.4, "easting": 595359.7, "northing": 405996.3, "epsg_source": 22391}}, {"type": "Feature", "geometry": {"type": "Point", "coordinates": [11.09696, 36.9424]}, "properties": {"record_id": "oai:u-bordeaux-montaigne.fr:340373", "symbol_class": "building", "pixel_x": 3358.0, "pixel_y": 6123.6, "easting": 606546.1, "northing": 405029.5, "epsg_source": 22391}}, {"type": "Feature", "geometry": {"type": "Point", "coordinates": [11.09754, 36.94239]}, "properties": {"record_id": "oai:u-bordeaux-montaigne.fr:340373", "symbol_class": "building", "pixel_x": 3370.0, "pixel_y": 6123.0, "easting": 606597.8, "northing": 405028.1, "epsg_source": 22391}}, {"type": "Feature", "geometry": {"type": "Point", "coordinates": [11.04451, 36.9455]}, "properties": {"record_id": "oai:u-bordeaux-montaigne.fr:340373", "symbol_class": "building", "pixel_x": 2270.4, "pixel_y": 6136.1, "easting": 601871.1, "northing": 405316.8, "epsg_source": 22391}}, {"type": "Feature", "geometry": {"type": "Point", "coordinates": [11.05521, 36.94416]}, "properties": {"record_id": "oai:u-bordeaux-montaigne.fr:340373", "symbol_class": "building", "pixel_x": 2493.9, "pixel_y": 6152.0, "easting": 602825.6, "northing": 405180.0, "epsg_source": 22391}}, {"type": "Feature", "geometry": {"type": "Point", "coordinates": [11.09649, 36.94026]}, "properties": {"record_id": "oai:u-bordeaux-montaigne.fr:340373", "symbol_class": "building", "pixel_x": 3353.4, "pixel_y": 6180.6, "easting": 606506.9, "northing": 404791.0, "epsg_source": 22391}}, {"type": "Feature", "geometry": {"type": "Point", "coordinates": [11.09747, 36.94028]}, "properties": {"record_id": "oai:u-bordeaux-montaigne.fr:340373", "symbol_class": "building", "pixel_x": 3373.5, "pixel_y": 6178.2, "easting": 606594.3, "northing": 404794.8, "epsg_source": 22391}}, {"type": "Feature", "geometry": {"type": "Point", "coordinates": [11.05654, 36.93938]}, "properties": {"record_id": "oai:u-bordeaux-montaigne.fr:340373", "symbol_class": "building", "pixel_x": 2532.7, "pixel_y": 6274.9, "easting": 602950.6, "northing": 404651.0, "epsg_source": 22391}}, {"type": "Feature", "geometry": {"type": "Point", "coordinates": [11.04766, 36.93538]}, "properties": {"record_id": "oai:u-bordeaux-montaigne.fr:340373", "symbol_class": "building", "pixel_x": 2359.3, "pixel_y": 6395.7, "easting": 602165.1, "northing": 404197.2, "epsg_source": 22391}}]}