{"type": "FeatureCollection", "features": [{"type": "Feature", "geometry": {"type": "Point", "coordinates": [8.9525811, 36.365579]}, "properties": {"record_id": "oai:u-bordeaux-montaigne.fr:340435", "symbol_class": "building", "pixel_x": 4910.9, "pixel_y": 1033.6, "easting": 414954.0, "northing": 340796.3, "epsg_source": 22391}}, {"type": "Feature", "geometry": {"type": "Point", "coordinates": [9.0762426, 36.3588881]}, "properties": {"record_id": "oai:u-bordeaux-montaigne.fr:340435", "symbol_class": "building", "pixel_x": 7498.2, "pixel_y": 1041.3, "easting": 426041.5, "northing": 339953.4, "epsg_source": 22391}}, {"type": "Feature", "geometry": {"type": "Point", "coordinates": [8.7649375, 36.3746116]}, "properties": {"record_id": "oai:u-bordeaux-montaigne.fr:340435", "symbol_class": "building", "pixel_x": 987.1, "pixel_y": 1044.9, "easting": 398132.3, "northing": 341978.0, "epsg_source": 22391}}, {"type": "Feature", "geometry": {"type": "Point", "coordinates": [9.065315, 36.3588104]}, "properties": {"record_id": "oai:u-bordeaux-montaigne.fr:340435", "symbol_class": "building", "pixel_x": 7270.6, "pixel_y": 1058.3, "easting": 425061.0, "northing": 339953.1, "epsg_source": 22391}}, {"type": "Feature", "geometry": {"type": "Point", "coordinates": [8.7629732, 36.3736105]}, "properties": {"record_id": "oai:u-bordeaux-montaigne.fr:340435", "symbol_class": "building", "pixel_x": 947.7, "pixel_y": 1073.6, "easting": 397954.8, "northing": 341869.0, "epsg_source": 22391}}, {"type": "Feature", "geometry": {"type": "Point", "coordinates": [9.0525846, 36.3587505]}, "properties": {"record_id": "oai:u-bordeaux-montaigne.fr:340435", "symbol_class": "building", "pixel_x": 7005.4, "pixel_y": 1077.2, "easting": 423918.8, "northing": 339956.3, "epsg_source": 22391}}, {"type": "Feature", "geometry": {"type": "Point", "coordinates": [8.769856, 36.3724946]}, "properties": {"record_id": "oai:u-bordeaux-montaigne.fr:340435", "symbol_class": "building", "pixel_x": 1092.8, "pixel_y": 1093.9, "easting": 398570.8, "northing": 341738.1, "epsg_source": 22391}}, {"type": "Feature", "geometry": {"type": "Point", "coordinates": [9.0417042, 36.3587038]}, "properties": {"record_id": "oai:u-bordeaux-montaigne.fr:340435", "symbol_class": "building", "pixel_x": 6778.8, "pixel_y": 1093.3, "easting": 422942.6, "northing": 339959.7, "epsg_source": 22391}}, {"type": "Feature", "geometry": {"type": "Point", "coordinates": [8.769875, 36.3719537]}, "properties": {"record_id": "oai:u-bordeaux-montaigne.fr:340435", "symbol_class": "building", "pixel_x": 1094.1, "pixel_y": 1108.1, "easting": 398571.8, "northing": 341678.1, "epsg_source": 22391}}, {"type": "Feature", "geometry": {"type": "Point", "coordinates": [8.9912982, 36.3605841]}, "properties": {"record_id": "oai:u-bordeaux-montaigne.fr:340435", "symbol_class": "building", "pixel_x": 5725.5, "pixel_y": 1112.3, "easting": 418422.2, "northing": 340209.2, "epsg_source": 22391}}, {"type": "Feature", "geometry": {"type": "Point", "coordinates": [8.7695103, 36.3709528]}, "properties": {"record_id": "oai:u-bordeaux-montaigne.fr:340435", "symbol_class": "building", "pixel_x": 1088.0, "pixel_y": 1134.8, "easting": 398537.8, "northing": 341567.4, "epsg_source": 22391}}, {"type": "Feature", "geometry": {"type": "Point", "coordinates": [8.9870358, 36.359261]}, "properties": {"record_id": "oai:u-bordeaux-montaigne.fr:340435", "symbol_class": "building", "pixel_x": 5638.8, "pixel_y": 1152.8, "easting": 418038.4, "northing": 340066.0, "epsg_source": 22391}}, {"type": "Feature", "geometry": {"type": "Point", "coordinates": [8.9991875, 36.3583028]}, "properties": {"record_id": "oai:u-bordeaux-montaigne.fr:340435", "symbol_class": "building", "pixel_x": 5893.5, "pixel_y": 1161.4, "easting": 419127.7, "northing": 339949.6, "epsg_source": 22391}}, {"type": "Feature", "geometry": {"type": "Point", "coordinates": [8.987133, 36.3588869]}, "properties": {"record_id": "oai:u-bordeaux-montaigne.fr:340435", "symbol_class": "building", "pixel_x": 5641.4, "pixel_y": 1162.4, "easting": 418046.7, "northing": 340024.4, "epsg_source": 22391}}, {"type": "Feature", "geometry": {"type": "Point", "coordinates": [8.9984006, 36.358295]}, "properties": {"record_id": "oai:u-bordeaux-montaigne.fr:340435", "symbol_class": "building", "pixel_x": 5877.1, "pixel_y": 1162.7, "easting": 419057.0, "northing": 339949.4, "epsg_source": 22391}}, {"type": "Feature", "geometry": {"type": "Point", "coordinates": [8.799358, 36.3670745]}, "properties": {"record_id": "oai:u-bordeaux-montaigne.fr:340435", "symbol_class": "building", "pixel_x": 1715.9, "pixel_y": 1197.4, "easting": 401210.3, "northing": 341106.6, "epsg_source": 22391}}, {"type": "Feature", "geometry": {"type": "Point", "coordinates": [8.929694, 36.3597308]}, "properties": {"record_id": "oai:u-bordeaux-montaigne.fr:340435", "symbol_class": "building", "pixel_x": 4443.2, "pixel_y": 1217.4, "easting": 412894.4, "northing": 340167.8, "epsg_source": 22391}}, {"type": "Feature", "geometry": {"type": "Point", "coordinates": [8.9288554, 36.3597351]}, "properties": {"record_id": "oai:u-bordeaux-montaigne.fr:340435", "symbol_class": "building", "pixel_x": 4425.7, "pixel_y": 1218.5, "easting": 412819.1, "northing": 340169.1, "epsg_source": 22391}}, {"type": "Feature", "geometry": {"type": "Point", "coordinates": [8.9964713, 36.3561259]}, "properties": {"record_id": "oai:u-bordeaux-montaigne.fr:340435", "symbol_class": "building", "pixel_x": 5840.4, "pixel_y": 1222.1, "easting": 418881.7, "northing": 339710.4, "epsg_source": 22391}}, {"type": "Feature", "geometry": {"type": "Point", "coordinates": [8.8651154, 36.3615866]}, "properties": {"record_id": "oai:u-bordeaux-montaigne.fr:340435", "symbol_class": "building", "pixel_x": 3094.6, "pixel_y": 1254.7, "easting": 407102.8, "northing": 340433.3, "epsg_source": 22391}}, {"type": "Feature", "geometry": {"type": "Point", "coordinates": [9.09069, 36.350067]}, "properties": {"record_id": "oai:u-bordeaux-montaigne.fr:340435", "symbol_class": "building", "pixel_x": 7813.4, "pixel_y": 1252.6, "easting": 427329.6, "northing": 338964.0, "epsg_source": 22391}}, {"type": "Feature", "geometry": {"type": "Point", "coordinates": [8.9186658, 36.3584749]}, "properties": {"record_id": "oai:u-bordeaux-montaigne.fr:340435", "symbol_class": "building", "pixel_x": 4215.4, "pixel_y": 1265.1, "easting": 411903.6, "northing": 340038.4, "epsg_source": 22391}}, {"type": "Feature", "geometry": {"type": "Point", "coordinates": [9.0555168, 36.3515502]}, "properties": {"record_id": "oai:u-bordeaux-montaigne.fr:340435", "symbol_class": "building", "pixel_x": 7078.1, "pixel_y": 1261.8, "easting": 424175.0, "northing": 339155.3, "epsg_source": 22391}}, {"type": "Feature", "geometry": {"type": "Point", "coordinates": [9.0842803, 36.3500313]}, "properties": {"record_id": "oai:u-bordeaux-montaigne.fr:340435", "symbol_class": "building", "pixel_x": 7679.9, "pixel_y": 1262.3, "easting": 426754.4, "northing": 338964.9, "epsg_source": 22391}}, {"type": "Feature", "geometry": {"type": "Point", "coordinates": [8.9964851, 36.3542658]}, "properties": {"record_id": "oai:u-bordeaux-montaigne.fr:340435", "symbol_class": "building", "pixel_x": 5843.6, "pixel_y": 1270.8, "easting": 418881.0, "northing": 339504.0, "epsg_source": 22391}}, {"type": "Feature", "geometry": {"type": "Point", "coordinates": [8.8651632, 36.3612041]}, "properties": {"record_id": "oai:u-bordeaux-montaigne.fr:340435", "symbol_class": "building", "pixel_x": 3096.2, "pixel_y": 1264.7, "easting": 407106.6, "northing": 340390.8, "epsg_source": 22391}}, {"type": "Feature", "geometry": {"type": "Point", "coordinates": [8.9958871, 36.3543033]}, "properties": {"record_id": "oai:u-bordeaux-montaigne.fr:340435", "symbol_class": "building", "pixel_x": 5831.1, "pixel_y": 1270.7, "easting": 418827.4, "northing": 339508.7, "epsg_source": 22391}}, {"type": "Feature", "geometry": {"type": "Point", "coordinates": [8.9968919, 36.3541532]}, "properties": {"record_id": "oai:u-bordeaux-montaigne.fr:340435", "symbol_class": "building", "pixel_x": 5852.3, "pixel_y": 1273.2, "easting": 418917.4, "northing": 339491.2, "epsg_source": 22391}}, {"type": "Feature", "geometry": {"type": "Point", "coordinates": [8.7744942, 36.3653887]}, "properties": {"record_id": "oai:u-bordeaux-montaigne.fr:340435", "symbol_class": "building", "pixel_x": 1200.4, "pixel_y": 1274.0, "easting": 398977.7, "northing": 340945.1, "epsg_source": 22391}}, {"type": "Feature", "geometry": {"type": "Point", "coordinates": [8.8660058, 36.3606763]}, "properties": {"record_id": "oai:u-bordeaux-montaigne.fr:340435", "symbol_class": "building", "pixel_x": 3114.6, "pixel_y": 1277.4, "easting": 407181.6, "northing": 340331.4, "epsg_source": 22391}}, {"type": "Feature", "geometry": {"type": "Point", "coordinates": [8.8652139, 36.3604931]}, "properties": {"record_id": "oai:u-bordeaux-montaigne.fr:340435", "symbol_class": "building", "pixel_x": 3098.4, "pixel_y": 1283.2, "easting": 407110.3, "northing": 340311.9, "epsg_source": 22391}}, {"type": "Feature", "geometry": {"type": "Point", "coordinates": [9.0857491, 36.3492703]}, "properties": {"record_id": "oai:u-bordeaux-montaigne.fr:340435", "symbol_class": "building", "pixel_x": 7711.8, "pixel_y": 1280.2, "easting": 426885.5, "northing": 338879.4, "epsg_source": 22391}}, {"type": "Feature", "geometry": {"type": "Point", "coordinates": [9.0862141, 36.3491597]}, "properties": {"record_id": "oai:u-bordeaux-montaigne.fr:340435", "symbol_class": "building", "pixel_x": 7721.6, "pixel_y": 1282.5, "easting": 426927.2, "northing": 338866.7, "epsg_source": 22391}}, {"type": "Feature", "geometry": {"type": "Point", "coordinates": [9.0137349, 36.3521755]}, "properties": {"record_id": "oai:u-bordeaux-montaigne.fr:340435", "symbol_class": "building", "pixel_x": 6206.4, "pixel_y": 1302.3, "easting": 420426.7, "northing": 339258.0, "epsg_source": 22391}}, {"type": "Feature", "geometry": {"type": "Point", "coordinates": [8.7693819, 36.3639056]}, "properties": {"record_id": "oai:u-bordeaux-montaigne.fr:340435", "symbol_class": "building", "pixel_x": 1096.1, "pixel_y": 1319.6, "easting": 398517.2, "northing": 340785.9, "epsg_source": 22391}}, {"type": "Feature", "geometry": {"type": "Point", "coordinates": [9.0370099, 36.3502586]}, "properties": {"record_id": "oai:u-bordeaux-montaigne.fr:340435", "symbol_class": "building", "pixel_x": 6694.5, "pixel_y": 1320.9, "easting": 422513.1, "northing": 339026.6, "epsg_source": 22391}}, {"type": "Feature", "geometry": {"type": "Point", "coordinates": [9.0377428, 36.3495673]}, "properties": {"record_id": "oai:u-bordeaux-montaigne.fr:340435", "symbol_class": "building", "pixel_x": 6710.9, "pixel_y": 1338.0, "easting": 422578.2, "northing": 338949.3, "epsg_source": 22391}}, {"type": "Feature", "geometry": {"type": "Point", "coordinates": [9.0370839, 36.3492562]}, "properties": {"record_id": "oai:u-bordeaux-montaigne.fr:340435", "symbol_class": "building", "pixel_x": 6697.7, "pixel_y": 1347.0, "easting": 422518.8, "northing": 338915.4, "epsg_source": 22391}}, {"type": "Feature", "geometry": {"type": "Point", "coordinates": [8.9721108, 36.3527108]}, "properties": {"record_id": "oai:u-bordeaux-montaigne.fr:340435", "symbol_class": "building", "pixel_x": 5338.2, "pixel_y": 1344.4, "easting": 416692.5, "northing": 339352.1, "epsg_source": 22391}}, {"type": "Feature", "geometry": {"type": "Point", "coordinates": [8.9716507, 36.3526805]}, "properties": {"record_id": "oai:u-bordeaux-montaigne.fr:340435", "symbol_class": "building", "pixel_x": 5328.7, "pixel_y": 1345.9, "easting": 416651.1, "northing": 339349.1, "epsg_source": 22391}}, {"type": "Feature", "geometry": {"type": "Point", "coordinates": [8.9722593, 36.35224]}, "properties": {"record_id": "oai:u-bordeaux-montaigne.fr:340435", "symbol_class": "building", "pixel_x": 5342.0, "pixel_y": 1356.6, "easting": 416705.3, "northing": 339299.8, "epsg_source": 22391}}, {"type": "Feature", "geometry": {"type": "Point", "coordinates": [8.9705082, 36.3523292]}, "properties": {"record_id": "oai:u-bordeaux-montaigne.fr:340435", "symbol_class": "building", "pixel_x": 5305.4, "pixel_y": 1356.6, "easting": 416548.3, "northing": 339311.1, "epsg_source": 22391}}, {"type": "Feature", "geometry": {"type": "Point", "coordinates": [8.9709009, 36.3519311]}, "properties": {"record_id": "oai:u-bordeaux-montaigne.fr:340435", "symbol_class": "building", "pixel_x": 5314.2, "pixel_y": 1366.5, "easting": 416583.1, "northing": 339266.7, "epsg_source": 22391}}, {"type": "Feature", "geometry": {"type": "Point", "coordinates": [9.0393289, 36.3476401]}, "properties": {"record_id": "oai:u-bordeaux-montaigne.fr:340435", "symbol_class": "building", "pixel_x": 6747.0, "pixel_y": 1386.3, "easting": 422718.7, "northing": 338734.3, "epsg_source": 22391}}, {"type": "Feature", "geometry": {"type": "Point", "coordinates": [9.0390045, 36.347505]}, "properties": {"record_id": "oai:u-bordeaux-montaigne.fr:340435", "symbol_class": "building", "pixel_x": 6740.5, "pixel_y": 1390.3, "easting": 422689.4, "northing": 338719.6, "epsg_source": 22391}}, {"type": "Feature", "geometry": {"type": "Point", "coordinates": [8.8315079, 36.3569277]}, "properties": {"record_id": "oai:u-bordeaux-montaigne.fr:340435", "symbol_class": "building", "pixel_x": 2401.5, "pixel_y": 1421.1, "easting": 404082.1, "northing": 339949.0, "epsg_source": 22391}}, {"type": "Feature", "geometry": {"type": "Point", "coordinates": [8.8087507, 36.357936]}, "properties": {"record_id": "oai:u-bordeaux-montaigne.fr:340435", "symbol_class": "building", "pixel_x": 1925.7, "pixel_y": 1424.5, "easting": 402041.6, "northing": 340083.5, "epsg_source": 22391}}, {"type": "Feature", "geometry": {"type": "Point", "coordinates": [8.809205, 36.357867]}, "properties": {"record_id": "oai:u-bordeaux-montaigne.fr:340435", "symbol_class": "building", "pixel_x": 1935.3, "pixel_y": 1425.8, "easting": 402082.3, "northing": 340075.4, "epsg_source": 22391}}, {"type": "Feature", "geometry": {"type": "Point", "coordinates": [8.8452384, 36.3560613]}, "properties": {"record_id": "oai:u-bordeaux-montaigne.fr:340435", "symbol_class": "building", "pixel_x": 2689.0, "pixel_y": 1425.7, "easting": 405312.9, "northing": 339839.5, "epsg_source": 22391}}, {"type": "Feature", "geometry": {"type": "Point", "coordinates": [9.0929714, 36.3426717]}, "properties": {"record_id": "oai:u-bordeaux-montaigne.fr:340435", "symbol_class": "building", "pixel_x": 7872.9, "pixel_y": 1443.1, "easting": 427527.5, "northing": 338142.0, "epsg_source": 22391}}, {"type": "Feature", "geometry": {"type": "Point", "coordinates": [9.0504405, 36.345043]}, "properties": {"record_id": "oai:u-bordeaux-montaigne.fr:340435", "symbol_class": "building", "pixel_x": 6982.8, "pixel_y": 1439.2, "easting": 423713.2, "northing": 338437.5, "epsg_source": 22391}}, {"type": "Feature", "geometry": {"type": "Point", "coordinates": [9.092499, 36.3426554]}, "properties": {"record_id": "oai:u-bordeaux-montaigne.fr:340435", "symbol_class": "building", "pixel_x": 7863.1, "pixel_y": 1444.2, "easting": 427485.1, "northing": 338140.6, "epsg_source": 22391}}, {"type": "Feature", "geometry": {"type": "Point", "coordinates": [8.9518789, 36.3498785]}, "properties": {"record_id": "oai:u-bordeaux-montaigne.fr:340435", "symbol_class": "building", "pixel_x": 4921.1, "pixel_y": 1445.8, "easting": 414874.1, "northing": 339055.4, "epsg_source": 22391}}, {"type": "Feature", "geometry": {"type": "Point", "coordinates": [8.9829689, 36.3481661]}, "properties": {"record_id": "oai:u-bordeaux-montaigne.fr:340435", "symbol_class": "building", "pixel_x": 5571.7, "pixel_y": 1448.9, "easting": 417662.0, "northing": 338838.8, "epsg_source": 22391}}, {"type": "Feature", "geometry": {"type": "Point", "coordinates": [8.9824701, 36.3481198]}, "properties": {"record_id": "oai:u-bordeaux-montaigne.fr:340435", "symbol_class": "building", "pixel_x": 5561.4, "pixel_y": 1450.8, "easting": 417617.2, "northing": 338834.1, "epsg_source": 22391}}, {"type": "Feature", "geometry": {"type": "Point", "coordinates": [9.0500442, 36.344574]}, "properties": {"record_id": "oai:u-bordeaux-montaigne.fr:340435", "symbol_class": "building", "pixel_x": 6975.3, "pixel_y": 1452.0, "easting": 423677.2, "northing": 338385.8, "epsg_source": 22391}}, {"type": "Feature", "geometry": {"type": "Point", "coordinates": [9.1124054, 36.3412252]}, "properties": {"record_id": "oai:u-bordeaux-montaigne.fr:340435", "symbol_class": "building", "pixel_x": 8280.3, "pixel_y": 1454.3, "easting": 429270.2, "northing": 337967.3, "epsg_source": 22391}}, {"type": "Feature", "geometry": {"type": "Point", "coordinates": [9.0508739, 36.3441715]}, "properties": {"record_id": "oai:u-bordeaux-montaigne.fr:340435", "symbol_class": "building", "pixel_x": 6993.2, "pixel_y": 1461.4, "easting": 423751.3, "northing": 338340.5, "epsg_source": 22391}}, {"type": "Feature", "geometry": {"type": "Point", "coordinates": [9.0924566, 36.3419023]}, "properties": {"record_id": "oai:u-bordeaux-montaigne.fr:340435", "symbol_class": "building", "pixel_x": 7863.5, "pixel_y": 1464.0, "easting": 427480.6, "northing": 338057.1, "epsg_source": 22391}}, {"type": "Feature", "geometry": {"type": "Point", "coordinates": [9.1110576, 36.3411935]}, "properties": {"record_id": "oai:u-bordeaux-montaigne.fr:340435", "symbol_class": "building", "pixel_x": 8252.2, "pixel_y": 1457.0, "easting": 429149.2, "northing": 337964.8, "epsg_source": 22391}}, {"type": "Feature", "geometry": {"type": "Point", "coordinates": [9.1053305, 36.3411725]}, "properties": {"record_id": "oai:u-bordeaux-montaigne.fr:340435", "symbol_class": "building", "pixel_x": 8132.9, "pixel_y": 1465.4, "easting": 428635.2, "northing": 337966.6, "epsg_source": 22391}}, {"type": "Feature", "geometry": {"type": "Point", "coordinates": [9.1028304, 36.3411312]}, "properties": {"record_id": "oai:u-bordeaux-montaigne.fr:340435", "symbol_class": "building", "pixel_x": 8080.9, "pixel_y": 1469.9, "easting": 428410.9, "northing": 337963.9, "epsg_source": 22391}}, {"type": "Feature", "geometry": {"type": "Point", "coordinates": [9.054687, 36.343522]}, "properties": {"record_id": "oai:u-bordeaux-montaigne.fr:340435", "symbol_class": "building", "pixel_x": 7073.7, "pixel_y": 1473.2, "easting": 424092.8, "northing": 338265.5, "epsg_source": 22391}}, {"type": "Feature", "geometry": {"type": "Point", "coordinates": [8.8456321, 36.3536863]}, "properties": {"record_id": "oai:u-bordeaux-montaigne.fr:340435", "symbol_class": "building", "pixel_x": 2700.9, "pixel_y": 1487.4, "easting": 405345.4, "northing": 339575.7, "epsg_source": 22391}}, {"type": "Feature", "geometry": {"type": "Point", "coordinates": [8.8436707, 36.3534401]}, "properties": {"record_id": "oai:u-bordeaux-montaigne.fr:340435", "symbol_class": "building", "pixel_x": 2660.4, "pixel_y": 1496.4, "easting": 405169.1, "northing": 339550.3, "epsg_source": 22391}}, {"type": "Feature", "geometry": {"type": "Point", "coordinates": [8.9823222, 36.3462638]}, "properties": {"record_id": "oai:u-bordeaux-montaigne.fr:340435", "symbol_class": "building", "pixel_x": 5561.2, "pixel_y": 1499.6, "easting": 417602.0, "northing": 338628.3, "epsg_source": 22391}}, {"type": "Feature", "geometry": {"type": "Point", "coordinates": [9.0855281, 36.3410012]}, "properties": {"record_id": "oai:u-bordeaux-montaigne.fr:340435", "symbol_class": "building", "pixel_x": 7720.5, "pixel_y": 1497.1, "easting": 426858.0, "northing": 337962.3, "epsg_source": 22391}}, {"type": "Feature", "geometry": {"type": "Point", "coordinates": [8.8551977, 36.3517168]}, "properties": {"record_id": "oai:u-bordeaux-montaigne.fr:340435", "symbol_class": "building", "pixel_x": 2903.3, "pixel_y": 1526.4, "easting": 406201.3, "northing": 339348.0, "epsg_source": 22391}}, {"type": "Feature", "geometry": {"type": "Point", "coordinates": [8.8102595, 36.3538297]}, "properties": {"record_id": "oai:u-bordeaux-montaigne.fr:340435", "symbol_class": "building", "pixel_x": 1963.5, "pixel_y": 1530.1, "easting": 402171.9, "northing": 339626.5, "epsg_source": 22391}}, {"type": "Feature", "geometry": {"type": "Point", "coordinates": [8.8551007, 36.3503203]}, "properties": {"record_id": "oai:u-bordeaux-montaigne.fr:340435", "symbol_class": "building", "pixel_x": 2903.5, "pixel_y": 1563.1, "easting": 406190.9, "northing": 339193.2, "epsg_source": 22391}}, {"type": "Feature", "geometry": {"type": "Point", "coordinates": [9.0925392, 36.338341]}, "properties": {"record_id": "oai:u-bordeaux-montaigne.fr:340435", "symbol_class": "building", "pixel_x": 7870.9, "pixel_y": 1557.2, "easting": 427484.8, "northing": 337662.0, "epsg_source": 22391}}, {"type": "Feature", "geometry": {"type": "Point", "coordinates": [8.9096217, 36.3468085]}, "properties": {"record_id": "oai:u-bordeaux-montaigne.fr:340435", "symbol_class": "building", "pixel_x": 4045.2, "pixel_y": 1582.8, "easting": 411079.0, "northing": 338752.6, "epsg_source": 22391}}, {"type": "Feature", "geometry": {"type": "Point", "coordinates": [8.9351805, 36.3451371]}, "properties": {"record_id": "oai:u-bordeaux-montaigne.fr:340435", "symbol_class": "building", "pixel_x": 4580.5, "pixel_y": 1592.4, "easting": 413370.6, "northing": 338544.2, "epsg_source": 22391}}, {"type": "Feature", "geometry": {"type": "Point", "coordinates": [8.8210464, 36.3511024]}, "properties": {"record_id": "oai:u-bordeaux-montaigne.fr:340435", "symbol_class": "building", "pixel_x": 2192.5, "pixel_y": 1587.4, "easting": 403136.3, "northing": 339313.2, "epsg_source": 22391}}, {"type": "Feature", "geometry": {"type": "Point", "coordinates": [9.112869, 36.3359546]}, "properties": {"record_id": "oai:u-bordeaux-montaigne.fr:340435", "symbol_class": "building", "pixel_x": 8298.5, "pixel_y": 1591.7, "easting": 429307.1, "northing": 337382.4, "epsg_source": 22391}}, {"type": "Feature", "geometry": {"type": "Point", "coordinates": [9.113173, 36.3358022]}, "properties": {"record_id": "oai:u-bordeaux-montaigne.fr:340435", "symbol_class": "building", "pixel_x": 8305.1, "pixel_y": 1595.3, "easting": 429334.2, "northing": 337365.2, "epsg_source": 22391}}, {"type": "Feature", "geometry": {"type": "Point", "coordinates": [8.8576627, 36.3480219]}, "properties": {"record_id": "oai:u-bordeaux-montaigne.fr:340435", "symbol_class": "building", "pixel_x": 2960.4, "pixel_y": 1619.9, "easting": 406418.1, "northing": 338935.8, "epsg_source": 22391}}, {"type": "Feature", "geometry": {"type": "Point", "coordinates": [8.9186928, 36.344788]}, "properties": {"record_id": "oai:u-bordeaux-montaigne.fr:340435", "symbol_class": "building", "pixel_x": 4237.4, "pixel_y": 1623.6, "easting": 411890.7, "northing": 338520.2, "epsg_source": 22391}}, {"type": "Feature", "geometry": {"type": "Point", "coordinates": [8.7758734, 36.3520241]}, "properties": {"record_id": "oai:u-bordeaux-montaigne.fr:340435", "symbol_class": "building", "pixel_x": 1249.6, "pixel_y": 1622.4, "easting": 399084.4, "northing": 339461.3, "epsg_source": 22391}}, {"type": "Feature", "geometry": {"type": "Point", "coordinates": [8.9106615, 36.3450578]}, "properties": {"record_id": "oai:u-bordeaux-montaigne.fr:340435", "symbol_class": "building", "pixel_x": 4069.6, "pixel_y": 1627.2, "easting": 411170.3, "northing": 338557.4, "epsg_source": 22391}}, {"type": "Feature", "geometry": {"type": "Point", "coordinates": [8.8481545, 36.347991]}, "properties": {"record_id": "oai:u-bordeaux-montaigne.fr:340435", "symbol_class": "building", "pixel_x": 2762.3, "pixel_y": 1633.3, "easting": 405564.9, "northing": 338941.5, "epsg_source": 22391}}, {"type": "Feature", "geometry": {"type": "Point", "coordinates": [8.8079872, 36.3496235]}, "properties": {"record_id": "oai:u-bordeaux-montaigne.fr:340435", "symbol_class": "building", "pixel_x": 1922.6, "pixel_y": 1643.3, "easting": 401962.8, "northing": 339162.2, "epsg_source": 22391}}, {"type": "Feature", "geometry": {"type": "Point", "coordinates": [8.8179588, 36.3488952]}, "properties": {"record_id": "oai:u-bordeaux-montaigne.fr:340435", "symbol_class": "building", "pixel_x": 2131.6, "pixel_y": 1649.3, "easting": 402856.6, "northing": 339071.5, "epsg_source": 22391}}, {"type": "Feature", "geometry": {"type": "Point", "coordinates": [9.0533771, 36.3360026]}, "properties": {"record_id": "oai:u-bordeaux-montaigne.fr:340435", "symbol_class": "building", "pixel_x": 7058.5, "pixel_y": 1672.0, "easting": 423968.0, "northing": 337432.4, "epsg_source": 22391}}, {"type": "Feature", "geometry": {"type": "Point", "coordinates": [9.0528369, 36.3357909]}, "properties": {"record_id": "oai:u-bordeaux-montaigne.fr:340435", "symbol_class": "building", "pixel_x": 7047.6, "pixel_y": 1678.3, "easting": 423919.3, "northing": 337409.4, "epsg_source": 22391}}, {"type": "Feature", "geometry": {"type": "Point", "coordinates": [9.0541801, 36.3354023]}, "properties": {"record_id": "oai:u-bordeaux-montaigne.fr:340435", "symbol_class": "building", "pixel_x": 7076.2, "pixel_y": 1686.6, "easting": 424039.5, "northing": 337365.2, "epsg_source": 22391}}, {"type": "Feature", "geometry": {"type": "Point", "coordinates": [9.0533637, 36.3351734]}, "properties": {"record_id": "oai:u-bordeaux-montaigne.fr:340435", "symbol_class": "building", "pixel_x": 7059.6, "pixel_y": 1693.7, "easting": 423966.0, "northing": 337340.4, "epsg_source": 22391}}, {"type": "Feature", "geometry": {"type": "Point", "coordinates": [9.1130781, 36.3322136]}, "properties": {"record_id": "oai:u-bordeaux-montaigne.fr:340435", "symbol_class": "building", "pixel_x": 8308.9, "pixel_y": 1689.4, "easting": 429322.5, "northing": 336967.2, "epsg_source": 22391}}, {"type": "Feature", "geometry": {"type": "Point", "coordinates": [8.8591149, 36.3449081]}, "properties": {"record_id": "oai:u-bordeaux-montaigne.fr:340435", "symbol_class": "building", "pixel_x": 2995.5, "pixel_y": 1699.6, "easting": 406544.7, "northing": 338589.0, "epsg_source": 22391}}, {"type": "Feature", "geometry": {"type": "Point", "coordinates": [9.1080442, 36.3321821]}, "properties": {"record_id": "oai:u-bordeaux-montaigne.fr:340435", "symbol_class": "building", "pixel_x": 8204.1, "pixel_y": 1697.2, "easting": 428870.7, "northing": 336967.4, "epsg_source": 22391}}, {"type": "Feature", "geometry": {"type": "Point", "coordinates": [9.1089203, 36.3321551]}, "properties": {"record_id": "oai:u-bordeaux-montaigne.fr:340435", "symbol_class": "building", "pixel_x": 8222.4, "pixel_y": 1696.7, "easting": 428949.3, "northing": 336963.8, "epsg_source": 22391}}, {"type": "Feature", "geometry": {"type": "Point", "coordinates": [8.8609301, 36.3443429]}, "properties": {"record_id": "oai:u-bordeaux-montaigne.fr:340435", "symbol_class": "building", "pixel_x": 3034.2, "pixel_y": 1712.0, "easting": 406706.9, "northing": 338524.6, "epsg_source": 22391}}, {"type": "Feature", "geometry": {"type": "Point", "coordinates": [9.1033272, 36.3321179]}, "properties": {"record_id": "oai:u-bordeaux-montaigne.fr:340435", "symbol_class": "building", "pixel_x": 8105.9, "pixel_y": 1705.3, "easting": 428447.3, "northing": 336963.7, "epsg_source": 22391}}, {"type": "Feature", "geometry": {"type": "Point", "coordinates": [8.8602972, 36.3441212]}, "properties": {"record_id": "oai:u-bordeaux-montaigne.fr:340435", "symbol_class": "building", "pixel_x": 3021.4, "pixel_y": 1718.6, "easting": 406649.9, "northing": 338500.6, "epsg_source": 22391}}, {"type": "Feature", "geometry": {"type": "Point", "coordinates": [9.0977162, 36.3321203]}, "properties": {"record_id": "oai:u-bordeaux-montaigne.fr:340435", "symbol_class": "building", "pixel_x": 7988.9, "pixel_y": 1713.0, "easting": 427943.7, "northing": 336968.1, "epsg_source": 22391}}, {"type": "Feature", "geometry": {"type": "Point", "coordinates": [9.0965463, 36.3320671]}, "properties": {"record_id": "oai:u-bordeaux-montaigne.fr:340435", "symbol_class": "building", "pixel_x": 7964.6, "pixel_y": 1716.0, "easting": 427838.6, "northing": 336963.1, "epsg_source": 22391}}, {"type": "Feature", "geometry": {"type": "Point", "coordinates": [8.9918092, 36.3371536]}, "properties": {"record_id": "oai:u-bordeaux-montaigne.fr:340435", "symbol_class": "building", "pixel_x": 5773.4, "pixel_y": 1725.4, "easting": 418443.8, "northing": 337609.8, "epsg_source": 22391}}, {"type": "Feature", "geometry": {"type": "Point", "coordinates": [9.0885174, 36.3320602]}, "properties": {"record_id": "oai:u-bordeaux-montaigne.fr:340435", "symbol_class": "building", "pixel_x": 7797.3, "pixel_y": 1727.2, "easting": 427118.0, "northing": 336968.3, "epsg_source": 22391}}, {"type": "Feature", "geometry": {"type": "Point", "coordinates": [9.0878374, 36.3320398]}, "properties": {"record_id": "oai:u-bordeaux-montaigne.fr:340435", "symbol_class": "building", "pixel_x": 7783.1, "pixel_y": 1728.7, "easting": 427057.0, "northing": 336966.5, "epsg_source": 22391}}, {"type": "Feature", "geometry": {"type": "Point", "coordinates": [9.0832479, 36.3320191]}, "properties": {"record_id": "oai:u-bordeaux-montaigne.fr:340435", "symbol_class": "building", "pixel_x": 7687.5, "pixel_y": 1735.5, "easting": 426645.1, "northing": 336967.7, "epsg_source": 22391}}, {"type": "Feature", "geometry": {"type": "Point", "coordinates": [9.0823203, 36.3320104]}, "properties": {"record_id": "oai:u-bordeaux-montaigne.fr:340435", "symbol_class": "building", "pixel_x": 7668.2, "pixel_y": 1737.0, "easting": 426561.8, "northing": 336967.4, "epsg_source": 22391}}, {"type": "Feature", "geometry": {"type": "Point", "coordinates": [9.080225, 36.3320081]}, "properties": {"record_id": "oai:u-bordeaux-montaigne.fr:340435", "symbol_class": "building", "pixel_x": 7624.5, "pixel_y": 1739.9, "easting": 426373.7, "northing": 336968.7, "epsg_source": 22391}}, {"type": "Feature", "geometry": {"type": "Point", "coordinates": [9.0794968, 36.3319672]}, "properties": {"record_id": "oai:u-bordeaux-montaigne.fr:340435", "symbol_class": "building", "pixel_x": 7609.4, "pixel_y": 1742.0, "easting": 426308.4, "northing": 336964.8, "epsg_source": 22391}}, {"type": "Feature", "geometry": {"type": "Point", "coordinates": [9.0787469, 36.3319865]}, "properties": {"record_id": "oai:u-bordeaux-montaigne.fr:340435", "symbol_class": "building", "pixel_x": 7593.7, "pixel_y": 1742.5, "easting": 426241.1, "northing": 336967.5, "epsg_source": 22391}}, {"type": "Feature", "geometry": {"type": "Point", "coordinates": [9.0766037, 36.3319891]}, "properties": {"record_id": "oai:u-bordeaux-montaigne.fr:340435", "symbol_class": "building", "pixel_x": 7549.1, "pixel_y": 1745.4, "easting": 426048.7, "northing": 336969.4, "epsg_source": 22391}}, {"type": "Feature", "geometry": {"type": "Point", "coordinates": [9.077157, 36.3319779]}, "properties": {"record_id": "oai:u-bordeaux-montaigne.fr:340435", "symbol_class": "building", "pixel_x": 7560.6, "pixel_y": 1744.9, "easting": 426098.4, "northing": 336967.7, "epsg_source": 22391}}, {"type": "Feature", "geometry": {"type": "Point", "coordinates": [9.0541733, 36.3328606]}, "properties": {"record_id": "oai:u-bordeaux-montaigne.fr:340435", "symbol_class": "building", "pixel_x": 7080.1, "pixel_y": 1753.2, "easting": 424036.4, "northing": 337083.3, "epsg_source": 22391}}, {"type": "Feature", "geometry": {"type": "Point", "coordinates": [9.0713736, 36.3318668]}, "properties": {"record_id": "oai:u-bordeaux-montaigne.fr:340435", "symbol_class": "building", "pixel_x": 7440.2, "pixel_y": 1755.8, "easting": 425579.2, "northing": 336959.8, "epsg_source": 22391}}, {"type": "Feature", "geometry": {"type": "Point", "coordinates": [9.0666322, 36.3319084]}, "properties": {"record_id": "oai:u-bordeaux-montaigne.fr:340435", "symbol_class": "building", "pixel_x": 7341.4, "pixel_y": 1761.1, "easting": 425153.7, "northing": 336968.0, "epsg_source": 22391}}, {"type": "Feature", "geometry": {"type": "Point", "coordinates": [9.0671187, 36.3319075]}, "properties": {"record_id": "oai:u-bordeaux-montaigne.fr:340435", "symbol_class": "building", "pixel_x": 7351.5, "pixel_y": 1760.5, "easting": 425197.4, "northing": 336967.6, "epsg_source": 22391}}, {"type": "Feature", "geometry": {"type": "Point", "coordinates": [9.0654085, 36.3319601]}, "properties": {"record_id": "oai:u-bordeaux-montaigne.fr:340435", "symbol_class": "building", "pixel_x": 7315.8, "pixel_y": 1761.5, "easting": 425043.9, "northing": 336974.7, "epsg_source": 22391}}, {"type": "Feature", "geometry": {"type": "Point", "coordinates": [9.0631687, 36.3319189]}, "properties": {"record_id": "oai:u-bordeaux-montaigne.fr:340435", "symbol_class": "building", "pixel_x": 7269.1, "pixel_y": 1765.6, "easting": 424842.9, "northing": 336971.9, "epsg_source": 22391}}, {"type": "Feature", "geometry": {"type": "Point", "coordinates": [9.0613897, 36.3318843]}, "properties": {"record_id": "oai:u-bordeaux-montaigne.fr:340435", "symbol_class": "building", "pixel_x": 7232.1, "pixel_y": 1768.9, "easting": 424683.2, "northing": 336969.4, "epsg_source": 22391}}, {"type": "Feature", "geometry": {"type": "Point", "coordinates": [9.0605468, 36.3318855]}, "properties": {"record_id": "oai:u-bordeaux-montaigne.fr:340435", "symbol_class": "building", "pixel_x": 7214.6, "pixel_y": 1770.1, "easting": 424607.5, "northing": 336970.2, "epsg_source": 22391}}, {"type": "Feature", "geometry": {"type": "Point", "coordinates": [9.0577757, 36.3318832]}, "properties": {"record_id": "oai:u-bordeaux-montaigne.fr:340435", "symbol_class": "building", "pixel_x": 7156.8, "pixel_y": 1773.9, "easting": 424358.8, "northing": 336972.1, "epsg_source": 22391}}, {"type": "Feature", "geometry": {"type": "Point", "coordinates": [9.048759, 36.3318359]}, "properties": {"record_id": "oai:u-bordeaux-montaigne.fr:340435", "symbol_class": "building", "pixel_x": 6968.9, "pixel_y": 1787.4, "easting": 423549.5, "northing": 336973.9, "epsg_source": 22391}}, {"type": "Feature", "geometry": {"type": "Point", "coordinates": [8.9653811, 36.335864]}, "properties": {"record_id": "oai:u-bordeaux-montaigne.fr:340435", "symbol_class": "building", "pixel_x": 5224.6, "pixel_y": 1794.8, "easting": 416070.7, "northing": 337489.2, "epsg_source": 22391}}, {"type": "Feature", "geometry": {"type": "Point", "coordinates": [8.9571655, 36.3343421]}, "properties": {"record_id": "oai:u-bordeaux-montaigne.fr:340435", "symbol_class": "building", "pixel_x": 5055.8, "pixel_y": 1845.7, "easting": 415331.8, "northing": 337327.5, "epsg_source": 22391}}, {"type": "Feature", "geometry": {"type": "Point", "coordinates": [8.9572052, 36.3339348]}, "properties": {"record_id": "oai:u-bordeaux-montaigne.fr:340435", "symbol_class": "building", "pixel_x": 5057.3, "pixel_y": 1856.3, "easting": 415334.9, "northing": 337282.3, "epsg_source": 22391}}, {"type": "Feature", "geometry": {"type": "Point", "coordinates": [8.9233793, 36.3353567]}, "properties": {"record_id": "oai:u-bordeaux-montaigne.fr:340435", "symbol_class": "building", "pixel_x": 4350.0, "pixel_y": 1864.4, "easting": 412300.8, "northing": 337469.9, "epsg_source": 22391}}, {"type": "Feature", "geometry": {"type": "Point", "coordinates": [9.1118251, 36.3255935]}, "properties": {"record_id": "oai:u-bordeaux-montaigne.fr:340435", "symbol_class": "building", "pixel_x": 8293.6, "pixel_y": 1864.6, "easting": 429204.1, "northing": 336233.8, "epsg_source": 22391}}, {"type": "Feature", "geometry": {"type": "Point", "coordinates": [8.9620539, 36.3332284]}, "properties": {"record_id": "oai:u-bordeaux-montaigne.fr:340435", "symbol_class": "building", "pixel_x": 5159.5, "pixel_y": 1868.3, "easting": 415769.3, "northing": 337199.7, "epsg_source": 22391}}, {"type": "Feature", "geometry": {"type": "Point", "coordinates": [8.9236149, 36.3349288]}, "properties": {"record_id": "oai:u-bordeaux-montaigne.fr:340435", "symbol_class": "building", "pixel_x": 4355.5, "pixel_y": 1875.3, "easting": 412321.4, "northing": 337422.2, "epsg_source": 22391}}, {"type": "Feature", "geometry": {"type": "Point", "coordinates": [8.9066093, 36.3348004]}, "properties": {"record_id": "oai:u-bordeaux-montaigne.fr:340435", "symbol_class": "building", "pixel_x": 4001.3, "pixel_y": 1901.3, "easting": 410795.1, "northing": 337423.4, "epsg_source": 22391}}, {"type": "Feature", "geometry": {"type": "Point", "coordinates": [9.1065833, 36.324457]}, "properties": {"record_id": "oai:u-bordeaux-montaigne.fr:340435", "symbol_class": "building", "pixel_x": 8186.1, "pixel_y": 1901.5, "easting": 428732.6, "northing": 336111.6, "epsg_source": 22391}}, {"type": "Feature", "geometry": {"type": "Point", "coordinates": [8.9278731, 36.3335097]}, "properties": {"record_id": "oai:u-bordeaux-montaigne.fr:340435", "symbol_class": "building", "pixel_x": 4446.5, "pixel_y": 1906.8, "easting": 412702.0, "northing": 337261.0, "epsg_source": 22391}}, {"type": "Feature", "geometry": {"type": "Point", "coordinates": [8.9282056, 36.3332637]}, "properties": {"record_id": "oai:u-bordeaux-montaigne.fr:340435", "symbol_class": "building", "pixel_x": 4453.8, "pixel_y": 1912.8, "easting": 412731.6, "northing": 337233.4, "epsg_source": 22391}}, {"type": "Feature", "geometry": {"type": "Point", "coordinates": [8.9280291, 36.3329675]}, "properties": {"record_id": "oai:u-bordeaux-montaigne.fr:340435", "symbol_class": "building", "pixel_x": 4450.6, "pixel_y": 1920.8, "easting": 412715.4, "northing": 337200.7, "epsg_source": 22391}}, {"type": "Feature", "geometry": {"type": "Point", "coordinates": [9.1102118, 36.3231787]}, "properties": {"record_id": "oai:u-bordeaux-montaigne.fr:340435", "symbol_class": "building", "pixel_x": 8263.8, "pixel_y": 1930.0, "easting": 429057.1, "northing": 335967.1, "epsg_source": 22391}}, {"type": "Feature", "geometry": {"type": "Point", "coordinates": [9.1088393, 36.3231707]}, "properties": {"record_id": "oai:u-bordeaux-montaigne.fr:340435", "symbol_class": "building", "pixel_x": 8235.2, "pixel_y": 1932.1, "easting": 428933.9, "northing": 335967.3, "epsg_source": 22391}}, {"type": "Feature", "geometry": {"type": "Point", "coordinates": [9.107677, 36.32316]}, "properties": {"record_id": "oai:u-bordeaux-montaigne.fr:340435", "symbol_class": "building", "pixel_x": 8211.0, "pixel_y": 1934.0, "easting": 428829.6, "northing": 335966.9, "epsg_source": 22391}}, {"type": "Feature", "geometry": {"type": "Point", "coordinates": [8.8661625, 36.334972]}, "properties": {"record_id": "oai:u-bordeaux-montaigne.fr:340435", "symbol_class": "building", "pixel_x": 3157.9, "pixel_y": 1950.5, "easting": 407165.4, "northing": 337480.2, "epsg_source": 22391}}, {"type": "Feature", "geometry": {"type": "Point", "coordinates": [9.0992941, 36.3231407]}, "properties": {"record_id": "oai:u-bordeaux-montaigne.fr:340435", "symbol_class": "building", "pixel_x": 8036.3, "pixel_y": 1946.0, "easting": 428077.1, "northing": 335970.9, "epsg_source": 22391}}, {"type": "Feature", "geometry": {"type": "Point", "coordinates": [9.0974857, 36.3231206]}, "properties": {"record_id": "oai:u-bordeaux-montaigne.fr:340435", "symbol_class": "building", "pixel_x": 7998.7, "pixel_y": 1949.0, "easting": 427914.8, "northing": 335970.0, "epsg_source": 22391}}, {"type": "Feature", "geometry": {"type": "Point", "coordinates": [9.0960824, 36.3231342]}, "properties": {"record_id": "oai:u-bordeaux-montaigne.fr:340435", "symbol_class": "building", "pixel_x": 7969.4, "pixel_y": 1950.6, "easting": 427788.8, "northing": 335972.6, "epsg_source": 22391}}, {"type": "Feature", "geometry": {"type": "Point", "coordinates": [9.0932374, 36.3230813]}, "properties": {"record_id": "oai:u-bordeaux-montaigne.fr:340435", "symbol_class": "building", "pixel_x": 7910.2, "pixel_y": 1955.9, "easting": 427533.4, "northing": 335968.8, "epsg_source": 22391}}, {"type": "Feature", "geometry": {"type": "Point", "coordinates": [9.0904545, 36.32306]}, "properties": {"record_id": "oai:u-bordeaux-montaigne.fr:340435", "symbol_class": "building", "pixel_x": 7852.2, "pixel_y": 1960.3, "easting": 427283.6, "northing": 335968.5, "epsg_source": 22391}}, {"type": "Feature", "geometry": {"type": "Point", "coordinates": [9.0890787, 36.3230452]}, "properties": {"record_id": "oai:u-bordeaux-montaigne.fr:340435", "symbol_class": "building", "pixel_x": 7823.5, "pixel_y": 1962.6, "easting": 427160.1, "northing": 335967.9, "epsg_source": 22391}}, {"type": "Feature", "geometry": {"type": "Point", "coordinates": [9.088075, 36.3230486]}, "properties": {"record_id": "oai:u-bordeaux-montaigne.fr:340435", "symbol_class": "building", "pixel_x": 7802.6, "pixel_y": 1963.8, "easting": 427070.0, "northing": 335969.0, "epsg_source": 22391}}, {"type": "Feature", "geometry": {"type": "Point", "coordinates": [9.0868396, 36.3230475]}, "properties": {"record_id": "oai:u-bordeaux-montaigne.fr:340435", "symbol_class": "building", "pixel_x": 7776.9, "pixel_y": 1965.6, "easting": 426959.1, "northing": 335969.8, "epsg_source": 22391}}, {"type": "Feature", "geometry": {"type": "Point", "coordinates": [9.0837898, 36.323021]}, "properties": {"record_id": "oai:u-bordeaux-montaigne.fr:340435", "symbol_class": "building", "pixel_x": 7713.3, "pixel_y": 1970.4, "easting": 426685.3, "northing": 335969.2, "epsg_source": 22391}}, {"type": "Feature", "geometry": {"type": "Point", "coordinates": [9.0830308, 36.3230122]}, "properties": {"record_id": "oai:u-bordeaux-montaigne.fr:340435", "symbol_class": "building", "pixel_x": 7697.5, "pixel_y": 1971.7, "easting": 426617.2, "northing": 335968.8, "epsg_source": 22391}}, {"type": "Feature", "geometry": {"type": "Point", "coordinates": [9.0812307, 36.322994]}, "properties": {"record_id": "oai:u-bordeaux-montaigne.fr:340435", "symbol_class": "building", "pixel_x": 7660.0, "pixel_y": 1974.7, "easting": 426455.6, "northing": 335968.1, "epsg_source": 22391}}, {"type": "Feature", "geometry": {"type": "Point", "coordinates": [9.0796718, 36.3229778]}, "properties": {"record_id": "oai:u-bordeaux-montaigne.fr:340435", "symbol_class": "building", "pixel_x": 7627.6, "pixel_y": 1977.2, "easting": 426315.7, "northing": 335967.5, "epsg_source": 22391}}, {"type": "Feature", "geometry": {"type": "Point", "coordinates": [9.0755836, 36.3229975]}, "properties": {"record_id": "oai:u-bordeaux-montaigne.fr:340435", "symbol_class": "building", "pixel_x": 7542.3, "pixel_y": 1982.3, "easting": 425948.7, "northing": 335972.8, "epsg_source": 22391}}, {"type": "Feature", "geometry": {"type": "Point", "coordinates": [9.0132806, 36.326106]}, "properties": {"record_id": "oai:u-bordeaux-montaigne.fr:340435", "symbol_class": "building", "pixel_x": 6238.6, "pixel_y": 1985.8, "easting": 420359.6, "northing": 336366.7, "epsg_source": 22391}}, {"type": "Feature", "geometry": {"type": "Point", "coordinates": [9.0739702, 36.3229822]}, "properties": {"record_id": "oai:u-bordeaux-montaigne.fr:340435", "symbol_class": "building", "pixel_x": 7508.7, "pixel_y": 1984.9, "easting": 425803.9, "northing": 335972.3, "epsg_source": 22391}}, {"type": "Feature", "geometry": {"type": "Point", "coordinates": [9.0745871, 36.3229606]}, "properties": {"record_id": "oai:u-bordeaux-montaigne.fr:340435", "symbol_class": "building", "pixel_x": 7521.6, "pixel_y": 1984.6, "easting": 425859.3, "northing": 335969.4, "epsg_source": 22391}}, {"type": "Feature", "geometry": {"type": "Point", "coordinates": [9.072518, 36.3229546]}, "properties": {"record_id": "oai:u-bordeaux-montaigne.fr:340435", "symbol_class": "building", "pixel_x": 7478.5, "pixel_y": 1987.6, "easting": 425673.5, "northing": 335970.4, "epsg_source": 22391}}, {"type": "Feature", "geometry": {"type": "Point", "coordinates": [8.8391511, 36.3345864]}, "properties": {"record_id": "oai:u-bordeaux-montaigne.fr:340435", "symbol_class": "building", "pixel_x": 2595.4, "pixel_y": 1996.3, "easting": 404740.8, "northing": 337463.4, "epsg_source": 22391}}, {"type": "Feature", "geometry": {"type": "Point", "coordinates": [9.0677266, 36.3229582]}, "properties": {"record_id": "oai:u-bordeaux-montaigne.fr:340435", "symbol_class": "building", "pixel_x": 7378.6, "pixel_y": 1994.1, "easting": 425243.5, "northing": 335974.4, "epsg_source": 22391}}, {"type": "Feature", "geometry": {"type": "Point", "coordinates": [9.0563451, 36.3229298]}, "properties": {"record_id": "oai:u-bordeaux-montaigne.fr:340435", "symbol_class": "building", "pixel_x": 7141.4, "pixel_y": 2010.4, "easting": 424221.8, "northing": 335980.1, "epsg_source": 22391}}, {"type": "Feature", "geometry": {"type": "Point", "coordinates": [9.0546111, 36.3228834]}, "properties": {"record_id": "oai:u-bordeaux-montaigne.fr:340435", "symbol_class": "building", "pixel_x": 7105.3, "pixel_y": 2014.0, "easting": 424066.1, "northing": 335976.3, "epsg_source": 22391}}, {"type": "Feature", "geometry": {"type": "Point", "coordinates": [8.957734, 36.3276999]}, "properties": {"record_id": "oai:u-bordeaux-montaigne.fr:340435", "symbol_class": "building", "pixel_x": 5078.1, "pixel_y": 2019.0, "easting": 415375.7, "northing": 336590.2, "epsg_source": 22391}}, {"type": "Feature", "geometry": {"type": "Point", "coordinates": [9.0465316, 36.3228454]}, "properties": {"record_id": "oai:u-bordeaux-montaigne.fr:340435", "symbol_class": "building", "pixel_x": 6936.9, "pixel_y": 2026.0, "easting": 423340.9, "northing": 335978.4, "epsg_source": 22391}}, {"type": "Feature", "geometry": {"type": "Point", "coordinates": [8.9577493, 36.327185]}, "properties": {"record_id": "oai:u-bordeaux-montaigne.fr:340435", "symbol_class": "building", "pixel_x": 5079.3, "pixel_y": 2032.4, "easting": 415376.5, "northing": 336533.1, "epsg_source": 22391}}, {"type": "Feature", "geometry": {"type": "Point", "coordinates": [9.0421925, 36.3228206]}, "properties": {"record_id": "oai:u-bordeaux-montaigne.fr:340435", "symbol_class": "building", "pixel_x": 6846.5, "pixel_y": 2032.5, "easting": 422951.4, "northing": 335979.0, "epsg_source": 22391}}, {"type": "Feature", "geometry": {"type": "Point", "coordinates": [9.0374331, 36.3227936]}, "properties": {"record_id": "oai:u-bordeaux-montaigne.fr:340435", "symbol_class": "building", "pixel_x": 6747.4, "pixel_y": 2039.7, "easting": 422524.2, "northing": 335979.8, "epsg_source": 22391}}, {"type": "Feature", "geometry": {"type": "Point", "coordinates": [9.097638, 36.31897]}, "properties": {"record_id": "oai:u-bordeaux-montaigne.fr:340435", "symbol_class": "building", "pixel_x": 8008.6, "pixel_y": 2057.6, "easting": 427924.7, "northing": 335509.5, "epsg_source": 22391}}, {"type": "Feature", "geometry": {"type": "Point", "coordinates": [9.0981557, 36.3184103]}, "properties": {"record_id": "oai:u-bordeaux-montaigne.fr:340435", "symbol_class": "building", "pixel_x": 8020.2, "pixel_y": 2071.5, "easting": 427970.6, "northing": 335447.1, "epsg_source": 22391}}, {"type": "Feature", "geometry": {"type": "Point", "coordinates": [9.0988773, 36.3179733]}, "properties": {"record_id": "oai:u-bordeaux-montaigne.fr:340435", "symbol_class": "building", "pixel_x": 8036.0, "pixel_y": 2082.0, "easting": 428035.0, "northing": 335398.1, "epsg_source": 22391}}, {"type": "Feature", "geometry": {"type": "Point", "coordinates": [9.0784514, 36.3186465]}, "properties": {"record_id": "oai:u-bordeaux-montaigne.fr:340435", "symbol_class": "building", "pixel_x": 7609.1, "pixel_y": 2092.3, "easting": 426202.1, "northing": 335488.0, "epsg_source": 22391}}, {"type": "Feature", "geometry": {"type": "Point", "coordinates": [9.0789425, 36.3184158]}, "properties": {"record_id": "oai:u-bordeaux-montaigne.fr:340435", "symbol_class": "building", "pixel_x": 7619.7, "pixel_y": 2097.7, "easting": 426245.9, "northing": 335462.0, "epsg_source": 22391}}, {"type": "Feature", "geometry": {"type": "Point", "coordinates": [9.0960323, 36.31721]}, "properties": {"record_id": "oai:u-bordeaux-montaigne.fr:340435", "symbol_class": "building", "pixel_x": 7977.9, "pixel_y": 2105.9, "easting": 427778.9, "northing": 335315.5, "epsg_source": 22391}}, {"type": "Feature", "geometry": {"type": "Point", "coordinates": [9.0865219, 36.3175836]}, "properties": {"record_id": "oai:u-bordeaux-montaigne.fr:340435", "symbol_class": "building", "pixel_x": 7779.1, "pixel_y": 2109.1, "easting": 426925.5, "northing": 335364.0, "epsg_source": 22391}}, {"type": "Feature", "geometry": {"type": "Point", "coordinates": [9.0869283, 36.3175497]}, "properties": {"record_id": "oai:u-bordeaux-montaigne.fr:340435", "symbol_class": "building", "pixel_x": 7787.6, "pixel_y": 2109.5, "easting": 426962.0, "northing": 335360.0, "epsg_source": 22391}}, {"type": "Feature", "geometry": {"type": "Point", "coordinates": [9.096203, 36.31686]}, "properties": {"record_id": "oai:u-bordeaux-montaigne.fr:340435", "symbol_class": "building", "pixel_x": 7982.1, "pixel_y": 2114.8, "easting": 427793.9, "northing": 335276.5, "epsg_source": 22391}}, {"type": "Feature", "geometry": {"type": "Point", "coordinates": [9.0964592, 36.3166121]}, "properties": {"record_id": "oai:u-bordeaux-montaigne.fr:340435", "symbol_class": "building", "pixel_x": 7987.8, "pixel_y": 2120.9, "easting": 427816.7, "northing": 335248.9, "epsg_source": 22391}}, {"type": "Feature", "geometry": {"type": "Point", "coordinates": [9.0981887, 36.3164552]}, "properties": {"record_id": "oai:u-bordeaux-montaigne.fr:340435", "symbol_class": "building", "pixel_x": 8024.1, "pixel_y": 2122.7, "easting": 427971.8, "northing": 335230.2, "epsg_source": 22391}}, {"type": "Feature", "geometry": {"type": "Point", "coordinates": [8.9391383, 36.3247227]}, "properties": {"record_id": "oai:u-bordeaux-montaigne.fr:340435", "symbol_class": "building", "pixel_x": 4695.2, "pixel_y": 2121.9, "easting": 413703.4, "northing": 336276.3, "epsg_source": 22391}}, {"type": "Feature", "geometry": {"type": "Point", "coordinates": [9.0860634, 36.3169888]}, "properties": {"record_id": "oai:u-bordeaux-montaigne.fr:340435", "symbol_class": "building", "pixel_x": 7770.5, "pixel_y": 2125.3, "easting": 426883.8, "northing": 335298.4, "epsg_source": 22391}}, {"type": "Feature", "geometry": {"type": "Point", "coordinates": [9.0870656, 36.3169013]}, "properties": {"record_id": "oai:u-bordeaux-montaigne.fr:340435", "symbol_class": "building", "pixel_x": 7791.5, "pixel_y": 2126.2, "easting": 426973.7, "northing": 335287.9, "epsg_source": 22391}}, {"type": "Feature", "geometry": {"type": "Point", "coordinates": [9.0861962, 36.3167076]}, "properties": {"record_id": "oai:u-bordeaux-montaigne.fr:340435", "symbol_class": "building", "pixel_x": 7773.7, "pixel_y": 2132.5, "easting": 426895.5, "northing": 335267.1, "epsg_source": 22391}}, {"type": "Feature", "geometry": {"type": "Point", "coordinates": [9.0989969, 36.315828]}, "properties": {"record_id": "oai:u-bordeaux-montaigne.fr:340435", "symbol_class": "building", "pixel_x": 8042.0, "pixel_y": 2138.0, "easting": 428043.8, "northing": 335160.0, "epsg_source": 22391}}, {"type": "Feature", "geometry": {"type": "Point", "coordinates": [9.1000667, 36.3152585]}, "properties": {"record_id": "oai:u-bordeaux-montaigne.fr:340435", "symbol_class": "building", "pixel_x": 8065.2, "pixel_y": 2151.4, "easting": 428139.3, "northing": 335096.1, "epsg_source": 22391}}, {"type": "Feature", "geometry": {"type": "Point", "coordinates": [8.8923717, 36.3250718]}, "properties": {"record_id": "oai:u-bordeaux-montaigne.fr:340435", "symbol_class": "building", "pixel_x": 3719.7, "pixel_y": 2175.1, "easting": 409506.2, "northing": 336357.4, "epsg_source": 22391}}, {"type": "Feature", "geometry": {"type": "Point", "coordinates": [8.8058468, 36.3293654]}, "properties": {"record_id": "oai:u-bordeaux-montaigne.fr:340435", "symbol_class": "building", "pixel_x": 1909.2, "pixel_y": 2176.8, "easting": 401745.5, "northing": 336917.4, "epsg_source": 22391}}, {"type": "Feature", "geometry": {"type": "Point", "coordinates": [9.1018076, 36.3141131]}, "properties": {"record_id": "oai:u-bordeaux-montaigne.fr:340435", "symbol_class": "building", "pixel_x": 8103.3, "pixel_y": 2179.0, "easting": 428294.5, "northing": 334967.7, "epsg_source": 22391}}, {"type": "Feature", "geometry": {"type": "Point", "coordinates": [9.0950708, 36.314048]}, "properties": {"record_id": "oai:u-bordeaux-montaigne.fr:340435", "symbol_class": "building", "pixel_x": 7963.0, "pixel_y": 2190.0, "easting": 427689.7, "northing": 334965.5, "epsg_source": 22391}}, {"type": "Feature", "geometry": {"type": "Point", "coordinates": [9.0789375, 36.3147252]}, "properties": {"record_id": "oai:u-bordeaux-montaigne.fr:340435", "symbol_class": "building", "pixel_x": 7625.6, "pixel_y": 2194.4, "easting": 426242.0, "northing": 335052.7, "epsg_source": 22391}}, {"type": "Feature", "geometry": {"type": "Point", "coordinates": [9.0880781, 36.3140594]}, "properties": {"record_id": "oai:u-bordeaux-montaigne.fr:340435", "symbol_class": "building", "pixel_x": 7817.2, "pixel_y": 2199.3, "easting": 427062.0, "northing": 334971.9, "epsg_source": 22391}}, {"type": "Feature", "geometry": {"type": "Point", "coordinates": [8.857705, 36.3254123]}, "properties": {"record_id": "oai:u-bordeaux-montaigne.fr:340435", "symbol_class": "building", "pixel_x": 2996.5, "pixel_y": 2212.2, "easting": 406395.1, "northing": 336427.9, "epsg_source": 22391}}, {"type": "Feature", "geometry": {"type": "Point", "coordinates": [9.0813025, 36.3140247]}, "properties": {"record_id": "oai:u-bordeaux-montaigne.fr:340435", "symbol_class": "building", "pixel_x": 7676.0, "pixel_y": 2209.5, "easting": 426453.7, "northing": 334973.2, "epsg_source": 22391}}, {"type": "Feature", "geometry": {"type": "Point", "coordinates": [9.0824281, 36.3140039]}, "properties": {"record_id": "oai:u-bordeaux-montaigne.fr:340435", "symbol_class": "building", "pixel_x": 7699.5, "pixel_y": 2208.5, "easting": 426554.7, "northing": 334970.0, "epsg_source": 22391}}, {"type": "Feature", "geometry": {"type": "Point", "coordinates": [9.0787758, 36.3140239]}, "properties": {"record_id": "oai:u-bordeaux-montaigne.fr:340435", "symbol_class": "building", "pixel_x": 7623.3, "pixel_y": 2213.0, "easting": 426226.9, "northing": 334975.0, "epsg_source": 22391}}, {"type": "Feature", "geometry": {"type": "Point", "coordinates": [9.0757195, 36.3139799]}, "properties": {"record_id": "oai:u-bordeaux-montaigne.fr:340435", "symbol_class": "building", "pixel_x": 7559.7, "pixel_y": 2218.3, "easting": 425952.5, "northing": 334972.4, "epsg_source": 22391}}, {"type": "Feature", "geometry": {"type": "Point", "coordinates": [9.0711211, 36.3139673]}, "properties": {"record_id": "oai:u-bordeaux-montaigne.fr:340435", "symbol_class": "building", "pixel_x": 7463.8, "pixel_y": 2224.9, "easting": 425539.7, "northing": 334974.5, "epsg_source": 22391}}, {"type": "Feature", "geometry": {"type": "Point", "coordinates": [9.0662207, 36.3139538]}, "properties": {"record_id": "oai:u-bordeaux-montaigne.fr:340435", "symbol_class": "building", "pixel_x": 7361.7, "pixel_y": 2232.0, "easting": 425099.7, "northing": 334976.8, "epsg_source": 22391}}, {"type": "Feature", "geometry": {"type": "Point", "coordinates": [9.0643866, 36.3139751]}, "properties": {"record_id": "oai:u-bordeaux-montaigne.fr:340435", "symbol_class": "building", "pixel_x": 7323.4, "pixel_y": 2233.9, "easting": 424935.1, "northing": 334980.6, "epsg_source": 22391}}, {"type": "Feature", "geometry": {"type": "Point", "coordinates": [9.0647724, 36.313953]}, "properties": {"record_id": "oai:u-bordeaux-montaigne.fr:340435", "symbol_class": "building", "pixel_x": 7331.5, "pixel_y": 2234.0, "easting": 424969.7, "northing": 334977.8, "epsg_source": 22391}}, {"type": "Feature", "geometry": {"type": "Point", "coordinates": [9.0599652, 36.3139422]}, "properties": {"record_id": "oai:u-bordeaux-montaigne.fr:340435", "symbol_class": "building", "pixel_x": 7231.3, "pixel_y": 2240.9, "easting": 424538.2, "northing": 334980.3, "epsg_source": 22391}}, {"type": "Feature", "geometry": {"type": "Point", "coordinates": [9.057953, 36.3139269]}, "properties": {"record_id": "oai:u-bordeaux-montaigne.fr:340435", "symbol_class": "building", "pixel_x": 7189.4, "pixel_y": 2244.0, "easting": 424357.5, "northing": 334980.2, "epsg_source": 22391}}, {"type": "Feature", "geometry": {"type": "Point", "coordinates": [9.0548736, 36.3139239]}, "properties": {"record_id": "oai:u-bordeaux-montaigne.fr:340435", "symbol_class": "building", "pixel_x": 7125.2, "pixel_y": 2248.3, "easting": 424081.1, "northing": 334982.2, "epsg_source": 22391}}, {"type": "Feature", "geometry": {"type": "Point", "coordinates": [8.9508435, 36.3189186]}, "properties": {"record_id": "oai:u-bordeaux-montaigne.fr:340435", "symbol_class": "building", "pixel_x": 4948.4, "pixel_y": 2258.2, "easting": 414747.8, "northing": 335622.2, "epsg_source": 22391}}, {"type": "Feature", "geometry": {"type": "Point", "coordinates": [8.9065898, 36.3209063]}, "properties": {"record_id": "oai:u-bordeaux-montaigne.fr:340435", "symbol_class": "building", "pixel_x": 4022.6, "pixel_y": 2265.3, "easting": 410777.7, "northing": 335882.3, "epsg_source": 22391}}, {"type": "Feature", "geometry": {"type": "Point", "coordinates": [8.9072938, 36.3207828]}, "properties": {"record_id": "oai:u-bordeaux-montaigne.fr:340435", "symbol_class": "building", "pixel_x": 4037.5, "pixel_y": 2267.6, "easting": 410840.7, "northing": 335867.9, "epsg_source": 22391}}, {"type": "Feature", "geometry": {"type": "Point", "coordinates": [8.9213045, 36.319203]}, "properties": {"record_id": "oai:u-bordeaux-montaigne.fr:340435", "symbol_class": "building", "pixel_x": 4332.1, "pixel_y": 2290.3, "easting": 412096.6, "northing": 335680.0, "epsg_source": 22391}}, {"type": "Feature", "geometry": {"type": "Point", "coordinates": [8.8638056, 36.320903]}, "properties": {"record_id": "oai:u-bordeaux-montaigne.fr:340435", "symbol_class": "building", "pixel_x": 3130.7, "pixel_y": 2322.2, "easting": 406937.3, "northing": 335921.9, "epsg_source": 22391}}, {"type": "Feature", "geometry": {"type": "Point", "coordinates": [8.8228151, 36.3210108]}, "properties": {"record_id": "oai:u-bordeaux-montaigne.fr:340435", "symbol_class": "building", "pixel_x": 2275.9, "pixel_y": 2373.4, "easting": 403258.1, "northing": 335973.7, "epsg_source": 22391}}, {"type": "Feature", "geometry": {"type": "Point", "coordinates": [9.0945335, 36.3065482]}, "properties": {"record_id": "oai:u-bordeaux-montaigne.fr:340435", "symbol_class": "building", "pixel_x": 7963.9, "pixel_y": 2387.2, "easting": 427634.6, "northing": 334134.0, "epsg_source": 22391}}, {"type": "Feature", "geometry": {"type": "Point", "coordinates": [9.0917257, 36.3062938]}, "properties": {"record_id": "oai:u-bordeaux-montaigne.fr:340435", "symbol_class": "building", "pixel_x": 7905.8, "pixel_y": 2397.7, "easting": 427382.3, "northing": 334107.8, "epsg_source": 22391}}, {"type": "Feature", "geometry": {"type": "Point", "coordinates": [8.8820774, 36.3165295]}, "properties": {"record_id": "oai:u-bordeaux-montaigne.fr:340435", "symbol_class": "building", "pixel_x": 3518.4, "pixel_y": 2412.6, "easting": 408572.3, "northing": 335419.5, "epsg_source": 22391}}, {"type": "Feature", "geometry": {"type": "Point", "coordinates": [9.0918472, 36.3058824]}, "properties": {"record_id": "oai:u-bordeaux-montaigne.fr:340435", "symbol_class": "building", "pixel_x": 7909.0, "pixel_y": 2408.3, "easting": 427392.8, "northing": 334062.1, "epsg_source": 22391}}, {"type": "Feature", "geometry": {"type": "Point", "coordinates": [9.1042973, 36.3051112]}, "properties": {"record_id": "oai:u-bordeaux-montaigne.fr:340435", "symbol_class": "building", "pixel_x": 8169.8, "pixel_y": 2411.4, "easting": 428509.9, "northing": 333967.4, "epsg_source": 22391}}, {"type": "Feature", "geometry": {"type": "Point", "coordinates": [9.1049886, 36.3050901]}, "properties": {"record_id": "oai:u-bordeaux-montaigne.fr:340435", "symbol_class": "building", "pixel_x": 8184.3, "pixel_y": 2411.0, "easting": 428571.9, "northing": 333964.5, "epsg_source": 22391}}, {"type": "Feature", "geometry": {"type": "Point", "coordinates": [9.0811139, 36.3049905]}, "properties": {"record_id": "oai:u-bordeaux-montaigne.fr:340435", "symbol_class": "building", "pixel_x": 7686.7, "pixel_y": 2446.4, "easting": 426428.4, "northing": 333971.2, "epsg_source": 22391}}, {"type": "Feature", "geometry": {"type": "Point", "coordinates": [9.0757214, 36.3049638]}, "properties": {"record_id": "oai:u-bordeaux-montaigne.fr:340435", "symbol_class": "building", "pixel_x": 7574.3, "pixel_y": 2454.5, "easting": 425944.2, "northing": 333972.4, "epsg_source": 22391}}, {"type": "Feature", "geometry": {"type": "Point", "coordinates": [9.0727286, 36.3049435]}, "properties": {"record_id": "oai:u-bordeaux-montaigne.fr:340435", "symbol_class": "building", "pixel_x": 7511.9, "pixel_y": 2459.1, "easting": 425675.5, "northing": 333972.4, "epsg_source": 22391}}, {"type": "Feature", "geometry": {"type": "Point", "coordinates": [9.0717631, 36.3049503]}, "properties": {"record_id": "oai:u-bordeaux-montaigne.fr:340435", "symbol_class": "building", "pixel_x": 7491.8, "pixel_y": 2460.2, "easting": 425588.8, "northing": 333973.9, "epsg_source": 22391}}, {"type": "Feature", "geometry": {"type": "Point", "coordinates": [8.94657, 36.3090403]}, "properties": {"record_id": "oai:u-bordeaux-montaigne.fr:340435", "symbol_class": "building", "pixel_x": 4874.9, "pixel_y": 2522.7, "easting": 414353.4, "northing": 334530.2, "epsg_source": 22391}}, {"type": "Feature", "geometry": {"type": "Point", "coordinates": [8.9471522, 36.3087277]}, "properties": {"record_id": "oai:u-bordeaux-montaigne.fr:340435", "symbol_class": "building", "pixel_x": 4887.5, "pixel_y": 2530.1, "easting": 414405.4, "northing": 334495.1, "epsg_source": 22391}}, {"type": "Feature", "geometry": {"type": "Point", "coordinates": [8.9478852, 36.3085389]}, "properties": {"record_id": "oai:u-bordeaux-montaigne.fr:340435", "symbol_class": "building", "pixel_x": 4903.1, "pixel_y": 2534.1, "easting": 414471.0, "northing": 334473.5, "epsg_source": 22391}}, {"type": "Feature", "geometry": {"type": "Point", "coordinates": [8.9460776, 36.3083017]}, "properties": {"record_id": "oai:u-bordeaux-montaigne.fr:340435", "symbol_class": "building", "pixel_x": 4865.8, "pixel_y": 2542.7, "easting": 414308.4, "northing": 334448.8, "epsg_source": 22391}}, {"type": "Feature", "geometry": {"type": "Point", "coordinates": [8.8384956, 36.3137697]}, "properties": {"record_id": "oai:u-bordeaux-montaigne.fr:340435", "symbol_class": "building", "pixel_x": 2614.0, "pixel_y": 2542.5, "easting": 404656.9, "northing": 335155.1, "epsg_source": 22391}}, {"type": "Feature", "geometry": {"type": "Point", "coordinates": [8.9477516, 36.307946]}, "properties": {"record_id": "oai:u-bordeaux-montaigne.fr:340435", "symbol_class": "building", "pixel_x": 4901.2, "pixel_y": 2549.8, "easting": 414458.3, "northing": 334407.8, "epsg_source": 22391}}, {"type": "Feature", "geometry": {"type": "Point", "coordinates": [8.9501421, 36.3077223]}, "properties": {"record_id": "oai:u-bordeaux-montaigne.fr:340435", "symbol_class": "building", "pixel_x": 4951.4, "pixel_y": 2552.5, "easting": 414672.7, "northing": 334380.9, "epsg_source": 22391}}, {"type": "Feature", "geometry": {"type": "Point", "coordinates": [9.0892357, 36.3004856]}, "properties": {"record_id": "oai:u-bordeaux-montaigne.fr:340435", "symbol_class": "building", "pixel_x": 7863.3, "pixel_y": 2553.2, "easting": 427153.4, "northing": 333465.4, "epsg_source": 22391}}, {"type": "Feature", "geometry": {"type": "Point", "coordinates": [8.8371629, 36.3133545]}, "properties": {"record_id": "oai:u-bordeaux-montaigne.fr:340435", "symbol_class": "building", "pixel_x": 2586.9, "pixel_y": 2555.1, "easting": 404536.7, "northing": 335110.4, "epsg_source": 22391}}, {"type": "Feature", "geometry": {"type": "Point", "coordinates": [8.8374902, 36.3132438]}, "properties": {"record_id": "oai:u-bordeaux-montaigne.fr:340435", "symbol_class": "building", "pixel_x": 2593.9, "pixel_y": 2557.6, "easting": 404566.0, "northing": 335097.8, "epsg_source": 22391}}, {"type": "Feature", "geometry": {"type": "Point", "coordinates": [9.0680122, 36.3008242]}, "properties": {"record_id": "oai:u-bordeaux-montaigne.fr:340435", "symbol_class": "building", "pixel_x": 7420.2, "pixel_y": 2573.5, "easting": 425248.1, "northing": 333519.1, "epsg_source": 22391}}, {"type": "Feature", "geometry": {"type": "Point", "coordinates": [9.0592462, 36.3012033]}, "properties": {"record_id": "oai:u-bordeaux-montaigne.fr:340435", "symbol_class": "building", "pixel_x": 7236.8, "pixel_y": 2575.5, "easting": 424461.4, "northing": 333567.9, "epsg_source": 22391}}, {"type": "Feature", "geometry": {"type": "Point", "coordinates": [9.0660875, 36.3006416]}, "properties": {"record_id": "oai:u-bordeaux-montaigne.fr:340435", "symbol_class": "building", "pixel_x": 7380.4, "pixel_y": 2580.9, "easting": 425075.2, "northing": 333500.3, "epsg_source": 22391}}, {"type": "Feature", "geometry": {"type": "Point", "coordinates": [9.0567921, 36.3004649]}, "properties": {"record_id": "oai:u-bordeaux-montaigne.fr:340435", "symbol_class": "building", "pixel_x": 7186.8, "pixel_y": 2598.2, "easting": 424240.4, "northing": 333487.9, "epsg_source": 22391}}, {"type": "Feature", "geometry": {"type": "Point", "coordinates": [9.0581575, 36.3003154]}, "properties": {"record_id": "oai:u-bordeaux-montaigne.fr:340435", "symbol_class": "building", "pixel_x": 7215.5, "pixel_y": 2600.3, "easting": 424362.8, "northing": 333470.2, "epsg_source": 22391}}, {"type": "Feature", "geometry": {"type": "Point", "coordinates": [9.0587327, 36.3001855]}, "properties": {"record_id": "oai:u-bordeaux-montaigne.fr:340435", "symbol_class": "building", "pixel_x": 7227.7, "pixel_y": 2602.9, "easting": 424414.4, "northing": 333455.4, "epsg_source": 22391}}, {"type": "Feature", "geometry": {"type": "Point", "coordinates": [9.0554299, 36.2993933]}, "properties": {"record_id": "oai:u-bordeaux-montaigne.fr:340435", "symbol_class": "building", "pixel_x": 7160.1, "pixel_y": 2628.1, "easting": 424117.1, "northing": 333370.1, "epsg_source": 22391}}, {"type": "Feature", "geometry": {"type": "Point", "coordinates": [9.0960241, 36.2970982]}, "properties": {"record_id": "oai:u-bordeaux-montaigne.fr:340435", "symbol_class": "building", "pixel_x": 8010.3, "pixel_y": 2632.7, "easting": 427759.8, "northing": 333084.7, "epsg_source": 22391}}, {"type": "Feature", "geometry": {"type": "Point", "coordinates": [9.1104936, 36.2961476]}, "properties": {"record_id": "oai:u-bordeaux-montaigne.fr:340435", "symbol_class": "building", "pixel_x": 8313.6, "pixel_y": 2637.7, "easting": 429058.1, "northing": 332968.6, "epsg_source": 22391}}, {"type": "Feature", "geometry": {"type": "Point", "coordinates": [9.1093342, 36.2961783]}, "properties": {"record_id": "oai:u-bordeaux-montaigne.fr:340435", "symbol_class": "building", "pixel_x": 8289.3, "pixel_y": 2638.4, "easting": 428954.1, "northing": 332972.8, "epsg_source": 22391}}, {"type": "Feature", "geometry": {"type": "Point", "coordinates": [9.0578562, 36.2987432]}, "properties": {"record_id": "oai:u-bordeaux-montaigne.fr:340435", "symbol_class": "building", "pixel_x": 7211.8, "pixel_y": 2641.8, "easting": 424334.3, "northing": 333296.1, "epsg_source": 22391}}, {"type": "Feature", "geometry": {"type": "Point", "coordinates": [8.9583864, 36.3039066]}, "properties": {"record_id": "oai:u-bordeaux-montaigne.fr:340435", "symbol_class": "building", "pixel_x": 5129.4, "pixel_y": 2641.3, "easting": 415408.7, "northing": 333950.5, "epsg_source": 22391}}, {"type": "Feature", "geometry": {"type": "Point", "coordinates": [9.0572413, 36.2986604]}, "properties": {"record_id": "oai:u-bordeaux-montaigne.fr:340435", "symbol_class": "building", "pixel_x": 7199.1, "pixel_y": 2644.9, "easting": 424279.0, "northing": 333287.4, "epsg_source": 22391}}, {"type": "Feature", "geometry": {"type": "Point", "coordinates": [8.7766865, 36.3125383]}, "properties": {"record_id": "oai:u-bordeaux-montaigne.fr:340435", "symbol_class": "building", "pixel_x": 1327.1, "pixel_y": 2655.8, "easting": 399106.8, "northing": 335080.7, "epsg_source": 22391}}, {"type": "Feature", "geometry": {"type": "Point", "coordinates": [9.1058473, 36.2961628]}, "properties": {"record_id": "oai:u-bordeaux-montaigne.fr:340435", "symbol_class": "building", "pixel_x": 8216.6, "pixel_y": 2643.6, "easting": 428640.9, "northing": 332973.7, "epsg_source": 22391}}, {"type": "Feature", "geometry": {"type": "Point", "coordinates": [8.9568158, 36.303415]}, "properties": {"record_id": "oai:u-bordeaux-montaigne.fr:340435", "symbol_class": "building", "pixel_x": 5097.4, "pixel_y": 2656.3, "easting": 415267.2, "northing": 333897.3, "epsg_source": 22391}}, {"type": "Feature", "geometry": {"type": "Point", "coordinates": [9.0995139, 36.2960975]}, "properties": {"record_id": "oai:u-bordeaux-montaigne.fr:340435", "symbol_class": "building", "pixel_x": 8084.7, "pixel_y": 2654.1, "easting": 428072.2, "northing": 332971.1, "epsg_source": 22391}}, {"type": "Feature", "geometry": {"type": "Point", "coordinates": [9.0983451, 36.2961121]}, "properties": {"record_id": "oai:u-bordeaux-montaigne.fr:340435", "symbol_class": "building", "pixel_x": 8060.3, "pixel_y": 2655.3, "easting": 427967.3, "northing": 332973.6, "epsg_source": 22391}}, {"type": "Feature", "geometry": {"type": "Point", "coordinates": [9.0971687, 36.2961026]}, "properties": {"record_id": "oai:u-bordeaux-montaigne.fr:340435", "symbol_class": "building", "pixel_x": 8035.8, "pixel_y": 2657.2, "easting": 427861.6, "northing": 332973.4, "epsg_source": 22391}}, {"type": "Feature", "geometry": {"type": "Point", "coordinates": [9.0956417, 36.2960943]}, "properties": {"record_id": "oai:u-bordeaux-montaigne.fr:340435", "symbol_class": "building", "pixel_x": 8003.9, "pixel_y": 2659.5, "easting": 427724.5, "northing": 332973.6, "epsg_source": 22391}}, {"type": "Feature", "geometry": {"type": "Point", "coordinates": [9.0905503, 36.2960485]}, "properties": {"record_id": "oai:u-bordeaux-montaigne.fr:340435", "symbol_class": "building", "pixel_x": 7897.9, "pixel_y": 2667.7, "easting": 427267.3, "northing": 332972.3, "epsg_source": 22391}}, {"type": "Feature", "geometry": {"type": "Point", "coordinates": [9.0882534, 36.2960689]}, "properties": {"record_id": "oai:u-bordeaux-montaigne.fr:340435", "symbol_class": "building", "pixel_x": 7849.9, "pixel_y": 2670.3, "easting": 427061.1, "northing": 332976.3, "epsg_source": 22391}}, {"type": "Feature", "geometry": {"type": "Point", "coordinates": [9.0665565, 36.2950722]}, "properties": {"record_id": "oai:u-bordeaux-montaigne.fr:340435", "symbol_class": "building", "pixel_x": 7399.1, "pixel_y": 2726.1, "easting": 425112.0, "northing": 332882.2, "epsg_source": 22391}}, {"type": "Feature", "geometry": {"type": "Point", "coordinates": [8.9611925, 36.3003673]}, "properties": {"record_id": "oai:u-bordeaux-montaigne.fr:340435", "symbol_class": "building", "pixel_x": 5193.5, "pixel_y": 2730.3, "easting": 415656.9, "northing": 333555.5, "epsg_source": 22391}}, {"type": "Feature", "geometry": {"type": "Point", "coordinates": [9.0614711, 36.2950095]}, "properties": {"record_id": "oai:u-bordeaux-montaigne.fr:340435", "symbol_class": "building", "pixel_x": 7293.2, "pixel_y": 2734.7, "easting": 424655.3, "northing": 332879.1, "epsg_source": 22391}}, {"type": "Feature", "geometry": {"type": "Point", "coordinates": [9.0683386, 36.2944394]}, "properties": {"record_id": "oai:u-bordeaux-montaigne.fr:340435", "symbol_class": "building", "pixel_x": 7437.3, "pixel_y": 2740.2, "easting": 425271.4, "northing": 332810.6, "epsg_source": 22391}}, {"type": "Feature", "geometry": {"type": "Point", "coordinates": [9.0667805, 36.2944547]}, "properties": {"record_id": "oai:u-bordeaux-montaigne.fr:340435", "symbol_class": "building", "pixel_x": 7404.8, "pixel_y": 2742.0, "easting": 425131.5, "northing": 332813.5, "epsg_source": 22391}}, {"type": "Feature", "geometry": {"type": "Point", "coordinates": [9.0128441, 36.297277]}, "properties": {"record_id": "oai:u-bordeaux-montaigne.fr:340435", "symbol_class": "building", "pixel_x": 6275.5, "pixel_y": 2741.5, "easting": 420291.3, "northing": 333169.3, "epsg_source": 22391}}, {"type": "Feature", "geometry": {"type": "Point", "coordinates": [9.0675004, 36.2942563]}, "properties": {"record_id": "oai:u-bordeaux-montaigne.fr:340435", "symbol_class": "building", "pixel_x": 7420.1, "pixel_y": 2746.2, "easting": 425196.0, "northing": 332790.9, "epsg_source": 22391}}, {"type": "Feature", "geometry": {"type": "Point", "coordinates": [9.0711548, 36.2940039]}, "properties": {"record_id": "oai:u-bordeaux-montaigne.fr:340435", "symbol_class": "building", "pixel_x": 7496.7, "pixel_y": 2747.8, "easting": 425523.9, "northing": 332760.1, "epsg_source": 22391}}, {"type": "Feature", "geometry": {"type": "Point", "coordinates": [8.8632002, 36.3044733]}, "properties": {"record_id": "oai:u-bordeaux-montaigne.fr:340435", "symbol_class": "building", "pixel_x": 3143.6, "pixel_y": 2753.4, "easting": 406863.6, "northing": 334100.1, "epsg_source": 22391}}, {"type": "Feature", "geometry": {"type": "Point", "coordinates": [9.0707752, 36.2937772]}, "properties": {"record_id": "oai:u-bordeaux-montaigne.fr:340435", "symbol_class": "building", "pixel_x": 7489.2, "pixel_y": 2754.3, "easting": 425489.6, "northing": 332735.3, "epsg_source": 22391}}, {"type": "Feature", "geometry": {"type": "Point", "coordinates": [8.8628711, 36.3042255]}, "properties": {"record_id": "oai:u-bordeaux-montaigne.fr:340435", "symbol_class": "building", "pixel_x": 3137.1, "pixel_y": 2760.4, "easting": 406833.8, "northing": 334072.9, "epsg_source": 22391}}, {"type": "Feature", "geometry": {"type": "Point", "coordinates": [8.9802906, 36.2958925]}, "properties": {"record_id": "oai:u-bordeaux-montaigne.fr:340435", "symbol_class": "building", "pixel_x": 5598.9, "pixel_y": 2821.8, "easting": 417366.9, "northing": 333042.8, "epsg_source": 22391}}, {"type": "Feature", "geometry": {"type": "Point", "coordinates": [8.9974823, 36.2946178]}, "properties": {"record_id": "oai:u-bordeaux-montaigne.fr:340435", "symbol_class": "building", "pixel_x": 5959.4, "pixel_y": 2832.0, "easting": 418909.3, "northing": 332887.0, "epsg_source": 22391}}, {"type": "Feature", "geometry": {"type": "Point", "coordinates": [9.0659217, 36.2899858]}, "properties": {"record_id": "oai:u-bordeaux-montaigne.fr:340435", "symbol_class": "building", "pixel_x": 7394.1, "pixel_y": 2860.2, "easting": 425050.2, "northing": 332318.5, "epsg_source": 22391}}, {"type": "Feature", "geometry": {"type": "Point", "coordinates": [8.7820264, 36.3043339]}, "properties": {"record_id": "oai:u-bordeaux-montaigne.fr:340435", "symbol_class": "building", "pixel_x": 1451.1, "pixel_y": 2863.8, "easting": 399575.8, "northing": 334165.2, "epsg_source": 22391}}, {"type": "Feature", "geometry": {"type": "Point", "coordinates": [8.7816269, 36.3044269]}, "properties": {"record_id": "oai:u-bordeaux-montaigne.fr:340435", "symbol_class": "building", "pixel_x": 1442.6, "pixel_y": 2861.9, "easting": 399540.0, "northing": 334175.9, "epsg_source": 22391}}, {"type": "Feature", "geometry": {"type": "Point", "coordinates": [8.7847942, 36.3041131]}, "properties": {"record_id": "oai:u-bordeaux-montaigne.fr:340435", "symbol_class": "building", "pixel_x": 1509.1, "pixel_y": 2865.9, "easting": 399824.0, "northing": 334137.8, "epsg_source": 22391}}, {"type": "Feature", "geometry": {"type": "Point", "coordinates": [9.1080561, 36.28709]}, "properties": {"record_id": "oai:u-bordeaux-montaigne.fr:340435", "symbol_class": "building", "pixel_x": 8277.4, "pixel_y": 2878.2, "easting": 428831.1, "northing": 331965.7, "epsg_source": 22391}}, {"type": "Feature", "geometry": {"type": "Point", "coordinates": [9.1058826, 36.2871247]}, "properties": {"record_id": "oai:u-bordeaux-montaigne.fr:340435", "symbol_class": "building", "pixel_x": 8232.0, "pixel_y": 2880.3, "easting": 428635.9, "northing": 331971.1, "epsg_source": 22391}}, {"type": "Feature", "geometry": {"type": "Point", "coordinates": [9.1065098, 36.2870713]}, "properties": {"record_id": "oai:u-bordeaux-montaigne.fr:340435", "symbol_class": "building", "pixel_x": 8245.2, "pixel_y": 2880.9, "easting": 428692.2, "northing": 331964.8, "epsg_source": 22391}}, {"type": "Feature", "geometry": {"type": "Point", "coordinates": [9.1011831, 36.2870136]}, "properties": {"record_id": "oai:u-bordeaux-montaigne.fr:340435", "symbol_class": "building", "pixel_x": 8134.2, "pixel_y": 2889.7, "easting": 428213.8, "northing": 331962.3, "epsg_source": 22391}}, {"type": "Feature", "geometry": {"type": "Point", "coordinates": [9.100486, 36.287037]}, "properties": {"record_id": "oai:u-bordeaux-montaigne.fr:340435", "symbol_class": "building", "pixel_x": 8119.6, "pixel_y": 2890.1, "easting": 428151.2, "northing": 331965.4, "epsg_source": 22391}}, {"type": "Feature", "geometry": {"type": "Point", "coordinates": [9.099653, 36.2870203]}, "properties": {"record_id": "oai:u-bordeaux-montaigne.fr:340435", "symbol_class": "building", "pixel_x": 8102.3, "pixel_y": 2891.6, "easting": 428076.4, "northing": 331964.1, "epsg_source": 22391}}, {"type": "Feature", "geometry": {"type": "Point", "coordinates": [9.0975887, 36.2870347]}, "properties": {"record_id": "oai:u-bordeaux-montaigne.fr:340435", "symbol_class": "building", "pixel_x": 8059.2, "pixel_y": 2894.1, "easting": 427891.1, "northing": 331967.3, "epsg_source": 22391}}, {"type": "Feature", "geometry": {"type": "Point", "coordinates": [8.9185943, 36.2960946]}, "properties": {"record_id": "oai:u-bordeaux-montaigne.fr:340435", "symbol_class": "building", "pixel_x": 4311.9, "pixel_y": 2899.3, "easting": 411827.5, "northing": 333119.2, "epsg_source": 22391}}, {"type": "Feature", "geometry": {"type": "Point", "coordinates": [8.9944396, 36.2920587]}, "properties": {"record_id": "oai:u-bordeaux-montaigne.fr:340435", "symbol_class": "building", "pixel_x": 5900.0, "pixel_y": 2903.1, "easting": 418633.4, "northing": 332605.7, "epsg_source": 22391}}, {"type": "Feature", "geometry": {"type": "Point", "coordinates": [9.0944071, 36.2870057]}, "properties": {"record_id": "oai:u-bordeaux-montaigne.fr:340435", "symbol_class": "building", "pixel_x": 7992.9, "pixel_y": 2899.2, "easting": 427605.3, "northing": 331966.4, "epsg_source": 22391}}, {"type": "Feature", "geometry": {"type": "Point", "coordinates": [9.0892643, 36.2870263]}, "properties": {"record_id": "oai:u-bordeaux-montaigne.fr:340435", "symbol_class": "building", "pixel_x": 7885.6, "pixel_y": 2905.8, "easting": 427143.5, "northing": 331972.5, "epsg_source": 22391}}, {"type": "Feature", "geometry": {"type": "Point", "coordinates": [9.0882228, 36.2869677]}, "properties": {"record_id": "oai:u-bordeaux-montaigne.fr:340435", "symbol_class": "building", "pixel_x": 7864.0, "pixel_y": 2908.7, "easting": 427049.9, "northing": 331966.8, "epsg_source": 22391}}, {"type": "Feature", "geometry": {"type": "Point", "coordinates": [9.06672, 36.2869234]}, "properties": {"record_id": "oai:u-bordeaux-montaigne.fr:340435", "symbol_class": "building", "pixel_x": 7415.6, "pixel_y": 2939.3, "easting": 425118.9, "northing": 331978.2, "epsg_source": 22391}}, {"type": "Feature", "geometry": {"type": "Point", "coordinates": [9.0647423, 36.2869207]}, "properties": {"record_id": "oai:u-bordeaux-montaigne.fr:340435", "symbol_class": "building", "pixel_x": 7374.4, "pixel_y": 2942.1, "easting": 424941.3, "northing": 331979.4, "epsg_source": 22391}}, {"type": "Feature", "geometry": {"type": "Point", "coordinates": [9.0610957, 36.2868952]}, "properties": {"record_id": "oai:u-bordeaux-montaigne.fr:340435", "symbol_class": "building", "pixel_x": 7298.4, "pixel_y": 2947.8, "easting": 424613.8, "northing": 331979.4, "epsg_source": 22391}}, {"type": "Feature", "geometry": {"type": "Point", "coordinates": [8.9625713, 36.2915958]}, "properties": {"record_id": "oai:u-bordeaux-montaigne.fr:340435", "symbol_class": "building", "pixel_x": 5236.1, "pixel_y": 2958.2, "easting": 415771.3, "northing": 332581.4, "epsg_source": 22391}}, {"type": "Feature", "geometry": {"type": "Point", "coordinates": [8.8417123, 36.2974917]}, "properties": {"record_id": "oai:u-bordeaux-montaigne.fr:340435", "symbol_class": "building", "pixel_x": 2706.4, "pixel_y": 2964.7, "easting": 404926.0, "northing": 333346.4, "epsg_source": 22391}}, {"type": "Feature", "geometry": {"type": "Point", "coordinates": [8.8411826, 36.2971854]}, "properties": {"record_id": "oai:u-bordeaux-montaigne.fr:340435", "symbol_class": "building", "pixel_x": 2695.8, "pixel_y": 2973.4, "easting": 404878.1, "northing": 333313.0, "epsg_source": 22391}}, {"type": "Feature", "geometry": {"type": "Point", "coordinates": [8.8422308, 36.2970923]}, "properties": {"record_id": "oai:u-bordeaux-montaigne.fr:340435", "symbol_class": "building", "pixel_x": 2717.8, "pixel_y": 2974.5, "easting": 404972.1, "northing": 333301.6, "epsg_source": 22391}}, {"type": "Feature", "geometry": {"type": "Point", "coordinates": [9.043575, 36.2867953]}, "properties": {"record_id": "oai:u-bordeaux-montaigne.fr:340435", "symbol_class": "building", "pixel_x": 6933.1, "pixel_y": 2974.3, "easting": 423040.4, "northing": 331982.0, "epsg_source": 22391}}, {"type": "Feature", "geometry": {"type": "Point", "coordinates": [8.854166, 36.2963759]}, "properties": {"record_id": "oai:u-bordeaux-montaigne.fr:340435", "symbol_class": "building", "pixel_x": 2967.8, "pixel_y": 2977.5, "easting": 406042.9, "northing": 333210.6, "epsg_source": 22391}}, {"type": "Feature", "geometry": {"type": "Point", "coordinates": [8.8558712, 36.2962362]}, "properties": {"record_id": "oai:u-bordeaux-montaigne.fr:340435", "symbol_class": "building", "pixel_x": 3003.6, "pixel_y": 2978.9, "easting": 406195.8, "northing": 333193.5, "epsg_source": 22391}}, {"type": "Feature", "geometry": {"type": "Point", "coordinates": [9.0423407, 36.2868058]}, "properties": {"record_id": "oai:u-bordeaux-montaigne.fr:340435", "symbol_class": "building", "pixel_x": 6907.4, "pixel_y": 2975.7, "easting": 422929.5, "northing": 331984.1, "epsg_source": 22391}}, {"type": "Feature", "geometry": {"type": "Point", "coordinates": [8.772115, 36.3000926]}, "properties": {"record_id": "oai:u-bordeaux-montaigne.fr:340435", "symbol_class": "building", "pixel_x": 1250.9, "pixel_y": 2987.8, "easting": 398680.5, "northing": 333705.0, "epsg_source": 22391}}, {"type": "Feature", "geometry": {"type": "Point", "coordinates": [9.0547693, 36.2858075]}, "properties": {"record_id": "oai:u-bordeaux-montaigne.fr:340435", "symbol_class": "building", "pixel_x": 7168.2, "pixel_y": 2984.9, "easting": 424044.7, "northing": 331863.6, "epsg_source": 22391}}, {"type": "Feature", "geometry": {"type": "Point", "coordinates": [8.8541253, 36.2958703]}, "properties": {"record_id": "oai:u-bordeaux-montaigne.fr:340435", "symbol_class": "building", "pixel_x": 2967.8, "pixel_y": 2990.8, "easting": 406038.6, "northing": 333154.6, "epsg_source": 22391}}, {"type": "Feature", "geometry": {"type": "Point", "coordinates": [8.8557869, 36.2955765]}, "properties": {"record_id": "oai:u-bordeaux-montaigne.fr:340435", "symbol_class": "building", "pixel_x": 3002.9, "pixel_y": 2996.3, "easting": 406187.5, "northing": 333120.4, "epsg_source": 22391}}, {"type": "Feature", "geometry": {"type": "Point", "coordinates": [8.7725143, 36.2996999]}, "properties": {"record_id": "oai:u-bordeaux-montaigne.fr:340435", "symbol_class": "building", "pixel_x": 1259.8, "pixel_y": 2997.6, "easting": 398715.8, "northing": 333661.0, "epsg_source": 22391}}, {"type": "Feature", "geometry": {"type": "Point", "coordinates": [9.0575284, 36.2848262]}, "properties": {"record_id": "oai:u-bordeaux-montaigne.fr:340435", "symbol_class": "building", "pixel_x": 7227.3, "pixel_y": 3006.8, "easting": 424291.5, "northing": 331752.6, "epsg_source": 22391}}, {"type": "Feature", "geometry": {"type": "Point", "coordinates": [8.7725301, 36.2991132]}, "properties": {"record_id": "oai:u-bordeaux-montaigne.fr:340435", "symbol_class": "building", "pixel_x": 1261.0, "pixel_y": 3012.9, "easting": 398716.5, "northing": 333595.9, "epsg_source": 22391}}, {"type": "Feature", "geometry": {"type": "Point", "coordinates": [8.7858795, 36.2970736]}, "properties": {"record_id": "oai:u-bordeaux-montaigne.fr:340435", "symbol_class": "building", "pixel_x": 1542.6, "pixel_y": 3048.9, "easting": 399912.5, "northing": 333355.9, "epsg_source": 22391}}, {"type": "Feature", "geometry": {"type": "Point", "coordinates": [8.8596242, 36.2931176]}, "properties": {"record_id": "oai:u-bordeaux-montaigne.fr:340435", "symbol_class": "building", "pixel_x": 3086.7, "pixel_y": 3055.6, "easting": 406529.1, "northing": 332844.0, "epsg_source": 22391}}, {"type": "Feature", "geometry": {"type": "Point", "coordinates": [8.7865918, 36.2965296]}, "properties": {"record_id": "oai:u-bordeaux-montaigne.fr:340435", "symbol_class": "building", "pixel_x": 1558.3, "pixel_y": 3062.3, "easting": 399975.7, "northing": 333294.9, "epsg_source": 22391}}, {"type": "Feature", "geometry": {"type": "Point", "coordinates": [8.7706073, 36.2972462]}, "properties": {"record_id": "oai:u-bordeaux-montaigne.fr:340435", "symbol_class": "building", "pixel_x": 1223.8, "pixel_y": 3064.3, "easting": 398541.5, "northing": 333390.8, "epsg_source": 22391}}, {"type": "Feature", "geometry": {"type": "Point", "coordinates": [8.8199361, 36.2938709]}, "properties": {"record_id": "oai:u-bordeaux-montaigne.fr:340435", "symbol_class": "building", "pixel_x": 2257.8, "pixel_y": 3088.2, "easting": 402966.4, "northing": 332966.3, "epsg_source": 22391}}, {"type": "Feature", "geometry": {"type": "Point", "coordinates": [8.824912, 36.293007]}, "properties": {"record_id": "oai:u-bordeaux-montaigne.fr:340435", "symbol_class": "building", "pixel_x": 2362.9, "pixel_y": 3104.3, "easting": 403412.1, "northing": 332865.5, "epsg_source": 22391}}, {"type": "Feature", "geometry": {"type": "Point", "coordinates": [9.1082829, 36.2780935]}, "properties": {"record_id": "oai:u-bordeaux-montaigne.fr:340435", "symbol_class": "building", "pixel_x": 8296.7, "pixel_y": 3113.6, "easting": 428843.4, "northing": 330967.6, "epsg_source": 22391}}, {"type": "Feature", "geometry": {"type": "Point", "coordinates": [9.1066968, 36.278105]}, "properties": {"record_id": "oai:u-bordeaux-montaigne.fr:340435", "symbol_class": "building", "pixel_x": 8263.6, "pixel_y": 3115.5, "easting": 428700.9, "northing": 330970.1, "epsg_source": 22391}}, {"type": "Feature", "geometry": {"type": "Point", "coordinates": [9.1045877, 36.2781032]}, "properties": {"record_id": "oai:u-bordeaux-montaigne.fr:340435", "symbol_class": "building", "pixel_x": 8219.6, "pixel_y": 3118.4, "easting": 428511.5, "northing": 330971.4, "epsg_source": 22391}}, {"type": "Feature", "geometry": {"type": "Point", "coordinates": [9.0952276, 36.2780567]}, "properties": {"record_id": "oai:u-bordeaux-montaigne.fr:340435", "symbol_class": "building", "pixel_x": 8024.5, "pixel_y": 3132.5, "easting": 427670.8, "northing": 330973.1, "epsg_source": 22391}}, {"type": "Feature", "geometry": {"type": "Point", "coordinates": [8.9148191, 36.2870349]}, "properties": {"record_id": "oai:u-bordeaux-montaigne.fr:340435", "symbol_class": "building", "pixel_x": 4247.4, "pixel_y": 3141.7, "easting": 411478.3, "northing": 332117.8, "epsg_source": 22391}}, {"type": "Feature", "geometry": {"type": "Point", "coordinates": [9.0923702, 36.2780402]}, "properties": {"record_id": "oai:u-bordeaux-montaigne.fr:340435", "symbol_class": "building", "pixel_x": 7964.9, "pixel_y": 3136.9, "easting": 427414.2, "northing": 330973.4, "epsg_source": 22391}}, {"type": "Feature", "geometry": {"type": "Point", "coordinates": [9.0889203, 36.2780247]}, "properties": {"record_id": "oai:u-bordeaux-montaigne.fr:340435", "symbol_class": "building", "pixel_x": 7893.0, "pixel_y": 3142.0, "easting": 427104.3, "northing": 330974.3, "epsg_source": 22391}}, {"type": "Feature", "geometry": {"type": "Point", "coordinates": [8.9408433, 36.2855551]}, "properties": {"record_id": "oai:u-bordeaux-montaigne.fr:340435", "symbol_class": "building", "pixel_x": 4792.5, "pixel_y": 3145.6, "easting": 413813.7, "northing": 331930.3, "epsg_source": 22391}}, {"type": "Feature", "geometry": {"type": "Point", "coordinates": [9.0823601, 36.2780006]}, "properties": {"record_id": "oai:u-bordeaux-montaigne.fr:340435", "symbol_class": "building", "pixel_x": 7756.2, "pixel_y": 3151.6, "easting": 426515.1, "northing": 330976.5, "epsg_source": 22391}}, {"type": "Feature", "geometry": {"type": "Point", "coordinates": [9.0774031, 36.2779757]}, "properties": {"record_id": "oai:u-bordeaux-montaigne.fr:340435", "symbol_class": "building", "pixel_x": 7652.9, "pixel_y": 3159.1, "easting": 426069.9, "northing": 330977.5, "epsg_source": 22391}}, {"type": "Feature", "geometry": {"type": "Point", "coordinates": [9.0747601, 36.2780024]}, "properties": {"record_id": "oai:u-bordeaux-montaigne.fr:340435", "symbol_class": "building", "pixel_x": 7597.7, "pixel_y": 3162.0, "easting": 425832.6, "northing": 330982.5, "epsg_source": 22391}}, {"type": "Feature", "geometry": {"type": "Point", "coordinates": [9.0690345, 36.2779566]}, "properties": {"record_id": "oai:u-bordeaux-montaigne.fr:340435", "symbol_class": "building", "pixel_x": 7478.3, "pixel_y": 3171.0, "easting": 425318.3, "northing": 330981.8, "epsg_source": 22391}}, {"type": "Feature", "geometry": {"type": "Point", "coordinates": [8.8358293, 36.2893631]}, "properties": {"record_id": "oai:u-bordeaux-montaigne.fr:340435", "symbol_class": "building", "pixel_x": 2596.3, "pixel_y": 3185.4, "easting": 404388.0, "northing": 332450.6, "epsg_source": 22391}}, {"type": "Feature", "geometry": {"type": "Point", "coordinates": [8.8359034, 36.2889996]}, "properties": {"record_id": "oai:u-bordeaux-montaigne.fr:340435", "symbol_class": "building", "pixel_x": 2598.4, "pixel_y": 3194.8, "easting": 404394.2, "northing": 332410.2, "epsg_source": 22391}}, {"type": "Feature", "geometry": {"type": "Point", "coordinates": [8.8351988, 36.2889417]}, "properties": {"record_id": "oai:u-bordeaux-montaigne.fr:340435", "symbol_class": "building", "pixel_x": 2583.8, "pixel_y": 3197.3, "easting": 404330.8, "northing": 332404.4, "epsg_source": 22391}}, {"type": "Feature", "geometry": {"type": "Point", "coordinates": [9.0500364, 36.2778902]}, "properties": {"record_id": "oai:u-bordeaux-montaigne.fr:340435", "symbol_class": "building", "pixel_x": 7082.2, "pixel_y": 3198.7, "easting": 423612.0, "northing": 330989.1, "epsg_source": 22391}}, {"type": "Feature", "geometry": {"type": "Point", "coordinates": [8.866232, 36.2847484]}, "properties": {"record_id": "oai:u-bordeaux-montaigne.fr:340435", "symbol_class": "building", "pixel_x": 3237.6, "pixel_y": 3266.1, "easting": 407112.6, "northing": 331909.3, "epsg_source": 22391}}, {"type": "Feature", "geometry": {"type": "Point", "coordinates": [8.8309872, 36.2864637]}, "properties": {"record_id": "oai:u-bordeaux-montaigne.fr:340435", "symbol_class": "building", "pixel_x": 2499.8, "pixel_y": 3267.7, "easting": 403949.6, "northing": 332133.7, "epsg_source": 22391}}, {"type": "Feature", "geometry": {"type": "Point", "coordinates": [9.0726707, 36.2730083]}, "properties": {"record_id": "oai:u-bordeaux-montaigne.fr:340435", "symbol_class": "building", "pixel_x": 7562.2, "pixel_y": 3295.7, "easting": 425640.2, "northing": 330430.1, "epsg_source": 22391}}, {"type": "Feature", "geometry": {"type": "Point", "coordinates": [9.0090095, 36.2759719]}, "properties": {"record_id": "oai:u-bordeaux-montaigne.fr:340435", "symbol_class": "building", "pixel_x": 6229.5, "pixel_y": 3304.8, "easting": 419925.4, "northing": 330809.3, "epsg_source": 22391}}, {"type": "Feature", "geometry": {"type": "Point", "coordinates": [8.8362564, 36.2836203]}, "properties": {"record_id": "oai:u-bordeaux-montaigne.fr:340435", "symbol_class": "building", "pixel_x": 2614.1, "pixel_y": 3335.3, "easting": 404419.4, "northing": 331813.2, "epsg_source": 22391}}, {"type": "Feature", "geometry": {"type": "Point", "coordinates": [9.0092132, 36.2742513]}, "properties": {"record_id": "oai:u-bordeaux-montaigne.fr:340435", "symbol_class": "building", "pixel_x": 6236.5, "pixel_y": 3349.6, "easting": 419941.9, "northing": 330618.2, "epsg_source": 22391}}, {"type": "Feature", "geometry": {"type": "Point", "coordinates": [9.1080889, 36.2690084]}, "properties": {"record_id": "oai:u-bordeaux-montaigne.fr:340435", "symbol_class": "building", "pixel_x": 8307.4, "pixel_y": 3351.8, "easting": 428817.8, "northing": 329960.0, "epsg_source": 22391}}, {"type": "Feature", "geometry": {"type": "Point", "coordinates": [9.0980654, 36.268986]}, "properties": {"record_id": "oai:u-bordeaux-montaigne.fr:340435", "symbol_class": "building", "pixel_x": 8098.4, "pixel_y": 3366.2, "easting": 427917.4, "northing": 329964.9, "epsg_source": 22391}}, {"type": "Feature", "geometry": {"type": "Point", "coordinates": [9.0974232, 36.2689695]}, "properties": {"record_id": "oai:u-bordeaux-montaigne.fr:340435", "symbol_class": "building", "pixel_x": 8085.0, "pixel_y": 3367.5, "easting": 427859.7, "northing": 329963.6, "epsg_source": 22391}}, {"type": "Feature", "geometry": {"type": "Point", "coordinates": [8.9435019, 36.2764634]}, "properties": {"record_id": "oai:u-bordeaux-montaigne.fr:340435", "symbol_class": "building", "pixel_x": 4862.3, "pixel_y": 3380.2, "easting": 414042.5, "northing": 330919.5, "epsg_source": 22391}}, {"type": "Feature", "geometry": {"type": "Point", "coordinates": [8.9440855, 36.2764415]}, "properties": {"record_id": "oai:u-bordeaux-montaigne.fr:340435", "symbol_class": "building", "pixel_x": 4874.5, "pixel_y": 3380.0, "easting": 414094.9, "northing": 330916.6, "epsg_source": 22391}}, {"type": "Feature", "geometry": {"type": "Point", "coordinates": [9.0874087, 36.2689615]}, "properties": {"record_id": "oai:u-bordeaux-montaigne.fr:340435", "symbol_class": "building", "pixel_x": 7876.1, "pixel_y": 3381.5, "easting": 426960.2, "northing": 329970.1, "epsg_source": 22391}}, {"type": "Feature", "geometry": {"type": "Point", "coordinates": [9.0828212, 36.2689141]}, "properties": {"record_id": "oai:u-bordeaux-montaigne.fr:340435", "symbol_class": "building", "pixel_x": 7780.5, "pixel_y": 3389.0, "easting": 426548.1, "northing": 329968.3, "epsg_source": 22391}}, {"type": "Feature", "geometry": {"type": "Point", "coordinates": [8.9436852, 36.2760039]}, "properties": {"record_id": "oai:u-bordeaux-montaigne.fr:340435", "symbol_class": "building", "pixel_x": 4866.9, "pixel_y": 3392.0, "easting": 414058.5, "northing": 330868.4, "epsg_source": 22391}}, {"type": "Feature", "geometry": {"type": "Point", "coordinates": [9.081358, 36.2689469]}, "properties": {"record_id": "oai:u-bordeaux-montaigne.fr:340435", "symbol_class": "building", "pixel_x": 7749.9, "pixel_y": 3390.1, "easting": 426416.7, "northing": 329973.1, "epsg_source": 22391}}, {"type": "Feature", "geometry": {"type": "Point", "coordinates": [9.0803031, 36.2689188]}, "properties": {"record_id": "oai:u-bordeaux-montaigne.fr:340435", "symbol_class": "building", "pixel_x": 7728.0, "pixel_y": 3392.3, "easting": 426321.9, "northing": 329970.7, "epsg_source": 22391}}, {"type": "Feature", "geometry": {"type": "Point", "coordinates": [9.0651264, 36.2688467]}, "properties": {"record_id": "oai:u-bordeaux-montaigne.fr:340435", "symbol_class": "building", "pixel_x": 7411.5, "pixel_y": 3415.0, "easting": 424958.7, "northing": 329974.3, "epsg_source": 22391}}, {"type": "Feature", "geometry": {"type": "Point", "coordinates": [8.7586705, 36.2843349]}, "properties": {"record_id": "oai:u-bordeaux-montaigne.fr:340435", "symbol_class": "building", "pixel_x": 994.6, "pixel_y": 3418.1, "easting": 397452.9, "northing": 331971.2, "epsg_source": 22391}}, {"type": "Feature", "geometry": {"type": "Point", "coordinates": [9.0593779, 36.2688129]}, "properties": {"record_id": "oai:u-bordeaux-montaigne.fr:340435", "symbol_class": "building", "pixel_x": 7291.6, "pixel_y": 3423.7, "easting": 424442.3, "northing": 329975.0, "epsg_source": 22391}}, {"type": "Feature", "geometry": {"type": "Point", "coordinates": [9.0539338, 36.2687799]}, "properties": {"record_id": "oai:u-bordeaux-montaigne.fr:340435", "symbol_class": "building", "pixel_x": 7178.1, "pixel_y": 3432.0, "easting": 423953.3, "northing": 329975.6, "epsg_source": 22391}}, {"type": "Feature", "geometry": {"type": "Point", "coordinates": [8.982406, 36.272091]}, "properties": {"record_id": "oai:u-bordeaux-montaigne.fr:340435", "symbol_class": "building", "pixel_x": 5680.8, "pixel_y": 3442.4, "easting": 417532.0, "northing": 330401.0, "epsg_source": 22391}}, {"type": "Feature", "geometry": {"type": "Point", "coordinates": [9.0074243, 36.2703751]}, "properties": {"record_id": "oai:u-bordeaux-montaigne.fr:340435", "symbol_class": "building", "pixel_x": 6205.4, "pixel_y": 3453.5, "easting": 419777.3, "northing": 330189.8, "epsg_source": 22391}}, {"type": "Feature", "geometry": {"type": "Point", "coordinates": [9.0392963, 36.2686928]}, "properties": {"record_id": "oai:u-bordeaux-montaigne.fr:340435", "symbol_class": "building", "pixel_x": 6872.9, "pixel_y": 3454.3, "easting": 422638.4, "northing": 329977.4, "epsg_source": 22391}}, {"type": "Feature", "geometry": {"type": "Point", "coordinates": [9.0081696, 36.2694125]}, "properties": {"record_id": "oai:u-bordeaux-montaigne.fr:340435", "symbol_class": "building", "pixel_x": 6222.5, "pixel_y": 3477.7, "easting": 419843.3, "northing": 330082.4, "epsg_source": 22391}}, {"type": "Feature", "geometry": {"type": "Point", "coordinates": [8.7887242, 36.2803099]}, "properties": {"record_id": "oai:u-bordeaux-montaigne.fr:340435", "symbol_class": "building", "pixel_x": 1627.7, "pixel_y": 3484.4, "easting": 400146.7, "northing": 331493.6, "epsg_source": 22391}}, {"type": "Feature", "geometry": {"type": "Point", "coordinates": [9.0249026, 36.2676576]}, "properties": {"record_id": "oai:u-bordeaux-montaigne.fr:340435", "symbol_class": "building", "pixel_x": 6574.3, "pixel_y": 3501.0, "easting": 421344.5, "northing": 329874.1, "epsg_source": 22391}}, {"type": "Feature", "geometry": {"type": "Point", "coordinates": [8.8222264, 36.2767705]}, "properties": {"record_id": "oai:u-bordeaux-montaigne.fr:340435", "symbol_class": "building", "pixel_x": 2332.0, "pixel_y": 3533.2, "easting": 403151.0, "northing": 331067.2, "epsg_source": 22391}}, {"type": "Feature", "geometry": {"type": "Point", "coordinates": [8.9080056, 36.2711952]}, "properties": {"record_id": "oai:u-bordeaux-montaigne.fr:340435", "symbol_class": "building", "pixel_x": 4130.1, "pixel_y": 3565.7, "easting": 410848.6, "northing": 330367.1, "epsg_source": 22391}}, {"type": "Feature", "geometry": {"type": "Point", "coordinates": [9.1025544, 36.2600393]}, "properties": {"record_id": "oai:u-bordeaux-montaigne.fr:340435", "symbol_class": "building", "pixel_x": 8206.5, "pixel_y": 3594.3, "easting": 428312.5, "northing": 328969.2, "epsg_source": 22391}}, {"type": "Feature", "geometry": {"type": "Point", "coordinates": [8.8306548, 36.2736927]}, "properties": {"record_id": "oai:u-bordeaux-montaigne.fr:340435", "symbol_class": "building", "pixel_x": 2512.6, "pixel_y": 3602.7, "easting": 403904.3, "northing": 330717.5, "epsg_source": 22391}}, {"type": "Feature", "geometry": {"type": "Point", "coordinates": [9.0956509, 36.2600278]}, "properties": {"record_id": "oai:u-bordeaux-montaigne.fr:340435", "symbol_class": "building", "pixel_x": 8062.5, "pixel_y": 3604.1, "easting": 427692.3, "northing": 328973.1, "epsg_source": 22391}}, {"type": "Feature", "geometry": {"type": "Point", "coordinates": [9.1033, 36.2595642]}, "properties": {"record_id": "oai:u-bordeaux-montaigne.fr:340435", "symbol_class": "building", "pixel_x": 8222.8, "pixel_y": 3605.8, "easting": 428379.0, "northing": 328916.0, "epsg_source": 22391}}, {"type": "Feature", "geometry": {"type": "Point", "coordinates": [9.0951338, 36.2599952]}, "properties": {"record_id": "oai:u-bordeaux-montaigne.fr:340435", "symbol_class": "building", "pixel_x": 8051.8, "pixel_y": 3605.7, "easting": 427645.9, "northing": 328969.8, "epsg_source": 22391}}, {"type": "Feature", "geometry": {"type": "Point", "coordinates": [9.0035313, 36.2646688]}, "properties": {"record_id": "oai:u-bordeaux-montaigne.fr:340435", "symbol_class": "building", "pixel_x": 6133.3, "pixel_y": 3608.3, "easting": 419421.9, "northing": 329560.0, "epsg_source": 22391}}, {"type": "Feature", "geometry": {"type": "Point", "coordinates": [9.0901277, 36.2599561]}, "properties": {"record_id": "oai:u-bordeaux-montaigne.fr:340435", "symbol_class": "building", "pixel_x": 7947.4, "pixel_y": 3613.6, "easting": 427196.1, "northing": 328969.2, "epsg_source": 22391}}, {"type": "Feature", "geometry": {"type": "Point", "coordinates": [9.0844501, 36.2599506]}, "properties": {"record_id": "oai:u-bordeaux-montaigne.fr:340435", "symbol_class": "building", "pixel_x": 7829.0, "pixel_y": 3621.5, "easting": 426686.1, "northing": 328972.9, "epsg_source": 22391}}, {"type": "Feature", "geometry": {"type": "Point", "coordinates": [9.0819838, 36.2599344]}, "properties": {"record_id": "oai:u-bordeaux-montaigne.fr:340435", "symbol_class": "building", "pixel_x": 7777.5, "pixel_y": 3625.4, "easting": 426464.5, "northing": 328972.9, "epsg_source": 22391}}, {"type": "Feature", "geometry": {"type": "Point", "coordinates": [8.7539088, 36.2761546]}, "properties": {"record_id": "oai:u-bordeaux-montaigne.fr:340435", "symbol_class": "building", "pixel_x": 907.7, "pixel_y": 3638.6, "easting": 397014.7, "northing": 331068.9, "epsg_source": 22391}}, {"type": "Feature", "geometry": {"type": "Point", "coordinates": [8.9985225, 36.2637247]}, "properties": {"record_id": "oai:u-bordeaux-montaigne.fr:340435", "symbol_class": "building", "pixel_x": 6030.3, "pixel_y": 3639.8, "easting": 418971.0, "northing": 329459.5, "epsg_source": 22391}}, {"type": "Feature", "geometry": {"type": "Point", "coordinates": [8.8412742, 36.2717542]}, "properties": {"record_id": "oai:u-bordeaux-montaigne.fr:340435", "symbol_class": "building", "pixel_x": 2737.1, "pixel_y": 3639.5, "easting": 404855.7, "northing": 330492.1, "epsg_source": 22391}}, {"type": "Feature", "geometry": {"type": "Point", "coordinates": [9.0693509, 36.2598909]}, "properties": {"record_id": "oai:u-bordeaux-montaigne.fr:340435", "symbol_class": "building", "pixel_x": 7514.1, "pixel_y": 3643.8, "easting": 425329.6, "northing": 328977.7, "epsg_source": 22391}}, {"type": "Feature", "geometry": {"type": "Point", "coordinates": [9.0699499, 36.259884]}, "properties": {"record_id": "oai:u-bordeaux-montaigne.fr:340435", "symbol_class": "building", "pixel_x": 7526.6, "pixel_y": 3643.2, "easting": 425383.4, "northing": 328976.5, "epsg_source": 22391}}, {"type": "Feature", "geometry": {"type": "Point", "coordinates": [9.0676946, 36.2598891]}, "properties": {"record_id": "oai:u-bordeaux-montaigne.fr:340435", "symbol_class": "building", "pixel_x": 7479.5, "pixel_y": 3646.1, "easting": 425180.9, "northing": 328978.8, "epsg_source": 22391}}, {"type": "Feature", "geometry": {"type": "Point", "coordinates": [9.0661147, 36.2598445]}, "properties": {"record_id": "oai:u-bordeaux-montaigne.fr:340435", "symbol_class": "building", "pixel_x": 7446.6, "pixel_y": 3649.4, "easting": 425038.9, "northing": 328975.0, "epsg_source": 22391}}, {"type": "Feature", "geometry": {"type": "Point", "coordinates": [9.0468103, 36.2604455]}, "properties": {"record_id": "oai:u-bordeaux-montaigne.fr:340435", "symbol_class": "building", "pixel_x": 7042.9, "pixel_y": 3660.1, "easting": 423305.3, "northing": 329056.7, "epsg_source": 22391}}, {"type": "Feature", "geometry": {"type": "Point", "coordinates": [9.012169, 36.2622652]}, "properties": {"record_id": "oai:u-bordeaux-montaigne.fr:340435", "symbol_class": "building", "pixel_x": 6317.3, "pixel_y": 3659.5, "easting": 420195.3, "northing": 329286.3, "epsg_source": 22391}}, {"type": "Feature", "geometry": {"type": "Point", "coordinates": [9.0585012, 36.2598328]}, "properties": {"record_id": "oai:u-bordeaux-montaigne.fr:340435", "symbol_class": "building", "pixel_x": 7287.8, "pixel_y": 3660.2, "easting": 424354.9, "northing": 328979.6, "epsg_source": 22391}}, {"type": "Feature", "geometry": {"type": "Point", "coordinates": [9.057828, 36.2598015]}, "properties": {"record_id": "oai:u-bordeaux-montaigne.fr:340435", "symbol_class": "building", "pixel_x": 7273.8, "pixel_y": 3661.9, "easting": 424294.4, "northing": 328976.7, "epsg_source": 22391}}, {"type": "Feature", "geometry": {"type": "Point", "coordinates": [9.0833751, 36.2583696]}, "properties": {"record_id": "oai:u-bordeaux-montaigne.fr:340435", "symbol_class": "building", "pixel_x": 7809.1, "pixel_y": 3664.4, "easting": 426588.0, "northing": 328798.3, "epsg_source": 22391}}, {"type": "Feature", "geometry": {"type": "Point", "coordinates": [9.0522899, 36.2598096]}, "properties": {"record_id": "oai:u-bordeaux-montaigne.fr:340435", "symbol_class": "building", "pixel_x": 7158.2, "pixel_y": 3669.2, "easting": 423796.9, "northing": 328981.9, "epsg_source": 22391}}, {"type": "Feature", "geometry": {"type": "Point", "coordinates": [9.0475082, 36.2597525]}, "properties": {"record_id": "oai:u-bordeaux-montaigne.fr:340435", "symbol_class": "building", "pixel_x": 7058.6, "pixel_y": 3677.3, "easting": 423367.3, "northing": 328979.3, "epsg_source": 22391}}, {"type": "Feature", "geometry": {"type": "Point", "coordinates": [9.0444318, 36.2597531]}, "properties": {"record_id": "oai:u-bordeaux-montaigne.fr:340435", "symbol_class": "building", "pixel_x": 6994.4, "pixel_y": 3681.4, "easting": 423091.0, "northing": 328981.8, "epsg_source": 22391}}, {"type": "Feature", "geometry": {"type": "Point", "coordinates": [8.9909146, 36.2622998]}, "properties": {"record_id": "oai:u-bordeaux-montaigne.fr:340435", "symbol_class": "building", "pixel_x": 5873.8, "pixel_y": 3687.4, "easting": 418286.1, "northing": 329307.8, "epsg_source": 22391}}, {"type": "Feature", "geometry": {"type": "Point", "coordinates": [9.0429088, 36.2597278]}, "properties": {"record_id": "oai:u-bordeaux-montaigne.fr:340435", "symbol_class": "building", "pixel_x": 6962.7, "pixel_y": 3684.2, "easting": 422954.1, "northing": 328980.2, "epsg_source": 22391}}, {"type": "Feature", "geometry": {"type": "Point", "coordinates": [9.0239049, 36.2603653]}, "properties": {"record_id": "oai:u-bordeaux-montaigne.fr:340435", "symbol_class": "building", "pixel_x": 6565.2, "pixel_y": 3693.4, "easting": 421247.6, "northing": 329066.1, "epsg_source": 22391}}, {"type": "Feature", "geometry": {"type": "Point", "coordinates": [8.9912319, 36.261887]}, "properties": {"record_id": "oai:u-bordeaux-montaigne.fr:340435", "symbol_class": "building", "pixel_x": 5881.1, "pixel_y": 3697.8, "easting": 418314.2, "northing": 329261.7, "epsg_source": 22391}}, {"type": "Feature", "geometry": {"type": "Point", "coordinates": [9.0232931, 36.2602556]}, "properties": {"record_id": "oai:u-bordeaux-montaigne.fr:340435", "symbol_class": "building", "pixel_x": 6552.6, "pixel_y": 3697.1, "easting": 421192.6, "northing": 329054.4, "epsg_source": 22391}}, {"type": "Feature", "geometry": {"type": "Point", "coordinates": [8.9281819, 36.2648637]}, "properties": {"record_id": "oai:u-bordeaux-montaigne.fr:340435", "symbol_class": "building", "pixel_x": 4561.0, "pixel_y": 3704.6, "easting": 412653.8, "northing": 329646.5, "epsg_source": 22391}}, {"type": "Feature", "geometry": {"type": "Point", "coordinates": [8.8427322, 36.2691532]}, "properties": {"record_id": "oai:u-bordeaux-montaigne.fr:340435", "symbol_class": "building", "pixel_x": 2771.6, "pixel_y": 3705.8, "easting": 404983.5, "northing": 330202.2, "epsg_source": 22391}}, {"type": "Feature", "geometry": {"type": "Point", "coordinates": [8.928625, 36.2647327]}, "properties": {"record_id": "oai:u-bordeaux-montaigne.fr:340435", "symbol_class": "building", "pixel_x": 4570.4, "pixel_y": 3707.4, "easting": 412693.5, "northing": 329631.6, "epsg_source": 22391}}, {"type": "Feature", "geometry": {"type": "Point", "coordinates": [8.8172295, 36.2698457]}, "properties": {"record_id": "oai:u-bordeaux-montaigne.fr:340435", "symbol_class": "building", "pixel_x": 2238.5, "pixel_y": 3721.2, "easting": 402693.7, "northing": 330304.1, "epsg_source": 22391}}, {"type": "Feature", "geometry": {"type": "Point", "coordinates": [8.9481844, 36.2631567]}, "properties": {"record_id": "oai:u-bordeaux-montaigne.fr:340435", "symbol_class": "building", "pixel_x": 4981.0, "pixel_y": 3722.5, "easting": 414448.7, "northing": 329439.4, "epsg_source": 22391}}, {"type": "Feature", "geometry": {"type": "Point", "coordinates": [9.1064682, 36.2547664]}, "properties": {"record_id": "oai:u-bordeaux-montaigne.fr:340435", "symbol_class": "building", "pixel_x": 8296.7, "pixel_y": 3727.1, "easting": 428659.3, "northing": 328381.5, "epsg_source": 22391}}, {"type": "Feature", "geometry": {"type": "Point", "coordinates": [8.8168004, 36.2697197]}, "properties": {"record_id": "oai:u-bordeaux-montaigne.fr:340435", "symbol_class": "building", "pixel_x": 2229.7, "pixel_y": 3725.0, "easting": 402655.0, "northing": 330290.6, "epsg_source": 22391}}, {"type": "Feature", "geometry": {"type": "Point", "coordinates": [8.8021623, 36.2702873]}, "properties": {"record_id": "oai:u-bordeaux-montaigne.fr:340435", "symbol_class": "building", "pixel_x": 1923.4, "pixel_y": 3729.4, "easting": 401341.0, "northing": 330368.3, "epsg_source": 22391}}, {"type": "Feature", "geometry": {"type": "Point", "coordinates": [8.9410561, 36.2628192]}, "properties": {"record_id": "oai:u-bordeaux-montaigne.fr:340435", "symbol_class": "building", "pixel_x": 4832.8, "pixel_y": 3740.9, "easting": 413808.0, "northing": 329408.3, "epsg_source": 22391}}, {"type": "Feature", "geometry": {"type": "Point", "coordinates": [8.814648, 36.2689686]}, "properties": {"record_id": "oai:u-bordeaux-montaigne.fr:340435", "symbol_class": "building", "pixel_x": 2186.0, "pixel_y": 3747.5, "easting": 402460.8, "northing": 330209.4, "epsg_source": 22391}}, {"type": "Feature", "geometry": {"type": "Point", "coordinates": [8.8142464, 36.2687198]}, "properties": {"record_id": "oai:u-bordeaux-montaigne.fr:340435", "symbol_class": "building", "pixel_x": 2178.0, "pixel_y": 3754.6, "easting": 402424.4, "northing": 330182.2, "epsg_source": 22391}}, {"type": "Feature", "geometry": {"type": "Point", "coordinates": [8.8016191, 36.2673739]}, "properties": {"record_id": "oai:u-bordeaux-montaigne.fr:340435", "symbol_class": "building", "pixel_x": 1916.6, "pixel_y": 3806.4, "easting": 401288.6, "northing": 330045.7, "epsg_source": 22391}}, {"type": "Feature", "geometry": {"type": "Point", "coordinates": [8.9062929, 36.2618872]}, "properties": {"record_id": "oai:u-bordeaux-montaigne.fr:340435", "symbol_class": "building", "pixel_x": 4109.0, "pixel_y": 3811.8, "easting": 410684.3, "northing": 329336.2, "epsg_source": 22391}}, {"type": "Feature", "geometry": {"type": "Point", "coordinates": [8.9101469, 36.2612652]}, "properties": {"record_id": "oai:u-bordeaux-montaigne.fr:340435", "symbol_class": "building", "pixel_x": 4190.4, "pixel_y": 3822.9, "easting": 411029.8, "northing": 329263.7, "epsg_source": 22391}}, {"type": "Feature", "geometry": {"type": "Point", "coordinates": [9.0899516, 36.2515583]}, "properties": {"record_id": "oai:u-bordeaux-montaigne.fr:340435", "symbol_class": "building", "pixel_x": 7957.3, "pixel_y": 3833.8, "easting": 427172.6, "northing": 328037.9, "epsg_source": 22391}}, {"type": "Feature", "geometry": {"type": "Point", "coordinates": [9.0937983, 36.2509045]}, "properties": {"record_id": "oai:u-bordeaux-montaigne.fr:340435", "symbol_class": "building", "pixel_x": 8038.6, "pixel_y": 3845.7, "easting": 427517.5, "northing": 327962.5, "epsg_source": 22391}}, {"type": "Feature", "geometry": {"type": "Point", "coordinates": [9.0930725, 36.250872]}, "properties": {"record_id": "oai:u-bordeaux-montaigne.fr:340435", "symbol_class": "building", "pixel_x": 8023.5, "pixel_y": 3847.5, "easting": 427452.3, "northing": 327959.4, "epsg_source": 22391}}, {"type": "Feature", "geometry": {"type": "Point", "coordinates": [9.0901306, 36.2508681]}, "properties": {"record_id": "oai:u-bordeaux-montaigne.fr:340435", "symbol_class": "building", "pixel_x": 7962.1, "pixel_y": 3851.6, "easting": 427188.0, "northing": 327961.2, "epsg_source": 22391}}, {"type": "Feature", "geometry": {"type": "Point", "coordinates": [9.088637, 36.2508564]}, "properties": {"record_id": "oai:u-bordeaux-montaigne.fr:340435", "symbol_class": "building", "pixel_x": 7931.0, "pixel_y": 3854.0, "easting": 427053.8, "northing": 327961.0, "epsg_source": 22391}}, {"type": "Feature", "geometry": {"type": "Point", "coordinates": [9.0893894, 36.2508348]}, "properties": {"record_id": "oai:u-bordeaux-montaigne.fr:340435", "symbol_class": "building", "pixel_x": 7946.7, "pixel_y": 3853.5, "easting": 427121.4, "northing": 327958.0, "epsg_source": 22391}}, {"type": "Feature", "geometry": {"type": "Point", "coordinates": [8.7540348, 36.2676184]}, "properties": {"record_id": "oai:u-bordeaux-montaigne.fr:340435", "symbol_class": "building", "pixel_x": 923.4, "pixel_y": 3862.1, "easting": 397014.8, "northing": 330122.0, "epsg_source": 22391}}, {"type": "Feature", "geometry": {"type": "Point", "coordinates": [9.0837611, 36.2508489]}, "properties": {"record_id": "oai:u-bordeaux-montaigne.fr:340435", "symbol_class": "building", "pixel_x": 7829.3, "pixel_y": 3860.9, "easting": 426615.7, "northing": 327963.8, "epsg_source": 22391}}, {"type": "Feature", "geometry": {"type": "Point", "coordinates": [9.0846096, 36.2508384]}, "properties": {"record_id": "oai:u-bordeaux-montaigne.fr:340435", "symbol_class": "building", "pixel_x": 7847.0, "pixel_y": 3860.0, "easting": 426692.0, "northing": 327962.0, "epsg_source": 22391}}, {"type": "Feature", "geometry": {"type": "Point", "coordinates": [9.0829977, 36.2508524]}, "properties": {"record_id": "oai:u-bordeaux-montaigne.fr:340435", "symbol_class": "building", "pixel_x": 7813.3, "pixel_y": 3861.8, "easting": 426547.2, "northing": 327964.8, "epsg_source": 22391}}, {"type": "Feature", "geometry": {"type": "Point", "coordinates": [9.082593, 36.2508321]}, "properties": {"record_id": "oai:u-bordeaux-montaigne.fr:340435", "symbol_class": "building", "pixel_x": 7804.9, "pixel_y": 3862.9, "easting": 426510.8, "northing": 327962.8, "epsg_source": 22391}}, {"type": "Feature", "geometry": {"type": "Point", "coordinates": [9.0775533, 36.2508316]}, "properties": {"record_id": "oai:u-bordeaux-montaigne.fr:340435", "symbol_class": "building", "pixel_x": 7699.8, "pixel_y": 3869.9, "easting": 426058.0, "northing": 327966.6, "epsg_source": 22391}}, {"type": "Feature", "geometry": {"type": "Point", "coordinates": [9.0738713, 36.2508072]}, "properties": {"record_id": "oai:u-bordeaux-montaigne.fr:340435", "symbol_class": "building", "pixel_x": 7623.0, "pixel_y": 3875.5, "easting": 425727.2, "northing": 327966.7, "epsg_source": 22391}}, {"type": "Feature", "geometry": {"type": "Point", "coordinates": [8.9690277, 36.2555302]}, "properties": {"record_id": "oai:u-bordeaux-montaigne.fr:340435", "symbol_class": "building", "pixel_x": 5427.9, "pixel_y": 3894.2, "easting": 416312.9, "northing": 328575.4, "epsg_source": 22391}}, {"type": "Feature", "geometry": {"type": "Point", "coordinates": [9.0647137, 36.2507652]}, "properties": {"record_id": "oai:u-bordeaux-montaigne.fr:340435", "symbol_class": "building", "pixel_x": 7432.0, "pixel_y": 3889.2, "easting": 424904.4, "northing": 327969.0, "epsg_source": 22391}}, {"type": "Feature", "geometry": {"type": "Point", "coordinates": [9.0624942, 36.2507337]}, "properties": {"record_id": "oai:u-bordeaux-montaigne.fr:340435", "symbol_class": "building", "pixel_x": 7385.7, "pixel_y": 3893.0, "easting": 424705.0, "northing": 327967.2, "epsg_source": 22391}}, {"type": "Feature", "geometry": {"type": "Point", "coordinates": [8.9126662, 36.2578284]}, "properties": {"record_id": "oai:u-bordeaux-montaigne.fr:340435", "symbol_class": "building", "pixel_x": 4248.3, "pixel_y": 3909.6, "easting": 411252.2, "northing": 328880.2, "epsg_source": 22391}}, {"type": "Feature", "geometry": {"type": "Point", "coordinates": [8.7540438, 36.2655994]}, "properties": {"record_id": "oai:u-bordeaux-montaigne.fr:340435", "symbol_class": "building", "pixel_x": 926.7, "pixel_y": 3915.0, "easting": 397013.0, "northing": 329898.0, "epsg_source": 22391}}, {"type": "Feature", "geometry": {"type": "Point", "coordinates": [8.9697988, 36.25463]}, "properties": {"record_id": "oai:u-bordeaux-montaigne.fr:340435", "symbol_class": "building", "pixel_x": 5445.4, "pixel_y": 3916.8, "easting": 416381.2, "northing": 328474.9, "epsg_source": 22391}}, {"type": "Feature", "geometry": {"type": "Point", "coordinates": [9.0145048, 36.2523295]}, "properties": {"record_id": "oai:u-bordeaux-montaigne.fr:340435", "symbol_class": "building", "pixel_x": 6381.9, "pixel_y": 3916.6, "easting": 420395.1, "northing": 328182.4, "epsg_source": 22391}}, {"type": "Feature", "geometry": {"type": "Point", "coordinates": [9.048818, 36.2506656]}, "properties": {"record_id": "oai:u-bordeaux-montaigne.fr:340435", "symbol_class": "building", "pixel_x": 7100.5, "pixel_y": 3913.5, "easting": 423476.2, "northing": 327970.3, "epsg_source": 22391}}, {"type": "Feature", "geometry": {"type": "Point", "coordinates": [8.9078315, 36.2576268]}, "properties": {"record_id": "oai:u-bordeaux-montaigne.fr:340435", "symbol_class": "building", "pixel_x": 4147.8, "pixel_y": 3921.3, "easting": 410817.7, "northing": 328862.2, "epsg_source": 22391}}, {"type": "Feature", "geometry": {"type": "Point", "coordinates": [8.9041606, 36.257654]}, "properties": {"record_id": "oai:u-bordeaux-montaigne.fr:340435", "symbol_class": "building", "pixel_x": 4071.1, "pixel_y": 3925.5, "easting": 410487.9, "northing": 328868.6, "epsg_source": 22391}}, {"type": "Feature", "geometry": {"type": "Point", "coordinates": [8.9635233, 36.2545917]}, "properties": {"record_id": "oai:u-bordeaux-montaigne.fr:340435", "symbol_class": "building", "pixel_x": 5314.6, "pixel_y": 3926.2, "easting": 415817.4, "northing": 328476.1, "epsg_source": 22391}}, {"type": "Feature", "geometry": {"type": "Point", "coordinates": [8.9049041, 36.257437]}, "properties": {"record_id": "oai:u-bordeaux-montaigne.fr:340435", "symbol_class": "building", "pixel_x": 4087.0, "pixel_y": 3930.2, "easting": 410554.5, "northing": 328843.8, "epsg_source": 22391}}, {"type": "Feature", "geometry": {"type": "Point", "coordinates": [8.9075241, 36.2572241]}, "properties": {"record_id": "oai:u-bordeaux-montaigne.fr:340435", "symbol_class": "building", "pixel_x": 4142.0, "pixel_y": 3932.3, "easting": 410789.6, "northing": 328817.8, "epsg_source": 22391}}, {"type": "Feature", "geometry": {"type": "Point", "coordinates": [8.9081041, 36.2570267]}, "properties": {"record_id": "oai:u-bordeaux-montaigne.fr:340435", "symbol_class": "building", "pixel_x": 4154.4, "pixel_y": 3936.7, "easting": 410841.5, "northing": 328795.4, "epsg_source": 22391}}, {"type": "Feature", "geometry": {"type": "Point", "coordinates": [8.9039656, 36.2571644]}, "properties": {"record_id": "oai:u-bordeaux-montaigne.fr:340435", "symbol_class": "building", "pixel_x": 4067.8, "pixel_y": 3938.6, "easting": 410469.9, "northing": 328814.5, "epsg_source": 22391}}, {"type": "Feature", "geometry": {"type": "Point", "coordinates": [8.9033824, 36.2571227]}, "properties": {"record_id": "oai:u-bordeaux-montaigne.fr:340435", "symbol_class": "building", "pixel_x": 4055.7, "pixel_y": 3940.5, "easting": 410417.4, "northing": 328810.4, "epsg_source": 22391}}, {"type": "Feature", "geometry": {"type": "Point", "coordinates": [8.9045622, 36.2569264]}, "properties": {"record_id": "oai:u-bordeaux-montaigne.fr:340435", "symbol_class": "building", "pixel_x": 4080.7, "pixel_y": 3944.1, "easting": 410523.2, "northing": 328787.5, "epsg_source": 22391}}, {"type": "Feature", "geometry": {"type": "Point", "coordinates": [8.962047, 36.2540876]}, "properties": {"record_id": "oai:u-bordeaux-montaigne.fr:340435", "symbol_class": "building", "pixel_x": 5284.6, "pixel_y": 3941.4, "easting": 415684.2, "northing": 328421.4, "epsg_source": 22391}}, {"type": "Feature", "geometry": {"type": "Point", "coordinates": [8.9016155, 36.2569066]}, "properties": {"record_id": "oai:u-bordeaux-montaigne.fr:340435", "symbol_class": "building", "pixel_x": 4019.2, "pixel_y": 3948.5, "easting": 410258.4, "northing": 328788.0, "epsg_source": 22391}}, {"type": "Feature", "geometry": {"type": "Point", "coordinates": [8.89483, 36.2572167]}, "properties": {"record_id": "oai:u-bordeaux-montaigne.fr:340435", "symbol_class": "building", "pixel_x": 3877.1, "pixel_y": 3949.4, "easting": 409649.2, "northing": 328828.7, "epsg_source": 22391}}, {"type": "Feature", "geometry": {"type": "Point", "coordinates": [8.9193779, 36.2559614]}, "properties": {"record_id": "oai:u-bordeaux-montaigne.fr:340435", "symbol_class": "building", "pixel_x": 4391.3, "pixel_y": 3949.6, "easting": 411853.0, "northing": 328667.0, "epsg_source": 22391}}, {"type": "Feature", "geometry": {"type": "Point", "coordinates": [8.9188493, 36.255696]}, "properties": {"record_id": "oai:u-bordeaux-montaigne.fr:340435", "symbol_class": "building", "pixel_x": 4380.7, "pixel_y": 3957.2, "easting": 411805.3, "northing": 328638.0, "epsg_source": 22391}}, {"type": "Feature", "geometry": {"type": "Point", "coordinates": [8.8944811, 36.256941]}, "properties": {"record_id": "oai:u-bordeaux-montaigne.fr:340435", "symbol_class": "building", "pixel_x": 3870.3, "pixel_y": 3957.1, "easting": 409617.6, "northing": 328798.4, "epsg_source": 22391}}, {"type": "Feature", "geometry": {"type": "Point", "coordinates": [8.919824, 36.2554121]}, "properties": {"record_id": "oai:u-bordeaux-montaigne.fr:340435", "symbol_class": "building", "pixel_x": 4401.5, "pixel_y": 3963.4, "easting": 411892.5, "northing": 328605.7, "epsg_source": 22391}}, {"type": "Feature", "geometry": {"type": "Point", "coordinates": [8.9193502, 36.2554744]}, "properties": {"record_id": "oai:u-bordeaux-montaigne.fr:340435", "symbol_class": "building", "pixel_x": 4391.5, "pixel_y": 3962.4, "easting": 411850.0, "northing": 328613.0, "epsg_source": 22391}}, {"type": "Feature", "geometry": {"type": "Point", "coordinates": [8.9204345, 36.2552912]}, "properties": {"record_id": "oai:u-bordeaux-montaigne.fr:340435", "symbol_class": "building", "pixel_x": 4414.4, "pixel_y": 3965.7, "easting": 411947.2, "northing": 328591.7, "epsg_source": 22391}}, {"type": "Feature", "geometry": {"type": "Point", "coordinates": [9.0044062, 36.2508991]}, "properties": {"record_id": "oai:u-bordeaux-montaigne.fr:340435", "symbol_class": "building", "pixel_x": 6173.5, "pixel_y": 3967.8, "easting": 419486.4, "northing": 328032.0, "epsg_source": 22391}}, {"type": "Feature", "geometry": {"type": "Point", "coordinates": [8.9185109, 36.2550328]}, "properties": {"record_id": "oai:u-bordeaux-montaigne.fr:340435", "symbol_class": "building", "pixel_x": 4374.7, "pixel_y": 3975.0, "easting": 411774.1, "northing": 328564.8, "epsg_source": 22391}}, {"type": "Feature", "geometry": {"type": "Point", "coordinates": [9.0810885, 36.2464111]}, "properties": {"record_id": "oai:u-bordeaux-montaigne.fr:340435", "symbol_class": "building", "pixel_x": 7780.7, "pixel_y": 3980.8, "easting": 426371.5, "northing": 327473.6, "epsg_source": 22391}}, {"type": "Feature", "geometry": {"type": "Point", "coordinates": [8.9197172, 36.2543681]}, "properties": {"record_id": "oai:u-bordeaux-montaigne.fr:340435", "symbol_class": "building", "pixel_x": 4400.9, "pixel_y": 3990.8, "easting": 411881.8, "northing": 328490.0, "epsg_source": 22391}}, {"type": "Feature", "geometry": {"type": "Point", "coordinates": [8.9041696, 36.2551758]}, "properties": {"record_id": "oai:u-bordeaux-montaigne.fr:340435", "symbol_class": "building", "pixel_x": 4075.2, "pixel_y": 3990.4, "easting": 410485.9, "northing": 328593.7, "epsg_source": 22391}}, {"type": "Feature", "geometry": {"type": "Point", "coordinates": [8.91173, 36.2542442]}, "properties": {"record_id": "oai:u-bordeaux-montaigne.fr:340435", "symbol_class": "building", "pixel_x": 4234.4, "pixel_y": 4004.8, "easting": 411164.1, "northing": 328483.5, "epsg_source": 22391}}, {"type": "Feature", "geometry": {"type": "Point", "coordinates": [8.8212999, 36.2585256]}, "properties": {"record_id": "oai:u-bordeaux-montaigne.fr:340435", "symbol_class": "building", "pixel_x": 2340.9, "pixel_y": 4012.4, "easting": 403045.4, "northing": 329044.5, "epsg_source": 22391}}, {"type": "Feature", "geometry": {"type": "Point", "coordinates": [8.9157139, 36.2533819]}, "properties": {"record_id": "oai:u-bordeaux-montaigne.fr:340435", "symbol_class": "building", "pixel_x": 4318.9, "pixel_y": 4022.0, "easting": 411521.0, "northing": 328384.2, "epsg_source": 22391}}, {"type": "Feature", "geometry": {"type": "Point", "coordinates": [8.8776301, 36.2552906]}, "properties": {"record_id": "oai:u-bordeaux-montaigne.fr:340435", "symbol_class": "building", "pixel_x": 3521.3, "pixel_y": 4022.7, "easting": 408101.9, "northing": 328631.1, "epsg_source": 22391}}, {"type": "Feature", "geometry": {"type": "Point", "coordinates": [8.8113468, 36.2584933]}, "properties": {"record_id": "oai:u-bordeaux-montaigne.fr:340435", "symbol_class": "building", "pixel_x": 2133.2, "pixel_y": 4026.3, "easting": 402151.3, "northing": 329050.8, "epsg_source": 22391}}, {"type": "Feature", "geometry": {"type": "Point", "coordinates": [8.9160406, 36.253178]}, "properties": {"record_id": "oai:u-bordeaux-montaigne.fr:340435", "symbol_class": "building", "pixel_x": 4326.1, "pixel_y": 4026.9, "easting": 411550.1, "northing": 328361.3, "epsg_source": 22391}}, {"type": "Feature", "geometry": {"type": "Point", "coordinates": [8.8769167, 36.2550892]}, "properties": {"record_id": "oai:u-bordeaux-montaigne.fr:340435", "symbol_class": "building", "pixel_x": 3506.7, "pixel_y": 4028.9, "easting": 408037.6, "northing": 328609.5, "epsg_source": 22391}}, {"type": "Feature", "geometry": {"type": "Point", "coordinates": [8.990169, 36.248429]}, "properties": {"record_id": "oai:u-bordeaux-montaigne.fr:340435", "symbol_class": "building", "pixel_x": 5880.3, "pixel_y": 4051.7, "easting": 418204.8, "northing": 327769.8, "epsg_source": 22391}}, {"type": "Feature", "geometry": {"type": "Point", "coordinates": [9.0886018, 36.2432933]}, "properties": {"record_id": "oai:u-bordeaux-montaigne.fr:340435", "symbol_class": "building", "pixel_x": 7942.5, "pixel_y": 4052.1, "easting": 427043.7, "northing": 327122.1, "epsg_source": 22391}}, {"type": "Feature", "geometry": {"type": "Point", "coordinates": [8.8056014, 36.2576223]}, "properties": {"record_id": "oai:u-bordeaux-montaigne.fr:340435", "symbol_class": "building", "pixel_x": 2014.7, "pixel_y": 4056.7, "easting": 401634.1, "northing": 328960.0, "epsg_source": 22391}}, {"type": "Feature", "geometry": {"type": "Point", "coordinates": [9.0835232, 36.2432738]}, "properties": {"record_id": "oai:u-bordeaux-montaigne.fr:340435", "symbol_class": "building", "pixel_x": 7836.5, "pixel_y": 4059.6, "easting": 426587.3, "northing": 327123.8, "epsg_source": 22391}}, {"type": "Feature", "geometry": {"type": "Point", "coordinates": [8.9037709, 36.2525156]}, "properties": {"record_id": "oai:u-bordeaux-montaigne.fr:340435", "symbol_class": "building", "pixel_x": 4071.1, "pixel_y": 4060.7, "easting": 410447.1, "northing": 328299.0, "epsg_source": 22391}}, {"type": "Feature", "geometry": {"type": "Point", "coordinates": [8.8008228, 36.257674]}, "properties": {"record_id": "oai:u-bordeaux-montaigne.fr:340435", "symbol_class": "building", "pixel_x": 1914.9, "pixel_y": 4061.6, "easting": 401204.9, "northing": 328970.6, "epsg_source": 22391}}, {"type": "Feature", "geometry": {"type": "Point", "coordinates": [8.9201304, 36.2515544]}, "properties": {"record_id": "oai:u-bordeaux-montaigne.fr:340435", "symbol_class": "building", "pixel_x": 4413.9, "pixel_y": 4064.0, "easting": 411915.7, "northing": 328177.5, "epsg_source": 22391}}, {"type": "Feature", "geometry": {"type": "Point", "coordinates": [8.9169578, 36.2516093]}, "properties": {"record_id": "oai:u-bordeaux-montaigne.fr:340435", "symbol_class": "building", "pixel_x": 4347.7, "pixel_y": 4066.8, "easting": 411630.8, "northing": 328186.5, "epsg_source": 22391}}, {"type": "Feature", "geometry": {"type": "Point", "coordinates": [9.1036904, 36.2418578]}, "properties": {"record_id": "oai:u-bordeaux-montaigne.fr:340435", "symbol_class": "building", "pixel_x": 8259.7, "pixel_y": 4069.0, "easting": 428398.1, "northing": 326951.7, "epsg_source": 22391}}, {"type": "Feature", "geometry": {"type": "Point", "coordinates": [9.104198, 36.2418339]}, "properties": {"record_id": "oai:u-bordeaux-montaigne.fr:340435", "symbol_class": "building", "pixel_x": 8270.3, "pixel_y": 4068.9, "easting": 428443.7, "northing": 326948.7, "epsg_source": 22391}}, {"type": "Feature", "geometry": {"type": "Point", "coordinates": [8.903953, 36.2521133]}, "properties": {"record_id": "oai:u-bordeaux-montaigne.fr:340435", "symbol_class": "building", "pixel_x": 4075.5, "pixel_y": 4070.9, "easting": 410463.0, "northing": 328254.2, "epsg_source": 22391}}, {"type": "Feature", "geometry": {"type": "Point", "coordinates": [9.0970549, 36.2418598]}, "properties": {"record_id": "oai:u-bordeaux-montaigne.fr:340435", "symbol_class": "building", "pixel_x": 8121.2, "pixel_y": 4078.1, "easting": 427801.9, "northing": 326956.8, "epsg_source": 22391}}, {"type": "Feature", "geometry": {"type": "Point", "coordinates": [8.9105815, 36.251339]}, "properties": {"record_id": "oai:u-bordeaux-montaigne.fr:340435", "symbol_class": "building", "pixel_x": 4215.0, "pixel_y": 4082.4, "easting": 411057.6, "northing": 328162.3, "epsg_source": 22391}}, {"type": "Feature", "geometry": {"type": "Point", "coordinates": [9.0105043, 36.2461644]}, "properties": {"record_id": "oai:u-bordeaux-montaigne.fr:340435", "symbol_class": "building", "pixel_x": 6308.3, "pixel_y": 4083.5, "easting": 420029.5, "northing": 327501.8, "epsg_source": 22391}}, {"type": "Feature", "geometry": {"type": "Point", "coordinates": [9.0940562, 36.2418307]}, "properties": {"record_id": "oai:u-bordeaux-montaigne.fr:340435", "symbol_class": "building", "pixel_x": 8058.7, "pixel_y": 4083.0, "easting": 427532.4, "northing": 326955.8, "epsg_source": 22391}}, {"type": "Feature", "geometry": {"type": "Point", "coordinates": [8.8009798, 36.2566501]}, "properties": {"record_id": "oai:u-bordeaux-montaigne.fr:340435", "symbol_class": "building", "pixel_x": 1919.8, "pixel_y": 4088.2, "easting": 401217.7, "northing": 328856.9, "epsg_source": 22391}}, {"type": "Feature", "geometry": {"type": "Point", "coordinates": [8.9552636, 36.2488675]}, "properties": {"record_id": "oai:u-bordeaux-montaigne.fr:340435", "symbol_class": "building", "pixel_x": 5151.3, "pixel_y": 4087.3, "easting": 415069.2, "northing": 327848.3, "epsg_source": 22391}}, {"type": "Feature", "geometry": {"type": "Point", "coordinates": [8.8073928, 36.2562749]}, "properties": {"record_id": "oai:u-bordeaux-montaigne.fr:340435", "symbol_class": "building", "pixel_x": 2054.2, "pixel_y": 4089.6, "easting": 401793.4, "northing": 328808.8, "epsg_source": 22391}}, {"type": "Feature", "geometry": {"type": "Point", "coordinates": [8.8961297, 36.2518501]}, "properties": {"record_id": "oai:u-bordeaux-montaigne.fr:340435", "symbol_class": "building", "pixel_x": 3912.7, "pixel_y": 4088.3, "easting": 409759.9, "northing": 328232.2, "epsg_source": 22391}}, {"type": "Feature", "geometry": {"type": "Point", "coordinates": [9.0894881, 36.2417751]}, "properties": {"record_id": "oai:u-bordeaux-montaigne.fr:340435", "symbol_class": "building", "pixel_x": 7963.4, "pixel_y": 4090.7, "easting": 427121.9, "northing": 326953.1, "epsg_source": 22391}}, {"type": "Feature", "geometry": {"type": "Point", "coordinates": [9.0875236, 36.2418526]}, "properties": {"record_id": "oai:u-bordeaux-montaigne.fr:340435", "symbol_class": "building", "pixel_x": 7922.3, "pixel_y": 4091.4, "easting": 426945.4, "northing": 326963.1, "epsg_source": 22391}}, {"type": "Feature", "geometry": {"type": "Point", "coordinates": [9.0887003, 36.2417984]}, "properties": {"record_id": "oai:u-bordeaux-montaigne.fr:340435", "symbol_class": "building", "pixel_x": 7947.0, "pixel_y": 4091.2, "easting": 427051.1, "northing": 326956.2, "epsg_source": 22391}}, {"type": "Feature", "geometry": {"type": "Point", "coordinates": [9.0863772, 36.2418106]}, "properties": {"record_id": "oai:u-bordeaux-montaigne.fr:340435", "symbol_class": "building", "pixel_x": 7898.5, "pixel_y": 4094.0, "easting": 426842.4, "northing": 326959.3, "epsg_source": 22391}}, {"type": "Feature", "geometry": {"type": "Point", "coordinates": [9.0843841, 36.2417912]}, "properties": {"record_id": "oai:u-bordeaux-montaigne.fr:340435", "symbol_class": "building", "pixel_x": 7856.9, "pixel_y": 4097.3, "easting": 426663.3, "northing": 326958.7, "epsg_source": 22391}}, {"type": "Feature", "geometry": {"type": "Point", "coordinates": [8.895756, 36.251383]}, "properties": {"record_id": "oai:u-bordeaux-montaigne.fr:340435", "symbol_class": "building", "pixel_x": 3905.6, "pixel_y": 4101.0, "easting": 409725.8, "northing": 328180.8, "epsg_source": 22391}}, {"type": "Feature", "geometry": {"type": "Point", "coordinates": [8.8075065, 36.2557964]}, "properties": {"record_id": "oai:u-bordeaux-montaigne.fr:340435", "symbol_class": "building", "pixel_x": 2057.3, "pixel_y": 4102.0, "easting": 401803.0, "northing": 328755.6, "epsg_source": 22391}}, {"type": "Feature", "geometry": {"type": "Point", "coordinates": [9.0758939, 36.2417638]}, "properties": {"record_id": "oai:u-bordeaux-montaigne.fr:340435", "symbol_class": "building", "pixel_x": 7679.8, "pixel_y": 4109.6, "easting": 425900.4, "northing": 326962.0, "epsg_source": 22391}}, {"type": "Feature", "geometry": {"type": "Point", "coordinates": [8.8934765, 36.2510336]}, "properties": {"record_id": "oai:u-bordeaux-montaigne.fr:340435", "symbol_class": "building", "pixel_x": 3858.6, "pixel_y": 4113.2, "easting": 409520.6, "northing": 328144.1, "epsg_source": 22391}}, {"type": "Feature", "geometry": {"type": "Point", "coordinates": [9.07381, 36.2417496]}, "properties": {"record_id": "oai:u-bordeaux-montaigne.fr:340435", "symbol_class": "building", "pixel_x": 7636.3, "pixel_y": 4112.9, "easting": 425713.2, "northing": 326962.1, "epsg_source": 22391}}, {"type": "Feature", "geometry": {"type": "Point", "coordinates": [9.0678433, 36.2417511]}, "properties": {"record_id": "oai:u-bordeaux-montaigne.fr:340435", "symbol_class": "building", "pixel_x": 7511.8, "pixel_y": 4121.0, "easting": 425177.0, "northing": 326966.8, "epsg_source": 22391}}, {"type": "Feature", "geometry": {"type": "Point", "coordinates": [8.7789107, 36.2563631]}, "properties": {"record_id": "oai:u-bordeaux-montaigne.fr:340435", "symbol_class": "building", "pixel_x": 1459.7, "pixel_y": 4124.6, "easting": 399234.8, "northing": 328847.6, "epsg_source": 22391}}, {"type": "Feature", "geometry": {"type": "Point", "coordinates": [8.7792856, 36.2563331]}, "properties": {"record_id": "oai:u-bordeaux-montaigne.fr:340435", "symbol_class": "building", "pixel_x": 1467.6, "pixel_y": 4124.9, "easting": 399268.5, "northing": 328843.9, "epsg_source": 22391}}, {"type": "Feature", "geometry": {"type": "Point", "coordinates": [9.0647244, 36.2417232]}, "properties": {"record_id": "oai:u-bordeaux-montaigne.fr:340435", "symbol_class": "building", "pixel_x": 7446.8, "pixel_y": 4126.0, "easting": 424896.8, "northing": 326966.1, "epsg_source": 22391}}, {"type": "Feature", "geometry": {"type": "Point", "coordinates": [9.0592799, 36.2417177]}, "properties": {"record_id": "oai:u-bordeaux-montaigne.fr:340435", "symbol_class": "building", "pixel_x": 7333.2, "pixel_y": 4133.6, "easting": 424407.6, "northing": 326969.7, "epsg_source": 22391}}, {"type": "Feature", "geometry": {"type": "Point", "coordinates": [9.0555224, 36.2416955]}, "properties": {"record_id": "oai:u-bordeaux-montaigne.fr:340435", "symbol_class": "building", "pixel_x": 7254.8, "pixel_y": 4139.3, "easting": 424069.9, "northing": 326970.1, "epsg_source": 22391}}, {"type": "Feature", "geometry": {"type": "Point", "coordinates": [8.8703847, 36.2508567]}, "properties": {"record_id": "oai:u-bordeaux-montaigne.fr:340435", "symbol_class": "building", "pixel_x": 3377.0, "pixel_y": 4148.5, "easting": 407445.8, "northing": 328146.2, "epsg_source": 22391}}, {"type": "Feature", "geometry": {"type": "Point", "coordinates": [9.0503339, 36.2416513]}, "properties": {"record_id": "oai:u-bordeaux-montaigne.fr:340435", "symbol_class": "building", "pixel_x": 7146.6, "pixel_y": 4147.5, "easting": 423603.7, "northing": 326969.3, "epsg_source": 22391}}, {"type": "Feature", "geometry": {"type": "Point", "coordinates": [9.0488407, 36.2416627]}, "properties": {"record_id": "oai:u-bordeaux-montaigne.fr:340435", "symbol_class": "building", "pixel_x": 7115.4, "pixel_y": 4149.3, "easting": 423469.5, "northing": 326971.7, "epsg_source": 22391}}, {"type": "Feature", "geometry": {"type": "Point", "coordinates": [9.0476588, 36.2416716]}, "properties": {"record_id": "oai:u-bordeaux-montaigne.fr:340435", "symbol_class": "building", "pixel_x": 7090.8, "pixel_y": 4150.7, "easting": 423363.3, "northing": 326973.6, "epsg_source": 22391}}, {"type": "Feature", "geometry": {"type": "Point", "coordinates": [8.9013327, 36.2484148]}, "properties": {"record_id": "oai:u-bordeaux-montaigne.fr:340435", "symbol_class": "building", "pixel_x": 4026.6, "pixel_y": 4171.3, "easting": 410223.4, "northing": 327846.4, "epsg_source": 22391}}, {"type": "Feature", "geometry": {"type": "Point", "coordinates": [8.7945501, 36.2537099]}, "properties": {"record_id": "oai:u-bordeaux-montaigne.fr:340435", "symbol_class": "building", "pixel_x": 1790.1, "pixel_y": 4173.6, "easting": 400636.4, "northing": 328537.3, "epsg_source": 22391}}, {"type": "Feature", "geometry": {"type": "Point", "coordinates": [8.7949805, 36.2536612]}, "properties": {"record_id": "oai:u-bordeaux-montaigne.fr:340435", "symbol_class": "building", "pixel_x": 1799.2, "pixel_y": 4174.4, "easting": 400675.0, "northing": 328531.4, "epsg_source": 22391}}, {"type": "Feature", "geometry": {"type": "Point", "coordinates": [9.0054882, 36.242772]}, "properties": {"record_id": "oai:u-bordeaux-montaigne.fr:340435", "symbol_class": "building", "pixel_x": 6209.0, "pixel_y": 4179.2, "easting": 419575.4, "northing": 327129.6, "epsg_source": 22391}}, {"type": "Feature", "geometry": {"type": "Point", "coordinates": [9.0307699, 36.2415611]}, "properties": {"record_id": "oai:u-bordeaux-montaigne.fr:340435", "symbol_class": "building", "pixel_x": 6738.5, "pixel_y": 4176.6, "easting": 421845.7, "northing": 326974.8, "epsg_source": 22391}}, {"type": "Feature", "geometry": {"type": "Point", "coordinates": [9.0251668, 36.2415048]}, "properties": {"record_id": "oai:u-bordeaux-montaigne.fr:340435", "symbol_class": "building", "pixel_x": 6621.7, "pixel_y": 4185.7, "easting": 421342.2, "northing": 326973.0, "epsg_source": 22391}}, {"type": "Feature", "geometry": {"type": "Point", "coordinates": [9.0752332, 36.2384079]}, "properties": {"record_id": "oai:u-bordeaux-montaigne.fr:340435", "symbol_class": "building", "pixel_x": 7671.4, "pixel_y": 4198.4, "easting": 425837.9, "northing": 326590.3, "epsg_source": 22391}}, {"type": "Feature", "geometry": {"type": "Point", "coordinates": [9.0197553, 36.2414766]}, "properties": {"record_id": "oai:u-bordeaux-montaigne.fr:340435", "symbol_class": "building", "pixel_x": 6508.8, "pixel_y": 4193.8, "easting": 420856.0, "northing": 326974.3, "epsg_source": 22391}}, {"type": "Feature", "geometry": {"type": "Point", "coordinates": [9.0056886, 36.2420316]}, "properties": {"record_id": "oai:u-bordeaux-montaigne.fr:340435", "symbol_class": "building", "pixel_x": 6214.4, "pixel_y": 4198.3, "easting": 419592.6, "northing": 327047.3, "epsg_source": 22391}}, {"type": "Feature", "geometry": {"type": "Point", "coordinates": [9.0160301, 36.2414641]}, "properties": {"record_id": "oai:u-bordeaux-montaigne.fr:340435", "symbol_class": "building", "pixel_x": 6431.1, "pixel_y": 4199.1, "easting": 420521.2, "northing": 326975.9, "epsg_source": 22391}}, {"type": "Feature", "geometry": {"type": "Point", "coordinates": [8.8886159, 36.2470778]}, "properties": {"record_id": "oai:u-bordeaux-montaigne.fr:340435", "symbol_class": "building", "pixel_x": 3763.3, "pixel_y": 4223.3, "easting": 409079.3, "northing": 327709.9, "epsg_source": 22391}}, {"type": "Feature", "geometry": {"type": "Point", "coordinates": [8.8880396, 36.2470144]}, "properties": {"record_id": "oai:u-bordeaux-montaigne.fr:340435", "symbol_class": "building", "pixel_x": 3751.4, "pixel_y": 4225.7, "easting": 409027.5, "northing": 327703.4, "epsg_source": 22391}}, {"type": "Feature", "geometry": {"type": "Point", "coordinates": [9.0585174, 36.2372582]}, "properties": {"record_id": "oai:u-bordeaux-montaigne.fr:340435", "symbol_class": "building", "pixel_x": 7324.4, "pixel_y": 4251.4, "easting": 424334.8, "northing": 326475.6, "epsg_source": 22391}}, {"type": "Feature", "geometry": {"type": "Point", "coordinates": [8.8756916, 36.2463943]}, "properties": {"record_id": "oai:u-bordeaux-montaigne.fr:340435", "symbol_class": "building", "pixel_x": 3494.7, "pixel_y": 4258.4, "easting": 407917.4, "northing": 327646.2, "epsg_source": 22391}}, {"type": "Feature", "geometry": {"type": "Point", "coordinates": [9.077493, 36.2356505]}, "properties": {"record_id": "oai:u-bordeaux-montaigne.fr:340435", "symbol_class": "building", "pixel_x": 7723.0, "pixel_y": 4267.6, "easting": 426038.4, "northing": 326282.7, "epsg_source": 22391}}, {"type": "Feature", "geometry": {"type": "Point", "coordinates": [8.8625614, 36.2462954]}, "properties": {"record_id": "oai:u-bordeaux-montaigne.fr:340435", "symbol_class": "building", "pixel_x": 3220.8, "pixel_y": 4278.3, "easting": 406737.6, "northing": 327647.7, "epsg_source": 22391}}, {"type": "Feature", "geometry": {"type": "Point", "coordinates": [9.1053989, 36.2328596]}, "properties": {"record_id": "oai:u-bordeaux-montaigne.fr:340435", "symbol_class": "building", "pixel_x": 8309.9, "pixel_y": 4302.3, "easting": 428543.4, "northing": 325952.4, "epsg_source": 22391}}, {"type": "Feature", "geometry": {"type": "Point", "coordinates": [8.9785746, 36.2392272]}, "properties": {"record_id": "oai:u-bordeaux-montaigne.fr:340435", "symbol_class": "building", "pixel_x": 5653.0, "pixel_y": 4308.4, "easting": 417153.4, "northing": 326759.0, "epsg_source": 22391}}, {"type": "Feature", "geometry": {"type": "Point", "coordinates": [8.84933, 36.2455806]}, "properties": {"record_id": "oai:u-bordeaux-montaigne.fr:340435", "symbol_class": "building", "pixel_x": 2945.8, "pixel_y": 4314.6, "easting": 405547.9, "northing": 327581.2, "epsg_source": 22391}}, {"type": "Feature", "geometry": {"type": "Point", "coordinates": [9.0986513, 36.2328063]}, "properties": {"record_id": "oai:u-bordeaux-montaigne.fr:340435", "symbol_class": "building", "pixel_x": 8169.2, "pixel_y": 4313.0, "easting": 427937.0, "northing": 325951.4, "epsg_source": 22391}}, {"type": "Feature", "geometry": {"type": "Point", "coordinates": [9.0979011, 36.2328081]}, "properties": {"record_id": "oai:u-bordeaux-montaigne.fr:340435", "symbol_class": "building", "pixel_x": 8153.5, "pixel_y": 4314.0, "easting": 427869.6, "northing": 325952.2, "epsg_source": 22391}}, {"type": "Feature", "geometry": {"type": "Point", "coordinates": [8.9793162, 36.2385813]}, "properties": {"record_id": "oai:u-bordeaux-montaigne.fr:340435", "symbol_class": "building", "pixel_x": 5669.5, "pixel_y": 4324.3, "easting": 417219.4, "northing": 326686.7, "epsg_source": 22391}}, {"type": "Feature", "geometry": {"type": "Point", "coordinates": [8.850418, 36.2450178]}, "properties": {"record_id": "oai:u-bordeaux-montaigne.fr:340435", "symbol_class": "building", "pixel_x": 2969.4, "pixel_y": 4327.9, "easting": 405645.0, "northing": 327517.7, "epsg_source": 22391}}, {"type": "Feature", "geometry": {"type": "Point", "coordinates": [9.0925186, 36.2328204]}, "properties": {"record_id": "oai:u-bordeaux-montaigne.fr:340435", "symbol_class": "building", "pixel_x": 8041.2, "pixel_y": 4321.1, "easting": 427386.0, "northing": 325957.5, "epsg_source": 22391}}, {"type": "Feature", "geometry": {"type": "Point", "coordinates": [9.0900536, 36.2327891]}, "properties": {"record_id": "oai:u-bordeaux-montaigne.fr:340435", "symbol_class": "building", "pixel_x": 7989.8, "pixel_y": 4325.3, "easting": 427164.4, "northing": 325955.9, "epsg_source": 22391}}, {"type": "Feature", "geometry": {"type": "Point", "coordinates": [9.0908637, 36.2327903]}, "properties": {"record_id": "oai:u-bordeaux-montaigne.fr:340435", "symbol_class": "building", "pixel_x": 8006.7, "pixel_y": 4324.1, "easting": 427237.2, "northing": 325955.4, "epsg_source": 22391}}, {"type": "Feature", "geometry": {"type": "Point", "coordinates": [9.0862935, 36.232768]}, "properties": {"record_id": "oai:u-bordeaux-montaigne.fr:340435", "symbol_class": "building", "pixel_x": 7911.3, "pixel_y": 4331.0, "easting": 426826.5, "northing": 325956.4, "epsg_source": 22391}}, {"type": "Feature", "geometry": {"type": "Point", "coordinates": [9.0823711, 36.2327493]}, "properties": {"record_id": "oai:u-bordeaux-montaigne.fr:340435", "symbol_class": "building", "pixel_x": 7829.5, "pixel_y": 4336.9, "easting": 426474.0, "northing": 325957.3, "epsg_source": 22391}}, {"type": "Feature", "geometry": {"type": "Point", "coordinates": [9.0828809, 36.232723]}, "properties": {"record_id": "oai:u-bordeaux-montaigne.fr:340435", "symbol_class": "building", "pixel_x": 7840.2, "pixel_y": 4336.9, "easting": 426519.8, "northing": 325954.0, "epsg_source": 22391}}, {"type": "Feature", "geometry": {"type": "Point", "coordinates": [9.0811068, 36.2327545]}, "properties": {"record_id": "oai:u-bordeaux-montaigne.fr:340435", "symbol_class": "building", "pixel_x": 7803.1, "pixel_y": 4338.5, "easting": 426360.4, "northing": 325958.8, "epsg_source": 22391}}, {"type": "Feature", "geometry": {"type": "Point", "coordinates": [8.9023503, 36.2414761]}, "properties": {"record_id": "oai:u-bordeaux-montaigne.fr:340435", "symbol_class": "building", "pixel_x": 4058.7, "pixel_y": 4351.7, "easting": 410306.9, "northing": 327075.8, "epsg_source": 22391}}, {"type": "Feature", "geometry": {"type": "Point", "coordinates": [9.0711241, 36.2327105]}, "properties": {"record_id": "oai:u-bordeaux-montaigne.fr:340435", "symbol_class": "building", "pixel_x": 7594.8, "pixel_y": 4353.3, "easting": 425463.3, "northing": 325961.5, "epsg_source": 22391}}, {"type": "Feature", "geometry": {"type": "Point", "coordinates": [8.8743477, 36.2426046]}, "properties": {"record_id": "oai:u-bordeaux-montaigne.fr:340435", "symbol_class": "building", "pixel_x": 3472.6, "pixel_y": 4359.4, "easting": 407792.2, "northing": 327227.1, "epsg_source": 22391}}, {"type": "Feature", "geometry": {"type": "Point", "coordinates": [9.0680879, 36.2326996]}, "properties": {"record_id": "oai:u-bordeaux-montaigne.fr:340435", "symbol_class": "building", "pixel_x": 7531.5, "pixel_y": 4357.8, "easting": 425190.4, "northing": 325962.6, "epsg_source": 22391}}, {"type": "Feature", "geometry": {"type": "Point", "coordinates": [8.7725232, 36.2473232]}, "properties": {"record_id": "oai:u-bordeaux-montaigne.fr:340435", "symbol_class": "building", "pixel_x": 1340.3, "pixel_y": 4369.7, "easting": 398649.4, "northing": 327851.5, "epsg_source": 22391}}, {"type": "Feature", "geometry": {"type": "Point", "coordinates": [9.0739648, 36.2317692]}, "properties": {"record_id": "oai:u-bordeaux-montaigne.fr:340435", "symbol_class": "building", "pixel_x": 7655.6, "pixel_y": 4374.1, "easting": 425717.7, "northing": 325854.9, "epsg_source": 22391}}, {"type": "Feature", "geometry": {"type": "Point", "coordinates": [8.7542854, 36.2480572]}, "properties": {"record_id": "oai:u-bordeaux-montaigne.fr:340435", "symbol_class": "building", "pixel_x": 958.5, "pixel_y": 4374.3, "easting": 397011.9, "northing": 327952.1, "epsg_source": 22391}}, {"type": "Feature", "geometry": {"type": "Point", "coordinates": [8.7724942, 36.2469705]}, "properties": {"record_id": "oai:u-bordeaux-montaigne.fr:340435", "symbol_class": "building", "pixel_x": 1340.2, "pixel_y": 4379.0, "easting": 398646.4, "northing": 327812.5, "epsg_source": 22391}}, {"type": "Feature", "geometry": {"type": "Point", "coordinates": [8.9294724, 36.238897]}, "properties": {"record_id": "oai:u-bordeaux-montaigne.fr:340435", "symbol_class": "building", "pixel_x": 4628.8, "pixel_y": 4383.1, "easting": 412741.0, "northing": 326765.2, "epsg_source": 22391}}, {"type": "Feature", "geometry": {"type": "Point", "coordinates": [8.9299157, 36.238851]}, "properties": {"record_id": "oai:u-bordeaux-montaigne.fr:340435", "symbol_class": "building", "pixel_x": 4638.1, "pixel_y": 4383.7, "easting": 412780.8, "northing": 326759.7, "epsg_source": 22391}}, {"type": "Feature", "geometry": {"type": "Point", "coordinates": [9.0519724, 36.2326023]}, "properties": {"record_id": "oai:u-bordeaux-montaigne.fr:340435", "symbol_class": "building", "pixel_x": 7195.3, "pixel_y": 4382.3, "easting": 423742.2, "northing": 325964.3, "epsg_source": 22391}}, {"type": "Feature", "geometry": {"type": "Point", "coordinates": [8.8970551, 36.2404647]}, "properties": {"record_id": "oai:u-bordeaux-montaigne.fr:340435", "symbol_class": "building", "pixel_x": 3949.8, "pixel_y": 4385.3, "easting": 409830.0, "northing": 326968.5, "epsg_source": 22391}}, {"type": "Feature", "geometry": {"type": "Point", "coordinates": [9.0078478, 36.2337919]}, "properties": {"record_id": "oai:u-bordeaux-montaigne.fr:340435", "symbol_class": "building", "pixel_x": 6272.6, "pixel_y": 4411.2, "easting": 419778.2, "northing": 326131.6, "epsg_source": 22391}}, {"type": "Feature", "geometry": {"type": "Point", "coordinates": [8.8779024, 36.2403249]}, "properties": {"record_id": "oai:u-bordeaux-montaigne.fr:340435", "symbol_class": "building", "pixel_x": 3550.3, "pixel_y": 4414.4, "easting": 408108.9, "northing": 326970.9, "epsg_source": 22391}}, {"type": "Feature", "geometry": {"type": "Point", "coordinates": [9.0714887, 36.2301619]}, "properties": {"record_id": "oai:u-bordeaux-montaigne.fr:340435", "symbol_class": "building", "pixel_x": 7606.6, "pixel_y": 4419.6, "easting": 425493.7, "northing": 325678.5, "epsg_source": 22391}}, {"type": "Feature", "geometry": {"type": "Point", "coordinates": [8.9720599, 36.234493]}, "properties": {"record_id": "oai:u-bordeaux-montaigne.fr:340435", "symbol_class": "building", "pixel_x": 5524.6, "pixel_y": 4441.2, "easting": 416563.1, "northing": 326239.4, "epsg_source": 22391}}, {"type": "Feature", "geometry": {"type": "Point", "coordinates": [8.9722139, 36.23418]}, "properties": {"record_id": "oai:u-bordeaux-montaigne.fr:340435", "symbol_class": "building", "pixel_x": 5528.3, "pixel_y": 4449.2, "easting": 416576.6, "northing": 326204.6, "epsg_source": 22391}}, {"type": "Feature", "geometry": {"type": "Point", "coordinates": [8.981619, 36.2335556]}, "properties": {"record_id": "oai:u-bordeaux-montaigne.fr:340435", "symbol_class": "building", "pixel_x": 5725.5, "pixel_y": 4452.9, "easting": 417421.1, "northing": 326127.3, "epsg_source": 22391}}, {"type": "Feature", "geometry": {"type": "Point", "coordinates": [8.8664381, 36.2393343]}, "properties": {"record_id": "oai:u-bordeaux-montaigne.fr:340435", "symbol_class": "building", "pixel_x": 3312.6, "pixel_y": 4455.6, "easting": 407077.7, "northing": 326871.9, "epsg_source": 22391}}, {"type": "Feature", "geometry": {"type": "Point", "coordinates": [8.9722319, 36.2337814]}, "properties": {"record_id": "oai:u-bordeaux-montaigne.fr:340435", "symbol_class": "building", "pixel_x": 5529.3, "pixel_y": 4459.6, "easting": 416577.8, "northing": 326160.3, "epsg_source": 22391}}, {"type": "Feature", "geometry": {"type": "Point", "coordinates": [8.9728669, 36.2334184]}, "properties": {"record_id": "oai:u-bordeaux-montaigne.fr:340435", "symbol_class": "building", "pixel_x": 5543.1, "pixel_y": 4468.3, "easting": 416634.4, "northing": 326119.5, "epsg_source": 22391}}, {"type": "Feature", "geometry": {"type": "Point", "coordinates": [8.8427209, 36.2398188]}, "properties": {"record_id": "oai:u-bordeaux-montaigne.fr:340435", "symbol_class": "building", "pixel_x": 2816.9, "pixel_y": 4474.2, "easting": 404947.2, "northing": 326948.5, "epsg_source": 22391}}, {"type": "Feature", "geometry": {"type": "Point", "coordinates": [9.0127265, 36.2305513]}, "properties": {"record_id": "oai:u-bordeaux-montaigne.fr:340435", "symbol_class": "building", "pixel_x": 6379.6, "pixel_y": 4489.5, "easting": 420213.4, "northing": 325768.2, "epsg_source": 22391}}, {"type": "Feature", "geometry": {"type": "Point", "coordinates": [9.0683063, 36.2278771]}, "properties": {"record_id": "oai:u-bordeaux-montaigne.fr:340435", "symbol_class": "building", "pixel_x": 7543.8, "pixel_y": 4483.8, "easting": 425205.5, "northing": 325427.5, "epsg_source": 22391}}, {"type": "Feature", "geometry": {"type": "Point", "coordinates": [9.0732383, 36.227291]}, "properties": {"record_id": "oai:u-bordeaux-montaigne.fr:340435", "symbol_class": "building", "pixel_x": 7647.7, "pixel_y": 4492.4, "easting": 425648.2, "northing": 325358.8, "epsg_source": 22391}}, {"type": "Feature", "geometry": {"type": "Point", "coordinates": [8.7543884, 36.2426076]}, "properties": {"record_id": "oai:u-bordeaux-montaigne.fr:340435", "symbol_class": "building", "pixel_x": 969.0, "pixel_y": 4516.9, "easting": 397014.0, "northing": 327347.5, "epsg_source": 22391}}, {"type": "Feature", "geometry": {"type": "Point", "coordinates": [8.9040014, 36.2351135]}, "properties": {"record_id": "oai:u-bordeaux-montaigne.fr:340435", "symbol_class": "building", "pixel_x": 4103.2, "pixel_y": 4516.2, "easting": 410448.1, "northing": 326368.6, "epsg_source": 22391}}, {"type": "Feature", "geometry": {"type": "Point", "coordinates": [8.9459917, 36.2325066]}, "properties": {"record_id": "oai:u-bordeaux-montaigne.fr:340435", "symbol_class": "building", "pixel_x": 4983.6, "pixel_y": 4528.3, "easting": 414218.4, "northing": 326041.7, "epsg_source": 22391}}, {"type": "Feature", "geometry": {"type": "Point", "coordinates": [8.8169098, 36.2391348]}, "properties": {"record_id": "oai:u-bordeaux-montaigne.fr:340435", "symbol_class": "building", "pixel_x": 2279.2, "pixel_y": 4526.1, "easting": 402627.2, "northing": 326898.1, "epsg_source": 22391}}, {"type": "Feature", "geometry": {"type": "Point", "coordinates": [8.9030633, 36.2343311]}, "properties": {"record_id": "oai:u-bordeaux-montaigne.fr:340435", "symbol_class": "building", "pixel_x": 4084.8, "pixel_y": 4538.0, "easting": 410362.9, "northing": 326282.7, "epsg_source": 22391}}, {"type": "Feature", "geometry": {"type": "Point", "coordinates": [8.8162683, 36.238576]}, "properties": {"record_id": "oai:u-bordeaux-montaigne.fr:340435", "symbol_class": "building", "pixel_x": 2266.7, "pixel_y": 4541.6, "easting": 402568.8, "northing": 326836.8, "epsg_source": 22391}}, {"type": "Feature", "geometry": {"type": "Point", "coordinates": [9.0983489, 36.223706]}, "properties": {"record_id": "oai:u-bordeaux-montaigne.fr:340435", "symbol_class": "building", "pixel_x": 8177.6, "pixel_y": 4551.8, "easting": 427901.6, "northing": 324942.3, "epsg_source": 22391}}, {"type": "Feature", "geometry": {"type": "Point", "coordinates": [9.0989861, 36.2236916]}, "properties": {"record_id": "oai:u-bordeaux-montaigne.fr:340435", "symbol_class": "building", "pixel_x": 8190.9, "pixel_y": 4551.3, "easting": 427958.8, "northing": 324940.2, "epsg_source": 22391}}, {"type": "Feature", "geometry": {"type": "Point", "coordinates": [8.8312536, 36.2372493]}, "properties": {"record_id": "oai:u-bordeaux-montaigne.fr:340435", "symbol_class": "building", "pixel_x": 2581.5, "pixel_y": 4556.7, "easting": 403913.7, "northing": 326674.7, "epsg_source": 22391}}, {"type": "Feature", "geometry": {"type": "Point", "coordinates": [9.0926938, 36.2234729]}, "properties": {"record_id": "oai:u-bordeaux-montaigne.fr:340435", "symbol_class": "building", "pixel_x": 8059.9, "pixel_y": 4565.7, "easting": 427393.1, "northing": 324920.6, "epsg_source": 22391}}, {"type": "Feature", "geometry": {"type": "Point", "coordinates": [9.0942388, 36.2236826]}, "properties": {"record_id": "oai:u-bordeaux-montaigne.fr:340435", "symbol_class": "building", "pixel_x": 8091.8, "pixel_y": 4558.1, "easting": 427532.2, "northing": 324942.7, "epsg_source": 22391}}, {"type": "Feature", "geometry": {"type": "Point", "coordinates": [8.831017, 36.2370481]}, "properties": {"record_id": "oai:u-bordeaux-montaigne.fr:340435", "symbol_class": "building", "pixel_x": 2576.9, "pixel_y": 4562.2, "easting": 403892.2, "northing": 326652.6, "epsg_source": 22391}}, {"type": "Feature", "geometry": {"type": "Point", "coordinates": [9.0879017, 36.2236544]}, "properties": {"record_id": "oai:u-bordeaux-montaigne.fr:340435", "symbol_class": "building", "pixel_x": 7959.6, "pixel_y": 4567.5, "easting": 426962.6, "northing": 324944.3, "epsg_source": 22391}}, {"type": "Feature", "geometry": {"type": "Point", "coordinates": [9.0045973, 36.2273444]}, "properties": {"record_id": "oai:u-bordeaux-montaigne.fr:340435", "symbol_class": "building", "pixel_x": 6215.0, "pixel_y": 4584.5, "easting": 419479.6, "northing": 325419.2, "epsg_source": 22391}}, {"type": "Feature", "geometry": {"type": "Point", "coordinates": [9.0676155, 36.2235629]}, "properties": {"record_id": "oai:u-bordeaux-montaigne.fr:340435", "symbol_class": "building", "pixel_x": 7536.4, "pixel_y": 4597.7, "easting": 425139.3, "northing": 324949.5, "epsg_source": 22391}}, {"type": "Feature", "geometry": {"type": "Point", "coordinates": [9.0654688, 36.2235375]}, "properties": {"record_id": "oai:u-bordeaux-montaigne.fr:340435", "symbol_class": "building", "pixel_x": 7491.6, "pixel_y": 4601.3, "easting": 424946.4, "northing": 324948.4, "epsg_source": 22391}}, {"type": "Feature", "geometry": {"type": "Point", "coordinates": [9.0617753, 36.2235389]}, "properties": {"record_id": "oai:u-bordeaux-montaigne.fr:340435", "symbol_class": "building", "pixel_x": 7414.5, "pixel_y": 4606.3, "easting": 424614.4, "northing": 324951.4, "epsg_source": 22391}}, {"type": "Feature", "geometry": {"type": "Point", "coordinates": [9.0069268, 36.2260429]}, "properties": {"record_id": "oai:u-bordeaux-montaigne.fr:340435", "symbol_class": "building", "pixel_x": 6265.7, "pixel_y": 4615.4, "easting": 419687.6, "northing": 325272.9, "epsg_source": 22391}}, {"type": "Feature", "geometry": {"type": "Point", "coordinates": [9.0602609, 36.2235176]}, "properties": {"record_id": "oai:u-bordeaux-montaigne.fr:340435", "symbol_class": "building", "pixel_x": 7382.9, "pixel_y": 4609.0, "easting": 424478.3, "northing": 324950.2, "epsg_source": 22391}}, {"type": "Feature", "geometry": {"type": "Point", "coordinates": [8.8753546, 36.232652]}, "properties": {"record_id": "oai:u-bordeaux-montaigne.fr:340435", "symbol_class": "building", "pixel_x": 3509.1, "pixel_y": 4618.8, "easting": 407871.1, "northing": 326122.3, "epsg_source": 22391}}, {"type": "Feature", "geometry": {"type": "Point", "coordinates": [8.8757786, 36.2325202]}, "properties": {"record_id": "oai:u-bordeaux-montaigne.fr:340435", "symbol_class": "building", "pixel_x": 3518.2, "pixel_y": 4621.7, "easting": 407909.0, "northing": 326107.2, "epsg_source": 22391}}, {"type": "Feature", "geometry": {"type": "Point", "coordinates": [9.0394211, 36.2240296]}, "properties": {"record_id": "oai:u-bordeaux-montaigne.fr:340435", "symbol_class": "building", "pixel_x": 6947.1, "pixel_y": 4624.0, "easting": 422605.9, "northing": 325023.3, "epsg_source": 22391}}, {"type": "Feature", "geometry": {"type": "Point", "coordinates": [9.0513139, 36.2234685]}, "properties": {"record_id": "oai:u-bordeaux-montaigne.fr:340435", "symbol_class": "building", "pixel_x": 7196.3, "pixel_y": 4622.5, "easting": 423674.2, "northing": 324951.7, "epsg_source": 22391}}, {"type": "Feature", "geometry": {"type": "Point", "coordinates": [9.0036284, 36.2254235]}, "properties": {"record_id": "oai:u-bordeaux-montaigne.fr:340435", "symbol_class": "building", "pixel_x": 6197.8, "pixel_y": 4636.1, "easting": 419390.6, "northing": 325206.9, "epsg_source": 22391}}, {"type": "Feature", "geometry": {"type": "Point", "coordinates": [8.783244, 36.23522]}, "properties": {"record_id": "oai:u-bordeaux-montaigne.fr:340435", "symbol_class": "building", "pixel_x": 1582.6, "pixel_y": 4672.8, "easting": 399597.2, "northing": 326498.0, "epsg_source": 22391}}, {"type": "Feature", "geometry": {"type": "Point", "coordinates": [9.0877287, 36.2195152]}, "properties": {"record_id": "oai:u-bordeaux-montaigne.fr:340435", "symbol_class": "building", "pixel_x": 7962.7, "pixel_y": 4676.2, "easting": 426943.2, "northing": 324485.3, "epsg_source": 22391}}, {"type": "Feature", "geometry": {"type": "Point", "coordinates": [9.0488739, 36.2210919]}, "properties": {"record_id": "oai:u-bordeaux-montaigne.fr:340435", "symbol_class": "building", "pixel_x": 7149.2, "pixel_y": 4688.1, "easting": 423452.6, "northing": 324690.0, "epsg_source": 22391}}, {"type": "Feature", "geometry": {"type": "Point", "coordinates": [9.0601896, 36.2203702]}, "properties": {"record_id": "oai:u-bordeaux-montaigne.fr:340435", "symbol_class": "building", "pixel_x": 7386.5, "pixel_y": 4691.5, "easting": 424468.9, "northing": 324601.1, "epsg_source": 22391}}, {"type": "Feature", "geometry": {"type": "Point", "coordinates": [8.9089005, 36.2280388]}, "properties": {"record_id": "oai:u-bordeaux-montaigne.fr:340435", "symbol_class": "building", "pixel_x": 4216.5, "pixel_y": 4695.0, "easting": 410880.3, "northing": 325579.4, "epsg_source": 22391}}, {"type": "Feature", "geometry": {"type": "Point", "coordinates": [8.908468, 36.2276436]}, "properties": {"record_id": "oai:u-bordeaux-montaigne.fr:340435", "symbol_class": "building", "pixel_x": 4208.1, "pixel_y": 4705.9, "easting": 410841.0, "northing": 325536.0, "epsg_source": 22391}}, {"type": "Feature", "geometry": {"type": "Point", "coordinates": [8.9088069, 36.2274305]}, "properties": {"record_id": "oai:u-bordeaux-montaigne.fr:340435", "symbol_class": "building", "pixel_x": 4215.5, "pixel_y": 4711.1, "easting": 410871.2, "northing": 325512.0, "epsg_source": 22391}}, {"type": "Feature", "geometry": {"type": "Point", "coordinates": [8.8631725, 36.2293952]}, "properties": {"record_id": "oai:u-bordeaux-montaigne.fr:340435", "symbol_class": "building", "pixel_x": 3259.9, "pixel_y": 4720.3, "easting": 406772.5, "northing": 325772.6, "epsg_source": 22391}}, {"type": "Feature", "geometry": {"type": "Point", "coordinates": [8.8582363, 36.2294819]}, "properties": {"record_id": "oai:u-bordeaux-montaigne.fr:340435", "symbol_class": "building", "pixel_x": 3156.7, "pixel_y": 4724.5, "easting": 406329.0, "northing": 325786.9, "epsg_source": 22391}}, {"type": "Feature", "geometry": {"type": "Point", "coordinates": [8.8626986, 36.2290935]}, "properties": {"record_id": "oai:u-bordeaux-montaigne.fr:340435", "symbol_class": "building", "pixel_x": 3250.5, "pixel_y": 4728.8, "easting": 406729.6, "northing": 325739.6, "epsg_source": 22391}}, {"type": "Feature", "geometry": {"type": "Point", "coordinates": [8.8587628, 36.2292099]}, "properties": {"record_id": "oai:u-bordeaux-montaigne.fr:340435", "symbol_class": "building", "pixel_x": 3168.2, "pixel_y": 4730.9, "easting": 406376.0, "northing": 325756.3, "epsg_source": 22391}}, {"type": "Feature", "geometry": {"type": "Point", "coordinates": [9.0793377, 36.2176486]}, "properties": {"record_id": "oai:u-bordeaux-montaigne.fr:340435", "symbol_class": "building", "pixel_x": 7790.6, "pixel_y": 4736.6, "easting": 426187.3, "northing": 324284.6, "epsg_source": 22391}}, {"type": "Feature", "geometry": {"type": "Point", "coordinates": [8.7545105, 36.2339521]}, "properties": {"record_id": "oai:u-bordeaux-montaigne.fr:340435", "symbol_class": "building", "pixel_x": 984.8, "pixel_y": 4743.5, "easting": 397013.7, "northing": 326387.3, "epsg_source": 22391}}, {"type": "Feature", "geometry": {"type": "Point", "coordinates": [8.7883295, 36.2321666]}, "properties": {"record_id": "oai:u-bordeaux-montaigne.fr:340435", "symbol_class": "building", "pixel_x": 1693.4, "pixel_y": 4746.2, "easting": 400050.3, "northing": 326154.1, "epsg_source": 22391}}, {"type": "Feature", "geometry": {"type": "Point", "coordinates": [9.0004843, 36.2211705]}, "properties": {"record_id": "oai:u-bordeaux-montaigne.fr:340435", "symbol_class": "building", "pixel_x": 6139.0, "pixel_y": 4751.8, "easting": 419103.6, "northing": 324737.8, "epsg_source": 22391}}, {"type": "Feature", "geometry": {"type": "Point", "coordinates": [8.8542995, 36.2279701]}, "properties": {"record_id": "oai:u-bordeaux-montaigne.fr:340435", "symbol_class": "building", "pixel_x": 3076.9, "pixel_y": 4769.3, "easting": 405973.5, "northing": 325623.1, "epsg_source": 22391}}, {"type": "Feature", "geometry": {"type": "Point", "coordinates": [8.8587568, 36.2273206]}, "properties": {"record_id": "oai:u-bordeaux-montaigne.fr:340435", "symbol_class": "building", "pixel_x": 3171.0, "pixel_y": 4780.4, "easting": 406373.3, "northing": 325546.7, "epsg_source": 22391}}, {"type": "Feature", "geometry": {"type": "Point", "coordinates": [8.7571827, 36.2322052]}, "properties": {"record_id": "oai:u-bordeaux-montaigne.fr:340435", "symbol_class": "building", "pixel_x": 1043.2, "pixel_y": 4785.8, "easting": 397251.5, "northing": 326190.8, "epsg_source": 22391}}, {"type": "Feature", "geometry": {"type": "Point", "coordinates": [9.1032962, 36.2146551]}, "properties": {"record_id": "oai:u-bordeaux-montaigne.fr:340435", "symbol_class": "building", "pixel_x": 8295.5, "pixel_y": 4782.0, "easting": 428338.0, "northing": 323934.7, "epsg_source": 22391}}, {"type": "Feature", "geometry": {"type": "Point", "coordinates": [9.0977009, 36.2146233]}, "properties": {"record_id": "oai:u-bordeaux-montaigne.fr:340435", "symbol_class": "building", "pixel_x": 8178.8, "pixel_y": 4790.6, "easting": 427835.0, "northing": 323935.3, "epsg_source": 22391}}, {"type": "Feature", "geometry": {"type": "Point", "coordinates": [9.0555339, 36.2164688]}, "properties": {"record_id": "oai:u-bordeaux-montaigne.fr:340435", "symbol_class": "building", "pixel_x": 7295.6, "pixel_y": 4800.1, "easting": 424046.7, "northing": 324172.0, "epsg_source": 22391}}, {"type": "Feature", "geometry": {"type": "Point", "coordinates": [8.7575218, 36.231872]}, "properties": {"record_id": "oai:u-bordeaux-montaigne.fr:340435", "symbol_class": "building", "pixel_x": 1050.8, "pixel_y": 4794.1, "easting": 397281.6, "northing": 326153.5, "epsg_source": 22391}}, {"type": "Feature", "geometry": {"type": "Point", "coordinates": [8.7862499, 36.2302112]}, "properties": {"record_id": "oai:u-bordeaux-montaigne.fr:340435", "symbol_class": "building", "pixel_x": 1653.0, "pixel_y": 4800.1, "easting": 399861.0, "northing": 325939.4, "epsg_source": 22391}}, {"type": "Feature", "geometry": {"type": "Point", "coordinates": [8.7821262, 36.2303337]}, "properties": {"record_id": "oai:u-bordeaux-montaigne.fr:340435", "symbol_class": "building", "pixel_x": 1566.8, "pixel_y": 4802.3, "easting": 399490.6, "northing": 325957.2, "epsg_source": 22391}}, {"type": "Feature", "geometry": {"type": "Point", "coordinates": [9.0322455, 36.2174255]}, "properties": {"record_id": "oai:u-bordeaux-montaigne.fr:340435", "symbol_class": "building", "pixel_x": 6807.9, "pixel_y": 4806.8, "easting": 421954.5, "northing": 324296.5, "epsg_source": 22391}}, {"type": "Feature", "geometry": {"type": "Point", "coordinates": [9.0874278, 36.2145545]}, "properties": {"record_id": "oai:u-bordeaux-montaigne.fr:340435", "symbol_class": "building", "pixel_x": 7964.4, "pixel_y": 4806.5, "easting": 426911.6, "northing": 323935.3, "epsg_source": 22391}}, {"type": "Feature", "geometry": {"type": "Point", "coordinates": [9.0877608, 36.2145325]}, "properties": {"record_id": "oai:u-bordeaux-montaigne.fr:340435", "symbol_class": "building", "pixel_x": 7971.4, "pixel_y": 4806.6, "easting": 426941.5, "northing": 323932.6, "epsg_source": 22391}}, {"type": "Feature", "geometry": {"type": "Point", "coordinates": [9.0870564, 36.2146088]}, "properties": {"record_id": "oai:u-bordeaux-montaigne.fr:340435", "symbol_class": "building", "pixel_x": 7956.6, "pixel_y": 4805.6, "easting": 426878.3, "northing": 323941.6, "epsg_source": 22391}}, {"type": "Feature", "geometry": {"type": "Point", "coordinates": [8.9205833, 36.2230022]}, "properties": {"record_id": "oai:u-bordeaux-montaigne.fr:340435", "symbol_class": "building", "pixel_x": 4468.3, "pixel_y": 4811.3, "easting": 411924.6, "northing": 325010.1, "epsg_source": 22391}}, {"type": "Feature", "geometry": {"type": "Point", "coordinates": [8.7617758, 36.2309262]}, "properties": {"record_id": "oai:u-bordeaux-montaigne.fr:340435", "symbol_class": "building", "pixel_x": 1141.1, "pixel_y": 4813.3, "easting": 397662.6, "northing": 326044.1, "epsg_source": 22391}}, {"type": "Feature", "geometry": {"type": "Point", "coordinates": [8.7824561, 36.2298563]}, "properties": {"record_id": "oai:u-bordeaux-montaigne.fr:340435", "symbol_class": "building", "pixel_x": 1574.4, "pixel_y": 4814.4, "easting": 399519.6, "northing": 325903.9, "epsg_source": 22391}}, {"type": "Feature", "geometry": {"type": "Point", "coordinates": [8.7574532, 36.230896]}, "properties": {"record_id": "oai:u-bordeaux-montaigne.fr:340435", "symbol_class": "building", "pixel_x": 1050.9, "pixel_y": 4819.7, "easting": 397274.1, "northing": 326045.3, "epsg_source": 22391}}, {"type": "Feature", "geometry": {"type": "Point", "coordinates": [9.0779764, 36.2145477]}, "properties": {"record_id": "oai:u-bordeaux-montaigne.fr:340435", "symbol_class": "building", "pixel_x": 7767.1, "pixel_y": 4819.6, "easting": 426062.1, "northing": 323941.7, "epsg_source": 22391}}, {"type": "Feature", "geometry": {"type": "Point", "coordinates": [9.0768946, 36.214591]}, "properties": {"record_id": "oai:u-bordeaux-montaigne.fr:340435", "symbol_class": "building", "pixel_x": 7744.5, "pixel_y": 4820.0, "easting": 425964.9, "northing": 323947.3, "epsg_source": 22391}}, {"type": "Feature", "geometry": {"type": "Point", "coordinates": [8.7953648, 36.228716]}, "properties": {"record_id": "oai:u-bordeaux-montaigne.fr:340435", "symbol_class": "building", "pixel_x": 1845.6, "pixel_y": 4827.4, "easting": 400678.2, "northing": 325764.2, "epsg_source": 22391}}, {"type": "Feature", "geometry": {"type": "Point", "coordinates": [9.0556114, 36.2152532]}, "properties": {"record_id": "oai:u-bordeaux-montaigne.fr:340435", "symbol_class": "building", "pixel_x": 7299.2, "pixel_y": 4831.8, "easting": 424052.5, "northing": 324037.1, "epsg_source": 22391}}, {"type": "Feature", "geometry": {"type": "Point", "coordinates": [9.0003989, 36.2179219]}, "properties": {"record_id": "oai:u-bordeaux-montaigne.fr:340435", "symbol_class": "building", "pixel_x": 6142.4, "pixel_y": 4837.0, "easting": 419092.6, "northing": 324377.5, "epsg_source": 22391}}, {"type": "Feature", "geometry": {"type": "Point", "coordinates": [9.0570652, 36.215112]}, "properties": {"record_id": "oai:u-bordeaux-montaigne.fr:340435", "symbol_class": "building", "pixel_x": 7329.7, "pixel_y": 4833.5, "easting": 424183.0, "northing": 324020.3, "epsg_source": 22391}}, {"type": "Feature", "geometry": {"type": "Point", "coordinates": [9.0657945, 36.2145108]}, "properties": {"record_id": "oai:u-bordeaux-montaigne.fr:340435", "symbol_class": "building", "pixel_x": 7512.9, "pixel_y": 4837.3, "easting": 424967.1, "northing": 323946.9, "epsg_source": 22391}}, {"type": "Feature", "geometry": {"type": "Point", "coordinates": [9.0874196, 36.213112]}, "properties": {"record_id": "oai:u-bordeaux-montaigne.fr:340435", "symbol_class": "building", "pixel_x": 7966.6, "pixel_y": 4844.3, "easting": 426909.5, "northing": 323775.3, "epsg_source": 22391}}, {"type": "Feature", "geometry": {"type": "Point", "coordinates": [8.7545957, 36.2299224]}, "properties": {"record_id": "oai:u-bordeaux-montaigne.fr:340435", "symbol_class": "building", "pixel_x": 992.7, "pixel_y": 4849.0, "easting": 397016.1, "northing": 325940.3, "epsg_source": 22391}}, {"type": "Feature", "geometry": {"type": "Point", "coordinates": [9.0580489, 36.2144689]}, "properties": {"record_id": "oai:u-bordeaux-montaigne.fr:340435", "symbol_class": "building", "pixel_x": 7351.3, "pixel_y": 4849.0, "easting": 424270.8, "northing": 323948.2, "epsg_source": 22391}}, {"type": "Feature", "geometry": {"type": "Point", "coordinates": [8.813208, 36.2267251]}, "properties": {"record_id": "oai:u-bordeaux-montaigne.fr:340435", "symbol_class": "building", "pixel_x": 2221.1, "pixel_y": 4856.1, "easting": 402279.2, "northing": 325525.4, "epsg_source": 22391}}, {"type": "Feature", "geometry": {"type": "Point", "coordinates": [9.0316314, 36.215358]}, "properties": {"record_id": "oai:u-bordeaux-montaigne.fr:340435", "symbol_class": "building", "pixel_x": 6798.4, "pixel_y": 4861.8, "easting": 421897.2, "northing": 324067.7, "epsg_source": 22391}}, {"type": "Feature", "geometry": {"type": "Point", "coordinates": [9.0556325, 36.2140386]}, "properties": {"record_id": "oai:u-bordeaux-montaigne.fr:340435", "symbol_class": "building", "pixel_x": 7301.6, "pixel_y": 4863.6, "easting": 424053.2, "northing": 323902.4, "epsg_source": 22391}}, {"type": "Feature", "geometry": {"type": "Point", "coordinates": [8.7978709, 36.2273445]}, "properties": {"record_id": "oai:u-bordeaux-montaigne.fr:340435", "symbol_class": "building", "pixel_x": 1900.0, "pixel_y": 4860.0, "easting": 400901.7, "northing": 325609.5, "epsg_source": 22391}}, {"type": "Feature", "geometry": {"type": "Point", "coordinates": [9.0582865, 36.2136636]}, "properties": {"record_id": "oai:u-bordeaux-montaigne.fr:340435", "symbol_class": "building", "pixel_x": 7357.6, "pixel_y": 4869.8, "easting": 424291.4, "northing": 323858.7, "epsg_source": 22391}}, {"type": "Feature", "geometry": {"type": "Point", "coordinates": [8.7982122, 36.2271475]}, "properties": {"record_id": "oai:u-bordeaux-montaigne.fr:340435", "symbol_class": "building", "pixel_x": 1907.4, "pixel_y": 4864.7, "easting": 400932.1, "northing": 325587.3, "epsg_source": 22391}}, {"type": "Feature", "geometry": {"type": "Point", "coordinates": [9.0434302, 36.2144312]}, "properties": {"record_id": "oai:u-bordeaux-montaigne.fr:340435", "symbol_class": "building", "pixel_x": 7046.2, "pixel_y": 4869.9, "easting": 422956.8, "northing": 323955.5, "epsg_source": 22391}}, {"type": "Feature", "geometry": {"type": "Point", "coordinates": [8.7977254, 36.2267251]}, "properties": {"record_id": "oai:u-bordeaux-montaigne.fr:340435", "symbol_class": "building", "pixel_x": 1897.9, "pixel_y": 4876.4, "easting": 400887.8, "northing": 325541.0, "epsg_source": 22391}}, {"type": "Feature", "geometry": {"type": "Point", "coordinates": [9.0263826, 36.2149669]}, "properties": {"record_id": "oai:u-bordeaux-montaigne.fr:340435", "symbol_class": "building", "pixel_x": 6689.5, "pixel_y": 4879.1, "easting": 421425.1, "northing": 324028.5, "epsg_source": 22391}}, {"type": "Feature", "geometry": {"type": "Point", "coordinates": [9.0873034, 36.2116213]}, "properties": {"record_id": "oai:u-bordeaux-montaigne.fr:340435", "symbol_class": "building", "pixel_x": 7966.6, "pixel_y": 4883.5, "easting": 426897.7, "northing": 323610.0, "epsg_source": 22391}}, {"type": "Feature", "geometry": {"type": "Point", "coordinates": [9.033267, 36.2143631]}, "properties": {"record_id": "oai:u-bordeaux-montaigne.fr:340435", "symbol_class": "building", "pixel_x": 6834.2, "pixel_y": 4885.6, "easting": 422043.3, "northing": 323956.0, "epsg_source": 22391}}, {"type": "Feature", "geometry": {"type": "Point", "coordinates": [9.0324409, 36.2141939]}, "properties": {"record_id": "oai:u-bordeaux-montaigne.fr:340435", "symbol_class": "building", "pixel_x": 6817.2, "pixel_y": 4891.1, "easting": 421968.9, "northing": 323937.9, "epsg_source": 22391}}, {"type": "Feature", "geometry": {"type": "Point", "coordinates": [9.0311718, 36.2130458]}, "properties": {"record_id": "oai:u-bordeaux-montaigne.fr:340435", "symbol_class": "building", "pixel_x": 6792.5, "pixel_y": 4922.9, "easting": 421853.6, "northing": 323811.6, "epsg_source": 22391}}, {"type": "Feature", "geometry": {"type": "Point", "coordinates": [8.7546104, 36.2266243]}, "properties": {"record_id": "oai:u-bordeaux-montaigne.fr:340435", "symbol_class": "building", "pixel_x": 998.1, "pixel_y": 4935.3, "easting": 397013.1, "northing": 325574.5, "epsg_source": 22391}}, {"type": "Feature", "geometry": {"type": "Point", "coordinates": [8.9007568, 36.2191675]}, "properties": {"record_id": "oai:u-bordeaux-montaigne.fr:340435", "symbol_class": "building", "pixel_x": 4060.4, "pixel_y": 4938.2, "easting": 410138.4, "northing": 324602.9, "epsg_source": 22391}}, {"type": "Feature", "geometry": {"type": "Point", "coordinates": [9.0350327, 36.2121886]}, "properties": {"record_id": "oai:u-bordeaux-montaigne.fr:340435", "symbol_class": "building", "pixel_x": 6874.5, "pixel_y": 4940.1, "easting": 422199.8, "northing": 323713.4, "epsg_source": 22391}}, {"type": "Feature", "geometry": {"type": "Point", "coordinates": [8.7812939, 36.224314]}, "properties": {"record_id": "oai:u-bordeaux-montaigne.fr:340435", "symbol_class": "building", "pixel_x": 1558.6, "pixel_y": 4961.1, "easting": 399408.1, "northing": 325290.4, "epsg_source": 22391}}, {"type": "Feature", "geometry": {"type": "Point", "coordinates": [8.7808657, 36.2240249]}, "properties": {"record_id": "oai:u-bordeaux-montaigne.fr:340435", "symbol_class": "building", "pixel_x": 1550.1, "pixel_y": 4969.2, "easting": 399369.3, "northing": 325258.8, "epsg_source": 22391}}, {"type": "Feature", "geometry": {"type": "Point", "coordinates": [8.7513294, 36.2249663]}, "properties": {"record_id": "oai:u-bordeaux-montaigne.fr:340435", "symbol_class": "building", "pixel_x": 932.1, "pixel_y": 4983.0, "easting": 396716.1, "northing": 325394.0, "epsg_source": 22391}}, {"type": "Feature", "geometry": {"type": "Point", "coordinates": [9.0232905, 36.2098776]}, "properties": {"record_id": "oai:u-bordeaux-montaigne.fr:340435", "symbol_class": "building", "pixel_x": 6633.1, "pixel_y": 5016.6, "easting": 421142.1, "northing": 323466.5, "epsg_source": 22391}}, {"type": "Feature", "geometry": {"type": "Point", "coordinates": [8.7554182, 36.2233988]}, "properties": {"record_id": "oai:u-bordeaux-montaigne.fr:340435", "symbol_class": "building", "pixel_x": 1019.8, "pixel_y": 5018.8, "easting": 397081.5, "northing": 325215.9, "epsg_source": 22391}}, {"type": "Feature", "geometry": {"type": "Point", "coordinates": [8.7945396, 36.2213258]}, "properties": {"record_id": "oai:u-bordeaux-montaigne.fr:340435", "symbol_class": "building", "pixel_x": 1839.7, "pixel_y": 5022.0, "easting": 400594.7, "northing": 324945.4, "epsg_source": 22391}}, {"type": "Feature", "geometry": {"type": "Point", "coordinates": [8.8540352, 36.2181895]}, "properties": {"record_id": "oai:u-bordeaux-montaigne.fr:340435", "symbol_class": "building", "pixel_x": 3086.6, "pixel_y": 5025.9, "easting": 405938.1, "northing": 324538.5, "epsg_source": 22391}}, {"type": "Feature", "geometry": {"type": "Point", "coordinates": [8.7553843, 36.2231434]}, "properties": {"record_id": "oai:u-bordeaux-montaigne.fr:340435", "symbol_class": "building", "pixel_x": 1019.5, "pixel_y": 5025.5, "easting": 397078.1, "northing": 325187.6, "epsg_source": 22391}}, {"type": "Feature", "geometry": {"type": "Point", "coordinates": [9.0993027, 36.2055533]}, "properties": {"record_id": "oai:u-bordeaux-montaigne.fr:340435", "symbol_class": "building", "pixel_x": 8226.9, "pixel_y": 5025.9, "easting": 427970.7, "northing": 322928.1, "epsg_source": 22391}}, {"type": "Feature", "geometry": {"type": "Point", "coordinates": [9.1003296, 36.2055359]}, "properties": {"record_id": "oai:u-bordeaux-montaigne.fr:340435", "symbol_class": "building", "pixel_x": 8248.3, "pixel_y": 5025.0, "easting": 428063.0, "northing": 322925.4, "epsg_source": 22391}}, {"type": "Feature", "geometry": {"type": "Point", "coordinates": [8.7732081, 36.2217792]}, "properties": {"record_id": "oai:u-bordeaux-montaigne.fr:340435", "symbol_class": "building", "pixel_x": 1393.7, "pixel_y": 5038.0, "easting": 398678.2, "northing": 325017.6, "epsg_source": 22391}}, {"type": "Feature", "geometry": {"type": "Point", "coordinates": [9.0893698, 36.2054909]}, "properties": {"record_id": "oai:u-bordeaux-montaigne.fr:340435", "symbol_class": "building", "pixel_x": 8019.6, "pixel_y": 5041.2, "easting": 427077.8, "northing": 322928.5, "epsg_source": 22391}}, {"type": "Feature", "geometry": {"type": "Point", "coordinates": [9.0897488, 36.2054529]}, "properties": {"record_id": "oai:u-bordeaux-montaigne.fr:340435", "symbol_class": "building", "pixel_x": 8027.6, "pixel_y": 5041.7, "easting": 427111.8, "northing": 322924.0, "epsg_source": 22391}}, {"type": "Feature", "geometry": {"type": "Point", "coordinates": [8.8358935, 36.2182486]}, "properties": {"record_id": "oai:u-bordeaux-montaigne.fr:340435", "symbol_class": "building", "pixel_x": 2707.8, "pixel_y": 5048.3, "easting": 404307.6, "northing": 324562.7, "epsg_source": 22391}}, {"type": "Feature", "geometry": {"type": "Point", "coordinates": [9.0756514, 36.2058093]}, "properties": {"record_id": "oai:u-bordeaux-montaigne.fr:340435", "symbol_class": "building", "pixel_x": 7732.7, "pixel_y": 5051.7, "easting": 425844.9, "northing": 322974.2, "epsg_source": 22391}}, {"type": "Feature", "geometry": {"type": "Point", "coordinates": [8.8349808, 36.2182873]}, "properties": {"record_id": "oai:u-bordeaux-montaigne.fr:340435", "symbol_class": "building", "pixel_x": 2688.7, "pixel_y": 5048.5, "easting": 404225.6, "northing": 324567.9, "epsg_source": 22391}}, {"type": "Feature", "geometry": {"type": "Point", "coordinates": [8.7742315, 36.2211733]}, "properties": {"record_id": "oai:u-bordeaux-montaigne.fr:340435", "symbol_class": "building", "pixel_x": 1416.0, "pixel_y": 5052.6, "easting": 398769.4, "northing": 324949.3, "epsg_source": 22391}}, {"type": "Feature", "geometry": {"type": "Point", "coordinates": [9.0777635, 36.2055061]}, "properties": {"record_id": "oai:u-bordeaux-montaigne.fr:340435", "symbol_class": "building", "pixel_x": 7777.3, "pixel_y": 5056.8, "easting": 426034.5, "northing": 322939.0, "epsg_source": 22391}}, {"type": "Feature", "geometry": {"type": "Point", "coordinates": [8.7546546, 36.2217573]}, "properties": {"record_id": "oai:u-bordeaux-montaigne.fr:340435", "symbol_class": "building", "pixel_x": 1006.4, "pixel_y": 5062.8, "easting": 397010.7, "northing": 325034.6, "epsg_source": 22391}}, {"type": "Feature", "geometry": {"type": "Point", "coordinates": [8.8351439, 36.2177835]}, "properties": {"record_id": "oai:u-bordeaux-montaigne.fr:340435", "symbol_class": "building", "pixel_x": 2692.9, "pixel_y": 5061.5, "easting": 404239.7, "northing": 324511.8, "epsg_source": 22391}}, {"type": "Feature", "geometry": {"type": "Point", "coordinates": [8.837647, 36.2175967]}, "properties": {"record_id": "oai:u-bordeaux-montaigne.fr:340435", "symbol_class": "building", "pixel_x": 2745.4, "pixel_y": 5063.1, "easting": 404464.4, "northing": 324488.7, "epsg_source": 22391}}, {"type": "Feature", "geometry": {"type": "Point", "coordinates": [8.8686722, 36.2154189]}, "properties": {"record_id": "oai:u-bordeaux-montaigne.fr:340435", "symbol_class": "building", "pixel_x": 3396.5, "pixel_y": 5079.1, "easting": 407250.4, "northing": 324217.1, "epsg_source": 22391}}, {"type": "Feature", "geometry": {"type": "Point", "coordinates": [9.0673703, 36.20543]}, "properties": {"record_id": "oai:u-bordeaux-montaigne.fr:340435", "symbol_class": "building", "pixel_x": 7560.4, "pixel_y": 5073.0, "easting": 425100.1, "northing": 322938.4, "epsg_source": 22391}}, {"type": "Feature", "geometry": {"type": "Point", "coordinates": [9.0652521, 36.2054449]}, "properties": {"record_id": "oai:u-bordeaux-montaigne.fr:340435", "symbol_class": "building", "pixel_x": 7516.2, "pixel_y": 5075.5, "easting": 424909.7, "northing": 322941.7, "epsg_source": 22391}}, {"type": "Feature", "geometry": {"type": "Point", "coordinates": [9.0637879, 36.2054373]}, "properties": {"record_id": "oai:u-bordeaux-montaigne.fr:340435", "symbol_class": "building", "pixel_x": 7485.6, "pixel_y": 5077.7, "easting": 424778.1, "northing": 322942.0, "epsg_source": 22391}}, {"type": "Feature", "geometry": {"type": "Point", "coordinates": [8.7961802, 36.2190394]}, "properties": {"record_id": "oai:u-bordeaux-montaigne.fr:340435", "symbol_class": "building", "pixel_x": 1877.5, "pixel_y": 5079.8, "easting": 400739.3, "northing": 324690.1, "epsg_source": 22391}}, {"type": "Feature", "geometry": {"type": "Point", "coordinates": [8.7547179, 36.2207079]}, "properties": {"record_id": "oai:u-bordeaux-montaigne.fr:340435", "symbol_class": "building", "pixel_x": 1009.3, "pixel_y": 5090.2, "easting": 397015.1, "northing": 324918.1, "epsg_source": 22391}}, {"type": "Feature", "geometry": {"type": "Point", "coordinates": [9.0604049, 36.205409]}, "properties": {"record_id": "oai:u-bordeaux-montaigne.fr:340435", "symbol_class": "building", "pixel_x": 7415.1, "pixel_y": 5083.1, "easting": 424474.0, "northing": 322941.5, "epsg_source": 22391}}, {"type": "Feature", "geometry": {"type": "Point", "coordinates": [8.869006, 36.2149912]}, "properties": {"record_id": "oai:u-bordeaux-montaigne.fr:340435", "symbol_class": "building", "pixel_x": 3404.1, "pixel_y": 5089.9, "easting": 407279.9, "northing": 324169.4, "epsg_source": 22391}}, {"type": "Feature", "geometry": {"type": "Point", "coordinates": [9.0556033, 36.205421]}, "properties": {"record_id": "oai:u-bordeaux-montaigne.fr:340435", "symbol_class": "building", "pixel_x": 7314.8, "pixel_y": 5089.3, "easting": 424042.3, "northing": 322946.5, "epsg_source": 22391}}, {"type": "Feature", "geometry": {"type": "Point", "coordinates": [9.0562052, 36.2053998]}, "properties": {"record_id": "oai:u-bordeaux-montaigne.fr:340435", "symbol_class": "building", "pixel_x": 7327.4, "pixel_y": 5089.1, "easting": 424096.4, "northing": 322943.7, "epsg_source": 22391}}, {"type": "Feature", "geometry": {"type": "Point", "coordinates": [8.7895391, 36.218907]}, "properties": {"record_id": "oai:u-bordeaux-montaigne.fr:340435", "symbol_class": "building", "pixel_x": 1739.0, "pixel_y": 5092.0, "easting": 400142.3, "northing": 324682.2, "epsg_source": 22391}}, {"type": "Feature", "geometry": {"type": "Point", "coordinates": [9.0547775, 36.2053744]}, "properties": {"record_id": "oai:u-bordeaux-montaigne.fr:340435", "symbol_class": "building", "pixel_x": 7297.6, "pixel_y": 5091.7, "easting": 423968.1, "northing": 322942.0, "epsg_source": 22391}}, {"type": "Feature", "geometry": {"type": "Point", "coordinates": [9.0527366, 36.2053924]}, "properties": {"record_id": "oai:u-bordeaux-montaigne.fr:340435", "symbol_class": "building", "pixel_x": 7255.0, "pixel_y": 5094.0, "easting": 423784.6, "northing": 322945.6, "epsg_source": 22391}}, {"type": "Feature", "geometry": {"type": "Point", "coordinates": [9.0519595, 36.2053738]}, "properties": {"record_id": "oai:u-bordeaux-montaigne.fr:340435", "symbol_class": "building", "pixel_x": 7238.8, "pixel_y": 5095.5, "easting": 423714.7, "northing": 322944.2, "epsg_source": 22391}}, {"type": "Feature", "geometry": {"type": "Point", "coordinates": [8.7895789, 36.2186368]}, "properties": {"record_id": "oai:u-bordeaux-montaigne.fr:340435", "symbol_class": "building", "pixel_x": 1740.3, "pixel_y": 5099.0, "easting": 400145.5, "northing": 324652.2, "epsg_source": 22391}}, {"type": "Feature", "geometry": {"type": "Point", "coordinates": [8.8369002, 36.2158699]}, "properties": {"record_id": "oai:u-bordeaux-montaigne.fr:340435", "symbol_class": "building", "pixel_x": 2732.5, "pixel_y": 5109.3, "easting": 404395.2, "northing": 324297.9, "epsg_source": 22391}}, {"type": "Feature", "geometry": {"type": "Point", "coordinates": [9.04345, 36.2053219]}, "properties": {"record_id": "oai:u-bordeaux-montaigne.fr:340435", "symbol_class": "building", "pixel_x": 7061.2, "pixel_y": 5108.5, "easting": 422949.7, "northing": 322945.1, "epsg_source": 22391}}, {"type": "Feature", "geometry": {"type": "Point", "coordinates": [9.0407315, 36.2053156]}, "properties": {"record_id": "oai:u-bordeaux-montaigne.fr:340435", "symbol_class": "building", "pixel_x": 7004.5, "pixel_y": 5112.4, "easting": 422705.4, "northing": 322946.5, "epsg_source": 22391}}, {"type": "Feature", "geometry": {"type": "Point", "coordinates": [8.7815411, 36.2182256]}, "properties": {"record_id": "oai:u-bordeaux-montaigne.fr:340435", "symbol_class": "building", "pixel_x": 1573.1, "pixel_y": 5120.3, "easting": 399422.6, "northing": 324614.8, "epsg_source": 22391}}, {"type": "Feature", "geometry": {"type": "Point", "coordinates": [9.0780861, 36.2029717]}, "properties": {"record_id": "oai:u-bordeaux-montaigne.fr:340435", "symbol_class": "building", "pixel_x": 7788.1, "pixel_y": 5122.7, "easting": 426061.1, "northing": 322657.6, "epsg_source": 22391}}, {"type": "Feature", "geometry": {"type": "Point", "coordinates": [9.0341898, 36.2053157]}, "properties": {"record_id": "oai:u-bordeaux-montaigne.fr:340435", "symbol_class": "building", "pixel_x": 6867.9, "pixel_y": 5121.3, "easting": 422117.3, "northing": 322951.7, "epsg_source": 22391}}, {"type": "Feature", "geometry": {"type": "Point", "coordinates": [8.9081679, 36.2116604]}, "properties": {"record_id": "oai:u-bordeaux-montaigne.fr:340435", "symbol_class": "building", "pixel_x": 4226.9, "pixel_y": 5125.0, "easting": 410796.0, "northing": 323763.4, "epsg_source": 22391}}, {"type": "Feature", "geometry": {"type": "Point", "coordinates": [9.0335894, 36.2052458]}, "properties": {"record_id": "oai:u-bordeaux-montaigne.fr:340435", "symbol_class": "building", "pixel_x": 6855.5, "pixel_y": 5124.0, "easting": 422063.3, "northing": 322944.5, "epsg_source": 22391}}, {"type": "Feature", "geometry": {"type": "Point", "coordinates": [8.7516702, 36.2192842]}, "properties": {"record_id": "oai:u-bordeaux-montaigne.fr:340435", "symbol_class": "building", "pixel_x": 947.9, "pixel_y": 5131.5, "easting": 396739.3, "northing": 324763.5, "epsg_source": 22391}}, {"type": "Feature", "geometry": {"type": "Point", "coordinates": [8.9087716, 36.2112948]}, "properties": {"record_id": "oai:u-bordeaux-montaigne.fr:340435", "symbol_class": "building", "pixel_x": 4240.1, "pixel_y": 5133.8, "easting": 410849.9, "northing": 323722.3, "epsg_source": 22391}}, {"type": "Feature", "geometry": {"type": "Point", "coordinates": [8.9633337, 36.2085509]}, "properties": {"record_id": "oai:u-bordeaux-montaigne.fr:340435", "symbol_class": "building", "pixel_x": 5383.5, "pixel_y": 5132.5, "easting": 415751.3, "northing": 323369.5, "epsg_source": 22391}}, {"type": "Feature", "geometry": {"type": "Point", "coordinates": [9.0283662, 36.2052171]}, "properties": {"record_id": "oai:u-bordeaux-montaigne.fr:340435", "symbol_class": "building", "pixel_x": 6746.5, "pixel_y": 5131.8, "easting": 421593.7, "northing": 322945.5, "epsg_source": 22391}}, {"type": "Feature", "geometry": {"type": "Point", "coordinates": [8.8132113, 36.2160219]}, "properties": {"record_id": "oai:u-bordeaux-montaigne.fr:340435", "symbol_class": "building", "pixel_x": 2237.7, "pixel_y": 5136.5, "easting": 402266.3, "northing": 324338.2, "epsg_source": 22391}}, {"type": "Feature", "geometry": {"type": "Point", "coordinates": [8.9233721, 36.2105574]}, "properties": {"record_id": "oai:u-bordeaux-montaigne.fr:340435", "symbol_class": "building", "pixel_x": 4546.1, "pixel_y": 5133.6, "easting": 412161.4, "northing": 323627.3, "epsg_source": 22391}}, {"type": "Feature", "geometry": {"type": "Point", "coordinates": [8.7522977, 36.2190799]}, "properties": {"record_id": "oai:u-bordeaux-montaigne.fr:340435", "symbol_class": "building", "pixel_x": 961.3, "pixel_y": 5136.0, "easting": 396795.4, "northing": 324740.1, "epsg_source": 22391}}, {"type": "Feature", "geometry": {"type": "Point", "coordinates": [9.0265394, 36.2052126]}, "properties": {"record_id": "oai:u-bordeaux-montaigne.fr:340435", "symbol_class": "building", "pixel_x": 6708.4, "pixel_y": 5134.4, "easting": 421429.5, "northing": 322946.5, "epsg_source": 22391}}, {"type": "Feature", "geometry": {"type": "Point", "coordinates": [9.0247009, 36.2052033]}, "properties": {"record_id": "oai:u-bordeaux-montaigne.fr:340435", "symbol_class": "building", "pixel_x": 6670.0, "pixel_y": 5137.2, "easting": 421264.2, "northing": 322946.9, "epsg_source": 22391}}, {"type": "Feature", "geometry": {"type": "Point", "coordinates": [9.0869184, 36.2017485]}, "properties": {"record_id": "oai:u-bordeaux-montaigne.fr:340435", "symbol_class": "building", "pixel_x": 7974.5, "pixel_y": 5142.6, "easting": 426854.0, "northing": 322515.3, "epsg_source": 22391}}, {"type": "Feature", "geometry": {"type": "Point", "coordinates": [8.8037308, 36.2163912]}, "properties": {"record_id": "oai:u-bordeaux-montaigne.fr:340435", "symbol_class": "building", "pixel_x": 2039.2, "pixel_y": 5139.3, "easting": 401414.6, "northing": 324388.7, "epsg_source": 22391}}, {"type": "Feature", "geometry": {"type": "Point", "coordinates": [9.0228993, 36.2051963]}, "properties": {"record_id": "oai:u-bordeaux-montaigne.fr:340435", "symbol_class": "building", "pixel_x": 6632.4, "pixel_y": 5139.8, "easting": 421102.2, "northing": 322947.6, "epsg_source": 22391}}, {"type": "Feature", "geometry": {"type": "Point", "coordinates": [8.9239569, 36.2101387]}, "properties": {"record_id": "oai:u-bordeaux-montaigne.fr:340435", "symbol_class": "building", "pixel_x": 4558.9, "pixel_y": 5143.8, "easting": 412213.5, "northing": 323580.3, "epsg_source": 22391}}, {"type": "Feature", "geometry": {"type": "Point", "coordinates": [8.8194142, 36.2153536]}, "properties": {"record_id": "oai:u-bordeaux-montaigne.fr:340435", "symbol_class": "building", "pixel_x": 2368.2, "pixel_y": 5145.9, "easting": 402823.0, "northing": 324257.9, "epsg_source": 22391}}, {"type": "Feature", "geometry": {"type": "Point", "coordinates": [8.9245154, 36.2099015]}, "properties": {"record_id": "oai:u-bordeaux-montaigne.fr:340435", "symbol_class": "building", "pixel_x": 4570.9, "pixel_y": 5149.2, "easting": 412263.4, "northing": 323553.5, "epsg_source": 22391}}, {"type": "Feature", "geometry": {"type": "Point", "coordinates": [8.8130878, 36.2154311]}, "properties": {"record_id": "oai:u-bordeaux-montaigne.fr:340435", "symbol_class": "building", "pixel_x": 2236.0, "pixel_y": 5152.1, "easting": 402254.4, "northing": 324272.8, "epsg_source": 22391}}, {"type": "Feature", "geometry": {"type": "Point", "coordinates": [8.9536432, 36.2081369]}, "properties": {"record_id": "oai:u-bordeaux-montaigne.fr:340435", "symbol_class": "building", "pixel_x": 5181.8, "pixel_y": 5156.4, "easting": 414879.8, "northing": 323332.0, "epsg_source": 22391}}, {"type": "Feature", "geometry": {"type": "Point", "coordinates": [8.8199889, 36.2148395]}, "properties": {"record_id": "oai:u-bordeaux-montaigne.fr:340435", "symbol_class": "building", "pixel_x": 2381.0, "pixel_y": 5158.6, "easting": 402874.0, "northing": 324200.3, "epsg_source": 22391}}, {"type": "Feature", "geometry": {"type": "Point", "coordinates": [9.089232, 36.2009072]}, "properties": {"record_id": "oai:u-bordeaux-montaigne.fr:340435", "symbol_class": "building", "pixel_x": 8024.1, "pixel_y": 5161.5, "easting": 427061.2, "northing": 322420.2, "epsg_source": 22391}}, {"type": "Feature", "geometry": {"type": "Point", "coordinates": [8.8192218, 36.2148418]}, "properties": {"record_id": "oai:u-bordeaux-montaigne.fr:340435", "symbol_class": "building", "pixel_x": 2365.0, "pixel_y": 5159.5, "easting": 402805.0, "northing": 324201.3, "epsg_source": 22391}}, {"type": "Feature", "geometry": {"type": "Point", "coordinates": [8.7851968, 36.2164141]}, "properties": {"record_id": "oai:u-bordeaux-montaigne.fr:340435", "symbol_class": "building", "pixel_x": 1652.2, "pixel_y": 5162.9, "easting": 399748.9, "northing": 324410.1, "epsg_source": 22391}}, {"type": "Feature", "geometry": {"type": "Point", "coordinates": [9.0076209, 36.2050884]}, "properties": {"record_id": "oai:u-bordeaux-montaigne.fr:340435", "symbol_class": "building", "pixel_x": 6313.6, "pixel_y": 5163.4, "easting": 419728.7, "northing": 322948.1, "epsg_source": 22391}}, {"type": "Feature", "geometry": {"type": "Point", "coordinates": [9.0048976, 36.2051202]}, "properties": {"record_id": "oai:u-bordeaux-montaigne.fr:340435", "symbol_class": "building", "pixel_x": 6256.7, "pixel_y": 5166.2, "easting": 419483.9, "northing": 322953.9, "epsg_source": 22391}}, {"type": "Feature", "geometry": {"type": "Point", "coordinates": [8.9552978, 36.2069997]}, "properties": {"record_id": "oai:u-bordeaux-montaigne.fr:340435", "symbol_class": "building", "pixel_x": 5218.2, "pixel_y": 5184.0, "easting": 415027.3, "northing": 323204.4, "epsg_source": 22391}}, {"type": "Feature", "geometry": {"type": "Point", "coordinates": [8.7902642, 36.2152706]}, "properties": {"record_id": "oai:u-bordeaux-montaigne.fr:340435", "symbol_class": "building", "pixel_x": 1759.8, "pixel_y": 5186.3, "easting": 400202.9, "northing": 324278.1, "epsg_source": 22391}}, {"type": "Feature", "geometry": {"type": "Point", "coordinates": [8.9960471, 36.2050503]}, "properties": {"record_id": "oai:u-bordeaux-montaigne.fr:340435", "symbol_class": "building", "pixel_x": 6072.0, "pixel_y": 5180.1, "easting": 418688.3, "northing": 322953.4, "epsg_source": 22391}}, {"type": "Feature", "geometry": {"type": "Point", "coordinates": [8.9947425, 36.2050299]}, "properties": {"record_id": "oai:u-bordeaux-montaigne.fr:340435", "symbol_class": "building", "pixel_x": 6044.8, "pixel_y": 5182.4, "easting": 418571.0, "northing": 322952.3, "epsg_source": 22391}}, {"type": "Feature", "geometry": {"type": "Point", "coordinates": [9.0799117, 36.2000824]}, "properties": {"record_id": "oai:u-bordeaux-montaigne.fr:340435", "symbol_class": "building", "pixel_x": 7830.9, "pixel_y": 5195.9, "easting": 426222.5, "northing": 322335.7, "epsg_source": 22391}}, {"type": "Feature", "geometry": {"type": "Point", "coordinates": [8.8025304, 36.2141779]}, "properties": {"record_id": "oai:u-bordeaux-montaigne.fr:340435", "symbol_class": "building", "pixel_x": 2017.5, "pixel_y": 5198.8, "easting": 401304.0, "northing": 324144.4, "epsg_source": 22391}}, {"type": "Feature", "geometry": {"type": "Point", "coordinates": [8.8155439, 36.2134536]}, "properties": {"record_id": "oai:u-bordeaux-montaigne.fr:340435", "symbol_class": "building", "pixel_x": 2290.4, "pixel_y": 5200.7, "easting": 402472.8, "northing": 324051.0, "epsg_source": 22391}}, {"type": "Feature", "geometry": {"type": "Point", "coordinates": [8.982497, 36.2049537]}, "properties": {"record_id": "oai:u-bordeaux-montaigne.fr:340435", "symbol_class": "building", "pixel_x": 5789.3, "pixel_y": 5200.9, "easting": 417470.1, "northing": 322954.1, "epsg_source": 22391}}, {"type": "Feature", "geometry": {"type": "Point", "coordinates": [8.8158428, 36.2132278]}, "properties": {"record_id": "oai:u-bordeaux-montaigne.fr:340435", "symbol_class": "building", "pixel_x": 2296.9, "pixel_y": 5206.2, "easting": 402499.3, "northing": 324025.6, "epsg_source": 22391}}, {"type": "Feature", "geometry": {"type": "Point", "coordinates": [8.787082, 36.2145007]}, "properties": {"record_id": "oai:u-bordeaux-montaigne.fr:340435", "symbol_class": "building", "pixel_x": 1694.5, "pixel_y": 5210.6, "easting": 399915.9, "northing": 324196.0, "epsg_source": 22391}}, {"type": "Feature", "geometry": {"type": "Point", "coordinates": [8.9753214, 36.2049365]}, "properties": {"record_id": "oai:u-bordeaux-montaigne.fr:340435", "symbol_class": "building", "pixel_x": 5639.5, "pixel_y": 5211.0, "easting": 416825.0, "northing": 322958.3, "epsg_source": 22391}}, {"type": "Feature", "geometry": {"type": "Point", "coordinates": [8.8034438, 36.213198]}, "properties": {"record_id": "oai:u-bordeaux-montaigne.fr:340435", "symbol_class": "building", "pixel_x": 2038.1, "pixel_y": 5223.3, "easting": 401384.9, "northing": 324034.8, "epsg_source": 22391}}, {"type": "Feature", "geometry": {"type": "Point", "coordinates": [8.9684175, 36.2048761]}, "properties": {"record_id": "oai:u-bordeaux-montaigne.fr:340435", "symbol_class": "building", "pixel_x": 5495.5, "pixel_y": 5221.9, "easting": 416204.4, "northing": 322957.5, "epsg_source": 22391}}, {"type": "Feature", "geometry": {"type": "Point", "coordinates": [8.9607787, 36.2048592]}, "properties": {"record_id": "oai:u-bordeaux-montaigne.fr:340435", "symbol_class": "building", "pixel_x": 5336.0, "pixel_y": 5232.7, "easting": 415517.7, "northing": 322962.2, "epsg_source": 22391}}, {"type": "Feature", "geometry": {"type": "Point", "coordinates": [8.9592186, 36.2048137]}, "properties": {"record_id": "oai:u-bordeaux-montaigne.fr:340435", "symbol_class": "building", "pixel_x": 5303.5, "pixel_y": 5236.0, "easting": 415377.4, "northing": 322958.5, "epsg_source": 22391}}, {"type": "Feature", "geometry": {"type": "Point", "coordinates": [8.8040154, 36.2123958]}, "properties": {"record_id": "oai:u-bordeaux-montaigne.fr:340435", "symbol_class": "building", "pixel_x": 2051.3, "pixel_y": 5243.6, "easting": 401435.2, "northing": 323945.3, "epsg_source": 22391}}, {"type": "Feature", "geometry": {"type": "Point", "coordinates": [8.8318347, 36.2109544]}, "properties": {"record_id": "oai:u-bordeaux-montaigne.fr:340435", "symbol_class": "building", "pixel_x": 2634.3, "pixel_y": 5244.7, "easting": 403934.0, "northing": 323757.6, "epsg_source": 22391}}, {"type": "Feature", "geometry": {"type": "Point", "coordinates": [8.7676574, 36.2138296]}, "properties": {"record_id": "oai:u-bordeaux-montaigne.fr:340435", "symbol_class": "building", "pixel_x": 1290.0, "pixel_y": 5253.5, "easting": 398169.1, "northing": 324141.6, "epsg_source": 22391}}, {"type": "Feature", "geometry": {"type": "Point", "coordinates": [8.8322179, 36.2107935]}, "properties": {"record_id": "oai:u-bordeaux-montaigne.fr:340435", "symbol_class": "building", "pixel_x": 2642.6, "pixel_y": 5248.5, "easting": 403968.2, "northing": 323739.4, "epsg_source": 22391}}, {"type": "Feature", "geometry": {"type": "Point", "coordinates": [8.9528605, 36.2047703]}, "properties": {"record_id": "oai:u-bordeaux-montaigne.fr:340435", "symbol_class": "building", "pixel_x": 5170.8, "pixel_y": 5245.6, "easting": 414805.8, "northing": 322959.2, "epsg_source": 22391}}, {"type": "Feature", "geometry": {"type": "Point", "coordinates": [8.7873629, 36.2129206]}, "properties": {"record_id": "oai:u-bordeaux-montaigne.fr:340435", "symbol_class": "building", "pixel_x": 1702.8, "pixel_y": 5251.6, "easting": 399939.1, "northing": 324020.4, "epsg_source": 22391}}, {"type": "Feature", "geometry": {"type": "Point", "coordinates": [8.7884963, 36.212907]}, "properties": {"record_id": "oai:u-bordeaux-montaigne.fr:340435", "symbol_class": "building", "pixel_x": 1726.5, "pixel_y": 5250.5, "easting": 400041.0, "northing": 324017.8, "epsg_source": 22391}}, {"type": "Feature", "geometry": {"type": "Point", "coordinates": [8.8320663, 36.210344]}, "properties": {"record_id": "oai:u-bordeaux-montaigne.fr:340435", "symbol_class": "building", "pixel_x": 2640.1, "pixel_y": 5260.4, "easting": 403954.0, "northing": 323689.7, "epsg_source": 22391}}, {"type": "Feature", "geometry": {"type": "Point", "coordinates": [9.0584302, 36.1986109]}, "properties": {"record_id": "oai:u-bordeaux-montaigne.fr:340435", "symbol_class": "building", "pixel_x": 7384.8, "pixel_y": 5263.8, "easting": 424289.9, "northing": 322189.0, "epsg_source": 22391}}, {"type": "Feature", "geometry": {"type": "Point", "coordinates": [8.943073, 36.2046662]}, "properties": {"record_id": "oai:u-bordeaux-montaigne.fr:340435", "symbol_class": "building", "pixel_x": 4966.6, "pixel_y": 5261.5, "easting": 413925.8, "northing": 322956.3, "epsg_source": 22391}}, {"type": "Feature", "geometry": {"type": "Point", "coordinates": [8.9521154, 36.2037591]}, "properties": {"record_id": "oai:u-bordeaux-montaigne.fr:340435", "symbol_class": "building", "pixel_x": 5156.9, "pixel_y": 5273.1, "easting": 414737.7, "northing": 322847.7, "epsg_source": 22391}}, {"type": "Feature", "geometry": {"type": "Point", "coordinates": [8.9339218, 36.2046141]}, "properties": {"record_id": "oai:u-bordeaux-montaigne.fr:340435", "symbol_class": "building", "pixel_x": 4775.7, "pixel_y": 5275.2, "easting": 413103.1, "northing": 322958.6, "epsg_source": 22391}}, {"type": "Feature", "geometry": {"type": "Point", "coordinates": [9.0917769, 36.1964044]}, "properties": {"record_id": "oai:u-bordeaux-montaigne.fr:340435", "symbol_class": "building", "pixel_x": 8084.6, "pixel_y": 5275.9, "easting": 427285.8, "northing": 321918.9, "epsg_source": 22391}}, {"type": "Feature", "geometry": {"type": "Point", "coordinates": [8.9862211, 36.2016775]}, "properties": {"record_id": "oai:u-bordeaux-montaigne.fr:340435", "symbol_class": "building", "pixel_x": 5872.2, "pixel_y": 5281.7, "easting": 417801.5, "northing": 322587.6, "epsg_source": 22391}}, {"type": "Feature", "geometry": {"type": "Point", "coordinates": [9.0880373, 36.1963923]}, "properties": {"record_id": "oai:u-bordeaux-montaigne.fr:340435", "symbol_class": "building", "pixel_x": 8006.5, "pixel_y": 5281.4, "easting": 426949.6, "northing": 321920.3, "epsg_source": 22391}}, {"type": "Feature", "geometry": {"type": "Point", "coordinates": [8.754779, 36.2131862]}, "properties": {"record_id": "oai:u-bordeaux-montaigne.fr:340435", "symbol_class": "building", "pixel_x": 1022.1, "pixel_y": 5287.2, "easting": 397010.8, "northing": 324083.8, "epsg_source": 22391}}, {"type": "Feature", "geometry": {"type": "Point", "coordinates": [8.7936082, 36.2110033]}, "properties": {"record_id": "oai:u-bordeaux-montaigne.fr:340435", "symbol_class": "building", "pixel_x": 1836.2, "pixel_y": 5293.7, "easting": 400498.0, "northing": 323801.4, "epsg_source": 22391}}, {"type": "Feature", "geometry": {"type": "Point", "coordinates": [8.7929867, 36.2110415]}, "properties": {"record_id": "oai:u-bordeaux-montaigne.fr:340435", "symbol_class": "building", "pixel_x": 1823.1, "pixel_y": 5293.5, "easting": 400442.2, "northing": 323806.2, "epsg_source": 22391}}, {"type": "Feature", "geometry": {"type": "Point", "coordinates": [8.9862237, 36.2010415]}, "properties": {"record_id": "oai:u-bordeaux-montaigne.fr:340435", "symbol_class": "building", "pixel_x": 5873.3, "pixel_y": 5298.3, "easting": 417801.0, "northing": 322517.0, "epsg_source": 22391}}, {"type": "Feature", "geometry": {"type": "Point", "coordinates": [8.7547682, 36.2127294]}, "properties": {"record_id": "oai:u-bordeaux-montaigne.fr:340435", "symbol_class": "building", "pixel_x": 1022.6, "pixel_y": 5299.2, "easting": 397009.2, "northing": 324033.2, "epsg_source": 22391}}, {"type": "Feature", "geometry": {"type": "Point", "coordinates": [9.0779842, 36.1963374]}, "properties": {"record_id": "oai:u-bordeaux-montaigne.fr:340435", "symbol_class": "building", "pixel_x": 7796.7, "pixel_y": 5296.6, "easting": 426045.7, "northing": 321921.8, "epsg_source": 22391}}, {"type": "Feature", "geometry": {"type": "Point", "coordinates": [9.0742944, 36.196325]}, "properties": {"record_id": "oai:u-bordeaux-montaigne.fr:340435", "symbol_class": "building", "pixel_x": 7719.7, "pixel_y": 5302.0, "easting": 425714.0, "northing": 321923.2, "epsg_source": 22391}}, {"type": "Feature", "geometry": {"type": "Point", "coordinates": [8.91553, 36.2044832]}, "properties": {"record_id": "oai:u-bordeaux-montaigne.fr:340435", "symbol_class": "building", "pixel_x": 4391.9, "pixel_y": 5303.2, "easting": 411449.7, "northing": 322960.6, "epsg_source": 22391}}, {"type": "Feature", "geometry": {"type": "Point", "coordinates": [8.7744615, 36.2114834]}, "properties": {"record_id": "oai:u-bordeaux-montaigne.fr:340435", "symbol_class": "building", "pixel_x": 1435.7, "pixel_y": 5306.1, "easting": 398777.7, "northing": 323874.3, "epsg_source": 22391}}, {"type": "Feature", "geometry": {"type": "Point", "coordinates": [8.9451942, 36.2028022]}, "properties": {"record_id": "oai:u-bordeaux-montaigne.fr:340435", "symbol_class": "building", "pixel_x": 5013.9, "pixel_y": 5307.5, "easting": 414114.5, "northing": 322747.7, "epsg_source": 22391}}, {"type": "Feature", "geometry": {"type": "Point", "coordinates": [8.9146855, 36.204437]}, "properties": {"record_id": "oai:u-bordeaux-montaigne.fr:340435", "symbol_class": "building", "pixel_x": 4374.3, "pixel_y": 5305.5, "easting": 411373.7, "northing": 322956.3, "epsg_source": 22391}}, {"type": "Feature", "geometry": {"type": "Point", "coordinates": [9.066845, 36.1963074]}, "properties": {"record_id": "oai:u-bordeaux-montaigne.fr:340435", "symbol_class": "building", "pixel_x": 7564.2, "pixel_y": 5312.7, "easting": 425044.2, "northing": 321927.0, "epsg_source": 22391}}, {"type": "Feature", "geometry": {"type": "Point", "coordinates": [8.9083752, 36.2044197]}, "properties": {"record_id": "oai:u-bordeaux-montaigne.fr:340435", "symbol_class": "building", "pixel_x": 4242.6, "pixel_y": 5314.4, "easting": 410806.5, "northing": 322960.1, "epsg_source": 22391}}, {"type": "Feature", "geometry": {"type": "Point", "coordinates": [8.9088283, 36.2043979]}, "properties": {"record_id": "oai:u-bordeaux-montaigne.fr:340435", "symbol_class": "building", "pixel_x": 4252.1, "pixel_y": 5314.4, "easting": 410847.2, "northing": 322957.3, "epsg_source": 22391}}, {"type": "Feature", "geometry": {"type": "Point", "coordinates": [8.7548211, 36.2118672]}, "properties": {"record_id": "oai:u-bordeaux-montaigne.fr:340435", "symbol_class": "building", "pixel_x": 1025.0, "pixel_y": 5321.7, "easting": 397012.8, "northing": 323937.5, "epsg_source": 22391}}, {"type": "Feature", "geometry": {"type": "Point", "coordinates": [8.9004049, 36.2045284]}, "properties": {"record_id": "oai:u-bordeaux-montaigne.fr:340435", "symbol_class": "building", "pixel_x": 4076.0, "pixel_y": 5322.2, "easting": 410090.1, "northing": 322979.5, "epsg_source": 22391}}, {"type": "Feature", "geometry": {"type": "Point", "coordinates": [9.0582606, 36.1962649]}, "properties": {"record_id": "oai:u-bordeaux-montaigne.fr:340435", "symbol_class": "building", "pixel_x": 7385.0, "pixel_y": 5325.5, "easting": 424272.4, "northing": 321928.9, "epsg_source": 22391}}, {"type": "Feature", "geometry": {"type": "Point", "coordinates": [9.054354, 36.1962233]}, "properties": {"record_id": "oai:u-bordeaux-montaigne.fr:340435", "symbol_class": "building", "pixel_x": 7303.5, "pixel_y": 5332.0, "easting": 423921.2, "northing": 321927.3, "epsg_source": 22391}}, {"type": "Feature", "geometry": {"type": "Point", "coordinates": [8.7547945, 36.2113028]}, "properties": {"record_id": "oai:u-bordeaux-montaigne.fr:340435", "symbol_class": "building", "pixel_x": 1025.3, "pixel_y": 5336.5, "easting": 397009.7, "northing": 323874.9, "epsg_source": 22391}}, {"type": "Feature", "geometry": {"type": "Point", "coordinates": [8.9024083, 36.2037555]}, "properties": {"record_id": "oai:u-bordeaux-montaigne.fr:340435", "symbol_class": "building", "pixel_x": 4119.0, "pixel_y": 5339.8, "easting": 410269.3, "northing": 322891.9, "epsg_source": 22391}}, {"type": "Feature", "geometry": {"type": "Point", "coordinates": [9.0497731, 36.1962322]}, "properties": {"record_id": "oai:u-bordeaux-montaigne.fr:340435", "symbol_class": "building", "pixel_x": 7207.8, "pixel_y": 5338.0, "easting": 423509.3, "northing": 321931.9, "epsg_source": 22391}}, {"type": "Feature", "geometry": {"type": "Point", "coordinates": [9.0480316, 36.1962137]}, "properties": {"record_id": "oai:u-bordeaux-montaigne.fr:340435", "symbol_class": "building", "pixel_x": 7171.5, "pixel_y": 5340.8, "easting": 423352.8, "northing": 321931.2, "epsg_source": 22391}}, {"type": "Feature", "geometry": {"type": "Point", "coordinates": [9.0960016, 36.1935965]}, "properties": {"record_id": "oai:u-bordeaux-montaigne.fr:340435", "symbol_class": "building", "pixel_x": 8177.3, "pixel_y": 5343.7, "easting": 427663.1, "northing": 321604.3, "epsg_source": 22391}}, {"type": "Feature", "geometry": {"type": "Point", "coordinates": [8.8909827, 36.2042338]}, "properties": {"record_id": "oai:u-bordeaux-montaigne.fr:340435", "symbol_class": "building", "pixel_x": 3879.7, "pixel_y": 5342.5, "easting": 409242.8, "northing": 322955.6, "epsg_source": 22391}}, {"type": "Feature", "geometry": {"type": "Point", "coordinates": [8.7547537, 36.210912]}, "properties": {"record_id": "oai:u-bordeaux-montaigne.fr:340435", "symbol_class": "building", "pixel_x": 1025.1, "pixel_y": 5346.8, "easting": 397005.5, "northing": 323831.6, "epsg_source": 22391}}, {"type": "Feature", "geometry": {"type": "Point", "coordinates": [8.9028023, 36.2034429]}, "properties": {"record_id": "oai:u-bordeaux-montaigne.fr:340435", "symbol_class": "building", "pixel_x": 4127.8, "pixel_y": 5347.4, "easting": 410304.4, "northing": 322856.9, "epsg_source": 22391}}, {"type": "Feature", "geometry": {"type": "Point", "coordinates": [9.0450882, 36.1962059]}, "properties": {"record_id": "oai:u-bordeaux-montaigne.fr:340435", "symbol_class": "building", "pixel_x": 7110.1, "pixel_y": 5345.1, "easting": 423088.1, "northing": 321932.7, "epsg_source": 22391}}, {"type": "Feature", "geometry": {"type": "Point", "coordinates": [9.0435898, 36.1961891]}, "properties": {"record_id": "oai:u-bordeaux-montaigne.fr:340435", "symbol_class": "building", "pixel_x": 7078.8, "pixel_y": 5347.5, "easting": 422953.4, "northing": 321932.0, "epsg_source": 22391}}, {"type": "Feature", "geometry": {"type": "Point", "coordinates": [8.7835471, 36.2090256]}, "properties": {"record_id": "oai:u-bordeaux-montaigne.fr:340435", "symbol_class": "building", "pixel_x": 1629.1, "pixel_y": 5358.7, "easting": 399591.2, "northing": 323592.3, "epsg_source": 22391}}, {"type": "Feature", "geometry": {"type": "Point", "coordinates": [9.0380493, 36.196174]}, "properties": {"record_id": "oai:u-bordeaux-montaigne.fr:340435", "symbol_class": "building", "pixel_x": 6963.1, "pixel_y": 5355.5, "easting": 422455.3, "northing": 321934.7, "epsg_source": 22391}}, {"type": "Feature", "geometry": {"type": "Point", "coordinates": [8.760647, 36.209828]}, "properties": {"record_id": "oai:u-bordeaux-montaigne.fr:340435", "symbol_class": "building", "pixel_x": 1149.8, "pixel_y": 5367.5, "easting": 397533.8, "northing": 323705.1, "epsg_source": 22391}}, {"type": "Feature", "geometry": {"type": "Point", "coordinates": [8.788737, 36.2083201]}, "properties": {"record_id": "oai:u-bordeaux-montaigne.fr:340435", "symbol_class": "building", "pixel_x": 1738.6, "pixel_y": 5370.4, "easting": 400056.8, "northing": 323508.8, "epsg_source": 22391}}, {"type": "Feature", "geometry": {"type": "Point", "coordinates": [8.7603244, 36.2096148]}, "properties": {"record_id": "oai:u-bordeaux-montaigne.fr:340435", "symbol_class": "building", "pixel_x": 1143.3, "pixel_y": 5373.5, "easting": 397504.5, "northing": 323681.8, "epsg_source": 22391}}, {"type": "Feature", "geometry": {"type": "Point", "coordinates": [8.869259, 36.2041357]}, "properties": {"record_id": "oai:u-bordeaux-montaigne.fr:340435", "symbol_class": "building", "pixel_x": 3426.3, "pixel_y": 5373.9, "easting": 407289.9, "northing": 322965.1, "epsg_source": 22391}}, {"type": "Feature", "geometry": {"type": "Point", "coordinates": [8.8704328, 36.2040864]}, "properties": {"record_id": "oai:u-bordeaux-montaigne.fr:340435", "symbol_class": "building", "pixel_x": 3450.9, "pixel_y": 5373.6, "easting": 407395.3, "northing": 322958.5, "epsg_source": 22391}}, {"type": "Feature", "geometry": {"type": "Point", "coordinates": [8.7577035, 36.2096042]}, "properties": {"record_id": "oai:u-bordeaux-montaigne.fr:340435", "symbol_class": "building", "pixel_x": 1088.6, "pixel_y": 5377.2, "easting": 397269.0, "northing": 323683.4, "epsg_source": 22391}}, {"type": "Feature", "geometry": {"type": "Point", "coordinates": [9.0235066, 36.196125]}, "properties": {"record_id": "oai:u-bordeaux-montaigne.fr:340435", "symbol_class": "building", "pixel_x": 6659.6, "pixel_y": 5376.6, "easting": 421147.8, "northing": 321940.9, "epsg_source": 22391}}, {"type": "Feature", "geometry": {"type": "Point", "coordinates": [8.8641393, 36.204079]}, "properties": {"record_id": "oai:u-bordeaux-montaigne.fr:340435", "symbol_class": "building", "pixel_x": 3319.5, "pixel_y": 5382.2, "easting": 406829.6, "northing": 322963.7, "epsg_source": 22391}}, {"type": "Feature", "geometry": {"type": "Point", "coordinates": [8.8076136, 36.2067444]}, "properties": {"record_id": "oai:u-bordeaux-montaigne.fr:340435", "symbol_class": "building", "pixel_x": 2135.1, "pixel_y": 5386.9, "easting": 401751.6, "northing": 323314.8, "epsg_source": 22391}}, {"type": "Feature", "geometry": {"type": "Point", "coordinates": [8.8080938, 36.2066392]}, "properties": {"record_id": "oai:u-bordeaux-montaigne.fr:340435", "symbol_class": "building", "pixel_x": 2145.3, "pixel_y": 5389.0, "easting": 401794.7, "northing": 323302.6, "epsg_source": 22391}}, {"type": "Feature", "geometry": {"type": "Point", "coordinates": [8.8633978, 36.2040447]}, "properties": {"record_id": "oai:u-bordeaux-montaigne.fr:340435", "symbol_class": "building", "pixel_x": 3304.1, "pixel_y": 5384.0, "easting": 406762.9, "northing": 322960.6, "epsg_source": 22391}}, {"type": "Feature", "geometry": {"type": "Point", "coordinates": [8.7885497, 36.2075677]}, "properties": {"record_id": "oai:u-bordeaux-montaigne.fr:340435", "symbol_class": "building", "pixel_x": 1735.8, "pixel_y": 5390.3, "easting": 400039.0, "northing": 323425.5, "epsg_source": 22391}}, {"type": "Feature", "geometry": {"type": "Point", "coordinates": [8.8556671, 36.2039953]}, "properties": {"record_id": "oai:u-bordeaux-montaigne.fr:340435", "symbol_class": "building", "pixel_x": 3142.7, "pixel_y": 5395.6, "easting": 406067.9, "northing": 322962.5, "epsg_source": 22391}}, {"type": "Feature", "geometry": {"type": "Point", "coordinates": [8.9424087, 36.199291]}, "properties": {"record_id": "oai:u-bordeaux-montaigne.fr:340435", "symbol_class": "building", "pixel_x": 4961.2, "pixel_y": 5403.2, "easting": 413860.3, "northing": 322360.7, "epsg_source": 22391}}, {"type": "Feature", "geometry": {"type": "Point", "coordinates": [9.0060602, 36.1960037]}, "properties": {"record_id": "oai:u-bordeaux-montaigne.fr:340435", "symbol_class": "building", "pixel_x": 6295.5, "pixel_y": 5403.5, "easting": 419579.2, "northing": 321941.7, "epsg_source": 22391}}, {"type": "Feature", "geometry": {"type": "Point", "coordinates": [8.8465281, 36.20394]}, "properties": {"record_id": "oai:u-bordeaux-montaigne.fr:340435", "symbol_class": "building", "pixel_x": 2952.0, "pixel_y": 5409.1, "easting": 405246.3, "northing": 322965.2, "epsg_source": 22391}}, {"type": "Feature", "geometry": {"type": "Point", "coordinates": [8.8471743, 36.2039097]}, "properties": {"record_id": "oai:u-bordeaux-montaigne.fr:340435", "symbol_class": "building", "pixel_x": 2965.5, "pixel_y": 5409.1, "easting": 405304.3, "northing": 322961.2, "epsg_source": 22391}}, {"type": "Feature", "geometry": {"type": "Point", "coordinates": [8.9420448, 36.1990707]}, "properties": {"record_id": "oai:u-bordeaux-montaigne.fr:340435", "symbol_class": "building", "pixel_x": 4954.0, "pixel_y": 5409.5, "easting": 413827.3, "northing": 322336.6, "epsg_source": 22391}}, {"type": "Feature", "geometry": {"type": "Point", "coordinates": [8.9430411, 36.199027]}, "properties": {"record_id": "oai:u-bordeaux-montaigne.fr:340435", "symbol_class": "building", "pixel_x": 4974.9, "pixel_y": 5409.3, "easting": 413916.8, "northing": 322330.8, "epsg_source": 22391}}, {"type": "Feature", "geometry": {"type": "Point", "coordinates": [9.0027294, 36.1959598]}, "properties": {"record_id": "oai:u-bordeaux-montaigne.fr:340435", "symbol_class": "building", "pixel_x": 6226.0, "pixel_y": 5409.1, "easting": 419279.7, "northing": 321939.6, "epsg_source": 22391}}, {"type": "Feature", "geometry": {"type": "Point", "coordinates": [8.9976808, 36.1959104]}, "properties": {"record_id": "oai:u-bordeaux-montaigne.fr:340435", "symbol_class": "building", "pixel_x": 6120.7, "pixel_y": 5417.2, "easting": 418825.7, "northing": 321938.3, "epsg_source": 22391}}, {"type": "Feature", "geometry": {"type": "Point", "coordinates": [8.8728019, 36.2022707]}, "properties": {"record_id": "oai:u-bordeaux-montaigne.fr:340435", "symbol_class": "building", "pixel_x": 3503.2, "pixel_y": 5418.1, "easting": 407606.2, "northing": 322754.9, "epsg_source": 22391}}, {"type": "Feature", "geometry": {"type": "Point", "coordinates": [8.9984312, 36.1959289]}, "properties": {"record_id": "oai:u-bordeaux-montaigne.fr:340435", "symbol_class": "building", "pixel_x": 6136.3, "pixel_y": 5415.8, "easting": 418893.2, "northing": 321939.7, "epsg_source": 22391}}, {"type": "Feature", "geometry": {"type": "Point", "coordinates": [8.942236, 36.1986495]}, "properties": {"record_id": "oai:u-bordeaux-montaigne.fr:340435", "symbol_class": "building", "pixel_x": 4958.7, "pixel_y": 5420.2, "easting": 413844.0, "northing": 322289.7, "epsg_source": 22391}}, {"type": "Feature", "geometry": {"type": "Point", "coordinates": [8.9963283, 36.1959159]}, "properties": {"record_id": "oai:u-bordeaux-montaigne.fr:340435", "symbol_class": "building", "pixel_x": 6092.4, "pixel_y": 5418.9, "easting": 418704.1, "northing": 321940.0, "epsg_source": 22391}}, {"type": "Feature", "geometry": {"type": "Point", "coordinates": [8.9937323, 36.1959277]}, "properties": {"record_id": "oai:u-bordeaux-montaigne.fr:340435", "symbol_class": "building", "pixel_x": 6038.2, "pixel_y": 5422.1, "easting": 418470.8, "northing": 321943.5, "epsg_source": 22391}}, {"type": "Feature", "geometry": {"type": "Point", "coordinates": [8.9944, 36.195896]}, "properties": {"record_id": "oai:u-bordeaux-montaigne.fr:340435", "symbol_class": "building", "pixel_x": 6052.2, "pixel_y": 5422.1, "easting": 418530.8, "northing": 321939.4, "epsg_source": 22391}}, {"type": "Feature", "geometry": {"type": "Point", "coordinates": [8.9881012, 36.195874]}, "properties": {"record_id": "oai:u-bordeaux-montaigne.fr:340435", "symbol_class": "building", "pixel_x": 5920.7, "pixel_y": 5431.2, "easting": 417964.5, "northing": 321942.3, "epsg_source": 22391}}, {"type": "Feature", "geometry": {"type": "Point", "coordinates": [8.8279808, 36.2037671]}, "properties": {"record_id": "oai:u-bordeaux-montaigne.fr:340435", "symbol_class": "building", "pixel_x": 2565.0, "pixel_y": 5438.1, "easting": 403578.8, "northing": 322964.2, "epsg_source": 22391}}, {"type": "Feature", "geometry": {"type": "Point", "coordinates": [8.8222498, 36.2036337]}, "properties": {"record_id": "oai:u-bordeaux-montaigne.fr:340435", "symbol_class": "building", "pixel_x": 2445.5, "pixel_y": 5449.1, "easting": 403063.5, "northing": 322955.1, "epsg_source": 22391}}, {"type": "Feature", "geometry": {"type": "Point", "coordinates": [8.8212102, 36.2036883]}, "properties": {"record_id": "oai:u-bordeaux-montaigne.fr:340435", "symbol_class": "building", "pixel_x": 2423.8, "pixel_y": 5449.1, "easting": 402970.1, "northing": 322962.2, "epsg_source": 22391}}, {"type": "Feature", "geometry": {"type": "Point", "coordinates": [8.8265205, 36.2034122]}, "properties": {"record_id": "oai:u-bordeaux-montaigne.fr:340435", "symbol_class": "building", "pixel_x": 2535.1, "pixel_y": 5449.3, "easting": 403447.1, "northing": 322926.3, "epsg_source": 22391}}, {"type": "Feature", "geometry": {"type": "Point", "coordinates": [8.8196578, 36.2036931]}, "properties": {"record_id": "oai:u-bordeaux-montaigne.fr:340435", "symbol_class": "building", "pixel_x": 2391.3, "pixel_y": 5451.0, "easting": 402830.5, "northing": 322964.3, "epsg_source": 22391}}, {"type": "Feature", "geometry": {"type": "Point", "coordinates": [8.7601007, 36.2064613]}, "properties": {"record_id": "oai:u-bordeaux-montaigne.fr:340435", "symbol_class": "building", "pixel_x": 1143.5, "pixel_y": 5456.4, "easting": 397480.4, "northing": 323332.3, "epsg_source": 22391}}, {"type": "Feature", "geometry": {"type": "Point", "coordinates": [8.815333, 36.2034928]}, "properties": {"record_id": "oai:u-bordeaux-montaigne.fr:340435", "symbol_class": "building", "pixel_x": 2301.3, "pixel_y": 5461.9, "easting": 402441.5, "northing": 322946.4, "epsg_source": 22391}}, {"type": "Feature", "geometry": {"type": "Point", "coordinates": [8.8145482, 36.2036113]}, "properties": {"record_id": "oai:u-bordeaux-montaigne.fr:340435", "symbol_class": "building", "pixel_x": 2284.8, "pixel_y": 5459.9, "easting": 402371.1, "northing": 322960.3, "epsg_source": 22391}}, {"type": "Feature", "geometry": {"type": "Point", "coordinates": [8.9692634, 36.1957495]}, "properties": {"record_id": "oai:u-bordeaux-montaigne.fr:340435", "symbol_class": "building", "pixel_x": 5527.6, "pixel_y": 5459.9, "easting": 416270.7, "northing": 321944.5, "epsg_source": 22391}}, {"type": "Feature", "geometry": {"type": "Point", "coordinates": [8.7677008, 36.2058431]}, "properties": {"record_id": "oai:u-bordeaux-montaigne.fr:340435", "symbol_class": "building", "pixel_x": 1303.1, "pixel_y": 5462.7, "easting": 398162.7, "northing": 323255.8, "epsg_source": 22391}}, {"type": "Feature", "geometry": {"type": "Point", "coordinates": [8.7601653, 36.2062152]}, "properties": {"record_id": "oai:u-bordeaux-montaigne.fr:340435", "symbol_class": "building", "pixel_x": 1145.2, "pixel_y": 5462.8, "easting": 397485.8, "northing": 323304.9, "epsg_source": 22391}}, {"type": "Feature", "geometry": {"type": "Point", "coordinates": [8.7671243, 36.2057899]}, "properties": {"record_id": "oai:u-bordeaux-montaigne.fr:340435", "symbol_class": "building", "pixel_x": 1291.2, "pixel_y": 5464.9, "easting": 398110.8, "northing": 323250.5, "epsg_source": 22391}}, {"type": "Feature", "geometry": {"type": "Point", "coordinates": [8.8112002, 36.203622]}, "properties": {"record_id": "oai:u-bordeaux-montaigne.fr:340435", "symbol_class": "building", "pixel_x": 2214.8, "pixel_y": 5464.0, "easting": 402070.2, "northing": 322964.9, "epsg_source": 22391}}, {"type": "Feature", "geometry": {"type": "Point", "coordinates": [8.9297704, 36.1973816]}, "properties": {"record_id": "oai:u-bordeaux-montaigne.fr:340435", "symbol_class": "building", "pixel_x": 4700.4, "pixel_y": 5470.2, "easting": 412722.0, "northing": 322160.1, "epsg_source": 22391}}, {"type": "Feature", "geometry": {"type": "Point", "coordinates": [8.8149343, 36.2032176]}, "properties": {"record_id": "oai:u-bordeaux-montaigne.fr:340435", "symbol_class": "building", "pixel_x": 2293.4, "pixel_y": 5469.7, "easting": 402405.3, "northing": 322916.3, "epsg_source": 22391}}, {"type": "Feature", "geometry": {"type": "Point", "coordinates": [8.8157114, 36.2031618]}, "properties": {"record_id": "oai:u-bordeaux-montaigne.fr:340435", "symbol_class": "building", "pixel_x": 2309.7, "pixel_y": 5470.1, "easting": 402475.1, "northing": 322909.3, "epsg_source": 22391}}, {"type": "Feature", "geometry": {"type": "Point", "coordinates": [8.8054267, 36.2035782]}, "properties": {"record_id": "oai:u-bordeaux-montaigne.fr:340435", "symbol_class": "building", "pixel_x": 2094.4, "pixel_y": 5472.7, "easting": 401551.1, "northing": 322965.8, "epsg_source": 22391}}, {"type": "Feature", "geometry": {"type": "Point", "coordinates": [8.9599182, 36.1957157]}, "properties": {"record_id": "oai:u-bordeaux-montaigne.fr:340435", "symbol_class": "building", "pixel_x": 5332.5, "pixel_y": 5473.3, "easting": 415430.5, "northing": 321948.8, "epsg_source": 22391}}, {"type": "Feature", "geometry": {"type": "Point", "coordinates": [8.8151418, 36.2029831]}, "properties": {"record_id": "oai:u-bordeaux-montaigne.fr:340435", "symbol_class": "building", "pixel_x": 2298.1, "pixel_y": 5475.5, "easting": 402423.7, "northing": 322890.1, "epsg_source": 22391}}, {"type": "Feature", "geometry": {"type": "Point", "coordinates": [8.8004397, 36.2035453]}, "properties": {"record_id": "oai:u-bordeaux-montaigne.fr:340435", "symbol_class": "building", "pixel_x": 1990.3, "pixel_y": 5480.1, "easting": 401102.8, "northing": 322967.2, "epsg_source": 22391}}, {"type": "Feature", "geometry": {"type": "Point", "coordinates": [8.9543978, 36.1956841]}, "properties": {"record_id": "oai:u-bordeaux-montaigne.fr:340435", "symbol_class": "building", "pixel_x": 5217.3, "pixel_y": 5481.6, "easting": 414934.2, "northing": 321950.1, "epsg_source": 22391}}, {"type": "Feature", "geometry": {"type": "Point", "coordinates": [8.95311, 36.1956677]}, "properties": {"record_id": "oai:u-bordeaux-montaigne.fr:340435", "symbol_class": "building", "pixel_x": 5190.4, "pixel_y": 5483.8, "easting": 414818.4, "northing": 321949.4, "epsg_source": 22391}}, {"type": "Feature", "geometry": {"type": "Point", "coordinates": [8.8141049, 36.2024122]}, "properties": {"record_id": "oai:u-bordeaux-montaigne.fr:340435", "symbol_class": "building", "pixel_x": 2277.4, "pixel_y": 5491.9, "easting": 402329.8, "northing": 322827.8, "epsg_source": 22391}}, {"type": "Feature", "geometry": {"type": "Point", "coordinates": [8.9501536, 36.1956368]}, "properties": {"record_id": "oai:u-bordeaux-montaigne.fr:340435", "symbol_class": "building", "pixel_x": 5128.7, "pixel_y": 5488.5, "easting": 414552.6, "northing": 321948.6, "epsg_source": 22391}}, {"type": "Feature", "geometry": {"type": "Point", "coordinates": [8.7917994, 36.2034531]}, "properties": {"record_id": "oai:u-bordeaux-montaigne.fr:340435", "symbol_class": "building", "pixel_x": 1810.0, "pixel_y": 5493.8, "easting": 400325.9, "northing": 322965.8, "epsg_source": 22391}}, {"type": "Feature", "geometry": {"type": "Point", "coordinates": [8.9464335, 36.195622]}, "properties": {"record_id": "oai:u-bordeaux-montaigne.fr:340435", "symbol_class": "building", "pixel_x": 5051.1, "pixel_y": 5493.9, "easting": 414218.1, "northing": 321950.2, "epsg_source": 22391}}, {"type": "Feature", "geometry": {"type": "Point", "coordinates": [8.7906833, 36.2034457]}, "properties": {"record_id": "oai:u-bordeaux-montaigne.fr:340435", "symbol_class": "building", "pixel_x": 1786.7, "pixel_y": 5495.5, "easting": 400225.6, "northing": 322966.1, "epsg_source": 22391}}, {"type": "Feature", "geometry": {"type": "Point", "coordinates": [8.7623274, 36.2047031]}, "properties": {"record_id": "oai:u-bordeaux-montaigne.fr:340435", "symbol_class": "building", "pixel_x": 1192.7, "pixel_y": 5499.6, "easting": 397678.2, "northing": 323135.0, "epsg_source": 22391}}, {"type": "Feature", "geometry": {"type": "Point", "coordinates": [8.7857832, 36.2034265]}, "properties": {"record_id": "oai:u-bordeaux-montaigne.fr:340435", "symbol_class": "building", "pixel_x": 1684.4, "pixel_y": 5502.4, "easting": 399785.1, "northing": 322969.0, "epsg_source": 22391}}, {"type": "Feature", "geometry": {"type": "Point", "coordinates": [8.8475618, 36.199961]}, "properties": {"record_id": "oai:u-bordeaux-montaigne.fr:340435", "symbol_class": "building", "pixel_x": 2979.8, "pixel_y": 5512.0, "easting": 405334.4, "northing": 322522.9, "epsg_source": 22391}}, {"type": "Feature", "geometry": {"type": "Point", "coordinates": [8.7537787, 36.2047142]}, "properties": {"record_id": "oai:u-bordeaux-montaigne.fr:340435", "symbol_class": "building", "pixel_x": 1014.2, "pixel_y": 5510.4, "easting": 396909.8, "northing": 323145.2, "epsg_source": 22391}}, {"type": "Feature", "geometry": {"type": "Point", "coordinates": [8.7812815, 36.203361]}, "properties": {"record_id": "oai:u-bordeaux-montaigne.fr:340435", "symbol_class": "building", "pixel_x": 1590.5, "pixel_y": 5510.0, "easting": 399380.3, "northing": 322966.4, "epsg_source": 22391}}, {"type": "Feature", "geometry": {"type": "Point", "coordinates": [8.8743374, 36.1985766]}, "properties": {"record_id": "oai:u-bordeaux-montaigne.fr:340435", "symbol_class": "building", "pixel_x": 3541.0, "pixel_y": 5512.8, "easting": 407739.9, "northing": 322343.7, "epsg_source": 22391}}, {"type": "Feature", "geometry": {"type": "Point", "coordinates": [8.935327, 36.1954927]}, "properties": {"record_id": "oai:u-bordeaux-montaigne.fr:340435", "symbol_class": "building", "pixel_x": 4819.4, "pixel_y": 5512.2, "easting": 413219.5, "northing": 321945.7, "epsg_source": 22391}}, {"type": "Feature", "geometry": {"type": "Point", "coordinates": [9.0933865, 36.1872662]}, "properties": {"record_id": "oai:u-bordeaux-montaigne.fr:340435", "symbol_class": "building", "pixel_x": 8132.9, "pixel_y": 5513.1, "easting": 427422.1, "northing": 320904.1, "epsg_source": 22391}}, {"type": "Feature", "geometry": {"type": "Point", "coordinates": [9.0891663, 36.1873117]}, "properties": {"record_id": "oai:u-bordeaux-montaigne.fr:340435", "symbol_class": "building", "pixel_x": 8044.8, "pixel_y": 5517.7, "easting": 427042.7, "northing": 320912.3, "epsg_source": 22391}}, {"type": "Feature", "geometry": {"type": "Point", "coordinates": [8.848223, 36.199533]}, "properties": {"record_id": "oai:u-bordeaux-montaigne.fr:340435", "symbol_class": "building", "pixel_x": 2994.2, "pixel_y": 5522.3, "easting": 405393.4, "northing": 322474.8, "epsg_source": 22391}}, {"type": "Feature", "geometry": {"type": "Point", "coordinates": [8.7742838, 36.2032954]}, "properties": {"record_id": "oai:u-bordeaux-montaigne.fr:340435", "symbol_class": "building", "pixel_x": 1444.5, "pixel_y": 5520.9, "easting": 398751.2, "northing": 322966.3, "epsg_source": 22391}}, {"type": "Feature", "geometry": {"type": "Point", "coordinates": [9.087168, 36.187281]}, "properties": {"record_id": "oai:u-bordeaux-montaigne.fr:340435", "symbol_class": "building", "pixel_x": 8003.1, "pixel_y": 5521.2, "easting": 426863.0, "northing": 320910.4, "epsg_source": 22391}}, {"type": "Feature", "geometry": {"type": "Point", "coordinates": [8.7728309, 36.2032475]}, "properties": {"record_id": "oai:u-bordeaux-montaigne.fr:340435", "symbol_class": "building", "pixel_x": 1414.2, "pixel_y": 5524.0, "easting": 398620.5, "northing": 322962.5, "epsg_source": 22391}}, {"type": "Feature", "geometry": {"type": "Point", "coordinates": [8.9275564, 36.1954166]}, "properties": {"record_id": "oai:u-bordeaux-montaigne.fr:340435", "symbol_class": "building", "pixel_x": 4657.2, "pixel_y": 5524.6, "easting": 412520.8, "northing": 321944.2, "epsg_source": 22391}}, {"type": "Feature", "geometry": {"type": "Point", "coordinates": [8.7722031, 36.2032299]}, "properties": {"record_id": "oai:u-bordeaux-montaigne.fr:340435", "symbol_class": "building", "pixel_x": 1401.2, "pixel_y": 5525.3, "easting": 398564.1, "northing": 322961.2, "epsg_source": 22391}}, {"type": "Feature", "geometry": {"type": "Point", "coordinates": [8.769257, 36.2032337]}, "properties": {"record_id": "oai:u-bordeaux-montaigne.fr:340435", "symbol_class": "building", "pixel_x": 1339.6, "pixel_y": 5529.1, "easting": 398299.3, "northing": 322964.7, "epsg_source": 22391}}, {"type": "Feature", "geometry": {"type": "Point", "coordinates": [8.8149873, 36.2006245]}, "properties": {"record_id": "oai:u-bordeaux-montaigne.fr:340435", "symbol_class": "building", "pixel_x": 2298.5, "pixel_y": 5537.5, "easting": 402406.9, "northing": 322628.6, "epsg_source": 22391}}, {"type": "Feature", "geometry": {"type": "Point", "coordinates": [8.920974, 36.1953931]}, "properties": {"record_id": "oai:u-bordeaux-montaigne.fr:340435", "symbol_class": "building", "pixel_x": 4519.8, "pixel_y": 5534.0, "easting": 411929.0, "northing": 321947.5, "epsg_source": 22391}}, {"type": "Feature", "geometry": {"type": "Point", "coordinates": [9.0786911, 36.1872436]}, "properties": {"record_id": "oai:u-bordeaux-montaigne.fr:340435", "symbol_class": "building", "pixel_x": 7826.1, "pixel_y": 5533.8, "easting": 426100.8, "northing": 320912.6, "epsg_source": 22391}}, {"type": "Feature", "geometry": {"type": "Point", "coordinates": [8.9200333, 36.195369]}, "properties": {"record_id": "oai:u-bordeaux-montaigne.fr:340435", "symbol_class": "building", "pixel_x": 4500.2, "pixel_y": 5535.9, "easting": 411844.4, "northing": 321945.6, "epsg_source": 22391}}, {"type": "Feature", "geometry": {"type": "Point", "coordinates": [8.7613602, 36.2031671]}, "properties": {"record_id": "oai:u-bordeaux-montaigne.fr:340435", "symbol_class": "building", "pixel_x": 1174.8, "pixel_y": 5541.1, "easting": 397589.3, "northing": 322965.6, "epsg_source": 22391}}, {"type": "Feature", "geometry": {"type": "Point", "coordinates": [8.9160432, 36.195371]}, "properties": {"record_id": "oai:u-bordeaux-montaigne.fr:340435", "symbol_class": "building", "pixel_x": 4416.9, "pixel_y": 5541.2, "easting": 411485.6, "northing": 321949.5, "epsg_source": 22391}}, {"type": "Feature", "geometry": {"type": "Point", "coordinates": [8.7549709, 36.2034022]}, "properties": {"record_id": "oai:u-bordeaux-montaigne.fr:340435", "symbol_class": "building", "pixel_x": 1041.1, "pixel_y": 5543.2, "easting": 397015.3, "northing": 322998.4, "epsg_source": 22391}}, {"type": "Feature", "geometry": {"type": "Point", "coordinates": [8.7596373, 36.2031468]}, "properties": {"record_id": "oai:u-bordeaux-montaigne.fr:340435", "symbol_class": "building", "pixel_x": 1138.9, "pixel_y": 5543.9, "easting": 397434.4, "northing": 322965.2, "epsg_source": 22391}}, {"type": "Feature", "geometry": {"type": "Point", "coordinates": [8.7576524, 36.2031207]}, "properties": {"record_id": "oai:u-bordeaux-montaigne.fr:340435", "symbol_class": "building", "pixel_x": 1097.5, "pixel_y": 5547.1, "easting": 397255.9, "northing": 322964.4, "epsg_source": 22391}}, {"type": "Feature", "geometry": {"type": "Point", "coordinates": [8.9110743, 36.1952909]}, "properties": {"record_id": "oai:u-bordeaux-montaigne.fr:340435", "symbol_class": "building", "pixel_x": 4313.3, "pixel_y": 5549.9, "easting": 411038.8, "northing": 321945.1, "epsg_source": 22391}}, {"type": "Feature", "geometry": {"type": "Point", "coordinates": [9.0660523, 36.1871872]}, "properties": {"record_id": "oai:u-bordeaux-montaigne.fr:340435", "symbol_class": "building", "pixel_x": 7562.3, "pixel_y": 5552.6, "easting": 424964.3, "northing": 320916.0, "epsg_source": 22391}}, {"type": "Feature", "geometry": {"type": "Point", "coordinates": [8.9089377, 36.1952819]}, "properties": {"record_id": "oai:u-bordeaux-montaigne.fr:340435", "symbol_class": "building", "pixel_x": 4268.7, "pixel_y": 5553.0, "easting": 410846.7, "northing": 321946.1, "epsg_source": 22391}}, {"type": "Feature", "geometry": {"type": "Point", "coordinates": [9.0648955, 36.1872385]}, "properties": {"record_id": "oai:u-bordeaux-montaigne.fr:340435", "symbol_class": "building", "pixel_x": 7538.1, "pixel_y": 5552.9, "easting": 424860.4, "northing": 320922.6, "epsg_source": 22391}}, {"type": "Feature", "geometry": {"type": "Point", "coordinates": [8.9080507, 36.1952793]}, "properties": {"record_id": "oai:u-bordeaux-montaigne.fr:340435", "symbol_class": "building", "pixel_x": 4250.1, "pixel_y": 5554.3, "easting": 410767.0, "northing": 321946.6, "epsg_source": 22391}}, {"type": "Feature", "geometry": {"type": "Point", "coordinates": [8.7645403, 36.2023062]}, "properties": {"record_id": "oai:u-bordeaux-montaigne.fr:340435", "symbol_class": "building", "pixel_x": 1242.6, "pixel_y": 5559.5, "easting": 397874.1, "northing": 322866.8, "epsg_source": 22391}}, {"type": "Feature", "geometry": {"type": "Point", "coordinates": [8.907301, 36.195278]}, "properties": {"record_id": "oai:u-bordeaux-montaigne.fr:340435", "symbol_class": "building", "pixel_x": 4234.5, "pixel_y": 5555.3, "easting": 410699.6, "northing": 321947.1, "epsg_source": 22391}}, {"type": "Feature", "geometry": {"type": "Point", "coordinates": [9.0636195, 36.1871875]}, "properties": {"record_id": "oai:u-bordeaux-montaigne.fr:340435", "symbol_class": "building", "pixel_x": 7511.5, "pixel_y": 5556.0, "easting": 424745.6, "northing": 320917.9, "epsg_source": 22391}}, {"type": "Feature", "geometry": {"type": "Point", "coordinates": [8.7497758, 36.2030522]}, "properties": {"record_id": "oai:u-bordeaux-montaigne.fr:340435", "symbol_class": "building", "pixel_x": 933.1, "pixel_y": 5559.2, "easting": 396547.8, "northing": 322965.1, "epsg_source": 22391}}, {"type": "Feature", "geometry": {"type": "Point", "coordinates": [8.7484952, 36.203011]}, "properties": {"record_id": "oai:u-bordeaux-montaigne.fr:340435", "symbol_class": "building", "pixel_x": 906.4, "pixel_y": 5561.9, "easting": 396432.6, "northing": 322961.9, "epsg_source": 22391}}, {"type": "Feature", "geometry": {"type": "Point", "coordinates": [9.0907569, 36.1853337]}, "properties": {"record_id": "oai:u-bordeaux-montaigne.fr:340435", "symbol_class": "building", "pixel_x": 8081.2, "pixel_y": 5567.3, "easting": 427183.9, "northing": 320691.7, "epsg_source": 22391}}, {"type": "Feature", "geometry": {"type": "Point", "coordinates": [8.7767325, 36.2013903]}, "properties": {"record_id": "oai:u-bordeaux-montaigne.fr:340435", "symbol_class": "building", "pixel_x": 1498.6, "pixel_y": 5567.6, "easting": 398968.9, "northing": 322752.5, "epsg_source": 22391}}, {"type": "Feature", "geometry": {"type": "Point", "coordinates": [8.9017203, 36.1952513]}, "properties": {"record_id": "oai:u-bordeaux-montaigne.fr:340435", "symbol_class": "building", "pixel_x": 4118.0, "pixel_y": 5563.5, "easting": 410197.8, "northing": 321949.3, "epsg_source": 22391}}, {"type": "Feature", "geometry": {"type": "Point", "coordinates": [9.0582566, 36.1871971]}, "properties": {"record_id": "oai:u-bordeaux-montaigne.fr:340435", "symbol_class": "building", "pixel_x": 7399.5, "pixel_y": 5563.0, "easting": 424263.4, "northing": 320923.1, "epsg_source": 22391}}, {"type": "Feature", "geometry": {"type": "Point", "coordinates": [8.9000918, 36.1952473]}, "properties": {"record_id": "oai:u-bordeaux-montaigne.fr:340435", "symbol_class": "building", "pixel_x": 4084.0, "pixel_y": 5565.7, "easting": 410051.4, "northing": 321950.4, "epsg_source": 22391}}, {"type": "Feature", "geometry": {"type": "Point", "coordinates": [8.9006092, 36.1952231]}, "properties": {"record_id": "oai:u-bordeaux-montaigne.fr:340435", "symbol_class": "building", "pixel_x": 4094.8, "pixel_y": 5565.7, "easting": 410097.9, "northing": 321947.2, "epsg_source": 22391}}, {"type": "Feature", "geometry": {"type": "Point", "coordinates": [8.748143, 36.2026647]}, "properties": {"record_id": "oai:u-bordeaux-montaigne.fr:340435", "symbol_class": "building", "pixel_x": 899.6, "pixel_y": 5571.5, "easting": 396400.5, "northing": 322923.8, "epsg_source": 22391}}, {"type": "Feature", "geometry": {"type": "Point", "coordinates": [8.748513, 36.2025828]}, "properties": {"record_id": "oai:u-bordeaux-montaigne.fr:340435", "symbol_class": "building", "pixel_x": 907.5, "pixel_y": 5573.1, "easting": 396433.7, "northing": 322914.4, "epsg_source": 22391}}, {"type": "Feature", "geometry": {"type": "Point", "coordinates": [8.7762274, 36.2010862]}, "properties": {"record_id": "oai:u-bordeaux-montaigne.fr:340435", "symbol_class": "building", "pixel_x": 1488.5, "pixel_y": 5576.2, "easting": 398923.1, "northing": 322719.3, "epsg_source": 22391}}, {"type": "Feature", "geometry": {"type": "Point", "coordinates": [9.0543537, 36.1871797]}, "properties": {"record_id": "oai:u-bordeaux-montaigne.fr:340435", "symbol_class": "building", "pixel_x": 7318.0, "pixel_y": 5568.8, "easting": 423912.4, "northing": 320924.2, "epsg_source": 22391}}, {"type": "Feature", "geometry": {"type": "Point", "coordinates": [8.8964171, 36.1952094]}, "properties": {"record_id": "oai:u-bordeaux-montaigne.fr:340435", "symbol_class": "building", "pixel_x": 4007.3, "pixel_y": 5571.6, "easting": 409721.0, "northing": 321949.6, "epsg_source": 22391}}, {"type": "Feature", "geometry": {"type": "Point", "coordinates": [9.0526904, 36.1871473]}, "properties": {"record_id": "oai:u-bordeaux-montaigne.fr:340435", "symbol_class": "building", "pixel_x": 7283.3, "pixel_y": 5572.0, "easting": 423762.9, "northing": 320921.9, "epsg_source": 22391}}, {"type": "Feature", "geometry": {"type": "Point", "coordinates": [8.9057155, 36.1944791]}, "properties": {"record_id": "oai:u-bordeaux-montaigne.fr:340435", "symbol_class": "building", "pixel_x": 4202.6, "pixel_y": 5578.4, "easting": 410556.1, "northing": 321860.0, "epsg_source": 22391}}, {"type": "Feature", "geometry": {"type": "Point", "coordinates": [8.8918574, 36.1951651]}, "properties": {"record_id": "oai:u-bordeaux-montaigne.fr:340435", "symbol_class": "building", "pixel_x": 3912.2, "pixel_y": 5578.9, "easting": 409311.0, "northing": 321948.9, "epsg_source": 22391}}, {"type": "Feature", "geometry": {"type": "Point", "coordinates": [9.0475864, 36.1871397]}, "properties": {"record_id": "oai:u-bordeaux-montaigne.fr:340435", "symbol_class": "building", "pixel_x": 7176.8, "pixel_y": 5579.1, "easting": 423303.9, "northing": 320925.1, "epsg_source": 22391}}, {"type": "Feature", "geometry": {"type": "Point", "coordinates": [9.0922372, 36.1845921]}, "properties": {"record_id": "oai:u-bordeaux-montaigne.fr:340435", "symbol_class": "building", "pixel_x": 8113.3, "pixel_y": 5584.7, "easting": 427316.3, "northing": 320608.3, "epsg_source": 22391}}, {"type": "Feature", "geometry": {"type": "Point", "coordinates": [9.0943347, 36.1844117]}, "properties": {"record_id": "oai:u-bordeaux-montaigne.fr:340435", "symbol_class": "building", "pixel_x": 8157.4, "pixel_y": 5586.5, "easting": 427504.8, "northing": 320586.8, "epsg_source": 22391}}, {"type": "Feature", "geometry": {"type": "Point", "coordinates": [8.7478019, 36.202297]}, "properties": {"record_id": "oai:u-bordeaux-montaigne.fr:340435", "symbol_class": "building", "pixel_x": 893.1, "pixel_y": 5581.5, "easting": 396369.4, "northing": 322883.4, "epsg_source": 22391}}, {"type": "Feature", "geometry": {"type": "Point", "coordinates": [8.8890367, 36.1951887]}, "properties": {"record_id": "oai:u-bordeaux-montaigne.fr:340435", "symbol_class": "building", "pixel_x": 3853.2, "pixel_y": 5582.0, "easting": 409057.4, "northing": 321954.1, "epsg_source": 22391}}, {"type": "Feature", "geometry": {"type": "Point", "coordinates": [8.8896448, 36.1951519]}, "properties": {"record_id": "oai:u-bordeaux-montaigne.fr:340435", "symbol_class": "building", "pixel_x": 3866.0, "pixel_y": 5582.2, "easting": 409112.1, "northing": 321949.5, "epsg_source": 22391}}, {"type": "Feature", "geometry": {"type": "Point", "coordinates": [8.9050465, 36.1942254]}, "properties": {"record_id": "oai:u-bordeaux-montaigne.fr:340435", "symbol_class": "building", "pixel_x": 4189.1, "pixel_y": 5585.9, "easting": 410495.7, "northing": 321832.5, "epsg_source": 22391}}, {"type": "Feature", "geometry": {"type": "Point", "coordinates": [8.9057376, 36.1940102]}, "properties": {"record_id": "oai:u-bordeaux-montaigne.fr:340435", "symbol_class": "building", "pixel_x": 4203.8, "pixel_y": 5590.6, "easting": 410557.6, "northing": 321807.9, "epsg_source": 22391}}, {"type": "Feature", "geometry": {"type": "Point", "coordinates": [8.8846941, 36.195131]}, "properties": {"record_id": "oai:u-bordeaux-montaigne.fr:340435", "symbol_class": "building", "pixel_x": 3762.7, "pixel_y": 5589.3, "easting": 408667.0, "northing": 321951.8, "epsg_source": 22391}}, {"type": "Feature", "geometry": {"type": "Point", "coordinates": [9.0400432, 36.1871323]}, "properties": {"record_id": "oai:u-bordeaux-montaigne.fr:340435", "symbol_class": "building", "pixel_x": 7019.3, "pixel_y": 5589.6, "easting": 422625.7, "northing": 320930.2, "epsg_source": 22391}}, {"type": "Feature", "geometry": {"type": "Point", "coordinates": [9.0409522, 36.1870857]}, "properties": {"record_id": "oai:u-bordeaux-montaigne.fr:340435", "symbol_class": "building", "pixel_x": 7038.3, "pixel_y": 5589.6, "easting": 422707.4, "northing": 320924.3, "epsg_source": 22391}}, {"type": "Feature", "geometry": {"type": "Point", "coordinates": [9.0925435, 36.1843867]}, "properties": {"record_id": "oai:u-bordeaux-montaigne.fr:340435", "symbol_class": "building", "pixel_x": 8120.0, "pixel_y": 5589.6, "easting": 427343.7, "northing": 320585.3, "epsg_source": 22391}}, {"type": "Feature", "geometry": {"type": "Point", "coordinates": [8.8835043, 36.1951171]}, "properties": {"record_id": "oai:u-bordeaux-montaigne.fr:340435", "symbol_class": "building", "pixel_x": 3737.8, "pixel_y": 5591.2, "easting": 408560.0, "northing": 321951.3, "epsg_source": 22391}}, {"type": "Feature", "geometry": {"type": "Point", "coordinates": [8.8816727, 36.1951205]}, "properties": {"record_id": "oai:u-bordeaux-montaigne.fr:340435", "symbol_class": "building", "pixel_x": 3699.6, "pixel_y": 5593.6, "easting": 408395.3, "northing": 321953.4, "epsg_source": 22391}}, {"type": "Feature", "geometry": {"type": "Point", "coordinates": [9.0387499, 36.1870932]}, "properties": {"record_id": "oai:u-bordeaux-montaigne.fr:340435", "symbol_class": "building", "pixel_x": 6992.3, "pixel_y": 5592.4, "easting": 422509.4, "northing": 320926.9, "epsg_source": 22391}}, {"type": "Feature", "geometry": {"type": "Point", "coordinates": [9.0374745, 36.1870848]}, "properties": {"record_id": "oai:u-bordeaux-montaigne.fr:340435", "symbol_class": "building", "pixel_x": 6965.7, "pixel_y": 5594.4, "easting": 422394.7, "northing": 320927.0, "epsg_source": 22391}}, {"type": "Feature", "geometry": {"type": "Point", "coordinates": [8.7984596, 36.1990939]}, "properties": {"record_id": "oai:u-bordeaux-montaigne.fr:340435", "symbol_class": "building", "pixel_x": 1955.8, "pixel_y": 5599.3, "easting": 400919.2, "northing": 322475.5, "epsg_source": 22391}}, {"type": "Feature", "geometry": {"type": "Point", "coordinates": [8.8687987, 36.1954782]}, "properties": {"record_id": "oai:u-bordeaux-montaigne.fr:340435", "symbol_class": "building", "pixel_x": 3430.2, "pixel_y": 5601.3, "easting": 407238.3, "northing": 322005.3, "epsg_source": 22391}}, {"type": "Feature", "geometry": {"type": "Point", "coordinates": [9.0351168, 36.187055]}, "properties": {"record_id": "oai:u-bordeaux-montaigne.fr:340435", "symbol_class": "building", "pixel_x": 6916.5, "pixel_y": 5598.4, "easting": 422182.7, "northing": 320925.6, "epsg_source": 22391}}, {"type": "Feature", "geometry": {"type": "Point", "coordinates": [8.8765236, 36.1950801]}, "properties": {"record_id": "oai:u-bordeaux-montaigne.fr:340435", "symbol_class": "building", "pixel_x": 3592.1, "pixel_y": 5601.5, "easting": 407932.4, "northing": 321953.8, "epsg_source": 22391}}, {"type": "Feature", "geometry": {"type": "Point", "coordinates": [9.0928509, 36.1838322]}, "properties": {"record_id": "oai:u-bordeaux-montaigne.fr:340435", "symbol_class": "building", "pixel_x": 8127.3, "pixel_y": 5603.7, "easting": 427370.8, "northing": 320523.6, "epsg_source": 22391}}, {"type": "Feature", "geometry": {"type": "Point", "coordinates": [8.9284941, 36.1921503]}, "properties": {"record_id": "oai:u-bordeaux-montaigne.fr:340435", "symbol_class": "building", "pixel_x": 4682.0, "pixel_y": 5608.9, "easting": 412601.5, "northing": 321581.0, "epsg_source": 22391}}, {"type": "Feature", "geometry": {"type": "Point", "coordinates": [8.8727239, 36.1950475]}, "properties": {"record_id": "oai:u-bordeaux-montaigne.fr:340435", "symbol_class": "building", "pixel_x": 3512.8, "pixel_y": 5607.4, "easting": 407590.7, "northing": 321953.8, "epsg_source": 22391}}, {"type": "Feature", "geometry": {"type": "Point", "coordinates": [9.0291897, 36.187015]}, "properties": {"record_id": "oai:u-bordeaux-montaigne.fr:340435", "symbol_class": "building", "pixel_x": 6792.8, "pixel_y": 5607.5, "easting": 421649.7, "northing": 320925.9, "epsg_source": 22391}}, {"type": "Feature", "geometry": {"type": "Point", "coordinates": [8.8695257, 36.1950329]}, "properties": {"record_id": "oai:u-bordeaux-montaigne.fr:340435", "symbol_class": "building", "pixel_x": 3446.1, "pixel_y": 5612.0, "easting": 407303.2, "northing": 321955.2, "epsg_source": 22391}}, {"type": "Feature", "geometry": {"type": "Point", "coordinates": [9.0257948, 36.1870454]}, "properties": {"record_id": "oai:u-bordeaux-montaigne.fr:340435", "symbol_class": "building", "pixel_x": 6721.9, "pixel_y": 5611.3, "easting": 421344.5, "northing": 320932.0, "epsg_source": 22391}}, {"type": "Feature", "geometry": {"type": "Point", "coordinates": [8.9865519, 36.1889758]}, "properties": {"record_id": "oai:u-bordeaux-montaigne.fr:340435", "symbol_class": "building", "pixel_x": 5899.3, "pixel_y": 5614.0, "easting": 417818.0, "northing": 321178.5, "epsg_source": 22391}}, {"type": "Feature", "geometry": {"type": "Point", "coordinates": [9.024468, 36.1870074]}, "properties": {"record_id": "oai:u-bordeaux-montaigne.fr:340435", "symbol_class": "building", "pixel_x": 6694.2, "pixel_y": 5614.1, "easting": 421225.1, "northing": 320928.8, "epsg_source": 22391}}, {"type": "Feature", "geometry": {"type": "Point", "coordinates": [9.0238706, 36.1870222]}, "properties": {"record_id": "oai:u-bordeaux-montaigne.fr:340435", "symbol_class": "building", "pixel_x": 6681.7, "pixel_y": 5614.5, "easting": 421171.4, "northing": 320931.0, "epsg_source": 22391}}, {"type": "Feature", "geometry": {"type": "Point", "coordinates": [8.7778301, 36.199069]}, "properties": {"record_id": "oai:u-bordeaux-montaigne.fr:340435", "symbol_class": "building", "pixel_x": 1525.0, "pixel_y": 5627.0, "easting": 399064.6, "northing": 322493.9, "epsg_source": 22391}}, {"type": "Feature", "geometry": {"type": "Point", "coordinates": [8.8619574, 36.194975]}, "properties": {"record_id": "oai:u-bordeaux-montaigne.fr:340435", "symbol_class": "building", "pixel_x": 3288.1, "pixel_y": 5623.5, "easting": 406622.7, "northing": 321956.0, "epsg_source": 22391}}, {"type": "Feature", "geometry": {"type": "Point", "coordinates": [9.017368, 36.1869914]}, "properties": {"record_id": "oai:u-bordeaux-montaigne.fr:340435", "symbol_class": "building", "pixel_x": 6546.0, "pixel_y": 5624.2, "easting": 420586.7, "northing": 320932.8, "epsg_source": 22391}}, {"type": "Feature", "geometry": {"type": "Point", "coordinates": [8.7480833, 36.2002846]}, "properties": {"record_id": "oai:u-bordeaux-montaigne.fr:340435", "symbol_class": "building", "pixel_x": 902.0, "pixel_y": 5633.9, "easting": 396392.0, "northing": 322659.9, "epsg_source": 22391}}, {"type": "Feature", "geometry": {"type": "Point", "coordinates": [9.0121496, 36.1869339]}, "properties": {"record_id": "oai:u-bordeaux-montaigne.fr:340435", "symbol_class": "building", "pixel_x": 6437.1, "pixel_y": 5632.8, "easting": 420117.5, "northing": 320930.7, "epsg_source": 22391}}, {"type": "Feature", "geometry": {"type": "Point", "coordinates": [8.7489046, 36.2000035]}, "properties": {"record_id": "oai:u-bordeaux-montaigne.fr:340435", "symbol_class": "building", "pixel_x": 919.6, "pixel_y": 5640.2, "easting": 396465.5, "northing": 322627.9, "epsg_source": 22391}}, {"type": "Feature", "geometry": {"type": "Point", "coordinates": [8.9496052, 36.1899167]}, "properties": {"record_id": "oai:u-bordeaux-montaigne.fr:340435", "symbol_class": "building", "pixel_x": 5126.3, "pixel_y": 5639.1, "easting": 414497.1, "northing": 321314.6, "epsg_source": 22391}}, {"type": "Feature", "geometry": {"type": "Point", "coordinates": [8.9295061, 36.1907295]}, "properties": {"record_id": "oai:u-bordeaux-montaigne.fr:340435", "symbol_class": "building", "pixel_x": 4705.3, "pixel_y": 5644.8, "easting": 412690.9, "northing": 321422.5, "epsg_source": 22391}}, {"type": "Feature", "geometry": {"type": "Point", "coordinates": [8.7516621, 36.1997705]}, "properties": {"record_id": "oai:u-bordeaux-montaigne.fr:340435", "symbol_class": "building", "pixel_x": 977.5, "pixel_y": 5642.7, "easting": 396713.1, "northing": 322599.1, "epsg_source": 22391}}, {"type": "Feature", "geometry": {"type": "Point", "coordinates": [8.796057, 36.1974757]}, "properties": {"record_id": "oai:u-bordeaux-montaigne.fr:340435", "symbol_class": "building", "pixel_x": 1908.1, "pixel_y": 5644.9, "easting": 400701.2, "northing": 322298.5, "epsg_source": 22391}}, {"type": "Feature", "geometry": {"type": "Point", "coordinates": [9.0032404, 36.1868771]}, "properties": {"record_id": "oai:u-bordeaux-montaigne.fr:340435", "symbol_class": "building", "pixel_x": 6251.2, "pixel_y": 5646.3, "easting": 419316.3, "northing": 320931.7, "epsg_source": 22391}}, {"type": "Feature", "geometry": {"type": "Point", "coordinates": [8.9981509, 36.1868573]}, "properties": {"record_id": "oai:u-bordeaux-montaigne.fr:340435", "symbol_class": "building", "pixel_x": 6144.9, "pixel_y": 5653.8, "easting": 418858.7, "northing": 320933.8, "epsg_source": 22391}}, {"type": "Feature", "geometry": {"type": "Point", "coordinates": [9.0376491, 36.1846482]}, "properties": {"record_id": "oai:u-bordeaux-montaigne.fr:340435", "symbol_class": "building", "pixel_x": 6973.3, "pixel_y": 5657.9, "easting": 422408.0, "northing": 320656.6, "epsg_source": 22391}}, {"type": "Feature", "geometry": {"type": "Point", "coordinates": [8.797133, 36.1968709]}, "properties": {"record_id": "oai:u-bordeaux-montaigne.fr:340435", "symbol_class": "building", "pixel_x": 1931.5, "pixel_y": 5659.3, "easting": 400797.1, "northing": 322230.3, "epsg_source": 22391}}, {"type": "Feature", "geometry": {"type": "Point", "coordinates": [8.8341685, 36.1947545]}, "properties": {"record_id": "oai:u-bordeaux-montaigne.fr:340435", "symbol_class": "building", "pixel_x": 2708.2, "pixel_y": 5666.1, "easting": 404124.1, "northing": 321958.5, "epsg_source": 22391}}, {"type": "Feature", "geometry": {"type": "Point", "coordinates": [8.8332498, 36.1947377]}, "properties": {"record_id": "oai:u-bordeaux-montaigne.fr:340435", "symbol_class": "building", "pixel_x": 2689.0, "pixel_y": 5667.7, "easting": 404041.5, "northing": 321957.5, "epsg_source": 22391}}, {"type": "Feature", "geometry": {"type": "Point", "coordinates": [8.8338237, 36.1947275]}, "properties": {"record_id": "oai:u-bordeaux-montaigne.fr:340435", "symbol_class": "building", "pixel_x": 2701.0, "pixel_y": 5667.2, "easting": 404093.1, "northing": 321955.8, "epsg_source": 22391}}, {"type": "Feature", "geometry": {"type": "Point", "coordinates": [8.9894038, 36.1867895]}, "properties": {"record_id": "oai:u-bordeaux-montaigne.fr:340435", "symbol_class": "building", "pixel_x": 5962.4, "pixel_y": 5667.4, "easting": 418072.2, "northing": 320933.6, "epsg_source": 22391}}, {"type": "Feature", "geometry": {"type": "Point", "coordinates": [8.7549954, 36.1985056]}, "properties": {"record_id": "oai:u-bordeaux-montaigne.fr:340435", "symbol_class": "building", "pixel_x": 1049.1, "pixel_y": 5671.5, "easting": 397011.1, "northing": 322455.3, "epsg_source": 22391}}, {"type": "Feature", "geometry": {"type": "Point", "coordinates": [8.7974488, 36.1959607]}, "properties": {"record_id": "oai:u-bordeaux-montaigne.fr:340435", "symbol_class": "building", "pixel_x": 1939.5, "pixel_y": 5682.7, "easting": 400824.4, "northing": 322129.0, "epsg_source": 22391}}, {"type": "Feature", "geometry": {"type": "Point", "coordinates": [8.7502105, 36.1982197]}, "properties": {"record_id": "oai:u-bordeaux-montaigne.fr:340435", "symbol_class": "building", "pixel_x": 949.6, "pixel_y": 5685.2, "easting": 396580.5, "northing": 322428.6, "epsg_source": 22391}}, {"type": "Feature", "geometry": {"type": "Point", "coordinates": [8.8210202, 36.1946501]}, "properties": {"record_id": "oai:u-bordeaux-montaigne.fr:340435", "symbol_class": "building", "pixel_x": 2433.8, "pixel_y": 5686.1, "easting": 402941.9, "northing": 321959.9, "epsg_source": 22391}}, {"type": "Feature", "geometry": {"type": "Point", "coordinates": [8.8743462, 36.1917866]}, "properties": {"record_id": "oai:u-bordeaux-montaigne.fr:340435", "symbol_class": "building", "pixel_x": 3551.8, "pixel_y": 5690.6, "easting": 407732.7, "northing": 321590.6, "epsg_source": 22391}}, {"type": "Feature", "geometry": {"type": "Point", "coordinates": [9.0902965, 36.1806613]}, "properties": {"record_id": "oai:u-bordeaux-montaigne.fr:340435", "symbol_class": "building", "pixel_x": 8079.1, "pixel_y": 5690.3, "easting": 427138.2, "northing": 320173.8, "epsg_source": 22391}}, {"type": "Feature", "geometry": {"type": "Point", "coordinates": [8.8199292, 36.1946063]}, "properties": {"record_id": "oai:u-bordeaux-montaigne.fr:340435", "symbol_class": "building", "pixel_x": 2411.0, "pixel_y": 5688.7, "easting": 402843.8, "northing": 321956.2, "epsg_source": 22391}}, {"type": "Feature", "geometry": {"type": "Point", "coordinates": [8.9706598, 36.1869395]}, "properties": {"record_id": "oai:u-bordeaux-montaigne.fr:340435", "symbol_class": "building", "pixel_x": 5570.7, "pixel_y": 5688.8, "easting": 416387.0, "northing": 320966.1, "epsg_source": 22391}}, {"type": "Feature", "geometry": {"type": "Point", "coordinates": [8.8166645, 36.1945835]}, "properties": {"record_id": "oai:u-bordeaux-montaigne.fr:340435", "symbol_class": "building", "pixel_x": 2342.9, "pixel_y": 5693.6, "easting": 402550.2, "northing": 321956.9, "epsg_source": 22391}}, {"type": "Feature", "geometry": {"type": "Point", "coordinates": [8.796187, 36.1954052]}, "properties": {"record_id": "oai:u-bordeaux-montaigne.fr:340435", "symbol_class": "building", "pixel_x": 1914.0, "pixel_y": 5698.9, "easting": 400710.2, "northing": 322068.7, "epsg_source": 22391}}, {"type": "Feature", "geometry": {"type": "Point", "coordinates": [8.7543578, 36.197073]}, "properties": {"record_id": "oai:u-bordeaux-montaigne.fr:340435", "symbol_class": "building", "pixel_x": 1037.9, "pixel_y": 5709.9, "easting": 396951.9, "northing": 322297.1, "epsg_source": 22391}}, {"type": "Feature", "geometry": {"type": "Point", "coordinates": [8.8067411, 36.1945583]}, "properties": {"record_id": "oai:u-bordeaux-montaigne.fr:340435", "symbol_class": "building", "pixel_x": 2135.7, "pixel_y": 5707.3, "easting": 401658.0, "northing": 321964.0, "epsg_source": 22391}}, {"type": "Feature", "geometry": {"type": "Point", "coordinates": [8.8054047, 36.194507]}, "properties": {"record_id": "oai:u-bordeaux-montaigne.fr:340435", "symbol_class": "building", "pixel_x": 2107.9, "pixel_y": 5710.4, "easting": 401537.8, "northing": 321959.7, "epsg_source": 22391}}, {"type": "Feature", "geometry": {"type": "Point", "coordinates": [8.9606823, 36.1866288]}, "properties": {"record_id": "oai:u-bordeaux-montaigne.fr:340435", "symbol_class": "building", "pixel_x": 5362.8, "pixel_y": 5710.3, "easting": 415489.5, "northing": 320940.2, "epsg_source": 22391}}, {"type": "Feature", "geometry": {"type": "Point", "coordinates": [8.802157, 36.1945422]}, "properties": {"record_id": "oai:u-bordeaux-montaigne.fr:340435", "symbol_class": "building", "pixel_x": 2040.0, "pixel_y": 5713.7, "easting": 401245.9, "northing": 321966.9, "epsg_source": 22391}}, {"type": "Feature", "geometry": {"type": "Point", "coordinates": [8.8027023, 36.1943203]}, "properties": {"record_id": "oai:u-bordeaux-montaigne.fr:340435", "symbol_class": "building", "pixel_x": 2051.7, "pixel_y": 5718.8, "easting": 401294.6, "northing": 321941.7, "epsg_source": 22391}}, {"type": "Feature", "geometry": {"type": "Point", "coordinates": [8.8032931, 36.1945166]}, "properties": {"record_id": "oai:u-bordeaux-montaigne.fr:340435", "symbol_class": "building", "pixel_x": 2063.8, "pixel_y": 5712.9, "easting": 401348.0, "northing": 321962.9, "epsg_source": 22391}}, {"type": "Feature", "geometry": {"type": "Point", "coordinates": [9.0933847, 36.1796177]}, "properties": {"record_id": "oai:u-bordeaux-montaigne.fr:340435", "symbol_class": "building", "pixel_x": 8145.3, "pixel_y": 5713.4, "easting": 427414.9, "northing": 320055.7, "epsg_source": 22391}}, {"type": "Feature", "geometry": {"type": "Point", "coordinates": [8.8013618, 36.1945096]}, "properties": {"record_id": "oai:u-bordeaux-montaigne.fr:340435", "symbol_class": "building", "pixel_x": 2023.4, "pixel_y": 5715.6, "easting": 401174.4, "northing": 321964.1, "epsg_source": 22391}}, {"type": "Feature", "geometry": {"type": "Point", "coordinates": [8.9546104, 36.1865854]}, "properties": {"record_id": "oai:u-bordeaux-montaigne.fr:340435", "symbol_class": "building", "pixel_x": 5236.1, "pixel_y": 5719.6, "easting": 414943.5, "northing": 320940.7, "epsg_source": 22391}}, {"type": "Feature", "geometry": {"type": "Point", "coordinates": [8.7979981, 36.1944532]}, "properties": {"record_id": "oai:u-bordeaux-montaigne.fr:340435", "symbol_class": "building", "pixel_x": 1953.3, "pixel_y": 5721.5, "easting": 400871.9, "northing": 321961.2, "epsg_source": 22391}}, {"type": "Feature", "geometry": {"type": "Point", "coordinates": [8.7961762, 36.1944685]}, "properties": {"record_id": "oai:u-bordeaux-montaigne.fr:340435", "symbol_class": "building", "pixel_x": 1915.2, "pixel_y": 5723.5, "easting": 400708.1, "northing": 321964.8, "epsg_source": 22391}}, {"type": "Feature", "geometry": {"type": "Point", "coordinates": [8.7974535, 36.1944337]}, "properties": {"record_id": "oai:u-bordeaux-montaigne.fr:340435", "symbol_class": "building", "pixel_x": 1941.9, "pixel_y": 5722.7, "easting": 400822.9, "northing": 321959.6, "epsg_source": 22391}}, {"type": "Feature", "geometry": {"type": "Point", "coordinates": [8.9517098, 36.1866044]}, "properties": {"record_id": "oai:u-bordeaux-montaigne.fr:340435", "symbol_class": "building", "pixel_x": 5175.5, "pixel_y": 5723.0, "easting": 414682.7, "northing": 320945.3, "epsg_source": 22391}}, {"type": "Feature", "geometry": {"type": "Point", "coordinates": [9.0908989, 36.1789031]}, "properties": {"record_id": "oai:u-bordeaux-montaigne.fr:340435", "symbol_class": "building", "pixel_x": 8094.5, "pixel_y": 5735.5, "easting": 427190.8, "northing": 319978.3, "epsg_source": 22391}}, {"type": "Feature", "geometry": {"type": "Point", "coordinates": [8.7914248, 36.1943962]}, "properties": {"record_id": "oai:u-bordeaux-montaigne.fr:340435", "symbol_class": "building", "pixel_x": 1816.1, "pixel_y": 5731.6, "easting": 400280.8, "northing": 321961.6, "epsg_source": 22391}}, {"type": "Feature", "geometry": {"type": "Point", "coordinates": [8.7896215, 36.1944173]}, "properties": {"record_id": "oai:u-bordeaux-montaigne.fr:340435", "symbol_class": "building", "pixel_x": 1778.4, "pixel_y": 5733.4, "easting": 400118.7, "northing": 321965.8, "epsg_source": 22391}}, {"type": "Feature", "geometry": {"type": "Point", "coordinates": [8.790625, 36.1943896]}, "properties": {"record_id": "oai:u-bordeaux-montaigne.fr:340435", "symbol_class": "building", "pixel_x": 1799.4, "pixel_y": 5732.8, "easting": 400208.9, "northing": 321961.7, "epsg_source": 22391}}, {"type": "Feature", "geometry": {"type": "Point", "coordinates": [8.9447827, 36.1865032]}, "properties": {"record_id": "oai:u-bordeaux-montaigne.fr:340435", "symbol_class": "building", "pixel_x": 5031.0, "pixel_y": 5735.0, "easting": 414059.8, "northing": 320940.2, "epsg_source": 22391}}, {"type": "Feature", "geometry": {"type": "Point", "coordinates": [8.7975192, 36.1938106]}, "properties": {"record_id": "oai:u-bordeaux-montaigne.fr:340435", "symbol_class": "building", "pixel_x": 1944.3, "pixel_y": 5739.0, "easting": 400828.0, "northing": 321890.5, "epsg_source": 22391}}, {"type": "Feature", "geometry": {"type": "Point", "coordinates": [8.7550214, 36.1957468]}, "properties": {"record_id": "oai:u-bordeaux-montaigne.fr:340435", "symbol_class": "building", "pixel_x": 1053.8, "pixel_y": 5743.7, "easting": 397009.8, "northing": 322149.3, "epsg_source": 22391}}, {"type": "Feature", "geometry": {"type": "Point", "coordinates": [9.1006253, 36.1782469]}, "properties": {"record_id": "oai:u-bordeaux-montaigne.fr:340435", "symbol_class": "building", "pixel_x": 8298.7, "pixel_y": 5739.3, "easting": 428064.8, "northing": 319898.3, "epsg_source": 22391}}, {"type": "Feature", "geometry": {"type": "Point", "coordinates": [8.7836832, 36.1943746]}, "properties": {"record_id": "oai:u-bordeaux-montaigne.fr:340435", "symbol_class": "building", "pixel_x": 1654.5, "pixel_y": 5742.3, "easting": 399584.8, "northing": 321967.2, "epsg_source": 22391}}, {"type": "Feature", "geometry": {"type": "Point", "coordinates": [8.8091033, 36.1929071]}, "properties": {"record_id": "oai:u-bordeaux-montaigne.fr:340435", "symbol_class": "building", "pixel_x": 2187.6, "pixel_y": 5747.4, "easting": 401868.4, "northing": 321778.5, "epsg_source": 22391}}, {"type": "Feature", "geometry": {"type": "Point", "coordinates": [8.8214313, 36.1920091]}, "properties": {"record_id": "oai:u-bordeaux-montaigne.fr:340435", "symbol_class": "building", "pixel_x": 2446.4, "pixel_y": 5754.8, "easting": 402975.6, "northing": 321666.6, "epsg_source": 22391}}, {"type": "Feature", "geometry": {"type": "Point", "coordinates": [9.0897368, 36.1782168]}, "properties": {"record_id": "oai:u-bordeaux-montaigne.fr:340435", "symbol_class": "building", "pixel_x": 8071.4, "pixel_y": 5755.1, "easting": 427085.6, "northing": 319903.0, "epsg_source": 22391}}, {"type": "Feature", "geometry": {"type": "Point", "coordinates": [9.0884977, 36.1782092]}, "properties": {"record_id": "oai:u-bordeaux-montaigne.fr:340435", "symbol_class": "building", "pixel_x": 8045.5, "pixel_y": 5757.0, "easting": 426974.2, "northing": 319903.1, "epsg_source": 22391}}, {"type": "Feature", "geometry": {"type": "Point", "coordinates": [8.9284072, 36.1863672]}, "properties": {"record_id": "oai:u-bordeaux-montaigne.fr:340435", "symbol_class": "building", "pixel_x": 4689.2, "pixel_y": 5760.5, "easting": 412587.2, "northing": 320939.7, "epsg_source": 22391}}, {"type": "Feature", "geometry": {"type": "Point", "coordinates": [8.9800305, 36.364193]}, "properties": {"record_id": "oai:u-bordeaux-montaigne.fr:340435", "symbol_class": "well", "pixel_x": 5485.0, "pixel_y": 1033.0, "easting": 417415.1, "northing": 340619.0, "epsg_source": 22391}}, {"type": "Feature", "geometry": {"type": "Point", "coordinates": [8.9800044, 36.3638508]}, "properties": {"record_id": "oai:u-bordeaux-montaigne.fr:340435", "symbol_class": "well", "pixel_x": 5485.0, "pixel_y": 1042.0, "easting": 417412.4, "northing": 340581.1, "epsg_source": 22391}}, {"type": "Feature", "geometry": {"type": "Point", "coordinates": [8.9802767, 36.3636459]}, "properties": {"record_id": "oai:u-bordeaux-montaigne.fr:340435", "symbol_class": "well", "pixel_x": 5491.0, "pixel_y": 1047.0, "easting": 417436.6, "northing": 340558.1, "epsg_source": 22391}}, {"type": "Feature", "geometry": {"type": "Point", "coordinates": [8.9804955, 36.3633675]}, "properties": {"record_id": "oai:u-bordeaux-montaigne.fr:340435", "symbol_class": "well", "pixel_x": 5496.0, "pixel_y": 1054.0, "easting": 417455.9, "northing": 340527.0, "epsg_source": 22391}}, {"type": "Feature", "geometry": {"type": "Point", "coordinates": [8.9807707, 36.3632006]}, "properties": {"record_id": "oai:u-bordeaux-montaigne.fr:340435", "symbol_class": "well", "pixel_x": 5502.0, "pixel_y": 1058.0, "easting": 417480.4, "northing": 340508.3, "epsg_source": 22391}}, {"type": "Feature", "geometry": {"type": "Point", "coordinates": [8.9812618, 36.3627172]}, "properties": {"record_id": "oai:u-bordeaux-montaigne.fr:340435", "symbol_class": "well", "pixel_x": 5513.0, "pixel_y": 1070.0, "easting": 417524.0, "northing": 340454.3, "epsg_source": 22391}}, {"type": "Feature", "geometry": {"type": "Point", "coordinates": [8.9815878, 36.3625859]}, "properties": {"record_id": "oai:u-bordeaux-montaigne.fr:340435", "symbol_class": "well", "pixel_x": 5520.0, "pixel_y": 1073.0, "easting": 417553.1, "northing": 340439.4, "epsg_source": 22391}}, {"type": "Feature", "geometry": {"type": "Point", "coordinates": [9.0384006, 36.3593055]}, "properties": {"record_id": "oai:u-bordeaux-montaigne.fr:340435", "symbol_class": "well", "pixel_x": 6709.0, "pixel_y": 1082.0, "easting": 422646.8, "northing": 340029.0, "epsg_source": 22391}}, {"type": "Feature", "geometry": {"type": "Point", "coordinates": [8.9822252, 36.3621332]}, "properties": {"record_id": "oai:u-bordeaux-montaigne.fr:340435", "symbol_class": "well", "pixel_x": 5534.0, "pixel_y": 1084.0, "easting": 417609.8, "northing": 340388.7, "epsg_source": 22391}}, {"type": "Feature", "geometry": {"type": "Point", "coordinates": [8.9815979, 36.3620891]}, "properties": {"record_id": "oai:u-bordeaux-montaigne.fr:340435", "symbol_class": "well", "pixel_x": 5521.0, "pixel_y": 1086.0, "easting": 417553.5, "northing": 340384.3, "epsg_source": 22391}}, {"type": "Feature", "geometry": {"type": "Point", "coordinates": [8.9836941, 36.3612559]}, "properties": {"record_id": "oai:u-bordeaux-montaigne.fr:340435", "symbol_class": "well", "pixel_x": 5566.0, "pixel_y": 1105.0, "easting": 417740.7, "northing": 340290.1, "epsg_source": 22391}}, {"type": "Feature", "geometry": {"type": "Point", "coordinates": [8.9833566, 36.3612351]}, "properties": {"record_id": "oai:u-bordeaux-montaigne.fr:340435", "symbol_class": "well", "pixel_x": 5559.0, "pixel_y": 1106.0, "easting": 417710.4, "northing": 340288.1, "epsg_source": 22391}}, {"type": "Feature", "geometry": {"type": "Point", "coordinates": [8.9838534, 36.3608278]}, "properties": {"record_id": "oai:u-bordeaux-montaigne.fr:340435", "symbol_class": "well", "pixel_x": 5570.0, "pixel_y": 1116.0, "easting": 417754.5, "northing": 340242.5, "epsg_source": 22391}}, {"type": "Feature", "geometry": {"type": "Point", "coordinates": [8.9839258, 36.3605187]}, "properties": {"record_id": "oai:u-bordeaux-montaigne.fr:340435", "symbol_class": "well", "pixel_x": 5572.0, "pixel_y": 1124.0, "easting": 417760.7, "northing": 340208.1, "epsg_source": 22391}}, {"type": "Feature", "geometry": {"type": "Point", "coordinates": [9.0966413, 36.3540526]}, "properties": {"record_id": "oai:u-bordeaux-montaigne.fr:340435", "symbol_class": "well", "pixel_x": 7931.0, "pixel_y": 1140.0, "easting": 427867.3, "northing": 339401.7, "epsg_source": 22391}}, {"type": "Feature", "geometry": {"type": "Point", "coordinates": [9.096767, 36.3538169]}, "properties": {"record_id": "oai:u-bordeaux-montaigne.fr:340435", "symbol_class": "well", "pixel_x": 7934.0, "pixel_y": 1146.0, "easting": 427878.3, "northing": 339375.5, "epsg_source": 22391}}, {"type": "Feature", "geometry": {"type": "Point", "coordinates": [8.9839041, 36.3596036]}, "properties": {"record_id": "oai:u-bordeaux-montaigne.fr:340435", "symbol_class": "well", "pixel_x": 5573.0, "pixel_y": 1148.0, "easting": 417757.8, "northing": 340106.7, "epsg_source": 22391}}, {"type": "Feature", "geometry": {"type": "Point", "coordinates": [9.0964088, 36.3535303]}, "properties": {"record_id": "oai:u-bordeaux-montaigne.fr:340435", "symbol_class": "well", "pixel_x": 7927.0, "pixel_y": 1154.0, "easting": 427845.9, "northing": 339343.9, "epsg_source": 22391}}, {"type": "Feature", "geometry": {"type": "Point", "coordinates": [8.984075, 36.3593276]}, "properties": {"record_id": "oai:u-bordeaux-montaigne.fr:340435", "symbol_class": "well", "pixel_x": 5577.0, "pixel_y": 1155.0, "easting": 417772.8, "northing": 340075.9, "epsg_source": 22391}}, {"type": "Feature", "geometry": {"type": "Point", "coordinates": [9.096391, 36.3533021]}, "properties": {"record_id": "oai:u-bordeaux-montaigne.fr:340435", "symbol_class": "well", "pixel_x": 7927.0, "pixel_y": 1160.0, "easting": 427844.1, "northing": 339318.7, "epsg_source": 22391}}, {"type": "Feature", "geometry": {"type": "Point", "coordinates": [8.9835651, 36.3589339]}, "properties": {"record_id": "oai:u-bordeaux-montaigne.fr:340435", "symbol_class": "well", "pixel_x": 5567.0, "pixel_y": 1166.0, "easting": 417726.7, "northing": 340032.7, "epsg_source": 22391}}, {"type": "Feature", "geometry": {"type": "Point", "coordinates": [8.8246633, 36.3665496]}, "properties": {"record_id": "oai:u-bordeaux-montaigne.fr:340435", "symbol_class": "well", "pixel_x": 2244.0, "pixel_y": 1178.0, "easting": 403479.8, "northing": 341023.0, "epsg_source": 22391}}, {"type": "Feature", "geometry": {"type": "Point", "coordinates": [8.9829957, 36.3583906]}, "properties": {"record_id": "oai:u-bordeaux-montaigne.fr:340435", "symbol_class": "well", "pixel_x": 5556.0, "pixel_y": 1181.0, "easting": 417675.0, "northing": 339972.9, "epsg_source": 22391}}, {"type": "Feature", "geometry": {"type": "Point", "coordinates": [9.0466974, 36.3548659]}, "properties": {"record_id": "oai:u-bordeaux-montaigne.fr:340435", "symbol_class": "well", "pixel_x": 6889.0, "pixel_y": 1187.0, "easting": 423386.9, "northing": 339530.0, "epsg_source": 22391}}, {"type": "Feature", "geometry": {"type": "Point", "coordinates": [8.9820889, 36.3578265]}, "properties": {"record_id": "oai:u-bordeaux-montaigne.fr:340435", "symbol_class": "well", "pixel_x": 5538.0, "pixel_y": 1197.0, "easting": 417593.1, "northing": 339911.1, "epsg_source": 22391}}, {"type": "Feature", "geometry": {"type": "Point", "coordinates": [8.9825162, 36.3577663]}, "properties": {"record_id": "oai:u-bordeaux-montaigne.fr:340435", "symbol_class": "well", "pixel_x": 5547.0, "pixel_y": 1198.0, "easting": 417631.4, "northing": 339904.0, "epsg_source": 22391}}, {"type": "Feature", "geometry": {"type": "Point", "coordinates": [8.9817282, 36.3575015]}, "properties": {"record_id": "oai:u-bordeaux-montaigne.fr:340435", "symbol_class": "well", "pixel_x": 5531.0, "pixel_y": 1206.0, "easting": 417560.4, "northing": 339875.3, "epsg_source": 22391}}, {"type": "Feature", "geometry": {"type": "Point", "coordinates": [8.9822511, 36.3574364]}, "properties": {"record_id": "oai:u-bordeaux-montaigne.fr:340435", "symbol_class": "well", "pixel_x": 5542.0, "pixel_y": 1207.0, "easting": 417607.2, "northing": 339867.7, "epsg_source": 22391}}, {"type": "Feature", "geometry": {"type": "Point", "coordinates": [8.9818847, 36.3570353]}, "properties": {"record_id": "oai:u-bordeaux-montaigne.fr:340435", "symbol_class": "well", "pixel_x": 5535.0, "pixel_y": 1218.0, "easting": 417573.9, "northing": 339823.5, "epsg_source": 22391}}, {"type": "Feature", "geometry": {"type": "Point", "coordinates": [8.9816427, 36.3570096]}, "properties": {"record_id": "oai:u-bordeaux-montaigne.fr:340435", "symbol_class": "well", "pixel_x": 5530.0, "pixel_y": 1219.0, "easting": 417552.2, "northing": 339820.8, "epsg_source": 22391}}, {"type": "Feature", "geometry": {"type": "Point", "coordinates": [8.9817659, 36.356736]}, "properties": {"record_id": "oai:u-bordeaux-montaigne.fr:340435", "symbol_class": "well", "pixel_x": 5533.0, "pixel_y": 1226.0, "easting": 417563.0, "northing": 339790.4, "epsg_source": 22391}}, {"type": "Feature", "geometry": {"type": "Point", "coordinates": [8.8838854, 36.3614275]}, "properties": {"record_id": "oai:u-bordeaux-montaigne.fr:340435", "symbol_class": "well", "pixel_x": 3486.0, "pixel_y": 1234.0, "easting": 408786.5, "northing": 340397.9, "epsg_source": 22391}}, {"type": "Feature", "geometry": {"type": "Point", "coordinates": [8.9823583, 36.3563238]}, "properties": {"record_id": "oai:u-bordeaux-montaigne.fr:340435", "symbol_class": "well", "pixel_x": 5546.0, "pixel_y": 1236.0, "easting": 417615.7, "northing": 339744.2, "epsg_source": 22391}}, {"type": "Feature", "geometry": {"type": "Point", "coordinates": [8.981973, 36.3563054]}, "properties": {"record_id": "oai:u-bordeaux-montaigne.fr:340435", "symbol_class": "well", "pixel_x": 5538.0, "pixel_y": 1237.0, "easting": 417581.1, "northing": 339742.4, "epsg_source": 22391}}, {"type": "Feature", "geometry": {"type": "Point", "coordinates": [8.9820063, 36.3561128]}, "properties": {"record_id": "oai:u-bordeaux-montaigne.fr:340435", "symbol_class": "well", "pixel_x": 5539.0, "pixel_y": 1242.0, "easting": 417583.9, "northing": 339721.1, "epsg_source": 22391}}, {"type": "Feature", "geometry": {"type": "Point", "coordinates": [8.9825292, 36.3560478]}, "properties": {"record_id": "oai:u-bordeaux-montaigne.fr:340435", "symbol_class": "well", "pixel_x": 5550.0, "pixel_y": 1243.0, "easting": 417630.7, "northing": 339713.4, "epsg_source": 22391}}, {"type": "Feature", "geometry": {"type": "Point", "coordinates": [8.9823148, 36.3557534]}, "properties": {"record_id": "oai:u-bordeaux-montaigne.fr:340435", "symbol_class": "well", "pixel_x": 5546.0, "pixel_y": 1251.0, "easting": 417611.2, "northing": 339680.9, "epsg_source": 22391}}, {"type": "Feature", "geometry": {"type": "Point", "coordinates": [8.98248, 36.3554013]}, "properties": {"record_id": "oai:u-bordeaux-montaigne.fr:340435", "symbol_class": "well", "pixel_x": 5550.0, "pixel_y": 1260.0, "easting": 417625.6, "northing": 339641.7, "epsg_source": 22391}}, {"type": "Feature", "geometry": {"type": "Point", "coordinates": [8.9829102, 36.3553792]}, "properties": {"record_id": "oai:u-bordeaux-montaigne.fr:340435", "symbol_class": "well", "pixel_x": 5559.0, "pixel_y": 1260.0, "easting": 417664.2, "northing": 339638.9, "epsg_source": 22391}}, {"type": "Feature", "geometry": {"type": "Point", "coordinates": [8.9845209, 36.3551054]}, "properties": {"record_id": "oai:u-bordeaux-montaigne.fr:340435", "symbol_class": "well", "pixel_x": 5593.0, "pixel_y": 1265.0, "easting": 417808.5, "northing": 339607.2, "epsg_source": 22391}}, {"type": "Feature", "geometry": {"type": "Point", "coordinates": [8.9841689, 36.3548945]}, "properties": {"record_id": "oai:u-bordeaux-montaigne.fr:340435", "symbol_class": "well", "pixel_x": 5586.0, "pixel_y": 1271.0, "easting": 417776.7, "northing": 339584.1, "epsg_source": 22391}}, {"type": "Feature", "geometry": {"type": "Point", "coordinates": [8.9846745, 36.3546012]}, "properties": {"record_id": "oai:u-bordeaux-montaigne.fr:340435", "symbol_class": "well", "pixel_x": 5597.0, "pixel_y": 1278.0, "easting": 417821.7, "northing": 339551.1, "epsg_source": 22391}}, {"type": "Feature", "geometry": {"type": "Point", "coordinates": [8.9852336, 36.3543815]}, "properties": {"record_id": "oai:u-bordeaux-montaigne.fr:340435", "symbol_class": "well", "pixel_x": 5609.0, "pixel_y": 1283.0, "easting": 417871.6, "northing": 339526.3, "epsg_source": 22391}}, {"type": "Feature", "geometry": {"type": "Point", "coordinates": [8.9861867, 36.3542943]}, "properties": {"record_id": "oai:u-bordeaux-montaigne.fr:340435", "symbol_class": "well", "pixel_x": 5629.0, "pixel_y": 1284.0, "easting": 417957.1, "northing": 339515.8, "epsg_source": 22391}}, {"type": "Feature", "geometry": {"type": "Point", "coordinates": [8.9856102, 36.3542858]}, "properties": {"record_id": "oai:u-bordeaux-montaigne.fr:340435", "symbol_class": "well", "pixel_x": 5617.0, "pixel_y": 1285.0, "easting": 417905.3, "northing": 339515.4, "epsg_source": 22391}}, {"type": "Feature", "geometry": {"type": "Point", "coordinates": [8.9872267, 36.354088]}, "properties": {"record_id": "oai:u-bordeaux-montaigne.fr:340435", "symbol_class": "well", "pixel_x": 5651.0, "pixel_y": 1288.0, "easting": 418050.2, "northing": 339492.1, "epsg_source": 22391}}, {"type": "Feature", "geometry": {"type": "Point", "coordinates": [8.9864503, 36.3539753]}, "properties": {"record_id": "oai:u-bordeaux-montaigne.fr:340435", "symbol_class": "well", "pixel_x": 5635.0, "pixel_y": 1292.0, "easting": 417980.4, "northing": 339480.2, "epsg_source": 22391}}, {"type": "Feature", "geometry": {"type": "Point", "coordinates": [8.9853002, 36.3539964]}, "properties": {"record_id": "oai:u-bordeaux-montaigne.fr:340435", "symbol_class": "well", "pixel_x": 5611.0, "pixel_y": 1293.0, "easting": 417877.2, "northing": 339483.5, "epsg_source": 22391}}, {"type": "Feature", "geometry": {"type": "Point", "coordinates": [8.9869225, 36.3538746]}, "properties": {"record_id": "oai:u-bordeaux-montaigne.fr:340435", "symbol_class": "well", "pixel_x": 5645.0, "pixel_y": 1294.0, "easting": 418022.7, "northing": 339468.6, "epsg_source": 22391}}, {"type": "Feature", "geometry": {"type": "Point", "coordinates": [8.9873469, 36.3537764]}, "properties": {"record_id": "oai:u-bordeaux-montaigne.fr:340435", "symbol_class": "well", "pixel_x": 5654.0, "pixel_y": 1296.0, "easting": 418060.6, "northing": 339457.4, "epsg_source": 22391}}, {"type": "Feature", "geometry": {"type": "Point", "coordinates": [8.9879596, 36.3536303]}, "properties": {"record_id": "oai:u-bordeaux-montaigne.fr:340435", "symbol_class": "well", "pixel_x": 5667.0, "pixel_y": 1299.0, "easting": 418115.5, "northing": 339440.7, "epsg_source": 22391}}, {"type": "Feature", "geometry": {"type": "Point", "coordinates": [8.9885911, 36.3531015]}, "properties": {"record_id": "oai:u-bordeaux-montaigne.fr:340435", "symbol_class": "well", "pixel_x": 5681.0, "pixel_y": 1312.0, "easting": 418171.6, "northing": 339381.5, "epsg_source": 22391}}, {"type": "Feature", "geometry": {"type": "Point", "coordinates": [8.9884158, 36.3526906]}, "properties": {"record_id": "oai:u-bordeaux-montaigne.fr:340435", "symbol_class": "well", "pixel_x": 5678.0, "pixel_y": 1323.0, "easting": 418155.4, "northing": 339336.1, "epsg_source": 22391}}, {"type": "Feature", "geometry": {"type": "Point", "coordinates": [8.9887417, 36.3525593]}, "properties": {"record_id": "oai:u-bordeaux-montaigne.fr:340435", "symbol_class": "well", "pixel_x": 5685.0, "pixel_y": 1326.0, "easting": 418184.5, "northing": 339321.2, "epsg_source": 22391}}, {"type": "Feature", "geometry": {"type": "Point", "coordinates": [8.9888981, 36.3520932]}, "properties": {"record_id": "oai:u-bordeaux-montaigne.fr:340435", "symbol_class": "well", "pixel_x": 5689.0, "pixel_y": 1338.0, "easting": 418198.1, "northing": 339269.4, "epsg_source": 22391}}, {"type": "Feature", "geometry": {"type": "Point", "coordinates": [9.0918509, 36.3467444]}, "properties": {"record_id": "oai:u-bordeaux-montaigne.fr:340435", "symbol_class": "well", "pixel_x": 7843.0, "pixel_y": 1338.0, "easting": 427430.7, "northing": 338594.6, "epsg_source": 22391}}, {"type": "Feature", "geometry": {"type": "Point", "coordinates": [8.9894122, 36.351914]}, "properties": {"record_id": "oai:u-bordeaux-montaigne.fr:340435", "symbol_class": "well", "pixel_x": 5700.0, "pixel_y": 1342.0, "easting": 418244.0, "northing": 339249.1, "epsg_source": 22391}}, {"type": "Feature", "geometry": {"type": "Point", "coordinates": [8.9895353, 36.3516404]}, "properties": {"record_id": "oai:u-bordeaux-montaigne.fr:340435", "symbol_class": "well", "pixel_x": 5703.0, "pixel_y": 1349.0, "easting": 418254.8, "northing": 339218.6, "epsg_source": 22391}}, {"type": "Feature", "geometry": {"type": "Point", "coordinates": [8.9897004, 36.3512883]}, "properties": {"record_id": "oai:u-bordeaux-montaigne.fr:340435", "symbol_class": "well", "pixel_x": 5707.0, "pixel_y": 1358.0, "easting": 418269.2, "northing": 339179.4, "epsg_source": 22391}}, {"type": "Feature", "geometry": {"type": "Point", "coordinates": [8.9899278, 36.3511239]}, "properties": {"record_id": "oai:u-bordeaux-montaigne.fr:340435", "symbol_class": "well", "pixel_x": 5712.0, "pixel_y": 1362.0, "easting": 418289.5, "northing": 339161.0, "epsg_source": 22391}}, {"type": "Feature", "geometry": {"type": "Point", "coordinates": [9.0986621, 36.3454711]}, "properties": {"record_id": "oai:u-bordeaux-montaigne.fr:340435", "symbol_class": "well", "pixel_x": 7987.0, "pixel_y": 1362.0, "easting": 428040.7, "northing": 338448.3, "epsg_source": 22391}}, {"type": "Feature", "geometry": {"type": "Point", "coordinates": [8.98957, 36.3508369]}, "properties": {"record_id": "oai:u-bordeaux-montaigne.fr:340435", "symbol_class": "well", "pixel_x": 5705.0, "pixel_y": 1370.0, "easting": 418257.0, "northing": 339129.5, "epsg_source": 22391}}, {"type": "Feature", "geometry": {"type": "Point", "coordinates": [8.9900668, 36.3504296]}, "properties": {"record_id": "oai:u-bordeaux-montaigne.fr:340435", "symbol_class": "well", "pixel_x": 5716.0, "pixel_y": 1380.0, "easting": 418301.2, "northing": 339083.9, "epsg_source": 22391}}, {"type": "Feature", "geometry": {"type": "Point", "coordinates": [8.9903536, 36.3504148]}, "properties": {"record_id": "oai:u-bordeaux-montaigne.fr:340435", "symbol_class": "well", "pixel_x": 5722.0, "pixel_y": 1380.0, "easting": 418326.9, "northing": 339082.0, "epsg_source": 22391}}, {"type": "Feature", "geometry": {"type": "Point", "coordinates": [8.9902855, 36.3501511]}, "properties": {"record_id": "oai:u-bordeaux-montaigne.fr:340435", "symbol_class": "well", "pixel_x": 5721.0, "pixel_y": 1387.0, "easting": 418320.5, "northing": 339052.8, "epsg_source": 22391}}, {"type": "Feature", "geometry": {"type": "Point", "coordinates": [8.9898379, 36.3499451]}, "properties": {"record_id": "oai:u-bordeaux-montaigne.fr:340435", "symbol_class": "well", "pixel_x": 5712.0, "pixel_y": 1393.0, "easting": 418280.2, "northing": 339030.3, "epsg_source": 22391}}, {"type": "Feature", "geometry": {"type": "Point", "coordinates": [8.9901217, 36.3498923]}, "properties": {"record_id": "oai:u-bordeaux-montaigne.fr:340435", "symbol_class": "well", "pixel_x": 5718.0, "pixel_y": 1394.0, "easting": 418305.6, "northing": 339024.2, "epsg_source": 22391}}, {"type": "Feature", "geometry": {"type": "Point", "coordinates": [8.9881228, 36.34885]}, "properties": {"record_id": "oai:u-bordeaux-montaigne.fr:340435", "symbol_class": "well", "pixel_x": 5678.0, "pixel_y": 1424.0, "easting": 418125.1, "northing": 338910.3, "epsg_source": 22391}}, {"type": "Feature", "geometry": {"type": "Point", "coordinates": [8.9876868, 36.3487962]}, "properties": {"record_id": "oai:u-bordeaux-montaigne.fr:340435", "symbol_class": "well", "pixel_x": 5669.0, "pixel_y": 1426.0, "easting": 418086.0, "northing": 338904.7, "epsg_source": 22391}}, {"type": "Feature", "geometry": {"type": "Point", "coordinates": [8.9873261, 36.3484712]}, "properties": {"record_id": "oai:u-bordeaux-montaigne.fr:340435", "symbol_class": "well", "pixel_x": 5662.0, "pixel_y": 1435.0, "easting": 418053.3, "northing": 338868.9, "epsg_source": 22391}}, {"type": "Feature", "geometry": {"type": "Point", "coordinates": [8.9857227, 36.3482102]}, "properties": {"record_id": "oai:u-bordeaux-montaigne.fr:340435", "symbol_class": "well", "pixel_x": 5629.0, "pixel_y": 1444.0, "easting": 417909.1, "northing": 338841.3, "epsg_source": 22391}}, {"type": "Feature", "geometry": {"type": "Point", "coordinates": [8.9846929, 36.3479196]}, "properties": {"record_id": "oai:u-bordeaux-montaigne.fr:340435", "symbol_class": "well", "pixel_x": 5608.0, "pixel_y": 1453.0, "easting": 417816.4, "northing": 338810.0, "epsg_source": 22391}}, {"type": "Feature", "geometry": {"type": "Point", "coordinates": [8.9842989, 36.3477872]}, "properties": {"record_id": "oai:u-bordeaux-montaigne.fr:340435", "symbol_class": "well", "pixel_x": 5600.0, "pixel_y": 1457.0, "easting": 417780.9, "northing": 338795.6, "epsg_source": 22391}}, {"type": "Feature", "geometry": {"type": "Point", "coordinates": [8.8291599, 36.3553689]}, "properties": {"record_id": "oai:u-bordeaux-montaigne.fr:340435", "symbol_class": "well", "pixel_x": 2355.0, "pixel_y": 1465.0, "easting": 403869.5, "northing": 339778.4, "epsg_source": 22391}}, {"type": "Feature", "geometry": {"type": "Point", "coordinates": [8.9844191, 36.3474756]}, "properties": {"record_id": "oai:u-bordeaux-montaigne.fr:340435", "symbol_class": "well", "pixel_x": 5603.0, "pixel_y": 1465.0, "easting": 417791.4, "northing": 338761.0, "epsg_source": 22391}}, {"type": "Feature", "geometry": {"type": "Point", "coordinates": [8.9840252, 36.3473432]}, "properties": {"record_id": "oai:u-bordeaux-montaigne.fr:340435", "symbol_class": "well", "pixel_x": 5595.0, "pixel_y": 1469.0, "easting": 417755.9, "northing": 338746.6, "epsg_source": 22391}}, {"type": "Feature", "geometry": {"type": "Point", "coordinates": [8.9842975, 36.3471383]}, "properties": {"record_id": "oai:u-bordeaux-montaigne.fr:340435", "symbol_class": "well", "pixel_x": 5601.0, "pixel_y": 1474.0, "easting": 417780.1, "northing": 338723.7, "epsg_source": 22391}}, {"type": "Feature", "geometry": {"type": "Point", "coordinates": [8.9837572, 36.3469753]}, "properties": {"record_id": "oai:u-bordeaux-montaigne.fr:340435", "symbol_class": "well", "pixel_x": 5590.0, "pixel_y": 1479.0, "easting": 417731.5, "northing": 338706.0, "epsg_source": 22391}}, {"type": "Feature", "geometry": {"type": "Point", "coordinates": [8.9837456, 36.3468231]}, "properties": {"record_id": "oai:u-bordeaux-montaigne.fr:340435", "symbol_class": "well", "pixel_x": 5590.0, "pixel_y": 1483.0, "easting": 417730.3, "northing": 338689.2, "epsg_source": 22391}}, {"type": "Feature", "geometry": {"type": "Point", "coordinates": [8.9839643, 36.3465447]}, "properties": {"record_id": "oai:u-bordeaux-montaigne.fr:340435", "symbol_class": "well", "pixel_x": 5595.0, "pixel_y": 1490.0, "easting": 417749.6, "northing": 338658.1, "epsg_source": 22391}}, {"type": "Feature", "geometry": {"type": "Point", "coordinates": [8.9841091, 36.3459264]}, "properties": {"record_id": "oai:u-bordeaux-montaigne.fr:340435", "symbol_class": "well", "pixel_x": 5599.0, "pixel_y": 1506.0, "easting": 417761.9, "northing": 338589.4, "epsg_source": 22391}}, {"type": "Feature", "geometry": {"type": "Point", "coordinates": [8.9845972, 36.345405]}, "properties": {"record_id": "oai:u-bordeaux-montaigne.fr:340435", "symbol_class": "well", "pixel_x": 5610.0, "pixel_y": 1519.0, "easting": 417805.2, "northing": 338531.1, "epsg_source": 22391}}, {"type": "Feature", "geometry": {"type": "Point", "coordinates": [8.947313, 36.3472808]}, "properties": {"record_id": "oai:u-bordeaux-montaigne.fr:340435", "symbol_class": "well", "pixel_x": 4830.0, "pixel_y": 1520.0, "easting": 414461.6, "northing": 338771.3, "epsg_source": 22391}}, {"type": "Feature", "geometry": {"type": "Point", "coordinates": [8.984771, 36.345167]}, "properties": {"record_id": "oai:u-bordeaux-montaigne.fr:340435", "symbol_class": "well", "pixel_x": 5614.0, "pixel_y": 1525.0, "easting": 417820.5, "northing": 338504.6, "epsg_source": 22391}}, {"type": "Feature", "geometry": {"type": "Point", "coordinates": [8.9849868, 36.3448505]}, "properties": {"record_id": "oai:u-bordeaux-montaigne.fr:340435", "symbol_class": "well", "pixel_x": 5619.0, "pixel_y": 1533.0, "easting": 417839.6, "northing": 338469.3, "epsg_source": 22391}}, {"type": "Feature", "geometry": {"type": "Point", "coordinates": [8.9853546, 36.3446407]}, "properties": {"record_id": "oai:u-bordeaux-montaigne.fr:340435", "symbol_class": "well", "pixel_x": 5627.0, "pixel_y": 1538.0, "easting": 417872.4, "northing": 338445.7, "epsg_source": 22391}}, {"type": "Feature", "geometry": {"type": "Point", "coordinates": [8.9791746, 36.3447679]}, "properties": {"record_id": "oai:u-bordeaux-montaigne.fr:340435", "symbol_class": "well", "pixel_x": 5498.0, "pixel_y": 1543.0, "easting": 417317.9, "northing": 338465.1, "epsg_source": 22391}}, {"type": "Feature", "geometry": {"type": "Point", "coordinates": [8.9855791, 36.3444382]}, "properties": {"record_id": "oai:u-bordeaux-montaigne.fr:340435", "symbol_class": "well", "pixel_x": 5632.0, "pixel_y": 1543.0, "easting": 417892.3, "northing": 338423.1, "epsg_source": 22391}}, {"type": "Feature", "geometry": {"type": "Point", "coordinates": [8.978294, 36.344546]}, "properties": {"record_id": "oai:u-bordeaux-montaigne.fr:340435", "symbol_class": "well", "pixel_x": 5480.0, "pixel_y": 1550.0, "easting": 417238.7, "northing": 338441.2, "epsg_source": 22391}}, {"type": "Feature", "geometry": {"type": "Point", "coordinates": [8.9788197, 36.3445189]}, "properties": {"record_id": "oai:u-bordeaux-montaigne.fr:340435", "symbol_class": "well", "pixel_x": 5491.0, "pixel_y": 1550.0, "easting": 417285.8, "northing": 338437.7, "epsg_source": 22391}}, {"type": "Feature", "geometry": {"type": "Point", "coordinates": [8.9793455, 36.3444919]}, "properties": {"record_id": "oai:u-bordeaux-montaigne.fr:340435", "symbol_class": "well", "pixel_x": 5502.0, "pixel_y": 1550.0, "easting": 417333.0, "northing": 338434.3, "epsg_source": 22391}}, {"type": "Feature", "geometry": {"type": "Point", "coordinates": [8.9859412, 36.3441524]}, "properties": {"record_id": "oai:u-bordeaux-montaigne.fr:340435", "symbol_class": "well", "pixel_x": 5640.0, "pixel_y": 1550.0, "easting": 417924.5, "northing": 338391.1, "epsg_source": 22391}}, {"type": "Feature", "geometry": {"type": "Point", "coordinates": [8.9856428, 36.344015]}, "properties": {"record_id": "oai:u-bordeaux-montaigne.fr:340435", "symbol_class": "well", "pixel_x": 5634.0, "pixel_y": 1554.0, "easting": 417897.6, "northing": 338376.1, "epsg_source": 22391}}, {"type": "Feature", "geometry": {"type": "Point", "coordinates": [8.9785663, 36.3443411]}, "properties": {"record_id": "oai:u-bordeaux-montaigne.fr:340435", "symbol_class": "well", "pixel_x": 5486.0, "pixel_y": 1555.0, "easting": 417262.9, "northing": 338418.2, "epsg_source": 22391}}, {"type": "Feature", "geometry": {"type": "Point", "coordinates": [8.9797134, 36.3442821]}, "properties": {"record_id": "oai:u-bordeaux-montaigne.fr:340435", "symbol_class": "well", "pixel_x": 5510.0, "pixel_y": 1555.0, "easting": 417365.8, "northing": 338410.7, "epsg_source": 22391}}, {"type": "Feature", "geometry": {"type": "Point", "coordinates": [8.9864524, 36.3439352]}, "properties": {"record_id": "oai:u-bordeaux-montaigne.fr:340435", "symbol_class": "well", "pixel_x": 5651.0, "pixel_y": 1555.0, "easting": 417970.1, "northing": 338366.5, "epsg_source": 22391}}, {"type": "Feature", "geometry": {"type": "Point", "coordinates": [8.9860194, 36.3439193]}, "properties": {"record_id": "oai:u-bordeaux-montaigne.fr:340435", "symbol_class": "well", "pixel_x": 5642.0, "pixel_y": 1556.0, "easting": 417931.3, "northing": 338365.1, "epsg_source": 22391}}, {"type": "Feature", "geometry": {"type": "Point", "coordinates": [8.9776915, 36.3441952]}, "properties": {"record_id": "oai:u-bordeaux-montaigne.fr:340435", "symbol_class": "well", "pixel_x": 5468.0, "pixel_y": 1560.0, "easting": 417184.3, "northing": 338402.8, "epsg_source": 22391}}, {"type": "Feature", "geometry": {"type": "Point", "coordinates": [8.9799856, 36.3440772]}, "properties": {"record_id": "oai:u-bordeaux-montaigne.fr:340435", "symbol_class": "well", "pixel_x": 5516.0, "pixel_y": 1560.0, "easting": 417390.0, "northing": 338387.8, "epsg_source": 22391}}, {"type": "Feature", "geometry": {"type": "Point", "coordinates": [8.9774438, 36.3440934]}, "properties": {"record_id": "oai:u-bordeaux-montaigne.fr:340435", "symbol_class": "well", "pixel_x": 5463.0, "pixel_y": 1563.0, "easting": 417161.9, "northing": 338391.7, "epsg_source": 22391}}, {"type": "Feature", "geometry": {"type": "Point", "coordinates": [8.9859513, 36.3436556]}, "properties": {"record_id": "oai:u-bordeaux-montaigne.fr:340435", "symbol_class": "well", "pixel_x": 5641.0, "pixel_y": 1563.0, "easting": 417924.9, "northing": 338335.9, "epsg_source": 22391}}, {"type": "Feature", "geometry": {"type": "Point", "coordinates": [8.9802043, 36.3437987]}, "properties": {"record_id": "oai:u-bordeaux-montaigne.fr:340435", "symbol_class": "well", "pixel_x": 5521.0, "pixel_y": 1567.0, "easting": 417409.3, "northing": 338356.7, "epsg_source": 22391}}, {"type": "Feature", "geometry": {"type": "Point", "coordinates": [8.9805389, 36.3437815]}, "properties": {"record_id": "oai:u-bordeaux-montaigne.fr:340435", "symbol_class": "well", "pixel_x": 5528.0, "pixel_y": 1567.0, "easting": 417439.3, "northing": 338354.5, "epsg_source": 22391}}, {"type": "Feature", "geometry": {"type": "Point", "coordinates": [8.9859339, 36.3434274]}, "properties": {"record_id": "oai:u-bordeaux-montaigne.fr:340435", "symbol_class": "well", "pixel_x": 5641.0, "pixel_y": 1569.0, "easting": 417923.1, "northing": 338310.7, "epsg_source": 22391}}, {"type": "Feature", "geometry": {"type": "Point", "coordinates": [8.9769905, 36.3438113]}, "properties": {"record_id": "oai:u-bordeaux-montaigne.fr:340435", "symbol_class": "well", "pixel_x": 5454.0, "pixel_y": 1571.0, "easting": 417120.9, "northing": 338360.8, "epsg_source": 22391}}, {"type": "Feature", "geometry": {"type": "Point", "coordinates": [8.9774627, 36.3437107]}, "properties": {"record_id": "oai:u-bordeaux-montaigne.fr:340435", "symbol_class": "well", "pixel_x": 5464.0, "pixel_y": 1573.0, "easting": 417163.2, "northing": 338349.2, "epsg_source": 22391}}, {"type": "Feature", "geometry": {"type": "Point", "coordinates": [8.9856152, 36.3430239]}, "properties": {"record_id": "oai:u-bordeaux-montaigne.fr:340435", "symbol_class": "well", "pixel_x": 5635.0, "pixel_y": 1580.0, "easting": 417894.1, "northing": 338266.2, "epsg_source": 22391}}, {"type": "Feature", "geometry": {"type": "Point", "coordinates": [8.9856123, 36.3429859]}, "properties": {"record_id": "oai:u-bordeaux-montaigne.fr:340435", "symbol_class": "well", "pixel_x": 5635.0, "pixel_y": 1581.0, "easting": 417893.8, "northing": 338261.9, "epsg_source": 22391}}, {"type": "Feature", "geometry": {"type": "Point", "coordinates": [8.9766719, 36.3434078]}, "properties": {"record_id": "oai:u-bordeaux-montaigne.fr:340435", "symbol_class": "well", "pixel_x": 5448.0, "pixel_y": 1582.0, "easting": 417091.9, "northing": 338316.3, "epsg_source": 22391}}, {"type": "Feature", "geometry": {"type": "Point", "coordinates": [8.9807344, 36.3431988]}, "properties": {"record_id": "oai:u-bordeaux-montaigne.fr:340435", "symbol_class": "well", "pixel_x": 5533.0, "pixel_y": 1582.0, "easting": 417456.3, "northing": 338289.7, "epsg_source": 22391}}, {"type": "Feature", "geometry": {"type": "Point", "coordinates": [8.9766574, 36.3432177]}, "properties": {"record_id": "oai:u-bordeaux-montaigne.fr:340435", "symbol_class": "well", "pixel_x": 5448.0, "pixel_y": 1587.0, "easting": 417090.4, "northing": 338295.2, "epsg_source": 22391}}, {"type": "Feature", "geometry": {"type": "Point", "coordinates": [8.9699966, 36.343331]}, "properties": {"record_id": "oai:u-bordeaux-montaigne.fr:340435", "symbol_class": "well", "pixel_x": 5309.0, "pixel_y": 1593.0, "easting": 416492.8, "northing": 338313.5, "epsg_source": 22391}}, {"type": "Feature", "geometry": {"type": "Point", "coordinates": [8.9700444, 36.3433285]}, "properties": {"record_id": "oai:u-bordeaux-montaigne.fr:340435", "symbol_class": "well", "pixel_x": 5310.0, "pixel_y": 1593.0, "easting": 416497.1, "northing": 338313.2, "epsg_source": 22391}}, {"type": "Feature", "geometry": {"type": "Point", "coordinates": [8.9678908, 36.343401]}, "properties": {"record_id": "oai:u-bordeaux-montaigne.fr:340435", "symbol_class": "well", "pixel_x": 5265.0, "pixel_y": 1594.0, "easting": 416303.9, "northing": 338323.1, "epsg_source": 22391}}, {"type": "Feature", "geometry": {"type": "Point", "coordinates": [8.9692739, 36.3432918]}, "properties": {"record_id": "oai:u-bordeaux-montaigne.fr:340435", "symbol_class": "well", "pixel_x": 5294.0, "pixel_y": 1595.0, "easting": 416427.9, "northing": 338309.8, "epsg_source": 22391}}, {"type": "Feature", "geometry": {"type": "Point", "coordinates": [8.9688887, 36.3432734]}, "properties": {"record_id": "oai:u-bordeaux-montaigne.fr:340435", "symbol_class": "well", "pixel_x": 5286.0, "pixel_y": 1596.0, "easting": 416393.4, "northing": 338308.0, "epsg_source": 22391}}, {"type": "Feature", "geometry": {"type": "Point", "coordinates": [8.9855181, 36.3423799]}, "properties": {"record_id": "oai:u-bordeaux-montaigne.fr:340435", "symbol_class": "well", "pixel_x": 5634.0, "pixel_y": 1597.0, "easting": 417884.7, "northing": 338194.8, "epsg_source": 22391}}, {"type": "Feature", "geometry": {"type": "Point", "coordinates": [8.9670189, 36.343293]}, "properties": {"record_id": "oai:u-bordeaux-montaigne.fr:340435", "symbol_class": "well", "pixel_x": 5247.0, "pixel_y": 1598.0, "easting": 416225.6, "northing": 338311.8, "epsg_source": 22391}}, {"type": "Feature", "geometry": {"type": "Point", "coordinates": [8.9702212, 36.3431286]}, "properties": {"record_id": "oai:u-bordeaux-montaigne.fr:340435", "symbol_class": "well", "pixel_x": 5314.0, "pixel_y": 1598.0, "easting": 416512.8, "northing": 338290.8, "epsg_source": 22391}}, {"type": "Feature", "geometry": {"type": "Point", "coordinates": [8.9761476, 36.342824]}, "properties": {"record_id": "oai:u-bordeaux-montaigne.fr:340435", "symbol_class": "well", "pixel_x": 5438.0, "pixel_y": 1598.0, "easting": 417044.3, "northing": 338252.0, "epsg_source": 22391}}, {"type": "Feature", "geometry": {"type": "Point", "coordinates": [8.9810646, 36.3424947]}, "properties": {"record_id": "oai:u-bordeaux-montaigne.fr:340435", "symbol_class": "well", "pixel_x": 5541.0, "pixel_y": 1600.0, "easting": 417485.2, "northing": 338211.3, "epsg_source": 22391}}, {"type": "Feature", "geometry": {"type": "Point", "coordinates": [8.9687309, 36.3430906]}, "properties": {"record_id": "oai:u-bordeaux-montaigne.fr:340435", "symbol_class": "well", "pixel_x": 5283.0, "pixel_y": 1601.0, "easting": 416379.0, "northing": 338287.9, "epsg_source": 22391}}, {"type": "Feature", "geometry": {"type": "Point", "coordinates": [8.970786, 36.342985]}, "properties": {"record_id": "oai:u-bordeaux-montaigne.fr:340435", "symbol_class": "well", "pixel_x": 5326.0, "pixel_y": 1601.0, "easting": 416563.3, "northing": 338274.4, "epsg_source": 22391}}, {"type": "Feature", "geometry": {"type": "Point", "coordinates": [8.9674375, 36.3431188]}, "properties": {"record_id": "oai:u-bordeaux-montaigne.fr:340435", "symbol_class": "well", "pixel_x": 5256.0, "pixel_y": 1602.0, "easting": 416263.0, "northing": 338292.1, "epsg_source": 22391}}, {"type": "Feature", "geometry": {"type": "Point", "coordinates": [8.9765184, 36.3426522]}, "properties": {"record_id": "oai:u-bordeaux-montaigne.fr:340435", "symbol_class": "well", "pixel_x": 5446.0, "pixel_y": 1602.0, "easting": 417077.4, "northing": 338232.6, "epsg_source": 22391}}, {"type": "Feature", "geometry": {"type": "Point", "coordinates": [8.9699199, 36.3429532]}, "properties": {"record_id": "oai:u-bordeaux-montaigne.fr:340435", "symbol_class": "well", "pixel_x": 5308.0, "pixel_y": 1603.0, "easting": 416485.6, "northing": 338271.6, "epsg_source": 22391}}, {"type": "Feature", "geometry": {"type": "Point", "coordinates": [8.9705413, 36.3429213]}, "properties": {"record_id": "oai:u-bordeaux-montaigne.fr:340435", "symbol_class": "well", "pixel_x": 5321.0, "pixel_y": 1603.0, "easting": 416541.3, "northing": 338267.6, "epsg_source": 22391}}, {"type": "Feature", "geometry": {"type": "Point", "coordinates": [8.9853574, 36.3421591]}, "properties": {"record_id": "oai:u-bordeaux-montaigne.fr:340435", "symbol_class": "well", "pixel_x": 5631.0, "pixel_y": 1603.0, "easting": 417870.0, "northing": 338170.5, "epsg_source": 22391}}, {"type": "Feature", "geometry": {"type": "Point", "coordinates": [8.9694869, 36.3429372]}, "properties": {"record_id": "oai:u-bordeaux-montaigne.fr:340435", "symbol_class": "well", "pixel_x": 5299.0, "pixel_y": 1604.0, "easting": 416446.7, "northing": 338270.2, "epsg_source": 22391}}, {"type": "Feature", "geometry": {"type": "Point", "coordinates": [8.8365086, 36.3496558]}, "properties": {"record_id": "oai:u-bordeaux-montaigne.fr:340435", "symbol_class": "well", "pixel_x": 2517.0, "pixel_y": 1605.0, "easting": 404521.9, "northing": 339137.5, "epsg_source": 22391}}, {"type": "Feature", "geometry": {"type": "Point", "coordinates": [8.9690959, 36.3428428]}, "properties": {"record_id": "oai:u-bordeaux-montaigne.fr:340435", "symbol_class": "well", "pixel_x": 5291.0, "pixel_y": 1607.0, "easting": 416411.5, "northing": 338260.1, "epsg_source": 22391}}, {"type": "Feature", "geometry": {"type": "Point", "coordinates": [8.9766922, 36.3424142]}, "properties": {"record_id": "oai:u-bordeaux-montaigne.fr:340435", "symbol_class": "well", "pixel_x": 5450.0, "pixel_y": 1608.0, "easting": 417092.7, "northing": 338206.1, "epsg_source": 22391}}, {"type": "Feature", "geometry": {"type": "Point", "coordinates": [8.9812775, 36.3421401]}, "properties": {"record_id": "oai:u-bordeaux-montaigne.fr:340435", "symbol_class": "well", "pixel_x": 5546.0, "pixel_y": 1609.0, "easting": 417503.9, "northing": 338171.8, "epsg_source": 22391}}, {"type": "Feature", "geometry": {"type": "Point", "coordinates": [8.9670262, 36.3427582]}, "properties": {"record_id": "oai:u-bordeaux-montaigne.fr:340435", "symbol_class": "well", "pixel_x": 5248.0, "pixel_y": 1612.0, "easting": 416225.7, "northing": 338252.5, "epsg_source": 22391}}, {"type": "Feature", "geometry": {"type": "Point", "coordinates": [8.971558, 36.3424109]}, "properties": {"record_id": "oai:u-bordeaux-montaigne.fr:340435", "symbol_class": "well", "pixel_x": 5343.0, "pixel_y": 1615.0, "easting": 416632.0, "northing": 338210.1, "epsg_source": 22391}}, {"type": "Feature", "geometry": {"type": "Point", "coordinates": [8.9769558, 36.3420953]}, "properties": {"record_id": "oai:u-bordeaux-montaigne.fr:340435", "symbol_class": "well", "pixel_x": 5456.0, "pixel_y": 1616.0, "easting": 417116.0, "northing": 338170.5, "epsg_source": 22391}}, {"type": "Feature", "geometry": {"type": "Point", "coordinates": [8.9665788, 36.3425521]}, "properties": {"record_id": "oai:u-bordeaux-montaigne.fr:340435", "symbol_class": "well", "pixel_x": 5239.0, "pixel_y": 1618.0, "easting": 416185.3, "northing": 338230.0, "epsg_source": 22391}}, {"type": "Feature", "geometry": {"type": "Point", "coordinates": [8.9816816, 36.3417758]}, "properties": {"record_id": "oai:u-bordeaux-montaigne.fr:340435", "symbol_class": "well", "pixel_x": 5555.0, "pixel_y": 1618.0, "easting": 417539.8, "northing": 338131.0, "epsg_source": 22391}}, {"type": "Feature", "geometry": {"type": "Point", "coordinates": [8.985072, 36.341563]}, "properties": {"record_id": "oai:u-bordeaux-montaigne.fr:340435", "symbol_class": "well", "pixel_x": 5626.0, "pixel_y": 1619.0, "easting": 417843.8, "northing": 338104.6, "epsg_source": 22391}}, {"type": "Feature", "geometry": {"type": "Point", "coordinates": [8.9791905, 36.3418276]}, "properties": {"record_id": "oai:u-bordeaux-montaigne.fr:340435", "symbol_class": "well", "pixel_x": 5503.0, "pixel_y": 1620.0, "easting": 417316.3, "northing": 338138.9, "epsg_source": 22391}}, {"type": "Feature", "geometry": {"type": "Point", "coordinates": [8.9720186, 36.3421582]}, "properties": {"record_id": "oai:u-bordeaux-montaigne.fr:340435", "symbol_class": "well", "pixel_x": 5353.0, "pixel_y": 1621.0, "easting": 416673.0, "northing": 338181.7, "epsg_source": 22391}}, {"type": "Feature", "geometry": {"type": "Point", "coordinates": [8.9778494, 36.3418584]}, "properties": {"record_id": "oai:u-bordeaux-montaigne.fr:340435", "symbol_class": "well", "pixel_x": 5475.0, "pixel_y": 1621.0, "easting": 417196.0, "northing": 338143.5, "epsg_source": 22391}}, {"type": "Feature", "geometry": {"type": "Point", "coordinates": [8.9786619, 36.3418166]}, "properties": {"record_id": "oai:u-bordeaux-montaigne.fr:340435", "symbol_class": "well", "pixel_x": 5492.0, "pixel_y": 1621.0, "easting": 417268.8, "northing": 338138.1, "epsg_source": 22391}}, {"type": "Feature", "geometry": {"type": "Point", "coordinates": [8.9819597, 36.3416469]}, "properties": {"record_id": "oai:u-bordeaux-montaigne.fr:340435", "symbol_class": "well", "pixel_x": 5561.0, "pixel_y": 1621.0, "easting": 417564.6, "northing": 338116.5, "epsg_source": 22391}}, {"type": "Feature", "geometry": {"type": "Point", "coordinates": [8.9722547, 36.3421079]}, "properties": {"record_id": "oai:u-bordeaux-montaigne.fr:340435", "symbol_class": "well", "pixel_x": 5358.0, "pixel_y": 1622.0, "easting": 416694.2, "northing": 338175.9, "epsg_source": 22391}}, {"type": "Feature", "geometry": {"type": "Point", "coordinates": [8.9767951, 36.3418745]}, "properties": {"record_id": "oai:u-bordeaux-montaigne.fr:340435", "symbol_class": "well", "pixel_x": 5453.0, "pixel_y": 1622.0, "easting": 417101.4, "northing": 338146.1, "epsg_source": 22391}}, {"type": "Feature", "geometry": {"type": "Point", "coordinates": [8.9773657, 36.3418069]}, "properties": {"record_id": "oai:u-bordeaux-montaigne.fr:340435", "symbol_class": "well", "pixel_x": 5465.0, "pixel_y": 1623.0, "easting": 417152.5, "northing": 338138.2, "epsg_source": 22391}}, {"type": "Feature", "geometry": {"type": "Point", "coordinates": [8.9847737, 36.3414257]}, "properties": {"record_id": "oai:u-bordeaux-montaigne.fr:340435", "symbol_class": "well", "pixel_x": 5620.0, "pixel_y": 1623.0, "easting": 417816.9, "northing": 338089.6, "epsg_source": 22391}}, {"type": "Feature", "geometry": {"type": "Point", "coordinates": [8.9665614, 36.342324]}, "properties": {"record_id": "oai:u-bordeaux-montaigne.fr:340435", "symbol_class": "well", "pixel_x": 5239.0, "pixel_y": 1624.0, "easting": 416183.5, "northing": 338204.7, "epsg_source": 22391}}, {"type": "Feature", "geometry": {"type": "Point", "coordinates": [8.9670872, 36.342297]}, "properties": {"record_id": "oai:u-bordeaux-montaigne.fr:340435", "symbol_class": "well", "pixel_x": 5250.0, "pixel_y": 1624.0, "easting": 416230.7, "northing": 338201.3, "epsg_source": 22391}}, {"type": "Feature", "geometry": {"type": "Point", "coordinates": [8.9821841, 36.3414445]}, "properties": {"record_id": "oai:u-bordeaux-montaigne.fr:340435", "symbol_class": "well", "pixel_x": 5566.0, "pixel_y": 1626.0, "easting": 417584.5, "northing": 338093.9, "epsg_source": 22391}}, {"type": "Feature", "geometry": {"type": "Point", "coordinates": [8.9731454, 36.3418331]}, "properties": {"record_id": "oai:u-bordeaux-montaigne.fr:340435", "symbol_class": "well", "pixel_x": 5377.0, "pixel_y": 1628.0, "easting": 416773.8, "northing": 338144.6, "epsg_source": 22391}}, {"type": "Feature", "geometry": {"type": "Point", "coordinates": [8.9778292, 36.3415922]}, "properties": {"record_id": "oai:u-bordeaux-montaigne.fr:340435", "symbol_class": "well", "pixel_x": 5475.0, "pixel_y": 1628.0, "easting": 417193.9, "northing": 338113.9, "epsg_source": 22391}}, {"type": "Feature", "geometry": {"type": "Point", "coordinates": [8.9780681, 36.3415799]}, "properties": {"record_id": "oai:u-bordeaux-montaigne.fr:340435", "symbol_class": "well", "pixel_x": 5480.0, "pixel_y": 1628.0, "easting": 417215.3, "northing": 338112.4, "epsg_source": 22391}}, {"type": "Feature", "geometry": {"type": "Point", "coordinates": [8.9781159, 36.3415775]}, "properties": {"record_id": "oai:u-bordeaux-montaigne.fr:340435", "symbol_class": "well", "pixel_x": 5481.0, "pixel_y": 1628.0, "easting": 417219.6, "northing": 338112.1, "epsg_source": 22391}}, {"type": "Feature", "geometry": {"type": "Point", "coordinates": [8.9784027, 36.3415627]}, "properties": {"record_id": "oai:u-bordeaux-montaigne.fr:340435", "symbol_class": "well", "pixel_x": 5487.0, "pixel_y": 1628.0, "easting": 417245.3, "northing": 338110.2, "epsg_source": 22391}}, {"type": "Feature", "geometry": {"type": "Point", "coordinates": [8.978785, 36.3415431]}, "properties": {"record_id": "oai:u-bordeaux-montaigne.fr:340435", "symbol_class": "well", "pixel_x": 5495.0, "pixel_y": 1628.0, "easting": 417279.6, "northing": 338107.7, "epsg_source": 22391}}, {"type": "Feature", "geometry": {"type": "Point", "coordinates": [8.9770616, 36.3415935]}, "properties": {"record_id": "oai:u-bordeaux-montaigne.fr:340435", "symbol_class": "well", "pixel_x": 5459.0, "pixel_y": 1629.0, "easting": 417125.0, "northing": 338114.7, "epsg_source": 22391}}, {"type": "Feature", "geometry": {"type": "Point", "coordinates": [8.9665441, 36.3420958]}, "properties": {"record_id": "oai:u-bordeaux-montaigne.fr:340435", "symbol_class": "well", "pixel_x": 5239.0, "pixel_y": 1630.0, "easting": 416181.7, "northing": 338179.4, "epsg_source": 22391}}, {"type": "Feature", "geometry": {"type": "Point", "coordinates": [8.9716102, 36.3418356]}, "properties": {"record_id": "oai:u-bordeaux-montaigne.fr:340435", "symbol_class": "well", "pixel_x": 5345.0, "pixel_y": 1630.0, "easting": 416636.1, "northing": 338146.2, "epsg_source": 22391}}, {"type": "Feature", "geometry": {"type": "Point", "coordinates": [8.9819336, 36.3413047]}, "properties": {"record_id": "oai:u-bordeaux-montaigne.fr:340435", "symbol_class": "well", "pixel_x": 5561.0, "pixel_y": 1630.0, "easting": 417561.9, "northing": 338078.6, "epsg_source": 22391}}, {"type": "Feature", "geometry": {"type": "Point", "coordinates": [8.9850879, 36.3411423]}, "properties": {"record_id": "oai:u-bordeaux-montaigne.fr:340435", "symbol_class": "well", "pixel_x": 5627.0, "pixel_y": 1630.0, "easting": 417844.8, "northing": 338057.9, "epsg_source": 22391}}, {"type": "Feature", "geometry": {"type": "Point", "coordinates": [8.9722229, 36.3416896]}, "properties": {"record_id": "oai:u-bordeaux-montaigne.fr:340435", "symbol_class": "well", "pixel_x": 5358.0, "pixel_y": 1633.0, "easting": 416690.9, "northing": 338129.5, "epsg_source": 22391}}, {"type": "Feature", "geometry": {"type": "Point", "coordinates": [8.9722707, 36.3416871]}, "properties": {"record_id": "oai:u-bordeaux-montaigne.fr:340435", "symbol_class": "well", "pixel_x": 5359.0, "pixel_y": 1633.0, "easting": 416695.2, "northing": 338129.2, "epsg_source": 22391}}, {"type": "Feature", "geometry": {"type": "Point", "coordinates": [8.9725067, 36.3416368]}, "properties": {"record_id": "oai:u-bordeaux-montaigne.fr:340435", "symbol_class": "well", "pixel_x": 5364.0, "pixel_y": 1634.0, "easting": 416716.3, "northing": 338123.4, "epsg_source": 22391}}, {"type": "Feature", "geometry": {"type": "Point", "coordinates": [8.9785287, 36.3413272]}, "properties": {"record_id": "oai:u-bordeaux-montaigne.fr:340435", "symbol_class": "well", "pixel_x": 5490.0, "pixel_y": 1634.0, "easting": 417256.4, "northing": 338084.0, "epsg_source": 22391}}, {"type": "Feature", "geometry": {"type": "Point", "coordinates": [8.9824477, 36.3411255]}, "properties": {"record_id": "oai:u-bordeaux-montaigne.fr:340435", "symbol_class": "well", "pixel_x": 5572.0, "pixel_y": 1634.0, "easting": 417607.8, "northing": 338058.3, "epsg_source": 22391}}, {"type": "Feature", "geometry": {"type": "Point", "coordinates": [8.9671481, 36.3418358]}, "properties": {"record_id": "oai:u-bordeaux-montaigne.fr:340435", "symbol_class": "well", "pixel_x": 5252.0, "pixel_y": 1636.0, "easting": 416235.6, "northing": 338150.1, "epsg_source": 22391}}, {"type": "Feature", "geometry": {"type": "Point", "coordinates": [8.9729311, 36.3415387]}, "properties": {"record_id": "oai:u-bordeaux-montaigne.fr:340435", "symbol_class": "well", "pixel_x": 5373.0, "pixel_y": 1636.0, "easting": 416754.3, "northing": 338112.2, "epsg_source": 22391}}, {"type": "Feature", "geometry": {"type": "Point", "coordinates": [8.9668584, 36.3418125]}, "properties": {"record_id": "oai:u-bordeaux-montaigne.fr:340435", "symbol_class": "well", "pixel_x": 5246.0, "pixel_y": 1637.0, "easting": 416209.6, "northing": 338147.7, "epsg_source": 22391}}, {"type": "Feature", "geometry": {"type": "Point", "coordinates": [8.9805751, 36.3411074]}, "properties": {"record_id": "oai:u-bordeaux-montaigne.fr:340435", "symbol_class": "well", "pixel_x": 5533.0, "pixel_y": 1637.0, "easting": 417439.8, "northing": 338057.8, "epsg_source": 22391}}, {"type": "Feature", "geometry": {"type": "Point", "coordinates": [8.973257, 36.3414074]}, "properties": {"record_id": "oai:u-bordeaux-montaigne.fr:340435", "symbol_class": "well", "pixel_x": 5380.0, "pixel_y": 1639.0, "easting": 416783.4, "northing": 338097.3, "epsg_source": 22391}}, {"type": "Feature", "geometry": {"type": "Point", "coordinates": [8.9826215, 36.3408875]}, "properties": {"record_id": "oai:u-bordeaux-montaigne.fr:340435", "symbol_class": "well", "pixel_x": 5576.0, "pixel_y": 1640.0, "easting": 417623.2, "northing": 338031.7, "epsg_source": 22391}}, {"type": "Feature", "geometry": {"type": "Point", "coordinates": [8.9736784, 36.3412712]}, "properties": {"record_id": "oai:u-bordeaux-montaigne.fr:340435", "symbol_class": "well", "pixel_x": 5389.0, "pixel_y": 1642.0, "easting": 416821.1, "northing": 338081.9, "epsg_source": 22391}}, {"type": "Feature", "geometry": {"type": "Point", "coordinates": [8.9844202, 36.3405659]}, "properties": {"record_id": "oai:u-bordeaux-montaigne.fr:340435", "symbol_class": "well", "pixel_x": 5614.0, "pixel_y": 1646.0, "easting": 417784.3, "northing": 337994.5, "epsg_source": 22391}}, {"type": "Feature", "geometry": {"type": "Point", "coordinates": [8.9828315, 36.340495]}, "properties": {"record_id": "oai:u-bordeaux-montaigne.fr:340435", "symbol_class": "well", "pixel_x": 5581.0, "pixel_y": 1650.0, "easting": 417641.6, "northing": 337988.0, "epsg_source": 22391}}, {"type": "Feature", "geometry": {"type": "Point", "coordinates": [8.9832616, 36.3404728]}, "properties": {"record_id": "oai:u-bordeaux-montaigne.fr:340435", "symbol_class": "well", "pixel_x": 5590.0, "pixel_y": 1650.0, "easting": 417680.2, "northing": 337985.2, "epsg_source": 22391}}, {"type": "Feature", "geometry": {"type": "Point", "coordinates": [8.983644, 36.3404531]}, "properties": {"record_id": "oai:u-bordeaux-montaigne.fr:340435", "symbol_class": "well", "pixel_x": 5598.0, "pixel_y": 1650.0, "easting": 417714.5, "northing": 337982.7, "epsg_source": 22391}}, {"type": "Feature", "geometry": {"type": "Point", "coordinates": [8.9841219, 36.3404285]}, "properties": {"record_id": "oai:u-bordeaux-montaigne.fr:340435", "symbol_class": "well", "pixel_x": 5608.0, "pixel_y": 1650.0, "easting": 417757.4, "northing": 337979.5, "epsg_source": 22391}}, {"type": "Feature", "geometry": {"type": "Point", "coordinates": [8.9807199, 36.3404891]}, "properties": {"record_id": "oai:u-bordeaux-montaigne.fr:340435", "symbol_class": "well", "pixel_x": 5537.0, "pixel_y": 1653.0, "easting": 417452.1, "northing": 337989.1, "epsg_source": 22391}}, {"type": "Feature", "geometry": {"type": "Point", "coordinates": [8.9804303, 36.3404659]}, "properties": {"record_id": "oai:u-bordeaux-montaigne.fr:340435", "symbol_class": "well", "pixel_x": 5531.0, "pixel_y": 1654.0, "easting": 417426.1, "northing": 337986.8, "epsg_source": 22391}}, {"type": "Feature", "geometry": {"type": "Point", "coordinates": [8.9831009, 36.3402521]}, "properties": {"record_id": "oai:u-bordeaux-montaigne.fr:340435", "symbol_class": "well", "pixel_x": 5587.0, "pixel_y": 1656.0, "easting": 417665.5, "northing": 337960.8, "epsg_source": 22391}}, {"type": "Feature", "geometry": {"type": "Point", "coordinates": [8.9835788, 36.3402274]}, "properties": {"record_id": "oai:u-bordeaux-montaigne.fr:340435", "symbol_class": "well", "pixel_x": 5597.0, "pixel_y": 1656.0, "easting": 417708.4, "northing": 337957.7, "epsg_source": 22391}}, {"type": "Feature", "geometry": {"type": "Point", "coordinates": [8.9676349, 36.3406655]}, "properties": {"record_id": "oai:u-bordeaux-montaigne.fr:340435", "symbol_class": "well", "pixel_x": 5264.0, "pixel_y": 1666.0, "easting": 416278.1, "northing": 338019.9, "epsg_source": 22391}}, {"type": "Feature", "geometry": {"type": "Point", "coordinates": [8.9805838, 36.3399617]}, "properties": {"record_id": "oai:u-bordeaux-montaigne.fr:340435", "symbol_class": "well", "pixel_x": 5535.0, "pixel_y": 1667.0, "easting": 417439.4, "northing": 337930.7, "epsg_source": 22391}}, {"type": "Feature", "geometry": {"type": "Point", "coordinates": [8.9745475, 36.3400813]}, "properties": {"record_id": "oai:u-bordeaux-montaigne.fr:340435", "symbol_class": "well", "pixel_x": 5409.0, "pixel_y": 1672.0, "easting": 416897.8, "northing": 337949.1, "epsg_source": 22391}}, {"type": "Feature", "geometry": {"type": "Point", "coordinates": [8.9749125, 36.3398335]}, "properties": {"record_id": "oai:u-bordeaux-montaigne.fr:340435", "symbol_class": "well", "pixel_x": 5417.0, "pixel_y": 1678.0, "easting": 416930.3, "northing": 337921.3, "epsg_source": 22391}}, {"type": "Feature", "geometry": {"type": "Point", "coordinates": [8.9751992, 36.3398187]}, "properties": {"record_id": "oai:u-bordeaux-montaigne.fr:340435", "symbol_class": "well", "pixel_x": 5423.0, "pixel_y": 1678.0, "easting": 416956.0, "northing": 337919.5, "epsg_source": 22391}}, {"type": "Feature", "geometry": {"type": "Point", "coordinates": [8.9677885, 36.3401614]}, "properties": {"record_id": "oai:u-bordeaux-montaigne.fr:340435", "symbol_class": "well", "pixel_x": 5268.0, "pixel_y": 1679.0, "easting": 416291.3, "northing": 337963.8, "epsg_source": 22391}}, {"type": "Feature", "geometry": {"type": "Point", "coordinates": [8.975528, 36.3397255]}, "properties": {"record_id": "oai:u-bordeaux-montaigne.fr:340435", "symbol_class": "well", "pixel_x": 5430.0, "pixel_y": 1680.0, "easting": 416985.4, "northing": 337908.8, "epsg_source": 22391}}, {"type": "Feature", "geometry": {"type": "Point", "coordinates": [8.9793933, 36.3394503]}, "properties": {"record_id": "oai:u-bordeaux-montaigne.fr:340435", "symbol_class": "well", "pixel_x": 5511.0, "pixel_y": 1682.0, "easting": 417332.0, "northing": 337875.0, "epsg_source": 22391}}, {"type": "Feature", "geometry": {"type": "Point", "coordinates": [8.9746112, 36.3396581]}, "properties": {"record_id": "oai:u-bordeaux-montaigne.fr:340435", "symbol_class": "well", "pixel_x": 5411.0, "pixel_y": 1683.0, "easting": 416903.1, "northing": 337902.1, "epsg_source": 22391}}, {"type": "Feature", "geometry": {"type": "Point", "coordinates": [8.9679623, 36.3399234]}, "properties": {"record_id": "oai:u-bordeaux-montaigne.fr:340435", "symbol_class": "well", "pixel_x": 5272.0, "pixel_y": 1685.0, "easting": 416306.7, "northing": 337937.3, "epsg_source": 22391}}, {"type": "Feature", "geometry": {"type": "Point", "coordinates": [8.9768995, 36.3394641]}, "properties": {"record_id": "oai:u-bordeaux-montaigne.fr:340435", "symbol_class": "well", "pixel_x": 5459.0, "pixel_y": 1685.0, "easting": 417108.2, "northing": 337878.7, "epsg_source": 22391}}, {"type": "Feature", "geometry": {"type": "Point", "coordinates": [8.9789009, 36.3392848]}, "properties": {"record_id": "oai:u-bordeaux-montaigne.fr:340435", "symbol_class": "well", "pixel_x": 5501.0, "pixel_y": 1687.0, "easting": 417287.6, "northing": 337857.1, "epsg_source": 22391}}, {"type": "Feature", "geometry": {"type": "Point", "coordinates": [8.9799046, 36.3392331]}, "properties": {"record_id": "oai:u-bordeaux-montaigne.fr:340435", "symbol_class": "well", "pixel_x": 5522.0, "pixel_y": 1687.0, "easting": 417377.6, "northing": 337850.5, "epsg_source": 22391}}, {"type": "Feature", "geometry": {"type": "Point", "coordinates": [8.9756482, 36.3394139]}, "properties": {"record_id": "oai:u-bordeaux-montaigne.fr:340435", "symbol_class": "well", "pixel_x": 5433.0, "pixel_y": 1688.0, "easting": 416995.9, "northing": 337874.2, "epsg_source": 22391}}, {"type": "Feature", "geometry": {"type": "Point", "coordinates": [8.9761232, 36.3393513]}, "properties": {"record_id": "oai:u-bordeaux-montaigne.fr:340435", "symbol_class": "well", "pixel_x": 5443.0, "pixel_y": 1689.0, "easting": 417038.4, "northing": 337866.8, "epsg_source": 22391}}, {"type": "Feature", "geometry": {"type": "Point", "coordinates": [8.9766011, 36.3393267]}, "properties": {"record_id": "oai:u-bordeaux-montaigne.fr:340435", "symbol_class": "well", "pixel_x": 5453.0, "pixel_y": 1689.0, "easting": 417081.3, "northing": 337863.7, "epsg_source": 22391}}, {"type": "Feature", "geometry": {"type": "Point", "coordinates": [8.9751645, 36.3393624]}, "properties": {"record_id": "oai:u-bordeaux-montaigne.fr:340435", "symbol_class": "well", "pixel_x": 5423.0, "pixel_y": 1690.0, "easting": 416952.4, "northing": 337868.9, "epsg_source": 22391}}, {"type": "Feature", "geometry": {"type": "Point", "coordinates": [8.9681361, 36.3396854]}, "properties": {"record_id": "oai:u-bordeaux-montaigne.fr:340435", "symbol_class": "well", "pixel_x": 5276.0, "pixel_y": 1691.0, "easting": 416322.0, "northing": 337910.7, "epsg_source": 22391}}, {"type": "Feature", "geometry": {"type": "Point", "coordinates": [8.97736, 36.3392113]}, "properties": {"record_id": "oai:u-bordeaux-montaigne.fr:340435", "symbol_class": "well", "pixel_x": 5469.0, "pixel_y": 1691.0, "easting": 417149.3, "northing": 337850.3, "epsg_source": 22391}}, {"type": "Feature", "geometry": {"type": "Point", "coordinates": [8.9769241, 36.3391574]}, "properties": {"record_id": "oai:u-bordeaux-montaigne.fr:340435", "symbol_class": "well", "pixel_x": 5460.0, "pixel_y": 1693.0, "easting": 417110.1, "northing": 337844.6, "epsg_source": 22391}}, {"type": "Feature", "geometry": {"type": "Point", "coordinates": [8.9683635, 36.339521]}, "properties": {"record_id": "oai:u-bordeaux-montaigne.fr:340435", "symbol_class": "well", "pixel_x": 5281.0, "pixel_y": 1695.0, "easting": 416342.3, "northing": 337892.3, "epsg_source": 22391}}, {"type": "Feature", "geometry": {"type": "Point", "coordinates": [8.9776352, 36.3390445]}, "properties": {"record_id": "oai:u-bordeaux-montaigne.fr:340435", "symbol_class": "well", "pixel_x": 5475.0, "pixel_y": 1695.0, "easting": 417173.8, "northing": 337831.5, "epsg_source": 22391}}, {"type": "Feature", "geometry": {"type": "Point", "coordinates": [8.9792123, 36.3389634]}, "properties": {"record_id": "oai:u-bordeaux-montaigne.fr:340435", "symbol_class": "well", "pixel_x": 5508.0, "pixel_y": 1695.0, "easting": 417315.2, "northing": 337821.2, "epsg_source": 22391}}, {"type": "Feature", "geometry": {"type": "Point", "coordinates": [8.9789227, 36.3389401]}, "properties": {"record_id": "oai:u-bordeaux-montaigne.fr:340435", "symbol_class": "well", "pixel_x": 5502.0, "pixel_y": 1696.0, "easting": 417289.2, "northing": 337818.8, "epsg_source": 22391}}, {"type": "Feature", "geometry": {"type": "Point", "coordinates": [8.9695019, 36.339348]}, "properties": {"record_id": "oai:u-bordeaux-montaigne.fr:340435", "symbol_class": "well", "pixel_x": 5305.0, "pixel_y": 1698.0, "easting": 416444.2, "northing": 337872.1, "epsg_source": 22391}}, {"type": "Feature", "geometry": {"type": "Point", "coordinates": [8.9780088, 36.3389107]}, "properties": {"record_id": "oai:u-bordeaux-montaigne.fr:340435", "symbol_class": "well", "pixel_x": 5483.0, "pixel_y": 1698.0, "easting": 417207.2, "northing": 337816.4, "epsg_source": 22391}}, {"type": "Feature", "geometry": {"type": "Point", "coordinates": [8.9782927, 36.338858]}, "properties": {"record_id": "oai:u-bordeaux-montaigne.fr:340435", "symbol_class": "well", "pixel_x": 5489.0, "pixel_y": 1699.0, "easting": 417232.6, "northing": 337810.3, "epsg_source": 22391}}, {"type": "Feature", "geometry": {"type": "Point", "coordinates": [8.9701058, 36.339088]}, "properties": {"record_id": "oai:u-bordeaux-montaigne.fr:340435", "symbol_class": "well", "pixel_x": 5318.0, "pixel_y": 1704.0, "easting": 416498.1, "northing": 337842.8, "epsg_source": 22391}}, {"type": "Feature", "geometry": {"type": "Point", "coordinates": [8.9694223, 36.3389322]}, "properties": {"record_id": "oai:u-bordeaux-montaigne.fr:340435", "symbol_class": "well", "pixel_x": 5304.0, "pixel_y": 1709.0, "easting": 416436.6, "northing": 337826.1, "epsg_source": 22391}}, {"type": "Feature", "geometry": {"type": "Point", "coordinates": [8.9699364, 36.3387531]}, "properties": {"record_id": "oai:u-bordeaux-montaigne.fr:340435", "symbol_class": "well", "pixel_x": 5315.0, "pixel_y": 1713.0, "easting": 416482.6, "northing": 337805.8, "epsg_source": 22391}}, {"type": "Feature", "geometry": {"type": "Point", "coordinates": [8.9706446, 36.3386022]}, "properties": {"record_id": "oai:u-bordeaux-montaigne.fr:340435", "symbol_class": "well", "pixel_x": 5330.0, "pixel_y": 1716.0, "easting": 416546.0, "northing": 337788.4, "epsg_source": 22391}}, {"type": "Feature", "geometry": {"type": "Point", "coordinates": [8.9710719, 36.3385421]}, "properties": {"record_id": "oai:u-bordeaux-montaigne.fr:340435", "symbol_class": "well", "pixel_x": 5339.0, "pixel_y": 1717.0, "easting": 416584.3, "northing": 337781.4, "epsg_source": 22391}}, {"type": "Feature", "geometry": {"type": "Point", "coordinates": [8.9706157, 36.3382219]}, "properties": {"record_id": "oai:u-bordeaux-montaigne.fr:340435", "symbol_class": "well", "pixel_x": 5330.0, "pixel_y": 1726.0, "easting": 416543.0, "northing": 337746.3, "epsg_source": 22391}}, {"type": "Feature", "geometry": {"type": "Point", "coordinates": [8.9653384, 36.3382257]}, "properties": {"record_id": "oai:u-bordeaux-montaigne.fr:340435", "symbol_class": "well", "pixel_x": 5220.0, "pixel_y": 1733.0, "easting": 416069.4, "northing": 337751.2, "epsg_source": 22391}}, {"type": "Feature", "geometry": {"type": "Point", "coordinates": [8.9649025, 36.3381718]}, "properties": {"record_id": "oai:u-bordeaux-montaigne.fr:340435", "symbol_class": "well", "pixel_x": 5211.0, "pixel_y": 1735.0, "easting": 416030.2, "northing": 337745.6, "epsg_source": 22391}}, {"type": "Feature", "geometry": {"type": "Point", "coordinates": [8.9709604, 36.3377079]}, "properties": {"record_id": "oai:u-bordeaux-montaigne.fr:340435", "symbol_class": "well", "pixel_x": 5338.0, "pixel_y": 1739.0, "easting": 416573.4, "northing": 337688.9, "epsg_source": 22391}}, {"type": "Feature", "geometry": {"type": "Point", "coordinates": [8.9703812, 36.3376614]}, "properties": {"record_id": "oai:u-bordeaux-montaigne.fr:340435", "symbol_class": "well", "pixel_x": 5326.0, "pixel_y": 1741.0, "easting": 416521.3, "northing": 337684.3, "epsg_source": 22391}}, {"type": "Feature", "geometry": {"type": "Point", "coordinates": [8.9659337, 36.3378516]}, "properties": {"record_id": "oai:u-bordeaux-montaigne.fr:340435", "symbol_class": "well", "pixel_x": 5233.0, "pixel_y": 1742.0, "easting": 416122.4, "northing": 337709.2, "epsg_source": 22391}}, {"type": "Feature", "geometry": {"type": "Point", "coordinates": [8.9665318, 36.3375155]}, "properties": {"record_id": "oai:u-bordeaux-montaigne.fr:340435", "symbol_class": "well", "pixel_x": 5246.0, "pixel_y": 1750.0, "easting": 416175.7, "northing": 337671.4, "epsg_source": 22391}}, {"type": "Feature", "geometry": {"type": "Point", "coordinates": [8.9705941, 36.3373068]}, "properties": {"record_id": "oai:u-bordeaux-montaigne.fr:340435", "symbol_class": "well", "pixel_x": 5331.0, "pixel_y": 1750.0, "easting": 416540.1, "northing": 337644.8, "epsg_source": 22391}}, {"type": "Feature", "geometry": {"type": "Point", "coordinates": [8.9640351, 36.337491]}, "properties": {"record_id": "oai:u-bordeaux-montaigne.fr:340435", "symbol_class": "well", "pixel_x": 5194.0, "pixel_y": 1754.0, "easting": 415951.7, "northing": 337670.8, "epsg_source": 22391}}, {"type": "Feature", "geometry": {"type": "Point", "coordinates": [8.9698092, 36.3370799]}, "properties": {"record_id": "oai:u-bordeaux-montaigne.fr:340435", "symbol_class": "well", "pixel_x": 5315.0, "pixel_y": 1757.0, "easting": 416469.4, "northing": 337620.3, "epsg_source": 22391}}, {"type": "Feature", "geometry": {"type": "Point", "coordinates": [8.9643552, 36.3372837]}, "properties": {"record_id": "oai:u-bordeaux-montaigne.fr:340435", "symbol_class": "well", "pixel_x": 5201.0, "pixel_y": 1759.0, "easting": 415980.2, "northing": 337647.6, "epsg_source": 22391}}, {"type": "Feature", "geometry": {"type": "Point", "coordinates": [8.9635819, 36.3372088]}, "properties": {"record_id": "oai:u-bordeaux-montaigne.fr:340435", "symbol_class": "well", "pixel_x": 5185.0, "pixel_y": 1762.0, "easting": 415910.7, "northing": 337639.9, "epsg_source": 22391}}, {"type": "Feature", "geometry": {"type": "Point", "coordinates": [8.9696007, 36.3368616]}, "properties": {"record_id": "oai:u-bordeaux-montaigne.fr:340435", "symbol_class": "well", "pixel_x": 5311.0, "pixel_y": 1763.0, "easting": 416450.5, "northing": 337596.2, "epsg_source": 22391}}, {"type": "Feature", "geometry": {"type": "Point", "coordinates": [8.9667781, 36.3369684]}, "properties": {"record_id": "oai:u-bordeaux-montaigne.fr:340435", "symbol_class": "well", "pixel_x": 5252.0, "pixel_y": 1764.0, "easting": 416197.3, "northing": 337610.5, "epsg_source": 22391}}, {"type": "Feature", "geometry": {"type": "Point", "coordinates": [8.9699208, 36.3366543]}, "properties": {"record_id": "oai:u-bordeaux-montaigne.fr:340435", "symbol_class": "well", "pixel_x": 5318.0, "pixel_y": 1768.0, "easting": 416479.0, "northing": 337573.0, "epsg_source": 22391}}, {"type": "Feature", "geometry": {"type": "Point", "coordinates": [8.9630838, 36.3369672]}, "properties": {"record_id": "oai:u-bordeaux-montaigne.fr:340435", "symbol_class": "well", "pixel_x": 5175.0, "pixel_y": 1769.0, "easting": 415865.7, "northing": 337613.5, "epsg_source": 22391}}, {"type": "Feature", "geometry": {"type": "Point", "coordinates": [8.9666145, 36.3367096]}, "properties": {"record_id": "oai:u-bordeaux-montaigne.fr:340435", "symbol_class": "well", "pixel_x": 5249.0, "pixel_y": 1771.0, "easting": 416182.3, "northing": 337581.9, "epsg_source": 22391}}, {"type": "Feature", "geometry": {"type": "Point", "coordinates": [8.9669969, 36.3366899]}, "properties": {"record_id": "oai:u-bordeaux-montaigne.fr:340435", "symbol_class": "well", "pixel_x": 5257.0, "pixel_y": 1771.0, "easting": 416216.6, "northing": 337579.4, "epsg_source": 22391}}, {"type": "Feature", "geometry": {"type": "Point", "coordinates": [8.963401, 36.3367218]}, "properties": {"record_id": "oai:u-bordeaux-montaigne.fr:340435", "symbol_class": "well", "pixel_x": 5182.0, "pixel_y": 1775.0, "easting": 415893.9, "northing": 337586.1, "epsg_source": 22391}}, {"type": "Feature", "geometry": {"type": "Point", "coordinates": [8.9694704, 36.3364102]}, "properties": {"record_id": "oai:u-bordeaux-montaigne.fr:340435", "symbol_class": "well", "pixel_x": 5309.0, "pixel_y": 1775.0, "easting": 416438.3, "northing": 337546.3, "epsg_source": 22391}}, {"type": "Feature", "geometry": {"type": "Point", "coordinates": [8.9628695, 36.3366728]}, "properties": {"record_id": "oai:u-bordeaux-montaigne.fr:340435", "symbol_class": "well", "pixel_x": 5171.0, "pixel_y": 1777.0, "easting": 415846.2, "northing": 337581.1, "epsg_source": 22391}}, {"type": "Feature", "geometry": {"type": "Point", "coordinates": [8.9670215, 36.3363833]}, "properties": {"record_id": "oai:u-bordeaux-montaigne.fr:340435", "symbol_class": "well", "pixel_x": 5258.0, "pixel_y": 1779.0, "easting": 416218.5, "northing": 337545.4, "epsg_source": 22391}}, {"type": "Feature", "geometry": {"type": "Point", "coordinates": [8.9697934, 36.3362409]}, "properties": {"record_id": "oai:u-bordeaux-montaigne.fr:340435", "symbol_class": "well", "pixel_x": 5316.0, "pixel_y": 1779.0, "easting": 416467.1, "northing": 337527.2, "epsg_source": 22391}}, {"type": "Feature", "geometry": {"type": "Point", "coordinates": [8.9692054, 36.3360802]}, "properties": {"record_id": "oai:u-bordeaux-montaigne.fr:340435", "symbol_class": "well", "pixel_x": 5304.0, "pixel_y": 1784.0, "easting": 416414.2, "northing": 337509.9, "epsg_source": 22391}}, {"type": "Feature", "geometry": {"type": "Point", "coordinates": [8.9673836, 36.3360975]}, "properties": {"record_id": "oai:u-bordeaux-montaigne.fr:340435", "symbol_class": "well", "pixel_x": 5266.0, "pixel_y": 1786.0, "easting": 416250.7, "northing": 337513.4, "epsg_source": 22391}}, {"type": "Feature", "geometry": {"type": "Point", "coordinates": [8.9626466, 36.3362643]}, "properties": {"record_id": "oai:u-bordeaux-montaigne.fr:340435", "symbol_class": "well", "pixel_x": 5167.0, "pixel_y": 1788.0, "easting": 415825.7, "northing": 337536.0, "epsg_source": 22391}}, {"type": "Feature", "geometry": {"type": "Point", "coordinates": [8.9670404, 36.3360006]}, "properties": {"record_id": "oai:u-bordeaux-montaigne.fr:340435", "symbol_class": "well", "pixel_x": 5259.0, "pixel_y": 1789.0, "easting": 416219.8, "northing": 337502.9, "epsg_source": 22391}}, {"type": "Feature", "geometry": {"type": "Point", "coordinates": [8.9694299, 36.3358778]}, "properties": {"record_id": "oai:u-bordeaux-montaigne.fr:340435", "symbol_class": "well", "pixel_x": 5309.0, "pixel_y": 1789.0, "easting": 416434.1, "northing": 337487.3, "epsg_source": 22391}}, {"type": "Feature", "geometry": {"type": "Point", "coordinates": [8.969427, 36.3358398]}, "properties": {"record_id": "oai:u-bordeaux-montaigne.fr:340435", "symbol_class": "well", "pixel_x": 5309.0, "pixel_y": 1790.0, "easting": 416433.8, "northing": 337483.0, "epsg_source": 22391}}, {"type": "Feature", "geometry": {"type": "Point", "coordinates": [8.9694242, 36.3358018]}, "properties": {"record_id": "oai:u-bordeaux-montaigne.fr:340435", "symbol_class": "well", "pixel_x": 5309.0, "pixel_y": 1791.0, "easting": 416433.5, "northing": 337478.8, "epsg_source": 22391}}, {"type": "Feature", "geometry": {"type": "Point", "coordinates": [8.9621514, 36.3360607]}, "properties": {"record_id": "oai:u-bordeaux-montaigne.fr:340435", "symbol_class": "well", "pixel_x": 5157.0, "pixel_y": 1794.0, "easting": 415781.1, "northing": 337513.8, "epsg_source": 22391}}, {"type": "Feature", "geometry": {"type": "Point", "coordinates": [8.9693837, 36.3352694]}, "properties": {"record_id": "oai:u-bordeaux-montaigne.fr:340435", "symbol_class": "well", "pixel_x": 5309.0, "pixel_y": 1805.0, "easting": 416429.3, "northing": 337419.8, "epsg_source": 22391}}, {"type": "Feature", "geometry": {"type": "Point", "coordinates": [8.9680369, 36.3352241]}, "properties": {"record_id": "oai:u-bordeaux-montaigne.fr:340435", "symbol_class": "well", "pixel_x": 5281.0, "pixel_y": 1808.0, "easting": 416308.4, "northing": 337415.9, "epsg_source": 22391}}, {"type": "Feature", "geometry": {"type": "Point", "coordinates": [8.9683714, 36.3352069]}, "properties": {"record_id": "oai:u-bordeaux-montaigne.fr:340435", "symbol_class": "well", "pixel_x": 5288.0, "pixel_y": 1808.0, "easting": 416338.4, "northing": 337413.7, "epsg_source": 22391}}, {"type": "Feature", "geometry": {"type": "Point", "coordinates": [8.9688435, 36.3351063]}, "properties": {"record_id": "oai:u-bordeaux-montaigne.fr:340435", "symbol_class": "well", "pixel_x": 5298.0, "pixel_y": 1810.0, "easting": 416380.7, "northing": 337402.2, "epsg_source": 22391}}, {"type": "Feature", "geometry": {"type": "Point", "coordinates": [8.9676401, 36.3350536]}, "properties": {"record_id": "oai:u-bordeaux-montaigne.fr:340435", "symbol_class": "well", "pixel_x": 5273.0, "pixel_y": 1813.0, "easting": 416272.6, "northing": 337397.4, "epsg_source": 22391}}, {"type": "Feature", "geometry": {"type": "Point", "coordinates": [8.969307, 36.3348916]}, "properties": {"record_id": "oai:u-bordeaux-montaigne.fr:340435", "symbol_class": "well", "pixel_x": 5308.0, "pixel_y": 1815.0, "easting": 416422.0, "northing": 337378.0, "epsg_source": 22391}}, {"type": "Feature", "geometry": {"type": "Point", "coordinates": [8.9634246, 36.3345065]}, "properties": {"record_id": "oai:u-bordeaux-montaigne.fr:340435", "symbol_class": "well", "pixel_x": 5186.0, "pixel_y": 1833.0, "easting": 415893.7, "northing": 337340.3, "epsg_source": 22391}}, {"type": "Feature", "geometry": {"type": "Point", "coordinates": [8.9637418, 36.3342612]}, "properties": {"record_id": "oai:u-bordeaux-montaigne.fr:340435", "symbol_class": "well", "pixel_x": 5193.0, "pixel_y": 1839.0, "easting": 415921.9, "northing": 337312.8, "epsg_source": 22391}}, {"type": "Feature", "geometry": {"type": "Point", "coordinates": [8.9639548, 36.3339067]}, "properties": {"record_id": "oai:u-bordeaux-montaigne.fr:340435", "symbol_class": "well", "pixel_x": 5198.0, "pixel_y": 1848.0, "easting": 415940.6, "northing": 337273.3, "epsg_source": 22391}}, {"type": "Feature", "geometry": {"type": "Point", "coordinates": [8.9639041, 36.3338711]}, "properties": {"record_id": "oai:u-bordeaux-montaigne.fr:340435", "symbol_class": "well", "pixel_x": 5197.0, "pixel_y": 1849.0, "easting": 415936.0, "northing": 337269.4, "epsg_source": 22391}}, {"type": "Feature", "geometry": {"type": "Point", "coordinates": [8.96412, 36.3335546]}, "properties": {"record_id": "oai:u-bordeaux-montaigne.fr:340435", "symbol_class": "well", "pixel_x": 5202.0, "pixel_y": 1857.0, "easting": 415955.1, "northing": 337234.1, "epsg_source": 22391}}, {"type": "Feature", "geometry": {"type": "Point", "coordinates": [8.9638072, 36.3332271]}, "properties": {"record_id": "oai:u-bordeaux-montaigne.fr:340435", "symbol_class": "well", "pixel_x": 5196.0, "pixel_y": 1866.0, "easting": 415926.7, "northing": 337198.1, "epsg_source": 22391}}, {"type": "Feature", "geometry": {"type": "Point", "coordinates": [8.9602202, 36.333373]}, "properties": {"record_id": "oai:u-bordeaux-montaigne.fr:340435", "symbol_class": "well", "pixel_x": 5121.0, "pixel_y": 1867.0, "easting": 415604.9, "northing": 337217.3, "epsg_source": 22391}}, {"type": "Feature", "geometry": {"type": "Point", "coordinates": [8.9633207, 36.3331375]}, "properties": {"record_id": "oai:u-bordeaux-montaigne.fr:340435", "symbol_class": "well", "pixel_x": 5186.0, "pixel_y": 1869.0, "easting": 415882.9, "northing": 337188.6, "epsg_source": 22391}}, {"type": "Feature", "geometry": {"type": "Point", "coordinates": [8.9596381, 36.3332883]}, "properties": {"record_id": "oai:u-bordeaux-montaigne.fr:340435", "symbol_class": "well", "pixel_x": 5109.0, "pixel_y": 1870.0, "easting": 415552.6, "northing": 337208.5, "epsg_source": 22391}}, {"type": "Feature", "geometry": {"type": "Point", "coordinates": [8.960785, 36.3332295]}, "properties": {"record_id": "oai:u-bordeaux-montaigne.fr:340435", "symbol_class": "well", "pixel_x": 5133.0, "pixel_y": 1870.0, "easting": 415655.4, "northing": 337200.9, "epsg_source": 22391}}, {"type": "Feature", "geometry": {"type": "Point", "coordinates": [8.9602898, 36.3330258]}, "properties": {"record_id": "oai:u-bordeaux-montaigne.fr:340435", "symbol_class": "well", "pixel_x": 5123.0, "pixel_y": 1876.0, "easting": 415610.8, "northing": 337178.8, "epsg_source": 22391}}, {"type": "Feature", "geometry": {"type": "Point", "coordinates": [8.961386, 36.3329314]}, "properties": {"record_id": "oai:u-bordeaux-montaigne.fr:340435", "symbol_class": "well", "pixel_x": 5146.0, "pixel_y": 1877.0, "easting": 415709.1, "northing": 337167.4, "epsg_source": 22391}}, {"type": "Feature", "geometry": {"type": "Point", "coordinates": [8.9605229, 36.3329375]}, "properties": {"record_id": "oai:u-bordeaux-montaigne.fr:340435", "symbol_class": "well", "pixel_x": 5128.0, "pixel_y": 1878.0, "easting": 415631.6, "northing": 337168.8, "epsg_source": 22391}}, {"type": "Feature", "geometry": {"type": "Point", "coordinates": [8.9597554, 36.3329387]}, "properties": {"record_id": "oai:u-bordeaux-montaigne.fr:340435", "symbol_class": "well", "pixel_x": 5112.0, "pixel_y": 1879.0, "easting": 415562.7, "northing": 337169.6, "epsg_source": 22391}}, {"type": "Feature", "geometry": {"type": "Point", "coordinates": [8.9617626, 36.3328358]}, "properties": {"record_id": "oai:u-bordeaux-montaigne.fr:340435", "symbol_class": "well", "pixel_x": 5154.0, "pixel_y": 1879.0, "easting": 415742.7, "northing": 337156.4, "epsg_source": 22391}}, {"type": "Feature", "geometry": {"type": "Point", "coordinates": [8.9594514, 36.3327253]}, "properties": {"record_id": "oai:u-bordeaux-montaigne.fr:340435", "symbol_class": "well", "pixel_x": 5106.0, "pixel_y": 1885.0, "easting": 415535.2, "northing": 337146.2, "epsg_source": 22391}}, {"type": "Feature", "geometry": {"type": "Point", "coordinates": [8.9617424, 36.3325696]}, "properties": {"record_id": "oai:u-bordeaux-montaigne.fr:340435", "symbol_class": "well", "pixel_x": 5154.0, "pixel_y": 1886.0, "easting": 415740.6, "northing": 337126.9, "epsg_source": 22391}}, {"type": "Feature", "geometry": {"type": "Point", "coordinates": [8.9595803, 36.3325278]}, "properties": {"record_id": "oai:u-bordeaux-montaigne.fr:340435", "symbol_class": "well", "pixel_x": 5109.0, "pixel_y": 1890.0, "easting": 415546.6, "northing": 337124.2, "epsg_source": 22391}}, {"type": "Feature", "geometry": {"type": "Point", "coordinates": [8.9597484, 36.3322138]}, "properties": {"record_id": "oai:u-bordeaux-montaigne.fr:340435", "symbol_class": "well", "pixel_x": 5113.0, "pixel_y": 1898.0, "easting": 415561.3, "northing": 337089.2, "epsg_source": 22391}}, {"type": "Feature", "geometry": {"type": "Point", "coordinates": [8.9597747, 36.3312962]}, "properties": {"record_id": "oai:u-bordeaux-montaigne.fr:340435", "symbol_class": "well", "pixel_x": 5115.0, "pixel_y": 1922.0, "easting": 415562.7, "northing": 336987.4, "epsg_source": 22391}}, {"type": "Feature", "geometry": {"type": "Point", "coordinates": [8.9601034, 36.331203]}, "properties": {"record_id": "oai:u-bordeaux-montaigne.fr:340435", "symbol_class": "well", "pixel_x": 5122.0, "pixel_y": 1924.0, "easting": 415592.1, "northing": 336976.8, "epsg_source": 22391}}, {"type": "Feature", "geometry": {"type": "Point", "coordinates": [8.9599848, 36.3309037]}, "properties": {"record_id": "oai:u-bordeaux-montaigne.fr:340435", "symbol_class": "well", "pixel_x": 5120.0, "pixel_y": 1932.0, "easting": 415581.1, "northing": 336943.7, "epsg_source": 22391}}, {"type": "Feature", "geometry": {"type": "Point", "coordinates": [8.9595967, 36.3308473]}, "properties": {"record_id": "oai:u-bordeaux-montaigne.fr:340435", "symbol_class": "well", "pixel_x": 5112.0, "pixel_y": 1934.0, "easting": 415546.2, "northing": 336937.7, "epsg_source": 22391}}, {"type": "Feature", "geometry": {"type": "Point", "coordinates": [8.9593433, 36.3306694]}, "properties": {"record_id": "oai:u-bordeaux-montaigne.fr:340435", "symbol_class": "well", "pixel_x": 5107.0, "pixel_y": 1939.0, "easting": 415523.3, "northing": 336918.2, "epsg_source": 22391}}, {"type": "Feature", "geometry": {"type": "Point", "coordinates": [8.9590249, 36.3302658]}, "properties": {"record_id": "oai:u-bordeaux-montaigne.fr:340435", "symbol_class": "well", "pixel_x": 5101.0, "pixel_y": 1950.0, "easting": 415494.3, "northing": 336873.7, "epsg_source": 22391}}, {"type": "Feature", "geometry": {"type": "Point", "coordinates": [9.0158777, 36.3271837]}, "properties": {"record_id": "oai:u-bordeaux-montaigne.fr:340435", "symbol_class": "well", "pixel_x": 6291.0, "pixel_y": 1954.0, "easting": 420593.8, "northing": 336484.1, "epsg_source": 22391}}, {"type": "Feature", "geometry": {"type": "Point", "coordinates": [8.9592972, 36.330061]}, "properties": {"record_id": "oai:u-bordeaux-montaigne.fr:340435", "symbol_class": "well", "pixel_x": 5107.0, "pixel_y": 1955.0, "easting": 415518.5, "northing": 336850.8, "epsg_source": 22391}}, {"type": "Feature", "geometry": {"type": "Point", "coordinates": [8.9588498, 36.3298549]}, "properties": {"record_id": "oai:u-bordeaux-montaigne.fr:340435", "symbol_class": "well", "pixel_x": 5098.0, "pixel_y": 1961.0, "easting": 415478.1, "northing": 336828.3, "epsg_source": 22391}}, {"type": "Feature", "geometry": {"type": "Point", "coordinates": [8.9590656, 36.3295384]}, "properties": {"record_id": "oai:u-bordeaux-montaigne.fr:340435", "symbol_class": "well", "pixel_x": 5103.0, "pixel_y": 1969.0, "easting": 415497.2, "northing": 336793.0, "epsg_source": 22391}}, {"type": "Feature", "geometry": {"type": "Point", "coordinates": [8.9586747, 36.3294439]}, "properties": {"record_id": "oai:u-bordeaux-montaigne.fr:340435", "symbol_class": "well", "pixel_x": 5095.0, "pixel_y": 1972.0, "easting": 415462.0, "northing": 336782.9, "epsg_source": 22391}}, {"type": "Feature", "geometry": {"type": "Point", "coordinates": [8.9585618, 36.3292207]}, "properties": {"record_id": "oai:u-bordeaux-montaigne.fr:340435", "symbol_class": "well", "pixel_x": 5093.0, "pixel_y": 1978.0, "easting": 415451.6, "northing": 336758.2, "epsg_source": 22391}}, {"type": "Feature", "geometry": {"type": "Point", "coordinates": [8.9588398, 36.3290919]}, "properties": {"record_id": "oai:u-bordeaux-montaigne.fr:340435", "symbol_class": "well", "pixel_x": 5099.0, "pixel_y": 1981.0, "easting": 415476.4, "northing": 336743.7, "epsg_source": 22391}}, {"type": "Feature", "geometry": {"type": "Point", "coordinates": [8.9583533, 36.3290023]}, "properties": {"record_id": "oai:u-bordeaux-montaigne.fr:340435", "symbol_class": "well", "pixel_x": 5089.0, "pixel_y": 1984.0, "easting": 415432.7, "northing": 336734.2, "epsg_source": 22391}}, {"type": "Feature", "geometry": {"type": "Point", "coordinates": [8.9572934, 36.3289421]}, "properties": {"record_id": "oai:u-bordeaux-montaigne.fr:340435", "symbol_class": "well", "pixel_x": 5067.0, "pixel_y": 1987.0, "easting": 415337.5, "northing": 336728.4, "epsg_source": 22391}}, {"type": "Feature", "geometry": {"type": "Point", "coordinates": [8.9553312, 36.3290046]}, "properties": {"record_id": "oai:u-bordeaux-montaigne.fr:340435", "symbol_class": "well", "pixel_x": 5026.0, "pixel_y": 1988.0, "easting": 415161.4, "northing": 336737.0, "epsg_source": 22391}}, {"type": "Feature", "geometry": {"type": "Point", "coordinates": [8.9561292, 36.3287728]}, "properties": {"record_id": "oai:u-bordeaux-montaigne.fr:340435", "symbol_class": "well", "pixel_x": 5043.0, "pixel_y": 1993.0, "easting": 415232.8, "northing": 336710.6, "epsg_source": 22391}}, {"type": "Feature", "geometry": {"type": "Point", "coordinates": [8.956846, 36.328736]}, "properties": {"record_id": "oai:u-bordeaux-montaigne.fr:340435", "symbol_class": "well", "pixel_x": 5058.0, "pixel_y": 1993.0, "easting": 415297.1, "northing": 336705.9, "epsg_source": 22391}}, {"type": "Feature", "geometry": {"type": "Point", "coordinates": [8.9557411, 36.3287163]}, "properties": {"record_id": "oai:u-bordeaux-montaigne.fr:340435", "symbol_class": "well", "pixel_x": 5035.0, "pixel_y": 1995.0, "easting": 415197.9, "northing": 336704.7, "epsg_source": 22391}}, {"type": "Feature", "geometry": {"type": "Point", "coordinates": [8.9579335, 36.3285276]}, "properties": {"record_id": "oai:u-bordeaux-montaigne.fr:340435", "symbol_class": "well", "pixel_x": 5081.0, "pixel_y": 1997.0, "easting": 415394.5, "northing": 336681.9, "epsg_source": 22391}}, {"type": "Feature", "geometry": {"type": "Point", "coordinates": [8.9552011, 36.3285531]}, "properties": {"record_id": "oai:u-bordeaux-montaigne.fr:340435", "symbol_class": "well", "pixel_x": 5024.0, "pixel_y": 2000.0, "easting": 415149.3, "northing": 336687.1, "epsg_source": 22391}}, {"type": "Feature", "geometry": {"type": "Point", "coordinates": [8.9546161, 36.3284304]}, "properties": {"record_id": "oai:u-bordeaux-montaigne.fr:340435", "symbol_class": "well", "pixel_x": 5012.0, "pixel_y": 2004.0, "easting": 415096.6, "northing": 336674.0, "epsg_source": 22391}}, {"type": "Feature", "geometry": {"type": "Point", "coordinates": [8.9549695, 36.3280306]}, "properties": {"record_id": "oai:u-bordeaux-montaigne.fr:340435", "symbol_class": "well", "pixel_x": 5020.0, "pixel_y": 2014.0, "easting": 415127.9, "northing": 336629.3, "epsg_source": 22391}}, {"type": "Feature", "geometry": {"type": "Point", "coordinates": [8.9544295, 36.3278674]}, "properties": {"record_id": "oai:u-bordeaux-montaigne.fr:340435", "symbol_class": "well", "pixel_x": 5009.0, "pixel_y": 2019.0, "easting": 415079.3, "northing": 336611.7, "epsg_source": 22391}}, {"type": "Feature", "geometry": {"type": "Point", "coordinates": [8.854115, 36.3328902]}, "properties": {"record_id": "oai:u-bordeaux-montaigne.fr:340435", "symbol_class": "well", "pixel_x": 2910.0, "pixel_y": 2021.0, "easting": 406081.8, "northing": 337260.8, "epsg_source": 22391}}, {"type": "Feature", "geometry": {"type": "Point", "coordinates": [8.9542544, 36.3274564]}, "properties": {"record_id": "oai:u-bordeaux-montaigne.fr:340435", "symbol_class": "well", "pixel_x": 5006.0, "pixel_y": 2030.0, "easting": 415063.1, "northing": 336566.3, "epsg_source": 22391}}, {"type": "Feature", "geometry": {"type": "Point", "coordinates": [8.9542733, 36.3270737]}, "properties": {"record_id": "oai:u-bordeaux-montaigne.fr:340435", "symbol_class": "well", "pixel_x": 5007.0, "pixel_y": 2040.0, "easting": 415064.4, "northing": 336523.8, "epsg_source": 22391}}, {"type": "Feature", "geometry": {"type": "Point", "coordinates": [8.9536435, 36.3269915]}, "properties": {"record_id": "oai:u-bordeaux-montaigne.fr:340435", "symbol_class": "well", "pixel_x": 4994.0, "pixel_y": 2043.0, "easting": 415007.8, "northing": 336515.2, "epsg_source": 22391}}, {"type": "Feature", "geometry": {"type": "Point", "coordinates": [8.9529065, 36.326762]}, "properties": {"record_id": "oai:u-bordeaux-montaigne.fr:340435", "symbol_class": "well", "pixel_x": 4979.0, "pixel_y": 2050.0, "easting": 414941.4, "northing": 336490.4, "epsg_source": 22391}}, {"type": "Feature", "geometry": {"type": "Point", "coordinates": [8.9534322, 36.3267351]}, "properties": {"record_id": "oai:u-bordeaux-montaigne.fr:340435", "symbol_class": "well", "pixel_x": 4990.0, "pixel_y": 2050.0, "easting": 414988.5, "northing": 336487.0, "epsg_source": 22391}}, {"type": "Feature", "geometry": {"type": "Point", "coordinates": [8.9519974, 36.3261596]}, "properties": {"record_id": "oai:u-bordeaux-montaigne.fr:340435", "symbol_class": "well", "pixel_x": 4961.0, "pixel_y": 2067.0, "easting": 414859.1, "northing": 336424.4, "epsg_source": 22391}}, {"type": "Feature", "geometry": {"type": "Point", "coordinates": [8.9516341, 36.3257965]}, "properties": {"record_id": "oai:u-bordeaux-montaigne.fr:340435", "symbol_class": "well", "pixel_x": 4954.0, "pixel_y": 2077.0, "easting": 414826.1, "northing": 336384.4, "epsg_source": 22391}}, {"type": "Feature", "geometry": {"type": "Point", "coordinates": [8.9512592, 36.3252812]}, "properties": {"record_id": "oai:u-bordeaux-montaigne.fr:340435", "symbol_class": "well", "pixel_x": 4947.0, "pixel_y": 2091.0, "easting": 414791.9, "northing": 336327.6, "epsg_source": 22391}}, {"type": "Feature", "geometry": {"type": "Point", "coordinates": [8.9504354, 36.3251707]}, "properties": {"record_id": "oai:u-bordeaux-montaigne.fr:340435", "symbol_class": "well", "pixel_x": 4930.0, "pixel_y": 2095.0, "easting": 414717.9, "northing": 336316.1, "epsg_source": 22391}}, {"type": "Feature", "geometry": {"type": "Point", "coordinates": [8.9509552, 36.3250678]}, "properties": {"record_id": "oai:u-bordeaux-montaigne.fr:340435", "symbol_class": "well", "pixel_x": 4941.0, "pixel_y": 2097.0, "easting": 414764.4, "northing": 336304.2, "epsg_source": 22391}}, {"type": "Feature", "geometry": {"type": "Point", "coordinates": [8.9501532, 36.3246126]}, "properties": {"record_id": "oai:u-bordeaux-montaigne.fr:340435", "symbol_class": "well", "pixel_x": 4925.0, "pixel_y": 2110.0, "easting": 414691.9, "northing": 336254.4, "epsg_source": 22391}}, {"type": "Feature", "geometry": {"type": "Point", "coordinates": [8.9506167, 36.324398]}, "properties": {"record_id": "oai:u-bordeaux-montaigne.fr:340435", "symbol_class": "well", "pixel_x": 4935.0, "pixel_y": 2115.0, "easting": 414733.3, "northing": 336230.2, "epsg_source": 22391}}, {"type": "Feature", "geometry": {"type": "Point", "coordinates": [8.9501405, 36.3238116]}, "properties": {"record_id": "oai:u-bordeaux-montaigne.fr:340435", "symbol_class": "well", "pixel_x": 4926.0, "pixel_y": 2131.0, "easting": 414689.9, "northing": 336165.6, "epsg_source": 22391}}, {"type": "Feature", "geometry": {"type": "Point", "coordinates": [8.9505706, 36.3237895]}, "properties": {"record_id": "oai:u-bordeaux-montaigne.fr:340435", "symbol_class": "well", "pixel_x": 4935.0, "pixel_y": 2131.0, "easting": 414728.5, "northing": 336162.7, "epsg_source": 22391}}, {"type": "Feature", "geometry": {"type": "Point", "coordinates": [8.9501117, 36.3234313]}, "properties": {"record_id": "oai:u-bordeaux-montaigne.fr:340435", "symbol_class": "well", "pixel_x": 4926.0, "pixel_y": 2141.0, "easting": 414686.9, "northing": 336123.4, "epsg_source": 22391}}, {"type": "Feature", "geometry": {"type": "Point", "coordinates": [8.9495009, 36.3229663]}, "properties": {"record_id": "oai:u-bordeaux-montaigne.fr:340435", "symbol_class": "well", "pixel_x": 4914.0, "pixel_y": 2154.0, "easting": 414631.6, "northing": 336072.4, "epsg_source": 22391}}, {"type": "Feature", "geometry": {"type": "Point", "coordinates": [8.9499643, 36.3227517]}, "properties": {"record_id": "oai:u-bordeaux-montaigne.fr:340435", "symbol_class": "well", "pixel_x": 4924.0, "pixel_y": 2159.0, "easting": 414673.0, "northing": 336048.1, "epsg_source": 22391}}, {"type": "Feature", "geometry": {"type": "Point", "coordinates": [8.9495734, 36.3226572]}, "properties": {"record_id": "oai:u-bordeaux-montaigne.fr:340435", "symbol_class": "well", "pixel_x": 4916.0, "pixel_y": 2162.0, "easting": 414637.8, "northing": 336038.0, "epsg_source": 22391}}, {"type": "Feature", "geometry": {"type": "Point", "coordinates": [8.9501715, 36.3223212]}, "properties": {"record_id": "oai:u-bordeaux-montaigne.fr:340435", "symbol_class": "well", "pixel_x": 4929.0, "pixel_y": 2170.0, "easting": 414691.1, "northing": 336000.2, "epsg_source": 22391}}, {"type": "Feature", "geometry": {"type": "Point", "coordinates": [8.9507334, 36.3221397]}, "properties": {"record_id": "oai:u-bordeaux-montaigne.fr:340435", "symbol_class": "well", "pixel_x": 4941.0, "pixel_y": 2174.0, "easting": 414741.3, "northing": 335979.6, "epsg_source": 22391}}, {"type": "Feature", "geometry": {"type": "Point", "coordinates": [8.9510085, 36.3219729]}, "properties": {"record_id": "oai:u-bordeaux-montaigne.fr:340435", "symbol_class": "well", "pixel_x": 4947.0, "pixel_y": 2178.0, "easting": 414765.9, "northing": 335960.9, "epsg_source": 22391}}, {"type": "Feature", "geometry": {"type": "Point", "coordinates": [8.951385, 36.3218773]}, "properties": {"record_id": "oai:u-bordeaux-montaigne.fr:340435", "symbol_class": "well", "pixel_x": 4955.0, "pixel_y": 2180.0, "easting": 414799.6, "northing": 335949.9, "epsg_source": 22391}}, {"type": "Feature", "geometry": {"type": "Point", "coordinates": [8.9517137, 36.3217841]}, "properties": {"record_id": "oai:u-bordeaux-montaigne.fr:340435", "symbol_class": "well", "pixel_x": 4962.0, "pixel_y": 2182.0, "easting": 414829.0, "northing": 335939.3, "epsg_source": 22391}}, {"type": "Feature", "geometry": {"type": "Point", "coordinates": [8.9507915, 36.3216405]}, "properties": {"record_id": "oai:u-bordeaux-montaigne.fr:340435", "symbol_class": "well", "pixel_x": 4943.0, "pixel_y": 2187.0, "easting": 414746.0, "northing": 335924.2, "epsg_source": 22391}}, {"type": "Feature", "geometry": {"type": "Point", "coordinates": [8.9512664, 36.3215779]}, "properties": {"record_id": "oai:u-bordeaux-montaigne.fr:340435", "symbol_class": "well", "pixel_x": 4953.0, "pixel_y": 2188.0, "easting": 414788.6, "northing": 335916.8, "epsg_source": 22391}}, {"type": "Feature", "geometry": {"type": "Point", "coordinates": [8.9515024, 36.3215277]}, "properties": {"record_id": "oai:u-bordeaux-montaigne.fr:340435", "symbol_class": "well", "pixel_x": 4958.0, "pixel_y": 2189.0, "easting": 414809.7, "northing": 335911.0, "epsg_source": 22391}}, {"type": "Feature", "geometry": {"type": "Point", "coordinates": [8.9525726, 36.3210911]}, "properties": {"record_id": "oai:u-bordeaux-montaigne.fr:340435", "symbol_class": "well", "pixel_x": 4981.0, "pixel_y": 2199.0, "easting": 414905.3, "northing": 335861.7, "epsg_source": 22391}}, {"type": "Feature", "geometry": {"type": "Point", "coordinates": [8.9526871, 36.3207035]}, "properties": {"record_id": "oai:u-bordeaux-montaigne.fr:340435", "symbol_class": "well", "pixel_x": 4984.0, "pixel_y": 2209.0, "easting": 414915.2, "northing": 335818.6, "epsg_source": 22391}}, {"type": "Feature", "geometry": {"type": "Point", "coordinates": [8.953097, 36.3204153]}, "properties": {"record_id": "oai:u-bordeaux-montaigne.fr:340435", "symbol_class": "well", "pixel_x": 4993.0, "pixel_y": 2216.0, "easting": 414951.6, "northing": 335786.3, "epsg_source": 22391}}, {"type": "Feature", "geometry": {"type": "Point", "coordinates": [8.9554354, 36.3202572]}, "properties": {"record_id": "oai:u-bordeaux-montaigne.fr:340435", "symbol_class": "well", "pixel_x": 5042.0, "pixel_y": 2217.0, "easting": 415161.4, "northing": 335766.7, "epsg_source": 22391}}, {"type": "Feature", "geometry": {"type": "Point", "coordinates": [8.9536559, 36.3201957]}, "properties": {"record_id": "oai:u-bordeaux-montaigne.fr:340435", "symbol_class": "well", "pixel_x": 5005.0, "pixel_y": 2221.0, "easting": 415001.6, "northing": 335761.4, "epsg_source": 22391}}, {"type": "Feature", "geometry": {"type": "Point", "coordinates": [8.9540353, 36.3201381]}, "properties": {"record_id": "oai:u-bordeaux-montaigne.fr:340435", "symbol_class": "well", "pixel_x": 5013.0, "pixel_y": 2222.0, "easting": 415035.6, "northing": 335754.7, "epsg_source": 22391}}, {"type": "Feature", "geometry": {"type": "Point", "coordinates": [8.9541309, 36.3201332]}, "properties": {"record_id": "oai:u-bordeaux-montaigne.fr:340435", "symbol_class": "well", "pixel_x": 5015.0, "pixel_y": 2222.0, "easting": 415044.1, "northing": 335754.1, "epsg_source": 22391}}, {"type": "Feature", "geometry": {"type": "Point", "coordinates": [8.9547491, 36.3200634]}, "properties": {"record_id": "oai:u-bordeaux-montaigne.fr:340435", "symbol_class": "well", "pixel_x": 5028.0, "pixel_y": 2223.0, "easting": 415099.6, "northing": 335745.8, "epsg_source": 22391}}, {"type": "Feature", "geometry": {"type": "Point", "coordinates": [8.953265, 36.3201013]}, "properties": {"record_id": "oai:u-bordeaux-montaigne.fr:340435", "symbol_class": "well", "pixel_x": 4997.0, "pixel_y": 2224.0, "easting": 414966.4, "northing": 335751.3, "epsg_source": 22391}}, {"type": "Feature", "geometry": {"type": "Point", "coordinates": [8.9552661, 36.3199223]}, "properties": {"record_id": "oai:u-bordeaux-montaigne.fr:340435", "symbol_class": "well", "pixel_x": 5039.0, "pixel_y": 2226.0, "easting": 415145.8, "northing": 335729.7, "epsg_source": 22391}}, {"type": "Feature", "geometry": {"type": "Point", "coordinates": [8.9561479, 36.3195336]}, "properties": {"record_id": "oai:u-bordeaux-montaigne.fr:340435", "symbol_class": "well", "pixel_x": 5058.0, "pixel_y": 2235.0, "easting": 415224.6, "northing": 335685.8, "epsg_source": 22391}}, {"type": "Feature", "geometry": {"type": "Point", "coordinates": [8.9557542, 36.3194011]}, "properties": {"record_id": "oai:u-bordeaux-montaigne.fr:340435", "symbol_class": "well", "pixel_x": 5050.0, "pixel_y": 2239.0, "easting": 415189.1, "northing": 335671.4, "epsg_source": 22391}}, {"type": "Feature", "geometry": {"type": "Point", "coordinates": [8.956982, 36.3191472]}, "properties": {"record_id": "oai:u-bordeaux-montaigne.fr:340435", "symbol_class": "well", "pixel_x": 5076.0, "pixel_y": 2244.0, "easting": 415299.0, "northing": 335642.2, "epsg_source": 22391}}, {"type": "Feature", "geometry": {"type": "Point", "coordinates": [8.9570298, 36.3191448]}, "properties": {"record_id": "oai:u-bordeaux-montaigne.fr:340435", "symbol_class": "well", "pixel_x": 5077.0, "pixel_y": 2244.0, "easting": 415303.3, "northing": 335641.9, "epsg_source": 22391}}, {"type": "Feature", "geometry": {"type": "Point", "coordinates": [8.9563102, 36.3191435]}, "properties": {"record_id": "oai:u-bordeaux-montaigne.fr:340435", "symbol_class": "well", "pixel_x": 5062.0, "pixel_y": 2245.0, "easting": 415238.7, "northing": 335642.4, "epsg_source": 22391}}, {"type": "Feature", "geometry": {"type": "Point", "coordinates": [8.9566925, 36.3191239]}, "properties": {"record_id": "oai:u-bordeaux-montaigne.fr:340435", "symbol_class": "well", "pixel_x": 5070.0, "pixel_y": 2245.0, "easting": 415273.0, "northing": 335639.9, "epsg_source": 22391}}, {"type": "Feature", "geometry": {"type": "Point", "coordinates": [8.957305, 36.318978]}, "properties": {"record_id": "oai:u-bordeaux-montaigne.fr:340435", "symbol_class": "well", "pixel_x": 5083.0, "pixel_y": 2248.0, "easting": 415327.8, "northing": 335623.2, "epsg_source": 22391}}, {"type": "Feature", "geometry": {"type": "Point", "coordinates": [8.9568432, 36.3185817]}, "properties": {"record_id": "oai:u-bordeaux-montaigne.fr:340435", "symbol_class": "well", "pixel_x": 5074.0, "pixel_y": 2259.0, "easting": 415285.9, "northing": 335579.6, "epsg_source": 22391}}, {"type": "Feature", "geometry": {"type": "Point", "coordinates": [8.9565812, 36.3182898]}, "properties": {"record_id": "oai:u-bordeaux-montaigne.fr:340435", "symbol_class": "well", "pixel_x": 5069.0, "pixel_y": 2267.0, "easting": 415262.1, "northing": 335547.5, "epsg_source": 22391}}, {"type": "Feature", "geometry": {"type": "Point", "coordinates": [8.9569042, 36.3181205]}, "properties": {"record_id": "oai:u-bordeaux-montaigne.fr:340435", "symbol_class": "well", "pixel_x": 5076.0, "pixel_y": 2271.0, "easting": 415290.9, "northing": 335528.4, "epsg_source": 22391}}, {"type": "Feature", "geometry": {"type": "Point", "coordinates": [8.956325, 36.3180738]}, "properties": {"record_id": "oai:u-bordeaux-montaigne.fr:340435", "symbol_class": "well", "pixel_x": 5064.0, "pixel_y": 2273.0, "easting": 415238.9, "northing": 335523.7, "epsg_source": 22391}}, {"type": "Feature", "geometry": {"type": "Point", "coordinates": [8.9566451, 36.3178666]}, "properties": {"record_id": "oai:u-bordeaux-montaigne.fr:340435", "symbol_class": "well", "pixel_x": 5071.0, "pixel_y": 2278.0, "easting": 415267.4, "northing": 335500.5, "epsg_source": 22391}}, {"type": "Feature", "geometry": {"type": "Point", "coordinates": [8.9565944, 36.317831]}, "properties": {"record_id": "oai:u-bordeaux-montaigne.fr:340435", "symbol_class": "well", "pixel_x": 5070.0, "pixel_y": 2279.0, "easting": 415262.8, "northing": 335496.6, "epsg_source": 22391}}, {"type": "Feature", "geometry": {"type": "Point", "coordinates": [8.9553768, 36.317588]}, "properties": {"record_id": "oai:u-bordeaux-montaigne.fr:340435", "symbol_class": "well", "pixel_x": 5045.0, "pixel_y": 2287.0, "easting": 415153.3, "northing": 335470.7, "epsg_source": 22391}}, {"type": "Feature", "geometry": {"type": "Point", "coordinates": [8.954986, 36.3174935]}, "properties": {"record_id": "oai:u-bordeaux-montaigne.fr:340435", "symbol_class": "well", "pixel_x": 5037.0, "pixel_y": 2290.0, "easting": 415118.1, "northing": 335460.5, "epsg_source": 22391}}, {"type": "Feature", "geometry": {"type": "Point", "coordinates": [8.9560342, 36.3174016]}, "properties": {"record_id": "oai:u-bordeaux-montaigne.fr:340435", "symbol_class": "well", "pixel_x": 5059.0, "pixel_y": 2291.0, "easting": 415212.1, "northing": 335449.4, "epsg_source": 22391}}, {"type": "Feature", "geometry": {"type": "Point", "coordinates": [8.9552047, 36.3172151]}, "properties": {"record_id": "oai:u-bordeaux-montaigne.fr:340435", "symbol_class": "well", "pixel_x": 5042.0, "pixel_y": 2297.0, "easting": 415137.4, "northing": 335429.5, "epsg_source": 22391}}, {"type": "Feature", "geometry": {"type": "Point", "coordinates": [8.9547125, 36.3170495]}, "properties": {"record_id": "oai:u-bordeaux-montaigne.fr:340435", "symbol_class": "well", "pixel_x": 5032.0, "pixel_y": 2302.0, "easting": 415093.0, "northing": 335411.5, "epsg_source": 22391}}, {"type": "Feature", "geometry": {"type": "Point", "coordinates": [8.9540176, 36.3167415]}, "properties": {"record_id": "oai:u-bordeaux-montaigne.fr:340435", "symbol_class": "well", "pixel_x": 5018.0, "pixel_y": 2311.0, "easting": 415030.3, "northing": 335378.0, "epsg_source": 22391}}, {"type": "Feature", "geometry": {"type": "Point", "coordinates": [8.9543883, 36.3165698]}, "properties": {"record_id": "oai:u-bordeaux-montaigne.fr:340435", "symbol_class": "well", "pixel_x": 5026.0, "pixel_y": 2315.0, "easting": 415063.4, "northing": 335358.6, "epsg_source": 22391}}, {"type": "Feature", "geometry": {"type": "Point", "coordinates": [8.9498378, 36.3166503]}, "properties": {"record_id": "oai:u-bordeaux-montaigne.fr:340435", "symbol_class": "well", "pixel_x": 4931.0, "pixel_y": 2319.0, "easting": 414655.0, "northing": 335371.5, "epsg_source": 22391}}, {"type": "Feature", "geometry": {"type": "Point", "coordinates": [8.9509367, 36.316594]}, "properties": {"record_id": "oai:u-bordeaux-montaigne.fr:340435", "symbol_class": "well", "pixel_x": 4954.0, "pixel_y": 2319.0, "easting": 414753.6, "northing": 335364.3, "epsg_source": 22391}}, {"type": "Feature", "geometry": {"type": "Point", "coordinates": [8.9479715, 36.3167077]}, "properties": {"record_id": "oai:u-bordeaux-montaigne.fr:340435", "symbol_class": "well", "pixel_x": 4892.0, "pixel_y": 2320.0, "easting": 414487.6, "northing": 335379.5, "epsg_source": 22391}}, {"type": "Feature", "geometry": {"type": "Point", "coordinates": [8.9503069, 36.3165117]}, "properties": {"record_id": "oai:u-bordeaux-montaigne.fr:340435", "symbol_class": "well", "pixel_x": 4941.0, "pixel_y": 2322.0, "easting": 414697.0, "northing": 335355.7, "epsg_source": 22391}}, {"type": "Feature", "geometry": {"type": "Point", "coordinates": [8.9516418, 36.3164052]}, "properties": {"record_id": "oai:u-bordeaux-montaigne.fr:340435", "symbol_class": "well", "pixel_x": 4969.0, "pixel_y": 2323.0, "easting": 414816.7, "northing": 335342.7, "epsg_source": 22391}}, {"type": "Feature", "geometry": {"type": "Point", "coordinates": [8.9537412, 36.3162594]}, "properties": {"record_id": "oai:u-bordeaux-montaigne.fr:340435", "symbol_class": "well", "pixel_x": 5013.0, "pixel_y": 2324.0, "easting": 415005.0, "northing": 335324.7, "epsg_source": 22391}}, {"type": "Feature", "geometry": {"type": "Point", "coordinates": [8.9495758, 36.3163583]}, "properties": {"record_id": "oai:u-bordeaux-montaigne.fr:340435", "symbol_class": "well", "pixel_x": 4926.0, "pixel_y": 2327.0, "easting": 414631.2, "northing": 335339.3, "epsg_source": 22391}}, {"type": "Feature", "geometry": {"type": "Point", "coordinates": [8.9505314, 36.3163093]}, "properties": {"record_id": "oai:u-bordeaux-montaigne.fr:340435", "symbol_class": "well", "pixel_x": 4946.0, "pixel_y": 2327.0, "easting": 414716.9, "northing": 335333.1, "epsg_source": 22391}}, {"type": "Feature", "geometry": {"type": "Point", "coordinates": [8.9533504, 36.3161649]}, "properties": {"record_id": "oai:u-bordeaux-montaigne.fr:340435", "symbol_class": "well", "pixel_x": 5005.0, "pixel_y": 2327.0, "easting": 414969.8, "northing": 335314.6, "epsg_source": 22391}}, {"type": "Feature", "geometry": {"type": "Point", "coordinates": [8.9481874, 36.3163912]}, "properties": {"record_id": "oai:u-bordeaux-montaigne.fr:340435", "symbol_class": "well", "pixel_x": 4897.0, "pixel_y": 2328.0, "easting": 414506.6, "northing": 335344.2, "epsg_source": 22391}}, {"type": "Feature", "geometry": {"type": "Point", "coordinates": [8.9529624, 36.3161084]}, "properties": {"record_id": "oai:u-bordeaux-montaigne.fr:340435", "symbol_class": "well", "pixel_x": 4997.0, "pixel_y": 2329.0, "easting": 414934.9, "northing": 335308.7, "epsg_source": 22391}}, {"type": "Feature", "geometry": {"type": "Point", "coordinates": [8.9531057, 36.3161011]}, "properties": {"record_id": "oai:u-bordeaux-montaigne.fr:340435", "symbol_class": "well", "pixel_x": 5000.0, "pixel_y": 2329.0, "easting": 414947.8, "northing": 335307.7, "epsg_source": 22391}}, {"type": "Feature", "geometry": {"type": "Point", "coordinates": [8.9512872, 36.3161561]}, "properties": {"record_id": "oai:u-bordeaux-montaigne.fr:340435", "symbol_class": "well", "pixel_x": 4962.0, "pixel_y": 2330.0, "easting": 414784.6, "northing": 335315.4, "epsg_source": 22391}}, {"type": "Feature", "geometry": {"type": "Point", "coordinates": [8.9524788, 36.3160569]}, "properties": {"record_id": "oai:u-bordeaux-montaigne.fr:340435", "symbol_class": "well", "pixel_x": 4987.0, "pixel_y": 2331.0, "easting": 414891.5, "northing": 335303.4, "epsg_source": 22391}}, {"type": "Feature", "geometry": {"type": "Point", "coordinates": [8.947074, 36.3162574]}, "properties": {"record_id": "oai:u-bordeaux-montaigne.fr:340435", "symbol_class": "well", "pixel_x": 4874.0, "pixel_y": 2333.0, "easting": 414406.5, "northing": 335330.3, "epsg_source": 22391}}, {"type": "Feature", "geometry": {"type": "Point", "coordinates": [8.9519446, 36.3159697]}, "properties": {"record_id": "oai:u-bordeaux-montaigne.fr:340435", "symbol_class": "well", "pixel_x": 4976.0, "pixel_y": 2334.0, "easting": 414843.4, "northing": 335294.2, "epsg_source": 22391}}, {"type": "Feature", "geometry": {"type": "Point", "coordinates": [8.9476894, 36.3161495]}, "properties": {"record_id": "oai:u-bordeaux-montaigne.fr:340435", "symbol_class": "well", "pixel_x": 4887.0, "pixel_y": 2335.0, "easting": 414461.6, "northing": 335317.8, "epsg_source": 22391}}, {"type": "Feature", "geometry": {"type": "Point", "coordinates": [8.9532231, 36.3157515]}, "properties": {"record_id": "oai:u-bordeaux-montaigne.fr:340435", "symbol_class": "well", "pixel_x": 5003.0, "pixel_y": 2338.0, "easting": 414957.9, "northing": 335268.8, "epsg_source": 22391}}, {"type": "Feature", "geometry": {"type": "Point", "coordinates": [8.9465168, 36.315866]}, "properties": {"record_id": "oai:u-bordeaux-montaigne.fr:340435", "symbol_class": "well", "pixel_x": 4863.0, "pixel_y": 2344.0, "easting": 414356.1, "northing": 335287.4, "epsg_source": 22391}}, {"type": "Feature", "geometry": {"type": "Point", "coordinates": [8.9466256, 36.3154023]}, "properties": {"record_id": "oai:u-bordeaux-montaigne.fr:340435", "symbol_class": "well", "pixel_x": 4866.0, "pixel_y": 2356.0, "easting": 414365.3, "northing": 335235.9, "epsg_source": 22391}}, {"type": "Feature", "geometry": {"type": "Point", "coordinates": [8.9468184, 36.3147816]}, "properties": {"record_id": "oai:u-bordeaux-montaigne.fr:340435", "symbol_class": "well", "pixel_x": 4871.0, "pixel_y": 2372.0, "easting": 414382.0, "northing": 335166.9, "epsg_source": 22391}}, {"type": "Feature", "geometry": {"type": "Point", "coordinates": [8.947082, 36.3144627]}, "properties": {"record_id": "oai:u-bordeaux-montaigne.fr:340435", "symbol_class": "well", "pixel_x": 4877.0, "pixel_y": 2380.0, "easting": 414405.3, "northing": 335131.3, "epsg_source": 22391}}, {"type": "Feature", "geometry": {"type": "Point", "coordinates": [8.9476076, 36.3144358]}, "properties": {"record_id": "oai:u-bordeaux-montaigne.fr:340435", "symbol_class": "well", "pixel_x": 4888.0, "pixel_y": 2380.0, "easting": 414452.4, "northing": 335127.8, "epsg_source": 22391}}, {"type": "Feature", "geometry": {"type": "Point", "coordinates": [8.948071, 36.3142212]}, "properties": {"record_id": "oai:u-bordeaux-montaigne.fr:340435", "symbol_class": "well", "pixel_x": 4898.0, "pixel_y": 2385.0, "easting": 414493.8, "northing": 335103.6, "epsg_source": 22391}}, {"type": "Feature", "geometry": {"type": "Point", "coordinates": [8.9483519, 36.3141305]}, "properties": {"record_id": "oai:u-bordeaux-montaigne.fr:340435", "symbol_class": "well", "pixel_x": 4904.0, "pixel_y": 2387.0, "easting": 414518.9, "northing": 335093.3, "epsg_source": 22391}}, {"type": "Feature", "geometry": {"type": "Point", "coordinates": [8.9480871, 36.3138005]}, "properties": {"record_id": "oai:u-bordeaux-montaigne.fr:340435", "symbol_class": "well", "pixel_x": 4899.0, "pixel_y": 2396.0, "easting": 414494.8, "northing": 335056.9, "epsg_source": 22391}}, {"type": "Feature", "geometry": {"type": "Point", "coordinates": [8.9485562, 36.3136619]}, "properties": {"record_id": "oai:u-bordeaux-montaigne.fr:340435", "symbol_class": "well", "pixel_x": 4909.0, "pixel_y": 2399.0, "easting": 414536.7, "northing": 335041.1, "epsg_source": 22391}}, {"type": "Feature", "geometry": {"type": "Point", "coordinates": [8.9490052, 36.3132572]}, "properties": {"record_id": "oai:u-bordeaux-montaigne.fr:340435", "symbol_class": "well", "pixel_x": 4919.0, "pixel_y": 2409.0, "easting": 414576.6, "northing": 334995.9, "epsg_source": 22391}}, {"type": "Feature", "geometry": {"type": "Point", "coordinates": [8.9491704, 36.3129052]}, "properties": {"record_id": "oai:u-bordeaux-montaigne.fr:340435", "symbol_class": "well", "pixel_x": 4923.0, "pixel_y": 2418.0, "easting": 414591.1, "northing": 334956.7, "epsg_source": 22391}}, {"type": "Feature", "geometry": {"type": "Point", "coordinates": [8.9492878, 36.3125556]}, "properties": {"record_id": "oai:u-bordeaux-montaigne.fr:340435", "symbol_class": "well", "pixel_x": 4926.0, "pixel_y": 2427.0, "easting": 414601.2, "northing": 334917.8, "epsg_source": 22391}}, {"type": "Feature", "geometry": {"type": "Point", "coordinates": [8.9496054, 36.3110505]}, "properties": {"record_id": "oai:u-bordeaux-montaigne.fr:340435", "symbol_class": "well", "pixel_x": 4935.0, "pixel_y": 2466.0, "easting": 414628.1, "northing": 334750.6, "epsg_source": 22391}}, {"type": "Feature", "geometry": {"type": "Point", "coordinates": [8.9498937, 36.310425]}, "properties": {"record_id": "oai:u-bordeaux-montaigne.fr:340435", "symbol_class": "well", "pixel_x": 4942.0, "pixel_y": 2482.0, "easting": 414653.3, "northing": 334680.9, "epsg_source": 22391}}, {"type": "Feature", "geometry": {"type": "Point", "coordinates": [8.9495391, 36.3101759]}, "properties": {"record_id": "oai:u-bordeaux-montaigne.fr:340435", "symbol_class": "well", "pixel_x": 4935.0, "pixel_y": 2489.0, "easting": 414621.2, "northing": 334653.6, "epsg_source": 22391}}, {"type": "Feature", "geometry": {"type": "Point", "coordinates": [8.950612, 36.3097774]}, "properties": {"record_id": "oai:u-bordeaux-montaigne.fr:340435", "symbol_class": "well", "pixel_x": 4958.0, "pixel_y": 2498.0, "easting": 414717.1, "northing": 334608.5, "epsg_source": 22391}}, {"type": "Feature", "geometry": {"type": "Point", "coordinates": [8.9499795, 36.3096571]}, "properties": {"record_id": "oai:u-bordeaux-montaigne.fr:340435", "symbol_class": "well", "pixel_x": 4945.0, "pixel_y": 2502.0, "easting": 414660.2, "northing": 334595.7, "epsg_source": 22391}}, {"type": "Feature", "geometry": {"type": "Point", "coordinates": [8.9505326, 36.3093615]}, "properties": {"record_id": "oai:u-bordeaux-montaigne.fr:340435", "symbol_class": "well", "pixel_x": 4957.0, "pixel_y": 2509.0, "easting": 414709.5, "northing": 334562.4, "epsg_source": 22391}}, {"type": "Feature", "geometry": {"type": "Point", "coordinates": [8.9511133, 36.3087973]}, "properties": {"record_id": "oai:u-bordeaux-montaigne.fr:340435", "symbol_class": "well", "pixel_x": 4970.0, "pixel_y": 2523.0, "easting": 414761.0, "northing": 334499.3, "epsg_source": 22391}}, {"type": "Feature", "geometry": {"type": "Point", "coordinates": [8.9517764, 36.308687]}, "properties": {"record_id": "oai:u-bordeaux-montaigne.fr:340435", "symbol_class": "well", "pixel_x": 4984.0, "pixel_y": 2525.0, "easting": 414820.5, "northing": 334486.5, "epsg_source": 22391}}, {"type": "Feature", "geometry": {"type": "Point", "coordinates": [8.9515565, 36.3083165]}, "properties": {"record_id": "oai:u-bordeaux-montaigne.fr:340435", "symbol_class": "well", "pixel_x": 4980.0, "pixel_y": 2535.0, "easting": 414800.3, "northing": 334445.6, "epsg_source": 22391}}, {"type": "Feature", "geometry": {"type": "Point", "coordinates": [8.9523513, 36.3080467]}, "properties": {"record_id": "oai:u-bordeaux-montaigne.fr:340435", "symbol_class": "well", "pixel_x": 4997.0, "pixel_y": 2541.0, "easting": 414871.4, "northing": 334415.0, "epsg_source": 22391}}, {"type": "Feature", "geometry": {"type": "Point", "coordinates": [8.9530955, 36.3077414]}, "properties": {"record_id": "oai:u-bordeaux-montaigne.fr:340435", "symbol_class": "well", "pixel_x": 5013.0, "pixel_y": 2548.0, "easting": 414937.9, "northing": 334380.5, "epsg_source": 22391}}, {"type": "Feature", "geometry": {"type": "Point", "coordinates": [8.9533085, 36.3073869]}, "properties": {"record_id": "oai:u-bordeaux-montaigne.fr:340435", "symbol_class": "well", "pixel_x": 5018.0, "pixel_y": 2557.0, "easting": 414956.6, "northing": 334341.0, "epsg_source": 22391}}, {"type": "Feature", "geometry": {"type": "Point", "coordinates": [8.9541425, 36.3070006]}, "properties": {"record_id": "oai:u-bordeaux-montaigne.fr:340435", "symbol_class": "well", "pixel_x": 5036.0, "pixel_y": 2566.0, "easting": 415031.1, "northing": 334297.4, "epsg_source": 22391}}, {"type": "Feature", "geometry": {"type": "Point", "coordinates": [8.9544176, 36.3068338]}, "properties": {"record_id": "oai:u-bordeaux-montaigne.fr:340435", "symbol_class": "well", "pixel_x": 5042.0, "pixel_y": 2570.0, "easting": 415055.6, "northing": 334278.6, "epsg_source": 22391}}, {"type": "Feature", "geometry": {"type": "Point", "coordinates": [8.9616082, 36.3061595]}, "properties": {"record_id": "oai:u-bordeaux-montaigne.fr:340435", "symbol_class": "well", "pixel_x": 5193.0, "pixel_y": 2578.0, "easting": 415700.4, "northing": 334197.6, "epsg_source": 22391}}, {"type": "Feature", "geometry": {"type": "Point", "coordinates": [8.9620352, 36.3060994]}, "properties": {"record_id": "oai:u-bordeaux-montaigne.fr:340435", "symbol_class": "well", "pixel_x": 5202.0, "pixel_y": 2579.0, "easting": 415738.7, "northing": 334190.6, "epsg_source": 22391}}, {"type": "Feature", "geometry": {"type": "Point", "coordinates": [8.9094782, 36.3087092]}, "properties": {"record_id": "oai:u-bordeaux-montaigne.fr:340435", "symbol_class": "well", "pixel_x": 4102.0, "pixel_y": 2581.0, "easting": 411023.2, "northing": 334526.7, "epsg_source": 22391}}, {"type": "Feature", "geometry": {"type": "Point", "coordinates": [8.9648958, 36.3058762]}, "properties": {"record_id": "oai:u-bordeaux-montaigne.fr:340435", "symbol_class": "well", "pixel_x": 5262.0, "pixel_y": 2581.0, "easting": 415995.3, "northing": 334163.3, "epsg_source": 22391}}, {"type": "Feature", "geometry": {"type": "Point", "coordinates": [8.9652302, 36.305859]}, "properties": {"record_id": "oai:u-bordeaux-montaigne.fr:340435", "symbol_class": "well", "pixel_x": 5269.0, "pixel_y": 2581.0, "easting": 416025.3, "northing": 334161.2, "epsg_source": 22391}}, {"type": "Feature", "geometry": {"type": "Point", "coordinates": [8.9628865, 36.3059412]}, "properties": {"record_id": "oai:u-bordeaux-montaigne.fr:340435", "symbol_class": "well", "pixel_x": 5220.0, "pixel_y": 2582.0, "easting": 415814.9, "northing": 334172.3, "epsg_source": 22391}}, {"type": "Feature", "geometry": {"type": "Point", "coordinates": [8.9630776, 36.3059314]}, "properties": {"record_id": "oai:u-bordeaux-montaigne.fr:340435", "symbol_class": "well", "pixel_x": 5224.0, "pixel_y": 2582.0, "easting": 415832.1, "northing": 334171.0, "epsg_source": 22391}}, {"type": "Feature", "geometry": {"type": "Point", "coordinates": [8.9635553, 36.3059069]}, "properties": {"record_id": "oai:u-bordeaux-montaigne.fr:340435", "symbol_class": "well", "pixel_x": 5234.0, "pixel_y": 2582.0, "easting": 415874.9, "northing": 334167.9, "epsg_source": 22391}}, {"type": "Feature", "geometry": {"type": "Point", "coordinates": [8.9639852, 36.3058848]}, "properties": {"record_id": "oai:u-bordeaux-montaigne.fr:340435", "symbol_class": "well", "pixel_x": 5243.0, "pixel_y": 2582.0, "easting": 415913.5, "northing": 334165.1, "epsg_source": 22391}}, {"type": "Feature", "geometry": {"type": "Point", "coordinates": [8.9602503, 36.305962]}, "properties": {"record_id": "oai:u-bordeaux-montaigne.fr:340435", "symbol_class": "well", "pixel_x": 5165.0, "pixel_y": 2585.0, "easting": 415578.3, "northing": 334176.9, "epsg_source": 22391}}, {"type": "Feature", "geometry": {"type": "Point", "coordinates": [8.9612478, 36.3058344]}, "properties": {"record_id": "oai:u-bordeaux-montaigne.fr:340435", "symbol_class": "well", "pixel_x": 5186.0, "pixel_y": 2587.0, "easting": 415667.7, "northing": 334161.9, "epsg_source": 22391}}, {"type": "Feature", "geometry": {"type": "Point", "coordinates": [8.9617733, 36.3058075]}, "properties": {"record_id": "oai:u-bordeaux-montaigne.fr:340435", "symbol_class": "well", "pixel_x": 5197.0, "pixel_y": 2587.0, "easting": 415714.8, "northing": 334158.4, "epsg_source": 22391}}, {"type": "Feature", "geometry": {"type": "Point", "coordinates": [8.9543657, 36.3061493]}, "properties": {"record_id": "oai:u-bordeaux-montaigne.fr:340435", "symbol_class": "well", "pixel_x": 5042.0, "pixel_y": 2588.0, "easting": 415050.2, "northing": 334202.8, "epsg_source": 22391}}, {"type": "Feature", "geometry": {"type": "Point", "coordinates": [8.9609583, 36.3058111]}, "properties": {"record_id": "oai:u-bordeaux-montaigne.fr:340435", "symbol_class": "well", "pixel_x": 5180.0, "pixel_y": 2588.0, "easting": 415641.7, "northing": 334159.5, "epsg_source": 22391}}, {"type": "Feature", "geometry": {"type": "Point", "coordinates": [8.9622452, 36.3057069]}, "properties": {"record_id": "oai:u-bordeaux-montaigne.fr:340435", "symbol_class": "well", "pixel_x": 5207.0, "pixel_y": 2589.0, "easting": 415757.1, "northing": 334146.9, "epsg_source": 22391}}, {"type": "Feature", "geometry": {"type": "Point", "coordinates": [8.9661147, 36.3055082]}, "properties": {"record_id": "oai:u-bordeaux-montaigne.fr:340435", "symbol_class": "well", "pixel_x": 5288.0, "pixel_y": 2589.0, "easting": 416104.3, "northing": 334121.5, "epsg_source": 22391}}, {"type": "Feature", "geometry": {"type": "Point", "coordinates": [8.9598537, 36.3057914]}, "properties": {"record_id": "oai:u-bordeaux-montaigne.fr:340435", "symbol_class": "well", "pixel_x": 5157.0, "pixel_y": 2590.0, "easting": 415542.5, "northing": 334158.3, "epsg_source": 22391}}, {"type": "Feature", "geometry": {"type": "Point", "coordinates": [8.9607136, 36.3057473]}, "properties": {"record_id": "oai:u-bordeaux-montaigne.fr:340435", "symbol_class": "well", "pixel_x": 5175.0, "pixel_y": 2590.0, "easting": 415619.7, "northing": 334152.7, "epsg_source": 22391}}, {"type": "Feature", "geometry": {"type": "Point", "coordinates": [8.9625767, 36.3056517]}, "properties": {"record_id": "oai:u-bordeaux-montaigne.fr:340435", "symbol_class": "well", "pixel_x": 5214.0, "pixel_y": 2590.0, "easting": 415786.8, "northing": 334140.4, "epsg_source": 22391}}, {"type": "Feature", "geometry": {"type": "Point", "coordinates": [8.9655864, 36.3054972]}, "properties": {"record_id": "oai:u-bordeaux-montaigne.fr:340435", "symbol_class": "well", "pixel_x": 5277.0, "pixel_y": 2590.0, "easting": 416056.9, "northing": 334120.7, "epsg_source": 22391}}, {"type": "Feature", "geometry": {"type": "Point", "coordinates": [8.9549303, 36.3060058]}, "properties": {"record_id": "oai:u-bordeaux-montaigne.fr:340435", "symbol_class": "well", "pixel_x": 5054.0, "pixel_y": 2591.0, "easting": 415100.7, "northing": 334186.4, "epsg_source": 22391}}, {"type": "Feature", "geometry": {"type": "Point", "coordinates": [8.9630038, 36.3055916]}, "properties": {"record_id": "oai:u-bordeaux-montaigne.fr:340435", "symbol_class": "well", "pixel_x": 5223.0, "pixel_y": 2591.0, "easting": 415825.1, "northing": 334133.4, "epsg_source": 22391}}, {"type": "Feature", "geometry": {"type": "Point", "coordinates": [8.9630516, 36.3055891]}, "properties": {"record_id": "oai:u-bordeaux-montaigne.fr:340435", "symbol_class": "well", "pixel_x": 5224.0, "pixel_y": 2591.0, "easting": 415829.4, "northing": 334133.1, "epsg_source": 22391}}, {"type": "Feature", "geometry": {"type": "Point", "coordinates": [8.9642936, 36.3055254]}, "properties": {"record_id": "oai:u-bordeaux-montaigne.fr:340435", "symbol_class": "well", "pixel_x": 5250.0, "pixel_y": 2591.0, "easting": 415940.8, "northing": 334125.0, "epsg_source": 22391}}, {"type": "Feature", "geometry": {"type": "Point", "coordinates": [8.963813, 36.3055119]}, "properties": {"record_id": "oai:u-bordeaux-montaigne.fr:340435", "symbol_class": "well", "pixel_x": 5240.0, "pixel_y": 2592.0, "easting": 415897.7, "northing": 334123.9, "epsg_source": 22391}}, {"type": "Feature", "geometry": {"type": "Point", "coordinates": [8.9594151, 36.3056994]}, "properties": {"record_id": "oai:u-bordeaux-montaigne.fr:340435", "symbol_class": "well", "pixel_x": 5148.0, "pixel_y": 2593.0, "easting": 415503.0, "northing": 334148.5, "epsg_source": 22391}}, {"type": "Feature", "geometry": {"type": "Point", "coordinates": [8.9604632, 36.3056075]}, "properties": {"record_id": "oai:u-bordeaux-montaigne.fr:340435", "symbol_class": "well", "pixel_x": 5170.0, "pixel_y": 2594.0, "easting": 415597.0, "northing": 334137.4, "epsg_source": 22391}}, {"type": "Feature", "geometry": {"type": "Point", "coordinates": [8.9657515, 36.3051451]}, "properties": {"record_id": "oai:u-bordeaux-montaigne.fr:340435", "symbol_class": "well", "pixel_x": 5281.0, "pixel_y": 2599.0, "easting": 416071.3, "northing": 334081.5, "epsg_source": 22391}}, {"type": "Feature", "geometry": {"type": "Point", "coordinates": [9.0412747, 36.3012423]}, "properties": {"record_id": "oai:u-bordeaux-montaigne.fr:340435", "symbol_class": "well", "pixel_x": 6862.0, "pixel_y": 2599.0, "easting": 422847.9, "northing": 333586.3, "epsg_source": 22391}}, {"type": "Feature", "geometry": {"type": "Point", "coordinates": [8.9557165, 36.3056219]}, "properties": {"record_id": "oai:u-bordeaux-montaigne.fr:340435", "symbol_class": "well", "pixel_x": 5071.0, "pixel_y": 2600.0, "easting": 415170.9, "northing": 334143.1, "epsg_source": 22391}}, {"type": "Feature", "geometry": {"type": "Point", "coordinates": [8.958577, 36.3053988]}, "properties": {"record_id": "oai:u-bordeaux-montaigne.fr:340435", "symbol_class": "well", "pixel_x": 5131.0, "pixel_y": 2602.0, "easting": 415427.5, "northing": 334115.9, "epsg_source": 22391}}, {"type": "Feature", "geometry": {"type": "Point", "coordinates": [8.9562811, 36.3054784]}, "properties": {"record_id": "oai:u-bordeaux-montaigne.fr:340435", "symbol_class": "well", "pixel_x": 5083.0, "pixel_y": 2603.0, "easting": 415221.4, "northing": 334126.7, "epsg_source": 22391}}, {"type": "Feature", "geometry": {"type": "Point", "coordinates": [8.9569021, 36.3054466]}, "properties": {"record_id": "oai:u-bordeaux-montaigne.fr:340435", "symbol_class": "well", "pixel_x": 5096.0, "pixel_y": 2603.0, "easting": 415277.1, "northing": 334122.6, "epsg_source": 22391}}, {"type": "Feature", "geometry": {"type": "Point", "coordinates": [8.9579053, 36.3053951]}, "properties": {"record_id": "oai:u-bordeaux-montaigne.fr:340435", "symbol_class": "well", "pixel_x": 5117.0, "pixel_y": 2603.0, "easting": 415367.2, "northing": 334116.0, "epsg_source": 22391}}, {"type": "Feature", "geometry": {"type": "Point", "coordinates": [8.957568, 36.3053743]}, "properties": {"record_id": "oai:u-bordeaux-montaigne.fr:340435", "symbol_class": "well", "pixel_x": 5110.0, "pixel_y": 2604.0, "easting": 415336.8, "northing": 334114.0, "epsg_source": 22391}}, {"type": "Feature", "geometry": {"type": "Point", "coordinates": [8.9657819, 36.3049145]}, "properties": {"record_id": "oai:u-bordeaux-montaigne.fr:340435", "symbol_class": "well", "pixel_x": 5282.0, "pixel_y": 2605.0, "easting": 416073.8, "northing": 334055.9, "epsg_source": 22391}}, {"type": "Feature", "geometry": {"type": "Point", "coordinates": [9.0413049, 36.3010116]}, "properties": {"record_id": "oai:u-bordeaux-montaigne.fr:340435", "symbol_class": "well", "pixel_x": 6863.0, "pixel_y": 2605.0, "easting": 422850.4, "northing": 333560.6, "epsg_source": 22391}}, {"type": "Feature", "geometry": {"type": "Point", "coordinates": [9.0385315, 36.3011176]}, "properties": {"record_id": "oai:u-bordeaux-montaigne.fr:340435", "symbol_class": "well", "pixel_x": 6805.0, "pixel_y": 2606.0, "easting": 422601.5, "northing": 333574.6, "epsg_source": 22391}}, {"type": "Feature", "geometry": {"type": "Point", "coordinates": [8.9553141, 36.3053753]}, "properties": {"record_id": "oai:u-bordeaux-montaigne.fr:340435", "symbol_class": "well", "pixel_x": 5063.0, "pixel_y": 2607.0, "easting": 415134.5, "northing": 334116.1, "epsg_source": 22391}}, {"type": "Feature", "geometry": {"type": "Point", "coordinates": [8.9661583, 36.3048188]}, "properties": {"record_id": "oai:u-bordeaux-montaigne.fr:340435", "symbol_class": "well", "pixel_x": 5290.0, "pixel_y": 2607.0, "easting": 416107.5, "northing": 334045.0, "epsg_source": 22391}}, {"type": "Feature", "geometry": {"type": "Point", "coordinates": [8.9557889, 36.3053128]}, "properties": {"record_id": "oai:u-bordeaux-montaigne.fr:340435", "symbol_class": "well", "pixel_x": 5073.0, "pixel_y": 2608.0, "easting": 415177.1, "northing": 334108.7, "epsg_source": 22391}}, {"type": "Feature", "geometry": {"type": "Point", "coordinates": [8.9657732, 36.3048004]}, "properties": {"record_id": "oai:u-bordeaux-montaigne.fr:340435", "symbol_class": "well", "pixel_x": 5282.0, "pixel_y": 2608.0, "easting": 416072.9, "northing": 334043.3, "epsg_source": 22391}}, {"type": "Feature", "geometry": {"type": "Point", "coordinates": [8.9583151, 36.3051069]}, "properties": {"record_id": "oai:u-bordeaux-montaigne.fr:340435", "symbol_class": "well", "pixel_x": 5126.0, "pixel_y": 2610.0, "easting": 415403.6, "northing": 334083.7, "epsg_source": 22391}}, {"type": "Feature", "geometry": {"type": "Point", "coordinates": [8.95793, 36.3050885]}, "properties": {"record_id": "oai:u-bordeaux-montaigne.fr:340435", "symbol_class": "well", "pixel_x": 5118.0, "pixel_y": 2611.0, "easting": 415369.0, "northing": 334082.0, "epsg_source": 22391}}, {"type": "Feature", "geometry": {"type": "Point", "coordinates": [9.0373978, 36.3007184]}, "properties": {"record_id": "oai:u-bordeaux-montaigne.fr:340435", "symbol_class": "well", "pixel_x": 6782.0, "pixel_y": 2618.0, "easting": 422499.3, "northing": 333531.2, "epsg_source": 22391}}, {"type": "Feature", "geometry": {"type": "Point", "coordinates": [8.9657892, 36.3043797]}, "properties": {"record_id": "oai:u-bordeaux-montaigne.fr:340435", "symbol_class": "well", "pixel_x": 5283.0, "pixel_y": 2619.0, "easting": 416073.9, "northing": 333996.6, "epsg_source": 22391}}, {"type": "Feature", "geometry": {"type": "Point", "coordinates": [8.965617, 36.3040068]}, "properties": {"record_id": "oai:u-bordeaux-montaigne.fr:340435", "symbol_class": "well", "pixel_x": 5280.0, "pixel_y": 2629.0, "easting": 416058.0, "northing": 333955.4, "epsg_source": 22391}}, {"type": "Feature", "geometry": {"type": "Point", "coordinates": [8.9660239, 36.3036805]}, "properties": {"record_id": "oai:u-bordeaux-montaigne.fr:340435", "symbol_class": "well", "pixel_x": 5289.0, "pixel_y": 2637.0, "easting": 416094.2, "northing": 333918.8, "epsg_source": 22391}}, {"type": "Feature", "geometry": {"type": "Point", "coordinates": [8.9655911, 36.3036645]}, "properties": {"record_id": "oai:u-bordeaux-montaigne.fr:340435", "symbol_class": "well", "pixel_x": 5280.0, "pixel_y": 2638.0, "easting": 416055.3, "northing": 333917.4, "epsg_source": 22391}}, {"type": "Feature", "geometry": {"type": "Point", "coordinates": [8.9633792, 36.3035872]}, "properties": {"record_id": "oai:u-bordeaux-montaigne.fr:340435", "symbol_class": "well", "pixel_x": 5234.0, "pixel_y": 2643.0, "easting": 415856.7, "northing": 333910.8, "epsg_source": 22391}}, {"type": "Feature", "geometry": {"type": "Point", "coordinates": [8.9625642, 36.3035909]}, "properties": {"record_id": "oai:u-bordeaux-montaigne.fr:340435", "symbol_class": "well", "pixel_x": 5217.0, "pixel_y": 2644.0, "easting": 415783.5, "northing": 333911.9, "epsg_source": 22391}}, {"type": "Feature", "geometry": {"type": "Point", "coordinates": [8.9640928, 36.3035124]}, "properties": {"record_id": "oai:u-bordeaux-montaigne.fr:340435", "symbol_class": "well", "pixel_x": 5249.0, "pixel_y": 2644.0, "easting": 415920.7, "northing": 333901.8, "epsg_source": 22391}}, {"type": "Feature", "geometry": {"type": "Point", "coordinates": [8.9654304, 36.3034437]}, "properties": {"record_id": "oai:u-bordeaux-montaigne.fr:340435", "symbol_class": "well", "pixel_x": 5277.0, "pixel_y": 2644.0, "easting": 416040.7, "northing": 333893.1, "epsg_source": 22391}}, {"type": "Feature", "geometry": {"type": "Point", "coordinates": [8.9646632, 36.3034449]}, "properties": {"record_id": "oai:u-bordeaux-montaigne.fr:340435", "symbol_class": "well", "pixel_x": 5261.0, "pixel_y": 2645.0, "easting": 415971.8, "northing": 333893.9, "epsg_source": 22391}}, {"type": "Feature", "geometry": {"type": "Point", "coordinates": [8.9616479, 36.3035234]}, "properties": {"record_id": "oai:u-bordeaux-montaigne.fr:340435", "symbol_class": "well", "pixel_x": 5198.0, "pixel_y": 2647.0, "easting": 415701.2, "northing": 333905.2, "epsg_source": 22391}}, {"type": "Feature", "geometry": {"type": "Point", "coordinates": [8.9625946, 36.3033603]}, "properties": {"record_id": "oai:u-bordeaux-montaigne.fr:340435", "symbol_class": "well", "pixel_x": 5218.0, "pixel_y": 2650.0, "easting": 415786.0, "northing": 333886.3, "epsg_source": 22391}}, {"type": "Feature", "geometry": {"type": "Point", "coordinates": [8.963165, 36.3032928]}, "properties": {"record_id": "oai:u-bordeaux-montaigne.fr:340435", "symbol_class": "well", "pixel_x": 5230.0, "pixel_y": 2651.0, "easting": 415837.1, "northing": 333878.3, "epsg_source": 22391}}, {"type": "Feature", "geometry": {"type": "Point", "coordinates": [8.9611557, 36.3033578]}, "properties": {"record_id": "oai:u-bordeaux-montaigne.fr:340435", "symbol_class": "well", "pixel_x": 5188.0, "pixel_y": 2652.0, "easting": 415656.8, "northing": 333887.2, "epsg_source": 22391}}, {"type": "Feature", "geometry": {"type": "Point", "coordinates": [8.9636369, 36.3031922]}, "properties": {"record_id": "oai:u-bordeaux-montaigne.fr:340435", "symbol_class": "well", "pixel_x": 5240.0, "pixel_y": 2653.0, "easting": 415879.4, "northing": 333866.7, "epsg_source": 22391}}, {"type": "Feature", "geometry": {"type": "Point", "coordinates": [8.9639235, 36.3031775]}, "properties": {"record_id": "oai:u-bordeaux-montaigne.fr:340435", "symbol_class": "well", "pixel_x": 5246.0, "pixel_y": 2653.0, "easting": 415905.1, "northing": 333864.8, "epsg_source": 22391}}, {"type": "Feature", "geometry": {"type": "Point", "coordinates": [8.9621531, 36.3032302]}, "properties": {"record_id": "oai:u-bordeaux-montaigne.fr:340435", "symbol_class": "well", "pixel_x": 5209.0, "pixel_y": 2654.0, "easting": 415746.2, "northing": 333872.2, "epsg_source": 22391}}, {"type": "Feature", "geometry": {"type": "Point", "coordinates": [8.9641595, 36.3031272]}, "properties": {"record_id": "oai:u-bordeaux-montaigne.fr:340435", "symbol_class": "well", "pixel_x": 5251.0, "pixel_y": 2654.0, "easting": 415926.2, "northing": 333859.1, "epsg_source": 22391}}, {"type": "Feature", "geometry": {"type": "Point", "coordinates": [8.9647805, 36.3030953]}, "properties": {"record_id": "oai:u-bordeaux-montaigne.fr:340435", "symbol_class": "well", "pixel_x": 5264.0, "pixel_y": 2654.0, "easting": 415981.9, "northing": 333855.0, "epsg_source": 22391}}, {"type": "Feature", "geometry": {"type": "Point", "coordinates": [8.9608098, 36.3032228]}, "properties": {"record_id": "oai:u-bordeaux-montaigne.fr:340435", "symbol_class": "well", "pixel_x": 5181.0, "pixel_y": 2656.0, "easting": 415625.6, "northing": 333872.6, "epsg_source": 22391}}, {"type": "Feature", "geometry": {"type": "Point", "coordinates": [8.9603654, 36.3030548]}, "properties": {"record_id": "oai:u-bordeaux-montaigne.fr:340435", "symbol_class": "well", "pixel_x": 5172.0, "pixel_y": 2661.0, "easting": 415585.5, "northing": 333854.3, "epsg_source": 22391}}, {"type": "Feature", "geometry": {"type": "Point", "coordinates": [8.9599268, 36.3029628]}, "properties": {"record_id": "oai:u-bordeaux-montaigne.fr:340435", "symbol_class": "well", "pixel_x": 5163.0, "pixel_y": 2664.0, "easting": 415546.0, "northing": 333844.5, "epsg_source": 22391}}, {"type": "Feature", "geometry": {"type": "Point", "coordinates": [8.9610704, 36.3028659]}, "properties": {"record_id": "oai:u-bordeaux-montaigne.fr:340435", "symbol_class": "well", "pixel_x": 5187.0, "pixel_y": 2665.0, "easting": 415648.6, "northing": 333832.7, "epsg_source": 22391}}, {"type": "Feature", "geometry": {"type": "Point", "coordinates": [8.960629, 36.3027358]}, "properties": {"record_id": "oai:u-bordeaux-montaigne.fr:340435", "symbol_class": "well", "pixel_x": 5178.0, "pixel_y": 2669.0, "easting": 415608.8, "northing": 333818.7, "epsg_source": 22391}}, {"type": "Feature", "geometry": {"type": "Point", "coordinates": [8.9601904, 36.3026438]}, "properties": {"record_id": "oai:u-bordeaux-montaigne.fr:340435", "symbol_class": "well", "pixel_x": 5169.0, "pixel_y": 2672.0, "easting": 415569.4, "northing": 333808.9, "epsg_source": 22391}}, {"type": "Feature", "geometry": {"type": "Point", "coordinates": [8.959277, 36.3026143]}, "properties": {"record_id": "oai:u-bordeaux-montaigne.fr:340435", "symbol_class": "well", "pixel_x": 5150.0, "pixel_y": 2674.0, "easting": 415487.3, "northing": 333806.4, "epsg_source": 22391}}, {"type": "Feature", "geometry": {"type": "Point", "coordinates": [9.0637853, 36.2971301]}, "properties": {"record_id": "oai:u-bordeaux-montaigne.fr:340435", "symbol_class": "well", "pixel_x": 7338.0, "pixel_y": 2676.0, "easting": 424865.1, "northing": 333112.6, "epsg_source": 22391}}, {"type": "Feature", "geometry": {"type": "Point", "coordinates": [8.9596925, 36.3024022]}, "properties": {"record_id": "oai:u-bordeaux-montaigne.fr:340435", "symbol_class": "well", "pixel_x": 5159.0, "pixel_y": 2679.0, "easting": 415524.4, "northing": 333782.5, "epsg_source": 22391}}, {"type": "Feature", "geometry": {"type": "Point", "coordinates": [8.939387, 36.3034042]}, "properties": {"record_id": "oai:u-bordeaux-montaigne.fr:340435", "symbol_class": "well", "pixel_x": 4734.0, "pixel_y": 2680.0, "easting": 413702.4, "northing": 333911.4, "epsg_source": 22391}}, {"type": "Feature", "geometry": {"type": "Point", "coordinates": [8.9393726, 36.303214]}, "properties": {"record_id": "oai:u-bordeaux-montaigne.fr:340435", "symbol_class": "well", "pixel_x": 4734.0, "pixel_y": 2685.0, "easting": 413700.9, "northing": 333890.3, "epsg_source": 22391}}, {"type": "Feature", "geometry": {"type": "Point", "coordinates": [8.9586547, 36.3019973]}, "properties": {"record_id": "oai:u-bordeaux-montaigne.fr:340435", "symbol_class": "well", "pixel_x": 5138.0, "pixel_y": 2691.0, "easting": 415430.8, "northing": 333738.5, "epsg_source": 22391}}, {"type": "Feature", "geometry": {"type": "Point", "coordinates": [8.958345, 36.3017078]}, "properties": {"record_id": "oai:u-bordeaux-montaigne.fr:340435", "symbol_class": "well", "pixel_x": 5132.0, "pixel_y": 2699.0, "easting": 415402.7, "northing": 333706.7, "epsg_source": 22391}}, {"type": "Feature", "geometry": {"type": "Point", "coordinates": [8.9588112, 36.3015312]}, "properties": {"record_id": "oai:u-bordeaux-montaigne.fr:340435", "symbol_class": "well", "pixel_x": 5142.0, "pixel_y": 2703.0, "easting": 415444.3, "northing": 333686.7, "epsg_source": 22391}}, {"type": "Feature", "geometry": {"type": "Point", "coordinates": [9.052855, 36.2965546]}, "properties": {"record_id": "oai:u-bordeaux-montaigne.fr:340435", "symbol_class": "well", "pixel_x": 7111.0, "pixel_y": 2706.0, "easting": 423883.1, "northing": 333057.2, "epsg_source": 22391}}, {"type": "Feature", "geometry": {"type": "Point", "coordinates": [8.9586954, 36.3012699]}, "properties": {"record_id": "oai:u-bordeaux-montaigne.fr:340435", "symbol_class": "well", "pixel_x": 5140.0, "pixel_y": 2710.0, "easting": 415433.7, "northing": 333657.8, "epsg_source": 22391}}, {"type": "Feature", "geometry": {"type": "Point", "coordinates": [8.958681, 36.3010798]}, "properties": {"record_id": "oai:u-bordeaux-montaigne.fr:340435", "symbol_class": "well", "pixel_x": 5140.0, "pixel_y": 2715.0, "easting": 415432.2, "northing": 333636.7, "epsg_source": 22391}}, {"type": "Feature", "geometry": {"type": "Point", "coordinates": [8.958613, 36.300816]}, "properties": {"record_id": "oai:u-bordeaux-montaigne.fr:340435", "symbol_class": "well", "pixel_x": 5139.0, "pixel_y": 2722.0, "easting": 415425.8, "northing": 333607.5, "epsg_source": 22391}}, {"type": "Feature", "geometry": {"type": "Point", "coordinates": [9.0473631, 36.2962298]}, "properties": {"record_id": "oai:u-bordeaux-montaigne.fr:340435", "symbol_class": "well", "pixel_x": 6997.0, "pixel_y": 2722.0, "easting": 423389.7, "northing": 333025.5, "epsg_source": 22391}}, {"type": "Feature", "geometry": {"type": "Point", "coordinates": [8.9586102, 36.300778]}, "properties": {"record_id": "oai:u-bordeaux-montaigne.fr:340435", "symbol_class": "well", "pixel_x": 5139.0, "pixel_y": 2723.0, "easting": 415425.5, "northing": 333603.3, "epsg_source": 22391}}, {"type": "Feature", "geometry": {"type": "Point", "coordinates": [8.9581716, 36.300686]}, "properties": {"record_id": "oai:u-bordeaux-montaigne.fr:340435", "symbol_class": "well", "pixel_x": 5130.0, "pixel_y": 2726.0, "easting": 415386.0, "northing": 333593.5, "epsg_source": 22391}}, {"type": "Feature", "geometry": {"type": "Point", "coordinates": [9.0500232, 36.2959004]}, "properties": {"record_id": "oai:u-bordeaux-montaigne.fr:340435", "symbol_class": "well", "pixel_x": 7053.0, "pixel_y": 2727.0, "easting": 423628.2, "northing": 332986.8, "epsg_source": 22391}}, {"type": "Feature", "geometry": {"type": "Point", "coordinates": [8.9586711, 36.3003168]}, "properties": {"record_id": "oai:u-bordeaux-montaigne.fr:340435", "symbol_class": "well", "pixel_x": 5141.0, "pixel_y": 2735.0, "easting": 415430.5, "northing": 333552.1, "epsg_source": 22391}}, {"type": "Feature", "geometry": {"type": "Point", "coordinates": [8.9582354, 36.3002628]}, "properties": {"record_id": "oai:u-bordeaux-montaigne.fr:340435", "symbol_class": "well", "pixel_x": 5132.0, "pixel_y": 2737.0, "easting": 415391.3, "northing": 333546.5, "epsg_source": 22391}}, {"type": "Feature", "geometry": {"type": "Point", "coordinates": [9.0053789, 36.2977967]}, "properties": {"record_id": "oai:u-bordeaux-montaigne.fr:340435", "symbol_class": "well", "pixel_x": 6119.0, "pixel_y": 2738.0, "easting": 419621.5, "northing": 333233.1, "epsg_source": 22391}}, {"type": "Feature", "geometry": {"type": "Point", "coordinates": [8.95869, 36.299934]}, "properties": {"record_id": "oai:u-bordeaux-montaigne.fr:340435", "symbol_class": "well", "pixel_x": 5142.0, "pixel_y": 2745.0, "easting": 415431.7, "northing": 333509.6, "epsg_source": 22391}}, {"type": "Feature", "geometry": {"type": "Point", "coordinates": [8.9140221, 36.3021792]}, "properties": {"record_id": "oai:u-bordeaux-montaigne.fr:340435", "symbol_class": "well", "pixel_x": 4207.0, "pixel_y": 2746.0, "easting": 411423.8, "northing": 333798.3, "epsg_source": 22391}}, {"type": "Feature", "geometry": {"type": "Point", "coordinates": [8.9582572, 36.2999181]}, "properties": {"record_id": "oai:u-bordeaux-montaigne.fr:340435", "symbol_class": "well", "pixel_x": 5133.0, "pixel_y": 2746.0, "easting": 415392.9, "northing": 333508.2, "epsg_source": 22391}}, {"type": "Feature", "geometry": {"type": "Point", "coordinates": [8.9143451, 36.3020101]}, "properties": {"record_id": "oai:u-bordeaux-montaigne.fr:340435", "symbol_class": "well", "pixel_x": 4214.0, "pixel_y": 2750.0, "easting": 411452.6, "northing": 333779.2, "epsg_source": 22391}}, {"type": "Feature", "geometry": {"type": "Point", "coordinates": [8.9078453, 36.3023028]}, "properties": {"record_id": "oai:u-bordeaux-montaigne.fr:340435", "symbol_class": "well", "pixel_x": 4078.0, "pixel_y": 2751.0, "easting": 410869.3, "northing": 333817.6, "epsg_source": 22391}}, {"type": "Feature", "geometry": {"type": "Point", "coordinates": [8.913769, 36.3020013]}, "properties": {"record_id": "oai:u-bordeaux-montaigne.fr:340435", "symbol_class": "well", "pixel_x": 4202.0, "pixel_y": 2751.0, "easting": 411400.8, "northing": 333778.8, "epsg_source": 22391}}, {"type": "Feature", "geometry": {"type": "Point", "coordinates": [8.9582819, 36.2996114]}, "properties": {"record_id": "oai:u-bordeaux-montaigne.fr:340435", "symbol_class": "well", "pixel_x": 5134.0, "pixel_y": 2754.0, "easting": 415394.8, "northing": 333474.2, "epsg_source": 22391}}, {"type": "Feature", "geometry": {"type": "Point", "coordinates": [8.9167193, 36.3016983]}, "properties": {"record_id": "oai:u-bordeaux-montaigne.fr:340435", "symbol_class": "well", "pixel_x": 4264.0, "pixel_y": 2755.0, "easting": 411665.4, "northing": 333742.5, "epsg_source": 22391}}, {"type": "Feature", "geometry": {"type": "Point", "coordinates": [8.9156655, 36.3017138]}, "properties": {"record_id": "oai:u-bordeaux-montaigne.fr:340435", "symbol_class": "well", "pixel_x": 4242.0, "pixel_y": 2756.0, "easting": 411570.8, "northing": 333745.2, "epsg_source": 22391}}, {"type": "Feature", "geometry": {"type": "Point", "coordinates": [8.9162187, 36.3014184]}, "properties": {"record_id": "oai:u-bordeaux-montaigne.fr:340435", "symbol_class": "well", "pixel_x": 4254.0, "pixel_y": 2763.0, "easting": 411620.1, "northing": 333711.9, "epsg_source": 22391}}, {"type": "Feature", "geometry": {"type": "Point", "coordinates": [8.9088562, 36.3017169]}, "properties": {"record_id": "oai:u-bordeaux-montaigne.fr:340435", "symbol_class": "well", "pixel_x": 4100.0, "pixel_y": 2765.0, "easting": 410959.4, "northing": 333751.7, "epsg_source": 22391}}, {"type": "Feature", "geometry": {"type": "Point", "coordinates": [8.9585845, 36.299176]}, "properties": {"record_id": "oai:u-bordeaux-montaigne.fr:340435", "symbol_class": "well", "pixel_x": 5141.0, "pixel_y": 2765.0, "easting": 415421.5, "northing": 333425.6, "epsg_source": 22391}}, {"type": "Feature", "geometry": {"type": "Point", "coordinates": [8.9372261, 36.3001935]}, "properties": {"record_id": "oai:u-bordeaux-montaigne.fr:340435", "symbol_class": "well", "pixel_x": 4694.0, "pixel_y": 2767.0, "easting": 413504.9, "northing": 333557.2, "epsg_source": 22391}}, {"type": "Feature", "geometry": {"type": "Point", "coordinates": [8.9581011, 36.2991244]}, "properties": {"record_id": "oai:u-bordeaux-montaigne.fr:340435", "symbol_class": "well", "pixel_x": 5131.0, "pixel_y": 2767.0, "easting": 415378.0, "northing": 333420.3, "epsg_source": 22391}}, {"type": "Feature", "geometry": {"type": "Point", "coordinates": [8.9093196, 36.3015025]}, "properties": {"record_id": "oai:u-bordeaux-montaigne.fr:340435", "symbol_class": "well", "pixel_x": 4110.0, "pixel_y": 2770.0, "easting": 411000.8, "northing": 333727.5, "epsg_source": 22391}}, {"type": "Feature", "geometry": {"type": "Point", "coordinates": [8.9349637, 36.3000801]}, "properties": {"record_id": "oai:u-bordeaux-montaigne.fr:340435", "symbol_class": "well", "pixel_x": 4647.0, "pixel_y": 2773.0, "easting": 413301.6, "northing": 333546.6, "epsg_source": 22391}}, {"type": "Feature", "geometry": {"type": "Point", "coordinates": [8.9373044, 36.2999605]}, "properties": {"record_id": "oai:u-bordeaux-montaigne.fr:340435", "symbol_class": "well", "pixel_x": 4696.0, "pixel_y": 2773.0, "easting": 413511.7, "northing": 333531.3, "epsg_source": 22391}}, {"type": "Feature", "geometry": {"type": "Point", "coordinates": [8.9368716, 36.2999444]}, "properties": {"record_id": "oai:u-bordeaux-montaigne.fr:340435", "symbol_class": "well", "pixel_x": 4687.0, "pixel_y": 2774.0, "easting": 413472.8, "northing": 333529.9, "epsg_source": 22391}}, {"type": "Feature", "geometry": {"type": "Point", "coordinates": [8.9585586, 36.2988337]}, "properties": {"record_id": "oai:u-bordeaux-montaigne.fr:340435", "symbol_class": "well", "pixel_x": 5141.0, "pixel_y": 2774.0, "easting": 415418.8, "northing": 333387.7, "epsg_source": 22391}}, {"type": "Feature", "geometry": {"type": "Point", "coordinates": [8.9901268, 36.2971336]}, "properties": {"record_id": "oai:u-bordeaux-montaigne.fr:340435", "symbol_class": "well", "pixel_x": 5802.0, "pixel_y": 2776.0, "easting": 418251.4, "northing": 333172.2, "epsg_source": 22391}}, {"type": "Feature", "geometry": {"type": "Point", "coordinates": [8.9344745, 36.2999524]}, "properties": {"record_id": "oai:u-bordeaux-montaigne.fr:340435", "symbol_class": "well", "pixel_x": 4637.0, "pixel_y": 2777.0, "easting": 413257.6, "northing": 333532.9, "epsg_source": 22391}}, {"type": "Feature", "geometry": {"type": "Point", "coordinates": [8.9352331, 36.2998373]}, "properties": {"record_id": "oai:u-bordeaux-montaigne.fr:340435", "symbol_class": "well", "pixel_x": 4653.0, "pixel_y": 2779.0, "easting": 413325.6, "northing": 333519.5, "epsg_source": 22391}}, {"type": "Feature", "geometry": {"type": "Point", "coordinates": [8.9364273, 36.2997763]}, "properties": {"record_id": "oai:u-bordeaux-montaigne.fr:340435", "symbol_class": "well", "pixel_x": 4678.0, "pixel_y": 2779.0, "easting": 413432.7, "northing": 333511.6, "epsg_source": 22391}}, {"type": "Feature", "geometry": {"type": "Point", "coordinates": [8.9580549, 36.298516]}, "properties": {"record_id": "oai:u-bordeaux-montaigne.fr:340435", "symbol_class": "well", "pixel_x": 5131.0, "pixel_y": 2783.0, "easting": 415373.2, "northing": 333352.9, "epsg_source": 22391}}, {"type": "Feature", "geometry": {"type": "Point", "coordinates": [8.958482, 36.2984559]}, "properties": {"record_id": "oai:u-bordeaux-montaigne.fr:340435", "symbol_class": "well", "pixel_x": 5140.0, "pixel_y": 2784.0, "easting": 415411.5, "northing": 333345.8, "epsg_source": 22391}}, {"type": "Feature", "geometry": {"type": "Point", "coordinates": [8.9635453, 36.298196]}, "properties": {"record_id": "oai:u-bordeaux-montaigne.fr:340435", "symbol_class": "well", "pixel_x": 5246.0, "pixel_y": 2784.0, "easting": 415865.8, "northing": 333312.6, "epsg_source": 22391}}, {"type": "Feature", "geometry": {"type": "Point", "coordinates": [8.9338783, 36.2996775]}, "properties": {"record_id": "oai:u-bordeaux-montaigne.fr:340435", "symbol_class": "well", "pixel_x": 4625.0, "pixel_y": 2785.0, "easting": 413203.7, "northing": 333502.9, "epsg_source": 22391}}, {"type": "Feature", "geometry": {"type": "Point", "coordinates": [8.9344458, 36.2995721]}, "properties": {"record_id": "oai:u-bordeaux-montaigne.fr:340435", "symbol_class": "well", "pixel_x": 4637.0, "pixel_y": 2787.0, "easting": 413254.6, "northing": 333490.8, "epsg_source": 22391}}, {"type": "Feature", "geometry": {"type": "Point", "coordinates": [8.9352101, 36.2995331]}, "properties": {"record_id": "oai:u-bordeaux-montaigne.fr:340435", "symbol_class": "well", "pixel_x": 4653.0, "pixel_y": 2787.0, "easting": 413323.2, "northing": 333485.7, "epsg_source": 22391}}, {"type": "Feature", "geometry": {"type": "Point", "coordinates": [8.9361177, 36.2994867]}, "properties": {"record_id": "oai:u-bordeaux-montaigne.fr:340435", "symbol_class": "well", "pixel_x": 4672.0, "pixel_y": 2787.0, "easting": 413404.6, "northing": 333479.8, "epsg_source": 22391}}, {"type": "Feature", "geometry": {"type": "Point", "coordinates": [8.9644443, 36.2980353]}, "properties": {"record_id": "oai:u-bordeaux-montaigne.fr:340435", "symbol_class": "well", "pixel_x": 5265.0, "pixel_y": 2787.0, "easting": 415946.4, "northing": 333294.0, "epsg_source": 22391}}, {"type": "Feature", "geometry": {"type": "Point", "coordinates": [8.9179117, 36.3003396]}, "properties": {"record_id": "oai:u-bordeaux-montaigne.fr:340435", "symbol_class": "well", "pixel_x": 4291.0, "pixel_y": 2789.0, "easting": 411770.9, "northing": 333590.7, "epsg_source": 22391}}, {"type": "Feature", "geometry": {"type": "Point", "coordinates": [8.9339088, 36.2994469]}, "properties": {"record_id": "oai:u-bordeaux-montaigne.fr:340435", "symbol_class": "well", "pixel_x": 4626.0, "pixel_y": 2791.0, "easting": 413206.2, "northing": 333477.3, "epsg_source": 22391}}, {"type": "Feature", "geometry": {"type": "Point", "coordinates": [8.932234, 36.2994943]}, "properties": {"record_id": "oai:u-bordeaux-montaigne.fr:340435", "symbol_class": "well", "pixel_x": 4591.0, "pixel_y": 2792.0, "easting": 413055.9, "northing": 333484.1, "epsg_source": 22391}}, {"type": "Feature", "geometry": {"type": "Point", "coordinates": [8.9325684, 36.2994772]}, "properties": {"record_id": "oai:u-bordeaux-montaigne.fr:340435", "symbol_class": "well", "pixel_x": 4598.0, "pixel_y": 2792.0, "easting": 413085.9, "northing": 333481.9, "epsg_source": 22391}}, {"type": "Feature", "geometry": {"type": "Point", "coordinates": [8.9622774, 36.2979175]}, "properties": {"record_id": "oai:u-bordeaux-montaigne.fr:340435", "symbol_class": "well", "pixel_x": 5220.0, "pixel_y": 2793.0, "easting": 415751.7, "northing": 333282.8, "epsg_source": 22391}}, {"type": "Feature", "geometry": {"type": "Point", "coordinates": [8.9636598, 36.2978084]}, "properties": {"record_id": "oai:u-bordeaux-montaigne.fr:340435", "symbol_class": "well", "pixel_x": 5249.0, "pixel_y": 2794.0, "easting": 415875.7, "northing": 333269.5, "epsg_source": 22391}}, {"type": "Feature", "geometry": {"type": "Point", "coordinates": [8.9356619, 36.2991664]}, "properties": {"record_id": "oai:u-bordeaux-montaigne.fr:340435", "symbol_class": "well", "pixel_x": 4663.0, "pixel_y": 2796.0, "easting": 413363.3, "northing": 333444.7, "epsg_source": 22391}}, {"type": "Feature", "geometry": {"type": "Point", "coordinates": [8.9641794, 36.2977054]}, "properties": {"record_id": "oai:u-bordeaux-montaigne.fr:340435", "symbol_class": "well", "pixel_x": 5260.0, "pixel_y": 2796.0, "easting": 415922.2, "northing": 333257.7, "epsg_source": 22391}}, {"type": "Feature", "geometry": {"type": "Point", "coordinates": [8.9325989, 36.2992466]}, "properties": {"record_id": "oai:u-bordeaux-montaigne.fr:340435", "symbol_class": "well", "pixel_x": 4599.0, "pixel_y": 2798.0, "easting": 413088.4, "northing": 333456.3, "epsg_source": 22391}}, {"type": "Feature", "geometry": {"type": "Point", "coordinates": [8.9321662, 36.2992305]}, "properties": {"record_id": "oai:u-bordeaux-montaigne.fr:340435", "symbol_class": "well", "pixel_x": 4590.0, "pixel_y": 2799.0, "easting": 413049.5, "northing": 333454.9, "epsg_source": 22391}}, {"type": "Feature", "geometry": {"type": "Point", "coordinates": [8.9617289, 36.2976403]}, "properties": {"record_id": "oai:u-bordeaux-montaigne.fr:340435", "symbol_class": "well", "pixel_x": 5209.0, "pixel_y": 2801.0, "easting": 415702.1, "northing": 333252.6, "epsg_source": 22391}}, {"type": "Feature", "geometry": {"type": "Point", "coordinates": [8.9650726, 36.2974686]}, "properties": {"record_id": "oai:u-bordeaux-montaigne.fr:340435", "symbol_class": "well", "pixel_x": 5279.0, "pixel_y": 2801.0, "easting": 416002.2, "northing": 333230.6, "epsg_source": 22391}}, {"type": "Feature", "geometry": {"type": "Point", "coordinates": [8.9624903, 36.297563]}, "properties": {"record_id": "oai:u-bordeaux-montaigne.fr:340435", "symbol_class": "well", "pixel_x": 5225.0, "pixel_y": 2802.0, "easting": 415770.4, "northing": 333243.3, "epsg_source": 22391}}, {"type": "Feature", "geometry": {"type": "Point", "coordinates": [8.9645442, 36.2974576]}, "properties": {"record_id": "oai:u-bordeaux-montaigne.fr:340435", "symbol_class": "well", "pixel_x": 5268.0, "pixel_y": 2802.0, "easting": 415954.7, "northing": 333229.9, "epsg_source": 22391}}, {"type": "Feature", "geometry": {"type": "Point", "coordinates": [8.9074099, 36.3003399]}, "properties": {"record_id": "oai:u-bordeaux-montaigne.fr:340435", "symbol_class": "well", "pixel_x": 4072.0, "pixel_y": 2803.0, "easting": 410828.0, "northing": 333600.3, "epsg_source": 22391}}, {"type": "Feature", "geometry": {"type": "Point", "coordinates": [8.9585227, 36.2977285]}, "properties": {"record_id": "oai:u-bordeaux-montaigne.fr:340435", "symbol_class": "well", "pixel_x": 5142.0, "pixel_y": 2803.0, "easting": 415414.4, "northing": 333265.1, "epsg_source": 22391}}, {"type": "Feature", "geometry": {"type": "Point", "coordinates": [8.9191557, 36.2996654]}, "properties": {"record_id": "oai:u-bordeaux-montaigne.fr:340435", "symbol_class": "well", "pixel_x": 4318.0, "pixel_y": 2805.0, "easting": 411881.9, "northing": 333514.8, "epsg_source": 22391}}, {"type": "Feature", "geometry": {"type": "Point", "coordinates": [8.9070192, 36.3002453]}, "properties": {"record_id": "oai:u-bordeaux-montaigne.fr:340435", "symbol_class": "well", "pixel_x": 4064.0, "pixel_y": 2806.0, "easting": 410792.8, "northing": 333590.2, "epsg_source": 22391}}, {"type": "Feature", "geometry": {"type": "Point", "coordinates": [8.921634, 36.2994627]}, "properties": {"record_id": "oai:u-bordeaux-montaigne.fr:340435", "symbol_class": "well", "pixel_x": 4370.0, "pixel_y": 2807.0, "easting": 412104.2, "northing": 333490.1, "epsg_source": 22391}}, {"type": "Feature", "geometry": {"type": "Point", "coordinates": [8.9222043, 36.2993954]}, "properties": {"record_id": "oai:u-bordeaux-montaigne.fr:340435", "symbol_class": "well", "pixel_x": 4382.0, "pixel_y": 2808.0, "easting": 412155.3, "northing": 333482.1, "epsg_source": 22391}}, {"type": "Feature", "geometry": {"type": "Point", "coordinates": [8.9591292, 36.2975065]}, "properties": {"record_id": "oai:u-bordeaux-montaigne.fr:340435", "symbol_class": "well", "pixel_x": 5155.0, "pixel_y": 2808.0, "easting": 415468.6, "northing": 333240.0, "epsg_source": 22391}}, {"type": "Feature", "geometry": {"type": "Point", "coordinates": [8.962043, 36.2973569]}, "properties": {"record_id": "oai:u-bordeaux-montaigne.fr:340435", "symbol_class": "well", "pixel_x": 5216.0, "pixel_y": 2808.0, "easting": 415730.0, "northing": 333220.9, "epsg_source": 22391}}, {"type": "Feature", "geometry": {"type": "Point", "coordinates": [8.9194729, 36.2994202]}, "properties": {"record_id": "oai:u-bordeaux-montaigne.fr:340435", "symbol_class": "well", "pixel_x": 4325.0, "pixel_y": 2811.0, "easting": 411910.1, "northing": 333487.3, "epsg_source": 22391}}, {"type": "Feature", "geometry": {"type": "Point", "coordinates": [8.920091, 36.2993505]}, "properties": {"record_id": "oai:u-bordeaux-montaigne.fr:340435", "symbol_class": "well", "pixel_x": 4338.0, "pixel_y": 2812.0, "easting": 411965.5, "northing": 333479.0, "epsg_source": 22391}}, {"type": "Feature", "geometry": {"type": "Point", "coordinates": [8.9211419, 36.2992969]}, "properties": {"record_id": "oai:u-bordeaux-montaigne.fr:340435", "symbol_class": "well", "pixel_x": 4360.0, "pixel_y": 2812.0, "easting": 412059.8, "northing": 333472.1, "epsg_source": 22391}}, {"type": "Feature", "geometry": {"type": "Point", "coordinates": [8.9212852, 36.2992896]}, "properties": {"record_id": "oai:u-bordeaux-montaigne.fr:340435", "symbol_class": "well", "pixel_x": 4363.0, "pixel_y": 2812.0, "easting": 412072.6, "northing": 333471.2, "epsg_source": 22391}}, {"type": "Feature", "geometry": {"type": "Point", "coordinates": [8.9609806, 36.2972588]}, "properties": {"record_id": "oai:u-bordeaux-montaigne.fr:340435", "symbol_class": "well", "pixel_x": 5194.0, "pixel_y": 2812.0, "easting": 415634.6, "northing": 333210.9, "epsg_source": 22391}}, {"type": "Feature", "geometry": {"type": "Point", "coordinates": [8.9594492, 36.2972992]}, "properties": {"record_id": "oai:u-bordeaux-montaigne.fr:340435", "symbol_class": "well", "pixel_x": 5162.0, "pixel_y": 2813.0, "easting": 415497.1, "northing": 333216.7, "epsg_source": 22391}}, {"type": "Feature", "geometry": {"type": "Point", "coordinates": [8.9223276, 36.2991219]}, "properties": {"record_id": "oai:u-bordeaux-montaigne.fr:340435", "symbol_class": "well", "pixel_x": 4385.0, "pixel_y": 2815.0, "easting": 412166.0, "northing": 333451.7, "epsg_source": 22391}}, {"type": "Feature", "geometry": {"type": "Point", "coordinates": [8.9616407, 36.2971104]}, "properties": {"record_id": "oai:u-bordeaux-montaigne.fr:340435", "symbol_class": "well", "pixel_x": 5208.0, "pixel_y": 2815.0, "easting": 415693.7, "northing": 333193.9, "epsg_source": 22391}}, {"type": "Feature", "geometry": {"type": "Point", "coordinates": [8.9588616, 36.2971385]}, "properties": {"record_id": "oai:u-bordeaux-montaigne.fr:340435", "symbol_class": "well", "pixel_x": 5150.0, "pixel_y": 2818.0, "easting": 415444.2, "northing": 333199.4, "epsg_source": 22391}}, {"type": "Feature", "geometry": {"type": "Point", "coordinates": [8.9652623, 36.2968099]}, "properties": {"record_id": "oai:u-bordeaux-montaigne.fr:340435", "symbol_class": "well", "pixel_x": 5284.0, "pixel_y": 2818.0, "easting": 416018.5, "northing": 333157.4, "epsg_source": 22391}}, {"type": "Feature", "geometry": {"type": "Point", "coordinates": [8.9294757, 36.2985281]}, "properties": {"record_id": "oai:u-bordeaux-montaigne.fr:340435", "symbol_class": "well", "pixel_x": 4535.0, "pixel_y": 2821.0, "easting": 412807.2, "northing": 333379.4, "epsg_source": 22391}}, {"type": "Feature", "geometry": {"type": "Point", "coordinates": [8.9603337, 36.2969484]}, "properties": {"record_id": "oai:u-bordeaux-montaigne.fr:340435", "symbol_class": "well", "pixel_x": 5181.0, "pixel_y": 2821.0, "easting": 415576.1, "northing": 333177.0, "epsg_source": 22391}}, {"type": "Feature", "geometry": {"type": "Point", "coordinates": [8.9611399, 36.2968307]}, "properties": {"record_id": "oai:u-bordeaux-montaigne.fr:340435", "symbol_class": "well", "pixel_x": 5198.0, "pixel_y": 2823.0, "easting": 415648.4, "northing": 333163.3, "epsg_source": 22391}}, {"type": "Feature", "geometry": {"type": "Point", "coordinates": [8.9248813, 36.2986481]}, "properties": {"record_id": "oai:u-bordeaux-montaigne.fr:340435", "symbol_class": "well", "pixel_x": 4439.0, "pixel_y": 2824.0, "easting": 412394.8, "northing": 333396.8, "epsg_source": 22391}}, {"type": "Feature", "geometry": {"type": "Point", "coordinates": [8.9657704, 36.2965547]}, "properties": {"record_id": "oai:u-bordeaux-montaigne.fr:340435", "symbol_class": "well", "pixel_x": 5295.0, "pixel_y": 2824.0, "easting": 416063.9, "northing": 333128.7, "epsg_source": 22391}}, {"type": "Feature", "geometry": {"type": "Point", "coordinates": [8.9317065, 36.2982233]}, "properties": {"record_id": "oai:u-bordeaux-montaigne.fr:340435", "symbol_class": "well", "pixel_x": 4582.0, "pixel_y": 2826.0, "easting": 413007.1, "northing": 333343.6, "epsg_source": 22391}}, {"type": "Feature", "geometry": {"type": "Point", "coordinates": [8.9595521, 36.2967595]}, "properties": {"record_id": "oai:u-bordeaux-montaigne.fr:340435", "symbol_class": "well", "pixel_x": 5165.0, "pixel_y": 2827.0, "easting": 415505.8, "northing": 333156.7, "epsg_source": 22391}}, {"type": "Feature", "geometry": {"type": "Point", "coordinates": [8.9232457, 36.2985788]}, "properties": {"record_id": "oai:u-bordeaux-montaigne.fr:340435", "symbol_class": "well", "pixel_x": 4405.0, "pixel_y": 2828.0, "easting": 412247.9, "northing": 333390.6, "epsg_source": 22391}}, {"type": "Feature", "geometry": {"type": "Point", "coordinates": [8.9258701, 36.2984068]}, "properties": {"record_id": "oai:u-bordeaux-montaigne.fr:340435", "symbol_class": "well", "pixel_x": 4460.0, "pixel_y": 2829.0, "easting": 412483.3, "northing": 333369.2, "epsg_source": 22391}}, {"type": "Feature", "geometry": {"type": "Point", "coordinates": [8.9236699, 36.2984809]}, "properties": {"record_id": "oai:u-bordeaux-montaigne.fr:340435", "symbol_class": "well", "pixel_x": 4414.0, "pixel_y": 2830.0, "easting": 412285.9, "northing": 333379.3, "epsg_source": 22391}}, {"type": "Feature", "geometry": {"type": "Point", "coordinates": [8.9599733, 36.2966233]}, "properties": {"record_id": "oai:u-bordeaux-montaigne.fr:340435", "symbol_class": "well", "pixel_x": 5174.0, "pixel_y": 2830.0, "easting": 415543.4, "northing": 333141.3, "epsg_source": 22391}}, {"type": "Feature", "geometry": {"type": "Point", "coordinates": [8.9660397, 36.2963119]}, "properties": {"record_id": "oai:u-bordeaux-montaigne.fr:340435", "symbol_class": "well", "pixel_x": 5301.0, "pixel_y": 2830.0, "easting": 416087.8, "northing": 333101.5, "epsg_source": 22391}}, {"type": "Feature", "geometry": {"type": "Point", "coordinates": [8.9312058, 36.2979435]}, "properties": {"record_id": "oai:u-bordeaux-montaigne.fr:340435", "symbol_class": "well", "pixel_x": 4572.0, "pixel_y": 2834.0, "easting": 412961.9, "northing": 333313.0, "epsg_source": 22391}}, {"type": "Feature", "geometry": {"type": "Point", "coordinates": [8.9063516, 36.2990195]}, "properties": {"record_id": "oai:u-bordeaux-montaigne.fr:340435", "symbol_class": "well", "pixel_x": 4052.0, "pixel_y": 2839.0, "easting": 410731.5, "northing": 333454.8, "epsg_source": 22391}}, {"type": "Feature", "geometry": {"type": "Point", "coordinates": [8.9289406, 36.2977919]}, "properties": {"record_id": "oai:u-bordeaux-montaigne.fr:340435", "symbol_class": "well", "pixel_x": 4525.0, "pixel_y": 2841.0, "easting": 412758.3, "northing": 333298.2, "epsg_source": 22391}}, {"type": "Feature", "geometry": {"type": "Point", "coordinates": [8.9060564, 36.29892]}, "properties": {"record_id": "oai:u-bordeaux-montaigne.fr:340435", "symbol_class": "well", "pixel_x": 4046.0, "pixel_y": 2842.0, "easting": 410704.9, "northing": 333444.0, "epsg_source": 22391}}, {"type": "Feature", "geometry": {"type": "Point", "coordinates": [8.965814, 36.2958653]}, "properties": {"record_id": "oai:u-bordeaux-montaigne.fr:340435", "symbol_class": "well", "pixel_x": 5297.0, "pixel_y": 2842.0, "easting": 416067.0, "northing": 333052.2, "epsg_source": 22391}}, {"type": "Feature", "geometry": {"type": "Point", "coordinates": [8.9292692, 36.2976988]}, "properties": {"record_id": "oai:u-bordeaux-montaigne.fr:340435", "symbol_class": "well", "pixel_x": 4532.0, "pixel_y": 2843.0, "easting": 412787.7, "northing": 333287.6, "epsg_source": 22391}}, {"type": "Feature", "geometry": {"type": "Point", "coordinates": [8.9282097, 36.2976384]}, "properties": {"record_id": "oai:u-bordeaux-montaigne.fr:340435", "symbol_class": "well", "pixel_x": 4510.0, "pixel_y": 2846.0, "easting": 412692.5, "northing": 333281.8, "epsg_source": 22391}}, {"type": "Feature", "geometry": {"type": "Point", "coordinates": [8.9662801, 36.2956887]}, "properties": {"record_id": "oai:u-bordeaux-montaigne.fr:340435", "symbol_class": "well", "pixel_x": 5307.0, "pixel_y": 2846.0, "easting": 416108.7, "northing": 333032.2, "epsg_source": 22391}}, {"type": "Feature", "geometry": {"type": "Point", "coordinates": [8.9659371, 36.2955918]}, "properties": {"record_id": "oai:u-bordeaux-montaigne.fr:340435", "symbol_class": "well", "pixel_x": 5300.0, "pixel_y": 2849.0, "easting": 416077.8, "northing": 333021.7, "epsg_source": 22391}}, {"type": "Feature", "geometry": {"type": "Point", "coordinates": [8.9030718, 36.2987664]}, "properties": {"record_id": "oai:u-bordeaux-montaigne.fr:340435", "symbol_class": "well", "pixel_x": 3984.0, "pixel_y": 2850.0, "easting": 410436.8, "northing": 333429.7, "epsg_source": 22391}}, {"type": "Feature", "geometry": {"type": "Point", "coordinates": [8.9285298, 36.2974312]}, "properties": {"record_id": "oai:u-bordeaux-montaigne.fr:340435", "symbol_class": "well", "pixel_x": 4517.0, "pixel_y": 2851.0, "easting": 412721.0, "northing": 333258.6, "epsg_source": 22391}}, {"type": "Feature", "geometry": {"type": "Point", "coordinates": [8.9058845, 36.298547]}, "properties": {"record_id": "oai:u-bordeaux-montaigne.fr:340435", "symbol_class": "well", "pixel_x": 4043.0, "pixel_y": 2852.0, "easting": 410689.0, "northing": 333402.8, "epsg_source": 22391}}, {"type": "Feature", "geometry": {"type": "Point", "coordinates": [8.9268999, 36.297438]}, "properties": {"record_id": "oai:u-bordeaux-montaigne.fr:340435", "symbol_class": "well", "pixel_x": 4483.0, "pixel_y": 2853.0, "easting": 412574.7, "northing": 333260.8, "epsg_source": 22391}}, {"type": "Feature", "geometry": {"type": "Point", "coordinates": [8.9664032, 36.2954152]}, "properties": {"record_id": "oai:u-bordeaux-montaigne.fr:340435", "symbol_class": "well", "pixel_x": 5310.0, "pixel_y": 2853.0, "easting": 416119.5, "northing": 333001.7, "epsg_source": 22391}}, {"type": "Feature", "geometry": {"type": "Point", "coordinates": [8.9280406, 36.2973035]}, "properties": {"record_id": "oai:u-bordeaux-montaigne.fr:340435", "symbol_class": "well", "pixel_x": 4507.0, "pixel_y": 2855.0, "easting": 412677.0, "northing": 333244.8, "epsg_source": 22391}}, {"type": "Feature", "geometry": {"type": "Point", "coordinates": [8.9030375, 36.2983101]}, "properties": {"record_id": "oai:u-bordeaux-montaigne.fr:340435", "symbol_class": "well", "pixel_x": 3984.0, "pixel_y": 2862.0, "easting": 410433.2, "northing": 333379.2, "epsg_source": 22391}}, {"type": "Feature", "geometry": {"type": "Point", "coordinates": [8.9663989, 36.2947282]}, "properties": {"record_id": "oai:u-bordeaux-montaigne.fr:340435", "symbol_class": "well", "pixel_x": 5311.0, "pixel_y": 2871.0, "easting": 416118.4, "northing": 332925.5, "epsg_source": 22391}}, {"type": "Feature", "geometry": {"type": "Point", "coordinates": [8.9669606, 36.2945467]}, "properties": {"record_id": "oai:u-bordeaux-montaigne.fr:340435", "symbol_class": "well", "pixel_x": 5323.0, "pixel_y": 2875.0, "easting": 416168.6, "northing": 332904.9, "epsg_source": 22391}}, {"type": "Feature", "geometry": {"type": "Point", "coordinates": [8.966522, 36.2944547]}, "properties": {"record_id": "oai:u-bordeaux-montaigne.fr:340435", "symbol_class": "well", "pixel_x": 5314.0, "pixel_y": 2878.0, "easting": 416129.1, "northing": 332895.1, "epsg_source": 22391}}, {"type": "Feature", "geometry": {"type": "Point", "coordinates": [8.9669679, 36.2940118]}, "properties": {"record_id": "oai:u-bordeaux-montaigne.fr:340435", "symbol_class": "well", "pixel_x": 5324.0, "pixel_y": 2889.0, "easting": 416168.7, "northing": 332845.6, "epsg_source": 22391}}, {"type": "Feature", "geometry": {"type": "Point", "coordinates": [8.902862, 36.2972501]}, "properties": {"record_id": "oai:u-bordeaux-montaigne.fr:340435", "symbol_class": "well", "pixel_x": 3982.0, "pixel_y": 2890.0, "easting": 410416.2, "northing": 333261.8, "epsg_source": 22391}}, {"type": "Feature", "geometry": {"type": "Point", "coordinates": [8.9666249, 36.2939149]}, "properties": {"record_id": "oai:u-bordeaux-montaigne.fr:340435", "symbol_class": "well", "pixel_x": 5317.0, "pixel_y": 2892.0, "easting": 416137.8, "northing": 332835.1, "epsg_source": 22391}}, {"type": "Feature", "geometry": {"type": "Point", "coordinates": [8.9031371, 36.2970835]}, "properties": {"record_id": "oai:u-bordeaux-montaigne.fr:340435", "symbol_class": "well", "pixel_x": 3988.0, "pixel_y": 2894.0, "easting": 410440.7, "northing": 333243.0, "epsg_source": 22391}}, {"type": "Feature", "geometry": {"type": "Point", "coordinates": [8.9666582, 36.2937223]}, "properties": {"record_id": "oai:u-bordeaux-montaigne.fr:340435", "symbol_class": "well", "pixel_x": 5318.0, "pixel_y": 2897.0, "easting": 416140.6, "northing": 332813.7, "epsg_source": 22391}}, {"type": "Feature", "geometry": {"type": "Point", "coordinates": [8.9028362, 36.2969079]}, "properties": {"record_id": "oai:u-bordeaux-montaigne.fr:340435", "symbol_class": "well", "pixel_x": 3982.0, "pixel_y": 2899.0, "easting": 410413.5, "northing": 333223.8, "epsg_source": 22391}}, {"type": "Feature", "geometry": {"type": "Point", "coordinates": [8.9013019, 36.2969095]}, "properties": {"record_id": "oai:u-bordeaux-montaigne.fr:340435", "symbol_class": "well", "pixel_x": 3950.0, "pixel_y": 2901.0, "easting": 410275.7, "northing": 333225.4, "epsg_source": 22391}}, {"type": "Feature", "geometry": {"type": "Point", "coordinates": [8.9671243, 36.2935457]}, "properties": {"record_id": "oai:u-bordeaux-montaigne.fr:340435", "symbol_class": "well", "pixel_x": 5328.0, "pixel_y": 2901.0, "easting": 416182.2, "northing": 332793.7, "epsg_source": 22391}}, {"type": "Feature", "geometry": {"type": "Point", "coordinates": [8.9712769, 36.2932941]}, "properties": {"record_id": "oai:u-bordeaux-montaigne.fr:340435", "symbol_class": "well", "pixel_x": 5415.0, "pixel_y": 2902.0, "easting": 416554.8, "northing": 332762.3, "epsg_source": 22391}}, {"type": "Feature", "geometry": {"type": "Point", "coordinates": [8.9008663, 36.2968553]}, "properties": {"record_id": "oai:u-bordeaux-montaigne.fr:340435", "symbol_class": "well", "pixel_x": 3941.0, "pixel_y": 2903.0, "easting": 410236.6, "northing": 333219.8, "epsg_source": 22391}}, {"type": "Feature", "geometry": {"type": "Point", "coordinates": [8.9721786, 36.2931714]}, "properties": {"record_id": "oai:u-bordeaux-montaigne.fr:340435", "symbol_class": "well", "pixel_x": 5434.0, "pixel_y": 2904.0, "easting": 416635.7, "northing": 332747.9, "epsg_source": 22391}}, {"type": "Feature", "geometry": {"type": "Point", "coordinates": [8.9724175, 36.2931591]}, "properties": {"record_id": "oai:u-bordeaux-montaigne.fr:340435", "symbol_class": "well", "pixel_x": 5439.0, "pixel_y": 2904.0, "easting": 416657.1, "northing": 332746.3, "epsg_source": 22391}}, {"type": "Feature", "geometry": {"type": "Point", "coordinates": [8.9733221, 36.2930744]}, "properties": {"record_id": "oai:u-bordeaux-montaigne.fr:340435", "symbol_class": "well", "pixel_x": 5458.0, "pixel_y": 2905.0, "easting": 416738.3, "northing": 332736.1, "epsg_source": 22391}}, {"type": "Feature", "geometry": {"type": "Point", "coordinates": [8.9668653, 36.2932918]}, "properties": {"record_id": "oai:u-bordeaux-montaigne.fr:340435", "symbol_class": "well", "pixel_x": 5323.0, "pixel_y": 2908.0, "easting": 416158.7, "northing": 332765.8, "epsg_source": 22391}}, {"type": "Feature", "geometry": {"type": "Point", "coordinates": [8.9715881, 36.2929727]}, "properties": {"record_id": "oai:u-bordeaux-montaigne.fr:340435", "symbol_class": "well", "pixel_x": 5422.0, "pixel_y": 2910.0, "easting": 416582.5, "northing": 332726.3, "epsg_source": 22391}}, {"type": "Feature", "geometry": {"type": "Point", "coordinates": [8.9711076, 36.2929592]}, "properties": {"record_id": "oai:u-bordeaux-montaigne.fr:340435", "symbol_class": "well", "pixel_x": 5412.0, "pixel_y": 2911.0, "easting": 416539.3, "northing": 332725.3, "epsg_source": 22391}}, {"type": "Feature", "geometry": {"type": "Point", "coordinates": [8.9720151, 36.2929126]}, "properties": {"record_id": "oai:u-bordeaux-montaigne.fr:340435", "symbol_class": "well", "pixel_x": 5431.0, "pixel_y": 2911.0, "easting": 416620.7, "northing": 332719.3, "epsg_source": 22391}}, {"type": "Feature", "geometry": {"type": "Point", "coordinates": [8.9738779, 36.2928167]}, "properties": {"record_id": "oai:u-bordeaux-montaigne.fr:340435", "symbol_class": "well", "pixel_x": 5470.0, "pixel_y": 2911.0, "easting": 416787.9, "northing": 332707.1, "epsg_source": 22391}}, {"type": "Feature", "geometry": {"type": "Point", "coordinates": [8.972251, 36.2928622]}, "properties": {"record_id": "oai:u-bordeaux-montaigne.fr:340435", "symbol_class": "well", "pixel_x": 5436.0, "pixel_y": 2912.0, "easting": 416641.9, "northing": 332713.5, "epsg_source": 22391}}, {"type": "Feature", "geometry": {"type": "Point", "coordinates": [8.9733019, 36.2928082]}, "properties": {"record_id": "oai:u-bordeaux-montaigne.fr:340435", "symbol_class": "well", "pixel_x": 5458.0, "pixel_y": 2912.0, "easting": 416736.2, "northing": 332706.6, "epsg_source": 22391}}, {"type": "Feature", "geometry": {"type": "Point", "coordinates": [8.9675195, 36.2930673]}, "properties": {"record_id": "oai:u-bordeaux-montaigne.fr:340435", "symbol_class": "well", "pixel_x": 5337.0, "pixel_y": 2913.0, "easting": 416217.2, "northing": 332740.3, "epsg_source": 22391}}, {"type": "Feature", "geometry": {"type": "Point", "coordinates": [8.9708095, 36.2928218]}, "properties": {"record_id": "oai:u-bordeaux-montaigne.fr:340435", "symbol_class": "well", "pixel_x": 5406.0, "pixel_y": 2915.0, "easting": 416512.4, "northing": 332710.3, "epsg_source": 22391}}, {"type": "Feature", "geometry": {"type": "Point", "coordinates": [8.974344, 36.2926401]}, "properties": {"record_id": "oai:u-bordeaux-montaigne.fr:340435", "symbol_class": "well", "pixel_x": 5480.0, "pixel_y": 2915.0, "easting": 416829.6, "northing": 332687.1, "epsg_source": 22391}}, {"type": "Feature", "geometry": {"type": "Point", "coordinates": [8.9711265, 36.2925765]}, "properties": {"record_id": "oai:u-bordeaux-montaigne.fr:340435", "symbol_class": "well", "pixel_x": 5413.0, "pixel_y": 2921.0, "easting": 416540.6, "northing": 332682.8, "epsg_source": 22391}}, {"type": "Feature", "geometry": {"type": "Point", "coordinates": [8.9745654, 36.2923996]}, "properties": {"record_id": "oai:u-bordeaux-montaigne.fr:340435", "symbol_class": "well", "pixel_x": 5485.0, "pixel_y": 2921.0, "easting": 416849.2, "northing": 332660.2, "epsg_source": 22391}}, {"type": "Feature", "geometry": {"type": "Point", "coordinates": [8.9746856, 36.292088]}, "properties": {"record_id": "oai:u-bordeaux-montaigne.fr:340435", "symbol_class": "well", "pixel_x": 5488.0, "pixel_y": 2929.0, "easting": 416859.7, "northing": 332625.6, "epsg_source": 22391}}, {"type": "Feature", "geometry": {"type": "Point", "coordinates": [8.9003086, 36.2958148]}, "properties": {"record_id": "oai:u-bordeaux-montaigne.fr:340435", "symbol_class": "well", "pixel_x": 3931.0, "pixel_y": 2931.0, "easting": 410185.3, "northing": 333104.9, "epsg_source": 22391}}, {"type": "Feature", "geometry": {"type": "Point", "coordinates": [8.9678496, 36.2923632]}, "properties": {"record_id": "oai:u-bordeaux-montaigne.fr:340435", "symbol_class": "well", "pixel_x": 5345.0, "pixel_y": 2931.0, "easting": 416246.1, "northing": 332661.9, "epsg_source": 22391}}, {"type": "Feature", "geometry": {"type": "Point", "coordinates": [8.9682651, 36.2921509]}, "properties": {"record_id": "oai:u-bordeaux-montaigne.fr:340435", "symbol_class": "well", "pixel_x": 5354.0, "pixel_y": 2936.0, "easting": 416283.2, "northing": 332638.0, "epsg_source": 22391}}, {"type": "Feature", "geometry": {"type": "Point", "coordinates": [8.9713133, 36.2918797]}, "properties": {"record_id": "oai:u-bordeaux-montaigne.fr:340435", "symbol_class": "well", "pixel_x": 5418.0, "pixel_y": 2939.0, "easting": 416556.6, "northing": 332605.4, "epsg_source": 22391}}, {"type": "Feature", "geometry": {"type": "Point", "coordinates": [8.9688238, 36.2919314]}, "properties": {"record_id": "oai:u-bordeaux-montaigne.fr:340435", "symbol_class": "well", "pixel_x": 5366.0, "pixel_y": 2941.0, "easting": 416333.1, "northing": 332613.2, "epsg_source": 22391}}, {"type": "Feature", "geometry": {"type": "Point", "coordinates": [8.9682477, 36.2919228]}, "properties": {"record_id": "oai:u-bordeaux-montaigne.fr:340435", "symbol_class": "well", "pixel_x": 5354.0, "pixel_y": 2942.0, "easting": 416281.4, "northing": 332612.8, "epsg_source": 22391}}, {"type": "Feature", "geometry": {"type": "Point", "coordinates": [8.9708747, 36.2917878]}, "properties": {"record_id": "oai:u-bordeaux-montaigne.fr:340435", "symbol_class": "well", "pixel_x": 5409.0, "pixel_y": 2942.0, "easting": 416517.1, "northing": 332595.5, "epsg_source": 22391}}, {"type": "Feature", "geometry": {"type": "Point", "coordinates": [8.9747913, 36.2915863]}, "properties": {"record_id": "oai:u-bordeaux-montaigne.fr:340435", "symbol_class": "well", "pixel_x": 5491.0, "pixel_y": 2942.0, "easting": 416868.6, "northing": 332569.8, "epsg_source": 22391}}, {"type": "Feature", "geometry": {"type": "Point", "coordinates": [8.9691437, 36.291724]}, "properties": {"record_id": "oai:u-bordeaux-montaigne.fr:340435", "symbol_class": "well", "pixel_x": 5373.0, "pixel_y": 2946.0, "easting": 416361.6, "northing": 332589.9, "epsg_source": 22391}}, {"type": "Feature", "geometry": {"type": "Point", "coordinates": [8.9706186, 36.2915719]}, "properties": {"record_id": "oai:u-bordeaux-montaigne.fr:340435", "symbol_class": "well", "pixel_x": 5404.0, "pixel_y": 2948.0, "easting": 416493.9, "northing": 332571.8, "epsg_source": 22391}}, {"type": "Feature", "geometry": {"type": "Point", "coordinates": [8.9694216, 36.2915952]}, "properties": {"record_id": "oai:u-bordeaux-montaigne.fr:340435", "symbol_class": "well", "pixel_x": 5379.0, "pixel_y": 2949.0, "easting": 416386.5, "northing": 332575.4, "epsg_source": 22391}}, {"type": "Feature", "geometry": {"type": "Point", "coordinates": [8.9698457, 36.2914971]}, "properties": {"record_id": "oai:u-bordeaux-montaigne.fr:340435", "symbol_class": "well", "pixel_x": 5388.0, "pixel_y": 2951.0, "easting": 416424.4, "northing": 332564.2, "epsg_source": 22391}}, {"type": "Feature", "geometry": {"type": "Point", "coordinates": [8.9701323, 36.2914823]}, "properties": {"record_id": "oai:u-bordeaux-montaigne.fr:340435", "symbol_class": "well", "pixel_x": 5394.0, "pixel_y": 2951.0, "easting": 416450.1, "northing": 332562.3, "epsg_source": 22391}}, {"type": "Feature", "geometry": {"type": "Point", "coordinates": [8.9728852, 36.2911117]}, "properties": {"record_id": "oai:u-bordeaux-montaigne.fr:340435", "symbol_class": "well", "pixel_x": 5452.0, "pixel_y": 2957.0, "easting": 416697.0, "northing": 332518.8, "epsg_source": 22391}}, {"type": "Feature", "geometry": {"type": "Point", "coordinates": [8.9739331, 36.2910197]}, "properties": {"record_id": "oai:u-bordeaux-montaigne.fr:340435", "symbol_class": "well", "pixel_x": 5474.0, "pixel_y": 2958.0, "easting": 416791.0, "northing": 332507.7, "epsg_source": 22391}}, {"type": "Feature", "geometry": {"type": "Point", "coordinates": [8.9694376, 36.2911745]}, "properties": {"record_id": "oai:u-bordeaux-montaigne.fr:340435", "symbol_class": "well", "pixel_x": 5380.0, "pixel_y": 2960.0, "easting": 416387.4, "northing": 332528.7, "epsg_source": 22391}}, {"type": "Feature", "geometry": {"type": "Point", "coordinates": [8.9697212, 36.2911217]}, "properties": {"record_id": "oai:u-bordeaux-montaigne.fr:340435", "symbol_class": "well", "pixel_x": 5386.0, "pixel_y": 2961.0, "easting": 416412.9, "northing": 332522.6, "epsg_source": 22391}}, {"type": "Feature", "geometry": {"type": "Point", "coordinates": [8.9701034, 36.2911021]}, "properties": {"record_id": "oai:u-bordeaux-montaigne.fr:340435", "symbol_class": "well", "pixel_x": 5394.0, "pixel_y": 2961.0, "easting": 416447.2, "northing": 332520.1, "epsg_source": 22391}}, {"type": "Feature", "geometry": {"type": "Point", "coordinates": [8.973441, 36.2908541]}, "properties": {"record_id": "oai:u-bordeaux-montaigne.fr:340435", "symbol_class": "well", "pixel_x": 5464.0, "pixel_y": 2963.0, "easting": 416746.6, "northing": 332489.8, "epsg_source": 22391}}, {"type": "Feature", "geometry": {"type": "Point", "coordinates": [8.972713, 36.2907388]}, "properties": {"record_id": "oai:u-bordeaux-montaigne.fr:340435", "symbol_class": "well", "pixel_x": 5449.0, "pixel_y": 2967.0, "easting": 416681.1, "northing": 332477.6, "epsg_source": 22391}}, {"type": "Feature", "geometry": {"type": "Point", "coordinates": [8.9719227, 36.2904359]}, "properties": {"record_id": "oai:u-bordeaux-montaigne.fr:340435", "symbol_class": "well", "pixel_x": 5433.0, "pixel_y": 2976.0, "easting": 416609.8, "northing": 332444.7, "epsg_source": 22391}}, {"type": "Feature", "geometry": {"type": "Point", "coordinates": [8.9723917, 36.2902973]}, "properties": {"record_id": "oai:u-bordeaux-montaigne.fr:340435", "symbol_class": "well", "pixel_x": 5443.0, "pixel_y": 2979.0, "easting": 416651.8, "northing": 332428.9, "epsg_source": 22391}}, {"type": "Feature", "geometry": {"type": "Point", "coordinates": [8.9721384, 36.2901194]}, "properties": {"record_id": "oai:u-bordeaux-montaigne.fr:340435", "symbol_class": "well", "pixel_x": 5438.0, "pixel_y": 2984.0, "easting": 416628.9, "northing": 332409.4, "epsg_source": 22391}}, {"type": "Feature", "geometry": {"type": "Point", "coordinates": [8.9720733, 36.2898937]}, "properties": {"record_id": "oai:u-bordeaux-montaigne.fr:340435", "symbol_class": "well", "pixel_x": 5437.0, "pixel_y": 2990.0, "easting": 416622.8, "northing": 332384.4, "epsg_source": 22391}}, {"type": "Feature", "geometry": {"type": "Point", "coordinates": [8.9509086, 36.2909039]}, "properties": {"record_id": "oai:u-bordeaux-montaigne.fr:340435", "symbol_class": "well", "pixel_x": 4994.0, "pixel_y": 2992.0, "easting": 414723.3, "northing": 332514.8, "epsg_source": 22391}}, {"type": "Feature", "geometry": {"type": "Point", "coordinates": [8.9723397, 36.2896128]}, "properties": {"record_id": "oai:u-bordeaux-montaigne.fr:340435", "symbol_class": "well", "pixel_x": 5443.0, "pixel_y": 2997.0, "easting": 416646.4, "northing": 332353.0, "epsg_source": 22391}}, {"type": "Feature", "geometry": {"type": "Point", "coordinates": [8.8946213, 36.2935079]}, "properties": {"record_id": "oai:u-bordeaux-montaigne.fr:340435", "symbol_class": "well", "pixel_x": 3816.0, "pixel_y": 2999.0, "easting": 409672.0, "northing": 332854.3, "epsg_source": 22391}}, {"type": "Feature", "geometry": {"type": "Point", "coordinates": [8.9728086, 36.2894741]}, "properties": {"record_id": "oai:u-bordeaux-montaigne.fr:340435", "symbol_class": "well", "pixel_x": 5453.0, "pixel_y": 3000.0, "easting": 416688.4, "northing": 332337.2, "epsg_source": 22391}}, {"type": "Feature", "geometry": {"type": "Point", "coordinates": [8.9734266, 36.2894042]}, "properties": {"record_id": "oai:u-bordeaux-montaigne.fr:340435", "symbol_class": "well", "pixel_x": 5466.0, "pixel_y": 3001.0, "easting": 416743.8, "northing": 332329.0, "epsg_source": 22391}}, {"type": "Feature", "geometry": {"type": "Point", "coordinates": [8.9723585, 36.2892301]}, "properties": {"record_id": "oai:u-bordeaux-montaigne.fr:340435", "symbol_class": "well", "pixel_x": 5444.0, "pixel_y": 3007.0, "easting": 416647.7, "northing": 332310.6, "epsg_source": 22391}}, {"type": "Feature", "geometry": {"type": "Point", "coordinates": [8.9728304, 36.2891294]}, "properties": {"record_id": "oai:u-bordeaux-montaigne.fr:340435", "symbol_class": "well", "pixel_x": 5454.0, "pixel_y": 3009.0, "easting": 416689.9, "northing": 332299.0, "epsg_source": 22391}}, {"type": "Feature", "geometry": {"type": "Point", "coordinates": [8.9732573, 36.2890693]}, "properties": {"record_id": "oai:u-bordeaux-montaigne.fr:340435", "symbol_class": "well", "pixel_x": 5463.0, "pixel_y": 3010.0, "easting": 416728.2, "northing": 332292.0, "epsg_source": 22391}}, {"type": "Feature", "geometry": {"type": "Point", "coordinates": [8.9737205, 36.2888546]}, "properties": {"record_id": "oai:u-bordeaux-montaigne.fr:340435", "symbol_class": "well", "pixel_x": 5473.0, "pixel_y": 3015.0, "easting": 416769.6, "northing": 332267.7, "epsg_source": 22391}}, {"type": "Feature", "geometry": {"type": "Point", "coordinates": [8.7778456, 36.2983878]}, "properties": {"record_id": "oai:u-bordeaux-montaigne.fr:340435", "symbol_class": "well", "pixel_x": 1373.0, "pixel_y": 3025.0, "easting": 399192.8, "northing": 333510.0, "epsg_source": 22391}}, {"type": "Feature", "geometry": {"type": "Point", "coordinates": [8.973832, 36.2884289]}, "properties": {"record_id": "oai:u-bordeaux-montaigne.fr:340435", "symbol_class": "well", "pixel_x": 5476.0, "pixel_y": 3026.0, "easting": 416779.1, "northing": 332220.4, "epsg_source": 22391}}, {"type": "Feature", "geometry": {"type": "Point", "coordinates": [8.9742589, 36.2883688]}, "properties": {"record_id": "oai:u-bordeaux-montaigne.fr:340435", "symbol_class": "well", "pixel_x": 5485.0, "pixel_y": 3027.0, "easting": 416817.4, "northing": 332213.4, "epsg_source": 22391}}, {"type": "Feature", "geometry": {"type": "Point", "coordinates": [8.973803, 36.2880487]}, "properties": {"record_id": "oai:u-bordeaux-montaigne.fr:340435", "symbol_class": "well", "pixel_x": 5476.0, "pixel_y": 3036.0, "easting": 416776.1, "northing": 332178.3, "epsg_source": 22391}}, {"type": "Feature", "geometry": {"type": "Point", "coordinates": [8.9741171, 36.2877653]}, "properties": {"record_id": "oai:u-bordeaux-montaigne.fr:340435", "symbol_class": "well", "pixel_x": 5483.0, "pixel_y": 3043.0, "easting": 416804.1, "northing": 332146.6, "epsg_source": 22391}}, {"type": "Feature", "geometry": {"type": "Point", "coordinates": [8.9740911, 36.2874231]}, "properties": {"record_id": "oai:u-bordeaux-montaigne.fr:340435", "symbol_class": "well", "pixel_x": 5483.0, "pixel_y": 3052.0, "easting": 416801.4, "northing": 332108.6, "epsg_source": 22391}}, {"type": "Feature", "geometry": {"type": "Point", "coordinates": [8.9744052, 36.2871397]}, "properties": {"record_id": "oai:u-bordeaux-montaigne.fr:340435", "symbol_class": "well", "pixel_x": 5490.0, "pixel_y": 3059.0, "easting": 416829.3, "northing": 332076.9, "epsg_source": 22391}}, {"type": "Feature", "geometry": {"type": "Point", "coordinates": [8.9752635, 36.2864465]}, "properties": {"record_id": "oai:u-bordeaux-montaigne.fr:340435", "symbol_class": "well", "pixel_x": 5509.0, "pixel_y": 3076.0, "easting": 416905.6, "northing": 331999.3, "epsg_source": 22391}}, {"type": "Feature", "geometry": {"type": "Point", "coordinates": [8.9749263, 36.2864257]}, "properties": {"record_id": "oai:u-bordeaux-montaigne.fr:340435", "symbol_class": "well", "pixel_x": 5502.0, "pixel_y": 3077.0, "easting": 416875.3, "northing": 331997.3, "epsg_source": 22391}}, {"type": "Feature", "geometry": {"type": "Point", "coordinates": [8.884244, 36.2906752]}, "properties": {"record_id": "oai:u-bordeaux-montaigne.fr:340435", "symbol_class": "well", "pixel_x": 3604.0, "pixel_y": 3087.0, "easting": 408736.9, "northing": 332549.7, "epsg_source": 22391}}, {"type": "Feature", "geometry": {"type": "Point", "coordinates": [8.9762651, 36.2844862]}, "properties": {"record_id": "oai:u-bordeaux-montaigne.fr:340435", "symbol_class": "well", "pixel_x": 5533.0, "pixel_y": 3126.0, "easting": 416993.5, "northing": 331781.0, "epsg_source": 22391}}, {"type": "Feature", "geometry": {"type": "Point", "coordinates": [8.9758772, 36.2844298]}, "properties": {"record_id": "oai:u-bordeaux-montaigne.fr:340435", "symbol_class": "well", "pixel_x": 5525.0, "pixel_y": 3128.0, "easting": 416958.6, "northing": 331775.1, "epsg_source": 22391}}, {"type": "Feature", "geometry": {"type": "Point", "coordinates": [8.9762535, 36.2843341]}, "properties": {"record_id": "oai:u-bordeaux-montaigne.fr:340435", "symbol_class": "well", "pixel_x": 5533.0, "pixel_y": 3130.0, "easting": 416992.3, "northing": 331764.2, "epsg_source": 22391}}, {"type": "Feature", "geometry": {"type": "Point", "coordinates": [8.8789038, 36.2891516]}, "properties": {"record_id": "oai:u-bordeaux-montaigne.fr:340435", "symbol_class": "well", "pixel_x": 3495.0, "pixel_y": 3134.0, "easting": 408255.6, "northing": 332385.7, "epsg_source": 22391}}, {"type": "Feature", "geometry": {"type": "Point", "coordinates": [8.9762362, 36.2841059]}, "properties": {"record_id": "oai:u-bordeaux-montaigne.fr:340435", "symbol_class": "well", "pixel_x": 5533.0, "pixel_y": 3136.0, "easting": 416990.5, "northing": 331738.9, "epsg_source": 22391}}, {"type": "Feature", "geometry": {"type": "Point", "coordinates": [8.97598, 36.2838901]}, "properties": {"record_id": "oai:u-bordeaux-montaigne.fr:340435", "symbol_class": "well", "pixel_x": 5528.0, "pixel_y": 3142.0, "easting": 416967.3, "northing": 331715.2, "epsg_source": 22391}}, {"type": "Feature", "geometry": {"type": "Point", "coordinates": [8.9792131, 36.282273]}, "properties": {"record_id": "oai:u-bordeaux-montaigne.fr:340435", "symbol_class": "well", "pixel_x": 5598.0, "pixel_y": 3180.0, "easting": 417255.9, "northing": 331533.0, "epsg_source": 22391}}, {"type": "Feature", "geometry": {"type": "Point", "coordinates": [8.9763925, 36.28238]}, "properties": {"record_id": "oai:u-bordeaux-montaigne.fr:340435", "symbol_class": "well", "pixel_x": 5539.0, "pixel_y": 3181.0, "easting": 417002.7, "northing": 331547.3, "epsg_source": 22391}}, {"type": "Feature", "geometry": {"type": "Point", "coordinates": [8.9802102, 36.2821453]}, "properties": {"record_id": "oai:u-bordeaux-montaigne.fr:340435", "symbol_class": "well", "pixel_x": 5619.0, "pixel_y": 3182.0, "easting": 417345.3, "northing": 331518.0, "epsg_source": 22391}}, {"type": "Feature", "geometry": {"type": "Point", "coordinates": [8.9765908, 36.2818353]}, "properties": {"record_id": "oai:u-bordeaux-montaigne.fr:340435", "symbol_class": "well", "pixel_x": 5544.0, "pixel_y": 3195.0, "easting": 417020.0, "northing": 331486.7, "epsg_source": 22391}}, {"type": "Feature", "geometry": {"type": "Point", "coordinates": [8.9079684, 36.284813]}, "properties": {"record_id": "oai:u-bordeaux-montaigne.fr:340435", "symbol_class": "well", "pixel_x": 4108.0, "pixel_y": 3209.0, "easting": 410860.7, "northing": 331877.6, "epsg_source": 22391}}, {"type": "Feature", "geometry": {"type": "Point", "coordinates": [8.981601, 36.2808902]}, "properties": {"record_id": "oai:u-bordeaux-montaigne.fr:340435", "symbol_class": "well", "pixel_x": 5650.0, "pixel_y": 3213.0, "easting": 417468.9, "northing": 331377.6, "epsg_source": 22391}}, {"type": "Feature", "geometry": {"type": "Point", "coordinates": [8.9813, 36.2807148]}, "properties": {"record_id": "oai:u-bordeaux-montaigne.fr:340435", "symbol_class": "well", "pixel_x": 5644.0, "pixel_y": 3218.0, "easting": 417441.7, "northing": 331358.4, "epsg_source": 22391}}, {"type": "Feature", "geometry": {"type": "Point", "coordinates": [8.9812652, 36.2802585]}, "properties": {"record_id": "oai:u-bordeaux-montaigne.fr:340435", "symbol_class": "well", "pixel_x": 5644.0, "pixel_y": 3230.0, "easting": 417438.1, "northing": 331307.9, "epsg_source": 22391}}, {"type": "Feature", "geometry": {"type": "Point", "coordinates": [8.9811842, 36.2791938]}, "properties": {"record_id": "oai:u-bordeaux-montaigne.fr:340435", "symbol_class": "well", "pixel_x": 5644.0, "pixel_y": 3258.0, "easting": 417429.7, "northing": 331189.8, "epsg_source": 22391}}, {"type": "Feature", "geometry": {"type": "Point", "coordinates": [8.9815995, 36.2789815]}, "properties": {"record_id": "oai:u-bordeaux-montaigne.fr:340435", "symbol_class": "well", "pixel_x": 5653.0, "pixel_y": 3263.0, "easting": 417466.8, "northing": 331165.9, "epsg_source": 22391}}, {"type": "Feature", "geometry": {"type": "Point", "coordinates": [8.9812565, 36.2788846]}, "properties": {"record_id": "oai:u-bordeaux-montaigne.fr:340435", "symbol_class": "well", "pixel_x": 5646.0, "pixel_y": 3266.0, "easting": 417435.9, "northing": 331155.5, "epsg_source": 22391}}, {"type": "Feature", "geometry": {"type": "Point", "coordinates": [8.9817948, 36.2783988]}, "properties": {"record_id": "oai:u-bordeaux-montaigne.fr:340435", "symbol_class": "well", "pixel_x": 5658.0, "pixel_y": 3278.0, "easting": 417483.7, "northing": 331101.1, "epsg_source": 22391}}, {"type": "Feature", "geometry": {"type": "Point", "coordinates": [8.9813983, 36.2782284]}, "properties": {"record_id": "oai:u-bordeaux-montaigne.fr:340435", "symbol_class": "well", "pixel_x": 5650.0, "pixel_y": 3283.0, "easting": 417447.9, "northing": 331082.6, "epsg_source": 22391}}, {"type": "Feature", "geometry": {"type": "Point", "coordinates": [8.9815184, 36.2779168]}, "properties": {"record_id": "oai:u-bordeaux-montaigne.fr:340435", "symbol_class": "well", "pixel_x": 5653.0, "pixel_y": 3291.0, "easting": 417458.4, "northing": 331047.9, "epsg_source": 22391}}, {"type": "Feature", "geometry": {"type": "Point", "coordinates": [8.9819424, 36.2778186]}, "properties": {"record_id": "oai:u-bordeaux-montaigne.fr:340435", "symbol_class": "well", "pixel_x": 5662.0, "pixel_y": 3293.0, "easting": 417496.4, "northing": 331036.6, "epsg_source": 22391}}, {"type": "Feature", "geometry": {"type": "Point", "coordinates": [8.9820148, 36.2775094]}, "properties": {"record_id": "oai:u-bordeaux-montaigne.fr:340435", "symbol_class": "well", "pixel_x": 5664.0, "pixel_y": 3301.0, "easting": 417502.5, "northing": 331002.3, "epsg_source": 22391}}, {"type": "Feature", "geometry": {"type": "Point", "coordinates": [8.9816299, 36.2774911]}, "properties": {"record_id": "oai:u-bordeaux-montaigne.fr:340435", "symbol_class": "well", "pixel_x": 5656.0, "pixel_y": 3302.0, "easting": 417468.0, "northing": 331000.6, "epsg_source": 22391}}, {"type": "Feature", "geometry": {"type": "Point", "coordinates": [8.9816602, 36.2772605]}, "properties": {"record_id": "oai:u-bordeaux-montaigne.fr:340435", "symbol_class": "well", "pixel_x": 5657.0, "pixel_y": 3308.0, "easting": 417470.4, "northing": 330975.0, "epsg_source": 22391}}, {"type": "Feature", "geometry": {"type": "Point", "coordinates": [8.9828179, 36.2760937]}, "properties": {"record_id": "oai:u-bordeaux-montaigne.fr:340435", "symbol_class": "well", "pixel_x": 5683.0, "pixel_y": 3337.0, "easting": 417573.2, "northing": 330844.6, "epsg_source": 22391}}, {"type": "Feature", "geometry": {"type": "Point", "coordinates": [8.9827296, 36.2755638]}, "properties": {"record_id": "oai:u-bordeaux-montaigne.fr:340435", "symbol_class": "well", "pixel_x": 5682.0, "pixel_y": 3351.0, "easting": 417564.7, "northing": 330785.9, "epsg_source": 22391}}, {"type": "Feature", "geometry": {"type": "Point", "coordinates": [8.9836051, 36.2750988]}, "properties": {"record_id": "oai:u-bordeaux-montaigne.fr:340435", "symbol_class": "well", "pixel_x": 5701.0, "pixel_y": 3362.0, "easting": 417642.8, "northing": 330733.6, "epsg_source": 22391}}, {"type": "Feature", "geometry": {"type": "Point", "coordinates": [8.9831724, 36.2750829]}, "properties": {"record_id": "oai:u-bordeaux-montaigne.fr:340435", "symbol_class": "well", "pixel_x": 5692.0, "pixel_y": 3363.0, "easting": 417604.0, "northing": 330732.2, "epsg_source": 22391}}, {"type": "Feature", "geometry": {"type": "Point", "coordinates": [8.983812, 36.2746682]}, "properties": {"record_id": "oai:u-bordeaux-montaigne.fr:340435", "symbol_class": "well", "pixel_x": 5706.0, "pixel_y": 3373.0, "easting": 417661.0, "northing": 330685.6, "epsg_source": 22391}}, {"type": "Feature", "geometry": {"type": "Point", "coordinates": [8.9834184, 36.2745358]}, "properties": {"record_id": "oai:u-bordeaux-montaigne.fr:340435", "symbol_class": "well", "pixel_x": 5698.0, "pixel_y": 3377.0, "easting": 417625.5, "northing": 330671.3, "epsg_source": 22391}}, {"type": "Feature", "geometry": {"type": "Point", "coordinates": [8.9724656, 36.2748706]}, "properties": {"record_id": "oai:u-bordeaux-montaigne.fr:340435", "symbol_class": "well", "pixel_x": 5469.0, "pixel_y": 3383.0, "easting": 416642.1, "northing": 330717.7, "epsg_source": 22391}}, {"type": "Feature", "geometry": {"type": "Point", "coordinates": [8.9721733, 36.2748093]}, "properties": {"record_id": "oai:u-bordeaux-montaigne.fr:340435", "symbol_class": "well", "pixel_x": 5463.0, "pixel_y": 3385.0, "easting": 416615.8, "northing": 330711.2, "epsg_source": 22391}}, {"type": "Feature", "geometry": {"type": "Point", "coordinates": [8.9834878, 36.2741886]}, "properties": {"record_id": "oai:u-bordeaux-montaigne.fr:340435", "symbol_class": "well", "pixel_x": 5700.0, "pixel_y": 3386.0, "easting": 417631.4, "northing": 330632.7, "epsg_source": 22391}}, {"type": "Feature", "geometry": {"type": "Point", "coordinates": [8.9831477, 36.2741298]}, "properties": {"record_id": "oai:u-bordeaux-montaigne.fr:340435", "symbol_class": "well", "pixel_x": 5693.0, "pixel_y": 3388.0, "easting": 417600.8, "northing": 330626.5, "epsg_source": 22391}}, {"type": "Feature", "geometry": {"type": "Point", "coordinates": [8.9714976, 36.2741187]}, "properties": {"record_id": "oai:u-bordeaux-montaigne.fr:340435", "symbol_class": "well", "pixel_x": 5450.0, "pixel_y": 3404.0, "easting": 416554.4, "northing": 330635.1, "epsg_source": 22391}}, {"type": "Feature", "geometry": {"type": "Point", "coordinates": [8.9829437, 36.2733386]}, "properties": {"record_id": "oai:u-bordeaux-montaigne.fr:340435", "symbol_class": "well", "pixel_x": 5690.0, "pixel_y": 3409.0, "easting": 417581.6, "northing": 330538.9, "epsg_source": 22391}}, {"type": "Feature", "geometry": {"type": "Point", "coordinates": [8.9826702, 36.2728946]}, "properties": {"record_id": "oai:u-bordeaux-montaigne.fr:340435", "symbol_class": "well", "pixel_x": 5685.0, "pixel_y": 3421.0, "easting": 417556.6, "northing": 330489.9, "epsg_source": 22391}}, {"type": "Feature", "geometry": {"type": "Point", "coordinates": [8.9838321, 36.2724148]}, "properties": {"record_id": "oai:u-bordeaux-montaigne.fr:340435", "symbol_class": "well", "pixel_x": 5710.0, "pixel_y": 3432.0, "easting": 417660.4, "northing": 330435.7, "epsg_source": 22391}}, {"type": "Feature", "geometry": {"type": "Point", "coordinates": [8.9835253, 36.2721634]}, "properties": {"record_id": "oai:u-bordeaux-montaigne.fr:340435", "symbol_class": "well", "pixel_x": 5704.0, "pixel_y": 3439.0, "easting": 417632.6, "northing": 330408.0, "epsg_source": 22391}}, {"type": "Feature", "geometry": {"type": "Point", "coordinates": [8.9838958, 36.2719916]}, "properties": {"record_id": "oai:u-bordeaux-montaigne.fr:340435", "symbol_class": "well", "pixel_x": 5712.0, "pixel_y": 3443.0, "easting": 417665.7, "northing": 330388.7, "epsg_source": 22391}}, {"type": "Feature", "geometry": {"type": "Point", "coordinates": [8.9669831, 36.2727474]}, "properties": {"record_id": "oai:u-bordeaux-montaigne.fr:340435", "symbol_class": "well", "pixel_x": 5358.0, "pixel_y": 3446.0, "easting": 416147.5, "northing": 330486.9, "epsg_source": 22391}}, {"type": "Feature", "geometry": {"type": "Point", "coordinates": [8.9836252, 36.2715856]}, "properties": {"record_id": "oai:u-bordeaux-montaigne.fr:340435", "symbol_class": "well", "pixel_x": 5707.0, "pixel_y": 3454.0, "easting": 417641.0, "northing": 330343.9, "epsg_source": 22391}}, {"type": "Feature", "geometry": {"type": "Point", "coordinates": [8.9661844, 36.2723304]}, "properties": {"record_id": "oai:u-bordeaux-montaigne.fr:340435", "symbol_class": "well", "pixel_x": 5342.0, "pixel_y": 3458.0, "easting": 416075.3, "northing": 330441.3, "epsg_source": 22391}}, {"type": "Feature", "geometry": {"type": "Point", "coordinates": [8.9838523, 36.2714212]}, "properties": {"record_id": "oai:u-bordeaux-montaigne.fr:340435", "symbol_class": "well", "pixel_x": 5712.0, "pixel_y": 3458.0, "easting": 417661.2, "northing": 330325.4, "epsg_source": 22391}}, {"type": "Feature", "geometry": {"type": "Point", "coordinates": [8.9840144, 36.2710311]}, "properties": {"record_id": "oai:u-bordeaux-montaigne.fr:340435", "symbol_class": "well", "pixel_x": 5716.0, "pixel_y": 3468.0, "easting": 417675.4, "northing": 330282.0, "epsg_source": 22391}}, {"type": "Feature", "geometry": {"type": "Point", "coordinates": [8.9845396, 36.271004]}, "properties": {"record_id": "oai:u-bordeaux-montaigne.fr:340435", "symbol_class": "well", "pixel_x": 5727.0, "pixel_y": 3468.0, "easting": 417722.5, "northing": 330278.6, "epsg_source": 22391}}, {"type": "Feature", "geometry": {"type": "Point", "coordinates": [8.9841851, 36.270755]}, "properties": {"record_id": "oai:u-bordeaux-montaigne.fr:340435", "symbol_class": "well", "pixel_x": 5720.0, "pixel_y": 3475.0, "easting": 417690.4, "northing": 330251.3, "epsg_source": 22391}}, {"type": "Feature", "geometry": {"type": "Point", "coordinates": [8.9845671, 36.2707353]}, "properties": {"record_id": "oai:u-bordeaux-montaigne.fr:340435", "symbol_class": "well", "pixel_x": 5728.0, "pixel_y": 3475.0, "easting": 417724.7, "northing": 330248.8, "epsg_source": 22391}}, {"type": "Feature", "geometry": {"type": "Point", "coordinates": [8.9846308, 36.2703121]}, "properties": {"record_id": "oai:u-bordeaux-montaigne.fr:340435", "symbol_class": "well", "pixel_x": 5730.0, "pixel_y": 3486.0, "easting": 417730.0, "northing": 330201.8, "epsg_source": 22391}}, {"type": "Feature", "geometry": {"type": "Point", "coordinates": [8.9842849, 36.2701772]}, "properties": {"record_id": "oai:u-bordeaux-montaigne.fr:340435", "symbol_class": "well", "pixel_x": 5723.0, "pixel_y": 3490.0, "easting": 417698.8, "northing": 330187.1, "epsg_source": 22391}}, {"type": "Feature", "geometry": {"type": "Point", "coordinates": [8.9847957, 36.26996]}, "properties": {"record_id": "oai:u-bordeaux-montaigne.fr:340435", "symbol_class": "well", "pixel_x": 5734.0, "pixel_y": 3495.0, "easting": 417744.4, "northing": 330162.6, "epsg_source": 22391}}, {"type": "Feature", "geometry": {"type": "Point", "coordinates": [8.9843515, 36.2697921]}, "properties": {"record_id": "oai:u-bordeaux-montaigne.fr:340435", "symbol_class": "well", "pixel_x": 5725.0, "pixel_y": 3500.0, "easting": 417704.4, "northing": 330144.3, "epsg_source": 22391}}, {"type": "Feature", "geometry": {"type": "Point", "coordinates": [8.9845699, 36.2695136]}, "properties": {"record_id": "oai:u-bordeaux-montaigne.fr:340435", "symbol_class": "well", "pixel_x": 5730.0, "pixel_y": 3507.0, "easting": 417723.7, "northing": 330113.2, "epsg_source": 22391}}, {"type": "Feature", "geometry": {"type": "Point", "coordinates": [8.9850127, 36.2690326]}, "properties": {"record_id": "oai:u-bordeaux-montaigne.fr:340435", "symbol_class": "well", "pixel_x": 5740.0, "pixel_y": 3519.0, "easting": 417763.0, "northing": 330059.5, "epsg_source": 22391}}, {"type": "Feature", "geometry": {"type": "Point", "coordinates": [8.9621767, 36.2700548]}, "properties": {"record_id": "oai:u-bordeaux-montaigne.fr:340435", "symbol_class": "well", "pixel_x": 5262.0, "pixel_y": 3523.0, "easting": 415712.9, "northing": 330192.4, "epsg_source": 22391}}, {"type": "Feature", "geometry": {"type": "Point", "coordinates": [8.9852847, 36.2688277]}, "properties": {"record_id": "oai:u-bordeaux-montaigne.fr:340435", "symbol_class": "well", "pixel_x": 5746.0, "pixel_y": 3524.0, "easting": 417787.2, "northing": 330036.6, "epsg_source": 22391}}, {"type": "Feature", "geometry": {"type": "Point", "coordinates": [8.9863901, 36.2682363]}, "properties": {"record_id": "oai:u-bordeaux-montaigne.fr:340435", "symbol_class": "well", "pixel_x": 5770.0, "pixel_y": 3538.0, "easting": 417885.9, "northing": 329970.0, "epsg_source": 22391}}, {"type": "Feature", "geometry": {"type": "Point", "coordinates": [8.9860443, 36.2681014]}, "properties": {"record_id": "oai:u-bordeaux-montaigne.fr:340435", "symbol_class": "well", "pixel_x": 5763.0, "pixel_y": 3542.0, "easting": 417854.6, "northing": 329955.4, "epsg_source": 22391}}, {"type": "Feature", "geometry": {"type": "Point", "coordinates": [8.9870412, 36.2679737]}, "properties": {"record_id": "oai:u-bordeaux-montaigne.fr:340435", "symbol_class": "well", "pixel_x": 5784.0, "pixel_y": 3544.0, "easting": 417944.1, "northing": 329940.4, "epsg_source": 22391}}, {"type": "Feature", "geometry": {"type": "Point", "coordinates": [8.9861702, 36.2678659]}, "properties": {"record_id": "oai:u-bordeaux-montaigne.fr:340435", "symbol_class": "well", "pixel_x": 5766.0, "pixel_y": 3548.0, "easting": 417865.7, "northing": 329929.1, "epsg_source": 22391}}, {"type": "Feature", "geometry": {"type": "Point", "coordinates": [8.9865521, 36.2678462]}, "properties": {"record_id": "oai:u-bordeaux-montaigne.fr:340435", "symbol_class": "well", "pixel_x": 5774.0, "pixel_y": 3548.0, "easting": 417900.0, "northing": 329926.6, "epsg_source": 22391}}, {"type": "Feature", "geometry": {"type": "Point", "coordinates": [8.9872842, 36.2673885]}, "properties": {"record_id": "oai:u-bordeaux-montaigne.fr:340435", "symbol_class": "well", "pixel_x": 5790.0, "pixel_y": 3559.0, "easting": 417965.3, "northing": 329875.2, "epsg_source": 22391}}, {"type": "Feature", "geometry": {"type": "Point", "coordinates": [8.9875056, 36.267148]}, "properties": {"record_id": "oai:u-bordeaux-montaigne.fr:340435", "symbol_class": "well", "pixel_x": 5795.0, "pixel_y": 3565.0, "easting": 417984.9, "northing": 329848.4, "epsg_source": 22391}}, {"type": "Feature", "geometry": {"type": "Point", "coordinates": [8.9879831, 36.2671234]}, "properties": {"record_id": "oai:u-bordeaux-montaigne.fr:340435", "symbol_class": "well", "pixel_x": 5805.0, "pixel_y": 3565.0, "easting": 418027.8, "northing": 329845.3, "epsg_source": 22391}}, {"type": "Feature", "geometry": {"type": "Point", "coordinates": [8.9881928, 36.2667308]}, "properties": {"record_id": "oai:u-bordeaux-montaigne.fr:340435", "symbol_class": "well", "pixel_x": 5810.0, "pixel_y": 3575.0, "easting": 418046.2, "northing": 329801.5, "epsg_source": 22391}}, {"type": "Feature", "geometry": {"type": "Point", "coordinates": [8.9878948, 36.2665935]}, "properties": {"record_id": "oai:u-bordeaux-montaigne.fr:340435", "symbol_class": "well", "pixel_x": 5804.0, "pixel_y": 3579.0, "easting": 418019.3, "northing": 329786.5, "epsg_source": 22391}}, {"type": "Feature", "geometry": {"type": "Point", "coordinates": [8.9883636, 36.2664548]}, "properties": {"record_id": "oai:u-bordeaux-montaigne.fr:340435", "symbol_class": "well", "pixel_x": 5814.0, "pixel_y": 3582.0, "easting": 418061.3, "northing": 329770.8, "epsg_source": 22391}}, {"type": "Feature", "geometry": {"type": "Point", "coordinates": [8.9879193, 36.2662868]}, "properties": {"record_id": "oai:u-bordeaux-montaigne.fr:340435", "symbol_class": "well", "pixel_x": 5805.0, "pixel_y": 3587.0, "easting": 418021.2, "northing": 329752.5, "epsg_source": 22391}}, {"type": "Feature", "geometry": {"type": "Point", "coordinates": [8.9815602, 36.2665001]}, "properties": {"record_id": "oai:u-bordeaux-montaigne.fr:340435", "symbol_class": "well", "pixel_x": 5672.0, "pixel_y": 3590.0, "easting": 417450.2, "northing": 329781.5, "epsg_source": 22391}}, {"type": "Feature", "geometry": {"type": "Point", "coordinates": [8.958764, 36.2674051]}, "properties": {"record_id": "oai:u-bordeaux-montaigne.fr:340435", "symbol_class": "well", "pixel_x": 5195.0, "pixel_y": 3597.0, "easting": 415403.6, "northing": 329901.4, "epsg_source": 22391}}, {"type": "Feature", "geometry": {"type": "Point", "coordinates": [8.9879352, 36.2658661]}, "properties": {"record_id": "oai:u-bordeaux-montaigne.fr:340435", "symbol_class": "well", "pixel_x": 5806.0, "pixel_y": 3598.0, "easting": 418022.2, "northing": 329705.8, "epsg_source": 22391}}, {"type": "Feature", "geometry": {"type": "Point", "coordinates": [8.9873304, 36.2654773]}, "properties": {"record_id": "oai:u-bordeaux-montaigne.fr:340435", "symbol_class": "well", "pixel_x": 5794.0, "pixel_y": 3609.0, "easting": 417967.4, "northing": 329663.2, "epsg_source": 22391}}, {"type": "Feature", "geometry": {"type": "Point", "coordinates": [8.9870801, 36.2653375]}, "properties": {"record_id": "oai:u-bordeaux-montaigne.fr:340435", "symbol_class": "well", "pixel_x": 5789.0, "pixel_y": 3613.0, "easting": 417944.8, "northing": 329647.9, "epsg_source": 22391}}, {"type": "Feature", "geometry": {"type": "Point", "coordinates": [8.9872927, 36.264983]}, "properties": {"record_id": "oai:u-bordeaux-montaigne.fr:340435", "symbol_class": "well", "pixel_x": 5794.0, "pixel_y": 3622.0, "easting": 417963.5, "northing": 329608.4, "epsg_source": 22391}}, {"type": "Feature", "geometry": {"type": "Point", "coordinates": [8.987216, 36.2646052]}, "properties": {"record_id": "oai:u-bordeaux-montaigne.fr:340435", "symbol_class": "well", "pixel_x": 5793.0, "pixel_y": 3632.0, "easting": 417956.3, "northing": 329566.6, "epsg_source": 22391}}, {"type": "Feature", "geometry": {"type": "Point", "coordinates": [8.9872464, 36.2643745]}, "properties": {"record_id": "oai:u-bordeaux-montaigne.fr:340435", "symbol_class": "well", "pixel_x": 5794.0, "pixel_y": 3638.0, "easting": 417958.7, "northing": 329541.0, "epsg_source": 22391}}, {"type": "Feature", "geometry": {"type": "Point", "coordinates": [8.9874619, 36.264058]}, "properties": {"record_id": "oai:u-bordeaux-montaigne.fr:340435", "symbol_class": "well", "pixel_x": 5799.0, "pixel_y": 3646.0, "easting": 417977.8, "northing": 329505.7, "epsg_source": 22391}}, {"type": "Feature", "geometry": {"type": "Point", "coordinates": [8.9872, 36.2637661]}, "properties": {"record_id": "oai:u-bordeaux-montaigne.fr:340435", "symbol_class": "well", "pixel_x": 5794.0, "pixel_y": 3654.0, "easting": 417954.0, "northing": 329473.5, "epsg_source": 22391}}, {"type": "Feature", "geometry": {"type": "Point", "coordinates": [8.9879075, 36.2636151]}, "properties": {"record_id": "oai:u-bordeaux-montaigne.fr:340435", "symbol_class": "well", "pixel_x": 5809.0, "pixel_y": 3657.0, "easting": 418017.3, "northing": 329456.2, "epsg_source": 22391}}, {"type": "Feature", "geometry": {"type": "Point", "coordinates": [8.988505, 36.2632789]}, "properties": {"record_id": "oai:u-bordeaux-montaigne.fr:340435", "symbol_class": "well", "pixel_x": 5822.0, "pixel_y": 3665.0, "easting": 418070.7, "northing": 329418.4, "epsg_source": 22391}}, {"type": "Feature", "geometry": {"type": "Point", "coordinates": [8.9880724, 36.263263]}, "properties": {"record_id": "oai:u-bordeaux-montaigne.fr:340435", "symbol_class": "well", "pixel_x": 5813.0, "pixel_y": 3666.0, "easting": 418031.8, "northing": 329417.0, "epsg_source": 22391}}, {"type": "Feature", "geometry": {"type": "Point", "coordinates": [8.9888435, 36.2626888]}, "properties": {"record_id": "oai:u-bordeaux-montaigne.fr:340435", "symbol_class": "well", "pixel_x": 5830.0, "pixel_y": 3680.0, "easting": 418100.5, "northing": 329352.6, "epsg_source": 22391}}, {"type": "Feature", "geometry": {"type": "Point", "coordinates": [8.9896768, 36.2623022]}, "properties": {"record_id": "oai:u-bordeaux-montaigne.fr:340435", "symbol_class": "well", "pixel_x": 5848.0, "pixel_y": 3689.0, "easting": 418174.9, "northing": 329309.1, "epsg_source": 22391}}, {"type": "Feature", "geometry": {"type": "Point", "coordinates": [8.9899604, 36.2622494]}, "properties": {"record_id": "oai:u-bordeaux-montaigne.fr:340435", "symbol_class": "well", "pixel_x": 5854.0, "pixel_y": 3690.0, "easting": 418200.3, "northing": 329303.0, "epsg_source": 22391}}, {"type": "Feature", "geometry": {"type": "Point", "coordinates": [8.9903814, 36.2621131]}, "properties": {"record_id": "oai:u-bordeaux-montaigne.fr:340435", "symbol_class": "well", "pixel_x": 5863.0, "pixel_y": 3693.0, "easting": 418238.0, "northing": 329287.5, "epsg_source": 22391}}, {"type": "Feature", "geometry": {"type": "Point", "coordinates": [8.989603, 36.2619624]}, "properties": {"record_id": "oai:u-bordeaux-montaigne.fr:340435", "symbol_class": "well", "pixel_x": 5847.0, "pixel_y": 3698.0, "easting": 418167.9, "northing": 329271.4, "epsg_source": 22391}}, {"type": "Feature", "geometry": {"type": "Point", "coordinates": [8.9904841, 36.2615734]}, "properties": {"record_id": "oai:u-bordeaux-montaigne.fr:340435", "symbol_class": "well", "pixel_x": 5866.0, "pixel_y": 3707.0, "easting": 418246.7, "northing": 329227.5, "epsg_source": 22391}}, {"type": "Feature", "geometry": {"type": "Point", "coordinates": [8.9477936, 36.2636921]}, "properties": {"record_id": "oai:u-bordeaux-montaigne.fr:340435", "symbol_class": "well", "pixel_x": 4972.0, "pixel_y": 3709.0, "easting": 414414.1, "northing": 329499.2, "epsg_source": 22391}}, {"type": "Feature", "geometry": {"type": "Point", "coordinates": [8.9910961, 36.2614273]}, "properties": {"record_id": "oai:u-bordeaux-montaigne.fr:340435", "symbol_class": "well", "pixel_x": 5879.0, "pixel_y": 3710.0, "easting": 418301.5, "northing": 329210.8, "epsg_source": 22391}}, {"type": "Feature", "geometry": {"type": "Point", "coordinates": [8.8009237, 36.2706692]}, "properties": {"record_id": "oai:u-bordeaux-montaigne.fr:340435", "symbol_class": "well", "pixel_x": 1897.0, "pixel_y": 3721.0, "easting": 401230.2, "northing": 330411.9, "epsg_source": 22391}}, {"type": "Feature", "geometry": {"type": "Point", "coordinates": [8.9909874, 36.2606312]}, "properties": {"record_id": "oai:u-bordeaux-montaigne.fr:340435", "symbol_class": "well", "pixel_x": 5878.0, "pixel_y": 3731.0, "easting": 418290.9, "northing": 329122.6, "epsg_source": 22391}}, {"type": "Feature", "geometry": {"type": "Point", "coordinates": [8.9913578, 36.2604594]}, "properties": {"record_id": "oai:u-bordeaux-montaigne.fr:340435", "symbol_class": "well", "pixel_x": 5886.0, "pixel_y": 3735.0, "easting": 418324.0, "northing": 329103.3, "epsg_source": 22391}}, {"type": "Feature", "geometry": {"type": "Point", "coordinates": [8.9910004, 36.2601724]}, "properties": {"record_id": "oai:u-bordeaux-montaigne.fr:340435", "symbol_class": "well", "pixel_x": 5879.0, "pixel_y": 3743.0, "easting": 418291.6, "northing": 329071.7, "epsg_source": 22391}}, {"type": "Feature", "geometry": {"type": "Point", "coordinates": [8.9915675, 36.2600668]}, "properties": {"record_id": "oai:u-bordeaux-montaigne.fr:340435", "symbol_class": "well", "pixel_x": 5891.0, "pixel_y": 3745.0, "easting": 418342.4, "northing": 329059.5, "epsg_source": 22391}}, {"type": "Feature", "geometry": {"type": "Point", "coordinates": [8.8173767, 36.2688909]}, "properties": {"record_id": "oai:u-bordeaux-montaigne.fr:340435", "symbol_class": "well", "pixel_x": 2243.0, "pixel_y": 3746.0, "easting": 402705.8, "northing": 330198.1, "epsg_source": 22391}}, {"type": "Feature", "geometry": {"type": "Point", "coordinates": [8.8170311, 36.2687556]}, "properties": {"record_id": "oai:u-bordeaux-montaigne.fr:340435", "symbol_class": "well", "pixel_x": 2236.0, "pixel_y": 3750.0, "easting": 402674.6, "northing": 330183.4, "epsg_source": 22391}}, {"type": "Feature", "geometry": {"type": "Point", "coordinates": [8.9913563, 36.2598105]}, "properties": {"record_id": "oai:u-bordeaux-montaigne.fr:340435", "symbol_class": "well", "pixel_x": 5887.0, "pixel_y": 3752.0, "easting": 418323.2, "northing": 329031.3, "epsg_source": 22391}}, {"type": "Feature", "geometry": {"type": "Point", "coordinates": [8.9930402, 36.2592654]}, "properties": {"record_id": "oai:u-bordeaux-montaigne.fr:340435", "symbol_class": "well", "pixel_x": 5923.0, "pixel_y": 3764.0, "easting": 418473.9, "northing": 328969.4, "epsg_source": 22391}}, {"type": "Feature", "geometry": {"type": "Point", "coordinates": [8.9927841, 36.2590496]}, "properties": {"record_id": "oai:u-bordeaux-montaigne.fr:340435", "symbol_class": "well", "pixel_x": 5918.0, "pixel_y": 3770.0, "easting": 418450.7, "northing": 328945.7, "epsg_source": 22391}}, {"type": "Feature", "geometry": {"type": "Point", "coordinates": [8.9937361, 36.2589623]}, "properties": {"record_id": "oai:u-bordeaux-montaigne.fr:340435", "symbol_class": "well", "pixel_x": 5938.0, "pixel_y": 3771.0, "easting": 418536.1, "northing": 328935.2, "epsg_source": 22391}}, {"type": "Feature", "geometry": {"type": "Point", "coordinates": [8.9442643, 36.2613915]}, "properties": {"record_id": "oai:u-bordeaux-montaigne.fr:340435", "symbol_class": "well", "pixel_x": 4902.0, "pixel_y": 3774.0, "easting": 414094.6, "northing": 329247.1, "epsg_source": 22391}}, {"type": "Feature", "geometry": {"type": "Point", "coordinates": [8.9932948, 36.2588324]}, "properties": {"record_id": "oai:u-bordeaux-montaigne.fr:340435", "symbol_class": "well", "pixel_x": 5929.0, "pixel_y": 3775.0, "easting": 418496.3, "northing": 328921.2, "epsg_source": 22391}}, {"type": "Feature", "geometry": {"type": "Point", "coordinates": [8.993859, 36.2586887]}, "properties": {"record_id": "oai:u-bordeaux-montaigne.fr:340435", "symbol_class": "well", "pixel_x": 5941.0, "pixel_y": 3778.0, "easting": 418546.9, "northing": 328904.8, "epsg_source": 22391}}, {"type": "Feature", "geometry": {"type": "Point", "coordinates": [8.9944232, 36.258545]}, "properties": {"record_id": "oai:u-bordeaux-montaigne.fr:340435", "symbol_class": "well", "pixel_x": 5953.0, "pixel_y": 3781.0, "easting": 418597.4, "northing": 328888.4, "epsg_source": 22391}}, {"type": "Feature", "geometry": {"type": "Point", "coordinates": [8.9947848, 36.2582591]}, "properties": {"record_id": "oai:u-bordeaux-montaigne.fr:340435", "symbol_class": "well", "pixel_x": 5961.0, "pixel_y": 3788.0, "easting": 418629.6, "northing": 328856.3, "epsg_source": 22391}}, {"type": "Feature", "geometry": {"type": "Point", "coordinates": [8.9895635, 36.2582996]}, "properties": {"record_id": "oai:u-bordeaux-montaigne.fr:340435", "symbol_class": "well", "pixel_x": 5852.0, "pixel_y": 3794.0, "easting": 418160.6, "northing": 328865.2, "epsg_source": 22391}}, {"type": "Feature", "geometry": {"type": "Point", "coordinates": [8.9949555, 36.2579831]}, "properties": {"record_id": "oai:u-bordeaux-montaigne.fr:340435", "symbol_class": "well", "pixel_x": 5965.0, "pixel_y": 3795.0, "easting": 418644.6, "northing": 328825.6, "epsg_source": 22391}}, {"type": "Feature", "geometry": {"type": "Point", "coordinates": [8.9892235, 36.2582408]}, "properties": {"record_id": "oai:u-bordeaux-montaigne.fr:340435", "symbol_class": "well", "pixel_x": 5845.0, "pixel_y": 3796.0, "easting": 418130.0, "northing": 328859.0, "epsg_source": 22391}}, {"type": "Feature", "geometry": {"type": "Point", "coordinates": [8.9951594, 36.2575144]}, "properties": {"record_id": "oai:u-bordeaux-montaigne.fr:340435", "symbol_class": "well", "pixel_x": 5970.0, "pixel_y": 3807.0, "easting": 418662.5, "northing": 328773.4, "epsg_source": 22391}}, {"type": "Feature", "geometry": {"type": "Point", "coordinates": [8.9954372, 36.2573856]}, "properties": {"record_id": "oai:u-bordeaux-montaigne.fr:340435", "symbol_class": "well", "pixel_x": 5976.0, "pixel_y": 3810.0, "easting": 418687.3, "northing": 328758.9, "epsg_source": 22391}}, {"type": "Feature", "geometry": {"type": "Point", "coordinates": [8.9896097, 36.2576482]}, "properties": {"record_id": "oai:u-bordeaux-montaigne.fr:340435", "symbol_class": "well", "pixel_x": 5854.0, "pixel_y": 3811.0, "easting": 418164.1, "northing": 328792.9, "epsg_source": 22391}}, {"type": "Feature", "geometry": {"type": "Point", "coordinates": [8.9950682, 36.2569465]}, "properties": {"record_id": "oai:u-bordeaux-montaigne.fr:340435", "symbol_class": "well", "pixel_x": 5969.0, "pixel_y": 3822.0, "easting": 418653.7, "northing": 328710.5, "epsg_source": 22391}}, {"type": "Feature", "geometry": {"type": "Point", "coordinates": [8.9952953, 36.2567821]}, "properties": {"record_id": "oai:u-bordeaux-montaigne.fr:340435", "symbol_class": "well", "pixel_x": 5974.0, "pixel_y": 3826.0, "easting": 418673.9, "northing": 328692.1, "epsg_source": 22391}}, {"type": "Feature", "geometry": {"type": "Point", "coordinates": [8.9898498, 36.257025]}, "properties": {"record_id": "oai:u-bordeaux-montaigne.fr:340435", "symbol_class": "well", "pixel_x": 5860.0, "pixel_y": 3827.0, "easting": 418185.0, "northing": 328723.6, "epsg_source": 22391}}, {"type": "Feature", "geometry": {"type": "Point", "coordinates": [8.9949524, 36.2566853]}, "properties": {"record_id": "oai:u-bordeaux-montaigne.fr:340435", "symbol_class": "well", "pixel_x": 5967.0, "pixel_y": 3829.0, "easting": 418643.0, "northing": 328681.6, "epsg_source": 22391}}, {"type": "Feature", "geometry": {"type": "Point", "coordinates": [8.9907815, 36.2566715]}, "properties": {"record_id": "oai:u-bordeaux-montaigne.fr:340435", "symbol_class": "well", "pixel_x": 5880.0, "pixel_y": 3835.0, "easting": 418268.3, "northing": 328683.6, "epsg_source": 22391}}, {"type": "Feature", "geometry": {"type": "Point", "coordinates": [8.9903937, 36.2566152]}, "properties": {"record_id": "oai:u-bordeaux-montaigne.fr:340435", "symbol_class": "well", "pixel_x": 5872.0, "pixel_y": 3837.0, "easting": 418233.4, "northing": 328677.7, "epsg_source": 22391}}, {"type": "Feature", "geometry": {"type": "Point", "coordinates": [8.9908089, 36.2564029]}, "properties": {"record_id": "oai:u-bordeaux-montaigne.fr:340435", "symbol_class": "well", "pixel_x": 5881.0, "pixel_y": 3842.0, "easting": 418270.5, "northing": 328653.8, "epsg_source": 22391}}, {"type": "Feature", "geometry": {"type": "Point", "coordinates": [8.9904574, 36.2561919]}, "properties": {"record_id": "oai:u-bordeaux-montaigne.fr:340435", "symbol_class": "well", "pixel_x": 5874.0, "pixel_y": 3848.0, "easting": 418238.7, "northing": 328630.7, "epsg_source": 22391}}, {"type": "Feature", "geometry": {"type": "Point", "coordinates": [8.990738, 36.2561011]}, "properties": {"record_id": "oai:u-bordeaux-montaigne.fr:340435", "symbol_class": "well", "pixel_x": 5880.0, "pixel_y": 3850.0, "easting": 418263.8, "northing": 328620.4, "epsg_source": 22391}}, {"type": "Feature", "geometry": {"type": "Point", "coordinates": [8.9903951, 36.2560043]}, "properties": {"record_id": "oai:u-bordeaux-montaigne.fr:340435", "symbol_class": "well", "pixel_x": 5873.0, "pixel_y": 3853.0, "easting": 418232.9, "northing": 328609.9, "epsg_source": 22391}}, {"type": "Feature", "geometry": {"type": "Point", "coordinates": [8.9902316, 36.2557455]}, "properties": {"record_id": "oai:u-bordeaux-montaigne.fr:340435", "symbol_class": "well", "pixel_x": 5870.0, "pixel_y": 3860.0, "easting": 418218.0, "northing": 328581.3, "epsg_source": 22391}}, {"type": "Feature", "geometry": {"type": "Point", "coordinates": [8.9903994, 36.2554314]}, "properties": {"record_id": "oai:u-bordeaux-montaigne.fr:340435", "symbol_class": "well", "pixel_x": 5874.0, "pixel_y": 3868.0, "easting": 418232.7, "northing": 328546.4, "epsg_source": 22391}}, {"type": "Feature", "geometry": {"type": "Point", "coordinates": [8.9904297, 36.2552008]}, "properties": {"record_id": "oai:u-bordeaux-montaigne.fr:340435", "symbol_class": "well", "pixel_x": 5875.0, "pixel_y": 3874.0, "easting": 418235.2, "northing": 328520.7, "epsg_source": 22391}}, {"type": "Feature", "geometry": {"type": "Point", "coordinates": [8.9907075, 36.2550719]}, "properties": {"record_id": "oai:u-bordeaux-montaigne.fr:340435", "symbol_class": "well", "pixel_x": 5881.0, "pixel_y": 3877.0, "easting": 418260.0, "northing": 328506.2, "epsg_source": 22391}}, {"type": "Feature", "geometry": {"type": "Point", "coordinates": [8.9905946, 36.2548487]}, "properties": {"record_id": "oai:u-bordeaux-montaigne.fr:340435", "symbol_class": "well", "pixel_x": 5879.0, "pixel_y": 3883.0, "easting": 418249.7, "northing": 328481.6, "epsg_source": 22391}}, {"type": "Feature", "geometry": {"type": "Point", "coordinates": [8.9911198, 36.2548216]}, "properties": {"record_id": "oai:u-bordeaux-montaigne.fr:340435", "symbol_class": "well", "pixel_x": 5890.0, "pixel_y": 3883.0, "easting": 418296.8, "northing": 328478.1, "epsg_source": 22391}}, {"type": "Feature", "geometry": {"type": "Point", "coordinates": [8.9927733, 36.2545072]}, "properties": {"record_id": "oai:u-bordeaux-montaigne.fr:340435", "symbol_class": "well", "pixel_x": 5925.0, "pixel_y": 3889.0, "easting": 418445.0, "northing": 328441.9, "epsg_source": 22391}}, {"type": "Feature", "geometry": {"type": "Point", "coordinates": [8.9927588, 36.2543171]}, "properties": {"record_id": "oai:u-bordeaux-montaigne.fr:340435", "symbol_class": "well", "pixel_x": 5925.0, "pixel_y": 3894.0, "easting": 418443.5, "northing": 328420.8, "epsg_source": 22391}}, {"type": "Feature", "geometry": {"type": "Point", "coordinates": [8.9930843, 36.2541857]}, "properties": {"record_id": "oai:u-bordeaux-montaigne.fr:340435", "symbol_class": "well", "pixel_x": 5932.0, "pixel_y": 3897.0, "easting": 418472.6, "northing": 328405.9, "epsg_source": 22391}}, {"type": "Feature", "geometry": {"type": "Point", "coordinates": [8.9926907, 36.2540533]}, "properties": {"record_id": "oai:u-bordeaux-montaigne.fr:340435", "symbol_class": "well", "pixel_x": 5924.0, "pixel_y": 3901.0, "easting": 418437.1, "northing": 328391.6, "epsg_source": 22391}}, {"type": "Feature", "geometry": {"type": "Point", "coordinates": [8.9923637, 36.2535357]}, "properties": {"record_id": "oai:u-bordeaux-montaigne.fr:340435", "symbol_class": "well", "pixel_x": 5918.0, "pixel_y": 3915.0, "easting": 418407.2, "northing": 328334.4, "epsg_source": 22391}}, {"type": "Feature", "geometry": {"type": "Point", "coordinates": [8.9925344, 36.2532597]}, "properties": {"record_id": "oai:u-bordeaux-montaigne.fr:340435", "symbol_class": "well", "pixel_x": 5922.0, "pixel_y": 3922.0, "easting": 418422.3, "northing": 328303.7, "epsg_source": 22391}}, {"type": "Feature", "geometry": {"type": "Point", "coordinates": [8.9920931, 36.2531298]}, "properties": {"record_id": "oai:u-bordeaux-montaigne.fr:340435", "symbol_class": "well", "pixel_x": 5913.0, "pixel_y": 3926.0, "easting": 418382.5, "northing": 328289.6, "epsg_source": 22391}}, {"type": "Feature", "geometry": {"type": "Point", "coordinates": [8.9923651, 36.2529249]}, "properties": {"record_id": "oai:u-bordeaux-montaigne.fr:340435", "symbol_class": "well", "pixel_x": 5919.0, "pixel_y": 3931.0, "easting": 418406.7, "northing": 328266.7, "epsg_source": 22391}}, {"type": "Feature", "geometry": {"type": "Point", "coordinates": [8.9992205, 36.2516927]}, "properties": {"record_id": "oai:u-bordeaux-montaigne.fr:340435", "symbol_class": "well", "pixel_x": 6064.0, "pixel_y": 3954.0, "easting": 419021.3, "northing": 328124.3, "epsg_source": 22391}}, {"type": "Feature", "geometry": {"type": "Point", "coordinates": [8.9991856, 36.2512364]}, "properties": {"record_id": "oai:u-bordeaux-montaigne.fr:340435", "symbol_class": "well", "pixel_x": 6064.0, "pixel_y": 3966.0, "easting": 419017.7, "northing": 328073.7, "epsg_source": 22391}}, {"type": "Feature", "geometry": {"type": "Point", "coordinates": [8.9899664, 36.2516361]}, "properties": {"record_id": "oai:u-bordeaux-montaigne.fr:340435", "symbol_class": "well", "pixel_x": 5871.0, "pixel_y": 3968.0, "easting": 418189.9, "northing": 328125.8, "epsg_source": 22391}}, {"type": "Feature", "geometry": {"type": "Point", "coordinates": [8.9994011, 36.2509199]}, "properties": {"record_id": "oai:u-bordeaux-montaigne.fr:340435", "symbol_class": "well", "pixel_x": 6069.0, "pixel_y": 3974.0, "easting": 419036.8, "northing": 328038.4, "epsg_source": 22391}}, {"type": "Feature", "geometry": {"type": "Point", "coordinates": [8.9991002, 36.2507446]}, "properties": {"record_id": "oai:u-bordeaux-montaigne.fr:340435", "symbol_class": "well", "pixel_x": 6063.0, "pixel_y": 3979.0, "easting": 419009.6, "northing": 328019.2, "epsg_source": 22391}}, {"type": "Feature", "geometry": {"type": "Point", "coordinates": [8.9898361, 36.2511847]}, "properties": {"record_id": "oai:u-bordeaux-montaigne.fr:340435", "symbol_class": "well", "pixel_x": 5869.0, "pixel_y": 3980.0, "easting": 418177.7, "northing": 328075.8, "epsg_source": 22391}}, {"type": "Feature", "geometry": {"type": "Point", "coordinates": [8.9907764, 36.2509453]}, "properties": {"record_id": "oai:u-bordeaux-montaigne.fr:340435", "symbol_class": "well", "pixel_x": 5889.0, "pixel_y": 3985.0, "easting": 418261.9, "northing": 328048.4, "epsg_source": 22391}}, {"type": "Feature", "geometry": {"type": "Point", "coordinates": [8.9911857, 36.250657]}, "properties": {"record_id": "oai:u-bordeaux-montaigne.fr:340435", "symbol_class": "well", "pixel_x": 5898.0, "pixel_y": 3992.0, "easting": 418298.4, "northing": 328016.1, "epsg_source": 22391}}, {"type": "Feature", "geometry": {"type": "Point", "coordinates": [8.9912609, 36.2503859]}, "properties": {"record_id": "oai:u-bordeaux-montaigne.fr:340435", "symbol_class": "well", "pixel_x": 5900.0, "pixel_y": 3999.0, "easting": 418304.9, "northing": 327986.0, "epsg_source": 22391}}, {"type": "Feature", "geometry": {"type": "Point", "coordinates": [9.0462411, 36.2473829]}, "properties": {"record_id": "oai:u-bordeaux-montaigne.fr:340435", "symbol_class": "well", "pixel_x": 7052.0, "pixel_y": 4003.0, "easting": 423241.5, "northing": 327608.2, "epsg_source": 22391}}, {"type": "Feature", "geometry": {"type": "Point", "coordinates": [8.9893296, 36.2495693]}, "properties": {"record_id": "oai:u-bordeaux-montaigne.fr:340435", "symbol_class": "well", "pixel_x": 5861.0, "pixel_y": 4023.0, "easting": 418130.5, "northing": 327897.0, "epsg_source": 22391}}, {"type": "Feature", "geometry": {"type": "Point", "coordinates": [8.9889332, 36.2493989]}, "properties": {"record_id": "oai:u-bordeaux-montaigne.fr:340435", "symbol_class": "well", "pixel_x": 5853.0, "pixel_y": 4028.0, "easting": 418094.7, "northing": 327878.5, "epsg_source": 22391}}, {"type": "Feature", "geometry": {"type": "Point", "coordinates": [8.9891545, 36.2491584]}, "properties": {"record_id": "oai:u-bordeaux-montaigne.fr:340435", "symbol_class": "well", "pixel_x": 5858.0, "pixel_y": 4034.0, "easting": 418114.4, "northing": 327851.6, "epsg_source": 22391}}, {"type": "Feature", "geometry": {"type": "Point", "coordinates": [8.9888623, 36.2490971]}, "properties": {"record_id": "oai:u-bordeaux-montaigne.fr:340435", "symbol_class": "well", "pixel_x": 5852.0, "pixel_y": 4036.0, "easting": 418088.1, "northing": 327845.1, "epsg_source": 22391}}, {"type": "Feature", "geometry": {"type": "Point", "coordinates": [9.0011045, 36.2481213]}, "properties": {"record_id": "oai:u-bordeaux-montaigne.fr:340435", "symbol_class": "well", "pixel_x": 6109.0, "pixel_y": 4045.0, "easting": 419186.9, "northing": 327726.6, "epsg_source": 22391}}, {"type": "Feature", "geometry": {"type": "Point", "coordinates": [9.0007529, 36.2479104]}, "properties": {"record_id": "oai:u-bordeaux-montaigne.fr:340435", "symbol_class": "well", "pixel_x": 6102.0, "pixel_y": 4051.0, "easting": 419155.1, "northing": 327703.5, "epsg_source": 22391}}, {"type": "Feature", "geometry": {"type": "Point", "coordinates": [9.0005862, 36.2463538]}, "properties": {"record_id": "oai:u-bordeaux-montaigne.fr:340435", "symbol_class": "well", "pixel_x": 6101.0, "pixel_y": 4092.0, "easting": 419138.6, "northing": 327531.0, "epsg_source": 22391}}, {"type": "Feature", "geometry": {"type": "Point", "coordinates": [9.0003778, 36.2461355]}, "properties": {"record_id": "oai:u-bordeaux-montaigne.fr:340435", "symbol_class": "well", "pixel_x": 6097.0, "pixel_y": 4098.0, "easting": 419119.6, "northing": 327506.9, "epsg_source": 22391}}, {"type": "Feature", "geometry": {"type": "Point", "coordinates": [9.00091, 36.2455735]}, "properties": {"record_id": "oai:u-bordeaux-montaigne.fr:340435", "symbol_class": "well", "pixel_x": 6109.0, "pixel_y": 4112.0, "easting": 419166.9, "northing": 327444.2, "epsg_source": 22391}}, {"type": "Feature", "geometry": {"type": "Point", "coordinates": [9.00057, 36.2455148]}, "properties": {"record_id": "oai:u-bordeaux-montaigne.fr:340435", "symbol_class": "well", "pixel_x": 6102.0, "pixel_y": 4114.0, "easting": 419136.3, "northing": 327437.9, "epsg_source": 22391}}, {"type": "Feature", "geometry": {"type": "Point", "coordinates": [9.0011586, 36.2450644]}, "properties": {"record_id": "oai:u-bordeaux-montaigne.fr:340435", "symbol_class": "well", "pixel_x": 6115.0, "pixel_y": 4125.0, "easting": 419188.7, "northing": 327387.5, "epsg_source": 22391}}, {"type": "Feature", "geometry": {"type": "Point", "coordinates": [8.9886058, 36.2451019]}, "properties": {"record_id": "oai:u-bordeaux-montaigne.fr:340435", "symbol_class": "well", "pixel_x": 5853.0, "pixel_y": 4141.0, "easting": 418060.9, "northing": 327402.1, "epsg_source": 22391}}, {"type": "Feature", "geometry": {"type": "Point", "coordinates": [8.9886362, 36.2448712]}, "properties": {"record_id": "oai:u-bordeaux-montaigne.fr:340435", "symbol_class": "well", "pixel_x": 5854.0, "pixel_y": 4147.0, "easting": 418063.4, "northing": 327376.5, "epsg_source": 22391}}, {"type": "Feature", "geometry": {"type": "Point", "coordinates": [8.9876091, 36.2439698]}, "properties": {"record_id": "oai:u-bordeaux-montaigne.fr:340435", "symbol_class": "well", "pixel_x": 5834.0, "pixel_y": 4172.0, "easting": 417970.1, "northing": 327277.4, "epsg_source": 22391}}, {"type": "Feature", "geometry": {"type": "Point", "coordinates": [9.0018221, 36.2430831]}, "properties": {"record_id": "oai:u-bordeaux-montaigne.fr:340435", "symbol_class": "well", "pixel_x": 6132.0, "pixel_y": 4176.0, "easting": 419246.3, "northing": 327167.2, "epsg_source": 22391}}, {"type": "Feature", "geometry": {"type": "Point", "coordinates": [8.9874485, 36.243749]}, "properties": {"record_id": "oai:u-bordeaux-montaigne.fr:340435", "symbol_class": "well", "pixel_x": 5831.0, "pixel_y": 4178.0, "easting": 417955.5, "northing": 327253.0, "epsg_source": 22391}}, {"type": "Feature", "geometry": {"type": "Point", "coordinates": [9.002091, 36.2428401]}, "properties": {"record_id": "oai:u-bordeaux-montaigne.fr:340435", "symbol_class": "well", "pixel_x": 6138.0, "pixel_y": 4182.0, "easting": 419270.2, "northing": 327140.0, "epsg_source": 22391}}, {"type": "Feature", "geometry": {"type": "Point", "coordinates": [9.0020765, 36.24265]}, "properties": {"record_id": "oai:u-bordeaux-montaigne.fr:340435", "symbol_class": "well", "pixel_x": 6138.0, "pixel_y": 4187.0, "easting": 419268.7, "northing": 327118.9, "epsg_source": 22391}}, {"type": "Feature", "geometry": {"type": "Point", "coordinates": [9.0017308, 36.2425152]}, "properties": {"record_id": "oai:u-bordeaux-montaigne.fr:340435", "symbol_class": "well", "pixel_x": 6131.0, "pixel_y": 4191.0, "easting": 419237.5, "northing": 327104.3, "epsg_source": 22391}}, {"type": "Feature", "geometry": {"type": "Point", "coordinates": [9.002062, 36.2424599]}, "properties": {"record_id": "oai:u-bordeaux-montaigne.fr:340435", "symbol_class": "well", "pixel_x": 6138.0, "pixel_y": 4192.0, "easting": 419267.2, "northing": 327097.9, "epsg_source": 22391}}, {"type": "Feature", "geometry": {"type": "Point", "coordinates": [8.9863491, 36.2431568]}, "properties": {"record_id": "oai:u-bordeaux-montaigne.fr:340435", "symbol_class": "well", "pixel_x": 5809.0, "pixel_y": 4195.0, "easting": 417856.1, "northing": 327188.3, "epsg_source": 22391}}, {"type": "Feature", "geometry": {"type": "Point", "coordinates": [8.9860092, 36.2430979]}, "properties": {"record_id": "oai:u-bordeaux-montaigne.fr:340435", "symbol_class": "well", "pixel_x": 5802.0, "pixel_y": 4197.0, "easting": 417825.5, "northing": 327182.0, "epsg_source": 22391}}, {"type": "Feature", "geometry": {"type": "Point", "coordinates": [8.9862724, 36.2427789]}, "properties": {"record_id": "oai:u-bordeaux-montaigne.fr:340435", "symbol_class": "well", "pixel_x": 5808.0, "pixel_y": 4205.0, "easting": 417848.8, "northing": 327146.4, "epsg_source": 22391}}, {"type": "Feature", "geometry": {"type": "Point", "coordinates": [9.0030063, 36.2416475]}, "properties": {"record_id": "oai:u-bordeaux-montaigne.fr:340435", "symbol_class": "well", "pixel_x": 6159.0, "pixel_y": 4212.0, "easting": 419351.2, "northing": 327007.0, "epsg_source": 22391}}, {"type": "Feature", "geometry": {"type": "Point", "coordinates": [8.9862232, 36.2421325]}, "properties": {"record_id": "oai:u-bordeaux-montaigne.fr:340435", "symbol_class": "well", "pixel_x": 5808.0, "pixel_y": 4222.0, "easting": 417843.7, "northing": 327074.8, "epsg_source": 22391}}, {"type": "Feature", "geometry": {"type": "Point", "coordinates": [9.0039303, 36.240569]}, "properties": {"record_id": "oai:u-bordeaux-montaigne.fr:340435", "symbol_class": "well", "pixel_x": 6180.0, "pixel_y": 4239.0, "easting": 419433.1, "northing": 326886.6, "epsg_source": 22391}}, {"type": "Feature", "geometry": {"type": "Point", "coordinates": [8.9874193, 36.2408492]}, "properties": {"record_id": "oai:u-bordeaux-montaigne.fr:340435", "symbol_class": "well", "pixel_x": 5835.0, "pixel_y": 4254.0, "easting": 417949.9, "northing": 326931.4, "epsg_source": 22391}}, {"type": "Feature", "geometry": {"type": "Point", "coordinates": [8.9869782, 36.2407192]}, "properties": {"record_id": "oai:u-bordeaux-montaigne.fr:340435", "symbol_class": "well", "pixel_x": 5826.0, "pixel_y": 4258.0, "easting": 417910.1, "northing": 326917.4, "epsg_source": 22391}}, {"type": "Feature", "geometry": {"type": "Point", "coordinates": [8.9877867, 36.2406393]}, "properties": {"record_id": "oai:u-bordeaux-montaigne.fr:340435", "symbol_class": "well", "pixel_x": 5843.0, "pixel_y": 4259.0, "easting": 417982.6, "northing": 326907.8, "epsg_source": 22391}}, {"type": "Feature", "geometry": {"type": "Point", "coordinates": [9.0035858, 36.2398232]}, "properties": {"record_id": "oai:u-bordeaux-montaigne.fr:340435", "symbol_class": "well", "pixel_x": 6174.0, "pixel_y": 4259.0, "easting": 419401.4, "northing": 326804.1, "epsg_source": 22391}}, {"type": "Feature", "geometry": {"type": "Point", "coordinates": [8.9873991, 36.240583]}, "properties": {"record_id": "oai:u-bordeaux-montaigne.fr:340435", "symbol_class": "well", "pixel_x": 5835.0, "pixel_y": 4261.0, "easting": 417947.8, "northing": 326901.9, "epsg_source": 22391}}, {"type": "Feature", "geometry": {"type": "Point", "coordinates": [8.9876623, 36.240264]}, "properties": {"record_id": "oai:u-bordeaux-montaigne.fr:340435", "symbol_class": "well", "pixel_x": 5841.0, "pixel_y": 4269.0, "easting": 417971.1, "northing": 326866.3, "epsg_source": 22391}}, {"type": "Feature", "geometry": {"type": "Point", "coordinates": [9.0026092, 36.2389575]}, "properties": {"record_id": "oai:u-bordeaux-montaigne.fr:340435", "symbol_class": "well", "pixel_x": 6155.0, "pixel_y": 4283.0, "easting": 419312.8, "northing": 326708.9, "epsg_source": 22391}}, {"type": "Feature", "geometry": {"type": "Point", "coordinates": [9.0023473, 36.2386656]}, "properties": {"record_id": "oai:u-bordeaux-montaigne.fr:340435", "symbol_class": "well", "pixel_x": 6150.0, "pixel_y": 4291.0, "easting": 419288.9, "northing": 326676.8, "epsg_source": 22391}}, {"type": "Feature", "geometry": {"type": "Point", "coordinates": [9.0019307, 36.2382291]}, "properties": {"record_id": "oai:u-bordeaux-montaigne.fr:340435", "symbol_class": "well", "pixel_x": 6142.0, "pixel_y": 4303.0, "easting": 419251.1, "northing": 326628.7, "epsg_source": 22391}}, {"type": "Feature", "geometry": {"type": "Point", "coordinates": [9.0057561, 36.2374967]}, "properties": {"record_id": "oai:u-bordeaux-montaigne.fr:340435", "symbol_class": "well", "pixel_x": 6223.0, "pixel_y": 4317.0, "easting": 419594.1, "northing": 326544.3, "epsg_source": 22391}}, {"type": "Feature", "geometry": {"type": "Point", "coordinates": [9.0059773, 36.2372562]}, "properties": {"record_id": "oai:u-bordeaux-montaigne.fr:340435", "symbol_class": "well", "pixel_x": 6228.0, "pixel_y": 4323.0, "easting": 419613.7, "northing": 326517.4, "epsg_source": 22391}}, {"type": "Feature", "geometry": {"type": "Point", "coordinates": [9.0074395, 36.2369515]}, "properties": {"record_id": "oai:u-bordeaux-montaigne.fr:340435", "symbol_class": "well", "pixel_x": 6259.0, "pixel_y": 4329.0, "easting": 419744.8, "northing": 326482.4, "epsg_source": 22391}}, {"type": "Feature", "geometry": {"type": "Point", "coordinates": [9.0046625, 36.2369806]}, "properties": {"record_id": "oai:u-bordeaux-montaigne.fr:340435", "symbol_class": "well", "pixel_x": 6201.0, "pixel_y": 4332.0, "easting": 419495.3, "northing": 326488.0, "epsg_source": 22391}}, {"type": "Feature", "geometry": {"type": "Point", "coordinates": [9.0071863, 36.2367737]}, "properties": {"record_id": "oai:u-bordeaux-montaigne.fr:340435", "symbol_class": "well", "pixel_x": 6254.0, "pixel_y": 4334.0, "easting": 419721.8, "northing": 326462.9, "epsg_source": 22391}}, {"type": "Feature", "geometry": {"type": "Point", "coordinates": [9.0041113, 36.2366656]}, "properties": {"record_id": "oai:u-bordeaux-montaigne.fr:340435", "symbol_class": "well", "pixel_x": 6190.0, "pixel_y": 4341.0, "easting": 419445.4, "northing": 326453.5, "epsg_source": 22391}}, {"type": "Feature", "geometry": {"type": "Point", "coordinates": [9.0045351, 36.2365673]}, "properties": {"record_id": "oai:u-bordeaux-montaigne.fr:340435", "symbol_class": "well", "pixel_x": 6199.0, "pixel_y": 4343.0, "easting": 419483.4, "northing": 326442.2, "epsg_source": 22391}}, {"type": "Feature", "geometry": {"type": "Point", "coordinates": [8.9891011, 36.2371356]}, "properties": {"record_id": "oai:u-bordeaux-montaigne.fr:340435", "symbol_class": "well", "pixel_x": 5876.0, "pixel_y": 4349.0, "easting": 418097.1, "northing": 326518.1, "epsg_source": 22391}}, {"type": "Feature", "geometry": {"type": "Point", "coordinates": [8.895865, 36.2417195]}, "properties": {"record_id": "oai:u-bordeaux-montaigne.fr:340435", "symbol_class": "well", "pixel_x": 3923.0, "pixel_y": 4354.0, "easting": 409724.5, "northing": 327108.8, "epsg_source": 22391}}, {"type": "Feature", "geometry": {"type": "Point", "coordinates": [9.0071282, 36.2360132]}, "properties": {"record_id": "oai:u-bordeaux-montaigne.fr:340435", "symbol_class": "well", "pixel_x": 6254.0, "pixel_y": 4354.0, "easting": 419715.8, "northing": 326378.6, "epsg_source": 22391}}, {"type": "Feature", "geometry": {"type": "Point", "coordinates": [9.0032, 36.2360255]}, "properties": {"record_id": "oai:u-bordeaux-montaigne.fr:340435", "symbol_class": "well", "pixel_x": 6172.0, "pixel_y": 4359.0, "easting": 419362.9, "northing": 326383.2, "epsg_source": 22391}}, {"type": "Feature", "geometry": {"type": "Point", "coordinates": [9.0072959, 36.2356991]}, "properties": {"record_id": "oai:u-bordeaux-montaigne.fr:340435", "symbol_class": "well", "pixel_x": 6258.0, "pixel_y": 4362.0, "easting": 419730.6, "northing": 326343.6, "epsg_source": 22391}}, {"type": "Feature", "geometry": {"type": "Point", "coordinates": [9.0034241, 36.2358231]}, "properties": {"record_id": "oai:u-bordeaux-montaigne.fr:340435", "symbol_class": "well", "pixel_x": 6177.0, "pixel_y": 4364.0, "easting": 419382.8, "northing": 326360.6, "epsg_source": 22391}}, {"type": "Feature", "geometry": {"type": "Point", "coordinates": [9.0069531, 36.2356023]}, "properties": {"record_id": "oai:u-bordeaux-montaigne.fr:340435", "symbol_class": "well", "pixel_x": 6251.0, "pixel_y": 4365.0, "easting": 419699.7, "northing": 326333.2, "epsg_source": 22391}}, {"type": "Feature", "geometry": {"type": "Point", "coordinates": [8.9893267, 36.2363223]}, "properties": {"record_id": "oai:u-bordeaux-montaigne.fr:340435", "symbol_class": "well", "pixel_x": 5882.0, "pixel_y": 4370.0, "easting": 418116.5, "northing": 326427.7, "epsg_source": 22391}}, {"type": "Feature", "geometry": {"type": "Point", "coordinates": [9.0071627, 36.2352097]}, "properties": {"record_id": "oai:u-bordeaux-montaigne.fr:340435", "symbol_class": "well", "pixel_x": 6256.0, "pixel_y": 4375.0, "easting": 419718.1, "northing": 326289.5, "epsg_source": 22391}}, {"type": "Feature", "geometry": {"type": "Point", "coordinates": [9.0068257, 36.235189]}, "properties": {"record_id": "oai:u-bordeaux-montaigne.fr:340435", "symbol_class": "well", "pixel_x": 6249.0, "pixel_y": 4376.0, "easting": 419687.8, "northing": 326287.4, "epsg_source": 22391}}, {"type": "Feature", "geometry": {"type": "Point", "coordinates": [8.9895421, 36.2360058]}, "properties": {"record_id": "oai:u-bordeaux-montaigne.fr:340435", "symbol_class": "well", "pixel_x": 5887.0, "pixel_y": 4378.0, "easting": 418135.6, "northing": 326392.4, "epsg_source": 22391}}, {"type": "Feature", "geometry": {"type": "Point", "coordinates": [8.9891993, 36.2359089]}, "properties": {"record_id": "oai:u-bordeaux-montaigne.fr:340435", "symbol_class": "well", "pixel_x": 5880.0, "pixel_y": 4381.0, "easting": 418104.7, "northing": 326382.0, "epsg_source": 22391}}, {"type": "Feature", "geometry": {"type": "Point", "coordinates": [9.0073042, 36.2345534]}, "properties": {"record_id": "oai:u-bordeaux-montaigne.fr:340435", "symbol_class": "well", "pixel_x": 6260.0, "pixel_y": 4392.0, "easting": 419730.2, "northing": 326216.5, "epsg_source": 22391}}, {"type": "Feature", "geometry": {"type": "Point", "coordinates": [9.0069556, 36.2343805]}, "properties": {"record_id": "oai:u-bordeaux-montaigne.fr:340435", "symbol_class": "well", "pixel_x": 6253.0, "pixel_y": 4397.0, "easting": 419698.7, "northing": 326197.7, "epsg_source": 22391}}, {"type": "Feature", "geometry": {"type": "Point", "coordinates": [8.9892455, 36.2352576]}, "properties": {"record_id": "oai:u-bordeaux-montaigne.fr:340435", "symbol_class": "well", "pixel_x": 5882.0, "pixel_y": 4398.0, "easting": 418108.2, "northing": 326309.7, "epsg_source": 22391}}, {"type": "Feature", "geometry": {"type": "Point", "coordinates": [8.9889476, 36.2351202]}, "properties": {"record_id": "oai:u-bordeaux-montaigne.fr:340435", "symbol_class": "well", "pixel_x": 5876.0, "pixel_y": 4402.0, "easting": 418081.2, "northing": 326294.7, "epsg_source": 22391}}, {"type": "Feature", "geometry": {"type": "Point", "coordinates": [8.9892498, 36.2346847]}, "properties": {"record_id": "oai:u-bordeaux-montaigne.fr:340435", "symbol_class": "well", "pixel_x": 5883.0, "pixel_y": 4413.0, "easting": 418107.9, "northing": 326246.1, "epsg_source": 22391}}, {"type": "Feature", "geometry": {"type": "Point", "coordinates": [8.9889967, 36.2345069]}, "properties": {"record_id": "oai:u-bordeaux-montaigne.fr:340435", "symbol_class": "well", "pixel_x": 5878.0, "pixel_y": 4418.0, "easting": 418085.0, "northing": 326226.6, "epsg_source": 22391}}, {"type": "Feature", "geometry": {"type": "Point", "coordinates": [8.9892989, 36.2340713]}, "properties": {"record_id": "oai:u-bordeaux-montaigne.fr:340435", "symbol_class": "well", "pixel_x": 5885.0, "pixel_y": 4429.0, "easting": 418111.7, "northing": 326178.0, "epsg_source": 22391}}, {"type": "Feature", "geometry": {"type": "Point", "coordinates": [8.9890458, 36.2338935]}, "properties": {"record_id": "oai:u-bordeaux-montaigne.fr:340435", "symbol_class": "well", "pixel_x": 5880.0, "pixel_y": 4434.0, "easting": 418088.8, "northing": 326158.5, "epsg_source": 22391}}, {"type": "Feature", "geometry": {"type": "Point", "coordinates": [9.0965818, 36.2272269]}, "properties": {"record_id": "oai:u-bordeaux-montaigne.fr:340435", "symbol_class": "well", "pixel_x": 8135.0, "pixel_y": 4462.0, "easting": 427746.0, "northing": 325334.1, "epsg_source": 22391}}, {"type": "Feature", "geometry": {"type": "Point", "coordinates": [9.0967998, 36.2269482]}, "properties": {"record_id": "oai:u-bordeaux-montaigne.fr:340435", "symbol_class": "well", "pixel_x": 8140.0, "pixel_y": 4469.0, "easting": 427765.3, "northing": 325303.0, "epsg_source": 22391}}, {"type": "Feature", "geometry": {"type": "Point", "coordinates": [9.0967491, 36.2269127]}, "properties": {"record_id": "oai:u-bordeaux-montaigne.fr:340435", "symbol_class": "well", "pixel_x": 8139.0, "pixel_y": 4470.0, "easting": 427760.7, "northing": 325299.1, "epsg_source": 22391}}, {"type": "Feature", "geometry": {"type": "Point", "coordinates": [8.9889661, 36.2322179]}, "properties": {"record_id": "oai:u-bordeaux-montaigne.fr:340435", "symbol_class": "well", "pixel_x": 5881.0, "pixel_y": 4478.0, "easting": 418079.9, "northing": 325972.7, "epsg_source": 22391}}, {"type": "Feature", "geometry": {"type": "Point", "coordinates": [8.9859606, 36.2305023]}, "properties": {"record_id": "oai:u-bordeaux-montaigne.fr:340435", "symbol_class": "well", "pixel_x": 5821.0, "pixel_y": 4527.0, "easting": 417808.0, "northing": 325785.0, "epsg_source": 22391}}, {"type": "Feature", "geometry": {"type": "Point", "coordinates": [8.9862918, 36.230447]}, "properties": {"record_id": "oai:u-bordeaux-montaigne.fr:340435", "symbol_class": "well", "pixel_x": 5828.0, "pixel_y": 4528.0, "easting": 417837.7, "northing": 325778.6, "epsg_source": 22391}}, {"type": "Feature", "geometry": {"type": "Point", "coordinates": [8.9862686, 36.2301428]}, "properties": {"record_id": "oai:u-bordeaux-montaigne.fr:340435", "symbol_class": "well", "pixel_x": 5828.0, "pixel_y": 4536.0, "easting": 417835.3, "northing": 325744.8, "epsg_source": 22391}}, {"type": "Feature", "geometry": {"type": "Point", "coordinates": [8.9856248, 36.227351]}, "properties": {"record_id": "oai:u-bordeaux-montaigne.fr:340435", "symbol_class": "well", "pixel_x": 5819.0, "pixel_y": 4610.0, "easting": 417774.6, "northing": 325435.7, "epsg_source": 22391}}, {"type": "Feature", "geometry": {"type": "Point", "coordinates": [8.9858793, 36.2269179]}, "properties": {"record_id": "oai:u-bordeaux-montaigne.fr:340435", "symbol_class": "well", "pixel_x": 5825.0, "pixel_y": 4621.0, "easting": 417797.0, "northing": 325387.5, "epsg_source": 22391}}, {"type": "Feature", "geometry": {"type": "Point", "coordinates": [9.0982667, 36.2205334]}, "properties": {"record_id": "oai:u-bordeaux-montaigne.fr:340435", "symbol_class": "well", "pixel_x": 8181.0, "pixel_y": 4635.0, "easting": 427891.3, "northing": 324590.4, "epsg_source": 22391}}, {"type": "Feature", "geometry": {"type": "Point", "coordinates": [9.0986007, 36.2205159]}, "properties": {"record_id": "oai:u-bordeaux-montaigne.fr:340435", "symbol_class": "well", "pixel_x": 8188.0, "pixel_y": 4635.0, "easting": 427921.3, "northing": 324588.2, "epsg_source": 22391}}, {"type": "Feature", "geometry": {"type": "Point", "coordinates": [9.0154453, 36.224473]}, "properties": {"record_id": "oai:u-bordeaux-montaigne.fr:340435", "symbol_class": "well", "pixel_x": 6446.0, "pixel_y": 4645.0, "easting": 420451.6, "northing": 325091.8, "epsg_source": 22391}}, {"type": "Feature", "geometry": {"type": "Point", "coordinates": [9.0958991, 36.220276]}, "properties": {"record_id": "oai:u-bordeaux-montaigne.fr:340435", "symbol_class": "well", "pixel_x": 8132.0, "pixel_y": 4645.0, "easting": 427678.3, "northing": 324563.6, "epsg_source": 22391}}, {"type": "Feature", "geometry": {"type": "Point", "coordinates": [9.099621, 36.2200805]}, "properties": {"record_id": "oai:u-bordeaux-montaigne.fr:340435", "symbol_class": "well", "pixel_x": 8210.0, "pixel_y": 4645.0, "easting": 428012.6, "northing": 324539.2, "epsg_source": 22391}}, {"type": "Feature", "geometry": {"type": "Point", "coordinates": [9.0996063, 36.2198904]}, "properties": {"record_id": "oai:u-bordeaux-montaigne.fr:340435", "symbol_class": "well", "pixel_x": 8210.0, "pixel_y": 4650.0, "easting": 428011.1, "northing": 324518.1, "epsg_source": 22391}}, {"type": "Feature", "geometry": {"type": "Point", "coordinates": [9.0200364, 36.2237386]}, "properties": {"record_id": "oai:u-bordeaux-montaigne.fr:340435", "symbol_class": "well", "pixel_x": 6543.0, "pixel_y": 4658.0, "easting": 420863.5, "northing": 325006.6, "epsg_source": 22391}}, {"type": "Feature", "geometry": {"type": "Point", "coordinates": [9.0946355, 36.219426]}, "properties": {"record_id": "oai:u-bordeaux-montaigne.fr:340435", "symbol_class": "well", "pixel_x": 8107.0, "pixel_y": 4669.0, "easting": 427563.9, "northing": 324470.3, "epsg_source": 22391}}, {"type": "Feature", "geometry": {"type": "Point", "coordinates": [9.0950143, 36.2193679]}, "properties": {"record_id": "oai:u-bordeaux-montaigne.fr:340435", "symbol_class": "well", "pixel_x": 8115.0, "pixel_y": 4670.0, "easting": 427597.9, "northing": 324463.5, "epsg_source": 22391}}, {"type": "Feature", "geometry": {"type": "Point", "coordinates": [9.0948028, 36.2191118]}, "properties": {"record_id": "oai:u-bordeaux-montaigne.fr:340435", "symbol_class": "well", "pixel_x": 8111.0, "pixel_y": 4677.0, "easting": 427578.7, "northing": 324435.3, "epsg_source": 22391}}, {"type": "Feature", "geometry": {"type": "Point", "coordinates": [9.0240647, 36.222537]}, "properties": {"record_id": "oai:u-bordeaux-montaigne.fr:340435", "symbol_class": "well", "pixel_x": 6629.0, "pixel_y": 4684.0, "easting": 421224.3, "northing": 324870.0, "epsg_source": 22391}}, {"type": "Feature", "geometry": {"type": "Point", "coordinates": [9.0930738, 36.2184389]}, "properties": {"record_id": "oai:u-bordeaux-montaigne.fr:340435", "symbol_class": "well", "pixel_x": 8076.0, "pixel_y": 4697.0, "easting": 427422.6, "northing": 324361.9, "epsg_source": 22391}}, {"type": "Feature", "geometry": {"type": "Point", "coordinates": [9.0874764, 36.2185417]}, "properties": {"record_id": "oai:u-bordeaux-montaigne.fr:340435", "symbol_class": "well", "pixel_x": 7959.0, "pixel_y": 4702.0, "easting": 426919.6, "northing": 324377.5, "epsg_source": 22391}}, {"type": "Feature", "geometry": {"type": "Point", "coordinates": [9.0927251, 36.2182664]}, "properties": {"record_id": "oai:u-bordeaux-montaigne.fr:340435", "symbol_class": "well", "pixel_x": 8069.0, "pixel_y": 4702.0, "easting": 427391.1, "northing": 324343.1, "epsg_source": 22391}}, {"type": "Feature", "geometry": {"type": "Point", "coordinates": [9.0921496, 36.2182584]}, "properties": {"record_id": "oai:u-bordeaux-montaigne.fr:340435", "symbol_class": "well", "pixel_x": 8057.0, "pixel_y": 4703.0, "easting": 427339.4, "northing": 324342.6, "epsg_source": 22391}}, {"type": "Feature", "geometry": {"type": "Point", "coordinates": [9.0896177, 36.218353]}, "properties": {"record_id": "oai:u-bordeaux-montaigne.fr:340435", "symbol_class": "well", "pixel_x": 8004.0, "pixel_y": 4704.0, "easting": 427111.9, "northing": 324355.0, "epsg_source": 22391}}, {"type": "Feature", "geometry": {"type": "Point", "coordinates": [9.089904, 36.218338]}, "properties": {"record_id": "oai:u-bordeaux-montaigne.fr:340435", "symbol_class": "well", "pixel_x": 8010.0, "pixel_y": 4704.0, "easting": 427137.6, "northing": 324353.1, "epsg_source": 22391}}, {"type": "Feature", "geometry": {"type": "Point", "coordinates": [9.0856485, 36.2184466]}, "properties": {"record_id": "oai:u-bordeaux-montaigne.fr:340435", "symbol_class": "well", "pixel_x": 7921.0, "pixel_y": 4707.0, "easting": 426755.3, "northing": 324368.3, "epsg_source": 22391}}, {"type": "Feature", "geometry": {"type": "Point", "coordinates": [9.0930444, 36.2180587]}, "properties": {"record_id": "oai:u-bordeaux-montaigne.fr:340435", "symbol_class": "well", "pixel_x": 8076.0, "pixel_y": 4707.0, "easting": 427419.6, "northing": 324319.8, "epsg_source": 22391}}, {"type": "Feature", "geometry": {"type": "Point", "coordinates": [9.0942313, 36.21792]}, "properties": {"record_id": "oai:u-bordeaux-montaigne.fr:340435", "symbol_class": "well", "pixel_x": 8101.0, "pixel_y": 4709.0, "easting": 427526.2, "northing": 324303.5, "epsg_source": 22391}}, {"type": "Feature", "geometry": {"type": "Point", "coordinates": [9.0918426, 36.2180072]}, "properties": {"record_id": "oai:u-bordeaux-montaigne.fr:340435", "symbol_class": "well", "pixel_x": 8051.0, "pixel_y": 4710.0, "easting": 427311.6, "northing": 324315.0, "epsg_source": 22391}}, {"type": "Feature", "geometry": {"type": "Point", "coordinates": [9.0897402, 36.2180793]}, "properties": {"record_id": "oai:u-bordeaux-montaigne.fr:340435", "symbol_class": "well", "pixel_x": 8007.0, "pixel_y": 4711.0, "easting": 427122.7, "northing": 324324.5, "epsg_source": 22391}}, {"type": "Feature", "geometry": {"type": "Point", "coordinates": [9.0902174, 36.2180543]}, "properties": {"record_id": "oai:u-bordeaux-montaigne.fr:340435", "symbol_class": "well", "pixel_x": 8017.0, "pixel_y": 4711.0, "easting": 427165.6, "northing": 324321.4, "epsg_source": 22391}}, {"type": "Feature", "geometry": {"type": "Point", "coordinates": [9.0853387, 36.2181574]}, "properties": {"record_id": "oai:u-bordeaux-montaigne.fr:340435", "symbol_class": "well", "pixel_x": 7915.0, "pixel_y": 4715.0, "easting": 426727.2, "northing": 324336.5, "epsg_source": 22391}}, {"type": "Feature", "geometry": {"type": "Point", "coordinates": [9.0856727, 36.2181399]}, "properties": {"record_id": "oai:u-bordeaux-montaigne.fr:340435", "symbol_class": "well", "pixel_x": 7922.0, "pixel_y": 4715.0, "easting": 426757.2, "northing": 324334.3, "epsg_source": 22391}}, {"type": "Feature", "geometry": {"type": "Point", "coordinates": [9.0849063, 36.2181419]}, "properties": {"record_id": "oai:u-bordeaux-montaigne.fr:340435", "symbol_class": "well", "pixel_x": 7906.0, "pixel_y": 4716.0, "easting": 426688.3, "northing": 324335.1, "epsg_source": 22391}}, {"type": "Feature", "geometry": {"type": "Point", "coordinates": [9.0846141, 36.2180809]}, "properties": {"record_id": "oai:u-bordeaux-montaigne.fr:340435", "symbol_class": "well", "pixel_x": 7900.0, "pixel_y": 4718.0, "easting": 426662.0, "northing": 324328.6, "epsg_source": 22391}}, {"type": "Feature", "geometry": {"type": "Point", "coordinates": [9.0269661, 36.221012]}, "properties": {"record_id": "oai:u-bordeaux-montaigne.fr:340435", "symbol_class": "well", "pixel_x": 6692.0, "pixel_y": 4720.0, "easting": 421483.5, "northing": 324698.5, "epsg_source": 22391}}, {"type": "Feature", "geometry": {"type": "Point", "coordinates": [9.0849305, 36.2178352]}, "properties": {"record_id": "oai:u-bordeaux-montaigne.fr:340435", "symbol_class": "well", "pixel_x": 7907.0, "pixel_y": 4724.0, "easting": 426690.2, "northing": 324301.1, "epsg_source": 22391}}, {"type": "Feature", "geometry": {"type": "Point", "coordinates": [9.085688, 36.2177192]}, "properties": {"record_id": "oai:u-bordeaux-montaigne.fr:340435", "symbol_class": "well", "pixel_x": 7923.0, "pixel_y": 4726.0, "easting": 426758.1, "northing": 324287.6, "epsg_source": 22391}}, {"type": "Feature", "geometry": {"type": "Point", "coordinates": [9.0493702, 36.2195411]}, "properties": {"record_id": "oai:u-bordeaux-montaigne.fr:340435", "symbol_class": "well", "pixel_x": 7162.0, "pixel_y": 4728.0, "easting": 423495.7, "northing": 324517.6, "epsg_source": 22391}}, {"type": "Feature", "geometry": {"type": "Point", "coordinates": [9.0852975, 36.2176251]}, "properties": {"record_id": "oai:u-bordeaux-montaigne.fr:340435", "symbol_class": "well", "pixel_x": 7915.0, "pixel_y": 4729.0, "easting": 426723.0, "northing": 324277.5, "epsg_source": 22391}}, {"type": "Feature", "geometry": {"type": "Point", "coordinates": [9.0269264, 36.2198687]}, "properties": {"record_id": "oai:u-bordeaux-montaigne.fr:340435", "symbol_class": "well", "pixel_x": 6693.0, "pixel_y": 4750.0, "easting": 421478.8, "northing": 324571.8, "epsg_source": 22391}}, {"type": "Feature", "geometry": {"type": "Point", "coordinates": [9.0275176, 36.2194563]}, "properties": {"record_id": "oai:u-bordeaux-montaigne.fr:340435", "symbol_class": "well", "pixel_x": 6706.0, "pixel_y": 4760.0, "easting": 421531.5, "northing": 324525.5, "epsg_source": 22391}}, {"type": "Feature", "geometry": {"type": "Point", "coordinates": [9.0397488, 36.2184005]}, "properties": {"record_id": "oai:u-bordeaux-montaigne.fr:340435", "symbol_class": "well", "pixel_x": 6963.0, "pixel_y": 4771.0, "easting": 422629.8, "northing": 324398.7, "epsg_source": 22391}}, {"type": "Feature", "geometry": {"type": "Point", "coordinates": [9.0383621, 36.2184344]}, "properties": {"record_id": "oai:u-bordeaux-montaigne.fr:340435", "symbol_class": "well", "pixel_x": 6934.0, "pixel_y": 4772.0, "easting": 422505.2, "northing": 324403.5, "epsg_source": 22391}}, {"type": "Feature", "geometry": {"type": "Point", "coordinates": [9.0305638, 36.2185726]}, "properties": {"record_id": "oai:u-bordeaux-montaigne.fr:340435", "symbol_class": "well", "pixel_x": 6771.0, "pixel_y": 4779.0, "easting": 421804.5, "northing": 324425.1, "epsg_source": 22391}}, {"type": "Feature", "geometry": {"type": "Point", "coordinates": [9.0309426, 36.2185148]}, "properties": {"record_id": "oai:u-bordeaux-montaigne.fr:340435", "symbol_class": "well", "pixel_x": 6779.0, "pixel_y": 4780.0, "easting": 421838.5, "northing": 324418.4, "epsg_source": 22391}}, {"type": "Feature", "geometry": {"type": "Point", "coordinates": [9.0311812, 36.2185024]}, "properties": {"record_id": "oai:u-bordeaux-montaigne.fr:340435", "symbol_class": "well", "pixel_x": 6784.0, "pixel_y": 4780.0, "easting": 421859.9, "northing": 324416.8, "epsg_source": 22391}}, {"type": "Feature", "geometry": {"type": "Point", "coordinates": [9.0357591, 36.2182262]}, "properties": {"record_id": "oai:u-bordeaux-montaigne.fr:340435", "symbol_class": "well", "pixel_x": 6880.0, "pixel_y": 4781.0, "easting": 422271.1, "northing": 324382.5, "epsg_source": 22391}}, {"type": "Feature", "geometry": {"type": "Point", "coordinates": [9.0400059, 36.2180053]}, "properties": {"record_id": "oai:u-bordeaux-montaigne.fr:340435", "symbol_class": "well", "pixel_x": 6969.0, "pixel_y": 4781.0, "easting": 422652.5, "northing": 324354.6, "epsg_source": 22391}}, {"type": "Feature", "geometry": {"type": "Point", "coordinates": [9.0348944, 36.2181948]}, "properties": {"record_id": "oai:u-bordeaux-montaigne.fr:340435", "symbol_class": "well", "pixel_x": 6862.0, "pixel_y": 4783.0, "easting": 422193.3, "northing": 324379.7, "epsg_source": 22391}}, {"type": "Feature", "geometry": {"type": "Point", "coordinates": [9.0308774, 36.2182891]}, "properties": {"record_id": "oai:u-bordeaux-montaigne.fr:340435", "symbol_class": "well", "pixel_x": 6778.0, "pixel_y": 4786.0, "easting": 421832.4, "northing": 324393.4, "epsg_source": 22391}}, {"type": "Feature", "geometry": {"type": "Point", "coordinates": [9.0312114, 36.2182717]}, "properties": {"record_id": "oai:u-bordeaux-montaigne.fr:340435", "symbol_class": "well", "pixel_x": 6785.0, "pixel_y": 4786.0, "easting": 421862.4, "northing": 324391.2, "epsg_source": 22391}}, {"type": "Feature", "geometry": {"type": "Point", "coordinates": [9.0339313, 36.2181304]}, "properties": {"record_id": "oai:u-bordeaux-montaigne.fr:340435", "symbol_class": "well", "pixel_x": 6842.0, "pixel_y": 4786.0, "easting": 422106.7, "northing": 324373.3, "epsg_source": 22391}}, {"type": "Feature", "geometry": {"type": "Point", "coordinates": [9.034313, 36.2181105]}, "properties": {"record_id": "oai:u-bordeaux-montaigne.fr:340435", "symbol_class": "well", "pixel_x": 6850.0, "pixel_y": 4786.0, "easting": 422141.0, "northing": 324370.8, "epsg_source": 22391}}, {"type": "Feature", "geometry": {"type": "Point", "coordinates": [9.0354582, 36.218051]}, "properties": {"record_id": "oai:u-bordeaux-montaigne.fr:340435", "symbol_class": "well", "pixel_x": 6874.0, "pixel_y": 4786.0, "easting": 422243.9, "northing": 324363.3, "epsg_source": 22391}}, {"type": "Feature", "geometry": {"type": "Point", "coordinates": [9.0402747, 36.2177623]}, "properties": {"record_id": "oai:u-bordeaux-montaigne.fr:340435", "symbol_class": "well", "pixel_x": 6975.0, "pixel_y": 4787.0, "easting": 422676.5, "northing": 324327.5, "epsg_source": 22391}}, {"type": "Feature", "geometry": {"type": "Point", "coordinates": [9.040153, 36.217425]}, "properties": {"record_id": "oai:u-bordeaux-montaigne.fr:340435", "symbol_class": "well", "pixel_x": 6973.0, "pixel_y": 4796.0, "easting": 422665.2, "northing": 324290.1, "epsg_source": 22391}}, {"type": "Feature", "geometry": {"type": "Point", "coordinates": [9.0401413, 36.2172729]}, "properties": {"record_id": "oai:u-bordeaux-montaigne.fr:340435", "symbol_class": "well", "pixel_x": 6973.0, "pixel_y": 4800.0, "easting": 422664.0, "northing": 324273.3, "epsg_source": 22391}}, {"type": "Feature", "geometry": {"type": "Point", "coordinates": [9.0403175, 36.2170728]}, "properties": {"record_id": "oai:u-bordeaux-montaigne.fr:340435", "symbol_class": "well", "pixel_x": 6977.0, "pixel_y": 4805.0, "easting": 422679.6, "northing": 324251.0, "epsg_source": 22391}}, {"type": "Feature", "geometry": {"type": "Point", "coordinates": [8.8405831, 36.2270712]}, "properties": {"record_id": "oai:u-bordeaux-montaigne.fr:340435", "symbol_class": "well", "pixel_x": 2792.0, "pixel_y": 4811.0, "easting": 404739.7, "northing": 325536.7, "epsg_source": 22391}}, {"type": "Feature", "geometry": {"type": "Point", "coordinates": [9.0590362, 36.2144174]}, "properties": {"record_id": "oai:u-bordeaux-montaigne.fr:340435", "symbol_class": "well", "pixel_x": 7372.0, "pixel_y": 4849.0, "easting": 424359.5, "northing": 323941.7, "epsg_source": 22391}}, {"type": "Feature", "geometry": {"type": "Point", "coordinates": [9.0638913, 36.2140111]}, "properties": {"record_id": "oai:u-bordeaux-montaigne.fr:340435", "symbol_class": "well", "pixel_x": 7474.0, "pixel_y": 4853.0, "easting": 424795.5, "northing": 323892.9, "epsg_source": 22391}}, {"type": "Feature", "geometry": {"type": "Point", "coordinates": [9.0348908, 36.2150263]}, "properties": {"record_id": "oai:u-bordeaux-montaigne.fr:340435", "symbol_class": "well", "pixel_x": 6867.0, "pixel_y": 4866.0, "easting": 422189.9, "northing": 324028.3, "epsg_source": 22391}}, {"type": "Feature", "geometry": {"type": "Point", "coordinates": [8.9801568, 36.2178216]}, "properties": {"record_id": "oai:u-bordeaux-montaigne.fr:340435", "symbol_class": "well", "pixel_x": 5720.0, "pixel_y": 4867.0, "easting": 417273.2, "northing": 324383.4, "epsg_source": 22391}}, {"type": "Feature", "geometry": {"type": "Point", "coordinates": [9.0666059, 36.2131821]}, "properties": {"record_id": "oai:u-bordeaux-montaigne.fr:340435", "symbol_class": "well", "pixel_x": 7532.0, "pixel_y": 4871.0, "easting": 425038.8, "northing": 323798.9, "epsg_source": 22391}}, {"type": "Feature", "geometry": {"type": "Point", "coordinates": [8.9804706, 36.2175382]}, "properties": {"record_id": "oai:u-bordeaux-montaigne.fr:340435", "symbol_class": "well", "pixel_x": 5727.0, "pixel_y": 4874.0, "easting": 417301.1, "northing": 324351.7, "epsg_source": 22391}}, {"type": "Feature", "geometry": {"type": "Point", "coordinates": [9.0663049, 36.2130069]}, "properties": {"record_id": "oai:u-bordeaux-montaigne.fr:340435", "symbol_class": "well", "pixel_x": 7526.0, "pixel_y": 4876.0, "easting": 425011.5, "northing": 323779.7, "epsg_source": 22391}}, {"type": "Feature", "geometry": {"type": "Point", "coordinates": [8.9801727, 36.2174009]}, "properties": {"record_id": "oai:u-bordeaux-montaigne.fr:340435", "symbol_class": "well", "pixel_x": 5721.0, "pixel_y": 4878.0, "easting": 417274.2, "northing": 324336.7, "epsg_source": 22391}}, {"type": "Feature", "geometry": {"type": "Point", "coordinates": [9.0551389, 36.21233]}, "properties": {"record_id": "oai:u-bordeaux-montaigne.fr:340435", "symbol_class": "well", "pixel_x": 7294.0, "pixel_y": 4909.0, "easting": 424007.2, "northing": 323713.2, "epsg_source": 22391}}, {"type": "Feature", "geometry": {"type": "Point", "coordinates": [9.0433508, 36.2129063]}, "properties": {"record_id": "oai:u-bordeaux-montaigne.fr:340435", "symbol_class": "well", "pixel_x": 7047.0, "pixel_y": 4910.0, "easting": 422948.2, "northing": 323786.4, "epsg_source": 22391}}, {"type": "Feature", "geometry": {"type": "Point", "coordinates": [9.0506899, 36.2124093]}, "properties": {"record_id": "oai:u-bordeaux-montaigne.fr:340435", "symbol_class": "well", "pixel_x": 7201.0, "pixel_y": 4913.0, "easting": 423607.4, "northing": 323725.5, "epsg_source": 22391}}, {"type": "Feature", "geometry": {"type": "Point", "coordinates": [9.0436702, 36.2126987]}, "properties": {"record_id": "oai:u-bordeaux-montaigne.fr:340435", "symbol_class": "well", "pixel_x": 7054.0, "pixel_y": 4915.0, "easting": 422976.7, "northing": 323763.1, "epsg_source": 22391}}, {"type": "Feature", "geometry": {"type": "Point", "coordinates": [8.9791953, 36.215886]}, "properties": {"record_id": "oai:u-bordeaux-montaigne.fr:340435", "symbol_class": "well", "pixel_x": 5703.0, "pixel_y": 4919.0, "easting": 417184.7, "northing": 324169.5, "epsg_source": 22391}}, {"type": "Feature", "geometry": {"type": "Point", "coordinates": [8.9788974, 36.2157487]}, "properties": {"record_id": "oai:u-bordeaux-montaigne.fr:340435", "symbol_class": "well", "pixel_x": 5697.0, "pixel_y": 4923.0, "easting": 417157.8, "northing": 324154.5, "epsg_source": 22391}}, {"type": "Feature", "geometry": {"type": "Point", "coordinates": [9.0482233, 36.2108581]}, "properties": {"record_id": "oai:u-bordeaux-montaigne.fr:340435", "symbol_class": "well", "pixel_x": 7152.0, "pixel_y": 4957.0, "easting": 423384.2, "northing": 323555.4, "epsg_source": 22391}}, {"type": "Feature", "geometry": {"type": "Point", "coordinates": [9.0479224, 36.2106829]}, "properties": {"record_id": "oai:u-bordeaux-montaigne.fr:340435", "symbol_class": "well", "pixel_x": 7146.0, "pixel_y": 4962.0, "easting": 423357.0, "northing": 323536.2, "epsg_source": 22391}}, {"type": "Feature", "geometry": {"type": "Point", "coordinates": [9.0497548, 36.2095947]}, "properties": {"record_id": "oai:u-bordeaux-montaigne.fr:340435", "symbol_class": "well", "pixel_x": 7186.0, "pixel_y": 4988.0, "easting": 423520.6, "northing": 323414.1, "epsg_source": 22391}}, {"type": "Feature", "geometry": {"type": "Point", "coordinates": [9.0494033, 36.209384]}, "properties": {"record_id": "oai:u-bordeaux-montaigne.fr:340435", "symbol_class": "well", "pixel_x": 7179.0, "pixel_y": 4994.0, "easting": 423488.8, "northing": 323391.0, "epsg_source": 22391}}, {"type": "Feature", "geometry": {"type": "Point", "coordinates": [9.049782, 36.2093261]}, "properties": {"record_id": "oai:u-bordeaux-montaigne.fr:340435", "symbol_class": "well", "pixel_x": 7187.0, "pixel_y": 4995.0, "easting": 423522.8, "northing": 323384.2, "epsg_source": 22391}}, {"type": "Feature", "geometry": {"type": "Point", "coordinates": [9.0673696, 36.2081789]}, "properties": {"record_id": "oai:u-bordeaux-montaigne.fr:340435", "symbol_class": "well", "pixel_x": 7556.0, "pixel_y": 5001.0, "easting": 425102.7, "northing": 323243.3, "epsg_source": 22391}}, {"type": "Feature", "geometry": {"type": "Point", "coordinates": [9.0670209, 36.2080063]}, "properties": {"record_id": "oai:u-bordeaux-montaigne.fr:340435", "symbol_class": "well", "pixel_x": 7549.0, "pixel_y": 5006.0, "easting": 425071.2, "northing": 323224.5, "epsg_source": 22391}}, {"type": "Feature", "geometry": {"type": "Point", "coordinates": [9.0516018, 36.2086967]}, "properties": {"record_id": "oai:u-bordeaux-montaigne.fr:340435", "symbol_class": "well", "pixel_x": 7226.0, "pixel_y": 5009.0, "easting": 423685.8, "northing": 323313.0, "epsg_source": 22391}}, {"type": "Feature", "geometry": {"type": "Point", "coordinates": [9.0730177, 36.2075018]}, "properties": {"record_id": "oai:u-bordeaux-montaigne.fr:340435", "symbol_class": "well", "pixel_x": 7675.0, "pixel_y": 5011.0, "easting": 425609.7, "northing": 323163.9, "epsg_source": 22391}}, {"type": "Feature", "geometry": {"type": "Point", "coordinates": [9.0513934, 36.2084785]}, "properties": {"record_id": "oai:u-bordeaux-montaigne.fr:340435", "symbol_class": "well", "pixel_x": 7222.0, "pixel_y": 5015.0, "easting": 423666.8, "northing": 323289.0, "epsg_source": 22391}}, {"type": "Feature", "geometry": {"type": "Point", "coordinates": [9.0654921, 36.2074371]}, "properties": {"record_id": "oai:u-bordeaux-montaigne.fr:340435", "symbol_class": "well", "pixel_x": 7518.0, "pixel_y": 5023.0, "easting": 424933.2, "northing": 323162.5, "epsg_source": 22391}}, {"type": "Feature", "geometry": {"type": "Point", "coordinates": [9.0526435, 36.207917]}, "properties": {"record_id": "oai:u-bordeaux-montaigne.fr:340435", "symbol_class": "well", "pixel_x": 7249.0, "pixel_y": 5028.0, "easting": 423778.7, "northing": 323225.7, "epsg_source": 22391}}, {"type": "Feature", "geometry": {"type": "Point", "coordinates": [9.0702307, 36.2067694]}, "properties": {"record_id": "oai:u-bordeaux-montaigne.fr:340435", "symbol_class": "well", "pixel_x": 7618.0, "pixel_y": 5034.0, "easting": 425358.5, "northing": 323084.8, "epsg_source": 22391}}, {"type": "Feature", "geometry": {"type": "Point", "coordinates": [9.0759499, 36.2063938]}, "properties": {"record_id": "oai:u-bordeaux-montaigne.fr:340435", "symbol_class": "well", "pixel_x": 7738.0, "pixel_y": 5036.0, "easting": 425872.3, "northing": 323038.8, "epsg_source": 22391}}, {"type": "Feature", "geometry": {"type": "Point", "coordinates": [9.0547135, 36.2074273]}, "properties": {"record_id": "oai:u-bordeaux-montaigne.fr:340435", "symbol_class": "well", "pixel_x": 7293.0, "pixel_y": 5038.0, "easting": 423964.3, "northing": 323169.8, "epsg_source": 22391}}, {"type": "Feature", "geometry": {"type": "Point", "coordinates": [9.0700194, 36.2065132]}, "properties": {"record_id": "oai:u-bordeaux-montaigne.fr:340435", "symbol_class": "well", "pixel_x": 7614.0, "pixel_y": 5041.0, "easting": 425339.3, "northing": 323056.6, "epsg_source": 22391}}, {"type": "Feature", "geometry": {"type": "Point", "coordinates": [9.0763169, 36.2061837]}, "properties": {"record_id": "oai:u-bordeaux-montaigne.fr:340435", "symbol_class": "well", "pixel_x": 7746.0, "pixel_y": 5041.0, "easting": 425905.1, "northing": 323015.2, "epsg_source": 22391}}, {"type": "Feature", "geometry": {"type": "Point", "coordinates": [9.0767404, 36.2060852]}, "properties": {"record_id": "oai:u-bordeaux-montaigne.fr:340435", "symbol_class": "well", "pixel_x": 7755.0, "pixel_y": 5043.0, "easting": 425943.0, "northing": 323004.0, "epsg_source": 22391}}, {"type": "Feature", "geometry": {"type": "Point", "coordinates": [9.0770714, 36.2060297]}, "properties": {"record_id": "oai:u-bordeaux-montaigne.fr:340435", "symbol_class": "well", "pixel_x": 7762.0, "pixel_y": 5044.0, "easting": 425972.7, "northing": 322997.6, "epsg_source": 22391}}, {"type": "Feature", "geometry": {"type": "Point", "coordinates": [9.0778318, 36.2059517]}, "properties": {"record_id": "oai:u-bordeaux-montaigne.fr:340435", "symbol_class": "well", "pixel_x": 7778.0, "pixel_y": 5045.0, "easting": 426041.0, "northing": 322988.3, "epsg_source": 22391}}, {"type": "Feature", "geometry": {"type": "Point", "coordinates": [9.055689, 36.2070328]}, "properties": {"record_id": "oai:u-bordeaux-montaigne.fr:340435", "symbol_class": "well", "pixel_x": 7314.0, "pixel_y": 5047.0, "easting": 424051.6, "northing": 323125.2, "epsg_source": 22391}}, {"type": "Feature", "geometry": {"type": "Point", "coordinates": [9.076675, 36.2058596]}, "properties": {"record_id": "oai:u-bordeaux-montaigne.fr:340435", "symbol_class": "well", "pixel_x": 7754.0, "pixel_y": 5049.0, "easting": 425937.0, "northing": 322979.0, "epsg_source": 22391}}, {"type": "Feature", "geometry": {"type": "Point", "coordinates": [9.0769584, 36.2058065]}, "properties": {"record_id": "oai:u-bordeaux-montaigne.fr:340435", "symbol_class": "well", "pixel_x": 7760.0, "pixel_y": 5050.0, "easting": 425962.4, "northing": 322972.9, "epsg_source": 22391}}, {"type": "Feature", "geometry": {"type": "Point", "coordinates": [9.0777664, 36.2057261]}, "properties": {"record_id": "oai:u-bordeaux-montaigne.fr:340435", "symbol_class": "well", "pixel_x": 7777.0, "pixel_y": 5051.0, "easting": 426034.9, "northing": 322963.3, "epsg_source": 22391}}, {"type": "Feature", "geometry": {"type": "Point", "coordinates": [9.0561515, 36.2068177]}, "properties": {"record_id": "oai:u-bordeaux-montaigne.fr:340435", "symbol_class": "well", "pixel_x": 7324.0, "pixel_y": 5052.0, "easting": 424093.0, "northing": 323101.0, "epsg_source": 22391}}, {"type": "Feature", "geometry": {"type": "Point", "coordinates": [9.0782377, 36.205625]}, "properties": {"record_id": "oai:u-bordeaux-montaigne.fr:340435", "symbol_class": "well", "pixel_x": 7787.0, "pixel_y": 5053.0, "easting": 426077.2, "northing": 322951.8, "epsg_source": 22391}}, {"type": "Feature", "geometry": {"type": "Point", "coordinates": [8.9760852, 36.2108925]}, "properties": {"record_id": "oai:u-bordeaux-montaigne.fr:340435", "symbol_class": "well", "pixel_x": 5646.0, "pixel_y": 5054.0, "easting": 416900.0, "northing": 323618.3, "epsg_source": 22391}}, {"type": "Feature", "geometry": {"type": "Point", "coordinates": [9.0556179, 36.206731]}, "properties": {"record_id": "oai:u-bordeaux-montaigne.fr:340435", "symbol_class": "well", "pixel_x": 7313.0, "pixel_y": 5055.0, "easting": 424044.9, "northing": 323091.8, "epsg_source": 22391}}, {"type": "Feature", "geometry": {"type": "Point", "coordinates": [9.0567512, 36.2065192]}, "properties": {"record_id": "oai:u-bordeaux-montaigne.fr:340435", "symbol_class": "well", "pixel_x": 7337.0, "pixel_y": 5059.0, "easting": 424146.6, "northing": 323067.5, "epsg_source": 22391}}, {"type": "Feature", "geometry": {"type": "Point", "coordinates": [9.0564503, 36.206344]}, "properties": {"record_id": "oai:u-bordeaux-montaigne.fr:340435", "symbol_class": "well", "pixel_x": 7331.0, "pixel_y": 5064.0, "easting": 424119.4, "northing": 323048.3, "epsg_source": 22391}}, {"type": "Feature", "geometry": {"type": "Point", "coordinates": [9.0566207, 36.2060679]}, "properties": {"record_id": "oai:u-bordeaux-montaigne.fr:340435", "symbol_class": "well", "pixel_x": 7335.0, "pixel_y": 5071.0, "easting": 424134.4, "northing": 323017.5, "epsg_source": 22391}}, {"type": "Feature", "geometry": {"type": "Point", "coordinates": [9.0566119, 36.2059538]}, "properties": {"record_id": "oai:u-bordeaux-montaigne.fr:340435", "symbol_class": "well", "pixel_x": 7335.0, "pixel_y": 5074.0, "easting": 424133.5, "northing": 323004.9, "epsg_source": 22391}}, {"type": "Feature", "geometry": {"type": "Point", "coordinates": [9.056455, 36.2051602]}, "properties": {"record_id": "oai:u-bordeaux-montaigne.fr:340435", "symbol_class": "well", "pixel_x": 7333.0, "pixel_y": 5095.0, "easting": 424118.6, "northing": 322917.0, "epsg_source": 22391}}, {"type": "Feature", "geometry": {"type": "Point", "coordinates": [9.0567295, 36.2049932]}, "properties": {"record_id": "oai:u-bordeaux-montaigne.fr:340435", "symbol_class": "well", "pixel_x": 7339.0, "pixel_y": 5099.0, "easting": 424143.2, "northing": 322898.2, "epsg_source": 22391}}, {"type": "Feature", "geometry": {"type": "Point", "coordinates": [9.0594936, 36.2048107]}, "properties": {"record_id": "oai:u-bordeaux-montaigne.fr:340435", "symbol_class": "well", "pixel_x": 7397.0, "pixel_y": 5100.0, "easting": 424391.5, "northing": 322875.8, "epsg_source": 22391}}, {"type": "Feature", "geometry": {"type": "Point", "coordinates": [9.0604867, 36.2046443]}, "properties": {"record_id": "oai:u-bordeaux-montaigne.fr:340435", "symbol_class": "well", "pixel_x": 7418.0, "pixel_y": 5103.0, "easting": 424480.6, "northing": 322856.6, "epsg_source": 22391}}, {"type": "Feature", "geometry": {"type": "Point", "coordinates": [9.0595267, 36.2046181]}, "properties": {"record_id": "oai:u-bordeaux-montaigne.fr:340435", "symbol_class": "well", "pixel_x": 7398.0, "pixel_y": 5105.0, "easting": 424394.3, "northing": 322854.4, "epsg_source": 22391}}, {"type": "Feature", "geometry": {"type": "Point", "coordinates": [9.0610056, 36.2045409]}, "properties": {"record_id": "oai:u-bordeaux-montaigne.fr:340435", "symbol_class": "well", "pixel_x": 7429.0, "pixel_y": 5105.0, "easting": 424527.1, "northing": 322844.7, "epsg_source": 22391}}, {"type": "Feature", "geometry": {"type": "Point", "coordinates": [9.0611965, 36.2045309]}, "properties": {"record_id": "oai:u-bordeaux-montaigne.fr:340435", "symbol_class": "well", "pixel_x": 7433.0, "pixel_y": 5105.0, "easting": 424544.3, "northing": 322843.5, "epsg_source": 22391}}, {"type": "Feature", "geometry": {"type": "Point", "coordinates": [9.0606123, 36.2044087]}, "properties": {"record_id": "oai:u-bordeaux-montaigne.fr:340435", "symbol_class": "well", "pixel_x": 7421.0, "pixel_y": 5109.0, "easting": 424491.6, "northing": 322830.4, "epsg_source": 22391}}, {"type": "Feature", "geometry": {"type": "Point", "coordinates": [9.0611283, 36.2042672]}, "properties": {"record_id": "oai:u-bordeaux-montaigne.fr:340435", "symbol_class": "well", "pixel_x": 7432.0, "pixel_y": 5112.0, "easting": 424537.9, "northing": 322814.3, "epsg_source": 22391}}, {"type": "Feature", "geometry": {"type": "Point", "coordinates": [9.0614145, 36.2042523]}, "properties": {"record_id": "oai:u-bordeaux-montaigne.fr:340435", "symbol_class": "well", "pixel_x": 7438.0, "pixel_y": 5112.0, "easting": 424563.6, "northing": 322812.4, "epsg_source": 22391}}, {"type": "Feature", "geometry": {"type": "Point", "coordinates": [9.0839982, 36.2026889]}, "properties": {"record_id": "oai:u-bordeaux-montaigne.fr:340435", "symbol_class": "well", "pixel_x": 7912.0, "pixel_y": 5122.0, "easting": 426592.3, "northing": 322621.8, "epsg_source": 22391}}, {"type": "Feature", "geometry": {"type": "Point", "coordinates": [9.0839475, 36.2026534]}, "properties": {"record_id": "oai:u-bordeaux-montaigne.fr:340435", "symbol_class": "well", "pixel_x": 7911.0, "pixel_y": 5123.0, "easting": 426587.7, "northing": 322617.9, "epsg_source": 22391}}, {"type": "Feature", "geometry": {"type": "Point", "coordinates": [8.9743302, 36.2079669]}, "properties": {"record_id": "oai:u-bordeaux-montaigne.fr:340435", "symbol_class": "well", "pixel_x": 5614.0, "pixel_y": 5133.0, "easting": 416739.1, "northing": 323295.3, "epsg_source": 22391}}, {"type": "Feature", "geometry": {"type": "Point", "coordinates": [8.9753307, 36.2072664]}, "properties": {"record_id": "oai:u-bordeaux-montaigne.fr:340435", "symbol_class": "well", "pixel_x": 5636.0, "pixel_y": 5150.0, "easting": 416828.3, "northing": 323216.7, "epsg_source": 22391}}, {"type": "Feature", "geometry": {"type": "Point", "coordinates": [9.0842981, 36.2009933]}, "properties": {"record_id": "oai:u-bordeaux-montaigne.fr:340435", "symbol_class": "well", "pixel_x": 7921.0, "pixel_y": 5166.0, "easting": 426617.7, "northing": 322433.5, "epsg_source": 22391}}, {"type": "Feature", "geometry": {"type": "Point", "coordinates": [9.039348, 36.2025775]}, "properties": {"record_id": "oai:u-bordeaux-montaigne.fr:340435", "symbol_class": "well", "pixel_x": 6980.0, "pixel_y": 5186.0, "easting": 422578.3, "northing": 322643.9, "epsg_source": 22391}}, {"type": "Feature", "geometry": {"type": "Point", "coordinates": [9.0856439, 36.1998155]}, "properties": {"record_id": "oai:u-bordeaux-montaigne.fr:340435", "symbol_class": "well", "pixel_x": 7951.0, "pixel_y": 5195.0, "easting": 426737.6, "northing": 322301.8, "epsg_source": 22391}}, {"type": "Feature", "geometry": {"type": "Point", "coordinates": [9.0860197, 36.1997195]}, "properties": {"record_id": "oai:u-bordeaux-montaigne.fr:340435", "symbol_class": "well", "pixel_x": 7959.0, "pixel_y": 5197.0, "easting": 426771.3, "northing": 322290.9, "epsg_source": 22391}}, {"type": "Feature", "geometry": {"type": "Point", "coordinates": [9.085671, 36.1995469]}, "properties": {"record_id": "oai:u-bordeaux-montaigne.fr:340435", "symbol_class": "well", "pixel_x": 7952.0, "pixel_y": 5202.0, "easting": 426739.8, "northing": 322272.0, "epsg_source": 22391}}, {"type": "Feature", "geometry": {"type": "Point", "coordinates": [9.0870733, 36.1984807]}, "properties": {"record_id": "oai:u-bordeaux-montaigne.fr:340435", "symbol_class": "well", "pixel_x": 7983.0, "pixel_y": 5228.0, "easting": 426864.9, "northing": 322152.7, "epsg_source": 22391}}, {"type": "Feature", "geometry": {"type": "Point", "coordinates": [9.0871929, 36.198169]}, "properties": {"record_id": "oai:u-bordeaux-montaigne.fr:340435", "symbol_class": "well", "pixel_x": 7986.0, "pixel_y": 5236.0, "easting": 426875.3, "northing": 322118.0, "epsg_source": 22391}}, {"type": "Feature", "geometry": {"type": "Point", "coordinates": [8.8010077, 36.2101248]}, "properties": {"record_id": "oai:u-bordeaux-montaigne.fr:340435", "symbol_class": "well", "pixel_x": 1992.0, "pixel_y": 5307.0, "easting": 401162.1, "northing": 323696.4, "epsg_source": 22391}}, {"type": "Feature", "geometry": {"type": "Point", "coordinates": [9.0925397, 36.1936124]}, "properties": {"record_id": "oai:u-bordeaux-montaigne.fr:340435", "symbol_class": "well", "pixel_x": 8105.0, "pixel_y": 5348.0, "easting": 427351.8, "northing": 321608.6, "epsg_source": 22391}}, {"type": "Feature", "geometry": {"type": "Point", "coordinates": [8.808463, 36.2079574]}, "properties": {"record_id": "oai:u-bordeaux-montaigne.fr:340435", "symbol_class": "well", "pixel_x": 2151.0, "pixel_y": 5354.0, "easting": 401829.5, "northing": 323448.5, "epsg_source": 22391}}, {"type": "Feature", "geometry": {"type": "Point", "coordinates": [8.8280886, 36.2065142]}, "properties": {"record_id": "oai:u-bordeaux-montaigne.fr:340435", "symbol_class": "well", "pixel_x": 2563.0, "pixel_y": 5366.0, "easting": 403591.8, "northing": 323268.8, "epsg_source": 22391}}, {"type": "Feature", "geometry": {"type": "Point", "coordinates": [9.092943, 36.1926367]}, "properties": {"record_id": "oai:u-bordeaux-montaigne.fr:340435", "symbol_class": "well", "pixel_x": 8115.0, "pixel_y": 5373.0, "easting": 427387.2, "northing": 321500.1, "epsg_source": 22391}}, {"type": "Feature", "geometry": {"type": "Point", "coordinates": [9.0926362, 36.1923856]}, "properties": {"record_id": "oai:u-bordeaux-montaigne.fr:340435", "symbol_class": "well", "pixel_x": 8109.0, "pixel_y": 5380.0, "easting": 427359.4, "northing": 321472.5, "epsg_source": 22391}}, {"type": "Feature", "geometry": {"type": "Point", "coordinates": [9.0926097, 36.1920433]}, "properties": {"record_id": "oai:u-bordeaux-montaigne.fr:340435", "symbol_class": "well", "pixel_x": 8109.0, "pixel_y": 5389.0, "easting": 427356.7, "northing": 321434.5, "epsg_source": 22391}}, {"type": "Feature", "geometry": {"type": "Point", "coordinates": [9.0922882, 36.1916021]}, "properties": {"record_id": "oai:u-bordeaux-montaigne.fr:340435", "symbol_class": "well", "pixel_x": 8103.0, "pixel_y": 5401.0, "easting": 427327.4, "northing": 321385.8, "epsg_source": 22391}}, {"type": "Feature", "geometry": {"type": "Point", "coordinates": [8.8091814, 36.2053638]}, "properties": {"record_id": "oai:u-bordeaux-montaigne.fr:340435", "symbol_class": "well", "pixel_x": 2170.0, "pixel_y": 5421.0, "easting": 401890.8, "northing": 323160.1, "epsg_source": 22391}}, {"type": "Feature", "geometry": {"type": "Point", "coordinates": [9.092638, 36.1905529]}, "properties": {"record_id": "oai:u-bordeaux-montaigne.fr:340435", "symbol_class": "well", "pixel_x": 8112.0, "pixel_y": 5428.0, "easting": 427357.8, "northing": 321269.2, "epsg_source": 22391}}, {"type": "Feature", "geometry": {"type": "Point", "coordinates": [9.0923847, 36.1903753]}, "properties": {"record_id": "oai:u-bordeaux-montaigne.fr:340435", "symbol_class": "well", "pixel_x": 8107.0, "pixel_y": 5433.0, "easting": 427334.9, "northing": 321249.7, "epsg_source": 22391}}, {"type": "Feature", "geometry": {"type": "Point", "coordinates": [8.7745813, 36.1985426]}, "properties": {"record_id": "oai:u-bordeaux-montaigne.fr:340435", "symbol_class": "well", "pixel_x": 1458.0, "pixel_y": 5645.0, "easting": 398771.9, "northing": 322438.9, "epsg_source": 22391}}, {"type": "Feature", "geometry": {"type": "Point", "coordinates": [9.0906011, 36.182184]}, "properties": {"record_id": "oai:u-bordeaux-montaigne.fr:340435", "symbol_class": "well", "pixel_x": 8083.0, "pixel_y": 5650.0, "easting": 427167.0, "northing": 320342.4, "epsg_source": 22391}}, {"type": "Feature", "geometry": {"type": "Point", "coordinates": [9.0529944, 36.1838464]}, "properties": {"record_id": "oai:u-bordeaux-montaigne.fr:340435", "symbol_class": "well", "pixel_x": 7295.0, "pixel_y": 5658.0, "easting": 423787.0, "northing": 320555.6, "epsg_source": 22391}}, {"type": "Feature", "geometry": {"type": "Point", "coordinates": [9.0530187, 36.1835397]}, "properties": {"record_id": "oai:u-bordeaux-montaigne.fr:340435", "symbol_class": "well", "pixel_x": 7296.0, "pixel_y": 5666.0, "easting": 423788.9, "northing": 320521.5, "epsg_source": 22391}}, {"type": "Feature", "geometry": {"type": "Point", "coordinates": [9.0741217, 36.1814824]}, "properties": {"record_id": "oai:u-bordeaux-montaigne.fr:340435", "symbol_class": "well", "pixel_x": 7740.0, "pixel_y": 5691.0, "easting": 425684.5, "northing": 320277.1, "epsg_source": 22391}}, {"type": "Feature", "geometry": {"type": "Point", "coordinates": [8.8255027, 36.1929402]}, "properties": {"record_id": "oai:u-bordeaux-montaigne.fr:340435", "symbol_class": "well", "pixel_x": 2530.0, "pixel_y": 5725.0, "easting": 403342.8, "northing": 321765.8, "epsg_source": 22391}}, {"type": "Feature", "geometry": {"type": "Point", "coordinates": [8.856245, 36.1903603]}, "properties": {"record_id": "oai:u-bordeaux-montaigne.fr:340435", "symbol_class": "well", "pixel_x": 3176.0, "pixel_y": 5752.0, "easting": 406103.6, "northing": 321449.6, "epsg_source": 22391}}]}